white_elo,black_elo,result,time_control,opening_moves
1452,1227,white,480+0,e4 d5 exd5 e6 dxe6 fxe6 Qe2 Qd6 Nf3 Nc6
1796,1876,white,180+0,e4 e5 Nf3 Nc6 d4 exd4 Bc4 Nf6 Ng5 d5
1807,1637,white,300+0,e4 e5 Nf3 d6 d4 exd4 Nxd4 g6 c4 Bg7
1457,1442,white,900+0,e4 d5 exd5 Qxd5 Nc3 Qe6+ Be2 g6 d4 Bg7
1716,1821,black,300+15,d4 Nf6 c4 g6 Nc3 d5 cxd5 Nxd5 e4 Nxc3
1481,1212,white,300+5,e4 e5 Qf3 d6 Bc4 Nf6 h3 a6 c3 b5
1484,1631,black,180+3,e4 c5 Bc4 Nc6 Nf3 e6 Na3 a6 d3 d5
1406,1864,black,300+0,b3 e5 Bb2 d6 e3 Nf6 Be2 Be7 h3 Be6
1658,1384,white,0+1,d3 e6 Bd2 d6 Bc3 c6 Qd2 c5 Qe3 d5
1258,1336,black,300+5,d4 g6 d5 c6 e4 cxd5 exd5 e6 c4 exd5
1567,1657,black,660+11,d4 d5 c4 e6 c5 Nf6 Bg5 Be7 Bxf6 Bxf6
1654,1515,white,0+1,d3 d6 Bd2 e5 Bc3 f5 d4 Be7 dxe5 Bg5
1524,1699,white,240+0,d4 Nf6 Bf4 Nh5 Be5 d6 Bg3 Nxg3 hxg3 Bf5
1786,1662,white,60+0,e4 e6 f4 Be7 Nf3 f6 d4 g6 Bd3 h6
1585,1584,white,240+0,e4 c6 d4 d5 e5 Bf5 Nf3 Bg4 Be2 e6
1887,1666,black,240+0,e4 e5 Nf3 Nc6 Bc4 h6 c3 Nf6 d3 Be7
1485,1557,black,300+5,e4 d6 c3 g6 d4 Bg7 b4 Nf6 Qf3 Bg4
1563,1142,black,900+6,g4 e5 Bg2 d5 h3 Nc6 d3 g5 e4 d4
1479,1356,white,60+2,e4 c5 Bc4 d6 f4 a6 a4 Qa5 Nc3 Bd7
1666,1788,black,600+10,e4 e5 Nf3 Nc6 Bb5 a6 Ba4 b5 Bb3 Nf6
1794,1900,black,60+0,e4 c5 f4 d6 Nf3 Nf6 Bc4 Nc6 e5 dxe5
1661,1833,white,0+1,d3 g6 Bd2 Bg7 Bc3 f5 Bxg7 Nf6 Bxh8 Kf7
1866,1404,white,300+0,d4 e6 e4 a5 Nf3 Bb4+ c3 Bd6 e5 Be7
1492,1426,white,300+3,e4 d6 Bc4 e5 Qf3 Be6 Bxe6 fxe6 Nc3 Qf6
1809,1794,white,60+0,e4 e5 f4 exf4 h4 d5 exd5 Qxd5 Nf3 Bg4
1683,1835,black,240+0,d4 Nf6 Nf3 e6 e3 d5 Be2 Be7 O-O O-O
1582,1235,white,300+1,e4 e5 Nf3 Bc5 Nc3 a6 Nxe5 Bxf2+ Kxf2 Qf6+
1950,1996,black,300+5,c4 b6 Nc3 Bb7 e4 e6 g3 Nf6 Bg2 a6
1522,1292,black,600+8,e4 Nf6 e5 Nd5 Bc4 Nb6 Bb3 Nc6 Qh5 g6
1505,1400,white,300+0,e4 e5 Nc3 Nf6 Nf3 Nc6 Bc4 Bb4 d3 O-O
1785,1817,white,60+0,e4 e5 f4 exf4 h4 d5 exd5 Qxd5 Nf3 Bg4
1361,1457,black,960+6,e4 e5 Nf3 Nc6 Nc3 Nd4 Nxd4 exd4 Nb5 c5
1869,1400,white,300+0,d4 e6 e4 b6 Nf3 a5 Bd3 Bb7 O-O h5
1389,1587,white,120+0,e4 c5 Nf3 d6 d4 cxd4 Nxd4 Nf6 Bc4 Bd7
1625,1508,white,300+2,e4 e5 Bc4 Nf6 Nf3 d6 Ng5 Be6 Bxe6 fxe6
1467,1610,white,120+0,e4 c5 Nf3 d6 Bc4 Nf6 d3 g6 O-O Bg7
1662,1564,draw,660+11,d4 d5 c4 Nf6 Nc3 c6 Bg5 e6 e4 Be7
1313,1231,black,420+0,d4 d5 c4 g6 e3 e6 Nc3 Nf6 Nf3 Bg7
1798,1805,white,60+0,e4 e5 f4 exf4 h4 d5 exd5 Qxd5 Nf3 Nf6
1402,1868,black,300+0,b3 e5 Bb2 d6 e3 Nf6 Nf3 Be7 Qe2 Bg4
1658,1619,white,600+8,e4 e5 Nf3 Nc6 Bb5 Nf6 Bxc6 dxc6 Nxe5 Qe7
1047,1487,black,60+2,e4 e5 Nf3 Nc6 Nc3 Bc5 Nd5 f5 d4 Bxd4
1854,1676,white,240+0,e4 g6 d4 Bg7 Be3 e6 Nc3 Ne7 Nf3 O-O
1809,1847,white,180+0,e4 c5 Nf3 Nc6 d4 cxd4 Nxd4 g6 Be3 Bg7
1541,1680,black,240+0,d4 Nf6 Bf4 Nh5 Bg5 h6 Bh4 g5 Bg3 f5
1246,1278,black,720+0,d4 d5 Nc3 e6 e3 Bb4 Bb5+ c6 Bd3 b5
1678,1526,white,0+1,d3 c5 Bd2 d5 Bc3 e5 Bd2 Nc6 e3 f5
1657,1477,black,180+3,c4 e5 e4 Nf6 Nc3 Bb4 Bd3 Na6 Nge2 Nc5
1709,1783,white,300+8,e4 e5 Nf3 Nc6 d4 exd4 Nxd4 d6 Nc3 Nxd4
1466,1597,black,420+4,d4 d5 c4 c6 Nc3 Nf6 Bg5 Bf5 Bxf6 exf6
1820,1784,white,60+0,e4 e5 f4 exf4 h4 d5 exd5 Qxd5 Nf3 Nf6
1670,1870,black,240+0,d4 Nf6 Nf3 g6 e3 Bg7 Be2 O-O O-O d5
1686,1638,white,180+0,e4 e5 f4 f6 Nf3 Nc6 fxe5 fxe5 d4 d6
1457,1687,white,600+10,d4 e6 c4 d5 a3 c5 Nc3 Nc6 cxd5 exd5
1491,1345,black,300+5,d4 g6 c4 c6 Nc3 e6 Nf3 Nf6 h3 Qa5
1483,1562,black,120+0,e4 c5 c3 d6 d4 cxd4 cxd4 Nf6 Nc3 g6
1685,1639,black,0+1,d3 c5 Bd2 g6 Bc3 Nf6 Bxf6 exf6 c3 Bg7
1830,1774,white,60+0,e4 e5 f4 exf4 h4 d5 exd5 Qxd5 Nf3 Bg4
1500,1585,white,300+3,e4 e5 Bc4 Nf6 Nc3 Nc6 Nf3 Bc5 d3 h6
1764,1676,black,480+0,e4 e5 Nf3 Nc6 Bb5 d6 Bxc6+ bxc6 O-O Be7
1391,1534,black,300+0,e4 e5 Nf3 d6 Nc3 Be7 d4 exd4 Nxd4 Nf6
1376,1490,black,60+2,b4 e5 Bb2 Bxb4 Bxe5 Nf6 g3 O-O Bg2 d6
1883,1664,white,240+0,e4 e5 Nf3 Nc6 Bc4 h6 d4 exd4 Nxd4 Nge7
2076,1673,black,0+1,e4 d5 exd5 Qxd5 Nf3 e6 Be2 Nf6 O-O Bc5
1684,1474,white,1440+0,d4 d5 c4 Nf6 Nc3 Nc6 Nf3 Ne4 cxd5 Nxf2
1422,1630,black,1800+0,e4 e5 Nf3 Nc6 d4 d5 Bg5 f6 Bd2 dxe4
1599,1555,white,240+1,e4 c6 Nf3 d5 e5 Bg4 d4 e6 Nc3 Qc7
1573,1423,white,300+2,e4 e6 Nf3 d6 Nc3 h6 d4 Bd7 Bd3 Nc6
1685,1474,black,300+0,e4 Nc6 d4 e6 Nf3 g6 Nc3 Bg7 Be3 Nge7
1765,1840,white,60+0,e4 e5 Nf3 d6 d4 exd4 Nxd4 Nf6 Nc3 Be7
1625,1281,black,600+8,e4 e5 Bc4 Qh4 d3 Bc5 Qf3 Nh6 Bxh6 Qxh6
1672,1575,white,120+0,d3 c5 Bd2 d6 Bc3 Nd7 Nf3 Ngf6 Ng5 g6
1532,1630,white,240+1,c4 d5 cxd5 Qxd5 Nc3 Qd8 Nf3 Nc6 g3 e5
1415,1579,black,300+2,e4 e5 Bc4 Nf6 d3 Nc6 Bg5 Be7 Ne2 d6
1311,1505,black,600+8,Nf3 d5 Nc3 d4 Nb5 Bd7 Nbxd4 Bg4 e3 Nf6
1305,1469,black,960+6,e4 e5 Nf3 Nf6 Nc3 Nc6 d4 Nxd4 Nxd4 exd4
1355,1439,black,120+15,e4 e5 Nf3 d6 h3 g6 d3 Bg7 c4 c5
1659,1546,white,240+0,d4 d5 Nf3 e6 e3 c5 Be2 Nf6 O-O cxd4
1825,1779,white,60+0,e4 e5 f4 exf4 h4 d5 exd5 Qxd5 Nf3 Nf6
1621,1474,white,480+6,e4 e6 d4 h5 e5 h4 Nf3 Nc6 Bb5 b6
1500,1459,white,420+4,d4 d5 c4 b6 Nf3 dxc4 e4 Bb7 Nc3 Ba6
1708,1829,black,420+3,d4 Nf6 c4 g6 Nc3 d5 Bg5 Ne4 Nxe4 dxe4
1289,1108,black,900+0,d4 d5 h4 Nc6 e3 Nf6 Bb5 Bg4 f3 Bf5
1826,1778,draw,60+0,e4 e5 f4 exf4 h4 d5 exd5 Qxd5 Nf3 Bg4
1690,1749,draw,480+0,e4 e5 Bc4 d6 Nf3 h6 d4 exd4 Nxd4 Nf6
1526,1600,white,300+2,e4 d5 exd5 Qxd5 Nc3 Qa5 d3 c5 Nf3 Bg4
1712,1721,black,300+8,d4 d5 c4 c5 e3 cxd4 exd4 Nf6 Nc3 e6
1514,1500,white,300+3,e4 c5 Bc4 d6 Nf3 a6 Nc3 Bg4 h3 Bh5
1583,1659,white,660+11,d4 Nf6 c4 g6 Nc3 Bg7 g3 O-O Bg2 d6
1706,1862,white,300+0,d4 Nf6 g3 d5 e3 h5 Bg2 h4 Ne2 hxg3
1559,1628,black,180+0,e4 e5 Nf3 Nc6 Bb5 a6 Bxc6 bxc6 O-O d6
1510,1305,white,600+8,Nf3 g6 c3 Bg7 Qb3 b6 g3 Bb7 Ng5 e6
1662,1316,white,240+2,e4 e5 f4 Nc6 Bc4 Nf6 d3 Bc5 Nf3 Ng4
1667,1278,white,240+0,d4 d6 Nf3 Nc6 e3 e5 dxe5 Bg4 Be2 f6
1657,1570,black,120+0,d4 d5 c4 e6 Nc3 Nf6 Nf3 Be7 e3 Nbd7
2051,1694,white,0+1,e4 d5 exd5 Qxd5 d4 e6 Be2 Qd8 Nf3 Nf6
1493,1498,black,600+5,d4 f5 e3 d5 Nf3 Nf6 Bd3 e6 Ne5 Bd6
1651,2055,black,60+0,e4 d6 Nf3 c6 Nc3 g6 d4 Bg7 Bc4 Nf6
1589,1563,black,240+1,e4 c6 Nf3 d5 e5 Bg4 d4 e6 Be2 h6
1604,1500,white,300+4,e4 e5 Nf3 Nc6 Bc4 Nf6 Ng5 Qe7 Bxf7+ Qxf7
1347,1563,black,120+0,b4 d5 Bb2 e6 a3 c6 e3 Nf6 c4 Be7
1386,1268,black,960+6,Nc3 e5 Nf3 Nc6 d4 exd4 Nxd4 Qf6 Ne4 Qxd4
1566,1539,white,300+2,Nf3 Nc6 c4 e5 b4 d6 a3 Be7 e3 Nf6
1982,1797,white,180+1,d4 c6 c4 d6 e4 Nf6 Nc3 h6 Nf3 Bg4
1500,1538,black,600+1,d4 Nf6 f3 d6 e4 e6 g4 Nc6 Bc4 d5
1577,1425,black,60+1,d4 d5 c4 dxc4 e3 b5 Nc3 a6 a4 Bb7
1178,1637,white,180+0,e4 e5 Qh5 Nc6 Bc4 g6 Qf3 Nh6 d3 d6
1747,1692,white,480+0,e4 e5 Nf3 Nc6 Bb5 Nd4 Nxd4 exd4 d3 a6
1846,1814,white,300+0,e4 c5 Nf3 Nc6 d4 cxd4 Nxd4 Nf6 Nc3 d6
1382,1343,black,360+6,e4 e5 Nf3 Nf6 Nc3 c6 b3 d6 d3 Ng4
1700,1796,black,600+10,d4 d5 c4 c6 cxd5 cxd5 Nc3 e6 a3 Nf6
1669,1571,white,240+0,d4 d6 Nf3 g6 e3 Bg7 Be2 Nf6 O-O O-O
1693,1107,white,900+15,e4 e5 Nf3 Nf6 Nxe5 Qe7 d4 Nxe4 Qf3 Ng5
1276,1571,black,240+4,e3 e5 Qf3 Nf6 b3 Nc6 Bb2 Bc5 Nc3 O-O
1702,1410,white,120+2,c4 e6 b3 Nf6 Bb2 Be7 g3 O-O Bg2 c6
1605,1475,black,600+8,e4 e5 Bc4 Nf6 d3 d5
1521,1428,black,300+3,e4 c5 Bc4 e6 Qf3 Nc6 c3 Nf6 Nh3 d5
1588,1557,black,240+1,c4 g6 Nc3 Bg7 a3 Nf6 b4 O-O Bb2 d5
1500,1499,black,60+2,e4 e5 Bc4 f5 Qh5+ g6 Qf3 d6 exf5 gxf5
1470,1154,white,900+0,d4 d5 c4 dxc4 Nc3 Nc6 Nf3 Nf6 h3 Bf5
1513,1791,black,60+10,e4 e5 Nf3 d6 Nc3 Nc6 Bb5 Bd7 d3 Nge7
1508,1324,white,60+2,e4 e5 f4 d5 exd5 Qxd5 fxe5 Qxe5+ Qe2 Qxe2+
1587,1564,black,240+1,d4 d5 Nf3 c6 Nc3 Bg4 Bf4 e6 e3 Bd6
1587,1559,black,240+1,Nf3 d5 g3 Nc6 Bg2 Nf6 O-O e5 a3 Bc5
1682,1818,white,240+0,d4 Nf6 Nf3 d5 e3 Nc6 Nc3 Bg4 Be2 e6
1402,1678,black,240+0,e4 e5 Nf3 Nc6 Bc4 h6 O-O Nf6 d3 Be7
1706,1734,black,120+2,c4 e6 b3 d5 e3 Nf6 Bb2 Be7 Nf3 O-O
1714,1654,black,660+11,d4 d5 Nf3 Nf6 c4 c6 Nc3 e6 e3 Be7
1568,1393,black,300+5,e4 c5 Nf3 Nc6 d4 cxd4 Nxd4 a6 Nc3 e6
1646,1342,white,960+6,e4 e5 f4 exf4 Nf3 Nf6 Bc4 Nxe4 O-O Nd6
1637,1309,white,1800+0,e4 e5 Nf3 Nf6 Nc3 Bc5 Nxe5 Qe7 d4 Bb4
1398,1443,white,60+1,e4 d5 Nc3 dxe4 Nxe4 Nf6 Ng3 b6 Nf3 Bb7
1667,1333,white,300+0,e4 e5 d4 f6 dxe5 fxe5 Qh5+ Ke7 Qxe5+ Kf7
1629,1568,white,480+6,e4 e5 Nf3 d6 Nc3 Bg4 Be2 Bxf3 Bxf3 Nf6
1589,1675,black,600+8,e4 e5 Bc4 Nf6 d3 c6 Bg5 Be7 Nf3 Qc7
1802,1856,black,300+0,e4 e5 Nf3 Nc6 Bb5 a6 Ba4 Nf6 O-O Nxe4
1432,1541,black,60+1,d4 d6 g3 g6 Bg2 Bg7 e3 Nf6 Nf3 O-O
1954,1719,black,420+0,d4 d5 e3 c6 f4 e6 Nf3 Bd6 c3 Nf6
1744,1696,black,120+2,e4 c5 Nf3 e6 d4 cxd4 Nxd4 Nc6 Be3 d5
1282,1336,white,180+0,Nf3 d5 g3 f6 Bg2 d4 O-O e5 e3 e4
1280,1448,white,120+15,d4 d5 Nf3 g6 Bf4 Bg7 Be5 Nf6 e3 O-O
1709,1655,white,660+11,d4 d6 c4 g6 Nc3 Bg7 e4 Nc6 d5 Nb8
1372,1545,black,600+1,e4 e5 Bc4 Nf6 Nc3 d6 d3 h6 Nf3 Bg4
1992,1743,white,180+1,d4 Nf6 c4 g6 Nc3 Bg7 e4 d6 Nf3 O-O
1837,1640,black,1800+0,d4 d5 c4 c6 Nf3 f6 cxd5 Qxd5 Nc3 Qa5
2057,1627,white,0+1,e4 e6 e5 d5 exd6 Qxd6 d4 Qd5 Nf3 Qd8
1326,1670,black,300+0,e4 d5 exd5 e5 Nc3 Nf6 Qe2 Be7 Qxe5 O-O
1494,1575,black,180+3,e4 e5 Bc4 Nf6 Nf3 Nc6 Ng5 d5 exd5 Nxd5
1650,1624,white,600+10,e4 e5 f4 exf4 Nf3 d6 h3 Nc6 Bc4 h6
1698,1866,white,240+0,d4 Nf6 Nf3 d5 e3 Bf5 Bd3 Bxd3 Qxd3 c6
1791,1802,black,300+0,e4 e5 Nf3 Nc6 Bb5 Bc5 c3 d6 O-O Bd7
1326,1477,black,960+6,e4 e5 d4 Qf6 d5 c6 dxc6 Nxc6 f3 d6
1550,1482,black,540+8,d4 d5 c3 e6 e3 Nf6 c4 Ne4 Bd2 c6
1514,1708,black,120+2,d4 d5 e3 Nc6 Bd3 e6 a3 Bd6 c4 b6
1690,1720,black,1200+0,e4 c5 Bc4 Nc6 Nf3 e6 Nc3 Nf6 d3 d5
2064,1499,white,0+1,e4 c5 d4 g6 c3 cxd4 cxd4 d5 e5 Nc6
1609,1423,black,60+1,b4 d5 b5 b6 d4 Nf6 Nd2 Bb7 Ndf3 a5
1487,1485,white,120+0,e4 e5 Nf3 Nc6 Bc4 Bc5 O-O Nf6 Re1 O-O
1625,2059,black,0+1,e4 d6 Bc4 c6 Qf3 e6 d3 Nf6 h3 Be7
1628,1688,black,240+1,e4 d5 exd5 Nf6 Nf3 Nxd5 Bc4 e6 Bxd5 exd5
2061,1624,white,0+1,e4 d5 exd5 Qxd5 d4 Qc6 Nf3 Nf6 Be2 Bf5
1695,1377,black,900+15,e4 c5 d3 Nc6 Nf3 e5 Be2 Be7 Nc3 Nf6
1297,1159,white,180+0,Nf3 g6 g3 Bg7 Bg2 b6 O-O Bb7 e3 e6
1497,1474,black,120+0,d4 d5 e4 dxe4 Nc3 f5 f3 exf3 Nxf3 Nf6
1714,1507,black,120+2,c4 d5 cxd5 Qxd5 Nc3 Qd7 Nf3 Nf6 g3 e6
1475,1500,black,300+1,e4 Nc6 Nf3 d5 d4 dxe4 d5 exf3 dxc6 Qxd1+
1507,1474,white,480+8,e4 e6 Nf3 g6 d4 c5 c3 Qa5 Na3 cxd4
2065,1498,white,0+1,e4 c5 Nf3 g6 d4 cxd4 c3 Nc6 cxd4 d5
1699,1618,white,180+0,e4 c5 Nf3 e6 c3 a6 d4 cxd4 cxd4 Nc6
1275,1567,white,180+5,e4 e5 d3 Nc6 Nf3 Nf6 Bg5 Bc5 Bxf6 Qxf6
1440,1491,black,60+1,d4 Nf6 Nf3 g6 Nc3 Bg7 g3 d5 Bg2 c6
1466,1663,black,300+1,e4 Nc6 Nf3 d5 exd5 Qxd5 Nc3 Qd8 d4 Bg4
1584,1484,white,180+3,e4 e5 Nf3 Nc6 Bc4 Nd4 O-O Nxf3+ Qxf3 Nf6
1622,1708,black,240+1,e4 d5 Nc3 d4 Nd5 e6 Nf4 e5 Nfe2 Bg4
1697,1469,white,120+2,c4 g6 b3 Bg7 d4 d5 Bb2 dxc4 bxc4 Nf6
1491,1660,black,1440+0,e4 c5 Nf3 d6 d4 cxd4 Nxd4 Nc6 Be3 Nxd4
1821,2001,black,180+0,e4 c6 d4 d5 e5 Bf5 c4 e6 cxd5 cxd5
1306,1500,black,180+0,Nf3 d5 g3 c5 Bg2 e6 O-O Qb6 e3 Nc6
1618,1320,white,240+1,e4 e5 Nf3 d5 Nxe5 dxe4 Bc4 Be6 Bxe6 fxe6
1934,1623,white,420+0,d4 Nf6 f4 g6 e3 d5 Nf3 Bg7 Bd3 O-O
1473,1499,white,120+0,d4 d5 e4 e6 e5 c5 c3 Nc6 f4 Nge7
1145,1306,draw,900+0,d4 d5 Nf3 Bf5 Nc3 Nc6 Bf4 Nb4 e4 dxe4
1491,1595,black,240+0,c4 e5 d3 Nf6 e4 Be7 h3 O-O Nc3 Bb4
1683,1762,black,600+10,d4 d5 c4 dxc4 Nc3 Nf6 e4 e6 Bxc4 Be7
1442,1300,white,900+1,d4 Nc6 e3 d5 h3 e5 Bb5 a6 Bxc6+ bxc6
1342,1909,black,180+0,d4 d5 e3 g6 Nf3 Bg7 c4 Nf6 Be2 O-O
1300,1312,white,180+0,Nf3 d5 g3 e6 Bg2 Nf6 O-O Be7 e3 O-O
1783,1889,white,540+0,e4 e5 c4 Nc6 d3 Nf6 h3 Bb4+ Bd2 Qe7
1795,1736,white,300+4,f4 d5 d4 f5 e3 Nf6 Nf3 Be6 Ng5 Bg8
1301,1249,white,900+2,d4 d5 Nc3 c6 e3 Nf6 f3 b5 a3 a5
1409,1552,black,300+5,e4 Nf6 e5 Nd5 Bc4 e6 Nc3 Nb4 d4 c5
1727,1804,black,300+4,d4 d5 Nf3 c6 c3 Bf5 Nbd2 e6 e3 a6
1464,1702,white,120+2,e4 c5 f4 Nc6 Nf3 Qb6 Nc3 Nb4 d3 d6
1428,1481,white,60+1,d4 c6 e3 d5 Nf3 Nf6 Bd3 e6 c4 Bd7
1361,1389,white,180+3,d4 d5 Bf4 Nf6 e3 e6 c4 Nc6 c5 b6
1577,1854,white,60+1,e4 c6 Nf3 d5 exd5 cxd5 d4 Nc6 c3 Nf6
1910,1476,white,180+0,e4 e5 d4 exd4 c3 c5 Bc4 d6 Nf3 Nf6
1739,1573,draw,180+3,e4 c5 Nc3 e6 g3 Nc6 Bg2 a6 d3 b5
1735,1572,black,180+3,e4 e5 Nf3 Nc6 Bc4 Nd4 Nxd4 exd4 d3 a6
1542,1313,white,300+0,e4 e5 Nf3 Nc6 Bc4 Nf6 Ng5 d5 exd5 Nb4
1562,1449,black,360+6,e4 c5 Bc4 Nc6 Nf3 e6 O-O Bd6 Nc3 a6
1598,1835,black,60+1,e4 e5 Nf3 Nc6 d4 exd4 Bc4 Bb4+ c3 dxc3
1558,1509,white,60+10,d4 d5 c4 Nf6 Nc3 dxc4 Nf3 Nc6 e3 Be6
1516,1681,white,480+8,e4 e5 Bc4 Nf6 d3 Nc6 Bg5 Be7 Nc3 d6
1294,1288,white,180+5,e4 f5 exf5 Nf6 f3 Nc6 g4 d6 Bb5 Bd7
1589,1916,black,180+0,e4 c5 Nf3 g6 d4 cxd4 Nxd4 Bg7 Nc3 Nc6
1573,1613,black,240+0,d4 d5 Nf3 e6 c4 Nf6 Nc3 c6 cxd5 cxd5
1845,1588,white,60+1,e4 c5 Nf3 Nc6 Bb5 g6 Bxc6 bxc6 d3 Nf6
1323,1394,white,360+0,Nf3 d6 g3 e5 Bg2 e4 Nd4 d5 d3 Bc5
1801,1746,black,300+8,e4 c5 c3 Nc6 d4 cxd4 cxd4 g6 Bc4 Bg7
1912,1592,white,180+0,e4 e5 d4 exd4 c3 dxc3 Bc4 cxb2 Bxb2 Nc6
1683,1557,white,600+10,e4 e5 Bc4 Nf6 Nf3 d6 Ng5 d5 exd5 Nxd5
1538,1695,black,180+0,d4 d5 Nf3 c5 dxc5 Nc6 e3 e5 c3 Nf6
1710,1656,black,900+0,e4 e5 c4 Nc6 d3 Nf6 Nf3 d6 Na3 a6
1834,1850,black,300+0,e4 e5 Nf3 Nc6 Bb5 a6 Ba4 Nf6 d3 b5
1459,1432,white,300+1,e4 e6 Nf3 c6 d4 d5 exd5 cxd5 Nc3 Bb4
1475,1294,black,60+8,c4 b6 Nc3 Bb7 e4 e6 Nf3 Nf6 d3 Bb4
1313,1278,white,180+0,Nf3 d5 g3 d4 Bg2 Nf6 O-O Ne4 d3 Nc5
1593,1840,black,60+1,e4 c6 Nf3 d5 exd5 cxd5 d4 Nc6 Bd3 Bg4
1500,1541,white,300+8,d4 c5 c3 cxd4 cxd4 Qa5+ Nc3 e6 a3 Nc6
1812,1719,white,300+4,f4 d5 d4 Bf5 e3 Be4 Nf3 f6 Nbd2 Nd7
1603,1619,white,240+0,e4 e5 Nf3 d6 Be2 Nf6 O-O Nxe4 d3 Nf6
1307,1548,black,300+0,e4 e5 Nf3 Nc6 Bc4 Nf6 d4 exd4 Bg5 h6
1464,1547,black,360+6,e4 e5 Bc4 Nc6 Nf3 Nd4 Bxf7+ Kxf7 Nxe5+ Ke8
1500,1517,white,600+10,e4 e5 d4 exd4 Bc4 Nc6 Qh5 g6 Qf3 Ne5
1235,1409,white,60+0,Nf3 e5 e4 Nc6 Bb5 a6 Bxc6 bxc6 Nxe5 Qe7
1554,1302,white,300+0,e4 e5 Nf3 Nc6 Bc4 Nd4 Nxd4 exd4 Qf3 d5
1938,1681,white,420+0,d4 e6 f4 Nf6 e3 d5 Bd3 c5 c3 c4
1420,1297,white,300+5,d4 d5 e3 Nc6 Nf3 Nf6 Bb5 Bd7 Bxc6 Bxc6
1919,1586,white,180+0,e4 e5 d4 exd4 c3 dxc3 Bc4 cxb2 Bxb2 d6
1474,1372,white,600+10,d4 Nf6 Bf4 Nd5 Bg3 e6 e4 Nb6 Nf3 d5
1700,1828,white,900+0,e4 e5 c4 Nc6 d3 Nf6 Nf3 Bc5 h3 d6
1380,1425,black,60+0,d4 d5 Bf4 Bf5 Nf3 Nf6 e3 Be4 Bd3 Bxf3
1860,1480,white,300+0,e4 d5 exd5 Nf6 Nf3 Bg4 h3 Bxf3 Qxf3 Qxd5
1763,1696,white,300+8,e4 e6 d4 d5 Nc3 c5 exd5 exd5 dxc5 d4
1495,1442,white,600+5,d4 a5 a4 h5 h3 e6 c3 d5 Nf3 c6
1559,1402,white,300+5,d4 d5 c4 e6 Nc3 Nf6 cxd5 exd5 Nf3 Bb4
1485,1292,white,120+0,d4 e6 e4 c5 c3 cxd4 cxd4 Bb4+ Nc3 Ne7
1280,1560,black,300+0,e3 d5 c4 Nf6 cxd5 Nxd5 Nc3 e6 Bb5+ Bd7
1711,1820,white,300+4,d4 d5 Nf3 Nc6 e3 Bf5 c3 e6 Nbd2 Nf6
1623,1558,black,240+0,e4 d6 d4 g6 c4 Bg7 Nf3 Nc6 d5 Ne5
1507,1758,black,300+3,e4 c5 Bc4 Nc6 Qh5 e6 c3 Nf6 Qf3 Ne5
1719,1602,white,180+3,e4 e5 Nf3 Nc6 Bc4 Nf6 d4 exd4 O-O Nxe4
1614,1679,black,1200+0,e4 e5 Nf3 Nc6 g3 Nf6 d3 Bc5 Bg5 h6
2067,1502,white,0+1,e4 e5 Nf3 Nf6 Nc3 Nc6 Bc4 Bc5 d3 d6
1392,1619,black,240+1,d4 d5 e3 e6 Bd2 c5 Qf3 cxd4 exd4 Nc6
1600,1783,black,300+8,d4 Nf6 e3 d5 c4 c6 Nc3 Bf5 Qb3 Qb6
1469,1192,white,300+1,e4 e5 Nf3 Nf6 d4 Nxe4 Nxe5 f6 Bd3 fxe5
1613,1398,white,240+1,e4 g6 d4 Bg7 Nf3 b6 d5 Bb7 Nc3 a6
1286,1491,black,120+0,e4 e5 Bc4 Nc6 Nf3 Bc5 c3 a5 d4 Ba7
1551,1922,black,180+0,Nf3 d5 d4 c5 e3 cxd4 Nxd4 e5 Ne2 Nf6
2066,1500,white,0+1,b3 d5 Bb2 e6 e3 Nf6 Be2 Be7 f4 O-O
1814,1715,black,900+0,Nf3 d6 e4 e5 g3 c5 Bg2 Na6 O-O Nc7
2066,1510,white,0+1,e4 b6 Nf3 Bb7 Nc3 Bxe4 Nxe4 Nc6 Ng3 d5
1551,1423,black,300+8,d4 d5 c4 e6 Nc3 dxc4 e3 c5 Bxc4 cxd4
1427,1152,white,300+5,d4 e5 d5 Nf6 Nc3 a6 e4 Bb4 Bd2 d6
1676,1943,black,420+0,e4 g6 c4 Bg7 d4 d6 Nf3 Bg4 Be2 Nf6
1565,1144,white,300+0,e4 e5 Nf3 Nc6 Bc4 Nh6 d4 Nxd4 Bxh6 Nxf3+
1504,1794,black,600+5,d4 d5 a4 Nf6 e3 e6 c3 Be7 Bd3 O-O
1497,1280,white,120+0,d4 e6 e4 c5 c3 cxd4 cxd4 Nc6 f4 Bb4+
1301,1556,black,360+6,e4 e5 Nf3 Nc6 Bc4 Nd4 Nxd4 exd4 Qf3 Qe7
1599,1400,white,-,e4 a6 g3 b5 b3 Bb7 d3 h6 Nf3 f6
1577,1610,white,240+0,d4 d5 Nf3 e6 c4 c6 Nc3 Bb4 e3 Nf6
1806,1725,black,300+4,f4 Nf6 Nf3 d6 d4 e6 c3 Nbd7 h3 Be7
1628,1369,white,60+2,e4 c5 Bc4 d6 Qf3 Nf6 d3 e6 Nc3 Be7
1296,1571,black,420+7,e4 e5 Nf3 d6 Bc4 Bg4 Be2 Nf6 d4 Bxf3
1633,1374,black,240+1,e4 e6 d4 Nf6 e5 Nd5 c4 Nb4 a3 N4c6
1622,1476,white,60+2,d3 d5 e4 dxe4 dxe4 Qxd1+ Kxd1 e5 Nc3 Bc5
1396,1565,black,300+5,e4 b6 Nc3 Nf6 d4 Bb7 f3 e6 Bc4 d5
1484,1690,black,900+0,e4 e5 Nf3 Nc6 Bc4 Nd4 Nc3 Nxf3+ Qxf3 Nf6
1624,1386,white,240+1,e4 e6 d4 d5 Nc3 Qf6 e5 Qf5 Bd3 Qxd3
1549,1824,black,300+8,d4 Nf6 e3 c5 dxc5 e6 b4 a5 c3 axb4
1338,1231,white,180+0,Nf3 d5 g3 c5 Bg2 Nc6 O-O d4 e3 e5
1380,1628,black,240+1,g3 d5 c3 d4 e3 dxc3 Qb3 cxd2+ Nxd2 Nc6
1598,1594,white,240+0,e4 d6 d4 g6 e5 Bg7 exd6 cxd6 Nf3 Nc6
1737,1793,white,300+4,Nf3 c5 Nc3 Nc6 e3 d6 d4 cxd4 exd4 Bg4
1318,1502,black,120+0,d4 d5 Nf3 e6 e3 Bd6 c4 c6 Nc3 f6
1210,1482,draw,480+10,d4 Nf6 c4 e6 Nc3 d5 Bg5 b6 a3 Bb7
1560,1479,white,360+6,e4 Nc6 d4 e5 dxe5 Nxe5 Nf3 Bd6 Bc4 Nxc4
1668,1680,black,900+15,e4 e6 d4 d5 exd5 Qxd5 Nc3 Qd8 Nf3 Bb4
1579,1609,black,240+0,d4 d5 c4 c6 Nc3 e6 Nf3 Nf6 e3 Be7
1474,1223,black,300+1,e4 e5 Nf3 Nc6 d4 exd4 Nxd4 Nxd4 Qxd4 f6
999,1499,black,180+8,d3 d5 d4 Nc6 e3 Nf6 c3 Bf5 Bb5 e6
1263,1623,white,60+2,d4 d5 Nf3 Nf6 e3 c5 c4 e6 cxd5 exd5
1347,1281,black,180+0,Nf3 d5 g3 Nc6 Bg2 e5 d3 Be6 O-O Qd7
1729,1801,black,900+0,e4 e5 c4 Nf6 d3 c5 Na3 Nc6 Nc2 Bd6
1786,1863,black,180+0,e4 e5 Nf3 Nc6 Bc4 Nf6 d3 Be7 c3 O-O
1815,1999,black,180+0,e4 e5 Nf3 Nc6 d4 exd4 Bc4 Be7 c3 d3
1515,1659,draw,0+1,e4 g6 Nf3 Bg7 d4 d6 Bc4 c6 O-O e6
1619,1565,black,240+0,e4 d6 d4 g6 Nf3 Nf6 Nbd2 Bg7 Be2 O-O
1563,1588,black,420+8,d4 d5 c4 Be6 cxd5 Bxd5 Nc3 e6 e4 Bxe4
1655,1519,white,0+1,c3 e5 d4 exd4 cxd4 Nf6 e3 d5 Bc4 dxc4
1692,1338,white,300+15,d4 Nf6 c4 d5 Nc3 c6 cxd5 Nxd5 Nxd5 cxd5
1605,1508,white,120+0,e4 e5 Nf3 Nc6 Nc3 Bc5 Bb5 a6 Bxc6 bxc6
1585,1414,white,-,e4 Nh6 Nc3 d6 d4 Bd7 Nf3 c5 d5 Qa5
1663,1999,black,300+8,d4 Nf6 c4 g6 Nc3 d5 e3 Bg7 b3 O-O
1727,1653,black,180+3,e4 e5 Nf3 Nc6 Bc4 Nf6 d4 exd4 O-O Be7
1499,1765,black,120+0,d4 e6 e4 d5 e5 c5 c3 Qb6 f4 Nc6
2009,1880,white,180+1,d4 Nf6 c4 e6 Nc3 d5 e3 Be7 Nf3 O-O
1769,1495,white,120+0,d4 d5 c4 Nf6 cxd5 Qxd5 Nc3 Qa5 Nf3 e6
1860,1807,white,660+11,e4 c5 d4 cxd4 c3 dxc3 Nxc3 Nc6 Nf3 g6
1582,1397,white,120+3,e4 g6 Nf3 Bg7 Nc3 e6 Bc4 Qe7 O-O Bxc3
1777,1872,black,180+0,e4 e5 Nf3 Nc6 Bc4 Nf6 d3 Be7 c3 O-O
1333,1314,black,180+0,Nf3 b6 g3 Bb7 Bg2 e6 O-O Nf6 e3 Bc5
1662,1749,black,0+1,b3 d5 Bb2 e6 e3 c5 f3 Nc6 g4 Nf6
1320,1371,white,180+0,Nf3 d5 g3 Bf5 Bg2 e6 O-O Bc5 e3 Nc6
1637,1745,white,300+0,e4 e6 d4 d5 e5 c5 Nf3 cxd4 Nxd4 Ne7
1689,1474,white,600+10,e4 e6 d4 d5 e5 Nc6 f4 g6 Nf3 Bh6
1839,1925,black,60+0,e4 e6 f4 d5 exd5 exd5 d4 Nf6 Nf3 Be7
1243,1652,black,300+0,e4 e5 Nf3 Nc6 d4 exd4 Nxd4 Nge7 Nxc6 Nxc6
1334,1474,black,180+0,Nf3 e6 g3 d5 Bg2 c5 O-O Nc6 d3 Be7
1781,1750,white,300+4,f4 Nf6 d4 Nc6 e3 d5 c3 e6 Bd3 Bd6
1653,1757,black,0+1,c3 e6 d4 d5 e3 c5 Bd3 Nc6 Qc2 c4
1671,1684,white,120+2,e4 c5 Nf3 d5 exd5 Qxd5 Nc3 Qd8 d4 cxd4
1834,1930,white,60+0,e4 c5 f4 d6 Nf3 Nf6 Nc3 g6 Bc4 Bg7
1292,1543,black,420+7,e4 c5 Nf3 d6 Bc4 e6 d3 a6 Ng5 b5
1916,1848,white,60+0,e4 e5 Nf3 d6 Nc3 f5 d4 fxe4 Nxe4 exd4
1614,1491,white,120+0,e4 e5 Nf3 Nc6 Nc3 Bc5 Bb5 a6 Bxc6 bxc6
1932,1381,white,60+0,f4 g6 Nf3 Bg7 g3 c6 Bg2 d6 O-O Nf6
1326,1500,white,180+0,Nf3 d5 g3 Nc6 Bg2 e5 d3 f6 O-O Bd6
1335,1530,white,600+10,e4 d5 exd5 Qxd5 Nc3 Qa5 Nf3 Nc6 a3 Nf6
1358,1589,black,180+3,d4 d5 Bf4 Nf6 e3 e6 c4 c6 c5 Bd7
1933,1831,white,60+0,e4 e5 Nf3 d6 Nc3 Bg4 Bc4 Nf6 d3 Nc6
1769,1925,black,180+0,e4 c5 Nf3 g6 d4 cxd4 Qxd4 Nf6 e5 Nc6
1791,1740,black,300+4,e4 d6 d4 e6 Nf3 c6 Nc3 Ne7 Bd3 Nd7
1873,1730,white,300+0,e4 e6 d4 d5 Nc3 Nf6 e5 Nfd7 f4 c5
1809,1720,white,900+0,Nf3 d6 g3 Bg4 Bg2 e5 d3 c5 O-O Nf6
1461,1484,white,180+3,e4 b6 d4 Bb7 d5 c6 Bc4 cxd5 Bxd5 Bxd5
1659,1831,white,300+8,d4 Nf6 c4 c5 d5 e6 Nc3 g6 e4 exd5
1337,1482,white,180+0,Nf3 d5 g3 c5 Bg2 e6 O-O Nc6 d3 Nf6
1823,1941,white,60+0,e4 e5 f4 exf4 h4 Be7 Nf3 d5 exd5 Bg4
2020,1711,white,180+1,d4 d5 c4 Bf5 Nc3 e6 Nf3 Bb4 cxd5 Qxd5
1713,1751,black,180+3,e4 d5 exd5 Qxd5 Nc3 Qd6 d4 Nf6 Bb5+ c6
1483,1622,black,120+0,d4 d5 e4 c5 dxc5 e6 exd5 exd5 b4 Nc6
1350,1239,black,480+0,d4 e6 e4 Nf6 f3 Nc6 e5 Nh5 g4 Bb4+
1266,1481,white,180+3,e4 e5 Nf3 Nc6 Bb5 d6 Bxc6+ bxc6 O-O Be7
1927,1838,white,60+0,e4 e5 Nf3 d6 d4 Bg4 dxe5 Bxf3 Qxf3 dxe5
1483,1384,black,180+1,c4 e6 d3 Nc6 Nc3 Bb4 h3 Bxc3+ bxc3 a6
1465,1363,black,180+3,e4 e5 Bc4 a6 Nf3 b5 Bxf7+ Kxf7 Nxe5+ Ke8
1829,1935,white,60+0,e4 e5 f4 Be7 Nf3 exf4 h4 Nc6 d3 d6
1770,1476,white,120+0,e4 e5 Nf3 Nc6 Bb5 d6 d4 exd4 Nxd4 Bd7
1935,1829,white,60+0,e4 e5 Nf3 d6 d4 Bg4 dxe5 Bxf3 Qxf3 dxe5
1469,1777,black,600+10,d4 d5 c4 Nf6 Nf3 e6 g3 Nc6 b3 Be7
1472,1773,white,120+0,d4 Nf6 Nc3 d5 e4 dxe4 f3 exf3 Nxf3 Bg4
1335,1254,white,480+0,d4 e6 e3 d5 c3 Nf6 f3 g5 g4 Nc6
1822,1942,black,60+0,e4 e5 f4 Be7 Nf3 exf4 h4 Nc6 d3 d5
1594,1654,black,300+0,e4 e5 Nf3 Nc6 Bc4 Bc5 O-O h6 Nc3 d6
1949,1814,white,60+0,e4 e5 Nf3 d6 d4 Bg4 dxe5 Bxf3 Qxf3 Nc6
1814,1949,black,60+0,e4 e5 f4 exf4 h4 Bc5 Nf3 c6 d4 Bb6
1761,1733,black,180+3,Nf3 c5 g3 b6 Bg2 Bb7 O-O Nc6 c4 e6
1763,2088,black,180+0,e4 c5 Nf3 Nc6 d4 cxd4 Nxd4 Nf6 Nc3 a6
1518,1616,white,180+0,d4 d5 e4 c6 Nc3 Nf6 e5 Ng8 f4 Bf5
1682,1498,white,480+0,c4 e5 Nc3 d6 d4 exd4 Qxd4 c5 Qe4+ Be7
1788,1676,black,600+0,d4 Nf6 c4 g6 Nc3 Bg7 e4 d6 f4 Bd7
1752,1778,white,300+4,d4 d5 Nf3 f5 e3 Nf6 Ne5 e6 Nd2 g6
1723,1880,black,300+0,e4 e5 Nc3 Nf6 f4 d5 fxe5 Nxe4 Nxe4 dxe4
1645,1492,black,0+1,c3 e5 Qc2 d5 e3 Nc6 f3 Be6 b3 Bd6
1630,1509,white,0+1,b3 e5 Ba3 Nc6 Bb2
1947,1667,white,420+0,d4 Nf6 f4 c5 e3 cxd4 exd4 Nc6 Nf3 e6
1287,1354,black,420+7,e4 e5 Nf3 Nc6 Bc4 Nf6 Ng5 d5 exd5 Na5
2026,2092,black,180+1,d4 Nf6 c4 e6 Nc3 d5 e3 Be7 Nf3 O-O
1637,1501,white,0+1,e4 e5 d3 d5 exd5 c6 c4 cxd5 cxd5 Qxd5
1651,1486,white,0+1,c3 e5 d4 exd4 cxd4 d5 e3 Nf6 f3 c6
1717,1664,white,300+0,e4 e5 Nc3 Nc6 f4 exf4 Nf3 Bc5 Bc4 d6
1432,1450,white,180+3,e4 e6 d4 d5 Nc3 dxe4 Nxe4 Nf6 Bd3 Nxe4
1637,1501,white,0+1,d4 e5 c3 exd4 cxd4 d5 e3 Nc6 Bd3 Be6
1609,1643,black,900+0,e4 Nf6 f4 Nxe4 f5 d5 Nf3 Bxf5 d3 Nf6
1385,1415,black,120+1,d3 e5 Nc3 Bb4 Bd2 Nf6 a3 Bxc3 Bxc3 d6
1493,1644,black,0+1,d4 e6 e4 d5 f4 dxe4 c4 f5 Nc3 g6
1632,1934,black,60+2,d3 d5 Nc3 Nf6 e4 dxe4 dxe4 Qxd1+ Nxd1 Nxe4
1280,1364,black,600+10,e4 e5 d4 exd4 Nf3 Nc6 Bc4 Bb4+ Bd2 Bxd2+
1654,1300,white,300+0,e4 e5 Bc4 Nc6 Nc3 d6 Nf3 Bg4 h3 Bxf3
1644,1683,black,360+2,d4 d5 c4 c5 dxc5 e6 cxd5 exd5 Nf3 Bxc5
1737,1784,white,540+0,d4 g6 c4 Bg7 Nc3 e6 e4 Nc6 Nf3 Nf6
1651,1486,white,0+1,c3 e5 Qb3 d5 e4 d4 Bc4
1657,1480,white,0+1,b3 e5 Bb2 d5 Bxe5 Nc6 Bb2 Be6 e3 Bd6
1468,1037,white,300+8,e4 e6 d4 Nf6 e5 Nh5 Qxh5 g5 Bxg5
1703,1654,white,180+3,e4 c5 Nc3 d6 g3 Nf6 Bg2 Nc6 d3 g6
1307,1337,white,300+3,e4 e5 Nf3 Nc6 d4 d6 c3 b6 d5 Nce7
1480,1657,white,0+1,d4 e6 e4 d5 exd5 Qxd5 c4 Qd8 Nc3 c6
1767,1763,white,300+4,f4 d5 d4 Nf6 e3 Bg4 Be2 Bxe2 Qxe2 Ne4
1491,1505,white,600+0,e4 e5 Nf3 f6 d3 Ne7 Nc3 d5 exd5 Nxd5
2012,1663,white,180+1,e4 e5 Nf3 Nc6 Bb5 a6 Ba4 Nf6 O-O b5
1493,1505,black,600+0,Nf3 e6 d4 Nf6 g3 b6 Bg2 Bb7 O-O d5
1757,1470,white,300+8,e4 e5 Bc4 Nc6 Nc3 d6 Qh5 Nf6 Qxf7#
1688,1465,white,600+10,e4 c5 Bc4 Nc6 Qf3 Nf6 d4 e5 Bg5 Be7
1817,1745,white,60+0,e4 e5 f4 exf4 h4 d5 exd5 Qxd5 Nf3 Bg4
1753,1777,black,300+4,e4 c5 Nf3 Nc6 c3 e5 Bb5 Nge7 d3 d6
1649,1914,white,60+2,d3 f5 e4 fxe4 dxe4 d6 Nc3 Nf6 Nf3 e5
1807,1755,white,60+0,e4 e5 f4 exf4 h4 d5 exd5 Qxd5 Nf3 Nf6
1374,1478,black,120+1,e4 e6 Nf3 d5 Bd3 Nf6 O-O dxe4 Bb5+ c6
1807,1755,white,60+0,e4 e5 f4 exf4 h4 d5 exd5 Qxd5 Nf3 Nf6
1938,1629,black,60+2,c4 g6 g3 Bg7 Bg2 Nf6 Nf3 O-O O-O e6
1787,1743,draw,300+4,f4 Nc6 d4 d5 e3 Nf6 c3 e6 Bd3 Be7
1584,1648,black,300+1,e4 e5 Nf3 Nc6 Bc4 f5 exf5 Nf6 O-O d5
1517,1483,black,600+0,e4 e5 Nf3 Nf6 d3 d6 Nc3 g6 Bg5 Bg7
1525,1784,white,480+0,e4 c6 Nf3 d5 e5 Bg4 d4 e6 h3 Bh5
2096,1886,white,300+0,d4 Nf6 c4 e6 g3 d5 Nf3 dxc4 Bg2 Nc6
1416,1459,white,600+5,e4 e5 Nf3 Nc6 Bc4 b6 d3 Bc5 Bg5 f6
1952,1809,white,420+0,d4 c5 e3 e6 f4 Nf6 Nf3 Be7 c3 d5
1825,1737,black,60+0,e4 e5 f4 exf4 h4 d5 exd5 Qxd5 Nf3 Bg4
1206,1466,black,600+0,e4 e5 Qh5 Nc6 Bc4 g6 Qf3 Nf6 d3 Nd4
1890,1790,black,300+8,c4 e5 Nc3 Nf6 Nf3 Nc6 g3 Bb4 Bg2 O-O
1319,1270,white,300+3,e4 Nc6 d4 e6 Bb5 Nge7 Nf3 g6 O-O Bg7
1634,1657,white,360+2,d4 d5 c4 c5 dxc5 Qa5+ Nc3 dxc4 Be3 e6
2103,1743,white,300+2,d4 d5 c4 c6 Nf3 e6 g3 Bd6 Bg2 b6
1959,1660,white,420+0,d4 Nf6 f4 c5 e3 cxd4 exd4 d5 Nf3 Bf5
1353,1514,black,180+3,d4 Nf6 Bf4 d5 e3 Nc6 Bb5 Bf5 Nf3 Qd7
1572,1380,white,360+0,e3 e5 d3 d5 Nc3 Bb4 Bd2 Bxc3 Bxc3 Nc6
1460,1372,white,600+10,d4 Nf6 c4 d5 Bf4 dxc4 Nf3 Bd7 e3 g6
1812,1750,white,60+0,e4 e5 f4 exf4 Nf3 d5 exd5 Qxd5 Qe2+ Be6
1503,1495,black,480+0,c3 Nf6 d4 d5 Nf3 g6 e3 Bg7 h3 O-O
1509,1601,black,180+0,d3 e5 Nf3 Nc6 Bd2 Nf6 Bc3 d6 Nbd2 Bg4
2016,1881,white,180+1,d4 Nf6 c4 e6 Nf3 d5 Nc3 Be7 e3 O-O
1431,1481,white,300+5,d4 d5 e3 Nf6 Nf3 e6 Bd3 Bd6 O-O O-O
1744,1786,black,300+4,d4 d5 Nf3 Nc6 e3 Bg4 Nbd2 f6 c3 e6
1587,1513,white,300+0,e4 e5 d4 exd4 c3 Nf6 Bg5 dxc3 Nxc3 Bb4
1657,1731,white,300+2,e4 c5 Nc3 d6 Bc4 Nf6 Nf3 Nc6 d3 g6
1821,1741,white,60+0,e4 e5 f4 exf4 Nf3 g5 h3 Bg7 Nc3 h6
1656,1749,black,240+1,e4 d5 exd5 Qxd5 Nf3 Bg4 Be2 Nc6 Nc3 Qd7
1499,1466,black,0+8,e4 b6 Nf3 Bb7 e5 g6 d4 Bg7 Bd3 e6
1469,1645,black,300+1,c4 c5 d3 Nc6 e4 d6 Nc3 e6 h3 Be7
1490,1551,black,600+1,e4 e5 Nf3 Nc6 d3 d6 Be3 Bg4 Be2 Bxf3
1435,1694,white,1800+29,d4 d5 c4 Nf6 Nc3 Bf5 cxd5 Nxd5 g3 Be4
1274,1506,white,600+0,c4 Nf6 d4 d5 cxd5 Nxd5 f3 Nc6 e4 Ndb4
1726,1610,draw,180+0,e4 e5 Nc3 Nc6 f4 f6 Bc4 Bb4 Nf3 Nge7
1363,1469,white,600+10,e4 c5 Nf3 Nc6 d4 e6 Bc4 d5 Bb5 Bd7
1795,1735,white,300+4,f4 d5 d4 Nd7 e3 Ngf6 Nf3 e6 c3 Ne4
1501,1434,black,60+10,e4 e5 d4 d6 d5 Be7 Nc3 Nf6 Bd3 O-O
1486,1478,white,0+8,e4 b6 Nf3 Bb7 e5 g6 d4 Bg7 Bg5 e6
2106,1670,white,300+2,d4 d5 c4 g6 cxd5 Qxd5 Nc3 Qd8 Nf3 Bg7
1613,1723,white,180+0,e4 e6 Nf3 d5 e5 c6 d4 c5 Bb5+ Nc6
1284,1426,black,600+5,e4 e5 Nf3 Nc6 Bb5 Qf6 Qe2 Bc5 O-O Nd4
1400,1480,black,480+0,d4 g6 e4 Bg7 Nf3 b6 Nc3 Bb7 Bg5 h6
1486,1478,white,0+8,e4 b6 Nf3 Bb7 e5 Nh6 d4 e6 Bg5 Be7
1758,1647,black,240+1,f4 d5 Nf3 Nc6 d4 Bg4 e3 Qd7 Bd3 O-O-O
1829,1733,white,60+0,e4 e5 f4 exf4 Nf3 g5 h3 h6 b3 Bg7
1500,1561,black,600+1,e4 e5 Nf3 Nc6 Bb5 Nge7 Bxc6 Nxc6 O-O Bc5
1528,1817,draw,480+2,e4 c6 d4 d5 Nc3 dxe4 Nxe4 Bf5 Nc3 Nf6
1568,1662,white,300+2,e4 e5 Nf3 Nc6 d4 Nf6 d5 Bb4+ c3 Nxe4
1500,1500,white,300+2,e4 Nc6 Nc3 Nd4 Nf3 Nc6 d4 d5 Nxd5 Nb4
2108,1740,white,300+2,d4 d5 c4 c6 Nf3 e6 g3 Bd6 Bg2 Ne7
1663,1743,white,180+0,e4 d5 exd5 Qxd5 Nf3 Bg4 Be2 Nc6 Nc3 Qd6
1443,1387,white,300+5,d4 d5 e3 Nf6 Nf3 Bg4 h3 Bxf3 Qxf3 h6
1837,1725,black,60+0,e4 e5 f4 exf4 h4 g5 hxg5 Qxg5 Nf3 Qg3+
1347,1468,black,180+3,d4 b5 Bf4 g6 e3 Bg7 Bxb5 Nf6 Nf3 O-O
1628,1504,white,180+0,e4 e5 Nc3 Nf6 Bc4 Bc5 f4 Nxe4 Nxe4 Qh4+
1823,1739,black,60+0,e4 e5 f4 exf4 Nf3 g5 h3 Bg7 Nc3 h6
1437,1322,black,300+2,d4 d5 e3 Nc6 c3 e5 dxe5 Nxe5 e4 Nf6
1610,1752,white,60+0,Nf3 Nf6 d4 d5 c4 e6 Nc3 Be7 e3 O-O
1739,1618,white,60+0,e4 c5 Nf3 d6 d4 Nc6 d5 Ne5 Bb5+ Bd7
1678,1479,white,180+0,e4 e5 Nf3 Nc6 Bc4 Bd6 d3 Nf6 Ng5 O-O
1478,1242,white,300+2,e4 d5 Qf3 dxe4 Qxe4 e6 Qf3 Qf6 Qh5 Bc5
1841,1823,black,60+1,e4 e5 Nf3 d6 d4 exd4 Qxd4 Nf6 Nc3 Bg4
1727,1804,black,300+4,d4 b6 Nf3 Bb7 e3 Nf6 Be2 e6 O-O h5
1218,1349,white,480+10,d4 e6 c4 d5 Nf3 c5 Bg5 Qb6 e3 Qxb2
1956,1849,white,60+1,e4 c6 d4 d5 Nc3 dxe4 Bc4 Nf6 f3 exf3
1337,1579,white,300+2,e4 c6 d4 d5 Bf4 dxe4 Nc3 Bf5 g4 Bg6
1443,1249,white,300+5,d4 d5 e3 e6 Nf3 Bb4+ Bd2 Bd6 Nc3 Bd7
1374,1661,black,300+1,e4 e5 Nf3 Nc6 d3 h6 h3 f5 exf5 Nf6
1626,1737,black,60+0,Nf3 Nf6 d4 e6 c4 d5 Nc3 Be7 e3 O-O
1810,1711,black,60+0,e4 b6 f4 Bb7 e5 e6 Nf3 f5 d4 c5
1489,1304,white,600+0,Nf3 Nf6 d4 d5 g3 Nc6 Bg2 Qd6 O-O e5
1829,1626,white,60+1,e4 d6 Nf3 Nf6 Nc3 e5 d4 exd4 Qxd4 Nc6
1745,1618,white,60+0,e4 c5 Nf3 d6 d4 cxd4 Nxd4 Nf6 Nc3 a6
1565,1333,white,300+2,d4 d5 c4 dxc4 Nc3 c6 a4 Be6 e4 Nf6
1596,1651,black,300+1,e4 e5 d4 exd4 c3 dxc3 Bc4 d6 Qb3 Qe7
1461,1729,black,240+2,e4 d5 Bd3 dxe4 Bxe4 Nf6 d3 Nxe4 dxe4 Qxd1+
1727,1796,black,60+0,g3 e5 Bg2 d5 d3 f5 f4 d4 e3 dxe3
1610,1752,black,60+0,d4 Nf6 c4 e6 Nc3 d5 e3 Be7 Nf3 O-O
1796,1727,white,60+0,e4 b6 f4 Bb7 e5 e6 Nf3 c5 c3 Na6
1683,1683,black,120+2,c4 e5 Nc3 Nf6 g3 Bb4 e3 d6 Nge2 O-O
1868,1617,white,300+2,e4 e5 Nf3 Nc6 Bb5 Nf6 O-O d6 h3 Bd7
1490,1639,black,480+0,d4 b6 e4 Bb7 d5 d6 f3 g6 c4 Bg7
1454,1379,white,600+10,d4 d5 Nf3 Nf6 c4 dxc4 Qa4+ Nc6 Bf4 Bd7
1717,1805,white,60+0,f4 d5 g3 e6 Bg2 f5 d3 Nf6 Nf3 Bd6
1759,1603,white,60+0,e4 c5 Nf3 d6 d4 cxd4 Nxd4 Nf6 Nc3 a6
1654,1599,black,300+7,e4 d5 e5 e6 d4 c5 Nf3 c4 b3 b5
1791,1732,white,60+0,e4 b6 f4 c5 e5 Bb7 Nf3 e6 c3 f6
1596,1765,black,60+0,Nf3 Nf6 d4 d5 c4 e6 Nc3 Be7 e3 O-O
2113,1834,white,60+1,d4 d5 c4 Nf6 cxd5 Nxd5 e4 Nf6 Nc3 e6
1328,1191,white,300+2,d4 d5 Nc3 e6 e4 dxe4 Nxe4 e5 Nf3 exd4
1664,1567,white,600+1,e4 e5 Nf3 Nc6 Bc4 h6 Nc3 d6 d3 Nf6
1574,1628,black,360+20,e4 e5 Nf3 d6 Nc3 Nf6 d4 exd4 Qxd4 Nc6
1482,1536,black,480+0,d4 b6 e4 Bb7 d5 g6 f3 Bg7 Nc3 Nf6
1294,1495,white,600+0,e3 Nf6 Qf3 d5 Nc3 e5 e4 d4 Nd5 Nxd5
1716,1806,black,60+0,f4 f5 g3 Nf6 Bg2 h6 h3 g5 fxg5 hxg5
1722,1800,black,60+0,g3 e5 Bg2 f5 Nh3 d5 f4 e4 d3 Nc6
1771,1590,black,60+0,e4 c5 Nf3 d6 d4 cxd4 Nxd4 e5 Nc3 exd4
1798,1804,white,540+0,e4 e5 Nf3 Nc6 c4 Bc5 Nc3 d6 a3 a6
1335,1528,white,300+2,d4 Nc6 d5 Nb4 c3 Nxa2 Rxa2 e5 e4 Qh4
1809,1713,draw,60+0,e4 b6 f4 c5 e5 Bb7 Nf3 f6 c3 fxe5
1607,1755,black,60+0,Nf3 Nf6 d4 e6 c4 d5 Nc3 Be7 e3 O-O
1694,1693,white,180+3,d4 d5 c4 c5 dxc5 e6 cxd5 exd5 Nc3 Nf6
1571,1601,white,300+2,d4 Nc6 c4 Na5 Nc3 Nxc4 e4 c5 Bxc4 Qa5
1545,1468,white,60+15,g3 d5 Nf3 c6 Bg2 h5 O-O Bf5 b3 Qd7
1606,1589,white,1200+10,e4 e5 Nf3 Nc6 Bb5 a6 Ba4 Nf6 O-O Bc5
1478,1383,white,300+2,e4 e5 d3 Nc6 Nc3 Nf6 Nb5 Nb4 c3 Na6
1733,1449,white,240+2,Nf3 f6 d4 d6 c4 e5 Nc3 Be7 e4 Be6
1605,1757,black,60+0,Nf3 Nf6 d4 e6 c4 d5 Nc3 Be7 e3 O-O
1458,1641,black,300+7,d4 d5 c3 Nc6 Qa4 a6 e3 Qd6 c4 dxc4
1762,1600,draw,60+0,e4 c5 Nf3 d6 d4 cxd4 Nxd4 e5 Nc3 exd4
1581,1350,white,300+2,d4 d5 c4 dxc4 Nc3 c6 a4 Nf6 e4 h6
1806,2118,black,60+0,e4 c5 d4 e6 d5 exd5 exd5 d6 Nf3 Nf6
1814,1830,black,60+0,e4 c6 f4 d5 exd5 cxd5 Nf3 Nc6 d4 Nf6
1608,1776,black,60+0,d4 Nf6 g3 e6 Nf3 d5 Bg2 c5 c4 dxc4
1612,1877,white,300+2,Nf3 Nf6 g3 g6 Bg2 Bg7 O-O O-O c4 c6
1339,1258,black,180+3,d4 Nf6 Bf4 d5 e3 Nc6 Bb5 Bd7 Nf3 h6
1764,1598,black,60+0,e4 c5 Nf3 d6 d4 cxd4 Nxd4 e5 Bb5+ Bd7
1612,1537,black,180+10,d4 d5 c4 dxc4 Nc3 Nf6 e3 e6 a3 a6
1598,1764,black,60+0,g3 Nf6 d4 d5 c4 dxc4 Nc3 c6 Bg5 e6
1559,1672,black,600+1,e4 e5 Nf3 Nc6 Bb5 Nf6 Bxc6 dxc6 d3 Bc5
1536,1463,black,600+10,a4 a5 c3 d5 Nf3 Nc6 Na3 e5 d4 e4
1572,1841,black,120+0,e4 c6 Nf3 d5 exd5 cxd5 d4 Nc6 Bd3 Bg4
1206,1891,black,60+0,e4 d5 e5 c6 d4 Bf5 c3 e6 Nd2 Nd7
1329,1586,black,300+2,e3 e5 Nc3 d5 e4 d4 Nd5 Be6 c4 Nf6
1697,1631,white,300+2,d4 e6 c4 d5 Nc3 Nf6 Nf3 Bb4 e3 O-O
2122,1803,white,60+0,d4 d5 c4 e6 Nf3 c5 cxd5 exd5 g3 Nf6
1770,1614,white,60+0,e4 c5 Nf3 d6 d4 cxd4 Nxd4 Nf6 Nc3 e5
1804,1537,white,60+0,e4 e5 f4 exf4 h4 g5 hxg5 Qxg5 Nf3 Qg3+
1786,1809,white,540+0,e4 e5 Nf3 Nc6 Bc4 Nf6 Ng5 d5 exd5 Na5
1478,1873,black,600+0,Nf3 f5 d4 Nf6 g3 g6 Nfd2 Bg7 e4 fxe4
2126,1532,white,60+0,d4 Nf6 c4 g6 Nc3 Bg7 e4 d6 Nf3 O-O
1782,1601,black,60+0,e4 c5 Nf3 d6 d4 cxd4 Nxd4 Nf6 Nc3 a6
1472,1476,black,480+0,b3 Nf6 Bb2 d5 d3 g6 h3 Bg7 Nd2 O-O
1892,1206,white,60+0,Nf3 h6 g3 e6 Bg2 d5 O-O c6 b3 Bc5
1438,1636,black,180+0,e4 e5 Nf3 Nc6 Bb5 a6 Bxc6 bxc6 Nxe5 Qe7
1743,1585,white,420+5,b3 e5 Bb2 Nc6 e3 d5 Nc3 Nf6 d4 e4
1618,1766,white,60+0,Nf3 Nf6 d4 e6 c4 d5 Nc3 Be7 e3 O-O
1599,1553,white,180+10,d4 d5 c4 dxc4 Nc3 Nf6 a3 a6 e3 Bg4
2111,1606,white,240+0,d4 d5 c4 dxc4 Nf3 e6 g3 Nc6 Bg2 Bb4+
1205,1893,black,60+0,a3 Nf6 d4 d5 e3 Bf5 Nc3 e6 Bd2 c6
1622,1737,black,300+2,Nf3 f5 Nc3 Nf6 d3 d5 Bg5 e6 e4 fxe4
1459,1487,black,600+0,d4 d5 e3 Nf6 f3 g6 g4 Nbd7 b4 e5
1751,1634,draw,60+0,e4 c5 Nf3 d6 d4 cxd4 Nxd4 Nf6 Nc3 a6
1808,1846,black,60+0,e4 c6 f4 d5 e5 Bf5 Nf3 h5 d3 e6
1641,1423,white,180+0,e4 e5 Nc3 Nf6 Bc4 Bb4 f4 Bxc3 bxc3 Nxe4
1345,1540,white,300+2,d4 e5 dxe5 Qe7 f4 f6 Nf3 fxe5 Nxe5 Qh4+
1856,1747,draw,120+0,e4 e5 Nf3 Nc6 Bc4 Nf6 d3 Be7 h3 h6
1529,1901,black,300+8,d4 Nf6 c4 e6 Nc3 b6 e4 Bb7 Bd3 d6
1409,1712,black,180+3,d4 d5 e3 Bf5 a3 e6 b3 c5 c3 Nc6
1745,1614,white,300+2,f4 Nc6 Nf3 d6 d4 Bg4 e3 e5 Bb5 Ne7
1449,1560,black,60+15,d4 f5 d5 Nf6 c4 c6 b3 cxd5 cxd5 b6
1798,2127,black,60+0,e4 c5 f4 e6 Nf3 d5 exd5 exd5 Bb5+ Nc6
1497,1553,white,600+0,Nf3 Nf6 d4 d5 g3 e6 Bg2 e5 Nxe5 Nc6
1853,1750,black,120+0,d4 Nf6 c4 e6 Nc3 d5 e3 Be7 Nf3 O-O
2131,1795,white,60+0,d4 f5 c4 Nf6 g3 e6 Bg2 d6 Nc3 g6
1608,1542,black,180+10,d4 d5 c4 e6 a3 Nf6 Nc3 c5 dxc5 Bxc5
1695,1647,black,180+0,e4 e5 Nf3 Nc6 Bc4 Bc5 c3 f6 d4 Bb6
1685,1413,white,180+3,d4 d5 Bg5 h6 Bh4 g5 Bg3 Bg7 e3 e6
2135,1691,white,60+0,d4 d5 c4 dxc4 Nf3 e6 g3 Nf6 Bg2 Bb4+
1421,1469,white,600+10,e4 e6 c3 c5 f4 Qh4+ g3 Qe7 Na3 f6
1691,2135,black,60+0,e4 c5 Nf3 e6 d4 cxd4 Nxd4 a6 Nc3 Qc7
1126,1500,black,300+8,e4 d5 exd5 Nf6 c4 e6 Qf3 exd5 cxd5 Nxd5
1541,1660,white,180+0,d4 d5 Bf4 c5 dxc5 e6 e3 Bxc5 Bd3 Nc6
1575,2113,black,300+0,e4 c5 Nf3 e6 d4 cxd4 Nxd4 a6 c4 Nf6
1605,1752,black,240+0,e4 d5 exd5 Qxd5 Nc3 Qd6 Nf3 Nf6 Be2 c6
1511,1557,black,300+8,e4 d5 exd5 Nf6 Nc3 Nxd5 Nxd5 Qxd5 Nf3 Bg4
1644,1391,white,180+0,e4 e6 Nf3 d5 e5 c5 d4 Nc6 c3 Qb6
1557,1595,white,180+10,e4 d5 exd5 Qxd5 Nc3 Qd8 Nf3 e6 Bc4 a6
1556,1598,white,240+0,d4 d5 Bf4 e6 e3 Nf6 Bd3 Be7 Nd2 O-O
1499,1573,black,300+0,e4 Nf6 Nc3 d5 exd5 Nxd5 Qf3 Nxc3 Qxc3 Nc6
1638,1459,white,60+0,Nf3 Nc6 d4 d5 c4 e6 Nc3 Nf6 e3 Bb4
1606,1586,black,240+0,Nf3 d5 g3 e6 Bg2 Nf6 O-O Be7 d4 O-O
1527,1526,black,600+7,d4 f5 c4 Nf6 Bf4 b6 Nc3 Bb7 f3 d6
1693,1629,black,120+0,e4 e5 d4 exd4 Nf3 Nc6 Bc4 Bc5 O-O Nge7
1971,1720,white,600+0,e4 c6 d4 d5 Nc3 e6 Nf3 Be7 Bd3 Nd7
1453,1644,black,60+0,Nf3 c5 e4 d6 d4 cxd4 Nxd4 Nf6 Nc3 a6
1590,1211,white,300+5,d3 d5 c3 e5 b3 Be6 a3 Bd6 e3 Nf6
1792,1644,black,60+0,e4 c5 f4 d6 Nf3 Nc6 Bc4 e6 O-O Nf6
1387,1680,black,240+0,e4 e5 Nf3 d6 Bc4 Bg4 O-O Nf6 h3 Bh5
1761,1733,white,180+1,c4 e5 b3 d5 cxd5 Qxd5 Bb2 Bb4 Nc3 Qd6
2137,1643,draw,60+2,d4 e6 c4 Ne7 g3 g6 Bg2 Bg7 Nf3 O-O
1501,1569,white,240+0,d4 d5 c4 dxc4 Nc3 e6 e4 Be7 Bxc4 Nf6
1477,1200,white,600+10,d4 e6 c4 b6 Nf3 Bb7 Nbd2 g6 e4 Nf6
1777,1679,white,60+0,e4 e5 f4 Nc6 Nf3 d5 exd5 Qxd5 fxe5 Nxe5
1777,1679,black,60+0,e4 e5 f4 Nc6 Nf3 d5 exd5 Qxd5 fxe5 Bg4
1777,1679,white,60+0,e4 e5 f4 Nc6 Nf3 d5 exd5 Qxd5 fxe5 Bg4
1583,1431,black,180+10,d4 e6 a3 Ne7 c4 g6 Bg5 Bg7 Nc3 O-O
1785,1694,black,60+0,e4 e5 f4 Nc6 Nf3 d5 exd5 Qxd5 fxe5 Bg4
1231,1431,black,300+5,e4 e6 Nf3 h6 Bb5 a6 Bc4 Qf6 d3 d5
1697,1594,black,240+0,c4 e6 e4 d5 Nc3 Nf6 e5 Nfd7 d4 Bb4
1577,1428,white,240+0,e4 d5 exd5 Qxd5 Nc3 Qe5+ Be2 Nf6 Nf3 Qg5
1597,1874,black,240+0,d4 Nf6 d5 e6 dxe6 fxe6 Nf3 Bc5 g3 O-O
1437,1219,white,300+5,e3 e5 Qf3 Nc6 Bb5 Nf6 Nc3 Nb4 Ba4 c6
1555,1608,white,240+0,d4 e6 Bf4 d5 e3 Nf6 Bd3 b6 Nf3 Bb7
1392,1318,white,480+5,d4 d5 Nc3 Nf6 f3 Nc6 e4 e5 dxe5 Nxe5
1863,1770,white,180+1,e4 c5 d4 cxd4 Nf3 Qa5+ Qd2 Qxd2+ Nbxd2 Nc6
1410,1593,white,240+0,d4 d5 e3 e6 c4 c6 c5 b6 b4 Na6
1443,1419,white,360+0,Nf3 f5 d4 d6 c3 b6 g3 Nc6 Bg2 Nf6
2122,1924,white,180+0,d4 d5 c4 Nc6 cxd5 Qxd5 Nf3 e5 Nc3 Bb4
1705,1569,white,600+0,d4 d5 c4 dxc4 Nc3 e6 Nf3 a6 a4 Bd7
1394,1571,black,900+5,e4 Nf6 Nc3 d6 d4 Nc6 Nf3 Bg4 Be2 g6
1838,1765,black,120+0,e4 e5 Nf3 Nc6 Bc4 Nf6 d3 Be7 O-O O-O
1326,1709,black,120+0,e3 e5 d3 d5 Bd2 Nc6 c3 Nf6 Qc2 Bf5
1594,1568,black,240+0,Nf3 Nf6 g3 g6 Bg2 Bg7 O-O O-O c4 c5
1847,1919,white,180+0,e4 Nc6 b3 e5 Bb2 Nf6 Bb5 Bc5 Bxc6 dxc6
1421,1584,black,240+0,d4 d5 e3 e5 dxe5 Nc6 f4 Nh6 h3 Qh4+
1481,1563,black,600+10,d4 d5 c4 dxc4 Nf3 b5 e4 Bb7 Nbd2 e6
2114,1930,white,180+0,d4 d5 c4 Nc6 cxd5 Qxd5 Nf3 e5 Nc3 Bb4
1580,1547,black,240+0,d4 b5 e4 b4 Bc4 Bb7 d5 c6 c3 a5
1453,1181,white,360+0,Nf3 c5 c3 Nc6 d4 cxd4 cxd4 d5 g3 f6
1183,1686,black,300+8,e3 e5 d3 d5 b3 c5 c4 d4 e4 Nf6
1718,1818,black,60+0,e4 d5 d4 dxe4 Bc4 Nf6 Ne2 Bf5 Ng3 Bg6
1208,1442,white,300+5,e4 e6 Nc3 Qf6 Nf3 Bb4 e5 Qg6 Nb5 Na6
1636,1556,white,240+0,d4 d5 Bg5 Nc6 e3 Bf5 c4 Nf6 Bxf6 exf6
2124,1778,white,60+0,d4 Nf6 c4 e6 Nc3 d5 g3 dxc4 Nf3 c6
1711,1824,white,60+1,e4 c6 d4 d5 exd5 cxd5 Nf3 Nc6 Bd3 Bg4
1240,1526,black,240+0,e4 Nc6 Nf3 e5 d4 exd4 Nxd4 Ne5 f3 a6
1775,2128,black,60+0,e4 c5 Nf3 e6 d4 cxd4 Nxd4 a6 Bd3 Qc7
1378,1609,black,840+0,e4 d5 exd5 Qxd5 Nc3 Qa5 Bb5+ Bd7 Bf1 Nf6
1727,1809,black,60+0,e4 d5 d4 dxe4 Nc3 Nf6 Bc4 Bf5 Bf4 e6
1878,1897,black,240+0,e4 Nc6 Nf3 g6 d4 d5 exd5 Qxd5 Nc3 Qd8
1727,1626,white,540+0,d4 d5 c4 c6 Nc3 Nf6 Nf3 dxc4 a4 a6
1933,1868,white,240+0,e4 e5 Nc3 Nf6 b3 d5 exd5 Nxd5 Bb2 Nc6
1582,1529,white,300+2,Nf3 Nc6 g3 e5 Bg2 Nf6 d3 d6 O-O Be6
1424,1245,white,300+5,e3 e5 Qf3 Nc6 Bb5 Nf6 Nc3 Nb4 Ba4 c6
1762,1548,white,600+0,e4 e5 Nf3 Nc6 Bb5 a6 Bxc6 dxc6 O-O Bd6
1309,1286,black,480+5,e4 e5 Nf3 Nc6 Bc4 Nf6 c3 d5 exd5 Nxd5
1709,1826,white,60+0,e4 d5 exd5 Qxd5 Nc3 Qa5 Nf3 c6 Bc4 e6
1406,1441,white,60+15,d4 d5 Nc3 Nc6 e4 dxe4 Nxe4 f5 Nc3 Nxd4
1405,1529,white,240+0,d4 Nf6 e3 d5 a3 a6 b3 Nc6 Bb2 Bf5
1811,1725,black,60+0,e4 e5 Nf3 Nc6 Bc4 d6 d3 Be6 Bxe6 fxe6
1577,1385,white,900+5,e4 e5 Nf3 Nc6 Nc3 d5 exd5 Nd4 Nxd4 exd4
1202,1401,black,600+0,e4 d5 e5 e6 Qh5 Nc6 c3 g5 Bd3 Nxe5
1500,1538,black,120+0,e4 c6 Nf3 d5 exd5 cxd5 d4 Nf6 Nc3 Bg4
1592,1669,white,240+0,e4 d5 exd5 Qxd5 Nc3 Qe5+ Be2 Bg4 d4 Bxe2
1423,1372,white,900+0,e4 e5 Nf3 Qf6 Bc4 Bc5 O-O d6 h3 Ne7
1409,1374,black,360+0,d4 d6 c4 b6 e4 c5 d5 e6 Nc3 exd5
1543,1571,black,900+0,e4 d5 e5 e6 d4 c5 c3 c4 Qf3 Nh6
1500,1472,white,600+10,Nc3 e6 d4 d5 Nf3 Nc6 Bg5 Be7 e3 Nf6
1623,1604,white,240+0,e4 e5 f4 exf4 d4 g5 Nf3 h6 b3 Nf6
1484,1615,black,840+0,d4 d5 e3 c6 a3 a6 b3 b5 Bb2 Bb7
1512,1494,black,0+1,e4 b6 f4 Bb7 Nf3 e6 c3 Ne7 d4 Ng6
1859,1514,white,180+1,e4 Nc6 Nf3 e5 Bb5 Qf6 c3 Bc5 d4 Bb6
1280,1196,white,600+5,e3 e5 Nf3 Qf6 d4 e4 Ne5 d6 Nc4 d5
1750,1618,white,540+0,e4 e5 Nf3 Nc6 d4 d6 dxe5 Nxe5 Nxe5 dxe5
1190,1511,black,180+0,e4 d5 d3 d4 Nf3 c5 c3 Bg4 h3 Bxf3
1541,1575,white,480+5,e4 e5 Qh5 d6 Bc4 g6 Qf3 Qf6 Qxf6 Nxf6
1595,1656,draw,240+0,e4 e5 Nf3 d6 Bc4 Bg4 h3 Bh5 g4 Bg6
1465,1662,white,600+10,d4 d5 Nf3 e6 Bf4 Bb4+ c3 Be7 g3 Nf6
1623,1477,black,840+0,e4 c5 Bc4 d6 Nf3 h6 O-O e5 d3 Be7
1581,1770,black,180+10,d4 Nf6 a3 e6 c4 c5 dxc5 Bxc5 e3 O-O
1861,1838,white,180+1,e4 c6 d4 d5 Nc3 e6 Nf3 Nd7 Bd3 g6
1441,1776,black,900+0,e4 c5 Nf3 Nc6 d4 cxd4 Nxd4 a6 Nxc6 bxc6
1653,1711,white,60+2,e4 c6 d4 d5 e5 f6 Bd3 fxe5 dxe5 e6
1515,1075,white,120+2,e4 e5 Qh5 Qe7 Bc4 g6 Qf3 Nf6 h3 Qb4
1650,1596,white,240+0,b4 e5 Bb2 d6 b5 c6 a4 a6 c4 axb5
1629,1872,black,300+0,e4 e5 f4 exf4 Nf3 g5 h3 Bg7 Bc4 h6
1371,1445,white,300+8,e4 Nc6 d4 d5 exd5 Qxd5 Nc3 Qxd4 Qxd4 Nxd4
1651,1434,white,1800+8,e4 e5 Bc4 Nh6 Qf3 Qf6 d3 c5 Bxh6 gxh6
1073,1516,black,120+3,e4 Nc6 Qh5 e5 Bc4 Qf6 d3 Bc5 Bg5 Qxf2+
1981,1776,white,300+8,e4 Nf6 Nc3 Nc6 Nf3 d6 h3 e5 a3 Be6
1877,1624,white,300+0,e4 d5 exd5 Nf6 Nf3 Nxd5 d4 Nc6 c4 Ndb4
1624,1877,black,300+0,e4 e5 f4 exf4 Nf3 g5 h4 g4 Ng5 h6
1667,1680,white,60+2,e4 Nf6 Nc3 e5 Nf3 d6 d4 Bg4 dxe5 dxe5
1656,1576,black,1800+8,e4 d5 e5 e6 d4 c5 dxc5 Bxc5 Qd3 Ne7
1247,1429,black,360+5,e4 c5 c3 Nc6 d4 e5 d5 Na5 c4 Nf6
1881,1619,white,300+0,e4 d5 exd5 Qxd5 Nc3 Qa5 d4 Bf5 Nf3 c6
1233,1183,white,300+5,e4 e5 Nc3 Nf6 Bb5 a6 Ba4 c6 Nf3 Ng4
1587,1675,white,240+0,e4 d5 exd5 Qxd5 Nc3 Qe5+ Be2 Bg4 d4 Bxe2
1434,1429,white,300+10,e4 e5 Nc3 d6 Nf3 f6 d4 Bg4 Be3 f5
1326,1478,white,180+3,d4 d5 Bf4 Nf6 e3 Ne4 f3 Nf6 Nc3 Nc6
1615,1885,black,300+0,e4 e5 f4 exf4 Nf3 g5 h4 g4 Ng5 h6
1361,1605,white,840+0,d4 g6 Bf4 Bg7 e3 a6 c4 c6 c5 b6
1519,1500,white,60+0,d4 Nf6 c4 e5 d5 Bc5 Nc3 d6 Bg5 O-O
1793,1518,white,120+3,e3 Nc6 d4 e5 Nf3 e4 Nfd2 d5 c4 Nf6
1890,1611,white,300+0,e4 e5 Nf3 Nc6 Bb5 Nd4 Nxd4 exd4 O-O c6
1280,1423,black,60+10,e4 e6 e5 d5 d4 c5 Nf3 Bd7 Nc3 Nc6
1251,1416,black,300+5,e4 c5 Nf3 e6 Bb5 a6 Bc4 b5 Bd3 Nc6
1641,1600,white,240+0,c4 e5 e4 d6 Nc3 Nc6 a3 Nf6 b4 Be7
1607,1894,black,300+0,e4 e5 f4 exf4 Nf3 g5 h4 g4 Ng5 h6
1784,1776,black,600+0,e4 Nf6 e5 Nd5 Nf3 Nc6 Bb5 d6 Bxc6+ bxc6
1407,1679,white,120+0,e4 e5 Bc4 Nc6 Qh5 Nge7 Qxf7#
1435,1444,black,600+10,e4 c5 Nf3 d6 d4 cxd4 Nxd4 Nf6 Nc3 e5
1660,1427,white,120+0,e4 Nc6 d4 e5 d5 Nce7 c4 Ng6 Nc3 Bc5
1419,1446,black,300+10,d4 d5 e3 Nc6 a3 e5 Nf3 e4 Nfd2 h5
1435,1240,black,360+5,d4 d5 e3 Nf6 Nc3 Ne4 Nxe4 dxe4 d5 c6
1591,1664,black,240+0,e4 e5 Nf3 Nc6 Bc4 Bc5 c3 Nf6 d4 exd4
1608,1527,white,60+0,c4 c5 g3 e6 Bg2 Nf6 Nf3 d5 cxd5 exd5
1898,1603,white,300+0,e4 e5 Nf3 Nc6 Bb5 d6 d4 Bd7 Nc3 exd4
1527,1608,black,60+0,d4 c6 c4 d5 Nc3 e6 g3 Nf6 Bg2 Nbd7
1500,1422,black,60+3,e4 Nc6 Nf3 e5 Bb5 Qf6 Bxc6 dxc6 d4 c5
1489,1665,white,60+0,d4 e6 Nc3 Ne7 e4 g6 f4 Bg7 Bd3 O-O
1906,1797,white,180+0,e4 Nf6 e5 Nd5 c4 Nb6 c5 Nd5 Nc3 d6
1563,1478,white,600+10,f4 d5 d3 Nc6 c3 e5 e3 Bd6 Nf3 Bg4
1675,1518,white,60+0,f4 c5 Nf3 d5 e3 Nc6 Bb5 e6 Bxc6+ bxc6
1674,1585,white,900+0,e3 e6 d4 Nf6 Nf3 d5 c4 dxc4 Bxc4 Bd6
1641,1468,white,1800+8,e4 e5 Bc4 Nf6 d3 Nc6 c3 d6 Bg5 Be7
1647,1431,white,60+1,e4 Nc6 Nf3 e5 d4 exd4 Nxd4 Ne5 f4 Bc5
1518,1675,black,60+0,d4 c6 c4 d5 Nc3 e6 Nf3 dxc4 Bf4 b5
1273,1239,white,60+10,e4 e6 e5 Qg5 Nf3 Qf4 d4 Qe4+ Be2 Bb4+
1789,1914,black,180+0,e4 Nc6 f4 e5 Nf3 Bc5 d3 d6 fxe5 dxe5
1162,1659,white,300+5,e4 e5 Nf3 Nc6 Bb5 Bc5 Bxc6 dxc6 Nc3 Nf6
1553,1416,white,600+5,e4 e5 Qh5 Nc6 Bc4 g6 Qf3 Nf6 c3 Bc5
1684,1582,black,240+0,d4 d6 e4 a6 c4 Nc6 f4 Nf6 Nc3 e5
1362,1380,white,60+0,e4 g6 Nf3 Bg7 Bc4 c6 d4 d6 e5 Qc7
1717,1511,white,60+0,f4 d6 e4 c5 Nf3 Nc6 Bc4 g6 Nc3 Bg7
1464,1585,black,840+0,e4 c5 Nf3 a6 d4 cxd4 Nxd4 d6 Nc3 Nf6
1221,1283,black,60+10,e4 e5 Qh5 Nc6 Nf3 Nf6 Qf5 d5 Qg5 h6
1922,1782,black,180+0,e4 Nf6 e5 Nd5 c4 Nb6 c5 Nd5 Nc3 e6
1716,1641,black,0+1,b3 g6 Bb2 f6 d3 Bg7 e4 e6 f4 Qe7
1426,1772,black,0+3,Nf3 Nf6 Nc3 d5 e4 dxe4 Bc4 Bf5 Nd4 Bg6
1654,1505,white,60+0,c3 b6 d4 Bb7 f3 g6 g3 Bg7 Bg2 e6
1596,1654,white,240+0,e4 e5 Nf3 Qf6 Nc3 c6 Bc4 b5 Bb3 a5
1514,1568,black,240+0,e4 e5 Bc4 Be7 Nc3 Nf6 d3 O-O Be3 c6
1421,1532,black,180+3,d4 e5 c3 Nc6 e3 exd4 cxd4 Bd6 a3 Nf6
1342,1453,white,180+3,d4 e6 Bf4 Nf6 e3 Nc6 c4 d6 Nc3 Bd7
1293,1205,white,60+10,e4 e6 e5 Nc6 d4 Nb4 Nc3 d5 a3 Na6
1661,1498,white,0+1,g3 b6 Bg2 c6 b3 d5 Bb2 e6 d3 Bd6
1681,1906,white,180+0,e4 Nc6 Nf3 e5 d4 exd4 Nxd4 Bc5 Be3 Qf6
1667,1492,draw,0+1,c3 b6 d4 Bb7 f3 g6 e4 f6 b3 e6
1594,1451,white,840+0,e4 e5 Bc4 Nc6 Nf3 Na5 Bxf7+ Kxf7 Nxe5+ Ke7
1578,1504,black,240+0,d4 d5 Bf4 Nc6 e3 a6 Bd3 Nf6 Nd2 Bg4
1469,1840,black,600+10,d4 d5 Bf4 Bf5 Nf3 Nf6 Nc3 a6 g3 e6
1917,1797,black,180+3,e4 Nf6 Nc3 e5 Nf3 Nc6 Bb5 Bc5 O-O O-O
1628,1608,white,240+0,f4 e6 Nf3 Be7 e4 Bh4+ g3 Be7 d4 Nc6
1642,1438,draw,300+5,e4 d5 exd5 Qxd5 Nc3 Qd8 Nf3 Nf6 d4 Nc6
1497,1771,black,60+0,d4 f5 Nc3 Nf6 Nf3 e6 Bg5 g6 Ne5 Bg7
1775,1493,white,60+0,e4 b6 f4 Bb7 e5 c5 Nf3 d6 d3 dxe5
1357,1413,black,180+3,d4 d5 Bf4 h6 h4 e6 e3 Be7 g3 a6
1662,1496,white,0+1,c3 c6 d4 g6 f3 Bg7 e4 d5 e5 c5
1699,1889,white,180+0,e4 Nc6 b3 e5 Bb2 Bc5 Nc3 d6 Nf3 Nf6
1577,1439,black,1200+0,e4 e5 Nf3 Nc6 Bc4 Na5 Nxe5 Nxc4 Nxc4 d5
1789,1510,white,1200+1,d4 d5 Nc3 Nf6 Nf3 g6 Bf4 Bg7 e3 O-O
1489,1779,black,60+0,d4 f5 e4 fxe4 Nc3 Nf6 Bc4 d5 Be2 e6
1782,1486,white,60+0,e4 b6 f4 Bb7 e5 g6 Nf3 Bg7 d4 d6
1490,1395,white,60+2,d4 d5 c4 Nc6 Nc3 dxc4 d5 Na5 e4 Nf6
1769,1813,white,540+0,d4 d5 c4 e6 Nc3 Nf6 Nf3 dxc4 Bg5 Be7
1564,1648,black,240+0,d4 d5 Bf4 Bf5 e3 e6 Bd3 Be4 Bxe4 dxe4
1482,1786,black,60+0,d4 f5 Nc3 Nf6 Nf3 e6 Bg5 g6 Ne5 Bg7
1373,1498,black,60+2,g3 c6 Bg2 d5 Nf3 Bf5 O-O Nf6 c3 e6
1191,1301,white,60+10,e3 e5 Nc3 Nc6 Bb5 Nf6 d4 e4 f3 d5
1505,1356,white,60+2,f3 e5 e4 Nf6 Ne2 Bc5 c3 Nc6 d4 exd4
1775,1478,black,60+0,e4 b6 d4 Bb7 Bd3 c5 c3 cxd4 cxd4 Nc6
1419,1601,draw,840+0,d4 d5 Nc3 c6 e4 dxe4 Nxe4 Bf5 Nc3 e6
1466,1489,black,600+10,d4 d5 Nf3 c6 Bf4 h6 c4 e6 Nc3 Be7
1340,1512,black,60+2,e3 c6 Nf3 d5 g3 Bg4 Bg2 Nf6 O-O Nbd7
1409,1541,black,60+15,d4 d5 e3 Nc6 c3 Nf6 f3 Bf5 g4 Bg6
1643,1661,white,300+5,e4 d5 exd5 Qxd5 Nc3 Qa5 Be2 c6 Nf3 e6
1498,1756,white,60+0,d4 Nf6 Nc3 d5 e3 Bf5 b3 e6 Bb2 c6
1585,1901,black,180+3,d4 Nf6 Nc3 d5 Nf3 c6
1287,1215,black,60+10,e4 e6 e5 Nc6 Nf3 d5 exd6 Qxd6 d4 Qb4+
1493,1784,black,300+8,d4 d5 e3 c6 a3 Nf6 b3 Bf5 Bb2 e6
1367,1518,black,60+0,f4 c6 Nf3 d5 e3 Bg4 Be2 e6 O-O Nd7
1667,1506,white,1200+1,e4 e5 Nf3 d6 d4 Qe7 Bg5 f6 Be3 exd4
1901,1871,black,240+0,e4 e5 Nf3 Nc6 Bb5 d6 d4 exd4 Nxd4 Bd7
1297,1390,black,480+5,e4 d6 Nf3 f6 Nc3 a6 d4 Nc6 Bc4 e6
1883,1889,black,240+0,e4 e5 d4 exd4 Nf3 Nc6 Bc4 Bc5 O-O Nf6
1558,1905,white,180+3,d4 Nf6 c4 g6 Nc3 d5 cxd5 Nxd5 Nxd5 Qxd5
1431,1499,black,300+8,Nf3 d5 d4 e5 dxe5 Be7 Bf4 Nd7 Nc3 c6
1853,1402,white,60+15,d4 d5 Bf4 e6 Nf3 h6 e3 g5 Bg3 Bd6
1696,1444,white,180+0,d4 e5 dxe5 Nc6 Nf3 Qe7 Nc3 Nxe5 e4 Nxf3+
2016,1706,white,300+8,e4 e5 Nf3 Nc6 d4 d6 d5 Nce7 h3 c6
1900,1872,white,240+0,e4 e5 Nf3 Nc6 Bb5 d6 d4 exd4 Nxd4 Bd7
1563,1714,white,300+15,e4 c5 Qf3 e6 Nh3 Nf6 e5 Nd5 c4 Nb4
1347,1467,black,180+3,d4 e6 Bf4 b6 e3 Bb7 f3 Nf6 Nh3 h6
1399,1288,white,480+5,e4 e5 f4 d6 Nf3 d5 Bd3 dxe4 Bxe4 Nf6
1595,1560,white,300+1,d4 d5 Bf4 Nf6 Nf3 Bf5 e3 e6 Bd3 Bxd3
1236,1273,white,60+10,e4 e5 Nf3 Nc6 Bb5 d6 d3 a6 Ba4 b5
1737,1739,black,120+0,e4 e5 Nf3 f5 Nxe5 Nf6 exf5 d6 Nf3 Bxf5
1649,1655,draw,300+5,e4 e5 Nf3 Nc6 d4 exd4 Nxd4 Bc5 Nxc6 bxc6
1617,1595,white,840+0,d4 d5 c4 Bg4 f3 Bh5 Nc3 c6 cxd5 cxd5
1525,1359,white,60+0,d4 g6 c4 Bg7 Nc3 c6 e4 d6 f3 Nf6
1261,1254,white,60+10,e4 e5 d4 Qh4 Nc3 exd4 Qxd4 d6 Nf3 Qg4
1352,1531,black,60+0,f4 c6 Nf3 d5 e3 Bg4 Be2 e6 h3 Nd7
1422,1559,black,300+8,Nf3 d5 d4 Nc6 Nc3 Nf6 e3 Bg4 Ne5 Bxd1
1422,1559,black,300+8,Nf3 d5 Nc3 Nf6 d4 Nc6 e3 Bg4 Bb5 Qd6
1537,1345,black,60+0,d4 g6 c4 Bg7 Nc3 c6 e4 d6 Be3 Qc7
1488,1618,black,60+10,e4 e6 Nf3 c6 Nc3 d5 Bd3 Nf6 b3 Be7
1340,1423,black,180+3,d4 d5 Bf4 e6 e3 h6 c4 c6 h4 Nf6
1488,1618,black,60+10,e4 e6 Nf3 c6 Nc3 d5 Bc4 dxc4
1560,1637,white,60+10,e4 c5 Nf3 Nc6 d4 cxd4 Nxd4 d6 Bb5 a6
1364,1520,white,60+0,f4 d5 Nf3 Bg4 e3 Nf6 Be2 Ne4 O-O Nc6
1630,1404,white,900+0,e4 e5 d3 Nf6 Nc3 d5 Nxd5 Nxd5 exd5 Qxd5
2037,1861,black,300+8,e4 e6 d4 d5 e5 c5 Nf3 Qb6 c3 Nc6
1698,1580,black,300+15,e4 d5 exd5 Qxd5 Nc3 Qd8 d4 Nf6 Bg5 Nd5
1504,1381,white,60+0,d4 g6 c4 Bg7 Nc3 c6 e4 d6 Be3 Nf6
1460,1647,black,300+10,d4 b6 c4 d5 Nc3 e6 Nf3 Nc6 e4 dxc4
1911,1887,white,180+3,e4 e5 Nf3 Nc6 Bb5 a6 Ba4 Nf6 O-O Be7
1571,1653,white,300+7,d4 b6 c4 d5 e3 Ba6 Nd2 e6 cxd5 Bxf1
1610,1662,black,300+3,e4 e6 Nf3 d5 e5 c5 d4 Nc6 c3 Bd7
1238,1272,black,60+10,e4 e5 Qh5 Nc6 Nf3 Qe7 Nc3 Nf6 Qh3 d5
1373,1512,white,60+0,f4 c6 Nf3 d5 e3 Bg4 Be2 Bxf3 Bxf3 Nf6
1774,1818,black,180+0,e4 c5 Nf3 Nc6 c3 e5 d4 d6 d5 Nce7
1963,1688,black,420+0,d4 d5 e3 c6 f4 Nf6 Nf3 Ne4 Nbd2 Bf5
1450,1454,black,180+0,d4 d6 c4 g6 Nc3 Bg7 Nf3 Nf6 e3 O-O
1453,1584,black,840+0,d4 d5 c4 Bg4 Nc3 c6 h3 Bh5 g4 Bg6
1705,1394,black,60+0,e4 g6 c4 Bg7 d4 d6 f4 c6 Nf3 Nf6
1624,1501,white,60+10,d4 d5 c4 c6 Nc3 e6 g3 Nf6 cxd5 exd5
1415,1580,black,300+8,Nf3 d5 d4 Nc6 Nc3 Nf6 e3 Bg4 Be2 e6
1596,1682,black,300+15,e4 c5 Qh5 Nf6 Qe2 d6 d3 Nc6 Bg5 h6
1496,1390,draw,60+0,d4 g6 c4 Bg7 Nc3 Nf6 e4 c6 e5 Nh5
1671,1578,black,300+3,e4 e5 f4 d6 Nf3 f5 Ng5 g6 d3 h6
1504,1380,white,360+0,e4 e5 Nf3 Nc6 Bb5 d6 Nc3 Bd7 d3 Nf6
1680,1725,black,0+1,d3 g6 Bd2 Bg7 Bc3 Bxc3+ Nxc3 d5 Qd2 Nf6
1639,1099,white,300+7,e4 Nc6 d4 Nf6 d5 Na5 b4 Nc6 dxc6 bxc6
1580,1651,black,600+0,d4 d5 c4 e6 e3 Nf6 Nf3 Be7 Nc3 b6
1511,1666,black,360+0,d4 d5 Bf4 c5 Nf3 Nc6 dxc5 f6 Nc3 e5
1396,1414,black,900+10,e4 b6 d4 Bb7 d5 Nf6 Nc3 e6 Bc4 exd5
1670,1735,black,0+1,d3 g6 Bd2 Bg7 Bc3 Bxc3+ Nxc3 Nf6 Qd2 O-O
1649,1654,white,180+5,d4 d5 c4 Nf6 Nc3 e6 Bg5 Bb4 e3 O-O
1408,1597,white,300+8,Nf3 d5 d4 Nc6 Nc3 Bg4 Ne5 Nxe5 dxe5 g6
1661,1745,white,0+1,Nc3 g6 d3 Bg7 Bd2 d5 Be3 d4 Ne4 dxe3
1283,1415,white,60+0,d4 g6 e3 Bg7 a3 c6 b3 Nf6 Bb2 d6
1282,1432,black,60+10,e4 c5 d4 cxd4 Qxd4 d6 Nc3 e5 Bb5+ Nd7
1745,1661,white,0+1,e4 Nf6 Nc3 e6 e5 Nd5 Nxd5 exd5 d4 Qe7
1397,1087,white,0+6,d4 Nf6 c4 Nc6 Nc3 e5 d5 e4 e3 d6
1400,1439,white,0+6,d4 d5 c4 e6 Nc3 c6 Nf3 h6 e3 Nf6
1732,1591,black,300+2,e4 c6 d4 d5 Nc3 e6 f4 f5 exf5 exf5
1621,1657,white,300+3,e4 e6 d4 d5 e5 c5 c3 Nc6 Nf3 Bd7
1715,1640,white,300+7,e3 e5 d3 d5 Nf3 Nc6 h3 Bc5 Be2 h5
1686,1750,white,120+0,e4 e5 c4 Nc6 Nc3 Bc5 d3 d6 h3 f5
1675,1731,black,0+1,Nc3 g6 d3 Bg7 Bg5 d5 Qd2 d4 Ne4 h6
1957,1655,black,300+8,e4 c5 Nf3 Nc6 c3 e6 a3 d5 e5 c4
1740,1666,white,0+1,e4 Nf6 Nc3 e6 d4 Bb4 e5 Bxc3+ bxc3 Nd5
1666,1740,white,0+1,d3 e5 Bd2 Nf6 Bc3 d6 Qd2 Nc6 b3 Be7
1699,1737,white,120+0,e4 e5 c4 Nc6 Nc3 Bc5 d3 d6 h3 f5
2053,1707,white,420+0,e4 e5 Nf3 Nc6 d4 exd4 Bb5 Bc5 O-O a6
1633,1632,black,60+10,d4 d5 Bf4 c5 e3 Nc6 c3 Bf5 Bd3 Qd7
1504,1608,black,360+0,e4 c6 Nf3 d5 e5 Bg4 h3 Bh5 g4 Bg6
1500,1398,black,60+0,e4 g6 Nf3 Bg7 d4 c6 Bd3 d6 Be3 Nf6
1922,1875,black,180+3,e4 e5 Nf3 Nc6 Bb5 g6 d4 Bg7 Bxc6 dxc6
1724,1712,white,120+0,e4 c5 d4 cxd4 Nf3 Nc6 Bc4 e5 O-O d6
1592,1444,white,840+0,e4 c5 Bc4 Nc6 d3 d6 Nf3 Be6 Bxe6 fxe6
2005,1585,white,480+2,e4 e5 Nf3 d6 d4 Bg4 dxe5 Bxf3 Qxf3 dxe5
1722,1660,white,300+5,d4 d5 c4 c6 Nc3 Nf6 Nf3 e6 Bg5 Be7
1408,1267,black,60+0,f4 e6 Nf3 d5 e3 Be7 Be2 Nf6 O-O O-O
1629,1631,white,300+7,d4 b6 c4 d5 Nc3 Be6 e3 a5 Nf3 f6
2057,1610,white,420+0,e4 e6 Nf3 c6 b3 d5 e5 c5 Bb2 Nc6
1554,1425,white,300+8,e4 Nc6 d4 d5 e5 Bf5 Nf3 Nb4 Bd3 Be4
1666,1554,white,240+3,e4 e5 Nf3 d6 Nc3 h6 Bc4 Nf6 h3 Be7
1735,1701,white,120+0,e4 d5 d4 dxe4 Nc3 Nf6 Bc4 e6 Nge2 Bb4
1056,1275,black,60+10,Nf3 Nc6 Nc3 e5 e4 Nf6 d3 d5 Qd2 d4
1687,1660,white,600+0,e4 c5 Nf3 Nc6 d4 cxd4 Nxd4 g6 Be3 Bg7
1161,1425,black,900+10,e4 b6 a4 Bb7 Bc4 Bxe4 Qh5 d5 Nh3 dxc4
1236,1294,white,420+0,e4 e5 Nf3 Nc6 Bb5 Nd4 Nxd4 exd4 d3 a6
1441,1395,black,60+0,e4 g6 Nf3 Bg7 Bc4 c6 Ng5 d5 exd5 cxd5
1657,1749,white,0+1,d3 g6 Bd2 Bg7 Bc3 Bxc3+ Nxc3 Nf6 Qd2 d5
1749,1657,black,0+1,e4 e6 e5 Be7 d4 d6 exd6 Bxd6 c4 Qf6
1534,1357,draw,600+8,e4 e5 Nf3 Nc6 d4 d6 d5 Nd4 c3 Nxf3+
1737,1735,white,60+0,e4 e5 Nf3 Nc6 Bb5 a6 Ba4 Nf6 O-O Nxe4
1691,1745,black,120+0,e4 e5 c4 f5 Nc3 fxe4 Nxe4 Nf6 d3 Nxe4
1762,1714,black,60+0,e4 e5 Nf3 Nc6 Bb5 a6 Ba4 Nf6 O-O Nxe4
1598,1607,black,300+2,e4 e6 Nf3 c6 Nc3 d5 e5 c5 Ne2 Qb6
1424,1480,white,60+10,d4 d5 c4 Nf6 Nc3 dxc4 Bg5 Nc6 Nf3 h6
1281,1251,black,420+0,d4 d5 e3 Nc6 b3 e5 Bb2 exd4 Bxd4 Nxd4
1724,1750,black,60+0,e4 Nf6 e5 Nd5 d4 d6 Nf3 g6 c4 Nb6
1034,1407,black,60+0,Nf3 g6 Nc3 Bg7 d4 c6 e4 d6 e5 Nf6
1509,1280,white,60+10,Nf3 Nc6 g3 e5 e4 Nf6 d3 d5 Qe2 d4
1755,1682,white,120+0,e4 c5 d4 cxd4 Nf3 Nc6 Bc4 d6 O-O e6
1626,2059,black,420+0,e4 e6 d4 b6 Nc3 Bb4 Bd2 Bxc3 Bxc3 Bb7
1378,1622,black,480+0,e4 c5 Nf3 Nc6 d4 e6 d5 exd5 Qxd5 Nf6
1413,1520,black,300+2,d4 b5 e4 Bb7 Bxb5 Bxe4 Qg4 Nf6 Qg3 e6
1814,1202,white,180+0,d4 d5 c4 Nf6 Nc3 e6 Bg5 Bb4 e3 Bxc3+
1371,1587,black,480+0,e4 e5 Nf3 d6 Bc4 Bg4 h3 Nf6 hxg4 Nxe4
1726,1748,white,60+0,e4 e5 Nf3 f5 Nxe5 fxe4 d4 Nf6 Bc4 d5
1673,1764,white,120+0,e4 e5 d4 f5 dxe5 fxe4 Nc3 Qe7 Bf4 c6
1264,1287,white,420+0,e4 c5 Nf3 g6 d4 cxd4 Qxd4 Nc6 Qxh8 Nf6
1474,1479,white,180+9,e4 c5 d4 cxd4 Qxd4 Nc6 Qd1 d6 Nc3 Nf6
1943,1617,black,420+0,d4 Nf6 f4 d5 e3 Bg4 Be2 Qd7 Nf3 Nc6
1628,1588,white,300+2,d4 d6 Bf4 Nc6 Nf3 Nf6 e3 a6 Nbd2 g6
1734,1738,black,60+0,e4 e5 Nf3 Nc6 Bb5 a6 Ba4 Nf6 O-O Nxe4
1674,1599,draw,840+0,e4 c5 d3 d6 Qf3 Nf6 Nc3 Nc6 Nd5 Nxd5
1592,1363,black,480+0,e4 e5 Qh5 Nc6 Nf3 Nf6 Qh4 Be7 Nc3 d5
1227,1768,black,180+0,e4 c5 a4 d6 a5 a6 d4 cxd4 Qxd4 Nc6
1749,1721,white,60+0,e4 c5 Nf3 d6 d4 cxd4 Nxd4 Nf6 Nc3 g6
1365,1417,black,600+10,e4 Nc6 d3 d6 h3 Nf6 a3 d5 exd5 Qxd5
1750,1687,black,120+0,e4 d5 d4 dxe4 Nc3 f5 Bc4 Nf6 Bg5 e6
1721,1749,black,60+0,e4 e5 Nf3 Nc6 Bb5 a6 Bxc6 dxc6 O-O f6
2069,1410,white,60+0,e4 g6 Nf3 Bg7 d4 c6 Nc3 d6 Bd3 Nf6
1718,1201,white,300+5,e4 Nc6 Bc4 d6 Qh5 g6 Qf3 Nf6 c3 Ne5
1775,1655,white,180+0,d4 d5 c4 e6 Nc3 Nf6 Bg5 Be7 e3 Nc6
1759,1710,white,60+0,e4 c5 Nf3 d6 d4 cxd4 Nxd4 Nf6 Nc3 Nc6
2070,1833,white,0+1,e4 e5 Nf3 Nc6 Bc4 d6 c3 Bg4 h3 Bh5
1276,1233,black,420+0,e4 c5 Nf3 Nc6 d4 cxd4 Nxd4 Ne5 Nc3 Nf6
1642,1601,white,840+0,e4 c5 Nf3 d6 d4 cxd4 Nxd4 a6 g4 e5
1636,1807,black,180+0,e4 c5 Nf3 g6 d4 cxd4 Nxd4 Bg7 Be3 d6
1699,1737,white,120+0,e4 e5 d4 exd4 f4 Nc6 Bd3 Bc5 Nf3 d6
1785,1680,white,60+0,e4 c5 Nf3 d6 d4 cxd4 Nxd4 Nf6 Nc3 Nc6
1589,1610,white,180+10,d4 d5 c4 c6 Nc3 e6 a3 Nf6 c5 a5
1699,1768,black,60+0,e4 e5 Nf3 Nc6 Bb5 a6 Ba4 Nf6 O-O Nxe4
1768,1699,white,60+0,e4 c5 Nf3 d6 d4 cxd4 Nxd4 Nf6 Nc3 Nc6
1409,1415,white,60+0,f4 d5 Nf3 c5 e3 Nc6 Be2 Bf5 O-O e6
1866,1929,white,300+8,e4 e6 e5 d5 d4 c6 c3 c5 Nf3 Qb6
1829,1963,white,60+0,e4 e5 Nf3 f5 Nc3 Nc6 exf5 Nf6 Bc4 d5
1689,1777,black,60+0,d4 Nf6 c4 e6 Nc3 d5 Nf3 Be7 e3 O-O
1500,1550,white,1200+1,Nf3 Nf6 g3 Nc6 Bg2 e5 e4 d6 c3 Bg4
1725,1711,draw,120+0,e4 d5 exd5 Nf6 Nc3 Nxd5 Nf3 Nxc3 dxc3 Qxd1+
1391,1422,white,60+0,d4 g6 c4 Bg7 Nc3 d6 Bd2 c6 e3 Nf6
1949,1844,black,60+0,e4 e5 Nf3 Nc6 Nc3 Nf6 Nxe5 Nxe5 d4 Ng6
1671,1793,black,60+0,e4 e5 Nf3 Nc6 Bb5 a6 Ba4 Nf6 O-O Nxe4
1583,1448,black,1200+10,d4 Nf6 c4 d5 Nc3 Bf5 e3 e6 Bd2 c5
1408,1335,black,60+0,f4 c5 Nf3 d5 e3 e6 Be2 Bd6 O-O Nf6
1800,1663,black,60+0,e4 c5 Nf3 d6 d4 cxd4 Nxd4 Nf6 Nc3 g6
1858,1935,black,60+0,e4 e5 Nf3 f5 Nc3 Nc6 exf5 Nf6 Bb5 d5
1573,1427,white,300+15,e4 d5 Bc4 dxe4 Nc3 Nf6 Qe2 Bf5 h3 Be6
1420,1280,white,300+8,Nf3 d5 d4 Nc6 e3 Nf6 Be2 Bf5 O-O e6
1507,1546,white,360+0,d4 d5 Bf4 e6 e3 h6 Nc3 Nf6 Nb5 Be7
1513,1534,black,1200+1,Nf3 Nf6 g3 Nc6 Bg2 e5 e4 Bc5 c3 d6
1184,1621,black,300+5,e4 c5 Nf3 d5 exd5 Qxd5 Nc3 Qd8 d4 e6
1679,1785,black,60+0,e4 e5 Nf3 Nc6 Bb5 a6 Ba4 Nf6 Nc3 b5
1712,1724,black,120+0,e4 e5 d4 exd4 f4 Nc6 Bd3 Bc5 Nf3 d5
1215,1590,white,840+0,d4 d5 c4 c6 Nc3 Bg4 Nf3 Bxf3 exf3 e6
1496,1478,white,360+0,d4 d5 Bf4 Nc6 e3 Bf5 a3 a6 Nc3 Nf6
1944,1849,white,60+0,e4 e5 Nf3 Nc6 Nc3 Nf6 Nxe5 Nxe5 d4 Ng6
1785,1679,white,60+0,e4 Nf6 e5 Nd5 d4 e6 Nf3 Be7 Be2 O-O
1841,1951,white,60+0,e4 e5 Nf3 f5 Nc3 Nc6 exf5 Nf6 Bb5 d5
1331,1440,white,180+3,d4 e6 Bf4 Nc6 e3 f6 Nf3 g5 Bg3 h5
1735,1701,black,120+0,e4 d5 exd5 Nf6 Nf3 Nxd5 Bc4 e6 O-O Be7
1671,1793,black,60+0,e4 e5 f4 Nc6 Nf3 exf4 Bc4 g5 O-O Bg7
1938,1856,black,60+0,e4 e5 Nf3 Nc6 Nc3 Nf6 Nxe5 Nxe5 d4 Ng6
1600,1752,black,180+10,d4 g6 c4 Bg7 Bg5 b6 Nc3 Bb7 a3 c5
1390,1421,black,480+0,e4 d6 d4 e5 d5 Nf6 Nc3 Bg4 Be2 Bd7
1264,1275,white,60+10,e4 e5 Nf3 Nc6 d4 f6 d5 Nd4 Nxd4 exd4
1800,1663,white,60+0,e4 c5 Nf3 d6 d4 cxd4 Nxd4 Nf6 Nc3 Nc6
1869,1925,black,60+0,e4 e5 Nf3 f5 Nc3 Nc6 exf5 Nf6 Bb5 d5
1655,1807,white,60+0,e4 e5 f4 exf4 Nf3 g5 Bc4 Bg7 O-O h6
1713,1723,white,120+0,e4 e5 c4 Nc6 Nc3 Bc5 d3 Nge7 Be3 Bxe3
1807,1655,black,60+0,e4 c5 Nf3 d6 d4 cxd4 Nxd4 Nf6 Nc3 Nc6
1652,1575,white,840+0,e4 Nc6 Nf3 d6 Bb5 Bd7 O-O a6 Ba4 b5
1498,1276,white,300+0,d4 d5 Bf4 Nc6 e3 e5 dxe5 Qe7 c4 Nxe5
1810,1373,white,120+0,e4 e5 Nf3 Nc6 Bc4 Bc5 Nc3 Nf6 O-O O-O
1934,1860,black,60+0,e4 e5 Nc3 Nc6 Nf3 Nf6 Nxe5 Nxe5 d4 Ng6
1095,1273,black,480+5,e4 e5 Nf3 Nc6 Nc3 Nf6 d3 d5 exd5 Nxd5
1503,1361,black,300+0,d4 d5 Bf4 e6 e3 Nf6 Nf3 Bd6 Bxd6 Qxd6
1672,1792,white,60+0,e4 e5 f4 Nc6 Nf3 exf4 Bc4 g5 O-O Bg7
1589,1594,black,600+5,d4 d5 c4 dxc4 Qa4+ Nc6 e3 e6 Bxc4 Bd7
1873,1921,white,60+0,e4 e5 Nf3 f5 Nc3 Nc6 exf5 Nf6 Bb5 d5
1831,1454,white,180+0,d4 d5 c4 dxc4 Nc3 Nc6 Nf3 Bg4 d5 Bxf3
1534,1520,white,360+0,e4 e5 d3 Nf6 h3 h6 Be2 c6 Nf3 Na6
1337,1320,white,480+5,e4 d5 Nc3 dxe4 Nxe4 e6 Bb5+ c6 Ba4 b5
1811,1698,white,300+0,d4 f5 c4 Nf6 Bg5 e6 Nf3 Be7 e3 O-O
1777,1688,black,60+0,e4 c5 Nf3 d6 d4 cxd4 Nxd4 Nf6 Nc3 g6
1605,1717,white,180+10,d4 f5 c4 b6 Nc3 Bb7 a3 Nf6 e3 d6
1909,1886,black,60+0,e4 e5 Nf3 Nc6 Nc3 Nf6 Nxe5 Nxe5 d4 Ng6
1849,1444,white,180+0,d4 d5 c4 dxc4 Nc3 Nc6 Nf3 Nf6 e4 Bg4
1702,1764,white,60+0,e4 e5 f4 exf4 Nf3 g5 d4 Bg7 Bc4 d6
1449,1840,black,180+0,e4 c5 Nc3 d6 Bc4 Nc6 Nf3 g6 Ng5 e6
1719,1507,white,300+5,e4 e5 Bc4 Nc6 Nc3 Nf6 Nge2 Bc5 O-O O-O
1897,1898,black,60+0,e4 e5 Nf3 f5 exf5 Nc6 Bb5 Nf6 Nc3 Bb4
1671,1500,white,0+1,Nc3 e6 d3 Ne7 Bg5 Ng6 Bxd8 Be7 Bxe7 Nxe7
1547,1502,white,1200+1,e4 e5 Nf3 d6 Nc3 g6 Bc4 h6 d3 Bg7
1690,1819,white,300+0,d4 d5 f4 Bf5 Nf3 e6 e3 Nf6 Bd3 Bxd3
1728,1740,white,60+0,e4 c5 Nf3 d6 d4 cxd4 Nxd4 Nf6 Nc3 g6
1736,1421,white,600+4,e4 e5 d4 Qh4 Nc3 Bb4 Nf3 Qxe4+ Be2 exd4
1751,1716,black,60+0,e4 c5 Nf3 d6 d4 cxd4 Nxd4 Nf6 Nc3 a6
1392,1204,white,120+0,e4 h6 Nf3 d6 d4 e6 Bd3 a6 O-O Be7
1908,1886,black,60+0,e4 e5 Nc3 Nc6 Nf3 Nf6 Nxe5 Nxe5 d4 Ng6
1729,1739,white,60+0,e4 e5 f4 exf4 Nf3 g5 Bc4 Bg7 Bxf7+ Kxf7
1676,1740,black,0+1,d3 e6 Bd2 d5 Bc3 c5 Bd2 d4 c3 c4
1418,1568,black,300+8,e4 c5 Bc4 Nc6 Nf3 e6 Nc3 d5 exd5 Na5
1346,1500,white,180+3,d4 d5 Bf4 Nf6 e3 b6 Nf3 c5 c4 Bf5
1457,1500,black,300+10,e4 e5 Bc4 Bc5 Qf3 Nf6 d3 h6 g4 O-O
1026,1039,draw,300+5,d4 e6 e4 d5 e5 f6 Qh5+ g6 Bb5+ c6
1898,1897,draw,60+0,e4 e5 Nf3 f5 Nc3 Nc6 Bb5 Nf6 exf5 Bd6
1279,1346,black,480+5,e4 e5 Nf3 Nc6 Bc4 Nf6 d3 d5 exd5 Nxd5
1729,1739,white,60+0,e4 e5 f4 exf4 Nf3 g5 Bc4 Bg7 O-O h6
1463,1168,white,120+0,e4 c5 Nf3 d6 Bc4 h6 Nc3 e5 O-O Nf6
1264,1467,black,60+10,e4 d5 exd5 Qxd5 d4 Nc6 Nf3 Nf6 Nc3 Qa5
1509,1545,white,360+0,d4 d5 Bf4 e6 e3 h6 Nf3 Nf6 Nc3 Be7
1909,1872,black,180+0,e4 Nc6 Nf3 e5 Bb5 f5 Nc3 fxe4 Nxe4 d5
1887,1908,black,60+0,e4 e5 Nf3 f5 Nc3 Nf6 exf5 Nc6 Bb5 d6
1501,1724,white,120+0,e4 c5 Nf3 Nc6 Bc4 e6 O-O a6 a3 b5
1500,1652,black,300+5,d4 d5 c4 c6 Nc3 Bf5 a3 a5 Bg5 h6
1897,1898,white,60+0,e4 e5 Nf3 Nc6 Nc3 Nf6 Nxe5 Nxe5 d4 Ng6
1673,1654,white,240+3,e4 c6 Nf3 d5 e5 h6 Nc3 Bf5 d4 e6
1502,1725,black,300+5,f4 d5 Nf3 Nf6 e3 e6 Be2 c5 a3 Nc6
2076,1668,white,0+1,e4 c6 Nf3 d5 exd5
1660,1449,white,300+6,e4 c5 Nc3 Nc6 g3 e5 Bg2 d6 d3 Nf6
1355,1511,black,600+10,e4 c5 d3 Nc6 Nc3 d6 Nf3 g6 h3 Bg7
1644,1692,white,180+3,g3 c6 c4 d5 e3 dxc4 Bxc4 e6 Nf3 Nd7
1803,1705,white,300+0,d4 f5 Nf3 Nf6 Bg5 e6 c4 c6 Ne5 d5
2079,1728,white,0+1,e4 g6 Nf3 Bg7 d4 Nc6 Nc3 d5 e5 e6
1273,1515,white,300+5,e3 d5 a3 e5 b4 e4 Bb2 f6 d3 f5
1585,1575,white,720+5,e4 e5 Nf3 d6 h3 f5 exf5 Bxf5 Bc4 Nf6
1885,1896,white,180+0,e4 e5 Nf3 Nc6 Bb5 a6 Ba4 Nf6 O-O Nxe4
1297,1405,white,300+0,e4 c5 Bc4 Nc6 c3 d6 d4 e6 d5 Ne5
1667,1710,white,0+1,d3 d6 Bd2 e6 Bc3 f6 Qd2 e5 b3 c5
1812,1884,draw,300+0,d4 Nf6 c4 e6 Nc3 d5 Bg5 Be7 e3 h6
1681,1696,black,0+1,d3 d6 Bd2 b6 Bc3 Bb7 e3 Nd7 f3 f6
1575,1585,white,720+5,d4 d5 e3 c6 Nf3 Nf6 c4 dxc4 Bxc4 Bg4
1411,1565,black,840+0,e4 d5 e5 f6 exf6 Nxf6 Nf3 Bg4 Be2 Nc6
1679,1698,black,0+1,d3 d6 Bd2 f6 Bc3 e6 e3 Be7 f3 c6
1472,1231,white,60+10,e4 d6 Nc3 Nf6 d4 Bg4 f3 Bc8 d5 c6
1731,1532,black,300+5,e4 e5 Bc4 d6 Qh5 Nh6 d3 Bg4 Bxf7+ Kd7
1457,1657,white,420+7,e4 e5 Bc4 Nf6 d3 Nc6 c3 d6 Bg5 Be7
1669,1708,white,0+1,d3 d6 Bd2 g6 Bc3 f6 g4 Bg7 g5 e5
1716,1657,white,60+1,c4 c5 Nc3 d6 g3 Nc6 Bg2 g6 d3 Bg7
1648,1590,white,120+0,e4 e5 Nf3 d6 Bc4 Bg4 Nc3 Nf6 O-O Be7
1662,1574,white,300+8,e4 e5 Nf3 f5 exf5 d5 d4 Bxf5 dxe5 Bc5
1173,1477,black,60+10,a4 d5 Ra3 e6 c3 Bxa3 bxa3 Nc6 a5 Bd7
1292,1149,white,300+5,e3 c5 a3 Qa5 Ne2 Nc6 Nbc3 c4 b4 Qe5
1671,1707,white,0+1,d3 d6 Bd2 e6 Bc3 f6 e3 Ne7 Be2 Ng6
1685,1964,white,120+0,e4 Nf6 Nc3 d5 e5 d4 exf6 dxc3 fxe7 cxd2+
1258,1376,black,60+10,e4 c6 d4 d5 e5 Bf5 Nf3 e6 Bd3 Bxd3
1960,1711,white,120+0,d4 e6 Nf3 Ne7 c4 Ng6 Nc3 Be7 e4 O-O
1612,1725,white,60+1,b4 c5 bxc5 Nc6 d4 g6 d5 Nb8 Nf3 Bg7
1683,1695,white,0+1,d3 d6 Bd2 g6 Bc3 f6 f3 Bg7 g4 e5
1920,1619,white,300+8,e4 d5 exd5 Qxd5 Nc3 Qd8 h3 Nf6 Nf3 h6
1680,1656,white,180+3,e4 c6 f4 d5 e5 Bf5 Nf3 h6 c3 e6
1694,1684,white,0+1,d3 d6 Bd2 b6 Bc3 Bb7 e3 Nd7 d4 c5
1752,1942,draw,900+5,d4 d5 Nf3 Nf6 c4 e6 Nc3 c6 Bg5 Be7
1428,1404,white,900+3,e4 c5 c3 Nc6 Nf3 Nf6 Bc4 Nxe4 d3 Nf6
1704,1674,white,0+1,d3 d6 Bd2 e5 Bc3 c5 e3 Nc6 Bd2 f5
1563,1554,white,180+0,d4 d5 Nc3 Nc6 Bf4 Nf6 Nb5 e5 dxe5 Nd7
1481,1137,white,60+10,e4 e5 Nf3 Qf6 Nc3 Bc5 Bc4 Na6 O-O h5
1882,1814,white,300+0,e4 c5 Nf3 e6 d4 cxd4 Nxd4 Bc5 Nb3 Bb6
1714,1668,black,0+1,d3 g6 Bd2 Bg7 Bc3 Bxc3+ Nxc3 f6 Qd2 e5
1559,1503,black,300+8,e4 e5 f4 Bc5 Nf3 d6 c3 b6 b4 Bf2+
1598,1531,white,360+2,e4 e5 Nf3 Nc6 Bc4 h6 d4 Qf6 d5 Nb8
1473,1697,white,120+2,e4 e5 Bc4 Nf6 Qf3 Nc6 c3 d6 h3 Be7
1785,1664,white,120+0,e4 c5 Nf3 Nc6 Bc4 e6 O-O Nf6 d3 d5
1750,1786,black,60+0,e4 e6 d4 Ne7 Nf3 Ng6 Bg5 Be7 Bxe7 Qxe7
1815,1666,white,180+0,d4 d5 c4 e6 Nc3 Nf6 Bg5 Be7 e3 O-O
1350,1450,white,600+0,e4 e5 a3 Qf6 Nf3 Bc5 b4 Bd4 c3 d6
1643,1500,black,300+3,e4 e5 Nf3 Nc6 Bb5 Nd4 Nxd4 exd4 d3 h6
1111,1484,black,60+10,e4 d5 exd5 Qxd5 g3 Qxh1 Nh3 Qxh2 Qf3 Bxh3
1702,1657,white,0+1,e3 d6 Bd3 g6 Qf3 Bg7 Qe2 e6 Nc3 f5
1712,1648,black,0+1,d3 d6 Bd2 e6 Bc3 f6 e3 e5 Qe2 d5
1699,1500,white,900+1,e4 d5 exd5 Qxd5 Nc3 Qa5 d4 c6 Nf3 Nf6
1671,1573,black,300+8,e4 e5 Nf3 Nc6 d4 exd4 Nxd4 Nxd4 Qxd4 Nf6
1355,1342,white,180+3,d4 d5 Bf4 e6 e3 Bd6 Nf3 Bxf4 exf4 Qd6
1364,1235,white,600+0,e4 d5 Nc3 d4 Na4 e5 h3 Nc6 Bb5 Bd7
1805,1891,white,300+0,Nf3 Nf6 c4 e6 d4 d5 Bf4 dxc4 e3 c5
1545,1646,black,300+5,d4 c6 e3 d5 Nf3 Nf6 Nc3 Bf5 Bd3 Qd7
1699,1660,white,0+1,d4 c6 c3 e6 Bf4 d5 Bxb8 Rxb8 Qd2 Bd6
1426,1723,black,300+0,d4 d5 e3 e6 a3 g6 b3 Bg7 Bb2 Ne7
1625,1390,black,180+0,d4 g6 Nc3 Bg7 Bf4 f6 Nb5 e5 dxe5 fxe5
1672,1516,black,300+8,d4 g6 c4 Bg7 Nc3 Nc6 e4 Nxd4 Be3 c5
1708,1651,white,0+1,d3 d6 Bd2 e5 Bc3 f5 Bd2 Nf6 Bg5 g6
1487,1091,white,60+10,e4 f6 Nf3 Kf7 Nc3 Ke6 Bc4+ d5 Bxd5+ Qxd5
1496,1410,white,900+10,e4 c5 g3 d6 Bg2 Nf6 f4 g6 e5 dxe5
1490,1390,white,120+2,e4 d5 exd5 e5 dxe6 fxe6 Bc4 Nf6 Qf3 Nc6
1823,1642,white,120+0,e4 c5 Nf3 Nc6 Bc4 e6 O-O a6 a4 Nf6
1093,1500,white,420+10,e4 e6 Nc3 b6 Bb5 c6 Ba4 Nf6 e5 Nd5
1536,1590,white,180+0,d4 d5 Nc3 e6 a3 Nf6 Bf4 Be7 Nb5 Bd6
1843,1636,white,120+0,e4 d5 e5 e6 d4 c5 c3 a6 Nf3 b5
1820,1917,black,120+0,e4 e5 Nf3 f5 Nc3 Nc6 d3 Nf6 exf5 d5
2061,1680,white,420+0,e4 e5 Nf3 d6 d4 f6 dxe5 fxe5 Bc4 Bg4
1075,1490,black,60+10,Nf3 d5 Ng5 Nf6 e3 Bg4 Be2 Bf5 Bf1 e6
1860,1561,white,120+0,e4 c6 Nf3 d5 e5 Bf5 d4 h6 c3 e6
1487,1512,black,240+2,e4 c5 Qf3 Nc6 Bc4 Nf6 c3 d6 h3 Ne5
1798,1827,white,180+0,e4 d5 exd5 Nf6 c4 e5 Nc3 Bc5 Nf3 Ng4
1400,1328,white,300+25,d4 d5 e3 Nf6 f3 e6 a3 Bd6 b4 O-O
1871,1749,white,120+0,e4 c5 Nf3 Nc6 Bc4 e6 Nc3 Nf6 d3 d5
1717,1558,white,0+1,d3 c6 Bd2 d5 Bc3 Nd7 Nd2 b6 b3 Ngf6
1390,1251,white,60+10,e4 e5 Nf3 Nc6 Bb5 d6 O-O a6 Ba4 b5
1439,1497,white,120+2,e4 e5 Nf3 Qf6 Bc4 Bc5 Nc3 c6 d3 h6
1724,1551,white,0+1,d3 c6 Bd2 d5 Bc3 Bf5 e3 h6 Qf3 e6
1810,1355,white,60+2,e4 e5 Nf3 d6 Bc4 Nf6 d3 Be7 O-O O-O
2052,2007,draw,300+5,e4 c5 Nf3 d6 d4 cxd4 Nxd4 Nf6 Nc3 a6
1299,1381,black,300+5,e3 c5 a3 Nc6 Bb5 Qb6 Bxc6 Qxc6 Nf3 Nf6
1551,1724,white,0+1,g3 e6 Bg2 Be7 Nf3 Bf6 d3 d6 c3 Qd7
1544,1631,black,120+0,g3 d5 Bg2 c6 d4 e6 e4 Bd6 e5 Be7
1564,1566,black,960+8,d4 d5 e3 f5 Nf3 e6 c4 c6 a3 Na6
1259,1605,white,360+5,e4 c5 e5 Nc6 Nf3 d6 Bb5 Qb6 Nc3 a6
1812,1738,white,60+2,e4 c5 b4 cxb4 d4 e6 f4 Nc6 Nf3 a5
1372,1227,black,600+0,e4 Nc6 Bb5 Nf6 Bxc6 bxc6 Nc3 c5 d3 e5
1353,1144,white,60+2,e4 e5 Nf3 Nc6 Be2 Nf6 d3 d5 exd5 Qxd5
1934,1659,white,300+8,e4 e5 Nf3 Nc6 Bc4 Nf6 d3 Bc5 Ng5 O-O
1639,1536,white,120+0,e4 c6 c4 d5 Nc3 d4 Nce2 e5 d3 Nf6
1349,1547,white,600+10,e4 e5 d3 Bc5 h3 Nc6 a3 Qh4 Be3 Bxe3
1592,1500,white,180+0,d4 d5 Nc3 e6 Bf4 Nc6 Nb5 Bd6 Qd2 Nf6
1450,1270,white,660+10,e4 e5 Nf3 Nc6 b3 Bc5 Bb2 d6 d3 Bd4
1726,1359,white,60+2,e4 e5 d3 Nf6 f4 d6 Nf3 Nc6 Be2 Be7
1492,1061,white,60+10,e4 d6 Nc3 g6 Nf3 f5 exf5 Bxf5 Bd3 Bg4
1537,1578,white,300+2,e4 e5 Nf3 Nc6 d4 exd4 Nxd4 Nxd4 Qxd4 Nf6
1708,1654,white,180+3,e4 c6 d4 d5 Nc3 e6 Nf3 Be7 Bd3 b5
1244,1475,black,1200+10,d4 e6 e4 c5 e5 d6 Bb5+ Nc6 d5 exd5
1521,1407,white,360+0,d4 g6 Bf4 Bg7 e3 b6 Nc3 Bb7 Nf3 e6
1892,1647,black,120+0,e4 c5 Nf3 Nc6 Bc4 e6 O-O g6 c3 Bg7
1553,1577,black,960+8,d4 f5 e3 Nf6 Nf3 Ne4 Nbd2 d5 c4 g5
1896,1822,white,180+0,e4 b6 d4 Bb7 Nc3 e6 Bd3 Bb4 Ne2 Nf6
1617,1674,black,720+6,e4 e5 Nf3 Nc6 Bb5 Nd4 Nxd4 exd4 a3 c6
1543,1587,white,960+8,d4 f5 e3 Nf6 c4 d5 Nc3 c6 h3 g5
1500,1578,white,240+0,e4 e5 Nf3 d6 Bc4 Nf6 d3 Be7 a3 O-O
1290,1167,white,300+5,e3 d5 a3 e5 b4 c5 bxc5 Bxc5 Bb2 Nc6
1049,1494,black,60+10,e4 d5 Nc3 d4 Bb5+ Bd7 Nd5 Bxb5 Nf3 d3
1844,1579,white,120+0,e4 c6 Nf3 d5 e5 Bf5 d4 e6 c3 c5
1588,2008,black,480+2,e4 e5 Nf3 Nc6 Bc4 Bc5 d3 Nf6 Bg5 d6
1730,1652,white,0+1,d3 d5 Bd2 e6 Bc3 Nf6 e3 Be7 Qg4 O-O
1298,1542,black,300+5,e3 d5 a3 a6 b4 Nf6 Bb2 Bf5 Nf3 h6
1367,1678,white,600+10,e4 e5 d3 Nf6 a3 Bc5 h3 Nc6 b4 Bd4
1462,1413,black,180+2,e4 d6 d3 Nc6 f4 e6 Nf3 Be7 h3 Bd7
1734,1724,white,0+1,d3 c5 Bd2 Nc6 Bc3 Nf6 e3 d5 Qf3 d4
1643,1738,black,0+1,e4 e6 f4 Be7 Nf3 Bf6 Bc4 Be7 d3 d6
1680,1398,white,300+3,e4 e5 Nf3 Nc6 Bb5 a6 Bxc6 dxc6 O-O f6
1746,1711,black,0+1,d3 c5 Bd2 Nc6 Bc3 Nf6 e3 d5 Qe2 d4
1566,1549,white,300+2,e4 e5 Nf3 Nc6 Bc4 Nf6 d3 d5 exd5 Nd4
1812,1815,white,180+0,d4 c5 dxc5 e5 Nc3 Bxc5 e3 Nc6 Nf3 Nf6
1394,1684,black,300+3,e4 e5 Nf3 Nc6 Bb5 a6 Ba4 b5 Bb3 d6
1854,1575,white,120+0,e4 c6 Nf3 d5 e5 Bf5 d4 e6 c3 c5
1934,1757,white,900+5,e4 d5 exd5 Qxd5 Nc3 Qa5 b4 Qxb4 Rb1 Qd6
1529,1494,black,360+0,d4 d5 Bf4 Nc6 e3 a6 Nf3 Bg4 h3 Bh5
1597,1466,black,300+0,e4 e5 Nf3 d6 d4 exd4 Nxd4 Bd7 Bc4 Nf6
1555,1575,black,960+8,d4 d5 e3 c6 Nf3 Nf6 c4 e6 a3 Be7
1864,1570,white,120+0,e4 e5 Nf3 f5 exf5 Nf6 d3 d5 Nc3 Bxf5
1494,1322,black,300+5,d4 c5 c3 cxd4 cxd4 Nc6 e3 e6 Nf3 d6
1744,1713,white,0+1,d3 c5 Bd2 Nc6 Bc3 Nf6 Qd2 g6 e3 d6
1569,1425,white,240+0,e4 d6 Nf3 Bd7 e5 f5 exf6 Nxf6 d4 Bg4
1607,1553,white,720+6,e4 e5 Nf3 d6 Bc4 Nd7 d3 Ngf6 Ng5 Be7
1585,1682,white,300+8,Nf3 b6 g3 Bb7 Bg2 e6 O-O Bd6 d4 h5
1644,1718,white,180+3,g3 d5 Bg2 c6 d4 Bf5 Nc3 Nf6 Nf3 Qd7
1876,1412,white,120+0,e4 f5 exf5 e5 d3 d5 Nf3 Bxf5 Be2 e4
1744,1664,white,0+1,d3 d6 Bd2 e6 Bc3 f6 e3 e5 Be2 c5
1873,1416,white,120+0,e4 d5 e5 Nc6 d4 e6 c3 f6 Nf3 fxe5
1704,1658,white,180+3,e4 c6 d4 d5 Nc3 dxe4 Nxe4 Nf6 Nxf6+ exf6
1753,1655,white,0+1,d3 e5 Bd2 d5 Bc3 d4 Bd2 c5 e3 Nc6
1949,1729,black,300+8,e4 c6 c4 d5 e5 Bf5 d4 e6 c5 b6
1545,1103,white,420+12,d4 e6 e3 Bb4+ Nd2 g6 a3 Bd6 c4 c5
1618,1500,white,180+0,d4 d5 Nc3 Nf6 Bf4 Nbd7 Nb5 e5 dxe5
1187,1429,black,900+10,d4 b6 Nf3 Bb7 e4 Bxe4 Nc3 Bxf3 Qxf3 Nc6
1761,1647,draw,0+1,d3 d5 Bd2 e5 Bc3 d4 Bd2 c5 e3 Nc6
1773,1889,white,480+4,d4 d5 c4 c6 c5 e5 Nf3 exd4 Nxd4 Bxc5
1466,1473,white,300+8,d4 d5 Nc3 c5 dxc5 e5 Qxd5 Qxd5 Nxd5 Bxc5
2010,1586,white,480+2,e4 e5 Nf3 Nc6 Bb5 Nd4 Nxd4 exd4 d3 c6
1656,1641,white,600+0,e4 d5 exd5 Qxd5 d4 Nc6 Nc3 Qxd4 Bd2 a6
1434,1456,black,660+10,e4 e5 Bc4 Nc6 c3 g6 Qf3 Nf6 Bb3 Bg7
1688,1827,black,420+5,d4 Nf6 h3 d5 Nf3 e6 Bg5 h6 Bh4 Be7
1880,1651,white,120+0,e4 c5 Nf3 Nc6 Bc4 e6 Nc3 a6 a4 d6
1468,1585,black,1800+0,e4 e5 Nf3 d6 Bc4 Bg4 h3 Bh5 O-O Nf6
1576,1418,white,240+0,e4 d5 exd5 Qxd5 Nc3 Qd8 Nf3 Nf6 Be2 Nc6
1757,1703,black,0+1,d3 c5 Bd2 Nc6 Bc3 d6 e3 Nf6 Be2 g6
1467,1477,black,660+10,e4 e5 Nf3 Nc6 b3 a6 Bb2 Bd6 d3 Nf6
1070,1545,black,420+12,e4 e5 d3 Nf6 h4 Nc6 c3 d5 exd5 Nxd5
1745,1715,white,0+1,d3 c5 Bd2 d6 e3 Nc6 Qe2 Nf6 f3 g6
1500,1547,black,600+15,e4 e5 f4 Nc6 f5 g6 fxg6 fxg6 Bc4 Qh4+
1891,1646,white,120+0,e4 d5 e5 e6 Nf3 f5 exf6 Nxf6 d4 Be7
1378,1244,white,180+8,d4 d5 e3 Nc6 c4 Nf6 c5 e5 Nf3 e4
1683,1832,black,180+0,e4 c5 Qh5 e6 e5 d6 f4 Nc6 Nf3 dxe5
1795,1843,black,180+1,d4 c5 d5 d6 c4 Nf6 Nc3 g6 e4 Bg7
1310,1483,black,900+15,e4 c5 d4 e6 e5 Nc6 Nf3 Qc7 Nc3 cxd4
1825,1690,white,180+0,e4 c6 f4 d5 e5 e6 Nf3 c5 d4 c4
1313,1027,white,300+0,Nf3 d5 d4 Nc6 Bf4 e6 e3 Bb4+ c3 Bd6
1500,1522,white,180+0,d4 g6 Nc3 Bg7 Bf4 Nc6 Nb5 d6 Nf3 a6
1089,1434,white,900+10,g3 g6 Bh3 b6 Bg2 c6 b3 Bg7 c3 d5
1648,1714,white,180+3,c4 c6 d4 d5 e3 Nf6 Nf3 Bf5 Nc3 e6
1901,1642,white,120+0,e4 d5 e5 f5 d4 g6 Nf3 e6 Bd3 Bh6
1681,1580,black,420+5,d4 c6 h3 d5 Nf3 Nf6 c3 h6 Bf4 Bf5
1412,1583,black,240+0,e4 e5 Qh5 d6 Bb5+ c6 Bc4 Qf6 Nf3 Nh6
1488,1240,white,300+25,d4 d5 Nc3 Nc6 h3 Nf6 Nf3 Ne4 Nxe4 dxe4
1573,1493,black,1200+1,e4 e5 Nf3 Nc6 Bb5 Nge7 O-O g6 d4 exd4
1653,1946,black,120+0,d4 Nf6 c4 e6 Nc3 Bb4 Bg5 h6 Bh4 g5
1755,1705,black,0+1,d3 c5 Bd2 Nc6 Bc3 d6 e3 Nf6 Be2 g6
1358,1478,black,300+5,c4 g6 d4 Bg7 Nf3 Nf6 Nc3 c6 Bg5 h6
1138,1045,black,360+12,d4 c6 e4 b6 c4 Ba6 b3 e6 Nc3 Bc8
1397,1226,black,360+3,e4 d5 exd5 Qxd5 d4 Nc6 Nc3 Qa5 Nf3 Bf5
1425,1524,black,300+8,d4 d5 c4 e6 Nf3 h6 cxd5 Qxd5 Nc3 Bb4
1910,1637,white,120+0,e4 e5 Nf3 d6 Bc4 Be6 Bxe6 fxe6 O-O Nf6
1494,1459,black,300+8,e4 e5 Qf3 d5 exd5 c6 dxc6 Qc7 Nc3 Bc5
1839,1676,white,180+0,e4 c6 d3 d5 exd5 Qxd5 Nc3 Qd8 Nf3 Nf6
1743,1718,white,0+1,d3 c5 Bd2 Nc6 Bc3 d6 Nd2 Nf6 b3 g6
1554,1442,white,960+8,d4 d5 e3 Bf5 Bd3 e6 Nf3 Nf6 h3 Nc6
1919,1581,white,120+0,e4 e5 Nf3 d6 Bc4 c5 Nc3 h6 O-O Nf6
1701,1634,white,0+1,g3 d5 Bg2 e6 d3 c6 c4 f6 cxd5 exd5
1366,1406,black,180+3,d4 d5 Bf4 c5 e3 Nc6 c4 e5 dxe5 d4
1887,1912,black,300+8,e4 e5 Nf3 d6 Bc4 Be7 d3 Nf6 Ng5 O-O
1460,1504,black,1800+0,e4 e5 Nf3 d6 Bc4 Nf6 h3 Nxe4 Qe2 Nf6
1317,1199,white,300+0,Nf3 Nc6 d4 d5 Bf4 Nf6 e4 dxe4 Ne5 Nxe5
1711,1624,white,0+1,g3 d5 Bg2 e5 d3 f5 e4 fxe4 dxe4 d4
1755,1509,white,600+0,e4 e6 d4 Nc6 Bb5 a6 Bxc6 bxc6 e5 d6
1753,1624,black,0+1,d3 e5 Bd2 d5 Bc3 d4 Bd2 f5 e3 Nf6
1489,1021,white,60+8,d4 d5 g3 Nf6 Bg2 c6 Nf3 e6 c3 c5
1786,1661,white,180+1,d4 c6 c4 d5 Nc3 Nf6 Bg5 h6 Bxf6 exf6
1616,1703,black,720+6,e4 c6 Bc4 d5 exd5 cxd5 Bb5+ Bd7 Qe2 a6
1846,1589,white,240+0,e4 e5 d3 Nf6 Nc3 Be7 f4 d6 fxe5 dxe5
1788,1710,white,480+4,d4 d5 c4 Nf6 Nc3 c6 c5 e6 b4 a6
1925,1578,white,120+0,e4 e5 Nf3 d6 Bc4 c5 Nc3 h6 O-O Nf6
1237,1263,white,240+0,e4 e6 e5 d6 d4 dxe5 Nf3 Nc6 Bb5 Ne7
1376,1358,black,180+6,e4 d5 d3 d4 Nf3 c5 a4 Bd7 b3 a6
1720,1639,white,0+1,e3 d5 d4 e5 c4 exd4 Qxd4 dxc4 Qxd8+ Kxd8
1667,1643,white,420+5,d4 d5 h3 e6 Nf3 Nf6 c3 Bd6 Bg5 O-O
1416,1325,black,300+0,f4 d5 Nf3 c5 d3 d4 e3 Bf5 c3 dxe3
1386,1427,black,600+10,e4 d5 d3 d4 c3 e5 cxd4 exd4 Nf3 Nc6
1526,1181,black,900+10,e4 e5 h3 Nc6 g3 Nf6 Bg2 Bc5 c3 d6
1708,1545,white,60+1,c4 e6 Nc3 d6 g3 b6 Bg2 c6 d3 Bb7
1486,1342,white,300+5,d4 Nf6 c4 c5 Nf3 cxd4 Nxd4 e5 Nf3 Nc6
1356,1463,white,180+3,d4 f5 Bf4 e6 e3 d5 Nf3 Nf6 c4 a6
2129,1684,white,120+1,c4 e5 Nc3 Nf6 g3 Nc6 Bg2 Bc5 e3 O-O
1585,1851,draw,240+0,e4 c5 c4 Nc6 Nf3 e5 d3 d6 Be2 f5
1730,1681,white,0+1,e3 f6 d4 e5 c4 d6 d5 c6 e4 Bd7
1548,1450,white,1800+0,e4 e5 d3 Nf6 Nc3 h6 Nb5 Nc6 c3 d6
1631,1740,white,0+1,d4 e6 c4 f5 Nc3 Nf6 e3 Bb4 Bd2 Bxc3
1953,1649,black,120+0,e4 c6 Nf3 d5 e5 Bg4 d4 e6 Be2 Ne7
1671,1645,black,0+1,g3 d5 Bg2 e5 c3 f5 b4 e4 Bb2 Nf6
1738,1660,black,0+1,d3 b6 Bd2 Bb7 Be3 g6 Bd2 Bg7 Bc3 f6
1368,1245,white,180+6,e4 e5 d4 exd4 Qxd4 d6 f4 Qh4+ g3 Qg4
1019,1494,black,60+8,d4 d5 Nf3 g6 e3 Bg7 Bb5+ c6 Bd3 a5
1766,1593,black,600+0,e4 e5 Nf3 d6 d4 exd4 Nxd4 Be7 Bc4 Nf6
1654,1599,white,180+3,g3 e5 Bg2 Nc6 c4 Nf6 Nc3 Bb4 a3 Bxc3
1539,1664,white,300+5,e4 e5 Nf3 Nc6 Bb5 d6 d4 Bd7 dxe5 Nxe5
1930,1950,white,120+0,e4 Nf6 Nc3 d5 e5 d4 exf6 dxc3 bxc3 gxf6
1541,1394,black,300+8,e4 d5 e5 Nc6 d4 f6 f4 Bf5 c3 fxe5
1660,1657,black,0+1,g3 d5 e3 e5 f3 f5 Bg2 Nf6 Qe2 Bd6
1449,1484,white,120+2,c4 e5 d3 Qf6 e4 Bc5 f3 d6 Nc3 c6
1917,1357,white,120+0,e4 d5 e5 Nc6 d4 Bf5 Nf3 Be4 Bd3 Qd7
1456,1114,white,660+10,e4 Nc6 Nc3 Nf6 Bc4 e5 Nf3 h5 Ng5 Rh6
1905,1804,white,180+0,e4 c5 b4 Nc6 b5 Nd4 c3 Ne6 d4 d5
1356,1339,white,600+0,e4 b6 a3 g6 Nc3 Bg7 h3 Bxc3 dxc3 Bb7
1434,1562,white,960+8,e4 e5 Bc4 d6 Nf3 h6 Nc3 Nf6 d3 a6
1700,1381,white,360+5,e4 e5 Nf3 d6 Bc4 Bg4 O-O a6 Re1 b5
1517,1616,black,-,d4 d5 c4 dxc4 Nf3 Nf6 Nbd2 Nc6 Nxc4 Bf5
1725,1673,draw,0+1,Nc3 e6 d3 g6 Bf4 d6 Be3 c5 Ne4 d5
1245,1592,black,240+0,e4 e5 Nf3 d6 Bc4 Nf6 d4 exd4 Nxd4 Nxe4
1500,1017,white,60+8,d4 Nf6 g3 d5 Bg2 e6 Nf3 Bb4+ c3 Bd6
1714,2181,black,60+1,c4 e6 Nc3 d5 cxd5 exd5 g3 c6 Bg2 Nf6
1570,1481,white,240+0,d4 d5 c4 dxc4 e3 c6 Nc3 b5 a4 Ba6
1375,1383,white,360+0,e4 e5 d4 exd4 Qxd4 d6 e5 Nc6 Bb5 a6
1919,1537,white,120+0,e4 d6 Nf3 e6 d4 b6 Bd3 Be7 O-O Nf6
1724,1675,white,0+1,d3 g5 Bd2 h6 Bc3 f6 f4 Bg7 fxg5 hxg5
1509,1643,white,300+4,e4 c5 Nf3 d6 e5 dxe5 Nxe5 e6 Qh5 g6
1547,1449,white,960+8,d4 d5 e3 Nc6 Nf3 Bg4 a3 e6 h3 Bh5
1459,1104,black,660+10,e4 e5 Nf3 f6 Bc4 Ne7 Nc3 Nec6 d3 Na5
1459,1473,white,240+0,e4 d5 exd5 Qxd5 Nc3 Qa5 d3 Nc6 Bd2 Bf5
1923,1668,white,120+0,e4 c5 Nf3 Nc6 Bc4 e6 O-O a6 a4 d5
1733,1665,black,0+1,d3 g6 Bd2 Bg7 Bc3 f6 g4 c5 g5 b5
1749,1724,white,900+2,d4 d5 c4 dxc4 Nf3 e6 Nc3 h6 e4 Nf6
1796,1666,black,480+4,d4 d5 c4 dxc4 Nc3 Nf6 e4 e6 a3 c5
1588,1643,draw,180+5,e4 e5 Nf3 Nc6 Bb5 Nge7 Bxc6 Nxc6 d4 exd4
1843,1249,white,240+0,e4 e5 d3 d5 exd5 Qxd5 Nc3 Qd8 Nf3 Nc6
1720,1678,white,0+1,e3 g6 Bc4 Bg7 d3 b6 Qe2 Bb7 Bb3 Bxg2
1439,1525,black,900+3,e4 c6 c3 d5 e5 Bf5 d4 f6 Qe2 Nd7
1015,1505,black,60+8,Nf3 d5 d4 g6 Nc3 Bg7 e3 c6 Be2 Nf6
1853,1948,black,300+8,e4 e6 e5 d5 d4 c5 Nf3 Nc6 c3 Qb6
1711,1655,black,420+7,e4 e6 f4 d5 e5 Nc6 Nf3 Nge7 c3 d4
1613,1497,black,480+0,d4 d5 e3 Nf6 c3 a6 h3 Nc6 a3 e5
1961,1595,white,240+0,e4 e5 Nf3 d6 Bc4 Nf6 Nc3 Be7 d3 O-O
1730,1669,white,0+1,d3 b6 Bd2 Bb7 Bc3 f6 Qd2 e6 Na3 Qe7
1931,1664,white,120+0,e4 e5 Nf3 Nc6 Bc4 d6 Nc3 Be6 Bxe6 fxe6
1346,1204,white,360+12,e4 b6 d4 c6 c4 e6 e5 Bb4+ Bd2 Bf8
1703,1493,black,1200+10,e4 c5 Nf3 a6 d4 cxd4 Nxd4 Qc7 Nc3 e6
1442,1581,white,1800+0,d4 d5 c4 c6 Nf3 e6 e3 Qa5+ Nc3 dxc4
1795,1725,white,0+1,e4 g6 d4 Bg7 c3 e6 Nf3 d5 e5 f6
1456,1462,white,240+0,e4 d5 exd5 Qxd5 Nc3 Qa5 Nf3 Bg4 Be2 Nc6
1939,1660,white,120+0,e4 d5 e5 e6 d4 a6 Nf3 c5 c3 Nc6
1437,1598,white,300+8,Nf3 d5 d4 c6 Nc3 e6 e4 h6 e5 a6
2191,1913,white,180+0,c4 e5 Nc3 Bb4 g3 f5 Bg2 Nf6 e3 O-O
1738,1660,white,0+1,d3 g6 Bd2 Bg7 Bc3 f6 f3 b6 g4 c5
1509,1012,white,60+8,d4 d5 g3 g6 Bg2 Bg7 c3 e6 Nf3 Nf6
1715,1712,black,0+1,g3 c5 Bg2 Nc6 d3 g6 c4 Bg7 Nc3 d6
1651,1656,white,0+1,c3 d5 d4 e5 Qc2 e4 f3 f5 fxe4 fxe4
1945,1249,white,120+0,e4 g6 d4 Bg7 Nf3 e6 Nc3 Ne7 Bd3 O-O
1646,1793,white,360+2,d4 d5 Bf4 Nf6 e3 c5 c3 Nc6 Bb5 Qb6
1703,1645,white,0+1,e3 d5 d4 e5 c4 exd4 Qxd4 c6 e4
1379,1437,white,300+8,d4 Nf6 d5 Nxd5 Qxd5 c6 Qd1 d5 Bf4 Qa5+
1793,1701,white,420+7,e4 c6 Nf3 d5 Nc3 d4 Ne2 c5 c3 Nc6
1543,1457,white,1800+0,e4 e5 Nf3 Nc6 Bc4 Nf6 Ng5 d5 exd5 Nxd5
1662,1635,white,0+1,c3 d5 d4 e6 e3 c6 b3 a6 Ba3 b5
1659,1642,white,180+5,e4 e5 Nf3 Nc6 Bb5 Nge7 O-O g6 d3 Bg7
1712,1713,black,0+1,e4 b6 d4 Bb7 Bd3 d5 e5 f6 f4 c5
1667,1453,white,600+4,e4 Nc6 Nf3 e5 Bc4 h6 d4 Nf6 Nc3 Bb4
1725,1701,white,0+1,g3 e5 Bg2 f5 e3 Nf6 d4 e4 f3 d5
1639,1482,white,-,e4 d5 exd5 Qxd5 Nc3 Qe6+ Qe2 Nf6 d3 g6
1946,1724,white,120+0,e4 c5 Nf3 Nc6 Bc4 g6 O-O Bg7 Nc3 d6
1725,1625,white,0+1,g3 d5 Bg2 e5 e3 f5 f3 Nf6 d4 c5
1966,1777,white,240+0,d4 d5 e3 Nf6 c4 c6 Nc3 Bf5 Nf3 e6
1662,1390,white,360+2,e4 c5 Bc4 Nc6 Qh5 e6 d3 d5 exd5 Nf6
1672,1617,white,0+1,b3 d5 Bb2 c5 g3 Nc6 Bg2 e5 d3 d4
1686,1484,white,180+0,d4 b6 Nc3 Bb7 Bf4 Nc6 Nb5 d6 e4 e5
1608,1691,black,120+0,e4 e5 c4 Nc6 Nc3 Bc5 d3 d6 h3 f5
1805,1225,white,60+1,e4 e5 Nc3 d6 g3 f5 Bg2 fxe4 Nxe4 Bf5
1747,1805,white,0+1,d3 d5 Bd2 e5 Bc3 d4 Bd2 c5 c3 Nc6
1748,1478,black,180+0,d4 c6 Nc3 Qc7 e4 d5 e5 e6 a3 a5
1677,1608,black,420+5,d4 d5 h3 c5 Nf3 Nc6 c3 Qb6 a3 cxd4
1955,1822,white,120+0,e4 Nc6 Nf3 e5 Bc4 Nf6 d3 d5 exd5 Nxd5
1448,1681,black,480+0,Nc3 d6 d4 e6 d5 e5 e4 b6 Bb5+ Nd7
1681,1517,white,0+1,b3 d6 Bb2 Nc6 c4 e5 e4 Nce7 f3 a6
1972,1796,white,240+0,d4 d5 e3 e5 dxe5 c5 c4 Be6 cxd5 Qxd5
1577,1563,black,300+2,e4 e5 Nf3 Nc6 Bc4 Bc5 c3 Bb6 O-O Nf6
1790,1215,white,60+1,e4 Nc6 d4 a5 d5 Nb4 c3 Nd3+ Bxd3 b6
1967,1699,white,120+0,e4 e5 Nf3 Nc6 Bc4 d6 O-O Be6 Bxe6 fxe6
1436,1248,white,180+0,e4 e5 Bc4 Nf6 d3 d5 exd5 Nxd5 Qf3 Be6
1672,1575,black,600+4,e4 d6 d4 Nf6 Nc3 g6 h3 Bg7 Nf3 O-O
1687,1482,white,0+1,c3 d6 d4 e6 g3 Be7 Bg2 Nf6 Qd2 O-O
1312,1844,black,300+0,e4 c5 Bc4 Nc6 Nc3 e6 Nf3 Nf6 d3 d5
1517,1350,white,360+0,d4 d5 Bf4 Nf6 e3 g6 Nc3 c6 h3 Bf5
1346,1242,white,60+10,e4 e5 Qh5 Nc6 Bc4 Nh6 d3 Bd6 Bxh6 g6
1791,1206,white,60+1,e4 a5 d4 a4 c4 Nc6 d5 Na5 Nf3 c6
1592,1622,black,900+15,e4 e5 d4 exd4 c3 Nf6 Bg5 d6 cxd4 Be7
1717,1550,white,300+5,e4 e5 Nf3 Nc6 d4 exd4 Bc4 Nf6 e5 Qe7
1666,1633,white,360+2,e4 e5 Bc4 Nc6 Qh5 d6 Qxf7#
1670,1442,white,180+0,e4 e5 Qh5 Nh6 Qxe5+ Qe7 Qxe7+ Bxe7 d3 Ng4
1829,1935,black,300+8,e4 e5 Nf3 Nc6 Bc4 Bc5 d4 Nxd4 Nxe5 d5
1010,1116,white,300+5,d4 d5 g3 c5 Bg2 b6 c4 e6 Qa4+ Bd7
1692,1599,black,0+1,c3 d5 b4 e5 Bb2 f6 e3 c5 bxc5 Bxc5
1633,1666,black,360+2,e4 b6 Nf3 Bb7 d4 Bxe4 Nc3 Bxf3 Qxf3 e6
1974,1197,white,120+0,e4 a5 Nf3 Nc6 d4 e5 d5 Nd4 Nxd4 exd4
1862,1909,black,180+0,e4 Nc6 d4 e5 d5 Nce7 f4 Ng6 f5 Qh4+
1918,1853,white,180+0,e4 e5 Nf3 Nc6 Bb5 d6 O-O Bg4 h3 Bxf3
1800,1835,black,60+15,e4 e5 Nf3 Nc6 Bc4 Nf6 Nc3 Be7 d3 d6
1710,1636,black,300+5,Nf3 Nc6 d4 d5 c4 Bg4 cxd5 Bxf3 gxf3 Qxd5
1494,1626,black,240+0,g3 e5 Bg2 Nf6 d3 Nc6 Bg5 Be7 Bxf6 Bxf6
1530,1669,white,420+7,e4 e5 Nf3 Nc6 Bb5 d6 O-O Nf6 Nc3 a6
1679,1613,black,0+1,c3 d5 b3 e5 Bb2 c5 Qc2 Nc6 e3 f5
1975,1194,white,120+0,e4 e5 Nf3 Nf6 Nc3 c6 d3 d5 exd5 cxd5
1574,1565,black,300+2,e4 e5 Nf3 Nc6 d4 exd4 Nxd4 Nxd4 Qxd4 d6
1761,1584,white,900+2,d4 d6 c4 c6 Nc3 Nf6 e4 g6 Bd3 Bg7
1671,1562,black,0+1,e3 b6 Be2 Bb7 Bf3 c6 Qe2 d5 e4 Nf6
1686,1814,white,120+0,e4 Nc6 Nf3 e5 d4 exd4 Bc4 Nf6 O-O Nxe4
1754,1687,white,480+0,d4 d6 c4 e6 Nf3 a6 Nc3 h6 Bf4 g6
1681,1480,white,240+1,e4 e5 Qh5 Qf6 Bc4 Bc5 Nf3 g6 Qxe5+ Qxe5
1506,1611,black,1200+1,Nf3 e6 e4 Nf6 e5 Nd5 d4 Bb4+ c3 Be7
1666,1476,white,0+1,b3 d6 Bb2 e6 f3 Be7 g4 Nf6 g5 O-O
1759,1695,white,0+1,d3 e5 Qd2 Nc6 c3 d5 b3 Be6 Bb2 f6
1975,1191,white,120+0,e4 e6 Nf3 Bd6 d4 Nc6 e5 Bb4+ c3 Ba5
1675,1486,white,240+1,e4 e6 f4 d5 e5 f5 d4 g6 Nf3 Be7
1390,1421,draw,300+8,e4 e5 d4 exd4 c3 d3 Bxd3 Bc5 Nf3 d5
1476,1549,white,300+5,e4 e5 Qf3 d6 h3 h6 Bc4 Nf6 c3 Be7
1762,1818,white,300+8,e4 c5 Bc4 Nc6 d3 a6 a4 Na5 Ba2 g6
1544,1729,black,300+5,e4 d5 exd5 e6 dxe6 Bxe6 Nf3 Nf6 d4 Nc6
1478,1497,white,60+10,e4 g6 d3 Bg7 Be2 b6 f4 Bb7 Bg4 f5
1677,1175,white,480+0,d3 d5 e3 Nd7 h3 Nc5 a3 e5 b3 e4
1437,1292,black,180+0,e4 d5 Qf3 Nf6 e5 Nfd7 Bb5 c6 Bd3 Nxe5
1976,1188,white,120+0,e4 e5 Nf3 f6 Bc4 c6 Nc3 Ne7 O-O c5
1680,1577,black,60+0,g3 d5 Nf3 Nc6 Bg2 e5 O-O f5 d4 e4
1056,1190,black,300+5,d4 d5 c4 Nf6 Nc3 e6 e3 Bb4 a3 Bxc3+
1576,1563,white,300+2,e4 e5 Nf3 Nc6 Bc4 Bc5 c3 a6 d4 exd4
1235,1387,white,60+10,e4 d5 e5 d4 c3 Nc6 cxd4 Nxd4 d3 Qd5
1977,1685,white,120+0,e4 Nf6 Nc3 e5 Nf3 Nc6 Bc4 Bc5 O-O O-O
1470,1619,black,600+0,c4 e5 e4 Bc5 Nc3 d6 d3 Nc6 Nf3 Bg4
1686,1727,white,240+1,e4 Nc6 d4 d5 e5 e6 Nf3 Bb4+ c3 Be7
1983,1701,white,120+0,e4 e5 Nf3 Nc6 Bc4 d6 Nc3 Be6 Bxe6 fxe6
1676,1622,white,360+2,d4 d5 Bf4 Nc6 e3 Nf6 Bd3 e6 c3 Bd6
1448,1554,white,1800+0,e4 e5 Nf3 Nc6 Bc4 Nf6 Ng5 d5 exd5 Na5
1490,1591,white,120+0,e4 b6 Nf3 Bb7 Nc3 e6 Bb5 Bb4 a3 Bxc3
2082,1907,white,0+1,e4 c5 Nf3 d6 d4 cxd4 c3 Nc6 cxd4 Nf6
1472,1592,black,120+2,e4 Nf6 Qf3 e5 Bc4 Nc6 c3 Bc5 d3 d6
1626,1463,white,600+0,e4 e6 d4 d5 e5 c5 Nf3 cxd4 Nxd4 Bc5
1418,1423,black,180+0,d4 d5 Nc3 g6 g3 Bg7 Bg2 e6 e3 Ne7
1370,1134,draw,360+6,e4 b6 d4 Ba6 Bxa6 Nxa6 e5 c5 c3 b5
1577,1632,white,720+5,e4 e5 Nf3 d6 h3 c6 Bc4 Be7 d3 Nf6
1500,1743,black,300+8,d3 d5 e3 c5 h3 Nc6 a3 Nf6 Nd2 Bf5
1774,1414,black,300+8,e4 e5 Bc4 Nf6 Nc3 Bc5 h3 O-O Nf3 c6
1767,1697,black,0+1,d3 e5 Bd2 Nc6 Bc3 d6 e3 Be6 Qd2 Qd7
1664,1759,black,420+5,d4 g6 h3 Bg7 Nf3 b6 c3 Bb7 Bf4 Bxf3
1697,1767,black,0+1,e4 e6 d4 Bd6 Nf3 f6 e5 Be7 c4 f5
1992,1498,white,120+0,e4 c6 Nf3 d5 e5 Bg4 d4 e6 c3 Bxf3
1495,1663,black,300+8,e4 e5 Qh5 Nc6 Bc4 g6 Qf3 Qf6 c3 d6
1688,1652,black,120+0,e4 b6 d4 Nc6 c3 d5 e5 Bb7 f4 e6
1807,1943,black,300+8,e4 e5 Nf3 Nc6 Bc4 Bc5 d4 exd4 Nxd4 Bxd4
1505,1495,white,120+0,e4 Nc6 Nf3 d5 exd5 Qxd5 Nc3 Qd8 Bc4 Bg4
1990,1499,white,120+0,e4 c6 Nf3 d5 e5 e6 d4 Nd7 c3 c5
1394,1434,black,180+0,e4 d5 d4 dxe4 Nc3 Bf5 Qh5 e6 Bf4 Nf6
1521,1440,white,1200+10,e4 e5 Nf3 Nc6 Bc4 h6 O-O Nf6 d4 exd4
1739,1657,white,240+0,e4 e5 Nf3 d6 d4 exd4 Bc4 h6 O-O Nf6
1449,1754,black,300+8,e4 e5 Nf3 d6 Bc4 Nc6 d4 exd4 Nxd4 Nxd4
1490,1338,white,300+5,e4 e5 Qf3 Qf6 Bc4 d6 h3 Nd7 b4 Ne7
1171,1679,black,480+0,e4 a6 b4 h6 Bb2 b6 c3 Bb7 d3 d6
1613,1686,white,360+2,e4 Nc6 Nf3 g6 Bb5 Bg7 Bxc6 dxc6 d4 Bg4
1424,1515,white,120+0,e4 e5 d3 Nf6 Nf3 Nc6 Bg5 Bc5 h4 h6
1490,1600,black,60+10,e4 Nf6 e5 Nd5 Bc4 Nb6 Bb3 d6 d4 dxe5
1029,1126,black,180+3,d4 e6 c4 Nc6 Nf3 Nf6 Nc3 Bd6 e4 O-O
1675,1676,white,120+0,g3 e5 Nf3 Nc6 e4 Nf6 Nc3 Bc5 Bg2 d6
1577,1515,white,120+0,e4 c5 Nf3 b6 d4 cxd4 Nxd4 Bb7 Nc3 g6
1619,1591,white,720+5,f4 c5 Nf3 d6 e4 b6 d4 Nf6 dxc5 Nxe4
1994,1496,white,120+0,e4 c6 Nf3 d5 e5 Bg4 d4 Bxf3 Qxf3 e6
1666,1695,black,120+0,e4 b6 d4 Bb7 Bd3 d5 e5 c5 c3 Nc6
1788,1673,black,300+8,e4 c5 Bc4 Nc6 d3 e6 c3 d5 exd5 exd5
1502,1501,white,120+0,e4 d5 exd5 Qxd5 Nc3 Qd8 d4 Nc6 Nf3 Bg4
1626,1386,black,300+3,e4 c6 Nf3 d5 exd5 cxd5 Bb5+ Nc6 Ne5 Bd7
1158,1275,white,300+0,e4 c5 Bc4 Nc6 Qh5 g6 Qf3 Bh6 Qxf7#
1448,1512,black,120+0,d4 d5 e3 Nf6 Nf3 Nc6 Bb5 Bd7 O-O a6
1711,1707,black,300+8,d4 e6 c4 d5 Nc3 c6 Nf3 Nf6 Bg5 Be7
1249,1500,black,60+10,e4 e5 Nf3 Nc6 d4 exd4 Nxd4 Qf6 Be3 Nge7
1713,1656,black,120+0,e4 e5 d4 Nc6 d5 Nce7 c4 d6 Nc3 Ng6
1938,1956,white,480+5,e4 c6 d4 d5 Nc3 dxe4 f3 e5 d5 Nf6
1463,1614,draw,900+5,e4 e5 Nf3 Nc6 Bb5 d6 O-O Bd7 Bc4 Bg4
1696,1493,white,240+1,e4 c6 f4 e6 Nf3 h6 e5 a6 d4 d5
1560,1305,white,-,e4 e5 d3 d6 Nf3
1552,1587,white,300+2,e4 e5 d4 exd4 c3 dxc3 Bc4 cxb2 Bxb2 Nf6
1456,1633,black,600+0,c4 e5 g3 d5 Qc2 g6 Bg2 Be6 Qb3 b6
1470,1472,white,240+0,e4 e5 Bc4 Nf6 Nc3 Bb4 Qe2 d6 a3 Bxc3
1861,1772,white,180+0,e4 e6 d4 d5 exd5 exd5 Bd3 Nf6 Nc3 Bd6
1996,1586,black,120+0,e4 b6 Nf3 Bb7 Nc3 e6 d4 Bb4 Bd3 Nf6
1166,1680,black,480+0,h4 d5 h5 e6 Nf3 a6 d3 b6 e4 dxe4
1581,1270,white,-,e4 e5 d3 d6 Nf3 Nf6 Nc3 Bg4 Be2 Bxf3
1521,1410,white,120+0,e4 Nc6 Nf3 d5 exd5 Qxd5 Nc3 Qe6+ Qe2 Qxe2+
1355,1430,white,60+1,e4 d5 Nf3 dxe4 Ng5 f5 Bc4 h6 Nf7 Qd7
1798,1668,white,120+0,e4 e5 Nf3 Nc6 Bb5 d6 O-O Be6 c3 Be7
1002,1498,black,180+3,d4 d5 c4 e6 Nc3 Nf6 Nf3 b6 e3 Bb7
1415,1377,white,60+1,d4 Nf6 Nf3 g6 Nc3 Bg7 e3 e6 h4 b5
1766,1489,white,300+8,d4 e6 c4 c5 Nf3 Nc6 Bf4 cxd4 Nxd4 Bb4+
1961,1506,white,120+0,e4 c5 Nf3 d6 Bc4 e6 O-O Nf6 Nc3 Be7
1757,1443,white,300+8,e4 e5 Bc4 Nf6 d3 Bc5 h3 O-O Nf3 d5
1376,1394,black,600+10,e4 e6 d3 Nc6 a3 h6 h3 d5 exd5 Qxd5
1245,1597,white,-,d4 d5 e3 e6 Nc3 Nf6 Nf3 Nc6 Bb5 Bd7
1753,1688,black,300+8,e4 c5 d4 cxd4 Qxd4 Nc6 Qd1 e6 Bd3 Nf6
1661,1495,white,120+0,e4 c6 d4 d5 e5 e6 Bd3 Nd7 f4 c5
1529,1381,black,120+0,e4 Nf6 Nc3 e5 Nf3 Bd6 Bc4 Nc6 Ng5 O-O
1522,1482,draw,60+10,e4 d5 e5 f6 Nf3 fxe5 Nxe5 Nd7 Qh5+ g6
1712,1488,white,300+5,e4 d5 exd5 Qxd5 Nc3 Qd8 Nf3 c6 Be2 e6
1811,2069,white,60+3,d4 b6 e4 Bb7 Bd3 e6 Ne2 d5 e5 c5
1405,1459,black,120+2,e4 d5 Qh5 Nf6 Qe2 Nxe4 Nc3 Nf6 Nf3 Nc6
1964,1901,white,120+0,e4 c5 Nf3 d6 Bc4 e6 Nc3 Nf6 d3 Be7
1361,1426,white,60+1,e4 d5 exd5 Qxd5 Nc3 Qd8 Bc4 Nf6 d4 Nc6
1580,1629,black,720+5,e4 e5 Bc4 d6 h3 Be7 Nc3 Nf6 d3 c6
1870,1763,black,180+0,e4 c6 d4 d5 exd5 cxd5 Bd3 Nc6 c3 Nf6
1444,1245,white,180+0,e4 e5 Bc4 Nf6 d3 d5 exd5 Nxd5 d4 exd4
1406,1608,white,300+3,e4 e5 Nf3 Nc6 Bb5 d6 O-O Bg4 h3 Bh5
1499,1451,black,240+0,e4 d5 exd5 Qxd5 Nc3 Qa5 d4 Nc6 Nf3 Bg4
1411,1381,black,60+1,d4 d5 Nf3 Bg4 e3 Bxf3 gxf3 Nc6 Nc3 a6
1212,1347,black,300+0,e4 d5 e5 f6 exf6 gxf6 Nf3 Bg7 Nd4 e5
1434,1514,white,120+0,b3 e6 Bb2 Nf6 Nf3 d5 e3 c5 c4
1487,1667,black,120+0,e4 e5 Qh5 Nc6 Bc4 Qe7 Nc3 Nf6 Qd1 d6
1979,1398,white,120+0,e4 d5 e5 e6 d4 g6 Nf3 h5 c3 f5
1469,1396,white,120+2,e4 d5 exd5 Qxd5 Nc3 Qe5+ Qe2 Qxe2+ Ngxe2 e6
1754,1648,black,240+0,e4 e6 d4 c5 Nf3 cxd4 Nxd4 e5 Nb5 d6
1773,1701,white,300+8,e4 c5 f4 Nc6 Nf3 f6 Bc4 e6 O-O Nge7
1763,2049,black,60+0,d4 b6 c4 Bb7 Nc3 e6 Nf3 Bb4 Bd2 Ne7
1615,1243,white,1200+15,e4 d5 exd5 Qxd5 Nc3 Qd7 Bc4 Nf6 Nf3 e6
1212,1481,black,240+0,Nf3 d5 d4 Bg4 Nc3 Nc6 h3 Bh5 g4 Bg6
1638,1570,black,720+5,d4 d6 c4 c5 d5 e6 Nc3 exd5 Nxd5 Nf6
1685,1731,white,360+5,e4 e5 Nf3 Nc6 Bb5 d6 O-O Bd7 Re1 Be7
1555,1560,black,180+0,e4 e5 Nc3 Bc5 Bc4 d6 d3 Nc6 Nf3 Bg4
1967,1564,white,180+0,e4 e5 Nf3 Nc6 d4 exd4 Nxd4 Bc5 Nb3 Bb6
2053,1759,white,60+0,e4 c5 d4 d6 dxc5 dxc5 Qxd8+ Kxd8 Bf4 Nc6
1717,1160,white,300+5,e4 d6 Bc4 e6 Nc3 a6 a4 h6 Nge2 g6
1288,1320,black,600+5,e3 d5 d4 Nc6 Nc3 e6 Bb5 Bd7 a4 a6
1356,1404,white,480+5,e4 d5 Qf3 dxe4 Qxe4 Nf6 Qe3 b6 h3 Bb7
1562,1969,black,180+0,e4 e6 d4 d5 exd5 exd5 Nf3 Nf6 Bg5 Be7
1969,1562,white,180+0,d4 Nf6 c4 e6 Nc3 Be7 e4 d6 Bd3 e5
1448,1200,white,420+3,d4 d5 c4 Nf6 cxd5 Nxd5 Nf3 Nc6 e4 Ndb4
1485,1200,white,240+0,e4 a5 Bc4 Nc6 Nc3 e5 Nf3 Bd6 d3 g6
1189,1239,black,60+10,e4 e5 Bc4 Nf6 Nf3 Nxe4 Nxe5 Qf6 Qh5 Qxf2+
1144,1719,white,300+5,h3 d5 a3 Nf6 b3 e6 g3 c5 Bb2 Be7
1730,1663,black,240+0,e4 c5 d4 cxd4 Nf3 Nc6 Bc4 e5 c3 h6
1856,1964,black,180+0,e4 e5 Nc3 Nc6 Nf3 Nf6 d4 exd4 Nxd4 Bb4
1483,1521,white,60+10,e4 e5 Nf3 Nc6 Bb5 d6 Bxc6+ bxc6 d4 Bg4
1463,1341,black,420+3,d4 d5 c4 Nf6 cxd5 Nxd5 Nf3 Nc6 e4 Nf6
1699,1657,white,420+7,e4 e5 Nf3 Nc6 Bb5 d6 O-O a6 Ba4 b5
1690,1667,white,300+8,e4 b6 Nf3 Bb7 Nc3 e6 d4 Bb4 Bd2 Bxc3
1722,1768,black,300+8,e4 e5 Nf3 Nc6 d4 exd4 Nxd4 Nxd4 Qxd4 Nf6
1425,1298,white,300+2,e4 e5 Bc4 Nc6 d3 h6 c3 Bc5 Nf3 d6
1700,1492,white,300+5,e4 a6 Bc4 h6 Qh5 e6 Nc3 g6 Qf3 Bg7
1484,1525,white,420+7,e4 e5 Nf3 d6 d3 Nf6 h3 Nc6 Nc3 Be7
1648,1611,white,300+10,e4 e5 d4 exd4 c3 d6 Bc4 Be7 Qxd4 Nf6
1591,1641,black,300+0,e4 e5 Nf3 Nc6 Bb5 Bc5 Bxc6 dxc6 O-O Bg4
1848,1973,draw,180+0,e4 e5 Nc3 Nf6 Nf3 Nc6 d4 exd4 Nxd4 Bb4
1492,1625,white,300+5,d4 d5 e3 e6 Nf3 Nc6 c4 Nf6 Nc3 Bb4
1500,1181,black,60+0,e4 e5 Nc3 Nc6 Nf3 Nf6 Nxe5 Bc5 Nxc6 dxc6
1800,1928,black,180+0,b3 e5 Bb2 Nc6 c4 f5 Nc3 Nf6 e3 Bc5
1485,1492,black,300+8,e4 e5 Qh5 Nf6 Qxe5+ Be7 Nc3 d6 Qg3 O-O
1450,1386,white,180+0,e3 d6 d4 c5 d5 e6 e4 exd5 exd5 Qe7+
1755,2030,draw,60+0,d4 Nf6 c4 g6 Nc3 Bg7 Nf3 d6 g3 O-O
1297,1709,black,300+0,e4 d5 exd5 e5 f4 exf4 h3 Qh4+ Ke2 Bg4+
1374,1554,white,300+10,e4 e5 Nf3 d6 d4 Nc6 d5 Nb4 c3 Na6
1429,1706,black,300+5,d3 d5 e3 e5 b3 Bd6 g3 Be6 Bg2 Ne7
1852,1971,black,180+0,e4 e6 d4 d5 exd5 exd5 Bd3 Nf6 Ne2 Be7
1509,1479,black,120+2,e4 d5 exd5 e5 dxe6 Bxe6 Nc3 Nc6 Nf3 Bc5
1363,1590,black,300+0,e4 e5 Bc4 Nc6 Nf3 Nd4 Nxd4 exd4 Qf3 Nf6
1584,1626,black,720+5,e4 e5 Nf3 h5 Nxe5 Qe7 d4 d6 Nf3 Qxe4+
1581,1553,white,300+3,e4 d5 exd5 Qxd5 Nf3 Bg4 Be2 Nf6 Nc3 Qa5
1619,1530,black,1200+15,e4 e5 Nf3 Nc6 Bc4 Nd4 Nxe5 Qg5 Nxf7 Qxg2
1460,1702,white,180+0,e4 c6 Bc4 d5 exd5 cxd5 Bb5+ Bd7 Bxd7+ Qxd7
1367,1534,black,600+0,e4 e5 a3 Nc6 Bb5 Nd4 Bc4 Nf6 Nc3 Bc5
1437,1258,black,300+2,e4 e5 Bc4 Nf6 Qf3 a6 d3 Nc6 c3 b5
2022,1763,white,60+0,e4 e6 d4 d5 Nc3 c5 exd5 exd5 dxc5 Bxc5
1701,1778,black,300+8,e4 g6 d4 Bg7 e5 b6 Bb5 Bb7 f3 e6
1249,1268,white,300+0,e4 e5 d4 f6 d5 d6 Nc3 c6 dxc6 Nxc6
1650,1511,white,300+5,e4 e6 Nf3 Nf6 e5 Nd5 Bc4 Nb6 Bb3 d6
1653,1571,black,180+0,e4 e5 Nf3 Nc6 Nc3 Bc5 Bb5 a6 Bxc6 dxc6
1592,1619,white,300+10,Nf3 d5 c4 e6 d4 Nf6 Nc3 Bb4 cxd5 Nxd5
1759,2026,black,60+0,d4 Nf6 c4 e5 Nc3 exd4 Qxd4 Nc6 Qd1 Bc5
1757,1714,black,480+0,e4 e5 Nf3 d6 d3 h6 Be2 Nf6 O-O Be7
1416,1544,black,600+8,e4 e5 Nf3 Nc6 Bc4 Nd4 Nxd4 exd4 d3 Nf6
1585,1636,white,180+0,e4 e5 Nf3 Nc6 Bb5 Bc5 Nc3 a6 Bxc6 dxc6
1711,1391,white,300+5,e4 b6 Bc4 g6 Qf3 e6 e5 Nc6 d4 Bb7
1491,1497,black,120+2,e4 e5 Nf3 Nc6 Bc4 d6 O-O Bg4 h3 h5
1598,1352,black,1200+15,e4 e5 Nf3 Nc6 Bc4 d6 d4 Nf6 Nc3 Bg4
1418,1786,black,420+3,d4 d5 c4 Nf6 cxd5 Nxd5 Nf3 Nc6 e4 Nf6
1684,1479,white,180+0,e4 e5 Qh5 d6 Bc4 Nh6 h3 Be7 d3 O-O
1713,1256,white,300+0,e4 e5 Nf3 d6 d4 f5 Bd3 f4 Bc4 Nf6
1196,1379,black,300+8,e4 d5 d3 dxe4 d4 e6 Nc3 f5 f4 Nc6
1797,1935,black,180+0,e4 Nc6 Nf3 e5 d3 Nf6 g3 Bc5 b3 d5
1508,1480,white,120+2,e4 d5 exd5 e5 Nc3 Nf6 Bb5+ c6 dxc6 bxc6
1754,2031,draw,60+0,e4 d5 exd5 Qxd5 Nf3 Bg4 Be2 Nc6 O-O Nf6
1817,1944,black,420+5,e4 e6 Nf3 d5 exd5 exd5 d4 Bd6 Bd3 Nf6
1261,1340,white,300+0,e4 e5 d4 exd4 Qxd4 c5 Qd1 Qe7 Nc3 b5
1779,1289,white,300+0,e4 e5 Nf3 Nc6 Bb5 Nd4 Nxd4 exd4 d3 a6
1621,1597,white,180+0,Nf3 Nc6 Nc3 e5 e4 Bc5 Nxe5 Bxf2+ Kxf2 Nxe5
1522,1366,white,-,e4 e5 d3 Nf6 f4 Bc5 Nf3 d5 fxe5 Ng4
1659,1889,black,180+3,d4 Nf6 Bg5 c5 c3 cxd4 cxd4 Ne4 Bd2 g6
2023,1762,white,60+0,e4 e6 d4 d5 Nc3 c5 exd5 exd5 dxc5 Bxc5
1726,1744,white,480+0,e4 e5 d3 d6 h3 Nf6 Be2 Be7 Nf3 O-O
2013,1756,white,480+2,e4 e5 Nf3 Nc6 Bb5 Bc5 c3 Nf6 O-O O-O
1360,1428,white,600+0,e4 c5 a3 d5 Bb5+ Bd7 Bxd7+ Nxd7 exd5 Nb6
1473,1689,black,180+0,e4 d6 Qh5 Nf6 Qf3 Nbd7 d4 c5 d5 Ne5
1410,1681,white,420+3,d4 Nc6 c4 e5 Nf3 Qe7 e3 Qb4+ Nc3 Nxd4
1844,1845,white,180+0,e4 c5 Nc3 e5 g3 d6 Bg2 Nc6 d3 f5
2099,1942,white,300+1,e4 Nc6 d4 e5 Nf3 exd4 c3 d5 exd5 Qxd5
1469,1518,black,120+2,e4 e5 Nf3 Nc6 Bc4 d6 d3 Be7 O-O Bg4
1364,1715,draw,300+5,d4 d5 e3 Nf6 a3 e6 h3 c5 dxc5 Bxc5
1758,2027,black,60+0,d4 Nf6 c3 e5 c4 exd4 Qxd4 Nc6 Qd1 Bc5
1278,1414,black,900+10,Nf3 b6 e4 Bb7 d3 e6 Bg5 Be7 h4 h6
1648,1768,black,900+2,e4 e5 f4 exf4 Nf3 d5 e5 Nc6 d4 Bg4
1468,1550,black,1800+0,e4 e5 Nf3 Nc6 Bb5 Nd4 Bc4 h6 Nxe5 Qg5
1543,1209,white,420+5,e4 d5 exd5 Qxd5 Nc3 Qd7 Bb5 c6 Bc4 b5
1781,1500,white,300+0,e4 d5 exd5 Qxd5 Nc3 Qe6+ Be2 Bd7 Nf3 Bc6
1364,1385,white,360+6,e4 d5 e5 a6 d4 e6 a3 c5 c3 Nc6
1656,1701,black,420+5,d4 e6 h3 Nc6 Nf3 Nf6 e3 d5 c3 a6
1587,1633,black,180+0,e4 Nf6 d4 Nxe4 Bc4 d5 Bd3 e6 Nd2 e5
1753,2057,black,60+0,d4 b6 c4 Bb7 Nc3 e6 Nf3 Bb4 Bd2 Ne7
1574,1700,black,720+5,e4 e5 Nf3 Nc6 Bc4 d6 d3 Bg4 h3 Bh5
1500,1559,white,540+9,e4 e5 d4 exd4 c3 dxc3 Bc4 Qe7 Nxc3 Nc6
1607,1163,white,120+0,e4 e5 Nc3 Bc5 Nf3 Nc6 Bc4 Nf6 d3 Ng4
1522,1798,black,420+8,e4 c5 Nf3 Nc6 Bb5 a6 Bxc6 bxc6 O-O d6
1459,1635,black,1800+0,e4 e5 Nf3 d6 Bc4 Be7 Ng5 Bxg5 Qf3 Nf6
1255,1274,black,300+0,d4 d5 e3 Nc6 f3 e5 Ne2 e4 fxe4 dxe4
2061,1750,white,60+0,e4 e6 d4 d5 exd5 exd5 Bd3 Nf6 c3 c5
1732,1737,white,480+0,e4 e5 d4 Nc6 d5 Nb8 f3 d6 c4 h6
1459,1980,black,120+2,e4 e6 d4 d5 exd5 exd5 Nc3 Nf6 Be3 Bb4
1694,1861,black,420+7,e4 Nf6 e5 Nd5 Bc4 Nb6 Bb3 Nc6 f4 Nd4
1500,1658,white,300+8,e4 e5 Nf3 Nc6 d4 exd4 Nxd4 Bc5 Nf3 d6
1746,2064,black,60+0,d4 b6 c4 Bb7 Nc3 e6 Nf3 Bb4 g3 Ne7
1153,1609,black,120+0,e4 b6 Bc4 Bb7 Qh5 e6 d4 Bxe4 Nc3 Bxc2
1855,1931,white,180+0,e4 Nf6 Nc3 d5 exd5 c6 dxc6 Nxc6 Nf3 e5
1591,1645,white,300+0,e4 e5 Nf3 Nc6 Bb5 Bc5 Bxc6 dxc6 O-O Bd6
1647,1559,black,420+5,d4 d5 h3 Nf6 Nf3 c5 Be3 cxd4 Bxd4 Nc6
1636,1500,white,60+1,d4 d6 e3 c6 Nf3 Nf6 Be2 Bg4 O-O Nbd7
1743,1893,black,60+0,d4 Nf6 c4 g6 Nc3 Bg7 Nf3 d6 g3 O-O
1518,1646,white,420+8,e4 e5 Nf3 Nc6 Bb5 d6 Bxc6+ bxc6 h3 Nf6
1306,1318,white,900+0,e4 d5 exd5 Qxd5 Nc3 Qd8 d4 Nf6 Nf3 h6
1415,1374,white,600+0,e4 c5 Nf3 Nf6 Bc4 e6 e5 Ne4 Nc3 Nxc3
1411,1442,white,300+2,e4 c5 Bc4 e6 d3 a6 a3 Nc6 c3 Nf6
1981,1458,white,120+2,e4 d5 e5 Nc6 d4 f6 f4 fxe5 fxe5 g6
1630,1604,white,300+0,Nc3 d5 Nf3 Nc6 d4 Nf6 Bg5 h6 Bxf6 exf6
1787,1711,black,300+7,f4 d5 Nf3 Nc6 e3 Nf6 Bb5 Bd7 b3 e5
1729,1489,white,120+1,e4 e5 d3 Nc6 f4 exf4 Bxf4 d5 exd5 Qxd5
1506,1699,black,60+0,Nc3 d5 e4 d4 Nce2 e5 Ng3 c5 d3 Nc6
1934,2032,black,120+0,d4 Nf6 Nc3 d5 e4 dxe4 f3 exf3 Nxf3 Bg4
1903,1951,white,420+5,e4 e6 Nf3 d5 Nc3 d4 Ne2 c5 d3 Nc6
1642,1492,black,60+1,d4 d5 e3 Bf5 Nf3 c6 Bd3 Bg6 Bxg6 hxg6
1552,1276,white,720+6,e4 d5 Nc3 d4 Nce2 c5 b3 g6 Bb2 Bg7
1457,1982,black,120+2,e4 e6 Nf3 d5 exd5 exd5 d4 Nf6 Nc3 Bb4
1958,1576,white,1200+15,e4 e6 d4 Nc6 d5 exd5 exd5 Qe7+ Be2 Ne5
1706,1429,white,300+5,e4 g6 Bc4 e6 Ne2 Bg7 c3 b6 O-O Bb7
1468,1714,black,120+1,e4 e6 d4 d5 Nc3 dxe4 Nxe4 Nf6 Bd3 Nc6
1607,1707,black,900+4,e4 e5 Nf3 Nc6 Bc4 d6 d4 Bg4 d5 Nd4
1868,1833,white,180+0,e4 c5 Nc3 Nc6 g3 e5 Bg2 d6 d3 f5
1449,1548,white,180+2,e4 c5 d3 Nc6 f4 Qa5+ c3 e6 g4 d5
1462,1499,black,60+2,d4 e5 dxe5 d6 exd6 Bxd6 e4 Nf6 e5 Qe7
1878,1983,black,180+0,e4 g6 Nc3 Bg7 d3 d6 Be3 a6 Qd2 Nd7
1368,1559,black,480+5,e4 e5 Bc4 d6 Qf3 Qe7 Nc3 Be6 Nd5 Qd7
1507,1626,black,60+1,d4 d5 Bf4 e6 c4 Bd6 Bg3 Bxg3 hxg3 dxc4
1772,1962,white,300+8,e4 d5 exd5 e6 dxe6 Bxe6 h3 Bc5 d4 Bxd4
1533,1307,white,420+8,e4 d5 e5 f6 exf6 exf6 d4 c5 Bb5+ Bd7
1430,1601,black,300+2,e4 e5 Bc4 Nc6 d3 Nd4 c3 Ne6 Nf3 d6
1761,1642,black,300+0,e4 e5 Nf3 Nc6 Bc4 Bc5 d3 Nd4 Ng5 Nh6
1726,1744,black,480+0,e4 e5 d3 d6 h3 d5 Nd2 d4 Be2 f6
1773,1630,black,1200+0,e4 Nc6 Nf3 e5 Bc4 d6 O-O Be7 d4 exd4
1984,1456,white,120+2,d4 d5 c4 e6 Nc3 dxc4 e3 b5 Nxb5 a6
1328,1422,black,900+10,e4 b6 Bc4 Bb7 d4 Bxe4 f3 Bb7 Ne2 a5
1175,1546,black,420+5,Nf3 e6 g4 d5 Bg2 e5 Nxe5 Qe7 Nd3 Bxg4
1344,1529,black,480+0,d4 Nf6 f3 c5 c3 d5 e4 dxe4 Qa4+ Bd7
1402,1711,black,300+5,h3 d5 g3 e5 Bg2 Nf6 e3 Bd6 Ne2 O-O
1500,1373,black,300+8,e4 d5 Qh5 dxe4 Bc4 e6 Nh3 Bb4 Ng5 Qe7
1468,1624,white,180+0,e4 e5 Qh5 Nc6 Bc4 g6 Qf3 Nf6 d3 Nd4
1634,1726,white,60+1,d4 Nf6 e3 d5 Nf3 c5 Be2 cxd4 Nxd4 e5
1899,1877,white,60+0,e4 e5 f4 Nc6 Nf3 d6 Bc4 Bg4 O-O Nf6
1285,1489,black,60+10,e4 e5 d4 Nc6 d5 Nce7 Nf3 d6 Nc3 Nf6
2064,1518,white,420+0,e4 c5 Nf3 e6 e5 Nc6 Bb5 Nge7 O-O g6
1371,1325,white,180+3,d4 d5 Bf4 e6 e3 Nf6 c4 Bb4+ Nd2 O-O
1631,1483,white,180+0,d4 d5 c4 e6 Nc3 dxc4 e3 e5 Bxc4 exd4
1401,1496,black,60+10,e4 d5 exd5 Nf6 d4 Qxd5 Nc3 Qa5 Nf3 Bg4
1568,1338,white,480+0,Nc3 d5 d4 c6 e4 e6 f3 b5 Bf4 Na6
1762,1791,black,180+1,c4 c5 b3 Nc6 Bb2 e5 Nc3 d6 g3 Bd7
1420,1528,black,300+2,e4 e6 Bc4 d6 d4 Be7 Be3 Nf6 Nc3 O-O
1634,1883,draw,420+5,d4 d5 h3 c6 Nf3 Na6 a3 e6 c3 Be7
2041,1647,white,120+0,e4 d5 exd5 Qxd5 Nc3 Qd8 d4 e6 Be3 Be7
1757,1614,black,300+7,f4 Nf6 Nf3 d5 e3 e6 a3 c5 Bb5+ Nbd7
1879,1383,white,300+8,d4 d5 Bf4 e6 Nf3 h6 e3 g5 Bg3 Bd6
1483,1569,draw,360+6,Nf3 Nc6 g3 e5 d3 Nf6 Bg2 d5 c3 Be7
1537,1474,white,300+8,e4 c5 Nf3 Nf6 Nc3 e6 Bc4 Nc6 d3 Nd4
1640,1655,white,300+0,d4 d5 c4 Nf6 Nc3 e6 Nf3 Bb4 Bd2 Nc6
1870,1862,white,180+0,e4 e5 Nc3 Nc6 Nf3 Nf6 d4 exd4 Nxd4 Nxd4
1605,1476,white,180+0,e4 e5 Bc4 Qh4 Nc3 Bc5 Qf3 Nf6 d3 O-O
1867,1909,white,60+0,e4 c5 Nf3 d6 Nc3 Nf6 Bb5+ Nbd7 O-O a6
1497,1813,black,180+6,e4 e5 Nf3 Nc6 Bb5 d6 h3 Bd7 O-O Nf6
997,1089,black,600+0,d4 Nc6 e3 e6 Na3 Bb4+ c3 Ba5 b4 Nf6
1645,2043,black,120+0,d4 Nf6 g3 d5 Bg2 Bf5 e3 e6 Ne2 Bd6
1646,1498,black,1080+0,d4 e6 Nf3 c5 c3 Nc6 e3 Qa5 Bd2 Qb6
1500,1321,black,60+0,e4 e5 Qh5 Nc6 Bc4 g6 Qf3 Nd4 Qe3 Nxc2+
1694,1894,black,180+3,Nf3 Nf6 d4 g6 g3 Bg7 Bg2 c6 O-O d6
1752,1610,white,180+1,c4 e5 b3 d5 cxd5 c6 dxc6 Nxc6 Bb2 Bc5
1150,1455,white,300+10,e4 e5 Nf3 Nc6 c3 f6 d4 exd4 Nxd4 Qe7
1382,1280,white,60+10,e4 e5 Nf3 Nc6 d4 exd4 Nxd4 d5 exd5 Qxd5
1500,1453,black,60+0,e4 e6 Qh5 Nc6 Bc4 Nf6 Qf3 Nd4 Nh3 Nxc2+
1755,1716,white,480+0,e4 e5 d4 Nc6 d5 Nb8 f3 d6 c4 h6
1603,1759,white,180+1,Nc3 c5 f4 b6 e4 Bb7 Bc4 Nc6 Nf3 g6
1468,1613,black,180+0,e4 d6 Bc4 e5 Qh5 g6 Qf3 Qf6 Qxf6 Nxf6
1517,1641,white,300+0,e4 e5 Nf3 Nc6 d4 exd4 Nxd4 Bc5 Nxc6 bxc6
1707,1329,white,540+9,e4 e5 d4 Nc6 Bc4 Nf6 dxe5 Nxe5 Bb3 Nxe4
1343,1500,black,900+8,d4 Nf6 Bg5 c5 dxc5 e6 c4 Bxc5 e4 Bxf2+
1673,1460,white,300+0,e4 c5 Nf3 d6 d4 cxd4 Nxd4 a6 Nc3 g6
1566,1941,black,720+5,e4 d5 exd5 e6 Bb5+ c6 dxc6 bxc6 Ba4 Bc5
1953,1588,white,60+24,e4 d6 d4 Bd7 Nc3 e5 Nf3 exd4 Nxd4 Nc6
2091,1643,white,0+1,e4 d5 exd5 Qxd5 Nf3 Qd8 Be2 e6 O-O Be7
1624,1532,white,300+0,Nc3 e5 Nf3 Nc6 e3 Nf6 d4 exd4 Nxd4 Nxd4
1271,1244,black,60+10,e4 e5 d4 f6 d5 d6 Nc3 f5 Bd3 g6
1641,2093,black,0+1,d4 d6 e3 c6 Nf3 g6 Be2 Bg7 O-O Nf6
1496,1450,white,300+8,e4 e6 d4 d6 d5 Nf6 dxe6 Nxe4 exf7+ Kxf7
1500,1387,white,360+0,Nf3 d6 g3 e5 e4 f5 exf5 Bxf5 d3 d5
1573,1573,black,1200+15,e4 c6 Nf3 d5 e5 Bf5 d4 e6 c4 dxc4
1306,1381,black,300+8,e4 d5 Qh5 dxe4 Qe5 Nf6 Nc3 Nc6 Qb5 a6
1683,1676,black,240+0,d4 d5 c3 f6 Nd2 Be6 Ngf3 Bf7 g3 Nh6
1900,1634,white,180+3,e4 e5 Nf3 Nc6 d4 exd4 Bc4 Nh6 c3 dxc3
2095,1626,white,0+1,e4 d5 exd5 Nf6 d4 Nxd5 c4 Nb6 Nc3 N6d7
1337,1440,white,540+5,d4 d5 c4 e6 cxd5 Qxd5 Nc3 Qd8 Bf4 Bb4
1743,1620,white,180+1,c4 Nf6 b3 e5 Bb2 d6 g3 Bf5 Bg2 Qc8
1566,1709,white,360+6,e4 c5 Bc4 d6 Nf3 a6 a4 g6 Nc3 Nf6
1725,1612,draw,720+8,e4 e6 Nf3 d5 exd5 exd5 d4 Nf6 Be2 Bb4+
1448,1682,white,480+0,e4 a6 d3 b6 a3 Bb7 Nc3 h6 h3 g6
1494,1342,black,0+8,e4 c5 Bc4 d6 c3 b6 Nf3 e6 d3 Bb7
1461,1466,black,180+0,e4 e5 Bc4 Nc6 Qh5 Qf6 d3 g6 Qf3 Bc5
1504,1534,black,120+0,e4 d6 f4 e6 d4 b6 c4 Be7 Nc3 Bb7
1884,1549,white,420+5,d4 e6 Bf4 Nc6 Nf3 Qf6 e3 d6 Nbd2 Bd7
1765,1353,black,480+0,e4 e5 d4 exd4 Qxd4 Nc6 Qe3 b6 Bb5 Bb7
2097,1624,white,0+1,e4 d6 Nf3 e5 d4 f6 dxe5 fxe5 Nxe5 Nf6
1189,1425,black,600+0,e4 e5 Nf3 Nc6 Nc3 Nf6 Bc4 h6 d3 d6
1564,1532,white,300+8,d4 d5 c4 Bf5 c5 e6 b4 Nc6 b5 Na5
1500,1319,black,120+0,d4 d5 f3 Nf6 Nc3 c5 dxc5 e6 e4 Bxc5
1546,1493,black,120+0,e4 c6 Bc4 d5 e5 dxc4 Nf3 b5 d3 Bb7
1638,1641,white,420+5,d4 d5 h3 c5 Nf3 Nf6 c3 c4 a3 a6
1662,1510,black,480+0,d4 d5 e3 e6 h3 a6 g3 Nc6 Bg2 e5
1342,1623,white,0+1,e4 d6 d3 e6 Nd2 f6 Ngf3 Be7 g3 Nh6
2099,1623,white,0+1,e4 d5 Nf3 dxe4 Ng5 f5 h4 Nf6 f3 h6
1817,1390,white,300+8,d4 d6 c3 c6 Nf3 f6 g3 Nd7 Bg2 c5
1629,1715,white,300+0,e4 d5 exd5 Nf6 Nc3 e6 dxe6 Bxe6 Bb5+ c6
1376,1744,white,480+0,d4 d5 c4 dxc4 e4 b5 Nc3 c6 a4 Qd7
1316,1958,black,600+10,e4 e5 c3 Nf6 d4 Nxe4 dxe5 d5 c4 Bb4+
1621,1471,black,0+1,e4 d6 d4 e6 f4 Be7 Nf3 Nf6 Bd3 O-O
1523,1384,white,300+2,e4 e5 Nf3 d6 d4 Qe7 d5 f6 Be2 g5
1605,1486,black,0+1,e4 d6 d4 e6 c4 Be7 Nc3 Nf6 Be3 Bd7
1723,1398,white,480+0,e4 c5 e5 d5 exd6 exd6 d4 cxd4 Qxd4 Nc6
1098,983,white,1800+30,e4 e5 Nf3 f6 d3 h5 h3 g6 g4 d6
1935,1818,white,180+0,e4 c5 b4 cxb4 d4 e6 f4 d5 e5 Nc6
1500,1363,black,60+0,e4 e5 Qh5 d6 Nf3 g6 Bc4 gxh5 Ng5 h6
1501,1590,black,0+1,e3 d5 d3 e5 Bd2 c5 Be2 Nc6 f4 Bd6
2101,1531,white,0+1,e4 d6 d4 e6 Nc3 b6 Bd3 Bb7 Nge2 Be7
1357,1651,black,720+8,e4 e6 e5 d6 exd6 Bxd6 d4 Nf6 Nf3 O-O
1521,1626,draw,300+8,c4 e5 Nc3 Nf6 d4 exd4 Qxd4 Nc6 Qd1 Bc5
1599,1682,black,540+7,e4 e5 d3 Nc6 Nf3 Nf6 Bg5 Bc5 Be2 h6
1639,1611,white,60+1,d4 d5 e3 c6 Nf3 Bg4 Be2 e6 O-O Nd7
1409,1189,black,300+2,e4 c6 Nf3 d5 d3 d4 c3 c5 e5 e6
1940,1777,white,900+2,Nf3 d5 c4 c6 e3 Bf5 Qb3 Qd7 cxd5 cxd5
1374,1530,white,0+1,e4 d6 d3 e6 Nd2 b6 Ngf3 Be7 g3 Nf6
1599,1500,white,900+4,e4 c6 Nf3 d5 e5 g6 d4 Bg7 c4 e6
1236,1503,white,180+0,e4 e5 Nf3 d6 Bb5+ c6 Be2 Nf6 Nc3 Nbd7
1615,1657,black,360+4,d4 d5 c4 dxc4 e3 Nc6 Bxc4 e5 d5 Nb4
1500,1455,black,120+2,e4 d5 Qh5 Nf6 Nf3 dxe4 Bc4 Nxh5 Ng5 e6
1608,1493,black,0+1,e4 d6 d3 e6 c3 Be7 Nd2 Nf6 Ngf3 O-O
1646,1464,white,120+2,d4 d5 Bf4 Nc6 Nf3 Bf5 a3 Nf6 e3 Ne4
1512,1392,white,0+1,e4 e5 Bc4 d6 d3 b5 Bb3 c6 a3 Bb7
1599,1506,white,0+1,e4 d6 d4 e6 f4 g6 Nf3 Bg7 Bd3 e5
1384,1521,black,0+1,e4 b6 d3 Bb7 Nd2 d6 b4 Nd7 Bb2 c6
1377,1256,white,300+2,e4 d6 d3 c5 Qe2 g6 c3 Bg7 f3 b5
1498,1607,black,0+1,e3 d5 d4 e5 Bb5+ c6 Bd3 e4 Be2 f5
1500,1364,black,120+0,e4 e5 Qh5 Nc6 Bc4 g6 Qf3 Nf6 Nh3 Bg7
2102,1812,black,0+1,e4 c6 d3 d5 exd5 cxd5 Nf3 Nf6 Be2 Bg4
1409,1376,black,180+0,e4 e5 Nc3 Bc5 f3 Nf6 g3 Nc6 Na4 Bd6
1530,1751,black,180+1,e4 c5 Bc4 b6 d3 Bb7 c3 a6 a3 e6
1723,1769,white,900+2,e4 e5 Nf3 Nf6 Nc3 Bb4 d3 O-O Be2 d5
1440,1383,white,600+3,e4 e5 d4 d5 dxe5 dxe4 Qxd8+ Kxd8 Nc3 Bb4
1650,1600,white,60+1,d4 Nf6 e3 g6 Nf3 d6 Be2 Bg7 O-O O-O
1615,1490,white,0+1,e4 d6 d4 e6 f4 Be7 Nf3 Bd7 Bd3 Nf6
1500,1327,white,120+0,e4 e5 Qh5 d6 Bc4 h6 Qxf7#
1613,1260,white,120+0,e4 e5 Qh5 d6 Bc4 Qf6 Nf3 Be7 Ng5 Qxg5
1488,1284,black,0+1,e4 d6 Bc4 Nf6 Qf3 g6 d3 Bg7 Bg5 O-O
1785,1943,white,300+0,e4 Nc6 d4 e5 d5 Nce7 c4 Ng6 Nc3 Nf6
1380,1643,black,180+3,d4 d5 Bf4 Bf5 e3 e6 c4 dxc4 Bxc4 c6
1482,1283,white,180+0,d4 d5 e3 c5 c3 cxd4 cxd4 Nc6 Nc3 e6
1801,1644,white,180+0,e4 e5 c4 Nc6 Nc3 d6 d3 Bd7 h3 h6
1945,1946,black,420+3,e4 e6 d4 d5 exd5 exd5 Nf3 Bg4 c3 Bd6
1649,1895,black,420+5,d4 d5 h3 Bf5 Nf3 Nf6 a3 e6 Bg5 Be7
1292,1483,black,0+1,e4 d6 Nf3 e6 d3 Be7 Be2 Nf6 O-O O-O
1736,1517,white,480+8,e4 c6 Nf3 d5 exd5 cxd5 Nc3 e6 d4 Bb4
1259,1143,white,60+10,e4 b6 d4 Ba6 Bxa6 Nxa6 d5 c6 Nc3 cxd5
1660,1679,white,60+1,d4 c5 e3 cxd4 Nf3 dxe3 Bxe3 e6 a3 Nc6
1306,1472,black,0+1,e3 d6 f4 e6 Qf3 Be7 Ne2 Bd7 g3 Nf6
1756,1526,white,180+1,c4 d6 b3 e6 Bb2 b6 g3 Nf6 Bg2 c6
1637,1807,white,180+0,Nf3 d5 e3 c5 Ne5 a6 Nc3 Be6 d4 c4
1375,1574,black,300+8,d4 d6 d5 c6 e4 cxd5 exd5 e5 Bb5+ Nd7
1428,1621,black,360+6,d4 d5 h3 c6 Nc3 Nf6 Bg5 e6 e4 h6
1121,1430,black,900+10,e4 b6 Qh5 Bb7 Bc4 e6 Nf3 Bxe4 Ng5 g6
1478,1298,white,0+1,e4 d6 Bc4 Nf6 Qf3 g6 d3 Bg7 Bg5 O-O
1311,1522,white,300+8,e4 e5 Nc3 Bc5 d3 b6 g3 Bb7 Bg2 Nc6
1904,1656,white,180+3,e4 e6 d4 d5 Nc3 Nf6 Bg5 Be7 e5 Nfd7
1781,1829,white,300+0,e4 c5 c4 e6 Nc3 Nc6 d3 Nd4 g3 d6
1291,1484,black,0+1,e3 d6 g4 e6 Bg2 Be7 f4 Nf6 Qf3 Ne4
1819,1791,white,300+0,d4 d5 c4 Nf6 Nf3 e6 Bg5 Be7 e3 c6
1270,1488,white,180+0,e4 e5 Nf3 d6 Bc4 Nc6 d3 Qf6 Ng5 Nd8
1489,1284,black,0+1,g3 d6 Bg2 Nf6 d3 g6 Bd2 Bg7 c3 O-O
1500,1620,draw,600+8,e4 e5 Nf3 Nc6 Nc3 Nf6 Bc4 h6 O-O Bb4
1500,1384,black,300+2,e4 e5 Bc4 d6 Qf3 f6 Bxg8 Rxg8 Qh5+ g6
1305,1472,white,0+1,e3 d6 f4 e6 Nf3 Be7 Be2 Nf6 O-O O-O
1364,1476,white,600+0,e4 d5 Nc3 d4 Nb5 a6 Nxd4 Qxd4 d3 Nf6
1148,1106,draw,1800+30,g3 e5 Bh3 d6 b3 Bxh3 Nxh3 Qc8 Ng1 c5
1261,1266,black,60+10,e4 e5 Nf3 Nc6 Nc3 Nf6 Bc4 Nd4 Ng5 d5
1297,1456,white,0+1,e4 d6 d4 e6 Nf3 d5 exd5 exd5 Be2 Bg4
1472,1305,white,0+1,e4 d6 d4 Nf6 d5 g6 e5 Bg7 exf6 exf6
1380,1487,black,300+0,d3 e5 c4 Nf6 b3 Bc5 h3 Nc6 Bb2 Nd4
1600,1760,black,180+1,e4 c5 Nc3 b6 Nf3 Bb7 d4 cxd4 Nxd4 g6
1514,1546,white,1080+0,e4 e5 Bc4 Nf6 d3 d5 exd5 Nxd5 Qh5 Nc6
1477,1566,white,600+8,e4 b6 d4 Bb7 Nc3 e6 a3 Be7 Nf3 d6
1441,1316,black,0+1,e4 d6 Qf3 Nf6 Bc4 g6 d3 Bg7 Bg5 O-O
1369,970,black,300+8,d4 d5 e3 Nh6 b4 Bg4 f3 Bf5 b5 a6
1672,1726,black,60+1,d4 Nf6 e3 d5 Nf3 Bf5 Be2 e6 O-O c5
1655,1181,white,180+0,e4 e5 Nf3 d6 Bc4 Be6 Na3 Bxc4 Nxc4 Nc6
1334,1426,black,0+1,e4 d6 d3 e6 Nf3 Be7 g3 Bd7 Bg2 Nf6
1394,1469,white,300+2,e4 d6 d3 e5 Qe2 Be6 f3 Nc6 c3 Qd7
1691,1591,white,540+7,e4 e5 Bc4 Nf6 d3 d6 f4 Bg4 Nf3 Nc6
1473,1735,white,120+0,d4 Nf6 Nc3 d5 e4 dxe4 f3 exf3 Nxf3 Bf5
1507,1434,white,300+8,d4 Nc6 c3 d5 b4 e6 a3 b6 Qa4 Bd7
1434,1324,black,0+1,e3 d6 d3 e5 Bd2 Nc6 Be2 Bd7 Nf3 Qe7
1634,1838,black,600+8,e4 c5 Nf3 d6 c3 Nf6 Qc2 Nc6 Bc4 e6
1672,2041,black,240+0,d4 Nf6 c3 d5 Nd2 Bf5 Ngf3 e6 g3 Bd6
1324,1434,black,0+1,e4 d6 f3 e6 Ne2 Be7 g3 d5 Bg2 Bc5
1523,1530,white,300+0,e4 c5 Bc4 Nc6 Bxf7+ Kxf7 Qh5+ g6 Qxc5 e6
1003,1116,white,900+0,d4 d5 c3 f6 Nh3 e5 e3 exd4 exd4 Bxh3
1957,1927,white,420+3,Nf3 d5 c4 c6 e3 Nf6 Nc3 Bg4 Qb3 b6
1927,1877,black,180+0,e4 e5 Nf3 Nc6 Bb5 a6 Ba4 Nf6 O-O Nxe4
1347,1352,white,300+8,d4 d5 e3 e5 b4 Bxb4+ Bd2 Nc6 Bb5 Bd7
1657,1388,white,180+0,e4 e5 Nf3 Nf6 Nxe5 Nxe4 Qe2 d5 d3 Bd6
1605,1450,white,900+5,e4 d5 e5 d4 c3 c5 cxd4 Qxd4 Nf3 Bg4
1619,1586,white,300+2,e4 e5 Nf3 Nc6 Bb5 d6 O-O Bd7 d3 Nd4
1295,1310,white,180+0,e4 e5 Nf3 Nf6 Nxe5 d6 Nf3 Nxe4 d4 d5
1649,1767,white,180+1,d4 d5 Bf4 e6 Nf3 c5 e3 a6 c3 b5
1937,1500,black,120+0,c4 e6 Nc3 d5 d4 Nf6 Nf3 c6 Bg5 Bd6
1726,1630,black,480+0,e4 e5 Nf3 d6 d4 exd4 Nxd4 Nf6 Nc3 d5
1392,1322,black,780+0,e4 d5 exd5 Qxd5 c4 Qa5 Be2 Nf6 Nf3 Bg4
1453,1407,black,300+2,e4 e5 d3 d6 Nc3 c6 Qe2 f6 f4 Qb6
1372,1519,black,300+0,d3 e5 c4 Nc6 a3 Nf6 e4 a6 h3 Be7
1583,1700,black,540+7,e4 e5 d3 d5 exd5 Qxd5 Nc3 Qa5 Bd2 Bb4
1662,1341,white,60+1,d4 e6 e3 d5 Nf3 Nc6 Be2 Nf6 b3 Bb4+
1378,1461,black,600+0,e4 e5 a3 d5 Nc3 d4 Nce2 Nc6 c3 Bg4
1557,1325,white,1200+15,e4 e5 Nf3 Nc6 Bc4 Nf6 Ng5 d5 exd5 Nxd5
1644,1711,white,480+0,d4 d5 c4 dxc4 Nc3 a6 a4 c6 e4 b5
1572,1634,white,300+8,e4 c5 Nf3 Nc6 Bb5 Nf6 Nc3 e6 d3 d5
1655,1909,black,180+3,e4 e5 Nf3 Nc6 Bb5 a6 Ba4 Nf6 O-O Be7
1670,1890,draw,240+0,d4 Nf6 c3 d5 Nd2 Nc6 Ngf3 e5 dxe5 Ng4
1427,1381,white,900+0,g3 b6 Bg2 c6 Nf3 Bb7 O-O d5 d4 e6
1430,1321,black,900+3,e4 Nf6 Nf3 Nxe4 Bc4 Nd6 Bb3 b6 d4 Ba6
1737,1645,black,480+0,e4 d6 d4 e6 Nf3 a6 Be2 h6 O-O b6
1811,1915,black,180+0,Nf3 Nc6 g3 e5 Bg2 f5 d3 Nf6 Bg5 d5
1697,1657,white,480+0,e4 d6 d3 e5 Nf3 Bg4 Be2 Be7 O-O Nf6
1452,1387,black,300+1,e4 e5 Nf3 d6 d4 Nd7 dxe5 dxe5 Nxe5 Ngf6
1547,1287,white,300+0,e4 e5 Bc4 Nc6 d3 Bc5 a3 h6 Qf3 Nf6
1359,1515,white,360+8,d4 d5 e3 Nc6 Bb5 Bd7 Bxc6 Bxc6 Qd3 e6
2066,1778,black,420+0,e4 c6 Nf3 d5 e5 Bg4 d4 e6 Be2 Ne7
1560,1500,white,600+8,e4 e5 f4 exf4 Nf3 Nf6 Nc3 d6 h3 c6
1884,1922,black,180+0,e4 Nc6 Nf3 e5 Bb5 f5 Nc3 fxe4 Nxe4 d5
1647,1707,white,480+0,d4 d5 c4 dxc4 Nc3 c6 a4 a6 e4 e6
2076,2131,black,0+1,e4 e6 Nf3 d5 exd5 exd5 d4 Bg4 h3 Bh5
1277,1371,black,420+7,e4 e5 Nf3 Nc6 Bd3 Nf6 O-O Bc5 Bc4 O-O
1632,1627,black,180+5,e4 e6 Nf3 b6 d4 Bb7 Nc3 Bb4 Bd3 Nf6
1563,1624,white,720+5,e4 e5 Nf3 Nc6 Bc4 d6 h3 Be7 c3 Nh6
1378,1027,white,780+0,e4 e5 Nf3 f6 Nc3 Na6 Be2 d6 O-O Bg4
1340,1563,black,1200+15,e4 e5 a3 Nf6 Nc3 Bc5 d3 Nc6 Bg5 h6
1365,1674,white,300+0,d3 d5 c4 dxc4 d4 e6 e3 Bb4+ Nd2 b5
1658,1617,black,480+0,d3 Nf6 e3 e5 h3 Nc6 a3 d5 b3 Be7
1351,1580,black,600+8,e4 e5 Nf3 Nc6 Bb5 a6 Ba4 Nf6 d3 h6
1455,1396,black,480+0,e4 e5 Nf3 Nc6 Bc4 f6 Nh4 f5 Nxf5 d5
2141,2063,black,0+1,c4 g6 Nc3 Bg7 g3 d6 Bg2 c5 e4 Nc6
1340,1640,black,480+7,e4 e5 d4 exd4 Qxd4 Nc6 Qd1 Nf6 Nc3 Bb4
1043,1271,black,600+5,d4 d5 c4 dxc4 Nf3 Be6 e4 Nf6 d5 Bg4
1645,1745,black,420+5,d4 e5 h3 exd4 Qxd4 Nc6 Qe3+ Qe7 Qxe7+ Bxe7
2044,1621,white,180+5,e4 e5 Nf3 Nc6 Bc4 h6 d4 exd4 Nxd4 Nf6
2042,1594,white,420+0,e4 e5 Nf3 Nc6 d4 exd4 Bb5 Qe7 O-O g6
1276,1016,white,600+5,Nf3 a6 g3 b5 Bg2 Bb7 d4 e6 e3 Ne7
1523,1430,white,360+0,d4 d5 Bf4 Bf5 e3 Nf6 Nf3 c6 Nc3 e6
1666,1684,white,60+1,d4 c5 dxc5 e6 a3 Bxc5 b4 Bb6 Bb2 Nf6
1702,1646,white,480+0,Nc3 d6 Nf3 e6 e4 a6 d4 h6 Bd3 b6
1583,1912,black,300+8,e4 d5 exd5 Nf6 Nf3 c6 dxc6 Nxc6 Bb5 Bg4
1844,1628,white,600+8,e4 c5 Nf3 Nc6 d4 cxd4 Nxd4 a6 Nc3 e5
1449,1541,black,420+3,e4 d6 d4 h5 Be2 g6 e5 dxe5 dxe5 Qxd1+
1269,1581,black,420+7,e4 d5 Nf3 dxe4 Ne5 Qd5 Qe2 Qxe5 Qc4 Be6
2113,1874,white,300+1,e4 e5 Nf3 Nc6 Bc4 Nf6 O-O Nxe4 d4 d5
2081,2126,black,0+1,e4 c5 d4 cxd4 c3 dxc3 Nxc3 Nc6 Nf3 g6
1354,1248,black,300+0,e4 e5 Nf3 d6 d4 Nc6 c4 Nce7 d5 Bg4
1221,1437,black,420+0,e3 e5 d3 d5 Nd2 Bb4 c3 Bd6 Ngf3 Nf6
1694,1584,white,480+0,e4 c6 e5 e6 d4 d5 f4 c5 c3 Nc6
1672,1678,black,60+1,e4 d5 exd5 Qxd5 Nc3 Qd8 Bb5+ Bd7 Bc4 e6
1470,1550,black,540+9,e4 e5 Nf3 Nc6 d4 Nxd4 Nxd4 exd4 Qxd4 b6
2068,2137,white,0+1,e4 c5 d4 cxd4 Nf3 Nc6 c3 dxc3 Bc4
1135,1361,white,0+2,e4 d5 d3 dxe4 c4 exd3 Nf3 Nc6 b3 Bf5
1402,1495,draw,240+0,d4 d5 c4 dxc4 Nc3 Nc6 e3 Nf6 Bxc4 e6
1381,1332,white,780+0,e4 e5 Nf3 d6 Nc3 Nc6 Be2 Bd7 O-O Qe7
1869,2122,black,300+1,e4 e6 d4 d5 Nc3 Nf6 e5 Nfd7 f4 c5
2085,1662,white,0+1,e4 c5 d4 cxd4 c3 dxc3 Nf3 Nc6 Bc4 Qb6
1731,1967,black,420+3,e4 e6 d4 d5 exd5 exd5 Be2 Bd6 h3 Nf6
1662,1752,black,180+1,e4 c5 Bc4 b6 Nf3 Nc6 Ng5 e6 c3 Qxg5
2011,1953,black,180+0,e4 c5 Nf3 d6 Bb5+ Bd7 Bxd7+ Qxd7 O-O Nc6
1654,1636,white,480+0,e4 d6 Nf3 e6 d4 a6 Bd3 h6 O-O b6
1555,1661,white,300+0,e4 e5 Bc4 Nc6 a3 Bc5 Qf3 Qf6 Qe2 Nh6
1676,1744,black,240+0,d4 c5 dxc5 e6 Be3 Nf6 b4 a5 c3 axb4
1376,1787,black,300+8,d4 d5 e3 Nf6 f3 e6 Bd3 c5 Ne2 c4
1627,1664,black,360+6,e4 b6 d4 Bb7 d5 Nf6 Nc3 Na6 Nf3 Nc5
1457,1477,white,120+2,e4 e5 Nf3 Qf6 Nc3 c6 d3 h6 Be2 d6
1932,2103,black,180+0,e4 c5 b4 e5 Nf3 cxb4 Bc4 Be7 O-O d6
1580,1911,black,300+8,e4 e6 d4 d5 Nc3 Bb4 e5 c5 a3 Bxc3+
1363,1280,white,300+8,e4 d5 Nc3 Nf6 e5 Ng4 Be2 Nxe5 Bb5+ c6
1570,1333,white,1200+15,e4 Nf6 Nc3 e5 Nf3 d5 exd5 Nxd5 Nxe5 g6
1689,1997,black,60+1,d4 e6 e3 d5 Nf3 Nf6 Be2 Bd6 O-O c5
1200,1422,black,420+0,e3 e5 d3 Nc6 Be2 d5 Nd2 Nf6 Nb3 b6
1703,2008,black,300+0,d4 d5 c4 e6 Nc3 Nf6 cxd5 exd5 Bg5 c6
2110,1926,black,180+0,e4 Nc6 d4 e5 d5 Nce7 c4 Ng6 Nf3 Bc5
1715,1766,white,900+0,e4 c5 Nf3 Nc6 c4 d6 d4 cxd4 Nxd4 e6
2088,1660,white,0+1,e4 c5 Nf3 Nf6 d4 cxd4 e5 Ng8 c3 dxc3
1288,1371,white,360+0,e4 e5 Nf3 Nc6 Bc4 Nf6 O-O Bc5 c3 Na5
1753,1617,draw,360+6,d4 d5 e4 dxe4 Nc3 e6 f3 exf3 Qxf3 Nf6
1678,1699,black,300+0,d4 d5 Nc3 Nf6 f4 Bg4 Nf3 e6 e3 Be7
1492,1405,white,240+0,e4 d5 exd5 Qxd5 Nc3 Qd8 Be2 c6 d3 Nd7
1265,1411,black,420+7,e4 d5 e5 Nc6 Nf3 g6 Qe2 Bg4 Qe3 Bg7
1985,1470,white,120+2,d4 d6 c4 Nf6 Nc3 g6 e4 Bg7 Bd3 O-O
1668,1448,white,900+0,e4 e5 Nf3 Nc6 Bc4 h6 Nc3 Bc5 h3 Nf6
1576,1702,white,480+0,e4 e5 Nf3 d6 d4 exd4 Nxd4 Nf6 Nc3 Be7
1738,1336,white,540+9,e4 e5 d4 exd4 c3 dxc3 Bc4 cxb2 Bxb2 Nf6
1685,1658,black,60+1,d4 c5 dxc5 e6 e3 Bxc5 Be2 Qb6 Nf3 Nf6
1577,1580,white,300+8,e4 e5 Nf3 d6 Nc3 Nf6 d4 Bg4 h3 Bxf3
1658,1685,black,60+1,e4 d5 exd5 Qxd5 Nc3 Qd8 g3 e6 Bg2 Bd6
2055,1797,black,60+1,d4 d5 Nf3 e6 c4 Nf6 Nc3 c6 e3 Be7
1798,2012,black,300+5,e4 c5 Nf3 d6 Bc4 e6 Nc3 a6 a3 b5
1397,1463,black,240+0,c4 d5 cxd5 Qxd5 d4 Nc6 Nc3 Qxd4 Qxd4 Nxd4
1426,1433,black,900+10,e4 b6 d4 Bb7 Bc4 Bxe4
1761,1653,black,180+1,c4 e6 b3 Nf6 Bb2 Bb4 a3 Bd6 g3 c6
1646,997,white,300+0,e4 e6 Nf3 d5 exd5 exd5 Qe2+ Qe7 Qxe7+ Bxe7
1469,1986,black,120+2,e4 e6 Nf3 d5 g3 dxe4 Nd4 f5 Nxe6 Bxe6
1805,1575,white,600+10,e4 e5 Nf3 d6 Bc4 Bg4 d3 Nc6 a3 Nd4
2131,1865,white,300+1,e4 e5 Nf3 Nc6 Bc4 Nf6 O-O Nxe4 Re1 d5
1344,1337,white,540+0,g3 Na6 e3 Nf6 b3 g6 Nc3 Bg7 Rb1 O-O
1321,1391,white,780+0,d4 d5 Nc3 c6 e4 dxe4 Nxe4 g6 Bd3 Bg7
1157,1667,white,60+0,d4 c5 d5 e6 c4 a6 e4 Qc7 Nc3 Bd6
1696,1648,draw,60+1,d4 c5 e3 cxd4 Qxd4 g6 Qd1 Bg7 c3 Qb6
1277,1444,black,900+10,e4 b6 Qh5 Bb7 Bc4 g6 Qf3 f5 d3 Nf6
1930,1811,black,60+1,e4 c6 Nf3 d5 exd5 cxd5 d4 Nc6 Be2 Nf6
1398,1198,black,0+1,e4 c6 d4 d5 exd5 cxd5 Nc3 Nc6 Be3 Nf6
1649,1694,white,60+1,e4 d5 exd5 Qxd5 Nf3 Qd8 Bc4 e6 Ne5 Be7
2090,2183,white,0+1,e4 e6 Nf3 d5 exd5 exd5 d4 Nf6 h3 Be7
1694,1649,black,60+1,d4 c5 dxc5 e6 b4 a5 Bb2 axb4 c3 bxc3
998,1261,black,240+4,e4 e5 Qh5 Nc6 Bc4 g6 Qf3 Qf6 Ne2 Nb4
1472,1646,black,300+0,e4 e5 Nf3 Nc6 Bb5 Bc5 Bxc6 dxc6 d3 Nf6
1642,1710,black,300+0,d4 d5 Bf4 Nf6 Nf3 Bg4 e3 e6 Be2 Be7
1763,1239,white,540+9,e4 b6 Qf3 e5 Bc4 Nf6 d4 Bb4+ c3 Bd6
1733,1590,black,0+1,g3 c6 Bg2 d5 d3 Nf6 c4 e6 cxd5 cxd5
1327,1363,black,480+5,e4 e5 d4 Nc6 d5 Nb4 f4 Bd6 c3 Na6
1687,1591,white,480+0,e4 e6 e5 Nc6 d4 d6 exd6 Bxd6 c3 Nf6
1667,1833,white,720+3,e4 c5 Nf3 d6 Bb5+ Nd7 O-O a6 Bc4 e6
1500,1606,white,60+1,d4 g6 Nf3 Nf6 c4 Bg7 Nc3 O-O e4 h6
1988,1468,white,120+2,d4 d6 c4 Nf6 Nc3 g6 e4 Bg7 Bd3 O-O
1531,1729,black,360+0,d4 d5 Bf4 Nf6 e3 g6 Bd3 Bg7 h3 O-O
1972,1726,white,420+3,Nf3 g6 c4 Bg7 d4 e6 e4 d6 Bg5 f6
1270,1277,black,60+10,e4 e5 Nf3 Nc6 Nc3 Nf6 Bc4 d5 Bxd5 Nd4
1229,1374,black,0+1,e4 e5 Ke2 Nf6 Ke3 Nc6 Kf3 d6 d3 Bg4+
1145,1718,black,300+0,e3 e5 Nf3 d6 g3 Bg4 Bg2 Nf6 O-O Nc6
1217,1384,black,0+1,e4 e5 Bc4 Nf6 Qe2 Nc6 Nc3 d6 Qd1 Be7
1374,1229,white,0+1,e4 c6 d4 Qa5+ Bd2 Qd8 Nc3 Qc7 Nf3 Qd6
2073,1980,draw,180+0,e4 c5 Nf3 d6 c3 Nc6 Be2 Nf6 d4 cxd4
1379,1466,white,240+0,f4 d5 Nf3 Bg4 e3 f5 Be2 e6 O-O Bxf3
1492,1717,black,0+1,e4 e6 Nf3 f5 Bc4 fxe4 Ne5 d5 Be2 Qf6
1388,1448,black,60+6,d4 Nf6 c4 e6 Nf3 d5 e3 c6 Nc3 Be7
1653,1746,black,180+1,e4 c5 Nc3 b6 Nf3 Bb7 Bc4 g6 d4 cxd4
1662,1681,white,60+1,e4 b6 f3 Bb7 Bc4 g6 Ne2 Bg7 Nbc3 d5
1588,1443,white,300+8,e4 e5 Nf3 Nc6 Bb5 f6 Nc3 a6 Ba4 d6
1722,1486,white,0+1,g3 e6 Bg2 Nf6 d3 Be7 c4 O-O Bxb7 h6
1735,1657,white,60+1,d4 f6 Nf3 d6 c4 Bd7 Nc3 a6 e4 g5
1577,1793,black,1200+15,e4 e5 Nf3 Nc6 Bc4 Bc5 Nc3 Nf6 Nxe5 Nxe5
1376,1315,black,360+6,e4 Nc6 d4 e6 e5 d6 f4 dxe5 fxe5 Qxd4
1399,1775,black,540+9,e4 g6 d4 Bg7 Nf3 c5 Bb5 Qa5+ Nc3 cxd4
1517,1360,draw,300+2,e4 d5 exd5 Qxd5 Nc3 Qd7 Bb5 c6 Bc4 Nf6
1727,1596,white,0+1,e3 b6 d4 Bb7 c4 d6 f3 e5 Bd3 exd4
1466,1989,black,120+2,e4 e6 g3 d5 Bg2 d4 c3 c5 cxd4 cxd4
2108,1735,white,0+1,e4 d5 exd5 e6 dxe6 Bxe6 Nf3 Nf6 Be2 Nc6
1621,1749,black,360+6,e4 c5 d4 cxd4 c3 dxc3 Nxc3 e5 Nf3 Nc6
1667,1754,black,240+0,d4 d5 c3 e6 Nd2 Nf6 Ngf3 c5 e3 a6
1377,1392,black,780+0,e4 e5 Nf3 Nc6 Bb5 Qf6 Bxc6 Qxc6 d3 d6
1432,1569,black,360+10,Nf3 d6 e4 e5 Bc4 Qe7 Nc3 Be6 d3 Bxc4
1719,1500,white,300+0,d4 e6 c4 d5 Nc3 Nf6 Bg5 c6 cxd5 exd5
1670,1673,white,60+1,d4 c5 dxc5 e6 g3 Bxc5 Bg2 Qb6 e3 Nf6
2139,2017,white,300+1,e4 c5 d4 cxd4 c3 d3 c4 d6 Bxd3 Nf6
1393,1094,black,0+1,e4 e6 d4 d6 e5 c6 exd6 f6 Nc3 Bd7
1650,1589,white,0+1,b3 d5 Bb2 e6 g3 Nf6 g4 Be7 g5 Ng8
1673,1670,white,60+1,e4 d5 exd5 Qxd5 Nc3 Qd8 Bc4 e6 Nf3 g6
1409,1481,white,0+4,d4 e6 c4 d6 e3 Be7 Bd3 Nf6 Qc2 h6
1989,1983,black,180+0,d4 Nf6 c4 d6 Nf3 g6 Nc3 Bg7 e3 O-O
1623,1971,black,480+0,d3 Nf6 e3 d5 h3 g6 a3 Bg7 Ne2 O-O
2111,1913,white,0+1,e4 e6 Nf3 d5 exd5 exd5 d4 Nf6 h3 Be7
1451,1269,white,900+10,g3 e5 Bg2 Bc5 a4 a5 c3 Qf6 d4 exd4
1608,1599,black,720+6,e4 e5 Nf3 Nc6 Bb5 a6 Bxc6 bxc6 d4 Bb7
1791,1287,white,300+2,e4 e5 Nf3 Nc6 Bb5 a6 Ba4 b5 Bb3 Nd4
1258,1107,white,1800+30,e4 e5 Nf3 Nc6 Bc4 a6 d3 b5 Bd5 Nb4
1907,2118,black,0+1,e4 g6 Nf3 Bg7 d4 d6 e5 Nh6 e6 Bxe6
1799,1533,white,540+9,e4 e5 d4 d5 exd5 Qxd5 c3 b5 Na3 a6
1895,2131,white,0+1,c4 g6 Nc3 d6 Nf3 Bg7 d3 Nf6 g3 O-O
1734,1659,white,0+1,e3 d5 c4 e6 cxd5 Qxd5 Nc3 Qd8 Nf3 b6
1942,2055,black,180+0,e4 c5 b4 cxb4 d4 d5 e5 Nc6 Nf3 Qb6
996,1265,black,240+4,d3 d5 e4 d4 c3 e5 cxd4 exd4 Bf4 Bb4+
1614,1503,draw,60+10,g3 d5 Bh3 Nc6 Bxc8 Qxc8 e3 e5 Qh5 Nf6
1650,1744,black,0+1,d4 e6 g3 f5 Bg2 Nf6 Nf3 c6 Ne5 Bd6
1659,1500,black,0+1,b3 e6 c4 d5 Bb2 Nf6 e3 Be7 g4 O-O
1314,1340,white,600+5,e4 e6 d4 d5 e5 f6 Nf3 fxe5 Nxe5 Qf6
1991,1465,white,120+2,d4 d5 c4 dxc4 Nc3 a6 a4 e5 d5 Bb4
1510,1550,black,300+8,e4 e5 d4 Qf6 dxe5 Qxe5 f4 Qxe4+ Ne2 Bc5
1500,1724,draw,300+0,d4 d5 Nf3 Nf6 c4 c6 Nc3 Bf5 e3 e6
2125,1901,white,0+1,e4 e6 Nf3 d5 exd5 exd5 d4 Nf6 h3 Be7
1583,1695,black,480+0,e4 e5 Nf3 d6 d4 exd4 Nxd4 Nf6 Nc3 Be7
1650,1579,white,0+1,c3 d5 Qc2 e5 e3 Nc6 b4 e4 d4 f5
1583,1581,black,300+0,e4 b6 Bc4 Bb7 d3 Nf6 h3 d5 exd5 Nxd5
1680,1763,white,180+1,d4 d5 Bg5 e6 Bxd8 Kxd8 e3 a6 c4 dxc4
2109,1631,white,0+1,e4 d5 exd5 Qxd5 Nf3 Qd8 Bc4 e6 O-O Be7
2221,1826,draw,60+0,d4 d5 c4 c6 Nc3 e6 e3 Nf6 a3 Be7
1584,1650,white,180+0,d4 d5 e4 dxe4 Nc3 Nf6 f3 exf3 Qxf3 Bg4
1993,2070,black,180+0,e4 c5 Nf3 Nc6 d4 cxd4 Nxd4 Nf6 Nc3 a6
1381,1534,white,360+3,e4 e5 Nf3 Nc6 Bb5 d6 O-O Bd7 c3 Be7
1265,1266,white,300+3,Nf3 d5 g3 e6 Bg2 Nf6 O-O Nc6 d4 h6
1658,1642,white,0+1,c3 d5 b4 e6 Bb2 Nf6 a4 g6 f3 Bg7
1536,1453,white,240+0,e3 d5 g3 Nc6 Bg2 Bf5 d3 e5 Qe2 Qd6
1752,1827,black,180+1,c4 e6 b3 Nc6 Bb2 Nf6 g3 d5 cxd5 exd5
1637,1597,black,180+0,d4 e5 dxe5 Qe7 Nf3 Nc6 Bf4 Qb4+ Nbd2 Qxf4
1974,1620,white,480+0,e4 d6 Nf3 e6 Nc3 a6 d4 h6 Bc4 b6
1660,1761,black,0+1,c3 d6 e4 e5 d3 f5 f3 Nf6 g3 d5
2153,2009,black,300+1,e4 c5 Nf3 d6 d4 cxd4 Nxd4 Nf6 Nc3 a6
1703,1575,black,480+0,e4 e5 Nf3 Nc6 Bb5 a6 Bxc6 dxc6 d3 f6
1669,1752,black,0+1,b3 e6 c4 f5 Bb2 Nf6 e3 d5 d3 dxc4
1303,1145,white,900+15,e4 b6 d4 Ba6 c4 b5 b3 bxc4 bxc4 c6
1637,1660,black,420+5,d4 d5 h3 b6 Nf3 Bb7 a3 c5 c3 cxd4
1367,1357,black,0+1,e4 e5 Nf3 d6 d4 c5 dxc5 dxc5 Bd2 Nc6
1464,1992,black,120+2,e4 e6 d4 d5 Nc3 Nf6 e5 Nfd7 Bg5 Be7
1451,1394,white,540+5,e4 c5 Nc3 Nc6 Nf3 e6 d4 cxd4 Nxd4 Nxd4
1529,1302,white,120+0,e4 e6 Be2 d6 d3 Bd7 Be3 Qe7 Nc3 Nf6
1624,1668,white,180+0,d4 f5 Bf4 Nf6 Nf3 d5 e3 e6 c4 c6
1272,1265,black,600+5,d4 d5 e3 Nc6 Nc3 Bf5 Bb5 Qd6 e4 dxe4
2019,1721,black,480+2,e4 e5 Nf3 Nc6 Bb5 a6 Ba4 Bc5 c3 b5
1657,1444,white,300+5,e4 d5 exd5 Qxd5 Nc3 Qa5 d4 Nc6 Nf3 Bg4
1143,1333,black,360+12,g3 d5 e3 d4 Bb5+ c6 Ba4 Qd5 b3 Qxh1
1935,1955,black,180+0,e4 c5 b4 Nf6 e5 Nd5 bxc5 Nc6 c4 Ndb4
1541,1670,black,300+8,e4 e5 Nf3 Nc6 Nc3 Bc5 Bc4 Nf6 h3 d6
1380,1510,draw,0+1,e4 d6 d4 e6 e5 b6 exd6 cxd6 Nc3 Be7
1803,1462,white,300+0,e4 d5 exd5 e5 dxe6 Bxe6 d4 Nc6 Nf3 Qe7
1769,1567,black,0+1,e3 e5 d4 d5 dxe5 Qe7 f4 Nc6 Nf3 f6
1475,1381,black,360+0,g3 e5 Bg2 d5 Nf3 e4 Nd4 f5 e3 Bc5
1500,1172,black,540+0,Nc3 d5 d4 e6 e4 dxe4 Nxe4 Bb4+ Bd2 Nc6
1402,1457,white,900+10,e4 b6 d4 Bb7 d5 Nf6 Nc3 e6 dxe6 fxe6
1344,1358,white,300+0,e4 d6 d4 e6 Nc3 Nf6 Nf3 Nc6 d5 exd5
1351,1534,draw,0+1,e4 d6 d4 e6 e5 b6 exd6 cxd6 Nc3 Bb7
1585,1752,black,0+1,e4 e6 Nf3 f5 exf5 exf5 Ne5 Qe7 Qh5+ g6
1592,1562,white,300+0,e4 e5 Nf3 Qf6 Nc3 d6 Nd5 Qd8 Bc4 Be6
1385,1506,white,0+1,e4 d6 d4 e6 e5 b6 Nc3 Bb7 exd6 cxd6
1758,1652,black,0+1,e3 d6 d4 e5 c4 exd4 Qxd4 c5 Qd1 g6
1528,1358,black,0+1,e4 e5 Bc4 Nf6 d3 Nc6 c3 d6 b4 Qe7
1744,1667,white,0+1,g3 g6 Bg2 Bg7 c3 c6 d4 d5 Bd2 e6
1662,1744,black,180+1,e4 c5 Nf3 b6 Bc4 Nc6 d4 cxd4 Nxd4 Bb7
1339,1102,white,360+12,e4 c6 d4 Qa5+ Nc3 Qb4 a3 Qd6 e5 Qe6
1599,1683,white,720+3,Nf3 d5 d4 c5 Bf4 e6 e3 Nc6 c3 Nf6
1651,1831,draw,300+3,e4 c5 d4 cxd4 Nf3 Nc6 Nxd4 d6 c4 Nf6
1627,1526,black,420+5,d4 d5 h3 c5 Nf3 Nc6 c3 Nf6 Bf4 e6
1439,1714,black,240+0,e4 e5 Nf3 Nc6 Bb5 Nge7 O-O d6 Re1 Bd7
1617,1977,black,480+0,d4 Nf6 e3 Nc6 a3 d5 h3 e5 b3 exd4
1496,1319,white,300+8,e4 e6 d4 d5 e5 f6 f4 fxe5 fxe5 c5
1658,1753,black,0+1,c3 e6 Qc2 f5 d4 Nf6 b3 Nc6 f3 b5
1386,1519,black,300+0,e4 c5 Nf3 Nc6 d4 cxd4 Nxd4 e5 Nb3 Bb4+
1404,1489,draw,0+1,e4 d6 d4 e6 e5 f6 exd6 cxd6 Nc3 Be7
1246,1312,black,300+3,e4 d5 d3 dxe4 Be3 exd3 cxd3 Nc6 Nc3 b6
1619,1588,white,180+5,e4 e5 Nf3 Nf6 Nc3 Bb4 d3 d5 Bd2 d4
1504,1834,black,540+9,e4 g6 d4 Bg7 Nf3 c5 Ng5 cxd4 Qf3 f6
1761,1662,black,0+1,e3 c5 d3 Nc6 c4 Nd4 exd4 g6 dxc5 Bg7
1506,1392,black,60+8,e4 e5 Nf3 d6 d4 exd4 Nxd4 Nf6 Bg5 Be7
1531,1425,white,360+10,e4 Nc6 Nc3 d6 a3 Nf6 Bc4 Bg4 f3 Bh5
1407,1487,white,0+1,e4 d6 d4 e6 Nc3 b6 Nf3 Nd7 Be3 Bb7
1363,1275,draw,360+6,e4 e5 Nf3 Nc6 Bb5 Nf6 d3 Bc5 Bxc6 dxc6
2125,1924,white,300+1,e4 Nc6 d4 e5 Nf3 exd4 c3 d5 exd5 Qxd5
1459,1807,black,300+0,e4 c5 g3 Nc6 Bg2 e6 Nf3 Nf6 e5 Ng4
1650,1472,black,0+1,c3 d6 Qc2 e6 b4 b6 Qb3 Bb7 f3 Nd7
1753,1993,black,180+1,c4 e6 b3 d5 cxd5 exd5 Bb2 Nf6 g3 c6
1424,1237,white,0+1,e4 d6 d4 Bd7 Nc3 c6 Nf3 b6 Be3 Be6
1500,1719,white,240+0,d4 d5 c4 Nf6 Nc3 e6 e3 Bb4 Bd2 O-O
1243,1515,white,300+8,e4 e5 d4 b6 d5 Bc5 Nh3 c6 d6 Bb7
1810,1555,white,600+10,e4 d5 exd5 Qxd5 Nf3 Bg4 Be2 Bxf3 Bxf3 Qe5+
1491,1407,white,60+8,e4 e5 Nf3 d6 Bb5+ c6 Bc4 d5 exd5 cxd5
1634,1490,black,0+1,g3 d6 Bg2 c6 b3 b6 Bb2 Bb7 b4 Nd7
1191,1431,black,0+1,e4 e5 f3 Nf6 Ne2 Nc6 d3 d6 Be3 Be7
1583,1567,white,300+30,d4 d5 e3 Nf6 c3 e6 a3 Bd6 Nd2 O-O
1461,1382,black,300+0,g3 d6 Bg2 e6 Nf3 g6 O-O Bg7 e3 b6
1999,1748,white,180+1,d4 d5 c4 e6 Nc3 Nf6 Nf3 a6 e3 dxc4
1437,2111,black,0+1,e4 d6 d4 c6 d5 g6 dxc6 bxc6 Nc3 Bg7
1507,1619,white,0+1,e4 c6 Bc4 e6 d3 b5 Bb3 g6 a3 Bg7
989,1653,black,300+5,d3 d5 e3 e5 c3 Nc6 Nf3 Bd6 Nbd2 Nf6
1939,1976,black,420+3,e4 e6 d4 d5 Nc3 Bb4 exd5 exd5 Bd2 Nf6
1500,1580,white,600+0,e4 e5 Nf3 Nc6 d4 exd4 Nxd4 Bc5 Be3 Bxd4
1621,1610,white,600+8,e4 e5 Nf3 Nc6 Bb5 a6 Bxc6 bxc6 Nxe5 d6
1823,1030,white,300+5,e4 d5 exd5 Qxd5 Nf3 e5 Nc3 Qe6 Bb5+ Bd7
1462,1522,white,60+0,d4 d6 c4 e6 Nc3 b6 Bf4 Bb7 e3 Be7
1374,1741,black,300+8,d4 d5 e3 Nf6 f3 e6 c4 Bd6 c5 Be7
1719,1605,black,60+1,c4 g6 Nc3 f6 g3 Bg7 Bg2 c6 d3 e6
2198,1919,black,180+0,d4 d5 c4 Nc6 cxd5 Qxd5 e3 e5 Nc3 Bb4
1435,1707,black,240+0,e4 e5 Bc4 Nc6 d3 Nf6 c3 Be7 Nf3 d6
1810,1456,white,300+0,e4 d6 d4 Nf6 Nc3 g6 Be3 Bg7 Be2 O-O
1508,1475,black,60+0,e4 d6 Bd3 c5 Be2 Nc6 d3 e5 Be3 Nf6
1781,1798,white,480+4,d4 Nf6 c4 g6 Nc3 Bg7 e4 d6 h3 O-O
2134,1824,white,300+1,e4 c5 Nf3 d6 d4 cxd4 Nxd4 Nf6 Nc3 e6
1824,1818,black,240+1,e4 e5 Nf3 Nc6 Bb5 d6 O-O Nf6 d4 exd4
1310,1564,black,900+15,d4 d5 e3 Nf6 Bd3 a6 Nf3 Bg4 Be2 e6
1603,1431,black,600+5,e4 e6 Nf3 d6 c3 Nf6 d3 Nc6 Nbd2 Bd7
2111,1897,white,0+1,e4 c5 d4 cxd4 Nf3 Nf6 c3 Nxe4 cxd4 d5
1389,1568,black,300+10,e4 c5 d4 cxd4 Qxd4 Nc6 Qd1 e5 Nf3 d6
1455,1440,black,600+10,d4 d5 Nf3 e6 g3 h6 Bg2 Bd6 c3 Nf6
1426,1601,white,1500+0,e4 e5 Nf3 f5 exf5 Nf6 Nxe5 Qe7 Qe2 d6
1500,1398,white,60+8,e4 e5 Nf3 Bc5 Nc3 d6 Bb5+ c6 Bc4 Nf6
1623,1644,white,300+0,e4 e5 Nf3 Nc6 c4 Nf6 Nc3 Bb4 d3 Bxc3+
1524,1628,black,180+5,e4 e5 d4 exd4 Qxd4 Nc6 Qd3 Nf6 Bg5 Be7
1436,1733,black,0+1,e4 d5 exd5 Qxd5 d4 Qa5+ Nc3 c6 Bd2 Qc7
1452,1813,black,300+0,e4 c5 Nf3 Nc6 Bc4 e6 O-O Nf6 Qe2 d6
1981,1993,white,480+2,e4 e5 Nf3 Nc6 Bb5 a6 Bxc6 dxc6 O-O f6
1293,1489,black,300+5,e3 c5 a3 e5 d4 cxd4 exd4 Nc6 d5 Nce7
1330,1658,black,420+5,d4 d5 Nc3 c5 Nf3 cxd4 Nxd4 Nf6 f3 e5
1323,1432,white,180+0,e4 d5 Nc3 d4 Nce2 e5 d3 Nc6 Bd2 f6
1453,1449,black,300+0,d3 b6 e3 Bb7 b3 Nf6 Bb2 g6 Nd2 Bg7
1486,1711,black,240+0,d4 d5 e3 Nf6 c4 e6 cxd5 exd5 Nc3 Be7
1704,1619,white,60+1,c4 g6 Nc3 Bg7 Nf3 b6 g3 Bb7 Bg2 e6
1743,1688,black,240+0,e4 c5 Nf3 Nc6 d4 cxd4 Nxd4 e5 Nxc6 bxc6
1420,1432,black,0+1,e4 e5 d3 Nf6 Bd2 Nc6 Be2 d6 Nf3 Be7
1737,2208,black,60+0,d4 c5 c4 e6 d5 d6 Nc3 e5 Nf3 f5
1479,1662,draw,0+8,e4 g6 Nf3 Bg7 e5 d6 exd6 exd6 d4 Ne7
1645,1287,white,120+0,e4 d5 exd5 Qxd5 Qf3 Qxf3 Nxf3 Bf5 d3 e6
1387,1445,white,0+1,e4 e5 f3 Nf6 g4 Nc6 h3 d6 d3 Be7
1979,1753,white,240+0,d4 c5 Nf3 cxd4 Nxd4 g6 b3 Bg7 Bb2 Qb6
1578,1733,black,60+5,d4 Nf6 Bf4 g6 Nc3 d5 Nf3 Bg7 e3 Bg4
1593,1960,black,600+10,d4 Nf6 e3 g6 c3 Bg7 Nd2 O-O a3 d5
1459,1402,white,300+0,g3 d6 Bg2 e6 b3 Nd7 Bb2 Ne7 Nf3 d5
1281,1398,black,300+5,e4 e5 Nf3 Bc5 c3 d6 d4 exd4 cxd4 Bb4+
1394,1453,white,600+0,d4 d5 c4 Nf6 cxd5 Qxd5 Nc3 Qa5 Bd2 Qb6
1436,1397,white,300+1,e4 e5 Nf3 Nf6 d4 Nxe4 dxe5 Nc6 Bd3 d5
1433,1409,white,0+1,e4 e6 d4 d6 e5 Be7 exd6 Bxd6 Nf3 Be7
1500,1304,white,300+8,e4 d5 exd5 Qxd5 Nc3 Qd8 d4 e6 Nf3 Bb4
1821,2140,black,300+1,d4 Nf6 c4 e5 e3 exd4 exd4 d5 Nc3 Bb4
1713,1789,white,60+1,c4 e5 Nc3 Nf6 g3 c6 Bg2 d5 cxd5 cxd5
1417,1338,black,180+0,e4 c5 Bc4 e5 d3 h6 Qf3 Nf6 Nc3 Nc6
1435,1242,white,0+3,d4 d5 c4 Nf6 Nc3 dxc4 e3 c6 a4 e6
1813,1937,white,180+0,e4 Nc6 Nf3 e5 Bb5 f5 exf5 e4 Qe2 Nf6
1371,1526,black,300+8,d4 d5 e3 Bf5 c4 Nf6 f3 c6 c5 b6
1399,1414,white,0+1,e3 d6 d3 c5 Bd2 b6 Be2 a5 Nf3 e6
1637,1633,white,120+5,e4 e5 Nf3 Nf6 Nxe5 d6 Nf3 Nxe4 Qe2 Qe7
1446,1357,black,0+3,d4 e5 dxe5 Nc6 f4 Bb4+ c3 Ba5
1631,1744,white,180+1,e4 c5 Bc4 b6 Nc3 Nc6 Nf3 Bb7 Ng5 e6
1994,1794,white,360+4,e4 c5 Nf3 d6 Nc3 Nf6 Bc4 g6 e5 Nfd7
1501,1599,white,300+2,e4 e5 Nf3 d6 Bc4 Bg4 c3 Nf6 Qe2 a6
1445,1519,white,0+1,e4 d6 d4 c5 dxc5 dxc5 Qxd8+ Kxd8 Nf3 Bd7
1654,1466,black,300+5,e4 e5 Nf3 Qf6 Bc4 d6 O-O Be6 Be2 h6
1440,1569,white,900+0,g3 d5 Bg2 Nf6 d4 e6 c3 Bd6 Bg5 h6
1726,1965,black,60+1,c4 c5 Nc3 d6 g3 e6 Bg2 Nc6 Nf3 Bd7
1296,1571,black,600+0,e4 e5 Nf3 c6 Bc4 d6 d3 h6 Be3 Nf6
1717,1731,white,240+0,d4 d5 Nf3 c5 e3 Nc6 dxc5 e5 Bb5 Bg4
1409,1443,black,600+10,e4 e6 Nf3 d5 e5 Nc6 d4 f6 exf6 Nxf6
1340,1459,black,0+1,f3 e5 e4 Nf6 d3 Nc6 c3 d6 g4 Bd7
1814,1686,white,600+10,e4 e5 Nf3 d6 Bc4 Be7 d4 Nf6 dxe5 Nxe4
1987,1708,white,540+7,e4 e5 Nf3 Nf6 Nxe5 Qe7 d4 Nc6 Nxc6 Qxe4+
1455,1452,white,600+10,e4 e5 Bc4 d6 d3 h6 c3 a6 Qb3 Qe7
1629,1679,black,360+0,e4 d5 e5 d4 c3 d3 b4 Nc6 f4 Bf5
1415,1395,white,180+10,e4 e5 Nf3 Nc6 d4 exd4 Nxd4 Nxd4 Qxd4 c5
1611,1229,white,0+1,c3 e6 d4 d6 g3 Nd7 Bg2 Ngf6 b3 c6
1572,1468,black,60+5,d4 b6 Bf4 Bb7 Nc3 g6 Nd5 Bxd5 f3 Bb7
1748,1922,black,180+0,e4 Nc6 Nf3 e5 Bc4 Nf6 Ng5 d5 exd5 Na5
1986,1745,white,420+3,Nf3 Nf6 d4 g6 c4 Bg7 g3 O-O Bg2 d6
1409,1467,black,0+1,d3 e5 e3 Nf6 e4 Nc6 Be2 d6 Nf3 Be7
1613,1569,black,0+1,c3 d5 e3 e5 f3 Nf6 e4 Bd6 exd5 Nxd5
1287,1132,white,300+5,e3 e5 a3 d5 b4 e4 Bb2 Nh6 d3 exd3
1647,1637,black,300+0,Nc3 d5 e3 e5 d3 Nc6 Nf3 d4 exd4 exd4
1400,1479,black,0+1,e3 e5 d4 exd4 exd4 d5 Qd3 Nf6 Qe3+ Qe7
1267,1420,white,300+2,Nf3 d6 Nc3 c6 e4 e5 d4 Qe7 Bg5 f6
1635,1508,black,60+8,e4 d5 exd5 Nf6 c4 c6 dxc6 Nxc6 Nf3 Bg4
1677,1491,white,600+8,f4 d5 Nf3 f5 g3 Nf6 Bg2 Nc6 d3 Ng4
1729,1817,black,180+1,c4 Nf6 b3 g6 Bb2 Bg7 Nc3 O-O g3 c6
1418,1856,white,540+9,e4 g6 Nf3 Bg7 c3 c5 d4 cxd4 Nxd4 Nf6
1721,1676,white,60+1,c4 c5 Nc3 d6 g3 g6 Bg2 Bg7 Nf3 Bg4
1329,1390,black,300+5,e4 e5 Nf3 Nc6 d4 d6 c3 Bg4 d5 Nce7
1601,1582,black,0+1,b3 b6 Bb2 c5 g3 Bb7 f3 e6 Bg2 d5
1483,1365,black,420+0,d4 d6 e3 a6 c3 b6 a3 Bb7 b4 h6
2072,1928,white,180+0,e4 Nc6 d4 e5 d5 Nce7 c4 Ng6 g3 Bc5
2118,2165,white,0+1,e4 e6 Nf3 d5 exd5 exd5 h3 Nf6 Be2 Be7
1869,1729,white,240+0,e4 e5 d4 exd4 c3 dxc3 Bc4 Ne7 Nf3 cxb2
1589,1595,black,0+1,c3 Nf6 d4 d5 e3 Bf5 f3 e6 g4 Bg6
1404,1286,black,300+2,e4 Nc6 d3 e5 c3 Nf6 f3 Bc5 Qe2 d5
1258,1575,white,600+0,e4 e5 Bc4 Nf6 d3 d6 c3 Be6 Bxe6 fxe6
1485,1530,white,0+8,e4 e5 Nf3 Nc6 Bb5 d6 h3 Bd7 c3 a6
1292,1600,white,300+8,Nf3 Nc6 Nc3 e5 e3 Nf6 Bb5 e4 Bxc6 exf3
1649,1634,black,300+0,e4 Nc6 Nf3 Nf6 Nc3 d5 exd5 Nxd5 Nxd5 Qxd5
1689,1619,black,360+0,e4 e5 d4 exd4 c3 dxc3 Bc4 cxb2 Bxb2 c6
1874,2146,black,300+1,d4 Nf6 c4 e6 Nf3 d5 e3 c6 Nbd2 Be7
1578,1606,black,0+1,g3 c6 Bg2 b6 b3 Bb7 Bb2 d5 e4 Nf6
1788,1705,white,360+4,e4 e5 Nf3 Nf6 Bc4 Nxe4 Qe2 d5 Bb3 Nc6
1453,1399,black,600+10,d4 e6 Nf3 c5 e4 cxd4 Nxd4 d5 c4 dxe4
1448,1276,black,300+1,e4 e6 Nf3 d5 exd5 Qxd5 Nc3 Qh5 d4 Bb4
1536,1514,white,300+2,d4 e6 c4 Nf6 Nc3 Bb4 e3 d5 c5 b6
1746,1690,white,300+3,e4 e6 Nc3 d5 exd5 exd5 Nf3 Nf6 d4 Bb4
1557,1482,black,60+5,d4 b6 Bf4 Bb7 Nc3 g6 Nf3 Bg7 e4 Nf6
1440,1427,white,600+0,e4 e5 Nf3 Nc6 Bb5 d6 O-O Be7 h3 Nf6
1742,1719,black,240+0,e4 e5 Nf3 f5 exf5 e4 Qe2 Nf6 Nd4 c5
1497,1514,white,0+8,e4 e5 Nf3 c5 Bc4 d6 h3 h6 O-O Nc6
1722,1616,black,240+0,d4 e6 Nf3 d5 e3 Nf6 Be2 Bd6 O-O c6
1590,1824,black,900+8,e4 e5 Nf3 Nc6 Bb5 a6 Ba4 Bc5 O-O d6
1558,1443,white,600+0,e4 e5 d4 Nc6 d5 Bb4+ c3 Nd4 cxb4 a5
1850,1872,black,120+12,e4 e6 d4 d5 e5 c5 c3 Nc6 Nf3 Qb6
1449,1404,black,240+0,e4 d5 e5 e6 d4 Bd7 Qh5 Nc6 Nf3 Qe7
1319,1637,white,300+5,e4 e5 Nf3 Nc6 d4 exd4 Nxd4 Nxd4 Qxd4 c5
2122,1509,white,0+3,c4 g6 Nc3 Bg7 g3 d6 Bg2 e5 e3 f5
1482,1647,black,300+0,Nf3 Nf6 Nc3 Nc6 b3 e5 Bb2 Be7 e4 O-O
1417,1613,black,360+6,e4 e5 Nf3 Nc6 Nc3 Bb4 Bc4 Bxc3 dxc3 d6
1870,1827,white,300+0,d4 d5 Nf3 e6 e3 Nf6 c4 c6 Nbd2 Be7
1502,1637,white,420+3,e4 d6 d4 g6 f4 Bg7 Nf3 e6 Nc3 b6
1475,1352,white,120+4,e4 c5 Bc4 a6 a4 e5 Qh5 Qe7 Nf3 Nc6
1294,1509,white,300+5,e3 e5 a3 d5 b4 Nf6 Bb2 Nc6 Bb5 Bd7
1426,1474,white,0+3,d4 e5 c4 exd4 Qxd4 Nc6 Qd1 Bc5 e3 Qf6
1544,1495,black,60+5,d4 b6 Bf4 Bb7 Nc3 g6 Nf3 Bg7 e3 Nf6
1656,1523,white,60+8,d4 d5 Nf3 Nf6 Bf4 Bg4 e3 e6 h3 Bxf3
1617,1816,black,300+0,e4 c5 Nf3 Nc6 Bc4 e6 O-O d6 d4 cxd4
1509,1416,white,0+8,e4 d5 exd5 Qxd5 d4 Nc6 Nc3 Qxd4 Bd2 Bf5
1568,1391,white,0+1,e4 d6 f3 e6 c3 Be7 d4 Nf6 b3 d5
1551,1566,black,600+1,e4 e5 Nf3 Nc6 Bb5 Nge7 Bxc6 Nxc6 d3 h6
1574,1444,white,1500+0,e4 d5 exd5 Qxd5 Nc3 Qc6 Bb5
1574,1385,white,0+1,e3 d6 g3 e6 Bg2 Be7 Qe2 Nf6 b3 Ne4
1490,1312,white,300+5,e4 e6 Nf3 a6 d4 b5 Nc3 Bb7 Bd3 Bb4
1514,1199,white,60+8,d4 Nc6 g3 Nf6 Bg2 d5 Nf3 Bg4 c3 Bxf3
1343,1192,white,900+1,a4 e5 d4 e4 d5 Nf6 Nc3 c6 e3 cxd5
1710,1790,black,240+0,d4 e6 Nf3 d5 e3 Nf6 Be2 Bd6 Nbd2 O-O
1293,1488,white,240+4,e3 e6 Qf3 f5 Nc3 g6 e4 Bg7 exf5 gxf5
2136,2210,black,120+1,c4 c5 Nc3 Nc6 g3 d6 Bg2 e5 e3 Nge7
1436,1581,black,1500+0,e4 e5 Nf3 d6 Nc3 Nc6 Bb5 Bd7 Qe2 Nb4
1306,1496,white,300+5,e3 e5 a3 d5 b4 Nc6 Bb2 Bd6 Bb5 Bd7
1653,1452,white,300+0,Nf3 Nc6 Nc3 d5 e3 d4 Nxd4 Nxd4 exd4 Qxd4
1531,1508,black,60+5,d4 b6 Bf4 Bb7 Nc3 g6 Nf3 Bg7 e4 Nf6
1580,1555,white,0+1,b3 Nc6 Bb2 d6 f3 e6 e4 Bd7 d3 Be7
1721,1731,black,240+0,c4 e5 b3 Nf6 Bb2 d6 Nc3 Nc6 g3 Bd7
1453,1475,black,180+0,e4 e6 Nf3 d5 e5 f6 d4 c5 c3 cxd4
1448,1590,white,0+3,d4 g6 c4 Bg7 e4 d6 Nf3 c6 Bd3 Be6
1928,1545,black,60+2,d4 e6 Nf3 f5 Bg5 Nf6 Nc3 Bb4 Qd3 O-O
1374,1591,black,480+0,e4 c6 Nf3 e6 d4 h6 Bc4 a6 e5 b5
1425,1656,draw,300+8,e4 d5 e5 f6 exf6 exf6 Qe2+ Qe7 Qxe7+ Bxe7
1798,1696,white,360+4,e4 c6 d4 d5 Nc3 dxe4 Nxe4 Bf5 Ng3 Bg6
1418,1381,black,420+0,d3 d5 e3 e6 h3 f5 a3 Nf6 b3 Bd6
1815,1879,white,300+0,d4 d5 c4 e6 Nf3 Nf6 Nc3 b6 g3 Bb7
1633,1611,white,360+0,e4 e5 Bc4 Nc6 a3 Bc5 d3 Nf6 h3 O-O
1030,1583,black,300+5,e4 e5 d4 exd4 Qxd4 Nc6 Qd5 Nf6 Qb3 Nxe4
1389,1442,white,300+2,e4 c5 d3 Nc6 c3 Qb6 a3 e5 Qe2 Nf6
1395,1575,draw,300+2,d4 d6 c4 Nc6 d5 Ne5 e4 Nf6 Nc3 Ng6
1712,1679,white,900+0,e4 e5 c4 Nf6 d3 Nc6 Nf3 Be7 Na3 d6
1898,1922,black,180+0,d4 d5 c4 Nc6 Nc3 Nf6 cxd5 Nxd5 e4 Nxc3
1903,1839,black,120+12,e4 c5 Nc3 Nc6 g3 g6 Bg2 Bg7 Nge2 d6
1518,1345,white,0+8,e4 e6 Nf3 Nc6 Bb5 Nce7 c3 b6 d4 Bb7
1622,1516,white,60+8,e4 d5 exd5 Nf6 d6 exd6 Nf3 Bg4 Be2 Be7
2222,2126,black,120+1,d4 Nf6 c4 e6 Nc3 Bb4 Bd2 O-O e3 b6
1564,1606,white,60+2,e4 e5 f4 Nc6 Nf3 d6 Bc4 h6 O-O a6
1575,1773,black,0+1,c3 e6 d4 d5 g3 Nf6 Bg2 Be7 f3 c6
1681,1773,white,300+3,d4 Nf6 c4 g6 Nc3 Bg7 e4 O-O e5 Ne8
1807,1755,white,360+4,e4 b6 Nf3 Bb7 Nc3 Nf6 Bc4 Nxe4 Nxe4 Bxe4
1459,1519,black,60+8,c4 e6 Nc3 d6 e4 Nf6 d3 e5 Nf3 Nbd7
1339,1195,white,300+0,Nf3 Nf6 d4 d5 Bf4 Nc6 e3 e6 Ng5 h6
1468,1504,black,300+2,d4 d5 e3 c5 c3 cxd4 Qxd4 Nc6 Qd1 e5
1441,1577,black,600+0,e4 e5 d4 exd4 Qxd4 Nc6 Qd1 Bc5 a3 Qf6
1649,1432,white,300+8,d4 d5 c4 dxc4 e3 b5 Nf3 Bb7 a4 Bc6
2141,2203,black,120+0,c4 c5 Nc3 Nc6 g3 d6 Bg2 e5 e3 Nge7
1785,1451,white,600+0,e4 e5 Nf3 Nc6 Bb5 a5 c3 d6 d4 exd4
1500,1792,black,300+2,e4 e6 d3 d5 exd5 exd5 d4 c5 Qe2+ Be6
1867,1788,white,180+0,d4 g6 Nf3 Bg7 c4 b6 Nc3 Bb7 e4 d6
1390,1709,white,240+0,d4 d5 c4 Nf6 Nc3 e6 e3 Bb4 Qa4+ Nc6
1500,1576,black,60+2,d4 e6 g3 f5 Bg2 Nf6 c3 c6 Nf3 d6
1338,1524,black,0+8,e4 e5 Nf3 Nc6 Nc3 Nf6 Bb5 a6 Bxc6 bxc6
1931,1741,white,180+0,e4 e5 Nf3 f5 d4 fxe4 Nxe5 Nf6 Bc4 d5
1731,1668,black,60+1,c4 c6 Nc3 d5 cxd5 cxd5 g3 Nc6 Bg2 Bf5
1346,1601,white,420+5,e3 d6 Qh5 g6 Qd5 Bg7 c3 Nf6 Qd4 e5
1867,1830,white,300+0,d4 d5 Nf3 e6 Bf4 Nf6 e3 Nbd7 Nbd2 Bd6
1755,1613,white,600+5,d4 d5 c4 c6 e3 Nf6 Nc3 Bf5 Nf3 e6
1537,1702,black,240+0,d4 d5 c4 Nf6 Nc3 e6 Bg5 Be7 Nf3 O-O
1184,1350,black,900+1,e4 a5 Nf3 Nc6 Bc4 e6 Nc3 Bb4 Nb5 d5
2215,2132,draw,120+0,d4 e6 c4 Nf6 Nc3 Bb4 e3 O-O Qc2 b6
1826,1593,black,60+2,d4 d5 Nf3 e6 c4 Nf6 Nc3 Be7 Bg5 O-O
1412,1384,black,360+10,d4 Nf6 Nc3 Nc6 e3 e5 b3 exd4 exd4 Bb4
1644,1929,black,360+0,e4 e6 d4 d5 e5 c5 f4 Nc6 Nf3 Qb6
1577,1689,black,240+0,d4 d5 c4 Nf6 Nc3 e6 Bg5 Be7 Nf3 O-O
1524,1406,white,60+8,d4 e6 g3 d5 Bg2 a6 Nf3 b5 b4 Bb7
1462,1252,black,60+8,b3 d6 Bb2 Nc6 e3 Nf6 Bxf6 exf6 d3 Be7
1530,1332,white,0+8,e4 e6 d4 Nc6 Nf3 d5 exd5 Qxd5 Nc3 Qd8
1598,1612,white,300+8,e4 e5 Nf3 Nc6 Bb5 Nf6 Bxc6 dxc6 d3 c5
1528,1028,white,60+5,d4 d5 Bf4 Nf6 Nc3 c5 dxc5 e5 Bxe5 Bxc5
1676,1871,white,300+0,e4 e5 Nf3 d6 Bc4 Be7 Nc3 Nf6 h3 O-O
1500,1518,white,0+1,b3 c5 Bb2 d6 e3 e6 c4 Nf6 f3 Qe7
1617,1559,white,600+8,e4 d6 f4 g6 Nf3 Bg7 d4 Bg4 c3 Nc6
1584,1797,black,600+0,g3 e5 Bg2 d5 e4 d4 d3 c5 Ne2 Nc6
1556,1433,black,600+8,e4 e5 Nf3 Nc6 Nc3 Nf6 Bc4 h6 d3 Bc5
2134,2212,draw,120+0,c4 c5 Nc3 d6 g3 Nc6 Bg2 e5 e3 Nge7
1796,1427,white,300+2,e4 d5 exd5 Qxd5 Nc3 Qe5+ Be2 Bg4 f3 Bf5
1186,1570,black,300+2,Nf3 Nc6 Nc3 e5 d4 e4 Nxe4 d5 Nc3 Nf6
1736,1695,white,300+3,d4 Nf6 Nc3 e6 Nf3 Bb4 g3 c5 Bg2 cxd4
1583,1971,black,60+2,e4 c5 f4 e6 Nf3 a6 Nc3 d5 exd5 exd5
1346,1309,white,300+0,Nf3 e6 Nc3 Nf6 d4 Bb4 a3 Bxc3+ bxc3 O-O
1475,1684,white,0+3,d4 d6 c4 f6 Nc3 c6 d5 c5 e4 a6
1427,1654,black,300+8,e4 e5 Nf3 Nc6 Bb5 d6 d4 exd4 Nxd4 Bd7
1991,1953,black,420+3,Nf3 Nf6 d4 g6 c4 Bg7 Qb3 d6 Nc3 O-O
1401,1587,white,300+8,e4 e5 Bc4 Nc6 Qf3 Nf6 Nc3 Nd4 Qd3 c6
1356,1177,white,900+1,a4 e5 d4 exd4 Qxd4 Nc6 Qe4+ Be7 Nc3 Nf6
1470,1523,black,0+2,c4 e5 Nc3 Nc6 d3 Nf6 g3 d6 Bg2 Bg4
1819,1876,white,300+0,d4 d5 c4 e6 Nf3 Nf6 Nc3 b6 g3 Bb7
1391,1470,black,300+15,d4 d5 c4 e5 Nc3 Bb4 Bd2 exd4 Nxd5 Bxd2+
1329,1547,black,-,e4 e5 Bd3 Nf6 Nh3 d6 f4 Bxh3 gxh3 Nc6
1457,1683,black,-,d4 d5 c4 dxc4 Nd2 Nc6 e3 Bf5 Bxc4 e6
1363,1471,white,300+0,e4 e5 Nf3 Nc6 Bc4 h6 d3 Nf6 Nc3 Be7
1771,1575,white,120+0,e4 e5 f4 d6 Nf3 exf4 Bc4 h6 h4 Nf6
2209,2137,black,120+0,d4 e6 c4 Nf6 Nc3 Bb4 Bd2 O-O a3 Bxc3
1659,1630,white,300+0,Nc3 Nf6 Nf3 g6 e4 d6 Bc4 Bg7 Ng5 O-O
1510,1534,black,0+3,d4 d5 c4 Nf6 Nc3 e6 e3 Bb4 Nf3 Nc6
1446,1572,black,60+8,b3 e5 Bb2 d6 e3 Nc6 Bb5 a6 Bxc6+ bxc6
1397,1547,white,60+8,e4 d5 e5 g6 d4 Bg7 f4 Bf5 Bd3 Bxd3
989,1879,black,120+2,d3 d5 e3 Nf6 e4 dxe4 dxe4 Qxd1+ Kxd1 Nxe4
1488,1533,white,0+1,c3 e5 d4 exd4 Qxd4 Nc6 Qd1 Nf6 e3 Bc5
1026,1529,black,60+5,e4 e6 d4 d6 d5 exd5 Qxd5 Nf6 Qb5+ Qd7
1596,1522,black,0+1,c3 e5 d4 exd4 Qxd4 Nc6 Qd1 Nf6 b3 Bc5
1880,988,white,120+2,d4 e6 e3 d6 Nf3 f6 Bd3 g6 c4 e5
1569,1581,white,60+2,d4 e6 f4 f5 e3 Nf6 Nf3 Bb4+ c3 Be7
1566,1303,white,-,e4 e5 d3 d6 c4 c5 Nc3 Nc6 Nf3 Bg4
1497,1500,white,0+3,d4 e5 c4 d6 dxe5
1500,1668,white,720+3,d4 e6 c4 Nf6 Bg5 Be7 Nf3 O-O h4 h6
1276,1697,black,240+0,d4 d5 Nc3 Nf6 Nf3 e6 e3 Bb4 Bd2 O-O
1600,1621,white,180+5,e4 e5 Nf3 Nc6 Bc4 h6 O-O Nf6 d4 exd4
1672,1569,white,360+2,e4 d5 exd5 Qxd5 Nc3 Qe6+ Nge2 Nf6 d3 Nc6
1789,1340,white,300+5,e4 e5 Nf3 Nc6 g3 Nf6 d3 d5 exd5 Nxd5
1500,1407,black,300+8,e4 e5 Nf3 d6 d4 f6 c3 h5 Be3 Bg4
1685,1760,black,300+3,c4 Nf6 Nc3 e5 a3 Nc6 e4 a5 d3 Bc5
1356,1184,draw,300+0,Nf3 Nc6 Nc3 d5 d4 Nf6 Bf4 e6 Ne5 Bd6
2151,2192,white,120+0,c4 c5 Nc3 Nc6 g3 d6 Bg2 e5 e3 Nge7
1346,1203,white,60+0,e4 e6 Nf3 Nc6 Bd3 Nf6 O-O d5 exd5 Nxd5
1853,1689,white,120+12,d4 Nf6 Nf3 e6 g3 d5 Bg2 c5 c3 Nc6
1790,1776,white,60+0,e4 e5 f4 d5 exd5 e4 d4 Qxd5 Be3 Nf6
1473,1500,white,180+8,d4 d5 Nf3 Qd6 Bd2 Bf5 c3 Nh6 Ne5 f6
1493,1130,white,0+3,d4 e5 c4 d6 d5 c6 e4 cxd5 exd5 b6
1626,1640,white,300+0,e4 e5 Nf3 Nc6 Bc4 h6 Nc3 Bc5 O-O a6
1287,1495,black,300+2,b4 d5 Bb2 Nc6 b5 Na5 e3 Nc4 Bxc4 dxc4
1569,1581,white,60+2,e4 c5 f4 Nc6 Nf3 d6 Bb5 Bd7 O-O Qb6
1377,1190,black,300+0,e4 Nc6 d4 d5 e5 Bf5 Nf3 e6 c4 Nb4
1585,1688,white,360+8,e4 c6 d4 d5 Nc3 dxe4 Nxe4 Nf6 Nxf6+ gxf6
1693,1748,black,120+3,e4 e5 Nf3 d6 Bc4 Nf6 Nc3 Nc6 h3 Be7
1286,1401,white,360+0,e4 e5 Nf3 d6 Bc4 Qe7 c3 Be6 Qb3 Bxc4
1801,1892,black,60+0,e4 c5 f4 d6 Nf3 Nf6 Nc3 g6 Bc4 Bg7
2062,1937,black,180+0,e4 Nc6 Nf3 e5 Bc4 Nf6 Ng5 d5 exd5 Na5
1298,1456,black,240+4,e3 e5 Qh5 Nc6 Bc4 g6 Qf3 Nf6 b3 Bg7
1579,1791,black,600+0,d4 d5 Nf3 c5 dxc5 Nc6 g3 e6 Bg2 Bxc5
1554,1247,white,180+8,d4 d5 Nc3 Qd6 a3 e5 dxe5 Qxe5 Qxd5 Qxd5
1503,1415,white,60+8,d4 d5 g3 e6 Bg2 Bb4+ c3 Ba5 b4 Bb6
2144,1699,white,240+0,e4 e5 Nf3 Nc6 Nc3 Nge7 d4 exd4 Nxd4 g6
2177,1742,white,60+0,d4 d5 c4 dxc4 Nc3 e5 e3 exd4 exd4 Nf6
1314,1525,black,180+8,e4 d5 Nf3 dxe4 Nd4
1683,1860,white,120+12,d4 d5 c4 e6 Nc3 Nf6 Bg5 Be7 Nf3 O-O
1351,1438,white,300+0,Nf3 b6 Nc3 Bb7 e4 e6 d4 Bb4 a3 Bxc3+
1740,2179,black,60+0,e4 c5 d4 Nc6 d5 Nd4 Nf3 Nxf3+ Qxf3 e5
1562,1851,black,300+0,d4 e6 c4 d5 Nc3 Nf6 Nf3 Be7 cxd5 exd5
1627,1432,white,600+8,e4 e5 f4 f6 Nf3 d6 Nc3 a6 Bc4 Nh6
1467,1382,black,600+10,e4 e5 Bc4 Nf6 d3 Bb4+ c3 Ba5 b4 Bb6
1792,2149,black,60+0,e4 e6 f4 d5 exd5 exd5 Nf3 Nf6 d4 Bd6
1210,1574,black,180+8,e4 Nf6 e5 Ng8 Qe2 Nc6 d4 Nxd4 Qe4 c5
2005,1701,white,240+0,d4 d6 c4 e6 Nc3 Nd7 e4 Ne7 f4 g6
1697,1683,black,240+0,d4 d5 Nf3 e6 e3 Nf6 Be2 Nbd7 Nbd2 Bd6
2182,1900,white,60+0,d4 Nf6 c4 g6 Nc3 d5 e3 Bg7 a3 O-O
1638,1365,white,300+0,e4 d5 exd5 Qxd5 Nc3 Qe5+ Qe2 Qxe2+ Bxe2 Bf5
1817,1977,black,480+2,e4 e5 Nf3 Nc6 Bb5 a6 Bc4 Bc5 c3 Nf6
1897,2186,black,60+0,e4 c5 d4 cxd4 c3 e6 cxd4 d5 e5 f5
1700,1701,white,480+5,b4 e5 b5 c6 a4 a6 c4 Nf6 Bb2 d6
1653,1880,black,120+2,e4 e5 Nf3 d6 d4 exd4 Bc4 Bg4 O-O Nf6
1095,1373,black,480+5,e4 e5 Qh5 Nf6 Qxe5+ Qe7 Qxc7 Qxe4+ Ne2 Qc6
1574,1609,white,600+0,e3 d5 d4 c5 dxc5 Bf5 Be2 e6 Bd3 Bxc5
1478,1378,black,420+0,e4 d6 d4 e6 Nf3 a6 Nc3 h6 Bd3 g6
1668,1614,white,300+10,e4 e5 Nf3 Nc6 Bb5 d6 Nc3 Be7 h3 Nf6
1500,1616,black,0+1,e3 b6 d4 Bb7 f3 d6 e4 e6 c4 Be7
1675,1410,black,300+0,e4 e5 d4 exd4 c3 dxc3 Bc4 cxb2 Bxb2 Nf6
1374,1622,black,0+1,g3 b6 Bg2 c6 b3 Bb7 Bb2 d5 c4 d4
2191,1893,white,60+0,d4 c5 c4 cxd4 Qxd4 Nf6 Qd1 g6 e3 Bg7
1422,1289,white,300+8,e4 d5 e5 d4 Bd3 Nc6 Nf3 e6 c3 Qd5
1952,2047,black,180+0,e4 c5 b4 cxb4 d4 d5 e5 Nc6 Nf3 Qb6
1502,1465,black,120+2,e4 e5 c4 Qf6 Nc3 c6 d3 Bc5 Qf3 d6
1613,1676,white,300+3,e4 e6 d4 d5 Nc3 c5 exd5 exd5 dxc5 Nf6
1889,2195,white,60+0,e4 c6 Nc3 d5 Qf3 e5 exd5 c5 Bb5+ Bd7
1648,1697,white,240+0,e4 e6 Nf3 c5 d4 cxd4 Bc4 Nc6 O-O a6
1588,1184,white,180+8,d4 d5 e3 e6 c4 Bd6 c5 Be7 Nf3 b6
1517,1835,black,60+0,d4 d5 Nf3 Nf6 Nc3 c6 Bf4 Bf5 e3 e6
1620,1281,white,300+2,e4 e5 Bc4 Nf6 d3 Nc6 Nc3 Bc5 Be3 d6
1680,1757,black,120+3,d4 d5 Bf4 Bf5 e3 e6 Bd3 Bxd3 Qxd3 Nf6
1657,1779,white,720+3,e4 e5 f4 exf4 Nf3 Bd6 Bc4 Qe7 O-O Nf6
1500,1358,white,0+1,c3 d5 d4 Nf6 f3 Nc6 e4 e6 e5 Nd7
1681,1586,draw,600+0,e4 e5 Nf3 Nc6 Nc3 Nf6 d4 exd4 Nxd4 Nxd4
2172,1908,draw,60+0,d4 Nf6 c4 g6 Nc3 d5 e3 Bg7 cxd5 Nxd5
1514,1838,black,60+0,d4 d5 e4 Nf6 e5 Nfd7 Bg5 h6 Bh4 c5
1617,1627,black,0+1,c3 b6 e3 Bb7 f3 d6 Bc4 e6 Qa4+ c6
1642,1634,white,300+0,e4 e5 Nf3 d6 Bc4 f5 exf5 Nf6 d3 Bxf5
1361,1503,black,300+0,e4 e5 Nf3 d6 Bc4 Nc6 d3 h6 Nc3 Nf6
1842,1699,black,120+12,e4 c5 Nf3 g6 d4 cxd4 Qxd4 Nf6 c4 Nc6
1916,2163,black,60+0,e4 c5 d4 Nc6 d5 Nb8 c4 d6 Nc3 e5
1765,1685,black,240+0,d4 d5 e3 e6 c4 Nf6 Nc3 Be7 cxd5 exd5
1420,1463,white,420+0,d3 e5 e3 d5 h3 Nc6 a3 Nf6 b3 Be6
1558,1766,black,120+3,d4 d5 c4 dxc4 Nc3 Bf5 e4 Bg6 d5 e6
1609,1149,white,180+8,e4 e5 Qh5 g6 Qxe5+ Ne7 Qxh8 d6 Qxh7 Nec6
1500,1782,white,600+5,d4 Nf6 g3 e6 Bg2 d5 Nf3 c5 dxc5 Bxc5
1971,1943,white,180+0,e4 Nc6 d3 e5 Nf3 f5 Nbd2 Nf6 g3 Bc5
1715,1825,white,120+12,d4 c6 c4 d5 cxd5 cxd5 Nc3 Nf6 Nf3 e6
1655,1428,black,300+0,e4 e5 d4 exd4 c3 dxc3 Bc4 cxb2 Bxb2 Bb4+
1856,1687,white,300+0,d4 d5 e3 Bf5 Bd3 Bxd3 Qxd3 Nd7 Nf3 Nb6
2168,1911,white,60+0,d4 Nf6 c4 g6 Nc3 d5 e3 Bg7 a3 O-O
1477,1612,black,120+2,e4 e5 Bc4 Nc6 c3 Bc5 Qf3 Nf6 h3 O-O
1164,1600,black,180+8,e4 e5 Ne2 d5 d3 dxe4 dxe4 Qxd1+ Kxd1 Nf6
1278,1623,black,300+2,b4 e5 Bb2 f6 a3 d6 c4 Be6 e3 Nd7
1623,1653,white,300+0,e4 e5 Nf3 Nc6 Bb5 Nf6 d3 d6 O-O Bd7
1151,1576,black,300+1,e3 e6 d4 d5 Nf3 c5 c3 Qb6 Ne5 Nc6
1864,1834,white,300+0,d4 Nf6 c4 g6 Nf3 Bg7 e3 O-O Nbd2 d5
1907,2174,black,60+0,d4 c5 c4 cxd4 Nf3 e6 Nxd4 Nc6 Nc3 Bc5
1636,1428,white,120+0,e4 e5 Nc3 Nc6 Bc4 Nf6 d3 Bc5 Nf3 d6
1354,1261,white,300+0,e4 e5 d4 exd4 e5 c5 c4 f6 Bf4 fxe5
1987,1933,black,180+0,d4 d5 c4 Nc6 Nc3 Nf6 Nf3 Bg4 e3 e5
1136,1618,black,180+8,d4 d5 e4 dxe4 d5 Nf6 Qd4 Qxd5 Qxd5 Nxd5
1680,1863,black,300+0,d4 e6 Nf3 d5 c4 Nf6 Nc3 Be7 e3 O-O
1278,1542,black,360+8,d4 d5 e3 g6 Nf3 Bg7 b3 c5 Bb2 cxd4
1640,1636,white,300+0,e4 e5 Nf3 Bc5 Nxe5 Ne7 Bc4 O-O Qf3 d5
1636,1463,black,300+0,e4 e5 d4 exd4 c3 dxc3 Bc4 d6 Nf3 Be6
1698,1752,black,240+0,d3 e5 e4 c5 Nf3 Nc6 Nc3 d6 Bd2 Nf6
1547,1282,white,360+5,e4 e5 Nf3 Nc6 Bc4 Nf6 Ng5 d5 exd5 Nxd5
1759,1508,black,300+0,d4 d5 c4 dxc4 e4 e5 d5 c6 Bxc4 cxd5
1500,1500,white,180+0,d4 f6 Nc3 g5 e4 b6 Qh5#
1625,1125,white,180+8,e4 e5 Nf3 d6 Ng1 Be6 b3 c5 Nc3 c4
1589,1433,black,600+0,d4 d5 Nc3 Nf6 Nf3 Nc6 Be3 Bf5 a3 Ne4
1140,1578,black,300+1,e3 e6 Nf3 d5 d4 c5 c4 Qb6 cxd5 exd5
1450,1455,white,420+0,e4 d6 d4 e6 c4 a6 Nf3 h6 Nc3 g6
1620,1427,white,300+5,e4 c5 f4 d6 d3 f5 Nf3 fxe4 dxe4 Bg4
1777,2179,black,120+0,e4 c5 f3 Nc6 Bb5 d6 Bxc6+ bxc6 Ne2 e5
1968,1946,white,180+0,d4 d5 Nf3 Nc6 g3 Bg4 Bg2 f6 O-O e5
1115,1631,black,180+8,e4 e5 Nf3 Nf6 Be2 Nc6 O-O Nxe4 d3 Nd6
1761,1689,white,240+0,e4 e5 Nc3 d6 Bc4 Nc6 Nf3 Be6 Bxe6 fxe6
1668,1723,white,600+0,e4 e5 Nf3 Nc6 c3 Nf6 d3 Bc5 d4 exd4
1822,1770,white,300+3,e4 e5 Nf3 Nc6 d4 exd4 Nxd4 Nf6 Nc3 d5
1630,1611,white,60+1,d4 d5 e3 e6 Nf3 Nf6 Be2 Bd6 O-O O-O
1573,1429,white,600+0,e4 d5 e5 e6 d4 Nc6 Nf3 f6 exf6 Nxf6
1500,1506,black,0+1,c3 e6 d4 d6 e3 e5 f3 exd4 cxd4 d5
1571,1469,black,1200+30,e4 e5 Qh5 Nc6 Bc4 Qe7 Nf3 Nf6 Qh4 Qb4
1424,1399,white,60+8,b3 e5 Bb2 Nc6 e3 d5 Bb5 Bd6 Bxc6+ bxc6
1489,1513,white,0+1,e4 e6 d4 d6 e5 c6 exd6 Qxd6 Nc3 e5
1535,1781,black,180+6,e4 d5 exd5 Qxd5 d4 Nf6 Nc3 Qa5 Nf3 Bg4
1465,1107,white,180+0,e3 e5 f4 d6 e4
2181,1775,white,60+0,d4 d5 c4 c6 Nc3 e6 e3 Nf6 a3 Be7
1500,1503,black,0+1,c3 d5 d4 e6 f3 Nc6 e4 Nf6 e5 Nd7
1500,1479,draw,300+8,e4 e5 Nf3 Nc6 d4 f5 Nc3 Bb4 exf5 e4
1936,1960,white,180+0,e4 c5 b4 cxb4 d4 e6 f4 d5 e5 Ne7
1470,1077,white,180+0,e3 e5 Bd3 d6 f3 d5 b3 d4 exd4 exd4
1599,1487,white,600+7,e4 e5 Nf3 Nc6 Bb5 Bd6 O-O Qf6 c3 Nge7
1277,1552,black,360+5,e4 e5 Qh5 d6 Bc4 Be6 Bxe6 Qe7 Bxf7+ Qxf7
1662,1470,white,180+0,d4 d6 e4 Nf6 Nc3 g6 Bg5 Bg7 Bxf6 Bxf6
1640,1431,black,60+1,d4 c6 e3 d6 Nf3 d5 Be2 Bg4 O-O e6
1435,1303,black,60+8,b3 Nc6 Bb2 Nf6 e3 e5 Bb5 Bc5 Bxc6 dxc6
1619,1479,white,300+0,e4 e5 d4 exd4 c3 dxc3 Bc4 d6 Qb3 Be6
1206,1555,black,120+0,e4 e5 Ke2 Nc6 Kd3 Nf6 f3 Bc5 c3 d5
1870,1673,white,300+0,d4 c6 e4 d5 exd5 cxd5 Nf3 Bg4 Be2 e6
1651,1580,white,300+0,e4 e6 Nf3 d5 exd5 exd5 Nc3 Nf6 d4 h6
1426,1462,draw,420+0,d3 e5 g3 d5 Bg2 Nf6 b3 c5 Bb2 Nc6
1761,1320,white,300+8,e4 c6 Bc4 d5 exd5 cxd5 Bb3 e6 Nf3 Bc5
1531,1445,white,180+6,e4 e5 Nf3 Nc6 Bb5 d6 h3 Bd7 c3 Be7
1791,1065,white,120+2,e4 e5 Nf3 d6 Nc3
1388,1571,black,300+1,e4 e6 d4 d5 Nc3 dxe4 Nxe4 Nf6 f3 Nc6
1063,1792,black,120+2,d4 d5 e3 Nf6 Qd3 g6 Qb5+ Nc6 Qc5
1558,1201,white,120+0,e4 e6 Nf3 Ke7 d4 Kd6 Nc3 b6 Bc4 Kc6
1201,1558,black,120+0,e4 e5 Ke2 Nc6 Ke3 Nf6 f3 Bc5+ Ke2 d5
1494,1402,black,300+2,e4 e5 d3 d6 Nf3 Qe7 Bg5 f6 Be3 g5
1489,1237,white,300+8,e4 e5 Nf3 Nc6 d4 Bb4+ c3 Bd6 d5 Nce7
1368,1275,white,300+2,e4 e5 Nf3 Nc6 Bc4 Bc5 h3 Nf6 Nc3 d6
1587,1793,black,60+5,c4 Nf6 Nc3 g6 g3 Bg7 Bg2 O-O e3 Nc6
1590,1740,draw,600+5,e4 c5 d3 d6 Nc3 Nc6 Nd5 e6 Ne3 Nf6
1561,1323,white,120+0,e4 e5 Nf3 d6 Bc4 Qf6 Nc3 Be6 Bxe6 Qxe6
2045,2184,black,60+0,e4 c5 Nf3 Nc6 d4 cxd4 Nxd4 e5 Nb3 a6
1597,1677,white,300+10,e4 e5 Nf3 Nc6 Bb5 a6 Ba4 Nf6 O-O b5
2192,2038,white,60+0,d4 Nf6 c4 g6 Nc3 Bg7 e3 d6 f4 O-O
1660,1487,white,300+0,e4 e5 Nf3 Nc6 Bc4 Nge7 Nc3 h6 d3 d6
1332,1510,black,600+0,e3 Nf6 Nf3 d5 Nc3 g6 d3 Bg7 e4 dxe4
1624,1718,black,60+1,d4 c5 dxc5 Nc6 a3 a5 b3 e5 Bb2 Bxc5
1742,1568,white,180+0,d4 Nf6 Nc3 b6 Bf4 Bb7 Nb5 d6 f3 a6
1500,1753,black,1800+30,e4 c5 Nc3 d6 Nd5 e6 Nc3 Nf6 e5 dxe5
1874,1876,white,300+0,d4 e6 c4 d5 e3 Nf6 Nf3 Be7 Nbd2 Nbd7
2168,1947,black,180+0,d4 d5 c4 Nc6 cxd5 Qxd5 e3 e5 Nc3 Bb4
1763,1314,white,300+8,e4 c6 Bc4 d5 exd5 cxd5 Bb3 Nf6 d3 Bg4
1516,1526,white,60+8,e4 d5 exd5 Nf6 Nc3 Nxd5 Nxd5 Qxd5 Nf3 Nc6
1626,1526,white,300+0,e4 e5 d4 Nc6 Nf3 exd4 c3 dxc3 Bc4 Nf6
1258,1465,white,360+1,e4 d6 Bc4 Nc6 c3 Ne5 Qe2 Nxc4 Qxc4 Be6
1633,1618,white,600+8,e4 c5 f4 e6 Nf3 d5 Nc3 a6 d4 dxe4
1511,1502,black,0+1,e4 e5 Nf3 Nc6 d4 Nf6 dxe5 Ng8 Nc3 f6
1495,1496,black,600+0,e4 c5 d4 cxd4 Qxd4 Nc6 Qd1 e6 Nc3 a6
1679,1502,black,600+0,e4 e5 Nf3 Nc6 c3 Nf6 d3 Bc5 d4 exd4
1362,1286,black,300+0,e4 e5 d4 exd4 Nf3 c5 e5 Nc6 Bc4 h6
1400,1664,black,360+10,e4 e5 Nf3 Nc6 b3 Nf6 d3 Bc5 Bb2 d6
1428,1297,black,120+0,d4 e6 e4 g6 Nc3 Bg7 Nf3 Nf6 Be3 d5
1435,1516,black,600+0,e4 e5 Nf3 Nf6 Nxe5 Nxe4 Qe2 d5 d3 Qe7
1803,2009,black,180+0,e4 e6 Nf3 d5 exd5 exd5 c4 Nf6 cxd5 Nxd5
1831,1625,white,300+5,e4 e5 Nf3 Nc6 Bb5 Bc5 O-O Nf6 c3 O-O
1513,1498,white,0+1,e4 e5 Qh5 Nf6 Qxe5+ Qe7 Qxe7+ Bxe7 f3 Nc6
1580,1187,white,600+0,Nf3 c5 d4 d6 dxc5 e5 cxd6 Bxd6 e4 Nf6
1230,1374,black,300+3,e4 e6 d3 d5 exd5 exd5 Nf3 c6 Bf4 Bg4
1197,1649,black,120+0,e4 d5 exd5 Qxd5 f3 Nc6 Kf2 e5 Kg3 f5
1316,1660,white,240+4,e4 c5 Bc4 d6 Nf3 Nf6 d4 cxd4 Qxd4 Nc6
1616,1726,black,60+1,d4 c5 dxc5 Nc6 Nf3 g6 g3 Bg7 Bg2 Nf6
1461,1429,white,420+0,e4 a6 d4 b6 Be2 Bb7 Bf3 h6 Nc3 e6
1660,1315,white,960+0,e4 d5 exd5 Qxd5 Nc3 Qe6+ Be2 g6 d4 Bg7
1539,1437,white,180+6,e4 e5 Nf3 Nc6 Bb5 Nd4 Nxd4 exd4 c3 c6
1642,1566,black,120+0,e4 e5 Nc3 Nc6 Bc4 Nf6 d3 Bc5 h3 d6
1311,1467,black,120+0,e3 e5 d3 d5 g3 Nf6 Bg2 g6 Nc3 c6
1747,1523,white,0+1,g3 e6 Bg2 d6 d3 c6 e4 Qd7 f4 b6
1520,1663,black,600+0,e4 e5 Nf3 Nc6 Bc4 Nf6 d3 d5 exd5 Nxd5
1651,1194,white,120+0,e4 d6 d3 Kd7 d4 Kc6 c4 b6 h3 Kb7
1878,1903,white,420+4,e4 c5 Bc4 e6 Nf3 a6 a3 d5 exd5 exd5
1406,1471,white,420+0,g3 e5 b3 d5 Bb2 Bd6 Bg2 Nf6 a3 Be6
1722,1607,black,900+0,e4 e6 c4 c5 Na3 Nf6 d3 Nc6 Nf3 d5
1702,1592,white,300+0,d4 d5 b3 e6 Bb2 Nf6 a3 Be7 f3 a5
1624,1485,black,600+8,e4 e5 Bc4 Nf6 Nf3 Nxe4 Bxf7+ Kxf7 Qe2 d5
1515,1582,white,60+8,e4 e5 Nc3 Bc5 Bc4 Qf6 Nf3 Nh6 O-O Nc6
1734,2200,black,60+0,c4 c5 Nc3 Nc6 g3 d6 Bg2 e5 d3 Nge7
1525,1805,black,60+8,d4 d5 g3 Nf6 Bg2 g6 Nf3 Bg7 c3 O-O
1738,1688,black,420+0,e4 e5 f4 d6 Nf3 Nc6 Bc4 Nf6 Nc3 Be7
1286,1210,white,420+0,e4 d5 exd5 Qxd5 d4 Qe6+ Be2 Qg6 g3 Qd6
1863,1592,white,420+0,d4 d5 e3 Nf6 Bd3 Nc6 f4 Bg4 Nf3 e6
1508,1422,black,540+5,e4 e5 Nf3 Nc6 Bc4 Nf6 Nc3 Bb4 Ng5 O-O
1420,1337,white,60+8,b3 e5 Bb2 Nc6 e3 d5 Bb5 Qd7 Bxc6 Qxc6
1547,1429,black,180+6,e4 e5 Nf3 Nc6 Bb5 Nd4 Nxd4 exd4 c3 Bc5
1483,1482,black,120+4,e4 e5 Bc4 Nf6 Qf3 d6 h3 Nc6 c3 a6
1640,1620,black,240+4,e4 e5 Nf3 Nc6 Bc4 Bc5 d3 Nf6 Bg5 O-O
1315,1837,black,240+1,e4 c6 Nf3 d5 exd5 cxd5 d4 Nc6 c4 Nf6
1732,1752,white,0+1,c4 e6 Nc3 f5 g3 Nf6 Bg2 Bb4 d3 Bxc3+
1317,1388,draw,360+0,e4 e5 c4 d6 Nc3 Nf6 d3 Be7 h4 O-O
1803,1679,white,60+2,d4 Nf6 Nf3 e6 g3 d5 Bg2 c5 O-O Nc6
1656,1650,white,120+0,e4 c5 d4 cxd4 Qxd4 Nc6 Qe3 d6 Bb5 Nf6
1740,1776,black,0+1,e3 e6 f4 Be7 Be2 Bf6 Bf3 Be7 d4 d6
1725,1594,white,600+5,d4 d5 c4 Na6 Nc3 dxc4 e4 e6 a3 c5
1191,1653,black,120+0,d4 d5 c4 dxc4 Nf3 Bg4 Ne5 Be6 e4 b5
1569,1528,white,60+8,c4 d5 cxd5 Nf6 Nc3 Nxd5 Nxd5 Qxd5 e3 Nc6
1388,1428,black,1500+0,e4 d5 d3 dxe4 dxe4 Nf6 Qf3 Bg4 Qe3 e5
1757,1667,draw,300+4,e4 c6 Nf3 d5 exd5 cxd5 d4 Bg4 h3 Bh5
1672,1812,white,60+2,e4 c6 f4 d5 exd5 cxd5 d4 Nc6 Nf3 Bg4
1437,1273,white,360+5,e4 e5 d3 d5 Nc3 d4 Na4 c5 c3 b6
1838,1312,white,240+1,e4 e5 Nf3 d6 Bc4 h6 O-O Nf6 d4 exd4
1886,1479,white,120+2,d4 d5 e3 e6 Nf3 Bd6 Bd3 Nc6 Nbd2 Bd7
1723,1724,black,300+5,d4 c6 e4 d5 Nc3 dxe4 Nxe4 Bf5 Bd3 Qxd4
1212,1472,white,120+0,d4 Nf6 f3 b6 Nc3 Bb7 e4 e6 e5 Nd5
1668,1396,black,360+10,e4 d5 exd5 Qxd5 Nc3 Qa5 d4 Bf5 Nf3 e6
1033,1455,black,60+5,d4 Nf6 d5 e6 e4 Bc5 f3 O-O e5 Nxd5
1517,1321,black,360+0,d4 Nf6 Bf4 d5 e3 e6 Nf3 c5 Nc3 Nc6
1639,1671,white,120+0,d4 d5 c4 dxc4 Nc3 Nf6 Bg5 Nbd7 e3 h6
1985,1516,white,240+0,d4 d5 e3 g6 c4 dxc4 Bxc4 Bg7 Nc3 Nh6
1452,1798,white,600+10,e4 c5 Bc4 Nc6 Qh5 e6 d3 Nd4 Na3 Nf6
1484,1378,black,600+0,e4 d5 e5 a6 d4 c5 c3 cxd4 cxd4 e6
1439,1403,white,1500+0,e4 d5 exd5 Qxd5 Nc3 Qe6+ Qe2 Nc6 Nf3 Nb4
1868,1725,white,420+0,d4 d5 e3 e6 Bd3 c5 c3 Nc6 f4 Nf6
1310,1840,white,240+1,d4 c6 c4 d5 Nf3 Nf6 Nc3 dxc4 a4 Nd5
1458,1434,black,420+0,e4 a6 d4 b6 Be2 Bb7 Bf3 e6 Bd2 Ne7
1581,1418,white,1800+8,Nc3 d5 g3 d4 Nb5 c6 Na3 Qd5 f3 Bg4
1793,1687,black,60+2,d4 Nf6 c4 e5 d5 Bc5 h3 O-O Nc3 e4
1583,2001,black,600+0,Nf3 d5 d4 Nf6 Nc3 g6 Bg5 Bg7 Bxf6 Bxf6
1476,1888,black,120+2,e4 e5 d3 d6 Nf3 Nc6 Bg5 Be7 Qd2 Bg4
1840,1346,black,300+5,e4 d5 exd5 Qxd5 Nc3 Qd8 Bb5+ Bd7 Bxd7+ Qxd7
1654,1652,white,120+0,e4 e6 f4 d5 e5 c5 Nf3 Nc6 Bb5 a6
1579,1538,black,300+5,c4 e5 Nc3 Bb4 Qb3 Nc6 e3 Nf6 Nge2 O-O
1669,1758,black,1800+30,e4 c5 Nf3 d6 Bb5+ Nc6 h3 Qc7 O-O Nf6
1584,1710,black,300+0,e4 c5 Nf3 d6 b4 b6 bxc5 bxc5 c3 e5
1428,1388,black,120+0,e4 Nf6 e5 Nd5 d4 d6 c3 g6 f4 Bg7
1915,1512,white,300+13,e4 c6 Nf3 e6 Nc3 d5 exd5 exd5 Qe2+ Be6
1265,1444,black,300+2,b4 g6 Bb2 Nf6 c4 Bg7 e3 O-O Nf3 c6
1738,1730,white,0+1,e4 b5 d4 c6 d5 cxd5 Qxd5
1361,1390,black,300+0,Nf3 Nf6 Nc3 d5 d4 Nc6 Bf4 Bg4 h3 Bxf3
2202,1740,white,60+0,d4 Nf6 c4 e6 Nc3 d5 e3 c5 dxc5 Bxc5
1670,1809,black,600+0,e4 c5 Nf3 Nc6 d4 cxd4 Nxd4 e5 Nxc6 bxc6
1328,1428,white,60+8,e4 b6 e5 Bb7 d4 d6 Nf3 dxe5 Nxe5 Nd7
1472,1413,white,120+4,e4 e6 d4 c6 Nf3 Be7 e5 h6 Bd3 a6
1315,1891,black,120+2,e4 e5 Bc4 d6 Nf3 Nf6 Nc3 Be7 Ng5 O-O
1566,1620,black,300+10,d4 Nf6 Nf3 d5 Nc3 g6 e3 Nc6 Bd3 Bg7
1719,1967,white,0+1,g3 e6 Bg2 d5 d3 Nf6 c4 Bd6 cxd5 exd5
1640,1669,black,120+0,d4 d5 c4 dxc4 Nc3 Nc6 Bg5 Qxd4 Qxd4 Nxd4
1670,1672,white,120+2,e4 c5 Nf3 e6 Nc3 Nc6 d4 cxd4 Nxd4 Bc5
1632,1680,white,240+0,e4 e5 Nf3 d6 Bc4 h6 O-O c6 d4 Nd7
1680,1392,white,300+8,e4 d5 exd5 Qxd5 Nc3 Qe5+ Be2 b6 Nf3 Qf6
1469,1494,black,600+0,e4 e5 h3 Nf6 d3 Bc5 Nf3 Nc6 a3 d6
1765,1714,white,300+8,e4 e5 Bc4 Qf6 Qf3 Qg6 Nc3 c6 d3 h6
1950,1737,black,0+1,d4 c6 e3 d5 c4 e6 cxd5 exd5 Bd3 Bd6
1683,1629,black,120+0,e4 e5 Bc4 Nc6 Nf3 Nf6 d4 exd4 Nxd4 d6
1295,1725,black,420+0,e4 e5 d4 exd4 Qxd4 Nc6 Qd1 Bc5 Nc3 Nge7
1846,1500,white,120+2,a3 g6 b3 Bg7 c3 d6 d3 Nf6 e3 O-O
1635,1740,black,300+0,e4 c6 d4 d5 exd5 cxd5 Bb5+ Nc6 Qd3 a6
1512,1987,white,240+0,d4 d5 g3 Bf5 Bg2 e6 Nf3 Nf6 c3 c5
1543,1500,white,240+0,d4 d5 f3 Bf5 g4 Be6 e3 Nc6 f4 g6
1738,2204,draw,60+0,e4 c5 Nf3 Nc6 d4 cxd4 Nxd4 e5 Nb5 a6
1369,1015,white,300+0,e3 e5 g3 f5 Bg2 d6 h3 c5 Ne2 Nh6
1564,1581,white,600+0,e4 e5 Nf3 d6 Bc4 h6 Nc3 Nf6 d3 Bd7
1570,1986,black,480+2,e4 e5 d3 Bc5 Nf3 Nc6 c3 Nf6 Bg5 O-O
2080,1964,white,180+0,e4 Nc6 Nf3 e5 Nc3 Nf6 d4 exd4 Nxd4 Bb4
1933,1754,white,0+1,d4 f6 e3 e5 dxe5 fxe5 Nf3 Nf6 Bc4 d5
1754,1670,black,300+4,e4 e6 Nf3 d5 exd5 exd5 d4 Bd6 h3 Nf6
1451,1486,black,360+3,e4 e5 f4 Nc6 Nf3 d5 d3 dxe4 dxe4 Qxd1+
1208,1813,black,300+5,e4 d5 e5 Nc6 d4 Bf5 Bb5 Qd7 Nc3 a6
2192,1748,black,60+0,d4 Nf6 c4 e6 Nc3 c6 e3 d5 a3 Bd7
1315,1377,white,120+0,e4 b6 d4 Bb7 Bd3 e6 f4 d5 e5 f6
1173,1577,black,300+1,e3 e6 Qf3 d5 Ne2 c5 Nbc3 Qb6 d4 Nc6
1030,1343,white,60+5,d4 d5 e3 Nc6 c4 dxc4 Bxc4 Be6 Qa4 a6
1643,1666,black,120+0,d4 d5 c4 dxc4 Nc3 Nc6 Nf3 Bg4 e3 Bxf3
1500,1386,black,360+0,d4 d6 c4 b6 Nc3 c5 d5 e6 Nf3 Qc7
1473,1631,white,600+10,e4 e5 Bc4 Nf6 d3 g6 c3 Bg7 Bg5 O-O
1770,2165,black,60+0,e4 c5 d4 Nc6 Nf3 cxd4 c3 e5 cxd4 exd4
1481,1491,white,120+4,e4 e5 Bc4 Nf6 Qf3 Bc5 h3 Nc6 c3 Qe7
1817,1597,white,480+0,e4 d5 exd5 Nf6 c4 c6 dxc6 Nxc6 Nf3 Bf5
1985,1876,draw,300+0,c4 e6 g3 d5 Bg2 Nf6 Nf3 Be7 O-O dxc4
1608,1707,white,900+0,e4 e5 c4 c5 Nf3 d6 h3 Na6 a3 Nc7
1775,1576,white,240+0,d4 d5 c4 c6 e3 e6 Nf3 dxc4 Bxc4 Nf6
1458,1445,white,420+0,h3 b6 a3 g6 d3 Bg7 e3 Bb7 Ne2 e5
2168,1768,black,60+0,d4 Nf6 c4 e6 Nc3 d5 e3 c5 dxc5 Bxc5
1454,1265,white,360+5,d4 d5 Nc3 Nc6 e3 e5 Bb5 Bd7 dxe5 Nxe5
1823,1682,white,300+0,e4 e5 Nf3 Nc6 Bb5 Bc5 c3 Nge7 O-O O-O
1917,1596,white,300+13,e4 e6 Nf3 Nf6 Nc3 d5 exd5 exd5 Qe2+ Qe7
1392,1833,black,300+3,e4 c5 d3 Nc6 Bd2 Nf6 a3 d5 exd5 Nxd5
1695,1621,black,300+15,d4 d5 c4 c6 cxd5 cxd5 Nc3 Nf6 Bg5 e6
1341,1449,black,1500+0,d4 d5 Nf3 Nc6 Bf4 Nf6 e3 a6 Bd3 e6
1439,1571,black,240+0,e4 e5 Nf3 d6 Nc3 Nf6 d3 Be7 Be2 O-O
1988,1568,white,480+2,e4 e5 Nf3 d6 d4 Bg4 dxe5 Bxf3 Qxf3 dxe5
1372,1493,white,300+0,e3 e5 g3 Qf6 h3 Nh6 Bg2 c6 Ne2 d5
1790,2142,black,60+0,e4 c5 d4 Nc6 Nf3 Nb8 Bc4 e6 O-O cxd4
1889,1994,black,420+4,e4 c5 f4 Nc6 Nf3 g6 Bc4 Bg7 c3 e6
1666,1667,white,300+0,e4 c6 d4 e6 Nf3 d5 exd5 exd5 Nc3 Be7
1626,1500,white,300+0,e4 e5 d4 exd4 c3 d3 Bxd3 d6 Nf3 Nf6
1614,1712,white,300+0,e4 Nc6 Nf3 f5 e5 d6 Bb5 dxe5 Bxc6+ bxc6
2146,1787,white,60+0,d4 Nf6 c4 e6 Nc3 d5 Bd2 c5 e3 Nc6
1748,1803,white,300+0,d4 Nf6 c4 g6 Nc3 d5 Nf3 Bg7 Bg5 O-O
1500,1480,white,240+0,d3 e5 e3 d5 d4 e4 c4 Nf6 Nc3 dxc4
1414,1293,white,60+8,b3 d5 Bb2 d4 Nf3 Nc6 g3 e5 Bg2 e4
1957,2089,black,180+0,e4 c5 b4 e5 Nf3 cxb4 Bc4 d6 O-O Be7
1496,1441,draw,360+3,d4 d6 e4 Nf6 Nc3 Bg4 f3 Bh5 g4 Bg6
1485,1579,black,300+1,d4 e6 Bf4 d5 e3 c5 c3 Qb6 b3 Nc6
1938,1915,black,60+0,d4 Nf6 e3 e6 c4 d5 Nc3 c6 cxd5 exd5
1656,1677,black,300+0,e4 e5 Nf3 Nc6 c3 Nf6 Bd3 d6 Bc2 Bg4
1943,1816,white,900+5,Nf3 Nf6 c4 e6 d4 d5 Nc3 Bb4 e3 O-O
1675,1450,white,300+0,e4 e5 Nf3 d6 Nc3 Bg4 Bc4 Nf6 O-O Be7
1566,1991,black,480+2,e4 e5 d3 Bc5 Nf3 Nc6 c3 Nf6 Bg5 d6
1921,1794,black,300+13,e4 e5 Nf3 Nc6 Bc4 Be7 Nc3 Nf6 Ng5 O-O
1740,1836,white,300+4,e4 c6 d4 d5 e5 Bf5 Bd3 Bxd3 Qxd3 e6
1784,2149,black,60+0,e4 c5 Nf3 e5 Nxe5 d6 Nf3 Nc6 d4 cxd4
1699,1760,black,300+0,e4 c6 d4 d5 exd5 cxd5 c4 dxc4 Bxc4 e6
1533,1262,white,0+8,e4 e5 Nf3 d6 Bc4 g6 c3 Bg7 O-O h6
1403,1627,black,120+0,e4 b6 d4 Bb7 f3 e6 e5 Be7 Be3 Nh6
1527,1472,black,300+2,e4 e5 Nf3 Nc6 c3 Nf6 d3 Be7 Be2 O-O
1288,1505,black,840+30,e4 e5 Nf3 Nc6 Qe2 Bb4 Qc4 h6 c3 Ba5
1568,1576,white,600+0,d4 e6 d5 exd5 Qxd5 Nf6 Qd1 Bb4+ c3 Ba5
1498,1218,white,240+6,e4 e5 Nf3 d6 Bc4 h6 d3 c5 h3 Nc6
2152,1781,white,60+0,d4 Nf6 c4 e6 Nc3 d5 Bd2 c5 dxc5 Bxc5
1645,1717,white,300+0,e4 c5 Nf3 d6 Bc4 e5 O-O h6 c3 f5
1781,2152,black,60+0,e4 c5 Nc3 Nc6 f4 d6 Nf3 f5 Bc4 fxe4
1726,1600,black,900+0,d4 g6 e4 Bg7 Nf3 d5 e5 c5 c3 cxd4
1663,1678,black,600+0,e4 e5 Nf3 Nc6 d4 exd4 Nxd4 Nxd4 Qxd4 Nf6
1671,1775,black,300+8,e4 e5 Bc4 d6 h3 Be7 Qh5 g6 Qf3 Nf6
1519,1485,black,120+5,g3 e5 Bg2 Bc5 Nf3 Nc6 O-O Nf6 e3 O-O
2156,1778,white,60+0,d4 Nf6 c4 e6 Nc3 d5 e3 c6 c5 b6
1419,1879,black,300+0,e4 e6 d4 d5 Nc3 c6 Nf3 dxe4 Nxe4 Be7
1058,1416,black,60+5,d4 d5 e3 Nc6 c4 Bf5 c5 Nb4 Bd2 Nc2+
1458,1063,white,600+0,e4 e5 Nf3 Bb4 Nxe5 d6 Nf3 d5 e5 Bf5
1434,1479,white,420+0,e4 b6 d4 g6 Be3 Bb7 Qd2 Bg7 Nc3 a6
1835,1646,black,240+0,d4 d5 c4 e6 Nf3 Nf6 Nc3 h6 e3 a6
1592,1735,black,300+5,e4 c6 Nf3 d5 exd5 cxd5 d4 Bg4 h3 Bh5
1456,1500,black,1500+0,e4 c5 d4 cxd4 Qxd4 Nc6 Qc3 Nf6 f3 g6
2131,1927,white,60+0,d4 e6 c4 f5 Nf3 Nf6 Nc3 Bb4 g3 b6
1368,1500,white,120+0,d4 d5 f3 Bf5 Nc3 e6 e4 dxe4 fxe4 Bg4
1577,1882,black,300+0,e4 e6 d4 d5 exd5 exd5 Nf3 Nf6 Be2 Be7
1422,1285,white,60+8,b3 d5 Bb2 d4 e3 Nc6 Qf3 Nf6 Ne2 Bg4
1573,1389,white,300+8,Nc3 e5 e4 Qh4 Nf3 Qf6 Nd5 Qd8 Bc4 a6
2097,1950,white,120+2,e4 Nc6 d4 e5 d5 Nce7 f4 Ng6 Nf3 exf4
1449,1546,black,600+0,e4 e5 d4 exd4 Qxd4 Nc6 Qd1 Bc5 Be3 Bxe3
1384,1419,white,300+0,d3 d5 b3 e5 Bb2 Nc6 c4 d4 e3 dxe3
1259,1459,black,360+5,e4 e5 Qh5 Qf6 Bc4 Bc5 Nh3 g6 Qg5 h6
1688,1699,draw,300+0,e4 e5 Nf3 d5 exd5 e4 Qe2 f5 Ng1 Qxd5
1717,1680,black,300+0,e4 e5 Nf3 Nc6 Bb5 Bc5 O-O Nge7 d4 exd4
1921,2159,black,60+0,d4 c5 e3 e6 Nf3 d5 dxc5 f5 c4 Bxc5
1469,1511,black,240+0,e4 e6 Bc4 d5 exd5 exd5 Bb3 Nf6 Qe2+ Be7
1628,1588,black,300+0,e4 e6 b3 d5 exd5 exd5 Bb2 Nf6 Nf3 c5
1460,1375,black,600+0,e4 e5 Nf3 Nc6 h3 Nf6 d3 Be7 a3 O-O
1658,1389,white,300+5,e4 Nc6 d4 e6 Nf3 d5 Bb5 Bd7 Bxc6 Bxc6
1537,1258,white,0+8,e4 e5 Nf3 d6 Bc4 g6 c3 h6 d3 Bg7
1430,1259,black,120+0,d4 d5 f3 Bf5 Nc3 e6 e4 dxe4 fxe4 Bg6
1500,1410,black,-,b3 e5 e4 Nf6 Nc3 Nc6 Bb2 d6 Bb5 Bd7
1484,1490,white,600+10,e4 e6 d4 c5 c3 h6 Nf3 Nf6 Bd3 Be7
1456,1447,black,420+0,h3 e5 a3 b6 b3 Bb7 Bb2 Nc6 e3 Nf6
1650,1649,white,300+8,e4 e5 Nf3 d6 Nc3 h6 Be2 Nf6 h3 g6
1054,1461,black,60+5,d4 Nf6 e3 e6 f3 d5 c4 Bb4+ Bd2 Bxd2+
1500,1497,black,0+1,c3 d6 d4 c6 f3 Nd7 e4 c5 dxc5 Nxc5
2165,1917,white,60+0,d4 e6 c4 d5 Nc3 dxc4 e3 Nf6 Bxc4 Be7
1639,1643,black,60+10,e4 c5 c3 e5 Nf3 Nc6 Bb5 Nge7 O-O a6
1719,1964,black,480+8,e4 e5 Nf3 Nc6 d4 exd4 Nxd4 Bb4+ c3 Bc5
1507,1502,draw,120+5,g3 e5 Bg2 Nf6 Nf3 Nc6 O-O Bc5 e3 d6
1601,1616,white,300+0,e4 e6 d4 d5 exd5 exd5 Nc3 c5 dxc5 Bxc5
2129,1662,white,240+0,d4 d5 c4 e6 Nf3 Nf6 g3 c6 Bg2 b6
1060,1443,black,780+13,d4 d5 c3 Nf6 b3 Nc6 c4 dxc4 bxc4 e5
1364,1436,white,600+10,e4 e5 d3 Nf6 h3 d5 exd5 Qxd5 Nc3 Qc6
1655,1459,black,240+0,d4 d5 c4 dxc4 Nc3 Bf5 Nf3 e6 Bg5 Qd7
1912,2171,black,60+0,e4 c5 Nf3 Nc6 d4 cxd4 Nxd4 e5 Nxc6 bxc6
1465,1636,black,300+10,e4 e5 Nf3 Nc6 d4 exd4 Nxd4 Nxd4 Qxd4 d6
1755,1377,white,300+4,e4 e5 Nf3 Nc6 Bb5 a6 Ba4 Nf6 O-O b5
1323,1510,white,0+1,g3 d5 Bg2 c6 b3 Nd7 Bb2 b6 c3 Bb7
1511,1490,white,0+1,c3 d5 d4 Nc6 f3 e6 e4 Bd7 e5 Be7
1397,1573,black,300+0,d3 d5 b3 e5 Bb2 d4 c4 c5 h3 Nf6
1688,1854,black,480+0,e4 c5 c4 Nc6 d3 e5 Nf3 Nf6 Nc3 d6
1600,1476,white,0+1,b3 d5 Bb2 Nc6 g3 e5 Bg2 Nf6 d3 Bd6
1714,1456,white,0+1,c3 d5 d4 c6 f3 Nd7 e4 b6 exd5 cxd5
1541,1528,draw,0+8,e4 c5 Bc4 e6 c3 d5 exd5 exd5 Bb3 Nf6
1442,1494,white,360+3,e4 e5 Nf3 Nc6 Bc4 d6 Nc3 Nd4 Nd5 Be6
1908,2176,black,60+0,d4 c5 e3 e6 c4 cxd4 exd4 d5 Nf3 Nf6
1500,1462,white,180+0,d4 d5 Nc3 c6 e4 e6 exd5 exd5 h3 Bb4
1742,1554,white,600+0,e4 e5 Nc3 Nf6 Nf3 d6 Bc4 Be7 O-O O-O
1361,1497,black,120+0,e4 c5 d4 cxd4 Qxd4 Nc6 Qd1 g6 c3 Bg7
1459,1435,black,420+0,e4 d6 d4 e6 Nf3 h6 Nc3 a6 Be3 b6
1670,1661,white,240+3,e4 e5 Nf3 Nc6 Bb5 Bc5 O-O d6 c3 Bd7
1651,1465,white,0+1,b3 c5 Bb2 d6 g3 Nc6 Bg2 Bd7 c4 Qc7
1705,1605,black,600+8,d4 d5 Nf3 e6 a3 Ne7 e3 a6 b3 g6
1685,1487,white,0+1,c3 e6 d4 d5 b3 Bd6 f3 Nc6 e4 Nf6
1418,1541,white,600+1,e4 e5 d4 exd4 c3 dxc3 Bc4 cxb2 Bxb2 d6
2181,1904,white,60+0,d4 h5 c4 h4 Nc3 h3 Nxh3 d6 Nf4 b6
1994,1564,white,480+2,e4 e5 Nf3 d6 d4 Bg4 dxe5 Bxf3 Qxf3 dxe5
1693,1705,draw,300+0,Nc3 e5 Nf3 d6 e3 Nc6 Bc4 Nf6 d4 Bg4
1491,1406,white,180+0,e4 c5 Bc4 Nc6 Qf3 Nf6 c3 e5 d3 d6
1693,1621,white,900+0,e4 d5 Nc3 d4 Nce2 Nf6 d3 e5 Nf3 Bb4+
1325,1544,white,120+0,d4 d5 f3 Nf6 Nc3 Bf5 e4 dxe4 Qe2 exf3
1780,1482,white,240+0,d4 g6 c4 Bg7 Nf3 d6 e3 c5 d5 e6
1783,1638,white,300+8,e4 e5 Qh5 d6 Bc4 Be6 Bxe6 Nh6 Bb3 g6
1662,1796,black,180+1,e4 c6 d4 d5 e5 Bf5 Nf3 e6 Bd3 Bxd3
1791,1580,white,240+0,e4 e5 Nf3 d6 g3 Nf6 d3 Be7 Bg2 O-O
1682,1688,white,480+0,e4 d6 Nf3 e5 c4 Be7 b3 Bf6 Bb2 Ne7
1900,2186,black,60+0,c4 c5 Nc3 Nc6 e4 d6 Nf3 e5 Be2 Nge7
1391,1699,white,300+0,d3 Nf6 c4 d5 b3 Bf5 Bb2 e6 f3 Bc5
1638,1661,black,300+8,e4 e5 Nf3 Nc6 d3 Nf6 h3 Be7 g3 O-O
2191,1896,white,60+0,d4 d5 c4 dxc4 Nc3 Nf6 e3 Bf5 Bxc4 e6
1429,1151,white,60+8,b3 g6 Bb2 Bg7 Bxg7 f6 Bxh8 Nh6 Bg7 Nf7
1735,1450,white,0+1,e4 d6 d4 c6 Bc4 Nd7 b4 e6 c3 Be7
1652,1591,white,600+0,e4 d5 exd5 Nf6 Nc3 Nxd5 Nxd5 Qxd5 b3 Nc6
1526,1544,black,180+0,e4 b6 Bc4 Bb7 Qf3 e6 d3 Nf6 c3 Be7
1550,1661,white,240+0,e4 c5 Nf3 Nc6 d4 cxd4 Nxd4 e5 Nxc6 bxc6
1390,1639,black,180+0,e4 e5 Bc4 Nc6 Qf3 Nf6 c3 d6 h3 Be6
1395,1685,white,960+0,e4 c6 d4 d5 e5 Bf5 Bd3 Bxd3 Qxd3 e6
1500,1237,black,300+8,e4 e5 Qh5 Nf6 Qxe5+ Be7 Bc4 Nc6 Qg5 Nxe4
1751,1444,white,0+1,g3 g6 Bg2 Bg7 c4 f5 d4 Nf6 d5 e6
1771,1541,white,480+2,d4 d5 c4 e6 Nc3 h6 cxd5 exd5 e4 c6
1892,2196,white,60+0,d4 c5 dxc5 e6 c4 Bxc5 Nc3 Nc6 Nf3 Nge7
1653,1748,black,900+0,e4 e5 Nf3 Nc6 Bb5 d6 O-O Bd7 Re1 a6
1790,1468,white,300+8,e4 e5 Qh5 d6 Bc4 Qf6 Nc3 g6 Qf3 Nc6
1404,1528,black,120+0,d4 d5 f3 Nf6 Nc3 Bf5 g4 Bg6 g5 Ng8
1605,1613,black,300+0,e4 e6 Nf3 d5 exd5 exd5 d4 Nf6 Nc3 h6
1655,1391,black,300+5,e4 e5 Nf3 Nf6 Bc4 Nc6 Nc3 Bb4 O-O Bxc3
1904,1547,white,600+0,e4 e5 Nf3 Nc6 Bc4 h6 d3 Nf6 Bd2 Bc5
1146,1432,white,60+8,g3 g6 Bg2 Bg7 c3 d6 b4 Qd7 Bb2 Nc6
1515,1507,white,300+2,e4 b6 Nf3 Bb7 d3 g6 Be2 Bg7 O-O Nf6
1693,1379,white,480+0,e4 e5 Nf3 Nc6 Bb5 Nd4 Bd3 c5 Bc4 d5
1814,1938,black,300+20,e4 c5 Nf3 Nc6 Bc4 e6 d4 cxd4 Nxd4 Nf6
1272,1507,black,360+8,d4 d5 e3 Nc6 Nf3 f6 b3 e5 Bb2 e4
1650,1681,white,240+3,e4 e5 Nf3 Nc6 d4 exd4 Bc4 h6 O-O d6
1765,1439,white,0+1,g3 d5 Bg2 c5 c3 Nc6 e3 e5 Qe2 Bd6
1482,1456,draw,360+3,d4 d6 e4 Nc6 Nf3 Bg4 h3 Bh5 g4 Bg6
1784,1580,black,240+0,d4 d6 c4 e6 Nf3 Ne7 e4 Ng6 Nc3 Be7
2171,1912,white,60+0,d4 e6 c4 d5 Nc3 dxc4 e3 Nf6 Bxc4 Be7
1556,1500,black,180+0,d4 d5 Bf4 e6 e3 Nf6 Bd3 Nc6 a3 a6
1459,1973,black,600+10,e4 e5 Nf3 Nc6 d4 exd4 Nxd4 Bb4+ c3 Bc5
1722,1742,black,300+5,d4 c6 Nf3 d5 Bf4 Bf5 e3 e6 Bd3 Bg6
1778,1435,black,0+1,c3 g6 d4 Bg7 b3 f6 Bb2 e6 Qc2 d6
1714,2003,black,480+8,e4 c5 d4 cxd4 Qxd4 Nc6 Qd1 Nf6 Nc3 g6
1681,1873,white,300+15,d4 d5 c4 c6 a4 Bf5 Nc3 e6 c5 Nd7
1822,1980,black,480+0,e4 e6 Nc3 d5 exd5 exd5 d4 Nf6 Nf3 Bg4
1667,2003,black,300+7,e4 d5 exd5 Qxd5 Nc3 Qa5 d3 Nc6 Bd2 Nf6
1757,1877,draw,300+4,e4 e6 d4 d5 Nd2 Nf6 e5 Nfd7 Ngf3 c5
1908,2177,black,60+0,d4 c5 e3 e6 c4 d5 Nf3 dxc4 Bxc4 cxd4
1704,1693,black,300+0,e4 Nc6 d4 Nf6 Nc3 d5 exd5 Nxd5 Nf3 e6
1487,1688,white,180+0,e4 e5 Bc4 Nf6 Qf3 Nc6 c3 Bc5 d3 O-O
1250,1146,white,300+8,e4 e5 d4 d6 Bb5+ c6 Ba4 b5 Bb3 d5
1411,1453,white,300+0,d3 e5 c4 Nf6 b3 Bc5 Bb2 d6 h3 O-O
1698,1842,black,420+15,d4 d5 c4 e6 cxd5 exd5 Nc3 Nf6 a3 c5
1907,1615,white,300+13,e4 e6 Nf3 a6 Nc3 d5 exd5 exd5 d4 Bg4
2182,1903,white,60+0,d4 e6 c4 d5 Nc3 dxc4 e3 Nf6 Bxc4 Bb4
1705,1462,black,0+1,c3 g6 Qc2 Bg7 b4 f6 Bb2 e6 g4 c6
1797,2151,black,180+0,e4 c5 Nf3 e6 d4 cxd4 Nxd4 Nf6 Bg5 Qa5+
1631,1643,white,300+5,e4 c5 Bc4 d6 c3 a6 Bb3 b5 a4 c4
1497,1518,black,120+5,g3 d5 Bg2 e5 Nf3 e4 Nd4 c5 Nb3 c4
1826,1704,white,540+5,e4 e5 Nf3 Nf6 Nc3 Nc6 Bb5 Bc5 Bxc6 bxc6
1657,1282,black,180+0,d4 d5 Nc3 Nc6 Bf4 f6 Nf3 Bg4 Ng1 e5
1662,1500,white,600+0,e4 d6 d4 e5 d5 Na6 Bb5+ c6 dxc6 bxc6
1669,1662,black,240+3,e4 c5 Nf3 Nc6 d3 e6 Be2 Nge7 Bg5 f6
1540,1352,white,0+8,e4 e5 Nf3 d6 Bb5+ Bd7 Bc4 a6 c3 Be7
1642,1486,black,0+1,g3 g6 Bg2 Bg7 c3 f6 d4 e6 e4 d6
1899,2187,black,60+0,d4 c5 c3 cxd4 cxd4 d5 e3 e6 Nf3 f5
1624,1594,white,300+0,e4 e6 d4 d5 exd5 exd5 Nc3 Nf6 Nf3 Bb4
1487,1211,black,300+3,g3 d5 Bg2 e6 Nf3 Nf6 O-O c5 e3 Nc6
1469,1414,white,360+10,e4 e5 f4 exf4 Nf3 d6 d4 Nc6 Bxf4 Bg4
1526,1471,white,300+2,e4 e5 Nf3 Nc6 Nc3 Bc5 d3 Nf6 Be2 d6
1766,1689,black,240+0,d4 d5 c4 c6 e3 Nf6 Nf3 e6 Be2 Be7
1309,1457,white,480+0,c4 d5 cxd5 Qxd5 Nc3 Qc4 e4 Qc6 Bb5 Bd7
1591,1508,white,0+1,d4 g6 e4 Bg7 e5 f6 f4 fxe5 fxe5 e6
1465,1252,white,360+5,d4 d5 Nc3 Nf6 Bg5 e6 Bxf6 Qxf6 Nf3 Bb4
2191,1895,white,60+0,d4 e6 c4 d5 cxd5 exd5 Nc3 Nf6 e3 c6
1744,1653,black,60+1,c4 e5 Nc3 Ne7 g3 g6 Bg2 Bg7 d3 O-O
1545,1589,white,180+0,e4 d5 e5 f6 d4 fxe5 dxe5 Nc6 f4 e6
1892,2196,black,60+0,e4 c5 Nf3 Nc6 c3 e6 d4 cxd4 cxd4 d5
1584,1672,black,300+0,e4 e5 Nf3 Nc6 d4 exd4 Nxd4 Nxd4 Qxd4 Nf6
1810,1849,black,180+0,e4 d5 exd5 c6 dxc6 e5 cxb7 Bxb7 Bb5+ Nd7
1617,1496,white,0+1,c3 g6 Qc2 Bg7 b3 f6 Bb2 e5 d4 d6
1213,1442,black,300+2,e4 e5 Bc4 Nf6 Nf3 Nxe4 Qe2 d5 Bb5+ Nc6
1500,1022,white,1800+30,e4 e5 Nf3 f6 d4 Nc6 Nc3 b5 Bxb5 a6
1983,1768,black,300+0,e4 c6 d4 d5 exd5 cxd5 Nf3 Nc6 Bd3 Bg4
1884,2204,draw,60+0,c4 c5 Nc3 Nc6 e4 d6 Nf3 e5 d3 Nge7
2200,1888,white,60+0,d4 d5 c4 dxc4 Nc3 Nf6 e3 e6 Bxc4 b6
1374,1402,black,120+0,e4 b6 d4 Bb7 f3 g6 e5 Bg7 c3 e6
1655,1477,white,0+1,c3 d6 d4 c6 e3 Nd7 g3 b6 Bg2 Bb7
1412,1199,white,60+10,e4 e5 Nf3 d6 d4 Nc6 d5 Nce7 c3 c5
1776,1562,white,480+2,d4 d5 c4 e6 Nc3 Bb4 a3 Ba5 b4 Bb6
1753,1709,black,240+0,d4 d5 c4 c6 e3 Nf6 c5 Bf5 Nc3 Nbd7
1638,1486,white,0+1,c3 d5 d4 c5 f3 e5 e3 exd4 exd4 cxd4
1842,1730,white,60+0,e4 c5 Nf3 Nc6 Bb5 g6 Bxc6 bxc6 d3 d6
1546,1311,white,0+8,e4 e5 Nf3 Bc5 Bc4 d6 h3 h6 O-O Ne7
1697,1581,white,480+0,e4 e5 Nf3 d6 d3 c5 c4 Nc6 Nbd2 h6
1673,1658,black,240+3,e4 e5 Nf3 Nc6 d4 exd4 Bc4 h6 O-O Bc5
1492,1340,black,120+4,e4 Nc6 Bc4 Nf6 d3 d5 exd5 Nxd5 Qf3 Be6
1318,1367,black,600+5,e4 e5 Nc3 Bc5 Be2 Nf6 Nh3 O-O d3 h6
1671,1628,white,300+8,e4 e5 Nf3 d6 Nc3 c6 Be2 Nf6 h3 g6
1594,1637,white,300+5,e4 e5 Nf3 Nc6 Bb5 Bc5 O-O Nf6 Bxc6 dxc6
1207,1624,white,300+5,e4 e5 f4 Nc6 f5 d5 Nc3 dxe4 Nxe4 Bxf5
1582,1380,white,540+8,e4 e5 Nf3 Nc6 Bc4 d5 exd5 Nd4 Nxe5 Qg5
1423,1378,white,600+10,e4 e5 Nf3 d6 Bb5+ Bd7 Bxd7+ Qxd7 d4 exd4
1274,1265,black,600+5,e4 d5 exd5 Qxd5 Nc3 Qe6+ Qe2 Qxe2+ Ngxe2 g6
1410,1566,black,300+15,e4 e5 f4 Nc6 Nf3 d6 Bb5 Bd7 Bxc6 Bxc6
1425,1375,white,180+0,d4 e6 a3 Nc6 Nc3 Qf6 Nf3 Nge7 e4 Ng6
1457,1481,black,360+3,e4 e5 Nf3 Nc6 Bc4 d6 d3 Bg4 Bb3 Nd4
1670,1469,black,0+1,b3 d5 Bb2 c5 e3 Nc6 c4 e6 f3 Bd7
1582,1680,black,180+0,e4 e5 Bc4 f5 Qf3 Nf6 exf5 d5 Bb3 Bd6
2164,1902,white,120+1,c4 Nf6 Nc3 d5 cxd5 Nxd5 Nf3 g6 e4 Nxc3
1748,1731,white,0+1,g3 c5 Bg2 Nc6 d3 g6 Bd2 Bg7 Bc3 Nf6
1881,1958,black,180+0,e4 c6 d4 d5 exd5 cxd5 Bd3 Nf6 Bf4 Nc6
1898,2168,white,120+1,e4 c5 Nf3 Nc6 Bb5 g6 O-O Bg7 c3 e6
1759,1611,white,0+1,g3 g6 Bg2 Bg7 d4 c6 e3 d5 Nc3 Qd6
2194,1893,white,60+0,d4 d5 c4 e6 Nc3 dxc4 e3 Nf6 Bxc4 Be7
1815,1745,white,480+0,e4 c6 d4 d5 e5 Bf5 Ne2 e6 Nd2 c5
2203,1885,white,60+0,d4 e6 c4 f5 Nc3 Nf6 e3 Bb4 f4 Bxc3+
1630,1723,black,0+1,c3 c5 d4 cxd4 Qxd4 Nf6 Qd1 Nc6 g3 g6
1277,1463,white,420+7,e4 e6 Nf3 a6 Ne5 b5 Qf3 Bb7 Qxf7#
1889,2199,black,60+0,d4 c5 e3 cxd4 exd4 d5 c3 e6 Nf3 f5
1607,1414,white,240+5,e4 e5 Nf3 Nf6 d4 Nxe4 Bd3 d5 Nxe5 Nd7
1324,1024,white,300+5,e3 c6 a3 e5 b4 d5 Bb2 Nd7 b5 Nc5
1681,1576,white,300+0,e4 e6 Nf3 g6 Nc3 Bg7 d4 d6 Bc4 Nf6
1872,1716,black,180+0,e4 e5 Nc3 Nc6 Nf3 Nge7 d4 exd4 Nxd4 g6
1337,1413,black,120+0,e4 b6 d4 Bb7 d5 g6 f3 Bg7 c3 Nf6
1667,1664,black,600+0,e4 e5 Nf3 Nc6 d4 exd4 Nxd4 Nxd4 Qxd4 Nf6
1598,1682,white,300+0,e4 c5 d3 Nc6 f4 g6 c3 d5 Nd2 Bg7
1551,1469,black,0+8,e4 b6 Nf3 Bb7 e5 g6 d4 Bg7 Bc4 e6
1850,1766,white,60+1,d4 b6 c4 Bb7 Nc3 e6 e4 f5 f3 fxe4
1727,1752,black,300+5,e4 c6 Nf3 d5 e5 Bg4 d4 e6 Be2 Nd7
1558,1500,white,180+0,e4 e5 Bc4 Nc6 Qf3 Qf6 d3 Qxf3 Nxf3 h6
1456,1342,white,300+5,d4 d5 g3 Nc6 Bg2 Nf6 Nc3 Bf5 a3 e6
1882,2207,white,60+0,d4 d5 e3 e6 c4 f5 cxd5 exd5 Nc3 Nf6
1506,1671,black,720+0,e3 e5 Bc4 d5 Bb3 c6 h3 Nf6 Nf3 e4
1740,1760,white,240+0,d4 Nf6 c4 g6 Nf3 Bg7 Nc3 d5 e3 O-O
1761,1873,black,300+4,e4 e6 d4 d5 Nd2 Nf6 e5 Nfd7 Ngf3 c5
1259,1245,black,300+2,d4 Nf6 g3 d5 Bg2 Bf5 Nf3 Ne4 b3 e6
1525,1500,white,180+0,d4 e5 dxe5 Nc6 f4 d5 Nf3 Nge7 e3 Ng6
1537,1482,black,0+8,e4 b6 Nf3 Bb7 e5 e6 d4 d6 exd6 cxd6
1500,1388,black,300+5,d4 d5 Nf3 Bg4 Nbd2 Nc6 e3 Nb4 a3 Nc6
2182,1904,black,60+0,d4 f5 c4 Nf6 Nc3 e6 e3 d5 f4 Ne4
1603,1054,white,300+5,e4 e5 Nf3 Nc6 Bc4 h6 O-O Nf6 c3 Nxe4
1603,1688,white,300+0,d3 e5 e4 Bc5 Nc3 c6 Nf3 Qb6 Qd2 Nf6
1665,1711,black,480+5,e4 e5 Nf3 Nc6 Bb5 Nd4 Nxd4 exd4 c3 Bc5
1500,1389,white,1800+30,e4 d6 d4 Nc6 d5 Nb4 c3 Na6 Bxa6 bxa6
1857,1733,black,180+0,e4 e5 Nc3 Nc6 Nf3 Nge7 d4 exd4 Nxd4 g6
1597,1500,white,0+1,e3 e5 Be2 d5 g3 Bd7 f4 f6 fxe5 fxe5
1794,1531,white,300+8,e4 e5 Qh5 d6 Bc4 g6 Qf3 Nf6 d3 Bg7
1528,1674,white,60+8,e4 d6 d4 Nf6 e5 dxe5 dxe5 Qxd1+ Kxd1 Ne4
1307,1537,white,120+0,d4 Nc6 f3 Nf6 e4 e5 d5 Nd4 c3 Nb5
1943,1982,black,180+0,e4 e6 d4 d5 Nc3 dxe4 Nxe4 Nd7 Nf3 Ngf6
1911,1498,white,300+13,e4 e5 Nf3 d6 Bc4 f5 exf5 Bxf5 d3 Nc6
1643,1588,draw,480+7,e4 e5 Nf3 d6 Bc4 h6 Nc3 c6 O-O a5
1705,1634,white,480+0,e4 e5 Nf3 Nc6 Bb5 a6 Bxc6 dxc6 d3 Bd6
1753,1491,white,300+4,e4 e5 Nf3 Nc6 Bb5 d6 h3 Bd7 O-O h6
1504,1882,black,180+0,e4 e6 d4 d5 exd5 exd5 Nc3 Nf6 Bg5 Bd6
1610,1519,draw,0+1,c3 e6 b4 d6 Bb2 f6 a4 g6 e3 Qe7
1382,1584,black,720+0,d4 d5 g3 Nc6 Bg2 Bf5 Nf3 e6 O-O Nb4
1762,1712,white,300+5,e4 c5 c3 g6 d4 cxd4 cxd4 Bg7 Nc3 e6
1203,1243,draw,300+3,e4 e5 Nf3 d6 Nc3
1320,1401,black,360+0,e4 e5 Bc4 d6 d4 Qe7 h3 Be6 Bxe6 Qxe6
1568,1689,black,300+0,e4 e5 Nf3 Nc6 d4 exd4 Nxd4 Nxd4 Qxd4 Nf6
1336,1257,white,720+2,d4 c5 c3 c4 b3 e5 e4 exd4 cxd4 Bb4+
1647,1544,black,60+8,e4 d5 exd5 Nf6 d4 Nxd5 c4 Nf6 Bg5 h6
1360,1397,black,600+0,g3 Nf6 e3 d5 b3 e5 Nc3 d4 exd4 Qxd4
1720,1498,black,60+1,c4 c6 Nc3 d5 cxd5 cxd5 g3 Nf6 Bg2 e6
1591,1479,white,180+0,d4 g6 Nc3 Bg7 Bf4 d6 Qd2 Nc6 Nf3 Bf5
1558,1622,white,60+8,e4 d6 Nc3 Nf6 d4 Nbd7 e5 dxe5 dxe5 Nxe5
1293,1523,black,300+8,e3 e5 d4 e4 g4 d5 Nc3 Nf6 g5 Bg4
2010,1806,white,300+20,d4 d5 g3 e6 Bg2 Nf6 Nf3 c5 dxc5 Bxc5
1407,1612,black,240+5,e4 e5 Nf3 Nc6 d4 exd4 Nxd4 Bc5 Nxc6 Qf6
1604,1521,white,0+1,b3 e5 Bb2 d6 f4 Qe7 fxe5 f6 exd6 Qxd6
1556,1876,black,300+8,e4 Nc6 d3 e5 c4 Nf6 Nc3 Bb4 a3 Bc5
2007,1987,white,420+3,Nf3 d5 g3 c6 Bg2 Bg4 d4 e6 O-O Nf6
1781,1933,black,180+0,d4 d5 c4 Nc6 Nf3 Bg4 h3 Bxf3 exf3 Nf6
1675,1617,white,300+0,d4 e6 e4 d5 e5 b6 f4 Bb7 Nf3 Na6
1523,1495,black,0+8,e4 b6 Nf3 Bb7 d3 d6 Be2 g6 Bg5 Bg7
1740,1500,white,300+8,e4 e5 Nf3 Nc6 Bc4 d6 d4 Nxd4 Nxd4 exd4
1327,1424,white,300+5,e3 d5 a3 c5 d4 c4 b3 b5 b4 a5
1843,1707,white,180+0,e4 c6 d4 d5 exd5 cxd5 Bd3 Nc6 c3 a6
1656,1719,black,600+0,e4 e5 Nf3 d6 d4 Nd7 d5 h6 Bb5 Nf6
1615,1757,white,360+5,d4 g6 h3 Bg7 Nf3 b6 c3 Bb7 a3 d6
1621,1467,white,0+1,c3 e6 b4 Nf6 a4 Be7 b5 O-O Bb2 b6
1613,1646,black,300+0,e4 c5 d3 Nc6 f4 d6 Be2 e5 Bf3 exf4
1621,1467,white,0+1,c3 e6 b4 Nf6 a4 d6 Bb2 c6 g4 Bd7
1618,1681,white,300+8,e4 e5 Nf3 Nc6 d3 Nf6 g3 Be7 h3 O-O
1702,1557,black,900+0,e4 e5 c4 c5 Na3 Nf6 d3 Nc6 Nc2 Qa5+
1696,1561,white,300+0,e4 e6 Nf3 d5 exd5 exd5 Nc3 d4 Ne2 c5
1554,1703,white,300+0,e4 e5 Nf3 Nc6 d4 exd4 Nxd4 Nxd4 Qxd4 Nf6
1434,1426,white,60+8,e4 b6 Nf3 Bb7 Bc4 e6 d3 Qe7 O-O g6
1600,2115,black,120+0,e4 b6 Nf3 Bb7 Nc3 e6 g3 Bb4 Bg2 Bxc3
1707,1570,draw,60+8,d4 d5 Nf3 Nf6 e3 e6 c4 Bd7 Nc3 Bb4
1590,1371,black,720+0,e4 e5 Nf3 b6 Nc3 Nf6 Nxe5 d5 Bb5+ Bd7
1698,1247,white,300+15,d4 d5 c4 Nc6 cxd5 Qxd5 Nf3 Bg4 Nc3 Qc4
1414,1446,white,60+8,b3 d6 Bb2 Nc6 e3 Nf6 Bxf6 e6 Bxd8
1699,1771,white,300+5,e4 c6 Nf3 d5 e5 Bg4 Be2 e6 h3 Bh5
1500,1646,black,360+2,e4 c5 f4 Nc6 Nf3 Nf6 Nc3 e6 e5 Nd5
1398,1476,black,300+5,e4 e5 Nf3 d6 Bc4 Bg4 h3 Bxf3 Qxf3 Nf6
1633,1459,white,0+1,c3 e6 e3 d6 d4 Nf6 f3 Be7 g4 c6
1884,1502,black,180+0,e4 e5 Bc4 Nf6 d3 Nc6 Nf3 Na5 O-O Nxc4
1415,1445,white,60+8,b3 d6 Bb2 f6 e3 e6 d4 Ne7 Nf3 Nbc6
1248,1346,black,720+2,e4 e5 d4 f6 d5 d6 Nc3 c6 Bd2 Ne7
1691,1745,white,420+15,d4 d5 c4 Bf5 cxd5 Qxd5 Nc3 Qc6 e3 a6
1752,1668,black,240+0,d4 d5 c4 dxc4 e4 e6 Bxc4 Be7 Nf3 h6
1644,1706,white,0+1,b3 c5 Bb2 Nc6 c4 Nf6 g3 g6 f4 Bg7
1714,1405,white,480+0,e4 d5 e5 Nc6 d4 g6 Bb5 Bd7 c3 Bg7
1545,1283,white,-,e4 e5 d3 d6 Nc3 Nf6 Bg5 Nc6 Nf3 h6
1374,1425,white,600+8,e4 c5 d3 d5 Nc3 Qa5 Bd2 c4 dxc4 dxc4
2116,2159,white,60+0,e4 c5 Nf3 Nc6 Bb5 d6 d4 cxd4 Qxd4 Bd7
1695,1786,black,300+0,e4 c6 Nf3 d5 e5 c5 d4 Bf5 Bd3 Bxd3
1850,1698,white,180+0,e4 c6 d4 d5 exd5 cxd5 Bd3 Nc6 c3 a6
1477,1401,white,120+7,e4 e5 Bc4 Nf6 Qf3 Nc6 c3 d5 exd5 Na5
1470,1820,black,300+8,e4 e5 Nf3 Nc6 Bb5 a6 Bxc6 dxc6 Nxe5 Qd4
1757,1471,black,300+4,e4 e6 d4 c5 Nf3 cxd4 Nxd4 Nc6 Nb3 Bb4+
1630,1659,black,360+5,d4 d5 h3 Nf6 Nf3 c5 c3 Bf5 Bf4 Nc6
1523,1862,black,180+0,e4 e6 Nf3 d5 d3 dxe4 dxe4 Qxd1+ Kxd1 Bc5
1363,1741,white,480+7,e4 e5 c3 Nc6 b4 a6 a4 Nf6 Ba3 Be7
1236,1572,white,300+12,e4 e5 Nf3 Nc6 Bb5 d6 O-O Bg4 c3 Nf6
1608,1684,black,300+0,d4 Nf6 e3 e5 b3 exd4 Qxd4 Nc6 Qc3 Bb4
2143,1844,white,60+0,d4 c6 c4 d5 cxd5 cxd5 Nc3 Nc6 e3 e6
1667,1644,black,0+1,b3 c5 Bb2 e6 e3 d5 c4 Nc6 f3 d4
1969,1656,white,240+0,e4 c5 c3 Nc6 d4 cxd4 cxd4 d6 d5 Nb8
1914,1415,white,480+4,e4 c5 Bc4 a5 a3 b6 Nf3 Bb7 Nc3 e6
1239,1312,black,120+5,e3 e5 d4 exd4 Qxd4 Nc6 Qe4+ Nge7 Bb5 d5
1412,1311,black,600+5,e4 e5 Bc4 c6 Qh5 d5 Qxe5+ Ne7 exd5 cxd5
1569,1554,black,300+0,e4 b6 d4 Bb7 Nc3 e6 Be3 Bb4 Qd3 Bxc3+
1688,1410,white,300+0,e4 e5 Nf3 d6 Bc4 Qe7 O-O Be6 Bxe6 Qxe6
1715,1319,white,300+5,d4 d5 Nf3 e6 e3 Bb4+ Bd2 a5 Be2 Nf6
1601,1795,black,300+0,e4 c6 d4 d5 e5 Bf5 h3 e6 g4 Bg6
1384,1652,black,480+7,e4 c5 c3 e6 e5 Nc6 d4 Qb6 Bc4 cxd4
1201,1390,black,300+5,e4 e5 Bc4 Nc6 Nf3 Nf6 d4 d5 dxe5 Nxe4
1856,1689,black,180+0,e4 c6 d4 d5 exd5 cxd5 Bd3 Nc6 c3 a6
2147,1841,white,60+0,d4 c6 c4 d5 cxd5 cxd5 Nc3 Nc6 e3 e6
1647,1599,white,0+1,b3 b6 Bb2 Bb7 f3 f6 e4 g6 d4 Bg7
1558,1565,black,300+0,e4 b6 Nc3 Bb7 d4 e6 Be3 Bb4 Qd3 Bxc3+
1799,1647,white,300+8,e4 e5 Qh5 Qf6 Nf3 d6 Bc4 g6 Qh4 Bg7
1398,1717,black,480+0,d4 d5 Nf3 Nc6 g3 Bg4 Bg2 Nf6 O-O e6
1486,1497,black,120+7,e4 e5 Bc4 Nc6 Qf3 Nf6 c3 Be7 Nh3 d6
1687,1973,black,180+3,e4 e5 Nf3 Nc6 Bc4 Bc5 Nc3 Nf6 a4 d6
1866,1653,white,240+0,e4 c5 Nf3 Nc6 c4 e5 Nc3 Nf6 Be2 a6
1976,2018,white,420+3,Nf3 c5 d4 cxd4 c3 d5 cxd4 Nc6 Nc3 Bg4
1837,2152,black,60+0,e4 c5 f3 Nc6 d3 d6 Be2 e5 Nh3 Nge7
1738,1609,black,240+0,d4 e5 dxe5 Qe7 Nf3 Nc6 Qd5 Nb4 Qb3 Nc6
1692,1574,white,300+0,d4 d5 e4 Nf6 Nc3 dxe4 f3 exf3 Qxf3 Qxd4
1405,1931,black,300+8,e4 Nc6 Nf3 e5 Bc4 h6 b3 Nf6 Qe2 Bc5
1718,1498,white,300+5,e4 e5 Bc4 b6 Qh5 g6 Qxe5+ Qe7 Qxh8
1593,1801,black,300+0,e4 c6 d4 d5 e5 Bf5 h3 e6 Nf3 Nd7
1338,1718,black,300+5,e3 d5 a3 Nf6 b4 e6 Bb2 Be7 Be2 O-O
1520,1574,white,180+0,e4 e5 Nf3 d6 Bc4 Nf6 d3 Be7 Nc3 O-O
1834,1757,white,0+1,e4 g6 f3 Bg7 d3 e6 Nc3 d5 Bd2 d4
1397,1486,black,240+5,e4 e5 Nf3 b6 d4 exd4 Nxd4 Bb7 Nd2 Bc5
1306,1631,black,1800+30,e3 e5 Nf3 d6 Bc4 Be6 b3 Bxc4 bxc4 c5
1500,1467,black,600+0,e4 e5 d3 d5 exd5 Qxd5 f3 Nc6 c3 Bc5
1816,1461,white,300+3,d4 b6 e4 Bb7 f3 e6 c4 h6 Nc3 Nf6
1843,1748,white,0+1,e4 b6 f3 Bb7 d3 e6 Bd2 f5 Nc3 Nf6
1683,1977,black,180+3,e4 e5 Nf3 Nc6 Nc3 Nf6 Bd3 Bc5 O-O O-O
1662,1667,black,0+1,c3 c5 d4 cxd4 cxd4 g6 b3 Bg7 Bb2 Nc6
1738,1699,white,300+4,e4 e5 Nf3 d5 exd5 e4 Qe2 f5 d3 Nf6
1647,1595,white,600+0,e4 e5 Nf3 d6 c3 Bg4 h3 Bh5 Be2 Bxf3
1567,1545,black,300+0,e4 e5 d4 Nc6 Nf3 Bd6 d5 Nb8 Bg5 f6
1340,1399,white,600+5,d4 e6 e4 Nc6 Nf3 Bb4+ Bd2 Bxd2+ Qxd2 Nce7
1589,1564,white,540+8,e4 e5 Nf3 Nc6 Bb5 d6 d3 Bd7 c3 a6
1670,1721,white,480+5,d4 b5 e3 b4 a3 e6 axb4 Bxb4+ c3 Be7
1354,1239,black,720+2,d4 Nf6 e3 Ne4 f3 Ng5 e4 e6 Bxg5 Qxg5
1721,1392,white,480+0,e4 e5 Nf3 d6 Be2 Nc6 Bb5 Bd7 O-O Nf6
1538,1407,white,420+8,e4 Nc6 Nf3 Nf6 e5 Ng4 d4 d5 h3 Nh6
1393,1642,white,480+7,e4 e5 Nf3 Nc6 Nc3 Nf6 d4 exd4 Nxd4 Nxd4
1645,1677,white,0+1,c3 c5 d4 cxd4 cxd4 Nc6 e3 g6 d5 Ne5
1576,1547,draw,300+0,e4 e6 d4 d5 exd5 exd5 Nf3 c5 Bb5+ Nc6
1723,1599,white,240+0,d4 e5 d5 d6 e4 Nf6 Nc3 Be7 Nf3 Bg4
1534,1561,black,180+0,e4 e5 Nf3 d6 Bc4 Bg4 h3 Bh5 g4 Bg6
1989,1734,black,420+3,Nf3 d5 c4 c6 d4 Nf6 g3 a6 Bg2 dxc4
1637,1422,black,300+4,e4 e5 Nf3 Nf6 Nc3 Nc6 Bb5 Bc5 Bxc6 dxc6
1544,1552,black,300+0,e4 e5 Bc4 Nf6 d3 Bc5 h3 d6 a3 Nc6
1585,1656,white,600+0,e4 e5 Nf3 Nc6 Bb5 Nge7 d4 exd4 Nxd4 Nxd4
1849,1634,white,900+15,e4 e5 f4 exf4 Nf3 g5 h4 g4 Ne5 Qe7
1668,1665,draw,60+2,e4 c5 Nf3 Nc6 Nc3 g6 d4 cxd4 Nxd4 Bg7
1668,1631,black,300+8,e4 e5 Nf3 d6 Nc3 Nf6 Be2 h6 h3 g6
1500,1500,white,180+0,d4 d5 Nc3 Nc6 Bf4 e6 Nb5 Bd6 Qd2 Nf6
1510,1460,white,480+8,e4 e6 Nf3 Bd6 Bb5 a6 Ba4 Nh6 h3 O-O
1418,1343,white,300+1,e4 e5 Bc4 d6 Nc3 Bd7 d4 b5 Bb3 a5
1717,1800,black,300+2,e4 c5 Nf3 d6 d4 cxd4 Nxd4 Nf6 Nc3 a6
1690,1806,black,300+0,d4 Nf6 Bg5 e6 e4 d6 Nf3 h6 Bh4 b6
1579,1621,black,600+8,Nc3 e5 e4 Nc6 Nf3 Bb4 d4 Bxc3+ bxc3 d6
1664,1668,black,0+1,d3 e6 e4 d5 f4 dxe4 dxe4 Qxd1+ Kxd1 b6
1078,1136,white,300+5,e4 Nf6 e5 Nd5 Nc3 c6 Nxd5 cxd5 d4 Nc6
1252,1487,white,360+3,e4 e5 Nf3 Nc6 Bb5 Nf6 d4 d6 d5 Bd7
1846,1949,black,600+0,e4 c5 Nf3 Nc6 Bb5 d6 O-O Nf6 e5 Nd5
1704,1996,black,420+15,d4 Nf6 Nf3 e6 Nc3 d5 a3 Be7 h3 O-O
1748,1555,black,300+4,e4 d5 exd5 Nf6 h3 Qxd5 Nf3 Qe4+ Be2 Nc6
1638,1477,white,300+2,e4 Nc6 Nf3 e5 Bc4 h6 O-O Nf6 c3 Bc5
1496,1398,black,180+4,d4 d5 c4 c6 h3 b5 e3 bxc4 Qa4 Nf6
1675,1341,white,180+0,d4 g6 Nc3 Bg7 Bf4 d6 Qd2 Nf6 f3 O-O
1572,1523,black,180+0,e4 e6 d4 d5 e5 Nc6 Nf3 Bd7 Be2 Nge7
1336,1721,black,300+5,e3 d5 a3 e5 b4 Nf6 Bb2 Nbd7 d4 e4
1647,1680,black,0+1,b3 e6 Bb2 d5 c4 Nf6 e3 dxc4 Bxc4 Nc6
1619,1299,white,360+6,e4 g6 d4 Bg7 Nf3 b6 Nc3 Bb7 Bd3 e6
1647,1680,white,0+1,a3 e6 b3 d5 b4 Qf6 Bb2 Qxb2 Nc3 c5
1981,1624,white,180+3,e4 c6 d4 d5 Nc3 dxe4 Nxe4 Bf5 Ng3 Bg6
1916,1710,white,300+13,e4 e6 Nf3 c5 Nc3 a6 a3 g6 Bc4 Bg7
1688,1505,white,300+5,Nf3 b6 e4 e5 Nxe5 Qg5 d4 Nf6 Bxg5
1665,1667,white,0+1,d3 e6 e4 d5 exd5 Qxd5 c4 Qc6 Be2 b6
1548,1576,white,300+0,e4 b6 f4 Bb7 Nc3 e6 d4 Bb4 Qd3 Nf6
1758,1819,black,300+5,e4 c5 c3 Nf6 e5 Nd5 d4 e6 Bc4 Nb6
1731,1557,white,240+0,d4 d5 c4 dxc4 e4 e6 Bxc4 h6 Nf3 Nf6
1333,1508,black,300+5,e3 e5 a3 Nc6 b4 a6 Bb2 Nf6 b5 axb5
1555,1531,black,300+14,e4 c5 Bc4 Nc6 c3 Nf6 d3 e6 Bg5 Be7
2156,2131,black,60+0,d4 b6 c4 Bb7 Nc3 e6 e4 Bb4 Bd3 Nf6
1685,1823,black,600+0,e4 e5 Bc4 Nf6 Nf3 Nc6 Ng5 d5 exd5 Nd4
1680,1655,black,0+1,b3 e6 Bb2 d5 c4 Qe7 e3 dxc4 Ba3 c5
1482,1667,black,60+2,e4 e5 Nf3 Nc6 Bb5 Nge7 O-O g6 c3 Bg7
1500,1684,black,240+0,e3 d5 d4 Nf6 Nc3 e6 Nf3 Nbd7 Bb5 Bb4
1296,1623,black,360+6,Nc3 Nf6 Nf3 d5 Ne5 d4 Nb5 a6 Na3 Qd5
1494,1687,white,480+4,e4 b6 e5 Bb7 d4 e6 Nc3 Qe7 a3 Nc6
1383,1320,draw,240+4,e4 e5 Nf3 d6 Bc4 h6 Nc3 c6 d4 exd4
1189,1121,white,300+5,e4 Nf6 e5 Nd5 c4 Nb6 c5 Nc4 Bxc4 b6
1731,1809,white,300+4,e4 c5 Nf3 d6 d4 cxd4 Nxd4 Nf6 Nc3 g6
1387,1724,white,480+0,d4 Nc6 e3 d5 Nf3 e6 Be2 Bd7 O-O Nf6
2145,2141,black,60+0,e4 c5 Nf3 Nc6 Bb5 d6 d4 Bd7 Bxc6 Bxc6
1927,1962,white,600+5,e4 e5 Nf3 Nc6 Bc4 Bc5 Nc3 Nf6 d3 h6
1369,1458,black,360+0,e4 c6 d4 e6 Nc3 a6 g3 d5 e5 h6
1664,1668,black,0+1,e3 e6 g3 d5 Bg2 Qf6 c3 Bd6 b3 Nc6
1563,1525,white,300+0,e4 e5 Nf3 Qf6 Bc4 h6 Nc3 c6 O-O Bc5
1427,1444,white,60+8,b3 d5 Bb2 Nc6 e3 e5 Bb5 Bd7 Bxc6 Bxc6
1757,1710,black,900+0,e4 c5 Nf3 Nc6 d4 cxd4 Nxd4 Nf6 Nc3 a6
1656,1624,white,480+7,e4 e5 Nf3 Nc6 Bb5 Nf6 Nc3 a6 Ba4 b5
1387,1358,black,300+0,e3 Nf6 g3 Nc6 h3 e5 Bg2 e4 b3 d5
1051,1111,white,60+5,d4 Nc6 e3 Nf6 c4 e6 c5 b6 Bd2 bxc5
1676,1304,white,300+7,e4 d5 exd5 Qxd5 Nc3 Qd8 Nf3 Bg4 h3 Bxf3
1537,1558,black,180+0,e4 d5 exd5 Qxd5 Nc3 Qd6 Nf3 e5 Be2 Be7
1781,1499,black,480+2,d4 d5 c4 c6 Nc3 e6 e4 Bb4 exd5 cxd5
1412,1535,black,1200+10,e4 c5 Nf3 e6 c4 Nc6 d3 Qc7 Be3 b6
1800,1629,black,300+20,e4 e5 Nf3 Nf6 Nxe5 Qe7 d4 d6 Nf3 Nxe4
1422,1654,black,960+0,e4 c5 Nf3 Nc6 d4 cxd4 Nxd4 Qb6 Nc3 Nxd4
1650,1679,white,0+1,c3 e6 d4 d5 b3 Qf6 e3 Nc6 h3 h6
1339,1743,black,720+2,d4 d5 Nc3 e6 e3 Bb4 Bd2 c6 Be2 Nf6
1814,1683,black,300+0,d4 Nf6 c4 e5 dxe5 Ng4 e6 fxe6 e4 Ne5
1531,1249,black,60+3,e4 e5 Nf3 Nf6 Nxe5 Nxe4 f3 d6 fxe4 dxe5
1626,1293,white,360+6,e4 Nf6 e5 Nd5 c4 Nb6 c5 Na4 Qxa4 Nc6
1456,1303,black,420+0,d3 g6 e3 Bg7 h3 d6 a3 e5 b3 Nf6
1425,1157,white,300+1,e4 e5 Bc4 Bc5 Nc3 Qf6 Nf3 Bxf2+ Kxf2 Nh6
1665,1500,black,0+1,c3 c6 d4 d5 f3 e6 e3 Be7 Bd3 Nf6
1469,1271,draw,360+3,d4 d6 e4 g6 Nc3 b6 f4 Bb7 d5 Nd7
1572,1814,black,300+0,e4 c6 d4 d5 exd5 cxd5 Nc3 Nc6 Bb5 Nf6
1756,1971,white,420+3,d4 Nf6 Nf3 e6 Bf4 d5 e3 Bd6 Ne5 O-O
1629,1855,black,360+6,e4 Nf6 Nc3 d6 d4 g6 Bg5 Bg7 Nf3 Nc6
1718,1464,white,180+0,d4 d5 Nc3 Nf6 Bf4 e6 Nb5 Bd6 Qd2 O-O
1483,1635,black,540+7,e4 c5 c4 e6 d3 Nc6 Nc3 a6 Nf3 Qc7
1589,2169,black,120+0,e4 c6 b3 d5 Bb2 dxe4 Nc3 Nf6 Qe2 Bg4
1289,1415,white,1200+10,g3 e5 Bg2 Nf6 Na3 Bc5 Nb5 c6 Nc3 d5
1482,1444,white,120+0,d4 g6 Bf4 Nf6 e3 Bg7 Nf3 O-O Bd3 c6
1659,1660,black,600+4,e4 e5 Nf3 Nc6 Bc4 Nf6 d4 d6 d5 Na5
1663,1485,white,300+2,Nf3 d5 d4 Nc6 c4 e6 a3 Nf6 e3 Be7
1652,1500,white,0+1,g3 e6 Bg2 Ke7 b3 f5 Ba3+ d6 Bb2 Kf7
1893,1748,white,180+0,e4 e5 Nf3 Nc6 d4 exd4 Nxd4 Nge7 Nc3 g6
1301,1428,black,840+1,e4 e5 d4 exd4 Qxd4 Nc6 Qd1 d6 Nc3 Nf6
1798,1500,black,300+0,g3 d5 Bg2 c6 h4 Nf6 f4 h5 e3 Bg4
1554,1596,black,600+10,e4 c6 Bc4 e6 Nh3 h6 Qf3 a6 e5 b5
1560,1592,white,300+0,e4 e5 Nf3 Nc6 Bc4 d6 c3 Bg4 Qb3 Be6
1679,1948,black,300+7,e4 Nc6 Bc4 e5 Nf3 h6 d3 Nf6 h3 Bc5
1737,1573,white,240+0,d4 d5 c4 e6 e3 c5 dxc5 Bxc5 Nc3 Ne7
1697,1831,white,300+0,g4 e5 Bg2 d5 e3 Nc6 b3 Bd6 Bb2 f5
1251,1323,black,60+5,e4 e5 Nf3 Nf6 Nxe5 Nxe4 Bd3 d6 Bxe4 dxe5
1704,1422,black,480+0,e4 e5 Nf3 Nc6 Nxe5 Nxe5 d3 b6 Be2 Bb7
1439,1397,white,60+8,b3 d5 Bb2 Nc6 e3 e5 Bb5 Bd7 Bxc6 Bxc6
1569,1526,black,180+0,e4 e5 Nf3 d6 d4 Bg4 dxe5 Bxf3 Qxf3 dxe5
2170,1588,white,120+0,d4 e6 Nf3 d5 Nbd2 Nf6 e3 Be7 b3 O-O
1762,1728,black,480+2,d4 d5 c4 dxc4 e4 e6 Bxc4 h6 Nf3 Nf6
1695,1394,white,240+0,d4 d5 Nf3 e6 e3 f5 Be2 Nf6 O-O Bd6
1509,1653,black,60+10,e4 c5 Bc4 Nc6 Qh5 e6 Qf3 Nd4 Qd1 b5
1643,1599,black,600+0,e4 e5 Nf3 d5 exd5 e4 Ng1 Nf6 c4 c6
1647,1657,white,60+0,d4 c5 d5 Qb6 c4 a6 Qb3 Qxb3 axb3 b6
1500,1567,white,300+3,e4 d5 exd5 Nf6 d4 Bg4 Nf3 Bxf3 Qxf3 Qxd5
1327,1390,white,300+5,e3 d5 a3 e6 b4 f5 Bb2 Bd6 Bxg7 Nf6
1892,1500,white,120+2,d4 e6 e3 Ke7 Nf3 f5 c4 Kf6 b3 d6
1884,1785,black,300+0,e4 b6 Nf3 Bb7 Nc3 f6 d4 g6 Bd3 e6
1699,1679,white,240+0,d4 d5 Nf3 e6 e3 Nf6 Be2 Be7 Nbd2 O-O
1322,1381,black,240+4,e4 c5 Bc4 Nc6 Bxf7+ Kxf7 Qf3+ Ke8 Qh5+ g6
1442,1434,black,420+0,e4 d6 d4 e6 Nf3 a6 e5 d5 Bg5 Ne7
1398,1360,black,300+0,e4 g6 d4 d6 d5
1830,1749,white,300+5,d4 g6 c4 c6 Nc3 d5 Nf3 Bg7 e4 dxc4
1579,1647,white,240+0,e4 c5 Nf3 Nc6 Nc3 e6 Bb5 a6 Bxc6 bxc6
1430,1018,white,300+1,e4 d5 exd5 Qxd5 Nc3 Qe6+ Qe2 Qb6 Qe3 c5
1229,1385,white,180+10,e4 e5 Nf3 d6 Bc4 h6 Nc3 Bg4 Nxe5 dxe5
1070,1820,black,60+5,d4 c6 e3 d5 c4 Nf6 c5 b6 cxb6 axb6
1572,1514,black,300+0,e4 e5 Nf3 Nc6 Bc4 Bc5 c3 Nf6 Qb3 O-O
1953,1776,black,420+3,Nf3 d5 c4 c6 e3 Nf6 d4 Bf5 Nc3 a6
1038,1094,white,300+5,e4 Nf6 Nc3 Nc6 f4 e5 fxe5 Nxe5 Nf3 Nxf3+
1669,1602,white,300+2,Nf3 b6 e4 Bb7 Nc3 e6 Bc4 Nf6 d3 h6
1447,1479,black,60+8,b3 e5 Bb2 Nc6 e3 d5 Bb5 Bd7 Bxc6 Bxc6
1500,1370,black,300+0,d4 g6 e4 d6 Nf3 Nf6 Nc3 Bg7 Be2 O-O
1659,1399,white,0+1,c3 e5 d4 d5 dxe5 Nc6 f4 Bf5 g3 Bc5
1505,1614,black,480+7,e4 e5 a3 Nf6 Nc3 d5 d3 d4 Na4 Bd7
1630,1836,white,600+0,e4 d6 d3 e6 Bd2 h6 Nf3 a6 Be2 g6
1436,1518,black,60+8,b3 d5 Bb2 Nf6 Bxf6 exf6 Nc3 c6 e3 Bb4
1796,1702,black,300+0,g3 c6 Bg2 d5 h4 e6 Nf3 Be7 O-O Nf6
1578,1711,black,240+0,e4 e5 d4 exd4 c3 g6 Bc4 Bg7 cxd4 Ne7
1078,1064,white,300+5,e4 e5 Nf3 d6 d4 exd4 Nxd4 Qe7 Nf3 Qxe4+
1334,1089,white,900+0,e4 d5 d4 dxe4 Nc3 f5 Bb5+ c6 Ba4 b5
1429,1428,black,300+4,e4 e5 Nf3 Nf6 d3 Nc6 a3 Bc5 Bg5 d6
1539,1556,white,180+0,d4 d5 Nc3 e6 Nf3 Nf6 Bg5 Be7 e3 O-O
1813,1710,black,180+1,e4 e5 Nf3 Nc6 Bc4 Nd4 Nxe5 Qg5 Bxf7+ Ke7
1784,1757,white,300+0,c4 e5 Nc3 Nc6 g3 Nge7 Bg2 g6 Bxc6 Nxc6
1527,1559,black,300+0,e3 d5 Nf3 Nc6 Bb5 Nf6 Bxc6+ bxc6 Nd4 Qd6
1544,1415,white,600+10,e4 e5 Nf3 Nc6 Bc4 Nf6 d3 h6 c3 d5
1634,1593,white,240+0,e4 e5 Nf3 Nc6 b3 d6 Bb2 Bg4 Be2 Bxf3
1449,1895,black,120+2,e3 e5 Ke2 d6 d4 exd4 exd4 Nf6 c4 Be7
1276,1464,black,360+3,e4 e5 Nf3 Nc6 Bb5 Nf6 d4 a6 Bxc6 bxc6
1741,1899,white,180+0,e4 e5 Nf3 Nc6 Nc3 Nf6 d4 exd4 Nxd4 Nxd4
1341,1171,white,300+5,e3 e6 a3 Bd6 b4 Nf6 Bb2 O-O Be2 b6
1820,1663,white,240+0,e4 e5 Nf3 Nc6 Bb5 Nd4 Nxd4 exd4 c3 Qe7
1665,1587,white,0+1,b3 e6 Bb2 b6 g3 Bb7 f3 Nc6 Bg2 Qe7
1660,1498,black,60+10,d4 d5 c4 Be6 cxd5 Bxd5 Nc3 Nf6 Bg5 Ne4
1500,1556,black,180+0,d4 d5 Nc3 c6 e4 dxe4 Nxe4 Bf5 Ng3 Bg6
1718,1570,white,240+0,d4 d5 Nf3 Bg4 e3 Bxf3 Qxf3 Nf6 Nc3 Nc6
1569,1383,white,300+8,Nc3 e5 e4 Qf6 Nd5 Qd6 Nf3 c6 Ng5 cxd5
1455,1684,black,480+0,d4 d5 Nf3 e6 g3 Nf6 Bg2 c6 O-O Bd6
1439,1369,black,300+10,e4 e5 Ke2 d5 Nc3 Bg4+ Kd3 Bxd1 Nxd1 dxe4+
1568,1509,white,480+4,e4 e5 g3 Nc6 Bg2 Nf6 c3 Bc5 Nf3 d6
1592,1569,white,180+3,d4 e6 e3 d5 b3 c5 Bb2 Nc6 Nf3 Qb6
1701,1654,black,420+15,d4 d5 c4 dxc4 e3 e6 Bxc4 Bb4+ Nc3 Nf6
1583,1644,black,240+0,e4 e5 Nf3 d6 c4 Nc6 Be2 Bg4 O-O Nf6
1365,1273,white,1740+30,d4 e6 c4 Na6 Nc3 Bb4 Bd2 Nf6 Na4 Ne4
1551,1558,white,300+0,e4 d5 Nc3 d4 Nb1 e5 d3 f5 exf5 Bxf5
1749,1611,black,480+2,d4 d5 c4 dxc4 e4 c5 Nf3 cxd4 Nxd4 e5
1830,1521,white,300+21,e4 Nc6 d4 d5 e5 f6 exf6 exf6 Nf3 Bg4
1675,1451,white,420+0,e4 e6 d4 d6 f4 a6 Nf3 h6 Bd3 b6
1069,1015,white,60+5,d4 d5 e3 e6 c4 Bb4+ Bd2 Nc6 cxd5 exd5
1544,1551,white,180+0,e4 b6 e5 Bb7 d4 Nc6 Nf3 e6 Bd3 Be7
1511,1564,black,0+8,e4 e5 Nf3 Nc6 Bb5 a6 Ba4 b5 Bb3 Bc5
1711,1534,black,300+3,e4 e5 f4 Nc6 Nf3 d6 Bc4 Be7 O-O exf4
1726,1884,black,240+0,d4 d5 Nf3 e6 e3 Nf6 Be2 c5 Nbd2 a6
1423,1506,white,240+3,e3 c5 Nf3 b6 Nc3 e6 d4 cxd4 Nxd4 a6
1898,1417,white,120+2,d4 e6 e3 Ke7 c4 b6 Nc3 d6 Nf3 Bb7
1922,1642,white,300+13,e4 c5 Bc4 e6 Nf3 a6 a3 Nc6 Nc3 b6
1443,1418,black,300+4,d4 d5 Nc3 e6 e4 dxe4 Nxe4 Bb4+ c3 Be7
1674,1648,draw,300+7,e4 d6 d4 e6 d5 e5 Nc3 Ne7 f4 c6
1400,1306,black,1200+10,e4 b6 Nf3 Bb7 Bc4 Bxe4 c3 Bxb1 Rxb1 g6
1795,1839,black,300+0,g3 d5 Bg2 e5 h4 c6 d4 e4 e3 Nf6
1349,1314,white,180+0,d4 d5 Nc3 Nf6 Bf4 e6 Nb5 Na6 a3 c6
1782,1542,black,300+20,e4 d5 exd5 Qxd5 Nc3 Qe5+ Qe2 Qxe2+ Bxe2 Nf6
1790,1720,white,300+8,e4 e5 Nf3 Nc6 Bb5 d6 O-O Bd7 Bc4 h6
1773,1673,white,60+0,e4 e5 f4 Nc6 Nf3 Bd6 Bc4 Nge7 Nc3 O-O
1428,1315,white,60+8,b3 e5 Bb2 d6 e3 Nc6 d4 Nf6 dxe5 dxe5
1469,1270,white,360+3,d4 d5 Nf3 Nf6 Nc3 Bg4 e3 e5 Be2 exd4
1281,1364,black,360+8,d4 Nf6 e3 e6 Nf3 b6 b3 Bb7 Be2 c5
1652,1828,black,240+0,d4 c6 Bg5 d5 e3 f6 Bh4 Bf5 g4 Bd7
1425,1518,white,300+10,e4 e5 Ke2 Bc5 Nc3 d5 exd5 Bg4+ f3 Bh5
1741,1643,black,300+3,e4 e5 Bc4 Nf6 Nc3 c6 Nf3 b5 Bb3 Bd6
1671,1648,black,600+4,e4 e5 g3 Nc6 Bg2 Nf6 Nc3 Bc5 h3 d6
1602,1828,black,180+3,d4 d6 e4 Nf6 Bd3 g6 Nc3 Bg7 d5 O-O
1500,1574,white,300+0,e4 e5 Bc4 Nc6 Bxf7+
1443,1680,black,420+0,h3 d5 a3 e5 g3 Nc6 b3 Be6 Bb2 Bd6
1368,1572,black,600+10,e4 c5 d3 Nc6 Nc3 Nf6 Nf3 d6 h3 h6
1796,1937,black,420+3,d4 e6 Nf3 c6 Bf4 f5 h4 Nf6 Nbd2 Be7
1570,1607,black,180+8,d4 d5 Nc3 Nf6 f3 h6 e4 e6 e5 Nfd7
1689,1447,white,480+0,e4 e5 Nf3 Nc6 Bb5 d6 Bxc6+ bxc6 d3 c5
1497,1715,white,300+0,e4 e5 Nc3 Be7 Nf3 d6 Bc4 Bh4 g3 Bh3
1347,1091,white,300+5,e3 e6 a3 d5 b4 Bd7 Bb2 Ba4 Nc3 Bb5
2165,1890,black,180+0,e4 e5 Nf3 Nc6 Nc3 Nf6 Bb5 d6 d4 exd4
1747,1794,black,300+2,e4 c5 Nf3 d6 Nc3 Nf6 d4 cxd4 Qxd4 Nc6
1501,1565,white,180+6,e4 e5 Nf3 Nc6 Bb5 d6 h3 Ne7 c3 Bd7
1676,1393,white,0+1,e3 e5 d4 exd4 Qxd4 Nc6 Qd1 Bb4+ c3
1082,1213,white,60+5,d4 e6 e3 c5 c4 d5 Qb3 b6 cxd5 exd5
1500,1623,black,480+4,e4 e6 e5 c5 c4 a6 d4 Nc6 dxc5 Bxc5
1556,1573,white,240+0,e4 e5 Nf3 Nc6 Be2 Bc5 O-O Nf6 d3 h6
1339,1470,white,600+8,e4 d5 Nc3 dxe4 Nxe4 Bf5 Bd3 Bg6 Bc4 Qd4
1460,1523,white,180+0,d4 d5 Nc3 e6 a3 a6 e4 c6 e5 h6
1660,1516,white,0+1,c4 d5 e3 Nf6 cxd5 Qxd5 f3 Nc6 e4 Qd7
1435,1489,white,60+8,b3 e5 Bb2 Nc6 e3 d5 Bb5 Bd6 Bxc6+ bxc6
1681,1506,black,0+1,c3 b6 d4 Bb7 f3 e6 e4 Ne7 b3 Ng8
1261,1551,black,600+10,e4 e5 Bc4 Nf6 f3 Bc5 Nh3 h6 f4 Nxe4
1265,1475,white,360+3,e4 e5 Nf3 Nc6 Bb5 d6 d4 Bd7 d5 Nd4
1352,1092,black,300+5,e3 e6 a3 Nf6 b4 b6 Bb2 a5 bxa5 bxa5
1850,1901,white,120+2,d4 d5 c4 e6 Nf3 Nf6 Nc3 Bb4 Bd2 O-O
1562,1568,black,240+0,e4 e5 d4 exd4 c3 dxc3 Bc4 cxb2 Bxb2 Bb4+
1621,1497,white,480+7,e4 e5 Nf3 Nf6 Nc3 Bb4 Bc4 Bxc3 dxc3 O-O
1376,1519,black,480+5,e4 e5 Qh5 Nf6 Qxe5+ Be7 Bc4 d6 Qg3 O-O
1423,1634,black,900+4,e4 e5 Nf3 Nc6 Bc4 h6 d4 exd4 Nxd4 Nxd4
1813,1835,black,300+0,e4 c6 d4 d5 exd5 cxd5 Nc3 Nc6 Bb5 Nf6
1373,1405,black,1740+30,d4 d5 c4 dxc4 Nc3 e6 a3 Nf6 e4 Be7
1733,1500,white,480+2,e4 e5 Nf3 Nc6 Bb5 Nf6 d3 a6 Ba4 Bb4+
1642,1719,black,240+0,b4 d5 Bb2 e6 e3 Nf6 b5 b6 a4 Be7
1436,1428,white,420+0,d3 e5 e3 d5 a3 Nc6 h3 Nf6 b3 Bf5
1745,1547,white,300+4,e4 d5 exd5 Nf6 Nc3 Nxd5 Nxd5 Qxd5 Nf3 Bg4
1501,1404,black,420+0,d4 d5 c4 dxc4 Nc3 e6 e3 Bb4 Bd2 Bxc3
1694,1727,black,480+0,e4 e5 Nf3 Nc6 Bb5 d6 Bxc6+ bxc6 d3 Bg4
1665,1768,black,60+0,d4 d5 c4 e6 Nc3 f5 e3 Nf6 Bd2 Be7
1515,1500,white,180+6,e4 e5 Nf3 Nf6 d4 Nxe4 Nxe5 Nxf2 Kxf2 Qh4+
1688,1861,white,420+15,d4 f5 c4 Nf6 Nc3 e6 a3 b6 Bg5 Be7
1579,1551,black,240+0,e4 e5 Nf3 Nc6 Be2 Bc5 O-O d5 exd5 Qxd5
1927,1638,draw,300+13,e4 c5 Bc4 e6 Nf3 Qc7 Nc3 a6 a3 b6
1554,1432,white,1500+0,e4 e5 Nf3 Nc6 Bc4 Nf6 Ng5 d5 exd5 Na5
1553,1792,black,300+0,d4 b5 c4 Bb7 d5 bxc4 e4 Ba6 Nc3 Nf6
1336,1511,black,300+5,e3 e5 a3 d5 b4 e4 Bb2 Nh6 d3 exd3
1730,1848,black,240+2,e4 c6 d4 d5 e5 Bf5 Nf3 e6 Nc3 Nd7
1500,1416,black,60+15,d4 d5 e3 g6 Bd3 Bg7 c3 h5 Nf3 f6
1458,1518,white,120+4,d4 Nf6 Nc3 d5 Nf3 Bg4 e3 e6 Be2 Bb4
1737,1863,white,300+3,e4 c5 Nf3 d6 d4 cxd4 Qxd4 Nc6 Bb5 Bd7
1504,1439,white,300+10,e4 e5 Bc4 Ke7 d4 Nc6 Bg5+ f6 d5 Na5
1664,1728,black,240+0,e4 e5 f4 exf4 Nf3 Ne7 Bc4 h6 O-O g6
1711,1800,black,300+8,e4 c5 Bc4 Nc6 Nf3 d6 Nc3 Bg4 Bxf7+ Kxf7
1797,1914,white,180+3,b3 e5 Bb2 Nc6 c4 Be7 Nc3 Nf6 g3 O-O
1393,1857,black,240+2,e3 c6 Ke2 d5 d4 Bf5 f3 Nf6 g4 Bg6
1649,1667,white,420+8,e3 e5 d3 Nc6 f3 Nf6 Bd2 Bb4 a3 Bxd2+
1795,2069,black,180+0,e4 b6 d4 Bb7 Bd3 e6 f4 Nf6 Nf3 Nxe4
1200,1212,white,60+5,e4 e5 Nf3 Nc6 Bb5 Bd6 Bxc6 dxc6 d4 Bg4
1414,1452,white,420+0,d4 d6 e4 a6 c4 e6 Nc3 h6 Bd3 g6
1737,1683,black,480+0,e4 e5 Nf3 d6 Nc3 Nf6 d3 a6 Bg5 Bd7
1556,1369,draw,480+5,b3 Nc6 Bb2 Nf6 e3 e5 Bb5 e4 Bxc6 dxc6
1645,1666,white,900+0,e4 e5 Nf3 Nc6 Bb5 a6 Ba4 Nf6 O-O b5
1506,1815,black,300+4,e4 d5 e5 Nc6 d4 Bf5 Nc3 Nb4 Bd3 Nxd3+
1419,1632,black,600+8,e4 e5 Nf3 Nc6 Bb5 Nge7 O-O a6 Ba4 g6
1563,1567,white,240+0,e4 e5 d4 exd4 Nf3 c5 Bc4 d6 Ng5 Nh6
1548,1833,black,300+0,d4 Nf6 c4 g6 Nc3 d5 Bg5 dxc4 Bxf6 exf6
1737,1533,draw,480+2,d4 e6 e4 c6 Nc3 Bb4 a3 Bxc3+ bxc3 Ne7
1568,1470,white,180+0,d4 d5 Nc3 c6 e4 e6 exd5 cxd5 a3 Nf6
1256,1114,draw,60+5,e4 e5 Nf3 Nc6 Bb5 Nf6 Bxc6 dxc6 Nxe5 Nxe4
1738,1655,black,240+0,d4 d5 Nf3 a6 e3 c6 Bd3 Bg4 Be2 e6
1751,1496,white,300+4,e4 e5 Nf3 Bc5 c3 a6 d4 exd4 cxd4 Be7
1791,2074,black,180+0,e4 b6 d4 Bb7 Bd3 e6 Ne2 Nf6 Nbc3 Bb4
1859,1370,white,240+2,e4 e6 d4 Ke7 Nf3 d5 e5 b6 b4 Bb7
1669,1644,white,0+1,e3 c5 e4 e6 d3 Nc6 f4 a6 Be2 b6
1638,1405,white,300+5,e4 e5 Nf3 Bc5 Nxe5 b6 Bc4 Nh6 d4 Bd6
1426,1278,white,60+15,d4 d5 e3 e6 a3 Nf6 f3 Nc6 b3 Bd6
1434,1429,white,420+0,h3 d5 g3 e5 a3 Nf6 b3 b6 Bg2 Bb7
1697,1725,black,480+0,e4 e5 Nf3 Nc6 Bb5 d6 Bxc6+ bxc6 d3 Bg4
1522,1517,black,180+6,e4 e5 Nf3 Nc6 Bb5 d6 h3 Bd7 c3 a6
1660,1659,black,600+4,e4 c6 Nf3 d5 exd5 cxd5 d4 Nc6 Bb5 a6
1535,1476,white,180+8,d4 d5 Nc3 Nf6 e3 Nc6 Bb5 Bd7 Bxc6 Bxc6
1386,1561,white,600+0,e4 e5 Nf3 Nc6 Bb5 a6 Bxc6 bxc6 Nc3 Bb7
1588,1661,black,1080+0,e4 c5 Nf3 Nc6 d4 cxd4 Nxd4 Qb6 Be3 Qxb2
1363,1122,white,1740+30,d4 Nc6 d5 Ne5 f4 Ng4 e4 e6 Qxg4
1541,1566,white,300+0,e4 e5 Nf3 Nc6 Bb5 a5 Bxc6 dxc6 Nxe5 Qe7
1881,1746,black,420+4,e4 e5 f4 d5 Qh5 Nc6 fxe5 g6 Qd1 Nxe5
1735,1970,white,60+0,d4 e6 c4 d5 cxd5 exd5 Nc3 c6 Nf3 Nf6
1682,1633,black,0+1,c3 b6 b4 Bb7 a3 c5 Bb2 cxb4 axb4 Nf6
1622,1471,black,180+0,d4 e6 a3 d5 Nc3 Nf6 Bf4 Nc6 Nb5 Bd6
1556,1574,white,240+0,e4 e5 Nf3 Nc6 d4 exd4 Nxd4 Bc5 Nxc6 Qf6
1329,1430,white,300+5,e3 d5 a3 g6 b4 Bg7 d4 e5 Bb2 exd4
1657,2132,black,60+2,e4 b6 d4 Bb7 Nc3 e6 Nf3 Bb4 Bd3 Nf6
1240,1423,black,120+0,d4 d5 c4 Nc6 Nc3 a6 cxd5 Nb4 Qa4+ c6
1597,1847,black,300+3,d4 Nf6 e4 Nxe4 Bd3 Nf6 b3 d5 Bb2 g6
1238,1331,black,60+5,e4 e5 Nf3 Nf6 Nxe5 Nxe4 d3 d6 dxe4 dxe5
1657,2007,black,900+0,e4 d5 exd5 Qxd5 Nc3 Qa5 Nf3 Bg4 d4 e6
1255,1629,black,480+7,e4 e5 d4 exd4 Qxd4 Nc6 Qc3 Bb4 Bg5 Bxc3+
1368,1094,white,1740+30,d4 Nc6 d5 Nd4 Qxd4 d6 e4 e5 dxe6 fxe6
1500,1500,draw,120+3,c4 e5 Nc3 b5 cxb5 c5 Ne4 a5 Nxc5 d5
1942,1455,black,600+8,e4 d5 exd5 Nf6 Nc3 c6 dxc6 Nxc6 Be2 e6
1822,1653,white,240+0,e4 e6 Nc3 c6 Nf3 Ne7 d4 Na6 Bc4 b5
1669,1704,black,300+0,e4 c5 g3 d6 Bg2 e5 Ne2 Nc6 c3 f5
1898,1812,black,180+3,e4 b6 Be2 Bb7 Bf3 c5 c3 Nc6 d4 cxd4
1533,1328,white,180+0,d4 b6 Nc3 Bb7 Bf4 e6 Nb5 d6 f3 Nd7
1666,1646,white,0+1,d3 b6 e4 Bb7 g3 e6 Bg2 Nf6 Qe2 Be7
1950,1755,black,60+0,e4 e6 e5 d5 d4 c5 Nf3 cxd4 c3 dxc3
1399,1594,black,600+8,Nf3 d5 Nc3 Nf6 d4 c5 dxc5 e6 Bg5 Bxc5
1543,1316,black,120+0,e4 e5 f4 Nc6 Nf3 d6 c3 Bg4 fxe5 Nxe5
1492,1662,black,300+3,e4 e6 d4 d5 Nc3 c5 exd5 exd5 Nf3 Nf6
1448,1396,white,60+8,b3 e5 Bb2 d6 e3 f6 d4 Nd7 dxe5 fxe5
1704,1661,white,420+15,d4 d5 c4 e6 cxd5 Qxd5 Nc3 Bb4 a3 Bxc3+
1562,1567,black,240+0,e4 e5 d4 exd4 c3 dxc3 Bc4 cxb2 Bxb2 f6
1429,1398,black,120+0,e4 e5 Bc4 Qf6 d3 Bb4+ c3 Bc5 Nf3 h6
1629,1316,white,360+0,f4 c6 e4 d5 e5 Bf5 Nf3 e6 d4 Nd7
1861,2104,black,120+2,e4 c5 Nf3 Nc6 d4 cxd4 Nxd4 Nf6 f3 a6
1731,1539,white,480+2,d4 e6 c4 c6 e4 Bb4+ Bd2 Be7 Nf3 Nf6
1797,1916,white,540+0,e4 d5 exd5 Nf6 d4 c6 h3 cxd5 Nf3 e6
1871,1525,white,60+0,d4 Nf6 Bg5 d5 Bxf6 exf6 e3 c6 c4 Bd6
1735,1686,black,480+0,e4 e5 Nf3 d6 Nc3 Nd7 d3 Ngf6 Bg5 Be7
1305,1219,white,300+0,e4 c5 Bc4 Nf6 Nc3 d6 Nf3 Nc6 Ng5 Nd4
1723,1801,black,300+0,e4 c5 Nf3 Nc6 Bc4 e6 d3 d6 Bg5 Be7
1467,1485,white,240+0,e4 e5 Nf3 Nc6 Bb5 d6 h3 Bd7 Nc3 Nf6
1799,1905,white,300+0,d4 e6 c4 d5 Nc3 Nf6 Nf3 Be7 Bg5 h6
1679,1418,white,900+0,e4 e5 Qh5 Nf6 Qxe5+ Be7 d3 O-O Qg3 Bd6
1545,1402,white,600+0,d4 c5 e3 Qa5+ Bd2 Qb6 Bc3 cxd4 Bxd4 Qb4+
1777,1773,black,60+0,c4 e6 Nc3 d5 d4 Nf6 cxd5 exd5 Bg5 c5
1608,1350,black,180+5,d4 d5 Bf4 Bf5 Nc3 e6 e3 a6 Nf3 Nf6
1880,1781,white,60+0,d4 d5 Bg5 c6 e3 Nf6 Bxf6 exf6 c4 dxc4
1536,1419,black,120+0,e4 Nc6 Bc4 Ne5 Bb3 e6 d3 Bc5 d4 Bb4+
1631,1252,white,480+7,e4 d5 exd5 Qxd5 Nc3 Qe6+ Qe2 Qxe2+ Ngxe2 e5
1705,1545,black,300+0,e4 e5 f4 f5 exf5 e4 d4 d5 Bb5+ c6
1458,1354,black,1800+20,d4 e6 c4 d5 Nc3 c5 Nf3 Qb6 cxd5 exd5
1905,1971,black,60+0,d4 c5 d5 e6 dxe6 fxe6 g3 Nf6 Bg2 Be7
1202,1432,black,60+15,e4 e5 Nc3 d6 d3 c6 Nf3 h6 a3 g6
1431,1450,black,420+0,e4 a6 d4 b6 Nc3 h6 d5 g6 Nf3 Bg7
1714,1659,black,300+0,d4 d5 e3 a6 b3 c6 Bb2 Bf5 a3 e6
1554,1553,white,300+0,e4 d5 exd5 Nf6 Nc3 Nxd5 Nge2 Nxc3 Nxc3 e5
1580,1321,white,600+8,e4 g6 d4 Bg7 Nf3 b6 Bc4 Bb7 Nc3 e6
1981,1765,white,120+0,e4 d5 e5 Bf5 Nf3 e6 d4 c5 Bb5+ Nc6
1500,1500,black,120+3,e4 c5 e5 d6 f3 dxe5 h4 Qd5 f4 Qd4
1592,1786,black,60+0,e4 e6 Nf3 d5 exd5 exd5 d4 Nf6 Be2 c5
1561,1690,black,300+0,d4 Nf6 c4 g6 Bg5 Bg7 Bxf6 exf6 Nf3 d5
1426,1885,black,300+0,e4 e5 Nf3 d6 h3 Nf6 d4 exd4 Bd3 c5
1763,1562,white,300+20,e4 e6 d4 d5 Nc3 dxe4 Nxe4 Nf6 Bg5 Nc6
1852,1491,white,300+3,Nf3 d6 d4 f6 c4 Nd7 Nc3 a6 e4 b6
1880,1655,white,60+0,d4 e6 Nf3 Ne7 Bg5 g6 Bf6 Rg8 e4 Bg7
1432,1416,black,300+1,e4 c5 Bc4 e6 Nc3 Nc6 Nf3 a6 a4 Bd6
1546,1635,draw,300+2,e4 b6 Nf3 Bb7 d3 e6 c4 Nf6 Nc3 Bb4
1727,1883,white,180+3,e4 e5 Bc4 Nc6 Nf3 Nf6 d3 d6 h3 Na5
1859,1750,white,60+1,e4 d5 exd5 e6 dxe6 Bxe6 Nf3 Nf6 d4 Nc6
1395,1546,draw,300+8,e4 b6 d4 Bb7 Nc3 e6 Bc4 Bb4 Ne2 Bxe4
1980,1586,white,60+0,d4 e6 c4 d5 Nc3 Nf6 Nf3 Be7 Bg5 O-O
1327,1380,white,360+0,e4 e5 Nf3 Bc5 Nc3 Nc6 Bb5 f6 d3 a6
1476,1291,black,600+8,d4 d5 Bg5 Nf6 Bxf6 exf6 e3 Nc6 c3 Bd6
2109,1856,white,120+2,e4 c6 d4 d5 Nc3 dxe4 Nxe4 Bf5 Ng3 Bg6
1578,1552,black,240+0,e4 e5 Nf3 Nc6 d4 exd4 Nxd4 Bc5 Nxc6 Qf6
1413,2010,black,900+0,e4 d5 exd5 Qxd5 Nc3 Qa5 Nf3 Nf6 a3 e6
1552,1646,white,600+0,c4 Nf6 Nc3 e6 b3 a6 Bb2 Be7 e4 Nc6
1918,1733,black,300+13,e4 e5 Nf3 Nc6 Bc4 Bc5 Nc3 d6 d3 Bg4
1989,1432,white,120+0,e4 Nc6 Nf3 e5 c3 Bc5 Bc4 h6 O-O d6
1792,1893,white,60+0,d4 e6 c4 d6 Nc3 c6 Nf3 d5 cxd5 exd5
1400,1643,black,300+5,e4 e6 d4 d5 e5 c5 Bb5+ Bd7 Bxd7+ Nxd7
1437,1158,white,60+15,d4 d5 e3 e6 a3 Nf6 f3 Nc6 g4 h5
1501,1857,black,60+0,e4 d5 exd5 Qxd5 Nc3 Qe5+ Qe2 Qxe2+ Bxe2 Nf6
1584,1982,black,60+0,d3 c5 Nc3 e6 Bd2 d5 e4 Nf6 exd5 exd5
1479,1473,black,240+0,e4 e5 Nf3 Nc6 Bb5 d6 h3 Bd7 Nc3 a6
1372,1072,white,1740+30,d4 d5 c4 e6 a3 dxc4 Nc3 Nf6 e4 Nc6
1889,1813,white,300+0,e4 c6 d4 d5 e5 Bf5 Bd3 Bxd3 Qxd3 e6
1431,1321,white,120+0,e4 d6 Bc4 e5 d4 h6 dxe5 f6 exd6 cxd6
1959,1842,white,420+8,d4 f5 Nc3 e6 e4 fxe4 Nxe4 Nf6 Bd3 Be7
1563,1566,black,240+0,e4 e5 d4 exd4 c3 dxc3 Bc4 cxb2 Bxb2 d6
1991,1462,white,120+0,e4 e5 Nf3 Nc6 Bc4 h6 Nc3 Bc5 O-O g5
1805,1349,white,300+2,e4 c5 Nf3 Nc6 d4 cxd4 Nxd4 e5 Nb5 Bb4+
1633,1500,white,300+8,e4 e5 Nf3 Bc5 c4 Bxf2+ Kxf2 d6 Ke1 Nf6
1887,1971,black,300+0,d4 Nf6 e3 d5 Bd3 c6 f4 Bg4 Nf3 h6
1993,1581,black,120+0,e4 e6 Nf3 d5 e5 c5 Bb5+ Nc6 Bxc6+ bxc6
1287,1241,white,300+3,e3 d5 d4 e6 c4 c6 cxd5 cxd5 Nc3 Nf6
1455,1439,black,120+0,e4 Nc6 Qf3 Ne5 Qf4 Ng6 Qf3 Ne5 Qf4 Ng6
1672,1701,black,300+0,e4 c5 g3 Nc6 Bg2 d6 Ne2 e5 c3 f5
1959,1410,white,60+0,e4 e5 Nf3 Nc6 Bc4 Bc5 O-O d6 c3 Be6
1171,1551,black,240+2,e3 e5 Nc3 Nf6 d4 exd4 exd4 Bb4 a3 Ba5
1608,1723,white,240+0,e4 e5 Qh5 Nc6 Bc4 Qe7 c3 Nf6 Qh4 d6
1116,1217,white,300+0,d3 d5 c3 e5 Nd2 c5 Ngf3 Nc6 d4 e4
1291,1391,black,240+4,e3 c6 Qg4 d6 Qd4 Nf6 d3 e5 Qa4 Nbd7
1699,1800,white,480+0,e4 c6 Nf3 d5 exd5 cxd5 d3 Bg4 Nbd2 Nf6
1522,1654,black,900+0,d4 d5 c4 e6 Bf4 Nf6 e3 Bb4+ Nc3 Nc6
1464,1340,white,360+0,d3 c5 e3 Nc6 h3 Qa5+ Nd2 e6 g3 Nf6
1807,1984,black,60+0,e4 c5 Nf3 e6 c3 d5 e5 f6 d4 Nc6
1594,1496,black,180+5,d4 d5 Bf4 Bg4 Nc3 e6 h3 Bh5 g4 Bg6
1851,1165,white,300+5,e4 e5 Nf3 f6 Nxe5 fxe5 Qh5+ Ke7 Qxe5+ Kf7
1498,1500,white,120+0,e4 e5 Nf3 Nc6 Bc4 Bc5 d3 h6 Nc3 Nge7
1697,1686,white,300+0,e4 e6 d4 d5 exd5 exd5 c4 Nf6 Nf3 Bg4
1737,1625,white,480+2,e4 e5 Nf3 d6 d4 exd4 Nxd4 Nf6 Nc3 Be7
1769,1533,white,300+20,e4 e5 Nf3 d6 d4 Bg4 dxe5 Bxf3 Qxf3 dxe5
1165,1851,black,300+5,Nc3 e5 d3 d5 e3 Nf6 Nf3 Nbd7 b3 c6
1855,1445,white,300+3,Nf3 b6 d4 Bb7 c4 e6 Nc3 c5 d5 Be7
1650,1863,black,60+0,e4 d5 Nf3 dxe4 Ne5 Nf6 d4 Bf5 Nc3 e6
1961,1165,white,60+0,e4 g6 Nf3 Bg7 c3 e6 d4 d6 Bd3 c5
1866,1873,white,180+3,e4 e6 d4 d5 Nc3 Nf6 Bg5 Bb4 e5 h6
1493,1563,black,180+1,e4 c5 Nf3 d6 Bc4 e6 c3 Nc6 a3 Nf6
1577,1553,black,240+0,e4 e5 Nf3 Bc5 Nxe5 d6 Nc4 Nf6 d3 h6
1430,1001,black,420+0,d4 Nf6 Nc3 e6 e4 Be7 Bd3 Nc6 e5 Nxe5
1555,1622,black,300+0,e4 e5 Nf3 d6 Bc4 Bg4 d3 Qf6 Be3 Bxf3
1441,1083,white,900+0,e4 d5 exd5 Qxd5 Nc3 Qe6+ Qe2 Qg6 d4 Bg4
1708,1744,white,240+0,d4 d5 Nf3 c6 e3 e6 Be2 Bd6 O-O Ne7
1346,1395,black,300+5,d4 d5 c4 e6 Nc3 c6 Nf3 Bb4 a3 Bxc3+
2114,2078,white,120+2,e4 b6 d4 Bb7 Nc3 e6 Nf3 Bb4 Bd3 Nf6
1775,1528,black,300+20,e4 e5 Nf3 d6 d4 Bg4 dxe5 Bxf3 Qxf3 dxe5
1564,1565,white,240+0,e4 e5 d4 exd4 c3 dxc3 Bc4 cxb2 Bxb2 Nh6
1480,1562,white,300+0,e4 e5 Bc4 d6 Nf3 h6 d3 Nf6 Nc3 Be7
1427,1576,black,360+0,e4 e5 Nf3 Nc6 Bc4 Bc5 c3 d6 d4 exd4
1586,1800,black,60+0,e4 e6 d4 d5 exd5 exd5 Nc3 Nf6 Nf3 c5
1961,1990,white,60+0,e4 c5 Nf3 e6 Bc4 d5 exd5 exd5 Bb5+ Nc6
1694,1669,black,300+3,e4 e6 d4 d5 Nc3 Bb4 exd5 Qxd5 Nf3 Nc6
1412,1683,black,960+0,e4 c5 Nf3 Nc6 Bb5 e6 O-O Nf6 Bxc6 bxc6
1506,1635,white,120+0,e4 b6 Nf3 Bb7 Nc3 e6 Bb5 Bb4 a3 Bxc3
1375,1592,white,180+5,e4 e5 Nf3 Nc6 Bc4 h6 d4 Nxd4 Nxd4 exd4
1276,1128,black,840+30,e4 e5 Nf3 Nf6 Nc3 Bc5 Bc4 a6 Nxe5 O-O
1580,1614,white,180+5,d4 d5 Bf4 Nf6 Nc3 e6 Nf3 Be7 e3 O-O
1877,1982,black,300+0,d4 Nf6 e3 d5 Bd3 c6 f4 Bg4 Nf3 e6
1721,1589,white,240+0,d4 d5 Nf3 c5 e3 e6 b3 Be7 Bb5+ Bd7
1441,1317,black,60+15,d4 g6 e4 Bg7 e5 b6 b3 Bb7 f3 d6
1457,1472,white,60+8,b3 b6 Bb2 d6 e3 e5 Qf3 c6 Bb5 Qf6
1862,1878,draw,180+3,Nf3 Nf6 e3 g6 d4 Bg7 Bd3 O-O O-O d6
1294,1600,black,420+7,e4 e5 Nf3 d6 Bc4 h6 d4 exd4 Nxd4 Nf6
1981,1806,black,60+0,e4 e6 Nf3 d5 e5 f6 d4 fxe5 Nxe5 c5
1235,1475,black,360+0,e4 d6 Nf3 a6 Bc4 h6 d4 e6 d5 e5
1484,1635,black,300+1,d4 e6 e4 d5 e5 c5 Nf3 Qb6 Nbd2 Nc6
1624,1639,black,360+6,e4 c5 Nf3 Nc6 c3 a6 d4 cxd4 cxd4 d6
1031,1386,black,420+0,e4 e5 d4 c5 d5 Qa5+ Bd2 Qb6 Nc3 c4
1369,1656,black,600+8,e4 e5 Nf3 Nc6 Bb5 Bc5 Nc3 Nf6 Qe2 O-O
1875,1619,white,120+0,e3 e5 g3 d5 Bg2 e4 Ne2 f5 d3 Nf6
1674,1707,black,300+0,Nf3 Nf6 d4 d5 c4 e6 Nc3 c6 g3 Bd6
1500,1661,black,300+1,e4 e5 Nf3 Nc6 Bc4 f5 exf5 Nf6 Nc3 d5
1054,1079,black,900+0,e4 d5 exd5 Qxd5 Nc3 Qe6+ Qe2 Qg6 Qe4 Bf5
1479,1616,black,300+3,e4 e5 Qf3 Nf6 Bc4 Be7 d3 O-O Qg3 Kh8
1975,1155,white,600+10,e4 e6 d4 e5 dxe5 Qe7 Nf3 f6 exf6 Qxe4+
1714,1683,black,480+0,e4 b6 d3 Bb7 Nf3 e6 Nbd2 d5 e5 Nc6
1711,1752,draw,300+0,d4 e6 b3 Ne7 Bb2 g6 a3 Bg7 f3 O-O
1978,1548,white,60+0,d4 d5 c4 e6 Nc3 Bb4 Nf3 Nf6 Qc2 O-O
1314,1341,white,180+0,e4 e5 Bc4 Nf6 Nc3 d6 Nf3 Bg4 h3 Bd7
1631,1093,white,540+7,e4 d5 e5 d4 d3 Nc6 Bf4 f6 exf6 exf6
1503,1631,black,300+3,e4 e5 Bc4 d6 h3 Nc6 c3 Qf6 b4 Be6
1955,1929,white,60+0,e4 e6 Nf3 d5 e5 c5 c3 Nc6 d4 cxd4
1168,1440,black,240+2,e3 e5 d4 exd4 exd4 Nf6 Qe2+ Be7 g4 d5
1400,1405,white,300+5,d4 d5 Nc3 c6 Nf3 e6 e4 Bb4 exd5 Qxd5
1509,1413,white,900+0,d4 Nf6 Nf3 d5 Nc3 Bf5 Bg5 e6 e3 h6
1717,1662,black,300+0,e4 c6 d4 d5 exd5 cxd5 c4 Nf6 Nc3 Nc6
1425,1566,white,600+0,e3 d5 d4 Nc6 c4 e6 cxd5 exd5 Nf3 Nf6
1555,1575,white,240+0,e4 e5 Nf3 Nf6 d3 h6 Be2 Nc6 Nbd2 d5
1546,1980,black,60+0,d4 c5 e3 e6 dxc5 Nf6 Bd3 Bxc5 Nf3 Be7
1781,1684,black,180+0,g3 d5 Bg2 e5 b3 Be6 Bb2 Nc6 h3 Bd6
1399,1460,white,300+8,e4 d5 exd5 Nf6 Nc3 Nxd5 Nxd5 Qxd5 c4 Qf5
1971,1337,white,60+0,e4 e5 Nf3 Nc6 Bc4 h6 O-O d6 Nc3 Na5
1433,1857,draw,300+3,g3 d5 Bg2 e5 d3 Nf6 a3 g6 c3 Bg7
1640,1574,black,180+5,e4 e5 Bc4 Nc6 Qf3 Nf6 c3 Bc5 d3 O-O
1133,1339,black,300+0,d3 d5 b4 e5 Bb2 d4 e3 dxe3 fxe3 e4
1147,1504,black,420+1,e4 Nc6 Nf3 e5 Bc4 h6 Nc3 Nf6 b3 Bc5
1876,1522,white,60+0,d4 e6 Nf3 d5 Bg5 Be7 Bxe7 Nxe7 c3 O-O
1164,1852,black,240+2,Nf3 c6 Nc3 d5 g3 Bg4 Bg2 Nf6 Ng5 Nbd7
1971,1125,white,60+0,e4 e6 Nf3 d6 d4 f6 Bd3 g6 O-O c6
1701,1009,white,480+0,e4 e5 Nf3 Nc6 Bb5 Nb4 a3 Nc6 Bxc6 dxc6
1982,1544,white,60+0,d4 d5 c4 e6 Nc3 Bb4 Nf3 Bd7 Qc2 Nf6
1642,1667,white,300+5,e4 e5 Bc4 Nc6 c3 Bc5 h3 h6 Nf3 d6
1328,1728,black,240+0,d4 d5 e3 Nf6 c4 e6 Nf3 Nbd7 b3 Bb4+
1379,1647,black,300+8,e4 e5 Bc4 Nf6 Bxf7+ Kxf7 Qf3 Ke8 Ne2 Nc6
988,1492,black,180+8,e3 c5 d3 Qa5+ c3 Nc6 Qc2 e6 Bd2 b5
1984,1542,white,60+0,d4 d5 c4 e6 Nc3 Bb4 Nf3 Nf6 Bg5 Qe7
1500,1638,black,600+8,Nf3 Nc6 Nc3 e5 Nb5 a6 Nxc7+ Qxc7 e3 g6
1495,1212,white,300+5,g3 b6 Bg2 d5 c4 Bb7 Nc3 Na6 cxd5 e6
1677,1681,white,300+3,Nf3 Nc6 d4 d5 c4 e6 g3 b6 cxd5 exd5
1673,1769,black,300+7,e4 c5 Bc4 e6 Nf3 a6 a3 b5 Ba2 Bb7
1328,1868,black,300+0,e4 e5 Bc4 Nf6 Nc3 c6 Nf3 d6 Ng5 d5
1972,1882,white,60+0,e4 d5 e5 Bf5 Nf3 e6 d4 Ne7 c4 c6
1671,1497,white,300+8,e4 e5 f4 Nc6 d3 Nf6 Nf3 d6 Be2 Nd4
1889,1519,black,120+0,e3 e5 g3 d5 Bg2 e4 Ne2 Nf6 b3 Nc6
2027,2145,black,180+1,d4 d5 c4 c6 Nc3 e6 Nf3 dxc4 e3 b5
1986,1540,white,60+0,d4 d5 c4 e6 Nc3 Bb4 Nf3 Nf6 Qc2 O-O
1563,1566,white,240+0,e4 e5 f4 exf4 Nf3 d6 h3 Nc6 Bc4 Ne5
1414,1975,black,600+10,e4 c5 Nf3 d6 Nc3 Nf6 b3 g6 Bb2 Bg7
1702,1351,white,480+0,e4 e5 Nf3 Nc6 Bb5 Nb4 a3 Nc6 Bxc6 bxc6
1767,1751,black,180+0,g3 e5 Bg2 Ne7 b3 g6 Bb2 Bg7 e3 O-O
1481,1586,white,360+0,d3 d5 e3 Bf5 a3 Nd7 h3 e5 b3 Ngf6
1368,1649,black,180+0,e3 d5 b3 Nf6 g3 Bf5 Bg2 e6 Bb2 Be7
1642,1478,black,300+1,e4 e5 Nf3 Nc6 Nc3 Nf6 d4 exd4 Nxd4 Bc5
1985,1987,white,60+0,e4 c5 Nf3 e6 c3 d5 e5 f6 Bb5+ Nc6
1823,1863,black,60+0,d4 d5 c4 c6 Nc3 Nf6 Nf3 dxc4 g3 Bg4
1817,1722,white,360+4,e4 e5 Nf3 Nc6 Bc4 d6 c3 Nf6 Ng5 d5
1373,1412,white,300+8,Nc3 e5 Nf3 d6 e3 Bg4 h3 Bh5 g4 Bg6
1713,1852,white,300+0,d4 c6 b3 d5 Bb2 Nf6 f3 Bf5 a3 e6
1496,1500,black,300+3,e4 e5 Bc4 Nf6 Nf3 d5 exd5 Nxd5 Nxe5 Qe7
1127,1565,black,300+0,d3 e5 b3 d5 Bb2 Nc6 g3 Nf6 Bg2 Bd6
1862,1870,white,300+0,e4 e6 Nf3 d5 d4 dxe4 Ng5 Nf6 Be2 Be7
1543,1503,black,300+5,e4 b6 Bc4 Bb7 Qf3 Nf6 g4 Bxe4 Qf4 Bxc2
1826,1538,black,120+0,e3 d5 g3 e5 Bg2 c6 Ne2 Nf6 b3 Bd6
1333,1425,black,60+15,g3 d5 Bg2 e5 b3 g6 Bb2 Bg7 f4 f6
2002,1975,white,60+0,e4 c5 Nf3 e6 c3 d5 e5 f6 Bb5+ Nc6
1421,1407,white,300+0,Nf3 Nc6 d4 d5 Bf4 e6 e3 Nf6 c3 Bd6
1630,1548,white,600+2,e4 e5 Nf3 Nc6 d4 exd4 Nxd4 Qf6 Nxc6 Qxc6
1565,1811,black,300+0,e4 c5 Nf3 Nc6 Bc4 e6 d4 cxd4 Nxd4 Nf6
1578,1404,white,900+0,e4 e5 Qh5 Nc6 Bc4 g6 Qf3 Qf6 c3 Qxf3
1555,1574,white,240+0,e4 e5 Nf3 Nc6 Bb5 a6 Bc4 h6 O-O Nf6
2084,1917,white,120+1,e4 c5 Nf3 d6 d4 cxd4 Nxd4 Nf6 Nc3 a6
1469,1500,black,60+8,b3 e5 Bb2 f6 e3 d6
1446,1531,white,600+8,d4 d5 Bg5 f6 Bd2 e5 e3 e4 a3 a6
1884,1813,white,60+0,d4 e6 Nf3 d5 Bg5 Nf6 Bxf6 Qxf6 e3 Qd8
1655,1507,black,420+1,d4 Nf6 c4 h6 Nc3 c6 e4 Qa5 Nf3 Nxe4
1964,2134,black,60+0,d4 b6 c4 Bb7 Nc3 e6 Nf3 Bb4 Qc2 Nf6
1462,1511,white,60+8,b3 e5 Bb2 Nc6 e3 d5 Bb5 Bd6 Bxc6+ bxc6
1898,1595,white,300+13,e4 b6 Nf3 Bb7 Nc3 c5 Bc4 e6 d3 d5
2017,1510,white,60+0,e4 c5 Nf3 d6 Bc4 Nf6 d3 e6 a3 Nc6
1472,1653,black,180+0,e4 e5 Qf3 Nc6 Bc4 f6 Qh5+ g6 Qf3 Nh6
1434,1324,white,60+15,d4 Nf6 e3 Nc6 a3 Nd5 b3 Na5 Bb2 b6
1812,1767,white,600+0,e4 c6 c4 e5 Nf3 d6 d3 Bg4 Be2 Nf6
1740,1977,white,1200+15,c4 Nf6 Nc3 g6 e4 d6 d4 Bg7 d5 O-O
1397,1510,white,300+0,e4 c5 d3 Nc6 Nf3 d6 Nc3 g6 Bd2 Bg7
1704,1046,white,300+8,e4 e5 f4 Bc5 Nf3 exf4 d4 Bb6 Bxf4 Qe7
1803,1958,white,60+0,d4 c5 d5 e6 c4 exd5 cxd5 d6 Nc3 Nf6
1555,1500,white,360+0,e4 e6 Nf3 d6 Bd3 h6 O-O a6 b3 b6
1393,1411,black,300+5,e4 c6 Bc4 d5 exd5 cxd5 Bb3 a6 Nc3 Nf6
1524,1501,white,300+1,e4 e5 Qh5 Qf6 Nf3 d6 Bb5+ c6 Bc4 Be6
1550,1480,white,600+0,c4 g6 Nc3 Bg7 Nf3 Nf6 e4 Nc6 e5 Ng4
1351,1684,black,600+8,e4 e5 Nf3 d6 d4 exd4 Nxd4 Nf6 Bg5 Be7
1785,1841,draw,300+0,e4 d6 d4 Nf6 Nc3 g6 Bg5 Bg7 Nf3 O-O
1777,1742,draw,120+0,e3 d5 g3 e5 c4 dxc4 Bxc4 Be6 Qb3 Bxc4
2141,1645,white,60+2,e4 e5 Nf3 Nc6 Bb5 Nge7 O-O g6 c3 Bg7
1570,1125,white,300+0,e4 e6 d4 Qf6 e5 Qf5 Bd3 Qxd3 Qxd3 Bb4+
1612,1536,black,360+6,e4 e5 Nf3 Nc6 d4 exd4 Ng5 Qf6 Bc4 Bb4+
1182,1027,white,240+2,e4 d5 d3 d4 g4 e5 Nf3 Nf6 h3 Bb4+
1614,1470,white,240+1,e4 e5 Nf3 Nc6 Bb5 Nge7 d4 exd4 Nxd4 Nxd4
1632,1526,black,300+5,f4 d5 Nf3 Nc6 e3 Bf5 Bb5 Qd6 O-O Nf6
1963,1833,white,240+0,d4 c6 c4 d5 e3 Nf6 Nc3 Bf5 Nf3 Nbd7
1902,1499,white,300+13,e4 e6 Nf3 h6 Nc3 Bb4 Bc4 c6 a3 Ba5
2019,1941,white,60+0,e4 c5 Nf3 e6 c3 d5 exd5 exd5 Bb5+ Nc6
1655,1653,white,300+5,e4 e5 f4 exf4 Nf3 Be7 Bc4 Bh4+ Kf1 d6
1820,1968,black,60+0,d4 d5 c4 c6 Nc3 Nf6 cxd5 cxd5 Nf3 Nc6
1563,1566,black,240+0,c4 e5 Nc3 Nf6 g3 Be7 Bg2 O-O d3 Nc6
1669,1689,black,300+3,d4 d5 c4 c6 cxd5 cxd5 Nc3 Nf6 Nf3 Bf5
1708,1437,draw,300+8,e4 d6 f4 e6 d4 f6 Nf3 Nd7 Bd3 Ne7
1554,1617,black,300+5,g3 e5 Bg2 d5 e3 e4 Nc3 f5 Nge2 Nf6
1498,1500,white,240+3,e4 e5 f4 Nc6 Nf3 f6 fxe5 Nxe5 Nxe5 fxe5
1633,1687,black,900+0,d4 d5 c4 e6 Nc3 Nf6 a3 Nc6 Nf3 a6
1488,1275,white,300+3,e4 c5 Nf3 e6 d3 Nc6 b3 d6 Bb2 Nf6
1539,1509,black,120+0,e4 c5 Nf3 d6 Bc4 e6 d4 cxd4 Nxd4 Nf6
1474,1297,white,60+8,b3 e6 Bb2 c5 e3 Be7 Bxg7 Bf6 Bxh8 Bxh8
1632,1647,white,240+0,e3 d5 d4 e6 Nc3 Nc6 Bb5 Nf6 Nf3 Bd7
1878,1873,white,180+3,e4 e6 d4 d5 Nc3 Nf6 Bg5 Bb4 exd5 Qxd5
1975,1813,white,60+0,e4 e6 d4 d5 e5 c5 c3 cxd4 cxd4 Nc6
1728,1628,white,300+0,d4 d5 b3 e6 Bb2 Nf6 a3 Nc6 f3 Be7
1659,1282,white,180+0,e4 e5 Nf3 Nc6 Bc4 Nd4 Nxd4 exd4 d3 Nf6
1743,1774,white,120+0,e4 e6 d4 b6 Nf3 Bb7 Nc3 Nc6 d5 exd5
1369,1440,white,1800+20,e4 d5 e5 d4 Nf3 c5 Bc4 a6 d3 g6
1395,1932,black,60+0,f4 c5 Nf3 e6 e3 d5 Be2 Nf6 O-O Be7
1123,1575,white,300+0,d4 d5 Nc3 Nf6 Bf4 e6 g3 Bd6 Bg2 Bxf4
1494,1730,white,240+0,e4 e5 Bc4 Nc6 Nf3 Nf6 d3 d6 h3 Be7
1528,1856,white,300+0,e4 c5 Nf3 Nc6 c3 d6 d4 cxd4 cxd4 g6
1742,1755,white,120+0,e3 d5 g3 e5 Bg2 Nf6 Ne2 Nc6 O-O Bc5
1816,1561,white,300+0,e4 e5 Nf3 Nc6 Bb5 Bc5 c3 a6 Ba4 d6
1806,1982,white,60+0,d4 d5 c4 c6 cxd5 cxd5 Nc3 Nc6 Nf3 Nf6
1629,1606,white,600+0,e4 c5 Nf3 d6 d4 cxd4 Qxd4 Nc6 Qd3 a6
1434,1621,white,360+0,e4 d5 exd5 Qxd5 Qf3 Nf6 Qxd5 Nxd5 Bc4 e6
1922,1752,white,600+5,d4 d5 Nf3 Nf6 e3 e6 Ne5 Be7 Bd3 O-O
1645,1485,white,300+0,e4 e5 d4 f6 dxe5 fxe5 Qh5+ g6 Qxe5+ Qe7
2031,2155,white,60+0,e4 c5 Nf3 Nc6 Bc4 e5 O-O d6 c3 h6
1488,1574,black,360+0,d3 c5 e3 Nc6 a3 d5 h3 e5 Ne2 d4
2142,1933,white,60+0,e4 c5 Nf3 e6 c3 d5 exd5 exd5 Bb5+ Nc6
1392,1566,white,300+0,e4 e5 Nf3 Bc5 Nc3 Bxf2+ Kxf2 c6 Bc4 Qe7
1445,1460,black,900+1,e4 d5 e5 f6 d4 fxe5 dxe5 Nc6 Bf4 Bf5
1964,1823,black,60+0,e4 e6 d4 d5 e5 c5 c3 cxd4 cxd4 Nc6
1535,1415,white,180+1,e4 e5 Nf3 Nc6 Bc4 a6 a3 b5 Ba2 h6
1824,1848,white,300+3,e4 c5 Nf3 Nc6 d4 cxd4 Nxd4 d6 c4 Nf6
1557,1398,white,900+0,e4 e5 Nf3 Nc6 Bc4 h6 d4 exd4 Nxd4 f6
1627,1537,black,300+5,f4 d5 Nf3 Nc6 e3 Bf5 c4 Nb4 Qa4+ Nc6
1558,1265,white,-,e4 e5 d3 Qh4 Nf3 Qh5 Be2 Qg6 O-O h5
1743,1770,black,120+0,e4 e6 d4 b6 Nc3 Bb7 Nf3 g6 d5 Bg7
1500,1411,black,300+0,Nf3 d5 Nc3 e6 b4 Bxb4 Rb1 Bd6 Rb3 b6
2052,2137,black,60+0,e4 c5 Nf3 Nc6 Bc4 e5 a3 d6 O-O h6
1728,1838,white,300+3,e4 d6 d4 Nf6 Bd3 e5 d5 Be7 h3 O-O
1386,1586,black,180+5,h3 e5 e4 Nc6 d3 Nf6 c4 Bc5 a3 d6
1336,1249,black,600+8,e4 d5 Nf3 dxe4 Bb5+ Bd7 d4 exf3 Bxd7+ Qxd7
1476,1652,black,300+0,e4 d5 e5 d4 h3 Nc6 Nf3 Bf5 d3 Qd5
1577,1552,white,240+0,e4 c5 Nf3 Nc6 e5 d5 Bb5 a6 Bxc6+ bxc6
1700,1659,white,300+3,d4 Nf6 c4 e5 d5 Bc5 Nc3 d6 Nf3 Bg4
2148,1927,white,60+0,e4 c5 Nf3 e6 c3 d5 exd5 exd5 Bb5+ Nc6
1673,1666,draw,300+8,e4 c5 f4 e6 Nf3 d6 d3 Nf6 Be2 Be7
1660,1578,white,60+0,Nf3 e5 d4 Nc6 dxe5 Qe7 c4 Nxe5 Nxe5 Qxe5
1497,1905,black,300+13,Nc3 e5 Nf3 Nc6 e4 Bc5 Bb5 a6 Bxc6 dxc6
1643,1666,black,300+5,e4 e5 Bc4 Nc6 c3 h6 h3 Bc5 d3 d6
1410,1712,black,240+0,e4 e5 Nf3 Nc6 Bb5 Nge7 Nc3 d6 Bxc6+ Nxc6
1480,1403,white,60+8,b3 e5 Bb2 Nc6 e3 d5 Bb5 Bd7 Bxc6 Bxc6
1922,2147,black,60+0,d4 b6 c4 Bb7 Nc3 e6 Nf3 Nf6 Bg5 Be7
1616,1736,black,300+0,e4 c5 Nf3 d6 d4 e5 dxe5 Nc6 exd6 Bxd6
1493,1479,white,300+3,e4 e6 Bd3 f6 e5 f5 Nc3 Bb4 g4 g6
1356,1177,white,360+0,e4 c5 d4 d6 dxc5 Nc6 cxd6 exd6 Bb5 Bd7
2041,1931,black,60+0,e4 e6 Nf3 d5 e5 c5 c3 Nc6 d4 cxd4
1196,1495,black,240+2,e4 c5 d4 cxd4 Qxd4 Nc6 Qd5 Nf6 Qd3 e5
1569,1669,black,60+0,e4 c5 Nf3 d6 Bc4 Nc6 Nc3 e6 d4 a6
1391,1461,white,900+0,e4 b6 Bc4 Bb7 Nc3 e6 d3 Bb4 Nf3 Bxc3+
1917,1839,white,60+0,d4 e6 c4 d5 Nc3 Nf6 Nf3 c5 Bg5 cxd4
1862,1884,white,120+2,e4 e5 Nf3 d6 d4 exd4 Qxd4 Nf6 c4 Nc6
1500,1256,black,300+1,e4 d5 d3 dxe4 dxe4 Qxd1+ Kxd1 Bg4+ f3 Be6
1638,1848,black,300+1,d4 d5 c4 Nf6 Nc3 c6 Nf3 e6 Bg5 Be7
1798,1769,white,600+10,d4 Nf6 e3 d5 Bd3 g6 c4 c6 Nc3 Bg7
1948,2134,white,60+0,e4 c5 Nf3 Nc6 d4 cxd4 Nxd4 e5 Nb5 a6
1971,1557,white,240+0,d4 d5 e3 Nc6 c4 Bf5 Nc3 e6 a3 a6
1549,1543,black,180+0,e4 Nc6 d3 e5 h3 h6 Be2 Bc5 Nf3 a6
1401,1661,black,180+0,e4 e5 Nf3 Nc6 Bb5 a6 Bxc6 bxc6 O-O d6
1633,1366,black,1800+8,Nc3 d5 g3 d4 Nb5 a6 Na3 e6 b3 d3
1926,1830,white,60+0,d4 e6 c4 d5 Nc3 Nf6 Nf3 c5 Bg5 cxd4
1250,1568,draw,-,e4 e5 Qf3 Nf6 Nc3 d6 Nge2 c5 Nd5 Nxd5
1147,1480,black,300+0,d3 e6 c4 Bc5 b3 Nc6 Nc3 Qf6 e3 Qxc3+
1677,1560,white,60+0,Nf3 e6 d4 g6 c4 Bg7 Nc3 b6 e3 Bb7
1398,1400,black,300+8,e4 e5 d4 exd4 Qxd4 Nc6 Qd1 Nf6 Nc3 Bb4
2154,2147,white,60+0,e4 c5 Nf3 Nc6 Bb5 d6 d4 cxd4 Qxd4 Bd7
1656,1715,draw,240+0,d4 d5 c4 Nf6 cxd5 Nxd5 e4 Nf6 Nc3 e6
1812,1788,black,300+0,e4 e6 d4 d5 Nc3 Nf6 e5 Nfd7 f4 c5
1437,1524,white,300+8,e4 e6 d4 c5 dxc5 Bxc5 Nc3 Nc6 a3 a6
1834,1591,white,300+0,d4 d5 e3 Nf6 Bd3 e6 Nf3 Be7 Nbd2 O-O
1794,1615,white,120+0,e3 d5 g3 e5 Bg2 f5 Ne2 Nf6 b3 Nc6
1513,1434,white,120+15,e4 e5 Bc4 Nf6 b3 a6 Bb2 b5 Bd5 Nxd5
1504,1468,white,300+3,e4 e6 b3 Bb4 Bb2 f6 a3 Ba5 Nf3 a6
1826,1776,white,360+4,e4 c5 Nf3 d6 d4 cxd4 Nxd4 Nf6 Nc3 a6
1581,1394,white,60+0,e4 g6 d4 Bg7 e5 d6 Nf3 c6 Nc3 Qc7
1459,1664,black,300+0,e4 d5 e5 d4 Bc4 Bf5 Bxf7+ Kxf7 Qh5+ g6
1543,1587,white,240+0,e4 e5 Nf3 d6 Bc4 Be7 d4 exd4 Nxd4 Nf6
1446,1382,white,600+0,e4 d6 h3 Nf6 c3 Nxe4 Qa4+ Bd7 Qxe4 Be6
1445,1420,black,300+0,e4 e5 Bc4 d6 Bxf7+ Kxf7 d4 Nc6 d5 Nce7
2115,1965,black,60+0,d4 d5 c4 c6 Nc3 Nf6 c5 e6 e3 Nbd7
1658,1467,white,300+0,e4 e5 d4 f6 dxe5 fxe5 Qh5+ Ke7 Qxe5+ Kf7
1705,1352,white,480+0,e4 e5 Nf3 Nc6 Bb5 Nge7 O-O a6 Bxc6 Nxc6
1552,1685,black,60+0,e4 c5 Nf3 d6 Nc3 Nc6 Bc4 e6 O-O a6
2153,1935,white,60+0,Nc3 c5 e4 e6 g3 d5 Bg2 d4 Nce2 e5
1413,1677,white,720+0,e4 e6 Bc4 d5 exd5 exd5 Bb3 c5 a3 c4
1944,1105,white,600+10,e4 e5 Nf3 Nf6 Nxe5
1603,1681,black,540+8,e4 e5 Nf3 d6 Bc4 a5 d3 c6 Ng5 Nh6
1562,1613,black,300+5,d4 f5 c4 Nf6 Nc3 e6 Bf4 Bb4 a3 Bxc3+
1597,1373,black,360+6,e4 e5 Nf3 d6 Nc3 c6 Bc4 Nf6 d4 exd4
1454,1501,white,600+0,e4 d6 Nf3 Nf6 c3 Nxe4 Qa4+ Bd7 Qxe4 e5
1444,1500,white,1800+0,e4 e5 Nf3 Qe7 Nc3 c6 d4 d6 dxe5 Bg4
1500,1587,black,60+0,c4 e6 e4 b6 d3 Bb7 f3 d6 g4 Nd7
1522,1388,white,60+0,d4 g6 c4 Bg7 Nc3 c6 e3 d6 Nf3 Nf6
1167,1382,black,180+10,e4 e5 Nf3 Nc6 Nc3 d6 g3 Bg4 h3 Bxf3
1692,1544,white,60+0,Nf3 e6 d4 b6 c4 Bb7 Nc3 g6 e4 Bg7
1361,1383,black,360+6,e4 e6 d4 Qf6 e5 Qd8 Nf3 d6 a3 dxe5
1807,1604,white,120+0,e3 e6 g3 d5 Bg2 c6 Ne2 Nf6 O-O Be7
1605,1839,black,240+1,e4 c6 d4 d5 e5 Bf5 Bd3 Bxd3 Qxd3 e6
1638,1822,white,600+10,e4 e5 Nf3 Nc6 d4 exd4 Nxd4 Nf6 Nc3 Bb4
1559,1104,white,600+0,c4 b5 Nc3 c6 e3 b4 Nb1 Qb6 d4 d5
1929,1834,white,420+8,d4 Nf6 Nf3 d5 e3 Bf5 Nbd2 e6 c3 c5
1634,1474,white,480+7,e4 e5 Nf3 d6 Nc3 Nf6 Bc4 a6 Ng5 h6
1593,1363,white,60+0,e4 Nc6 Nf3 Nb4 c3 b6 cxb4 d6 Qb3 f6
1950,1933,black,120+2,d4 d5 c4 e5 dxe5 d4 e3 Bb4+ Bd2 dxe3
1144,1018,black,300+0,d4 Nf6 Nf3 e6 b3 Bb4+ c3 Ba5 b4 Bb6
1746,1752,white,600+5,e4 c5 Nf3 Nc6 d4 cxd4 Nxd4 e5 Nf3 Bc5
1169,1839,black,300+0,e4 e5 Nf3 d6 d3 Bg4 Nc3 Nf6 a3 Be7
1555,1555,white,180+2,e4 Nc6 Nf3 e5 Bc4 Bc5 d3 h6 c3 Nf6
1982,2097,black,60+0,e4 c5 Nf3 e5 d4 cxd4 c3 dxc3 Nxc3 d6
1727,1523,white,180+2,e4 e5 Nf3 Nc6 Nc3 f5 exf5 Nf6 Bb5 Bc5
2106,1974,black,60+0,d4 d5 c4 c6 Nc3 Nf6 e3 e6 a3 Nbd7
1380,1529,white,60+0,f4 c5 Nf3 d6 e3 e6 Be2 Nf6 O-O Nc6
1850,1944,black,120+2,d4 d5 c4 e5 cxd5 Qxd5 Nc3 Qxd4 Qxd4 exd4
1457,1713,black,240+0,d4 d5 e3 Nf6 Bd3 e6 Nf3 Be7 c3 O-O
1305,1598,black,60+0,Nf3 e6 Ng5 Qxg5 Nc3 Nf6 Nb5 Na6 Nc3 Bc5
1161,1289,black,300+1,e4 e5 d3 Nf6 Be2 Nc6 Nf3 d5 O-O dxe4
1514,1582,black,300+3,e4 c5 Bc4 Nc6 Qh5 e6 c3 Nf6 Qf3 d5
1575,1555,black,240+0,e4 e5 Nf3 Nc6 d4 exd4 Nxd4 Bc5 Nxc6 Qf6
1498,1276,black,60+8,b3 e5 Bb2 Nc6 e3 d6 Bb5 a6 Bxc6+ bxc6
1632,1269,black,300+1,d4 d5 c4 e6 Nc3 dxc4 Nf3 Bb4 a4 Bxc3+
1451,1500,white,300+8,e4 e5 Qh5 Bc5 Bc4 Qf6 d3 Qxf2+ Kd1 Qf1+
1711,1806,black,300+0,Nf3 d5 c4 dxc4 Nc3 Nc6 e3 e5 Bxc4 h6
1774,1655,black,600+2,d4 d5 c4 Nf6 cxd5 Nxd5 e4 Nf6 Nc3 e6
1637,1810,black,180+0,d4 d5 Nf3 e6 Bf4 Bd6 Bxd6 Qxd6 e3 Nc6
1672,1471,white,300+8,e4 e5 f4 exf4 Nf3 Bc5 d4 Bb6 Bxf4 c5
1664,1667,black,300+7,e4 c5 Bc4 e6 Nf3 Nc6 d4 cxd4 Nxd4 Qc7
1818,1598,white,120+0,e3 e6 g3 d5 Bg2 c6 d4 Nf6 Ne2 Be7
1670,1824,black,60+0,e4 c5 Nf3 d6 d4 cxd4 Nxd4 Nf6 Nc3 a6
1990,2089,white,60+0,e4 c5 Nf3 Nc6 d4 cxd4 Nxd4 e5 Nb5 a6
1689,1594,black,540+8,e4 e5 d3 Bc5 a4 d6 c3 c6 b4 Bb6
1526,1500,white,120+0,e4 e5 Nf3 Nc6 Bc4 Bc5 d3 Nf6 Ng5 O-O
1465,1522,white,300+8,e4 e5 Bc4 Nf6 d3 Nc6 Nf3 h6 Nc3 a6
1517,1760,black,180+2,e4 c5 Bc4 d6 f4 Nf6 Nc3 g6 Nf3 Bg7
1453,1718,black,240+0,d4 d5 e3 Nf6 Bd3 e6 Nd2 Be7 Ngf3 Nbd7
1676,1633,black,300+5,e4 e5 f4 exf4 Nf3 Be7 Bc4 Bh4+ Kf1 d6
1397,1500,white,60+0,f4 c5 Nf3 d6 e3 b6 Be2 a6 O-O b5
1889,1860,black,180+3,e4 d5 Nc3 d4 Nce2 e5 d3 Bg4 f3 Be6
1489,1432,white,60+8,b3 Nc6 Bb2 e5 e3 d5 Bb5 Bd7 Bxc6 Bxc6
2073,1830,white,60+0,d4 Nf6 c4 g6 Nc3 Bg7 e3 d6 Bd3 O-O
1317,1708,white,480+0,e4 e5 Nf3 d6 Bd3 f6 O-O Nh6 h3 Nc6
1285,1666,black,180+0,d4 d5 h3 c5 dxc5 e5 e3 Bxc5 Nf3 Bf5
1929,1925,draw,60+0,d4 e6 c4 d5 Nc3 dxc4 Nf3 Nf6 Bg5 Be7
1640,1591,black,480+7,e4 c5 d4 Qa5+ Nc3 cxd4 Qxd4 Nc6 Qd5 Qb4
1125,1492,black,300+0,d3 e5 b3 Nf6 e4 d5 Nf3 Nc6 Nc3 d4
2005,2078,black,60+0,e4 c5 Nf3 Nc6 d4 cxd4 Nxd4 e5 Nb5 d6
1631,1952,black,180+0,d4 c5 dxc5 Qa5+ Qd2 Qxc5 Nc3 Nf6 Nf3 Nc6
1537,1466,black,120+0,e4 c6 Nf3 d5 e5 Bg4 d4 e6 h3 Bh5
1566,1564,white,240+0,e4 e5 f4 exf4 Nf3 Qe7 Nc3 d5 e5 Nf6
1892,1070,white,300+1,d4 d5 c4 dxc4 e3 e6 Nf3 Be7 Bxc4 Nf6
1743,1643,black,60+0,Nf3 e6 d4 Ne7 c4 g6 Nc3 Bg7 e3 O-O
1513,1039,white,180+8,e4 d5 exd5 Qxd5 Nf3 Qe4+ Be2 Qg6 O-O Bh3
1874,1884,white,300+0,e4 d5 Nf3 dxe4 Ng5 Nf6 Nc3 e6 Ngxe4 Nbd7
1793,1846,white,120+2,d4 d5 c4 Nf6 Nc3 e6 Nf3 Bb4 e3 Bxc3+
1288,1407,black,60+0,d4 g6 e3 Bg7 Bd3 c6 Nd2 d6 Ngf3 Nf6
1907,1613,white,300+13,e4 e5 Nf3 Qf6 Bc4 Bc5 d3 h6 Nc3 c6
1494,1481,white,300+8,e4 e5 Nf3 d6 d4 exd4 Nxd4 Nf6 Nc3 h6
1543,1566,black,180+2,e4 e5 Nf3 Nc6 Bc4 Bc5 Nc3 Nf6 h3 d6
2088,1996,white,60+0,d4 d5 c4 c6 Nc3 Nf6 cxd5 cxd5 e3 Nc6
1929,1825,white,60+0,d4 d5 c4 e6 Nc3 Nf6 Nf3 Be7 Bg5 O-O
1824,1937,white,420+8,e4 e5 f4 f6 fxe5 fxe5 Qh5+ Ke7 Qxe5+ Kf7
1296,1292,white,300+1,e4 d5 exd5 Qxd5 Nc3 Qe5+ Be2 b6 Nf3 Qf6
1066,1610,black,300+1,e4 c6 d3 d5 exd5 cxd5 Be2 e5 Nf3 Nc6
1659,1805,white,600+10,d4 d5 c4 c6 Nc3 e6 a3 Nf6 Bg5 Be7
1840,1279,white,300+0,d4 d5 e3 Bf5 Bd3 Bxd3 Qxd3 e6 Qb5+ Nc6
1528,1381,white,300+5,e4 e5 Nf3 Nc6 Bb5 b6 Bxc6 dxc6 Nc3 Bb7
1628,1722,black,240+0,d4 d5 Nf3 Nf6 Bf4 e6 e3 Bd6 Bxd6 Qxd6
1553,1576,white,240+0,e4 e5 Nf3 Nc6 d4 exd4 Nxd4 Bc5 c3 Qf6
1387,1449,black,120+7,e4 e6 d4 f6 c4 Bb4+ Bd2 Bxd2+ Qxd2 Ne7
1922,1841,white,420+8,Nf3 c5 Nc3 d6 e4 Nc6 d3 Nf6 Be3 e5
1987,2097,draw,60+0,e4 c5 Nc3 Nc6 g3 e5 Bg2 d6 d3 Nge7
1727,1415,white,60+0,Nf3 g6 d4 Bg7 c4 c6 Nc3 d6 e3 Nf6
1833,1944,white,420+3,e4 c6 d4 d5 exd5 cxd5 c4 Nf6 Nc3 e6
1432,1660,black,900+1,e4 e5 d3 Nf6 Be3 Nc6 c3 d6 h3 g6
1467,1559,black,600+0,e4 e5 Nf3 Nc6 h3 h6 a3 Bc5 d3 Qf6
1664,1668,black,720+0,e4 e5 Bc4 Bc5 d4 exd4 Qh5 Qf6 Bg5 g6
1956,1844,black,180+0,e4 c6 d4 d5 exd5 cxd5 c4 Nc6 Nc3 Nf6
1168,1481,black,60+8,e4 b6 Nf3 Bb7 d3 e6 Nc3 Bb4 Be2 Bxc3+
1817,1938,white,60+0,d4 c5 c4 e6 Nf3 Nf6 Nc3 d5 Bg5 Be7
1837,1767,white,360+4,e4 c5 Nf3 d6 d4 cxd4 Nxd4 Nf6 Nc3 a6
1841,1079,white,300+0,d4 d5 e3 e6 f4 f6 Bd3 Nc6 Qh5+ g6
1412,1731,white,60+0,f4 c5 Nf3 d6 e3 Nc6 Be2 e6 O-O Be7
1785,1513,black,180+2,e4 e5 Nf3 Nc6 Nc3 f5 exf5 Nf6 Bb5 d6
1694,1511,white,300+8,e4 e5 f4 Nc6 Nf3 Bd6 d3 Nge7 Be2 O-O
1829,1513,white,120+0,e3 c5 g3 d6 Bg2 Nc6 Ne2 Nf6 b3 e6
1612,1896,black,300+1,e4 c5 Nf3 Nc6 c3 d5 exd5 Qxd5 Bb5 Bd7
1505,1599,white,300+3,e4 c5 b3 Nc6 Bb2 d6 Qf3 Nf6 h3 e5
1496,1169,white,300+5,e4 g6 Qf3 Bg7 Bc4 Nh6 c3 O-O d4
1206,1332,black,60+5,e4 e5 Nf3 d5 exd5 Qxd5 Nc3 Qe6 d4 exd4+
1122,1531,black,300+0,d3 Nf6 Bf4 e6 Qd2 d5 d4 Nc6 e4 dxe4
1899,1818,white,300+0,e4 e6 d4 d5 e5 c5 c3 Nc6 Nf3 Qb6
1622,1545,white,300+5,f4 d6 e4 Nc6 Nf3 g6 Bb5 Bd7 d4 a6
1990,2093,black,60+0,e4 c5 Nc3 e5 g3 d6 Bg2 Nc6 d3 Nge7
1626,1366,white,600+5,e4 e5 Nf3 d5 exd5 Qxd5 Nc3 Qa5 Bd3 Bg4
1922,1833,black,60+0,d3 d5 d4 Nf6 c4 e6 Nc3 Bb4 Nf3 O-O
1718,1668,black,180+0,d4 d5 e3 c5 Bd3 Nc6 Nf3 Nf6 Bd2 Bg4
1861,1574,white,120+2,d4 d5 c4 c6 Nc3 e6 Nf3 Nf6 e3 Qc7
1186,1500,white,540+0,e4 e5 d4 Nc6 dxe5 Nxe5 Qd5 d6 Nf3 Nf6
2102,1925,white,60+0,d4 e6 c4 d5 Nc3 dxc4 e3 Nf6 Bxc4 Be7
1700,1653,white,300+7,d4 d5 Nf3 Bf5 e3 Nc6 Bd3 Bxd3 Qxd3 f6
1862,1940,white,180+0,e4 c5 Nf3 g6 d4 cxd4 Nxd4 Bg7 Be3 Nc6
1339,1277,white,180+0,c4 e5 Nc3 Bc5 Na4 d6 d3 Bb4+ Bd2 Bxd2+
1709,1433,white,60+0,Nf3 g6 d4 Bg7 c4 c6 Nc3 d6 e3 Nf6
1908,1982,black,60+0,d4 d5 c4 c6 Nc3 Nf6 Nf3 e6 Bg5 Nbd7
1499,1517,white,300+5,e4 e5 Qf3 Nf6 Bc4 Nc6 c3 Bd6 b4 a6
1466,1519,draw,300+0,d4 e6 e4 Nf6 Nc3 Bb4 e5 Bxc3+ bxc3 Nd5
1037,1841,black,300+0,Nf3 Nf6 e4 d6 d4 Nxe4 d5 Nf6 Bb5+ c6
1526,1849,black,900+0,d4 Nf6 Nf3 g6 Bf4 Bg7 c4 d5 e3 O-O
1554,1458,white,600+8,d4 d5 Nf3 h6 c4
1565,1564,black,240+0,e4 e5 Nf3 d6 h3 Nf6 d4 exd4 Nxd4 Nxe4
1731,1352,black,240+0,d4 e6 Nf3 Ke7 e3 g6 b3 f6 Ba3+ Kf7
1881,1658,white,120+2,d4 c6 e4 d5 e5 Bf5 c3 e6 b3 Nd7
1991,1899,white,60+0,e4 c5 Nf3 e6 d4 d5 exd5 exd5 dxc5 Nf6
1429,1714,black,60+0,f4 c5 g3 d6 Nf3 Nc6 Bg2 e6 O-O d5
1924,1878,white,180+0,e4 c6 d4 d5 exd5 cxd5 c4 Nc6 Nc3 Nf6
2108,2167,black,60+0,d4 b6 c4 Bb7 Nc3 e6 a3 Nf6 Qc2 c5
1500,1386,white,60+0,e4 e6 Bc4 Ke7 d4 d6 d5 e5 Ne2 f6
1291,1702,black,420+7,e4 e5 Nf3 Nc6 Bc4 Nf6 Ng5 d5 exd5 Nxd5
1918,2160,draw,60+0,c4 b6 Nc3 Bb7 e4 e6 d3 Nf6 Nf3 d5
1702,1762,black,420+0,Nf3 e6 c4 Ne7 Nc3 g6 d4 Bg7 e4 O-O
1690,1704,white,480+0,e4 e5 Nf3 Nf6 d3 Nc6 Be2 d6 O-O Be7
1416,1374,draw,300+5,d4 Nc6 Nf3 Nf6 Nc3 e6 e4 Bb4 Bd2 Bxc3
1718,1425,white,60+0,Nf3 Nc6 d4 d5 c4 Nf6 Nc3 e5 dxe5 Ng4
1890,2000,black,60+0,d4 d5 c4 c6 Nc3 Nf6 Nf3 e6 Bg5 Nbd7
1180,1189,black,60+5,e4 e5 Nf3 Nc6 Bb5 Nf6 Bxc6 bxc6 Nxe5 d6
1576,1821,black,300+0,e4 c5 Nf3 Nc6 Bc4 e6 d4 cxd4 Nxd4 Nf6
1791,1682,white,180+0,e4 e5 Nf3 Nc6 Bc4 Bc5 Nc3 Nf6 d3 d6
1303,1630,white,60+0,e3 b6 Ke2 Bb7 d4 Nf6 Kd3 e6 f3 d5
1605,1821,black,600+10,c4 c5 Nc3 Nc6 e4 g6 Bd3 Bg7 Bb1 Nf6
1393,1467,white,60+0,d4 e6 Nf3 Ke7 Bg5+ f6 Bh4 Kf7 e4 Be7
1568,1739,black,600+5,e4 c5 Bc4 e6 d4 cxd4 Qxd4 Nc6 Qc3 Bb4
1308,1923,black,300+1,e4 e5 Nf3 Nc6 Bc4 Bc5 d4 exd4 Ng5 Nh6
2177,2098,white,60+0,e4 c5 Nf3 Nc6 Bb5 d6 d4 Bd7 d5 Ne5
1455,1555,black,600+8,e4 e5 Nf3 d6 h3 h6 Bc4 Qf6 O-O Be6
2008,1882,white,60+0,e4 c5 Nc3 e6 g3 d5 exd5 exd5 Bg2 Nf6
1421,1722,black,60+0,f4 c5 Nf3 d6 e3 Nc6 Be2 e6 O-O Qe7
1847,1759,white,360+4,e4 c5 Nf3 e6 d4 cxd4 Nxd4 a6 Bd3 Bc5
1644,1627,draw,300+5,e4 e6 d4 d5 exd5 exd5 Bd3 Nf6 h3 Qe7+
1279,1607,black,300+1,d4 Nf6 Bg5 Ne4 Bd2 d5 g3 Nc6 Bg2 Nxd4
1424,1019,white,1800+25,d4 d5 c4 e6 Nc3 Na6 Nf3 f5 cxd5 exd5
1163,1714,black,240+0,e4 e5 Nf3 Nc6 d3 Nf6 Nc3 Bb4 a3 Bxc3+
1146,1209,white,60+5,e4 e5 Nf3 Nc6 Bb5 a6 Bxc6 bxc6 Nxe5 d6
1656,1652,black,300+0,d4 c6 e4 d5 e5 Bf5 c4 e6 Nf3 Ne7
1468,1406,white,360+0,e4 e5 Nf3 d6 Nc3 Nf6 h3 Be7 Be2 O-O
2089,2187,black,60+0,d4 b6 c4 Bb7 Nc3 e6 a3 Nf6 Qc2 c5
1261,1370,white,1200+0,e4 e5 Qf3 Bc5 Bc4 Nh6 Ne2 d6 O-O Qg5
1726,1417,white,60+0,Nf3 Nc6 d4 Nf6 c4 d5 Nc3 dxc4 d5 Nb8
1905,1867,black,120+2,d4 c6 e4 d5 e5 Bf5 c3 e6 b3 Ne7
1842,1572,black,300+0,d4 d5 e3 c5 c3 Bf5 Bd3 Qd7 Nf3 Nh6
1349,1491,black,180+0,e4 c5 Nf3 Nc6 Bb5 e6 Bxc6 bxc6 O-O d5
1575,1554,black,240+0,e4 e5 Nf3 Nc6 d4 exd4 Nxd4 Nxd4 Qxd4 Qe7
1366,1523,white,60+0,d4 d5 Nf3 c6 c4 Bg4 Nc3 Nf6 e3 e6
1413,1730,black,60+0,f4 c5 Nf3 d6 e3 Nc6 Be2 e6 O-O Be7
1875,1925,black,60+0,d4 e6 c4 d5 Nc3 dxc4 Nf3 Nf6 Bg5 Be7
1799,1674,black,180+0,Nc3 e5 Nf3 Nc6 d4 e4 Nxe4 d5 Nc3 Bf5
1696,1563,white,900+0,e4 e5 c4 Nf6 d3 Bb4+ Bd2 Bxd2+ Qxd2 O-O
1789,1929,black,600+10,e4 c6 d4 d5 Nc3 Nf6 e5 Ne4 Nxe4 dxe4
1501,2015,black,0+3,e4 e5 Nf3 Nc6 Bb5 a6 Ba4 Nf6 O-O b5
1775,1655,black,720+0,e4 e5 Bc4 d6 Qf3 Nh6 d3 Bg4 Qg3 Be6
1463,1264,white,900+8,e4 d5 exd5 Qxd5 Nc3 Qe5+ Be2 Qg5 g3 e5
1835,1658,black,120+0,e3 e5 g3 d5 Bg2 Ne7 Ne2 g6 d4 Bg7
1517,1576,black,300+3,e4 e5 Bc4 Nf6 d3 d6 b3 Be6 Bxe6 fxe6
1693,1500,white,60+1,c4 e5 Nc3 Nf6 g3 Bc5 Bg2 c6 d3 O-O
2067,2130,black,300+0,e4 a6 d4 b5 a4 Bb7 f3 b4 b3 Nf6
1397,1206,white,60+0,d4 f5 Bg5 Nf6 Bxf6 gxf6 e3 Rg8 Qh5+ Rg6
1206,1397,black,60+0,c4 d5 cxd5 Qxd5 Qa4+ c6 Nc3 Qd8 Nf3 Nf6
1936,1865,black,60+0,d4 c5 e3 e6 dxc5 Nf6 c4 Bxc5 Nc3 Be7
1734,1409,white,60+0,Nf3 g6 d4 Bg7 c4 c6 Nc3 Nf6 e3 O-O
1511,1477,white,300+5,e4 e5 Qf3 Nf6 Bc4 d6 h3 Be7 c3 O-O
1276,1307,white,300+1,d4 d5 c4 Nf6 e3 Nc6 cxd5 Nb4 Bb5+ c6
1601,1912,black,300+13,e4 e5 Bc4 Nc6 a3 Bc5 Qf3 Qf6 Qe2 d6
1674,1795,white,300+5,d4 Nf6 Nf3 e6 e3 d5 Bd3 c6 Nbd2 Bd6
1566,1666,black,180+0,e4 c6 d4 d5 exd5 cxd5 Bb5+ Nc6 Nc3 Nf6
1441,1199,white,60+0,e4 b6 d4 Bb7 d5 e6 Bc4 exd5 Bxd5 Bxd5
1531,1631,black,300+5,d4 f5 Bf4 Nf6 Nc3 e6 Nb5 d6 Nf3 c6
1447,1504,black,600+8,e4 e5 Nf3 Nc6 Bc4 a6 a3 Nf6 d3 Bc5
2081,1822,white,60+0,d4 e6 c4 d5 Nc3 Nf6 e3 c5 a3 cxd4
1879,1921,black,60+0,d4 d5 c4 c6 Nc3 e6 Nf3 Nf6 Bg5 dxc4
1283,1534,black,240+4,e3 e5 Nc3 Nc6 d4 Bb4 d5 Bxc3+ bxc3 Nce7
1698,1676,white,60+1,c4 e5 Nc3 Nc6 g3 Nge7 Bg2 g6 d3 Bg7
1874,1885,draw,300+0,d4 Nf6 c4 e5 dxe5 Ng4 Nf3 Nc6 Nbd2 Bc5
1689,1783,black,180+0,e4 e5 Nc3 Nc6 Bc4 Bc5 f4 exf4 d3 Bxg1
1512,1486,white,60+10,e4 e6 Nc3 c5 d4 Nc6 d5 Ne5 Nf3 Ng6
1803,1615,black,120+0,e3 b6 g3 Bb7 Nf3 Nf6 Bg2 e6 O-O Be7
1377,1432,black,300+0,e4 e5 Nf3 Nc6 Bb5 Nge7 O-O g6 Re1 Bg7
1184,1342,black,60+5,e4 d5 exd5 Qxd5 Nc3 Qe5+ Qe2 Qxe2+ Bxe2 Bd7
1877,1591,white,180+3,e4 e5 Nf3 Nc6 Bc4 Bc5 b4 Bxb4 c3 Bc5
1380,1472,black,60+0,e4 e6 d4 d5 exd5 exd5 Nc3 c6 Nf3 Ne7
1932,1869,white,60+0,d4 c5 e3 e6 c4 Nf6 Nf3 d5 Nc3 Be7
1805,1880,white,300+0,e4 c6 Nf3 d5 exd5 cxd5 d4 Nc6 Bd3 Bg4
1760,2085,black,60+0,c4 c5 Nc3 Nc6 Nf3 d6 g3 e5 Bg2 Nge7
1715,1853,black,240+0,d4 e6 Nf3 f5 e3 Nf6 Be2 c6 Nc3 d5
1608,1543,black,540+8,e4 e5 Bc4 Nf6 Nf3 Nc6 d3 Bc5 O-O Ng4
2139,1819,white,300+0,e4 e6 d4 d5 e5 c5 Qg4 cxd4 Nf3 h6
1375,1414,black,300+5,e4 d6 d4 Nc6 d5 Ne5 Bb5+ Bd7 Bxd7+ Qxd7
1775,1756,black,60+2,d4 d5 Nf3 e6 g3 f5 Bg2 Nf6 O-O Be7
1675,1558,black,180+0,d4 d5 c4 dxc4 e3 Nf6 Bxc4 Bf5 Nf3 e6
1856,1751,white,360+4,e4 c5 Nf3 e6 Bd3 d6 b3 Nf6 Bb2 g6
1658,1289,white,420+8,e4 e5 Nf3 Nf6 Nxe5 Nxe4 Bc4 Qf6 Nf3 Bc5
2088,2017,white,60+0,d4 d5 c4 c6 Nc3 Nf6 e3 e6 a3 Nbd7
1916,1590,white,300+13,e4 e5 Nf3 Qf6 Bc4 Bc5 Nc3 c6 d3 h6
1461,1662,white,900+10,e4 c5 h3 e6 g3 Nc6 Bg2 g6 Nf3 Bg7
1792,1681,black,180+0,Nf3 d5 d4 c5 c3 Nc6 e3 Nf6 dxc5 e5
1104,1262,white,60+5,d4 e5 d5 Bc5 e3 Qh4 g3 Qe4 f3 Qg6
1519,1737,black,60+0,d4 c5 d5 d6 c4 e6 Nc3 e5 e4 Nf6
1644,1628,black,300+5,e4 e6 d4 d5 exd5 exd5 Bd3 Nf6 h3 Bd6
1826,1467,black,300+0,e4 e5 Nf3 Nc6 Bb5 a6 Ba4 Nf6 O-O b5
1350,1207,white,360+6,e4 e5 Nf3 Nc6 Bb5 Nf6 d3 a6 Bxc6 dxc6
1708,1769,white,60+1,c4 f5 Nc3 Nf6 g3 e6 Bg2 Be7 d3 O-O
1587,1881,black,180+3,e4 e5 Nf3 Nc6 Bc4 Nf6 Ng5 d5 exd5 Na5
1531,1613,black,480+8,e4 e6 Nf3 d6 c3 Bd7 d4 a6 a4 Nf6
1290,1928,black,300+1,d4 d5 c4 Nf6 e3 e6 cxd5 Nxd5 Qa4+ Bd7
1276,1761,black,60+2,d4 c6 d5 cxd5 Qxd5 Nf6 Qe5 Nc6 Qf4 e5
1468,1348,white,300+8,e4 e5 c4 Bc5 Nf3 d6 h3 Nf6 d3 Nc6
1348,1440,white,180+0,c4 c5 Nc3 Nc6 e3 g6 Na4 e6 Nf3 d6
1772,1708,white,240+0,e4 e5 Nf3 Nc6 Nc3 Nf6 d4 exd4 Nxd4 Bb4
1463,1490,black,420+5,e4 e5 Bc4 Nf6 Nf3 Nxe4 Nxe5 d5 Qf3 f5
1880,1696,white,180+0,d4 d5 c4 c6 Nc3 Nf6 Nf3 Bf5 e3 e6
2196,2003,black,60+1,e4 c6 d4 d5 e5 Bf5 g4 Be4 f3 Bg6
1514,1563,white,900+10,e4 e5 g3 d6 h3 Nc6 Bg2 f5 d3 fxe4
1555,1703,white,900+0,e4 e5 Nf3 d6 Bc4 c5 d3 Be7 Nc3 a6
1644,1539,white,60+10,d4 e6 c4 d6 Nc3 Be7 e4 Nf6 Nf3 O-O
1572,1658,black,180+0,e4 d5 exd5 Qxd5 Nc3 Qa5 Bc4 c6 d4 Nf6
1278,1282,white,240+4,e3 d5 Qh5 g6 Qe5 Nc6 Qxh8 Nf6 Bb5 a6
1383,1426,black,300+0,e4 e5 Nf3 Nc6 Bc4 Bc5 d3 Nf6 h3 d6
1270,1763,black,60+2,d4 c6 d5 cxd5 Qxd5 Nf6 Qe5 Nc6 Qg5 h6
1698,1865,black,240+0,d4 c6 Nf3 d5 e3 Nf6 Be2 Bg4 Nbd2 e6
1874,1781,white,300+0,d4 e6 c4 Ne7 Nf3 g6 b3 Bg7 Bb2 O-O
1632,1493,black,60+0,e4 e5 Nc3 Nc6 Bc4 Bc5 d3 d6 Nf3 Be6
1508,1311,white,300+3,e4 e5 Bc4 Bc5 Nf3 Nf6 c3 Ng4 d4 exd4
1722,1860,black,60+0,c4 c5 Nc3 e6 Nf3 Nf6 g3 d5 Bg2 Be7
1477,1390,black,300+8,e4 e5 c4 c6 Nf3 g6 a3 Bg7 Nc3 Ne7
1668,1564,black,180+0,d4 d5 c4 e6 Nc3 Bb4 Bd2 Bxc3 Bxc3 dxc4
2007,2091,black,120+1,e4 c5 Nf3 Nc6 d4 cxd4 Nxd4 e6 Nc3 Nf6
1815,2142,black,300+0,d4 Nc6 e3 e5 d5 Nce7 e4 Ng6 Nf3 Bc5
1488,1570,white,180+4,e4 e5 Nf3 d6 Nc3 Bg4 h3 Bh5 g4 Bg6
1286,1630,black,420+7,e4 e5 Nf3 d6 Bc4 h6 d4 Bg4 Qd2 Bxf3
1861,1885,black,180+3,e4 e6 d4 d5 Nc3 Nf6 e5 Nfd7 Qg4 c5
1867,1562,black,60+0,d4 e6 c4 d5 Nc3 dxc4 Nf3 Bb4 Bg5 Ne7
1765,1265,white,60+2,d4 d5 c4 dxc4 e4 Nc6 Be3 Nf6 Nc3 Ng4
1468,1222,white,900+8,e4 e6 d4 d5 e5 c5 Nf3 cxd4 Nxd4 Nc6
1368,1461,white,120+7,e4 b6 d4 Bb7 Nc3 e6 Nf3 Bb4 Bd3 Bxc3+
1772,1357,white,120+0,e3 e5 g3 d5 d4 c6 dxe5 Nd7 e6 fxe6
1427,1336,white,1800+25,d4 d5 c4 c5 Nf3 Bg4 Nc3 dxc4 d5 Bxf3
1426,1418,white,900+1,e4 c5 Nf3 Nc6 c3 e6 d3 Nf6 h3 d6
1766,1260,white,60+2,e4 d5 e5 Nc6 d4 Bf5 Bb5 a6 Ba4 Nf6
1690,1900,black,180+0,e4 e5 Nf3 Nc6 Nc3 Nf6 d3 Bc5 Bg5 h6
1427,1364,white,300+5,e4 e5 Nf3 Bc5 Nxe5 Bxf2+ Ke2 d6 Nf3 Bc5
1689,1781,white,300+5,e4 e5 Nc3 Nc6 f4 d6 Nf3 Bg4 Bc4 Be7
1936,1781,black,600+10,Nf3 d5 c4 dxc4 e3 Bg4 Bxc4 Nf6 Bxf7+ Kxf7
1551,1661,white,960+8,d4 d5 Nf3 Nc6 e3 Bg4 h3 Bh5 a3 e5
1641,1849,black,60+0,e4 c5 Bc4 e6 d3 d5 exd5 exd5 Bb5+ Nc6
2021,1767,black,60+0,e4 c5 Nf3 Nc6 Bc4 d6 Nc3 g6 O-O Bg7
1550,1385,white,900+10,e4 Nc6 g3 d5 Bg2 dxe4 Bxe4 Nf6 Bg2 Qd6
1999,2098,black,60+0,e4 c5 Nf3 Nc6 d4 cxd4 Nxd4 e5 Nf3 Bc5
1831,1599,white,420+8,e4 c5 d4 cxd4 c3 dxc3 Nxc3 e6 Nf3 Bb4
2106,1990,white,60+0,d4 d5 c4 c6 Nc3 Nf6 e3 Nbd7 a3 e5
1691,1872,black,240+0,d4 c6 Nf3 d5 e3 Nf6 Be2 Bg4 O-O Nbd7
1577,1651,black,180+0,e4 d5 exd5 Qxd5 Nc3 Qa5 Bc4 c6 d4 Nf6
1855,1621,black,60+0,d4 d5 c4 c6 Nc3 Nf6 Nf3 Bg4 Bg5 e6
1643,1606,white,300+7,e4 c6 Nf3 e6 d4 d5 exd5 Qxd5 Nc3 Qd8
1882,1825,white,300+0,d4 e6 c4 d5 e3 Nf6 Nf3 c6 Nbd2 Bd6
1214,1265,black,300+0,e4 e5 Bc4 Nc6 Nf3 Bc5 O-O Nf6 d3 O-O
1523,1477,black,600+10,e4 e5 Nf3 d6 Bc4 h6 O-O a6 d4 exd4
1462,1547,white,240+0,e4 e5 Nf3 d6 Bc4 Be7 d4 exd4 Nxd4 Nf6
1684,1669,black,180+0,e4 e5 Nc3 Nc6 Bc4 Na5 Bb3 Nxb3 axb3 h6
1777,1399,white,120+0,e3 e5 g3 d5 d4 exd4 Qxd4 Nc6 Bb5 Nf6
1982,1768,white,60+2,e4 c6 d4 d5 Nc3 dxe4 Nxe4 Bf5 Ng3 Bg6
1646,1633,black,300+5,d4 d5 Bf4 Bf5 Nf3 h6 e3 e6 a3 Bd6
1502,1531,black,180+4,e4 e5 Nf3 Nc6 a3 Bc5 d3 Nf6 b4 Bb6
1338,1636,black,600+0,e4 e5 Qh5 Qf6 Nf3 Nc6 Bb5 Nge7 Bxc6 Nxc6
1942,2115,black,60+0,d4 c5 e3 cxd4 exd4 d5 c4 e6 cxd5 exd5
1997,1788,draw,120+0,e4 c5 Nf3 Nc6 Bc4 d6 O-O g6 c3 Bg7
1290,1504,white,240+4,e3 d5 Qh5 c6 Nf3 Nf6 Qe5 Nbd7 Qc3 Ne4
1779,1664,white,120+0,d4 e6 c4 Ne7 Nc3 g6 Nf3 Bg7 e4 O-O
1125,1363,black,60+5,d4 g6 d5 Bg7 c3 c6 e4 cxd5 e5 Bxe5
1443,1433,white,900+0,g3 e6 Bg2 Nf6 d4 c5 Bg5 h6 Bxf6 Qxf6
1684,1838,white,60+0,d4 c5 d5 e6 dxe6 fxe6 Nf3 Nf6 Bg5 Be7
1661,1569,white,180+0,d4 c5 dxc5 e6 Nf3 Bxc5 g3 b6 Bg2 Bb7
1578,1630,black,360+6,e4 e5 Nf3 Nc6 Bb5 d6 Bxc6+ bxc6 O-O Bg4
1935,1867,white,60+1,d4 d5 e3 c6 c4 Nf6 cxd5 cxd5 Nc3 Nc6
1654,1596,black,300+7,e4 c6 Bc4 e6 Nf3 b5 Bb3 a6 a3 Bb7
2151,2121,black,60+0,b4 d5 Bb2 e6 a3 Nf6 Nf3 Be7 e3 O-O
1762,1988,black,60+2,d4 d5 Nf3 c6 g3 Nf6 Bg2 Nbd7 O-O e6
1534,2178,black,120+0,e4 b6 Nf3 Bb7 d3 e6 Be2 Nf6 O-O d5
1556,1749,white,600+0,e4 e5 Bc4 Nf6 d3 Bc5 Bb3 d6 Nc3 Nc6
1989,1592,white,120+0,e4 e6 Nf3 d5 e5 c5 d4 Nc6 Bb5 Qb6
1703,1675,black,300+8,e4 e5 Nf3 Nc6 Bb5 d6 Bxc6+ bxc6 d3 Be6
1391,1119,white,60+5,e4 e5 Nf3 Nf6 Nc3 Nxe4 Nxe4 d5 Nc3 e4
2145,1991,white,240+3,e4 g6 d4 Bg7 Nc3 d6 f4 a6 Nf3 e6
1620,1559,white,180+0,d4 d5 Bf4 Nc6 Nf3 Bf5 e3 f6 c4 e6
1561,1671,white,180+0,e4 d5 exd5 Qxd5 Nc3 Qa5 Bc4 c6 d4 Nf6
1945,1857,black,60+1,d4 Nf6 e3 e6 c4 d5 cxd5 exd5 Nf3 c6
2024,1795,draw,60+1,c4 Nf6 Nf3 e6 e3 c5 Be2 Nc6 O-O Be7
1513,1494,white,300+3,e4 e5 Nf3 Nc6 Bc4 h6 d4 exd4 Nxd4 Nge7
1524,1498,white,120+0,e4 c6 Nf3 d5 e5 Bg4 Be2 e6 d4 Nd7
1568,1370,white,360+6,e4 e5 Nf3 Nc6 Bb5 Nge7 Bxc6 Nxc6 c3 d6
1522,1736,black,60+0,b3 e6 Bb2 d5 e3 Nf6 Be2 g6 Bf3 Bg7
2178,2134,white,60+0,e4 c5 Nf3 Nc6 Bb5 a6 Bxc6 bxc6 O-O d6
1500,1439,black,900+1,e4 e5 Qh5 d6 Bc4 Qe7 Nf3 Nf6 Qh4 c6
1917,1895,black,180+0,d4 Nf6 c4 e5 dxe5 Ng4 Bf4 Nc6 Nf3 Bc5
1993,1755,black,60+2,e4 e5 Nf3 Nc6 Bc4 Bc5 c3 Nf6 d4 exd4
1438,1608,white,600+8,e4 c6 Nc3 e6 Bc4 b5 Bb3 a6 Nf3 h6
1382,1532,black,120+7,e4 e5 Nf3 Nc6 Bb5 Be7 O-O Nf6 Re1 d6
1688,1571,white,900+0,e4 e5 c4 Nf6 d3 Nc6 Nf3 Be7 Na3 a6
1621,1523,black,480+8,e4 e5 c4 d6 Nc3 Nf6 d4 exd4 Qxd4 Be7
1752,2189,black,60+0,g3 b6 Bg2 c6 Nf3 Bb7 d4 d5 c3 Nf6
1890,1812,white,300+0,d4 d5 Nf3 Nf6 Bf4 e6 e3 Bd6 Bxd6 Qxd6
1803,2016,black,60+1,e4 c6 d4 d5 e5 c5 c3 Nc6 Nf3 Bg4
1283,1513,black,420+7,e4 e5 Nf3 Nf6 Nxe5 Nxe4 Bc4 Ng5 h4 Ne6
1491,1521,black,180+4,e4 e6 Nf3 d5 exd5 exd5 Nc3 Nf6 a3 Bd6
1882,1878,white,180+0,d4 c6 c4 d5 cxd5 cxd5 Nc3 Nf6 Nf3 Nc6
1930,2136,black,60+0,d4 b6 e3 Bb7 c4 e6 Nc3 Nf6 Nf3 d5
1590,1872,black,60+1,Nc3 Nf6 d3 g6 e4 d6 f4 Bg7 Nf3 e6
1655,1575,black,180+0,g3 d5 Bg2 e5 d3 Bc5 e4 Qf6 Nf3 dxe4
1308,1249,white,240+4,e3 e5 Qh5 Nc6 Bc4 Nf6 Qf3 Bd6 e4 O-O
1755,1614,black,300+20,e4 g6 d4 Bg7 Nc3 b6 Be2 Bb7 Bf4 h6
1746,1534,white,60+0,d4 e6 Nf3 b6 Bg5 f6 Bh4 Bb7 e3 g5
1503,1560,white,900+0,d4 d5 c4 dxc4 e3 b5 Nc3 a6 e4 Nf6
2022,1797,draw,60+1,c4 Nf6 Nf3 e6 g3 c5 Bg2 Nc6 O-O b6
1690,1984,black,480+0,e4 e5 Nf3 Nc6 Bb5 a6 Bxc6 dxc6 d3 Bd6
1992,2123,white,60+0,e4 c5 Nf3 Nc6 d3 e5 Be2 d6 c3 Nge7
1524,1530,black,300+3,e4 e5 Bc4 a5 Nf3 d6 d4 exd4 Qxd4 Nc6
1876,1594,black,600+8,d4 g6 e4 Bg7 Nf3 Nf6 Bd3 d5 Nc3 Bg4
1778,1975,black,60+2,d4 d5 c4 c6 Nc3 Nf6 e3 Nbd7 Nf3 e6
1564,1695,white,900+0,d4 d5 c4 Be6 cxd5 Bxd5 Nc3 Bc6 e4 b5
1437,1647,white,1800+25,d4 d5 c4 e6 Nc3 Nf6 g3 Bb4 Bd2 Bd7
1711,1411,white,540+9,e4 e5 d4 Qh4 Nc3 Bb4 Bd2 Bxc3 Bxc3 Qxe4+
1629,1483,white,360+2,d4 Nf6 Bf4 d6 Nf3 Nc6 e3 Nd5 Bg3 Bg4
1588,1639,white,180+0,e4 d5 exd5 Qxd5 Nc3 Qa5 Bc4 c6 d4 Bf5
2143,1925,white,60+0,Nf3 e6 b3 d5 Bb2 Nf6 e3 Be7 d4 c5
1816,1644,white,900+8,e4 c5 Bc4 Nc6 Nf3 e6 Nc3 Nf6 O-O a6
1357,1016,white,360+6,e4 e5 Nf3 d6 Be2 Na6 h3 g6 a3 b6
1898,1737,black,300+0,d4 d5 Nf3 c5 e3 cxd4 Nxd4 e5 Nf3 e4
1529,1761,black,60+0,e4 d5 Nf3 dxe4 Nh4 Nf6 g3 Bg4 Be2 Bxe2
1876,1585,black,60+1,e4 e6 Nf3 d5 exd5 exd5 d4 Nf6 Bd3 c5
1542,1703,black,300+0,e4 c5 d4 cxd4 Nf3 a6 Nxd4 g6 Bc4 d6
1822,1715,white,180+0,e4 c5 d3 Nc6 f4 g6 Nf3 Bg7 Be2 d6
1836,1358,white,600+5,e4 e5 f4 exf4 Nf3 Nf6 e5 Nd5 d4 Nc6
1980,1771,white,60+2,e4 e5 Nf3 Nc6 Bc4 Bc5 c3 Nf6 d4 exd4
1804,2015,black,60+1,e4 c6 Nf3 d5 exd5 cxd5 Bb5+ Nc6 O-O Bg4
1593,1669,black,180+3,d4 d5 e3 Nc6 b3 Nf6 Bb5 e6 Nf3 Bd7
1625,1600,black,180+0,Nf3 Nc6 g3 d5 Bg2 e5 d3 Bf5 O-O Qd7
1919,2149,black,60+0,c4 e6 Nc3 d5 cxd5 exd5 d4 c6 Bf4 Nf6
1774,1524,white,60+0,d4 d5 Bg5 e6 Bxd8 Bd7 Nf3 f6 Bxc7 Nc6
1912,1192,white,180+0,d4 Nf6 c4 d5 Nc3 dxc4 Nf3 Nc6 e3 Bg4
1574,1100,black,360+6,e4 e5 Nf3 Qe7 d4 Nc6 d5 Nd4 Ng5 h6
1804,1772,white,300+0,e4 e5 Nf3 Nc6 Bb5 Nge7 O-O g6 d4 exd4
1644,1519,white,300+5,e4 e5 Bc4 d6 c3 Nf6 d3 Be7 h3 O-O
1786,1817,white,60+0,e4 e6 Bc4 d5 exd5 exd5 Bb3 Nf6 d4 c5
1856,1607,white,60+1,e4 e6 Nf3 d5 exd5 exd5 d4 Nf6 Bd3 c5
1991,2152,black,300+0,c4 Nc6 Nc3 Nf6 e4 e5 g3 Bc5 Bg2 d6
1798,1920,white,600+10,e4 e6 d4 d5 Nc3 Nf6 Bg5 Be7 e5 Nfd7
1224,1423,white,480+0,e4 Nc6 Nf3 e5 Bb5 Nf6 Bxc6 dxc6 Nxe5 Qe7
1523,1274,white,60+10,e4 e5 Nc3 Nc6 Nf3 Nf6 Bb5 a6 Ba4 Qe7
1447,1365,black,300+4,e4 e5 Nf3 Nc6 Bc4 h6 c3 Nf6 d4 d6
1317,1340,white,240+4,e3 e5 d4 e4 Qh5 Nc6 d5 Nf6 Qd1 Ne5
1355,1838,black,600+5,d4 f5 f4 e6 Nc3 Nf6 Qd3 Nc6 e4 fxe4
1707,1621,white,180+2,e4 e5 Nf3 d6 Bc4 Bg4 Nc3 Bxf3 Qxf3 Qf6
1356,1455,black,900+0,e4 g6 Nf3 Bg7 c3 e5 Na3 Ne7 Bc4 c6
1523,1792,white,900+0,d4 d5 c4 dxc4 e3 Nf6 Bxc4 Nc6 Qa4 Bd7
1764,1986,white,60+2,f4 e5 fxe5 c5 Nf3 Nc6 e3 d5 d4 cxd4
1805,1815,black,60+0,e4 d5 exd5 Qxd5 Nf3 Qd8 Be2 Nf6 O-O g6
2012,1861,black,60+1,e4 c6 Nf3 d5 e5 Bg4 d4 e6 Be2 h5
1873,1905,black,120+2,e4 e6 Qe2 d5 exd5 c5 Nc3 Nf6 dxe6 Bxe6
1525,1631,black,900+0,d4 d5 c4 e6 Nf3 Nf6 Nc3 Bb4 Bg5 Nbd7
1611,1612,black,180+0,e4 c6 d4 d5 exd5 cxd5 Bb5+ Nc6 Nf3 Bd7
1734,1548,white,540+9,e4 d5 exd5 Qxd5 Nc3 Qe5+ Be2 Bg4 f3 Be6
1162,1582,black,300+2,e4 d6 Nf3 g6 Nc3 Bg7 d4 Nf6 Bd3 O-O
1680,1288,black,120+0,e4 e5 Qh5 Nf6 Qf3 d6 Bc4 Be6 b3 Bxc4
1795,1633,white,900+8,e4 e5 Nf3 d6 Bc4 h6 d4 Bg4 dxe5 Bxf3
1913,1753,black,180+0,d4 d5 c4 e6 Nc3 c6 Nf3 dxc4 e3 b5
1567,1011,white,900+10,e4 e5 a3 Na6 h3 d6 g3 Nh6 Bg2 Be6
1968,1786,white,60+2,e4 c5 Nf3 d6 d4 cxd4 Nxd4 Nf6 Nc3 g6
1693,1536,white,300+0,e4 d5 exd5 Nf6 d4 Nxd5 c4 Nb6 Nc3 Bf5
1677,1584,white,180+3,e4 e6 d4 d5 exd5 Qxd5 Nf3 Bb4+ c3 Bd6
1509,1509,black,120+0,Nf3 c5 Nc3 d6 d4 cxd4 Nxd4 Nf6 f4 e6
1830,1414,white,180+0,d4 c6 c4 d5 cxd5 cxd5 e3 Bf5 Nf3 Nc6
1884,1710,black,300+0,d4 d6 c4 e5 dxe5 dxe5 Qxd8+ Kxd8 Nf3 f6
1517,2021,black,60+1,b3 Nf6 Bb2 e6 Bxf6 Qxf6 Nc3 c5 e3 a6
1466,1748,white,300+8,e4 e5 d4 exd4 c3 dxc3 Bc4 Nc6 Nf3 h6
1639,1476,white,360+2,d4 d5 Bf4 e6 Nf3 c5 e3 c4 c3 f6
1584,984,white,300+2,d4 d5 Nf3 e6 c4 Nf6 Nc3 c5 cxd5 exd5
1404,1362,white,540+1,e4 e5 Bc4 Qf6 h3 Nh6 Nf3 g5 d4 exd4
1511,1651,black,300+5,e4 e5 Nf3 Nc6 Bb5 Bc5 Bxc6 dxc6 d3 Bg4
2159,1985,black,300+0,e4 e6 d4 d5 e5 c5 Qg4 Nc6 Nf3 Nxd4
1268,1528,black,60+10,d4 d5 Nc3 Nc6 e4 dxe4 Nxe4 Nf6 Nxf6+ exf6
1778,1974,black,60+2,f4 d5 Nf3 Nc6 e3 g6 g3 Bg7 Bg2 e5
1481,1530,black,180+4,e4 e5 Nf3 Nc6 a3 f5 exf5 Nf6 Nc3 Bc5
1535,1585,black,240+0,d4 e6 Bf4 Ke7 e3 h6 Bd3 f6 Nf3 g5
1915,1862,black,120+2,e4 d5 Nf3 dxe4 Ng5 Nf6 Nc3 Bf5 Bc4 e6
1980,1772,draw,60+2,e4 e5 Nf3 Nc6 Bc4 Bc5 c3 Nf6 d4 exd4
1840,1533,black,60+0,e4 e6 Bc4 Nf6 d3 d5 exd5 exd5 Bb5+ c6
1570,1512,white,600+2,e4 e5 Nf3 Nc6 Bc4 Bc5 Nc3 d6 d3 Bg4
1500,1500,white,120+0,e4 d5 Qh5 dxe4 Bc4 Nh6 Nh3 g6 Qe5 f6
1609,1539,white,540+10,d4 d6 c4 Bf5 Nf3 Bxb1 Rxb1 d5 g3 dxc4
1576,1685,black,180+3,d4 d5 e3 Nf6 b3 e6 Bb2 Be7 Nf3 O-O
1513,1500,black,300+3,e4 e6 Bd3 d5 c3 Nc6 Qc2 d4 c4 Nb4
1868,1768,white,300+0,d4 d5 Nf3 c5 e3 Nc6 c4 cxd4 Nxd4 e5
1538,1407,black,900+0,d4 d5 c4 dxc4 e3 e6 Bxc4 Nf6 Nf3 Be7
1329,1467,black,240+4,e3 d5 Qf3 c6 c4 e6 cxd5 Qxd5 e4 Qd8
1840,1352,white,600+5,e4 e5 f4 exf4 Nf3 d6 d4 Be6 Bxf4 Nf6
1657,1504,white,300+5,e4 e5 Bc4 Nf6 d3 d5 exd5 Nxd5 c3 f6
1405,1407,white,480+8,e4 e6 Nf3 Nc6 Bc4 d5 exd5 exd5 Bb5 Qe7+
1275,1352,black,480+0,e4 e5 Nf3 Nf6 Nxe5 Nxe4 Qe2 d5 f3 Qe7
2023,1486,white,60+1,c4 e6 Nf3 Nf6 g3 g6 Bg2 Bg7 O-O O-O
1521,1798,white,60+0,d4 e6 c4 d5 Nc3 Nf6 e3 dxc4 Nf3 b6
1505,1601,white,300+3,e4 e5 Nf3 Nc6 Bb5 Bc5 Bxc6 dxc6 Nxe5 Qg5
1537,1607,black,480+8,e4 d5 exd5 Qxd5 Nc3 Qd8 Nf3 c6 d4 Bg4
1612,1715,black,180+2,e4 c5 Nf3 Nc6 d4 cxd4 Nxd4 g6 Nxc6 bxc6
1905,1926,black,420+7,Nf3 Nf6 d4 e6 c4 b6 Nc3 Bb4 Qc2 O-O
1856,1529,white,300+0,d4 d5 c4 dxc4 Nc3 e5 d5 Nf6 e4 c6
1414,1332,black,600+0,e4 d5 exd5 Qxd5 b3 Qe5+ Ne2 Qxa1 Nec3 g6
1811,1993,black,300+0,d4 Nf6 e3 e6 Bd3 d5 Nd2 Nbd7 f4 b6
1539,1472,white,180+4,e4 h5 f4 h4 Nf3 Nc6 Bc4 d6 d4 h3
1992,2024,white,60+1,e4 c6 Nf3 d5 e5 c5 Bb5+ Nc6 c3 Bg4
1779,1974,black,60+2,d4 d5 Nf3 c6 g3 Nf6 Bg2 Nbd7 Bg5 e6
1657,1656,black,60+2,e4 e5 Nf3 Nc6 d4 exd4 Nxd4 Nge7 Be3 g6
1566,1807,black,960+8,d4 d5 e3 Nf6 Nf3 e6 h3 Bd6 c4 c6
1552,1724,black,360+6,e4 e6 Nc3 d5 e5 c5 d4 Bd7 Nf3 Nc6
1497,1664,black,300+5,e4 e5 d4 exd4 Qxd4 Nc6 Qd5 Nf6 Qd3 Qe7
1697,1866,black,180+0,e4 c5 Nf3 d6 Bc4 Nc6 d3 g6 Nc3 Bg7
1393,1209,white,720+3,d4 Nf6 c4 e6 e3 d5 Nf3 c5 Bd2 Nc6
1470,2009,black,60+1,e3 e5 Ke2 d5 f3 c5 c3 Nc6 d3 Nf6
1700,1526,white,60+8,e4 d5 Nc3 dxe4 Nxe4 Nf6 Nxf6+ exf6 d4 Nc6
1662,1266,white,60+0,e4 d5 Qh5 dxe4 Bc4 g6 Qe5 Bg7 Qxg7
1876,1903,white,120+2,e4 e6 Qe2 d5 exd5 Nf6 dxe6 Bxe6 Nf3 Be7
2171,1758,white,60+0,d4 d5 Nf3 c6 c4 Nf6 Nbd2 dxc4 e3 Bg4
1707,1229,white,60+0,e4 d6 Qh5 Be6 Nf3 Nc6 Ng5 Qd7 c3 Ne5
1377,1581,white,360+6,e4 e5 Nf3 Nc6 Bb5 Nf6 Bxc6 bxc6 d3 d5
1658,1727,black,240+0,d4 d6 c3 f5 Nf3 Nf6 g3 g6 Bg2 Bg7
2001,2142,black,300+0,e4 a6 Nf3 b5 d4 Bb7 Bd3 e6 c3 Nf6
1460,1470,white,360+2,e4 e5 f4 exf4 Nf3 g5 d4 d6 Bc4 Bg4
1813,1922,black,600+10,e4 e5 Nf3 Nc6 Bc4 Nf6 d4 exd4 Nxd4 Be7
1361,1250,black,480+0,e3 e5 d4 d5 dxe5 Nc6 f4 f6 exf6 Nxf6
1886,1723,white,180+0,d4 c5 d5 e5 e4 d6 c4 f5 Nc3 Nf6
1592,1573,white,600+0,d4 d5 e3 Bf5 Nd2 e6 h3 Nf6 c3 Be7
1753,2007,black,60+0,d4 e6 Nf3 Ne7 Bg5 h6 Bh4 g5 Bg3 b6
1429,1245,white,300+1,e4 d5 exd5 Qxd5 Nc3 Qe6+ Be2 Nc6 d4 Qf5
1553,1668,black,120+0,e4 e5 Nf3 Nc6 Bc4 Nge7 d3 g6 Ng5 d5
1834,2010,black,60+1,e4 c6 Nf3 d5 exd5 cxd5 Bb5+ Nc6 d3 Bg4
1395,1395,black,480+8,e4 e6 e5 Nc6 f4 Qh4+ g3 Qe7 Nf3 f6
1519,1524,black,300+5,e4 d5 e5 c5 d4 cxd4 Qxd4 Nc6 Qe3 e6
1587,1667,white,180+0,e4 e6 d4 Ke7 Nf3 h6 e5 d6 Nh4 Nc6
1735,1744,black,60+0,e4 d5 Qh5 dxe4 Bc4 e6 Nh3 Nf6 Qh4 Be7
1585,1520,white,60+8,d4 Nf6 Nf3 d5 c4 dxc4 Nc3 Bg4 e3 Bxf3
1760,1876,white,300+0,e4 d5 e5 c5 f4 e6 Nf3 Nc6 c3 Nge7
1705,1762,black,60+0,e4 e6 d4 d5 e5 c5 c3 Nc6 Nf3 c4
1500,1768,black,360+6,e4 e6 Qh5 Nf6 Qf3 Nc6 Nh3 d5 exd5 exd5
1500,2018,black,60+1,d4 Nf6 c4 e6 Nc3 Bb4 Bd2 b6 Nf3 Bb7
1670,1490,white,300+5,e4 d5 exd5 Qxd5 Qf3 Qc6 Nc3 Nf6 Bb5 Qxb5
1661,1612,black,420+8,d4 d5 Nf3 g6 c4 c6 Nc3 Bg7 cxd5 cxd5
1564,1395,white,360+6,e4 Nf6 e5 Nd5 c4 Nb6 c5 Nd5 Bc4 e6
1484,1675,white,300+5,e4 e5 d4 exd4 Qxd4 Nc6 Qd1 Qe7 f3 d5
1724,1459,black,300+5,e4 e5 Bc4 Nc6 Nc3 d6 Nge2 Be6 Nd5 Nd4
1891,1888,black,120+2,e4 d5 Nf3 dxe4 Ng5 Nf6 Nc3 e5 Ngxe4 Be7
1485,1676,white,60+2,e4 e5 Nf3 Nc6 Bc4 Nge7 d4 exd4 Nxd4 g6
1780,1697,white,60+0,e4 d5 exd5 Nf6 Nc3 Nxd5 Nxd5 Qxd5 Ne2 Bg4
1697,1780,white,60+0,e4 d5 exd5 Qxd5 d4 Qd8 c4 Nf6 Nf3 Bg4
1463,1331,white,180+4,e4 e5 Nf3 Nc6 d4 d6 dxe5 dxe5 Qxd8+ Kxd8
1862,1775,black,300+0,d4 d5 Nf3 c5 e3 cxd4 Nxd4 e5 Nf3 e4
1352,1400,black,600+0,e4 e5 Nf3 d6 Nc3 c6 Qe2 b6 Qc4 d5
2020,1462,white,60+1,c4 e6 Nf3 Ke7 d4 d6 e4 c6 Nc3 g6
1951,1895,white,420+7,e4 e6 d4 d5 exd5 exd5 Bd3 Nc6 c3 Bd6
1497,1555,black,900+0,d4 Nf6 Nc3 d5 Nf3 e6 Bg5 Be7 e3 h6
2149,1994,draw,300+0,e4 e6 d4 d5 e5 c5 Qg4 Nc6 Nf3 Nxd4
1475,1360,draw,300+1,c4 e5 Nc3 Nf6 e3 Nc6 Nf3 Bb4 a3 Bxc3
1465,1308,black,900+0,g3 Nf6 Bg2 e5 e4 c6 d4 Bd6 dxe5 Bxe5
1579,1347,white,600+2,e4 e6 d4 g5 h3 h5 g3 Bg7 Nf3 g4
1755,1710,white,60+0,d4 e5 Bg5 exd4 Bxd8
1680,1725,black,900+0,e4 d5 e5 c5 c4 e6 d4 cxd4 Qxd4 Nc6
1804,1500,white,300+1,d4 e6 Nf3 Qf6 e4 Nh6 Nc3 Ng4 h3 Nh6
1322,1399,black,240+4,e4 e5 d4 exd4 Qxd4 Nc6 Qd5 Nf6 Qc4 Ne5
1406,1350,white,480+8,e4 d5 exd5 Qxd5 Nc3 Qe6+ Be2 Nc6 Nf3 Nf6
1710,1755,black,60+0,e4 d5 exd5 Qxd5 d4 Qd8 c4 Nf6 Nf3 Bg4
1808,1429,white,300+1,d4 e5 dxe5 Qh4 Nf3 Qh5 e3 Bc5 Be2 Nh6
1455,2022,black,60+1,d4 Nf6 Nf3 e6 c4 Bb4+ Nc3 c5 e3 Nc6
1500,1354,black,1800+8,e4 d5 Nf3 c6 exd5 Qxd5 Nc3 Qa5 d4 c5
1746,1669,black,600+10,e4 c5 Nf3 d6 d4 cxd4 Nxd4 Nf6 Nc3 a6
1563,1603,white,600+0,e4 c6 Bc4 e6 d3 b5 Bb3 a6 Nc3 Bb7
1756,1513,black,300+8,e4 e5 Nf3 Nc6 Bc4 h6 c3 Nf6 d4 exd4
1510,1477,white,300+3,e4 e5 Nf3 d6 c3 Nc6 d4 Bg4 h3 Bh5
1449,2023,black,60+1,d4 Nf6 Nf3 e6 c4 Bb4+ Nc3 c5 d5 Bxc3+
1900,1881,white,120+2,e4 e6 Qe2 d5 exd5 Nf6 dxe6 Bxe6 g3 Be7
1726,1851,black,180+2,e4 c5 c3 d6 d4 Nd7 Bb5 a6 Qa4 Nf6
1701,1216,white,300+5,e4 d5 exd5 Qxd5 Nc3 Qd7 Nf3 e6 Be2 f6
1561,1718,black,960+8,d4 d5 e3 Bf5 Nf3 e6 c4 Bxb1 Rxb1 Bb4+
1849,1762,black,300+0,d4 e6 c4 Ne7 b3 g6 Bb2 Bg7 Nd2 c5
1738,1255,white,300+20,e4 d6 d4 g6 Nc3 Bg7 Bg5 Nf6 e5 Nh5
1886,1972,black,420+7,Nf3 Nf6 c4 e6 d4 d5 g3 c6 Bg2 Bb4+
1998,2144,black,300+0,d4 Nc6 c4 e5 d5 Nce7 e4 Ng6 Bd3 Bc5
1616,1571,white,360+6,d4 d5 Nf3 Nc6 c4 dxc4 Nc3 Nf6 d5 Nb8
1670,1469,white,300+0,e4 h5 d4 e6 Nc3 d6 Nf3 Nd7 Bf4 h4
1561,1410,black,360+6,e4 e5 Nf3 d6 Bc4 c6 d3 a6 a4 h6
1195,1704,black,300+5,d4 d5 e3 Nf6 Bd3 e6 Nf3 c5 b3 Nc6
1616,1528,white,480+8,e4 e5 d4 exd4 Qxd4 c5 Qe5+ Qe7 Nf3 Nc6
1194,1406,black,720+3,e4 d5 exd5 Qxd5 Nc3 Qa5 d4 Nf6 Bd2 e5
1812,1364,white,300+1,e4 e5 Nf3 Nc6 Bc4 f6 d3 b6 a3 Bb7
1500,1704,black,180+0,e4 e5 Qh5 d6 Bc4 Qe7 Nf3 Nf6 Qf5 Bxf5
1427,1618,black,600+10,e4 e5 Nf3 Nc6 Bb5 Nge7 O-O a6 Ba4 d5
1500,1835,black,300+3,e4 c5 Qh5 Nf6 Qf3 Nc6 Bc4 Nd4 Qe3 Nxc2+
1535,1476,white,900+5,e4 e5 Nf3 Nc6 Bb5 d6 d4 exd4 Nxd4 Bd7
1839,1605,white,300+3,d4 d5 c4 c5 e3 dxc4 Bxc4 cxd4 exd4 Nf6
2151,1992,white,300+0,e4 e6 d4 d5 e5 c5 Qg4 Nc6 Nf3 Nxd4
1648,1597,black,300+2,d3 d6 Bf4 e5 Bg3 Nc6 c3 Nf6 e3 Bg4
1659,1502,black,300+5,e4 d5 exd5 Qxd5 Qf3 Qxf3 Nxf3 e6 Bb5+ c6
1672,1704,white,180+0,e4 e5 Nc3 d6 Bc4 Nf6 f4 Be7 Nf3 c6
1754,1510,white,300+8,d4 e6 c4 c5 d5 d6 Nc3 Nf6 e4 Nbd7
1579,1498,white,900+0,e4 b6 d4 Bb7 Nc3 e6 Nf3 Bb4 Qd3 Ba6
1500,1592,white,60+0,e4 e5 Qh5 Nc6 Bc4 g6 Qf3 Nf6 Nh3 d6
1659,1645,white,60+2,e4 c5 Nf3 Nc6 Nc3 e6 d4 cxd4 Nxd4 Nxd4
1815,1452,white,300+0,e4 e5 Nf3 Qf6 d4 d6 Bg5 Qg6 dxe5 Bg4
1687,1611,white,540+6,e4 e6 d3 h6 Be3 Nc6 c3 d5 exd5 Qxd5
1311,1159,white,300+5,e4 c5 c4 Nc6 d3 e5 Nf3 Nf6 Nc3 Be7
1314,1467,black,240+4,e3 e5 b3 d5 Bb2 Nc6 Bb5 a6 Bxc6+ bxc6
1716,1517,white,60+0,e4 e5 Qh5 Nc6 Bc4 g6 Qf3 Nf6 Nh3 Nd4
1342,1585,black,600+2,e4 e5 b3 Nf6 d3 h6 f3 c5 h4 Be7
1546,1575,black,600+0,e4 e5 Nf3 Nc6 Bc4 Bc5 O-O d6 Nc3 Bb6
1520,1561,draw,300+3,e4 e5 Nf3 Nc6 Bc4 Nf6 Ng5 d5 exd5 Na5
1570,1295,black,900+10,e4 e5 h3 Nf6 Nf3 Nc6 d3 Bc5 g3 O-O
1986,2158,white,300+0,e4 e5 Nf3 Nc6 c3 d5 exd5 Qxd5 d4 exd4
1521,1670,black,60+2,e4 e5 d4 exd4 Qxd4 Nc6 Qe3 Nge7 Nc3 g6
1500,2025,black,60+1,e4 e5 Nf3 Nc6 d4 exd4 Nxd4 Bc5 Nf5 Bf8
1691,1935,white,180+0,e4 c5 Nf3 g6 Bc4 Bg7 Nc3 Nc6 d3 Nf6
1448,1818,black,300+0,e4 c5 Bc4 e6 d3 d5 exd5 exd5 Bb5+ Bd7
1464,1676,white,300+0,e4 d5 exd5 e5 Nc3 Nf6 a3 Nxd5 Nxd5 Qxd5
1685,1574,black,180+0,e4 e6 Nf3 Ke7 Bc4 d6 Nc3 h6 d3 a6
1482,1614,black,180+4,d4 d5 c4 e6 a3 Nf6 h3 g6 Nf3 Bg7
1425,1415,black,480+8,e4 e6 d4 Bb4+ c3 Be7 Qf3 c6 Bc4 d5
1555,1641,black,960+8,d4 e6 e3 c5 Nf3 cxd4 Nxd4 a6 a3 b5
1836,1600,white,300+0,d4 d5 Nf3 e6 Bf4 Bd6 Bxd6 Qxd6 e3 c6
1706,1037,white,300+5,e4 d5 exd5 Qxd5 Nc3 Qd7 Nf3 Qe6+ Be2 Qg6
1516,1518,black,600+8,e4 Nc6 d4 d5 e5 f6 Nc3 fxe5 dxe5 Nxe5
2027,1339,white,60+1,c4 d6 Nf3 e5 Nc3 Be7 d4 Bf6 dxe5 Bxe5
1473,1307,white,240+4,d4 e6 e4 d5 e5 f6 Nf3 Nc6 Nc3 fxe5
1844,1500,white,300+3,Nf3 Nc6 d4 d5 c4 e6 Nc3 Bb4 Bd2 Bxc3
1466,1526,black,600+1,e4 e5 Nf3 Nc6 Bb5 Nge7 O-O a6 Ba4 d6
1518,1644,white,300+5,d4 d5 Nc3 Nf6 Bg5 Nbd7 g3 c6 Bg2 h6
1915,1709,white,180+0,e4 e5 d4 Nc6 d5 Nce7 c4 d6 Nc3 Nf6
1655,1647,white,420+8,e4 c5 Nf3 d6 Bc4 Nf6 Nc3 e6 O-O Be7
1602,1748,white,300+0,e4 e5 d3 Be7 Ne2 Nf6 Ng3 Nc6 c3 d5
1620,1695,white,360+5,d4 e6 h3 Nc6 Nf3 Qf6 e3 Bd6 a3 Nge7
1435,1641,white,600+10,e4 e5 Nc3 Bb4 Na4 d6 a3 Ba5 b4 Bb6
1657,1481,white,300+0,e4 h5 d4 h4 Bg5 d6 h3 c6 Nf3 f6
1710,1786,white,120+0,d4 c6 c4 d5 b3 e6 e3 Nf6 Nf3 Be7
1921,1692,white,420+0,d4 d5 e3 c6 f4 Nf6 c3 Bf5 Bd3 Bxd3
1788,1173,white,60+0,e4 d6 Qh5 g6 Qf3 Bg7 Bc4 Nf6 Nh3 O-O
1703,1921,black,180+0,e4 c5 Nf3 g6 Bc4 Bg7 Nc3 Nc6 d3 e6
1520,1990,white,240+8,e4 c5 c4 Nc6 Nc3 e6 Nf3 a6 Be2 Qc7
1820,1532,black,600+10,d4 d5 c4 dxc4 e3 e6 Bxc4 Nf6 Nf3 Nc6
1805,1738,black,600+10,e4 e5 Nf3 Nc6 Bc4 Bc5 c3 Nf6 d4 exd4
1739,1413,white,300+20,e4 c5 Nf3 Nc6 d4 d6 d5 Nd4 Nxd4 cxd4
1475,1550,black,180+4,d4 d5 c4 dxc4 e4 b5 a3 e6 Nc3 a6
1182,1500,black,300+5,e4 e5 Nf3 Qf6 Bc4 Nc6 Nc3 d6
1325,1318,black,300+5,d4 d5 e3 Nc6 Nf3 f6 c4 e6 a3 dxc4
1518,1604,black,180+2,d4 d5 g3 Nc6 Bg2 e5 dxe5 Nxe5 Bf4 f6
2057,1595,white,300+1,e4 e5 Nf3 f6 Nxe5 fxe5 Qh5+ Ke7 Qxe5+ Kf7
1301,1480,black,240+4,e3 e5 d4 e4 Nc3 d5 f3 Nf6 fxe4 Bg4
1314,1563,white,1200+0,e4 d5 exd5 Qxd5 Nc3 Qa5 Bc4 Nf6 d3 c6
1823,2191,black,60+0,d4 b6 c4 Bb7 Nc3 e6 Nf3 Bb4 Bg5 Ne7
1612,1649,black,120+0,d4 c5 dxc5 e6 b4 a5 c3 axb4 cxb4 b6
1633,1594,black,360+5,d4 d5 h3 Nc6 Nf3 g6 c3 Bg7 Bg5 Nf6
1695,1536,black,360+6,e4 e5 Bc4 Nc6 Nf3 Nf6 Ng5 d5 exd5 Na5
1659,1601,white,120+0,e4 d5 exd5 Qxd5 Nc3 Qe5+ Be2 Bg4 d4 Bxe2
1594,1710,white,300+1,d4 d5 e3 Bf5 g4 Bg6 Bd3 Nf6 f4 e6
1841,1847,white,300+3,d4 d5 Nf3 e6 Bf4 Nf6 e3 Be7 Nbd2 O-O
1277,1361,white,360+0,e4 e5 Nf3 Nc6 Bc4 Nf6 Nc3 Be7 d3 O-O
1706,1531,white,300+5,e4 d6 Bc4 f5 Qh5+ g6 Qf3 fxe4 Qf7+ Kd7
1521,1613,white,300+3,e4 d6 Bc4 g6 Qf3 Nf6 c3 Nc6 d4 Bg7
1414,1585,white,600+0,e4 e5 d4 exd4 Bc4 Nc6 Qf3 Ne5 Qb3 Bc5
1535,1579,black,600+1,e4 c5 Nf3 Nc6 Bc4 e6 O-O Bd6 g3 Nge7
1591,1668,white,120+0,d4 c5 dxc5 e6 Nf3 Bxc5 e3 d5 Bb5+ Bd7
1824,1514,black,60+0,d4 c6 c4 d5 Nc3 e6 Nf3 Nf6 Bg5 Be7
1585,1593,black,600+8,e4 d5 e5 Nc6 d4 f6 Qh5+ g6 Qe2 Nxd4
1500,1588,black,900+0,e4 e5 Qh5 d6 Bc4 g6 Qf3 Qe7 Nh3 Be6
1698,1927,black,180+0,e4 c5 Nf3 g6 Nc3 Bg7 Bc4 e6 O-O Nf6
1630,1534,white,300+5,e4 e5 Bc4 Nf6 d3 d5 exd5 Nxd5 c3 Be6
1518,1820,black,60+0,e4 c5 c3 e6 d4 d5 e5 f6 Nf3 Nc6
1618,1442,black,300+0,e4 e5 d3 Nf6 Ne2 Bc5 Ng3 d6 Be2 O-O
1387,1435,black,300+8,e4 Nc6 Nf3 e5 d4 d6 d5 Nce7 Bc4 Ng6
1332,1704,black,540+5,e4 e5 Nf3 Nc6 Nc3 Nf6 d4 exd4 Nxd4 Nxd4
1547,1504,white,600+8,d4 d5 e3 Nc6 Nf3 Bg4 h3 Bh5 a3 a6
1316,1476,black,1200+0,g3 e5 Bg2 Nc6 b3 Nf6 Bb2 d5 d3 Bg4
1743,1409,white,300+20,e4 c5 Nf3 Nc6 d4 Nf6 e5 Nd5 dxc5 e6
1770,1627,white,480+7,e4 e5 Nf3 Nc6 Bb5 Nf6 Nc3 a6 Bxc6 dxc6
1427,1419,black,480+8,e4 e5 Nf3 Nc6 b3 d6 Bb5 Bd7 Bxc6 Bxc6
1434,1440,black,720+0,e4 e6 d4 d5 e5 c5 c3 c4 f4 f6
1624,1391,white,600+10,d4 d5 c4 c6 Nc3 e6 a3 h5 Bf4 Bd6
1613,1608,black,180+2,e4 e5 Nf3 Nc6 d4 exd4 Nxd4 Nxd4 Qxd4 b6
1535,1804,black,60+0,d4 c5 d5 e6 c4 exd5 cxd5 d6 e4 Nf6
1664,1657,white,300+0,e4 e6 d4 Ke7 e5 d6 Bg5+ f6 exf6+ gxf6
1655,1605,white,120+0,e4 d5 exd5 Qxd5 Nc3 Qd8 d4 c6 Nf3 e6
1601,1459,black,300+0,e4 e5 d3 Nf6 f4 d6 Be2 Be7 Bf3 O-O
986,1547,black,180+8,d3 c5 e4 d6 c4 Nf6 d4 cxd4 Qxd4 g6
1535,1596,black,300+3,e4 d6 Bc4 g6 c3 Nf6 d3 Bg7 d4 Nxe4
1794,2194,draw,60+0,d4 b6 c4 Bb7 Nc3 e6 Nf3 Bb4 g3 Bxf3
1808,1531,white,60+0,d4 c6 c4 d5 Nc3 e6 Nf3 Nf6 Bg5 Be7
1821,1486,white,300+0,e4 e5 Nf3 Nc6 Bb5 d6 O-O Bd7 c3 Nf6
1537,1589,black,600+2,e4 e5 Nf3 d6 Bc4 h6 Nc3 Nf6 O-O c5
1531,1808,black,60+0,d4 c5 d5 e6 c4 exd5 cxd5 d6 e4 Nf6
1946,1162,white,420+7,e4 e5 Bc4 b5 Bxb5 c6 Bc4 d5 exd5 cxd5
1525,1638,white,300+5,d4 d5 Nc3 c6 e4 dxe4 Nxe4 Bf5 f3 e6
1569,1430,white,600+0,e4 e5 Bc4 h6 d3 a6 Nc3 c6 Bb3 Bb4
1595,1664,white,120+0,d3 c5 e4 g6 h3 Bg7 Nc3 Nc6 Be3 Qb6
1466,1500,white,180+4,d4 e5 d5 Qh4 a3 Bc5 e3 Nf6 Nf3 Qh5
1295,1504,black,240+4,e3 d5 c4 c5 cxd5 Qxd5 Qa4+ Nc6 Bc4 Qf5
1835,1851,black,300+3,d4 d5 c4 e6 Nf3 Nf6 Nc3 b6 g3 Bb7
1795,1526,white,60+0,d4 d5 c4 c6 Nc3 e6 Nf3 Nf6 Bg5 Be7
1423,1576,white,600+0,e4 e5 Bc4 Bc5 d4 exd4 Bxf7+ Kxf7 Qf3+ Qf6
1500,1500,white,120+0,e4 Nf6 Qf3 d6 Bc4 e6 Nh3 Nc6 d3
1926,1984,white,420+0,d4 g6 f4 Bg7 e3 d6 Nf3 Nd7 Bd3 e5
1621,1584,black,360+5,d4 c5 Be3 cxd4 Bxd4 Nc6 Bc5 d6 Ba3 Bf5
1605,1812,white,60+0,d4 c5 e3 e6 Bd3 Nf6 c3 d5 f4 Be7
1594,1655,black,900+0,d4 d5 c4 dxc4 e3 e6 Bxc4 Nf6 Nc3 Bb4
1500,1471,black,300+8,e4 e5 Qh5 Qf6 Bc4 Bc5 Nf3 d6 Ng5 Be6
1522,1799,black,60+0,e4 c5 Nf3 e6 c3 d5 e5 f6 d4 Nc6
1376,1439,black,180+3,d4 Nf6 Bf4 d6 e3 e6 c4 Be7 c5 d5
1651,1609,white,120+0,e4 g6 Nf3 Bg7 Nc3 e6 d4 Ne7 Bc4 O-O
1416,1443,black,300+8,e4 e5 d4 Nc6 dxe5 Nxe5 Nf3 Nxf3+ Qxf3 d6
1447,1483,black,360+2,e4 e5 Ne2 Nf6 Ng3 d5 exd5 Nxd5 Bc4 Be6
1861,1823,white,300+3,d4 Nf6 c4 g6 b3 Bg7 Bb2 O-O Qc2 d5
1707,1796,black,300+7,e4 c5 Nf3 e6 Bc4 a6 a4 Nc6 O-O g6
1512,1671,black,180+0,e4 e5 d3 Nc6 h4 Bc5 Nf3 d6 Bg5 f6
1392,1299,white,420+9,e4 d5 exd5 Qxd5 Nc3 Qe6+ Nge2 Nf6 f3 g6
1624,1540,draw,300+5,e4 e5 Bc4 Nf6 d3 d5 exd5 Nxd5 c3 Be6
1803,1518,white,60+0,d4 c6 c4 d5 Nc3 e6 Nf3 Be7 Bg5 Bxg5
1947,1754,black,420+7,e4 Nc6 d4 d5 e5 Bf5 c3 e6 Nd2 f6
1746,1405,white,300+20,e4 e5 Nf3 Nc6 Bc4 Nf6 Ng5 d5 exd5 Bg4
1558,1642,black,240+0,c4 e5 Nc3 Nf6 Nf3 e4 Ng1 Bb4 e3 d6
1624,1661,black,60+0,d4 c5 e3 cxd4 exd4 g6 Nf3 Bg7 h3 d6
2184,1804,white,60+0,Nf3 f6 d4 e6 c4 e5 dxe5 fxe5 Nxe5 Qe7
1804,2184,black,60+0,e4 b6 Nf3 Bb7 e5 e6 c3 Ne7 d4 c5
1599,1431,white,120+0,d4 d6 g3 e6 Bh3 b6 Nf3 Bb7 O-O Nf6
1477,1320,white,360+0,d3 e6 e3 Nf6 a3 Nc6 b3 d5 Bb2 Be7
1360,1451,black,900+15,d4 Nf6 f3 e6 e4 d6 e5 dxe5 dxe5 Qxd1+
1324,1687,black,360+8,e4 c5 Bc4 e6 Bb3 a6 Nf3 b5 a3 Bb7
1749,1251,white,300+20,e4 e5 Nf3 c5 Nxe5 f6 Qh5+ g6 Nxg6 hxg6
1812,1871,white,300+3,d4 d5 c4 e6 Nf3 Nf6 Nc3 b6 cxd5 Nxd5
1439,1327,white,180+3,e4 e5 Bc4 Nf6 Nf3 d6 Ng5 Be6 Nxe6 fxe6
1620,1606,black,600+10,e4 e5 Nf3 d6 Nc3 Nf6 Bc4 h6 O-O a6
1585,1406,white,300+0,e4 c5 d3 Nc6 f4 e6 Ne2 a6 c3 b5
1511,1549,white,60+8,e4 c5 d4 cxd4 Nf3 Nc6 Nxd4 Nxd4 Qxd4 Qa5+
1671,1565,white,900+0,e4 d6 c4 e5 d3 Nc6 Na3 a6 Nc2 Nf6
1751,1454,white,300+20,e4 Nc6 d4 d5 e5 Bf5 Nf3 Nb4 Na3 e6
1678,1440,white,180+0,e4 e5 Nc3 Nc6 Bc4 Nf6 d3 h6 Be3 a6
1400,1493,white,360+2,e4 e5 Nf3 Nc6 Bc4 d6 Nc3 h6 d4 Be7
1423,1606,white,120+0,d3 d5 e4 e6 g3 dxe4 dxe4 Qxd1+ Kxd1 a6
1941,2046,black,420+0,d4 Nf6 f4 d5 e3 Bf5 Bd3 e6 Nf3 g6
1406,1258,white,480+8,e4 d5 exd5 Qxd5 Nc3 Qe6+ Be2 Qc6 Bb5 Bh3
1500,1753,black,300+2,e4 c5 Qh5 e6 Nf3 Nf6 Qh4 Be7 Ng5 Nxe4
1261,1400,white,420+9,d4 d5 Nf3 f6 Bf4 g5 Bg3 Nc6 e3 Bg7
1201,1827,black,540+0,e4 c5 c4 Nc6 Nc3 Nf6 Nf3 g6 e5 Ng4
1479,1420,black,360+2,d4 e6 e4 d5 e5 c5 Nf3 Nc6 a3 cxd4
1482,1309,white,1200+0,Nf3 g6 e4 Bg7 d4 b6 Bf4 Bb7 Bd3 e6
1616,1679,black,600+8,Nf3 c5 c4 Nc6 e3 e5 Nc3 Nf6 b3 e4
1588,1444,white,120+0,d4 e6 Nf3 d5 Bf4 b6 e3 Bb7 h3 Nf6
1318,1533,black,60+10,e4 d5 exd5 Qxd5 d3 e5 Nf3 e4 Nc3 Qc6
1500,1683,black,180+0,e4 e5 Qh5 Nc6 Bc4 g6 Qf3 f6 Nh3 d6
1663,1648,white,120+2,e4 c5 Nf3 Nc6 d4 e6 Be3 cxd4 Nxd4 Nxd4
1472,1694,black,420+7,e4 e5 Bc4 Nc6 Qh5 Qe7 Nf3 Nf6 Qh3 d6
1460,1349,white,900+15,d4 d5 Nc3 e6 g3 Bb4 Bd2 Bxc3 Bxc3 Nf6
1628,1758,black,300+2,e4 c5 d4 cxd4 Qxd4 Nc6 Qd1 e6 Bd3 Nf6
1513,1688,white,180+0,d4 d5 c4 c6 Nc3 Nf6 Nf3 Bf5 Bg5 Nbd7
1543,1621,black,300+5,d4 d5 Nc3 Bf5 e4 dxe4 Nxe4 Bxe4 f3 Bg6
1556,1447,white,960+8,d4 d5 e3 g6 Nf3 Bg7 h3 Nf6 a3 b6
1932,1635,white,420+0,d4 d6 e3 Nf6 f4 Bf5 Bd3 Ne4 Nf3 Nd7
1698,1915,white,300+7,f4 e6 Nf3 Bc5 e3 Ne7 a3 a5 Be2 Nd5
1755,1626,white,300+20,e4 c5 Nf3 d5 exd5 Qxd5 Nc3 Qd8 d4 cxd4
1434,1596,white,960+0,e4 c5 Nf3 Nc6 Bb5 Qc7 O-O d6 d4 cxd4
1595,1405,black,120+0,d4 e6 d5 e5 e4 d6 h3 h5 Nf3 f6
1858,1826,black,300+3,d4 d5 Nf3 e6 e3 Nf6 Nbd2 Be7 c4 O-O
1438,1466,black,360+2,e4 e5 Nf3 Nc6 Bc4 h6 Nc3 d6 d4 exd4
1574,1604,black,600+8,e4 e6 d4 d5 e5 c5 c3 Qb6 Na3 Nc6
1792,1718,white,600+10,e4 d5 exd5 Nf6 Nc3 Nxd5 Bc4 Nxc3 bxc3 e5
1386,1324,black,420+9,e4 e5 Qh5 Nf6 Qxe5+ Be7 d3 Nc6 Qg3 d5
1500,1546,white,60+2,e4 e5 Qh5 g6 Qxe5+ Be7 Qxh8 Bf8 Qxg8 Qg5
984,1671,black,180+0,d3 e5 d4 e4 d5 Nf6 f3 exf3 exf3 d6
1682,1629,black,180+0,e4 e5 Nf3 Nc6 Bc4 Bc5 a3 d6 d3 Bg4
1200,1500,white,540+0,e4 e5 d4 Qh4 dxe5 Bc5 Be3 Nh6 Bxc5 Ng4
1766,1620,black,300+2,c4 e5 Nc3 Bc5 e3 a6 g3 f6 Bg2 c6
1791,1406,white,60+0,e4 g6 d4 Bg7 Nc3 d6 Be3 c6 Be2 Nf6
1932,1549,white,300+2,e4 e5 Nf3 Nc6 Bc4 Be7 d3 d6 h3 Nf6
1302,1488,white,1200+0,Nf3 d5 Nd4 e6 Nc3 e5 Nf3 e4 Ne5 Qd6
1839,1847,black,300+3,d4 d5 c4 e6 Nf3 Nf6 Nc3 c5 e3 cxd4
1512,1637,white,300+5,g3 e6 Bg2 c6 d4 d5 Nc3 Bd6 Nf3 f6
1564,1437,black,60+8,d4 d5 g3 Nf6 Bg2 e6 Nf3 Nbd7 c3 b6
1435,1672,black,180+0,e4 e5 Bc4 Nc6 Nc3 f5 Nf3 Bc5 d3 d6
1591,1523,draw,300+0,e4 d5 Nc3 d4 Nb1 e5 d3 f5 Be2 fxe4
1695,1679,black,900+0,e4 e5 Qh5 Qe7 Nf3 d6 Nc3 Nf6 Qg5 h6
1424,1403,white,60+0,d3 g6 c3 Bg7 d4 d6 e3 c6 f3 Nf6
1686,1955,white,480+0,e4 c5 Nf3 Nc6 Bb5 Nd4 Nxd4 cxd4 d3 Qa5+
1578,1791,black,120+0,d4 d5 Nf3 Nf6 h3 Bf5 Bg5 e6 Bxf6 Qxf6
1372,1374,white,420+9,e4 e5 Qh5 Nc6 d3 g6 Qf3 f6 Nh3 Nd4
1564,1685,black,240+0,e4 e5 Nf3 Nc6 d4 exd4 Nxd4 Nge7 Bc4 g6
1596,1606,white,600+8,Nf3 Nf6 d4 c5 Bf4 Nc6 e3 e6 Nbd2 d5
1391,1785,black,60+0,f4 e6 Nf3 Be7 e3 Bf6 Be2 d6 O-O Bd7
1500,1397,black,360+0,e4 e5 Qh5 d6 Bc4 Qe7 Nf3 Be6 Ng5 Bxc4
1505,1397,black,360+0,e4 e5 Qh5 d6 a4 Qe7 Bc4 Be6 b3 Bxc4
1936,1733,white,420+0,d4 Nf6 f4 d5 e3 Nc6 c3 Bg4 Be2 h5
1787,1388,white,60+0,g3 g6 Bg2 Bg7 d3 c6 Qd2 d6 Nc3 Nf6
1467,1659,black,420+7,e4 c5 Bc4 Nc6 Qh5 e6 Nf3 Nf6 Qh4 d5
1500,1353,black,120+0,e4 d5 Qh5 g6 Qe5 Bg7 Qf4 Nf6 Nh3 O-O
1528,1135,white,60+8,d4 e6 g3 d5 Bg2 Bd6 Nf3 b5 c3 c6
1573,1480,white,120+0,d4 d5 e3 g6 h3 Bg7 Nf3 Nf6 Bd3 O-O
1563,1757,white,600+8,e4 c5 Bc4 Nc6 d3 Nf6 Bg5 d5 Bxf6 dxc4
1386,1365,black,120+1,f4 d6 Nf3 Nf6 e3 Bg4 Be2 Bxf3 O-O e5
1474,1482,black,180+3,d4 d5 c4 dxc4 e3 Nf6 Bxc4 g6 h3 Bg7
1694,1525,white,300+0,e4 d5 Nc3 dxe4 Nxe4 Nf6 Ng3 Bg4 Nf3 Bxf3
1589,1693,white,240+0,e4 e5 d3 Nc6 Ne2 Nge7 Ng3 g6 c3 Bg7
1752,1800,black,600+10,e4 e5 Nf3 d6 Bc4 Nf6 Nc3 Be7 O-O Nc6
1693,1235,white,300+5,d4 d5 e3 Bf5 c4 e6 cxd5 exd5 Bd3 g6
1857,1828,white,300+3,d4 Nf6 c4 g6 Qc2 d5 Nd2 Bf5 Qc3 Bg7
1840,1700,white,180+0,e4 e5 Nc3 Nc6 Nf3 Nf6 d4 exd4 Nxd4 Nxd4
1500,1157,white,120+0,e4 d5 Qh5 Nf6 Qf3 dxe4 Qf4 h6 Bc4 g5
1544,1412,white,360+0,c4 c5 Nc3 d6 Nf3 b6 e4 Nf6 d4 Bg4
1465,1519,white,180+3,d4 d5 c4 Nf6 h3 dxc4 e3 e5 Nf3 exd4
1581,1497,black,120+0,d4 e6 h3 d5 Nf3 Nf6 e3 c5 Bd3 Nc6
1942,1812,white,420+0,d4 d5 e3 e6 f4 Nh6 Bd3 Nc6 c3 g6
1629,1775,black,600+10,d4 d5 c4 Nf6 g3 e6 a3 Be7 Nc3 c6
1541,1546,black,300+2,f4 Nf6 Nf3 Nc6 e3 d6 b3 e5 fxe5 dxe5
1561,1153,white,120+0,e4 d5 Qh5 g6 Qe5 f6 Qxd5 e6 Qxd8+ Kxd8
1604,1678,black,240+0,e4 e5 d3 Nc6 c3 Nf6 Ne2 Be7 Ng3 d6
1500,1372,white,60+0,e4 g6 Nf3 Bg7 Bc4 c6 Nc3 Nf6 d4 d5
1246,1447,white,180+3,b4 e5 Bb2 Bxb4 Bxe5 Nc6 Bxg7 Bc5 Bxh8 Bxf2+
1512,1566,black,120+0,c4 d5 Nc3 dxc4 e4 a6 Nf3 b5 d4 Bb7
1506,1626,black,300+0,e4 e5 Nc3 Nc6 Nf3 Bc5 Bc4 d6 h3 h6
1535,1423,black,300+5,d4 d5 g3 Bf5 Nc3 c6 e3 Nf6 Bg2 Nbd7
1468,1683,black,600+10,d4 b6 Nf3 Bb7 d5 e6 e4 Nf6 Nc3 Bb4
1345,1476,black,360+2,e4 e5 d4 exd4 Qxd4 Nc6 Qc3 Bb4
1690,1697,white,900+0,e4 c5 c4 Nc6 d3 e5 Na3 d6 Nc2 Nf6
1534,1127,white,60+8,d4 e6 g3 d5 Bg2 g6 Nf3 Bg7 c3 Nc6
1597,1150,white,120+0,e4 e5 Qh5 Nf6 Qf3 Be7 Bc4 O-O d3 Nc6
1478,1232,white,180+3,d4 d5 c4 dxc4 e3 Be6 a3 Na6 h3 c5
1367,1483,black,180+3,d4 d5 Bf4 Nf6 e3 e6 Nf3 Nc6 c4 Bd6
1847,1849,white,180+0,e4 c5 Nc3 g6 d3 Bg7 Be3 Qb6 Rb1 d6
1455,1479,black,600+10,e4 e6 d4 c5 dxc5 Bxc5 Nf3 h6 Bc4 Nc6
1451,1409,white,600+10,e4 e5 Nc3 Nc6 Be2 Nd4 Nf3 Nxf3+ Bxf3 Nf6
1580,1618,white,600+8,e4 e6 d4 d5 e5 c5 c3 Nc6 Bb5 cxd4
1704,1260,black,300+5,d4 d6 e4 g6 d5 Bg7 Bb5+ Bd7 Bxd7+ Qxd7
1585,1391,white,300+2,e4 e5 f4 d6 fxe5 dxe5 Nf3 Nc6 Bc4 Bd6
1623,1147,white,120+0,e4 e6 Qh5 g6 Qe5 Bd6 Qxh8 b5 Qxg8+ Bf8
1687,1861,black,240+0,d4 Nf6 Nf3 d5 e3 e6 Bd3 c5 b3 Nc6
1714,1689,white,300+8,e4 b6 d4 Bb7 Bd3 e6 Nc3 Bb4 Bd2 Nf6
1576,1510,white,120+0,d4 d5 Nf3 c6 h3 Nf6 a3 Bf5 e3 e6
1706,1500,black,480+0,e4 e5 Nf3 Nc6 Bb5 d6 Bxc6+ bxc6 d3 Bb7
1810,1742,white,600+10,e4 e5 Nf3 Nc6 Bc4 Bc5 Nxe5 Nxe5 d4 Nxc4
1858,1838,white,180+0,e4 c5 Nc3 b6 g3 Bb7 Bg2 Nf6 d3 e6
1483,1638,black,180+3,d4 b6 e4 Bb7 Bd3 e6 h3 f5 Nd2 fxe4
1539,1429,white,60+8,d4 e6 g3 c5 dxc5 Bxc5 Bg2 Nf6 Nf3 Ng4
1817,1867,white,300+3,e4 d5 exd5 Qxd5 Nf3 Nf6 d4 e6 Nc3 Qd8
1375,1500,black,180+6,e4 d5 Nc3 d4 Nce2 d3 Nc3 dxc2 Qxc2 e5
1643,1144,black,120+0,e4 Nc6 Qh5 Nf6 Qf3 Nd4 Qe3 e5 Nh3 Bb4
1500,1535,white,300+8,e4 c5 f4 Nc6 Nf3 e6 Nc3 d5 exd5 exd5
1499,1585,white,120+0,e4 d5 exd5 Qxd5 Nf3 e6 Be2 Nf6 d3 Bc5
1634,1491,white,180+2,e4 e5 Nf3 Nc6 Bc4 d6 c3 h6 d3 Bg4
1950,1595,white,420+0,d4 d6 e3 e6 f4 Ne7 Nf3 Ng6 Bd3 Be7
1716,1333,white,600+5,e4 Nf6 Nc3 Nc6 Bc4 e5 Nf3 Bc5 a3 d6
1476,1644,black,180+3,d4 b6 e4 Bb7 Bd3 f5 Nc3 fxe4 Nxe4 Nc6
1036,1225,black,300+5,e4 e5 d4 exd4 Qxd4 Qf6 e5 Qf5 Bd3 Qg5
1694,1649,black,600+10,e4 e5 Nf3 d6 d3 h6 Be2 Nc6 Nbd2 Be6
1613,1667,black,60+2,d4 e6 e3 d5 Bd3 Qf6 f4 Nc6 Nf3 h6
1530,1558,black,120+0,e4 Nf6 e5 Nd5 c4 Nb6 d4 d6 exd6 cxd6
1790,1353,black,0+1,d3 d5 Bd2 a6 Bb4 e6 Bc3 Be7 Bxg7 c6
1435,1611,white,300+1,e4 e5 Nf3 d6 d4 exd4 Nxd4 Nf6 Nc3 c5
1678,1724,black,300+8,e4 c5 Bc4 Nc6 Qh5 Ne5 Qxe5 d6 Qh5 e6
1814,1656,white,300+0,e4 e5 Nf3 Nc6 Bc4 Bc5 O-O Nf6 d3 Na5
1633,1700,black,900+0,e4 e5 Nf3 d6 Bc4 c5 Nc3 Be7 O-O h5
1571,1515,black,120+0,d4 Nf6 e3 c5 d5 d6 c4 e6 b3 exd5
1556,1594,black,60+8,d4 d5 g3 Nf6 Bg2 e6 Nf3 c5 dxc5 Bxc5
1484,1642,draw,180+2,d4 d5 Nc3 Nf6 Nf3 Bf5 Bg5 Nc6 e3 h6
1868,1788,black,180+0,e4 e6 d4 d5 exd5 exd5 Bd3 Nf6 Ne2 Bd6
1463,1445,white,600+10,d4 Nf6 c4 b6 Nf3 Bb7 Be3 e6 Nbd2
1671,1676,white,60+2,e4 e5 Nf3 Qf6 Nc3 Bc5 Na4 Bb6 Nxb6 axb6
1678,1499,white,300+0,c4 e5 Nc3 d5 Nxd5 Nf6 Nf3 Nxd5 cxd5 Qxd5
1379,1328,black,600+5,e4 d5 e5 c5 d4 c4 Nc3 Nc6 Nb5 a6
1855,1830,draw,300+3,d4 d5 Nf3 e6 Bf4 Nf6 e3 Bd6 Bxd6 cxd6
1568,1518,white,120+0,d4 Nf6 h3 c5 dxc5 e6 a3 Bxc5 e3 d5
1681,1698,black,480+0,e4 e5 Nf3 Nc6 Bb5 d6 Bxc6+ bxc6 O-O Bg4
1822,1556,white,300+0,e4 c5 Nf3 Nc6 c3 e6 d4 Nf6 d5 exd5
1791,1622,white,600+10,e4 e5 d4 d6 Bc4 Nf6 Nc3 exd4 Qxd4 Nc6
1855,1867,black,180+0,e4 e5 Nc3 Nf6 Nf3 Nc6 d4 exd4 Nxd4 Bb4
1665,1682,white,60+2,e4 c5 Bc4 g6 Qf3 e6 d3 Bg7 Nc3 Nc6
1806,1854,white,300+0,e4 e5 Nf3 Nc6 Bb5 Nf6 Nc3 d6 h3 Be7
2012,1925,white,120+0,e4 e5 Nf3 f5 exf5 e4 Nd4 Qf6 c3 Nc6
1589,1489,white,180+2,d4 d5 c4 dxc4 Nc3 a6 a4 Nf6 Bg5 h6
1599,1152,white,480+2,e4 d5 e5 Nc6 d4 Nh6 c4 Bg4 Be2 f5
1817,1691,white,600+10,Nf3 d5 e4 d4 Bc4 e6 O-O Nc6 d3 Bd7
1473,1732,black,600+10,c4 e5 g3 d6 Nc3 Nc6 d3 Nf6 Bg2 Be6
2023,1917,white,120+0,e4 e5 Nf3 f5 exf5 e4 Ne5 Nf6 c3 d5
1429,1728,black,180+2,e4 e5 Bc4 Nf6 Nf3 Nc6 Nc3 Be7 d3 O-O
1845,1802,black,180+0,e4 e6 d4 d5 exd5 exd5 Bd3 Nf6 Ne2 Bd6
1953,1682,white,420+0,d4 Nf6 f4 c5 e3 e6 Nf3 cxd4 exd4 d5
1592,1557,white,300+2,e4 e5 d3 Nc6 Ne2 Nf6 c3 d6 Ng3 Be7
1493,1878,white,300+0,e4 e5 Nf3 Nc6 Bc4 Nf6 Ng5 d5 exd5 Na5
1481,1597,white,180+2,d4 g6 Nf3 Bg7 e4 Nf6 e5 Nd5 c4 Nb6
1622,1557,black,240+0,e4 e5 d4 exd4 Qxd4 Nc6 Qc3 Bb4 Qd2 Bxd2+
1535,1644,black,60+8,d4 d5 g3 e6 Bg2 c5 c3 c4 Nf3 Bd6
2033,1910,black,120+0,d4 Nf6 g3 e5 c3 exd4 cxd4 d5 Bg2 c6
1350,1344,white,600+5,d4 d5 Bf4 Nf6 f3 Nh5 Bg3 e6 e4 dxe4
1549,1827,black,300+0,c4 Nf6 Nc3 e6 Nf3 d5 e3 c6 Be2 Be7
1584,1660,black,600+8,e4 c5 f4 e6 Nf3 Be7 e5 Bh4+ Nxh4 Qxh4+
1671,1778,black,120+2,c4 e5 Nc3 Nf6 g3 d6 Bg2 Nc6 e4 Bd7
1807,1773,white,60+0,d4 e6 c4 d5 Nc3 Nf6 Nf3 c6 Bg5 dxc4
1470,1145,white,180+3,d4 d5 c4 f6 a3 e5 h3 Nc6 e3 exd4
1957,1590,white,420+0,d4 d5 e3 Nc6 c3 e5 f4 e4 Be2 Nf6
1709,1670,black,480+0,e4 e5 Nf3 d6 Nc3 Nf6 d3 Be7 Be2 a6
1633,1444,black,300+6,d4 d5 c4 c6 Nf3 Nf6 e3 e6 Nc3 c5
1147,1601,white,480+2,e4 e5 Nc3 Nf6 Nf3 Bc5 Nxe5 d6 Nd3 Bd4
2015,1923,white,120+0,e4 e5 g3 Nf6 Bg2 Nc6 d3 Bc5 Nf3 d6
1818,2187,black,60+0,d4 b6 c4 Bb7 e4 e6 Nc3 Bb4 d5 Nf6
1337,1763,black,60+2,e4 e6 d3 d5 Nc3 d4 Nb1 c5 Ne2 b5
1693,1824,black,300+8,e4 e5 f4 exf4 Nf3 g5 Bc4 g4 O-O gxf3
1316,1464,white,600+10,d4 c5 dxc5 Nc6 Nc3 Nf6 Bg5 h6 Bxf6 exf6
1456,1410,white,300+8,d4 d5 Nf3 Bf5 e3 Nc6 c4 f6 cxd5 Nb4
1832,1543,white,300+0,d4 d5 e3 Nf6 Bd3 e6 f4 Bd7 Nf3 h6
1454,1264,black,300+1,e4 e5 Nf3 d6 d4 f6 dxe5 fxe5 Bd3 h6
1831,1513,white,300+0,e4 d5 exd5 Nf6 Nf3 Bg4 Be2 Nxd5 O-O Nc6
1830,1613,white,300+8,Nf3 d5 e4 dxe4 Ng5 Bf5 g4 Bg6 Bg2 Nf6
1523,1506,white,600+0,d4 d5 c4 c6 Nf3 e6 Bf4 dxc4 e3 b5
1520,1658,black,60+8,d4 d5 g3 e6 Bg2 c5 dxc5 Bxc5 Nf3 Nc6
1271,1500,white,420+0,e4 Nf6 Nc3 e5 Nf3 Nc6 d4 exd4 Nxd4 d5
1500,1469,white,600+10,e4 e6 Nf3 f6 Qe2 Nc6 Nc3 a6 g4 Bc5
1603,1819,black,300+0,e4 e5 d3 Nc6 Ne2 d6 Ng3 Be6 c3 Qd7
1624,1815,black,0+1,b3 c5 c3 e6 Bb2 d5 d3 Nf6 f4 Be7
2025,2189,black,120+0,e4 b6 Nf3 Bb7 Nc3 e6 d4 Bb4 Bd3 Nf6
1644,1539,black,600+8,e4 Nc6 f4 d5 Nc3 d4 Nd5 e6 Bb5 Bd7
1505,1815,black,60+0,d4 c5 c4 e6 d5 Nf6 Nc3 exd5 cxd5 d6
1734,1744,black,300+8,e4 e5 Nc3 Nc6 Bc4 Nf6 Nf3 h6 O-O Bb4
1597,1814,black,300+0,e4 e6 d3 d5 Nc3 d4 Nb1 c5 Ne2 e5
1473,1834,black,180+3,d4 Nf6 h3 g6 a3 Bg7 c4 O-O Nc3 d5
1173,1283,white,420+0,e4 e5 Bc4 Nf6 Nc3 Bb4 Nf3 Bxc3 dxc3 d5
1818,1916,white,60+0,d4 e6 c4 d5 Nc3 c6 Nf3 Nf6 Bg5 Be7
1582,1390,white,120+3,b3 g6 Bb2 f6 e4 Bg7 Nf3 Nh6 e5 O-O
1902,1834,white,60+0,e4 c5 Nf3 e6 d4 d5 exd5 exd5 dxc5 Nf6
1893,1819,white,300+2,e4 e5 Nf3 Nc6 Bb5 a6 Ba4 Nf6 O-O d6
1532,1500,white,360+2,e4 c5 d4 cxd4 c3 dxc3 Nxc3 Qa5 Nf3 Nc6
1271,1350,white,420+0,e4 e5 Nf3 Nc6 d4 Bd6 d5 Nb4 Bd2 Nf6
1506,1671,black,60+8,d4 d5 g3 e6 Nf3 c5 dxc5 Bxc5 c3 Nc6
1630,1599,draw,600+8,e4 Nc6 d4 d5 Nc3 dxe4 d5 Nb4 a3 Na6
1911,1824,black,60+0,e4 c5 Nf3 e6 d4 d5 e5 f6 c3 Nc6
1459,1543,black,300+6,e4 e5 Nf3 Nc6 Bb5 a6 Ba4 d5 Nc3 dxe4
1579,1209,white,600+2,e4 d5 exd5 Qxd5 c4 Qd4 Nf3 Qe4+ Be2 Be6
1819,1592,white,300+0,e4 b6 Bc4 Ba6 Qe2 Qc8 Nf3 f6 e5 Bxc4
1641,1843,white,180+0,d4 Nf6 Nf3 e6 Bf4 b6 e3 Bb7 g3 Be7
1839,1898,black,60+0,d4 e6 c4 d5 Nc3 c6 Nf3 dxc4 Bg5 Be7
1377,1500,white,900+5,e4 Nc6 d4 d6 d5 Ne5 Bf4 a5 Qd4 f6
1297,1404,black,360+0,e4 e5 Nf3 d6 Bb5+ c6 Ba4 b5 Bb3 Qe7
1587,1824,black,300+0,e4 e5 d3 f5 Nc3 Bb4 exf5 Nf6 Bd2 d5
1460,1490,white,600+10,e4 e6 d4 c5 Nf3 Nc6 Be2 Qc7 O-O a6
1616,1806,black,600+10,d4 Nf6 Bf4 g6 e4 d6 g3 Bg7 e5 Nd5
1289,1637,white,240+4,e3 e5 b3 b6 Bb2 d6 f4 Nc6 fxe5 Nxe5
1500,1488,black,480+0,e4 e6 Nf3 d5 c3 dxe4 Nd4 Bd7 d3 exd3
1809,1588,white,300+0,e4 e5 Nf3 Nc6 Bb5 Bc5 c3 a6 Bxc6 bxc6
1907,1829,black,60+0,e4 c5 Nh3 e6 f3 d5 exd5 exd5 Nf2 Nf6
1829,1837,white,300+3,d4 d5 c4 e6 Nc3 Nf6 Bg5 Be7 cxd5 exd5
1477,1600,black,600+8,e4 c6 d4 d5 Nc3 dxe4 Nxe4 Bf5 Bd3 Qd5
1500,1462,black,600+10,d4 e6 d5 exd5 Qxd5 Nf6 Qe5+ Be7 Nf3 Nc6
1843,1894,white,60+0,d4 e6 c4 Nf6 Nc3 Be7 Nf3 d6 Bg5 c6
1094,1319,white,480+0,Nf3 e6 Nc3 Nc6 g3 d5 Bg2 Bd6 O-O Bd7
1882,1856,draw,60+0,e4 c5 Nf3 e6 d4 d5 e5 f6 c3 Nc6
1269,1386,white,1200+10,d3 e5 e4 Nf6 c3 Bc5 b4 Bb6 a3 c6
1825,1840,white,300+3,d4 d5 c4 e6 Nf3 c6 Nc3 Nf6 e3 a6
1228,1283,white,420+0,Nc3 e5 Nf3 e4 Nxe4 d5 Nc5 Bxc5 d4 Bb6
1857,1881,white,60+0,d4 e6 c4 Nf6 Nc3 Be7 Nf3 Nc6 Bg5 O-O
2017,1877,white,60+1,e4 c6 Nf3 d5 e5 Bg4 d4 e6 c3 Be7
1960,1678,white,420+0,d4 d5 e3 c5 f4 cxd4 exd4 Nc6 c3 e6
1870,1869,white,60+0,e4 c5 d3 e6 f4 d5 e5 f6 Nf3 Nc6
1495,1568,white,60+8,d4 d5 g3 g6 Bg2 Nf6 Nf3 Bg7 c3 O-O
2025,943,white,120+0,e4 Nc6 Nf3 e5 Nc3 Nf6 d3 d5 exd5 Nxd5
1364,1450,black,300+8,e3 Nc6 b3 e5 Bb2 Nf6 d4 e4 d5 Nxd5
1964,1671,white,420+0,d4 b6 e3 Bb7 f4 e6 Nf3 h6 Bd3 Nf6
1828,1837,white,300+3,e4 c5 d4 cxd4 Nf3 d6 Nxd4 Nf6 Nc3 e6
1858,1880,white,60+0,d4 e6 c4 d5 Nc3 c6 Nf3 Nf6 Bg5 Be7
1254,1391,draw,900+5,d4 e6 e4 Qh4 Qe2 d5 Nc3 dxe4 Nxe4 Bb4+
1581,1368,black,600+2,e4 d5 exd5 Qxd5 c4 Qe5+ Be2 e6 Nf3 Qa5
1500,1206,black,300+0,e4 Nc6 Nf3 d5 exd5 Qxd5 Nc3 Qd8 d4 Bg4
2025,1500,white,120+0,e4 e5 Nf3 Nc6 Bc4 d6 O-O h6 Nc3 a6
1435,1340,white,300+1,e4 c5 Nf3 d6 d4 cxd4 Nxd4 Nc6 Nc3 a6
1186,1154,white,300+0,e4 e5 Nf3 Nc6 Bb5 Nf6 Bxc6 dxc6 Nxe5 Qd4
1580,1104,black,600+4,e4 e5 d3 Nc6 Nf3 Nd4 c3 Nxf3+ Qxf3 Nf6
1459,1544,white,600+0,Nf3 d5 d4 Nf6 Nc3 e6 e3 Be7 Bd3 O-O
1310,1271,white,240+4,e3 e5 Qh5 Nc6 Bc4 Nh6 Nf3 g6 Qh3 d5
1806,1651,white,360+2,f4 d5 Nf3 c5 d4 e6 e3 Nc6 c3 Nf6
1608,1561,white,600+8,e4 e5 Nf3 Nf6 Nxe5 d6 Ng4 Nxe4 Qf3 Bxg4
1333,1201,white,480+0,d4 d5 e3 e6 c3 Nc6 b4 Qg5 f4
1551,1327,white,300+0,e4 e5 Nf3 Nc6 Bc4 h6 d4 exd4 c3 dxc3
2028,1870,white,60+0,e4 d5 e5 c5 Nf3 e6 Bb5+ Nc6 Bxc6+ bxc6
1305,1539,white,60+10,b3 d5 Bb2 Nc6 f3 Nf6 e4 dxe4 fxe4 Nxe4
1470,1529,white,600+0,d4 d5 c4 e6 Bf4 Nf6 e3 Be7 h3 O-O
1629,1500,white,600+8,e4 Nc6 d4 Nf6 Nc3 Nxe4 Nxe4 b6 Nf3 f6
1683,1473,white,480+0,e4 Nc6 Bb5 Nd4 Bd3 a6 Nf3 Nc6 O-O e5
1338,1547,black,300+2,e4 e5 Nf3 Nc6 d4 exd4 Nxd4 Nxd4 Qxd4 d6
2035,1500,white,60+0,e4 e6 Nf3 d5 e5 c5 d4 Nc6 c3 Qb6
1539,1825,black,360+2,e4 c5 d4 cxd4 c3 dxc3 Nxc3 Nc6 Nf3 d6
1443,1302,black,300+1,e4 e6 Nf3 c6 d4 h6 e5 b5 Bd3 c5
1777,1657,white,180+0,e4 e5 Bc4 Nc6 Nc3 Nf6 d3 Bb4 Bd2 Nd4
1472,1774,white,120+0,Nf3 e6 g3 Be7 Bg2 Bf6 O-O Qe7 e4 g6
1515,1484,black,600+0,e4 e6 d4 c5 Nf3 Nc6 c3 cxd4 cxd4 d5
1636,1371,white,1200+10,e4 e5 f4 Nc6 Nf3 d6 Bc4 Nd4 d3 Nxf3+
2038,942,white,60+0,e4 Nc6 Nf3 d5 e5 d4 Bc4 Bg4 d3 e6
1668,1258,white,360+2,e4 d6 f4 e6 Nf3 d5 e5 g6 Bb5+ c6
1362,1820,black,120+0,e4 e6 d4 d5 e5 c5 Nf3 Qb6 Be2 Nc6
1472,1436,white,600+10,e4 e6 Nc3 Nf6 d4 d5 e5 Nfd7 Nf3 Nc6
2038,1515,white,60+0,e4 e5 Nf3 d6 Bc4 Be6 Bxe6 fxe6 Nc3 Nd7
1321,1566,black,240+0,e4 e5 Nc3 Nf6 Bc4 Bc5 h3 c6 Nf3 O-O
2039,1443,white,60+0,e4 e5 Nf3 Nc6 Bc4 Nf6 Nc3 Bc5 d3 d6
1495,1552,white,480+0,e4 e5 Nf3 Nf6 Nxe5 d6 Nxf7 Kxf7 d4 Nxe4
1445,1668,black,600+10,e4 e5 Nf3 d6 d4 exd4 Nxd4 Bd7 Qf3 Nf6
1853,1446,white,120+0,Nf3 d5 g3 Nc6 Bg2 e5 d3 f5 O-O Bd6
1784,1650,black,180+0,e4 e5 Nf3 Nc6 d4 exd4 Nxd4 Bc5 Nxc6 bxc6
1320,1209,draw,240+4,e3 Nc6 d4 d5 Bb5 Bd7 Qh5 g6 Qg5 e6
1645,1812,black,360+2,d4 d5 c4 dxc4 Nc3 e6 Nf3 Nf6 e3 c6
1863,1761,white,60+1,e4 e6 Nf3 Be7 d4 Bf6 Be3 g6 c3 Bg7
1340,1689,black,480+0,d4 d5 c3 e6 e3 Nf6 Bd3 Bd7 b4 Be7
1969,1829,white,420+0,d4 d5 e3 Nf6 f4 e6 Nf3 c5 c3 Nc6
1441,1424,white,960+0,e4 d5 exd5 Qxd5 Nc3 Qc6 Bb5 e5 Bxc6+ Nxc6
1495,1665,black,420+8,e4 e5 Nf3 Nc6 Bc4 Bc5 O-O Nf6 d4 exd4
1518,1771,white,60+8,d4 Nf6 g3 d5 Bg2 Bf5 Nf3 Qd7 c3 Bh3
1818,1638,white,360+2,e4 c5 c3 Nf6 e5 Nd5 Bc4 e6 Bxd5 exd5
1540,1564,black,480+0,d4 d5 e4 dxe4 Nc3 Nf6 f3 exf3 Qxf3 Nc6
1552,1769,black,300+2,e4 e5 d3 Nc6 f4 d6 f5 g6 fxg6 fxg6
1442,1881,black,120+0,Nf3 e6 e4 c5 d4 cxd4 Nxd4 Nf6 Nc3 d6
1753,1871,draw,60+1,d3 d5 h4 e5 h5 Be6 h6 g6 Bd2 f5
1617,1230,white,300+4,e4 d6 d4 e5 Nd2 exd4 Ndf3 d5 Qxd4 Bd6
1529,1574,black,480+0,d4 d5 e4 dxe4 Nc3 Nf6 f3 exf3 Qxf3 Nc6
1670,1533,black,360+2,e4 e6 f4 c5 Bc4 Bd6 d3 Qh4+ g3 Qe7
1396,1563,black,600+2,d4 e6 e4 Qh4 e5 Nc6 c3 Nh6 h3 Qe4+
1902,1440,white,120+0,Nf3 d5 g3 Nf6 Bg2 c6 O-O Nbd7 d3 e5
1293,1621,white,240+4,e4 e6 Qf3 c6 Bc4 h6 d3 b5 Bb3 Bb7
1757,1868,black,60+1,d3 d5 Be3 e5 Bd2 c5 e3 Nc6 Be2 Be6
1441,1500,black,300+1,e4 e5 Nf3 Nc6 d4 exd4 Nxd4 Bc5 Be3 Qf6
1870,1800,white,60+0,d4 d5 c4 e6 Nc3 Bb4 Nf3 Nf6 Qc2 Nc6
1429,1447,white,300+1,e4 e6 Nf3 b6 d4 Nf6 e5 Nd5 Bd3 h5
1632,1824,black,360+2,d4 d5 c4 dxc4 Nc3 e6 Nf3 Nf6 e3 c6
1692,1337,white,480+0,e4 e5 Nf3 Qe7 Be2 f5 exf5 e4 Nd4 Qe5
1749,1869,black,0+1,e3 d6 Bd3 c6 Qe2 g6 c3 Bg7 Bc2 Nf6
1438,1919,black,120+0,Nf3 e6 g3 c5 Bg2 Nf6 O-O d6 d4 cxd4
1695,1238,white,480+0,e4 e5 Nf3 d6 Be2 g6 O-O Nf6 h3 Nxe4
1522,1822,black,300+3,d4 Nf6 Nc3 g6 e4 d6 Bf4 Bg7 Nf3 Bg4
1655,1280,white,360+2,e4 Nc6 Bc4 Na5 Be2 d5 exd5 Qxd5 Nf3 Nf6
1876,1741,white,60+1,e4 e6 d4 Be7 c4 d6 Nc3 c5 Nf3 cxd4
1500,1453,white,480+8,e4 e5 d4 exd4 Qxd4 Nc6 Qc4 f6 Nf3 Ne5
1222,1603,black,300+10,d3 d5 e4 d4 e5 Nc6 e6 Bxe6 Qe2 Nf6
1829,1309,black,300+0,f4 d5 d4 e6 e3 Nf6 Nf3 h6 Bd3 a6
1570,1361,white,600+2,e4 e5 Nf3 Nc6 Bc4 Bc5 d3 Nf6 Ng5 O-O
1548,1661,black,60+8,d4 c5 dxc5 e6 b4 Nf6 c3 Nc6 g3 d5
1378,1541,white,120+1,d4 d5 e3 c6 Nf3 Nf6 Nc3 Bg4 Be2 e6
1870,2062,black,600+0,e4 c5 b3 e6 Bb2 Nc6 g3 a6 Bg2 d6
1360,1317,white,240+4,c4 d5 cxd5 Qxd5 Nc3 Qd8 e4 Nf6 d4 Qd6
1883,1734,white,60+1,e4 e6 d4 Be7 c4 d6 Nc3 Bd7 Nf3 c6
1604,1477,white,600+10,c4 e5 e4 Bc5 Nf3 d6 h3 c6 Nc3 Qb6
1734,1670,black,60+0,e3 c5 Be2 g6 Bf3 Bg7 Qe2 Nc6 Nc3 Nf6
1676,1489,white,300+8,d4 d5 c4 Nf6 Nc3 c6 e3 dxc4 Bxc4 Be6
1658,1702,black,360+2,d4 Nf6 Bf4 d6 e3 g6 Bd3 Bg7 c3 O-O
1683,1721,white,60+0,e4 e6 Nf3 Be7 Nc3 Bf6 d4 c5 Be3 cxd4
1976,1673,white,420+0,d4 d5 e3 c5 c3 Nf6 f4 Bf5 Bd3 Bxd3
1934,1522,white,120+0,Nf3 c5 g3 d5 Bg2 e6 O-O Nc6 d3 Bd6
1554,1271,white,300+8,e4 c6 c4 d5 f3 dxe4 fxe4 Nf6 Nc3 Bg4
1389,1571,black,240+0,c4 e5 Nc3 Nf6 g3 Be7 Bg2 O-O d3 c6
1481,1671,white,600+10,e4 e5 Nc3 Nc6 d3 Bc5 Qe2 Nf6 Nf3 O-O
1697,1707,black,60+0,d3 c5 Be3 g6 c3 Bg7 d4 cxd4 Bxd4 Nf6
1365,1378,white,300+0,d4 Nc6 d5 Ne5 Nc3 Nf6 Nf3 g6 Nxe5 Bg7
1464,1725,black,120+0,d4 c5 d5 e5 c4 d6 Nf3 f5 Nc3 Nf6
1519,1826,black,300+3,d4 Nf6 Nc3 d5 e4 dxe4 f3 exf3 Qxf3 g6
1709,1695,draw,60+0,d3 c5 Bd2 g6 e3 Nf6 Bc3 Bg7 f4 Nc6
1395,1890,black,60+1,e4 c6 b3 d5 Bb2 dxe4 d3 exd3 Bxd3 Nf6
1606,1199,white,300+4,e4 e6 d4 d5 e5 Bb4+ c3 Ba5 b4 Bb6
1351,1575,black,600+2,e4 e5 Bc4 Nf6 Nc3 Bc5 Nf3 d6 O-O c6
1696,1708,white,60+0,e4 e6 Nf3 Be7 Nc3 Bf6 d4 c5 Be3 cxd4
1535,1266,white,60+8,d4 d5 g3 Nc6 Bg2 Bf5 Nf3 Be4 Nbd2 Nf6
1892,1375,white,60+1,e4 g6 Nf3 Bg7 d4 d6 c3 e6 Bd3 Ne7
1829,1520,white,300+3,Nf3 f6 d4 Nc6 d5 Ne5 Nxe5 fxe5 e4 e6
1639,1654,white,300+7,e4 e5 Bc4 Bc5 Bxf7+ Kxf7 Qh5+ Ke6 Nf3 Nf6
1440,1455,black,600+10,e4 e5 f4 exf4 Nf3 d6 d4 a6 Bxf4 Nc6
1340,1283,black,300+0,d4 e6 e3 Nf6 Nf3 Nc6 c4 Bb4+ Bd2 Bd6
1774,1809,black,480+2,d4 d5 c4 c6 Nc3 e6 Nf3 Nf6 e3 Be7
1251,1329,black,300+0,Nf3 Nf6 Nc3 g6 g3 Bg7 Bg2 O-O O-O d5
1953,1791,white,120+0,Nf3 d5 g3 c5 Bg2 Nc6 O-O Bf5 d3 e6
1717,1686,white,60+0,e4 e6 Nf3 Qf6 Nc3 Bd6 d4 Bb4 Bg5 Bxc3+
1322,1375,black,300+0,d4 d5 e3 Nc6 Nf3 f6 a3 e5 dxe5 fxe5
1433,1485,black,300+1,e4 e5 Nf3 Nc6 d4 exd4 Nxd4 Nxd4 Qxd4 d6
1669,1716,white,120+2,c4 e6 b3 c6 Bb2 d5 e3 Nf6 Nf3 Be7
1358,1893,draw,60+1,e4 c6 b4 d5 exd5 cxd5 Nc3 Nf6 Bb2 a6
1612,1288,white,480+0,d4 e6 e4 d5 e5 f6 Nf3 Nc6 Bb5 Bd7
1676,1727,black,60+0,d3 c5 Bd2 g6 Bc3 Nf6 Bxf6 exf6 c3 Bg7
2001,1373,white,120+0,Nf3 d5 g3 e6 Bg2 Nc6 O-O Nf6 d3 Bb4
1520,1819,white,480+0,d4 d5 e4 dxe4 Nc3 Nf6 f3 exf3 Qxf3 Nc6
1727,1676,white,60+0,e4 e6 Nf3 Be7 Nc3 Bf6 d4 c6 Bc4 Qb6
1667,1736,white,60+0,d3 c5 Bd2 g6 Bc3 Nf6 Bxf6 exf6 h4 Bg7
1498,1559,white,600+10,e4 e5 Nc3 c5 Nd5 Nf6 c4 Nxe4 Qe2 f5
1623,1280,white,480+0,Nc3 e5 Nf3 d6 d4 e4 Nxe4 d5 Nc3 Bg4
1467,1423,white,600+10,e4 c5 Nf3 d6 d4 cxd4 Nxd4 Nf6 Nc3 e5
1980,1701,white,420+0,d4 d5 e3 Nf6 f4 Bf5 Bd3 Bxd3 Qxd3 e6
1808,1736,white,300+4,e4 e5 Bc4 Nf6 d3 d5 exd5 Nxd5 Qf3 Be6
1704,1681,white,120+2,d4 c5 c4 cxd4 Qxd4 Nc6 Qd1 Nf6 Nc3 g6
1680,1509,white,0+1,d3 g6 Bd2 Bg7 Bc3 d6 Bxg7 Nf6 Bxh8 Bd7
1500,2006,black,120+0,d4 Nf6 e3 d6 Bd3 Nbd7 c3 e5 Qc2 g6
1808,1681,white,300+8,d4 e6 c4 d5 Nc3 Bb4 f3 Nf6 e4 dxe4
1686,1724,black,0+1,d3 c5 Bd2 g6 Bc3 Nf6 Bxf6 exf6 h4 h5
1724,1686,white,0+1,e4 e6 Nf3 Be7 Nc3 Bf6 d4 d6 Bc4 Qe7
1671,1714,black,120+2,c4 Nf6 b3 g6 Bb2 Bg7 g3 O-O Bg2 Qe8
1833,1815,white,300+3,d4 d5 c4 Nf6 Nf3 Nc6 Nc3 e6 e3 Be7
1173,2019,black,120+0,d4 e6 e4 d5 exd5 exd5 Qe2+ Be7 Nf3 Nf6
1676,1733,black,0+1,d3 c5 Bd2 g6 e3 Nf6 Be2 Bg7 Bc3 Nc6
1591,1776,white,480+0,d4 g6 e3 Bg7 c3 d6 a3 e5 h3 f5
1439,1235,black,720+0,d4 Nf6 g3 g6 b3 Bg7 Bb2 Nc6 Nf3 a6
1273,1633,black,480+0,e4 Nc6 d4 d5 e5 a6 g3 Bf5 Nc3 Nb4
1742,1667,white,0+1,e4 e6 Nf3 Be7 Nc3 d6 d4 Qd7 Bc4 b6
1704,1538,white,480+0,e4 c5 Nf3 d6 d4 cxd4 Nxd4 a6 Nc3 Nf6
1667,1742,black,0+1,d3 c5 Bd2 g6 Bc3 Nf6 e3 Bg7 Bxf6 Bxf6
1581,1500,white,600+2,e4 b6 Bc4 e6 Qf3 Nf6 e5 Be7 exf6 Bxf6
1751,1659,white,0+1,e4 e6 Nf3 Be7 Nc3 d6 d4 Bd7 Bc4 c6
1664,1425,white,180+2,d4 d5 Nf3 Nf6 Bf4 Bf5 e3 Nc6 h3 h6
1343,1607,black,480+0,e4 c6 Bc4 e6 Qh5 b5 Bb3 a6 Nc3 Nf6
1817,1962,white,300+4,f4 d5 d4 g6 e3 Bg7 h3 e6 Nf3 Ne7
1651,1759,white,0+1,Nc3 c5 f3 g6 e4 Bg7 d3 e6 h3 Ne7
1759,1651,white,0+1,e4 e6 Nf3 Bc5 Nc3 Bb4 a3 Bxc3 dxc3 Qe7
1380,1416,black,720+0,Nc3 d5 g3 g6 Bg2 c6 d4 Nf6 Nf3 Bg7
1524,2021,black,120+0,d4 e6 c4 Nf6 Nc3 Bb4 f3 d5 Bg5 Nbd7
1643,1745,black,0+1,g3 c5 Bg2 g6 d3 Nc6 Bh6 Bxh6 e3 Bg7
1474,1547,black,300+2,d4 b5 e3 Bb7 c3 Nf6 Nf3 a6 a3 c6
1735,1820,white,480+2,e4 c6 d4 d5 e5 Bf5 g4 Bg6 Bd3 e6
1635,1752,white,0+1,d3 c5 Bd2 g6 Bc3 Nf6 Bxf6 exf6 c3 Bg7
1527,1679,black,600+1,e4 e5 Nf3 Nc6 Bb5 Nf6 Bxc6 dxc6 d3 Bg4
1844,1668,white,300+3,d4 g6 c4 Bg7 e4 d6 Nc3 f5 f3 Nc6
1526,1655,white,240+0,d4 d5 Bf4 Bg4 h3 Bh5 g4 Bg6 e3 Be4
1752,1635,white,0+1,e4 e6 d4 Be7 Nf3 Bb4+ Nc3 Bxc3+ bxc3 Qf6
1917,1831,black,300+4,e4 c5 b3 Nc6 Bb2 e6 Bb5 Nd4 Bxd4 cxd4
1471,1245,white,600+8,d4 e6 c4 Nf6 Nc3 Nc6 e4 Na5 Bd3 h5
1420,1670,black,180+2,e4 e5 Bc4 c6 a3 Nf6 Nc3 d5 exd5 cxd5
1627,1664,black,360+2,d4 d5 c4 c5 dxc5 Qa5+ Nc3 Qxc5 cxd5 e5
1628,1760,black,0+1,e3 c5 Bd3 g6 Qf3 Bg7 Nc3 e6 Rb1 Ne7
1760,1628,white,0+1,e4 e6 Nf3 Bc5 Nc3 Qf6 d4 Bb4 Bd3 h5
1844,1880,white,300+4,f4 d5 d4 Nc6 e3 Bf5 Nf3 g6 a3 Bg7
1621,1767,black,0+1,d3 c5 Bd2 g6 Bc3 Nf6 Bxf6 exf6 c3 Bg7
1633,1541,black,240+0,d4 d5 Bg5 h6 Bh4 g5 Bg3 Bg7 e3 Nf6
1767,1621,white,0+1,e4 e6 Nf3 Be7 Nc3 d6 d4 Qd7 Bc4 b6
1614,1773,black,0+1,g3 c5 Bg2 g6 d3 Nc6 Bd2 Bg7 Bc3 Nf6
1674,1415,white,180+2,d4 d5 c4 Nf6 Nc3 e6 Nf3 Bb4 e3 Bxc3+
1510,1463,white,600+10,e4 e5 Nc3 d6 Nd5 Be6 Bc4 a6 d3 c6
1849,1856,black,300+4,d4 c6 Nc3 d5 g3 h6 Bg2 Nf6 Nf3 Bf5
1856,1849,white,300+4,f4 g6 d4 Bg7 e3 d6 Nf3 c5 c3 cxd4
1779,1608,white,0+1,e4 e6 Nf3 Bb4 Nc3 Be7 d4 Bf6 Bc4 Be7
1608,1135,white,300+4,e4 c5 b3 e6 Bb2 d5 Bd3 Nc6 Qf3 Nf6
1602,1785,white,0+1,e4 c5 g4 g6 Qf3 Bg7 Qe3 Nc6 d3 d6
1785,1602,white,0+1,e4 e6 Nf3 Be7 Nc3 Bf6 d4 d6 Be3 e5
1493,2046,black,120+0,e4 e6 b3 d6 Bb2 e5 d3 Nd7 Nd2 Ngf6
1430,1311,black,720+0,d4 Nf6 Nf3 d5 g3 b6 Bg2 Nc6 O-O Qd7
1555,1612,white,240+0,d4 c5 d5 e6 dxe6 dxe6 Qxd8+ Kxd8 Bf4 Nc6
1606,1760,black,0+1,e3 c5 g3 g6 Bg2 Bg7 Qe2 Nc6 Nc3 d5
1596,1769,white,0+1,d3 c5 Bd2 g6 Nc3 Nf6 Bg5 Bg7 Bxf6 Bxf6
1410,1678,black,180+2,e4 d5 e5 e6 d4 c5 Nf3 Nc6 c3 Be7
1754,1612,white,0+1,e4 e6 Nf3 Be7 Nc3 Bf6 d4 d6 Bc4 Bd7
1396,1409,draw,720+0,Nf3 d5 g3 Nf6 Bg2 b6 d4 Bb7 Be3 e6
1677,2030,black,120+0,e4 e6 d4 d5 e5 c5 dxc5 Nc6 Bb5 Bxc5
1422,1617,black,180+3,d4 Nf6 e3 e6 a3 c5 c3 Nc6 b3 cxd4
1588,1653,white,600+2,e4 d5 exd5 Qxd5 c4 Qa5 Nc3 e5 d3 h6
1760,1606,white,0+1,e4 e6 Nf3 Be7 Nc3 Bb4 d4 Bxc3+ bxc3 d6
1303,2054,black,120+0,d4 Nf6 e3 d6 a3 Nbd7 b3 e5 c3 g6
1599,1767,black,0+1,e3 c5 Bd3 g6 Qf3 Bg7 c3 Nc6 Bc2 e6
1599,1767,white,0+1,e3 c5 Be2 g6 Bf3 Nf6 d3 Bg7 Bd2 Nc6
1767,1599,black,0+1,e4 d6 Nf3 Bd7 Nc3 Bb5 d4 Bc6 Bc4 b6
1568,1553,white,240+0,d4 d5 Bf4 Nc6 e3 a6 Bd3 Nf6 Nf3 Bg4
1476,1383,white,600+8,d4 e6 c4 c5 d5 exd5 cxd5 d6 e4 a6
1608,1758,black,0+1,e3 c5 Be2 g6 Bf3 Bg7 h4 Nc6 h5 d5
1751,1615,white,0+1,e4 e6 Nf3 Be7 Nc3 Bf6 d4 c6 Bc4 Qb6
1879,1523,white,60+0,d4 e5 c4 exd4 Qxd4 c5 Qd1 d5 Nc3 d4
1758,1608,draw,0+1,e4 b6 Nf3 Bb7 Nc3 e6 d4 Bb4 Bc4 Bxc3+
1816,1264,white,600+10,d4 Nf6 Bf4 d6 c4 e5 dxe5 dxe5 Qxd8+
1608,1758,black,0+1,g3 c5 Bg2 g6 Bxb7 Bxb7 e3 Bg7 f3 Nc6
1685,1881,black,60+0,e4 c5 Nf3 e6 d4 d5 exd5 exd5 dxc5 Nf6
1765,1601,white,0+1,e4 b6 Nf3 Bb7 Nc3 e6 d4 Bb4 Bc4 Bxe4
1519,1424,black,600+10,e4 e6 d4 d5 e5 Nc6 c3 Nge7 Bg5 g6
1609,1520,white,0+1,g3 e5 Bg2 d5 d3 c5 Bg5 d4 Bxd8 Kxd8
1600,1649,white,600+2,e4 d5 exd5 Qxd5 c4 Qd4 Nf3 Qd6 Nc3 Nf6
1539,1579,white,240+0,c4 c5 Nc3 Nc6 e4 e5 Nf3 d6 h3 Be7
1263,1817,black,600+10,e4 e5 Nf3 d6 c3 Bg4 d4 Nf6 Bd3 exd4
1595,1763,white,0+1,e3 c6 Be2 d5 Bf3 Nf6 d3 e5 e4 Bd6
1887,1666,white,60+0,d4 d5 c4 dxc4 Nc3 e6 Nf3 Nf6 Bg5 Be7
1518,1437,draw,240+6,e4 e5 Nf3 d6 h3 a6 Bc4 b5 Bd5 c6
1532,1542,black,480+0,d4 c5 c3 e6 e4 d5 e5 Nc6 Nf3 cxd4
1650,1892,black,60+0,e4 c5 Nf3 e6 d4 d5 dxc5 Bxc5 exd5 exd5
1309,1624,white,300+3,d4 d5 e3 Nf6 Nf3 Bg4 h3 Bh5 c4 e6
1622,1664,black,120+2,d4 f6 c4 e6 e4 b6 d5 exd5 cxd5 Bc5
1613,1674,black,300+1,d3 e5 e4 Nc6 Nf3 f5 exf5 Nf6 Be3 d5
1893,1643,black,120+0,g3 c6 Bg2 d5 d3 e5 e4 Nf6 Nd2 Bc5
1876,1355,white,480+2,d4 c6 Bf4 d6 e3 Nf6 c3 Bg4 f3 Bf5
1609,1896,black,60+0,c3 c5 Qc2 e6 d3 d5 Bd2 Nf6 e3 Be7
1409,1496,white,720+0,d4 Nf6 Nf3 e6 g3 d5 Nc3 a6 Bg2 Nc6
1613,1440,white,600+2,e4 e5 Nf3 Nc6 Bc4 h6 Nc3 Nf6 Bb5 Bb4
1506,1556,black,300+2,g3 e6 Bg2 c6 Nf3 d6 b3 Nf6 Bb2 Be7
1759,1636,white,120+0,e4 e5 Nf3 Nf6 Nc3 Nc6 Bc4 Be7 d4 exd4
2020,1189,white,180+0,e4 Nc6 Nf3 e5 Bb5 d6 c3 Bd7 O-O Nce7
2056,1172,white,120+0,c4 e5 g3 Nc6 Bg2 Nf6 Nc3 Bc5 e3 O-O
1584,1440,white,960+8,d4 e6 e3 f5 Nf3 Nf6 c4 d5 a3 Nc6
1683,1603,black,300+1,e4 c5 g3 Nc6 Bg2 b6 Ne2 Bb7 c3 Qc7
1620,1262,white,600+2,e4 e5 Nf3 Nc6 Bc4 Bc5 Nc3 Nf6 d3 d5
2016,1674,white,180+1,d4 d5 c4 Nf6 Nc3 e6 e3 Bb4 Bd3 Nc6
1712,1642,white,420+8,e4 e5 Nc3 Bc5 Bc4 Qf6 f4 Bxg1 Rxg1 Qxf4
1332,1260,white,420+0,e4 c5 Bc4 d6 Qf3 Nh6 Nh3 f6 d3 e5
1822,1722,white,300+5,e4 e6 d4 d5 exd5 exd5 Nf3 Nf6 Bd3 Bd6
1416,1802,draw,180+2,d4 d5 e3 Nf6 a3 Bd7 Nf3 e6 b3 c5
1370,2057,black,120+0,e4 e6 c4 c5 d3 Nc6 Nc3 g6 Nge2 Bg7
2020,1497,white,180+0,e4 b6 d4 Bb7 Nc3 g6 Nf3 Bg7 Bd3 Nf6
1497,1576,white,240+0,g3 e5 Bg2 d5 Nf3 e4 Nd4 Bc5 e3 Nf6
1352,1877,white,480+2,c4 c6 Nc3 d5 cxd5 cxd5 d4 Nf6 Bf4 Bf5
1482,1430,white,720+0,c4 Nc6 g3 b6 Nc3 Bb7 e4 e5 Nf3 Qe7
1336,1398,white,360+0,b3 e5 e3 d5 Qh5 Nc6 Bb5 Bd7 Bxc6 bxc6
1484,1452,black,600+8,d4 d5 Bg5 h6 Bh4 Be6 e3 Qd7 Nd2 Bg4
1506,1469,black,600+10,e4 d5 e5 d4 d3 c5 Bf4 Nc6 Na3 Be6
2022,1683,white,180+0,e4 e5 Nf3 d6 d4 Nf6 Nc3 Nbd7 dxe5 dxe5
1349,1250,black,360+0,b3 e5 e3 Qf6 Bb2 d5 Nc3 d4 Nd5 Qd6
1261,1162,black,480+0,e4 Nf6 e5 Nd5 Bc4 e6 d3 c6 Nf3 b5
1680,1563,white,240+0,d4 d5 c4 c6 Nc3 e6 Nf3 Nf6 Bg5 Be7
1381,2062,black,120+0,e3 e5 d4 exd4 Qxd4 Nf6 Qe5+ Be7 Qg5 O-O
1792,1426,white,180+2,e4 c5 Nf3 d6 d4 cxd4 Nxd4 e5 Nf3 h6
1557,1500,white,900+1,e4 e5 d3 Nf6 Bg5 Be7 Bxf6 Bxf6 Nf3 Nc6
1501,1873,black,0+1,e4 d5 Nf3 dxe4 Ng1 Nf6 d3 Bf5 Nc3 exd3
1617,1669,black,300+1,d4 d5 c4 c6 Nf3 a6 e3 Bg4 h3 Bh5
1601,1689,black,0+1,d3 e6 e3 d5 Bd2 b6 Ke2 c5 Ke1 Ba6
1876,1499,black,0+1,f4 d5 Nf3 Nf6 d3 Nc6 c3 Bg4 e3 Bxf3
2114,2026,white,180+0,d4 Nf6 Nf3 e6 Bg5 d5 Nbd2 h6 Bh4 Be7
1617,1760,black,0+1,d3 e6 Bd2 d5 Bc3 Nf6 Bxf6 Bd6 Bxd8 Kxd8
2065,1800,black,120+0,c4 c5 g3 Nc6 Bg2 d6 Nc3 Nf6 e4 g6
1610,1679,white,0+1,d3 g6 Bd2 Bg7 Bc3 f6 f3 b6 g4 e5
1610,1679,black,0+1,d3 e6 Bd2 d5 Bc3 c5 e3 e5 f4 d4
1518,1767,black,0+1,e4 e6 f4 d5 exd5 exd5 Nf3 Nf6 Bb5+ c6
1615,1598,white,180+10,d4 d5 c4 c6 a3 a6 Nc3 Bf5 c5 Nd7
1772,1514,white,0+1,e4 e5 d4 exd4 c3 dxc3 Bc4 Nf6 Nxc3 Bc5
1230,1509,black,480+0,e4 c5 Nf3 d6 d3 h6 Nc3 e5 g3 Nf6
2014,1688,white,180+0,e4 e5 Nf3 d6 d4 exd4 Qxd4 Nf6 Bg5 Be7
1950,1978,white,120+0,e4 e6 d4 d5 e5 c5 c3 Qb6 Nf3 Nc6
1593,1477,white,0+1,d3 b6 Bd2 Bb7 Bc3 Bc6 Bxg7 Bxg7 c3 b5
1368,1351,black,900+1,c4 e5 e4 c6 a3 Nf6 Nc3 Bc5 Nf3 Bd4
1623,1432,black,600+2,e4 e6 Nf3 Nc6 c4 Bc5 Nc3 Nge7 a3 d5
1502,1884,black,0+3,d4 c5 Nf3 e6 e3 Nf6 g3 cxd4 exd4 Nc6
1600,1699,white,0+1,d3 g6 Bd2 Bg7 Bc3 f6 e3 c5 Qe2 b5
2018,1684,white,180+0,e4 e5 Nf3 d6 d4 exd4 Qxd4 Nc6 Bb5 Bd7
1600,1699,white,0+1,d3 b6 Bd2 Bb7 Bc3 e6 Qd2 d6 Qe3 f6
1266,1378,white,420+0,e4 e5 Nf3 Nc6 c3 Nf6 b4 Nxe4 d4 exd4
1530,1789,black,60+15,e4 e5 Nf3 Nc6 Nc3 d6 Bb5 Bg4 d3 Nf6
1614,1683,black,0+1,d3 f6 Bd2 d5 Bc3 e5 e4 d4 Bd2 Qe7
2030,1789,white,180+0,d4 d5 c4 e6 Nf3 g6 e3 Bg7 Nc3 Ne7
1838,1527,white,180+0,e4 c5 d4 cxd4 c3 dxc3 Nxc3 Nc6 Bc4 g6
1457,1305,white,1800+25,d4 d5 c4 dxc4 Nc3 c6 e4 b5 g3 e6
1500,1556,draw,180+0,e4 e5 f4 exf4 Nf3 d6 Bc4 Nf6 Nc3 Bg4
1511,1923,black,120+0,d4 Nf6 c4 d6 Nc3 Nbd7 e4 e5 d5 Nc5
1806,1682,black,300+8,e4 e5 Qh5 d6 Bc4 g6 Qf3 Nf6 Nc3 Be7
2023,1795,white,180+0,e4 e5 Nf3 Nc6 Bb5 a6 Ba4 b5 Bb3 Na5
1765,1674,draw,60+2,d4 e6 e4 Ne7 f4 g6 Nf3 Bg7 c4 O-O
1605,1570,black,0+1,d3 g6 Bd2 f6 e3 e5 Bc3 Bg7 f3 Qe7
1759,1473,white,180+3,f4 Nf6 Nf3 d5 d3 g6 g3 Nc6 Bg2 Bg7
1895,1931,white,120+0,e4 e6 f4 d5 e5 c5 Nf3 Nc6 d4 Qb6
1572,1626,white,180+10,e4 d5 exd5 Qxd5 Nc3 Qd8 Bc4 e6 d4 a6
1593,1582,black,0+1,g3 e6 Bg2 c6 d3 d5 Bf4 f6 Bxb8 Rxb8
1677,1762,black,60+2,e4 d5 exd5 Nf6 Nc3 e6 dxe6 Bxe6 d4 Bb4
1584,1676,black,0+1,d3 c6 Bf4 Qb6 Bd2 Qxb2 Nc3 Qb6 Rb1 Qc7
1593,1555,white,240+0,b4 e5 Bb2 Nc6 b5 Nd4 e3 Nxb5 Bxb5 c6
1582,1594,white,0+1,d3 d6 Bd2 e5 e3 f6 Qe2 g5 d4 h5
1582,1508,black,0+1,d3 d5 Bd2 Nf6 Bc3 Nc6 Bxf6 exf6 Qd2 Be7
1771,1668,white,60+2,e4 e5 f4 Nc6 Nf3 Bd6 fxe5 Nxe5 d4 Nxf3+
1886,1945,black,120+0,Nf3 g6 g3 Bg7 Bg2 e5 d3 d6 O-O Ne7
1693,1569,black,0+1,g3 e6 Bg2 Qf6 b3 Bc5 c3 Qxf2#
1347,1281,white,420+0,e4 e5 Nf3 Nc6 Bb5 Nf6 Nc3 a6 Ba4 b5
1545,1681,black,240+0,e4 e5 Nf3 d5 exd5 Qxd5 Nc3 Qe6 Bd3 f5
1659,1779,black,60+1,e4 e6 d4 d5 e5 c5 dxc5 Nc6 Bb5 Bxc5
1584,1676,white,0+1,d3 e6 Bd2 c6 Bc3 Qb6 Qd2 d6 Qf4 e5
1607,1520,white,240+0,b4 d5 Bb2 Nf6 Bxf6 exf6 b5 Bd7 a4 c6
1613,1601,black,180+10,d4 d5 c4 c6 Nc3 a6 Bg5 Bf5 a3 Nd7
1682,1395,white,120+1,e4 e6 Nc3 Nc6 Bc4 Bb4 Nge2 Bxc3 Nxc3 Nf6
1469,1763,black,180+3,e4 d5 Nc3 dxe4 Nxe4 Bf5 Qf3 e6 Bb5+ c6
1500,1619,white,240+0,Nf3 d5 c4 d4 b4 a5 b5 c6 e3 d3
1597,1661,black,0+1,d3 b6 Bd2 Bb7 Bc3 c5 Nd2 b5 e3 b4
1601,1656,white,0+1,d3 f6 Bd2 e5 e3 d5 Bc3 c5 b3 b5
1689,1539,white,240+0,d4 d5 c4 c6 Nc3 e6 Nf3 Nf6 Bg5 Be7
1662,1470,white,120+2,d4 d5 Nf3 Bf5 Bf4 f6 e3 a6 h3 e6
1685,1460,white,1200+10,e4 d5 exd5 Qxd5 Nc3 Qd8 Nf3 c6 Bc4 e6
1588,1671,white,0+1,d3 f6 Bd2 e5 e3 d5 Bc3 c5 Bd2 b5
1351,1474,black,900+1,e4 e5 g4 Nf6 g5 Nxe4 h4 d5 d3 Nc5
1588,1671,white,0+1,d3 g6 Qd2 Bg7 Qe3 f5 Qh3 d6 f3 f4
1767,1466,black,180+3,f4 Nf6 Nf3 d5 d3 g6 g3 Bg7 Bg2 Nc6
1532,1696,black,240+0,e4 e5 d4 exd4 Qxd4 a6 e5 Nc6 Qe3 b6
1629,1477,white,0+1,g3 g6 Bg2 Bg7 c3 f6 d4 e6 e3 d6
1455,1523,white,60+0,g4 d5 Bg2 Nc6 e4 Nf6 exd5 Nxd5 Bxd5 Qxd5
1490,1518,black,0+2,d4 d5 c4 c6 Nc3 f6 e3 e5 dxe5 fxe5
1601,1656,white,0+1,d3 b6 Bd2 Bb7 Bc3 e6 Nd2 d5 e3 c5
1464,1668,black,120+2,e4 g6 Bc4 Bg7 Qf3 e6 d3 Ne7 h3 O-O
2036,1423,white,180+0,e4 c5 Nf3 d6 c3 h6 d4 b6 Bd3 Bb7
1652,1854,black,120+0,e4 e6 d4 d5 e5 c5 dxc5 Nc6 Qg4 Nxe5
1606,1621,white,240+0,b4 b5 Bb2 Bb7 a4 bxa4 Rxa4 Bc6 Ra1 Na6
1271,1420,black,420+0,e4 b6 Nc3 Bb7 d4 g6 f3 Bg7 b3 e6
1614,1642,white,0+1,d3 b6 Bd2 c5 Bc3 d6 Nd2 Qc7 e3 e6
1625,1528,white,0+1,d3 d5 Bd2 e5 Bc3 f6 Bd2 Be6 e3 Qd6
1427,1264,black,420+0,g3 e5 Bg2 Nf6 b3 d5 Bb2 d4 d3 c6
1528,1625,black,0+1,e4 e6 Nf3 Be7 d4 Bf6 c3 Qe7 Bd3 g6
1673,1459,white,120+2,d4 d5 Nf3 Bf5 Bf4 f6 h3 c6 e3 h6
1703,1526,white,240+0,d4 d5 c4 Nc6 f3 e6 e4 dxe4 fxe4 Qxd4
1636,1468,white,0+1,c3 b6 d4 Bb7 f3 Nc6 e4 d5 e5 f6
1643,1460,black,0+1,g3 b6 Bg2 Bb7 Bxb7 c6 Bxa8 d5 Bb7 e5
1520,1633,black,0+1,e4 b6 Nf3 Bb7 d4 d6 c3 Qd7 Bd3 g6
1602,1513,white,180+10,d4 d5 c4 c6 a3 e6 Nc3 h6 Bf4 Be7
1643,1460,white,0+1,g3 b6 Bg2 c6 b3 Bb7 Bb2 d5 d3 e6
1598,1222,white,480+0,d4 d5 c4 e6 Nc3 Bb4 a3 Bxc3+ bxc3 Nf6
1625,1512,black,0+1,c3 d5 d4 e5 e3 f6 dxe5 fxe5 e4 d4
1646,1499,white,60+1,e4 g6 d4 Bg7 Nf3 d6 Be3 f5 Bd3 fxe4
1900,1872,black,60+0,d4 e6 c4 d5 Nc3 c6 Nf3 dxc4 Bg5 Be7
1494,1510,white,60+10,d4 d5 c4 Nf6 Nc3 dxc4 a3 Nc6 Bg5 Be6
1527,1492,white,60+1,e4 g6 d4 Bg7 c3 d6 Bd3 f5 exf5 Bxf5
1853,1576,white,300+8,b3 e5 Bb2 Nc6 c4 b6 g3 Bb7 Bg2 Qf6
1658,1870,black,60+0,d3 c5 Be3 e6 Bd2 d5 Bc3 Nf6 Kd2 Be7
2037,1709,black,180+0,e4 e5 Nf3 d6 d4 exd4 Qxd4 a6 Bg5 f6
1620,1485,white,180+3,b4 d5 Bb2 d4 Nf3 c5 bxc5 Qd5 Bxd4 Bg4
1161,1259,white,600+10,e3 d5 Nc3 Nf6 g4 e6 Bg2 Nxg4 Qxg4 Nc6
1641,1888,white,60+0,g3 c5 Bg2 e6 d3 d5 Bf4 Nf6 Bxb8 Rxb8
1611,1697,white,180+10,d4 d5 c4 c6 Nc3 e6 Nf3 Bb4 Bd2 Bxc3
1610,1481,white,0+1,e3 g6 Be2 Bg7 c3 d6 d4 f5 Bf3 Nf6
1537,1473,black,60+1,e4 g6 d3 Bg7 d4 d6 c3 f5 exf5 Bxf5
1617,1509,white,0+1,g3 d5 Bg2 Nf6 d3 Nc6 c3 Bg4 b4 e6
1514,1909,black,120+0,b3 e6 Bb2 d6 e3 c6 Ne2 b6 Ng3 Bb7
1409,1525,black,600+10,e4 d5 exd5 Qxd5 Nc3 Qa5 d4 Nc6 d5 Ne5
1870,1658,white,60+0,d4 e6 c4 d6 Nc3 c5 Nf3 Be7 Bf4 Qc7
1260,1535,black,900+1,Nf3 Nc6 e4 e5 d4 exd4 Nxd4 Nxd4 Qxd4 c5
1524,1487,black,60+1,e4 g6 d4 Bg7 c3 d6 Bd3 f5 exf5 Bxf5
1822,1484,black,540+0,e4 e5 Nf3 Nc6 Bc4 Nge7 d3 d5 exd5 Nxd5
1653,1850,white,0+1,g3 g6 Bg2 Bg7 d3 d6 Bd2 f5 Bc3 Nf6
1500,1647,white,300+8,e4 b6 d4 Bb7 Bd3 g6 Nf3 Bg7 O-O e6
1626,1487,draw,0+1,c4 g6 d3 Bg7 Qd2 d6 Nc3 e5 b3 f5
1528,1407,white,600+10,e4 e6 d4 c5 d5 e5 f3 Nf6 Be3 c4
1565,1747,white,300+2,e4 d5 exd5 Qxd5 Nc3 Qd6 d3 Nf6 Nf3 c6
1629,1593,white,240+0,b4 b6 Bb2 Bb7 c4 Nc6 b5 Na5 e3 e6
1669,1621,white,0+1,d3 c6 Bd2 d5 Bc3 f6 Bd2 e5 e3 Qb6
1790,1479,white,300+8,e4 e5 Qh5 Nc6 Bc4 g6 Qf3 Nf6 d3 Bg7
1875,1492,white,60+0,d4 g6 c4 Bg7 Nc3 d6 Nf3 f5 Bg5 Nf6
1669,1621,white,0+1,d3 g6 Bd2 Bg7 Bc3 e5 f4 f6 fxe5 fxe5
1679,1611,white,0+1,d3 e6 Bd2 d5 Bc3 Qe7 e3 f6 a3 g5
1532,1445,black,240+1,e4 b6 Be2 Bb7 Bf3 d6 d4 Nd7 Ne2 c6
1489,1878,black,60+0,d4 c5 e3 e6 c3 Nf6 Nf3 d5 h3 Be7
2009,1744,black,180+0,d4 e6 c4 Nf6 Nc3 c5 d5 exd5 cxd5 d6
1397,1530,black,600+10,d4 d5 Nf3 e6 Nc3 Nf6 e3 Bb4 a3 Ba5
1674,1624,white,300+8,d4 d5 c4 dxc4 Nc3 e6 e3 Nf6 Bxc4 h6
1880,1688,white,60+0,d4 e6 c4 Be7 Nc3 Bb4 Nf3 b6 Qc2 Bb7
1742,1834,black,540+5,f4 g6 Nf3 Bg7 d4 d5 Nc3 Nf6 e3 Ne4
1682,1886,black,60+0,d3 c5 Bd2 e6 e3 d5 Qe2 Nf6 f3 Be7
1399,1636,white,600+10,d4 b6 e3 Bb7 Nc3 g6 e4 Bg7 Bd3 Bxd4
1886,1682,white,60+0,d4 e6 c4 Bd6 Nc3 Bb4 Nf3 b6 Qc2 Bb7
1793,1568,white,300+8,e4 e5 Bc4 Nc6 Nc3 Nge7 d3 g6 Qf3 d5
1915,1459,black,120+0,c4 e5 g3 Nf6 Bg2 Nc6 Nc3 d6 e3 Bf5
1481,1451,black,0+3,d4 Nc6 c3 Nf6 Nf3 d5 g3 Bg4 Bg2 Bxf3
1677,1892,black,60+0,g3 c5 Bg2 e6 d3 d5 c4 Nf6 cxd5 exd5
1892,1677,white,60+0,d4 b6 c4 Bb7 Nc3 e6 Nf3 Bb4 Qc2 Bxc3+
1973,1990,black,180+0,Nf3 e6 d4 d5 e3 Nf6 Bd3 c5 b3 Nc6
1459,1518,white,240+0,b3 d5 Bb2 d4 e3 c5 Qf3 dxe3 fxe3 Be6
1897,1672,white,60+0,d4 e6 c4 Bb4+ Nc3 Be7 Nf3 Bf6 Bf4 Be7
1466,1855,black,120+0,d4 Nf6 c4 d6 e4 Nxe4 f3 Nf6 h3 h5
1273,1580,black,60+2,d3 d6 e3 e5 f3 f5 e4 f4 Be2 Nf6
1538,1387,white,600+10,e4 c5 c4 d6 Nf3 Nf6 Nc3 Nc6 Be2 Bd7
1674,1564,white,600+1,e4 e5 Nf3 d6 Nc3 Bg4 Bc4 c6 h3 Bxf3
1615,1683,black,180+10,d4 d5 c4 c5 dxc5 Bf5 Nc3 d4 Nd5 e6
1672,1897,black,60+0,g3 c5 Bg2 e6 d3 d5 Bf4 Nf6 Bxb8 Rxb8
1730,1505,black,180+0,f4 d5 Nf3 Nf6 d3 Nc6 c3 Bg4 e3 e5
1517,1300,white,600+1,e4 e5 Nf3 Nc6 Bb5 Nge7 d4 d5 exd5 Qxd5
1877,2003,white,180+0,Nf3 Nf6 c4 e6 Nc3 d5 cxd5 exd5 d4 Bd6
1857,1571,black,300+8,c4 e5 Nc3 Nc6 Nf3 Nf6 e4 Bb4 d3 a6
1520,1422,black,240+0,d4 d5 Nc3 c6 Bf4 h6 Qd3 e6 Nf3 Be7
1799,1147,white,300+8,e4 Nc6 Qh5 Nh6 Bc4 g6 Qh4 Bg7 c3 O-O
1667,1828,white,0+1,d3 d5 Bd2 c6 Bc3 Nf6 Qd2 Bf5 b3 e6
1505,1523,black,120+2,d4 Nf6 c4 d5 a3 dxc4 Nc3 b5 Nxb5 a6
1475,1495,white,960+0,e4 e5 Nf3 d6 Bc4 h6 O-O a6 c3 b5
1683,1807,black,0+1,d3 g6 Bd2 f5 Bc3 Nf6 Bxf6 exf6 Qd2 Bg7
1842,1728,black,540+5,e4 e5 Nf3 Nc6 Bb5 a6 Bxc6 dxc6 d3 Bd6
1515,1410,black,240+0,e4 b6 d4 Bb7 d5 g6 c3 d6 Nf3 Bg7
1294,1544,black,600+1,e4 e5 Nf3 d6 d4 exd4 Qxd4 Bg4 e5 Bxf3
1377,1544,white,600+10,e4 e5 f4 Bd6 Nf3 exf4 d4 Qe7 Nc3 Bb4
1675,1817,black,0+1,g3 g6 Bg2 Bg7 d3 f5 Bh6 Bxh6 e3 Bg7
1817,1675,white,0+1,f4 e6 Nf3 Be7 g3 Bf6 Bg2 g5 O-O gxf4
1438,1506,black,240+0,d4 d5 e3 Nc6 a3 Qd6 b3 Nf6 Bb2 Bg4
1825,1668,white,0+1,f4 e6 Nf3 Bd6 d3 b6 e4 Bb7 e5 Be7
1596,1606,black,300+8,e4 d5 exd5 Qxd5 Nc3 Qd8 Nf3 e6 Bc4 a6
1668,1825,white,0+1,g3 g6 Bg2 Bg7 d3 f5 Bd2 Nf6 Bc3 O-O
1662,1806,white,0+1,g3 g6 Bg2 Bg7 d3 Nf6 c3 d6 Bg5 O-O
1662,1510,white,0+1,g3 c6 Bg2 d5 d3 e5 h4 h6 Bg5 hxg5
1861,1806,draw,120+0,Nf3 f5 e4 fxe4 Ng5 d5 d3 Qd6 dxe4 dxe4
1662,1510,black,0+1,g3 e5 Bg2 Nf6 d3 d5 Bg5 h6 Bxf6 Qxf6
1583,1668,black,300+0,e4 e5 Nf3 Nc6 Nc3 Bc5 Bc4 Nf6 d3 h6
1525,1646,white,0+1,e4 e6 Nf3 Be7 d4 Bf6 e5 Be7 Bc4 Bb4+
1857,1808,white,120+0,Nf3 f5 e4 fxe4 Ng5 d5 d3 Qd6 Nc3 Nf6
1632,1540,white,0+1,g3 e5 Bg2 d5 d3 h6 h4 Nf6 Qd2 Bf5
1616,1611,white,180+10,d4 d5 c4 e6 a3 Nf6 Nc3 Nc6 Bg5 Be7
1616,1533,white,300+0,e4 Nc6 Bc4 Ne5 Bb3 Nf6 d4 Ng6 e5 Ng8
1632,1540,white,0+1,d3 d5 Bd2 e5 e3 f5 Bc3 Nf6 Bd2 c5
1565,1289,white,600+1,e4 e5 Nf3 Nc6 Bb5 Nge7 O-O d5 exd5 Qxd5
1532,1640,white,0+1,e4 b6 d4 Bb7 d5 e6 c4 exd5 cxd5 Qe7
1336,1302,white,600+5,d4 d5 c4 e6 Nc3 dxc4 Qa4+ c6 Qxc4 b5
1801,1623,white,60+0,d4 d5 c4 e6 Nc3 Nf6 cxd5 exd5 Nf3 c6
1626,1546,white,0+1,g3 d5 Bg2 c5 d3 Nc6 Bg5 Bf5 Be3 Nf6
1047,1535,black,300+8,e4 e5 g4 d6 Bg2 Nf6 Ne2 Bxg4 O-O Bxe2
1546,1626,white,0+1,e4 b6 f4 Bb7 Nf3 e6 Nc3 Bb4 a3 Bxc3
1584,1549,white,300+8,e4 e5 Nf3 Nc6 Bb5 Nge7 Nc3 g6 d3 Bg7
1390,1501,black,300+0,e3 d5 c3 e5 g3 Nf6 Bg2 Be7 b3 O-O
1793,1408,white,240+0,e4 d5 exd5 Qxd5 c4 Qa5 Nc3 Nc6 d4 Bf5
1333,1500,black,900+0,e4 e5 Bc4 d6 Nf3 c6 d4 b5 Bb3 a5
1902,1889,white,60+0,d4 d5 c4 dxc4 Nc3 e6 Nf3 Nf6 Bg5 Be7
1612,1560,white,0+1,g3 d5 Bg2 Nc6 d3 e5 Bg5 f6 Bd2 Be6
1678,1428,white,300+0,e4 c5 Bc4 e5 Nc3 d6 d3 h6 Nge2 Be7
1621,1550,white,0+1,g3 c6 Bg2 d5 d3 Nf6 Bg5 e5 Bxf6 Qxf6
1542,1630,black,0+1,e4 b6 Nf3 Bb7 Nc3 e6 d4 Bb4 Bd3 Bxc3+
1627,1612,black,180+10,d4 c5 dxc5 Qa5+ Bd2 Qxc5 a3 Nf6 b4 Qb6
1369,1406,white,240+0,e4 d5 exd5 Qxd5 Nc3 Qa5 a3 Nc6 Bb5 Bd7
1630,1542,white,0+1,g3 c6 Bg2 d5 d3 e5 h4 h6 b3 Ne7
2040,1617,white,120+0,e4 c5 Nf3 Nc6 Bc4 e6 O-O a6 a4 Be7
1625,1525,black,180+0,e4 Nc6 Bc4 e5 c3 Nf6 d3 Bc5 Nf3 d6
1533,1638,black,0+1,e4 b6 d4 Bb7 d5 e6 c4 exd5 cxd5 Qe7
1500,1508,white,240+0,e4 e5 Nf3 Nc6 Bc4 Nf6 Ng5 d5 exd5 Nxd5
1638,1533,white,0+1,g3 g6 Bg2 Bg7 d3 Nf6 Bd2 O-O Bc3 d6
1526,1646,white,0+1,e4 b6 d4 Bb7 Nf3 Bxe4 Bd3 Bb7 O-O e6
1501,1679,black,240+0,e4 e5 Nf3 d5 exd5 e4 Qe2 Nf6 Nd4 Qxd5
1615,1653,white,60+1,e4 e5 c4 Nc6 Nc3 Nge7 d3 g6 h3 Bg7
1596,1596,white,600+1,e4 e5 Bc4 Bc5 d3 h6 Nf3 Nc6 c3 a6
2043,1215,white,120+0,e4 d6 Nf3 Nf6 Nc3 g6 d4 Bg7 Bd3 e5
1632,1540,black,0+1,g3 d6 Bg2 e5 e3 Nf6 Bxb7 Bxb7 f3 e4
1880,2043,white,120+0,Nf3 e6 g3 Ne7 Bg2 Ng6 h4 h5 d4 d5
1874,1879,white,60+0,e4 d5 exd5 Qxd5 Nc3 Qe6+ Be2 Nf6 Nf3 g6
1540,1632,white,0+1,e4 b6 Nf3 Bb7 Nc3 e6 d4 Bb4 Bd3 Bxc3+
1145,1206,black,600+10,e4 e5 Nf3 d6 Nc3 Nc6 Nd5 Be6 Bc4 Nf6
1618,1554,black,0+1,g3 d5 Bg2 c6 d3 h6 Bf4 Nf6 Bxb8 Rxb8
2023,1640,black,60+0,e4 e6 Nf3 Ne7 d4 g6 c4 Bg7 Be2 O-O
1567,1605,white,0+1,e4 b6 Nf3 Bb7 Nc3 e6 d4 Bb4 Bd3 Bxc3+
1463,1627,black,0+3,d4 d5 c4 e6 Nc3 Nf6 e3 Bb4 Nf3 c6
1556,1393,black,240+0,d4 d5 Nf3 Bg4 Nbd2 Nc6 c3 Qd6 Qc2 O-O-O
1593,1579,white,0+1,g3 d6 Bg2 e5 d3 Nc6 h4 h6 h5 Nf6
1996,1661,white,60+0,e4 e5 Nf3 Nc6 Nc3 Nge7 d3 g6 Be2 Bg7
1579,1593,white,0+1,e4 b6 f4 Bb7 Nc3 e6 Nf3 Bb4 d3 Bxc3+
1918,1869,black,60+0,Nf3 d5 g3 c5 Bg2 Nc6 O-O Nf6 d3 g6
1613,1581,white,0+1,g3 e5 Bg2 Nf6 d3 h6 Bg5 hxg5 h4 gxh4
2000,1658,white,60+0,e4 c5 Nf3 Nc6 b3 e6 Bb2 Nge7 d3 d6
1604,1590,white,0+1,g3 c6 Bg2 d5 d3 Nf6 Bf4 h6 Bxb8 Rxb8
1580,1614,white,0+1,e4 b6 Nf3 Bb7 e5 e6 d4 Bb4+ c3 Be7
1655,1914,black,60+0,d4 c5 c4 e6 d5 exd5 cxd5 d6 e4 Nf6
2004,1881,black,60+0,e4 e6 Nf3 d5 e5 c5 d4 Nc6 c3 cxd4
1602,1591,white,0+1,g3 e5 Bg2 Bc5 d3 Nf6 e3 h6 a3 O-O
1692,1300,white,1800+30,f4 e6 d4 Qh4+ g3 Qf6 e4 d6 Bg2 b6
1553,1796,black,180+0,e4 c5 Nf3 Nc6 d4 cxd4 Nxd4 e5 Nb5 d6
1890,1634,white,120+0,Nf3 c5 g3 d5 Bg2 Nc6 O-O e5 d3 Nf6
1799,1645,draw,300+8,e4 c5 Qh5 d6 Bc4 g6 Qf3 Nf6 d3 Bg7
1918,1651,white,60+0,d4 e6 c4 Ne7 Nc3 g6 Nf3 Bg7 Bg5 O-O
1581,1613,white,0+1,e4 b6 f4 Bb7 Nf3 e6 c3 Bc5 d4 Be7
1540,1409,white,240+0,d4 d5 Nf3 Nc6 e3 Bg4 Nbd2 e6 Be2 Bd6
1423,1548,black,180+0,d4 e6 e3 c5 a3 d5 c3 Nf6 b3 Nc6
1922,1895,white,60+0,d4 d5 c4 dxc4 Nc3 e6 Nf3 Nf6 Bg5 Be7
1616,1609,white,180+10,d4 d5 c4 c6 Nc3 dxc4 a3 a6 Bf4 Nd7
1984,2015,black,60+0,e4 d5 e5 c5 Nf3 b6 Bb5+ Bd7 Bxd7+ Nxd7
1982,1881,white,60+0,e4 e6 Nf3 d5 exd5 exd5 d4 Bg4 Be2 Nc6
1571,1622,white,0+1,e4 b6 d4 Bb7 d5 e6 c4 exd5 cxd5 Qe7
1489,1691,white,960+0,e4 c5 Nf3 d6 d4 cxd4 Nxd4 Nf6 Nc3 a6
1629,1500,draw,120+0,e4 e5 c4 c6 Nc3 Nf6 d3 d5 Bg5 dxc4
1971,1899,white,60+0,e4 e6 Nf3 d5 e5 c5 d4 Nc6 c3 Qb6
1583,1610,white,0+1,e4 b6 d4 Bb7 d5 e6 c4 exd5 cxd5 Qh4
1610,1583,white,0+1,g3 e5 Bg2 d5 d3 Bc5 h4 Qf6 Bg5 Qxf2+
1240,1256,black,600+0,e4 d5 d3 d4 Nf3 Nf6 Na3 Ng4 Qe2 e5
1599,1574,white,0+1,g3 c6 Bg2 d5 d3 g6 e4 Bg7 exd5 cxd5
1402,1547,black,240+0,e4 e5 Bc4 d6 Nf3 h6 d4 Bg4 d5 Nf6
1612,1294,black,900+0,e4 e5 Nf3 Bc5 Nc3 Nf6 Nxe5 Qe7 Nf3 Ng4
1556,1776,black,180+0,e4 e5 Bc4 Nc6 Nf3 Nge7 c3 d5 exd5 Nxd5
1564,1609,white,0+1,e4 b6 f4 Bb7 Nc3 e6 d4 Bb4 Bd3 f6
1992,1865,white,60+0,e4 e6 Nf3 d5 exd5 exd5 d4 Bg4 Be2 Nc6
1584,1611,black,300+15,e4 e5 Qf3 Nc6 Bc4 Qf6 Nc3 Nge7 Nh3 Nd4
1494,1117,white,600+10,e4 c5 Nc3 Nc6 Qh5 d6 Bb5 Bd7 Nf3 Nd4
1597,1576,black,0+1,d3 c6 Be3 d5 Qd2 d4 Bf4 f6 Bxb8 Rxb8
1607,1565,black,0+1,e4 b6 d4 Bb7 Nf3 e6 Bd3 Bb4+ c3 Be7
2001,1851,draw,60+0,e4 e6 Nf3 c5 c3 d5 e5 Nc6 d4 Qb6
2014,1933,white,60+0,d4 c5 d5 e6 d6 Nf6 Nc3 g6 e4 Bg7
2044,1781,white,420+0,e4 e5 Nf3 Nc6 d4 exd4 Bb5 Nge7 O-O g6
1587,1585,white,0+1,e4 b6 d4 Bb7 d5 c6 c4 cxd5 cxd5 e6
1585,1587,white,0+1,g3 e5 Bg2 Nf6 d3 h6 Bg5 hxg5 h4 gxh4
1996,1859,white,60+0,e4 Nc6 g3 d5 exd5 Qxd5 Nf3 Bg4 Bg2 e5
1624,1573,white,300+15,e4 Nc6 Nf3 f6 Bc4 e6 d4 d5 exd5 exd5
1597,1575,white,0+1,e4 b6 d4 Bb7 c4 e6 d5 exd5 cxd5 Bc5
1575,1597,white,0+1,g3 d5 Bg2 c6 d3 e5 Be3 d4 Bd2 f5
2004,1847,black,60+0,e4 e6 Nf3 c5 c3 d5 exd5 Qxd5 d4 Nf6
1278,1694,black,1800+30,e4 e5 Bc4 c6 Qf3 Nf6 d3 d5 Bb3 Bg4
1563,1635,black,300+15,e4 e5 Qh5 Nc6 Nh3 Nf6 Qf3 Nd4 Qd3 d6
1596,1577,black,0+1,e4 b6 d4 Bb7 d5 e6 c4 exd5 cxd5 Qh4
1565,1607,white,0+1,g3 d5 Bg2 f5 d3 e5 h4 e4 h5 Nf6
1551,1554,white,180+0,e4 e5 Bc4 d6 Nf3 Bg4 Nc3 Bxf3 Qxf3 Qf6
1626,1673,black,180+10,d4 d5 c4 Nf6 Nc3 Bf5 a3 Nc6 Bg5 e6
1563,1395,white,180+0,e4 d5 exd5 Qxd5 Nc3 Qa5 d4 Nc6 Nf3 Bg4
1587,1564,white,0+1,g3 d5 Bg2 e5 d3 e4 h4 f5 b3 Nf6
1649,1794,white,300+8,d4 d5 e4 dxe4 Nc3 e6 a3 Nf6 f3 exf3
1646,1554,white,300+15,e4 e5 Bc4 Nf6 d3 d5 exd5 Nxd5 Qf3 c6
1588,1584,white,0+1,g3 c6 Bg2 d5 d3 Bf5 Bf4 f6 Bxb8 Rxb8
1574,1598,white,0+1,e4 b6 g3 Bb7 Bg2 e6 Nc3 f5 exf5 Bxg2
1459,1175,white,300+0,d4 e6 c4 d5 Nc3 dxc4 Nf3 Nf6 e3 c5
2023,1874,white,120+0,d4 e6 e4 d5 Nd2 dxe4 Nxe4 Bd7 Nf3 Bc6
1598,1574,white,0+1,g3 d5 Bg2 e5 d3 f5 h4 e4 Bg5 Be7
1570,1389,black,180+0,e4 d5 exd5 Qxd5 Nc3 Qa5 d4 Nc6 Nf3 Bg4
1492,1496,draw,480+4,e4 e5 Nf3 Nc6 Bc4 f6 Nc3 Nge7 d3 a6
1564,1587,white,0+1,e4 b6 d4 Bb7 c4 e6 Nc3 Bb4 a3 Bxc3+
1651,1509,black,300+7,e4 e5 Bc4 Nf6 d3 Be7 h4 O-O h5 h6
1863,2031,white,120+0,c4 e6 g3 g6 Bg2 Bg7 e4 Nc6 Nc3 Nf6
1654,1587,white,300+5,d4 d5 c4 dxc4 Nc3 Nf6 Bg5 h6 Bh4 g5
1388,1364,black,900+0,e4 e5 Bc4 Nh6 Qf3 Qg5 Nh3 Qg6 d3 d6
1171,1463,black,300+0,e4 c5 Nf3 Nc6 c3 g6 d4 cxd4 cxd4 Bg7
1400,1579,black,300+2,e4 e5 Qf3 Nc6 Bb5 Nd4 Qd3 Nf6 f3 Bd6
1554,1597,white,0+1,Nf3 b6 g3 Bb7 Bg2 f5 O-O g5 e3 g4
1585,1566,white,0+1,g3 c6 Bg2 d5 d3 e5 g4 Bd6 f4 exf4
1610,1406,white,300+0,e4 d5 exd5 Qxd5 Nc3 Qa5 Bc4 Nc6 a3 Bf5
1566,1585,white,0+1,e4 b6 d4 Bb7 Nf3 e6 c4 Bb4+ Bd2 Be7
1745,1539,white,120+3,d4 d5 c4 Nf6 cxd5 Nxd5 e4 Nf6 Nc3 e6
1697,1260,white,1800+30,d4 e6 c4 f5 e3 d5 Nc3 Bb4 cxd5 Bxc3+
1585,1566,black,0+1,d3 e6 Be3 f5 Qd2 Nf6 Bd4 Be7 f3 O-O
1449,1358,white,60+2,d4 d5 e3 e6 f4 Nf6 Nf3 c5 Bb5+ Bd7
1577,1574,black,0+1,e4 b6 d4 e6 c4 Bb4+ Bd2 Be7 Bc3 h6
1693,1736,black,360+5,e4 e5 Nf3 f5 exf5 Nf6 Nxe5 d6 Qh5+ Nxh5
1472,1582,black,600+8,d4 d5 Bg5 f6 Bd2 Nc6 Nf3 Bf5 e3 Bg4
1585,1567,black,0+1,g3 e5 Bg2 f5 d3 Nf6 Bg5 Be7 Bxf6 Bxf6
1830,1663,black,180+3,e4 c6 d4 d5 exd5 cxd5 Nf3 Nf6 c3 Nc6
1567,1585,black,0+1,g3 b6 Bg2 c6 e3 Bb7 d4 Qc7 c4 c5
1092,1497,black,600+10,e4 e6 d4 Qh4 Bd3 d5 Nf3 Qg4 O-O dxe4
1574,1578,white,0+1,g3 c6 Bg2 d6 b3 e5 c4 f6 d4 Ne7
1466,1166,white,300+0,d4 d5 c4 dxc4 Nc3 Nc6 Nf3 Be6 e3 Nf6
1460,1889,black,120+0,d4 e6 e4 d5 e5 c5 c3 Qb6 Be3 Nc6
1940,1750,black,180+3,e4 c5 b4 b6 Nf3 Bb7 Bc4 e6 O-O cxb4
1643,1400,white,300+3,d4 d5 e3 Nc6 Nf3 Bg4 Be2 f6 O-O g5
1245,1699,black,1800+30,e4 e5 f3 Be7 a3 d5 b4 Nf6 d3 c5
1496,1682,black,300+0,g3 e5 Bg2 d5 Nf3 Nc6 O-O Nf6 e3 Be6
1567,1584,white,0+1,g3 b6 Bg2 Bb7 Bxb7 Nc6 Bxa8 Qxa8 Nf3 Nd4
1584,1567,white,0+1,g3 e5 Bg2 Bc5 d3 Qf6 Be3 Bxe3 fxe3 Nh6
1584,1567,white,0+1,g3 d5 Bg2 Nc6 d3 b6 Bf4 Bb7 Bd2 Qd7
1683,1708,black,480+5,e4 e5 Nf3 Nc6 Bb5 Nd4 Nxd4 exd4 c3 Bc5
1527,1891,black,120+0,g3 d6 c4 g6 Nc3 Bg7 d4 Nf6 Bg2 O-O
1557,1573,black,0+1,d4 b6 Nc3 Bb7 Nf3 e6 e4 Bb4 Bd2 Bxc3
1683,1635,black,300+7,e4 e5 Nf3 Nc6 Bb5 Qf6 Bxc6 dxc6 h3 Bc5
1663,1679,white,300+5,d4 c6 e4 Nf6 Nc3 d5 e5 Nfd7 Nf3 g6
1161,1470,black,300+0,e4 c5 Nc3 Nc6 d3 g6 Nf3 Bg7 Bd2 e5
1583,1547,white,0+1,g3 g6 Bg2 Bg7 d3 Nf6 Bd2 O-O Bc3 d6
1617,1743,white,180+10,d4 d5 c4 e6 a3 Nf6 Nc3 c5 dxc5 Bxc5
1547,1583,white,0+1,e4 e6 g3 b6 Bg2 Bb7 Nc3 f5 Nge2 fxe4
1777,1293,black,300+8,e4 e6 Bc4 d5 exd5 exd5 Bb3 Nf6 h3 a5
1572,1538,black,0+1,g3 e5 Bg2 Bc5 d3 Qf6 e3 d5 c3 Ne7
1986,1896,white,120+0,e4 Nf6 Nc3 d6 Nf3 g6 d4 Bg7 Bd3 O-O
1527,1701,white,960+0,e4 e5 Nf3 d5 exd5 Qxd5 Nc3 Qc5 Be2 Bd6
1538,1572,black,0+1,e4 b6 d4 Bb7 d5 e6 c4 exd5 cxd5 Qe7
1882,1805,black,120+0,Nf3 Nc6 d4 d5 Bf4 Bg4 e3 f6 c4 e5
1581,1549,white,0+1,g3 c6 Bg2 e5 d3 Nf6 Be3 Be7 Bg5 O-O
1474,1157,white,300+0,d4 d5 c4 dxc4 Nc3 e5 dxe5 Qxd1+ Nxd1 Nc6
1738,1946,white,900+8,d4 d5 Bf4 Bf5 Nf3 Nf6 Nc3 a6 e3 e6
1552,1500,black,180+0,e4 e6 d4 Ne7 c4 Ng6 Nc3 Be7 Nf3 O-O
1232,1492,black,1800+30,e4 e5 d3 Nf6 c4 Bc5 Nh3 Nc6 Be2 d6
1592,1874,black,120+0,e4 e6 Nf3 d5 exd5 exd5 d4 Bg4 Be2 Bd6
1602,1862,black,120+0,e4 e6 Nf3 d5 exd5 exd5 d4 Bg4 Be2 Nc6
1674,1926,black,300+0,e4 c5 Nf3 e6 d4 cxd4 Nxd4 Nc6 Nc3 d6
1385,1256,white,180+3,d4 d5 Nc3 e6 e4 f5 e5 Ne7 f4 Nbc6
1996,1302,white,120+0,e4 d6 Nf3 e5 Bc4 h6 Nc3 Nf6 O-O Be7
1868,1597,white,120+0,Nf3 Nf6 d4 e6 Nbd2 Be7 e4 O-O Bd3 d6
1512,1525,white,60+1,e4 c6 d4 d5 exd5 cxd5 c3 Nc6 Bd3 Nf6
1672,1614,black,300+0,e4 e5 Nf3 Nc6 c4 Bc5 d3 Nf6 h3 d6
1753,1313,black,300+8,e4 e6 e5 d6 d4 dxe5 dxe5 Qxd1+ Kxd1 Nc6
1510,1464,draw,600+8,d3 d5 e3 Nf6 Nc3 e5 Be2 Nc6 h3 h5
1996,1490,white,120+0,e4 e6 Nf3 d5 e5 c5 d4 Nc6 Bb5 Bd7
1674,1630,draw,300+5,d4 d5 Nf3 Bf5 Bg5 Nd7 e3 Ngf6 c4 e6
1684,1546,white,960+0,d4 d5 c4 dxc4 Nc3 e6 e4 Ne7 Nf3 g6
1499,1585,black,600+10,e4 Nc6 Nc3 e5 Nd5 Bc5 Qe2 a6 c3 d6
1646,2013,black,60+0,c4 e6 Nc3 d5 g3 d4 Ne4 f5 Bg2 fxe4
1670,1667,black,300+0,e4 c6 d4 d5 exd5 cxd5 Bb5+ Nc6 Nf3 a6
1203,1497,black,1800+30,c4 c5 d4 cxd4 Qxd4 Nc6 Qe3 g6 c5 Bg7
1998,1646,white,120+0,e4 c5 Nf3 Nc6 c3 g6 d4 Bg7 d5 Ne5
1880,1588,white,120+0,c4 Nf6 g3 e6 Bg2 Be7 e3 O-O Ne2 c6
1631,1648,black,300+7,d4 d5 c4 e6 a3 c5 dxc5 Bxc5 e3 Nc6
2016,1876,white,60+0,d3 e5 e4 d5 exd5 Nf6 Nc3 c6 dxc6 Nxc6
2001,1643,white,120+0,e4 e5 Nf3 Nc6 Bc4 Na5 Nxe5 d6 Nxf7 Qe7
1477,1153,white,300+0,d4 d5 c4 dxc4 Nc3 Nc6 Nf3 e6 e3 Bb4
1870,2024,black,60+0,e4 c5 Nf3 Nc6 d4 cxd4 Nxd4 e6 Nc3 d6
2004,1736,white,120+0,e4 c5 Nf3 Nc6 Bc4 e6 O-O Nf6 d3 d5
1584,1885,black,120+0,e4 e6 Nf3 c5 c4 b6 Nc3 Bb7 d3 d6
1149,1480,black,300+0,e4 c5 Nc3 Nc6 Nf3 g6 d4 cxd4 Nxd4 e5
2031,1864,white,60+0,g4 e5 Bg2 Bc5 a3 d6 b4 Bb6 c4 Qf6
1594,1552,white,300+8,e4 e5 Nf3 Nc6 Bb5 Nf6 Nc3 Bc5 d3 h6
1809,1805,black,300+12,e4 d5 exd5 Qxd5 Nc3 Qa5 Nf3 Nf6 Bc4 Bg4
1487,1347,white,300+0,d4 d6 c4 e6 Nc3 Nf6 Nf3 d5 e3 c6
2049,1777,white,420+0,e4 e5 Nf3 Nc6 d4 exd4 Bb5 Nge7 O-O g6
1751,1490,black,1800+0,f4 Nc6 Nf3 b6 Nc3 Bb7 d4 d5 e3 Qd6
1484,1145,white,300+0,d4 d5 c4 Nf6 Nc3 dxc4 Nf3 Nc6 e3 e5
1678,1658,white,300+0,g3 e5 c4 d5 Bg2 d4 d3 Nc6 Nf3 Bg4
2009,1730,white,120+0,e4 c5 Nf3 Nc6 Bc4 e6 a3 Nf6 d3 d5
1890,1580,white,120+0,Nf3 e6 g3 d5 Bg2 c6 O-O g6 d3 Bg7
1858,2038,black,60+0,e4 e5 d4 Nc6 d5 Nce7 c4 d6 Nf3 c6
1729,1342,white,300+8,e4 Nf6 Nc3 d5 exd5 Nxd5 Nxd5 Qxd5 h3 g5
2014,2044,draw,120+0,e4 e5 Nf3 Nc6 Bc4 Bc5 O-O Nf6 d3 O-O
1620,1697,black,180+10,d4 d5 c4 e6 a3 Nf6 Nc3 Bd6 Bg5 h6
1833,1213,white,180+0,e4 Nc6 d3 Nf6 f4 e5 fxe5 Nxe5 Nf3 Nxf3+
1576,1895,draw,120+0,e3 e6 Nf3 Nf6 Be2 d6 O-O Be7 d4 O-O
1501,1181,white,1800+30,e4 e5 Nf3 d5 exd5 Qxd5 Nc3 Qd7 Bb5 c6
1612,1500,white,180+10,d4 d5 c4 dxc4 Nc3 e6 a3 Nc6 e3 f5
1679,1923,black,180+0,f4 e5 fxe5 d6 exd6 Bxd6 Nf3 Nc6 e4 Nf6
1502,1604,black,300+8,e4 c5 c4 Nc6 Nc3 e6 Nf3 d6 d3 Nf6
2015,2043,white,120+0,e4 d6 Nf3 e5 Nc3 Nf6 Bc4 Be6 Bxe6 fxe6
1495,1430,white,300+0,d4 e6 c4 Bb4+ Bd2 Be7 Nc3 Nc6 Nf3 Bf6
1569,1523,white,300+0,e4 Nc6 Nf3 e5 d4 Bb4+ c3 Ba5 Be3 exd4
1455,1513,black,0+3,d4 c6 c4 d5 e3 e6 Nf3 Ne7 Bd3 g6
1632,1673,black,300+5,d4 d5 c4 c6 Nf3 Bf5 Bf4 Nd7 e3 e6
1647,1212,white,300+0,e4 Nc6 d4 d5 exd5 Qxd5 Nc3 Qxd4 Bb5 Bd7
1883,1585,black,120+0,c4 e6 Nc3 Be7 d4 Nf6 e4 O-O e5 Ne8
2029,2030,black,120+0,e4 e5 Nf3 Nc6 Bc4 Nf6 Nc3 Bc5 O-O O-O
1559,1534,white,300+0,e4 Nc6 Nf3 e5 d4 exd4 Nxd4 Ne5 Nc3 Bc5
1366,1266,white,780+0,e4 e5 Nf3 f6 Nc3 d6 Be2 Bg4 O-O Nc6
1618,1372,white,180+10,d4 Nf6 c4 a5 Bg5 h6 Bh4 Nh5 Nc3 a4
2016,2042,black,120+0,e4 e5 Nf3 Nc6 Nc3 Nf6 d3 Bc5 Be2 O-O
1865,1594,black,360+4,e4 c6 d4 d5 Nc3 e6 exd5 cxd5 Nf3 Nc6
1928,1985,white,180+0,e4 e6 d4 d5 Nc3 Bb4 a3 Bxc3+ bxc3 dxe4
1421,1504,white,300+0,e4 c5 Bc4 Nc6 c3 g6 Nf3 Bg7 d3 Nf6
1538,1508,white,960+0,e4 c6 Nf3 d5 exd5 cxd5 d4 e6 Bd3 Nc6
1578,1513,white,300+0,e4 e5 d4 Qh4 Qf3 exd4 c3 dxc3 Bc4 Qf6
2004,2053,black,60+0,e4 e6 Nf3 d5 e5 Nc6 d4 Nge7 c3 Ng6
1495,1682,white,300+5,d4 d5 c4 c6 Nc3 Nf6 a3 a5 Bg5 e6
1820,1856,black,120+0,e4 e6 d4 d5 Nc3 dxe4 Nxe4 Bd7 Nf3 Bc6
1993,2063,black,60+0,e4 e5 Nf3 Nc6 Bc4 Nf6 O-O Bc5 d3 O-O
1495,1773,black,240+0,e4 e5 Nf3 Nc6 Be2 Nge7 O-O d5 d3 dxe4
1490,1434,white,300+0,d4 e6 c4 Nf6 Nc3 Ng4 Nf3 b6 e3 h5
1558,1472,black,300+0,e4 e5 f4 exf4 Nf3 Be7 Bc4 Bh4+ Kf1 c6
1612,1845,black,360+4,g3 c5 c4 d6 Bg2 Nf6 d4 cxd4 Qxd4 g6
1500,1425,white,300+0,d4 e6 c4 Nf6 Nc3 Nc6 Nf3 d5 e3 Ne4
1983,2073,white,60+0,e4 e6 Nf3 d5 e5 c5 c3 Nc6 d4 b6
1815,2054,black,420+0,e4 e6 d4 b6 c4 Bb7 Nc3 Bb4 Bd3 Bxc3+
1870,1464,white,120+0,c4 c5 g3 g6 Bg2 Bg7 e4 Nf6 Ne2 e5
1999,2058,white,60+0,e4 e5 Nf3 d6 Bc4 Be7 Nc3 Nf6 O-O O-O
1796,1651,white,300+8,d4 d5 Nf3 Nc6 g3 e6 Bg2 Bd6 O-O Be5
1374,1333,black,780+0,e4 e5 Nf3 Nf6 Nc3 Nc6 Be2 Bc5 O-O O-O
1777,1491,white,240+0,e4 e5 Nf3 d6 d4 Nc6 dxe5 dxe5 Qxd8+ Nxd8
1543,1485,black,300+0,e4 e5 Bc4 c6 f4 exf4 Nf3 f6 d4 g5
1455,1396,black,300+0,c4 d5 cxd5 Qxd5 Nc3 Qa5 d4 Nc6 Qd2 Bf5
1833,1702,black,180+0,e4 e6 d3 Ne7 f4 b6 Nf3 Bb7 Be3 d5
1702,1504,white,180+0,e4 Nc6 Nf3 e5 c3 a6 Bc4 b5 Bb3 h6
1447,1500,black,900+15,e4 e5 Nc3 Nf6 Bc4 Bb4 a3 Bxc3 dxc3 d5
1974,1820,black,240+0,d4 d5 e3 e6 c4 Nf6 Nc3 c5 Nf3 Be7
2013,1462,white,120+0,e4 Nc6 Nf3 Nf6 Nc3 e5 Bc4 Bb4 d3 Bxc3+
1644,1804,black,300+8,e4 c5 d4 cxd4 Qxd4 Nc6 Qd1 e5 Nf3 Nf6
2152,2195,black,300+1,e4 c5 d4 cxd4 c3 dxc3 Nxc3 Nc6 Nf3 g6
1020,1529,black,300+0,e4 e5 d4 exd4 Qxd4 Nc6 Qd3 Bc5 Nf3 Nf6
1243,1027,white,300+5,d4 Nf6 Bf4 d5 e3 Ne4 f3 Nf6 Nc3 Bf5
2207,2136,white,300+1,c4 Nf6 Nc3 c5 g3 Nc6 Bg2 g6 e4 d6
1482,1400,white,600+10,e4 c5 Qf3 Nc6 Nh3 Nd4 Qd3 a5 c3 Nc6
1731,1488,black,240+0,e4 e5 Nf3 d6 d4 exd4 Nxd4 Nf6 Nc3 c5
1416,1509,white,300+0,e4 c5 Bc4 Nc6 c3 g6 Nf3 Bg7 Ng5 e6
1705,1641,white,60+2,e4 e6 d4 Ne7 c4 g6 Nf3 Bg7 Be2 O-O
2014,1852,black,60+0,e4 e6 Nf3 d5 e5 c5 c3 Nc6 d4 Qb6
1509,1608,black,420+2,e4 c6 d4 d5 e5 Bf5 Nc3 h6 h3 e6
1767,1704,black,300+3,e4 Nf6 e5 Nd5 c4 Nb6 c5 Nd5 Bc4 e6
1996,1867,white,60+0,d4 e6 Nf3 d5 e3 c6 Bd3 Nd7 c3 Ngf6
1838,1939,white,180+0,e4 Nc6 d3 e5 f4 d5 exd5 Qxd5 Nc3 Bb4
1785,1248,white,300+0,g3 d5 Bg2 Nf6 h4 e5 d4 e4 Bg5 Be7
1496,1442,white,420+0,e3 d5 Be2 Nf6 d4 b6 Nc3 c5 Bb5+ Bd7
2004,1860,black,60+0,e4 e5 Nf3 f5 exf5 e4 Nd4 Qf6 c3 Nc6
1530,1409,black,300+0,e4 d5 e5 e6 f4 f5 exf6 Qxf6 Nf3 Qxf4
1018,1193,white,300+5,e4 e5 d4 exd4 Qxd4 Nc6 Qa4 Nf6 Nf3 Bb4+
1772,1334,white,60+2,d4 d5 Nf3 e6 c4 Nf6 Bg5 c5 e3 cxd4
1571,1498,black,480+10,d4 d5 e3 g6 Bd2 Bf5 Bb5+ c6 Ba4 Bg7
2004,1860,white,60+0,d4 e6 Nf3 d5 e3 c6 Bd3 Be7 O-O Nf6
1494,1430,white,300+0,d4 e6 c4 Nf6 Nc3 d5 Nf3 dxc4 e3 b6
1925,1854,white,180+0,e4 e5 Nf3 d6 Bc4 h6 O-O Nc6 c3 Be6
1987,1854,black,60+0,e4 e5 Nf3 f5 exf5 e4 Nd4 Qf6 c3 Nc6
1775,1522,white,60+2,d4 c6 Nf3 d5 g3 Nf6 Bg2 g6 O-O Bg7
1427,1585,black,300+2,e4 e5 Nf3 Nc6 d4 exd4 Nxd4 Nf6 Nxc6 bxc6
1850,1777,black,360+4,e4 d5 exd5 Qxd5 Nc3 Qa5 d4 c6 Nf3 Bg4
1538,1716,black,300+0,e4 Nf6 d3 c6 h3 d5 Nd2 dxe4 dxe4 Nbd7
2122,1786,white,300+1,e4 b6 d4 Bb7 Nc3 a5 Nf3 Ba6 Bd3 Bxd3
1971,1868,draw,120+0,e4 e5 Nf3 f5 exf5 e4 Nd4 Qf6 c3 Nc6
1555,1563,black,600+10,e4 c5 Bc4 Nc6 c3 e6 Nf3 Nf6 d3 a6
1522,1038,white,300+5,b3 b6 Bb2 Bb7 Nc3 Nc6 e4 e5 Nd5 Nd4
1546,1530,white,300+0,e3 e5 d4 e4 Nc3 d5 Qh5 g6 Qe2 Bb4
1444,1500,draw,0+3,d4 d5 c4 Nc6 Nc3 e6 e3 dxc4 Nf3 Bd7
1783,2127,black,300+1,c4 Nf6 Nc3 b6 g3 Bb7 Nf3 c5 Bg2 e6
1483,1245,black,600+10,e4 e5 d4 exd4 c3 dxc3 Bc4 Nc6 Nf3 Bb4
1870,1955,black,120+2,d4 d5 e3 e6 Nf3 Nf6 Bd3 c5 O-O Nc6
1758,1755,black,300+3,c4 e5 g3 Nf6 Bg2 Bc5 e3 O-O Ne2 c6
1518,1780,black,60+2,g3 d5 c4 c6 cxd5 cxd5 Bg2 e5 Nc3 Be6
1976,1863,white,120+0,d4 Nf6 Nf3 d5 e3 c6 Be2 Bf5 O-O Nbd7
1781,1859,white,120+2,e4 e5 Nf3 d6 d4 exd4 Qxd4 Nf6 e5 dxe5
1733,1500,white,300+8,e4 e5 Qh5 Nf6 Qxe5+ Be7 Nc3 O-O d3 Re8
1466,1424,white,300+0,e4 d5 exd5 Qxd5 d4 Nc6 Nf3 Bg4 c3 O-O-O
1486,1896,black,300+8,e4 e6 Nc3 c6 d4 d5 e5 c5 Nf3 Qb6
1984,1856,white,120+0,d4 Nf6 Nf3 d5 e3 c6 Bd3 Bg4 O-O Nbd7
1844,1794,white,180+0,e4 e5 d3 Nc6 f4 Nge7 Nf3 g6 fxe5 d5
1967,1871,white,120+0,d4 Nf6 Nf3 d5 Nc3 c6 e3 Bg4 Bd3 Nbd7
1591,1417,black,300+2,e4 e5 Nf3 Nc6 Bc4 g6 Nc3 Bg7 Rb1 Nf6
1445,1472,white,0+3,d4 Nf6 c4 g6 Nc3 d6 g3 Bg7 Bg2 Bf5
1965,1871,white,240+0,d4 Nf6 c4 e5 dxe5 Ng4 f4 Bc5 Nh3 Nc6
1811,2037,black,180+1,e4 c5 f4 d5 e5 Bf5 Nf3 Nc6 d3 e6
1785,1514,black,60+2,d4 c6 Nf3 Nf6 c4 d5 Nc3 a6 b3 dxc4
1454,1722,black,120+2,e4 c5 Bc4 Nc6 c3 g6 Qf3 e6 d3 Bg7
1992,1849,white,120+0,e4 e5 Nf3 f5 exf5 e4 Nd4 Qf6 c3 Nc6
1622,1545,white,180+10,d4 Nc6 c4 Nb8 a3 e5 dxe5 Nc6 Nf3 Nge7
1514,1556,black,300+0,e4 e5 f4 exf4 Nf3 d5 e5 Bc5 d4 Bb6
1514,1554,white,300+2,e4 e5 Nf3 Nc6 c3 d6 Bc4 Bg4 d4 exd4
1345,1457,black,0+3,e4 c6 Nf3 d6 d4 e5 dxe5 dxe5 Qxd8+ Kxd8
2000,1843,white,120+0,d4 e6 Nf3 d5 e3 c6 Bd3 Nd7 O-O Ngf6
1503,1414,draw,300+0,e4 d5 e5 e6 f4 f5 exf6 Qxf6 Nf3 Nc6
1566,1532,black,300+0,e4 e5 Nf3 d6 Bc4 h6 d4 Nd7 dxe5 dxe5
2007,1836,white,120+0,d4 Nf6 Nf3 d5 e3 c6 Bd3 e6 O-O Bd6
1785,1854,white,180+0,e4 c5 Nf3 Nc6 Nc3 e5 Bb5 d6 Nd5 Ne7
2044,1806,white,180+1,e4 Nf6 e5 Nd5 c4 Nb6 d4 d6 f4 Bf5
1557,1479,black,840+2,e4 e5 Nf3 Nc6 Nc3 Nf6 d4 d6 d5 Ne7
1451,1718,white,300+6,e4 e5 Nf3 Nc6 Bb5 d6 d4 Bd7 dxe5 dxe5
1421,1369,white,180+6,e4 e5 Nf3 Nc6 Bc4 Bc5 d3 Nf6 Ng5 d5
1171,1500,black,180+0,e4 e6 Nf3 d5 exd5 exd5 Qe2+ Be7 Qb5+ c6
1488,1484,white,300+8,d4 d5 Nf3 Nf6 e3 Nc6 a3 e5 dxe5 Nxe5
2013,1830,white,120+0,d4 e6 Nf3 Nf6 e3 b6 Bd3 Bb7 O-O d5
1450,1726,black,120+2,e4 c6 Bc4 d5 exd5 cxd5 Bb3 Nf6 Qf3 Bg4
1485,1258,black,180+8,d4 f6 Nf3 d5 Nc3 Nc6 e3 Bg4 Bb5 Qd6
1473,1626,black,300+8,e4 e6 d4 d5 e5 c5 Nf3 Nc6 c3 Bd7
1541,1526,black,300+2,e4 e5 Nf3 Nf6 Nc3 d6 d3 Nc6 Bg5 Be7
1554,1776,white,300+0,e4 c5 Nf3 Nc6 Bc4 e6 O-O a6 d4 cxd4
1619,1544,black,300+0,d4 d5 Bf4 e6 Nf3 h6 e3 Nf6 Nbd2 Be7
2019,1825,white,120+0,d4 Nf6 Nf3 d5 e3 c6 c3 e6 Bd3 Nbd7
1740,1668,white,0+1,e3 Nf6 d4 e6 c4 c5 Nc3 d6 d5 exd5
1433,1591,black,60+0,e4 b6 Nf3 Bb7 d3 e6 Be2 Bc5 O-O h5
1840,1975,black,180+0,d4 d5 c4 Nf6 Nc3 e6 e3 Bb4 Bd2 c5
1465,1533,black,0+3,d4 c6 c3 Nf6 Bd2 d5 e3 g6 Bd3 Bg7
1683,1863,white,240+3,e4 e5 Nf3 Nf6 Nc3 d6 Bc4 Be7 h3 O-O
1659,1749,black,0+1,e4 d6 f4 e5 Nf3 exf4 d4 Bg4 Bxf4 Bxf3
1631,1656,white,180+10,d4 g6 c4 Bg7 a3 d6 Bg5 Nc6 e3 Bf5
1536,1345,black,300+15,e4 e5 Bc4 Nf6 Nf3 Nc6 c3 Nxe4 Bd5 Nxf2
1757,1597,black,0+1,e3 b6 f4 Bb7 Be2 e6 Bf3 Bxf3 Nxf3 d6
1738,1549,white,300+8,e4 g6 Bc4 Bg7 c3 e6 d4 d5 exd5 exd5
2025,1819,white,120+0,d4 e6 Nf3 d5 e3 c6 Bd3 Nd7 O-O Ngf6
1802,1666,white,300+5,e4 d5 exd5 Qxd5 Nc3 Qd8 Bc4 c6 Nf3 e6
1326,1439,black,180+8,Nf3 d5 d4 Nc6 e3 g6 Nc3 Bg7 Qe2 Bg4
1632,1651,white,900+15,e4 d5 exd5 Qxd5 Nc3 Qd8 d4 Nc6 Nf3 Nf6
2031,1814,white,120+0,d4 Nf6 Nf3 d5 e3 c6 Bd3 e6 O-O Nbd7
1557,1602,white,300+0,e4 e6 d3 d5 Nc3 c6 Be2 Nf6 Nf3 dxe4
1688,1755,black,180+3,g3 d5 Bg2 e6 d4 c5 Nc3 cxd4 Qxd4 Nc6
1705,1848,black,180+3,d4 e6 c4 Nf6 Nc3 Be7 Bg5 O-O Nf3 c6
1983,1564,white,180+0,d4 Nf6 c4 g6 Nc3 Bg7 e3 O-O Be2 d6
1571,1511,black,300+0,e4 d5 exd5 Qxd5 Nc3 Qd8 d4 e6 Nf3 c6
1500,1524,white,300+0,e4 g6 f4 Bg7 Nf3 d6 Bc4 Nf6 Ng5 e6
1901,1466,white,300+8,d4 d5 Bf4 Nf6 Nf3 Nc6 e3 Bg4 Be2 Bd7
1755,1688,white,180+3,e4 c6 f4 e6 Nf3 Be7 d4 Bh4+ g3 Be7
2036,1809,white,120+0,d4 e5 d5 Bc5 c4 d6 e3 Nf6 Ne2 Bf5
1569,2163,black,300+0,e4 c5 d3 e6 h3 d5 Nc3 Nc6 Qe2 Be7
1680,1766,black,180+3,g3 d5 Bg2 e6 c4 c6 b3 Nf6 Bb2 Be7
1538,1529,black,300+2,e4 e5 Nf3 Nc6 Bb5 d6 c3 Bd7 d4 exd4
1500,1384,white,180+0,e4 e5 Nf3 Nf6 Nc3 d6 Bc4 h6 d3 Be7
1166,1530,black,180+0,e4 e6 Nf3 d5 exd5 exd5 Nc3 d4 Ne2 c5
1832,1986,white,180+0,e4 c5 f4 e6 Nf3 b6 Bb5 a6 Be2 Bb7
1405,1531,black,60+0,d3 e5 e4 Nf6 Be2 d5 exd5 Nxd5 Bf3 Nc6
1518,1403,white,300+15,e4 e5 Nf3 Nc6 d4 f5 exf5 exd4 Nxd4 Bb4+
1824,1586,white,300+0,e4 e5 Nf3 Nc6 Bb5 d6 O-O Bd7 c3 Nf6
2042,1804,white,120+0,d4 e5 d5 Bc5 e4 d6 Nf3 Nf6 Be3 Bxe3
1581,1544,white,900+15,e4 e5 d4 exd4 c3 dxc3 Bc4 cxb2 Bxb2 Nf6
1376,1454,white,60+0,e4 d5 e5 c6 Nf3 Nd7 d4 e6 Bd3 Be7
1587,1626,black,300+0,e4 e5 Nf3 Nc6 d4 exd4 Nxd4 Nf6 Nc3 Bb4
1854,1698,draw,180+3,e4 e5 Nf3 Nc6 Bb5 d6 d4 exd4 Qxd4 Bd7
1643,1691,black,180+10,d4 d5 c4 c6 Nc3 e6 a3 Bd6 c5 Bc7
1580,1830,black,300+0,d4 Nf6 Bf4 d6 Nf3 g6 Qd2 Bg7 c3 O-O
2047,1800,black,120+0,d4 d5 Nf3 Nf6 e3 c6 Bd3 Bg4 O-O Nbd7
1540,1970,black,180+0,e4 e5 Nf3 Nc6 Bc4 Bc5 c3 d6 d4 exd4
1849,1163,white,180+0,e4 e5 d3 Nf6 f4 d6 fxe5 dxe5 Nf3 Nc6
1036,1163,black,300+5,e4 e5 Nf3 Nc6 Be2 Nf6 d4 exd4 O-O Nxe4
1967,1567,white,180+0,d4 Nf6 c4 g6 b3 Bg7 Bb2 c5 d5 e6
1511,1513,black,300+0,b3 e5 Bb2 Nc6 e4 Bc5 Bb5 Nd4 Nf3 Nxb5
2027,1818,black,120+0,d4 Nf6 g3 d5 Bg2 c6 e3 Bf5 Ne2 e6
1265,1077,black,180+3,f4 f5 Nf3 e6 d4 Nf6 e3 Bb4+ c3 Bd6
1568,1500,white,300+0,e4 e5 d3 d6 h3 Nf6 Be2 d5 Nd2 dxe4
1464,1698,white,300+8,e4 e5 Nc3 Nc6 Nf3 Nf6 d4 exd4 Nxd4 Nxd4
1377,1242,white,180+0,e4 Nf6 Nc3 d5 e5 d4 Nb5 a6 Na3 c5
1384,1475,black,180+0,e4 e5 c4 Qf6 Nf3 c6 Nc3 d6 b3 Bg4
1611,1633,black,60+0,g3 c5 Bg2 e6 d4 cxd4 Qxd4 Nc6 Qd3 d5
1776,1671,draw,180+3,e4 c6 Nf3 d5 exd5 cxd5 d4 Nf6 Bd3 Nc6
1524,1624,white,300+0,e4 e5 f4 exf4 Nf3 Nf6 e5 Nd5 c4 Nb6
1703,1850,black,180+3,d4 Nf6 c4 e5 d5 Bc5 Nc3 O-O h3 d6
1679,1483,white,300+8,e4 e5 Nf3 Nc6 Bb5 d6 Bxc6+ bxc6 d4 Bg4
1764,1644,black,300+20,e4 g6 d4 Bg7 Nc3 Nc6 Be3 d6 Qd2 e5
1526,1833,white,300+15,e4 e5 d3 f6 f4 exf4 Bxf4 Nc6 Nf3 b6
1580,1539,black,300+0,e4 e5 Nf3 f5 Nxe5 Nf6 Qe2 Bc5 exf5 Qe7
1592,1655,black,60+0,g3 c5 Bg2 e6 d3 d5 Bf4 Nc6 h4 Bd6
1541,1527,black,300+2,e4 e5 Nf3 Nc6 Bb5 Bc5 O-O Nf6 Nc3 O-O
1675,1575,black,300+0,g3 e5 Bg2 d6 c4 h6 Nc3 Nf6 Nf3 Be7
1172,1249,black,300+2,e4 e5 Nf3 Nc6 Bc4 Bc5 d3 Nf6 Nc3 d6
1772,1736,black,240+3,e4 e5 Nf3 f5 d3 Nc6 Nc3 Bb4 Bd2 Nf6
1576,1476,white,300+2,e4 e5 Nf3 d6 Bc4 f5 exf5 Bxf5 h3 e4
1813,1477,black,300+8,e4 e5 Nf3 Nc6 Bb5 d6 Nc3 Bd7 Qe2 Nf6
1699,1523,white,240+3,e4 d5 Nf3 dxe4 Ne5 Nf6 Nc3 e6 Bc4 Bd6
1645,1602,white,60+0,d4 e6 c4 Bd6 e3 Qf6 Bd3 Qg5 g3 b6
1376,1555,black,180+0,c4 e5 e4 d6 Nf3 f5 Be2 Nf6 d3 Be7
1506,1526,black,420+0,e3 e5 Be2 Nf6 b3 d5 Bb2 Nc6 Nf3 Bd6
1911,1520,draw,120+2,e4 e5 f4 exf4 Nf3 Nf6 e5 Ng4 h3 Nh6
1659,1734,black,300+5,d4 Nf6 Bg5 c5 d5 Ne4 Bh4 Qb6 b3 g5
1551,1545,white,300+0,e4 e5 f4 exf4 Nf3 Nc6 Bc4 d6 O-O Nf6
1508,1264,draw,1800+0,d4 d5 Nf3 Nc6 g3 f6 Bg2 e6 O-O Bd6
1394,1432,black,300+0,e4 e5 Bc4 d6 Nf3 Nc6 O-O a6 Bd5 Bd7
1363,1636,black,600+10,e4 c5 d3 g6 Nf3 e6 h3 Nc6 Nc3 Bg7
1492,1685,white,300+8,e4 e5 Nc3 Nc6 Nf3 Bb4 Nd5 Bc5 Be2 Nf6
1362,1148,white,780+0,e4 e5 Nf3 Nc6 Nc3 Nd4 Be2 d6 O-O Nf6
1803,1861,black,540+0,e4 Nf6 e5 Nd5 c4 Nb6 d3 d6 Nf3 e6
1924,1542,white,60+0,d4 c6 c4 Nf6 Nc3 d5 Nf3 dxc4 Bg5 b5
1418,1517,black,60+10,e4 d5 exd5 Qxd5 Nc3 Qd8 Nf3 e6 Bd3 Nf6
1493,1562,white,240+3,e4 e5 Nf3 f5 Bc4 Bc5 d4 exd4 Nxd4 Nf6
1906,1828,white,540+5,d4 d5 Bf4 Nf6 Nf3 Bf5 e3 e6 Bd3 Bg4
1649,1498,black,300+0,e4 e5 d4 exd4 c3 c5 Nf3 dxc3 Bc4 Be7
1363,1659,white,300+7,e4 e5 Nf3 Qf6 Nc3 c6 Bc4 g5 O-O Bc5
1661,1625,black,180+3,g3 e6 Bg2 d5 d4 c5 c4 Qb6 e3 Nf6
1558,1384,white,300+0,e4 d5 exd5 Qxd5 Nc3 Qd8 d4 Nc6 Nf3 Nf6
1652,1835,black,300+0,d4 Nf6 e3 g6 Nf3 Bg7 Be2 O-O O-O d5
1540,1926,black,60+0,g3 c5 Bg2 e6 d3 d5 e4 Nf6 Be3 Be7
1985,1911,black,420+0,d4 Nf6 f4 d5 e3 Bf5 Bd3 Bg6 Nf3 h5
1592,1464,white,900+15,e4 f5 exf5 Nf6 d4 e6 Bg5 Be7 Bd3 d5
1810,1589,white,300+0,e4 e5 Nf3 d6 Bc4 h6 c3 Nf6 Qe2 Be7
1575,1442,black,300+3,e4 e5 Nf3 d6 d4 exd4 Nxd4 c5 Nf3 g6
1411,1251,white,300+8,e4 e6 Qh5 g6 Qe5 Nc6 Qxh8 Nh6 Qxh7 Nb4
1621,1536,white,300+0,e4 c5 Nf3 Nc6 d4 e6 d5 exd5 exd5 Nb4
1819,1930,draw,540+5,e4 e6 Nf3 c6 d4 d5 e5 c5 Be3 Qb6
1929,1537,white,60+0,d4 c6 c4 Nf6 Nc3 d5 Nf3 dxc4 Bg5 a6
1748,1751,black,240+3,e4 d5 exd5 Qxd5 Nc3 Qa5 Nf3 c6 Be2 Bf5
1632,1609,black,300+0,e4 e6 d4 d5 exd5 exd5 Nf3 Nf6 Bg5 Be7
1667,1509,white,300+8,e4 e5 Bc4 Nc6 Nf3 Be7 Nc3 Nf6 d4 exd4
1409,1258,white,300+2,e4 e5 Qh5 Nc6 Bc4 g6 Qf3 Qf6 Qxf6 Nxf6
1384,1617,white,360+2,e4 e5 Bc4 Bc5 d3 h6 c3 Nf6 h3 c6
1745,1440,white,480+2,d4 d6 e4 e6 Nf3 Nf6 Nc3 Nc6 Bc4 d5
1794,1741,white,540+0,e4 e5 c4 d5 cxd5
1638,1649,white,180+3,e4 c6 Nf3 d5 exd5 cxd5 Nc3 Nf6 d4 Nc6
1732,1939,black,180+0,e4 Nc6 d4 e5 d5 Nce7 c4 Ng6 Nc3 Nf6
1506,1945,black,240+3,e4 e6 Nf3 d5 e5 Ne7 d4 c5 Bb5+ Bd7
1378,1564,white,300+0,e4 e5 Bc4 Nf6 Qh5 Qe7 Qe2 Nc6 c3 d6
1818,2060,white,420+0,Nf3 e6 d4 b6 e4 Bb7 Bd3 Nf6 e5 Ng8
1526,1674,black,540+5,e4 e5 Nf3 Nc6 Bc4 Nf6 d3 Bc5 h3 d6
1934,1737,white,180+0,e4 e5 Nf3 f5 d4 fxe4 Nxe5 Nf6 Bc4 d5
1502,1496,white,300+8,e4 e5 Nc3 d6 Nf3 Nf6 d4 exd4 Qxd4 Nc6
1142,1367,black,780+0,e4 Nf6 d3 d5 Nc3 dxe4 Nxe4 Nxe4 Bg5 Nf6
1465,1546,black,300+3,e4 e5 Nf3 Nc6 d4 Nxd4 Nxd4 exd4 Qxd4 d6
1514,1442,white,300+0,d4 d5 c4 dxc4 Nc3 Nc6 e3 Be6 Nf3 Qd7
1700,1635,black,240+0,e4 c5 Nf3 Nc6 d4 cxd4 Nxd4 e5 Nb3 d6
1638,1650,black,180+3,g3 e6 Bg2 d5 d4 c5 c4 Qb6 b3 cxd4
1660,1628,white,180+3,e4 c6 Nf3 d5 exd5 cxd5 d4 Nf6 Nc3 Nc6
1970,1924,white,420+0,d4 Nf6 f4 d5 e3 h6 Nf3 Nc6 c3 Ne4
1618,1671,draw,180+3,g3 e6 d4 d5 Bg2 c5 Nc3 Qb6 dxc5 Bxc5
1495,1528,black,420+0,e3 d5 Be2 Nc6 Bg4 Nf6 Bxc8 Qxc8 Nh3 e5
1726,1529,white,240+3,e4 e5 f4 exf4 Nf3 Nc6 d4 d6 Bxf4 Bg4
1746,1633,white,300+20,e4 d5 exd5 Qxd5 Nc3 Qd8 d4 e6 Bd3 c6
1161,1379,black,420+0,e4 g6 Nf3 d6 Nc3 Nf6 Ng5 Bg7 Nxf7 Kxf7
1327,1648,black,600+8,e3 e6 b3 g6 Bb2 Nf6 Bxf6 Qxf6 c3 c5
1500,1342,black,360+0,b3 e5 Bb2 Nc6 Nf3 d6 e3 Nf6 Bb5 Bd7
1600,1327,white,900+15,e4 b6 d4 g6 Nf3 d6 Bc4 Bg4 Bxf7+ Kxf7
1741,1931,black,0+1,e3 c5 d4 e6 dxc5 Bxc5 c3 Be7 Nd2 Nf6
1251,1275,white,300+2,b4 d5 Bb2 Nc6 b5 Na5 Bc3 Nc4 e3 Nd6
1504,1409,white,240+3,e4 e5 Nf3 f6 Nh4 g5 Qh5+ Ke7 Ng6+ Ke6
1562,1577,white,300+3,e4 e5 Nf3 Nc6 Bc4 h6 O-O Nf6 d4 Nxe4
1956,1655,white,300+0,d4 g6 e4 Bg7 Nf3 d6 Nc3 Nd7 Bc4 e6
1479,1500,black,480+1,e4 e5 Nf3 Nf6 Nxe5 Nxe4 d4 d6 Qf3 dxe5
1647,1618,black,240+0,e4 e6 d4 d5 e5 c5 Nf3 Nc6 c3 Qb6
1522,1762,black,900+10,e4 e5 Nf3 Nc6 g3 g6 Bg2 Bg7 c3 d5
1526,1641,black,900+15,e4 e5 d4 exd4 Qxd4 Nc6 Qd1 Nf6 Nc3 Bc5
1651,1977,black,300+0,e4 e6 Nf3 d5 exd5 exd5 d4 Nf6 Nc3 Bd6
1755,1626,white,300+20,e4 d5 exd5 Qxd5 Nc3 Qd8 d4 e6 Bd3 c6
1524,1452,white,300+3,e4 g6 Nf3 Bg7 d4 d6 Nc3 e6 Be2 Ne7
1372,1137,white,780+0,d4 d5 g3 e6 Bg2 Nc6 Nf3 Bb4+ c3 Ba5
1732,1705,black,240+3,e4 Nc6 d4 e6 Nf3 d6 Bb5 a6 Ba4 b5
1604,1464,white,900+15,e4 e5 d4 exd4 c3 dxc3 Bc4 Qf6 Nxc3 Bc5
1543,1921,black,300+15,e3 d5 d4 Bf5 Bd3 Bg6 Nf3 e6 Ne5 Nf6
1485,1584,black,420+0,e3 e5 d4 Nc6 dxe5 Nxe5 Bd2 h6 Nf3 Nxf3+
1564,1582,white,300+3,e4 e5 Nf3 Nc6 Bb5 d6 Bxc6+ bxc6 d4 exd4
1835,2108,black,60+0,e4 c5 d3 Nc6 f4 e5 Nf3 exf4 Nc3 d6
1995,2041,white,420+0,d4 e6 c4 b6 Nf3 Bb7 e3 Bb4+ Bd2 Qe7
1375,1499,black,480+5,e4 d6 d4 h5 Nf3 Nc6 Nc3 Bg4
1500,1483,white,300+0,e4 g6 d4 Bg7 Be3 e6 Nf3 Nc6 Be2 Nge7
1669,1620,black,180+3,e4 c6 d4 d5 e5 Bf5 f4 h6 Nf3 e6
1400,1356,black,60+10,e4 e5 Nf3 Nf6 Nxe5 d6 Nf3 Nxe4 Qe2 Qe7
1681,1636,black,240+0,e4 e5 Nf3 d6 d4 Nc6 d5 Nce7 c4 Bg4
2112,1831,white,60+0,d4 Nf6 c4 e5 Nc3 exd4 Qxd4 Nc6 Qd1 Bc5
1630,1313,white,300+0,e4 d6 d4 h5 Bg5 f6 Be3 Nc6 Nc3 a6
1396,1542,black,360+10,e4 e6 Nf3 b6 c4 Bb7 Nc3 Nf6 d3 Bb4
1667,1475,white,300+0,e4 g6 Nf3 Bg7 d4 b6 Nc3 Bb7 Be3 d6
1611,1205,white,900+15,e4 c5 Bc4 Nf6 d3 Nc6 Nf3 e5 O-O d5
1632,1730,white,180+3,g3 c6 Bg2 d5 d4 Nf6 Nc3 Ng4 h3 Nf6
1523,1602,black,180+0,d4 d5 c4 Nf6 e3 Nc6 Nc3 e6 c5 a6
1541,1430,black,300+10,e4 e5 Qh5 Nc6 Bb5 g6 Qf3 Qf6 Bxc6 Qxc6
1475,1467,white,300+0,e3 e5 b3 Nc6 Bb2 d5 Nf3 Bd6 Bb5 Ne7
1026,1490,white,300+5,e4 e5 d4 exd4 Qxd4 Nc6 Qd1 Nf6 Nc3 Bc5
1439,1532,black,300+3,e4 e5 Nf3 Nc6 Bb5 d6 d4 exd4 Nxd4 Bd7
1716,1645,white,180+3,c4 c6 Nf3 Nf6 g3 d5 Bg2 dxc4 O-O b5
1732,1500,white,300+0,e4 e6 Nf3 c5 d4 cxd4 Qxd4 Nf6 Nc3 Nc6
1648,1624,white,240+0,e4 e6 d4 d5 exd5 exd5 Nf3 Nf6 Bd3 Be7
1562,1599,black,300+3,e4 e5 Nf3 Nc6 Bc4 Nf6 Ng5 d5 exd5 Na5
1656,1542,black,840+8,e4 c5 Nf3 e6 Bc4 d6 Nc3 h6 d3 Nf6
1514,1645,white,300+8,e4 e5 Nc3 Nf6 Nf3 Nc6 d4 Ng4 d5 Bc5
1718,1592,white,300+0,e4 e5 Nc3 d6 Bc4 h6 Nf3 Nf6 O-O Be7
1634,1577,white,300+0,e4 e5 d4 exd4 c3 dxc3 Bc4 cxb2 Bxb2 Nc6
1410,1538,black,360+2,e4 c5 Bc4 Nc6 d3 e6 c3 d5 exd5 exd5
1457,1486,black,300+0,e4 e6 Nf3 b6 Bc4 Bb7 Nc3 Nf6 d3 Bb4
1637,1525,white,180+2,g3 d5 Bg2 e6 d4 c5 c3 c4 Bf4 Nc6
1644,1496,white,300+0,e4 e6 d4 b6 Nc3 Bb7 Nf3 Bb4 Qd3 Nf6
1583,1657,black,240+0,e4 e5 Nf3 d6 d4 exd4 Nxd4 Nc6 Nc3 Nge7
1557,1639,black,840+8,d4 d5 Bf4 Bf5 Nf3 e6 e3 f6 c4 Bb4+
1316,1445,black,300+10,e3 e5 d4 e4 Nc3 d5 Qh5 c6 Qe5+ Qe7
1776,1693,white,300+0,e4 e5 Nf3 Nc6 d4 exd4 Nxd4 d6 Nc3 Nxd4
1592,1340,black,180+5,d4 d6 e4 e6 Nf3 Nf6 Nc3 Nc6 d5 exd5
1749,1539,black,480+2,d4 d5 c4 dxc4 e4 e5 Nf3 Bb4+ Nc3 exd4
1500,1501,black,1800+0,e4 Nc6 d4 d5 Nc3 e6 Nf3 f6 exd5 exd5
1389,1418,white,720+3,e4 d5 d4 e6 e5 c5 dxc5 Bxc5 Nf3 Qb6
1705,1666,black,240+0,e4 c5 Nf3 Nc6 h3 e5 c4 d6 d3 Be6
1518,1644,white,180+2,d4 c6 c4 d5 a3 dxc4 Nc3 b5 e3 Nf6
1585,1545,black,300+0,e4 c5 d3 Nc6 Be2 e6 h3 Nf6 Nf3 Be7
1400,1609,white,360+2,e4 e5 Bc4 Nf6 d3 h6 h3 Nc6 c3 Bc5
1762,1725,black,300+0,c4 Nf6 Nf3 e6 Nc3 Bb4 a3 Bxc3 bxc3 O-O
1614,1383,white,900+15,e4 e5 d4 exd4 c3 dxc3 Bc4 cxb2 Bxb2 Nf6
1600,1529,black,300+8,e4 e5 f4 exf4 Nf3 d6 d4 Bg4 Bxf4 Bxf3
1649,1459,white,600+4,e4 e5 Nf3 Nc6 Bc4 Nf6 Nc3 a6 d4 exd4
1583,1514,black,300+2,e4 e5 Nf3 d6 Bc4 Be7 d3 h6 h3 Nf6
1630,1532,white,180+2,Nf3 d5 c4 dxc4 Qa4+ Bd7 Qxc4 e6 d4 h6
1738,1750,black,300+0,e4 d5 exd5 Qxd5 Nc3 Qa5 Nf3 Bg4 Bb5+ c6
1731,1522,white,480+2,d4 Nc6 e4 Nf6 Nc3 b6 e5 Ng8 Nf3 Bb7
1489,1651,black,300+0,e3 e5 Nf3 e4 Nd4 d5 b3 a6 c4 Nf6
1570,1725,white,300+2,e4 c6 Nf3 d5 e5 c5 Bb5+ Nc6 Bxc6+ bxc6
1573,1155,black,180+5,d4 e5 dxe5 Nc6 Nf3 f6 exf6 Qxf6 Nc3 d6
1843,1358,white,300+0,e4 d6 Nf3 e6 d4 Nf6 Nc3 Nc6 Bg5 Be7
1511,1457,black,900+10,e4 e5 Nf3 Bc5 Nxe5 Qh4 g3 Qxe4+ Qe2 Qxh1
1509,1325,black,1800+0,d4 d5 Nf3 Nf6 g3 e6 Bg2 Bb4+ c3 Be7
1659,1557,black,600+0,b3 e5 Bb2 Nc6 e3 d5 Nc3 Nf6 Nf3 e4
1763,1442,white,300+20,e4 e5 Nf3 d6 d4 f6 dxe5 fxe5 Nxe5 dxe5
1291,1452,white,300+10,e3 e5 Nc3 f5 Qf3 Qg5 h4 Qg4 Bc4 e4
1522,1540,black,360+2,e4 e5 Bc4 Nc6 Qf3 Nf6 d3 h6 Nc3 Bb4
1619,1506,white,900+15,e4 e6 d4 c5 Nf3 Nf6 Bg5 Be7 Bd3 Nc6
1392,1645,black,720+3,d4 g6 e4 Bg7 Nf3 d5 Nc3 dxe4 Nxe4 Bg4
1693,1552,white,180+5,e4 e5 Nf3 Nc6 Nc3 Nf6 h3 d6 Bc4 h6
1387,1741,black,900+5,e4 c5 Nf3 Nc6 Nc3 e6 d4 cxd4 Nxd4 Bc5
1724,1678,white,240+0,c4 d5 cxd5 Qxd5 b3 e6 Bb2 Nf6 Nc3 Qd8
1416,1419,white,480+8,d4 e6 e4 d6 Nf3 d5 e5 Bb4+ Bd2 Bxd2+
1524,1638,white,180+2,d4 c6 c4 d5 a3 Nf6 Nc3 dxc4 Bg5 h6
1544,1483,white,180+5,d4 e6 e4 Nf6 e5 Nd5 Nf3 h6 Nc3 Nxc3
1948,1945,white,180+0,e4 Nc6 Nf3 e5 Bb5 f5 Qe2 Nf6 exf5 e4
1485,1592,black,360+0,d3 e5 e3 d5 a3 Bd6 h3 Be6 b3 Nf6
1454,1655,black,600+4,e4 e5 Qh5 Nc6 Bc4 Qe7 d3 Nf6 Qf3 Nd4
1424,1520,black,360+2,e4 e5 Bc4 Nc6 Nf3 Nf6 h3 d6 d3 Na5
1761,1727,black,300+0,e4 Nc6 Bc4 e6 Nf3 Nf6 O-O Nxe4 Re1 d5
1624,1539,white,180+2,g3 d5 c4 dxc4 Qa4+ c6 Qxc4 e6 Bg2 Nd7
1718,1401,white,1200+10,e4 d5 exd5 Qxd5 Nc3 Qa5 Nf3 Nc6 a3 Nb4
1525,1340,white,300+15,e4 d5 Bc4 dxc4 Qh5 g6 Qe5 f6 Qb5+ c6
1476,1470,draw,360+0,d3 g6 e3 Bg7 g3 d5 Bg2 Nc6 Ne2 e5
1686,2055,black,240+3,e4 Nc6 d4 d5 e5 Bf5 Nf3 e6 c3 f6
1437,1378,white,300+10,e3 e5 d4 exd4 exd4 Nc6 Qe2+ Be7 d5 Nd4
1767,1439,white,300+20,e4 e5 Nf3 d6 d4 Nc6 Bc4 Qe7 dxe5 Nxe5
1737,1577,black,480+2,d4 d5 c4 dxc4 e4 b5 Nc3 c6 a4 a6
1714,1833,black,60+1,c4 d5 Nc3 dxc4 e4 Be6 Nf3 Nf6 Ng5 Qd6
1357,1359,black,180+6,e4 e6 d4 d6 Nc3 c6 Nf3 h6 Bd3 Nf6
1771,1611,white,120+3,e4 e5 Bc4 Nc6 d3 d6 Nc3 Be6 Bxe6 fxe6
1410,1428,black,660+11,e4 c5 Nf3 d6 d4 cxd4 Nxd4 e5 Nf3 Nc6
1334,1408,black,480+8,d4 d5 e3 Nc6 f4 Nf6 Nf3 Bg4 Bd3 Bxf3
1669,1734,white,240+0,e4 c5 Nf3 b6 Be2 Bb7 d3 Nc6 O-O g6
1757,1432,white,300+0,e4 d6 Nf3 Nc6 Bc4 e6 Nc3 g6 d4 Bg7
1530,1632,white,180+2,d4 c6 c4 e5 dxe5 Qa5+ Nc3 Qxe5 Bd2 Nf6
1470,1476,white,360+0,b3 d6 Bb2 e5 d3 g6 Nd2 Bg7 e3 b6
1622,1355,black,300+5,e4 e5 Nf3 Bc5 Nxe5 b6 d4 Bd6 Qh5 Qf6
1853,1709,black,300+0,e4 c6 d4 d5 e5 c5 Nf3 Nc6 Bb5 a6
1474,1554,black,180+5,e3 e5 b3 e4 Bb2 d5 f3 Nf6 fxe4 dxe4
1618,1544,black,180+2,g3 d5 Bg2 e6 d4 c5 Bf4 Nc6 Nf3 c4
1543,1250,black,300+8,e4 e5 Nf3 d6 d4 Nc6 dxe5 dxe5 Qxd8+ Kxd8
1496,1519,black,1800+0,d4 d5 Nf3 Bf5 g3 Nf6 Bg2 e6 Kf1 Bb4
1722,2068,white,600+0,e4 c5 Nf3 e6 c3 d5 Qc2 Nc6 d4 cxd4
1462,1482,white,360+0,d4 g6 e3 Bg7 b3 Nc6 Bb2 d5 a3 Nh6
1424,1541,white,60+0,e4 e5 Bc4 Nc6 Nf3 Bc5 d3 d6 Ng5 Nh6
1700,1425,white,240+3,e4 c6 Nf3 d5 e5 Bf5 d4 e6 h3 Nd7
1778,1877,draw,120+3,e4 e5 Bc4 Bc5 d3 d6 Nc3 Be6 Bxe6 fxe6
1560,1495,white,600+0,e4 e5 Bc4 Nf6 d3 Bb4+ Bd2 Bc5 Bb3 a6
1720,1557,black,480+2,d4 d5 c4 Nf6 Nc3 dxc4 e4 e6 Bxc4 Bb4
1920,1594,white,300+13,e4 e5 Nf3 Nc6 Bc4 h6 Nc3 Bc5 d3 d6
1775,1528,white,300+0,e4 e5 Nf3 Nc6 d4 Nf6 Nc3 exd4 Nxd4 Bb4
1056,1363,black,360+0,e4 e5 d4 exd4 Nf3 Nc6 Bg5 Be7 Bc4 Na5
1531,1573,white,300+15,e4 e5 Nc3 Nc6 Bb5 Nf6 Nf3 d6 Nd5 a6
1850,1682,draw,240+0,e4 c5 d3 Nc6 c4 e6 Be3 d6 Nc3 a6
1437,1417,black,480+8,e4 e6 d4 Nc6 Bb5 Bb4+ Nc3 Bxc3+ bxc3 Nf6
1593,1206,white,600+8,e4 e5 Bc4 Ne7 d3 c6 Bg5 d5 exd5 Be6
1543,1371,white,180+0,e4 e6 d4 d6 c4 c6 Nc3 h6 Bd3 Nf6
2058,1856,black,180+3,e4 e6 d4 d5 Nc3 Nf6 Bg5 Bb4 e5 h6
1412,1254,white,360+2,e4 e5 Bc4 d6 d3 h6 h3 g6 c3 Bg7
1934,2125,white,180+0,e4 c5 b4 cxb4 d4 e6 f4 Nc6 Nf3 Nf6
1500,1388,white,300+8,e4 e5 Nf3 Nc6 d4 exd4 Nxd4 Bb4+ c3 Bc5
1557,1605,white,180+2,d4 c6 c4 Nf6 Nc3 d5 Bg5 h6 Bh4 Bf5
1781,1874,black,120+3,e4 e5 Bc4 Bc5 d3 d6 Nc3 Be6 Bxe6 fxe6
1431,1383,white,720+3,e4 d5 exd5 Qxd5 Nc3 Qa5 d4 e5 d5 Nf6
1500,1500,black,780+1,e4 d6 d4 Nd7 Bg5 c6 Qg4 Qa5+ b4 Qxb4+
1615,1365,white,180+6,e4 e6 Bc4 d6 Nf3 c6 O-O h6 d4 Nf6
1672,1500,white,600+0,e4 e6 Nf3 Be7 d4 b6 Nc3 Bb7 a3 Nf6
1703,1590,white,480+2,d4 d5 c4 dxc4 e4 b5 Nc3 Bd7 a4 c6
1470,1476,black,360+0,d4 a6 Nf3 h6 Bf4 b6 h3 Bb7 Qd3 g6
1662,1337,draw,780+1,d4 e5 e4 Qe7 Be3 Qb4+ c3 Qe7 Be2 Nc6
1923,1470,white,300+13,e4 e5 Nf3 Bc5 Bc4 d6 d3 h6 Nc3 c6
1483,1516,white,-,e4 d5 e5 Nc6 d4 e6 f4 Qh4+ g3 Qe7
1428,1395,white,300+5,e4 e6 d4 d5 Nc3 dxe4 Nxe4 Nf6 Bd3 Nc6
1550,1548,white,180+0,e4 e5 Bc4 Nf6 d4 d6 Nf3 exd4 Nxd4 Nxe4
1548,1991,white,840+8,d4 d5 Nf3 Nc6 Bf4 Nf6 e3 h6 c4 g5
1436,1121,white,300+0,e4 e5 Nf3 f6 Nc3 Nc6 d4 d6 d5 Nce7
1824,1588,white,480+0,e4 e5 Nf3 Nc6 Bc4 Bc5 Nc3 Nf6 d3 O-O
2114,1944,black,180+0,e4 Nc6 Nf3 e5 Bc4 Nf6 Nc3 Nxe4 Bxf7+ Kxf7
1851,1680,draw,240+0,e4 e5 d3 c5 f4 Nc6 Nf3 d6 Nc3 Bg4
1564,1177,white,180+0,e4 e5 Bc4 Nf6 d4 exd4 Nf3 Nxe4 O-O Nc6
1544,1894,black,1800+10,d4 c5 Nf3 e6 d5 Nf6 Bg5 d6 e4 Be7
1798,1384,white,300+0,e4 e5 Nf3 Nc6 d4 exd4 Nxd4 d6 Be3 Nf6
1687,1844,black,240+0,d4 d5 Nf3 e6 e3 f5 Bd3 Nf6 O-O c5
1592,1051,white,300+5,e4 e5 Nf3 Nc6 Bc4 Bb4 O-O Bc5 c3 d6
1180,1562,black,180+0,e4 Nf6 Nc3 d5 exd5 Nxd5 Bc4 Nxc3 dxc3 e6
1458,1512,black,240+3,b3 c5 Bb2 Nc6 e3 b6 Bb5 Bb7 Bxc6 Bxc6
1593,1569,white,180+2,g3 d5 Bg2 e6 c4 dxc4 Qa4+ c6 Qxc4 h6
2107,1950,white,180+0,e4 Nc6 Nf3 e5 c3 d5 exd5 Qxd5 d4 e4
1872,2038,black,180+3,e4 Nc6 Nf3 d6 d4 Nf6 Bd3 g6 c3 Bg7
1569,1632,white,600+0,e4 d6 Bc4 e6 d3 h6 Nc3 g6 Bd2 Bg7
1657,1679,black,300+8,e4 e5 Nf3 Nc6 c4 d6 Nc3 h6 d3 Nf6
1679,1649,white,600+0,e4 e5 Nf3 Nc6 d4 Bd6 d5 Nce7 Nc3 Ng6
1385,1438,black,300+5,e4 d5 exd5 Qxd5 Nf3 e5 g3 Nc6 Bg2 Qa5
1744,2046,black,600+0,e4 c5 Nf3 e6 d4 cxd4 Nxd4 a6 Bd3 d6
1428,1439,white,480+8,e4 c5 Nc3 e5 Nf3 d6 b3 Nc6 Bb2 Nf6
1711,1592,white,480+2,d4 d5 c4 c6 Nc3 Nf6 cxd5 Nxd5 Nxd5 cxd5
1388,1258,white,1200+0,e4 e5 Nf3 d6 Bc4 Be6 Bxe6 fxe6 d4 Be7
1510,1421,black,300+0,e4 c5 f4 Nc6 Nf3 d6 Bc4 a6 O-O Nf6
1477,1449,white,420+0,e3 c5 Be2 d6 Bf3 g6 Ne2 Bg7 O-O Nf6
1607,1611,black,300+8,Nf3 c5 e4 Nc6 d4 cxd4 Nxd4 e5 Nb5 d6
1691,1703,black,600+0,e4 d6 d4 Nc6 d5 Ne5 Nc3 e6 Be3 Nf6
1439,1099,white,300+0,e4 e5 Nf3 Nf6 Nc3 Nc6 d4 Bb4 d5 Nd4
1809,1603,black,300+0,e4 c6 Nf3 d5 exd5 cxd5 d4 Nf6 Nc3 Bf5
1174,1567,black,180+0,e4 Nf6 Nc3 d5 e5 Nfd7 d4 e6 Nf3 c5
1431,1500,white,480+8,e4 e5 Nf3 d6 Bc4 c5 Nc3 f6 d3 Nh6
1446,1396,white,300+10,e4 e5 Ke2 Nf6 f3 d5 Nc3 dxe4 Nxe4 Nxe4
1829,1579,white,480+0,e4 g6 Nf3 Bg7 d4 d6 Bd3 e5 d5 Bg4
1960,1985,black,180+0,e4 d6 d4 Nf6 Bd3 g6 f4 Bg7 Nf3 O-O
1421,1175,white,360+2,e4 Nc6 Bc4 e6 d3 d5 exd5 exd5 Bb3 a5
1539,1744,black,1800+10,d4 e6 e3 Nc6 Nf3 Nf6 Bd3 Be7 Ne5 O-O
2050,2074,white,600+0,e4 c5 g3 Nc6 Bg2 d6 Ne2 g6 O-O Bg7
1521,1412,white,300+5,e4 e5 Qf3 d6 Bc4 Qe7 h3 Be6 Na3 Bxc4
1925,1878,white,300+13,e4 c6 Nf3 d5 exd5 cxd5 d4 Bg4 Nc3 e6
1603,1685,white,240+0,e4 c5 Nf3 Nc6 d4 cxd4 Nxd4 Nxd4 Qxd4 e5
1883,1572,white,300+0,d4 d5 c4 dxc4 Nc3 e6 e4 h6 Bxc4 Nf6
2045,1866,white,180+3,e4 e6 d4 d5 Nc3 Nf6 Bg5 Bb4 e5 h6
1364,1361,black,720+3,d4 d5 c4 dxc4 e4 Nf6 Nd2 Qxd4 Bxc4 Nxe4
1484,1456,white,180+8,e4 d5 exd5 Qxd5 Qf3 Qxf3 Nxf3 Bg4 Be2 Bxf3
1049,1620,black,300+5,d3 d5 Nf3 b6 Ne5 Bb7 Nc3 e6 Bf4 Nf6
1672,1617,draw,240+0,e4 e5 d3 d5 Nc3 dxe4 dxe4 Qxd1+ Nxd1 Nc6
1521,1242,white,240+3,e4 c5 Nf3 Nc6 c3 e5 Bb5 a6 Bc4 Na5
1627,1211,white,300+8,e4 e6 d4 d5 exd5 Qxd5 Nc3 Bb4 Ne2 Nf6
1618,1489,black,360+0,g3 e6 Bg2 d6 d4 g6 c4 Bg7 Nc3 h6
1833,1596,white,480+0,e4 c5 Nc3 a6 a4 Nc6 Nf3 d6 h3 g6
1619,1670,white,240+0,d4 d5 e4 dxe4 Nc3 e6 f3 exf3 Qxf3 Nf6
1497,1663,black,300+0,e4 c5 f4 d6 Nf3 Nc6 Bc4 g6 O-O Bg7
1861,2052,black,180+3,e4 Nc6 Nf3 d6 d4 Nf6 Bd3 g6 c3 Bg7
1362,1172,white,180+0,e4 e5 Nf3 Nf6 Nc3 Nc6 Bb5 Bc5 d3 a6
1423,1576,white,780+1,e4 e5 Be2 Ne7 b3 d5 Nc3 Nec6 exd5 Nd4
1887,1569,white,300+0,d4 d5 c4 dxc4 Nc3 e6 e4 h6 Bxc4 Bd7
1656,1585,white,420+10,d4 d5 c4 c6 Nc3 e6 Nf3 Bb4 Bd2 a6
1432,1189,white,180+8,d4 d5 e3 e6 c4 Nf6 c5 b6 Nc3 Bb7
1529,1429,black,300+5,e4 d6 h3 Nf6 Qf3 e5 c3 Nc6 b4 a6
1526,1316,white,120+0,d4 c6 c4 d6 Nc3 Nf6 Nf3 e6 Bg5 Be7
1657,1631,black,240+0,d4 e5 dxe5 Qe7 Nf3 Nc6 Bf4 Qb4+ Nbd2 Qxf4
1543,1449,white,60+8,d4 g6 g3 Bg7 Bg2 c6 c3 d5 Nf3 Nf6
1541,982,white,60+8,d4 d5 g3 c5 dxc5 e5 Bg2 Nf6 b4 Na6
1500,1525,black,240+3,d4 e6 d5 exd5 Qxd5 Nf6 Qd3 Nc6 e4 Bc5
2059,1855,white,180+3,e4 e6 d4 Nf6 e5 Nd5 c4 Nb6 f4 c6
1544,1640,black,300+15,e4 e5 d4 exd4 Qxd4 Nc6 Qd1 Bc5 Be3 Bxe3
1216,1456,black,300+10,e4 e5 Nf3 f6 Nc3 c6 d3 b5 b4 Bxb4
1310,1531,black,120+0,c4 e5 e4 Nc6 Nf3 Bc5 Nc3 d6 Qe2 Be6
1681,1669,white,240+0,d4 d5 Nf3 c5 e3 Nc6 Bb5 Bd7 O-O Nf6
1448,1554,black,300+5,e4 d6 d4 Nc6 Nf3 e5 dxe5 Nxe5 Nxe5 dxe5
1643,1646,black,240+0,d4 d5 e4 c6 Nc3 dxe4 f3 exf3 Qxf3 Nf6
1741,2026,black,300+3,e4 c5 c3 d5 d3 Nc6 Be2 Nf6 exd5 Nxd5
1442,1048,white,180+8,d4 f6 e3 f5 Bc4 e6 Nc3 Nf6 f3 Be7
1422,1577,black,780+1,d4 Nf6 Nd2 Ng4 e3 e5 Ne2 Qf6 Ng3 Nxf2
1655,1324,white,600+0,e4 d5 exd5 Qxd5 Nc3 Qd7 d4 Nc6 d5 Nb4
1164,1368,black,180+0,e4 e6 Nf3 Nc6 Nc3 b6 Bc4 Bb7 d3 Bb4
1440,1427,white,660+10,e4 e5 Nf3 Nc6 Nc3 d6 Bc4 Nf6 Ng5 Be6
1614,1605,black,180+0,d4 d5 e3 Nf6 Nf3 Nc6 c4 Bg4 Nc3 e6
1294,1603,black,300+3,Nf3 d5 d4 Nf6 c4 dxc4 Nc3 e6 e4 Bb4
1649,1313,white,300+8,e4 d6 d4 g6 Bf4 Bh6 Bxh6 Nxh6 Nf3 O-O
1251,1343,white,600+5,e3 d5 d4 Nf6 Nc3 Nc6 Nf3 Bg4 Be2 Ne4
1537,1304,white,120+0,e4 Nc6 Nf3 e5 Bc4 Nf6 O-O Qe7 Nc3 a6
1541,1433,white,300+0,e4 d5 exd5 Qxd5 Nf3 Bg4 Be2 Nc6 Nc3 Qh5
1616,1603,white,180+0,e4 e6 Nf3 d5 e5 c5 d4 cxd4 Qxd4 Nc6
1460,1202,black,300+8,e4 d5 e5 e6 d4 c5 c3 c4 Qa4+ Bd7
1612,1497,white,360+0,g3 a6 Bg2 h6 d4 g6 Nc3 e6 e4 Ne7
1556,1440,draw,60+8,d4 g6 g3 Bg7 Bg2 c6 Nf3 Qa5+ c3 Qb6
1607,1687,black,300+3,d4 d5 c4 c6 Nf3 Nf6 Nc3 e6 Bg5 Nbd7
1656,1632,draw,240+0,d4 e5 dxe5 Qe7 Nf3 Nc6 e6 Qxe6 e3 Bb4+
1507,1604,black,360+0,b3 c6 Bb2 Nf6 g3 e5 Bg2 Qc7 a3 d5
1850,2026,white,420+0,e4 e6 Nf3 b6 d4 Bb7 Bd3 Nf6 Bg5 h6
1566,1656,black,300+1,e4 e6 d3 d5 Nc3 dxe4 Nxe4 Nf6 Nxf6+ Qxf6
1648,1536,black,300+15,e4 e5 Bc4 Nf6 d3 d5 exd5 Nxd5 Qf3 Be6
1493,1437,white,300+0,e4 c5 Qf3 d6 Bc4 Nf6 h3 e6 d3 a6
1772,1609,draw,180+5,e4 e5 Nf3 Nc6 Nc3 Nf6 d4 exd4 Nxd4 Bc5
1298,1542,black,120+0,Nf3 c5 d4 cxd4 Qxd4 Nc6 Qd3 d6 e4 e6
1822,1868,white,540+5,e4 e6 Nc3 d5 exd5 exd5 d4 Nf6 Nf3 Bg4
1766,1549,white,540+9,e4 e5 d4 d5 exd5 Qxd5 Nf3 exd4 Nxd4 Qe5+
1641,1358,white,780+1,e4 e5 Nf3 Ne7 Nxe5 Nbc6 d4 Ng6 Nf3 Bb4+
1373,1158,white,180+0,c4 e5 Nc3 Nc6 a3 Nf6 e4 Bc5 Qe2 Nd4
1633,1656,black,240+0,e4 c5 f4 Nc6 Nf3 d6 d4 cxd4 Nxd4 Nf6
1425,1549,black,300+0,e4 e5 Nf3 Nc6 Bb5 d6 Bxc6+ bxc6 d3 Bg4
1931,2030,black,300+5,e4 c5 d4 cxd4 c3 d3 Bxd3 d6 Nf3 Qc7
2045,1773,white,60+0,d4 d5 e3 c6 f4 e6 Nf3 Nf6 c3 Bd6
1375,1570,black,1200+15,e4 e6 d4 Nc6 d5 exd5 exd5 Ne5 Qe2 Qe7
1665,1557,white,300+1,e4 e5 Nf3 d6 Nc3 h6 d4 Nd7 d5 Ngf6
1547,1293,white,120+0,d4 d5 c4 e6 Nc3 c6 Nf3 Nf6 Bg5 Be7
1500,1080,white,300+0,e4 e5 Nf3 Nf6 Nxe5 Nxe4 d4 d6 Nf3 Bg4
1265,1368,white,600+5,Nf3 e6 d4 Nf6 e3 Nc6 Bb5 a6 Bc4 b5
1685,1225,white,1800+0,e4 e6 d4 d5 e5 c5 c3 c4 Nf3 Qb6
1626,1480,white,360+0,g3 a6 c4 h6 Bg2 g6 d4 Bg7 e4 e6
1592,1627,white,180+0,d4 d5 e3 Nc6 Nf3 Nf6 c4 e6 Nc3 Bb4
1738,1605,black,300+3,e4 c5 c3 d6 d4 cxd4 cxd4 g6 Nf3 Bg7
1633,1652,black,300+7,e4 e5 Bc4 Nc6 d3 Bc5 Qf3 Qf6 h4 Qxf3
1692,1697,draw,240+0,d4 d5 Nf3 c6 e3 Nf6 Bd3 Bg4 Be2 Nbd7
1488,1619,black,360+0,d3 c6 e3 Nf6 h3 e5 a3 d5 b3 Be6
1337,1404,black,360+0,d4 d6 d5 c6 dxc6 bxc6 Nc3 Nf6 Nf3 e5
1666,1623,draw,240+0,d4 e5 d5 Nf6 c4 Bc5 Nf3 O-O e3 d6
1451,1416,black,660+10,e4 c5 Nc3 d5 exd5 Nf6 Bc4 e6 dxe6 Bxe6
1551,1591,black,300+15,e4 c5 Nf3 d6 Nc3 a6 h3 Nf6 d4 cxd4
1833,1890,black,180+0,e4 e5 Nc3 Nc6 Nf3 Bb4 d4 exd4 Nxd4 Nf6
1288,1551,white,120+0,c4 e5 e4 Nc6 Nf3 Bc5 d3 d6 Qe2 Bb4+
1551,1539,white,60+8,d4 d5 g3 c5 dxc5 e5 b4 Nc6 a3 Bf5
1416,1544,black,900+0,e4 e5 Nf3 Nc6 Bc4 Bc5 O-O Nd4 d3 h6
1472,1632,white,360+0,h3 c6 g3 d5 Bg2 Nf6 a3 e5 b3 Bf5
1556,1418,white,300+0,e4 d5 exd5 Qxd5 Nf3 Nc6 Nc3 Qa5 Bb5 Bd7
1824,1851,white,180+0,e4 e5 Nc3 Nc6 Nf3 Nf6 d4 exd4 Nxd4 d6
1531,1309,black,120+0,e4 Nc6 Bc4 a6 Nf3 b5 Bb3 d6 c4 Be6
2006,1766,white,420+0,e4 c5 Nf3 Nc6 Bb5 d6 Bxc6+ bxc6 b3 Ba6
1791,1649,draw,540+9,e4 g6 d4 Nc6 Bc4 Bg7 Qf3 e6 d5 Ne5
1476,1347,white,360+0,d4 d5 Bf4 Nc6 e3 Nf6 Bb5 Bd7 Nc3 a6
1624,1664,black,240+0,e4 c5 Bb5 Nc6 Nf3 Qc7 O-O a6 Bxc6 Qxc6
1691,997,white,900+17,e4 d6 d4 b6 g3 Bb7 Bg2 f5 f3 c5
1329,1512,black,120+0,Nc3 c5 Nf3 d6 d4 cxd4 Nxd4 e6 e3 Nf6
1379,1164,white,180+1,e4 e5 Nf3 Nc6 Bb5 d5 Bxc6+ bxc6 exd5 Qxd5
1530,1672,black,300+1,e4 e6 d4 d5 e5 c5 Nf3 Qb6 Nc3 Nc6
1617,1490,white,360+0,Nf3 a6 d4 h6 e4 g6 c4 Bg7 e5 b6
1580,1582,black,600+0,d4 d5 e3 Bf5 Bb5+ c6 Bd3 e6 h3 Bg6
1482,1624,black,360+0,h3 c6 g3 d5 Bg2 e5 e3 f5 Ne2 Nf6
2065,2039,white,300+5,e4 c5 c3 d5 exd5 Qxd5 d4 Nf6 Nf3 Bg4
1411,1563,white,300+0,e4 e5 Bc4 Nc6 d3 Be7 c3 Nf6 Qb3 O-O
1937,1428,white,300+13,e4 e6 Nf3 d5 exd5 exd5 d4 Nf6 Nc3 Bb4
1384,1131,white,180+1,e4 e5 Nf3 Nc6 Bb5 a6 Bxc6 bxc6 O-O Bd6
1549,1604,black,300+0,e4 e6 d3 d5 Nc3 Bb4 Qe2 dxe4 Qxe4 Bxc3+
1563,1723,black,180+5,d4 d5 Bf4 e6 Nc3 c6 Nf3 Nf6 e3 Be7
1714,1427,black,300+5,e4 d5 exd5 Qxd5 Nc3 Qa5 Nf3 Bg4 Be2 Nc6
1474,1532,black,240+3,d4 e6 e4 c5 c3 d5 e5 c4 Nf3 a5
1547,983,white,300+3,e4 e6 Nf3 f6 Nc3 d6 Bb5+ Ke7 d4 c6
1323,1676,white,780+1,e4 e5 Be2 Nf6 d3 h5 Be3 Ng4 Nf3 Qf6
1427,1345,black,300+2,e4 d6 Bc4 e6 d3 Nf6 h3 Nc6 c3 Be7
1761,1723,white,300+3,Nf3 Nf6 d4 c6 g3 d5 Bg2 Bf5 O-O e6
995,1696,white,900+17,a4 e5 Nf3 e4 Nd4 Qf6 c3 Bc5 b4 Bxd4
1696,1597,white,300+5,Nf3 d5 c4 e6 d4 Nf6 g3 dxc4 Qc2 Nbd7
1648,1630,black,600+0,e4 d5 Nc3 d4 Nce2 e5 Ng3 g6 Nf3 Bg7
1548,1692,black,240+0,e4 e5 Nf3 Nc6 Nc3 Nf6 Bb5 Bb4 Bxc6 Bxc3
1445,1690,black,300+5,e4 e5 Nf3 Nc6 Bb5 d6 Bxc6+ bxc6 d3 c5
2001,1674,draw,240+0,e4 c5 Nf3 Nc6 Bb5 Qc7 Bxc6 Qxc6 d3 d6
1409,1611,white,900+0,e4 c6 Nc3 e6 Bc4 a6 d4 b5 Bd3 Bb7
1836,1500,black,360+4,e4 Nc6 Nf3 e5 Bc4 Bc5 c3 Nf6 d4 exd4
1659,1604,white,300+5,e4 e5 d4 exd4 c3 dxc3 Bc4 Nc6 Ne2 Nf6
1438,1353,black,660+10,e4 e5 Nf3 Nf6 Nc3 Nc6 Bc4 Bc5 h3 d6
1106,1388,white,180+1,d4 e6 c4 Nf6 Nf3 Ne4 e3 Bb4+ Nbd2 Bxd2+
1540,1613,draw,300+0,e4 e6 d3 d5 Nc3 dxe4 Nxe4 Nf6 Ng3 b6
1503,1484,black,300+0,e4 e5 Qf3 Nf6 d3 h6 Nh3 Bc5 Qg3 O-O
1736,1707,white,0+1,g3 c5 Bg2 Nc6 d3 g6 c3 Bg7 Bf4 d6
1551,1570,black,300+9,e4 e5 Bc4 Bc5 Qh5 Qf6 Nf3 d6 Qg5 h6
1835,1620,black,180+0,e4 e6 d4 d5 exd5 exd5 Bd3 Bd6 Ne2 Nf6
1500,1585,white,300+2,e4 e5 Nf3 Nc6 Bb5 d6 O-O a6 Ba4 b5
1474,1491,white,300+0,h3 e5 g3 d5 Bg2 Nf6 a3 Nc6 b3 Bc5
1746,1697,white,0+1,e3 c5 f4 Nc6 g4 g6 h4 Bg7 c3 Nf6
1911,1755,white,0+1,e4 e6 d4 f5 exf5 exf5 Bd3 d5 Nf3 Bd6
1548,1510,black,300+0,e4 d5 exd5 Nf6 Nc3 Nxd5 Qf3 Nxc3 bxc3 Nc6
1556,1631,white,180+5,d4 c6 e4 d5 e5 Bf5 Nf3 h6 Nc3 Nd7
1388,1179,black,180+10,e4 e5 f4 exf4 Nf3 Bb4 Bc4 Nc6 O-O Bc5+
1594,1668,white,300+5,e4 c5 Nf3 d6 Bc4 Nf6 d3 Nc6 O-O a6
1863,1835,draw,540+5,e4 c5 Nf3 Nc6 Bc4 e6 O-O a6 d4 b5
1772,1699,black,240+0,Nf3 d5 d4 Nf6 g3 e6 Bg2 Be7 O-O Nbd7
1557,1622,black,420+7,e4 e5 Nf3 Nc6 c3 d5 exd5 Qxd5 Be2 h5
1468,1318,white,720+3,Nf3 d5 d4 e6 Nc3 Bb4 Bd2 a6 a3 Bd6
1535,1749,black,0+1,g3 d6 Bg2 e5 e3 f5 d3 Be6 Bd2 c6
1837,2028,white,300+5,e4 c5 Nf3 d6 Bb5+ Bd7 Bxd7+ Nxd7 O-O Qc7
1359,1542,black,240+3,e4 c5 d3 Nc6 Nc3 e6 Nf3 a6 Bg5 Be7
1542,1611,black,300+0,e4 e6 d3 d5 Nc3 Bb4 exd5 Qxd5 Bd2 Bxc3
1637,1682,white,240+0,d4 e5 e3 exd4 exd4 d5 c3 c6 Bd3 Nf6
1939,1927,white,300+13,e4 e5 Nf3 Nc6 Bc4 Nf6 d3 Be7 Bd2 O-O
1424,1036,black,900+17,e4 Nc6 Nc3 d6 Nf3 e6 b3 f6 Bb2 h5
1541,1203,black,300+3,e4 e6 Nf3 d5 exd5 exd5 Bb5+ c6 Ba4 Qe7+
1696,1441,white,300+5,e4 d5 exd5 Qxd5 Nc3 Qa5 Nf3 Bg4 Be2 Nc6
1436,1701,black,300+5,e4 e5 Bc4 d6 Nf3 Be6 Bxe6 fxe6 d3 Be7
1730,1866,black,180+3,d4 Nf6 c4 e5 Bg5 exd4 Qxd4 Be7 e4 O-O
1567,1151,white,60+8,d4 e5 dxe5 Nc6 Nf3 f6 exf6 Nxf6 c3 d6
1819,2016,black,180+0,e4 e6 d4 d5 exd5 exd5 Bd3 Nf6 Ne2 Be7
1772,1564,white,120+3,e4 b6 Bc4 Bb7 f3 e6 d4 Nf6 Nc3 d6
1297,1373,black,180+10,e4 e5 Nc3 f5 exf5 Nf6 Nf3 Bc5 Nxe5 d6
1500,1647,black,420+2,e4 e5 Bc4 Nf6 d3 h6 b4 Nc6 a3 d6
1633,1636,black,300+8,e4 c6 Nf3 d5 e5 Bg4 d4 e6 Be2 c5
1706,1432,white,300+5,e4 d5 exd5 Qxd5 Nc3 Qa5 Nf3 Bg4 Be2 Nc6
1500,1363,white,180+0,d4 d6 Nc3 Nc6 e4 e6 h4 f6 g4 Nge7
1642,1578,white,600+0,e4 e5 Nf3 d5 exd5 Qxd5 Nc3 Qc6 Bb5 e4
1594,1653,white,300+8,d4 g6 e3 Bg7 c3 Nc6 a3 Nf6 h3 e5
1562,1713,white,240+0,d4 d5 Bf4 Nf6 Nf3 e6 e3 Bd6 Bg3 O-O
1535,1618,white,300+0,e4 c6 d4 d5 exd5 cxd5 Nc3 Nf6 Bg5 g6
1655,1608,black,300+5,e4 e5 d4 exd4 c3 dxc3 Bc4 Bc5 Bxf7+ Kxf7
2079,1705,white,420+0,e4 e6 d4 d5 Nc3 Bb4 e5 Ne7 a3 Bxc3+
1367,1091,white,900+0,e4 d5 exd5 Qxd5 Nc3 Qe6+ Be2 Qg6 Nf3 Qxg2
1577,1548,white,240+3,e4 c5 Nf3 e6 Nc3 a6 d3 b6 Be2 Bb7
1298,1523,white,300+3,d4 d5 c4 dxc4 e3 b5 a4 c6 axb5 cxb5
1591,1427,white,600+0,e4 c5 Bc4 e6 d3 Nc6 Nc3 Nf6 Bb3 Na5
1607,1595,white,540+18,d4 d5 e3 c6 c3 Nf6 Nd2 Nbd7 h3 e5
1620,1500,white,180+0,d4 Nf6 Nc3 g6 Bf4 Bg7 Nb5 d6 Qd2 O-O
1670,1650,white,240+0,e4 e5 Nf3 d6 d3 Be6 Nc3 c6 Be3 c5
1570,1342,white,60+8,d4 b6 g3 Bb7 Nf3 Nc6 Bg2 e6 c3 d6
1428,1711,black,300+5,e4 e5 Bc4 Nf6 d3 Be7 c3 O-O h4 d6
1755,1754,white,60+0,c4 e6 Nc3 f5 d4 Nf6 Nf3 Bb4 g3 Bxc3+
1476,1900,draw,300+0,e4 Nc6 d4 d5 e5 Bf5 Nf3 Qd7 Bb5 e6
1836,1860,white,540+5,e4 e5 Nf3 Nc6 Bb5 d6 Bxc6+ bxc6 d4 Bg4
1155,1381,black,180+10,d3 e5 e3 d5 d4 Nc6 dxe5 Nxe5 e4 Nf6
1506,1375,black,300+3,e4 e6 Nf3 d5 exd5 exd5 Bb5+ c6 Be2 Bd6
1645,1444,white,300+2,e4 g6 d4 Bg7 e5 d6 exd6 Qxd6 Nf3 Bg4
1722,1264,white,300+2,e4 e5 Nf3 Nc6 Bb5 a6 Ba4 b5 Bb3 Nf6
1813,1873,black,180+0,e4 e6 d4 d5 exd5 exd5 Bd3 Nf6 Ne2 c5
1723,1778,white,120+3,f4 d5 Nf3 Bf5 d4 e6 e3 Nc6 c3 Nf6
1504,1386,black,180+10,c4 e5 d3 Nf6 e4 Nc6 Nc3 Bc5 h3 O-O
1709,1620,white,180+0,d4 e6 e3 d5 Bd3 c5 Bd2 Nf6 Nf3 Nc6
1279,1314,draw,600+5,Nf3 e6 e4 d5 e5 Nc6 d4 Nh6 Bb5 Ng4
1612,1718,black,180+0,d4 d5 e3 e6 Nf3 Bd6 c4 Nf6 Nc3 Bd7
1674,1853,black,240+0,e4 c5 Nf3 Nc6 Be2 e5 O-O d6 d3 f5
1902,1474,white,300+8,d4 d5 c4 dxc4 e4 e5 d5 Bb4+ Bd2 Bxd2+
1846,1680,white,240+0,e4 c5 f4 Nc6 Nf3 d6 d4 cxd4 Nxd4 Nf6
1325,1578,black,60+8,d4 d5 Nc3 g6 g3 Bg7 Bg2 c6 e4 dxe4
1493,1677,black,420+2,e4 d6 Bc4 Nf6 d3 g6 h3 Bg7 c3 c6
1562,1623,white,840+8,d4 Nf6 Nf3 d5 Bf4 g6 e3 Bg7 c4 O-O
1496,1210,white,360+0,e4 e5 Nf3 Nc6 Bb5 f6 d3 Nd4 Nxd4 exd4
1436,1492,white,300+3,Nf3 d5 c4 dxc4 e3 b5 b3 cxb3 Bxb5+ Bd7
1636,1465,white,360+0,e4 c6 d4 e6 Bd3 a6 Be3 d5 e5 h6
1743,1602,black,0+1,e3 e6 d4 d5 c4 c5 cxd5 cxd4 Qxd4 Qxd5
1500,1534,white,360+0,e4 d5 e5 f6 d4 fxe5 dxe5 c5 Bd3 Nc6
1800,1882,white,180+0,e3 Nf6 d4 e6 Bd3 Be7 c4 O-O Ne2 c6
1500,1246,white,300+8,e4 e5 Nf3 Nf6 Nc3 d6 d4 Nc6 dxe5 dxe5
1548,1906,black,420+7,e4 e6 c4 c6 d4 d5 cxd5 cxd5 e5 Qb6
1605,1549,white,300+0,g3 e5 Bg2 d5 Nc3 e4 d4 Nf6 e3 Bb4
1949,1889,white,180+0,e4 d6 d4 g6 f4 Bg7 Nf3 Nd7 Bd3 Ngf6
1745,1606,black,300+5,e4 e5 Nf3 f5 exf5 Nf6 Nxe5 d6 Nf3 Bxf5
1703,1500,white,180+0,d4 d5 Nc3 Nf6 Bf4 g6 Nb5 Qd7 Nxc7+ Kd8
1420,1721,black,300+5,e4 e5 Bc4 Bc5 c3 Nf6 d3 O-O Bg5 h6
1604,1727,black,180+0,d4 d5 e3 e6 Nf3 Bd6 c4 c6 Nc3 Bd7
1716,1424,white,300+5,e4 d5 exd5 Qxd5 Nc3 Qa5 Nf3 Bg4 Be2 Nc6
1639,2010,black,300+5,d4 d5 e3 a6 Bd3 e6 f4 c5 c3 Nc6
1879,1959,white,180+0,e4 Nc6 Nf3 e5 Bc4 Nf6 Nc3 Nxe4 Bxf7+ Kxf7
1681,1472,black,300+8,e4 Nc6 g3 e5 Nc3 Nf6 Bg2 d6 d3 Bg4
1304,1487,black,0+3,e4 g6 Nf3 Bg7 h4 h5 Bc4 e6 d4 c6
1512,1232,white,360+0,e4 e6 Nf3 d5 e5 Nc6 d4 Bb4+ c3 Be7
1540,1261,white,300+0,e4 e5 Nf3 b6 Bc4 Bb7 Nc3 Nc6 a3 Bc5
1772,1512,white,540+9,e4 e5 d4 exd4 c3 c5 cxd4 cxd4 Qxd4 Nc6
1584,1311,white,60+8,d4 Nc6 g3 e6 c3 b6 Bg2 Bb7 Nf3 Na5
1576,1513,white,420+10,e4 e5 Nf3 d6 d4 Nc6 dxe5 Nxe5 Nxe5 Qe7
1529,1364,white,540+5,e4 d6 Bc4 Nf6 d3 c5 a3 d5 exd5 Nxd5
1745,1741,white,900+7,e4 e5 Nf3 f5 Nxe5 Qf6 d4 fxe4 Bc4 d5
1148,1450,black,900+1,d3 d5 e4 d4 c3 dxc3 bxc3 e5 d4 exd4
1952,1317,white,300+13,e4 d5 exd5 Qxd5 Nc3 Qc5 d4 Qa5 Bd2 Bf5
1457,1351,draw,60+2,d4 d5 e3 Nc6 f4 Bf5 Nf3 e6 c4 Nf6
1714,1789,white,540+9,e4 g6 Nf3 Bg7 d4 c5 dxc5 Qa5+ c3 Qxc5
1868,1814,black,180+0,e4 e6 Nf3 d5 e5 c5 c3 Nc6 d4 Qb6
1482,1537,white,240+3,e4 c5 Nf3 e6 Nc3 a6 Be2 b6 O-O Bb7
1647,1609,black,300+8,e4 e5 Nf3 d6 d4 exd4 Nxd4 c5 Nf3 Bg4
1301,1311,white,900+0,e4 c5 Qh5 e6 Nf3 Nf6 Qg5 Be7 e5 g6
1643,1533,black,360+0,e4 e5 Bc4 d6 d3 h6 a3 Nf6 h3 Be7
1490,1650,white,600+0,Nf3 d5 d4 Nf6 Nc3 h6 e3 Bg4 Be2 Nbd7
1525,1581,draw,240+3,e4 e6 Nf3 c6 c3 d5 e5 c5 d4 Qb6
1945,1856,white,180+0,e4 e6 d4 d5 Nc3 Nf6 Bg5 Bb4 e5 h6
1771,1830,black,300+20,e4 c5 Nf3 Nc6 d4 cxd4 Nxd4 d6 Nc3 Nf6
1735,1597,white,180+0,d4 e6 e3 d5 f4 c5 Bd3 cxd4 exd4 Nc6
1481,1467,black,900+10,e4 e5 h3 Nc6 g3 d6 Bg2 f5 f3 Bd7
1544,1257,black,300+0,e4 e5 Nf3 Nc6 Bc4 Nf6 Nc3 Bc5 d3 d6
1223,1367,white,360+0,d4 d5 c4 dxc4 e4 e6 Bxc4 Nc6 Nf3 Bb4+
1646,1533,white,300+5,d4 Nf6 Nf3 e6 Bg5 d5 e3 c5 Nc3 Nc6
1628,1448,white,360+0,e4 e5 Bc4 d6 d3 Be6 Nd2 Be7 h3 Nf6
1446,1435,black,300+5,e4 c5 Bc4 e6 Nh3 d5 exd5 exd5 Bb3 Bxh3
1487,1377,white,420+2,e4 d5 e5 a6 d4 Nc6 Nf3 Bg4 c3 Bxf3
1397,1453,white,60+1,d4 d5 g3 e6 Bg2 f5 Nf3 Nf6 e3 c5
1575,1434,white,840+8,d4 d5 Nf3 e6 Bf4 a6 e3 h6 c4 g5
1342,1247,black,300+5,e4 e5 Nf3 d6 d4 Nc6 c3 Bg4 d5 Nce7
1684,1668,white,300+0,e4 c5 g3 Nc6 Bg2 d6 b3 Bd7 Bb2 e5
1525,1543,black,300+0,e4 d5 exd5 Qxd5 Nc3 Qd8 d4 Be6 Nf3 Bg4
1278,1168,white,300+2,b4 b5 Bb2 Bb7 e3 Nc6 Bxb5 Nxb4 f3 c6
1404,1306,black,720+3,e4 d5 exd5 Qxd5 Nc3 Qa5 d3 e6 Bd2 Qb6
1664,1519,black,60+0,d4 f5 c4 Nf6 e3 e6 Bd3 d5 Qc2 c6
1523,1412,white,360+0,e4 e5 Nf3 d6 Bc4 Qe7 O-O Be6 Bb3 Bxb3
1742,1590,draw,180+0,d4 e6 e3 d5 f4 c5 Bd3 cxd4 exd4 Nc6
1519,1344,black,120+0,e4 e5 Nf3 f5 exf5 Nf6 d3 d6 Nh4 Be7
1826,1848,black,180+0,e4 e6 d4 d5 e5 c5 c3 Nc6 Bb5 Qb6
1475,1584,white,600+7,Nf3 d5 d4 Nc6 g3 e5 Bg2 e4 Ne5 Qd6
1954,1843,white,180+0,e4 e5 Nf3 d6 Bc4 Nc6 O-O Bg4 c3 Nf6
1330,1420,white,720+3,d4 c5 d5 d6 e4 Nf6 Nc3 e6 Bf4 exd5
1635,1267,white,300+8,e4 Nc6 Bc4 Nd4 c3 Nc6 Qh5 g6 Qf3 Ne5
1567,1411,white,60+1,d4 d5 c4 dxc4 Nc3 a6 e3 b5 a4 b4
1547,1404,black,360+0,e4 e5 Nf3 d6 Nc3 Nf6 d4 Bg4 dxe5 Bxf3
1371,1206,white,180+1,e4 e5 Nf3 Nc6 Bb5 f6 Bxc6 dxc6 O-O Bg4
1619,1727,black,600+0,e4 e5 Nf3 Nc6 Bb5 a6 Bxc6 dxc6 d3 f6
1518,1521,black,300+0,e4 d5 e5 f6 d4 fxe5 Qh5+ g6 Qxe5 Nf6
1595,1738,black,180+0,d4 d5 e3 e6 Nf3 f5 c4 Nf6 cxd5 Nxd5
1780,1751,white,660+0,e4 d5 exd5 Qxd5 Nc3 Qa5 Nf3 Nf6 d4 Bg4
1496,1701,black,420+2,e4 e5 Bc4 c6 d3 d5 exd5 cxd5 Bb3 Nc6
2082,1961,white,180+0,e4 Nc6 d4 e5 d5 Nce7 c4 Ng6 g3 Bc5
1658,1694,black,300+0,e4 e5 Nf3 Qf6 d3 h6 Nc3 c6 Be3 Bb4
1287,1460,white,300+2,b4 e5 Bb2 Nc6 b5 Nce7 Bxe5 a6 e3 axb5
1858,1816,white,180+0,e4 e6 Nf3 d5 exd5 exd5 c4 d4 d3 c5
1491,1198,white,300+0,e4 Nc6 Nc3 Nf6 Nf3 e5 d3 Bb4 Bd2 Bxc3
1634,1442,white,360+0,e4 e5 Bc4 d6 d3 f5 Qf3 fxe4 Qf7#
1579,1527,white,240+3,d4 e6 Bf4 c5 e3 cxd4 exd4 Nc6 c3 d5
1424,1377,white,300+0,d3 b6 c4 e6 b3 Bb4+ Nd2 Bxd2+ Bxd2 Bb7
1590,1900,draw,60+8,d4 d5 g3 e6 Bg2 c5 dxc5 Bxc5 c3 Nc6
1640,1420,white,360+0,e4 e5 Bc4 Nf6 d3 Nc6 a3 Bc5 h3 a6
1360,1457,draw,300+8,e4 e5 Qh5 d6 Bc4 Nh6 Qf3 f6 d3 Be7
1507,1507,white,600+5,d4 d5 a4 Nf6 b4 e6 c3 Bd6 e3 O-O
1650,1739,black,240+0,d4 d5 c3 Nf6 Nf3 Nc6 Nbd2 e6 g3 Bd7
1465,1419,black,360+0,e3 e5 b3 d5 Bb2 Nc6 Nf3 e4 Nd4 Nf6
1416,1432,draw,300+2,e4 e5 d3 Bb4+ c3 Ba5 Qe2 Qf6 f3 g5
1315,1952,black,300+13,e4 e5 Nf3 Nc6 d4 exd4 Nxd4 Bc5 Be3 Bxd4
1807,1867,white,180+0,e4 e6 d4 d5 e5 c5 c3 Nc6 Bb5 Qb6
1448,1369,white,300+8,e4 d5 exd5 Qxd5 Nc3 Qe5+ Qe2 Qe6 Qxe6 Bxe6
1760,1514,white,300+20,e4 e5 Nf3 Nc6 Bc4 Bc5 O-O d6 c3 h6
1547,1697,black,240+0,e4 e5 d3 Nc6 h3 Nf6 Be2 Be7 Nf3 d6
2091,2131,white,300+1,e4 e6 d4 d5 exd5 exd5 Nf3 Bd6 Bd3 Nc6
1892,1602,white,60+8,d4 d5 c4 dxc4 Nc3 g6 e4 Bg7 Nf3 c6
1586,1188,black,300+8,e4 e5 Nf3 Nc6 d4 Nf6 Nc3 d5 dxe5 dxe4
1855,1819,black,180+0,e4 e6 Nf3 d5 exd5 exd5 c4 d4 d3 c5
1397,1500,black,360+10,e4 e6 Nf3 d5 Bd3 dxe4 Bxe4 Nf6 d3 Nxe4
1516,1518,black,360+0,e4 e5 Nf3 f5 exf5 e4 Nd4 Nf6 Be2 c5
1654,1642,white,1800+30,d4 d5 c4 Nf6 cxd5 Nxd5 e4 Nb6 Nc3 e6
1609,1912,black,360+5,d4 d5 h3 Bf5 Nf3 Nf6 c3 e6 Bg5 Be7
1500,1351,white,300+8,e4 d5 exd5 Qxd5 Nc3 Qd8 d4 Nf6 Bg5 Nd5
1264,1640,black,300+8,e4 e5 d4 exd4 Qxd4 Nc6 Qd2 Bc5 Nf3 Nf6
1653,1704,white,300+5,e4 e5 Nf3 Qf6 d4 exd4 Qxd4 Nc6 Qd1 Bc5
1704,1327,white,240+0,d4 d5 Nf3 Nc6 e3 f6 Bb5 Bd7 O-O e5
1437,1432,black,360+0,e4 e5 Nf3 d6 d4 Bg4 dxe5 Bxf3 gxf3 dxe5
1831,1843,black,180+0,e4 e6 d4 d5 e5 c5 c3 Nc6 f4 Qb6
1645,1416,white,360+0,e4 e5 Bc4 Nf6 d3 Bc5 h3 c6 Nf3 d5
1437,1304,white,300+2,e4 e5 Nf3 Nc6 Bc4 Nf6 Ng5 Bc5 Nxf7 Bxf2+
1483,1470,white,900+0,d4 d5 c4 c6 Nc3 Nd7 e4 e6 cxd5 exd5
1350,1372,white,360+0,e4 Nc6 Nf3 Nf6 Nc3 d5 exd5 Nxd5 Nxd5 Qxd5
1434,1479,black,300+0,d3 d5 b3 Nc6 Bb2 e5 e3 Nf6 h3 Be6
1706,1590,black,240+0,d4 d5 Nf3 Bf5 e3 Nf6 Nc3 e6 Be2 a6
1606,1511,black,360+5,d4 Nf6 h3 e6 Nf3 d5 a3 c5 c3 Bd6
1853,1820,white,180+0,e4 e6 Nf3 d5 exd5 exd5 c4 Be6 cxd5 Bxd5
1598,1679,black,300+1,e4 e6 Nf3 d5 d4 dxe4 Ne5 f5 Qh5+ g6
1635,1832,black,900+8,e4 e5 Nf3 Nc6 Bb5 a6 Ba4 Bc5 O-O d6
1378,1470,black,600+10,d4 e6 c4 c5 dxc5 Bxc5 Nf3 Nc6 e4 Qb6
1509,1389,white,420+8,e4 c6 Bc4 d5 exd5 cxd5 Bb3 Nf6 d3 e6
1748,2112,black,300+1,e4 e6 Nf3 d5 exd5 exd5 Qe2+ Be7 Nc3 Nf6
1765,1920,draw,300+20,e4 e6 d4 d5 Nc3 c6 Bd3 dxe4 Bxe4 Nf6
2012,1676,white,420+0,e4 d5 e5 c5 Nf3 Bf5 Bb5+ Nd7 Bxd7+ Bxd7
1735,1688,white,300+1,d4 e6 c4 d5 Nc3 Nf6 Bg5 Bb4 Nf3 h6
1953,1500,white,300+13,e4 b5 Bxb5 c6 Bc4 Ba6 Bxa6 Nxa6 Qe2 Nc5
1811,1863,white,180+0,e4 e6 d4 Nc6 Nf3 d5 e5 g6 c3 Bg7
2096,1954,white,180+0,e4 Nc6 d4 e5 d5 Nce7 f4 Ng6 Nf3 exf4
1650,1504,black,360+0,e4 e6 d4 d5 e5 c5 f4 cxd4 Qxd4 Nc6
1538,1550,black,120+2,e4 e5 f4 exf4 Nf3 Nc6 Nc3 Bc5 d4 Bb6
1465,1740,black,540+9,d4 g6 e4 Bg7 e5 c5 c3 cxd4 cxd4 Qa5+
1500,1678,white,300+1,e4 e6 d4 d5 Nd2 dxe4 Nxe4 Nf6 Bg5 Be7
1947,2104,white,180+0,e4 c5 b4 cxb4 d4 e6 f4 Be7 Nf3 Bh4+
1645,1261,white,300+8,e4 e5 Bc4 Qg5 Qf3 Kd8 Qxf7 c6 Qxf8+ Kc7
2116,1745,white,300+1,e4 e5 Nf3 Nc6 Bc4 Bc5 O-O Nf6 d4 exd4
1512,1691,black,240+0,e4 e5 Bc4 Nc6 Nf3 Nf6 Ng5 d5 exd5 Nxd5
1460,1956,black,300+13,c3 e5 f3 Bc5 d4 exd4 cxd4 Bb6 Nc3 Nc6
1340,1615,white,300+8,e4 e5 Qh5 Qf6 Nf3 Nc6 Bb5 Nge7 d4 exd4
1430,1339,white,600+0,g3 e5 Bg2 d5 d4 Qd6 dxe5 Qxe5 Qxd5 Qxd5
1651,1277,white,300+2,e4 e5 Nf3 Nc6 Bc4 Bc5 O-O d6 h3 h6
1489,1308,draw,300+3,e4 d6 Nf3 h6 Bc4 a6 O-O b5 Bd3 c5
1359,1447,draw,180+8,Nf3 d5 Nc3 d4 Nb5 c5 c3 Bd7 e3 dxe3
1918,1841,black,60+0,e4 e5 f4 Nc6 Nf3 d6 Bc4 Bg4 O-O Nd4
1835,1666,white,300+5,e4 d5 exd5 Qxd5 Nc3 Qd8 Nf3 c6 d4 e6
1851,1744,white,180+3,e4 c5 Nf3 Nc6 c4 d6 d4 e6 d5 Nce7
1596,1520,white,60+8,d4 Nf6 g3 d5 Bg2 Bf5 Nf3 e6 c3 c5
1511,1671,black,180+6,e4 d5 exd5 Nf6 d4 Nxd5 Nf3 e6 Bd3 c5
1499,1556,white,900+0,d4 d6 e4 e6 Nc3 Be7 Nf3 a6 Bd3 Nc6
1760,1500,white,180+0,d4 Nf6 Nc3 e6 Bf4 c5 d5 d6 e4 exd5
1654,1280,white,300+2,e4 e5 Nf3 Nc6 Bc4 Nf6 Ng5 d5 exd5 Na5
1529,1912,white,600+0,e4 e6 Nf3 d5 exd5 exd5 d4 Bd6 Bd3 Ne7
1541,1697,white,240+0,e4 e5 d3 Nc6 h3 Nf6 Be2 Be7 Nf3 d6
1743,2120,black,300+1,d4 Nf6 Nc3 d5 Bf4 e6 Qd3 c5 Nf3 cxd4
1411,1485,white,180+0,e4 e6 Nf3 d5 exd5 Qxd5 d4 Bb4+ Bd2 Bxd2+
1542,1500,white,300+8,e4 d5 exd5 Qxd5 Nc3 Qe6+ Be2 Qc6 Bf3 Qe6+
2087,1963,white,180+0,e4 Nc6 Nf3 e5 Nc3 Nf6 Bc4 Nxe4 Bxf7+ Kxf7
1859,1601,white,180+2,e4 e5 d3 d6 f4 exf4 Bxf4 Nc6 Nf3 Bg4
1640,1438,black,300+7,e4 e5 Bc4 Qf6 f3 Nc6 Nc3 Bc5 Nd5 Qh4+
1858,1837,white,300+0,e4 e6 Nf3 d5 exd5 exd5 c4 c6 d4 Nf6
1478,1370,white,600+10,e4 e5 Bc4 Bc5 Qh5 Qf6 Nf3 d6 O-O Nc6
1694,1531,white,300+0,e4 d5 e5 f6 f4 fxe5 Qh5+ g6 Qxe5 Nf6
1959,1433,white,300+13,e4 e5 Nf3 Nc6 Bc4 Qe7 d3 Nf6 Nc3 d6
1737,1727,white,300+0,f4 d5 Nf3 g6 d4 Bg7 e3 e6 c3 Ne7
1434,1681,black,300+5,e4 d5 exd5 Nf6 Qf3 c6 dxc6 Nxc6 Bb5 Bd7
1749,1559,draw,1800+15,e4 c5 Nf3 d6 d4 cxd4 Nxd4 Nf6 Nc3 g6
1334,1361,white,300+4,d4 Nf6 Nc3 Nc6 Nf3 d5 Bg5 h6 Bxf6 exf6
1648,1505,white,360+2,e3 e5 Bc4 d5 Bb3 c5 d3 Nc6 a3 Nf6
1864,1955,black,180+0,e4 Nc6 d3 e5 f4 d5 exd5 Qxd5 Nc3 Bb4
1660,1702,black,300+5,d4 e6 Nf3 c6 Bg5 Nf6 Nc3 d5 Qd2 Nbd7
1678,1371,white,600+0,e4 e5 Nf3 Nf6 a3 Nc6 d3 Bc5 h3 O-O
1538,1690,black,360+8,f4 c5 Nf3 Nc6 b3 e6 Bb2 d5 e3 Bd7
1847,1524,white,300+0,e4 d5 exd5 Nf6 Bc4 Nxd5 Nf3 Bg4 O-O Nc6
1701,1557,white,240+1,e4 e5 Qh5 d6 Bc4 Nh6 h3 Qf6 d3 Ng8
1803,1500,black,180+0,d4 d5 Nc3 Nf6 Bf4 Nc6 Nb5 e5 dxe5 Nd7
1316,1484,white,300+3,d4 d5 a4 Nc6 e3 Nf6 b4 Bd7 b5 Nb8
1259,1649,white,300+8,h4 e5 h5 Bc5 g4 Qf6 f3 e4 d4 Bxd4
1697,1500,black,480+0,e4 e5 Nf3 Nf6 d3 d5 exd5 Qxd5 Nc3 Bb4
1500,1180,black,300+8,e4 e5 Nf3 Nf6 Nc3 d6 d4 Nc6 dxe5 dxe5
1609,1436,draw,60+8,d4 d5 g3 e6 Bg2 f5 Nf3 Nf6 O-O c5
1447,1549,black,300+8,e4 e5 Nf3 f5 Nxe5 Qf6 d4 d6 Nd3 fxe4
1351,1444,black,360+0,Nf3 d6 Nc3 e5 e4 Nf6 d4 Bg4 h3 Bxf3
1584,1446,black,180+0,e4 c5 Nf3 e6 d4 Nc6 dxc5 Bxc5 Bb5 Qb6
1718,1740,black,300+0,d4 Nf6 e3 d5 Bd3 Nc6 c3 Bg4 Qc2 Qd6
1323,1442,black,300+10,g3 e5 b3 d5 Bb2 e4 h4 f6 h5 Nh6
1755,1896,black,180+0,g3 d5 Bg2 c5 b3 Nc6 Bb2 e5 e3 f5
1682,1517,white,600+0,e4 e5 Nf3 Bc5 d4 exd4 Nxd4 Nc6 Be3 Nf6
1747,1824,black,300+0,d4 Nf6 c4 d5 Nc3 c6 Bg5 e6 Nf3 Be7
1892,1555,black,600+0,e4 e6 d4 d5 e5 c5 Qg4 Nc6 Nf3 cxd4
1610,1282,white,300+8,e4 Nf6 Bc4 d5 exd5 Qd6 Qf3 Bg4 Qb3 Qe5+
1500,1395,white,180+0,d4 d5 Nc3 Nf6 Bf4 h5 Nb5 e5 Bxe5 Bb4+
1685,1500,black,480+0,e4 d5 e5 d4 Nf3 e6 d3 Nc6 Nbd2 f6
1823,1777,black,360+4,e4 c5 Nf3 Nc6 d4 cxd4 Nxd4 Qb6 Be2 Nxd4
1673,2011,white,480+0,e4 d5 e5 Nc6 d4 Bf5 a3 f6 exf6 Nxf6
1510,1690,black,600+0,d4 d5 c4 dxc4 e3 e6 Bxc4 Nf6 Nf3 h6
1751,1709,black,300+0,Nc3 Nc6 Nf3 d5 d4 e6 Bf4 Nf6 Nb5 Bb4+
1504,1621,black,0+8,e4 d6 d4 Nc6 Nf3 Bg4 Be2 e5 d5 Bxf3
1655,1494,black,360+2,e4 e5 Bc4 Nf6 d3 Nc6 a3 Bc5 h3 d6
1280,1245,black,600+5,e3 e5 Qh5 Nc6 d4 g6 Qf3 Nb4 Bc4 Nxc2+
1834,1739,white,300+0,d4 d5 e3 e6 f4 Be7 Bd3 Nf6 Nf3 c5
1633,1458,white,180+0,d4 d5 Nc3 Nf6 Bf4 c6 Be5 e6 a3 Be7
1749,1904,black,180+0,g3 d5 Bg2 c5 b3 Nc6 Bb2 e5 h3 f5
1517,1384,white,420+8,e4 e5 Bc4 Nf6 Nc3 Bc5 d3 Ng4 Nh3 Qf6
1855,1441,white,180+0,e4 e5 d3 d6 f4 exf4 Bxf4 f5 exf5 Bxf5
1708,1706,white,240+1,e4 e5 Qh5 Nf6 Qxe5+
1639,1720,white,360+2,d4 d5 Bf4 e6 e3 Nf6 Bd3 Be7 c3 Nbd7
1738,1550,black,300+0,e4 e5 Nf3 d6 Nc3 h6 Bc4 Nf6 d4 Nbd7
1481,1452,white,360+0,e4 e5 Nf3 d6 Bc4 Qe7 Nc3 Be6 Qe2 Bxc4
1394,1500,black,600+0,Nf3 d5 e3 Bg4 c4 dxc4 Bxc4 Bxf3 Qxf3 c6
1961,1442,white,300+13,e4 d6 Nf3 Nf6 Nc3 g6 Bc4 Bg7 d3 O-O
1278,1616,black,300+8,e3 e5 Bc4 Qf6 Nf3 Nh6 h4 d6 Qe2 Nc6
1614,1650,black,300+5,e4 d5 exd5 Qxd5 Nc3 Qe5+ Be2 Bg4 h3 Bxe2
1719,1587,white,240+1,e4 e5 Qh5 Nc6 Bc4 Qe7 Nc3 Nf6 Qd1 d6
1788,1804,white,720+8,e4 c5 d3 Nc6 g3 g6 Bg2 Bg7 Nf3 Nf6
1278,1411,black,420+7,e4 c5 Nf3 d6 Bc4 Bg4 Be2 Nc6 d3 g6
1592,1726,white,360+5,d4 d5 h3 Nf6 Nf3 e6 a3 b6 Bg5 Nbd7
1518,1524,black,600+5,d4 g6 a4 c6 b4 Bg7 c3 Nf6 e3 O-O
1728,1666,white,0+1,g3 c5 Bg2 Nc6 e3 d6 c3 Bd7 d4 g6
1453,1225,white,300+3,e4 e5 Nf3 d6 d4 exd4 Qxd4 Nc6 Qa4 Bd7
1657,1737,black,0+1,e4 e6 d4 f5 exf5 exf5 c3 Nf6 Bg5 Be7
1566,1721,black,300+0,e4 e5 d3 Nc6 h3 Bc5 Be2 Nf6 Nf3 O-O
1697,1384,white,600+0,e4 c5 Nf3 Nc6 Nc3 d6 a3 e5 d3 Bg4
1844,1758,white,300+0,d4 d5 Nf3 c6 e3 Nf6 Ne5 Nbd7 f4 e6
1714,1277,white,180+0,d4 d5 Nc3 Be6 Bf4 h6 Nb5 Na6 a3 g5
1408,1627,black,120+0,e4 c5 Nf3 Nc6 Bc4 e6 d3 a6 Bf4 b5
1582,1665,black,840+8,d4 d5 Nf3 Nc6 Bf4 Nf6 e3 Bg4 Be2 e6
1987,1696,white,480+0,e4 e5 Nf3 d6 Nc3 Nf6 Bc4 h6 d4 exd4
1496,1604,black,0+8,e4 e6 d4 Ke7 e5 h6 Nf3 d6 Bf4 Nc6
1607,1745,black,1800+15,d4 e6 c4 Nf6 Nc3 Bb4 e3 O-O Ne2 Nc6
1633,1745,white,0+1,e4 e6 d3 f5 c4 fxe4 dxe4 Nf6 Nc3 Bb4
1648,1731,black,0+1,e4 e6 d4 f5 exf5 exf5 Nc3 d5 f4 c5
1748,1854,white,300+0,e4 e6 d4 d5 e5 c5 c3 Nc6 Nf3 Qb6
2095,1963,white,180+0,c4 c5 Nc3 Nc6 Nf3 e5 d3 Nf6 g3 d5
1489,1472,white,0+8,e4 e6 Nf3 c5 Bc4 Nc6 c3 Nf6 d3 d5
1827,1916,white,300+6,e4 c5 Nf3 Nc6 d4 cxd4 Nxd4 g6 Be3 Bg7
1743,1658,black,240+0,d4 g6 c4 Bg7 Nf3 e6 e3 f5 Nc3 Nf6
1653,1447,white,360+2,e4 e5 Bc4 Nc6 a3 Nf6 d3 d6 f4 exf4
1492,1500,black,0+1,d4 e6 c4 d5 Nc3 dxc4 e3 Nc6 Bxc4 Bd6
1739,1639,white,0+1,e3 d5 d4 e5 c4 exd4 Qxd4 c6 Nf3 Nf6
1606,1747,black,360+5,d4 g6 h3 Bg7 Nf3 b6 c3 Bb7 Bf4 e6
1671,1484,black,0+1,c4 e5 Nc3 c5 d3 d6 e4 Nc6 f4 Be6
1892,1810,white,360+4,e4 e5 Bc4 Nf6 Nf3 Nc6 O-O Bc5 d3 d6
1833,2104,black,120+2,d4 d6 e3 g6 Nf3 Bg7 Bd3 c5 O-O Nf6
1691,1991,draw,480+0,e4 c5 c4 Nc6 Nf3 Nf6 d3 g6 Nc3 Bg7
1631,1747,black,0+1,e4 d6 d3 e5 f4 exf4 Bxf4 Be7 Nf3 Bg5
1580,1726,black,240+1,e4 c6 Nf3 d5 e5 e6 d4 Nd7 Be2 c5
1808,2174,black,60+0,d4 c6 c4 d5 Nc3 Nf6 Nf3 dxc4 g3 Bg4
1421,1305,white,300+3,e4 e5 Nf3 Nc6 Bb5 Nf6 Nc3 a6 Bxc6 dxc6
1956,2109,black,180+0,e4 c5 b4 Nc6 b5 Nb8 f4 d6 Nf3 g6
1486,1559,white,600+10,e4 e5 Bc4 Nc6 d3 d6 h3 Nf6 Bg5 Be7
1497,1482,white,0+1,d4 g6 e3 Bg7 Nf3 e6 Bd3 Ne7 c4 O-O
1623,1755,black,0+1,e4 e6 d4 f6 c4 d5 exd5 exd5 c5 b6
2116,1904,black,60+0,d4 Nf6 c4 g6 Nc3 d5 e3 Bg7 a3 O-O
2177,1805,white,60+0,d4 e6 Nf3 d5 e3 c5 b3 cxd4 exd4 Nc6
1440,1500,white,300+5,e4 e5 d4 Nc6 Nf3 exd4 Nxd4 Nxd4 Qxd4 Nf6
2116,1950,white,180+0,e4 Nc6 d4 e5 c3 d5 exd5 Qxd5 dxe5 Qxd1+
1735,1461,white,180+0,d4 f5 Nc3 d5 Bf4 e6 Nb5 Nf6 Nxc7+ Kd7
1461,1500,white,540+9,e4 e5 d4 exd4 Qxd4 Nc6 Qd1 Nf6 Bg5 Be7
1500,1558,white,300+8,d4 d5 Bg5 Nc6 e3 f6 Bh4 e6 Bd3 Nge7
1525,1557,white,600+0,Nf3 e6 d4 d6 g3 Nd7 Bg2 Ngf6 O-O Be7
1392,1506,white,0+1,c4 d6 Nc3 Nc6 d3 e5 e4 Nf6 f4 Be6
1762,1615,black,0+1,e3 d5 d4 g6 c4 Bg7 cxd5 Qxd5 Nc3 Qd8
1762,1615,draw,0+1,e3 d5 d4 b6 c4 Bb7 Nc3 e6 cxd5 Bxd5
1828,1728,white,120+2,d4 d5 e3 Nc6 Nf3 Nf6 Bb5 Bd7 O-O a6
1962,1500,black,300+13,e4 e6 Nf3 Ke7 Bc4 h6 Nc3 c6 d3 d5
1921,2098,white,60+0,e4 c5 d3 Nc6 f4 e5 Nf3 exf4 Bxf4 d6
1455,1367,black,900+10,e4 g5 Nf3 h6 h3 Nf6 d3 Nc6 g4 e5
1658,1757,white,300+0,e4 c5 Nf3 Nc6 d4 cxd4 Nxd4 e5 Nf5 d5
1573,1721,white,300+2,e4 e5 Nf3 Nc6 Bc4 Nd4 Nxd4 exd4 d3 g6
2081,1938,white,60+0,d4 Nf6 c4 g6 Nc3 d5 e3 Bg7 a3 c5
1648,1747,black,0+1,e4 e6 Nf3 f5 exf5 exf5 b3 d5 Bb2 c5
1938,2081,black,60+0,d4 c5 d5 e5 c4 d6 Nc3 f5 e4 Nf6
1270,1387,black,420+7,e4 Nc6 Nf3 Nf6 Bc4 Nxe4 Ng5 Nxg5 d3 d5
1755,1640,white,0+1,e3 c5 f4 Nc6 Be2 d6 d4 Be6 d5 Bxd5
1499,1500,white,0+8,e4 e6 Nf3 d6 d4 g6 Bb5+ c6 Ba4 Bg7
1719,1838,black,120+2,e4 e5 Nf3 d6 Nc3 Nc6 Bc4 Nf6 O-O Be7
1640,1755,black,0+1,f4 e6 e3 d5 Be2 c5 Nf3 Bd7 b3 Bc6
1561,1574,black,840+8,e4 c5 Nf3 e6 Nc3 d6 d3 Nc6 a3 Nf6
1492,1802,white,0+1,d4 e6 c4 d5 cxd5 Nf6 dxe6 Bxe6 Nc3 Bb4
1358,1382,black,600+10,e4 e5 d3 Nc6 a3 Nf6 h3 Bc5 Be3 d6
1602,1764,black,60+8,d4 d5 g3 Nf6 Bg2 c6 Nf3 e6 O-O Nbd7
1640,1755,black,0+1,e4 e6 f4 f5 exf5 exf5 Qe2+ Qe7 Qxe7+ Bxe7
1500,1353,black,300+8,e4 d5 exd5 Qxd5 Nc3 Qa5 d4 e6 Bd2 Qb6
1279,1386,black,900+30,Nf3 d5 Nc3 Nf6 d3 Nc6 e4 dxe4 dxe4 Qxd1+
2088,1931,white,60+0,d4 Nf6 c4 g6 Nc3 Bg7 e3 O-O Bd3 d6
1633,1762,white,0+1,e4 e6 f3 f5 Ne2 fxe4 fxe4 Nf6 d3 d5
1784,1609,black,0+1,d4 g6 c4 Bg7 Nc3 e6 Nf3 Ne7 g3 O-O
1531,1621,black,300+5,d4 d5 Bf4 Nc6 Nc3 Bf5 Nf3 e6 Nb5 Bd6
1392,1500,white,600+10,g4 e5 Nh3 Bc5 Bg2 d5 e4 c6 c3 Nf6
1439,1537,white,600+0,e4 e5 Nf3 Nf6 Nxe5 Nxe4 Qe2 f5 Qh5+ g6
1470,1381,white,540+9,e4 d5 e5 Nc6 Bb5 Bd7 Bxc6 Bxc6 Qg4 h5
1647,1747,black,0+1,f4 e6 e3 d5 Nf3 c5 b3 Bd7 Bb2 Bb5
1729,1857,white,240+0,d4 d5 c4 Nf6 Nf3 e6 Nc3 c5 e3 cxd4
1523,1454,white,600+0,Nf3 Nf6 d4 d5 g3 Nc6 Bg2 Bg4 O-O g6
1701,1401,black,600+0,e4 c5 d3 Nc6 a3 e6 Nc3 d5 exd5 exd5
1847,1712,draw,120+2,d4 Nf6 e3 d6 Nf3 Nc6 Bd3 Nb4 O-O Nxd3
2095,1768,white,60+0,d4 e6 c4 d5 Nc3 Nf6 e3 c5 a3 cxd4
1522,1630,draw,300+5,d4 d5 Bf4 Nc6 Nc3 Bf5 Nf3 e6 Nh4 Bg6
1686,1557,black,1800+15,e4 c5 Bc4 Nf6 Nc3 Nc6 Nf3 e6 d3 d5
1600,1500,black,360+5,d4 d5 h3 c5 Nf3 Nc6 c3 Nf6 Bg5 Ne4
1620,1678,white,0+1,c3 d5 d4 c5 e3 e6 dxc5 Bxc5 b4 Bd6
1781,1720,white,300+8,e4 c6 Nf3 d5 exd5 cxd5 Nc3 Bg4 Be2 e6
1765,2098,black,60+0,d4 d5 c4 e6 Nc3 f5 Nf3 Nf6 g3 Be7
1618,1696,white,0+1,b3 e6 Bb2 d5 e3 c5 g3 Nc6 c3 Nf6
1681,1838,black,240+0,d4 e6 Nf3 d5 e3 Nf6 Be2 c5 O-O cxd4
1632,1763,black,0+1,e4 e6 f3 f5 exf5 exf5 b3 Be7 Nc3 Bf6
1395,1536,black,900+0,Nf3 e6 Nc3 d6 d4 Nf6 Bg5 Be7 e4 Nc6
1500,1261,white,300+8,e4 e5 Nf3 Nf6 Nc3 Bc5 Nxe5 Ng4 Qxg4 d6
1369,1406,white,720+3,d4 b6 c4 Bb7 Nc3 Nf6 Qc2 e6 e4 d6
1667,1691,white,600+0,e4 e5 Nf3 d6 Bc4 h6 d4 exd4 Nxd4 Nf6
1631,1633,black,0+1,e4 f5 exf5 e5 g4 Nf6 f3 d6 h3 b6
1595,1564,draw,600+8,e4 e5 Bc4 Nf6 d3 h6 Nf3 d6 h3 Bd7
1770,1625,white,0+1,e3 c5 d4 cxd4 Qxd4 Nc6 Qd1 g6 Bb5 Bg7
1428,1442,draw,360+0,Nf3 d6 e4 e5 h3 Nf6 Nc3 a6 Bc4 Qe7
1623,1550,white,300+7,e4 c5 Bc4 e6 Nf3 Nf6 d3 d5 exd5 exd5
1588,1597,black,180+2,e4 e5 Nf3 d5 exd5 e4 Qe2 Qxd5 d3 Nf6
1580,1584,white,840+8,e4 c5 Bc4 e6 f3 d6 d4 cxd4 Qxd4 Nc6
1635,1766,black,360+0,e4 e5 Bc4 Nc6 d3 Be7 a3 d6 Be3 Nf6
1706,1733,black,180+1,c4 f5 b3 Nf6 Bb2 e6 Nc3 Be7 g3 b6
1678,1683,white,600+0,e4 b6 d4 Bb7 d5 Nf6 Nc3 e6 a3 Qe7
1631,1777,black,0+1,d4 e6 c4 f5 Nc3 Nf6 e3 Bb4 f4 Bxc3+
1420,1444,white,180+10,e4 e5 f4 Nf6 Nf3 Nxe4 Bc4 exf4 d3 Nd6
1744,1660,black,240+0,d4 d5 c4 c6 Nf3 e6 e3 Nf6 c5 Be7
1632,1619,black,0+1,e3 c5 d4 cxd4 Qxd4 Nc6 Qd1 g6 b3 Bg7
2155,2101,white,60+0,Nf3 c5 b3 Nc6 Bb2 d5 e3 e6 d4 f5
1621,1630,black,0+1,d3 c5 e4 Nc6 f4 g6 g4 Bg7 c3 d6
1845,1696,black,300+2,d4 d5 e3 e6 Bd3 Nf6 f4 c5 c3 a6
1394,1485,white,600+10,e4 e6 d4 c5 d5 Nf6 Bd3 c4 e5 Nxd5
1531,1292,white,300+2,d4 d5 c4 e6 Nc3 Nf6 Bg5 Be7 Nf3 Bd7
1631,1444,white,300+3,e4 c5 Bc4 e6 d3 Nc6 Nc3 a6 Nf3 Qc7
1208,1716,black,300+3,d4 d5 c4 Nf6 h4 e6 Nh3 c6 Nc3 Bb4
1608,1578,black,180+2,e4 e5 Nf3 Nc6 d4 exd4 Nxd4 d6 Nxc6 bxc6
1308,1626,black,300+5,e4 Nc6 Bc4 e5 d3 Bc5 Qe2 Nf6 h3 O-O
1593,1621,draw,60+8,d4 g6 g3 Bg7 Bg2 Nc6 Nf3 e6 c3 d5
1632,1436,white,300+7,e4 e5 Bc4 g6 Nf3 d6 Nc3 c6 d3 b5
1609,1482,white,0+1,b3 e6 Bb2 Nc6 f3 b6 g4 Bb7 Bg2 f6
1842,1743,black,120+2,d4 f5 e3 Nf6 Nc3 e6 Bd3 b6 Nge2 Bb7
1257,1492,black,420+7,e4 e5 Nf3 Qh4 c3 Qxe4+ Be2 g5 O-O g4
1237,1500,white,300+2,e4 Nc6 d4 Nxd4 Qxd4 Nf6 Bg5 h6 Bxf6 exf6
1627,1671,white,120+2,e4 e5 Bc4 Nc6 d3 Nf6 a3 d6 h3 Be6
1500,1605,white,60+8,e4 c6 d4 d5 Nc3 dxe4 Nxe4 Bf5 Ng3 Bg6
1617,1608,white,0+1,e3 d5 g3 e6 Bg2 c5 b3 Nc6 Bb2 Be7
1407,1541,white,720+3,d4 d5 c4 c6 Nf3 Bg4 Ne5 Bf5 cxd5 Qxd5
1451,1225,white,480+8,e3 e5 c3 d5 g3 Nc6 Bb5 a6 Bxc6+ bxc6
1404,1578,white,60+1,d4 e5 Nf3 exd4 Nxd4 Bc5 c3 Bxd4 Qxd4 Qf6
1731,1800,white,240+0,d4 d5 c4 Nf6 Nf3 e6 e3 c6 a3 a5
1355,1827,black,300+2,e4 e6 Nf3 d5 Nc3 d4 Nb5 c5 c3 a6
1591,1486,white,360+5,d4 d5 h3 e6 Nf3 c5 Bg5 Nf6 c3 h6
1673,1716,white,300+5,d4 Nf6 Nf3 g6 Bg5 Ne4 Bh4 Bg7 e3 O-O
1500,1267,white,0+8,e4 e5 Nf3 Nf6 d4 exd4 Qxd4 Nc6 Qd3 Bc5
1627,1575,black,0+1,c4 e5 d3 f5 b4 d6 Bb2 Nf6 f3 Be7
1697,1500,white,360+8,e4 e6 Nf3 Nf6 d3 Nc6 Nc3 Bb4 Bd2 e5
1507,1638,black,0+8,e4 e6 Nf3 Ke7 d4 c5 Bg5+ f6 Be3 cxd4
1432,1432,black,180+10,e4 c5 Nf3 Nc6 d4 cxd4 Nxd4 e5 Nf3 Nf6
1666,1742,black,180+0,d3 g6 Kd2 Bg7 f3 b6 e4 Bb7 c3 a6
1800,1798,white,360+4,e4 e5 Nf3 Nc6 Bc4 Bc5 c3 Nf6 d4 exd4
1611,1615,black,0+1,d4 e6 c4 d5 Nc3 dxc4 e3 c6 Bxc4 b5
1251,1361,white,420+7,e4 e5 Nf3 d6 Bc4 Bg4 Be2 Bxf3 Bxf3 Nc6
1535,1711,black,300+2,d4 d5 c4 e6 Nc3 Nf6 Bg5 dxc4 e3 h6
1045,1717,black,300+3,e3 Nc6 Be2 Nf6 Nf3 b6 d3 Bb7 Bd2 h5
1640,1428,white,360+0,e4 c5 d4 cxd4 Qxd4 Nc6 Qd1 a6 Bd3 e5
1430,1638,black,300+7,d4 d5 e3 Bf5 g4 Bg6 f4 h6 f5 Bh7
1578,2190,white,0+1,c4 d6 Nc3 Nf6 d3 c5 e4 g6 f4 Bg7
1582,2188,black,0+1,d4 d6 c4 Nf6 e3 g6 Nc3 Bg7 Bd2 O-O
1574,1735,white,60+8,e4 c5 Nf3 d6 Bc4 Nc6 d4 cxd4 Nxd4 Nf6
1471,1708,black,600+8,e4 e6 d4 d5 Nc3 Ne7 Nf3 Ng6 exd5 exd5
1505,1260,black,180+6,e4 e5 Nf3 Nc6 Bb5 g6 c3 Nf6 d3 a6
1599,1478,white,360+5,d4 d5 h3 a6 Nf3 e6 a3 Nf6 Bg5 h6
1798,2091,black,60+0,e4 c5 Nf3 Nc6 d4 cxd4 Nxd4 e5 Nf3 Bc5
1672,1787,black,300+0,e4 c5 Nf3 Nc6 d4 cxd4 Nxd4 e5 Nf5 d6
2189,1580,white,0+1,e4 g6 Nc3 Bg7 d4 f6 Nf3 e5 Be3 exd4
1790,2099,black,60+0,e4 c5 Nf3 Nc6 d4 cxd4 Nxd4 e5 Nb5 a6
1561,1422,white,60+1,e4 d5 exd5 Qxd5 Nc3 Qd8 d4 Nc6 Nf3 Nf6
1750,1635,white,180+0,g3 e6 Bg2 Ke7 b3 g6 Bb2 Nf6 Ba3+ d6
2095,1794,white,60+0,d4 Nf6 c4 e6 Nc3 d5 Bd2 c5 e3 cxd4
1630,1707,black,300+5,e4 e5 Nf3 d6 Bc4 Be7 O-O Nf6 d4 Nxe4
1427,1346,white,900+10,e4 b6 h3 g6 g3 e6 Bg2 Bb7 d3 Na6
1341,1717,black,300+2,e4 c5 Nf3 b6 d4 cxd4 Nxd4 Bb7 Nc3 g6
1841,1431,white,180+0,d4 d5 c4 c6 Nc3 Nf6 Bg5 h6 Bxf6 gxf6
1945,1640,white,300+13,e4 e5 Nf3 d6 Bc4 h6 Nc3 a6 d3 b5
2133,1684,white,0+1,d4 d5 c4 dxc4 Nc3 e6 Nf3 Nf6 e4 Be7
1423,1873,black,120+0,g3 d6 Bg2 e5 Nf3 g6 O-O Bg7 b3 Ne7
2160,1634,black,0+1,e4 g6 Nc3 Bg7 d4 e6 Be3 Ne7 Qd2 O-O
1195,1456,black,600+8,e4 e6 d3 Bc5 c4 Qf6 Bd2 Qxf2#
1478,1648,white,300+8,e4 c5 a3 d6 b4 cxb4 axb4 Nc6 b5 Ne5
1689,2131,black,0+1,c4 e6 Nc3 d5 d3 Nf6 cxd5 exd5 e4 Bd6
1594,1720,white,60+8,d4 d5 g3 Nf6 Bg2 e6 Nf3 Be7 c3 O-O
1531,1421,black,60+1,d4 b6 e3 Bb7 Bd3 Bxg2 Nf3 Bxh1 Nc3 Bg2
1269,1646,black,360+8,d4 d5 e3 c6 Nf3 b5 b3 e6 Bb2 Bb4+
1442,1762,white,60+0,e3 e6 Ke2 d5 d4 c5 b3 cxd4 exd4 Nf6
1812,1778,black,360+4,e4 c5 Nf3 Nc6 d4 cxd4 Nxd4 Qb6 c3 g6
1719,1829,black,300+2,c4 e5 b3 Nf6 Bb2 d6 Nc3 Be6 g3 Be7
1664,1364,white,300+0,e4 e6 Nf3 g6 d4 c5 d5 exd5 Qxd5 Ne7
1630,1497,white,600+8,e4 e5 Nf3 Nc6 Bb5 Qf6 O-O Nd4 Nxd4 exd4
1645,1712,black,360+0,e4 e6 d4 d5 e5 c5 f4 Nc6 Nf3 Qb6
1643,1622,black,300+7,e4 c5 Bc4 e6 d4 d5 exd5 exd5 Bb5+ Nc6
1430,1444,black,720+3,d4 d5 c4 e5 dxe5 d4 Nd2 Nc6 Ngf3 Bg4
1500,1658,black,120+2,d4 d5 c4 Nf6 Nc3 e6 e3 Nc6 Nf3 Bd6
1685,1773,black,300+5,d4 Nf6 Nf3 e6 Bg5 d5 Nc3 c6 e3 Nbd7
1949,1636,white,300+13,e4 b6 Nf3 Bb7 Nc3 g6 Bc4 Bg7 d3 d6
1483,1552,white,60+5,e4 e5 Nc3 Nf6 Bc4 Bb4 Nge2 c6 a3 Ba5
1725,1399,white,300+5,e4 c5 Bc4 Nc6 Nf3 e6 O-O a6 a3 b5
1744,1716,black,240+0,d4 d5 c4 c6 Nf3 e6 e3 Bd6 c5 Bc7
1718,1044,white,300+3,e4 d5 exd5 Qxd5 Nc3 Qd4 Nf3 Qb4 Qe2 e6
1680,2136,black,0+1,d4 e6 c4 c5 e3 cxd4 exd4 Nc6 Nf3 Nf6
2138,1676,white,0+1,d4 b6 c4 Bb7 Nc3 c5 d5 d6 e4 g6
1487,1490,white,0+8,e4 b6 d4 Bb7 Bd3 g6 Nf3 Bg7 O-O Nf6
1268,1172,black,600+5,Nf3 d5 Nc3 c6 d4 b5 e3 Bg4 Be2 Nd7
1743,1730,white,60+0,d4 d5 c4 Nf6 Nc3 e6 cxd5 exd5 Nf3 Bb4
1324,1441,black,360+0,e4 e5 Nf3 d6 d4 Bg4 Be2 Bxf3 Bxf3 Be7
1575,1450,black,720+0,d4 d5 e3 Nf6 c4 c6 c5 Ne4 Bd3 Qa5+
1780,1621,black,300+0,g3 e5 Bg2 d5 Nf3 Nc6 d3 Bg4 O-O Bxf3
1610,1758,white,180+0,e3 g6 Ke2 Bg7 f3 b6 g3 Bb7 Bg2 d6
1719,1755,black,60+0,e4 e6 Nc3 d6 Nf3 d5 d4 dxe4 Bg5 Nf6
1760,1637,black,180+0,e4 e5 Nf3 d6 Bc4 Nf6 d3 Bg4 c3 Be7
1601,1471,white,600+10,Nf3 e6 c4 c5 Nc3 b6 g3 Bb7 Bg2 Bd6
1672,2140,black,0+1,d4 c5 c4 cxd4 Qxd4 Nc6 Qd1 Nf6 Nc3 g6
1548,1280,white,-,e4 e5 d3 Ne7 c4 Nbc6 Nf3 f6 Nc3 a6
1498,1479,white,0+8,e4 Nf6 e5 Nd5 d4 e6 Bc4 g6 c3 Bg7
2143,1669,black,0+1,d4 g6 c4 Bg7 Nc3 d5 e4 dxe4 Nxe4 e6
1637,1763,white,300+0,e4 b6 d4 Bb7 Nc3 a5 Nf3 e6 Bc4 Bb4
1669,2143,black,0+1,d4 e6 c4 c5 e3 Nc6 d5 Nf6 dxc6 bxc6
1631,1709,white,60+0,e4 e5 c4 Nc6 Nc3 Nf6 d3 Bb4 h3 Bxc3+
1729,1706,draw,300+5,c4 Nf6 Nc3 d5 cxd5 Nxd5 d4 e6 Nf3 Bb4
2113,1719,white,0+1,e4 d5 Nc3 d4 Nce2 c5 Nf3 e5 Ng3 f6
1751,1884,black,180+3,e4 e5 Nf3 Nc6 Bb5 a6 Ba4 Nf6 O-O Be7
1487,1388,black,360+0,d3 d5 e3 c5 h3 Nc6 g3 e5 b3 Nf6
1086,1445,black,240+6,e4 e5 d3 Nc6 Nc3 Bc5 Nh3 d6 Nd5 Bxh3
1594,1674,white,600+8,e4 e5 Bc4 Nf6 d3 Nc6 Bg5 d6 h3 Be7
1645,1695,white,60+0,e4 e5 c4 Nc6 Nc3 Bc5 d3 Bd4 h3 Nf6
1529,1560,black,300+0,d4 d5 c4 dxc4 Nc3 e6 e3 h6 Bxc4 Nf6
1732,1682,white,240+0,d4 d5 c4 dxc4 e4 b5 a4 c6 b3 cxb3
1308,1500,black,600+0,e4 e5 d3 Bc5 Nf3 a6 Qd2 d6 Nc3 c6
1745,2123,white,180+0,e4 e5 Nf3 Nc6 Bc4 Bc5 c3 Nf6 d3 d6
1743,1657,white,180+0,g3 e6 Bg2 Ke7 b3 c6 Bb2 d6 h3 Bd7
1336,1227,black,720+2,d4 e6 Nf3 Bd6 e3 Nf6 Be2 O-O O-O Nd5
1422,1527,black,300+1,e4 d5 exd5 Qxd5 Nc3 Qd4 Nf3 Qb4 d4 Nf6
1614,1070,white,60+8,d4 d5 g3 e6 Bg2 Nf6 Nf3 Nc6 c3 b6
1652,1727,white,300+1,d4 d5 e3 c6 Bd3 e6 f4 f5 Nf3 Nf6
1855,1633,white,480+0,e4 e5 Nf3 Nc6 Bc4 h6 c3 d6 d4 a6
2116,1786,white,60+0,e4 c5 Nf3 Nc6 Nc3 d6 d4 cxd4 Nxd4 g6
1257,1438,black,0+8,e4 e5 Bc4 Nf6 Nf3 Nc6 Ng5 d5 Bxd5 Nxd5
1548,1722,white,420+0,d4 e5 d5 Nf6 c4 Bc5 Nc3 c6 d6 Ng4
1995,2102,black,180+0,d4 Nf6 c4 e6 Nc3 d5 cxd5 exd5 Nf3 Be7
1683,1658,black,60+0,e4 c5 Nc3 Nc6 Nf3 e5 Bb5 d6 d3 Be7
1700,1556,white,480+0,e4 c5 c4 Nc6 d3 Nf6 Nc3 g6 Bg5 Bg7
1782,2120,black,60+0,e4 c5 Nf3 Nc6 d4 cxd4 Nxd4 Nf6 Nc3 e6
1509,1469,black,0+8,e4 b6 Nf3 Bb7 d3 g6 Be2 Bg7 Bg5 Bxb2
1633,1751,white,180+0,e3 g6 Ke2 Bg7 f4 b6 h3 Bb7 Nf3 h6
1747,1652,black,300+0,c4 e5 Nc3 Nc6 g3 Bb4 a3 Bxc3 bxc3 d6
1307,1322,white,720+2,d4 d5 c4 c6 a4 e6 e3 Nf6 Nc3 Bb4
1954,1633,white,300+13,e4 g6 Nf3 Bg7 Bc4 e6 d3 Qf6 Nc3 Nc6
1670,1671,black,60+0,e4 e5 c4 Nc6 Nc3 Bb4 d3 Nf6 h3 O-O
1532,1456,white,900+0,e4 e5 Qf3 Qf6 d3 d6 h3 Nc6 c3 Be6
1243,1296,black,300+2,e4 e5 Nf3 Nc6 Nc3 Nf6 Bc4 Bc5 d3 d6
1766,2125,black,60+0,d4 c5 d5 e6 c4 Nf6 Nc3 exd5 cxd5 d6
1608,1542,white,600+8,e4 d6 d4 e6 Nc3 Be7 Nf3 a6 Bc4 b5
1267,1360,white,420+7,e4 e5 Nf3 d6 Bc4 h6 d4 Nc6 d5 Na5
1496,1481,black,0+8,e4 b6 Nf3 Bb7 d3 g6 Be2 Bg7 Bg5 Bxb2
1485,1492,white,0+8,e4 b6 d4 Bb7 e5 e6 Nf3 d6 exd6 cxd6
1480,1240,black,0+8,e4 e5 f4 Nc6 fxe5 Nxe5 Nf3 d6 d4 Nxf3+
1409,1536,black,300+2,e4 c5 Bc4 d6 Qf3 e6 d3 Nc6 c3 Ne5
1659,1682,black,60+0,e4 d5 d4 dxe4 c4 Nf6 Be3 e5 d5 c6
1468,1736,black,300+5,e4 g6 Nf3 d6 d4 Nf6 Nc3 Bg7 Bb5+ Nbd7
1454,1517,white,900+1,e4 d5 e5 d4 d3 Nc6 Nf3 Bg4 Bf4 Qd5
1679,1570,white,300+0,d4 d5 Nf3 e6 Bf4 h6 h3 Nf6 e3 Bd6
1731,1589,white,300+0,g3 c6 Bg2 e5 d3 Nf6 Bg5 Be7 Bxf6 Bxf6
1496,1672,white,180+6,e4 e5 Nf3 d6 Bc4 h6 h3 c6 O-O Be7
1987,1885,white,600+1,e4 c5 Nf3 d6 d4 cxd4 Nxd4 Nf6 Nc3 a6
1615,1620,black,60+8,d4 d5 g3 Nf6 Bg2 c6 Nf3 Bg4 c3 Nbd7
1892,1765,black,180+3,e4 e5 Nf3 Nc6 d4 exd4 Bc4 Bb4+ c3 dxc3
1606,1650,black,360+5,d4 e6 h3 c5 Nf3 cxd4 c3 dxc3 bxc3 a6
1692,1649,white,60+0,e4 c5 d4 cxd4 Nf3 Nc6 Nxd4 e5 Nxc6 bxc6
1502,1295,white,1800+0,e4 e5 Bc4 Nf6 Nf3 Qe7 Ng5 d5 exd5 Nxd5
1706,1677,white,240+3,e4 d5 exd5 Qxd5 Nc3 Qd8 d4 c6 Nf3 e6
1413,1201,black,300+1,e4 e5 Nf3 d6 d4 Bg4 Be3 Bxf3 Qxf3 exd4
1799,1500,white,300+8,d4 d5 c4 e6 Nf3 Nf6 Bg5 h6 Bh4 g5
1639,1701,white,60+0,e4 d5 e5 Nc6 f4 Nh6 h3 e6 d4 Bb4+
1741,1712,white,240+0,d4 d5 c4 e6 e3 Nf6 Nf3 a6 a3 c5
1898,1745,white,480+0,Nf3 d5 d4 c5 g3 Nc6 Bg2 e6 O-O g6
1499,1535,white,300+3,e4 d5 exd5 Qxd5 Nc3 Qe6+ Nge2 Nc6 g3 Nf6
1758,1521,white,300+0,e4 e5 Qh5 Nf6 Qxe5+ Be7 d3 O-O Be2 Nc6
1601,1527,white,60+8,d4 b6 Nf3 Bb7 g3 e6 Bg2 d5 O-O a6
1607,1243,white,600+0,c3 d5 g3 Be6 d4 g6 Bf4 Bg7 e3 Nf6
1728,1506,white,300+5,e4 e5 Bc4 c6 Nf3 d5 exd5 cxd5 Bb5+ Bd7
1484,1586,black,60+8,b3 e5 Bb2 Nc6 e3 a6 Nf3 d6 d4 Bg4
1513,1656,white,180+6,e4 e5 Nf3 d6 Bc4 h6 O-O Nf6 Re1 Be7
1779,1220,white,300+8,Nf3 a5 Nc3 Ra6 a4 Nh6 d4 Nf5 g4 Nxd4
1793,1716,white,480+4,d4 e6 a3 d5 c4 Ne7 Nc3 c6 c5 Ng6
1799,1705,black,420+0,e4 e6 Nf3 d5 exd5 exd5 c3 Bd6 d4 Nf6
1387,1496,white,60+10,e4 e5 Nf3 Nc6 d4 Qf6 d5 Nd4 Be2 Bc5
1286,1262,white,60+10,e4 e5 d4 f6 dxe5 fxe5 Qh5+ Ke7 Qxe5+ Kf7
1654,1585,white,900+0,e4 d5 exd5 Qxd5 Nc3 Qa5 d4 c6 Nf3 Bg4
1689,1652,black,60+0,e4 c5 d4 cxd4 Nf3 Nc6 Nxd4 e5 Nxc6 bxc6
1667,1850,draw,300+5,e4 c5 Nf3 d6 Bc4 e6 O-O a6 d4 cxd4
1541,1752,black,900+0,e4 c5 Qf3 Nc6 c3 e6 d3 Nf6 Bg5 Be7
1558,1648,black,300+0,e4 g6 f4 Bg7 Nc3 d6 d4 Nd7 Nf3 e5
1641,1762,draw,240+0,d4 f5 c3 Nf6 Nd2 e6 Ngf3 b6 g3 Bb7
1394,1289,white,300+1,e4 b6 Nf3 Bb7 Nc3 Nf6 e5 Bxf3 Qxf3 Ng8
1657,1781,draw,300+0,e4 e5 Nf3 Nc6 Bc4 Be7 d3 d6 Nc3 Na5
1740,1463,white,300+5,d4 d5 Nf3 Nc6 e3 Bg4 c4 dxc4 Nc3 Nf6
1709,1681,black,900+0,e4 e5 c4 Bc5 Nf3 Nc6 Na3 a6 d3 Nf6
1583,1739,white,300+0,e4 b6 Nf3 Bb7 Be2 c5 d3 Nc6 Nc3 f6
1664,1677,black,60+0,e4 d5 exd5 Qxd5 Nc3 Qa5 d4 Nf6 Bd2 e6
1877,1830,white,600+1,e4 e5 Nf3 Nc6 Bc4 Nf6 Ng5 d5 exd5 Na5
1745,1717,black,180+0,d4 c5 e3 cxd4 exd4 Nf6 Be3 e6 Bd3 Qb6
1159,1417,black,300+0,d4 d5 Nf3 Nc6 c3 Bg4 Nbd2 Qd6 e4 f6
1594,1522,white,240+3,e4 d5 exd5 Qxd5 Nc3 Qe6+ Be2 g6 Nf3 Nf6
1211,1788,black,300+8,Nh3 Nf6 Na3 Nc6 Nc4 e5 Ng5 h6 Nh3 b5
1751,1714,white,240+0,d4 d5 c4 c6 e3 e6 c5 Nf6 Nf3 Be7
1251,1296,black,60+10,d4 d5 e3 Nc6 a3 e5 Nf3 e4 Nfd2 Nf6
1687,1653,white,60+0,e4 d5 exd5 Nf6 Nc3 Nxd5 Nf3 Nxc3 bxc3 g6
1621,1852,black,300+8,e4 e5 Nf3 Nc6 c4 Nf6 d3 h6 Nc3 Bb4
1400,1242,white,360+2,e4 e5 Bc4 h6 Qh5 Qf6 Nf3 Nc6 c3 d6
1667,1716,white,240+3,e4 e5 Nf3 f5 d3 Nf6 Nc3 Bb4 exf5 d6
1722,1598,white,300+0,e4 e5 f4 exf4 Nf3 h6 Bc4 Be7 O-O d6
1528,1485,white,180+6,e4 e6 Nf3 d5 exd5 exd5 d4 h6 h3 Nf6
1278,1157,white,60+10,e4 e5 d4 f6 dxe5 fxe5 Qh5+ Ke7 Qxe5+ Kf7
1538,1475,black,180+6,e4 e5 Nf3 Nc6 Bb5 Bc5 O-O Nf6 Re1 d6
1609,1428,black,300+8,Nf3 d5 d4 e6 Bf4 Nf6 e3 Nc6 c3 h6
1479,1403,draw,60+10,e4 e5 Nc3 Nf6 Bc4 c6 d3 a5 a3 d5
1509,1233,black,1800+0,e4 e5 Bc4 Nf6 Nf3 h6 Nxe5 d5 exd5 Nxd5
1729,1732,white,180+0,e4 e5 Nf3 d6 Bc4 c5 Nc3 Nc6 h3 Be6
1772,1876,black,180+3,e4 e5 Nf3 Nc6 Bb5 a6 Ba4 Nf6 O-O Be7
1643,1697,black,60+0,e4 e5 c3 d5 exd5 Nf6 c4 Bc5 Nc3 Bf5
1374,1431,white,0+8,e4 e5 Nf3 Nc6 Bb5 d6 d4 Bd7 Bxc6 bxc6
1307,1439,black,300+2,b4 d5 Bb2 e6 a3 c5 b5 a6 e3 axb5
1739,1737,white,180+0,e4 g6 d4 Bg7 c3 b6 Nf3 Bb7 Bf4 Bxe4
1459,1744,black,300+5,e4 e5 Nf3 Nf6 Nc3 d6 d4 Bg4 Be2 Bxf3
1486,1731,black,600+0,e4 e5 Nf3 d6 Bc4 c6 O-O Be7 d4 exd4
1734,1550,black,300+0,e4 b6 Nf3 Bb7 Nc3 e6 d4 Bb4 Qd3 Bxc3+
1494,1820,black,300+8,e4 e5 Nf3 Nc6 Bb5 d6 Bxc6+ bxc6 O-O c5
1706,1634,white,60+0,e4 d5 exd5 Nf6 Bc4 Nxd5 Nf3 e6 Nc3 c6
1502,1470,white,900+1,d4 d5 Bf4 Nc6 Nf3 Nf6 e3 e6 c4 dxc4
1665,1701,black,180+1,d4 d5 e3 e6 Bd3 Nf6 f4 c5 c3 a6
1759,1645,black,240+0,e4 g6 Bc4 Bg7 Qf3 e6 Ne2 Ne7 O-O O-O
2015,1785,white,420+0,e4 e5 Nf3 Nc6 d4 exd4 Bb5 Bc5 O-O a6
1280,1403,white,300+1,d4 e6 e3 d5 c4 dxc4 Bxc4 Nc6 Bb5 Bd7
1436,1352,white,60+1,d4 d5 e3 f5 Bd3 Nf6 c4 g6 Nf3 Bg7
1625,1715,white,60+0,e4 e5 c4 Nc6 Nc3 Bb4 d3 Nf6 h3 O-O
1720,1748,white,420+0,Nf3 Nf6 c4 g6 d4 Bg7 Qc2 c5 d5 d6
1483,1421,black,300+0,e4 d5 exd5 Qxd5 Nc3 Qa5 d3 Nc6 Bd2 Bf5
1677,1530,black,60+0,e4 d5 Nc3 dxe4 Nxe4 f5 Ng3 Nf6 Nf3 e5
1958,1738,white,300+13,e4 c5 Bc4 Nc6 Nf3 d6 Nc3 Nf6 Ng5 e6
1659,1744,white,240+0,d4 f5 c3 Nf6 Nf3 b6 g3 Bb7 Bg2 e6
1562,1744,black,300+0,e4 c5 d3 d6 a3 e6 Nc3 a6 Bd2 Nc6
1639,1701,white,60+0,e4 d5 exd5 Qxd5 d4 e5 Be3 Nc6 c4 Qa5+
1565,1667,white,300+0,e4 e6 d4 d5 exd5 exd5 Bd3 Nc6 Nf3 Bg4
1330,1500,black,0+5,e4 e5 Qf3 Nf6 Bc4 Nc6 d3 Bc5 Bg5 O-O
1821,1900,black,540+0,e4 c5 Nf3 Nc6 d3 g6 Nc3 Bg7 Bd2 Qb6
1591,1730,black,300+0,e4 e5 Nf3 Nc6 Bc4 Bc5 c3 h6 a4 Nf6
1597,1734,black,600+0,e4 e5 Bc4 Nc6 d3 a6 Nc3 Nf6 Bb3 Bb4
1307,1241,white,60+10,e4 e5 d4 d6 d5 g6 Nc3 a6 Nf3 h6
1652,1689,white,60+0,e4 d5 exd5 e5 d4 exd4 Qxd4 Bd7 c4 Na6
1802,1996,black,480+4,d4 Nf6 c4 e6 a3 d5 Nc3 c6 c5 Nbd7
1761,1708,white,240+0,d4 Nf6 c4 d5 e3 c6 Nf3 g6 b4 Bg7
1608,1258,white,0+5,e4 e5 Nf3 g6 d4 exd4 Qxd4 b6 Qxh8 Ne7
1616,1579,white,300+0,e4 b6 d4 Bb7 Nc3 e6 Be3 Bb4 Qd3 Nf6
1536,1662,black,60+0,d4 d5 c4 Nf6 Nc3 dxc4 Bg5 e5 dxe5 Qxd1+
1536,1786,black,900+0,e4 e5 Qf3 Qf6 d3 Bc5 Be3 d6 Bxc5 dxc5
1370,1449,white,360+0,e4 e5 Nf3 d6 Bc4 Qe7 O-O Be6 d4 Bxc4
1845,1672,white,300+5,d4 d5 c4 dxc4 e3 Nc6 Bxc4 e6 Nf3 Bb4+
1299,1512,black,300+2,b4 d5 Bb2 e6 a3 Nf6 e3 Be7 c4 c6
1476,1274,white,300+3,d4 g6 Nf3 Bg7 Bf4 d6 g3 Nc6 c3 Bg4
1737,1334,white,300+0,e4 e5 f4 Nc6 Nf3 exf4 Bc4 Nf6 Nc3 Bc5
1596,1489,white,180+2,e4 e5 Nf3 d6 Nc3 Ne7 d4 exd4 Qxd4 Nbc6
1669,1576,white,900+0,d4 d5 c4 dxc4 e4 b5 a4 c6 Nc3 Ba6
1525,1603,black,0+8,e4 b6 Nf3 Bb7 e5 e6 d4 c5 c3 cxd4
1500,1669,black,60+0,e4 e5 Nf3 Nc6 Be2 Nf6 d3 Bc5 Nbd2 d5
1472,1287,white,480+8,d4 d5 c4 dxc4 e4 e5 a3 exd4 Bxc4 d3
1741,1590,white,600+0,e4 e5 Nf3 Nc6 Nc3 Bc5 Bb5 d6 Bxc6+ bxc6
1411,1490,white,1800+0,e4 e5 Nf3 Nc6 d4 Bb4+ Bd2 Bxd2+ Qxd2 d6
1637,1652,white,300+7,e4 e5 Nf3 Nc6 Bb5 d6 O-O a6 Ba4 b5
1435,1470,black,300+0,e4 e5 Bc4 Bc5 d3 Qh4 g3 Qf6 Nf3 d6
1735,1732,black,420+0,d4 e5 dxe5 d6 exd6 Bxd6 Nf3 Nf6 Bg5 O-O
1630,1607,black,300+5,e4 d6 d4 Nf6 Bd3 g6 h3 Bg7 c3 O-O
1680,1604,white,180+2,e4 e5 Nf3 d5 Nxe5 dxe4 f4 f6 Qh5+ Ke7
1629,1454,white,180+10,d4 d5 e3 c5 Bb5+ Nc6 dxc5 Qa5+ Qd2 Qxb5
1538,1700,white,600+0,e4 d5 Qf3 Nf6 d3 e6 Bg5 Bb4+ c3 Be7
1653,1662,black,60+0,e4 e5 Nf3 Nc6 Bc4 Nf6 d3 Bc5 Bg5 d6
1640,1674,draw,60+0,e4 e5 Nf3 Nc6 Bc4 Nf6 Ng5 d5 exd5 Na5
1449,1453,white,420+7,e4 e5 Nf3 d6 d3 h6 Nc3 Nc6 d4 exd4
1405,1477,white,60+10,e4 c5 d4 cxd4 Qxd4 Nc6 Qd3 e5 Nf3 h6
1673,1641,black,60+0,e4 c5 Nc3 g6 Bb5 Bg7 Nf3 a6 Bc4 b5
1438,1467,black,300+0,e4 e5 Bc4 Bc5 Qf3 Qf6 d3 Nc6 Nc3 Nd4
1830,1458,white,900+1,d4 d5 c4 c6 Nc3 dxc4 e4 Be6 d5 cxd5
1883,1541,white,300+6,Nf3 d5 d4 Nc6 c4 e6 Nc3 Nf6 e3 Be7
1430,1136,white,300+5,e4 c5 c4 Nc6 d3 Nf6 Bg5 h6 Bxf6 exf6
1516,1704,black,0+8,e4 e5 Nf3 Nf6 d4 Nxe4 Nxe5 d6 Nf3 Be7
1770,1535,white,300+20,e4 e5 Nf3 Nc6 Bc4 Bc5 O-O d6 c3 h6
1480,1425,black,300+0,e4 d5 exd5 Qxd5 Nc3 Qe6+ Be2 Nc6 d3 Nd4
1663,1640,black,900+0,e4 e5 Nf3 d6 Bc4 Be7 O-O Nf6 d3 c6
1648,1540,black,0+5,e4 e5 Nf3 Nc6 Bb5 a6 Ba4 Nf6 O-O Be7
1770,1543,white,240+0,d4 d5 c4 Nf6 e3 Nc6 Nf3 Bg4 Be2 h6
1584,1631,black,300+2,e4 e5 Nf3 Nf6 Nc3 d6 Bc4 Be6 Bxe6 fxe6
1607,1734,black,360+2,d4 d5 c4 dxc4 Nf3 b5 e3 c6 Nc3 Bb7
1487,1511,draw,300+3,d4 f5 Bf4 Nf6 e3 d5 Nf3 Nc6 c4 e6
1672,1600,draw,60+0,e4 e6 Nc3 d6 d4 Bd7 Nf3 Nc6 Bg5 Be7
1510,1718,black,300+3,e4 e5 Nf3 Nc6 Bc4 Bc5 d3 Nf6 Nc3 h6
1748,1754,black,900+8,e4 e5 Nf3 Bc5 Bc4 Nc6 O-O d6 c3 Bg4
1777,1666,white,300+5,e4 d5 exd5 Qxd5 Nc3 Qa5 Nf3 Bd7 Be2 Nf6
1415,1342,white,300+0,d4 Nc6 Bf4 d5 Nc3 Nf6 e3 h6 Nb5 e5
1327,1293,black,300+2,e4 e5 Qh5 Nc6 Bc4 g6 Qf3 Qf6 Qe3 Nd4
1316,1518,black,60+10,e4 d5 exd5 Qxd5 d4 Nf6 Nc3 Qe6+ Nge2 Nd5
1570,1597,draw,420+10,e4 c5 Nf3 d6 c3 a6 d4 cxd4 cxd4 Bg4
1603,1670,black,60+0,d4 d5 Nf3 Nf6 e3 Nc6 Bd3 Bg4 c3 e5
1743,1648,black,300+5,d4 e6 Nf3 g6 e3 Bg7 c4 d6 Be2 Nf6
1682,1549,white,300+8,e4 e5 d3 Nc6 c3 Nf6 Be3 Be7 Qf3 d6
1605,1671,black,300+5,d4 e6 c4 Ke7 e4 d6 Nf3 h6 Nc3 g5
1477,1427,white,300+0,e4 d5 exd5 Qxd5 Nc3 Qa5 d3 Bf5 Bd2 Nc6
1553,1501,white,0+5,e4 e5 Nf3 Nc6 Bc4 Nf6 d3 Bc5 c3 a5
1775,1795,black,240+0,d4 d5 c4 Nf6 e3 e6 Nf3 c6 a3 Bd6
1418,1487,white,300+0,e4 e5 Bc4 Nf6 d3 Bc5 c3 d6 h3 Bd7
1284,1310,white,60+10,e4 e5 Qh5 Nc6 Bb5 Nf6 Qf3 a6 Bc4 d5
1442,1583,black,600+0,e4 e5 d3 Bc5 Be3 d6 Bxc5 dxc5 Qh5 Qf6
1239,1307,black,600+8,e4 e5 d3 Nc6 c4 Bb4+ Bd2 Bc5 Be2 Qf6
1434,1516,black,300+5,e4 d5 exd5 Nf6 Bc4 Nxd5 Qf3 Nf6 h3 Nc6
1346,1249,white,360+6,e4 d6 d4 g6 f4 Bg7 e5 f6 e6
1679,1592,white,60+0,e4 e6 Nc3 d6 d4 c6 Nf3 Nd7 Bg5 b6
1718,1884,black,180+3,e4 e5 Nf3 Nc6 Bc4 Nf6 d3 Be7 O-O d6
1524,1551,black,180+5,d4 d5 e3 c5 c4 cxd4 exd4 dxc4 Bxc4 e6
1509,1425,black,420+1,e4 d5 e5 e6 d4 a6 Nf3 c5 c4 cxd4
1948,1525,white,300+0,d4 Nc6 c4 d5 c5 e5 e3 exd4 exd4 Qe7+
1622,1618,black,300+5,d4 d5 Nf3 Bf5 c4 e6 cxd5 exd5 Nc3 c6
1306,1287,white,300+2,b4 Nc6 b5 Nd4 e3 Nxb5 Bxb5 c6 Bd3 Qa5
1617,1687,white,60+0,e4 e5 Nc3 Nc6 Bc4 Nf6 d3 Bb4 a3 Ba5
1510,1714,black,0+8,e4 e5 Nf3 Nc6 Bb5 a6 Ba4 Nf6 Bb3 Be7
1775,1811,black,300+20,e4 c5 Nf3 d6 d4 cxd4 Nxd4 Nf6 Nc3 a6
1474,1431,white,300+0,e4 d5 exd5 Qxd5 Nc3 Qa5 d3 Nc6 Bd2 Bf5
1497,1523,white,300+3,d4 g6 Nf3 Bg7 g3 b6 Bg2 Bb7 c4 d6
1574,1640,black,600+0,d4 d6 e3 c5 Bb5+ Nc6 dxc5 Qa5+ c3 Qxb5
1506,1412,black,240+3,e4 c5 Nf3 d6 d4 cxd4 Nxd4 e5 Nb3 Nf6
1483,1127,white,240+1,e4 e5 Bc4 h6 Qh5 Qe7 Nc3 Nf6 Qf3 d6
1530,1454,white,900+1,e4 e5 Bc4 Bd6 Nc3 a6 d3 b5 Bb3 a5
1764,1805,white,240+0,d4 d5 c4 Nf6 e3 e6 Nf3 c6 Be2 a6
1674,1631,white,60+0,e4 b6 Nc3 Bb7 d4 e6 Bc4 Bb4 Nf3 Bxc3+
1293,1582,white,120+0,e4 g6 d4 Bg7 Nf3 c5 Nc3 Nc6 d5 Ne5
1692,1724,white,300+3,e3 e5 Ke2 d5 h3 Qf6 f3 e4 f4 h5
1851,1658,white,300+3,d4 d5 c4 dxc4 e3 Nc6 Bxc4 Bf5 Nc3 e6
1691,1640,white,300+0,e4 e5 Nf3 d6 d4 exd4 Nxd4 Be7 Nc3 c6
1872,1765,white,600+0,e4 c5 Nf3 d6 Bb5+ Nd7 Nc3 a6 Bc4 Ngf6
1442,1460,white,420+7,d4 d5 e3 Nc6 h3 Nf6 c4 dxc4 Bxc4 Be6
1313,1333,white,900+0,e4 e5 d4 d5 dxe5 dxe4 Qxd8+ Kxd8 Nc3 Bf5
1505,1421,black,0+8,e4 d5 exd5 Qxd5 d4 Nc6 Nc3 Qa5 Nf3 Bg4
1652,1500,white,300+5,e4 e5 Nf3 Qf6 Bc4 h6 O-O Bc5 c3 Ne7
1876,1683,black,60+0,Nf3 d5 g3 Nc6 Bg2 Nf6 O-O e5 d3 e4
1728,1604,white,600+0,e4 e5 Nf3 Nc6 Bb5 d6 Bxc6+ bxc6 O-O Ba6
1573,2005,white,300+8,e4 c5 c4 Nc6 Nc3 g6 Nf3 Bg7 a3 Nf6
1500,1488,black,300+0,d4 d5 Nc3 Nf6 f4 Bf5 h3 e6 e3 c5
1327,1852,black,120+0,d4 e6 Bf4 Nf6 e3 d6 Nc3 Be7 e4 Nbd7
1476,1375,white,60+8,b3 d5 Bb2 f5 e3 e6 Qh5+ Ke7 Qh4+ Ke8
1492,1420,black,240+5,e4 e5 f4 exf4 Nf3 Bd6 d4 f6 Qe2 c6
1638,1514,white,180+5,d4 d5 c4 e6 Nc3 c5 e3 Nc6 Nf3 Nf6
1847,1664,black,60+0,d4 c5 c4 cxd4 Nf3 Nc6 Nxd4 e5 Nxc6 bxc6
1455,1620,black,300+3,e4 c5 Nf3 g6 c4 Bg7 Nc3 Nc6 b3 Nf6
1629,1572,black,300+5,e4 c5 Bc4 e6 Qe2 a6 Bb3 b5 a4 c4
1360,1395,draw,600+4,e4 e5 Nc3 d6 Nf3 Nc6 Bc4 Nh6 d3 Be6
1703,1614,white,180+5,e4 e5 Nf3 Nc6 d4 exd4 Bc4 h6 e5 Bc5
1486,1317,black,240+1,e4 Nf6 Nc3 Ng4 Qxg4 e5 Bc4 Qf6 Qf3 Be7
1673,1837,draw,60+0,e4 c5 c4 Nc6 Nc3 d6 d3 g6 h3 Bg7
1345,1086,white,900+0,e4 d5 exd5 Qxd5 d4 Qe4+ Ne2 Bg4 f3 Bxf3
1832,1678,white,60+0,c4 g6 Nc3 Bg7 d4 e5 d5 d6 e4 c5
1426,1501,black,0+8,e4 e5 Nf3 Nc6 Bc4 d6 d3 Nf6 Ng5 Be6
1491,1435,white,0+8,e4 d5 exd5 Qxd5 Nf3 Bg4 Nc3 Bxf3 gxf3 Qa5
1830,1680,white,60+0,d4 d5 c4 Nf6 cxd5 Nxd5 e4 Nf6 Nc3 e6
1640,1500,white,600+8,e4 e5 f4 Nc6 Nf3 Bd6 Nc3 exf4 d4 Qf6
1838,1684,white,480+0,e4 b6 Nf3 Bb7 Nc3 e6 d4 Bb4 Bd3 Nf6
1719,1414,black,480+2,d4 d5 c4 dxc4 e4 b5 Nc3 Nf6 e5 Nd5
1373,1419,black,360+10,e4 e5 Nf3 Nc6 Bc4 Nf6 d3 Bc5 b3 Ng4
1671,1839,black,60+0,e4 d5 exd5 Qxd5 c4 Qd8 d4 Nf6 Nc3 Bg4
1496,1334,black,300+0,d4 f5 Bf4 Nf6 e3 g6 Nf3 Bg7 Bd3 O-O
1858,1295,white,120+0,Nf3 c5 g3 Nc6 Bg2 d5 O-O e6 d3 Bd6
1711,1720,draw,300+3,e4 e6 Nc3 Ke7 d3 d6 Bg5+ f6 Bh4 Kf7
1717,1705,white,300+0,e4 e5 d4 exd4 c3 Nf6 e5 Qe7 cxd4 d6
1510,1362,black,600+4,d4 d5 e3 Nf6 Bb5+ Nbd7 Bxd7+ Bxd7 Nc3 e6
1579,1523,white,300+0,e4 e5 Nf3 Nc6 Bc4 Nf6 O-O d5 exd5 Nxd5
1464,1349,black,300+10,e4 e5 Nf3 Nc6 d4 d5 dxe5 dxe4 Ng5 Nxe5
1528,1854,black,120+0,d4 d6 c4 Nf6 Nc3 g6 Bg5 Bg7 Nf3 O-O
1425,1512,black,300+5,e4 e5 Bc4 Bc5 Qf3 Nf6 d3 Nc6 c3 O-O
1655,1658,white,300+5,d4 d5 e3 Nc6 Bd3 e6 f4 Bd6 Nf3 Nf6
1744,1449,white,600+0,e4 e5 Nf3 Nc6 Bb5 Qf6 O-O a6 Ba4 b5
1692,1382,white,420+8,e4 e5 Bc4 Bc5 c3 Qf6 Nf3 d6 d4 exd4
1646,1388,white,600+8,e4 Nc6 d4 e5 d5 Nd4 f4 exf4 Qxd4 Nf6
1367,1256,white,180+1,c4 d5 e3 e6 cxd5 Qxd5 Qa4+ c6 Nc3 Qg5
1727,1427,white,300+5,e4 e5 Bc4 Nf6 d3 d5 exd5 Nxd5 Qh5 Nc6
1506,1511,white,180+0,d4 d5 e3 Bf5 Bd3 Bxd3 Qxd3 e6 Nf3 Bd6
1789,1829,white,60+0,e4 e6 f4 d5 e5 c5 Nf3 f5 d3 g6
1543,1537,white,300+8,b4 e5 b5 d6 Bb2 Bd7 c4 Nf6 g3 h6
1509,1427,black,0+8,e4 d5 exd5 Qxd5 d4 Nc6 Nc3 Qxd4 Nf3 Qxd1+
1524,1159,white,120+0,d4 d6 c4 c6 Nc3 Bd7 Nf3 b6 Qb3 Qc7
1143,1527,black,120+0,e4 c5 Bc4 d6 Nf3 Nf6 d3 e6 Bg5 Be7
1390,1572,black,300+5,e4 Nf6 e5 Nd5 Bc4 e6 Nf3 Bc5 d4 Bb6
1617,1612,white,300+5,e4 b6 d4 Bb7 Bd3 e6 Qe2 Be7 Nf3 Nf6
1764,1855,black,300+20,e4 e5 Nf3 Nc6 Bc4 Bc5 O-O d6 c3 Nf6
1518,1510,white,300+2,d4 f6 e4 e6 Nf3 c5 c3 cxd4 cxd4 Nc6
1673,1745,white,240+0,d4 c6 c3 d5 Nd2 Nf6 Ngf3 e6 g3 Qb6
1617,1662,black,600+8,e4 e5 Bc4 Bc5 Bxf7+ Kxf7 Qh5+ g6 Qxe5 Bxf2+
1802,1817,white,60+0,e4 e6 f4 d5 exd5 exd5 Nf3 Nf6 d4 Be7
1596,1571,white,420+10,Nf3 d5 d4 Nc6 Bf4 e6 e3 Bd6 Bg3 Bxg3
1530,1129,white,120+0,d3 d5 Nf3 c6 e4 Bg4 Be2 dxe4 dxe4 Qxd1+
1965,1665,white,300+13,e4 e5 Nf3 Nf6 Nc3 d6 Bc4 h6 d3 Bg4
1719,1664,white,120+2,e4 e6 d4 d5 exd5 exd5 Nc3 Bf5 Bd3 Bxd3
1764,1724,black,900+8,d4 d5 Bf4 Bf5 Nf3 h6 Nc3 e6 Nb5 Bd6
1496,1493,white,180+6,e4 c5 Bc4 Nc6 c3 e6 Nf3 a6 d3 d6
1354,1480,black,180+0,e4 c5 d4 cxd4 Qxd4 Nc6 Qd1 e5 Nf3 Bc5
1814,1805,white,60+0,e4 c6 f4 d5 e5 Bf5 d4 h5 c3 e6
1444,1526,black,900+10,e4 e5 d3 Nc6 h3 Nf6 g3 d5 Bg2 dxe4
1726,1722,white,180+0,g3 e5 Bg2 d5 b3 c6 Bb2 Bd6 h3 Nf6
1480,1560,white,120+2,e4 e5 Bc4 Nc6 Nf3 Nf6 O-O Bc5 Re1 Qe7
1666,1826,black,120+2,d4 d5 e3 e6 Bd3 Nf6 f4 Nbd7 Nf3 c5
1507,1606,draw,180+6,e4 e5 Nf3 Nc6 Bb5 Nge7 c3 g6 O-O Bg7
1699,1757,black,480+2,d4 Nf6 Nc3 e6 e4 Bb4 Bd3 c5 Nf3 cxd4
1484,1299,black,60+10,b3 e5 Bb2 Nc6 e3 d5 Bb5 a6 Bxc6+ bxc6
1433,1702,black,1200+15,e4 e5 Nf3 Nc6 d4 exd4 Nxd4 Ne5 Qh5 d6
1517,1801,white,900+0,d4 Nf6 c4 Na6 e3 b6 Nf3 c6 Nc3 d6
1886,1821,black,600+1,e4 c5 Nf3 d6 d4 cxd4 Nxd4 Nf6 Nc3 g6
1720,1711,white,300+3,e3 d5 d4 Nc6 c4 Nf6 Nc3 e6 Bd3 Bb4
1646,1502,white,300+5,e4 e5 Nf3 d5 exd5 e4 Ng1 Qxd5 d4 exd3
1486,1520,white,180+9,e4 e5 Bc4 Nc6 Nf3 Be7 c3 Nf6 d3 Ng8
1336,1711,white,420+8,e4 e5 Nf3 Nc6 d4 exd4 Nxd4 Nxd4 Qxd4 c5
1851,1651,white,900+0,d4 Nf6 c4 g6 Nc3 Bg7 e4 d6 Nf3 O-O
1825,1583,white,60+0,e4 c5 f4 Nc6 Nf3 e6 Bb5 Nf6 Nc3 Be7
1830,1500,white,60+0,e4 e6 f4 d6 d4 c5 dxc5 dxc5 Nf3 Qxd1+
1646,1479,white,300+8,e4 e5 Nf3 d6 d4 exd4 Nxd4 Be7 Bc4 Nf6
1601,1628,black,300+5,e4 e5 Nf3 Nc6 Bb5 Bc5 O-O Nge7 c3 a6
1833,1944,black,120+2,d4 d5 e3 Nc6 Nf3 f6 Bb5 a6 Ba4 Bg4
1375,1487,white,180+1,e4 c5 Bc4 e5 Qh5 Qe7 Nf3 Nf6 Qh4 d6
1773,1603,white,120+0,d4 g6 c4 Bg7 Nc3 Nf6 Nf3 O-O e4 d6
1700,1742,white,300+3,Nc3 e6 Nf3 Ke7 d4 d6 d5 h6 e4 e5
1547,1496,white,120+2,e4 c5 Bc4 Nc6 Qf3 e6 Ne2 a6 c3 b5
1351,1232,black,300+2,b4 e6 Bb2 d5 d3 Bxb4+ Nd2 d4 a3 Bc3
1444,1653,white,300+5,e4 e5 f4 Nc6 Nf3 exf4 Bc4 Nf6 d3 d5
1731,1698,black,300+5,d4 Nf6 c4 g6 Nc3 Bg7 Nf3 d6 e3 O-O
1503,1511,white,120+0,e4 f5 e5 d6 Nf3 Nc6 d4 dxe5 d5 e4
1232,1202,white,480+8,e4 e5 Qf3 c6 Bc4 d5 exd5 cxd5 Bxd5 f5
1835,1874,white,600+1,e4 d5 exd5 Qxd5 Nc3 Qd6 d4 Nf6 Bc4 Nc6
1427,1407,white,900+10,e4 d6 h3 Nc6 g3 g6 Bg2 Bg7 Qe2 Nf6
1713,1635,white,300+0,e4 e5 f4 Nc6 Nf3 exf4 d4 Be7 Bxf4 Nf6
1717,1500,white,300+5,e4 d5 exd5 Qxd5 c4 Qe4+ Qe2 Qc2 Qd1 Qe4+
1497,1515,white,120+0,Nc3 e5 e4 Bc5 f4 exf4 Nf3 d6 d4 Bb4
1860,1150,white,120+0,c4 c5 Nc3 e5 g3 d6 Bg2 Bd7 d3 Nc6
1429,1363,black,360+10,e4 d5 exd5 Qxd5 Nc3 Qa5 Nf3 Nc6 Bd3 e6
1390,1528,black,180+1,e4 e5 Bc4 Nc6 Qh5 g6 Qf3 Nf6 d3 d6
1708,1275,white,480+0,e4 f6 Nf3 c5 d4 Qa5+ Bd2 Qb6 Bc3 c4
1348,1374,white,300+5,Nf3 d5 e3 Bg4 Be2 e6 c4 Bxf3 Bxf3 c6
1638,1723,black,300+5,e4 e5 Bc4 Nf6 d3 d5 exd5 Nxd5 h3 c6
1419,1446,white,300+10,e4 e5 Bc4 c6 d3 b6 Qh5 Qe7 Bg5 Nf6
1470,1534,white,300+8,e4 e5 Nf3 d6 d4 exd4 Nxd4 a6 Nc3 Nf6
1689,1618,white,480+2,d4 d5 c4 c6 e3 e6 Nc3 a6 Nf3 b6
1503,1511,white,120+0,e4 e5 Nf3 d6 Bc4 Bg4 Nc3 Nd7 Nxe5 Bxd1
1718,1690,black,480+5,b4 e5 b5 b6 Bb2 d6 Nf3 Nf6 e3 Bd7
1608,1484,black,600+8,e4 c5 Bc4 e6 Nf3 d5 Bb5+ Bd7 Bxd7+ Qxd7
1498,1514,black,120+0,Nc3 e5 e4 Nf6 f4 Bd6 Nf3 exf4 d4 Bb4
1951,1787,white,180+0,e4 c5 b4 cxb4 d4 e6 f4 d6 Nf3 Nc6
1608,1687,black,60+1,d4 c5 dxc5 Nc6 b3 a5 Bb2 Nf6 e3 e5
1510,1441,white,0+8,e4 e6 Nf3 c5 Bc4 Nc6 c3 Nf6 d3 d5
1345,1465,black,300+5,e3 c5 a3 d5 d4 c4 Be2 Bf5 Nf3 h6
1733,1626,white,300+0,Nf3 d5 d4 Nc6 c4 Bg4 h3 Bxf3 gxf3 dxc4
1525,1485,white,120+0,e4 e5 Nf3 d6 Bc4 Bg4 Nc3 Nd7 O-O Qe7
1958,1824,white,120+2,e4 e5 Nf3 d6 Bc4 Bg4 O-O Nf6 Re1 Be7
1599,1686,black,60+1,d4 f5 e3 Nf6 b3 b6 Bb2 Bb7 Nd2 e6
1474,1535,white,120+0,e4 e5 f4 Nc6 Bc4 exf4 Nf3 h6 c3 Bc5
1484,1541,black,300+8,e4 e5 Nf3 f5 Nxe5 Qf6 d4 d6 Nc4 fxe4
1395,1435,white,300+10,e4 e5 Bc4 Nc6 Qh5 g6 Qf3 Qe7 Nc3 Na5
2166,1860,white,120+0,Nc3 d6 e4 Nd7 d4 e5 Nf3 Ngf6 Bc4 Be7
1740,1630,white,300+5,e4 e5 Nf3 Nc6 Bc4 Bc5 c3 d6 d4 exd4
1386,1180,black,300+1,e4 Nc6 Nf3 Nf6 Nc3 g6 d4 Bg7 e5 Ng4
1333,1423,black,300+0,Nf3 d5 Nc3 d4 Ne4 Bf5 d3 Nc6 Nc5 b6
1422,1407,draw,300+10,e4 c5 d4 Qa5+ c3 Nc6 d5 Ne5 f4 Ng6
1260,1165,white,480+8,e4 e5 Nf3 d6 Bc4 Qd7 Nc3 Be7 d3 Nf6
1346,1198,draw,180+0,e4 d5 exd5 Qxd5 Nc3 Qc5 d4 Qd6 g3 Nc6
1406,1722,black,300+5,e4 e5 Qh5 d6 Bc4 g6 Qf3 Qf6 Qxf6 Nxf6
1522,1489,white,120+0,e4 Nc6 Nf3 f5 Nc3 e5 exf5 d6 Bc4 Bxf5
1710,1703,white,480+0,e4 e5 Nf3 Nc6 Bb5 d6 Bxc6+ bxc6 d3 Nf6
1779,1698,draw,120+0,d4 c6 c4 d5 Nc3 dxc4 e4 e6 Bxc4 b5
1750,1688,white,300+0,e4 e5 Nf3 d6 d4 exd4 Nxd4 Be7 Nc3 Nf6
1593,1653,white,600+8,e4 e6 d4 d5 e5 c5 c3 Nc6 Bb5 Bd7
1618,1459,white,300+5,e4 c6 Nf3 e6 d4 d5 e5 a6 Be2 b5
1519,1417,white,0+8,e4 d5 exd5 Qxd5 d4 Nc6 Nc3 Qxd4 Bd2 Bf5
1694,1591,black,60+1,d4 d5 c4 e6 g3 dxc4 Bg2 c6 Nf3 g6
1477,1532,white,120+0,d4 d5 e4 e6 e5 Be7 f4 Nh6 Bd3 O-O
1776,1855,black,120+0,d4 Nf6 c4 e6 Nc3 Bb4 Nf3 c5 a3 Bxc3+
1500,1381,white,480+5,Nf3 d5 c4 dxc4 e3 b5 Nc3 c6 d4 cxd3
1437,1366,black,900+0,g3 e5 Bg2 d5 d4 e4 e3 f5 Ne2 Nf6
1699,1498,white,480+2,d4 e5 dxe5 Nc6 Nf3 d6 e4 dxe5 Qxd8+ Nxd8
1478,1115,white,240+5,e4 e5 f4 exf4 Nf3 Nf6 Nc3 Bc5 d4 Bb6
1519,1492,white,120+0,e4 d5 Nc3 d4 Nd5 c6 Nf4 e5 Nd3 Nf6
1696,1578,black,60+1,c4 c5 Nc3 Nc6 g3 e6 Bg2 Nf6 d3 Be7
1316,1866,black,240+2,e4 c6 Nf3 d5 Qe2 Bg4 h3 Bh5 g4 Bg6
1363,1412,black,900+15,e4 d5 Qf3 Nf6 d3 e5 h3 Nc6 c4 Bb4+
1330,1247,black,300+5,e4 e5 Nf3 d6 c4 g6 Nc3 c6 d3 Bg7
1557,1645,black,300+0,e4 e5 f4 exf4 Nf3 Nf6 Bc4 Nxe4 Qe2 d5
1416,1414,white,900+3,e4 d5 exd5 Qxd5 Nc3 Qa5 Nf3 Nc6 d4 e5
1452,1625,white,300+5,d4 d5 e3 Nc6 c3 Bf5 Nd2 e6 a3 Bd6
1721,1603,white,180+5,d4 d5 c4 Nf6 Nc3 e6 Bg5 Be7 e3 O-O
1704,1493,white,480+2,d4 e6 e4 c5 Nf3 Nf6 Nc3 Nc6 e5 Ng4
1468,1409,black,60+8,b3 d5 Bb2 Bf5 e3 f6 Qf3 Bg6 Nc3 c6
1537,1420,black,900+0,d4 d5 c4 dxc4 e4 e5 Nf3 Bb4+ Bd2 Bxd2+
1341,1562,black,180+0,e4 Nf6 e5 Nd5 d4 d6 Bc4 Nb6 Qe2 g6
1643,1588,black,300+5,e4 e5 d4 exd4 c3 dxc3 Bc4 Bb4 Bxf7+ Kxf7
1588,1643,black,300+5,d4 d5 c4 e6 Nc3 Nf6 Bg5 Nbd7 e3 Be7
1769,1583,white,300+0,e4 e5 d4 Nc6 d5 Nce7 Nf3 Ng6 Bc4 h6
1154,1713,black,300+3,e4 e5 Nf3 Nc6 Bc4 Bc5 d3 Nf6 Bg5 h6
1504,1733,white,300+5,e3 e5 b3 Nf6 Be2 d6 Bb2 Be7 Nf3 O-O
1300,1370,white,300+1,b4 e5 Bb2 e4 b5 a6 e3 axb5 Nc3 Nf6
1975,1515,white,180+0,e4 e5 Nf3 Nc6 Bb5 Bc5 c3 d6 O-O Nf6
1714,1152,white,300+3,Nc3 e5 Nf3 d6 e4 Bg4 Bc4 Bxf3 Qxf3 Nh6
1985,2111,black,180+0,e4 c5 Nf3 Nc6 Bb5 Nd4 Nxd4 cxd4 O-O e5
1691,1623,white,300+0,e4 e5 Nf3 Nf6 b3 Nxe4 Qe2 Nf6 Nxe5 d6
1727,1508,white,300+5,e4 g6 Bc4 Bg7 Qf3 b6 Qxf7#
1336,1361,white,180+0,e4 Nc6 d4 Nf6 Nc3 d5 exd5 Nxd5 Nxd5 Qxd5
1209,1397,black,600+0,e4 e5 d3 Nf6 Be3 d5 c3 dxe4 Qb3 exd3
1383,1422,black,300+0,c4 d5 Qa4+ c6 cxd5 Qxd5 Nc3 Qd6 Nf3 Bg4
1372,1757,black,600+8,e4 c5 d4 cxd4 Qxd4 Nc6 Qd1 e6 Nc3 Nf6
1848,1815,white,300+12,e4 c5 Nf3 Nc6 d4 cxd4 Nxd4 g6 Nc3 Bg7
1550,1959,black,240+4,e4 e6 Qf3 Nc6 c3 Bc5 Bc4 Qf6 Qxf6 Nxf6
1605,1462,white,60+1,d4 d5 e3 Nc6 Nf3 Bf5 Be2 Nf6 O-O e6
1441,1316,black,180+8,d4 d5 e3 Nc6 a3 e5 b4 e4 c4 Nf6
1692,1723,black,480+0,e4 e5 Nf3 d6 h3 Nf6 Nc3 c6 d3 Be7
1238,1755,black,300+20,e4 d5 e5 c5 f4 Nc6 Qf3 e6 c4 dxc4
1189,1715,white,300+3,f4 d5 d4 e6 Qd3 Nc6 e3 a5 Nc3 b6
1455,1149,white,60+8,b3 e5 Bb2 Qf6 e3 Bc5 f4 Qf5 Bxe5 Nh6
1423,1474,white,300+5,Nf3 d6 e4 e5 h3 Nf6 Nc3 c6 Bc4 b5
1741,1549,black,300+0,e4 c6 Nf3 e6 Nc3 Bb4 Nd4 Bxc3 dxc3 Nf6
1477,1384,white,480+4,d4 Nc6 e4 e5 d5 Nce7 Bg5 Nf6 Nc3 c6
1266,1494,black,360+8,d4 d5 e3 e6 Nf3 c5 b3 Nc6 Bb2 Nf6
1781,1908,black,180+0,e4 e6 Nf3 c5 d4 cxd4 Nxd4 Nf6 Bg5 Qa5+
1744,1658,black,420+0,Nf3 c5 d4 cxd4 c3 dxc3 Nxc3 Nf6 e4 Nc6
1757,1868,white,300+0,e4 c6 Nf3 d5 exd5 cxd5 d4 Nc6 Bb5 Nf6
1600,1700,black,360+2,d4 g6 c4 Bg7 Nc3 b6 e4 Bb7 f4 e6
1119,1461,black,300+0,d3 d6 e4 Nc6 Be2 g6 Bg4 Bg7 c3 Nf6
1977,1795,white,180+0,d4 d5 c4 e6 Nc3 c6 e3 Nf6 Nf3 Bd6
1710,1609,white,480+2,e4 c6 d4 e6 Nc3 a6 Nf3 h6 Bd3 b5
1577,1411,white,180+8,d4 d5 c4 e6 Nf3 c5 cxd5 cxd4 dxe6 Bxe6
1608,1457,white,300+5,e4 c5 Nf3 e6 Bc4 Nf6 O-O d5 exd5 exd5
1525,1378,white,360+2,e4 b6 f4 e6 Nf3 Bb7 Qe2 Nf6 Nc3 Nc6
1349,1480,black,180+0,e4 e5 Nf3 Nc6 d4 exd4 Nxd4 Nxd4 Qxd4 d6
1595,1729,black,180+5,e4 d5 exd5 Qxd5 Nc3 Qa5 Nf3 c6 Be2 Bg4
1614,1353,white,300+8,e4 d5 exd5 Qxd5 Nc3 Qe5+ Be2 Bg4 Nf3 Bxf3
1683,1695,black,300+3,e4 e5 Nf3 Nc6 Bb5 Bc5 O-O Nge7 c3 a6
1612,1501,white,60+1,d4 Nf6 e3 e6 Nf3 d5 Be2 c5 O-O Nc6
1341,1451,white,180+0,e4 c5 d4 e6 dxc5 Bxc5 Bc4 Ne7 Bf4 Nbc6
1788,1627,white,300+5,d4 Nf6 Nf3 e6 Bf4 d5 e3 Bb4+ Nc3 Ne4
1475,1615,black,300+5,e4 e5 Nf3 Nc6 a3 Bc5 d3 Nf6 Bg5 O-O
1492,1619,black,60+1,d4 d5 c4 dxc4 e3 a6 Bxc4 e6 Nc3 b5
1712,1386,white,300+5,e4 e5 Bc4 Nf6 Nc3 Bb4 d3 Bxc3+ bxc3 Nc6
1631,1500,black,420+8,e4 c5 c4 e6 Nc3 Nc6 Nf3 Bd6 d4 Nge7
1431,1373,black,300+0,e4 c5 Bc4 Nc6 d3 e6 Be3 h6 f4 Qh4+
1357,1506,black,300+1,e4 e5 Nf3 d6 d4 exd4 Nxd4 Nf6 Nc3 Qe7
1985,1763,white,180+0,d4 d5 c4 e6 Nc3 Nf6 Nf3 c6 e3 Bd6
1500,1563,black,-,d4 g6 e4 Bg7 Be3 d6 c3 Nf6 Bf4 Nxe4
1621,1754,black,60+0,e4 d6 d4 g6 f4 Bg7 e5 Nd7 e6 fxe6
1261,1331,white,60+10,d4 d5 e3 Nc6 a3 e5 Nf3 e4 Nfd2 Nf6
1708,1592,black,360+2,e4 c5 Nf3 d6 d4 cxd4 Qxd4 Nc6 Bb5 a6
1398,1338,black,720+3,d4 d5 c4 dxc4 e4 b5 a4 a6 axb5 e6
1516,1332,white,900+0,d4 d5 c4 dxc4 e3 Be6 Nf3 Nf6 Nc3 c6
1356,1115,white,180+0,e4 e6 d4 e5 dxe5 Qe7 Nf3 f6 exf6 Qxe4+
1526,1756,black,300+20,e4 d5 exd5 Qxd5 Nc3 Qa5 d3 e5 Nf3 Bg4
1629,1746,white,60+0,e4 d5 exd5 Qxd5 Nc3 Qd8 Bc4 Nf6 Nf3 Nc6
1317,1274,black,60+10,e4 e5 d4 d6 dxe5 dxe5 Qxd8+ Kxd8 Nf3 f6
1675,1670,white,720+3,d4 e6 c4 Bb4+ Bd2 Be7 Nf3 Nf6 a3 d5
1582,1561,white,300+0,e4 c6 d3 e6 Ne2 Bd6 f4 Bc7 Ng3 h6
1622,1468,white,300+5,e4 h5 Nf3 h4 h3 d6 d4 e6 Nc3 c6
1718,1601,white,480+2,e4 c6 d4 e6 Nc3 a6 Nf3 b5 Bd3 Bb7
1344,1716,black,300+5,e4 e5 Bc4 Nf6 d3 Be7 Nf3 d6 Nc3 h6
1513,1519,black,240+0,e4 d6 d4 Nf6 Nc3 g6 Nf3 Bg7 e5 dxe5
1734,1682,white,480+0,e4 e5 Nf3 Nc6 Bb5 d6 Bxc6+ bxc6 d3 Nf6
1761,1613,black,60+0,e4 b6 b3 Bb7 Bb2 e6 Nf3 Bxe4 Nc3 Bb7
1627,1564,black,60+1,d4 e5 e3 Nc6 d5 Nb8 Nf3 d6 c3 Bg4
1425,1297,white,300+5,d4 d5 e3 Nc6 a3 Nf6 f3 g6 Nc3 e6
1731,1645,white,60+0,e4 b6 d3 Bb7 b3 e6 Bb2 Nf6 Nf3 Be7
1772,1464,white,300+0,e4 d6 f4 Nc6 Nf3 e6 Bb5 Bd7 d4 a6
1527,1500,black,0+8,e4 e5 Nf3 Nf6 d4 Nxe4 dxe5 Bc5 Be3 Bxe3
1723,1832,white,300+8,e4 e5 Nc3 Nc6 Nf3 d6 d4 Be7 d5 Nb8
1868,1614,white,120+0,c4 d5 cxd5 Qxd5 Nc3 Qd8 d4 e5 dxe5 Qxd1+
1699,1493,black,60+0,e4 e5 Nc3 Bc5 Nf3 d6 Bc4 Nc6 d3 Nf6
1461,1504,black,180+4,e4 c5 Nf3 Nc6 Nc3 g6 d4 cxd4 Nxd4 e5
1447,1400,black,900+10,e4 e5 h3 c6 Nf3 Qc7 g3 d5 Bg2 Nd7
1992,1737,black,180+0,d4 g6 c4 Bg7 Nc3 b6 e4 Bb7 Nf3 h6
1636,1740,white,60+0,e4 d6 d4 g6 Nc3 Bg7 f4 Nd7 e5 b6
1673,1736,black,240+3,e4 d5 exd5 Qxd5 Nc3 Qa5 Nf3 c6 Bc4 Bg4
1626,1501,white,0+1,e3 b6 f4 c6 Be2 Bb7 Bf3 b5 Qe2 f6
1361,1542,black,180+0,e4 e5 d4 exd4 Qxd4 Nc6 Qd1 Nf6 Nc3 d5
1660,1641,black,300+1,d4 d5 e3 Nf6 Bd3 Nc6 c3 e5 Nd2 e4
1326,1524,white,900+0,e4 e5 d4 Nc6 d5 Nce7 Qh5 g6 Qxe5 d6
1109,1164,white,300+0,d4 b6 Be3 d5 g3 Bb7 Bg2 Nf6 Nc3 a5
1536,1454,white,540+5,e4 Nf6 Nc3 d5 exd5 Nxd5 Nge2 Bg4 h3 Bxe2
1707,1629,black,300+3,e4 e5 Nc3 Nc6 Bc4 Bc5 Nf3 Nf6 O-O O-O
1386,1419,white,300+0,e4 d5 Qf3 dxe4 Qxe4 Nf6 Qd3 Bd7 Nf3 Nc6
1361,1668,black,300+1,d3 e6 g3 d5 b3 c5 Bb2 Qb6 Bg2 Nc6
1622,1795,black,300+5,e4 e5 Bc4 Bc5 c3 Nc6 h3 d6 Nf3 Nf6
1629,1551,white,300+0,e4 c6 Bc4 e6 c3 d5 exd5 exd5 Bb3 Be7
1802,1737,white,300+8,d4 d5 Nf3 c6 e3 Bg4 Be2 Nd7 Nbd2 Ngf6
1513,1532,white,600+10,Nf3 d5 Nc3 Nf6 d4 e6 e3 Bd6 Bd3 Nbd7
1833,1726,black,60+0,e4 d6 f4 g6 Nf3 Bg7 d4 Nc6 c3 e6
1726,1565,white,480+2,e4 e5 Nf3 d6 d4 Bg4 dxe5 Bxf3 Qxf3 dxe5
1606,1398,white,360+8,e4 Nc6 d4 d6 Bb5 Bd7 Bxc6 bxc6 h3 g6
1763,1699,draw,600+8,d4 Nf6 c4 e5 d5 Bc5 e3 d6 Nc3 a6
1688,1775,white,300+0,e4 e6 d4 d5 c4 Nf6 e5 Nfd7 cxd5 exd5
1607,1693,white,360+2,d4 d5 c4 dxc4 Nf3 g6 e4 Nc6 Bxc4 Bg7
1519,1514,white,0+8,e4 e5 Nf3 Nc6 Bb5 Bc5 c3 d6 h3 f5
1542,1639,black,300+0,e4 e5 f4 d6 Nf3 Nc6 fxe5 Nxe5 d4 Ng6
1673,1745,black,480+0,e4 e5 Nf3 d6 Bc4 h6 h3 Nf6 d3 Be7
1802,1616,black,300+5,d4 d5 c4 Bf5 Bf4 e6 e3 Bd6 Bg3 c5
1648,1686,black,900+15,e4 e5 Nf3 d6 d3 Bd7 Bd2 Nc6 Be2 Nf6
1683,1845,black,60+0,e4 c5 Nc3 d6 Nf3 Nf6 Bb5+ Bd7 Bxd7+ Nbxd7
1529,1652,black,0+8,e4 c5 Bc4 d6 c3 a6 h3 Nf6 d3 g6
1891,1643,black,180+3,e4 e5 Nf3 Nc6 Bb5 Bc5 O-O Nf6 d3 O-O
1355,1526,black,180+0,e4 e6 d4 d5 exd5 Qxd5 Nc3 Qd8 Bc4 Nc6
1755,1482,white,480+0,e4 c5 c4 d6 d3 Nf6 Nc3 Nc6 Nf3 Bg4
1502,1478,white,180+3,e4 Nf6 e5 Nd5 c4 Nb6 b3 d6 exd6 Qxd6
1514,1451,black,180+4,d4 h5 c4 h4 Nc3 d6 Nf3 h3 g3 c6
1677,1852,white,60+0,e4 c5 Nc3 g6 Nf3 Bg7 Bc4 Nc6 Ng5 e6
1724,1844,white,180+3,d4 Nf6 Nf3 c5 c3 e6 e3 cxd4 exd4 a6
1744,1694,white,300+8,e4 e5 Qh5 Nc6 Bc4 Qf6 d3 h6 c3 Bc5
1818,1924,black,60+0,e4 c5 f4 d5 exd5 Nf6 Nf3 e6 dxe6 Bxe6
1287,1304,white,60+10,d4 d5 e3 Nc6 a3 e5 Bb5 e4 f3 Bf5
1777,1626,white,240+0,d4 Nf6 c4 e6 Nf3 Bb4+ Bd2 Qe7 Bxb4 Qxb4+
1501,1487,black,900+0,d4 e6 e4 c5 c3 Nf6 e5 Nd5 c4 Nb4
1473,1874,black,120+0,e4 e6 Nf3 d5 exd5 exd5 d4 Bg4 Bd3 Nc6
1140,1672,black,300+1,e4 e6 Nf3 d5 exd5 exd5 Bd3 Nf6 O-O Be6
1835,1692,white,60+0,c4 e5 Nc3 Nf6 g3 Nc6 Bg2 Bb4 d3 d5
1427,1762,black,300+20,e4 d5 exd5 Qxd5 Nc3 Qa5 a3 e5 d3 c6
1747,1713,white,300+3,e4 c6 f4 d5 exd5 cxd5 d4 Bf5 Nf3 e6
1125,1472,white,300+0,d4 d5 Bf4 Nf6 e3 Bf5 g3 e6 h4 h5
1719,1299,white,300+5,e4 d5 exd5 Qxd5 Nc3 Qe6+ Qe2 Qxe2+ Bxe2 b6
1407,1398,black,300+0,e4 c5 Bc4 Nf6 d3 Nc6 Bg5 h6 c3 hxg5
1293,1298,white,60+10,e4 e5 d4 d6 d5 a6 c4 Bd7 Nf3 h6
1558,1733,white,480+2,e4 c5 d3 Nf6 Be3 d5 Bxc5 dxe4 d4 e6
1204,1416,black,300+4,d3 e5 Nc3 d5 e4 d4 Nce2 Bg4 f3 Bh5
1810,1851,white,60+0,e4 c6 f4 d5 e5 Bf5 Nf3 h5 d4 e6
1633,1651,white,0+1,e3 b6 f4 Bb7 Be2 d6 Bf3 Bxf3 Qxf3 Nd7
1624,1593,white,300+2,d4 d5 a3 Nf6 e3 a6 c4 e6 b4 dxc4
1663,1536,white,240+3,e4 d6 d4 Nf6 Nc3 g6 Bg5 h6 Bf4 Bg7
1532,1483,black,60+5,d4 d5 Bf4 Nc6 Nc3 Nf6 Nb5 e5 Nxc7+ Ke7
1416,1208,white,300+2,e4 Nc6 c3 e5 Qe2 d6 d3 h6 f3 Nf6
1380,1355,white,720+3,d4 d5 c4 dxc4 e4 b5 a4 c6 axb5 cxb5
1851,1746,black,300+0,e4 d5 exd5 Qxd5 Nf3 c6 Nc3 Qa5 Bc4 Nf6
1686,1842,black,60+0,e4 d5 Nc3 d4 Nce2 e5 d3 c5 Nf3 Nc6
1849,1679,white,60+0,d4 d5 c4 dxc4 e4 e5 d5 Bb4+ Nc3 c6
1645,1568,black,0+1,g4 Nf6 g5 Nd5 e4 Nb6 c4 d6 b3 N6d7
1267,1435,black,360+0,e4 e5 Bc4 d6 Nc3 Qe7 d3 Be6 Nf3 Bxc4
1522,1837,black,0+8,e4 e5 Nf3 Nf6 d3 Nc6 Be3 d5 exd5 Nxd5
1398,1481,white,180+8,d4 b6 f3 Bb7 e4 g6 d5 Bg7 Nc3 Nf6
1652,1842,black,300+0,e4 c5 Nf3 Nc6 d4 cxd4 Nxd4 Nf6 Nc3 d6
1807,1512,white,240+0,e4 e5 Nf3 d6 Bc4 Be7 d3 Nf6 c3 Bg4
1668,1730,white,300+0,e4 e6 Nc3 d5 f4 d4 Nce2 Bc5 Nf3 Nf6
1661,1415,white,300+5,e4 c6 Nf3 d5 e5 Bg4 d4 e6 Be2 c5
1872,1620,white,180+3,e4 c5 Nf3 g6 d4 cxd4 Qxd4 Nf6 e5 Nc6
1348,1500,white,180+0,e4 e5 d4 exd4 Qxd4 c5 Qd1 d6 Bc4 Be6
1783,1679,black,240+0,d4 f5 c4 g6 e3 Bg7 Nc3 Nf6 b4 O-O
1451,1149,white,300+0,c4 e6 e4 Qh4 d3 Bb4+ Bd2 Bxd2+ Nxd2 Qg5
1408,1376,white,240+1,e4 e6 d4 d5 e5 c6 Nf3 h6 Bd3 a5
1294,1722,black,300+5,g3 e5 d4 exd4 Qxd4 Nc6 Qd3 Nf6 Bg2 Nb4
1590,1376,black,600+0,e4 c6 Bc4 d5 exd5 cxd5 Bb3 Nf6 Nc3 Bg4
1352,1581,black,-,d4 e5 dxe5 f6 exf6 Qxf6 Bf4 Bc5 Nc3 Qxf4
1826,1739,black,180+3,e4 e5 Nf3 Nf6 Nxe5 d6 Nf3 Nxe4 Bc4 d5
1378,1673,black,300+1,e4 e6 d4 d5 Nc3 dxe4 Nxe4 Nf6 Bd3 Nc6
1383,1395,black,300+0,f4 d5 Nf3 Bg4 e3 f5 b3 Nf6 Bb2 Ne4
1534,1705,black,300+0,e4 d5 exd5 Qxd5 Nc3 Qa5 Be2 Nf6 Nf3 c6
1485,1499,white,1800+0,d4 Nf6 Nf3 Nc6 g3 d5 Bg2 e6 O-O Ng4
1467,1543,white,180+3,e4 Nc6 d4 e5 dxe5 Nxe5 Bf4 Qf6 g3 Bc5
1766,1857,white,600+3,d4 Nf6 c4 g6 Nc3 d5 cxd5 Nxd5 e4 Nxc3
1610,1500,black,60+1,d4 Nf6 e3 d5 Nf3 Bf5 Be2 e6 O-O Bd6
1761,1281,white,600+8,d4 d5 c4 Nc6 cxd5 Nb8 e4 c6 dxc6 Nxc6
1634,1659,black,300+2,d4 d5 a3 g6 e3 Bg7 h3 Nf6 Nf3 O-O
1519,1500,white,0+8,e4 e5 Nf3 d6 Bc4 Be6 Bxe6 fxe6 c3 Be7
1526,1525,black,300+3,e4 e5 Nf3 Nc6 Bb5 a6 Bxc6 dxc6 Nxe5 Qd4
1848,1867,draw,300+0,e4 e5 Nf3 Nf6 Nc3 Bb4 d3 d5 exd5 Nxd5
1673,1600,white,60+0,e4 d5 exd5 Qxd5 Nc3 Qd8 d4 e6 Nf3 Be7
1464,1501,white,180+4,e4 c5 Nf3 Nc6 d4 cxd4 Nxd4 e5 Nxc6 bxc6
1877,1973,white,120+0,Nf3 c5 g3 d5 Bg2 Nc6 d3 e5 O-O f5
1349,1056,black,480+0,e4 d5 Qf3 dxe4 Qxe4 Nf6 Qa4+ Bd7 Qb4 Nc6
1455,1468,black,300+0,d4 b6 Bf4 Bb7 e3 g6 Nf3 Nf6 Bd3 Bg7
1689,1415,white,480+8,e4 e5 Bc4 Nc6 c3 Nf6 d3 Na5 Nf3 Nxc4
1758,1716,white,300+0,e4 e6 f4 d5 exd5 exd5 d4 Bd6 Nf3 Nh6
1716,1610,black,480+2,e4 e5 Nf3 Nc6 Bb5 d6 d4 a6 Bxc6+ bxc6
1591,1682,black,60+0,e3 e5 d4 exd4 Qxd4 Nc6 Qd1 Nf6 Nf3 Bc5
1744,1767,black,480+5,d4 d5 c4 e6 Nf3 dxc4 Qa4+ c6 Qxc4 b5
1145,1383,white,300+0,d4 d5 Nf3 Nc6 Nc3 Bg4 e4 dxe4 Nxe4 Bxf3
1519,1177,black,60+5,d4 d6 Bf4 e5 dxe5 dxe5 Qxd8+ Kxd8 Bxe5 Bb4+
1539,1760,black,420+8,e4 c5 Bc4 Nc6 Nc3 e6 d3 Nf6 Bg5 Be7
1704,1833,black,300+3,e4 e5 Bc4 Nf6 Nc3 Bc5 h3 d6 d3 Nc6
1602,1666,black,300+5,c4 e5 d3 Nf6 Nf3 Nc6 Bg5 d5 Nc3 d4
1769,1700,black,240+0,d4 b6 c4 e6 Nf3 Be7 e3 Bb7 Nc3 c5
1877,1615,black,180+3,e4 c5 Nf3 g6 d4 cxd4 Qxd4 Nf6 e5 Nc6
1287,1304,white,60+10,d4 d5 e3 Nc6 a3 e5 b4 e4 f3 Nf6
1632,1784,white,300+5,e4 e5 Bc4 Bc5 h3 Nf6 d3 Nc6 c3 d6
1674,1780,white,240+0,d4 Nf6 Nf3 g6 e3 Bg7 Be2 O-O O-O h5
1690,1583,black,60+0,e4 d5 exd5 Qxd5 Ba6 Qd8 Bxb7 Bxb7 Nf3 Bxf3
1334,1526,white,0+8,e4 e5 f4 exf4 Nf3 Be7 d4 d6 Bxf4 Nc6
1863,1849,white,300+0,e4 c5 Nc3 Nc6 f4 d6 Bb5 Bd7 Nf3 e6
1631,1738,white,0+1,e3 e5 d4 exd4 Qxd4 Nc6 Qd1 d6 b3 Nf6
1497,1486,white,900+0,d4 d5 Bf4 Nc6 e3 Nf6 Bb5 Bd7 Nf3 Ne4
1488,1477,black,180+4,d4 h5 c4 h4 Nc3 d6 Nf3 h3 Ng5 e6
1359,1500,white,180+0,e4 d6 d4 c5 dxc5 dxc5 Qxd8+ Kxd8 Bf4 Nc6
1597,1676,draw,60+0,d4 d5 e3 Nf6 Nf3 Bg4 Be2 e6 O-O Bb4
1612,1557,white,360+8,e4 e6 d4 d5 e5 c6 Nf3 h6 a3 a5
1639,1480,black,180+3,f4 Nf6 Nf3 d5 e3 Bg4 c4 d4 d3 dxe3
1642,1579,white,0+1,g3 e6 Bg2 d6 b3 c6 Bb2 Nd7 d3 d5
1755,1753,white,180+0,g3 e6 Bg2 d6 b3 Nc6 Bb2 Bd7 h3 Be7
1652,1521,white,0+1,c3 d5 d4 e6 g3 Nf6 Bg2 c6 f3 Bd6
1486,1318,white,0+1,b3 e6 Bb2 d6 c3 c6 b4 b6 a3 a6
1763,1687,white,600+8,d4 d5 c4 e6 Nc3 Nf6 Bg5 Be7 e3 b6
1480,1439,black,300+0,e4 d5 Nf3 dxe4 Ng5 Qd5 h4 h6 Nh3 Qa5
1356,1629,white,1200+10,a3 e6 d4 a6 Nc3 h6 Nf3 Nc6 e4 Nge7
1493,1500,black,0+1,b3 e5 Bb2 d5 c3 c6 b4 b6 a3 a6
1513,1370,white,0+8,e4 e5 Nf3 Nc6 Bb5 Bd6 c3 a6 Ba4 b5
1349,1229,black,300+1,e4 e5 Nf3 f5 Nxe5 d6 Nc4 fxe4 d3 d5
1626,1996,white,480+2,e4 e5 Qh5 Nc6 Bc4 g6 Qf3 Nf6 c3 Bg7
1479,1444,white,300+0,g3 d5 Bg2 Bf5 Nf3 e6 O-O Nc6 b3 Bd6
1636,1761,black,300+0,e4 d5 e5 e6 d4 c5 f4 Nc6 Nf3 cxd4
1483,1497,black,1800+0,e4 Nc6 Nf3 b6 Bd3 Bb7 e5 e6 O-O Qe7
1724,1288,white,300+5,e4 d5 exd5 Qxd5 Nc3 Qd7 Nf3 b6 d4 Nc6
1399,1213,black,660+11,e4 e5 Nf3 f6 Bc4 Ne7 Nc3 d6 d4 exd4
1680,1647,white,300+0,e4 e5 Nf3 Nf6 b3 d6 Bb2 Nxe4 d4 exd4
1312,1439,black,480+8,e3 e6 Nf3 g6 Nc3 Bg7 Na4 b6 Bd3 Bb7
1342,1394,black,720+3,d4 d5 Nc3 Nf6 Bg5 h6 Bxf6 exf6 e4 Bb4
1502,1372,black,60+5,d4 d6 Bf4 g6 Nc3 Bg7 e4 Nc6 Nf3 Bg4
1624,1517,white,300+2,e4 e6 d4 c5 a3 Ne7 dxc5 Ng6 b4 Be7
1919,1885,black,60+1,e4 c6 d4 d5 e5 Bf5 Be3 e6 Nd2 h5
1600,1644,white,60+1,d4 d5 e3 Bf5 Nf3 Nf6 Bd3 e6 Bxf5 exf5
1233,1508,black,240+0,d4 d5 e4 dxe4 f3 exf3 Nxf3 Nf6 d5 Qxd5
1765,1425,white,300+20,e4 e5 Nf3 d6 d4 exd4 Nxd4 c5 Bb5+ Bd7
1500,1363,white,180+0,d4 b6 Nc3 Bb7 Bf4 g6 Nb5 d6 f3 Qd7
1766,2115,black,180+0,e4 Nf6 e5 Nd5 Bc4 c6 Nf3 d6 Bxd5 cxd5
1726,1706,draw,300+5,d4 e6 c4 f5 Nc3 Nf6 e3 Be7 Nf3 O-O
1476,1353,white,300+0,d4 d6 c4 e6 Nc3 Nf6 Nf3 c5 e3 cxd4
1478,1573,black,600+0,e4 e5 f4 exf4 Nf3 Bc5 d4 Bb6 Bxf4 d6
1659,1639,draw,0+1,e3 b6 d4 Bb7 f3 c5 b3 cxd4 Qxd4 Nf6
1674,1630,white,300+5,e4 e5 Nf3 Nc6 Bc4 d6 O-O Nf6 d4 exd4
1685,1925,black,240+0,d4 Nf6 c3 d5 Nf3 Bf5 g3 e6 Bg2 Be7
1500,1512,white,120+0,e4 d5 exd5 Qxd5 Nc3 Qa5 Nf3 Nf6 Bc4 Bg4
1756,1729,draw,240+0,d4 Nf6 c4 g6 Nf3 Bg7 Nc3 d5 e3 O-O
1480,1697,black,900+0,e4 e5 Nf3 d6 Nc3 c5 Bc4 Na6 a3 Nc7
1611,1560,black,60+1,d4 d5 e3 Bf5 Nf3 Nf6 Be2 e6 O-O Bd6
1681,1372,white,120+0,e4 d5 exd5 Qxd5 Nc3 Qa5 Nf3 Nc6 Bc4 Nf6
1647,1481,white,300+5,e4 e5 Bc4 Bc5 c3 Nf6 d3 d5 exd5 Nxd5
1520,1623,white,0+8,e4 c5 Bc4 Nc6 c3 d6 h3 a6 Nf3 f5
1242,1607,black,600+2,e4 e5 Qh5 d6 Bc4 Qe7 d3 Nf6 Qf3 Be6
1365,1441,white,360+0,e4 e5 Nf3 d6 Bc4 Qe7 O-O Be6 Bxe6 Qxe6
1766,1742,white,180+0,g3 b6 Bg2 Nc6 e3 Bb7 d3 d6 h3 e5
1167,1340,white,300+0,d4 b6 b3 c5 Bb2 cxd4 Bxd4 Nc6 c3 e5
1604,1245,white,600+2,e4 e5 Nf3 d6 Bc4 Bg4 Nc3 a6 Nxe5 Bxd1
1292,1299,black,60+10,e4 e6 d4 g6 Nf3 c5 d5 Bg7 c4 Nf6
1611,1400,black,1200+10,d4 d6 c4 g6 Nc3 Bg7 h3 Nc6 Nf3 Bd7
1755,1733,white,300+8,e4 d5 exd5 Qxd5 Nc3 Qa5 h3 Nf6 Nf3 e6
1488,1460,white,180+4,e4 e5 Nf3 d6 d4 exd4 Nxd4 Nc6 Nxc6 bxc6
1631,1599,black,60+1,d4 d5 Bf4 e6 Nf3 Bd6 Bg3 Bb4+ c3 Be7
1354,1294,white,360+6,e4 e6 d4 Nc6 Bb5 Nb4 a3 Nc6 d5 exd5
1515,1691,black,300+3,e4 c6 Nf3 d5 exd5 cxd5 Nc3 Bg4 h3 Bh5
1513,1355,white,240+0,e4 e5 Nf3 Nc6 Be2 Bd6 O-O Nf6 d3 O-O
1438,1445,white,900+0,g3 e5 Bg2 Nf6 e4 Nc6 d3 Bb4+ Bd2 Bxd2+
1624,1646,white,900+0,e4 Nf6 e5 Nd5 Bc4 Nb6 Bb3 Nc6 Nf3 d6
1658,1639,black,0+1,c3 b6 d4 Bb7 e3 c5 f3 cxd4 cxd4 Nf6
1773,1858,white,180+3,e4 e5 Nf3 Nc6 d4 exd4 Bc4 Nf6 Ng5 Ne5
1521,1258,white,300+0,e4 e5 Nf3 Nc6 Bc4 Bc5 d3 d6 h3 h6
1369,1514,black,180+0,e4 e5 d4 exd4 Qxd4 Nc6 Qd1 Nf6 Nc3 Bb4
1681,1949,black,240+0,d4 Nf6 c3 d5 Nd2 Bf5 Ngf3 e6 g3 Bd6
1333,1274,draw,300+1,e4 d5 exd5 Qxd5 Nc3 Qa5 d4 Nc6 Nf3 Bf5
1449,1498,white,180+4,e4 e6 d3 d6 Nf3 h5 Ng5 Be7 Nf3 h4
1618,1484,white,180+0,d4 d6 Nc3 Nc6 d5 Ne5 f4 Ng6 h4 e5
1368,1723,black,120+0,e4 e6 d4 c6 Nc3 d5 exd5 cxd5 Nf3 Nc6
1535,1474,white,0+8,e4 e6 Nf3 d5 exd5 exd5 d4 Nf6 Bd3 h6
1362,1136,white,180+0,e4 d5 exd5 Qxd5 Nc3 Qd7 d4 Qe6+ Qe2 Qxe2+
1410,1182,black,180+1,e4 e5 Qg4 f6 Qh5+ g6 Qf3 f5 exf5 gxf5
1521,1632,white,300+2,e4 e5 Nf3 Nc6 Bb5 Bd6 Bxc6 bxc6 O-O c5
1707,1725,white,300+5,Nf3 d5 c4 dxc4 Nc3 c6 a4 Nf6 e3 e6
1646,1651,white,0+1,g3 b6 Bg2 c6 b3 Bb7 Bb2 Nf6 e3 e6
1610,1631,black,60+1,d4 e6 e3 Ne7 Nf3 g6 Be2 Bg7 O-O O-O
1451,1689,draw,240+0,d4 d5 Bf4 Nf6 e3 e6 a3 Bd6 Bxd6 Qxd6
1346,1838,black,300+0,e4 c5 d4 cxd4 Qxd4 Nc6 Qc4 e6 Nf3 d5
1683,1650,black,300+5,e4 e5 Nf3 d6 Bc4 Bg4 O-O Qf6 Be2 Nc6
1285,1363,white,360+0,e4 e5 Bc4 Nc6 Nf3 Nf6 Ng5 d5 exd5 Na5
1751,1365,white,120+0,g3 d5 Bg2 e5 c3 e4 d3 exd3 exd3 Nf6
1451,1360,black,180+6,b3 e6 Bb2 d6 b4 c6 e3 Nf6 Qf3 Be7
1767,1478,white,300+8,e4 c5 Bc4 d6 Qh5 g6 Qf3 Nf6 h3 Bg7
1331,1541,white,300+1,e4 h5 Nf3 f6 d4 d6 Nc3 Bg4 Be2 e5
1843,1763,white,180+3,e4 e5 Nf3 Nc6 d4 exd4 Bc4 Bc5 c3 Qe7
1628,1689,black,360+0,e4 e5 Bc4 c6 d3 d5 exd5 cxd5 Bb3 Nc6
1777,1675,black,480+5,e4 e5 Nf3 Nf6 Nc3 Bb4 d3 d5 exd5 Qxd5
1620,1596,white,360+0,e4 e5 Bc4 Nf6 d3 Bc5 h3 O-O a3 c6
1653,1509,white,300+5,e4 e5 Bc4 Nc6 c3 Nge7 d3 Ng6 h3 Be7
1523,1419,white,300+8,d4 e6 c4 Nf6 Nc3 Bb4 e3 Bxc3+ bxc3 Nc6
1477,1276,white,300+0,d4 Nf6 c4 d5 Nc3 dxc4 Nf3 b5 e3 c6
1904,1532,white,120+2,a3 e5 b3 Nc6 c3 Nf6 d3 d5 e3 Bf5
1630,1891,black,900+15,e4 e5 Nf3 d6 d3 Be6 Be2 Nf6 h3 Be7
1842,1561,white,600+0,e4 e5 Nf3 d6 d4 Nf6 dxe5 Nxe4 Bc4 c6
1185,1433,black,300+0,d4 d5 Nc3 Nf6 g3 Bf5 Bg2 e6 f3 c5
1969,1547,white,480+2,e4 e5 Nf3 Nc6 Bb5 a6 Ba4 b5 Bb3 Na5
1407,1544,black,720+3,d4 d5 c4 dxc4 e4 Nf6
1700,1465,white,180+0,d4 d5 Nc3 Nf6 Bf4 a6 Be5 e6 Bxf6 Qxf6
1558,1537,black,60+10,b4 d5 Bb2 Nf6 h3 g6 g4 Bg7 g5 Nh5
1367,1396,draw,180+0,e4 d5 exd5 Qxd5 Nc3 Qe6+ Qe2 Nc6 Qxe6 Bxe6
1610,1239,white,600+2,e4 e5 Bc4 Nf6 d3 d5 exd5 Nxd5 Qf3 c6
1600,1773,draw,60+1,d4 e6 e3 d5 Nf3 c6 Be2 Nf6 O-O Be7
1544,1528,white,480+2,e4 e5 d4 f6 Nf3 d6 Be3 Ne7 Nbd2 Ng6
1623,1329,white,600+5,e4 d5 e5 d4 Bc4 Be6 Bxe6 fxe6 Nf3 Nc6
1519,1361,white,240+0,e4 e5 Nf3 d6 Be2 f5 exf5 Bxf5 d3 d5
1383,1327,black,720+3,d4 d5 c4 dxc4 e3 Be6 Nc3 Nf6 Nf3 g6
1342,1374,white,180+6,e4 e6 d4 d6 Be3 c6 Nc3 h6 h3 Nf6
1475,1488,black,120+7,e4 b6 Nf3 Bb7 Nc3 g6 d4 Bg7 e5 e6
1581,1422,black,600+0,e4 e5 Bc4 d6 d3 h6 Nc3 c6 Bb3 b5
1236,1768,black,300+20,d4 d5 Nc3 e6 f3 Nf6 e4 dxe4 fxe4 Be7
1584,1806,black,540+18,e4 c5 Bc4 Nc6 c3 g6 Nf3 Bg7 Ng5 e6
1398,1313,black,720+3,d4 d5 c4 e6 cxd5 exd5
1780,1707,white,480+5,d4 b5 e4 Bb7 Bd3 b4 Ne2 e6 O-O a6
1657,1253,white,300+2,e4 e5 Nf3 Nc6 Bc4 Bc5 c3 d6 d3 h6
1661,1662,white,180+0,e4 e5 Nf3 d6 d4 Bg4 dxe5 Bxf3 gxf3 dxe5
1535,1618,black,300+2,f4 e6 g3 d5 Nf3 h6 Bg2 Bd6 b3 a6
1208,1383,black,300+2,e4 g6 d4 Bg7 e5 d6 c3 dxe5 Qa4+ c6
1486,1395,black,180+4,e4 c5 Nf3 Nc6 Nc3 e5 Bc4 a6 a3 Nf6
1972,1394,white,480+2,e4 d5 exd5 Qxd5 Nc3 Qa5 d4 Nc6 Bb5 a6
1907,1530,white,120+2,a3 e5 b3 Nc6 c3 Bc5 d3 f5 e3 Nf6
1642,1623,white,60+2,e4 e5 Nf3 Nc6 Nc3 Nf6 d4 exd4 Nxd4 d6
1734,1604,draw,60+1,e4 d5 exd5 Qxd5 Nc3 Qd8 Bc4 e6 Nf3 Be7
1368,1327,white,180+0,e4 e5 d4 exd4 Qxd4 c5 Qd1 Nc6 Nf3 Nf6
1668,1513,black,1800+0,e4 e5 Nf3 Qe7 c3 c6 d4 d6 Qb3 Be6
1586,1630,white,360+0,d4 d5 e4 dxe4 Nc3 f5 f3 exf3 Qxf3 Nf6
1623,1405,white,900+15,e4 e5 Nf3 Nc6 d3 Nf6 h3 d5 exd5 Qxd5
1395,1754,white,300+0,d4 Nf6 Bf4 d6 Nc3 g6 Nf3 Bg7 g3 Bg4
1658,1602,white,0+1,g3 d6 Bg2 e6 b3 Ke7 Bb2 Nf6 e3 Ke8
1337,1428,black,360+0,e3 e5 a3 d6 b4 Nf6 Bb2 Be7 d4 e4
1744,1460,white,180+0,d4 d5 Nc3 e6 a3 c5 e3 cxd4 exd4 Nf6
1180,1230,white,300+0,d4 d5 b3 Nf6 Bb2 Nc6 g3 Ng4 Bh3 h5
1331,1322,white,300+1,e4 e5 Nf3 Nf6 d4 exd4 Nxd4 Bc5 e5 Ne4
1354,1685,black,300+0,e3 e5 Qh5 Nc6 Bc4 d5 Bb5 Bd7 Bxc6 Bxc6
1653,1493,black,60+2,e4 g6 d4 Bg7 Nf3 d6 Be3 f5 Bd3 fxe4
1682,1357,white,300+0,e4 e5 d4 Qh4 Nf3 Qxe4+ Be2 g6 dxe5 Bc5
1667,1376,white,0+1,g3 e5 Bg2 d6 c3 b5 e3 c6 Qe2 Bb7
1607,1709,white,60+1,d4 e6 e3 d5 Nf3 c5 Be2 Nc6 dxc5 Bxc5
1773,1636,white,600+8,d4 e6 c4 a6 e4 h6 Nc3 c5 d5 exd5
1545,1548,black,360+6,e4 e6 d4 d5 exd5 Qxd5 Nc3 Bb4 Qd3 b6
1509,1699,white,300+3,e4 c6 Qf3 d5 exd5 cxd5 Nc3 Nf6 d3 Bg4
1768,1852,black,180+3,e4 e5 f4 Bc5 Nf3 d6 c3 Nf6 d4 exd4
1349,1317,black,300+1,e4 e5 Nf3 Nf6 Nc3 Bb4 d3 Bxc3+ bxc3 d6
1659,1636,white,300+2,e4 c6 d4 d5 e5 f6 Bf4 Bf5 Nf3 Qb6
1770,1559,white,300+20,e4 e5 Nf3 Nc6 Bc4 Bc5 O-O Nf6 c3 h5
1631,1620,black,60+1,e4 d5 e5 d4 Nf3 e6 b3 Nc6 Bb2 b6
1642,1909,black,120+2,b4 e5 Bb2 f6 b5 d5 d4 e4 e3 Be6
1415,1250,black,300+0,d4 g6 Bf4 Bg7 Nc3 c6 g3 d6 Bg2 Nf6
1682,1682,white,240+0,e4 e5 Nf3 Nc6 Bc4 h6 h3 Nf6 d3 Be7
1372,1194,white,0+1,e4 e6 d3 Nc6 Nd2 Bb4 Nf3 Bxd2+ Bxd2 Nf6
1281,1839,black,300+0,e4 c5 c4 Nc6 Nf3 e6 d4 cxd4 Nxd4 Nxd4
1630,1577,draw,60+1,d4 e5 e3 exd4 Qxd4 Nc6 Qd1 Nf6 Nf3 g6
1429,1402,black,240+1,e4 Nc6 Nc3 e5 Bc4 Be7 Nf3 b6 Nd5 Bb7
1510,1636,draw,60+2,d4 e6 Nf3 Ne7 Bf4 g6 h3 Bg7 e3 O-O
1500,1421,white,180+0,d4 e6 a3 h6 Nc3 a6 e4 d6 h4 Nf6
1618,1598,black,360+0,e4 e5 Bc4 Bc5 d3 Nf6 h3 O-O Nf3 Nc6
1411,1472,white,180+4,e4 e6 Nf3 b6 d4 Bb7 Bd3 d6 O-O Nd7
1367,1562,black,720+3,d4 e5 dxe5 Nc6 Nf3 d6 Bg5 Be7 Bf4 dxe5
1856,1613,white,600+2,Nf3 e6 d4 d6 c4 Be7 Nc3 c6 e4 Na6
1756,1734,white,240+0,d4 Nf6 c4 g6 Nf3 Bg7 e3 O-O Nc3 d6
1584,1629,white,60+1,c4 d5 cxd5 Qxd5 Nc3 Qd8 g3 e6 Bg2 Be7
1595,1701,white,120+0,e4 d5 exd5 c5 Nf3 Bg4 Be2 Nf6 O-O Nxd5
1670,1378,white,0+1,g3 e5 Bg2 d6 b3 Nd7 Bb2 Ngf6 e3 g6
1424,1366,black,300+0,d3 d5 b3 e5 Bb2 Nc6 c4 Be6 e3 Bc5
1743,1637,black,300+0,d4 d5 b3 c5 e3 e6 a3 Bd7 Bb2 b5
1660,1695,draw,600+10,e4 e5 Nc3 Nf6 f4 Nc6 Nf3 d6 d4 Bg4
1374,1412,black,600+15,d4 e6 d5 exd5 Qxd5 Nf6 Qe5+ Be7 Nf3 Nc6
1378,1359,black,0+1,e4 b6 d4 Bb7 Nd2 d6 Ngf3 g6 c3 Bg7
1191,1328,white,300+0,d4 e6 b3 a6 Bb2 b5 e3 Bb7 f3 Nc6
1460,1442,black,300+8,e4 c5 c4 Nc6 a3 h6 Nc3 a6 h3 e6
1930,1687,black,180+2,e4 g6 d4 Bg7 Nc3 d6 Be3 f5 f3 fxe4
1787,1704,black,300+2,c4 e5 Nc3 Nf6 d3 Bb4 Nf3 Nc6 g3 e4
1365,1376,white,0+1,e4 g6 d3 Bg7 Nd2 e6 Ngf3 Bxb2 g3 Bxa1
1432,1076,white,300+5,e4 e5 d4 exd4 Qxd4 d6 Qd1 c6 h3 c5
1596,1684,black,360+5,d4 g6 h3 Bg7 Nf3 b6 c3 Bb7 a3 d6
1325,1557,black,600+0,e4 e5 d4 exd4 Qxd4 Nc6 Qc4 Nf6 Bg5 h6
2051,2063,white,600+0,e4 c5 Nf3 e6 d4 cxd4 Nxd4 a6 Nc3 d6
1495,1702,white,900+0,e4 e5 d4 Bd6 c3 Nf6 Bc4 Nxe4 Qg4 Nf6
1594,1830,white,600+30,d4 d5 Bf4 Nf6 c4 Nh5 e3 Nxf4 exf4 Bf5
1582,1626,black,300+2,e4 e5 Nf3 Nc6 Bc4 Bd6 O-O h6 d4 Nf6
1980,1855,black,420+0,d4 d5 e3 Nf6 f4 Nbd7 Nf3 Ne4 Bd3 Ndf6
1368,1409,white,180+0,e4 e5 d4 f6 dxe5 fxe5 Nf3 Nc6 Bb5 Bd6
1690,1413,white,240+1,e4 Nc6 Nf3 e5 b3 Bd6 Bb2 f6 Bb5 b6
1379,1390,black,180+0,e4 e5 d4 f6 dxe5 fxe5 Nf3 Nc6 Bb5 Bc5
1294,1341,black,300+1,e4 d5 e5 d4 f4 f6 Nf3 Bg4 h3 Bxf3
1640,1436,white,180+0,d4 d5 Nc3 Nf6 Bf4 c6 Be5 e6 Bxf6 Qxf6
1525,1654,black,300+3,e4 e5 Bc4 Nf6 d3 h6 Nc3 c6 b3 Bb4
1610,1658,white,1200+8,e4 c5 Nf3 d6 d4 cxd4 Nxd4 Nf6 Nc3 Nc6
1577,1678,white,180+0,e4 c6 Bc4 d5 exd5 cxd5 Bb3 Nf6 Qf3 a6
1759,1914,white,300+0,e4 d5 exd5 c6 dxc6 e5 Ne2 Bc5 Ng3 Nf6
1609,1606,black,360+0,e4 e5 Nf3 Nc6 d4 exd4 Bc4 h6 O-O Bc5
1674,1640,black,0+1,c3 b6 d4 c5 dxc5 bxc5 f3 d5 e4 d4
1626,1666,black,540+7,d4 d5 c4 e6 Nc3 Nf6 a3 b6 e3 Bb7
1459,1426,white,180+4,e4 c5 Nf3 Nc6 d4 cxd4 Nxd4 e5 Nxc6 bxc6
1335,1518,draw,480+0,e4 e5 c3 Nf6 f3 d5 d4 dxe4 fxe4 exd4
1688,1655,white,300+0,e4 c5 Nf3 Nc6 d4 cxd4 Nxd4 Nxd4 Qxd4 e6
1671,1332,white,300+2,e4 e5 Nf3 Nf6 Nxe5 Nxe4 Qe2 d5 d3 Nf6
1396,1399,white,180+1,e4 d5 Bb5+ Bd7 Bd3 Bc6 exd5 Bxd5 Qh5 Bxg2
1342,1317,black,600+15,d4 e6 e4 f5 e5 g6 Bc4 Bg7 Nf3 d6
1896,1854,white,60+0,Nf3 e6 g3 d5 Bg2 c5 O-O Nc6 d3 Bd7
1409,1694,white,240+1,Nf3 b6 Nc3 Bb7 e3 g6 b3 Bg7 Bb2 d6
1435,1543,black,300+5,d4 e6 e4 Nf6 e5 Ne4 f3 Qh4+ Ke2 Ng3+
1625,1823,white,180+0,e4 e6 Nf3 d5 exd5 exd5 d4 Bg4 Nc3 Nf6
1677,1809,draw,240+0,d4 Nf6 c3 c5 dxc5 e6 Nd2 Bxc5 Ngf3 a6
1671,1280,white,240+0,d4 d5 Nf3 Nc6 e3 Nf6 Bb5 a6 Bxc6+ bxc6
1675,1428,black,240+1,e4 Nc6 Nf3 e5 b3 Bd6 Bb2 f6 Bb5 Nce7
1662,1652,white,0+1,g3 c6 Bg2 d5 b3 Bg4 Bb2 Qd7 f3 Bf5
1634,1814,black,900+0,e4 e5 Nf3 Nc6 Bb5 d6 O-O Bd7 Re1 Nf6
1621,1455,white,360+8,e4 c5 Bc4 e6 Nc3 a6 a4 Nc6 d3 Nf6
1512,1772,black,60+0,b3 d5 Bb2 Bf5 e3 e6 Ne2 Bd6 Ng3 Bg6
1853,1620,white,360+2,e4 c5 Nf3 d6 Nc3 Nf6 e5 dxe5 Nxe5 Bf5
1591,1517,white,420+3,e4 e5 Qh5 Nc6 Bc4 g6 Qf3 Qf6 Qxf6 Nxf6
1729,1569,white,300+0,e4 b6 d4 Bb7 b3 Bxe4 Nc3 Bb7 Bb2 e6
1776,1854,black,180+0,g3 d5 Bg2 e6 b3 Nf6 Bb2 Be7 h3 O-O
1580,1554,white,540+18,e4 e5 Nf3 Nf6 Nc3 Nc6 Bc4 Bc5 a3 Ng4
1525,1431,white,300+0,e4 c5 Nf3 e6 Bb5 a6 Ba4 b6 c4 Bb7
1415,1469,black,180+4,e4 e6 Nf3 d6 d4 Nd7 Bd3 Be7 O-O Nf8
1909,1844,black,60+0,Nf3 e6 g3 d5 Bg2 Nf6 O-O Bc5 d3 Nc6
1518,1661,black,300+3,e4 c6 Nf3 d5 exd5 cxd5 h3 Nf6 Nc3 a6
1776,1846,white,300+20,e4 e5 Nf3 Nc6 Bc4 Nf6 O-O Bc5 c3 Nxe4
1780,1796,black,60+0,d4 d5 Bg5 c6 Bh4 Nf6 e3 Bf5 Bd3 Bxd3
1711,1527,white,300+5,e4 e5 Bc4 Nc6 Qh5 g6 Qf3 Nf6 Nc3 Bc5
1755,1807,white,180+0,e4 e6 d4 d5 e5 c5 Nf3 Nc6 c4 dxc4
1449,1500,black,180+2,e4 e5 Nf3 d6 Bc4 Bg4 O-O Qd7 Nc3 f5
1718,1265,white,300+5,e4 e5 Bc4 Nc6 Qh5 g6 Qf3 Nd4 Qxf7#
1717,1701,black,360+3,e4 e5 f4 d6 Nf3 Be7 d4 exd4 Qxd4 Nf6
1325,1474,black,300+0,Nf3 d5 Nc3 Nf6 d4 Bf5 e3 c5 Ng5 h6
1441,1396,black,300+8,e4 d6 Nf3 Nc6 Nc3 Bg4 Bb5 Qd7 h3 Bh5
1573,1551,white,840+8,d4 d5 Nf3 Nc6 e3 Bf5 c4 dxc4 Bxc4 e6
1720,1567,white,300+5,c4 e5 Nc3 Nf6 e4 Nc6 Nf3 Bb4 d3 d6
1762,1533,white,60+0,d4 f5 Bg5 Nf6 Bxf6 exf6 e3 d5 Bd3 Bd6
1617,1598,white,360+0,e4 c6 d4 d5 e5 Bf5 Bd3 Bxd3 Qxd3 Nd7
1685,1763,black,900+3,e4 e5 Nf3 Nc6 Bb5 a6 Ba4 Bc5 c3 h6
1614,1388,white,180+0,e4 e5 Bc4 a6 Qf3 f6 d3 b5 Bb3 a5
1892,1336,white,120+0,Nf3 Nc6 d4 d5 Bf4 Nf6 Nbd2 Ne4 c4 Nxd2
1703,1278,white,180+0,d4 d5 Nc3 Nf6 Bf4 Nc6 Nb5 Rb8 Bxc7 Qd7
1778,1902,black,180+2,e4 c5 Nf3 d6 d4 cxd4 Nxd4 Nf6 Nc3 g6
1388,1407,black,180+1,d4 Nf6 Bf4 Nc6 Nc3 d5 Nb5 Nh5 Nxc7+ Kd7
1210,1385,black,300+0,d4 d5 Nc3 Nf6 g3 e6 Bg2 Bd6 Nf3 h6
1351,1272,white,300+1,e4 e5 Nf3 Nc6 d4 f5 exf5 exd4 Nxd4 Nxd4
1982,2051,white,600+0,e4 c5 Nf3 e6 Nc3 a6 Be2 d5 exd5 exd5
1331,1344,white,360+2,e3 e5 Nf3 Nc6 d4 exd4 Nxd4 Nxd4 Qxd4 Bd6
1588,1590,white,360+5,d4 d5 h3 Nf6 Nf3 g6 c3 Bg7 a3 O-O
1365,1673,white,240+0,d4 d5 e3 Nf6 h3 e6 a3 Be7 c3 Nbd7
1511,1500,white,300+3,e4 e5 Bc4 Nc6 Nc3 d6 h3 Nf6 d3 Bd7
1446,1658,black,240+1,Nf3 b6 Nc3 Bb7 e3 g6 d4 Bg7 b3 d6
1770,2128,black,60+0,d4 c5 d5 e6 dxe6 fxe6 g3 d5 Bg2 Nf6
1420,1263,black,300+1,e4 e5 Bc4 Nc6 Nc3 Nf6 Nf3 Nd4 Nxd4 exd4
1966,1616,white,420+0,d4 Nf6 f4 e6 Nf3 c5 e3 Nc6 c3 Be7
1795,1711,draw,180+0,e4 d5 exd5 Qxd5 d4 e5 Be3 Nc6 Nc3 Bb4
2132,1765,white,60+0,e4 d5 Nf3 dxe4 Ng5 Nf6 Nc3 Bg4 Be2 Bf5
1681,1765,white,240+0,d4 Nf6 c3 d5 Nd2 Bf5 Ngf3 e6 g3 Be7
1969,1896,black,120+2,e4 d5 Nf3 dxe4 Ng5 Nf6 Bc4 e6 Qe2 Nc6
1628,1593,black,360+8,e4 c6 d4 e6 a3 a6 Nc3 h6 Bc4 b5
1625,1847,black,540+5,c4 g6 Nc3 Bg7 g3 Bxc3 dxc3 Nf6 Bg2 O-O
1588,1628,black,360+0,e4 e5 Nf3 Nc6 d4 exd4 Bc4 h6 c3 dxc3
1203,1329,white,300+0,d4 d5 g3 Qd7 Bg2 Qc6 Nc3 Bf5 e4 dxe4
1793,1816,white,180+0,e4 e5 Bc4 d6 Nc3 Nf6 Nf3 Bg4 h3 Bh5
1761,2136,black,60+0,d4 Nf6 Bg5 d5 Bxf6 exf6 e3 Bd6 c3 O-O
1913,1559,white,180+2,e4 e5 Nf3 Nc6 Bb5 Bd6 O-O a6 Ba4 b5
1728,1380,white,300+5,e4 e5 Bc4 a6 Qh5 Qe7 Nc3 b5 Nd5 Qe6
1722,1366,white,180+0,d4 Nf6 Nc3 c6 e4 d5 e5 Ne4 Nce2 f6
1533,1391,white,300+0,e4 d5 exd5 Nf6 Nc3 e6 dxe6 Bxe6 Nf3 Bb4
1719,1592,white,300+2,Nf3 Nc6 d4 b6 d5 Nb8 c4 Bb7 e4 c6
1735,1902,black,300+0,d4 Nf6 f3 d5 b3 c5 Bb2 cxd4 Qxd4 Nc6
1598,1500,white,360+5,d4 Nf6 h3 e6 Nf3 b6 c3 Bb7 Bg5 Be7
1862,1835,black,300+0,d4 c6 c4 d5 e3 Nf6 Nf3 Bg4 Nbd2 Nbd7
1308,1538,black,300+2,e4 e5 Nf3 Nc6 Bc4 d6 Nc3 Bg4 Nxe5 Nxe5
1562,1693,black,600+0,c4 g6 g3 Bg7 Bg2 d6 d3 Nd7 e4 c6
1757,1641,white,60+0,d4 d5 Bf4 Nf6 e3 Bf5 Bd3 Bxd3 Qxd3 e6
1340,1475,black,480+0,e4 e5 c3 Bc5 d4 exd4 cxd4 Bb4+ Bd2 Nc6
1617,1609,white,60+1,d4 d5 e3 e6 Nf3 c5 Be2 cxd4 O-O dxe3
1714,1566,white,240+0,f4 d6 Nf3 Nc6 d4 Bf5 c3 e6 e3 Be7
1418,1377,white,180+1,c4 d5 cxd5 Qxd5 Qa4+ c6 Nc3 Qf5 Qb3 Nf6
1380,1276,white,180+0,e4 d5 exd5 Qxd5 Nc3 Qd8 d4 e6 Bf4 Nd7
1753,1576,white,540+9,e4 e5 d4 exd4 c3 dxc3 Bc4 cxb2 Bxb2 d6
1541,1319,black,540+5,e4 a6 Bc4 c6 Nf3 b5 Bb3 d5 exd5 cxd5
1619,1584,black,840+8,e4 c5 Bc4 e6 d4 cxd4 Qxd4 Nc6 Qd3 Nf6
1877,1635,white,300+2,e4 e5 f4 exf4 Nf3 g5 h3 Bg7 Bc4 h6
1673,1769,black,0+1,e3 d5 Qe2 c6 g3 Nf6 Bg2 Bg4 b3 Bxe2
1502,1953,black,60+8,e4 e5 Nf3 Nc6 Bc4 Nf6 Ng5 d5 exd5 Na5
1653,2166,black,240+0,d4 c5 dxc5 e6 Nf3 Bxc5 e3 d5 Bb5+ Nc6
1813,1637,white,420+8,e4 c5 c4 Nc6 Nf3 e6 Be2 Be7 O-O Nf6
1648,1862,white,120+2,d4 d5 e3 Nf6 Bd3 g6 c3 Bg7 f4 O-O
1300,1645,black,600+8,d4 d5 Nc3 Nf6 Bg5 e6 Qd3 Nc6 e3 h6
1663,1441,white,240+1,e4 Nc6 g3 e6 Bg2 Bd6 b3 b6 Bb2 f6
1626,1332,white,60+1,d4 Nf6 e3 d5 Nf3 c6 Be2 Bf5 O-O e6
1277,1809,black,420+2,e4 c6 Qf3 d5 exd5 cxd5 Nc3 d4 Nd1 Nc6
1360,1652,black,300+1,e4 e5 Nf3 Nc6 d4 d6 dxe5 dxe5 Qxd8+ Kxd8
1519,1330,white,300+3,e4 e5 Nf3 d6 Bc4 Be7 b3 Bf6 c3 c6
1367,1428,black,180+1,d4 e6 Bf4 Bb4+ Nc3 Bxc3+ bxc3 Nf6 c4 Nc6
1782,1632,white,60+0,e4 e6 Bc4 Ne7 d3 g6 c3 Bg7 Be3 O-O
1540,1656,white,300+0,e4 e5 Nf3 Nc6 Bc4 Bc5 d3 h6 Be3 Bd4
1720,1917,black,180+2,e4 c5 Bc4 Nc6 f4 e6 Nf3 a6 a3 b5
1618,1810,white,60+0,d4 e6 e3 b6 Nf3 Bb7 g3 Nf6 Bg2 Bd6
1284,1910,white,120+2,e4 a6 Nc3 h6 Nf3 b6 d4 g6 Bc4 c6
1590,1543,black,300+14,e4 e5 Nf3 Nc6 Bc4 d6 d3 h6 c3 a6
1452,1555,black,600+0,g3 e6 Bg2 d5 Nf3 Nc6 O-O h6 b3 Be7
1630,1792,black,60+0,d4 e6 e3 d5 Nf3 b6 Be2 Bb7 g3 Ne7
1584,1726,white,300+2,Nf3 e6 g3 f5 Bg2 Nf6 d3 c6 O-O Be7
1721,1631,white,300+2,f4 e6 Nf3 h6 g3 d5 Bg2 Bd6 O-O Nf6
1830,1665,black,120+2,e4 g6 Nc3 Bg7 d4 d6 Nf3 Nf6 e5 dxe5
1267,1297,black,60+10,e4 e5 Nf3 Nc6 d4 exd4 Nxd4 Nf6 Nxc6 bxc6
1786,1634,white,60+0,d4 d5 Bg5 e6 Bxd8 Kxd8 Nf3 Ke8 Ne5 Be7
1560,1472,black,900+0,d4 d5 f4 Nc6 Nf3 Bg4 Ne5 Nxe5 dxe5 f6
1685,1672,white,900+0,e4 c6 c4 d5 e5 e6 Nf3 f6 d4 Nd7
1694,1837,draw,240+0,d4 d6 c3 Nf6 Nd2 g6 Ngf3 Bg7 g3 O-O
1801,1624,white,60+0,e4 d5 exd5 Qxd5 Nc3 Qd8 Bb5+ Bd7 Bxd7+ Nxd7
1220,1304,white,300+0,d4 d5 Bf4 Nc6 Nc3 a6 g3 b5 Bg2 e6
1389,1404,draw,180+0,e4 e5 Nf3 Nf6 d4 exd4 Nxd4 Nxe4 Qe2 d5
1478,1408,black,180+4,e4 e5 Nf3 d6 d4 Bg4 h3 Bxf3 Qxf3 exd4
1794,1908,black,300+2,d4 Nf6 c4 g6 Nc3 d5 cxd5 Nxd5 e4 Nxc3
1446,1424,black,300+8,e4 e5 Bc4 d6 h3 c6 a3 b5 Ba2 g6
1440,1637,white,180+2,c4 e5 d3 d5 cxd5 Qxd5 Nc3 Bb4 Qa4+ Nc6
1851,1886,black,300+0,d4 Nf6 c4 e5 dxe5 Ng4 Nf3 Nc6 Nbd2 Ngxe5
1436,1453,white,240+1,e3 e6 Nc3 b6 b3 Bb7 Bb2 Nf6 f3 Nc6
1437,1358,black,300+0,c4 d5 e3 d4 Qa4+ c6 exd4 Qxd4 Nf3 Qe4+
1616,1331,white,300+8,d4 e6 e4 b6 Be3 Bb7 Bd3 d5 e5 Bb4+
1605,1737,white,360+5,d4 c5 Be3 cxd4 Bxd4 Nc6 Be3 e6 c3 d5
1628,1796,black,60+0,g3 d5 Bg2 c6 c3 Nf6 b3 Bg4 Bb2 e6
1965,1861,black,180+3,e4 e5 Nf3 Nc6 Bb5 a6 Ba4 g6 O-O Bg7
1711,1600,black,300+2,Nf3 d5 c4 d4 e3 Nc6 g3 Nf6 Bg2 Bf5
1969,1959,white,420+0,d4 Nf6 f4 e6 e3 d5 Bd3 c5 c3 Nc6
1484,1333,white,480+0,e4 e5 Bc4 d6 Nf3 f6 Nc3 c6 d3 Qb6
1534,1274,white,600+10,e4 e5 Nf3 Nf6 Ng5 Nc6 Bc4 Bc5 Bxf7+ Kf8
1486,1555,white,600+0,d4 Nf6 Nc3 e6 a3 c5 Nf3 Nc6 e4 d5
1654,1824,black,720+0,e4 Nc6 d4 e6 d5 exd5 exd5 Qe7+ Qe2 Nd4
1824,1516,white,300+6,e4 e5 Bc4 Nf6 Nc3 Nc6 d3 h6 Nd5 Nxd5
1802,1964,black,120+2,e4 e5 Nf3 Nc6 Bb5 a6 Ba4 Nf6 O-O b5
1465,1423,draw,180+4,e4 e5 Nf3 d6 Nc3 Bg4 h3 Bxf3 Qxf3 c6
1524,1527,black,300+3,e4 g6 b3 Bg7 d4 c5 Bb2 Nc6 Nf3 d6
1804,1621,black,60+0,d4 d5 Nf3 g6 Bg5 Bg7 e3 Nf6 Bxf6 e6
1926,1842,black,180+2,e4 d5 exd5 Qxd5 Nc3 Qd8 Bc4 Nf6 Nf3 e6
1681,1794,black,60+1,c4 d6 Nc3 Nf6 g3 g6 Bg2 Bg7 d3 O-O
1371,1423,draw,300+0,d4 e6 Bf4 Nc6 Nc3 Qf6 Nb5 Qxf4 e3 Qe4
1585,1524,white,420+8,e4 e5 Bc4 Nf6 d3 Bc5 Bg5 h6 Bh4 d6
1832,1791,white,300+20,e4 d5 exd5 Qd6 Bc4 Qxd5 Bxd5
1786,1785,black,300+2,d4 Nf6 c4 e6 Nc3 d5 Nf3 c6 Bg5 Bd6
1698,1857,black,300+3,d4 d5 c3 e6 Nf3 Nf6 g3 Nbd7 Bg2 Bd6
1442,1448,white,240+1,d3 e6 e3 Nc6 Nc3 Nf6 Nf3 Be7 Bd2 b6
1780,1605,white,300+20,e4 c6 d4 e6 c4 Qa5+ Nc3 Bb4 Bd2 Bxc3
1638,1782,black,60+0,d4 d5 e3 c6 Nf3 Nf6 Be2 Bg4 O-O e6
1363,1249,white,360+6,e4 e5 Nf3 Nf6 d3 Nc6 Nc3 Nd4 Nxd4 exd4
1651,1578,black,300+5,e4 e5 Qh5 Nc6 Bc4 g6 Qf3 Nf6 c3 Bg7
1446,1310,white,480+8,e4 d5 exd5 Qxd5 Nc3 Qe6+ Be2 b6 Nf3 Ba6
1616,1462,white,180+2,b4 d5 Bb2 Nc6 b5 Nb4 a3 e5 Bxe5 f6
1386,1341,white,600+5,e4 d5 e5 d4 Nf3 Bg4 Bc4 e6 h3 Bxf3
1852,1819,draw,540+5,e4 e6 Nf3 c5 c4 Nc6 Be2 Nge7 O-O Ng6
1432,1381,black,300+8,e4 e5 Bc4 Nf6 d3 d5 exd5 Nxd5 Qf3 Be6
1495,1526,black,420+7,e4 d5 e5 d4 Nf3 Nc6 Bb5 Qd5 Bxc6+ Qxc6
1544,1662,black,0+8,e4 c5 Bc4 e6 c3 a6 Nf3 b5 Bb3 c4
1998,1791,black,120+2,e4 d5 exd5 Qxd5 Nc3 Qa5 Nf3 Bg4 d4 Nf6
1791,1631,white,60+0,d4 d5 Bg5 e6 Bxd8 Kxd8 Nf3 Ke8 c3 Be7
1411,1832,black,300+0,d3 d5 b3 e5 Bb2 Nc6 c4 dxc4 bxc4 Bb4+
1237,1375,white,300+0,d4 e6 e4 b6 c3 Bb7 f3 c5 Bc4 Ne7
1673,1767,black,60+1,c4 f5 Nc3 Nf6 g3 e6 Bg2 Be7 d3 O-O
1950,1949,white,180+0,e4 c5 b4 cxb4 d4 e6 f4 d5 e5 Ne7
1580,1893,black,120+0,e4 e6 Nf3 c5 Nc3 a6 d4 cxd4 Nxd4 d6
1807,1618,white,60+0,d4 d5 Bg5 e6 Bxd8 Kxd8 Nf3 Ke8 Ne5 Nf6
1264,1367,black,1200+10,e4 e5 Nf3 Nc6 Bc4 Bc5 Nc3 Nf6 d3 Nd4
1624,1799,black,60+0,g3 d5 Bg2 c6 d4 Nf6 b3 g6 Bb2 Bg7
1631,1773,black,420+15,e4 e5 Nf3 Nc6 d3 h6 Be2 d6 Bd2 Be7
1981,1687,white,420+0,d4 e6 f4 c5 e3 Nc6 Nf3 d5 c3 Nf6
1669,1848,black,120+2,c4 c6 b3 d5 e3 Nf6 Bb2 Bf5 Nf3 e6
1701,1327,white,300+8,e4 d5 e5 e6 d4 a6 Nf3 b5 Be2 b4
1513,1542,white,300+3,e4 e5 Bc4 d6 d3 Nf6 h3 Nc6 c3 d5
1620,1393,white,540+7,e4 d5 e5 Nc6 d4 Bf5 Nc3 a6 h3 e6
1436,1453,white,240+1,Nf3 e6 Nc3 b6 e3 Bb7 d4 Nf6 Be2 c5
1537,1668,black,180+6,e4 e5 Nf3 Qf6 h3 Bc5 Bc4 h6 O-O d6
1509,1499,black,480+8,g3 d5 d4 Nc6 Nf3 Qd6 Bg2 e5 dxe5 Nxe5
1620,1608,white,360+5,d4 e6 h3 c5 Nf3 cxd4 Nxd4 Nf6 Bg5 Be7
1623,1649,white,1200+8,e4 d6 d4 c6 c4 e6 d5 e5 Nf3 cxd5
1855,1695,white,300+0,d4 d6 c4 c6 Nf3 e6 e4 Nd7 Bd3 Be7
1409,1984,black,300+0,d3 e5 b3 d5 Bb2 Bd6 e3 c5 c4 d4
1905,1500,black,180+2,e4 e5 Nf3 Nc6 Bb5 Bc5 O-O Nf6 d3 d6
1395,1417,black,300+8,e4 e5 Nf3 d6 d4 exd4 Qxd4 Nf6 e5 dxe5
1422,1373,white,300+0,e4 d5 Qf3 dxe4 Qxe4 Nf6 Qa4+ Nc6 h3 e6
1897,1577,white,120+0,c4 e5 Nc3 Nc6 g3 Nf6 Bg2 d5 cxd5 Nd4
1834,1624,white,180+0,d4 d5 Nf3 c5 dxc5 e6 b4 Nc6 c3 a5
1424,1464,black,180+4,e4 e6 Bc4 d6 Ne2 c6 O-O Be7 d4 Nd7
1860,2002,white,540+0,Nf3 Nf6 c4 e6 d4 d5 Qc2 c6 g3 Bd6
1775,2029,white,300+2,d4 d5 c4 c6 cxd5 cxd5 Nc3 e5 Nf3 e4
1367,1541,white,600+0,e4 e5 Nf3 Nf6 Nc3 Nc6 Bc4 Bc5 d3 O-O
1559,1495,white,660+11,d4 d5 c4 Nf6 c5 e5 dxe5 Ne4 b4 Nc6
1938,1961,black,180+0,e4 Nc6 Nf3 e5 d4 exd4 Nxd4 Bc5 Be3 Qf6
1411,1284,white,300+0,e4 e5 Nf3 d6 Bc4 Nh6 d3 Nc6 O-O Bg4
1254,1312,white,300+0,d4 e6 e4 a6 c3 b5 f3 Bb7 Bd3 b4
1696,1661,white,900+0,e4 e5 c4 c5 Na3 a6 Nc2 d6 h3 Nf6
1828,1491,white,300+6,e4 e5 Bc4 Nc6 Qh5 g6 Qf3 Nf6 c3 Bg7
1437,1815,black,60+0,e4 d5 d3 dxe4 c3 exd3 Bxd3 Nf6 Be2 Bf5
1818,1623,black,300+2,e4 e5 Nf3 Nc6 Bb5 Bd6 O-O Nf6 d3 h6
1855,1663,white,120+2,e4 c5 Nf3 e6 d4 cxd4 Nxd4 Nc6 c4 d5
1389,1355,white,180+0,e4 e5 d4 exd4 Qxd4 Nc6 Qd1 Nf6 Nc3 Bb4
1500,1555,white,60+8,e4 e6 d4 c6 Nf3 d5 exd5 exd5 Bd3 Qe7+
1573,1902,black,120+0,e4 e6 Nf3 c5 Bc4 a6 d4 b5 Bd3 cxd4
1364,1431,white,300+0,d4 Nf6 Bf4 Nc6 Nc3 d6 Nf3 d5 Nb5 b6
1818,1434,white,60+0,d4 e6 Nf3 f6 Be3 g5 h4 g4 Nfd2 h5
1985,1408,white,300+0,e4 a6 d4 h6 c4 c6 Nc3 Qa5 Bd2 b5
1703,1693,black,300+8,e4 e5 Bc4 Nc6 Nf3 d6 Nc3 Na5 Be2 c6
1418,1377,black,300+0,e4 d5 Bb5+ Bd7 Qe2 dxe4 Bxd7+ Qxd7 Qxe4 Nc6
1529,1385,white,0+8,e4 e6 Nf3 d5 e5 c6 d4 h6 c3 a5
1613,1864,black,300+3,d4 d5 c4 e6 Nf3 Nf6 Nc3 Nbd7 Bg5 Be7
1972,1928,black,180+0,e4 c5 b4 cxb4 d4 d5 e5 Bf5 Nf3 Qc7
1453,1324,white,480+8,e4 e5 Nf3 d6 Bb5+ c6 Be2 f5 exf5 Bxf5
1793,1977,white,300+2,d4 d5 c4 c6 cxd5 cxd5 Nc3 e5 Nf3 e4
1431,1821,black,60+0,e4 d5 d3 dxe4 dxe4 Qxd1+ Kxd1 Bg4+ f3 Bd7
1886,1441,white,180+2,e4 e6 d4 d5 Nd2 dxe4 Nxe4 Nf6 Bd3 Qxd4
1448,1675,black,300+5,e4 e5 d4 exd4 Qxd4 Nc6 Qa4 Qe7 Nf3 Nf6
1354,1570,black,120+0,e4 e5 d4 exd4 Qxd4 Nc6 Qd1 Bc5 f3 d6
1828,1898,black,540+7,e4 d5 exd5 Nf6 c4 c6 dxc6 Nxc6 b3 e5
1474,1413,black,180+4,e4 e5 Nf3 d6 d4 Bg4 h3 Bxf3 Qxf3 exd4
1429,1384,white,300+8,e4 e5 Nf3 Nc6 Bc4 Nf6 a3 d5 exd5 Nxd5
1551,1440,black,360+6,e4 e5 Nf3 d6 Bc4 Bg4 O-O Nf6 Re1 a6
1968,1761,black,240+2,d4 c6 c4 d5 Nf3 Bg4 Ne5 Bh5 Nc3 e6
1556,1744,black,300+14,e4 c5 Bc4 e6 d3 Nf6 Bg5 Be7 Be3 O-O
1747,1335,black,180+0,d4 c5 d5 d6 e4 e6 c4 exd5 cxd5 Nf6
1615,1436,black,360+8,e4 e5 Bc4 c5 d3 d6 Nc3 a6 Nd5 Be6
1448,1491,black,240+1,e3 e6 Bd3 f5 Nc3 c6 b3 b5 Bb2 Nh6
1689,1860,black,300+0,d4 d5 Nf3 e6 e3 Nf6 Ne5 c5 c3 Nbd7
1298,1220,white,300+5,e3 e5 a3 d5 b4 Nf6 Bb2 e4 d3 c6
1596,1508,black,840+8,d4 e6 c4 d5 cxd5 exd5 Qa4+ Bd7 Qb3 Nf6
1300,1418,black,900+0,e4 e5 Nf3 Nf6 Nxe5 Nxe4 Qf3 Ng5 Qf4 Bd6
1449,1543,white,120+2,e4 e5 Nf3 Nc6 Bc4 d6 O-O h6 d4 exd4
1648,1728,white,720+0,e4 e5 Bc4 Nc6 c3 Nf6 d4 d6 Bg5 Be7
1339,1500,black,120+0,e4 d5 e5 d4 c3 Nc6 cxd4 Nxd4 Nf3 Nc6
1389,1406,white,300+0,d4 c6 Bf4 Qa5+ Nc3 c5 e3 cxd4 Qxd4 Nc6
1461,1378,white,240+1,e4 e6 Nc3 d5 exd5 exd5 d3 c6 Bf4 Bb4
1527,1824,black,60+0,d4 d5 c4 c6 Nc3 Nf6 e3 dxc4 Bxc4 Bg4
1536,1440,black,0+8,e4 e6 Nf3 b6 d4 Bb7 e5 Nc6 Bb5 f6
1269,1449,black,300+0,d4 d5 f3 e6 e4 dxe4 fxe4 Bd6 Nc3 Bb4
1889,1669,black,180+2,e4 e5 Nf3 Nc6 Bb5 d6 O-O Bg4 h3 Bh5
1515,1444,white,900+1,e4 e5 Nf3 Bd6 Bc4 Nf6 Nc3 c6 d3 O-O
1525,1194,white,240+0,e4 e5 Nf3 Nf6 Nxe5 Nxe4 Nxf7 Kxf7 Qf3+ Kg8
1464,1486,white,1800+30,d4 d5 Nf3 Nf6 Nc3 Qd7 e3 e6 Ne5 Qd8
1369,1471,white,240+1,d4 c5 e3 cxd4 Qxd4 Nc6 Qd1 e5 b3 d6
1940,1959,black,180+0,e4 Nc6 d4 e5 d5 Nce7 Bg5 h6 Bh4 g5
1985,2119,black,420+0,d4 Nf6 f4 c5 e3 cxd4 exd4 d6 c3 g6
1257,1512,white,60+10,e4 e5 d4 exd4 Qxd4 Nc6 Qd1 f5 exf5 d6
1428,1461,black,180+4,e4 h5 d4 e6 Bd2 d6 Bc4 Nd7 Nc3 c6
1568,1529,black,600+0,d4 Nf6 c4 e6 Bg5 Be7 Bxf6 Bxf6 e3 d5
1840,1868,black,300+0,e4 c5 Nf3 d6 d4 cxd4 Nxd4 Nf6 Nc3 e6
1190,1529,black,240+0,Nf3 d5 d4 g6 Nc3 Bg7 e3 Nf6 Bd3 Ng4
1704,1691,black,300+8,e4 e5 d3 Nf6 Be3 Nc6 c3 d5 Nd2 d4
1285,1375,white,1200+10,e4 e5 Nf3 Nc6 c3 Nf6 Qb3 d6 Ng5 d5
1399,1369,white,180+0,e4 e5 Nf3 Nf6 Nxe5 d6 Nf3 Nxe4 Qe2 d5
1820,1851,black,540+5,e4 c5 c4 Nc6 Nf3 g6 Be2 Bg7 O-O e6
1804,1868,white,180+0,e4 e6 d4 d5 exd5 exd5 Bd3 Nf6 Ne2 c5
1692,1861,black,240+0,d4 c6 e4 d5 exd5 cxd5 c3 Nc6 Nf3 Nf6
1395,1400,black,300+0,e4 d5 Nc3 Nf6 e5 Ne4 Nxe4 dxe4 Bb5+ Bd7
1517,1790,black,240+3,e4 e5 Nf3 Nc6 d4 exd4 Nxd4 Nf6 Bg5 h6
1509,1080,white,900+0,e4 d5 e5 d4 d3 Nc6 f4 f6 Nf3 h5
1500,1595,black,600+2,e4 e5 Qh5 d6 Bc4 Qe7 Nf3 Nf6 Qh4 h6
1388,1485,black,420+7,e4 e5 Nf3 d6 Nc3 c6 d4 Nd7 d5 cxd5
1712,1931,black,300+0,d3 d5 Nf3 c5 e4 dxe4 dxe4 Qxd1+ Kxd1 Nf6
1599,1522,white,540+0,d4 d5 e3 Nf6 c3 e6 h3 Bd6 a3 O-O
1454,1863,black,180+2,e4 c5 Nc3 Nc6 f3 g6 Nge2 Bg7 Na4 b6
1599,1454,white,360+8,e4 e5 Bc4 d6 d3 h6 Nc3 c6 h3 g6
1815,1686,white,300+2,d4 d5 c4 e6 Nc3 Nf6 Nf3 Nc6 cxd5 exd5
1555,1625,white,720+8,e4 c5 Nf3 e6 d4 cxd4 Nxd4 Bc5 Nc3 a6
1455,1383,black,240+1,e4 e6 Nc3 d5 exd5 exd5 Nf3 Bg4 Be2 Bxf3
1639,1905,black,300+2,d4 d5 a3 Nf6 e3 c5 dxc5 Nc6 b4 a5
1307,1186,white,240+4,e3 e5 Qh5 Nf6 Qxe5+ Be7 Nc3 d6 Qb5+ Bd7
1470,1540,white,1800+30,g3 d5 Bg2 c6 b3 Nf6 Bb2 b5 Nf3 Bf5
1522,1438,white,0+8,e4 e6 Nf3 Nc6 d4 Nf6 e5 Nd5 Bb5 a6
1809,1618,white,300+2,d4 d5 c4 e6 Nc3 Nf6 Nf3 Be7 Bg5 h6
1699,1160,white,300+0,e4 e5 d4 exd4 c3 dxc3 Bc4 Nh6 Nf3 cxb2
1591,1466,black,120+2,e4 d5 exd5 e5 Nc3 Nf6 Bc4 Bc5 Nf3 e4
1324,1275,white,120+0,e4 e5 d4 exd4 Qxd4 Nc6 Qd1 Nf6 f3 Nxe4
1460,1401,white,480+8,e4 d5 exd5 Qxd5 Nc3 Qe5+ Be2 Nc6 Nf3 Qf6
1817,1851,black,180+0,e4 e5 Nc3 Nc6 Nf3 Bc5 Nxe5 Bxf2+ Kxf2 Nxe5
1262,1306,white,300+0,d4 e6 e4 a6 c3 b5 f3 Bb7 Bf4 b4
1768,1856,white,300+0,d4 Nf6 c4 e5 d5 Bc5 Nf3 O-O Nxe5 Re8
1637,1489,white,900+0,e4 e5 Bc4 Nf6 d3 Nc6 c3 Bc5 Nf3 d6
1471,1387,white,180+4,e4 e5 Nf3 Nc6 d4 exd4 Nxd4 Bc5 Nxc6 bxc6
1624,1603,black,420+8,e4 e5 Nf3 d6 c4 c5 h3 Nf6 Nc3 Nc6
1799,1986,black,360+4,e4 e5 Nf3 Nc6 Bc4 d6 c3 Be7 d4 exd4
2141,1861,white,300+0,e4 e5 Nf3 Nc6 d4 exd4 c3 d5 exd5 Qxd5
1759,1546,black,480+0,e4 e5 Nf3 d6 Be2 Bg4 d3 Nd7 O-O Qe7
1220,1348,black,120+0,e4 d5 exd5 Qxd5 Nc3 Qd8 d4 c6 Nf3 f6
1682,1364,black,360+0,e4 e5 Nf3 Nc6 d4 exd4 Bc4 d5 Bxd5 Nf6
1930,1986,black,180+3,e4 e5 Nf3 Nc6 Bb5 Nf6 O-O d6 Re1 Bg4
1453,1828,black,60+0,d4 d5 c4 c6 Nc3 Nf6 Bg5 Ne4 Nxe4 dxe4
1560,1518,black,240+0,d4 f5 Nc3 Nf6 Bf4 e6 e3 d5 Nf3 Bd6
1500,1628,black,900+0,e4 c5 Qh5 d6 Bc4 e6 Nf3 Nf6 Qh4 Be7
1484,1513,white,240+3,e4 c5 Nf3 e6 g3 b6 Bg2 Bb7 Qe2 a6
1998,1693,white,600+0,e4 e5 Nf3 Nc6 Bb5 Nf6 O-O Bc5 c3 Nxe4
1427,1486,black,900+3,e4 Nc6 Nc3 e5 Bc4 Nf6 d3 Bb4 Bd2 Bxc3
1549,1499,white,300+8,e4 e6 d4 c5 dxc5 Bxc5 Nf3 Nf6 Bd3 O-O
1701,1737,white,480+2,e4 e5 Nf3 Nc6 Bc4 d6 d3 h6 Nc3 Bg4
1823,1912,black,300+2,d4 Nf6 c4 e5 dxe5 Ng4 Bf4 g5 Bg3 Bg7
1944,1653,black,300+0,e4 e5 Nf3 Nc6 Bc4 Bc5 c3 Nf6 d3 a6
1977,2012,white,420+0,d4 d5 e3 e6 f4 a6 Nf3 c5 c3 Nc6
1294,1430,white,240+1,e4 d5 exd5 Qxd5 Nc3 Qe6+ Be2 Nf6 Nf3 Nbd7
1866,1662,white,180+2,e4 c5 Nf3 Nc6 d4 cxd4 Nxd4 e5 Nb5 d6
1530,1384,white,0+8,e4 d5 exd5 Qxd5 d4 Nc6 Nc3 Qxd4 Bd2 Qe5+
1831,1448,white,60+0,d4 d5 Bg5 c6 e3 f6 Bh4 Bf5 Bd3 Bxd3
1857,2145,black,300+0,e4 e5 Nf3 Nc6 Nc3 d6 Bc4 Be7 h3 Nf6
1763,1691,white,60+2,d4 Nc6 Nf3 d5 Bg5 f6 Bh4 Bf5 e3 Nb4
1793,1875,black,360+4,e4 e6 d4 d5 e5 c5 Be3 cxd4 Bxd4 Nc6
1315,1019,white,240+4,e3 e5 d4 exd4 Qxd4 Qf6 Qc4 Bb4+ Qxb4 h5
1876,1796,white,180+3,e4 e5 Nf3 Nc6 d4 exd4 Bc4 Be7 c3 Nf6
1366,1500,white,120+0,e4 e5 d4 exd4 Qd3 d6 Qxd4 Nf6 f3 Nc6
1663,1373,white,300+8,e4 e5 d4 Nc6 d5 Nd4 c3 Nb5 Bxb5 a6
1293,1400,draw,300+5,e3 e5 a3 e4 b4 d5 Bb2 Nf6 d3 Nc6
1879,1608,black,300+3,Nf3 d5 d4 c5 c3 Nc6 g3 e6 Bg2 Nf6
1309,1501,black,240+3,d4 e6 e3 Nf6 f3 b6 b3 Nh5 f4 Qh4+
1835,1341,white,60+0,d4 d6 Bg5 Nf6 Bxf6 g6 Bxh8 f6 e3 Be6
1382,1404,white,300+0,e3 e5 c4 b6 b4 Bb7 a4 h6 b5 Nf6
1742,1696,black,180+3,e4 e5 Nf3 d6 Bc4 Bg4 h3 Be6 Bxe6 fxe6
1379,1479,black,180+4,f4 e6 Nf3 d6 b3 c6 Bb2 Nd7 e3 Ndf6
1498,1308,white,480+8,d3 e6 d4 Nf6 g3 g6 Nf3 Bg7 Bg2 O-O
1620,1626,white,900+15,e4 e5 Nf3 d6 d3 Bg4 Be2 Bxf3 Bxf3 h6
1391,1397,black,360+0,e4 e6 Nf3 d5 exd5 Qxd5 Nc3 Qd8 Bc4 c6
1773,1248,white,60+2,d4 d5 Nf3 e6 Bf4 Nc6 e3 Nf6 c4 dxc4
1636,1648,white,1200+8,e4 e5 Nf3 Nc6 Bc4 Bc5 Nc3 d6 d3 h6
1911,1780,white,480+7,e4 e5 Nf3 Nc6 d4 exd4 Bc4 h6 O-O a6
1340,1836,black,60+0,e4 d5 exd5 Qxd5 d3 Qd8 Nf3 c6 Be2 Bg4
1277,1375,white,300+0,d4 d5 f3 e6 e4 dxe4 fxe4 Nc6 Nf3 Nf6
1507,1304,white,240+3,e4 e5 Nf3 d6 Bc4 h6 d4 Qe7 O-O Be6
1578,1634,white,120+0,d4 d5 g3 c6 Bg2 Nf6 Nf3 Bg4 O-O Qd7
1782,1843,black,300+0,d4 Nf6 c4 e5 d5 Bc5 Nf3 O-O Nxe5 Ne4
1861,1810,black,540+5,e4 e6 Nf3 c5 Nc3 Nc6 Bb5 Nge7 O-O a6
1829,1905,white,300+0,d4 d5 c4 c6 Nf3 Nf6 e3 Bg4 Qb3 Qc7
1537,1377,white,0+8,e4 c5 Bc4 Nc6 c3 e6 Nf3 Bd6 d3 Nf6
1674,1979,black,0+5,d4 d5 c4 c6 Nc3 Nf6 cxd5 cxd5 Bg5 e6
1866,2126,black,300+0,d4 Nf6 c4 e6 Nf3 d5 e3 c5 b3 Nc6
1608,1433,black,900+1,d4 d5 e3 Nf6 c3 Nc6 a3 e5 b4 e4
1374,1292,black,0+1,e4 e6 d3 b6 Nd2 Bb7 Ngf3 Bc5 g3 Ne7
1689,2002,black,600+0,e4 c5 f4 d5 e5 Nc6 Nf3 Nh6 Bb5 Qb6
1564,1740,black,480+0,e4 e5 Bc4 Nf6 d3 d5 exd5 Nxd5 Qf3 c6
1815,1550,draw,300+14,e4 e5 Nf3 Nc6 Bb5 d6 Bxc6+ bxc6 O-O Nf6
1487,1648,white,180+4,e4 e6 Nf3 b6 d4 Bb7 e5 c5 Bc4 cxd4
1838,1338,white,60+0,d4 d6 Bg5 Nf6 Bxf6 exf6 e4 Be7 c4 O-O
1392,1499,black,420+0,d4 f5 Nf3 Nf6 c4 e6 Nc3 Bb4 Bg5 Bxc3+
1568,1906,black,120+0,e4 e6 d4 d5 exd5 exd5 c4 Bb4+ Bd2 Nc6
1775,1500,black,60+2,d4 d5 Nf3 Bf5 Bg5 Nf6 Bxf6 gxf6 e3 e6
1884,1992,black,540+0,Nf3 Nf6 d4 d6 c4 c5 dxc5 dxc5 Qxd8+ Kxd8
1575,1840,white,60+0,e4 d5 Nf3 dxe4 Ne5 Bf5 Nc3 e6 d3 exd3
1390,1337,black,120+0,e4 d5 e5 f6 exf6 exf6 f3 c5 d4 Qb6
1815,1999,black,300+2,d4 d5 c4 e6 Nc3 Nf6 Nf3 c6 Bg5 Nbd7
1311,1414,black,240+1,e4 Nc6 Nf3 e6 d4 Nf6 Nc3 b6 d5 Ne7
1489,1493,white,420+7,e4 e5 d4 exd4 Qxd4 Nc6 Qd1 d6 Nc3 f5
1944,1679,white,300+1,e4 e5 Nf3 Nc6 d4 exd4 Bc4 d6 c3 dxc3
2149,1853,white,300+0,Nc3 e5 e4 Nf6 f4 exf4 Nf3 Nc6 Bc4 Bb4
1991,1862,white,420+0,d4 d5 e3 e6 f4 Nf6 Nf3 c5 c3 Nbd7
1408,1376,black,360+0,d4 d5 e3 e6 h4 Nf6 g3 Nc6 Bd3 g6
1579,1556,white,120+2,e4 e5 Nf3 Nc6 d4 exd4 Bc4 h6 O-O Bc5
1591,1291,white,120+0,d4 Nf6 g3 g6 Bg2 d6 Nf3 Bg7 O-O O-O
1544,1514,black,0+8,e4 e5 Nf3 Nc6 Bb5 d6 h3 Bd7 c3 Na5
1533,1271,black,360+6,e4 e5 Nf3 Nc6 Bb5 f6 Bxc6 bxc6 c4 d6
1555,1371,white,300+0,e4 c5 d4 d6 dxc5 Qa5+ Nc3 Qxc5 Be3 Qe5
1815,1595,white,60+0,d4 d5 Bg5 Nc6 e3 Nf6 Bd3 Bd7 c3 e6
1318,1592,black,240+4,e3 d5 c4 Nf6 cxd5 Nxd5 Nc3 Nxc3 bxc3 e6
1784,1996,black,360+4,e4 e5 Nf3 Nc6 Bc4 Bc5 c3 h6 d4 exd4
1677,1983,black,0+5,e4 e5 d4 exd4 c3 dxc3 Nxc3 Nc6 Bc4 Bb4
1615,1580,black,420+8,e4 e5 Nf3 d6 Bc4 Bg4 Nc3 c6 h3 Bh5
1449,1187,white,300+3,e4 Nc6 Nf3 e5 Bb5 a6 Bxc6 dxc6 Nc3 f6
1590,1822,black,60+0,e4 d5 exd5 Qxd5 Nc3 Qd8 d4 c6 Bf4 Bf5
1864,1761,white,60+2,e4 c6 d4 d5 e5 Qb6 c4 dxc4 Nc3 e6
1410,1500,black,180+0,e4 c6 d4 d5 exd5 cxd5 Nc3 Nc6 Nf3 Nf6
1772,1472,white,300+6,e4 e5 Nf3 d6 Bc4 a6 d4 exd4 Nxd4 Bd7
1589,1773,black,300+0,e4 d5 exd5 Qxd5 Nc3 Qa5 d4 c6 Bd2 Qb6
1714,1670,black,480+2,d4 Nf6 c4 e6 Nc3 Bb4 a3 Bxc3+ bxc3 c5
1675,1959,black,300+1,e4 e5 f4 Qh4+ g3 Qe7 Nf3 exf4 Nc3 Nf6
1499,1618,black,120+2,e4 e5 Nf3 Nc6 Bc4 Bc5 O-O Nf6 d3 h6
1828,1584,white,60+0,d4 d5 Bg5 Nc6 c3 Nf6 e3 e6 Bd3 Bd6
1387,1922,black,600+5,d4 c5 dxc5 e6 Bf4 Bxc5 Nc3 d5 f3 a6
1482,1510,white,420+7,e4 c5 Bc4 e6 Nf3 d5 exd5 exd5 Bb5+ Bd7
1632,1502,white,180+4,e4 e6 d4 d6 Nc3 c6 Nf3 Nd7 Bd3 Be7
1500,1541,black,600+0,e4 e5 Qh5 d6 Bc4 g6 Qf3 Nf6 d3 Bg7
1418,1461,white,900+3,e4 d5 exd5 Qxd5 Nc3 Qe6+ Be2 Nc6 Nf3 Nf6
1909,1377,white,120+0,Nf3 e5 Nxe5 Qe7 d4 d6 Nf3 Qe6 Nc3 b5
1360,1500,black,120+0,e4 c6 d4 d5 e5 Bf5 c3 e6 Bd3 Bg6
1595,1569,white,120+0,d4 f5 h3 Nf6 Nf3 d5 Bg5 e6 Ne5 Bd6
1403,1534,black,180+0,e4 c5 d4 cxd4 Qxd4 Nc6 Qd1 d6 Bb5 Nf6
2006,1685,white,600+0,e4 Nf6 Nc3 d6 Nf3 Nc6 d4 Bg4 Bb5 a6
1828,1929,black,300+0,e4 e5 Nf3 Nc6 Bb5 a6 Ba4 Nf6 O-O Be7
1314,1148,white,240+4,e3 b6 Qf3 c6 Bc4 d5 Bd3 Nd7 Nc3 Nc5
1779,1583,black,300+0,d4 e5 d5 f5 c4 f4 Nf3 c6 Nxe5 cxd5
1606,1703,white,360+8,e4 e5 Bc4 Nc6 d3 Nf6 Bg5 Na5 Bb5 a6
1561,1721,black,300+0,e4 e5 Nf3 Nc6 Bc4 Nf6 Nc3 Na5 Bd3 d6
1850,2153,black,300+0,e4 e6 Nf3 a6 Nc3 b5 d4 Bb7 Bd3 Nf6
1753,1965,white,60+2,d4 d5 c4 c6 Nf3 Nf6 Bf4 dxc4 e3 b5
1580,1834,black,60+0,e4 e6 Nf3 d5 exd5 exd5 d4 c6 Nc3 Nf6
1365,1481,white,300+0,e4 e5 Qf3 Nf6 Bc4 Nc6 Qb3 Qe7 Nc3 Nd4
1296,1453,black,300+5,e3 d5 a3 Nc6 Bb5 Bd7 Bxc6 Bxc6 Ne2 d4
1635,1422,white,240+1,Nf3 Nc6 c3 Nf6 d4 e6 Bf4 d6 e3 b6
1648,1629,black,1200+8,e4 e6 d4 c5 Nf3 cxd4 Nxd4 Bc5 Be3 Qf6
1822,1848,black,540+5,d4 d5 f4 g6 Nf3 Bg7 e3 Bg4 Be2 Nf6
1672,1987,white,0+5,e4 e5 d4 exd4 c3 dxc3 Bc4 cxb2 Bxb2 Nf6
1747,1615,black,480+0,e4 e5 Nf3 d6 d3 Bg4 Nbd2 h6 h3 Bh5
1911,1428,white,120+0,Nf3 e6 g3 d6 Bg2 f6 d3 d5 O-O Bd6
1627,1490,white,120+2,b4 d6 Bb2 e5 e4 Nc6 b5 Nce7 a4 a6
1730,1762,white,300+0,f4 d5 Nf3 Nf6 d3 Bg4 e3 e6 h3 Bxf3
1840,1575,black,60+0,e4 e5 Bc4 Nc6 d3 Nf6 Bg5 Bc5 Ne2 d6
1503,1290,white,480+8,d4 d6 g3 b5 Bg2 d5 Nc3 c6 e4 a6
1582,1558,white,840+8,d4 e6 c4 Bb4+ Bd2 Bxd2+ Nxd2 Ne7 Ngf3 d6
1396,1545,white,180+0,e4 c5 d4 cxd4 Qxd4 Nf6 e5 Ng8 Bc4 Nc6
1457,1433,white,300+8,e4 d5 e5 Nc6 Nf3 g6 d4 Bg7 c3 f5
1639,1531,black,600+0,e4 e6 Nf3 Be7 d4 d5 e5 Nc6 Bb5 Bd7
1526,1532,black,0+8,e4 e5 Nf3 Nc6 Bb5 d6 Bxc6+ bxc6 d4 exd4
1460,1448,black,480+8,e3 Nc6 b3 e5 Bb2 Nf6 g3 d5 Bb5 Bd7
1364,1315,black,120+0,e4 d6 d4 Nc6 c3 Nf6 f3 e6 Bd3 Be7
1573,1461,black,300+5,e4 e6 Nf3 c5 d4 Nf6 Bd3 Nc6 dxc5 Bxc5
1558,1606,white,120+0,e4 d5 exd5 Qxd5 Nc3 Qe5+ Nge2 Bg4 d4 Bxe2
1273,1139,white,60+10,e4 e6 d4 d5 exd5 Qxd5 Nc3 Qd8 Bb5+ c6
1652,1671,white,240+0,d4 d5 Nf3 c6 e3 a6 Be2 Bg4 O-O Nd7
1851,1897,black,180+3,e4 d5 Nf3 dxe4 Ng5 e5 Nxe4 f5 Ng3 Nf6
1555,1302,white,300+0,e4 e5 Nf3 Nc6 Bc4 Nf6 d3 d5 Bg5 h6
1816,1797,white,60+0,d4 d5 Bg5 c5 e3 Qb6 b3 e6 Bf4 Nc6
2156,1846,white,300+0,e4 e5 Nf3 Nc6 d4 exd4 c3 Nf6 e5 Ng4
1876,2000,draw,540+0,d4 Nf6 c4 e6 Nc3 d5 Nf3 c6 g3 Bd6
1417,1697,black,240+1,Nf3 c6 Nc3 d5 e3 Bg4 d4 e6 b3 Nf6
2102,1809,white,120+0,d4 d5 c4 Nc6 Nc3 Nf6 e3 e5 dxe5 d4
1702,1966,draw,0+5,e4 e5 d4 exd4 c3 d5 exd5 Qxd5 cxd4 Nc6
1855,1980,black,300+0,d4 d5 Nf3 e6 Bf4 Bd6 Bxd6 Qxd6 e3 Qb4+
1338,1333,white,120+0,d4 d6 f3 Nc6 c3 Nf6 e4 Bd7 g4 g6
1514,1323,white,360+6,e4 e5 Nf3 Nc6 Bb5 Nb4 Nxe5 f6 Qh5+ g6
1495,1512,white,240+3,d4 e6 Nf3 c5 Nc3 cxd4 Nxd4 a6 e4 g6
1913,1828,black,60+0,Nf3 d5 g3 c6 Bg2 Bg4 d3 Nf6 h3 Bh5
1723,1877,black,180+0,e4 e5 Nf3 Nc6 Bc4 Nf6 d3 Bc5 c3 O-O
1467,1380,black,300+0,e4 c5 Nf3 e6 h3 h6 Nc3 Nc6 d3 Be7
1593,1571,white,120+0,d4 f5 Nf3 d5 e3 Nf6 c4 c6 cxd5 cxd5
1638,1361,black,900+15,e4 e5 Nf3 Nc6 d3 Bc5 Qe2 h6 h3 Nf6
1543,1588,black,0+8,e4 e5 Nf3 Nc6 c3 Bc5 Bc4 Nf6 d3 d6
1482,1636,white,120+2,e4 e5 Nf3 d6 d4 Bg4 h3 exd4 hxg4 Qf6
1931,1778,white,360+4,d4 d5 Nf3 Nf6 Nbd2 e6 Ne5 Bd6 e3 Bxe5
1403,1298,white,300+1,e4 a6 Bc4 e5 Qf3 Nf6 a4 c6 Nc3 Bb4
1523,1257,black,60+1,e4 e5 Nf3 Nc6 Bc4 Nf6 Ng5 d5 exd5 Na5
1545,1625,black,600+0,e4 e6 Nf3 d5 exd5 Qxd5 Nc3 Qh5 Be2 Qg6
1412,1440,white,180+0,e4 c5 d4 cxd4 Qxd4 Nc6 Qd1 d6 Bb5 Bd7
1413,1446,white,240+1,Nf3 d5 d4 e6 Be3 g6 g3 Bg7 Bg2 Nf6
1734,1676,white,300+1,Nf3 e6 c3 d5 d4 c5 Bf4 Qb6 Qb3 Nf6
1318,1359,black,120+0,e4 d5 f4 dxe4 Nc3 f5 Bc4 Nf6 Nh3 h6
1283,1508,black,480+8,d3 d5 Bg5 g6 c3 h6 Bh4 g5 Bg3 Bg7
1845,1763,white,60+0,d4 e6 Nf3 d5 Bg5 c5 Bxd8 Kxd8 dxc5 Bxc5
1255,1895,black,120+0,d4 d6 e3 Nf6 c4 Nbd7 f3 e5 dxe5 dxe5
1664,1668,white,240+0,d4 e6 Nf3 d5 e3 c5 Bb5+ Bd7 Bxd7+ Nxd7
1763,1845,black,60+0,d4 d5 c4 c6 cxd5 Qxd5 Nc3 Qd8 Nf3 Nf6
1500,1776,black,300+7,d4 d5 e3 Nf6 Nf3 a6 h3 Bf5 Bd3 Qd7
1683,1812,white,900+0,e4 e6 Nf3 c5 g3 Nc6 Bg2 Nge7 O-O Ng6
1009,1468,black,1200+5,d4 d5 e3 b5 Na3 c6 b4 e6 Nh3 Nh6
1805,1893,white,180+0,Nf3 d5 c3 c5 d4 Nc6 Bf4 e6 e3 Qb6
1560,1603,black,120+0,d4 d5 f4 Nc6 e3 a6 Nf3 g6 Nc3 Bh6
1533,1768,black,0+8,e4 e5 Nf3 Nc6 Bb5 Nge7 c3 g6 h3 Bg7
1408,1508,white,60+1,e4 c5 Nf3 e6 d4 d5 exd5 cxd4 dxe6 Bxe6
1559,1598,black,300+0,e4 e5 Nf3 Nc6 Bc4 Nf6 d3 Bc5 Nc3 d6
1713,1959,black,0+5,e4 e5 d4 exd4 c3 dxc3 Nxc3 Nc6 Bc4 Bb4
1617,1500,white,120+2,d4 d5 Bg5 f6 Bh4 g5 Bg3 h5 h4 g4
1730,1369,white,480+0,e4 e5 Nf3 Nc6 Bb5 d6 Bxc6+ bxc6 d3 Nf6
1856,1754,white,60+0,d4 e6 Nf3 d5 Bg5 Nf6 Bxf6 Qxf6 e3 Qd8
1501,1507,white,240+3,e4 e5 Nf3 Nc6 d4 exd4 Nxd4 Ne5 Bf4 d6
1808,1742,white,300+2,d4 f5 c4 Nf6 Nc3 d6 Nf3 g6 g3 Bg7
1460,1448,white,480+8,c4 e6 d4 Bb4+ Nc3 Bxc3+ bxc3 b6 Nf3 Ba6
1702,1725,white,480+2,d4 d5 c4 dxc4 e4 b5 Nc3 a6 a4 b4
1252,1491,black,120+0,d4 d5 e3 Bf5 c4 dxc4 Bxc4 e6 Bd3 Bxd3
1787,1749,black,300+0,e4 d5 exd5 Qxd5 Nc3 Qa5 d4 c6 Nf3 Bg4
1424,1335,white,180+0,e4 c5 d4 d6 dxc5 d5 exd5 e6 Bb5+ Bd7
1424,1416,white,180+8,d4 d5 Nc3 e6 e3 Nf6 f3 Bb4 Bd2 Nc6
1525,1360,white,300+3,e4 e6 Nf3 Nc6 c3 Nf6 b4 Nxe4 Bd3 Ng5
1289,1427,white,300+5,e3 c5 a3 e5 Nf3 Nc6 Bb5 Qf6 Bxc6 bxc6
1842,1970,black,180+0,e4 Nc6 Nf3 e5 Bb5 f5 O-O fxe4 Bxc6 dxc6
1496,1503,black,60+1,e4 e5 Nf3 Nc6 Bc4 Nf6 Ng5 d5 exd5 Na5
1411,1393,black,300+1,e4 c5 Bc4 e6 Nc3 Qc7 d4 a6 a4 Nf6
1849,1908,white,300+0,d4 Nf6 c4 e5 dxe5 Ng4 Nf3 Nc6 Nbd2 Bc5
1613,1550,white,120+0,d4 f5 g3 Nf6 Bg2 e6 Nf3 Be7 Bf4 O-O
1500,1425,black,240+0,e4 Nc6 Qh5 g6 Qf3 Nf6 Bc4 Ne5 Qc3 Nxc4
1560,1843,black,360+7,e4 e5 Nf3 Nc6 Bb5 a6 Ba4 Nf6 Nc3 Bc5
1469,1362,white,300+8,e4 e6 c4 d6 d3 Nf6 h3 b6 a3 a5
1964,1745,white,60+0,e4 e6 d4 d5 e5 f6 Nf3 c5 c3 Nc6
1865,1889,white,180+0,e4 c6 d4 d5 e5 Bf5 Nc3 e6 Nf3 h5
1938,1880,draw,540+0,e4 e6 Nf3 d5 exd5 exd5 d4 Bd6 Bd3 Nc6
1773,1329,white,540+9,e4 e6 d4 d5 exd5 Qxd5 Nc3 Qa5 Bd2 e5
1520,1378,black,360+6,e4 d5 exd5 Qxd5 Nc3 Qe6+ Qe2 Bd7 Nf3 Qxe2+
1755,1438,white,480+8,e4 e6 d4 b6 e5 d6 f4 Bb7 Be2 dxe5
1729,1500,black,300+0,d4 c5 e3 cxd4 exd4 d5 b3 Nf6 f3 e6
1744,1771,white,360+4,d4 d5 Nf3 Nc6 e3 Nf6 c4 Bg4 Be2 e6
1724,1688,black,900+0,d4 g6 e4 Bg7 c4 b6 Nc3 Bb7 Nf3 d6
1497,1595,black,120+0,e4 e5 Bb5 Nc6 d3 Bc5 Bxc6 dxc6 Nf3 Bg4
1530,1537,black,600+10,e4 d5 e5 d4 d3 Qd5 f4 g6 Nf3 h5
1501,1492,white,420+7,e4 e5 d3 Nc6 Nf3 Nf6 c3 Bc5 d4 exd4
1541,1622,black,120+0,d4 d5 f4 a6 Nf3 g6 h3 Bg7 e3 e6
1549,1675,white,600+0,c4 d5 cxd5 Qxd5 Nc3 Qd8 d4 e6 e4 Bb4
2055,1998,white,180+0,e4 e5 Nf3 Nc6 Bc4 Bc5 Nc3 Nf6 d3 d6
1378,1228,black,120+0,e4 Nc6 d4 e5 d5 Nd4 c3 Bc5 Be3 Qf6
1549,1213,white,300+0,e4 e5 Nf3 Nc6 Bc4 Nh6 d3 f6 Nh4 Bc5
1740,1969,black,60+0,d4 d5 c4 c6 cxd5 cxd5 Nc3 Nc6 Nf3 Nf6
1433,1113,white,180+0,e4 d5 exd5 Qxd5 Nc3 Qe6+ Qe2 Qxe2+ Bxe2 e5
1528,1275,white,180+6,e4 d5 exd5 Qxd5 d4 Qa5+ Bd2 Qb6 Bc3 f6
1835,1885,black,180+3,e4 e5 Nf3 Nc6 Bb5 a6 Ba4 Nf6 O-O Be7
1480,1733,black,180+0,e4 d5 exd5 Qxd5 Nc3 Qd6 Nf3 Nf6 Be2 c6
1621,1602,black,420+8,e4 e5 Nf3 d6 c3 c5 d4 cxd4 cxd4 exd4
1998,1656,white,420+0,d4 e6 f4 d5 e3 c5 c3 Qb6 Bd3 Nc6
1511,1513,white,480+4,d4 d5 c4 e6 c5 f5 Nc3 Nf6 Nf3 Nc6
1635,1423,white,300+2,d4 Nf6 e3 e6 a3 d5 b4 Be7 Bb2 a6
1828,1888,white,180+0,Nf3 d5 c3 c5 d4 e6 Bf4 Nf6 e3 Qb6
1491,1626,black,120+2,e4 d5 exd5 Qxd5 Nc3 Qe5+ Qe2 Qf5 Nf3 Nf6
1552,1297,white,300+0,e4 e5 Nf3 Nc6 Bc4 Nf6 Nc3 d5 exd5 Nd4
1706,1442,white,900+0,e4 b6 c4 Bb7 d3 e6 Nf3 d5 Nc3 dxe4
1733,1347,white,480+0,e4 e5 Nf3 Nc6 Bb5 Nf6 Bxc6 bxc6 d3 h6
1563,1486,black,60+1,e4 c5 Nf3 e6 d4 cxd4 Nxd4 Nc6 Nxc6 bxc6
1350,1558,white,120+0,e4 e5 d4 Qf6 dxe5 Qxe5 f3 Bb4+ c3 Ba5
1300,1421,white,1800+30,e4 e6 d4 Qh4 Nf3 Qxe4+ Be2 c5 Nc3 Qg4
1714,1715,black,480+2,e4 c5 Nf3 Nc6 Bb5 a6 Bxc6 bxc6 O-O d5
1676,1434,white,240+0,d4 Nf6 Nf3 g6 e3 Bg7 Nbd2 Nc6 Bb5 a6
1818,1861,white,300+2,d4 d5 Nf3 e6 c4 Nf6 Nc3 b6 Bg5 Be7
1917,2131,white,120+2,e4 c5 Nf3 Nc6 d4 cxd4 Nxd4 Nf6 Nc3 a6
1604,1532,black,120+0,e4 e5 Nf3 d6 Bc4 Bg4 Nc3 Nf6 d3 Be7
1612,1627,white,360+2,e4 c5 Nf3 d6 d4 cxd4 Nxd4 Nf6 Nc3 Nc6
1675,1762,white,300+2,e4 d5 exd5 Qxd5 Nc3 Qa5 d3 c6 Bd2 Qb6
1987,2065,black,180+0,e4 c5 c3 Nc6 d4 cxd4 cxd4 d5 e5 Qb6
1500,2197,black,120+0,e4 b6 Bc4 Bb7 d3 e6 Be3 a6 c3 Nf6
1298,1431,white,900+15,e3 d5 c4 e5 d4 Nc6 Nc3 Bb4 cxd5 Qxd5
1476,1316,white,240+0,e4 e5 Bc4 Bc5 Nc3 Nf6 Nf3 Nc6 d3 Ng4
1436,1109,white,180+0,e4 d5 exd5 Qxd5 Nc3 Qd6 d4 c5 Nf3 cxd4
2198,1487,white,120+0,e4 d5 exd5 Qxd5 Nc3 Qd8 Nf3 c6 Bc4 Bf5
1718,1671,white,300+0,d4 d5 b3 Nf6 Bb2 Bf5 f3 e6 a3 Nbd7
1201,1476,black,1200+5,e3 e5 f4 exf4 exf4 Qh4+ g3 Qe7+ Be2 Qe4
1380,1500,black,120+0,e4 d5 e5 d4 c3 c5 cxd4 cxd4 f4 Nc6
1666,1630,white,1200+0,d4 d5 e4 c6 Nd2 e6 e5 Nh6 Ngf3 Nf5
1268,1533,black,180+6,d4 d5 g3 Nc6 Bh3 Bxh3 Nxh3 e6 Bf4 Bd6
1557,1430,white,240+0,e4 Nc6 d4 e6 Nc3 b6 Nf3 Bb7 Bc4 Bd6
1634,1483,white,120+2,e4 d5 e5 f6 f4 c5 c4 a6 Bd3 Qc7
1760,1836,black,360+4,e4 c5 Nf3 e6 d4 d5 exd5 exd5 Qe2+ Be7
1443,1405,white,180+8,Nc3 e6 d4 d5 e4 Bb4 exd5 Bxc3+ bxc3 Qxd5
1849,1886,black,300+0,d4 c6 c4 d5 e3 Nf6 Nd2 Bf5 b3 e6
1469,1368,white,480+8,e4 e5 Nf3 Qf6 b3 Bc5 Bb2 d6 Bb5+ c6
1496,1640,black,300+2,d4 d5 Nc3 c6 Nf3 h6 e4 dxe4 Nxe4 e6
1894,1826,white,180+3,e4 e6 d4 d5 Nc3 Nf6 Bg5 Bb4 e5 h6
1391,1280,white,60+10,c4 e5 d4 Nc6 dxe5 Nxe5 e3 d6 Nf3 Be6
1500,1681,black,240+0,d4 d5 f3 Nf6 e4 dxe4 fxe4 Nxe4 Qe2 Nf6
1726,1703,black,480+2,e4 e5 Nf3 Nc6 d4 exd4 Nxd4 Nxd4 Qxd4 d6
1363,1893,white,120+2,e4 a6 f4 h6 Nf3 b6 Nc3 g6 Bc4 c6
1656,1748,white,300+0,d4 d5 f4 Nf6 c3 Bg4 Nf3 e6 e3 Be7
1609,1845,black,900+15,e4 e5 Nf3 Nc6 d3 Bc5 Be3 Bxe3 fxe3 Nf6
1376,1195,white,420+0,d4 Nf6 c4 d5 Nc3 c6 f3 Bf5 e4 Be6
2199,1735,white,60+0,e4 e6 d4 d5 e5 f6 f4 c5 c3 cxd4
1329,1477,black,300+8,d4 d5 c4 dxc4 a4 a6 Nf3 Nf6 Nc3 Nc6
1831,1738,black,300+2,d4 f5 c4 Nf6 Nc3 d6 Nf3 g6 g3 Bg7
1236,1476,black,60+0,d4 d5 e3 Nf6 c4 Bg4 f3 Bh5 g4 Bg6
2114,1977,black,180+0,e4 Nc6 Nf3 e5 c3 d5 exd5 Qxd5 d4 e4
1369,1500,white,120+0,e4 e6 e5 d6 d4 dxe5 dxe5 f6 exf6 Qxf6
1706,1625,black,60+1,e4 e6 d4 d5 Nd2 c5 dxc5 Bxc5 exd5 exd5
1500,1653,black,300+1,e4 e6 Qh5 d5 Nf3 Nf6 Qh4 c5 Ng5 h6
1423,1380,white,1200+10,d4 d5 e3 Nf6 Nf3 Nc6 a3 a6 h3 e6
1438,1778,black,540+9,d4 g6 c4 Bg7 Nf3 c5 dxc5 Qa5+ Bd2 Qxc5
1882,1936,white,540+0,d4 d5 c4 e6 Nf3 c6 Nc3 Nf6 e3 Bd6
1430,1319,white,300+0,e4 d5 e5 Nc6 d4 e6 Nf3 Bb4+ c3 Be7
1359,1558,black,0+1,e4 d5 d3 dxe4 d4 e6 Nd2 e3 fxe3 b6
1620,1470,black,360+8,e4 e5 Bc4 Nf6 d3 Nc6 Nc3 a6 a3 b5
1680,1686,black,240+0,e4 e5 Nf3 Nc6 b3 Nf6 Bb2 Be7 Qe2 d6
1700,1105,white,300+0,e4 d5 exd5 Qxd5 d4 e5 Nf3 f6 Nc3 Qd7
1631,1500,white,120+0,d4 e5 dxe5 Bb4+ c3 Bc5 Nf3 Nc6 h3 Nge7
1697,1659,white,300+3,d4 e6 c4 d5 Nc3 Nf6 Bg5 Bb4 cxd5 exd5
1531,1572,black,300+3,e4 e5 Bc4 Nf6 d3 h6 Nc3 Nc6 Nf3 d6
2201,1896,white,120+0,e4 Nc6 d4 e5 d5 Nce7 c4 Nf6 Nc3 Ng6
1848,1843,white,300+6,e3 Nf6 Ne2 g6 d4 Bg7 Nf4 c5 c3 cxd4
1439,1384,black,180+0,e4 d5 exd5 Qxd5 Nc3 Qe6+ Qe2 Qxe2+ Bxe2 Bd7
1306,1475,black,300+5,e3 d5 a3 e5 b4 Nf6 Bb2 Bd6 d4 e4
1321,1330,draw,240+4,e3 e5 Qf3 Nf6 Qf5 d6 Qd3 Nc6 Nc3 g6
1506,1511,white,360+6,e4 e5 Nf3 d6 Bc4 f6 d4 Nc6 d5 Na5
2065,1627,black,60+0,d4 d5 c4 c6 Nc3 Nf6 Nf3 dxc4 Bf4 Bg4
1672,1818,black,180+0,e4 e6 Nf3 d5 exd5 exd5 d4 Nf6 Nc3 c5
1736,1791,white,480+0,e4 a6 d4 b5 e5 Bb7 a3 e6 c3 c5
1475,1642,white,120+2,e4 e5 Nf3 Nc6 Bc4 a6 O-O b5 Bd5 Nf6
1728,1976,black,300+0,d4 Nf6 f3 d5 e3 Bf5 a3 g6 b3 Bg7
1637,1249,white,120+0,d4 d5 g3 g6 Bg2 Bg7 Nf3 Nf6 O-O O-O
1777,1733,black,60+0,c4 e6 Nc3 d5 cxd5 exd5 d4 Nf6 e3 c5
1359,1669,black,300+0,e3 e5 g3 Nc6 h3 b6 Bg2 Bb7 Ne2 Nf6
1619,1326,white,1200+0,d4 d5 Nf3 f6 e3 Bg4 Be2 Bxf3 Bxf3 c6
1734,1669,black,300+0,d4 f5 c4 Nf6 Nc3 e6 Bg5 Be7 e3 O-O
1647,1489,white,300+2,d4 d5 a3 Nc6 e3 Nf6 h3 e5 c3 exd4
1386,1387,black,120+0,e4 e5 d4 exd4 Qxd4 Nc6 Qd1 Bc5 c3 Qh4
1710,1469,white,900+0,e4 e5 c4 Nf6 d3 Bb4+ Bd2 Bxd2+ Qxd2 O-O
1992,2098,black,180+0,e4 c5 b4 cxb4 d4 e6 f4 Be7 Nf3 Bh4+
1908,1840,black,180+0,e4 d6 Nf3 Nf6 Nc3 g6 d4 Bg7 Be3 O-O
1220,1891,black,120+0,d4 Nf6 e3 d6 f3 Nbd7 c4 e5 dxe5 dxe5
1859,2044,white,60+0,d4 d5 Bg5 f6 Bh4 c5 e3 Nc6 c3 Qb6
1639,1672,black,120+0,d4 g6 g3 Bg7 Bg2 e6 Nf3 Ne7 e3 O-O
1500,1523,black,120+0,e4 c5 Qh5 Nf6 Qh4 e6 Bc4 Nxe4 Nf3 Nf6
1428,1396,white,180+0,e4 e5 d4 exd4 Qxd4 c5 Qd1 Nc6 Bc4 Ne5
1891,1752,white,360+4,g3 e5 Bg2 Nf6 Nf3 Nc6 O-O Bd6 e3 O-O
1104,1366,black,60+5,d4 Nf6 e3 e6 c4 c5 f3 cxd4 Qxd4 Nc6
1744,1974,white,60+0,d4 d5 c4 c6 Nc3 Nf6 Nf3 dxc4 g3 e6
1853,1546,black,120+2,e4 e5 Nf3 Nc6 c3 Nf6 d4 exd4 e5 Qe7
1895,2058,white,180+0,e4 b6 Nf3 Bb7 Nc3 e6 d4 Bb4 Bd3 Nf6
1869,1615,white,360+2,e4 c5 b3 Nc6 Bb2 e6 Nf3 Nf6 e5 Nd5
1007,1190,black,600+30,d4 Nf6 e3 e6 c3 d5 b4 Bd6 a3 O-O
1707,1732,black,300+3,d4 Nf6 c4 g6 Nc3 Bg7 e4 O-O Bd3 b6
1282,1592,black,840+8,d4 Nf6 Bg5 e6 Bxf6 Qxf6 Nf3 d5 e3 c5
1634,1648,black,300+1,e4 e6 Nf3 d5 exd5 exd5 d4 h6 Nc3 Nf6
1698,1636,white,900+0,e4 e5 Nf3 Nc6 Bb5 Bc5 O-O d6 h3 Nf6
1816,1683,black,300+2,d4 d5 c4 c6 Nc3 e6 Nf3 Bd6 Bg5 f6
1615,1585,white,420+8,e4 e5 Nf3 Nc6 Bc4 d6 Nc3 Bg4 h3 Bh5
1500,1272,white,60+10,e4 e5 Nf3 Nc6 Bb5 Nf6 Bxc6 dxc6 Nxe5 Nxe4
1955,1763,white,60+0,e4 e6 Nf3 d5 exd5 exd5 d4 Nf6 Bd3 c5
1500,1520,black,120+0,d4 d5 Bg5 f6 Bh4 Nc6 e3 Nh6 Bd3 g6
1500,1452,black,900+1,e4 e5 Qh5 d6 Bc4 Qe7 Nf3 Nf6 Qh4 c6
1425,1448,white,900+10,e4 d5 e5 e6 d4 Nc6 Nf3 f6 Bf4 fxe5
1354,1437,black,300+0,c4 e5 Nc3 d6 Nf3 Nf6 d4 exd4 Nxd4 Bd7
1602,1437,draw,900+15,e4 b6 d4 Bb7 Bd3 e6 Nf3 g6 Be3 Bg7
1367,1500,black,120+0,e4 e5 d4 Nf6 dxe5 Nxe4 f3 Ng5 f4 Ne6
1714,1714,black,480+2,d4 d5 c4 dxc4 e4 b5 Nc3 Bd7 a4 bxa4
1739,1630,white,120+0,c4 d5 Nc3 dxc4 e3 a6 f4 b5 a4 c6
1753,1894,white,540+0,e4 e6 f4 d5 e5 c5 Nf3 Nc6 Bb5 Qb6
1867,1640,white,900+8,e4 e6 d4 b6 Nc3 Bb4 Bc4 Bxc3+ bxc3 Qe7
1752,1723,white,300+0,d4 d5 c4 c6 cxd5 cxd5 Nc3 e6 Bf4 Nc6
1436,1267,white,180+0,e4 e5 d4 exd4 Qxd4 Nc6 Qd1 Nf6 Nc3 d5
1636,1500,white,1200+8,e4 d5 exd5 Qxd5 Nc3 Qe6+ Be2 Qc6 Bb5
1546,1711,black,900+0,e4 c5 Bc4 e6 Nc3 Nf6 d4 d5 Bb5+ Bd7
2106,1681,white,120+2,e4 g6 Nf3 Bg7 d4 d6 c4 Nd7 Nc3 c5
1343,1495,white,1200+5,d4 d5 Nc3 e5 e3 exd4 exd4 Nh6 Bxh6 gxh6
1984,1840,white,180+0,e4 d5 Nc3 dxe4 Nxe4 Nd7 Ng3 Ngf6 Nf3 e6
1122,1164,black,0+1,h4 e6 g3 Qf6 f4 Bc5 e3 e5
1721,1682,black,300+0,d4 f5 c4 Nf6 Nc3 e6 Bg5 Be7 e3 O-O
1642,1500,white,1200+8,e4 e5 Nf3 Nc6 Bc4 a6 O-O b5 Bd5 Bb7
1507,1961,white,0+5,d4 d5 c4 c6 Nc3 Nf6 f3 e6 e4 Nbd7
1594,1336,black,120+0,d4 d5 Nf3 Bf5 Nc3 e6 e3 Bb4 Bd2 c5
1881,1852,black,540+0,Nf3 c5 d4 cxd4 c3 dxc3 Nxc3 d6 e4 Nf6
1608,1775,black,900+5,e4 d5 exd5 Qxd5 Nc3 Qa5 Nf3 Nf6 d4 c6
1175,1111,white,0+1,e3 Nh6 Qf3 f5 Bd3 e6 Bc4
1713,1763,white,300+0,d4 f5 b3 Nf6 Bb2 g6 f3 Bg7 a3 O-O
1358,1532,black,120+0,e4 e5 d4 exd4 Qxd4 Nc6 Qd1 Nf6 c3 Nxe4
1111,1175,black,0+1,Nh3 e6 f4 Qf6 e3 Bc5 g3 e5 fxe5 Qxe5
1708,1711,white,300+0,d4 Nf6 c4 g6 Nc3 d5 cxd5 Nxd5 Nf3 Bg7
1446,1328,white,300+0,e4 e6 d4 d5 e5 Nc6 Bb5 Bd7 Nf3 Bb4+
1701,1718,black,300+7,e4 e5 Bc4 Nc6 Nf3 Be7 Nc3 d6 h3 Nf6
1623,1545,white,120+0,d4 f5 a3 Nf6 Nc3 d5 Bg5 e6 Bxf6 Qxf6
1939,1530,white,0+5,e4 c5 Nf3 d6 d4 cxd4 Nxd4 Nf6 Nc3 g6
2124,2108,white,180+0,e4 c5 Nf3 Nc6 d3 d6 g3 Nf6 Bg2 g6
1672,1748,white,300+0,e4 e5 Nf3 Nc6 b3 Nf6 Bb2 Bc5 Nxe5 Qe7
1783,1620,white,60+1,c4 e6 Nc3 d5 cxd5 exd5 d4 c6 e3 b5
1102,1184,white,0+1,Nh3 e6 f4 Qf6 g3 Nh6 e3 Ng4 Qf3 h5
1307,1660,black,300+1,e3 e6 g3 d5 Bg2 c5 b3 Qb6 Bb2 Nc6
1688,1697,black,300+3,e4 c6 Bc4 d5 exd5 cxd5 Bb3 Bf5 d4 e6
1750,1414,white,480+0,e4 e5 Nf3 Nc6 Bb5 d6 Bxc6+ bxc6 d3 Rb8
1170,1116,black,0+1,e3 Nh6 Nh3 f5 Qf3 g6 Ng5 e6 e4 Qxg5
1698,1458,white,120+0,e4 c5 Nf3 d6 d4 cxd4 Nxd4 Nc6 Bb5 Bd7
2006,1643,white,60+0,d4 c5 Nf3 cxd4 Nxd4 g6 Nf3 Bg7 c3 Nc6
1321,1482,black,240+4,e3 e5 Qh5 Nc6 Bc4 g6 Qf3 Nf6 d4 e4
1500,1499,white,420+7,e4 e5 Nf3 Nf6 Bc4 Nxe4 Nxe5 d5 Bb5+ c6
1114,1623,black,300+0,e4 e5 Nf3 Nc6 Nc3 Nf6 d4 exd4 Nxd4 Ne5
1757,1511,white,60+0,d4 e5 dxe5 Nc6 c4 d6 exd6 cxd6 Nc3 Be6
1129,1157,white,0+1,e4 g6 Nf3 Bg7 d4 b6 d5 Bb7 c4 e6
1539,1348,white,120+0,d4 e6 c4 c5 Nc3 d5 Nf3 f6 e3 Bd6
2073,1991,white,180+0,e4 Nc6 Nf3 e5 Bc4 Nf6 Ng5 d5 exd5 Na5
1366,1787,black,540+9,e4 g6 d4 Bg7 e5 c5 Nf3 Qa5+ c3 cxd4
1500,1659,black,300+1,e4 e5 Qf3 Nc6 Bc4 Qf6 Qxf6 Nxf6 Nf3 Bc5
1518,1446,white,360+6,e4 e6 Nf3 a6 a4 Nc6 Bc4 d5 exd5 exd5
1740,1767,black,600+2,d4 Nf6 Nf3 d5 Nc3 e6 e3 Be7 Bd3 O-O
1813,1677,black,60+2,c4 e6 Nc3 d5 cxd5 exd5 d4 Nf6 e3 Bb4
1144,1142,white,0+1,b3 Nh6 Bb2 f6 d4 e6 e3 d5 g3 e5
1703,1547,black,480+2,d4 e6 c4 Bb4+ Nc3 Ne7 a3 Bxc3+ bxc3 a6
1660,1698,draw,300+5,e4 e5 Bc4 Nf6 d3 Be7 c3 d6 h3 O-O
1537,1632,white,120+0,c4 d5 Nc3 dxc4 e4 e6 Bxc4 Bb4 d3 Bxc3+
1703,1582,white,120+0,e4 e6 Nf3 Ne7 Nc3 d5 d4 dxe4 Nxe4 Nf5
1521,1460,white,300+3,e4 e5 Bc4 Nf6 Nf3 h6 Nc3 c6 b3 Be7
1130,1156,white,0+1,e4 g6 f3 Bg7 c3 Bf6 d4 b6 Bc4 Bb7
1464,997,white,600+10,e4 e5 Bc4 d6 c3 c5 Qb3 b6 Bxf7+ Ke7
1640,2026,black,60+0,e4 d5 exd5 Qxd5 Nc3 Qd8 Nf3 Nf6 Bb5+ c6
1506,1762,black,60+0,d4 e6 c4 d5 Nc3 Nf6 e3 c5 Nf3 cxd4
1527,1941,black,0+5,d4 d5 c4 c6 Nc3 Nf6 Nf3 e6 Bg5 Nbd7
1623,1486,black,1200+0,d4 d5 Nf3 Nc6 e3 f6 a3 e5 dxe5 fxe5
1662,1304,white,300+1,e4 e6 Nf3 g6 d4 Bg7 Be3 f5 e5 Nc6
1604,1661,white,360+8,e4 e5 Bc4 Nf6 d3 d6 h3 g6 Bg5 Bg7
1691,1744,black,60+2,e4 g6 Bc4 Bg7 Qf3 e6 c3 Ne7 d4 O-O
1113,2020,black,300+0,e4 e5 Nf3 Bc5 Nc3 Nc6 Nd5 Nge7 c3 Nxd5
1143,1143,black,0+1,b3 Na6 Bb2 f6 g3 e5 Bg2 d6 Bxb7 Bxb7
1745,1929,black,360+4,e4 d5 exd5 Qxd5 Nc3 Qd8 d4 e6 Nf3 Nf6
1443,1590,white,180+0,e4 e5 d4 f6 dxe5 fxe5 Bc4 Nf6 Nc3 Bb4
1892,1545,white,120+0,Nf3 e6 g3 d6 Bg2 e5 O-O Bf5 d3 Qf6
1750,1750,black,180+0,f4 c5 Nf3 Nc6 e3 d6 b3 Nf6 Bb2 e6
1500,1485,black,1800+25,Nc3 d5 g3 d4 Nb5 a6 Na3 Qd5 Nf3 g6
1707,1624,white,300+3,d4 d5 c4 dxc4 Nc3 e6 e4 Be7 Bxc4 Nf6
1767,1501,white,60+0,d4 e6 c3 d5 Nf3 Nf6 g3 Be7 Bg2 O-O
1717,1539,white,900+0,d4 Nf6 c4 e6 Nc3 d5 Bg5 dxc4 e4 Be7
1339,1545,white,120+0,d4 f5 f3 Nf6 Nc3 e6 e4 d5 e5 Nh5
1154,1132,black,0+1,Nh3 Nf6 e4 Nc6 f3 Nxe4 fxe4 Nd4 d3 Nxc2+
1860,1726,white,300+0,d4 d5 c4 c6 Nf3 e6 Nc3 a6 e3 f5
1322,1500,black,600+30,e4 e6 a3 d5 e5 c5 d4 cxd4 Qxd4 Nc6
1617,1551,white,120+0,d4 f5 b3 Nf6 Ba3 d6 g3 e6 Bg2 Be7
1532,1590,black,180+0,e4 e5 Nf3 Nc6 d3 Bc5 Be2 d6 O-O Nf6
1625,2097,black,300+0,d4 Nf6 Bg5 Ne4 Bh4 c5 Qd3 d5 f3 c4
1727,1719,white,300+0,e4 d5 e5 e6 d4 c5 Nf3 Nc6 Be2 Qb6
1677,1241,white,300+0,e4 d5 exd5 Qxd5 Nc3 Qe6+ Be2 Nc6 d4 Nb4
1542,1626,black,120+0,d4 d5 f4 Nc6 e3 Bf5 Nf3 Be4 a3 g6
1144,1142,white,0+1,Nc3 Nh6 Nf3 e5 Nd5 d6 Nxc7+ Qxc7 Ng5 f6
1500,1686,black,300+0,d4 g6 Bf4 Bg7 e4 e6 Bc4 Ne7 Qf3 Nbc6
1699,1740,white,60+0,Nf3 d5 d4 e6 c4 c5 Nc3 cxd4 Nxd4 dxc4
2158,1890,white,180+0,e4 e6 d3 Ne7 g3 d5 Nd2 dxe4 dxe4 Ng6
1497,1771,black,60+0,d4 e6 c3 d5 e3 Nf6 Bb5+ Bd7 Bxd7+ Nbxd7
1707,1690,white,900+0,e4 e5 Nf3 Nc6 Bb5 d6 h3 Bd7 O-O a6
1516,1482,white,300+8,e4 e6 f4 f5 exf5 exf5 Nf3 Nf6 Bc4 Qe7+
1525,1943,black,0+5,d4 d5 c4 c6 Nc3 Nf6 f3 e6 e4 dxe4
1526,1365,black,120+0,e4 d5 Nf3 dxe4 Ng5 f5 Bc4 Nh6 Qh5+ g6
1782,1682,white,60+2,c4 e5 Nc3 Qf6 d3 Bb4 e4 Nc6 a3 Ba5
1265,1559,black,300+8,e4 e5 Nc3 d6 f3 c5 Bb5+ Bd7 Bxd7+ Qxd7
1353,1809,black,0+1,e4 d5 d3 dxe4 Nd2 exd3 cxd3 Nf6 d4 c6
1488,1548,black,240+5,e4 c5 Nf3 d6 d4 cxd4 Nxd4 Nf6 Nc3 a6
1107,1385,white,300+0,e3 e5 Qf3 d5 c4
1770,1956,black,60+2,d4 c5 Nf3 cxd4 Nxd4 g6 e4 Bg7 c3 Nc6
1731,1328,white,600+10,e4 e5 Nf3 Bc5 Nc3 d6 a3 Nf6 b4 Bb6
1599,1522,white,180+0,e4 e5 f4 d6 Nf3 exf4 d4 Nf6 Nc3 Qe7
1623,2021,black,300+0,d4 d5 Bg5 c5 dxc5 Qa5+ Nc3 e6 Qd4 Nc6
1728,1811,black,60+0,e4 d5 e5 c5 f4 Bf5 Nf3 e6 d3 Nc6
1587,1613,black,600+5,e4 e5 Nf3 Nc6 c3 Bc5 Bc4 h6 O-O Nf6
2002,2005,black,420+0,d4 d5 f4 e6 Nf3 c5 e3 Nc6 c3 f5
1753,1490,white,480+0,e4 b6 d4 Bb7 e5 e6 Nf3 Bxf3 Qxf3 Nc6
1761,1854,black,180+2,e4 e5 Nf3 Nc6 Bc4 Bc5 Nc3 Nf6 d3 O-O
1390,1515,black,120+0,e4 e5 d4 Nc6 d5 Nb4 c3 Na6 f4 exf4
1350,1403,black,900+15,e3 d5 d4 Nf6 b3 Nc6 Nc3 e6 Qf3 Bb4
1635,1533,white,120+0,d4 f5 g3 Nf6 b3 d5 Ba3 e6 Bxf8 Rxf8
1455,1462,white,180+0,e4 e6 d4 d6 Nf3 Be7 Nc3 Bd7 Bc4 Nc6
1984,1754,black,480+5,d4 d5 Nf3 Bg4 e3 Nf6 Be2 e6 Nbd2 c5
1691,1886,black,300+0,e4 e6 Nf3 Ne7 b3 d5 exd5 Nxd5 Bb2 Nf6
1399,1456,white,300+1,e4 e5 Bc4 d6 Nc3 Nf6 Qf3 Bg4 Qg3 a6
1545,1640,white,120+0,e4 c5 Nf3 g6 Bc4 Bg7 Ng5 e6 Qf3 Qxg5
2043,1775,white,60+0,e4 e6 Bc4 d5 exd5 exd5 Bb3 Nf6 d4 c5
1478,1500,white,240+5,e4 e5 f4 exf4 Nf3 Bc5 d4 Bb6 Bxf4 Nc6
1489,1314,white,240+4,d4 e6 e4 Nc6 Nf3 Nf6 Nc3 d5 e5 Ne4
2009,2170,black,180+0,c4 Nf6 Nc3 c5 g3 e6 Bg2 d5 cxd5 exd5
1765,1521,white,480+0,e4 e5 Bc4 Nf6 Nc3 Bc5 d3 O-O Nf3 d6
1556,1626,black,420+8,e4 e5 Nf3 d6 Bc4 h6 c3 Nf6 d3 Qe7
1531,1557,white,300+3,e4 c5 Nf3 d6 h3 Nf6 d3 g6 Bg5 Bg7
1835,1862,black,600+1,f4 d5 Nf3 c5 d3 Nf6 g3 Nc6 Bg2 d4
1315,1607,black,1200+0,Nc3 d5 Nf3 d4 Ne4 b6 e3 c5 exd4 cxd4
1674,1811,black,60+2,e4 g6 d4 Bg7 e5 e6 Nc3 d6 f4 dxe5
1183,1006,white,300+0,e3 e5 Qf3 f6 g4 d6 Nc3 c5 Bc4 a5
1756,1379,white,60+2,d4 d5 Nf3 Nf6 g3 Nc6 Bg2 Bg4 O-O Bxf3
1428,1364,black,1200+5,e4 e5 d4 exd4 Qxd4 Nc6 Qd1 Nf6 Nc3 Bb4
1963,1763,white,60+2,e4 c6 Nf3 d5 exd5 cxd5 Ne5 Nc6 d4 Nxe5
1375,1605,black,600+30,Nf3 Nf6 Nc3 d5 d4 e6 Bf4 Bb4 e3 Ne4
1643,1802,black,120+0,d4 d5 b3 Nf6 Ba3 g6 g3 Bg7 Bh3 Bxh3
1697,1661,white,300+5,d4 d5 Nf3 Bf5 c3 h6 Nbd2 e6 e3 Bd6
1719,1867,black,300+0,d4 d5 f3 e6 b3 Nf6 Bb2 c5 a3 Nc6
1379,1297,white,120+0,e4 e6 e5 d6 d4 Nc6 c3 dxe5 dxe5 Qxd1+
1771,1821,white,60+0,d4 d5 c4 c6 Nc3 Nf6 cxd5 cxd5 Nf3 Bf5
1874,1696,white,180+2,e4 e6 d4 d5 Nd2 c5 exd5 exd5 Ngf3 Nc6
1487,1515,black,240+5,e4 e5 f4 d5 exd5 e4 d3 Nf6 dxe4 Nxe4
1730,1932,black,180+0,d4 d5 c4 e5 Nc3 dxc4 d5 Nf6 e4 c6
1679,1513,black,240+0,e4 e5 Bc4 Nf6 Nc3 c6 d3 d5 exd5 cxd5
1862,1753,black,180+2,e4 c5 Nf3 Nc6 Bb5 g6 Bxc6 bxc6 O-O Bg7
1715,1729,black,300+3,d4 Nf6 c4 g6 Nc3 d5 Nf3 Bg7 Bg5 O-O
1511,1379,black,420+7,e4 Nc6 d4 d5 e5 e6 Bb5 Bd7 Nc3 Nge7
1583,1681,white,1800+0,e4 d5 exd5 Qxd5 Nf3 Bg4 h3 Bxf3 Qxf3 Qe5+
1556,1571,white,60+2,e4 d6 d4 e6 c4 Nd7 Nc3 f5 Bd3 fxe4
1738,1607,white,180+0,f4 e5 fxe5 Qh4+ g3 Qe4 Nf3 b6 Bg2 Bb7
1436,1526,white,300+8,e4 e5 Nf3 Nc6 c3 f5 Bd3 fxe4 Bxe4 d5
1653,1709,white,300+2,d4 d5 a3 Nf6 e3 Bg4 Nf3 e6 b4 a6
1526,1476,white,240+5,d4 Nf6 Nc3 d5 e4 dxe4 f3 exf3 Qxf3 e6
1545,1838,black,300+0,e4 e6 d4 d5 Nc3 dxe4 Nxe4 Nd7 Be3 Ngf6
1412,1203,black,300+1,e4 Nc6 Bc4 d6 Nc3 e5 Qf3 Nf6 Nd5 Be6
1543,1443,white,300+3,e4 e6 d3 d5 e5 f6 d4 c5 exf6 Nxf6
1584,1499,black,60+2,e4 e5 f4 d5 exd5 exf4 Nc3 Qh4+ Ke2 Bd6
2031,1620,white,300+0,e4 d5 exd5 Qxd5 Nc3 Qe5+ Qe2 Qc5 Nf3 Bg4
1808,1637,black,120+0,e4 d5 f4 dxe4 Bc4 a6 Qe2 b5 Bb3 Bb7
1272,1760,black,60+2,e3 e5 d4 exd4 exd4 d5 Qe2+ Be7 Nc3 Nf6
1576,1308,white,600+5,e4 e5 Nf3 Nc6 c3 f6 Bc4 d6 O-O Bg4
1528,1370,white,360+6,e4 Nc6 Nf3 Nf6 e5 Ng4 d4 f6 h3 Nh6
1710,1834,white,120+0,e4 g6 Nf3 Bg7 Bc4 e6 d4 Ne7 d5 exd5
1892,1685,draw,300+0,e3 e5 Ne2 Qf6 d4 exd4 Nxd4 Bc5 Nf3 d6
1874,1743,black,300+3,Nf3 d5 d4 Nf6 c4 c6 Nc3 Bf5 e3 e6
1595,1495,white,180+2,e4 e5 Nf3 Nc6 d4 exd4 Nxd4 Ne5 Bf4 d6
1761,1268,white,60+2,d4 e6 Nf3 d5 g3 Nc6 Bg2 Nf6 O-O h6
1938,1724,white,180+0,e4 e5 d4 d6 dxe5 Nc6 exd6 Bxd6 Nc3 Nf6
1529,1662,black,300+0,e4 e5 Nf3 Nc6 Be2 Bc5 O-O Nf6 d3 d6
1563,1666,black,600+30,e4 e6 d4 d5 exd5 exd5 Bb5+ c6 Ba4 Nf6
1653,1792,white,120+0,d4 Nf6 b3 g6 Ba3 Bg7 Nf3 O-O h3 d6
1466,1536,black,240+5,e4 e5 f4 d5 exd5 e4 d3 Nf6 dxe4 Nxe4
1535,1411,white,360+6,e4 e5 Nf3 d6 Bb5+ Nc6 Bxc6+ bxc6 h3 Rb8
1624,1698,black,240+0,d4 d5 c4 Nf6 cxd5 Nxd5 e4 Nf6 Nc3 e6
1732,1690,white,300+5,d4 e6 Nc3 c6 Nf3 f5 e3 Nf6 Be2 Be7
1297,1497,black,420+7,e4 e5 Qh5 Nc6 Bc4 Qe7 d3 Nf6 Qf3 Na5
1600,1746,black,180+0,e4 d5 exd5 Qxd5 Nc3 Qd6 Bc4 Nf6 d3 c6
1545,1713,black,480+8,e4 e5 Nf3 Nc6 Be2 Nf6 Nc3 Bb4 O-O d6
1560,1789,black,60+2,e4 d5 exd5 Qxd5 Nc3 Qd8 f4 e6 Nf3 Nf6
1990,1767,white,420+0,d4 c5 e3 cxd4 exd4 d5 f4 Nf6 c3 Bf5
1550,1696,black,300+0,e4 d5 exd5 Qxd5 Nc3 Qa5 Nf3 c6 d4 Bg4
1855,1896,black,120+0,d4 e6 c4 Nf6 Nc3 c5 e3 b6 Nf3 Bb7
1763,1548,white,60+2,d4 d5 Nf3 Bf5 c4 e6 Nc3 Bb4 Qb3 Nc6
1467,1487,black,180+0,e4 e5 d4 exd4 Qxd4 Nc6 Qd1 Nf6 Nc3 d6
1261,1883,black,180+2,e4 c5 c4 e5 Nf3 Nc6 d3 d6 Nc3 f5
1541,1522,white,240+0,e4 e5 Nf3 d6 Bc4 Be7 c3 Nf6 Ng5 O-O
1308,1396,white,240+4,e3 e5 Qf3 Nf6 Nc3 Nc6 d4 exd4 exd4 Nxd4
1329,1422,white,300+2,e3 d6 d3 e5 d4 f6 dxe5 fxe5 Nf3 Qe7
1580,1614,white,600+5,e4 e5 Nf3 d6 c3 Bg4 d3 Qf6 Nbd2 Be7
2041,1982,white,180+0,e4 Nc6 d4 e5 d5 Nce7 c4 Ng6 Be3 Nf6
1666,1603,black,300+2,d4 d5 a3 Nf6 e3 h6 h3 e6 b4 a6
1776,1668,black,120+0,e4 d5 exd5 Qxd5 d4 Bf5 Nc3 Qe6+ Be2 c6
1803,1555,white,60+2,c4 d6 Nc3 e5 d3 f5 f4 Nf6 fxe5 dxe5
1758,1517,black,480+0,e4 e5 Nf3 Nf6 d3 Nc6 Nbd2 d5 exd5 Nxd5
1680,1743,white,300+5,Nf3 d5 c4 dxc4 Nc3 c6 a4 e6 e3 Nf6
1392,1355,white,120+0,e4 e5 d4 d6 dxe5 dxe5 Qxd8+ Kxd8 Bd3 Bb4+
1834,2017,black,300+0,d4 d5 Nf3 e6 Bf4 c5 e3 a6 c4 Nf6
1753,1594,black,180+0,f4 e5 fxe5 Nc6 Nf3 d5 d4 Bg4 Nc3 Bxf3
1842,1718,black,300+0,d4 d5 Nf3 c5 e3 Nc6 c3 e6 Bd3 Nf6
1669,1694,white,300+0,e4 e5 Bc4 d6 Nc3 h6 d3 Nf6 Be3 Be6
1333,1611,black,1200+0,d4 d5 Nf3 Nf6 Nc3 e6 Qd3 h6 e4 dxe4
1923,1819,draw,600+10,d4 d5 Nf3 Nf6 c3 e6 Ne5 Nbd7 e3 Nxe5
1635,1888,white,900+8,e4 e5 Nf3 Nc6 Bc4 Nf6 d3 Bc5 Qe2 Ng4
1320,1509,black,240+4,e3 d5 Nc3 Nf6 b3 g6 Bb2 Bg7 Qf3 Bg4
1808,1714,white,900+0,e4 e5 Nf3 d6 d4 Nc6 Bb5 Bd7 O-O Nb8
1884,1765,white,180+2,e4 e5 Nf3 Nc6 Bb5 Nf6 O-O d6 Re1 a6
1456,1497,white,180+0,e4 e5 d4 exd4 Qxd4 Nc6 Qd1 Nf6 Nc3 Bb4
1705,1859,black,300+3,d4 d5 c4 e6 Nc3 Nf6 cxd5 exd5 Bg5 c6
1500,1260,black,60+10,e4 d5 Qh5 Nf6 Qe5 e6 Bb5+ Nc6 Bxc6+ bxc6
1909,1493,white,120+0,c4 c5 g3 e5 Bg2 Nf6 Nc3 Nc6 d3 a6
1634,1565,black,600+0,e4 e5 Nf3 Nc6 Bb5 d6 Bxc6+ bxc6 d3 Bb7
1687,1769,white,60+2,d4 d5 c4 e6 Nc3 Nf6 Bf4 Be7 Qd2 O-O
1362,1736,black,180+6,e4 d5 exd5 Qxd5 Nc3 Qd6 Nf3 Nf6 d4 c6
2041,1112,white,300+0,e4 e5 Nf3 Nf6 Bc4 Nc6 d4 Bb4+ c3 exd4
1564,1609,black,300+0,e4 e5 Nf3 Nc6 Bc4 Bc5 d3 h6 Nc3 Na5
1550,1133,white,60+2,e4 d5 exd5 Qxd5 Nc3 Qa5 f4 Nc6 Nf3 Bf5
1570,1794,black,600+2,e4 d5 exd5 Qxd5 Nc3 Qa5 Nf3 Nf6 h3 Bf5
1651,1691,black,300+5,e4 e5 Bc4 Qf6 Qf3 Bc5 d3 Nc6
1618,1532,black,360+5,e4 e5 f4 exf4 Nf3 f6 Bc4 g5 Bxg8 Rxg8
1707,1838,white,240+0,d4 e6 Nf3 d5 e3 c5 Bb5+ Bd7 Bxd7+ Nxd7
1597,1618,black,480+8,e4 e5 Nf3 Nc6 Bc4 Nd4 Nxd4 exd4 O-O Bc5
1461,1500,white,180+8,e4 e5 Qh5 g5 Bc4 Nc6 Qxf7#
1404,1852,black,120+0,e4 e5 d4 exd4 Qxd4 Nc6 Qd1 d6 c3 Nf6
1944,1762,black,180+0,e4 c5 Nf3 Nc6 d4 cxd4 Nxd4 g6 Nc3 Bg7
1551,1435,white,300+3,e4 b6 Bc4 Bb7 Qf3 e6 d4 Nf6 d5 exd5
1973,2082,white,180+0,e4 c5 b4 cxb4 d4 d5 e5 Nc6 Nf3 Qb6
1475,1485,white,360+2,e4 e5 Qh5 d6 Bc4 Be6 Bxe6 Nf6 Qxf7#
1474,1494,black,360+2,d4 d5 Nc3 Nf6 Nf3 Bg4 h3 Bxf3 gxf3 e6
1185,1416,white,300+4,e3 e5 Nc3 Nf6 Nf3 Nc6 Bc4 d5 Bb3 Bc5
1534,1737,white,480+0,d4 d5 e4 dxe4 Nc3 f5 f3 exf3 Qxf3 g6
1739,1743,white,360+4,e4 c5 Nf3 d6 d4 cxd4 Nxd4 Nf6 Nc3 a6
1408,1344,white,300+2,e4 e6 d3 d5 Qe2 Nc6 c3 d4 f3 dxc3
1443,995,white,900+0,g3 e5 Bg2 d6 e4 Nc6 c3 f6 d3 Nh6
1635,1556,black,480+5,e4 e5 Nf3 d6 Bc4 h6 Nc3 Ne7 Nh4 c6
1699,1866,draw,300+3,e4 c5 Nf3 d6 d4 cxd4 Nxd4 Nf6 Nc3 e6
1712,1557,black,60+0,Nf3 e6 d4 b6 c4 Bb7 Nc3 Ne7 e3 Ng6
1554,1270,white,300+0,e4 Nc6 d4 e5 d5 Nce7 Bb5 c6 dxc6 dxc6
1591,1543,white,780+8,d4 d5 Nf3 Nf6 e3 e6 c4 c5 a3 a6
1502,1341,white,420+7,e4 c5 Nc3 Nf6 Bc4 e6 b3 d5 Bb5+ Nc6
1754,1803,draw,120+2,e4 e5 Nf3 d6 Nc3 Bg4 Bc4 Nc6 h3 Bh5
1702,1894,white,180+2,d4 Nf6 c4 g6 Nc3 Bg7 Bf4 d6 e3 Na6
1575,1696,black,60+0,e3 c5 b3 d6 Bb2 Nc6 Ne2 e6 Ng3 e5
1314,1682,white,240+4,e3 e5 d4 e4 Nc3 d5 a4 Nc6 Bb5 a6
1473,1912,black,120+0,e4 e6 d4 d5 e5 c5 c3 Qb6 Nf3 Nc6
1778,1926,white,180+0,e4 c5 Nf3 g6 Bc4 Bg7 Nc3 Nc6 d3 Nf6
1337,1552,black,60+2,e4 d5 Nf3 dxe4 Ng1 c5 Nc3 Nf6 d3 exd3
1401,1509,black,120+0,e4 e5 d4 exd4 Qxd4 Nf6 Qd1 Bc5 f3 Bxg1
1825,1615,white,300+0,e4 d5 exd5 Qxd5 Nf3 Nf6 d4 Bg4 Be2 e6
1703,1567,black,60+0,Nf3 e6 d4 b6 c4 Bb7 Nc3 Bxf3 e4 Nc6
1785,1806,black,60+0,d4 f5 c4 Nf6 Nc3 g6 Nf3 Bg7 g3 O-O
1620,1360,black,180+6,f4 e6 Nf3 d6 e3 c6 b4 Nf6 Bb2 h6
1828,2067,white,300+0,d4 d5 Nf3 e6 Bf4 Nf6 e3 Be7 Nbd2 c5
1909,1793,black,180+0,e4 c5 Nf3 Nc6 d4 cxd4 Nxd4 g6 Nc3 Bg7
1335,1249,white,240+4,e3 e5 d4 e4 Nc3 d5 a4 Nf6 Bb5+ c6
1393,1364,black,300+8,e4 e5 d4 d5 dxe5 d4 Nf3 Nc6 Bg5 Be7
1395,1395,white,300+1,e4 e5 Bc4 Nc6 Nc3 Nf6 Nf3 d6 d4 Bg4
1987,1822,white,180+0,e4 e6 d4 d5 Nc3 dxe4 Nxe4 Nf6 Bg5 Be7
1723,1661,black,240+0,d4 g6 Nf3 d5 e3 Bg7 Be2 Nf6 O-O O-O
1728,1693,black,300+5,c4 e6 Nc3 f5 d4 Nf6 e3 g6 Nf3 Bg7
1688,1458,black,60+0,Nf3 d5 d4 Bg4 c4 dxc4 Nc3 a6 e3 b5
1215,1271,black,540+0,e4 e5 d4 f6 dxe5 fxe5 Qd5 d6 Qd1 Nf6
1558,1329,white,60+2,e4 e5 f4 exf4 Nf3 d6 Bc4 a6 d4 Nc6
1539,1578,white,600+0,e4 e5 Nf3 Nc6 Bb5 Bc5 Bxc6 bxc6 Nxe5 d6
1558,1549,black,300+3,e4 e6 Bc4 d5 exd5 exd5 Qf3 dxc4 Na3 Bxa3
2188,1966,white,180+0,e4 c5 Nf3 d6 d4 cxd4 Nxd4 Nf6 Nc3 a6
1547,1734,black,300+3,e4 e5 g3 d5 Bg2 d4 b3 c5 Bb2 Nc6
1718,1551,black,480+0,e4 e5 Nf3 Nf6 Qe2 Nc6 d3 Bc5 Be3 Bb6
1642,1599,black,180+0,e4 e5 f4 exf4 Nf3 Nc6 Bc4 f6 O-O Bc5+
1818,1773,white,60+0,f4 e6 Nf3 d5 g3 Nf6 Bg2 c5 O-O Nc6
1316,1408,black,1800+30,e4 e5 Nf3 Nc6 c3 Nf6 Qb3 Bd6 Ng5 O-O
1653,1820,black,300+2,d4 Nf6 a3 d6 e3 c5 c3 cxd4 cxd4 e6
1566,1605,black,360+5,e4 e5 Nf3 Nc6 c3 a6 d4 exd4 Nxd4 Nxd4
2042,2023,white,300+1,e4 c5 Nf3 d6 d4 cxd4 Nxd4 Nf6 Nc3 a6
1763,1829,white,60+0,d4 f5 c4 Nf6 Bd2 g6 Nc3 Bg7 Nf3 O-O
1591,1673,black,60+0,b4 c5 bxc5 Nc6 Bb2 e5 a4 Bxc5 f4 exf4
1515,1649,black,300+3,e4 e6 Bc4 c6 a4 d5 exd5 cxd5 Bb3 Nc6
1296,1417,black,300+2,e4 e5 Nf3 d6 Nc3 c6 d3 Qe7 a4 f6
1673,1591,white,60+0,Nf3 d5 d4 e6 c4 Bd6 Nc3 Qf6 e3 Bb4
1560,2205,black,120+0,e4 b6 Nf3 Bb7 Nc3 e6 d4 Bb4 Qd3 Nf6
1861,1703,white,300+3,Nf3 c6 e4 g6 d4 Bg7 c3 d5 e5 Bf5
2050,1845,black,300+0,e4 d5 exd5 Qxd5 d4 Nf6 Nc3 Qd8 Nf3 e6
1441,1505,black,480+8,d4 d5 c4 dxc4 Nc3 b5 Nf3 c6 e3 Bg4
1802,1609,white,120+2,d4 e5 e3 exd4 exd4 d5 c3 Bd6 Bd3 Nf6
1469,1559,black,180+0,e4 e6 d4 d5 exd5 exd5 Qe2+ Be6 Nc3 Nf6
1541,1511,black,300+3,e4 e5 Bc4 Nf6 Nf3 Nc6 c3 Nxe4 d4 d5
1461,1818,black,540+0,e4 e5 Nf3 d6 c4 Bg4 d3 Nf6 h3 Bh5
1915,1478,white,120+0,Nf3 e6 g3 d5 Bg2 Nc6 O-O Nf6 d3 e5
1871,1636,white,180+2,e4 c5 Nf3 d6 d4 cxd4 Nxd4 Nf6 Nc3 a6
1706,1660,white,900+0,e4 c5 c4 Nc6 Na3 e5 Nc2 Nf6 d3 h6
1709,1815,white,240+0,d4 e6 Nf3 d5 e3 c5 Bb5+ Bd7 Bxd7+ Nxd7
1618,1718,white,300+0,e4 d5 exd5 Qxd5 Nc3 Qa5 Nf3 c6 a3 Bg4
1594,1448,white,900+15,e4 e5 Nf3 Nc6 d3 d6 Nc3 g6 h3 f5
1567,1496,black,180+3,c4 d5 cxd5 Qxd5 Nc3 Qf5 e4 Qg6 Qa4+ Nc6
1542,1901,black,360+6,e4 c5 Nf3 Nc6 d4 cxd4 Nxd4 g6 Nc3 Bg7
1665,1562,black,60+1,c4 Nf6 Nc3 g6 g3 Bg7 Bg2 e5 d3 O-O
1390,1429,black,120+0,e4 g6 d4 d6 f4 Nc6 c3 e6 h4 Nf6
1831,1756,white,300+0,d4 Nf6 e3 g6 Bd3 Bg7 f4 O-O Nf3 d6
1586,1512,white,480+8,d4 d5 c4 e6 a3 Qh4 Nf3 Qh5 Nc3 Nf6
1570,1620,white,480+5,e4 e5 Bc4 Nf6 d3 h6 a3 d6 Be3 c6
1681,1637,black,60+0,Nf3 c5 d4 cxd4 Nxd4 Nc6 c4 g6 Nxc6 bxc6
1822,1920,white,600+10,e4 e5 Nf3 d6 Bc4 Be7 d4 exd4 Nxd4 Nf6
1563,1304,white,60+2,e4 e6 f4 d6 Nf3 c6 Bc4 h6 d4 Nf6
1616,1609,black,180+2,e4 d5 exd5 Qxd5 Nc3 Qa5 d4 c6 Bd2 Qc7
1547,1615,black,1200+0,d4 d5 Bf4 Nf6 e3 e6 c4 c6 c5 Be7
992,1378,black,1200+5,d4 d5 Nh3 Nf6 Na3 e5 e3 exd4 exd4 c5
1870,1847,white,540+0,Nf3 b6 c4 Nf6 Nc3 Bb7 Qc2 e6 e4 d5
2202,2051,white,180+0,e4 b6 d4 Bb7 Bd3 e6 Nf3 Nf6 Nbd2 d5
1344,1714,draw,240+4,e4 e5 d4 exd4 Qxd4 Nc6 Qd2 d6 Qg5 Qxg5
1675,1624,white,300+0,e4 c5 Bc4 Nc6 Nc3 a6 a3 e6 Nf3 b5
1406,1458,black,300+1,e4 e6 Bc4 f6 Nc3 Bb4 a3 Bxc3 dxc3 Ne7
1151,1329,black,420+0,d4 e5 Nf3 Nc6 e4 f6 Nc3 Bb4 Qd3 Bxc3+
1460,1531,draw,180+0,e4 e5 d4 exd4 Qxd4 Nc6 Qd1 Nf6 Nc3 Bb4
1376,1464,black,120+0,e4 e5 d4 exd4 Qxd4 Nc6 Qd1 Nf6 c3 Nxe4
1356,1466,black,300+8,e4 e5 d4 Nc6 f4 exd4 c3 Bc5 Bc4 Nf6
1614,1685,white,300+0,e4 e5 f4 exf4 Nf3 Nc6 c3 Bc5 d4 Bb6
1603,1808,white,120+2,e4 e5 Nf3 d6 d4 exd4 Nxd4 Nf6 Nc3 Be7
1724,1886,black,240+0,d4 e6 Nf3 a6 e3 Ne7 Be2 h6 O-O d5
1239,1656,black,300+3,d4 Nf6 Nc3 e6 e4 Bb4 e5 Ne4 Bd2 Nxc3
1621,1605,white,180+2,d4 d5 c4 e6 Nc3 Bb4 Bd2 Bxc3 Bxc3 a6
1568,1700,black,480+0,d4 d5 e4 dxe4 Nc3 f5 f3 exf3 Qxf3 g6
1651,1584,white,60+1,c4 e6 Nc3 b6 Nf3 Bb7 g3 Ne7 Bg2 Ng6
1592,1918,black,120+0,e4 e6 d4 d5 Nc3 dxe4 Nxe4 Bd7 Nf3 Bc6
1098,1190,black,60+5,d4 e6 d5 Ne7 d6 cxd6 Qxd6 Nd5 Qe5 Nb4
1359,1513,black,720+3,d4 d5 c4 Bf5 Nc3 e6 Qa4+ c6 c5 Na6
1815,1567,black,60+2,c4 e5 Nc3 f5 d3 Nf6 g3 Bb4 Bg2 O-O
1867,2088,black,420+4,e4 c5 f4 e5 Nf3 d6 f5 Nc6 Nc3 Nf6
1628,1671,white,300+0,e4 e5 f4 exf4 Nf3 b6 d4 Bb7 Bd3 d5
1272,1405,black,60+10,e4 c5 c4 e6 d4 cxd4 Qxd4 Nc6 Qd1 Nf6
1595,1656,white,480+8,d4 e6 c4 d6 e4 c6 Nf3 Nf6 Bg5 Be7
1417,1508,white,420+7,e4 e5 Nc3 d6 d4 exd4 Qxd4 Nc6 Qd1 Nf6
1658,1701,black,300+0,e4 e5 Bc4 Nf6 Nc3 Nc6 d3 Na5 Nf3 Nxc4
1641,1807,white,300+0,e4 c5 f4 Nc6 Nf3 d6 c3 Bd7 a3 g6
1677,1464,black,180+0,e4 e5 Bc4 Nc6 Nc3 Nf6 f4 exf4 d4 d6
1595,1633,black,180+2,e4 d5 e5 Bf5 d4 e6 Bd3 Bxd3 Qxd3 c5
1509,1553,black,180+3,e4 e5 d4 Nc6 dxe5 Nxe5 Qd4 Qf6 f4 Nf3+
1365,1500,black,120+0,d4 d5 f3 c5 dxc5 Nc6 e4 d4 Ne2 e5
1586,1768,white,60+2,e4 g6 f4 Bg7 Nf3 e6 e5 Ne7 Bc4 d6
2001,2033,white,300+0,c4 Nf6 Nc3 g6 d4 Bg7 e4 e6 Nf3 d6
1624,1537,white,1200+0,d4 d5 Nf3 e6 e3 c5 c4 Qa5+ Bd2 Qb6
1462,1588,black,180+0,e4 e6 d4 d5 exd5 Qxd5 Nc3 Qd8 Bc4 Nc6
1660,1565,white,60+1,c4 c6 Nc3 d5 cxd5 cxd5 g3 e5 Bg2 Nf6
1877,1704,draw,180+2,e4 d5 exd5 Qxd5 Nc3 Qa5 Rb1 c6 b4 Qc7
1713,1474,white,180+3,e4 c5 Nc3 Nc6 g3 e5 d3 d6 Bg2 Nf6
1480,1674,black,900+0,d4 d5 c4 dxc4 e3 Nf6 Bxc4 b6 Nf3 Bb7
1589,1523,white,60+0,e4 c5 d3 d6 f4 g6 g3 Bg7 Nf3 Nf6
1647,1745,black,300+2,d4 Nf6 a3 b6 e3 Bb7 Nf3 e6 b4 Be7
1862,1792,white,300+0,d4 c5 Nf3 cxd4 Nxd4 g6 b3 Nc6 Bb2 Nxd4
1265,1657,white,300+0,e4 e5 Nf3 f5 Nxe5 d6 Nc4 Nf6 exf5 Bxf5
1630,1716,white,900+0,e4 e5 Nf3 d6 h3 c5 d4 cxd4 Bc4 Be7
1598,1566,white,600+0,f4 d5 Nf3 Bf5 e3 e6 b3 Bc5 Bb2 Nf6
1718,1612,black,240+0,d4 b5 Nf3 Bb7 e3 a6 Be2 e6 Nbd2 c5
1399,1255,black,600+5,d4 Nf6 Nf3 c6 Nbd2 d5 e3 Bf5 c4 e6
1551,1620,black,720+0,e4 e5 b3 Nf6 Bb2 d6 d3 g6 Nf3 Bg7
1455,1087,white,180+0,e4 d5 exd5 Qxd5 Nc3 Qe5+ Qe2 Qxe2+ Bxe2 e5
1704,1354,white,240+4,e4 e6 Nc3 d5 exd5 exd5 d4 Nf6 Nf3 Bb4
1708,1560,white,480+0,e4 e5 Nf3 Nf6 Nc3 Nc6 Bb5 a6 Bxc6 dxc6
1528,1633,black,1200+0,Nc3 d5 d4 Nf6 Nf3 e6 Bf4 a6 h3 Be7
1727,1603,black,60+2,c4 e6 Nc3 f5 d3 Nf6 e3 Bb4 Ne2 O-O
1608,1775,black,480+8,d4 d5 c4 g6 Nf3 Bg7 Nc3 dxc4 e4 Nc6
1556,1668,black,60+1,e4 c5 f4 Nc6 Nf3 g6 g3 Bg7 Bg2 d6
1469,1264,white,60+10,d3 d5 e3 e5 Nf3 Bg4 Be2 Nc6 d4 exd4
1512,1748,black,60+0,e4 e6 d4 d5 e5 c5 c3 cxd4 cxd4 Bb4+
1333,1500,black,300+8,d4 c6 e4 d5 Nc3 dxe4 f3 e5 Nxe4 exd4
1702,1644,black,900+0,e4 e5 c4 d5 exd5 e4 Qe2 Bf5 Nc3 Nf6
1789,1084,white,120+2,d4 d5 e3 c6 Nf3 Qd6 Nbd2 e5 c4 exd4
1843,1420,white,180+0,d4 d5 c4 e6 Nc3 c5 dxc5 Bxc5 cxd5 exd5
1458,1341,black,180+0,e4 e5 d4 exd4 Qxd4 Nf6 Bg5 Be7 Bxf6 Bxf6
1481,1658,black,180+0,d4 d5 Nf3 c5 dxc5 e6 Nc3 Bxc5 Bd2 Nf6
1499,1455,white,180+3,e4 d6 d4 c5 dxc5 Nc6 cxd6 Qxd6 Qxd6 exd6
1922,1218,white,120+0,Nf3 d5 c4 d4 b4 e6 Bb2 Bxb4 Qa4+ Nc6
1752,1507,white,60+0,e4 c5 Nf3 d6 d4 cxd4 Nxd4 Nc6 Nxc6 bxc6
1790,1772,white,120+2,d4 d5 e3 Bf5 Nf3 Nf6 Bd3 Bg6 Nc3 e6
1383,1337,white,420+0,e4 e5 Nf3 Nc6 Bc4 Nf6 Nc3 Bc5 Ng5 d6
1502,1757,black,60+0,d4 e6 c4 c6 Nc3 d5 Nf3 dxc4 a4 Bb4
1444,1377,white,180+0,e4 e5 d4 exd4 Qxd4 Nc6 Qd1 d6 Nc3 Nf6
1618,1692,white,60+2,f4 g6 Nf3 Bg7 e4 e6 d4 Ne7 e5 d6
1351,1707,black,240+4,e3 d5 Nc3 Nf6 b4 e6 Ba3 c6 Qe2 a5
1657,1689,black,900+0,e4 e5 Nf3 d6 d4 exd4 Nxd4 c5 Nf3 Bg4
1325,1401,white,420+0,e4 e5 Nf3 Nc6 Bc4 h6 Nc3 a6 d3 Bc5
1500,1703,black,240+0,e4 e5 Nf3 Nc6 d4 exd4 Nxd4 Nge7 Nc3 g6
1676,1600,white,60+1,c4 e5 Nc3 Nf6 g3 d6 Bg2 c6 d3 g6
1761,1497,white,60+0,e4 c5 Nf3 d6 d4 cxd4 Nxd4 Nf6 f3 Nc6
1783,1870,white,300+0,e4 d5 exd5 Qxd5 Nc3 Qd8 Nf3 Nf6 Bc4 e6
1665,1475,black,180+0,e4 e5 Nf3 Nc6 Nc3 Nf6 Bb5 a6 Ba4 b5
1529,1723,black,300+3,e4 c6 Bc4 d5 exd5 cxd5 Nh3 dxc4 Nf4 Nf6
1621,1629,black,180+0,e4 c5 Nf3 Nc6 Bb5 g6 O-O Bg7 Bxc6 bxc6
1604,1473,black,900+15,e4 e5 Nf3 Nc6 d3 Nf6 h3 Bc5 Bg5 d5
1862,1880,black,420+4,e4 e6 f4 d5 e5 c5 Nf3 Nc6 Bb5 Qb6
1700,1705,white,180+0,e4 g6 Nf3 Bg7 Bc4 d6 Bb3 e6 d4 c6
1761,1801,white,120+2,d4 d5 c4 e6 Nf3 Nf6 Bg5 Be7 e3 O-O
1259,1513,black,60+10,e4 e5 d4 f5 exf5 d5 dxe5 Bxf5 Nf3 g5
1524,1417,white,300+3,e4 e5 Nf3 d6 d4 Bg4 dxe5 Bxf3 gxf3 Nd7
1358,1067,white,120+0,e4 e5 d4 Nf6 dxe5 Nxe4 f3 Nc5 Be3 d5
2021,2013,black,300+0,e4 g6 Nf3 Bg7 d4 d6 c4 Nf6 Nc3 Nbd7
1659,1711,black,300+0,e4 e5 Nf3 Qf6 Nc3 c6 Bc4 Bc5 d3 h6
1454,1307,white,180+0,e4 e5 d4 exd4 Qxd4 Nc6 Qd1 Bc5 Bb5 d6
1406,1500,black,300+8,e3 Nf6 b3 e5 Bb2 Nc6 g3 d6 Bg2 Be7
1710,1709,white,300+5,d4 Nf6 Nf3 d5 e3 Bg4 Be2 e6 Nbd2 c6
1662,1766,white,60+1,d4 e6 c4 d5 e3 dxc4 Bxc4 Nf6 Nf3 Nd5
1857,1755,white,300+0,d4 Nf6 c4 g6 Nf3 Bg7 b3 O-O Bb2 b6
1334,1368,black,300+4,e3 e6 d4 d6 Nc3 c6 Nf3 Nf6 Bd3 h6
1348,1585,black,240+4,e3 d5 Nc3 c5 Bb5+ Nc6 a4 Nf6 Qf3 e6
1313,1658,black,300+3,d4 Nf6 Nf3 g6 Nc3 Bg7 e4 c6 h3 Qa5
1508,1253,black,180+3,e4 e5 d4 exd4 c3 dxc3 Bc4 cxb2 Bxb2 Nc6
1554,1716,black,480+0,e4 e5 Nf3 d6 d4 exd4 Nxd4 Nf6 Nc3 Nbd7
1513,1674,black,60+0,e4 e5 Bc4 Nc6 Nc3 Nf6 Nf3 Bb4 a3 Ba5
1540,1788,white,360+6,e4 e5 Nf3 Nc6 Bb5 Nge7 d4 exd4 Bxc6 Nxc6
1648,1511,white,300+0,e4 e5 Bc4 d6 Nc3 Nf6 d3 Be7 Nf3 O-O
1254,1297,black,300+0,e4 d6 d4 f6 Nc3 e5 d5 b6 Bb5+ Bd7
1708,1783,black,240+0,d4 Nf6 Nf3 e6 e3 Be7 Nc3 d5 Bd3 c5
1967,1491,white,180+0,e4 e5 Nf3 Nc6 Bb5 d6 d4 Bd7 O-O Nf6
1351,1404,white,720+3,d4 Nf6 c4 d5 Nf3 c6 e3 e6 Nc3 Bb4
1634,1399,white,300+8,d4 e6 Nf3 h6 c4 g5 h3 h5 Bxg5 f6
1698,1647,black,180+0,d4 d5 c4 c6 Nc3 Nf6 cxd5 cxd5 Bg5 Nbd7
1559,1832,black,360+6,e4 e5 Nf3 Nc6 Bb5 d6 Bxc6+ bxc6 O-O c5
1381,1804,black,720+8,Nf3 d5 d4 c5 c4 Bf5 dxc5 Nc6 cxd5 Nb4
1729,1631,white,240+1,d4 Nf6 c4 e6 Nf3 Bb4+ Nc3 c5 a3 Bxc3+
1684,1692,white,60+1,c4 g6 Nc3 Bg7 g3 e6 Bg2 Ne7 d3 O-O
1602,1568,white,480+8,d4 d5 c4 c6 c5 Nf6 Nf3 Nbd7 b4 b6
1363,1519,black,120+0,e4 e5 d4 exd4 Qxd4 Nc6 Qd1 Nf6 Be3 d6
1329,1380,white,540+5,e4 Nc6 Nf3 e5 Bb5 f5 d3 d5 exf5 Bxf5
1561,1679,black,420+10,e4 e5 Nf3 Nc6 d4 exd4 Nxd4 Nxd4 Qxd4 Nf6
1291,1313,black,180+3,e3 e5 c4 d6 Nc3 c6 d3 Nf6 a3 Be7
1774,1871,white,180+2,d4 d5 c4 c6 Nf3 Nf6 Bf4 e6 e3 Bd6
1841,1504,white,300+0,d4 d5 e3 e6 Bd3 Nf6 f4 c5 c3 cxd4
1453,1655,black,300+0,e4 e5 Nf3 Nc6 Bb5 Nge7 Nc3 a6 Ba4 b5
1501,1556,white,600+0,e4 e5 Nf3 Nc6 Bc4 Bc5 d4 exd4 Ng5 Qf6
1377,1341,black,420+0,e4 e5 Nf3 Nc6 Bc4 Nf6 Nc3 Bc5 Ng5 O-O
1438,1500,white,480+1,e4 e5 Nf3 f5 d4 Nc6 Nxe5 Nxe5 dxe5 fxe4
1679,2207,black,60+0,e4 b6 Nc3 Bb7 Nf3 e6 d4 Bb4 Bd2 Bxc3
2218,1800,white,180+0,e4 e6 d3 d5 Nd2 dxe4 dxe4 Nf6 Ngf3 Bb4
1969,1324,white,180+0,e4 e6 d4 d5 exd5 exd5 c4 Nf6 Nc3 Be6
1721,1649,black,300+0,e4 e5 Nf3 Nc6 b3 Nf6 Bb2 d6 Bb5 Bg4
1431,1787,black,300+20,e4 d5 e5 c5 d4 cxd4 Qxd4 Nc6 Qc3 e6
1316,1445,white,600+5,Nf3 b6 e4 Bb7 Nc3 f6 d4 d6 Bd3 e5
1520,1643,black,600+10,d4 d5 Bf4 Nc6 e3 Nf6 c4 dxc4 Bxc4 Ne4
1532,1626,white,300+3,e4 a6 Bc4 e6 Qf3 b5 Bb3 c5 e5 Nc6
1945,2010,white,180+0,c4 Nf6 g3 e6 Bg2 d5 d4 Be7 Nd2 O-O
1272,1281,black,480+5,d3 e5 e3 Nc6 e4 Nf6 Nf3 d6 Bg5 Be7
2206,1680,white,60+0,g3 e5 Bg2 d5 c4 dxc4 Nc3 Nc6 a4 Nf6
1514,1319,black,480+4,e4 c6 e5 d5 d4 Bf5 Nc3 e6 Nf3 Bb4
1762,1622,white,180+0,e4 g6 Nf3 Bg7 Bc4 a6 d4 e6 Bb3 b5
1678,1172,white,60+0,e4 e6 Nc3 d5 exd5 exd5 d4 Nc6 Nf3 Nf6
1723,1268,white,480+0,e4 e5 Nf3 Nc6 Bb5 f6 Bxc6 dxc6 d3 Ne7
1211,1490,black,240+2,e4 e5 Ne2 Nc6 Nbc3 Nf6 Nb5 Nxe4 c3 Nd6
1695,1679,white,60+0,c4 e5 Nc3 Nf6 g3 Nc6 Bg2 Bb4 d3 O-O
1484,1568,black,300+8,e4 e6 Bc4 c5 Nf3 Nc6 a3 Bd6 d3 Nf6
1547,1790,black,300+20,d4 d5 e4 dxe4 Nc3 Bf5 f3 Nf6 Bf4 c6
1826,1751,white,120+0,e4 e6 f4 d5 Nc3 d4 Nce2 c5 d3 Nc6
1410,1660,black,180+0,e4 e5 Bc4 Nc6 Nf3 Bc5 b4 Bxb4 c3 Bc5
1890,1969,black,540+0,Nf3 d5 c4 dxc4 Nc3 c6 a4 Bd7 e3 b5
1083,1324,black,60+5,d4 e6 d5 Nf6 e4 Nxe4 f3 Nf6 Bg5 exd5
1354,1217,white,120+0,e4 d5 e5 Bf5 d4 e6 Nc3 h6 Bd3 Bxd3
1482,1353,white,480+1,e4 e5 Nf3 Nc6 Bc4 Bc5 Nc3 Nf6 O-O O-O
1243,1660,black,300+0,e4 e5 d4 exd4 Qxd4 Nc6 Qd1 Bc5 Nc3 d6
1301,1852,black,180+2,e3 d5 c4 d4 b3 g6 Bb2 Bg7 Qf3 Nc6
1544,1378,black,300+4,d4 d5 c4 Nf6 c5 c6 Nc3 e6 e3 Be7
1737,1451,black,300+0,d4 Nf6 c4 e6 Bg5 c5 Nf3 cxd4 Nxd4 Qb6
1461,1328,black,180+0,e4 e6 d4 d5 exd5 exd5 Nc3 Nf6 Bb5+ Bd7
1663,1707,black,300+0,e4 e5 Nf3 Qf6 Nc3 c6 Bc4 Bc5 d3 h6
1430,1553,black,900+3,e4 e5 Nf3 Nf6 Nc3 Nc6 Bc4 Bb4 a3 Bxc3
1501,1241,white,300+0,e4 e5 Nf3 Nc6 d4 Nf6 d5 Nd4 Nxd4 exd4
1665,1377,white,180+0,e4 e5 Nf3 Nf6 Nxe5 Nxe4 Qe2 d5 f3 Qh4+
1705,1492,black,60+1,c4 d6 Nc3 Nf6 g3 e5 Bg2 Be6 d3 c5
1673,1449,white,60+0,e4 e5 Nc3 Nc6 Nf3 d6 Bb5 Bg4 d4 exd4
1845,1662,black,300+0,d4 g6 e4 e6 Nf3 d6 Bd3 Bg7 Be3 Nd7
1545,1494,draw,300+3,e4 e5 Bc4 d6 h3 Nf6 Nc3 Be6 Bxe6 fxe6
2044,1795,white,180+0,e4 c5 Nf3 Nc6 Bb5 g6 O-O Bg7 c3 e6
1455,1668,black,60+0,d4 d5 c4 Nf6 Nc3 dxc4 e4 e6 Bxc4 Bb4
1798,1998,white,180+0,e4 c5 Nf3 Nc6 d4 cxd4 Nxd4 g6 Nb3 Bg7
1299,1357,black,300+5,e3 e5 a3 e4 b4 f5 Bb2 Nf6 d3 d5
1343,1436,white,240+4,e4 c5 Bc4 e6 Qh5 Nf6 Qe5 Nc6 Qc3 Nxe4
1500,1661,black,300+3,d4 Nf6 Nf3 e6 Bf4 d5 e3 c5 c3 Nc6
1837,1543,white,480+0,e4 e5 Bc4 Nf6 Nc3 Bc5 h3 O-O Nge2 d5
1519,1410,white,300+10,d4 d5 Nc3 c6 a3 b6 Nf3 f6 h3 g5
1185,1678,black,60+0,Nf3 d5 e4 dxe4 Nh4 g5 d3 gxh4 dxe4 Qxd1+
1650,1512,black,600+10,e4 e6 Nf3 d5 e5 Ne7 d4 c5 c3 Nbc6
1789,1669,white,180+0,d4 d5 c4 c6 Nf3 Nf6 e3 Bg4 Be2 Nbd7
1445,1344,black,180+0,e4 e6 d4 d5 exd5 exd5 Nf3 Nf6 Bg5 h6
1363,1362,black,120+0,e4 e5 d4 Nc6 d5 Nd4 c3 c5 cxd4 cxd4
1603,1391,white,900+0,e4 e5 Nf3 Nc6 Bc4 d6 Nc3 Nd4 Nxd4 exd4
1477,1473,white,480+8,e4 e5 Nf3 d6 b3 Nf6 Nc3 Be7 Bb2 b5
1680,1172,white,60+0,e4 e6 Nc3 e5 Nf3 Nc6 Bc4 Nf6 O-O d6
1982,1816,white,180+0,e4 e6 Nf3 c6 d4 d5 e5 c5 c3 cxd4
1450,1702,white,420+7,e4 c5 Bc4 Nc6 c3 e6 d3 a6 a3 b5
1367,1816,black,720+3,d4 d5 c4 dxc4 e3 Nf6 Bxc4 e6 Nf3 Nc6
1725,2209,black,120+0,e4 b6 Nf3 Bb7 Bc4 e6 Nc3 Nf6 d3 d5
1515,1614,white,480+1,e4 c5 Nf3 e6 c3 Qc7 d4 cxd4 cxd4 a6
1161,1682,black,60+0,d4 d5 Nd2 Nf6 Ndf3 Nc6 Bd2 Bg4 Nh4 e6
1430,1359,white,180+0,e4 e6 d4 d5 exd5 exd5 Qe2+ Be6 Qb5+ c6
1515,1666,white,300+3,e4 e6 d4 d5 e5 c5 Nf3 Nc6 Bb5 Bd7
1653,1826,black,300+0,e4 e6 d4 d5 exd5 exd5 Nc3 Nf6 Bf4 Be7
1544,1517,black,300+3,e4 e5 Bc4 Nf6 Nc3 Be7 d3 Nc6 Nd5 O-O
1300,1236,black,60+10,e3 e5 g3 d5 Bg2 e4 d3 Nf6 dxe4 dxe4
1292,1260,black,480+5,e4 Nc6 Nc3 e5 Nf3 Nf6 d4 d6 Bc4 Be7
1505,1495,white,240+0,e4 e5 Nf3 Nc6 d4 exd4 Nxd4 Nxd4 Qxd4 Nf6
1667,1722,white,300+0,e4 c6 d4 d5 exd5 cxd5 c4 Nf6 Nc3 Bg4
1661,1797,white,180+0,e4 e5 Nf3 Nc6 Nc3 Bc5 Nxe5 Nxe5 d4 Bxd4
1370,1465,black,600+10,d4 e6 Nf3 c5 Nc3 d5 e4 c4 Qe2 Bb4
1723,2210,black,120+0,e4 b6 Nf3 Bb7 Nc3 e6 d4 Bb4 Bd3 Nf6
1534,1699,black,900+0,d4 d5 c4 dxc4 e3 Be6 Qa4+ Qd7 Qb4 Bd5
1539,1606,white,480+0,d4 d5 e4 dxe4 Nc3 Nf6 f3 exf3 Qxf3 c6
1691,1836,white,600+10,d4 d5 Nf3 Nf6 Bf4 e6 e3 Nc6 c3 Be7
1560,1725,black,120+0,e4 c5 Nf3 Nc6 Bc4 e6 d4 Nf6 d5 exd5
1693,1812,white,300+8,e4 d5 e5 Bf5 d4 e6 Nf3 c5 c3 Nc6
1544,1612,black,480+8,e4 e5 d3 Nc6 c4 Bb4+ Bd2 Bc5 Nf3 Nd4
1576,1475,white,300+8,d4 d5 Nf3 Nc6 Bf4 Bg4 e3 h6 c4 dxc4
1194,1683,black,60+0,d4 d6 e3 e6 c4 a6 c5 b6 cxb6 cxb6
1654,1711,white,120+2,c4 c6 Nc3 d5 e3 Nf6 d4 Bg4 Nge2 e6
1400,1402,white,300+10,e4 e5 Nf3 f6 d4 d5 exd5 Qxd5 Nc3 Qa5
1706,1776,black,180+0,e4 c5 Nf3 Nc6 d4 cxd4 Nxd4 g6 Nc3 Bg7
1725,1341,white,480+0,e4 e5 Nf3 Nc6 Bb5 Qf6 Nc3 Bc5 Bxc6 bxc6
1391,1437,white,120+1,d4 d5 c4 e6 c5 b6 cxb6 axb6 e3 c5
1547,1973,white,240+0,d4 d5 Bf4 Nf6 e3 e6 Bd3 Nc6 a3 Bd6
1439,1350,black,180+0,e4 e6 d4 d5 exd5 exd5 Qe2+ Be6 Nc3 Nf6
1190,1685,black,60+0,d4 d6 e3 e6 f3 a6 Nh3 b6 Nf4 h6
1803,1752,white,300+8,e4 e5 d4 exd4 c3 Nc6 cxd4 d6 Bb5 Ne7
1809,1988,black,180+0,e4 c5 Nf3 Nc6 d4 cxd4 Nxd4 g6 Nxc6 bxc6
1349,1283,black,120+0,e4 d5 e5 d4 c3 Nc6 Bb5 Bd7 Bxc6 Bxc6
1723,1362,white,300+2,e4 e5 Bc4 Nf6 Nc3 Bb4 d3 d5 exd5 Nxd5
1527,1608,black,900+0,d4 d5 c3 Nc6 c4 Bf5 Nf3 Nf6 Bf4 e6
1977,1882,white,540+0,d4 e6 c4 c6 Nf3 f5 e3 Nf6 Nbd2 g6
1556,1647,white,360+7,e4 e5 Nf3 d6 Bc4 h6 O-O Bg4 h3 Bh5
1425,1364,black,180+0,e4 e6 d4 d5 Nc3 Bb4 Ne2 c5 a3 Bxc3+
1781,1677,draw,180+0,d4 d5 c4 c6 Nf3 Nf6 g3 Bg4 Bg2 Nbd7
1994,1803,white,180+0,e4 e6 Nf3 c6 d4 d5 e5 c5 c3 cxd4
1289,1077,white,300+5,e3 d5 a3 e5 b4 e4 Bb2 f6 d3 h5
1484,1516,black,240+0,d4 d5 Nf3 e6 Nc3 Nf6 e4 dxe4 Nd2 Nc6
1650,1531,black,300+3,d4 d5 c4 Nf6 Nc3 dxc4 e3 e5 Nf3 exd4
1357,1280,black,240+4,e3 e6 Qf3 Nc6 d4 Nf6 Nh3 b6 Bb5 Bb7
1859,1566,white,240+0,d4 d5 c4 dxc4 e3 e6 Nf3 Be7 Nc3 Nf6
1923,1845,white,60+0,Nf3 c5 g3 Nc6 Bg2 d5 O-O e5 d3 Nf6
1458,1608,white,600+0,e4 e6 Nf3 d5 e5 c5 d4 cxd4 Qxd4 Nc6
1833,1140,white,300+0,d4 Nf6 e3 d5 Bd3 c5 c3 c4 Bc2 Nbd7
1585,1680,black,180+2,e4 e5 Nf3 Nc6 d4 exd4 Nxd4 Nge7 f3 Nxd4
1292,1393,black,300+4,e4 e5 Nf3 Nc6 Bc4 h6 d4 exd4 Nxd4 d6
1351,1333,black,120+0,d4 d5 e3 e6 Nf3 c5 b3 Nc6 Bb2 Bd6
1701,1703,black,300+0,e4 c5 Nf3 d6 d4 cxd4 Nxd4 Nf6 Nc3 a6
1600,1561,white,540+7,d4 d5 c4 c6 e3 Nf6 Nc3 Bg4 Nge2 e6
1412,1382,white,180+0,e4 c5 d4 cxd4 Qxd4 Nc6 Qd1 e5 Nc3 Nf6
1874,1985,white,540+0,Nf3 d5 c4 Nf6 cxd5 Nxd5 e4 Nf6 Nc3 b6
1532,1439,black,300+3,e4 e5 Bc4 d6 Nc3 c5 d4 Nc6 dxc5 dxc5
1836,1935,white,60+0,c4 Nf6 Nc3 d6 g3 Nbd7 Bg2 g6 d3 Bg7
1722,1748,draw,120+0,e4 c5 Nf3 a6 d4 cxd4 Nxd4 e6 Nc3 Nf6
1727,1245,white,480+0,e4 e5 Nf3 Qf6 Nc3 Bc5 d3 c6 Bg5 Qg6
1539,1316,white,180+0,e4 e5 Nf3 Qf6 Bc4 h6 Nc3 Bb4 Nd5 Qc6
1527,1474,white,240+0,e4 e5 Nf3 Nc6 d4 exd4 Nxd4 Ne5 Nf3 d6
1698,1811,black,180+0,e4 c5 Nf3 Nc6 d4 cxd4 Nxd4 g6 Nc3 Bg7
1251,1202,white,60+10,e4 Nc6 d4 d5 e5 Bf5 Nf3 f6 a3 fxe5
1916,1742,white,60+0,Nf3 e6 g3 d5 Bg2 c5 O-O Nc6 d3 Bd6
1681,1778,black,180+0,e4 e5 Nf3 Nc6 Nc3 Bc5 Nxe5 Nxe5 d4 Bxd4
1413,1795,black,300+20,e4 d5 f3 dxe4 fxe4 e5 Nf3 Bg4 Be2 Nf6
1865,2000,black,300+0,d4 d5 Nf3 e6 Bf4 Nf6 e3 Be7 Nbd2 O-O
1726,1139,white,300+5,e4 Nc6 Bc4 e5 Qh5 g6 Qf3 Nf6 c3 d5
1743,1722,white,120+0,e4 e5 Nf3 Nc6 Nc3 Nf6 d4 Bb4 a3 Bxc3+
1823,1824,black,600+10,e4 e5 Nf3 Nc6 Bc4 Bc5 b4 Bxb4 c3 Bc5
1492,1736,black,0+1,b3 e6 Bb2 d5 a3 c5 b4 Nc6 b5 c4
1593,1552,black,480+0,Nf3 d5 d4 e6 Bf4 c5 e3 cxd4 Nxd4 f6
1924,1607,white,120+0,Nf3 e6 g3 Nf6 Bg2 Be7 O-O O-O d3 c6
1689,1378,white,300+0,e4 e6 d4 d6 Nf3 c6 Nc3 h6 Be3 Nf6
1712,1790,black,120+0,e4 c5 Nf3 d6 d4 cxd4 Nxd4 Nc6 Bb5 Bd7
1741,1487,white,0+1,e4 b6 Nf3 c6 d3 Bb7 Be2 a6 c3 b5
1342,1484,black,240+4,e3 e6 b3 Qf6 Nc3 Bb4 Bb2 Bxc3 Bxc3 Qe7
1469,1274,white,420+7,e4 e6 Bc4 d6 Qf3 Qe7 Ne2 Bd7 O-O Bc6
1466,1585,draw,300+8,e4 e6 d4 c5 dxc5 Bxc5 Nc3 Nc6 a3 Qb6
1422,1243,white,180+0,e4 e5 d4 Nc6 dxe5 Nxe5 Nf3 f6 Nxe5 fxe5
1706,1694,white,780+0,e4 e5 c4 Bc5 Nf3 Qf6 d3 d6 Bg5 Qg6
1571,1610,white,360+7,e4 c5 Nf3 Nc6 Bb5 e6 O-O a6 Bxc6 bxc6
1761,1672,black,180+0,e4 e5 c4 Nc6 Nf3 Bc5 a3 d6 b4 Bb6
1474,1545,black,600+10,e4 e6 Bc4 d5 exd5 exd5 Bb3 Nc6 h3 Bc5
1483,1745,black,0+1,b3 e6 Bb2 d5 a3 Nc6 Bxg7 Bd7 Bxh8 Nge7
1544,1838,white,180+0,e4 c5 c4 Nc6 Nf3 g6 d3 Bg7 Be2 Nf6
1786,1635,white,300+3,d4 Nf6 c4 e6 Nc3 Bb4 a3 Bxc3+ bxc3 c5
1070,1137,black,60+5,d4 e5 e3 exd4 exd4 Qe7+ Qe2 d6 Qxe7+ Bxe7
1729,1870,black,480+0,e4 e6 Nf3 Nf6 e5 Nd5 d4 d6 c3 dxe5
1295,1599,black,300+5,e3 d5 a3 c5 d4 e6 dxc5 Bxc5 b4 Be7
1428,1540,black,180+0,e4 Nc6 d4 e6 Bf4 d5 exd5 Qxd5 Nf3 Qe4+
1749,1479,black,0+1,e4 g6 Nf3 Bg7 d4 h5 c3 h4 e5 h3
2007,1858,white,300+0,e4 d5 exd5 Qxd5 d4 Nf6 Nc3 Qd8 Nf3 e6
1475,1500,white,600+0,e4 e6 Nf3 Nf6 e5 Nd5 c4 Nb6 d3 c5
1688,1465,black,300+0,e4 e5 Bc4 Nc6 Nc3 a6 d3 b5 Bb3 Na5
1058,1160,white,60+5,d4 e5 dxe5 Qe7 f4 d6 e3 dxe5 f5 Nc6
1420,1356,black,180+0,e4 b6 d4 c6 Bc4 b5 Bb3 Bb7 Bf4 a5
1352,1730,white,0+1,e4 e6 d3 d5 Nd2 dxe4 dxe4 Nf6 Ngf3 Bb4
1824,1703,black,120+0,e4 e5 Nf3 Nc6 d4 Nf6 dxe5 Ng4 Bf4 Bc5
1747,1687,white,180+0,d4 d5 c4 c6 e3 Nf6 cxd5 cxd5 Nc3 e6
1304,1662,white,720+8,d4 Nf6 Nc3 d5 Nf3 e6 Ne5 Nbd7 e3 Nxe5
1635,1392,white,360+0,d4 d5 Bg5 f6 Bh4 Nc6 e3 Nh6 Bd3 Nf5
1556,1928,black,120+0,d4 Nf6 Nc3 d6 e4 Nbd7 Nf3 e5 dxe5 dxe5
1518,1454,black,300+3,e4 e5 Bc4 d6 b3 c5 Bb2 Nc6 c3 Be6
1667,1560,black,120+2,c4 c5 Nc3 Nc6 g3 Nf6 e3 e6 Bg2 d5
1727,1282,white,300+5,e4 g6 Bc4 e6 d4 Bg7 c3 Nf6 Bg5 O-O
1163,1261,white,300+0,d4 d5 c4 Nc6 c5 e5 e3 e4 Bb5 a6
1456,1218,black,300+0,g3 d5 Bg2 e6 c4 c6 Nc3 Nf6 cxd5 cxd5
1582,1419,white,900+15,e4 d5 exd5 Qxd5 Nc3 Qg5 Nf3 Qg6 d3 Nc6
1670,1308,white,300+0,e4 d5 exd5 Qxd5 Nc3 Qe5+ Be2 Qg5 Bf3 g6
1718,1771,black,120+0,e4 c5 Nf3 Nc6 d4 cxd4 Nxd4 a6 Nc3 e6
1563,1335,black,180+0,e4 e6 Nf3 d5 d3 dxe4 Ne5 exd3 Nxd3 Nc6
1583,1797,black,300+20,e4 d5 Nf3 dxe4 Ng5 Nf6 Bc4 e6 Nc3 Nbd7
1610,1491,black,540+7,e4 e5 Bc4 Nf6 Nh3 d5 exd5 Nxd5 Nc3 c6
1446,1344,draw,900+0,e4 e5 Nf3 d6 c3 Nf6 d4 Nxe4 dxe5 Bg4
1717,1787,white,300+0,e4 c5 Nf3 Nc6 b3 d6 Bb2 e5 Bb5 Nf6
1876,1721,white,480+0,e4 e5 Nf3 d6 Bb5+ Bd7 Nc3 a6 Ba4 Bxa4
1537,1426,white,120+0,e3 e5 e4 Nf6 d3 Nc6 c4 Be7 Nc3 d6
1076,1126,white,60+5,d4 d5 e3 Bf5 f3 c6 Bd3 Bxd3 Qxd3 Qd6
1543,1932,black,120+0,d4 Nf6 Nc3 d6 Nf3 Nbd7 Bg5 e5 d5 Be7
1437,1305,white,300+0,c4 d5 cxd5 Qxd5 Nc3 Qc6 e4 a6 b4 e6
1833,1514,white,900+0,d4 d5 Nf3 c6 Bf4 e6 e3 Nf6 Bd3 Nbd7
1673,1245,white,300+0,e4 e5 Bc4 Nf6 Nc3 c6 d3 b5 Bb3 Bb4
1483,1841,white,600+0,e3 e5 h3 d5 Nf3 e4 Nd4 c5 Ne2 f5
1802,1708,white,120+0,e4 e5 Nf3 Nc6 d4 Nf6 dxe5 Ng4 Bf4 Qe7
1407,1277,white,180+0,e4 e5 d4 d6 dxe5 Qh4 Nc3 dxe5 Nf3 Qg4
1851,1796,black,300+0,d4 c5 Nf3 cxd4 Nxd4 g6 b3 Nc6 Bb2 Nxd4
1867,1545,white,300+3,Nf3 d5 d4 e6 c4 c5 cxd5 exd5 e3 cxd4
1354,1628,black,300+3,e3 e5 d4 Nc6 d5 Nb4 c3 Na6 Bc4 d6
1482,1664,black,300+0,d4 Nf6 Nc3 d5 Nf3 e6 Bg5 Be7 Ne5 O-O
1608,1291,black,300+5,f4 e6 Nf3 h6 e3 a6 Be2 b5 b3 Bb7
1700,1827,black,120+0,e4 c5 Nf3 d6 d4 cxd4 Qxd4 e5 Qd3 Nf6
1595,1617,white,900+0,e4 e5 Bc4 Nf6 Nh3 d5 exd5 Nxd5 Qf3 c6
1634,1727,white,300+0,e4 e5 Nf3 Qf6 Bc4 Bc5 O-O d6 c3 Bg4
1653,1669,black,120+2,c4 c6 Nc3 d5 cxd5 cxd5 d4 Nf6 g3 Bf5
1497,1540,white,0+1,b3 e6 Bb2 Nf6 a3 g6 b4 Bg7 g4 O-O
1714,1793,black,300+5,e4 e5 Nf3 Nc6 Bb5 Nge7 O-O g6 c3 Bg7
1385,1847,black,600+5,d4 Nf6 Nc3 d5 Bg5 e6 e3 c5 f4 cxd4
1498,1492,black,60+1,e4 c5 c3 d6 d4 cxd4 cxd4 Nf6 Nc3 g6
1528,1510,white,0+1,e3 b6 d4 Bb7 e4 a6 Nc3 b5 Bd3 b4
1413,1206,white,180+0,e4 Nf6 e5 Ng4 Qxg4 e6 d4 f5 Qd1 d5
1297,1185,black,300+0,d4 d5 c4 c6 cxd5 cxd5 Qa4+ Nc6 Qb3 Bf5
1835,1784,white,600+10,e4 e5 Nf3 Nc6 Bc4 Bc5 c3 Nf6 d4 exd4
1499,1538,black,0+1,b3 e5 Bb2 Nc6 Bc3 Nf6 Bb2 Bc5 g3 a6
2013,1840,white,180+0,e4 e6 Nf3 d5 exd5 exd5 d4 Nf6 Nc3 Bb4
1505,1487,black,60+1,e4 c5 Nf3 e6 d4 d5 e5 cxd4 Nxd4 Nc6
1847,1693,black,120+0,e4 e5 Nf3 Nc6 Bb5 Nf6 O-O Bc5 Nxe5 Nxe5
1349,1098,white,240+4,e3 e5 d4 exd4 Qxd4 Bd6 Bc4 Qh4 Qxg7 Bxh2
1506,1465,white,300+3,e4 e5 Bc4 Bc5 Nf3 Nc6 Bb5 Nge7 Bxc6 Nxc6
1836,1650,black,0+1,e4 c5 d4 Nc6 dxc5 e6 Nf3 a6 Nc3 Bxc5
1470,1523,black,240+1,e4 e5 Bc4 Nc6 Qh5 Qf6 Nc3 Bc5 Nf3 d6
1581,1470,white,300+8,d4 d5 Nf3 e6 Bf4 h6 e3 a6 c4 Bb4+
1675,1207,white,300+0,e4 e5 Bc4 Nf6 Nc3 Nc6 d3 Bb4 Bd2 h6
1383,1483,white,600+5,d4 Nf6 f3 d5 Nc3 Nc6 e4 Be6 e5 Nd7
1935,1186,white,120+0,c4 e5 Nc3 f6 g3 Ne7 Bg2 Nf5 Nf3 d6
1511,1607,black,540+7,d4 d5 c4 dxc4 e4 b5 a4 c6 axb5 cxb5
1246,1445,black,300+0,e4 d6 d4 Nf6 Nc3 g6 Bg5 Bg7 Nf3 h6
1324,1642,white,720+8,e4 e5 Nf3 Nf6 Nc3 Nc6 Bb5
1498,1492,white,60+1,e4 c5 c3 d6 d4 cxd4 cxd4 Nf6 Bd3 g6
1634,1715,black,780+0,e4 e5 Bc4 Bc5 Qf3 Qe7 Nc3 c6 d3 h6
1174,1349,white,360+0,d4 d5 e3 Nf6 f3 e6 Nh3 Nc6 Bd3 e5
1834,2019,white,180+0,d4 d5 c4 e6 cxd5 exd5 Nc3 Nf6 Bg5 Be7
1604,1476,white,120+2,e4 e5 Nf3 Nc6 Bc4 d6 h3 Be6 Bxe6 fxe6
1716,1755,black,300+0,e4 c5 b3 Nc6 Nf3 d6 d4 cxd4 Nxd4 e5
1708,1806,white,120+0,e4 e5 Nf3 Nc6 Bc4 Bc5 O-O Nf6 Nc3 O-O
1542,1853,black,180+2,d4 c5 c3 cxd4 cxd4 d5 e4 dxe4 Nc3 Nf6
1419,1530,black,180+0,e4 e5 d4 exd4 Qxd4 Nc6 Qe3 d6 Bb5 Bd7
1820,2212,black,0+1,e4 b6 d4 Bb7 Bd3 e6 Nc3 Nf6 Be3 Bb4
1754,1848,draw,600+3,e4 e5 Nf3 Nc6 Bc4 Nf6 Nc3 Bc5 d4 exd4
1389,1458,white,300+3,d4 d5 Nf3 Bf5 Bf4 e6 e3 a6 c4 Nc6
1839,1740,white,300+0,d4 Nf6 c4 g6 b3 Bg7 Bb2 O-O d5 e6
1682,1537,white,240+0,d4 d5 Nf3 Nc6 Bf4 Bg4 e3 Qd7 a3 O-O-O
2215,1818,white,0+1,e4 e6 d4 d5 e5 c5 c3 Qb6 f4 cxd4
1714,1883,black,480+0,e4 e6 Nf3 d5 e5 c5 c3 Nc6 Bb5 Qb6
1464,1382,white,600+10,e4 e6 e5 d5 d4 c5 c3 Nc6 Nf3 Qb6
1366,1429,black,360+0,e4 e5 Nf3 Nc6 Bb5 Nge7 O-O a6 Ba4 b5
1706,1972,black,300+5,e4 g6 d4 Bg7 Nf3 d6 Bc4 e6 Nc3 a6
1515,1610,black,300+3,e4 e5 Bc4 d6 Nc3 c6 Qh5 g6 Qf3 Qf6
1344,1693,black,720+8,d4 g6 Nc3 Bg7 d5 d6 e4 e5 Nf3 Nh6
1815,2218,black,0+1,e4 b6 d4 Bb7 Bd3 e6 a3 Nf6 Nc3 Be7
1729,1612,white,300+5,e4 a6 Bc4 e6 d4 c5 d5 b5 Be2 d6
1642,1665,white,120+2,c4 e5 Nc3 f5 d3 Nf6 g3 Bb4 Bg2 O-O
1088,1500,black,240+3,e4 d5 Nf3 dxe4 Ng1 Nf6 Qe2 Nc6 f3 exf3
2221,1813,white,0+1,e4 e6 d4 d5 e5 c5 c3 Qb6 f4 cxd4
1847,1797,white,300+0,d4 e6 c4 d5 e3 dxc4 Bxc4 Bb4+ Bd2 Qd6
1771,1722,black,120+0,d4 d5 c4 Nc6 cxd5 Qxd5 Nc3 Qxd4 Bd2 Bf5
1538,1775,black,180+0,d4 d5 Nf3 g6 e3 Bg7 Bd3 e6 c3 Nd7
2003,1850,black,180+0,e4 e6 Nf3 d5 e5 c5 c3 Qb6 Qb3 Nc6
1310,1481,black,300+0,d4 d5 h3 Nf6 Nc3 e6 e3 c5 Bb5+ Nc6
1411,1469,black,180+0,e4 e5 d4 exd4 Qxd4 Nc6 Qe3 Nf6 Nc3 Be7
1543,1492,white,900+0,e4 e5 f4 Nc6 Nf3 d6 d3 Bg4 Nc3 Nf6
1324,1857,black,180+2,e4 c5 Bc4 Nc6 c3 a6 d3 b5 Bb3 Bb7
1533,1461,white,240+1,e4 e5 f4 exf4 Nf3 d6 d4 Bg4 Bxf4 Qf6
1548,1620,white,240+3,e4 b6 d4 Bb7 Bd3 Nf6 Nc3 e6 e5 Bxg2
1389,1378,white,900+0,e4 e5 Nf3 c5 c3 Nc6 d4 exd4 cxd4 Qe7
1612,1565,black,1800+0,e4 e5 Nf3 Nf6 Nxe5 d6 Nf3 Nxe4 Qe2 Qe7
1822,1707,white,300+0,e4 e5 Nf3 Qf6 Nc3 c6 h3 h6 Bc4 Bc5
1735,1742,black,120+0,e4 a6 Nf3 e6 d4 b5 Nc3 Bb7 d5 exd5
1530,1690,white,240+0,d4 d5 Nc3 Nf6 Nf3 Bf5 e3 e6 Qe2 a6
1480,1719,black,60+0,e4 d6 d4 g6 c4 Bg7 f4 Nd7 Nf3 Ngf6
1478,1488,white,300+0,d4 d5 Nc3 Nf6 Nf3 Bf5 e3 h6 Bd3 Bxd3
1619,1632,white,60+2,d4 e6 e3 f5 c4 Nf6 c5 d6 Bd3 dxc5
1401,1346,black,180+0,e4 c5 d4 cxd4 Qxd4 Nc6 Qd1 e5 Nf3 d6
1506,1312,white,300+8,e4 e6 d4 Nc6 d5 exd5 exd5 Na5 Bd2 b6
1787,1856,white,300+0,e4 d5 exd5 Qxd5 d4 Nf6 Nf3 e6 c4 Qd8
1452,1541,black,240+1,e4 b6 Bc4 Bb7 Qh5 e6 Nc3 Nf6 Qf3 Be7
1732,1632,white,300+3,e4 e6 d4 d5 exd5 exd5 Nf3 Bd6 Bd3 Nf6
1935,1724,black,120+0,c4 e5 g3 c6 d4 Nf6 dxe5 Ng8 Bg2 Bc5
1542,1475,white,720+0,e4 e5 Nf3 Bc5 Nxe5 Qe7 d4 Bd6 Nc3 Bxe5
1866,1987,white,180+0,d4 d5 c4 e6 cxd5 exd5 Nc3 Nf6 Bg5 Be7
1859,1611,black,180+2,e4 f6 Bc4 e6 d4 b6 e5 d5 Bd3 Ba6
1976,1702,white,300+5,g3 e5 Bg2 d5 d3 Nf6 a3 Be7 h3 O-O
1354,1303,black,240+4,e4 e5 d4 exd4 Qxd4 Nc6 Qd3 Nf6 Bg5 Be7
1766,1724,white,120+0,c4 d5 cxd5 Qxd5 Nc3 Qd8 e3 Nc6 Nf3 e5
1790,1802,white,180+0,e4 e5 f4 Qh4+ g3 Qe7 Nc3 exf4 Nf3 fxg3
1687,1461,white,600+0,e4 e5 Nf3 d6 Bc4 h6 d3
1507,1791,black,300+3,e4 e5 Bc4 Bc5 Qh5 Qe7 Nf3 d6 Ng5 Nh6
1476,1490,black,300+0,e4 e5 Nf3 Nc6 Bc4 h6 O-O Nf6 d3 d6
1973,2049,white,180+0,e4 b6 d4 Bb7 Nc3 e6 Bd3 Bb4 Nf3 Nf6
1970,1574,white,180+0,e4 c5 Nf3 e6 d4 d5 exd5 Qxd5 Nc3 Qd7
1824,1871,black,300+3,Nf3 d5 e3 c5 Be2 e6 c3 Nf6 d4 Nc6
1707,1563,white,480+0,e4 e6 Nf3 d5 e5 f6 exf6 Nxf6 d4 Nbd7
1366,1451,black,300+0,e4 e5 Nf3 d6 Bc4 Be6 d3 Bxc4 dxc4 Nc6
1389,1440,black,180+0,e4 e5 d4 exd4 Qxd4 Nc6 Qd1 Bc5 Bb5 d6
1363,1408,black,900+15,c4 d5 d3 d4 e4 e5 Nf3 Nc6 Qa4 Nf6
1475,1622,black,60+2,d4 e6 c4 f5 Nc3 Nf6 f3 Bb4 Bg5 O-O
1355,1692,white,600+0,e3 e5 b3 d5 Nc3 Bc5 a4 f5 d4 exd4
1606,1527,black,360+6,e4 e5 Nf3 Nf6 Nc3 Nc6 Bc4 a6 Ng5 Qe7
1845,1387,white,180+2,e4 c5 Nf3 Nc6 d4 cxd4 Nxd4 e6 Be3 Nf6
1207,1803,black,300+20,d4 d5 c3 e6 h4 Nf6 f3 Bd6 Bg5 Bg3+
1517,1487,black,480+8,e4 e6 Qh5 g6 Qe5 f6 Qf4 Bh6 Qg4 Nc6
2089,1509,white,60+0,d4 d5 Nf3 c6 Bf4 Nf6 e3 Bf5 Bd3 Bxd3
1834,1973,draw,180+2,e4 c5 Nf3 Nc6 d4 cxd4 Nxd4 g6 c4 Bg7
1683,1844,black,600+10,e4 e5 Nf3 Nc6 d4 exd4 Nxd4 Nf6 Nxc6 bxc6
1374,1740,black,0+1,e4 d6 d3 g6 Nd2 Bg7 Ngf3 Nd7 g3 e6
1629,1468,black,60+2,e4 c5 f4 d6 Nf3 Nf6 e5 dxe5 fxe5 Nd5
2004,1823,white,180+0,c4 e5 g3 c5 Bg2 Nc6 Nc3 d6 d3 Be6
1550,1443,black,240+1,e4 e5 f4 exf4 Nf3 Nf6 e5 Ne4 d4 c5
1381,1418,white,180+0,e4 e6 d4 d5 exd5 exd5 Nc3 c6 Nf3 h6
1508,2094,black,60+0,e4 d5 exd5 Qxd5 d4 Qd8 c3 Nf6 Bd3 Bg4
1630,1845,black,360+5,d4 Nf6 h3 g6 Nf3 Bg7 c3 d6 a3 O-O
1714,1616,black,480+0,e4 c5 Nf3 e6 Bb5 a6 Bc4 b5 Be2 Bb7
1371,1743,black,0+1,e4 b6 d3 Bb7 Nd2 e6 Ngf3 d5 g3 dxe4
1248,1512,draw,300+8,d4 c5 dxc5 e5 e4 Bxc5 Bd3 Qh4 g3 Qf6
1626,1599,black,60+0,e4 e6 d4 d5 exd5 exd5 c4 dxc4 Nc3 Nf6
1485,1613,white,60+2,d4 f6 c4 g5 Nc3 d6 e4 h5 Be2 e5
1393,1531,black,180+0,e4 e6 d4 d5 exd5 exd5 Nc3 Nf6 Bg5 Bd6
1458,1535,white,240+1,e4 b6 Bc4 Bb7 Nc3 e6 d3 h6 Be3 Nf6
1708,1804,black,300+20,e4 d5 exd5 Qxd5 Nc3 Qa5 Bc4 e6 Nf3 Nf6
1639,1546,white,300+3,d4 d5 Nf3 Nf6 c4 dxc4 Nc3 Bf5 e4 Bg4
1843,1794,white,300+0,d4 d5 Nf3 Nf6 Bf4 Bf5 e3 Nc6 Bd3 Bg6
1597,1501,black,60+2,e4 c5 f4 d6 Nf3 Nf6 e5 Nfd7 d4 cxd4
1614,1745,white,60+0,e4 d6 d4 g6 c4 Bg7 Nc3 Nd7 Nf3 e6
1292,1284,black,900+0,e4 e5 Nf3 Nc6 Nc3 Nd4 Nxe5 d6 Nf3 Bg4
1551,1559,black,720+0,e4 e6 Nf3 d5 e5 c6 d4 h6 Be2 a5
1341,1461,black,720+8,d4 e6 e4 Be7 Bc4 b6 Nf3 Bb7 O-O Bxe4
1503,1405,black,300+3,e4 e5 Bc4 c6 Nc3 b5 Bb3 a5 a3 Nf6
1912,1500,white,120+0,c4 e5 g3 d6 Bg2 Nf6 Nc3 Be7 e4 O-O
1693,1465,black,300+0,e4 e5 Nf3 Nc6 Bc4 h6 Nc3 Nf6 d3 Bc5
1491,1412,white,600+10,e4 e5 Nc3 Bb4 Na4 c6 c3 d5 cxb4
1807,1848,white,180+0,e4 c5 Nc3 e6 g3 d5 exd5 exd5 d4 Be6
1730,1629,black,60+0,e4 c5 d3 g6 f4 Bg7 Nf3 Nc6 Be2 Nf6
1629,1730,white,60+0,e4 b6 d4 Bb7 d5 Nc6 c4 Ne5 Nc3 Ng6
1386,1382,white,180+0,e4 c5 d4 cxd4 Qxd4 Nc6 Qd1 e5 Nf3 d6
1332,1228,white,180+0,e4 e5 Nf3 Nf6 Nc3 Nc6 Bb5 Bc5 Bxc6 dxc6
1354,1840,white,180+2,e4 c5 Nf3 d6 d4 cxd4 Nxd4 Nf6 Nc3 g6
1881,1815,black,300+3,Nf3 Nf6 d4 e6 c4 Be7 Nc3 O-O e4 c6
1290,1600,black,900+0,e4 c5 Bc4 Nc6 Qf3 Nf6 Nc3 Nd4 Qd3 d6
1995,1809,white,420+0,d4 c5 e3 cxd4 exd4 d5 f4 Nc6 c3 Bf5
1535,1593,white,300+8,d4 e6 c4 d5 e3 c5 Nf3 Nc6 Nc3 Nf6
1991,1605,white,180+0,e4 a6 Nf3 b5 d4 Bb7 Bd3 e6 O-O Nf6
1368,2098,black,0+1,e4 d5 d3 dxe4 d4 Bf5 Nd2 e6 f3 exf3
1716,1643,black,60+0,e4 c5 d3 g6 f4 Bg7 Nf3 Nf6 g3 O-O
1592,1500,black,900+15,e4 c6 d4 d5 exd5 cxd5 Be2 Bf5 Nf3 h6
1522,1471,white,240+1,e4 e5 Nc3 Bc5 d3 Nc6 Be3 Nd4 Qd2 d6
1396,1495,white,240+1,d4 d5 e3 c6 h3 Nf6 c3 e6 a4 Be7
1462,1500,black,300+8,e4 c5 c4 e5 d3 Nc6 Nf3 Nf6 Bg5 Be7
1499,1404,white,600+10,e4 e5 Nc3 Nf6 f3 Bb4 Na4 b5 Bxb5 c6
1657,1702,white,60+0,e4 d5 exd5 Qxd5 Nc3 Qd8 Nf3 Nf6 Bc4 h6
1616,1780,black,300+0,d4 Nf6 Nc3 g6 e4 d6 Bd3 Bg7 Be3 O-O
1785,1852,black,300+0,d4 d5 c4 Nf6 Nc3 e6 Bg5 Be7 e3 b6
1863,1675,white,180+2,e4 e5 Nf3 Nc6 Bc4 d6 d4 exd4 Nxd4 Be7
1819,1828,black,180+0,e4 c5 Nc3 e5 g3 Nf6 d3 d5 exd5 Nxd5
1589,1541,white,360+6,e4 e5 Nf3 Nc6 Bc4 a6 d3 Nd4 Ng5 Nh6
1340,1410,black,240+4,Nc3 Nc6 a4 e5 e4 Bc5 Qf3 Qf6 Nd5 Qxf3
1534,1700,black,300+0,e4 e5 Nf3 Nc6 Bb5 a6 Bxc6 dxc6 d3 Bd6
1630,1671,draw,600+0,d4 d5 c4 Nf6 cxd5 Nxd5 e4 Nf6 Nc3 Bg4
1538,1647,black,300+3,e4 g6 d4 Bg7 Nc3 d6 Nf3 Nh6 Bxh6 Bxh6
1640,1530,white,300+3,f4 e6 Nf3 d5 d4 Bd6 e3 c5 c3 cxd4
1994,2034,black,180+0,e4 b6 d4 Bb7 Nc3 e6 Nf3 Bb4 Bd3 Nf6
1397,1150,white,180+0,e4 e5 d4 Qf6 dxe5 Qh4 Nc3 Bc5 g3 Qe7
1368,1500,white,60+0,e4 d6 d3 c5 Nd2 b6 Ngf3 a5 g3 Bb7
1112,1448,black,420+0,e4 d5 f3 dxe4 fxe4 Nf6 d3 Nc6 Nc3 e6
1470,1069,white,420+0,e4 e5 Nf3 Nc6 d3 Nf6 Nc3 Be7 h3 O-O
1420,1546,black,240+0,e4 e5 d4 exd4 c3 dxc3 Nxc3 d6 Bc4 Nf6
1885,1916,black,120+0,d4 Nf6 Nf3 e6 c4 Bb4+ Nc3 b6 Qc2 Bb7
1617,1468,white,360+8,e4 c5 Bc4 e6 d3 a6 Nf3 Nc6 O-O d5
1562,1565,black,120+0,c4 c5 b3 Nc6 e3 d6 Bb2 Nf6 Nf3 g6
1809,1845,black,180+0,e4 e5 Nc3 Nc6 Nf3 Nf6 d4 exd4 Nxd4 Bb4
1462,1531,white,240+1,e4 e5 Bc4 d6 Qh5 Be6 Bxe6 Qf6 Bg4 Nd7
1577,1685,white,480+0,e4 e5 Nf3 d6 Bc4 Be6 Bxe6 fxe6 Nc3 c6
1706,1528,black,300+0,e4 e5 f4 exf4 Nf3 Nc6 d4 Be7 Bxf4 Nh6
1410,1556,white,240+1,d3 e6 e4 d5 f3 c5 h4 Nc6 h5 h6
1670,1869,black,180+2,e4 c5 Nf3 Nc6 Bc4 e6 Nc3 Nge7 d3 g6
1786,1240,white,420+0,e4 e5 Nf3 Nc6 Bc4 Nf6 d3 d5 exd5 Nxd5
1610,1375,black,300+0,d4 d5 Nc3 e6 Nf3 a6 e4 dxe4 Nxe4 f5
1657,1454,white,300+8,e4 e5 Nf3 d6 d4 exd4 Nxd4 h6 Nc3 Nf6
1686,1553,black,120+0,e4 c5 d4 cxd4 c3 dxc3 Nxc3 Nc6 Nf3 e6
1465,1314,white,420+7,e4 e6 Qf3 Nf6 d3 d5 e5 Nfd7 Nh3 Nxe5
1699,1500,white,300+0,e4 c6 b3 d5 exd5 cxd5 Nc3 Nf6 Bb2 Bf5
1404,1522,white,0+6,e4 e5 Nf3 Nc6 Bc4 Bc5 b4 Bb6 O-O Nxb4
1507,1540,white,720+0,d4 d5 a4 Nc6 e3 e6 c3 Nf6 Nf3 Be7
1379,1550,black,60+0,e4 a6 d3 b5 Nd2 Bb7 Ngf3 e6 g3 c5
1861,1803,white,300+0,d4 c5 Nf3 cxd4 Nxd4 g6 b3 Nc6 Bb2 Nxd4
1850,1676,white,600+10,e4 c5 c3 Nc6 d4 cxd4 cxd4 e6 Nf3 Bb4+
1851,1914,black,600+3,e4 e5 Nf3 Nc6 Bb5 Nf6 O-O Bc5 Bxc6 dxc6
1334,1630,black,540+7,d4 d5 Bf4 h6 Nc3 e6 Nb5 Na6 Nxc7+ Nxc7
1827,1867,black,300+3,e4 c5 Nf3 d6 c4 Nc6 d4 cxd4 Nxd4 Nf6
1331,1370,white,240+4,e3 c5 d4 cxd4 Qxd4 Nf6 Nc3 Nc6 Qd3 Ne5
1372,1556,white,0+1,e4 b5 d3 a6 Nd2 Bb7 Ngf3 e6 g3 c5
1699,1547,white,480+0,e4 c5 Nf3 Nc6 Bb5 Qc7 Nc3 a6 Be2 e6
1875,1664,white,180+2,e4 e5 Nf3 Nc6 Bc4 d6 d4 exd4 Nxd4 Nf6
2223,1929,white,120+0,e4 e6 d4 d5 e5 c5 c3 Qb6 f4 Nc6
1408,1459,black,360+0,Nf3 Nc6 Nc3 e5 e4 Bc5 d3 h6 Be3 Bxe3
1796,1203,white,300+8,Nf3 a5 h4 Ra6 Rh3 Rb6 Rg3 Nc6 Nc3 Nh6
1375,1730,black,300+8,e3 c5 d3 Nc6 d4 cxd4 exd4 d6 d5 Ne5
1374,1473,white,600+10,e4 e6 f4 c5 Nf3 f6 d4 Nc6 Be3 Qb6
1372,1500,white,1200+10,e4 e5 Nf3 Nc6 Bc4 Nf6 Ng5 d5 Nxf7 Kxf7
1518,1475,white,240+1,e4 e5 f4 exf4 Nf3 Nc6 d4 d6 Bxf4 Bg4
1533,1424,draw,240+1,d4 e6 e4 d5 e5 c6 Nf3 a6 Bd3 h6
1659,1628,white,180+0,e4 e5 Nf3 f5 Nc3 fxe4 Nxe4 Nf6 Nxf6+ Qxf6
1870,1867,black,300+0,d4 d5 Nf3 c6 Bf4 Nd7 e3 Ndf6 c4 Bg4
1623,1405,white,360+8,e4 e5 Bc4 Nf6 d3 Bc5 Nc3 c6 a3 b5
1401,1453,black,180+0,e4 e5 d4 exd4 Qxd4 Nc6 Qd1 a6 Bc4 h6
1064,1787,black,420+0,b3 e5 e4 Nf6 Nf3 Nxe4 Nxe5 Qe7 Qh5 d6
1489,1812,black,300+3,e4 e5 Bc4 Nf6 Nf3 d6 d3 Nc6 Bg5 Be7
1551,1452,black,420+4,d4 d5 c4 Nf6 cxd5 Nxd5 Nc3 Nxc3 bxc3 e6
1475,1107,white,420+0,e4 e5 Nf3 Nf6 Nc3 Nc6 d3 Nd4 Nxd4 exd4
1881,1587,white,180+2,e4 e5 Nf3 d6 d4 exd4 Nxd4 Nf6 Nc3 Be7
1381,1443,black,1200+10,e4 e5 Nf3 Nc6 Bc4 d5 Bxd5 Nf6 Bxc6+ bxc6
1239,1451,white,420+0,e4 d5 exd5 Qxd5 Nc3 Qa5 Nf3 Bg4 Be2 Bxf3
1925,1508,white,120+0,c4 c5 g3 d6 Bg2 Nf6 Nc3 Nc6 e4 e6
1618,1669,white,180+0,e4 e5 Nf3 Nc6 c3 d6 d4 exd4 cxd4 Bg4
1392,1490,black,180+0,e4 e5 d4 exd4 Qxd4 Nc6 Qd1 a6 Nc3 h6
1486,1838,white,300+3,e4 e5 Nc3 Nf6 d3 Nc6 a3 d5 exd5 Nxd5
1500,1897,black,60+1,e4 c6 d4 d5 Nc3 dxe4 Nxe4 Nf6 Nxf6+ exf6
1427,1927,black,120+0,e4 e6 d3 d5 c3 dxe4 dxe4 Qxd1+ Kxd1 Bc5
1519,1528,black,720+0,d4 d5 a4 Nc6 e3 e6 c3 Nf6 Nf3 a5
1669,1591,white,480+0,f4 d5 e3 Nc6 d4 Bf5 c3 e6 Nf3 Bd6
2223,2045,white,180+0,e4 b6 d4 Bb7 Bd3 e6 Nf3 Nf6 Nbd2 c5
1384,1242,white,180+0,e4 d5 exd5 Qxd5 d4 e5 Nc3 Qe6 dxe5 Qxe5+
1656,1631,draw,180+0,e4 b6 f4 Bb7 d3 c5 Nf3 d5 Nc3 dxe4
1706,1562,white,480+0,e4 e5 Nf3 d6 Be2 a6 O-O Nc6 d3 h6
1480,1788,black,420+0,d4 Nf6 f3 e6 e4 d5 e5 Nh5 f4 Qh4+
1103,1063,black,420+0,e4 e5 Nc3 Nf6 Nd5 Nxd5 exd5 c6 dxc6 dxc6
1634,1669,white,600+0,d4 d5 c4 Nf6 Nc3 c6 e3 Bf5 Nf3 e6
1428,1530,black,240+1,d4 d5 e3 Nc6 h4 e5 Bb5 Bd7 Bxc6 Bxc6
1818,1864,white,180+3,e4 e5 Nf3 Nc6 Bb5 Nf6 O-O Bc5 h3 O-O
1631,1507,white,360+2,e4 c5 Nf3 Nc6 d4 cxd4 Nxd4 g6 Nc3 Bg7
1594,1646,black,300+0,d4 Nf6 Nc3 e6 Nf3 d5 Bg5 Be7 Bxf6 Bxf6
1418,1688,white,300+8,e4 e6 e5 d6 d4 dxe5 Qf3 exd4 Bf4 Nf6
1878,1859,white,300+4,e4 d5 e5 c5 Nf3 Bg4 c3 Nc6 Bb5 e6
1632,1655,white,180+0,e4 e5 Nf3 d6 c3 Nf6 d4 Nxe4 dxe5 Be7
1538,1420,draw,240+1,d4 e6 Nf3 d5 Nbd2 Bb4 c3 Bd6 Qc2 h5
1929,1767,white,120+0,c4 c5 g3 Nc6 Bg2 g6 Nc3 Bg7 Nf3 Nf6
1391,1501,black,180+0,e4 e5 d4 Nc6 dxe5 Nxe5 Nf3 Bd6 Nxe5 Bxe5
1539,1733,white,300+8,e4 c5 Nc3 Nc6 Bc4 e5 Nf3 Be7 d3 Nf6
1311,1396,black,300+8,Nf3 d5 Nc3 Nf6 d4 Nc6 e3 Bf5 Bb5 Qd6
1579,1541,white,900+15,e4 e5 Nf3 d6 d3 h6 Be2 a6 Nc3 Be6
1391,1501,black,180+0,e4 e5 d4 d6 dxe5 dxe5 Qxd8+ Kxd8 Nf3 Bd6
1884,1940,white,180+2,e4 c6 d4 d5 exd5 cxd5 Bd3 Nc6 c3 Nf6
1669,1723,white,780+0,e4 e5 Nf3 d6 h3 c5 d3 Na6 Be2 Nc7
1582,1679,black,480+0,d4 e5 dxe5 d6 exd6 Bxd6 Nc3 c6 Nf3 h6
1603,1937,black,120+0,e4 e6 Nf3 d5 d3 dxe4 Ng5 exd3 Bxd3 Nf6
1466,1524,black,420+4,d4 Nf6 c4 d5 e3 c6 Be2 Ne4 Nf3 Qa5+
1849,1888,white,300+4,d4 d5 Nf3 c6 Bf4 Nf6 e3 a6 Nbd2 Bg4
1383,1509,black,180+0,e4 e5 d4 d6 dxe5 dxe5 Qxd8+ Kxd8 Nf3 Bd6
1503,1690,white,300+3,e4 e5 Bc4 Nf6 d3 Be7 Nc3 O-O Nd5 c6
2001,1643,white,420+0,d4 Nf6 f4 d5 e3 g6 Nf3 Bg7 Bd3 c6
1553,1839,black,240+0,e4 e5 Nf3 Nc6 d3 Nf6 a3 Bc5 b4 Bb6
1670,1436,white,300+8,e4 e5 Bc4 Nf6 Nf3 Nxe4 Nxe5 Qf6 Nf3 Bc5
1582,1369,white,360+7,e4 Nf6 e5 Nd5 d4 g6 Nf3 Bg7 Bc4 e6
1745,1687,white,240+2,e4 e5 Nf3 Nf6 Nc3 Nc6 Bc4 Nxe4 Nxe4 d5
1846,1549,white,240+0,e4 e5 Nf3 d6 d4 exd4 Nxd4 Be7 Nc3 Nf6
1409,1539,black,720+0,d4 c5 d5 Nf6 c4 d6 Nc3 e5 dxe6 Bxe6
1641,2004,black,420+0,e4 c6 d4 e6 c4 d5 cxd5 exd5 exd5 Qxd5
1375,1261,black,180+0,e4 d6 d4 a6 Nc3 Be6 Nf3 Bg4 Bc4 b5
1713,1500,draw,480+0,e4 d5 exd5 Qxd5 Nc3 Qd8 Nf3 Nc6 Bb5 a6
1714,1533,white,300+8,e4 d5 exd5 Qxd5 Nc3 Qa5 Nf3 Nc6 Bd3 Nf6
1563,1516,black,300+0,e4 e5 Nf3 d6 c3 Bg4 Be2 h5 h3 Bxf3
1720,1404,black,120+1,e4 e6 Nf3 d5 e5 f6 exf6 Nxf6 d4 Be7
1149,1201,black,300+2,e4 e5 Nf3 d6 Bc4 Nf6 Nc3 Nc6 d3 a6
1791,1258,white,420+0,e4 e5 Nf3 Nc6 Bc4 Nf6 Nc3 Bb4 d3 d5
1704,1756,white,300+0,e4 e5 Nf3 Nc6 b3 Nf6 Bb2 d6 Bb5 a6
1592,1327,black,900+15,e4 Nf6 Nc3 b6 d4 Bb7 Bd3 d5 exd5 Nxd5
1423,1535,white,240+1,d4 d5 e3 Nc6 h4 e5 Bb5 Ne7 dxe5 a6
1377,1817,black,600+0,e4 d6 d4 Nf6 d5 e5 Nc3 a6 Bg5 Nbd7
1361,1277,white,180+0,e4 e6 d4 Na6 Bxa6 bxa6 Nf3 Bb4+ c3 Ba5
1687,1574,white,480+0,f4 d5 e3 Nc6 d4 f6 Nf3 Bg4 Nbd2 e5
1372,1941,black,120+0,e4 e6 Nf3 d5 exd5 exd5 Nc3 Bb4 Bb5+ c6
1592,1372,white,1200+10,d4 d5 e3 Nf6 c3 e6 a3 Nc6 Nd2 Bd6
1432,1674,white,300+8,f4 c5 Nf3 Nc6 e4 e6 e5 Be7 Nc3 Bh4+
1789,1856,white,600+10,e4 e5 Nf3 Nc6 Bc4 Bc5 c3 Nf6 d4 exd4
1656,1646,white,600+0,e4 c5 Bc4 e6 d3 a6 a3 Qc7 f4 b6
1898,1500,white,180+2,e4 b6 f3 Bb7 d4 f6 Bc4 Nc6 Ne2 e6
1507,1502,black,60+1,e4 e6 d4 d5 exd5 exd5 c3 Bd6 Bd3 Nf6
1457,1632,white,240+2,c4 b6 d3 Bb7 e4 e6 Nc3 Bb4 Ne2 Qh4
1528,1507,black,600+10,e4 e6 Nf3 g5 h3 Bg7 Nc3 h5 d4 g4
1711,1683,black,780+0,e4 c5 c4 Nc6 d3 a6 Nf3 h6 Na3 e5
1721,1527,white,300+8,e4 Nf6 Nc3 Nc6 Nf3 d5 e5 d4 exf6 dxc3
1272,1264,white,720+0,d4 d5 Nf3 Nf6 Nc3 Nc6 Bg5 e6 Ne5 Bd6
1706,1942,white,120+0,c4 d6 Nc3 e5 g3 g6 d3 Bg7 Bg2 Nf6
1432,1488,white,360+0,d4 d5 Bf4 Bf5 e3 e6 a3 Nf6 Bb5+ Nc6
1710,1559,white,480+0,e4 c5 Nf3 Nc6 Bb5 Qb6 Ba4 Nf6 d3 e6
1345,1500,black,240+3,e4 c5 d4 e6 dxc5 Bxc5 Nf3 Nc6 Bg5 f6
1471,1819,black,600+0,c4 c5 b4 cxb4 d4 Nf6 Bb2 e6 Nf3 b6
1876,1861,white,300+4,f4 d5 d4 e6 e3 Be7 c3 b6 Nf3 Bb7
1369,1119,white,180+0,e4 e5 d4 Qf6 dxe5 Qxe5 Nf3 Qxe4+ Be2 Bb4+
1496,1356,black,60+1,e4 e5 Nf3 d6 d4 Nf6 dxe5 Nxe4 exd6 Qxd6
1450,1901,black,180+2,c4 c5 Nc3 Nc6 e4 g6 Bd3 Bg7 Nd5 e6
1585,1853,black,300+0,d4 d5 Nc3 Nf6 Nf3 Bf5 Bg5 e6 e3 Bb4
1843,1802,white,600+10,e4 e5 Nf3 d6 Bc4 Be7 d4 exd4 Qxd4 Bf6
1644,1740,draw,180+0,e4 e5 Nf3 Nc6 c3 Nf6 d4 d6 dxe5 Nxe4
1851,1886,draw,300+4,d4 Nf6 c4 c6 Nf3 e6 b3 a5 Bb2 h6
1421,1201,white,180+3,e4 d5 exd5 Qxd5 Nf3 Qe6+ Be2 Nc6 O-O Bd7
1520,1438,white,240+1,d4 e6 e4 d5 Qd3 c6 Be2 a5 Nc3 Bb4
1638,1500,white,180+0,e4 e5 Nf3 Nc6 c3 Nf6 d4 exd4 e5 Ng4
1473,1211,black,300+2,e4 e5 Nf3 d6 Nc3 Nc6 d3 Nf6 h3 Be7
1374,1091,black,180+0,e4 e5 d4 Bb4+ c3 Ba5 b4 Bb6 dxe5 Qh4
1919,1667,white,120+0,Nf3 Nc6 c4 e5 Nc3 Qf6 d3 Bc5 e3 Nge7
1668,1727,black,300+8,e4 c5 Bc4 Nc6 Qh5 e6 c3 Nf6 Qf3 Be7
1581,1860,black,300+0,d4 d5 Nc3 e6 Nf3 Nf6 e3 Bb4 Bb5+ c6
1326,1282,black,480+0,e4 d5 Qe2 d4 d3 Nf6 f3 e6 g4 Bb4+
1196,1803,black,300+8,g3 e5 Bh3 Ke7 b3 f6 Ba3+ d6 c4 Qd7
1904,1419,white,180+2,e4 b6 d4 Bb7 f3 d6 Bc4 Nd7 Nh3 e6
1500,1546,black,240+0,e4 e5 Nf3 d6 Bc4 Nf6 d3 Be7 a3 O-O
1822,1469,white,600+0,e4 c5 Nf3 d6 Bb5+ Bd7 a4 Nc6 O-O Nd4
1519,1516,white,600+10,e4 e6 Nc3 d5 a4 d4 Nb5 Nc6 c3 a6
1671,1257,white,300+0,Nf3 d5 c4 d4 b4 Nf6 Bb2 Nc6 Qb3 e5
1587,1597,white,360+7,e4 c6 d4 e6 Nf3 a6 Bc4 d5 exd5 cxd5
1738,1659,black,300+8,e4 b6 d4 Bb7 Nf3 e6 Bc4 Bxe4 O-O d5
1925,1480,white,120+0,c4 e5 Nc3 f6 g3 c6 d4 exd4 Qxd4 Na6
1357,1196,white,180+0,e4 e5 d4 Qe7 dxe5 Qxe5 Nf3 Qxe4+ Be2 Bb4+
1322,1367,black,1200+10,d4 d5 c4 Nf6 e3 Nc6 Nc3 Nb4 Bd2 Bf5
1736,1647,black,180+0,e4 c6 d4 d5 e5 Bf5 g4 Bg6 f4 h5
1585,1656,white,900+1,f4 e6 Nf3 Nc6 e3 Nf6 b3 Ng4 Bb2 d5
1551,1717,white,480+0,e4 e5 Bc4 Nf6 a3 d6 Nc3 Be7 d3 O-O
1519,1404,white,900+0,d4 d5 c4 e6 Nf3 c5 e3 Nc6 Nc3 Nf6
1395,1906,white,180+2,Nf3 Nf6 c3 c6 d4 d5 Be3 Bg4 Nbd2 Nbd7
1520,1717,black,300+3,e4 e5 Bc4 Bc5 b3 Qf6 Nf3 d6 h3 h6
1993,1807,white,180+0,e4 c5 b4 cxb4 d4 e6 f4 Nf6 Bd3 d5
1577,1579,white,300+0,d4 e6 e4 d6 Bd3 Be7 Be3 Bd7 Nc3 c6
1163,1452,black,360+0,e4 e5 Nf3 Nc6 c3 Bc5 d3 h6 Nbd2 d6
1694,1699,black,780+0,e4 e5 Nf3 d6 c3 c5 b3 Nf6 d3 Na6
1436,1450,black,300+0,e4 d6 d4 Nf6 f3 g6 Nc3 Bg7 Bd3 O-O
1446,1255,white,300+0,d4 d5 Bf4 Nc6 Nc3 e5 dxe5 d4 Ne4 f5
1363,1230,white,180+0,e4 e5 d4 exd4 Qxd4 Nc6 Qd1 Qe7 Nc3 d6
1635,1668,black,600+0,e4 e5 Bc4 Nf6 Nh3 Bc5 O-O d6 d3 Bxh3
1478,1927,draw,120+0,e4 e6 d4 d5 exd5 exd5 c3 Bd6 Bd3 Nc6
1661,1719,black,180+0,e4 e5 Nf3 d6 d4 exd4 Nxd4 c5 Nf3 Nc6
1999,1500,white,180+0,e4 e6 d4 c5 c3 Nf6 e5 Nd5 Nf3 Be7
1396,1673,white,300+0,Nf3 Nf6 d4 d6 d5 g6 Nc3 Bg7 e4 O-O
1466,1825,black,600+0,e4 e5 f4 exf4 Bc4 Qh4+ Kf1 Nc6 Nf3 Qh6
1514,1346,white,300+3,e4 e5 Bc4 Nc6 Nf3 Bc5 c3 Nf6 d3 a6
1404,1300,white,600+5,d4 d5 c4 dxc4 Nc3 c6 e4 e5 Nf3 Bg4
1295,1242,white,720+0,d4 d5 Nf3 e6 e3 Nc6 Bb5 Nf6 Ne5 Qe7
1588,1611,white,300+0,d4 b6 e4 Bb7 Bd3 e6 Be3 Nf6 Nc3 Bb4
1730,1652,black,180+0,e4 c5 Nf3 Nc6 d4 cxd4 Nxd4 e6 Nxc6 bxc6
1500,1914,black,120+0,e4 e6 Qh5 Nf6 Qe5 Nc6 Qc3 Nxe4 Qe3 d5
1506,1755,black,300+8,e4 e5 Nf3 Qf6 Be2 Bc5 O-O d6 c3 h6
1520,1597,black,300+3,e4 e5 Bc4 Nf6 d3 Be7 Nf3 d6 Ng5 O-O
1600,1083,white,300+0,d4 d5 Nc3 e6 Nf3 Bb4 Bd2 Qf6 e3 Bxc3
1747,1792,white,180+0,e4 c5 d4 cxd4 c3 dxc3 Bc4 cxb2 Bxb2 e6
1600,1787,black,360+7,e4 c6 d4 d5 exd5 cxd5 Nf3 Nc6 Bb5 Nf6
1370,1275,white,180+0,e4 e6 d4 d5 Nc3 dxe4 Nxe4 Nf6 Bg5 h6
1454,1305,white,720+0,e4 e5 Nf3 Nc6 d4 exd4 Nxd4 Qe7 f3 Qb4+
1452,1867,black,300+0,d4 d5 Bf4 Nf6 e3 c5 Nc3 Nc6 Qd2 Bf5
1312,1351,white,480+0,e4 e5 c3 Nf6 f3 Nxe4 fxe4 Qh4+ g3 Qxe4+
2001,2028,black,180+0,e4 e6 d4 d5 Nc3 dxe4 Nxe4 Bd7 Nf3 Bc6
1530,1500,black,600+10,e4 e5 Nc3 Nf6 a4 Nc6 b3 Bc5 Qe2 Nd4
1248,1462,black,300+0,e4 c5 d4 cxd4 Qxd4 Nc6 Qd1 a6 Nc3 d6
1885,1852,white,300+4,d4 d5 e3 e6 Nf3 Nf6 c3 c5 Bd3 b6
1526,1633,black,900+0,d4 d5 c4 e5 Nf3 e4 Ne5 f6 Nc6 Nxc6
1678,1625,white,600+0,e4 c5 Nf3 e6 Bc4 a6 d3 Qc7 O-O Nc6
1665,1714,black,180+0,d4 d5 Nc3 c6 g3 Nf6 Bg5 e6 e4 Be7
2007,1833,white,420+0,d4 e6 f4 d5 Nf3 Nc6 e3 Nf6 Bd3 Be7
1378,1415,white,180+0,e4 e5 Nf3 d6 d4 exd4 Nxd4 Qe7 Nc3 c5
1850,1677,white,180+0,e4 e5 Nf3 Nc6 Bc4 Bc5 b4 Bb6 O-O d6
1642,1598,white,900+1,e4 e6 Nf3 d5 exd5 exd5 d4 Nf6 c4 c6
1588,1683,black,480+0,e4 e5 Bc4 h6 a3 Nf6 d3 d6 Nc3 c6
1366,1258,black,300+8,e4 e5 Qh5 d6 Bc4 g6 Qf3 Nh6 d3 Bg4
1602,1553,black,300+0,d4 d5 Nc3 Nf6 Nf3 Nc6 Bg5 e6 e4 Be7
1700,1570,black,480+0,e4 d6 Nf3 g6 Na3 e5 Be2 Nc6 Bb5 Bd7
1467,1392,white,300+0,g3 e5 d3 d5 Bg2 Nc6 Nf3 f6 O-O Bd6
1850,1582,white,60+2,d4 e6 c4 f5 Nc3 Nf6 Bg5 Bb4 e3 O-O
1740,1698,white,300+5,d4 Nf6 c4 g6 Nc3 Bg7 e4 d6 f4 O-O
1493,1726,black,180+3,e4 e5 d4 exd4 c3 dxc3 Bc4 d5 Bxd5 Bd6
1511,1672,black,300+3,e4 c6 d4 d5 e5 Bf5 Bd3 Bg6 Bxg6 hxg6
1759,1502,white,300+8,e4 e5 Nf3 Nc6 b3 d6 Bb5 f5 Bxc6+ bxc6
1390,1155,white,180+0,e4 e5 Nf3 Nc6 Bb5 Nf6 Nc3 a6 Bxc6 dxc6
1671,1893,black,180+0,e4 c5 Nf3 Nc6 Bc4 d6 Nc3 g6 d4 Bg7
1449,1476,white,300+0,d4 d5 Bf4 Nf6 e3 e6 a3 Be7 Nc3 a6
1500,1578,black,60+2,e4 d6 Bb5+ c6 Bc4 e5 d3 Nd7 f4 exf4
1615,1688,white,600+0,d4 d5 c4 Nf6 Nc3 c6 h3 Bf5 g4 Bg6
1692,1194,white,480+0,e4 d6 Nf3 Nc6 Bb5 Bd7 d3 a6 Bxc6 Bxc6
1644,1683,white,720+3,e4 e5 f4 exf4 Nf3 Nf6 Bc4 Bc5 d4 Bb6
1298,1376,black,1200+10,d4 d5 h4 Nf6 h5 Nc6 h6 e5 Bg5 Qd6
1871,1242,white,300+0,e4 e5 Nf3 Nf6 Nxe5 Nxe4 Qe2 d5 d3 Bd6
1872,1464,white,300+0,e4 d6 d4 Nf6 Nc3 g6 f4 Bg7 Nf3 O-O
1426,1428,white,180+3,e4 f6 Nf3 d5 exd5 Qxd5 c4 Qd7 Nh4 g5
1504,1242,white,300+3,e4 e5 Nc3 Nf6 Bc4 Nc6 Nf3 Bc5 Nd5 d6
1283,1271,black,420+7,e4 e6 Nf3 Nf6 Ne5 Nxe4 Qe2 d5 Qf3 f6
1666,1731,draw,180+0,e4 e5 Nf3 Nc6 Nc3 d6 Bb5 Bg4 Qe2 a6
1826,1182,draw,300+0,e4 Nc6 Nf3 d5 exd5 Qxd5 Be2 Bg4 Nc3 Qd7
1395,1360,white,180+0,e4 d6 d4 Nc6 Nf3 e5 d5 Nd4 c3 Nxf3+
1820,1594,draw,360+7,d4 d5 Nf3 Nf6 Bg5 e6 e3 Be7 Nbd2 O-O
1270,1401,black,420+7,e4 e5 Nf3 Nc6 Bc4 Nf6 Ng5 Rg8 Bxf7+ Ke7
1420,1606,black,300+5,Nf3 d5 c4 dxc4 e3 Bg4 Bxc4 e6 Nc3 Nf6
1653,1489,white,180+3,e4 Nf6 e5 Nd5 f4 Nxf4 d4 Nd5 Bc4 Nb6
1462,1562,black,240+0,d4 d5 Bf4 Bf5 e3 e6 Bb5+ c6 Ba4 Bd6
1335,1382,white,360+0,b3 e5 e3 d5 Bb2 Nc6 Bb5 a6 Bxc6+ bxc6
1694,1576,white,480+0,e4 e5 Nf3 Nc6 Bb5 a6 Bxc6 bxc6 d3 Bb7
1650,1721,white,600+0,Nf3 d5 d3 c5 Bf4 Nf6 h3 e6 Nbd2 Be7
1574,1639,black,120+0,d4 d5 Bg5 c5 dxc5 Qa5+ Nc3 Qxc5 Qxd5 Qxd5
1729,1668,white,180+0,e4 e5 Nf3 Nc6 Bc4 Bc5 O-O Nf6 c3 d6
1893,1876,white,180+0,e4 e5 d4 exd4 c3 d5 exd5 Qxd5 cxd4 Nc6
1558,1585,white,120+0,e4 c5 Nf3 f6 d4 e5 dxe5 Nc6 Nc3 fxe5
1567,1291,white,900+15,e4 d5 exd5 Qxd5 Nc3 Qa5 Nf3 Bg4 Be2 Nc6
1435,1492,white,180+3,d4 d5 c4 Nf6 e3 g6 cxd5 Qxd5 Nc3 Qa5
1707,1992,black,420+0,e4 d5 exd5 Qxd5 d4 Bf5 Bd3 Bxd3
1610,1683,white,600+10,e4 e5 Nf3 d6 d4 exd4 Qxd4 a6 Nc3 Nc6
1462,1482,black,180+3,d4 d5 e3 Nf6 c4 g6 cxd5 Nxd5 Nf3 Bg7
1617,1652,black,600+8,e4 e5 Nf3 Nc6 Bc4 Nd4 Nxe5 Qg5 Ng4 d5
1323,1191,white,480+0,e4 e6 d4 Qf6 g3 Nc6 c3 Qg6 Bg2 b5
1723,1732,black,180+4,e4 e5 Nf3 Nc6 b3 Nf6 Bb2 d6 Qe2 Bg4
1663,1629,black,600+0,Nf3 c5 d3 e6 Bf4 Nc6 Nbd2 d6 h3 Nf6
1148,1397,black,600+0,e4 e5 Nf3 Nc6 Bc4 Bc5 d3 Nh6 h3 O-O
2014,1688,black,420+0,d4 Nf6 f4 d5 e3 Bg4 Be2 Bxe2 Qxe2 e6
1573,1688,black,60+2,e4 d5 e5 f5 f4 e6 Nf3 c5 c3 Nc6
1919,1814,white,300+0,e4 e6 d4 d5 exd5 exd5 Nf3 Nf6 Bd3 Bg4
1410,1263,white,420+7,e4 e5 Nf3 Nf6 d4 Bd6 dxe5 Bc5 exf6 Qxf6
1405,1195,white,180+0,e4 Nc6 d4 e5 Nf3 exd4 Nxd4 Nxd4 Qxd4 d5
1857,1904,white,180+0,e4 c5 Nf3 g6 d4 cxd4 Qxd4 Nf6 Bb5 a6
1697,1658,black,180+0,e4 e5 Nc3 Nc6 f4 exf4 Nf3 d6 Bc4 Bg4
1917,1605,white,120+0,Nf3 e6 e4 Qf6 d4 Bd6 e5 Bxe5 dxe5 Qf5
1522,1584,black,600+10,e4 e5 Nc3 Nc6 Na4 Nf6 c4 Nxe4 Qe2 Nf6
1461,1646,black,600+10,e4 e5 Nf3 d6 d4 exd4 Nxd4 a6 Nc3 Bd7
1291,1344,white,360+0,e4 b6 d4 e6 c3 Qh4 Bd3 Nf6 Nf3 Qg4
1623,1607,white,600+8,e4 c6 d4 d5 exd5 cxd5 Nf3 Qb6 Nc3 Nf6
1996,1703,white,420+0,d4 Nf6 f4 d5 e3 e6 Nf3 c5 c3 cxd4
1570,1566,white,240+0,d4 d5 Bf4 Nc6 e3 Nf6 Bd3 Ne4 Nd2 e5
1365,1565,white,60+2,f4 d5 Nf3 c5 e3 Nc6 Be2 e6 O-O Bd6
1639,1711,black,300+2,d4 d5 a3 e6 b4 Nf6 e3 Bd6 Nf3 O-O
1702,1663,white,480+0,e4 e6 e5 Nc6 d4 d6 Bb5 dxe5 Bxc6+ bxc6
1726,1922,white,120+0,e4 e6 d4 d5 e5 c5 Nf3 Qb6 Bd3 Nc6
1174,1104,black,600+0,e4 e5 Qf3 Nf6 Bc4 Nc6 g4 Nd4 Qd3 Nxg4
1891,1878,white,180+0,e4 e5 d4 exd4 c3 dxc3 Bc4 cxb2 Bxb2 d5
1338,1569,black,120+0,d4 e5 e3 exd4 exd4 Nf6 g3 Be7 Nf3 O-O
1480,1640,white,180+3,e4 e5 d4 exd4 c3 dxc3 Bc4 cxb2 Bxb2 Bb4+
1743,1712,white,180+4,e4 e5 Nf3 Qf6 d3 h6 Nc3 c6 Be2 Bc5
1330,1495,white,480+0,e4 Nc6 d4 d5 e5 Bf5 f4 Nb4 c3 Nc2+
1326,1574,black,120+0,d4 e5 dxe5 Nc6 e6 dxe6 Qxd8+ Nxd8 c3 Bd6
1331,1901,black,120+0,d4 Nf6 e3 d6 Nc3 Nbd7 Bd2 e5 Qe2 g6
1555,1582,white,240+0,e4 e5 d4 exd4 Qxd4 d6 e5 d5 Nc3 Be6
1410,1137,black,180+0,e4 e5 Nf3 Nc6 Nc3 Nf6 d4 exd4 Nxd4 Bb4
1805,1763,white,300+0,d4 f5 Nf3 Nf6 e3 e6 Bd3 b6 Nbd2 Bb7
1621,1496,white,180+3,e4 Nf6 e5 Nd5 d4 Nb6 f4 g5 Nf3 gxf4
1483,1903,black,120+0,d4 Nf6 c4 e6 Nc3 Bb4 Qc2 Nc6 a3 Bxc3+
1554,1169,black,60+0,e4 d6 Qe2 a6 Nf3 Nf6 g3 Bg4 Qd3 d5
1512,1613,white,120+0,e4 b6 Nc3 Bb7 Bc4 e6 Nf3 c5 d3 Nc6
1579,1319,white,120+0,d4 d5 Nf3 Bf5 Bf4 e6 e3 a6 Nc3 Nc6
1885,1717,white,60+1,e4 e5 Nf3 Nc6 Bc4 Nf6 d3 Bc5 O-O O-O
1902,1924,black,180+0,e4 c5 Nf3 Nc6 d4 cxd4 Nxd4 g6 Nc3 Bg7
1368,1205,black,600+0,e4 e5 Nf3 Nc6 Nc3 Bb4 Ng5 h6 Nxf7 Kxf7
1747,1319,white,120+0,e4 Na6 Nf3 f6 d4 c6 e5 Qb6 Nc3 c5
1905,1532,white,120+0,c4 c5 Nc3 a6 g3 e5 Bg2 Be7 d3 Nf6
1391,1304,white,180+0,e4 g6 d4 Bg7 Nf3 c6 Nc3 d6 Bc4 Nf6
1729,1661,white,600+10,d4 d5 c4 dxc4 e3 e6 Nc3 Bb4 Bxc4 Nf6
1701,1500,white,300+0,e4 e5 Nf3 Nc6 b3 Nf6 Bb2 Bc5 Bb5 Nxe4
1188,1332,white,360+0,Nf3 b6 e4 Bb7 Bd3 e6 Nc3 Bb4 O-O Nf6
1597,1528,white,120+0,b3 b6 Bb2 Bb7 c4 Nf6 Nc3 e6 Nf3 d5
1654,1611,white,120+2,c4 Nf6 Nc3 e6 d4 Bb4 e3 c6 Ne2 d5
1385,1442,black,1200+10,e4 c5 Bc4 Nc6 Nf3 e6 c3 Nf6 e5 Ng4
1627,1699,white,300+7,e4 c5 Bc4 e6 Nf3 Nf6 d3 d5 exd5 exd5
1570,1567,white,240+0,d4 d5 Bf4 Nc6 e3 Nf6 Bd3 Bg4 Nf3 Qd7
1751,1467,black,300+0,d4 c6 c4 d5 Nc3 e6 e4 dxe4 Nxe4 Bb4+
1313,1584,black,120+0,d4 d5 Bf4 g6 e3 Bg7 Be2 f5 Nc3 Nf6
1713,1981,white,480+0,e4 e5 Nf3 Nc6 Bb5 Nf6 Bxc6 dxc6 d3 Bc5
1255,1289,black,420+7,e4 d5 Nf3 dxe4 Ne5 Qd4 Nxf7 Kxf7 d3 exd3
1669,1892,black,60+1,e4 c6 d4 d5 exd5 cxd5 c4 Nc6 Nc3 Nf6
1437,1300,white,180+3,e4 e6 Bc4 Bd6 d4 b5 Bxb5 a6 Be2 c5
1753,1816,black,300+0,d4 e6 c4 d5 Nc3 Nf6 Bg5 Be7 e3 h6
1518,1607,white,120+0,d4 b5 Nf3 Bb7 a3 a5 Nc3 b4 axb4 axb4
1556,1581,white,240+0,e4 e5 Nf3 d6 d4 exd4 Qxd4 Nf6 e5 c5
1347,1568,black,480+0,e4 d5 Qe2 dxe4 Qxe4 Nf6 Qe3 Nc6 c3 Bf5
1800,1664,white,120+0,e4 c5 d4 cxd4 c3 dxc3 Nxc3 Nc6 Bc4 g6
1387,1589,white,120+0,e4 e5 f4 Nc6 Nf3 d6 d3 Bg4 Be2 Bxf3
1295,1400,draw,180+0,f4 Nc6 Nf3 d6 e3 e5 Be2 exf4 O-O Bg4
1143,1309,black,600+0,d3 d5 d4 e6 e3 c5 dxc5 Bxc5 e4 Qa5+
2000,1738,white,420+0,d4 d5 e3 c5 c3 e6 f4 g6 Bd3 Nf6
1556,1576,black,480+5,e4 e6 d4 d5 exd5 Qxd5 c4 Qe4+ Ne2 Nc6
1641,1653,black,300+7,e4 e5 Bc4 Nc6 Nf3 Nd4 Nxe5 Qg5 Nxf7 Qxg2
1244,1299,white,420+7,e4 d5 e5 d4 Nf3 Bg4 Be2 Bxf3 Bxf3 c6
1663,1630,white,300+7,e4 e5 Bc4 Bc5 Nf3 d6 d3 h6 c3 Nf6
1580,1262,white,-,d4 Nh6 f3 g6 g4 Bg7 Bg2 O-O e4 Na6
1569,1406,white,120+0,d4 d5 Nf3 e6 e3 Nf6 Bd3 c6 c3 Na6
1390,1861,black,120+3,b3 e5 Bb2 Nc6 e3 d5 g3 Nf6 f4 e4
1554,1428,black,900+0,e4 Nf6 Nc3 Nc6 f4 e5 Nf3 d5 d3 exf4
1568,1637,black,240+0,e4 e5 Nf3 Nf6 Nxe5 d6 Bb5+ Bd7 Bxd7+ Nbxd7
1827,1412,white,300+0,d4 d6 e4 e5 dxe5 Nc6 exd6 Qxd6 Qxd6 Bxd6
1385,1490,black,60+0,f4 e6 Nf3 d5 e3 Bc5 Be2 Bd7 O-O Nc6
1863,1388,white,120+3,e4 g6 d4 Bg7 Nc3 e6 f4 b6 Nf3 Bb7
1671,1593,black,600+10,e4 e5 Nf3 Qf6 d3 h6 Nc3 c6 Be3 d6
1399,1577,black,120+0,e4 e5 f4 Nc6 Nf3 d6 Bb5 Bd7 Bxc6 Bxc6
1286,1455,black,600+5,e4 e5 d4 exd4 Qxd4 Nc6 Qe3 Nb4 Na3 Nf6
1266,1376,white,60+0,d3 g6 h3 Bg7 e4 c6 Bf4 Nf6 Bxb8 Rxb8
1909,1828,white,120+0,c4 c5 g3 Nc6 Bg2 g6 Nc3 Bg7 e4 e5
1387,1866,black,120+3,d4 d5 Be3 Nf6 f4 Bf5 h4 e6 Nf3 Ng4
1361,1698,black,60+0,f4 d5 Nf3 d4 e3 dxe3 Qe2 exd2+ Bxd2 Nf6
1601,1500,white,240+0,d4 d5 c4 Nf6 Nc3 e6 Bg5 Be7 e3 a6
1620,1673,black,300+7,e4 e5 Bc4 Nc6 Nf3 Bc5 d3 Nd4 Ng5 Ne6
1868,1385,white,120+3,e4 e6 d4 c6 c4 b6 Nc3 Bb7 Bd3 g6
1583,1393,black,120+0,d4 d5 Nf3 e6 e3 Bd6 Bd3 Nf6 c3 Qe7
1545,1504,black,300+10,e4 e6 d4 d5 e5 c5 dxc5 Nc6 c4 Bxc5
1286,1344,white,600+0,d4 d5 Nf3 e6 e3 c5 Nc3 Nc6 Bb5 Bd7
1753,1559,white,240+0,e4 e5 Nf3 d5 exd5 Qxd5 Nc3 Qd6 Bc4 Bg4
1520,1920,black,120+0,d4 Nf6 c4 e6 Nc3 c5 e4 cxd4 Qxd4 Nc6
1738,1783,white,1800+30,d4 Nf6 c4 e6 Nc3 c5 d5 e5 e4 d6
1411,1565,white,120+0,e4 e5 f4 Nc6 Nf3 d6 f5 Be7 Be2 Nf6
1758,1702,white,60+0,e4 e6 Nf3 d5 e5 c5 d4 cxd4 Bd3 Nc6
1517,1788,white,300+10,e4 c5 Nf3 d6 Bb5+ Bd7 Bxd7+ Nxd7 Nc3 Ngf6
1207,1492,black,240+0,Nf3 d5 d4 Nf6 e3 Nc6 Bd3 e6 O-O Bd6
1282,1298,white,600+0,e4 d5 exd5 Qxd5 Nc3 Qe5+ Qe2 Qxe2+ Ngxe2 e6
1396,1263,white,180+0,e4 d5 exd5 Qxd5 Nc3 Qe5+ Be2 e6 d4 Qf6
1383,1870,black,120+3,e3 e5 d4 exd4 Qxd4 Nc6 Qe4+ Be7 b3 Nf6
1611,1358,black,60+0,e4 g6 d4 Bg7 c3 d6 Nd2 c6 Be2 Nf6
1691,1802,black,60+0,e4 c6 d4 d5 e5 e6 f4 Ne7 Nf3 Nd7
1820,1658,draw,720+3,d4 d5 c4 e5 Nc3 dxc4 d5 Bb4 e4 Nf6
1424,1500,white,120+1,d3 e5 e3 d5 d4 e4 Nc3 f5 Bd2 Nf6
1378,1511,white,60+0,b3 d5 Bb2 e5 f3 d4 e3 c5 Be2 Nc6
2005,1756,white,420+0,d4 e5 e3 exd4 exd4 Nf6 Bd3 d5 Nf3 Be7
1547,1682,black,60+0,d4 d6 Nf3 g6 e3 Bg7 Bd3 Nf6 c3 O-O
1873,1381,white,120+3,e4 e6 d4 g6 f4 Bg7 Nf3 Qe7 Nc3 d6
1664,1630,black,120+2,c4 c5 Nc3 Nc6 g3 e5 Bg2 f5 e3 e4
1513,1444,black,600+10,e4 e5 Nc3 d6 Nd5 c6 Nb4 f5 Bd3 fxe4
1691,1539,white,60+0,e4 d6 f4 e5 Nf3 exf4 d3 g6 Bxf4 f5
1404,1254,white,180+0,e4 e5 Nf3 Bc5 Nc3 f6 d4 Bxd4 Nxd4 exd4
1394,1283,black,60+0,f4 d5 Nf3 f5 e3 Nf6 Be2 Nc6 O-O e6
1444,1829,black,300+0,e3 e5 d4 exd4 exd4 d5 c4 c6 cxd5 cxd5
1380,1875,black,120+3,c3 e5 Na3 d5 d3 Nf6 g3 Nc6 Nh3 Bc5
1287,1331,black,600+0,d4 d5 Nf3 e6 Nc3 c5 dxc5 Bxc5 e4 Qb6
1610,1697,white,300+7,e4 c5 Bc4 Nc6 Nf3 Nf6 Nc3 e6 d3 d5
1875,1380,white,120+3,e4 g6 d4 Bg7 Nc3 e6 f4 c6 Nf3 b6
1532,1698,black,60+0,c4 e6 Nc3 d5 d3 dxc4 dxc4 Qxd1+ Nxd1 Bb4+
1443,1382,black,60+0,e4 g6 d4 Bg7 Nf3 c6 c4 d6 Nc3 Nf6
1770,1536,black,300+10,d4 Nf6 c4 e6 Nc3 Bb4 Nf3 O-O Bg5 c5
1394,1335,black,60+0,f4 d5 Nf3 Nc6 e3 f5 Be2 Nf6 O-O e6
1706,1525,black,60+0,e4 e5 f4 Nc6 Nf3 d6 Bc4 Bg4 O-O Bxf3
1378,1877,black,120+3,c3 e5 e3 d5 g3 Nf6 Na3 Nc6 b4 e4
1532,1451,white,600+0,Nf3 d5 d4 Nc6 g3 Nf6 Bg2 e6 O-O h6
1421,1381,black,60+0,e4 g6 d4 Bg7 c4 c6 Nc3 d6 Nf3 Nf6
1624,1842,draw,300+7,e4 e5 Bc4 Nf6 Nf3 Nc6 Ng5 d5 exd5 Nd4
1411,1246,white,180+0,e4 d6 d4 f5 Nc3 g6 Nf3 Bg7 exf5 Bxf5
1832,1442,white,300+0,e4 e5 Nf3 Nc6 Bc4 Nd4 d3 Be7 Nxe5 Ne6
1879,1376,white,120+3,e4 b6 d4 g6 f4 h5 Nf3 e6 Bd3 h4
1766,1644,white,180+0,e4 e5 f4 exf4 Nf3 Qf6 Bc4 Bc5 d4 Bb6
1394,1353,white,60+0,f4 d5 Nf3 f5 e3 Nf6 Be2 e6 O-O Nc6
1238,1203,white,180+2,c4 Nc6 a3 e5 e3 Nf6 Nc3 e4 g3 d6
1784,1752,draw,300+0,e4 e5 Nf3 d6 d4 Bg4 Be2 Bxf3 Bxf3 exd4
1278,1367,white,600+0,d4 d5 Nf3 e6 Nc3 c5 dxc5 Bxc5 e3 Nc6
1306,1404,white,60+0,e4 g6 d4 Bg7 c4 c6 e5 d6 Nf3 Nd7
1374,1881,white,120+3,e3 e5 f4 d6 g3 Nf6 b3 Be7 Bb2 Nc6
1528,1652,black,120+2,e4 e5 f4 exf4 Nf3 Nc6 d4 d6 Bxf4 Bg4
1417,1466,white,180+0,e4 c5 Nf3 e6 d4 Nf6 Nc3 Bd6 dxc5 Bxc5
1846,1403,white,120+3,e4 e6 d4 b6 Nc3 g6 f4 Bb4 Bd3 Bxc3+
1390,1365,white,60+0,f4 d5 g3 c6 Bg2 Nf6 Nf3 c5 O-O Nc6
2066,2237,white,180+0,Nf3 c5 g3 b6 Bg2 Bb7 O-O Nf6 c4 e6
1430,1258,white,180+0,e4 e5 Nf3 Nc6 d4 d6 Nc3 b6 Bb5 Bd7
1632,1479,white,300+8,e4 e5 Bc4 Nf6 d3 Be7 h4 O-O g4 d6
1400,1848,black,120+3,c3 e5 d3 d5 g3 Nf6 Bg2 Nc6 Bg5 Be7
1439,1834,black,300+0,e4 e5 Bc4 Nf6 Nf3 d5 exd5 e4 Ng5 Bf5
1327,1401,black,60+0,e4 g6 f4 Bg7 Nf3 c6 Bc4 d6 Ng5 e6
1396,1854,black,120+3,c3 e5 b4 d5 Ba3 Nf6 e3 Bf5 Qe2 Nbd7
1410,1297,white,60+0,f4 d6 Nf3 e5 e3 e4 Nd4 c5 Ne2 d5
1706,1559,white,300+0,e4 e6 Nf3 d5 exd5 exd5 b3 Nf6 Bb2 Bc5
1851,1398,white,120+3,e4 g6 d4 Bg7 Nc3 c6 f4 Qb6 Nf3 d6
1416,1278,black,720+0,d4 d5 g3 Nc6 Bg2 h6 Nc3 e5 e3 e4
1713,1653,white,300+0,e4 c5 Nf3 Nc6 b3 e5 Bb2 d6 Bb5 Nf6
1273,1418,white,60+0,e4 g6 f4 Bg7 Nf3 d6 Bc4 c6 O-O Nf6
1430,1541,white,600+0,d4 d5 c4 e6 e3 a6 Nf3 b5 cxb5 axb5
1693,1437,black,180+3,e4 e5 Nc3 Nc6 f4 exf4 Nf3 g5 Bc4 Nh6
1402,1318,white,60+0,f4 d5 g3 c5 Nf3 Nc6 e3 e6 Bg2 g5
1436,1501,black,180+0,e4 e5 Nf3 d6 d4 exd4 Nxd4 Be6 Nc3 Qe7
1295,1411,white,60+0,e4 g6 f4 Bg7 Nf3 c6 Bc4 d6 O-O Nf6
1528,1638,white,300+7,e4 e5 Nc3 c6 Nf3 h6 Bc4 d6 d3 b5
2010,1685,draw,420+0,d4 d5 e3 Bf5 f4 Nf6 Bd3 Qc8 Nf3 Bxd3
1411,1295,black,60+0,f4 d5 g3 e6 Nf3 Nf6 Bg2 Bc5 e3 Nc6
1375,1521,black,60+20,e4 d5 d4 dxe4 d5 Nf6 Nc3 Bg4 f3 exf3
1783,1609,black,300+0,e4 c5 Nf3 d6 d4 cxd4 Nxd4 Nc6 Nc3 Nf6
1500,1500,white,600+10,e4 e5 Nf3 d6 Nc3 Nc6 Be2 Nf6 d3 d5
1367,1291,white,60+20,e4 d5 exd5 Qxd5 d4 Nc6 Nf3 Bg4 Be3 Bxf3
1526,1460,white,600+0,Nf3 d6 d4 Nf6 g3 Nc6 Bg2 e5 dxe5 dxe5
1332,1396,black,60+0,e4 g6 f4 Bg7 Nf3 c6 Bc4 d6 O-O Nf6
1427,1362,black,180+0,e4 e5 Nf3 d6 d4 Bg4 Nbd2 Bxf3 Nxf3 Qe7
1320,1353,white,600+0,e4 e6 d4 d5 e5 c5 c4 Nc6 Nf3 b6
1406,1310,black,60+0,f4 d5 Nf3 d4 d3 Nc6 e3 dxe3 Bxe3 e6
1644,1206,white,300+0,Nf3 d5 c4 dxc4 e3 Be6 Na3 Nc6 Nxc4 Bxc4
1282,1377,white,60+20,d4 d5 Nf3 Bg4 Qd3 Qd7 Ne5 Bf5 Nxd7 Bxd3
1659,1500,white,600+10,d4 d6 c4 Nf6 Bg5 b6 Nc3 Ba6 e4 Nc6
1324,1507,black,600+10,e4 e6 Nf3 f6 e5 f5 Bc4 d5 Bb5+ c6
1786,1783,white,0+1,d4 b6 c4 c6 Nc3 d5 e4 dxe4 Nxe4 f5
1675,1457,white,180+3,e4 e5 Nc3 Nc6 Bc4 a6 a3 Nf6 f4 exf4
1344,1569,white,240+0,e3 e5 Nc3 Nf6 d4 e4 h4 d5 Be2 Bb4
1341,1391,white,60+0,e4 g6 f4 Bg7 Nf3 c6 Bc4 d6 O-O Nf6
1413,1394,black,180+0,e4 b6 d4 e6 Nf3 g6 Nc3 Qe7 Bc4 Qb4
1723,1646,black,300+0,e4 c5 Nf3 Nc6 b3 e5 Bb2 d6 Bb5 Nf6
1413,1394,black,180+0,e4 e6 d4 b6 Bc4 g6 Nf3 Qe7 a3 c6
1451,1680,white,180+3,e4 e6 d4 d5 exd5 exd5 c4 Nf6 Nf3 Bd6
1402,1410,white,180+0,e4 e6 d4 g6 Nf3 Bg7 Bg5 b6 Bxd8 Kxd8
1680,1451,white,180+3,e4 e5 Bc4 Nc6 Nc3 Bc5 f4 exf4 Nf3 Nf6
1296,1472,white,300+8,d4 d5 Nc3 Nf6 Qd3 e6 Nf3 Bb4 a3 Bxc3+
1553,1363,white,240+0,e4 e6 e5 d6 Nf3 Nc6 Bb5 Bd7 O-O dxe5
1418,1435,black,600+0,e4 e5 Nf3 d6 d4 Bg4 dxe5 Bxf3 Qxf3 dxe5
1771,1533,white,300+8,e4 e6 Bc4 Qg5 Qf3 Qc5 d3 b5 Bb3 a5
1764,1624,draw,300+7,e4 e5 Nf3 d6 b3 Nc6 Bb2 h5 Bb5 Bd7
1413,1437,white,180+0,e4 c5 Nf3 d6 d4 Nc6 Bb5 a6 Bxc6+ bxc6
1636,1446,white,180+3,d4 e6 e4 c5 c3 cxd4 cxd4 Nc6 a3 Qa5+
1500,1559,white,240+0,e4 e5 Nf3 d6 d4 exd4 Nxd4 Nf6 Nc3 Bg4
1184,1420,black,120+3,Nf3 e6 g3 d6 Bg2 e5 O-O Bg4 Re1 Qd7
1642,1394,white,120+3,b4 g6 Bb2 Nf6 g4 Bg7 g5 Nh5 Bxg7 Nxg7
1420,1184,white,120+3,e4 e5 Bc4 Nf6 Qf3 c6 d3 Bc5 Bg5 d6
1500,1637,white,300+4,e4 d5 exd5 Nf6 c4 e6 dxe6 Bxe6 Nf3 Qe7
1361,1660,black,60+20,e4 c5 c4 e6 e5 a6 Nf3 b6 d4 cxd4
1423,1535,black,600+0,e4 e5 Nf3 f6 d4 exd4 Nxd4 Nc6 Nxc6 bxc6
1550,1706,black,240+0,e4 d5 exd5 Nf6 Bb5+ c6 dxc6 Nxc6 Nf3 Bg4
1425,1519,black,180+0,e4 e5 Nf3 d6 d4 exd4 Nxd4 c5 Nf3 a6
1570,1772,black,0+1,b3 c6 d3 d5 Bb2 Be6 Nd2 f6 e3 g5
1551,1671,black,180+0,d4 d5 Bf4 c5 dxc5 e6 e3 Bxc5 Bd3 Nc6
1357,1604,black,60+20,e4 c5 d4 cxd4 Qxd4 Nc6 Qd1 d6 Bb5 Qa5+
1566,1709,black,300+0,d3 e5 e4 b6 Nf3 Qf6 Bg5 Qe6 h3 f6
1172,1425,black,120+3,Nf3 d5 g3 c5 Bg2 Nc6 O-O e5 Re1 e4
1625,1660,black,300+0,d4 Nf6 c4 e6 Nc3 Bb4 Nf3 O-O e3 c5
1242,1440,black,180+3,e4 e5 d4 exd4 Qxd4 c5 Qc4 Nc6 Be2 Nd4
1513,1508,white,600+10,e4 e5 Nc3 Nf6 Nf3 Bb4 Nd5 Nxd5 exd5 d6
1417,1356,black,180+0,e4 d5 exd5 Qxd5 Nc3 Qf5 Nf3 e5 d4 e4
1389,1647,white,120+3,d4 d5 e3 Bf5 g3 Be4 Bg2 Bxg2 Qe2 Bxh1
1628,1683,black,300+7,e4 e5 Bc4 Nc6 d3 a6 Nc3 Bc5 Nf3 Nf6
1780,1544,white,240+0,e4 e5 Nf3 d5 exd5 Qxd5 Nc3 Qd6 d4 exd4
1716,1558,white,300+0,e4 e6 Nf3 d6 b3 Be7 Bb2 Nf6 Qe2 e5
1404,1548,black,180+0,e4 a6 d4 b5 Bf4 Bb7 Nc3 b4 Nd5 e6
1449,1373,white,180+10,e4 e6 f4 Nc6 Nf3 f5 exf5 exf5 Bc4 Nf6
1945,1462,white,600+5,e4 e5 Nf3 Nc6 Bb5 Qf6 Nc3 d6 Nd5 Qd8
1353,1363,black,300+20,e4 e6 d4 d5 e5 f6 exf6 Nxf6 Bg5 Be7
1679,1430,white,180+0,e4 c5 Nf3 Nc6 Bc4 h6 Nc3 e5 d3 d6
1627,1413,black,120+3,b4 g6 Bb2 Nf6 g4 Bg7 g5 Nh5 Bxg7 Nxg7
1370,1410,black,240+4,e4 e6 d4 d5 Bd3 c5 c4 Nc6 cxd5 Nxd4
1447,1554,white,0+6,e4 a6 d4 b5 Nf3 Bb7 Bd3 e6 Bf4 c5
1547,1778,black,0+1,e4 e6 d4 f5 exf5 exf5 Nf3 Bb4+ c3 Qe7+
1615,1544,white,240+0,d4 d5 c4 dxc4 Nf3 e6 e3 Be7 Bxc4 Nf6
1723,1556,white,300+0,e4 e5 Nf3 d6 b3 Be7 Bb2 Nf6 Qe2 O-O
1457,1217,white,480+0,e4 e5 f4 Nc6 Nf3 f6 Bc4 Nge7 O-O d5
1425,1683,black,180+0,e4 e5 Nc3 Nc6 Bc4 d6 Qf3 Nh6 d3 Qe7
1541,1486,white,0+6,b4 e6 Bb2 Bxb4 Bxg7 f6 Bxh8 d5 c3 Bd6
1671,1676,black,300+0,d4 e5 e4 exd4 Nf3 d5 exd5 c5 dxc6 Nxc6
1435,1607,black,120+3,d4 d5 e3 Bf5 g3 e6 Bh3 Be4 c3 Bxh1
1608,1741,black,300+30,e4 e6 Nf3 d5 exd5 exd5 Bd3 Nf6 O-O Be7
1467,1198,black,480+0,e4 e5 f4 Nc6 Nf3 d6 Bc4 Be6 Bxe6 fxe6
1397,1162,white,180+0,e4 e5 Nf3 Nf6 Nc3 d6 d4 Nc6 dxe5 Nxe5
1207,1462,black,480+0,e4 e5 Nf3 Nc6 Bb5 Nf6 Bxc6 dxc6 Nxe5 Qd4
1402,1421,black,180+0,e4 e5 Nf3 f5 Nc3 Nf6 d3 Nc6 exf5 d5
1462,1550,white,0+6,e4 a6 d4 b5 c4 c6 d5 cxd5 cxd5 Bb7
1660,1535,white,240+0,d4 d5 c4 dxc4 Nf3 e6 e3 Be7 Bxc4 Nf6
1226,1600,black,-,Na3 c6 Nf3 b5 g4 Bb7 Bh3 g6 O-O Bg7
1380,1688,black,180+0,e4 e5 Nf3 Nc6 h3 Bc5 c3 d6 d4 Bb6
1549,1729,white,300+0,e4 e5 Nf3 Qf6 Be2 h6 d4 exd4 Qxd4 Nc6
1619,1533,white,180+10,d4 d5 c4 c5 dxc5 dxc4 Qxd8+ Kxd8 Nc3 e6
1537,1495,black,0+6,b4 e6 Bb2 Nf6 h3 Bxb4 g4 O-O Bg2 d5
1637,1524,white,180+10,d4 d5 c4 c5 dxc5 dxc4 Qxd8+ Kxd8 a3 b6
1677,1341,white,300+20,d4 d5 e4 dxe4 Nc3 Nf6 f3 exf3 Qxf3 Bg4
1446,1523,white,600+10,e4 e6 e5 Qg5 d4 Qg6 Bd3 Qxg2 Qf3 Qxf3
1782,1678,white,0+1,e3 e5 d4 exd4 Qxd4 d5 Qd1 Nf6 Bb5+ Nc6
1391,1432,black,180+0,e4 e5 Nf3 d6 d4 f5 exf5 Bxf5 Nc3 exd4
1627,1595,white,180+10,d4 d5 c4 c6 Nc3 dxc4 Bf4 Nd7 e3 b5
1691,1746,black,180+0,e4 d5 exd5 Nf6 Qf3 Qxd5 Qxd5 Nxd5 Bc4 Nb6
1614,1427,white,120+3,d4 b6 e4 Bb7 Bd3 e6 Nf3 Qf6 Be3 Qg6
1381,1394,black,180+0,e4 e6 d4 c6 Nf3 g6 Bg5 Nf6 Nc3 Be7
1420,1621,black,120+3,d4 d5 f3 Bf5 Nc3 e6 e4 dxe4 Nxe4 c6
1682,1037,white,180+0,e4 e5 Nf3 d6 Bc4 b6 Nc3 a6 a3 b5
1712,1566,white,300+0,e4 e5 Nf3 d6 b3 Nf6 d3 Be7 Bb2 Bg4
1627,1413,white,120+3,d4 e6 e4 g6 Be3 c6 Qd2 Qb6 b3 Bb4
1624,1559,white,360+2,d4 d5 c4 dxc4 Nf3 b5 e3 c6 a4 Bb7
1662,1337,black,-,d4 d5 h4 e6 g4 c5 g5 Nc6 e3 c4
1531,1646,white,900+0,e4 e5 Qf3 Nf6 d3 h6 Be2 d6 h3 Nc6
1768,1845,white,1800+30,d4 Nf6 c4 e6 Nc3 Bb4 Qc2 O-O Nf3 c5
1458,1337,white,300+20,e4 e5 d4 exd4 Qxd4 Nc6 Qd1 Nge7 Nc3 f5
1235,1448,white,480+0,e4 e5 Nf3 Nf6 Nxe5 Nxe4 Qe2 Nf6 Nc6+ Qe7
1274,1538,black,300+8,e4 e5 Qh5 Qf6 f3 g6 Qh3 Nc6 Bc4 d6
1601,1663,black,720+3,e4 c5 Nf3 Nc6 d4 cxd4 Nxd4 g6 Nxc6 bxc6
1764,1683,white,180+0,e4 e5 Nf3 Nc6 Bb5 a6 Bxc6 bxc6 d4 f6
1406,1633,black,120+3,d4 d5 g3 Bf5 Bg2 e6 Nc3 Bd6 f3 a6
1550,1250,white,300+8,e4 e5 Nf3 Qf6 Bc4 Bc5 O-O d6 c3 Qg6
1178,1393,black,300+5,e4 d5 exd5 Qxd5 Nc3 Qd8 d4 h6 Nf3 f6
1559,1719,black,300+0,e4 e5 Nf3 Qf6 Be2 Bc5 O-O h6 a3 b6
1638,1400,white,120+3,e4 g6 d4 Bg7 c4 e6 Nf3 Ne7 Nc3 d5
1512,1431,draw,600+0,e4 c5 e5 Nc6 Nf3 d6 Bb5 Bd7 exd6 exd6
1232,1561,white,300+8,e4 e5 Qh5 Qf6 f3 g6 Qh3 Nc6 Bc4 a6
1774,1521,white,300+0,e4 b6 Nf3 Bb7 Nc3 d6 d4 c6 Bd3 Nd7
1731,1646,black,300+3,e4 e6 Nf3 d5 e5 c5 c3 Nc6 d4 Bd7
1394,1673,black,180+0,b3 e5 Bb2 Nc6 e3 Bc5 Qg4 g6 Qg3 d6
1552,1488,white,180+3,e4 Nf6 Nc3 d5 exd5 Nxd5 Nxd5 Qxd5 Nf3 Bg4
1500,1556,black,180+7,d4 d5 c4 dxc4 e3 e6 Bxc4 Bb4+ Bd2 Nc6
1516,1779,black,300+0,e4 e5 f4 d5 fxe5 dxe4 Nc3 Bf5 d3 exd3
1329,1331,black,300+20,e4 e5 d4 exd4 Qxd4 Qf6 e5 Qe7 Nf3 Nc6
1551,1633,black,360+2,d4 Nf6 c4 e6 a3 Be7 Nc3 O-O Bf4 b6
1323,1433,black,300+8,e4 d5 e5 e6 Qh5 Nh6 d3 g6 Qh3 Nf5
1678,1390,white,180+0,e4 g6 Nf3 Bg7 Bc4 c6 Nc3 Qb6 d3 Bh6
1726,1553,white,300+0,e4 e5 Nf3 d6 b3 Bg4 Bb2 Nc6 Bb5 Ne7
1385,1682,black,180+0,d4 d5 g3 Nc6 e3 Bf5 c3 Nf6 Qb3 e6
1479,1564,black,180+3,e4 e5 d4 exd4 c3 dxc3 Bc4 cxb2 Bxb2 g6
1672,1680,black,720+3,e4 c5 Nf3 Nc6 Bb5 g6 Bxc6 bxc6 O-O Bg7
2001,1753,white,420+0,d4 Nf6 f4 e6 e3 d5 Nf3 Nbd7 Bd3 c5
1644,1482,white,180+10,d4 d5 c4 e6 a3 c5 dxc5 Bxc5 e3 Nf6
1783,1512,white,300+0,e4 b6 Nf3 Bb7 Nc3 g6 d4 Bg7 Be3 c6
1685,1381,white,180+0,e4 g6 Nf3 Bg7 Bc4 b6 Nc3 c6 d3 b5
1500,1450,white,300+6,e4 e5 Nf3 Nc6 d4 exd4 Nxd4 Nxd4 Qxd4 d6
1748,1732,white,300+0,d4 g6 Nc3 Bg7 g3 b6 Bg2 Nc6 d5 Nb8
1251,1211,white,300+8,e4 e5 Qh5 Nf6 Qxe5+ Be7 Bc4 d5 exd5 O-O
1411,1653,black,300+6,d4 Nf6 Bf4 e6 e3 g6 Nf3 Bg7 h3 O-O
1325,1318,black,300+20,d4 d5 e3 Nc6 f4 e6 Bb5 Bd7 Bxc6 Bxc6
1464,1314,white,1800+25,d4 e6 c4 d5 Nf3 dxc4 Nc3 Bb4 Bd2 Bxc3
1693,1372,white,180+0,e4 e6 Nf3 b6 Bc4 c6 Bb3 b5 a4 b4
1376,1689,black,180+0,b3 e5 Bb2 Nc6 e3 Bb4 c3 Bc5 b4 Bb6
1651,1786,black,180+10,d4 d5 c4 e5 cxd5 e4 e3 Qxd5 a3 Nf6
1672,1415,black,360+2,e4 c5 Bc4 d6 d3 h6 a3 e5 Nc3 Be7
1690,1798,black,60+1,e4 e6 d4 d5 Nd2 Nf6 e5 Nfd7 Bd3 c5
1784,1759,black,180+0,e4 e5 f4 d5 exd5 Qxd5 Nf3 exf4 Be2 Be7
1805,1678,white,60+1,d4 b6 c4 Bb7 Nc3 c5 d5 e6 e4 exd5
1433,1340,white,300+20,e4 e5 d4 exd4 c3 dxc3 Bc4 cxb2 Bxb2 c6
1289,1330,black,300+20,e4 e5 Qh5 Nc6 d3 Nf6 Qf3 d6 d4 Nxd4
1678,1805,draw,60+1,e4 e6 d4 d5 exd5 exd5 c4 Nf6 Nc3 Bb4
1790,1533,white,0+1,e3 e5 d4 f6 c4 Ne7 dxe5 fxe5 Nc3 d6
1350,1471,white,180+3,d4 d5 c4 Nf6 Nc3 g6 Bf4 Bg7 e3 O-O
1481,1435,white,240+2,e4 c5 Nf3 d6 Bc4 h6 O-O Nf6 h3 e5
1802,1668,black,60+1,d4 Nf6 c4 e6 Nc3 d5 Bg5 Be7 cxd5 exd5
1794,1937,black,0+1,e3 c5 d4 e6 c3 Nf6 Bd3 d5 Bd2 Be7
1689,1787,black,60+1,e4 e6 d4 d5 exd5 exd5 c4 Nf6 Nc3 Bb4
1753,1812,white,300+8,d4 d5 c4 e6 Nf3 dxc4 e3 Bb4+ Bd2 Bxd2+
1937,1794,white,0+1,d4 e6 c4 f5 Nc3 Nf6 Nf3 Bb4 Qc2 Bxc3+
2006,1642,white,420+0,d4 Nf6 f4 e6 Nf3 c5 e3 Nc6 c3 d5
1255,1402,white,600+5,d4 d5 e3 Nc6 Bb5 a6 Ba4 Nf6 Ne2 e6
1647,1712,black,1800+8,e4 e5 Bc4 Bc5 Qh5 Qf6 d3 Qxf2+ Kd1 Qf1+
1912,1796,black,0+1,d4 b6 c4 Bb7 Nc3 e6 Nf3 f5 Bg5 Be7
1788,1945,white,0+1,e3 c5 f4 e6 Be2 d5 Bf3 Nf6 d3 Nc6
1368,1696,white,180+0,e3 e5 d4 e4 Bc4 d5 Bb3 Nc6 Nc3 Be6
1795,1678,white,60+1,d4 Nf6 Nf3 d5 Bf4 Bf5 e3 e6 Bd3 Bxd3
1803,1928,white,0+1,e3 c5 f4 e6 Be2 d5 Bf3 Nf6 d3 Be7
1770,1757,black,180+0,d4 d5 c4 c6 e3 Bf5 Nc3 e6 Nf3 dxc4
1928,1803,white,0+1,d4 e6 c4 f5 Nc3 Nf6 Nf3 Bb4 Bg5 Bxc3+
1493,1700,black,300+3,e4 c5 Nf3 d6 Bc4 Nf6 Nc3 e6 O-O Be7
1668,1802,black,60+1,e4 e6 d4 d5 e5 c5 c3 Nc6 Nf3 Qb6
1654,1332,white,360+2,e4 e5 Bc4 Nc6 d3 Nf6 a3 Bc5 Nc3 h6
1912,1796,white,0+1,d4 e6 c4 f5 Nc3 Be7 Nf3 Bf6 Bd2 Ne7
1982,1788,black,180+3,e4 e5 Nf3 Nc6 Bc4 h6 c3 Nf6 Qe2 Be7
1668,1237,black,300+0,c4 e5 Nc3 Nc6 g3 Bc5 Bg2 Nf6 Nf3 Ng4
1163,1181,white,1800+30,e4 e5 Nf3 Nf6 d3 d5 d4 dxe4 Nxe5 Bb4+
1657,1542,black,360+2,e4 d5 exd5 Qxd5 Nc3 Qd8 Bc4 e6 d3 a6
1484,1197,black,480+5,e4 e6 Nf3 Nf6 Nc3 Nc6 Bc4 d5 Bb5 a6
1642,1328,white,360+2,e4 e5 Bc4 Nc6 d3 Nf6 a3 h6 f4 exf4
1447,1554,white,60+15,d4 b6 e3 Bb7 b3 g6 Bb2 Bg7 c4 Nf6
1569,1645,black,180+0,e4 g6 d4 Bg7 c4 e6 Nc3 f5 exf5 exf5
1798,1639,white,1800+8,e4 e5 Nf3 Qf6 Bc4 Bc5 d3 h6 Nc3 c6
1664,1651,black,600+0,e4 c5 Nf3 Nc6 c3 Qa5 Bc4 g6 Na3 a6
1807,1962,draw,180+3,e4 e5 Nf3 Nc6 Bb5 Nf6 Nc3 Bc5 O-O d6
1493,1465,white,60+2,d4 g6 c4 Bg7 Nc3 e6 e4 Nc6 f3 Nxd4
1643,1793,black,180+0,d4 d5 Bg5 h6 Bh4 c5 e3 f6 Qh5+ Kd7
1644,1766,black,180+10,d4 Nf6 c4 e6 a3 c5 dxc5 Bxc5 e3 O-O
1271,916,white,600+5,Nf3 d5 e3 g6 Bd3 Bg7 O-O e5 Bb5+ c6
1503,1450,white,60+2,d4 d5 c4 Bf5 Nc3 e6 Bf4 Bb4 e3 Bxc3+
1663,1622,black,600+0,Nf3 Nf6 d3 d5 h3 c5 Bf4 Nc6 c3 e6
1500,1653,white,600+10,e4 e5 f4 exf4 Nf3 f6 Bc4 Bb4 O-O Nc6
1957,1991,black,180+0,e4 Nc6 Nf3 e5 Bc4 Nf6 O-O Bc5 d3 h6
1345,1268,white,-,d4 e6 Nf3 Nf6 Nc3 Bb4 a3 Bxc3+ bxc3 Ne4
1509,1462,white,480+5,d4 d5 Bf4 Nc6 e3 f6 Bb5 e5 dxe5 a6
1284,1475,black,300+8,e4 d5 e5 c5 Qf3 e6 a4 Nc6 c3 d4
1654,1639,black,360+2,e4 c5 Bc4 e6 d3 d5 exd5 exd5 Bb3 Be6
1164,1500,black,120+8,e4 e6 Qh5 Nc6 Bc4 g6 Qf3 Nf6 Ne2 Bd6
2049,1658,white,0+2,d3 e6 e3 d5 Nc3 c5 Nf3 Nc6 Bd2 Bd6
1512,1398,white,180+1,e4 e5 Bc4 Nf6 d3 h6 Nc3 Bb4 Ne2 Nc6
1495,1706,black,300+3,e4 d5 e5 e6 Nf3 c5 c4 Nc6 Nc3 Nge7
2051,1655,white,0+2,g4 e5 Bg2 d5 c4 dxc4 b3 cxb3 Qxb3 Nc6
1650,1664,black,600+0,Nf3 b6 d3 Bb7 e4 h6 h3 Nf6 Bf4 Nc6
1705,1513,black,300+3,e4 e5 Nf3 Nc6 Bc4 Bc5 b4 Bxb4 c3 Ba5
1652,2054,black,0+2,e4 d6 d4 e5 dxe5 dxe5 Qxd8+ Kxd8 Bg5+ Be7
1698,1758,white,480+5,b4 e5 b5 d5 Bb2 Bd6 Nf3 Qe7 e3 Bf5
1904,1796,black,180+3,e4 c5 Nf3 Nc6 Bb5 Nd4 Bc4 Nxf3+ Qxf3 e6
1449,1507,white,480+5,e4 e5 Nf3 d6 Bc4 c6 a3 Nf6 Nc3 Be7
2054,1652,white,0+2,d4 e6 e4 d5 Nc3 dxe4 Nxe4 Nf6 Nxf6+ Qxf6
1649,2056,black,0+2,e4 c5 c3 Nc6 d4 e6 dxc5 Bxc5 Be3 Bxe3
1546,1799,black,240+0,e4 c5 c3 Nc6 d4 cxd4 cxd4 d5 e5 Bf5
1676,1406,white,300+0,e4 d5 exd5 Qxd5 Nc3 Qa5 Nf3 Bg4 Be2 Nc6
1697,1721,white,300+0,d4 g6 c4 Bg7 Nc3 b6 e4 Bb7 Nf3 e6
1675,1388,white,480+4,e4 e5 Nf3 Nc6 Nc3 d6 Bc4 h6 a3 Nf6
1658,2049,black,0+2,g3 d6 Nf3 Nf6 Bg2 e5 O-O Nc6 d4 e4
1391,1490,black,180+1,d4 d5 e3 Nc6 Bb5 Be6 Nf3 Bg4 Bxc6+ bxc6
1424,1636,black,180+1,d4 d5 e3 Bf5 a3 e6 b3 c5 c3 Qf6
2001,1804,black,180+0,e4 c5 b4 Nc6 b5 Nd4 c3 Ne6 d4 d5
1402,1681,black,300+0,e4 e5 Bc4 Nc6 c3 Bc5 b4 Bb6 Nf3 d6
1575,1711,black,300+0,e4 e5 Nf3 Qf6 Nc3 c6 h3 h6 Bc4 Bc5
1685,1398,white,300+0,e4 e5 Bc4 d6 Nc3 Nf6 d3 Qe7 Nf3 Be6
1500,1542,black,300+0,e4 e5 Nf3 d5 exd5 Qxd5 d4 exd4 Nxd4 Qe5+
1463,1370,white,480+4,d4 d5 c4 e6 Nc3 Nf6 Nf3 Nc6 e3 Be7
1809,1500,black,120+0,d4 c5 d5 e5 c4 d6 e4 Nf6 Nc3 Be7
1890,1745,white,180+3,e4 e5 Nf3 Nc6 d4 exd4 Bc4 Nf6 Ng5 Ne5
1218,1407,white,1800+15,e4 e5 d3 d6 Nf3 Bg4 Be2 Nf6 Bg5 h6
1738,1897,black,180+3,e4 e5 Nf3 Nc6 Bb5 a6 Ba4 Nf6 O-O Be7
1894,1798,white,120+0,e4 e6 d4 d5 e5 c5 Nf3 cxd4 Bd3 Nc6
1546,1718,draw,300+0,e4 e5 Nf3 Qf6 Bc4 Bc5 Nc3 c6 O-O h6
1695,1411,white,480+8,f4 f5 d4 Nf6 e3 e6 Nf3 d5 Ne5 Nc6
1493,1395,black,300+0,c4 d5 cxd5 Qxd5 Nc3 Qa5 g3 Nc6 Bg2 Bd7
1465,1903,white,480+5,e4 e5 Nf3 Nc6 Bc4 Nf6 Nc3 Be7 a3 O-O
1713,1554,white,300+0,e4 e5 Nf3 Bc5 b3 Nf6 Bb2 Nc6 Nxe5 Nxe5
1291,1529,white,1800+15,e4 e5 d3 d6 Nf3 Bg4 Be2 Bxf3 Bxf3 Be7
1573,1689,white,180+7,e4 e5 Nf3 Nc6 Bb5 Nge7 Nc3 d6 d4 exd4
1549,1863,black,240+0,e4 c5 c4 Nc6 Nf3 g6 b4 Nxb4 Ba3 Bg7
1456,1847,black,300+8,Nf3 c5 Nc3 Nf6 d4 cxd4 Nxd4 g6 e3 Bg7
1760,1640,black,600+0,e4 c5 Nf3 Nc6 Bb5 Nd4 Nxd4 cxd4 c3 a6
1804,1546,white,240+0,d4 d5 c4 g6 Nc3 dxc4 e3 Nf6 Bxc4 Bg7
1680,1877,white,300+5,d4 d5 Nc3 e6 Nf3 c5 e3 Nf6 a3 cxd4
1581,1587,black,300+2,e4 c5 Nf3 d6 Be2 Nf6 e5 dxe5 Nxe5 Nc6
1691,1649,white,300+3,e4 g6 d4 Bg7 Bc4 c5 Nf3 cxd4 Nxd4 Nc6
1811,1791,black,0+1,e3 e6 d4 d5 c4 c5 cxd5 exd5 dxc5 Bxc5
1645,1336,black,540+4,e4 e5 Bc4 Nc6 Nf3 h6 c3 Nf6 d3 Bc5
1726,1673,black,300+0,e4 e5 Nf3 Nc6 Bb5 Nge7 Nc3 d6 O-O Bd7
1584,1564,white,60+0,g3 g6 d3 e6 Bf4 Bg7 h4 Ne7 c3 O-O
1453,1353,black,300+8,Nf3 d6 Nc3 Bf5 e4 Bg6 Bd3 e5 Nd5 Nc6
1659,1409,white,300+0,e4 d5 exd5 Qxd5 Nc3 Qa5 Bc4 Nc6 Qf3 Nf6
1642,1497,white,180+1,b4 d5 Bb2 Nf6 d4 Nc6 b5 Na5 e3 Bd7
1544,1720,white,300+0,e4 e5 Nf3 Qf6 Bc4 Bc5 O-O h6 Nc3 c6
1904,1732,white,180+3,e4 e5 Nf3 Nc6 d4 exd4 Bc4 Nf6 Ng5 Ne5
1654,1625,white,600+0,Nf3 d5 d3 Bg4 Ne5 Bf5 h3 f6 Nf3 e5
1603,1544,white,0+1,d3 g6 Bd2 e6 Bc3 Bg7 Bxg7 Ne7 Bxh8 f5
1892,1500,white,180+0,e4 d5 exd5 Nf6 Nc3 Nxd5 Nf3 Nxc3 bxc3 Nc6
1603,1670,white,0+1,d3 Nf6 Bd2 e5 Bc3 d5 Nd2 Nbd7 e3 c5
1615,1657,white,0+1,d3 Nf6 Bd2 e5 c3 d5 d4 e4 Bg5 Be7
1734,1412,white,540+4,e4 e5 Bc4 Bc5 Nc3 Nf6 d3 d6 Bg5 h6
1673,1712,white,300+5,e4 c5 Nf3 Nc6 d4 cxd4 Nxd4 Nf6 Nc3 e5
1615,1657,white,0+1,d3 Nf6 Bd2 e5 Bc3 d5 Bd2 Bd6 Bg5 h6
1490,1499,black,60+10,e3 b6 Nc3 Bb7 Nf3 g6 Be2 Bg7 d4 Nf6
1449,1895,black,180+0,e4 c5 d4 cxd4 c3 dxc3 Nxc3 g6 Nf3 Bg7
1695,1692,white,300+5,d4 Nf6 Bg5 c6 Nc3 d5 h3 Bf5 Nf3 Nbd7
1407,1404,black,300+0,f4 d5 b3 Bf5 e3 Nc6 Bb5 Qd7 d4 O-O-O
1627,1645,white,0+1,d3 Nf6 Bd2 e6 Bc3 b6 Nd2 Bb7 e3 d6
1638,1633,black,0+1,d3 Nf6 Be3 e6 f3 b6 g3 Bb7 Bg2 d5
1073,1478,black,60+10,e4 e5 Nf3 Nf6 Nc3 Nc6 Bc4 Bb4 d3 Bc5
1627,1645,white,0+1,d3 Nf6 Bd2 e6 Bc3 b6 e3 Bb7 Be2 Be7
1541,1525,white,240+0,e4 a6 d4 b5 d5 Bb7 b3 c6 c4 bxc4
1594,1554,white,0+1,g3 g6 Bg2 e6 d3 Bg7 Bh6 Ne7 Bxg7 Rg8
2009,1435,white,120+0,e4 b6 Nf3 Bb7 Nc3 g6 d4 Bg7 Bd3 Nf6
1627,1644,white,0+1,d3 Nf6 Be3 e6 Bg5 h6 Bxf6 Qxf6 c3 b6
1300,1439,black,300+8,d4 d5 Nf3 Nf6 Nc3 Nc6 Bd2 e6 e3 Bb4
1627,1644,black,0+1,d3 Nf6 Bd2 e6 e3 b6 Be2 Bb7 Bf3 Bxf3
1897,1417,draw,180+0,e4 d5 exd5 Nf6 c4 c6 Nc3 e6 dxe6 Bxe6
1945,1845,white,180+0,e4 c5 c3 Nc6 d4 cxd4 cxd4 e6 Nf3 Nf6
1618,1633,white,0+1,g3 Nf6 Bg2 g6 b3 Bg7 Bb2 O-O f3 d6
2010,1434,white,120+0,e4 b6 Nf3 Bb7 Nc3 g6 d4 Bg7 Bd3 Nf6
1485,1408,white,480+8,d4 Nc6 Bf4 Nxd4 Qxd4 Nf6 e3 d5 Qc3 Ne4
1581,1890,white,180+0,e4 c5 d4 cxd4 c3 dxc3 Nxc3 g6 Bc4 Bg7
1687,1414,black,300+0,e4 d5 exd5 Qxd5 Nc3 Qa5 Nf3 Bg4 Be2 Nc6
1628,1622,white,0+1,g3 Nf6 Bg2 g6 d3 Bg7 Bg5 O-O Bxf6 Bxf6
1628,1622,white,0+1,g3 Nf6 Bg2 g6 d3 Bg7 Bh6 O-O e3 Bxh6
1480,1064,white,60+10,e4 e5 Nc3 Nc6 Nf3 Nf6 Bb5 a6 Ba4 d6
2011,1433,white,120+0,e4 b6 Nf3 Bb7 Nc3 Nf6 e5 Nd5 Nxd5 Bxd5
1639,1611,black,0+1,g3 Nf6 Bg2 g6 d3 Bg7 Bg5 O-O h4 h6
1639,1611,black,0+1,d3 Nf6 Bd2 e6 Bc3 Be7 Bxf6 Bxf6 c3 b6
1382,1388,white,600+10,e4 c5 Nf3 d6 Nc3 Nf6 Bb5+ Bd7 Bxd7+ Nbxd7
1488,1672,black,1800+0,d4 d5 c4 Nf6 Nc3 Bf5 Nf3 Nc6 e3 Nb4
1445,1368,white,300+8,Nf3 d6 Nc3 e5 d4 exd4 Qxd4 Nc6 Qe3+ Be7
1623,1627,black,0+1,e4 c6 d4 Qc7 Nc3 e6 Nf3 Bb4 b3 Bxc3+
1398,1462,black,60+15,e4 e5 d4 Nc6 d5 Nce7 Bd2 d6 Nf3 h6
1954,1751,white,300+3,e4 c5 c3 d6 d4 cxd4 cxd4 Nc6 d5 Ne5
1498,1488,black,300+3,e4 c5 e5 Nc6 Nf3 Qc7 Qe2 g6 d3 Bg7
1836,1874,black,180+0,e4 c5 d3 g6 c4 Bg7 f4 Nc6 Nc3 Nf6
1638,1612,white,0+1,g3 Nf6 Bg2 e6 d3 g6 Bg5 Bg7 Bxf6 Bxf6
1638,1612,draw,0+1,g3 Nf6 Bg2 g6 d3 Bg7 Bg5 O-O Bxf6 Bxf6
1667,1433,white,300+0,e4 d5 e5 e6 d4 f5 exf6 Qxf6 Nf3 Nc6
1395,1510,black,360+10,e4 e6 Nf3 g5 e5 g4 Nd4 Qg5 d3 Qxe5+
1607,1910,black,180+3,d4 Nf6 Bf4 g6 Nf3 Bg7 e3 O-O Nbd2 c5
1885,1984,white,180+0,e4 Nc6 c4 e5 Nc3 Bc5 Nf3 Nf6 a3 a5
1602,1647,black,0+1,e4 b6 d4 Bb7 Nc3 e6 Be2 Bb4 Nf3 Bxe4
1647,1602,black,0+1,d3 Nf6 Be3 g6 Qd2 Bg7 Bh6 O-O Bxg7 Kxg7
1614,1636,black,0+1,e4 b6 Nc3 Bb7 d3 e6 Nf3 Bb4 Be2 Bxc3+
1346,1482,white,60+10,e4 d5 exd5 Qxd5 Nc3 Qa5 Nf3 Nc6 a3 Nf6
1636,1614,white,0+1,d3 Nf6 Bd2 g6 Bc3 Bg7 Bxf6 e6 c3 Bxf6
1604,1645,white,0+1,e4 b6 Nf3 Bb7 d3 e6 Nc3 Bb4 a3 Bxc3+
1056,1672,black,300+0,e4 e5 Nf3 Nc6 Bc4 Bc5 Nxe5 Nxe5 d4 Nxc4
1595,1654,white,0+1,e4 b6 Nf3 Bb7 d3 e6 Nc3 Bc5 a3 Bd6
1901,1970,black,180+0,e4 Nc6 d4 e5 d5 Nce7 c4 Ng6 Nc3 Nf6
1546,1373,black,600+10,e4 c5 c3 d6 Nf3 e5 Bc4 Nh6 h3 Nc6
1859,1910,white,540+5,e4 e6 Nf3 d5 exd5 exd5 Be2 c6 O-O Bg4
1518,1387,black,360+10,e4 d5 e5 d4 Nf3 Nc6 d3 f6 Bf4 g5
1619,1631,white,0+1,e4 b6 Nc3 Bb7 d4 e6 a3 Bb4 axb4 a5
1950,1471,white,60+15,e4 e5 Nf3 d6 d4 Nc6 dxe5 dxe5 Qxd8+ Kxd8
1507,1438,black,240+2,e4 b6 Bc4 Bb7 d3 e6 Nf3 Nf6 Bg5 Be7
1642,1607,black,0+1,d3 Nf6 Be3 g6 Bh6 Bg7 Bxg7 Rg8 Bxf6 exf6
1526,1428,white,300+0,e4 d5 e5 e6 d4 f5 Nf3 Bd7 Nc3 Qe7
1607,1642,white,0+1,e4 e6 d4 Bd6 e5 Bb4+ c3 Be7 Nf3 d6
1825,1960,white,180+0,e4 Nc6 d3 e5 f4 exf4 Bxf4 d6 Nc3 Be7
1631,1619,white,0+1,g3 Nf6 Bg2 g6 d3 Bg7 Bg5 O-O c3 h6
1471,1678,black,1800+0,d4 d5 c4 Nf6 Nc3 Bf5 Nf3 Nc6 cxd5 Nxd5
1645,1604,white,0+1,g3 Nf6 Bg2 g6 d3 Bg7 Bh6 O-O Bxg7 Kxg7
1619,1631,white,0+1,e4 b6 d4 Bb7 Nc3 e6 a3 Bb4 axb4 a5
1620,1630,black,0+1,g3 Nf6 Bg2 g6 d3 Bg7 f3 O-O g4 h6
1406,1304,black,720+0,e4 e6 Nf3 d5 exd5 exd5 Qe2+ Be7 d4 Nf6
1880,1500,black,1500+6,d4 e6 e4 d5 Nc3 Bb4 e5 c5 a3 Bxc3+
1465,1673,black,60+10,e4 e5 Nc3 Nc6 Nf3 Bc5 Bb5 Nge7 O-O d6
1620,1630,white,0+1,g3 g6 Bg2 Nf6 d3 Bg7 Bg5 h6 Bf4 d6
1508,1520,black,1800+0,d4 d6 Nf3 g6 g3 Bg7 Bg2 Nf6 O-O O-O
1352,1379,black,720+0,d4 d5 c4 Nf6 a4 Nc6 Nf3 Bg4 e3 e6
1620,1630,black,0+1,d3 Nf6 Bd2 g6 Bc3 Bg7 Bxf6 Bxf6 c3 O-O
1638,1613,white,0+1,e4 b6 d4 Bb7 Nc3 e6 a3 Bb4 axb4 a5
1630,1620,white,0+1,e4 b6 Nc3 Bb7 d4 e6 a3 Bb4 axb4 a5
1885,1871,white,540+5,d4 d5 Bf4 Nf6 Nf3 Nc6 e3 a6 Nbd2 Bg4
1610,1640,black,0+1,g3 Nf6 Bg2 g6 d3 Bg7 Bg5 h6 Bf4 d6
1503,1504,black,600+10,e4 e5 Nc3 Bc5 Qe2 b6 Nf3 Ba6 d3 Nc6
1419,1534,white,300+0,e4 e5 Bc4 Nf6 d3 Bc5 c3 d6 h3 a6
1775,1830,draw,180+3,e4 e6 d4 Nc6 Nf3 d5 e5 Bd7 Bd3 g6
1537,1266,black,180+6,e4 d5 exd5 Qxd5 d4 Nc6 Nc3 Qa5 Nf3 Bf5
1650,1601,white,0+1,e4 e6 d4 Be7 Nc3 d6 f4 Bd7 Nf3 c6
1650,1601,black,0+1,e4 e6 d4 Be7 Nc3 Bf6 f4 Be7 Nf3 d6
1594,1657,white,0+1,g3 Nf6 Bg2 g6 d3 Bg7 Bd2 O-O Bc3 d6
1613,1638,black,0+1,d3 Nf6 Bd2 e6 Bc3 Be7 Bxf6 Bxf6 c3 d6
1456,1752,black,900+8,f4 d5 Nf3 Bf5 c4 Nf6 Nc3 d4 Nb5 c5
1845,1940,black,180+0,e4 e5 d3 Nc6 f4 d5 exd5 Qxd5 Nc3 Qa5
1493,1434,white,300+0,e4 d5 exd5 Qxd5 Nc3 Qa5 d3 Nf6 Bd2 e6
1943,1842,draw,180+0,e4 c5 c3 Nc6 d4 cxd4 cxd4 e6 d5 Ne5
1663,1588,black,0+1,e4 b6 d4 Bb7 Nc3 e6 a3 Bb4 axb4 f6
1740,1643,black,300+8,e4 e5 Bc4 h6 Qh5 Qf6 Nf3 d6 Nc3 c6
1451,1347,white,300+5,b3 d5 Bb2 Nc6 e3 f6 Bb5 Bd7 Bxc6 Bxc6
1828,1777,black,180+3,e4 e5 Nf3 Nc6 Bb5 a6 Ba4 Nf6 O-O d6
1648,1603,white,0+1,e4 e6 d4 Be7 Nc3 d6 a3 Bd7 Be2 Bc6
1657,1594,black,0+1,e4 e6 d4 Be7 Nf3 d6 Be2 Bd7 O-O c6
1891,1506,white,180+0,e4 c5 Nf3 Nc6 d4 cxd4 Nxd4 g6 Nc3 Bg7
1618,1469,white,300+7,e4 e5 Bc4 d6 d4 Nc6 d5 Nce7 h3 a6
1398,1320,white,720+0,e4 e6 Nc3 d6 Nf3 Nf6 Bb5+ c6 Bc4 Be7
1866,1949,black,180+0,e4 e5 Nf3 f6 d4 exd4 Qxd4 Nc6 Qd5 Nge7
1601,1650,white,0+1,Nc3 Nf6 Nf3 e6 d3 Nc6 Be3 d5 Bd2 Bd6
1394,1522,black,600+10,e4 e5 Nf3 Nc6 Nc3 Nf6 d4 exd4 Nxd4 Nxe4
1254,1724,black,420+8,e4 e5 Nf3 Nc6 Nc3 Bb4 d4 Bxc3+ bxc3 exd4
1601,1500,white,1200+8,e4 g6 d4 Bg7 Nf3 Nf6 e5 Nd5 Bc4 c6
1606,1644,black,0+1,g3 Nf6 Bg2 g6 d3 Bg7 Bg5 O-O c3 d6
1362,1905,black,1800+15,e4 e6 Nf3 d5 d4 dxe4 Ne5 Nd7 Nc3 Nxe5
1597,1654,black,0+1,g3 Nf6 Bg2 g6 d3 Bg7 Bg5 O-O Bxf6 exf6
1816,1789,white,180+3,e4 e5 Nf3 Nc6 Bb5 a6 Ba4 Nf6 O-O d6
1958,1824,white,180+0,e4 c5 c3 Nc6 d4 cxd4 cxd4 d5 e5 Bf5
1793,1965,black,180+0,e4 e5 Nf3 Nc6 d4 exd4 Bc4 Nf6 e5 Ng4
1503,1590,white,120+2,e4 e5 Nf3 Nc6 d4 exd4 Nxd4 Nxd4 Qxd4 Qf6
1295,1414,black,720+0,d4 d5 c4 Nf6 e3 Nc6 Bd3 g6 Nf3 Bf5
1625,1446,black,300+7,e4 e5 Bc4 c6 d3 d5 exd5 cxd5 Bb3 Nc6
1709,1897,black,60+0,e4 c5 Nf3 e6 d4 d5 exd5 exd5 dxc5 Nf6
1826,1779,white,180+3,e4 e5 Nf3 Nc6 Bb5 a6 Ba4 d6 O-O Bg4
1339,1287,white,300+5,d4 d5 Nc3 Nf6 Bg5 e6 Nf3 Be7 e3 Ne4
1612,1332,white,60+8,d4 d5 g3 f5 Bg2 e6 Nf3 Nf6 Bg5 Be7
1287,1425,white,300+0,e4 d5 exd5 Qxd5 Nc3 Qa5 d4 Nc6 Bd2 Bf5
1768,1518,white,120+2,d4 d5 e3 c6 Nf3 e6 Nbd2 Nf6 Bd3 Nbd7
1913,1665,white,180+3,e4 e6 d4 d5 Nc3 dxe4 Nxe4 Nf6 Nxf6+ Qxf6
1903,1703,white,60+0,d4 e6 c4 d5 Nc3 dxc4 Nf3 Bb4 Qc2 Bxc3+
1788,1524,black,120+2,d4 c5 e3 cxd4 Qxd4 Nc6 Qd1 d5 Nf3 Bg4
1403,1609,black,300+7,e4 d5 exd5 Qxd5 Nc3 Qd8 d4 Bf5 g4 Bg6
1751,1967,white,360+4,e4 c5 Nf3 Nc6 d4 cxd4 Nxd4 Nf6 Nc3 d6
1648,1837,white,300+3,d4 d5 e3 c5 c4 dxc4 Bxc4 cxd4 exd4 Nf6
1492,1437,white,600+10,e4 e5 Nc3 d6 b4 a6 b5 a5 Nd5 b6
1972,1769,black,180+0,e4 c5 c3 Nc6 d4 cxd4 cxd4 d5 e5 Bf5
1717,1500,white,900+0,e4 e6 Nf3 Be7 a3 b6 Bc4 Bb7 d3 c6
1368,1607,black,1200+8,Nf3 d6 e3 Nf6 Be2 e5 O-O Nc6 b4 a6
1769,1972,black,180+0,e4 e5 Nf3 Nc6 d4 exd4 Bc4 Bc5 c3 dxc3
1827,1908,black,60+0,c4 c5 Nf3 e6 Nc3 Nf6 d3 d5 cxd5 exd5
1427,1274,white,720+0,e4 e5 Nf3 Nf6 Nc3 Nc6 Bc4 Bc5 Nxe5 Nxe4
1917,1818,white,60+0,d4 f5 c4 Nf6 Nc3 e6 Nf3 d6 Bg5 Nbd7
1615,1397,white,300+7,e4 d5 e5 Nc6 d4 b6 Nf3 Bb7 Bb5 a6
1768,1661,white,120+2,d4 e6 e3 d5 Nf3 c5 Bd3 Qb6 b3 Nc6
1617,1700,black,60+8,d4 Nf6 g3 e6 Bg2 d6 Nf3 Nbd7 c3 Be7
1739,1756,white,900+8,e4 e5 Nf3 Nc6 Bb5 Qf6 Nc3 a6 Bxc6 dxc6
1810,1926,white,60+0,e4 c5 Nh3 e6 Nf4 d5 e5 f6 d4 Nc6
1741,1711,black,180+1,e4 c5 Nf3 b6 d4 cxd4 Nxd4 Bb7 Bd3 g6
1512,1529,white,240+3,e4 d5 e5 d4 b3 Nc6 Nf3 Bg4 Qe2 Nb4
1911,1825,white,60+0,d4 e6 c4 Nh6 Nc3 Ng4 Nf3 Nf6 Bg5 d6
1577,1488,white,540+18,e4 e5 Nf3 d6 Bc4 c6 d4 d5 exd5 cxd5
1749,2128,black,300+1,e4 e6 Nf3 d5 exd5 exd5 d4 Bg4 Be2 Bd6
1500,1881,draw,300+8,d4 Nf6 Nc3 d5 Nf3 e6 Bg5 c5 e3 Nc6
1948,1769,white,360+4,d4 d5 c4 e6 Nf3 Nf6 Bg5 Be7 Nc3 c6
2123,1801,white,300+1,e4 e6 d4 d5 e5 c5 c3 cxd4 cxd4 f6
1816,1919,white,60+0,e3 c5 d4 e6 d5 exd5 Qxd5 d6 e4 Nf6
1278,1349,black,300+5,d4 d5 c4 dxc4 a4 c6 Nc3 Bd7 e4 e6
1630,1537,white,300+2,d4 g6 e3 b6 Nf3 Bg7 a3 Bb7 b4 d6
1652,2132,black,300+1,e4 e6 d4 d5 exd5 exd5 Nf3 Bg4 Nc3 c5
1777,1685,black,120+2,d4 d5 e3 Nf6 Nf3 Bf5 Bd3 Bxd3 Qxd3 e6
1524,1271,white,240+3,e4 e5 Nf3 Nc6 Bc4 Bc5 O-O d6 c3 a6
1905,1831,white,60+0,d4 Nf6 c4 e5 Nc3 exd4 Qxd4 Nc6 Qd2 Bc5
1836,1918,white,180+3,d4 Nf6 c4 g6 Nc3 d5 cxd5 Nxd5 e3 Bg7
1427,1361,white,300+5,d4 d5 e3 Nf6 Bd3 Nc6 a3 Bg4 f3 Bd7
1815,1704,white,300+5,e4 d5 exd5 Qxd5 Nc3 Qd8 Nf3 e6 d4 c6
1987,2170,white,180+0,e4 c5 Nf3 e6 d4 cxd4 Nxd4 Nf6 Nc3 Qb6
1721,1729,white,300+5,e4 e5 Nf3 Nc6 Bb5 d6 O-O Bd7 Re1 Nd4
1874,1861,white,60+0,d4 Nf6 c4 e6 Nc3 d5 Nf3 c6 Bg5 Be7
1513,1734,black,480+8,d4 d5 g3 Nc6 Bg2 Nf6 Nc3 e6 e4 dxe4
1439,1385,draw,720+0,e4 e5 Nf3 Nc6 Nc3 d6 Bc4 Nd4 O-O Nf6
1242,1534,black,420+8,f4 Nc6 h4 e5 d3 Bc5 Nf3 d6 e4 Bg4
1459,1528,white,240+3,e4 c5 Nc3 e6 Bb5 a6 Bc4 b5 Bd3 Bb7
1822,1914,white,60+0,e4 c5 Qf3 e6 Bd3 Nc6 Nc3 Nf6 Nge2 Be7
1907,1358,white,1800+15,d4 e6 Bf4 d6 Nf3 Qf6 e3 g5 Bxg5 Qg6
1529,1638,black,300+2,e4 e5 Bc4 Nc6 Nc3 a6 Nf3 h6 d3 Bd6
1501,1428,black,600+10,e4 e5 c3 d6 Bb5+ c6 Ba4 b5 Bb3 Nf6
1900,1836,black,60+0,d4 e6 c4 h6 Nc3 g5 Nf3 a6 Bd2 Bg7
1885,1850,white,60+0,d4 Nf6 c4 g6 Nc3 Bg7 Nf3 e6 Bg5 O-O
2134,1702,draw,300+1,e4 c5 d4 cxd4 c3 dxc3 Nxc3 Nc6 Nf3 d6
1763,1612,white,360+4,e4 e5 Nf3 Nc6 Bc4 h6 c3 Nf6 d4 exd4
1585,1425,white,540+18,e4 d6 Nf3 e6 d4 Nf6 e5 dxe5 Nxe5 Bd6
1849,1886,white,60+0,e4 c5 d3 e6 Nc3 d5 exd5 exd5 Bf4 Nf6
1861,1874,black,60+0,e4 c5 Nf3 e6 d3 d5 e5 f6 exf6 Nxf6
1358,1208,white,300+5,d4 d5 Nc3 Nf6 Bg5 h6 Bxf6 exf6 e4 c6
1311,1100,white,300+5,e3 Nf6 a3 e5 b4 Nc6 Bb2 d6 d4 Bg4
1384,1205,white,300+0,e4 e5 Qh5 g6 Qxe5+
1307,1294,black,1800+0,d4 d5 e3 c6 f4 Be6 Nf3 Nd7 Bd3 Qb6
1723,1697,black,180+1,c4 e5 b3 d6 Bb2 Bf5 Nc3 Be7 g3 Nf6
1515,1304,white,240+3,e4 d5 e5 d4 b3 Nc6 Nf3 Qd5 Bc4 Qa5
1387,1436,white,720+0,e4 e5 d4 Nc6 dxe5 Nxe5 Qd4 d6 f4 Nc6
1390,1474,black,300+0,e4 d5 exd5 Qxd5 Nc3 Qa5 a4 Nf6 Nf3 Bd7
1840,1895,white,60+0,e4 c5 Nf3 e6 d4 d5 e5 f6 c3 Nc6
1414,1722,black,600+8,e4 e5 Bc4 Nc6 Qh5 g6 Qf3 Nf6 d3 d6
1835,1978,black,180+3,e4 e5 Nf3 Nc6 Bb5 Nf6 O-O d6 Re1 Bg4
1537,1543,black,720+4,e4 e5 f4 Nc6 fxe5 Nxe5 Qh5 Qf6 d4 Ng6
1882,1853,black,60+0,d4 e6 c4 d5 Nc3 c6 Nf3 Be7 Bf4 Nf6
2002,2120,white,180+0,d4 Nf6 c4 e6 a3 d5 e3 Be7 Nc3 O-O
1725,1670,white,300+8,e4 d6 Nf3 e5 Nc3 Bg4 Be2 Nc6 d4 exd4
1316,1053,black,300+5,e3 e5 a3 Nc6 b4 Nf6 Bb2 d6 Bb5 Bd7
1865,1870,draw,60+0,e3 c5 f4 e6 Nf3 d5 c3 Nf6 d4 Nc6
1565,1771,black,120+2,e4 c5 Bc4 e6 Nf3 Nf6 d3 d5 exd5 exd5
1574,1515,white,300+3,d4 b5 Nf3 Bb7 Bf4 e6 e3 c5 Bxb5 Qa5+
1699,1663,draw,300+2,e4 e5 Nc3 d6 Bc4 Nf6 f4 Be7 Nf3 Bg4
1708,1711,black,180+1,d4 d5 Nf3 e6 Bg5 Nf6 e3 h6 Bh4 c5
1870,1865,white,60+0,d4 e6 c4 d5 Nc3 c6 Nf3 Nf6 Bg5 Be7
1544,1385,black,60+0,d4 d5 c4 e6 Nc3 dxc4 e3 Nc6 Bxc4 e5
1524,1392,black,540+5,e4 Nc6 Bc4 e5 Nf3 Bc5 Ng5 Qxg5
1520,1647,draw,240+3,e4 e5 Nf3 Nc6 d4 exd4 Nxd4 Qf6 Nf3 Bc5
1347,1500,white,120+0,e4 e5 d4 exd4 Qxd4 Nc6 Qd1 Nf6 c3 Bc5
1538,1542,white,300+8,e4 e5 Bc4 Nf6 Nc3 b6 a3 Bb7 d3 Nc6
1738,1182,black,300+5,e4 e5 Bc4 Nf6 Nc3 c6 d3 b5 Bb3 a5
1317,1670,black,300+5,d4 d5 Nc3 Nc6 h3 Bf5 Nf3 e6 g4 Be4
1770,1679,white,360+4,e4 e5 Nf3 Nc6 Bc4 Nf6 Ng5 Nd5 d3 f6
1689,1647,black,60+1,c4 c5 Nc3 e6 g3 d5 cxd5 exd5 Bg2 Nf6
1780,1828,black,300+0,e4 e6 Nf3 d5 exd5 exd5 d4 Nf6 Nc3 c5
1711,1468,black,480+5,b4 f5 Bb2 Nf6 e3 a6 a4 c6 c4 b6
1646,1794,white,300+2,d4 d5 a3 e6 b4 a5 b5 c6 bxc6 Nxc6
1606,1324,white,60+8,d4 e6 g3 Be7 Bg2 c6 Nf3 d5 c3 g6
1671,1778,black,360+4,f3 e5 g3 f5 Bg2 f4 b3 Be7 Bb2 fxg3
1630,1732,black,300+7,e4 e5 Bc4 Nc6 Nf3 d6 d3 Bg4 h3 Bh5
1797,1780,white,420+3,e4 e5 Nf3 Nc6 Bc4 Nf6 Nc3 Bc5 h3 h6
1837,1762,black,300+0,e4 e6 Nf3 d5 exd5 exd5 c4 d4 d3 c5
1857,1854,black,60+0,e4 e6 Nf3 d5 exd5 exd5 d4 c6 Bd3 Nf6
1360,1369,black,120+0,e4 d6 d4 e6 f4 Nf6 e5 Nc6 c3 dxe5
2111,1698,white,300+1,e4 d5 Nc3 dxe4 Nxe4 Nf6 Nxf6+ exf6 d4 Bd6
1665,1698,white,300+2,d4 d5 e3 Nf6 Nf3 Bf5 Be2 Nbd7 O-O e6
1592,1509,black,540+18,e4 e5 Nf3 Nc6 Bc4 h6 d4 d6 O-O Bg4
2099,2017,white,180+0,e4 c5 d4 cxd4 c3 d6 cxd4 Nf6 Nc3 g6
1677,1663,black,60+1,c4 c5 Nc3 Nc6 g3 e6 Bg2 d5 cxd5 exd5
1787,1663,white,360+4,e4 e5 d4 exd4 c3 Nf6 e5 Nd5 Bc4 c6
1346,1500,black,120+0,e4 e6 d4 d5 e5 c5 c3 Qb6 b3 Nc6
1605,1431,white,300+8,d4 c5 g3 cxd4 Bg2 e5 e3 dxe3 Bxe3 Nf6
1635,1673,black,300+5,e4 e5 Nf3 Nc6 Bc4 Nf6 Nc3 Bc5 d3 O-O
1730,1722,white,180+1,e4 c5 Qh5 b6 Bc4 e6 e5 Nc6 f4 d6
1665,1678,black,60+1,c4 c5 Nc3 e6 g3 d5 cxd5 exd5 Bg2 d4
1415,1238,white,720+0,e4 c5 Nf3 Qb6 Bc4 e6 d3 Nc6 Nc3 a6
1611,1500,white,60+8,d4 d5 g3 c6 Bg2 Nf6 Nf3 e6 c3 Bd6
1547,1640,white,600+10,e4 e5 Bc4 Nf6 d3 h6 Nc3 Bb4 Bd2 O-O
1619,1372,white,60+8,d4 d5 g3 c6 Bg2 Nf6 Nf3 e6 O-O Bd6
1298,1365,black,300+5,e3 d5 a3 e5 b4 f5 Bb2 e4 d3 Nf6
1655,1488,black,60+1,c4 e5 Nc3 Nf6 g3 Bb4 Bg2 c6 a3 Bxc3
1985,2114,white,300+1,e4 e6 d4 d5 exd5 exd5 c4 Nf6 Nc3 Bb4
1711,1741,black,180+1,c4 f5 b3 Nf6 Bb2 e6 g3 Be7 Bg2 Nc6
1704,1500,white,240+3,e4 e5 Nf3 Nc6 Nc3 Nf6 Bc4 h6 d3 Bc5
1744,1509,black,900+8,d4 d5 Bf4 Nf6 Nf3 e6 Nc3 Bd6 Qd2 O-O
1786,1825,white,300+0,e4 e6 b3 d5 e5 c5 Bb2 Ne7 d4 Nbc6
1696,1733,black,300+5,d4 d5 Nf3 Nf6 Bg5 e6 Nc3 Be7 e3 O-O
1660,1603,white,300+2,d4 d5 a3 Bf5 e3 Nf6 h3 e6 b4 Nbd7
1402,1575,black,300+2,e4 e5 Nf3 Nc6 Nc3 d6 Bc4 Be7 d3 Bg4
1709,1524,white,240+3,e4 c5 c4 Nc6 Nf3 e6 Nc3 a6 a3 Nge7
1438,1588,black,900+1,e4 e6 e5 f6 f4 c5 c3 Nc6 d4 cxd4
1751,1701,black,180+1,e4 c5 Qh5 b6 Bc4 e6 f4 Bb7 Qe2 Qh4+
1909,1608,white,600+10,d4 d5 Bf4 Nc6 e3 a6 Nf3 Bg4 Be2 Qd7
1450,1522,black,300+3,e4 e5 Nf3 Nc6 Bb5 d6 Bxc6+ bxc6 d4 Ba6
1497,1407,white,1800+0,d4 Nf6 Nf3 b6 g3 Bb7 Bg2 c5 O-O e6
1636,1752,black,180+10,d4 d5 c4 Nc6 e3 Bf5 Nc3 e6 a3 Be7
1861,1769,draw,540+5,e4 e5 Nf3 Nc6 Bb5 a6 Bxc6 dxc6 O-O Bd6
1392,1661,white,300+8,c4 e5 Nc3 Bb4 a3 Bxc3 bxc3 d5 cxd5 Qxd5
1622,1808,white,300+7,e4 e6 Bc4 c5 d3 Be7 Nf3 a6 d4 b5
1375,1670,white,300+5,d4 d5 Nc3 Nf6 Bg5 Ne4 Nxe4 dxe4 e3 Bf5
1692,1881,white,60+0,e4 c5 d4 e6 dxc5 Bxc5 Nc3 Nc6 Nf3 Nf6
1808,2093,black,300+0,e4 e6 d4 d5 exd5 exd5 Nc3 Nc6 Bb5 Bd7
2021,1688,black,420+0,e4 e5 Nf3 Nc6 d4 exd4 Bb5 Bb4+ c3 dxc3
1518,1265,white,240+3,e4 e5 Nf3 Nc6 Bc4 Bc5 O-O d6 c3 Nf6
1714,1415,black,240+3,e4 e5 Nf3 Nc6 Bc4 Bc5 d3 h6 g4 g5
1484,1416,white,300+5,e4 e5 Nc3 c6 Nf3 Qf6 Bc4 a5 d3 h6
1425,1533,black,720+0,e4 e5 Nf3 Nc6 Bc4 Nf6 Nc3 h6 d3 a6
1578,1500,black,180+0,d4 d5 Nc3 Nf6 Bf4 e6 Nb5 Na6 a3 c6
1916,1664,white,600+0,d4 d5 Bf4 e6 Nf3 Nf6 e3 Be7 a3 O-O
1436,1695,black,240+3,e4 e5 f4 exf4 Nf3 g5 h3 Nc6 Nc3 Bc5
1865,1713,white,60+0,d4 Nf6 c4 g6 Nc3 Bg7 Nf3 d6 Bg5 O-O
2098,1802,white,300+0,e4 e6 d4 d5 e5 c5 c3 Nc6 Nf3 Qb6
1766,1696,white,240+0,d4 d5 c4 Nc6 e3 dxc4 Bxc4 Bf5 Nc3 e6
1868,1409,white,300+0,e4 d5 exd5 Qxd5 Nf3 Bg4 Be2 Nc6 Nc3 Qh5
1705,1871,black,60+0,e4 c5 c3 e6 d4 d5 exd5 exd5 dxc5 Nf6
1338,1620,white,300+7,d4 d5 Nf3 Nc6 Nc3 Bg4 h3 Bf5 a3 e6
1573,1531,white,480+1,e4 e5 Nf3 Nc6 Bc4 a6 d3 d6 Nc3 b5
1877,1697,black,60+0,d4 e6 c4 d5 Nc3 dxc4 Nf3 Nf6 Bg5 Be7
1511,1521,white,180+0,d4 d5 Nc3 e6 a3 Nf6 Bf4 Nc6 Nb5 Bd7
1339,1295,white,120+0,e4 e6 d4 d6 c3 h6 f3 c6 Be3 Nf6
1701,1874,black,60+0,e4 c5 c3 e6 d4 d5 exd5 exd5 dxc5 Nf6
1629,1655,black,180+10,d4 g6 c4 Bg7 Nc3 b6 a3 Bb7 Bg5 d6
1717,1861,black,60+0,e4 c5 c3 e6 d4 d5 exd5 exd5 dxc5 Nf6
1582,1437,white,180+0,d4 d5 Nc3 e6 a3 c6 e4 h6 exd5 exd5
1803,1426,white,60+1,d4 Nc6 d5 Nb8 e4 d6 c4 c6 Nc3 c5
1408,1870,black,300+0,e4 c6 Bd3 d5 exd5 cxd5 Nf3 Nf6 Qe2 Bg4
1487,1103,white,420+0,e3 c5 Be2 d5 Bb5+ Bd7 Bxd7+ Nxd7 Nh3 e5
1411,1805,black,60+1,e4 e6 Nf3 d5 e5 c5 d4 Nc6 c3 cxd4
1660,1561,white,600+4,e4 e5 Nf3 Nc6 Bc4 d6 d4 exd4 Nxd4 Bd7
1640,1399,white,360+10,e4 Nc6 Nf3 d5 e5 e6 d4 f6 exf6 Qxf6
1522,1441,black,540+5,e4 e5 Nf3 d6 Bc4 h6 d3 Nf6 h3 Be7
1904,1690,white,180+3,e4 e5 Nf3 f5 Nxe5 d6 Nc4 Nf6 e5 Ng4
1868,1709,white,60+0,d4 e6 c4 d5 Nc3 dxc4 Nf3 c6 e4 b5
2000,1809,draw,420+0,e4 e5 Nf3 Nc6 d4 exd4 Bb5 Bb4+ c3 dxc3
1360,1406,white,300+0,e4 d5 Nc3 d4 Nb5 e5 Nf3 a6 Na3 Bxa3
1808,1398,white,60+1,d4 d5 c4 e6 cxd5 exd5 Nc3 Nf6 Bg5 Be7
1314,1375,black,300+4,d4 e6 e4 d6 Nf3 c6 h4 h6 Bd3 Nf6
1737,1544,black,1200+10,e4 e5 Nf3 Nc6 Bb5 Nf6 O-O Nd4 Bc4 b5
1564,1569,white,300+15,e4 e5 Qh5 d6 Bc4 g6 Qf3 Qf6 d3 Be6
1796,1551,white,300+0,e4 e5 d4 exd4 c3 d6 Bc4 Nf6 Nf3 Be7
1686,1510,white,300+5,e4 e5 Nf3 Nc6 Bc4 h6 O-O Nf6 d4 exd4
1859,1719,white,60+0,d4 e6 c4 d5 Nc3 dxc4 Nf3 Nf6 Bg5 Be7
1413,1296,white,720+0,e4 d5 exd5 Qxd5 Nc3 Qd8 Nf3 Bg4 h3 Bxf3
1739,1871,black,240+2,g3 c6 Bg2 d5 h4 e5 d4 e4 Bf4 Be6
1387,1810,black,60+1,e4 e6 d4 d5 e5 c5 c3 Nc6 Nf3 Qb6
1880,1694,draw,60+0,d4 d5 c4 e5 Nc3 dxc4 d5 Nf6 Nf3 c6
2103,1493,white,300+1,e4 Nf6 Nc3 d5 e5 Ne4 d4 Nxc3 bxc3 Nc6
1774,1626,white,240+0,d4 c6 c4 d5 e3 Nf6 Nf3 Bg4 Be2 e6
1639,1530,white,60+1,c4 e5 Nc3 Qf6 g3 c6 Bg2 Bc5 Ne4 Qe7
1685,1839,black,240+3,e4 e5 f4 Nc6 Nf3 f5 fxe5 fxe4 Ng1 Nxe5
1618,1485,white,180+0,d4 e6 a3 Nf6 Nc3 c5 e3 cxd4 exd4 Nc6
1700,1875,white,60+0,e4 c5 c3 e6 d4 d5 dxc5 Bxc5 exd5 exd5
1500,1457,black,480+8,e4 f5 exf5 Nf6 Bc4 d5 Bb3 Bxf5 Nf3 Bg4
1529,1488,white,300+8,e3 c5 d3 Nc6 c4 Nf6 a3 d6 Qd2 g6
1772,1858,white,540+5,e4 c5 Nf3 Nc6 d4 cxd4 Nxd4 e5 Nxc6 bxc6
1424,1371,white,720+0,e4 c5 Nf3 d5 exd5 Qxd5 Nc3 Qd8 d3 a6
1490,1298,white,420+0,e3 d5 Be2 c5 b3 Bf5 Bb5+ Nc6 Bd3 Bxd3
1693,1504,white,300+5,e4 e5 Nf3 Nc6 Bc4 h6 O-O g5 d4 exd4
1647,1812,white,60+1,c4 e5 Nc3 d6 g3 f5 Bg2 Nf6 d3 c6
2002,2104,black,300+1,e3 e5 d4 Nc6 dxe5 Nxe5 Nf3 Nxf3+ Qxf3 Nf6
1369,1748,black,480+0,e4 c6 Bc4 d5 Bb3 dxe4 Nc3 Nf6 d3 exd3
1652,1619,black,180+10,e4 d5 exd5 Qxd5 c4 Qd8 Nc3 a6 b4 e6
1880,1767,white,180+0,d4 g6 c4 Bg7 Nc3 b6 e4 Bb7 f4 d6
1795,1777,white,60+0,d4 e6 c4 d5 cxd5 exd5 Nc3 Nf6 Bg5 c5
1430,1506,black,300+5,e4 a6 d4 b5 b3 g6 Bb2 Bg7 e5 d6
1644,1660,black,600+0,e4 c5 Nf3 Nc6 d4 cxd4 Nxd4 Qb6 Nb3 g6
1557,1575,white,300+15,e4 e6 d3 Qf6 Nf3 Bc5 Bg5 Qg6 Bf4 Nf6
1701,1648,white,240+0,e4 c5 Nf3 Nc6 Bb5 Qc7 d4 cxd4 Bxc6 bxc6
1625,1438,black,60+8,d4 g6 g3 Bg7 Nf3 Nc6 Bg2 d6 c3 Bg4
1799,1866,black,0+1,e3 c5 d4 e6 dxc5 Bxc5 c3 Be7 b4 Nf6
1522,1592,black,240+3,e4 e6 f4 d5 e5 c5 Nf3 Qb6 b3 Nh6
1781,1679,white,240+0,d4 d5 c4 e6 e3 Nf6 Nf3 Be7 Nc3 O-O
1366,1455,black,480+0,e4 e5 Nf3 d6 d4 exd4 Nxd4 c5 Nf3 a6
1438,1355,white,720+0,e4 e5 Nf3 d6 Bc4 h6 d3 c5 Nc3 Nf6
1969,1553,black,300+13,e4 e5 Nf3 d6 Bc4 h6 Nc3 a6 d3 Nf6
1766,1711,white,60+0,d4 e5 c4 exd4 Qxd4 Nf6 Qd1 Bc5 Nf3 d6
1875,1790,black,0+1,d4 e6 c4 f5 Nc3 Nf6 Nf3 Bb4 Bd2 Bxc3
1803,1698,black,300+0,e4 e5 Nf3 Nc6 Bc4 Bc5 c3 Nf6 d4 exd4
1760,1888,white,180+0,g3 f5 Bg2 c5 b3 d5 Bb2 Nc6 h3 e5
1619,2115,white,300+1,c3 e5 d4 exd4 cxd4 d5 Bf4 Bd6 Bxd6 Qxd6
1569,1484,black,540+8,d4 d5 e3 e6 h4 Be7 g3 Nf6 Bd3 c5
1804,1861,black,0+1,e3 c5 d4 e6 c3 cxd4 cxd4 d5 Bd2 Nf6
1639,1710,white,240+0,e4 e5 Nf3 d6 b3 Nc6 Bb2 Bg4 Be2 Qd7
1575,1848,black,120+3,e4 e5 Nf3 Nf6 Nxe5 Nxe4 Qf3 Qe7 Qxe4 d6
1582,1669,black,300+2,e4 e5 Nf3 Nc6 Bc4 Bd6 d4 h6 d5 Nce7
1873,1774,white,180+0,d4 g6 c4 Bg7 e4 b6 f4 Bb7 Nf3 Bxe4
1794,1871,white,0+1,e3 c5 d4 e6 c3 cxd4 cxd4 d5 Bb5+ Nc6
1570,1678,black,300+2,e4 e5 Nf3 d6 Bc4 Be7 d4 exd4 Qxd4 Nf6
1700,1776,white,60+0,e4 e6 d4 d5 exd5 exd5 c4 Nf6 Nc3 c5
1697,1652,black,240+0,e4 c5 f4 Nc6 Nf3 e6 Bb5 Qc7 O-O a6
1411,1666,black,600+8,e4 e5 Bc4 Nc6 Qf3 Nf6 c3 Bc5 d3 O-O
2008,1979,white,180+0,d4 d5 c4 Nc6 e3 e5 cxd5 Qxd5 Nc3 Bb4
1713,1780,white,300+0,e4 e6 Nf3 d5 exd5 exd5 d4 c5 Bd3 Qb6
1762,1716,white,60+0,d4 e6 c4 d5 Nc3 dxc4 Nf3 Nf6 g3 Be7
1857,1808,white,0+1,d4 e6 c4 f5 Nc3 Nf6 Nf3 Bb4 Bd2 Bxc3
1631,1640,black,180+10,d4 e6 a3 Be7 c4 c5 dxc5 Bxc5 e3 Nc6
1789,1560,white,240+0,d4 d5 c4 dxc4 e4 b5 a4 c6 b3 cxb3
1867,1798,white,0+1,d4 e6 c4 f5 Nc3 Nf6 Nf3 Bb4 Bd2 Bxc3
1439,1591,white,300+8,e4 e5 Nf3 Qf6 Bc4 Bc5 Nc3 c6 d3 d5
1308,1500,black,600+5,e4 Nc6 Nc3 Nf6 d4 d5 e5 Ne4 Nxe4 dxe4
1513,1455,white,240+3,e4 e5 Nf3 d6 Bc4 Be7 d4 exd4 Nxd4 c5
1789,1875,black,0+1,e4 c5 f4 e6 Nf3 d5 e5 f6 d4 Nc6
2088,1639,white,300+1,e4 c6 d4 d5 Nc3 dxe4 Nxe4 Bf5 Ng3 Bg6
1705,1772,black,60+0,e4 e6 d4 d5 exd5 exd5 c4 Nf6 Nc3 c5
1875,1789,white,0+1,d4 e6 c4 f5 Nc3 Nf6 Nf3 Be7 Bd2 O-O
1670,1700,black,300+7,f4 g6 Nf3 Bg7 e3 Nf6 c4 O-O Nc3 d5
1495,1551,white,420+0,e3 c5 Be2 d5 b3 e5 Bb2 Nc6 Bg4 Qg5
1759,1726,black,300+0,e4 e5 f4 Nc6 Nf3 Bc5 Nc3 exf4 d4 Bb4
1641,2085,black,300+1,c3 Nf6 d4 d5 Bg5 Ne4 Bf4 g5 Be5 f6
1781,1884,black,0+1,f4 c5 e4 e6 d4 d5 dxc5 Bxc5 exd5 exd5
1695,1781,white,60+0,e4 d6 c3 e6 d4 d5 exd5 exd5 Nd2 Nf6
1851,1781,white,0+1,f3 d6 e4 e5 d4 f5 dxe5 dxe5 exf5 Qxd1+
1698,1806,black,60+1,d4 e6 e4 d5 exd5 exd5 c4 Nf6 Nc3 Bb4
1908,1778,black,60+0,d3 e6 e3 d5 Nc3 Nf6 Nf3 c5 Be2 Nc6
1815,1689,black,60+1,e4 e6 e5 d6 f4 Nc6 Nf3 dxe5 fxe5 Nxe5
1781,1695,draw,60+0,e4 b6 Nf3 Bb7 e5 Nc6 d4 d5 Bb5 e6
1517,1556,black,540+8,d4 e6 e3 d5 f4 c6 c4 dxc4 Bxc4 h5
1604,1498,white,60+8,d4 d5 g3 Nc6 c4 a6 cxd5 Qxd5 Nf3 Nf6
1738,1741,white,300+0,e4 e6 Nf3 c5 Bc4 Nc6 d4 a6 d5 exd5
1386,1458,black,360+0,e4 b6 Nf3 Bb7 Nc3 e6 d4 Bb4 e5 Bxc3+
1705,1799,draw,60+1,e4 e6 d4 d5 exd5 exd5 c4 Nf6 Nc3 Bb4
1420,1523,black,240+3,e4 c5 c4 b6 d3 Bb7 Nf3 g6 Be2 Bg7
1351,1167,white,120+0,e4 e6 d4 Be7 e5 c6 f4 b6 Nf3 a5
1793,1685,black,240+0,d4 g6 c4 Bg7 Nf3 Nf6 e3 O-O Nc3 d6
1750,1455,black,300+5,e4 g6 Nf3 Bg7 Bc4 e6 d4 Nc6 O-O Nge7
1450,1404,white,720+0,e4 d5 exd5 Qxd5 Nc3 Qe5+ Qe2 Nc6 Nf3 Qf6
1756,1730,white,900+7,e4 Nc6 Nf3 b6 Bb5 Bb7 Nc3 e5 d3 Bc5
1357,1341,black,480+0,e4 e6 Bc4 d5 exd5 exd5 Bb3 Nf6 Qf3 Bg4
1942,1660,white,300+13,e4 e5 Nf3 Nc6 Bc4 Nf6 d3 d6 Nc3 Na5
1412,1288,white,1800+0,e4 g6 d4 d5 Nc3 e6 Nf3 Nf6 Bg5 Be7
1532,1501,white,600+8,d4 d5 Bf4 e6 Nf3 c5 e3 a6 c4 Nf6
1159,1358,black,120+0,h4 d5 h5 e5 g4 d4 Nf3 Bd6 Nh4 f5
1507,1507,black,300+8,Nc3 e5 Nf3 d6 d4 Nc6 d5 Nb4 Bg5 Be7
1637,1710,black,300+8,e4 e5 d4 exd4 Qxd4 Nc6 Qd1 Bc5 a3 Nf6
1792,1827,black,60+0,d4 Nf6 c4 e6 Nc3 Be7 Nf3 O-O g3 d6
1634,1454,white,300+8,e4 Nc6 Nf3 Nf6 Nc3 e5 Bb5 d6 d3 Bd7
1650,1620,black,180+10,e4 d5 e5 e6 c4 dxc4 Bxc4 a6 Nf3 Nc6
1663,1733,white,60+1,c4 d5 cxd5 e6 dxe6 Bxe6 Nc3 Nc6 Nf3 Nf6
1637,1260,white,360+0,e4 e5 Bc4 Nc6 d3 d6 a3 a6 h3 h6
1678,2090,black,300+2,d4 Nf6 a3 d5 e3 Bf5 h3 e6 b4 a5
1500,1574,white,180+0,d4 d5 Nc3 e6 a3 Nf6 Bf4 a6 Be5 Nc6
1782,1874,draw,60+0,e4 d6 Nf3 Nf6 e5 dxe5 Nxe5 Nc6 Nxc6 bxc6
1881,1664,white,240+0,d4 d5 c4 f6 cxd5 Qxd5 Nc3 Be6 Nxd5 Bxd5
1779,1527,white,240+0,d4 d5 c4 e5 e3 exd4 exd4 dxc4 Bxc4 Bb4+
1683,1591,draw,600+8,e4 e5 Nc3 Nf6 a3 d6 Bc4 Nc6 Nge2 Bg4
1659,1886,black,240+0,d4 c5 d5 e6 dxe6 fxe6 Nf3 Nf6 h3 d5
1862,1785,white,60+0,d3 e6 Nf3 d5 g3 c5 Bg2 Nf6 O-O Nc6
1390,1464,white,720+0,e4 e5 Qf3 Nc6 Bc4 Nf6 Nh3 Bc5 d3 d6
1508,1490,white,420+0,e3 e5 Be2 d5 d4 e4 Nc3 Nf6 Bb5+ c6
1777,1894,draw,60+0,d4 c6 c4 d5 Nc3 Nf6 cxd5 cxd5 Nf3 e6
1412,1304,draw,300+5,e4 Nf6 e5 Nd5 d4 e6 c4 Nb6 c5 Nd5
1365,1152,white,120+0,e4 d5 e5 d4 c4 Nc6 f4 Nb4 a3 Nd5
1719,1766,black,900+7,e4 e5 Nf3 Nc6 d4 exd4 Bc4 Bc5 c3 Qf6
1711,1297,white,180+0,d4 d5 Nc3 e6 a3 b6 Bf4 Bd6 Qd2 Bxf4
1891,1654,black,240+0,d4 d5 c4 e6 Nc3 Nf6 cxd5 exd5 Bg5 c6
1422,1706,black,900+0,e4 Nf6 Nc3 e5 Nf3 Nc6 Bc4 Bc5 Nxe5 Bxf2+
1724,1583,white,300+0,e4 e5 Nf3 Nc6 Bc4 h6 Nc3 a6 d3 Bc5
1640,1474,white,360+0,e4 g6 d4 Bg7 Be3 Nc6 c3 d6 Bd3 Nh6
1448,1360,white,300+8,Nf3 Nc6 Nc3 e5 d4 exd4 Nxd4 Nxd4 Qxd4 Nf6
1257,1537,white,300+0,e4 e5 Bc4 Bc5 Nc3 c6 d3 d6 a3 a5
1145,1371,black,120+0,e4 d5 e5 f6 d4 fxe5 dxe5 Nc6 Nf3 e6
1671,1873,black,240+0,d4 e6 c4 c5 e3 cxd4 exd4 Nf6 Nf3 Bb4+
1755,1463,black,300+4,e4 e5 Nf3 d6 d4 Bg4 h3 Bxf3 gxf3 exd4
1377,1139,white,120+0,d4 Nf6 f3 e6 Nc3 Be7 e4 O-O e5 Nh5
1518,1556,white,300+0,e4 d5 exd5 Qxd5 Nf3 Qd8 Bc4 e6 O-O a6
1743,1505,white,180+0,d4 d5 Nc3 c6 e4 e6 exd5 cxd5 Bb5+ Bd7
1614,1425,white,60+8,d4 b6 Nf3 Bb7 g3 g6 Bg2 Bg7 c3 e6
1500,1780,white,0+1,g3 e6 Bg2 d5 b3 c5 Bb2 Nf6 d3 Nc6
1734,2093,black,300+1,e4 e6 d4 d5 exd5 exd5 Nc3 c5 Be3 cxd4
1947,1551,white,300+13,e4 e6 Nf3 b6 Bc4 Bb7 Nc3 Nf6 d3 Bb4
1879,1666,white,240+0,d4 d5 c4 e6 cxd5 Nf6 dxe6 Bxe6 Nc3 Be7
1621,1093,white,60+8,d4 d5 g3 Nf6 Bg2 Bf5 c3 e6 Nf3 Nc6
1750,1466,black,600+8,e4 e5 Nf3 Nc6 Bc4 Nf6 Ng5 d5 exd5 Nxd5
1409,1163,white,300+5,e4 e6 d4 d5 e5 Nc6 Bb5 a6 Bxc6+ bxc6
1133,1383,black,120+0,e3 d5 d4 e6 Nf3 c5 g3 c4 Bh3 f5
1393,1409,white,600+5,e4 d5 exd5 Qxd5 d4 e5 Nc3 Nc6 Nxd5 Bd6
1777,1623,black,300+8,e4 e5 Qh5 Nc6 Bc4 Qf6 Nc3 g6 Qf3 Bh6
1758,1768,black,60+0,e4 e6 d4 d5 exd5 exd5 Bd3 Nf6 c3 c5
1869,1719,black,0+1,e3 d5 f4 e5 g3 exf4 exf4 Nf6 Bg2 Nc6
1969,1851,white,180+0,e4 c5 b4 Nc6 b5 Nd4 c3 Ne6 d4 cxd4
2259,2018,white,180+0,Nf3 d6 b3 Nf6 Bb2 e5 e3 g6 d4 exd4
1393,1405,black,600+5,d4 d5 e3 e6 f4 Nf6 Bd3 Bd6 Nf3 h6
1779,1744,white,60+0,e4 b6 Nf3 Bb7 e5 c6 c3 d6 d4 dxe5
1538,1678,black,600+8,e4 e5 Nf3 Nc6 Bc4 Bc5 d3 Nf6 O-O O-O
1639,1617,draw,300+7,e4 b6 Bc4 Bb7 Nf3 e6 O-O g6 d3 Bg7
1656,1688,white,300+7,f4 f5 Nf3 Nf6 e3 e6 Be2 Be7 O-O O-O
1487,1457,white,600+8,e4 e5 c4 Nf6 Nc3 Nc6 d3 Nd4 Be3 d6
1731,1789,black,60+0,e4 e6 d4 d5 exd5 exd5 Bd3 Nf6 Nf3 c5
1388,1127,white,120+0,e4 a5 d4 a4 f4 b5 g4 b4 h4 c6
1544,1531,black,300+0,d4 d5 c4 Nf6 a3 e6 Nc3 dxc4 Bg5 Be7
1765,1661,white,120+3,e4 e5 Bc4 d6 d3 Nf6 Nc3 Be7 Nf3 c6
1122,1393,black,120+0,e3 d5 h4 e5 h5 f5 Bb5+ Bd7 a4 c6
1519,1419,white,420+0,e3 e5 Be2 Bc5 Nc3 Nf6 Nf3 e4 Nd4 d5
2180,2140,white,60+0,d4 c5 Nf3 e6 d5 Nf6 dxe6 fxe6 Nc3 d5
1783,1730,white,240+0,d4 Nf6 c4 g6 Nf3 Bg7 e3 O-O Nc3 Re8
1700,1799,black,60+0,e4 e6 f4 d5 exd5 exd5 d4 Nf6 Bd3 c5
2126,2193,black,60+0,e4 c6 Nf3 d5 Nc3 d4 Ne2 c5 Ng3 Nc6
1500,1459,black,300+8,d4 d5 Nc3 e6 a3 Nc6 Bf4 Nxd4 Qxd4 a6
1754,1718,black,600+8,e4 Nf6 e5 Nd5 d4 d6 Nf3 Bg4 c4 Nb6
1736,1768,white,300+4,e4 c5 Nf3 d6 d4 cxd4 Nxd4 Nf6 Nc3 Nc6
1646,1529,white,360+0,e4 c5 d4 cxd4 Qxd4 Nc6 Qd1 Nf6 Bd3 e6
1396,1874,white,120+2,e4 a6 Nf3 b6 Bc4 c6 d4 d6 Qd3 e6
1398,1117,white,120+0,e4 d5 e5 e6 d4 Nc6 c3 Bd7 f4 f5
2204,2113,white,60+0,d4 c5 Nf3 e6 e3 cxd4 Nbd2 dxe3 fxe3 Nf6
1394,1468,black,300+5,d4 g6 e4 Bg7 e5 d6 f4 dxe5 fxe5 Nc6
1638,1640,black,300+7,e4 c6 Bc4 d5 exd5 cxd5 Bb5+ Nc6 Nc3 Nf6
1529,1773,black,120+3,e4 e5 d3 d6 Nc3 Be7 Nd5 Nf6 Nf3 Nxd5
1632,1710,black,180+10,d4 Nf6 c4 e5 dxe5 Ng4 Nf3 Nc6 h3 Ngxe5
1639,1759,draw,300+8,d4 d5 c4 dxc4 Nc3 Be6 e4 c6 Nf3 Nd7
1891,1807,white,60+0,d4 d5 c4 e6 Nc3 Nf6 Nf3 c5 Bf4 cxd4
1634,1463,white,600+0,e4 e5 Nf3 d6 h3 h6 Nc3 c6 Bc4 b5
1714,1739,black,180+1,c4 f5 b3 Nf6 Bb2 e6 Nc3 Be7 g3 O-O
1112,1403,black,120+0,d3 d5 d4 e6 e3 c5 Nf3 c4 Be2 Nc6
1500,1500,black,180+0,d4 d5 Nc3 Nf6 Bf4 e6 Nb5 Bd6 Qd2 O-O
1727,1566,black,900+8,d4 Nf6 Bf4 d5 Nf3 e6 Nc3 c5 Qd2 cxd4
1717,1653,white,240+0,e4 c5 Nf3 Nc6 d4 cxd4 Nxd4 e5 Nxc6 bxc6
1548,1950,draw,300+13,e3 e5 b3 Nc6 Bb2 Bc5 Bb5 a6 Bxc6 dxc6
1509,1378,black,600+5,e4 e5 Nf3 d6 Bc4 c5 d3 h6 a3 Nc6
1654,1656,white,360+0,e4 e5 Bc4 c6 d3 d5 exd5 cxd5 Bb3 Be6
1644,1665,white,360+0,e4 e5 Nf3 Nc6 c3 Bc5 d4 exd4 cxd4 Bb6
2101,1798,white,60+0,e4 d5 Nc3 dxe4 Nxe4 Nf6 Nxf6+ exf6 d4 Be7
1730,1328,white,300+5,e4 c5 Nf3 Nc6 Bc4 e5 O-O h6 d3 Nf6
1240,1358,white,1800+30,d4 d5 Nf3 e6 Bg5
1407,1107,white,120+0,e4 Nf6 e5 Ne4 f3 Ng5 h4 Ne6 d4 Nf4
1850,1418,white,120+2,e4 e5 f4 exf4 Nf3 d6 Bc4 Bg4 d4 Nc6
1501,1447,black,600+8,e4 Nc6 c4 Nf6 Nc3 e5 d3 Nd4 g3 Bb4
1795,2106,black,60+0,d3 c5 d4 cxd4 Qxd4 Nc6 Qd1 Nf6 Nf3 e6
1555,2145,black,120+2,e4 e5 Nf3 Nc6 Bb5 a6 Bxc6 dxc6 d3 f6
1729,1416,white,300+0,e4 e5 Nf3 d6 Bc4 a6 O-O b5 Bb3 Nc6
1777,1524,black,120+3,e4 e5 Bc4 Qh4 d3 Bc5 Qf3 Qf6 Qxf6 Nxf6
1793,1749,black,240+0,d4 f5 c4 Nf6 e3 e6 Nf3 Be7 Nc3 O-O
1704,1729,draw,180+1,c4 e5 b3 d6 Bb2 Nf6 Nc3 Bf5 g3 Be7
1422,1419,white,300+0,Nf3 b6 e3 Bb7 Nc3 g6 d4 Bg7 Bd3 e6
1775,1644,black,240+0,e4 c5 f4 Nc6 Nf3 e6 Be2 Bd6 O-O Bc7
1378,1346,black,1800+30,d4 e6 Nf3 d5 Bg5 Nf6 Bxf6 Qxf6 e3 Bd6
1752,1720,black,600+8,e4 e5 Nc3 Bc5 Bc4 Nf6 f4 exf4 Nf3 Nc6
1543,1543,white,300+0,e4 e5 f4 Nc6 Nf3 exf4 Bc4 d6 d4 Bg4
1686,1797,black,240+0,d4 d5 c3 c5 dxc5 Nc6 Be3 e6 Nd2 Nf6
1627,1706,black,300+7,e4 e5 Bc4 d6 Nf3 Nc6 c3 Na5 Bd3 Be6
1179,1123,white,120+8,d4 d5 e3 Nc6 Nf3 Nf6 b3 Bg4 Be2 e6
1674,1676,black,900+0,e4 c6 Nf3 d5 exd5 cxd5 d4 Nc6 Bb5 Bd7
1763,1763,white,180+0,e4 d6 f4 g6 Nf3 Bg7 d4 c5 dxc5 Qa5+
1462,1544,white,60+15,d4 d5 e3 Nc6 a3 Bf5 g4 Bg6 h4 h6
1428,1472,white,900+0,g3 e5 Bg2 d5 d3 f5 e4 Nf6 exd5 Nxd5
1398,1383,white,660+11,d4 d5 e4 dxe4 Nc3 f5 Nh3 g6 Bf4 a6
1733,1292,black,300+5,e4 Nc6 Nf3 g6 Bc4 Nf6 e5 Ne4 O-O Bg7
1457,1089,white,240+5,e4 e5 f4 exf4 Nf3 Nf6 Nc3 Nc6 d4 Bb4
1408,1433,white,300+0,g3 Nc6 Bg2 e6 b3 d5 Bb2 Bd6 e3 Nf6
1465,1464,white,300+8,e4 e5 Qh5 Bd6 Bc4 g6 Qf3 Nf6 d3 Nc6
1748,1410,white,300+4,e4 c6 Nc3 d5 exd5 cxd5 d4 Nf6 Nf3 Bg4
1531,1554,black,300+0,e4 e5 Qh5 Qf6 Nf3 d6 d3 g6 Qg5 Qxg5
1728,1704,white,180+1,e4 c5 Nf3 b6 d4 cxd4 Nxd4 Bb7 Nc3 g6
1365,1459,black,720+3,d4 d5 c4 Nf6 Nf3 e6 Nc3 Bb4 a3 Bxc3+
1340,1229,white,180+0,e4 e5 Nf3 Nc6 Bb5 a6 Bxc6 bxc6 Nxe5 Qf6
1858,1760,draw,180+2,e4 e5 d4 exd4 Qxd4 Nc6 Qe3 b6 Nc3 Bb7
1326,1384,black,300+5,e4 e5 Nf3 d6 Nc3 a6 Bc4 h6 d3 Bg4
1457,1640,black,600+0,e4 d5 exd5 Qxd5 Nc3 Qe5+ Nge2 Bg4 d4 Qa5
1443,1565,black,900+0,g3 d5 Bg2 Nf6 d4 Nc6 c3 e6 Bg5 Be7
1656,1775,black,180+0,e4 c5 b3 Nc6 Bb2 e5 Bc4 d6 Nf3 Be7
1582,1630,black,480+0,d4 g6 e4 Bg7 Nf3 d6 Bc4 Bg4 Be3 Nf6
1377,1302,white,780+0,e4 e5 Be2 Bc5 Nf3 f6 O-O a6 b3 Ne7
1148,1401,white,60+0,d4 d5 Bf4 e6 e3 Nc6 c4 Bd7 cxd5 exd5
1407,1091,white,300+0,d3 e5 c4 Nc6 b3 Bb4+ Nd2 Bxd2+ Qxd2 Nf6
1332,1500,white,180+20,e4 h5 d4 Nf6 e5 Nd5 c4 Nb4 a3 N4c6
2010,1506,white,1200+0,e4 Nc6 Nf3 b6 Nc3 Bb7 d4 e6 Bb5 Qe7
1661,1784,white,900+0,e4 c5 Nf3 d6 d4 cxd4 Nxd4 e6 h3 Nf6
1649,1659,white,240+0,e4 c5 b3 Nc6 Bb2 e5 Nf3 d6 c3 h6
1199,1438,white,120+8,d4 d5 e3 Bf5 Nf3 e6 b3 Nf6 Bb2 Nc6
1459,1385,white,240+5,e4 e6 d4 d6 Bd3 c6 Be3 h6 Nf3 Nf6
1557,1421,draw,300+0,e4 Nc6 Nf3 e6 d4 Nf6 e5 Nd5 c4 Nde7
1780,1742,black,240+0,d4 e6 c4 d5 c5 Nf6 Nf3 c6 e3 b6
1565,1521,white,300+0,e4 e5 f4 exf4 Nf3 d6 Bc4 Bg4 d4 Nf6
1791,1933,white,60+0,d4 Nf6 c4 g6 Nc3 d5 Nf3 Bg7 g3 O-O
1739,1676,white,300+2,e4 e5 Nf3 Nc6 Bb5 Bd6 O-O h6 Re1 Nce7
1763,1855,black,180+2,e4 c5 f4 Nc6 Nf3 d6 d3 g6 Be2 Bg7
1385,1223,white,780+0,d4 c5 dxc5 e5 f3 Bxc5 g3 d6 b3 Bb4+
1938,1639,white,300+13,e4 e6 Nf3 c5 Bc4 a6 Nc3 b5 Bd3 c4
1899,1882,white,60+0,d4 b6 c4 Bb7 Nc3 g6 Nf3 Bg7 Bg5 e6
1783,1795,white,180+0,e4 c5 f4 Nc6 Nf3 d6 Bc4 e6 O-O Nf6
1315,1711,black,300+5,e4 e5 Nf3 Nc6 c3 Bc5 d4 exd4 cxd4 Bb4+
1558,1511,white,300+0,e4 e5 Nf3 d6 Bc4 Bg4 Nc3 Nc6 d3 Nd4
1654,1267,black,600+2,e4 g6 d4 Bg7 e5 e6 Nf3 c5 dxc5 f6
1648,1660,white,240+0,e4 b6 d4 Bb7 Nf3 Bxe4 Bd3 Bxd3 Qxd3 g6
1411,1541,white,300+0,d3 d5 b3 e5 Bb2 Nc6 a3 f5 h3 Nf6
1434,1318,white,300+0,e4 d5 e5 d4 d3 f6 Nf3 Nc6 exf6 gxf6
1397,1420,black,300+1,e4 b6 Bc4 Bb7 Nc3 g6 Qf3 e6 d4 Bg7
1355,1468,black,720+3,d4 d5 c4 Nf6 Nc3 a6 Bg5 h6 Bxf6 exf6
1518,1393,white,180+6,e4 e5 Nf3 d6 Bc4 h6 O-O Bg4 h3 Bxf3
1758,1754,white,300+0,e4 c5 Nf3 Nc6 d4 e6 Nc3 cxd4 Nxd4 Nf6
1132,1692,black,120+1,e4 e5 d4 exd4 Qxd4 Nc6 Qd1 Nf6 Nc3 Bb4
1420,1326,white,300+0,d4 f5 Bf4 Nf6 e3 d6 Nf3 Nc6 Bd3 e5
1646,1451,black,600+0,d4 d5 Bf4 e6 Nf3 c6 e3 Be7 Bd3 Nf6
1500,1635,draw,60+15,e4 e6 Nf3 d6 e5 c6 Nc3 d5 d4 Nd7
1253,1389,black,600+0,e4 e5 f3 Nf6 Nh3 Bc5 d3 O-O c3 Re8
1372,1412,white,660+11,e4 d5 exd5 Qxd5 Nc3 Qe6+ Be2 c6 Nf3 Na6
1873,1491,white,300+8,e4 e5 Nf3 d6 d4 exd4 Nxd4 Nf6 Nc3 c5
1477,1425,white,300+5,b3 Nc6 Bb2 e6 e4 f6 Bb5 Nge7 Bxc6 Nxc6
1527,1235,white,420+0,e3 e5 Be2 d5 b3 e4 Bb2 Nf6 d3 Bb4+
1476,1570,white,300+8,e4 e5 Qh5 d6 Bc4 g6 Qf3 Qf6 d3 Nc6
1751,1743,white,300+4,e4 c5 Nf3 Nc6 d4 cxd4 Nxd4 Nxd4 Qxd4 e6
1345,1664,black,720+3,d4 d6 e3 a6 c4 Nc6 Nf3 Nf6 Nc3 Bg4
1568,1659,black,300+0,e4 c5 Nf3 Nc6 Bc4 e6 d3 h6 Nc3 a6
1397,1311,black,300+0,d4 Nc6 e3 d5 Nc3 Nf6 Nf3 Bf5 Ne5 Nxe5
1713,1313,white,300+5,e4 d5 exd5 Qxd5 Nf3 Bf5 d4 Nc6 c4 Qa5+
1678,1772,black,240+0,d4 e6 c3 d5 Nd2 Nf6 Ngf3 g6 g3 Bg7
1678,1751,white,600+0,e4 e5 Nf3 Nc6 d4 exd4 Nxd4 Bc5 Be3 Nf6
1618,1528,white,300+7,e4 e5 Bc4 Nc6 Nf3 Nf6 Ng5 d5 exd5 Na5
1762,1733,black,300+4,e4 e5 Nf3 d6 d4 exd4 Nxd4 Nf6 Nc3 Be7
1694,1863,black,180+1,c4 Nf6 b3 g6 Bb2 Bg7 Nc3 O-O g3 d6
1427,1520,black,300+0,d3 d5 b3 e5 Bb2 Nc6 e3 f5 h3 Nf6
1687,1468,black,480+2,d4 d5 c4 c6 Nc3 Nf6 cxd5 Nxd5 Nxd5 cxd5
1722,1765,black,900+0,e4 c5 Nf3 Nc6 Bb5 e6 O-O Nf6 d3 Be7
1386,1737,black,300+1,e4 d5 exd5 Qxd5 Nc3 Qd8 Bc4 c6 Qf3 e6
1543,1621,white,600+0,e4 e5 Bc4 Nf6 d3 Bc5 Bb3 d6 Nc3 a6
1470,1694,black,480+5,e4 e5 f4 Nc6 Nf3 exf4 d4 d6 Bb5 Bd7
1796,1667,white,240+0,e4 c5 Nc3 Nc6 Nf3 e6 Be2 Nge7 d3 Ng6
1215,1391,white,780+0,d4 d5 e4 g6 exd5 Qxd5 Nc3 Qd6 Qf3 Bg7
1531,1418,white,300+0,e4 Nf6 e5 Nd5 d4 Nc6 c4 Ndb4 a3 Na6
1869,1688,white,180+1,e4 c5 d4 b6 dxc5 bxc5 Nc3 Bb7 Bc4 g6
1782,2109,black,300+0,e4 c5 Nf3 e6 d4 cxd4 Nxd4 Nf6 Nc3 Qb6
1374,1291,white,780+0,e4 g6 g3 Bh6 Bg2 e6 Nf3 Ne7 O-O d6
1750,1716,black,300+4,e4 e5 Nf3 Nc6 Bb5 Nf6 O-O Bc5 c3 O-O
1618,1605,white,900+0,g3 d5 Bg2 Nf6 b3 e5 Bb2 Bd6 e3 Be6
1872,1858,white,600+1,e4 c5 Nf3 d6 d4 cxd4 Nxd4 Nf6 Nc3 a6
1799,1892,white,180+0,e4 e6 d4 d6 Bd3 Ne7 Be3 Ng6 Nf3 Nd7
1712,1984,draw,900+0,e4 c5 Nf3 Nc6 Bc4 Nf6 d3 g6 O-O d6
1632,1519,white,600+2,e4 e5 Nf3 Nc6 Bc4 Nf6 Ng5 d5 exd5 Na5
1556,1551,white,600+0,e4 e5 Bc4 Nf6 d3 d5 exd5 Nxd5 Bb3 Be6
1487,1846,draw,360+2,b3 e5 Bb2 Nc6 Nc3 d5 e3 Nf6 Nf3 Be7
1717,1693,white,600+0,e4 e5 Nf3 Nf6 Bc4 d5 exd5 Nxd5 Nxe5 Qe7
1778,1680,black,300+0,e4 e5 Nf3 Nc6 Bc4 h6 c3 Nf6 O-O Be7
1236,1049,black,120+8,d4 f5 e3 d5 Nf3 e6 b3 Nd7 Bb2 Bd6
1394,1341,white,720+3,e4 d5 exd5 Qxd5 Nc3 Qa5 d4 e5 Nf3 Nc6
1745,1660,white,240+0,e4 c5 f4 Nc6 Nf3 e6 d3 Nge7 Be2 Ng6
1342,1468,black,180+20,e4 e5 d4 exd4 Qxd4 Nc6 Qd1 d6 Nc3 Be6
1808,2120,black,120+2,e4 c5 Nc3 e6 Nf3 a6 Be2 b5 O-O Bb7
1559,1766,white,300+0,e4 e5 Nf3 d6 Bc4 Bg4 Nc3 c6 d4 exd4
1669,1589,white,480+2,e4 d5 exd5 Nf6 d4 e6 Bg5 exd5 Nf3 h6
1813,1879,black,180+0,e4 e6 d4 d6 Bd3 Ne7 Nf3 Ng6 Nc3 Be7
1715,1385,white,300+5,e4 e5 Bc4 Bc5 Nc3 d6 Qf3 Qf6 Nd5 Qxf3
1555,1384,white,660+11,e4 e5 d3 Nf6 Bg5 h6 Bh4 Be7 Bxf6 Bxf6
1383,1500,white,300+1,e4 e5 Bc4 Nc6 Nc3 a5 a4 Nf6 Qf3 h5
1994,1993,black,420+0,e4 e5 Nf3 Nc6 d4 exd4 Bb5 Bc5 O-O Nge7
1542,1665,white,180+0,e4 e5 Nc3 Bc5 Bc4 d6 f4 exf4 Nf3 Nf6
1581,1235,white,300+8,e4 d5 exd5 e6 dxe6 Bxe6 Nf3 Nc6 Bb5 Bd5
1540,1567,white,600+0,e4 e5 Nf3 Nc6 d4 exd4 Nxd4 Bc5 c3 d6
1761,1884,black,300+0,e4 e6 Nf3 d5 exd5 exd5 d4 Nf6 Nc3 Bb4
1737,1729,white,300+4,e4 e5 Nf3 Nc6 Bb5 Bc5 c3 Nf6 d4 exd4
1651,1792,black,600+8,e4 e5 Nf3 Nc6 Bb5 Bc5 O-O a6 Ba4 b5
1621,1803,white,120+2,d4 d5 c4 Nf6 Nc3 g6 Nf3 Bg7 e3 O-O
1681,1597,white,600+0,e4 e5 Nf3 Nc6 d4 a6 dxe5 Bc5 Be3 Bb4+
1348,1191,draw,180+0,e4 Nc6 d4 d5 exd5 Qxd5 Nf3 Bg4 Be2 Bxf3
1562,1652,white,240+0,e4 c5 Nf3 Nc6 Bb5 Qc7 Nc3 a6 Be2 e6
1804,1888,black,180+0,e4 e6 d4 Ne7 Nc3 d6 Nf3 Nd7 Bd3 a6
1393,1407,black,300+5,e4 e5 Bc4 Bc5 Nc3 c6 Nf3 Qf6 d3 h6
1716,2131,black,180+0,e4 c5 Nf3 e6 d4 cxd4 Nxd4 Nf6 Bg5 Qa5+
1200,1209,white,120+8,e4 d5 exd5 Qxd5 Nc3 Qe6+ Nge2 Nc6 d4 Qd7
1638,1580,black,240+0,d4 Nf6 c4 e5 d5 Bc5 e4 Nxe4 Nf3 Nxf2
1555,1500,white,660+11,d4 d5 c4 c5 dxc5 b6 cxb6 axb6 cxd5 e6
1796,2005,black,180+0,e4 e5 Nc3 Nc6 Nf3 Nf6 d4 exd4 Nxd4 Bc5
1753,1896,black,300+0,e4 e6 f4 Ne7 Nf3 d5 exd5 Nxd5 d4 c5
1506,1970,black,120+0,d4 c5 c4 cxd4 Qxd4 Nc6 Qd1 Nf6 Nc3 g6
1793,1648,draw,60+1,e4 c5 Nc3 Nc6 f4 a6 Nf3 e6 d3 b5
1189,1282,black,120+8,d4 f5 e3 Nf6 Nf3 d5 b3 Nbd7 Bb2 e6
1980,1626,white,420+0,e4 c5 Nf3 Nc6 Bb5 Qc7 Bxc6 Qxc6 d3 d6
1892,1781,white,120+2,d4 d5 c4 Nf6 cxd5 Nxd5 e4 Nf6 e5 Nd5
1917,1909,draw,60+0,c4 c5 Nc3 e6 d3 Nf6 Nf3 Be7 g3 O-O
1752,1736,white,300+0,e4 e5 d4 exd4 c3 Nc6 Bc4 dxc3 Qb3 Qe7
1500,1548,black,60+0,e4 d5 Nf3 dxe4 Nd4 Qxd4 c3 Qe5 d4 exd3+
1428,1196,white,300+0,c4 Nc6 e4 e5 d3 Nf6 Nf3 d6 Be3 Be7
1453,1473,black,360+0,e4 d6 Nf3 g6 d4 Bg7 d5 Bg4 Be2 Nd7
1584,1334,white,180+20,Nf3 d5 d4 Nc6 Bf4 Bg4 e3 Nf6 h3 Bxf3
1541,1396,white,480+8,e4 e5 Bc4 Nf6 d3 d6 Bg5 Be7 Nc3 Nc6
1691,1404,white,600+0,e4 d5 exd5 Qxd5 Nc3 Qa5 d3 Nc6 Bd2 e6
1574,1236,white,300+0,e4 e5 Nf3 d6 Bc4 c6 d4 exd4 Qxd4 c5
1909,1917,black,60+0,d4 e6 c4 Nf6 Nc3 d5 Nf3 dxc4 Bg5 c5
1742,1670,black,600+8,e4 c5 d4 e6 Bc4 cxd4 c3 Qh4 Qxd4 Nc6
1576,1358,white,600+15,e4 c6 d4 f6 Nf3 e6 e5 Bb4+ c3 Be7
1484,1396,black,600+8,e4 e5 c4 Qh4 Nc3 Bc5 g3 Qf6 Nf3 d6
1748,1717,white,300+4,e4 e5 Nf3 Nc6 Bb5 a6 Ba4 b5 Bb3 Bc5
1244,1343,white,180+0,e4 e5 Nf3 Nc6 Nc3 Nf6 Bb5 d6 Bxc6+ bxc6
1349,1508,white,600+10,e4 e5 a3 Nf6 Nc3 Bc5 h3 O-O Nf3 d6
1929,1899,white,60+0,e4 c5 Nf3 e6 c3 d5 exd5 exd5 d4 Nf6
1791,1899,white,180+0,e4 e5 Nc3 Nf6 Nf3 Nc6 d4 exd4 Nxd4 Bc5
1769,1700,black,240+0,e4 e5 Nf3 Nc6 Bb5 Nge7 Nc3 g6 d4 exd4
1678,1501,white,480+2,e4 e6 d4 c5 Nf3 Nc6 d5 Na5 d6 Qb6
1586,1555,white,600+0,d4 d5 e3 Bf5 Nd2 e6 c3 Nf6 h3 Be7
1577,1155,white,300+0,e4 e5 Nf3 Nc6 Bc4 Nf6 d3 g6 Bg5 Bg7
1579,1623,black,240+0,e4 c6 d4 e6 Nf3 d5 exd5 exd5 Nc3 Nf6
1943,1640,black,300+13,e4 g6 Nf3 Bg7 Nc3 Nf6 Bc4 d6 d3 Bg4
1330,1563,black,720+3,d4 e6 e4 d5 Nc3 Bb4 Bd2 Bxc3 Bxc3 dxe4
1746,1742,white,300+0,e4 e5 f4 exf4 Nf3 g5 h4 g4 Ne5 d6
1342,1375,white,540+5,e4 e5 Nf3 Nc6 d4 exd4 Nxd4 Nxd4 Qxd4 f6
1670,1903,draw,240+0,d4 e6 c3 d5 Nd2 Nf6 Ngf3 Bd6 g3 Nbd7
1695,1266,white,600+0,e4 e5 Nf3 Nc6 d4 exd4 Nxd4 Ne5 Bf4 d6
1752,1678,white,600+0,e4 e5 Nf3 Nc6 Bb5 a6 Bxc6 bxc6 O-O d6
1439,1433,white,360+0,e4 c5 Nf3 Nc6 Bb5 e5 Bxc6 bxc6 Nxe5 d6
1259,1631,black,180+1,e4 c5 Nf3 Nc6 d4 cxd4 Nxd4 e5 Nxc6 bxc6
1400,1462,white,900+1,e4 e5 Bc4 Qf6 d3 Bc5 Nh3 d6 Qh5 Nc6
1759,1500,white,300+4,e4 d5 exd5 Qxd5 Nc3 Qd7 Bc4 f6 Qh5+ g6
1422,1191,black,300+0,c4 Nc6 d3 e5 e4 Nd4 Nf3 f6 Nxd4 exd4
1788,1214,white,60+1,e4 d5 exd5 Qxd5 d4 c5 c3 cxd4 cxd4 e5
1947,1500,white,120+20,e4 e5 Nf3 Nf6 Nxe5 Nxe4 Qe2 d5 d3 Qe7
1805,1885,white,180+0,e4 e6 d4 d5 exd5 exd5 Bd3 Nf6 Ne2 Bd6
1262,1697,black,600+0,e4 e5 Nf3 Nf6 d3 d6 Bg5 Be6 Nc3 h6
1714,1706,black,240+0,d4 e6 Nf3 d5 e3 f5 Be2 Nf6 O-O Bd6
1889,1789,black,60+0,d4 Nf6 c4 g6 Nc3 Bg7 Nf3 O-O Bg5 d6
1663,1783,black,1800+30,e4 c5 Bc4 Nc6 c3 Nf6 Qb3 e6 d3 a6
1410,1569,white,300+0,d3 e5 c4 Nc6 b3 d5 Bb2 dxc4 bxc4 Bf5
1574,1424,black,300+0,e4 e5 f4 d6 Nf3 Qe7 Bc4 f6 fxe5 dxe5
1519,1389,white,480+8,d4 f6 c4 e5 dxe5 fxe5 a3 Nf6 Bg5 Be7
1759,1749,black,120+3,e4 d5 Bc4 dxc4 c3 Nc6 Na3 Nf6 Nxc4 Nxe4
1717,1633,white,240+0,d4 d5 Nf3 e6 e3 Nf6 Ne5 Nbd7 Bd3 Bd6
1517,1418,black,180+1,e4 d5 e5 f6 exf6 exf6 Nc3 c6 d3 b5
1514,1257,white,300+5,e4 e5 Qf3 Nf6 Bc4 d6 h3 Nc6 c3 a6
1837,2099,black,180+1,e4 e6 d4 d5 exd5 exd5 Nf3 Nf6 Bd3 Ne4
1675,1500,black,900+0,e4 e5 Nf3 d6 Bc4 Bg4 Nxe5 Bxd1 Bxf7+ Ke7
1896,1676,white,240+0,e3 d5 d4 c6 c4 g6 c5 Bg7 Nc3 Nf6
1794,1504,white,360+4,e4 e5 Nf3 Nc6 Bc4 Bc5 c3 d6 d4 exd4
1625,1725,black,240+0,e4 d6 d4 e6 Nf3 Nd7 Bd3 Be7 O-O Ngf6
1663,1596,white,900+0,e4 c6 Nf3 e6 d4 a6 Nc3 d5 exd5 cxd5
1765,1806,black,60+1,e4 e5 f4 d5 fxe5 dxe4 d4 exd3 Bxd3 Nc6
1763,1447,black,300+4,e4 e5 Nf3 f5 exf5 e4 Nd4 d5 Ne2 Bxf5
1526,1474,white,180+6,e4 e6 d4 c5 dxc5 Bxc5 Nf3 Qb6 Qe2 a6
1770,1500,white,600+0,e4 e6 d4 f5 e5 d5 Bd3 g6 Nf3 a6
1349,1519,black,300+0,e4 e5 Nf3 Nc6 Bc4 h6 d4 Qf6 d5 Na5
1665,1441,white,0+1,g3 e6 Bg2 d6 b3 c6 Bb2 d5 d3 Nd7
1427,1304,white,300+0,d3 e5 b3 d5 Bb2 Nc6 c4 d4 a3 a5
1671,1901,black,240+0,d4 e6 c3 Nf6 Nf3 c5 dxc5 Bxc5 e3 d5
1622,1558,white,60+8,d4 d5 g3 g6 Bg2 Bg7 Nf3 Nf6 c3 c6
1390,1363,black,1740+30,e4 e5 Nf3 Nc6 Bc4 h6 d3 Nf6 Nc3 a6
1716,1588,black,0+1,e3 d6 c3 Nf6 Qb3 e6 Bc4 d5 Bd3 c6
1818,1702,white,180+0,e4 e5 Nc3 Nc6 Nf3 Nf6 d4 exd4 Nxd4 Ne5
1211,1403,white,300+0,Nf3 d5 d4 Bf5 Nc3 e6 e3 c5 Bd3 Bxd3
1507,2103,black,180+1,e4 b6 Bb5 Bb7 d3 e5 Nf3 a6 Ba4 b5
1832,1594,white,180+1,d4 d5 e3 Nc6 Nf3 f6 Bd3 e5 dxe5 fxe5
1671,1765,black,240+3,e4 c5 f4 d6 Nf3 Nc6 d4 cxd4 Bb5 Bd7
1730,1476,black,480+0,e4 e5 Nf3 d6 d3 h6 Be2 g5 h3 g4
1619,1758,black,0+1,c3 d6 d4 e6 e4 Nf6 e5 Nfd7 exd6 cxd6
1628,1642,draw,360+8,e4 e5 Bc4 Nc6 d3 f5 Qh5+ g6 Qf3 Nd4
1546,1414,white,420+8,e4 d5 e5 c5 Bb5+ Bd7 Bxd7+ Nxd7 Nf3 e6
2215,1818,black,60+1,d4 Nf6 Nf3 g6 g3 Bg7 Bg2 O-O O-O d6
1535,1469,black,180+6,e4 e6 Nf3 d5 e5 f6 exf6 Nxf6 d4 Ng4
1519,1296,white,300+5,e4 e5 Qf3 Nf6 Bc4 Nc6 c3 a6 a4 Bc5
2023,1617,white,240+0,d4 d5 c4 e6 Nc3 Nf6 Nf3 Be7 Bg5 O-O
1501,1798,black,360+4,e4 c5 Nf3 d6 Bc4 Nf6 Nc3 g6 d4 cxd4
1418,1483,white,300+5,e4 e5 Bc4 Nf6 d3 h6 h3 d6 g4 Nc6
1386,1469,black,300+0,c4 c6 e4 e6 d3 d5 cxd5 cxd5 e5 a6
1683,1712,white,600+8,e4 e5 g3 Nf6 Bg2 Bc5 h3 Nc6 d3 d5
1649,1545,white,180+0,e4 e5 Nf3 d6 d4 exd4 Nxd4 c5 Nb3 a6
1906,1649,white,600+8,e4 e5 Bc4 d6 Ne2 Nf6 d3 h6 O-O g6
1281,1077,black,900+0,e4 d5 e5 d4 Nf3 Nc6 g3 f6 c3 fxe5
1699,1330,white,600+0,e4 e5 Nf3 Nc6 d4 Qf6 d5 Nb4 Bd2 Na6
1673,2012,black,900+0,e4 d5 exd5 Qxd5 Nc3 Qa5 Nf3 Bg4 Be2 Nf6
1365,1497,white,600+10,e4 e5 d3 f5 exf5 d5 g4 Nc6 h3 Bb4+
1500,1697,black,0+1,c3 e6 d4 d5 e3 c5 f3 cxd4 Qxd4 Nc6
1827,1842,black,60+1,e3 e5 d3 d5 Nc3 c5 e4 Nf6 exd5 Nxd5
1694,1552,white,240+0,d4 d5 Nf3 Nc6 e3 Bf5 Bd3 e6 O-O Nf6
1601,1644,white,300+7,e4 c6 Bc4 d5 exd5 cxd5 Bb3 Nf6 d4 Nc6
1712,1531,black,240+3,d4 e6 e4 c5 Nf3 cxd4 Nxd4 a6 Nc3 b6
1549,2104,black,180+1,d4 Nf6 e3 e6 g3 c5 c3 d5 Bg2 Nc6
1506,1837,white,180+1,e4 e6 Bb5 c6 Ba4 a5 a3 d5 e5 Nd7
1825,1906,white,180+0,e4 e6 d4 Ne7 Bd3 d5 exd5 Nxd5 Ne2 Bd6
1520,1748,black,120+3,d4 d5 Nf3 Bf5 c3 e6 Ne5 f6 Nf3 h6
1663,1761,black,120+2,e4 e5 f4 d6 Nf3 Nc6 d4 Bg4 d5 Nd4
1411,1383,white,120+0,e4 e5 d4 exd4 Qxd4 Nc6 Qd1 Ne5 c3 Nf6
1435,1628,white,300+0,d3 d5 b3 e6 Bb2 Nf6 a3 Bc5 e3 Nc6
1627,1413,white,900+15,e4 d5 exd5 Qxd5 Nc3 Qa5 Bc4 Nc6 Nge2 Bg4
1522,1656,white,180+0,e4 e5 d3 c6 a3 d5 exd5 cxd5 h3 Bc5
1984,1814,black,420+0,e4 b6 Be2 Bb7 Bf3 d6 d4 Nd7 Nc3 g6
1400,1742,white,0+1,g3 d6 Bg2 e5 d3 Nc6 e4 Nd4 c3 Nc2+
1745,1707,black,300+4,e4 e5 Nf3 Nc6 Bb5 Bc5 c3 Nf6 d4 exd4
1853,1756,white,60+1,e4 e5 Nc3 Nf6 g3 d6 Bg2 Be7 Nge2 O-O
1642,1564,black,180+0,e4 e5 Nf3 d6 Bc4 Nf6 d3 h6 Nc3 Be6
1917,1447,white,900+1,e4 e5 Nf3 d6 Bc4 Nf6 d3 c6 Nc3 b5
1477,1377,black,300+0,d4 d5 e3 Bf5 Nd2 e6 c3 Nf6 h3 Bd6
1600,1787,white,300+3,d4 d5 Nf3 Nf6 g3 e6 Bg2 c5 c3 Nc6
1638,1876,black,60+0,e3 c5 d4 e6 dxc5 Bxc5 c3 Nf6 Nd2 Be7
1378,1449,black,1500+0,e4 d5 exd5 Qxd5 Nc3 Qd7 Bb5 Nc6 Nf3 a6
1701,1553,white,240+0,d4 d5 Nf3 c5 e3 c4 c3 Nc6 Be2 Qa5
1500,1310,white,300+8,e4 e5 Nf3 Nc6 d4 f6 d5 Nce7 c4 d6
1423,1395,black,120+0,e4 e5 d4 exd4 Qxd4 Nc6 Qd1 Nf6 c3 Qe7
1802,1757,white,360+4,e4 c5 Nf3 Nc6 d4 cxd4 Nxd4 e6 Nc3 Nf6
1540,1526,white,180+1,d4 d5 e3 Nf6 g3 Bg4 f3 Bh5 Bg2 e6
1522,1467,black,600+8,d4 d5 Nc3 e6 h3 Bb4 Bd2 c5 Nb5 Qa5
1524,1252,black,300+5,e4 e5 Qf3 Nc6 Bc4 Nf6 c3 d6 h3 Qe7
1633,1697,black,60+8,d4 d5 g3 Nc6 Bg2 Nf6 c3 h6 Nf3 e6
1814,2105,black,180+1,d4 Nf6 Nf3 e6 c4 c5 e3 cxd4 exd4 d5
1702,1690,draw,600+0,e4 c5 Nf3 d6 d3 g6 Bd2 Bg7 Nc3 Nc6
1522,1599,black,180+6,e4 e5 Nf3 d6 Bc4 h6 O-O Nf6 Re1 a6
1125,1609,black,60+0,d3 e6 e3 d5 f3 e5 d4 exd4 exd4 Qe7+
1551,1424,black,300+0,e4 e5 Nf3 d6 c3 h6 d4 Bg4 Be2 Bxf3
1892,1770,white,120+2,e3 e5 d4 exd4 Qxd4 d6 Nc3 Qf6 Qxf6 Nxf6
2016,1670,white,900+0,e4 e5 Nf3 Nc6 Bb5 d6 d4 exd4 Nxd4 Bd7
1633,1614,black,300+7,e4 e5 Nf3 Nc6 Bb5 Qf6 O-O h6 c3 a6
1458,1841,black,900+8,d4 Nf6 c4 e6 d5 exd5 cxd5 Bc5 Nc3 d6
1863,1775,black,60+1,e4 d5 exd5 Qxd5 d4 Nf6 Nf3 Bg4 Be2 e6
1355,1488,black,600+30,e4 b6 Bc4 Bb7 Qf3 Nf6 d3 g6 Bg5 Bg7
1684,1587,white,480+2,d4 d5 c4 c6 Nc3 e6 cxd5 cxd5 e4 Nf6
1544,1615,draw,240+0,e4 c5 c4 Nc6 d3 d6 Nf3 e5 Be2 Bg4
1646,1617,white,0+1,c3 d6 d4 e5 e4 exd4 cxd4 d5 e5 Be7
1919,1497,white,300+13,e4 c5 Bc4 e5 Nf3 Nc6 Nc3 d6 d3 Bg4
1327,1500,black,180+20,e4 d5 exd5 Qxd5 d4 Qa5+ Nc3 e5 d5 Ne7
1328,1234,white,180+0,e4 d5 exd5 Qxd5 Nc3 Qe6+ Be2 Qg6 Bf1 Qe6+
1451,1537,white,300+0,d3 d5 b3 e6 a3 Nc6 Bb2 a6 e3 Nf6
1732,1616,black,300+4,e4 e5 Nf3 Nc6 Bb5 a6 Ba4 b5 Bb3 Nf6
1469,1431,black,300+5,e4 e5 d3 Qf6 Nf3 Bc5 Bg5 Qg6 Qd2 h6
1814,1405,black,300+20,e4 d5 exd5 Qxd5 Nc3 Qe6+ Qe2 Nc6 Nf3 f6
1369,1261,white,660+10,e4 e5 Nf3 d5 Nxe5 dxe4 d3 Bf5 g3 Bb4+
1746,1390,white,0+1,g3 b6 Bg2 d6 Bxa8 c5 Bf3 e5 e3 d5
1458,1494,white,1500+0,e4 d5 exd5 Qxd5 Nc3 Qe6+ Qe2 Nc6 Nf3 Nb4
1771,1387,white,0+1,c3 g6 d4 e6 e4 f5 e5 Be7 f4 Nh6
1410,1747,black,120+0,d4 d5 f3 c5 dxc5 e5 e4 d4 Bd3 Nc6
1343,1545,black,300+0,e4 e5 d4 exd4 e5 Nc6 Nf3 f6 Bf4 fxe5
1692,1579,black,480+2,e4 c6 d4 e6 Nc3 a6 Nf3 d5 e5 h6
1790,1384,black,0+1,e3 g6 d4 Bg7 b3 e6 Bb2 d5 c4 Ne7
1504,1847,white,60+1,d4 Nf6 c4 g6 Nc3 Bg7 e3 O-O Nf3 d6
1810,1517,white,180+1,d4 d5 Nf3 Bg4 e3 e6 Be2 Bb4+ c3 Ba5
1454,1500,white,360+0,e4 d5 exd5 Qxd5 Nc3 Qe6+ Nge2 Nf6 d4 Qd7
1612,1546,white,240+0,e3 e5 e4 Nf6 d3 d6 Nf3 Be7 Be2 O-O
1847,1708,white,240+0,e4 e5 f4 exf4 Nf3 g6 Bc4 h6 h4 Bg7
1838,1829,white,180+0,e4 e6 d4 d5 exd5 exd5 Bd3 Nf6 Ne2 c5
1575,1498,black,600+30,Nc3 b6 e4 Bb7 d4 Nc6 d5 Nb8 Nf3 Nf6
1622,1674,draw,60+8,d4 d5 g3 c6 Nf3 f5 Bg2 Nf6 Bg5 h6
1766,1719,white,300+5,e4 e5 Nf3 Nc6 Bb5 Bc5 O-O Nf6 c3 O-O
1291,1445,white,300+0,d4 d5 f3 e6 e4 Bd6 Nc3 dxe4 fxe4 Nc6
1746,1812,black,360+4,d4 d5 c4 e6 e3 Nf6 Nc3 Bb4 Qa4+ Nc6
1404,1633,black,0+1,g3 d6 e3 g6 Bg2 c6 Ne2 Bg7 O-O b5
1252,1337,black,180+0,e4 e5 Nf3 Nc6 Bb5 d6 Nc3 a6 Bc4 b5
1667,1641,black,900+0,e4 e5 Nf3 d6 Nc3 h6 Bc4 Nf6 d3 Qe7
1492,1612,white,480+8,e4 e5 Bc4 Nf6 Nf3 Nxe4 Nxe5 d5 Qh5 g6
1559,1520,white,300+0,e4 e5 f4 f5 exf5 exf4 Nf3 Nf6 Bc4 Bc5
1880,2027,white,60+0,d4 d5 c4 e6 Nc3 Nf6 Nf3 Bb4 Bg5 dxc4
1536,1547,black,240+3,e4 c5 Nf3 e6 c3 b6 d4 d5 exd5 Qxd5
1717,1463,white,300+4,e4 c6 Nc3 e6 Nf3 a6 d4 b5 a3 Bb7
1678,1546,black,480+2,d4 d5 c4 c6 Nc3 e6 e4 dxe4 Nxe4 Nf6
1590,1732,black,300+2,e4 e5 Nf3 d6 Nc3 c6 d3 Be7 h3 Nf6
1665,1500,white,0+1,g3 e5 Bg2 d5 b3 Nf6 Bb2 e4 e3 Nc6
1602,1135,white,300+8,e4 e6 d4 f6 Bf4 d5 exd5 exd5 c4 dxc4
1465,1522,black,360+0,e4 e5 Nf3 Nc6 Bb5 Nf6 Bxc6 dxc6 Nxe5 Nxe4
1266,1606,white,900+0,e4 d5 e5 d4 Bc4 Nc6 Nf3 Bg4 c3 Bxf3
1653,1413,black,360+0,e4 c5 d4 cxd4 Qxd4 Nc6 Qd1 e5 Bc4 Nf6
1698,1527,white,0+1,b3 c5 Bb2 d6 c4 e6 e3 Nf6 d3 Be7
1277,1478,white,360+2,e4 e5 Nf3 Nc6 Bc4 Be7 c3 Nf6 Ng5 O-O
1814,1471,black,300+0,d4 d5 Nf3 Nc6 e3 Bg4 Be2 Bxf3 Bxf3 e6
1537,1621,black,240+0,e4 e5 Nf3 d6 Be2 Nc6 Bb5 Bd7 Bxc6 Bxc6
1406,1500,white,120+0,e4 d5 e5 Nc6 d4 g6 c3 f5 f4 h5
1551,1430,black,300+0,e4 e5 Nf3 d6 Bc4 Be7 O-O Nf6 d3 c6
1633,1518,white,900+15,e4 b6 d4 Bb7 Nc3 Nc6 Bc4 g6 Nf3 Bg7
1731,1387,white,0+1,e3 e5 f4 exf4 exf4 Bc5 Qe2+ Ne7 c3 d6
1822,1889,black,360+4,e4 Nf6 e5 Nd5 d4 e6 Nf3 d6 Bc4 Nb6
1377,1208,draw,660+10,e4 e5 Nf3 Nc6 Nc3 Bc5 Bc4 Nf6 h3 a6
1343,1824,black,60+1,d4 Nf6 c4 g6 Bg5 Bg7 Nf3 O-O e3 d6
1630,1529,white,240+0,e4 e5 Nf3 d6 Be2 Nf6 d3 c5 O-O Be7
1580,1620,white,300+2,e4 e5 Nf3 d6 Bc4 h6 h3 Nf6 d3 Be6
1272,1417,black,120+0,e4 d5 e5 e6 d4 c5 dxc5 Bxc5 Be3 a6
1391,1151,white,300+10,e4 Nf6 e5 Ne4 Qe2 d5 exd6 Nxd6 d3 e5
1721,1603,white,300+4,e4 g6 d4 Bg7 Nc3 d6 Be3 Nf6 Qd2 O-O
1849,1969,black,180+0,e4 c5 Nc3 Nc6 d3 g6 Be3 Bg7 Bxc5 b6
1308,1243,black,300+0,d4 d5 f3 Nc6 e4 e6 Ne2 Bb4+ c3 Ba5
1364,1546,black,600+0,d4 d5 Nc3 Nf6 Nf3 Bf5 Bf4 e6 e3 Bg6
2008,1895,black,60+0,d4 c5 Nf3 e6 d5 exd5 Qxd5 d6 Bf4 Nf6
1558,1376,white,240+3,e4 e6 Nf3 d6 Bc4 c6 d3 h6 O-O Nf6
1909,1990,black,60+0,d4 d5 c4 e6 Nc3 Bb4 Nf3 Nf6 Qc2 dxc4
1747,1520,white,0+1,g3 e5 Bg2 Nc6 b3 d6 Bb2 Be6 d3 Be7
1847,1924,white,120+12,e4 e6 d4 d5 e5 c5 c3 Qb6 Nf3 Nc6
1362,1283,black,900+0,e4 e5 Qf3 d6 Bc4 Nh6 d3 Bg4 Qg3 Nc6
1626,1631,white,300+7,e4 c6 Bc4 d5 exd5 cxd5 Bb3 Nc6 c3 Nf6
1496,1709,white,300+5,b3 d5 Bb2 d4 Nf3 c5 e3 dxe3 dxe3 Nc6
1424,1194,white,120+0,d4 d5 f3 e6 e4 dxe4 f4 Qh4+ g3 Qg4
1729,1739,black,300+4,e4 e5 Nf3 d6 d4 exd4 Nxd4 Nf6 Nc3 c6
1769,1514,white,0+1,g3 f5 Bg2 Nf6 b3 e6 Bb2 d5 e3 c6
1628,1302,white,360+8,e4 d5 e5 d4 c3 f6 exf6 exf6 Qh5+ g6
1551,1562,white,600+0,e4 e5 Bc4 Nf6 d3 d5 exd5 Nxd5 Bb3 Bb4+
1295,1321,black,180+20,d4 d5 c4 Nf6 c5 Nc6 Nc3 e5 e3 exd4
1521,1588,black,300+2,e4 c6 Nf3 d6 d4 d5 e5 f6 exf6 Nxf6
1826,1897,white,60+1,e4 c6 d4 d5 e5 Bf5 Nf3 e6 Be2 h5
1310,1361,white,300+5,Nf3 e5 Nxe5 Bc5 d4 Bb6 e4 c5 dxc5 Bxc5
1793,2050,white,300+0,e4 e5 Nf3 Nc6 d4 exd4 Nxd4 Bb4+ c3 Bc5
1381,1468,black,600+10,e4 e5 d3 d5 exd5 c6 dxc6 Bc5 cxb7 Bxb7
1482,1471,black,1500+0,d4 d5 Bf4 e6 Nf3 Bd6 Ne5 f6 e3 fxe5
1337,1571,white,300+0,e4 Nc6 d4 e6 d5 exd5 exd5 Ne5 Nf3 d6
1483,1504,black,1200+0,e4 Nc6 c4 b6 Nc3 Bb7 d3 d6 g3 e5
1150,1430,black,120+0,e4 e5 d4 d5 dxe5 dxe4 Qxd8+ Kxd8 Bg5+ Be7
1495,1585,black,540+8,d4 d6 e3 c5 c3 d5 dxc5 e5 b4 e4
1702,1571,white,600+0,e4 Nc6 d4 e6 a3 a5 Nc3 d6 Nf3 Nf6
1897,1812,white,360+4,e4 c5 Nf3 d6 c4 Nf6 Nc3 g6 d4 cxd4
1790,1529,white,300+20,e4 Nc6 d4 d5 e5 f6 f4 a6 c3 b5
1513,1521,white,0+8,e4 e5 Nf3 Nc6 Bb5 Bc5 O-O Nf6 Re1 O-O
1294,1413,white,300+0,d4 d5 f3 e6 e4 Bd6 Bd3 Ne7 Be3 O-O
1553,2000,black,60+0,e4 e5 Bc4 Nc6 Nf3 Bc5 d3 Nf6 a3 d6
1623,1648,white,60+8,d4 Nf6 g3 g6 Nf3 Bg7 Bg2 d6 c3 O-O
1594,1430,black,900+0,e4 e5 Nf3 d6 Bc4 c5 Nc3 Nc6 d3 Nf6
1592,1592,white,300+2,e4 e5 d3 Nc6 a3 Nf6 h3 Be7 Nf3 d6
1586,1779,black,120+2,e4 d5 exd5 Qxd5 Nc3 Qa5 d4 Nf6 Bd3 Bg4
1846,1414,white,900+8,e4 e5 Nf3 Nf6 Nc3 Bb4 Nxe5 Bxc3 bxc3 Nxe4
1503,1375,black,240+2,e4 e5 Bc4 Bc5 d3 h6 Qf3 Nf6 Nc3 O-O
1700,1558,white,240+3,e4 e5 Nf3 Nf6 Nc3 Nc6 Bc4 d6 d3 Bg4
1549,1355,white,300+0,e4 e5 c3 Bc5 Nf3 Nf6 h3 Nxe4 Qe2 Bxf2+
1618,1512,white,300+2,e4 e5 f4 exf4 Nf3 f6 d4 d6 Bxf4 Bd7
1434,1122,white,120+0,d4 e5 dxe5 d6 exd6 cxd6 e4 f6 Be3 b6
1564,1666,white,240+3,e4 e5 Nf3 Nc6 d4 exd4 Nxd4 Nxd4 Qxd4 c6
1841,1900,black,180+0,e4 e6 d4 Ne7 Nf3 a6 Nc3 d6 Bd3 b6
1551,1029,black,60+0,e4 Nc6 Bc4 e5 Nf3 Qf6 d3 d6 Nc3 Be6
1310,1500,black,720+2,d4 d5 Nc3 c5 e3 cxd4 exd4 Nf6 Be2 Ne4
1577,1603,white,240+3,c4 f5 e3 Nf6 b3 e5 Bb2 Nc6 Nc3 d6
2190,1883,white,60+1,d4 d5 Nf3 Nf6 e3 c6 b3 Bf5 Bb2 e6
1581,1616,black,300+2,e4 e5 Nf3 d6 Bc4 h6 d3 a6 a3 Nc6
1718,1504,white,300+4,e4 e5 Nf3 d6 d4 exd4 Nxd4 Nf6 Nc3 Be7
1814,1692,white,300+0,d4 d5 Nf3 Nc6 e3 Bf5 Bd3 Bxd3 Qxd3 e6
1710,1560,white,600+0,e4 e5 Nf3 Nc6 d4 d6 d5 Nb8 Nc3 Nf6
1116,1438,white,120+0,d4 d5 c3 Nc6 e3 e5 dxe5 Nxe5 e4 c6
1458,1556,black,60+8,b3 e6 Bb2 Nc6 e3 d5 Bb5 a6 Bxc6+ bxc6
1383,1299,black,780+0,d4 d5 Nc3 e6 g3 c6 Bg2 Bb4 Nf3 Bxc3+
1428,1153,black,360+2,d4 d6 e4 e6 Nc3 Nc6 Bb5 Bd7 d5 Ne5
1684,1823,white,300+0,e4 e5 Nf3 d6 Bc4 Be6 Bxe6 fxe6 d4 exd4
1488,1398,white,240+2,e4 e5 Bc4 d6 Qf3 Qe7 d3 h6 Nc3 c6
1795,1861,white,300+20,e4 c5 Nf3 d6 d4 cxd4 Nxd4 Nf6 Nc3 g6
1526,1842,white,60+0,e4 e5 Bc4 Nc6 Nf3 Nf6 d3 Bc5 a3 d6
1558,1637,black,300+7,e4 e5 f4 exf4 Nf3 g5 Bc4 Bg7 Ne5 Bxe5
1832,1909,white,180+0,e4 e6 d4 d6 Nf3 Ne7 Nc3 Ng6 e5 d5
1601,2019,black,900+5,e4 d5 exd5 Qxd5 Nc3 Qa5 Nf3 Bg4 Be2 Nf6
1692,1231,white,300+0,e4 e5 d4 exd4 c3 dxc3 Bc4 Nf6 Nf3 cxb2
1694,1818,black,300+0,e4 e6 Nf3 Nf6 e5 Nd5 d4 c5 dxc5 Bxc5
1420,1100,white,900+0,e4 d5 Nc3 Nf6 d3 c6 Bg5 Qa5 Ne2 dxe4
1641,1450,white,900+15,e4 e5 d4 exd4 c3 dxc3 Bc4 Nf6 Nxc3 Bb4
1525,1636,black,180+6,e4 e5 Nf3 Nc6 Bb5 d6 h3 Nf6 d3 Be7
1803,1659,white,360+4,e4 g6 d4 Bg7 Nf3 d6 Bc4 Bg4 Bxf7+ Kxf7
1549,1819,black,60+0,e4 e5 Bc4 Nc6 Nf3 Nf6 d3 Bc5 Bg5 h6
1636,1571,white,300+2,e4 e5 d3 Nc6 a3 d6 h3 Nf6 Nf3 Be7
1401,1900,black,600+0,e4 e6 Nf3 c6 c3 d5 d3 dxe4 dxe4 Qxd1+
1502,1330,white,180+20,e4 e5 Nf3 Nc6 Bc4 Nf6 Ng5 d5 exd5 Nxd5
1725,1805,black,300+0,e4 e6 f4 d5 e5 c5 Nf3 Nc6 Bb5 Qb6
1810,1652,white,360+4,e4 g6 d4 Bg7 Nf3 Nc6 Bc4 d6 Ng5 e6
1373,1396,black,660+10,e4 e5 Nf3 f6 Nc3 c6 Bc4 b5 Bb3 a5
1964,1825,black,420+0,e4 e6 d4 d5 e5 c5 c3 Nc6 Nf3 Qb6
1400,1329,white,600+0,e4 e5 Nf3 Nc6 Bc4 f6 c3 d6 d3 Na5
1723,1594,white,300+4,e4 e6 Nc3 c6 d4 d5 e5 c5 Nf3 Qb6
1686,1557,black,300+0,e4 e5 d4 d6 Nf3 exd4 c3 dxc3 Bc4 Be7
1845,1758,white,180+0,e4 e5 Nc3 Nc6 Nf3 Nf6 d4 exd4 Nxd4 d5
1856,1762,white,60+0,e4 e6 Nf3 d5 e5 c5 c3 Nc6 d4 Qb6
1375,1132,white,1740+30,d4 e5 d5 d6 c4 Bf5 Nc3 Na6 a3 c6
1349,1389,black,300+0,e4 e5 Nf3 d6 Bc4 h6 d4 Bg4 d5 a6
1700,1180,white,300+5,e4 b6 d4 g6 Nf3 d6 Nc3 Bg4 Be2 Bxf3
1406,1292,white,300+5,e4 e5 Nf3 Bc5 Nxe5 Qf6 Nf3 Nh6 Nc3 Ng4
1369,1391,black,780+0,d4 d5 Nc3 e6 g3 c5 dxc5 Bxc5 Bg2 d4
1544,1901,black,60+0,e3 c5 e4 e6 Bc4 d5 exd5 exd5 Bb5+ Nc6
1594,1477,white,540+8,g3 e5 e4 d5 exd5 Qxd5 f3 e4 Nc3 Qe5
1411,1310,black,600+0,d4 d6 c4 g6 e3 Bg7 Nc3 Nc6 Nf3 Nb4
1774,1767,white,180+0,Nf3 g6 Nc3 Bg7 g3 b6 Bg2 Bb7 O-O e6
1517,1203,white,180+6,e4 e5 Nf3 Bc5 Bc4 Qf6 O-O Nc6 c3 d6
1719,1974,black,900+0,e4 c5 Nf3 Nc6 Bb5 e6 O-O Nf6 d3 Be7
1247,1651,black,300+1,e3 e6 d4 d5 Nf3 c5 Na3 Qb6 Bb5+ Bd7
1682,1815,black,300+0,d4 d5 f4 Bf5 Nf3 c6 e3 Nf6 Bd3 Be4
1541,1903,black,60+0,e4 c5 Bc4 e6 Nf3 d5 exd5 exd5 Bb3 Nf6
1415,1567,white,120+0,d4 d5 f3 Nc6 e4 e6 e5 f6 c3 fxe5
1497,1440,draw,240+2,e4 e5 Bc4 Nf6 d3 Nc6 c3 Bc5 Bg5 d6
1563,1654,white,300+2,e4 e5 Nf3 d6 Bc4 h6 h3 a6 d3 Nc6
1701,1853,black,300+5,e4 e5 Nf3 Nc6 Bc4 Bc5 O-O h6 c3 d6
1500,1314,black,600+8,e4 b6 Nc3 e6 d4 Bb4 Bd2 Bxc3 Bxc3 Bb7
1854,1840,black,180+0,e4 e6 d4 d5 exd5 exd5 Bd3 Nf6 Ne2 c5
1481,1611,white,300+8,e4 e5 Nf3 Nc6 Bb5 d6 Bxc6+ bxc6 O-O Ba6
1535,1610,black,300+0,e4 e5 Nf3 d6 Bc4 f5 exf5 Bxf5 Nc3 Nf6
1418,1653,black,300+1,d4 e6 Nf3 d5 Nc3 c5 e3 Qb6 h4 a5
1475,1554,white,600+0,e4 e5 d4 exd4 Qxd4 c6 Nf3 Be7 Qxg7 Bf6
1661,1686,white,300+5,e4 d5 exd5 Qxd5 Nc3 Qa5 a3 e6 Nf3 c6
1668,1561,white,600+4,e4 e5 Nf3 d6 d4 exd4 Qxd4 Nc6 Qa4 Bd7
1731,1438,white,300+4,e4 e5 Nf3 d6 d4 Bg4 dxe5 Bxf3 Qxf3 dxe5
1687,1500,white,600+8,e4 e5 Bc4 Nh6 Nf3 f5 exf5 Nxf5 Nxe5 Qe7
1842,1851,black,180+0,e4 e6 d4 d5 exd5 exd5 Bd3 Nf6 Ne2 c5
1538,1906,black,60+0,e4 c5 Bc4 e6 Nf3 d5 exd5 exd5 Bb5+ Nc6
1338,1443,black,600+2,e4 d5 f3 d4 d3 e5 Na3 Bxa3 bxa3 Nc6
1432,1421,white,120+0,d4 d5 f3 Nc6 e4 dxe4 fxe4 Nf6 d5 Ne5
1794,1824,black,60+1,c4 c5 e4 Nc6 Nc3 Nf6 d3 d6 f4 g6
1520,1629,black,180+6,e4 c6 Bc4 d5 exd5 cxd5 Bb3 e5 d4 e4
1628,1576,white,300+2,e4 e5 Nf3 Nc6 Bc4 d6 d3 h6 h3 Nf6
1861,1694,black,300+5,d4 d5 c4 dxc4 e3 Nc6 Bxc4 Bf5 a3 Bxb1
1647,1866,black,900+15,e4 e5 d4 exd4 c3 dxc3 Bc4 d6 Ne2 Be6
982,1823,black,300+0,d3 e5 e4 d6 d4 exd4 Qxd4 Nc6 Qd3 Nf6
1360,1379,black,780+0,d4 d5 Nc3 h6 g3 Nf6 Bg2 Be6 Nf3 c6
1337,1526,black,180+0,d4 d5 Nc3 Nc6 Bf4 Bf5 Nb5 e5 Bxe5 Nxe5
1444,1500,white,120+0,d4 e6 f3 Nc6 e4 d5 e5 Nge7 c3 g6
1450,1662,draw,180+1,b3 e5 Bb2 d6 e3 Nc6 Bb5 Nf6 Bxc6+ bxc6
1638,1644,white,120+5,d4 Nf6 c4 g6 Nc3 Bg7 e4 O-O Be3 d6
1326,1208,black,600+8,g3 e6 b3 d5 d3 Be7 Bb2 Bf6 c3 Nh6
1670,1667,black,300+0,e4 e5 d4 exd4 c3 dxc3 Bc4 cxb2 Bxb2 Ne7
1276,1415,white,300+5,e4 e5 Bc4 Nc6 Nf3 Bc5 d3 Nf6 Ng5 d5
1339,1459,black,300+0,e4 c6 d4 e6 d5 a6 c4 d6 dxc6 Nxc6
1908,1865,white,60+0,d4 d5 c4 e6 Nc3 Nf6 Nf3 Be7 Bg5 O-O
1592,1497,black,300+8,e4 e5 Bc4 Nf6 d3 d6 Bg5 Be7 Nf3 h6
1535,1570,black,60+0,e4 e5 Bc4 Nc6 Nf3 Nf6 d3 d6 O-O Be6
1257,1500,white,180+0,d4 g6 Nc3 Bg7 Bf4 Nc6 Nb5 d6 Nf3 Bg4
1783,1677,white,300+1,d4 d5 Nf3 Bg4 e3 Nf6 Be2 e6 a3 Nc6
1229,1658,black,300+1,e4 e6 d4 d5 e5 c5 Nf3 Qb6 Be3 Qxb2
1810,1562,white,300+20,e4 e5 Nf3 Nc6 Bc4 d6 d4 exd4 Nxd4 Nxd4
1488,1614,white,300+0,e4 c6 d4 d5 Nc3 e6 f4 dxe4 Nxe4 Nd7
1532,1136,white,300+0,e4 d5 exd5 Qxd5 Nc3 Qc6 d4 Bf5 Bb5
1236,1787,black,120+2,e3 d5 d4 Nf6 Nc3 g6 Nf3 Bg7 Bb5+ Nc6
1534,1599,draw,300+0,e4 c6 d4 d5 exd5 cxd5 Nc3 Nf6 Bg5 Nc6
1824,1136,white,300+0,d4 e5 dxe5 Nc6 Nf3 Bc5 e3 a6 b3 Na7
1855,1918,black,60+0,e4 c5 Nf3 e6 d4 d5 dxc5 Bxc5 exd5 exd5
1642,1671,black,300+2,e4 e5 f4 exf4 Nf3 Be7 d4 Bh4+ g3 fxg3
1398,1306,black,300+5,e4 e5 Nf3 Bc5 Nxe5 Qf6 Nf3 Nh6 Bc4 Ng4
1756,1739,white,180+0,g3 d5 Bg2 e5 b3 Bd6 Bb2 Ne7 h3 O-O
1806,1507,white,300+0,e4 e5 Nf3 Nc6 g3 Nf6 d3 d5 exd5 Nxd5
1927,1846,black,60+0,d4 d5 c4 e6 Nc3 Nf6 Nf3 Be7 Bg5 O-O
1631,1483,white,300+0,d4 d5 e3 c5 dxc5 e5 b4 Nf6 Be2 g6
1157,1547,white,600+0,e4 e5 d3 Bc5 Qd2 Nc6 Be2 Qf6 Nf3 Nd4
1512,1461,white,180+6,e4 e5 Nf3 Nf6 d4 Nxe4 dxe5 Bc5 Be3 Bxe3
1658,1660,white,300+0,e4 e6 Nf3 d5 exd5 exd5 d4 h6 Nc3 Nf6
1601,1634,black,60+2,e4 c5 Nf3 Nc6 Nc3 e6 d4 cxd4 Nxd4 Nxd4
1454,1230,white,180+2,c4 d5 cxd5 Qxd5 Nc3 Qc6 Nf3 Bg4 d4 Bxf3
1389,1454,white,180+0,d4 b6 Nc3 Bb7 Bf4 e6 Nb5 d6 f3 Qh4+
1715,1792,black,900+0,e4 e6 Nf3 c5 g3 Nc6 Bg2 Nf6 d3 Be7
1678,1789,white,240+0,d4 d5 c3 Nf6 Nd2 g6 Ngf3 Bg7 g3 O-O
1466,1711,black,300+5,d4 d5 e3 Nc6 c3 Bf5 Nd2 e6 a3 Be7
1597,1536,black,300+0,g3 e5 Bg2 d5 Nc3 Nf6 d4 e4 e3 Bf5
1658,1791,black,300+1,e4 c5 Nf3 Nc6 Bc4 h6 Nc3 e5 d3 Nf6
1575,1324,white,180+20,e4 e5 Nf3 Nc6 d4 d5 dxe5 dxe4 Qxd8+ Nxd8
1349,1362,black,780+0,d4 d5 Nc3 Nf6 g3 b6 Qd3 Bb7 Bg2 e6
1485,1249,black,300+6,d4 d5 Nc3 Nf6 Bg5 h6 Bxf6 exf6 e3 Bb4
1799,1642,black,300+1,d4 d5 Nf3 Bf5 c4 c6 Nc3 Nf6 Bg5 e6
1914,2153,white,60+0,d4 e6 c4 d5 Nc3 f5 Nf3 c6 Bg5 Be7
1614,1701,white,240+0,e4 e5 f4 Nc6 Nf3 f6 fxe5 Nxe5 d4 Nxf3+
1813,1824,white,300+0,e4 e6 d4 d5 Nd2 dxe4 Nxe4 Be7 Nf3 Nd7
1407,1784,black,720+10,e4 e5 Bc4 d6 Ne2 Be7 O-O Bg4 h3 Bh5
1766,1916,black,180+0,g3 e5 Bg2 d5 b3 Nf6 Bb2 Nc6 h3 Be6
1675,1727,black,300+5,e4 e5 Nc3 Bc5 Be2 Nf6 d3 O-O Nf3 d6
1605,1500,white,120+20,e4 e5 Nf3 Nf6 Nc3 Bb4 d3 Bxc3+ bxc3 d5
1922,1408,white,300+13,e4 d5 exd5 Qxd5 Nc3 Qa5 Bc4 Nc6 d3 Nf6
1396,1646,black,300+7,e3 e5 d4 e4 Nc3 d5 Nge2 g5 Ng3 h5
1550,1585,white,300+0,e4 c6 d4 d5 exd5 cxd5 Nc3 Nf6 Bg5 e6
1715,1455,white,300+5,e4 e5 Nf3 d6 Bc4 Bg4 O-O Nf6 Nc3 c6
1202,1242,black,300+3,d4 d5 c4 c6 Nc3 Nf6 h3 g6 Bf4 Bg7
1443,1384,black,60+8,b3 b6 Bb2 Bb7 e3 d6 Qg4 e5 d4 f6
1563,1102,white,300+0,e4 e5 Nf3 d6 Bc4 Qf6 d4 exd4 Nxd4 Qg6
1522,1562,black,180+6,e4 e6 Nf3 d5 exd5 exd5 d4 Nf6 Bd3 Bd6
1909,1761,white,180+3,e4 c6 Nc3 d5 d4 dxe4 Nxe4 Nf6 f3 Nxe4
1384,1382,black,600+10,e4 e5 d3 Nc6 a3 Nf6 Nf3 d5 exd5 Nxd5
1514,1650,black,360+2,b3 e5 Bb2 Nc6 e4 Nf6 f3 Bc5 Qe2 O-O
1506,1500,white,180+0,d4 d6 Nc3 g6 e4 Bg7 Be3 Nd7 Qd2 e5
1536,1828,black,180+2,e4 c5 d3 Nc6 h3 d5 Nc3 d4 Nb1 g6
1832,1750,white,180+0,e4 e5 Nc3 Nf6 Nf3 Nc6 d4 exd4 Nxd4 d5
1811,1623,white,300+0,d4 Nf6 e3 g5 Bd3 Bg7 e4 d6 Bxg5 h6
1576,1633,white,180+1,d4 Nf6 c4 g6 Nc3 Bg7 Nf3 O-O Bg5 d6
1676,1783,white,300+1,e4 c6 d4 d6 Nc3 e6 Nf3 Nf6 Bg5 Be7
1333,1212,white,300+5,e4 d5 e5 d4 f4 Nc6 c3 f6 cxd4 Nxd4
1650,1718,white,300+7,e4 c5 d4 cxd4 Qxd4 Nc6 Qd1 Nf6 f3 e5
1670,1453,white,600+2,e4 e5 Nf3 d6 h3 c5 Nc3 Be6 a3 a6
1523,1855,black,60+0,e4 c5 Bc4 e6 Nf3 d6 d3 Nc6 Ng5 Be7
1565,1532,black,300+0,e3 e5 d4 Nc6 dxe5 Nxe5 Bc4 d6 Nc3 h6
1241,1205,white,180+6,e4 e6 e5 Nc6 d4 f6 Nf3 fxe5 dxe5 g6
1483,1286,white,900+0,e4 e5 Nf3 Nc6 Bb5 Nb4 Nxe5 Qe7 Nd3 Qxe4+
1398,1429,white,60+8,b3 b6 Bb2 Bb7 d3 e6 e4 d5 f4 dxe4
1528,1323,white,600+0,e4 d6 Qf3 e5 Nh3 Be6 d3 Be7 Nc3 Nc6
1754,1916,black,180+3,e4 e5 Qh5 Nc6 Bc4 g6 Qf3 Qf6 Qxf6 Nxf6
1620,1691,white,360+8,e4 c5 Nf3 d6 d4 cxd4 Nxd4 Nc6 Nc3 Nf6
1565,1329,white,180+0,d4 d6 Nc3 Nd7 e4 b6 Bb5 Bb7 d5 Rb8
1757,1877,white,300+3,e4 c5 Nf3 d6 d4 cxd4 Nxd4 Nf6 Nc3 e6
1442,1833,black,180+2,e4 c5 Nf3 d6 Bc4 Nc6 Ng5 e6 d3 a6
2022,1882,white,600+1,e4 d5 exd5 Qxd5 Nc3 Qd6 Nf3 Bg4 h3 Bh5
1373,1443,white,660+10,e4 c5 Nc3 e6 Bb5 a6 Ba4 Nf6 d3 Bd6
1705,1664,black,300+7,e4 d5 exd5 Qxd5 Nc3 Qd8 d4 Bf5 Bd3 Bxd3
1617,1762,black,120+2,e4 e5 Nf3 d6 Bc4 Nc6 d4 Bg4 dxe5 Nxe5
1840,2010,black,180+0,e4 e5 Nc3 Nc6 Nf3 Nf6 d4 exd4 Nxd4 Bb4
1310,1469,black,300+0,d4 d5 f3 Nf6 e4 dxe4 fxe4 Nxe4 Qe2 f5
1665,1342,black,300+5,d4 d5 Nf3 Nf6 Bg5 Nbd7 Nc3 e6 e4 dxe4
1512,1346,white,180+6,e4 e5 Nf3 Bc5 Bc4 f6 O-O Nh6 h3 d6
1436,1817,black,300+0,Nf3 Nf6 Nc3 d6 d4 Bf5 e3 e6 Bd3 Bxd3
1398,1653,black,60+2,g3 c5 Bg2 d5 c3 e6 d4 cxd4 Qxd4 Nc6
1310,1476,black,300+0,e4 e5 Nf3 Nc6 Bb5 Nge7 Nc3 d6 d3 a6
1319,1523,black,720+3,d4 d5 c4 c6 Nc3 Nf6 e3 e6 Nf3 a6
1875,2030,black,600+1,e4 d5 exd5 Qxd5 Nc3 Qa5 Nf3 Bg4 Be2 Nf6
1923,1428,white,300+13,e4 e5 Nf3 Nc6 Bc4 h6 d3 Bc5 Nc3 Nf6
1451,1720,black,300+5,e4 e5 d3 Nc6 Nf3 Bc5 Bg5 Nf6 c3 O-O
1611,1786,draw,120+0,e4 c6 Nf3 d5 exd5 cxd5 d4 e6 Be2 Nf6
1597,1544,white,180+0,d4 d5 Nc3 e6 a3 a6 e4 Ne7 e5 Nd7
1470,1319,white,300+6,e4 e5 Bc4 Nf6 Nc3 Bb4 Qf3 O-O a3 Bxc3
1174,1500,black,120+8,d4 d5 e3 e6 Nf3 Qd6 b3 e5 dxe5 Qe7
1475,1572,black,240+5,e4 e6 d4 d5 e5 c5 Be3 Qb6 Nc3 Qxb2
1303,1348,black,300+0,d4 Nc6 e4 d5 f3 Nf6 Bf4 dxe4 fxe4 Nxe4
1701,1500,white,420+7,e4 e5 Bc4 Nf6 d3 Nc6 a3 Na5 Ba2 d5
1520,1391,draw,60+0,e4 e5 Bc4 Nc6 Nf3 Nf6 d3 Be7 Bg5 O-O
1836,1683,white,180+1,e4 c5 Nf3 b6 d4 cxd4 Nxd4 Bb7 Nc3 g6
1692,1804,black,240+0,d4 Nf6 c3 e6 Bg5 b6 Nd2 Bb7 Ngf3 Na6
1657,1393,draw,60+2,d4 g6 c4 Bg7 e3 e6 Bd3 c6 Qc2 d6
1338,1257,black,780+0,e4 e6 Nf3 d6 Bd3 Nf6 O-O Nc6 b3 Ng4
1460,1698,black,180+2,c4 c5 d3 Nc6 Nf3 d5 cxd5 Qxd5 Nc3 Qd8
1667,1584,black,360+2,e4 e5 Nf3 d6 Bc4 h6 d4 exd4 Nxd4 Nf6
1446,1714,black,600+2,e4 e6 d4 d5 e5 c5 c3 Nc6 Nf3 Bd7
1748,1536,black,240+1,e4 e5 Qh5 d6 Bc4 Nh6 h3 Qf6 d3 Ng8
1482,1271,white,300+0,e4 e5 Nf3 Nc6 Bc4 Nf6 Ng5 Bb4 Nxf7 Rf8
1369,1629,black,300+8,e4 b6 Qh5 Bb7 Nc3 g6 Qf3 Bg7 Bc4 e6
1475,1434,white,480+8,Nf3 e6 Nc3 b6 d4 Bb7 d5 e5 e4 f6
1862,1774,white,300+3,d4 Nf6 c4 e6 Nf3 b6 Nc3 Bb4 Bd2 O-O
1718,1325,white,300+5,e4 Nc6 Bc4 b6 Qh5 g6 Qf3 e6 c3 Bb7
2039,1869,white,600+1,e4 c5 Nc3 Nc6 Nf3 e6 Bb5 Qc7 O-O a6
1776,1616,white,120+0,e4 c5 Nf3 Nc6 d4 cxd4 Nxd4 e6 Nc3 Nf6
1719,1442,white,600+2,e4 e5 Nf3 d6 Bc4 f6 Nc3 c5 O-O Qe7
1652,1315,white,180+0,d4 d5 Nc3 Nc6 Bf4 f6 Nb5 e5 Be3 a6
1609,1788,black,120+0,e4 a6 Nf3 e6 Bc4 c5 d4 b5 Be2 c4
1401,1432,black,60+2,b3 b6 Bb2 Bb7 f3 Nf6 e4 g6 Bxf6 exf6
1872,1479,white,600+6,d4 d5 c4 dxc4 Nf3 Nf6 e3 e6 Bxc4 Nc6
1565,1168,black,120+8,e4 d6 d4 e5 Be3 b6 c3 Bb7 Bd3 Nc6
1676,1672,white,720+3,e4 e5 Nf3 d6 h3 Nf6 Nc3 Be7 Bb5+ Bd7
1552,1552,white,300+0,e4 e5 Nf3 d6 Bc4 Nf6 d4 exd4 Qxd4 Qe7
1529,1509,black,0+8,e4 b6 Nf3 Bb7 e5 e6 d4 d6 exd6 cxd6
1496,1778,black,300+0,d4 Nf6 Nf3 e6 Nc3 c5 e3 d5 Ne5 Nc6
1724,1043,white,300+5,e4 b6 Nf3 d6 Bc4 d5 exd5 c5 dxc6 Nxc6
1444,1390,white,60+2,g3 b6 Bg2 c6 Nf3 d5 O-O e5 e3 e4
1799,1603,white,120+0,e4 c5 Nf3 Nc6 d4 cxd4 Nxd4 Nf6 Nc3 e6
1553,1731,draw,240+1,e4 c6 d3 d5 Nc3 d4 Nb1 e5 h3 Be6
1313,1611,black,720+3,d4 d5 c4 c6 Nc3 Nf6 Nf3 dxc4 e4 h6
1292,1498,white,300+0,d4 d5 f3 Nc6 e4 dxe4 fxe4 e5 c3 exd4
1844,1637,white,180+2,e4 e5 Nf3 d6 Bc4 Be7 d4 exd4 Nxd4 h6
1518,1499,white,0+8,e4 e5 Nf3 d6 Bc4 Nf6 d3 h6 h3 Be7
1925,1507,white,300+13,e4 c5 Bc4 e6 Nf3 d5 exd5 exd5 Qe2+ Be7
1493,1466,black,240+6,e4 e5 Nf3 Nc6 Bc4 Bc5 d4 Bxd4 Ng5 Nh6
1834,1706,white,180+0,e4 e5 Nc3 Nc6 Nf3 Nf6 d4 exd4 Nxd4 Nxd4
1708,1879,black,60+1,e4 c6 c3 d5 exd5 cxd5 d4 Nc6 Nf3 Nf6
1649,1769,white,120+2,d4 d5 Nc3 e6 Nf3 Nf6 e3 Nbd7 Bd3 Bb4
1725,1488,white,300+5,e4 e5 Nf3 d6 Bc4 h6 O-O Bg4 h3 Bxf3
1286,1252,draw,600+0,e4 f5 d3 f4 Bxf4 d5 Be2 e5 Bxe5 d4
1721,1383,white,300+5,e4 e6 d4 d5 e5 c5 c3 Nc6 Bb5 Bd7
1842,1820,draw,300+0,d4 d5 c4 dxc4 Nf3 Nf6 Nc3 a6 a4 b6
1323,1690,black,300+2,e4 e5 Nf3 Nc6 c3 d6 d4 exd4 Nxd4 Nxd4
1290,1406,white,300+10,d4 d5 c4 dxc4 a4 e6 e4 Nf6 Nc3 a6
1596,1809,black,120+0,e4 c5 Nf3 Nc6 d4 cxd4 Nxd4 e6 Bc4 a6
1489,1259,white,900+0,e4 e5 Nf3 Nc6 Nc3 Bc5 Bb5 Nb4 Nxe5 Nf6
1841,1843,black,180+0,e4 e6 d4 c5 c3 cxd4 cxd4 d5 e5 Nc6
1243,1851,black,180+2,e4 c5 Nf3 d6 Nc3 Nc6 d4 cxd4 Nxd4 g6
1484,1730,black,300+5,e4 e5 Nf3 Nc6 Bb5 Bc5 Bxc6 dxc6 d3 Nf6
1714,1702,black,120+0,e4 e5 Nf3 Nc6 Bc4 Bc5 O-O Nf6 b3 d6
1661,1509,white,720+3,d4 d5 Nf3 Bf5 e3 Nc6 Bd3 e6 O-O Bxd3
1195,1569,black,120+8,d4 e6 e3 d5 Nf3 c5 b3 Nf6 Bb2 g6
2046,1850,white,900+8,e4 e5 Nf3 Nc6 Bb5 a6 Ba4 Bc5 O-O d6
1800,1400,white,600+3,e4 e5 Nf3 Nc6 Bc4 h6 Nc3 d6 d3 Nf6
1290,1332,black,60+2,c4 e6 d4 d5 Nc3 dxc4 e4 b5 a4 c6
1818,1591,white,120+0,e4 c5 Nf3 Nc6 d4 cxd4 Nxd4 Nf6 Nc3 e6
1541,1563,black,300+0,e4 e5 Nf3 Nc6 d4 Bc5 dxc5 Nf6 Bd3 d6
1642,1231,white,360+2,e4 e5 Bc4 Nc6 d3 Nf6 a3 Be7 f4 d6
1309,1000,black,720+3,d4 d5 c4 dxc4 e3 h5 Bxc4 Be6 Qa4+ c6
1461,1875,black,600+6,e4 d5 exd5 Nf6 c4 c6 dxc6 Nxc6 Nc3 Bf5
1517,1520,white,0+8,e4 b6 d4 Bb7 Nc3 Nf6 Bd3 g6 Nf3 Bg7
1311,1477,white,300+6,e4 e5 Nf3 d6 d4 f6 d5 Bg4 Be2 Ne7
1492,1636,white,360+2,d4 d5 Nc3 Nf6 Nf3 c5 dxc5 e6 e4 Bxc5
1852,1404,white,180+2,e4 c5 Nf3 Nc6 d4 cxd4 Nxd4 a6 c4 e5
1423,1709,black,420+7,e4 e6 d4 d5 exd5 exd5 Qe2+ Be7 Bg5 Be6
1693,1320,draw,300+2,e4 d5 exd5 Qxd5 Nc3 Qa5 Nf3 Nc6 a3 Bf5
1553,1630,white,120+0,e4 e5 Nf3 d6 Bc4 Nc6 d3 Nf6 Ng5 Be7
1952,1863,white,600+1,e4 c5 Nf3 d6 d4 cxd4 Nxd4 Nf6 Nc3 a6
1313,1534,black,720+0,d4 e6 Nh3 c5 e3 d5 dxc5 Bxc5 Qg4 g6
1651,1923,black,180+3,d4 Nf6 c4 g6 Nc3 Bg7 e4 O-O f4 d6
1311,1425,white,300+0,d4 d5 f3 c5 e4 dxe4 fxe4 e6 c3 Qh4+
1831,2017,white,180+0,e4 e5 Nc3 Nc6 Nf3 Bc5 Nxe5 Nxe5 d4 Bd6
1703,1879,black,120+0,e4 e5 Nf3 Nf6 Nc3 Nc6 d4 exd4 Nxd4 Nxd4
1528,1510,white,0+8,e4 Nf6 e5 Nd5 d4 e6 Bc4 g6 Bxd5 exd5
1585,1827,black,120+0,e4 d5 exd5 Qxd5 Nf3 Nf6 Be2 c6 c4 Qa5
1574,1530,white,300+0,e4 e5 Nf3 Nf6 Nc3 Nc6 Bc4 d6 d3 Bg4
1567,1610,white,120+0,e4 e5 Nf3 d6 Bc4 Nc6 d3 Bg4 h3 Bh5
1539,1499,black,0+8,e4 d6 Nf3 b6 d4 Bb7 Bc4 Bxe4 Nc3 Bb7
1928,1802,black,300+13,e4 e6 Nf3 c5 Nc3 Nc6 Bc4 Nge7 a3 Ng6
1371,1365,white,360+6,e4 e5 Nf3 Nf6 Nc3 Nc6 Bb5 Bc5 Bxc6 dxc6
1326,1380,black,300+0,d4 d5 f3 c5 e4 dxe4 fxe4 e6 c3 Qh4+
1735,1479,white,300+5,e4 e5 Nf3 d6 Bc4 h6 O-O Nf6 d4 exd4
1239,1172,draw,180+6,e4 c5 Nf3 Nc6 Nc3 d6 Bc4 e5 d3 Be7
1545,1287,white,720+3,e4 Nf6 e5 Ng8 Nf3 g6 d4 Bg7 Nc3 d6
1185,1334,white,60+2,c4 e5 d3 Qf6 Nc3 Bc5 Nf3 d6 g3 Nh6
1471,1545,white,1800+0,e4 c5 Nf3 Nc6 c3 d5 exd5 Qxd5 d4 c4
1641,1603,black,900+15,e4 d6 d3 Nf6 Nc3 Nc6 Nf3 Bg4 Be2 h6
1133,1423,white,300+4,e4 e5 Bc4 Nf6 d4 Nxe4 Qe2 Bd6 Qxe4 O-O
1437,1363,black,600+2,e4 Nc6 c4 Nf6 d3 d6 Nf3 e5 Nc3 Be6
1392,1388,white,300+10,e4 e6 Nf3 Nf6 e5 Nd5 c4 Ne7 d4 f6
1258,1447,black,300+3,e4 e5 d3 d6 c4 c5 Nc3 Be6 b3 Nc6
1834,1580,white,120+0,e4 c5 Nf3 Nc6 d4 cxd4 Nxd4 Nf6 Nc3 e6
1643,1447,white,300+3,d4 d5 Nf3 Bg4 Nbd2 h6 g3 Nc6 h3 Bf5
1725,1144,black,300+5,e4 c5 Bc4 Nc6 Qh5 e6 c3 Nf6 Qe2 Bd6
1642,1645,black,300+5,e4 g6 d4 Bg7 c3 e6 f4 Ne7 Nf3 c6
1896,1855,black,180+2,e3 d5 d4 Nf6 Ne2 e6 Nd2 c5 c3 Nc6
1539,1308,black,720+0,e4 d5 e5 d4 Qf3 Be6 Qxb7 Bd5 Qb5+ c6
1634,1668,white,720+3,g3 d5 Bg2 Nf6 b3 e5 Bb2 Bd6 e3 c6
1581,1886,black,120+0,e4 c6 Nf3 d5 exd5 cxd5 Nc3 Nc6 d4 Nf6
1253,1280,black,600+0,e3 d5 d4 e6 Nc3 Bd7 Bb5 c6 Ba4 Na6
1475,1739,black,300+5,e4 e5 Nf3 Nc6 Bb5 Bc5 Bxc6 dxc6 d3 Nf6
1384,1825,black,240+3,e4 b6 d4 Bb7 Nc3 e6 f3 Qh4+ g3 Qd8
1293,1593,black,-,d4 Nf6 c4 g6 g3 Bg7 Nc3 c6 Nf3 a6
1967,1375,black,600+10,e4 c5 Nf3 Nc6 d4 cxd4 Nxd4 Nf6 Nc3 g6
1665,1640,white,480+2,d4 d5 c4 Nf6 Nc3 Nc6 Nf3 e6 Bg5 Be7
1313,1714,white,60+2,c4 c5 d3 e6 Nc3 d5 cxd5 exd5 e3 d4
1555,1516,black,300+8,e4 e5 Nf3 Bc5 a3 b6 Nc3 Bb7 Bc4 Bxf2+
1311,1231,white,300+0,e4 e5 Nf3 Nc6 Bb5 a6 Bxc6 dxc6 Nxe5 Bd7
1527,1511,black,0+8,e4 Nf6 d4 Nxe4 Bd3 Nf6 Nf3 g6 O-O Bg7
1683,1652,white,300+2,e4 Nc6 Nf3 e6 d4 d5 e5 Nge7 c3 Nf5
1316,1407,black,300+0,d4 d5 Bf4 Nf6 f3 Nc6 Qd2 e6 c3 a5
1519,1584,black,300+0,e4 e5 d4 exd4 Qxd4 Nc6 Qd1 Nf6 f3 Bc5
1877,1447,white,600+6,d4 Nc6 c4 e6 Nc3 d5 e3 Nf6 Nf3 Na5
1698,1171,white,300+5,c4 e5 Nc3 c6 e4 Nf6 Nf3 Qc7 d3 Bc5
1889,1714,white,60+1,e4 c6 Nf3 d5 exd5 cxd5 d4 Nf6 Bd3 Nc6
1744,1471,white,300+5,e4 e5 Nf3 d6 Bc4 h6 O-O Nf6 d4 exd4
1460,1377,white,300+6,d4 e6 e4 d5 e5 Nc6 Nf3 Nge7 Bb5 Ng6
