white_elo,black_elo,result,time_control,opening_moves
1663,1635,black,0+1,b3 e6 Bb2 Qe7 g4 g6 Bxh8 f6 g5 b6
1657,1644,black,180+0,e4 e5 Bc4 Bc5 Bxf7+ Kxf7 f4 g6 Nf3 exf4
1178,1500,black,120+0,d4 d5 e3 Nc6 Bb5 Nf6 Bxc6+ bxc6 f3 Bf5
1572,1656,black,300+0,e4 c5 Nf3 d6 Nc3 Nc6 Bb5 Bd7 Bxc6 bxc6
1269,1459,white,300+5,e4 e5 Nf3 Nc6 Bb5 Nge7 d4 a6 Ba4 b5
1543,1342,white,480+0,d4 d5 c4 Be6 Nf3 dxc4 Nc3 Nc6 e3 Bd5
1519,1548,white,480+8,e4 c6 Nf3 d5 exd5 cxd5 d4 a6 Nc3 Bg4
1349,1396,white,300+5,d4 d5 c4 dxc4 e4 e6 Bxc4 Bb4+ Bd2 Bxd2+
1697,1926,white,180+0,d4 Nf6 c4 c5 d5 b5 cxb5 a6 Nc3 g6
1538,1623,white,240+0,d4 e6 e4 c6 Nc3 d5 Nf3 Ne7 Bg5 Qd7
1392,1455,black,120+0,e4 e5 Nf3 Nc6 Nc3 d6 a3 Be6 b4 Nf6
1879,1680,black,60+0,d4 b6 c4 Bb7 Nc3 c5 e4 e6 d5 exd5
1659,2044,black,120+0,e4 e5 Bc4 Nc6 Nf3 Nf6 Ng5 d5 exd5 Na5
2115,1575,white,0+1,e4 b6 Nc3 Bb7 f4 e6 Nf3 Ne7 d4 Ng6
1648,1651,black,0+1,e3 g6 Qe2 Bg7 g3 b6 Bg2 Ba6 d3 c6
1634,1707,draw,1200+5,e4 d5 exd5 Qxd5 Nc3 Qa5 Nf3 Nf6 d4 e6
1662,1636,black,0+1,e4 e6 f4 Qe7 d4 g6 c3 Bh6 Be3 b6
1574,1468,white,0+1,b3 g6 Bb2 f6 c4 Bg7 d3 Kf7 Nd2 f5
1357,1397,black,420+0,e4 e6 Nc3 d5 exd5 exd5 d4 g6 Nf3 Bg7
1386,1335,white,300+5,e4 e5 Nf3 Nc6 d4 exd4 Nxd4 Bc5 Nxc6 bxc6
1834,1237,white,300+15,e4 e5 Nf3 Nc6 Bc4 Nf6 Ng5 Qe7 Bxf7+ Kd8
2116,1882,white,0+1,e4 d5 Nc3 dxe4 Nxe4 Bf5 Ng3 Bg6 h4 h6
1820,1753,black,300+0,d4 d5 e3 c5 Nf3 e6 b3 Nf6 Bb2 Nbd7
1663,1706,white,300+8,e4 c5 Nc3 Nc6 f4 Nf6 Bc4 e6 Nf3 d5
1438,1495,black,360+0,e4 c5 h3 Nc6 a3 Nf6 d3 e6 Bg5 Be7
1563,1624,black,300+0,e4 e5 Nf3 Nc6 Nc3 Bc5 Bb5 a6 Bxc6 dxc6
1426,1236,white,300+0,e4 d5 exd5 Qxd5 Nc3 Qe5+ Nge2 Bf5 d4 Qe6
1279,1187,black,420+0,e4 Nc6 Nf3 e5 d4 d6 d5 Nce7 Bb5+ Bd7
1458,1582,white,0+1,e3 b6 Qg4 Bb7 Qh3 e6 g4 Qf6 Bg2 Qh6
1650,1649,white,0+1,g3 e6 f4 Qe7 e4 g6 b3 Bg7 c3 b6
1893,1818,white,120+12,d4 c6 c4 d5 c5 e5 dxe5 Bxc5 Nf3 Be6
1876,1683,white,60+0,f4 d5 Nf3 e6 d3 Nc6 c3 Nf6 d4 Bd6
1398,1425,black,420+8,e4 c5 d4 cxd4 Qxd4 Nc6 Qd1 Nf6 Bd3 d5
1651,1864,white,60+0,e4 e5 Nf3 Nc6 Bb5 Bc5 O-O d6 c3 Bd7
1657,2047,black,120+0,e4 e5 Bc4 Nc6 Nf3 Nf6 Ng5 d5 exd5 Na5
1402,1644,white,720+0,e4 e5 Nf3 d6 h3 c5 c4 Na6 Nc3 Nc7
1451,1500,black,480+5,c4 c5 e3 Nc6 Nf3 g6 d4 d6 a3 Bg4
1646,1500,white,180+0,e4 g5 Bc4 Nf6 e5 Ne4 Bxf7+ Kxf7 f4 gxf4
1609,1552,white,240+0,d4 d5 c4 dxc4 Nc3 a6 e3 c6 Bxc4 b5
1480,1522,black,120+8,e4 e5 Bc4 Nf6 Nc3 Nc6 d3 Bc5 Nf3 d6
1661,1637,black,0+1,b3 e6 Bb2 Qe7 g4 b6 Bg2 c6 h4 Bb7
1628,1817,white,480+1,e4 c5 Bc4 d6 d4 cxd4 Qxd4 Nc6 Bb5 Nf6
1636,1567,white,120+0,d4 d5 g3 Nf6 Bg2 e6 Nf3 Be7 O-O O-O
1846,1668,black,60+0,d4 e6 c4 d5 Nc3 Nf6 Nf3 Be7 Bg5 O-O
1570,2121,black,0+1,d4 Nf6 Nf3 e6 e3 d5 Bd3 c6 c3 Nbd7
1421,1235,white,600+8,d4 f5 Nc3 Nf6 e4 e6 e5 Nd5 Nxd5
1678,1883,draw,60+0,e4 d5 exd5 Qxd5 Nc3 Qd6 d4 Nf6 Nf3 c6
1684,1829,black,60+0,e4 e5 Nf3 Nc6 Bb5 Bc5 O-O d6 c3 Bg4
1709,1865,black,180+0,d4 c5 e3 cxd4 Qxd4 Nc6 Qd1 g6 a3 Bg7
1650,1700,white,0+1,e4 d5 exd5 Qxd5 c4 Qd8 b3 e6 Bb2 Nf6
1375,1259,black,300+0,e4 e5 Nf3 Nf6 Bc4 c5 d3 d6 Bg5 Bd7
1646,1553,white,120+0,d4 d5 g3 c5 Bg2 Nc6 Nf3 e6 dxc5 Bxc5
1554,1630,black,300+0,e4 c5 Nf3 Nc6 Bc4 e6 O-O d5 exd5 exd5
1526,1566,black,60+4,e4 c5 Bc4 Nc6 c3 e6 Nf3 Nf6 d3 d5
1523,1500,black,360+5,e4 e5 Qh5 Nc6 Bc4 g6 Qf3 Nf6 c3 Bg7
1876,1684,black,60+0,f4 Nf6 Nf3 e6 Nc3 g6 e4 Bg7 Bc4 d5
1662,1687,white,0+1,b3 d5 Bb2 e6 f3 Nf6 e3 Be7 g4 O-O
1208,1433,black,300+0,e4 c5 e5 d6 Qe2 Nc6 f4 e6 g3 f6
1746,1732,white,120+2,e4 e5 Bc4 Bc5 Nf3 Nf6 Nxe5 O-O d4 Bb6
1665,2049,black,120+0,g3 e5 Bg2 d5 e3 f5 Ne2 Bd6 d3 Qf6
1836,1678,white,60+0,d4 e6 c4 d5 Nc3 Nf6 Nf3 Be7 Bg5 O-O
1504,1428,white,360+0,e4 e5 Nf3 d6 h3 Be6 Nc3 c6 d4 d5
1636,1619,black,180+0,e4 d6 d4 g6 c4 Bg7 Nc3 Nc6 Be3 e5
1651,1588,white,180+0,e4 e5 Bc4 Nf6 Bxf7+ Kxf7 f4 exf4 Nf3 Bc5
1630,1619,black,420+1,d4 d6 c4 Nf6 Nc3 Nbd7 Nf3 e5 Bg5 Be7
1633,1706,black,1020+0,e4 e6 d4 d5 exd5 exd5 Nf3 Nf6 Bd3 Nc6
1381,1361,white,300+5,e4 e5 d3 h6 f4 d5 f5 dxe4 dxe4 Qxd1+
1491,1476,black,0+1,e3 g6 d3 Bg7 Bd2 f6 Be2 g5 Nf3 h6
1470,1542,black,180+0,e4 e5 Nf3 Nc6 Nc3 Nf6 Nxe5 Nxe5 d4 Ng6
1757,1871,black,180+0,e4 c5 Bc4 Nc6 a4 g6 Nc3 Bg7 f4 d6
1479,1490,white,0+1,e3 g6 Qf3 Bg7 Bc4 e6 Nh3 c6 d3 b5
1639,1559,white,120+0,d4 d5 g3 c5 Bg2 Nc6 dxc5 e5 Nc3 d4
1564,1625,white,600+10,e4 e5 Nf3 f6 Nc3 Nc6 Bc4 b5 Bd5 b4
1548,1279,white,480+0,d4 d5 e4 e5 dxe5 d4 Nf3 Bc5 Bc4 Nc6
1407,998,white,180+6,e3 e5 d4 d6 dxe5 dxe5 Qxd8+ Kxd8 Nf3 Bb4+
1700,1778,white,60+0,e4 e5 Nf3 d6 d4 f5 dxe5 fxe4 Nfd2 d5
1542,1413,white,300+8,e4 d5 exd5 Qxd5 Nc3 Qe5+ Nge2 Bg4 h3 Bxe2
1576,1517,white,60+4,d4 d5 Nf3 Nc6 e3 e6 c4 dxc4 Bxc4 Bb4+
1673,1843,black,0+1,g3 c5 Bg2 d5 b3 e5 Bb2 d4 d3 Nf6
1631,1620,white,180+0,a3 Nf6 d3 Nc6 g3 e5 Bg2 d6 Nf3 Bg4
1438,1553,black,600+8,d4 d5 e4 dxe4 Nc3 e5 dxe5 Qxd1+ Nxd1 Bc5
1234,1394,white,300+5,d4 d5 Nf3 Nc6 Nc3 Nf6 Bf4 Bf5 e3 e6
1630,1612,white,420+1,e4 c5 Nf3 Nc6 Bc4 d6 O-O Nf6 Nc3 Bg4
1544,1654,white,120+0,d4 d5 c4 dxc4 Nc3 a6 e4 b5 a4 Bb7
1236,1835,black,300+15,d4 d5 Nc3 e6 Nf3 c5 Ne5 cxd4 Qxd4 Nc6
2052,1457,white,120+0,d4 Nf6 c4 d5 Nc3 g6 Nf3 Bg7 Qb3 O-O
1661,1141,white,180+0,e4 e6 f4 d6 Nf3 Ne7 Bc4 d5 exd5 exd5
1459,1551,black,180+0,e4 e5 Nf3 Nf6 Nc3 Nc6 Nxe5 Nxe5 d4 Neg4
1457,1179,white,300+10,e4 e6 d4 d5 e5 c5 Nf3 c4 Nc3 b5
1764,1714,black,60+0,e4 e5 Nf3 Nc6 Bc4 Nf6 O-O Be7 Re1 O-O
1747,1315,white,300+6,e4 e5 f4 exf4 Nf3 Bc5 d4 Bb6 Bc4 Ne7
1630,1590,black,300+5,e4 e6 d4 c5 c3 cxd4 cxd4 Nc6 Nf3 b6
1477,1491,white,0+1,b3 e6 Bb2 f6 Bc3 Qe7 Bb2 Qf7 Ba3 g6
1070,1052,black,360+9,e4 e5 Nc3 c6 Bc4 Bb4 Qf3 Nf6 a3 Bxc3
1369,1645,black,180+0,e4 c5 Nf3 Nc6 Bc4 e6 d4 d5 exd5 exd5
1409,1213,black,180+6,e3 e5 d4 exd4 Qxd4 Nc6 Qd1 Nf6 Bb5 Bc5
1667,1676,white,0+1,g3 d5 Bg2 e6 c3 Nf6 b4 Be7 a4 O-O
1343,1490,black,360+5,e4 e5 Nf3 Nc6 Bc4 Be7 c3 Nf6 Ng5 O-O
1665,1849,black,60+0,d4 d5 e3 Nf6 Nf3 Bg4 g3 e6 Be2 c5
1678,1569,white,0+1,b3 d6 Bb2 Nf6 e3 g6 g4 Bg7 g5 O-O
1727,1751,white,60+0,e4 e5 Nf3 d6 d4 f5 exf5 e4 Nfd2 Bxf5
1254,1491,black,180+9,e4 e5 Nf3 Nc6 d4 Bd6 dxe5 Nxe5 Nxe5 Bxe5
1662,1582,black,180+0,e4 c5 Bc4 Nf6 Bxf7+ Kxf7 f4 Nxe4 Nf3 d5
1550,1648,white,120+0,d4 d5 c4 dxc4 Nc3 Nf6 e4 e6 Bxc4 Bb4
1490,1413,white,0+1,b3 d6 Bb2 c6 a3 b6 b4 Nf6 Bxf6 exf6
2054,2122,white,120+0,d4 Nf6 c4 e6 Nc3 d6 e4 Nbd7 Nf3 Be7
1319,1361,black,300+0,d4 e5 c3 exd4 cxd4 Nf6 Bf4 Bb4+ Nc3 O-O
1533,1210,white,420+0,e4 Nc6 Nf3 e5 Bc4 Nf6 d3 d6 Ng5 Be6
1474,1479,white,420+9,e4 e6 d3 f5 f3 f4 Bxf4
1855,1659,black,60+0,d4 d5 c4 b6 Nc3 Bb7 Nf3 dxc4 e4 e6
1507,1585,white,60+4,e4 c5 Bc4 Nc6 c3 e6 Nf3 Nf6 d3 d5
1422,1528,black,600+10,d4 Nf6 c4 d5 Nc3 Bf5 Nf3 Ne4 Bd2 Nxc3
1616,1724,black,360+8,g3 e6 Bg2 d5 e3 Nc6 a3 Nf6 Ne2 Bd6
1797,1646,black,480+1,d4 e6 c4 d5 Nc3 dxc4 Nf3 Bb4 Bg5 Bxc3+
1686,1479,white,0+1,g3 d6 Bg2 e6 b3 c6 Bb2 d5 Bc3 Be7
1439,1185,white,300+0,e4 e5 Nf3 Nf6 Nxe5 Nxe4 Qe2 f5 d3 Bd6
1594,1593,white,240+0,e4 e6 Nf3 c6 Bc4 d5 exd5 cxd5 Bb3 Nf6
1549,1511,black,900+0,e4 c5 c3 Nf6 Bc4 Nxe4 d4 Nd6 Bb3 c4
1500,1403,black,0+1,e3 d6 Qf3 c6 Bc4 b6 Qxf7+ Kd7 Qf5+ e6
1204,1271,white,420+0,Nf3 d5 d4 h6 a3 Bf5 e3 e6 Bd3 Bg4
1536,1749,black,120+2,e4 e5 Nf3 Nc6 Nc3 Bc5 Bc4 Nf6 d3 h6
1531,1347,white,420+0,e4 e5 Qh5 Nf6 Qxe5+ Qe7 Qxc7 Qxe4+ Ne2 Qc6
2107,2068,black,120+0,e4 e5 Nc3 Nc6 f4 Bc5 Nf3 d6 d3 Nf6
1868,1241,white,300+13,e4 e5 Nf3 Nc6 Nc3 Bc5 Bc4 h6 a3 Nf6
1485,1266,white,420+9,e4 e5 Qh5 Nc6 c3 Nf6 Qf3 d5 d3 Bg4
1691,1474,black,0+1,d3 e5 e4 Qf6 b3 Bc5 Be3 Bxe3 fxe3 Nh6
1879,1909,white,180+0,e4 e5 d3 d6 c4 f5 Nc3 Nf6 f4 Nc6
1595,1807,black,300+8,e4 e6 Nf3 d5 Nc3 c5 Ne5 Nf6 Bb5+ Bd7
1634,1565,white,120+0,d4 d5 Nf3 c5 a4 Nc6 dxc5 e5 h4 Bxc5
1168,1445,black,300+0,e4 e5 c4 Nc6 Nf3 Bc5 Nc3 Nf6 Nd5 O-O
1484,1419,white,0+1,g3 d6 f3 c6 Bg2 b6 h3 Bb7 g4 e6
1423,1532,black,480+5,c4 e5 e3 Nc6 a3 Bc5 b4 Bd6 c5 Be7
1674,1491,black,0+1,g3 e6 Bg2 d5 b3 c6 Bb2 Qc7 f4 f6
1409,1494,white,0+1,e4 b6 d4 Bb7 g3 Bxe4 Nf3 Bb7 Bg2 f6
1475,1656,black,120+4,e4 e5 Bc4 Bc5 Nf3 Nf6 Nxe5 Nxe4 O-O d5
1838,1739,white,60+0,d4 Nf6 c4 c5 Nc3 cxd4 Qxd4 Nc6 Qd1 g6
1540,1394,black,480+5,e4 d5 e5 c5 Nf3 Nc6 d4 c4 b3 b5
1462,1340,black,300+10,e4 c5 d4 cxd4 c3 dxc3 Bc4 e6 Nxc3 Nc6
2082,2093,white,120+0,d4 Nf6 c4 c5 d5 e6 Nc3 b5 cxb5 Bb7
1351,1419,black,360+0,d4 d5 c4 dxc4 e4 e5 Bxc4 exd4 Nf3 Be6
1653,1781,white,300+8,e4 d6 d3 Nf6 Nc3 c5 Bg5 g6 Nf3 Bg7
1460,1582,white,240+0,Nf3 Nc6 e3 e6 Bb5 a6 Bxc6 dxc6 Nc3 Nf6
1704,1636,draw,1200+5,g3 Nf6 Bg2 e6 Nf3 d5 a4 Nc6 c3 Bd6
1836,1234,white,300+15,e4 e5 Nf3 Bc5 Bc4 Nf6 Nxe5 O-O d4 Bb4+
1424,1419,white,0+1,e4 d6 d4 Bd7 g3 Qc8 Bg2 h6 Nf3 h5
1450,1152,white,300+0,e4 c5 Nf3 d6 Bc4 Be6 Bxe6 fxe6 O-O e5
1754,1521,white,120+2,e4 e6 e5 Nc6 d4 Nge7 Bg5 h6 Bh4 g5
1447,1394,white,0+1,e4 d6 g3 Bd7 Bg2 Qc8 Nf3 Kd8 O-O Be8
1731,1846,black,60+0,e4 e5 Nf3 Nc6 Bc4 Bc5 c3 d6 d4 exd4
1556,1643,white,120+0,d4 d6 c4 e6 Nc3 Nf6 e4 Be7 Bg5 O-O
1370,1283,white,300+0,e4 e5 Nf3 c5 Bc4 d6 O-O Bg4 Nc3 Qf6
1531,1584,black,300+1,e4 e6 d4 d5 Nc3 Bb4 Bd3 Nf6 e5 Nfd7
1446,1524,white,480+5,c4 e5 e3 d5 cxd5 Qxd5 Nc3 Qd8 Nf3 Nc6
1381,1361,white,300+5,e4 e5 Nf3 Nc6 d4 exd4 Nxd4 Nf6 Nxc6 bxc6
1174,1414,black,120+0,d4 d5 Qd3 c6 e4 Nf6 e5 Nfd7 Be2 e6
1602,1618,black,300+5,d4 d5 c4 Bf5 Nc3 e6 e3 c6 Nf3 h6
1595,1534,black,300+1,d4 d5 c4 c6 Nc3 e6 e3 a6 Nf3 Bd6
1274,1479,black,0+1,e4 g6 Nf3 Bg7 Bc4 b6 c3 e6 d4 Ba6
1268,1485,black,0+1,e4 e6 Nf3 Qf6 d3 Qd8 Be2 d6 O-O e5
1484,1501,black,600+0,e4 e5 Nf3 Qf6 Be2 g5 c3 Bc5 d4 exd4
1392,1290,black,180+6,e3 d5 d4 Nf6 c4 e6 cxd5 Nxd5 Bc4 Bb4+
1854,1723,white,60+0,d4 Nf6 c4 c5 d5 b5 Nc3 b4 Nb1 d6
2095,1491,white,120+0,d4 g6 e4 Bg7 f4 b6 Nf3 Bb7 Nc3 a6
1776,1559,white,180+2,d4 e6 c4 d5 Nc3 dxc4 e4 c6 Bxc4 b5
1274,1240,black,360+0,e4 e5 b3 g6 Bb2 Bg7 f4 d6 fxe5 dxe5
1808,1901,black,120+12,b3 c6 Bb2 Nf6 e3 d5 f4 Bf5 Nf3 Nbd7
1416,1235,white,600+8,d4 g6 d5 e6 e4 exd5 exd5 Qe7+ Be2 Bg7
1457,1383,white,0+1,e4 d6 g3 Nd7 Bg2 Ne5 Nf3 g6 Nxe5 g5
1519,1379,black,300+3,e4 e5 Bc4 Nc6 Nc3 Nd4 Nge2 Bc5 Nxd4 Bxd4
1408,1548,white,300+5,e4 e5 Nf3 Nc6 Bc4 Bc5 c3 Nf6 d4 exd4
1521,1255,black,60+5,e4 e5 Nf3 Nf6 d3 Nc6 Bg5 Be7 c3 h6
1629,1570,white,120+0,d4 d5 Nf3 c5 h3 Nc6 dxc5 e5 Nc3 d4
1781,1759,draw,120+2,d4 d5 c4 c5 cxd5 Qxd5 e3 cxd4 Qxd4 Qxd4
1716,1862,black,60+0,e4 e5 Nf3 Nc6 Bc4 Bc5 c3 h6 O-O d6
1372,1466,black,0+1,Nf3 d6 e3 b6 Be2 Bb7 O-O Nc6 d3 Qd7
1228,1365,black,420+0,Nf3 Nc6 d4 d5 Nc3 f6 a3 e5 dxe5 fxe5
1658,2096,black,120+0,e4 e5 c3 Nc6 f3 d5 d3 f5 exf5 Bxf5
1590,1448,black,240+0,Nf3 d5 e3 Bf5 c4 e6 cxd5 exd5 Nc3 Nf6
1475,1363,black,0+1,e4 c6 g3 e6 Bg2 d6 Nf3 g6 O-O Nd7
1379,1460,white,0+1,Nf3 d6 Nd4 b6 Nb5 Bb7 c3 Nc6 Qa4 Qd7
1394,1592,black,300+5,e4 e5 d3 Nf6 f4 d6 f5 Nc6 a3 Be7
1380,1233,white,540+0,e4 e5 Nf3 Nf6 Bc4 Bc5 Nxe5 d5 exd5 Nxd5
1285,1510,white,300+8,e4 d5 e5 Nc6 d4 h6 b3 f5 Qh5+ Kd7
1869,1709,white,60+0,d4 Nf6 c4 c5 d5 b5 Nc3 b4 Nb1 d6
1537,1386,black,240+5,e4 e5 Qh5 Nc6 Bc4 g6 Qf3 Nf6 Qb3 Qe7
1767,1825,black,300+8,e4 e5 Nf3 Nc6 Bb5 a6 Bxc6 dxc6 O-O Bd6
1456,1384,white,0+1,d4 c6 e4 Qc7 g3 f6 Bg2 g6 e5 Bg7
1663,1779,black,480+1,e4 c5 Bc4 Nf6 e5 d5 exd6 exd6 Qe2+ Be7
1395,1424,black,300+5,e4 d5 exd5 Nf6 Nc3 Nxd5 Bc4 e6 d4 Bb4
1638,2098,black,120+0,d4 Nf6 g3 d5 Bg2 h5 Nf3 g6 a4 c6
1428,1215,white,420+0,e4 e5 Nf3 Nc6 Bb5 d6 Bxc6+ bxc6 d4 Bg4
1374,1465,black,0+1,e3 b6 e4 Bb7 f4 d6 f5 Bxe4 Nf3 Bxf3
1221,1387,black,540+0,e4 e5 Bc4 Nc6 Nf3 Nf6 Nc3 Bc5 O-O O-O
1897,1490,white,240+2,e4 Nf6 d3 e5 f4 d6 Nf3 exf4 Bxf4 Be7
1481,1572,black,240+0,Nf3 c5 e3 Nc6 c4 e6 b3 Nf6 Bb2 d5
1574,1490,black,0+1,d4 g6 c4 Bg7 Nc3 b6 e4 Bb7 Be3 a6
1875,1656,white,60+0,d4 g6 c4 Bg7 Nc3 c6 e4 Qc7 Nf3 d6
1264,1273,white,360+2,e4 e5 Nf3 Nc6 Nc3 Nf6 d3 d5 Bg5 d4
1641,1714,white,420+1,e4 e5 Nf3 d6 Bc4 Nf6 Nc3 c6 O-O Bg4
1505,1559,white,0+1,b3 c6 Bb2 d5 c3 Qc7 d3 e5 e3 Bd6
1559,1505,white,0+1,d4 e6 c4 g6 Nc3 Bg7 e4 b6 f3 Bb7
1750,1742,black,300+6,e4 e5 f4 exf4 Nf3 Be7 Bc4 Bh4+ g3 fxg3
1473,1365,white,0+1,d4 Nc6 d5 Nb8 e4 Na6 g3 Nb4 c3 Na6
1520,1356,white,360+0,e4 g6 Qf3 Bg7 Bc4 Nf6 d3 e6 Bg5 d5
1495,1546,black,0+1,b3 c6 c3 d5 Bb2 Qd7 Qc2 f6 g3 e5
1394,1211,white,540+0,d4 d5 e3 Nf6 Nd2 Bf5 Ngf3 Nc6 Nh4 Qd7
1574,1656,white,600+10,e4 e5 Nf3 d6 Bc4 h6 Nc3 Nc6 d4 exd4
1909,1799,white,120+12,d4 c6 e4 d5 Bd3 dxe4 Bxe4 Nd7 Nf3 Ngf6
1356,1481,black,0+1,Nc3 b6 Nd5 Bb7 Nc3 c6 e3 d6 Be2 Qc7
1651,1880,black,60+0,d4 d5 e3 Nf6 c4 c6 c5 b6 b4 a5
1336,1530,black,360+5,e4 e5 Nf3 Nc6 Bc4 h6 c3 Nf6 Qb3 Qe7
1760,1780,white,120+2,e4 c5 Nc3 Nc6 a4 g6 Bc4 Bg7 f4 Nf6
1627,1500,white,600+1,d4 f6 Bf4 e5 dxe5 Nc6 exf6 Nxf6 Nc3 Bc5
2099,1637,white,120+0,d4 d5 c4 e6 Nc3 dxc4 Nf3 Bd6 e4 Nd7
1527,1602,white,360+0,e4 d6 Bc4 Nf6 Qf3 g6 d4 Bg4 Qf4 h5
1430,1406,black,240+0,Nf3 e6 e3 d5 c4 c6 cxd5 cxd5 Qb3 b6
1532,1396,white,600+0,e4 e5 Nf3 Nf6 Nxe5 Qe7 d4 d6 Nf3 Nxe4
1773,1682,black,900+0,d4 e6 e4 d5 e5 b6 Bd3 Bb7 Nf3 Nd7
1727,1444,white,360+6,e4 e5 Nf3 f6 d4 exd4 Nxd4 c5 Nf5 g6
1313,1504,black,60+5,d4 d5 c4 dxc4 Qa4+ Bd7 Qxc4 b5 Qc3 Nc6
1377,1460,black,180+6,e3 e5 d4 exd4 exd4 d5 Ne2 Nf6 g3 h6
1285,1556,white,0+1,e4 c6 d3 d5 Nd2 dxe4 dxe4 Nd7 Ngf3 e5
1635,2101,black,120+0,d4 Nf6 h4 c5 e3 cxd4 Qxd4 Nc6 Qd1 g6
1401,1206,white,420+0,d4 Nf6 d5 d6 c4 c5 Nc3 a6 Qa4+ Bd7
1504,1417,black,300+3,e4 e6 Bd3 d5 e5 c5 c4 d4 a4 Bd7
1488,1561,black,480+5,c4 e5 e3 e4 a3 Nf6 d4 d5 c5 Nc6
1474,1484,black,0+1,e4 e6 d3 Qh4 Nd2 Qd8 Ngf3 g6 g3 Bg7
1703,1786,black,60+0,e4 e6 d4 d5 e5 f6 f4 c5 c3 Nc6
1798,1522,white,480+8,Nc3 e5 Nf3 Nc6 d4 exd4 Nxd4 Nxd4 Qxd4 c5
1628,1592,black,300+5,e4 e6 d4 c5 c3 d6 Be3 cxd4 cxd4 Be7
1490,1298,white,420+9,e4 e5 Qh5 d5 Qxe5+ Be6 f3 Nc6 Qg3 Bd6
1727,1663,draw,600+1,e4 c6 Nf3 d6 Bc4 Nf6 O-O Bg4 Re1 Nbd7
1361,1390,white,0+1,d4 d6 Nf3 Nd7 c4 Ngf6 Nc3 g6 Bg5 Bg7
1484,1772,black,120+3,Nf3 d5 g3 Bg4 Bg2 Nc6 O-O Qd7 d3 Bh3
1348,1494,white,0+1,f3 g6 Kf2 Bg7 Ke1 Bf6 Kf2 Bh4+ g3 Bf6
1795,1694,draw,60+0,d4 Nf6 c4 c5 Nc3 cxd4 Qxd4 Nc6 Qd1 g6
2103,1633,white,120+0,d4 d5 Nd2 Nf6 Ngf3 e6 g3 Be7 Bg2 h6
1588,1430,black,600+10,e4 e5 Nf3 d6 Bc4 Be6 Bxe6 fxe6 Nc3 c6
1481,1768,black,120+3,Nf3 d5 g3 c5 Bg2 Nc6 O-O e5 d3 f6
1792,1365,white,0+1,d4 d6 c4 d5 Nc3 dxc4 Nf3 Nc6 e4 Nxd4
1201,1400,white,540+0,e4 e5 Bc4 Nf6 Nf3 d5 exd5 Nxd5 Nxe5 Qg5
1509,1296,white,60+5,e4 e5 Nf3 Nf6 d4 Qe7 Bd3 Nc6 dxe5 Nxe5
1575,1596,white,480+2,e4 e5 Nf3 Nc6 Bc4 Bc5 c3 Nf6 Qb3 d5
1696,1756,black,900+0,d4 Nf6 e3 g6 b3 Bg7 Bb2 d6 Nd2 O-O
1470,1414,black,600+10,e4 c5 Nf3 Nc6 Bb5 a6 Bxc6 bxc6 d4 cxd4
1632,2105,black,120+0,d4 Nc6 d5 Ne5 e3 e6 dxe6 fxe6 Nf3 Nxf3+
1368,1651,black,180+6,e3 d5 Nc3 e5 d4 e4 Nge2 Nf6 g3 c6
1659,1512,white,600+0,e4 e5 Nf3 Qf6 Nc3 c6 a3 g5 d3 h6
1397,1536,black,360+10,e4 Nc6 Bc4 e6 Nf3 d5 exd5 exd5 Bb5 Bd7
1363,1794,black,0+1,f3 e6 Kf2 d5 e3 Nf6 g3 c5 Ne2 Nc6
1770,1821,black,300+8,e4 e5 d4 exd4 c3 Nc6 cxd4 Bb4+ Nc3 Qf6
1788,1654,white,480+1,d4 e6 c4 d5 Nf3 dxc4 Bg5 f6 Bf4 Nc6
1477,1579,black,120+3,Nf3 c5 g3 Nc6 Bg2 e6 O-O d5 d3 Be7
1772,1751,white,180+2,d4 d5 c4 e6 Nc3 Nf6 Nf3 Be7 Bf4 O-O
1389,1736,white,300+15,e4 c5 Bc4 e6 Qf3 d6 d3 Nf6 Nh3 h6
1518,1827,black,480+8,e4 Nc6 Nf3 Nf6 Nc3 d5 e5 Ne4 Nxe4 dxe4
1361,1796,black,0+1,g3 e6 Bg2 d5 f3 Nf6 Kf2 c5 Qf1 Nc6
1767,1687,draw,900+0,d4 e6 e4 d5 e5 b6 Nc3 Bb7 Bd3 Nd7
1384,1844,black,300+0,e4 c6 Nf3 d5 e5 Bf5 Nc3 e6 d4 c5
1251,1247,white,240+8,e4 d5 d4 dxe4 d5 Nf6 c4 Bg4 f3 exf3
1149,1346,black,660+8,e4 e5 Qh5 d6 Bc4 Qe7 Nf3 Nf6 Qh4 c6
1446,1572,white,600+10,d4 Nc6 e4 e5 Be3 exd4 Bxd4 Nxd4 Qxd4 Be7
1790,1297,black,120+12,b3 e5 Bb2 Nc6 e3 Bc5 Bb5 d6 Ne2 Bd7
1712,1915,black,300+3,d4 b6 c4 Bb7 Nc3 Nf6 Qd3 e6 e4 d5
1431,1491,white,300+3,e4 e5 g4 Nc6 c3 d6 d4 Nf6 d5 Nb8
1359,1798,black,0+1,e3 e6 e4 d5 e5 f6 Nf3 c5 Bd3 Nc6
1496,1544,white,420+9,e4 e5 Qh5 Nc6 c3 Nf6 Qf3 Bc5 b4 Bb6
1419,1654,black,420+1,e4 d6 d4 Nf6 Nc3 Nbd7 Nf3 e5 d5 Nc5
1738,1758,black,300+6,e4 d6 d4 Nf6 Nc3 g6 Bg5 c6 Bxf6 exf6
1754,1803,white,120+12,e4 e6 d4 d5 e5 c5 c3 Qb6 f4 Nc6
1630,1500,white,120+0,d4 d5 g3 c6 Bg2 Nf6 Nf3 Nbd7 O-O Qc7
1690,1701,black,60+7,d4 d5 g3 c5 dxc5 Nc6 Bg2 d4 Nf3 e5
1468,1500,black,120+3,Nf3 d6 g3 e5 Bg2 Nd7 d3 Ngf6 O-O g6
1388,1258,white,180+0,e4 Nc6 d4 e5 d5 Nd4 Be3 Nf6 Bxd4 exd4
1390,1459,black,300+2,e4 g6 d4 Bg7 Nf3 d5 e5 Nc6 Bb5 Qd7
1364,1404,black,180+6,e3 e5 d4 Nc6 dxe5 Nxe5 Nf3 Nxf3+ Qxf3 d5
1570,1463,black,480+5,e4 d5 e5 c6 d4 h6 h3 e6 Nf3 Nd7
1478,1357,white,0+1,b3 e5 Bb2 d5 a3 d4 b4 Be6 g3 Bc5
1500,1605,black,420+0,d4 d6 Bf4 Nc6 e3 g6 Be2 Nf6 Nc3 Bf5
1282,1500,white,360+2,d4 d5 c4 e6 e3 Qd6 Nf3 Ne7 c5 Qc6
1241,1184,white,240+4,e4 e6 d4 d5 e5 Nh6 Bxh6 gxh6 Bd3 Nc6
1349,1486,black,0+1,Nf3 e6 e3 g6 Ng1 Bg7 Qf3 b6 Qe2 Bb7
1604,1616,black,300+5,d4 d5 c4 Bf5 Nc3 e6 e3 c6 Bd3 Bg6
1587,1584,black,480+2,b4 Nc6 b5 Nb8 Bb2 d6 e3 e5 d3 Ne7
1371,1382,white,300+3,e4 e5 Nf3 Nc6 Bc4 Bc5 Ng5 d5 exd5 Na5
1382,1228,white,540+0,c4 e5 Nc3 Bc5 Nf3 Nc6 Ne4 f5 Nxc5 e4
1557,1765,draw,600+10,e4 e5 Nf3 Nc6 Bc4 h6 Nc3 Nf6 d4 exd4
1819,1641,black,0+3,e4 d5 exd5 Qxd5 Nc3 Qa5 d4 Nf6 Nf3 Bg4
1666,1731,white,360+8,e4 e6 Nf3 Nc6 Nc3 d5 Bb5 Bd7 exd5 Nb4
1461,1851,black,120+3,Nf3 Nf6 g3 g6 Bg2 Bg7 O-O O-O d3 d5
1543,1389,white,360+10,Nf3 Nc6 c3 d5 d4 Bg4 Nfd2 e5 f3 Bf5
1493,1341,white,0+1,b3 c6 Bb2 f6 a3 g6 b4 Bg7 g3 f5
1250,1291,white,480+15,e4 Nc6 d3 Nf6 Nf3 d6 Nc3 g6 a3 Bg7
1587,1614,draw,180+8,d4 d5 Nf3 Nf6 c4 c6 Nc3 Bf5 c5 e6
1576,1341,black,0+1,e4 d6 d3 c6 Nd2 Nd7 Ngf3 Ndf6 g3 Nh5
1319,1500,black,0+1,b3 g6 Bb2 Bg7 d3 Bxb2 Nd2 Bxa1 Qxa1 f6
1727,1514,white,300+6,e4 e5 f4 exf4 Nf3 Nc6 Bc4 h6 O-O d6
1688,1707,black,180+2,e4 c6 d4 h6 Nc3 d5 Nf3 Bg4 h3 dxe4
1858,1333,white,0+1,d4 d6 Bf4 Bd7 e3 Be6 c4 Bf5 Nc3 Bg6
1218,1389,black,540+0,d4 g6 c4 Bg7 d5 Nf6 Nf3 O-O e4 c5
1800,1803,black,60+0,d4 b6 c4 Bb7 Nc3 Nf6 Nf3 d6 e4 Nxe4
1731,1433,draw,360+6,e4 c6 d4 e6 e5 a6 Nf3 h6 Bc4 b5
1788,1814,black,60+0,d4 b6 c4 Bb7 Nc3 Nf6 e4 Nxe4 f3 Nxc3
1350,1332,black,0+1,e4 g6 Nf3 Bg7 Bc4 Bh6 Ne5 Bg7 Nxf7 Kf8
1802,1500,black,0+3,e4 d6 d4 Nf6 Bd3 e5 d5 Be7 c4 O-O
1770,1716,white,120+12,b3 d5 Bb2 e6 f4 Nf6 Nf3 Bc5 e3 Nh5
1579,1468,white,300+2,e4 g6 Bc4 Bg7 Nf3 Nc6 c3 d6 a3 Nf6
1637,1859,white,120+0,d4 f5 g3 Nf6 Nf3 d6 b4 g6 Ba3 Bg7
1263,1395,white,240+8,e4 e6 d4 Qh4 g3 Qxe4+ Be3 Qxh1 Nh3 Qc6
1604,1435,black,300+5,d4 d5 c4 Bf5 Nc3 e6 Nf3 Nf6 e3 Bb4
1689,1781,black,120+12,d4 c6 e4 d5 e5 c5 c3 Nc6 Bb5 Qb6
1575,1763,black,300+0,d4 Nf6 c4 e6 Nc3 d5 e3 Bb4 Bd2 Nbd7
1849,1514,white,480+8,Nc3 Nf6 d4 e6 Nf3 Be7 e4 Nc6 e5 Nd5
1381,1549,white,360+10,d4 d5 Nf3 h6 Nc3 Nf6 g3 Bf5 Bg2 e6
1647,1796,white,480+1,e4 c5 Bc4 d5 exd5 Nf6 Nc3 a6 a4 Bd7
1396,1629,white,180+0,e4 e6 e5 d5 exd6 Bxd6 d4 Bd7 c4 Nc6
1705,1758,black,300+6,e4 e5 Bc4 Nc6 d3 h6 Nc3 Bb4 Bd2 Nf6
1492,1505,black,600+0,d4 d5 c4 dxc4 e3 b5 a4 a6 axb5 a5
1788,1767,white,120+12,c4 g6 Nf3 Bg7 Nc3 e6 d4 c6 e4 Ne7
1656,1840,draw,120+0,d4 Nf6 b4 e6 g3 Bxb4+ c3 Ba5 e3 d5
1680,1543,white,600+0,e4 e6 Nf3 Nf6 Nc3 Bc5 d4 Bb4 Bd2 Bxc3
1443,1409,white,300+15,d4 d5 c4 dxc4 Qa4+ Nc6 e3 Be6 Nc3 a6
1383,1372,black,300+0,e4 e5 Nf3 Nc6 Bc4 Bc5 O-O Nf6 Nc3 Ng4
1502,1732,white,300+6,e4 e5 Nf3 Nc6 Bb5 a6 Ba4 Nf6 O-O Bc5
1252,1276,white,240+8,e4 d5 Nc3 d4 Nd5 Qd7 Bc4 b5 Bb3 e6
1545,1415,white,300+0,e4 e6 d4 c6 e5 d5 exd6 Bxd6 c3 c5
1702,1404,white,1200+8,e4 e5 Nf3 Nc6 Bb5 a6 Bxc6 bxc6 Nxe5 Qe7
1458,1657,black,120+3,Nf3 d5 g3 c5 Bg2 Nc6 O-O Nf6 d4 cxd4
1575,1707,black,480+2,e4 e5 Nf3 Nc6 Bc4 Nf6 Ng5 d5 exd5 Nxd5
1717,1785,black,360+8,e4 c5 Nf3 Nc6 Nc3 e6 Bb5 a6 Bxc6 bxc6
1396,1208,white,540+0,e4 e5 Nf3 Bc5 Nxe5 Qf6 Nf3 Nh6 d3 Ng4
1627,1594,white,300+5,e4 e6 d4 c5 d5 exd5 exd5 d6 c4 Nf6
1844,1739,black,180+1,Nf3 d5 g3 c5 Bg2 Nc6 O-O e5 d3 f5
1646,1766,draw,840+5,e4 e5 f4 exf4 Nf3 g5 Bc4 g4 O-O gxf3
1412,1247,draw,180+0,e4 e5 d4 exd4 Qxd4 Nc6 Qd1 d6 Bb5
1725,1633,black,900+0,e4 e6 Nf3 b6 d4 Bb7 Bd3 Nf6 Nc3 Bb4
1767,1658,black,420+1,d4 d6 e4 Nf6 Nc3 Nbd7 f4 e6 Nf3 Be7
1644,1923,black,300+0,e4 Nf6 Qe2 e5 b3 Nc6 Bb2 Bc5 Nf3 d6
1262,1362,white,900+10,e4 e5 Nf3 Nf6 Be2 d5 exd5 Nxd5 O-O Bd6
1769,1567,white,300+0,d4 d5 c4 dxc4 Nc3 e6 Nf3 c6 a4 a6
1866,1716,white,480+8,Nc3 g6 e4 Bg7 Nf3 d6 d4 c6 Be2 Nf6
1262,1045,black,480+15,e4 e5 d3 Nc6 Nf3 d6 Bg5 Be7 Bxe7 Ncxe7
1349,1552,black,300+0,d4 d5 e3 e6 b3 Nf6 Bb2 Be7 Bd3 O-O
1800,1756,white,120+12,e4 e5 Nf3 Nc6 d4 exd4 Bc4 d6 Nxd4 Nxd4
1715,1540,white,300+6,e4 d6 d4 g6 f4 Bg7 Nf3 Nd7 Bb5 a6
1210,1717,black,300+3,e4 h6 Nf3 b6 Bc4 Bb7 Nc3 e6 d4 Bb4
1587,1589,white,300+2,e4 d6 Nf3 Nf6 d3 g6 h3 Bg7 Nc3 O-O
1453,1588,black,120+3,Nf3 c6 g3 d5 Bg2 Nf6 O-O e6 d3 Be7
1399,1418,black,780+5,e4 e5 Nf3 Nc6 Bb5 Nf6 Bxc6 dxc6 Nxe5 Nxe4
1557,1255,white,300+0,e4 e5 d3 Nc6 Nf3 Nf6 Nc3 d5 exd5 Nxd5
1778,1663,white,480+1,d4 e6 c4 d5 Nf3 dxc4 e4 Bb4+ Nc3 Bxc3+
1889,1776,draw,60+0,d4 e6 e4 d5 e5 f6 f4 fxe5 fxe5 c5
1452,1516,white,300+5,e4 c6 Nf3 e6 d4 a6 Ng5 h6 Qh5 Qe7
1723,1672,white,360+6,e4 c5 d4 cxd4 Qxd4 Nc6 Qd1 Nf6 Nc3 e6
1592,1687,black,420+8,d4 d5 Nc3 Nf6 Bf4 c6 e3 a6 g3 e6
1831,1729,black,300+8,e4 c5 Nf3 Nc6 e5 g6 d4 cxd4 Nxd4 Bg7
1265,1339,white,240+8,e4 e6 e5 Bc5 Qe2 b6 Nf3 Ba6 Qe4 d5
1388,1479,white,300+15,e4 d5 exd5 Qxd5 Nc3 Qe6+ Be2 Nc6 Nf3 Qg6
1533,1399,black,360+10,Nc3 e5 Nf3 Nc6 e3 Bb4 Nd5 Nf6 Nxb4 Nxb4
1429,1615,black,780+5,d4 d5 Nf3 e6 e3 Nf6 a3 b6 Bd3 Bb7
1780,1886,white,60+0,d4 c5 d5 e6 c4 b5 e4 Bb7 Nf3 exd5
1568,1412,white,480+2,e4 e5 Nf3 Nc6 Bc4 d6 c3 a6 d4 Nf6
1714,1633,black,720+7,e4 e5 f4 exf4 Nf3 g5 h3 Nf6 Nxg5 Bc5
1584,1636,black,300+5,d4 d5 c4 Bf5 Nc3 e6 e3 c6 Nf3 h6
1871,1795,white,60+0,e4 e6 f4 d5 e5 f6 d4 c5 Nf3 Nc6
1575,1405,white,480+2,e4 e5 Nf3 Nc6 Bc4 d6 c3 Be6 Bxe6 fxe6
1561,1595,black,300+0,e4 c6 Nf3 d5 exd5 cxd5 d4 Nf6 Nc3 e6
1253,1402,black,780+0,e4 e5 Qh5 d6 Nf3 Nf6 Qh4 Be7 Ng5 Nxe4
1328,1515,black,0+1,b3 g6 c3 Bg7 f3 b6 e3 Bb7 Bd3 a6
1445,1559,draw,120+3,Nf3 d5 g3 c5 Bg2 e6 O-O Nf6 d3 Bd6
1786,1880,black,60+0,d4 d5 c4 e6 cxd5 exd5 Nc3 Nf6 Nf3 Bd6
1880,1786,white,60+0,d4 e6 d5 exd5 Nc3 Nf6 Nxd5 c6 Nc3 d5
1409,1510,white,780+0,e4 e5 Nf3 Nc6 Bc4 Bc5 Nc3 Nf6 Ng5 O-O
1091,1466,black,300+5,e3 e5 a3 e4 Bc4 d5 Ba2 c6 f3 Nf6
1532,1407,white,120+5,e4 d5 exd5 Qxd5 Nc3 Qd8 h3 e5 a3 f5
1565,1762,white,60+0,d4 c5 d5 d6 c4 e5 Nc3 f6 e4 f5
1719,1207,black,300+3,d4 e5 dxe5 Nc6 Nf3 Bc5 Qd5 b6 c3 Bb7
1520,1630,white,0+1,e3 d5 Qh5 e6 Qf3 Nf6 Qd1 Nc6 Be2 Bd6
1303,1501,black,480+7,d4 d5 e3 Nf6 h3 a6 Bd3 Nc6 Nf3 Qd6
1777,1889,white,60+0,d4 c5 d5 Nf6 c4 b6 Nc3 b5 Nf3 bxc4
1790,1763,white,120+12,b3 e5 Bb2 Nc6 e3 d5 Bb5 Bd6 f4 h6
1615,1536,white,0+1,e4 g6 Nf3 Bg7 d4 h6 c4 g5 Nc3 b6
1615,1536,white,0+1,e4 b6 Nf3 Bb7 d4 Bxe4 Nc3 Bb7 Be3 a6
1874,1793,black,60+0,d4 e6 c4 d5 cxd5 exd5 Nc3 Nf6 Bg5 Be7
1598,1641,white,300+2,e4 e5 Bc4 Qf6 Nf3 Bc5 d3 h6 a3 d6
1527,1624,white,0+1,g3 c5 Bg2 d5 h3 Nf6 g4 h6 Nc3 Nc6
1807,1860,black,60+0,e4 c5 Nf3 Nc6 c3 Nf6 e5 Nd5 d4 cxd4
1662,1733,white,360+6,d4 e6 Nf3 c5 dxc5 Bxc5 g3 Qb6 e3 Bb4+
1655,1787,black,480+1,e4 c5 Bc4 Nc6 b3 d6 Bb2 e6 Nf3 Be7
1601,1278,white,240+8,e4 d5 exd5 Qxd5 Nc3 Qe6+ Be2 c5 Nf3 f6
1710,1901,black,480+8,c4 Nf6 Nc3 Nc6 Nf3 e6 g3 Be7 Bg2 d5
1595,1694,black,420+8,e4 e5 Nc3 Nf6 Nf3 Nc6 d3 h6 Be2 d5
1650,1700,white,720+7,e4 e5 f4 exf4 Nf3 d6 d4 g5 Bc4 Be6
1550,1554,white,300+0,e4 c5 Bc4 Nc6 Nf3 d6 Ng5 e6 d3 Ne5
1581,1772,white,480+2,e4 c6 b4 d5 f3 dxe4 fxe4 e6 Bb2 Nf6
1495,1424,black,780+0,e4 e5 Nf3 Nc6 Bc4 Bc5 Nc3 Nf6 Ng5 Bxf2+
1916,1817,black,300+8,d4 d5 a3 c5 Nf3 cxd4 Nxd4 e5 Nb3 Nc6
1662,1260,white,120+0,d4 Nf6 d5 d6 Nf3 Bg4 h3 Bxf3 exf3 Nbd7
1869,1797,white,60+0,e4 e6 e5 d5 d4 f6 f4 c5 c3 Nc6
1359,1398,white,300+7,d4 Nf6 c4 e6 Nc3 d5 cxd5 Nxd5 e4 Nxc3
1604,1802,black,0+1,d4 Nf6 c4 e6 Nf3 Bb4+ Nc3 Be7 Qc2 O-O
1384,1189,white,360+2,e4 d5 e5 Qd7 d4 Qf5 Nf3 Bd7 Nc3 Nc6
1438,1588,white,780+0,e4 e5 Nf3 Nc6 Bc4 Nf6 Ng5 Bc5 O-O O-O
1788,1878,white,60+0,d4 d5 c4 dxc4 Nc3 c6 Nf3 e6 e4 b5
1664,1746,black,60+0,d4 c5 d5 d6 Nf3 e5 dxe6 Bxe6 h3 g6
1402,1200,black,300+15,e4 e5 Qh5 Nf6 Qxe5+ Qe7 Qxc7 Nxe4 Qxc8+ Qd8
1808,1598,white,0+1,c4 d6 Nc3 Nf6 Nf3 c6 g3 g6 Bg2 Bg7
1795,1609,white,0+1,c4 d5 Nc3 d4 Ne4 c5 e3 e5 exd4 exd4
1629,1610,draw,300+2,e4 e5 Nf3 Nc6 b3 Bc5 Bb2 a6 Nxe5 Nxe5
1903,1831,white,300+8,e4 c5 Nf3 d6 c3 Bg4 Be2 Bxf3 gxf3 e5
1592,1814,black,0+1,d4 Nf6 c4 e6 Nc3 Bb4 Nf3 O-O e3 c5
1539,1410,white,120+5,e4 g6 Bc4 Bg7 c3 e6 a3 Nf6 d3 b6
1753,1790,white,180+0,d4 e6 e4 d5 e5 c6 f4 Nd7 Nf3 Bb4+
1455,1455,black,780+0,e4 e5 Qh5 d6 Bc4 Qe7 Nf3 Nf6 Qg5 Nxe4
1246,1278,black,480+15,e4 d5 Nc3 dxe4 Nxe4 Nf6 d3 Nxe4 dxe4 Qxd1+
1755,1654,white,60+0,e4 d6 Nf3 e6 Nc3 Bd7 d4 Be7 Bf4 Nc6
1645,1575,white,300+5,e4 e6 d4 c5 d5 exd5 exd5 d6 c4 Nf6
1515,1500,white,480+5,c4 e5 e3 e4 a3 c6 d4 d5 c5 Be7
1274,1181,white,300+8,e4 d6 d4 Nc6 f4 Be6 e5 dxe5 fxe5 Bf5
1562,1538,black,300+0,e4 c5 Nf3 Nc6 Bc4 d6 Nc3 e6 O-O a6
1412,1100,white,900+0,e4 e5 Nf3 d6 d4 Nc6 d5 Nce7 Bb5+ Bd7
1752,1801,white,120+12,e4 c6 Nf3 d5 Nc3 dxe4 Nxe4 Nd7 d4 Ngf6
1646,1762,white,60+0,d4 c5 g3 cxd4 Qxd4 Nc6 Qd1 g6 c3 Bg7
1431,1145,white,120+0,d4 d5 e3 Nf6 Nc3 e6 Bb5+ c6 Ba4 Be7
1446,1811,black,300+30,e4 c5 Bc4 e6 Nf3 Nc6 d3 g6 Ng5 Bg7
1762,1646,black,60+0,e4 d5 Nf3 dxe4 Ng5 Nf6 d3 exd3 Bxd3 h6
1449,1614,black,120+3,Nf3 d6 g3 e5 d3 Nc6 Bg2 d5 O-O e4
1466,1708,black,780+0,e4 e6 Nc3 Nc6 Nf3 Nf6 d3 Bb4 Bd2 d5
1526,1158,white,120+0,e4 e5 Nf3 Ne7 Bc4 Nbc6 Nc3 d5 O-O dxc4
1547,1482,white,900+0,e4 e5 Qf3 Bc5 d3 Qf6 Be2 Nc6 c3 Bd4
1416,1518,black,360+10,d4 Nc6 Nf3 d5 Bf4 Bf5 Nc3 e6 h3 Bd6
1143,1283,black,240+8,e4 d5 exd5 Qxd5 Nf3 Qe6+ Be2 g5 g4 f5
1778,1613,white,180+0,e4 c5 Bc4 Nc6 c3 a6 d4 b5 Bb3 cxd4
1662,1748,white,60+0,d4 c5 d5 d6 Nc3 e5 dxe6 f5 Nf3 Bxe6
1541,1652,draw,60+2,d4 Nf6 c4 e6 Nc3 d5 cxd5 Nxd5 e4 Nxc3
1554,1327,white,300+2,d4 e6 c4 Bb4+ Nc3 Bxc3+ bxc3 Nf6 Nf3 Ne4
1425,1702,black,420+8,e4 e5 Nf3 Nc6 Nc3 Nf6 Bb5 d6 a3 Bd7
1236,1319,white,480+15,e4 d5 Nc3 dxe4 Nxe4 Bf5 Ng3 Bc8 Bb5+ Bd7
1124,1441,black,120+0,d4 Nc6 c4 e6 e4 Nf6 d5 exd5 exd5 Ne7
1500,1256,white,0+1,e4 d6 d3 Nd7 g3 Ngf6 Nc3 g6 f4 Bg7
1673,1671,black,420+1,e4 e5 Nf3 Nc6 Bc4 Bc5 O-O Nf6 Nc3 a6
1626,1747,black,900+8,e4 c5 Nf3 Nc6 d4 cxd4 Nxd4 Ne5 Nc3 e6
1114,1225,black,300+8,e4 e5 Nf3 Bc5 Nc3 Nc6 Bc4 d6 O-O Nd4
1155,1528,black,120+0,e4 e5 Nf3 d6 d4 Be7 dxe5 dxe5 Qe2 Nc6
1592,1215,white,0+1,e4 d6 d3 Nd7 Nc3 Ngf6 g3 e5 f4 Rb8
1606,1290,white,240+8,e4 d5 exd5 Qxd5 Nc3 Qe6+ Be2 c6 Nf3 b5
1788,1765,black,120+12,b3 d5 Bb2 c5 e3 Nc6 Bb5 Bd7 f4 a6
1598,1587,white,480+2,e4 e5 Nf3 Nc6 Bc4 h6 c3 Nf6 Qb3 Qe7
1621,1442,white,120+3,c4 Nf6 b3 g6 Bb2 Bg7 g3 O-O Bg2 d6
1719,1704,black,360+6,e4 g6 d4 Bg7 e5 c5 c3 d6 Nf3 dxe5
1706,1536,white,600+0,e4 e6 d4 Qh4 Nc3 Bb4 Ne2 Qxe4 Be3 Nf6
1450,1108,white,120+0,d4 d5 e4 Nc6 exd5 Qxd5 Nc3 Qxd4 Qxd4 Nxd4
1521,1444,white,240+5,e4 e5 Qh5 d6 Bc4 g6 Qf3 Qf6 Nc3 Qxf3
1677,1648,black,120+0,d4 e6 d5 exd5 Qxd5 Nf6 Qd1 Nc6 Nf3 d5
1820,1735,white,60+0,c4 c5 Nc3 g6 g3 Bg7 Nf3 Nc6 Bg2 Nf6
1611,1607,black,300+2,e4 c5 Nf3 Nc6 Bc4 a6 a3 b5 Ba2 c4
1462,1421,white,780+0,e4 e5 Nf3 Nc6 Bc4 h6 d4 exd4 Nxd4 Nf6
1678,1688,black,1800+0,Nf3 c6 d3 e5 Nxe5 Qa5+
1332,1533,white,480+5,d4 d5 Nc3 e6 g3 c5 e3 a6 a3 c4
1545,1636,white,60+2,d4 d5 c4 e6 Nc3 c6 Nf3 Nf6 Bg5 Bb4
1727,1829,white,60+0,e4 Nf6 Nc3 e5 d4 exd4 Qxd4 Nc6 Qd1 Bb4
1802,1664,white,60+0,d4 b6 c4 Ba6 Nc3 Nc6 d5 Ne5 Nf3 d6
1716,1707,white,360+6,c4 e6 Nc3 c5 g3 Nc6 Bg2 b6 Nf3 Bb7
1390,1448,black,300+0,e4 d5 e5 Bf5 d4 Nc6 Nf3 e6 Nc3 Bb4
1457,1531,black,120+0,d4 d5 Nc3 e6 Nf3 Nf6 e4 Bb4 e5 Bxc3+
1556,1360,black,0+1,d4 e5 c4 exd4 Qxd4 Qe7 Nc3 Qb4
1556,1360,black,0+1,d4 e6 c4 Qh4 Nc3 Qf4 Nf3 Qf6 e3 Qe7
1656,1809,white,60+0,d4 e6 g3 d5 Bg2 Nf6 Nf3 c5 O-O cxd4
1398,1276,black,180+0,e4 e5 d4 f6 d5 d6 c4 c6 f4 c5
1829,1727,white,60+0,c4 c5 Nc3 g6 g3 Bg7 Nf3 Nc6 e4 Nf6
1406,1611,black,300+8,e4 e5 Nf3 d6 d4 exd4 Qxd4 Bd7 Bc4 Nc6
1671,1822,black,300+8,e4 a6 f4 b5 d4 Bb7 d5 c6 c4 cxd5
1411,1472,white,780+0,e4 e5 Nf3 Nc6 Bb5 Nge7 Nc3 a6 Bc4 Na5
1557,1500,white,900+0,e4 d5 e5 Qd7 d4 Qf5 Bd3 Qe6 Qf3 Nh6
1526,1407,white,360+10,Nf3 Nf6 Ng5 h6 Nxf7 Kxf7 d3 Ke8 e4 e5
1777,1775,black,120+12,e4 c6 d4 d5 e5 c5 c3 Nc6 Bb5 Qb6
1436,1561,black,120+3,Nf3 d5 g3 c6 Bg2 Bf5 O-O Nd7 d3 e5
1648,1706,white,480+1,e4 e5 Bc4 Nc6 Nf3 h6 d3 Nf6 Nc3 a6
1538,1379,white,0+1,d4 Nf6 c4 c6 Nc3 Ng8 e4 g6 e5 Bg7
1784,2144,black,180+0,e4 c6 d4 d5 Nc3 dxe4 Nxe4 Bf5 Ng3 Bg6
1662,1672,black,420+1,e4 c5 Nf3 a6 Be2 Nf6 Nc3 Nc6 O-O d6
1432,1280,black,600+8,d4 Nf6 Nc3 e6 Bf4 Na6 e4 Nh5 Qxh5 Be7
1541,1183,white,120+0,e4 e5 Nf3 c5 Nc3 d6 Bc4 Bg4 d4 cxd4
1712,1530,black,480+0,e4 e6 d4 Qh4 Qe2 Nf6 e5 Nd5 Nf3 Qd8
1249,1275,black,540+10,e4 e5 Nf3 Nc6 d3 Bc5 Bg5 Nf6 Nh4 d6
1545,1372,black,0+1,d4 c6 c4 f6 Nc3 g6 e4 Bg7 Be3 d6
1719,1793,black,60+0,e4 e6 Nf3 d5 exd5 exd5 d4 Nf6 Nc3 c5
1436,1673,white,120+0,d4 d5 Nf3 e6 Nc3 Bd6 e4 Bd7 e5 Bb4
1782,1618,white,180+0,e4 c5 Bc4 Nc6 c3 a6 d4 b5 Bb3 cxd4
1401,1374,black,300+8,e4 c5 Nf3 d6 d4 b6 Bb5+ Nd7 Bc4 Ndf6
1503,1526,white,480+5,c4 d6 d4 e5 d5 Nf6 Nc3 Ng4 h3 Qh4
1528,1390,white,0+1,d4 e6 c4 Qh4 Nc3 Qe7 e4 Qd6 e5 Qe7
1695,1855,black,0+1,g3 e6 Bg2 c6 b3 d5 Bb2 Be7 e4 Nf6
1458,1424,white,780+0,d4 d5 e3 Nc6 f4 Nf6 Nd2 Bf5 c3 h6
1535,1382,black,0+1,d4 Nf6 c4 Nd5 Nc3 Nf6 e4 Nh5 g4 g6
1802,1710,white,60+0,d4 c5 c4 cxd4 Qxd4 Nc6 Qd1 g6 Nc3 Bg7
1535,1382,black,0+1,d4 Nc6 c4 Nb8 e4 d6 Nc3 e6 Be2 f5
1937,2150,black,420+0,d4 Nf6 f4 c5 e3 cxd4 exd4 d6 Nf3 g6
1239,1288,black,540+10,e4 g6 Nf3 Bg7 d4 d6 Bb5+ Bd7 a4 Nc6
1291,1129,black,300+2,e4 c5 d4 d6 d5 e6 Nc3 exd5 Nxd5 Nf6
1530,1460,white,240+5,e4 g6 Qf3 Bg7 Bc4 f6 e5 Nc6 exf6 Nxf6
1519,1399,white,0+1,d4 h5 e4 Rh7 h3 g6 Bg5 f6 Be3 Rf7
1519,1399,black,0+1,d4 Nf6 c4 Ne4 Nc3 Nf6 e4 Ng8 f4 h6
1655,1476,white,120+0,e4 e5 d3 Nc6 Be3 Nf6 Nc3 d6 h3 h6
1702,1811,black,60+0,e4 e6 Nf3 d5 exd5 exd5 d4 Nf6 Nc3 c5
1428,1558,white,120+3,Nf3 d5 g3 g6 Bg2 Bg7 O-O e6 d3 Ne7
1677,1667,white,0+1,e4 b6 f4 Bb7 d4 e6 Nc3 Nf6 Bd3 d5
1387,1369,white,60+2,d4 c6 e4 d5 e5 Bf5 f4 e6 Nc3 Bb4
1527,1391,black,0+1,d4 h6 c4 c6 Nc3 h5 e4 h4 Be3 d6
1571,1500,white,300+2,d4 d5 c4 Nf6 Nc3 e6 e3 c6 Nf3 Bb4
1688,1625,black,0+1,e3 b6 e4 Bb7 Nc3 e6 d4 d5 exd5 exd5
1511,1408,white,0+1,d4 Nf6 c4 Ng8 Nc3 e6 e4 Ne7 f3 Nec6
1463,1661,black,120+0,d4 d5 Nf3 e6 Nc3 Bd6 e4 dxe4 Nxe4 Bb4+
1695,1819,white,60+0,e4 e6 Nf3 d5 exd5 exd5 d4 Nf6 Nc3 c5
1609,1444,white,480+2,e4 e5 Nf3 d6 Bc4 Nc6 c3 Nf6 Ng5 Be6
1612,1788,white,180+8,e4 c5 Nf3 Nc6 c3 d6 Bc4 e6 O-O g6
1788,1982,white,180+0,e4 d6 d4 Nf6 Bd3 e5 c3 Be7 Ne2 O-O
1787,1766,black,120+12,b3 e5 Bb2 Nc6 e3 d5 Ba6 bxa6
1661,1575,white,480+1,e4 e5 Nf3 Nc6 Bb5 d6 Bxc6+ bxc6 h3 Ba6
1380,1995,black,180+0,e4 c5 d4 cxd4 Qxd4 Nc6 Qd1 Nf6 Nc3 a6
1441,1668,black,1800+0,c4 c5 g3 e6 Bg2 Ne7 Nc3 Nbc6 e4 g6
1671,1675,white,0+1,g3 c6 Bg2 d5 b3 e5 Bb2 Nd7 Nf3 Bd6
1778,1774,black,120+12,e4 c6 d4 d5 e5 c5 c3 Nc6 Bb5 Qb6
1212,1250,white,180+0,Nf3 d5 d3 Nc6 Qd2 e5 Qg5 Be7 Qg4 Nh6
1804,1709,black,60+0,d4 c5 c4 cxd4 Qxd4 Nc6 Qd1 g6 Nc3 Bg7
1416,1318,black,900+0,e4 e5 b3 Nf6 d3 d6 Nf3 g6 Bg5 Bg7
1520,1399,white,0+1,d4 Nf6 c4 Ng8 Nc3 Nf6 e4 Ng8 e5 Nf6
1414,1469,black,780+0,e4 g6 d4 Bg7 Nf3 Nc6 c3 Nf6 e5 Nd5
1667,1452,black,120+0,d4 d5 Nf3 e6 h3 Nc6 e3 Nf6 Bb5 Bd7
1706,1664,white,0+1,g3 c6 Bg2 d5 b3 Nf6 Bb2 Bf5 Bxf6 exf6
1500,1391,black,0+1,d3 Nf6 e4 e6 f3 c6 g3 e5 h4 Qe7
1229,1302,black,540+10,e4 e5 d3 Nc6 Nc3 Bb4 a3 Bxc3+ bxc3 Nf6
1500,1579,black,300+2,d4 e6 e4 d5 e5 c5 c4 cxd4 Qxd4 Bb4+
1966,1805,white,180+0,c4 e6 Nf3 d5 d4 c6 Nbd2 Nf6 g3 Bd6
1655,1735,white,0+1,e4 b6 d4 Bb7 Bd3 Nf6 Nc3 d5 e5 Nfd7
1698,1577,white,1140+5,e4 e5 f4 d6 Nf3 exf4 h3 Nf6 Nc3 Nc6
1399,1534,white,360+10,d4 Nc6 e3 d5 Bb5 Bd7 Nc3 Nb8 Qe2 c6
1698,1668,black,0+1,g3 c6 Bg2 d5 b3 e5 Bb2 Bd6 Nf3 Qe7
1723,1789,white,60+0,e4 e6 Nf3 d5 exd5 exd5 d4 Nf6 Nc3 c5
1487,1649,black,120+0,d4 d5 Nf3 e6 Nc3 Bd6 e4 dxe4 Nxe4 Nf6
1526,1504,white,480+5,c4 c5 e3 e5 Nc3 d6 d4 Qg5 Nf3 Qf6
1500,1401,black,0+1,d4 f5 e3 f4 exf4 e6 g4 Qh4 h3 Qf6
1932,2003,black,300+0,c4 Nf6 Nc3 g6 g3 Bg7 Nf3 O-O Bg2 c6
1697,1404,white,360+6,e4 e5 Nf3 Nc6 d4 d5 dxe5 dxe4 Qxd8+ Nxd8
1776,1735,black,60+0,d4 c5 d5 d6 c4 e5 Nc3 f5 Nf3 Nf6
1680,1411,white,0+1,e4 d5 d4 dxe4 Nc3 e6 Nxe4 Bd7 c3 Bb5
1931,1921,black,420+0,d4 d5 e3 Nf6 f4 Bf5 Bd3 Be4 Nf3 e6
1304,1299,white,900+10,e4 g6 Nf3 Bg7 Bc4 d6 Ng5 e6 d4 d5
1406,1684,white,0+1,c3 c6 c4 d5 c5 e5 e3 Bxc5 Bd3 Nf6
1540,1243,black,180+0,e4 Nc6 Bc4 d6 Qh5 e6 c3 Nf6 Qf3 Be7
1747,1764,white,60+0,e4 e6 Nf3 d5 exd5 exd5 d4 Nf6 Nc3 b6
1799,1736,white,180+0,e4 c5 Bc4 Nc6 c3 e5 f4 Be7 Nf3 exf4
1563,1424,white,900+0,e4 e5 Qf3 Bc5 d3 d6 h3 Nh6 Bxh6 gxh6
1665,1427,white,0+1,e4 f6 d4 f5 exf5 Nf6 b3 Nd5 Bb2 Nf6
1583,1588,white,300+2,c4 c5 Qa4 Nc6 Nf3 e6 e3 Nf6 Be2 d5
1587,1427,white,0+1,e4 e6 Nf3 Qg5 Nxg5 f6 Nf3 Be7 d4 Bf8
1693,1683,draw,720+0,e4 c5 Nf3 e6 Nc3 Nc6 d4 cxd4 Nxd4 Qc7
1752,1759,white,60+0,d4 c5 d5 d6 c3 e5 dxe6 Bxe6 c4 g6
1420,1594,black,0+1,Nc3 d5 Nxd5 Qxd5 c4 Qd8 Qc2 Nf6 Qe4 e6
1809,1605,white,180+0,e4 c5 Bc4 g6 c3 Bg7 d4 cxd4 cxd4 d6
1670,1413,black,0+1,e4 f5 exf5 Nf6 d4 Nd5 Bc4 Nf6 b3 d6
1566,1670,black,480+1,e4 e5 Nf3 d6 Nc3 Bg4 Be2 Bxf3 Bxf3 c6
1431,1277,white,300+0,e4 e5 Nf3 Nc6 Bb5 Nf6 Bxc6 bxc6 Nc3 d5
1725,1546,white,600+1,e4 d5 e5 c5 c3 e6 d4 c4 f4 Nh6
1600,1533,black,300+2,e4 e6 Bc4 d5 exd5 exd5 Bb3 c5 a3 Bd6
1748,1763,black,60+0,e4 e6 Nf3 d5 exd5 exd5 Nc3 Nf6 d4 c6
1444,1701,black,120+3,Nf3 g6 g3 Bg7 Bg2 d6 O-O e5 d3 f5
1808,1433,white,0+1,e4 f5 exf5 e5 fxe6 Qf6 Nf3 dxe6 Nc3 Qf4
1437,1689,black,420+3,d4 Nf6 f3 d5 e3 Bf5 Bd3 Qd7 g4 Bg6
1454,1420,black,660+10,d4 c6 Bf4 d6 Nc3 f6 e3 g5 Bg3 a6
1811,1430,white,0+1,e4 Nf6 d4 Nc6 e5 Nxd4 Qxd4 Ne4 Qxe4 d5
1825,1865,white,60+1,e4 Nf6 e5 Nd5 d4 Nb6 f4 d6 Nf3 Bg4
1573,1594,black,300+2,d4 b5 e4 Bb7 Bd3 Nf6 Qe2 a6 Bg5 e6
1521,1915,black,240+5,e4 Nf6 Qf3 e5 Bc4 Nc6 c3 Bc5 d3 O-O
1597,1814,white,180+0,Nf3 e6 c4 d5 Nc3 c6 d4 Nf6 g3 Be7
1813,1788,white,0+1,e4 c6 d4 d5 e5 c5 Nf3 Nc6 Bb5 Bg4
1774,1738,black,60+0,e4 c5 Nf3 g6 c3 Bg7 d4 cxd4 cxd4 d6
1350,1317,white,360+5,e4 e5 d4 d5 exd5 Qxd5 Qd3 exd4 Nf3 c5
1728,1652,black,420+1,e4 d6 Nf3 e5 d4 Nd7 dxe5 dxe5 Nc3 Be7
1353,1428,black,0+1,e4 e6 d4 Qg5 Bd3 e5 Bxg5 exd4 f3 Nc6
1749,1762,black,60+0,e4 e6 Nf3 d6 Nc3 d5 d4 dxe4 Nxe4 Nf6
1270,1439,white,300+0,e4 d5 exd5 Qxd5 Nc3 Qd8 d4 Nc6 Nf3 Nf6
1596,1517,white,360+0,e4 Nf6 Nc3 d6 d3 Bg4 Be2 Nc6 Bg5 Bxe2
1700,1564,white,360+6,e4 e6 d4 d5 e5 c5 c3 cxd4 cxd4 Nc6
1286,1321,white,900+10,g3 d6 Bg2 Nd7 Nf3 b6 O-O Bb7 e3 Nh6
1796,1621,white,180+0,e4 c5 Bc4 Nc6 c3 d6 d4 cxd4 cxd4 Qa5+
1786,1550,white,120+12,b3 e6 Bb2 Nc6 e3 a6 f4 Nf6 Nf3 h6
1750,1472,white,360+0,e4 e5 f4 Qf6 Nf3 Bd6 d4 Nc6 dxe5 Nxe5
1920,1854,white,420+0,d4 Nc6 f4 g6 Nf3 Bg7 e3 d6 c3 Nf6
1772,1739,black,60+0,d4 c5 d5 d6 c4 e5 Nc3 f5 f3 Nf6
1399,1490,black,60+2,d4 g6 e4 Bg7 e5 d6 Nf3 dxe5 dxe5 Qxd1+
1419,1306,white,300+0,e4 Nf6 e5 Nd5 Bc4 Nb6 b3 Nxc4 bxc4 d5
1707,1225,white,360+6,e4 d5 exd5 Qxd5 Nc3 Qd6 d3 e5 Nf3 f6
1604,1560,black,300+2,e4 c5 Nf3 Nc6 d3 d6 c3 Nf6 Be3 e6
1519,1416,black,360+10,e4 Nf6 d3 e5 Nf3 Bd6 Ng5 O-O Nxh7 Nxh7
1534,1287,white,240+8,e4 d5 exd5 Qxd5 Nc3 Qe6+ Be2 g5 Nf3 g4
1678,1557,white,480+1,e4 e6 e5 d5 d4 Nc6 c3 Be7 Bb5 Bd7
1751,1761,black,60+0,e4 e6 Nf3 d5 exd5 exd5 d4 Nf6 Nc3 c5
1613,1803,white,180+0,Nf3 e6 c4 d5 Nc3 c6 d4 Nf6 g3 Bd6
1401,1458,black,900+0,e4 e5 a3 d5 exd5 Qxd5 Nc3 Qd4 Nf3 Bg4
1439,1534,black,120+3,Nf3 d5 g3 g6 Bg2 Bg7 O-O Nf6 d3 O-O
1813,1436,white,0+1,c4 Nf6 Nc3 Ne4 g3 Nxc3 bxc3 c6 Nf3 Qc7
1546,1463,black,300+8,e4 e5 Nf3 Nf6 Bc4 h6 Nxe5 Qe7 d4 d6
1816,1434,white,0+1,c4 Nf6 Nc3 Nd5 g3 Nxc3 bxc3 Nc6 Nf3 Ne5
1816,1434,black,0+1,c4 Nf6 Nc3 Ne4 g3 Nxc3 bxc3 Nc6 Nf3 Ne5
1221,1287,white,360+2,e4 e5 Bc4 Nf6 Nf3 Nxe4 Nxe5 Qg5 Nxf7 Qxg2
1771,1740,black,60+0,d4 c5 c4 cxd4 Qd3 Nc6 Nf3 e5 e3 dxe3
1665,1699,white,240+3,e4 d5 exd5 Qxd5 Nc3 Qa5 Nf3 Nf6 Be2 c6
1793,1456,white,0+1,c4 Nf6 Nc3 Ne4 g3 Nxc3 bxc3 Nc6 Nf3 Ne5
1393,1558,black,900+0,e4 e5 Bc4 Nf6 Qf3 Nc6 d3 Nd4 Qd1 d6
1796,1453,white,0+1,c4 Nf6 Nc3 Ne4 g4 Nxc3 bxc3 Nc6 Nf3 Ne5
1903,1844,black,300+0,e3 e5 Nc3 d5 Nce2 c5 Ng3 Nc6 a3 Bd6
1431,1504,black,360+10,d4 Nf6 Bg5 Ne4 Nf3 Nxg5 Nxg5 e6 Qd2 f6
1546,1871,black,300+0,e4 e5 Nf3 Nc6 Bc4 Bc5 c3 Nf6 d3 O-O
1796,1453,white,0+1,c4 c6 Nc3 f6 g3 g6 Nf3 Qc7 Bg2 Bg7
1709,1500,white,360+6,e4 e5 Nf3 Nc6 d4 f6 d5 Nb4 a3 Na6
1752,1759,black,60+0,e4 e6 Nf3 d5 exd5 exd5 d4 Nf6 Nc3 c5
1570,1546,white,900+0,e4 e6 Qf3 Qh4 d3 Qd8 Be2 h6 Be3 Nf6
1836,1794,white,120+0,e4 e6 Nc3 c5 Nf3 Nc6 Be2 Nf6 O-O d5
1546,1468,black,360+0,d4 Nf6 c4 e6 Nf3 Bb4+ Bd2 Bxd2+ Nbxd2 Nc6
1800,1450,white,0+1,c4 Nf6 Nc3 Ng8 Nf3 Nf6 g3 Ng8 Bg2 Nf6
1297,1319,white,180+5,d4 d5 Nf3 e6 Bf4 Qf6 Bxc7 Nc6 e3 Bb4+
1785,1634,black,180+0,e4 c5 Bc4 Nc6 c3 g6 d4 cxd4 cxd4 Bg7
1422,1500,black,300+2,c4 c5 g3 Nc6 Bg2 a5 Nf3 a4 Nc3 Ra5
1273,1238,black,360+2,e4 e5 Nf3 Bc5 Nxe5 Nf6 d4 Bb6 Nc3 d6
1803,1447,white,0+1,c4 Nf6 Nc3 Ng8 Nf3 Nf6 g3 Ng8 Bg2 Nf6
1533,1733,black,600+1,c4 c6 d4 d5 c5 b6 b4 Nf6 Nc3 Nbd7
1672,1694,white,600+10,e4 c5 f4 e6 Nf3 d5 Nc3 d4 Nb1 Nf6
1853,1743,white,900+0,d4 d5 c4 c6 Nc3 Nf6 Nf3 Bf5 Qb3 Qc8
1431,1733,black,120+3,Nf3 d5 g3 c6 Bg2 Bf5 O-O Nf6 d3 e6
1773,1825,white,60+0,e4 e6 Nf3 d5 exd5 exd5 d4 Nf6 Bd3 Bd6
1770,1742,white,60+0,d4 c5 c4 cxd4 Qxd4 Nc6 Qd1 g6 Nf3 Bg7
1806,1443,black,0+1,c4 Nf6 Nc3 Ng8 g3 d6 Nf3 Bg4 Bg2 Nf6
1581,1489,white,900+0,e4 e5 Qf3 Nf6 d3 Bc5 Be2 d6 h3 Nc6
1500,1443,black,660+10,c4 e5 e4 Bc5 a3 d6 b4 Bd4 Ra2 Nf6
1306,1620,black,480+0,d4 d5 e3 g6 c3 Bg7 Qa4+ Bd7 Qb3 b6
1783,1467,white,0+1,c4 Nf6 Nc3 Ng8 g3 Nf6 Nf3 Ng8 Bg2 d6
1500,1861,black,180+0,e4 c6 d4 d5 exd5 cxd5 Nc3 Nc6 Nf3 Nf6
1686,1706,white,480+1,e4 e5 Nf3 Nf6 Nxe5 Qe7 d4 d6 Nd3 Nxe4
1732,1780,black,60+0,e4 e6 Nf3 d5 exd5 exd5 d4 Nf6 Bg5 c5
1786,1463,white,0+1,c4 e6 Nc3 Be7 g3 Bf6 Nf3 Nc6 Bg2 Nge7
1336,1288,white,240+2,e4 e5 Nf3 Nc6 Bc4 Nf6 Nc3 g6 d3 Bg7
1891,1891,black,300+0,e3 d5 Nc3 c5 Nce2 Nc6 Ng3 e5 a3 Nf6
1790,1459,white,0+1,c4 Nf6 Nc3 Nc6 g3 Ne5 Nf3 Nxf3+ exf3 d6
1655,1769,white,180+0,Nf3 e6 c4 d5 Nc3 c6 d4 Nf6 g3 Bd6
1573,1683,black,720+0,d4 g6 c4 Bg7 e3 Nf6 Be2 d6 h3 O-O
1808,1861,black,600+0,d4 d5 e3 e6 Bd3 h6 Nd2 f5 f4 Nf6
1794,1456,white,0+1,c4 h5 Nc3 h4 h3 Nf6 Nf3 d6 d4 d5
1500,1310,white,180+4,e4 e5 f4 d6 Nf3 f6 fxe5 dxe5 Nxe5 fxe5
1253,1261,black,360+2,e4 e5 Bc4 Nf6 Nf3 Nc6 Ng5 d5 exd5 Nxd5
1789,1723,white,60+0,d4 c5 c4 cxd4 Qxd4 Nc6 Qd5 g6 Nf3 Nf6
1441,1479,white,60+1,e4 d5 Nf3 dxe4 Ng5 f5 d3 exd3 cxd3 Qd6
1740,1522,white,600+1,e4 d5 e5 c5 c3 Nh6 d4 c4 Bxh6 gxh6
1452,1797,black,0+1,Nf3 Nf6 e3 d5 Be2 e6 O-O c5 h3 Bd6
1524,1791,black,120+12,e4 c6 Nf3 d5 e5 Bg4 Be2 e6 h3 Bh5
1611,1687,white,240+3,e4 d5 exd5 Qxd5 Qf3 Qxf3 Nxf3 Bg4 Ne5 Bd7
1513,1422,black,360+10,e4 Nf6 d3 e5 Nf3 d6 Be2 h6 b4 d5
1801,1449,white,0+1,c4 Nf6 Nc3 Ng8 g3 Nf6 Nf3 d6 Bg2 e5
1437,1433,black,660+11,e4 e5 Nf3 d6 h3 Nf6 d3 Nc6 c3 Be6
1310,1461,black,180+5,d4 Nf6 Nf3 d5 Bg5 h6 Bf4 e6 Be5 c5
1714,1798,black,60+0,e4 e6 Nf3 d5 exd5 exd5 d4 Nf6 Nc3 c5
1859,1811,white,0+1,e4 e6 Nf3 d5 d4 dxe4 Ne5 Nf6 Bb5+ c6
1380,1647,black,0+4,Nf3 e6 d4 d5 e4 c6 e5 c5 Bd3 c4
1386,1435,draw,900+0,e4 c5 Bc4 e6 Nf3 d6 d4 d5 exd5 exd5
1872,1801,black,0+1,e4 e6 Nf3 d5 exd5 exd5 d4 Nf6 Bd3 Bd6
1446,1804,black,0+1,Nf3 Nf6 e3 d5 Be2 e5 Bb5+ c6 Be2 e4
1427,1874,black,120+3,Nf3 Nf6 g3 g6 Bg2 Bg7 O-O d5 d3 Bg4
1507,1641,white,300+2,e4 e5 Nc3 f6 Nf3 Nc6 Bb5 a6 Bxc6 dxc6
1482,1530,white,360+0,c4 g6 d3 Bg7 e4 d6 Ne2 e5 Nbc3 Ne7
1625,1303,white,480+0,e4 d5 exd5 Qxd5 Nc3 Qe6+ Be2 Qg6 Bf3 Bg4
1233,1500,white,240+4,d4 d6 e4 Nf6 Nc3 e5 dxe5 dxe5 Qxd8+ Kxd8
1807,1442,white,0+1,c4 Nc6 Nc3 Ne5 Nf3 Ng6 g3 e6 Bg2 Be7
1754,1673,white,180+0,e4 c5 Bc4 Nc6 c3 g6 d4 cxd4 cxd4 Bg7
1840,1828,white,0+1,e4 e6 Nf3 d5 d3 dxe4 dxe4 Qxd1+ Kxd1 Nc6
1542,1442,white,0+1,b3 Nc6 Bb2 f6 c3 Ne5 b4 Ng6 f4 Nh4
1233,1399,white,240+2,e4 c6 Nf3 d5 e5 Bf5 d4 e6 Ng5 Qc7
1565,1672,black,1800+0,e4 c5 Nf3 Nc6 Nc3 g6 d3 Bg7 Bd2 e6
1828,1840,white,0+1,e4 d5 d4 c6 e5 e6 Nf3 Bd7 Nc3 c5
1746,1819,draw,600+1,e4 c5 Nf3 Nc6 c3 d6 Bc4 e6 O-O a6
1425,1384,white,120+3,Nf3 e6 g3 d5 Bg2 Bd7 O-O Nc6 d3 Bd6
1611,1874,black,300+0,e4 e5 Bc4 Bc5 Nf3 Nc6 a4 Nf6 d3 h6
1826,1840,white,0+1,e3 e6 d3 d5 d4 Nf6 Be2 Bd6 Nf3 O-O
1426,1303,black,660+11,e4 c5 Nf3 Nc6 e5 Qc7 Qe2 Nb4 a3 Nxc2+
1651,1551,black,0+1,d4 g6 c3 Bg7 e4 h6 e5 g5 f4 b6
1602,1496,black,300+4,e4 e5 Nf3 d6 Bc4 Bg4 h3 Bh5 g4 Bg6
1902,1880,white,300+0,e4 g6 d4 c6 f3 Nf6 c4 d5 e5 Nh5
1881,1662,white,180+0,d4 d5 Nf3 Nf6 Bf4 Bg4 e3 e6 Nbd2 c5
1763,1677,white,180+0,e4 d6 d4 Nf6 Bd3 Nbd7 c4 e5 d5 Nc5
1460,1444,white,420+3,d4 d5 Nf3 e6 Ne5 Bc5 Bf4 Bxd4 Qxd4 Nf6
1636,1566,white,0+1,g3 e6 Bg2 f6 b3 d6 Bb2 c6 c4 b6
1828,1840,black,0+1,e4 d5 exd5 Nf6 d4 c6 dxc6 Nxc6 Nc3 e5
1190,1432,white,0+1,e4 g5 d3 g4 Nd2 d6 f3 Be6 fxg4 Bxg4
1691,1558,black,720+0,e4 c5 Nf3 d6 Bc4 a6 a4 Nf6 e5 dxe5
1546,1507,black,60+2,e4 d5 exd5 Qxd5 Qf3 Qe5+ Qe3 Nc6 Qxe5 Nxe5
1489,1556,black,0+1,g3 b6 Bg2 c6 e3 Bb7 Nf3 Qc7 O-O c5
1322,1414,white,0+1,b3 Nf6 Bb2 Ne4 d3 Nc6 Nd2 Nd4 Nxe4 Nxe2
1435,1688,black,120+3,Nf3 d5 g3 Nc6 Bg2 e5 O-O Nf6 d3 Bd6
1645,1817,black,0+1,c3 e6 d4 d5 g3 Nf6 Bg2 Bd6 Qc2 O-O
1408,1399,black,0+1,g3 Nf6 Bg2 Ng4 e3 d6 Ne2 e5 d3 Qg5
1566,1480,black,0+1,b3 d6 Bb2 c6 c3 b6 b4 Nd7 a3 Qc7
1408,1399,black,0+1,b3 Nf6 Bb2 Ng4 Nc3 e5 d4 Qf6 e3 Qxf2#
1408,1399,black,0+1,e4 Nf6 d3 e5 Nd2 h5 Ngf3 Ng4 g3 Nf6
1518,1470,white,240+5,e4 e5 Qh5 g6 Qxe5+ Qe7 Qxh8 Qxe4+ Ne2 d5
1639,1823,black,0+1,b3 e6 Bb2 d5 f3 Nf6 d3 Be7 g4 Bd7
1349,1412,black,0+1,e4 Nf6 d3 e5 Nd2 h5 Ngf3 Ng4 g3 Qf6
1780,1272,white,360+2,e4 e5 f4 d6 Nf3 Nc6 h3 Nf6 d3 Be7
1639,1823,white,0+1,d4 e6 e3 g6 g3 Bg7 Bg2 Ne7 c3 Nbc6
1625,1772,black,180+0,e4 e6 d4 d5 e5 c5 c4 Nc6 cxd5 exd5
1307,1422,black,0+1,d4 e5 e3 e4 Ne2 Qg5 Nbc3 Qf6 b3 Nh6
1517,1422,white,0+1,e4 Nf6 f4 e5 fxe5 Ng8 d3 h5 Nf3 Nh6
1455,1562,black,420+4,d4 c5 Bf4 cxd4 Nf3 Nc6 e3 dxe3 fxe3 Nf6
1795,1503,white,120+12,b3 e5 Bb2 Nc6 e3 a6 f4 exf4 Nf3 fxe3
1633,1829,black,0+1,b3 e6 Bb2 d5 f3 Nf6 d3 Be7 g4 O-O
1302,1144,white,240+4,d4 Nc6 d5 Ne5 Bf4 b6 Bxe5 d6 Bc3 e5
1392,1592,white,300+2,e4 c5 Bc4 e6 f4 Qa5 f5 Nc6 c3 Ne5
1275,1412,black,0+1,d4 Nf6 c3 e5 e3 Ng4 Qxg4 Qf6 Qd1 g5
1628,1835,white,0+1,g4 e6 f4 d5 g5 h6 h4 hxg5 fxg5 Bd6
1779,1604,black,180+0,e4 e5 Bc4 Bc5 Nf3 d6 c3 h6 d4 exd4
1320,1511,black,300+8,e4 e5 Qf3 Nc6 Bc4 Nf6 c3 Bc5 g4 O-O
1551,1421,black,0+1,g3 Nf6 Bg2 Ng4 h3 Nh6 g4 e6 g5 Qxg5
1556,1388,white,420+8,e4 e5 Nf3 Nc6 Nc3 Nf6 d3 d5 exd5 Nxd5
1869,1912,white,300+0,e3 b6 Nc3 Bb7 Nce2 e6 Ng3 c5 a4 Nc6
1486,1799,black,120+12,e4 c6 Bc4 d5 exd5 cxd5 Bb5+ Bd7 Bxd7+ Nxd7
1500,1506,white,300+4,e4 Nc6 d4 d5 e5 e6 Be3 a6 Nf3 Nge7
1268,1494,black,0+5,c4 e6 d4 d5 e3 dxc4 Bxc4 Nc6 Bf1 Bd6
1527,1650,black,240+5,e4 e5 Qh5 Nc6 Bc4 g6 Qf3 Qe7 c3 g5
1500,1297,black,240+3,e4 e5 Nf3 Nf6 Nc3 Bb4 Bc4 Bxc3 dxc3 h6
1412,1325,white,660+11,e4 c6 d4 d5 e5 e6 Qh5 Nh6 Bxh6 gxh6
1536,1438,black,0+1,e3 e6 Qh5 Be7 Qg4 Kf8 b3 Nh6 Qg3 g5
1431,1468,white,120+3,Nf3 Nc6 g3 e5 Bg2 Nf6 d3 d5 Nbd2 e4
1537,1668,black,420+1,c3 e5 d4 e4 f3 exf3 exf3 Nf6 Qe2+ Be7
1727,1749,white,600+1,c4 e5 Nc3 Nf6 Nf3 Bb4 Nd5 Nxd5 cxd5 c6
1631,1762,black,180+0,e4 e6 b3 d5 exd5 exd5 Bb2 Nf6 h3 Bd6
1468,1409,black,180+5,e3 d5 d4 Nf6 c4 e6 cxd5 Nxd5 Bd2 Bd7
1447,1381,draw,420+8,d4 d5 c4 dxc4 e3 e6 Nc3 Bb4 Bd2 Nf6
1521,1454,white,0+1,b3 d6 Bb2 Bd7 Bxg7 Bxg7 c3 e6 f3 f5
1476,1521,black,0+1,g3 g6 Bg2 Bg7 e3 c6 c3 b6 Qc2 Bb7
1645,1454,white,0+1,d4 Nf6 d5 Ne4 f3 Nd6 e4 f6 c4 e6
1309,1901,black,180+0,d4 d5 Nf3 Nf6 Ne5 c6 Bg5 Ne4 Be3 Bf5
1308,1389,black,180+5,d4 d5 Nf3 Qd6 Ne5 Qb4+ c3 Qd6 e3 f6
1651,1448,white,0+1,b3 Nf6 Bb2 Nc6 e3 Nd5 c4 Nb6 a3 d6
1729,1650,white,720+5,e4 e5 Nc3 g6 a3 Nf6 Bc4 Bg7 d3 O-O
1939,1904,white,180+0,e4 c6 d4 d5 exd5 cxd5 Bd3 Nc6 c3 Nf6
1526,1531,white,0+1,e4 g6 f4 Bg7 Nf3 e6 d4 b6 c3 Bb7
1770,1620,white,180+0,e4 e5 Bc4 Bc5 Nf3 h6 O-O d6 c3 f5
1390,1495,white,60+2,d4 g6 e4 Bg7 e5 e6 Nc3 Ne7 Nf3 O-O
1620,1770,black,180+0,e4 e6 Bc4 d5 exd5 exd5 Bb5+ c6 Bd3 Nf6
1520,1436,draw,0+1,b3 Nf6 Bb2 c6 Bxf6 exf6 g3 Qe7 Bg2 g6
1656,1442,white,0+1,c3 Nf6 d4 Ne4 f3 Nd6 e4 f6 c4 Nc6
1661,1538,white,0+1,d3 b6 f3 Bb7 g3 e6 e4 d5 e5 c5
1286,1163,black,0+5,c4 e5 d4 Nc6 d5 Nce7 b3 Nf6 Bb2 d6
1777,1609,draw,180+0,e4 e5 Bc4 Bc5 Nf3 h6 O-O Nf6 d3 O-O
1651,1448,black,420+4,e4 e5 f4 d6 Nf3 Bg4 Bc4 Bxf3 Qxf3 exf4
1271,1439,black,0+1,d4 Nf6 c4 Ne4 b3 e6 Bb2 Qf6 e3 Qxf2#
1271,1439,black,0+1,c4 e6 d4 Qf6 e3 Nh6 Nf3 Ng4 g3 e5
1265,1446,black,0+1,g3 Nf6 Bg2 e6 e3 h5 d4 Ng4 h3 Qf6
1149,1517,black,0+1,d3 g6 e3 Bg7 f3 c6 g4 Qa5+
1403,1495,white,360+0,e4 e5 Nf3 Nf6 Nc3 Bb4 d3 Bxc3+ bxc3 Nc6
1520,1530,white,0+1,b3 b6 Bb2 Bb7 a3 e6 f3 d5 g3 c5
1123,1531,black,0+1,Nf3 g6 Nc3 Bg7 d3 Bxc3+
1669,1452,white,0+1,c3 Nf6 d4 Ne4 Qc2 Nd6 e4 f6 f3 Nf7
1424,1455,black,180+5,e4 e6 Nf3 c5 Nc3 Nc6 d3 a6 Be2 b5
1505,1657,white,300+5,d4 d5 c4 e5 dxe5 d4 Nf3 Nc6 Bg5 Nge7
1472,1393,black,1800+0,e4 c6 d4 d5 e5 Bf5 c4 e6 cxd5 cxd5
1479,1406,white,60+2,g3 e6 Bg2 d5 e3 b6 Ne2 Bb7 d4 Nd7
1674,1447,white,0+1,c3 c6 d4 g6 f3 Qc7 e4 f6 g3 Bg7
1244,1214,white,0+5,c4 d5 cxd5 Qxd5 Nc3 Qa5 b3 Nc6 Bb2 Nb4
1474,1383,white,420+8,d4 d5 c4 dxc4 Qa4+ Bd7 Qxc4 b5 Qc2 g6
1627,1869,white,180+0,e4 c6 d4 d5 e5 Bf5 Nd2 e6 Nb3 Qb6
1492,1407,black,180+5,d4 d5 c4 dxc4 Nc3 c6 e3 Be6 Nf3 h6
1771,1676,white,720+0,d4 g6 e4 Bg7 c4 d6 Nc3 Nf6 Nf3 O-O
1277,1253,black,0+1,e4 f6 d3 g6 Nd2 Bg7 Ngf3 e5 g3 d6
1258,1152,black,0+5,c4 e5 d4 exd4 Qxd4 Nc6 Qd1 Bc5 b3 Qf6
863,1380,white,300+0,d4 d5 Nf3 Nc6 e3 e5 c4 exd4 Nxd4 dxc4
1679,1441,white,0+1,e4 Nf6 e5 Nd5 c4 Nb6 c5 Nd5 Nc3 Nxc3
1299,1500,black,180+5,d4 d5 Nf3 Nf6 Ne5 Bf5 Bg5 e6 e3 Be7
1679,1441,white,0+1,e4 Nf6 e5 Nd5 d4 Nb4 a3 N4a6 c3 c6
1617,1272,white,60+2,e4 e5 Nf3 Nc6 Bc4 a6 d4 b5 Bxf7+ Kxf7
1772,1399,white,180+0,e4 g6 d4 Bg7 f4 b6 Nf3 Bb7 Bd3 a5
1447,1920,black,240+2,d4 Nf6 Qd3 e6 e4 Nc6 Bf4 d5 Nc3 Bb4
1740,1675,white,420+1,d4 d6 c4 Nf6 Nc3 Nbd7 e4 e5 d5 Be7
1684,1436,white,0+1,g3 g6 c3 Bg7 d4 Nf6 Bg2 Kf8 e4 h6
1200,1500,black,300+5,e4 e5 d3 h6 Nc3 Nf6 Nh3 d5 f3 Bxh3
1689,1431,white,0+1,e4 Nf6 d3 e6 e5 Ng8 d4 Nc6 c3 d6
1234,1534,black,0+1,e4 e6 d3 g6 Nd2 Bg7 Ngf3 b6 g3 Bb7
1362,1117,white,300+0,e4 d5 e5 d4 d3 Nc6 Nf3 Qd5 c3 Nxe5
1693,1426,white,0+1,b3 g6 Bb2 c6 Bxh8
1734,1580,white,600+1,e4 c5 c3 e5 Nf3 Nc6 Bc4 Nf6 Ng5 d5
1693,1426,white,0+1,b3 h6 Bb2 h5 f3 h4 h3 a6 g4 a5
1932,1774,white,180+0,e4 e6 Nc3 d5 a3 c5 Bb5+ Bd7 d3 d4
1620,1264,white,60+2,e4 d5 Nf3 dxe4 Ne5 Nf6 d3 exd3 Nxf7 Kxf7
1499,1500,white,300+4,c4 e5 Nf3 Nc6 e4 Bc5 a3 Nf6 b4 Be7
1617,1423,black,180+0,e4 e5 Bc4 a6 a4 Nc6 Nf3 b5 axb5 Nd4
1697,1817,black,0+1,d3 e6 e3 d5 f4 Nf6 g4 Be7 g5 Nfd7
1396,1489,black,60+2,d4 g6 e4 Bg7 e5 e6 Nf3 d6 Bd3 dxe5
1266,1811,white,180+0,c4 c6 d4 d5 c5 Nf6 e3 g6 Nf3 Bg7
1623,1422,white,0+1,e4 Nf6 Nf3 c6 Be2 h6 d3 a5 c3 h5
1434,1314,white,300+8,d4 d5 Qd3 e6 e4 dxe4 Qxe4 Qf6 f3 Bd6
1689,1825,black,0+1,g3 e6 Bg2 d5 b3 Nf6 Bb2 Bd6 Bxf6 Qxf6
1420,1479,white,180+5,d4 d5 c4 dxc4 e4 e6 Bxc4 c6 a3 h6
1629,1537,black,60+2,e4 b6 Nf3 Bb7 Bc4 e6 d3 a6 e5 b5
1452,1416,black,0+1,e4 Nf6 Nf3 Nxe4 Qe2 Nf6 d3 Ng8 Bf4 Nh6
1438,1923,black,300+2,d4 Nf6 Nf3 e6 Nc3 d5 Qd3 c5 h4 c4
1592,1481,white,360+0,e4 e5 Bc4 Nf6 d3 Bb4+ Bd2 Bxd2+ Nxd2 Nc6
1488,1500,white,240+10,d4 d5 c4 h6 Bf4 Nf6 e3 Bg4 Ne2 dxc4
1767,1939,black,180+0,e4 c5 Bc4 d6 c3 e6 d4 b6 Nf3 Nf6
1682,1832,black,0+1,b3 e6 Bb2 Nf6 e3 Be7 g4 h6 g5 hxg5
1268,1427,black,0+1,e4 Nf6 Nf3 e5 Nxe5 Ng8 Bc4 Nh6 Nxf7 Nxf7
1261,1434,black,0+1,d4 Nf6 c4 e6 e3 h5 g3 Ng4 Bg2 Qf6
1498,1387,white,60+2,g3 e6 Bg2 d5 e3 b6 Ne2 Bb7 c3 Nd7
1642,1598,black,300+5,e4 e5 Nc3 Nc6 a3 Nf6 h3 d6 Bc4 Be7
1532,1279,white,300+8,e4 e5 Nf3 Nf6 Bc4 Nxe4 d3 Ng5 O-O Nxf3+
1255,1260,black,0+5,c4 d5 d4 dxc4 e3 e6 Bxc4 Nc6 Bf1 Nf6
1761,1815,white,300+8,e4 e5 d4 exd4 c3 dxc3 Bc4 cxb2 Bxb2 Bb4+
1287,1743,black,180+0,e4 c6 d4 d5 e5 Bf5 a4 e6 a5 c5
1675,1441,white,0+1,e4 Nf6 e5 Nd5 c4 Nb6 c5 Nd5 Nc3 Nxc3
1751,1851,black,600+10,e4 c5 f4 Nc6 Nf3 d5 Nc3 dxe4 Nxe4 Bf5
1680,1436,white,0+1,c4 Nf6 d4 Ng8 d5 Nf6 e3 Ne4 f3 Nf6
1591,1712,black,600+0,e4 d5 e5 e6 Nf3 Ne7 d4 c5 Bb5+ Bd7
1680,1436,white,0+1,b3 d5 Bb2 e5 Bxe5 Bd6 Bb2 Qe7 Bxg7 Be5
1436,1500,black,600+0,c4 e5 g3 Nf6 Bg2 Bc5 Nf3 d6 O-O Bg4
1685,1431,white,0+1,e4 d5 exd5 Qxd5 c4 Qd4 Ne2 Qe5 b3 Bg4
1614,1170,white,60+2,e4 e5 Nf3 Nc6 Bc4 Nf6 Ng5 Nxe4 Nxf7 Qf6
1685,1431,white,0+1,g3 d6 Bg2 e5 b3 Bf5 Bb2 g6 Bxb7 Bg7
1293,1380,black,180+5,d4 d6 d5 e6 dxe6 Bxe6 Nf3 f6 Nd4 Bd5
1599,1285,draw,300+2,e4 g6 Nf3 e6 d4 c6 e5 Ne7 Bg5 h6
1500,1513,black,300+8,d4 c5 Nf3 cxd4 Qxd4 Nc6 Qc3 e6 e4 Bb4
1658,1579,black,300+2,e4 e5 Nf3 d6 Bc4 c6 Nc3 Be7 d4 exd4
1689,1426,white,0+1,g3 d6 Bg2 Bg4 f3 Bh5 g4 Bg6 h4 f6
1274,1552,black,0+1,e4 g6 Nf3 Bg7 d4 h6 e5 g5 g4 e6
1553,1461,white,360+6,e4 e5 Nh3 Nc6 Qf3 Nf6 d3 Nd4 Qf5 Nxc2+
1616,1168,white,60+2,e4 e5 Nf3 Nc6 Bc4 h6 d4 f6 Nh4 exd4
1845,1839,black,60+1,e4 e6 Nf3 d5 a3 dxe4 Ng1 Nf6 f3 exf3
1581,1396,white,300+5,e4 c5 Nf3 d6 d4 cxd4 Nxd4 e5 Nf3 Nf6
1396,1761,black,180+0,b3 e6 Bb2 d5 b4 c5 bxc5 Nf6 d4 Nc6
1269,1422,black,0+1,e4 e6 Nf3 e5 d4 Qf6 dxe5 Qg6 Nc3 Qxe4+
1643,1682,white,180+8,e4 c5 Nf3 Nc6 c3 e6 Bc4 a6 O-O g6
1806,1422,white,0+1,d4 Nf6 c4 d6 Nc3 Bf5 Nf3 e6 g3 Qd7
1244,1269,white,0+5,d4 d5 b3 Nc6 Bb2 e5 e3 exd4 Bxd4 Nxd4
1742,1675,white,600+1,e4 c5 Nf3 d6 c3 Nf6 Bc4 e6 O-O a6
1857,1616,white,300+8,e4 c5 Nc3 d6 f4 Nc6 Bc4 g6 Nf3 Bg7
1808,1429,white,0+1,e4 Nf6 Nf3 Nxe4 Be2 c6 O-O Qb6 c3 Qxf2+
1810,1426,white,0+1,e4 Nf6 e5 Nd5 d4 Nc6 c4 Nb6 Nc3 Nb8
1713,1563,black,360+8,e4 e5 Nf3 Nc6 Bb5 d6 Bxc6+ bxc6 d4 Ba6
1618,1518,white,60+2,e4 b6 Nf3 Bb7 Bc4 e6 d3 d5 exd5 Bxd5
1085,1310,black,300+8,e4 e5 Nf3 Nc6 Bd3 Nf6 O-O d5 exd5 Nxd5
1566,1516,white,300+5,e4 c5 Bc4 e6 Nc3 d6 d3 a6 a4 Nf6
1644,1655,black,180+8,e4 c5 Nf3 Nc6 d4 cxd4 Nxd4 e5 Nb3 Nf6
1745,1666,black,420+1,e4 d6 d4 Nf6 Bd3 Nbd7 c3 e5 d5 Be7
1294,1424,black,0+1,e4 e5 Nf3 Qg5 Bc4 f6 Nc3 Qg4 d3 Ne7
1521,1331,white,300+8,e4 e5 Nf3 Nc6 d4 d6 d5 Nce7 c4 c5
1256,1424,white,0+1,g3 Nf6 Bg2 e5 e3 Qe7 d3 h5 b3 Ng4
1500,1577,black,180+3,d4 b6 e4 Bb7 e5 e6 c4 Bb4+ Bd2 a5
1465,1416,black,180+5,e3 e5 c4 Nf6 a3 d6 b4 Be7 Bb2 O-O
1694,1556,white,0+1,d3 b6 c4 Bb7 f3 c6 e4 g6 b3 Bg7
1550,1813,black,60+0,e4 e6 Nf3 d5 exd5 exd5 d4 Nf6 Bd3 c5
1701,1406,white,0+1,c3 e5 d4 e4 e3 d5 f4 Bf5 h3 Nc6
1592,1603,black,180+0,d4 d5 c4 e6 Nc3 dxc4 Nf3 Bb4 e4 b5
1701,1406,white,0+1,b3 e6 Bb2 Qe7 g3 Qb4 c3 Qg4 f3 Qf5
1549,1510,white,0+1,b3 b6 Bb2 Bb7 a3 e6 b4 d5 g3 Nd7
1679,1731,white,420+1,e4 e5 Nf3 d6 Bc4 f5 exf5 Bxf5 O-O Nf6
1646,1429,black,600+0,e4 c5 Nf3 g6 Bc4 e6 d3 d5 exd5 exd5
1705,1402,white,0+1,g3 e6 Bg2 Qg5 e3 Nf6 f4 Qc5 d4 Qc4
1708,1398,white,0+1,e4 e6 c3 Qf6 d4 Qg6 Bd3 Qf6 Qf3 Qe7
1643,1521,white,300+5,e4 c5 Bc4 Nf6 d3 e6 Bg5 d5 exd5 exd5
1279,1359,white,360+3,d4 d6 e4 b6 Qf3 Bb7 Bc4 Nf6 Bg5 Bxe4
1708,1398,white,0+1,c3 f6 d4 Kf7 g3 Nh6 Bg2 d6 Bxh6 gxh6
1284,1584,black,180+5,d4 b6 Nf3 Bb7 d5 Nf6 Qd4 Bxd5 Bg5 Bb7
1712,1394,black,0+1,b3 Nc6 Bb2 Nf6 f3 d6 g4 d5 g5 Nd7
1882,1833,black,300+2,e3 d5 Nc3 c5 Nce2 e5 Ng3 Nc6 Nh5 Nf6
1562,1697,white,360+8,e4 c5 Nf3 d6 d4 cxd4 Nxd4 e5 Nf5 Bxf5
1817,1691,white,60+0,d4 d6 c4 e6 Nc3 Be7 Nf3 g6 e4 Nf6
1453,1319,black,240+10,e4 a6 Nf3 Nf6 e5 Ng8 d4 h6 Nc3 d5
1442,1443,black,600+0,d4 d5 Nf3 e6 e3 b6 Nc3 Bb7 Be2 Nf6
1817,1691,white,60+0,d4 g6 c4 Bg7 Nc3 c6 Nf3 d6 e3 f5
1296,1751,black,300+2,e3 c5 Ne2 Nc6 d3 d5 g3 Nf6 Bg2 Bg4
1487,1738,draw,300+9,d4 Nf6 Nc3 d5 Bg5 Nbd7 Bxf6 Nxf6 f3 e6
1743,1633,white,300+5,d4 d5 c4 e5 Nf3 e4 Nfd2 c6 e3 h6
1593,1680,black,300+2,f4 d5 Nf3 Nc6 c3 e6 d3 Bd6 Qb3 Nf6
1315,1976,black,600+0,e4 c5 Nf3 Nc6 Bc4 e6 Nc3 a6 a4 g6
1332,1119,black,60+2,d4 d5 g3 Nf6 Bg2 Nc6 Nf3 e6 Bg5 Be7
1697,1587,white,120+2,e4 b6 Nf3 Bb7 Nc3 e6 d4 Bb4 Bd3 d5
1824,1683,black,60+0,d4 e6 c4 d6 Nc3 c6 Nf3 a6 e4 b5
1681,1813,black,360+8,b4 d6 Bb2 c5 bxc5 dxc5 Nc3 Nc6 e4 e6
1513,1692,white,300+5,d4 d5 f4 Bf5 g3 e6 Bh3 Be4 Nf3 Nf6
1614,1893,black,360+6,e4 e6 Nf3 d5 exd5 Qxd5 Be2 Nf6 O-O c5
1846,1869,black,300+2,c4 g6 Nc3 c6 e4 Nf6 d4 d5 e5 Ne4
1577,1502,black,360+6,e4 e5 Nf3 Nf6 d4 Nxe4 dxe5 f6 Bd3 Nc5
1749,1280,white,180+0,d4 d5 Nf3 Nf6 Bf4 Bf5 e3 Nc6 Be2 e6
1700,1809,white,60+0,c3 e6 d4 d5 e3 Nf6 Bd3 c5 g4 cxd4
1367,1294,black,300+0,e4 e5 Nf3 d6 Bc4 Nd7 d3 c6 Ng5 Nh6
1579,1722,white,120+2,d4 d5 c4 e6 Nf3 Bd7 e3 dxc4 Nc3 b5
1668,1754,white,720+0,e4 e5 Nf3 Nc6 Bc4 Nf6 Ng5 Bc5 Bxf7+ Kf8
1665,1774,black,300+5,e4 c5 Nf3 d6 d4 cxd4 Nxd4 Nf6 Nc3 a6
1500,1752,black,300+2,e4 c6 d4 d5 e5 Bf5 Bd3 Bxd3 Qxd3 e6
1500,1039,white,120+0,Nf3 Nc6 d4 d5 Bf4 e6 c3 Bd7 Nbd2 Nf6
1500,1487,draw,480+3,d4 a6 d5 d6 Nc3 h6 e4 b5 Bf4 e5
1441,1500,black,420+3,d4 d5 Qd3 Nf6 Bg5 e6 Bxf6 Qxf6 Nc3 Nc6
1715,1794,white,60+0,d3 e6 c4 d6 b3 d5 Bb2 Nf6 g4 Nfd7
1982,1500,black,600+0,e4 e5 Bc4 Nf6 d3 Bc5 Nf3 d6 c3 O-O
1730,1318,white,0+1,b3 c6 Bb2 d5 f3 Nf6 g3 e6 h4 Bd6
1754,1840,white,300+0,d4 Nf6 Nf3 g6 Bf4 Bg7 e3 Nh5 Bg5 h6
1534,1730,white,60+2,e4 e6 Nf3 c6 d4 b5 c4 b4 a3 bxa3
1433,1473,white,360+0,d4 e6 e4 f6 f4 Bb4+ c3 Ba5 b4 Bb6
1269,1535,black,900+5,e4 d5 exd5 Qxd5 Nc3 Qd8 Bb5+ c6 Bc4 Bf5
1539,1035,white,120+0,c4 Nf6 Nc3 e6 d4 d5 Nf3 Be7 Bf4 O-O
1312,1456,white,420+1,e3 e5 c3 d5 Ne2 Nf6 d3 Bd6 g3 O-O
1922,1825,white,600+0,d4 d5 c4 e6 e3 Nf6 Nf3 a6 a3 h6
1429,1353,white,180+0,d4 d5 c4 e5 cxd5 Qxd5 Nc3 Qxd4 Qxd4 exd4
1501,1565,black,60+0,d4 e6 e3 d5 f4 Nf6 Bd3 c5 Nf3 c4
1452,1346,black,600+0,e4 d6 d4 e6 Nf3 g6 Bb5+ Nd7 O-O Bg7
1313,1364,white,60+2,d4 d5 g3 Nc6 Bg2 Bf5 Nf3 Nf6 Bg5 e6
1681,1737,black,600+1,d4 d5 Nc3 Nf6 Bg5 e6 e4 dxe4 Nxe4 Be7
1031,1053,black,300+8,e4 e5 Nf3 d6 Bc4 f6 O-O a6 Re1 b5
1770,1682,white,720+0,d4 d6 c4 Nf6 Nc3 g6 Bg5 Bg7 Nf3 O-O
1407,1610,white,360+6,e3 e5 c3 Nc6 Be2 d5 f3 Nf6 d3 Be7
1327,1436,black,60+2,d4 b6 g3 Bb7 f3 g6 Bg2 Bg7 Be3 Nf6
1879,1811,white,300+0,e4 e5 Nf3 Nc6 Bc4 Nf6 O-O Be7 Nc3 O-O
1444,1318,black,60+2,g3 e5 Bg2 g6 b3 Bg7 Bb2 Ne7 Nf3 O-O
1781,1712,white,60+0,e4 g6 Nf3 Bg7 c3 d6 d4 e5 dxe5 dxe5
1460,1445,white,360+0,c4 d5 d3 d4 Nf3 Nc6 Qa4 Bd7 Qb3 b6
1339,1619,black,300+0,e4 c5 d4 cxd4 c3 dxc3 Bc4 cxb2 Bxb2 e6
1834,1684,black,60+1,e4 e6 d4 d5 f3 dxe4 Be3 Nc6 c3 Nf6
1420,1600,black,300+5,e4 c5 Qh5 e6 Nf3 Nf6 Qh4 h6 Ne5 d6
1702,1790,black,60+0,e3 e6 d4 d5 b3 Nf6 c4 c5 Qd3 cxd4
1614,1944,black,240+0,e4 c5 Nf3 a6 d4 cxd4 Nxd4 e6 Nc3 Qc7
1430,1593,black,360+6,e3 e5 g3 Nf6 Bg2 d5 c3 Nc6 Ne2 Be7
1694,1798,black,60+0,g3 e6 Bg2 d5 b3 Nf6 Bb2 c5 Bxf6 Qxf6
1693,1748,black,600+1,e4 e5 Nc3 Nf6 Nf3 Bc5 h3 Nc6 d3 O-O
1781,1500,white,300+0,d4 d5 c4 Nf6 Nc3 Nc6 Bg5 Nxd4 Qxd4 e5
1694,1798,black,60+0,e3 e6 d4 d5 b3 Nf6 Bb2 c5 c4 cxd4
1424,1471,draw,360+0,d4 d5 Nc3 Qd6 Nf3 Bg4 h3 Bxf3 exf3 Nf6
1947,1606,white,240+0,d4 d5 c4 dxc4 e3 Nf6 Bxc4 e6 Nc3 a6
1489,1287,black,300+15,h3 e5 e4 Nf6 Nc3 Nc6 a3 Bc5 b4 Bd4
1821,1835,white,60+1,e4 e6 Nf3 d5 Nc3 dxe4 Nxe4 Nd7 Bb5 Nf6
1585,1679,black,300+2,b4 e6 Bb2 Nf6 a3 a6 e3 c5 Qf3 Nc6
1806,1685,white,60+0,d4 e5 dxe5 f6 exf6 Qxf6 Nc3 Bc5 Nf3 b6
1696,1111,black,1200+10,e4 c5 Nf3 d6 d4 cxd4 Nxd4 e5 Nf3 Bg4
1764,1785,white,180+0,e4 c5 Bc4 d6 c3 a6 d4 b5 Bb3 c4
1378,1343,black,60+2,d4 d5 e3 Nc6 b3 Nf6 Bb2 e6 Nf3 Be7
1625,1214,white,300+0,e4 e6 b3 b6 Bb2 Bb7 d3 Qg5 Qd2 Qc5
1445,1549,white,1800+0,e4 c6 Nf3 d5 Nc3 d4 Ne2 c5 b4 e6
1788,1831,black,60+0,e4 b6 f4 Bb7 e5 d6 Nf3 dxe5 fxe5 e6
1813,1677,white,60+0,d4 h6 c4 g5 Nc3 Bg7 e4 c6 Nf3 Qc7
1898,2158,black,60+0,e4 e5 Nf3 Nc6 Bc4 Bc5 b4 Bxb4 c3 Bd6
1356,1365,black,60+2,e4 e6 d4 d5 Nc3 Bb4 exd5 Qxd5 Bd2 Bxc3
1013,1500,white,300+8,e4 e5 d4 Nf6 Nf3 Nxe4 Bd3 Nd6 O-O g5
1778,1820,black,60+0,e4 e6 f4 d5 exd5 exd5 Nf3 Nf6 d4 c6
1223,1540,black,900+5,e4 d5 Nf3 dxe4 Nh4 e6 Nc3 Qxh4 g3
1773,1776,white,180+0,d4 e6 c4 d5 Nc3 c6 Nf3 Nf6 Bg5 Bd6
1458,1641,black,600+9,e4 e6 d4 d5 Bd3 Nf6 exd5 Nxd5 Nf3 Be7
2163,1894,draw,60+0,e4 Nf6 Nc3 d5 e5 Nfd7 d4 c5 Nxd5 cxd4
1255,1243,white,300+2,e4 d5 e5 Nc6 d4 Bf5 Bb5 e6 Bxc6+ bxc6
1376,1345,black,60+2,d4 d5 Nf3 Nc6 c3 Nf6 Nbd2 Bg4 h3 Bh5
1830,1769,white,60+0,d4 e6 c4 f5 Nc3 Nf6 Nf3 g6 g3 Bg7
1841,1500,white,60+1,e4 e5 Nf3 Nc6 c3 d6 d4 exd4 cxd4 Nf6
1901,2155,black,60+0,c4 Nf6 g3 e6 Bg2 Be7 Nf3 O-O O-O d5
1334,1678,black,300+3,e3 e5 g3 Nf6 Bg2 d5 Ne2 Bd6 d3 Nbd7
1760,1839,black,60+0,e4 e6 f4 d5 exd5 exd5 Nc3 Nf6 d4 c5
1357,1363,white,60+2,e4 e6 d4 d5 Nc3 dxe4 Nxe4 Bb4+ c3 Ba5
1439,1342,black,600+10,c4 e5 g3 Nc6 Bg2 Bc5 e3 Nf6 Nf3 O-O
1390,1628,black,300+0,b3 e6 Bb2 Nf6 Nf3 g6 e4 Bg7 Ba3 Nxe4
2160,1897,white,60+0,e3 c6 b3 d5 Bb2 Nf6 f4 Bg4 Nf3 Bxf3
1606,1414,draw,300+5,e4 e5 Bc4 Nc6 Nf3 Nf6 O-O Nxe4 d3 Nf6
1036,1563,black,300+8,e4 e5 d4 exd4 Qxd4 Be7 Qxg7 Bf6 Qg4 d6
1500,1673,black,720+0,d4 d5 Bf4 Nc6 e3 Bf5 Bd3 Bd7 e4 e6
1255,1500,black,180+10,e4 a6 Nf3 h6 Bc4 Nc6 d4 b5 Bb3 e6
1079,1544,black,900+5,e4 d5 d3 dxe4 dxe4 Qxd1+ Kxd1 e6 Bb5+ c6
1848,1751,white,60+0,e4 e6 Nf3 d6 c3 b6 d4 Bb7 Bd3 Nd7
1892,2165,black,60+0,d4 Nf6 Nf3 e6 g3 b6 Bg2 Bb7 O-O Be7
1483,1536,black,120+6,e4 e5 Bc4 Nf6 Nf3 Nc6 c3 Bc5 b4 Bb6
1492,1363,white,300+5,d4 d5 c4 dxc4 Nc3 Nf6 e4 c6 Bxc4 e6
1626,1732,black,600+8,d4 g6 e3 Bg7 Nf3 d6 Bd3 c6 O-O Nf6
1714,1329,white,300+3,e4 e6 d4 c6 Nf3 Ne7 Nc3 d5 e5 Nf5
1856,1743,black,60+0,d3 e6 d4 f5 c4 Nf6 Nc3 g6 g3 Bg7
1473,1406,white,120+6,e4 c5 Bc4 Nc6 c3 e6 Nf3 Nf6 e5 Ng4
1510,1764,black,180+0,d4 e6 e3 d5 c4 c6 c5 Nf6 b4 b6
1743,1856,black,60+0,e4 e6 e5 d5 f4 c5 Nf3 f6 d3 Nc6
1952,1557,white,60+2,d4 d5 c4 e6 Nf3 dxc4 g3 Nf6 Bg2 Be7
1315,1500,black,180+3,e4 e5 Nf3 d6 Bc4 a6 Nc3 h6 d4 b5
1863,1736,black,60+0,e4 e6 Nf3 d6 c3 f6 d4 e5 dxe5 fxe5
1072,1306,black,300+8,e4 e5 Nf3 Qf6 Bd3 Bc5 c4 g5 g4 h5
1420,1600,black,300+5,e4 c5 Nf3 Nc6 c4 d6 Nc3 e5 Nd5 Bg4
1306,1072,white,300+8,e4 e5 Qh5 Qf6 Bc4 Qc6 Qxf7+ Kd8 Qxf8#
1751,1849,white,60+0,e4 e6 f4 d5 e5 f6 Nf3 c5 d3 Nc6
1558,1554,black,60+2,e4 c5 Nf3 d6 Bc4 Nf6 Nc3 Nc6 O-O a6
1047,1311,black,300+8,e4 e5 Bc4 Qf6 Qh5 Bc5 Ke2 Qxf2+ Kd3 Qxg2
1635,1385,white,300+0,e4 c5 b3 Nc6 Bb2 e5 Bb5 d6 Bxc6+ bxc6
1500,1470,black,360+0,e4 e5 d4 Bd6 d5 c6 c4 cxd5 cxd5 b6
1670,1651,white,0+1,c3 c6 d4 d5 g3 Bf5 Bg2 Nf6 Nd2 e6
1308,1128,white,120+0,e4 e5 Nc3 d6 Bc4 Nc6 Nf3 Nf6 d3 d5
1681,1640,black,0+1,g3 c6 Bg2 d5 b3 e5 Bb2 Bd6 f4 Nd7
1326,1500,white,420+1,e4 e5 Nf3 Nf6 Nc3 Nc6 Bb5 Nd4 Nxd4 exd4
1835,1764,white,60+0,d4 d5 c4 dxc4 Nc3 Nf6 e4 g6 e5 Nd5
1653,1668,black,0+1,e4 e6 d4 d6 c4 c6 f4 f6 Nf3 g6
1315,1027,white,300+8,e4 e5 Nf3 Bb4 Nxe5 d6 Nc4 Qf6 a3 Bc5
1747,1677,white,600+0,e4 c5 Bc4 Nc6 Nf3 d6 d3 h6 Be3 a6
1749,1641,white,300+0,d4 d5 c4 e6 e3 Nf6 Nc3 dxc4 Bxc4 Bb4
1318,1115,white,120+0,d3 d5 e4 e6 exd5 exd5 Nf3 Qe7+ Be2 Nf6
1679,1642,black,0+1,d4 c6 c3 d5 f3 Bf5 e3 e6 Bd3 Bxd3
1769,1664,black,180+0,e4 c5 Bc4 d6 Nc3 Nc6 Nf3 Nf6 O-O g6
1452,1587,black,600+9,e4 e5 Nf3 Bd6 Bc4 Nf6 d3 h6 c3 a6
1756,1844,black,60+0,e4 e6 f4 d5 e5 f6 Nf3 fxe5 fxe5 c5
1757,1647,white,60+15,e4 e6 d4 d5 e5 c5 c3 Qb6 Nf3 Nc6
1678,1529,white,720+0,e4 e5 Nf3 Nc6 Bc4 Nd4 c3 Nxf3+ Qxf3 Nf6
1340,1500,black,420+1,e4 e5 Nf3 Nc6 Bb5 d6 Bxc6+ bxc6 d4 exd4
1706,1660,black,60+0,e4 e6 Nf3 d5 exd5 exd5 d4 Nf6 Nc3 Bd6
1852,1747,black,60+0,e4 e5 Nf3 f5 Nxe5 fxe4 Qe2 Nf6 d3 d5
1539,1439,black,420+2,e4 Nf6 e5 Nd5 d4 e6 Nf3 Nc6 Bd2 d6
1457,1459,black,600+0,e4 e5 Nf3 Nc6 Bb5 d6 Nc3 Bd7 Bxc6 Bxc6
1667,1328,white,120+0,e4 e6 d4 d6 f4 Nf6 Bd3 Be7 g4 Nc6
1683,1812,black,420+8,e4 e5 Nc3 d6 Nf3 Bg4 h3 Bh5 Be2 Nf6
1691,1962,white,600+7,e4 e6 d4 d5 e5 c5 Nf3 cxd4 Qxd4 Nc6
1761,1838,draw,60+0,e4 e6 f4 d5 e5 f6 Nf3 c5 exf6 Nxf6
1319,1260,black,300+8,e4 e5 Qh5 Nc6 Bc4 Nh6 d3 g6 Qf3 f6
1611,1332,black,420+1,e4 e5 Nf3 d6 Bc4 Nf6 d3 g6 Ng5 Be6
1794,1630,black,300+0,d4 d5 c4 e6 e3 dxc4 Bxc4 h6 Nf3 Nf6
1482,1324,black,120+6,e4 e5 Bc4 Nf6 Nf3 h6 c3 Bc5 d3 d6
2122,1754,white,180+0,d4 e6 Nf3 d5 Bf4 Nc6 e3 Nf6 c3 Bd6
1393,1217,black,180+3,d4 d5 c4 g6 Nc3 Bg7 e3 dxc4 Bxc4 c6
1836,1764,white,60+0,d4 d6 c4 e6 Nc3 f5 Nf3 Nf6 e3 h6
1617,1563,black,900+0,Nf3 e6 d4 d5 e3 Nf6 Bd3 Nc6 b3 Bb4+
1740,1309,white,300+3,e4 e5 Nf3 Qf6 Bc4 c6 d4 d5 Bb3 dxe4
1803,1835,white,300+2,e4 c5 Nf3 d6 d4 cxd4 Nxd4 Nf6 Nc3 a6
1488,1579,black,300+0,e3 e5 Qf3 d5 Bb5+ c6 Ba4 Nf6 d3 Bc5
1670,1566,white,60+2,d4 d5 e3 e6 c4 Nf6 c5 Nc6 a3 g6
1514,1471,white,300+8,e4 e5 Nf3 Nc6 Bb5 d6 d4 Bd7 Nc3 Nf6
1607,1763,white,300+5,e4 e5 f4 exf4 Nf3 Nf6 e5 Nd5 Bc4 Ne7
1456,1377,black,300+3,e4 c5 Bc4 e6 d3 Nc6 Nc3 d6 Nf3 Nf6
1273,1305,white,300+8,e4 e5 d3 Qf6 Nh3 h6 f3 g5 Nf2 Bc5
1175,1546,black,900+5,e4 d5 exd5 Qxd5 Nc3 Qd8 Bb5+ c6 Bc4 Nf6
1694,1844,black,60+0,e4 e6 Nf3 d5 exd5 exd5 d4 Nf6 Nc3 c6
1494,1500,white,60+0,d4 d5 e3 f6 f4 Qd6 Nf3 Qd7 Bd3 Qd6
1376,1597,black,300+5,d4 e6 c4 Nf6 Nf3 Bb4+ Bd2 Bxd2+ Nbxd2 Nc6
1284,1567,white,300+0,e3 e5 Nc3 Bb4 Bc4 Nf6 Qf3 Bxc3 bxc3 c6
1635,1620,black,300+5,e4 e5 Nf3 Nf6 d3 d6 Nc3 Be7 Be2 a6
1650,1714,white,300+0,e4 e5 Bc4 Nc6 a4 Nf6 d3 Bc5 Nf3 O-O
1376,1415,white,180+3,d4 d5 c4 dxc4 e3 e6 Nc3 a6 Bxc4 Bb4
1678,1558,white,60+2,g3 c5 Bg2 d6 b3 Nc6 Nc3 Nf6 Bb2 g6
1502,1701,white,60+0,d4 d5 e3 Nf6 f4 Nc6 Bd3 e6 Nf3 Be7
1676,1292,white,420+8,e4 e5 Nf3 Qf6 Nc3 Bc5 Nd5 Qb6 Qe2 Qc6
1606,1581,draw,300+5,e4 e5 Nf3 Qf6 Nc3 c6 d3 h6 Be3 d6
1851,1687,black,60+0,d3 c5 c3 g6 d4 Bg7 c4 cxd4 e3 dxe3
1822,1711,white,300+2,c4 e5 Nc3 Nf6 Nf3 d6 d4 e4 Ng5 Bf5
1351,1400,white,420+1,e4 g6 Bb5 Bg7 d4 c6 Bc4 a5 Qf3 e6
1363,1579,black,120+3,d4 d5 c4 Nf6 e3 Bf5 Nc3 e6 c5 c6
1903,1785,white,180+0,d4 e6 e3 Nf6 f4 d5 Nf3 c5 Bd3 Nc6
1305,1390,black,180+3,e4 e5 d4 exd4 Qxd4 Nc6 Qd1 g6 Bc4 Bg7
1703,1835,white,60+0,e4 e6 Nf3 d5 exd5 exd5 Nc3 Nf6 d4 b6
1740,1685,black,720+0,c4 e5 Nc3 c6 d4 Bd6 d5 Nf6 e4 O-O
1311,1478,black,360+0,d4 d5 e3 e6 g4 Bb4+ c3 Ba5 Bg2 Ne7
1630,1818,black,300+5,e4 c5 f4 e5 Nf3 Nc6 fxe5 Nxe5 d3 Nxf3+
1496,1550,white,60+2,e4 c5 Nf3 d6 Bc4
1677,1446,black,600+9,h3 d6 a3 e5 e4 Nf6 Nc3 Nc6 g4 h6
1820,1717,black,60+0,d3 c5 d4 cxd4 Qxd4 Nc6 Qd1 g6 c4 Bg7
1584,1351,white,120+3,e4 e5 f4 f6 fxe5 fxe5 Nf3 d6 Bc4 Bg4
1538,1446,black,600+0,e3 e5 Nc3 d6 Bc4 Nf6 h3 Nc6 g4 Be7
1717,1820,white,60+0,e4 d6 Nf3 e6 Nc3 d5 d4 dxe4 Nxe4 Nf6
1341,1589,black,120+3,d4 d5 c4 Nf6 e3 Bf5 Nf3 dxc4 Qa4+ c6
1270,1445,black,60+8,d3 Nf6 e3 g6 Nf3 Bh6 b3 O-O Be2 b6
2127,1847,black,300+0,e4 c5 Nf3 Nc6 Bb5 d6 O-O Bd7 c3 e5
1336,1305,black,300+1,c4 e5 g3 e4 e3 d5 Nc3 d4 exd4 Qxd4
1460,1678,black,420+8,e4 e5 Nf3 Nc6 Bc4 h6 d4 exd4 Nxd4 Nxd4
1385,1085,black,120+0,e4 e5 Nf3 Qf6 Nc3 Bc5 Bc4 c6 O-O h6
1806,1731,black,60+0,d4 c5 d5 d6 c4 e5 Nc3 f5 f3 Nf6
1685,1536,white,0+1,c3 c5 d4 d6 dxc5 dxc5 Qxd8+ Kxd8 g3 Nf6
1525,1398,white,300+8,e4 e5 Nf3 Bd6 Bc4 Qe7 Nc3 Nf6 O-O O-O
1744,1793,black,60+0,e4 e6 Nf3 d5 exd5 exd5 d4 Nf6 Nc3 c6
1692,1529,white,0+1,b3 c5 Bb2 d6 c4 Nf6 g3 g6 Bg2 Bg7
1290,1525,white,300+8,e4 e5 Qf3 Nf6 Bc4 d6 h3 Nc6 c3 Na5
1831,1425,white,1200+0,e4 c6 d4 d5 e5 e6 f4 Ne7 Nf3 Nf5
1460,1501,white,600+9,e4 a6 Nf3 Nf6 Bd3 d6 b3 e5 Bb2 Bg4
1593,1331,white,120+3,e4 e5 f4 d6 Nf3 f6 Bc4 a6 d3 b5
1803,1735,white,60+0,d4 c5 d5 d6 c4 e5 Nc3 f5 Nf3 Nf6
1587,1831,black,300+2,e4 c5 Nf3 d6 Bc4 e6 Nc3 a6 a3 Nf6
1401,1231,white,180+3,d4 e6 c4 Be7 Nf3 Nf6 e3 O-O Bd3
1699,1523,white,60+2,e4 c5 d3 d6 g3 Nc6 f4 Nf6 h3 g6
1604,1311,white,900+0,Nf3 g6 d4 b6 e4 Bg7 c3 Bb7 Bd3 a5
1669,1770,black,300+0,e4 c5 f4 g6 Nf3 Bg7 c3 d6 d3 Nf6
1874,2093,black,300+0,e4 Nf6 Nc3 e5 Bc4 Nxe4 Bxf7+ Kxf7 Nxe4 d5
1533,1500,white,300+8,e4 e5 Nf3 Nc6 Bb5 d6 d4 a6 Bxc6+ bxc6
1726,1811,black,60+0,e4 e6 Nf3 d5 exd5 exd5 d4 Nf6 Bg5 Be7
1507,1309,black,300+8,e4 e5 Nf3 Qf6 Bc4 Bc5 O-O h6 Nc3 g5
1471,1656,black,60+8,f4 d5 Nf3 Nf6 e3 e6 Be2 Bd6 O-O O-O
1899,1767,white,300+8,e4 b6 Be2 Bb7 Bf3 e6 d3 c5 Nc3 Nc6
1648,1598,black,180+0,e4 e5 Bc4 Nc6 Bxf7+ Kxf7 f4 exf4 Nf3 h6
1820,1718,white,60+0,e4 c5 Nf3 g6 c3 Bg7 d4 cxd4 cxd4 b6
2102,1679,white,300+0,e4 c5 d4 cxd4 c3 dxc3 Nxc3 Nc6 Nf3 d6
1585,1761,draw,300+5,e4 d5 exd5 Qxd5 Nc3 Qa5 d4 Nf6 a3 Bg4
1587,1606,black,300+5,e4 c5 Nf3 Nc6 Nc3 e5 Bc4 d6 d3 h6
1624,1809,black,300+5,e4 c5 f4 Nc6 Nf3 g6 Bc4 Bg7 Bxf7+ Kxf7
1835,1825,white,300+2,c4 Nf6 Nc3 d5 cxd5 Nxd5 g3 e5 Bg2 Be6
1888,1952,black,60+0,e4 e6 Nf3 d5 e5 a6 d4 c5 Bd3 Nc6
1611,1635,white,180+0,e4 e5 f4 exf4 Nf3 Be7 h4 Nf6 Nc3 Bc5
1478,1684,black,420+8,e4 e5 Nf3 Nc6 Bb5 d6 d4 Bd7 Bxc6 Bxc6
1409,1322,black,180+3,d4 d5 c4 c6 Nc3 e6 Nf3 Bb4 e3 Bxc3+
1952,1888,black,60+0,e4 c6 Nf3 d5 exd5 cxd5 d4 Nf6 c4 e6
1286,1423,black,780+5,e4 e5 Qh5 Qf6 g4 d6 d3 Nc6 Bg5 Qe6
1350,1391,white,180+3,e4 c5 c4 Nc6 d3 e6 f4 Qc7 g4 g6
1485,1854,black,180+2,d4 Nf6 e3 g6 Bd2 c5 dxc5 Bg7 Nc3 O-O
1751,1327,black,300+8,c4 e5 Nc3 Qf6 d3 c6 Nf3 h6 Ne4 Qf5
1901,1987,black,60+0,e4 e6 Nf3 d5 exd5 exd5 d4 Nf6 Be3 a6
1615,1522,white,300+5,e4 e5 c4 Nc6 Nc3 Bc5 d3 d6 Nf3 Bg4
1907,1867,draw,300+8,e4 e5 Bc4 Bc5 Nf3 d6 h3 h6 d3 Nf6
2016,1892,black,60+0,e4 c6 Nf3 d6 d4 Nf6 c4 Nxe4 Qc2 d5
1623,1623,black,180+0,e4 e5 Bc4 Nc6 Bxf7+ Kxf7 f4 exf4 Nf3 h6
1406,1471,white,600+9,Nf3 Nf6 h3 e6 g4 d5 d4 Bd6 a3 Nc6
1838,1350,white,300+8,e4 e5 Nf3 Qf6 Nc3 c6 d4 exd4 Nxd4 Bc5
1690,1583,white,360+2,e4 e5 Bc4 Nc6 a3 d6 Nc3 Nf6 d3 Be7
1827,2226,black,60+0,d4 e5 dxe5 Nc6 c4 Nxe5 Nc3 Nf6 Nf3 Nxf3+
1907,1969,black,60+0,f4 e6 Nf3 d5 e3 a6 b3 c5 Bb2 Nc6
1514,1880,black,300+6,e4 e5 d4 exd4 Qxd4 Nc6 Qe3 g6 e5 Bh6
1427,1689,black,420+8,d4 d5 e3 Nf6 g3 Nc6 Bg2 e5 dxe5 Nxe5
1996,1898,white,60+0,e4 Nf6 e5 Nd5 Nf3 d6 a4 dxe5 c4 Nf6
1828,1847,white,300+2,f4 d5 Nf3 c5 d3 Nf6 g3 g6 Bg2 Bg7
1348,1840,black,300+8,e4 e5 Qh5 Nc6 Bc4 g6 Qf3 Nf6 c3 Be7
2106,1857,black,180+2,d4 Nf6 Nf3 g6 Nc3 d5 Bf4 Bg7 e3 O-O
1620,1598,white,300+5,e4 c5 Nf3 Nc6 d4 cxd4 Nxd4 g6 b3 Bg7
1890,2018,white,60+0,e4 e6 Nf3 d5 exd5 exd5 d4 Nf6 Bd3 a6
1374,1482,black,360+0,d4 f6 e4 e5 d5 Ne7 f3 c6 c4 Qa5+
1447,1559,black,60+8,e4 e5 Nf3 Nc6 Nc3 Nf6 d3 Bc5 Na4 Bb6
1322,1102,white,1800+30,e4 e5 Nf3 Nc6 d4 exd4 Nxd4 Nxd4 Qxd4 d6
1980,1904,black,60+0,e4 e5 Nf3 f5 Bc4 Qf6 d4 exd4 Bg5 Qd6
1535,1595,black,900+0,e4 e5 Nf3 Nc6 d4 d6 Bb5 exd4 Nxd4 Bd7
1347,1730,black,300+8,e4 c5 Qf3 Nc6 Bc4 Ne5 Qb3 Nxc4 Qxc4 d6
1918,1947,white,60+0,e4 e6 Nc3 d5 d4 dxe4 Nxe4 Nf6 Bg5 Be7
1947,1918,white,60+0,e4 a6 Nf3 b5 d4 Bb7 c4 Bxe4 cxb5 e6
1458,1498,white,1200+0,e4 e5 Nf3 Nc6 d3 d5 Qe2 d4 g3 Bg4
1698,1679,white,360+2,e4 e5 Bc4 Nc6 a3 Nf6 d3 Be7 Nc3 O-O
1834,1841,black,300+2,c4 f5 d4 Nf6 g3 g6 Bg2 Bg7 Nf3 O-O
1818,1619,black,300+5,e4 e5 f4 d5 exd5 c6 dxc6 Nxc6 Nc3 Bc5
1526,1604,white,900+0,e4 e5 Nf3 Nc6 d4 exd4 Nxd4 Nxd4 Qxd4 Qe7
1627,2231,black,60+0,e4 e5 Nf3 f5 exf5 Nc6 Bc4 d5 O-O dxc4
1490,1359,white,360+0,c4 d5 c5 e5 b4 a5 Qb3 c6 e3 Nd7
1680,1836,white,1800+0,Nf3 c5 d3 Nc6 Bf4 d6 h3 g6 c3 Bg7
1907,1920,black,60+0,e4 e6 d3 d5 Nd2 a6 Ngf3 c5 g3 Nc6
2232,1627,white,60+0,e4 e6 d4 g6 Nc3 Bg7 Be3 Ne7 f3 c6
1466,1332,white,180+5,d4 Nf6 c4 e6 a3 b6 Nc3 Ba6 e3 d5
1869,1905,draw,300+8,e4 e5 Nf3 d6 d4 exd4 Nxd4 Nc6 Bb5 Bd7
1843,1875,white,300+0,e4 e5 Nf3 Nc6 Bb5 a6 Bxc6 dxc6 O-O Bg4
1501,1409,white,900+0,e4 e6 d4 Nc6 Nf3 Bb4+ Bd2 Nf6 e5 Nd5
1626,2234,black,60+0,e4 d5 exd5 Nf6 d4 Bg4 Nf3 Qxd5 Be2 e6
1641,1708,black,360+2,d4 b6 c4 Bb7 Nc3 e6 e3 Bb4 Nf3 Bxc3+
1943,1897,black,60+0,e4 a6 Nf3 b5 d3 Bb7 Be2 c5 Be3 e6
1410,1500,white,600+10,e4 e5 Nc3 Nc6 a3 Nf6 b4 h5 b5 Nd4
1430,1279,black,780+5,d4 d5 Nf3 e6 e3 Nc6 a3 Nf6 Bd3 Ng4
1692,1674,white,360+8,e4 e6 d4 d5 e5 c5 c3 Nc6 Nf3 cxd4
2235,1625,white,60+0,e4 g6 d4 Bg7 Nc3 d6 Be3 c6 f3 e6
1625,2235,black,60+0,e4 e5 f3 d5 Bc4 dxc4
2237,1624,white,60+0,e4 e6 d4 c6 Nc3 d5 Bd3 Nd7 Nf3 Ndf6
1543,1575,white,300+2,e4 e5 Nf3 Nc6 Bc4 d6 d3 Bg4 h3 Bh5
1909,1918,white,60+0,Nf3 e6 b3 d5 Bb2 Nf6 e3 a6 d4 c5
1733,1344,black,300+8,Nf3 e6 c4 Qf6 d4 c5 Bg5 Qg6 e3 h6
1541,1921,black,300+8,e4 c5 Nf3 e6 Bb5 a6 Bd3 d6 c4 Nc6
1346,1498,white,360+0,d4 f5 c4 e6 f4 Nf6 e3 a6 a3 b6
1623,2238,black,60+0,e4 d5 exd5 Nf6 d4 Bg4 Nf3 Qxd5 Be2 e6
1473,1623,black,180+5,d4 d5 c4 f5 Nc3 Nf6 a3 e6 c5 c6
1513,1863,black,300+0,g3 d5 Bg2 Nf6 b3 e5 Bb2 Bd6 e3 O-O
2240,1623,white,60+0,e4 c5 d4 cxd4 c3 dxc3 Nxc3 Nc6 Nf3 e6
1419,1314,white,60+8,f4 f5 Nf3 Nc6 e3 e6 Be2 d5 O-O h6
1799,1695,draw,1800+0,e4 c5 Nf3 Nc6 d4 cxd4 Nxd4 Qb6 Be3 Qxb2
1863,1854,white,300+0,e4 d6 Be2 Nf6 Nc3 e5 f4 exf4 Nf3 Be7
1890,1510,white,300+0,e4 b6 d4 Bb7 Bd3 e6 c4 d5 exd5 exd5
1587,1698,white,720+0,d4 d5 c4 e6 e3 c6 a3 Nf6 Nf3 Be7
1419,1656,white,600+10,e4 e6 c4 c5 a3 Nc6 Nf3 d6 Be2 Nf6
1564,1573,white,300+2,e4 c5 Nf3 Nc6 Bc4 a6 a3 b5 Ba2 Bb7
1705,1750,black,0+1,b3 c5 Bb2 f6 c4 e5 d3 a6 e3 b5
1823,1834,draw,300+2,c4 e6 Nc3 d5 d4 Nf6 Nf3 c6 Bg5 Nbd7
1367,1711,black,300+8,e4 c5 Qf3 Nc6 Bc4 Ne5 Qb3 Nxc4 Qxc4 d6
1507,1911,black,300+0,g3 d5 Bg2 e5 e3 Nf6 Ne2 Nc6 O-O Bg4
1695,1761,black,0+1,g3 c5 Bg2 d5 b3 e6 Bb2 Nc6 e3 f6
1538,1830,black,300+8,e4 e5 Nf3 Qf6 d4 exd4 Nxd4 Bc5 Nf3 h6
1717,1611,white,360+2,e4 e5 Bc4 Nf6 d3 Nc6 a3 Be7 Be3 d6
1844,1874,black,300+0,e4 e5 Nf3 Nc6 Bb5 a6 Bxc6 dxc6 d4 exd4
1822,1812,white,300+0,e4 c5 Nc3 e6 g3 d6 Bg2 Nf6 Nge2 Nc6
1720,1668,black,900+3,e4 c5 Nf3 Nc6 d4 cxd4 c3 dxc3 Nxc3 e5
1628,1484,white,300+0,e4 e5 Nf3 Nc6 b3 d6 Bb5 Bd7 Bb2 Be7
1823,1747,black,300+2,c4 c5 Nf3 Nc6 d4 cxd4 Nxd4 g6 g3 Bg7
1469,1547,white,300+8,d4 d5 Nf3 h6 g3 Nf6 Bg2 e6 Nc3 a6
1500,1466,black,180+5,d4 d5 Nf3 e6 Nc3 c5 Nb5 a6 e3 axb5
1228,1443,white,60+8,c4 Nf6 d4 g6 Nc3 Bg7 e4 d6 Nf3 b6
1684,1729,draw,720+0,e4 b6 d4 Bb7 d5 d6 Nc3 g6 Nf3 Bg7
1477,1635,black,300+0,d4 g6 Nf3 Bg7 g3 b6 Bg2 Nc6 O-O Bb7
1311,1635,white,300+0,e4 e5 Nf3 Nc6 Bc4 Bc5 d3 h6 Be3 Bxe3
1576,1469,white,1800+0,e4 c5 Qh5 d6 Bc4 e6 Nf3 Nf6 Qh4 Be7
1539,1868,black,1200+0,e4 e5 Nf3 Nc6 d4 exd4 Nxd4 Bd6 Nxc6 dxc6
1719,1663,white,360+8,d4 e6 a3 d5 c4 c5 dxc5 Bxc5 e3 Qa5+
1677,1928,black,180+0,d4 e6 c4 Nf6 Nc3 Bb4 a3 Bxc3+ bxc3 c5
1810,1725,black,300+2,c4 b6 d4 Bb7 Nc3 e6 f3 c5 e4 cxd4
1575,1450,black,300+2,e4 e5 Nf3 Nc6 Bc4 Na5 Be2 Nf6 Nc3 d5
1397,1470,black,300+0,f4 d5 Nf3 Nf6 e3 c6 Be2 e6 O-O Be7
1161,1482,white,300+0,e4 e5 Qh5 d6 Bc4 g6 Qf3 f6 h3 Nc6
1756,1584,black,300+0,Nf3 d5 b3 Nf6 Bb2 Bf5 e3 Nc6 Bb5 a6
1630,1641,black,300+0,e4 e5 Nf3 Qf6 Bc4 Bc5 O-O h6 d3 d6
1768,1836,white,360+0,d4 Nf6 Nf3 g6 c3 Bg7 Nbd2 c5 e3 d6
1462,1188,white,300+0,c4 e5 d3 Qf6 e4 Bc5 f3 h6 Nc3 c6
1478,1309,white,900+17,e4 e5 a3 Nf6 Nc3 c6 Bc4 c5 d3 d6
1672,1959,black,180+0,e4 e6 d4 d5 e5 b6 Nf3 Ne7 g3 c5
1698,2041,draw,1800+0,Nf3 d5 d3 Nf6 h3 Bf5 Bf4 e6 Nbd2 Bd6
1792,1759,white,600+1,e4 e5 Nf3 Nc6 d4 exd4 Nxd4 d5 exd5 Qxd5
1479,1370,white,300+0,d4 Nf6 Nf3 g6 g3 Bg7 Bg2 d6 O-O b6
1612,1500,black,180+0,e4 Nc6 Bc4 e5 Bxf7+ Kxf7 f4 exf4 Nf3 Nf6
1618,1442,draw,300+0,e4 e5 Nf3 Nc6 Bc4 Nf6 Ng5 d5 exd5 Na5
1183,1466,white,300+0,e4 e5 Qf3 Nf6 Bc4 Bb4 h3 O-O g4 h6
1414,1982,black,180+0,e4 c6 Nf3 d5 exd5 cxd5 Bb5+ Bd7 Bxd7+ Nxd7
1679,1740,white,300+0,b3 d5 Bb2 Nf6 Nc3 e5 e3 Be6 Nf3 Bd6
1348,1487,white,300+0,e4 e5 d4 exd4 Qxd4 Nc6 Qd1 Nf6 Nc3 d6
1447,1208,white,300+0,c4 e5 d3 Qf6 e4 Bc5 f3 h6 Nc3 c6
1768,1651,white,300+2,d4 g6 e3 Bg7 a3 b6 Nf3 Bb7 b4 e6
1696,1760,white,300+6,e4 b6 Nc3 Bb7 f3 e6 Nce2 c5 Ng3 Qc7
1739,1602,white,180+0,d4 d5 Nc3 Bf5 Bf4 e6 Nf3 Bb4 e3 Bxc3+
1772,1694,black,120+1,e4 e5 Bc4 d6 Nf3 c6 d3 Be7 O-O Bg4
1413,1524,black,300+1,e4 d6 Bc4 e5 Qf3 Nf6 Nh3 Bg4 Qg3 Bxh3
2276,1987,black,180+0,e4 c5 Nf3 e6 d4 cxd4 Nxd4 a6 Nc3 Nc6
1866,1820,black,300+0,e4 c5 d4 cxd4 Nf3 d6 Bc4 Nf6 e5 Qa5+
1202,1452,white,300+0,e4 e5 Bc4 Nf6 d3 Bb4+ c3 Ba5 Bg5 d6
1728,1685,white,720+0,d4 d6 a3 Nf6 c4 e6 e3 Be7 Nc3 O-O
1472,1614,black,300+0,e4 e5 Nf3 Nc6 Bb5 d6 Nc3 Bd7 d3 a6
1596,1820,white,180+0,e4 Nc6 Bc4 e5 Bxf7+ Kxf7 f4 Nf6 Nf3 Bc5
1559,1644,black,300+0,e4 e5 Nf3 Qf6 Nc3 c6 d3 h6 Be2 Bc5
1536,1461,draw,1800+0,e4 c5 Nf3 d6 Bb5+ Bd7 Bxd7+ Nxd7 d4 cxd4
1472,1388,white,300+0,d4 Nf6 Nf3 g6 g3 d6 Bg2 Bg7 O-O b6
1500,1442,black,300+0,e4 c6 Nf3 Nf6 d4 Nxe4 Qe2 Nf6 Bg5 h6
1531,1404,white,300+1,e4 e6 Nf3 Nc6 d4 Qf6 Bg5 Qg6 Nc3 Be7
1727,1620,white,300+5,e4 e5 Nf3 Nc6 Bb5 d6 h3 Bd7 O-O a6
1756,1500,white,120+1,d4 d5 c4 Nf6 Nc3 c6 Bg5 e6 e3 Be7
1365,1299,black,900+17,e4 e5 Nf3 Nc6 Bb5 a6 Bxc6 dxc6 O-O Bd6
1450,1395,black,360+0,d4 d5 c3 a6 Qa4+ Bd7 Qb3 Bc6 c4 dxc4
1661,1611,white,180+0,d4 d5 Nf3 Bf5 Bf4 Nf6 a3 Ne4 e3 e6
1433,1226,black,300+0,c4 e5 d3 Bc5 Nc3 c6 e4 Qf6 f3 h6
1835,1854,black,300+0,e4 d5 exd5 Qxd5 Nc3 Qd6 g3 Nf6 Bg2 a6
1500,1253,white,180+0,d4 d5 Nc3 Nf6 Bf4 Nh5 Qd2 Nxf4 Qxf4 e6
1761,2128,black,120+1,e4 c6 d3 e5 f4 d5 Nf3 dxe4 dxe4 Qxd1+
1602,1729,black,180+0,e4 d5 e5 Nc6 f4 e6 Nf3 Bc5 d4 Bb6
1677,1618,black,1200+10,e4 e5 Nf3 d6 Bc4 h6 d3 Be7 h3 Nf6
1367,1481,black,300+0,e4 e5 d4 exd4 Qxd4 Nc6 Qd1 d6 Nc3 Nge7
1650,2091,black,180+0,d4 d5 e3 Nf6 c4 e6 c5 b6 b4 a5
1664,1873,black,1200+0,e4 e5 f4 d5 exd5 exf4 Nf3 Bg4 Bc4 Bxf3
1612,1735,black,300+5,e4 c5 d4 cxd4 Qxd4 Nc6 Qa4 e6 Nf3 g6
1864,1822,black,300+0,Nh3 Nf6 g3 g6 Bg2 Bg7 d4 O-O c3 d6
1726,1652,white,240+2,e4 e5 Nf3 Qf6 Bc4 Bc5 O-O d6 c3 h6
1748,1753,white,600+1,e4 e5 Nf3 Nc6 Bc4 Nf6 Ng5 d5 exd5 Na5
2053,1781,white,240+3,e4 c5 Nc3 e6 g3 Nc6 Bg2 d6 Nge2 e5
1775,1692,white,300+2,d4 g6 e3 Bg7 Nf3 Nf6 h3 b6 a3 Bb7
1408,1438,black,360+0,e4 c6 a3 d5 Nc3 dxe4 Nxe4 Nf6 Nxf6+ gxf6
1773,1594,white,180+0,c4 e5 Nc3 Bc5 Nf3 Bxf2+ Kxf2 f5 Nxe5 Nf6
1592,1349,white,180+0,d4 Nf6 Nc3 g6 Bf4 Bg7 Nb5 d6 Qd2 a6
1275,1535,black,300+8,Nc3 e5 Nd5 c6 d3 cxd5
1613,1704,white,1800+0,e4 c5 Bc4 Nc6 c3 Qa5 Nf3 g6 Ng5 e6
1397,1619,black,300+1,e4 c5 Qh5 e6 Nc3 Nf6 Qd1 d6 f4 Be7
1758,1263,white,120+1,d4 d5 c4 Nf6 Nc3 c6 Bg5 e6 Nf3 Be7
1644,1735,white,240+2,e4 c6 d4 d5 exd5 cxd5 Nc3 Bf5 Qf3 Be6
1406,1540,white,300+8,e4 e5 f4 exf4 Nf3 d6 d3 Bg4 Nbd2 Bxf3
1225,1364,white,480+0,e4 e5 Qh5 Qf6 Nf3 Bc5 Nc3 h6 Qh4 g5
1742,1605,white,300+5,e4 e5 Nf3 Nc6 Bb5 d6 h3 Be7 O-O Bd7
1837,1852,black,300+0,e4 d5 exd5 Qxd5 Nc3 Qd6 g3 Nf6 Bg2 c5
1777,2057,black,240+3,d4 d5 Nf3 Nf6 e3 Bf5 c3 e6 Qb3 b6
1474,1573,white,180+5,d4 d5 c4 e5 dxe5 d4 a3 Nc6 h3 Nxe5
1588,1817,black,180+0,e4 e5 Bc4 d6 Bxf7+ Kxf7 f4 Nf6 Nf3 Nxe4
1721,1657,black,240+2,e4 e5 Nf3 Qf6 Bc4 Bc5 O-O d6 c3 h6
2061,1773,white,240+3,e4 c5 Nc3 Nc6 g3 e6 Bg2 Nf6 Nge2 d6
1105,1062,white,360+3,d4 d5 Nf3 b6 g3 Bb7 Bg2 c6 O-O e6
1926,1795,white,300+2,d4 d5 c4 e6 Nc3 c5 cxd5 exd5 Nf3 Nc6
1863,1825,white,300+0,Nf3 Nf6 d4 e6 c4 c5 Nc3 d6 e4 cxd4
1659,1614,white,600+4,e4 c5 Bc4 Nc6 f4 e6 Nf3 Be7 O-O Nf6
1659,1249,black,180+0,d4 d6 e4 d5 e5 Qd7 f4 Qf5 Bd3 Qe6
1579,1392,draw,300+0,e4 e5 Qh5 Qf6 Nf3 d6 Bc4 Be6 Bb5+ c6
1769,2065,black,240+3,d4 Nf6 Nf3 d5 e3 Bf5 c3 c5 Nbd2 e6
1661,1773,black,1200+10,e4 e5 Nf3 Nc6 Bb5 d6 Nc3 Bd7 d3 a6
1525,1421,black,300+8,e4 e5 Nf3 Nc6 a3 h6 h3 a6 d4 d6
1242,1261,white,480+0,e4 d5 Qh5 dxe4 Nc3 Nf6 Qb5+ c6 Qb4 e6
1749,1708,black,240+2,e4 c6 d4 d5 Nc3 Nf6 e5 Ng8 Bd3 h5
1788,1934,black,300+2,c4 g6 Nc3 Bg7 e4 c6 d4 d6 Be3 Nf6
1693,1323,white,300+1,e4 c6 Nf3 d5 exd5 cxd5 d4 Nc6 Nc3 Bg4
1759,1234,white,120+1,e4 e5 Bc4 Qf6 Nf3 Bc5 d3 h6 O-O g5
1784,1689,white,300+2,d4 g6 e3 Bg7 Nf3 d5 h3 a6 c4 c6
1610,1704,black,300+3,e4 e6 Nf3 d5 Nc3 c5 exd5 exd5 d4 Nc6
1761,1702,white,600+1,e4 e5 Nf3 Nc6 Bc4 Nf6 Ng5 d5 exd5 Nxd5
1400,1339,white,180+0,d4 Nf6 Nc3 g6 Bf4 Bg7 Nb5 d6 Qd2 a6
1601,1173,white,300+3,e4 e5 Nf3 d6 Nc3 h6 d4 exd4 Nxd4 a6
1761,1560,white,120+1,e4 e5 d3 d6 f4 Nc6 Nf3 Bg4 Nc3 Nf6
1573,1415,white,300+0,e4 e5 Qh5 Nc6 Bc4 g6 Qf3 f6 c3 Nge7
1320,1696,black,300+1,c4 Nf6 Nc3 e6 g3 Be7 Bg2 c6 a3 O-O
1555,1768,black,120+1,d4 d5 c4 e6 Nc3 Nf6 f3 Bb4 Bg5 c5
1573,1388,black,240+1,e4 e5 Qh5 d6 Bc4 g6 Qf3 Nf6 d3 Bg7
1720,1737,white,240+2,e4 c5 Nf3 Nc6 d4 cxd4 Nxd4 Nf6 Nc3 e5
1533,1408,white,360+0,e4 e5 Nf3 Nf6 Nxe5 Qe7 d4 d6 Nd3 Qxe4+
1423,1469,white,480+0,e3 Nc6 d4 d5 Nd2 Nf6 c3 Bf5 Be2 e6
1295,1316,black,1140+19,e4 e5 d3 d5 Qh5 g6 Qxe5+ Ne7 Qxh8 h5
1801,1532,white,60+0,e4 e5 Nf3 d6 Bc4 c5 d3 Nf6 Ng5 Nc6
1941,1781,white,300+2,d4 d5 c4 e6 Nc3 c5 cxd5 exd5 Nf3 Nc6
1726,1732,black,240+2,Nf3 c6 b3 d5 Bb2 Bf5 d3 Nf6 Nbd2 Nbd7
1699,1318,white,300+1,e4 c6 Nf3 d5 exd5 cxd5 d4 Nc6 Bb5 Bg4
1676,1647,white,720+0,e4 e5 Nf3 Nc6 Bc4 h6 c3 Nf6 O-O Nxe4
1300,1602,white,420+0,e4 e5 Bc4 Nf6 Nf3 Nxe4 Nxe5 d5 Qf3 Nf6
1260,1400,black,360+0,e4 e5 Nf3 Nf6 Nc3 Bb4 d3 Bxc3+ bxc3 Nc6
1684,1712,white,180+5,e4 e5 Nf3 d6 Bc4 Bg4 Nc3 Nf6 h3 Bh5
1542,1404,black,240+1,e4 e5 Nf3 d6 Bc4 Bg4 h3 Bxf3 Qxf3 Nf6
1648,1527,black,60+0,e4 e5 Bc4 d6 Nf3 Be6 Bb5+ Nd7 Be2 f6
1642,1791,white,300+2,e4 e5 d4 Nc6 d5 Nce7 f4 exf4 Bxf4 h6
1343,1314,black,420+0,a3 e5 e4 Bc5 Nf3 Nf6 c3 Nxe4 d4 exd4
1436,1223,black,480+0,c4 d5 cxd5 Qxd5 Nc3 Qd8 Nf3 Nf6 b3 e6
1460,1792,black,120+2,e3 d5 Be2 e5 Bg4 f5 Be2 c5 b3 Nc6
1616,1502,white,300+4,d3 d5 d4 Nc6 Nf3 Bg4 Nbd2 e6 a3 Bd6
2257,1966,draw,180+2,d4 d5 c4 c6 Nf3 Nf6 Nc3 e6 Bg5 Nbd7
1255,1455,black,480+0,e4 Nc6 Qh5 Nf6 Qf3 Nd4 Qc3 c5 b4 Nxe4
1693,1771,black,600+1,e4 e5 Nf3 Nc6 Bb5 d6 d4 exd4 Nxd4 Bd7
1500,1405,white,300+0,e4 e5 d4 exd4 Qxd4 Nc6 Qd1 Bc5 Bb5 Nf6
1603,1413,black,300+3,e4 d5 exd5 Qxd5 Nc3 Qd8 Nf3 e6 d4 Nf6
1775,1948,white,300+2,c4 e6 Nc3 Nf6 e4 d5 e5 Ng8 d4 Bb4
1796,1457,white,120+2,a3 e6 b3 Be7 c3 b6 d3 a5 e3 Bb7
1652,1421,white,1200+10,e4 e5 Nf3 d6 Bb5+ c6 Be2 h6 d3 Be7
1816,1830,black,300+8,e4 Nc6 Nc3 e5 f4 exf4 Nf3 Nf6 Bc4 Be7
1717,1510,white,240+1,d4 d5 e3 Bf5 Nf3 e6 c4 Nc6 Nc3 f6
1604,1633,white,1200+0,e4 d5 exd5 Qxd5 Nf3 Qe6+ Be2 b6 O-O Bb7
1579,1765,black,60+15,g3 e5 Bg2 d5 e3 Nf6 Ne2 Nc6 O-O Bc5
1834,1715,white,420+0,d4 Nf6 c4 g6 Nc3 d5 e3 Bg7 Nf3 b6
1930,1791,white,300+2,d4 d5 Nf3 Nf6 g3 e6 Bg2 c5 O-O Nc6
1454,1407,black,360+0,e3 e5 Be2 Bd6 b3 Qf6 Bb2 Ne7 a4 O-O
1708,1695,white,300+0,e4 g6 d4 Bg7 Nf3 Nf6 Bd3 e6 O-O O-O
1399,1633,black,300+0,e4 e6 f4 d6 Nf3 Nf6 e5 dxe5 fxe5 Nfd7
1502,1616,white,300+2,e3 e5 Nf3 e4 Nd4 d5 c3 Bc5 Nb3 Bb6
1716,1559,white,300+8,e4 d5 exd5 Qxd5 Nc3 Qd7 Nf3 Nf6 Ne5 Qe6
1540,1558,white,300+5,e4 e5 c4 Nf6 d3 Bc5 Be2 d6 a3 Nc6
1064,1368,black,300+0,e3 e5 d3 Nf6 Nc3 Bb4 Bd2 Nc6 Nf3 d6
1710,1685,black,720+0,e4 e5 Nf3 Nc6 Bc4 h6 d4 exd4 Nxd4 Nf6
1686,1636,black,360+7,e4 c5 Nf3 d6 Nc3 Nc6 Bb5 Bd7 O-O e5
1685,1718,black,300+0,b3 Nf6 Bb2 d5 e3 Bf5 Nc3 e6 Nf3 Be7
1249,1275,white,480+0,e4 d5 e5 e6 f4 Nc6 Qh5 g6 Qf3 Nh6
1690,1408,white,300+0,e4 e5 Qh5 Qf6 Nf3 g6 Qxe5+ Qxe5 Nxe5 Bg7
1743,1409,black,180+3,Nc3 e6 Nf3 Nc6 d4 Nf6 Bf4 d5 Nb5 Bd6
1485,1394,white,180+0,d4 d5 Nc3 Bf5 Bf4 e6 Nb5 Bd6 Nxd6+ cxd6
1461,1284,black,780+8,e4 d6 Nf3 e5 Bc4 Bg4 Nc3 Nf6 Nxe5 dxe5
1441,1615,white,300+1,e3 e5 Be2 d6 d4 exd4 Qxd4 Nc6 Bb5 Bd7
1416,1658,white,1200+10,e4 e5 Nf3 Nc6 Nc3 Nf6 d3 d6 h3 Bd7
1804,1771,white,300+8,e4 e5 f4 exf4 Nf3 Be7 Bc4 Bh4+ g3 fxg3
1522,1684,black,600+8,d4 d5 Nf3 Nf6 g3 Nbd7 Bg2 e6 Ne5 Be7
1689,1420,black,360+0,e4 e5 Nf3 Nf6 Bc4 Bc5 Ng5 O-O O-O Nc6
1598,1492,draw,300+5,e4 e5 Nf3 d6 Bc4 Bg4 h3 Bh5 Be2 Nf6
1407,1491,black,900+10,e4 b6 Bc4 Bb7 d3 h5 Nf3 d5 exd5 Bxd5
1938,1728,black,300+0,d4 e6 c4 Nf6 Bg5 Be7 Nc3 O-O e3 b6
1778,1675,black,120+2,e4 g6 d4 Bg7 Nc3 Nc6 Nf3 d6 Bc4 Bg4
1711,1674,white,240+4,e4 Nc6 Nf3 d6 h3 Bd7 d4 e6 Bb5 a6
1516,1714,white,480+0,d4 d5 e3 Nf6 c4 c6 c5 Bf5 Nc3 b6
1682,1841,black,240+2,e4 e6 d4 d5 exd5 exd5 Nf3 Nf6 Bd3 Be7
1453,1723,white,180+3,e4 e5 Nf3 Nc6 Bc4 Nd4 Nc3 Bc5 O-O Qf6
1534,1669,white,300+8,e4 e5 Nf3 d6 Bb5+ c6 Bc4 Bg4 O-O Nf6
1728,1600,white,300+0,e4 Nc6 d4 Nxd4 Qxd4 Nf6 Bg5 Nxe4 Qxe4 f6
1500,1517,black,120+2,d4 e6 c4 b6 Nc3 Nf6 e4 Bb4 Bd3 Bxc3+
1047,1523,black,300+0,e3 e5 d3 Nc6 Nc3 d5 Nf3 d4 Na4 Bg4
1547,1720,white,300+5,e4 c5 Nf3 d6 Nc3 a6 d4 cxd4 Nxd4 Nf6
1301,1331,white,1140+19,e4 e5 d3 Nc6 Nf3 f6 Nc3 d6 a4 a6
1824,1765,black,1800+30,e4 d6 Nc3 g6 Nf3 Bg7 Bb5+ c6 Ba4 a6
1525,1333,black,120+2,e3 e5 b3 d5 Bb2 Bd6 Ne2 Be6 h3 Ne7
1598,1405,black,300+1,e4 e5 Nf3 Nc6 d3 Nf6 Nc3 h6 Be2 b6
1458,1711,white,420+0,e3 d5 Be2 Nf6 Nf3 Nc6 O-O e6 d4 Be7
1261,1369,draw,480+0,e4 e5 Qh5 Nc6 Bc4 Qf6 Qf3 Nh6 d3 d6
1767,1720,white,600+0,d4 d5 c4 e5 dxe5 Be6 cxd5 Qxd5 Qxd5 Bxd5
1868,1735,black,300+0,e4 c5 Nc3 Nc6 Bb5 e6 Bxc6 dxc6 b3 g6
1923,1689,black,180+5,d4 g6 c4 Bg7 Nc3 Nf6 e4 d6 Be2 Nc6
1781,1684,white,1800+0,e4 e6 Nf3 d5 e5 Nc6 d4 a6 a3 b5
1325,1383,black,300+1,e3 c5 d4 Nc6 dxc5 g6 c3 Bg7 b4 b6
1592,1045,white,300+0,e4 e6 e5 Nc6 d4 d5 Bb5 a6 Bxc6+ bxc6
1524,1511,black,120+2,e4 e6 d4 b6 Bd3 Bb7 Be3 Nf6 f3 h6
1646,1540,white,60+0,f4 d5 Nf3 e6 d3 Nc6 e3 Bc5 Be2 Nf6
1704,1694,black,420+9,e4 c5 Bc4 e6 Nc3 Nc6 Nf3 Nf6 a4 a6
1790,1775,white,1800+30,d4 d5 g3 Bg4 Bg2 e5 dxe5 d4 Nf3 d3
1546,1482,black,180+0,d4 d6 e4 g6 Be3 Nf6 Nc3 Bg7 Qd2 a6
1662,1692,black,240+2,e4 e5 Nf3 d6 d4 exd4 Nxd4 c5 Nf3 Nc6
1581,1505,white,300+1,e4 d5 exd5 Qxd5 Nc3 Qa5 d3 Nc6 Bd2 Bf5
1520,1242,draw,720+8,e4 e5 Qh5 Nf6 Qxe5+ Qe7 Qxc7 Qxe4+ Ne2 Qc6
1593,1469,white,300+0,e4 e5 Bc4 Nf6 Qf3 d6 h3 Be6 Bxe6 fxe6
1274,1534,black,1200+0,e4 e5 Nf3 Nc6 Bb5 Nf6 O-O Nxe4 Re1 f5
1748,1766,white,300+0,Nf3 e6 b3 Nf6 Bb2 g6 e3 Bg7 d4 O-O
1576,1538,black,240+0,b4 b6 a4 Bb7 a5 bxa5 Rxa5 g6 d4 Bg7
1645,1561,white,300+5,e4 e5 Nf3 Nc6 Be2 Nf6 Nc3 Bb4 d3 Nd4
1622,1546,white,60+0,e4 e5 Nf3 d6 Bc4 Nc6 O-O d5 exd5 Nd4
1904,1654,white,300+8,e4 e5 Bc4 Bc5 Nf3 d6 h3 c6 d3 h6
1581,1540,white,60+0,e4 e5 Bc4 Nc6 Nc3 Be7 d3 Bc5 f4 exf4
1531,1591,white,60+0,e4 e6 Nc3 d5 e5 c5 d3 Nc6 Nf3 Nge7
1708,1832,black,240+4,e4 c5 Nf3 b6 d4 cxd4 Nxd4 Bb7 Nc3 e6
1488,1597,black,180+5,d4 d5 c4 c6 Nc3 Nf6 a3 Bf5 h3 Nbd7
1310,1365,white,1740+30,e4 e5 Nf3 Nc6 Bb5 a6 Bxc6 dxc6 O-O Bc5
1426,1663,black,120+2,e4 e5 Nf3 Nc6 Bc4 h6 c3 Nf6
1467,1464,white,180+0,d4 e6 Nc3 d5 a3 c5 e3 Nc6 dxc5 Bxc5
1594,1586,black,300+5,e4 c6 Nf3 d5 exd5 cxd5 d4 Bg4 Be2 e6
1373,1536,black,60+0,e3 e5 b3 d5 Bb2 e4 Ne2 Nf6 h3 Nc6
1696,1538,white,1200+0,g3 e5 d4 exd4 Qxd4 Nc6 Qd1 Nf6 Bg2 Bc5
1551,1565,black,240+0,g3 d6 Bg2 e5 b3 Be6 Bb2 Qd7 Bxb7 Bh3
1458,1434,white,600+0,d4 d5 c4 dxc4 e3 e6 Bxc4 a6 Nc3 b5
1461,1494,black,240+0,Nc3 e5 e4 Nf6 Nf3 Nc6 Bb5 d6 Nd5 Bd7
1650,1706,black,240+2,e4 g6 d4 Bg7 Nf3 d6 c3 Nc6 Bd3 Nf6
1430,1500,white,420+7,e4 e5 Nf3 f6 Nxe5 fxe5 Qh5+ g6 Qxe5+ Be7
1543,1366,black,60+0,e4 e6 Nf3 b6 e5 Bb7 d4 Ne7 Bg5 h6
1590,1675,black,300+1,e4 c5 d3 e6 Nf3 Nc6 Be3 d5 exd5 exd5
1393,1441,white,120+2,d4 d5 c4 Nf6 Nc3 e6 Nf3 c6 e3 Be7
1523,1454,white,180+0,d4 Nf6 Nc3 d5 Bf4 c5 e3 e6 a3 Be7
1649,1909,black,300+8,e4 e5 f4 exf4 Nf3 d6 d4 Nf6 Nc3 Bg4
1385,1525,black,60+0,e3 e5 b3 e4 Bb2 d5 h3 Nf6 Ne2 Bc5
1675,1790,white,1800+0,d4 d5 Nc3 Nf6 Bg5 e6 Nf3 c5 dxc5 Bxc5
1601,1530,white,300+0,e4 g6 e5 Bg7 d4 d6 f4 Nd7 Be3 dxe5
1715,1640,black,240+2,b3 e5 Bb2 Nc6 e3 Bc5 Bb5 Nf6 Bxc6 dxc6
1721,1758,black,240+4,e4 c5 Nf3 Nc6 d4 cxd4 Nxd4 Nf6 Nc3 e5
1533,1377,white,60+0,e4 e6 e5 b6 Nf3 Nc6 d4 Bb7 Be3 h6
1664,1399,draw,960+8,d4 e6 a3 Qf6 Nf3 Bd6 e4 e5 dxe5 Bxe5
1437,1674,white,180+10,e4 e6 d4 d5 e5 c5 c3 Nc6 Nf3 f6
1553,1680,white,300+5,e4 c5 Nf3 d6 Nc3 a6 d4 cxd4 Qxd4 Nc6
1626,1500,black,60+2,e4 e5 Nf3 Nc6 Bc4 Nf6 Ng5 d5 exd5 Nd4
1240,1606,black,240+2,e4 c5 Bc4 e6 Nf3 Nc6 d3 Nf6 Ng5 Be7
1711,1445,white,240+4,e4 e5 Nf3 Nc6 Bb5 Nd4 Nxd4 exd4 Qf3 Bc5
1463,1571,black,120+0,g3 e6 Bg2 d5 b3 Nc6 Bb2 Nf6 e3 Be7
1338,1711,black,120+3,e4 c5 Bc4 e6 Nc3 Nc6 a3 Nf6 d3 d5
1468,1513,white,120+2,e4 c5 Nf3 Nc6 c3 e6 Bd3 d6 O-O Nf6
1476,1282,white,420+0,e3 e5 Be2 d5 d4 Nc6 Bg4 Bxg4 Qxg4 e4
1655,1702,black,240+2,e4 e5 Nf3 d6 Bc4 Bg4 d4 exd4 Qxd4 Bxf3
1581,1377,black,300+1,e4 f5 exf5 Nf6 h3 d5 g4 e6 fxe6 Bxe6
1609,1237,white,240+2,e4 e5 Nf3 Bc5 Nxe5 Nf6 Nc3 d6 Nf3 Ng4
1579,1427,white,120+0,d4 b6 e3 Bb7 Nf3 g6 Be2 Bg7 c4 e6
1702,1525,black,900+10,g3 d5 Bg2 e5 e3 Nf6 Ne2 Bd6 c3 Bg4
1551,1221,white,300+8,e4 e5 Nf3 Nf6 Nc3 d5 Nxe5 Nxe4 Qh5 g6
1768,1543,white,300+0,Nf3 d5 b3 Nc6 Bb2 Nf6 e3 e6 Bb5 a6
1392,1809,black,1200+8,e4 d6 d4 g6 Nc3 Bg7 Nf3 c6 h3 Nf6
1545,1522,white,300+0,e4 g6 d4 Bg7 Nf3 d6 Bc4 Nd7 O-O e6
1399,1586,black,120+0,e4 e6 Qf3 d5 exd5 Qxd5 Qxd5 exd5 Bd3 Nf6
1528,1517,black,1200+8,d4 e6 e4 d5 e5 Nc6 Nf3 f6 Bf4 g5
1538,1773,black,300+0,e4 c5 d3 Nc6 Nf3 g6 Nc3 Bg7 Be2 e6
1191,1489,white,1740+30,d4 d5 c4 h6 Nc3 Nf6 Nf3 Bf5 cxd5 Nxd5
1913,1645,white,300+8,e4 e5 Bc4 Bc5 Bxf7+ Kxf7 Qh5+ Kf8 Qxe5 Qe7
1441,1583,black,300+5,d4 Nf6 Bf4 e6 e3 d5 Bd3 c5 c3 c4
1715,1714,white,240+4,e4 c5 Nf3 Nc6 d4 cxd4 Nxd4 Nf6 Nc3 e5
1425,1334,white,480+5,c4 e5 Nc3 f5 d3 Bb4 Nf3 d6 g3 Bxc3+
1441,1563,black,300+1,e4 e5 Bc4 d6 Nf3 Nc6 c3 Be7 Qb3 Nh6
1335,1395,black,120+3,e4 f5 exf5 Nf6 Qf3 d5 Nc3 Nc6 d4 Nxd4
1307,1314,white,300+8,e4 e5 Nf3 d5 Nxe5 dxe4 Bc4 Be6 Qe2 Nf6
1834,1500,white,240+0,d4 d5 Bf4 f6 Nf3 g5 Bg3 g4 Nfd2 Bf5
1555,1709,black,300+8,e4 e5 Nf3 d6 Bb5+ c6 Be2 Bg4 d4 Nd7
1590,1688,black,300+5,e4 c5 Nf3 Nc6 c3 d6 Bb5 a6 Bxc6+ bxc6
1616,1597,black,60+2,e4 c6 Nf3 d5 Ne5 dxe4 d3 exd3 Nxf7 Kxf7
1444,1320,draw,300+30,e4 e5 Bc4 d6 Nf3 f5 d3 a6 Ng5 Nh6
1711,1903,black,180+5,d4 Nf6 c4 c5 Nc3 cxd4 Qxd4 Nc6 Qd1 g6
1563,1756,black,60+0,e4 c5 Nf3 Nc6 Nc3 d6 d4 cxd4 Be3 dxe3
1563,1405,white,180+0,d4 d5 Nc3 f5 Bf4 Nf6 Nb5 Na6 Be5 c6
1337,1400,black,480+8,e4 Nf6 d3 h6 e5 Nd5 d4 c5 c4 Nb4
1925,1727,white,480+3,e4 b6 d4 Bb7 d5 d6 Nf3 g6 Nc3 Bg7
1918,1869,white,300+8,e4 e6 Bc4 d5 exd5 exd5 Bb3 Nf6 h3 Be7
1680,1592,white,120+0,e4 e6 Bc4 b6 Qf3 Bb7 d4 Nf6 Nc3 Be7
2248,2128,white,180+2,d4 Nf6 c4 e6 g3 d5 Bg2 Be7 Nf3 O-O
1792,1557,draw,60+0,d4 b6 c4 Bb7 f3 Nf6 e4 d6 Bd3 e5
1469,1214,white,1740+30,d4 Nf6 c4 d5 Nc3
1703,1670,white,300+2,e4 e5 Nf3 Nc6 Bb5 d6 h3 Nf6 O-O Nxe4
1696,1325,white,420+1,e4 e5 Bc4 Bc5 Nf3 d6 O-O Bg4 d3 h6
1656,1406,draw,960+8,d4 e6 a3 d5 c4 dxc4 Nc3 c6 e4 f6
1433,1571,white,300+1,e4 e5 Bc4 d6 Nf3 Nc6 O-O Be7 c3 Nf6
1541,1686,black,900+10,e4 g6 d4 Bg7 f4 b6 Nf3 Bb7 Nc3 d6
1264,1572,black,480+0,e4 f6 Qh5+ g6 Qf3 Nc6 b3 Nd4 Qd1 f5
1727,1482,white,240+4,e4 e6 Nf3 Be7 d4 Nf6 Nc3 O-O Be3 b6
1619,1583,white,120+0,d4 e6 Bf4 d5 e3 c5 Nf3 cxd4 Nxd4 Nf6
1592,1157,white,60+2,e4 g6 Nf3 Bg7 Bc4 d6 Bxf7+ Kxf7 d4 Bg4
1529,1517,white,1200+8,e4 e5 Nf3 d5 exd5 Qxd5 Nc3 Qc5 Qe2 Nc6
1505,1910,black,300+0,g3 d5 Bg2 e5 e3 c6 Ne2 Nf6 O-O Bd6
1481,1398,white,180+5,d4 d5 c4 f5 Nc3 Nf6 a3 dxc4 e3 e6
1604,1608,black,60+2,e4 c6 Nf3 d5 Ne5 dxe4 d3 Bf5 c3 Nd7
1748,2079,draw,120+1,d4 d5 e3 e6 Nf3 f5 Bd3 Nf6 O-O Be7
1611,1503,white,300+0,e4 c6 Bc4 e6 Qf3 h6 e5 a6 d4 b5
1203,1516,white,600+0,Nc3 e5 e4 c6 Nf3 Qf6 d4 exd4 Nxd4 Bc5
1477,1194,white,420+0,e3 e5 Be2 d5 Bg4 Nf6 Bxc8 Qxc8 Nh3 Bd6
1468,1449,white,300+0,d4 d5 e4 c5 dxc5 e6 b4 Nc6 a3 d4
1423,1555,black,300+1,e4 e5 Nf3 d6 Bc4 Nc6 O-O Be7 d4 exd4
1260,1500,black,480+0,e4 e5 Qh5 Nf6 Qxe5+ Be7 Bc4 d6 Qd4 O-O
1594,1501,draw,60+2,e4 c5 Nf3 Nc6 Bc4 e6 d4 cxd4 Nxd4 Nge7
1299,1473,black,1740+30,d4 d5 Nc3 h6 e4 dxe4 Nxe4 Bf5 f3 Bh7
1582,1777,black,300+2,e4 e5 Nf3 Nc6 Bc4 h6 O-O Nf6 d3 a6
1320,1227,white,300+8,e4 e5 h4 Nc6 c3 Nf6 f3 d5 Bb5 Bd7
1591,1505,white,60+2,e4 c5 Bc4 Nc6 Nf3 e6 d4 cxd4 Nxd4 Nge7
1762,2070,black,60+0,d4 d5 Bf4 e6 Nc3 f5 Nb5 Nf6 Nxc7+ Kf7
1561,1587,white,1020+8,e4 e5 Bc4 Nf6 Nc3 Bc5 Nf3 Ng4 d4 Bd6
1255,1327,black,480+0,e4 d5 Qh5 Nf6 Qf3 dxe4 Qb3 Nc6 g3 Nd4
1161,1430,black,180+5,e4 e5 Nf3 Nc6 Bc4 h6 c3 a6 Qb3 Qe7
1756,1774,black,600+0,e4 e5 Nf3 Nc6 Bc4 Nf6 d3 Bc5 Bxf7+ Kxf7
2074,1758,white,60+0,d4 d5 c4 dxc4 Nc3 Nc6 e3 Nf6 Bxc4 Bf5
1589,1568,white,900+0,e4 e5 Qf3 Nf6 d3 h6 Be2 d6 h3 Nc6
1489,1552,black,180+5,d4 Nc6 c4 e6 a3 Be7 Nc3 Nf6 e3 O-O
1600,1495,black,60+2,e4 c5 Nf3 Nc6 Bc4 e6 d4 cxd4 Nxd4 Nge7
1322,1701,black,420+1,e4 c5 Nc3 e6 Bc4 Nc6 a3 d6 d3 Nf6
1912,1502,white,300+0,d4 d5 c4 dxc4 e3 Be6 Na3 Nf6 Bxc4 Bxc4
1619,1537,white,300+0,e4 e5 Bc4 Qh4 Qf3 Qf6 Qxf6 Nxf6 d3 a5
1389,1495,white,360+2,d4 d5 f4 e6 Nf3 Nf6 e3 c5 c3 Nc6
1383,1847,black,420+0,d4 d5 c4 e6 Nc3 Nf6 e3 c6 Nf3 Bd6
1791,1435,black,60+1,e4 e5 Nf3 Nc6 Bc4 Nf6 Ng5 d5 exd5 Nd4
1481,1564,white,420+0,e3 e5 Be2 d5 Bg4 Bxg4 Qxg4 Nf6 Qe2 Bd6
1755,2077,black,60+0,d4 d5 Bf4 e6 Nc3 a6 e4 dxe4 Nxe4 Nf6
1638,1244,white,900+0,e4 Nc6 Nf3 e5 d4 exd4 Nxd4 Ne5 Bf4 d6
2131,1757,white,120+1,d4 d5 Nf3 e6 g3 Nf6 c4 c5 Bg2 cxd4
1511,1769,black,60+1,e4 c6 Nf3 d5 exd5 cxd5 d4 Nc6 Bd3 Bg4
1357,1334,white,240+0,e4 d5 e5 e6 d4 a6 Nf3 b5 Nc3 c5
1648,1412,black,960+8,d4 e6 Nf3 d6 a4 Nc6 c4 Nb4 Bd2 d5
1870,1826,black,300+6,e4 d5 exd5 Qxd5 Nc3 Qa5 d4 c6 Nf3 Bf5
1326,1440,black,300+30,e4 e5 c3 Bc5 d4 exd4 cxd4 Bb4+ Bd2 Bxd2+
2081,1752,black,60+0,d4 d5 c4 dxc4 Nc3 Nc6 e3 Bf5 Bxc4 e6
1262,1435,black,180+5,d4 d5 Nc3 Nc6 e4 dxe4 Nxe4 Qxd4 Qxd4 Nxd4
1772,2059,black,60+0,d4 d5 Bf4 e6 Nc3 Bd6 Bxd6 Qxd6 e3 a6
1533,1783,white,300+2,e4 e5 Nf3 Nc6 d4 h6 dxe5 Bb4+ Bd2 Bc5
1159,1480,white,1740+30,e4 e5 Nf3 Nc6 d4 exd4 Nxd4 Nxd4 Qxd4 f6
1471,1201,white,300+0,e4 c5 c4 Nf6 Nc3 Qc7 g3 Qc6 Bg2 Qe6
1481,1500,white,360+2,d4 d5 e3 Nf6 c4 dxc4 Bxc4 a6 Nc3 Nc6
1506,1774,black,60+1,e4 c6 Nf3 d5 exd5 cxd5 d4 Nc6 Bd3 Bg4
1616,1576,black,480+3,e4 f5 exf5 Nf6 d3 d5 Bg5 Bxf5 d4 e6
1314,1290,white,1140+19,e4 e5 Nf3 f6 Bc4 Bc5 c3 Ne7 d4 Bd6
1500,1914,black,300+0,e4 d5 Qf3 dxe4 Qxe4 Nf6 Qf3 e5 d3 Nc6
2063,1768,black,60+0,d4 d5 c4 Bf5 Nc3 dxc4 e3 Nc6 Bxc4 Nb4
1585,1516,black,60+2,e4 c5 Nf3 d6 Bc4 Nf6 d4 cxd4 Bxf7+ Kxf7
1368,1558,black,240+0,e4 e5 Qh5 Nc6 Nf3 Nf6 Qg5 Nxe4 Qg4 Nf6
1438,1449,black,420+7,e4 d5 exd5 Qxd5 Nc3 Qd8 d4 e5 d5 Nf6
1427,1531,black,240+0,d4 e6 Nf3 f5 Bf4 Nf6 Nc3 c6 a3 d5
1778,1502,white,60+1,d4 b6 Nf3 Bb7 g3 g6 Bg2 Bg7 O-O e6
1629,1498,white,300+0,e4 b6 Bc4 Bb7 d3 e6 a3 d5 exd5 exd5
1788,2042,black,60+0,d4 d5 Bf4 e6 Nc3 Bd6 Bxd6 Qxd6 e3 a6
1704,1561,draw,180+3,Nc3 Nc6 Nf3 e6 e4 Be7 d4 Nf6 e5 Nd5
1480,1480,white,60+11,d4 d5 c4 e6 a3 h6 Nc3 a6 c5 Nc6
1916,1389,white,300+0,d4 Nf6 c4 c5 d5 b5 cxb5 a6 Nc3 axb5
2047,1783,white,60+0,d4 d5 c4 dxc4 Nc3 Nc6 e3 Bf5 Bxc4 Nb4
1298,1601,black,720+4,e4 c5 Nf3 Nc6 d4 cxd4 Nxd4 a6 Bc4 e6
1495,1440,white,420+0,e3 e5 Be2 Qf6 Nf3 Bd6 O-O Ne7 Nc3 b6
2038,1783,white,60+1,d4 d5 Nf3 Nf6 e3 e6 Nbd2 Be7 b3 O-O
1571,1531,black,60+2,e4 d6 Nf3 Nf6 d3 Bg4 Bg5 Nc6 c3 Qd7
1779,2052,black,60+0,d4 d5 Bf4 e6 Nc3 Bd6 Bxd6 Qxd6 Nb5 Qd7
1675,1326,black,300+2,e4 e5 Nc3 c6 Bc4 d6 d3 Qe7 f4 f6
1362,1403,black,240+0,e4 Nf6 Nc3 e5 Nf3 Nc6 d4 exd4 Nxd4 Bc5
1626,1278,white,960+8,d4 d5 Nf3 Bf5 c4 Nc6 Nc3 Nf6 a3 b6
1419,1240,white,480+0,e3 Nf6 d4 d5 Be2 Nc6 Bf3 Be6 b3 Qd7
1242,1642,black,900+0,e4 e5 Nf3 Nc6 d4 exd4 Nxd4 Nxd4 Qxd4 b6
1566,1490,black,120+2,e4 b6 d4 Bb7 Bd3 g6 Be3 Bg7 Nd2 e6
2056,1775,white,60+0,d4 d5 c4 dxc4 Nc3 Nc6 e3 Bf5 Bxc4 e6
1255,1473,white,240+1,d4 d5 Nc3 Bf5 e3 Nc6 g4 Bg6 f4 e6
1693,1737,black,420+9,e4 d5 exd5 Qxd5 Nc3 Qd8 d4 e6 Nf3 c6
1372,1918,black,300+0,e4 d5 exd5 Nf6 Nf3 Nxd5 Bc4 c6 O-O Bg4
1651,1944,black,480+3,e4 e5 Nf3 Nc6 Nc3 a6 d4 Bb4 Nxe5 Nxe5
1927,1544,white,300+8,e4 c5 Bc4 Nc6 d3 e6 Nf3 h6 h3 a6
1770,2060,black,60+0,d4 d5 Bf4 e6 Nc3 Bd6 Bxd6 Qxd6 e3 a6
1421,1560,black,180+1,d3 d6 e4 e5 Nf3 Nc6 Bg5 Be7 Bd2 Nf6
1273,1346,black,300+0,e4 e5 Nf3 Nc6 c3 Bc5 Na3 a6 b4 Nxb4
1475,1489,black,300+0,e4 c5 c4 e6 Nc3 Nc6 g3 Nf6 Bg2 d5
1637,1505,white,300+0,e4 e6 e5 Be7 d4 d6 Bf4 Nc6 Bb5 Bd7
2065,1767,white,60+0,d4 d5 c4 Bf5 Nc3 dxc4 e3 Nc6 Bxc4 Nb4
1748,1268,white,600+0,d4 d5 Bf4 e6 e3 Bd6 Bg3 Nc6 Bb5 Bd7
1418,1469,white,60+11,e4 e5 Nf3 Nc6 Bc4 h6 O-O Nf6 d3 Bc5
1542,1500,white,1800+30,e4 e5 Nf3 f6 d4 d6 d5 c5 Nc3 Bg4
1745,1500,black,600+0,e4 e5 Nf3 Nc6 Bc4 Nf6 d3 Bc5 Bxf7+ Kxf7
1571,1664,black,1020+8,e4 d5 Nc3 d4 Nb5 e5 Bc4 a6 Na3 Bxa3
1485,1443,white,660+11,e4 c5 Bc4 a6 a4 d6 Nf3 Nc6 O-O Nf6
1825,1688,white,60+1,e4 e5 Nf3 Qf6 c3 Nc6 d4 exd4 cxd4 Bb4+
1920,1504,white,300+0,d4 b6 e4 Bb7 f3 d5 e5 e6 c3 Ne7
1566,1699,white,180+3,d4 e6 e4 Nf6 Bd3 Nc6 Nf3 d5 e5 Ne4
1567,1644,black,240+2,e4 c6 Bc4 d5 exd5 cxd5 Bb3 Nc6 Nc3 Nf6
1567,1414,white,180+1,e4 e6 Nf3 a6 Bc4 h6 d3 Bb4+ Nc3 Bxc3+
1762,1651,black,120+2,e4 a6 d4 b5 f4 Bb7 Bd3 e6 Nf3 c5
1464,1308,white,300+0,e4 e5 c4 Nc6 Nc3 a6 g3 b5 d3 b4
1681,1833,white,60+1,e4 c5 Bc4 d6 Qf3 e6 d3 Nf6 Bg5 Be7
1683,1581,white,180+3,Nc3 e5 Nf3 Nc6 d4 exd4 Nxd4 Nxd4 Qxd4 c5
1502,1922,black,300+0,e4 e6 Qf3 d5 d3 Nc6 Nh3 Nd4 Qf4 Nxc2+
1645,1232,white,900+0,e4 e5 Nf3 Nc6 Bc4 Nf6 d3 d5 exd5 Nxd5
1563,2241,black,60+0,e4 d5 d3 Nf6 e5 Ng4 Nf3 Nc6 h3 Ngxe5
1456,1034,white,300+8,e3 d5 b3 e5 Bb2 f6 Nf3 Bd7 Be2 Nc6
1512,1475,white,120+2,e4 e5 Nf3 Nc6 Bc4 Nf6 c3 Bc5 O-O d6
1817,1697,white,60+1,e4 e6 Nf3 d5 Nc3 dxe4 Nxe4 Nc6 Bc4 b6
1717,1547,white,300+8,e4 c5 d3 Nc6 Be3 e6 c3 d6 Nf3 Nf6
1690,1824,white,60+1,e4 c5 Bc4 d6 Qf3 e6 d3 Nc6 Nc3 Ne5
1283,1652,black,300+8,e4 g6 g3 Bg7 Bg2 d6 Nf3 e6 Ng5 Qxg5
2242,1563,white,60+0,e4 b6 d4 Bb7 Bd3 d6 Nf3 e5 dxe5 dxe5
1573,1692,black,180+3,d4 e6 e4 Nf6 Bd3 c5 e5 Nd5 c3 cxd4
1924,1500,white,300+0,d4 d5 c4 dxc4 e3 Nf6 Bxc4 Nc6 Nf3 Ne4
1809,1705,black,60+1,e4 e6 Nf3 d5 Nc3 dxe4 Nxe4 Nf6 Ng3 g6
1562,2243,black,60+0,g3 e5 Bg2 d5 e4 dxe4 Bxe4 Nf6 d3 Nc6
1264,1500,white,300+0,e4 e5 Nf3 Nf6 Nc3
2243,1562,white,60+0,e4 d6 d4 e6 Nf3 d5 Nc3 dxe4 Nxe4 Nf6
1573,1457,white,60+11,e4 e5 Nf3 Nc6 Bc4 h6 d3 Bc5 Nc3 a6
1777,1731,draw,300+0,Nf3 d5 b3 Bg4 Bb2 Bxf3 exf3 Nf6 d4 e6
1425,1392,draw,480+0,e3 d5 d4 Nc6 Nc3 e5 dxe5 Be6 f4 g5
1578,1572,black,120+0,e4 e6 d4 d5 exd5 Qxd5 Nc3 Qd8 Nf3 Nf6
1691,1633,black,240+0,d4 e6 c4 d5 Nc3 Nf6 Bg5 Be7 e3 h6
1500,1429,white,180+0,d4 d5 Nc3 Nf6 Bf4 Bd7 Be5 e6 Bxf6 Qxf6
1720,1794,black,60+1,e4 c5 Bc4 d6 Qf3 e6 a3 Nc6 Ba2 Nf6
1562,2244,black,60+0,e3 e5 d3 d5 e4 Nc6 exd5 Qxd5 Nc3 Bb4
1497,1700,white,420+0,e3 e5 Be2 Nf6 Nf3 Nc6 O-O Be7 d4 exd4
1815,1542,black,300+8,e4 c5 f4 e6 Nf3 Nf6 Nc3 d5 exd5 exd5
1465,1548,black,120+2,e4 e5 f4 Nc6 Nf3 d5 exd5 Qxd5 Nc3 Qc5
1471,1722,black,180+0,e4 e6 Nf3 d5 e5 c5 d4 cxd4 Nxd4 Nc6
1654,1565,white,240+2,e4 Nc6 Nf3 e5 Bb5 d6 h3 Be7 c3 Nf6
1031,1722,black,300+8,e3 b6 d4 Bb7 Bb5 c6 Bc4 d5 Bb3 b5
1803,1711,black,60+1,e4 e6 Nf3 d5 Nc3 dxe4 Nxe4 b6 Ng3 Bb7
1355,1453,draw,840+5,c4 e5 Nc3 d6 e4 Nc6 d3 h6 Be3 f5
1457,1604,white,900+3,e4 e6 d4 d5 Nd2 Nc6 Ngf3 dxe4 Nxe4 e5
2245,1584,white,120+0,e4 e6 d4 d5 Nc3 dxe4 Nxe4 Nf6 Bg5 Be7
1500,1563,white,300+2,e4 e5 Nf3 Nc6 Bb5 a6 Bxc6 dxc6 d4 exd4
1218,1276,black,300+0,d4 d5 c4 dxc4 Nc3 Nc6 d5 Na5 e4 h5
1749,1703,white,600+0,d4 d5 Bf4 Nc6 e3 Nf6 Bb5 a6 Bxc6+ bxc6
1313,1030,white,300+8,e4 d5 d3 c5 Nc3 Nc6 exd5 Nd4 Be3 Nf5
1643,1497,white,180+0,d4 b6 Nc3 Bb7 Bf4 g6 Nb5 d6 f3 Bg7
1647,1678,black,240+0,f4 f5 Nf3 Nf6 e3 Nc6 b3 d5 Bb2 e6
1407,1927,black,300+0,e4 e6 d4 d5 exd5 exd5 Nc3 c6 Nf3 Bd6
1584,2246,black,120+0,d4 Nf6 e3 d5 Nf3 Bf5 c4 c6 Nc3 e6
1591,1500,white,900+10,e4 b6 Nc3 Bb7 d3 h5 Be2 f5 Bxh5+
1778,1763,white,60+1,e4 d5 exd5 Qxd5 Nc3 Qe5+ Qe2 Qxe2+ Bxe2 Nc6
1575,1576,white,120+2,e4 e5 Nf3 d6 Bc4 Be7 c3 h6 Qb3 Be6
1776,1504,white,300+0,Nf3 d5 b3 Nc6 Bb2 Nf6 e3 a6 d4 Bf5
1481,1589,white,900+3,e4 e6 d4 d5 Nc3 Bb4 Bd3 Nc6 Ne2 Bxc3+
1630,1274,white,960+8,d4 d5 Nf3 Nc6 c4 dxc4 Nc3 a6 e4 b5
1928,1403,white,300+0,d4 d5 Nf3 Bf5 g3 Nc6 Bg2 e6 c3 Qf6
1751,1790,black,60+1,d4 d5 Bf4 c5 dxc5 e6 Nc3 Bxc5 e3 Nc6
1514,1496,black,60+4,e4 e5 Nf3 d6 Bb5+ c6 Ba4 Bg4 c3 Nf6
1746,1709,black,120+2,e4 e5 f4 exf4 Nf3 d6 d4 g5 Bc4 h6
1719,1289,white,180+0,d4 d5 Nc3 Nf6 Bf4 Bf5 Nb5 c6 Nc7+ Qxc7
1466,1449,white,60+11,e3 d5 d4 Nc6 c4 e6 c5 a6 Nf3 h6
1644,1490,white,300+0,e4 d5 e5 e6 d4 c5 Be3 c4 c3 Ne7
1781,1562,white,1020+8,e4 e5 Nf3 Nc6 Bc4 h6 Bf1 Bc5 Bc4 Nf6
2247,1583,white,120+0,e4 e6 d4 d5 e5 c5 Nf3 cxd4 Bd3 Bc5
1599,1491,black,900+10,e4 b6 Nc3 Bb7 d3 h5 Be2 g6 Bf3 e6
1428,1522,black,120+0,d4 e6 f4 Nf6 e3 d5 Bd3 Bb4+ c3 Bd6
1562,1432,black,300+1,e4 e5 Nf3 Nc6 d3 Nf6 Be2 Bc5 Nc3 O-O
1749,1582,black,120+0,e4 e6 d4 d5 exd5 Qxd5 Nf3 Nc6 c4 Qd8
1557,1663,white,240+2,d4 Nf6 Nf3 d5 Nc3 e6 Bg5 Nc6 e3 a6
1813,1696,black,900+2,d4 g6 g3 Bg7 Bg2 c6 Nf3 d5 c3 Nf6
1625,1600,black,300+4,d4 Nf6 Nf3 d5 c4 dxc4 Qa4+ Nc6 Qxc4 Be6
2075,1930,white,300+0,e4 e6 Nf3 d5 e5 c5 b4 c4 a3 f6
1589,1566,black,540+9,e4 e5 Qh5 Nc6 Bc4 g6 Qf3 Nf6 c3 d6
1452,1597,black,1740+30,d4 d5 c4 dxc4 Nc3 c6 e4 b5 Bf4 e6
1338,1522,black,300+2,e4 e6 d4 b6 c4 Bb7 Nc3 Bb4 Ne2 Bxe4
1655,1280,white,300+8,g3 c5 Bg2 Qb6 d3 Qb4+ Nd2 d5 a3 Qb6
1800,1741,white,60+1,d4 d5 c4 Bf5 Nc3 dxc4 e4 Bg6 Bxc4 e6
1515,1558,white,420+0,e3 e5 Be2 Nf6 b3 Nc6 a4 Bc5 Ba3 d6
1903,1688,white,300+0,d4 d5 Nf3 Nc6 e3 Bf5 Bd3 Bg6 O-O e6
1818,1715,white,660+8,e4 Nf6 e5 Nd5 c4 Nb6 d4 d6 f4 g6
1491,1408,white,180+5,d4 d6 a3 e6 c4 d5 Nc3 dxc4 e3 a6
1212,1492,white,840+0,e4 c5 Nc3 Nf6 Bc4 e5 d3 h5 Nf3 Ng4
1500,1483,white,180+0,d4 b6 Nc3 Bb7 Bf4 g6 Nb5 d6 Qd2 Bg7
1596,1561,black,120+0,d4 e6 e3 f5 Nf3 Nf6 c4 c6 Nc3 d5
1840,1682,white,180+3,e4 e5 Nf3 Nc6 Bb5 Bc5 c3 a6 Ba4 d6
1496,1780,black,300+0,e4 c5 Bc4 e6 Nf3 Nc6 d3 g6 Nc3 Bg7
1604,1431,white,300+8,e4 c6 Nf3 d5 exd5 cxd5 Nc3 d4 Nb5 Nf6
1811,1518,white,60+1,d4 d5 c4 c5 dxc5 Nc6 cxd5 Nb4 e4 e6
1373,1358,black,480+8,e4 e5 Qh5 Nf6 Qxe5+ Qe7 Qxe7+ Bxe7 e5 Nd5
1651,1466,white,300+0,e4 e6 e5 d6 Nf3 Nd7 d4 Be7 Bf4 Nf8
1445,1433,black,1740+30,d4 f5 c4 Nf6 Nf3 e6 Bg5 Be7 Bf4 O-O
1546,1507,white,300+1,e4 e5 Nf3 d6 d3 Bg4 Be2 h6 Be3 c6
1420,1081,white,120+0,d4 d5 f4 Bf5 e3 e6 Bd3 Nf6 Bxf5 exf5
1672,1344,white,900+15,e4 e5 Nf3 Nc6 Bb5 a6 Bxc6 dxc6 Nxe5 Qe7
1121,1431,white,180+2,e4 e5 Nf3 Nc6 Bc4 h6 c3 Nf6 Qb3 Qe7
1667,1584,white,120+0,e4 e6 d4 d5 exd5 Qxd5 Nf3 Qd8 c4 Nf6
1837,1389,white,300+15,e4 c6 d4 d5 Nc3 Nf6 e5 Ng8 f4 Bf5
1683,1908,black,300+0,d4 e6 c4 d5 Nc3 Nf6 Bg5 Be7 Nf3 Nbd7
1500,1530,draw,60+2,d4 d5 Nc3 e6 Nf3 Nf6 Bf4 c5 dxc5 Bxc5
1157,1316,black,300+10,e4 e5 Nf3 Nc6 Bc4 Nf6 O-O d6 Qe2 Bg4
1556,1786,black,1020+8,e4 e5 Bc4 Nc6 a3 Be7 Nf3 Nf6 Nc3 O-O
1921,1566,white,300+0,d4 d5 Nf3 Nc6 g3 Nf6 Bg2 e6 O-O Bd6
2249,1495,white,120+0,e4 d5 exd5 Nf6 c4 e6 dxe6 Bxe6 Nf3 Nc6
1667,1419,white,180+0,d4 d5 Nc3 e6 a3 Nf6 Bf4 Bd6 Qd2 O-O
1423,1369,black,120+0,d4 e6 f4 b6 e3 Bb7 Qd2 Nf6 Bd3 h6
1246,1564,black,480+0,e4 c5 Qh5 e6 d3 Nf6 Qf3 Nc6 Bf4 Nd4
1675,1894,white,180+3,Nc3 d5 e3 e5 Qh5 Nc6 Bb5 Qd6 Nf3 Nf6
1463,1610,white,840+0,e4 e5 Nf3 d6 Bc4 Nf6 Nc3 c6 d3 Qe7
1839,1757,black,300+15,e4 e5 Nf3 Nc6 Bc4 Bc5 c3 d6 d4 exd4
1409,1384,black,120+0,d4 e6 f4 b6 e3 Bb7 Qd2 Nf6 Bd3 h6
1576,1726,white,120+0,d4 e6 e3 f5 g3 Nf6 Bg2 d5 Nf3 Nc6
1528,1647,black,420+0,e3 d5 Be2 Nf6 d4 Bf5 Bd3 Ne4 Nf3 e6
1784,1489,white,300+0,Nf3 d5 b3 Bf5 Bb2 e6 e3 Nf6 d4 a6
1530,2250,black,120+0,d4 d5 c4 c6 e3 Nf6 Nc3 Bf5 Nf3 e6
1734,1682,draw,600+0,e4 e6 e5 d5 exd6 cxd6 Nf3 Nf6 Bb5+ Bd7
1144,1292,black,300+8,d4 f5 c4 Nf6 Nc3 e6 Nf3 Bb4 Bd2 Nc6
1882,1430,white,360+0,e4 e5 Nf3 Nf6 d4 Bd6 dxe5 Bb4+ c3 Nxe4
1497,1557,black,300+1,e4 e5 d4 exd4 Qxd4 Nc6 Qd1 d6 Bb5 Bd7
1569,1581,white,300+0,e4 e5 Nf3 Nc6 Bc4 d6 Nc3 Nf6 d3 Bg4
1635,1591,white,120+0,e4 e6 d4 d5 exd5 Qxd5 Nf3 Qd8 Nc3 b6
1460,1546,black,180+2,e4 e5 Nf3 Qf6 Nc3 Bc5 Nd5 Qd6 Be2 Nf6
1495,1561,black,660+11,e4 c5 Bc4 Nc6 Qf3 e6 Nh3 a6 Ng5 Qxg5
1414,1428,white,360+0,c4 e5 d3 Bd6 Nc3 Nf6 Nf3 Qe7 Bg5 O-O
1924,1974,black,300+0,d4 Nf6 Nf3 g6 g3 Bg7 Bg2 O-O O-O d6
1396,1397,black,120+0,f4 e6 d4 b6 e3 Bb7 Qd2 Nc6 c3 Nce7
1477,1778,black,180+0,e3 c5 Nf3 d5 c4 e6 cxd5 exd5 Bb5+ Nc6
1267,1516,black,300+5,e4 c5 g3 Nc6 Bg2 e6 c3 d5 exd5 exd5
1603,1500,white,480+3,e4 e5 d4 Nc6 d5 Nd4 Nf3 Bc5 Nxd4 Bxd4
1815,1385,white,60+1,d4 e6 e4 d6 Nf3 f6 Bd3 Qe7 e5 Bd7
1795,1305,white,300+8,e4 e5 f4 Nc6 Nf3 exf4 Bc4 Qe7 O-O Qxe4
2250,1500,white,120+0,e4 e5 d4 exd4 Nf3 Nc6 Bc4 Nf6 e5 d5
1691,1528,white,180+3,Nc3 e6 Nf3 Nf6 e4 b6 e5 Bb7 exf6 Qxf6
1414,1232,white,180+2,e4 e5 Nf3 Nc6 Nc3 Bc5 Bc4 Nf6 Ng5 O-O
1658,1322,white,300+0,e4 d5 e5 e6 d4 a6 Nf3 b5 c3 c5
1500,1208,white,180+0,d4 d5 Nc3 Nf6 Bf4 Bf5 Nb5 Na6 a3 e6
1503,1512,white,120+2,e4 g6 Nf3 Bg7 d4 d6 Bc4 Nd7 O-O e6
1567,1269,black,660+0,Nf3 d5 d4 Nc6 Bf4 Bg4 e3 Nf6 h3 Bf5
1817,1383,white,60+1,e4 e5 Bc4 d6 Nf3 f6 d4 Qe7 dxe5 dxe5
1242,1649,white,480+0,e4 e5 Qh5 Nc6 Bc4 Qf6 Nc3 Nge7 Nd5 d6
1451,1260,black,180+2,e4 d5 exd5 Qxd5 c4 Qe6+ Be2 Qg6 Bf3 Bf5
1113,1548,black,900+2,d4 d5 c4 c6 e3 Nf6 Nc3 Bf5 Bd3 Nbd7
1581,2252,draw,120+0,d4 Nf6 e3 d5 Nf3 Bf5 c4 c6 cxd5 cxd5
1521,1698,black,180+3,e3 e6 b3 Bd6 Bb2 Nf6 Nf3 O-O Bd3 Na6
1566,1488,white,300+1,e4 e5 Nf3 d6 d3 Bg4 Be2 Nf6 Nc3 c6
1913,1772,white,300+0,d4 Nf6 c4 e6 Nc3 d5 Bg5 c5 cxd5 Qb6
1819,1529,white,60+1,e4 c5 Bc4 d6 Nf3 Nf6 O-O Nc6 d3 g6
1615,1236,white,900+0,d4 d5 c4 dxc4 Nc3 Nc6 e3 Be6 Nf3 Nf6
1381,1567,white,120+0,d4 d5 f4 Bf5 e3 Nf6 Bd3 Bxd3 Qxd3 e6
1732,1433,white,600+0,e4 Nf6 e5 Nd5 Bc4 Nb6 Bxf7+ Kxf7 Qf3+ Ke8
1738,1549,white,720+0,e4 e5 Nf3 Nc6 Nc3 Nf6 Bc4 Be7 O-O O-O
1655,1788,black,300+0,e4 c5 Nf3 Nc6 d4 cxd4 Nxd4 Nf6 Nc3 e5
1879,1954,black,120+0,e4 c6 d4 d5 Nc3 Nf6 e5 Nfd7 f4 e6
1675,1489,black,60+1,d4 d6 e3 Nf6 Nf3 g6 Be2 Bg7 O-O O-O
1480,1575,black,300+1,e4 e5 d3 d6 Nf3 Nf6 Bg5 Be7 Nc3 Nc6
1737,1570,white,300+0,e4 e5 Nf3 Nc6 Bb5 d6 O-O a6 Ba4 b5
1264,1542,black,300+8,d4 d5 e3 Nf6 b3 Bf5 Bb2 e6 Na3 Bb4+
1520,1654,black,420+0,e3 e5 Be2 d5 Bg4 Nf6 Bxc8 Qxc8 Nf3 Nc6
1500,1946,black,420+2,d4 e6 Nc3 d5 Nf3 c5 dxc5 Bxc5 a3 Nc6
2228,1593,white,120+0,e4 e6 d4 d5 exd5 Qxd5 Nc3 Qd8 Nf3 Nf6
1577,1524,white,180+0,d4 e6 a3 d6 Nc3 f6 e4 c6 h4 Qe7
1540,1639,black,300+8,e4 c5 Nf3 d6 d4 cxd4 Nxd4 e5 Nf3 Bg4
1352,1884,black,240+0,e4 e5 Nf3 Nc6 Nc3 Bc5 d3 Nf6 Be3 Bxe3
1633,1270,white,960+8,d4 d5 Nf3 f6 c4 e6 a3 c5 Nc3 Nc6
1500,1963,black,60+0,e4 g6 Bc4 Bg7 Nf3 c5 O-O e6 d3 Nc6
1379,1678,black,180+0,e4 e5 d4 exd4 Qxd4 Nc6 Qd1 Nf6 Bg5 Be7
1424,1350,white,480+0,e3 d5 d4 Nc6 c3 e5 dxe5 Nxe5 Nf3 Nxf3+
1224,1416,black,360+0,e4 e5 Nf3 Nf6 Bc4 Bb4 O-O Nxe4 Nxe5 Qe7
1870,1859,black,120+0,e4 d5 Nc3 dxe4 Nxe4 Bf5 Ng3 Bg6 Nf3 Nf6
1795,1648,white,300+0,Nf3 d5 b3 Nf6 Bb2 Bg4 e3 e6 h3 Bh5
1409,1540,black,60+0,e3 e5 b3 e4 Bb2 d5 Ne2 Nf6 Nd4 Nc6
1531,1290,white,300+8,e4 d5 exd5 Qxd5 Nc3 Qe5+ Be2 Nf6 Nf3 Qd6
1351,1293,black,240+0,e4 e5 Nf3 Nc6 Nc3 d6 d4 exd4 Nxd4 Be6
1264,1559,black,480+0,e4 e5 Qh5 Nc6 Bc4 g6 Qf3 Nf6 Nc3 Nd4
1965,2229,white,120+0,d4 Nf6 c4 c5 d5 b5 cxb5 a6 Nc3 d6
1462,1500,white,60+0,e4 e5 Nf3 Nc6 Bc4 Nf6 Ng5 Bc5 Nxf7 Bxf2+
1434,1560,white,180+2,e4 e5 Nf3 Nc6 a3 g6 b4 Bg7 c3 Nge7
1756,1657,black,300+8,e4 g6 d4 Bg7 Be3 d6 c4 e6 Bd3 Ne7
1697,1351,white,180+0,d4 d5 Nc3 Nf6 Bf4 a6 Be5 Nc6 Bxf6 exf6
1770,1823,black,300+15,e4 d5 Nf3 dxe4 Ne5 Qd5 d4 exd3 Nxd3 Qe4+
1949,1865,black,420+2,d4 Nf6 e3 b6 Bd3 Bb7 Nf3 e6 Nbd2 Be7
1564,1503,white,300+5,e4 d5 exd5 Qxd5 Nc3 Qd8 Nf3 e6 d4 a6
2188,1984,white,120+0,e4 c5 Nc3 e6 f4 g6 Nf3 Bg7 d4 cxd4
1720,1508,white,300+0,e4 e5 d4 f6 dxe5 fxe5 Qh5+ Ke7 Qxe5+ Kf7
1408,1548,black,60+0,d4 d5 e3 Nf6 g3 Bf5 Nf3 e6 Bg2 Bd6
1731,1858,white,120+0,d4 d5 Bf4 c6 Nc3 Nf6 e3 e6 Nf3 Nbd7
1337,1283,black,240+0,e4 c5 e5 Nc6 Nf3 f6 exf6 gxf6 Be2 Bg7
1497,1726,white,300+0,d4 e5 e3 exd4 exd4 d5 f4 Bf5 Bd3 Qd7
1802,1681,black,240+0,Nf3 d5 b3 Nc6 Bb2 Nf6 e3 Bg4 Bb5 a6
1561,1390,white,300+8,e4 e5 f4 exf4 Nf3 d6 Bc4 h6 O-O Nf6
1978,2200,black,120+0,d4 d5 c4 c6 Nf3 Nf6 Nc3 Qb6 c5 Qc7
1514,1448,white,120+2,e4 e5 Nf3 Nc6 Bb5 d6 h3 Ne7 c3 a6
1214,1253,black,300+0,e4 e5 Nf3 Bc5 Nc3 Nc6 Bb5 Qf6 Nd5 Qg6
1662,1570,black,1200+5,d4 e5 dxe5 Nc6 Nf3 Qe7 Bg5 Qb4+ Nc3 Qxb2
1661,1513,white,420+0,e4 e6 d4 Be7 c4 Bg5 Nc3 Bxc1 Qxc1 a5
1348,1422,black,360+0,e4 e5 Nf3 Nf6 Qe2 Bd6 Nc3 O-O a3 Nc6
1707,1722,white,300+0,e4 e5 d4 exd4 c3 dxc3 Bc4 Bb4 bxc3 Ba5
1843,1747,white,120+0,e4 d5 Nc3 dxe4 Nxe4 Nc6 Nf3 Bf5 Ng3 Bg4
2210,1973,white,120+0,d4 Nf6 Nf3 e6 Bf4 c5 e3 Qb6 Nc3 d5
1648,1500,white,1200+5,d4 d5 c4 e6 Nc3 Bb4 e3 Bxc3+ bxc3 Nf6
1324,1264,black,240+0,e4 e6 Nf3 h6 Nc3 c6 d4 b5 b4 g5
1684,1619,white,1800+10,d4 d5 c4 dxc4 e4 e5 d5 Bc5 Bxc4 Qf6
1500,1306,white,180+0,d4 Nc6 d5 Ne5 f4 Ng6 h4 f5 h5 Nxf4
1260,1362,white,480+0,e4 e5 Qh5 Qf6 Nc3 Nc6 Nd5 Qg6 Nxc7+
1302,1406,white,240+5,e4 e5 Nf3 Nc6 Bc4 Bc5 c3 Nf6 d4 exd4
1530,1556,white,60+0,e4 e5 Nf3 d6 d4 c5 dxe5 dxe5 Qxd8+ Kxd8
1536,1300,white,300+8,e4 e6 Nf3 h6 Bb5 c6 Bc4 Bc5 O-O g5
1351,1257,white,60+2,d4 d6 e4 e6 d5 h6 Bc4 a6 Nc3 b5
1275,1585,white,480+0,e4 c5 Qh5 e5 Qxe5+ Be7 Qxg7 Bf6 Qg3 d6
1310,1274,black,240+0,e4 e5 Nf3 Nc6 Nc3 Nf6 d4 exd4 Nxd4 Bc5
1851,1684,black,120+0,e4 c6 d4 d6 c4 Nf6 Nc3 g6 f4 Bg7
1506,1669,black,420+0,d3 d5 Nf3 c5 g3 Nf6 Bg2 Bf5 O-O e6
1697,1787,black,240+0,d4 Nf6 c4 g6 Nc3 d5 Nf3 Bg7 Bf4 O-O
1968,2220,black,120+0,d4 b6 c4 Bb7 Nc3 e6 e4 Bb4 f3 f5
1701,1730,black,180+3,e4 e5 f4 exf4 Nf3 d5 e5 Be7 d4 Bh4+
1188,1044,white,300+0,e4 e6 d4 d5 e5 Bd7 Nc3 Nc6 Nf3 Qe7
1523,1555,black,120+2,e4 e5 Nf3 Nc6 Bb5 d6 h3 Nf6 d3 Be7
1500,1458,black,600+8,d4 g6 e4 Bg7 c3 e6 Bc4 Ne7 Nh3 Nbc6
1338,1431,black,360+0,Nf3 d5 d4 Bg4 h3 Bxf3 exf3 Nf6 Bd3 e6
1807,1744,black,240+0,e4 c5 Nf3 g6 Nc3 Bg7 d4 cxd4 Nxd4 Nc6
1494,1543,white,60+0,e3 e5 Nf3 e4 d4 d5 Ne5 Nf6 Bb5+ Bd7
1600,1365,white,180+0,d4 d5 Nc3 Nf6 Bf4 a6 Be5 e6 Bxf6 Qxf6
1295,1541,black,300+8,e4 c5 Bc4 Nc6 Qh5 g6 Qxc5 Nf6 e5 e6
1559,1786,black,900+0,e4 d6 Nf3 g6 Bc4 Bg7 Ng5 e6 Qf3 Qxg5
1472,1573,draw,300+5,e4 e5 d3 Nf6 Bg5 Be7 Nc3 c6 h3 d5
1589,1921,black,300+0,e4 d5 exd5 Nf6 Nc3 Nxd5 Nf3 c6 d4 e6
1500,1529,white,60+0,d4 d5 Nf3 e6 c4 dxc4 Nc3 c6 Bg5 Nd7
1610,1591,black,480+3,e4 e5 Nf3 Nc6 d4 d6 d5 Nce7 Be2 Ng6
1298,1420,black,240+0,e4 e5 Nf3 Nc6 Nc3 Nf6 d3 Bb4 Bd2 O-O
1720,1474,white,300+0,e4 c5 Nf3 b6 d4 Bb7 d5 d6 Nc3 a6
1513,1559,black,120+2,e4 e5 Nf3 Nf6 d4 exd4 e5 Nd5 Qxd4 Nb6
1736,1548,white,600+0,e4 c5 Bc4 e6 Nf3 a6 e5 Nc6 c3 b5
1731,1834,black,120+0,e4 Nc6 Nf3 e5 Bb5 f5 exf5 e4 Qe2 Nf6
1616,1525,white,60+2,e4 c5 Nf3 d6 c3 Nc6 d4 cxd4 cxd4 Nf6
1384,1720,black,300+8,Nf3 d5 d4 h6 Nc3 e6 e4 Bb4 e5 f6
1546,1189,white,300+8,e4 e6 Nf3 d5 exd5 exd5 Bb5+ c6 Be2 Be6
1688,1913,black,300+0,d4 e6 c4 d5 Nc3 Nf6 Bg5 Be7 Nf3 a6
1334,1514,black,60+0,d4 d5 g3 e6 Bg2 Nc6 Nf3 f5 O-O Nf6
1522,1655,white,480+0,e4 e5 f4 exf4 Nf3 Nc6 Bc4 Bc5 d4 Bb6
1520,1690,black,60+0,e4 g6 e5 Bg7 d4 e6 Nf3 Ne7 Bc4 O-O
1336,1564,black,600+0,d4 d5 Nc3 Nf6 h3 Nc6 e3 e6 a3 Bd6
1067,1559,black,600+8,e4 c6 Nf3 d5 Nc3 Bg4 Be2 e6 Ne5 Bxe2
1538,1448,black,480+0,e4 d5 exd5 Qxd5 d4 c5 Nc3 Qxd4 Bb5+ Bd7
1834,1393,white,300+15,e4 e5 Nf3 Nc6 Bc4 Nf6 Ng5 d5 exd5 Nxd5
1520,1328,white,60+0,e4 e5 d4 d6 d5 Nf6 Nc3 Nbd7 f3 Nb6
1795,1912,black,180+3,Nf3 Nf6 b3 d6 Bb2 e5 d3 g6 e4 Bg7
1795,1735,white,900+2,d4 d5 g3 Nf6 Bg2 g6 Nf3 Bg7 c3 O-O
1558,1569,white,300+4,e4 e5 Bc4 Nf6 Nc3 c6 Nf3 d5 exd5 cxd5
1610,1638,black,1200+5,e4 c5 Nf3 Nc6 Bb5 e6 O-O a6 Bxc6 dxc6
1662,1337,white,-,e4 e5 Nf3 Nc6 Bb5 a6 Bxc6 dxc6 Nc3 Bg4
1675,1499,white,420+0,e4 d5 exd5 Qxd5 Nc3 Qe6+ Qe2 Qxe2+ Ngxe2 e6
1918,1683,white,300+0,d4 d5 e3 Bf5 Bd3 Bg6 Nf3 Nf6 Ne5 e6
1714,1874,black,360+6,e4 c5 d4 cxd4 Qxd4 Nc6 Qd1 e5 Nc3 Nf6
1336,1303,white,480+8,e4 e5 Nf3 Qf6 d3 g6 Nc3 a5 Nd5 Qd6
1503,1531,white,120+2,e4 c5 Bc4 e6 Nf3 a6 c3 Nc6 d4 b5
1322,1527,black,60+0,d4 d5 g3 f6 Bg2 e5 Nf3 e4 Nfd2 f5
1493,1682,black,420+0,e3 d5 Ne2 c5 Nec3 Nf6 Be2 Nc6 O-O Bf5
1583,1751,black,900+8,e4 e5 Nf3 Nc6 Bc4 h6 Nc3 Nf6 d4 exd4
1397,1440,draw,360+0,e4 e5 Qh5 Nc6 Bc4 Qe7 d3 Nf6 Qf3 d6
1504,1337,white,60+0,e4 d5 f3 dxe4 fxe4 g6 Bc4 e6 Nf3 Bg7
1609,1849,black,420+0,c3 d5 d4 e6 Bf4 Nf6 e3 Be7 Nf3 O-O
1533,1316,black,60+0,e4 e5 d3 g6 c4 Bg7 f3 Ne7 g4 O-O
1725,1217,white,300+0,e4 c5 Nf3 Nc6 d4 cxd4 Nxd4 e6 Nc3 a6
1205,1298,white,300+0,e4 e5 Nf3 Nc6 Bc4 Bc5 c3 Nf6 d4 Bb6
1634,1473,white,300+6,d4 d5 c4 dxc4 Nc3 c6 e4 e6 Bxc4 Bb4
1843,1738,white,120+0,e4 d5 Nc3 d4 Nce2 e5 Ng3 Nc6 Nf3 Nf6
1297,1450,black,480+0,e4 c5 Qh5 e6 Nc3 Nf6 Qe2 Nc6 Nb5 a6
1251,1510,black,60+0,d3 e5 e4 Nc6 g3 Nf6 Ne2 Bc5 Bg2 Ng4
1335,1513,black,60+0,d4 d5 g3 Nf6 Bg2 Nc6 Nf3 e6 O-O Bb4
1606,1545,black,420+5,e4 e6 Nf3 c6 d4 b5 c3 h6 Be2 b4
1678,1923,black,300+0,d4 e6 c4 d5 Nc3 Nf6 Bg5 Be7 e3 a6
1661,1316,white,180+0,d4 d5 Nc3 c6 e4 e6 exd5 cxd5 a3 Nf6
1636,1589,white,960+8,d4 d5 Nf3 Nf6 c4 Nc6 Nc3 dxc4 e4 Bg4
1500,1516,black,60+2,d4 d5 Bf4 e6 Nc3 Nf6 Na4 b6 e3 Bb7
1730,1851,black,120+0,d4 d5 Bf4 c6 Nc3 Nf6 Nf3 e6 e3 Nbd7
1269,1609,white,840+0,e4 c6 Nc3 e6 d4 d5 Nf3 Bb4 Bd3 Nf6
1456,1404,black,300+0,e4 e5 Qf3 Qf6 Bc4 Qxf3 Nxf3 Bc5 Nxe5 Nf6
1514,1205,black,60+0,e4 d6 f4 e5 Nf3 exf4 Bc4 h6 d3 g5
1789,1500,white,60+0,e4 e5 Nf3 Nc6 d4 exd4 Nxd4 Bc5 Nb3 Bb6
1652,1599,black,480+3,e4 e5 Nf3 Nc6 Bb5 Bd6 Nc3 Nf6 d3 a6
1919,1787,black,180+3,e4 c5 Nf3 Nc6 Bb5 g6 Bxc6 dxc6 O-O Bg7
1647,1551,white,960+8,d4 d5 c4 dxc4 Nc3 Bd7 e4 b5 d5 e6
1858,1722,white,120+0,e4 d5 Nc3 d4 Nce2 e5 Ng3 Nf6 Nf3 c5
1611,1139,white,60+0,e4 e5 Nf3 Nc6 Bc4 Nf6 Ng5 d5 exd5 Ne4
1196,1345,black,480+8,e4 e5 h3 d5 Nc3 d4 Nd5 c6 Qf3 cxd5
1381,1723,white,300+8,Nf3 d5 d4 e6 e3 a6 Bd3 Nc6 O-O e5
1382,1498,black,60+0,e3 d5 d4 c6 Ne2 Bf5 g3 Nf6 h3 Nbd7
1524,1793,black,60+0,d4 Nf6 c4 c5 Nc3 cxd4 Qxd4 g6 Bg5 Bg7
1713,1554,white,300+2,e4 e5 Nf3 Nc6 Bb5 a6 Ba4 b5 Bb3 Be7
1715,1865,black,120+0,d4 d5 Bf4 Nf6 Nc3 e6 Nb5 Bd6 Nxd6+ cxd6
1636,1429,white,60+0,e4 e5 Nf3 Nf6 Nxe5 Nc6 Nxc6 bxc6 d3 d5
1666,1758,white,120+2,e4 c5 Nf3 d6 d4 cxd4 Nxd4 Nf6 Nc3 a6
1505,1326,white,60+0,e4 d6 Nf3 e6 Nc3 f6 Bc4 a6 d4 Nd7
1797,1520,white,60+0,e4 e5 Nf3 Nc6 d4 exd4 Nxd4 Nxd4 Qxd4 b6
1707,1432,white,360+6,e4 d5 exd5 Qxd5 Nc3 Qc5 d3 Nc6 Be3 Nd4
1604,1674,black,240+0,e4 e5 Nf3 Nc6 Bc4 Bc5 O-O Nf6 Qe2 d6
1203,1439,black,120+2,e4 e5 Nf3 Nc6 Bc4 Nf6 Ng5 d5 exd5 Na5
1516,1801,black,60+0,e4 c5 e5 Nc6 Nf3 Nxe5 Nxe5 d6 Nd3 e5
1698,1400,white,60+0,e4 g6 Nf3 Bg7 Bc4 e6 d3 Ne7 Bg5 O-O
1570,1662,white,300+4,e4 e5 Bc4 Bc5 Nf3 Nf6 Nxe5 Nxe4 Qf3 Nf6
1185,1527,white,600+5,d4 e6 e3 b6 c3 Bb7 f3 Nf6 Nh3 Nc6
1515,1565,black,120+2,e4 e5 Nf3 Nc6 Bb5 d6 h3 Nf6 d4 exd4
1399,1595,black,300+1,e4 e5 d3 Bc5 Nf3 d6 h3 Ne7 Bg5 O-O
1805,1512,draw,60+0,e4 e5 Nf3 d6 d4 exd4 Nxd4 c5 Nb3 Nc6
1657,1522,white,960+8,d4 d5 c4 dxc4 Nc3 Nf6 e4 Bg4 f3 Bh5
1683,1688,white,180+0,d4 Nf6 c4 e5 dxe5 Ng4 Nf3 Bc5 e3 O-O
1327,1310,black,720+0,e4 e5 Nc3 Bc5 Bc4 Qf6 f3 Ne7 Nh3 Qg6
1661,1438,black,300+0,e4 e5 Nf3 Nf6 d3 Nc6 Bg5 Bd6 c3 O-O
1711,1812,white,360+6,e4 c5 Nf3 e6 d4 cxd4 Nxd4 Nf6 Nc3 Bc5
1587,1385,white,300+8,e4 e5 Nf3 d6 h3 Nc6 Bb5 Bd7 d3 a6
1520,1797,black,60+0,e4 c5 e5 d6 exd6 Qxd6 Nf3 Bg4 Be2 Nc6
1611,1594,black,480+3,e4 e6 d4 d5 e5 Nc6 c3 b6 Bb5 Bb7
1196,1239,white,300+0,e4 e5 Nf3 Nc6 Bc4 Bc5 O-O Nf6 d3 h6
1757,1640,white,900+8,d4 d5 Bf4 Nf6 Nc3 Nc6 Nb5 e5 dxe5 Nxe5
1351,1542,black,480+8,e4 c5 e5 d5 Nf3 a6 Bd3 Nc6 O-O Bg4
1801,1516,white,60+0,e4 e5 Nf3 Nf6 d4 exd4 Nxd4 d5 e5 Nfd7
1140,1336,white,600+8,d4 d5 Bf4 Nc6 e3 Bf5 h3 Nb4 Na3 Qd7
1574,1422,white,60+10,e4 e5 Nf3 Nf6 Nc3 c6 Bc4 d5 exd5 cxd5
1434,1374,white,300+5,d4 d5 Bf4 e6 e3 f5 Nf3 h6 Ne5 g5
1512,1805,black,60+0,e4 c5 e5 d6 exd6 Qxd6 Nf3 Bg4 Be2 Nc6
1648,1676,black,180+0,e4 c5 Bc4 e6 Nc3 Nc6 d3 Nf6 Nge2 Be7
1854,1882,white,420+0,d4 d5 c4 e6 Nc3 Nf6 e3 g6 Nf3 Bg7
1500,1276,white,300+8,e4 e5 Nf3 Nc6 Bc4 Nf6 d3 d5 exd5 Nxd5
1289,1280,black,480+0,e4 e5 Qh5 Nc6 Bc4 g6 Qf3 Nf6 Nc3 Nd4
1588,1694,white,180+0,f4 d5 Nf3 Nf6 d3 Bf5 h3 h5 e4 dxe4
1809,1507,white,60+0,e4 e5 Nf3 Nc6 d4 exd4 Nxd4 Nb4 Nb3 g6
1704,1740,white,180+0,e4 d5 exd5 Qxd5 Nc3 Qe5+ Qe2 Qxe2+ Bxe2 Nc6
1908,1803,white,300+0,e4 c5 Nc3 Nc6 f4 g6 Nf3 Bg7 d3 e6
1642,1286,white,300+0,e4 e5 Bc4 Bc5 Qf3 Qf6 Qxf6 Nxf6 Nf3 h6
1504,1813,black,60+0,e4 c5 e5 d6 f4 d5 d3 Nc6 Bd2 Bf5
1783,1680,white,180+2,d4 b5 c4 bxc4 e4 d5 exd5 Qxd5 Nc3 Qe6+
1649,1600,white,1200+5,e4 e5 Nf3 d6 Nc3 Nf6 h3 Be7 d4 exd4
1567,1456,white,360+0,e4 e5 Nf3 Nf6 Nc3 Bb4 d3 Bxc3+ bxc3 Nc6
1289,1574,draw,660+0,d4 d6 e4 Nf6 Nc3 Nc6 Nf3 d5 Bb5 Nxe4
1500,1336,white,60+0,e4 e5 Nf3 Nc6 Bc4 h6 O-O Nf6 c3 Be7
1751,1417,white,360+0,e4 e5 Nf3 Nc6 Bb5 Nge7 O-O a6 Ba4 b5
1680,1602,black,180+0,d4 e6 c4 Nf6 Bg5 Be7 Nc3 c6 e4 d5
1506,1637,black,60+4,e4 e5 Nf3 d5 exd5 Qxd5 Nc3 Qa5 d3 Bg4
1686,1676,white,180+0,d4 d5 c4 dxc4 Nc3 Nc6 e3 e5 d5 Na5
1816,1500,black,60+0,e4 e5 Nf3 Nc6 d4 exd4 Nxd4 Nxd4 Qxd4 d6
1558,1802,black,420+5,e4 e5 c3 Bc5 b4 Bb6 a4 a6 a5 Ba7
1283,1214,black,120+2,e4 c6 Nf3 d5 e5 e6 d4 Nd7 c4 Bb4+
1365,1443,draw,300+5,e4 e6 d4 d5 e5 c5 c3 Nc6 Be3 Qb6
1277,1330,black,480+0,e4 e5 Qh5 Nc6 Bc4 g6 Qf3 Nf6 Nc3 Nd4
1384,1426,black,1800+0,e4 c5 Qf3 Nc6 Bc4 e6 d3 Nf6 Bg5 d6
1611,1755,black,60+0,e3 c6 d3 d6 f3 g6 Be2 Bg7 Bd2 Nf6
1325,1467,white,120+0,e4 e6 c4 b6 Nc3 Bb7 g3 Bb4 Nge2 Nf6
1712,1396,white,120+0,d4 g6 c4 Bg7 Nc3 e6 e3 Ne7 Bd3 O-O
1665,1869,black,180+8,e4 e5 f4 exf4 Bc4 Qh4+ Kf1 Bc5 d4 d5
1531,1548,black,1200+0,e4 c5 Bc4 e6 Nf3 g6 Nc3 a6 b3 Bg7
1500,1522,black,60+0,e4 e5 Bc4 Bc5 Qh5 Qf6 Nf3 g6 Qxe5+ Qxe5
1507,1211,white,600+5,e3 e6 b3 d5 Bb2 Nc6 Nf3 Bd6 Bxg7 Be5
1791,1916,white,180+2,d4 d5 c4 e6 Nc3 c6 Nf3 f5 Bf4 Bd6
1787,1872,black,120+0,d4 d5 e4 dxe4 f3 e5 fxe4 exd4 Nf3 Nc6
1392,1512,white,120+0,d4 b6 e3 c5 Bd3 Bb7 Nf3 Nc6 O-O Nf6
1811,1833,black,900+2,d4 d5 g4 Bxg4 h3 Bd7 f3 Nc6 b3 e6
1645,1666,draw,240+0,e4 e5 Nf3 Nc6 Bb5 Nge7 O-O g6 d3 Bg7
1640,1726,white,240+2,e4 d5 exd5 Qxd5 Nc3 Qa5 d4 c6 Nf3 Bf5
1608,1319,black,900+0,e4 e5 Nf3 d6 d3 Bg4 Be2 Nf6 c3 h6
1500,1302,white,360+0,e4 e5 Nf3 d6 d4 Nc6 d5 Nce7 Bb5+ Bd7
1528,1561,white,60+0,e4 e5 Nf3 d6 Bc4 Be6 Bb5+ c6 Be2 Be7
1645,1482,white,300+0,e4 e5 Bc4 Nc6 Nf3 h6 a3 Nf6 Nc3 Bc5
1880,1748,black,120+0,e4 c5 Nf3 Nc6 c3 d5 e5 g6 d4 Bg7
1530,1763,black,60+0,e4 c6 e5 d5 d4 Bf5 Nf3 e6 Bd3 Bg4
1452,1720,black,120+0,e4 e6 Nf3 c5 d3 Qc7 b3 a6 Bb2 b5
1559,1435,black,480+8,e4 e5 d3 Bc5 Nc3 Qf6 Nf3 d6 h3 h6
1519,1580,white,180+3,d4 d5 e3 Nc6 c4 dxc4 Bxc4 Bd7 Nc3 e6
1328,1247,white,60+1,d4 Nf6 g3 e5 Bg2 exd4 Bg5 Be7 Qxd4 Nc6
1638,1115,black,60+0,e3 e5 d3 d5 f3 f6 Ne2 Bb4+ Bd2 Bxd2+
1362,1409,black,120+0,e4 g6 c4 Bg7 Ne2 e6 Nbc3 Ne7 g3 O-O
1767,1525,white,60+0,Nf3 d5 d4 Nf6 c4 dxc4 Nc3 Bf5 e3 b5
1496,1448,white,120+0,e4 e6 d4 b6 Nf3 Bb7 Bc4 Bxe4 Nc3 Bb4
1587,1645,white,300+2,e4 b6 Bc4 e6 a3 Bb7 d3 g6 Ba2 Bg7
1374,1448,white,360+0,d4 Nf6 c4 e6 Bg5 Be7 e3 Ne4 Bxe7 Qxe7
1568,1532,black,180+3,e4 c5 Nf3 e6 Bc4 Nc6 Nc3 a6 d4 b5
1367,1009,black,300+5,e4 e5 d3 Nf6 Nf3 d6 h3 Nc6 a3 d5
1297,1387,white,360+0,d4 Nf6 e3 e5 dxe5 Ne4 Bd3 Qh4 g3 Bb4+
1231,1428,black,120+2,e4 e5 Nf3 Nc6 Bc4 h6 d3 Nf6 O-O Be7
1488,1366,white,840+0,e4 e5 Nf3 Nf6 Nc3 Bc5 Bc4 O-O O-O d6
1519,1772,black,60+0,e4 c6 e5 d5 d4 Bf5 Nf3 e6 Bd3 Bxd3
1502,1567,black,600+10,e4 Nc6 Nf3 Nf6 Nc3 e6 e5 Nd5 Nxd5 exd5
1708,1809,white,60+0,d4 d5 Bf4 g6 Nc3 Bg7 Nb5 Na6 e3 c6
1655,1875,white,240+2,e4 e5 Nf3 Nc6 Bb5 a6 Ba4 Nf6 d3 h6
1806,1919,white,180+2,d4 d5 c4 e6 Nc3 Nf6 Nf3 Be7 Bf4 c6
1499,1500,black,60+4,e4 e5 Nf3 Nc6 Bb5 a6 Ba4 Bc5 h3 b5
1277,1506,black,900+10,e4 b6 g3 Bb7 Bg2 f5 d3 fxe4 dxe4 Nf6
1777,1514,white,60+0,d4 d5 Nf3 Nf6 Bg5 e6 Bxf6 Qxf6 Nbd2 Bd6
1707,1632,black,120+2,e4 e5 Bc4 Nc6 Nf3 d6 O-O Bg4 a3 Nd4
1730,1420,white,120+0,d4 g6 c4 Bg7 Nc3 e6 e3 Ne7 Bd3 O-O
1506,1340,black,120+0,e4 c5 d4 cxd4 c3 dxc3 Nxc3 Nc6 Nf3 e5
1652,1393,draw,300+0,e4 e5 Bc4 Nc6 Nf3 Nf6 Nc3 d6 d3 h6
1599,1641,black,300+2,e4 c5 Bc4 Nc6 a3 e6 c3 g6 d3 Bg7
1757,1722,white,60+0,d4 d5 e4 Bg4 f3 Bh5 g4 Bg6 Bd3 dxe4
1521,1433,white,1740+30,e4 e5 Nf3 Nc6 Nc3 a6 Bc4 h6 d3 Bc5
1510,1781,white,60+0,e4 c6 e5 d5 d4 Bf5 Nf3 e6 Bf4 c5
1434,1223,black,120+2,e4 c6 Nf3 d5 exd5 cxd5 d4 Nf6 Nc3 e6
1609,1486,white,60+0,e4 c5 Bb5 Nc6 Bxc6 bxc6 d3 e5 Nf3 Nf6
1416,1438,white,120+0,d4 e6 e3 Nc6 Bd3 Nce7 g3 b6 Nf3 c6
1820,1901,white,180+2,d4 d5 c4 e6 Nc3 c6 Nf3 f5 Bf4 Nf6
1712,1790,black,60+0,d4 d5 Bf4 Nf6 Nc3 g6 Nb5 Na6 e3 c6
2080,1823,white,60+1,e4 c6 Nc3 d5 Nf3 e6 d4 Nd7 e5 c5
1762,1531,draw,60+0,d4 d5 e3 e6 c4 dxc4 Bxc4 c6 Ne2 b5
1349,1389,white,600+10,e4 e5 Nf3 d6 d4 exd4 Nxd4 Nf6 Nc3 Qe7
1155,1288,black,60+0,e3 d5 f3 e6 b3 g6 Bb2 Nf6 Bb5+ Bd7
1510,1658,black,1200+5,e3 Nf6 b3 d5 Bb2 e6 Nf3 Bd6 Nd4 Bd7
1869,1601,white,300+13,e4 b6 Nf3 Bb7 Nc3 e6 Bc4 d5 exd5 exd5
1818,2085,black,60+1,d4 Nf6 Nf3 e6 g3 d5 Bg2 Bd6 O-O O-O
1489,1738,white,120+0,e4 e6 f4 c5 Nf3 a6 Bc4 b5 Be2 Qc7
1491,1213,white,120+4,e4 e5 Nf3 Nc6 Bb5 Nf6 d3 Bc5 c3 a6
1720,1866,black,120+0,e4 Nc6 Nf3 e5 Bb5 a6 Ba4 Nf6 Kf1
1193,1416,black,180+0,e4 e5 Nf3 Nc6 Bc4 Nf6 Ng5 d5 exd5 Na5
1817,1703,white,60+0,d4 d5 c4 Bf5 Nf3 Bxb1 Rxb1 dxc4 e4 Nc6
1617,1146,white,60+0,e4 g6 Bc4 Bg7 d3 d6 Nc3 e6 Bg5 d5
1435,1396,white,360+0,c4 c6 d3 d5 b3 Bf5 Bb2 e6 Nd2 Bb4
1421,1327,black,60+0,b4 d5 Bb2 e6 g4 h6 Bg2 b6 c4 Bb7
2089,1813,white,60+1,e4 c6 Nc3 d5 Nf3 dxe4 Nxe4 Bf5 Ng3 Bg6
1538,1755,black,60+0,e4 d5 e5 Bf5 d4 e6 Nf3 c5 Bf4 cxd4
1469,1677,draw,180+0,e4 c5 Nc3 e6 Nf3 d6 Bb5+ Bd7 Bxd7+ Nxd7
1809,2094,black,60+1,d4 Nf6 c4 c5 Nf3 cxd4 Nxd4 Nc6 Nc3 e5
1650,1590,white,300+2,e4 e5 Nf3 Nc6 Bc4 h6 O-O Bc5 Nxe5 Nxe5
1426,1375,white,120+0,e4 e5 Nf3 Nc6 Nxe5 Nxe5 Qe2 d6 b3 Bg4
1361,1470,black,360+3,e4 e5 Nf3 Bc5 Nc3 Nc6 d3 h6 Bd2 Nf6
1873,1711,black,120+0,e4 c5 Nf3 Nc6 c3 d6 d4 cxd4 cxd4 g6
1500,1423,black,180+0,d4 d5 Bf4 Nf6 f3 Nc6 e3 e6 Bb5 Bd7
1695,1838,draw,60+0,d4 d5 Bf4 Nf6 Nc3 g6 Nb5 Na6 e3 c6
1660,1659,black,300+2,e4 e5 Nc3 Nf6 Nf3 Bb4 d4 exd4 Qxd4 c5
2098,1805,white,60+1,e4 e5 f4 d6 Nf3 Be7 Bc4 exf4 O-O Nf6
1145,1618,white,60+0,b3 d5 Bb2 Bf5 e3 e6 f3 Bb4 c3 Ba5
1834,1950,black,300+0,e4 c5 Nf3 a6 a4 b6 Bc4 Bb7 Nc3 d6
1281,1550,black,120+0,e4 e5 Nf3 d6 Bc4 Nf6 Nc3 Be7 O-O c6
1760,1533,white,60+0,Nf3 d5 d4 Nc6 c4 dxc4 e3 Bg4 Bxc4 Bxf3
1732,1857,white,120+0,e4 Nc6 Nf3 e5 Bb5 a6 Ba4 Nf6 O-O Be7
1508,1429,black,120+0,e4 g6 Nf3 Bg7 Bc4 e6 Nc3 Ne7 b3 O-O
1660,1803,black,180+8,e4 Nc6 Nf3 e5 c3 Nf6 Qc2 d6 Bc4 Be7
1380,1445,black,360+0,d4 d6 c4 e5 d5 Be7 b4 f5 b5 Bf6
1527,1766,black,60+0,e4 c6 e5 d5 d4 e6 Nf3 Ne7 Bd2 Ng6
1597,1171,white,60+0,e4 d6 Bc4 g6 d3 Bg7 Bg5 f6 Bc1 Nh6
1288,1311,draw,360+0,e4 e5 Nf3 d6 d4 Nc6 d5 Nce7 Nc3 Bg4
1447,1732,black,1800+30,d4 d5 Nc3 Bf5 Nf3 h6 Bf4 a6 e3 Nc6
1779,1595,black,480+2,d4 d5 c4 e6 Nc3 Nf6 Nf3 c6 Bf4 Bb4
1834,1887,white,180+2,d4 d5 c4 e6 Nc3 c6 Nf3 f5 Bf4 Nf6
1665,1475,white,180+0,e4 e6 Bc4 d5 exd5 exd5 Bb3 Nc6 Nf3 Bg4
1827,1699,white,60+0,e3 d5 f4 Bf5 Nf3 Nc6 d3 e5 Be2 e4
1169,1599,black,60+0,g3 d5 b3 Bg4 Bb2 e6 f3 Bf5 g4 Bg6
1555,1392,white,60+0,d4 d5 e3 e6 f4 g6 Nf3 h6 Bd3 Bg7
1511,1271,black,900+10,b3 c5 Bb2 Qc7 d4 c4 bxc4 Qxc4 Na3 Qb4+
1801,2102,black,60+1,d4 Nf6 Nf3 c5 d5 e5 dxe6 fxe6 Bg5 d5
1674,1933,black,240+2,e4 Nf6 e5 Nd5 c4 Nb6 d4 d6 exd6 cxd6
1039,1347,white,300+5,d4 d5 c4 dxc4 e4 e6 Bxc4 a6 Nf3 b5
1376,1301,black,600+10,e4 d6 Nf3 c6 d4 Bg4 Be2 Nd7 Nc3 Ngf6
1561,1522,white,60+0,d4 d5 e3 e6 Bd3 Nc6 Bd2 f5 c3 Nf6
1375,1400,black,180+0,e4 e5 d4 exd4 Qxd4 Nc6 Qd1 Qh4 Bd3 Bc5
1665,1604,white,960+8,d4 d5 Nf3 Nc6 c4 dxc4 Nc3 e6 a3 Bd6
1355,1697,black,120+0,e4 e6 c4 c5 Nc3 a6 g3 Qc7 Bg2 b6
1332,1569,black,600+0,d4 d5 Nc3 Nf6 h3 Nc6 Nf3 Bf5 e3 Nb4
1850,1824,white,300+0,e4 c5 Nf3 Nc6 d4 cxd4 Nxd4 Nf6 Nc3 g6
1416,1255,black,1740+30,b4 d5 a3 a6 Bb2 b5 f4 Bf5 h3 e6
1601,1166,white,60+0,e4 d5 Bb5+ c6 Bd3 dxe4 Bxe4 e6 Bf3 f5
1602,1542,white,300+0,e4 e5 Nf3 d6 Bb5+ c6 Ba4 h6 Nc3 Nf6
2106,1797,draw,60+1,e4 e5 Nc3 Nc6 f4 d6 Nf3 Bg4 h3 Bxf3
1592,1342,black,300+8,e4 e5 Nf3 Bc5 c3 d6 h3 Nc6 Be2 Be6
1956,1450,black,600+15,d4 Nc6 e4 d5 Nc3 dxe4 Nxe4 Bf5 d5 Nb4
1543,1384,white,480+8,e4 d5 Nc3 c6 Nf3 e6 d3 Bb4 Bd2 g6
2114,1366,white,60+0,e4 d5 Nf3 dxe4 Ng5 f5 Bc4 Nh6 c3 g6
1494,1436,black,120+0,e4 e6 d4 b6 c4 Bb7 d5 Nf6 f3 exd5
1235,1437,black,180+0,e4 e5 Nf3 Nc6 Bb5 Nf6 Bxc6 dxc6 c3 Bd6
1779,1822,black,480+2,e4 e5 Nf3 Nc6 Bc4 d6 Nc3 Bg4 h3 Bh5
1495,1582,white,120+4,e4 c5 Bc4 e6 Nf3 d6 c3 Nc6 O-O Nf6
1805,1857,black,300+1,e4 e5 Nf3 Nc6 Bc4 Bc5 Nc3 Nf6 d3 h6
1350,1444,draw,120+0,e4 e5 c4 g6 Nc3 Bg7 g3 Ne7 Bg2 d6
1164,1602,black,60+0,b3 d5 Bb2 Bf5 d4 e6 e3 Bb4+ c3 Bxc3+
1510,1572,black,60+0,e4 e5 d4 d6 d5 Bd7 Nc3 Be7 Be3 Nf6
1665,1364,white,60+0,d4 d5 e3 e6 Nf3 g6 Be2 Bg7 O-O Ne7
1875,1597,white,300+13,e4 e5 Nf3 d6 Nc3 Nf6 Bc4 Be6 Bxe6 fxe6
1704,1480,white,120+0,d4 c5 d5 e6 c4 Nf6 Nc3 a6 e4 b5
1983,1939,white,180+0,e4 c5 Nf3 d6 b4 cxb4 d4 g6 Bd3 Bg7
1806,2097,black,60+1,d4 Nf6 Nf3 d6 g3 Nbd7 Bg2 e5 dxe5 dxe5
1582,1500,white,60+0,d4 d5 e3 Nc6 Bd3 Nf6 Bd2 e6 Nc3 Bb4
1847,1719,black,180+2,d4 d5 c4 e6 Nc3 c6 Nf3 dxc4 Bg5 f6
1721,1583,white,300+6,e4 e5 f4 exf4 Nf3 Nc6 Bc4 h6 O-O Bd6
1445,1228,white,180+0,e4 e5 Nf3 Nf6 Nc3 Bd6 d4 exd4 Nxd4 Bb4
1794,1806,white,600+2,d4 d5 g3 Bf5 Bg2 e6 c3 Nd7 Nf3 h6
1401,1490,white,60+0,e3 d5 b3 e5 Bb2 e4 Ne2 Nf6 Nd4 Nc6
1467,1592,black,60+0,e3 e5 d3 d6 f3 Be6 Be2 Be7 Bd2 Qd7
1500,1314,black,300+0,d4 d5 c4 Nf6 e3 Nc6 c5 b6 Bb5 Bd7
1247,1164,black,120+2,e4 e5 Nf3 Nc6 Bc4 Bc5 d3 Nf6 O-O h6
1469,1375,draw,180+3,d3 d5 e4 e6 exd5 exd5 g3 Nf6 Bg5 h6
1814,1860,black,300+0,e4 c5 Nf3 Nc6 d4 cxd4 Nxd4 e5 Nb3 d6
2101,1801,white,60+1,e4 e5 Nc3 d6 Nf3 Nc6 d4 exd4 Nxd4 Nf6
1653,1795,white,300+0,e4 c5 Nf3 Nc6 c3 d5 exd5 Qxd5 Be2 Bg4
1475,1416,white,60+0,e4 e6 e5 b6 d4 Bb7 Nf3 Ne7 Bg5 h6
1511,1493,black,300+8,e4 d6 d4 g6 f4 Bg7 e5 dxe5 dxe5 Bf5
1669,1810,white,240+2,e4 Nc6 d4 d5 e5 Bf5 Bd3 Nxd4 c3 Bxd3
1233,1230,black,120+2,e4 c6 Nf3 d5 exd5 cxd5 d4 Nf6 Nc3 e6
1797,2105,white,60+1,f4 d6 Nf3 e5 fxe5 Nc6 exd6 Bxd6 d4 Nf6
1599,1770,white,60+0,d4 d5 e3 e6 Bd3 Nf6 Bd2 c5 Nc3 Nc6
1342,1312,white,360+0,d4 d5 Nc3 e6 a3 c5 e4 cxd4 Qxd4 dxe4
1188,1362,black,600+0,d4 g6 e3 Bg7 Nf3 Nc6 Bd3 d5 c3 Nf6
1509,1482,black,120+4,e4 d5 e5 Nc6 d4 Bf5 Nf3 Qd7 c3 O-O-O
1222,1391,black,240+5,e4 e5 Nf3 Nc6 c3 Bc5 Bc4 Nf6 d4 exd4
1327,1209,black,300+5,e4 e5 Nf3 Nc6 Bb5 Bd6 Bxc6 dxc6 d4 Bg4
1406,1485,black,60+0,e3 e5 b3 e4 Bb2 d5 Bc4 Nf6 Bb5+ c6
1323,1378,black,780+0,e4 e6 d4 d5 e5 c5 c3 c4 Nf3 a5
1634,1669,draw,120+0,e4 d5 exd5 Qxd5 Nf3 Qd8 Bc4 e6 O-O Nf6
1753,1617,black,60+0,d4 d5 e3 e6 c4 Bd6 cxd5 exd5 Nc3 c6
1312,1416,white,180+2,e4 e5 d4 exd4 c3 dxc3 Bc4 cxb2 Bxb2 Qe7
1550,1524,white,300+8,e4 e5 d3 Nf6 Nf3 Nc6 Nc3 Bb4 Bd2 d6
1293,1493,black,900+10,e4 b6 Nc3 e5 a4 Bb7 d4 Bb4 dxe5 Bxc3+
1581,1532,black,300+0,e4 e5 Bc4 d6 a3 h6 Ba2 Nf6 d3 Be7
1929,1993,white,180+0,Nf3 Nc6 d4 d5 Bg5 f6 Bh4 Bg4 Nbd2 e6
1709,1665,white,1200+5,e4 c5 Nf3 Nc6 e5 e6 Bb5 g6 Nc3 Bg7
1635,1816,black,120+0,e4 Nf6 Nc3 d5 exd5 Nxd5 Nxd5 Qxd5 Nf3 Bf5
1495,1397,white,60+0,e4 e6 e5 d6 d4 b6 Nf3 Bb7 Bc4 Ne7
1668,1500,black,60+1,d4 d6 e3 e6 Nf3 Nf6 Be2 Be7 O-O O-O
1321,1385,white,240+1,d4 d5 e3 Bf5 Nf3 e6 a3 Bd6 b3 Nc6
1633,1737,black,60+0,d4 e6 e3 Nf6 Bd3 c5 Bd2 cxd4 exd4 Nc6
2083,1820,draw,60+1,e4 c6 Nc3 d5 Nf3 d4 Ne2 c5 c3 Nc6
1766,1565,white,480+2,d4 e5 dxe5 Nc6 Nf3 Qe7 Bf4 Qb4+ Nbd2 Qxf4
1470,1664,white,600+15,e4 e5 Bc4 h6 Qf3 Qe7 Nc3 c6 d3 a5
1400,1327,white,180+2,e4 c6 Nf3 d5 exd5 cxd5 Bb5+ Bd7 Bxd7+ Qxd7
1867,1796,white,300+1,e4 c5 Nf3 Nc6 c3 g6 d4 cxd4 cxd4 d5
1074,1460,black,180+0,e4 e5 Nf3 Nc6 d4 Nxd4 Nxd4 exd4 Qd2 c5
1795,1686,white,240+2,e4 c6 d4 d5 Nc3 Nf6 Bd3 Bg4 f3 Bh5
1832,1734,white,180+2,d4 d5 c4 c6 cxd5 cxd5 Nc3 e6 Nf3 Nc6
1295,1385,white,720+0,e4 d5 Nc3 d4 Nb5 e5 Bc4 Nf6 Nf3 Nxe4
1575,1487,black,300+8,e4 e6 Nf3 b6 e5 Bb7 Be2 Ne7 O-O h6
1601,1672,white,300+8,e4 g6 Nf3 Bg7 Bc4 d6 d4 e6 O-O h6
1671,1746,draw,60+0,e4 c6 Nf3 d5 d3 dxe4 dxe4 Qxd1+ Kxd1 Bg4
1452,1244,white,180+0,e4 c6 d4 d5 e5 e6 Nf3 Nd7 Nc3 Bb4
1585,1279,black,300+4,e4 e5 Bc4 Nf6 Nc3 Nc6 Nf3 d6 Ng5 d5
1327,1499,white,600+0,d4 d5 Nc3 Nf6 e3 a6 a3 e6 Nf3 h6
1870,1805,black,300+0,e4 c6 d4 d5 Nc3 dxe4 Nxe4 Bf5 Ng3 Bg6
1772,1504,draw,480+2,d4 d6 c4 g6 Nc3 Nf6 e4 Bg7 Nf3 Bg4
1628,1886,black,120+0,e4 c6 Nf3 d6 e5 Nd7 e6 fxe6 Ng5 Ne5
1391,1324,white,300+5,e4 d5 Nc3 d4 Nb5 c6 Na3 Nf6 Qf3 e5
1828,2075,black,60+1,d4 Nf6 Nf3 d5 g3 c5 Bg2 cxd4 Nxd4 e6
1379,1466,black,180+3,d4 e6 c4 b6 Nc3 Bb7 e3 d5 cxd5 Bxd5
1454,1541,black,300+2,d4 e6 Be3 d5 Nc3 Bb4 Bd2 Nf6 a3 Ba5
1497,1448,white,120+4,e4 c5 Bc4 e6 Nf3 b6 c3 Bb7 e5 f6
1415,1104,white,60+0,e4 c6 Bc4 d5 exd5 cxd5 Bb5+ Nd7 Qe2 Nf6
1668,1697,black,180+8,e4 e6 d4 d5 Nc3 Bb4 e5 c5 a3 Bxc3+
1569,1494,white,300+2,e4 e5 Bc4 Nc6 Nf3 Nf6 Ng5 d5 exd5 Na5
1224,1312,white,300+5,d4 d5 c4 e6 a3 dxc4 Nc3 c6 e4 b5
1547,1441,black,300+2,e4 e6 e5 c5 f4 Nc6 d3 d5 Bd2 Nge7
1743,1673,white,60+0,d4 e6 Nf3 d5 Bg5 Nf6 Bxf6 Be7 Bxe7
1471,1503,white,60+0,e4 e5 Nf3 Nc6 Bc4 Bc5 d3 d6 Ng5 Be6
1570,1330,white,1140+5,d4 d5 c4 dxc4 e3 b5 a4 Bd7 axb5 Bxb5
1673,1743,white,60+0,e4 c6 d4 d5 Nc3 dxe4 Nxe4 Nf6 Ng3 Bg4
1504,1065,white,900+1,e4 e5 Bc4 Bd6 Qf3 Nc6 Qxf7#
1301,1352,black,360+0,e4 e5 d4 exd4 Qxd4 Nc6 Qd5 Nf6 Qb3 Nxe4
1438,1507,black,120+4,e4 c5 Bc4 e6 Nf3 Nc6 d4 cxd4 Nxd4 Nxd4
2080,1823,white,60+1,e4 e5 Nc3 Bc5 f4 d6 Nf3 exf4 d4 Bb4
1658,1753,black,60+0,d4 d5 e3 e6 Be2 c5 Nf3 cxd4 Nxd4 g6
1062,1504,black,600+2,e4 e5 Bc4 Nc6 Qh5 g6 Qg5 Qxg5 Nf3 Qxg2
1567,1446,draw,300+2,e4 e5 d4 Bd6 d5 Nf6 Nc3 Bb4 Ne2 Bxc3+
1585,1493,white,60+0,a3 d5 c4 d4 d3 e5 b4 Nc6 e3 b6
1818,2085,black,60+1,d4 d5 c4 dxc4 e4 Nf6 Nc3 c5 d5 e6
1857,1874,black,300+0,e4 e5 Nf3 d6 d4 exd4 Nxd4 Ne7 Bc4 Nbc6
1561,1441,black,300+8,e4 e6 d4 h6 e5 a6 Nf3 c6 Be2 g5
1431,1500,white,60+0,e4 e5 Nf3 Nf6 Bc4 Bc5 Nxe5 d6 Nxf7 Qe7
1515,1366,white,300+2,e3 e5 b3 Bc5 Bb2 d6 Bc4 Be6 Bxe6 fxe6
1500,1317,white,120+0,e4 e5 Nf3 Nc6 Bc4 h6 c3 Nf6 Qb3 Qe7
1761,1650,black,60+0,Nf3 d5 d4 e6 Bg5 Be7 Bxe7 Nxe7 Nbd2 O-O
1484,1343,white,600+0,e4 e6 d4 d5 e5 f6 c3 Nc6 Qh5+ g6
1215,1443,black,300+4,e4 e5 Nf3 Qf6 c3 Bc5 d4 exd4 cxd4 Bb6
1508,1560,white,300+8,d4 d5 c4 Nf6 Bg5 e6 e3 h6 Bh4 Nc6
1224,1237,black,120+2,e4 c6 d4 d5 Nc3 e6 Nf3 c5 exd5 exd5
1873,1818,white,120+2,g3 g6 Nf3 Bg7 Bg2 Nf6 d3 O-O Nc3 c6
1484,1594,white,60+0,e4 c5 e5 d6 Nf3 dxe5 Nxe5 Nc6 f4 Nxe5
1437,1440,black,60+0,e4 e5 Nf3 Nc6 Bc4 h6 O-O Bc5 c3 Nf6
1361,1284,black,1200+0,e4 d6 Nf3 e6 Bb5+ Bd7 Bxd7+ Nxd7 O-O Nb6
1664,1746,black,60+0,d4 d5 e3 c6 Nf3 Bg4 b3 Bxf3 Qxf3 Nd7
1506,1508,black,600+2,d4 d5 c4 e6 cxd5 Qxd5 Nc3 Qd7 a3 Nc6
1677,1802,black,240+2,e4 Nc6 Nf3 e5 Bb5 a6 Ba4 Nf6 d3 Be7
1569,1516,white,300+4,e4 e6 d4 d5 e5 c5 c3 Nc6 Nf3 Qb6
2090,1813,white,60+1,e4 d5 exd5 Qxd5 Nc3 Qa5 Nf3 Bg4 Bc4 e6
1728,1416,white,300+6,e4 d5 exd5 Qxd5 Nc3 Qf5 d4 Nf6 Nf3 e5
1647,1487,black,600+15,c3 e5 b4 a6 a4 Nc6 e4 d5 b5 axb5
1475,1368,black,180+3,e4 c5 Nf3 Nc6 Bc4 Qc7 O-O e6 d3 Nf6
1755,1655,white,60+0,d4 b6 e4 Bb7 Bd3 d5 exd5 Bxd5 Nf3 h6
1378,1499,white,60+0,e3 e5 Be2 e4 d3 d5 dxe4 dxe4 Qxd8+ Kxd8
1322,1587,black,600+0,e4 e5 Nf3 Nc6 c3 Bc5 d4 exd4 cxd4 Bb6
1605,1500,black,120+0,e4 e5 Nf3 Nc6 Bc4 Nf6 c3 Nxe4 Qb3 Nd6
1441,1318,white,180+5,e4 c6 Nc3 d5 e5 d4 Nce2 Bf5 d3 e6
1455,1532,white,300+2,d4 d5 Bf4 f6 e3 e5 dxe5 fxe5 Bxe5 Nf6
1808,2094,black,60+1,f4 Nf6 Nf3 d5 e3 c5 b3 Nc6 Bb2 e6
1575,1554,white,1140+5,d4 d5 c4 dxc4 e3 Nf6 Bxc4 e6 Nc3 Bb4
1311,1429,black,360+0,d4 e6 e3 c5 Nf3 b6 Nbd2 Bb7 c3 d5
1500,1464,black,1200+5,e4 e6 d4 d6 Nf3 c6 c3 Nf6 Nbd2 Be7
1485,1447,black,60+0,e4 g6 e5 Bg7 d4 b6 Nf3 Bb7 Be3 Bxf3
1617,1576,white,540+9,e4 Nc6 Nf3 e6 Nc3 d5 e5 d4 Nb5 Nge7
1763,1647,black,60+0,d4 b6 e4 Bb7 e5 d5 exd6 cxd6 Nf3 Nc6
1920,1866,white,420+0,e4 e6 d4 d5 e5 c5 c3 Nc6 Nf3 Qb6
1577,1612,white,300+2,e4 e5 Bc4 Nf6 d3 Nc6 a3 Bc5 h3 d5
1787,1706,white,180+5,d4 g6 c4 Bg7 Nc3 Nc6 d5 Bxc3+ bxc3 Ne5
1386,1460,black,180+3,d4 e6 c4 d5 Nc3 c5 e3 cxd4 exd4 Bb4
2099,1804,white,60+1,e4 e5 f4 exf4 Nf3 d6 Bc4 Nf6 d3 Be7
1424,1593,black,1740+30,d4 b6 c4 Bb7 d5 e6 e4 Nf6 f3 Bb4+
1498,1472,white,60+0,e4 d5 Bb5+ c6 Bd3 d4 Qf3 e5 Bc4 Be6
1583,1529,white,300+0,e4 e5 Nf3 Nc6 Bc4 Nf6 d4 exd4 e5 Ne4
1522,1289,white,300+2,e3 e5 b3 d5 Bb2 Nc6 Ne2 g6 d3 Bg7
1315,1401,white,300+5,d4 d5 Nc3 Nc6 Nf3 Bg4 e3 e5 dxe5 Nxe5
1880,1614,white,300+13,e4 c5 Nf3 d6 Nc3 Nf6 Bc4 Nc6 d3 Bg4
1517,1469,black,300+2,e4 e6 Nf3 d5 e5 c5 c3 d4 Bb5+ Bd7
1840,1809,white,180+2,d4 f5 c4 Nf6 Nc3 e6 Nf3 Bb4 g3 Ne4
1209,1249,white,300+4,e4 c5 Bc4 Nc6 Qf3 Ne5 Qb3 Nxc4 Qxc4 e6
1462,1535,black,60+0,e4 g6 e5 Bg7 d4 b6 g3 Bb7 Nf3 Bxf3
1064,1503,black,120+0,e4 e5 Nf3 g6 Bc4 Bg7 Ng5 Qxg5
1795,1662,white,60+0,e4 d5 exd5 Qxd5 Nf3 Qd8 d4 e6 Nc3 Be7
1800,2103,black,60+1,d4 c5 e3 cxd4 exd4 d5 Bg5 Nc6 c3 h6
1473,1080,white,120+0,e4 c6 Nf3 d5 exd5 cxd5 d4 Bf5 Nc3 e6
1525,1711,black,120+0,e4 e5 Nf3 d6 Bc4 Be6 Bxe6 fxe6 d4 exd4
1375,1636,black,180+3,d4 d5 c4 c6 Nc3 Nf6 e3 e6 Nf3 Bb4
1655,1803,black,60+0,d4 Nf6 b3 c5 Bb2 cxd4 Bxd4 d5 Bxf6 gxf6
1305,1339,black,1200+0,e3 e5 d4 Bb4+ Bd2 Bxd2+ Qxd2 exd4 Qxd4 Nf6
1428,1591,black,600+0,e4 e5 Nf3 Nc6 Bc4 Bc5 d3 d6 Ng5 Be6
1765,1432,white,480+2,d4 b5 e4 Bb7 Bxb5 c6 Bd3 e6 Nf3 Qa5+
1370,1251,white,120+2,Nf3 d5 e3 Nf6 d4 Nc6 Ne5 e6 Bb5 Bd7
1363,1284,black,180+0,e4 d6 d4 g6 d5 Bg7 f4 Nf6 Bd3 Bg4
1582,1469,white,180+0,b3 e6 Bb2 Bc5 Bxg7
1567,1453,white,60+0,b3 d5 Bb2 e6 e3 Nc6 b4 e5 a3 e4
1306,1430,white,1200+5,e4 e5 Nf3 d6 c3 Nf6 Bd3 c6 O-O Na6
1517,1527,white,180+5,d4 g6 c4 Bg7 e3 e6 Nc3 b6 a3 Bb7
1732,1511,white,300+6,e4 d6 d4 g6 f4 Bg7 e5 dxe5 fxe5 Bf5
1714,1795,draw,240+7,e4 Nf6 e5 Nd5 c4 Nb6 d4 d6 exd6 cxd6
1404,1449,black,360+0,e4 e5 Nf3 Nf6 Nc3 Bb4 Bc4 O-O d3 Bxc3+
1850,1799,white,180+2,d4 d5 c4 c6 cxd5 cxd5 Nc3 Nf6 Nf3 g6
1811,1648,black,60+0,e4 d5 exd5 Qxd5 Nf3 Qd8 d4 g6 Bf4 Bg7
1332,1374,black,720+0,e4 e5 Nf3 Qf6 Bb5 a6 Ba4 Bc5 Nc3 Ne7
1512,1631,white,480+5,c4 e5 e3 c5 Nc3 b6 Nf3 Bb7 Nxe5 Bd6
1168,1236,white,120+0,d4 d5 Qd3 g6 Bf4 Bf5 Qd2 f6 f3 g5
1219,1191,black,900+10,e4 e5 Nf3 f6 Bc4 Ne7 O-O Ng6 Ng5 fxg5
1589,1697,white,180+5,e4 g6 Bc4 Bg7 d3 Nc6 a3 a6 Ba2 Nf6
1592,1787,black,300+0,e4 c5 Nf3 Nc6 d4 cxd4 Nxd4 g6 Bc4 Bg7
1765,1691,white,300+2,d4 Nf6 e3 c5 dxc5 e5 b4 Nc6 c3 a5
1820,1926,black,180+0,e4 e6 d4 c5 Nf3 Qc7 Be3 a6 Nc3 b6
1519,1202,white,240+4,e4 e5 Bc4 Nc6 c3 Na5 Na3 Nxc4 Nxc4 d6
1360,1424,white,60+2,d4 d5 e3 Nc6 Bb5 Bd7 Nf3 Nf6 Bxc6 Bxc6
1506,1885,black,300+6,e4 e5 Nf3 Nc6 Bb5 a6 Bxc6 dxc6 Nxe5 Qd4
1942,1935,white,180+0,Nf3 e6 d4 c5 c3 Qc7 g3 b6 Bg2 a6
1429,1317,white,60+10,e4 d5 e5 d4 Nf3 f5 Bb5+ c6 Bc4 b5
1372,1315,white,720+6,d4 d5 Nc3 e6 a3 Nc6 e4 dxe4 Be3 f5
1597,1563,white,600+0,e4 b6 Bc4 Bb7 d3 d5 exd5 Bxd5 Bxd5 Qxd5
1506,1561,white,300+8,e4 e5 Bc4 Nf6 d3 d5 exd5 Nxd5 Qf3 Be6
1546,1600,white,300+8,e4 b6 Nf3 Bb7 e5 Bxf3 Qxf3 Nc6 Bb5 Nxe5
1500,1479,black,60+1,e4 c5 Qf3 Nc6 Bc4 Ne5 Qc3 Nxc4 Qxc4 e5
1633,1593,white,420+5,e4 e6 Nf3 d5 exd5 Qxd5 Nc3 Qd8 d4 Nc6
1417,1457,black,1740+30,d4 d5 c4 dxc4 Nc3 a6 e4 e6 Bxc4 c6
1500,1500,black,60+1,e4 d5 d3 c6 exd5 cxd5 d4 f6 Bb5+ Nd7
1197,1245,white,120+0,d4 b6 d5 Bb7 Bg5 d6 e3 h6 Bb5+ Nd7
1410,1374,white,60+2,d4 e6 e4 d5 e5 b6 Nc3 Bb7 Bb5+ Nd7
1726,1709,white,300+1,d4 d5 c4 e6 Nc3 c6 Bf4 dxc4 e4 b5
1371,1314,white,60+0,Nf3 e6 d4 Qf6 e3 Bb4+ Bd2 Bxd2+ Qxd2 Nc6
1528,1734,black,180+5,d4 e6 a3 d5 c4 Nf6 Nc3 dxc4 e3 c5
1287,1314,black,600+7,e4 c5 d3 d5 f3 Nf6 Ne2 Nc6 Nd2 d4
1585,1431,white,1140+5,d4 e6 e4 d5 e5 Nc6 c3 g6 Nf3 Bg7
1559,1581,white,300+8,e4 e5 Nf3 Nc6 Bb5 Bc5 Bxc6 bxc6 O-O d5
1590,1525,black,240+2,b3 Nf6 Bb2 Nd5 c4 Nf4 e3 Ng6 Bd3 b6
1363,1420,black,60+2,d4 d5 e3 Nc6 b3 e5 Bb2 Bf5 Bb5 Ne7
1793,1923,black,180+0,e4 e6 Nf3 c5 d4 a6 dxc5 Bxc5 Nc3 b5
1497,1528,white,540+0,e4 e5 Nf3 Nf6 Bc4 h6 O-O Nc6 d4 exd4
1390,1351,white,60+0,e4 d5 Nf3 dxe4 Ne5 h6 Qh5 g6 Nxg6 fxg6
1182,1500,white,120+0,d4 Nf6 d5 c6 Bg5 cxd5 Bxf6 gxf6 Qxd5 e6
1587,1459,white,360+0,e4 e5 Nf3 Nf6 Bc4 Bc5 Nxe5 Qe7 d4 Nxe4
1856,1719,black,420+0,d4 d5 c4 c6 Nc3 Nf6 e3 Bf5 Nf3 e6
1420,1425,black,660+11,e4 e5 Nf3 Qf6 d3 Bc5 Bg5 Qg6 Qd2 b6
1603,1684,black,300+2,e4 e5 Bc4 Bc5 Nf3 f6 Bxg8 Rxg8 c3 d6
1212,1575,black,120+0,d4 b6 d5 Bb7 e4 e6 Qe2 exd5 e5 Ba6
1538,1465,white,240+1,a3 e6 c4 d5 cxd5 Qxd5 Nc3 Qd8 d3 b6
1662,1316,black,60+0,e4 d5 f3 dxe4 fxe4 g6 d4 Bg7 c3 c6
1620,1503,black,600+0,e3 e5 c3 d6 d4 exd4 cxd4 g6 Nf3 Bg7
1430,1354,white,60+2,d4 e6 e4 d5 Nc3 dxe4 Nxe4 b6 Nf3 Bb7
1500,1962,black,300+2,e4 d5 exd5 Qxd5 Nc3 Qa5 Nf3 c6 d4 Nf6
1642,1774,white,300+2,e4 e5 Nf3 Nc6 Bc4 h6 h3 Nf6 d3 Bd6
1580,1640,white,300+0,e4 e6 d4 d5 e5 Nc6 Nf3 a6 c3 Nge7
1509,1512,black,540+0,d4 d5 c4 e6 c5 Nc6 a3 b6 b4 a5
1590,1658,black,300+8,e4 g6 Nf3 Bg7 Bc4 d6 Ng5 e6 Qf3 Qxg5
1379,1355,white,60+0,Nf3 d5 d4 c6 e3 f6 c3 g5 Nbd2 g4
1466,1444,white,0+1,g3 d6 Bg2 e6 Nf3 Nf6 e4 Nc6 d3 Bd7
1347,1407,white,1740+30,e4 e5 h3 a6 b3 Bc5 Bb2 Nc6 a3 d6
1829,1362,white,60+0,g3 d5 Nf3 e6 Bg2 h6 d3 a6 Nc3 Be7
1466,1309,black,60+10,e4 d5 exd5 Qxd5 Nf3 Nc6 Nc3 Qe6+ Be2 Bd7
1789,1650,white,120+0,e4 e6 f4 Qe7 Nf3 b6 d4 Bb7 Nc3 Na6
1241,1445,black,60+0,e4 e5 c3 Bc5 d4 exd4 cxd4 Bb6 f3 Nc6
1326,1377,black,120+3,e4 Nf6 Nc3 d6 d3 c5 Bg5 g6 Bxf6 exf6
1659,1571,white,300+1,e4 Nc6 Nf3 e5 Bc4 Be7 O-O Nf6 Nc3 O-O
1394,1444,black,1740+30,d4 f5 c4 Nf6 h3 e6 a3 Be7 Nf3 d5
1344,1439,white,60+2,d4 d5 e3 Nc6 b3 e5 Bb2 Nge7 Bb5 Ng6
1632,1654,white,900+0,e4 e5 f4 Nc6 Nf3 exf4 Bc4 h6 d3 d6
1385,1468,black,1200+8,e4 c6 d4 e6 Nf3 d5 Bd3 a6 O-O h6
1931,1786,white,180+0,d4 c5 d5 e5 c4 f5 Nc3 d6 e3 Nf6
1523,1360,black,180+5,d4 Nf6 c4 Nc6 Nc3 e6 a3 d5 c5 Be7
1750,1739,white,180+4,d4 e6 c4 Nf6 Nc3 Bb4 Bg5 h6 Bh4 O-O
1500,1357,black,60+0,e3 d5 d4 e6 Nh3 g6 f4 h6 Bb5+ c6
1827,1740,black,300+3,e4 e6 d4 d5 e5 c5 Nf3 Nc6 Bb5 a6
1833,1450,white,60+0,g3 d5 Nf3 b6 Bg2 Bb7 d3 e6 Nc3 Bc5
1515,1437,white,120+4,e4 d6 Nf3 e6 d4 Nc6 Bb5 Bd7 c3 Nf6
1615,1254,white,180+0,d4 d5 Nf3 e6 c4 g6 Nc3 Bg7 c5 b6
1779,1593,black,300+0,e4 e5 Nf3 Nc6 Bc4 Bc5 Nc3 d6 d3 Bg4
1626,1681,white,480+5,e4 e5 Nf3 Nc6 Bb5 a6 Ba4 Bc5 Nc3 h6
1642,1796,white,120+0,e3 b6 Qe2 Ba6 Qf3 Bxf1 Qxa8 Bb5 Qxa7 Bc6
1425,1359,white,60+2,d4 e6 e4 d5 exd5 exd5 Nc3 Be6 Nf3 Nf6
1388,1244,white,60+0,d4 e6 e3 Na6 a3 h6 h3 f5 g4 Bd6
1609,1763,black,300+0,e4 c5 Bc4 Nc6 Nf3 Nf6 Nc3 d6 d4 cxd4
1540,1534,white,480+5,c4 d5 e3 e5 d4 e4 c5 Be7 Nc3 Bg5
1560,1412,white,660+11,e4 e5 Bc4 c6 Qf3 f6 b3 Nh6 Bb2 d6
1215,1424,black,300+0,e4 e5 c3 Nf6 Nf3 Nxe4 Ng1 Bc5 Qg4 Bxf2+
1658,1692,black,180+5,e4 g6 d4 Bg7 f4 d6 Nc3 Nc6 Be3 Nf6
1257,1563,black,300+1,e4 Nc6 Nf3 e5 Bc4 Be7 d3 d6 Nc3 Na5
1692,1838,white,60+0,d4 Nf6 Bg5 d6 Bxf6 exf6 e4 g6 e5 Bg7
1428,1651,black,300+0,e4 d5 e5 f6 exf6 Nxf6 Nf3 Nc6 Bb5 Bg4
1537,1300,black,300+8,e4 e5 Nf3 Nf6 Bc4 d6 Ng5 d5 exd5 Nxd5
1498,1448,black,60+0,e4 e5 Nf3 Nc6 Bc4 Bc5 O-O d6 d3 Bg4
1642,1746,black,420+5,e4 d5 exd5 Qxd5 Nf3 Qd8 d4 e6 Bc4 c6
1162,1407,black,60+0,d3 d5 Be3 e6 Qd2 h6 f4 a6 h3 g5
1594,1864,black,240+0,e4 e6 d4 d5 Nc3 Nf6 Bd3 Bb4 Qe2 O-O
1250,1618,black,180+0,d4 e6 g3 d5 Bg2 Nc6 Nf3 Nf6 O-O Be7
1461,1484,draw,60+0,e4 c5 e5 Nc6 Nf3 f6 exf6 Nxf6 d3 b6
1194,1793,black,60+0,e4 c5 f3 d6 c3 Nf6 d4 cxd4 cxd4 g6
1641,1553,white,360+5,e4 c6 f4 d5 e5 f6 d4 fxe5 fxe5 e6
1577,1451,white,360+0,b3 Nf6 Bb2 e6 e3 Be7 Ne2 Nc6 Ng3 g6
1780,1659,white,120+0,e4 e6 f4 Qe7 d4 g6 g3 Bh6 Bc4 f6
1474,1490,draw,300+8,e4 e5 g3 Nf6 Bg2 d5 exd5 Nxd5 Nf3 Nc6
1518,1784,white,300+8,e4 e6 Nf3 d5 exd5 exd5 d4 Nf6 Bg5 Be7
1490,1518,black,300+8,e4 e5 Nf3 Nc6 Be2 Bc5 d3 h6 Nc3 Nf6
1656,1769,black,300+0,e4 c5 Nf3 Nc6 d4 cxd4 Nxd4 g6 Bb5 Bg7
1579,1420,white,60+0,a3 d5 c4 e6 cxd5 Qxd5 Nc3 Qd6 d3 a6
1603,1590,black,300+0,e4 e5 Nf3 Nc6 Bc4 Bc5 Nc3 Nf6 d3 h6
1483,1462,white,60+0,e4 c5 Nf3 Nc6 Bc4 e6 O-O Nf6 Nc3 d5
1777,1648,white,300+0,e4 d5 exd5 Nf6 c4 c6 dxc6 Nxc6 Nf3 Bg4
1761,1905,white,180+3,d4 Nf6 c4 g6 Nc3 d5 Nf3 Bg7 Bg5 c6
1587,1425,black,1800+0,e4 c6 d4 d5 Bd3 e5 Be3 Nf6 dxe5 dxe4
1429,1494,black,300+0,d4 d6 e4 g6 Nf3 Bg7 c3 a6 Bg5 Bg4
1350,1434,black,60+2,d3 e5 e4 Nf6 Nf3 Bb4+ c3 Ba5 Bg5 Qe7
1707,1794,black,60+0,d4 Nf6 Bg5 Ne4 Bf4 d5 e3 f6 f3 Nd6
1607,1566,black,600+0,e4 Nc6 Bc4 e6 d3 d5 exd5 Bb4+ Nc3 exd5
1413,1556,white,840+4,d3 d5 Bf4 Nc6 c4 d4 Qa4 e6 a3 Nf6
1525,1493,white,540+0,e4 c6 d4 e6 Nc3 f6 Nf3 d5 Bf4 Bd6
1264,1404,white,180+0,b3 f5 Bb2 Nf6 e3 d5 g3 e5 Bg2 Bc5
1451,1494,black,60+0,e4 c5 e5 Nc6 Nf3 f6 c3 Nxe5 Nxe5 fxe5
1388,1337,white,60+0,Nf3 d5 d4 e6 e3 Bb4+ Nbd2 Nf6 c3 Ba5
1585,1465,black,120+0,e4 e5 Nf3 Nc6 a3 Nf6 d3 Bc5 b4 Bd4
1443,1341,white,60+2,d4 e6 e4 d5 Nf3 dxe4 Nfd2 f5 Nc3 Nf6
1641,1784,black,300+0,e4 c5 Nf3 Nc6 d4 cxd4 Nxd4 g6 Nxc6 bxc6
1469,1419,black,1200+5,e4 e5 Nf3 d6 Bc4 h6 O-O c6 Nc3 b5
1396,1214,white,60+0,Nf3 e5 d4 d6 dxe5 dxe5 Qxd8+ Kxd8 Nxe5 f6
1644,1725,white,900+0,e4 e5 f4 exf4 Nf3 Nc6 Bc4 Bc5 d4 Bb6
1790,1884,white,120+2,e4 Nf6 e5 Nd5 Nf3 d6 exd6 exd6 Bc4 Qe7+
1372,1402,black,60+0,d4 d5 Nf3 e6 e3 h6 c4 g5 cxd5 Bg7
1505,1804,black,60+0,e4 c5 Nf3 d6 Bc4 Nf6 O-O e6 Nc3 Be7
1699,1791,black,60+0,d4 d5 Bf4 Nf6 Nc3 e6 Nb5 Bb4+ c3 Ba5
1760,1479,draw,600+0,d4 d5 Bf4 c5 dxc5 Qa5+ Nc3 e6 Bxb8 Rxb8
1337,1448,black,60+0,d4 d5 g3 Nc6 Bg2 e6 Nf3 Bd6 O-O Nf6
1423,1444,white,360+0,e4 e5 Nf3 Nf6 Nxe5 Qe7 d4 Nxe4 Bd3 d5
1554,1531,black,900+0,e4 g6 Nf3 Bg7 c3 Nf6 d3 d6 h3 e5
1425,1394,black,240+4,d4 e6 c4 d5 Nf3 c6 c5 b6 cxb6 axb6
1620,1566,black,300+1,d4 Nc6 Nf3 e6 e4 Be7 Be3 Nf6 Be2 d6
1433,1333,white,480+0,e3 e6 d4 Nf6 Nf3 Bb4+ c3 Ba5 b4 Bb6
1556,1429,black,60+0,d4 d5 c4 e6 cxd5 Qxd5 Nc3 Qa5 Bd2 Qb6
1500,1409,white,540+9,e4 e5 d4 exd4 c3 dxc3 Bc4 cxb2 Bxb2 Nc6
1460,1176,black,300+5,e4 e5 d3 Nc6 f4 Nf6 fxe5 Nxe5 Bf4 Nc6
1306,1441,black,60+0,e4 e5 Nf3 d6 Bc4 c5 O-O Nc6 d3 Nd4
1807,1501,white,60+0,e4 c5 Nf3 Nc6 d4 cxd4 Nxd4 e6 Nb3 Nge7
1551,1523,black,60+2,e4 e5 Nf3 f5 Nxe5 Bc5 Qh5+ g6 Nxg6 Nf6
1544,1509,white,300+5,e4 e5 Nf3 Nc6 Bc4 h6 d4 exd4 Nxd4 Nxd4
1541,1570,black,0+1,d4 c5 dxc5 Qa5+ c3 Qxc5 e3 Qc7 Nf3 d6
1388,1279,white,180+0,d4 g6 c4 Bg7 f4 b6 Nf3 Bb7 Nc3 Bxf3
1497,1811,white,60+0,e4 c5 Nf3 d6 Bb5+ Bd7 Bxd7+ Qxd7 O-O Nc6
1456,1465,white,60+0,e4 d5 e5 e6 d4 f6 Nf3 fxe5 Nxe5 Bd6
1791,1634,black,300+0,e4 d5 exd5 Nf6 c4 c6 dxc6 Nxc6 Nf3 Bg4
1737,1776,white,300+6,e4 e5 f4 exf4 Nf3 Nc6 Bc4 h6 d4 b6
1402,1329,white,60+0,Nf3 d5 d4 Bg4 e3 Nc6 c3 g6 Bb5 Qd6
1676,1592,white,960+8,d4 d5 Nf3 Nc6 c4 e6 a3 b6 Nc3 dxc4
1420,1500,white,300+0,e4 c5 Nf3 Nf6 d3 e5 Nxe5 Qe7 Nf3 Nc6
1333,1451,black,60+2,d4 e6 e4 d5 e5 Nc6 Nf3 Nge7 Bb5 Bd7
1500,1591,black,300+0,e4 c5 d4 e6 d5 b6 Bc4 Ba6 Na3 Nf6
1724,1726,black,360+6,e4 c5 Nc3 Nc6 Nf3 g6 Bb5 Bg7 Bxc6 bxc6
1790,1518,black,60+0,e4 c5 Nf3 Nc6 d4 cxd4 Nxd4 e6 Nb3 b6
1482,1218,white,900+10,e4 e5 Bc4 d6 Qf3 Nh6 d4 g5 h4 g4
1650,1775,black,300+0,e4 c5 d3 d5 exd5 Qxd5 Nc3 Qd8 Nf3 g6
1634,1504,white,420+5,e4 c6 d4 f6 e5 d6 Nf3 Bg4 exd6 Qxd6
1319,1411,black,60+0,d4 e6 g3 d5 Bg2 Nf6 Nf3 Ne4 O-O Bd6
1500,1432,white,360+0,d4 e6 Nf3 Qe7 Nc3 Qb4 e3 Bd6 Bd3 Nf6
1442,1428,black,720+7,e4 e5 Nf3 d6 d4 Nd7 d5 Nb6 Be3 Be7
2022,2137,white,180+0,d4 d5 Bg5 Bf5 e3 c6 Bd3 Bxd3 Qxd3 Qb6
1803,1775,black,180+4,e4 c6 d4 d5 exd5 cxd5 c4 Nf6 Nc3 e6
1538,1769,black,60+0,e4 c5 Nf3 d6 Bc4 e6 O-O Nf6 Nc3 Be7
1555,1482,white,300+5,e4 e5 Nf3 Nc6 Bc4 Bc5 c3 d6 d4 exd4
1507,1475,white,180+5,d4 d5 c4 e6 a3 c5 dxc5 Bxc5 e3 Nf6
1537,1340,black,300+8,e4 c6 Nf3 d5 e5 Bf5 d4 e6 Bd3 Bg6
1439,1467,black,60+0,d3 d5 e4 d4 e5 Nc6 f4 f6 e6 f5
1069,1273,black,420+0,e4 e5 Nf3 Nc6 d3 d6 Nc3 f5 Nd5 f4
1560,1498,white,480+5,c4 e5 e3 Nf6 a3 b6 d4 exd4 exd4 Bb7
1548,1651,white,240+2,a3 d5 c4 dxc4 Qa4+ Nc6 Qxc4 Nf6 e3 e5
1408,1599,black,300+3,e3 e5 c3 d6 d4 f5 Nf3 Nc6 Bb5 Bd7
1938,1627,black,180+0,d4 d5 c4 Bf5 Nc3 dxc4 e3 Nc6 Bxc4 Nb4
1413,1409,white,240+4,d4 e6 e4 Qf6 Nf3 Bb4+ Nc3 Bxc3+ bxc3 Nc6
1521,1403,white,300+8,e4 e5 Nf3 d6 Bc4 Nf6 Ng5 Be6 Bxe6 fxe6
1311,1428,white,60+1,d4 b6 g3 Bb7 f3 g6 Bg2 Bg7 e4 Nf6
1775,1532,white,60+0,e4 c5 Nf3 Nc6 d4 cxd4 Nxd4 e6 Nb3 Nge7
1459,1325,black,60+2,d4 e6 e4 d5 e5 b6 Nc3 Bb7 Bb5+ Nd7
1062,1396,black,240+1,e4 f5 f3 Nf6 d3 fxe4 fxe4 e5 Bg5 Bc5
1752,1543,white,600+0,d4 g6 Bf4 Bg7 e3 a6 Nf3 d6 h3 h6
1644,1539,white,60+2,e4 e5 Nf3 f5 exf5 Bc5 Nc3 d5 d4 Bxd4
1891,1867,black,180+3,e4 Nf6 e5 Nd5 c4 Nb6 c5 Nd5 d4 b6
1585,2050,black,300+8,b4 d5 Bb2 Bf5 Nf3 Nf6 d3 e6 a3 c5
1279,1422,black,240+4,e4 e5 Qf3 Nf6 Bc4 d6 Qb3 Be6 Bxe6 fxe6
1872,1842,white,120+0,e4 Nc6 Nc3 e5 Bc4 Nf6 d3 Be7 h3 O-O
1064,1541,black,840+4,e3 e5 Nf3 Nc6 d4 e4 Ne5 Nxe5 dxe5 Qg5
1325,1579,black,300+1,d4 e6 e3 Be7 g4 Nf6 Bg2 d5 f3 Nc6
1593,1545,white,360+5,d4 g6 e4 Bg7 b3 e6 Bb2 Ne7 Nc3 O-O
1701,1649,white,480+8,d4 d5 Nf3 Bg4 g3 e6 Bg2 f6 h3 Bh5
1415,1429,black,300+0,e4 e5 Nf3 d6 Bc4 h6 O-O Nf6 h3 Nxe4
1527,1780,black,60+0,e4 c5 Nf3 d6 Bb5+ Bd7 Bxd7+ Nxd7 O-O e6
1420,1500,black,60+0,Nf3 e6 d4 d5 c3 Nf6 e3 c5 Nbd2 Nc6
1528,1476,black,300+8,e4 c6 d4 e6 e5 a6 Bd2 h6 a4 d5
1687,1697,black,720+0,e4 c5 Nf3 e6 c3 g6 d4 cxd4 cxd4 Bg7
1414,1500,black,600+0,e4 c6 e5 e6 d4 Bb4+ c3 Ba5 b4 Bb6
1531,1652,black,60+2,e4 c5 d4 cxd4 Qxd4 Nc6 Qd5 Nf6 Qc4 d6
1691,2115,black,60+0,d4 c5 dxc5 e6 Bf4 Bxc5 Bxb8 Rxb8 Nc3 Qb6
1785,1523,white,60+0,e4 c5 Nf3 Nc6 d4 e6 d5 exd5 exd5 Nb8
1804,2002,black,120+0,e4 c5 Nf3 Nc6 Nc3 Nf6 Bb5 Nd4 Ba4 e6
1508,1598,black,300+0,d4 d5 e4 c6 Nc3 Nf6 e5 Ne4 Nxe4 dxe4
2118,1689,white,60+0,e4 d5 Nc3 d4 Nce2 e5 Nf3 Nc6 Ng3 Bg4
1529,1564,white,300+8,e4 e5 Nf3 Nf6 Bc4 Bb4 c3 Bc5 d4 exd4
1496,1383,black,600+2,d4 d6 c4 Be6 d5 Bf5 Nc3 e5 dxe6 Bxe6
1246,1241,white,120+2,d4 d5 g3 Nc6 Bg2 Nf6 Nf3 Bf5 Bg5 Nb4
1701,1739,black,120+10,e4 c5 Bc4 Nc6 a3 Nf6 d3 e6 Bg5 d5
1883,1831,black,120+0,e4 Nc6 Nc3 e5 Nf3 Nf6 Bc4 Nxe4 Nxe4 d5
1413,1162,black,60+0,Nf3 g6 d4 d6 c3 Bg7 e3 b6 Nbd2 Bb7
1518,1789,black,60+0,e4 c5 Nf3 d6 Bc4 e6 O-O Nf6 Kh1 Be7
1787,1792,black,180+4,d4 f5 c4 e6 Nc3 Nf6 Nf3 Bb4 e3 c6
1659,1523,white,60+2,e4 e5 Nf3 f5 exf5 Bc5 Nxe5 d6 Qh5+ g6
1303,1500,black,420+0,d4 d5 e3 Nc6 Nf3 Bg4 Nbd2 e5 Bb5 e4
1365,1539,black,1200+5,e4 Nf6 e5 Nd5 d4 d6 c4 Nb6 exd6 cxd6
1605,1473,black,300+3,e4 e5 d3 h6 Ne2 Bc5 Ng3 Qf6 f3 d5
1605,1439,white,600+0,e3 e5 c3 d5 d4 e4 c4 Nf6 Nc3 Bb4
1469,1588,black,480+1,e4 f5 Qh5+ g6 Qf3 fxe4 Qxe4 Nf6 Qd4 Bg7
1885,1064,white,300+13,e4 d5 exd5 Qxd5 Nc3 Qd8 Nf3 Bg4 Be2 Bxf3
1639,1369,black,600+0,e4 e5 d4 exd4 Nf3 c5 c3 Nc6 cxd4 cxd4
1794,1514,white,60+0,e4 b6 Nf3 Bb7 Nc3 g6 d4 Bg7 Bd3 e6
1517,1609,black,180+5,d4 d5 c4 e6 a3 Bd7 Nc3 dxc4 e3 Nf6
1687,1799,black,60+0,d4 e6 Bf4 Nf6 Nc3 d5 Nb5 Be7 Nxc7+ Kf8
1543,1465,black,840+4,d4 e6 e4 Ne7 Nf3 d6 Nc3 Nd7 Bc4 Nb6
1271,1218,white,180+0,b3 e6 Bb2 Qf6 Bxf6 gxf6 e3 Bd6 Nf3 Nc6
1386,1428,black,240+4,e4 e5 f4 d6 Nf3 Bg4 Bc4 Bxf3 Qxf3 Nf6
1575,1659,white,540+3,c4 e5 e3 f5 a3 Nf6 d4 e4 c5 Be7
1606,1500,white,300+0,e4 e5 Nf3 Nc6 Bc4 h6 b3 Nf6 Nc3 d6
1461,1321,black,60+10,d4 d5 g3 e6 Bh3 g5 c3 Bg7 Nd2 h5
1524,1500,white,120+4,e4 e6 d4 d5 e5 c5 c3 Qb6 Nf3 Bd7
1611,1499,black,900+1,e4 e5 Nf3 Bc5 Bc4 c6 Nxe5 Nh6 Qf3 Qf6
1124,1408,black,600+0,e4 c5 Bc4 e6 Nc3 a6 Nf3 Nc6 d3 Nf6
1209,1289,black,120+0,d4 d5 Qd3 Nf6 Bg5 e6 Bxf6 Qxf6 Qf3 Qxf3
1562,2083,white,240+2,a3 d5 c4 c6 cxd5 cxd5 Nc3 Nf6 d3 g6
1807,1679,white,60+0,e4 d5 exd5 Qxd5 d4 Qe4+ Qe2 Qxe2+ Bxe2 Nc6
1399,1423,white,360+0,d4 Nf6 f4 d6 Nc3 e6 e4 Be7 Nf3 Bd7
1549,1525,white,900+15,e4 e5 Qh5 g5 Bc4 Nh6 d3 Qf6 Bxg5 Qb6
1798,1516,white,60+0,e4 e5 Nf3 f5 d4 exd4 Nxd4 Bc5 Nc3 fxe4
1885,1545,white,300+13,e4 Nf6 Nc3 d5 exd5 Nxd5 Nxd5 Qxd5 Nf3 Nc6
1665,1851,black,60+0,e4 e6 Nf3 d5 exd5 exd5 d4 Nf6 Bd3 Bd6
1712,1840,white,480+8,d4 d5 Nf3 Nc6 g3 e6 Bg2 Be7 O-O Nf6
1220,1227,black,120+2,e4 c6 f3 d5 b3 dxe4 fxe4 e5 Qf3 Nf6
1802,1776,black,180+4,d4 c6 c4 d5 Nc3 Nf6 Nf3 e6 Bg5 Be7
1455,1418,black,600+0,e4 e5 c3 Nf6 f3 d5 exd5 Nxd5 d4 exd4
1506,1390,white,600+10,e4 e5 f4 exf4 Nf3 d6 Bc4 Nc6 g3 fxg3
1671,1814,white,60+0,d4 d5 Bf4 Nc6 Nc3 a6 e4 dxe4 Nxe4 e6
1648,1692,black,180+5,e4 e5 f4 exf4 Bc4 Bc5 d4 Bb6 Nc3 Qh4+
1616,1579,black,300+8,c3 e5 b4 e4 e3 d5 Qc2 Nf6 d3 exd3
1623,1510,white,60+30,e4 e5 Qf3 d6 Bc4 Nh6 d3 f6 Bxh6 gxh6
1512,1802,black,60+0,e4 c5 d4 cxd4 Qxd4 d6 Bc4 e6 Nf3 Nf6
1531,1445,black,120+4,e4 e6 d4 c5 c3 cxd4 cxd4 Bb4+ Nc3 Ne7
1500,1280,white,180+0,d4 b6 Nc3 Bb7 Bf4 f6 Nb5 d6 f3 g5
1596,1477,white,360+4,d4 d5 f4 Nc6 Nf3 Bf5 Nc3 e6 e3 Bb4
1707,1881,black,120+2,d4 Nf6 Bg5 d6 e4 g6 e5 dxe5 dxe5 Qxd1+
1440,1263,black,300+0,e4 e5 Nf3 Nc6 Bb5 d6 d4 Bd7 d5 Nd4
1151,1411,white,360+0,e4 e5 Qf3 Nf6 Bd3 Nc6 Bc4 Bd6 b3 b6
1812,1678,white,180+2,e4 d5 exd5 Qxd5 Nc3 Qa5 d4 Nf6 Nf3 Bg4
1506,1500,black,1200+8,d4 Nf6 e3 d5 Nf3 Qd6 c3 Bg4 Be2 Nc6
1457,1618,black,240+1,d4 d5 e3 Nf6 c3 Nc6 Bb5 Bd7 Bxc6 Bxc6
1325,1688,white,300+2,d4 d5 e4 e6 e5 c5 c3 cxd4 cxd4 Nc6
1657,1945,black,900+0,e4 e6 d4 d5 e5 c5 c3 Qb6 Nf3 Nc6
1500,1536,black,300+8,d4 d5 c4 g6 Nc3 Bg7 e3 c6 Nf3 Nf6
1280,1423,black,300+0,d4 d5 Nc3 c5 Nxd5 Qxd5 Nf3 cxd4 Nxd4 e5
1495,1565,white,300+5,d4 Nf6 e3 g6 c3 Bg7 a3 O-O h3 d5
1592,1264,white,180+0,d4 e6 a3 Qf6 e4 b6 e5 Qf5 Bd3 Qxf2+
1207,1395,white,360+0,d4 e6 e4 Bb4+ Bd2 Bxd2+ Qxd2 d5 e5 f6
1438,1375,black,240+4,e4 e5 Nf3 d6 Bc4 Bg4 O-O c6 h3 Bh5
1543,1439,white,60+12,e4 e5 Bc4 Nf6 d3 h6 Nf3 Nc6 Be3 Bb4+
1500,1583,draw,1140+5,e4 e5 Nf3 Nf6 Nxe5 Qe7 Nf3 Nxe4 Qe2 d5
1730,1589,white,300+3,c4 e5 e3 d6 a3 Ne7 Qc2 Ng6 Bd3 Be7
1687,1666,black,60+0,d4 c5 Bf4 cxd4 Qxd4 Nc6 Qc4 Nf6 Nc3 e6
1788,1791,black,180+4,d4 Nf6 c4 e5 Nc3 exd4 Qxd4 Nc6 Qd1 Bb4
1366,1624,black,240+0,d4 Nf6 c4 Nc6 Bg5 Ne4 Be3 d5 c5 b6
1796,1417,white,60+1,d4 d5 Nf3 e6 g3 g6 Bg2 h6 O-O Bg7
1280,1401,white,240+1,d4 e6 c4 d5 e3 Nf6 Nc3 c5 dxc5 Bxc5
1344,1239,white,120+2,e4 c6 d4 d5 e5 Bf5 c4 Nd7 cxd5 cxd5
1581,1509,black,180+5,a3 d5 c4 dxc4 Qa4+ c6 Qxc4 e6 e3 h6
1350,1486,black,660+11,e4 e5 Nc3 Nf6 Nf3 Nc6 Bc4 h6 a3 Bc5
1805,1844,black,120+0,g3 e5 Nf3 Nc6 d4 e4 Ne5 Nf6 Nxc6 bxc6
1595,1669,black,900+1,e4 e5 Nf3 Nc6 Bc4 Bc5 d3 h6 a3 a5
1659,1675,black,60+0,e4 d5 exd5 Qxd5 Nc3 Qe5+ Be2 Bg4 d4 Bxe2
1518,1465,black,0+8,e4 e5 Nf3 d6 h3 Nf6 d3 Nc6 c3 Be6
1430,1273,white,300+0,e4 e5 Nf3 Nc6 Bb5 d6 Nc3 Nf6 d3 Qe7
1273,1301,white,180+0,e4 Nf6 f3 e5 d4 Bd6 d5 O-O Bc4 c6
1671,1639,white,180+2,e4 c5 Nc3 g6 Bc4 Bg7 Nf3 Nc6 Ng5 e6
1680,1647,black,600+5,b3 e5 Bb2 Nc6 Nc3 d5 e3 Nf6 Qf3 Bg4
1854,1786,black,120+0,e4 Nf6 e5 Nd5 c4 Nb6 d4 d6 f4 dxe5
1412,1120,white,600+0,e4 Nh6 d4 d6 d5 Bg4 Be2 c5 c4 e5
1686,1648,black,60+0,d4 e6 Bf4 d5 Nc3 Nf6 Nb5 Na6 e3 c6
1639,1411,white,180+0,d4 d5 Nc3 e6 a3 a6 e4 h6 exd5 exd5
1317,1283,black,300+5,e4 e5 Bc4 c6 Qh5 Qf6 d3 b5 Bg5 Qg6
1454,1412,white,60+0,e4 d5 d4 dxe4 Nc3 e6 Nxe4 Nf6 Nxf6+ Qxf6
1433,1595,black,600+0,e4 e5 Nf3 Nc6 h3 Bc5 d3 d6 Bd2 Bd7
1230,1352,white,120+2,e4 e5 Nf3 Nc6 Bc4 Bc5 d3 Nf6 O-O d6
1514,1560,white,600+10,e4 e5 f4 exf4 Nf3 Qe7 Bc4 Qxe4+ Be2 d5
1389,1425,black,240+4,e4 e5 f4 d6 Nf3 Bg4 Bc4 Bxf3 Qxf3 exf4
1541,1676,black,300+8,e4 e6 d4 d5 e5 c5 c4 Qb6 dxc5 Bxc5
1645,1599,white,540+3,e4 d5 exd5 c6 dxc6 Nxc6 Bb5 Bd7 Bxc6 Bxc6
1661,1673,black,60+0,e4 d5 exd5 Qxd5 Nc3 Qe5+ Be2 Nc6 Nf3 Qf6
1797,1877,draw,300+8,d4 b6 c4 Bb7 Nc3 g6 e4 Bg7 f4 e6
1595,1423,black,900+1,e4 d5 e5 d4 Nf3 c5 c3 d3 b4 c4
1464,1392,white,60+0,e4 d6 d4 e5 dxe5 dxe5 Qxd8+ Kxd8 Nf3 Bd7
1355,1261,black,1200+0,e4 d5 exd5 Qxd5 Nc3 Qe5+ Nce2 Nc6 Nf3 Qe4
1469,1603,black,360+4,e4 f5 e5 d6 d4 dxe5 dxe5 Nc6 Nc3 Nxe5
1401,1531,white,600+0,Nf3 Nc6 Nc3 e5 d4 exd4 Nxd4 Nxd4 Qxd4 Nf6
1684,1650,black,60+0,d4 e6 Bf4 d5 Nc3 Nf6 Nb5 Na6 e3 Bb4+
1297,1319,white,360+3,d4 d5 Nf3 Bg4 e3 e6 Nc3 Bb4 Bd2 Bxc3
1550,1582,white,300+0,e4 e5 Nf3 Nc6 Bb5 Nd4 Nxd4 exd4 Be2 Nf6
1508,1582,black,300+3,e4 d5 e5 e6 f3 Bc5 Ne2 Qe7 d3 Nc6
1461,1063,white,480+1,e4 d5 e5 f6 d4 fxe5 dxe5 e6 f4 g5
1707,1737,white,720+0,e4 c5 f4 g6 Nf3 Bg7 Bc4 a6 O-O b5
1683,1534,white,300+8,e4 e5 Nf3 Nf6 Nxe5 Qe7 Nf3 Nxe4 Be2 Qc5
1473,1375,white,60+0,Nf3 d6 e4 e5 d4 b6 dxe5 dxe5 Qxd8+ Kxd8
1629,1585,black,240+0,e4 c5 Nf3 Nc6 d4 cxd4 Nxd4 d6 Be3 g6
1801,1777,white,180+4,f4 c6 Nf3 d5 e3 Nf6 c3 e6 d4 Be7
1601,1612,black,600+0,e4 e6 Bc4 c6 d3 d5 exd5 cxd5 Bb3 Nf6
1214,1449,black,180+5,d4 Nf6 Nf3 b6 c4 d5 Nc3 dxc4 e4 Bb7
1819,1889,white,180+0,e4 Nf6 Nc3 d5 exd5 Nxd5 Nxd5 Qxd5 Nf3 Nc6
1602,1591,white,300+3,e4 d5 exd5 e6 dxe6 Bxe6 Nf3 Bc5 d4 Bb6
1224,1431,black,60+12,e4 e5 Nf3 Nc6 Bb5 d6 c3 Bd7 Qb3 h6
1737,1681,white,300+3,c4 d5 cxd5 Qxd5 Nc3 Qa5 e3 Nf6 a3 e5
1693,1441,white,180+0,d4 d5 Nc3 Nf6 Bf4 a6 Be5 Nc6 Bxf6 gxf6
1591,1718,black,300+8,e4 e6 e5 d6 f4 dxe5 fxe5 Nc6 Nf3 Nd4
1481,1360,white,60+0,Nc3 d5 e4 e6 exd5 exd5 d4 c6 Nf3 g6
1522,1702,black,180+5,d4 g6 c4 Bg7 Nc3 Nc6 e3 a6 Nf3 d6
1505,1459,black,120+2,e4 c6 d4 d5 exd5 cxd5 Nf3 Bg4 h3 Bh5
1654,1949,black,900+0,e4 e6 d4 d5 e5 c5 c3 Qb6 Nf3 Nc6
1104,1600,black,300+8,d4 d5 c4 dxc4 e3 b5 Nf3 Bg4 a4 Bxf3
1288,1454,black,180+5,Nf3 d5 d4 Nc6 e3 f6 Bd3 e5 dxe5 fxe5
1611,1462,black,360+4,d4 d5 f4 f5 Nf3 Nf6 e3 e6 Bd3 Bd6
1640,1559,black,420+8,e4 c5 Bc4 e6 f4 d5 exd5 exd5 Be2 Nc6
1482,1554,white,600+0,e4 e5 Nf3 d5 exd5 Qxd5 Nc3 Qe6 Bb5+ c6
1427,1513,black,60+10,d4 b5 e4 b4 e5 Bb7 d5 g6 b3 Bg7
1059,1498,black,900+10,f4 b6 f5 Bb7 e3 b5 c3 h5 Qb3 e6
1543,1342,white,300+8,g3 d5 Bg2 Nf6 Nf3 e6 O-O c5 b3 Bd6
1672,1441,white,420+2,e4 e5 Nf3 Nc6 Nc3 Bc5 Bc4 Nf6 d3 Ng4
2043,1885,white,60+0,d4 d5 Nf3 Nf6 e3 Bg4 b3 e6 Bb2 c5
1590,1770,black,600+0,e4 d5 exd5 Nc6 Nc3 Nb4 Bc4 Nf6 Bb3 Nbxd5
1426,1097,white,420+2,e4 e5 Nf3 Nf6 d3 Nc6 c3 Bd6 Nbd2 O-O
1542,1463,white,300+8,e4 e6 Nf3 c5 Bc4 Nc6 c3 a6 d4 cxd4
1924,1346,white,60+0,e4 d5 exd5 Qxd5 Nf3 Qe6+ Be2 g6 O-O Bg7
1623,1616,black,600+0,e3 d5 d4 Nf6 c4 Ne4 Nf3 Bg4 Be2 Bxf3
1678,1498,white,1200+8,d4 d5 e4 dxe4 Nc3 e6 Nxe4 Nf6 Nxf6+ Qxf6
1527,1197,white,300+8,e4 e5 Bc4 Nc6 Nc3 Nf6 Nf3 a6 Ng5 Rg8
1309,1316,black,360+3,d4 d5 Nf3 e6 e3 c6 Nc3 g6 Bd2 Bg7
1561,1472,black,300+0,e4 e6 Bc4 b6 d4 Bb7 d5 Bb4+ c3 Bc5
1531,1500,black,840+4,d4 d5 Nf3 e6 Nc3 Nf6 Qd3 Be7 e4 dxe4
1583,1655,white,540+3,c4 f5 e3 Nf6 d4 e6 Nc3 Bb4 Bd2 O-O
1580,1613,white,300+3,e4 c5 d3 Nc6 f4 d6 Be2 f5 Nc3 Nf6
1436,1217,black,60+12,e4 g6 d4 c6 Nf3 b5 Bd2 Bg7 e5 Nh6
1925,1879,white,60+0,d4 d5 c4 Nf6 cxd5 Nxd5 e4 Nb6 Nf3 e6
1498,1462,white,540+7,e4 e5 Nf3 Nc6 Bc4 h6 d3 Bc5 a3 Nf6
1604,1654,black,1200+5,e4 e5 Bc4 Nc6 Nf3 Bc5 d4 exd4 Ng5 Ne5
1488,1345,white,60+0,e4 d5 d4 e6 exd5 exd5 Nc3 c6 Nf3 h6
1746,1841,white,420+0,c4 e6 e3 d5 cxd5 exd5 Nf3 Nf6 a3 c6
1889,1193,white,300+13,e4 e5 Nf3 Nc6 Nc3 h6 Bc4 a6 a3 Nf6
1506,1685,black,900+1,e4 c5 Bc4 Nc6 c3 e6 Nf3 d5 exd5 exd5
1844,1767,white,180+4,e4 c6 Nc3 d5 Qf3 dxe4 Nxe4 Nf6 Bc4 Bg4
1495,1333,white,60+0,e4 d5 d4 e6 Nc3 dxe4 Nxe4 g6 Nf3 h6
1647,1874,white,300+8,e4 e5 Nf3 Nc6 Nc3 Nf6 Bb5 d6 d4 a6
1759,1853,black,180+4,d4 d5 c4 e5 Nc3 exd4 Qxd4 Nc6 Qxd5 Be6
1415,1493,white,660+11,Nf3 d5 d4 Nc6 e3 e6 Bd3 Bd6 Nc3 Nf6
1811,1665,white,120+0,g3 e5 Nf3 Nc6 d4 exd4 Nxd4 Nxd4 Qxd4 Nf6
1731,1754,white,480+8,d4 d5 Nf3 e6 g3 h6 Bg2 c5 c3 c4
1390,1554,black,600+5,b3 e5 Bb2 Nc6 e4 Nf6 d3 Bc5 g3 d6
1869,1936,black,60+0,d4 Nf6 c4 e6 Nc3 Bb4 Bg5 O-O a3 Bxc3+
1654,1758,white,300+5,e4 e6 d4 d5 exd5 exd5 Bd3 Nf6 h3 Bd6
1324,1579,white,900+1,e4 e5 d4 Nc6 d5 Nd4 Nf3 Nxf3+ Qxf3 Nf6
1501,1322,white,60+0,Nf3 d5 e4 e6 e5 Nc6 d4 g6 c3 Bg7
1441,1641,black,300+8,e4 e5 d4 d6 Nf3 Nc6 d5 Nce7 Nc3 Ng6
1946,1860,white,60+0,c4 e5 Nc3 Bc5 g3 d6 Bg2 c6 a3 a6
1492,1379,black,120+2,e4 e5 Nf3 d6 Bc4 Bg4 h3 Bh5 O-O h6
1679,1436,black,420+2,d4 d5 c4 e5 cxd5 Qxd5 Nc3 Qxd4 Qxd4 exd4
1466,1383,white,360+0,e4 e5 d4 Qe7 dxe5 Qxe5 Nc3 Be7 Nf3 Qa5
1530,1465,black,300+8,e4 c5 Bc4 b6 Qf3 e6 e5 Nc6 Bb5 Bb7
1592,1627,black,300+3,e4 e5 d3 Nf6 Ne2 h6 Ng3 Bc5 f4 d6
1282,1460,black,180+5,Nf3 d5 d4 e6 Nc3 c5 dxc5 Bxc5 e3 Nf6
1521,1694,black,180+0,b4 f5 Bb2 e6 g3 Nf6 b5 d5 e3 c6
1939,1751,white,180+4,e4 c6 Nf3 d5 exd5 cxd5 d4 Nf6 Bd3 e6
1851,1956,draw,60+0,d4 d5 c4 dxc4 Nc3 c6 a4 Bf5 e4 Bg6
1890,1193,white,300+13,e4 Nc6 Nf3 Nf6 Nc3 d5 exd5 Nxd5 Nxd5 Qxd5
1248,1470,black,120+2,e4 c5 Nf3 Nc6 Bc4 e5 d3 g6 Be3 Bg7
1480,1296,white,660+11,e4 d5 exd5 Qxd5 Nc3 Qe5+ Be2 Nc6 Nf3 Qf4
1584,1731,white,300+8,e4 c5 e5 d6 f4 dxe5 fxe5 e6 Nf3 b6
1412,1437,draw,300+0,d4 d5 c4 c6 e3 Nf6 Nc3 Nbd7 Nf3 e6
1500,1287,black,360+2,e4 e5 Bc4 Nf6 d3 c6 a4 d5 exd5 cxd5
1242,1499,black,120+2,e4 d5 d3 dxe4 dxe4 Qxd1+ Kxd1 Nc6 Nc3 Nf6
1501,1651,black,180+16,e4 c5 Nf3 Nc6 d4 cxd4 Nxd4 Qc7 Nxc6 bxc6
1658,1544,white,120+0,d4 e5 dxe5 Be7 Nc3 d6 Nf3 dxe5 Qxd8+ Bxd8
1952,1854,black,60+0,e4 e5 Nf3 Nc6 Bb5 Bc5 Nc3 d6 O-O a6
1500,1394,white,120+2,e4 e5 Nf3 d6 d4 exd4 Nxd4 h6 Nc3 c6
1546,1374,black,360+0,e4 e5 Nf3 Nf6 Nc3 Bb4 Nxe5 Bxc3 dxc3 Qe7
1500,1402,white,180+0,d4 d5 Nc3 Nf6 Bf4 a6 Be5 e6 Bxf6 Qxf6
1672,1745,white,60+0,d4 Nf6 Bg5 c5 Bxf6 gxf6 e4 Qb6 dxc5 Qxb2
1507,1221,black,60+0,e4 f5 d4 Nf6 exf5 d5 Nc3 Bxf5 Nf3 e6
1441,1217,draw,480+0,e3 d5 d4 e6 Nc3 c5 dxc5 Bxc5 b3 Bb4
1761,1656,white,300+3,c4 e5 e3 f5 Nc3 Nf6 a3 Be7 b4 O-O
1083,1430,white,420+2,d4 e6 c4 d6 Nc3 c6 e4 d5 Nf3 Bb4
1313,1206,white,300+8,e4 e6 Nc3 d5 Qf3 Be7 d4 Nf6 e5 Ne4
1618,1562,white,120+0,e4 c6 d4 d5 exd5 cxd5 c3 Nf6 Bd3 Bg4
1405,1550,white,-,d4 d5 Nc3 Nf6 Nf3 Nc6 Ne5 Ne4 f3 f6
1525,1237,black,120+2,d4 d5 Nf3 Nf6 Nc3 Bf5 Bg5 e6 e3 Be7
1790,1599,white,300+8,e4 e5 Nf3 d6 Bc4 f5 d3 f4 O-O Nf6
1685,1731,black,60+0,d4 Nf6 Bg5 c5 Bxf6 gxf6 d5 Qb6 e4 d6
1673,1739,black,240+3,e4 b6 d4 Bb7 Bd3 e6 c3 Nf6 Nf3 Bxe4
1279,1548,black,300+8,e4 d5 exd5 Qxd5 Nf3 e5 d3 Bd6 Nc3 Qe6
1508,1724,black,540+7,e4 e5 Nf3 d6 Bc4 Bg4 h3 Bh5 g4 Bg6
1868,1937,black,60+0,d4 Nf6 c4 d6 Nc3 g6 Nf3 Bg7 Bg5 O-O
1542,1595,white,900+12,e4 f5 exf5 Nf6 Be2 d5 Bh5+ Nxh5 Qxh5+ Kd7
1825,1741,white,60+0,d4 e6 c4 Nf6 Nc3 Bb4 Nf3 c5 d5 exd5
1458,1719,white,720+0,d4 d5 e4 dxe4 f3 exf3 Nxf3 Nf6 Bd3 Bg4
1855,1664,black,300+8,e4 e5 Bc4 Nc6 Nf3 Bc5 Ng5 Qxg5 Qf3 Qe7
1676,1666,white,60+0,d4 d5 Bf4 e6 Nc3 Be7 Nb5 Nf6 Nxc7+ Kf8
1510,1560,white,600+5,e4 e5 d4 Nc6 d5 Nd4 c3 Bc5 cxd4 Bxd4
1322,1196,black,360+2,e4 e5 Nc3 Nc6 Bb5 Bb4 Bxc6 dxc6 Nf3 Bxc3
1658,1494,white,180+16,e4 c5 g3 Nc6 Bg2 e5 Nf3 Nf6 Nc3 a6
1594,1500,white,300+8,e4 e5 d3 g5 Nh3 f6 d4 exd4 Qxd4 Bg7
1718,1464,white,300+3,b3 e5 Bb2 d6 c4 b6 Nc3 Bb7 Nf3 Nc6
1670,1667,black,180+0,e4 c5 Nf3 Nc6 Bc4 e6 d4 cxd4 Nxd4 b6
1322,1626,black,300+8,e4 e5 Qh5 d6 Bc4 Nh6 d3 Bg4 Bg5 Bxh5
1947,1859,draw,60+0,d4 d5 Nf3 c6 c4 Nf6 Bg5 e6 e3 Be7
1687,1677,white,480+2,e4 e5 Nf3 Nc6 Bc4 Bc5 Nc3 h6 d3 d6
1417,1565,black,300+5,d4 Nf6 c4 e6 a3 d5 e3 c5 Nf3 Nc6
1686,1655,black,60+0,d4 d5 Bf4 c6 Nc3 g6 e3 Bg7 Nh3 Nf6
1807,1732,black,60+0,e4 e6 Nf3 d5 Nc3 Nf6 e5 Nfd7 d4 c5
1546,1413,white,300+0,e4 e5 Nc3 Nf6 d3 Bb4 Bd2 Nc6 Nf3 Bxc3
1791,1834,white,60+0,e4 e6 Nf3 d5 exd5 exd5 d4 Nf6 Nc3 c5
1345,1556,black,480+8,e4 e5 Nf3 d6 d4 Bg4 dxe5 Bxf3 Qxf3 dxe5
1858,1516,white,900+8,e4 e5 Nf3 Nc6 Bc4 h6 d4 Qf6 Nc3 exd4
1629,1411,white,120+2,e4 e5 Nf3 d6 d4 exd4 Nxd4 Nf6 Nc3 Bg4
1811,1808,white,300+3,e4 c6 d4 d5 exd5 cxd5 c4 Nf6 Nc3 g6
1192,1500,white,900+10,e4 b6 Nf3 Bb7 Nc3 f5 d3 fxe4 dxe4 Nf6
1298,1107,white,360+3,d4 d5 Nf3 Nc6 e3 Nf6 Nc3 Bg4 Bd3 Bxf3
1541,1582,draw,1140+5,e4 e5 Nf3 Nf6 Nc3 d6 Bc4 Be7 O-O Bg4
1508,1445,black,60+0,e4 d5 exd5 Qxd5 Nc3 Qd8 d3 Nc6 Be3 Nf6
1610,1702,black,180+0,e4 Nf6 e5 Nd5 d4 d6 Nf3 Bg4 Be2 g6
1821,1803,black,60+0,d4 d6 c4 Nf6 Nc3 g6 Nf3 Bg7 g3 O-O
1748,1812,white,300+3,d4 d5 Bf4 Nf6 e3 Bg4 f3 Bh5 g4 Bg6
1862,1944,black,60+0,d4 Nf6 c4 d6 Nc3 g6 e4 Bg7 Bg5 e5
1927,1874,white,180+0,d4 d5 e3 c5 c3 cxd4 exd4 Bf5 Bd3 Bxd3
1585,1745,white,900+1,e4 c5 Nc3 Nc6 Bc4 Nf6 Nf3 Nxe4 Nxe4 d5
1451,1667,black,120+0,e4 e6 Nf3 d5 Nc3 dxe4 Nxe4 Nf6 Ng3 Bd6
1791,1799,black,60+1,e4 c6 Nf3 d5 Nc3 Bg4 d3 e6 h3 Bh5
1600,1664,black,300+8,e4 c5 e5 e6 d4 cxd4 Qxd4 Nc6 Qc3 Bb4
1890,1527,white,300+13,e4 d6 Nf3 g6 Nc3 Bg7 Bc4 Bg4 h3 Bxf3
1454,1166,white,420+2,e4 e5 Nf3 Nf6 Bc4 Nc6 Ng5 d5 exd5 Nd4
1460,1493,white,60+0,d4 d6 e3 e6 g3 b6 f4 Bb7 Nf3 c6
1673,1591,white,300+8,e4 e5 Nf3 d6 g3 f5 Nc3 f4 d3 fxg3
1815,1810,white,60+0,e4 f6 Nf3 e6 d4 d5 exd5 exd5 Bb5+ Bd7
1633,1412,white,180+0,d4 f5 Nc3 Nf6 Bf4 d5 Nb5 c6 Nc7+ Kf7
1375,1553,black,360+2,e4 e5 Bc4 Nf6 Nc3 c6 d3 h6 a4 Be7
1479,1474,white,60+0,e4 d5 exd5 Qxd5 Nc3 Qd8 d3 Nf6 Bd2 Nc6
1635,1275,white,300+0,Nf3 Nc6 c4 Nf6 Nc3 e5 d3 d6 e4 Be6
1257,1552,black,120+2,e4 e6 d4 d5 Nc3 c5 Nf3 Qc7 Be3 Ne7
1703,1500,black,720+0,e4 e6 d4 d5 e5 c5 c3 Nc6 Nf3 Qb6
1953,1854,black,60+0,c4 e5 Nc3 Bc5 d3 d6 a3 a6 b4 Ba7
1681,1887,black,180+0,e4 e5 Bc4 d6 c3 f5 exf5 Nf6 d3 Bxf5
1459,1722,white,300+3,e4 b6 d4 Bb7 Nc3 e6 f4 Qh4+ g3 Qd8
1946,1873,white,180+0,e4 Nf6 e5 Nd5 Nf3 d6 Bc4 Nb6 Bxf7+ Kxf7
1695,1584,white,600+0,e4 e5 d3 Bc5 Ne2 d6 Ng3 Nc6 Be2 Qf6
1769,1530,black,300+3,c4 e5 e3 Bc5 a3 Nf6 b4 Be7 Bb2 d6
1811,1779,black,60+1,d4 Nf6 Nf3 c5 g3 b5 Bg2 c4 Bg5 b4
1478,1637,black,120+2,e4 e5 Nf3 Nc6 Bb5 d6 h3 a6 Ba4 Nf6
1499,1429,black,900+1,e4 e5 Bc4 h6 Qf3 f6 Qh5+ Ke7 Qf7+ Kd6
1799,1491,white,60+0,d4 e6 c3 d6 c4 Be7 Nc3 Bd7 Nf3 Nc6
1523,1647,black,480+0,e4 b6 Nf3 Bb7 Bc4 Bxe4 O-O Bb7 Re1 e6
1617,1534,white,300+2,d4 d5 e3 e6 Bd3 c5 c3 c4 Bc2 b5
1868,1938,black,60+0,d4 c5 c4 cxd4 Qxd4 Nc6 Qd1 g6 Nc3 Bg7
1672,1963,black,120+0,d4 g6 Nf3 Bg7 c4 c5 d5 e6 Nc3 exd5
1466,1659,black,300+6,e4 e5 Bc4 Nf6 Nc3 Bc5 h3 O-O Nf3 Nc6
1502,1475,black,0+1,d4 c5 Nc3 Nc6 d5 e6 e4 Ne5 Nf3 Nxf3+
1294,1391,black,360+4,e4 e5 Nf3 Nc6 c3 d6 Bc4 Nh6 O-O Bg4
1865,1937,black,180+0,e4 e6 d4 d5 Nc3 dxe4 f3 exf3 Nxf3 Be7
1650,1892,white,180+0,e4 e5 Nf3 d6 Bc4 f5 d3 Nf6 O-O c6
1967,1803,black,60+0,d4 e6 c4 d5 Nf3 Nf6 g3 c5 Bg2 cxd4
1410,1488,black,60+0,e4 d6 Nc3 e6 Nf3 b6 d4 Bb7 Be2 Be7
1487,1490,white,0+1,e4 e6 f4 d5 Nf3 Nf6 e5 Nfd7 Bb5 c5
1547,1749,black,300+3,e4 c6 d4 d5 e5 Bf5 Nf3 e6 Bd3 Bxd3
1694,1653,black,360+8,e4 c5 c3 Nc6 Nf3 Nf6 e5 Ng4 d4 cxd4
1669,1323,white,120+0,d4 d5 Nf3 Bf5 g3 e6 Bg2 Nf6 O-O c5
1761,1668,white,360+2,e4 c5 Bc4 Nc6 Qh5 e6 c3 Nf6 Qe2 d5
1947,1859,black,60+0,d4 d5 c4 Nf6 cxd5 Nxd5 e4 Nf6 Nc3 Nc6
1561,1340,white,480+8,e4 d5 e5 d4 d3 c5 Na3 Qd5 Nc4 b5
1694,1479,white,180+0,d4 Nf6 Nc3 d5 Bf4 c6 Be5
1691,1667,white,300+8,e4 g6 d4 Bg7 Nf3 d6 Bc4 e6 O-O h6
1536,1513,white,420+7,e4 e5 Nf3 Nc6 Bb5 Nf6 O-O Nxe4 d4 exd4
1746,1841,black,120+0,e4 Nc6 d4 e5 dxe5 Nxe5 f4 Ng6 Nf3 Bc5
1950,1499,white,0+1,d4 c5 c4 Nc6 Nf3 cxd4 Nxd4 f6 Nc3 e5
1612,1318,white,360+2,d4 d5 e4 dxe4 f3 exf3 Nxf3 Bg4 c3 Nf6
1307,1550,white,600+0,e4 e5 Nf3 Nc6 Bc4 d6 d4 Be6 d5 Na5
1555,1592,black,900+0,e4 d6 f4 Nf6 Nc3 Bg4 Be2 Bxe2 Qxe2 c6
1795,1711,black,420+5,d4 d5 Bf4 Nf6 e3 Bf5 Bd3 Bxd3 Qxd3 e6
1391,1414,white,300+0,c4 e5 d3 Bc5 e4 Nf6 Ne2 d6 h3 O-O
1497,1312,white,60+0,e4 d5 exd5 Qxd5 Nc3 Qe6+ Be2 g6 Nf3 Bg7
1818,1952,black,60+0,d4 c5 c4 cxd4 Qxd4 Nc6 Qd1 g6 Nc3 Bg7
1482,1481,white,600+0,d4 d5 c4 c6 Bf4 Bf5 Nc3 e6 e3 Bb4
1681,1836,white,300+8,e4 b6 d4 Bb7 d5 g6 c4 Bg7 Bd2 d6
1872,1933,draw,60+0,d4 d5 c4 dxc4 Nc3 Nc6 e4 Qxd4 Qxd4 Nxd4
1682,1957,white,180+3,e4 Nf6 Nc3 d5 exd5 Nxd5 Nf3 Nc6 Bc4 Nxc3
1874,1674,white,180+0,e4 c5 c3 Nc6 d4 cxd4 cxd4 e6 d5 Nb8
1304,1337,white,360+3,d4 d5 Nf3 Nc6 e3 f6 Nc3 e5 dxe5 fxe5
1960,1811,black,60+0,d4 e6 c4 d5 Nf3 Nf6 g3 c6 Bg2 c5
1681,1856,black,180+0,e4 e5 Nf3 Nf6 Nxe5 Nxe4 Qe2 Qe7 Qxe4 d6
1880,1946,white,180+0,e4 e6 d4 d5 exd5 exd5 Bd3 Nf6 Ne2 Bd6
1931,1874,white,60+0,d4 d5 c4 Nf6 cxd5 Bf5 Nc3 Nxd5 e4 Nxc3
1737,1766,white,600+0,e4 e5 Bc4 Nf6 Nf3 Nc6 Nc3 Bb4 d3 O-O
1497,1504,black,0+1,e4 d6 f4 e6 Nf3 Be7 Bc4 Bd7 d3 Bc8
1737,1672,white,120+0,e4 e5 Nf3 Nc6 Bb5 a6 Ba4 b5 Bb3 a5
1637,1812,black,300+0,Nf3 Nc6 c4 e5 Nc3 f5 e4 f4 d4 exd4
1712,1572,white,300+5,e4 e5 f4 Nc6 Nf3 d6 Bc4 Bg4 O-O Nf6
1827,1943,white,60+0,e4 Nf6 e5 Nd5 Nf3 d6 c4 Nb6 exd6 cxd6
1516,1486,black,0+1,e4 c5 Bc4 e6 d3 Nc6 c3 b6 a3 a6
1650,1668,black,900+0,e4 e5 f4 exf4 Nf3 d5 exd5 Qxd5 Be2 Bc5
1357,1375,black,60+8,c4 d5 e3 dxc4 Bxc4 Nf6 Nf3 Bf5 Nc3 e6
1750,1607,white,300+3,c4 e6 e3 d5 cxd5 Qxd5 Nc3 Qg5 h4 Qd8
1429,1451,white,300+8,Nf3 d5 Nc3 Nf6 d4 Nc6 e3 Bf5 Bd3 Bd7
1498,1503,white,0+1,e4 d6 f4 e6 Nf3 b6 Bc4 Bb7 e5 d5
1893,1933,black,180+0,e4 e6 d4 d5 exd5 exd5 Bd3 Nf6 Ne2 Bd6
1704,1480,white,300+3,b3 e5 Bb2 d6 c4 c5 Nc3 Nf6 g3 h6
1865,1940,black,60+0,d4 Nf6 c4 g6 Nc3 d6 e4 Bg7 d5 e6
1651,1502,white,420+7,d4 d5 c4 Nf6 Nc3 Bf5 e3 Nc6 a3 Na5
1654,1387,white,300+2,e4 e5 Nf3 d6 d4 exd4 Nxd4 Be7 Bd3 c6
1667,1862,black,180+0,e4 e5 Bc4 Nf6 d3 c6 Nf3 Bd6 a4 O-O
1952,1856,white,900+0,e4 c5 Nf3 Nc6 d4 cxd4 Nxd4 g6 Nc3 Bg7
1846,1631,white,300+0,e4 c5 Nc3 Nc6 f4 e6 Nf3 d6 Bc4 a6
1671,1867,black,180+0,e4 e5 Nf3 Nf6 d3 Bd6 Nc3 c6 Be3 O-O
1491,1510,black,0+1,e4 c5 Bc4 e6 d3 Nc6 Nd2 d5 exd5 exd5
2059,1863,white,180+0,d4 Nf6 c4 d6 Nc3 g6 e4 Bg7 Be3 Nc6
1950,1856,white,60+0,e4 e5 Nf3 Nc6 Bb5 Bc5 Bxc6 bxc6 O-O d6
1666,1460,white,300+6,e4 e5 Nf3 Nc6 Bc4 h6 Nc3 Nf6 d3 d6
1660,1769,black,360+2,e4 b6 Nf3 Bb7 Nc3 e6 d4 Bb4 Bd3 Bxc3+
1335,1566,black,480+8,e4 e5 Nf3 d6 d4 f6 d5 Bg4 Be2 Bd7
1442,1457,black,1500+0,e4 d5 e5 d4 b4 Nc6 c3 Nxe5 cxd4 Qxd4
1555,1878,white,360+0,d4 d5 Bf4 Nf6 Nc3 c6 e3 Nbd7 Bd3 g6
1381,1196,white,720+6,d4 d5 Nc3 e6 a3 Na6 e4 c6 Bxa6 bxa6
1674,1663,black,120+0,d4 d6 Bf4 Nf6 e4 Nxe4 f3 Nf6 d5 g6
1660,1873,black,180+0,e4 e5 Bc4 Nf6 d3 c6 f4 d5 exd5 cxd5
1500,1299,white,180+0,d4 d6 e4 g6 Nc3 Bg7 Be3 e5 d5 Bd7
1552,1806,black,360+5,d4 Nf6 e3 g6 c4 d6 b4 Bg7 c5 O-O
1666,1682,white,360+8,e4 c5 Nf3 d6 d4 e5 dxe5 dxe5 Qxd8+ Kxd8
1801,1692,white,720+0,e4 c5 Nf3 Nc6 d4 cxd4 Nxd4 Qc7 c3 e5
1532,1934,white,180+0,e4 Nf6 e5 Nd5 d4 d6 exd6 exd6 Nf3 Be7
1253,1542,black,120+2,e4 e5 Nf3 Nc6 Bc4 Nf6 Ng5 d5 exd5 Nxd5
1500,1402,black,300+0,e4 e5 Nc3 Nf6 h4 Bc5 a3 d6 f3 O-O
1611,1383,white,300+4,d4 d5 Nf3 Bg4 Nbd2 e6 c4 dxc4 Qa4+ Nd7
1848,1958,black,60+0,e4 c5 e5 Nc6 Nf3 Qc7 Qe2 g6 c3 Bg7
1507,1659,black,300+8,e4 g6 Nf3 Bg7 d3 d6 Bg5 h6 Be3 e6
1782,1775,black,300+3,e4 c6 d4 d5 e5 Bf5 Nf3 e6 c4 Ne7
1614,1709,black,300+0,e4 b6 Bc4 Bb7 d3 e6 Nc3 c5 Nf3 Nc6
1674,1663,black,120+0,d4 d5 Nf3 Bg4 g3 Bxf3 exf3 e6 Bf4 Nc6
1626,1872,black,300+0,c4 e5 Nc3 Nc6 Nf3 f5 d4 e4 Ng5 h6
1966,1841,black,60+0,e4 e5 Nf3 Nc6 Bc4 Bc5 Ng5 Qxg5 d4 Qxg2
1819,1696,black,300+8,g3 e5 Bg2 d5 b3 c5 Bb2 d4 h3 Nc6
1518,1216,white,300+8,e4 e5 Bc4 Nc6 Nf3 h6 d3 d6 h3 a6
1777,1212,white,360+2,e4 e5 Bc4 Nc6 a3 Nf6 d3 Bc5 Be3 d6
1855,1662,black,60+0,d4 e6 c4 d5 Nc3 Nf6 Nf3 Be7 Bg5 O-O
1561,1282,white,1800+0,e4 d5 exd5 Qxd5 Nc3 Qe5+ Be2 Qa5 Nf3 Nc6
1709,1961,black,900+0,f4 e5 fxe5 d6 exd6 Bxd6 Nf3 Bg4 e4 Nf6
1606,1546,black,300+0,e4 e5 Nf3 Nc6 Bc4 Nf6 Nc3 h6 d4 exd4
1552,1479,white,60+0,e4 d6 d4 e6 f4 Be7 e5 d5 Nf3 Nc6
1717,1583,white,300+3,b3 e5 Bb2 d6 c4 Ne7 Nc3 Ng6 g3 c6
1440,1494,white,600+0,Nc3 e5 Nf3 Nc6 e4 d6 Bd3 Be6 O-O Nf6
1603,1791,black,600+0,e4 c5 Nf3 Nc6 Bc4 e6 O-O a6 a4 b6
1772,1823,black,300+3,c4 c6 e4 e5 Nf3 d6 Nc3 g6 Be2 Bg7
1545,1700,black,300+0,e4 c5 d3 Nc6 h3 e6 c3 d5 Nd2 dxe4
1927,1841,draw,60+0,d4 e6 c4 d5 Nf3 Nf6 g3 c5 Bg2 cxd4
1616,1725,white,600+4,e4 e5 Nf3 d6 d4 Bg4 dxe5 Bxf3 gxf3 Nc6
1248,1419,black,60+12,e4 e5 Nf3 Nc6 Bc4 h6 d3 Bc5 O-O Nf6
1678,1839,white,60+0,e4 e5 Nf3 Nc6 Bb5 Bc5 O-O d6 d3 Bg4
1470,1562,white,60+0,e4 c6 d3 d5 exd5 cxd5 Nc3 Nf6 Be3 Bg4
1694,1527,white,420+14,e4 e5 Nf3 d6 Bc4 c6 Nc3 Nf6 d4 d5
1872,1547,black,1800+30,e4 e5 Nf3 Nc6 Bb5 d6 Bxc6+ bxc6 d4 Nf6
1473,1635,white,540+9,e4 e6 d4 c5 Be3 cxd4 Bxd4 Nc6 Bc3 d5
1742,1663,white,120+0,e4 e6 Nf3 d5 exd5 exd5 d4 Nf6 Bd3 Be7
1521,1211,white,300+8,e4 Nc6 Bc4 Na5 Bb3 h6 Qh5 g6 Qxa5
1598,1500,white,180+0,d4 e5 d5 Bb4+ c3 Ba5 e4 f6 Qg4 d6
1553,1332,white,180+0,e4 g6 Nf3 Bg7 d4 e6 e5 Ne7 Bd2 d6
1577,1633,draw,600+0,e4 e5 Bc4 Nf6 d3 Nc6 Nc3 Bc5 Bb3 O-O
1478,1565,white,300+5,e4 e5 d3 Nf6 Bg5 h6 Bh4 Be7 Nf3 Nh5
1823,1694,draw,60+0,d4 e6 c4 Nf6 Nc3 Be7 Nf3 O-O Bg5 d5
1364,1368,black,300+10,e4 Nf6 Nc3 d5 d3 d4 Nd5 Nxd5 exd5 Qxd5
1674,1654,white,120+0,d4 f5 Bf4 Nf6 e3 d6 Nc3 Nc6 Nf3 e5
1908,1856,black,180+0,e4 Nf6 e5 Nd5 Bc4 Nb6 Bb3 g6 d4 Bg7
1485,1118,white,60+0,e4 e5 Bc4 d5 exd5 c6 dxc6 Nxc6 Qf3 Be6
1575,1724,black,300+3,e4 b6 d3 Bb7 f4 c5 Ne2 e6 Ng3 Nf6
1844,1924,black,60+0,d4 c5 d5 e6 c4 Nf6 Nc3 exd5 cxd5 d6
1287,1403,white,360+0,e4 e5 Nf3 Nf6 Bc4 Bc5 O-O Nc6 c3 O-O
1711,1802,black,300+8,e4 e5 Nf3 Nc6 Nc3 Bb4 a3 Bxc3 bxc3 Nf6
1687,1189,white,180+0,d4 e6 a3 d5 Nc3 Bd6 e4 dxe4 Nxe4 Qh4
1559,1425,white,60+12,e4 e5 Nf3 Nc6 Bc4 h6 Nc3 a6 d3 Bc5
1296,1438,black,240+1,d4 d5 Nc3 Nf6 g3 c5 dxc5 e6 Bg2 Bxc5
1757,1748,white,300+3,c4 Nf6 e3 c6 a3 d5 cxd5 cxd5 Nf3 e6
1525,1443,white,300+8,e4 e5 Bc4 Nf6 Nf3 d6 Ng5 Be6 Bxe6 fxe6
1545,1207,white,900+12,e4 d5 e5 Nc6 f4 h6 Bb5 Bd7 Nf3 a6
1265,1434,draw,900+0,e4 e5 Nf3 d6 d3 Nf6 d4 exd4 Qxd4 d5
1622,1407,white,300+0,Nf3 d5 c4 f6 Nc3 c6 e4 dxe4 Nxe4 Qd3
1690,1746,black,120+0,Nf3 Nf6 d4 c5 dxc5 Qa5+ Nc3 Qxc5 e4 a6
1698,1820,black,60+0,e4 e5 Nf3 Nc6 Bb5 d6 O-O Bd7 d4 exd4
1563,1651,white,480+8,e4 c5 Bc4 Nc6 Nc3 Nf6 Nf3 e6 d3 d5
1621,1571,black,720+2,e4 e5 Nf3 d6 Bc4 h6 Nc3 c6 h3 Nf6
1672,1695,black,600+5,e4 e5 Nf3 Nc6 Bb5 a6 Bxc6 bxc6 Nxe5 d5
1625,1284,black,120+0,e4 Nf6 e5 Nd5 Nc3 e6 Nxd5 exd5 d4 d6
1864,1863,white,600+0,e4 e6 d4 d5 exd5 exd5 Nf3 Bd6 Bd3 Ne7
1933,1835,white,60+0,d4 e6 c4 d5 Nf3 Nf6 g3 c6 Bg2 c5
1548,1550,white,900+12,e4 e5 f4 f5 exf5 exf4 Qh5+ g6 fxg6 Nf6
1547,1643,white,120+0,e4 e6 Nc3 d5 exd5 exd5 d4 Nf6 Nf3 Bb4
1734,1503,black,300+0,e4 d6 Nf3 g6 d4 Bg7 Be3 Bg4 Be2 Nf6
1801,1597,black,600+0,c4 c5 Nc3 Nc6 g3 e6 Bg2 Nge7 a3 g6
1639,1671,white,900+0,e4 e5 f4 exf4 Nf3 g5 Bc4 g4 O-O gxf3
1827,1690,white,60+0,d4 e6 c4 d5 Nc3 Nf6 Nf3 Be7 Bg5 O-O
1827,1942,black,60+0,d4 c5 d5 Nf6 c4 e6 Nc3 exd5 cxd5 d6
1942,1827,white,60+0,d4 e6 c4 d5 Nf3 Nf6 g3 c6 Bg2 Be7
1678,1713,white,360+8,e4 e5 b4 Bxb4 Bb2 d6 Nf3 Nf6 c3 Bc5
1603,1754,black,900+0,Nf3 Nf6 d4 d5 c4 dxc4 g3 Nc6 Bg2 Rb8
1778,1707,white,360+2,d4 e5 dxe5 d6 exd6 Bxd6 Nf3 Ne7 h3 O-O
1756,1680,white,120+0,c4 c5 Nc3 Nc6 g3 d6 Bg2 Bd7 e4 g6
1569,1627,white,300+0,e4 c5 d3 e6 Ne2 Nc6 c3 Nf6 Ng3 Be7
1559,1730,black,180+0,e4 b6 Nf3 Bb7 d3 c5 Be2 Nc6 c4 g6
1894,1571,white,300+13,e4 e5 Nf3 Nf6 Nc3 d6 Bc4 Nc6 a3 Be7
1189,1480,black,900+10,d4 b6 e3 Bb7 f3 h5 Bd3 e6 Nc3 Bb4
1622,1521,white,600+5,e4 e5 Bc4 c6 Qh5 d5 exd5 Nf6 Qxe5+ Be7
1630,1548,black,600+5,e4 e5 f4 Nc6 Nf3 Nf6 Bc4 Bc5 fxe5 Nxe4
1685,1752,white,60+0,d4 Nf6 Bg5 d5 Bxf6 exf6 e3 Nc6 Bb5 Bd6
1683,1834,draw,60+0,e4 e5 Nf3 Nc6 Bc4 Bc5 O-O d6 d3 h6
1355,1283,white,300+2,e4 c5 Bc4 Nc6 d3 a6 Qf3 b5 Qxf7#
1632,1593,black,300+0,e4 c5 d4 b6 dxc5 bxc5 Be3 d6 e5 Nc6
1414,1539,black,300+0,e4 e5 Bc4 d6 Qf3 Nf6 d3 h6 Ne2 Be7
1202,1379,white,180+10,e4 Nf6 Nc3 d5 Qf3 d4 e5 Bg4 Qg3 dxc3
1820,1950,black,60+0,d4 c5 d5 e6 c3 Nf6 dxe6 fxe6 c4 d5
1582,1613,black,300+0,e4 c5 d3 e6 f4 Nc6 c3 d5 Nd2 d4
1364,1274,black,300+2,e4 c5 Bc4 Nc6 Qf3 e6 c3 a6 d3 b5
1561,1629,black,120+0,a3 e5 d3 Nc6 g3 f5 Bg2 Nf6 c4 b6
1736,1552,black,180+0,b3 b6 Bb2 Bb7 c4 e6 Nc3 Nf6 Nf3 Be7
1958,1813,white,60+0,d4 e6 c4 d5 Nf3 Nf6 g3 c6 Bg2 Bd6
1737,1698,black,60+0,e4 d5 Nf3 dxe4 Ng5 f5 Bc4 h6 Bf7+ Kd7
1500,1478,black,60+0,e4 e5 Qh5 Nc6 Nf3 Nf6 Qh3 Nd4 Nxd4 exd4
1236,1303,white,60+0,c4 d5 Nc3 dxc4 e3 b5 a4 a6 axb5 Bb7
1594,1495,white,420+7,d4 d5 c4 Nf6 cxd5 Nxd5 Nc3 Nxc3 bxc3 e6
1829,1688,white,60+0,d4 e6 c4 d5 Nc3 Be7 Nf3 Nf6 Bg5 O-O
1787,1707,white,360+2,e4 e5 Bc4 Nc6 a3 a6 d3 Nf6 Nc3 Bc5
1806,1965,black,60+0,d4 c5 d5 e6 c4 Nf6 Nc3 exd5 cxd5 d6
1710,1724,black,60+0,d4 Nf6 Bg5 d5 Bxf6 exf6 e3 Nc6 Bb5 Be6
1782,1763,white,180+0,d4 c5 dxc5 e6 Be3 Qa5+ Nc3 Bxc5 Bxc5 Qxc5
1696,1450,black,600+8,e4 c6 Nf3 Nf6 e5 Nd5 d4 d6 Bd2 Nd7
1518,1895,black,600+8,e4 e5 Bc4 Nc6 c3 Nf6 d3 Bc5 b4 Bb6
1771,1858,white,300+3,d4 d5 c4 c6 Nc3 Nf6 Nf3 e6 Bf4 Nbd7
1898,1559,white,300+13,e4 Nf6 Nf3 Nxe4 Bc4 d5 Bb3 e6 Nc3 Nxc3
1681,1836,white,60+0,e4 e5 Nf3 Nc6 c3 Bc5 d4 exd4 cxd4 Bb4+
1600,1486,white,60+0,e4 e5 Nf3 d6 Bc4 Bg4 d4 Bxf3 Qxf3 exd4
1330,1584,black,300+1,e4 e5 Nf3 d6 d4 exd4 Nxd4 Nf6 Nc3 Bd7
1363,1222,black,180+10,e4 Nf6 Nc3 d5 Bd3 dxe4 Nxe4 Ng4 Ng5 Qd5
1971,1800,draw,60+0,d4 e6 c4 d5 Nf3 Nf6 g3 h6 Bg2 c6
1522,1500,white,840+4,d4 e5 Nf3 e4 Ne5 Qe7 e3 Nc6 Nxc6 dxc6
1638,1551,white,120+0,d4 d6 Nf3 g6 c4 Bg7 Nc3 Nc6 g3 e5
1735,1699,white,60+0,e4 d5 Nf3 dxe4 Ng5 f5 Bc4 h6 Bf7+ Kd7
1821,1697,white,60+0,d4 e6 c4 d5 Nc3 Nf6 Nf3 Be7 Bg5 Nbd7
1738,1769,white,300+3,e4 c5 Nf3 e6 Bc4 a6 Nc3 b5 Be2 Bb7
1690,1801,white,360+8,e4 e5 Nf3 Nc6 Bb5 Nf6 Nc3 Bc5 O-O a6
1690,1746,white,60+0,d4 Nf6 Bg5 d5 f4 Nc6 Bxf6 exf6 Nf3 Bf5
1484,1378,white,300+5,e4 e5 Nf3 d6 d4 exd4 Nxd4 c6 Nf3 Bg4
1716,1195,white,300+0,e4 e5 Nf3 Nc6 d4 exd4 Nxd4 Nxd4 Qxd4 d6
1615,1773,black,600+0,e4 c5 Nf3 Nc6 Bc4 e6 d4 cxd4 Nxd4 a6
1667,1739,black,300+5,e4 e6 d4 d5 exd5 exd5 Bd3 Nf6 h3 g6
1546,1973,white,300+0,e4 e6 d3 d5 Nd2 c5 h3 Nc6 Ne2 Rb8
1689,1828,white,60+0,e4 e5 Nf3 Nc6 c3 Nf6 d4 d6 dxe5 dxe5
1365,1397,white,240+0,e4 e5 Nc3 Bb4 Nge2 Bxc3 Nxc3 Ne7 d3 O-O
1753,1793,black,180+0,e4 c5 Nf3 d6 Bc4 Nc6 Nc3 g6 d4 cxd4
1805,1966,black,60+0,d4 c5 d5 e6 c4 exd5 cxd5 d6 Nc3 g6
1604,1685,black,720+0,e4 e5 Nf3 Nc6 Bc4 h6 Nc3 Nf6 d4 Bd6
1570,1720,black,180+0,e4 b6 Bc4 Bb7 d3 e6 Nf3 c5 Nc3 Nc6
1770,1215,white,60+0,d4 d5 c4 e6 e3 Bb4+ Nc3 c5 cxd5 exd5
1732,1702,white,60+0,e4 d5 Nf3 dxe4 Ng5 h6 Nxe4 Qd5 Nbc3 Qc6
1567,1521,black,300+0,e4 d6 d3 g6 a3 Bg7 c3 e6 Be3 Ne7
1965,1705,white,900+0,e4 c5 Nf3 Nc6 d4 cxd4 Nxd4 Nf6 Nc3 d6
1973,1798,draw,60+0,d4 e6 c4 d5 Nf3 Nf6 g3 c6 Bg2 c5
1534,1586,black,300+8,e4 b6 Bc4 Bb7 Qh5 g6 Qf3 e6 d3 Bh6
1803,1743,draw,180+0,d4 c5 dxc5 e6 Be3 Qa5+ Nc3 Bxc5 Bxc5 Qxc5
1813,1704,white,60+0,d4 e6 c4 d5 Nc3 Nf6 Nf3 Be7 Bf4 O-O
1250,1504,black,180+2,e4 e5 f4 exf4 Nf3 Nc6 Bc4 d6 g3 fxg3
1270,1434,black,900+0,e4 e5 c3 Qf6 Nf3 Bc5 d4 exd4 cxd4 Bb4+
1771,1214,white,60+0,d4 d5 c4 e6 cxd5 exd5 Nc3 c6 a3 Nf6
1288,1506,black,420+0,c4 Nf6 Nc3 b6 f3 Bb7 e4 e6 Qc2 d5
1555,1646,black,360+6,e4 e5 d4 f6 c3 d6 Nf3 Ne7 Bb5+ c6
1224,1485,black,900+1,e4 e5 Nc3 Nf6 d3 c6 Nf3 Bd6 Bg5 h6
1692,1743,white,60+0,d4 Nf6 Bf4 d5 Nc3 Nc6 Nb5 e5 dxe5 Nh5
1781,1761,white,900+0,d4 Nc6 Bf4 d5 Nf3 Nf6 e3 a6 c4 e6
1717,1193,white,300+0,e4 e5 Nf3 Nc6 Bc4 Bc5 Nc3 a6 d3 h6
1556,1596,white,180+2,e4 c5 Nf3 Nc6 Bc4 Nf6 Nc3 e6 d4 d5
1288,1500,black,240+1,d4 d5 e3 Bf5 c4 e6 h3 c5 g4 Be4
1624,1641,black,300+0,Nf3 d6 c4 g6 g3 Bg7 Bg2 Nc6 O-O e5
1212,1772,black,60+0,e4 c5 Nc3 Nc6 Bb5 e6 Nf3 a6 Bxc6 bxc6
1803,1968,black,60+0,d4 c5 d5 e6 c4 exd5 cxd5 d6 Nc3 g6
1697,1821,black,60+0,e4 e5 Nf3 Nc6 c3 d6 d4 Bg4 Bb5 Bxf3
1751,1871,white,180+0,e4 Nf6 e5 Nd5 c4 Nb6 d4 d6 exd6 exd6
1727,1563,white,180+0,b3 b6 Bb2 Bb7 c4 f6 Nc3 Nc6 Nf3 d6
1730,1704,white,60+0,e4 d5 Nf3 dxe4 Ng5 f5 Bc4 Nh6 Nc3 e5
1659,1594,white,300+5,e4 e5 Bc4 Nf6 d3 h6 c3 Bc5 h3 a6
1860,1551,black,240+0,e4 c5 Nf3 e6 g3 d5 exd5 exd5 Bg2 Nc6
1647,1500,white,120+0,d4 d5 Nf3 e6 g3 Ne7 Bg2 Ng6 O-O c5
1826,1501,white,60+0,e4 Nf6 e5 Nd5 d4 Nb6 Nf3 d6 Bf4 Bg4
1572,1393,white,300+10,Nf3 e6 d4 h6 Bf4 d6 h3 Bd7 e4 a6
1578,1472,white,600+0,e4 e6 Bc4 d6 d3 Nf6 Nc3 Be7 Bd2 O-O
1548,1811,black,300+8,e4 e5 Nf3 Nc6 Bb5 d6 Bxc6+ bxc6 O-O Nf6
1773,1211,white,60+0,d4 d5 c4 e6 cxd5 exd5 e3 Bb4+ Nc3 Nf6
1344,1600,black,420+0,e3 e5 c3 d5 c4 c6 cxd5 cxd5 Bb5+ Bd7
1974,1797,white,60+0,e4 e6 Nf3 d5 e5 f6 c4 c5 cxd5 exd5
1429,1253,white,1500+0,e4 e5 Nf3 d6 h3 Nf6 Nc3 a6 d3 c5
1535,1764,black,120+0,e4 e6 Be2 d5 exd5 exd5 d4 Nc6 Nf3 Bf5
1583,1668,white,180+0,e4 c5 Bc4 d6 Bxf7+ Kxf7 f4 Nf6 d3 g6
1828,1689,white,60+0,d4 e6 c4 Nf6 Nc3 d5 cxd5 exd5 Bg5 Bd6
1757,1551,white,180+2,e4 e5 Nf3 Nc6 Bb5 d6 O-O Bd7 Re1 a6
1376,1568,black,240+0,e4 e5 Bc4 Nf6 Qf3 Bc5 d3 h6 Ne2 O-O
1797,1883,black,300+0,d4 Nf6 c4 c5 Nf3 cxd4 Nxd4 Nc6 b3 e5
1928,1764,draw,900+0,e4 e5 Nf3 Nc6 Bb5 a6 Bxc6 bxc6 Nxe5 Qe7
1584,1588,black,300+1,e4 e5 Nf3 d6 Nc3 Nf6 Bc4 Be7 O-O Nc6
1584,1519,white,600+8,e4 e5 h3 Nf6 d3 Bc5 Bg5 O-O Nf3 d6
1726,1751,white,300+0,e4 e6 Nf3 d5 exd5 exd5 d4 Nf6 Bg5 Be6
1695,1741,white,60+0,d4 Nf6 Bf4 d5 Nc3 h6 Nb5 e5 dxe5 Nh5
1406,1494,white,300+1,e4 c6 Bc4 d5 exd5 cxd5 Bb3 Nf6 Qf3 Be6
1508,1242,white,180+2,e4 d6 Nf3 Bg4 h3 Bxf3 Qxf3 g6 Bc4 Nf6
1829,1791,black,60+0,e4 e6 Nf3 d5 exd5 exd5 d4 Nf6 Nc3 c5
1745,1801,white,180+0,e4 c5 Nf3 Nc6 d4 cxd4 Nxd4 g6 Nxc6 bxc6
1096,1384,black,120+0,e4 e6 d4 d5 e5 Ne7 g4 Ng6 Nf3 c5
1751,1388,white,300+0,c4 g6 Nc3 Bg7 d4 d6 Nf3 Nf6 e4 O-O
1683,1835,draw,60+0,e4 e5 Nf3 Nc6 c3 Bc5 d4 exd4 cxd4 Bb4+
1501,1439,black,300+0,e4 e5 Nf3 d6 b3 Nf6 Bb2 Be7 Nc3 O-O
1598,1553,black,180+0,e4 e5 Bc4 d6 Bxf7+ Kxf7 f4 exf4 Nf3 Be7
1536,1764,white,600+0,e3 e5 Qh5 Nc6 Bc4 g6 Qf3 Nf6 Qd1 d5
1352,1702,black,360+8,e4 c5 d3 Nc6 Be3 Nf6 Bxc5 Qa5+ b4 Nxb4
1803,1817,white,60+0,d3 d6 d4 Nf6 c4 g6 Nc3 Bg7 Nf3 O-O
1728,1707,white,60+0,e4 d5 exd5 Qxd5 Nc3 Qe5+ Be2 Nc6 Nf3 Qf6
1364,1573,black,240+0,e4 e5 Bc4 Nf6 d3 Bc5 Bg5 h6 Bxf6 Qxf6
1472,1491,black,0+8,e4 e5 Nf3 d6 Bc4 Bg4 h3 Bh5 O-O Nf6
1571,1841,black,240+0,e4 d6 Nf3 Nc6 d4 g6 Nc3 Bg7 Bc4 Nf6
1604,1454,white,300+6,c3 e5 b4 d5 d4 e4 e3 Nf6 h3 h6
1370,1511,white,300+5,e4 e5 f4 Nf6 fxe5 Nxe4 Nf3 d6 Bc4 d5
1595,1283,black,240+1,e4 e5 Nf3 Nc6 d4 exd4 Nxd4 Nxd4 Qxd4 c5
1560,1582,white,600+8,d4 f5 Nf3 Nf6 Bf4 d5 e3 e6 Nc3 Bd6
1554,1418,white,300+0,e4 e5 d3 d6 h3 h6 Be2 Nf6 Nf3 Nc6
1384,1218,white,1740+30,d4 e6 c4 Nc6 Nf3 Nf6 h3 d5 c5 e5
1295,1754,black,360+0,c4 e5 e3 Nf6 d4 exd4 exd4 Bb4+ Bd2 Qe7+
1556,1733,black,180+0,e4 b6 Nf3 Bb7 d3 c5 g3 Nc6 Bg2 g6
1335,1486,black,420+7,e4 e5 Nf3 Nc6 Bc4 h6 O-O Bc5 Ne1 Nf6
1652,1613,white,300+0,a3 d5 d3 e6 g3 c5 Bg2 b6 Nc3 Bb7
1830,1687,draw,60+0,d4 e6 Nf3 d5 c4 Nf6 Nc3 Be7 Bf4 O-O
1795,1359,white,360+2,e4 e5 Bc4 c6 Qh5 d5 Qxe5+ Qe7 Qxe7+ Bxe7
1697,1738,white,60+0,d4 Nf6 Bg5 d5 Bxf6 exf6 e3 Bd6 Nc3 O-O
1756,1749,white,300+3,c4 e6 e3 d5 cxd5 exd5 Nf3 Nf6 a3 Be7
1278,1436,black,120+0,e4 e6 b3 d5 exd5 exd5 Bb2 Nf6 Qe2+ Be7
1666,1513,black,300+2,e4 e5 Nf3 Nc6 Bc4 Be7 O-O Nf6 d3 O-O
1550,1586,black,600+0,e3 e5 Qh5 Nc6 Bc4 Qf6 Qd1 Bc5 Nf3 d6
1805,1815,white,60+0,e4 e6 Nf3 d5 exd5 exd5 d4 Nf6 Nc3 c5
1234,1546,white,180+2,e4 e5 f4 exf4 Nf3 Nf6 Bc4 Nxe4 d3 Nd6
1733,1484,draw,60+0,e4 e5 Bc4 d6 Nf3 c6 d3 d5 Bg5 Be7
1524,1239,white,180+10,e4 Nf6 e5 Nd5 Bc4 e6 Qf3 Bc5 Bxd5 exd5
1726,1708,draw,60+0,e4 d5 Nf3 dxe4 Ng5 Nf6 Bc4 Be6 Bxe6 fxe6
1453,1556,black,540+9,e4 Nf6 e5 Nd5 c4 Nb6 c5 Nd5 Bc4 Nf4
1691,1826,white,60+0,e4 c5 Nf3 Nc6 d4 cxd4 Nxd4 Nxd4 Qxd4 d6
1788,1758,black,180+0,e4 c5 Nf3 Nc6 d4 cxd4 Nxd4 g6 Bc4 Bg7
1665,1710,white,180+5,d4 g6 c4 Bg7 Nc3 a6 e4 Nc6 Be3 d6
1803,1816,white,60+0,d4 d6 c4 Nf6 Nc3 g6 Nf3 Bg7 g3 O-O
1739,1550,white,180+0,b3 b6 Bb2 Bb7 c4 e6 Nc3 Qg5 Nf3 Qg6
1811,1706,black,60+0,d4 e6 Nf3 d5 c4 Nf6 Nc3 Be7 cxd5 exd5
1701,1816,black,300+8,f4 b6 Nf3 g6 d4 Bb7 e3 e6 Bd3 Ne7
1543,1490,white,60+0,a3 e5 d3 d5 g3 d4 Bg2 Nc6 c3 Bd7
1709,1725,white,60+0,d4 Nf6 Bg5 d5 Bxf6 exf6 e3 Bd6 Nf3 Nc6
1530,1980,black,120+0,e4 b6 d4 Bb7 d5 e6 dxe6 fxe6 Bd3 Nf6
1950,1767,white,180+0,c4 e6 g3 d5 Bg2 c6 Nf3 Nf6 O-O dxc4
1845,1566,white,240+0,e4 e5 Nf3 Nc6 g3 Nf6 Nc3 Be7 Bg2 d6
1500,1050,black,600+0,e4 Nf6 Nc3 d6 d4 Bg4 Nf3 d5 Bb5+ c6
1632,1810,black,120+0,e4 Nf6 d3 e5 Nf3 Nc6 Nc3 d5 Bg5 dxe4
1527,1603,black,300+0,e4 c5 a3 d6 b4 b6 c3 Nc6 Bb5 Bb7
1769,1776,white,180+0,e4 e5 Nf3 d6 Bc4 Bg4 Nc3 Nf6 h3 Bh5
1128,1501,black,120+0,e4 e6 Nc3 d5 e5 Ne7 d4 Ng6 Nf3 c5
1693,1500,white,480+0,g3 e5 Bg2 d5 d3 d4 Nf3 f6 c3 c5
1600,1385,white,300+1,e4 e5 Nf3 Nc6 d3 Bc5 Nc3 d6 Na4 Bb6
1573,1324,white,180+2,e4 c5 Nf3 Nf6 Nc3 Nc6 d4 d5 e5 Nd7
1480,1552,white,60+0,e4 d6 d4 g6 d5 Bg7 Nc3 c6 dxc6 Nxc6
1720,1797,black,60+0,e4 e5 Nf3 Nc6 c3 Nf6 d4 exd4 e5 Nd5
1604,1340,white,420+0,e4 c6 Bc4 g6 Qf3 e6 d3 Be7 Ne2 Na6
1570,1572,black,600+8,d4 d5 f4 Nf6 Nf3 Nc6 e3 a6 c4 Bg4
1713,1720,white,60+0,e4 d5 Nf3 dxe4 Ng5 h6 Nxe4 Nc6 Nbc3 Bf5
1664,1578,black,240+3,e4 e5 f4 exf4 Nf3 Nc6 d4 Nce7 Bc4 Nf6
1625,1697,black,60+0,e4 e5 f3 d6 d4 f5 exf5 Bxf5 dxe5 Nc6
1184,1386,black,300+10,d4 e6 e3 Be7 Nf3 a6 Bd3 h6 O-O d6
1761,1854,black,180+0,e4 Nf6 e5 Nd5 c4 Nb6 d4 d6 f4 dxe5
1462,1385,black,300+5,d4 d5 c4 dxc4 e3 Bf5 Bxc4 Nf6 Nf3 Be4
1291,1452,black,300+0,e4 e5 Bc4 d6 c3 Nf6 h3 Nxe4 Qf3 Nf6
1815,1774,white,60+0,d4 c5 c4 cxd4 Qxd4 Nc6 Qd1 e6 Nc3 a6
1446,1246,white,180+4,g3 e5 Bg2 d5 b3 Nf6 Bb2 Nc6 Nf3 e4
1709,1725,white,60+0,d4 Nf6 Bg5 d5 Bxf6 exf6 e3 Nc6 a3 Bf5
1765,1780,black,180+0,e4 c5 d4 cxd4 Nf3 Nc6 Bc4 g6 Nxd4 Bg7
1806,1712,black,60+0,d3 e6 c4 d5 e4 dxc4 d4 c5 d5 exd5
1528,1652,black,120+0,e4 e6 Nf3 d5 exd5 exd5 d4 Nf6 Nc3 Bg4
1195,1494,black,60+0,f4 d5 Nf3 d4 e3 dxe3 dxe3 Qxd1+ Kxd1 e6
1706,1615,white,60+0,e4 c5 c3 Nc6 d4 cxd4 cxd4 d5 Nc3 dxe4
1293,1662,black,180+1,d4 d6 b3 g6 Bb2 Bg7 Nc3 Nf6 e4 O-O
1705,1511,black,360+8,b4 e5 Bb2 f6 a3 c5 bxc5 Bxc5 e4 f5
1530,1659,black,840+4,d4 d5 c4 Nf6 c5 Nc6 e3 Bf5 Bb5 Qd7
1767,1586,white,300+3,c4 e5 e3 Nf6 a3 Bc5 b4 Be7 Bb2 d6
1726,1792,black,60+0,e4 e5 Nf3 Nc6 c3 Nf6 d4 exd4 e5 Nd5
1713,1720,black,60+0,b3 d5 Bb2 Bf5 e3 Nc6 d4 Nb4 Na3 e6
1798,1500,white,360+2,e4 e5 Bc4 c6 Qh5 Qf6 Nf3 b5 Bb3 g6
1520,1660,draw,120+0,e4 e6 d4 d5 exd5 exd5 Nf3 Nf6 Bd3 g6
1667,1705,black,300+5,e4 e6 d4 d5 exd5 exd5 Bd3 Nc6 c3 Nf6
1500,1529,white,300+2,b4 b5 Bb2 Bb7 d3 Nf6 e4 d5 e5 Nfd7
1524,1660,white,600+8,e4 e6 Nf3 d5 exd5 exd5 Bb5+ c6 Qe2+ Be7
1278,1524,white,120+0,c4 e6 Nc3 d5 d3 Nf6 cxd5 exd5 b3 Nc6
1606,1714,black,60+0,e4 e5 d3 d6 Nc3 f5 exf5 Bxf5 Be3 Nf6
1596,1541,white,600+0,e4 e6 Bc4 Qh4 d3 Bc5 Qf3 Nc6 Bb3 Nd4
1501,1605,black,300+1,e4 e5 d3 d6 Nc3 Be7 Be2 Be6 b3 Nc6
1790,1754,white,180+0,e4 c5 Nf3 d6 Bc4 Nc6 Nc3 Ne5 Nxe5 dxe5
1300,1408,black,480+0,d4 d5 e3 Bf5 c3 Nf6 Qa4+ c6 Qb3 Qc7
1801,1717,white,60+0,Nc3 e6 e4 d5 exd5 exd5 d4 Nf6 Nf3 Bd6
1750,1791,white,900+0,e4 e5 Nf3 Nc6 Bc4 Bc5 O-O Nf6 Nc3 O-O
1521,1498,black,120+1,c4 e5 b3 Nf6 Bb2 d6 g3 Bf5 Bg2 Nc6
1736,1518,black,300+5,d4 Nf6 c4 e6 Nc3 d5 Bg5 dxc4 e3 Be7
1562,1849,draw,240+0,e4 d6 Nf3 g6 d4 Bg7 Nc3 Nd7 Bf4 Ngf6
1576,1688,black,360+8,e4 c5 Qh5 d6 Bc4 e6 Nf3 Nf6 Qh4 Nc6
1555,1611,black,600+8,e3 e5 d4 Qe7 d5 Qb4+ c3 Qh4 g3 Qf6
1731,1702,black,60+0,d4 Nf6 Bg5 d5 Bxf6 exf6 Nc3 Nc6 e3 Bd6
1524,1655,white,120+0,e4 e6 Nf3 d5 Nc3 dxe4 Nxe4 Nf6 Nxf6+ Qxf6
1303,1562,black,600+5,g3 e5 Bh3 Nf6 f3 Bc5
1170,1497,black,60+0,f4 d5 e4 d4 c3 f6 cxd4 Qxd4 d3 e5
1428,1801,black,360+2,d4 b6 e4 Bb7 d5 h6 f3 e6 dxe6 fxe6
1722,1597,white,60+0,e4 e5 Nf3 g6 d4 Bg7 dxe5 Qe7 Bf4 d6
1391,1347,white,1740+30,d4 Nf6 c4 Nc6 d5 Na5 e4 Nxc4 Bxc4 Nxe4
1714,1719,black,60+0,e4 d5 exd5 Qxd5 Nf3 Bg4 Nc3 Bxf3 Qxf3 Qxf3
1744,1800,draw,180+0,e4 c5 d4 cxd4 Nf3 g6 Nxd4 Bg7 c3 Nc6
1752,1771,white,180+0,e4 d6 d4 c6 Nf3 Nf6 Bd3 Bg4 h3 Bh5
1664,1600,white,180+1,a3 e5 d3 d5 g3 Nc6 Bg2 Nf6 Nf3 Bg4
1708,1809,black,60+0,e4 e5 Nf3 Nc6 c3 Nf6 d4 exd4 e5 Nd5
1823,1849,black,120+0,g3 d5 Nf3 Nc6 Bg2 e5 d3 Nf6 Nc3 Be7
1592,1577,black,180+2,e4 c5 Nf3 Nc6 Nc3 e5 Bb5 a6 Bxc6 bxc6
1145,1058,white,600+0,e4 Nc6 d3 b6 Nc3 Bb7 Nf3 e5 b3 Nge7
1640,1501,white,60+0,d4 d5 Nf3 e6 g3 Nc6 Bg2 Bb4+ Bd2 Bxd2+
1458,1284,white,300+0,e4 e5 Nf3 d6 Be2 c6 O-O Qf6 d3 h6
1336,1608,white,420+0,e3 e6 c3 d5 g3 Nc6 Na3 Bd6 Qg4 Bxa3
1541,1394,white,120+0,e4 e6 Nf3 d6 d4 Nf6 Nc3 c5 dxc5 d5
1589,1729,white,60+0,e4 e5 Nf3 d6 Bc4 f5 exf5 Bxf5 O-O Nf6
1730,1703,black,60+0,d4 Nf6 Bf4 d6 Nc3 a6 e3 e6 Nf3 Bd7
1436,1596,black,300+8,e4 b6 d4 Bb7 Nc3 h6 Nf3 a6 Bf4 g5
1817,1700,white,60+0,d4 e6 c4 d5 cxd5 exd5 Nc3 c6 Nf3 Bd6
1493,1647,white,60+0,e4 e6 e5 d6 d4 dxe5 dxe5 Qxd1+ Kxd1 Bc5
1291,1760,black,480+0,d4 d5 c3 e6 e3 Nc6 Qa4 Bd7 Bb5 Nge7
1461,1362,white,0+8,e4 e5 Nf3 d6 Bc4 Bg4 h3 Bh5 O-O f6
1773,1605,white,300+3,c4 e5 e3 Nc6 a3 Nf6 b4 a6 Bb2 Be7
1580,1758,white,300+2,e4 d6 Bc4 c6 a3 Nf6 d3 d5 exd5 cxd5
1528,1500,white,300+8,e4 e5 Bc4 Qf6 Nc3 d6 Nd5 Qg5 Qf3 c6
1448,1216,black,180+4,e4 e5 Qf3 Qf6 Bc4 Nc6 d3 Nd4 Qd1 Bc5
1616,1566,white,600+5,e4 e5 f4 Nc6 Bc4 Nf6 Nc3 Bc5 fxe5 Nxe5
1123,1389,black,120+0,e4 e6 Nc3 d5 Nf3 Ne7 d4 Ng6 e5 c5
1715,1718,white,60+0,e4 d5 Nf3 dxe4 Ng5 Nf6 Bc4 h6 Bxf7+ Kd7
1764,1719,white,180+0,e4 d5 exd5 Qxd5 d4 c6 c4 Qa5+ Nc3 Bf5
1458,1401,white,1740+30,e4 e5 Nf3 Nc6 Bc4 h6 Nc3 a6 Nd5 Bc5
1708,1726,white,60+0,d4 Nf6 Bf4 d5 e3 a6 Nc3 Bg4 f3 Bf5
1544,1546,white,360+6,e4 Nf6 Nc3 e5 Nf3 d6 Bc4 Bg4 O-O Nbd7
1714,1606,white,60+0,e4 e5 Nf3 Nc6 Bc4 d6 O-O Be6 Bxe6 fxe6
1693,1824,white,60+0,e4 e5 Nf3 d6 c3 b6 d4 exd4 cxd4 Bb7
1510,1509,white,120+1,d4 d5 c4 e6 Nc3 Nf6 Bg5 dxc4 e4 h6
1278,1464,black,300+0,e4 e5 Bc4 Nf6 d4 exd4 e5 Ng8 Qf3 Qe7
1589,1355,white,420+0,e4 c6 Bc4 e6 Nc3 Nf6 d4 Bb4 Bg5 Bxc3+
1698,1797,black,180+5,b3 e5 g3 d5 Bh3 Nf6 Bxc8 Qxc8 e3 c5
1111,1673,black,180+1,Nf3 d6 e4 g6 Be2 Bg7 d4 Nf6 Nc3 O-O
1387,1300,white,60+0,Nf3 f5 d4 d5 e3 Nf6 c4 e6 c5 b6
1549,1631,black,120+0,e4 e6 Bc4 d5 exd5 exd5 Be2 Nf6 d4 Bb4+
1304,1431,white,180+4,e4 e5 Nf3 Qf6 d4 exd4 Qxd4 Qxd4 Nxd4 Bc5
1798,1746,draw,180+0,e4 e6 d4 c6 c4 d5 cxd5 exd5 e5 Bf5
1145,1510,black,60+0,e4 e5 Nf3 Nc6 Bb5 Bc5 O-O d6 c3 Bd7
1560,1338,black,600+3,e4 Nf6 d3 d5 e5 Nfd7 d4 e6 Bd2 h6
1572,1417,white,120+0,e4 e6 Nf3 d5 exd5 exd5 d4 Nf6 Nc3 c5
1715,1719,black,60+0,e4 d5 Nf3 dxe4 Ng5 f6 Nxe4 Bf5 Ng3 Bg6
1716,1658,black,300+5,e4 e5 Nf3 Nc6 d4 exd4 Nxd4 Qf6 Be3 Bc5
1860,1857,black,120+0,e4 d6 d4 g6 c4 Bg7 Nc3 Nc6 Nf3 e5
1597,1722,black,60+0,e4 e5 Nf3 d6 Bc4 Bg4 O-O f5 d3 Nf6
1559,1505,black,600+8,d4 Nf6 f4 d5 Nf3 e6 c4 Nc6 Nc3 dxc4
1613,1451,black,300+1,e4 b6 d3 Bb7 Nf3 d5 exd5 Qxd5 Nc3 Qe6+
1537,1570,white,300+0,e4 e5 f4 exf4 Nf3 Nc6 Bc4 Be7 O-O Nf6
1677,1513,white,60+0,e4 f6 d4 e5 d5 c6 Nf3 cxd5 Qxd5 Ne7
1694,1902,draw,720+0,e4 c5 Nf3 e6 d4 cxd4 Nxd4 Nf6 Nc3 Bb4
1506,1720,black,60+0,e4 d5 e5 e6 d4 Nc6 Nf3 Nge7 Be3 Nf5
1729,1704,white,60+0,d4 Nf6 Bg5 d5 Bxf6 exf6 e3 Nc6 Qf3 Be6
1539,1640,black,120+0,e4 e6 Nc3 d5 exd5 exd5 d4 Nf6 Nf3 Bb4
1729,1589,black,60+0,e4 g6 d4 Bg7 Nf3 d5 Nc3 dxe4 Nxe4 Bg4
1784,1812,white,300+3,d4 d5 c4 c6 Nc3 Nf6 Nf3 e6 Bg5 h6
1696,1569,black,360+8,b4 e5 Bb2 Qf6 a3 Nc6 e4 Nh6 Nf3 Bd6
1436,1468,white,1500+0,e4 e5 Nf3 Nc6 c3 Bc5 a3 Nf6 Bd3 Ng4
1739,1353,black,240+0,d4 d5 c4 e6 Nf3 Bb4+ Bd2 Bxd2+ Nbxd2 Nd7
1815,1774,black,180+0,f4 e6 Nf3 d5 d4 Nc6 e3 f5 c3 Nf6
1818,1810,white,60+0,c4 f6 Nc3 e5 Nf3 Bc5 d3 Ne7 g3 O-O
1589,1678,black,180+2,e4 e5 Nf3 Nc6 Bb5 Nge7 O-O g6 Re1 Bg7
1501,1617,white,300+5,e4 d6 d4 e6 Nc3 c6 Nf3 h6 Bc4 d5
1395,1051,black,60+0,Nf3 d5 d4 Nf6 Ne5 Nc6
1480,1593,white,600+0,d4 d5 c4 dxc4 Nc3 a6 Nf3 b5 e3 h6
1856,1500,white,300+6,e4 e5 Nf3 Nc6 Bb5 Bc5 c3 a6 Ba4 b5
1596,1599,black,300+2,e4 e5 Bc4 Nf6 d3 Bc5 h3 d6 a3 Nc6
1449,1379,black,120+0,e4 e6 Nf3 d5 Bb5+ Bd7 Bxd7+ Nxd7 Nc3 Nb6
1596,1848,black,120+0,e4 Nc6 Nf3 e5 Bc4 Nf6 d3 Be7 Nbd2 O-O
1694,1739,white,60+0,e4 d5 exd5 Qxd5 Nc3 Qe5+ Qe2 Qxe2+ Bxe2 Nc6
1751,1501,white,60+0,e4 d5 exd5 Qxd5 Qe2 Nf6 Nc3 Qd6 Nf3 e5
1530,1648,black,120+0,e4 e6 Nh3 d5 exd5 exd5 Nf4 Nf6 d4 Bb4+
1326,1392,black,300+10,e4 e6 Nc3 a6 d4 h6 Nf3 d6 Bc4 Be7
1727,1706,black,60+0,d4 Nf6 Bf4 d5 Nc3 a6 e3 Nc6 Nf3 Bg4
1804,1827,white,420+0,d4 d5 Bf4 e6 e3 Nf6 Bd3 c6 c3 Nbd7
1456,1556,black,600+5,e4 e5 Nf3 Nc6 Bc4 Nf6 Ng5 d5 exd5 Na5
1700,1739,black,240+4,e4 e5 Nf3 d6 Nc3 Be7 h3 Nf6 Bc4 O-O
1606,1799,black,60+0,e4 e5 Nf3 Nc6 Bc4 h6 O-O Bc5 c3 Nf6
1797,1729,white,300+8,e4 e5 f4 d6 Nf3 Bg4 Bc4 Nc6 O-O Nd4
1496,1774,black,60+0,e3 d5 d4 Bd7 Nc3 Qc8 Qf3 c6 Nh3 Bg4
1779,1763,white,900+0,d4 d5 Bf4 Nf6 e3 Bf5 c4 e6 Nc3 c6
1739,1407,white,300+0,e4 e5 d4 Bb4+ c3 Ba5 Nf3 exd4 Qxd4 Nc6
1714,1621,white,300+2,d4 f5 c4 e6 Nc3 Be7 e4 Nf6 e5 Ng8
1652,1563,white,900+0,e4 e5 f4 exf4 Nf3 Nf6 Nc3 d5 exd5 Nxd5
1718,1716,white,60+0,e4 d5 Nf3 dxe4 Ng5 f6 Nxe4 e5 Nbc3 Nc6
1237,1241,black,120+2,d4 d5 c4 e6 a3 c6 Nc3 Nf6 c5 Nbd7
1289,1389,white,480+0,d4 d5 c3 e6 e3 h6 Qa4+ Bd7 Qb3 Bc6
1538,1199,white,900+0,e4 e6 Nf3 d5 e5 Nc6 d4 Bd7 Nc3 Qe7
1396,1654,black,300+0,g3 e6 Bg2 d5 d3 Nc6 Nf3 Bd7 a3 a6
1853,1592,white,120+0,e4 Nf6 e5 Nd5 c4 Nb6 d4 d6 f4 dxe5
1522,1392,white,120+0,e4 e5 Nf3 Nc6 Nc3 d6 Bb5 Bd7 Bxc6 Bxc6
1316,1370,black,180+4,e4 e5 Nf3 Nc6 Bb5 d6 d3 a6 Bxc6+ bxc6
1805,1600,white,60+0,d4 d5 c4 dxc4 Nc3 Nf6 Nf3 e6 e4 Bb4
1670,1750,white,300+5,e4 c5 Bc4 e6 Qe2 Nc6 c3 d6 Bb3 Nf6
1387,1257,white,300+5,e4 e5 Nf3 f6 d4 exd4 Nxd4 Bb4+ Bd2 c5
1793,1492,white,60+0,e3 e5 d4 e4 Bc4 Nf6 Nh3 d5 Bb5+ Bd7
1805,1686,white,180+5,e4 e5 f4 Qh4+ g3 Qe7 Nc3 exf4 Nge2 fxg3
1656,1500,black,120+0,d4 e6 Nf3 d5 g3 Nf6 Bg2 Bd6 O-O c5
1350,1594,black,420+0,e3 e6 c3 d5 Na3 Bxa3 bxa3 Nf6 a4 O-O
1694,1860,white,300+6,f4 d5 Nf3 e6 d4 c5 e3 Nf6 c3 Ne4
1383,1530,white,120+0,e4 e5 Nf3 d6 Nc3 Be7 Bc4 Nf6 d4 exd4
1693,1641,white,420+8,e4 e5 Nf3 Nc6 Nc3 Nf6 d4 exd4 Nxd4 Nxd4
1367,1304,black,480+0,d4 d5 e3 c6 h3 e6 a3 Qa5+ Qd2 Bb4
1594,1810,white,60+0,e4 e5 Nf3 Nc6 Bc4 h6 O-O Bc5 d3 d6
1646,1437,black,120+0,e4 e6 Nf3 d5 exd5 exd5 d4 Nf6 Qe2+ Be7
1719,1807,white,300+8,e4 d5 e5 Nc6 d4 Bf5 Bb5 Qd7 Bxc6 Qxc6
1644,1344,white,300+0,e4 e5 Bc4 c6 Qf3 Ne7 Qxf7#
1725,1613,black,300+2,d4 f5 c4 e6 Nc3 Nf6 Bg5 h6 Bf4 g5
1817,1775,white,300+3,e4 c6 Bc4 d5 exd5 cxd5 Bb3 Nc6 Qf3 Nf6
1488,1809,black,60+0,e4 e5 d4 exd4 Qxd4 Nc6 Qd1 Qh4 Nc3 f6
1857,1805,white,120+0,e4 Nf6 e5 Nd5 c4 Nb6 d4 d6 f4 dxe5
1563,1508,white,60+2,d4 f5 c4 e6 Nc3 c6 g3 d5 Bg2 Bd7
1551,1299,white,300+0,e4 e5 Nf3 b6 Bc4 h6 d3 d6 O-O Ba6
1267,1318,black,300+1,e4 e5 Nf3 Qf6 Nc3 d6 Nd5 Qd8 d3 Be6
1648,1484,white,300+0,e4 Nf6 e5 Nd5 Bc4 Nb6 Bb3 g6 Qf3 e6
1539,1919,black,180+0,d4 e6 Nf3 c5 dxc5 Qc7 Nc3 Bxc5 g3 a6
1195,1126,white,300+8,d4 a5 e3 Ra6 Bxa6 bxa6 Nf3 Nc6 O-O Nf6
1793,1612,white,60+0,e4 c5 Nc3 Nc6 Bc4 e6 d4 cxd4 Nce2 Bc5
1780,1795,white,300+3,c4 Nf6 e3 d5 cxd5 Nxd5 a3 Bf5 b4 e6
1748,1408,white,60+0,Nf3 b5 e3 b4 d4 Bb7 c4 bxc3 Nxc3 e6
1337,1756,white,360+0,e4 e5 Bc4 Nf6 d3 c6 Bg5 d5 Bxf6 Qxf6
1398,1374,white,1740+30,e4 e5 Qf3 Nc6 Bc4 Nf6 d3 Nd4 Qd1 d6
1822,1484,white,60+0,e4 e5 Nf3 Nc6 Bc4 Bc5 d3 d6 Ng5 Be6
1630,1604,black,600+5,e4 d5 exd5 c6 dxc6 Nxc6 Bb5 Bd7 Qf3 a6
1514,1507,white,120+0,e4 e6 Nf3 c5 Nc3 b6 d4 Bb7 d5 Ne7
1597,1557,black,300+1,e4 c5 d3 e5 Nf3 Nc6 Nc3 Nf6 h3 Be7
1541,1441,white,900+0,e4 e5 Nf3 Nc6 Nc3 Bb4 a3 Bxc3 dxc3 Nge7
1650,1500,white,1500+0,e4 d6 d4 c6 Nc3 Nf6 e5 dxe5 dxe5 Qxd1+
1752,1867,white,120+0,e4 Nc6 Nf3 e5 Bb5 a6 Ba4 Nf6 O-O Be7
1386,1401,black,300+10,e4 e6 Nc3 a6 d4 d6 Bd3 h6 Nf3 Be7
1489,1522,black,840+4,d4 d5 c4 dxc4 Qa4+ Nc6 e3 Bf5 Nc3 Bd3
1679,1812,white,180+5,d4 Nf6 c4 e5 d5 Bb4+ Bd2 Bxd2+ Nxd2 O-O
1733,1363,white,360+0,e4 e5 Nf3 d6 d4 Bg4 dxe5 Bxf3 Qxf3 dxe5
1407,1515,white,180+4,e4 a6 d4 b5 g3 Bb7 Bg2
1500,1635,draw,60+2,e4 e5 Nf3 Nc6 d4 d5 dxe5 Bg4 Qxd5 Qxd5
1620,1411,white,300+10,c3 e6 b4 a6 e4 h6 Nf3 d6 h3 Bd7
1481,1834,black,60+0,f4 d5 Nf3 Bg4 Ne5 Be6 e3 f6 Nd3 Bf5
1751,1869,white,60+0,Nf3 e6 d4 d6 Bg5 Be7 Bxe7 Nxe7 Nbd2 O-O
1659,1469,black,300+0,e4 e5 Bc4 Bc5 Nf3 Nf6 d3 d6 c3 c6
1500,1500,black,180+0,d4 e6 a3 d5 Nc3 Nf6 Bf4 Bd6 Qd2 O-O
1760,1816,black,420+0,e4 e6 d4 d5 exd5 exd5 Nf3 Nf6 Bg5 Be7
1458,1294,white,180+4,e4 e5 Nf3 b6 d3 Bb7 Nxe5 d5 Qf3 Nh6
1798,1694,white,180+5,e4 e5 f4 Qh4+ g3 Qe7 fxe5 d6 Bg2 dxe5
1328,1168,white,300+1,e3 e5 d4 exd4 Qxd4 Nc6 Qe4+ Be7 Bb5 Nf6
1535,1565,black,360+6,e4 Nf6 e5 Ne4 Qf3 d5 d3 Nc5 d4 Ne4
1585,1507,draw,300+2,e4 g6 Nf3 Bg7 Bc4 c5 Ng5 e6 d3 d6
1529,1555,black,600+3,e4 e5 g3 Nf6 Bg2 d5 d3 dxe4 Bg5 exd3
1525,1496,black,120+0,e4 e6 Nf3 b6 d4 d5 e5 f6 exf6 Nxf6
1844,1478,white,60+0,e4 e5 Bc4 d6 Bxf7+ Kxf7 Qf3+ Ke8 Nh3 Nf6
1853,1766,white,60+0,d4 d5 c4 e6 g3 Nf6 cxd5 exd5 Nc3 c6
1763,1808,black,60+0,d4 c6 c4 d5 e3 Nf6 cxd5 cxd5 Nc3 a6
1609,1503,white,60+2,d4 f5 Bf4 e6 g3 d5 Bg2 Bd6 Qd2 Bxf4
1486,1638,white,300+0,e4 c5 Bc4 Nc6 Nf3 e6 c3 h6 d4 cxd4
1599,1345,black,420+0,e4 e6 d3 b6 Nf3 Nc6 Bg5 f6 Bh4 Bb7
1799,1630,white,60+0,e4 e6 b3 d5 e5 Nc6 c3 Nge7 d4 Ng6
1736,1747,white,300+3,e4 c6 d4 d5 e5 Bf5 c3 e6 Be3 Nd7
1449,1210,white,180+0,e4 e5 Nf3 Nc6 Nc3 Nf6 Nxe5 Nxe5 d4 Nc6
1827,1485,black,360+2,e4 e5 Bc4 Nc6 a3 Nf6 d3 h6 Nc3 d6
1516,1467,white,300+5,e4 b6 Nf3 Bb7 Nc3 g6 d4 Bg7 Bc4 e6
1348,1600,black,480+0,e4 e5 Nf3 d6 h3 Nc6 Bb5 Bd7 a3 Nf6
1475,1854,white,60+0,e4 d5 e5 e6 d4 Bd7 Nf3 Qe7 Bd3 Qb4+
1929,1641,white,540+3,e4 c6 d4 b5 Nf3 Bb7 c4 a6 Nc3 e6
1608,1852,white,120+0,e4 Nc6 Nf3 e5 Nc3 Nf6 d3 Be7 Bd2 O-O
1337,1283,white,180+0,d4 e6 a3 d5 Nc3 Nc6 Bf4 g6 Nb5 Bd6
1758,1567,white,60+0,d4 c5 Nf3 cxd4 Nxd4 Nf6 e3 Nc6 Nxc6 bxc6
1624,1805,black,60+0,d4 d5 Nf3 Nf6 g3 Bg4 Bg2 e6 O-O Bd6
1432,1499,white,240+0,d4 d5 Bf4 h6 Nf3 g5 Bg3 a6 Nc3 Nd7
1660,1678,black,900+0,e4 e5 f4 exf4 Nf3 Bc5 d4 Bb6 Bc4 Nf6
1365,1579,black,420+0,e3 e5 Bc4 Nf6 Nc3 Bb4 b3 O-O Bb2 d5
1512,1302,black,120+0,e4 e5 Nf3 d6 Nc3 Nf6 Bc4 h6 d4 exd4
1789,1597,black,120+0,g3 d5 Nf3 c5 Bg2 Bf5 d3 Nc6 Nc3 Nf6
1686,1805,white,180+5,d4 Nf6 c4 e6 Nc3 Bb4 a3 Bxc3+ bxc3 O-O
1455,1387,white,180+0,e4 d6 Nf3 c5 Nc3 g6 Bb5+ Bd7 Bxd7+ Nxd7
1782,1497,black,60+0,e4 e5 Bc4 d6 Bxf7+ Kxf7 Qf3+ Ke8 Nh3 Nf6
1825,1750,black,420+0,d4 Nf6 c4 c5 e3 cxd4 exd4 d5 Nc3 e6
1762,1769,white,120+0,g3 Nf6 Nf3 d6 Bg2 g6 d3 Bg7 Nc3 O-O
1489,1698,white,900+1,e4 g6 Bd3 Bg7 Bc4 d6 Qf3 Nf6 h3 Nc6
1763,1843,black,60+0,d4 Nf6 Nf3 g6 c4 Bg7 Nc3 d6 Bg5 O-O
1500,1570,black,240+0,d4 d5 e3 Nf6 Bd2 e6 Nc3 Be7 Bd3 O-O
1479,1605,white,300+0,e4 c5 Bc4 Nf6 e5 d5 Bxd5 Qxd5 exf6 Qxg2
1445,1486,draw,240+1,d4 d5 c4 c6 Nf3 dxc4 e3 b5 a4 Ba6
1811,1618,white,60+0,e4 e6 Nc3 d5 exd5 exd5 d4 Nf6 Bg5 Bb4
1467,1258,white,300+1,d4 d5 Bf4 Nc6 Nc3 Bg4 Nb5 Qd7 Nxc7+ Kd8
1707,1389,white,300+0,d4 g6 c4 Bg7 e4 Nc6 Be3 Nh6 Qd2 Ng4
1522,1565,black,600+5,e4 e5 Nf3 Nc6 Nc3 Nf6 a3 Bc5 b4 Bd4
1945,1662,white,300+0,d4 e6 c4 d5 Nc3 Nf6 Bg5 Be7 e3 O-O
1495,1500,black,120+0,e4 e5 Nf3 d6 Nc3 Bg4 d4 Bxf3 Qxf3 exd4
1683,1784,black,300+5,e4 c6 Nf3 d5 e5 Bf5 d4 e6 h3 Ne7
1495,1652,black,60+2,e4 e5 Nf3 Nc6 d4 d5 dxe5 dxe4 Qxd8+ Nxd8
1612,1816,black,60+0,d4 d5 Nf3 Nf6 b3 Bg4 c4 c6 c5 b6
1852,1755,white,60+0,e4 c6 d4 d5 e5 Bf5 Nc3 e6 h4 h5
1632,1703,black,420+8,e4 e5 Nf3 Nc6 Bc4 h6 d3 Nf6 c3 d6
1699,1631,white,720+0,e4 e5 Nf3 Nc6 Bc4 h6 c3 Nf6 Qb3 Qe7
1488,1719,white,60+0,e4 g6 d3 Bg7 c3 b6 Bd2 Bb7 Be2 e6
1603,1495,white,600+0,g3 d5 Bg2 Nf6 Nf3 Bf5 O-O Nc6 Nc3 e6
1459,1186,white,180+0,d4 d5 Nc3 Bf5 Bf4 e6 Nb5 Na6 a3 Bd6
1205,1630,black,600+8,d4 Nf6 e3 e6 Bd3 d5 Nf3 Nc6 O-O Bd6
1319,1513,white,480+0,e4 e5 Nf3 d6 h3 c6 d3 Be6 Nc3 Nf6
1410,1436,black,300+1,e4 e5 Qh5 d6 Bc4 g6 Qf3 Nf6 d3 Nc6
1746,1860,white,60+0,d4 Nf6 Nf3 g6 Bg5 Bg7 Bxf6 Bxf6 e4 d6
1487,1672,black,120+0,e4 e5 Nc3 d6 Nf3 Bg4 Be2 Bxf3 O-O Nf6
1822,1606,white,60+0,d4 f5 c4 Nf6 Nc3 e6 Bg5 Bb4 h3 Bxc3+
1275,1254,black,120+2,c4 e5 Nc3 Nc6 f3 Nf6 e4 Bc5 Nge2 d6
1360,1720,black,300+4,e4 e5 Bc4 Nc6 Ne2 Bc5 c3 Nf6 d3 O-O
1495,1437,white,900+1,e4 e5 Nf3 d6 d4 Bg4 d5 Nf6 Nc3 g6
1663,1517,white,60+0,e4 e5 Bc4 Nc6 Nf3 Bc5 d3 d6 c3 Be6
1359,1468,black,420+0,c3 e5 e3 d5 Na3 Nf6 c4 c6 cxd5 cxd5
1481,1738,white,120+0,e4 e5 Bc4 d6 Nf3 h6 d4 exd4 Nxd4 g6
1347,1505,black,60+0,e4 d6 Nc3 e6 Nf3 Be7 d4 Nd7 Bb5 b6
1723,1357,white,300+4,e4 e5 Bc4 Nc6 Nf3 d6 O-O Bg4 c3 Nf6
1601,1827,white,60+0,e4 e5 Nf3 Nc6 b3 Bc5 Bb2 d6 Bc4 h6
1966,1868,black,0+1,e4 d5 d4 e6 exd5 exd5 Nf3 Nf6 h3 Be7
1949,1883,white,0+1,e4 d5 exd5 e6 dxe6 Bxe6 d4 Nf6 Nf3 Be7
1532,1842,black,300+6,e4 c5 Bc4 Nc6 c3 d6 f4 a6 g3 e6
1465,1283,black,180+0,e4 e5 Nf3 d6 g3 Bg4 Bg2 Nf6 Nc3 c6
1577,1787,black,180+0,e4 e6 Nf3 d5 exd5 exd5 d4 c5 dxc5 Bxc5
1469,1568,black,120+2,e4 e5 Nf3 Nc6 Bb5 d6 h3 a6 Ba4 b5
1509,1683,black,60+0,e4 g6 e5 Bg7 d4 d6 Nf3 dxe5 dxe5 Bg4
1845,1761,white,60+0,e4 c6 d4 d5 e5 Bf5 Nc3 h5 Bd3 Bxd3
1834,1758,white,120+0,e4 e6 d4 d5 Nc3 Bb4 a3 Bxc3+ bxc3 dxe4
1494,1565,white,600+0,d4 d5 c4 dxc4 Nf3 Bf5 Nc3 Nc6 e3 Nb4
1583,1610,black,300+2,e4 e5 Bc4 Nf6 d3 Nc6 a3 Bc5 h3 d5
1562,1512,black,60+0,e4 d6 d4 e6 Nf3 Bd7 Bc4 Nc6 c3 Be7
1486,1580,white,180+2,e4 c5 Nf3 Nc6 Bb5 Nf6 Bxc6 bxc6 e5 Nd5
1377,1326,white,60+0,Nf3 d5 d4 e6 e3 g6 c3 Bg7 Bd3 Nf6
1809,1619,white,60+0,d4 d5 c4 dxc4 Nc3 Nf6 Nf3 e6 a4 Bb4
1949,1325,white,300+0,d4 d5 c4 e6 Nf3 c5 cxd5 exd5 e3 Nc6
1497,1569,white,120+0,e4 e5 Nf3 d6 Bc4 Be6 Bxe6 fxe6 d4 exd4
1873,1683,white,60+0,e4 d5 d4 dxe4 Nc3 Bf5 Bg5 f6 Bh4 g5
1862,1780,white,120+0,d4 Nf6 Nf3 d6 c4 g6 Nc3 Bg7 e4 Nc6
1366,1300,black,240+0,e4 e5 Nf3 Nf6 Bc4 Nxe4 Nxe5 d5 Bb5+ c6
1500,1493,black,420+7,d4 d5 e3 Nf6 Be2 Nc6 Bd2 Bf5 Nf3 a5
1203,1554,black,1800+30,d4 d5 e3 Bf5 Nc3 e6 Bd3 Nf6 Nf3 c5
1700,1502,black,60+0,e4 e5 Bc4 d6 Bxf7+ Kxf7 Nf3 Ke7 Ng5 Ke8
1791,1701,black,180+5,e4 e5 f4 Qh4+ g3 Qe7 fxe5 d6 Nf3 dxe5
1683,1627,black,420+9,e4 e5 Nf3 Nc6 Bc4 h6 Nc3 Nf6 a3 Be7
1752,1854,black,60+0,Nf3 d5 d4 e6 Bg5 Nf6 Bxf6 Qxf6 Nbd2 Bb4
1525,1613,black,60+0,e4 e5 d3 Nc6 c4 b6 Be3 Bb7 Be2 Nd4
1658,1879,black,60+0,d4 d5 Bf4 e6 Nc3 Bd6 e3 Bxf4 exf4 Qd6
1460,1277,white,600+0,e4 d6 Nf3 e5 d4 Bg4 dxe5 dxe5 Qxd8+ Kxd8
1316,1387,white,60+0,d4 d5 g3 c5 Bg2 cxd4 Nf3 e6 Nxd4 Qa5+
1502,1287,white,180+0,d4 d5 Nc3 g6 Bf4 a6 f3 Bg7 Qd2 c6
1591,1602,black,300+0,e4 c6 d4 d5 e5 Bf5 Bd3 Bg6 Bxg6 hxg6
1709,1749,black,120+0,d4 e6 c4 Nf6 Nc3 Bb4 Bg5 c5 d5 h6
1815,1805,draw,60+0,e4 d6 d4 Nf6 Bd3 g6 c3 Bg7 Bg5 O-O
1521,1656,black,60+0,e4 g6 e5 Bg7 d4 b6 Nf3 Bb7 Bf4 Bxf3
1439,1336,white,600+0,f4 d5 e3 Nc6 Nf3 e6 Bd3 f6 b3 e5
1688,1649,white,900+0,e4 e5 Bc4 Nc6 Nf3 h6 O-O d6 c3 Nf6
1950,1711,white,300+0,d4 d5 c4 c6 Nc3 Nf6 Nf3 e6 Bg5 h6
1792,1572,white,180+0,e4 e5 Bc4 Nc6 Nf3 Be7 O-O Nf6 d3 O-O
1622,1516,black,60+0,d4 d6 Nf3 e6 c4 Be7 Nc3 Nd7 g3 b6
1764,1539,black,240+0,d4 b6 e4 Bb7 d5 g6 c4 Bg7 Nc3 Nf6
1862,1744,white,60+0,e4 c6 d4 d5 e5 Bf5 Nc3 e6 h4 Be7
1501,1618,white,180+0,e4 c5 Nc3 Nc6 Nf3 e5 Bb5 d6 Bxc6+ bxc6
1509,1133,white,120+0,e4 c5 Nf3 Nc6 Nc3 Nf6 Bb5 Nd4 O-O a6
1526,1573,black,600+5,e4 e5 Nf3 Nc6 Bb5 Nf6 d3 Bc5 h3 d6
1725,1612,black,300+8,e4 e5 Nf3 Nc6 d4 exd4 Nxd4 Bc5 Nxc6 Qf6
1476,1351,white,420+0,e4 e6 d4 c6 Nf3 Nf6 Nc3 Bb4 e5 Bxc3+
1461,1500,white,60+4,e4 e5 Nf3 Nc6 Bb5 Bb4 c3 Bc5 O-O Qe7
1539,1638,black,540+3,e4 e6 d4 d5 Nc3 Bb4 Bd2 Bxc3 Bxc3 dxe4
1373,1330,white,60+0,g3 e5 Bg2 c6 e3 g6 d4 Bg7 dxe5 Bxe5
1613,1328,black,120+0,e4 e5 Nc3 Nc6 f4 Qh4+ g3 Qd8 Nf3 exf4
1885,1639,white,60+0,e4 e5 d4 Bc5 dxc5 Nf6 Nc3 O-O Bg5 Nc6
1690,1457,white,240+4,e4 b6 d4 Bb7 Bd3 g6 Nf3 Bg7 O-O h6
1767,1871,black,120+0,g3 d6 Nf3 Nc6 Bg2 Nf6 d3 g6 Nc3 Bg7
1805,1815,black,60+0,e4 e5 Nf3 Nc6 d4 exd4 Nxd4 Bc5 Nxc6 Qf6
1673,1513,white,60+0,e4 e5 Bc4 c6 Qf3 d5 exd5 cxd5 Bxd5 f6
1700,1580,black,420+14,e4 e5 Nf3 Nc6 Bc4 h6 Nc3 Bc5 d3 d6
1356,1594,black,120+0,e4 c6 d4 d5 e5 Bf5 Bd3 Bxd3 Qxd3 e6
1508,1728,black,600+0,d4 d5 c4 Nf6 Nf3 e6 a3 Be7 Nc3 c5
1737,1870,black,60+0,d4 Nf6 Bg5 g6 Bxf6 exf6 e4 Bg7 Bd3 O-O
1708,1812,black,720+0,e4 d6 d4 g6 Nf3 Bg7 Be2 c6 O-O Nf6
1240,1291,black,240+3,e4 Nf6 e5 Nd5 Nf3 g6 d4 Bg7 Bd2 d6
1320,1383,white,60+0,d4 e6 g3 d5 Bg2 Nf6 Nf3 Ne4 O-O Bd6
1792,1727,black,300+8,e4 c5 f4 Nc6 Nf3 g6 Bc4 Bg7 O-O e6
1607,1759,black,120+0,d4 Nf6 Nf3 g6 c4 Bg7 Nc3 O-O g3 d6
1531,1623,black,60+0,e4 b6 d3 Bb7 c4 c5 Be3 Nc6 Be2 g6
1490,1399,white,300+8,e4 e5 Nf3 f6 Bc4 a6 Nc3 b5 Bd5 c6
1803,1580,white,300+0,d4 d5 c4 e6 Nc3 dxc4 e4 Nf6 Bxc4 Nc6
1350,1380,white,240+0,e4 e5 Bc4 Nc6 Qh5 Nb4 Qxf7#
1715,1778,black,180+5,d4 Nf6 c4 e5 d5 Bb4+ Bd2 Bxd2+ Nxd2 O-O
1789,1810,black,300+0,d4 g6 c4 Bg7 Nf3 Nf6 b3 O-O Bb2 d6
1524,1498,black,1500+12,e4 e6 Nf3 Nf6 Ne5 Nxe4 Qf3 f6 Nc4 d5
1640,1698,white,900+0,e4 e5 Bc4 Bc5 d3 h6 Nf3 Nf6 Nxe5 d6
1566,1797,black,180+0,e4 e6 Nf3 d5 exd5 exd5 d4 Bg4 Be2 Nf6
1573,1746,black,300+2,e4 c5 Bc4 e6 a3 Nc6 c3 Nf6 d3 a6
1533,1501,white,420+7,e4 e5 Nf3 Nc6 Bc4 h6 O-O Nf6 Nc3 d6
1506,1689,black,60+0,e4 g6 e5 Bg7 d4 d6 Nf3 dxe5 dxe5 Qxd1+
1825,1890,black,60+0,d4 d5 c4 e6 Nc3 Nf6 Nf3 Be7 Bf4 O-O
1364,1567,black,240+0,e4 c5 Bc4 e6 Nc3 Nf6 Nf3 d5 exd5 exd5
1426,1455,black,600+2,e4 e5 Nf3 Nc6 Nc3 Bc5 a3 Nf6 b4 Bd4
1549,1728,black,120+0,e4 e6 d4 c5 c3 d5 exd5 exd5 Bb5+ Nc6
1415,1302,white,600+2,e4 c6 Nf3 d5 exd5 cxd5 d4 Nf6 Nc3 Bf5
1846,1764,white,300+6,e4 e5 Nf3 d6 d4 exd4 Nxd4 Qf6 Nc3 c6
1268,1466,black,600+0,e4 e5 Qh5 Nc6 Bb5 Nf6 Qe2 Bc5 Nf3 d6
1357,1658,black,600+5,e4 c5 Nc3 Nc6 Bc4 Nf6 Nf3 d6 O-O a6
1650,1523,white,60+0,d4 d6 c4 e6 Nc3 Be7 g3 Nd7 Bg2 c6
1900,1816,black,60+0,e4 e5 d4 Nc6 d5 Nb8 Bg5 Qxg5 Nf3 Qe7
1475,1264,white,120+10,e4 e5 Nf3 Nf6 d3 Nc6 Be3 Bd6 Be2 O-O
1599,1349,white,120+0,e4 e5 Nf3 d6 d4 exd4 Nxd4 Nc6 Nc3 Nxd4
1512,1333,white,120+0,e4 e5 Nf3 d6 Nc3 g6 Bc4 Bg7 d3 Nc6
2008,1880,white,120+0,c4 e5 Nc3 f5 g3 Nf6 Bg2 c6 e3 d6
1702,1499,white,60+0,e3 e5 d3 d5 Be2 d4 Bd2 dxe3 Bxe3 e4
1506,1282,white,60+3,g3 e6 Bg2 Bc5 e3 Na6 Ne2 f5 d4 Bd6
1791,1725,white,300+3,c4 e5 e3 Bc5 a3 Nf6 b4 Be7 Bb2 d6
1655,1600,white,300+0,e4 c5 Bc4 Nc6 Nf3 e6 e5 h6 c3 Nge7
1957,1558,white,240+0,c4 b6 Nc3 Bb7 e4 g6 d4 Bg7 Be3 Nf6
1547,1572,white,180+0,d4 d5 Nc3 c5 e3 Nf6 a3 Nc6 dxc5 e5
1369,1500,white,60+0,Nf3 d5 d4 c6 e3 f6 Bd3 g5 Nbd2 h5
1750,1775,black,300+6,e4 e5 f4 exf4 Nf3 g5 Bc4 Bg7 O-O Nc6
1830,1885,black,60+0,d4 d5 c4 e6 Nc3 Nf6 Nf3 Be7 Bf4 O-O
1259,1427,black,600+10,e4 e5 Qh5 d6 Bc4 g6 Qf3 Nf6 Ne2 Bg7
1493,1714,black,60+0,e4 d5 e5 d4 Nf3 Nc6 c3 Bg4 cxd4 Bxf3
1675,1752,black,300+5,e4 c5 Bc4 e6 Qe2 Nc6 c3 Be7 Bb3 a6
1516,1673,black,60+0,e4 e5 Bc4 Nf6 d3 Bc5 a3 c6 c3 Qb6
1673,1516,black,60+0,c4 d6 Nc3 e6 g3 b6 Bg2 c6 b4 Bb7
1343,1604,black,120+0,e4 d6 Nf3 Nf6 d3 g6 Nc3 Bg7 Bf4 O-O
1737,1786,white,180+5,d4 Nf6 c4 e5 e3 Bb4+ Nc3 exd4 exd4 Qe7+
1542,1600,white,120+0,e4 e6 d4 d5 exd5 exd5 Nf3 Nf6 Bd3 Bb4+
1528,1583,white,600+5,e4 e5 Nf3 Nc6 Bc4 Nf6 d3 Bc5 O-O d6
1252,1483,white,300+1,e4 e5 Nf3 Bc5 Qe2 Nc6 d4 Nf6 Bg5 Bb4+
1515,1501,black,180+0,d4 d5 Nf3 Nc6 Nc3 e6 e4 dxe4 Nxe4 Nf6
1518,1402,white,120+0,e4 d6 Nc3 e5 Nf3 Nf6 Bc4 Be7 Ng5 O-O
1747,1500,white,360+2,e4 c5 Nf3 e6 d4 cxd4 Nxd4 Bc5 Nb3 Bb6
1843,1734,white,120+0,e4 e6 d4 c5 c3 d5 e5 c4 f4 Nc6
1783,1475,white,900+0,c4 d5 cxd5 Qxd5 Nc3 Qd8 g3 Bf5 Bg2 c6
1895,1821,white,60+0,e4 e5 d4 Nc6 Bg5 Qxg5 d5 Nd8 Nf3 Qe7
937,1548,black,900+0,e4 e5 Nf3 Nc6 Bb5 Nf6 Bxc6 dxc6 Nc3 Bc5
1548,1759,black,300+2,e4 e5 f4 exf4 Nf3 g5 Bc4 Bg7 O-O h6
1500,1100,white,60+0,e4 c5 f3 Nc6 c3 e5 Ne2 Nf6 d4 exd4
1724,1487,white,60+0,e4 e5 Bc4 d6 Qf3 Nc6 Qxf7#
1387,1965,black,900+0,d4 d5 e3 Bf5 Nc3 e6 Nf3 c5 Be2 Nc6
1358,1400,black,240+0,e4 e5 Bc4 Qh4 Qf3 Nf6 Qd1 Qxe4+ Qe2 Qxg2
1482,1734,draw,60+0,e4 d5 e5 Bf5 d4 e6 Nf3 Bb4+ Bd2 Bxd2+
1872,1755,white,120+0,d4 Nf6 c4 d6 Nc3 g6 f3 Bg7 e4 Nc6
1531,1627,black,60+0,e4 e5 Bc4 Nf6 d3 Bc5 c3 c6 b4 Be7
1755,1855,white,300+6,e4 c5 Bc4 d6 d3 Nc6 a3 a6 h3 e6
1503,1468,white,600+0,d4 d5 c4 e6 Nf3 Nf6 a3 h6 Nc3 g6
1276,1511,black,60+3,e3 g6 Qf3 Bg7 Bc4 e6 Nh3 Nc6 O-O Ne5
1812,1904,black,60+0,d4 d5 c4 e6 Nc3 Nf6 Nf3 Be7 Bg5 a6
1502,1555,black,240+0,b4 b6 Bb2 Bb7 e3 f6 b5 a6 c4 axb5
1720,1490,white,60+0,e4 e5 Bc4 d6 Qf3 Nc6 Qxf7#
1744,1880,white,120+0,g3 d5 Nf3 c6 d3 Nf6 Bg2 Nbd7 Nc3 e5
1490,1720,black,60+0,e4 e6 e5 d6 Nf3 dxe5 Nxe5 Qd5 Nf3 Nf6
1334,1268,black,300+1,e4 d5 c4 dxc4 Bxc4 Nf6 Qf3 Bg4 Qb3 Be6
1401,1521,black,300+2,d4 d5 e3 c6 Bd3 g6 f4 Bg7 Nf3 Bg4
1608,1337,white,120+0,d4 d5 e4 dxe4 Nc3 e5 d5 Bb4 Ne2 Nf6
1760,1766,white,120+0,e4 e6 d3 d5 exd5 exd5 c3 Bd6 Be3 c5
1370,1562,white,180+3,d4 d5 c4 Nf6 Nc3 dxc4 e3 b5 Nxb5 Ba6
1260,1199,black,300+8,d4 d5 e3 c6 b3 e6 Bb2 Bd6 c4 Nf6
1649,1523,white,60+0,e4 d6 Nf3 e6 Bd3 b6 O-O Bb7 c4 Nd7
1629,1500,white,180+0,d4 d5 Nc3 Qd6 g3 Be6 Bf4 Nc6 Bxd6 exd6
1607,1851,black,120+0,d4 d5 c4 c6 b3 Nf6 Bb2 e6 Nd2 Bd6
1741,1740,black,300+6,e4 c5 Nf3 d6 d4 cxd4 Nxd4 Nf6 Nc3 g6
1393,1526,draw,120+0,e4 e5 Nf3 d6 d4 exd4 Nxd4 Be7 Bc4 Nf6
1550,927,white,900+0,e4 Nc6 d4 e6 Nc3 Nge7 d5 exd5 exd5 Ne5
1618,1490,black,600+5,e4 e5 Bc4 Nf6 Nf3 Nc6 Ng5 d5 exd5 Nxd5
1301,1263,white,900+0,e4 e6 d4 c6 f4 b5 c3 a5 a4 b4
1515,1668,white,60+0,e4 e5 Bc4 Bc5 Qf3 Nf6 Qd1 d6 d3 Nbd7
1871,1500,black,900+0,e4 e5 Nf3 Nc6 Bb5 a6 Bxc6 dxc6 O-O Qd6
1729,1484,white,60+0,e4 e5 Bc4 d6 Bxf7+ Kxf7 Qf3+ Ke7 Nh3 Nf6
1379,1116,white,60+0,Nf3 d6 Ng5 g6 Nxf7 Bg7 e3 Kxf7 Bc4+ Ke8
1500,1500,white,300+0,e4 d5 e5 d4 f4 e6 d3 c5 Nf3 b6
1804,1913,black,60+0,d4 d5 c4 e6 Nc3 dxc4 Nf3 a6 a4 b5
1432,1841,black,300+8,e4 e5 Nc3 Nf6 a4 Bc5 Nf3 d6 d4 exd4
1436,1542,white,180+5,e4 e5 Nf3 Nf6 d3 Bc5 Be3 Bxe3 fxe3 d6
1681,1782,black,180+0,e4 e5 Nf3 Nc6 d4 exd4 Nxd4 Nf6 Nxc6 bxc6
1516,1270,white,60+3,g3 e6 Bg2 Nf6 e3 c6 Ne2 d5 d4 Bd6
1587,1412,black,120+0,d4 d5 Nf3 Nc6 g3 Bg4 Bg2 e6 O-O Qd6
1827,1492,white,180+0,e4 a6 d4 b5 Nf3 Bb7 Nc3 g6 Bf4 b4
1631,1531,black,60+0,d4 d6 c4 e6 d5 e5 Nc3 Be7 Nf3 Nd7
1331,1612,black,120+0,e4 d6 Nf3 Nf6 d3 g6 Nc3 Bg7 Be3 O-O
1343,1505,black,420+0,e3 e5 Bc4 d5 Bb3 c5 c4 d4 exd4 cxd4
1855,1602,black,120+0,e4 d5 Nc3 dxe4 Nxe4 Nd7 Nf3 Ngf6 Ng3 b6
1479,1738,black,60+0,e4 e5 d4 Qh4 d5 Qxe4+ Be3 Qb4+ Nc3 Qxb2
1545,1599,black,60+0,c4 e5 Nc3 Bc5 e4 Qf6 d3 Qxf2#
1921,1796,white,60+0,e4 e5 d4 Nc6 d5 Nb8 Nf3 d6 Bg5 f6
1301,1418,black,60+12,e4 e5 Nc3 Nf6 Nf3 Nc6 b3 a6 Bb2 Bb4
1522,1397,black,120+0,e4 c5 Nf3 e6 Nc3 d5 exd5 exd5 d4 c4
1619,1536,white,60+0,d4 d6 c4 e6 Nc3 Bd7 g3 Bc8 Bg2 c6
1771,1793,black,60+0,e4 c5 c4 d6 Nc3 Nf6 d3 g6 h3 Bg7
1470,1789,black,900+0,d4 Nf6 c4 e6 Bg5 Be7 e3 b6 Nf3 Bb7
1742,1716,white,300+0,e4 e5 d4 Nc6 Nf3 exd4 c3 dxc3 Bc4 Nf6
1765,1789,black,60+0,g3 e5 Nf3 d5 Nxe5 Qf6 d4 Bd6 Nf3 Bg4
1748,1880,draw,180+3,e4 e5 Nf3 Nc6 Bc4 Nf6 d3 Be7 Nc3 d6
1745,1474,white,60+0,e4 e5 Bc4 Nc6 Nf3 d6 d3 Be6 Bxe6 fxe6
918,1551,black,900+0,e4 e5 Nf3 Nf6 d4 exd4 Nxd4 Nxe4 Qe2 d5
1674,1818,black,180+0,e4 e5 Nf3 Nc6 Nc3 Bb4 Bb5 Nd4 Nxd4 exd4
1685,1652,black,900+0,e4 e5 Bc4 Bc5 Nf3 d6 d3 h6 h3 Nf6
1280,1244,white,300+1,e4 e5 Nf3 Bb4 c3 Ba5 Nxe5 d6 Nxf7 Kxf7
1527,1636,black,60+0,e4 e5 d3 Nf6 c4 Bc5 Qe2 Bd4 Be3 O-O
1774,1750,draw,180+5,e4 c5 Nf3 e6 d4 cxd4 Nxd4 a6 Nc3 Nc6
1487,1264,white,60+1,d4 e6 e4 Nf6 e5 Nd5 c4 Ne7 Nf3 Nbc6
1804,1754,black,60+0,e4 e6 Nf3 d5 Nc3 Nf6 e5 Nfd7 d4 c5
1545,1390,black,180+3,e4 c5 Nf3 Nc6 d4 cxd4 Nxd4 e6 Nxc6 bxc6
1761,1837,black,120+0,e4 Nc6 c4 e5 Nc3 Bb4 d3 Bxc3+ bxc3 f5
1809,1681,black,300+8,e4 c5 Nf3 Nc6 d4 cxd4 Nxd4 Qc7 Nc3 e6
1665,1329,white,180+0,d4 d5 Nc3 Nf6 Bf4 a6 Be5 e6 Bxf6 Qxf6
1470,1753,black,60+0,e4 d5 e5 d4 Nf3 Nc6 c3 Bg4 Be2 Bxf3
1481,1530,black,240+0,d4 Nf6 Bf4 d6 Nc3 g6 e4 Bg7 e5 dxe5
1779,1752,black,300+0,d4 Nf6 c4 g6 b3 Bg7 Bb2 O-O Nd2 c5
1617,1326,white,120+0,e4 d5 exd5 Qxd5 Nc3 Qe6+ Be2 Nf6 Nf3 Qg4
1526,1453,black,360+0,e4 b6 d4 Bb7 d5 e6 c4 exd5 cxd5 Qe7
1215,1246,white,300+8,d4 d5 e3 e6 Bd3 Nf6 Nf3 b6 O-O Bd6
1571,1726,white,120+0,d4 e6 Nf3 c5 dxc5 Bxc5 Nc3 Nc6 g3 Nf6
1415,1506,white,120+0,e4 e5 Nf3 d6 Nc3 Be7 d4 Nf6 dxe5 dxe5
1651,1519,black,60+0,d4 d6 c4 e6 Nc3 Nd7 g3 c5 Bg2 cxd4
1598,1426,black,60+12,e4 e5 Nf3 Nc6 Bc4 h6 O-O Bc5 c3 d6
1604,1799,black,60+0,e4 e5 Bb5 Nc6 d3 d6 Nf3 Bd7 Bg5 Be7
1321,1620,black,120+0,e4 c6 d4 d5 exd5 cxd5 Nc3 Nc6 Nf3 Bg4
1751,1767,black,120+0,g3 d6 Nf3 g6 Bg2 Bg7 d3 Nf6 Nc3 O-O
1759,1465,white,60+0,e4 e5 Bc4 d6 Qf3 Nc6 Qxf7#
1491,1258,white,120+0,e4 e6 Nf3 d5 Nc3 dxe4 Nxe4 Nf6 d4 Nxe4
1349,1249,white,600+5,e4 c6 Nc3 g6 Nf3 Bh6 Bc4 Na6 O-O b5
1492,1915,black,60+0,d4 Nf6 c4 c5 d5 g6 Nc3 Bg7 Bf4 d6
1531,1661,black,480+8,e4 c5 Nc3 Nc6 Nf3 e6 d4 cxd4 Nxd4 g6
1465,1424,black,-,e3 Nf6 b3 Nc6 Bb2 e5 d4 d6 Bc4 d5
1293,1268,black,120+2,d4 d5 Nc3 e6 Nf3 Nc6 e3 Nf6 Bb5 Bd7
1512,1336,white,420+0,e4 e6 d4 b6 c4 Bb7 d5 Nf6 Nc3 Bb4
1534,1623,white,60+0,e4 d5 exd5 Qxd5 Nc3 Qd8 d3 Bf5 Be3 Nf6
1752,1561,black,300+0,e4 e5 Nf3 Nc6 Bc4 Be7 Nc3 Nf6 d3 O-O
910,1825,black,900+0,e4 d6 d4 g6 Nf3 Bg7 Nc3 c6 Bg5 Nf6
1603,1646,black,540+3,d4 f5 Bf4 Nf6 Nc3 e6 Nf3 Bb4 Qd2 d6
1570,1553,white,600+5,e4 d6 Nf3 c5 Nc3 Nc6 Bc4 h6 d3 Bg4
1920,1694,white,60+0,e4 e5 Nf3 Nf6 d4 exd4 Nxd4 d5 e5 Ne4
1805,1598,white,60+0,e4 d5 exd5 Qxd5 Nc3 Qe6+ Qe2 Qg6 g3 c6
1753,1461,black,60+0,e4 e5 c4 Nc6 Nc3 Bc5 d3 d6 h3 Nf6
1667,1537,white,180+0,e4 e6 Nf3 d5 exd5 exd5 d4 Nf6 Nc3 g6
1821,1844,white,300+15,e4 e5 Nf3 Nc6 Bc4 h6 O-O Nf6 Nc3 Bc5
1757,1686,white,420+14,d4 d5 c4 c6 a3 Nf6 c5 Nbd7 Bf4 Nh5
1423,1317,white,600+2,e4 d6 Nf3 c6 d4 Bg4 Nc3 e5 Bg5 Be7
1598,1548,black,60+0,d4 e6 c4 d6 Nc3 b6 d5 e5 Nf3 Bb7
1399,1519,white,300+0,e4 e6 f4 c5 Nf3 d5 e5 Nc6 c3 c4
1576,1409,black,180+3,e4 c5 Bc4 Nc6 Nf3 e6 d4 cxd4 Nxd4 Qc7
1729,1716,white,300+6,e4 e5 f4 f5 exf5 exf4 Qh5+ Ke7 Qg5+ Nf6
1687,1932,black,60+0,e4 c5 Nf3 Nf6 Bc4 d6 e5 dxe5 Nxe5 e6
1735,1777,white,120+0,e4 e6 c4 d5 d4 dxe4 a3 c5 d5 exd5
1496,1490,black,120+0,e4 c5 Nf3 Nc6 Bc4 h6 e5 e6 d4 cxd4
1592,1810,white,60+0,e4 e5 Bc4 Nc6 d3 Bc5 Nf3 d6 Bg5 Nge7
1512,1353,white,360+0,e4 e5 Nf3 f6 Bc4 Bb4 c3 Ba5 d4 d6
1384,1252,black,60+0,Nf3 e6 Nc3 d6 d4 Be7 e3 Nf6 Bb5+ c6
1667,1509,white,300+5,e4 c5 Bc4 d6 c3 Nf6 Qe2 a6 Bb3 e6
1285,1705,white,300+4,e4 e5 Nf3 Nc6 d4 exd4 Nxd4 Nxd4 Qxd4 c5
1466,1717,black,180+0,g3 e5 Bg2 d5 e3 c6 d4 e4 Bd2 Be6
1513,1809,black,600+0,d4 d5 c4 e6 Nf3 Nf6 Bf4 Bd6 Be5 Qe7
1475,1736,white,120+0,e4 Nf6 e5 Nd5 c4 Nb6 d4 d6 f4 dxe5
1350,1500,white,300+2,e4 Nc6 Bc4 e6 c3 d5 exd5 exd5 Qe2+ Nce7
1621,1765,black,120+0,d4 Nf6 c4 e6 Nf3 Bb4+ Bd2 Qe7 e3 O-O
1942,1680,black,60+0,e4 d5 exd5 Qxd5 Nf3 Bg4 Nc3 Bxf3 Qxf3 Qxf3
1793,1611,white,60+0,e4 d5 exd5 Qxd5 Nc3 Qe6+ Qe2 Qg6 g3 Bf5
1674,1815,white,180+0,e4 c5 Nf3 Nc6 Bb5 e6 Bxc6 bxc6 d3 d5
1794,1466,white,900+0,c4 c6 g3 e6 Bg2 d5 cxd5 exd5 e3 Nf6
1500,1483,white,60+0,e4 e5 Bc4 d6 Nf3 Be7 d3 Nf6 Ng5 Nc6
1466,1484,white,600+8,e4 e5 Nf3 Qe7 Nc3 Nc6 Nd5 Qd6 Bc4 Nf6
1518,1691,white,360+0,e4 e5 Nf3 d6 Bc4 h5 h3 h4 d3 a6
1186,1543,black,240+0,e4 d5 Qf3 dxe4 Qxe4 Nf6 Qa4+ Nc6 Qb3 e5
1706,1902,draw,60+0,Nc3 c5 d4 Nf6 d5 b5 a3 Ba6 e4 g6
1355,1363,black,1740+30,d4 d5 Nf3 h6 Nc3 Nf6 e3 Bf5 Bd3 Bh7
1611,1868,black,300+8,g3 e5 Bg2 Nf6 Nf3 Nc6 O-O d5 d4 e4
1484,1271,white,120+0,e4 e6 Nf3 d5 exd5 Qxd5 d4 Nc6 Nc3 Qd8
1869,1705,white,240+0,d4 d5 c4 c6 Nc3 e6 e3 Nf6 Nf3 Be7
1831,1641,black,720+5,e4 c5 Nf3 d6 Bc4 Bg4 h3 Bh5 g4 Bg6
1655,1570,white,540+3,e4 Nf6 e5 Nd5 c4 Nf4 d4 g5 Bxf4 gxf4
1455,1413,white,300+0,e4 e5 Nf3 d6 c3 Bg4 Be2 Be7 h3 Bh5
1474,1667,black,60+0,e4 g6 e5 Bg7 d4 e6 Nf3 d6 exd6 Qxd6
1605,1799,white,60+0,e4 e5 Bb5 Nc6 d3 d6 Bxc6+ bxc6 Nf3 Nf6
1202,1330,black,420+0,c4 c6 d4 Qb6 Nf3 e6 g3 c5 d5 Nf6
1747,1772,black,120+0,e4 e6 d4 d5 e5 c5 Bb5+ Nc6 c3 Qb6
1890,1714,white,60+0,e4 e5 Nf3 Nf6 Nc3 Nc6 d4 d5 Nxe5 Nxe5
1622,1578,white,480+5,c4 e5 e3 b6 a3 Bb7 d4 exd4 Qxd4 Nc6
1490,1265,black,120+0,e4 e6 Bc4 d5 exd5 exd5 Be2 Nf6 Nf3 Bc5
1579,1736,black,300+0,e4 e5 Nf3 d6 Nc3 Nc6 Bc4 Be7 d4 exd4
1612,1545,white,240+0,d4 Nf6 c4 e6 Nc3 d5 cxd5 exd5 Bg5 Be6
1556,1389,black,60+1,e4 d5 exd5 Qxd5 Nc3 Qe6+ Be2 Nc6 Nf3 Qg6
1450,1576,black,300+0,d4 d5 c4 c6 e3 Bf5 Nc3 e6 a3 Nf6
1731,1468,white,60+0,e4 e5 Bc4 d6 Qh5 Nc6 Qxf7#
1684,1808,white,300+4,e4 c5 Nf3 Nc6 Bc4 Nf6 e5 Ng4 Qe2 e6
1462,1493,white,300+5,d4 d5 c4 Bf5 cxd5 Qxd5 Nc3 Qd8 e4 Bg6
1428,1561,white,180+3,d4 d5 c4 Nf6 Nc3 c6 e3 Ne4 Nf3 Bg4
1825,1966,black,900+2,d4 d5 g3 e6 Bg2 c5 dxc5 Bxc5 Nf3 Nc6
1544,1274,white,420+4,e4 c6 Bc4 d5 exd5 cxd5 Bb3 d4 d3 e5
1463,1770,black,60+0,d4 g6 e4 Bg7 e5 b6 Nf3 Bb7 Bg5 Bxf3
1773,1710,black,180+0,e4 Nf6 e5 Nd5 c4 Nb6 d4 d6 f4 Bf5
1813,1230,white,900+8,e4 e6 Nf3 d5 exd5 exd5 d4 Be6 c3 Nc6
1782,1623,white,60+0,d4 d5 c4 Bf5 Nc3 dxc4 e3 Nd7 e4 Bg6
1236,1367,black,600+5,e4 e5 Qh5 Nc6 Nf3 Nf6 Qf5 Bc5 Nxe5 d6
1903,1587,white,60+0,e4 e6 Nf3 d5 Nc3 dxe4 Nxe4 Nf6 Ng3 Be7
1536,1676,draw,360+0,e4 c5 Nf3 e6 Bc4 Nc6 d3 h6 Nc3 d6
1374,1634,black,600+8,e4 e6 d4 d5 e5 c5 c3 Nc6 Nf3 Qb6
1600,1777,black,900+1,e4 d6 Bc4 Nf6 Nf3 c6 e5 dxe5 Nxe5 e6
1616,1789,draw,60+0,e4 e5 Bc4 Nc6 d3 Bc5 Nf3 d6 Bg5 f6
1462,1360,white,300+2,e4 e5 Nf3 Nc6 Bc4 Bc5 d3 d6 h3 f6
1605,1532,white,600+0,e4 g6 Bc4 Bg7 d3 e6 Nc3 b6 Bd2 Bb7
1798,1459,white,60+0,e4 e5 Bc4 d6 Bxf7+ Kxf7 Qf3+ Ke7 Nh3 Ke8
1730,1677,white,60+0,Nf3 c5 c3 Nc6 d4 cxd4 cxd4 d5 Bf4 g6
1702,1705,white,240+0,d4 g6 Nf3 Bg7 e3 d6 Be2 f5 O-O Nf6
1471,1261,white,120+0,e4 e5 Nf3 Nc6 Nc3 d6 Bb5 Bd7 Bxc6 Bxc6
1502,1673,draw,300+5,c4 e5 Nc3 c6 g3 Bc5 Bg2 Nf6 Nf3 d6
1430,1468,white,720+5,Nf3 d5 d4 Nc6 c4 Bf5 g3 Nb4 Na3 dxc4
1737,1508,black,60+1,e4 d5 exd5 Qxd5 c4 Qe6+ Qe2 Nc6 Qxe6 Bxe6
1581,908,white,900+5,e4 e5 Nf3 Nc6 Bb5 a6 Bxc6 bxc6 Nxe5 Qe7
1622,1825,black,600+0,e4 c5 Nf3 e6 Bc4 Nc6 Nc3 a6 O-O Nf6
1337,1458,black,420+0,e3 e5 Qf3 d5 c4 dxc4 Bxc4 Nh6 Nh3 Nc6
1743,1572,white,300+0,e4 c5 Nf3 e6 Bc4 d5 exd5 exd5 Bb5+ Nc6
1664,1674,black,540+3,d4 d5 Bf4 Bf5 Nf3 Nf6 Nh4 Be4 f3 Bg6
1374,1344,white,1740+30,d4 d6 c4 g6 h3 Bg7 Nf3 d5 e3 Nf6
1909,1489,white,60+0,e4 e5 Nf3 f5 d4 exd4 e5 Bc5 Bc4 d6
1782,1583,black,120+0,e4 e6 d4 d5 e5 Nc6 Nf3 Nge7 c3 g6
1548,1410,white,480+8,e4 Nf6 d3 h6 Nf3 Na6 Nc3 e6 a3 c6
1455,1819,black,60+0,c4 g6 Nc3 Bg7 e3 Bxc3 dxc3 b6 Bd2 Bb7
1784,1622,white,60+0,d4 d5 c4 e6 Nc3 dxc4 e4 Nd7 Bxc4 Nb6
1403,1493,white,300+0,e4 e5 f4 exf4 Nf3 f6 d4 d6 Bxf4 g5
1662,1292,white,300+0,e4 c5 b3 Nc6 Bb2 e6 Bb5 Nge7 Bxc6 Nxc6
1668,1739,white,60+0,e4 c6 Nf3 d5 exd5 cxd5 d4 e6 Bd3 Be7
1621,1698,black,240+0,d4 d5 c4 c6 cxd5 cxd5 Nc3 Nc6 Nf3 g6
1642,1370,black,600+8,e4 e5 Nf3 Nc6 Bb5 Qf6 d3 Nd4 Bg5 Qd6
1536,1876,black,240+0,e4 e6 f4 d5 exd5 exd5 Nf3 Nf6 d4 Bd6
1591,1823,white,600+1,d4 d5 c4 e6 Nc3 Nf6 Nf3 Bb4 a3 Be7
1615,1790,draw,60+0,e4 e5 Bc4 Nc6 d3 Bc5 Nc3 d6 Be3 Bb4
1913,1708,draw,60+0,e4 e5 Nf3 Nc6 d4 exd4 Nxd4 Nxd4 Qxd4 Qf6
1534,1506,black,420+7,Nf3 Nc6 e4 e5 d4 Qf6 Bc4 h6 Qd3 exd4
1477,1500,black,120+0,e4 e6 Nf3 d5 exd5 exd5 d4 Nf6 Nc3 Bd6
1487,1254,black,60+2,e4 e6 Nf3 Nf6 Nc3 d6 d4 Be7 e5 dxe5
1368,1163,white,60+0,Nf3 d5 Ng5 e5 Nxf7 Kxf7 e3 Bc5 d4 exd4
1836,1452,white,60+0,e4 e5 Nf3 Nc6 Bc4 Bc5 d3 d6 Bg5 Nf6
1515,1669,black,300+8,e4 c5 Bc4 Nc6 d3 g6 Bd2 Bg7 Bc3 Nf6
1712,1722,black,120+0,g3 d5 Nf3 c6 Bg2 f5 d3 e6 e3 Bd6
1768,1845,black,300+0,d4 Nf6 c4 e6 Nf3 b6 g3 Bb7 Bg2 Be7
1558,1621,white,60+2,e4 d5 Nf3 dxe4 Ne5 f6 Qh5+ g6 Nxg6 Kd7
1726,1681,white,60+0,Nf3 c5 c3 d5 d4 c4 Nbd2 b5 e4 e6
1490,1655,black,600+7,d4 Nf6 e3 g6 c3 d5 h3 Bg7 a3 O-O
1469,1732,black,120+0,e4 d5 exd5 Nf6 Nc3 Nxd5 Nf3 Nxc3 bxc3 g6
1785,1620,white,60+0,d4 d5 c4 Bf5 Nc3 dxc4 Nf3 Nd7 e4 Be6
1723,1761,white,180+0,e4 c5 Nc3 Nc6 f4 e6 Nf3 d6 Bb5 Bd7
1488,1317,black,180+16,e4 e6 Nf3 Be7 d4 Nf6 e5 Ne4 Qe2 d5
1713,1902,white,60+0,e4 c5 Nf3 d6 d4 Nf6 Nc3 Qa5 Bd2 cxd4
1694,1583,white,300+0,d4 d5 Nf3 c6 Bf4 Nf6 h3 Bf5 e3 e6
1500,1713,white,240+0,d4 d5 c4 Nf6 Nc3 e6 Nf3 Bb4 e3 Bxc3+
1836,1418,white,300+10,e4 e5 Nf3 Nc6 Bc4 Be7 d4 exd4 Nxd4 d6
1449,1851,black,60+0,e4 g6 e5 Bg7 d4 d6 Nf3 dxe5 dxe5 Qxd1+
1601,1765,black,120+0,d4 Nf6 Nf3 g6 c4 Bg7 Nc3 O-O g3 d6
1307,1353,black,240+3,e4 c6 Nf3 e6 d4 b5 Bd3 Qa5+ Bd2 Bb4
1352,1470,black,300+2,e4 e5 d4 exd4 Qxd4 Nc6 Qe3 d6 Bc4 Nf6
1277,1468,black,60+2,e4 e5 Nf3 f5 exf5 Bc5 Nxe5 d5 Qh5+ g6
1613,1791,black,60+0,e4 e5 Bc4 Nc6 d3 Bc5 Nf3 d6 Bg5 Nf6
1294,1385,white,1740+30,e3 e5 Bc4 a6 a4 Nc6 Qf3 Nf6 Nh3 e4
1445,1417,black,300+0,e4 e5 c3 Bc5 Nf3 d6 d4 Bb6 d5 h6
1672,1736,black,60+0,e4 e5 Nf3 Nf6 Nxe5 d6 Nf3 Nxe4 Qe2 Qe7
1546,1446,black,180+3,e4 c5 Bc4 Nc6 Qf3 e6 Nc3 Nf6 d3 Be7
1797,1607,white,60+0,Nc3 d5 d4 e6 g3 b6 Bg2 Bb7 e3 Be7
1700,1793,black,300+4,e4 c5 Nf3 Nc6 Bc4 Nf6 c3 e6 d4 Be7
1570,1550,draw,60+1,e4 d5 Nf3 Nf6 e5 Ng8 d4 e6 c3 b6
1280,1282,white,120+2,e4 c6 b3 d5 Nc3 dxe4 Nxe4 e5 Bb2 Bd6
1549,1425,black,300+8,e4 c5 Nf3 g6 Bc4 Bg7 O-O Nf6 Nc3 O-O
1708,1533,white,240+0,d4 Nf6 c4 e6 Nc3 d5 Nf3 c5 e3 Nc6
1625,1594,white,120+0,d4 d6 e3 Nf6 f3 g6 Bd3 Bg7 Nc3 Be6
1863,1446,white,60+0,e4 e5 Bc4 Nc6 Qf3 Nd4 Qxf7#
1749,1748,black,180+5,e4 e5 f4 d6 Nf3 Nc6 Bc4 Be7 O-O Nf6
1677,1637,black,420+14,e4 d5 exd5 Qxd5 Nc3 Qd8 Nf3 Nf6 Bc4 Bg4
1383,1225,white,600+5,e4 c6 Nc3 Qa5 Nf3 Na6 d4 d5 exd5 cxd5
1446,1863,black,60+0,e4 g6 e5 Bg7 d4 d6 Nf3 dxe5 Nxe5 Bxe5
902,1582,black,900+5,e4 e5 Nf3 d6 d4 exd4 Nxd4 Nf6 Nc3 d5
1227,1521,draw,60+3,g3 g6 Bg2 Bg7 Nf3 e6 h4 Ne7 O-O b6
1008,1400,black,600+15,e4 e5 Nc3 Bb4 Nf3 Bxc3 dxc3 Nf6 Ng5 Nh5
1601,1803,black,60+0,e4 e5 Nf3 Nc6 Bb5 d6 Bxc6+ bxc6 d3 Bg4
1540,1485,white,360+0,e4 c6 Nf3 e6 Bc4 a6 d4 b5 Bb3 Bb7
1745,1663,draw,60+0,Nf3 c5 e3 Nc6 d4 cxd4 exd4 d5 Bf4 g6
1863,1702,black,240+0,g3 d5 Nf3 Nf6 d3 e6 Bg2 Be7 O-O Nbd7
1465,1270,black,120+0,e4 e6 Nf3 d6 d4 Bd7 e5 d5 Bd3 Be7
1902,1221,white,300+13,e4 g5 Nc3 e5 Nf3 d6 Bc4 g4 Ng1 Nh6
1612,1879,white,240+0,d4 e6 c4 d5 Nc3 Nf6 cxd5 exd5 Bg5 Be7
1695,1769,black,300+8,e4 e5 Nf3 d6 g3 h6 Bg2 Nf6 Nc3 c6
1700,1754,white,720+0,e4 c5 Nc3 e6 Nf3 Nc6 d4 cxd4 Nxd4 Nf6
1584,1664,black,120+0,d4 e6 Nf3 d5 c3 Nf6 Nbd2 c5 g3 Nc6
1229,1908,black,300+8,d4 c5 e3 cxd4 exd4 d5 Be2 Nc6 Nf3 a6
1583,896,white,900+5,e4 Nc6 Qf3 Nf6 Bc4 b6 e5 d5 exf6 dxc4
1754,1566,black,300+0,e4 c5 Nf3 e6 d4 d5 exd5 exd5 dxc5 Bxc5
1570,1635,black,60+2,e4 e5 Nf3 d6 Bc4 Nf6 Ng5 Be6 Bxe6 fxe6
1431,1553,black,60+1,d4 d5 c4 e6 Nc3 c6 Nf3 Nf6 cxd5 cxd5
1549,1543,black,420+4,e4 e5 Nf3 Nc6 Bc4 Bc5 d3 h6 Nc3 Nf6
1548,1402,white,900+0,e4 a6 Nf3 h6 Nc3 Nf6 e5 Ng4 h3 Nxf2
1545,1530,white,180+2,e4 c5 Nf3 Nc6 d4 cxd4 Nxd4 Nf6 Nc3 e5
1555,1766,black,480+8,e4 c5 d3 Nc6 Nc3 a6 Nf3 e6 a3 h6
1518,1576,white,60+0,d4 e6 e3 d5 f4 Be7 Bd3 Nf6 Nf3 O-O
890,1583,black,900+5,e4 e5 Nf3 Nc6 Bb5 Bd6 d4 exd4 Bxc6 dxc6
1808,1595,white,60+0,d4 d5 c4 Bf5 Nc3 dxc4 Nf3 Nc6 e4 Bg6
1475,1509,black,240+0,Nc3 e5 d4 Qf6 dxe5 Qxe5 Be3 Bb4 Bd4 Qg5
1665,1742,white,60+0,e4 c6 Nf3 d5 exd5 cxd5 d4 Nf6 c3 e6
1736,1444,white,60+0,e4 e5 c4 d6 Nc3 Nc6 d3 Nd4 h3 c5
1261,1614,black,600+0,e4 e5 d3 Bc5 Nh3 d6 c4 Nc6 Bg5 Nf6
1715,1631,white,240+0,d4 Nf6 c4 e5 dxe5 Ne4 g3 b6 Bg2 Bb7
1291,1447,white,120+0,e4 e5 Nf3 d6 d3 Be7 Be2 Nf6 Bd2 O-O
1573,1517,black,420+7,g3 e5 Bg2 Bc5 e3 Nf6 Ne2 h6 c3 a6
1702,1692,white,120+4,d4 e6 Nf3 Ne7 Bf4 Ng6 Bg3 Be7 e3 O-O
1814,2111,black,900+2,d4 Nf6 g3 g6 Bg2 Bg7 Nf3 d6 c3 O-O
1485,1456,white,660+11,e4 e5 Nf3 Qf6 d4 exd4 Nxd4 Qe5 f3 Nf6
1659,1649,draw,600+1,e4 c5 Nf3 d6 Bd3 Nf6 c3 a6 Bc2 Nc6
1760,1959,black,300+0,d4 e6 c4 Nf6 b3 Bb4+ Bd2 Qe7 Bxb4 Qxb4+
1669,1877,black,240+2,e4 e5 Nf3 Nc6 Bb5 f5 d3 fxe4 dxe4 Nf6
1378,1411,white,300+0,Nf3 d5 d4 c5 c3 e6 e3 Nc6 Bb5 Bd6
1500,1645,black,60+0,e4 e5 Bc4 d6 Nf3 Be6 Bxe6 fxe6 d3 Nf6
1430,1311,black,120+0,e4 e6 Nf3 d6 Bc4 Bd7 e5 d5 Be2 Be7
1532,1563,white,60+0,d4 d5 e3 e6 f4 Nc6 Bd3 Bd7 Nf3 Bd6
1590,1813,draw,60+0,e4 e5 Bc4 Nc6 d3 Bc5 Nf3 d6 Bg5 Nf6
1740,1439,white,60+0,e4 e5 d3 Nc6 c4 Bc5 h3 d6 g3 Nf6
1550,1580,black,360+0,e4 e5 Nf3 Nc6 Bc4 h6 d3 Nf6 h3 Bc5
1260,1487,white,600+0,e4 e5 Nf3 Nc6 Bc4 h6 O-O d6 Re1 Be6
1729,1678,white,60+0,Nf3 c5 d4 cxd4 Nxd4 g6 e4 Nc6 c3 Bg7
2121,1583,white,60+1,e4 d5 exd5 Qxd5 Nc3 Qe6+ Be2 Nc6 d4 Qg6
1545,1304,white,60+0,d4 e6 e3 c5 f4 cxd4 exd4 d5 Bd3 Nc6
1653,1625,white,540+3,e4 e5 Bc4 Bc5 d3 d6 Be3 Bb6 Bxb6 axb6
1463,1532,white,180+3,d4 d5 c4 Nf6 Nc3 c6 e3 Bd7 Nf3 b5
1808,1719,white,240+0,d4 d5 c4 Nf6 Nc3 e6 cxd5 Nxd5 e4 Nxc3
1561,1658,black,60+2,e4 d5 Nf3 dxe4 Ne5 Nc6 Nxc6 bxc6 d3 exd3
1838,1725,white,300+10,e4 c5 Nf3 Nc6 d4 cxd4 Nxd4 e5 Nb5 a6
1669,1738,white,60+0,e4 c6 Nf3 d5 exd5 cxd5 d4 g6 Bd3 Bg7
1324,1377,white,180+0,e4 e5 Nf3 d6 Bc4 Qf6 Nc3 c6 d4 b5
1743,1435,white,60+0,e4 e5 c4 Nc6 Nc3 Bc5 d3 d6 h3 Nge7
1414,1288,white,120+0,e4 e5 Nf3 Nc6 Nc3 Nf6 Bb5 Be7 Bxc6 bxc6
1675,1508,black,300+8,d4 d5 c4 dxc4 Nc3 c6 a4 a5 e3 Be6
1579,2122,black,60+1,e4 c5 d3 Nc6 Nc3 Nf6 g3 e6 f4 d5
1254,1399,black,900+0,e4 c6 Qh5 d5 e5 e6 d4 Ne7 Nf3 g6
1691,1461,black,300+4,e4 b6 d4 Bb7 e5 g6 Nf3 Bg7 Bc4 e6
1799,1751,white,900+0,c4 g6 b3 Bg7 Nc3 d6 Bb2 Nf6 Ne4 O-O
1519,1500,white,180+2,e4 e5 Nf3 Nc6 Bb5 a6 Ba4 b5 Bb3 d6
1310,1336,black,180+0,e4 e5 Nf3 Nc6 c3 Nf6 Nd4 exd4 c4 Nxe4
1583,1736,black,300+0,e4 d5 exd5 e5 Nf3 e4 Ne5 Qxd5 d4 exd3
1619,1664,white,240+2,f4 d5 Nf3 Bg4 e3 Nd7 Be2 Ngf6 O-O Ne4
1584,885,white,900+5,e4 Nc6 d4 Nf6 e5 Nd5 Bc4 e6 Nf3 d6
1725,1682,black,60+0,Nf3 c5 c4 Nc6 e3 g6 d4 cxd4 Nxd4 Bg7
1706,1894,black,240+0,d4 Nf6 c4 e6 Nc3 Bb4 a3 Bxc3+ bxc3 O-O
1410,1431,white,60+0,e3 e5 d3 d5 h3 d4 exd4 exd4 Nf3 Ne7
1666,1697,white,180+0,Nf3 d5 g3 c6 Bg2 Nf6 O-O Nbd7 c3 e5
1759,1738,black,180+5,e4 c5 Nf3 Nc6 Bc4 e6 Nc3 a6 a3 Nf6
1747,1772,white,120+0,e4 e6 c4 d5 Nc3 dxe4 Nxe4 c5 d3 Nc6
1346,1264,white,180+0,e4 e5 Nf3 Nf6 Bc4 Bc5 Nxe5 Nxe4 Qe2 Nxf2
1755,1724,draw,300+0,d4 e6 c4 d5 e3 Nf6 Nf3 Bb4+ Bd2 Bxd2+
1713,1583,black,300+1,d4 e6 Nf3 Be7 Bf4 Nf6 h3 O-O e3 d5
1264,1422,black,120+0,e4 e5 c3 d6 Nf3 Nc6 d4 Nf6 dxe5 Nxe5
1807,1596,white,60+0,d4 d5 c4 Bf5 Nc3 dxc4 e4 Bg6 Bxc4 Nd7
2124,1575,white,60+1,d4 d5 c4 e6 Nc3 c6 Nf3 Nf6 Bg5 Be7
928,1371,white,1740+30,e4 e5 Qf3 Nc6 Bc4 Nf6 Nh3 a6 Ng5 Nd4
1693,1713,black,60+0,e4 e5 Nf3 Nc6 Bc4 Bc5 Nc3 Nge7 d3 O-O
1585,1617,white,600+0,e4 e5 Nf3 Nc6 Bc4 Bc5 d3 d6 Ng5 Be6
1913,1544,black,300+8,e4 e5 Nf3 Nf6 Nxe5 Nxe4 Qe2 d5 d3 Qe7
1458,1500,white,300+8,c4 d5 d3 e5 cxd5 Qxd5 Nc3 Qd6 g3 Qc6
1456,1442,black,720+5,e4 c6 Nf3 d5 exd5 cxd5 Nc3 Nc6 Qe2 Nf6
1698,1667,white,120+0,g3 d5 Nf3 Bg4 Bg2 Nf6 h3 Bf5 d3 Qd7
1539,1513,white,360+0,e4 c6 Nf3 d6 Bc4 e6 d4 d5 exd5 cxd5
1591,1812,black,60+0,e4 e5 Bc4 Nc6 Bb3 Bc5 a3 d6 d3 Nd4
1578,1681,white,120+4,e4 e6 Nf3 Ne7 d4 Ng6 Nc3 Be7 Be3 O-O
1740,1684,white,300+6,e4 e5 f4 exf4 Nf3 Bc5 d4 Bb6 Bxf4 Nf6
1743,1576,black,300+0,e4 c5 Nf3 e6 d4 d5 dxc5 Bxc5 exd5 exd5
1527,1354,black,180+2,e4 e5 Nf3 Nc6 Bb5 Bc5 O-O Nf6 c3 Na5
1723,1683,black,60+0,Nf3 c5 c3 Nc6 d4 cxd4 cxd4 d5 Nc3 Bg4
1571,1617,white,1800+8,e4 e5 Qh5 Nc6 Bc4 g6 Qf3 Nf6 Ne2 Bg7
1585,1817,black,60+0,e4 g6 Bc4 Bg7 d3 e6 Nc3 c6 Nf3 d5
1903,2058,black,300+13,e4 e5 Nf3 Nc6 Nc3 Nf6 Bc4 Bc5 h3 d6
1429,1245,white,120+0,e4 e5 Nf3 Nc6 Bc4 Nf6 Ng5 d5 exd5 Nxd5
1571,2126,black,60+1,e4 e5 d3 Nc6 Nc3 Nf6 g3 Bb4 f4 d5
1402,999,white,600+15,d4 d5 e3 Nf6 c4 dxc4 Bxc4 Ne4 Qh5 Nf6
1532,1216,white,300+8,e3 e6 Nf3 Bb4 a3 Bc5 d4 Bd6 c4 c5
1519,1478,white,180+3,e4 c5 e5 Nc6 Nf3 Qc7 Bc4 Nxe5 Bb3 Nxf3+
1608,1814,white,120+2,e4 e6 d4 d5 exd5 exd5 Bd3 Nf6 Ne2 Bd6
1721,1692,white,420+1,e4 d6 f4 Nf6 Nc3 Nbd7 d4 e6 Nf3 Be7
1467,1529,black,180+3,d4 d5 c4 Nf6 Nc3 Be6 e3 dxc4 Qa4+ Qd7
1398,1526,black,300+8,e4 c5 e5 Nc6 f4 Nh6 Bd3 d5 Bb5 Be6
1695,1711,white,60+0,e4 d5 exd5 Nf6 c4 e6 dxe6 Bxe6 Nc3 Bb4
1651,1685,black,240+2,e4 c5 Nf3 d6 d4 cxd4 Nxd4 Nf6 Nc3 a6
1371,1510,white,180+2,e4 c5 Nf3 Nc6 Bc4 e6 Nc3 Nf6 e5 Ng4
1711,1759,black,120+0,g3 d5 Nf3 c6 Bg2 Bg4 d3 Nd7 h3 Bh5
1848,1606,black,300+15,e4 b6 d4 Bb7 Nc3 g6 Nf3 Bg7 Be2 Nf6
2127,1567,white,60+1,c4 d5 cxd5 Qxd5 Nc3 Qc6 e4 e6 Bb5 Bc5
1566,1673,draw,300+4,d4 d5 c4 Bf5 Nc3 e6 Nf3 dxc4 e3 Bd3
1315,1700,black,180+3,e3 e5 Qf3 Nf6 Bc4 d5 Bb5+ Bd7 Qe2 Nc6
1822,1815,white,60+0,e4 e6 Nf3 d5 e5 c5 c3 Nc6 d4 Nge7
1228,1435,black,120+0,e4 e5 Nf3 d6 c3 Nc6 d4 exd4 cxd4 Nf6
1629,1764,white,300+2,e4 e5 f4 exf4 Bc4 g5 Nc3 Bg7 Qh5 Qe7
1893,1422,white,120+0,Nf3 c6 b3 d6 Bb2 e6 e3 e5 d4 exd4
1550,1415,white,360+0,e4 e5 Nf3 Nf6 Bc4 c6 Nxe5 d5 exd5 cxd5
1246,1824,white,300+8,e4 b6 d4 Bb7 Qf3 g6 Bb5 Bg7 Qg4 a6
1871,1668,white,120+4,e4 e6 Nf3 Ne7 d4 g6 c4 Bg7 Nc3 O-O
1555,1466,draw,900+0,e4 e5 Nf3 Nc6 Nc3 Bc5 h3 d6 a3 Be6
1615,1663,black,540+3,e4 c6 f4 d6 d4 Bg4 Nf3 Bxf3 Qxf3 e6
1700,1706,white,60+0,Nf3 c5 e3 Nc6 d4 cxd4 exd4 d5 Bf4 Nf6
1593,1725,white,300+0,e4 d5 exd5 e5 dxe6 Bxe6 Nc3 Nc6 Nf3 Qd7
1464,1297,black,120+10,e4 e5 Nf3 d6 Bc4 Bg4 d3 Nc6 Be3 Na5
1655,1530,white,480+5,c4 e5 e3 Nf6 a3 Bc5 b4 Bd6 c5 Be7
1549,1416,black,600+8,e4 e5 d3 Bc5 Nf3 d6 Nc3 h6 a3 Nf6
1687,1462,white,300+8,e4 e5 Nf3 Nf6 Nc3 Bc5 Bc4 d5 Nxd5 Nxd5
1702,1312,white,180+3,d4 e6 c4 Bb4+ Bd2 Bxd2+ Nxd2 d5 e3 Nf6
1590,1470,black,300+0,e4 e5 Nf3 d6 h3 Nf6 Nc3 Be7 Bc4 O-O
1833,1705,white,60+0,d4 Nf6 c4 e6 Nc3 d5 cxd5 Nxd5 e4 Nxc3
1387,1668,black,180+0,e4 c5 Nf3 e6 d4 cxd4 Nxd4 Nc6 Nc3 Bc5
1643,1515,white,120+2,e4 e6 d4 d5 exd5 exd5 Bd3 c6 Ne2 Bg4
1600,1769,white,900+0,e4 e5 Qf3 Nf6 d3 c5 Be2 Nc6 c3 d5
1696,1711,white,60+0,e4 c6 Nf3 d5 exd5 cxd5 d4 e6 Bd3 Nf6
1500,1500,black,180+10,e4 d6 d4 g6 Bb5+ c6 Ba4 b5 Bb3 Qa5+
1440,1420,draw,120+0,e4 c6 Nc3 e6 d4 d5 exd5 cxd5 Nf3 Bb4
1434,1775,black,480+5,c4 f5 Nc3 Nf6 Nf3 e6 g3 Bc5 e3 Nc6
1754,1500,white,300+0,d4 e6 c4 d5 Nf3 Nf6 e3 Bd6 Nbd2 O-O
1537,1598,black,420+4,e4 e5 Nf3 d6 Bc4 h6 d3 Nf6 h3 b6
1538,1457,white,180+3,e4 c5 Nf3 Nc6 d4 cxd4 Nxd4 e6 Nxc6 bxc6
1725,1682,white,420+1,d4 d6 c4 Nd7 Nc3 Ngf6 e4 e5 f4 exd4
1695,1640,white,240+2,d4 Nf6 c4 e6 Nc3 d5 cxd5 exd5 Bf4 Nbd7
1307,1471,black,600+0,d4 d5 Nc3 e6 Nf3 Bb4 Bd2 Nf6 a3 Bxc3
1700,1706,black,60+0,Nf3 c5 c3 Nc6 d4 cxd4 cxd4 d5 Bf4 Bf5
1729,1841,draw,60+0,e4 e5 Nf3 Nc6 Bb5 d6 O-O Bd7 c3 a6
1534,1596,black,900+8,e4 e5 Nf3 Nc6 d4 exd4 Nxd4 Nxd4 Qxd4 d6
1725,1608,white,1200+0,d4 Nf6 c4 e6 Nf3 c5 e3 Nc6 Nc3 cxd4
1769,1417,white,60+0,e4 e5 c4 Nc6 Nc3 Bc5 d3 d6 h3 Nd4
1809,1712,white,720+0,d4 d5 g3 Nf6 Bg2 Nc6 Nf3 e6 c3 Bd7
1912,1731,white,180+3,e4 e6 d4 b6 Nc3 Bb7 Nf3 Bb4 Bd3 Nf6
1710,1359,white,240+0,d4 d5 Nf3 c5 e3 Bg4 Be2 e6 O-O h5
1717,1690,black,60+0,e4 e5 Nf3 Nc6 Bc4 Bc5 Nc3 Nf6 d3 O-O
1447,1500,black,120+10,e4 e6 Nf3 Nf6 e5 Nd5 c4 Nb6 d4 d6
1845,1430,white,60+1,e4 e5 Nf3 Nc6 c3 a6 d4 exd4 cxd4 d6
1837,1733,draw,60+0,d4 e6 c4 d5 Nc3 Nf6 Nf3 Be7 Bf4 O-O
1389,1657,black,900+8,e4 c6 d4 d5 e5 Bf5 g3 e6 Bg2 c5
1585,1704,black,300+3,e4 e5 Nf3 Nc6 Nc3 Bc5 Nxe5 Nxe5 d4 Bxd4
1692,1675,black,300+8,d3 e5 g3 Bc5 Bg2 d5 e4 d4 f4 exf4
1440,1896,black,120+0,e4 c6 Nf3 d5 exd5 cxd5 d4 Nf6 Bb5+ Nc6
1447,1546,black,180+3,d4 d5 c4 Nf6 c5 g6 Nf3 Bg7 e3 O-O
1317,1362,white,300+8,e4 e5 Nf3 f6 d4 Nc6 d5 Nd4 Nxd4 exd4
1404,1800,white,300+8,d4 b6 b3 Bb7 Bb2 Nf6 h3 g6 a3 Bg7
1663,1662,black,120+2,e4 e5 Nf3 Nc6 Bc4 Bc5 c3 d6 O-O Nf6
1713,1892,black,240+0,d4 Nf6 Nf3 c5 e3 d5 Be2 Nc6 O-O e6
1665,1355,white,300+0,e4 e5 Bc4 Nf6 Qf3 Nc6 c3 Bc5 d3 d6
1369,1383,white,240+0,Nf3 d5 e3 Nc6 d4 e5 c3 exd4 cxd4 Bg4
1800,1823,black,180+0,e4 c5 c4 d6 Nc3 e5 d3 Nf6 h3 Nc6
1701,1705,white,60+0,d4 c5 e3 cxd4 exd4 g6 g3 Bg7 Bg2 Nc6
1669,1675,white,300+4,e4 e5 Nf3 Nc6 Bc4 h6 O-O d6 c3 Bg4
1433,1413,black,60+0,Nf3 d5 g3 d4 Bg2 Nc6 O-O e5 c3 dxc3
1569,1801,white,180+0,d4 d5 c4 c5 Nc3 e6 cxd5 exd5 dxc5 Bxc5
1736,1834,draw,60+0,e4 e5 Nf3 Nc6 Bb5 d6 O-O Bd7 c3 a6
1709,1609,black,300+0,e4 e5 d4 exd4 c3 dxc3 Bc4 d6 Nf3 Be7
1736,1673,white,420+1,d4 d5 c4 Nf6 Nc3 e6 Bg5 Be7 e3 O-O
1581,1747,black,300+8,d4 d5 Bg5 c5 dxc5 Qa5+ b4 Qxb4+ Nd2 Qxc5
1500,1803,draw,60+0,e3 d5 Bc4 e6 Bb5+ c6 Be2 c5 d3 Nf6
1211,1536,black,300+8,e4 c5 d3 Nc6 Bd2 Nf6 Na3 e6 c4 a6
1577,1341,white,300+3,e4 e5 Nf3 Nc6 Nc3 Bc5 Nxe5 Nxe5 d4 Bb4
1558,1628,white,360+0,e4 c5 Nf3 d6 Bc4 Nf6 d3 e6 Nc3 Be7
1898,1699,white,120+0,Nf3 Nf6 b3 d6 Bb2 Nc6 e3 e5 Bb5 g6
1534,1608,black,720+2,e4 e5 d3 Nc6 Nc3 Bc5 Nf3 Nf6 h3 O-O
1840,1309,white,300+8,e4 e5 Nf3 Nc6 Bb5 f6 Bc4 Nge7 O-O a6
1685,1411,white,900+8,e4 e5 Nf3 d6 Bc4 Be6 Bxe6 fxe6 d3 Be7
1438,1189,white,120+0,e4 e5 Nf3 d6 Nc3 c5 Nd5 Bg4 c4 Nf6
1695,1712,black,60+0,e4 e5 Nf3 Nc6 Bc4 Bc5 Nc3 Nf6 d3 O-O
1657,1550,black,60+0,e4 e6 Nf3 d5 Bb5+ Nc6 Bd3 Bd7 Bb5 Be7
1669,1366,white,300+0,e4 e5 Bc4 Nc6 Qf3 Nd4 Qxf7#
1336,1552,black,600+0,d4 d5 Nc3 c6 h3 g6 Nf3 Bg7 Bf4 Nd7
1826,1434,white,300+15,e4 e5 Nf3 Nc6 Bc4 Be7 d4 exd4 Nxd4 d6
1831,1739,white,60+0,d4 e6 c4 d5 Nc3 Nf6 Nf3 Be7 Bg5 O-O
1789,1834,white,180+0,e4 c5 c3 d6 d4 cxd4 cxd4 a6 Nc3 Nc6
1597,1602,white,600+0,c4 e5 d4 exd4 Qxd4 Nc6 Qd1 Bc5 Nf3 d6
1500,1625,black,480+2,d4 b6 Qd3 Bb7 Bf4 e6 Nc3 Nf6 Qg3 h6
1846,1827,white,300+0,d4 e6 c4 Nf6 Nc3 Be7 e4 O-O Nf3 d6
1673,1501,black,300+0,e4 e5 Bc4 Bc5 Nf3 d6 Nc3 Nf6 h3 c6
1500,1317,white,900+5,e4 e5 d4 d6 Nf3 Bg4 dxe5 dxe5 Qxd8+ Kxd8
1929,1725,white,180+3,e4 e6 d3 c5 Nd2 Nc6 g3 g6 Bg2 Bg7
1771,1520,white,720+0,d4 g6 e4 Bg7 c4 b6 b4 Bb7 Nc3 d6
1722,1685,black,60+0,e4 c5 c3 Nc6 d4 cxd4 cxd4 d5 e5 f6
1470,1399,white,60+0,e4 e5 Nf3 d6 Bc4 f6 d3 Qe7 O-O Bd7
1500,1707,white,240+0,d4 d5 Nf3 Nf6 c4 e6 Nc3 Bb4 e3 Bxc3+
1664,1681,black,300+4,e4 e5 Nf3 Nc6 Bb5 Bc5 Bxc6 dxc6 a3 Ne7
1440,1436,black,120+10,e4 e6 Nf3 Nf6 e5 Nd5 c4 Nb4 a3 N4c6
1674,1561,white,120+0,d4 d6 e3 e5 Bd3 exd4 exd4 Qe7+ Qe2 Qxe2+
1898,1954,black,180+0,e4 e6 d4 d5 e5 c5 c3 Nc6 Bb5 Bd7
1172,1443,black,120+0,d4 d5 c4 dxc4 Qa4+ Bd7 Qxc4 Nc6 e3 e6
1839,1847,white,60+0,d4 b6 c4 Bb7 Nc3 Nf6 Nf3 d6 Bg5 Nbd7
1517,1542,white,120+0,e4 c6 f3 d5 Ne2 dxe4 fxe4 Bg4 d4 e6
1331,1314,white,600+0,d4 d5 Nc3 Nf6 h3 Nc6 Bg5 h6 Bxf6 gxf6
1673,1598,black,180+3,c4 e5 Nc3 Nc6 e4 Be7 d3 Nf6 Nf3 O-O
1336,1420,black,240+0,c4 c5 Nc3 a6 Nf3 e6 g3 Nc6 Bg2 b5
1554,1214,white,60+0,e4 e5 Nf3 Nc6 Bc4 d6 d3 f6 O-O Nge7
1571,1234,white,300+8,e4 d5 e5 d4 d3 Qd5 f4 c5 c4 Qe6
1595,1733,black,1200+0,e4 e5 Nf3 Nc6 Bb5 d6 Bxc6+ bxc6 d3 Bg4
1558,1789,black,300+8,d4 d5 c4 dxc4 e3 Be6 Qa4+ c6 Bxc4 Bxc4
1696,1710,draw,60+0,e4 c6 Nf3 d5 exd5 cxd5 d4 Bg4 Be2 Bxf3
1894,1709,white,300+13,e4 c5 Nf3 Nc6 Nc3 d6 Bc4 e6 a3 Nf6
1390,1548,white,120+0,d4 e6 f4 c5 e3 Nf6 c3 Nc6 Nf3 cxd4
1469,1466,white,60+4,e4 c5 Bc4 d6 Nf3 h6 c3 Nc6 h3 Nf6
1613,1551,white,900+0,e4 e5 Qf3 Bc5 d3 h6 Be2 Nf6 Qg3 O-O
1342,1466,white,600+0,d4 d5 Nc3 Nc6 e3 Nf6 Bb5 a6 Bxc6+ bxc6
1553,1681,white,120+0,d4 d5 Nf3 e6 g3 Nc6 Bg2 Nf6 O-O Be7
1347,1149,white,180+0,e4 d6 d4 e6 f4 Nc6 Bb5 Bd7 Bxc6 Bxc6
1407,1501,white,300+4,e4 g6 d4 Nf6 Bd3 Bg7 c4 d6 Nf3 Bg4
1582,1624,draw,300+0,e4 e5 Nf3 Nc6 d4 exd4 Nxd4 d6 Nxc6 bxc6
1578,1407,white,60+0,e4 e5 Bc4 d6 Nf3 Qe7 O-O f6 d3 g5
1650,1670,white,540+5,e4 Nc6 d4 d5 exd5 Qxd5 Nc3 Qd8 Bb5 e6
1477,1305,white,600+0,e4 e5 Nf3 f6 d4 d6 dxe5 fxe5 Nc3 Nf6
1841,1532,white,300+6,e4 e5 Nf3 d6 d4 exd4 Nxd4 Be7 Nc3 h6
1821,1802,black,180+0,e4 c5 Nf3 Nc6 d4 cxd4 Nxd4 e5 Nb3 d6
1794,1851,black,60+0,e4 e5 Nf3 Nc6 Bb5 d6 O-O Bd7 c3 a6
1500,1778,black,300+8,e4 e6 d4 Qh4 Nc3 Bb4 Bd3 Nf6 Nf3 Qh5
1974,1152,white,600+8,e4 e5 Nf3 Nf6 Nxe5 Nxe4 Qe2 Nc5 Nc6+
1568,1701,white,360+0,e4 e5 Nf3 d6 Bc4 Bg4 h3 Bh5 g4 Bg6
1710,1697,white,60+0,Nf3 c5 e3 Nc6 c4 g6 b3 Bg7 Nc3 Qa5
1835,1774,white,60+1,e4 c5 Nf3 d6 d4 cxd4 Nxd4 Nc6 Be3 Nf6
1694,1566,white,300+0,e4 e5 d4 d6 dxe5 dxe5 Qxd8+ Kxd8 Nf3 Nc6
1776,1654,white,120+2,e4 e5 Bc4 d6 Nf3 Be6 Bxe6 fxe6 c3 Nf6
1551,1692,white,300+4,e4 e5 Nf3 Nc6 Bc4 Bc5 c3 Nf6 d4 exd4
1557,1523,white,900+15,e4 e5 Qh5 Nc6 Nf3 Qe7 d3 Nf6 Qh4 Nd4
1495,1446,white,180+2,e4 e6 Nf3 Nf6 Nc3 Bc5 e5 Ng4 d4 Bb4
1401,1569,black,120+0,d4 d5 f4 Nc6 e3 Bf5 c3 Nf6 Bd3 Be4
1552,1497,black,900+0,e4 e5 Nf3 Nf6 Nc3 Nc6 a3 d5 Qe2 dxe4
1115,1605,black,600+0,e4 e5 Nc3 Bc5 Nh3 Nc6 f3 d6 Nd5 Bxh3
1525,1472,white,300+8,e4 e5 Bc4 h6 Qf3 Nf6 d3 Be7 a3 O-O
1860,1779,black,60+0,d4 d5 c4 Nf6 Nc3 e6 Nf3 Be7 Bg5 O-O
1431,1304,draw,480+5,c4 e5 Nc3 Nf6 d3 Bb4 Nf3 Nc6 Bd2 O-O
1763,1844,black,60+1,d4 c5 dxc5 e5 c4 Nf6 Nc3 Bxc5 b3 Nc6
1687,1720,white,60+0,e4 c6 Nf3 d6 d4 Bg4 Be2 Bxf3 Bxf3 Nd7
1281,1484,black,600+0,e4 e5 Nf3 d6 d4 exd4 Nxd4 Nf6 e5 dxe5
1710,1559,white,300+4,c4 Nf6 Nc3 e6 Nf3 b6 a3 Bb7 e3 c5
1447,1688,white,60+0,e4 c5 Nf3 Nc6 Nc3 d6 d4 cxd4 Nxd4 Nf6
1609,1590,white,600+0,c4 e5 d4 exd4 Qxd4 Nc6 Qd1 Bc5 g3 d6
1620,1405,white,60+0,e4 e5 Bc4 Nc6 Qf3 Nf6 Nh3 d6 Ng5 Be6
1566,1500,white,120+0,e4 e6 f3 d5 d4 Nf6 Nc3 Nh5 Nge2 Qh4+
1500,1696,black,240+0,c4 e5 Nc3 Nc6 g3 Nf6 Bg2 Be7 b3 d6
1465,1462,black,420+2,e4 c6 e5 d5 exd6 exd6 Qe2+ Be7 Nf3 d5
1450,1500,black,420+2,e4 e6 d4 d5 exd5 exd5 Nf3 Nf6 Nc3 a6
1337,1662,black,240+10,e4 c6 b4 e6 d4 Nf6 c3 Be7 f3 O-O
1708,1698,black,60+0,Nf3 c5 c3 Nc6 d4 cxd4 cxd4 g6 d5 Nb4
1655,1554,white,300+0,e4 e5 Bc4 d6 Qf3 Nf6 Qb3 Qe7 d3 h6
1701,1612,black,300+0,e4 Nc6 d4 e6 Nf3 Be7 Nc3 Nf6 e5 Nd5
1500,1449,white,180+0,d4 e6 a3 d6 e4 c6 h4 Nd7 g4 Be7
1664,1747,black,420+1,e4 e6 e5 d5 exd6 Bxd6 Nf3 Nf6 d4 O-O
1846,1853,white,60+0,d4 b6 c4 Bb7 Nc3 Nf6 e4 Nxe4 Qd3 Nxc3
1306,1351,black,1740+30,d3 d5 c3 h6 Nd2 Nf6 c4 e6 cxd5 exd5
1500,1453,black,60+0,e4 d6 f3 c6 c3 Be6 d4 Qb6 Bd3 c5
1529,1808,black,180+0,d4 Nf6 Nf3 g6 c4 Bg7 Nc3 d6 g3 O-O
1466,1394,white,120+0,e4 e5 Nf3 d6 d4 Qe7 dxe5 dxe5 Bd2 f6
1709,1698,black,60+0,e4 c6 Nf3 d5 exd5 cxd5 d4 Bg4 h3 Bxf3
1900,1944,black,300+0,d4 Nf6 Nf3 e6 g3 c5 c3 Nc6 Bg2 b6
1569,1529,white,1200+0,Nf3 Nc6 d4 Nf6 Bf4 d5 e3 Bf5 c3 e6
1525,1607,black,600+8,e4 e5 d3 Bc5 Nf3 d6 Be3 Bb6 Nc3 h6
1489,1617,black,720+2,e4 e5 Nf3 Nc6 Bb5 Bc5 Bxc6 dxc6 Nc3 Bg4
1647,1783,black,120+2,e4 e5 Nf3 Nc6 Bb5 Bc5 O-O d6 Bxc6+ bxc6
1114,880,black,600+0,e4 Nc6 c3 b6 Nf3 d6 d3 e5 g3 Bb7
1286,1782,black,300+8,e4 b6 g3 Bb7 Bg2 d6 c3 Nd7 Qa4 g6
1631,1704,black,720+0,g3 e5 Bg2 Nf6 e3 d5 Nf3 Nc6 O-O e4
1858,1771,white,60+0,d4 c6 c4 e6 Nc3 d5 cxd5 cxd5 Nf3 Bb4
1505,1570,white,180+2,e4 e5 Nf3 Nc6 Bb5 Nf6 O-O Bd6 Re1 O-O
1701,1874,draw,240+0,d4 d5 Nf3 Nc6 e3 Bg4
1460,1446,white,300+4,d4 e6 c4 c5 Nf3 cxd4 Nxd4 Nc6 e3 Nxd4
1708,1698,black,60+0,d4 c5 e3 cxd4 exd4 d5 Nf3 Nc6 Bf4 g6
1326,1508,black,900+5,d4 c5 g3 e6 d5 Nf6 Nc3 c4 e4 Bb4
1811,1454,white,420+2,e4 e5 Nf3 f6 d4 exd4 e5 fxe5 Nxe5 Qe7
1583,1500,black,300+0,e4 e5 Nf3 d6 d4 exd4 Nxd4 Qe7 Bd3 f5
1472,1660,black,600+10,d4 d5 e3 e5 dxe5 Bc5 Bb5+ c6 Be2 Nd7
1812,1967,black,420+0,d4 Nf6 c4 e6 Nc3 Bb4 e3 Bxc3+ bxc3 c5
1288,1447,black,180+0,e4 e5 Qe2 Nf6 Qb5 a6 Qxe5+ Qe7 Qxe7+ Bxe7
1476,1383,white,120+0,e4 e6 Nf3 d6 d4 c6 d5 Nd7 dxe6 fxe6
1592,1575,black,120+0,e4 e6 f3 d5 d4 dxe4 fxe4 Nc6 Ne2 g6
1677,1334,white,300+4,e4 e5 Nf3 Nc6 Bc4 h6 O-O Bc5 c3 Nf6
1763,1866,white,60+0,e4 e5 c4 Nc6 Nc3 Bc5 d3 d6 h3 h6
1151,1784,black,300+8,d4 b6 c4 Bb7 Nc3 g6 e4 Bg7 Nf3 h6
1664,1478,black,300+0,e4 e5 Bc4 Bc5 Qf3 Nf6 d3 h6 Be3 b6
1400,1706,black,240+0,c4 e5 g3 Nc6 Bg2 Nf6 b3 d6 Bb2 Bd7
1430,1311,black,900+0,e4 e6 d4 Nf6 e5 Ne4 Nc3 f5 Nb1 Nc6
1357,1253,black,600+0,d4 d5 Nc3 Nf6 h3 e6 Bg5 Bb4 Bxf6 Qxf6
1620,1680,black,600+0,d4 c5 c3 cxd4 cxd4 Nc6 Nf3 Qc7 g3 Nf6
1709,1698,white,60+0,e4 d5 Nf3 dxe4 Ng5 Nf6 d4 h6 Nh3 Bxh3
1477,1443,black,420+2,d4 d5 c4 e5 e3 dxc4 Bxc4 exd4 Nf3 Nc6
1427,1090,white,480+5,c4 e5 Nc3 d6 Nf3 Nf6 d3 b6 g3 a5
1829,1441,white,300+15,e4 c5 Nf3 g6 d4 cxd4 Qxd4 Nc6 Qxh8 Nf6
1500,1576,black,60+0,e4 e5 f3 Bc5 c3 Bxg1 Rxg1 Nf6 d4 O-O
1831,1652,black,420+2,e4 e6 d4 d5 exd5 exd5 Bd3 Nf6 Ne2 a6
1785,1845,white,300+6,e4 e5 Nf3 Nc6 Bb5 a6 Bxc6 dxc6 d3 Bd6
1812,1525,white,180+0,e4 e6 d4 d5 e5 Nc6 c3 f6 f4 fxe5
1676,1857,black,120+2,e4 Nf6 Nc3 d5 exd5 Nxd5 Nxd5 Qxd5 d4 Nc6
1540,1666,black,300+8,e4 e5 Nf3 d6 Bb5+ c6 Be2 Nf6 d4 Nxe4
1852,1777,white,60+0,d4 c5 d5 e5 c4 d6 e4 f5 Nc3 Nf6
1453,1280,white,180+0,e4 d5 exd5 Qxd5 Nc3 Qe6+ Nge2 Nc6 d4 a5
1863,1561,white,300+0,e4 e5 f4 exf4 Nf3 Be7 Bc4 Bh4+ Kf1 Bg5
1530,1453,white,240+0,Nc3 e6 d4 d5 e4 c6 exd5 cxd5 Be3 Nc6
1859,1632,white,180+2,d4 e6 c4 Nf6 Nc3 Bb4 Bg5 Bxc3+ bxc3 d6
1775,1828,white,720+0,d3 e5 c4 Nf6 e4 d6 Nc3 Be7 Be2 Nc6
1688,1719,white,60+0,d4 c5 dxc5 e6 Be3 Nc6 b3 Qb6 cxb6 axb6
1361,1308,white,1740+30,d4 c6 c4 d6 d5 c5 e4 Nd7 h3 Ngf6
1708,1538,white,60+0,d4 e6 e3 d5 Nf3 Bd6 Bd3 Nc6 O-O Bd7
1172,1626,black,300+1,d4 e6 e4 Nc6 c4 Be7 d5 exd5 exd5 Ne5
1819,1554,black,300+8,e4 e5 Nf3 Nc6 Bc4 Bc5 d3 h6 Be3 b6
1802,1965,black,180+0,e4 e6 d4 d5 e5 c5 c3 Qb6 f4 Nc6
1687,1423,white,300+0,e4 d5 exd5 Nf6 d4 Nxd5 Nf3 c5 dxc5 Qa5+
1646,1442,white,300+0,e4 e6 Nf3 Be7 e5 g5 d4 g4 Nfd2 h5
1511,1484,black,1500+12,d4 d6 e4 h6 Nc3 Bd7 Bb5 c6 Ba4 b5
1551,1189,white,120+0,e4 c5 f3 d6 Nc3 Nf6 Nge2 g6 Ng3 Bg7
1524,1407,black,600+8,d4 e6 Bf4 d5 Nc3 a6 b4 Bxb4 Qd2 a5
1485,1122,black,120+0,e4 c5 Nc3 e5 Nf3 Nc6 Bb5 Nf6 Bxc6 dxc6
1466,1444,black,360+10,e3 b6 c3 d6 Nh3 Nc6 Qf3 Bb7 Ng5 f6
1768,1861,white,60+0,e4 e5 c4 Nc6 Nc3 Bc5 d3 d6 h3 h6
1543,1575,black,300+0,d4 d5 c4 Nf6 Nc3 c6 Nf3 Bf5 e3 e6
1586,1520,black,60+2,d4 d5 Nf3 e6 e3 Nf6 Nc3 c5 Bd2 cxd4
1456,1451,white,420+2,e4 e5 Nf3 f6 Bc4 Ne7 Nc3 a6 d4 b5
1184,1560,white,120+0,e4 e6 Nf3 d5 e5 Ne7 d4 Ng6 c3 c5
1272,1459,black,180+0,e4 e5 d3 Nf6 Nh3 Nc6 Bg5 h6 Bxf6 Qxf6
2183,1791,white,120+2,Nc3 e5 e4 Bc5 Bc4 Nf6 d3 h6 Be3 Bb4
1574,1394,white,300+0,e4 g6 d4 Bg7 Be3 e6 Nf3 Ne7 Qc1 O-O
1712,1621,white,720+0,e4 b6 Nf3 Bb7 Nc3 e6 d4 Qf6 Bd3 Bb4
1847,1782,white,60+0,d4 d5 c4 e6 Nc3 c6 Nf3 f5 Bf4 Nf6
1821,1974,black,600+8,e4 e6 Nf3 d5 Nc3 c5 Bb5+ Bd7 Qe2 d4
1580,1477,white,300+0,e4 c5 Nf3 d6 Bb5+ Bd7 Bxd7+ Qxd7 O-O Nc6
1710,1735,black,240+0,d4 e5 dxe5 d6 exd6 Bxd6 Nf3 Nc6 e3 Bg4
1461,1748,white,420+2,d4 Nf6 c4 c5 e3 d5 cxd5 cxd4 Bb5+ Bd7
1605,1684,white,600+0,e4 e5 Bc4 Nf6 d3 c6 Nc3 b5 Bb3 Bb4
1767,1784,black,300+8,d4 b6 c4 Bb7 e3 g6 Nf3 Bg7 Nc3 e6
1715,1500,white,60+0,d4 d5 e3 Bg4 Nf3 Bxf3 Be2 Bxe2 Qxe2 f5
1337,1353,black,180+0,d4 d5 e3 c6 g4 h6 Bg2 Nf6 f4 Bxg4
1972,1796,black,180+0,c4 e6 g3 d5 Bg2 c6 Nf3 Nf6 O-O Bd6
1312,1640,black,420+4,d4 f5 g3 Nf6 Bg2 e6 Nh3 c5 c3 Nc6
1774,1500,black,300+2,d4 d5 c4 dxc4 Nc3 Nf6 e4 Nc6 Bxc4 e6
1521,1462,black,180+16,e4 e5 Bc4 h6 Nf3 d6 Nc3 Qe7 h3 Be6
1148,1516,black,900+5,d4 c5 dxc5 Qa5+ c3 Qxc5 Be3 Qc7 Nf3 Nc6
1465,1208,white,120+0,e4 c5 Nf3 Nc6 Bc4 Nf6 O-O Nxe4 d3 Nd6
1480,1360,white,60+4,e4 e5 Nf3 Nc6 Bb5 Qf6 h3 a6 Ba4 Nb4
1674,1631,black,480+8,d4 d5 c4 e6 e4 c6 Nc3 Bb4 Bf4 Ne7
1606,1524,black,900+8,e4 c5 Nf3 e6 Nc3 Nc6 Bb5 Nf6 d3 d5
1773,1856,black,60+0,e4 e5 c4 Nc6 Nc3 Bc5 d3 d6 h3 f5
1418,1490,black,300+4,e4 Nf6 d3 g6 c3 Bg7 Nf3 d6 Be3 Nc6
1456,1328,white,180+0,c4 d5 cxd5 Qxd5 Nc3 Qd6 Nf3 Bg4 e3 Bxf3
1378,1385,white,240+0,Nf3 Nc6 e3 e5 Bb5 Nge7 a3 a6 Be2 d5
1627,1655,white,420+1,e4 d6 Nf3 e5 Bc4 Nf6 Nc3 Be7 O-O O-O
1373,1219,black,60+0,Nf3 Nc6 d4 f6 e3 e6 Bb5 Bb4+ Bd2 Bd6
1671,1760,black,120+0,Nf3 d6 d4 Nf6 c4 g6 Nc3 Bg7 Bg5 O-O
1496,1219,white,120+0,e4 e5 f3 Nf6 Nc3 d5 exd5 Nxd5 Nge2 c6
1531,1377,white,300+8,e4 e5 Nf3 Nf6 Nc3 d5 Nxe5 Nxe4 Nxe4 dxe4
1864,1322,white,60+8,d4 g6 c4 Bg7 Nc3 Nf6 e4 d6 f4 O-O
1488,1383,white,300+0,d4 g6 Nf3 Bg7 g3 d6 Bg2 b6 Nh4 c6
1572,1585,white,300+0,e4 c5 Nf3 Nc6 Bb5 a6 Bxc6 bxc6 d4 cxd4
1330,1680,black,300+4,e4 e5 Bc4 Nc6 Nf3 Bc5 d3 Nge7 a3 O-O
1708,1692,black,120+0,e4 Nf6 Nc3 d5 exd5 Nxd5 Nf3 Bg4 Be2 c6
1389,1410,black,240+4,e4 e5 Qf3 Nc6 c3 d6 Bc4 Be6 Bxe6 fxe6
1470,1655,white,120+0,e4 e5 Bc4 Bc5 Nf3 Nc6 h3 Nf6 Nc3 Nd4
1983,2185,black,300+0,e4 a6 d4 b5 a4 Bb7 Nd2 b4 Ngf3 Nf6
1699,1744,black,240+0,d4 e5 dxe5 d6 exd6 Bxd6 Nf3 Nc6 e3 Bg4
1644,1305,white,420+4,f4 d5 Nf3 g6 e3 Bg7 d4 e6 c4 c6
1659,1567,black,120+2,e4 e6 Nf3 c5 Nc3 a6 d4 cxd4 Nxd4 Ne7
1437,1615,white,600+10,e4 e5 Nc3 Bc5 Qe2 d6 Na4 Bb6 d3 h6
1832,1524,white,300+15,e4 e5 Nf3 Nc6 Bc4 Bb4 c3 Bc5 d4 Bd6
1864,1765,white,60+0,d4 d5 c4 e6 Nc3 Bb4 Nf3 dxc4 e4 Bxc3+
1574,1558,white,300+0,e4 e5 Nf3 d6 Nc3 h6 Bc4 Nf6 b3 Be7
1467,1285,white,120+6,e4 c5 Bc4 e6 e5 Nc6 f4 Qh4+ g3 Qd8
1720,1805,black,180+3,e4 e6 f4 d5 exd5 exd5 Nf3 Nf6 Be2 Bc5
1209,1500,black,120+0,e4 e6 d4 d5 exd5 exd5 Bb5+ c6 Bd3 Nf6
1902,1457,white,300+13,e4 e5 Nf3 Nf6 Nc3 d6 Bc4 Bg4 h3 Bxf3
1262,1239,white,120+0,e4 e5 Nf3 Nc6 Bb5 Nd4 Nxd4 exd4 c3 Qg5
1436,1628,black,300+1,e4 Nc6 Nf3 e5 a3 Be7 b4 Nf6 Nc3 O-O
1706,1697,white,120+0,g3 c5 Nf3 Nc6 Bg2 g6 d3 Bg7 Nc3 d6
1527,1212,white,60+2,d4 Nf6 c4 g6 Nc3 Bg7 e4 O-O e5 Ne8
1831,1798,white,300+6,e4 b6 d4 Ba6 c4 e6 b3 h6 Nf3 Bb7
2046,1988,white,60+1,d4 Nf6 c4 c5 e3 d5 cxd5 Nxd5 dxc5 Qa5+
1757,1663,white,60+0,e4 c5 c4 e6 d3 Nf6 Nc3 Nc6 f4 Nd4
1373,1497,black,300+0,d4 d5 g3 Nf6 Bg2 e6 b3 Be7 Bb2 O-O
1836,1613,draw,300+15,e4 e5 Nf3 d6 d4 f6 dxe5 fxe5 Bc4 Nf6
1588,1321,white,300+0,e4 d5 exd5 Qxd5 Nf3 Qe4+ Be2 Bg4 O-O Bxf3
1789,1042,white,720+0,d4 Nf6 c4 g6 Nc3 Bg7 e4 d6 Be3 Nbd7
1513,1396,white,300+4,d4 d5 c4 dxc4 e3 b5 Nc3 c6 Nf3 a6
1872,1929,white,60+0,d4 d5 c4 e6 Nc3 Be7 Nf3 Nf6 Bf4 Bb4
1637,1488,black,120+0,e4 e5 Bc4 d6 Nf3 Be7 c3 Nf6 d3 h6
1721,1512,black,300+1,e4 c5 Nc3 d6 b3 e6 Bb5+ Bd7 Bxd7+ Nxd7
1921,1710,white,420+7,d4 g6 e4 Bg7 e5 d6 f4 f6 exd6 cxd6
1206,1531,white,60+2,e4 c6 Nf3 d5 exd5 cxd5 d4 Bg4 h3 Bh5
1357,1316,white,60+0,Nf3 e6 d4 e5 e3 g6 dxe5 f6 exf6
1473,1412,black,240+0,e4 e6 Nf3 c6 d4 d5 e5 c5 c3 c4
1655,1765,black,60+0,f4 c5 e4 Nc6 Nf3 e6 d3 d5 Be3 d4
1689,1610,white,600+0,e4 e5 Nf3 b6 Be2 Bd6 Nc3 Nc6 O-O Bb7
1416,1454,white,180+5,e4 c6 d4 d5 e5 Bf5 Bd3 e6 Bxf5 exf5
1954,1500,black,180+0,e4 e5 Nf3 d6 d4 exd4 Bc4 Nf6 c3 dxc3
1687,1719,white,120+0,e4 Nf6 Nc3 d5 e5 Ne4 Nxe4 dxe4 Qe2 Qd4
1356,1716,white,180+0,e4 e5 d3 Nc6 Nc3 Bb4 g3 Bxc3+ bxc3 Nf6
1203,1226,white,120+0,e4 e5 Nf3 Nc6 Bc4 Nd4 c3 Nxf3+ Qxf3 f6
1574,1274,white,120+0,d4 d5 c4 dxc4 Nc3 c6 Nf3 Bd7 g3 e6
1605,1533,white,480+0,e4 e5 Nf3 Nc6 Bc4 Nf6 Nc3 d6 h3 Be6
1378,1531,black,300+4,e4 g6 d4 Nf6 Bd3 Bg7 Be3 d6 Nf3 b6
1915,1884,white,60+0,e4 e5 d4 exd4 c3 Nc6 Nf3 dxc3 Bc4 h6
1390,1442,black,60+12,Nf3 d5 d4 Nc6 c3 Nf6 Nbd2 Bg4 Ne5 Nxe5
1584,1709,black,300+0,e4 d5 exd5 Qxd5 Nc3 Qa5 Nf3 c6 d3 Bf5
1772,1647,black,60+0,e4 c5 c4 g6 Nc3 Bg7 d3 e6 h3 Ne7
1875,1926,black,60+0,d4 d5 c4 e6 Nc3 dxc4 e4 Nf6 Bxc4 Bb4
1539,1689,black,240+0,e4 e5 Qh5 Nc6 Bc4 Qe7 c3 Nf6 Qh4 d6
1139,1690,black,360+8,d4 g6 c4 Bg7 Nf3 Nf6 e3 b6 Bd3 Bb7
1584,1508,white,300+0,e4 e6 Nf3 Nc6 Bb5 a6 Bxc6 bxc6 d4 c5
1556,1637,white,600+1,e4 a6 d4 b5 c4 c6 Nf3 e6 a3 b4
1511,1581,black,60+2,d4 d5 c4 e5 Nc3 dxc4 d5 Nf6 e4 Bb4
1504,1364,black,300+0,d4 g6 Nf3 Bg7 g3 b6 Bg2 Bb7 O-O e6
1505,1621,white,120+0,e4 e5 Nf3 Nc6 Nc3 Bb4 d3 h6 Bd2 Nf6
1298,1647,black,420+4,d4 d5 Nc3 c5 e4 dxe4 dxc5 Qxd1+ Nxd1 e5
1592,1500,black,300+0,e4 Nc6 Nf3 Nh6 d4 d5 e5 Bf5 Bb5 a6
1508,1166,white,120+0,e4 g6 f3 Bg7 Nc3 Nh6 Nge2 O-O Ng3 b6
1622,1600,black,120+2,e4 c5 Nf3 d6 d4 cxd4 Nxd4 Nf6 Nc3 e6
1538,1736,white,300+8,e4 c5 Nf3 d6 Bb5+ Bd7 Nc3 g6 O-O Bg7
1493,1424,white,1200+8,c4 c5 e4 e5 Bd3 d6 Nf3 Nc6 Nc3 a6
1333,1447,black,240+0,d4 d5 Bf4 e6 e3 c5 Bb5+ Nd7 Nf3 a6
1662,1758,white,60+0,c4 e5 Nf3 d6 e4 c5 Nc3 Nc6 d3 f5
1720,1698,white,60+0,d4 c5 d5 e5 e4 f5 exf5 d6 Qh5+ g6
1349,1520,black,900+5,e3 c5 Nf3 e6 Bc4 Nf6 O-O a6 Nc3 Nc6
1936,1866,black,60+0,e4 e5 d4 d6 dxe5 dxe5 Qxd8+ Kxd8 Nc3 c6
1672,1656,black,120+2,e4 c5 Nf3 e6 d4 cxd4 Nxd4 a6 Nc3 Nc6
2034,1796,white,300+8,e4 e5 f4 exf4 Nf3 Be7 Bc4 Bh4+ Kf1 Ne7
1700,1619,white,180+0,Nc3 d5 e3 e6 Bb5+ c6 Ba4 Nf6 Nf3 b6
1473,1668,black,120+6,e4 e5 Bc4 c6 c3 d5 exd5 cxd5 Bb5+ Bd7
1904,1716,white,300+13,e4 e5 Nf3 Nc6 Nc3 Nf6 Bc4 h6 d3 Bc5
1865,1814,white,180+2,d4 d5 c4 e6 Nc3 Nf6 Nf3 c6 Bg5 Nbd7
1538,1590,white,900+8,e4 e5 Nf3 Nc6 d4 exd4 Nxd4 Nxd4 Qxd4 d6
1384,1451,white,60+12,e4 e5 Nf3 Nc6 Bb5 d6 Nc3 Nf6 d3 a6
1235,1284,black,180+10,e4 d5 Nc3 dxe4 Nxe4 Qd5 d3 Qd4 Nf3 Qb4+
1773,1647,draw,300+8,e4 d6 d4 Nf6 Nc3 Nbd7 Be3 e5 d5 Be7
1651,1500,white,180+0,d4 g6 Nc3 Bg7 Bf4 Nh6 Nb5 d6 Qd2 e5
1605,1520,white,120+0,e4 e5 Bc4 d6 c3 Be7 Nf3 Nf6 d3 O-O
1754,1970,black,240+0,e4 e5 d4 exd4 Nf3 Nc6 Bc4 Nf6 e5 d5
1741,1705,white,540+9,d4 g6 c4 Bg7 Nf3 d6 e3 c5 Nc3 Nc6
1731,1788,white,60+0,d4 e5 d5 d6 e4 c6 c4 Nf6 Nf3 Be7
1691,1500,white,360+8,d4 d6 d5 Nf6 c4 e6 Nc3 Be7 e4 exd5
1695,1477,black,240+0,d4 b6 Nf3 Bb7 e3 g6 Be2 Bg7 O-O Nf6
1878,1922,white,60+0,d4 d5 c4 c5 Nc3 dxc4 d5 e6 e4 exd5
1744,1676,white,60+0,e4 c5 c4 Nc6 Nc3 e6 d3 Nf6 f4 d6
1500,1995,black,300+10,e4 c6 d4 d5 exd5 cxd5 Nc3 Nc6 Bb5 Nf6
1519,1177,white,600+20,e4 e5 Nf3 d6 Bc4 Bg4 h3 Bxf3 Qxf3 f6
1453,1563,black,600+10,e4 e5 Nc3 Nf6 d3 Bc5 Be3 Bxe3 fxe3 d6
1047,1067,black,120+0,Nf3 Nc6 Ng5 d6 e3 Bf5 Qf3 Qd7 Bc4 Na5
1896,1212,white,120+0,e4 e5 f4 d5 Nf3 dxe4 Nxe5 Qe7 Bc4 Be6
1829,1599,white,300+15,e4 e5 Nf3 d6 d4 exd4 Nxd4 Nf6 Nc3 Bd7
1748,1826,black,900+8,Nf3 Nc6 g3 e5 e4 Nf6 d3 d6 Bg2 Be7
1447,1619,black,600+0,f4 b6 e4 Bb7 d3 e6 Nf3 Bb4+ Nc3 Bxc3+
1909,1890,black,60+0,e4 e5 d4 exd4 c3 Bc5 cxd4 Bb4+ Bd2 Bxd2+
1499,2009,black,180+0,e4 c5 Nc3 e6 Bb5 a6 Bc4 Nf6 e5 Ng8
2191,1858,white,240+0,Nc3 e6 e4 d5 e5 d4 Nce2 c5 Ng3 Nc6
1752,1066,white,120+1,e4 e5 Bc4 Nf6 Nf3 Nc6 d3 Nd4 Ng5 h6
1590,1502,black,60+2,a3 c6 c4 d5 cxd5 cxd5 d3 Nf6 e3 e5
1775,1842,white,120+0,e4 b6 f4 Bb7 d3 c5 Nf3 Nc6 g3 e6
1383,1489,black,300+0,b3 e5 Bb2 d6 e3 Nf6 Bd3 Be7 Nc3 O-O
1536,1518,white,120+0,e4 e6 f4 d5 exd5 exd5 Nf3 Nf6 Bb5+ Bd7
1511,1614,black,120+0,e4 e5 Nf3 Nc6 Nc3 Bb4 Bb5 d6 Bxc6+ bxc6
1369,1416,white,360+10,e4 e5 Nf3 d6 Bb5+ c6 Ba4 h6 O-O Nf6
1039,1789,white,720+0,e4 c5 Nf3 a6 d4 cxd4 Nxd4 Nc6 Be3 e5
1411,1542,black,900+0,e4 e5 Nf3 Bc5 Bc4 d6 Ng5 Qxg5 O-O Bh3
1430,1259,white,180+2,e4 e5 Nf3 Nc6 Nc3 Nf6 a3 d5 exd5 Nxd5
1557,1756,black,300+5,e4 e6 Bc4 d5 exd5 exd5 Bb3 c5 d4 b6
1667,1563,white,60+0,f4 d5 e4 e6 e5 b6 Nf3 c5 d4 c4
1264,1708,black,180+0,e4 e5 d3 Nc6 c4 Bb4+ Bd2 Bxd2+ Qxd2 Nf6
1547,1524,white,300+0,e4 e5 d3 Nf6 h3 Bc5 Nf3 O-O Be2 h6
1211,1269,black,120+0,e4 c5 Bc4 e6 Nf3 Nc6 c3 a6 d4 b5
1222,1897,black,120+0,e4 e6 d4 d5 exd5 exd5 Bb5+ c6 Be2 Nf6
1550,1429,white,420+0,e4 c5 d4 d6 dxc5 dxc5 Qxd8+ Kxd8 f4 Nc6
1354,1063,white,180+6,e3 Nf6 d4 d5 a3 Bg4 Be2 Bf5 Bf3 e6
1691,1716,black,300+0,e4 d5 e5 d4 Nf3 Bf5 Bc4 e6 O-O Bc5
1901,1898,black,60+0,d4 d5 c4 e6 Nc3 Nf6 Nf3 Be7 Bg5 O-O
1670,1660,white,120+2,d4 b5 Nf3 Bb7 e3 a6 c4 bxc4 Bxc4 e6
1680,1611,black,240+0,d4 b6 Nf3 Bb7 e3 g6 Be2 Bg7 O-O Nf6
1753,1768,black,120+0,e4 e6 c4 d5 Nc3 dxe4 Nxe4 b6 d4 Bb7
1669,1612,white,300+0,c4 c5 Nf3 d6 d4 cxd4 Nxd4 Nc6 Nxc6 bxc6
1630,2034,white,180+0,e4 c5 Nf3 e6 Nc3 d5 Bb5+ Bd7 Bxd7+ Qxd7
1494,1292,white,600+8,d4 d5 Nf3 b6 Nc3 Bb7 b3 Na6 Ba3 Qd7
2069,2055,white,120+0,d4 e6 c4 d5 Nc3 Nf6 e3 Be7 a3 O-O
1593,1763,white,300+0,e4 c5 Nf3 d6 Bb5+ Nc6 Bxc6+ bxc6 O-O e6
1651,1431,white,300+0,e4 e5 Bc4 Nf6 Nc3 c6 Nf3 d6 a3 b5
1875,1639,white,180+2,d4 e6 c4 Bd6 Nc3 Bb4 Qc2 Bxc3+ bxc3 Ne7
1582,1350,white,300+0,e4 e5 Nf3 Nf6 d3 Nc6 Bg5 h6 Bxf6 Qxf6
1909,1891,white,60+0,e4 e5 d4 exd4 c3 Bc5 Bc4 Ne7 cxd4 Bb4+
1503,1576,white,120+0,e4 e6 Nf3 c5 Bc4 a6 e5 b5 Be2 Nc6
1548,1364,black,900+0,e4 g6 Bc4 Bg7 Qf3 f6 b3 e6 Bb2 Ne7
1804,1934,black,420+0,d4 Nf6 c4 e6 Nc3 Bb4 Bd2 d6 e3 O-O
1535,1674,white,60+0,e4 c5 d3 e6 Nc3 Nf6 g3 Nc6 f4 Be7
1881,1919,white,60+0,d4 d5 c4 dxc4 Nc3 e6 e4 Nf6 Bxc4 Bb4
1828,1500,white,60+1,e4 c5 f4 d6 Nf3 e6 d4 cxd4 Nxd4 Nc6
1500,1570,white,1200+5,e4 e5 Nf3 Nc6 d3 Bc5 Nc3 Nf6 Be3 b6
1694,1668,white,240+0,e4 e5 Qh5 Qe7 Bc4 Nf6 Qh4 d6 d3 Nc6
1613,1710,black,180+0,e4 e5 Nc3 Nc6 Bc4 d6 d3 Be6 Bb3 Bxb3
1601,1698,white,600+0,d4 c5 dxc5 e6 b4 Nc6 a3 Qc7 Nf3 Nf6
1723,1446,white,180+0,d4 b6 Nc3 Bb7 Bf4 e6 Nb5 c6 Nc7+
1481,1734,black,300+0,d4 Nf6 Nf3 e6 e3 b6 Nc3 Bb7 Be2 Be7
1578,1528,white,900+5,e4 c5 c4 e5 h3 Nc6 Nf3 Nf6 d3 Be7
1551,1533,black,840+4,e4 e5 Bc4 Nf6 Nc3 Bc5 h3 O-O Nf3 c6
1346,1437,black,60+8,c4 b6 Nc3 Bb7 e4 e6 Nf3 Bb4 Qb3 Bxc3
1696,1614,white,360+8,d4 d5 c4 dxc4 a4 Nf6 e3 e6 Bxc4 Be7
1790,2040,black,300+8,b3 d5 Bb2 e6 g3 Nf6 Bg2 Be7 h3 O-O
1641,1557,black,300+0,b3 e5 Bb2 d6 f3 h6 e4 Nf6 Nc3 a6
1660,1585,white,60+0,Nf3 d5 d4 e6 c4 c6 Nc3 Nf6 e3 Nbd7
2024,1788,draw,120+0,e4 d5 exd5 Nf6 Nf3 Nxd5 d4 e6 Bd3 Be7
1517,1562,black,120+0,e4 c5 Nf3 d6 Nc3 a6 d4 cxd4 Nxd4 e6
1556,1705,black,300+8,e4 e5 Nf3 Nc6 Bb5 Nge7 O-O g6 d4 exd4
1290,1230,black,300+1,e4 e5 Nf3 Nf6 Nxe5 Bd6 Nxf7 Kxf7 Bc4+ Kf8
1300,1387,white,480+2,e4 e5 Qf3 f6 Ne2 d5 d4 dxe4 Qxe4 Nc6
1764,1500,black,180+0,d4 Nf6 Nc3 d5 Bf4 Bf5 Nb5 Na6 a3 c6
1855,2194,black,240+0,d4 Nc6 c4 e5 d5 Nce7 Nc3 Ng6 e4 Bc5
1634,1488,white,120+0,e4 e6 Nf3 d5 Nc3 Ne7 d4 Ng6 Bd3 c5
1892,1907,black,60+0,d4 e5 d5 d6 c4 f5 Nc3 Nf6 Bg5 Be7
1437,1334,white,180+2,e4 d5 exd5 Qxd5 c4 Qd8 Nf3 Bg4 Be2 Bxf3
1824,1719,black,180+0,e4 e5 d3 Nc6 f4 d6 Nf3 Bg4 Be2 Bxf3
1832,1778,black,120+0,g3 Nf6 Bg2 g6 d3 Bg7 c3 O-O e4 e5
1524,1661,black,600+10,e4 e5 f4 exf4 Nf3 d5 Nc3 dxe4 Nxe4 Bd6
1500,1590,black,300+8,d4 d5 g3 Nf6 Bg2 c6 Nh3 Bxh3 Bxh3 e6
1497,1665,black,180+0,e4 c5 Nf3 d6 Bb5+ Bd7 Bxd7+ Nxd7 O-O e6
1802,1764,white,900+8,f4 d5 Nf3 Bf5 e3 Nc6 d3 Nf6 Be2 h6
1559,1669,white,60+0,e4 c5 d3 e6 g3 Nc6 f4 d5 Bg2 d4
1742,1731,white,60+0,e4 e5 c4 Nc6 Nc3 Bc5 d3 d6 h3 Nge7
2198,1982,white,300+0,e4 e5 Nf3 Nc6 d4 exd4 c3 d5 exd5 Qxd5
1918,1882,white,60+0,e4 e5 d4 exd4 c3 dxc3 Bc4 Be7 Nf3 Nf6
1135,1231,white,300+8,d4 d5 c4 dxc4 e3 b5 Nf3 Bg4 h3 Bxf3
1316,1691,black,180+0,d4 Nf6 f3 d5 g4 e6 g5 Nh5 f4 Bd6
1497,1527,black,300+0,d4 e6 Nf3 d5 g3 h6 Bg2 a6 O-O Nf6
1570,1800,black,600+1,e4 e6 Nf3 d5 exd5 exd5 d4 Nf6 Ne5 Bb4+
1873,1928,black,60+0,d4 d5 c4 e6 Nc3 Nf6 Nf3 Be7 Bg5 O-O
1658,1832,white,240+0,d4 e5 dxe5 Nc6 Nf3 Bb4+ Bd2 Bc5 e3 Nge7
1588,1634,draw,300+0,e4 e5 Nf3 Nc6 d4 exd4 Nxd4 Ne5 Nc3 Bb4
1582,1389,white,300+3,e4 e6 Nf3 h6 Nc3 a6 d4 d5 exd5 exd5
1552,1749,white,300+0,e4 e5 Nc3 Bb4 f4 Bxc3 dxc3 exf4 Bxf4 Nf6
1777,1343,white,420+0,d4 d5 Bf4 c5 e3 e6 Nf3 Bd6 Bg3 Qc7
1507,1753,black,120+0,e4 c5 Nc3 Nc6 Bb5 e5 Bxc6 bxc6 Nf3 d6
1323,1372,black,120+0,e4 d5 exd5 Qxd5 d3 e6 Be2 g6 Nf3 Bg7
1473,1495,white,240+5,e4 e5 Nf3 Nc6 Bc4 h6 Nc3 Nf6 d3 d6
1534,1500,white,900+0,e4 Nc6 c3 f6 d4 e5 d5 Nce7 c4 d6
1457,1533,black,900+0,e4 e5 Nf3 Bc5 d3 h6 d4 exd4 Nxd4 Qf6
1683,1879,white,180+1,d4 d5 c4 e6 Nf3 c6 g3 Nf6 Bg2 Bd6
1493,1415,black,540+9,e4 e5 d3 Bc5 h3 Qf6 Nf3 Ne7 Bg5 Qe6
1721,1660,white,720+0,e4 e6 d4 d5 e5 f6 f4 fxe5 fxe5 Be7
1541,1700,black,600+0,e4 e5 Nf3 Nc6 Bc4 Bc5 d3 Nf6 Be3 Bxe3
1695,1880,black,1200+0,e4 e5 Nf3 Nc6 Bb5 Nf6 d3 Bc5 Bxc6 dxc6
1470,1500,black,120+0,e4 e6 f3 d5 Nc3 Nf6 d4 c5 Nge2 dxe4
1502,1605,black,1200+8,d4 d5 e3 Nf6 Nf3 Nc6 c3 Bf5 Nbd2 e5
1576,1552,white,900+8,e4 c5 Nf3 e6 Nc3 Nc6 d3 Nf6 Bg5 Be7
1816,1747,black,180+0,e4 c5 Nf3 d6 d4 e6 dxc5 Qa5+ Nc3 Qxc5
1496,1705,black,360+8,e4 e5 d4 exd4 Qxd4 Nc6 Qe3 g6 Nf3 Bg7
1719,1675,white,240+0,d4 d5 e4 dxe4 f3 exf3 Nxf3 Nf6 Bc4 e6
1798,1748,black,420+0,d4 Nf6 c4 g6 Nc3 Bg7 e4 d6 Nf3 O-O
1603,1445,black,300+0,Nf3 e6 c4 g5 d4 g4 Ne5 h5 f3 Qh4+
1500,1599,black,60+1,c4 d5 cxd5 Qxd5 Nf3 Bg4 Nc3 Qc6 e3 Bxf3
1358,1036,black,180+6,e3 e5 a3 Bc5 b4 Bb6 Bb2 Nc6 Nf3 d6
1937,1864,white,60+0,e4 e5 d4 exd4 c3 dxc3 Bc4 Qe7 Ne2 Qxe4
1571,1670,white,600+10,e4 e5 Nf3 d6 Bc4 h6 Nc3 c6 d4 b5
1409,1665,black,240+0,e4 e5 Nf3 Nc6 d4 exd4 Nxd4 Nge7 Bc4 g6
1579,1581,black,300+4,e4 e5 Bc4 Bc5 Nf3 Nc6 O-O Nf6 Nc3 O-O
1308,1522,black,120+0,d3 e5 e4 d5 exd5 c6 dxc6 Nxc6 Nc3 f6
1834,1688,white,300+15,e4 e5 Nf3 Nc6 Bc4 h6 d4 Qf6 dxe5 Nxe5
1778,1626,white,720+0,d4 d5 e4 dxe4 Nc3 Bf5 f3 exf3 Nxf3 Nf6
1623,1647,black,180+0,e4 d6 Nf3 Nf6 Nc3 c6 d4 Bg4 Be2 Nbd7
1081,1751,black,540+9,e4 e5 d3 Nf6 Nf3 Nc6 g3 d5 Qe2 Nd4
1680,1852,black,300+0,e4 d5 exd5 Qxd5 d4 Nc6 Nf3 Bg4 Be2 O-O-O
1502,1572,white,120+0,e4 e6 Bc4 Nf6 e5 Ng8 d4 Ne7 Nf3 b6
1542,1300,white,120+0,d4 d5 e4 dxe4 f3 exf3 Nxf3 e6 Bd3 Nc6
1662,1429,white,180+0,e4 e5 Nf3 d6 Bc4 Bg4 d3 h6 Nbd2 c6
1856,1770,black,60+0,e4 d6 d4 Nf6 Nc3 g6 Bg5 Bg7 Nf3 O-O
1749,1939,black,240+0,e4 e6 f4 d5 exd5 exd5 Nf3 Bd6 d4 Ne7
1586,1491,white,180+0,d4 e6 c4 c5 Nc3 cxd4 Qxd4 Nc6 Qg4 Nf6
1813,1970,black,600+3,c4 f5 g3 Nf6 Bg2 e5 Nc3 c6 f4 e4
1753,1673,white,120+1,e4 c5 Bc4 d6 Nf3 Nf6 d3 Nc6 O-O Na5
1409,1447,black,300+6,e4 e5 Nf3 Nc6 Bc4 h6 Nc3 Nf6 Nb5 Na5
1241,1700,white,300+8,d4 d5 c4 dxc4 Nc3 e6 Bf4 Nc6 e3 Bb4
1452,1651,white,120+0,e4 e6 f3 Qe7 Nc3 g6 Nge2 Bh6 Ng3 b6
1805,1729,black,420+2,d4 e6 c4 Nf6 Nc3 d5 Nf3 c5 e3 Nbd7
1623,1774,black,420+2,e4 e5 Nf3 Nc6 Bb5 Nf6 d3 Bc5 c3 d6
1722,1183,white,420+2,d4 d5 c4 c5 dxc5 dxc4 Qxd8+ Kxd8 e3 e6
1697,1467,white,420+2,b3 e5 Bb2 Nc6 e3 d5 f4 exf4 exf4 Nf6
1755,1812,white,900+8,d4 e5 dxe5 f6 exf6 Nxf6 Bf4 Bc5 e3 d6
1581,1669,draw,240+0,a3 d5 c4 dxc4 Qa4+ Bd7 Qxc4 Nf6 e3 e6
1803,1726,black,180+0,e4 c5 Nf3 e6 d4 cxd4 Nxd4 a6 Be3 Qc7
1516,1198,white,120+0,e4 d5 exd5 Qxd5 Nc3 Qa5 Be2 c6 d3 b5
1833,1864,white,300+15,e4 c5 Nf3 d6 Bc4 e6 a3 a6 d3 Nc6
1784,1843,black,60+0,d4 d5 c4 Nf6 Nc3 c6 Nf3 Bg4 Ne5 Bf5
1338,1455,white,60+8,c4 b6 Nc3 Bb7 b3 e6 a3 Ne7 b4 d5
1863,1971,black,180+2,d4 d5 c4 e6 Nf3 Nf6 Nc3 Bb4 Bg5 Bxc3+
1615,1366,black,60+1,e4 Nf6 d3 d5 Nc3 dxe4 Nxe4 Nxe4 dxe4 Qxd1+
1644,1779,black,300+0,e4 c5 Nf3 Nc6 Bc4 e6 e5 g6 O-O Bg7
1768,1237,black,720+0,e4 c5 Bc4 Nf6 e5 d5 exf6 dxc4 fxg7 Bxg7
1262,1217,black,300+8,e4 e6 d4 d5 e5 Bb4+ c3 Be7 g3 b6
1364,1474,black,300+8,d4 c6 d5 e6 d6 Nf6 c4 Qa5+ Bd2 Qc5
1587,1571,black,300+0,Nf3 d6 c4 e5 d3 h6 Nc3 Nf6 g3 Be7
1549,1689,white,300+8,e4 c5 Nf3 Nc6 Bb5 Qb6 c4 a6 Bxc6 Qxc6
1558,1612,black,420+0,e4 e5 f4 Nc6 Nf3 exf4 d4 d5 e5 Bg4
1277,1378,white,300+1,e4 c5 Bc4 e6 Nf3 Nc6 e5 d5 exd6 Bxd6
1946,1818,black,60+0,e4 b6 d4 Bb7 Nc3 Nf6 Nf3 Nxe4 Qd3 Nxc3
1567,1384,white,300+8,e4 e5 Nf3 Nc6 d4 exd4 Nxd4 Nxd4 Qxd4 c5
1292,1150,white,120+0,e4 d5 exd5 Qxd5 d3 e5 Nf3 Nf6 Nc3 Qd6
1672,1462,white,180+0,d4 e6 Nf3 d6 e4 c6 Nc3 Nd7 Bd3 Be7
1483,1594,white,180+0,e4 e5 Nf3 d6 Bb5+ Bd7 Bxd7+ Nxd7 O-O Ngf6
1743,1787,black,240+2,e4 e6 d4 d5 e5 c5 c3 Nc6 Nf3 Qb6
1851,1775,white,60+0,d4 d6 c4 Nf6 Nc3 g6 Bg5 Bg7 e4 O-O
1658,1325,white,180+0,d4 d5 Nc3 Bf5 Bf4 a6 e3 e6 a3 Bd6
1589,1633,black,300+0,e4 e5 Nf3 Nc6 d4 exd4 Nxd4 Ne5 Bd3 Bb4+
1755,1052,black,600+8,d4 e5 d5 d6 c4 Nf6 Nc3 Na6 Bg5 h6
1538,1486,white,300+0,e4 e5 d4 exd4 Qxd4 Nc6 Qc4 d6 Nc3 Nf6
1400,1572,white,300+8,e4 e5 c3 Bc5 d4 Bd6 d5 c6 dxc6 Nxc6
1729,1568,black,300+4,d4 Nf6 e4 e6 Bd3 b6 c3 Ba6 Bxa6 Nxa6
1672,1540,draw,180+0,e4 e6 Nf3 Qe7 d4 g6 Nc3 Bh6 Bxh6 Nxh6
1519,1368,white,120+0,e4 e5 Nf3 d6 Nc3 Bg4 Bc4 c6 h3 Bh5
1493,1791,black,120+0,e4 e6 f3 d5 exd5 exd5 d4 Nc6 Nc3 Bb4
1585,1581,white,60+1,c4 d5 Nf3 dxc4 Qa4+ c6 Qxc4 Nf6 d4 e6
1542,1414,white,900+0,e4 g6 d4 Bg7 Nf3 Nf6 Bc4 Nxe4 O-O Nd6
1333,1480,black,600+8,d4 c6 Nc3 e6 b3 b5 Bb2 Qa5 Qd2 Bb4
1793,1862,black,180+0,e4 c5 Nf3 e6 d4 cxd4 Nxd4 a6 Be3 Qc7
1231,1502,black,300+8,d4 d5 g3 e6 Bg2 a6 e4 dxe4 Bxe4 c6
1859,1674,white,300+0,f4 e5 fxe5 d5 d4 Bf5 Nf3 Be4 Nc3 Bb4
1619,1785,white,720+0,e4 e5 Nf3 Nc6 Bb5 Nf6 d3 a6 Bxc6 dxc6
1740,1500,white,900+8,Nf3 e6 d4 Nc6 g3 h6 Bg2 Nf6 Bf4 d6
1803,1634,black,300+1,d4 Nc6 d5 Ne5 e4 Nf6 f4 Ng6 Bd3 e6
1166,1341,white,180+6,d4 e6 Bf4 Nc6 e3 a6 Nf3 b5 Bg5 Be7
1834,1608,white,60+1,e4 c5 Nc3 e6 g3 Nc6 Bg2 Qf6 Nge2 g6
1427,1556,black,300+8,d4 d5 Nf3 c6 e3 Bg4 h3 Bxf3 Qxf3 f6
1860,1699,white,60+0,d3 d5 c3 c5 d4 Nc6 e3 e6 Nf3 Nf6
1622,1766,white,300+0,e4 c5 Nf3 e6 d4 cxd4 Nxd4 Nc6 Bc4 a6
1303,1532,black,120+0,e4 e5 Nf3 d6 Nc3 b6 Bc4 Bb7 d3 h6
1488,1539,black,1020+8,h3 e5 e4 Bc5 Nf3 Nc6 a3 Nf6 c3 Nxe4
1340,1779,black,420+0,e4 Nf6 Nc3 d6 Bb5+ Bd7 Bxd7+ Qxd7 d3 c5
1693,1866,white,60+0,d4 d5 Nf3 Nf6 c4 c6 b3 Bg4 e3 e6
2023,1777,draw,300+10,e4 e6 d4 d5 exd5 exd5 Nf3 Nf6 c4 Bb4+
1408,1380,black,60+10,e4 g6 d4 Bg7 c3 Nh6 f3 O-O Bc4 e6
1613,1494,white,1200+8,e4 e5 Nf3 d6 Bc4 Nc6 h3 Nf6 Nc3 Bd7
1575,1424,black,300+0,Nf3 f5 c4 d6 Nc3 e5 d3 c6 Bg5 Be7
1796,1733,black,240+2,d4 d5 c4 Nf6 Nc3 e6 e3 Nc6 Nf3 Bd6
1421,1455,white,1320+0,d3 e5 g3 Bc5 Bg2 d5 c3 Nc6 Qc2 Be6
1855,1775,white,180+2,d4 d5 c4 c6 cxd5 Nf6 Nc3 g6 dxc6 Nxc6
1558,1684,black,60+1,e4 c5 d3 e6 Nc3 d5 f3 d4 Nb1 Bd6
1313,1666,black,240+0,d4 d5 e3 Nf6 Ne2 e6 g3 Bd6 Bg2 O-O
1616,1180,white,420+2,e4 e5 Nf3 Nf6 d4 Nc6 d5 Nd4 Nxd4 exd4
1484,1599,white,240+5,e4 d6 Nf3 e6 d4 c6 Nc3 h6 e5 d5
1850,1708,white,60+0,Nc3 d5 d4 e6 Bf4 a6 a4 c5 e3 Bd6
1440,1343,black,600+0,f4 Nf6 d3 Nc6 Nf3 d5 Nbd2 d4 b3 e6
1221,1371,black,1740+30,e4 e5 b3 a6 Bb2 Nc6 d4 exd4 Bxd4 Nf6
1720,1603,white,60+0,e4 c5 Nf3 e6 d4 cxd4 Nxd4 a6 Be3 Nc6
1583,1643,black,300+8,b4 e5 Bb2 Nc6 b5 Nd4 e3 Nxb5 Bxb5 a6
1707,1524,white,600+0,e4 e5 Nf3 Nc6 Bc4 Nf6 Ng5 d5 exd5 Nxd5
1366,1295,black,120+0,Nf3 e6 d4 d5 e3 Nf6 c3 c5 Nbd2 c4
1604,1577,black,300+0,e4 e5 f4 exf4 Nf3 Nc6 d4 Bb4+ c3 Ba5
1932,1946,black,180+0,d4 e6 c4 Nf6 Nc3 c5 Nf3 cxd4 Nxd4 b6
1802,1726,white,420+2,e4 e6 d4 d5 e5 c5 c3 Nc6 Nf3 Qb6
1725,1798,black,540+6,d4 d5 Nf3 Bf5 g3 e6 Bg2 Bd6 O-O Ne7
1580,1662,white,120+4,d4 e6 c4 Ne7 Nc3 Ng6 e3 Be7 Bd3 O-O
1579,1456,white,300+0,e4 e6 d4 d6 Nf3 Nd7 Nc3 Be7 Bd3 h5
1783,1749,black,300+2,d4 d5 c4 c6 Nc3 dxc4 e3 b5 a4 Qb6
1485,1490,black,120+0,e4 e5 f4 exf4 Nf3 Nc6 Nc3 Nf6 d4 d5
1683,1548,white,180+0,d4 e6 a3 d5 Nc3 h6 Bf4 a6 e4 Bd6
1642,1634,black,120+0,e4 e6 d4 Qe7 Bb5 g6 h3 Bh6 Nf3 Bxc1
1477,1500,black,420+4,d4 d5 c4 Nf6 e3 e6 Be2 Nc6 Nf3 Bb4+
1664,1684,black,180+0,e4 d6 Nf3 Nf6 d3 e5 Bg5 Bg4 Nc3 Nbd7
1746,1786,black,240+2,e4 c5 Nf3 Nc6 d4 cxd4 Nxd4 Nf6 Nxc6 bxc6
1702,1857,white,60+0,Nf3 Nc6 d4 d5 c4 e6 cxd5 exd5 h3 Bf5
1585,1657,white,600+10,e4 e5 Nf3 Qe7 Nc3 c6 Bc4 h5 d3 b5
1359,1184,black,180+5,e4 c5 f4 Nc6 c4 e6 Qe2 Be7 f5 Bf6
1595,1727,black,60+0,d4 e6 c4 d5 Nf3 Nf6 g3 Be7 Bg2 O-O
1315,1623,black,120+0,e4 e5 Nf3 Nc6 Bc4 Bc5 d3 h6 Nc3 Nf6
1751,1638,white,300+0,d4 d5 Nf3 Nc6 e3 Nf6 c3 e6 Ne5 Be7
1704,1477,white,300+0,d4 d5 c4 dxc4 Nc3 Nf6 e3 e6 Nf3 Bb4
1646,1630,white,120+0,e3 d6 g3 e5 Bh3 f5 Qe2 g5 g4 f4
1637,1781,black,420+1,e4 Nf6 e5 Nd5 Bc4 Nb6 Bb3 Nc6 Nf3 Na5
1565,1640,white,600+1,e4 e5 Nf3 Nc6 Bc4 Bc5 c3 h6 d4 exd4
1626,1310,black,120+0,e4 e5 Bc4 d6 Nf3 Nf6 d3 Be6 Bb3 c6
1567,1479,white,300+4,e4 d5 e5 d4 Bc4 Nd7 Nf3 Nb6 Ng5 Nxc4
1833,1618,white,420+2,e4 c5 Nf3 e6 Nc3 Nc6 d4 cxd4 Nxd4 Nxd4
1657,1481,white,300+0,e4 c5 Bc4 Nc6 c3 d6 d3 Nf6 h3 h6
1615,1378,white,0+3,e4 b6 Nf3 Bb7 d3 d5 Be2 dxe4 dxe4 Bxe4
1479,1542,white,120+0,d4 d5 Nf3 e6 c3 Nf6 e3 b6 Nbd2 c5
1662,1734,white,600+5,e4 e5 Nf3 d6 Bc4 Bg4 Nc3 c6 d4 exd4
1794,1738,white,120+0,e4 Nf6 e5 Nd5 Nf3 Nb6 c3 c5 d4 d6
1842,1716,black,60+0,d4 d5 c4 c6 Nc3 e6 Nf3 Nf6 Bg5 Be7
1667,1337,white,300+0,e4 e5 d4 f6 dxe5 fxe5 Qh5+ Ke7 Qxe5+ Kf7
1669,1863,black,240+0,d4 d5 Nf3 e6 e3 Nf6 Be2 c5 dxc5 Bxc5
1734,1588,black,60+0,e4 c5 Nf3 e6 d4 cxd4 Nxd4 Nc6 Be3 a6
1630,1758,black,300+0,e4 e6 Nf3 d6 d4 c6 Bc4 b5 Bb3 Nd7
1731,1351,white,180+0,d4 Nf6 Nc3 g6 Bf4 Bg7 Nb5 c6 Bc7
1352,1311,white,60+8,c4 g6 Nc3 Bg7 e4 d6 Nf3 Nf6 d3 O-O
1657,1460,black,120+0,e3 d5 Qe2 e6 g3 Nf6 Bh3 Nc6 b3 Bd7
1362,1706,black,180+0,e4 d6 d4 Nf6 Bd3 e5 dxe5 dxe5 Nf3 Nbd7
1613,1790,draw,420+2,e4 e6 Nf3 d5 e5 c5 c3 Nc6 d4 cxd4
2203,1696,black,180+0,Nc3 c6 e4 e5 Nf3 d6 Bc4 h6 d4 exd4
1526,1373,white,120+0,e4 b6 Nf3 Bb7 Nc3 e6 d4 Bb4 e5 Bxc3+
1869,1932,white,180+2,d4 c6 c4 d5 cxd5 cxd5 Nc3 Nf6 Nf3 Nc6
1560,1342,white,300+0,Nf3 Nc6 c4 Nf6 Nc3 e6 d4 Bb4 Qc2 O-O
1742,1700,white,420+2,d4 e6 c4 d5 Nc3 Nf6 Bg5 Be7 cxd5 exd5
1635,1609,white,120+2,e4 d6 d4 g6 Bd3 Bg7 Be3 e6 Nd2 b6
1333,1671,black,300+0,c3 e5 e3 d5 d4 Nc6 Bb5 Bd7 Bxc6 Bxc6
1618,1588,white,600+0,e4 e5 Bc4 Qe7 d3 h6 Nc3 c6 Bd2 d6
1865,1663,white,240+0,e3 e5 b3 Nc6 Bb2 Nf6 Nf3 d6 c4 Be7
1731,1828,draw,60+0,Nf3 d5 d4 c5 c3 Bg4 Ne5 Bf5 Bf4 e6
1561,1713,white,1200+5,e4 b6 d4 Bb7 d5 e6 c4 a6 Nf3 b5
1604,1719,black,60+0,d4 e6 c4 d5 Nf3 Nf6 g3 Be7 Bg2 O-O
1686,1743,black,180+0,e4 e6 Nf3 Nf6 e5 Nd5 c4 Nb6 c5 Nd5
1425,1224,white,300+8,d4 c5 Nf3 Qb6 dxc5 Qxc5 Nc3 d6 e3 Bf5
1851,1719,white,420+2,e4 d6 d4 Nf6 Nc3 g6 Nf3 Bg7 Be2 O-O
1325,1260,black,180+6,e3 e5 d4 e4 d5 Nf6 Nc3 Bb4 Bd2 Bxc3
1462,1908,black,420+2,e4 e5 Nf3 Nc6 Bc4 Bc5 Nc3 Nf6 Ng5 O-O
1788,1500,white,120+2,e4 e5 Bc4 d6 c3 Nh6 h3 a6 a4 b5
1658,1475,white,240+0,d4 d6 Nf3 Nf6 e3 e5 dxe5 dxe5 Be2 e4
1467,1504,white,240+0,Nf3 Nf6 e3 d5 c4 c5 cxd5 Nxd5 Nc3 Nc6
1419,1748,black,720+0,f4 d5 Nf3 Bg4 h3 Bxf3 exf3 e6 g3 Bc5
1674,1329,white,300+0,e4 b6 d4 Bb7 Nc3 e6 Nf3 Bb4 Qd3 Bxc3+
1646,1589,white,300+0,e4 c5 Nf3 Nc6 d3 Nf6 Bg5 e5 Be2 h6
1873,1913,white,420+2,e4 e5 f4 d6 Nc3 Nf6 Nf3 Nc6 Bb5 Qe7
1472,1709,white,300+0,d4 Nf6 Nf3 d5 g3 e6 Bg2 Bd6 O-O Nbd7
1641,1246,white,600+4,e4 e5 Nf3 Nc6 d3 f6 Nc3 Bb4 Bd2 b6
1593,1895,black,180+0,d4 Nf6 c4 e6 Nc3 Bb4 Bd2 c5 dxc5 Na6
1727,1596,white,60+0,e4 c5 Nf3 e6 d3 Nc6 Nc3 Be7 Be3 Nf6
1470,1514,white,420+4,d4 g6 e3 Bg7 Nf3 b6 Be2 Bb7 O-O d5
1842,1561,white,300+15,e4 e5 Nf3 Nf6 Nxe5 Nxe4 Qe2 d5 d3 Qe7
1533,1558,white,120+0,e4 e5 Nf3 Nc6 Nc3 f5 exf5 Nf6 d3 d5
1825,1733,white,60+0,d4 d5 c4 c6 Nc3 Bf5 Nf3 e6 Bf4 a6
1664,1636,white,720+0,e4 e5 Nf3 d6 Bb5+ c6 Ba4 b5 Bb3 Na6
1640,1681,black,0+1,e3 e6 Qe2 c5 g3 Nc6 Bg2 d5 b3 d4
1653,1561,white,600+3,d4 g6 c4 Bg7 e4 e6 e5 Ne7 Nf3 O-O
1659,1359,white,120+2,d4 d5 c4 e6 Nc3 Bb4 Nf3 c5 e3 Nc6
1326,1357,black,600+0,e4 e5 b4 Nc6 c3 Nf6 d3 d5 Qa4 Bd7
1718,2179,black,180+0,d4 Nc6 b3 e5 Bb2 exd4 Bxd4 Nxd4 Qxd4 Nf6
2089,1958,black,300+10,e4 c5 Nf3 f6 d4 cxd4 Nxd4 Nc6 Nc3 d6
1541,1565,black,300+0,e4 c5 d4 cxd4 Qxd4 Nf6 Nc3 e6 Bg5 Be7
1500,1380,white,180+0,d4 Nc6 d5 Nb4 a3 Na6 b4 c6 c4 cxd5
1712,1792,white,180+0,d4 d5 Nf3 Bg4 Ne5 Bh5 g3 Nd7 Bf4 Nxe5
1589,1734,black,60+0,d4 d5 c4 e6 Nf3 Nf6 g3 Bd6 Bg2 O-O
1916,1736,black,240+2,e4 c6 d4 d5 exd5 cxd5 c4 e6 Nc3 Nf6
1957,1796,white,300+0,e4 c5 Nf3 Nc6 d4 cxd4 Nxd4 Nf6 Nc3 e5
1449,1406,black,180+2,e4 e5 Nf3 d6 Nc3 Bg4 h3 Bxf3 Qxf3 Nf6
1882,1811,black,180+2,d4 Nf6 c4 e6 Nc3 c5 d5 d6 Nf3 a6
1471,1576,white,300+4,g3 e5 Bg2 d5 Nf3 Bd6 O-O c5 d3 Nc6
1569,1496,black,120+0,d4 d6 Nf3 Nf6 e3 g6 Bd3 Bg7 c3 Nbd7
1479,1429,black,540+9,e4 e5 d3 d6 Nf3 h6 h3 Nf6 Nc3 c6
1804,1712,white,420+8,e4 e5 Nf3 Nc6 Bb5 d6 O-O Bd7 Nc3 Nf6
1879,1460,white,420+2,e4 e5 Nf3 Nc6 d4 exd4 Nxd4 Nxd4 Qxd4 d5
1752,1672,white,180+0,e4 e6 Nf3 d5 exd5 exd5 d4 Be6 Nc3 Be7
1663,1630,white,300+0,e4 d6 Nf3 e5 Bc4 Nf6 Nc3 Be7 h3 O-O
1425,1650,black,600+0,f4 d5 e3 c5 Bb5+ Bd7 Bxd7+ Nxd7 b3 Ngf6
1757,1833,black,60+0,e4 e5 d4 exd4 f4 Nc6 Nf3 Bc5 Bd3 d6
1713,1622,white,240+0,d4 d5 e4 dxe4 f3 e5 fxe4 exd4 Nf3 Nc6
1545,1537,black,120+0,e4 e6 Nf3 c5 Nc3 b6 Bb5 Bb7 d4 cxd4
1765,1761,white,300+2,d4 d5 Nf3 h6 Nbd2 a6 e3 e6 Bd3 Nf6
1582,1741,white,60+0,d4 e6 c4 d5 Nf3 Nf6 g3 Be7 Bg2 O-O
1498,1270,white,1500+12,e4 e6 d4 c6 Nc3 a6 Qf3 Nf6 Bf4 d6
1445,1500,white,600+10,e4 e5 c4 Nf6 d3 h6 a3 c5 h3 Qa5+
1362,1172,white,60+8,c4 e6 Nc3 Nf6 e4 Nc6 Nf3 Bd6 d4 O-O
1367,1316,draw,600+0,e4 e5 Nf3 Nf6 Nc3 d6 Bc4 Be6 d3 Bxc4
2181,1717,white,180+0,e4 c5 c3 d6 d4 cxd4 cxd4 e6 Nc3 Nf6
1922,1912,black,180+0,d4 Nf6 c4 e5 d5 Bb4+ Nc3 Bxc3+ bxc3 d6
1668,1573,white,360+8,e4 e5 f4 Nc6 Nf3 exf4 d4 d6 Bc4 h6
1664,1468,white,240+0,d4 d5 Nf3 Nc6 e3 Bg4 Be2 Bxf3 Bxf3 e5
1312,1230,draw,180+6,e3 e5 d4 exd4 Qxd4 b6 Bc4 Qf6 Qxf6 Nxf6
1739,1813,white,180+0,d4 c5 e3 e5 dxe5 Nc6 Nf3 Nge7 Nc3 Ng6
1355,1778,black,120+2,e4 e5 Nf3 Nc6 Bc4 Bc5 b4 Bxb4 c3 Ba5
1746,1872,black,180+4,d4 d5 c4 e6 Nc3 c6 Nf3 Nf6 e3 Bd6
1725,1598,white,60+0,e4 c5 Nf3 e6 d4 cxd4 Nxd4 Nc6 Be3 a6
1766,1761,white,240+0,e4 g6 f4 Bg7 c3 d6 d4 e6 Nf3 Nf6
1624,1375,white,180+0,d4 d5 Nc3 e6 a3 Nc6 Bf4 Bd6 Qd2 Bxf4
1448,1548,white,1200+10,e4 e5 Nf3 Nc6 Bc4 h6 c3 a6 d4 d6
1599,1500,white,300+0,e4 e5 Nf3 Nc6 Bb5 d6 d4 exd4 Nxd4 Bd7
1908,1672,white,420+2,e4 e6 e5 d5 exd6 Bxd6 Nc3 Nf6 Nf3 O-O
1654,1670,white,300+0,e4 e5 Nf3 d6 Bc4 Bg4 d3 Qf6 Be3 Bxf3
1500,1790,black,300+0,e4 c5 f4 Nc6 Nf3 g6 d4 cxd4 Nxd4 Bg7
1731,1841,white,60+0,d4 d5 Nf3 Nf6 c4 Bg4 Nc3 c6 Ne5 Bf5
1643,1896,black,180+0,e4 c6 f4 d5 e5 Bf5 Nf3 h5 h3 g6
1489,1519,black,420+2,e4 e5 Nf3 d6 Bc4 h6 Nc3 c6 d3 Bg4
1978,1760,black,600+3,Nf3 c6 d4 d5 g3 Nf6 Bg2 Bg4 Ne5 Bh5
1548,1803,white,120+0,d4 d5 c4 dxc4 Nc3 e5 d5 c6 e4 cxd5
1715,2183,black,180+0,d4 Nc6 b3 e5 e3 exd4 exd4 d5 a3 Bf5
1458,1559,black,900+0,e4 c5 Bc4 Nc6 Nc3 e6 d3 a6 Nf3 Bd6
1533,1549,white,120+0,e4 e6 Nf3 c5 d4 cxd4 Nxd4 Nc6 Nxc6 bxc6
1932,2044,black,120+0,d4 e6 c3 d5 Bf4 Nf6 e3 c5 Bd3 Be7
1848,1982,black,300+0,e4 Nf6 e5 Nd5 d4 Nb6 f4 d6 Nf3 N8d7
1590,1732,black,60+0,d4 e6 c4 d5 Nf3 Nf6 g3 Be7 Bg2 O-O
1760,1752,white,240+2,e4 c6 Nf3 d5 exd5 cxd5 d4 Nc6 c4 Bg4
1436,1452,draw,-,d4 d5 c4 c6 cxd5 Qxd5 Nc3 Qc4 e3 Qb4
1884,1618,white,420+2,e4 c5 Nf3 Nc6 Nc3 e6 Bc4 a6 a4 Na5
1498,1473,black,240+5,e4 e5 Nf3 Nc6 Bc4 Bc5 d3 Nf6 Ng5 O-O
1751,1690,white,420+2,d4 g6 c4 Bg7 Nc3 d6 Nf3 Nf6 e4 O-O
1674,1490,black,300+0,e4 e5 f4 exf4 Nf3 Nf6 Nc3 d6 d4 Be7
1691,1690,draw,180+0,d4 d5 c4 c6 Nc3 dxc4 a4 a6 e3 b5
1828,1748,white,60+0,d4 d5 Nf3 e6 c4 c5 Nc3 cxd4 Qxd4 Qd6
1465,1503,black,300+8,d4 d5 c4 e5 dxe5 d4 Nf3 Nc6 e3 Bb4+
1279,1720,black,240+10,e4 e6 Bc4 Nh6 d3 a6 a3 b5 Bb3 b4
1367,1300,white,60+8,c4 e6 Nc3 c5 e4 d6 Nf3 Nd7 b3 b6
1888,1765,black,180+0,e4 d6 d4 Nf6 Nc3 c6 Bc4 b5 Bb3 b4
1785,1570,black,120+0,e4 c5 f4 Nc6 Nf3 d6 Bc4 g6 d4 cxd4
1524,1120,white,120+0,e4 e5 f3 Nf6 Nc3 Nc6 Nge2 d6 Ng3 h6
1750,1777,white,240+0,e4 c6 d4 d5 e5 Bf5 Nc3 e6 Nf3 Nd7
1566,1721,black,300+0,d4 e5 dxe5 f6 exf6 Nxf6 Nf3 Bc5 Bg5 Ne4
1910,2257,black,180+0,d4 d5 f4 f5 g3 g6 Bg2 Bg7 e3 Nf6
1739,1583,white,60+0,e4 c5 Nf3 d5 exd5 Qxd5 Nc3 Qd8 d4 Bg4
1962,1846,white,300+0,e4 c5 d4 cxd4 c3 d3 Bxd3 Nc6 Nf3 Nf6
1399,1543,black,60+10,e4 e5 Nf3 Nc6 d4 exd4 Nxd4 Nf6 e5 Nd5
1368,1547,draw,240+1,e4 e5 Nf3 d6 Bc4 h6 c3 a6 d4 exd4
1740,1837,black,60+0,e4 e5 c4 Nc6 Nc3 Bc5 d3 d6 h3 a6
1561,1485,white,300+4,e4 g6 Bc4 Bg7 Nf3 e6 Nc3 a6 a3 b5
1497,1482,black,420+4,b3 Nf6 Bb2 e6 e3 Be7 Bd3 O-O Nc3 d5
1545,1537,white,120+0,e4 e6 Nf3 c5 Nc3 b6 d4 cxd4 Nxd4 Bb7
1780,1614,white,240+0,e4 e5 Bc4 Nc6 Nf3 Be7 c3 d6 a4 Nf6
1560,1624,white,300+0,d4 d5 e3 a6 c4 e6 cxd5 exd5 Nc3 Nf6
1845,1732,black,60+0,d4 d5 c4 e6 Nc3 Nf6 Nf3 Bb4 Bg5 dxc4
1670,1622,white,240+0,d4 b6 Nf3 Bb7 e3 g6 Be2 Bg7 O-O Nf6
1752,1396,black,720+0,d4 Nf6 c4 g6 Nc3 Bg7 e4 O-O Be3 Nc6
1665,1698,white,240+3,e4 e5 Nf3 f5 Nxe5 fxe4 Qh5+ g6 Nxg6 hxg6
1765,1762,black,240+0,e4 d5 exd5 Qxd5 Nc3 Qa5 d4 c6 Nf3 Nf6
1578,1628,white,600+0,e4 e5 h3 Bc5 a3 d6 Nf3 Nc6 c3 Bb6
1479,1085,white,420+2,e4 d5 exd5 Qxd5 Nc3 Qe6+ Be2 Nf6 Nf3 Qb6
1727,1621,black,420+1,e4 d6 f4 e5 Nf3 Nd7 Bc4 Ngf6 d3 Be7
1522,1313,white,1200+0,e4 e5 Nf3 Nc6 Nc3 Bc5 Nxe5 Nxe5 d4 Bxd4
1635,1880,black,180+0,e4 c5 Nf3 Nc6 Nc3 d6 d4 cxd4 Nxd4 g6
1794,1426,white,300+0,Nf3 e6 b3 d5 Bb2 c5 e3 Nc6 Bb5 a6
1555,1546,white,300+8,d4 d5 e4 dxe4 f3 Nf6 Nc3 Bf5 g4 Bg6
1746,1831,black,60+0,e4 e5 c4 Nc6 Nc3 Bc5 d3 d6 Be3 a6
1679,1353,white,180+0,d4 d5 Nc3 Bf5 Bf4 c6 e3 Nf6 Bd3 Bg6
1734,1785,black,180+0,e4 e5 Nc3 Nc6 Bb5 Bc5 Bxc6 dxc6 Nf3 Qf6
1744,1413,white,900+8,Nf3 e6 e3 h6 d4 Nf6 b3 Be7 Bb2 d5
1500,1920,white,600+6,d4 Nf6 c4 e6 Nc3 Bb4 Nf3 c5 d5 O-O
1691,1590,black,180+0,d4 e6 c4 c5 d5 exd5 cxd5 b5 Nc3 a6
1735,1872,black,300+0,e4 e5 Nf3 Nc6 Bb5 a6 Ba4 Nf6 O-O d6
1713,1729,white,180+0,d4 Nf6 f3 e6 b3 d5 Bb2 Be7 a3 O-O
1901,1704,black,180+1,e4 c5 Nf3 e6 d4 cxd4 Nxd4 Nc6 c4 a6
1579,1450,white,360+6,Nf3 e6 e4 Bc5 c3 Nh6 d4 Bb6 h3 f6
1500,2107,black,0+1,d4 Nf6 c4 e6 Nc3 d5 Nf3 dxc4 e3 Be7
1685,1676,black,240+3,e4 e5 Nf3 Nc6 Bc4 Bc5 O-O Nf6 c3 Nxe4
1580,1572,black,300+0,d4 e5 dxe5 f6 exf6 Nxf6 Bg5 Bc5 Nf3 Ne4
1069,1727,black,360+2,e4 e5 d4 exd4 Qxd4 Nc6 Qd1 Ne5 Nc3 Qf6
1713,1757,white,300+2,e4 c6 d4 d5 e5 Bf5 Bd3 Bxd3 Qxd3 e6
1884,1627,white,180+0,d4 d5 c4 c6 cxd5 cxd5 Nc3 Nf6 Nf3 Nc6
1679,1787,white,240+0,d4 d5 Nf3 Bg4 e3 Nf6 Be2 e6 O-O Bd6
1556,1432,white,120+0,e4 c5 Nf3 e6 Nc3 d5 exd5 exd5 d4 c4
1776,1797,black,360+0,d4 Nf6 Nf3 g6 Bd2 d5 Ne5 Bg7 c3 O-O
1687,1559,black,540+6,d4 d5 Nf3 e6 g3 c5 c3 Nc6 Bg2 Nf6
1575,1530,black,300+0,Nf3 e6 c4 a6 Nc3 Bc5 d4 Bb4 Qc2 Bxc3+
1839,1738,white,60+0,d4 d5 c4 e6 Nc3 Nf6 cxd5 exd5 Bg5 Bb4
2050,1907,black,180+0,c4 e6 Nf3 c5 Nc3 a6 e3 Qc7 d4 b6
1867,1793,black,180+0,e4 d6 d4 Nf6 Nc3 c6 Nf3 Bg4 Be2 Nbd7
1741,1771,white,240+2,e4 c5 Nf3 d6 d4 cxd4 Nxd4 a6 Nc3 e6
2109,1480,white,0+1,e4 e6 Nc3 d5 Nf3 Nf6 e5 Nfd7 Ne2 c5
1784,1704,black,420+8,d4 d5 c4 Nf6 Nc3 e6 Bg5 Bb4 a3 Bxc3+
1527,1505,white,1200+0,e4 e5 Nf3 d6 Bc4 h6 d4 exd4 Nxd4 Nf6
1507,1370,white,300+0,d4 e6 Nf3 d5 g3 c5 dxc5 Qa5+ Bd2 Qxc5
2134,2052,black,120+0,e4 e6 d4 d5 e5 c5 c3 Nc6 Nf3 cxd4
1516,1599,white,480+0,e4 e5 f4 exf4 Nf3 Bc5 Bc4 Nh6 d4 Bb4+
1230,1228,white,300+8,d4 Nc6 d5 Nb4 e4 e5 Bd2 Nf6 c3 Na6
1735,1068,black,300+2,e4 e5 h4 d5 exd5 Qxd5 Qh5 Qe4+ Ne2 g6
1889,1881,white,180+2,d4 c6 c4 d5 cxd5 cxd5 Nc3 Nc6 Nf3 Nf6
1082,1481,black,420+2,e4 e5 Nf3 Nc6 Nc3 Bc5 Bc4 d6 d3 h6
1451,1676,white,900+0,e4 e5 f4 Nc6 Nf3 exf4 d4 d5 e5 g5
1501,1528,black,120+0,e4 e6 d4 d5 exd5 Ne7 Nc3 exd5 Nf3 Ng6
1730,1846,black,60+0,e4 e5 c4 Nc6 a3 Bc5 b4 Be7 d3 d6
1687,1673,white,240+3,e4 e5 Nf3 d6 Bc4 Nf6 d3 c6 Bg5 d5
1795,1724,white,180+0,e4 e5 Nf3 Nc6 Bb5 Nd4 Nxd4 exd4 O-O c5
1839,1841,black,300+0,e4 e5 Nf3 Nc6 Bb5 Nge7 c3 a6 Ba4 b5
1677,1604,white,180+0,d4 e6 c4 c5 d5 exd5 cxd5 b5 Nc3 a6
1564,1500,white,120+0,e4 c5 Nc3 d6 Nf3 Nf6 Bc4 e6 d4 cxd4
1634,1712,black,420+1,e4 d5 exd5 Qxd5 Nc3 Qa5 Nf3 c6 Be2 Bf5
1619,1606,white,180+0,e4 c5 f4 d6 Nf3 g6 c3 Nf6 d3 Bg7
1537,1573,black,1200+5,e4 e5 d4 exd4 Qxd4 Nc6 Qd1 d6 Nc3 Nf6
1425,1506,black,300+4,e4 e5 d4 exd4 Qxd4 Nc6 Qd3 Bc5 a3 Nf6
1602,1469,white,600+5,e4 e5 Bc4 Nf6 Nf3 Nxe4 Nxe5 Qh4 O-O Bc5
1868,1608,white,240+0,e4 e5 Nf3 Nc6 Bb5 d6 O-O Bd7 Nc3 Be7
1900,1833,black,180+2,d4 d5 c4 c6 cxd5 cxd5 Nc3 Nf6 Bg5 e6
1309,1500,white,180+6,e3 h6 a3 a6 b4 b5 Bb2 f6 g3 h5
1454,1441,white,600+10,e4 c6 c4 d5 f3 dxe4 fxe4 e5 Nf3 Bg4
1723,1725,black,180+0,d4 d5 c4 c6 Nf3 e6 g3 f5 Bg2 h6
1854,1723,black,60+0,d4 c5 d5 e5 c4 d6 Nc3 f5 f3 Nf6
1627,1772,white,720+0,e4 e5 Nf3 Nc6 Bb5 a6 Bxc6 dxc6 Nxe5 Nf6
1325,1877,white,60+3,e4 c5 Nf3 d6 d4 cxd4 Nxd4 Nf6 Nc3 a6
1269,1349,black,120+2,e4 e5 Nf3 Nc6 Bc4 Be7 O-O Nf6 Re1 d6
2110,2065,black,0+1,e4 e6 Nc3 d5 Nf3 c5 d3 Nc6 g3 Bd6
1290,1772,black,240+0,e4 e5 Nf3 Nc6 Nc3 Bb4 d4 exd4 Nxd4 Qf6
1533,1732,white,720+0,e4 d5 exd5 Qxd5 Nc3 Qd8 d4 a6 Nf3 h6
2260,1992,white,180+0,Nf3 d5 c4 c6 d4 e6 Nc3 Nf6 Bg5 Nbd7
1737,1839,white,60+0,e4 e5 c4 Nc6 Nc3 Bc5 d3 d6 Be3 Bb4
1405,1851,black,300+8,d4 d5 c4 e6 Nc3 Nf6 e3 a6 Nf3 c5
1555,1476,white,300+0,e4 c6 Nf3 e6 d3 a6 g3 h6 Bg2 b5
1714,1803,white,180+0,Nc3 e6 Nf3 d5 e4 d4 Nb5 c5 Bd3 a6
1493,1469,black,300+5,e4 e5 d3 Bc5 Nf3 Nc6 c3 Nf6 Bg5 O-O
1797,1898,white,60+0,c4 e6 g3 d5 Bg2 Nf6 Nf3 c5 d4 Nc6
1991,1770,black,300+8,e4 e5 Nf3 Nc6 Bb5 Nf6 O-O Bc5 d3 h6
1377,1372,white,60+8,c4 e5 Nc3 Nc6 e4 Bc5 Nf3 Nf6 b3 Ng4
1505,1220,black,600+8,d4 d5 Nf3 b5 Nc3 c6 e4 e6 e5 f5
1638,1543,white,180+0,e4 e5 Nf3 b6 Nc3 Bb7 Bc4 h6 d3 a6
1679,1338,white,60+7,d4 d5 g3 Bf5 Bg2 Nc6 Nf3 Nb4 Na3 e6
1586,1357,white,1200+8,Nf3 Nf6 d4 d5 Bf4 Nc6 e3 e6 Nbd2 Bb4
2095,2077,black,120+0,e4 e6 Nc3 d5 Nf3 c5 d4 cxd4 Nxd4 Nc6
1428,1391,white,240+1,e4 e5 Nf3 Nc6 Bc4 Nf6 c3 Bc5 O-O O-O
1778,1956,black,600+3,d4 Nf6 c4 e5 dxe5 Ng4 Nf3 Bb4+ Bd2 Bc5
1826,1751,white,60+0,d4 d5 c4 c6 Nc3 e6 Nf3 Nf6 Bg5 Be7
1853,1828,white,300+0,e4 c5 f4 d5 exd5 Qxd5 Nc3 Qd8 Nf3 Nf6
1530,1441,white,600+10,e4 e5 f4 d6 Nf3 exf4 Bc4 h6 g3 fxg3
1727,1359,black,360+0,e4 e5 Nf3 Nc6 Bb5 a6 Ba4 Bc5 O-O h6
1421,1621,white,120+0,d4 c6 e3 d5 Nf3 Nf6 c4 Bg4 cxd5 Nxd5
1642,1694,black,240+0,e4 e5 Nf3 Nc6 Bc4 h6 O-O Nf6 Nc3 Be7
1494,1575,black,420+4,d4 Nf6 Bg5 g6 Bxf6 exf6 e3 Bg7 Nc3 O-O
1571,1526,white,120+0,e4 e6 Nf3 c5 Nc3 Be7 d4 cxd4 Nxd4 b6
1873,1852,black,60+0,e4 Nf6 Nf3 Nxe4 a4 Nf6 d4 b6 c4 Bb7
1281,1686,black,180+0,d4 Nf6 b3 d5 c4 c6 Nc3 Nbd7 Bb2 e6
1288,1546,white,240+0,e4 e5 Nf3 d6 Nc3 c6 d4 exd4 Nxd4 Nf6
1514,1773,black,300+0,d4 d5 Nf3 Bg4 g3 Nc6 Bg2 Qd7 O-O Bh3
1609,1626,white,600+5,e4 b6 Bc4 Bb7 Qh5 Nf6 Qxf7#
1743,1834,black,60+0,e4 e5 c4 Nc6 Nc3 Bc5 d3 d6 Be3 Bb4
1726,1820,black,300+2,e4 e5 Nf3 Nc6 d4 exd4 Bc4 Be7 c3 Nf6
1467,1743,white,300+2,d4 d5 e3 Nf6 c3 Bf5 Nd2 e6 Qa4+ c6
1894,1852,black,60+0,c4 e6 Nf3 d5 d4 Nf6 Bg5 c6 Nbd2 dxc4
1449,1538,white,900+0,e4 e5 Bc4 Nf6 d3 Bc5 Nf3 d5 exd5 Nxd5
1737,1710,white,180+0,d4 d5 b3 Nf6 Bb2 Bf5 f3 e6 a3 c5
1790,1729,black,180+0,e4 Nc6 Nf3 e5 Bb5 Bc5 O-O Nf6 c3 a6
1603,1807,black,300+0,e4 c5 Nf3 Nc6 Bc4 e6 d4 cxd4 Nxd4 g6
1536,1568,white,300+8,e4 c5 Bc4 e6 Nc3 a6 a4 Bd6 Nf3 Nc6
1860,1636,black,60+3,e4 e6 d4 d5 e5 c5 c3 Nc6 Nf3 Qb6
1614,1622,black,600+5,b3 e5 Bb2 d6 e3 Nf6 Bb5+ c6 Bc4 Ne4
1888,1907,black,180+2,d4 Nf6 c4 e6 g3 c5 Bg2 cxd4 Qxd4 d5
1616,1590,white,600+0,e4 e5 Bc4 Qe7 d3 d6 Nc3 c6 Bb3 Be6
1320,1239,white,180+6,e3 e5 d4 exd4 Qxd4 Nc6 Qd1 Bc5 a3 d5
1728,1500,white,1800+0,Nf3 d5 b3 Nc6 Bb2 d4 e3 dxe3 fxe3 Bg4
1524,1464,white,900+0,e4 e5 Nf3 Nc6 Nc3 Nf6 Bc4 Bb4 Ng5 O-O
1670,1548,white,120+0,e4 e6 e5 d5 d4 Ne7 f4 Ng6 Nf3 c5
1873,1766,black,360+0,e4 d6 d4 e6 Nf3 c6 Bd3 b5 a4 b4
1631,1369,white,540+6,d4 d5 Nf3 f6 g3 Nc6 Bg2 e5 dxe5 Nxe5
1543,1502,white,180+0,e4 a5 d4 c6 e5 e6 Nc3 d6 Bf4 dxe5
1842,1735,black,60+0,d4 d5 Nf3 e6 Bf4 c5 c3 cxd4 cxd4 Nc6
1581,1516,black,120+0,e4 e6 Nf3 c5 Nc3 b6 d4 cxd4 Nxd4 Bb7
1873,1854,black,60+0,e4 c5 Nf3 Nf6 c3 Nxe4 Qc2 d5 d4 cxd4
1626,1763,black,420+1,e4 e6 e5 d5 exd6 cxd6 Nf3 Nc6 Bb5 a6
1977,1784,white,180+0,e4 d5 exd5 e6 dxe6 Bxe6 Nf3 Nf6 Be2 Nc6
1633,1602,black,600+5,Nf3 g6 Nc3 Bg7 e4 Nf6 e5 O-O exf6 Bxf6
1314,1518,white,300+8,e4 c5 c4 Nc6 Nf3 e6 Nc3 g6 d3 Bg7
1514,1234,white,240+1,d4 d5 c4 dxc4 Nc3 e5 d5 c6 e4 cxd5
1778,1650,white,120+2,e4 a6 a4 b6 Bc4 Bb7 d3 Nf6 f4 e6
1500,1704,black,360+0,Nc3 d5 Nf3 Nf6 d4 Bf5 Ne5 e6 Bg5 Be7
1413,1704,black,240+0,d4 d5 e3 Nf6 Nf3 e6 Ne5 Bd6 Nd3 O-O
1878,1749,white,180+2,d4 d5 c4 c6 cxd5 cxd5 Nc3 e6 Nf3 f5
1675,1589,white,780+13,e4 e5 Bc4 Nf6 d3 Bc5 Nf3 Nc6 O-O O-O
1957,1780,white,360+0,Nf3 d6 d4 e6 Nc3 c6 e4 Nd7 Bd3 Be7
1889,1854,black,60+0,d4 e6 Nf3 d5 c4 Nf6 Bg5 dxc4 e3 c6
1828,1745,black,60+0,d4 e6 c4 d5 Nc3 Nf6 Nf3 Be7 Bf4 O-O
1799,1718,draw,420+8,f4 d5 Nf3 Nc6 d3 Bg4 e3 e5 fxe5 Nxe5
1483,1734,black,300+2,e4 c5 Nf3 Nc6 d4 cxd4 Nxd4 Nf6 Nc3 e5
1465,1533,white,600+10,e4 e5 Nf3 Nc6 Bb5 Nf6 Bxc6 bxc6 Nxe5 Nxe4
1829,1846,black,60+3,d4 Nf6 c4 g6 Nc3 Bg7 Nf3 d6 e3 O-O
1235,1599,black,120+0,d4 c6 c3 d5 g3 Bf5 Bg2 e6 Nd2 Nd7
1567,1416,white,120+0,e4 Nf6 e5 Ng8 d4 e6 Nf3 Qe7 Be2 Kd8
1534,1678,white,120+0,e4 c5 f3 d6 Nc3 Nc6 Nge2 Nd4 Ng3 g6
1759,1815,black,60+0,e4 e5 Nf3 Nc6 Bb5 Bc5 O-O d6 c3 a6
1682,1482,black,60+7,d4 d5 g3 e6 Nf3 Nc6 Bg2 Nf6 c3 Bd6
1595,1644,black,300+0,e4 e5 Nf3 Nc6 Bb5 a6 Bxc6 dxc6 d4 exd4
1439,1586,black,480+0,d4 d5 e3 c6 Ne2 e6 g3 Bb4+ c3 Ba5
1574,1493,white,600+15,e4 e5 Nf3 d6 Bc4 h6 d3 Nf6 Nc3 a6
1240,1529,white,120+0,e4 e6 Nf3 c5 d4 cxd4 Nxd4 d6 Nc3 b6
1513,1367,black,120+0,e4 c5 Bc4 e6 Qf3 Nc6 Ne2 Ne5 Qc3 Nxc4
1682,1905,white,600+0,e4 c5 f4 Nc6 Nf3 e6 Bc4 Nge7 Nc3 g6
1964,1996,white,180+0,c4 e5 Nc3 Nf6 Nf3 d6 d4 exd4 Nxd4 Be7
1885,1759,black,180+2,d4 d5 c4 e6 Nc3 Nf6 Nf3 a6 Bg5 Be7
1307,1543,white,240+0,e4 e5 Nf3 Nc6 Nc3 Bb4 a3 Bxc3 dxc3 Nf6
1436,1707,black,180+2,e4 e5 Nf3 d5 exd5 e4 Ng1 f5 c4 Nf6
1606,1438,black,120+0,e4 c6 Bc4 e6 Nc3 d5 exd5 cxd5 Bb3 Nf6
2100,1741,white,180+0,e4 c5 Nf3 d6 c3 e5 d4 cxd4 cxd4 exd4
1329,1195,white,180+6,e3 e5 d4 e4 d5 Nf6 a3 c6 dxc6 Nxc6
2088,2118,white,120+0,d4 d5 c4 c6 Nc3 Nf6 Nf3 e6 Bg5 h6
1481,1092,white,300+5,e4 e5 Nf3 Nc6 Bc4 Nh6 d4 d5 Bxd5 Nxd4
1662,1562,white,120+0,d4 d5 c3 e6 e4 Nf6 exd5 exd5 Bg5 Be7
1824,1750,white,60+0,Nf3 d5 d4 Nf6 Bf4 e6 e3 Bd6 Bg5 Be7
1486,1551,black,240+5,e4 e5 Nf3 Nc6 Bc4 h6 Nc3 Bc5 d3 f5
1344,1363,white,300+2,e4 e5 Qh5 Nf6 Qxe5+ Qe7 Qxc7 Qxe4+ Ne2 Qc6
1526,1481,white,420+0,d4 d5 c4 c6 e3 Nf6 Nc3 e6 Nf3 Bd6
1152,1240,black,300+8,e4 d5 Nc3 d4 Nd5 e6 Nf4 e5 Nd3 b6
1583,1708,black,240+0,d4 d5 e3 Nf6 c4 e6 Nc3 Bb4 Bd2 O-O
1738,1750,black,180+0,e4 c5 f4 e6 Nf3 Nc6 a3 a6 Nc3 Qc7
1549,1660,draw,300+8,e4 e5 Bc4 Nc6 Nc3 Nf6 d3 d6 Bg5 Nd4
1741,1833,black,60+0,e4 e5 Nf3 Nc6 c3 Bc5 d4 exd4 cxd4 Bb4+
1535,1485,black,300+5,e4 c5 Nf3 e6 d4 cxd4 Nxd4 Qf6 Be2 Bc5
1231,1873,black,60+0,d4 e6 c3 d5 g3 Nf6 Bg2 a6 b3 c5
1584,1738,white,600+8,d4 d5 c4 e5 e3 e4 Nc3 Bb4 a3 Bxc3+
1434,1755,black,1320+0,d3 d5 g3 e5 Bg2 Bc5 c3 Be6 Nd2 Nc6
1813,1598,white,300+0,Nf3 Nc6 b3 d5 Bb2 Nf6 e3 e5 Bb5 Bg4
1856,1741,black,60+3,e4 c6 d4 d5 e5 Bf5 Nc3 e6 h4 h6
1589,1455,black,120+0,e4 c6 Bc4 e6 Nc3 d5 exd5 cxd5 Bb3 Nc6
2105,2099,white,120+0,e4 e6 d4 d5 e5 c5 c3 Nc6 Nf3 Qb6
1548,1670,black,120+0,e4 c5 f3 Nc6 Nc3 d6 Nge2 e5 Ng3 Nd4
1330,1296,white,360+5,e4 a6 Nf3 h6 Bc4 d6 d4 b5 Bd5 c6
1677,1521,white,600+5,e4 d6 d4 e6 Nf3 Nf6 e5 Nfd7 Bb5 c6
1642,1875,white,120+2,e4 c6 d4 d6 f4 g6 Nf3 Bg7 e5 dxe5
1774,1983,black,360+0,d4 Nf6 Nf3 d5 c3 c5 e3 Nc6 Nbd2 e6
1930,1769,white,300+8,e4 e6 Bc4 d5 exd5 exd5 Bb3 c5 d3 Nc6
1840,1733,white,60+0,d4 d5 c4 e6 Nc3 Nf6 Nf3 Be7 Bf4 O-O
1405,1328,black,660+11,e4 e5 Nf3 d6 h3 Nc6 Bb5 Bd7 c4 Qe7
1683,1828,black,300+8,e4 c5 Bc4 e6 Nc3 Nc6 Nf3 a6 a4 g6
1478,1500,black,600+10,e4 e5 Nf3 Nc6 Bb5 Nf6 Bxc6 bxc6 Nxe5 Ba6
1542,1500,white,240+1,e4 e5 Nf3 Nc6 Bc4 Nf6 c3 Be7 O-O O-O
1410,1733,black,1800+0,e4 e5 f4 exf4 Nf3 Be7 Bc4 c6 O-O b5
1369,1626,white,600+0,e4 e5 Nf3 Nc6 Bc4 Bc5 O-O d6 d4 exd4
1463,1383,black,180+0,e4 e5 Nf3 Nc6 Nc3 Nf6 d4 d6 dxe5 dxe5
1774,1755,black,60+0,d4 f5 c4 Nf6 Nc3 e6 Nf3 d6 Bg5 Nbd7
1454,1696,black,900+0,e4 e5 Bc4 d6 Qf3 Nf6 Qb3 Qe7 Nf3 h6
1356,1579,black,300+2,e4 e5 d3 Bc5 f4 d6 Qh5 Nf6 Qf3 Bg4
1870,1726,white,180+0,d4 d5 c4 c6 cxd5 cxd5 Nc3 e6 Nf3 a6
1725,1848,black,60+0,e4 e5 Nf3 Nc6 c3 Bc5 d4 exd4 cxd4 Bb4+
1102,1408,black,0+1,e4 d5 Bb5+ Qd7 Nf3 Qxb5 h4 Qd7 Nc3 Qg4
1678,1535,white,120+0,e4 e6 f4 d5 exd5 exd5 Nf3 Ne7 Bb5+ Bd7
1864,1959,white,180+0,e4 c5 f4 e6 Nf3 d5 e5 Nc6 d4 Bd7
1326,1525,white,240+0,e4 e5 Qh5 Nf6 Qxe5+ Be7 Nc3 Nc6 Qg3 Bb4
1766,1762,black,60+0,e4 c5 f4 e6 Nf3 d5 exd5 exd5 Be2 Nf6
1562,1399,black,300+0,e4 e5 f4 d6 Nf3 Nc6 Bc4 Be6 Bxe6 fxe6
1839,1842,white,60+3,e4 c5 Nf3 d6 d4 cxd4 Nxd4 Nf6 Nc3 a6
1478,1321,white,240+5,e4 c5 Nf3 f6 Nc3 Nc6 Bb5 Nh6 Bxc6 bxc6
2089,2117,black,120+0,d4 Nf6 c4 g6 Nc3 Bg7 e4 d6 f3 O-O
1498,1521,black,300+5,f4 c5 Nf3 Nc6 b3 g6 Bb2 Nf6 g4 Bg7
1471,1573,black,120+0,e4 e5 Nf3 Nc6 d3 Bc5 a3 a5 Be3 Qe7
1712,1432,white,180+2,d4 e6 c4 d6 Nc3 c6 e4 Nd7 f4 Be7
1664,1710,black,60+7,d4 d5 g3 Nf6 Bg2 Bf5 Nf3 e6 c3 Be7
1392,1625,white,600+8,d4 d5 e4 e6 exd5 exd5 Bd3 h6 Nf3 Nc6
1353,1576,black,180+0,e4 e5 d4 exd4 Qxd4 Nc6 Qd1 Bc5 f3 Nge7
1855,1718,white,60+0,d4 d5 c4 e6 Nc3 Be7 Nf3 Nf6 Bg5 O-O
1774,1755,black,60+0,d4 f5 c4 Nf6 Nc3 e6 Nf3 g6 Bg5 d6
1444,1476,black,180+0,e4 b6 d4 Bb7 Nc3 e6 Nf3 Bb4 Bd3 Bxc3+
1414,1684,black,240+1,e4 c5 Bc4 e6 Nf3 Nc6 Bb5 Nf6 Bxc6 bxc6
1500,1351,white,180+0,d4 e6 a3 d5 Nc3 Nc6 Bf4 Nf6 Nb5 Bd6
1576,1500,white,300+2,d4 e6 c4 Bb4+ Nc3 a5 e3 Nh6 Nf3 O-O
1931,1862,white,60+0,e4 e5 d4 Nc6 c3 exd4 cxd4 Bb4+ Bd2 Bxd2+
1220,1519,black,540+10,e4 e5 d3 Bc5 Qh5 Nf6 Qxe5+ Be7 Bg5 d6
1524,1686,black,120+0,e4 e5 f4 d6 Nf3 exf4 Nc3 Bg4 Be2 Nc6
1461,1837,draw,120+0,d4 d5 c4 dxc4 Nf3 Nf6 Nc3 Bf5 e4 e6
1582,1463,white,120+0,e4 c6 f4 e6 Nf3 d6 Nc3 Nd7 a3 a6
1490,1624,black,120+0,e4 d6 d4 Nf6 Nc3 g6 Bd3 Bg7 e5 dxe5
1344,1446,white,240+0,e4 c5 Nf3 Nc6 Be2 Nf6 Nc3 e5 O-O d6
1396,1832,black,60+3,c4 Nf6 Nc3 g6 e4 Bg7 d4 d6 Be3 O-O
1569,1623,draw,600+15,e4 e6 d3 d5 Nd2 Nf6 Ngf3 c5 g3 Nc6
1767,1762,black,60+0,e4 c5 f3 e6 f4 d5 d3 f6 exd5 exd5
1647,1486,white,540+6,d4 c5 c3 Qa5 Nf3 Nc6 Bd2 cxd4 cxd4 Qb5
1853,1940,white,60+0,d4 d5 c4 e6 Nc3 Nf6 Nf3 Be7 Bg5 O-O
1177,1302,black,180+1,e4 e5 d4 exd4 Qxd4 Nc6 Qc4 Nf6 Nf3 d5
1428,1717,black,180+2,e4 e5 Nf3 d6 Nc3 c6 d4 exd4 Nxd4 Nf6
2265,2184,white,180+2,e4 a6 d4 b5 a4 Bb7 Bd3 Nf6 Qe2 b4
1658,1592,draw,480+0,e4 d5 exd5 Qxd5 Nc3 Qe6+ Be2 Nc6 Nf3 Qg6
1526,1497,white,240+0,e4 e6 d4 c6 e5 d5 c3 c5 Nf3 Nc6
1486,1430,white,180+0,g3 e5 Bg2 Nf6 d3 d5 Nf3 Nc6 O-O Bd6
1336,1352,white,180+6,e3 e5 d4 exd4 Qxd4 Nc6 Qd1 Bb4+ Bd2 d6
1773,1756,white,60+0,d4 e6 c4 f5 Nc3 Nf6 Nf3 g6 Bg5 h6
1877,1919,black,180+0,d4 Nf6 c4 e6 Bg5 Be7 Nc3 d5 Nf3 c6
1592,1581,white,180+0,e4 e5 Bc4 Nf6 Bxf7+ Kxf7 f4 exf4 Nf3 Bc5
1629,2080,black,300+10,e4 c6 c4 d5 cxd5 cxd5 exd5 Nf6 Nc3 Nxd5
1515,1414,white,300+4,c4 c5 Nc3 a6 Nf3 g6 e4 Bg7 Qb3 e5
1590,1455,draw,120+0,e4 c6 f4 e6 Nf3 f6 Nd4 Be7 f5 c5
1926,1866,draw,60+0,e4 e5 d4 exd4 c3 Bc5 Bc4 Nc6 cxd4 Bb4+
1692,1514,white,120+0,e4 e6 d4 d5 c4 Ne7 exd5 exd5 c5 Ng6
1583,1660,white,360+0,e4 e5 Nf3 Nc6 Bc4 Bc5 d3 h6 Nc3 Nf6
1409,1336,black,240+1,e4 e5 Nf3 Nf6 Nc3 Nc6 Bc4 Nd4 Ng5 d5
1700,1449,white,900+0,e4 e5 Nf3 Nc6 Nc3 Bc5 d3 Nd4 Nxd4 Bxd4
1349,1310,white,180+6,e3 d5 a3 Nf6 g3 Bg4 Nf3 d4 Be2 dxe3
1615,1347,black,60+0,e4 e6 f4 d6 Nf3 c6 Bc4 d5 exd5 cxd5
1536,1663,black,480+8,d4 e5 d5 Bc5 e4 d6 h3 f5 Nc3 fxe4
1834,1632,black,60+3,e4 d6 d4 Nf6 e5 dxe5 dxe5 Qxd1+ Kxd1 Ne4
1588,1315,white,300+3,e4 c6 Nf3 d6 Nc3 Bg4 Be2 d5 exd5 cxd5
1654,1585,black,60+7,d4 d5 g3 e6 Bg2 Nf6 Nf3 c5 dxc5 Bxc5
1344,1590,black,240+1,d4 e6 c4 f5 Nf3 Nf6 e3 c6 Bd3 d5
1615,1711,black,360+8,g3 e5 Bg2 Nf6 c3 d5 d4 e4 Bf4 Bd6
1532,1576,white,300+5,e4 c5 Nf3 d6 d4 cxd4 Nxd4 Bd7 Be2 Nc6
1359,1432,black,240+0,e4 c5 Nf3 d6 Nc3 Nf6 d4 cxd4 Nxd4 e5
1746,1784,black,60+0,e4 c5 f4 e6 Nf3 d5 exd5 exd5 d4 Nf6
1945,1867,white,180+0,e4 c5 d4 Nc6 d5 Nb8 Nf3 d6 Be3 g6
1601,1600,white,600+8,e4 c5 f4 d6 Nf3 Bg4 h3 Bh5 g4 Bg6
1868,1924,black,60+0,d4 d5 c4 e6 Nc3 Nf6 Nf3 Be7 Bg5 O-O
1390,1412,white,0+1,Nf3 e6 g3 Ke7 Bg2 Ke8 e3 Qf6 d4 g5
1498,1735,black,120+2,e4 d5 e5 c5 d4 Nc6 Bb5 Qa5+ Nc3 cxd4
1552,1500,black,300+8,e4 c5 Bc4 Nc6 Qf3 e6 Nh3 Nf6 d3 Nd4
1217,1657,black,300+8,e4 e5 Qh5 Nf6 Qxe5+ Qe7 Qxc7 Qxe4+ Ne2 Qc6
1273,1505,white,120+0,e4 e6 d4 d5 e5 Ne7 c3 Ng6 Be2 c5
1799,1500,white,180+0,e4 e6 d4 d5 exd5 exd5 Nc3 Nf6 Nf3 Bd6
1500,1523,white,900+0,e4 e5 d4 Nc6 dxe5 Nxe5 f4 Nc6 a3 Nf6
2174,2275,black,180+2,e4 c6 Nc3 d5 Qf3 Nf6 e5 Nfd7 d4 e6
1669,1482,white,540+6,d4 g6 Nf3 Bg7 g3 b6 Bg2 Bb7 O-O e6
1769,1850,white,360+0,d4 d5 Nf3 Nf6 c3 Bf5 Nbd2 e6 e3 Nbd7
1794,1736,white,60+0,d4 f5 c4 Nf6 Nc3 h6 Nf3 g5 Bd2 e6
1585,1459,white,120+0,e4 a5 Bc4 b6 Qf3 e6 d4 Qf6 Qxf6 Nxf6
1933,1859,black,60+0,e4 e5 d4 Nc6 d5 Nce7 Bg5 d6 Nc3 f6
1651,1816,black,60+3,e4 c5 Nf3 d6 d4 cxd4 Nxd4 Nf6 Nc3 e5
1508,1704,black,300+0,e4 e5 Nf3 d6 Nc3 Bg4 Be2 Bxf3 Bxf3 Nf6
1660,1856,white,120+2,e4 c6 Nf3 d5 exd5 cxd5 Nc3 Nf6 d4 Nc6
1349,1457,black,300+6,e4 e5 Nf3 Nc6 Be2 Bc5 O-O Nf6 c3 Nxe4
1424,1690,black,180+2,e4 c5 Nf3 Nc6 d4 cxd4 Nxd4 e6 Nf3 Nf6
1478,1303,white,120+0,e4 c5 d3 d6 Nc3 g6 Nge2 Bg7 Ng3 Nf6
1702,1543,white,300+8,e4 e5 f4 exf4 Nf3 g5 Bc4 Bg7 d4 g4
1651,1628,black,420+8,d4 d5 c4 dxc4 e3 e6 Bxc4 Bb4+ Bd2 Bxd2+
1727,1803,black,60+0,e4 c5 f4 e6 Nf3 d5 exd5 exd5 Bb5+ Nc6
1617,1475,white,240+1,e4 b6 d4 Bb7 Bd3 g6 Be3 Bg7 Ne2 e6
1309,1483,black,360+5,e4 e5 d4 exd4 f3 d6 Qxd4 h6 Bc4 Nf6
1872,1920,white,60+0,d4 d5 c4 e6 Nc3 Nf6 Nf3 Bb4 Bf4 Bxc3+
1439,1457,black,1200+0,e4 c5 Nf3 d6 Bc4 a6 O-O h6 Nc3 e5
1359,1500,white,180+6,e3 e5 a3 d5 b4 Nf6 Bb2 Bd6 Nf3 Nbd7
1721,1797,black,420+8,e4 e6 Nf3 f5 Nc3 fxe4 Nxe4 d5 Nc3 Nf6
1339,1533,white,360+5,e4 d5 exd5 Qxd5 Nc3 Qd8 Bc4 Nc6 Nf3 Bg4
1487,1293,black,120+0,e4 e5 d3 Nc6 Nc3 Bb4 Ne2 d6 Ng3 Nf6
1361,1235,white,60+0,Nf3 e6 d4 a6 e3 b5 c3 Bb7 Nbd2 Bxf3
1652,1640,black,300+10,e4 e6 c4 c5 Nc3 d6 d3 Nf6 h3 Be7
1951,1811,black,60+0,d4 c5 dxc5 e6 c4 Bxc5 Nc3 Be7 Nf3 Nf6
1859,1966,white,180+0,d4 Nf6 c4 e5 dxe5 Ng4 Bf4 Nc6 Nf3 Bb4+
1473,1485,black,240+0,Nf3 d5 e3 c5 c4 Nf6 cxd5 Nxd5 Nc3 Nb4
1206,1451,white,120+0,e4 d6 d4 e6 c4 a6 Nc3 Nd7 Nf3 b5
1740,1494,white,120+2,e4 e5 f4 d6 Nf3 Bg4 d4 exd4 Qxd4 Bxf3
1676,1835,black,300+8,e4 c5 Bc4 Nc6 d3 d6 c3 e6 Nf3 Na5
1498,1837,black,180+0,e4 c6 Nc3 d5 exd5 cxd5 Nf3 Nf6 Bb5+ Nc6
1467,1653,black,240+1,e4 e5 Qf3 Nf6 Bc4 Bc5 d3 O-O Nh3 c6
1230,1593,black,0+2,d4 e5 c3 Bb4 g3 exd4 Bg2 d6 a3 Bg4
1933,1873,white,180+0,e4 c5 d4 cxd4 c3 d3 Bxd3 Nc6 Nf3 d6
1369,1339,black,180+6,e3 d5 a3 a6 g3 Nf6 Bg2 e6 b4 g6
1483,2096,black,300+10,d4 e6 c3 Nf6 Bf4 Nc6 e3 Nd5 Bg3 h5
1822,1655,black,60+0,e4 c5 Nf3 e6 d4 Nf6 e5 Nd5 c4 Nb6
1441,1650,black,240+1,d4 e6 c4 Nf6 Nc3 d5 cxd5 exd5 Nf3 Bg4
1826,1935,draw,60+0,d4 d5 c4 dxc4 Nc3 Nf6 Nf3 e6 Bg5 Bb4
1428,1802,white,180+0,d4 c5 c4 cxd4 Qxd4 Nc6 Qd1 g6 Nc3 Bg7
1215,1614,black,540+10,e4 e5 Qh5 Nc6 Bc4 g6 Qf3 Nf6 d3 d5
1775,1665,white,300+8,e4 e5 f4 exf4 Nf3 Bc5 Bc4 Nf6 d4 Bb6
1705,1606,white,120+0,g3 d5 Bg2 e6 Nf3 Nf6 d3 c6 O-O Bd6
1641,1654,white,60+7,d4 d5 Nf3 e6 Bg5 Nf6 Bxf6 Qxf6 c3 c5
1512,1545,black,840+4,e4 e5 Nf3 Nc6 Bc4 Nf6 Ng5 d5 exd5 Nxd5
1840,1495,white,180+0,e4 e6 Nf3 d5 exd5 exd5 Nc3 Nc6 d4 Bb4
1671,1805,black,60+0,Nf3 d5 d4 e6 c4 Nf6 Nc3 Bb4 e3 O-O
1687,1722,black,900+0,e4 b6 d4 Bb7 Bd3 g6 a3 Bg7 Be3 Nf6
1463,1790,black,120+0,e4 c5 f3 d6 Nc3 Nc6 Nge2 e6 Ng3 Nf6
2037,1855,white,60+0,d4 Nf6 Nf3 e6 e3 c5 Bd3 Nc6 c3 d5
1369,1556,white,60+0,Nf3 d5 d4 Nf6 c3 e6 e3 c6 Ne5 Bd6
2284,2165,draw,180+2,e4 a6 g3 b5 Bg2 Bb7 d3 f5 Ne2 Nf6
1039,1594,black,480+0,e4 e5 Qf3 Bc5 Bc4 Nf6 Nh3 h6 Nc3 Nc6
1351,1276,white,300+2,e4 e5 Qh5 Nf6 Qxe5+ Qe7 Qxc7 Qd8 Qe5+ Qe7
1696,1419,white,180+2,Nf3 e6 g3 h5 Bg2 h4 O-O hxg3 fxg3 Be7
1570,1728,black,300+4,e4 e5 Bc4 f5 Nc3 Nf6 d3 Bc5 Nf3 Nc6
1310,1584,black,300+3,e4 e6 Nf3 d5 e5 c5 d4 Nc6 dxc5 Bxc5
1836,1771,white,300+1,d4 d5 c4 e6 Nc3 Bb4 cxd5 Qxd5 Bd2 Bxc3
1489,1745,black,120+2,e4 d5 e5 c5 d4 Nc6 Bb5 Qa5+ Nc3 cxd4
1864,1953,black,180+0,d4 Nf6 c4 g6 Bg5 Bg7 Nc3 O-O Qd2 Re8
1813,1726,black,60+0,e4 c6 d4 d5 e5 Bf5 Nc3 e6 h4 h5
1644,1589,black,600+8,e4 e5 Nc3 Nf6 a3 d5 Qe2 Nc6 Nf3 Bg4
1678,1782,black,720+8,e4 e5 Nf3 Qf6 c3 Bc5 d4 exd4 cxd4 Bb6
1427,1913,black,120+0,g3 c6 Nc3 Nf6 Bg2 g6 e4 Bg7 d3 d6
1588,1595,white,480+0,d4 d5 e4 dxe4 f3 exf3 Nxf3 Bg4 c3 Bxf3
1710,1320,white,300+0,e4 d6 Bd3 e6 Nf3 Be7 Nc3 Nf6 O-O b6
1311,1287,black,0+7,e4 e5 Nf3 Nc6 Nc3 Nf6 Bb5 d6 Bxc6+ bxc6
1502,1588,black,300+3,e4 e6 d4 d5 e5 c5 c3 Nc6 Nf3 Qb6
1500,1512,white,120+0,d4 d5 c4 e6 e3 c6 Nc3 Nf6 Nf3 Ne4
1348,1089,white,180+0,e4 e5 d4 d5 dxe5
1794,1573,white,60+0,e4 e6 Nf3 d5 Nc3 d4 Ne2 Nc6 Ng3 e5
1500,1434,white,120+0,e4 c6 f4 d6 Nf3 a5 Bc4 e6 d4 d5
1606,1720,white,360+8,d3 e5 e4 d5 f3 d4 h4 h5 Ne2 Be7
1459,1337,white,120+0,e4 e5 f4 exf4 Nf3 d6 Nc3 f6 d3 Bg4
1731,1279,white,240+4,e4 e5 Nf3 Nc6 Bb5 f6 O-O a6 Ba4 b5
1352,1843,white,180+0,e4 c6 d4 d5 e5 Bf5 f4 e6 Bd3 Bxd3
1844,1755,black,300+1,d4 e6 c4 d5 Nc3 Nf6 cxd5 exd5 Bg5 c6
1735,1690,white,300+0,d4 d5 e4 e6 exd5 Qxd5 Bd3 Nf6 Nf3 b6
1714,1807,white,120+0,g3 c5 Nf3 g6 d3 Bg7 Bg2 Nc6 Nc3 Nf6
1739,1798,black,60+0,d4 Nf6 Nf3 g6 c4 Bg7 Nc3 d6 Qc2 O-O
1597,1554,white,360+0,e4 e5 Nf3 Nc6 Bc4 h6 d3 Bc5 a3 d6
1364,1583,white,600+8,e4 e6 d4 d5 exd5 exd5 Nf3 Nf6 Bd3 Nc6
1500,1425,black,120+0,d4 c6 c4 e6 Nc3 d5 cxd5 cxd5 Nf3 Bb4
1712,1702,black,300+1,d4 e6 c4 d5 Nc3 Nf6 Bg5 Bb4 a3 Bxc3+
1943,1933,black,300+0,d4 Nf6 e3 d5 Bd3 c5 c3 Bg4 Nf3 Bh5
1563,1592,black,300+4,e4 e6 d4 d5 e5 c5 Nf3 Qb6 Na3 Nc6
1534,1375,draw,300+8,e4 c5 e5 Nc6 Nf3 d6 Bc4 Nxe5 Nxe5 dxe5
1743,1839,white,720+0,e4 d5 e5 d4 Nf3 Bg4 Be2 Bxf3 Bxf3 c6
1386,1469,white,120+0,Nf3 d5 d4 e6 c4 Ne7 c5 Ng6 e3 Nc6
1687,1709,black,900+0,d4 d5 e3 Nf6 c4 e6 Nc3 Bb4 Bd2 c6
1637,1841,white,300+8,e4 c5 Bc4 Nc6 Nf3 e6 d3 d5 exd5 exd5
1568,1502,black,120+0,d4 d5 Nf3 e6 g3 Nf6 Bg2 Be7 O-O O-O
1808,1730,black,60+0,e4 c6 d4 d5 e5 Bf5 Nc3 e6 h4 h5
1799,1776,white,60+0,e4 d5 exd5 e6 dxe6 Bd7 Nf3 Bxe6 Nc3 Nc6
1677,1872,black,300+0,e4 d6 d4 Nf6 Nc3 g6 Nf3 Bg7 Bg5 O-O
1971,1855,white,180+0,e4 c5 d4 cxd4 c3 dxc3 Nxc3 g6 Bc4 Bg7
1395,1698,white,300+8,d4 e6 c4 d5 Nc3 dxc4 e3 b5 Nxb5 Bd7
1750,1485,white,120+2,a3 d5 b3 e5 c3 c5 d3 d4 c4 Nf6
1339,1284,black,120+0,d3 e5 e4 Nf6 Nc3 c6 f4 Bd6 f5 Bc7
2169,2280,black,180+2,e4 c6 Nc3 d5 Qf3 e6 e5 Nd7 Qg3 c5
1833,1743,black,300+1,d4 e5 dxe5 f6 exf6 Nxf6 Nf3 Bc5 e3 d5
1500,1556,white,120+0,e4 e5 Bc4 Nc6 a4 d6 c3 Qe7 d3 Be6
1435,1590,black,120+0,c4 e6 d3 d5 cxd5 exd5 Nf3 c6 Nbd2 Nf6
1597,1810,black,120+0,e4 c5 f4 d6 Nf3 Nf6 e5 dxe5 Nxe5 e6
1743,1794,white,60+0,d4 Nf6 Nf3 g6 Bg5 Bg7 Qc1 c6 Bh6 O-O
1359,1415,white,300+2,e4 e6 d3 d6 f4 c6 g4 Nd7 f5 h5
1731,1495,white,120+0,g3 d5 Nf3 e6 Bg2 b6 d3 Bb7 Nc3 Nd7
1702,1787,white,300+8,e4 e5 Nf3 Nc6 Bc4 Bc5 c3 Nf6 d3 h6
1733,1818,black,240+4,e4 c6 Nf3 d5 e5 Bg4 h3 Bh5 Be2 e6
1338,1560,black,600+8,Nf3 d5 d4 e6 Qd3 c5 Bg5 f6 Qb5+ Nc6
1377,1494,white,180+0,e4 e5 d4 exd4 Qxd4 Nc6 Qd1 Qe7 f3 Nf6
1747,1826,white,900+8,Nf3 c5 e4 d6 d4 cxd4 Nxd4 e6 Bb5+ Bd7
1324,1422,white,120+0,e4 e5 Nf3 Nc6 Nc3 Nf6 d4 exd4 Nxd4 Bc5
1617,1464,black,60+0,e4 d5 d3 dxe4 Nc3 exd3 cxd3 Nf6 Be2 e5
1640,1651,black,420+8,e4 e6 Nf3 c5 Bc4 d6 O-O b6 Bb5+ Nd7
1326,1534,black,60+2,d4 d5 Bf4 e6 Nf3 a6 e3 Nf6 Bd3 c5
1356,1420,white,180+6,e3 e5 d4 e4 d5 d6 a3 a6 b4 Nd7
1548,1705,white,120+0,d4 d5 Nf3 e6 g3 Nf6 Bg2 h6 O-O a6
1553,1584,white,480+0,e4 e5 f4 exf4 Nf3 Bc5 d4 Bb6 Bxf4 f6
1554,1337,black,420+5,e4 e5 c3 b5 b4 Bb7 f3 Nf6 Bxb5 a6
1932,1986,black,300+0,d4 Nf6 Bf4 d5 Nf3 Bf5 e3 e6 Bd3 Bg6
1816,1592,white,120+0,e4 e5 Nf3 Nc6 d4 exd4 Nxd4 d6 Nb3 Nf6
1711,1840,black,60+0,e4 Nf6 Nf3 Nxe4 Nc3 Nf6 d4 d5 Bg5 c5
1781,1755,black,60+0,e4 c6 d4 d5 e5 Bf5 Nc3 e6 h4 h5
1577,1598,black,60+1,d4 d5 c4 e6 Nf3 Nf6 g3 Be7 Bg2 O-O
1315,1702,black,60+8,e4 c5 Nf3 Nc6 d3 e6 Be2 d5 c3 Nf6
1212,1267,white,720+17,e4 e5 Qh5 Nc6 Bc4 g6 Qf3 Nf6 d3 Bg7
1714,1701,black,300+1,e4 e5 Nf3 Nc6 Nc3 Bc5 d3 Nf6 h3 d6
1607,1712,white,360+0,e4 e5 Nf3 Nc6 Bc4 Bc5 d3 Nf6 Ng5 O-O
1341,1485,black,120+0,e4 d5 exd5 Qxd5 Nf3 Qe6+ Be2 Nc6 Nc3 Qg6
1762,1655,black,480+8,d4 Nf6 c4 g6 Nc3 Bg7 e4 d6 f4 O-O
1401,1485,black,120+0,Nf3 d5 d4 e6 e3 Nf6 c3 b6 Nbd2 c5
1769,1704,black,60+0,e4 e5 Nf3 Nc6 Bb5 a6 Ba4 Nf6 O-O b5
1466,1564,black,300+8,e4 e5 Nc3 Nc6 Nf3 Nf6 h3 d5 Bb5 d4
1331,1286,white,120+0,e4 e6 Nc3 d5 exd5 exd5 d4 Nf6 Be2 Be7
1560,1267,white,120+0,d4 d5 Nf3 e6 g3 Nf6 Bg2 c5 O-O c4
1858,2043,white,60+0,c4 d6 Nf3 Nf6 d4 Nbd7 Nc3 e5 g3 g6
1479,1622,white,300+0,e4 e5 Nf3 d6 Nc3 Bg4 Be2 Bxf3 Bxf3 h5
1811,1704,white,360+8,d4 d5 c4 c6 e3 Nd7 Nc3 Ngf6 Nf3 Ne4
1587,1821,white,120+0,e4 c5 f4 d6 Nf3 Nf6 d3 e6 Be3 Be7
1767,1848,white,180+2,e4 c5 Nf3 Nc6 d4 d6 dxc5 dxc5 Qxd8+ Nxd8
1687,1665,white,540+6,d4 d5 Nf3 Nc6 g3 Nf6 Bg2 Ng4 O-O e5
1488,1537,white,60+4,e4 d5 e5 e6 d4 b6 Nf3 c5 c3 c4
1500,1632,white,420+0,d4 d5 b3 Nc6 Bb2 Nf6 e3 e6 Bd3 Bd6
1446,1396,black,180+0,e4 e5 Nf3 Nc6 Nc3 Nf6 Nxe5 Nxe5 d4 Nc6
1370,1500,black,180+6,e3 h6 a3 a6 g3 Nc6 Bg2 Ne5 b4 d5
1717,1755,white,60+0,e4 c5 Nf3 d6 d4 cxd4 Nxd4 Nf6 Nc3 a6
1450,1630,black,120+0,e4 c5 f3 Nc6 Nc3 d6 Nge2 a6 Ng3 e6
1566,1766,white,60+1,d4 d6 c4 Nf6 Nf3 g6 g3 Bg7 Bg2 O-O
1671,1545,black,300+0,e4 e5 d4 exd4 c3 dxc3 Bc4 cxb2 Bxb2 Nf6
1358,1672,black,840+10,e4 c6 d3 d5 exd5 cxd5 Nf3 Bf5 Be3 e6
1834,1780,black,180+2,d4 d5 c4 c6 cxd5 cxd5 Nc3 Nf6 Nf3 g6
1428,1602,white,120+0,d4 c6 e3 d5 Nf3 Bg4 Be2 e6 h3 Bh5
1767,1897,black,60+0,d4 Nf6 Nf3 c5 e3 d6 d5 e5 c4 e4
1274,1345,black,120+0,e3 e6 Qf3 d5 Bd3 c5 e4 c4 Bf1 Nf6
1604,1553,white,300+4,e4 e6 Nf3 Bc5 d4 Bb6 c4 c5 Be3 d6
1612,1656,black,720+5,e4 e5 Nf3 d6 d4 exd4 Qxd4 Nc6 Bb5 a6
2160,2090,white,300+0,Nc3 d5 e4 d4 Nce2 e5 Ng3 c5 Bc4 Nc6
1621,1602,white,600+8,g3 d5 Bg2 Nf6 Nf3 Nc6 O-O Bg4 h3 Bf5
1755,1909,white,120+2,e4 e6 Qe2 Nc6 Nf3 Nf6 e5 Nd5 c4 Nb6
1556,1447,black,840+4,e4 e5 Nf3 Nc6 Bc4 Nd4 Nxe5 Qg5 Nxf7 Qxg2
1631,1612,black,600+0,e4 e5 d4 exd4 Qxd4 Nc6 Qd3 Bc5 Nc3 d6
1564,1802,white,60+0,d4 Nf6 Nf3 c5 c4 b5 dxc5 bxc4 Nc3 Nc6
1743,1729,white,60+0,e4 e5 Nf3 Nc6 Bb5 a6 Ba4 Nf6 O-O b5
1375,1477,black,0+1,e4 b6 Nf3 Bb7 d4 d6 Bf4 Bxe4 Nc3 Bb7
1606,1749,black,120+0,e4 c5 Nf3 Nc6 c3 e5 d4 cxd4 cxd4 exd4
1681,1327,black,240+1,e4 c5 Nf3 Nc6 c3 d6 Bb5 Bd7 O-O Nf6
1736,1502,white,120+0,g3 e6 Nf3 d5 d3 b6 Nc3 c5 Bg2 Bd6
1757,1869,black,720+0,e4 c5 Nf3 Nc6 Nc3 e6 Bc4 Nd4 O-O a6
1724,1712,white,240+4,e4 e5 Nf3 Nc6 Bb5 Nge7 O-O g6 c3 Bg7
1632,1536,white,300+6,e4 e6 f4 c6 d4 f6 Nf3 b5 c4 Qa5+
1583,1637,black,60+1,d4 c5 d5 d6 c4 e6 Nc3 a6 e4 b5
1402,1373,white,180+2,e4 g6 Nf3 Bg7 d4 b6 e5 Bb7 Nc3 e6
1574,1442,black,120+0,e4 e6 d4 d5 e5 Ne7 Nf3 Ng6 c4 c5
1357,1264,black,120+0,e4 e6 Nc3 d5 exd5 exd5 d4 Be7 Nf3 Nf6
1923,1977,black,300+0,d4 Nf6 e3 d6 Bd3 g6 Nf3 Bg7 O-O O-O
1719,1753,black,60+0,e4 c5 Nf3 d6 d4 cxd4 Nxd4 Nf6 Nc3 a6
1572,1456,white,300+8,e4 e5 Bc4 a6 Qf3 Nf6 Nh3 h6 d3 b5
1760,1611,black,60+0,d4 c5 d5 Nf6 c4 g6 Nf3 Bg7 Nc3 O-O
1783,1583,white,60+0,e4 e6 Nf3 d5 Nc3 d4 Ne2 e5 Ng3 Nc6
1431,1300,white,180+0,e4 e5 Nf3 d6 g3 Bg4 Bg2 Nc6 Nc3 Nd4
1662,1531,white,180+0,e4 e5 f4 d6 Bc4 exf4 d4 Be6 Bxe6 fxe6
1696,1592,black,300+0,e4 d6 Nf3 Nf6 Nc3 c6 Bc4 b5 Bb3 b4
1774,2004,black,180+0,d4 Nf6 c4 e6 Nc3 Bb4 Nf3 c5 e3 Na6
1500,1670,black,300+8,e4 c5 Nf3 e6 d4 cxd4 Nxd4 Bc5 Nb3 Bb6
1878,1310,white,180+0,e4 e5 Nf3 Nc6 c3 Nf6 d4 d6 dxe5 Nxe4
1445,1577,black,120+0,Nf3 d5 d4 e6 Nc3 Nf6 e3 Bb4 Bd2 O-O
1280,1338,black,120+0,e3 e6 Nc3 d5 d4 Nf6 Bd3 c6 Nf3 Bd6
1664,1792,white,120+2,e4 d5 exd5 c6 dxc6 Nxc6 Nf3 Nf6 Bb5 Bd7
1764,1709,white,60+0,e4 e5 Nf3 Nc6 Bb5 a6 Ba4 Nf6 O-O b5
1551,1741,black,300+8,e4 c5 Nf3 d6 Bc4 Nf6 c3 Nxe4 Qa4+ Bd7
1629,1789,draw,60+0,d4 Nf6 c4 c5 Nc3 g6 Qd2 Bg7 d5 a6
1485,1500,white,0+1,g3 d6 Bg2 e5 e4 Nc6 Nf3 Nd4 d3 Nxf3+
1280,1493,black,120+0,Nf3 d5 Nc3 e6 Ng5 Nf6 Nb5 h6 Nf3 a6
1492,1500,black,120+0,d4 d5 Nc3 Nf6 Bf4 c5 dxc5 e6 c6 Nxc6
1541,1982,black,840+4,e4 e6 Nf3 d5 exd5 exd5 Be2 Nf6 O-O Be7
1463,1563,white,1500+0,e4 e5 Nf3 Nc6 Bc4 h6 c3 Nf6 d4 Nxe4
1700,1773,black,60+0,e4 c5 Nf3 d6 d4 cxd4 Nxd4 Nf6 Nc3 e5
1773,1700,black,60+0,e4 e5 Nf3 Nc6 Bb5 a6 Ba4 Nf6 O-O b5
1879,1669,white,180+0,e4 e5 Nf3 d6 c3 Bg4 d4 Nd7 Be2 Bxf3
1462,1726,black,120+0,e4 e5 f3 Nc6 Nc3 Nf6 Nge2 Bb4 Ng3 d6
1351,1269,white,120+0,d3 e6 e4 Nf6 Nf3 d5 exd5 exd5 Nc3 Bb4
1561,1516,white,900+1,e4 e6 d4 Nf6 e5 Nd5 a3 Qh4 Nf3 Qd8
1784,1634,white,60+0,e4 c5 Nf3 Nc6 d4 cxd4 Nxd4 d6 Nb3 Nf6
1544,1701,white,180+0,e4 e5 Nf3 Nc6 Bb5 Nge7 d4 exd4 Nxd4 g6
1511,1500,black,120+0,d4 g6 c4 Bg7 Nc3 d6 b3 e6 Bb2 Bd7
1655,1559,white,300+0,e4 e5 d4 exd4 c3 dxc3 Bc4 cxb2 Bxb2 Bc5
1622,1753,white,420+0,d4 e6 e4 f5 e5 d5 Nc3 c6 Nf3 Ne7
1914,1750,white,300+0,d4 Nf6 c4 g6 Nc3 Bg7 e4 d6 Nf3 O-O
1228,1370,white,300+2,e4 Nc6 Nf3 e5 Bc4 Nd4 c3 Nxf3+ Qxf3 f6
1713,1760,black,60+0,e4 c5 Nf3 d6 d4 cxd4 Nxd4 Nf6 Nc3 e5
1499,1842,white,600+8,e4 e5 Nf3 d6 d3 h6 Nc3 c6 d4 exd4
1735,1852,white,240+4,e4 c5 Nf3 Nc6 d4 cxd4 Nxd4 d6 Be3 Nf6
1648,1568,white,600+8,c4 e6 d4 Bb4+ Bd2 Bxd2+ Qxd2 d5 c5 Nc6
1584,1581,black,120+0,d4 c6 Nf3 d5 e3 Bg4 Nc3 Nf6 Be2 e6
1361,1412,white,180+2,b3 e6 Bb2 d6 d3 Nd7 e4 Ngf6 Be2 g6
1259,1362,white,120+0,e3 e6 Qf3 Nc6 Nh3 Nf6 g4 d5 g5 Ne4
1368,1503,white,120+0,e4 d5 exd5 Qxd5 Nc3 Qe6+ Be2 Nc6 Nf3 Qg6
1439,1175,white,180+0,e4 Nc6 Nf3 Nf6 e5 Nh5 Ng5 f5 Qxh5+ g6
1527,1615,black,420+4,e4 e5 Nf3 Nc6 Bc4 Nf6 d3 Na5 Bb3 Nxb3
1551,1663,black,300+0,e4 d5 e5 d4 Nf3 Nc6 Bc4 Bg4 h3 Bxf3
1627,1574,white,60+1,d4 d5 c4 Nf6 cxd5 Nxd5 Nc3 Nc6 Nf3 Bg4
1847,2013,black,180+0,e4 c5 Nc3 e6 g3 d5 Bg2 d4 Nce2 Nc6
1769,1703,black,60+0,e4 e5 Nf3 Nc6 Bb5 a6 Ba4 Nf6 O-O b5
1500,1465,draw,180+0,e4 e5 Nf3 d6 d4 exd4 Nxd4 Nc6 Bb5 Bd7
1791,1694,white,60+0,e4 d5 exd5 c6 Nf3 cxd5 d4 Nf6 Nc3 g6
2027,2079,white,60+0,d4 d5 Nf3 Bf5 e3 e6 c4 Nf6 Nc3 Bb4
1591,1664,white,600+8,d4 d5 Bf4 Nc6 Nf3 Nf6 e3 a6 c4 Ne4
1681,1495,white,300+8,e4 e5 Nf3 d6 h3 Nc6 Bc4 Be6 Bxe6 fxe6
1429,1352,white,60+2,Nf3 d5 g3 e5 Bg2 e4 Nd4 c5 Nb3 c4
1716,1756,black,60+0,e4 c5 Nf3 d6 d4 cxd4 Nxd4 Nf6 Nc3 e5
1364,1495,black,180+6,e3 b6 a3 Bb7 b4 e6 Bb2 Nh6 Nf3 Nf5
1499,1211,white,780+13,e4 e5 Nf3 d6 d4 Nc6 Bc4 Nf6 dxe5 dxe5
1663,1884,black,180+0,e4 c5 d4 cxd4 Ne2 Nc6 c3 dxc3 Nexc3 d6
1828,1770,white,120+2,e4 d5 exd5 Nf6 c4 c6 dxc6 Nxc6 Nf3 e5
1392,1500,white,300+8,e4 c5 Nf3 Nc6 d4 cxd4 Nxd4 a6 Nxc6 bxc6
1670,1675,draw,720+8,e4 c5 Nf3 e6 d4 cxd4 Nxd4 Bc5 Be3 Qb6
1686,1800,black,60+0,e4 c5 Nf3 d6 d4 cxd4 Nxd4 e6 Nc3 Nf6
1456,1445,white,180+5,e4 c6 Nf3 d5 exd5 cxd5 d4 Nc6 Bd3 Bg4
1924,2066,draw,300+10,e4 e5 f4 exf4 Bc4 d6 Nc3 g5 h4 g4
1766,1707,black,60+0,e4 e5 Nf3 Nc6 d4 exd4 Nxd4 Nxd4 Qxd4 Qf6
1508,1606,white,300+3,c4 d6 Nc3 e5 g3 Nf6 Bg2 c6 d3 Be6
1500,1440,black,240+10,h3 e6 a3 Qf6 Nf3 b5 g4 b4 g5 Qd8
1807,1462,white,900+8,Nf3 Nc6 d4 d5 c4 dxc4 e4 Bg4 d5 Ne5
1620,1696,draw,360+8,e4 e5 Nf3 Nc6 Bc4 h6 O-O Nf6 Nc3 d6
1560,1443,black,180+0,e4 d5 exd5 Qxd5 Nc3 Qe6+ Nge2 Qg6 d3 h5
1808,1678,white,60+0,e4 d5 exd5 c6 dxc6 Nxc6 Nf3 Nf6 Nc3 g6
1719,1753,white,60+0,e4 c5 Nf3 d6 d4 cxd4 Nxd4 Nf6 Nc3 e5
1302,1651,black,300+8,e4 d5 e5 c5 f4 a6 Nc3 f5 d4 c4
1598,1710,white,120+0,e4 c5 f4 g6 Nf3 Bg7 c3 e6 d4 cxd4
1573,1564,black,120+0,d4 d5 Nf3 Nf6 g3 c5 dxc5 e6 b4 Nc6
1705,1571,white,900+0,e4 e5 Nf3 Nc6 Nc3 Nf6 a3 a6 Bc4 h6
1585,1478,black,300+0,e4 e5 Nf3 Nc6 Bb5 a6 Bxc6 dxc6 O-O Bc5
1342,1316,black,60+2,e4 e5 Nf3 d6 d4 exd4 Nxd4 Nf6 Bd3 Bg4
1545,1375,white,300+8,e4 e5 Nf3 d6 Bc4 Nc6 c3 Nf6 Ng5 Bg4
1543,1836,draw,300+4,e4 c5 Bc4 Nc6 Nf3 g6 O-O Bg7 Nc3 d6
1226,1123,white,540+10,e4 d5 Bb5+ c6 Bd3 Nf6 Nc3 e5 Nf3 Bb4
1672,1544,black,300+0,e4 e5 d4 exd4 c3 dxc3 Bc4 cxb2 Bxb2 Nf6
1457,1680,black,120+0,e4 e5 f4 exf4 Nf3 d6 Nc3 Bg4 Be2 Bxf3
1316,1345,white,300+0,e4 e5 Qh5 Qf6 Bc4 Bc5 Qf3 Qxf3 Nxf3 d6
1567,1451,white,300+2,e4 e5 Nf3 Nc6 Bc4 Bc5 a3 a6 d3 Nf6
1741,1731,black,60+0,e4 e5 Nf3 Nc6 Bb5 a6 Ba4 Nf6 O-O Be7
1821,1778,white,180+2,d4 d5 c4 c6 cxd5 cxd5 Nc3 Nf6 Nf3 g6
1749,1690,white,720+0,e4 e6 Nf3 d5 Bb5+ c6 Bd3 Nf6 e5 Nfd7
1742,1595,white,120+0,g3 c6 Nf3 d5 d3 Bg4 Bg2 e6 Nc3 Nd7
1399,1376,black,180+2,e4 g6 Nf3 Bg7 d4 d6 Nc3 c6 e5 Be6
1759,1634,white,120+2,e4 e5 b3 Nc6 Bb2 Nf6 d3 d6 Nd2 Be6
1150,1444,black,180+0,Nf3 d5 Nc3 d4 Nb5 Nc6 Na3 e5 d3 Bxa3
1633,1848,black,300+8,e4 c5 Nf3 e6 d4 cxd4 Nxd4 Nf6 f3 Be7
1696,1614,black,120+0,e4 e5 Nf3 Nc6 Nc3 d6 d4 exd4 Nxd4 Nxd4
1624,1249,black,600+0,e4 e5 Bc4 Nf6 d3 d5 exd5 Nxd5 Bd2 Nc6
1890,1500,white,180+0,d4 e6 Nf3 f5 g3 Nf6 Bg2 b6 O-O Bb7
1750,1907,white,240+4,e4 c6 Nf3 e5 Nxe5 Qe7 Nf3 Qxe4+ Be2 Nf6
1500,1404,black,300+2,Nf3 f5 Ne5 Nf6 f4 d6 Nf3 e5 h4 exf4
1742,1730,black,60+0,e4 c5 Nf3 d6 d4 cxd4 Nxd4 Nf6 Nc3 e5
1783,1925,draw,360+0,d4 Nf6 Nf3 d6 c4 g6 Nc3 Bg7 e3 O-O
1738,1561,white,120+0,e4 e6 d4 d5 e5 f6 f4 Nc6 Bb5 Bd7
1537,1492,white,180+0,e4 e6 d4 d5 Nc3 dxe4 Nxe4 Nf6 Bg5 Be7
1528,1654,white,300+6,e4 e5 d4 exd4 Qxd4 Nc6 Qd1 d6 h3 Nf6
1332,1328,white,60+2,e4 d6 Nf3 e5 d4 f5 dxe5 fxe4 Nd4 dxe5
1741,1731,black,60+0,e4 e5 Nf3 Nc6 Bb5 a6 Bxc6 dxc6 O-O Bd6
1626,1767,black,120+2,d4 Nf6 Nc3 e5 d5 Bc5 e4 h6 Be3 Bxe3
1709,1576,black,60+1,e4 c5 d3 Nc6 Be2 Nf6 Be3 d5 c3 d4
1539,1523,black,600+10,e4 e5 f4 d6 Nf3 Nc6 Bc4 Qe7 Ng5 Nh6
1521,1602,black,600+8,e4 e5 Nf3 Nc6 Bc4 Bc5 b4 Nxb4 c3 Nc6
1638,1474,white,120+0,d4 d5 c4 e6 Nf3 c6 Nc3 Nf6 Bg5 Bb4
1628,1587,black,120+0,e4 c6 f4 d5 e5 Bf5 d4 e6 Bd3 Bxd3
1356,1131,white,180+6,e3 Nf6 a3 Nc6 g3 d5 Bg2 e5 b4 Bd7
1551,1632,black,300+8,e4 c5 Nf3 d6 Bc4 a6 Ng5 e6 d4 cxd4
1686,1632,white,480+1,e4 b6 Bc4 Bb7 Qf3 e6 d3 Qf6 Qxf6 gxf6
1521,1608,white,300+8,e4 e5 Nf3 d6 d4 Bg4 Be2 Nf6 dxe5 Bxf3
1436,1710,black,600+8,d4 d5 e4 Be6 Nc3 Nf6 Nf3 Nxe4 Nxe4 dxe4
1530,1730,black,0+1,d4 d5 c4 e5 cxd5 exd4 Nc3 c6 Nb1 cxd5
1500,1466,white,180+0,e4 e5 Bc4 Nf6 d3 d6 c3 Be7 Nf3 h6
1645,1591,black,60+1,d4 d5 c4 c6 cxd5 cxd5 Nf3 Nf6 Nc3 Nc6
1519,1475,white,420+4,e4 e6 Bc4 Nc6 d3 a6 Nf3 b5 Bb3 Na5
1756,1816,black,60+0,e4 c5 Nf3 d6 Bc4 e6 O-O Nf6 Re1 Be7
1514,1547,black,120+2,e4 c5 Nf3 d6 c3 Nf6 Bd3 a6 Bc2 Nc6
1555,1463,white,120+0,d4 d5 Nf3 e6 g3 Nf6 Bg2 b6 O-O Bb7
1687,1673,black,300+7,d4 f5 Nf3 Nf6 Bf4 e6 e3 Be7 c4 O-O
1829,1730,black,60+0,d4 Nf6 c4 g6 Nc3 Bg7 Nf3 d6 Bg5 O-O
1503,1385,white,780+13,e4 e5 Nf3 Nc6 d4 exd4 Bc4 h6 Nxd4 Nxd4
1310,1500,white,180+3,e3 c5 Nc3 e5 Qf3 Nc6 Bb5 a6 Bxc6 bxc6
1742,1750,white,120+0,e4 Nf6 Nc3 d5 exd5 Nxd5 Nxd5 Qxd5 Nf3 Nc6
1500,1652,white,300+5,e4 c5 Nc3 Nc6 Bb5 a6 Bxc6 bxc6 d4 cxd4
1477,1619,white,300+0,g3 e5 Bg2 d5 e3 e4 Ne2 Nc6 d3 Nf6
1602,1615,black,120+0,e4 e5 Nf3 Nc6 Bb5 d6 O-O Bg4 c3 Nf6
1333,1413,white,300+0,e4 f5 exf5 Nf6 Bc4 d5 Bb5+ c6 Ba4 Bxf5
1553,1500,white,900+10,e4 e5 Nf3 Qf6 Bc4 a5 O-O a4 a3 Ra5
1331,1204,white,300+8,e4 e5 Nf3 d6 c4 Nc6 d3 Nf6 Nc3 Bg4
1552,1736,black,60+0,e4 d5 Nf3 dxe4 Ne5 f6 Nc4 Be6 d3 b5
1895,1730,black,1500+5,e4 d6 Nf3 h6 d4 Nd7 Nc3 a6 g3 Ngf6
1574,1800,black,300+2,e4 c5 Bc4 d6 a3 Nf6 d3 a6 Ba2 Nc6
1470,1297,white,600+8,e4 c6 Nc3 d6 Nf3 e5 d4 Nf6 Bg5 Be7
1744,1816,black,60+0,e4 c5 Nf3 e6 d4 d5 exd5 exd5 dxc5 Bxc5
1508,1663,white,420+9,e4 e5 Qh5 d6 Bc4 g6 Qf3 Nf6 h3 Bg7
1825,1747,white,60+0,e4 c5 Nf3 Nc6 d4 cxd4 Nxd4 Nf6 Nc3 d6
1361,1405,black,180+6,e3 e5 a3 d5 g3 Be6 Bg2 Bd6 Nc3 Nf6
1380,1468,white,1800+8,e4 e5 Nf3 d6 c4 Be6 b3 Nf6 Nc3 Nc6
1484,1278,black,300+5,e4 Nf6 e5 Nd5 d4 e6 Nf3 Nc6 Bd3 Ncb4
1603,1523,black,180+0,e4 c5 Bc4 d6 Bxf7+ Kxf7 f4 Nf6 d3 g6
1448,1563,white,120+0,e4 e6 d3 d5 f3 dxe4 fxe4 Nc6 Nc3 Nf6
1544,1360,white,180+0,e4 e5 Qe2 Nf6 g3 Nc6 Bh3 d5 f3 Nd4
1454,1606,black,600+0,e4 e5 d4 exd4 Qxd4 Nc6 Qe3 Bb4+ Bd2 d6
1572,1701,black,300+0,e4 e5 Nf3 Nc6 Bb5 a6 Bxc6 dxc6 O-O Bd6
1824,1735,black,60+0,d4 Nf6 c4 g6 Nc3 Bg7 Nf3 d6 Bg5 O-O
1742,1545,white,60+0,e4 a6 d4 b5 a4 Bb7 axb5 axb5 Rxa8 Bxa8
1656,1558,white,300+0,e4 e5 d4 exd4 c3 dxc3 Bc4 cxb2 Bxb2 Nf6
1664,1630,black,60+0,Nf3 c5 d4 cxd4 Nxd4 d6 Nf3 Nc6 c4 Nf6
1542,1642,black,300+8,e4 d6 Nf3 Nf6 Bc4 e6 e5 dxe5 Nxe5 Bd6
1604,1589,black,60+1,d4 c6 c4 d5 Nc3 Nf6 Nf3 dxc4 e4 b5
2061,1928,black,300+10,e4 e5 f4 Nc6 Nf3 f5 Nxe5 Nxe5 fxe5 Qh4+
1738,1835,white,60+0,e4 c5 f4 d6 Nf3 e6 g3 Nf6 Nc3 Be7
1381,1643,black,600+1,d4 Nf6 c4 e6 Nc3 c5 e3 d5 cxd5 Nxd5
2040,2067,black,60+0,d4 d5 Nf3 Bf5 Bf4 e6 e3 Nf6 c4 Bd6
1626,1752,black,60+0,e4 e5 Nf3 Nc6 Bc4 Bc5 O-O Nge7 c3 O-O
1561,1377,black,900+10,e4 e5 Nf3 Nc6 Bb5 Qf6 O-O Nd4 Nxd4 exd4
1476,1642,white,300+5,d4 f5 e4 fxe4 f3 Nf6 Nc3 exf3 Qxf3 d6
1539,1748,black,60+0,e4 e5 Nf3 Nc6 Bb5 Nf6 Bxc6 dxc6 d3 Bc5
1574,1500,white,0+3,e4 e5 d3 Nc6 Nf3 Nf6 Be2 d6 O-O Bg4
1603,1592,white,60+1,e4 d5 exd5 Qxd5 Nf3 Qa5 Bc4 Nf6 Nc3 c6
1511,1385,white,780+13,e4 Nf6 e5 Ng4 Qxg4 Nc6 d4 e6 Nf3 Qe7
1394,1275,white,240+0,e4 e6 Bc4 b6 a3 Bb7 d3 g6 Qf3 Bg7
1749,1811,black,60+0,e4 c5 Nf3 e6 d4 d5 e5 f6 exf6 Nxf6
1644,1652,black,60+0,d4 c5 c4 e6 d5 exd5 cxd5 d6 Nc3 Nf6
1557,1503,black,120+2,e4 e5 f4 exf4 Nf3 d6 Bc4 Be6 Bb3 Nf6
1946,2042,black,300+10,d4 d5 e4 dxe4 Nc3 Nf6 f3 exf3 Qxf3 e6
1656,1362,white,480+5,c4 e5 e3 d5 a3 Nf6 d4 e4 c5 c6
1604,1416,white,180+1,e4 e5 Nf3 Nc6 Bc4 h6 c3 Nf6 O-O Nxe4
1689,1839,white,180+0,e4 c6 Nf3 d5 exd5 cxd5 d4 Nc6 Nc3 Nf6
1581,1548,black,120+0,e3 e6 d4 d5 Nf3 g6 Bd3 Bg7 O-O Nf6
1564,1568,draw,300+0,e4 c5 Nf3 e6 Bb5 a6 Be2 Nc6 d4 cxd4
1820,1752,draw,60+0,e4 d6 Nf3 b6 d4 Bb7 Nc3 Nd7 Bd3 Ngf6
1753,1534,black,60+0,e4 a6 d4 b5 a4 Bb7 axb5 axb5 Rxa8 Bxa8
1604,1495,draw,300+0,d4 g6 e4 Bg7 e5 e6 Nf3 Ne7 Nc3 d6
1584,1477,black,300+2,d4 e6 c4 f5 Nc3 c6 Nf3 Nf6 e3 Bb4
1624,1554,white,600+8,e4 e6 Ne2 d5 e5 c5 f4 Nc6 d3 d4
1794,1473,white,120+0,e4 d5 exd5 Qxd5 d4 Qe6+ Be3 Qg6 Nf3 Nc6
1538,1603,black,300+3,e4 e6 d4 d5 e5 c5 c3 Nc6 Nf3 Qb6
1765,1463,white,240+4,e4 e5 Nf3 Nc6 Bb5 a6 Ba4 Nf6 O-O Be7
1631,1820,black,60+0,e3 c5 Qe2 e6 g3 d5 Bg2 Nf6 b3 Be7
1520,1354,white,180+0,e4 e5 Nf3 Nc6 Bb5 Bc5 O-O Nh6 Bxc6 dxc6
1542,1813,black,900+10,e4 e5 Nf3 Nc6 Bb5 d6 Bxc6+ bxc6 O-O Nf6
1715,1578,white,720+0,d4 e6 e3 Nf6 c4 d6 Nf3 h6 Bd3 Be7
1619,1632,black,120+0,e4 c5 Nf3 Nc6 c3 d6 d4 cxd4 cxd4 e6
2024,1777,black,180+0,d4 d5 c4 e6 Nf3 Nf6 e3 Be7 Nc3 O-O
1628,1410,white,180+1,e4 e5 Nf3 d6 Bc4 Bg4 Nc3 Bxf3 Qxf3 Nf6
1880,1538,black,300+0,e4 c5 Nf3 d6 d4 cxd4 Nxd4 Nf6 Bc4 g6
1835,1610,white,60+5,e4 d5 exd5 Nf6 d4 c6 dxc6 Nxc6 Nf3 e5
1754,1818,draw,60+0,c4 h6 Nc3 g6 e4 f6 d4 e6 Bd3 Ne7
1468,1797,black,120+0,e4 e6 d3 d5 f3 Nf6 e5 Nfd7 f4 c5
1825,1579,white,60+0,d4 Nf6 c4 g6 Nc3 Bg7 Nf3 d6 Bg5 O-O
1460,1535,black,900+10,d4 d5 h3 e6 a3 f5 g3 Nf6 Bg5 Be7
1613,1529,black,300+3,d4 d6 c4 Nf6 Nc3 Nc6 Nf3 Bg4 e3 e5
1561,1569,black,120+0,d4 d6 Nf3 g6 e3 Bg7 g3 Nf6 Bg2 O-O
1964,1769,white,600+3,Nf3 d5 c4 dxc4 Nc3 Nf6 e3 e6 Bxc4 Nc6
1352,1321,black,300+0,e4 e6 f4 Nc6 e5 f6 exf6 Qxf6 Qg4 Nd4
1670,1623,white,720+8,e4 e5 Nf3 Nc6 Bc4 h6 O-O Nf6 d3 Bc5
1805,1919,black,300+0,e4 e6 d4 c5 Nf3 cxd4 Nxd4 Nc6 Nc3 Bc5
1827,1551,white,300+4,e4 e5 f4 Nc6 Nf3 d6 Bc4 Be6 Bxe6 fxe6
1693,1597,white,360+8,d4 d5 c4 c6 c5 b6 b4 Nf6 Bg5 Nbd7
1854,1746,white,1500+5,e4 e6 Nf3 h6 d4 c6 Nc3 d5 e5 a6
1700,1756,black,60+2,f4 d5 Nf3 c5 e3 Nc6 b3 Qc7 Bb5 Bd7
1522,1665,black,600+5,e4 e5 Nf3 d6 c3 f5 Be2 Nf6 exf5 Bxf5
1830,1824,white,60+0,d4 e6 c4 d5 Nc3 Nf6 Nf3 c6 Bg5 Be7
1572,1550,black,120+0,e4 e6 Nf3 d5 exd5 exd5 d4 Nf6 Bd3 Be7
1616,1580,draw,0+3,e4 c6 Nf3 b6 d4 g6 Bd3 Bg7 Be3 e6
1622,1696,draw,480+1,g3 e5 Bg2 d5 Nf3 e4 Nd4 Bc5 c3 Qf6
1234,1419,black,540+10,e4 e5 Qh5 Nc6 Bc4 g6 Qf3 Nh6 d3 f6
1544,1372,black,180+0,e4 d6 d4 Nf6 Nc3 c6 Nf3 e6 Bg5 Be7
1705,1659,white,180+0,e4 c5 Nf3 Nc6 d4 cxd4 Nxd4 Nxd4 Qxd4 e6
1752,1681,black,540+9,d4 Nf6 c4 e6 Nf3 b6 Nc3 Bb7 e3 d5
1538,1500,white,900+10,e4 e5 Nf3 Nc6 Bb5 a6 Bxc6 bxc6 O-O d6
1454,1517,black,120+2,d4 e6 Bf4 Nc6 Nc3 d5 Nf3 Bd6 Bxd6 Qxd6
1647,1390,white,180+1,e4 g6 d4 Bg7 Be3 d6 Bd3 c6 Ne2 Be6
1499,1566,black,300+2,e4 c5 b4 cxb4 c3 bxc3 Nxc3 Nc6 Bc4 Nf6
1268,1107,white,180+0,b3 Nc6 g3 b6 Bg2 g6 Bb2 Nf6 Nh3 e5
1383,1665,black,360+10,e4 c5 Nc3 Nc6 Nf3 g6 Bc4 e6 O-O Bg7
1714,1868,black,600+0,e4 c5 d4 cxd4 c3 dxc3 Nxc3 e6 Nf3 Bb4
1766,1463,white,120+0,d4 d5 Nf3 e6 g3 b6 Bg2 c5 O-O Bb7
1608,1657,white,600+0,e4 c5 d3 d6 Nf3 Bg4 Be2 Nf6 O-O e5
1517,1650,black,780+13,e4 d6 d4 f5 exf5 Nf6 Bd3 Nc6 Nf3 e6
1073,1348,black,180+0,e3 e5 Nh3 d5 Qf3 f5 d3 g5 e4 g4
2052,1936,draw,300+10,e4 e5 Nf3 f5 Nxe5 Nc6 Qh5+ g6 Nxg6 Nf6
1605,1624,white,300+5,d4 d5 c4 f5 Nc3 Nf6 Nf3 e6 Bg5 c6
1499,1601,black,300+0,g3 e5 Bg2 d5 e3 e4 Ne2 Nc6 d3 Nf6
1662,1385,white,180+1,e4 e5 Nf3 g6 Bc4 Bg7 c3 h6 O-O a5
2122,1993,black,180+0,e4 c5 Nf3 e6 d4 cxd4 Nxd4 a6 Nc3 Qc7
1303,1814,black,60+0,e4 e6 Nf3 d5 exd5 exd5 d4 Nf6 Bd3 c5
1473,1471,white,300+0,e4 e6 d4 d5 exd5 exd5 Nc3 Nf6 Bg5 Be7
1677,1821,black,120+2,e4 c6 d4 d5 e5 Bf5 Bd3 Bxd3 Qxd3 e6
1297,1252,draw,180+5,d4 e6 Nf3 Bb4+ Bd2 a5 Bxb4 axb4 b3 Nf6
1644,1552,black,60+2,d4 Nf6 c4 g6 Bg5 d6 Nc3 Bg7 Qd2 O-O
1565,1716,black,300+0,e4 d6 Nf3 c6 d4 Nf6 e5 dxe5 Nxe5 Nbd7
1675,1380,white,180+1,e4 g6 d4 Bg7 Be3 e6 Bd3 Ne7 Ne2 d6
1474,1793,white,120+0,e4 c5 Nf3 Nc6 d4 cxd4 Nxd4 e6 Nc3 Be7
1690,1454,draw,300+0,e4 e5 Nf3 Nc6 Nc3 Nf6 Bc4 Bc5 O-O O-O
1524,1394,white,420+9,e4 e5 Qh5 Nc6 c3 g6 Qf3 Nf6 h3 Bg7
1658,1553,black,300+8,e4 g6 Nf3 Bg7 d4 e6 Bd3 Ne7 O-O O-O
1457,1769,white,120+0,d4 b6 e4 Bb7 Nc3 e6 Nge2 Nf6 Bg5 Be7
1831,1527,white,120+2,d4 d5 c4 Nf6 Bg5 Ne4 Bh4 g5 Bg3 dxc4
1559,1616,white,300+5,c4 c5 Nc3 Nc6 g3 d6 Bg2 g6 e3 Bg7
1547,1832,black,300+4,e4 c5 Bc4 Nc6 Nf3 g6 O-O Bg7 Re1 d6
1661,1641,black,480+5,c4 e5 e3 c5 Nc3 Nc6 Nf3 d6 d4 cxd4
1692,1932,black,60+0,e4 c5 d3 Nc6 Be2 g6 Be3 Bg7 c3 d6
1336,1078,white,300+0,e4 Nf6 e5 d6 exf6 gxf6 Bc4 e6 Qh5 Qd7
1577,1371,white,300+2,d4 c5 c3 cxd4 cxd4 e5 Nc3 exd4 Qxd4 Nc6
2107,1929,black,300+0,c4 e5 Nc3 Nf6 g3 Bc5 Bg2 d6 e3 c6
1769,1700,black,240+4,e4 e5 Nf3 d6 d4 exd4 Qxd4 Nd7 Bc4 Ngf6
1274,1043,white,180+0,b3 d5 e3 e5 g3 e4 Bg2 f5 Bb2 c5
1564,1702,black,360+8,e4 e5 Nf3 Nc6 Bb5 d6 Nc3 a6 Ba4 b5
1713,1829,black,180+0,e4 c6 Nf3 d5 exd5 cxd5 d4 Nf6 Nc3 Nc6
1334,1500,black,180+3,e3 e5 Qf3 d5 Nc3 Nf6 e4 d4 Nd5 Be7
1516,1722,black,720+0,e4 c5 Bc4 a6 Nf3 e6 O-O b5 Be2 Bb7
1379,1458,black,360+10,d4 d5 c4 e5 dxe5 d4 e3 Nc6 Nf3 dxe3
1342,1465,black,180+16,e4 c5 Bc4 e6 f4 Nf6 f5 Nxe4 fxe6 Qh4+
1758,1680,draw,720+0,e4 c5 Nf3 Nc6 Bc4 h6 d3 d6 h3 Nf6
1612,1663,black,120+0,e4 e5 Nf3 d6 Bc4 Bg4 c3 Bxf3 Qxf3 Qf6
1622,1354,black,360+0,e4 e5 Nf3 Nc6 Bc4 h6 d3 Bc5 Bd5 Nf6
1892,1708,white,600+0,e4 e5 Nf3 Nf6 Nxe5
2029,2077,white,60+0,d4 d5 Nf3 Bf5 Bf4 e6 e3 Nf6 Bd3 Bg4
1198,1768,black,120+0,d4 d5 c4 c5 dxc5 e6 cxd5 Bxc5 Nf3 Nf6
1724,1558,white,300+0,d4 d5 c4 g6 Nf3 Bg7 Nc3 Nf6 c5 O-O
1686,2018,black,180+1,e4 c5 Nf3 e6 c3 d5 e5 Nc6 Bb5 Bd7
1609,1489,black,300+0,d4 g6 e4 Bg7 e5 e6 Nf3 Ne7 Bd3 b6
1539,1375,white,840+4,d4 d5 Nf3 Nf6 Nc3 e6 Bg5 Be7 Bf4 a6
1500,1488,white,120+0,e4 c5 d4 cxd4 Qxd4 Nc6 Qd1 d6 f4 Nf6
1702,1474,white,600+0,e4 g6 d4 Bg7 Nf3 d6 Nc3 Bg4 Be2 Nc6
1834,1670,white,120+2,d4 b5 c4 bxc4 Nc3 d5 Nf3 e6 e4 c5
1279,1223,white,180+0,e3 e5 g3 Nc6 Bg2 Nf6 b3 d5 Bb2 Ng4
1694,1625,white,480+1,e4 b6 Bc4 Bb7 Qf3 e6 d3 Ba6 Nd2 Bxc4
1609,1328,white,180+3,d4 e6 c4 d5 e3 dxc4 Bxc4 Nc6 Nf3 Nf6
1603,1377,white,360+0,e4 e5 Nf3 d6 Bc4 Bg4 h3 Bxf3 Qxf3 Qd7
1617,1621,black,300+6,e4 e5 f4 d6 Nf3 Nc6 Bc4 Be7 d3 Nf6
1705,1620,white,180+0,e4 d5 exd5 Qxd5 Nc3 Qd6 Nf3 Bg4 d4 g6
2058,2065,white,0+1,d4 d5 c4 e6 e3 Nf6 Nf3 Bd6 Be2 O-O
1769,1195,white,120+0,e4 d5 exd5 Nf6 Nc3 c6 dxc6 Nxc6 d4 e5
1550,1316,white,120+0,e4 c5 Nf3 d5 d4 dxe4 Ne5 cxd4 Bc4 e6
1435,1556,black,300+0,d4 d5 Nc3 e6 Bf4 Bb4 Qd2 Bxc3 Qxc3 c6
1763,1971,black,600+3,e4 e6 Nf3 d5 e5 c5 d4 Nc6 c4 dxc4
1547,1690,white,300+8,e4 e5 Nf3 Nc6 d4 d6 dxe5 dxe5 Qxd8+ Nxd8
1506,1594,black,300+0,g3 e5 Bg2 d5 e3 e4 Ne2 Nc6 b3 Nf6
1677,1672,black,180+1,e4 d5 exd5 Qxd5 Nf3 Qa5 c4 Bg4 Nc3 Nf6
1126,1366,black,300+30,e4 e5 d4 Nc6 d5 Nd4 c4 Nf6 b3 Nxe4
1394,1584,black,180+0,e4 b6 d4 Bb7 d5 e6 c4 exd5 exd5 Ne7
1296,1352,white,180+5,d4 f5 Nf3 Nc6 d5 Nb4 Bd2 Nxd5 Bg5 Ngf6
1456,1436,white,60+2,Nf3 e6 g3 Bc5 Bg2 Nf6 c3 c6 d4 Bb6
1213,1289,black,180+0,e4 e6 Nf3 b6 Bb5 Bb7 Nc3 a6 Bc4 b5
2079,1524,white,0+1,b3 c5 Bb2 d6 Nc3 e6 e4 Nf6 Nge2 Be7
1298,1204,black,180+0,b3 e6 Bb2 f6 e3 Nc6 Nf3 Bb4 c3 Bc5
1629,1581,white,60+2,d4 d6 c4 g6 Nc3 Bg7 e4 Nf6 f4 e6
2024,1859,white,300+0,e4 e5 Nf3 Nc6 Bb5 a6 Ba4 Nf6 d3 d6
1660,1609,black,600+8,d4 d5 Nf3 Bf5 Bf4 Nf6 Nh4 Bd7 e3 h6
1500,1573,black,300+8,e4 e5 f3 Nf6 c3 Bc5 d4 exd4 cxd4 Bb4+
2080,1508,white,0+1,d4 e6 e3 d6 Nf3 c6 c4 Be7 Bd3 Nf6
1849,1770,draw,120+0,e4 d5 exd5 Nf6 Nc3 Nxd5 Nf3 Nxc3 dxc3 Qxd1+
1472,1481,white,180+16,e4 e5 Bc4 Nf6 Nf3 Nc6 Ng5 h6 Nxf7 Qe7
1310,1580,white,120+0,e4 e5 c4 Nc6 Nc3 Bc5 Nf3 Nf6 a3 O-O
1421,1451,white,240+0,c4 Nf6 d4 d5 c5 Nc6 Nf3 g6 e3 Bg7
1617,1617,white,300+0,e4 d5 e5 c5 c3 Nc6 Bb5 e6 d4 Qb6
1551,1731,black,300+0,e4 d6 Nf3 c6 d4 Bg4 Nc3 Nf6 Be2 Qa5
1360,1584,black,300+2,e4 c5 Nf3 Nc6 c4 d6 Nc3 Nf6 d3 Bg4
1388,1611,black,180+0,e4 e5 d4 exd4 Qxd4 Nc6 Qd1 Bc5 f3 Qh4+
1602,1497,black,300+0,d4 g6 e4 Bg7 e5 e6 Nf3 Ne7 Nc3 b6
1714,1644,black,180+0,e4 e5 Nf3 Nf6 Nc3 Nc6 Bb5 d6 Bxc6+ bxc6
1450,1800,black,120+0,e4 e6 f3 d5 Nc3 Nf6 Nge2 c5 d4 Nc6
1261,1500,white,300+8,e4 a5 Nf3 Nf6 Ng5 h6 e5 Nd5 Ne4 d6
1552,1410,black,1800+8,e4 e5 Nc3 c6 Nf3 d6 d4 exd4 Qxd4 Nf6
2082,1936,white,0+1,d4 c5 c4 cxd4 Qxd4 Nc6 Qd1 g6 Nf3 Bg7
1591,1502,black,300+6,e4 e6 f4 f5 e5 g5 Nf3 gxf4 d3 Nc6
1294,1483,black,300+0,e4 Nf6 Nc3 Nc6 Bb5 d6 Nf3 Bg4 O-O e5
2054,2015,draw,120+1,d4 d5 c4 c6 Nc3 e6 Nf3 dxc4 e4 b5
1709,1538,white,360+8,d4 d5 c4 Nf6 c5 e6 e3 b6 b4 Ne4
1590,1663,black,120+2,b3 b5 Bb2 Bb7 e3 e6 Nf3 Nf6 Bxf6 Qxf6
1772,1846,black,120+0,e4 e6 f4 d5 exd5 exd5 Nf3 Nf6 d4 c5
1468,1369,white,360+10,e4 e5 Nf3 Nc6 Bc4 a6 Nc3 b5 Bb3 b4
1592,1573,black,300+3,e4 c5 Nf3 d6 Nc3 g6 d4 cxd4 Nxd4 Bg7
1891,1645,white,180+0,e4 e5 d3 Nf6 c4 Bc5 Nc3 c6 f4 Bd4
1608,1371,white,360+0,e4 e5 Nf3 Nc6 Bc4 h6 d3 d6 Nc3 Nf6
1755,1530,white,240+4,e4 c5 Nf3 Nf6 Nc3 d6 d4 cxd4 Nxd4 a6
1550,1571,black,0+3,d4 d6 c4 g6 Nc3 Bg7 e4 Nf6 f4 O-O
1652,1645,black,480+5,e4 d5 e5 c5 d4 cxd4 Qxd4 Nc6 Qf4 Nh6
1530,1258,white,300+8,e4 e5 Nf3 Nc6 Bc4 Bc5 Ng5 Qxg5 O-O d6
1441,1478,black,540+6,e4 e5 Qh5 Qf6 Nf3 Nc6 c3 g6 Qg5 Qxg5
1659,1602,white,300+5,d4 f5 c4 Nf6 e3 e6 Nf3 c6 Be2 d5
1451,1598,white,900+10,d4 c5 d5 Nf6 c4 Na6 Bg5 Ne4 Bh4 g6
1515,1665,black,600+5,e4 e6 Nf3 Ne7 c3 Ng6 Bc4 c6 d4 d5
1765,1690,black,300+0,e4 e5 Nf3 d6 d4 Bg4 Bc4 Bxf3 Qxf3 Qf6
2094,1523,white,0+1,d4 c5 c4 cxd4 Nf3 Nc6 Nxd4 Nxd4 Qxd4 d6
1478,1329,white,120+0,e4 c5 Nf3 Nc6 d4 cxd4 Nxd4 d5 exd5 Qxd5
1855,1763,white,120+0,e4 b6 d4 Ba6 Bxa6 Nxa6 Nc3 g6 Qf3 Bg7
1554,1616,white,300+0,d3 e6 e3 d6 a3 b6 h3 Bb7 b3 g6
2042,1908,white,60+0,d4 d5 Nf3 e6 e3 Nf6 Bd3 Be7 Nbd2 O-O
1940,2048,black,300+10,e4 Nf6 Bc4 Nxe4 Nc3 Nf6 d4 d5 Bd3 Nc6
1847,1911,white,300+15,e4 c5 Nf3 e6 d4 cxd4 Nxd4 Nf6 Bd3 Nc6
1523,2096,black,0+1,d4 d5 c4 Nf6 cxd5 Nxd5 Nf3 Nc6 e4 Nb6
1644,1712,black,420+8,c4 e5 d3 Nf6 Nf3 Nc6 Bg5 Be7 e3 d6
1352,1367,black,180+0,e4 c5 Nf3 e6 d4 Nc6 dxc5 Bxc5 e5 Nge7
1444,1349,white,240+0,d4 d5 Nc3 e6 Bf4 Bd6 Bxd6 Qxd6 e4 dxe4
1728,1764,black,720+0,d4 d5 e3 Bf5 Be2 e6 a3 Nf6 Nd2 Be7
1581,1681,white,60+1,d4 d5 c4 Nf6 Nf3 c6 Nc3 e6 cxd5 cxd5
1633,1474,white,180+1,e4 c5 Nf3 Nc6 c3 e5 Bb5 a6 Bxc6 bxc6
1639,1582,white,60+2,d4 d6 c4 g6 Nc3 Bg7 e4 e6 f3 Nf6
1738,1545,white,300+0,d4 e6 c4 g6 Nc3 Nf6 Nf3 Bg7 e4 d6
1310,1429,black,180+5,d4 Nf6 Nf3 g6 e4 d6 e5 dxe5 Nxe5 Bg7
1322,1511,black,120+0,d4 Nf6 c4 g6 Nc3 Bg7 Bf4 d6 e4 O-O
1513,1588,black,300+0,g3 e5 Bg2 d5 e3 e4 Ne2 Nc6 d3 Nf6
1755,1864,black,120+0,e4 e6 f4 d5 e5 c5 c4 Nc6 cxd5 exd5
1368,1349,white,300+0,d4 e5 e3 exd4 Qf3 Bc5 Bc4 Nh6 e4 Qe7
1664,1248,white,300+0,e4 e5 d4 Nc6 Nf3 f6 dxe5 fxe5 Bb5 a6
1641,1693,white,300+8,e4 c5 Nf3 Nc6 d4 cxd4 Nxd4 e5 Nxc6 bxc6
2097,2049,white,60+0,d4 d6 c4 Nf6 e3 Nbd7 Nf3 e5 Bd3 e4
1461,1412,black,60+1,d4 Nf6 Nf3 g6 Nc3 Bg7 g3 O-O Bg2 d6
1896,1672,white,120+2,e4 a6 d3 b5 f4 Bb7 Nf3 e6 Be2 c5
1488,1387,black,300+5,e4 e5 Ne2 d6 c4 f5 d3 f4 d4 Nd7
1760,1599,white,240+4,e4 e6 d4 d6 Nf3 b6 Be3 Bb7 Bd3 c5
1613,1748,white,360+0,e4 e5 Nf3 Nc6 Bc4 Nf6 d3 Be7 Ng5 O-O
1572,1572,white,0+3,e4 e5 d3 d5 Nf3 dxe4 dxe4 Qxd1+ Kxd1 Nf6
1536,1315,white,120+0,e4 c5 Nf3 Nc6 d4 b6 d5 Bb7 dxc6 Bxc6
2040,2114,white,60+0,d4 g6 Nf3 Bg7 Bf4 d6 e3 Nf6 h3 O-O
1468,1707,white,600+0,b3 e5 Bb2 f6 g3 d5 Bg2 Be6 e3 e4
1448,1485,white,60+1,d4 d5 e3 c6 g3 Bf5 Bd3 Bxd3 Qxd3 Nf6
1459,1333,white,240+0,d4 c5 dxc5 Qa5+ Bd2 Qxc5 e4 Nf6 Nc3 e5
1772,2034,black,240+0,e4 c5 d4 cxd4 Qxd4 Nc6 Qd3 Nf6 Nf3 e6
1435,1482,white,240+4,e4 c5 Nf3 Nc6 Bb5 a6 Bxc6 bxc6 d4 cxd4
1382,1316,white,180+0,e4 e5 d4 d6 d5 Be7 c4 Nf6 f3 O-O
1540,1744,white,300+0,e4 d6 d4 c6 f4 Nf6 Bd3 Bg4 Nf3 Nbd7
1367,1290,black,300+8,e4 d6 d4 c6 Nc3 Nf6 Bg5 Nbd7 e5 dxe5
1592,1583,black,0+3,d4 d6 c4 g6 Nf3 Bg7 Nc3 e6 e3 Nf6
1639,1719,black,480+0,d4 e6 Nf3 Nf6 Bf4 b6 c4 Bb7 Nc3 Bb4
1928,1874,black,60+0,e4 e6 d4 d5 Nc3 a6 exd5 exd5 Nf3 Nf6
1339,1379,black,300+0,d4 d5 c4 e6 Nf3 c5 dxc5 Bxc5 Ne5 Qf6
1309,1556,black,120+0,d4 Nf6 c4 d6 Nc3 g6 b3 Bg7 Bb2 O-O
1561,1574,white,300+6,e4 e5 f4 exf4 Nf3 g5 Bc4 Nh6 h3 c6
2053,1895,white,60+0,d4 e6 Nf3 d5 e3 Nf6 Bd3 a6 Nbd2 c5
1181,1419,black,300+8,e4 e5 d4 exd4 c3 dxc3 Bc4 Nc6 Nf3 Nf6
1595,1581,black,0+3,e4 c5 d3 d5 Nf3 dxe4 dxe4 Nf6 Qxd8+ Kxd8
1534,1040,white,300+8,e4 e5 Nf3 Nc6 Bc4 Nf6 Ng5 Nxe4 Nxf7 Qh4
1546,1461,white,840+4,d4 d5 Nf3 Nf6 Nc3 Nc6 e3 h6 Bb5 a6
1920,2041,white,300+0,d4 Nf6 Nc3 d5 Bf4 c6 e3 Bf5 Bd3 e6
1500,1267,white,780+13,e4 e5 Nf3 Nc6 d4 f6 dxe5 fxe5 Nxe5 Nxe5
1009,1550,black,600+1,e4 g6 Nf3 Bg7 Nc3 c6 d4 Qb6 a4 c5
1229,1391,white,180+0,d4 d5 c4 e6 Nc3 dxc4 e4 Bb4 Qa4+ Bd7
1885,2059,white,60+0,e4 d6 d4 Nf6 Bd3 Nbd7 c4 e5 Nc3 exd4
1571,1727,white,480+0,d4 e6 Nf3 Nf6 Bg5 h6 Bxf6 Qxf6 e4 Nc6
1573,1304,white,120+0,e4 d5 exd5 e5 dxe6 Bxe6 Nf3 Bd6 Be2 f5
1567,1754,black,300+0,d3 Nf6 e3 e5 a3 d5 h3 c5 b3 Nc6
2043,1910,black,60+0,d4 e5 Nf3 e4 Nfd2 Nf6 e3 d5 c4 a6
1725,1557,white,300+0,d4 e6 c4 g6 Nf3 Bg7 Nc3 Nf6 e4 O-O
1342,1302,white,300+0,e4 Nf6 e5 Nd5 Bc4 Nb4 Bb3 d5 Qf3 e6
1470,1901,black,180+0,e4 c5 Nf3 Nc6 d4 cxd4 Nxd4 g6 c3 Bg7
1389,1329,black,300+0,d4 c5 e3 cxd4 Qf3 Nc6 Bc4 Ne5 Qxf7+ Nxf7
1706,1482,black,180+0,Nf3 d6 g3 e5 Bg2 e4 Nd4 c5 Nb3 Nf6
1404,1474,white,300+5,e4 Nf6 d3 d5 Nc3 d4 Nb5 e5 f4 Bd6
1517,1715,white,360+8,Nf3 d5 g3 e5 Nxe5 f6 Nd3 c5 Bg2 g5
1613,1779,black,300+8,e4 e5 Nf3 Nf6 Nc3 Nc6 Bc4 Bc5 O-O d6
1932,2028,black,60+0,e3 d6 d4 Nf6 Nf3 Nbd7 c4 e5 Nc3 Be7
1479,1766,black,60+0,e4 c5 Nc3 e6 g3 g6 Nge2 Bg7 f4 Ne7
1300,1587,black,120+0,e4 e5 Nf3 Bc5 Nxe5 Qf6 d4 Bb6 c3 d6
1583,1552,black,0+3,e4 a6 d3 b5 Nf3 Bb7 Be2 e6 O-O c5
1717,1332,white,720+0,d4 d5 e3 c5 c3 Nc6 dxc5 e5 b4 a6
1551,1732,white,300+0,e4 e5 Nf3 Nc6 Bb5 d6 Bxc6+ bxc6 d4 exd4
1034,1535,black,300+8,e4 e5 Nc3 Nc6 Nf3 Nf6 d3 Bc5 Bg5 h6
1626,1357,black,360+0,e4 e5 Qf3 Bc5 Bc4 Nf6 d3 d6 Bg5 Nc6
1516,1633,black,180+5,d4 d5 c4 c6 Nc3 Nf6 a3 dxc4 e3 b5
1350,1722,black,240+0,e4 e5 Nf3 d5 Nc3 d4 Nd5 c6 Nb4 Bxb4
2037,1920,white,60+0,d4 e6 Nf3 d5 e3 Nf6 Bd3 a6 Nbd2 c5
1683,1840,black,60+0,e4 c5 Nf3 e6 Nc3 d5 exd5 exd5 d4 Nf6
1483,1622,white,600+8,e4 e5 Bc4 Nf6 Nf3 Nxe4 Qe2 f5 Nxe5 d5
1500,1680,black,180+0,e4 c5 Nc3 Nc6 Nf3 e6 Bb5 a6 Bxc6 bxc6
1337,1476,black,120+0,e4 d5 exd5 Qxd5 Nc3 Qe6+ Be2 Nc6 Nf3 Qg6
1769,1470,white,60+0,d4 Nf6 Nf3 c5 c3 cxd4 cxd4 d5 Nc3 Bf5
1666,1592,white,300+0,e4 e6 d4 d5 exd5 exd5 Nf3 Bd6 Bg5 Nf6
1640,1706,black,720+0,e4 e5 Nf3 Nc6 Bb5 a6 Bxc6 dxc6 Nxe5 Qe7
1910,2044,white,60+0,e4 d6 Nf3 Nf6 e5 dxe5 Nxe5 Nbd7 Nc4 e5
999,1373,black,300+1,e4 e5 Nf3 Bc5 Nc3 d6 Qe2 Nf6 Qb5+ Nc6
1606,1487,white,120+0,d4 d5 c4 e6 Nc3 Nf6 Nf3 c6 Bg5 Be7
1468,1341,white,1800+8,d4 d6 c4 Be6 d5 Qd7 dxe6 Qxe6 e3 Nc6
1306,1720,black,720+0,e4 c5 Bc4 a6 a3 d6 d4 cxd4 Qxd4 Nc6
1347,1681,black,240+0,e4 e5 Qh5 Nf6 Qxe5+ Be7 Nc3 O-O Nf3 Ng4
1461,1773,black,60+0,e4 e5 Nf3 Nf6 Nxe5 d6 Nf3 Nxe4 Nc3 Nxc3
1599,1295,white,120+0,e4 d5 exd5 e5 dxe6 Bxe6 Nf3 Nd7 Be2 Bc5
1607,1644,white,300+8,e4 e5 Nf3 Nc6 Bc4 h6 O-O Bc5 Nc3 Nf6
1440,1446,black,240+4,e4 e5 f4 d6 Nf3 Nc6 Bc4 Nf6 d3 Bg4
1677,1708,white,60+0,e4 d6 Nf3 g6 Nc3 Bg7 d4 Nf6 Bc4 e5
1672,1463,white,1800+0,e4 c5 Nf3 d6 d4 cxd4 Nxd4 Nf6 Nc3 g6
1147,1443,white,600+0,e4 e6 Bc4 b6 Nf3 Bb7 d3 Bb4+ c3 Bf8
1475,1617,white,120+0,e4 e5 d3 Nf6 Nc3 Bb4 Bd2 O-O g3 c5
1292,1190,black,420+0,e4 e5 d3 h6 c4 Nf6 Nf3 Bb4+ Bd2 Nc6
1816,1846,black,60+0,e4 c5 Nf3 e6 d4 d5 e5 f6 Bf4 Nc6
1862,1657,white,300+15,e4 e5 Nf3 Nf6 Nxe5 Nxe4 Qe2 Qe7 Qxe4 d6
1344,1455,black,240+0,e4 c5 Nf3 Nc6 Nc3 e5 Nd5 Nb4 Nxb4 cxb4
1382,1571,black,0+3,e4 b6 Nf3 Bb7 c3 d6 d3 e5 Be3 g6
2291,1931,white,60+0,d4 e6 c4 d5 Nc3 Nf6 cxd5 c5 dxc5 Bxc5
1667,1935,draw,300+0,e4 e5 d4 exd4 Qxd4 Nc6 Qd1 Nf6 Nc3 d6
1776,1454,white,60+0,Nf3 f5 d4 d6 Bg5 Nf6 Bxf6 exf6 Qd3 g5
1355,1194,black,300+0,e4 c5 Bc4 Qb6 d3 d6 Qf3 Nf6 Bg5 Bg4
1420,1307,black,600+0,e4 e5 Bc4 Nf6 Qf3 Nc6 Nc3 Nd4 Qd1 c6
1335,1601,black,240+0,e4 c5 Nc3 Nc6 Nf3 e6 d4 cxd4 Nxd4 Bc5
1856,1805,white,60+0,d4 c5 c4 d6 Nc3 Nf6 Nf3 g6 Bg5 Bg7
1596,1498,white,120+0,d4 d5 c4 e6 Nc3 c6 Nf3 Nf6 Bg5 Be7
1688,1491,black,600+0,e4 d6 d4 g6 c3 Bg7 Nf3 c6 e5 dxe5
1660,1694,white,480+5,c4 Nf6 d4 e6 a3 b6 e3 Bb7 Nc3 d5
1723,1442,white,720+0,d4 d5 e3 Bf5 Be2 e6 a3 Nc6 Nd2 Bd6
1927,2294,white,60+0,e4 c5 d4 cxd4 Nf3 e5 c3 dxc3 Nxc3 Nc6
2029,2304,black,60+0,d4 Nf6 Nf3 e6 e3 c5 Bd3 cxd4 exd4 Nc6
1570,1583,black,300+3,e4 e6 d4 d5 Nc3 dxe4 Nxe4 Nf6 Bg5 Be7
1605,1473,white,300+8,e4 e5 Nf3 d6 Bc4 Bg4 h3 Bh5 d3 h6
1576,1592,white,0+3,e4 c5 Nf3 e6 d4 cxd4 Nxd4 Nc6 c3 a6
1395,1445,black,900+0,c4 e5 Nc3 Nf6 Nd5 Bc5 d3 e4 d4 Bb4+
1795,1865,white,60+0,e4 c5 Nf3 e6 d4 Nc6 d5 exd5 exd5 Nb8
2017,1903,draw,180+0,e4 c5 d4 cxd4 c3 Nc6 cxd4 d5 e5 g6
2271,1955,white,60+0,d4 e6 c4 d6 Nc3 Nf6 e4 d5 cxd5 Nfd7
1334,1277,black,300+0,e4 e5 Qh5 Nc6 Bc4 g6 Qf3 Nh6 d3 f6
1749,1523,white,120+2,e4 e5 Nf3 Nc6 d4 exd4 Nxd4 d5 exd5 Qxd5
1469,1200,white,120+0,d4 d5 c4 e5 dxe5 dxc4 Qxd8+ Kxd8 e4 Bb4+
1682,1590,white,300+8,e4 e5 Nf3 d6 Bc4 h6 O-O Bg4 d3 Nc6
1588,1361,white,600+10,e4 e5 Nf3 d6 d4 exd4 Bc4 f6 c3 a6
1291,1427,white,180+5,d4 d5 Nf3 Nf6 Bg5 Nc6 Bxf6 exf6 Qd3 Be7
1842,1730,black,300+8,e4 d5 exd5 Nf6 Nc3 c6 dxc6 Nxc6 Bb5 e5
1950,2275,black,60+0,d4 d5 c4 c6 Nf3 Nf6 a3 Bf5 Nc3 dxc4
1265,1654,white,900+0,e4 b6 g4 Bb7 Bg2 f5 d3 fxe4 dxe4 Nf6
1585,1458,draw,1800+0,e4 c5 f4 d6 Nf3 Nd7 Bc4 Ngf6 Ng5 e6
1674,1671,black,600+0,d4 d5 c4 e5 Nc3 dxc4 e4 exd4 Nd5 c6
2308,2025,black,60+0,d4 d6 c4 Nf6 Nc3 Nbd7 e4 e5 d5 Be7
1703,1940,black,480+1,e4 e5 Nf3 Nc6 Bc4 Be7 c3 d6 h3 Nf6
1853,1809,white,60+0,d4 Nf6 c4 c5 Nc3 g6 Nf3 Bg7 Bg5 O-O
1768,1804,black,180+0,e4 e5 d4 exd4 Nf3 Nc6 Bc4 Bc5 c3 Nf6
1362,1519,white,480+8,e4 Nc6 d4 e5 d5 Nce7 Qh5 Ng6 f4 exf4
1537,1029,white,300+8,e4 e5 Nf3 Nc6 Bc4 Nf6 Ng5 Bc5 Bxf7+ Ke7
1248,1198,white,300+8,d4 d5 e3 e6 b3 Bb4+ c3 Ba5 Bb2 Nc6
1832,1754,black,180+2,d4 d5 c4 e6 Nc3 Nf6 Bg5 g6 cxd5 exd5
1926,1665,white,300+8,e4 g6 d4 Bg7 Nf3 d6 Bd3 e6 Be3 Ne7
1331,1444,black,240+0,e4 g6 Nf3 Bg7 Nc3 d6 d4 Nd7 Bb5 a6
1449,1342,white,180+0,e4 e5 Nf3 Nf6 Nc3 Nc6 Nxe5 Nxe5 d4 Nc6
1581,1588,black,0+3,d4 b6 c4 Bb7 Nf3 e6 e3 g6 Nc3 Bg7
1680,1594,white,480+0,g3 e5 d4 e4 Bg2 f5 Nc3 Nf6 Bg5 d5
1789,1605,white,420+0,d4 c6 Bf4 d5 Nf3 Nf6 e3 e6 Bd3 Nbd7
1290,1599,white,300+1,e4 e5 Nf3 Bd6 c3 Nf6 d4 Nxe4 dxe5 Bc5
1382,1489,draw,1440+0,e4 e5 Nf3 Nc6 Bc4 Nd4 d3 Nc6 Ng5 d5
2278,1946,white,60+0,d4 e6 c4 Nf6 Nc3 d5 cxd5 exd5 Bg5 Be6
1698,1818,white,360+8,d4 Nf6 c4 e6 c5 b6 b4 bxc5 bxc5 d5
1422,1391,white,300+8,e4 e5 Nf3 Nc6 Bb5 Nf6 Nc3 a6 Bxc6 dxc6
1799,1862,white,60+0,e4 c5 Nf3 e6 c3 d5 d4 Nf6 Nfd2 Be7
1491,1011,white,1800+8,d4 Nc6 c4 e5 d5 Bb4+ Nc3 Ba5 dxc6 bxc6
984,1292,black,300+1,e4 Nf6 b3 Nxe4 f3 Nc5 Nh3 d5 d4 Ne6
2287,2169,black,60+1,e4 e5 Nf3 Nc6 Bb5 a6 Ba4 Nf6 O-O Be7
1850,1812,white,60+0,d4 Nf6 c4 c5 Nc3 cxd4 Qxd4 Nc6 Qd1 g6
1500,1565,white,240+0,e4 b6 Nf3 Bb7 Nc3 g6 d4 Bg7 e5 d6
1422,1682,black,600+0,e4 e5 Nf3 Nf6 Nc3 d6 Bc4 Be6 Bxe6 fxe6
1458,1500,white,180+0,e4 e5 Nf3 d6 g3 c5 Bg2 Nc6 O-O Bg4
1613,1500,black,480+0,d4 d5 c4 c6 Nc3 Nf6 Bf4 e6 Nf3 dxc4
1247,1076,white,300+8,e4 e6 Bc4 d5 exd5 exd5 Bb3 Qf6 Nf3 Qe6+
1626,1536,white,300+8,e4 e5 Nf3 Nc6 Bc4 d6 d3 f5 Ng5 Nh6
1942,2282,black,60+0,e4 c5 Nf3 d6 c3 Nf6 Qc2 Nc6 d4 cxd4
1405,1193,black,600+0,f4 g6 e4 Bg7 e5 Nh6 d4 O-O Nf3 d6
1927,1681,white,300+0,d4 d5 e3 Nf6 Bd3 e6 Nf3 Bd6 Nbd2 O-O
1906,2012,white,180+0,e4 c6 d3 d5 e5 Bf5 f4 e6 Nf3 h6
1566,1465,white,480+0,d4 b6 Nf3 e6 e4 d5 c4 dxe4 Ne5 f5
1443,1334,white,420+4,d4 g6 Bf4 Bg7 Nf3 d5 e3 Nc6 Bb5 Bd7
1802,1859,black,60+0,e4 c5 Nf3 e6 d4 d5 dxc5 Bxc5 exd5 exd5
1241,1451,black,300+2,e4 g6 Nc3 Bg7 Nf3 Bxc3 bxc3 Nf6 Bd3 Ng4
2044,1779,white,60+0,d4 d5 Nf3 e6 e3 Nf6 Bd3 c5 c3 a6
1162,1308,black,360+3,d4 d5 Nf3 Nf6 g3 e6 a3 Nc6 Bg2 Be7
1318,1507,black,300+0,e4 c6 Bc4 e6 d3 Qb6 Be3 Bc5 b3 Bxe3
1710,1605,white,180+0,e4 c5 Nf3 Nc6 d4 cxd4 Nxd4 e5 Nb3 Nf6
1496,1351,black,1800+8,d4 Nf6 c4 d5 Nc3 Bd7 Nf3 dxc4 e4 b5
1775,2048,black,60+0,d4 d6 e4 Nf6 Bd3 Nbd7 Bg5 e5 dxe5 dxe5
1868,1788,white,300+15,e4 e5 Nf3 d6 d4 Bg4 dxe5 Bxf3 Qxf3 dxe5
1381,1435,white,300+8,e4 e5 d4 Bd6 Nf3 Nc6 d5 Nce7 Bd3 Nf6
1518,1560,white,120+2,e4 e5 Nf3 Nf6 Nc3 Nc6 d3 Bc5 Bg5 O-O
1745,1827,black,300+8,d4 d5 c4 dxc4 Nc3 Nf6 Nf3 Nd5 e4 Nxc3
1868,1771,black,60+0,d4 d5 c4 e6 Nc3 Be7 Nf3 Nf6 Bg5 O-O
1698,1788,white,480+1,e4 e5 Bc4 Nf6 d3 Bc5 Bg5 d6 h3 Be6
1607,1480,white,360+0,e4 c5 Nf3 d6 Bc4 Nf6 d3 Nc6 Ng5 e6
1498,1494,white,60+4,e4 e5 Nf3 Nc6 Bb5 a6 Ba4 b5 Bb3 Nf6
1323,1838,black,240+0,e4 c6 Nf3 d5 e5 Bg4 d4 e6 Nc3 Nd7
1929,1689,white,60+0,d4 d5 c4 Nf6 cxd5 Nxd5 e4 Nf6 Nc3 e6
1509,1575,black,300+2,d4 b5 e3 Bb7 Nf3 a6 h3 Nf6 Bd3 d5
2090,1990,white,180+0,c4 e5 Nc3 Nf6 g3 Bb4 Bg2 Bxc3 dxc3 d6
2052,2285,black,60+0,d4 d5 Nf3 Nf6 e3 c6 Bd3 Bg4 h3 Bh5
1297,1303,black,480+7,d4 c6 Bf4 d6 Nf3 Nf6 h3 Nbd7 Bg5 e5
1684,1934,black,60+0,e4 c5 Nf3 d6 Nc3 Nf6 d4 cxd4 Nxd4 a6
1511,1532,white,120+2,a3 c5 Nf3 d5 e4 dxe4 Ng5 Qd5 h4 h6
1622,1635,black,900+0,e4 c5 Qf3 d6 d3 Nf6 h3 Nc6 c3 e5
1713,1904,white,180+0,d4 d5 c4 e6 Nc3 Nf6 Nf3 Be7 Bf4 O-O
1719,1631,black,720+0,e4 e5 Nf3 d6 Bc4 c6 O-O Bg4 h3 Bh5
1370,1113,white,300+5,d4 d5 Nf3 e6 Ne5 f6 Ng4 b6 e3 Bb7
1311,1512,black,300+0,e4 c6 Qh5 g6 Qf3 e6 Bc4 Qb6 b3 Nf6
1785,1855,black,60+0,d4 c5 e3 e6 c3 Nf6 Be2 d5 Bf3 Be7
1542,1759,black,300+0,e4 e5 Nf3 Nc6 h3 Nf6 Nc3 Bc5 Bc4 d6
1423,1727,black,720+0,d4 c5 dxc5 Qa5+ Nc3 Qxc5 Bf4 e5 Be3 Qc7
2291,2047,white,60+0,d4 d6 c4 Nf6 Nc3 Nbd7 Nf3 e5 e4 Be7
1753,1500,white,480+2,d4 Nf6 c4 g6 Nc3 Bg7 Nf3 O-O e3 d6
1339,1363,black,300+0,c4 e5 Nc3 c6 a3 Nf6 Nf3 d6 d3 Be6
1522,1193,white,0+1,d4 d5 c4 c6 cxd5 cxd5 Nf3 e6 e3 f5
1539,1461,black,60+1,d4 d5 c4 Nf6 Nc3 dxc4 e4 Be6 d5 Bg4
1438,1500,black,300+0,b3 e5 Bb2 d6 h3 Nc6 e3 Be6 Bb5 Nf6
1863,1776,white,60+0,d4 c6 c4 d5 Nc3 e6 Nf3 Nf6 Bg5 Be7
2186,2296,draw,60+1,e4 c5 Nf3 d6 d4 cxd4 Nxd4 Nf6 Nc3 g6
1190,1525,black,0+1,e4 c5 d4 d6 dxc5 dxc5 b4 Qxd1+ Kxd1 cxb4
1656,1932,black,300+0,d4 e6 c4 d5 e3 Nf6 Nf3 Nbd7 Nc3 c6
1645,1700,white,720+0,e4 c5 c4 e6 d3 Nc6 Na3 Be7 Nc2 d6
1218,1471,white,240+3,e4 c5 Bc4 Nc6 Nc3 h6 Nf3 Nf6 d4 d5
1563,1684,black,600+5,e4 e5 Bc4 Nf6 Nc3 Nc6 Nge2 Bc5 O-O d6
1878,1582,black,300+15,e4 e5 Nf3 Nc6 Bc4 Bc5 c3 Nf6 d4 exd4
1528,1186,white,0+1,d4 d5 c4 c6 cxd5 b5 dxc6 Nxc6 Nc3 Nxd4
1446,1607,black,600+8,e4 e5 Nf3 Nc6 Nc3 Nf6 d3 Bb4 a3 Bxc3+
1475,1525,black,60+1,d4 d5 e3 c5 Nf3 Nc6 c3 e6 a3 Nf6
1682,1676,white,480+5,e4 d5 exd5 Nf6 Bc4 a6 Qf3 b5 d6 bxc4
1451,1768,black,60+0,e4 c6 Nf3 d5 d4 dxe4 Ne5 Nf6 Nc3 Bf5
1615,1594,white,360+0,e4 e6 Nf3 d5 d3 dxe4 dxe4 Qxd1+ Kxd1 Bc5
1468,1322,white,420+1,e4 e5 Nf3 d6 Bc4 Bg4 d3 Bxf3 Qxf3 Qf6
1500,1570,black,180+5,d4 d5 c4 dxc4 Nc3 b5 Nxb5 c5 dxc5 Qa5+
1731,1407,white,720+0,e4 e5 Bc4 Bc5 Qh5 Qf6 Nf3 d6 Nc3 Be6
1515,1601,black,300+0,d4 d5 c4 dxc4 e4 e6 Bxc4 h6 Nc3 Nf6
1325,1385,black,300+0,e4 e5 Nf3 d6 Nc3 Nc6 Bb5 Bd7 d3 Nf6
1647,1431,draw,300+0,c4 g6 Nc3 Bg7 g3 b6 Bg2 c6 d3 Na6
2292,2189,black,60+1,d4 Nf6 c4 e6 Nc3 Bb4 Qc2 b6 a3 Bxc3+
1467,1523,black,120+6,e4 e6 Nf3 d5 e5 c5 Bb5+ Nc6 d4 Bd7
1771,1447,white,60+0,Nf3 Nc6 d4 d5 c4 Nf6 cxd5 Nxd5 e4 Nf6
1310,1318,black,300+1,e4 d5 exd5 Qxd5 Nc3 Qe5+ Be2 Nc6 Nf3 Qe6
1581,1537,black,300+0,b3 e5 Bb2 d6 e3 Nf6 Ne2 Nc6 Ng3 Be7
1579,1662,white,300+3,e4 e5 Nf3 Nf6 Nc3 Nc6 d4 exd4 Nxd4 Nxd4
1322,1500,white,240+0,e4 e5 Qh5 Nc6 Nc3 Nf6 Qg5 Nd4 Qxe5+ Ne6
1535,1465,black,60+1,d4 d5 c4 dxc4 Nc3 a6 e4 b5 a4 Bb7
1304,1176,white,300+0,e4 e5 Qh5 Qe7 Bc4 g6 Qf3 Nf6 d3 Nc6
1797,1932,black,180+0,e4 c6 Nf3 d5 e5 Bf5 d4 e6 Bd3 g6
1834,2043,black,60+0,f4 g6 Nf3 Bg7 g3 b5 Bg2 c5 O-O Bb7
1365,1406,black,300+10,e4 e6 d4 d6 Nf3 Bd7 Nc3 h6 Bd3 a6
1581,1690,black,300+8,e4 c5 c4 Nc6 Nc3 d6 a3 e5 Nf3 Bg4
1686,1418,white,600+0,e4 e5 d4 f6 Nf3 d6 Bd3 Ne7 Nc3 a6
1674,1679,white,300+0,e4 e5 Bc4 Nf6 Nc3 Be7 d3 O-O Nf3 d6
1388,1636,black,60+8,c4 e5 Nc3 Nf6 e4 Nc6 Nf3 d6 b3 Be7
1467,1556,white,180+0,e4 b6 Nf3 Bb7 Nc3 g6 d4 Bg7 e5 d6
1407,1326,black,600+5,e4 Nf6 Nc3 Nc6 Bd3 e5 Nf3 Bc5 Bc4 Ng4
1653,1582,black,780+13,e4 c5 d4 cxd4 c3 d3 Bxd3 d6 Nf3 Nf6
1503,1378,white,480+8,e4 e5 Nf3 Nc6 c3 d6 Bc4 Bg4 d4 Bxf3
1423,1108,white,300+5,d4 d5 Nc3 e6 Bf4 b6 g3 Bb4 Qd3 Bb7
1479,1522,white,60+1,d4 d5 e3 c5 dxc5 Nc6 a3 a5 b3 e5
1376,1865,white,180+0,e4 d5 e5 c5 c3 Bf5 d4 e6 Bb5+ Nc6
1476,1593,black,420+1,e4 e6 Nf3 d5 e5 c6 d4 Nd7 Bg5 Be7
1467,1429,white,300+8,d4 d5 c4 dxc4 e3 b5 a4 Nf6 axb5 e6
1664,1760,white,180+1,d4 d5 e3 c5 dxc5 e5 Nc3 Nf6 Nf3 e4
2205,2276,black,60+1,e4 c5 Nf3 d6 d3 Nf6 Nc3 g6 g3 Bg7
1393,1735,black,720+0,d4 c5 c3 e6 Bf4 Nc6 e3 a6 Bd3 Be7
1626,1764,black,360+0,e4 e5 Nf3 Nc6 Bc4 Be7 d3 Nf6 Nc3 O-O
1453,1237,white,240+3,d4 d5 c4 e5 e3 Bb4+ Bd2 Bxd2+ Qxd2 c6
1746,1509,black,120+2,d4 d5 c4 e6 Nc3 Bb4 cxd5 exd5 a3 Ba5
1274,1486,black,120+0,e4 d5 Nf3 dxe4 Nd4 e5 c3 exd4 cxd4 Qxd4
1565,1417,black,180+0,e4 e5 f4 d6 Nf3 Nc6 d3 Bg4 g3 Nf6
1437,1476,black,900+0,e4 e5 d4 d5 dxe5 d4 Nf3 Nc6 Bb5 f6
1676,1864,black,600+10,d4 Nf6 g3 c5 Nf3 Nc6 dxc5 e6 Be3 Qa5+
1836,1736,white,300+8,e4 d5 exd5 Nf6 Nc3 c6 dxc6 Nxc6 Bb5 e5
1509,1492,black,60+1,d4 d5 c4 c6 Nc3 e6 Nf3 a6 e4 b6
2286,2195,white,60+1,d4 Nf6 c4 e6 Nc3 Bb4 Qc2 c5 dxc5 Na6
1237,1172,white,0+15,e4 e6 Nf3 a6 e5 h6 Bd3 Be7 O-O d6
1333,1236,black,240+0,e4 e5 Qh5 Nc6 Nf3 g6 Qg5 Qxg5 Nxg5 Bh6
1578,1462,draw,300+2,e4 e5 Bc4 Nc6 Nf3 Bc5 a3 Nf6 d3 Ng4
1198,1404,black,300+0,d4 d5 e3 e6 Bb5+ Bd7 Bxd7+ Nxd7 Nf3 c5
1608,1584,white,300+0,e4 e5 h3 c5 Nf3 d6 Be2 Nc6 d3 g6
1435,1575,white,300+0,b3 e5 Bb2 Nc6 e3 d5 Qf3 e4 Qg3 Nf6
1213,1500,white,120+2,e4 e5 f4 exf4 Nf3 d6 Bc4 h6 O-O Be7
1657,1921,black,180+0,d4 c5 c3 cxd4 cxd4 g6 Nf3 Bg7 e3 d6
1517,1661,black,300+8,d4 g6 c3 Bg7 g3 d6 f4 e6 e4 Ne7
2186,2295,white,60+1,e3 c5 b3 d5 Bb2 Nc6 f4 Nf6 Nf3 g6
1694,1634,black,480+2,e4 d5 exd5 Nf6 Nc3 a6 Bc4 b5 Bb3 b4
1649,1494,white,120+0,d4 d5 c4 e6 Nc3 c6 Nf3 Nf6 Bg5 h6
1336,1434,white,180+0,e4 e5 Nf3 Nc6 Bb5 d6 Bxc6+ bxc6 O-O Nf6
1316,1500,draw,900+0,d4 d5 c4 Bf5 Nc3 dxc4 e3 e6 g3 Nf6
1438,1448,black,300+0,e4 e6 d4 Qh4 Nc3 Bb4 Qf3 Bxc3+ bxc3 Qe7
1491,1442,black,180+5,d4 Nf6 c4 Nc6 Nc3 e5 d5 Nd4 e3 Nf5
1856,1653,white,300+15,e4 e5 Nf3 Nc6 Bc4 Nf6 d4 exd4 O-O Bc5
1644,1860,black,300+3,e4 c5 Nf3 d6 Bc4 Nc6 d3 e6 O-O a6
1594,1584,white,300+3,e4 e5 Nf3 Nc6 Nc3 Nf6 d4 exd4 Nxd4 Bc5
1400,1395,white,180+0,e4 d5 e5 Nc6 d4 f6 f4 b6 Bb5 Bb7
1467,1020,white,420+1,e4 e5 Nf3 d5 Nc3 d4 Na4 Nd7 d3 Ngf6
2279,2202,white,60+1,d4 Nf6 c4 e6 Nc3 Bb4 Qc2 O-O a3 Bxc3+
1737,1699,black,180+0,e4 c5 Nf3 d6 d4 cxd4 Nxd4 Nc6 Nc3 Nf6
1687,1491,white,300+0,e4 e5 Bc4 Nc6 c3 f6 d3 Nge7 Qf3 a6
1871,1774,white,60+0,d4 d5 c4 e6 Nc3 Be7 Nf3 Nf6 Bf4 a6
1729,1200,white,120+2,e4 e5 f3 Nf6 d4 exd4 Qxd4 Nc6 Qf2 b6
1383,1448,black,60+8,c4 d6 Nc3 g6 e4 Nf6 Nf3 Bg7 d3 Nbd7
937,1471,black,420+0,d4 Nf6 d5 c6 c4 cxd5 cxd5 Qa5+ Qd2 Qxd5
2069,1484,white,120+0,e4 d5 exd5 Qxd5 Nc3 Qe6+ Be2 Nc6 Nf3 Qg6
1483,1408,black,180+0,e4 e5 Nf3 Nc6 Nc3 Nf6 Nxe5 Nxe5 d4 Nc6
1739,1381,white,720+0,d4 d5 a3 Bf5 Bg5 Nc6 e3 Nf6 Nd2 e6
1527,1730,black,120+2,e4 e5 Nf3 Nc6 Bb5 Nd4 Nxd4 exd4 c3 c6
1142,1416,black,180+0,e4 e5 Nf3 Nc6 c3 Nf6 d4 Nxe4 d5 Nb8
1618,1533,black,360+0,e4 e6 d4 d5 e5 c5 c3 Qb6 Nf3 Nc6
1487,1428,white,900+0,e4 e5 Nf3 Nc6 Bc4 Nf6 Ng5 d5 exd5 Nxd5
1787,1771,white,360+0,d4 Nf6 Nf3 e6 c3 d5 e3 c6 Bd3 Bd6
1768,1498,black,300+8,e4 c5 Bc4 e6 Nf3 Nc6 O-O Qb6 a3 Nf6
1593,1548,white,360+0,e4 e5 Bc4 Nf6 d3 h6 h3 Bc5 Nf3 Nc6
2192,2289,white,60+1,e4 c5 Nf3 d6 Nc3 Nf6 d4 cxd4 Nxd4 g6
1865,1517,white,300+3,d4 e6 c4 c5 d5 exd5 cxd5 d6 Nc3 Nf6
1766,1879,black,60+0,d3 c5 c4 e6 Nc3 Nf6 Bf4 Be7 h3 O-O
1673,1657,draw,300+15,d4 Nf6 c4 c6 Nc3 e6 Bg5 Be7 Bxf6 Bxf6
1561,1456,white,300+0,d3 g6 e3 Bg7 a3 Nc6 h3 d5 g3 Nf6
1549,1458,black,300+0,e4 g6 f4 Bg7 Nf3 b6 Bc4 Bb7 O-O e6
1570,1793,black,60+0,d4 Nf6 c4 c5 Nf3 d6 d5 g6 Nc3 Bg7
1613,1435,white,600+8,d4 d5 c4 Nf6 Nc3 dxc4 e4 Nc6 Be3 e5
1456,1104,black,300+5,d4 d5 b3 e6 Bb2 Nf6 e3 Ne4 Nh3 b6
1698,1573,white,300+8,e4 e5 Nf3 Nc6 Bb5 d6 O-O Bd7 Nc3 Nf6
1886,1758,white,60+0,d4 d5 c4 c6 Nc3 Bf5 Nf3 e6 Bg5 Qc7
1318,1148,white,240+0,e4 b6 d4 Bb7 Nc3 e6 Nf3 d5 e5 Bb4
1259,1425,black,720+8,e4 e5 b3 Qh4 Bb2 Qxe4+ Ne2 d6 d3 Qc6
1798,1565,white,60+0,e4 c5 Nf3 d6 d4 cxd4 Nxd4 a6 Nc3 Nf6
1468,1500,black,180+0,e4 e6 Nf3 d5 e5 c5 d3 Nc6 Bg5 Qc7
1862,1367,white,300+15,e4 Nc6 d4 e6 Nf3 Bd6 Bb5 Nge7 c3 Na5
1359,1483,black,120+0,e4 d5 exd5 Qxd5 Nc3 Qe6+ Be2 Nc6 Nf3 Qg6
1964,1777,white,300+0,d4 e6 c4 Nf6 Nc3 d5 Bg5 Bb4 e3 Nbd7
2273,2207,draw,60+1,d4 Nf6 c4 e6 Nc3 Bb4 Qc2 O-O a3 Be7
1251,1561,black,60+1,e4 c5 c3 d5 exd5 Qxd5 Nf3 Nc6 d3 Bg4
1525,1530,white,60+1,d4 d5 c4 dxc4 e3 Nc6 Nf3 Bg4 Bxc4 Bxf3
1751,1893,white,60+0,d4 c5 c3 e6 e4 Nf6 e5 Ng8 d5 f6
1179,1382,white,120+2,e4 e5 Nf3 Nc6 Bb5 a6 Bxc6 dxc6 O-O Nf6
1803,1656,white,60+0,e4 c5 Nf3 Nc6 d4 cxd4 Nxd4 d6 Nb3 g6
1374,1568,black,60+8,c4 c5 Nc3 e6 e4 d6 Nf3 Nf6 b3 Nc6
1422,1460,draw,180+0,e4 c5 Nf3 Nc6 Nc3 e6 Bb5 a6 Bxc6 bxc6
1493,1343,white,120+0,e4 e6 d3 h6 Nc3 Nf6 g3 d5 f3 d4
1466,1500,white,300+2,Nc3 a5 b3 Ra6 e4 Re6 d4 Nc6 d5 Re5
1602,1556,white,480+0,d4 c5 d5 Nf6 c4 e6 Nc3 Bd6 Bg5 O-O
1244,1315,black,600+5,e4 c6 Bc4 d6 Nc3 e6 d3 Ne7 Nf3 d5
1692,1607,black,300+0,e4 d5 e5 c5 Nf3 Nc6 Bb5 e6 d4 Qb6
1356,1564,black,60+1,e4 c5 Nf3 Nc6 a3 Nf6 b4 Nxe4 d3 Nf6
1606,1547,white,300+3,e4 g6 Nf3 Nf6 e5 Nd5 c4 Nf4 d4 Bg7
1649,1809,black,60+0,d4 Nf6 c4 c5 d5 d6 Nc3 g6 e3 Bg7
2210,2271,black,60+1,e4 c5 Nf3 d6 d4 cxd4 Nxd4 Nf6 Nc3 g6
1237,1500,black,600+8,e4 e5 b3 Nf6 Bb2 Nc6 d4 exd4 Bxd4 Nxd4
1629,1742,white,480+2,e4 d5 exd5 Qxd5 Nc3 Qd8 d4 e6 Nf3 c6
1878,1766,white,60+0,d4 g6 c4 d5 Nc3 dxc4 Nf3 Bg7 Bg5 h6
1509,1660,black,300+0,d4 Nf6 Nf3 g6 g3 Bg7 Bg2 O-O O-O c5
1654,2075,black,180+0,e4 b6 Nf3 Bb7 d3 e6 Be2 Nf6 Be3 d5
1617,1243,white,60+1,d4 d5 c4 dxc4 e3 b5 a4 a6 axb5 Bd7
1419,1496,white,900+0,e4 e5 Bc4 Nc6 Qf3 Nh6 d3 Qf6 Bxh6 gxh6
1353,1500,draw,540+9,e4 e6 Nc3 c5 Nf3 f6 d4 Nc6 Be3 cxd4
1637,1380,white,240+4,e4 e6 Nf3 Nc6 Bc4 Na5 Bb5 a6 Ba4 b5
1325,1481,black,240+0,e4 e5 Qh5 Nc6 Nf3 d6 d4 Nf6 Qg5 h6
1759,1886,black,60+0,d4 c5 c3 e6 Nf3 Nf6 Bg5 d5 Bxf6 Qxf6
1602,1460,black,360+0,e4 c6 d4 d5 e5 Bf5 Bd3 Bg6 f4 e6
1448,1384,white,300+2,e4 e5 Nf3 Nc6 Bb5 Bc5 Bxc6 dxc6 Nxe5 Qd4
1336,1416,black,300+10,e4 e6 d4 d6 Bf4 a6 e5 d5 Nc3 Bd7
1664,1503,black,120+0,d4 e6 c4 c6 Nc3 d5 Nf3 Nf6 Bg5 Be7
1536,1539,black,300+0,e4 e5 f4 exf4 Nf3 Nc6 Bc4 h6 O-O Bc5+
1482,1432,black,900+0,e4 e5 Nf3 Nf6 Nxe5 Nxe4 Qe2 d5 f3 Nf6
1649,1569,white,180+1,e4 b6 d4 Bb7 Bd3 e6 Be3 Ne7 Ne2 Ng6
1569,1528,black,300+0,d3 a5 e3 e6 a3 Na6 b3 b6 Bb2 f6
2281,2200,white,60+1,d4 Nf6 c4 e6 Nc3 b6 Qc2 Bb7 e4 Bb4
1236,1294,black,60+1,e4 e5 c3 Nc6 Nf3 d5 d4 dxe4 Nxe5 f6
1635,1569,white,60+1,d4 d5 c4 Nf6 e3 c6 Nc3 Bf5 cxd5 cxd5
1970,1797,white,360+0,d4 d5 c4 c6 Nc3 e6 e4 dxe4 Nxe4 f5
1575,1546,black,300+2,e4 e6 e5 d5 exd6 Bxd6 d4 b6 Bc4 Bb7
1611,1378,black,900+0,e4 e5 Qf3 d5 exd5 Qe7 d3 g6 Be2 Bf5
1220,1619,black,600+8,d4 d5 Nc3 Nc6 e4 dxe4 Nxe4 Qd5 Qd3 Bf5
1751,1759,white,60+0,e4 e5 Bc4 Nc6 Nf3 Bc5 c3 Nge7 d4 exd4
1670,1311,black,180+1,e4 c6 d4 d5 exd5 cxd5 Bd3 Nc6 c3 Nf6
1868,1538,white,300+3,d4 f5 c4 Nf6 Nf3 e6 Nc3 Be7 e3 O-O
1423,1307,white,180+0,e4 e5 d4 Qf6 dxe5 Qxe5 Nc3 Nc6 Nf3 Qc5
1217,1561,black,60+1,e4 c5 c3 d5 e5 Bf5 d4 cxd4 cxd4 e6
1500,1816,white,60+0,e4 c5 Nf3 d6 d4 Nf6 Nc3 Qa5 Bd2 cxd4
1522,1370,black,120+2,e4 e6 Nf3 d6 d4 Nc6 c3 Nf6 Bd3 Be7
1374,1691,black,60+1,e4 e5 Nf3 Nc6 Bb5 a6 Bxc6 dxc6 O-O Bd6
1524,1649,white,120+0,e4 c5 d3 d6 g3 Nf6 f4 Nbd7 h3 e6
1748,1763,black,60+0,e4 c6 d4 d5 Nc3 dxe4 Nxe4 Bf5 Ng3 Bg6
1574,1435,black,300+2,b4 e5 Bb2 Nc6 a3 d5 g3 Nf6 Bg2 Bf5
1616,1485,white,300+3,e4 c6 Nf3 e6 Nc3 h6 d4 a6 Be2 b5
1624,1841,black,180+1,e4 c5 Nf3 Nc6 c3 d6 Bb5 Bd7 O-O a6
1503,1819,white,300+0,d4 d5 Nf3 Nf6 g3 e6 Bg2 Be7 O-O c6
1634,1544,black,120+0,d4 d5 c4 e6 Nc3 c6 Nf3 Nf6 Bg5 Be7
2191,2290,black,60+1,e4 c5 Nf3 d6 d4 cxd4 Nxd4 Nf6 Nc3 g6
1678,1398,white,300+0,e4 e5 Bc4 h6 Qf3 Nf6 Qb3 Qe7 d3 Qb4+
1864,1728,white,300+15,e4 d5 exd5 Nf6 d4 c6 dxc6 Nxc6 c3 e5
1526,1457,black,240+4,d4 d5 c4 e6 Nf3 Nf6 e3 Bb4+ Bd2 Bxd2+
1394,1469,white,300+8,e4 e5 Nf3 Nc6 d4 exd4 Nxd4 Nxd4 Qxd4 d5
1791,1976,black,360+0,d4 d5 Nf3 Nf6 c3 Bf5 Nbd2 Nbd7 e3 c6
1500,1447,white,120+0,e4 e6 Nf3 d5 e5 Ne7 d3 Ng6 g3 Nd7
1458,1432,white,180+0,d4 d5 c4 dxc4 Bf4 Nf6 Nc3 Nc6 d5 Nb8
1527,1549,white,300+5,e4 e5 f4 exf4 Nf3 Nc6 Bc4 h6 O-O Bc5+
1773,1738,black,60+0,Nf3 d5 d4 e6 Bg5 Nf6 Bxf6 Qxf6 Nbd2 Bd6
1237,1270,white,300+0,e4 e5 f4 Qf6 Nf3 Qxf4 d3 Qf6 Nc3 c6
1454,1410,black,300+0,e4 c5 Nf3 d6 d4 cxd4 Nxd4 e5 Nf3 Bg4
1375,1643,white,240+4,d4 Nf6 c4 b6 Nc3 Bb7 Nf3 e6 Qd3 Bb4
1457,1376,white,300+2,e4 d5 exd5 Qxd5 Nc3 Qe6+ Be2 c6 Nf3 f6
1623,1415,white,300+3,e4 e5 Nf3 d6 Nc3 Nf6 d4 exd4 Nxd4 Nc6
1642,1645,white,180+0,e4 e5 Nf3 Nc6 Bc4 Bc5 c3 Nf6 Qb3 O-O
1387,1455,white,1440+0,e4 e5 Nf3 Nc6 Bc4 Bc5 d3 Nf6 Ng5 O-O
1520,1481,white,300+0,d4 d5 Nf3 e6 g3 c5 Bg2 c4 c3 a6
1844,1814,white,300+8,e4 e5 f3 Nf6 Bc4 Bc5 Ne2 O-O Nbc3 Nc6
1536,1563,white,120+0,a3 d5 e3 e6 d4 Nf6 c4 b6 cxd5 Nxd5
1750,1761,white,60+0,e4 e5 Nf3 Nf6 Nc3 Bc5 Bc4 O-O O-O c6
2299,2182,white,60+1,d4 Nf6 c4 e6 Nc3 Bb4 Qc2 O-O a3 Bxc3+
1439,1586,black,300+0,e4 g6 Nf3 Bg7 d4 e6 Bc4 Ne7 O-O O-O
1587,1541,black,360+0,e4 e5 Bc4 d6 d3 a6 a3 b5 Bb3 Nf6
1437,1650,black,120+0,e4 e6 f3 d5 exd5 exd5 d4 Bd6 Nc3 c6
1605,1425,white,300+10,d4 e6 c4 a6 Bf4 d6 e4 h6 Bd3 Be7
1750,1761,black,60+0,Nf3 e6 d4 d5 c4 Nf6 Nc3 Be7 e3 O-O
1582,1223,white,600+8,e4 e5 Nf3 Nf6 Nc3 d5 exd5 Nxd5 Nxd5 Qxd5
1640,1824,black,480+0,d4 Nf6 Nf3 e6 Bg5 Be7 Bxf6 Bxf6 e4 O-O
1871,1616,white,300+3,d4 d5 c4 e6 Nf3 Nf6 Nc3 Bb4 Bg5 h6
1427,1357,white,540+9,e4 e5 Qh5 Nc6 Bc4 g6 Qf3 Nf6 c3 Bh6
2175,2307,black,60+1,e4 c5 Nf3 d6 d4 cxd4 Qxd4 Nf6 Nc3 a6
1500,1407,black,300+8,e4 e5 f4 exf4 Nf3 Nf6 d3 Qe7 Nc3 d5
1642,1547,white,120+0,d4 d5 c4 e6 Nc3 c6 Nf3 Nf6 Bg5 Be7
1771,1739,white,60+0,e4 c6 d4 d5 Nc3 dxe4 Nxe4 Nf6 Ng3 g6
1551,1693,white,660+3,b3 d5 Bb2 c5 g3 Nc6 Bg2 e5 Nc3 d4
1317,1343,white,240+0,e4 e5 Qh5 Bc5 Qxe5+ Be7 Qxg7 Bf6 Qg4 d5
1557,1500,white,300+0,d3 d5 e3 Nf6 a3 e6 h3 Bd6 b3 Be5
1653,1343,black,60+5,d4 d5 e3 Nf6 c4 e6 a3 c5 Nf3 Nc6
1651,1537,white,120+0,d4 d5 c4 e6 Nc3 c6 Nf3 Nf6 Bg5 Qa5
1586,1424,white,300+0,e4 c5 Qf3 d6 Bc4 Nf6 Ne2 Bg4 Qe3 e6
1705,1913,black,180+10,e4 e5 Nc3 d6 Bc4 Nc6 h3 Nf6 Nf3 Be6
1296,1257,white,300+0,d4 d5 Nc3 e6 Nf3 Qf6 Bg5 Qg6 Qd2 h6
1558,1612,white,420+0,a3 e6 e3 Qf6 Nf3 Nc6 c4 a6 Nc3 Nge7
1682,1277,white,300+0,e4 e6 Nf3 d5 e5 Ne7 d4 Ng6 Bd3 c5
1564,1421,white,300+2,e4 e5 Bc4 Nf6 d3 Bc5 h3 d5 exd5 Nxd5
1982,1785,white,360+0,d4 d5 c4 c6 Nc3 e6 e4 dxe4 Nxe4 f5
2315,2167,black,60+1,d4 Nf6 c4 e6 Nc3 Bb4 Qc2 O-O a3 Bxc3+
1729,1781,black,60+0,e4 e5 Nf3 Nc6 Bc4 Bc5 O-O Nge7 c3 O-O
2070,1680,white,60+0,e4 c5 Nf3 g6 c3 Bg7 d4 cxd4 cxd4 d6
1692,1648,white,600+5,e4 c6 Nf3 d5 e5 Bg4 d4 e6 h3 b6
1500,1493,black,180+0,e4 d6 f4 e5 f5 Nf6 Nf3 Nxe4 d3 Nf6
1469,1277,white,420+1,e4 e5 Nf3 Nc6 Bc4 Bc5 d3 Nf6 Nc3 Ne7
1558,1461,white,1800+0,e4 c5 Nf3 d6 c3 Nf6 d4 cxd4 cxd4 Nxe4
1431,1569,black,300+0,e4 e5 Nf3 Nc6 Bc4 Bc5 O-O Nf6 d3 O-O
1553,1575,white,360+0,e4 e5 d3 Bc5 Nc3 a6 a3 Nf6 h3 h6
1619,1634,black,480+0,d4 Nf6 Bg5 e6 Nf3 h6 Bh4 g5 Nxg5 hxg5
1608,1423,white,300+0,e4 e5 Qh5 Nc6 Bc4 Qf6 c3 g6 Qf3 Qxf3
1790,1720,white,60+0,e4 e5 Nf3 Nc6 Bb5 Nd4 Nxd4 exd4 O-O c6
1467,1350,white,60+1,e4 e5 Bc4 Nc6 Nf3 Bc5 Ng5 Nh6 d3 O-O
1619,1394,black,240+4,e4 e6 Bc4 c5 d4 a6 a4 cxd4 Qxd4 Nc6
1322,1612,black,300+0,e4 e5 Qh5 Qe7 Bc4 Nf6 Qf3 Nc6 c3 d6
1539,1530,white,300+0,e4 e5 f4 exf4 Nf3 Nf6 Nc3 Bb4 d3 Bxc3+
1629,1405,white,300+3,e4 e6 Nf3 d6 Nc3 a6 d4 c6 d5 cxd5
1280,1563,black,60+1,e4 c5 Bc4 d6 Nf3 Nc6 c3 e6 O-O d5
1471,1363,white,180+5,d4 d5 c4 e6 a3 c6 Nc3 a6 c5 b6
1043,1500,white,600+4,d4 d5 Nc3 Nd7 e4 Ndf6 e5 Ne4 Nf3 Qd7
1711,1798,white,60+0,Nf3 d5 d4 e6 e3 Nf6 c4 Be7 Nbd2 O-O
1351,1564,black,300+0,e4 d6 Qf3 e6 Bb5+ Bd7 Bxd7+ Nxd7 Nh3 Qe7
1055,1527,black,120+0,e4 d5 exd5 Qxd5 Nc3 Qe6+ Qe2 Nc6 Qxe6 Bxe6
1346,1447,white,180+10,e4 e5 Qh5 Nc6 Bc4 Qe7 d3 g6 Qf3 Na5
1475,1567,black,60+1,e4 c5 Bc4 e6 Nf3 Nc6 c3 d5 exd5 exd5
1598,1603,black,900+0,e4 e5 Qf3 Nf6 d3 d6 h3 Be7 Be2 Nc6
1678,1659,black,60+0,e4 c5 Nf3 Nc6 Nc3 d6 d4 g6 Bg5 cxd4
2183,2298,black,60+1,e4 c5 Nf3 d6 d4 cxd4 Qxd4 Nf6 Bb5+ Bd7
1276,1342,black,60+1,e4 e5 Nf3 Nf6 d4 exd4 Qxd4 Nc6 Qd3 d6
1460,1500,white,180+0,e4 d6 Nf3 Nf6 d4 Nxe4 Bd3 Nf6 O-O h5
1330,1571,black,240+0,e4 e6 Nf3 d5 e5 c5 d4 Nc6 c3 Qb6
1387,1386,white,420+8,e4 e5 Nf3 Nc6 c3 Nf6 Qa4 d5 Nxe5 dxe4
1785,1725,white,60+0,e4 c5 Nf3 e6 d4 cxd4 Nxd4 Nc6 Be3 Nxd4
1721,1872,draw,300+15,e4 d5 exd5 Qxd5 d4 Nc6 Be3 e5 Nc3 Bb4
1553,1629,black,300+8,d4 d5 c4 dxc4 e3 e6 Bxc4 Bb4+ Bd2 Bxd2+
1500,1576,black,60+1,e4 c5 f4 e6 Nf3 Nc6 d4 cxd4 Nxd4 Nxd4
1636,1553,black,60+5,d4 c5 d5 Nf6 c4 d6 Nf3 e6 e3 e5
1671,1666,black,60+0,d4 c5 e3 cxd4 exd4 g6 c3 Bg7 Nd2 d6
1586,1573,black,480+0,d4 d5 c4 e6 Nc3 a6 Nf3 Bb4 Qa4+ Nc6
1485,1363,white,420+4,d4 d5 c4 e6 e3 dxc4 Bxc4 Qf6 Qf3 Qxf3
1519,1550,white,300+0,d4 Nf6 Nf3 d5 g3 Bg4 Bg2 Bxf3 Bxf3 Nc6
1467,1265,white,60+1,e4 c5 Bc4 Nc6 Nf3 e6 c3 a6 a4 b5
1321,1417,white,180+0,e4 c5 Nf3 d6 Bc4 Bg4 d4 cxd4 h3 Bh5
1628,1331,white,120+2,c4 d6 b3 c6 Bb2 Bf5 g3 e5 Nf3 Bxb1
1433,1257,white,300+8,e4 d5 e5 d4 Nf3 c5 h3 b6 c3 Bb7
1529,1893,black,60+0,e4 c5 d3 e6 Nc3 d5 g3 Nf6 f3 Nc6
1673,1495,white,300+15,d4 d5 c4 dxc4 Nc3 Bf5 e4 Bg6 Bxc4 c6
1875,1234,black,300+3,d4 e6 c4 Nf6 Nf3 b6 Nc3 Bb7 Bg5 Be7
1540,1593,black,600+8,e4 c5 Nf3 e6 d4 cxd4 Nxd4 Nf6 Nc3 d6
2306,2175,white,60+1,d4 Nf6 c4 e6 Nc3 Bb4 Qc2 O-O a3 Bxc3+
1711,1431,black,120+0,Nf3 d5 g3 e6 Bg2 Nf6 O-O Nbd7 c4 c5
1130,1234,white,300+5,e4 e5 Nc3 Nf6 Nf3 Nc6 Bb5 a6 Bxc6 bxc6
1403,1344,black,1440+0,e4 e5 Nf3 Nc6 Bc4 Bc5 d3 d6 Ng5 Nh6
1583,1352,white,60+1,d4 d5 c4 e5 dxe5 d4 Nf3 Nc6 Bf4 f6
1626,1290,white,300+0,e4 e5 Qh5 Nc6 Bc4 g6 Qf3 Qf6 c3 Qxf3
1371,1416,black,300+3,e4 e5 Nf3 Nc6 Bc4 Bc5 Nc3 Nf6 O-O O-O
1259,1358,black,60+1,e4 e5 Nf3 Nf6 d3 Nc6 c3 d5 Bg5 dxe4
1682,1576,white,180+2,e4 e6 Nc3 d5 exd5 exd5 d4 c5 dxc5 Bxc5
1475,1601,white,180+0,e4 e6 d4 d5 exd5 exd5 Nf3 Be6 Bd3 Nf6
1063,1152,black,600+4,Nf3 d5 g4 Nc6 g5 e5 Rg1 g6 Rg3 e4
1611,1419,white,300+8,d4 Nf6 c4 d5 c5 Bf5 Nc3 Nc6 e3 e6
1633,1875,white,180+0,e4 e6 f4 d5 exd5 exd5 Nc3 Bc5 d4 Bb6
1453,1526,black,60+0,e3 d5 d3 e6 c3 Nf6 b3 b6 f3 c5
1634,1470,black,300+3,e4 c5 Nf3 d6 Nc3 Nf6 d4 cxd4 Nxd4 Nc6
1600,1599,white,180+0,e4 e5 Nf3 Nc6 Bc4 Nf6 Nc3 d6 d3 Be6
1317,1853,black,300+0,e4 e6 Qf3 d5 exd5 Qxd5 Qxd5 exd5 Bb5+ c6
1645,1668,white,300+8,c4 g6 d4 Bg7 e4 d6 Nf3 e6 Be2 Ne7
1570,1690,white,180+2,e4 d5 exd5 Qxd5 Nc3 Qa5 Nf3 Nf6 d3 Bg4
1877,1923,white,300+8,d4 d6 Nf3 Nf6 Nbd2 Bf5 e3 h6 c4 c6
1472,1588,white,60+1,e4 c5 Bc4 e6 Nf3 Nc6 c3 d5 exd5 exd5
1426,1486,white,600+8,e4 e5 Nf3 Nc6 Nc3 Nf6 Bc4 Nxe4 Nxe4 d5
2168,2314,black,60+1,e4 c5 Nf3 d6 Nc3 Nf6 h3 g6 g4 Bg7
1846,1658,black,180+0,d4 e5 c4 d5 dxe5 d4 Nf3 c5 g3 Nc6
1439,1500,white,180+10,e4 e5 Nf3 Nc6 Bb5 Nf6 d3 a6 Bxc6 dxc6
1432,1218,white,600+2,e4 e5 Nf3 Nf6 Nc3 Nc6 d4 Bd6 Be3 O-O
1251,1347,white,60+1,e4 e5 Nf3 Nc6 Bb5 Bc5 c3 Nf6 d3 Ng4
1451,1532,black,120+0,e4 e6 f3 d5 exd5 exd5 d4 Bd6 Nc3 Bf5
1838,1794,black,600+5,e4 d5 exd5 Nf6 d4 Nxd5 h3 Nc6 Nf3 Bf5
1765,1531,white,300+0,e4 e5 Bc4 Nc6 a4 Be7 Nf3 d6 a5 Nf6
1398,1566,black,660+11,e4 e5 Nf3 Nc6 c3 Nf6 Qc2 d5 d3 dxe4
1391,1327,black,300+3,e4 d5 exd5 Qxd5 Nc3 Qe6+ Be2 Qg6 Bf3 Bf5
1490,1411,white,240+4,e4 e5 f4 exf4 Nf3 Nf6 Nc3 Bb4 Bc4 Bxc3
1500,1537,black,60+0,e3 d5 b3 e6 Bb2 b6 Be2 c5 Nf3 Nf6
1267,1572,black,60+1,e4 c5 Bc4 e6 c3 Nc6 Nf3 d5 exd5 exd5
1487,1332,white,60+1,e4 e5 Bc4 Nc6 Nf3 Bc5 d3 Nf6 Ng5 O-O
1271,1347,black,420+1,e4 e5 c4 d6 b4 Nf6 d3 c5 b5 Be7
1416,1493,white,420+4,e4 e5 Nf3 Nc6 Bc4 h6 d4 exd4 Nxd4 Nxd4
1636,1722,black,300+0,e4 e5 Qh5 Qe7 Bc4 Nf6 Qh4 d6 d3 Be6
1358,1662,white,660+8,e4 d5 exd5 Nf6 c4 Bg4 Be2 Bxe2 Nxe2 c5
1597,1440,white,120+0,Nf3 d5 c4 e6 d4 Nf6 Nc3 c5 cxd5 exd5
1357,1273,white,360+5,e4 e5 Nf3 f6 Bc4 c6 c3 Qb6 d4 exd4
1325,1576,white,60+1,e4 c5 Nf3 d6 Bc4 Nf6 d4 cxd4 Nxd4 a6
1263,1494,white,60+1,e4 e5 Nf3 Bc5 c3 Nf6 Bd3 Ng4 O-O c6
1546,1342,white,60+0,e4 e6 d3 g6 Nc3 Bg7 g3 b6 f4 Bb7
1598,1199,white,180+0,d4 d5 Nf3 e6 c4 dxc4 Nc3 c5 e4 cxd4
1678,1854,black,300+8,d4 a6 Bf4 b5 e4 Bb7 f3 Nf6 Bd3 e6
1479,1596,white,420+4,d4 d5 c4 c5 cxd5 cxd4 Qxd4 Nc6 Qa4 e5
1613,1513,white,300+0,e4 e5 Qh5 Nc6 Bc4 Qe7 c3 Nf6 Qh4 Na5
1500,1716,black,60+0,d4 d5 Bf4 e6 Nf3 Nd7
1663,1565,white,180+0,e4 e6 d4 a5 f4 Na6 Nf3 Bb4+ c3 Bd6
1659,1552,black,60+0,d4 d5 c4 e6 Nc3 c6 Nf3 Nf6 Bg5 Be7
1574,1458,white,540+0,c4 e6 e4 b6 Qf3 Bb7 c5 Bxc5 Bc4 Nc6
1551,1439,black,480+0,d4 d5 c4 c6 Nc3 e6 Nf3 Nf6 Bg5 Be7
1427,1377,black,300+0,e4 c5 Nf3 Nc6 d4 d5 exd5 Qxd5 c4 Qe6+
1697,1565,black,180+10,e4 c5 Bc4 Nc6 Nf3 g6 Ng5 e6 c3 Qxg5
2321,2161,white,60+1,d4 Nf6 c4 e6 Nc3 Bb4 Qc2 O-O a3 Bxc3+
1211,1720,black,60+0,e4 c6 d4 d5 e5 Bf5 Bd3 Bxd3 Qxd3 e6
1212,1455,white,180+10,e4 e5 Nf3 Nc6 Bb5 Bc5 d3 Nf6 Bg5 h6
1774,1432,white,120+0,e4 e6 Nf3 d5 e5 Ne7 d4 Ng6 Bd3 c5
1461,1491,black,420+4,d4 d5 g3 e6 Bg2 Bd6 Nh3 Nf6 Nc3 O-O
1585,1857,white,300+3,e4 c5 c3 Nf6 e5 Nd5 d4 e6 c4 Nb6
1438,1347,black,600+2,e4 e5 Nf3 Nc6 Nc3 Bc5 a3 Nf6 b4 Bd4
1356,1257,black,420+1,e4 e5 Nf3 d6 h3 Nf6 d3 Be7 Bg5 O-O
1712,1324,white,180+0,e4 e5 Nf3 Nf6 Bc4 d6 O-O Be6 Bxe6 fxe6
1623,1600,black,60+5,d4 d5 e3 Nc6 c4 dxc4 Bxc4 Nf6 Nf3 Bf5
1656,1570,white,60+0,e4 d5 exd5 Qxd5 Nc3 Qe6+ Be2 Nc6 Nf3 Qg6
1788,1852,black,300+0,e4 e5 Bc4 Nf6 d3 Bc5 Nf3 O-O O-O h6
1325,1361,black,240+0,e4 e5 Qh5 d6 Nf3 Nf6 Qh4 Be7 Qg3 Nc6
1679,1736,black,300+15,d4 Nf6 c4 e6 Nc3 Bb4 a3 Bxc3+ bxc3 c5
1722,1895,black,60+0,Nf3 c5 c3 e6 d4 d5 e3 Nf6 Nbd2 Be7
1361,1103,black,300+3,e4 e5 Nf3 Nc6 Bc4 Nd4 Nxe5 Qg5 Nxf7 Qxg2
1315,1748,black,240+0,e4 c5 d4 cxd4 Qxd4 Nc6 Qc3 e6 Nd2 Qf6
1440,1500,black,240+0,e4 e6 Nf3 g6 Nc3 Bg7 d4 b6 Be3 Bb7
1392,1620,black,660+11,e4 c5 c3 e6 Nf3 a6 a4 Nc6 e5 Nge7
1202,943,white,600+4,e4 b5 Bxb5 Bb7 Nc3 e5 d4 Qf6 d5 Bc5
1727,1738,black,180+0,e4 d6 Nf3 Nf6 Nc3 g6 d4 Bg7 Bd3 Bg4
1901,1715,white,60+0,d4 d5 c4 e6 Nc3 dxc4 Nf3 a6 Bg5 b5
1377,1560,black,60+0,b3 d5 Bb2 e6 g3 Nf6 Bg2 b6 Nf3 Bb7
1500,1453,black,1800+0,e4 c5 d3 d6 Bd2 Nc6 Nf3 Nf6 Nc3 g6
1371,1634,black,300+0,e4 e5 Nf3 d6 d4 Bg4 d5 Qf6 Bb5+ Nd7
1403,1545,black,240+4,e4 e5 Nf3 Nf6 Nxe5 Qe7 f4 d6 Nd3 Qxe4+
1428,1111,white,120+0,e3 e5 b3 Bc5 Bb2 Nf6 d4 Bb4+ Bc3 Nc6
1668,1675,draw,180+2,d4 d5 c4 c6 Nc3 Nf6 Bg5 Bf5 f3 h6
1570,1691,white,300+2,e4 e5 Nf3 Nc6 Bc4 d6 a3 Bg4 d3 h6
1742,1526,white,600+8,e4 e6 Nf3 d5 exd5 exd5 d4 Nf6 Bd3 Nc6
1754,1855,white,180+0,d4 e6 c4 Nf6 Nf3 b6 g3 Ba6 Qc2 Bb4+
1756,1734,black,300+0,e4 e6 b3 d5 exd5 exd5 Bb2 Nf6 Qf3 Be7
1238,1240,black,600+0,d4 d5 c3 e6 Nf3 Nf6 Ne5 Bd6 f4 Ng4
1710,1906,white,60+0,d4 c5 e3 e6 c3 Nf6 Nf3 Be7 Be2 O-O
1413,1416,white,300+2,e4 e5 Nf3 Qf6 Bc4 Bc5 O-O g5 h3 Qg7
1720,1657,black,300+8,d4 d5 Nc3 Nc6 Bf4 a6 f3 Nf6 a3 e6
1567,1370,white,60+0,e4 g6 d3 Bg7 g3 b6 f4 Bb7 Qe2 Nc6
1428,1411,black,300+0,e4 e5 Nf3 Nc6 Nc3 Nf6 Bb5 a6 Bxc6 dxc6
1644,1533,black,60+2,d4 b5 c4 bxc4 Nc3 d5 e4 c6 Qa4 Bd7
1667,1676,black,180+10,e4 e5 f4 exf4 Nf3 c6 Bc4 d5 exd5 cxd5
1679,1835,white,180+0,e4 e6 Nf3 d5 exd5 exd5 Be2 c5 O-O Nc6
1262,1656,white,300+8,e4 g6 d4 Bg7 e5 d6 Qe2 Nc6 Bf4 Nxd4
1581,1587,white,300+4,e4 d5 exd5 Qxd5 Nc3 Qd7 Nf3 Nc6 Bb5 b6
1362,1282,black,60+1,d4 d5 Nf3 Nf6 c4 e6 Nc3 Be7 c5 Nc6
1638,1399,black,660+8,c4 c5 e3 d6 Nf3 Nc6 d4 e5 d5 Nb4
1890,1727,draw,60+0,d4 d5 c4 e6 Nc3 Bb4 Nf3 Nf6 Qc2 c5
1676,1585,white,300+2,d4 d5 Nc3 Nf6 g3 e6 Bg2 Bb4 Nf3 h6
1364,1573,black,60+0,g3 d5 Bg2 e6 Nf3 b6 O-O c5 d3 Bb7
1422,1079,white,600+2,e4 e5 Nf3 d6 h3 Nc6 Nc3 Nf6 d4 exd4
1471,1602,white,600+10,e4 c5 c4 e5 h3 Bd6 d3 Nf6 Bg5 O-O
1500,1388,white,420+4,d4 g6 e3 Nf6 Be2 Nd5 Nf3 e6 O-O b6
1645,1366,white,300+0,e4 e5 Qh5 Qf6 Bc4 Bc5 Nf3 d5 Bxd5 c6
1749,1233,white,180+0,e4 e6 d4 Qg5 Bxg5
1824,1807,black,600+5,e4 d5 exd5 Nf6 d4 Nxd5 h3 Nc6 Nf3 Qd6
1580,1358,white,60+0,e4 e6 d3 d5 f3 dxe4 fxe4 Nc6 Nc3 Nd4
1228,1251,white,540+10,e4 d5 Nc3 d4 Nb5 c6 Na3 Nf6 d3 e5
1755,1769,black,180+0,e4 c5 Nf3 Nc6 d4 cxd4 Nxd4 Qb6 Nxc6 bxc6
1829,1717,white,300+0,Nf3 g6 g3 Bg7 Bg2 d6 O-O e5 c4 Be6
1437,1233,white,180+10,e4 e5 Nf3 Nf6 Bc4 d5 exd5 Nxd5 Nc3 Nf6
1858,1745,black,300+3,d4 b5 e4 Bb7 Bd3 b4 Nf3 a5 O-O e6
1223,1830,black,180+0,d3 e6 Kd2 c5 Qe1 d5 Kd1 Nc6 Bd2 Nf6
1731,1886,black,60+0,Nf3 c5 c3 e6 d4 d5 e4 Nf6 exd5 exd5
1612,1244,white,180+0,d4 e6 Nf3 Qf6 c4 c5 dxc5 Bxc5 Bg5 Qg6
1441,1692,black,300+0,e4 e5 Nf3 d6 d4 Bg4 d5 Bxf3 Qxf3 Qf6
1626,1676,black,900+0,e4 Nf6 Nc3 d5 exd5 Nxd5 Nxd5 Qxd5 Nf3 Nc6
1892,1725,white,60+0,d4 d5 c4 e6 Nc3 Bb4 Nf3 Nf6 Qc2 Ne4
1714,1473,black,180+0,e4 g6 Nf3 Bg7 d4 b6 e5 Bb7 Bc4 d6
1630,1586,white,60+0,d4 d5 c4 e6 Nf3 c6 e3 Nf6 Nc3 Qa5
1670,1448,white,180+10,e4 e5 f4 exf4 Nf3 d5 e5 Bg4 d4 Bxf3
1882,1831,white,180+0,Nf3 e6 g3 c5 Bg2 d5 O-O Nc6 c4 d4
1240,1615,white,180+0,e4 c5 Qf3 Nc6 Bc4 e6 c3 Ne5 Qe2 Nf6
1335,1505,black,300+0,c4 e5 e4 Nf6 Nf3 Bc5 Nxe5 Qe7 f4 Nxe4
1444,1399,white,0+1,c4 e5 Nc3 Qg5 Nf3 Bb4 Nxg5 Ke7 Nge4 Ke6
1583,1397,white,240+4,e4 e6 f4 c5 Nf3 b6 Nc3 Bb7 d3 d5
1511,1632,black,480+0,d4 c5 d5 d6 c4 a6 Nc3 Bd7 e4 g6
1665,1898,white,60+0,e4 c5 Bc4 e6 Nf3 d5 exd5 exd5 Bb5+ Nc6
1574,1639,white,60+0,e4 c5 d3 Nc6 Nc3 g6 g3 Bg7 f4 d6
1214,1426,black,300+0,e4 d5 Qf3 dxe4 Qxe4 Nc6 Bc4 Nf6 Qf3 e6
1893,1888,draw,300+8,e4 c5 Nc3 e6 g3 Ne7 Bg2 Nbc6 Nge2 d6
1687,1554,white,480+5,e4 e5 Nf3 Nf6 Nxe5 d6 Nf3 Nxe4 d4 Be7
1764,1780,white,120+1,d4 f5 c4 Nf6 Nc3 e6 Bg5 Be7 e3 O-O
1362,1654,black,300+0,e4 e5 Nf3 d6 Bc4 Bg4 d4 Qf6 O-O Bxf3
1511,1328,black,300+0,e4 e5 Nf3 Nc6 Bc4 Nh6 Nc3 d6 h3 Be6
1881,1683,white,60+0,d4 d5 c4 c6 Nc3 Nf6 Nf3 Bg4 Bg5 Nbd7
1592,1626,black,300+5,e4 e5 Nf3 Nc6 Bc4 g5 h3 h6 O-O Bc5
1707,1430,white,300+0,e4 e5 Bc4 Bc5 Nf3 f6 d3 Nc6 h3 Nd4
1388,1589,black,60+0,d4 d5 Be3 e6 Kd2 b6 Kc1 c5 Nf3 c4
1678,1886,black,60+0,e4 c5 Bc4 e6 d4 d5 exd5 exd5 Qe2+ Be7
1165,1500,black,300+0,e4 e6 Nc3 d5 d3 Nc6 Nf3 Bd6 exd5 exd5
890,1230,black,600+4,Nc3 d5 e4 d4 Nd5 e5 Bc4 c6 Qf3 Nf6
1322,1538,white,300+8,e4 e5 Nf3 Nc6 Bb5 Nf6 O-O Bc5 Nxe5 Nxe5
1236,1226,black,180+10,c4 e5 Qa4 Bc5 Nc3 Qf6 Nf3 b6 b4 Bd6
1500,1245,black,300+5,d4 d5 f3 Bf5 Nc3 Nc6 Nxd5 Qxd5 e4 Bxe4
1829,1861,black,300+0,d4 Nf6 c4 e6 Nc3 d5 Nf3 g6 Bg5 Bg7
1669,1500,white,300+15,d4 g6 e4 Bg7 e5 d5 c4 c6 cxd5 cxd5
1596,1559,black,60+0,e4 g6 d3 Bg7 g3 b6 f4 Bb7 h3 f5
1891,1672,white,60+0,d4 d5 c4 c6 Nc3 Nf6 Nf3 Bf5 Bg5 h6
1581,1442,black,300+4,e4 e5 Nf3 d6 h3 Nf6 Bc4 Nxe4 O-O Nc6
1768,1777,draw,120+1,e4 c5 Nf3 Nc6 d4 cxd4 Nxd4 e5 Nb3 Nf6
1719,1937,black,300+0,e4 e6 b3 d5 exd5 exd5 Qe2+ Be6 Bb2 Nf6
1365,1290,white,360+5,e4 e5 Nf3 d6 Bc4 Nf6 Ng5 h6 Nxf7 Qe7
1456,1354,white,600+8,e4 e5 Nf3 Qf6 c3 Bc5 b4 Bb6 Ba3 g5
1749,1749,black,300+8,e4 c5 Bc4 e6 Nf3 Nf6 d3 d5 exd5 exd5
1572,1582,black,60+0,b3 d5 Bb2 e6 a3 b6 b4 c5 g3 c4
1325,1566,black,360+0,e4 Nf6 Nc3 e5 Nf3 Nc6 Bb5 d6 h3 Bd7
1281,1375,white,360+5,e4 e5 c4 Nf6 Bd3 Bc5 Nh3 d6 O-O Bxh3
1572,1472,black,1740+8,d4 d5 Nc3 e6 Bf4 Nf6 f3 Bb4 e4 dxe4
1691,1606,white,180+10,e4 c5 Bc4 Nc6 Nf3 g6 Nc3 Bg7 Nd5 e6
1667,1896,black,60+0,e4 c5 e5 e6 d4 f6 exf6 Nxf6 Bg5 Nc6
1811,2016,black,600+5,e4 e6 d4 d5 Nd2 Nf6 e5 Nfd7 f4 c5
1520,1339,white,300+8,d4 d5 Nc3 e5 dxe5 Nc6 Nf3 d4 Nb5 Bb4+
1541,1719,black,480+5,d4 e6 c4 Nf6 Nc3 Bb4 Bd2 d5 Qa4+ Nc6
1901,1662,white,60+0,d4 d5 c4 c6 Nc3 Nf6 Nf3 Bf5 Bg5 h6
1564,1759,black,300+0,e4 b6 Nc3 Bb7 Bd3 c5 b3 Nc6 Bb2 Nf6
1432,1206,white,300+0,e4 e5 Nf3 Nc6 d4 exd4 Nxd4 Nxd4 Qxd4 c5
1518,1616,black,600+8,e4 e5 Nf3 Nf6 Nc3 Bb4 d4 exd4 Nxd4 Nxe4
1240,1239,white,540+10,e4 d5 Qf3 d4 Bc4 e6 e5 Bb4 a3 Bc5
1594,1561,black,60+0,e4 g6 d3 Bg7 g3 b6 f4 Bb7 Nc3 c6
1198,1516,black,120+0,d4 c5 dxc5 Nc6 Qd5 e6 Qd3 Qa5+ c3 Qxc5
1657,1906,black,60+0,e4 c5 d4 e6 dxc5 Bxc5 Nc3 Nc6 Nf3 d5
1587,1486,white,600+10,e4 e6 Nf3 Nf6 e5 Ng4 h3 Nh6 d4 b6
1810,1632,black,120+2,d4 d5 Nf3 Nc6 e3 Bg4 Be2 Nf6 O-O Qd7
1425,1239,black,600+2,e4 e5 Nf3 Nf6 Nc3 Nc6 d4 exd4 Nxd4 Ne5
1718,1677,white,60+0,Nf3 c5 d4 cxd4 Nxd4 Nc6 Nxc6 bxc6 e3 g6
1704,1395,white,300+0,e4 e5 Bc4 d6 Nf3 c5 d3 Nf6 h3 d5
1573,1580,white,60+0,b3 d5 Bb2 e6 a3 b6 g3 c5 Bg2 a6
1267,1356,black,300+0,e4 e5 Qf3 Nf6 Bc4 h6 h3 Be7 g4 d6
1910,1651,white,60+0,d4 d5 c4 e6 Nc3 Bb4 Nf3 Nf6 Qc2 O-O
1500,1640,white,480+4,e4 g6 d4 Bg7 c4 d6 Nc3 e6 f3 Ne7
1667,1728,black,60+0,e4 b6 Nf3 Bb7 Nc3 Nc6 d4 e6 Bg5 Be7
1250,858,black,600+4,e4 d5 e5 e6 d4 Qe7 Nf3 Qb4+ c3 Qe7
1585,1568,black,60+0,b3 d5 Bb2 e6 a3 Nf6 b4 b6 g3 c5
1510,1406,white,300+0,d4 d5 c4 e6 Nf3 Nf6 e3 dxc4 Bxc4 Nc6
1300,1462,black,1800+0,e4 c5 Na3 d6 Nh3 Nc6 c3 Nf6 Bc4 Nxe4
1963,1722,white,180+0,Nf3 e6 g3 d5 Bg2 Bd6 c4 c6 O-O Nf6
1738,1387,white,60+0,Nf3 Nf6 d4 Ng4 h3 Nf6 Bg5 g6 Bxf6 exf6
1914,1587,white,60+0,d4 Nf6 c4 e6 Nc3 g6 Nf3 Bg7 Bg5 O-O
1392,1734,black,300+8,g3 e5 Bg2 Nf6 e4 Bc5 c3 d6 d4 exd4
1573,1580,white,60+0,b3 d5 Bb2 e6 a3 Nf6 b4 b6 g3 c5
1806,1722,white,600+5,e4 e5 Nf3 Nc6 Bb5 Qf6 Nc3 Nce7 O-O c6
1322,1358,white,300+5,e4 e5 Qh5 d6 Bc4 Qf6 d3 Be6 Bg5 Qg6
1523,1538,black,300+4,c4 e5 Nc3 Nf6 Nf3 Nc6 g3 d5 cxd5 Nxd5
1327,1258,white,1800+30,e4 e5 Nf3 Nf6 Nc3 Nc6 d4 exd4 Nxd4 Ne5
1437,1717,black,300+0,e4 e5 Nf3 d6 Bc4 Be6 Bxe6 fxe6 O-O Be7
1768,1917,black,60+0,e4 c5 Nf3 e6 d4 d5 exd5 exd5 Nc3 Nf6
1658,1740,black,60+0,e4 c6 Nf3 d5 exd5 cxd5 d4 Nf6 Nc3 e6
1777,1024,white,120+1,e4 e5 Bc4 Nc6 Nf3 d5 exd5 Nd4 Nxe5 Bd6
1675,1721,white,300+15,d4 d5 c4 dxc4 Nc3 Nf6 e4 e6 Bg5 Be7
1814,1714,white,300+0,e4 c5 Nf3 Nc6 Nc3 e5 Bc4 d6 O-O h6
1584,1568,black,60+0,b3 d5 c3 e6 d3 b6 e3 c5 f3 Nf6
1389,1647,white,120+2,e4 c5 c4 Nc6 Nf3 b6 d3 Bb7 Nc3 e6
1470,1622,white,480+0,d4 Nf6 Nf3 d5 c4 Bg4 Nc3 e6 Ne5 Bd6
1369,1313,white,300+0,e4 e5 Nf3 d6 d4 Bg4 dxe5 Bxf3 Qxf3 dxe5
1924,1646,black,60+0,d4 e6 c4 d5 Nc3 Bb4 Nf3 Nf6 Qc2 Ne4
1663,1507,black,600+8,e4 e6 f4 d5 exd5 exd5 Nc3 d4 Ne4 Qe7
1749,1650,black,60+0,d4 c5 e3 cxd4 exd4 g6 c3 Bg7 Bf4 d6
1738,1352,white,300+8,e4 g6 Nf3 Bg7 Bc4 c6 c3 d5 exd5 cxd5
1433,1397,white,300+0,e4 e5 Nf3 d6 Bc4 Bg4 O-O Nf6 d3 Be7
1628,1422,white,120+2,e4 e5 f4 exf4 Nf3 g5 Bc4 Nc6 d4 d6
1407,1240,white,600+2,e4 d5 exd5 Qxd5 Nc3 Qa5 a3 Nf6 b4 Qe5+
1573,1581,black,60+0,b3 d5 Bb2 e6 a3 b6 b4 c5 c3 c4
1664,1735,white,60+0,e4 c6 Nf3 d6 Nc3 e5 d4 exd4 Nxd4 Nf6
1666,1905,white,60+0,d4 c5 e3 e6 Nf3 Nf6 Bd3 d5 Bd2 Be7
1905,1666,white,60+0,d4 e6 c4 d5 Nc3 Nf6 Nf3 Bb4 Bg5 Bxc3+
1434,1526,white,300+8,d4 d5 c4 dxc4 e3 Be6 Nc3 Nc6 Nf3 Nf6
1617,1730,black,480+5,c4 d5 e3 dxc4 Bxc4 e6 d4 c6 Nc3 Nf6
1178,1240,white,420+0,e4 e5 f3 d5 Bb5+ c6 Ba4 b5 Bb3 Be6
1721,1677,black,60+0,d4 c5 c3 cxd4 cxd4 g6 Nc3 Bg7 Bf4 d6
1562,1592,white,60+0,b3 d5 Bb2 e6 a3 b6 g3 c5 Bg2 Bb7
1780,1984,black,180+0,d4 Nf6 c4 c5 e3 g6 Nf3 Bg7 b3 cxd4
1619,1709,black,420+1,e4 c5 Nf3 d6 Bc4 Nf6 Nc3 e6 O-O Nc6
1584,1662,black,60+0,e4 c5 Nf3 d6 Bc4 Nf6 d3 e6 O-O d5
1872,1595,white,900+0,d4 Nf6 c4 e6 Nf3 d5 Nc3 c6 e3 a6
1544,1496,black,1500+0,e4 e5 Nf3 Nc6 d4 Bd6 d5 Nce7 Nc3 a6
1694,1888,black,300+0,e4 e5 Bc4 Nc6 Nf3 Bc5 a4 Nf6 d3 O-O
1549,1513,white,300+4,e4 e5 f4 Nc6 Nf3 d6 Bc4 h6 O-O Bg4
1507,1500,black,480+0,d4 d5 c4 dxc4 Nc3 c6 e4 b5 a4 Bd7
1671,1670,black,60+0,Nf3 d5 d4 c6 c4 Nf6 Nc3 g6 e3 Bg7
1261,1238,white,180+2,e4 e5 Nf3 Nc6 d4 exd4 Nxd4 Nf6 Bg5 Bb4+
1689,1709,black,60+0,e4 c6 Nf3 d6 Nc3 Bg4 d4 Bxf3 gxf3 e5
1594,1500,white,180+0,d4 d5 Nf3 Nf6 c4 b6 Nc3 Nc6 a3 Qd6
1577,1601,white,300+2,e4 e5 Bc4 Bc5 Nf3 d6 d3 Nf6 Ng5 O-O
1251,1227,white,540+10,e4 e6 d3 d5 Be2 d4 c3 c5 Nf3 Qa5
1887,1579,white,60+0,d4 d5 c4 e6 Nc3 c6 Nf3 Nf6 Bg5 a6
1413,1634,black,120+2,e4 e5 c4 Nc6 Nf3 Nf6 Nc3 Bc5 d3 a6
1325,1742,black,300+8,b3 e5 Bb2 Nc6 e4 Bc5 Qe2 Nf6 Nf3 d6
1682,1660,white,60+0,e4 c5 Nf3 e6 d4 Nf6 dxc5 Bxc5 c3 Nc6
1444,1227,black,300+0,e4 e5 Nf3 Nc6 d4 exd4 Nxd4 Nf6 Nxc6 bxc6
1478,1680,black,600+10,e4 e6 c4 Ne7 Nf3 Ng6 g3 Be7 Bd3 O-O
1713,1914,black,360+6,e4 e5 Nf3 Nc6 d4 exd4 Nxd4 Bc5 Nxc6 Qf6
1576,1891,black,60+0,e4 c5 d3 e6 Nc3 d5 f3 Nf6 h3 Be7
1719,1679,white,60+0,Nf3 c5 e3 g6 d4 cxd4 exd4 Bg7 Bf4 Qb6
1479,1601,black,180+5,d4 f5 c4 Nf6 e3 d6 h3 e5 dxe5 dxe5
1639,1404,white,120+2,c4 e5 b3 d5 e3 dxc4 Bxc4 Be6 Bxe6 fxe6
1502,1559,black,300+4,d4 Nf6 Nc3 d5 Bg5 h6 Bxf6 exf6 Nf3 Bf5
1659,1794,black,600+0,e4 Nf6 e5 Nd5 d4 d6 Bc4 e6 Bxd5 exd5
1498,1249,black,300+4,d4 d5 c4 e6 Nc3 Nf6 Nf3 Be7 e3 O-O
1650,1692,black,60+0,e4 d5 f4 dxe4 Nc3 Nc6 Nxe4 Nf6 Nxf6+ exf6
1857,1574,black,0+1,e4 g6 d4 Bg7 Be3 b6 Nc3 Bb7 Bd3 a6
1315,1317,white,180+5,d4 d5 Nf3 Nc6 e3 Bf5 Bd3 e6 Bxf5 exf5
1379,1347,white,300+0,e4 e5 Nf3 Nc6 d4 exd4 Nxd4 Qh4 Nxc6 Qxe4+
1931,1679,white,300+0,e4 c5 c3 g6 d4 cxd4 cxd4 Bg7 Nc3 b6
1247,1425,white,300+0,e4 d5 d4 dxe4 Nc3 Nf6 h3 e6 Bc4 Nc6
1894,1572,white,60+0,d4 d5 c4 e6 Nc3 c6 Nf3 Nf6 Bg5 a6
1702,1640,white,60+0,e4 c5 Nf3 e6 d4 cxd4 Be2 Nf6 O-O Nc6
1128,1456,black,720+5,e4 d5 e5 Nc6 Nf3 Bf5 a3 f6 d4 Be4
1690,1500,black,1800+0,Nf3 f6 d4 Nc6 Bf4 d6 h3 e5 dxe5 dxe5
1729,1791,black,60+0,Nf3 c5 c3 g6 d4 Bg7 dxc5 Nc6 b4 Nf6
1801,1720,white,60+0,e4 c6 d4 d5 exd5 cxd5 c4 Nf6 Nc3 e6
1838,1639,white,0+1,e4 e6 d4 d5 e5 c5 c3 Nc6 Na3 cxd4
1718,1611,white,420+1,e4 d6 d4 Nf6 Nc3 Nbd7 Nf3 e5 Bc4 Be7
1639,1838,white,0+1,e4 e6 Nf3 d5 exd5 exd5 g3 Nf6 Bg2 Bd6
1759,1630,black,300+8,e4 g6 d4 Bg7 c4 d6 Nc3 e6 f4 Ne7
1779,1569,white,60+0,e4 d5 exd5 Qxd5 Nc3 Qe6+ Nge2 Nc6 d3 Qg6
1393,1315,black,300+5,e4 d5 exd5 Nf6 Nc3 Nxd5 Nxd5 Qxd5 Nf3 e5
1592,1897,black,60+0,g3 c5 f3 e6 h3 d5 Bg2 Nf6 e3 Be7
1631,1711,white,60+0,e4 d5 exd5 c6 dxc6 Nxc6 Nf3 Nf6 d3 g6
1668,1960,black,300+0,e4 c5 Nf3 d6 b3 Nf6 d3 e5 Bg5 Nc6
1712,1811,black,60+0,d4 c5 e3 cxd4 exd4 g6 c3 Bg7 Ne2 Nc6
1527,1584,white,600+8,e4 e5 Nf3 d5 exd5 Qxd5 Nc3 Qa5 Bc4 Be7
1473,1500,white,600+8,e4 e5 Nf3 g6 Nxe5 Qg5 d4 Qf6 Nc3 Na6
1777,1384,white,0+1,e3 e6 d4 Be7 c4 Kf8 Nc3 g6 Bd2 h5
1500,1428,black,300+3,g3 e5 Bg2 c6 c4 Nf6 e3 h6 d4 Qa5+
1536,1095,white,240+0,e4 e5 Bc4 g6 b3 Bg7 Bb2 Nf6 Nf3 Qe7
1564,1901,black,60+0,e4 c5 d3 e6 Nc3 d5 g3 Nf6 f3 Be7
1558,1745,black,300+8,e4 e5 Nf3 Nf6 Nc3 Nc6 d4 exd4 Nxd4 Nxd4
1822,1589,white,0+1,e4 b6 d4 Bb7 Bd3 g6 Nc3 Bg7 Be3 g5
1413,1794,white,180+0,e4 e5 d4 exd4 Qxd4 Nc6 Qd1 Bb4+ c3 Bc5
1698,1645,white,60+0,e4 c5 Nf3 d6 d4 cxd4 Nxd4 a6 Nc3 Nf6
1666,1789,white,420+7,e4 e5 Nf3 Nc6 Bc4 Bc5 Nc3 Nf6 d3 O-O
1820,1704,white,60+0,e4 e5 d4 Nf6 dxe5 Nxe4 Nf3 Nc5 Nc3 g6
1407,1266,white,300+0,e4 e5 Nf3 Nc6 d4 Nf6 dxe5 Nxe4 Bd3 Nxf2
1490,1442,white,600+8,e4 e5 Nf3 Nc6 Bc4 Bc5 b4 Bxb4 c3 Bc5
1904,1560,white,60+0,d4 d5 c4 e6 Nc3 c6 Nf3 Nf6 Bg5 Bb4
1568,1493,black,300+4,e4 d5 e5 Nc6 d4 Bf5 Bb5 Qd7 Nc3 a6
1584,1827,black,0+1,h4 e6 h5 d5 h6 Nxh6 d3 Nf5 e4 dxe4
1489,1575,white,480+0,d4 d5 c4 dxc4 e4 Nf6 Nc3 e5 d5 Bc5
1095,1190,draw,420+0,e4 e5 Qf3 f6 Bb5 Bb4 Qg3 Bf8 d4 exd4
1471,1500,white,420+0,d4 d5 c4 dxc4 Nc3 c6 e3 b5 a4 Bd7
1588,1500,black,300+2,e4 e5 Nf3 Nf6 d3 Nc6 c3 Bc5 h3 d5
1500,1382,white,300+0,e4 e5 Bc4 Bc5 Nf3 d6 c3 Be6 Qb3 Qf6
1088,1321,white,360+0,d4 d5 c4 dxc4 Nc3 e6 e4 Bb4 a3 Ba5
1812,1710,black,180+0,e4 d6 d4 Nf6 Bd3 e5 c3 Be7 Ne2 Nc6
1120,1382,white,0+1,d4 e6 e4 Qe7 Nf3 Qf6 d5 Nh6 dxe6 Qxe6
1635,1707,white,60+0,e4 d5 exd5 Nf6 c4 c6 dxc6 Nxc6 Nc3 e6
1349,1740,white,60+2,d4 Nf6 Nf3 g6 c4 Bg7 Nc3 d6 Bg5 O-O
1696,1828,black,60+0,d4 c5 c3 cxd4 cxd4 g6 g3 Bg7 Bg2 Nf6
1780,1500,black,120+1,d4 e6 c4 d5 Nc3 Nf6 e3 Nc6 Nf3 Ne4
1579,1364,white,0+1,b3 Nf6 Bb2 e5 Bxe5 Qe7 Bxf6 Qxf6 c3 Nc6
1707,1594,white,360+6,e4 e5 Nf3 Bc5 Nxe5 Nf6 Nd3 Bb6 Nc3 d6
1634,1484,white,300+0,e4 e6 d4 d5 exd5 exd5 Nc3 c5 Nf3 Nc6
1557,1907,black,60+0,e4 c5 d3 e6 Nc3 d5 f3 Nf6 h3 Be7
1358,1585,black,0+1,c4 b6 Qa4 Bb7 Nc3 Bc6 Nb5 a6 Qxa6 Nxa6
1450,1400,white,900+0,d4 d5 c4 dxc4 Nc3 Bf5 e3 e6 Nf3 Bb4
1694,1648,white,60+0,e4 c5 Nf3 e6 d4 cxd4 Nxd4 Nc6 Nc3 Nxd4
1753,1549,white,300+8,e4 e6 Nf3 g6 Bc4 Bg7 c3 Nf6 d3 O-O
1434,1701,white,180+0,e4 e5 d4 exd4 Qxd4 Nc6 Qd1 Bc5 f3 Qf6
1414,1124,black,600+2,e4 c6 Nf3 d5 exd5 cxd5 d4 Bf5 Nc3 e6
1836,1689,black,60+0,e4 c6 d4 d5 exd5 cxd5 c4 e6 Nc3 Be7
1910,1554,white,60+0,d4 d5 c4 e6 Nc3 c6 Nf3 Nf6 Bg5 Be7
1459,1329,white,720+5,e4 e5 Nf3 Nc6 Bc4 h6 d4 exd4 Nxd4 Nf6
1636,1507,white,300+4,e4 d5 exd5 Qxd5 Nc3 Qe5+ Qe2 Qf5 Qd1 Nf6
1639,1352,white,60+0,e3 e5 d4 Qg5 dxe5 Qxe5 f4 Qe7 Nf3 Nf6
1451,1080,white,900+8,d4 Nf6 c4 d5 c5 Ne4 f3 Nxc5 dxc5 e6
1622,1454,black,180+0,e4 d5 exd5 Qxd5 Nc3 Qd8 Bb5+ c6 Bc4 b5
1982,1649,white,120+4,e4 e6 d4 Ne7 Nc3 Ng6 Bc4 Be7 Nf3 O-O
1832,1557,black,60+1,e4 c5 Nf3 d6 d4 cxd4 Nxd4 Nf6 Nc3 a6
1551,1913,draw,60+0,e4 c5 d3 e6 Nc3 d5 g3 Nf6 f4 Be7
1431,1433,white,540+6,e4 e5 Qh5 Bc5 Qxe5+ Qe7 Qxe7+ Bxe7 f3 Bc5
1704,1819,white,60+0,d4 c5 c3 cxd4 cxd4 g6 Nf3 Bg7 e4 Nc6
1348,1643,white,60+0,c4 e6 Qa4 Be7 Nc3 c6 d4 Nf6 d5 cxd5
1325,1141,white,180+5,d4 d5 Nf3 c6 Bf4 Bf5 e3 e6 Bd3 Bg4
1414,1218,white,300+0,e4 d6 Nf3 Nc6 Bc4 Bg4 h3 Bxf3 Qxf3 Nf6
1466,1286,white,300+5,e4 e5 Nf3 d6 Bc4 a6 d4 b5 Bd5 c6
1370,1624,black,60+0,d3 c5 Kd2 e6 Qe1 Nc6 Kd1 d5 Nf3 Bd7
1799,1393,white,180+0,e4 b6 d4 Bb7 Bd3 f5 exf5 Bxg2 Qh5+ g6
1715,1706,black,360+6,e4 c6 d4 d5 e5 Bf5 h3 e6 Nf3 c5
1903,1561,white,60+0,d4 d5 c4 e6 Nc3 c6 Nf3 Nf6 Bg5 a6
1577,1812,draw,60+1,d4 e6 c4 g6 Nf3 Bg7 Nc3 b6 e3 Bb7
1508,1527,black,1500+0,e4 e5 a3 Nf6 Nc3 Nc6 Bc4 a6 Ba2 Bc5
1374,1625,black,300+0,d4 d5 Bf4 Bf5 e3 e6 Nf3 h5 Nc3 Be7
1804,1719,black,60+0,e4 c6 d4 d5 exd5 cxd5 c4 e6 Nc3 Bb4
1541,1760,black,300+8,e4 e5 Nf3 Nf6 Nxe5 Qe7 d4 d6 Nc3 dxe5
1629,1365,white,60+0,e4 e6 f4 Be7 Nf3 Kf8 Be2 Qe8 O-O Bd8
1392,1095,white,300+3,d4 d5 e4 c5 dxc5 dxe4 Qxd8+ Kxd8 Nc3 Nf6
1680,1652,black,420+7,e4 d6 Nf3 e5 Nc3 Nf6 Bc4 Be7 d3 O-O
1558,1907,black,60+0,e4 c5 d3 e6 Nc3 d5 g3 Nc6 f3 Nf6
1336,1396,white,300+3,e4 d5 exd5 Qxd5 Nc3 Qe6+ Nge2 Qg6 d4 Bf5
1732,1720,white,60+0,Nf3 d5 d4 e6 e3 Nf6 c4 Bb4+ Bd2 Bxd2+
1900,1559,black,180+0,Nf3 e6 d4 d5 c4 Bb4+ Nc3 Bxc3+ bxc3 dxc4
1910,1555,draw,60+0,d4 d5 c4 e6 Nc3 c6 Nf3 Nf6 Bg5 Be7
1519,1590,black,0+1,d4 g6 c4 Bg7 Nc3 h6 e4 g5 Be3 b6
1471,1630,black,900+8,d4 e6 e4 c5 c3 cxd4 cxd4 Nc6 Nf3 Nf6
1133,1310,black,420+0,e4 e5 Nf3 d6 Bc4 Bg4 h3 Bh5 d3 h6
1805,1584,black,60+1,e4 c5 d4 cxd4 Nf3 Nc6 Nxd4 a6 Be3 Nf6
1801,1390,white,180+0,e4 g6 d4 Bg7 c3 b6 Be3 Bb7 Bd3 f5
1510,1360,white,0+1,d4 g6 c4 e6 Nc3 Be7 e4 Kf8 f3 Qe8
1709,1743,black,60+0,e4 c6 d4 d5 e5 Bf5 Nc3 e6 h4 h5
1479,1481,black,180+5,d4 d5 c4 c5 dxc5 d4 a3 e5 b4 a5
1767,1534,white,300+8,e4 e5 Nf3 Nc6 Bc4 Be7 d3 a6 a4 d6
1124,1331,black,180+5,d4 d5 c4 e6 Nc3 Bb4 a3 Bxc3+ bxc3 Nf6
1352,1517,white,0+1,c4 c5 Qa4 Nc6 Nc3 a6 Nd5 d6 Qc2 Bd7
1775,1744,white,300+8,e4 d5 e5 Bf5 d4 e6 Bb5+ c6 Bd3 Bxd3
1711,1675,black,180+2,d4 d5 c4 c6 Nf3 Nf6 Nc3 Bg4 e3 Nbd7
1471,1217,white,180+0,e4 e5 d4 c5 d5 Qc7 c4 a5 b3 b5
1500,1371,white,0+1,d4 e5 c3 Qg5 dxe5 Qxe5 Nf3 Qe4 Nbd2 Qg6
1662,1213,white,600+3,d4 g6 e4 Bg7 Nf3 Nf6 Bg5 Nxe4 Bc4 Nd6
1499,1643,black,300+4,c4 e5 Nc3 Nc6 Qa4 a6 Nf3 Bd6 e4 h6
1337,1368,black,180+5,d4 d5 Nf3 Nc6 Bf4 Nf6 e3 Bg4 Be2 e6
1752,1700,black,60+0,d4 Nf6 c3 g6 Bg5 Bg7 Bxf6 d6 Bxg7 Rg8
1363,1508,black,0+1,d3 g6 Bd2 Bg7 Qc1 c6 Kd1 d5 b3 Nf6
1680,1368,white,300+0,e4 Nf6 Nc3 Nc6 Bb5 e5 Nf3 Bc5 Bxc6 dxc6
1237,1531,black,300+10,e4 c5 Nf3 Nc6 Nc3 e6 Bc4 Nf6 d3 h6
1515,1355,black,0+1,d4 e6 c4 Qg5 Nc3 Nf6 f3 Qh6 Bxh6 gxh6
1350,1382,white,300+3,e4 d5 exd5 Qxd5 Nc3 Qe6+ Nge2 Qg6 d4 Nc6
1579,1631,black,180+0,e4 e5 Bc4 d6 Nf3 h6 a3 Nc6 d3 Nf6
1712,1740,black,60+0,e4 c6 d4 d5 e5 Bf5 Nc3 e6 h4 h5
1527,1544,white,600+8,e4 e6 f4 d6 Nf3 Nc6 Bb5 Bd7 d4 a6
1373,1499,black,0+1,c3 c6 Qb3 d5 d3 Nf6 Nd2 Qb6 Qd1 Qc7
1436,1622,black,600+8,d3 d5 Bd2 Nc6 h3 e5 a3 Nf6 e3 Bc5
1527,1773,white,300+8,e4 e5 Nf3 Nf6 d3 Nc6 Bg5 Bc5 Be2 O-O
1506,1364,black,0+1,d4 e6 c4 d5 Nc3 dxc4 e4 e5 d5 Nf6
1687,1697,black,180+2,e4 c5 Bc4 d6 Nf3 Nf6 Ng5 e6 d4 cxd4
1750,1702,white,60+0,Nf3 Nf6 d4 g6 Bg5 Bg7 Bxf6 Bxf6 e4 d6
1704,1500,white,360+6,e4 b6 d4 Bb7 d5 d6 Nc3 g6 b3 Bg7
1381,1490,white,0+1,c4 c6 Qb3 d5 Nc3 dxc4 Qxc4 Nf6 Qf4 e6
1477,1149,white,180+0,e4 d5 e5 Bf5 d4 f6 f4 fxe5 fxe5 e6
1687,1777,white,300+15,d4 d5 c4 Nf6 Nc3 e6 cxd5 Nxd5 Nxd5 Qxd5
1607,1500,white,480+10,c4 c5 e3 e5 Nc3 Nf6 Nf3 d6 d4 cxd4
1104,1278,white,120+0,Nf3 d5 d3 Nf6 Qd2 h6 Nh4 d4 Na3 a6
1693,1759,black,60+0,e4 b6 d4 Bb7 e5 d6 exd6 exd6 Nf3 Be7
1363,1714,white,300+0,d4 d5 Bf4 e6 e3 Nf6 Bd3 Bd6 Bxd6 Qxd6
1531,1469,white,180+5,d4 d5 c4 dxc4 Nc3 e6 e4 c6 Bxc4 h6
1585,1472,white,420+4,e4 Nf6 e5 Nd5 c4 Nb6 d4 d5 c5 Nc4
1475,1397,black,0+1,d4 e6 c4 Qf6 Nc3 Ne7 e4 Nec6 e5 Qe7
1706,1633,black,180+0,e4 d6 d4 Nf6 Bd3 g6 f4 Bg7 Nf3 O-O
1625,1684,black,60+2,e4 c5 Nf3 d6 Bc4 Nf6 Nc3 e6 d3 Be7
1397,1475,black,0+1,c4 c6 Qb3 d5 Qd3 dxc4 Qxc4 Be6 Qc2 Nf6
1604,1589,black,300+2,e4 c5 Nf3 Nc6 Bc4 d6 O-O Nf6 Nc3 Bg4
1208,1663,black,600+3,e4 c5 d4 cxd4 Qxd4 Nc6 Qd1 e5 c4 Bb4+
1473,1663,black,180+0,e4 e5 Nf3 d6 Bc4 Bg4 h3 Bh5 g4 Bg6
1484,1388,white,0+1,d4 f5 c4 Kf7 Nc3 g6 e4 Ke8 e5 e6
1192,1158,white,120+0,e4 Nc6 Nf3 Nf6 Nc3 d6 Bc4 Qd7 d4 Qg4
1709,1677,white,180+2,d4 d5 c4 c6 Nf3 Nf6 Nc3 Bg4 e3 Nbd7
1474,1215,white,120+0,d4 e5 dxe5 Nc6 Nf3 b6 e3 Bb7 Bb5 a6
1450,1378,black,420+0,d4 d5 c4 dxc4 e4 b5 Nc3 c6 d5 Bd7
1853,1785,white,300+8,e4 e5 Nf3 Nc6 Bb5 d6 O-O Bg4 c3 Nf6
1379,1493,white,0+1,c3 c6 Qb3 d5 d3 Nd7 Nd2 Nb6 c4 dxc4
1493,1379,white,0+1,d4 f5 c4 e5 Nc3 exd4 Qxd4 Qe7 e3 d5
1500,1370,black,300+0,Nf3 e6 e4 d5 Bd3 Ne7 e5 Ng6 Qe2 Be7
1650,1492,white,300+4,e4 e5 Nc3 Nf6 a3 d5 exd5 Nxd5 h3 Nxc3
1681,1480,white,180+0,d4 d5 Nf3 f6 Bf4 c6 Nc3 e6 Na4 Bd6
1371,1478,black,0+1,c3 Nf6 Qb3 g6 d3 Bg7 Nd2 c6 e3 d5
1519,1481,white,480+0,d4 d5 c4 Nc6 Nf3 Bf5 Nc3 dxc4 e4 Bg6
1693,1616,white,60+2,e4 e5 Nf3 d6 Bc4 Nc6 d4 Be7 dxe5 dxe5
1175,1482,black,120+0,e4 e6 Nf3 Nc6 d4 d5 e5 f6 Bb5 fxe5
1486,1362,white,0+1,d4 Nf6 c4 Nc6 Nc3 e5 d5 Nd4 e3 Nf5
1402,1709,black,360+6,e4 e6 b3 c5 e5 d6 Bb2 d5 d4 Nc6
1149,1657,black,180+12,e4 e6 Nf3 d5 Nc3 Nf6 e5 Nfd7 d4 Bb4
1370,1515,white,300+3,d4 e6 e4 c5 d5 exd5 exd5 c4 Bxc4 Bc5
1644,1581,white,120+0,e4 e5 Nf3 Nc6 d4 exd4 Bc4 f5 Nxd4 Qe7
1900,1354,white,0+1,d4 g5 c4 Bg7 Nc3 Nc6 Nf3 e5 Bxg5 exd4
1668,1599,white,120+2,e4 e5 Nf3 Nc6 Bc4 Bc5 c3 d6 d4 exd4
1353,1901,black,0+1,a3 c5 h3 e6 a4 Nf6 Nf3 a6 e3 d5
1796,1670,black,600+30,e4 e5 Qh5 Nc6 Bc4 g6 Qf3 Nf6 d3 d6
1535,1385,draw,300+0,e4 e5 Bc4 Bc5 Nf3 d6 c3 Be6 Bxe6 fxe6
1489,1500,white,120+0,d4 e5 Nf3 e4 Ng5 f5 c3 Bd6 Qb3 Qe7
1658,1147,white,180+12,e4 c6 d4 d5 e5 Bf5 Bd3 Bxd3 Qxd3 h6
1603,1592,white,420+1,d4 d6 c4 Nf6 Nc3 Nbd7 Nf3 e5 dxe5 dxe5
1352,1701,black,0+1,c4 Nf6 Nc3 g6 Qc2 Bg7 Qd3 d6 Nd5 O-O
1667,1720,black,180+2,e4 c5 Nc3 d6 Bc4 a6 Qf3 e6 a4 Nc6
1504,1439,white,120+0,d4 g6 e3 Bg7 Nc3 d6 Bc4 e5 Qf3 f5
1704,1565,white,60+0,e4 d5 exd5 Qxd5 Nc3 Qe6+ Qe2 Nc6 Qxe6 Bxe6
1371,1386,black,300+3,d4 d5 Nc3 Nf6 Bf4 a6 Na4 c5 Nxc5 e6
1697,1388,white,180+0,e4 b6 d4 Bb7 d5 c6 Nc3 cxd5 exd5 g6
1500,1349,black,0+1,e4 g5 f4 g4 g3 f5 e5 e6 d4 c6
1556,1711,black,60+0,e4 c5 d3 d6 Nc3 Nc6 g3 Nf6 f4 Qc7
1355,1642,draw,300+8,b4 d6 c3 e5 g3 Nf6 Bg2 g6 d4 Nbd7
1430,1520,black,120+0,e4 e5 Nf3 d6 Bc4 Nf6 c3 h6 d4 exd4
1902,1787,white,60+0,d4 e6 c4 g6 Nc3 Bg7 Nf3 b6 Bg5 Nf6
1717,1549,draw,60+0,e4 d5 exd5 Qxd5 Nc3 Qe6+ Qe2 Nc6 Qxe6 Bxe6
1430,1146,black,900+29,d4 c6 e4 d5 e5 Bf5 Bd3 Be6 Bf4 h6
1500,1614,white,1200+8,e4 d5 e5 Nc6 d4 h6 Bb5 Bd7 Nf3 a6
1691,1677,white,720+5,d4 f5 c4 Nf6 Nc3 e6 e3 Be7 Be2 O-O
1500,1360,black,0+1,e4 f5 Nf3 fxe4 Nc3 e5 d3 Qf6 b4 Ne7
1742,1539,white,600+0,e4 e5 Nf3 Nc6 Bc4 Bc5 d3 Nd4 Bxf7+ Kxf7
1263,1360,black,0+1,e4 b6 Nf3 d5 exd5 Qxd5 Qe2 Qh5 Nd4 Qg6
1390,1304,black,240+5,d4 g6 Bf4 Bg7 e3 d6 Bd3 Nf6 Nc3 c5
1555,1712,black,60+0,e4 c5 d3 Nc6 Nc3 Nf6 g3 g6 f4 Bg7
1719,1779,black,60+0,e4 e6 f4 d5 e5 c5 Nf3 Qb6 d3 Nc6
1500,1486,black,300+0,e4 Nc6 b3 Nf6 d3 e5 Bb2 Bc5 Nf3 d6
1500,1534,black,120+0,e4 e5 Nf3 d6 Bc4 Bg4 Nc3 Qf6 h3 Bxf3
1719,1547,white,60+0,e4 d5 exd5 Qxd5 Nc3 Qe6+ Qe2 Nc6 Nf3 Bd7
1459,1471,white,600+9,e4 d5 Bd3 dxe4 Bxe4 Na6 Nc3 Nc5 Bd5 Nf6
1582,1616,black,420+1,e4 c5 Nf3 Nc6 Bc4 d6 O-O Nf6 Nc3 a6
1327,1269,white,180+5,d4 d5 Nf3 Bg4 Ne5 Bf5 e3 f6 Ng4 Nh6
1789,1710,white,60+0,e4 e5 Nf3 d6 Nc3 c6 Bc4 Qe7 d3 Bg4
1576,1627,black,600+8,e4 c6 Nc3 d5 exd5 cxd5 d4 Bf5 Nf3 Nc6
1702,1798,black,60+0,e4 e6 f4 d5 e5 c5 Nf3 Qb6 d3 Nc6
1547,1341,white,120+0,d4 d5 Nf3 Nc6 Nc3 Bg4 e3 Bxf3 Qxf3 Nf6
1798,1719,white,0+1,e4 c5 d4 cxd4 Nf3 Nc6 Nxd4 Nxd4 Qxd4 d6
1372,1396,white,300+0,d4 d5 Bf4 e6 e3 Nd7 Bd3 c5 Nf3 c4
1336,1499,black,180+5,d4 e6 Nf3 c5 d5 exd5 Qxd5 Nf6 Qd3 Be7
1807,1711,white,0+1,e4 c5 Nf3 d6 d4 cxd4 Nxd4 Nf6 Nc3 a6
1460,1500,black,180+5,d4 e5 dxe5 Qe7 Nf3 Nc6 Bf4 h6 Nc3 g5
1500,1555,white,120+0,e4 e6 Nf3 Nc6 d4 d5 exd5 exd5 Bd3 Nf6
1702,1815,black,0+1,e4 e6 d4 d5 e5 c5 c3 Qb6 Nf3 Nc6
1725,1911,black,60+0,e4 c5 Nf3 e6 d4 d5 exd5 exd5 Bb5+ Nc6
1397,1656,black,300+3,d4 d5 e4 dxe4 Nc3 Bf5 f3 exf3 Qxf3 Bc8
1439,1494,white,300+4,e4 d5 exd5 Qxd5 Nc3 Qe5+ Qe2 Qf5 Qb5+ Qxb5
1656,1453,white,180+5,e4 d5 Qf3 dxe4 Qxe4 e6 Qa4+ c6 h4 Be7
1541,1555,black,300+8,e4 e5 Nf3 d6 d4 Qe7 d5 h6 c4 Na6
1823,1695,black,0+1,e4 c5 d4 d6 dxc5 dxc5 Qxd8+ Kxd8 Nc3 b6
1695,1823,white,0+1,e4 e6 d4 d5 e5 c5 c3 Qb6 Nf3 Nc6
1812,1859,white,300+8,d4 d5 c4 dxc4 Nf3 Nf6 e3 b5 Nc3 c6
1541,1447,black,120+0,d4 d6 g3 Nf6 Bg2 Nbd7 e4 e5 dxe5 Be7
1377,1388,white,300+0,e4 e5 c3 Bc5 Nf3 d6 d4 exd4 cxd4 Bb6
1701,1682,white,300+15,d4 Nf6 c4 e6 a3 d5 cxd5 Nxd5 e4 Nf6
1320,1442,white,900+29,d4 e6 e4 Nf6 f3 Nc6 c3 Bd6 Ne2 O-O
1509,1385,black,600+8,e4 e5 Nf3 Nf6 Nc3 Bb4 Nxe5 Qe7 d4 d6
1432,1520,black,120+0,e4 e5 Nf3 d6 d3 Bf5 Nc3 Bg4 h3 Bxf3
1658,1529,white,420+4,e4 e5 Nf3 Nc6 Bb5 Bc5 O-O h5 c3 h4
1599,1540,draw,0+1,b3 d5 Bb2 e6 a3 Nf6 b4 Be7 g3 b6
1500,1666,black,420+2,e4 d6 f4 e5 d3 Nf6 Nf3 Be7 fxe5 dxe5
1373,1395,white,300+0,d4 d5 Bf4 e6 e3 Bd6 Bd3 Bxf4 exf4 f5
1448,1505,white,180+5,d4 e5 dxe5 Bc5 e3 Qe7 Nf3 d6 exd6 cxd6
1481,1454,black,300+4,c4 c6 d4 d5 Nc3 dxc4 e4 Nf6 e5 Nd5
1542,1597,white,0+1,e4 g6 d3 b6 Nc3 Bb7 Be3 Qc8 Qd2 a6
1395,1628,white,300+8,d4 e6 e3 d5 Nf3 c5 Nc3 cxd4 Qxd4 Nf6
1369,1532,white,120+0,e4 e5 d4 Nc6 d5 Nce7 Nc3 c6 Bc4 cxd5
1829,1800,draw,60+0,d4 d5 c4 Nf6 cxd5 e6 dxe6 Bxe6 Nc3 Be7
1918,1557,white,60+0,d4 e6 c4 c6 Nc3 d5 Nf3 Nf6 Bg5 Bb4
1510,1653,black,120+0,d4 e5 dxe5 Qe7 Nf3 Nc6 Bf4 Qb4+ Qd2 Qxb2
1566,1637,black,600+8,e4 c5 Bc4 a6 a4 Nc6 c3 e6 Nf3 d5
1526,1329,white,300+0,d4 d5 Nf3 Nf6 g3 Bg4 Bg2 e6 O-O Qd6
1278,1501,white,60+0,e4 d6 Nf3 e5 d4 Nf6 dxe5 Nxe4 Qe2 d5
1713,1666,white,720+5,d4 d5 e3 g6 c4 c6 Nc3 Bg7 Qb3 Nf6
1442,1453,black,540+6,e4 e5 Qh5 Nc6 c3 Nf6 Qf3 Bc5 h3 d5
1208,1584,black,0+1,e4 g6 c4 Bg7 d4 b6
1554,1921,black,60+0,e4 c5 d3 e6 Nc3 d5 f3 Nf6 e5 Nfd7
1650,1384,black,180+0,e4 g6 d4 Bg7 e5 d6 f4 Nc6 Nf3 dxe5
1661,1499,white,120+0,e4 e5 Nf3 d6 d4 exd4 Nxd4 Nc6 Nc3 Nxd4
1270,1377,draw,360+2,e4 e5 Nf3 d6 d4 exd4 Nxd4 Nc6 Nc3 Nxd4
1710,1469,white,120+0,e4 e5 Nf3 Nc6 Bb5 d6 O-O a6 Ba4 h6
1478,1461,black,300+3,e4 d5 e5 e6 d4 c5 Nf3 a6 c4 dxc4
1434,1492,black,420+3,d4 e5 e4 exd4 Qxd4 Nc6 Qd1 Nf6 Nc3 Bb4
1808,1652,white,0+1,e4 d5 exd5 Qxd5 Nc3 Qa5 Nf3 Nf6 d4 Bf5
1924,1551,white,60+0,d4 d5 c4 e6 Nc3 c6 Nf3 Nf6 Bg5 Bb4
1453,1409,black,300+8,e4 e5 Qh5 Nf6 Qxe5+ Qe7 Qxe7+ Bxe7 e5 Nd5
1665,1636,white,300+8,e4 g6 d4 Bg7 e5 d6 exd6 cxd6 d5 Nf6
1646,1815,black,0+1,e4 e6 e5 d5 exd6 Bxd6 d4 Nc6 Nf3 Nf6
1734,1672,white,420+2,d4 d6 e4 Nf6 Nc3 Nbd7 Be3 e5 Nf3 Be7
1515,1566,black,480+0,d4 c6 Nf3 Nf6 Bf4 Nh5 Bxb8 Rxb8 e4 e6
1490,1667,black,120+0,d4 e5 Nf3 exd4 Nxd4 d5 e3 Bc5 Nc3 Be6
1821,1639,white,0+1,e4 d5 exd5 Qxd5 Nc3 Qa5 d4 Nf6 g3 c6
1400,1530,white,300+8,e4 c5 Bc4 g6 Nh3 Nf6 Ng5 Bh6 Nxf7 Qc7
1821,1548,white,0+1,e4 d5 exd5 Qxd5 Nc3 Qe6+ Be2 Nc6 Nf3 Qg6
1920,1926,draw,60+0,e4 c5 Nf3 e6 b3 d5 exd5 exd5 Bb2 Nc6
1500,1323,white,300+1,e4 Nf6 Nc3 d5 e5 Ne4 Nxe4 dxe4 d4 exd3
1468,1469,white,300+4,e4 e5 Bc4 Nf6 d3 d5 Bb3 c5 Bg5 d4
1588,1405,white,180+0,e4 g6 Nf3 Bg7 e5 b6 d4 Bb7 c3 Bxf3
1674,1481,white,120+0,d4 d5 e4 Nf6 Nc3 dxe4 f3 exf3 Qxf3 Bg4
1926,1921,black,60+0,d4 c6 c4 d5 Nc3 e6 Nf3 dxc4 e4 b5
1711,1600,black,480+5,d4 d5 c4 e5 dxe5 d4 e3 Bb4+ Bd2 dxe3
1472,1432,white,540+6,e4 e5 Nf3 Nc6 Bb5 a6 Bxc6 dxc6 O-O Nf6
1661,1743,black,420+2,e4 d5 exd5 Qxd5 Nc3 Qd6 Nf3 Nf6 Be2 c6
1473,1467,black,300+3,d4 g6 c4 d5 Nc3 dxc4 e3 e6 a3 e5
1607,1777,black,180+0,e4 e5 Nf3 Nc6 Bb5 Nf6 O-O Bc5 c3 Nxe4
1932,1913,black,60+0,c4 c5 g3 e6 Bg2 Nf6 Nc3 d5 cxd5 exd5
1575,1514,white,300+8,d4 e6 c4 Nf6 a3 c5 d5 b6 Nc3 Ba6
1473,1680,black,120+0,d4 e5 Nf3 exd4 Nxd4 Bc5 e3 Nf6 Nc3 O-O
1646,1734,white,600+8,d4 d5 c4 dxc4 Nc3 Be6 e4 c6 Nf3 g6
1637,991,white,1500+0,e4 e5 Bc4 Nf6 d3 d6 h3 Be7 Nf3 O-O
1653,1458,white,180+0,e4 e5 Nf3 Nc6 d4 d6 Bb5 Bd7 O-O exd4
1675,1624,white,420+4,e4 e5 Nf3 d6 Bc4 Bg4 h3 Bxf3 Qxf3 Qf6
1927,1920,black,60+0,d4 c6 c4 d5 Nc3 e5 Nf3 e4 Ng1 f5
1318,1294,black,180+5,d4 d5 Nf3 Nc6 Bf4 Nf6 e3 e6 Nc3 Bd6
1686,1465,white,120+0,d4 d5 Nc3 e6 e4 dxe4 Nxe4 Nc6 Nf3 Nf6
1931,1914,white,60+0,f4 c5 Nf3 e6 e3 d5 Bb5+ Nc6 Bxc6+ bxc6
1360,1586,black,0+1,e3 g6 g4 Bg7 Nf3 b6 Bd3 Bb7 c3 h5
1422,1312,white,300+5,e4 e5 Nf3 Nc6 Bc4 Nf6 Nc3 d5 Nxd5 Nxe4
1458,1691,black,120+0,d4 e5 e3 Nf6 dxe5 Ng8 Nf3 Qe7 Nc3 Nc6
1828,1591,white,60+0,f4 g6 Nf3 Bg7 g3 h6 Bg2 c6 O-O b6
1589,1731,white,180+0,e4 c5 Nf3 d6 d4 cxd4 Nxd4 Nf6 Nc3 a6
1691,1458,white,120+0,e4 e5 Nf3 d6 d4 exd4 Nxd4 Nc6 Nc3 Nxd4
1902,1942,white,60+0,d4 c6 c4 d5 Nc3 e6 Nf3 dxc4 Bg5 f6
1498,1452,black,120+0,d4 d5 c4 e6 Nc3 Nc6 Nf3 a6 Bf4 Nf6
1500,1267,black,300+4,d4 f5 d5 e6 e4 fxe4 Bc4 Nf6 Bg5 c6
1587,1833,black,60+0,g3 g6 f3 Bg7 Bg2 d5 c3 c6 b3 Nf6
1430,1625,black,300+8,c3 g6 Nf3 Bg7 c4 d6 Nc3 e6 e4 Ne7
1478,1462,black,300+3,e4 d5 e5 e6 d4 c5 c3 a6 Be3 c4
1930,1916,white,60+0,e4 c5 Nf3 e6 b3 d5 exd5 exd5 Bb5+ Nc6
1602,1838,black,60+1,d4 f5 c4 Nf6 Nc3 g6 Nf3 Bg7 e3 O-O
1393,1826,white,900+29,d4 f5 f4 d5 Nf3 e6 e3 Nf6 Bd3 Be7
1469,1485,black,120+0,d4 d5 Nf3 c5 e3 Nc6 c3 a6 c4 Nf6
1803,1398,white,180+0,e4 g6 d4 Bg7 Be3 c5 c3 cxd4 cxd4 Nc6
1904,1940,black,60+0,d4 c6 c4 d6 Nc3 Nf6 Nf3 g6 Bg5 Bg7
1697,1651,black,300+15,d4 d6 c4 Nf6 Nc3 Nbd7 Bg5 e5 d5 Be7
1442,1468,black,1800+0,e4 c5 Bc4 Nc6 Nf3 d6 Bb5 Bd7 Nc3 a6
1505,1585,white,300+8,e4 c6 d4 d5 exd5 cxd5 c4 e6 cxd5 exd5
1843,1597,black,60+1,d4 d5 c4 c6 cxd5 cxd5 Nc3 Nf6 Bf4 Nc6
1950,1894,white,60+0,e4 c5 Nf3 e6 b3 d5 exd5 exd5 Bb2 Nf6
1393,1439,black,600+2,e4 e6 Nf3 d5 exd5 Qe7 dxe6 Qxe6+ Be2 Qe4
1460,1253,white,720+5,e4 e5 Nf3 f5 Bc4 f4 Nxe5 Nh6 Qf3 Qf6
1496,1455,white,120+0,d4 d5 c4 e6 Nc3 dxc4 Nf3 Nc6 e4 b6
1685,1490,white,420+4,e4 e5 Nf3 Nc6 Bb5 Bc5 O-O Nh6 d3 d6
1884,1959,white,60+0,d4 c6 c4 d5 Nc3 e6 Nf3 dxc4 Bg5 f6
1667,1420,white,720+7,d4 d5 e4 e6 Nc3 Nc6 Bb5 Bd7 Be3 dxe4
1615,1445,white,480+5,e4 c5 d4 cxd4 c3 dxc3 Nxc3 e6 Bf4 Bb4
1442,1505,black,120+0,d4 d5 e4 c5 dxc5 d4 Nf3 Nc6 Bb5 e6
1329,1500,black,600+0,d4 d6 c4 e5 Nf3 Nd7 b3 c5 d5 Ngf6
1786,1616,white,0+1,e4 c5 d4 cxd4 Nf3 d6 Nxd4 Nc6 Nc3 Nf6
1567,1595,black,300+0,e4 e6 Nf3 c5 d4 cxd4 Nxd4 Nc6 Nc3 Nxd4
1946,1898,black,60+0,f4 c5 Nf3 e6 e3 d5 Bb5+ Nc6 Bxc6+ bxc6
1610,1793,white,0+1,d4 e6 c4 g6 Nf3 Bg7 Nc3 b6 e3 Bb7
1500,1657,black,720+5,e4 e5 Nf3 d6 d4 exd4 Nxd4 Ne7 Nc3 Ng6
1784,1806,black,180+0,e3 e6 Nf3 d5 d4 c5 Nbd2 Nc6 c4 Qb6
1514,1430,white,120+0,d4 d5 c4 e6 Nc3 a6 Nf3 Nf6 Bg5 Be7
1473,1453,black,180+5,d4 d5 c4 dxc4 Nc3 e6 a3 Nf6 e3 Nc6
1502,1582,white,60+1,d4 b6 e3 Bb7 Nf3 g6 c4 Bg7 Bd3 e6
1911,1934,black,60+0,d4 Nc6 c4 d5 e3 e5 Bd2 exd4 exd4 Nf6
1775,1627,black,60+1,e4 c5 Nf3 d6 d4 cxd4 Nxd4 Nf6 Nc3 e6
1605,1557,black,300+0,d4 d5 c4 e6 Nc3 Nf6 e3 Bb4 Bd2 O-O
1844,1900,black,60+0,e4 c5 Nf3 e6 d3 d5 Be2 Nf6 exd5 exd5
1487,1224,black,900+29,e4 e5 Nf3 Bc5 Nxe5 Qf6 d4 Bb4+ c3 Ba5
1816,1395,white,180+0,e4 b6 d4 Bb7 Bd3 f5 exf5 Bxg2 Qh5+ g6
1672,1425,white,720+7,e4 e5 f4 Nc6 Nf3 f6 Bc4 Nge7 f5 d5
1834,1546,white,300+0,d4 d5 c4 e6 Nf3 Nf6 g3 Bb4+ Bd2 Bxd2+
1879,1963,white,240+1,e3 e5 Nc3 Nf6 Nce2 c5 Ng3 d5 a3 Nc6
1472,1564,black,600+10,e4 Nf6 Nc3 d5 e5 Ne4 Qe2 Nxc3 dxc3 e6
1419,1523,black,120+0,d4 d5 Nf3 c5 b3 Nc6 Bb2 Nf6 e3 e6
1759,1644,black,60+1,d4 d5 Nc3 Nf6 Nf3 Bg4 Bg5 e6 Qd3 Be7
1909,1758,white,60+0,d3 d5 d4 g6 c4 Bg7 Nc3 e6 Nf3 c6
1657,1653,black,60+1,d4 d6 c4 Nf6 Nf3 e6 Nc3 Nbd7 Bg5 Be7
1571,1519,white,300+8,d4 d5 c4 e6 Nf3 c6 c5 Nf6 Nc3 Be7
1305,1274,white,180+5,d4 d5 Nf3 Nc6 Bf4 Bf5 Ne5 Nxe5 dxe5 e6
1750,1915,black,60+0,e4 c5 Nf3 e6 d4 d5 dxc5 Bxc5 exd5 exd5
1530,1409,black,120+0,d4 Nc6 c4 d6 Nc3 e5 d5 Nce7 e4 c6
1570,1593,white,300+0,e4 e6 d4 d5 Nd2 c5 Ngf3 cxd4 Nxd4 Bc5
1463,1563,white,300+2,d4 d6 c4 Nc6 e3 e5 h3 Be7 Nf3 Bf6
1922,1743,white,60+0,d4 d5 c4 c6 Nc3 Nf6 Nf3 g6 Bg5 Bg7
1611,1535,black,60+5,d4 Nf6 e3 e6 Bd3 a6 c4 Bb4+ Nc3 O-O
1599,1466,black,300+2,e4 g6 d4 Bg7 e5 Nc6 c3 f6 Nf3 fxe5
1617,1469,white,360+4,d4 e6 c4 b6 e4 d5 e5 Bb7 b4 Bxb4+
1737,1928,white,60+0,e4 c5 Nf3 e6 d4 d5 exd5 exd5 c3 Nf6
1428,1516,black,120+0,e4 e5 Nf3 d6 b3 Bg4 Bb2 Nf6 h3 Bh5
1603,1690,black,420+7,c4 e5 e3 Nf6 a3 d5 d4 exd4 exd4 Be7
989,1631,black,300+8,e4 g6 Nc3 Bg7 Bc4 d6 Qf3 e6 Nh3 Nd7
1316,1476,white,180+5,d4 Nf6 Bg5 e6 Nc3 Bb4 Qd2 O-O a3
1911,1755,white,60+0,d4 e6 c4 d5 Nc3 dxc4 Nf3 Nf6 Bg5 Be7
1343,1559,draw,300+2,e4 Nc6 d4 b6 d5 Ne5 Nc3 Bb7 Bf4 Ng6
1638,1521,white,360+4,d4 d5 Bf4 f6 e3 g5 Qh5+ Kd7 Bg3 Qe8
1444,1857,black,120+3,Nf3 d5 g3 Nd7 Bg2 e5 d3 c6 O-O Bd6
1524,1417,white,120+0,d4 d5 c4 e6 Nc3 a6 Nf3 Nf6 Bg5 g6
1612,1579,white,240+0,e4 e5 f4 exf4 Nf3 Nf6 e5 Qe7 Be2 d6
1409,1551,black,300+0,e4 d5 exd5 c6 dxc6 Nxc6 Nf3 Nf6 Nc3 a6
1748,1918,black,60+0,e4 c5 Nf3 e6 d4 d5 exd5 exd5 Nc3 Nf6
1333,1182,white,180+5,d4 d6 d5 b5 Nf3 Bb7 Nc3 c5 Nxb5 a6
1918,1748,black,60+0,d4 e6 c4 g6 Nc3 Bg7 Nf3 Ne7 Bg5 O-O
1581,1582,white,300+0,d4 d5 c4 Nf6 e3 e6 Nf3 g6 Nc3 Bg7
1737,1893,black,240+1,e4 g6 g3 c6 Bg2 h5 d4 h4 Nc3 d6
1914,1646,white,60+1,e4 c5 Nf3 d6 d4 cxd4 Nxd4 Nf6 Nc3 a6
1408,1532,white,120+0,d4 d5 Nf3 c5 Nc3 Nc6 dxc5 d4 Nb5 e5
1592,1573,white,420+7,c4 Nf6 d4 d5 e4 Nxe4 f3 Nf6 Nc3 e6
1813,1945,black,300+0,e4 c5 Nc3 e6 g3 a6 Bg2 Nc6 Nge2 Nge7
1765,1901,black,60+0,e4 c5 Nf3 e6 d4 d5 exd5 exd5 Be3 Nf6
1403,1500,white,300+0,e4 e5 Nf3 Bc5 Nxe5 Qf6 Ng4 d6 Bc4 Bxg4
1509,1373,black,300+8,e4 e5 Nf3 Nc6 d4 d6 d5 Bg4 Bb5 Bxf3
1482,1583,black,300+2,e4 e5 Nf3 f6 Bc4 c6 d3 d5 exd5 cxd5
1908,1758,white,60+0,d4 e6 c4 d5 Nc3 dxc4 Nf3 g6 Bg5 Bg7
1685,1356,white,300+15,d4 d5 c4 dxc4 Nc3 e6 e4 Bb4 Bxc4 Nf6
1642,1919,draw,60+1,d4 Nf6 c4 e6 Nf3 Bb4+ Nc3 c6 Qc2 d6
1420,1676,black,720+7,d4 e5 e4 exd4 Qxd4 Nc6 Qd1 Bc5 Nc3 Nf6
1758,1908,draw,60+0,g3 c5 Bg2 e6 Nf3 d5 d3 Nf6 c4 Nc6
1736,1666,black,420+2,e4 d6 Nf3 e5 d4 Nd7 dxe5 dxe5 Bb5 Bd6
1645,1357,black,540+0,d4 d5 Bf4 Nc6 e3 f6 Nf3 Bg4 Nbd2 e5
1517,1426,white,120+0,d4 d5 c4 e6 Nc3 Nf6 Nf3 g6 Bg5 Bg7
1904,1751,white,60+0,d4 e6 c4 d5 Nc3 dxc4 Nf3 g6 Bg5 Be7
1570,1592,white,300+0,e4 e6 Nf3 c5 d4 cxd4 Nxd4 Nc6 Nc3 Bb4
1632,987,white,300+8,g3 d5 Bg2 e6 d3 Bd7 e3 Nc6 Nd2 Qe7
1911,1650,black,60+1,e4 c5 Nc3 d6 f4 Nf6 Nf3 Bg4 Bb5+ Nbd7
1374,1247,white,600+0,d4 f5 c4 g5 Bxg5 h6 Bc1 d5 g3 dxc4
1464,1376,black,540+0,d4 d5 Bf4 Nc6 e3 f6 Nf3 Bg4 Be2 Bf5
1899,1764,black,240+1,e3 b6 Nc3 Bb7 Nce2 Nf6 Ng3 c5 b3 g6
1416,1525,white,120+0,d4 d5 Nf3 c5 c3 Nc6 e4 e6 exd5 exd5
1447,1660,white,300+5,d4 d5 e3 Nf6 c4 e6 Nc3 a6 Qb3 dxc4
1207,1792,black,900+15,e4 e5 Nc3 c6 b3 Ne7 a4 d5 f3 Na6
1474,1500,white,300+2,e4 e5 Nf3 Qe7 Bc4 c6 c3 d5 exd5 e4
1715,1872,black,300+0,d4 Nf6 c4 e6 Nf3 d5 g3 g6 Bg2 Bg7
1442,1645,white,120+3,Nf3 d5 g3 Nc6 Bg2 Nf6 O-O Bg4 d3 e5
1500,1477,black,1800+0,e4 c5 Bc4 Nc6 Qf3 e6 d3 Nf6 Bg5 Nd4
1581,1582,white,300+0,d4 d5 c4 Nf6 e3 e6 cxd5 Nxd5 Nf3 g6
1734,1911,white,0+1,e4 c5 Nf3 e6 d4 d5 exd5 exd5 Nc3 Nf6
1511,1433,white,120+0,d4 d5 c4 e6 Nc3 Nf6 Nf3 a6 Bg5 Be7
1894,1752,white,0+1,d4 e6 c4 d5 Nc3 dxc4 Nf3 g6 Bg5 Bg7
1707,1585,black,420+3,d4 d5 e3 Nf6 Nc3 e6 a3 b6 Nf3 Bb7
1743,1831,black,0+1,e4 Nf6 e5 Nd5 c4 Nb6 d4 d6 Nc3 dxe5
1752,1894,black,0+1,e4 c5 Nf3 e6 d4 d5 exd5 exd5 Be3 cxd4
1423,1520,black,120+0,d4 d5 Nf3 c5 dxc5 Nc6 Be3 e5 Nc3 d4
1901,1744,white,0+1,d4 e6 c4 g6 Nc3 Bg7 Nf3 Ne7 Bg5 O-O
1744,1901,white,0+1,e4 c5 Nf3 e6 d4 d5 exd5 exd5 dxc5 Bxc5
1503,1548,white,120+0,d3 b6 e4 Bb7 Nc3 e6 b3 c5 Bb2 Nc6
1885,2056,white,60+0,d4 c6 c4 d5 Nc3 e6 Nf3 Nf6 Bg5 a6
1528,1413,black,120+0,d4 d5 c4 e6 Nc3 c6 a3 b6 Nf3 Ba6
2056,1885,white,60+0,Nf3 c5 b3 e6 e3 d5 Bb2 Nf6 c4 Be7
1605,1562,black,420+7,c4 Nf6 d4 d5 e3 Bf5 Nc3 dxc4 Bxc4 e6
1460,1793,black,120+3,Nf3 c6 g3 d5 Bg2 Nf6 O-O Bg4 d3 e6
1500,1263,white,360+2,e4 e5 f4 d6 Nf3 Nc6 Bb5 Nf6 Bxc6+ bxc6
1535,1516,white,120+0,b3 e6 Bb2 d5 Nf3 Nf6 g3 g6 Bg2 Bg7
1500,1427,white,480+4,e4 c5 g3 g6 Bg2 Bg7 c3 Nf6 d3 O-O
1571,1566,white,300+0,e4 e6 d4 d5 Nd2 c5 Ngf3 Qb6 c3 Nc6
1482,1627,black,300+2,e4 e5 Nf3 Nc6 Bb5 Bd6 Bxc6 dxc6 d3 Bg4
1407,1311,white,360+3,d4 d5 c4 c6 e3 c5 Nc3 Nc6 cxd5 cxd4
1901,2039,black,60+0,d4 Nf6 c4 e6 Nc3 Bb4 Nf3 c5 Qc2 cxd4
1538,1388,white,600+3,e4 e5 c4 Nc6 Nc3 Nf6 Nf3 d6 d3 Be6
1430,1514,black,120+0,d4 d5 Nf3 c5 e3 Nc6 c4 e6 cxd5 exd5
2046,1894,black,60+0,Nf3 c5 b3 e6 e3 d5 g3 Nf6 Bg2 Nc6
1591,1779,white,180+0,d4 b5 e3 Bb7 Nf3 b4 Bd2 a5 a3 e6
1522,1420,white,120+0,d4 Nc6 d5 Nb4 c4 c6 Nc3 cxd5 cxd5 Nf6
1553,1592,white,300+2,b4 e5 Bb2 Bxb4 Bxe5 Nf6 g3 Nc6 Bb2 O-O
1910,2030,white,60+0,d4 Nf6 c4 e6 Nc3 Bb4 Nf3 b6 Qc2 Bb7
1449,1692,white,420+3,d4 e6 d5 exd5 Qxd5 Nf6 Qf5 d5 Qe5+ Be7
1416,1019,white,600+5,d4 d5 Nc3 c6 e4 Nf6 Bg5 h6 Bxf6 gxf6
1552,1500,white,60+2,e4 e6 Nf3 d5 Ne5 dxe4 d3 Nf6 c3 Bd6
1411,1530,black,120+0,d4 d5 e4 dxe4 Nc3 f5 Qh5+ g6 Qe2 Nf6
2014,1925,black,60+0,d4 c5 d5 e6 Nc3 exd5 Nxd5 d6 Nf3 Nf6
1556,1582,white,300+0,e4 c5 c3 d6 d4 cxd4 cxd4 Nf6 Nc3 g6
1295,1239,white,480+2,e4 d5 e5 d4 d3 c5 c4 f6 exf6 Nxf6
1537,1403,black,120+0,d4 d5 c4 e6 Nc3 Bb4 e3 c5 Bd3 cxd4
1574,1391,white,900+12,e4 e5 f4 exf4 Nf3 d5 exd5 Qxd5 Nc3 Qd8
1939,1999,white,60+0,d4 Nf6 c4 e6 Nc3 Bb4 Nf3 Bxc3+ bxc3 c5
1457,1634,white,120+3,Nf3 d5 g3 Nc6 Bg2 e5 d3 Nf6 O-O Bc5
1475,1532,black,300+0,e4 e5 Nf3 d6 d4 exd4 Qxd4 Nc6 Qa4 Bd7
1223,1443,black,360+3,d4 e6 g3 Nc6 Nf3 Nf6 Bg2 Be7 Ne5 Nxe5
1607,1763,white,180+0,d4 b5 c4 bxc4 Nc3 d5 e3 e6 Nf3 Nf6
1680,1500,white,420+2,e4 e5 Nf3 Nf6 Nc3 Nc6 Bc4 Bc5 O-O d6
1420,1666,black,1200+7,c4 c6 g3 d5 cxd5 cxd5 Bg2 e5 e3 Nf6
1570,1567,white,300+0,e4 e5 Nf3 Nc6 Bb5 d6 Bxc6+ bxc6 O-O Bg4
1420,1522,black,120+0,d4 f5 g3 e6 Bg2 Nf6 Nf3 Bd6 Nc3 O-O
1559,1305,white,60+2,e4 c6 Nf3 d5 Ne5 dxe4 d3 exd3 Nxf7 Kxf7
1478,1468,black,180+5,d4 c5 dxc5 Qa5+ Bd2 Qxc5 a3 e5 e3 Nc6
1530,1411,white,120+0,d4 d5 c4 e6 Nc3 c6 a3 Nf6 Nf3 Ne4
1642,1670,black,480+4,e4 e5 g3 Nf6 Bg2 c6 d3 h5 Bg5 Be7
1747,1623,white,180+0,b3 e6 Bb2 c5 c4 Nf6 Nc3 g6 Nf3 Bg7
1747,1779,white,600+0,e4 e5 Nf3 Nc6 Bc4 Bc5 d3 h6 O-O Nf6
1464,1461,black,600+10,e4 e5 Nf3 f6 Nh4 d5 Bd3 Nc6 O-O Nh6
1443,1505,white,120+0,e4 e6 Nf3 c5 d4 cxd4 Qxd4 Nc6 Qa4 d6
1754,1884,white,240+1,b3 g6 Bb2 Nf6 c4 c6 Nc3 Bg7 Ne4 Nh5
1500,1486,black,1800+0,e4 c5 Nf3 d6 Bc4 Nc6 c3 Nf6 Ng5 e6
1564,1281,white,60+2,e4 c6 Nf3 d5 e5 Bf5 d3 e6 c3 c5
1403,1537,black,120+0,d4 d5 Nf3 c5 dxc5 Nc6 Nc3 d4 Nb5 e5
1637,1599,white,1200+10,e4 e5 Nf3 Nc6 Bb5 a6 Ba4 b5 Bb3 Be7
1350,1720,black,180+5,d4 d6 d5 c6 e4 cxd5 exd5 e6 Nc3 e5
1557,1581,white,300+0,e4 e5 Nf3 Nc6 c4 Bc5 d3 d6 h3 Nge7
1661,1801,black,180+0,e4 c6 d4 d5 Nc3 dxe4 Nxe4 Bf5 Ng3 Bg6
1568,1508,black,60+2,e4 e5 Nf3 Nc6 Bc4 d6 d4 Bg4 O-O Nxd4
1686,1819,white,420+2,e4 e5 Nf3 d6 Bc4 Bg4 O-O Nf6 Nc3 c6
1016,1418,black,600+5,e4 d5 e5 e6 d4 f6 Nf3 Nd7 g4 g5
1569,1568,black,300+0,e4 e6 Nf3 d5 exd5 exd5 Nc3 Nf6 Bb5+ c6
1554,1521,white,60+2,e4 e5 Nf3 Nc6 Bc4 d6 Bxf7+ Kxf7 d4 Bg4
1869,1769,black,240+1,e3 b6 Nc3 Bb7 Nce2 c5 Ng3 Nc6 a3 g6
1416,1392,black,900+8,e4 g6 d4 Bg7 Nf3 b6 Bc4 e6 Nc3 Nf6
1480,1636,black,600+1,e4 c5 f4 Nc6 Bc4 e6 Nc3 a6 b3 b5
1276,1395,black,120+0,e4 e5 c4 d6 Nc3 Nc6 a3 Nf6 Be2 Nd4
1385,1581,white,900+12,e4 Nf6 Nc3 d5 exd5 Nxd5 Nxd5 Qxd5 d3 Nc6
1684,1500,white,900+3,e4 e5 Nf3 Nc6 Bb5 Nb4 Nc3 a6 Ba4 b5
1348,1449,black,180+5,d4 e6 Bf4 Nc6 d5 exd5 Qxd5 d6 e3 Be6
1381,1395,white,600+0,d4 d5 g3 Nf6 e3 Ne4 Bg2 Bf5 Ne2 Nc6
1648,1767,black,1200+10,e4 e5 Nf3 Nc6 Bb5 Nf6 O-O Bc5 d3 O-O
1565,1511,white,60+2,e4 e5 Bc4 Nc6 d4 exd4 Ne2 Bc5 Bxf7+ Kxf7
1929,1911,draw,420+0,d4 d5 e3 c6 f4 Bf5 Bd3 Bxd3 Qxd3 Nf6
1286,1179,white,480+7,d4 e5 dxe5 d5 e3 c5 c4 Be6 cxd5 Bxd5
1403,1217,white,120+0,d4 d5 Nf3 e6 Nc3 Bd6 e4 dxe4 Nxe4 f5
1805,1703,white,420+2,d4 d6 c4 Nd7 Nc3 Ngf6 e4 e5 Nf3 Be7
1532,1678,black,480+5,e4 e5 d4 exd4 Qxd4 Nc6 Qd1 Nf6 Bg5 Bc5
1194,1805,black,900+15,c4 Nf6 Nc3 c6 b4 Qb6 c5 Qxb4 a3 Qxc5
1475,1291,white,420+1,e4 d5 e5 d4 Nf3 Bg4 h3 Bxf3 Qxf3 f5
1579,1558,white,300+0,e4 e5 Nf3 Nc6 Bc4 Bc5 Nc3 d6 h3 Nf6
1574,1502,white,60+2,e4 e5 Nf3 Nc6 Bc4 d6 d4 Bg4 Bxf7+ Kxf7
1783,1855,white,240+1,b3 g6 Bb2 Nf6 c4 Bg7 Nc3 Nh5 g3 a5
1423,1788,black,180+0,d4 g6 Nf3 Bg7 Nc3 d5 Bg5 Nf6 Bf4 O-O
1415,1615,white,180+0,f4 e6 d4 c5 c3 cxd4 cxd4 Nf6 Nf3 Be7
1584,1575,black,60+2,e4 g6 Nf3 Nf6 Bc4 Nxe4 Bxf7+ Kxf7 O-O Nf6
1556,1421,white,300+8,e4 e6 Nf3 d6 d4 Nf6 Nc3 e5 dxe5 dxe5
1468,1494,black,300+9,d4 d5 Bf4 h6 Nf3 g5 Be5 f6 Bg3 Bg4
1548,1589,black,300+0,e4 e5 Nf3 Nc6 d4 exd4 Nxd4 Nxd4 Qxd4 b6
1842,1797,draw,240+1,e3 b6 Nc3 Bb7 Nce2 Nf6 Ng3 g6 h4 h5
1640,1566,white,1200+10,e4 c5 Nf3 Nc6 Bb5 Nf6 Bxc6 bxc6 d3 e6
1791,1646,white,120+4,e4 e6 d4 Ne7 c4 b6 Nc3 Bb7 Nf3 Ng6
1494,1599,black,180+0,e4 e6 b3 c5 Bb2 Nc6 Bb5 Nf6 Bxc6 dxc6
1014,1482,black,600+0,e4 e5 Nf3 d6 d4 exd4 e5 dxe5 Nxe5 Bc5
1680,1345,white,720+8,e4 e5 Nf3 Qf6 Bc4 Bc5 O-O d6 c3 Qg6
1543,1697,black,300+4,e4 e5 Bc4 Bc5 Nf3 d6 d3 Nf6 Bg5 h6
1500,1469,white,240+3,d4 Nf6 Nc3 d5 g3 Ne4 Nh3 Nxc3 bxc3 e6
1606,1459,white,180+0,d4 d5 c4 e6 e3 Nf6 cxd5 Qxd5 Nf3 a6
1300,1342,white,480+7,d4 e5 dxe5 Qe7 Nf3 Nc6 Bg5 f6 exf6 gxf6
1760,1721,black,600+0,e4 e5 Nf3 Nc6 Bc4 Nf6 d3 Bc5 Bxf7+ Kxf7
1432,1613,white,180+0,e4 e6 Bc4 c5 b3 b6 Bb2 Bb7 Nc3 Nc6
1313,1328,white,480+7,d4 Nc6 e3 d5 Bb5 Qd7 c3 a6 Qa4 e6
1798,1841,black,240+1,b3 g6 Bb2 Nf6 c4 h5 Nc3 h4 Nd5 Bg7
1563,1261,white,900+12,e4 Nf6 Nc3 e5 d3 d5 Nf3 d4 Ne2 b6
1626,1535,black,300+5,d4 Nf6 Nf3 g6 Bg5 Bg7 Nc3 d6 Qd2 O-O
1598,1492,black,180+0,d3 d6 e4 g6 Nc3 Bg7 Bd2 a6 Qc1 e5
1650,1550,black,1200+10,e4 d6 d4 e6 Nf3 h6 Nc3 Nf6 Be2 a6
1319,1542,black,300+0,d4 d5 e3 Nf6 Nf3 e6 g3 Be7 Bg2 O-O
1500,1639,black,180+0,d4 d5 c4 c6 a4 Nf6 Nc3 Bf5 e3 e6
1789,1540,white,120+0,e4 c5 Nf3 d6 d4 cxd4 Nxd4 Nf6 Nc3 g6
1539,1494,white,1800+0,e4 c5 Nf3 d6 Nc3 Nc6 d4 cxd4 Nxd4 Bd7
1816,1183,white,900+15,e4 e5 Nf3 f6 d3 Nc6 c3 h6 Bd2 b5
1928,1772,black,420+0,d4 d5 e3 e6 f4 Nf6 Nf3 c5 c3 Be7
1536,1623,white,300+4,e4 e5 Bc4 Nf6 Nc3 Bc5 Nf3 d6 Ng5 O-O
1583,1510,white,600+0,e4 Nc6 Nf3 e5 Bb5 Nd4 Bc4 Qf6 Nxd4 exd4
1547,1584,black,300+0,d4 d5 Nf3 g6 g3 Bg7 Bg2 Nc6 O-O Nf6
1540,1585,white,180+0,e4 e6 b3 c5 Bb2 Nf6 Nc3 g6 h3 Bg7
1850,1788,black,240+1,e3 b6 Nc3 Bb7 Nce2 c5 Ng3 e6 a4 Nc6
1368,1481,black,420+1,e3 e5 g3 d5 Bg2 e4 d3 exd3 Qxd3 c6
1325,1500,black,480+7,d4 d5 h3 Nf6 e3 e6 Bd3 Bb4+ c3 Ba5
1879,1872,white,300+0,e4 c5 Nf3 d6 d4 cxd4 Nxd4 Nf6 Nc3 a6
1565,1500,white,300+2,b4 d5 g3 e5 Nh3 Bd6 a3 f5 Bb2 Nf6
1662,1380,black,180+0,d4 e6 c4 c5 Nf3 Nc6 e3 cxd4 Nxd4 Nf6
1500,1452,black,180+5,d4 e6 e4 d5 e5 c5 a3 cxd4 Qxd4 Nc6
1482,1256,white,420+1,e4 b6 Nf3 Bb7 Nc3 a6 Bc4 b5 Bb3 b4
1573,1578,black,180+0,d4 d5 c4 e6 e3 Nf6 Nf3 h6 cxd5 Qxd5
1285,1660,black,300+3,d4 g6 e4 d5 e5 Nc6 g3 Bf5 g4 Be4
1615,1609,white,180+0,d4 d5 c4 c6 Nc3 Nf6 e3 Bf5 Nf3 e6
1500,1562,white,240+1,e4 e6 d4 c5 Nf3 cxd4 c3 dxc3 Nxc3 Bb4
1801,1838,black,240+1,b3 g6 Bb2 Nf6 c4 Bg7 Nc3 a5 Nd5 a4
1500,1484,white,1800+0,e4 c5 Bc4 Nc6 d3 Nf6 Bg5 d6 h3 g6
1519,1633,black,60+0,e4 c5 c3 d6 d4 cxd4 cxd4 Nf6 Bd3 g6
1490,1358,white,420+1,e4 e6 Nf3 g6 c3 Bg7 d4 d6 Bb5+ Bd7
1529,1378,black,300+3,d4 d6 c4 f6 Nc3 e5 f4 exd4 Nd5 c6
1409,1500,white,120+0,d4 e6 e3 d5 e4 dxe4 Nc3 Nf6 Bg5 Be7
1564,1500,white,300+8,e4 e5 Nf3 c6 Nxe5 d5 exd5 Qxd5 Nf3 Bg4
1640,1535,white,60+0,Nf3 d5 d4 e6 c4 Nf6 Nc3 dxc4 e3 Be7
1654,1614,black,300+5,e4 e5 d4 exd4 Qxd4 Nc6 Qe3 d6 Nc3 Nf6
1500,1606,black,900+10,e4 e5 Nf3 Nc6 Bc4 Bc5 d3 h6 Be3 Bd4
1704,1539,white,300+0,e4 e5 f4 exf4 Nf3 Nf6 Nc3 d6 h3 Be7
1418,1500,white,120+0,d4 Nf6 Nf3 g6 Bg5 Bg7 e4 O-O e5 Nd5
1430,1404,white,900+0,e4 c5 Nc3 g6 Nf3 Bg7 Bc4 Nc6 Ng5 e6
1577,1718,white,180+0,d4 d5 c4 e6 e3 Nf6 Nf3 Bb4+ Bd2 Nc6
1732,1672,black,660+3,d4 d5 e3 e6 c4 c6 Nc3 Nf6 Qb3 a6
1913,1847,black,420+0,d4 g6 f4 c6 e3 Nf6 Nf3 d5 Bd3 Ne4
1393,1460,black,900+0,e4 c5 d4 cxd4 Qxd4 Nc6 Qd1 g6 Nc3 Bg7
1502,1592,black,600+0,Nf3 Nc6 c3 e5 e4 Bc5 Qe2 d6 d4 exd4
1642,1532,white,300+0,d4 d5 c4 dxc4 e3 c5 Bxc4 cxd4 Qxd4 Qxd4
1648,1225,white,60+0,e4 e5 f4 Qf6 Nf3 Bc5 d3 exf4 c3 g5
1280,1428,white,120+0,e4 e5 d4 exd4 c3 dxc3 Bc4 d6 Nf3 Be6
1414,1789,black,780+5,d4 c5 dxc5 e5 e3 Bxc5 Bd3 Nf6 h3 e4
1353,1394,black,300+3,d4 d6 c4 f6 Nc3 e5 d5 c6 e4 Ne7
1511,1761,black,60+1,e4 e6 d4 d5 e5 c5 Be3 Qb6 dxc5 Bxc5
1110,1464,white,300+2,d4 Nf6 e4 Nxe4 f3 Nf6 Bg5 d6 Bxf6 gxf6
1348,1498,black,420+1,e4 e5 Nf3 d6 d4 Bg4 Be2 Be7 Nc3 c6
1461,1093,white,180+5,e3 e5 Qh5 g6 Qxe5+ Be7 Qxh8 f6 Qxh7 d6
1787,1791,black,420+0,d4 d5 c4 c6 Nc3 Nf6 e3 Nbd7 Nf3 e6
1524,1650,draw,300+0,d4 d5 Nf3 e6 g3 Nf6 Bg2 Be7 O-O O-O
1766,1506,white,60+1,e3 d5 d4 e5 dxe5 Nc6 Nf3 f6 exf6 Nxf6
1584,1627,black,300+5,d4 d5 c4 dxc4 e3 Bf5 Bxc4 e6 Nc3 Nf6
1415,1455,black,120+0,e4 c5 Nc3 d6 Bb5+ Nc6 Bxc6+ bxc6 Nf3 e5
1603,1620,white,180+0,d4 d5 c4 c6 Nc3 Nf6 Bg5 e6 e3 Nbd7
1079,1692,black,300+3,e4 e5 Qh5 Nc6 Nf3 g6 Ng5 gxh5
1538,1406,white,120+0,e4 e5 d4 Nc6 d5 Nb4 c3 Na6 b4 b6
1464,1152,draw,180+5,e3 d5 d4 c6 c4 e5 cxd5 Qxd5 Nc3 Qa5
1792,1412,white,780+5,Nf3 d5 c4 Nf6 d4 e6 Nc3 dxc4 e4 Bb4
1512,1476,black,1800+0,e4 c5 Nf3 d6 a3 Nc6 b4 b6 Bb5 Bd7
1632,1580,black,360+3,e4 e5 Nf3 Nc6 c3 Nf6 Bd3 Bc5 Bc2 d6
1634,1354,white,1200+10,e4 e5 Nf3 Nc6 Bb5 d6 O-O a6 Ba4 Nf6
1571,1108,white,300+8,e4 e5 Nf3 Nf6 Nc3 Bc5 d4 Bb6 Nxe5 Qe7
1398,1280,white,120+0,e4 e6 Nf3 g6 d4 Bg7 Nc3 b6 Bg5 f6
1502,1770,black,60+1,e4 e6 d3 d5 Nc3 d4 Nb5 e5 c3 a6
1646,1528,white,300+0,e4 e5 Nf3 d6 Nc3 Nf6 Bc4 Be7 O-O O-O
1691,1366,white,900+10,e4 e5 Nf3 Nc6 Bc4 Nf6 Nc3 Bc5 d3 d5
1667,1684,black,660+3,e4 c5 Bc4 e6 d3 a6 Nf3 Nc6 Nc3 d6
1588,1675,white,180+0,d4 d5 c4 e6 e3 Nf6 Nf3 Bb4+ Bd2 Nc6
1549,1436,white,900+0,e4 e5 Nf3 Nc6 Nc3 Bc5 h3 Nf6 a3 a5
1638,1315,white,420+3,e4 e5 Nf3 Nf6 Nxe5 Bd6 Ng4 Nxg4 Qxg4 Be7
1775,1498,white,0+1,e4 c5 d4 e6 dxc5 d5 cxd6 Bxd6 Nc3 Qc7
1493,1779,white,0+1,e4 e6 d4 d5 e5 c5 c3 Qb6 Qc2 cxd4
1779,1493,white,0+1,e4 c5 Nf3 e6 d4 d5 dxc5 Bxc5 exd5 Qb6
1213,1406,white,120+0,e3 e6 b3 d5 Bb2 Nc6 Nf3 e5 Nxe5 Nxe5
1860,1791,black,240+1,e3 c5 Nc3 d5 Nce2 Nc6 Ng3 e5 a3 Nf6
1608,1759,white,60+0,e4 e6 f4 d5 exd5 exd5 d4 Nf6 Nf3 Bd6
1390,1335,black,120+0,d4 e6 Nf3 g6 Nc3 Bg7 e4 b6 e5 Bb7
1566,1249,white,300+5,e4 e5 Nf3 Bd6 Bc4 Nc6 Nc3 Na5 Bb3 Bb4
1172,1456,black,180+5,d4 d5 c4 e6 Nc3 dxc4 e4 c5 Nf3 Nc6
1557,1103,white,900+0,e3 e5 e4 Qh4 Qf3 Nf6 Nc3 Bc5 g3 Qg4
1573,1313,white,300+8,e4 e5 Nf3 Nc6 Bb5 Bc5 Bxc6 dxc6 Nxe5 Ne7
1539,1624,black,300+0,e4 e5 Nf3 Nc6 Bb5 a6 Bxc6 dxc6 O-O Bd6
1320,1527,white,60+2,e4 c5 Nf3 d6 d4 Nc6 dxc5 dxc5 Qxd8+ Nxd8
1602,1435,white,180+0,d4 d6 c4 e6 Nc3 Nf6 Bg5 Be7 Bxf6 Bxf6
1742,1624,black,60+0,e4 e5 Nf3 Nc6 Bc4 d6 Nc3 Be6 Bxe6 fxe6
1756,1804,black,600+10,d4 Nf6 f4 e6 e3 b6 Nf3 Bb7 Bd3 Be7
1359,1400,black,120+0,d4 e6 e4 g6 Nc3 Bg7 Nf3 b6 Bg5 f6
1412,1378,white,120+0,e3 e5 b3 Nc6 Bb2 d5 g3 d4 Bg2 dxe3
1367,1463,white,120+0,d4 e6 e4 g6 c4 Bg7 Nf3 b6 e5 Bb7
1578,1348,white,120+0,e4 e5 Nf3 Nc6 Nc3 a6 d4 d6 h3 Nf6
1463,1367,white,120+0,e3 e5 Qh5 Qf6 Nf3 Nc6 Nh4 Be7 Qf5 Qxh4
1804,1847,black,240+1,d4 g6 c4 Nf6 Nc3 c6 e4 d5 e5 Ne4
1569,1433,white,300+5,e4 e6 d4 d5 e5 c5 c3 Nc6 Nf3 Qa5
1583,1347,white,120+0,e4 d6 Nc3 c5 Nf3 g6 d4 cxd4 Qxd4 Nf6
1578,1421,white,300+8,e4 e6 Nf3 Nc6 Bb5 a6 Bxc6 dxc6 O-O Bc5
1340,1304,white,360+0,e4 e5 Bc4 Nc6 Qf3 Nf6 g4 Nd4 Qd3 Bc5
1460,1162,white,180+5,e3 d5 d4 c6 Nf3 Bf5 Be2 e6 O-O Bd6
1412,1592,black,300+0,e4 e5 Nf3 Nc6 Nc3 Nf6 Bc4 Bc5 d3 h6
1500,1486,black,600+30,e4 e5 Nf3 Nc6 Bc4 Nd4 Nxd4 exd4 c3 dxc3
1776,1729,black,420+0,d4 d5 c4 c5 Nc3 e6 e3 Nf6 Nf3 Bd6
1127,1053,white,360+3,d4 Nf6 Nf3 d6 g3 c5 Be3 Ne4 Bg2 Qa5+
1625,1647,draw,180+2,e4 e5 Nf3 Nc6 Bc4 Nf6 Ng5 d5 exd5 Na5
1467,1288,white,540+4,e4 c5 a3 e6 b4 d5 exd5 Qxd5 c3 Nf6
1272,1476,black,0+5,c4 e5 d3 Bc5 a3 Nf6 e3 a5 b3 c6
1349,1500,white,120+0,e4 e5 d3 d5 Nf3 f6 Nc3 d4 Ne2 c6
1639,1938,black,60+0,e4 e6 f4 d5 exd5 exd5 d4 Nf6 Nf3 a6
1154,1463,black,180+5,e4 e6 Nf3 Be7 Bd3 Nf6 c3 O-O Bc2 c5
1857,1795,white,240+1,e3 c5 Nc3 d5 Nce2 e5 Ng3 Nc6 a3 Be6
1592,1637,white,300+0,e4 e5 d4 exd4 Qxd4 Nc6 Qe3 d6 Nc3 Nf6
1453,1559,black,600+10,e4 c5 c4 Nc6 Na3 a6 Nf3 h6 Bd3 e5
1772,1693,white,660+3,e4 c5 Nf3 d6 d4 cxd4 Nxd4 e5 Nb5 a6
1390,1742,white,300+0,e4 e5 Nf3 Nc6 d4 exd4 Nxd4 Ne5 Nc3 Qf6
1732,1488,white,1800+0,e4 c5 Nf3 d6 Bb5+ Bd7 Nc3 Bxb5 Nxb5 a6
1943,1635,white,60+0,e4 e5 Nf3 Nc6 Bc4 d6 c3 Be6 Bb5 Bd7
1514,1500,white,60+1,e4 e5 Nf3 Nc6 Bc4 Nf6 Ng5 d5 exd5 Nxd5
1588,1405,white,120+0,e4 a6 Nf3 b5 d4 Bb7 Nc3 b4 Na4 Bxe4
1316,1359,black,120+0,e4 e5 Nf3 d6 d4 exd4 Nxd4 Nc6 Nxc6 bxc6
1633,1844,black,300+8,g3 d5 Bg2 Nf6 d3 c6 e3 e5 Ne2 Bd6
1646,1635,black,300+5,d4 Nf6 c4 e5 Nf3 exd4 Nxd4 c5 Nf3 Nc6
1632,1947,black,60+0,e4 e6 f4 d5 exd5 exd5 d4 Nf6 Nf3 a6
1032,1166,black,360+3,e4 c5 c4 e6 f4 d5 Nc3 Qh4+ g3 Qf6
1900,1764,white,420+0,d4 d5 e3 e6 f4 Nf6 Nf3 c5 c3 Be7
1522,1952,black,60+1,e4 c5 c3 e6 d4 d5 e5 f6 exf6 Nxf6
1426,1577,black,300+5,e4 e5 Nf3 Nc6 Bb5 a6 Bxc6 dxc6 O-O Bd6
1595,1500,black,120+0,e4 Nf6 Nc3 d5 e5 Ne4 Nxe4 dxe4 d4 exd3
1952,1628,white,60+0,e4 e5 Nf3 Nc6 d4 exd4 Nxd4 Nf6 Nxc6 bxc6
1421,1467,black,180+5,e4 e6 d4 c5 d5 exd5 exd5 Nf6 Qe2+ Be7
1633,1500,black,180+0,d4 d5 c4 e6 Nc3 Bb4 e3 Bxc3+ bxc3 Nf6
1500,1465,black,720+5,e4 d5 exd5 Nf6 d4 Nxd5 c4 Nf6 Nf3 Bf5
1625,1956,black,60+0,e4 e6 f4 d5 e5 a6 d4 c5 Nf3 Nc6
1661,1953,white,60+0,e4 c5 c3 e6 d4 d5 e5 f6 f4 Nc6
1786,1866,draw,240+1,d4 g6 c4 c6 Nc3 Nf6 Nf3 d5 cxd5 cxd5
1520,1728,black,60+1,e4 c5 c3 Nf6 d4 Nxe4 Qf3 d5 dxc5 Nxc5
1622,1960,black,60+0,e4 e6 f4 d5 exd5 exd5 d4 Nf6 Nf3 a6
1934,1669,white,60+0,d4 c5 c4 cxd4 Qxd4 Nc6 Qd1 g6 Nc3 Bg7
1267,1369,black,120+0,d4 e5 b3 exd4 Qxd4 Nc6 Qd1 Bb4+ c3 Ba5
1746,1589,white,180+0,e4 e6 Nf3 d5 exd5 exd5 d4 Be6 Bb5+ Nc6
1638,1550,white,1200+10,e4 e6 d4 d5 exd5 Qxd5 Nc3 Qd8 Be3 c6
1762,1640,black,120+4,e4 e6 d4 Ne7 Nc3 Ng6 Nf3 Be7 Bd3 O-O
1907,1682,white,420+0,d4 d5 e3 Bf5 f4 e6 Nf3 Nd7 Bd3 Ne7
1646,1618,white,300+5,e4 e5 f4 exf4 Nf3 Bc5 d4 Bb6 Bxf4 Nf6
1939,1964,white,60+0,d4 e6 c4 d5 Nc3 Nf6 Nf3 c5 Bg5 Nc6
1514,1557,white,60+1,e4 e5 Nf3 Nc6 Bc4 Nf6 Ng5 d5 exd5 Nxd5
1194,1500,black,360+3,d4 e6 Nf3 g6 g3 Bg7 Bg2 Ne7 O-O O-O
1678,1378,black,120+0,e4 e5 Nf3 d6 Bc4 Bg4 d3 Qf6 Nbd2 Nc6
1680,1791,white,60+0,e4 Nf6 e5 Nd5 c4 Nb6 d4 d6 f4 c5
1825,1652,black,120+4,e4 e6 Nf3 Ne7 Nc3 Ng6 d4 Be7 Bc4 O-O
1318,1889,black,600+30,e4 c6 Nf3 g6 d4 Bg7 Be3 Nf6 Bc4 Nxe4
1461,1032,white,300+2,e4 e6 d4 d5 e5 c6 Bf4 Na6 Bd3 Bd7
1863,1788,white,240+1,e3 c5 Nc3 d5 Nce2 Nc6 Ng3 Nf6 Nh5 Bf5
2026,1951,white,60+0,e4 c5 Nf3 e6 Be2 d5 exd5 exd5 O-O Nf6
1583,1479,white,300+5,e4 e5 Nf3 Qf6 Bc4 c6 d3 Bd6 Nc3 h6
1656,1626,black,300+5,e4 e5 f4 exf4 Nf3 Be7 Bc4 Bh4+ Nxh4 Qxh4+
1359,1598,black,360+5,e4 Nc6 Nf3 e5 Bc4 h6 c3 Nf6 Qb3 d5
1567,1567,black,900+0,e4 Nf6 e5 Nd5 c4 Nb6 c5 Nd5 Bc4 e6
1273,1055,white,240+6,e4 d5 f3 d4 Bc4 f5 d3 e6 e5 Qh4+
2040,1942,black,60+0,g3 c5 Bg2 e6 d3 d5 e3 Nf6 Ne2 Be7
1531,1483,white,1800+0,e3 c5 Qh5 d6 Bc4 e6 Qg4 a6 Qd1 b5
1747,1733,white,600+10,d4 d5 e3 Nf6 f4 Bf5 Bd3 Bg6 h4 a6
2040,1942,black,60+0,d4 c5 c3 e6 g3 d5 Bg2 Nf6 e3 Be7
1680,1500,white,1800+0,Nf3 Nc6 d4 e5 dxe5 d6 Bf4 b5 Nbd2 f6
1516,1626,black,600+8,e4 e6 d3 d5 Nc3 d4 Nce2 c5 Nf3 Nc6
1817,1354,white,600+0,c4 e5 Nc3 Nf6 Nf3 Nc6 a3 Bc5 e3 O-O
1414,1274,white,120+0,e4 e5 Nf3 Nc6 d3 Bc5 Nc3 Nf6 Bg5 h6
1648,1228,white,1200+10,e4 e6 d4 d5 exd5 exd5 Nc3 Be6 Nf3 Nc6
1956,1500,white,60+0,d4 d5 c4 e6 Nc3 Nf6 Nf3 Nc6 Bg5 Bb4
1443,1591,white,300+5,e4 e5 Qf3 Nc6 c3 Nf6 Bd3 h6 Bc2 a6
1555,1412,black,900+0,e4 e6 Nf3 g6 Nc3 Bg7 d4 Nc6 Bb5 Nb4
1912,1780,white,420+0,d4 d5 e3 Bf5 Bd3 Bxd3 Qxd3 c6 f4 Nf6
1442,1473,black,900+8,e4 Nc6 Nf3 d5 e5 Bf5 d4 Nb4 Na3 f6
1665,1420,white,120+0,e4 e5 Nf3 d6 Nc3 Nc6 d4 Nf6 dxe5 dxe5
1594,1685,draw,660+3,e4 c5 Bc4 a6 a4 d6 h3 e5 Nf3 Be7
1944,1948,white,60+0,e4 e6 Nf3 d5 e5 a6 d4 c5 Bd3 Nc6
1948,1944,black,60+0,e4 Nf6 Nf3 Nxe4 d4 d5 Bd3 Bg4 a3 e6
1415,1608,black,120+0,c4 e6 Nf3 d5 cxd5 exd5 Nc3 Nf6 e3 Be7
1955,1933,white,60+0,e4 e6 Nf3 d5 exd5 exd5 d4 Nf6 Bg5 Be6
1432,1483,white,720+5,e4 Nc6 Bc4 d6 Qf3 Nf6 h4 Bg4 Qb3 b6
1920,1965,white,60+0,e4 c6 d4 d5 exd5 cxd5 Nf3 Nf6 c4 dxc4
1650,1385,white,1200+10,e4 c6 d4 d5 exd5 Qa5+ Nc3 cxd5 Nf3 e6
1965,1920,black,60+0,e4 e6 Nf3 d5 Nc3 d4 Ne2 c5 Ng3 Nc6
1698,1226,white,900+3,e4 e6 d4 d5 exd5 exd5 Nf3 Nf6 Bg5 Bd6
1500,1685,black,1800+0,e3 c5 Bd3 Nc6 Nc3 g6 Nf3 Bg7 b3 e6
1267,1489,white,480+0,e4 e5 Qh5 Nc6 Bc4 Nh6 Nc3 g6 Qf3 Nd4
1509,1820,black,600+8,e4 c5 d3 Nc6 Nc3 a6 Nf3 e6 a3 Be7
1919,1518,white,420+0,d4 d5 e3 Nf6 f4 e6 Nf3 c5 c3 c4
1493,1409,white,120+0,e4 e5 d4 d6 d5 c6 c4 cxd5 cxd5 Nf6
1936,1953,white,60+0,e4 Nf6 e5 Nd5 a4 d6 c4 Nb6 a5 N6d7
2018,1720,white,0+1,d4 d6 g3 Nf6 Bg2 e6 e3 Be7 Ne2 Bd7
1953,1936,white,60+0,c4 e6 g3 d5 Bg2 Nf6 Nf3 d4 b3 h5
1324,1220,black,420+0,e4 c5 Bc4 Qb6 Nf3 Qb4 Qe2 Qa4 Bb3 Qa5
1400,1502,black,120+0,d4 d5 Nf3 e6 e3 Nf6 Nc3 Bb4 Bd2 c5
2023,1701,black,0+1,e4 Nf6 d3 e5 g3 d6 Bg2 Be7 c4 Be6
1549,1433,black,300+8,e4 d5 exd5 Qxd5 Nc3 Qe6+ Be2 g5 Nb5 Na6
1511,1391,white,120+0,d4 d5 c4 dxc4 e3 Nc6 Bxc4 e6 Nc3 Nf6
1585,1689,black,300+8,e4 g6 Nf3 Bg7 d4 d6 c4 Bg4 Be2 Nc6
1922,1963,white,60+0,d4 d5 c4 c6 Nf3 e6 Nc3 dxc4 a3 b5
1286,1575,black,480+0,e4 e5 Qh5 Nc6 Bc4 g6 Qf3 Nf6 Nc3 Nd4
1431,1471,white,900+8,e4 d5 Qf3 Nf6 e5 Ne4 Nc3 Nxc3 Qxc3 Nc6
1710,1938,black,60+0,d4 e6 c4 d5 Nf3 Nf6 e3 c5 a3 Nc6
1589,1625,white,180+0,e4 e5 Bc4 Nc6 Bxf7+ Kxf7 f4 Nf6 Nf3 exf4
1383,1518,black,120+0,d4 d5 Nf3 e6 Nc3 Nf6 e3 c5 Bd3 cxd4
1745,1670,white,60+0,d4 c5 Nf3 cxd4 Nxd4 Nc6 Nf3 g6 e4 Bg7
1834,2113,black,180+1,e4 e5 Nf3 Nc6 c3 Nf6 d4 Nxe4 d5 Ne7
1661,1753,black,60+0,e4 d6 Nf3 e5 Nc3 Nc6 d4 Be6 d5 Bg4
1921,1762,black,420+0,d4 d5 e3 c6 f4 g6 Bd3 Bg7 Nf3 Nf6
1718,1682,white,660+3,e4 e5 f4 d6 Bc4 Be7 Nc3 Nf6 Nf3 Bg4
1706,1796,white,60+0,d4 Nc6 Bf4 d5 Nc3 Bd7 Nb5 Rc8 e3 e6
1526,1376,white,120+0,d4 d5 c4 e6 e3 Nf6 cxd5 Nxd5 Nc3 Bb4
1012,1224,white,600+5,e4 e6 e5 d5 d4 Nc6 Nf3 Bd7 c3 Nh6
1460,1473,black,1800+0,e4 c5 e5 Nc6 Nf3 f6 Bb5 Nxe5 Nxe5 fxe5
1409,1500,black,1800+0,d4 d5 c4 Nc6 e3 Bf5 Bd3 Bxd3 Qxd3 Nb4
1761,1653,white,60+0,d4 c5 d5 d6 c4 e5 Nf3 Nf6 Nc3 g6
1576,1697,black,300+8,e4 d5 exd5 Qxd5 Nc3 Qa5 Bb5+ c6 Be2 g6
1735,1718,white,60+0,e4 d5 Nf3 dxe4 Nd4 Qxd4 d3 exd3 Bxd3 e6
1282,1579,black,480+0,e4 e5 Nf3 Nc6 d4 exd4 Nxd4 Nxd4 Qxd4 d6
1369,1533,black,120+0,d4 d5 Nf3 e6 Nc3 Nf6 e4 dxe4 Ng5 h6
1645,1769,black,60+0,e4 g6 Nf3 Bg7 Nc3 Nc6 d4 e5 d5 Nd4
2131,1830,white,180+1,d4 d5 Nf3 Bf5 c4 c6 h3 Bxb1 Rxb1 Nf6
1602,1771,black,180+0,e4 c5 Bc4 d6 Bxf7+ Kxf7 f4 Nf6 d3 Nc6
1447,1534,black,300+8,d4 d5 e3 Bf5 g4 Bg6 f4 e6 g5 h6
1776,1638,white,60+0,d4 c5 d5 d6 c4 e5 dxe6 Nf6 exf7+ Kxf7
1777,1595,draw,180+0,d4 d5 c4 Bf5 Nc3 e6 Nf3 Bb4 a3 Bxc3+
1631,1783,black,60+0,e4 d6 Nf3 g6 Nc3 Bg7 d4 Nd7 Bg5 f6
1644,1592,white,300+3,e4 d6 d4 Nf6 Bd3 g6 c4 c6 Nc3 Bg7
1789,1624,white,60+0,d4 c5 Nf3 cxd4 Nxd4 Nc6 Nf3 g6 c4 Bg7
1624,1789,white,60+0,e4 d6 Nf3 g6 Nc3 Bg7 d4 Nd7 Bc4 e6
1792,1500,white,120+0,e4 d5 Nf3 Bg4 exd5 Bxf3 Qxf3 Nf6 c4 e5
1906,1824,black,900+0,d4 Nf6 Nf3 e6 c4 b6 e3 Bb7 g3 c5
1404,1388,black,300+3,e4 e5 Nf3 Nc6 Bb5 Nge7 c3 a6 Ba4 b5
1500,1672,white,600+3,e4 e5 Bc4 Nf6 d3 Bc5 Be3 Bb4+ c3 Be7
1476,1585,black,480+4,e4 e5 g3 Bc5 c3 Nf6 Bg2 d6 h3 O-O
1601,1647,white,180+0,e4 e6 f4 g6 Nf3 Bg7 e5 d6 d4 dxe5
1278,1500,white,480+0,e4 e5 Qh5 Nf6 Qf3 Bd6 Bc4 O-O Nc3 Be7
1500,1583,white,300+8,e4 e5 f4 exf4 Bc4 Nc6 Nf3 h6 O-O Nf6
1677,1461,white,300+4,e4 e6 Nf3 d5 exd5 exd5 d4 Bd6 Bd3 Ne7
1808,1784,white,300+2,e4 c5 Nf3 d6 d4 cxd4 Nxd4 Nf6 Nc3 a6
1611,1463,white,180+0,e4 e5 Bc4 c6 Bxf7+ Kxf7 f4 d6 Nf3 Bg4
1635,1484,black,1800+0,e4 c5 c4 d6 d3 Nc6 Nc3 Nf6 Bg5 g6
1577,1295,white,900+2,e4 c6 Nf3 d5 exd5 cxd5 d4 e6 Nc3 Nc6
1703,1773,black,120+2,d4 d5 Nf3 Bf5 c4 c6 Nc3 e6 Qb3 Qb6
1500,2146,black,240+0,d4 d5 Bf4 e6 e3 Bd6 Bxd6 cxd6 Nf3 Nc6
1721,1780,black,300+8,e4 e5 f4 exf4 Bc4 d6 Nf3 Be6 Bxe6 fxe6
1290,1573,black,480+0,e4 e5 Nc3 Nf6 Nd5 Nc6 Nxf6+ Qxf6 Bb5 Nd4
1600,1704,black,480+3,e4 d5 exd5 Qxd5 Nc3 Qa5 d3 g6 Bd2 Bg7
1568,1552,black,300+8,e4 e5 Nf3 Nf6 Bc4 Bc5 Nxe5 Qe7 Nf3 Qxe4+
1614,1506,black,180+0,d4 Nf6 Nc3 e6 a3 b6 Bf4 Bb7 Nb5 Na6
1618,1456,white,180+0,e4 e6 f4 d5 e5 Nc6 Nf3 Bc5 d4 Bb6
1583,1432,white,300+3,e4 d6 Nf3 c5 d4 Nc6 d5 Na5 Be2 e6
1653,1686,black,180+8,e4 e5 f4 d6 Bc4 Nc6 h3 Nf6 Nc3 Be6
1592,1731,black,480+3,e4 b6 d4 Bb7 Nc3 g6 Bd3 Bg7 Be3 e6
1774,1824,black,300+2,c4 c5 Nf3 Nc6 d4 cxd4 Nxd4 d6 Nc3 Nf6
1618,2081,black,60+0,e4 Nf6 Nc3 d5 e5 Nfd7 d4 c5 Nf3 e6
1806,1782,black,360+2,e4 c6 Bc4 d5 exd5 cxd5 Bb3 Nc6 a3 Nf6
1683,1658,black,300+4,d4 d5 Nf3 Bg4 Nc3 Nf6 Bg5 Nc6 Bxf6 gxf6
1712,1662,white,600+3,g3 d5 Bg2 e5 d3 f5 b3 c6 Bb2 Bd6
2082,1616,white,60+0,e4 c5 Nc3 g6 Nf3 Bg7 d4 cxd4 Nxd4 Nc6
1463,1561,black,300+2,e4 Nc6 d4 e5 c3 exd4 Bc4 dxc3 Nf3 cxb2
1787,1620,white,300+8,e4 e6 d4 d5 exd5 Qxd5 Nc3 Qd6 Nf3 Nc6
1655,1291,white,1200+10,e4 e6 d4 d5 exd5 exd5 Nc3 Qe7+ Be3 Be6
1615,2084,black,60+0,e4 Nf6 e5 Nd5 d4 d6 c4 Nb6 exd6 exd6
1572,1540,white,60+2,e4 c5 Nf3 d6 Bc4 Nc6 O-O Nf6 d4 cxd4
1041,1410,white,300+0,e3 e5 d3 Nc6 c3 Nf6 Bd2 d5 Ne2 Be7
1423,1634,black,480+4,e4 e6 e5 c5 d3 Nc6 Nf3 Qc7 Bf4 d5
2086,1613,white,60+0,e4 c5 d4 cxd4 c3 Nc6 cxd4 d6 Nf3 g6
1794,1543,black,360+2,e4 d6 Bc4 Nf6 d3 c5 Nc3 Nc6 a3 g6
1643,1564,white,600+10,e4 g6 d4 Bg7 e5 e6 Nc3 Ne7 Bd3 O-O
1871,1795,white,60+0,d3 d6 Be3 e5 g3 c6 Bh3 Nf6 Bxc8 Qxc8
1444,1206,white,900+8,e4 e5 Nf3 Nc6 Nc3 Bb4 Nd5 Nf6 Nxb4 Nxb4
1582,1614,black,60+2,e4 c6 Nf3 d5 Ne5 Nf6 d3 dxe4 c3 Nbd7
1500,1679,white,60+0,d4 d5 Bf4 Nf6 Nc3 a6 e3 Nc6 Nf3 Bf5
1947,1633,black,60+0,d3 d5 Nf3 Bg4 h3 Bxf3 exf3 Nf6 Bg5 e6
2088,1788,black,0+1,e4 e6 Nc3 Nc6 Nf3 d5 d4 dxe4 Nxe4 Nge7
1455,1355,white,180+0,d4 e6 a3 c5 e3 Nc6 dxc5 Bxc5 b4 Bf8
1788,2088,black,0+1,d4 Nf6 Nf3 c5 e3 d5 dxc5 e6 Bb5+ Nc6
1572,1668,white,60+2,e4 c5 Nf3 Nc6 Bc4 d6 Bxf7+ Kxf7 Ng5+ Ke8
1801,1787,black,60+0,e4 d5 Bb5+ c6 Bd3 dxe4 Bxe4 Nf6 Bd3 e5
1793,2151,black,240+0,d4 e6 c4 Nf6 Nc3 Bb4 Bg5 c5 e3 Qa5
1460,1389,white,360+0,e4 e5 Ne2 Nf6 d3 Bd6 c4 O-O a3 Re8
1784,2092,white,0+1,d4 Nf6 Nf3 c5 e3 cxd4 exd4 d5 Be2 e6
1913,1484,white,60+0,d4 d5 Bf4 Nc6 Nc3 Bf5 Nb5 Rc8 e3 f6
1650,1529,black,60+2,e4 c5 Bc4 d6 Nf3 Nf6 Ng5 e6 d4 cxd4
2068,1803,black,0+1,e4 d6 Nc3 g6 Nf3 Bg7 d4 Nf6 Be2 Nfd7
1838,1764,white,300+2,e4 c5 Nf3 d6 d4 cxd4 Nxd4 Nf6 Nc3 a6
1741,1376,white,60+0,e4 Nc6 Nf3 e5 Bb5 Qf6 Bxc6 dxc6 O-O Bc5
1821,2045,black,0+1,d4 Nf6 c3 e6 Nf3 d5 e3 Be7 Be2 O-O
1757,1933,black,60+0,e3 d5 Bb5+ c6 Be2 Nf6 d4 Bf5 Nf3 Na6
1816,2051,black,0+1,d4 Nf6 c3 e6 e3 d5 Nf3 c6 Be2 Nbd7
1651,1457,white,600+10,e4 e5 Nf3 f6 Nc3 c5 d3 Nc6 Be2 Nd4
1586,1482,black,60+2,e4 e5 Nf3 Nc6 Bc4 Bc5 d4 exd4 c3 Nge7
1455,1548,white,300+2,e4 e5 d4 exd4 c3 dxc3 Bc4 cxb2 Bxb2 d6
1657,1513,white,1200+10,e4 e5 Nf3 Nc6 Bb5 Nd4 Bc4 b5 c3 bxc4
2057,1812,white,0+1,e4 d6 d4 g6 Nc3 Bg7 f4 Nd7 Nf3 b6
1795,1307,black,600+4,Nf3 c5 e4 Nc6 c3 g6 e5 Bg7 d4 cxd4
2162,1790,white,240+0,e4 c6 d4 d5 e5 Bf5 c3 e6 Nf3 Ne7
1126,1347,black,300+0,e3 e5 d3 d5 c3 c5 Bd2 d4 Ne2 Nc6
1807,2063,black,0+1,Nc3 d5 b3 d4 Bb2 dxc3 dxc3 Qxd1+ Rxd1 Nf6
1775,1028,white,360+2,e4 e6 f4 d5 e5 Bd7 d4 Nc6 c3 Qe7
1585,1577,black,480+3,e4 e6 d4 Be7 d5 Bg5 Bxg5 Qxg5 Bd3 Qe7
2068,1803,white,0+1,e4 d6 d4 g6 f4 Bg7 Nf3 Nd7 e5 b6
1985,1351,white,60+0,d4 d5 Bf4 c6 Nc3 Nf6 e3 e6 Nf3 Nbd7
1670,1429,white,300+4,e4 e5 Nf3 d6 Bc4 Bg4 O-O c6 b4 Nf6
1803,2068,black,0+1,Nc3 d5 b3 d4 Bb2 dxc3
1847,1682,white,300+15,d4 f5 e3 Nf6 c4 e6 a3 Be7 b4 O-O
2073,1798,white,0+1,e4 d6 d4 g6 Nc3 Bg7 f4 c5 d5 Bxc3+
1380,1569,black,120+3,c4 Nc6 d3 Nf6 e4 e5 Nc3 a6 Nge2 Bc5
1202,1484,black,900+10,d4 b6 e3 Bb7 Nf3 Bxf3 Qxf3 Nc6 Bd3 h5
1775,1669,white,360+2,e4 d5 exd5 Qxd5 Nc3 Qa5 Bc4 Nf6 d3 Bg4
1794,2078,black,0+1,d4 c5 Nf3 cxd4 Nxd4 e5 Nf3 e4 Nfd2 d5
1393,1579,black,720+4,e4 Nf6 Nc3 d5 e5 Ne4 Nxe4 dxe4 d4 exd3
1435,1403,black,480+0,e3 e5 d4 d6 dxe5 dxe5 Qxd8+ Kxd8 Bd2 Nc6
2083,1790,white,0+1,e4 d6 f4 g6 Nf3 Bg7 d4 Nd7 Bc4 Ngf6
1790,2083,black,0+1,e3 d5 b3 c5 Bb2 Nc6 Ne2 e5 g3 Nf6
2083,1790,white,0+1,e4 d6 d4 g6 Nc3 Bg7 f4 Nd7 Nf3 b6
1755,1850,white,300+2,c4 c5 Nf3 Nc6 d4 cxd4 Nxd4 d6 g3 Nf6
1598,1497,white,1800+0,e4 c5 Bc4 Nc6 Qf3 e6 Nc3 Nf6 d3 g6
1787,2087,black,0+1,d4 c6 Nf3 d5 e4 Nf6 e5 Ng4 Nc3 h5
1487,1710,black,420+0,e3 e5 Be2 d5 Bg4 Bxg4 Qxg4 Nf6 Qe2 Nc6
1994,1644,black,60+0,d4 d6 Bg5 g6 e4 Bg7 e5 f6 exf6 exf6
2091,1783,white,0+1,e4 d6 d4 g6 Nc3 Bg7 f4 Nd7 Nf3 b6
1788,1750,white,300+2,d4 d5 c4 c6 Nc3 dxc4 a4 g6 e4 e6
1783,2091,white,0+1,d4 c5 dxc5 e6 Nc3 Bxc5 Nf3 Qb6 e3 Nf6
1407,1656,black,600+10,e4 e5 f4 exf4 h4 d6 d3 Nf6 Bxf4 Nc6
1282,1390,black,180+2,d4 d5 g3 Nc6 Bg2 Nf6 f3 e6 e4 dxe4
1905,1516,white,420+0,d4 d5 e3 e6 f4 c5 c3 Nc6 Bd3 c4
2068,1779,white,0+1,e4 d6 Nc3 g6 f4 Bg7 Nf3 Bxc3 bxc3 Nd7
1876,1575,black,120+3,e4 Nc6 d4 e5 d5 Nce7 c4 Ng6 Nc3 Bc5
1661,1842,black,60+0,d4 d5 c4 dxc4 e3 Nc6 Bxc4 Nf6 Nf3 Na5
1570,1028,white,300+4,e4 e6 d4 d5 e5 Nc6 f4 Qe7 Nf3 Bd7
1379,1606,white,300+8,e4 d5 exd5 Qxd5 Nc3 Qd8 Nf3 Nc6 g3 Bg4
1815,1564,white,600+5,e4 e5 Nf3 Nf6 Nxe5 Qe7 Nf3 Qxe4+ Qe2 Be7
1775,2072,black,0+1,d4 Nf6 Nf3 e6 c3 d5 e3 c6 Be2 Nbd7
1725,1421,white,60+0,e4 g6 Bc4 Bg7 Qf3 e6 Nh3 c6 Ng5 f6
1572,1158,white,60+2,e4 e5 Nf3 Nf6 Ng5 h6 Nxf7 Kxf7 Bc4+ d5
1881,1656,white,60+0,d4 d6 Bf4 g6 e4 Bg7 e5 dxe5 dxe5 Bf5
2077,1772,white,0+1,e4 d6 d4 g6 Nc3 Nd7 f4 Bg7 e5 dxe5
1784,1018,white,360+2,e4 c6 f4 e6 Nf3 Ne7 d4 d5 e5 Qa5+
1637,1383,white,300+2,e4 g6 Nc3 Bg7 d4 Nc6 Nf3 d6 Bb5 Bd7
1651,1909,black,60+0,e4 d5 exd5 Qxd5 d4 Qe4+ Be2 Nc6 Be3 Nb4
1676,1889,white,300+15,e4 e5 Qh5 d6 Bc4 Qe7 Nc3 Nf6 Qe2 Bg4
1661,1374,black,600+10,e4 e5 Nf3 Nc6 Bb5 d5 Bxc6+ bxc6 exd5 cxd5
2081,1768,white,0+1,e4 e5 Nc3 Nc6 f4 f5 Nf3 fxe4 Nxe4 exf4
1424,1675,white,300+4,e4 e5 f4 Nc6 Nf3 d6 Bc4 Bg4 Bxf7+ Kxf7
1747,1481,white,600+0,e4 e5 Nf3 Nf6 Bc4 Nc6 d3 Bc5 Bxf7+ Kxf7
1764,2085,black,0+1,e4 c5 Nf3 d6 d4 cxd4 Nxd4 Nf6 Nf3 Nxe4
1931,1646,white,60+0,d4 d5 Bf4 e6 Nc3 Nf6 Nb5 Na6 e3 Bd7
1585,1228,white,900+12,e4 e6 f4 Qf6 d4 Bb4+ c3 Ba5 b4 Bb6
1624,1374,white,180+0,e4 e5 Bc4 f6 Bf7+ Kxf7 f4 exf4 Nf3 Bd6
1742,1744,black,60+0,e3 e5 d3 d6 f3 Nc6 Be2 Nf6 Bd2 Be7
1363,1415,white,720+4,e4 e5 d4 d6 d5 Nf6 Bd3 Ng4 Nf3 Qf6
2089,1761,white,0+1,e4 d6 d4 g6 Nc3 Bg7 f4 Nd7 Nf3 b6
1761,2089,black,0+1,Nc3 d5 b3 d4 Nb1 e5 e3 Nf6 exd4 exd4
1751,1476,white,600+0,e4 c6 Nf3 e6 e5 Bc5 d4 Bb4+ c3 Ba5
1907,1948,black,420+0,d4 Nf6 f4 c5 e3 cxd4 exd4 g6 Nf3 Bg7
1482,1466,white,420+0,e3 d5 Be2 e6 d4 c5 dxc5 Bxc5 Nf3 Nf6
2093,1757,white,0+1,e4 d6 d4 Nc6 Nc3 f6 f4 e6 Nf3 Be7
1665,1200,white,1200+10,e4 e5 Bc4 Qh4 Qf3 Nf6 d3 Bb4+ c3 Bc5
1754,2096,black,0+1,Nc3 d5 b3 d4 Nb1 e5 e3 c5 exd4 exd4
1784,1221,draw,360+2,e4 c5 Bc4 Nc6 a3 Nf6 d3 e6 f4 d5
1236,1398,black,180+2,d4 d5 c4 dxc4 e3 Be6 Na3 Nf6 Nxc4 Bxc4
1471,1756,white,600+0,d4 d5 c4 dxc4 Qa4+ c6 Bf4 g6 e3 Bg7
1456,1643,black,600+4,d4 Nf6 Qd3 d5 f3 e6 g3 c5 Be3 Nc6
1657,1433,white,60+0,e4 d6 Bc4 e6 Qf3 Nf6 Qb3 Nc6 Bb5 Bd7
1948,1943,white,60+0,d4 e6 Bf4 d5 Nc3 a6 e3 Nf6 Nf3 c5
1693,1755,black,60+0,e3 e6 d3 d5 f3 Nf6 Be2 Bd6 Bd2 O-O
1751,2100,black,0+1,d4 e5 Nf3 e4 Nfd2 d5 c4 c6 e3 Nf6
1994,1931,white,60+0,d4 e6 Bf4 d5 Nc3 g6 Be5 f6 Bg3 a6
1383,1544,white,60+2,e4 c5 Nf3 d6 d3 Nc6 Nc3 Nf6 Bd2 g6
1571,1469,white,300+4,e4 Nf6 e5 Nd5 c4 Nb6 d4 d6 f4 Bf5
1864,1798,black,180+0,g3 d5 Nf3 c5 Bg2 Nc6 d3 Bf5 Nc3 e6
2104,1748,white,0+1,e4 d6 Nc3 g6 f4 Bg7 Nf3 Nd7 d4 c6
1573,1593,white,480+3,e4 e5 Nf3 d6 d4 exd4 Nxd4 c6 Bf4 Be7
1745,2107,black,0+1,d4 c5 Nf3 cxd4 Nxd4 e5 Nf3 e4 Nfd2 d5
1267,1497,white,900+10,d4 b6 Nf3 Bb7 g3 Bxf3 exf3 a5 Bg2 d5
1675,1032,white,60+0,e4 e5 Bc4 Nc6 Bxf7+ Kxf7 Qf3+ Qf6 Nh3 Qxf3
1375,1641,black,300+2,g3 d5 Bg2 Nf6 Nf3 Nc6 d4 e6 Bg5 Be7
1208,1197,white,600+5,e4 e6 d4 d5 Nc3 Na6 Nf3 Be7 Bf4 Nf6
2171,1810,white,120+2,e4 c6 d4 d5 Nd2 dxe4 Nxe4 Bf5 Ng3 Bg6
1677,1455,white,60+0,e4 e6 Bc4 d5 exd5 exd5 Bb5+ c6 Qe2+ Be7
1775,1692,black,600+4,Nf3 f5 d4 Nf6 Bg5 e6 Nc3 Be7 Bxf6 Bxf6
2028,2110,white,60+0,d4 Nf6 Bf4 e6 e3 d5 Nf3 Bd6 Nc3 Bxf4
1550,1675,white,300+4,e4 c5 Bc4 e6 Nc3 Nc6 Nf3 Nf6 O-O d6
2094,2074,white,60+0,e4 d5 exd5 Qxd5 Nc3 Qe5+ Be2 Bg4 d4 Bxe2
1753,1582,white,1080+12,e4 e5 d4 exd4 Nf3 Nc6 Nxd4 Qf6 Be3 Bc5
1456,1716,white,180+5,d4 d5 c4 e6 a3 Nf6 Nc3 Be7 c5 c6
2042,2106,black,60+0,d4 Nf6 Bg5 e6 Bxf6 Qxf6 e4 Qd8 e5 d6
1353,1500,white,300+4,e4 e5 Nf3 Nc6 d4 Nxd4 Nxe5 c5 Bb5 Nxb5
1493,1757,black,420+0,e3 d5 Be2 e5 Bg4 Nf6 Bxc8 Qxc8 Nf3 e4
2117,2016,white,60+0,e4 d5 exd5 Qxd5 Nc3 Qd8 Bc4 Bf5 Nf3 e6
2181,1959,white,300+0,g3 d5 Nf3 Nc6 Bg2 e5 d3 Nf6 O-O Be7
1995,2127,draw,60+0,d4 Nf6 Bf4 c5 e3 e6 Bc4 d5 Bb5+ Nc6
1522,1808,black,240+4,e4 c6 Bc4 d5 exd5 cxd5 Bb3 Nc6 Qf3 Nf6
1637,1820,black,600+5,e4 c5 Ne2 e6 c4 Nc6 d3 Qc7 a3 Nf6
2122,2005,white,60+0,e4 d5 exd5 Qxd5 Nc3 Qe5+ Be2 Bg4 d4 Bxe2
1420,1403,white,720+4,e4 d5 e5 d4 d3 f6 exf6 exf6 Nf3 h6
2005,2122,black,60+0,d4 d5 Bf4 c5 Nc3 cxd4 Qxd4 Nf6 Qa4+ Nc6
1775,1622,black,360+2,e4 e6 f4 d5 e5 c5 d4 Nc6 Be3 cxd4
1368,1806,black,300+0,g3 e5 Bg2 d5 a4 Nf6 c3 Bd6 b4 O-O
1898,1645,white,420+0,d4 d5 e3 Nf6 f4 Nc6 c3 e6 Bd3 Bd6
1648,1565,black,300+4,e4 e5 Bc4 Bc5 Nf3 Nc6 O-O h6 a3 Nf6
1718,1574,black,600+0,e4 e5 Nf3 d6 Bc4 Be7 d3 Nf6 Bxf7+ Kxf7
2131,1987,white,60+0,e4 d5 exd5 Qxd5 Nc3 Qd8 Bc4 Bf5 d4 Nc6
1405,1324,white,180+2,e4 e5 Nf3 Nf6 Nc3 Bb4 Bc4 Bxc3 bxc3 h6
1972,2139,black,60+0,d4 Nf6 Bg5 c5 Bxf6 gxf6 dxc5 e5 e4 Bxc5
1585,1581,black,480+3,e4 e5 d4 exd4 Qxd4 Nc6 Qd1 Bc5 Nf3 d6
1500,1488,black,1800+0,e4 c5 Bc4 Nc6 Qf3 e6 Nc3 Nf6 d3 a6
1667,1296,white,1200+10,e4 e5 Nf3 d6 Bc4 h5 d3 h4 h3 c6
1649,1519,black,300+8,e4 e5 Nf3 Nf6 Nxe5 Qe7 Nf3 Nxe4 Nc3 Nxc3+
1450,1197,white,900+8,e4 e5 Nf3 Nf6 Nxe5 Nxe4 Qf3 Qf6 Qxe4 Bd6
1343,1663,black,300+0,d3 b6 Nf3 Bb7 Nd4 g6 Bf4 d6 c3 e5
1555,1411,white,300+8,e4 c5 Nf3 e6 Nc3 Nc6 Bb5 Nd4 Nxd4 cxd4
1789,1537,draw,300+15,e4 e5 d3 Bc5 Qf3 Nf6 Be3 Bb6 Bxb6 axb6
1579,1623,black,300+4,e4 e5 Bc4 Nf6 Nc3 Nc6 Nf3 d6 Ng5 d5
1737,1611,white,300+8,d4 c5 dxc5 Qa5+ c3 Qxc5 a3 e5 e3 Nc6
1363,1273,white,300+4,e4 d5 exd5 Qxd5 Nc3 Qe5+ Nge2 Nc6 d4 Qf6
1954,2198,black,300+0,d4 g6 c4 Bg7 Nc3 d6 e4 Nf6 Be2 O-O
1426,1425,white,600+7,e4 e5 Nf3 Nc6 a3 Nf6 Nc3 d6 d4 Bg4
1489,1670,white,420+0,e3 e5 Be2 Qg5 g3 d6 Bf3 Nf6 d4 e4
1526,1461,white,180+0,d4 Nf6 Nc3 d5 Bf4 c6 Be5 Bf5 Bxf6 gxf6
1703,1414,black,600+0,e4 d6 Nf3 e6 d4 Nf6 Bd3 Nc6 O-O d5
1592,1574,white,480+3,e4 e5 f4 exf4 Nf3 d6 Bc4 Bg4 d4 Bxf3
1641,1811,white,300+2,e4 c6 Nc3 d5 exd5 cxd5 Nf3 Bg4 Be2 e6
1670,1593,black,1200+10,e4 e5 Nf3 Bc5 Bc4 Nf6 d3 O-O Bg5 c6
1564,1603,black,480+3,e4 e5 Nf3 Nc6 Bb5 Bc5 Bxc6 bxc6 d4 exd4
1759,1435,white,600+4,Nf3 d5 c4 Nf6 d4 dxc4 Nc3 e6 e4 Nc6
1633,1491,black,300+0,e4 e5 Qh5 d6 Bc4 g6 Qf3 Nf6 d3 Bg7
1474,1505,black,180+5,d4 e6 a3 Be7 c4 Bg5 Bxg5 Qxg5 Nc3 Nh6
1545,1754,white,300+15,d4 e6 e4 Bb4+ c3 Ba5 b4 Bxb4 cxb4 Qe7
1569,1831,black,300+4,e4 c5 Bc4 Nc6 Nf3 d6 Ng5 e6 O-O Qxg5
1462,1394,black,720+4,e4 e5 d4 d5 exd5 Qxd5 Nf3 Nc6 Nc3 Qd6
1559,1593,black,300+8,c4 e5 d3 Bc5 e4 Nf6 Nc3 d6 Bg5 h6
1563,1728,white,300+8,e4 Nc6 Nf3 e5 Bb5 Qf6 O-O a6 Be2 Bc5
1664,1722,white,900+0,e4 g6 Nf3 Bg7 Bc4 d6 d3 c6 h3 a5
2213,1948,white,300+0,e4 e6 d4 c5 d5 e5 Nf3 d6 a4 Be7
1500,1461,black,420+1,e4 b6 Bc4 Bb7 d3 g6 Nc3 Bg7 h3 e6
1516,1601,black,300+0,e3 e5 Be2 Qg5 g3 Nc6 d3 b6 e4 Bb7
1506,1518,white,240+4,d4 d5 e3 Bf5 f4 h6 Nf3 f6 Bd2 Be4
1944,1654,white,300+0,d4 d5 c4 e6 Nc3 Nf6 Bg5 Be7 cxd5 Nxd5
1419,1763,black,600+4,e4 e5 d4 exd4 Nf3 c5 c4 d6 Bg5 Be7
1226,1752,black,60+0,e4 c5 d4 Nc6 dxc5 e6 Bb5 Bxc5 Bxc6 bxc6
1920,1846,white,120+0,e4 Nc6 Nf3 e5 c3 d5 d4 dxe4 Ng5 f5
1234,1616,black,300+2,e4 e5 Bc4 Nc6 Nf3 Nd4 d3 d6 Ng5 Be6
1304,1683,black,420+1,e4 e5 Bc4 Nc6 d3 Bc5 Nc3 Nf6 h3 h6
1514,1741,black,300+2,e4 e5 Nf3 Nc6 Nc3 a6 d4 Bd6 d5 Nce7
1264,1414,black,180+2,d4 d5 e3 Nc6 b3 Nf6 f3 Bf5 Bb2 Nb4
1365,1618,black,300+0,g3 e6 d3 b6 Bg2 c6 Nf3 Bb7 O-O Na6
1683,1590,white,600+0,e4 e6 e5 Be7 d4 Bg5 Nf3 Bxc1 Qxc1 d6
1837,1931,black,120+0,e4 e6 d4 d5 Nc3 a6 Nf3 Nf6 Bg5 h6
1677,2126,black,900+0,e4 c5 Nf3 Nc6 Bc4 e6 Nc3 a6 a3 Nf6
1802,1365,white,60+0,e4 e5 Nf3 d6 Bc4 c5 O-O Be6 Nc3 Bxc4
1257,1421,white,180+2,d4 d5 g3 Nc6 Bg2 Nf6 f3 Bf5 e3 Nb4
1587,1475,white,900+0,e4 e5 Qf3 d5 exd5 Nf6 c4 Bc5 h3 e4
1804,1500,white,60+0,d4 d5 c4 dxc4 Nc3 Nf6 e4 Nc6 Bxc4 e6
1593,1818,white,180+0,g3 e6 Bg2 d5 e3 c5 Ne2 Nc6 O-O Nf6
1745,1818,black,300+2,d4 Nf6 a3 g6 e3 Bg7 Nf3 d5 c4 O-O
1686,1273,white,420+1,e4 e5 Nf3 Nc6 Bc4 Bc5 O-O d6 c3 h6
1429,1810,black,60+0,e4 d5 f3 dxe4 fxe4 e5 Nc3 Nf6 Bc4 Bc5
1443,1453,black,420+1,e4 g6 f4 Bg7 e5 d6 Nf3 Bg4 d4 Nc6
1444,1369,white,420+1,b4 e6 Bb2 Qg5 Nf3 Qg6 e3 Bxb4 Bd3 Qxg2
2132,1549,white,480+8,e4 e5 Nf3 Nf6 d4 Bb4+ c3 Bd6 dxe5 Bxe5
1712,1580,draw,300+8,e4 c5 Bc4 Nc6 Nc3 Nf6 Nf3 e6 e5 Ng4
1334,1419,black,180+0,d4 d5 c4 c6 Nc3 Nf6 Nf3 e6 g3 Bb4
1814,1390,white,60+0,e4 d5 exd5 Qxd5 Nf3 e5 Be2 e4 Ng1 e3
1692,1818,white,600+0,e4 e5 Nf3 Nc6 Bc4 h6 d3 Nf6 c3 Bc5
1500,1432,white,0+1,e4 a6 Nf3 b6 Bc4 c6 d3 d6 h3 e6
1404,1274,white,180+2,e4 d5 exd5 Qxd5 Nc3 Qe6+ Be2 c5 Nf3 h6
1494,1951,black,300+0,e4 e5 Nf3 Nf6 Nc3 Nc6 Bc4 Bc5 O-O O-O
1603,1948,black,300+0,e4 e5 d4 exd4 c3 Qe7 Bc4 Qxe4+ Kf1 d5
1507,1799,white,180+0,e3 e6 Be2 d5 d4 c5 b3 Nc6 Bb2 Nf6
1415,1603,black,720+4,e4 c5 d4 cxd4 Qxd4 Nc6 Qd1 g6 c3 Bg7
1630,1362,white,180+0,d4 Nc6 d5 Ne5 f4 Nc4 e4 b5 b3 Nd6
1429,1229,white,180+0,e4 e6 d4 Bd6 Nf3 e5 Nc3 exd4 Nxd4 Bc5
1718,1983,white,300+8,e4 c5 f4 Nc6 Nf3 g6 Bb5 Bg7 O-O Nf6
1527,1528,draw,600+10,e4 e5 f4 Nc6 Nf3 d6 Bc4 h6 fxe5 Bg4
1473,1766,black,120+0,d4 Nf6 c4 d5 Nc3 e6 Nf3 Bb4 Qa4+ Nc6
1827,1737,white,300+2,Nf3 d5 b3 e6 Bb2 Nf6 e3 Be7 d4 a6
1769,1613,black,180+5,c4 e5 Nc3 Nf6 Nf3 Nc6 g3 Bb4 Bg2 d6
1347,1464,black,420+1,e4 g6 d4 Bg7 Nf3 e6 g3 Ne7 Bg2 O-O
1654,1306,white,180+0,d4 d5 Nc3 e6 a3 f5 Bf4 Nf6 Nb5 c5
1729,1779,black,180+0,d4 e6 c4 d5 Nc3 c6 e3 Nf6 Nf3 Bd6
1211,1436,white,180+0,e3 e5 Bc4 Nc6 Qh5 g6 Qf3 Nf6 g4 Be7
1953,1852,white,300+0,d4 e6 c4 d5 Nc3 Nf6 Bg5 Be7 cxd5 exd5
1613,2136,white,420+8,e4 c5 Bc4 Nc6 f4 a6 Nf3 b5 Bd5 Bb7
1381,1293,black,-,d4 d5 Nc3 c6 Nf3 g6 Bf4 Bg7 e3 b5
1771,1469,white,120+0,e4 e5 Bc4 Nf6 Nc3 Bb4 d3 Bxc3+ bxc3 d5
1526,1471,black,420+1,e3 g6 Be2 Bg7 Nf3 e6 d4 Ne7 O-O O-O
1390,1425,white,1440+0,e4 e5 Nf3 d5 Nxe5 dxe4 Bc4 Be6 Bxe6 fxe6
1814,1626,white,300+0,d4 b6 c4 Bb7 Nc3 e6 e4 Bb4 Bd3 Bxc3+
1628,1753,black,180+5,e4 c5 Bc4 e6 Nf3 a6 a3 d5 exd5 exd5
1670,1272,white,180+0,d4 d5 Nc3 e6 a3 Nc6 Bf4 f5 Nb5 Bd6
1513,1962,black,300+0,e3 e5 Be2 Nf6 b3 d5 a4 Bd6 Nf3 O-O
1397,1441,white,720+4,e4 e5 d4 d6 g3 Nc6 Ne2 Nf6 f3 Na5
1464,1544,black,180+5,d4 c5 dxc5 Qa5+ Bd2 Qxc5 a3 b6 e3 Bb7
1460,1422,white,0+1,c3 a6 a3 b6 b3 c6 d3 d6 e3 e6
1789,1719,black,180+0,e4 d5 exd5 Qxd5 d4 Qa5+ Bd2 Qb6 b3 Qxd4
1584,1822,black,300+8,e4 c5 Nf3 Nc6 Bb5 d6 Bxc6+ bxc6 O-O e5
1373,1500,black,60+3,e4 e6 e5 Bc5 d4 Bb6 f4 a6 Nf3 f6
1775,1625,draw,120+1,d4 d5 c4 c6 Nc3 Nf6 Bg5 dxc4 Bxf6 gxf6
1654,1503,white,1200+10,e4 e6 d4 b6 d5 Bb7 Bc4 Qh4 Nf3 Qg4
1325,1439,black,60+12,d4 d5 c4 e6 cxd5 exd5 Nc3 Nf6 f4 Bf5
1846,1579,white,300+8,e4 c5 Nf3 Nc6 d4 cxd4 Nxd4 Nf6 Nc3 e6
1934,1564,white,180+0,Nc3 d5 e4 dxe4 Nxe4 Nc6 Nf3 Bf5 Ng3 Bg4
1373,1312,black,300+4,e4 e5 Qh5 Nc6 Bb5 Nf6 Qf3 d6 Bxc6+ bxc6
1615,1820,black,300+0,e4 e5 Nf3 Nc6 Bc4 Bc5 O-O d6 c3 Be6
1732,1775,black,180+0,d4 e6 c4 d5 Nc3 c6 e3 Nf6 Nf3 Bd6
1595,1548,white,900+0,e4 e5 Qf3 Nf6 d3 d6 Be2 Bg4 Qg3 h5
1466,1622,black,120+0,d4 d5 c4 Nf6 cxd5 Nxd5 Nc3 Nxc3 bxc3 c6
1761,1621,black,180+5,c4 e5 Nc3 f5 d4 exd4 Qxd4 Nf6 e4 d6
1343,1593,black,120+3,e4 Nc6 Nf3 e5 Bc4 h6 O-O Nf6 Nc3 Bc5
1439,1582,black,600+7,e4 e5 Nf3 Nc6 d3 Nf6 Nc3 Bc5 Bd2 Ng4
1483,1446,draw,60+12,e4 e5 Nf3 Nc6 Bc4 h6 O-O Bc5 c3 d6
1250,1311,black,420+1,e4 e5 Bc4 h6 a4 Nf6 Nc3 Bc5 d3 d6
1341,1183,white,600+0,e4 e6 Nf3 d5 exd5 exd5 Bb5+ c6 Bd3 Na6
1553,1455,black,180+5,e4 d5 exd5 Qxd5 Nc3 Qd8 Nf3 e6 Bc4 h6
1422,1412,black,480+0,e3 d5 d4 Nf6 g3 Nc6 Bg2 e5 dxe5 Nxe5
1951,2048,white,60+0,f4 d6 Nf3 g6 e3 Bg7 d4 e6 Bd3 Ne7
1533,1702,black,300+1,d4 e6 c4 d5 Nc3 Nf6 Bg5 Bb4 Qa4+ Nc6
1785,1723,white,180+0,e4 d5 exd5 Qxd5 d4 Qa5+ c3 c6 Bd3 Nf6
1500,1248,white,180+0,d4 d5 Nc3 Nf6 Bf4 Nh5 Qd2 Nc6 Nb5 Nxf4
1598,1338,black,120+3,e4 e5 Nf3 Nc6 Bc4 Bc5 Nc3 Nf6 d3 a6
2033,1964,black,60+0,d4 c6 c4 d5 cxd5 cxd5 Nc3 Nf6 Nf3 e6
1527,2050,black,600+10,e4 c5 Nf3 Nc6 Nc3 d6 Bb5 Qc7 d4 cxd4
1977,2020,white,60+0,e4 d6 Nf3 Nf6 Nc3 Nbd7 d4 e5 Be3 Be7
1575,1866,black,300+8,d4 d5 c4 c6 cxd5 cxd5 Nc3 Nf6 Nf3 Nbd7
1707,1606,draw,600+0,e4 e5 Nf3 d6 Bc4 Nf6 d3 d5 exd5
1348,1448,white,600+0,e4 c5 Bc4 e6 Qf3 Nc6 Nc3 Nd4 Qd3 a6
1662,1499,white,1200+10,e4 c5 Nf3 d6 Bb5+ Bd7 Nc3 Bxb5 Nxb5 a6
1339,1492,black,300+5,d3 e5 Nf3 d6 e4 f5 Bg5 Be7 Nc3 Bxg5
1497,1576,black,600+15,e4 e5 Bc4 Nf6 d3 Bc5 Nf3 d6 h3 Nc6
1538,1478,black,900+10,c4 b6 d4 Bb7 Bf4 h5 Nc3 d5 e3 e6
1964,1937,black,300+0,d4 e6 c4 d5 Nc3 Nf6 Bg5 Be7 cxd5 exd5
2007,1989,black,60+0,d4 Nf6 Nf3 c5 e3 cxd4 exd4 d5 Bd3 e6
1564,1743,white,180+0,e4 e5 Nf3 Nc6 Bc4 Nd4 c3 Nxf3+ Qxf3 Qf6
1714,1795,white,180+0,e4 e6 Nf3 d5 d4 dxe4 Ng5 f5 Be2 g6
1769,1630,black,120+1,d4 d5 c4 c6 Nc3 Bf5 Bf4 e6 e3 Bd6
1882,1571,white,300+8,e4 c5 Nf3 Nc6 d4 cxd4 Nxd4 Nf6 Nc3 e6
1785,1416,draw,600+0,d4 e6 a3 d5 e3 c5 c4 Nc6 b3 a6
1469,1539,black,180+5,d4 d5 c4 c6 a3 Bf5 Nc3 Nf6 c5 b6
1377,1367,white,60+3,e4 d5 exd5 Qxd5 Nf3 Qe4+ Be2 Bg4 O-O Bxf3
2000,1995,black,60+0,c4 d6 g3 Nf6 Bg2 Nbd7 Nc3 e5 Nf3 Be7
1793,1689,white,300+8,d4 Nf6 c4 g6 Nc3 Bg7 Nf3 O-O e4 d6
1695,1492,white,1800+0,e4 c5 Nf3 d6 d4 cxd4 Nxd4 Nf6 Nc3 g6
1669,1704,draw,1200+10,e4 c5 Nf3 Nc6 Bb5 Qc7 Nc3 e6 O-O Bd6
1604,1565,black,900+0,e4 e5 Qf3 Nf6 d3 Bc5 Be2 d6 h3 Nc6
1590,1500,black,180+0,d4 d5 Nc3 Nc6 Bf4 Nf6 Nb5 e5 dxe5 Nh5
1643,1708,white,600+2,e4 Nc6 d4 e5 d5 Nce7 Bg5 h5 Nf3 f6
1745,1715,white,300+2,c4 f5 d4 e6 g3 Nf6 Bg2 Be7 Nc3 O-O
1404,1560,black,1440+0,e4 e5 Nf3 d6 Bc4 h6 Nc3 c6 a4 Bg4
1428,1489,black,600+7,e4 e5 Nf3 f6 d4 Nc6 Bb5 a6 Bxc6 dxc6
2006,1989,white,60+0,d4 c6 c4 d5 cxd5 cxd5 Nc3 Nf6 Nf3 e6
1726,1583,black,180+0,Nc3 c5 e3 Nc6 Bb5 Qb6 Qe2 a6 Nd5 Qxb5
1781,1727,white,180+0,e4 d6 d4 Nf6 Nc3 g6 Nf3 Bg7 Bd3 Bg4
1413,1438,white,300+8,e4 e5 d4 exd4 c3 dxc3 Bc4 Bb4 bxc3 Bc5
1324,1378,black,600+0,e3 e5 d4 exd4 Qxd4 Nc6 Qd1 Nf6 Nc3 Bb4
1412,1259,black,120+2,e4 c6 Nf3 d5 Nc3 dxe4 Nxe4 Bf5 Nc3 e6
1319,1359,white,300+5,d4 e5 dxe5 Nc6 Nf3 Qe7 Bf4 f6 exf6 Nxf6
1979,2017,black,60+0,e4 d6 Nf3 Nf6 Nc3 Nbd7 d4 e5 Be3 Be7
1697,1755,black,300+2,g4 d5 Bg2 c6 e4 Nf6 e5 Nxg4 d4 Be6
1736,1512,white,420+7,e4 e5 Nf3 Nc6 Bb5 h6 Bxc6 dxc6 O-O Nf6
1601,1710,black,180+0,e4 Nc6 Nf3 e5 Bb5 Bc5 d3 Nf6 Bxc6 dxc6
2027,1970,white,60+0,d4 Nf6 Nf3 c5 e3 cxd4 exd4 g6 Bf4 Bg7
2055,1678,white,300+8,e4 e6 d4 d5 Nc3 Nf6 e5 Nfd7 Be3 c5
1718,1592,white,180+0,Nc3 c5 Nf3 Nf6 e4 a6 e5 Ng4 h3 Nh6
1585,1446,black,600+15,e4 e6 Nf3 b6 Bc4 f6 d3 Bb7 Nc3 d5
1411,1427,black,480+0,e3 c5 d4 cxd4 Qxd4 Nc6 Qd1 d5 Nc3 Bf5
1636,1950,white,300+0,d4 Nf6 c4 c5 Nc3 cxd4 Qxd4 Nc6 Qd1 g6
1828,2081,black,120+0,e4 c5 Nf3 d6 b4 cxb4 d4 e6 Bd3 Nc6
1498,1556,white,300+2,e4 e6 d4 d5 e5 c5 Bb5+ Bd7 Bxd7+ Nxd7
1961,2036,black,60+0,e3 d6 b3 Nf6 Bb2 Nbd7 f4 e5 fxe5 dxe5
1363,1782,black,600+0,e4 e6 Nf3 d5 e5 c5 d4 Nd7 Bg5 Qb6
1643,1589,black,180+8,e4 e5 f4 exf4 Bc4 Qh4+ Kf1 d6 Nc3 Bg4
1578,1502,draw,600+5,e3 e6 Nc3 b6 Qf3 Nc6 Bb5 Bb7 Nh3 Na5
1449,1726,black,180+0,e4 e5 d4 exd4 Qxd4 Nc6 Qa4 Qe7 Nf3 Nf6
1414,1406,black,600+7,e4 c5 d4 f6 d5 e6 Bc4 exd5 Bxd5 Ne7
1764,1681,white,300+2,c4 f5 d4 Nf6 g3 e6 Bg2 Bb4+ Bd2 Bxd2+
2045,1953,black,60+0,d4 Nf6 Nf3 e6 e3 b6 Bd3 Bb7 Nbd2 d5
2086,1824,white,120+0,d4 d5 c4 Nc6 e3 e5 dxe5 Nxe5 cxd5 Nf6
1743,1654,black,300+0,e4 e5 Nf3 d6 Bc4 Bg4 Nc3 Nf6 d3 Be6
1716,1357,white,300+0,d4 Nf6 c4 e6 Nc3 Bb4 Nf3 d5 e3 O-O
1396,1230,white,180+2,e4 c5 Nf3 e6 Nc3 a6 Be2 Nf6 a3 Be7
1526,1487,white,1800+0,e4 c5 Nf3 d6 e5 Nc6 exd6 Qxd6 Bb5 Bd7
1612,1791,white,180+0,e4 e6 d4 d5 exd5 exd5 Bd3 Be6 Ne2 Nf6
1966,2031,white,60+0,d4 d6 Nf3 Nf6 c4 Nbd7 Nc3 e5 Bg5 Be7
1395,1175,white,300+8,d4 d5 c4 c6 e3 e6 c5 Be7 b4 Nf6
1518,1445,white,180+0,d4 d6 e4 e5 dxe5 Nc6 exd6 Bxd6 Bb5 Bb4+
1928,1739,black,180+4,d4 c6 e4 d5 exd5 cxd5 Nf3 Nf6 Bb5+ Bd7
1682,1730,black,240+4,e4 e5 Nf3 Nc6 h3 d6 Bb5 Bd7 Nc3 h5
1371,1429,white,480+8,e4 e5 Qh5 Qf6 Bc4 Nh6 Nf3 g6 Qh4 Qe7
1978,2090,black,60+0,e4 c5 Nf3 Nc6 Bb5 d6 Bxc6+ bxc6 b3 e5
1500,1607,white,900+8,e4 e5 Nf3 Qf6 Nc3 Nc6 Nd5 Qe6 Nxc7+ Ke7
1447,1277,white,180+0,d4 d5 Nc3 e6 a3 Nf6 Bf4 Bd6 Qd2 O-O
2099,1971,white,60+0,d4 c6 c4 d5 Nc3 e6 e3 Nf6 a3 Nbd7
1366,1339,white,120+0,d4 e6 f3 d5 g3 Nf6 Nc3 Bb4 Bd2 Bxc3
1625,1668,white,300+5,d4 d5 Nc3 Nf6 Bg5 e6 Qd2 Be7 f3 h6
1774,1648,white,180+0,e4 e5 Bc4 Nf6 Nc3 Bc5 Nf3 c6 O-O O-O
1603,1507,white,420+7,e4 e5 Bb5 Nf6 Qf3 Bc5 d3 a6 Bc4 d6
1665,1670,white,300+0,e4 e5 d3 Nc6 Be2 Nf6 Nf3 h6 O-O Qe7
1593,1245,white,180+0,d4 e6 a3 Bd6 e4 Qf6 e5 Bxe5 dxe5 Qxe5+
1484,1483,white,60+0,d4 d6 Nc3 Nf6 Bf4 Nc6 e3 e5 dxe5 dxe5
1755,1813,draw,180+4,d4 d5 c4 Nf6 Nc3 e6 Bg5 Be7 e3 Nbd7
1602,1631,white,180+8,d4 d5 Nf3 Nf6 Bf4 Bf5 e3 c6 Bd3 Bxd3
1964,1820,white,60+0,c4 e6 g3 Nf6 Bg2 b6 Nf3 Bb7 O-O d5
1376,1489,white,120+0,d4 d5 f3 Nc6 c3 e6 e4 Nf6 e5 Nd7
1319,1330,black,420+1,e4 e5 Nf3 Nf6 Nc3 Bb4 d3 d6 Bd2 Bc5
1376,1416,black,300+0,e4 e5 d4 exd4 c3 dxc3 Bc4 Nc6 Nf3 cxb2
1719,1761,white,300+0,d4 d5 c4 e6 Nc3 Nf6 Bg5 c6 e3 Nbd7
1971,1813,white,60+0,e4 Nc6 Nf3 e5 Bc4 Nf6 d3 Be7 Nc3 d6
1104,1492,white,900+10,e4 b6 d4 Bb7 d5 h5 Nf3 e6 dxe6 fxe6
1782,1775,black,180+0,e4 d5 exd5 Nf6 c4 c6 Nc3 cxd5 cxd5 Nxd5
1670,1690,black,1200+10,e4 e6 d4 c6 Nf3 h6 Be2 d6 Bf4 Nf6
1672,1650,white,240+4,e4 Nc6 Nf3 e5 h3 Be7 Nc3 Nf6 Bc4 d6
1615,1493,white,180+0,d4 e6 a3 b6 Nc3 Bb7 Bf4 Bd6 Bxd6 cxd6
1758,1740,white,180+0,d3 h6 e4 e5 f4 Nc6 Nf3 d6 Be2 Bg4
1400,1555,black,480+0,e3 Nc6 d4 Nf6 Bb5 b6 Nc3 Bb7 Nge2 e6
1486,1640,black,180+0,e4 c5 Nc3 e6 Nf3 Nc6 Bb5 d6 Bxc6+ bxc6
1659,1368,white,300+2,e4 e5 Nf3 Nc6 b3 Nf6 Bb2 Nxe4 Qe2 d5
1270,1402,black,120+2,e4 e5 Nf3 Nc6 Bc4 h6 O-O Nf6 Nc3 Be7
1656,1676,black,120+4,e4 e6 d4 Ne7 Nf3 Ng6 c4 Be7 Nc3 O-O
1288,1500,black,900+0,e4 e5 Qh5 Nc6 Bc4 Qe7 d3 g6 Qf3 Nf6
1472,1496,white,60+0,e4 e5 d4 exd4 Qxd4 Nf6 Nc3 d6 e5 Nc6
1617,1407,white,300+3,e4 e5 Nf3 Nf6 Nc3 Nc6 d4 exd4 Nxd4 Bc5
1736,1638,white,300+0,d4 d5 c4 c6 Nf3 Nf6 Nc3 Bg4 cxd5 cxd5
1484,1484,black,60+0,e4 e5 Nc3 Nc6 Nf3 Nf6 Bb5 d5 exd5 Nxd5
1639,1682,white,240+4,e4 e5 Nf3 d6 Bc4 h6 d3 Nf6 O-O Be7
1766,1250,white,600+5,d4 d5 c4 Nf6 Nc3 c6 e3 a6 a4 b6
1703,1476,black,600+0,e4 c5 Bc4 Nc6 Nf3 Nf6 d3 g6 Bxf7+ Kxf7
1511,1662,draw,420+0,e3 e5 Be2 b6 Bf3 Nc6 b4 Bb7 b5 Na5
1495,1473,white,60+0,e4 e5 d4 exd4 Qxd4 Nc6 Qa4 d6 Nf3 Bd7
1390,1437,black,120+0,d4 d6 f3 e6 e4 a6 h4 c6 g4 Be7
1658,1494,white,1200+10,e4 e5 Nf3 Nf6 Nxe5 Bc5 d3 d6 Nf3 Ng4
1729,1686,white,120+4,Nc3 e6 Nf3 Ne7 d4 Ng6 e4 Be7 Be3 O-O
1484,1332,white,420+1,b4 e5 Bb2 f6 b5 d5 e3 Bc5 c4 dxc4
1500,1977,black,60+0,e4 e6 Nf3 c5 Bc4 a6 d3 b5 Bb3 Bb7
1686,1397,white,960+8,d4 d5 Nf3 Nc6 c4 dxc4 Nc3 Bg4 d5 Bxf3
1748,1878,black,600+0,e4 e6 d4 d5 e5 c5 c3 Nc6 b3 cxd4
1728,1721,black,300+2,d4 d5 a3 Bf5 e3 e6 Nf3 Nf6 c4 c6
1462,1505,white,60+0,d4 d6 e4 Nf6 Nc3 e5 d5 c6 Bc4 cxd5
1964,1771,black,300+8,Nf3 c6 c4 d5 cxd5 cxd5 d4 Nf6 g3 e6
1354,1026,white,300+5,d4 d5 c4 e6 e3 Bd6 Nc3 Nf6 cxd5 exd5
1623,1402,white,300+3,e4 e5 Nf3 Nc6 Nc3 Nd4 d3 f6 Be3 Bc5
1345,1308,white,420+1,d4 d5 c4 c6 Bf4 Nf6 e3 Bf5 Nf3 Ne4
1770,1681,white,180+0,e4 e5 Bc4 Nc6 Nf3 d6 O-O Be7 c3 Nf6
1493,1475,white,60+0,Nf3 d5 e4 dxe4 Ng5 Nf6 Bc4 e6 d3 exd3
1479,1262,white,120+2,e3 e5 Nf3 Nc6 Bb5 Nge7 Bxc6 Nxc6 O-O d5
1685,1438,white,180+3,d4 Nf6 Nc3 d5 g3 c5 Bg2 e6 Nf3 Nc6
1392,1467,white,600+7,d4 g6 Bf4 Bg7 e3 e6 Nf3 Ne7 Bb5 c6
1505,1576,black,600+5,e3 Nf6 b3 e5 Bb2 Nc6 Qf3 Bb4 Qg3 d5
1380,1428,black,120+0,d4 d6 f3 e6 g3 Nc6 e4 Nf6 c3 d5
1979,1754,draw,60+0,c4 c5 g3 Nc6 Bg2 e6 Nf3 Qc7 O-O a6
1365,1559,black,300+2,b4 e5 Bb2 d6 c4 Be6 e3 Nf6 a4 Nbd7
1464,1503,black,60+0,d4 Nf6 Nc3 Nc6 Bg5 e5 dxe5 Nxe5 Nf3 Be7
1628,1228,black,300+3,e4 Nc6 Nf3 Nf6 Nc3 b6 d4 Bb7 d5 Nb4
1466,1570,black,900+10,d4 d5 h3 Nf6 Bg5 Nc6 Bxf6 gxf6 e3 Bg7
1492,1739,white,180+0,c4 e5 Nc3 Bb4 Qa4 Bxc3 bxc3 Nf6 Ba3 Nc6
1737,1856,white,300+0,e4 e6 d4 d5 e5 c5 c3 Nc6 Nf3 Nh6
1513,1454,white,60+0,Nc3 e5 e4 Nf6 d4 exd4 Qxd4 Nc6 Qa4 a6
1445,1522,white,60+0,d4 Nf6 Nc3 d6 Bg5 e5 dxe5 dxe5 Qxd8+ Kxd8
1020,1362,white,300+5,d4 d5 e3 c5 Nf3 cxd4 Nxd4 Nc6 Nc3 e6
1630,1516,white,300+5,d4 e6 e4 Be7 Nf3 b6 c3 Nf6 e5 Nd5
1434,1689,black,180+3,e4 e5 Bc4 Nc6 Nf3 d6 c3 Bg4 d3 Na5
1370,1469,black,120+0,d4 c5 f3 cxd4 Qxd4 Nc6 Qd1 g6 c3 Bg7
1760,1755,black,1080+12,e4 c5 Nf3 d6 d4 cxd4 Nxd4 Nf6 Nc3 g6
1369,1256,black,300+5,d4 d5 c4 e6 Nf3 Nf6 e3 Bb4+ Bd2 Bxd2+
1703,1425,white,300+8,e4 c6 d4 d5 e5 Bf5 c4 dxc4 Bxc4 c5
1509,1459,white,60+0,e4 e5 d4 exd4 Qxd4 Nf6 e5 Nc6 Qa4 Nd5
1500,1778,black,180+0,e4 e6 d4 d5 Nd2 c6 e5 Nd7 Ngf3 Ne7
1670,1717,black,300+2,e4 e5 Nf3 Nc6 h3 h6 Nc3 a6 Bc4 Bd6
1531,1447,white,120+0,e4 d6 Nf3 e6 d4 c6 Bd3 Nd7 O-O a6
1533,1494,black,660+11,d4 d5 c4 dxc4 e4 e6 Bxc4 Nf6 Nc3 Nc6
1449,1518,white,60+0,d4 d5 e3 e5 dxe5 Nc6 Nc3 Nxe5 Nxd5 Be6
1608,1752,black,300+3,e4 e5 Nf3 Nc6 Nc3 Bc5 Nxe5 Bxf2+ Kxf2 Nxe5
1587,1503,black,600+15,Nc3 e5 b3 Bc5 Bb2 d6 Nf3 Nc6 g3 Bg4
1505,1462,white,60+0,e4 e5 Nf3 Nf6 d4 exd4 Qxd4 Nc6 Qa4 d6
1272,1438,black,120+0,e4 d5 exd5 Qxd5 Nf3 e5 c4 Qa5 Nc3 Bb4
1361,1204,black,120+0,d4 d5 f3 e6 g3 c5 e4 c4 c3 Nf6
1330,1040,black,600+0,d4 e6 e4 Qf6 c3 Nh6 Bxh6 Qxh6 e5 f6
1453,1515,black,60+0,d4 d5 Nc3 Nc6 Bf4 Nxd4 Qxd4 Bf5 Qxd5 Qxd5
1685,1710,black,600+0,e4 e5 Nf3 Nc6 Bc4 Bc5 Bxf7+ Kxf7 Ng5+ Qxg5
2066,1958,white,60+0,d4 c5 d5 e6 c4 exd5 cxd5 d6 Nc3 Nf6
1054,1817,black,300+0,d4 Nf6 e3 d6 Bd3 c6 Nf3 Qc7 O-O Bg4
1677,1782,white,180+0,e4 e6 d3 d5 e5 c5 c3 Nc6 d4 Qb6
1690,1580,black,960+8,d4 d5 Nf3 c5 dxc5 Qa5+ c3 Qxc5 Be3 Qd6
1346,1297,black,300+4,e4 e5 Nh3 h6 Bc4 Nc6 Qf3 Qf6 Nc3 Qxf3
1696,1973,black,120+0,e4 Nf6 Nc3 e5 f4 d5 exd5 exf4 Nf3 Bd6
1950,2074,black,60+0,d4 d5 c4 e6 Nc3 Nf6 Nf3 dxc4 Bg5 c6
1828,1718,white,420+0,e4 c5 Nf3 Nc6 Bb5 g6 Bxc6 bxc6 Nc3 Bg7
1524,1444,white,60+0,Nc3 e5 d4 exd4 Qxd4 Nc6 Qa4 d6 Nf3 Bd7
1345,1479,black,120+0,d4 Nf6 f3 d5 e4 e6 e5 Nfd7 f4 c5
1749,1727,draw,300+2,d4 d5 c4 c6 Nc3 dxc4 e3 b5 Be2 Bb7
1445,1264,white,120+0,c4 e5 Nc3 Bc5 e3 Nf6 d4 exd4 exd4 Bb4
1053,1351,black,300+5,d4 Nf6 e3 e6 Nf3 Bb4+ c3 Be7 b4 O-O
1211,1568,black,1140+5,e4 e5 d4 exd4 Qxd4 Nc6 Qe3 d6 Nf3 Nf6
1756,1759,white,300+5,d4 d5 c4 Nf6 Nc3 e6 Bg5 Be7 Nf3 O-O
1412,1386,black,420+3,e4 e6 d4 d5 exd5 Qxd5 Nf3 Nc6 c3 Nh6
1435,1532,white,60+0,d4 Nc6 d5 Ne5 Nc3 Nf6 Bf4 d6 e4 Bg4
2082,1943,black,60+0,d4 c5 Nf3 e6 d5 exd5 Qxd5 d6 Qe4+ Be7
1977,1692,black,60+0,e4 d6 Nf3 Nf6 Nc3 g6 d3 Bg7 g3 O-O
1421,1429,black,180+3,e4 e5 Nf3 Nc6 Bc4 Nd4 Nxe5 Qg5 Nxf7 Qxg2
1363,1451,white,60+2,d4 d5 e3 e6 f4 c5 Nf3 c4 b3 cxb3
1958,2066,white,60+0,d4 d5 c4 e6 Nc3 dxc4 Nf3 Bb4 Qa4+ Nc6
1234,1427,black,60+0,d4 d5 e3 e6 c4 dxc4 Bxc4 Nc6 Nf3 Bb4+
1410,1555,black,180+3,e4 c5 Bc4 Nc6 Nf3 g6 d3 e6 Ng5 Bg7
2017,2053,white,120+0,c4 e6 Nc3 d5 d4 Be7 Nf3 Nf6 Bg5 O-O
1767,1637,black,180+0,e4 d5 exd5 Qxd5 d4 Qd8 c4 c6 Nc3 e6
1506,1511,black,660+11,e4 e5 Nf3 Nc6 d4 Nf6 d5 Ne7 Bd3 d6
1818,1359,white,300+0,e4 e5 Nf3 Nf6 Nxe5 Qe7 Nf3 Nxe4 Be2 Nf6
1437,1582,white,120+0,e4 e6 d3 Be7 Nf3 a5 Be2 b6 O-O Bb7
1324,1267,white,60+10,d4 d5 c4 g6 e3 e6 Nf3 Ne7 Nc3 Bg7
1428,1262,white,300+0,e4 c5 Nf3 d6 Be2 Nh6 d4 Ng4 dxc5 dxc5
1712,2051,black,60+0,d4 d5 e4 e6 Nc3 dxe4 Nxe4 Nc6 Bf4 Qxd4
1338,1433,black,60+0,d4 d5 f3 e6 e4 dxe4 fxe4 e5 Nf3 exd4
1755,1811,black,600+10,d4 e6 e3 Nf6 f4 d5 Nf3 c5 c3 Ne4
1580,1482,white,300+2,e4 e5 Nf3 Nc6 Bb5 a6 Bxc6 dxc6 d3 Bd6
2170,1498,white,300+0,e4 e6 d4 h6 Bd3 c6 f4 Ne7 Nf3 d5
2054,1709,white,60+0,d4 e5 Nf3 exd4 Nxd4 Bc5 Nb3 Bb6 g3 Nc6
1822,1644,white,300+0,e4 e5 Nf3 Nc6 Bb5 a6 Ba4 b5 Bb3 Bc5
2042,2029,white,120+0,d4 d5 c4 c6 Nc3 e6 Nf3 dxc4 Bf4 b5
1553,1485,black,180+0,e4 e6 d4 c5 d5 exd5 Qxd5 Nc6 Nc3 Nf6
1649,1693,black,600+4,e4 e6 Nc3 d5 exd5 exd5 Nf3 Nf6 d4 Bb4
1711,1691,white,120+4,Nf3 e6 g3 Ne7 Bg2 Ng6 d4 Be7 c4 O-O
1330,1451,black,120+0,d4 d5 f3 e6 g3 Nc6 e4 dxe4 fxe4 Qxd4
1706,2057,black,60+0,e4 e5 Nf3 Nc6 d4 exd4 Bc4 Bc5 c3 Qf6
1788,1357,white,120+2,e4 e5 Nf3 Nf6 Nxe5 Qe7 d4 d6 Nf3 Nxe4
1747,1767,white,300+5,e4 c6 f4 d5 e5 Bf5 Ne2 e6 Ng3 Bg6
1528,1516,white,600+15,Nc3 e5 b3 Bc5 Bb2 Qf6 Nf3 Nc6 g3 Nge7
1440,1419,white,300+3,e4 e5 Bc4 Nf6 Nf3 h6 Nxe5
1652,1752,black,180+0,d4 e6 c4 d5 Nc3 c6 e3 Nf6 Bd2 Bd6
2060,2052,white,60+0,d4 e6 Nf3 d5 Bf4 Nf6 e3 Bd6 Bg5 O-O
1499,1747,white,120+0,d4 d5 Nf3 c5 Bf4 e6 e3 cxd4 exd4 Nc6
1354,1790,black,120+2,d4 Nf6 c3 d5 Bg5 Ne4 Bh4 g5 Bg3 h5
1556,1761,black,900+8,g3 Nf6 Bg2 d6 e3 e5 Ne2 Be7 O-O Be6
1474,1588,black,300+2,e4 e6 d4 b6 c4 Bb7 d5 Bb4+ Nc3 exd5
1486,1443,white,60+0,d4 d5 Nc3 e6 g3 Nc6 Bg2 Bb4 Nf3 Bxc3+
1409,1451,white,300+3,e4 e5 Nf3 Nc6 Be2 Nf6 d3 d5 exd5 Nxd5
1432,1496,black,60+0,e4 e5 d3 Nc6 Be2 d6 Nf3 h6 Nc3 Nf6
2071,2042,white,60+0,d4 d5 Nf3 Bf5 Bf4 e6 e3 Nf6 c4 Be7
1397,1270,black,1440+0,e4 e5 Nf3 f6 d4 d6 d5 g5 h3 Bg7
1721,1676,black,600+5,d4 d5 c4 dxc4 Nc3 a6 e3 Nf6 Bxc4 e6
1804,1760,white,180+0,e4 e6 f4 d5 e5 c5 Nf3 Nc6 d4 Nge7
1505,1421,white,60+0,e4 e5 Bc4 c5 Qh5 g6 Qxe5+ Be7 Qxh8 Bf6
1564,1304,white,900+1,e4 c5 d4 e6 d5 exd5 exd5 Nf6 Bg5 d6
1435,1254,white,300+0,e4 d5 exd5 Qxd5 Nc3 Qe6+ Be2 Qg6 Bf1 Qe6+
1792,1352,white,120+2,e4 c6 d4 d5 exd5 cxd5 c4 dxc4 Bxc4 Nc6
2082,2032,white,60+0,d4 b6 Nf3 Bb7 Bf4 e6 e3 Nf6 c4 d5
1698,1759,black,300+5,d4 d5 Nf3 e6 Bf4 c5 c3 Nc6 e3 a6
1500,1503,black,300+8,d4 e6 Nc3 d5 a3 a6 h3 h6 Bf4 Nc6
1748,1644,draw,300+5,d4 d5 c4 c6 e3 Nf6 Nc3 Bg4 Nf3 e6
1322,1513,black,120+0,d4 Nf6 f3 d5 g4 e6 g5 Nh5 f4 Bd6
1258,1383,black,480+8,g3 e5 h3 d5 f4 e4 e3 f5 d4 Nf6
2092,2023,black,60+0,e4 e6 Nc3 d5 exd5 exd5 d4 Nf6 Be3 Bd6
1376,1336,white,300+0,d4 d5 c4 dxc4 e3 Nf6 b3 cxb3 axb3 e6
1794,1756,white,180+4,e4 c6 d4 d5 exd5 cxd5 c4 Nf6 Nc3 dxc4
2228,1260,white,120+0,e4 e5 d4 exd4 Nf3 c5 c3 Nc6 Bc4 Nf6
2035,2078,black,60+0,d4 d5 c4 e6 Nc3 Nf6 Nf3 dxc4 e3 Bb4
1316,1411,black,60+0,d4 d5 f3 Nc6 g3 Bf5 c3 e6 g4 Bg6
1693,1750,white,180+0,d4 e6 Nc3 d5 g3 c5 Bg2 Nc6 Nf3 Nf6
1836,1773,black,300+2,Nf3 d5 b3 c5 Bb2 Nc6 e3 Nf6 Bb5 a6
1370,1570,white,1140+5,e4 e5 Nf3 Nf6 Nc3 d6 Bc4 Be7 h3 O-O
2026,2088,black,60+0,d4 d5 c4 e6 Nc3 Nf6 Nf3 Bb4 e3 dxc4
1632,1349,white,180+1,e4 e5 Nf3 Nf6 Bc4 h6 O-O Nc6 c3 Bc5
1658,1467,black,360+2,e4 e5 Nf3 Nc6 b3 Nf6 Bb2 Nxe4 Qe2 d5
2228,1516,white,120+0,e4 g6 d4 Bg7 Nc3 d6 Be3 f5 Bd3 fxe4
1768,1652,white,300+1,e4 Nc6 f4 e6 Nf3 Be7 d4 Nf6 Bd3 O-O
1297,1568,black,900+1,d4 d5 e3 Nc6 c4 e6 cxd5 exd5 Bb5 Bd7
1308,1550,draw,120+0,d4 e6 f3 d5 e4 dxe4 fxe4 c5 c3 cxd4
2018,2098,black,60+0,d4 d5 c4 e6 Nc3 Bb4 Nf3 dxc4 e3 b5
1733,1737,black,180+0,e4 e6 f4 d5 e5 c5 Nf3 Nc6 c3 Qb6
1780,1806,white,360+0,d4 Nf6 Nf3 e6 c3 d5 Ne5 c5 e3 Nc6
1673,1429,white,960+8,d4 d5 Nf3 c5 c4 dxc4 d5 Nf6 Nc3 h6
1344,1640,black,180+1,d4 e5 c3 e4 c4 f5 h3 c6 g4 d5
2010,2106,black,60+0,d4 g6 c4 Bg7 Nc3 Nc6 Nf3 d6 Bg5 f6
2229,1419,white,120+0,e4 e6 d4 d5 Nc3 dxe4 Nxe4 Nf6 Bg5 Be7
1766,1771,white,900+8,Nf3 d5 e3 c5 c4 Nf6 b3 e6 Be2 Nc6
1330,1512,black,180+0,e4 e5 d4 exd4 c3 Nc6 Bc4 dxc3 Qb3 Qe7
1816,1811,white,180+0,d4 d5 Nf3 Nf6 e3 g6 b4 Bg7 Bb2 O-O
1498,1837,black,300+0,e4 e6 d4 d5 e5 c5 c3 Nc6 f4 Nh6
1508,1451,black,180+5,e3 d5 Be2 Nc6 d4 e6 Nf3 Bb4+ c3 Ba5
1762,1768,white,600+5,e4 e5 Nf3 Nc6 Bc4 Nf6 d3 Be7 c3 O-O
1786,1823,black,300+2,c4 Nf6 Nc3 g6 e4 d6 d4 Bg7 f3 O-O
1493,1360,black,360+0,e4 e5 Nf3 Nf6 Nc3 Bb4 Bc4 O-O O-O Bxc3
1414,1198,white,900+15,e4 e5 Qh5 Qf6 d3 g6 Qg4 h5 Qf3 Nc6
1888,1680,white,120+4,e4 e6 d4 Ne7 Bd3 Ng6 Ne2 Be7 O-O O-O
1483,1642,white,360+2,e4 e5 Nf3 Qf6 Bc4 Bc5 O-O h6 c3 d6
2002,2115,white,60+0,d4 g6 c4 Bg7 Nc3 c6 e4 Nf6 f3 d5
1647,1339,white,180+1,e4 e5 Nf3 Nc6 Bc4 h6 c3 Bc5 O-O d6
1511,1326,white,300+8,e4 c5 d4 cxd4 Qxd4 Nc6 Qd5 Nf6 Qc4 d6
1527,1442,white,300+0,d4 d5 c4 c6 Nc3 dxc4 Nf3 Nf6 Bg5 e6
1627,1580,black,540+9,e4 e5 Nf3 d6 d4 Bg4 d5 h6 h3 Bh5
1566,1505,black,600+15,e4 e5 Nf3 Nc6 c3 Bc5 d4 exd4 cxd4 Bb6
2230,1421,white,120+0,e4 e5 Bc4 Nc6 Nc3 Bc5 Qg4 g6 Qg3 Nf6
2016,2100,black,60+0,d4 d5 c4 e6 Nc3 Bb4 Nf3 dxc4 e3 b5
1378,1419,black,60+2,d4 d5 e3 Nf6 f4 c6 Nf3 g6 c4 Bg7
1642,1288,white,900+2,d4 c6 c4 d5 Nc3 dxc4 e4 e6 a3 Bd6
1806,1714,white,120+0,e4 e5 Nf3 d6 c3 f5 d4 fxe4 Nxe5 dxe5
1598,1540,black,600+10,e4 c5 Nf3 Nc6 Bc4 h6 Nc3 a6 d4 e6
1314,1135,black,120+0,d4 d5 f3 Nf6 g3 Nc6 g4 e5 g5 Nh5
1603,1578,white,-,e4 e5 Nf3 Nc6 Bc4 Bc5 Nc3 d6 d3 Bg4
1644,1776,white,300+1,e4 e5 c4 Nf6 Nc3 h6 Nf3 Nc6 d4 exd4
1420,2230,black,120+0,e4 e5 Nf3 Nc6 d4 exd4 Nxd4 Qh4 Bd3 Nxd4
1500,1334,white,180+0,d4 d5 Nc3 Nf6 Bf4 Bf5 Nb5 Na6 a3 c6
1654,1495,white,180+1,d4 e6 c4 Be7 Nc3 Nf6 Nf3 O-O e4 b6
1515,1569,white,900+5,c4 Nc6 Nf3 Nf6 d4 b6 Nc3 Ba6 e4 e6
1518,1247,draw,180+0,e4 d5 exd5 Qxd5 Nc3 Qe6+ Qe2 Qxe2+ Bxe2 Be6
1299,1471,black,120+0,d4 d6 f3 g6 e4 Bg7 c3 Nf6 f4 O-O
2109,2008,white,60+0,d4 e6 Nf3 d5 Bf4 c5 e3 Nc6 Nbd2 Nf6
1311,1256,white,300+5,d4 c5 dxc5 Qa5+ Nc3 Qxc5 e4 e6 Be3 Qe5
2231,1022,white,120+0,e4 e5 d4 d6 Bc4 Nc6 Nf3 exd4 Nxd4 d5
1946,1854,white,300+8,Nf3 b6 g3 Bb7 Bg2 g5 O-O
1756,1720,white,600+5,d4 d5 c4 e6 Nc3 Bb4 Bd2 Nf6 e3 O-O
1339,1814,white,120+0,d4 d5 Nf3 Nc6 e3 f6 c4 e5 dxe5 d4
1747,1702,black,600+10,d4 Nf6 f4 e6 e3 b6 Nf3 Bb7 Bd3 Nc6
2000,2117,white,60+0,d4 d5 c4 e6 Nc3 Bb4 Nf3 dxc4 e3 b5
1676,1688,black,120+2,e4 g6 d4 Bg7 f4 d6 Nf3 f5 e5 dxe5
1721,1745,white,420+0,Nf3 d5 g3 e6 Bg2 Nf6 O-O c6 c4 Be7
1609,1501,white,180+0,d4 b6 Nc3 Bb7 Bf4 d6 f3 g6 e4 Bg7
1327,1584,white,300+1,d4 d5 c4 dxc4 Qa4+ Bd7 Qxc4 e6 Bf4 Bc6
1459,1420,white,60+0,d3 d5 e3 e5 c3 Nc6 Nd2 Nf6 a3 Bd6
2231,2269,white,120+0,d4 Nf6 Nf3 c5 c3 e6 Bf4 b6 e3 Bb7
2102,2014,black,60+0,d4 d5 Nf3 Bf5 Bf4 e6 e3 Nf6 c4 Bd6
1293,1209,white,120+0,d4 c6 f3 d5 e4 dxe4 fxe4 e6 e5 Bb4+
1666,1269,white,180+1,e4 e5 Nf3 f5 Nxe5 fxe4 Qh5+ g6 Nxg6 Nf6
1488,1346,white,420+0,e3 c5 Be2 e5 Nf3 Bd6 O-O Nf6 d3 Ng4
1761,1659,white,300+1,e4 Nc6 f4 e5 d3 exf4 Bxf4 Bb4+ c3 Bc5
1477,1438,white,300+3,e4 e5 Nf3 Nc6 Bb5 Nd4 Nxd4 exd4 O-O Qg5
1536,1675,black,120+4,e4 e6 d4 Ne7 Nf3 Ng6 Bc4 Be7 Be3 O-O
1283,1553,black,900+0,e4 e5 d3 Nf6 Bg5 h6 Bxf6 Qxf6 Nf3 Bc5
1937,1888,white,300+8,e4 c5 Bc4 e6 d3 Nc6 Nf3 Be7 h3 Nf6
2027,2088,black,60+0,d4 d5 c4 e6 Nc3 Bb4 Nf3 dxc4 e3 b5
1493,1513,white,360+1,e4 c5 d4 cxd4 Qxd4 Nf6 Nf3 d6 e5 Nfd7
1398,1408,black,60+0,e4 e5 Nf3 Nc6 c3 Bc5 d4 exd4 cxd4 Bb4+
1356,1334,white,300+5,d4 d5 c4 dxc4 e3 b5 a4 c6 axb5 cxb5
1797,1621,white,120+0,e4 d6 d4 Nf6 Nc3 c6 f4 Qa5 Bd3 Bg4
1699,1494,white,60+4,d4 d5 Nf3 e6 Bf4 Bd6 Ne5 Bxe5 dxe5 f6
1706,1510,white,600+5,d4 d5 Nf3 e6 c4 Bb4+ Nc3 a5 a3 Be7
1700,1266,white,180+0,d4 d5 Nc3 e6 a3 Nf6 Bf4 Be7 Nb5 O-O
1453,1406,white,300+8,Nc3 e5 e4 c6 Nf3 Qe7 Bc4 b5 Bb3 d5
2257,2255,white,120+0,d4 b6 c4 Bb7 Nc3 e6 a3 f5 Nf3 Nf6
2097,2018,black,60+0,d4 d5 c4 e6 Nc3 Be7 Nf3 Nf6 Bf4 O-O
1644,1519,black,600+10,e4 e5 Nf3 Nc6 d4 exd4 Nxd4 Bc5 Nxc6 dxc6
1328,1452,black,300+8,e4 g6 d4 Bg7 e5 e6 h4 Ne7 Bg5 Nbc6
1498,1566,white,300+1,e4 e5 Nf3 d6 h3 Nf6 d3 Nc6 Bg5 Be7
1507,1366,white,300+5,e4 c6 d4 d5 e5 e6 Nf3 c5 c3 Nc6
1651,1769,black,300+1,d4 d5 e3 Nf6 Nf3 e6 c4 c5 cxd5 exd5
1592,1598,white,900+0,e4 e5 Qf3 Nf6 d3 Nc6 c3 Bc5 Be2 d6
1722,1709,black,300+1,e4 e6 f4 d5 e5 c5 Nf3 Qb6 Be2 Nc6
1707,1751,black,900+0,e4 c5 Nf3 Nc6 d4 cxd4 Nxd4 Nf6 Nxc6 bxc6
1474,1438,white,180+0,e4 c5 d4 e6 e5 Nc6 Bb5 f6 Bxc6 bxc6
1682,1727,white,300+2,e4 e5 d3 h6 Be3 Nc6 Be2 Bd6 Nf3 Nf6
1510,1529,black,180+0,e4 d6 Nf3 g6 Bc4 Bg7 Nc3 e6 d3 Nc6
1301,1210,white,120+0,d4 d5 f3 Nc6 g3 e6 c3 Nf6 g4 e5
2234,2268,black,120+0,e4 c5 Nc3 Nc6 f4 g6 Nf3 Bg7 Bb5 e6
2031,2084,white,60+0,d4 d5 c4 e6 Nc3 Bb4 Nf3 dxc4 e3 b5
1585,1260,white,600+10,e4 c5 Nf3 d6 Bc4 h6 e5 Bd7 exd6 exd6
1768,1504,white,60+0,Nf3 d5 d4 f5 c4 e6 Bg5 Be7 Bxe7 Nxe7
1310,1421,black,60+0,d4 d5 f3 Nc6 g3 e5 c3 e4 fxe4 dxe4
1539,1499,black,180+0,d4 d5 c4 g6 Nc3 Bg7 e3 Nf6 cxd5 Nxd5
1537,1585,white,180+10,e4 e5 d4 d6 d5 Nf6 Bb5+ Bd7 Bxd7+ Qxd7
1079,1376,white,300+0,e3 e5 d3 Nf6 c3 Bd6 Nd2 O-O Nb3 Re8
1411,1469,black,120+0,e4 c6 Nf3 e6 b3 d6 Bb2 Nd7 Be2 Ngf6
1833,1792,black,360+0,Nf3 Nc6 b3 Nf6 Bb2 g6 e3 Bg7 d4 d5
2071,2043,black,60+0,d4 d5 Nf3 Bf5 Bf4 e6 c4 Bd6 Nc3 Bxf4
1264,1552,white,300+1,e4 e5 Nf3 d6 Nc3 Nf6 Bc4 Be7 Bxf7+ Kxf7
1511,1544,black,180+3,e4 c5 Nf3 e6 d4 cxd4 Nxd4 Nc6 Bc4 Nf6
1500,1772,black,60+0,d4 d5 e3 e6 g3 c5 Bg2 Nc6 c3 cxd4
1401,1479,white,120+0,e4 c6 b3 e6 Bb2 d6 g3 Nf6 Bg2 g6
1603,1463,white,900+0,e4 Nc6 c3 Nf6 d3 e5 Qf3 Be7 Be2 O-O
1495,1777,black,300+5,e3 e5 Be2 d5 d3 f5 Nf3 Bd6 O-O Nf6
1512,1527,draw,180+0,e4 d6 Nf3 g6 Bc4 Bg7 Nc3 e6 d3 Nf6
2278,2216,white,120+0,d4 Nf6 c4 e5 dxe5 Ng4 Bf4 Bb4+ Nc3 Nc6
1664,1582,white,480+0,c4 c5 Nc3 e6 g3 a6 Bg2 Bd6 d4 cxd4
1429,1191,black,60+1,d4 e6 e3 b6 g3 Bb7 b3 Bxh1 Nf3 Bxf3
2054,2060,white,60+0,d4 d5 c4 e6 Nc3 Bb4 Nf3 dxc4 e3 b5
1776,1496,white,60+0,Nf3 d5 d4 f6 e3 f5 c4 e6 cxd5 Qxd5
1320,1553,white,300+8,e4 e5 h4 Nf6 f3 h6 c4 Be7 a3 Nxe4
1333,1229,black,240+4,e4 e5 Qf3 c6 Bc4 d5 exd5 cxd5 Bxd5 Nh6
1302,1176,white,120+0,d4 d5 f3 Nc6 g3 Bf5 c3 Nf6 g4 Bg6
1780,1491,white,300+5,e4 e6 f4 Be7 Nf3 Nc6 d4 a5 Bd3 b6
1486,1670,white,180+0,e4 c5 d4 Nc6 d5 Nd4 c3 Nf6 cxd4 Nxe4
1592,1614,white,540+9,e4 e5 h3 Nf6 d3 d5 exd5 Qxd5 a3 Bc5
2048,2065,black,60+0,e4 e6 Nf3 d5 exd5 exd5 d4 Bg4 Be3 Nf6
1665,1419,black,1200+10,e4 d5 exd5 Qxd5 Nc3 Qe5+ Qe2 Qf5 d3 Nc6
1553,1400,white,900+0,e4 e5 Nf3 Nf6 Nc3 Nc6 d4 exd4 Nxd4 Nxd4
1148,1427,black,180+3,e4 c5 Nc3 Nc6 Bc4 e6 Nf3 Qc7 d3 Nf6
1487,1496,black,300+3,e4 e6 d4 Ne7 Nf3 h6 Bd3 a6 c4 b6
1709,1767,black,600+5,e4 e5 d4 exd4 Qxd4 Nc6 Qd1 Nf6 Bg5 Be7
1526,1513,white,180+0,e4 e5 f4 Qh4+ Ke2 exf4 Nf3 Qf6 d4 d5
1151,1465,black,120+0,d4 d5 c4 dxc4 Qa4+ Bd7 Qxc4 Nc6 Bf4 b6
1835,1733,white,180+0,d4 Nf6 Nf3 g6 b4 Bg7 Bb2 d5 Nbd2 O-O
1759,1691,black,1800+0,d4 d5 c4 e6 a3 Nf6 Nc3 Be7 Bf4 O-O
2075,2038,white,60+0,d4 d5 c4 e6 Nc3 dxc4 e3 Bb4 Bxc4 c6
1416,1779,black,60+0,e4 c6 d3 d5 exd5 cxd5 Nf3 Bg4 h3 Bxf3
1339,1290,white,300+8,e4 e5 Qh5 Qf6 d3 h6 Bg5 Qg6 Qxg6 fxg6
1813,1705,black,1800+0,e4 e6 Nf3 d5 exd5 exd5 d4 Nf6 c3 Nc6
1487,1784,white,300+5,e3 e5 Be2 d5 Nf3 e4 Nd4 c5 Bb5+ Bd7
2200,2287,white,120+0,d4 Nf6 Bf4 e6 e3 c5 c3 b6 Nd2 Bb7
1492,1389,white,60+1,d4 d5 e3 e6 Nf3 Nc6 g3 Bb4+ c3 Bd6
1500,1358,black,360+0,e4 e5 Nf3 Nf6 c4 Bb4 Qb3 a5 Nc3 O-O
1534,1630,white,600+10,e4 e5 Bc4 Nf6 Nc3 a6 d3 Nc6 Bg5 h6
1720,1279,white,-,e4 e5 Nf3 Nc6 Nc3 Bb4 Bb5 Qf6 Bxc6 bxc6
1391,1144,white,180+3,d4 d5 c4 Nf6 Bg5 dxc4 Bxf6 exf6 e4 Be7
1469,1140,black,120+0,e4 e5 Nf3 Nf6 d3 Nc6 a3 Bc5 Be2 d6
1421,1431,white,180+3,e4 c5 Nf3 Nc6 c3 e6 h3 Qc7 Be2 Nf6
1804,1820,white,360+0,d4 Nf6 Nf3 g6 Nbd2 Bg7 e4 d6 Bd3 O-O
1568,1613,white,-,e4 e5 Nf3 Nc6 c4 Nf6 Nc3 Bb4 a3 Bxc3
1521,1782,black,60+0,e4 c6 d4 d5 f3 e5 Ne2 exd4 Nxd4 Bc5
2018,2028,black,60+0,d4 d5 Nf3 e6 e3 Nf6 Bd3 c5 Nbd2 c4
1374,1500,draw,60+1,e4 Nc6 d4 Nf6 Nc3 e6 Bg5 h6 Bh4 g5
1503,1501,white,180+0,e4 g6 d4 Bg7 e5 e6 f4 h5 c4 h4
1786,1517,white,60+0,d4 d5 Nf3 c6 e3 Bf5 c4 Nf6 Nc3 e6
1735,1611,white,600+10,d4 Nc6 f4 f5 e3 g6 g4 e6 h4 Nf6
1260,1449,black,120+0,e3 d5 b3 e6 Bb2 e5 Nf3 Nc6 Bxe5 Nxe5
1501,1694,white,120+4,e4 e6 d4 Ne7 f4 g6 Nf3 Bg7 e5 O-O
1632,1715,white,300+2,e4 e5 f4 exf4 Nf3 g5 h4 f6 hxg5 fxg5
2039,2008,black,60+0,d4 d6 c4 Nf6 Nc3 Nbd7 Nf3 e5 dxe5 dxe5
1589,1682,black,600+10,e4 e5 Nf3 Nf6 Bc4 Nxe4 Nxe5 d5 Qf3 Be6
1444,1456,white,300+8,Nf3 Nc6 e3 Nf6 d4 e5 dxe5 Nxe5 Nxe5 Bd6
1797,1368,white,60+1,e4 e5 Nf3 d6 Bc4 c5 c3 Be7 d4 Be6
1689,1574,draw,480+0,e4 d5 e5 d4 c3 d3 Qa4+ c6 Qe4 Qd5
1790,1430,white,60+0,Nf3 d5 d4 Nc6 c4 dxc4 e3 b5 b3 Nf6
1466,1496,black,60+1,d4 d5 e3 f5 Nf3 g6 c4 dxc4 Bxc4 a6
1579,1579,white,300+8,e4 e5 Nf3 f6 Nc3 Nc6 Bb5 Nge7 d3 a6
2020,2027,white,60+0,d4 d5 Nf3 e6 e3 c5 Bd3 Nc6 c3 Nf6
1560,1557,white,1140+5,e4 e5 Nf3 Nf6 Nc3 d6 a3 Be7 h3 O-O
1537,1454,white,480+1,e4 e5 d4 Qh4 c3 Qxe4+ Be3 exd4 cxd4 Bb4+
1555,1518,white,300+5,e4 e5 f4 d6 Nf3 f5 Nc3 Nc6 Bc4 fxe4
1427,1793,black,60+0,e4 c6 e5 d5 d4 Bf5 Nf3 Bg4 Be2 Bxf3
1758,1444,white,600+0,d4 d5 Bf4 Nf6 e3 e6 Bg5 Be7 Nf3 Ne4
1836,1765,black,300+5,e4 e5 f4 exf4 Nf3 g5 Bc4 Qe7 Nc3 c6
1507,1455,black,60+1,d4 c5 e3 cxd4 Qxd4 Nc6 Qd1 e6 g3 Nf6
1616,1658,white,600+10,e4 c6 d4 d5 Nc3 dxe4 Nxe4 g6 Nc3 Bg7
2016,2031,black,60+0,d4 d6 Nf3 Nf6 c4 Nbd7 Nc3 e5 d5 Be7
1952,1848,draw,180+0,Nc3 f5 d4 Nf6 Nf3 g6 Bg5 Bg7 e3 d6
1269,1368,black,60+5,Nc3 e6 b3 d6 Bb2 Be7 e3 Nf6 Qf3 Bd7
1143,1251,black,300+0,e3 e5 d3 d5 c3 e4 Nd2 exd3 Bxd3 Nc6
1808,1815,white,360+0,Nf3 Nc6 b3 e5 d3 d5 Bb2 f6 e3 Be6
1795,1424,white,60+0,Nf3 d5 d4 Nc6 e3 Bg4 c4 Bxf3 Qxf3 dxc4
1335,1465,white,300+5,d4 d5 c4 dxc4 Nc3 Be6 e3 Qd7 Nf3 h6
2041,2006,white,60+0,d4 d5 Nf3 e6 e3 c5 Bd3 Nc6 c3 f6
1750,1694,white,300+6,e4 c5 Nf3 e6 d4 cxd4 Nxd4 Nc6 Nf3 Nf6
1799,1381,white,60+1,d4 d5 Nf3 e6 c4 c6 Nc3 Bb4 e3 Nf6
1500,1735,black,600+8,e4 c5 Nf3 Nc6 Nc3 g6 d3 Bg7 Be3 b6
1602,1594,black,540+9,e4 e5 Nf3 Nc6 Nc3 Nf6 Bb5 a6 Ba4 Be7
1765,1955,black,300+8,e4 c5 Nf3 Nc6 d4 cxd4 Nxd4 Nf6 Nc3 d6
1610,1464,white,900+0,e4 e6 Qf3 Bc5 d3 Nf6 Be2 h6 h3 O-O
1395,1510,black,240+4,d4 Nc6 d5 Nb4 c4 e6 dxe6 fxe6 e4 Qh4
1558,1803,black,120+0,e4 Nc6 f4 e5 Nf3 exf4 d4 g5 d5 g4
1350,1819,black,300+8,e4 d5 e5 f6 Bb5+ Bd7 Qe2 Bxb5 Qxb5+ c6
1455,965,white,120+0,e4 Nc6 Nf3 e5 a3 d6 d3 Bg4 Be2 Nf6
1552,1419,white,180+3,e4 c5 Nf3 Nc6 Nc3 e6 d4 cxd4 Nxd4 Qc7
1378,1802,black,60+1,e4 c6 d3 d5 e5 d4 c3 c5 cxd4 cxd4
1996,1639,white,60+0,d4 c6 Nf3 d5 c4 e6 Nc3 Nf6 Bg5 Bb4
1742,1755,white,600+10,d4 d5 e3 Nf6 f4 e6 Nf3 c5 c3 cxd4
1804,1374,white,60+1,d4 d5 c4 e6 Nc3 Bb4 Nf3 Nc6 Bg5 f6
1581,1500,black,600+10,e4 e5 Nf3 d6 Bc4 Nh6 Nc3 Bg4 h3 Bc8
1761,1074,white,600+0,d4 d5 Bf4 Nc6 e3 e6 Bb5 Bd7 Bxc6 Bxc6
1853,1948,white,180+0,d4 e6 Nf3 d5 e3 Nf6 Bd3 Ne4 Nbd2 f5
1727,1593,white,540+9,e4 e5 Nf3 Nc6 Bb5 a6 Ba4 b5 Bb3 Bc5
1852,2051,black,60+0,e4 d6 Nf3 Nf6 d3 Nbd7 c3 e5 Be2 Be7
1637,1999,black,60+0,c4 e5 Nc3 Nc6 d3 Bc5 g3 Qf6 Bg2 Qxf2+
1723,1654,black,420+3,e4 e5 Nf3 Nc6 c3 Nf6 d4 exd4 e5 Qe7
1886,1622,white,240+0,e4 e5 Nf3 f5 Nc3 Nf6 Bc4 fxe4 Nxe5 d5
2002,1634,white,60+0,d4 c6 Nf3 d5 Bf4 b5 a4 e6 e4 bxa4
1371,1806,black,60+1,e4 e5 d4 exd4 Qxd4 Nc6 Qd1 Bc5 Bb5 Qh4
1808,2274,black,120+0,e4 e6 d4 d5 Nc3 Nf6 Bg5 Be7 e5 Nfd7
2056,1846,black,60+0,d4 d6 Nf3 c6 Bf4 Nf6 e3 e6 h3 Be7
1360,1396,white,600+0,e4 e5 Nf3 d6 h3 Nf6 d3 Be7 Bg5 O-O
1516,1511,black,180+0,e4 c6 e5 d6 f4 dxe5 fxe5 Qd5 d4 Qe4+
1586,1790,white,540+9,e4 e6 Nf3 d5 e5 c5 d4 cxd4 Qxd4 Nc6
1631,2004,black,60+0,c4 e5 Nc3 Nc6 d3 Bc5 g3 d6 Bg2 Nf6
1808,1368,white,60+1,e4 e5 Nf3 d6 Bc4 Bg4 d4 exd4 Qxd4 Nc6
1866,2040,black,60+0,e3 d6 d4 Nf6 c4 Nbd7 Nc3 e5 d5 Be7
1567,1385,white,1800+0,e4 e5 Nf3 Nf6 d3 d6 Nc3 g6 Bg5 Bg7
1450,1370,white,300+5,e4 e5 Nf3 Nc6 Bc4 h6 Nc3 d6 d4 exd4
2006,1629,white,60+0,e4 c6 Nf3 d5 exd5 cxd5 d4 e6 c4 Nc6
1500,1470,black,600+10,e4 e5 f4 d6 Nf3 Bg4 Bc4 h6 O-O exf4
1441,1477,draw,300+8,Nf3 d5 d4 h6 e3 e6 Bd3 Nc6 Nc3 Nf6
2275,1806,white,120+0,e4 Nc6 Nc3 e5 f4 exf4 Nf3 g5 d4 Bg7
1760,1500,black,60+15,e4 d6 d4 Nf6 Nc3 c6 Nf3 Bg4 Bg5 Nbd7
1578,1666,white,420+3,e4 e5 f4 f6 Nf3 Nc6 Bc4 a6 O-O d6
1856,1584,white,300+1,e4 c5 c3 d6 d4 cxd4 cxd4 e6 Bb5+ Bd7
1348,1443,white,300+8,e4 e5 Nc3 g6 h4 Bg7 Nf3 d6 Ng5 Nf6
1338,1376,white,360+0,h4 e5 h5 d5 h6 gxh6 d4 e4 Nc3 Be6
2045,1859,white,60+0,d4 d5 Nf3 c6 c4 e6 cxd5 exd5 Nc3 Nf6
1394,1460,black,360+10,e4 g6 Nf3 Bg7 d4 e6 Be3 Ne7 Bd3 Nbc6
1762,1714,white,600+0,d4 d5 Bf4 c6 Bxb8 Rxb8 e3 Nf6 Bd3 e6
2009,2271,black,60+0,d4 a6 Nf3 b5 Bf4 Bb7 e3 d6 Be2 Nd7
1481,1455,white,180+5,e4 e5 d3 Nc6 Be3 Nf6 Bg5 Be7 Nc3 h6
1495,1522,white,180+0,e4 c6 Nf3 e6 Bc4 d5 exd5 cxd5 Bb3 Nf6
1628,1546,black,600+10,e4 e5 Nf3 Nc6 d4 exd4 Nxd4 Nxd4 Qxd4 c5
1852,2051,black,60+0,e4 d6 Nf3 Nf6 e5 dxe5 Nxe5 Nbd7 Nxf7 Kxf7
1533,1618,black,300+1,e4 e5 Nf3 f5 exf5 e4 Qe2 Nf6 d3 d5
1133,1421,white,60+0,e4 e5 Bd3 d6 Qe2 Nc6 Nc3 Nd4 Qd1 Nf6
1411,1875,black,180+3,d4 d6 c4 Nf6 Nc3 c6 Nf3 Bg4 e3 Nbd7
2276,2005,white,60+0,c4 e5 Nc3 Nc6 g3 Bc5 Bg2 Qf6 e3 d6
1489,1296,white,660+0,e4 e5 Nf3 Nc6 Nc3 Nf6 Bb5 d5 Bxc6+ bxc6
1388,1456,black,300+3,e4 e6 Nf3 d5 Ne5 dxe4 Qh5 g6 Qh3 Bg7
1339,1244,black,180+5,d4 d5 Bf4 c6 Nf3 Na6 e3 Qd7 Nc3 Qf5
1478,1209,black,900+10,e4 e5 Nf3 f6 Bc4 Nh6 d4 g5 dxe5 Bg7
1118,1500,black,300+0,e3 e5 d3 d5 c3 Nf6 Nf3 Nc6 Nbd2 Be7
2057,2277,black,120+0,d4 Nf6 Nf3 e6 e3 c5 Bd3 b6 c4 Bb7
1400,1174,white,60+0,e4 d5 e5 d4 c3 Nc6 cxd4 Nxd4 Nf3 c5
1518,1387,white,240+4,e4 e5 b3 Bc5 Bb2 d6 h4 a6 f3 Nf6
1601,1580,black,-,e4 c5 Nc3 Nc6 Bb5 a6 Bc4 d6 f4 e5
2001,2280,black,60+0,d4 d5 Nf3 Nf6 Bf4 h6 e3 c6 c4 Nbd7
1510,1508,black,180+0,c4 e6 Nc3 d5 cxd5 exd5 d4 c5 dxc5 Bxc5
1759,1492,black,300+6,e4 e5 f4 Nc6 Nf3 d6 Bc4 h6 O-O exf4
1500,1569,black,600+3,e4 e5 Nf3 Nf6 d4 Nxe4 Nxe5 Qe7 Bd2 d6
1702,1626,white,300+2,d4 d5 a3 e6 e3 Nf6 h3 Bd6 Nf3 O-O
1878,1409,white,180+3,d4 d5 Nf3 Nc6 e3 e6 c4 dxc4 Bxc4 Nf6
1060,1405,black,60+0,e4 e5 d4 exd4 c3 dxc3 Bc4 cxb2 Bxb2 Nc6
1373,1384,black,600+0,e4 d5 e5 d4 d3 f6 Bf4 fxe5 Bxe5 Nc6
1961,1760,black,300+8,Nf3 d5 c4 d4 d3 c5 g3 Nc6 Bg2 e5
1880,1778,white,300+5,d4 d5 Nf3 Nf6 e3 e6 Bd3 c5 c3 a6
1363,1524,black,300+1,c4 e5 d3 d6 e4 Nf6 Nc3 c6 Bg5 Be7
2284,1997,black,60+0,e4 e5 Nf3 Nc6 d4 exd4 Nxd4 Bc5 Be3 Qf6
2282,2052,white,120+0,d4 d6 Nf3 Nf6 g3 Nbd7 Bg2 g6 O-O Bg7
1560,1408,black,180+3,e4 c5 Nf3 Nc6 Bc4 e6 Nc3 Qc7 d4 a6
1719,1786,draw,1800+0,d4 Nf6 Nc3 e6 e4 d5 e5 Nfd7 Nf3 c5
1617,1495,draw,900+0,e4 e6 Qf3 b6 d3 Bb7 Be3 Qf6 Nd2 Qxb2
1488,1442,black,900+3,d4 d5 e3 Nf6 Nf3 e6 Bd3 Bd6 Bd2 O-O
1483,1459,black,180+5,e4 d5 exd5 Qxd5 Nc3 Qa5 d3 Nf6 Bd2 e6
1469,1306,black,300+2,e4 d5 d4 dxe4 c3 Nf6 Bc4 a6 Ne2 b5
1379,1720,white,1440+0,e4 e5 Nf3 d6 Bc4 Bd7 Ng5 Nh6 d3 b5
2047,2287,black,120+0,d4 Nf6 Nf3 c5 e3 e6 Bd3 b6 O-O Bb7
1351,1301,white,300+5,d4 e6 Nf3 c6 e3 b5 a4 Ba6 axb5 Bxb5
1753,1746,black,600+10,d4 d5 e3 Nf6 f4 Ne4 Bd3 f5 Nf3 e6
1618,1892,black,240+0,e4 d6 Nf3 Nf6 Nc3 e5 d3 Be7 Bg5 O-O
1645,1770,white,300+5,d4 d5 Nf3 e6 e3 c5 dxc5 Bxc5 Bd3 Nf6
1425,1541,white,180+3,d4 d5 c4 c6 Nc3 Nf6 e3 Bf5 Nf3 e6
1801,1722,white,540+0,e4 c5 Nf3 d6 d4 cxd4 Nxd4 Nf6 Nc3 g6
1457,1401,black,120+0,e4 e5 d4 exd4 Qxd4 Nc6 Qd1 Nf6 Bd3 Bc5
1550,1554,white,300+0,e4 c5 Nc3 e6 Bc4 a6 Nge2 b5 Bb3 c4
1541,1425,white,180+3,e4 c5 Nf3 Nc6 Bc4 e6 d4 cxd4 Nxd4 Qc7
1230,1455,black,300+8,d4 d5 Nc3 Nf6 Bg5 Ne4 Nxe4 dxe4 h3 h6
1503,1560,white,180+0,e4 b6 d4 Bb7 d5 e6 c4 exd5 cxd5 Ne7
1967,1713,white,600+0,e4 c5 Nf3 d6 Bb5+ Bd7 Bxd7+ Nxd7 Nc3 Ngf6
1503,1718,black,600+0,e4 c5 Nc3 e6 Nf3 d5 exd5 exd5 Bb5+ Bd7
1110,1500,white,300+0,e3 e5 d3 Qh4 Nd2 Nc6 Ndf3 Qg4 Be2 Bb4+
1632,1820,draw,900+0,e4 d5 exd5 Nf6 c4 e6 dxe6 Bxe6 d4 Bb4+
1309,1327,black,120+0,d4 d5 f3 e6 g3 g6 e4 Bg7 e5 Ne7
1535,1476,white,300+8,e4 c5 Bc4 Nc6 d3 e6 Nh3 h6 Qf3 Nd4
1531,1464,white,300+1,e4 e6 Nf3 d5 exd5 exd5 d4 Bd6 c3 Ne7
1511,1741,black,300+6,f4 e5 e3 Bd6 Nf3 exf4 exf4 Qf6 g3 Nc6
1390,1482,white,300+8,e4 e5 Qh5 Nf6 Qxe5+ Be7 Nc3 O-O d4 Re8
1389,1217,white,600+0,e4 d5 exd5 Qxd5 Nc3 Qe6+ Qe2 Qd6 Nf3 Bg4
1590,1491,white,900+0,e4 e5 Nf3 Nc6 Bc4 d6 O-O Bg4 Re1 Na5
1540,1666,white,300+1,e4 e6 Nf3 e5 d3 Nc6 Nc3 Nf6 Be2 Bb4
1298,1500,white,120+0,d4 d6 e4 e5 d5 c6 dxc6 bxc6 c3 Na6
1338,1619,black,60+1,d4 d5 g3 Nc6 Bg2 Bf5 Nf3 e6 b3 Bd6
1543,1561,white,300+0,d4 d5 e3 c5 c3 cxd4 cxd4 Bf5 Nf3 Nf6
1518,1209,white,180+0,e4 e5 d4 Bd6 d5 Nf6 Bg5 Be7 Bxf6 Bxf6
1560,1614,black,600+10,e4 e5 d3 Nc6 h3 h6 Nf3 Bb4+ c3 Bd6
1362,1551,black,600+0,e4 g6 Nf3 Bg7 d4 e6 Be3 Ne7 c4 O-O
1249,1461,black,900+10,e4 e5 d4 exd4 Qxd4 Nc6 Qd1 d6 Nc3 Nf6
1657,1499,white,600+2,e4 e6 Nf3 b6 d4 Bb7 Bd3 Nf6 e5 Nh5
1324,1604,black,180+5,d4 d6 Bf4 c5 dxc5 Qa5+ Nc3 Qxc5 Nf3 g6
1417,1550,white,180+3,d4 d5 c4 c6 Nc3 Nf6 e3 Bf5 Nf3 h6
1334,1259,white,60+1,d4 d5 g3 Nf6 Bg2 g6 Nf3 Bg7 O-O O-O
1457,1404,black,240+8,d4 d5 Nf3 Nf6 Bg5 Nc6 Bxf6 exf6 e3 Bd6
1276,1443,white,120+0,d4 c6 e3 d5 Bd3 e6 f4 a6 Nd2 c5
1747,1621,white,300+8,e4 b6 d4 Bb7 Nc3 d5 e5 e6 f4 Bb4
1183,1522,white,180+0,e4 d5 exd5 Qxd5 d4 e5 c3 e4 Nd2 f5
1309,1324,white,120+0,d4 d5 f3 c6 e4 e6 e5 f6 f4 fxe5
1273,1310,white,420+0,e4 e5 Nf3 Bc5 Nxe5 Nf6 Nc3 Qe7 Nf3 Nxe4
1746,1506,black,300+6,e4 e5 f4 Nc6 Nf3 exf4 Bc4 h6 O-O Nf6
1371,1435,white,300+5,d4 d5 c4 dxc4 Nc3 a6 e3 b5 Nf3 e6
1392,1343,white,60+0,Nf3 d5 d4 e6 e3 g6 c3 Bg7 Nbd2 Nf6
1550,1555,white,300+0,e4 c5 Nf3 e6 Bc4 Nc6 d4 cxd4 Nxd4 a6
1250,1333,black,0+5,c4 e5 d4 d6 dxe5 d5 cxd5 Bc5 Nf3 Bf5
1623,1759,white,60+0,e4 Nf6 d3 e5 f3 d5 Bg5 d4 f4 Bd6
1396,1651,black,120+2,e4 e5 Nf3 Nc6 Nc3 Nf6 Bb5 a6 Bxc6 dxc6
1321,1500,white,120+0,d4 d5 f3 e6 g3 c6 e4 Nd7 e5 c5
1532,1433,white,180+3,e4 c5 Nf3 Nc6 Bc4 e6 d4 cxd4 Nxd4 Qc7
1544,1536,black,300+8,e4 e5 Bc4 Nf6 d3 h6 Nf3 d6 Nc3 Bg4
1709,1972,black,600+0,e4 e6 Nf3 d5 exd5 exd5 d4 Bd6 Bd3 Ne7
1430,1143,white,120+0,Nc3 d5 d4 Nf6 e3 Bf5 Bd3 Bxd3 Qxd3 e6
1402,1313,white,60+0,Nf3 c5 d4 cxd4 Qxd4 e6 c3 Be7 e3 Bf6
1744,1639,white,60+0,e4 e5 f4 exf4 Nf3 Nc6 d4 Bb4+ c3 Be7
1417,1316,black,240+8,e4 e5 Nc3 Bc5 Nf3 Nf6 Nxe5 Qe7 d4 Bb4
1610,1509,white,180+2,d4 d5 e3 e6 Bd3 c5 c3 c4 Bc2 Nc6
1601,1664,white,1200+5,Nf3 Nc6 d4 d5 Bf4 Bg4 e3 e6 Be2 Nf6
1624,1551,white,600+10,e4 g6 d4 Bg7 e5 c5 c3 cxd4 cxd4 e6
1291,1372,black,300+2,e4 e5 Qh5 g6 Qxe5+ Qe7 Qxh8 d6 f3 Nf6
1710,1660,black,180+5,e4 g6 f4 Bg7 Nf3 d6 Bc4 Nc6 O-O Bg4
1776,1943,black,300+8,d4 Nf6 Nc3 d5 Bg5 Nbd7 f3 e6 e4 dxe4
1469,1434,black,120+0,d4 c6 e3 e6 c4 d6 Nf3 Be7 Nc3 a6
1631,1752,black,60+0,e4 Nf6 f3 e5 d3 d5 Bg5 dxe4 fxe4 h6
1648,1497,black,120+1,e4 c5 Nf3 b6 d4 cxd4 Bc4 Bb7 O-O Nc6
1411,1212,white,60+0,Nf3 d5 d4 e6 e3 c6 c3 Nf6 Bd2 Be7
1176,1262,white,300+2,e4 d5 exd5 Qxd5 Nc3 Qe6+ Nge2 Nh6 g3 Ng4
1424,1541,black,180+3,d4 d5 c4 c6 Nc3 Nf6 e3 Bf5 Nf3 h6
1241,1305,white,0+5,c4 e6 d4 d6 e3 c6 b3 Be7 Bb2 Nf6
1759,1623,black,60+0,Nf3 e5 e4 d6 d4 exd4 Nxd4 Nf6 Bd3 Be7
1755,1759,black,300+8,e4 e6 c4 c5 Nf3 Nc6 Nc3 d6 d3 Nf6
1416,1448,white,60+0,Nf3 e6 d4 f5 e3 h5 Qe2 g5 Nc3 g4
1397,1543,black,1440+0,e4 e5 Nf3 d6 Bc4 Nd7 d3 h6 Nc3 a6
1308,1381,black,300+2,d4 Nc6 e3 e5 dxe5 Nxe5 Nc3 c6 Nf3 Nxf3+
1342,1617,white,60+1,d4 Nf6 g3 e5 Bg2 exd4 Qxd4 Nc6 Qd1 Bc5
1331,1149,white,120+0,d4 d5 f3 Nc6 e4 dxe4 fxe4 e5 d5 Nd4
1599,1447,white,120+0,e4 c6 d4 e6 c4 d6 Nf3 Be7 Be2 a5
1742,1795,black,600+10,d4 e6 e3 c5 c3 d5 f4 Nc6 a3 Nf6
1637,1508,white,180+2,e4 e5 Nf3 d6 d4 exd4 Nxd4 c5 Nb3 Be7
1337,1254,white,120+0,d4 d5 f3 Nf6 g4 g6 g5 Bg7 gxf6 Bxf6
1525,1544,white,180+3,e4 c5 b3 e6 Bb2 Nc6 c4 Nf6 Bd3 a6
1639,1744,white,60+0,e4 c6 f4 d5 exd5 cxd5 d4 Nc6 Nf3 f5
1346,1324,black,120+0,d4 Nf6 f3 e6 Nc3 d5 e4 dxe4 fxe4 Nc6
1977,1705,black,600+0,e4 c5 Nf3 d6 c3 Nf6 Qc2 e6 d4 cxd4
1451,1471,white,240+1,d4 d5 e3 Nc6 Bb5 Bd7 Bxc6 Bxc6 c3 e6
1513,1805,black,120+1,c4 e6 b3 Nf6 Bb2 b6 Nc3 Bb7 Nf3 d5
1500,1500,white,300+8,e4 a5 Qf3 h5 Bc4 g5 Qxf7#
1500,1577,white,0+1,c3 b6 d4 Bb7 f3 e6 e4 Ne7 Be3 Ng6
1337,1662,black,300+8,h4 e5 g4 Qf6 a4 Bc5 b4 Qxf2#
1554,1438,white,480+3,e4 d5 exd5 Qxd5 Nc3 Qe5+ Nge2 Nc6 d4 Nxd4
1440,1360,white,120+0,a4 e5 b3 d5 d3 Bb4+ Bd2 Bc5 b4 Bd4
1452,1767,black,600+0,e4 c5 c4 Nc6 Nf3 g6 Nc3 Bg7 Be2 Nh6
1720,1279,white,300+8,e4 h5 Bc4 a5 Qf3 h4 Qxf7#
1606,1366,black,60+1,e4 e5 d3 d6 Nf3 c5 Be2 Nc6 O-O Be7
1519,1659,white,180+0,e3 c5 b3 d5 Bb2 Nc6 g3 e6 d3 Nf6
1472,1421,black,600+0,e4 c6 Nc3 d5 e5 d4 Ne4 f5 Ng3 f4
1727,1669,white,300+6,e4 c5 Nf3 d6 d4 cxd4 Nxd4 Nf6 Nc3 a6
1752,1524,black,300+8,e4 e5 Bc4 Nf6 a3 d6 Ba2 Be7 Qf3 Nbd7
1654,1730,black,60+0,e4 e6 d4 d5 e5 c5 Nf3 Nc6 dxc5 Bxc5
1698,1672,white,180+5,e4 g6 f4 Bg7 Nf3 d6 Bc4 Bg4 O-O Nc6
1547,1508,white,900+1,e4 e5 Nf3 d6 d4 Nf6 dxe5 dxe5 Qxd8+ Kxd8
1195,1580,white,120+0,d4 e5 dxe5 d5 f3 Nc6 e4 Nxe5 exd5 Nf6
1353,1211,white,300+8,e4 d5 d3 d4 Nf3 c5 Bf4 Na6 Be2 Qa5+
1245,1225,black,300+5,e4 e6 d3 d5 exd5 exd5 Qe2+ Be7 Qe5 Nf6
1335,1304,white,120+0,d4 e6 f3 c5 e4 d5 c3 dxe4 fxe4 Nf6
1416,1519,black,180+3,d4 Nf6 c4 d6 Nc3 g6 Nf3 Bg7 e4 O-O
1542,1285,white,300+7,e4 c6 d4 d5 exd5 cxd5 Bb5+ Bd7 Nc3 a6
1708,1662,white,180+5,e4 b6 f4 Bb7 e5 e6 Nf3 g6 d4 Bxf3
1311,1596,black,300+0,e4 d5 e5 Nc6 d4 f6 Nf3 fxe5 dxe5 Bg4
1385,1588,white,60+1,d4 b6 e4 Bb7 d5 e6 c4 exd5 cxd5 Nf6
1739,1645,white,60+0,Nf3 c5 e4 Nc6 c3 e5 d4 exd4 cxd4 cxd4
1429,1351,white,60+0,Nf3 d5 d4 Nc6 e3 g6 c3 Bg7 Bd3 Nf6
1717,1449,black,0+1,g3 c6 Bg2 d6 b3 e6 Bb2 d5 e3 f6
1387,1651,black,660+11,e4 c5 e5 Nc6 Nf3 d6 d4 cxd4 Bb5 dxe5
1452,1462,draw,300+2,e4 e6 d4 d5 e5 c6 Bf4 g6 Bd3 h5
1346,1246,white,120+0,d4 d5 f3 Nf6 g3 g6 e4 Bg7 e5 Nfd7
1561,1500,black,480+3,e4 e6 d4 d5 e5 c5 c3 Nc6 b3 Qb6
1636,1747,black,60+0,e4 e6 Nf3 d5 Bd3 c5 exd5 exd5 c4 d4
1491,1646,black,0+1,g3 c5 Bg2 Nc6 b3 e6 Bb2 Nf6 Bxc6 bxc6
1292,1292,white,120+1,e4 d5 exd5 Qxd5 Nc3 Qe5+ Be2 Qg5 Nf3 Qxg2
1734,1600,white,300+0,d4 d5 c4 Nc6 e3 Nf6 Nc3 e6 a3 b6
1773,1542,white,600+0,d4 c5 dxc5 Qa5+ Nc3 Qxc5 Qd5 Qc7 g3 Nf6
1809,1811,black,60+1,e4 c6 Nf3 d5 Nc3 d4 Ne2 c5 Ng3 Bg4
1554,1500,white,300+8,e4 a5 Bc4 Ra6 Qf3 h6 Qxf7#
1438,1354,white,60+0,Nf3 d5 d4 f6 e3 c6 c3 e6 Bd3 Bd7
1571,1798,black,60+0,e4 c6 d3 d5 Nf3 dxe4 dxe4 Qxd1+ Kxd1 Bg4
1348,1620,black,300+8,h4 e5 Rh3 Qf6 a4 Bc5 b3 Qxf2#
1754,1628,white,60+0,e4 e5 f4 exf4 Nf3 f6 d3 g5 Be2 d6
1585,1175,white,1320+30,e4 d5 exd5 Qxd5 Nc3 Qe5+ Be2 e6 Nf3 Qg5
1615,1748,black,180+2,d4 d5 e3 e6 Bd3 Nf6 Nd2 Be7 f4 Nbd7
1655,1290,white,300+8,e4 e5 Qf3 h6 Bc4 g6 Qxf7#
1548,1532,draw,180+3,b3 c5 Bb2 e6 e3 Nf6 Ne2 Nc6 Ng3 Bd6
1651,1535,black,180+0,e4 e6 Bc4 b6 Nf3 Bb7 d3 Bc5 O-O Ne7
1824,1649,white,60+1,e4 e5 Nf3 d6 Bc4 c6 d4 Bg4 dxe5 b5
1621,1762,white,60+0,e4 Nf6 d3 e5 Nc3 d5 Bg5 d4 Bxf6 Qxf6
1641,1832,black,60+1,e4 e5 Nf3 Nc6 Bc4 Bc5 O-O Nf6 c3 d6
1653,1699,white,60+0,b4 c6 Bb2 d5 a4 Qc7 b5 e5 e3 f6
1447,1345,black,60+0,Nf3 d5 d4 e6 e3 c5 c3 c4 Be2 Be7
1500,1237,white,0+1,d4 g6 c3 Bg7 e4 b6 f4 Bb7 Be2 e6
1302,1604,black,360+5,e4 e5 Nf3 d6 d4 c6 Bc4 Bg4 Nc3 d5
1453,1356,white,360+0,e4 e5 Ne2 Nf6 d3 Nc6 Bg5 Bb4+ c3 Ba5
1219,1566,black,120+0,c3 d6 d4 e5 dxe5 dxe5 Qxd8+ Kxd8 Bg5+ f6
1685,1666,white,60+0,b3 c5 Bb2 Nc6 h4 e6 h5 h6 Nf3 Nf6
1747,1637,black,60+0,d4 e6 e4 d6 c4 Bd7 Nc3 Nc6 f4 Qe7
1764,1803,white,60+0,d4 d5 e3 e6 Nf3 Nf6 Bd3 c5 dxc5 Bxc5
1580,1233,white,0+1,e4 b6 d3 Bb7 f3 e6 b3 g6 Bb2 Nf6
1363,1614,black,300+8,e4 c5 Bc4 e6 e5 d5 Bb5+ Bd7 Bxd7+ Nxd7
1204,1372,black,300+8,d4 d5 e3 Nc6 b3 e5 Bb2 exd4 exd4 Nf6
1950,1770,white,300+8,d4 d5 Bf4 c6 e3 Nf6 c4 Bg4 f3 Bh5
1602,1315,black,900+0,e4 d6 d4 c6 Nf3 Nd7 Bd3 e5 O-O Ngf6
1280,1743,black,300+8,e4 c5 c3 Nc6 d4 cxd4 cxd4 Nf6 f3 e6
1466,1467,black,600+10,e4 d5 exd5 Qxd5 Nc3 Qe6+ Nge2 Nf6 d3 Nc6
1497,1439,black,900+1,e4 d5 e5 d4 d3 c5 Bf4 Nc6 Nd2 Qb6
1553,1530,white,480+3,e4 d6 d4 g6 d5 Bg7 Bb5+ c6 dxc6 bxc6
1525,1500,black,360+6,e4 e5 d4 exd4 c3 dxc3 Bc4 d6 Nxc3 Nf6
1623,2135,black,0+1,a3 b6 b4 Bb7 d3 e6 c4 f5 Bb2 Nf6
1230,1838,black,60+1,c4 e5 d4 exd4 Qxd4 Nc6 Qe3+ Qe7 Qxe7+ Bxe7
1655,1697,black,60+0,b4 c6 Bb2 d5 a4 Qc7 b5 e5 e3 f6
1451,1436,black,540+0,e4 e5 Nf3 Nc6 d3 Nf6 a3 Bc5 b4 Bb6
1838,1428,white,60+1,e4 g6 Nf3 Bg7 d4 Nf6 Nc3 d6 Bc4 Nc6
1360,1229,white,120+0,d4 g6 f3 Bg7 e4 e6 e5 Ne7 f4 O-O
1771,1665,draw,900+0,d4 e6 c4 b6 Nc3 Bb7 e4 Bb4 Bd3 f5
1652,1732,black,60+0,e4 Nf6 Nc3 e5 d3 d6 Bg5 c5 Be2 Be7
1790,1797,black,60+0,Nf3 e6 d4 Nf6 c4 b6 Nc3 Bb7 e3 d5
2137,1403,white,60+1,e4 e5 Bc4 d6 d3 c5 Ne2 Nc6 h3 Be6
1166,1588,black,1320+30,Nf3 d5 Nc3 Nf6 d4 e6 Bg5 h6 Bf4 g5
1606,1512,white,0+1,b3 c5 Bb2 Nc6 c4 e6 e3 d5 a3 dxc4
1694,1569,black,60+0,e4 d6 Bc4 g6 Qf3 e6 Nh3 a5 Qxf7+ Kxf7
1432,1367,white,60+0,Nf3 d5 d4 f6 e3 e5 c4 e4 cxd5 Qxd5
1645,1707,black,60+0,b4 c6 Bb2 d5 a4 Qc7 b5 e5 e3 f6
1745,2118,white,300+8,e4 c5 c4 Nc6 Nc3 g6 Nf3 Bg7 d3 e6
1746,1627,black,300+0,d4 e6 c4 c5 d5 exd5 cxd5 Nf6 Nc3 d6
1689,1464,white,0+1,b3 e6 Bb2 d6 f3 c6 e4 Be7 g3 Bd7
1424,1555,black,300+8,e4 c5 c3 Nc6 Bb5 Nf6 Bxc6 bxc6 f3 Nh5
1841,1425,white,60+1,e4 e5 Nf3 Nc6 Bc4 h6 d4 exd4 e5 Qe7
1729,1459,black,0+1,b3 e6 Bb2 f6 g3 Be7 Bg2 e5 e3 d6
1777,1779,black,60+0,d4 d5 e3 e6 Nf3 c5 dxc5 Bxc5 c3 Nf6
1546,1684,black,300+7,e4 e6 d4 c5 dxc5 Bxc5 Bd3 Ne7 Bg5 f6
1741,1643,white,60+0,Nc3 c5 d3 Nc6 e4 e6 f4 d6 Nf3 Bd7
1647,1583,black,60+0,e3 b6 d3 Bb7 f3 d6 Be2 e5 Bd2 Nf6
1442,1358,white,60+0,Nf3 d5 d4 f6 c3 e5 e3 e4 Nfd2 f5
1747,1593,white,300+0,d4 d5 c4 dxc4 Nc3 b5 Nxb5 c6 Nc3 Ba6
1398,1500,white,300+5,d4 d5 c4 e6 Nf3 Be7 cxd5 Qxd5 Bf4 c6
2137,1809,black,120+0,e3 e5 b3 d5 Bb2 Nc6 c4 d4 Nf3 Bc5
1479,1455,black,600+10,d4 e6 d5 e5 Nc3 Bc5 Nf3 d6 e4 h6
1634,1749,white,60+0,e4 e6 f4 d5 e5 c5 Nf3 Nc6 d4 Nge7
1590,1680,black,1320+30,e4 c5 Nf3 d6 d4 cxd4 Nxd4 Nf6 c3 Nxe4
1598,1222,white,0+1,b3 g6 Bb2 Nf6 Bxf6 Bg7 Bxg7
1843,1423,white,60+1,e4 e5 Nf3 Nc6 Bc4 h6 d4 exd4 Nxd4 Qf6
1512,1563,black,480+3,e4 e5 Nf3 d6 Nc3 Nc6 Bb5 Bd7 d4 exd4
1846,1614,white,0+1,e4 e5 Nf3 Nc6 d3 d6 c3 Bg4 g3 Bxf3
1614,1596,black,0+1,b3 d6 Bb2 b6 f3 Bb7 e4 c6 c4 Nd7
1685,1292,black,300+0,e4 e5 Nf3 Nf6 Nc3 d6 h3 a6 d3 h6
1790,1765,black,60+0,Nf3 e6 d4 d6 Bg5 Nf6 Bxf6 Qxf6 e4 Qe7
1219,1409,black,60+0,d4 d5 c4 e6 c5 c6 e3 Nd7 g3 Ngf6
1530,1476,white,120+0,d4 c6 c4 e6 Nf3 d6 Nc3 Nf6 e4 Be7
1450,1436,white,60+0,Nf3 e6 d4 d5 e3 c6 c3 g6 Bd3 h5
1509,1630,black,300+8,d4 c6 e3 d5 b4 Bf5 a3 e6 g4 Bg6
1735,1649,white,60+0,e4 e6 d4 c6 c4 d5 cxd5 cxd5 e5 Nc6
1767,1676,white,240+4,e4 e5 Nf3 f6 Nxe5 fxe5 Qh5+ g6 Qxe5+ Qe7
2110,1929,black,60+1,e4 d5 exd5 Qxd5 Nc3 Qa5 Nf3 Nf6 h3 g6
1737,1688,white,300+6,e4 e5 f4 exf4 Nf3 g5 Bc4 Nc6 O-O Nh6
1777,1778,black,60+0,d4 d5 e3 e6 Nf3 c5 dxc5 Bxc5 c3 Ne7
1421,1846,black,60+1,e4 e5 Bc4 Nc6 d3 d6 a3 Nf6 Nc3 Be7
1650,1586,white,300+0,e4 e5 Bc4 c6 a3 d5 exd5 cxd5 Bb3 Bc5
1734,1816,white,600+10,d4 Nf6 f4 d5 e3 Bf5 Bd3 Ne4 g4 Bd7
1349,1508,black,120+0,d4 e6 f3 b6 e4 Bb7 e5 d6 f4 dxe5
1728,1499,white,300+0,d4 d5 c4 dxc4 e3 Nf6 Bxc4 e6 Nf3 Be7
1904,1500,white,300+8,e4 c5 Nf3 Nc6 d4 cxd4 Nxd4 Nxd4 Qxd4 Nf6
1754,1501,white,180+0,Nf3 d5 c4 e6 d3 dxc4 Qa4+ Bd7 Qxc4 b5
1571,1198,white,900+0,e4 e6 Nf3 d5 e5 d4 c3 d3 a3 Nc6
1668,1282,white,480+7,e4 e5 Bc4 Nf6 d3 d5 exd5 Nxd5 Bxd5 Qxd5
1830,1864,black,120+0,e4 e6 d4 c6 Nc3 d5 Nf3 dxe4 Nxe4 Nd7
1641,1743,black,60+0,e4 Nf6 d3 e5 Bg5 Be7 Nc3 d6 Qd2 Be6
1359,1318,black,300+2,b4 e5 Bb2 Bxb4 Bxe5 Nc6 Bxg7
1484,1479,white,240+5,e4 c5 Nf3 Nc6 Bb5 e6 Nc3 Nge7 d3 d5
1789,1766,white,60+0,d4 e6 e3 d6 c4 Nf6 Nc3 Be7 g3 O-O
1610,1415,white,60+0,e4 e5 d3 d6 Nf3 c5 Nc3 Nc6 Nd5 Nd4
1549,1607,white,0+1,b3 b6 Bb2 Bb7 f3 c5 e4 d6 c4 e6
1474,1500,white,480+8,e4 e5 Nf3 Nc6 d4 exd4 Nxd4 Nxd4 Qxd4 b6
1461,1185,white,60+0,Nf3 g6 d4 b6 e3 Bb7 Bd3 Bg7 c3 Bxf3
1610,1568,white,0+1,c3 b6 d4 Bb7 f4 f6 Nf3 e6 e4 Ne7
1751,1632,black,60+0,e4 e5 Nf3 Nc6 c3 Nf6 Bd3 Be7 Bc2 d6
1277,1352,draw,-,e3 b5 Qf3 c6 g3 Bb7 Bg2 Na6 b3 Rb8
1713,1537,black,360+6,e4 c5 Nc3 e6 Nf3 Be7 d4 Qb6 Be3 Qxb2
1343,1402,black,120+0,d4 d5 f3 e6 g3 f5 h4 c5 e3 cxd4
1224,1239,black,300+5,e4 e6 e5 d5 d4 c5 Bb5+ Bd7 Nc3 Bxb5
1758,1824,white,180+0,Nf3 d6 c4 e5 d4 Nf6 dxe5 dxe5 Qxd8+ Kxd8
1404,1439,black,540+0,e4 e6 e5 d6 d4 dxe5 dxe5 Qxd1+ Kxd1 Bd7
1884,1828,white,300+0,e4 Nc6 d4 d5 exd5 Qxd5 c3 Bf5 Nf3 O-O-O
1609,1558,white,60+0,e3 b6 d3 Bb7 f3 e6 Be2 Ne7 Bd2 Ng6
1500,1848,black,60+1,d4 d5 Nc3 Nf6 Nf3 e6 Bf4 a6 e3 c5
1574,1448,white,900+0,e4 e5 Nf3 Nc6 Bc4 Bc5 O-O Nf6 Re1 O-O
1651,1615,white,0+1,c3 d6 d4 e5 f3 exd4 cxd4 Nf6 e4 Bd7
1180,1465,white,60+0,b3 e5 Bb2 d6 e3 c5 Bb5+ Bd7 Bxd7+ Nxd7
1741,1590,white,1200+8,e4 e5 Bc4 Nc6 Bd5 Nf6 d3 Nxd5 exd5 Nb4
1663,1396,black,300+0,e4 e5 Bc4 Nf6 Qf3 Nc6 c3 Nd4 cxd4 exd4
1716,1595,draw,0+3,d4 b6 c3 Bb7 e3 d5 Nf3 c6 Be2 e6
1514,1466,draw,120+0,e3 e5 b3 d5 Bb2 Nc6 g3 Be6 Bg2 Bd6
1459,1500,white,120+0,d4 d5 c4 c6 cxd5 cxd5 e4 e6 exd5 exd5
1416,1734,black,300+5,d4 d5 c4 c6 Nf3 Bf5 cxd5 cxd5 e3 e6
1729,1580,white,1320+30,e4 e5 Nf3 f6 Bc4 c6 O-O b5 Bb3 a5
1575,1710,black,300+2,d4 d5 e3 h6 Bd3 Nf6 Nd2 a6 f4 e6
1599,1713,white,0+3,e4 e6 d3 d6 Nf3 c5 Be2 Nc6 O-O Nd4
1333,1205,white,120+0,d4 g6 f3 Bg7 e4 d6 e5 dxe5 dxe5 Qxd1+
1932,1801,white,300+8,e4 e5 Nf3 d6 d4 exd4 Bc4 h6 c3 dxc3
1590,1607,white,420+7,c4 e5 e3 Bb4 a3 Ba5 b4 Bb6 c5 Bxc5
1688,1496,white,0+1,d4 d5 c3 c6 e3 Kd7 c4 Qc7 c5 b5
1852,1439,white,60+1,e4 c5 Nf3 Nc6 d4 cxd4 Nxd4 Nxd4 Qxd4 Qa5+
1500,1293,white,300+8,d4 c5 d5 d6 c4 e6 e4 exd5 exd5 Qe7+
1926,1691,white,300+8,e4 e6 d4 c5 Be3 Nc6 Nf3 cxd4 Nxd4 Nf6
2088,1819,white,120+0,e4 Nc6 d4 e5 d5 Nce7 Bg5 h6 Be3 Ng6
1745,1729,white,300+6,e4 e5 f4 d6 Nf3 Nc6 Bc4 h6 d4 exd4
1635,1851,black,60+0,b4 d5 Bb2 e6 b5 Nf6 a4 c5 e3 b6
1495,1637,black,240+5,e4 c6 Nf3 d5 exd5 Qxd5 Nc3 Qe6+ Qe2 Qxe2+
1278,1059,white,1080+15,e4 e5 Nf3 d6 Bc4 Be6 Bb5+ c6 Bd3 Nf6
1697,1613,black,0+3,d4 b6 c4 Bb7 Nc3 Nc6 e3 d6 Nf3 g6
1446,1213,black,60+0,Nf3 g6 d4 Bg7 e3 Nf6 c3 b6 Bd3 O-O
1467,1517,black,360+6,e4 e5 Nf3 Nc6 Bc4 Nf6 Ng5 d5 exd5 Na5
1446,1158,white,1800+8,d4 d5 c4 dxc4 Nc3 Be6 e4 c6 Be3 Nf6
1404,1855,black,60+1,c4 e5 Nc3 Nf6 Nf3 Bc5 d3 d6 e4 Bg4
1550,1770,black,180+0,e3 Nc6 d3 d5 g3 d4 Bg2 dxe3 Bxe3 Bd7
1741,1764,black,420+0,d4 Nf6 c4 g6 Nc3 d5 e3 Bg7 Nf3 O-O
1596,1949,black,180+2,e4 c5 Nf3 Nc6 d4 cxd4 Nxd4 Nf6 Bd3 e5
1619,1284,draw,180+4,e4 e5 Nc3 Nf6 f4 exf4 e5 Nh5 Qxh5 g6
1583,1494,white,300+0,e4 c6 d3 e6 h3 b6 Be2 Nf6 Nf3 Be7
1819,1894,black,300+0,e4 e5 d4 d6 Nf3 exd4 Bc4 Nc6 O-O Bg4
1428,1232,white,60+0,Nf3 g6 Ng5 Bg7 Nxf7
1625,1863,black,60+0,b4 d5 Bb2 e6 b5 c5 a4 Nf6 e3 a6
1187,1250,white,300+5,e4 e6 Nc3 d5 e5 c5 Nf3 b6 Ng5 Qxg5
1527,1457,white,360+6,e4 e5 d4 exd4 c3 dxc3 Bc4 Bb4 bxc3 Bc5
1706,1814,black,120+0,e4 Nc6 d4 e5 d5 Nce7 c4 Ng6 Nc3 Nf6
1857,1630,white,60+0,e3 c5 d4 cxd4 exd4 d5 c4 Nc6 Nc3 dxc4
1620,1785,black,300+8,d4 b6 Nf3 Bb7 Nbd2 g6 e4 Bg7 c3 a6
1573,1483,white,900+1,e4 e5 Nf3 f6 Nc3 c6 d4 exd4 Qxd4 Ne7
1671,1660,black,480+7,e4 c5 d4 cxd4 Qxd4 Nc6 Qd1 d6 Bb5 Nf6
1341,1699,black,120+0,d4 c5 f3 cxd4 Qxd4 Nf6 Qd1 Nc6 e4 e5
1612,1774,white,180+4,e4 c5 Nf3 e6 d4 cxd4 Nxd4 Nc6 Nc3 Nf6
1868,1620,white,60+0,e3 c5 d4 cxd4 exd4 d5 c4 dxc4 Nc3 Nc6
1460,1416,white,180+5,d4 d5 c4 Nc6 Nc3 dxc4 e3 Nf6 Bxc4 Bg4
1653,1559,black,300+5,d4 Nf6 Bg5 h6 Bh4 Nc6 e3 g5 Bg3 d6
1247,1752,black,-,e4 e5 d4 Nc6 dxe5 Nxe5 Qd5 d6 Bf4 Nf6
1775,1588,black,180+0,Nf3 c5 e4 g6 e5 Bg7 Bc4 Nc6 a3 Nxe5
1195,1051,white,300+8,d4 e5 dxe5 d6 Qd5 c6 Qe4 d5 Qa4 b5
1614,1819,white,480+2,e4 c6 g3 d5 d3 dxe4 dxe4 Qd2+ Qxd2 e5
1642,1193,white,300+0,e4 c6 Bc4 d5 exd5 cxd5 Bb5+ Bd7 Qe2 e6
1738,1409,white,300+5,d4 d5 c4 Nf6 cxd5 Nxd5 e4 Nf6 Nc3 e6
1615,1873,black,60+0,b4 d5 Bb2 e6 e3 Nf6 b5 a6 a4 axb5
1775,1644,white,240+4,e4 c6 Nf3 d5 exd5 Qxd5 Nc3 Qe6+ Be2 Nf6
1878,1823,black,120+0,e4 Nc6 Nf3 e5 c3 d5 Qa4 dxe4 Nxe5 Nf6
1500,1445,white,600+8,c4 d5 cxd5 Qxd5 Nc3 Qf5 Nf3 e5 e4 Qf6
1611,1698,white,60+0,b4 e5 Bb2 d6 b5 f5 a4 Nf6 e3 a6
1568,1717,black,300+2,e4 e5 Nf3 Nc6 d4 Bd6 dxe5 Bxe5 Nxe5 Nxe5
1639,1467,white,600+4,e4 d5 exd5 Qxd5 Nc3 Qe6+ Qe2 Qxe2+ Bxe2 Nf6
1629,1759,white,180+0,d4 e6 e3 Nf6 Bd3 d5 Nd2 c5 c3 c4
1837,1863,white,120+0,e4 c5 Nf3 Nc6 c3 e5 d4 cxd4 cxd4 Bb4+
1434,1438,black,60+0,Nf3 d6 d4 e6 e3 Nf6 c3 Nc6 Bd3 d5
1686,1931,black,300+8,e4 c5 f4 e5 Nf3 exf4 d4 cxd4 Qxd4 Nc6
1449,1737,black,540+0,e4 c5 d3 e6 a3 Nc6 Nf3 d6 h3 Nf6
1572,1631,black,480+3,e4 b6 d4 Bb7 d5 c6 dxc6 Nxc6 Nc3 e6
1320,1280,white,180+5,d4 d5 Nf3 Qd7 Bf4 f6 e3 g5 Bg3 Nh6
1453,1595,black,300+9,e4 e5 Nf3 Qe7 d3 Nc6 h3 d6 Qe2 b6
1684,1625,black,60+0,e4 c5 c3 Nc6 d4 cxd4 cxd4 e6 Nf3 d6
1553,1801,black,480+2,e4 c6 d3 d5 e5 Nd7 e6 Nb6 exf7+ Kd7
1488,1860,black,240+5,e4 e5 Nf3 Nc6 Bb5 a6 Bxc6 dxc6 d3 Bg4
1903,1810,white,300+0,e4 Nc6 d4 d5 exd5 Qxd5 Be3 Bf5 c4 Qe4
1745,1665,white,180+0,e4 c5 b3 Nc6 Bb2 d6 Nf3 Nf6 Nc3 g6
1338,1695,black,120+0,d4 Nf6 f3 e6 e4 d5 e5 Nfd7 f4 c5
1644,1372,white,300+0,e4 e5 Bc4 Nc6 Qf3 Nf6 c3 d6 h3 Be6
1730,1409,black,60+0,d4 d5 Nf3 Bf5 e3 e6 Nc3 Nf6 Bd3 Bxd3
1601,1573,black,300+3,e4 e5 Nf3 Nc6 Nc3 Nf6 d4 exd4 Nxd4 Bb4
1836,1894,black,420+0,e4 e5 Nf3 d6 d4 f5 exf5 e4 Qe2 Nf6
1422,1534,black,60+0,Nf3 c5 Ng5 Nc6 Nxf7 Kxf7 e3 Ke8 d4 cxd4
1330,1447,black,60+12,d4 d5 c4 e6 Nf3 Nc6 a3 h6 Nc3 a6
1393,1449,black,480+0,e3 e5 d4 e4 Nc3 d5 Be2 Bb4 Bd2 h5
1591,1450,white,600+15,e4 d5 exd5 Qxd5 Nc3 Qc6 d4 Be6 h3 Qd7
1565,1678,black,120+4,e4 e6 f4 Ne7 Bc4 g6 Nf3 Bg7 O-O d6
1707,1467,white,0+1,b3 c6 Bb2 d6 d3 e6 f4 d5 g3 Be7
1500,1231,white,240+1,d4 c5 dxc5 Qa5+ Nc3 Qxc5 Nf3 d6 e4 Bg4
1571,1567,black,1320+30,e4 e5 Nf3 Nc6 Bc4 Bc5 Ng5 Qxg5 Qf3 Nf6
1670,1849,black,120+0,d4 d5 c4 c6 Nf3 Nf6 Nc3 e6 e3 Be7
1748,1873,black,600+10,d4 d5 e3 e6 Bd3 Nf6 f4 g6 Nf3 Bg7
1404,1742,black,300+5,d4 d5 c4 c6 Nf3 Bg4 e3 e6 Nc3 Nf6
1485,1567,black,240+5,e4 c5 Nf3 Nc6 Bb5 Qc7 Nc3 e6 d3 Nd4
1722,1462,white,0+1,b3 e6 Bb2 d6 g3 f6 Bg2 d5 d3 Be7
1699,1427,black,60+0,e4 e5 Bc4 Nc6 f4 exf4 d4 g5 h4 gxh4
1991,1825,white,300+8,e4 d5 exd5 Qxd5 d4 c6 Nc3 Qa5 Nf3 Bf5
1579,1557,black,1320+30,e4 e5 Nf3 f6 d4 exd4 Qxd4 c5 Qd5 Ne7
1356,1284,black,600+0,e4 c6 Nf3 d5 e5 f6 d4 fxe5 Nxe5 Nf6
1506,1444,black,300+8,d4 d5 c3 Bf5 e3 e6 g4 Bg6 h4 Be4
1470,1500,black,180+5,d4 d5 c4 Nc6 Nc3 Nf6 a3 e5 dxe5 Nxe5
1724,1561,white,300+2,d4 e6 a3 c5 dxc5 Bxc5 b4 Bb6 e3 a6
1579,1405,white,240+1,d4 d5 c4 dxc4 Nc3 Qxd4 Qxd4
1856,1663,white,120+0,e4 c5 Nf3 g6 c3 Bg7 d4 cxd4 cxd4 Nc6
1645,1753,white,180+0,e4 c5 f4 d5 e5 Bf5 Nf3 e6 d3 Nc6
1287,1627,black,300+8,e4 g6 g3 Bg7 Bg2 d6 c3 e6 Qa4+ Nd7
1448,1536,white,360+6,e4 e5 Nf3 Nc6 Bc4 Nf6 c3 h6 Qb3 d6
1346,1421,black,600+5,d4 d5 Nf3 Nf6 Nc3 e6 e3 Nc6 Bb5 Bd7
1735,1845,black,0+1,b3 e6 Bb2 d5 f3 c6 g3 Nd7 d3 Ne7
1659,1400,white,240+1,d4 d5 c4 dxc4 Nc3 Nc6 Nf3 Bg4 e3 e6
1448,1674,white,60+0,e4 e5 Nf3 Nf6 Bd3 Nc6 b3 d5 exd5 Qxd5
1497,1475,white,900+1,e4 e5 Nf3 d6 c3 Nf6 d3 Be7 Be2 O-O
1563,1792,black,300+8,d4 b6 e4 Bb7 Nc3 g6 Nf3 Bg7 Bc4 a6
1335,1500,white,120+0,d4 d5 f4 e6 e4 dxe4 Be3 Bd6 Nd2 f5
1576,1388,white,1800+0,e4 e5 Qh5 Nc6 Nf3 Nf6 Qg5 h6 Qe3 d5
1713,1657,draw,0+1,b3 d5 Bb2 e5 f3 Nc6 e3 f6 d3 Bd6
1384,1467,white,480+0,e3 e5 d4 exd4 Qxd4 Nc6 Qc3 d5 Bb5 Bd7
1862,1853,black,120+0,e4 d5 Nc3 d4 Nce2 c5 Ng3 Nc6 Nf3 g6
1604,1608,black,420+7,c4 c6 d4 d5 e3 Bf5 Nc3 Nf6 h3 h6
1588,1452,black,300+3,e4 Nc6 Nc3 Nf6 Nf3 e5 d4 d6 dxe5 dxe5
1446,1766,black,300+8,e4 c5 Nf3 Nc6 d3 e5 Nc3 d6 Nd5 Bg4
1683,1714,black,60+2,e4 c5 d3 d6 f4 Nc6 Nf3 g6 c4 Bg7
1806,1549,black,480+2,c4 c6 Nc3 a6 g3 b5 b3 Bb7 Bg2 b4
1650,1469,white,60+0,e4 e5 Bc4 Nc6 Nf3 Bc5 c3 d6 d4 Bg4
1626,1509,black,360+2,e4 e5 Nf3 Nc6 b3 Nf6 Bb2 d6 Bb5 Bd7
1464,1557,black,180+4,e4 d5 e5 f6 d4 Nc6 exf6 Nxf6 Bb5 a6
1708,1510,white,0+1,b3 b6 Bb2 Bb7 g3 Nf6 f3 g6 e4 Bg7
1649,1612,black,300+0,e4 e5 Bc4 Nc6 Nf3 Nf6 Nc3 d6 h3 Be7
1585,1535,white,900+0,e4 Nc6 d4 d5 f3 dxe4 d5 Nb4 Nc3 exf3
1858,1587,white,60+1,e4 g6 Nf3 Bg7 d4 b6 Bc4 Bb7 Nbd2 a6
1726,1686,white,120+4,e4 e6 f4 Ne7 Nf3 g6 d4 Bg7 c4 O-O
1722,1458,white,0+1,b3 c6 Bb2 d6 f3 e6 e4 e5 d3 Be6
1908,1659,white,60+0,e4 d5 exd5 Qxd5 Nc3 Qa5 Nf3 c6 Be2 Nf6
1745,1602,black,300+0,d4 e5 dxe5 d6 exd6 Bxd6 Nf3 Nf6 Nc3 O-O
1500,1730,black,300+2,d4 d5 Bf4 h6 h3 e6 e3 a6 c4 dxc4
1724,1673,white,60+2,e4 c5 Nf3 Nc6 d4 cxd4 Nxd4 g6 Nc3 Bg7
1863,1470,white,60+1,e4 c5 Nf3 d6 Bc4 Qb6 d4 e6 dxc5 d5
1864,1850,white,120+0,e4 Nc6 Nf3 e5 Bb5 a6 Ba4 Nf6 O-O Be7
1768,1630,white,300+8,d4 g6 c4 Bg7 Nc3 d6 e4 e6 f4 Ne7
1500,1550,black,300+0,e4 e5 Nf3 d6 Bc4 Bg4 Nc3 Nc6 h3 Bh5
1462,1582,white,0+1,e4 g6 d4 Bg7 Nf3 b6 Nc3 Bb7 Be3 a6
1703,1395,white,240+1,e4 e5 Nf3 Nf6 Bc4 Nxe4 O-O f6 Re1 d5
1567,1787,white,480+2,e4 c6 d4 d5 e5 Bf5 Be2 e6 Nf3 Nd7
1732,1654,black,0+1,b3 d5 Bb2 e6 f3 Nc6 d3 Nf6 e3 Bd6
1866,1946,black,60+1,d4 d5 Nf3 e6 c4 f5 Nc3 c6 Ne5 Nf6
1453,1567,black,0+1,d3 b6 c3 Bb7 e3 c6 e4 g6 Be3 Bg7
1460,1668,black,180+5,d4 c5 dxc5 e5 a3 Bxc5 b4 Bb6 Bb2 d6
1663,1734,black,60+2,d4 Nf6 c4 g6 g3 Bg7 Bg2 d6 e3 O-O
1701,1575,white,0+1,c3 b6 d4 Bb7 f3 c6 e4 g6 b3 Bg7
1446,1720,white,300+9,e4 e5 Nf3 Nc6 d3 Nf6 h3 Bc5 c3 a5
1508,1654,white,420+4,d4 d5 c4 dxc4 e3 Bf5 Bxc4 e6 a3 Nc6
1955,1855,white,60+1,c4 d5 cxd5 Nf6 g3 Nxd5 Bg2 c6 Nf3 Bf5
1430,1168,black,1320+0,d3 e5 g3 d5 Bg2 Nf6 Nf3 e4 dxe4 Nxe4
1717,1445,white,0+1,b3 d6 Bb2 e6 e3 d5 c4 f6 cxd5 e5
1477,1586,black,240+5,e4 g6 Nf3 Bg7 Bc4 d6 Ng5 e6 d3 h6
1454,1568,black,300+8,d4 d5 c4 dxc4 e3 Qd5 Nc3 Qc6 d5 Qc5
1342,1283,black,600+0,e4 e5 Nf3 Nf6 Nxe5 Nxe4 Bd3 Qe7 f4 Nc5
1911,1900,white,300+0,e4 c5 Nc3 Nc6 f4 g6 Nf3 Bg7 Ne2 d5
1748,1432,white,1080+12,e4 e5 d4 exd4 Nf3 c5 Bc4 h6 Ne5 d5
1672,1838,black,120+0,e4 Nc6 d4 e5 d5 Nce7 d6 Ng6 dxc7 Qxc7
1725,1441,white,0+1,b3 d5 Bb2 e6 f3 c5 d3 d4 e3 dxe3
1536,1612,black,360+2,e4 e5 d4 exd4 Qxd4 Nc6 Qe3 Nf6 Nc3 Bb4
1444,1444,white,180+5,e4 c5 Bc4 e6 Nf3 d5 exd5 exd5 Bb5+ Nc6
1273,1348,black,360+0,Nf3 Nf6 Nc3 e6 d4 Bb4 Bd2 d5 a3 Ba5
1368,1323,black,60+8,c4 e5 Nc3 Bb4 Nd5 Nc6 Qc2 d6 Nf3 Be6
1635,1191,white,300+0,e4 c6 Nf3 d5 e5 f6 d4 fxe5 Nxe5 e6
1770,1939,white,300+8,e4 e5 f4 exf4 Nf3 d5 exd5 Qxd5 Nc3 Qe6+
1733,1437,draw,0+1,b3 e6 Bb2 d6 f4 d5 g3 f6 Bg2 Bd7
1900,1650,black,600+8,d4 Nf6 e3 d5 Bd3 c5 c3 Nc6 f4 Bg4
1758,1731,white,420+0,e4 e6 d4 d5 e5 c5 c3 Nc6 Nf3 Qb6
1694,1348,white,300+0,e4 e5 Nf3 Nf6 Nxe5 d6 Nxf7 Kxf7 c3 Nxe4
1845,1560,black,60+1,e4 d6 Nf3 Bg4 d4 Nd7 Bc4 e6 h3 Bxf3
1845,1666,black,120+0,e4 e5 Nf3 d6 c3 f5 d4 fxe4 Nxe5 Nf6
1442,1443,white,540+0,e4 d5 exd5 Qxd5 Nc3 Qe5+ Be2 Nf6 Nf3 Qf4
1391,1734,black,240+1,e4 e5 Bc4 Nf6 Nf3 Bc5 Nxe5 O-O d4 Bb6
1558,1420,white,300+0,e4 d5 exd5 Qxd5 Nc3 Qa5 d4 Nf6 Bd2 Qh5
1617,1769,black,300+0,e4 c5 Nf3 e6 d4 cxd4 Nxd4 Nc6 Nc3 Nf6
1726,1533,white,300+0,d4 e6 c4 c5 d5 exd5 cxd5 d6 Nc3 Nf6
1430,1335,white,600+5,e4 Nf6 e5 Ne4 Nf3 d5 d4 Nc6 Nc3 Bg4
1469,1458,white,240+5,e4 e5 Nf3 d6 Bc4 Be7 d3 Nf6 h3 O-O
1743,1654,white,60+2,e4 c5 Nf3 d6 d4 cxd4 Nxd4 Nc6 Nc3 Nf6
1937,1798,black,300+8,d4 b6 e4 Bb7 Nc3 g6 Nf3 Bg7 Bc4 h6
1718,1537,white,0+1,b3 e5 Bb2 f5 Bxe5 Nf6 Bxf6 Bd6 Bxg7 Rg8
1646,1751,black,60+2,e4 c5 d4 cxd4 Nf3 e5 Be2 d6 O-O Nf6
1445,1479,black,60+0,e4 e5 d4 exd4 Qxd4 Nc6 Qd1 Bc5 a3 d6
1817,2073,black,120+0,e4 b6 d4 Bb7 Nc3 e6 f4 Bb4 Bd3 Nf6
1721,1775,black,420+0,d4 Nf6 c4 g6 Nc3 d5 e3 Bg7 Nf3 O-O
1458,1523,black,420+4,d4 d5 Bf4 e6 Nf3 Bd6 Bxd6 Qxd6 e3 Nf6
1453,1513,black,360+10,d4 Nf6 e3 g6 Nf3 Bg7 h3 d6 Nc3 O-O
1437,1747,draw,600+0,e4 c5 Nf3 d6 Bb5+ Bd7 Bxd7+ Qxd7 c4 Nf6
1674,1527,white,300+2,e4 c5 Nf3 e6 Be2 Nc6 O-O Nf6 d3 a6
1460,1622,black,300+8,Nc3 g6 Nf3 Bg7 d4 d6 e3 e6 Bd3 Ne7
1889,1922,white,300+0,e4 e5 Nf3 d6 c3 f5 exf5 Bxf5 Qb3 Qc8
1610,1713,white,300+0,e4 d6 d4 c6 Nf3 Nf6 Bd3 Bg4 Nc3 Qa5
1628,1591,white,420+7,d4 d5 c4 dxc4 e3 b5 a4 Ba6 axb5 Bxb5
1733,1614,black,300+0,d4 g6 c4 Nf6 Nc3 Bg7 e4 d6 Be2 O-O
1847,1956,black,300+8,e4 c5 Nf3 Nc6 Nc3 g6 Bc4 Bg7 O-O e6
1434,1494,white,60+1,Nc3 d5 d4 e6 e3 Nf6 Bd2 Nc6 Bd3 a6
1544,1744,black,300+8,d4 d5 c4 dxc4 e3 e6 Bxc4 a6 Nc3 h6
1812,2078,black,120+0,e4 b6 Nc3 Bb7 b3 e6 Bb2 Bb4 d3 Nf6
1729,1571,black,0+1,g3 e6 Bg2 d5 b3 e5 Bb2 c6 Bxe5 Nd7
1442,1674,white,300+15,e4 e5 Nf3 Nf6 Nxe5 Nxe4 Qe2 f5 d3 Qe7
1388,1357,black,360+0,b3 Nf6 Bb2 e6 d4 Bd6 e3 Qe7 Nf3 O-O
1503,1189,white,180+0,e4 e6 d4 d5 e5 Be7 f4 Nh6 Bd3 Nf5
1894,1676,white,120+4,e4 e6 Nf3 Ne7 Nc3 Ng6 d4 Be7 Bd3 O-O
1759,1638,black,60+2,e4 e5 Nf3 d6 Bc4 Nc6 d4 exd4 Nxd4 Bd7
1409,1388,white,240+0,e4 e5 Bc4 Nf6 Qf3 d6 h3 Nc6 c3 h5
1466,1533,black,540+9,e4 e5 d3 Nf6 a3 Bc5 h3 d5 exd5 Qxd5
1398,1335,black,300+5,d4 c5 c4 cxd4 Qxd4 Nc6 Qe4 Nf6 Qd3 Ne5
1444,1491,white,60+0,e3 e5 d3 d5 c3 Nc6 b3 Nf6 f3 Bd6
1365,1722,black,300+2,e4 c6 Bc4 d5 exd5 cxd5 Bb5+ Nc6 Ne2 a6
1521,1682,white,300+2,d4 c5 e3 e6 c3 a6 Nf3 d5 dxc5 Bxc5
1433,1470,white,180+5,e4 e5 Nf3 d6 d4 exd4 Nxd4 Nf6 Nc3 c5
1699,1505,white,0+1,c3 c5 d4 Nc6 dxc5 e6 b4 a5 b5 Ne5
1599,1657,black,900+0,e4 d6 d4 e6 Nf3 Nf6 Nc3 a6 Be2 b5
1653,1744,black,60+2,d4 Nf6 Bf4 g6 h3 Bg7 Nf3 d6 e3 O-O
1741,1815,black,600+10,d4 d5 e3 e6 Bd3 c5 c3 c4 Bc2 Nf6
1572,1702,black,1800+30,e4 e5 Nf3 Nc6 d3 Nf6 d4 exd4 Bg5 h6
1677,1770,black,360+2,e4 e6 Nc3 d5 Nf3 d4 Ne2 c5 a4 Nc6
1697,1625,white,300+0,d4 e5 c4 exd4 Qxd4 Nc6 Qe4+ Be7 Nc3 Nf6
1613,1453,white,600+0,e3 Nc6 d4 d5 c4 dxc4 Bxc4 e6 Qb3 Na5
1184,1491,white,480+5,e4 d5 e5 e6 d4 c6 Bd3 f5 f4 h5
1480,1551,draw,240+5,e4 e5 Nf3 Nc6 Bb5 a6 Bxc6 bxc6 d3 d6
1480,1850,black,60+1,d4 d5 e3 c6 Nf3 Bg4 Nc3 e6 h3 Bh5
1902,1305,white,300+3,e4 g6 Nf3 Bg7 Bc4 d6 d4 e6 Nc3 Ne7
1633,1462,white,600+10,e4 e5 f4 d6 Nf3 Nc6 Bc4 h6 f5 f6
1185,1506,black,180+0,e4 d5 Bd3 d4 Nf3 Bg4 O-O Bxf3 Qxf3 e5
1544,1802,black,180+0,e3 e5 b3 d5 Bb2 Bd6 g3 Nf6 Bg2 O-O
1752,1644,white,60+2,e4 e6 d4 c5 Nf3 cxd4 Nxd4 Nc6 Nc3 Nxd4
1459,1432,white,300+0,e4 e5 Nf3 Nc6 Bc4 h6 d3 Nf6 Qd2 Bb4
1500,1621,white,360+2,c4 e5 Nc3 g6 g3 Bg7 Bg2 Nc6 Nf3 Nge7
1448,1478,black,60+1,d3 Nc6 e4 Nf6 Nf3 e6 Be2 d6 d4 Bd7
1815,1918,white,300+8,e4 c5 Bc4 Nc6 Qh5 e6 c3 Nf6 Qd1 Nxe4
1629,1715,black,300+0,e4 Nf6 e5 Nd5 d4 d6 f4 Bf5 Nf3 e6
1456,1639,black,600+10,e4 e5 Nf3 d6 Bc4 Bg4 h3 Bh5 d3 h6
1659,1500,black,480+7,e4 e5 Nf3 Nc6 Bc4 Nf6 d3 Bc5 O-O d6
1431,1453,black,540+0,d4 e6 d5 exd5 Qxd5 Nf6 Qe5+ Be7 g4 Nc6
1471,1897,black,300+10,e4 e5 Nf3 Nf6 Nxe5 Qe7 d4 d6 Nf3 Nxe4
1818,1500,white,1200+8,e4 c5 Bc4 Nf6 d3 e5 Nf3 d6 Ng5 Be6
1437,1223,white,120+0,Nc3 e5 e4 d6 Nf3 Bg4 Be2 Be7 h3 Bxf3
1760,1488,white,60+1,e4 Nc6 d4 Nf6 d5 Nd4 Qxd4 d6 Nc3 e5
1709,1616,white,300+15,e4 e5 Nf3 c5 Bc4 Bd6 O-O Qb6 Nc3 Nc6
1457,1406,white,540+9,e4 e5 Bc4 Nf6 Nf3 d6 d3 Bd7 Ng5 Be7
1648,1532,white,420+4,d4 Nf6 Nc3 e6 e4 Bb4 Bd2 Bxc3 Bxc3 Nxe4
1664,1536,black,300+2,e4 c5 Nf3 e6 Be2 Nc6 O-O Nf6 d3 a6
1500,1806,black,180+1,e4 Nc6 Nf3 e5 c3 Nf6 Bc4 Nxe4 Bd5 Nf6
1455,1443,white,240+5,d4 d5 c4 dxc4 Nc3 e6 a3 Nc6 e3 Nf6
1447,1703,black,600+5,Nf3 Nc6 Nc3 e5 e4 Nf6 Bc4 h6 O-O Bc5
1740,1490,white,600+0,c4 b6 d4 Bb7 Nc3 e6 e4 Bb4 Bd3 f5
1542,1386,white,240+8,e4 e5 Nf3 Nc6 Bc4 d6 d4 f6 dxe5 fxe5
1627,1875,black,0+3,e4 e6 d3 d5 Nf3 dxe4 dxe4 Qxd1+ Kxd1 Ne7
1362,1725,black,300+2,e4 c6 d4 d5 exd5 cxd5 c4 Nf6 c5 Nc6
1721,1902,black,360+7,e4 e5 Nf3 Nf6 Bc4 Nc6 O-O Nxe4 Re1 d5
1199,1243,black,300+2,e4 c6 Nf3 Qb6 d4 Qb4+ Qd2 Qd6 d5 Qe5
1428,1223,black,240+0,e4 c5 Bc4 d6 Qf3 e6 Ne2 Nc6 c3 Ne5
1655,1886,black,300+10,d4 f5 Bf4 g6 Nc3 Bg7 e3 Nf6 Bd3 d6
1725,1620,white,300+0,d4 Nf6 c4 g6 Nc3 d5 cxd5 Nxd5 e4 Nxc3
1764,1541,white,60+2,e4 c5 Nf3 Nc6 d4 cxd4 Nxd4 e5 Nb5 d6
1442,1468,white,120+0,d4 c5 Nf3 cxd4 Nxd4 e5 Nf3 Nc6 e4 d6
1368,1303,black,300+3,c4 g6 d4 Bg7 e3 d6 Ne2 e6 Nbc3 Ne7
1547,1420,black,300+0,b3 e5 Bb2 Nc6 e3 Nf6 Bb5 Nb8 Ne2 c6
1549,1482,white,240+5,e3 b6 Bb5 Bb7 f3 g6 b3 Bg7 Nc3 Bxc3
1290,1334,white,660+0,d4 e6 e4 Nf6 Nc3 Bb4 Bd2 O-O f3 Nc6
1430,1524,white,180+1,e4 e5 Nf3 Nc6 Bc4 Nf6 c3 Bc5 O-O O-O
1412,1466,white,1320+0,d3 e5 g3 Nc6 Bg2 Bb4+ c3 Ba5 Nd2 Nf6
1398,1446,white,480+0,e3 d5 d4 e6 Ne2 Nf6 Ng3 h6 Be2 a6
1616,1728,black,180+3,e4 e6 Nf3 d5 exd5 exd5 d4 Bd6 Bd3 Nf6
1612,1735,white,360+2,e4 Nf6 Qe2 e5 b3 Nc6 Bb2 Bc5 Na3 d6
1682,1526,white,540+3,e4 e5 Bc4 Nf6 d3 a5 f4 Bd6 Nf3 Qe7
1611,1763,black,180+1,e4 c6 Nf3 d6 c3 g6 Bc4 e5 d4 exd4
1605,1455,white,0+1,e4 e6 d4 d6 Nf3 h6 e5 dxe5 Nxe5 Bd7
1530,1626,draw,60+0,e4 e5 Nc3 Nc6 Bc4 Nf6 h3 Bc5 d3 Nd4
1169,1202,white,300+8,d4 d5 e3 e6 Bd3 b6 Nf3 Bb7 O-O f6
1769,1613,black,60+2,e4 e5 Nf3 d6 Bc4 Nc6 d4 exd4 Nxd4 Nf6
1645,1450,black,600+10,e4 e5 f4 d6 Nf3 exf4 Bc4 h6 d4 g5
1525,1548,black,420+4,d4 d5 c4 dxc4 e3 b5 a4 Bd7 Nc3 a6
1785,1818,white,300+0,d4 d5 Nf3 Nf6 c4 Bf5 Nc3 c6 e3 e6
1912,1761,white,60+0,e4 c5 Nc3 Nc6 b3 a6 Bb2 f6 d3 e5
1358,1728,black,300+2,e4 c5 d4 cxd4 Qxd4 Nc6 Qd1 Nf6 Nd2 d6
1563,1455,white,480+3,e4 e5 d4 Nc6 dxe5 Nxe5 Nf3 d6 Nxe5 dxe5
1509,1745,black,600+0,e4 c5 Nf3 d6 d4 cxd4 Nxd4 Nf6 Nc3 g6
1533,1448,black,120+0,e4 c6 d4 e6 f4 Ne7 Nf3 g6 Bc4 Bg7
1463,1500,white,300+10,e4 e5 Nf3 Nc6 d3 Nf6 h3 d6 c3 h6
1043,1320,black,240+6,e4 b6 e5 Bb7 f4 e6 d4 d5 c4 Bb4+
1732,1715,black,600+10,d4 c5 c3 e6 f4 d5 e3 c4 b3 b5
1377,1413,black,300+0,d4 d5 c4 e6 e3 Nc6 a3 Nf6 Nc3 Be7
1542,1902,black,900+0,e4 e5 d3 Nf6 Be2 Bc5 a4 d5 Nd2 O-O
1628,1753,black,60+2,e4 c5 Nf3 d6 Bc4 Nf6 Nc3 a6 a3 b5
1514,1559,white,420+4,d4 d5 c4 dxc4 e3 Be6 Nc3 a6 a3 b5
1540,1489,black,60+10,e3 a6 d3 b5 g3 Bb7 b3 Bxh1
1623,1920,black,60+0,c4 c6 Nc3 d5 cxd5 cxd5 d4 Nf6 e3 Nc6
1527,1791,black,180+0,e3 b6 d3 Bb7 b3 Nf6 Nf3 e6 g3 Be7
1637,1209,white,300+0,e4 c5 Bc4 Nc6 c3 e6 Qf3 Ne5 Qe2 Nf6
1901,1910,black,300+0,c4 d6 Nf3 e5 d3 f5 e3 h6 b4 Nf6
1399,1462,black,120+0,b4 e5 b5 d6 h3 Nf6 g4 Bd7 Bg2 c6
1816,1354,white,600+0,d4 d5 e3 a6 Nf3 Bf5 c4 Nc6 Nc3 Nb4
1924,1619,white,60+0,e4 c6 Nc3 d5 d3 dxe4 Nxe4 Bf5 Ng3 Bg6
1519,1676,white,120+0,e4 e6 d4 d5 exd5 exd5 Nf3 Bd6 Bd3 Nf6
1510,994,white,180+0,e4 e5 d4 Nf6 d5 d6 Bg5 h6 Bxf6 Qxf6
1707,1419,white,600+5,e4 d6 d4 Nc6 Nf3 g6 Bc4 Be6 d5 Bg4
1760,1621,white,60+2,e4 e5 Nf3 d6 Bc4 Nc6 d4 exd4 Nxd4 Nf6
1493,1752,black,1080+12,e3 g6 g3 Bg7 Bg2 Nf6 Nc3 O-O b3 c6
1547,1796,black,180+1,e4 b6 d4 Bb7 Bd3 e6 Be3 Nf6 f3 c5
1296,1203,white,1740+30,d4 d5 Nf3 e6 Ne5 f6 Ng4 f5 Ne5 Bd6
1657,1669,white,300+2,e4 e5 Nc3 d6 Nf3 Nf6 d4 exd4 Nxd4 a6
1616,1927,white,60+0,c4 d6 Nc3 e5 g3 Nf6 Bg2 g6 e3 Bg7
1650,1522,white,180+0,e4 e6 Nf3 d5 e5 f6 d4 fxe5 dxe5 Qe7
1688,1649,white,480+7,d4 d5 c4 dxc4 e4 e6 Bxc4 Nc6 Ne2 e5
1206,1439,draw,480+5,e4 e5 d3 Nc6 Nf3 Bc5 d4 exd4 c4 Nf6
1389,1472,black,120+0,b4 e6 Bb2 c6 g4 d5 Bg2 Nf6 g5 Ne4
1355,1731,black,300+2,e4 c6 Bc4 d5 exd5 cxd5 Bb3 a5 a3 a4
1585,1204,white,900+0,e4 e5 Nf3 d6 Bc4 h6 O-O a6 Re1 Nf6
1510,1719,white,180+1,e4 e5 Nf3 Nc6 Bc4 a6 c3 b5 Bb3 a5
1628,1832,black,300+8,e4 e5 f4 exf4 Nf3 Be7 h4 h6 d4 d6
1638,1901,black,300+8,e4 c5 Nf3 Nc6 Bb5 a6 Bc4 e6 O-O b5
1442,1385,black,300+5,b3 e6 Bb2 d5 e3 Nf6 Qf3 Nbd7 Bb5 c6
1306,1355,white,360+0,e4 e5 Nf3 Nf6 Nc3 Bb4 d3 Bxc3+ bxc3 Nc6
1800,1767,white,60+0,d4 Nf6 Nf3 g6 c4 Bg7 Nc3 d6 Bg5 O-O
1910,1539,white,900+0,e4 e5 Nf3 d6 d4 Nd7 Bc4 Be7 dxe5 dxe5
1515,1604,black,180+0,d3 d5 e3 e5 g3 g6 Bg2 Bg7 Ne2 Nf6
1794,1906,black,60+0,e4 c6 Nf3 d5 d3 dxe4 dxe4 Qxd1+ Kxd1 Bg4
1467,1441,white,600+10,e4 e5 Nf3 Nc6 Bc4 h6 Nc3 d6 Nd5 Be6
1806,1576,white,300+0,d4 f5 c4 g6 Nc3 Bg7 Bf4 d6 e3 Nf6
1666,1629,draw,300+8,e4 g6 Nf3 Bg7 d4 d6 Bg5 h6 Be3 e6
1639,1327,white,300+0,e4 c5 Bc4 d6 Qf3 e6 Nh3 Nf6 d3 Be7
1558,1523,black,900+0,e4 c5 Nf3 e6 d4 cxd4 Nxd4 a6 c4 Qc7
992,1511,black,180+0,e4 d5 Nf3 d4 d3 Bg4 h3 Bxf3 Qxf3 e5
1481,1504,black,120+0,Nf3 b6 g3 Bb7 Bg2 g6 e4 Bg7 d3 e6
1190,1184,black,300+8,d4 d5 e3 e6 b3 c6 Bb2 Bd6 Nf3 Nf6
1503,1568,black,540+7,e4 e5 Nf3 Nc6 Bc4 Nf6 Ng5 d5 exd5 Nxd5
1920,1891,white,300+0,e4 c5 Nc3 Nc6 f4 g6 Nf3 h5 d3 Bg7
1394,1097,white,480+8,e4 e5 Qh5 d5 Nc3 d4 Nce2 Bd6 Nf3 Nd7
1407,1703,black,120+0,e4 d6 Bc4 Nf6 Nf3 Nxe4 O-O e6 Nc3 Be7
1599,1736,white,180+3,e4 e6 d4 d5 exd5 exd5 Nc3 Nf6 Nf3 Bd6
1472,1404,black,300+5,e4 e5 Nf3 d6 Bc4 h6 d4 Qe7 dxe5 dxe5
1626,1345,black,360+0,e4 e5 Nf3 Nf6 b3 Bd6 Qe2 O-O Bb2 Re8
1757,1915,black,60+0,e4 c6 d4 d6 f4 Nd7 Nf3 b5 Nc3 Bb7
1527,1520,black,420+4,d4 e6 e3 Nc6 Be2 Bb4+ c3 Ba5 Bd2 b5
1516,1357,black,420+4,d4 d5 c4 e6 a3 dxc4 e3 Nh6 Bxc4 a6
1304,1194,white,1740+30,d4 d5 Nf3 e6 Ne5 Bd6 Nd3 h5 Bf4 g6
1947,1400,white,300+8,e4 e5 Bc4 Nf6 d3 Bb4+ c3 Ba5 b4 Bb6
1192,1303,black,660+0,Nf3 d5 d4 Nf6 Nc3 Nc6 Bf4 e6 Ne5 Qd6
1643,1315,white,300+0,e4 d5 e5 Nc6 d4 Bf5 Bb5 f6 Bxc6+ bxc6
1668,1662,draw,300+2,e4 d6 Nc3 Nf6 Nf3 Nc6 Bb5 Bd7 Bxc6 Bxc6
1721,1708,white,600+10,d4 d5 e3 Nf6 f4 Bf5 Bd3 g6 Nf3 Nc6
1638,1601,black,480+7,e4 e5 Bc4 Bc5 Nf3 d6 O-O Bg4 d3 Nc6
1610,1472,white,180+1,e4 e6 d4 g6 Bd3 Bg7 Be3 d5 e5 Bd7
1698,1750,white,540+3,d4 Nf6 c4 g6 Bg5 Bg7 Nc3 d6 e3 O-O
1493,1515,white,60+2,d4 b6 c4 Bb7 Nc3 g6 e4 Bg7 Be3 e6
1374,1358,white,300+5,d4 d5 c4 c6 Nf3 dxc4 e3 Bg4 h3 Bxf3
1215,1907,black,120+0,d4 c6 e3 d6 d5 Nd7 dxc6 bxc6 Bc4 Ngf6
1707,1389,white,120+0,e4 e5 Nf3 Nc6 d4 exd4 Bc4 Nf6 e5 Qe7
1751,1922,black,60+0,e4 c6 d4 d5 e5 Bf5 Nc3 e6 h4 h5
1395,1571,white,240+1,e4 c5 Nf3 Nc6 Bc4 e6 Nc3 a6 d3 Qc7
1435,1818,black,600+3,e4 c5 d4 cxd4 Qxd4 Nc6 Qd1 e6 a3 Nf6
1086,1398,black,480+8,e4 d5 e5 d4 f4 Be6 g4 f6 f5 Bd5
1579,1811,black,300+0,e4 d5 exd5 Qxd5 Nc3 Qa5 Nf3 c6 Bc4 Nf6
1881,1930,black,300+0,e4 e5 Nf3 d6 d4 exd4 Nxd4 Ne7 Bd3 Nbc6
1311,1182,white,660+0,d4 d5 c4 h6 Nc3 Nf6 Bf4 dxc4 e4 Na6
1109,1645,black,480+0,e4 e5 d4 exd4 Qxd4 Nc6 Qd1 Bb4+ Bd2 Qe7
1725,1614,black,240+0,c4 e5 Nc3 Nf6 g3 Bb4 Bg2 c6 Nf3 e4
1470,1215,white,120+0,d4 e5 dxe5 Qe7 Nc3 Qxe5 Be3 c6 Qd4 Qxd4
1201,1360,black,360+10,e4 e5 Nf3 Nc6 Bc4 Nf6 Ng5 d5 exd5 Nxd5
1500,1502,black,420+4,e4 e5 f4 exf4 g3 Be7 Bc4 d6 Nf3 Nf6
1929,1745,white,60+0,e4 c5 Nc3 d6 Bb5+ Bd7 Bxd7+ Nxd7 d3 Ngf6
1328,1234,white,360+3,d4 d5 Nf3 Nc6 e3 g6 Nc3 Bg7 Bd2 e6
1374,1711,black,120+0,e4 d6 Nf3 Nf6 Nc3 g6 d4 Bg7 d5 O-O
1429,1416,white,300+5,b3 d6 Bb2 e5 d4 exd4 Qxd4 Nc6 Qe4+ Be7
1477,1488,black,600+10,e4 e6 e5 Qg5 d4 Qg6 Bd3 Qxg2 Qf3 Qxf3
1676,1755,white,300+0,e4 e5 d4 exd4 c3 d6 Nf3 Nf6 Bc4 Be7
1482,1476,white,60+0,e4 e5 Bc4 Nc6 Nf3 Bc5 d3 d6 Ng5 Be6
1727,1838,white,300+8,e4 b6 d4 Bb7 f3 g6 c4 Bg7 Nc3 h6
1563,1620,white,1800+30,e4 e6 d4 d5 e5 c5 c3 Nc6 Nf3 Qa5
1639,1739,white,60+0,b4 Nf6 Bb2 g6 b5 Bg7 a4 d6 e3 O-O
1712,1646,black,600+5,e4 c6 d4 d5 e5 Bf5 Bd3 Bg6 Nf3 e6
1741,1756,black,1080+12,e4 g6 d4 Bg7 Nf3 d6 Bc4 Nf6 Nc3 O-O
1659,1709,white,420+9,e4 e5 Nf3 Nc6 Bc4 Bc5 Nc3 Nf6 d3 h6
1780,1608,black,360+2,d4 g6 c4 Bg7 Nc3 b6 e4 Bb7 f4 e6
1513,1513,white,180+0,e4 c5 d4 cxd4 Qxd4 Nc6 Qd1 e6 f4 Nf6
1475,1493,draw,120+0,c4 e5 b3 Bc5 Nc3 Nf6 e3 c6 Nf3 d5
1382,1193,black,360+10,e4 e5 Nf3 Nc6 Bb5 a6 Bxc6 bxc6 d4 d5
1647,1554,white,300+0,e4 c5 Bc4 Nc6 c3 e6 Nf3 a6 a3 b5
1725,1654,white,60+0,e4 c5 Nf3 Nc6 d4 cxd4 Nxd4 e6 Nc3 Nf6
1589,1077,white,900+0,e4 e5 Nf3 f6 Bc4 c6 d4 d5 exd5 cxd5
1473,1668,black,240+5,e4 e5 Nf3 Nc6 Bb5 d6 Bxc6+ bxc6 d3 Nf6
1506,1455,black,60+12,e3 e5 d3 d5 g3 Nf6 b3 Nc6 Bb2 d4
1667,1664,white,180+0,e4 c5 f4 e6 Nf3 Nc6 c3 d5 d4 dxe4
1213,1425,black,480+5,e4 c6 e5 e6 d4 d5 g4 Bb4+ c3 Ba5
1650,1620,black,600+1,d4 d5 c4 Nf6 cxd5 Qxd5 Nc3 Qa5 e4 Nxe4
1750,1585,white,900+0,e4 d5 exd5 Qxd5 Nc3 Qe5+ Qe2 Qf5 Qb5+ c6
1536,1918,black,900+0,e4 e5 d3 Nf6 Be2 Bc5 Bf3 c6 a4 d5
1644,1734,white,60+0,b4 Nf6 Bb2 g6 b5 Bg7 a4 d6 e3 O-O
1428,1821,black,600+3,e4 c5 c3 e6 g3 Nf6 e5 Nd5 Bg2 Nc6
1308,1430,black,720+0,e4 g6 Nf3 Bg7 Bc4 e6 d3 Ne7 Nc3 d5
1648,1678,white,180+0,e4 c5 Bc4 Nc6 Nf3 e6 O-O d5 exd5 exd5
1756,2099,black,60+0,d4 c6 e3 d5 Nf3 Nf6 Bd3 Bg4 O-O e6
1647,1457,white,300+5,e4 e5 Nf3 Nc6 Bc4 Bc5 c3 Nf6 d3 d5
1815,1574,white,300+0,d4 d5 c4 c6 Nc3 e6 cxd5 cxd5 Bf4 Nf6
1777,1682,black,900+8,Nf3 c5 e3 d5 c4 d4 b3 Nc6 Bb2 e5
1720,1659,white,60+0,e4 c5 Nf3 Nc6 d4 cxd4 Nxd4 a6 Nc3 e6
1459,1397,white,600+0,e4 e5 Qh5 Qf6 g4 Bc5 Nh3 Qf3 Rg1 Nc6
1492,1475,white,120+0,e4 c6 Bc4 e6 Nf3 d5 exd5 cxd5 Bb3 Bc5
1613,1885,black,600+0,e4 e6 Bc4 d5 exd5 exd5 Bb3 Nf6 Nc3 d4
1509,1326,black,420+4,d4 Nc6 c4 d6 d5 Nd4 e3 Nf5 e4 Nfh6
1323,1377,white,300+0,e4 e5 d4 Qe7 Nf3 exd4 Nbd2 Nf6 Bd3 d6
1800,1665,white,300+0,b3 d5 Bb2 Nc6 Nf3 Bg4 g3 Bxf3 exf3 Nf6
1500,1606,black,600+0,e4 e6 d3 c6 c3 d5 Nd2 Qb6 Qe2 Nf6
1569,1820,black,300+0,e4 d5 exd5 Qxd5 Nf3 Bg4 Be2 c6 O-O e6
1826,1522,black,360+6,d4 d5 Nf3 c6 g3 Nf6 Bg2 Bg4 O-O Bxf3
1710,1628,white,240+0,e4 e5 Nf3 f5 exf5 e4 Qe2 Nf6 d3 d5
1780,1300,white,300+0,d4 Nf6 Nf3 e6 Nc3 Bb4 Bg5 Bxc3+ bxc3 O-O
1361,1464,white,60+0,e4 e5 d4 Nc6 d5 Nd4 Nf3 Bb4+ c3 Bxc3+
1649,1807,white,60+0,b4 e5 Bb2 f5 b5 Nf6 Bxe5 d6 Bb2 Be6
1043,1720,black,180+0,e4 e5 c3 Nc6 d4 exd4 cxd4 Bb4+ Bd2 Qe7
1245,1390,black,300+5,d4 d5 e3 e6 Bb5+ Bd7 Bxd7+ Qxd7 Nf3 c5
1412,1493,white,240+1,e4 e6 Nh3 b6 Qf3 Bb7 d3 d5 Ng5 Nf6
1258,1437,black,300+0,d4 d5 e3 Nf6 f3 Nc6 g4 e5 g5 Nh5
1464,1455,white,120+0,Nf3 d5 d4 Nc6 g3 e6 Bg2 f5 a3 Nf6
1948,1198,black,300+8,e4 e6 Bc4 d5 exd5 exd5 Bb3 Bd6 d4 Nf6
1417,1494,black,540+7,d4 d5 e3 e6 c4 c5 Nf3 Nf6 Nc3 b6
1440,989,white,300+5,b3 e5 Bb2 Nc6 e3 Nf6 Bb5 a6 Bxc6 dxc6
1525,1089,black,180+0,e4 c6 e5 d5 exd6 exd6 d4 d5 b3 Bd6
1534,1891,black,900+0,e4 c5 d3 Nc6 c3 e6 Be2 a6 Bf3 Ne5
1788,1665,white,60+0,e4 c5 f4 Nc6 Nf3 e6 Be2 a6 d3 Nf6
1579,1290,white,1800+30,e4 b6 d4 Bb7 d5 e6 c4 c6 Nc3 cxd5
1658,1904,black,360+2,e4 e5 Nf3 Nc6 Bb5 a6 Ba4 Nf6 O-O b5
1620,1762,black,240+0,e4 e6 Nf3 d5 e5 c5 c3 Nc6 d4 Qb6
1566,1698,white,420+8,e4 e5 Nf3 Nc6 Bb5 d6 Bxc6+ bxc6 d3 Nf6
1731,1737,white,600+10,d4 g6 e4 Bg7 e5 c5 c3 cxd4 cxd4 Nc6
1825,1564,white,300+0,d4 d5 c4 c6 Nc3 Nf6 Bf4 e6 e3 Bd6
1590,1456,white,900+0,e4 c5 Nf3 Nc6 d4 cxd4 Nxd4 e5 Nxc6 bxc6
1751,1609,black,600+0,e4 e5 Bc4 Bc5 Nf3 d6 O-O Nc6 a3 g5
1658,1797,black,60+0,b4 g6 Bb2 Nf6 b5 Bg7 a4 O-O e3 a6
1475,1503,white,120+0,c4 e5 d3 Bc5 a3 a5 e3 Nf6 Nf3 c6
1657,1807,black,300+0,e4 b6 Nf3 Bb7 Nc3 c5 d3 Nc6 Be2 g6
1712,1430,black,420+0,d4 d5 c4 dxc4 Nc3 e6 e3 c6 Bxc4 Nf6
1434,1631,black,300+8,d4 g6 e4 Bg7 f3 d6 Nc3 e6 Bd3 Ne7
1445,1348,white,180+5,e4 f5 f3 fxe4 fxe4 Nf6 Nc3 c5 d4 cxd4
1499,1466,black,600+10,e3 e5 b3 e4 Bb2 Nf6 d3 exd3 Qxd3 Be7
1500,1405,white,180+0,d4 d5 Nc3 e6 a3 Nf6 Bf4 Bd6 Qd2 O-O
1758,1073,white,300+8,e4 e5 Nf3 f6 Bc4 c6 d3 d5 exd5 cxd5
1444,1500,black,300+0,e4 e5 Nf3 Nc6 Nc3 Bb4 d3 Bxc3+ bxc3 Nf6
1224,1500,black,300+20,d4 d5 e3 c5 Bd2 c4 Nc3 a5 Qe2 a4
1290,1208,black,720+0,e4 d5 d3 d4 Nf3 Nc6 Bf4 e5 Bg5 f6
1488,1209,white,120+0,e4 e6 d4 d5 e5 Ne7 Nf3 Nf5 Bd3 Ne7
1821,1742,black,300+8,e4 e5 Bc4 Nf6 d3 Nc6 c3 Na5 Bb3 Nxb3
1841,1539,white,360+6,d4 d5 c4 c6 Nf3 Nf6 Bg5 e6 Nc3 Nbd7
1827,1616,white,420+0,e4 c6 Nf3 d5 e5 Bf5 Nh4 Nh6 d4 e6
1500,1666,black,180+0,e4 c6 Bc4 d5 Bb3 dxe4 Qh5 Nf6 Qxf7+ Kd7
1493,1614,black,300+10,e4 e5 Nf3 d6 h3 h6 Qe2 a6 d3 c6
1814,1650,white,300+0,b3 Nf6 Bb2 g6 c4 Bg7 Nc3 O-O Nd5 Nxd5
1500,1550,black,300+0,e4 e5 Nf3 Nc6 Bc4 Be7 c3 Nf6 Qb3 O-O
1596,1613,black,240+0,e4 e5 Nf3 f5 exf5 e4 Qe2 Nf6 d3 d5
1497,1343,white,420+4,d4 d5 c4 Nc6 e3 Bf5 Nc3 Nb4 Qa4+ Nc6
1284,1583,draw,1800+30,b3 d5 e3 e5 Nc3 d4 exd4 exd4 Qe2+ Be7
1719,1957,black,180+3,c4 c5 Nc3 b6 Nf3 Bb7 g3 e6 Bg2 a6
1282,1120,white,300+5,e4 c6 d4 d5 e5 Bf5 h3 h6 g4 Bh7
1651,1805,white,60+0,b4 Nf6 Bb2 e6 b5 Be7 a4 d5 e3 Nbd7
1500,1697,black,600+8,e4 e5 Bc4 Nf6 Qf3 Nc6 g4 Bc5 g5 Nd4
1535,1521,white,120+0,e4 e5 Nc3 Nc6 Bc4 Bc5 d3 d6 Be3 Bb6
1647,1559,white,300+5,e4 c5 Nf3 d6 Nc3 Nf6 d4 cxd4 Nxd4 e6
1491,1635,white,120+0,Nc3 g6 d4 Bg7 e3 b6 Nf3 Bb7 g3 Bxf3
1634,1399,white,180+0,d4 d5 Nc3 g6 Bf4 Bg7 Nb5 c6 Nc7+ Kf8
1235,1299,black,300+1,e4 d5 e5 Nc6 d4 e6 Bb5 Bb4+ c3 Bd7
1766,1703,white,1080+12,e4 c5 Nf3 d6 d4 cxd4 Nxd4 Nf6 Nc3 Nc6
1765,1747,black,900+8,Nf3 c5 e3 d5 d4 cxd4 Nxd4 Nc6 Bb5 Bd7
1468,1356,white,240+5,e4 e5 Nf3 Nc6 Bb5 Nd4 Nxd4 exd4 b3 c6
1427,1258,white,240+1,e4 c6 Nf3 Nf6 Nc3 Qb6 Bc4 d6 Ng5 d5
1911,1653,white,360+2,e4 c5 Nf3 Nc6 d4 d6 Bc4 cxd4 Nxd4 e6
1667,1574,white,60+0,b4 d5 Bb2 e6 a4 Nf6 b5 c6 e3 cxb5
1550,1455,white,900+0,e4 e5 f4 exf4 Nf3 d6 Bc4 h6 h4 Bg4
1220,1923,black,300+8,d4 d5 e3 Nc6 c3 e6 Nf3 Nf6 Bd3 Be7
1327,1388,black,600+0,e4 e5 Nc3 c5 Nf3 Nc6 d3 d6 Nd5 Nf6
1626,1649,white,300+0,d4 d5 e3 e6 Nf3 Nc6 c4 Nf6 Nc3 Bb4
1629,1613,black,180+0,e4 c6 f4 d5 e5 Bf5 Nf3 e6 d3 Ne7
1422,1613,black,600+3,e4 e6 e5 d6 Nf3 d5 d4 c5 c3 Nc6
1742,1697,white,600+10,d4 d5 e3 Bf5 g4 Bg6 f4 h5 g5 f6
1500,1507,white,120+0,c4 d6 Nc3 c6 g3 e6 Bg2 Be7 d4 Nf6
1769,1685,white,240+0,d4 d5 c4 c6 Nc3 Bf5 Nf3 Nf6 Bf4 e6
1436,1500,white,180+0,e4 e5 Nf3 d6 Nc3 Nf6 d3 Nc6 Bg5 Be7
1623,1699,black,600+0,e4 e5 Bc4 Nc6 d3 Nf6 Nc3 d6 Bb3 Be7
1111,1309,black,300+5,Nf3 d5 d4 f6 Nc3 Nc6 a3 e5 e4 dxe4
1557,1639,black,180+5,e4 e5 Nf3 d6 Bc4 Bg4 d3 Qd7 Nc3 a6
1475,1505,white,240+5,e4 e5 Nf3 d6 Bc4 Bg4 h3 Bxf3 Qxf3 Qf6
1675,2016,black,60+0,b4 e5 Bb2 d6 b5 Nf6 a4 Be6 e3 g6
1797,1804,white,360+0,e4 c5 Nf3 Nc6 d4 cxd4 Nxd4 e6 c4 Be7
1395,1759,black,300+8,e4 e5 Bc4 Nf6 Nf3 Nc6 Ng5 d5 exd5 Na5
1776,1962,black,300+5,c4 c5 Nc3 b6 e4 Bb7 d3 e6 g3 Qc7
1911,1623,black,240+0,e4 e5 Nf3 f5 d3 Nc6 Nc3 Nf6 Be2 Bb4
1682,1381,white,420+8,e4 a6 Nf3 h6 Nc3 e6 d4 Bb4 a3 Bxc3+
1725,1671,white,420+9,c4 e5 Nc3 Nc6 g3 Nf6 Bg2 d6 Nf3 Be6
1427,1545,black,300+0,e4 c5 d4 cxd4 e5 Nc6 Nf3 Qc7 Bc4 e6
2019,1672,white,60+0,d4 c5 Nf3 cxd4 Nxd4 Nc6 Nb3 e6 g3 Nf6
1832,1671,white,420+0,e4 e6 Nf3 Ne7 Nc3 Ng6 d4 Be7 Bd3 O-O
1356,1478,white,60+8,c4 c5 Nc3 e5 e4 Nc6 Nf3 d6 b3 Nge7
1609,1577,white,600+1,d4 d5 c4 dxc4 e4 b5 a4 c6 axb5 cxb5
1240,1742,black,300+2,d4 Nf6 e3 c5 dxc5 Na6 Bxa6 bxa6 Nf3 Qa5+
1803,1546,white,120+0,c4 Nf6 Nc3 g6 g3 Bg7 Bg2 c6 e4 O-O
1572,1662,black,300+3,e4 d6 Nf3 Nf6 Nc3 g6 d4 Bg7 d5 c5
1600,1511,white,900+0,e4 f5 e5 d6 Nf3 dxe5 Nxe5 Qd6 d4 Nc6
1649,1918,black,360+2,d4 Nf6 c4 e5 dxe5 Ng4 Nf3 Nc6 Bf4 Bb4+
1427,1285,white,300+0,e4 e5 Nf3 d6 Bc4 Nf6 Nc3 Nc6 h3 Be6
1503,1536,black,420+4,d4 d5 c4 c6 e3 Bf5 Nc3 Nf6 Be2 Nbd7
1669,2022,black,60+0,b4 e5 Bb2 d6 b5 Be6 a4 f5 e3 Nf6
1202,1446,black,180+0,e4 e5 Nc3 Nf6 Nf3 Nc6 Bc4 Be7 d3 O-O
1687,1751,white,600+10,e4 e6 d4 d6 c4 Be7 d5 Bd7 Nc3 c5
1411,1370,white,600+7,e4 e5 Nf3 Nc6 d4 Nf6 d5 Nd4 Nxd4 exd4
1614,1499,white,120+0,d4 d5 Nf3 e6 Bf4 c5 e3 cxd4 Nxd4 Bd6
1508,1173,white,600+0,e4 c6 Qh5 Nf6 Qf3 d5 e5 Ne4 d3 Nc5
1697,1377,black,600+5,e4 e5 Nf3 Qf6 d4 exd4 Nxd4 Bc5 Be3 Nc6
1604,1725,white,360+0,e4 c5 Nf3 Nc6 Bc4 g6 d3 Bg7 Ng5 e6
1746,1955,white,600+0,d4 e6 Bf4 f5 Nf3 Nf6 h3 Be7 e3 O-O
1714,1329,white,120+0,e4 e5 Nf3 Nc6 d4 exd4 Bc4 Be7 c3 dxc3
1074,1482,black,480+8,e4 e5 Nf3 Nc6 d3 Nf6 b3 d5 exd5 Qxd5
1667,1629,white,60+0,b4 c6 Bb2 d6 a4 e6 b5 f6 e3 cxb5
1434,1306,white,240+1,e4 Nf6 Nc3 d6 Bc4 Nxe4 Nxe4 d5 Bxd5 Qxd5
1406,1501,white,540+3,e4 e5 g3 c6 Bg2 d5 Nf3 Bg4 d3 Nf6
1563,1292,white,300+3,e4 e5 Nf3 Nc6 Nc3 d6 d4 Bg4 d5 Nce7
1889,1642,black,240+0,e4 e5 Nf3 f5 d3 Nf6 Nc3 Bb4 Bg5 O-O
1524,1426,white,480+0,d4 d5 Nf3 Bf5 Ne5 f6 Nf3 Nc6 c3 e5
1619,1397,white,600+0,e3 e5 c3 d5 d4 e4 c4 c6 Nc3 Be6
1419,1717,draw,120+0,e4 d6 Bc4 Nf6 d4 Nxe4 Nc3 Nxc3 bxc3 e6
1451,1548,white,180+0,e4 e5 Nf3 Nc6 Nc3 Nf6 Bb5 d6 Bxc6+ bxc6
1574,1665,white,360+0,d4 d5 Bf4 Nc6 Nc3 Nf6 Nb5 e5 dxe5 Nh5
1679,1440,white,960+8,d4 Nf6 Nf3 d6 c4 Bg4 Ng5 h6 Nf3 Bxf3
1615,1775,black,600+0,e4 g6 Bc4 Nc6 d3 Bg7 Nc3 Nf6 Qf3 Ne5
1550,1655,black,300+5,d4 d5 c4 c6 Nf3 Nf6 e3 Bg4 Be2 e6
1518,1844,black,300+0,e4 e6 d4 d5 e5 c5 c3 Nc6 f4 Nh6
1308,1204,white,300+1,e4 e5 Nf3 d6 c3
1895,1763,black,300+8,e4 e5 Nf3 Nf6 Nxe5 Qe7 Nf3 Nxe4 Be2 d6
1677,2025,black,60+0,b4 e5 Bb2 d6 b5 Be6 a4 f5 e3 Nf6
1775,1224,white,-,e4 e6 d4 Nf6 Nc3 Bb4 a3 Bxc3+ bxc3 Nxe4
1758,1779,white,300+0,d4 d5 Nf3 e6 Bf4 c5 e3 Nc6 c4 Nf6
1546,1614,black,360+6,e4 e5 d4 exd4 c3 dxc3 Bc4 cxb2 Bxb2 d6
1446,1219,white,900+0,e4 e5 Nf3 d6 Bc4 Nf6 Ng5 Be7 Nxf7
1924,1975,white,300+8,e4 e5 Bc4 Bc5 Nf3 Nc6 O-O d6 h3 Nf6
1493,1558,black,420+4,d4 d5 c4 e6 a3 Be7 e3 f5 Nf3 Nf6
1674,1717,white,180+1,a3 d5 d3 d4 g3 e5 Bg2 c6 c3 Bf5
1624,1643,white,300+0,e4 c5 Nf3 Nc6 b3 d6 d4 cxd4 Nxd4 Qb6
1423,1491,black,120+0,e4 c6 Nf3 e6 Nc3 d6 d4 Be7 Be2 Nf6
1660,1867,black,240+0,e4 e5 f4 d5 exd5 e4 Nc3 Nf6 Bc4 Bc5
1278,1480,black,300+0,e4 e5 Nf3 Nf6 Nc3 d6 d4 exd4 Nxd4 Be7
1674,2028,black,60+0,b4 e5 Bb2 d6 b5 Be6 a4 f5 e3 Nf6
1894,1541,black,600+0,d4 e6 e3 Nf6 Bd3 Be7 f4 O-O Nf3 Nc6
1808,1793,white,360+0,d4 d5 c4 c6 Nf3 e6 Nc3 Bd6 e4 dxe4
1796,1658,white,720+0,e4 e5 Nf3 d6 Bb5+ c6 Bc4 d5 exd5 cxd5
1370,1534,black,60+8,c4 e5 Nc3 Nc6 e4 Nf6 Nf3 Bc5 b3 Ng4
1500,1646,draw,240+0,e4 c5 Nf3 e6 Bc4 d6 Nc3 h6 d3 Nc6
1648,1743,white,300+2,d4 Nf6 c4 c5 dxc5 Na6 Nc3 Nxc5 Bg5 e6
1584,1533,black,480+0,e4 d6 d4 c6 Nc3 e6 Nf3 Be7 Bg5 Bxg5
1665,1418,white,300+8,d4 d5 Nf3 Nc6 Bg5 Nf6 h3 h6 Bh4 Be6
1563,1379,white,360+0,e4 e6 d4 f6 Bd3 d5 f3 Nc6 c3 e5
1640,1451,white,900+0,e4 e5 g3 Nf6 Bg2 d6 d4 Bg4 Nf3 Nxe4
1047,1851,black,300+0,d4 d6 e3 c6 Bd2 e5 Bd3 Nf6 Nf3 e4
1468,1500,white,180+0,e4 e6 d4 Bd6 Nf3 e5 d5 Qf6 Nc3 Bc5
1413,1500,black,120+0,e4 c6 Nf3 d6 d4 e6 d5 Nf6 dxe6 Bxe6
1299,1390,white,300+2,d4 Nc6 Nf3 f6 e4 e5 d5 Nce7 Nc3 d6
1567,1423,white,300+3,e4 e5 Nf3 d6 Nc3 Be6 d4 exd4 Nxd4 c5
1874,1654,black,240+0,e4 e5 f4 exf4 Nf3 Nf6 e5 Qe7 Bc4 d6
1371,1273,white,300+0,e4 e5 Nf3 Nc6 Bb5 d6 Bxc6+ bxc6 O-O Nf6
1964,1517,white,300+8,Nf3 c6 c4 d5 cxd5 cxd5 d4 e6 Bf4 Bd6
1423,1447,white,600+7,e4 e5 Nf3 d6 d4 Nf6 Bg5 Be7 d5 Nxe4
1671,2031,black,60+0,b4 Nc6 Bb2 Nxb4 a3 Nc6 e3 e5 Nf3 d6
1619,1635,black,360+0,e4 e5 Nf3 Nc6 Bc4 Bc5 d3 Nf6 Ng5 O-O
1610,1686,black,420+8,e4 e5 Nf3 Nc6 Bc4 h6 Nc3 Nf6 d4 exd4
1565,1500,white,300+0,e4 d5 e5 Nc6 d4 f6 Nf3 e6 Bb5 a6
1403,1509,draw,120+0,e4 c6 Nf3 a6 Nc3 e6 Bc4 d5 exd5 cxd5
2034,1729,white,60+0,e4 c5 Nf3 d6 Bc4 Nf6 d3 e6 a3 a6
1634,1772,white,600+1,d4 d5 c4 Nf6 cxd5 Nxd5 e4 Nf6 Nc3 e6
1859,1957,white,300+8,e4 d5 exd5 Qxd5 Nc3 Qd8 d3 Nf6 Be2 e6
1428,1403,white,240+8,d4 Nf6 c4 d5 cxd5 Qxd5 Nc3 Qh5 Nf3 Bf5
1925,1967,white,300+5,e4 c5 Nf3 d6 d4 cxd4 Nxd4 Nf6 Nc3 a6
1383,1431,white,660+11,e4 e5 Nf3 Nc6 c3 Nf6 Qc2 d5 d3 dxe4
1892,1479,white,240+0,e4 e6 Nf3 d6 d4 b6 Bd3 Bb7 Be3 g6
1681,1448,white,360+8,b4 d5 Bb2 d4 Nf3 Nc6 e3 dxe3 fxe3 Nxb4
1643,1573,white,240+0,e4 d5 exd5 Qxd5 Nc3 Qe6+ Be2 Nc6 Nf3 f5
1414,1623,white,300+8,e4 e5 Nf3 Nc6 Bc4 Bc5 d3 h6 Bd2 Nf6
1612,1169,white,900+0,e4 c6 d4 d5 e5 Bf5 Nf3 h6 Be2 Be4
1336,1308,white,360+3,d4 e5 dxe5 Nc6 Nf3 Qe7 e3 Nxe5 Nxe5 Qxe5
1364,1467,black,60+8,c4 Nf6 Nc3 Nc6 e4 e5 b3 Bb4 Bb2 Bxc3
1531,1608,black,600+0,e4 e5 Nc3 Bc5 Nge2 d6 a3 Nc6 b4 Bb6
1726,2038,black,60+0,e4 e5 Nf3 Nc6 Bb5 Bc5 O-O d6 Re1 a6
1487,1549,white,240+5,e4 e6 Nf3 g6 d4 Bg7 e5 d6 exd6 cxd6
1783,1878,black,300+8,e4 d5 exd5 Qxd5 Nc3 Qa5 Nf3 Nf6 Bc4 Nc6
1608,1677,black,300+0,e4 e5 Nf3 Nc6 Bc4 Bc5 Nc3 d6 h3 Nf6
1723,1966,black,300+8,e4 c5 Nf3 Nc6 d4 cxd4 Nxd4 Nf6 Nc3 d6
1472,1653,black,240+0,e4 c5 Nf3 Nc6 Bc4 e6 Nc3 d6 d3 a6
1852,1661,black,300+0,e4 e5 Nf3 d6 d4 exd4 Nxd4 Bd7 c4 Nc6
1435,1273,white,540+3,e4 d5 e5 e6 d4 Nc6 Bb5 a6 Bxc6+ bxc6
2041,1722,white,60+0,d4 Nf6 Nf3 g6 Bf4 Bg7 e3 d6 c4 O-O
1766,1695,white,420+0,d4 d5 c4 e6 Nc3 Nf6 Nf3 c6 Bg5 dxc4
1663,1689,black,300+5,e4 c5 f4 Nc6 Nf3 e5 f5 d5 Bb5 dxe4
1569,1687,black,360+0,e4 d6 d4 g6 Bd3 Bg7 c3 Nf6 Be3 O-O
1606,1431,white,300+8,e4 e5 Nf3 Nc6 Bc4 Nf6 Ng5 d5 exd5 Nxd5
1592,1627,draw,300+2,e4 e5 Nf3 Nc6 Nc3 h6 Bb5 a6 Bxc6 dxc6
1754,1502,black,60+0,d4 b6 c4 Bb7 e3 g6 f3 Bg7 Bd3 e6
1574,1166,white,1800+30,e4 c6 d4 d5 e5 Bf5 h3 h6 Be2 e6
1719,2045,black,60+0,e4 e5 Nf3 d6 Bb5+ c6 Bc4 Be7 O-O Nf6
1425,1612,black,300+8,e4 e5 Nf3 Nc6 d4 exd4 Nxd4 Nxd4 Qxd4 c5
1702,1469,white,300+0,e4 d5 exd5 Qxd5 Nc3 Qb5 Bxb5+ c6 Bc4 b5
1547,1413,black,1200+0,e4 d6 Nf3 h6 Nc3 e5 h3 Be6 d4 Be7
1501,1947,black,180+0,e4 d6 d4 Nf6 d5 Nxe4 f3 Nf6 Bg5 Nbd7
1617,1585,black,600+0,e4 Nc6 Bc4 a6 d3 f5 exf5 Nf6 Nc3 d5
1571,1874,black,480+3,e4 c5 Nf3 Nc6 d4 cxd4 Nxd4 e6 Nxc6 bxc6
1265,1329,white,300+0,e4 Nf6 e5 Nd5 Bc4 Nb6 Bb3 d5 Qf3 e6
1344,1598,white,360+3,d4 d5 Nf3 Nc6 e3 Nf6 Nc3 a6 Bd2 Bg4
1707,1465,white,300+0,e4 d5 exd5 Qxd5 Nc3 Qa5 d4 Nf6 Bd2 c6
1475,1728,black,300+2,e4 c5 Nf3 d6 d4 cxd4 Nxd4 Nf6 Nc3 a6
1759,1646,white,180+0,e4 e5 Nf3 Nc6 d4 exd4 c3 dxc3 Bc4 Bb4
1502,1540,white,180+1,b4 e5 b5 d5 Bb2
1442,1318,black,300+8,Nf3 d5 Nc3 d4 Nb5 e5 d3 a6 Na3 Nc6
1401,1046,white,300+5,d4 d5 c4 c6 Nf3 Bf5 e3 Nf6 Nc3 e6
1608,1775,white,360+0,e4 e6 Nf3 d5 Qe2 d4 d3 c5 c3 Nc6
1418,1449,white,60+0,e4 e5 Bc4 Nc6 Nf3 Bc5 O-O d6 a3 Bg4
1164,1576,black,1800+30,Nf3 d5 d4 f6 Nc3 c6 e4 dxe4 Nxe4 e5
1739,1700,white,600+10,d4 d5 e3 a6 Bd3 b5 f4 f6 Qh5+ Kd7
2048,1544,white,60+0,e4 d5 exd5 Qxd5 Nc3 Qe6+ Be2 Nc6 d4 Qg6
1451,1514,black,300+5,e4 a6 Nf3 b5 Nc3 Bb7 d4 b4 Nd5 e6
1599,1661,white,300+0,e4 e5 Nf3 Nc6 Bc4 d6 d4 exd4 Nxd4 Nxd4
1802,1754,black,900+8,e4 e5 Nf3 d6 Bc4 h6 d3 Nf6 Nc3 Be7
1611,1635,black,360+2,e4 e5 Nf3 Qf6 Bc4 Bc5 d3 h6 Be3 d6
1506,1736,black,240+4,e4 e5 Bc4 Nf6 Qf3 Bc5 h4 O-O h5 c6
2091,1935,white,600+0,d4 e6 c4 f5 Nc3 Nf6 g3 Be7 Bg2 d6
1953,1960,black,180+0,Nf3 c5 c4 e6 b3 Nc6 Bb2 Nf6 d4 cxd4
1393,1438,black,240+8,e4 c5 Nf3 d6 Bc4 h6 O-O Nc6 d3 Nf6
1499,1652,black,180+0,e4 b6 d4 Bb7 d5 g6 c4 Bg7 Nc3 e6
1542,2050,black,60+0,e4 Nc6 d3 d6 Nc3 e5 g3 f5 f4 Nf6
1494,1846,black,360+6,e4 Nc6 d4 e6 Nf3 Nf6 Bd3 d5 Bg5 dxe4
1876,1788,black,300+8,c4 c6 Nc3 Nf6 g3 d5 cxd5 cxd5 Bg2 e6
1672,1853,white,240+0,e4 d5 exd5 Qxd5 Nc3 Qa5 Nf3 Nf6 Be2 Bf5
1741,1501,black,240+4,e4 e5 Bc4 Bc5 Nf3 Qf6 Nc3 c6 O-O d6
1651,1889,black,720+0,e4 e6 d4 d5 e5 c5 c3 Nc6 Nf3 Qb6
1971,1794,white,300+8,Nf3 d5 d4 Bg4 Bf4 Bxf3 gxf3 a6 e4 e6
1684,1579,black,960+8,d4 d5 Nf3 Nc6 c4 dxc4 Nc3 e6 a3 a6
1686,1814,black,300+0,d4 Nf6 c4 c5 d5 b5 b3 g6 Bb2 Bg7
1614,1071,white,900+0,e4 e5 Nf3 Nc6 Bc4 g6 O-O Bg7 c3 Nf6
2051,1541,white,60+0,d4 d5 Nf3 e6 Bf4 b6 e3 Nf6 c4 c6
1545,1767,black,180+0,c4 d5 cxd5 Qxd5 Nc3 Qa5 d3 Nf6 Bd2 c6
1598,1670,white,600+1,e4 c5 Nf3 d6 Nc3 Nf6 Bc4 a6 a3 e6
1539,2053,black,60+0,e4 g6 d3 Bg7 Qd2 Nc6 Nc3 d6 Nd5 e6
1653,1485,black,300+5,d4 c5 d5 Nf6 c4 e5 Nc3 d6 e4 Bd7
1748,1751,black,600+10,d4 d6 f4 g6 e3 Bg7 Nf3 Nf6 Bd3 O-O
1712,1513,white,300+0,e4 e5 Nf3 Nc6 d4 exd4 Nxd4 Nxd4 Qxd4 b6
1410,1033,white,480+0,e3 d5 d4 Nf6 Nc3 h5 Nge2 Bf5 Nf4 g5
1679,1397,white,240+0,d4 d5 c4 e6 Nc3 dxc4 e4 Bb4 a3 Bxc3+
1690,1315,white,180+0,d4 d5 Nc3 Nf6 Bf4 Bf5 Nb5 Na6 a3 c6
1887,1772,white,300+8,e4 e5 Nf3 Nf6 Bc4 Nc6 Nc3 d6 Ng5 d5
1420,1278,white,300+0,e4 e5 d4 Nf6 dxe5 Nxe4 Bd3 Bb4+ c3 Nxf2
1658,1748,white,180+0,e4 e6 Nf3 d5 exd5 exd5 d4 Be6 Bd3 Nf6
1439,1427,black,600+7,e4 e5 Nf3 d6 d4 f6 d5 Bd7 Nc3 f5
1313,1331,black,300+0,d4 d5 Nc3 Nc6 g3 Nf6 Bg2 Bf5 e4 dxe4
1491,1643,black,180+0,e4 e5 d4 exd4 Qxd4 Nf6 Bg5 Be7 Bxf6 Bxf6
1542,1530,white,120+0,e4 e5 Nf3 f5 d3 fxe4 dxe4 Nc6 Bc4 Bc5
1490,1360,white,360+3,c4 d5 e3 dxc4 Bxc4 e6 d4 Bb4+ Nc3 Bxc3+
1353,1405,black,360+3,d4 d5 Nf3 Nf6 e3 c5 dxc5 e6 c6 bxc6
1772,1540,white,180+0,e4 e5 Nf3 Nc6 d4 exd4 c3 dxc3 Bc4 cxb2
2054,1853,black,60+0,d4 d5 c4 c6 Nc3 e6 Nf3 Nf6 Bg5 Be7
1373,1454,white,180+5,e4 c5 Nf3 d6 Bc4 h6 h3 Nf6 g4 Nxe4
1380,1342,white,300+0,d4 d5 Nf3 Nc6 c4 dxc4 e4 e6 Bxc4 Nf6
1646,1758,black,360+2,e4 e6 Nf3 d5 exd5 exd5 Nc3 d4 Nb5 a6
1734,1672,white,180+0,e4 b6 Bc4 Bb7 Nc3 e6 d4 g6 Nge2 Bg7
1683,1665,black,120+4,d4 e6 c4 Ne7 Nc3 Ng6 e4 Be7 f4 O-O
1421,1308,white,300+5,d4 d5 c4 Nf6 Nf3 dxc4 Nc3 g6 e3 e6
1694,1312,white,180+1,a3 d5 d3 d4 g3 e6 c3 Nc6 Bg2 Ne5
1738,1691,black,600+10,d4 d5 e3 Nf6 f4 Bf5 Bd3 g6 Nf3 Nc6
1872,2034,black,60+0,e3 e5 d4 Nc6 d5 Nce7 c4 d6 e4 f5
1500,1403,white,240+0,e4 e5 Bc4 Nc6 Qf3 Nf6 c3 Bc5 d3 d6
1716,1472,white,180+0,d4 e6 a3 Qf6 e4 Qg6 Nc3 Nc6 Nf3 Nge7
1877,1568,white,480+3,d4 d5 e3 Nf6 Bd3 Nc6 f4 a6 c3 Bg4
1344,1460,black,360+3,d4 Nf6 Nf3 c6 e3 d5 Nc3 Bf5 Bd2 Nbd7
1618,1425,black,600+10,Nf3 e6 d4 d5 Bf4 Qf6 Bg5 Qg6 e3 a6
1517,1553,draw,120+0,e4 c6 Nf3 d5 exd5 cxd5 d4 Bg4 Be2 Nc6
1306,1419,black,300+8,e3 e5 Nh3 Nc6 Bc4 d5 Bb5 Bxh3 gxh3 Qd7
1520,1722,white,240+4,e4 e5 Bc4 Nf6 Qf3 Bc5 a3 c6 b4 Bb6
1343,1462,black,60+1,d4 e6 g3 d5 Bg2 Nc6 c3 Nf6 b4 a6
1743,1535,white,180+0,e4 e5 Bc4 Nf6 Nc3 Nc6 Nf3 d6 h3 Be7
1451,1673,black,540+3,e4 c5 d3 Nc6 c3 e6 Nf3 d5 e5 Be7
2041,1864,white,60+0,d4 d5 Nf3 c6 Bf4 Bg4 Ne5 e6 Nxg4 Qh4
1336,1376,draw,360+3,d4 Nc6 Nf3 f6 e3 e5 d5 Nce7 e4 d6
1418,1436,black,-,Nc3 e5 e4 Nf6 a3 Bc5 Nf3 d6 h3 d5
1697,1510,white,180+1,a3 e5 d3 d5 g3 c5 Bg2 Nf6 Nc3 Be6
1718,1761,black,300+0,e4 c5 Nf3 d6 d4 cxd4 Nxd4 g6 Nc3 a6
1427,1599,white,300+0,e4 c6 d4 d5 exd5 cxd5 Nf3 Nf6 Bb5+ Bd7
1223,1271,white,300+0,g3 e5 Bg2 d5 e3 Nc6 Ne2 f5 d4 e4
1413,1333,white,480+0,e3 d5 d4 Nf6 Nc3 Nc6 Nge2 e6 g3 Bb4
1532,1557,black,1200+0,e4 e5 Nf3 Nf6 Nc3 Nc6 a3 d5 h3 d4
1332,1390,white,300+0,e4 e6 Nf3 c5 d4 a6 dxc5 Bxc5 Nc3 Nc6
1830,1103,white,300+0,d4 d5 c4 Nf6 cxd5 Nxd5 Nf3 Nc6 e4 Nb6
1582,1470,black,240+4,e4 e5 Bc4 Nf6 Nf3 Nxe4 Qe2 d5 Nxe5 Be6
1820,1776,white,180+0,b3 c5 Bb2 d5 Nf3 Nc6 g3 Bg4 Bg2 e6
1564,1488,black,480+3,e4 e5 Nf3 Nf6 d3 Bc5 Nxe5 d6 Nf3 d5
1486,1335,white,60+1,e4 e5 Bc4 d6 Nf3 Nc6 O-O Bg4 Nc3 Nd4
1644,1437,black,60+0,e4 e5 Nf3 Nc6 Bc4 Bc5 b4 f6 bxc5 Nge7
1711,1522,white,540+3,e4 Nc6 d4 b6 d5 Ne5 f4 Ng6 Nf3 e6
1858,2049,white,60+0,e4 e5 Bc4 Nc6 Nf3 d6 O-O Nf6 Re1 Be6
1184,1033,white,240+6,e4 d5 exd5 Qxd5 d4 Qe6+ Be3 Qc6 Nf3 f6
1612,1691,black,300+0,e4 c5 Nf3 Nc6 d4 cxd4 Nxd4 e5 Nb3 d6
1726,1636,white,0+1,e4 c6 d4 d5 e5 e6 Bd3 Qe7 Nc3 Nh6
1424,1427,white,600+7,d4 d5 Nc3 Nf6 g3 e6 f3 Be7 a3 Bd7
1336,1289,black,900+0,e3 e6 d4 Nf6 Nc3 Bb4 Bd2 O-O Nf3 Nc6
1810,1955,black,300+5,e4 c5 Nf3 d6 Nc3 a6 d4 cxd4 Nxd4 e6
1509,1334,white,180+3,e4 d5 e5 e6 d4 c6 Nf3 b5 c3 h6
1501,1591,white,300+0,Nf3 d6 e4 e5 c4 h6 Nc3 Nf6 d4 Nbd7
1500,1403,black,180+0,d4 d5 Nc3 c6 e4 e6 exd5 exd5 Qe2+ Be7
1328,1507,white,60+1,d4 c5 g3 cxd4 Bg2 e5 Nf3 Nc6 O-O Nf6
1668,1597,white,960+8,c4 e5 Nc3 c6 Nf3 d6 d4 exd4 Qxd4 c5
1547,986,white,180+0,e4 e5 Nf3 Nf6 Nxe5 Nxe4 Qf3 Nf6 Bc4 Qe7
1703,1671,black,180+1,a3 e5 d3 f5 g3 Nf6 c4 Bc5 Nf3 d6
1239,1297,white,420+0,d4 d5 c4 dxc4 e3 Bf5 Bxc4 Nc6 a3 a6
1755,1717,white,360+7,d4 f5 c4 Nf6 Nc3 e6 e3 Bb4 Bd2 O-O
1802,1860,draw,300+8,d4 d5 c4 e6 Nc3 Nf6 Bg5 c6 Nf3 Be7
1257,1527,black,1800+30,d4 Nf6 Nf3 d6 Bf4 Nbd7 e3 g6 Qd3 Bg7
1627,1735,white,0+1,c4 e6 Nc3 g6 d3 Bg7 g3 Ne7 Bg2 Nbc6
1749,1767,black,180+0,e4 d5 exd5 c6 c4 cxd5 cxd5 e6 dxe6 Bxe6
1633,1102,white,240+0,e4 c6 Bc4 d5 exd5 cxd5 Bb5+ Nc6 Bxc6+ bxc6
1460,1344,white,60+1,e4 e5 Bc4 d6 Nf3 Nh6 d3 g6 Ng5 Bd7
2029,1876,white,60+0,d4 d5 c4 dxc4 Nc3 c6 a4 e6 Nf3 Nf6
1683,1690,white,180+1,d4 d6 c4 g6 Nc3 Bg7 e4 Nc6 Be3 e5
1491,1881,black,360+6,e4 c5 Nf3 Nc6 d4 cxd4 Nxd4 e6 Bb5 Qb6
1258,1239,black,300+0,e4 e5 Nf3 Nc6 c3 g6 d4 Bg7 d5 Nce7
1767,1829,black,180+0,e4 b6 d4 Bb7 Nc3 e6 Nf3 Nf6 Bd3 c5
1788,1977,black,300+8,e4 c5 Bc4 Nc6 a3 g6 Nc3 Bg7 Qf3 e6
1720,1643,white,0+1,e4 c6 d4 d5 e5 e6 Nc3 Nd7 Bd3 Be7
1440,1387,white,180+5,e4 e5 Nf3 Nf6 Bc4 Nxe4 d3 Nd6 Nxe5 Qe7
1500,1538,black,60+0,e4 d5 exd5 Qxd5 Nc3 Qe6+ Qe2 Nc6 Qxe6 Bxe6
1551,1401,white,480+3,e4 e5 d4 Qh4 Qd3 Nc6 d5 Nd4 c3 Nb5
1762,1775,black,300+8,e4 e6 Nf3 d5 exd5 exd5 d4 Nf6 Bd3 Bd6
1634,1729,white,0+1,c4 e6 Nc3 d6 d3 Nf6 g3 Be7 Bg2 O-O
1109,1451,black,60+0,d4 d5 e3 Nc6 Nc3 Bf5 Bd3 Nf6 Bxf5 e6
1869,2037,white,60+0,e4 e5 Nf3 d6 d4 exd4 Nxd4 Nf6 Nc3 Bd7
1694,1705,white,240+0,d4 d5 c4 e5 dxe5 d4 Nf3 Nc6 g3 Bb4+
1771,1707,black,300+0,d4 e6 c4 d5 Nc3 c5 e3 Nc6 cxd5 exd5
1422,1294,black,480+0,e3 e5 d4 e4 Nc3 d5 Bb5+ Bd7 Bxd7+ Qxd7
1688,1676,white,120+4,a3 e5 d3 d5 g3 c5 Bg2 Be6 Nc3 Na6
1433,1375,black,300+5,d4 Nc6 Nf3 f6 e3 e5 c3 Qe7 d5 Nb8
1714,1649,black,0+1,e4 c6 d4 d5 e5 Nd7 Nc3 e6 Be3 Be7
1377,1345,white,300+0,d4 d5 c4 e5 e3 dxc4 Bxc4 exd4 exd4 Nf6
1443,1577,black,300+0,e4 d5 e5 Nc6 Nf3 f6 exf6 Nxf6 Bb5 Bg4
1210,1302,white,240+1,e4 e5 Nf3 Nc6 Bc4 d6 c3 Nf6 Ng5 h6
1942,1939,black,180+0,Nf3 e5 Nxe5 Nf6 d4 Nc6 Nxc6 bxc6 Bg5 d5
1567,1263,white,300+8,e4 e5 Nf3 Nc6 Bb5 Qf6 Nc3 d6 O-O Bd7
1337,1480,black,60+1,d4 c5 g3 cxd4 Qxd4 e5 Qxe5+ Be7 Qxg7 Bf6
1663,1546,white,60+0,c4 d5 Nc3 d4 Ne4 e5 d3 f6 e3 b6
1777,1738,white,180+0,e4 e6 f4 d5 d3 Be7 Nc3 f5 exf5 exf5
1460,1069,white,1740+29,e4 e5 d4 Nc6 d5 Nd4 Nf3 d6 Nxd4 exd4
1515,1553,black,300+5,e4 c5 Nf3 Nc6 d4 cxd4 Nxd4 e6 f4 a6
1548,1595,black,180+0,e4 e5 Nf3 Nc6 Bb5 Nd4 Nxd4 exd4 Qf3 Nf6
1337,1179,black,360+3,d4 d5 Nf3 Nc6 e3 Nf6 Nc3 Bg4 Bd2 e6
1521,1778,black,1200+0,e4 e5 Nf3 Nc6 Nc3 Nf6 a3 Bc5 Nxe5 Nxe5
1297,1316,black,300+1,e4 d5 exd5 Nf6 Nc3 Bg4 Be2 h5 h3 Bxe2
2051,1755,white,120+1,d4 d5 Nf3 e6 e3 Nf6 b3 c5 Bb2 cxd4
1246,1373,black,300+0,e4 d6 d4 e6 e5 d5 f4 c5 Nf3 c4
1839,1758,white,180+0,b3 d5 Bb2 Nc6 Nf3 Nf6 d4 Bg4 g3 e6
1345,1454,black,60+0,d4 d5 f3 Nc6 g3 e6 e4 dxe4 fxe4 e5
1626,1523,black,300+2,Nf3 Nc6 g3 d5 Bg2 e5 d3 d4 c3 Bd6
1498,1330,white,60+1,e4 e5 Nf3 d6 d4 Nc6 d5 Nce7 c4 g6
1518,1537,white,60+0,d4 d5 Nc3 e6 g3 Nf6 Bg2 b6 Nf3 Qd7
1484,1572,white,240+4,e4 c5 Nf3 b6 d4 cxd4 Nxd4 Bb7 Nc3 Nc6
1469,1436,white,300+8,d4 d5 e3 Nf6 c3 e6 g4 Be7 g5 Ne4
1686,1577,white,420+0,d4 d5 c4 dxc4 Nc3 e6 e3 h6 Bxc4 Nf6
1384,1239,white,300+0,d4 d5 e3 f5 c4 dxc4 Bxc4 Nc6 d5 Ne5
1717,1921,black,120+0,d4 Nf6 c4 g6 Nc3 Bg7 e4 d6 Be2 O-O
1295,1069,white,540+3,e4 e5 Nf3 Qf6 Bc4 Nh6 d3 Bc5 Bg5 Bb4+
1908,1584,black,300+0,d4 d5 c4 dxc4 e3 b5 a4 c6 axb5 cxb5
2018,1671,white,60+0,d4 c6 Nf3 d6 Bf4 Nd7 c4 e6 Nc3 Be7
1571,1448,white,300+8,e4 c5 Nf3 d6 Bc4 h6 d4 Nc6 dxc5 Qa5+
1983,1858,white,300+8,Nf3 d5 g3 b6 Bg2 Bb7 O-O g6 c4 Nf6
1298,1505,white,360+5,e4 e5 Nc3 d6 Bc4
1462,1231,white,1740+29,e4 e5 d4 d6 dxe5 f5 exf5 Bxf5 Bd3 Be6
1523,1530,white,60+0,e4 e5 d3 Nc6 Nc3 d6 g3 Nf6 f4 Nd4
1950,1931,white,180+0,e4 c5 Nf3 d6 d4 cxd4 c3 d3 Bxd3 g6
1668,2021,black,60+0,c4 g6 Nc3 f6 d3 e6 g3 d6 Bg2 c6
1523,1494,white,600+0,e4 e6 h4 c5 Nh3 Nc6 c3 a6 Qh5 Nf6
1728,1787,black,180+0,e4 Nf6 e5 Nd5 c4 Nb6 d4 d6 exd6 exd6
1324,1463,black,60+0,d4 d5 g3 Nc6 Bg2 Bf5 Nf3 Be4 O-O Bxf3
1415,1688,black,300+8,e4 c5 Bc4 e6 d3 a6 f4 b5 Bb3 a5
1604,1721,black,300+1,e4 e6 Nf3 d5 exd5 exd5 d4 h6 Nc3 Be6
1439,1322,black,540+3,e4 d6 d4 Nf6 Bd3 Nc6 c3 e5 d5 Ne7
1288,1698,black,180+1,d4 d6 Nf3 g6 b3 Bg7 c3 Nc6 e3 Nf6
1739,1665,white,120+4,e4 e6 d4 Ne7 c4 Ng6 Nc3 Be7 Nf3 O-O
1803,1746,white,180+4,e4 c6 d4 d5 Nc3 dxe4 Nxe4 Nf6 Ng5 h6
1519,1537,black,60+0,d4 d5 Nc3 e6 g3 Nf6 Bg2 b6 Nf3 c5
1337,1612,white,120+0,d4 d5 f3 Nf6 g3 Nc6 Nc3 e6 e4 Bb4
1927,1712,black,120+0,e4 e6 d4 d5 Nc3 Nf6 Bg5 dxe4 Nxe4 Be7
2024,1665,white,60+0,e4 Nc6 Nf3 d6 d4 e6 c4 Nce7 Nc3 c6
1270,1263,white,180+0,d4 d5 Nc3 e6 a3 Bb4 axb4 Ne7 Bf4 Ng6
1707,1765,white,360+7,e4 e5 Bc4 Nf6 d3 Nc6 f4 d6 Nf3 Bg4
1477,1542,draw,240+0,e3 b6 d3 Bb7 Nf3 g6 g3 Bg7 Bg2 Nf6
1449,1708,black,120+0,e4 d6 Bc4 Nf6 Nf3 Nxe4 d3 Nf6 Ng5 e6
2027,1939,draw,60+0,e4 c5 Nf3 d6 b3 Nf6 Bb2 Nxe4 Nc3 Nxc3
1260,1225,white,240+1,e4 e5 Nf3 Nc6 Bc4 Nf6 Ng5 Qe7 Bxf7+ Kd8
2124,1960,black,180+0,d4 e5 d5 f5 f4 e4 Nc3 Nf6 e3 g5
1500,1729,black,300+1,d4 e6 Nf3 d5 Bg5 f6 Bh4 c5 c3 Qb6
1749,1847,white,180+0,e4 b6 d4 Bb7 Nc3 e6 Be3 Nf6 Bd3 d6
1729,1909,white,120+0,d4 Nf6 c4 g6 Nc3 d5 Nf3 dxc4 e4 Bg7
1688,1324,white,180+0,d4 d5 c4 Nf6 cxd5 Nxd5 e4 Nb6 Nc3 e6
1549,1509,black,60+0,e4 b6 d3 Bb7 Nc3 h6 g3 Nf6 f4 e5
1921,1837,black,180+0,Nf3 e6 d4 d5 Bg5 Be7 h4 Nf6 Nbd2 Ne4
1533,1253,white,1800+30,e4 e5 Nf3 f6 Nc3 Bb4 a3 Bc5 d4 Bxd4
1558,1498,black,240+4,e4 e5 Nf3 Nc6 d3 Nf6 b3 Bc5 Be2 Ng4
1656,1638,white,300+4,e4 e5 Nf3 Nc6 Bc4 Bc5 c3 a6 O-O Nf6
1593,1733,black,60+0,e4 c5 Nf3 Nc6 d4 cxd4 Nxd4 e5 Nxc6 bxc6
1199,1232,black,300+0,e4 e5 Nf3 d6 d3 f5 Nc3 c6 d4 Qa5
1721,1820,black,300+0,e4 c5 Nf3 Nc6 d4 cxd4 Nxd4 Nf6 Nc3 e5
1194,1500,black,480+3,e4 d5 d3 d4 c3 e5 Nf3 Nc6 cxd4 exd4
1579,1726,white,300+8,e4 e5 Nf3 Nc6 a3 Nf6 Nc3 d6 Bc4 h6
1356,1104,white,120+0,d4 d5 f3 g6 g3 Bg7 c3 Nc6 e4 Nf6
1766,1713,black,900+8,Nf3 Nc6 e3 e5 d4 exd4 Nxd4 Nxd4 Qxd4 Nf6
1912,1480,white,300+13,e4 d5 exd5 Qxd5 Nc3 Qe6+ Be2 c6 Nf3 f6
1752,1720,black,360+7,d4 d5 c4 Bf5 e3 Bxb1 Rxb1 e6 Qb3 b6
1580,1673,white,420+7,c4 d5 e3 dxc4 Bxc4 e6 d4 a6 a3 Nf6
1521,1535,white,60+0,e4 d5 e5 e6 Nf3 b6 d4 c5 c3 c4
1620,1483,black,600+5,e4 e5 Bc4 Nf6 Nf3 Bc5 Nxe5 d6 Nxf7 Qe7
1737,1812,black,180+4,d4 g6 c4 Bg7 Nc3 c5 Nf3 cxd4 Nxd4 Nc6
1886,1604,black,300+0,d4 f5 c4 Nf6 Nc3 c6 g3 d5 Bg2 dxc4
1719,1796,white,180+0,d4 d5 b3 c6 a3 Bf5 Bb2 e6 f3 Nf6
1713,1614,white,120+0,e4 e5 Nf3 d6 d4 exd4 Nxd4 Nf6 Nc3 Be7
1485,1525,black,600+8,e4 e5 Nf3 Nc6 Bc4 Bc5 Ng5 Qxg5
2008,1741,white,60+0,e4 c5 c3 Nc6 d4 cxd4 cxd4 e6 Nc3 a6
1988,1976,black,180+0,d4 e5 dxe5 d6 Nf3 Nc6 exd6 Bxd6 Nc3 Nf6
1850,1786,black,300+8,e4 e6 Nf3 d5 exd5 exd5 d4 Nf6 Nc3 Bg4
1433,1690,white,600+0,e4 e5 Nf3 Nf6 d3 h6 Nxe5 Nc6 Nxc6 dxc6
1941,2024,white,60+0,d4 d5 c4 e6 Nc3 Nf6 Bg5 Bb4 e3 Bxc3+
1522,1532,draw,60+0,e4 e5 d3 Nc6 Nc3 d6 g3 Bg4 f4 exf4
1786,1693,draw,60+0,e4 e6 Nf3 d5 exd5 exd5 d4 Nf6 Bd3 Bd6
1656,1387,black,300+0,e4 e5 Bc4 Nf6 Qf3 Nc6 c3 Na5 Be2 d5
1534,1324,black,300+8,e4 Nf6 e5 Nd5 c4 Nb4 a3 N4a6 d4 e6
1511,1458,black,240+4,d4 d5 Nf3 Bf5 Nc3 Nf6 Bg5 e6 e3 h6
1410,1622,white,300+0,d4 c6 Bg5 h6 Bh4 g5 Bg3 Bg7 e3 f5
1387,1252,white,180+0,d4 c5 d5 Nf6 Bg5 e5 Bxf6 Qxf6 e4 d6
1627,1667,black,300+4,e4 e5 f4 Bc5 fxe5 Bxg1 Rxg1 Qh4+ g3 Qxe4+
1758,1864,black,360+2,d4 Nf6 Bf4 c5 dxc5 Na6 Qd4 Qa5+ c3 Qxc5
1724,1785,black,60+0,d4 e6 c4 d5 Nc3 Nf6 Nf3 Be7 e3 O-O
1722,1662,white,120+0,e4 c5 b3 Nc6 Bb2 d6 d3 e5 Be2 Nf6
2013,2055,white,60+0,d4 e6 c4 b6 Nc3 Bb7 e4 f5 f3 fxe4
1531,1522,black,60+0,d4 d5 e3 e6 Nc3 b6 g3 c5 Bg2 c4
1505,1733,black,300+1,e4 e6 d4 d5 e5 c5 c3 Qb6 f4 Nc6
1586,1342,black,1800+30,e4 d5 exd5 Qxd5 Nc3 Qd8 Nf3 f6 d4 Nc6
1361,1282,white,120+0,d4 e6 f3 Qf6 e4 Nc6 c3 Qg6 g3 h5
1411,1683,black,300+8,e4 e5 Bc4 Nf6 d3 h6 f4 exf4 Bxf4 d6
1987,1976,white,180+0,e4 e6 d4 d5 e5 c5 c3 Nc6 Nf3 Qb6
1500,1539,black,600+8,e4 e5 d3 Bc5 Nf3 Nc6 Nc3 Nf6 Qe2 d6
1618,1537,white,360+6,e4 e5 Nf3 Nc6 c3 d6 d4 f6 Bb5 Ne7
1585,1743,black,1800+0,e4 e5 Nf3 Nc6 Nc3 Nf6 d3 Bb4 Bd2 d6
1733,1763,black,180+0,d4 e5 d5 d6 e4 Nf6 Bd3 Be7 h3 c6
1792,1648,black,60+0,e4 e6 Nf3 d5 exd5 exd5 d4 Nf6 Bd3 Bd6
1535,1520,white,60+0,e4 g6 d3 Bg7 Nc3 Nc6 g3 e6 f4 d5
2040,2027,white,60+0,d4 d5 Nf3 e6 e3 c5 b3 Nc6 dxc5 Bxc5
1061,1312,white,540+3,e4 e5 Bc4 Bb4 Nc3 d6 a3 Bxc3 bxc3 Nh6
1835,1824,draw,300+8,e4 e6 Nf3 Ne7 d4 Ng6 Bc4 Be7 O-O O-O
1616,1700,white,900+0,e4 c5 Nf3 Nc6 Bc4 e6 O-O Na5 Be2 Nf6
1242,1533,black,300+0,e4 e5 d4 exd4 Qxd4 Nc6 Qd1 d6 Bb5 Bd7
1773,1722,black,180+0,e4 c5 d4 cxd4 Qxd4 Nc6 Qa4 a6 c3 e5
1719,2174,black,180+0,e4 c5 Bc4 e6 Nc3 a6 a4 Nc6 Nf3 Nf6
1575,1516,black,480+3,e4 Nc6 d4 d5 e5 Nh6 Nc3 Nf5 Nf3 Be6
1652,1733,draw,120+0,c4 e5 Nc3 Bb4 b3 Nf6 Bb2 O-O Qc2 d6
1682,1596,black,300+8,e4 c5 Nf3 Nc6 d4 e6 dxc5 Bxc5 Nc3 d6
1704,1694,black,420+0,e4 e6 Nc3 d5 exd5 exd5 d4 c6 Nf3 Nf6
1388,1853,black,1440+0,e4 e5 Nf3 Nf6 Nxe5 Qe7 f4 d6 Nd3 Nxe4
2015,2053,black,60+0,d4 c6 Nf3 e6 Bf4 d5 e3 Nf6 c4 Bd6
1510,1546,black,60+0,e4 d5 e5 e6 d4 b6 a3 c5 b4 c4
1635,1500,white,300+0,e4 e5 Nf3 Nc6 Bc4 Bc5 c3 Nf6 d3 h6
1691,1226,white,180+0,d4 c5 c4 Qa5+ Bd2 Qb6 Qc2 cxd4 Nf3 Nf6
1439,1601,black,600+7,d4 Nf6 Nf3 d5 e3 Bf5 Bd3 Bg6 Bxg6 hxg6
1571,1610,black,300+0,g3 d5 Bg2 c6 Nf3 e5 O-O e4 Nd4 f6
2064,2004,black,60+0,d4 d5 Nf3 e6 b3 c5 Bb2 Nc6 dxc5 f6
1658,1596,black,420+7,d4 d5 e3 Nf6 c4 dxc4 Bxc4 c6 h3 b5
1729,1962,black,180+4,d4 d5 c4 e6 Nc3 Nf6 Bg5 c6 Nf3 Nbd7
1546,1353,white,240+8,e4 e5 Nf3 Nc6 Bc4 d6 d4 exd4 Nxd4 Nxd4
1557,1501,black,60+0,e4 d5 d3 d4 g3 e5 f4 f6 f5 g6
1340,1470,white,600+0,c4 e5 Nf3 Bc5 Nxe5 d6 Nf3 Bf5 a3 Nf6
1795,1886,black,60+0,e4 d5 exd5 Nf6 d4 Nxd5 c3 c6 Nf3 Bg4
1426,1505,white,60+2,e4 c6 Nf3 d5 Qe2 dxe4 Qxe4 Nf6 Qd4 g6
1730,1655,black,120+0,e4 e5 Nf3 Nc6 d4 exd4 Bc4 Qe7 O-O g6
1669,1706,black,600+10,e4 e6 Nf3 d5 Qe2 Nf6 exd5 Nxd5 g3 Be7
1677,1617,white,300+4,e4 e5 Nf3 Nc6 Bc4 Bc5 c3 a6 O-O Na5
1787,1752,white,60+0,e4 e6 Nf3 d5 exd5 exd5 d4 Nf6 Nc3 Bd6
1468,1649,black,240+0,e4 e5 Nf3 Nc6 Bc4 Bc5 Ng5 Nh6 d3 d6
1794,1576,black,1800+0,e4 e5 Nf3 Nc6 Bc4 h6 Nc3 Nf6 O-O d6
1513,1543,black,60+0,d4 d5 Nc3 e6 e4 b6 e5 c5 Nf3 c4
1441,1498,black,240+4,d4 d5 c4 e6 Nf3 Bb4+ Bd2 Bxd2+ Nbxd2 Nf6
2018,1875,black,60+0,e4 e6 Nf3 c6 d4 d5 c3 dxe4 Nfd2 Nd7
1369,1421,white,120+0,d4 b6 f3 Bb7 e4 g6 Bd2 Bg7 Bc3 Nf6
1471,1705,black,420+0,e4 e6 Nf3 d5 Nc3 Nf6 exd5 exd5 Bd3 Be7
1388,1341,black,900+0,e4 Nf6 Nc3 d6 d4 Bg4 Be2 Bxe2 Qxe2 e5
1736,1724,black,180+0,d4 c6 b3 d5 Bb2 Nf6 a3 e6 f3 Be7
1347,1552,white,240+8,e4 e5 Nf3 Nf6 Nxe5 Qe7 Nf3 Nxe4 Be2 Nc6
1717,1702,draw,180+0,e4 d5 exd5 Qxd5 d4 Qd8 c4 e6 Nf3 Be7
1651,1620,black,300+0,d4 d5 c4 b6 Nf3 Nf6 e3 Ba6 Nbd2 e6
1442,1100,black,300+5,e4 c6 Bc4 d5 exd5 cxd5 Bb5+ Bd7 Qe2 a6
1694,2064,black,420+2,e4 c5 Nf3 Nc6 Bc4 e6 e5 a6 O-O b5
1351,1421,black,180+6,e3 e5 a3 d5 b4 Nf6 Bb2 d4 exd4 exd4
1652,1493,white,180+0,e4 e5 Nf3 Nc6 Bb5 a6 Ba4 b5 Bb3 Nf6
1554,1503,white,60+0,e4 e5 d3 d5 Nc3 d4 Nb1 f5 f3 f4
1696,1796,white,60+0,d4 d6 c4 Nf6 Nc3 g6 Nf3 Bg7 e4 O-O
1735,1724,white,180+0,d4 d5 c4 c6 Nc3 e6 Nf3 h6 e3 a6
1890,2002,black,60+0,d4 d5 c4 dxc4 g3 e6 Bg2 c6 a4 Bb4+
1447,1246,white,180+0,d4 e6 a3 d5 Nc3 Nf6 Bf4 h6 Nb5 Bd6
1693,1895,black,300+0,e4 Nf6 Nc3 d5 e5 d4 exf6 dxc3 fxe7 cxd2+
1292,1466,white,240+1,e4 e6 Nf3 g6 d4 Bg7 Bb5 Nc6 Nc3 a6
1539,1238,white,300+0,e4 e5 Nf3 d6 Nc3 c5 Bc4 Nf6 O-O Be6
1898,1952,white,180+0,d4 c5 e3 Nf6 Nf3 g6 Be2 cxd4 exd4 Bg7
2049,1956,white,60+0,d4 Nf6 Nf3 g6 e3 d6 b3 Bg7 Bb2 O-O
1783,1765,white,60+0,e4 e6 Nf3 d5 exd5 exd5 d4 Nf6 Nc3 Bd6
1494,1564,black,60+0,e4 d5 e5 e6 Nf3 b6 Bb5+ Bd7 Bd3 c5
1610,1646,black,300+8,e4 c5 Nf3 Nc6 Bc4 e6 d4 d5 exd5 exd5
1687,1967,black,300+4,e4 c5 Nf3 d6 Bc4 e6 O-O a6 d4 b5
2010,1882,white,60+0,e4 d6 Nf3 Nf6 Nc3 Nc6 d4 e6 Bd3 Be7
1342,1439,black,180+6,e3 e5 d4 exd4 Qxd4 Qf6 Qxf6 Nxf6 a3 Bc5
1687,1407,white,300+8,e4 e5 Nf3 Nc6 Bc4 Bc5 d3 d6 h3 f5
1692,1987,black,180+0,d4 Nf6 c4 d6 Nc3 Nbd7 e4 e5 d5 Nc5
1749,1123,white,360+2,e4 e6 Bc4 b6 d4 Bb7 d5 Bb4+ c3 Bc5
1383,1303,white,120+0,d4 d5 f3 c6 e4 e6 e5 f6 c3 fxe5
1712,1657,black,180+0,d4 e6 e4 Ne7 b3 Ng6 Bb2 Be7 h3 O-O
1574,1486,white,60+0,e4 g6 d3 Bg7 g3 e6 f4 h5 Nc3 f6
1751,1470,white,60+1,d4 d5 e3 Nf6 Nf3 Ne4 Bd3 Bg4 Bxe4 dxe4
1460,1499,black,60+1,d3 d5 f3 e5 e3 f5 Nh3 Nc6 f4 Nf6
1449,1947,black,60+1,d4 Nf6 Nc3 g6 Bg5 Bg7 e3 d6 Bd3 Nbd7
1720,1793,black,60+0,e4 d6 d4 Nf6 Nd2 g6 c3 Bg7 Ngf3 O-O
1611,1580,black,420+7,c4 Nf6 d4 e6 a3 Nc6 e3 d5 Nc3 Be7
1875,2018,black,60+0,d4 d5 g3 e6 Bg2 c5 e4 Nc6 exd5 exd5
1713,1466,white,240+0,e4 c5 Bc4 e6 d3 a6 a3 b5 Ba2 Nc6
1539,1567,white,900+10,e4 e5 Nf3 d6 Nc3 Qe7 Bc4 c6 d3 h6
1500,1528,black,360+6,e4 Nf6 Nc3 e5 Nf3 Bb4 Bc4 Bxc3 dxc3 d6
1662,1742,white,180+0,e4 e5 Nf3 d6 Bc4 Be7 d3 Nf6 Nbd2 Nc6
1393,1302,white,300+5,e4 e5 Nf3 d6 d4 Be7 dxe5 dxe5 Qxd8+ Bxd8
1671,1624,black,600+0,e4 a6 d4 b5 Nf3 Bb7 Bd3 g6 d5 Bg7
1478,1582,white,60+0,e4 d5 e5 e6 d4 b6 c3 c5 Nd2 c4
1072,1143,white,900+15,e4 d5 e5 d4 f4 Nc6 a3 e6 b4 Nce7
2025,1868,white,60+0,f4 d5 Nf3 c6 d3 e6 Nc3 Nf6 e3 Nbd7
1479,1633,black,240+0,d3 e5 g3 Bc5 Bg2 d6 Be3 Bxe3 fxe3 Ne7
1327,1504,black,300+1,e4 d5 exd5 Qxd5 Nc3 Qe6+ Nge2 Nc6 g3 b6
1917,1631,white,300+0,d4 d5 Nf3 Nc6 e3 f6 c4 Bg4 Nc3 e6
1235,1593,black,300+0,e4 c5 d4 cxd4 Qxd4 Nc6 Qc3 d6 h4 Nf6
1392,1294,white,120+0,d4 d5 f3 e6 g3 Bd6 e4 f6 Nc3 dxe4
1403,1691,white,300+8,e4 e5 Nf3 Nc6 Bc4 h6 d4 exd4 Nxd4 Nxd4
1726,1741,black,600+10,d4 e6 e3 d5 f4 Nf6 Nf3 c5 c3 c4
1777,1688,black,180+0,e4 c5 Nf3 Nc6 d4 cxd4 Nxd4 e5 Nb3 Nf6
1509,1466,white,60+1,e4 e5 f3 Nc6 Bc4 Bc5 Nc3 d6 d3 Nf6
1516,1627,black,180+16,e4 e5 Bc4 Bc5 Nf3 Nc6 d3 h6 Qe2 d6
1557,1436,white,660+8,e4 e5 d4 exd4 Qxd4 Nc6 Qd1 Nf6 Bg5 Be7
1948,1755,white,60+1,d4 d5 c4 e6 Nc3 Nf6 Bg5 Be7 e3 O-O
1861,2032,black,60+0,e4 e5 g3 Nc6 Bg2 Bc5 c3 Qf6 b4 Qxf2#
1567,1491,white,60+0,e4 d5 d3 d4 g3 e5 f4 f6 f5 Bd7
1535,1365,white,240+8,e4 e5 Nf3 Nc6 Bc4 d6 d4 exd4 Nxd4 Nxd4
2039,1855,white,60+0,d4 d6 c4 e6 Nc3 Nf6 Nf3 Nbd7 Bg5 Be7
1448,1455,draw,60+1,d4 d5 Nc3 Nc6 e3 Bf5 Bb5 a6 Bxc6+ bxc6
1679,1304,black,300+4,e4 a6 d4 e6 Nf3 d5 e5 c5 Be3 cxd4
1375,1191,draw,900+0,e4 c5 Nf3 d6 Nc3 Bg4 Bc4 Nc6 h3 Bxf3
1750,1734,black,300+2,d4 d5 Bf4 h6 e3 Nf6 Bd3 a6 c3 e6
1485,1470,white,180+0,d4 b6 Nc3 Bb7 Bf4 g6 Nb5 d6 f3 Bg7
1342,1129,white,240+1,e4 c6 Nf3 d5 exd5 cxd5 d4 Nc6 Be3 h6
1901,1670,white,120+4,e4 e6 Nf3 Ne7 d4 Ng6 c4 Be7 Nc3 O-O
1400,1286,white,120+0,d4 d5 f3 e6 g3 f6 e4 c6 e5 fxe5
1519,1421,white,60+1,e4 c5 d4 d6 c3 cxd4 Nf3 d5 exd5 dxc3
1998,1967,black,180+0,e4 e6 d4 c6 Nc3 d5 e5 c5 f4 cxd4
1483,1577,white,60+0,d4 d5 Nc3 e6 e4 b6 e5 Nd7 f4 c5
1413,1397,black,300+5,d4 d5 Nf3 c6 c4 Bf5 e3 Nf6 Nc3 e6
1687,1500,white,300+0,e4 e6 d4 Nf6 e5 Nd5 Nf3 d6 Bc4 dxe5
1643,1605,white,300+0,e4 c5 Bc4 d6 h3 e6 Nf3 Ne7 d3 Ng6
1500,1731,black,540+3,e4 e5 Nf3 Nc6 Nc3 Bb4 Bb5 Nd4 d3 Nxb5
1684,1739,black,180+0,e4 c5 Nf3 Nc6 b3 d6 Bb2 Nf6 d3 g6
1567,1634,black,1800+30,e4 e5 Nf3 d6 d4 Nf6 dxe5 Nxe4 exd6 Nxd6
1179,1458,black,-,e4 e5 Nf3 Nc6 Bc4 a6 d3 h6 Bd2 Bc5
1753,1665,black,240+0,e4 e6 Bc4 Ne7 a3 Ng6 h3 Be7 d3 O-O
1749,1527,white,60+1,e4 e5 d3 Nc6 Nc3 Nf6 Be3 g6 h3 Bg7
1392,1954,black,60+1,e4 c5 f3 Nc6 d4 cxd4 c3 dxc3 bxc3 g6
1454,1636,black,180+4,e4 c6 d4 d5 e5 Bf5 Nf3 e6 Bd3 Qb6
1508,1459,black,600+0,d4 d5 e3 Bf5 Bd3 Bxd3 a3 Be4 h3 Bxg2
1161,1040,white,1080+15,e4 e5 Nf3 Nc6 Bc4 Nf6 Nc3 Na5 Bb5 c6
1575,1244,white,300+3,e4 e5 Nf3 Nc6 Nc3 Bc5 Nxe5 Nxe5 d4 Bb4
1389,1448,black,60+1,e4 e5 f3 Nf6 d4 exd4 Qxd4 Nc6 e5 Nxd4
1922,1986,white,180+0,d4 e5 dxe5 d6 exd6 Bxd6 g3 Nf6 Bg2 Qe7
1662,1701,white,180+0,Nf3 d5 d4 Nf6 e3 c6 h3 Nbd7 a3 e6
1465,1489,white,300+6,e4 e5 Nf3 Nc6 Bc4 h6 d3 Nf6 h3 d6
1455,1522,white,60+1,e4 e5 Nf3 Nc6 d3 Nf6 Bg5 Be7 Bxf6 Bxf6
1754,1955,white,60+1,d4 Nf6 e3 d5 Nf3 Bg4 Be2 e6 O-O c5
1535,1736,black,540+3,e4 e5 d4 exd4 c3 Nc6 cxd4 Bb4+ Nc3 Nge7
1232,1269,white,300+0,e4 Nf6 e5 Ne4 Qg4 e6 Qxe4 d5 Qa4+ c6
1408,1320,black,120+0,d4 d5 f3 Bf5 g4 Bg6 h4 h6 h5 Bh7
1428,1780,white,120+0,e4 e5 Bc4 Nc6 Nf3 Bc5 a3 Nf6 d3 O-O
1119,1500,black,360+0,e4 e6 e5 Nc6 f4 d6 f5 exf5 Bb5 dxe5
1487,1710,black,420+0,e4 e6 d4 d5 e5 c5 c3 Nc6 f4 Qb6
1097,1106,black,900+15,e4 e5 Nc3 c6 d3 d5 Nf3 d4 Na4 b5
1500,1624,black,180+0,d4 Nf6 Bf4 g6 e3 Bg7 h3 d6 Nf3 Nc6
1567,1738,white,600+0,e4 b6 Bc4 Bb7 Qh5 g6 Qf3 Bg7 Qxf7#
1565,1658,black,480+3,e4 e5 Nf3 Nf6 d3 d6 Nc3 Nc6 Nd5 Be7
1358,1452,white,360+5,e4 d5 exd5 Qxd5 Nc3 Qe6+ Be2 c5 Nf3 h6
1974,1941,black,180+0,e4 d6 d4 g6 Nc3 Bg7 f4 c6 Nf3 a6
1578,1677,white,300+3,e4 e6 Nf3 Ne7 Nc3 Ng6 d4 Be7 e5 O-O
1722,1631,black,600+0,g3 e6 Bg2 Nh6 b3 Qf6 c3 Ng4 Nf3 Bc5
1691,2073,white,420+2,e4 c5 Nf3 Nc6 Bc4 a6 O-O b5 Be2 Nf6
1748,1670,white,180+0,e4 c5 Bb5 Nc6 Nf3 e6 O-O Nf6 e5 Nd5
1654,1540,black,240+0,e4 e6 Bc4 d5 exd5 exd5 Bb3 c6 a3 Bf5
1747,1892,white,300+8,e4 c6 Bc4 d5 exd5 cxd5 Bb3 Nc6 d3 Nf6
1472,1621,white,600+0,d4 d5 c4 c6 Nc3 a5 e3 e6 Bd3 Bb4
1508,1359,black,60+1,e4 d5 exd5 Qxd5 Nc3 Qe6+ Be2 Qg6 g3 Bg4
1469,1773,black,60+1,e4 e5 Nf3 d6 d3 Nc6 Bg5 Be7 Bxe7 Ngxe7
1552,1687,black,120+0,e4 e5 Nc3 Nc6 Bc4 Nf6 d3 Bc5 a3 O-O
1517,1504,white,1200+0,e4 e5 Nf3 Nc6 Nc3 Nf6 a3 d5 Bb5 d4
1500,1757,black,240+0,e4 c6 Bc4 d5 exd5 cxd5 Bb5+ Nc6 Nf3 a6
1600,1774,black,300+8,d4 Nf6 c4 g6 Nc3 Bg7 e4 d6 Nf3 O-O
1421,1422,black,300+5,e4 e5 Nf3 d6 Bc4 h6 d4 exd4 Qxd4 Be7
1242,1461,white,300+0,e4 Nf6 e5 Nd5 c4 Nb6 d4 d6 c5 N6d7
1937,1466,white,60+1,d4 d5 c4 dxc4 e4 b5 a4 c6 Nc3 b4
1656,1553,black,180+0,e4 e6 Nf3 d5 exd5 Qxd5 Nc3 Qd8 d4 Nc6
1654,1444,black,300+0,e4 e5 Bc4 d6 h3 Nf6 Nc3 c6 d3 d5
1761,1451,black,120+0,e4 e5 Nf3 Nc6 Bb5 Qf6 O-O a6 Ba4 Nd4
1715,1342,black,120+0,e4 d6 d4 Nd7 Nc3 g6 Nf3 Bg7 Be3 Ngf6
1689,1568,white,180+0,d4 d5 c4 e6 Nc3 dxc4 e3 Bb4 Bxc4 Bxc3+
1683,1695,draw,300+4,e4 c6 Nf3 d5 exd5 cxd5 Bb5+ Nc6 Bxc6+ bxc6
1606,1488,white,600+0,e4 e5 Nf3 Nc6 Bc4 Bc5 c3 d6 d4 exd4
1777,1457,white,60+1,d4 d5 e3 Nc6 Nf3 Bg4 Be2 Nf6 O-O e6
1357,1121,black,180+2,e4 c6 Nf3 d5 exd5 cxd5 d4 Nf6 Nc3 h6
1395,1511,black,300+5,d4 d5 c4 Nf6 Nf3 Bg4 e3 e6 h3 Bxf3
1962,1958,black,180+0,e4 d6 d4 Nf6 Nc3 c6 f4 Qa5 Nf3 Bg4
1132,1063,white,900+15,e4 e5 c3 d5 d4 exd4 cxd4 dxe4 f4 f5
1579,1500,white,900+0,e4 e5 Nf3 f6 Bc4 Ne7 Nc3 f5 d4 fxe4
1761,1568,white,180+0,d4 e6 c4 d5 e3 dxc4 Bxc4 Nc6 Nc3 Nf6
1493,1939,black,60+1,e4 c5 d4 cxd4 c3 dxc3 Nxc3 d6 Nf3 e5
1406,1464,black,60+1,e4 e5 f3 Nc6 c3 Bc5 d4 exd4 cxd4 Bxd4
1528,1545,white,1200+0,e4 c5 Nf3 Nc6 Nc3 e6 d4 cxd4 Nxd4 Nge7
1394,1449,black,120+0,d4 d6 f3 Nf6 e4 g6 c3 Bg7 Bd3 O-O
1489,1555,black,900+10,e4 e5 Nf3 d6 Bb5+ c6 Ba4 Bg4 O-O Nd7
1941,1781,white,60+1,d4 d5 c4 e6 Nc3 Nf6 cxd5 Nxd5 e4 Nxc3
1491,1454,white,60+1,e4 e5 f4 Nf6 Nf3 exf4 Bc4 Nc6 d3 d6
1153,1036,white,900+15,e4 d5 e5 Be6 d4 Nc6 c3 f6 f4 f5
2002,1712,white,420+2,e4 d6 d4 Nf6 e5 dxe5 dxe5 Qxd1+ Kxd1 Ng4
1636,1716,black,0+3,d4 Nf6 d5 g6 f3 Bg7 e4 d6 Ne2 O-O
1385,1493,black,120+0,d4 d6 f3 Nf6 e4 e5 d5 Nbd7 g4 Nb6
1697,1529,white,180+0,d4 d5 c4 e6 Nc3 dxc4 e3 Bb4 Bxc4 Bxc3+
1500,1627,white,300+0,e4 d5 d3 dxe4 dxe4 e5 Qxd8+ Kxd8 Nc3 f6
1973,1951,white,180+0,d4 e5 dxe5 f6 exf6 Bc5 f7+ Kxf7 Qd5+ Ke8
1944,1784,white,420+0,e4 c5 Nf3 Nc6 d4 cxd4 Nxd4 d6 Nc3 e5
1476,1485,black,300+6,e4 e6 d4 c5 dxc5 Bxc5 Nc3 Qa5 Nf3 Nc6
1380,1948,black,60+1,e4 c5 f3 d5 d4 cxd4 Qxd4 Nc6 exd5 Nxd4
1474,1774,black,60+1,e4 e5 Nf3 d6 d3 Nc6 Bg5 Be7 Bxe7 Ngxe7
1636,1562,black,180+0,e4 c6 Nf3 Qa5 Nc3 d5 exd5 cxd5 d4 Nf6
1725,1628,black,0+3,e4 e6 d4 c6 f4 d5 Nc3 dxe4 Nxe4 Nf6
1294,1309,black,360+0,e4 e5 Nf3 Nc6 Nc3 Bc5 Bb5 a6 Ba4 b5
1680,1500,white,300+0,e4 d6 Nc3 Nf6 Nf3 a6 Be2 e6 d3 Be7
1403,1259,white,300+0,e4 e5 Nf3 d6 Bc4 c5 Nc3 Nf6 O-O b6
1384,1139,black,300+5,d4 d5 c4 f6 Nf3 g5 e3 g4 Nh4 h5
1490,1585,white,900+0,e4 e5 Bc4 Nf6 d3 Nc6 Nf3 d5 exd5 Nxd5
1170,1666,black,600+0,e4 e5 c3 Nf6 f3 d5 d4 dxe4 dxe5 Qxd1+
1635,1500,white,300+0,e4 e5 Bc4 Nc6 Nf3 h6 c3 Nf6 d3 Bc5
1474,1825,black,60+1,d4 c6 c4 d5 cxd5 cxd5 Nc3 Nc6 Bf4 a6
1301,1532,white,-,d4 d5 c3 Bf5 Na3 Nc6 e3 Qd6 Bc4 dxc4
1708,2015,black,420+2,e4 c5 Nf3 Nc6 Bb5 a6 Bxc6 bxc6 O-O d6
1377,1526,white,120+0,d4 d5 f3 Nf6 Nc3 b6 e4 dxe4 Nxe4 Nbd7
1436,1474,black,300+0,e4 e5 Bc4 Nf6 d4 exd4 e5 Ne4 Qxd4 Ng5
1224,1501,black,240+0,e4 e5 Nf3 Nc6 d4 exd4 Nxd4 Nxd4 Qxd4 Qf6
1616,1510,black,180+0,e4 d5 exd5 Qxd5 Nc3 Qe6+ Be2 Nc6 Nf3 Nh6
1642,1710,black,0+3,e4 c5 e5 d6 exd6 exd6 Nf3 Nf6 Bb5+ Bd7
1171,1868,black,1200+8,Nf3 Nc6 d4 d5 Bf4 Bf5 h3 e6 a3 Nf6
1681,1709,white,600+0,e4 b6 Bc4 Bb7 Qf3 e6 h4 f5 Qh5+ g6
1613,1480,black,600+0,e4 e5 Nf3 Nc6 Bc4 Bc5 Nc3 d6 d3 h6
1530,1746,black,300+2,e4 e5 Nf3 Nc6 Bb5 Bd6 c3 Nce7 d3 c6
1439,1302,black,60+2,e4 Nf6 Nf3 Nxe4 Bd3 Nc5 Qe2 Nxd3+ Qxd3 Nc6
1683,1500,white,300+4,e4 d6 f4 f5 exf5 Bxf5 Nf3 Nf6 Bc4 a6
1686,1617,black,300+0,e4 d5 exd5 Qxd5 Nc3 Qa5 Nf3 e5 Qe2 f6
1720,1633,black,0+3,e4 d6 d4 e5 dxe5 dxe5 Qxd8+ Kxd8 Nf3 f6
1829,2059,black,60+1,e4 c6 d4 d5 Nc3 g6 f3 Bg7 Be3 b5
1668,1575,black,300+5,e4 e5 Bc4 Bc5 c3 Qh4 Qf3 Nf6 d3 c6
1715,1393,white,420+0,d4 d5 c4 c6 e3 e6 Nc3 Bd6 Nf3 Nh6
1596,1551,white,180+0,e4 c5 f4 Nc6 Nc3 e6 Nf3 d5 exd5 exd5
1500,1593,black,300+8,e4 c5 Nc3 Nc6 Nf3 e6 d4 cxd4 Nxd4 a6
1392,1467,white,120+0,d4 d5 f3 b6 g3 Bb7 e4 dxe4 fxe4 Bxe4
1692,1518,white,300+0,e4 d6 d4 c5 dxc5 Qa5+ Bd2 Qxc5 Nc3 Nc6
1859,1762,white,300+8,e4 b6 d4 Bb7 Nc3 e6 f4 Bb4 Qd3 Bxc3+
1437,1392,black,300+0,e4 d5 e5 e6 Nf3 Nc6 d4 f6 exf6 Nxf6
1641,1541,white,300+0,e4 c5 Bc4 d6 Nf3 Nf6 Nc3 e6 d3 Be7
1370,1426,black,900+0,e4 e5 d4 d6 dxe5 dxe5 Qf3 Nf6 Bg5 Be7
1433,1387,black,300+2,e4 e5 Bc4 Nf6 d3 Qe7 Nf3 d6 Ng5 Be6
1283,1409,black,300+5,e4 e5 Nf3 Bc5 Nc3 Nf6 h3 c6 d3 d5
2064,1823,white,60+1,d4 d5 Nf3 Nf6 Bg5 e6 e3 Be7 Bd3 O-O
1542,1548,white,60+0,d4 b6 e3 Bb7 f4 f6 Nf3 e6 Bd3 Kf7
984,1703,black,180+0,e4 c5 Nf3 d6 Bc4 Nf6 g3 Nxe4 Qe2 d5
1647,1706,white,0+3,d4 Nf6 Nf3 g6 c4 Bg7 e3 d6 Nc3 O-O
1715,1812,black,600+10,d4 e6 e3 d5 Bd3 c5 c3 Nf6 f4 Ne4
1541,1610,black,180+0,d4 d5 Nf3 Nc6 c4 e6 Nc3 Nf6 Bg5 Be7
1426,1567,black,0+1,e4 g6 Nf3 Bg7 Bd3 f6 O-O g5 Re1 d6
1469,1429,white,720+7,e3 d6 a3 e5 b4 Bd7 g3 b5 Bg2 Bc6
1495,1464,white,300+6,d4 d5 c4 dxc4 e4 e6 Bxc4 Nf6 Nc3 Bb4
1594,1424,white,300+5,d4 d5 c4 Nf6 Nf3 g6 g3 Bg7 Bg2 c6
1660,1423,black,300+8,d4 d5 Nh3 Bxh3 gxh3 Nc6 Bd2 e6 Rg1 Qf6
1778,1903,black,420+0,d4 Nf6 c4 c5 e3 d5 Nc3 dxc4 Bxc4 e6
1500,1393,black,180+0,e4 b6 Nf3 Bb7 Bc4 g6 Ng5 e6 Nxf7 Kxf7
1336,1220,black,180+3,e4 c5 Bb5 a6 Ba4 Nf6 c3 Nxe4 Qf3 f5
1380,1517,black,240+0,e4 e5 Nf3 Nc6 Bb5 Nge7 O-O g6 Nc3 Bg7
1419,1513,black,60+2,e4 c5 Nf3 e6 Bc4 Nc6 c3 h6 O-O d6
1405,1447,white,120+0,d4 f5 f3 Nf6 Nc3 d6 e4 fxe4 Nxe4 Nxe4
1828,1711,white,120+0,e4 e6 d4 d5 Nc3 Nf6 Bg5 Be7 e5 Nfd7
1495,1598,black,600+0,d4 d5 c4 c6 Nc3 dxc4 e4 e5 Nf3 exd4
1622,1954,white,180+0,e4 c5 d3 Nc6 Nf3 d6 b3 Nf6 Bb2 e6
1914,1483,white,300+13,e4 c6 Nf3 e6 Nc3 h6 Bc4 a6 Bb3 b5
1692,1659,white,0+3,e4 c6 d4 e6 f4 d5 Nc3 dxe4 Nxe4 Nf6
1362,1378,white,120+0,d4 d5 e4 c5 exd5 cxd4 Qxd4 e6 Nf3 exd5
1751,1676,white,300+2,d4 d5 a3 Nc6 e3 a6 c4 dxc4 Bxc4 Bf5
1422,1545,white,120+0,d4 Nf6 c4 d6 Nf3 g6 b3 Bg7 Bb2 O-O
1500,1584,white,300+10,e4 c5 Nf3 d6 d4 cxd4 Nxd4 e5 Nf3 Bg4
1740,1502,white,360+7,d4 d5 c4 e5 dxe5 d4 Nf3 Nc6 Bf4 Bb4+
1704,1731,white,300+5,d4 d5 c4 dxc4 Nc3 Nf6 e3 Bf5 Bxc4 e6
1318,1315,white,900+0,e3 e6 d4 Nf6 g3 Bb4+ c3 Ba5 b4 Bb6
1744,1663,white,120+4,d4 e6 e4 Ne7 Nf3 Ng6 a3 c5 Be3 b6
1649,1703,black,0+3,d4 Nf6 c4 g6 Nc3 Bg7 e3 d6 Nf3 O-O
1417,1554,black,120+0,d4 e6 f3 d5 g3 f5 h4 Nf6 e3 h6
1400,1420,white,300+2,e4 e5 Qh5 Nc6 Bc4 Qf6 d3 h6 Nf3 Bc5
1574,1015,white,300+8,e4 d5 e5 d4 d3 e6 Nf3 c5 Be2 b5
1462,1671,black,300+0,e4 e5 f3 Bc5 Ne2 Nf6 d3 Nc6 g4 h6
1575,1562,white,0+1,b3 e6 Bb2 d5 a3 Nf6 b4 g6 g4 Bg7
1712,1640,black,0+3,e4 c6 d4 d5 exd5 cxd5 Nc3 Nc6 Bf4 e6
1426,1374,black,120+0,d4 Nc6 Nf3 e6 e4 d6 Nc3 e5 dxe5 dxe5
1361,1237,black,300+5,d4 c5 dxc5 Qa5+ Nc3 Qxc5 e4 Qe5 Be3 Nf6
1695,1836,black,120+0,d4 d5 Nc3 c6 Nf3 Nf6 Bg5 Bf5 Bxf6 exf6
1531,1411,white,60+2,e4 e5 Nc3 Nf6 Bc4 Bc5 Nf3 Qe7 O-O O-O
1491,1600,black,300+5,e4 c5 Bc4 Nc6 Qh5 e6 Bb5 Nf6 Qf3 Nd4
1668,1167,white,600+0,e4 e5 d4 f6 Nf3 d5 dxe5 dxe4 Qxd8+ Kxd8
1833,1759,white,300+2,e4 e5 Nf3 Nc6 Bc4 h6 d4 Bd6 dxe5 Bxe5
1426,1326,white,300+0,e4 e5 Bc4 Nf6 d4 Nxe4 dxe5 Qh4 Bxf7+ Kxf7
1516,1512,black,180+3,e4 c5 Bc4 e6 c3 Nc6 Nf3 Bd6 O-O b6
1699,1459,draw,300+0,e4 b6 d4 Bb7 Nc3 g6 Nf3 Bg7 e5 e6
1404,1547,white,60+2,e4 e5 Nf3 Nc6 Bc4 d6 c3 Be7 O-O h6
1843,1687,draw,120+0,e4 d6 d4 Nf6 Nc3 g6 f4 Bg7 Nf3 O-O
1653,1699,black,0+3,d4 Nf6 Nf3 g6 g3 Bg7 Bg2 d6 O-O O-O
1718,1532,white,420+0,d4 d5 c4 c6 e3 Nf6 Nc3 Bf5 Nf3 e6
1410,1468,black,120+0,d4 d5 f3 c6 g3 e6 e4 dxe4 fxe4 Nd7
1145,1542,black,240+0,Nf3 Nc6 d4 e6 d5 exd5 Qxd5 Qf6 Qe4+ Be7
1910,1770,black,420+0,e4 c5 c3 Nf6 e5 Nd5 d4 cxd4 cxd4 d6
1562,1500,white,60+0,d4 d6 e3 a6 Bd3 Nf6 f4 e6 Nf3 Nc6
1387,1224,white,120+0,d4 e5 dxe5 f6 exf6 Nxf6 Nc3 Bc5 Nf3 d6
1634,1742,black,120+0,e4 e5 Nf3 Nc6 Bc4 Bc5 d3 Nge7 Nc3 O-O
1215,1402,black,300+3,e4 d5 Bb5+ c6 Bd3 Nf6 exd5 Qxd5 Qf3 Bg4
1532,1170,white,600+10,d4 d5 e3 Nf6 c4 Nc6 cxd5 Nxd5 g3 e5
1524,1550,draw,240+0,b4 e5 b5 a6 c4 axb5 cxb5 Bc5 e3 b6
1598,1631,white,300+0,d4 d5 c4 dxc4 Nc3 c6 Nf3 b5 a4 a6
1401,1495,black,120+0,d4 Nf6 f3 c6 e4 d6 e5 dxe5 dxe5 Nd5
1623,1722,black,420+5,e4 e5 Nf3 Nc6 Bc4 Nf6 Ng5 d5 exd5 Na5
1471,1737,black,60+0,d4 c5 dxc5 e6 Nc3 Bxc5 Bf4 Qb6 e3 Qxb2
1708,1644,white,0+3,e4 c6 d4 d5 e5 Bf5 Nc3 e6 h4 c5
1340,1315,white,240+0,d4 g6 c4 Bg7 Nc3 e6 e4 c6 e5 d5
1334,1437,black,180+6,e3 e6 d4 Nf6 a3 Ne4 Bd3 Nf6 b4 Be7
1728,1750,white,120+1,e4 e5 Nf3 Nc6 Bc4 Bc5 Nc3 Nge7 d3 O-O
1636,1630,black,240+2,f4 c5 Nf3 d5 e3 Nc6 b3 Bg4 Bb2 Nf6
1417,1419,white,720+7,b3 e5 Bb2 Nc6 e4 d5 f4 Bd6 Nf3 dxe4
1479,1841,black,360+6,e4 e5 Nf3 Nc6 Bb5 f5 Bxc6 dxc6 Nxe5 Nf6
1532,1533,black,180+0,d4 b6 Nf3 Bb7 c4 Bxf3 exf3 e6 Nc3 Ne7
1569,1561,white,60+0,d4 d6 e3 e6 f4 Be7 Bd3 Nd7 Nf3 b6
1677,1500,white,300+0,e4 d6 Bc4 f5 Nc3 Nf6 d3 a6 a4 e6
1741,2129,black,60+0,d4 c5 c4 e6 d5 b5 e3 bxc4 Bxc4 exd5
1539,1498,black,1200+0,e4 e5 Nf3 Nf6 Nc3 Nc6 a3 Bc5 h3 d5
1682,1716,draw,300+5,e4 c5 Nf3 d6 d4 cxd4 Nxd4 Nf6 Nc3 a6
1263,1382,black,360+0,c4 g6 d4 Bg7 Nf3 d6 e3 Nf6 h3 O-O
1393,1546,black,120+0,d4 Nf6 f3 d6 e4 Nc6 c3 e5 d5 Ne7
1635,1717,white,0+3,e4 c5 Nf3 d6 e5 d5 d4 c4 c3 Bg4
1580,1550,white,60+0,d4 e6 e3 d6 f4 b6 Bd3 Bb7 Nf3 Nd7
1786,1472,black,120+2,e4 e6 e5 d6 exd6 Bxd6 Nf3 b6 d3 Bb7
1304,1350,black,240+0,e4 e5 Nf3 Nf6 Nc3 Nc6 d4 d5 dxe5 d4
1838,1740,black,120+0,e4 Nf6 e5 Nd5 c4 Nb6 d4 d6 f4 Bf5
1739,1687,white,60+0,d4 e6 c4 d5 e3 Nf6 cxd5 exd5 Nc3 Bd6
1564,1544,black,300+4,e4 e5 Bc4 c5 Nf3 Nc6 O-O h6 Nc3 Nf6
1299,1938,black,600+7,e4 e6 d3 d5 exd5 exd5 Nc3 Nf6 Qe2+ Be7
1540,1591,black,60+0,e4 e6 Be2 d5 exd5 exd5 Nc3 Qe7 d3 c6
1867,1745,black,300+15,e4 e5 Nf3 Nc6 Bc4 Be7 d4 exd4 Nxd4 Nxd4
1692,1689,white,300+0,e4 e5 d4 exd4 c3 dxc3 Bc4 d6 Nf3 Be6
1527,1696,draw,1200+0,e4 e5 Nf3 Nc6 Nc3 Nf6 a3 Be7 d4 exd4
1500,1487,black,600+0,e3 d5 Bb5+ c6 Ba4 b5 Bb3 a5 Nf3 a4
1737,1738,black,60+0,g3 e5 Nf3 Nf6 Nxe5 Nc6 Nf3 d5 d3 Bd6
1526,1723,draw,420+0,e4 e6 Nf3 d5 exd5 exd5 d4 Nf6 Bg5 Be7
1273,1480,black,-,e4 e5 Bc4 Bc5 Nf3 Nc6 a3 Nd4 Nxe5 Qh4
1708,1774,white,600+10,d4 Nf6 f4 d5 e3 Bf5 Bd3 Bg6 g4 Bxd3
1386,1500,white,120+0,d4 d5 f3 Nc6 c3 Nf6 g4 b6 g5 Nd7
1749,1660,white,60+0,d4 e6 c4 d5 e3 Nf6 cxd5 exd5 Nc3 Bd6
1683,1359,white,240+0,e4 e5 Nf3 Nf6 Nc3 Nc6 Bc4 Nd4 Nxe5 Bd6
1547,1310,white,240+0,e4 e5 Bc4 Nf6 d3 Nc6 c3 Bc5 Bg5 d6
1524,1478,white,180+4,b4 e5 b5 d5 e3 Bd7 c4 dxc4 Bxc4 c6
1704,1648,white,0+3,e4 c6 d4 d5 e5 Bf5 Nc3 e6 h4 h6
1537,1283,white,60+0,b3 e5 Bb2 d6 e3 Be6 Ne2 Be7 Ng3 Nf6
1436,1619,white,300+0,d4 d5 c4 Nc6 cxd5 Qxd5 Nf3 Bg4 e3 e5
1941,1991,black,180+0,e4 e6 d4 d5 e5 c5 c3 Nc6 Nf3 Bd7
1294,1501,black,900+0,e3 e5 Bc4 d5 Bb3 Nf6 Nf3 c6 Nxe5 Bd6
1588,1608,black,1800+8,e4 c5 Nf3 d6 Nc3 a6 Bc4 e6 O-O b5
1500,1408,black,300+0,d4 d5 c4 e6 Nc3 Nf6 Nf3 Bb4 e3 Nc6
1735,1758,white,60+0,e4 c5 d4 Nc6 d5 Ne5 f4 Ng6 c4 f6
1164,1669,white,600+0,e4 e5 c3 Nf6 f3 d6 d4 Qe7 d5 c6
1917,1526,white,300+13,e4 d5 exd5 Qxd5 Nc3 Qa5 Bc4 Nf6 d3 e6
1562,1639,black,240+0,e4 e5 Bc4 Nf6 d3 h6 Ne2 Bc5 Be3 Bd4
1295,1304,white,300+0,e4 e5 d4 d6 Nf3 Nc6 Nc3 Bg4 Bc4 Nf6
1601,1530,black,60+0,d4 d6 e3 e6 f4 b6 Bd3 Bb7 Nf3 Nd7
1639,1713,black,0+3,d4 Nf6 Nf3 g6 g3 Bg7 Bg2 d6 O-O O-O
1870,1772,black,480+4,d4 Nf6 c4 g6 Nc3 Bg7 e4 d6 h3 Nc6
1260,1331,black,300+5,d4 d5 Nf3 e6 Ne5 f6 Nf3 c5 e3 cxd4
1631,1823,black,120+0,e4 Nc6 Bb5 e5 Nf3 f5 exf5 d6 O-O Bxf5
1434,1544,black,300+0,e4 b6 d4 Bb7 d5 e6 Bc4 exd5 exd5 Nf6
1925,1356,white,240+0,e4 e5 Nf3 Nf6 Bc4 Nxe4 Nc3 f5 Nxe5 Qg5
1589,1686,black,300+0,e4 e5 Bb5 Bc5 Bc4 Nf6 d3 Nc6 c3 a6
1765,1895,white,120+2,e4 e5 Bc4 f5 exf5 Nf6 d3 d5 Bb3 Bxf5
1543,1587,black,60+0,e4 e6 d4 d5 e5 f6 exf6 Qxf6 Be3 c5
1396,1259,white,120+0,d4 d5 f3 e6 g3 b6 e4 c6 e5 c5
1899,1492,white,240+0,e4 e6 d4 d5 Nc3 dxe4 Nxe4 Nf6 Bd3 Nc6
1453,1355,white,180+0,d4 Nc6 c4 e5 dxe5 Nxe5 Nc3 Nxc4 e4 Ne5
1924,1583,white,600+7,e4 Nf6 e5 Nd5 d4 d6 c4 Nb6 f4 Bf5
1384,1311,black,600+2,e4 e5 Nf3 Nc6 Nc3 d6 h3 Nf6 d4 a6
1547,1554,white,180+0,d4 d5 Nc3 c6 e4 dxe4 Nxe4 e6 c3 Be7
1973,1915,black,60+0,d4 e5 c4 e4 Nc3 f5 Bf4 Nf6 e3 d5
1720,1741,white,600+10,d4 d6 e3 Bf5 g4 Bg6 f4 e6 h4 Be4
1767,1785,black,420+0,d4 e6 c4 d5 Nc3 c5 e3 Nc6 Nf3 Nf6
1597,1534,white,60+0,d4 e6 e3 d6 f4 b6 Nf3 Bb7 Bd3 Be7
1290,1306,black,300+0,e4 g6 d4 Bg7 Nf3 d6 b3 Nf6 Bd3 e5
1980,1986,black,180+0,e4 d6 d4 Nf6 Nc3 g6 f4 Bg7 Nf3 O-O
1599,1502,black,1800+0,e4 e5 d4 exd4 Qxd4 Nc6 Qe3 b6 Nc3 Nb4
1762,1821,white,540+8,d4 e6 c4 d5 Nf3 Nf6 Nc3 c5 dxc5 Bxc5
1722,1631,draw,0+3,e4 e5 Nf3 Nc6 Bb5 d6 O-O Bd7 Re1 a6
1811,1616,white,420+5,e4 e5 Nf3 Nc6 Bc4 Nf6 Nc3 Bc5 O-O O-O
1677,1668,white,300+4,e4 e5 Nf3 d6 Bc4 Bg4 O-O Qf6 Be2 h6
1817,1901,white,300+0,e4 d6 Nf3 Nf6 Nc3 g6 d4 Bg7 h3 O-O
1646,1804,black,900+0,e4 e5 Nf3 Nc6 Bc4 Nf6 Qe2 Bc5 O-O d6
1535,1536,white,240+0,e4 e5 Nf3 Nc6 Bc4 Bc5 O-O d6 h3 Nge7
1927,1960,white,60+0,e4 c5 d4 e6 c3 cxd4 Nf3 dxc3 Bc4 cxb2
1719,1508,white,600+0,e4 c5 Bc4 e6 h4 Nc6 f4 Be7 f5 Bxh4+
1525,1607,white,60+0,c4 e6 d4 d5 cxd5 exd5 Nf3 c6 Be3 Bd6
1561,1552,white,300+4,Nf3 e6 e4 Nc6 d4 Bb4+ c3 Ba5 Bc4 h6
1403,1196,white,120+0,d4 d5 f3 e6 g3 Nf6 Nc3 c6 g4 Bb4
1417,1273,black,300+0,d4 e6 e4 c5 d5 d6 Nc3 e5 Nf3 f5
1642,1671,white,240+2,e4 e5 Nf3 Nc6 Bb5 Nge7 c3 a6 Ba4 b5
1316,1277,white,300+0,e4 c5 d4 d6 d5 f6 c4 e5 Nc3 f5
1319,1278,white,480+7,d4 e6 Nf3 f6 e4 g5 e5 a6 exf6 Nxf6
1715,1686,white,300+5,d4 d6 c4 Bf5 Nc3 h6 e4 Bg6 Nf3 Nc6
1476,1560,white,600+0,e4 e5 Nf3 Bd6 c3 Nf6 Qc2 O-O d4 Qe8
1506,1408,white,720+7,d4 d5 Bf4 Nf6 g3 e6 Nf3 Nc6 Na3 a6
1680,1646,black,600+8,e4 e5 Nf3 Nc6 Bc4 Bc5 d3 h6 Nc3 d6
1633,1719,black,0+3,e4 c5 Nf3 d6 Bb5+ Bd7 Bxd7+ Nxd7 d4 cxd4
1491,1495,black,600+0,d4 d5 Nf3 Nf6 e3 Bf5 Nc3 e6 Bd3 Bxd3
1347,1256,white,360+0,d4 e5 dxe5 f6 exf6 Nxf6 Bg5 Bc5 e4 O-O
1538,1500,black,60+0,e4 e6 d3 Nf6 c4 Bc5 Be2 c6 Bd2 d5
1985,1724,white,120+0,Nf3 Nf6 b3 d6 Bb2 g6 g3 Bg7 d4 Nc6
2001,1932,white,180+0,d4 d5 c4 e5 dxe5 d4 Nf3 Nc6 a3 Be6
1490,1781,black,240+0,e4 e5 Nf3 Nc6 Bb5 d6 d3 Bg4 h3 Bh5
1408,1444,black,60+0,d4 d5 f3 Nc6 g3 Bd7 e4 Nf6 e5 Nh5
1461,1321,white,300+1,d4 d5 c4 Bg4 h3 Bh5 cxd5 Qxd5 Nc3 Qa5
1695,1361,white,300+0,e4 e5 Bc4 f6 Nf3 c6 Nh4 d5 exd5 cxd5
1696,1662,white,180+2,e4 d5 exd5 Qxd5 d4 Qa5+ Nc3 c6 Bc4 Bf5
1485,1268,white,-,e4 e5 Nc3 Bc5 Bc4 a6 Qh5 Qf6 Nd5 Qh6
1795,1746,black,480+5,e4 c5 Bc4 a6 Qh5 e6 Nf3 Nf6 Qh4 Be7
1741,1876,black,300+8,e4 e5 Nf3 Nf6 Nc3 Bb4 Nd5 Nxd5 exd5 e4
1658,1688,black,300+4,e4 e5 Nf3 Nc6 Bb5 Bc5 O-O Nge7 h3 O-O
1727,1625,white,0+3,e4 c5 Nf3 Nc6 d4 cxd4 Nxd4 g6 Nc3 Bg7
1398,1530,white,60+0,d4 e6 f3 c6 g3 Be7 e4 Nf6 e5 Nd5
1990,2018,black,120+0,Nf3 d5 b3 c5 e3 Nc6 Bb5 Nf6 O-O g6
1448,1551,white,300+0,e4 b6 d4 Bb7 Bd3 e6 Be3 Nf6 f3 Be7
1435,1451,white,420+4,e4 e5 d4 exd4 Qxd4 Nc6 Qd1 Bc5 Nf3 Qe7
1351,1699,black,300+0,e4 e5 Nf3 Nc6 c3 Bc5 b4 Bb6 Bb2 Nf6
1491,1301,black,360+6,e4 e6 d4 d5 e5 Nc6 Nf3 Nge7 Bd3 Nf5
1617,1735,black,0+3,e4 c5 Nf3 d6 e5 d5 d4 c4 c3 Bg4
1646,1211,white,600+0,e4 e5 d4 f6 Nf3 c6 Bc4 d5 exd5 cxd5
1506,1399,white,720+7,e4 e5 Bc4 d6 Nf3 Be6 Bxe6 fxe6 d3 Be7
1830,1785,white,300+0,e4 e5 Nf3 Nc6 Bb5 d6 d4 exd4 Nxd4 Bd7
1637,1686,black,360+8,d4 e6 e4 d5 e5 c5 c3 Nc6 Bb5 Bd7
1426,1487,white,300+0,e4 c5 d4 cxd4 e5 Nc6 Bc4 Nxe5 Qxd4 Nxc4
1659,1654,black,240+2,e4 c5 Nf3 Nc6 d4 cxd4 Nxd4 Nf6 Nxc6 bxc6
1943,1991,black,300+8,d4 Nf6 c4 g6 Nf3 Bg7 Nbd2 d5 e3 c5
1694,1576,black,300+0,e4 e5 f4 exf4 Nf3 Nc6 Bc4 h6 O-O d6
1801,1409,white,780+5,e4 e5 f4 exf4 Nf3 Nc6 Bc4 h6 O-O Nf6
1886,1792,white,120+2,d4 d5 c4 e6 Nc3 Nf6 Nf3 Be7 Bg5 O-O
1326,1652,black,300+0,e4 c5 d3 e6 Nf3 Nc6 a3 d6 c3 Nf6
1743,1610,black,0+3,e4 c5 Nf3 Nc6 d4 cxd4 Nxd4 d6 Nc3 g6
1386,1325,black,720+6,e4 e5 d4 Nc6 Nf3 Nf6 Bg5 Be7 dxe5 Nxe4
1979,1829,white,120+0,Nf3 Nf6 b3 g6 Bb2 Bg7 g3 O-O Bg2 d5
1796,1706,white,420+0,e4 e5 d4 exd4 c3 dxc3 Bc4 Nc6 Nxc3 d6
1430,1547,white,600+7,e4 e6 Nc3 Bc5 Nf3 Nf6 d4 Bb4 a3 Bxc3+
2028,1719,white,60+1,e4 Nf6 e5 Nd5 d4 Nb6 Nf3 d6 Bf4 dxe5
1413,1316,white,120+0,d4 e6 f3 d5 g3 g6 e4 Bg7 e5 Nc6
1486,1435,black,180+3,d3 e5 g3 d5 Bg2 Nf6 e3 b6 b3 Bb7
1611,1860,black,420+5,e4 e5 Nf3 Nc6 Bc4 Nf6 d3 Bc5 b4 Bxb4+
1625,1728,black,0+3,Nc3 d5 Nf3 d4 Ne4 Nf6 d3 Nxe4 dxe4 c5
1920,1824,white,300+13,e4 e6 Nf3 Ne7 Nc3 Ng6 Bc4 Be7 h3 O-O
1570,1926,white,180+1,e4 c5 Nf3 Nc6 c3 e6 Bb5 d5 e5 Ne7
1605,1506,white,600+0,e4 e5 Bc4 Nf6 Nf3 Nxe4 Nxe5 Qf6 Nf3 Bc5
1601,1751,white,300+2,e4 e5 d4 Nc6 d5 Nce7 c4 Ng6 Be3 b6
1500,1448,white,180+0,d4 d5 Nc3 Nf6 Bf4 e6 Nb5 Bd6 Qd2 Bxf4
1822,1896,white,120+0,e4 c6 d4 d5 Nc3 dxe4 f3 exf3 Nxf3 Nf6
1731,1580,black,600+8,d4 Nc6 d5 Ne5 e4 e6 dxe6 fxe6 c4 Nf6
1716,1747,black,60+1,g3 Nc6 Nf3 d5 Bg2 e5 d3 f5
1666,1843,white,240+2,e4 e6 f4 d5 exd5 exd5 Nf3 Nf6 d4 Bd6
1500,1580,white,240+0,d4 d5 b3 g6 Bb2 Bg7 e3 e6 Bd3 h5
1940,2099,white,300+0,e4 c5 Nc3 Nc6 f4 g6 Nf3 Bg7 Ne2 Nf6
1759,1781,black,480+5,d4 e6 e4 d5 e5 Nc6 Be3 Bb4+ c3 Ba5
1732,1730,white,600+10,d4 e6 e3 Nf6 f4 Ne4 Nf3 c5 c3 Be7
1263,1490,black,-,e4 e5 Bc4 Nc6 Nf3 Bc5 Qe2 Qf6 a3 Nd4
1347,1539,black,240+0,d4 b6 e4 Bb7 d5 g6 c4 Bg7 Nc3 c6
1500,1281,black,480+5,e3 e5 Bc4 c6 Nf3 d5 Bb3 Bg4 h3 Bh5
1695,1599,white,360+8,b4 d5 Bb2 Nc6 Nf3 Nxb4 Nc3 c5 a3 Nc6
1422,1308,white,120+0,d4 d5 f3 e6 g3 g6 e3 Bg7 e4 Nf6
1515,1702,white,300+0,e4 e5 Nf3 Nc6 Bc4 Bc5 Nc3 Nf6 d3 h6
1500,1500,white,300+8,e4 e6 d4 d5 e5 f6 f4 Nc6 Nf3 Be7
1881,1836,white,120+0,e4 Nc6 Nf3 e5 c3 d5 Qa4 dxe4 Nxe5 Nf6
1714,1375,white,600+8,d4 d5 c4 dxc4 Nc3 e6 e4 Bb4 Bxc4 Bxc3+
1259,1344,white,360+2,e4 e5 Nf3 Nc6 Bb5 Qf6 O-O a6 Bc4 h6
1367,1890,black,1800+5,e4 e5 Nf3 Nc6 Bb5 a6 Ba4 Nf6 Qe2 b5
1574,1596,white,60+2,e4 e5 Nf3 Nc6 Bc4 Bc5 d4 exd4 O-O Nge7
1407,1804,black,780+5,d4 Nf6 Nf3 e6 e3 Be7 Bd3 O-O a3 b6
1736,1617,white,0+3,e4 c5 Nf3 Nc6 d4 cxd4 Nxd4 Nxd4 Qxd4 Nf6
1721,1139,white,180+0,e4 e5 Nc3 Bb4 d3 Bxc3+ bxc3 Nf6 Ba3 d6
1652,1474,black,300+5,e4 c5 Nf3 e6 d4 cxd4 Nxd4 Qf6 a3 Bc5
1766,1752,black,300+0,d4 d5 c4 e6 Nf3 Nf6 Nc3 Be7 Bg5 O-O
1751,1519,white,120+1,d4 e5 dxe5 d6 exd6 Bxd6 e3 Nf6 Nf3 Bg4
1320,1473,white,360+6,d4 d5 c4 e6 Nf3 Nf6 Nc3 Bb4 Bd2 O-O
1254,1441,black,180+0,e3 e5 Qf3 Nf6 Bc4 Nc6 g4 d5 Bxd5 Nxd5
1207,1649,black,600+0,e4 e5 f3 Nc6 g3 d6 c3 Qe7 d4 exd4
1610,1743,white,0+3,e3 d5 d4 Nf6 c4 e6 Nc3 Bb4 Bd2 c6
1339,1686,white,300+8,e4 e5 d4 f5 exf5 e4 Bc4 Nf6 Bg5 d5
1704,1752,white,420+2,e4 e5 Nf3 Nc6 Bc4 h6 O-O Nf6 Nc3 Bb4
1817,1500,white,60+1,e4 e5 Nf3 Nc6 Bc4 Nf6 Ng5 Be7 Nxf7
1694,1563,black,60+1,e4 c6 f4 d5 e5 Bf5 Nf3 e6 d3 c5
1700,1939,black,0+1,e4 e5 d4 f5 dxe5 d6 exd6 Bxd6 Nc3 Nf6
1454,1429,black,60+0,d4 d5 Nc3 c6 Nf3 f6 e3 Nd7 Bd3 e5
1735,1691,black,600+0,e4 e5 Qh5 Nc6 Bc4 g6 Qf3 Nf6 d3 Bg7
1138,1722,black,180+0,d4 e6 e3 Nf6 Bb5 c6 Bd3 Qa5+ c3 Qg5
1576,1457,white,1200+30,e4 e5 Nf3 Nc6 Bc4 Nf6 Ng5 d5 exd5 Nxd5
1337,1662,black,300+8,e4 e5 f4 d6 Nf3 Bg4 h3 Bh5 g3 Nf6
1698,1804,white,420+0,e4 c5 Nf3 d6 d4 cxd4 Nxd4 Nc6 Nc3 Nf6
1943,1695,white,0+1,e4 e6 d4 d5 e5 c5 c3 Qb6 Nf3 cxd4
1775,1597,white,120+2,e4 e5 Bc4 Nf6 Nf3 Nc6 Ng5 d5 exd5 Na5
1447,1500,white,180+0,e4 d5 exd5 Qxd5 Nc3 Qd8 d4 f6 Bf4 Nc6
1822,1757,white,60+1,d4 c6 Nf3 d5 b3 Nf6 Bb2 Bg4 e3 Ne4
1711,1932,black,300+8,e4 e5 Nf3 Nc6 d4 exd4 Nxd4 Bc5 Nxc6 Qf6
1200,1204,white,480+5,e4 e5 Bd3 g6 Nf3 c6 O-O d5 exd5 cxd5
1720,2077,black,180+1,e4 b6 d4 Bb7 Bd3 e6 Be3 Nf6 f3 c5
1586,1134,white,60+2,e4 e5 Nf3 d6 Bc4 h6 d4 Qe7 dxe5 dxe5
1582,1498,white,900+0,e4 e5 Nf3 d6 Nc3 c6 d4 exd4 Nxd4 c5
1572,1552,white,300+5,e4 e5 f4 exf4 Nf3 Nc6 Bc4 Nf6 Nc3 d6
1984,1500,white,600+8,e4 e6 d4 d5 exd5 exd5 Bd3 Bd6 Nf3 Bg4
1500,1405,white,120+2,d4 d5 Nc3 Nf6 Nf3 Nc6 Bf4 Bg4 Nb5 Rc8
1250,1286,white,120+2,d4 d5 g3 Nc6 Bg2 e5 Nf3 exd4 Nxd4 Nxd4
1691,1688,black,0+1,e4 c5 d4 Nc6 dxc5 Ne5 Nf3 Nxf3+ Qxf3 e6
1441,1317,white,120+0,d4 d5 f3 f5 g3 g5 g4 fxg4 fxg4 Bxg4
1591,1685,black,300+0,e4 e5 Nf3 Nc6 Bc4 Bc5 b4 Nxb4 c3 Nc6
1596,1781,black,300+0,Nf3 d5 e4 dxe4 Ng5 e6 Nxe4 Nf6 Nbc3 b6
1579,1833,black,60+1,d4 d5 c4 e6 Nc3 Nf6 Nf3 Nbd7 e3 Bb4
1728,1624,white,0+3,e4 d5 exd5 Nf6 Nc3 Nxd5 Nxd5 Qxd5 d4 e6
1395,1516,black,660+11,e4 e5 Nf3 Nf6 d3 d5 Nbd2 dxe4 Nxe4 Nxe4
1824,1755,white,120+2,d4 d5 c4 c6 Nc3 e6 Nf3 Nf6 cxd5 exd5
1230,1706,black,240+3,e4 e5 Nf3 Nc6 d4 d5 exd5 Qxd5 Nc3 Bb4
1608,1299,white,300+0,e4 e5 Nf3 c6 d4 exd4 Qxd4 Nf6 Nc3 b6
1329,1391,black,480+7,d4 d5 e3 c6 h3 e6 Nf3 Nf6 Nc3 Be7
1588,1512,white,60+2,e4 e6 Nf3 d6 d4 b6 Bd3 Bb7 O-O g6
1755,1500,black,120+2,e4 e6 d4 d5 exd5 exd5 Be2 Nf6 Bg5 Bd6
1807,1774,black,540+8,e4 e5 f4 Nc6 Nf3 d6 Bc4 Bg4 O-O h6
1655,1799,black,300+5,e4 c5 Bc4 e6 Qe2 a6 c3 b5 Bb3 c4
1434,1440,white,300+8,e4 e5 d4 exd4 c3 dxc3 Bc4 cxb2 Bxb2 Bb4+
1454,1430,white,540+9,e4 Nc6 Bc4 Ne5 Bb3 e6 Nf3 Nxf3+ Qxf3 Qf6
1273,1268,white,120+2,e4 e5 Nf3 d6 d4 Nc6 dxe5 Bg4 Be2 Bxf3
1427,1218,white,300+8,e4 e6 Bc4 Nf6 d3 d5 exd5 exd5 Bb3 Qe7+
1695,1286,white,300+0,e4 e5 Nf3 Nf6 Bc4 Nc6 Nc3 Nd4 Nxe5 d5
1720,1514,black,300+8,e4 c6 d3 d5 Bf4 e6 Nc3 Nd7 Nf3 Ngf6
1583,1474,white,300+0,e4 e5 Nf3 Nc6 Bc4 Bc5 b4 Bxb4 c3 Be7
1603,1633,black,120+2,e4 c5 Nf3 Nc6 c3 d6 d4 cxd4 Nxd4 Nxd4
1429,1445,black,300+8,e4 c6 Qf3 d5 exd5 cxd5 Nc3 Nf6 Bb5+ Bd7
1581,1536,white,420+0,e4 e5 Bc4 Bc5 Qh5 Qf6 Nf3 g6 Qxe5+ Qxe5
1448,1500,white,120+0,d4 d5 f3 f6 e4 e5 dxe5 fxe5 exd5 Bb4+
1605,1887,black,600+0,e4 g6 Bc4 Bg7 d3 Nc6 Nc3 Nf6 Bb3 d6
1398,1848,draw,120+2,d4 e6 e4 d5 exd5 exd5 Nc3 Nf6 Nf3 Bd6
1374,1465,white,720+6,d4 e6 e4 b6 a3 Bb7 Nc3 Nf6 e5 Nd5
1931,1335,white,300+13,e4 e5 Nf3 Nc6 Nc3 Nf6 Bc4 a6 a3 h6
1432,1621,black,240+4,e4 e5 f4 d5 exd5 Qxd5 Nf3 Bg4 Be2 Bc5
1439,1264,black,300+0,e4 e5 d4 exd4 e5 Nc6 Nf3 Bc5 Bc4 h6
2032,1838,black,60+1,c4 e6 Nc3 d5 d4 Nf6 Nf3 Nbd7 g3 c6
1617,1736,black,0+3,e4 c5 d4 cxd4 Nf3 e5 Nxe5 Qa5+
1700,1618,black,600+0,e4 c5 Bc4 e6 Qh5 Nf6 Qf3 Nc6 d3 Ne5
1580,1577,black,900+0,e4 e5 d4 Bd6 dxe5 Bxe5 g3 Nf6 f4 Bxb2
1736,1617,white,0+3,e4 d6 d4 e5 dxe5 dxe5 Qxd8+ Kxd8 Nf3 f6
1524,1388,white,660+11,d4 Nf6 c4 c6 Nf3 h6 Nc3 d6 g3 g5
1526,1591,white,420+0,d4 d5 c4 dxc4 Nc3 e6 e3 Bb4 Bd2 Bxc3
1205,1744,black,300+5,d4 Nf6 c4 e6 c5 Nc6 Nf3 Be7 Be3 O-O
1597,1504,white,60+2,e4 d6 Nf3 e5 Bc4 Nc6 d4 f5 Bxg8 Rxg8
1686,1819,white,300+8,e4 d5 exd5 Qxd5 Qf3 Qe5+ Qe3 Qd6 d4 Nf6
1682,1900,white,240+2,e4 c5 f4 Nc6 Nf3 e6 c3 d5 e5 d4
1372,1717,black,600+8,e4 e6 d4 d5 e5 c5 c3 Nc6 Bb5 Bd7
1840,1804,black,300+8,e4 c6 d4 d5 e5 Bf5 Bd3 Bxd3 Qxd3 Qa5+
1600,1786,black,300+8,d4 d5 c4 Nf6 Bf4 e6 Nc3 c6 e3 Nbd7
1578,1539,draw,420+0,e4 e5 Bc4 Nf6 d3 Bc5 Nc3 a6 Nf3 d6
1541,1514,white,300+8,e4 d5 exd5 Nf6 c4 Bf5 Nf3 e6 Qa4+ c6
1268,1334,black,300+0,e4 e5 Bc4 Nc6 Qf3 Nh6 d3 Nd4 Qd1 Bc5
1743,1746,white,120+2,d4 d5 Nc3 c6 Nf3 g6 Bf4 Bg7 e3 Bg4
1601,1534,white,300+5,e4 e6 d4 c5 c3 Nf6 e5 Nd5 Nf3 f6
1742,1760,white,600+10,d4 c5 c3 d5 e3 c4 b3 b5 a4 a5
1859,2015,black,60+1,e4 c5 Nf3 Nc6 d4 cxd4 Nxd4 Nf6 Nc3 d6
1405,1834,black,120+2,d4 e6 e4 d5 exd5 exd5 Nc3 Nf6 Nf3 Qe7+
2080,1955,draw,300+0,e4 e5 Nf3 d6 d4 exd4 Qxd4 Nf6 e5 Nfd7
1651,1352,white,180+0,d4 d5 Nc3 Nf6 Bf4 a6 Be5 Bf5 Bxf6 exf6
1947,1470,white,60+0,d4 d5 c4 dxc4 Nc3 Nc6 Nf3 Nxd4 Bg5 f6
1374,1338,black,360+5,e4 e6 Nf3 d5 exd5 exd5 d4 Nf6 c4 c6
1605,2092,black,60+2,e4 e6 Nf3 d5 Ne5 Bd6 Nxf7 Kxf7 e5 Bf8
1704,1675,black,120+2,d4 b5 Nf3 Bb7 Bf4 e6 e3 a6 Be2 Nf6
1456,1496,black,120+0,d4 Nf6 f3 d5 Nc3 e6 e4 a6 e5 Nfd7
1790,1711,white,420+0,d4 d5 c4 e6 Nc3 Nf6 Bg5 Be7 e3 b6
1739,1890,black,300+8,e4 c6 Nf3 d5 e5 Bg4 d4 e6 Bd3 Nd7
1850,1718,white,300+15,e4 d6 d4 Nf6 Nc3 Nbd7 Nf3 e5 dxe5 dxe5
1772,1787,white,120+2,d4 d5 c4 c5 Nc3 cxd4 Qxd4 dxc4 Qxd8+ Kxd8
1211,1451,black,300+8,d4 e6 d5 exd5 Qxd5 Nf6 Qd1 Bc5 Bg5 O-O
1450,1630,black,240+0,Nf3 d5 e3 c5 c4 d4 b3 Nc6 Be2 e5
1500,1469,black,60+0,e4 e5 f3 Nc6 c3 Bc5 Na3 d6 b4 Bb6
1609,1743,black,0+3,d4 Nf6 Bg5 g6 c4 Bg7 e3 d6 Nf3 O-O
1650,1692,white,300+0,e4 c6 Nf3 d5 exd5 cxd5 Bb5+ Nc6 Ne5 Qb6
1646,1803,white,720+0,e4 e5 Nf3 Nc6 Bb5 d6 d4 a6 Ba4 b5
1697,1284,white,300+0,e4 e5 Nf3 f5 exf5 Nc6 Bc4 d5 Bb5 Bxf5
1381,1248,white,660+11,e4 e6 d4 Qh4 Qd3 Nf6 Nf3 Qh5 e5 Nd5
1834,1690,white,120+2,d4 d5 Nc3 Nf6 Nf3 e6 Bf4 Bd6 Bg3 a6
1531,1601,black,600+0,d4 d5 c4 dxc4 Nc3 b5 Nxb5 Ba6 Qa4 c6
1343,1225,white,300+0,e4 e5 Nf3 b6 Bc4 Bb7 Nxe5 d6 Nxf7 Qf6
1591,1482,black,300+0,e4 e5 Nf3 Nc6 Bc4 Bc5 b4 Bb6 a4 a5
1577,1703,black,360+8,d4 e6 e4 d5 e5 c5 c3 Nc6 Nf3 Nge7
1708,1506,white,240+0,d4 d5 Nc3 c6 g3 e6 Bg2 Bb4 Nf3 Bxc3+
1687,1769,white,120+2,e4 d5 exd5 Qxd5 Nc3 Qd8 d4 Nf6 Nf3 e6
1403,1736,black,120+2,d4 d5 e4 dxe4 Nc3 f5 f3 exf3 Qxf3 Nf6
1318,1369,draw,420+8,d4 d5 c4 dxc4 Qc2 Qxd4 Be3 Qd5 Nc3 Qd8
1791,1594,white,300+8,d4 Nf6 c4 e6 Nc3 d5 Nf3 Bb4 Bg5 Bxc3+
1449,1623,black,300+8,d4 d5 c4 dxc4 e3 Bf5 Bxc4 e6 Nf3 f6
1836,1611,black,120+2,d4 e6 c4 d5 Nc3 Nf6 Nf3 Bb4 e3 c6
1430,1266,white,300+5,e4 e5 Nf3 d6 Bc4 h6 d4 Nf6 dxe5 Nxe4
1695,1500,white,180+0,d4 d5 Nc3 c6 e4 f6 exd5 cxd5 Qh5+ g6
1874,2014,black,180+0,e4 c5 Nf3 e6 d4 cxd4 Nxd4 a6 Nc3 Qc7
1490,1535,white,900+0,e4 c5 Bc4 e6 d4 cxd4 Qxd4 a6 Bf4 b5
1720,1986,black,600+8,d4 d5 c4 e6 Nc3 Nf6 Bg5 Be7 e3 O-O
1193,1350,black,300+0,f4 Nc6 f5 e5 e4 d5 exd5 Qxd5 d3 Bc5
1530,1507,black,120+0,e4 e6 d4 d6 f4 f6 Nf3 Ne7 Bc4 Nec6
1500,1478,white,60+0,e4 e5 Nf3 d6 Bc4 Nc6 d3 Be7 Nc3 f6
1750,1602,draw,0+3,e4 c5 Nf3 Nc6 d4 cxd4 Nxd4 Nxd4 Qxd4 Nf6
1676,1500,draw,600+5,e4 e5 Nf3 d6 Bc4 Nc6 d4 Nf6 dxe5 Nxe5
1388,1475,black,660+11,e4 e5 Nf3 Nc6 c3 Bc5 h3 d6 Qa4 Bd7
1993,1924,white,180+0,c4 e5 Nc3 Nf6 Nf3 Bc5 e3 d6 d4 exd4
1400,1877,black,120+2,d4 d5 e4 dxe4 Nc3 Nc6 Nxe4 Nxd4 c3 Nc6
1438,1285,white,240+0,Nf3 d5 e3 Nf6 c4 Bf5 cxd5 Nxd5 Nc3 Nxc3
1748,1500,black,180+0,d4 e6 a3 f5 Nc3 Nf6 Bf4 d6 Bg5 b6
1446,1541,black,120+0,d4 b6 f3 Bb7 e3 e6 e4 Ne7 e5 Ng6
1746,1863,black,180+4,d4 Nf6 c4 e5 dxe5 Ng4 f4 d6 exd6 Bxd6
1604,1217,white,60+2,e4 c5 Nf3 d6 Bc4 Nc6 d4 h6 Bxf7+ Kxf7
1607,1746,white,0+3,d4 Nf6 c4 g6 Nc3 Bg7 Nf3 d6 g3 O-O
1833,1753,black,240+2,b3 e5 Bb2 Nc6 c4 d6 Nc3 Nf6 Nf3 Bg4
1541,1577,black,420+0,d4 e6 c4 c5 Nf3 cxd4 Nxd4 Bc5 e3 Bxd4
1664,1442,white,60+0,e4 e5 Nf3 Nf6 Nxe5 Nxe4 Qe2 Nd6 Nc6+ Be7
1828,1500,black,300+8,e4 e5 Nf3 Nc6 d4 exd4 Nxd4 Nge7 Bg5 h6
2076,2082,black,180+1,e4 c5 Nf3 Nc6 Bb5 g6 O-O Bg7 c3 Nf6
1739,1887,white,120+2,d4 d5 c4 dxc4 Nc3 Nc6 Nf3 Bg4 e3 Bxf3
1798,1699,black,420+0,e4 e5 d4 exd4 c3 dxc3 Bc4 Bb4 bxc3 Bxc3+
1398,1779,white,120+2,d4 e6 e4 d5 exd5 exd5 Qe2+ Be7 Nc3 Nf6
1492,1713,black,240+0,e4 e5 Bc4 Nc6 Qf3 Nh6 c3 Na5 d3 Nxc4
1438,1519,white,120+0,d4 e6 f3 d5 g3 Nc6 c3 e5 e4 exd4
1449,1584,black,1200+30,e4 e5 Nf3 Nc6 Bc4 Bc5 d3 Nf6 Bg5 O-O
1357,1240,black,300+0,e4 c5 Nf3 a6 Bc4 d6 d4 cxd4 Nxd4 h6
1513,1550,white,120+0,e4 b6 Nf3 Bb7 Nc3 e6 d4 Bb4 Be3 Bxc3+
1500,1510,black,300+8,e4 e5 Nf3 Nc6 Bc4 Nf6 Nc3 h6 d3 Bc5
1387,1202,white,720+6,d4 g6 e4 Bg7 Nc3 e5 d5 c6 Nf3 cxd5
1442,1723,black,300+8,d4 d5 c4 e6 Nc3 Bb4 Bd2 Nf6 a3 Bxc3
1851,2069,black,60+1,d4 d5 Nf3 c6 g3 Nf6 Bg2 g6 O-O Bg7
1320,1469,black,480+7,d4 d5 e3 Nc6 h3 g6 a3 a6 Bd3 e6
1426,1459,black,300+0,e4 e5 f4 Nc6 Nf3 d6 Bc4 Be6 Bb3 exf4
1753,1748,black,600+10,d4 c5 c3 e6 e3 d5 f4 Nf6 Nf3 c4
1704,1576,white,300+0,e4 e5 d3 Nc6 d4 exd4 c3 dxc3 Bc4 Bb4
1303,1638,black,300+5,e4 e5 d4 exd4 Qxd4 Nc6 Qd5 d6 Bc4 Be6
1731,1622,white,0+3,e4 c6 d4 d5 e5 f6 Nc3 fxe5 dxe5 g6
1586,1531,white,420+0,e4 e5 Bc4 Nc6 Qh5 g6 Qf3 Nf6 c3 d6
1649,1615,black,300+5,e4 c6 d4 d5 exd5 cxd5 Bd3 Nc6 c3 Nf6
1663,1492,white,300+0,e4 e5 Nf3 Bc5 Bc4 d6 Nc3 Nf6 d3 c6
1739,1959,black,180+4,d4 d5 c4 e6 Nc3 c6 Nf3 f5 e3 Bd6
1614,1739,black,0+3,d4 Nf6 c4 g6 e3 Bg7 g3 d6 Bg2 O-O
1540,1457,black,180+3,b3 d6 Bb2 e5 e3 Nc6 Ne2 Bg4 Ng3 Bxd1
1437,1632,black,300+8,d4 Nf6 Nc3 d5 f3 Bf5 Bg5 e6 Bxf6 gxf6
1500,1278,black,120+2,e4 c6 Nf3 d5 d3 dxe4 dxe4 Qxd1+ Kxd1 Bg4
1582,1745,black,300+0,e4 c6 f4 d6 Nf3 f5 e5 e6 Nc3 Be7
1820,1605,white,120+2,d4 d5 c4 Nf6 cxd5 Nxd5 Nf3 e6 e4 Nf6
1471,1610,black,600+0,e4 e5 d4 exd4 c3 dxc3 Bc4 cxb2 Bxb2 Bc5
1711,1569,black,360+8,e4 e5 Nf3 Nf6 Nc3 Bb4 d3 d6 Bg5 Bxc3+
1449,1547,white,600+7,e4 e5 Nf3 d6 Nc3 c6 a4 Bg4 h3 Bxf3
1352,1240,draw,180+10,d4 e6 e4 Nf6 Bd3 Nc6 Be3 d5 Nc3 dxe4
1451,1505,draw,120+0,d4 e6 f3 d5 g3 Bd6 e4 Nf6 e5 Bxe5
1451,1437,white,240+0,Nf3 d5 e3 c5 c4 Nc6 cxd5 Qxd5 Nc3 Qd8
1360,1535,black,360+5,e4 e5 Nf3 Nc6 Bc4 Bc5 b4 Bxb4 c3 Bc5
1800,1610,white,240+1,d4 d5 b3 Nf6 Bb2 g6 e3 Bg7 Bd3 e6
1735,1573,black,300+2,d4 d6 a3 Nf6 h3 e5 c3 Nbd7 e3 Be7
1586,1704,black,120+0,e4 Nf6 e5 Nd5 c4 Nb6 Nf3 d6 exd6 exd6
1798,1417,white,120+2,d4 d5 Nc3 Nf6 Bf4 Bd7 Nf3 Nc6 e3 g6
1379,1034,white,660+11,e4 d5 e5 Nc6 d4 e6 Nf3 Bb4+ c3 Bf8
1746,1607,white,0+3,e4 c5 Nf3 d6 d4 cxd4 Nxd4 Nc6 Nc3 Nxd4
1147,1426,black,300+0,e3 e5 d3 d5 c3 Nc6 Nf3 Bg4 Be2 e4
1588,1699,white,300+8,e4 e5 Nf3 d6 Bb5+ c6 Be2 Bg4 d4 Bxf3
1899,1500,black,480+3,e4 c5 Nf3 d6 Nc3 Nf6 Bc4 Nc6 d3 g6
1329,1560,black,300+8,e4 e5 Nc3 Nf6 Nf3 Nc6 Bc4 Bc5 d3 d6
1752,1838,black,300+8,e4 e5 Nf3 Nc6 d4 exd4 Nxd4 Qf6 Nxc6 Qxc6
1719,1892,white,120+0,d4 Nf6 Nf3 g6 g3 Bg7 Bg2 O-O O-O d6
1910,1816,black,300+8,e4 c6 d4 d5 exd5 cxd5 Bb5+ Nc6 Bxc6+ bxc6
1593,1810,white,300+3,e4 c5 Nf3 Nc6 Nc3 Nf6 d4 cxd4 Nxd4 e5
1491,1471,white,240+0,e4 e6 d4 c6 Nc3 d5 Bd3 dxe4 Bxe4 Nf6
1600,1753,black,0+3,e4 c5 Nf3 d6 e5 d5 d4 c4 c3 Bg4
1500,1500,white,180+0,d4 Nc6 d5 Nb8 e4 e6 c4 exd5 exd5 d6
1858,1415,white,300+15,e4 e5 Nf3 f6 Nxe5 fxe5 Qh5+ Ke7 Qxe5+ Kf7
1668,1679,white,60+0,b4 e6 Bb2 d5 b5 Nf6 a4 Be7 e3 O-O
1527,1578,black,120+0,e4 e5 Nf3 Nc6 Bc4 h6 d4 exd4 Nxd4 d6
1382,1500,white,660+11,e4 e5 Nf3 Nf6 Qe2 Qe7 a3 b6 d3 h6
1756,1820,black,300+0,d4 b5 e3 Bb7 Nf3 b4 a3 a5 axb4 axb4
1442,1255,white,300+5,b3 d5 Bb2 e6 e3 Nc6 Bb5 Bd7 Bxc6 Bxc6
1502,1491,black,900+0,e4 c5 Nc3 a6 Bc4 Nc6 Qf3 e6 a3 Nd4
1797,1650,white,240+3,e4 d5 exd5 Qxd5 Nc3 Qa5 d4 Nf6 Nf3 c6
1759,1594,draw,0+3,e4 d5 exd5 Nf6 Nc3 Nxd5 Nxd5 Qxd5 d4 Bf5
1546,1468,white,300+5,e4 c5 Nf3 Nc6 c3 d6 d4 Nf6 Bb5 Nxe4
1826,1414,draw,120+2,d4 d5 c4 e6 Nf3 Nf6 Nc3 Nc6 e3 Bb4
1727,1568,black,120+2,d4 d5 Nc3 Nf6 Nf3 c6 Bf4 Bg4 e3 e6
1354,1432,white,900+0,e4 e5 Nf3 Nc6 Bc4 Bc5 O-O d6 h3 Nf6
1756,2023,black,180+0,d4 Nf6 c4 e5 dxe5 Ng4 Nf3 Nc6 Nc3 Bb4
1471,1493,white,180+3,e4 e5 Nc3 Nf6 d3 Nc6 g3 Bb4 Bd2 Bxc3
1453,1532,white,120+0,d4 Nf6 f3 d5 Nc3 Nc6 g4 h6 Bg2 e6
2084,1878,black,120+0,e4 c5 Nf3 Nc6 Bb5 e6 c3 Qc7 O-O Nge7
1522,1595,white,420+0,d4 d5 c4 dxc4 Nc3 e6 e3 Bb4 Bd2 Bxc3
1414,1860,black,300+15,b3 e5 Bb2 d6 g3 Nc6 e3 Nf6 h4 Be7
1500,1987,black,180+0,d4 d5 c4 c6 e3 Nf6 Nf3 Bg4 Nbd2 a6
1845,1699,black,60+1,e4 c5 Nf3 Nc6 d4 cxd4 Nxd4 g6 Be3 Bg7
1517,1596,white,120+0,e4 c5 b4 Nc6 bxc5 b6 cxb6 axb6 Nf3 Bb7
1719,1500,white,300+8,e4 e5 Nf3 Nc6 d4 exd4 Nxd4 Qf6 Nxc6 Qxc6
1755,1846,black,900+8,Nf3 g6 d4 Bg7 Bf4 Nf6 e3 a6 Bc4 b5
1715,1785,black,420+0,e4 c5 Bc4 d6 Nf3 Nc6 Nc3 e6 a3 Nf6
1452,1446,black,-,e3 Nf6 b3 e5 Bb2 Nc6 Bb5 a6 Bxc6 dxc6
1415,1366,white,420+0,e4 e5 f4 exf4 Nf3 Nc6 Bc4 d6 d4 g5
1650,1713,black,60+0,Nf3 Nf6 d4 d6 c4 g6 Nc3 Bg7 e3 Nc6
1597,1643,black,240+3,e4 d5 exd5 Qxd5 Nc3 Qa5 Nf3 Nf6 d4 c6
1564,1326,black,900+10,e4 e5 f4 exf4 Nf3 d6 Bc4 a6 d4 Nf6
1826,1726,white,300+8,e4 e5 Nf3 Nc6 Bc4 Bc5 Nc3 d6 Na4 Bb6
1659,1754,white,120+2,d4 d5 c4 c6 Nc3 e6 Nf3 Nf6 Bg5 h6
1734,1783,black,180+4,d4 Nf6 c4 e6 Nc3 b6 Bg5 Be7 Nf3 h6
1352,1425,white,420+0,e4 e5 c3 Bc5 Nf3 d6 d4 exd4 cxd4 Bb6
1742,1759,white,600+10,d4 d5 e3 c5 c3 e6 f4 Qh4+ g3 Qd8
1289,1314,white,300+1,e4 d5 exd5 Nf6 Nc3 Nxd5 Nxd5 Qxd5 Nf3 Bg4
1670,1670,draw,300+0,e4 e5 Nf3 Nc6 Bc4 Bc5 Nc3 Nf6 h3 h6
1508,1530,black,120+0,e4 e5 Nf3 f5 exf5 Nf6 Nxe5 Bc5 Nc3 Bxf2+
1589,1673,white,600+5,d4 d5 c4 dxc4 e4 b5 a4 c6 axb5 cxb5
2029,1990,black,180+0,e4 d6 d4 Nf6 Nc3 c6 Be2 Nbd7 Be3 e5
1662,1337,white,180+0,d4 d6 e4 e5 dxe5 dxe5 Qxd8+ Kxd8 Nf3 Nd7
1879,1874,black,240+1,d4 Nf6 b3 e5 e3 Nc6 Nf3 e4 Nfd2 d5
1598,1754,black,0+3,d4 Nf6 Nf3 g6 Bf4 Bg7 h3 d6 c4 O-O
1500,1502,black,180+0,e4 e5 Nf3 Nf6 Nc3 Nc6 Nxe5 Bc5 d4 Bxd4
1466,1222,white,120+0,d4 d6 f3 Nd7 e4 e5 d5 Ngf6 g4 g6
1425,1666,black,120+2,d4 d5 e4 dxe4 Nc3 Nc6 Nxe4 Nxd4 Bc4 Bf5
2094,1947,white,0+1,d4 e5 e3 f6 Nf3 d6 dxe5 fxe5 Nxe5 Nf6
1500,1452,black,240+0,e4 e6 Nf3 c6 Bc4 d5 exd5 cxd5 Bb3 Bd7
1369,1259,black,900+0,e4 d5 e5 Nc6 d4 a5 Bb5 h5 Nf3 Nh6
1442,1694,white,240+1,e4 e5 Nf3 Nc6 Bc4 Nd4 d3 Nxf3+ Qxf3 Qf6
1795,1588,white,420+0,d4 d6 Bf4 Nd7 Nf3 Ngf6 h3 e6 e3 Be7
1641,1723,black,60+1,Nf3 Nf6 d4 d6 c4 g6 Nc3 Bg7 e3 Nc6
1670,1541,white,300+0,e4 e5 Nf3 Nc6 Bc4 Nf6 Nc3 d6 h3 Be7
1941,2105,black,0+1,e4 e6 d3 d5 e5 c5 d4 Nc6 c3 cxd4
1431,1407,white,480+3,d4 e6 e4 Nc6 Nf3 d6 Nc3 Nf6 Bb5 Bd7
1582,1535,black,420+0,e4 e5 Bc4 Nc6 Qh5 g6 Qf3 Nf6 c3 Bg7
1610,1605,white,300+3,e4 e5 Nf3 Nc6 Nc3 Bc5 Nxe5 Nxe5 d4 Bb4
1829,1748,black,300+0,b3 d5 Bb2 Nf6 Nf3 e6 g3 b6 d4 Bb7
1638,1888,black,300+5,e4 c5 Bc4 e6 Qe2 Nc6 c3 Be7 Bb3 d6
1761,1592,white,0+3,e4 b6 d4 Bb7 Bd3 e6 Nc3 c6 Be3 d5
2115,1935,black,0+1,e4 e5 Nf3 f5 Nxe5 d6 exf5 Nf6 Nf3 Bxf5
1340,1503,black,60+2,d4 e6 e4 d5 e5 c5 Nf3 cxd4 Qxd4 Nc6
1471,1437,black,60+0,d4 d5 f3 Nc6 g3 Be6 e4 f6 e5 fxe5
1473,1467,black,240+0,d3 e6 e3 d5 b3 a6 g3 b5 Bg2 Bb7
1932,1892,black,300+13,e4 e5 Nf3 Nc6 Nc3 Nf6 Bc4 Bc5 h3 d6
1632,1185,white,60+0,Nf3 d5 c4 c6 Nc3 e6 d4 Nf6 e3 Be7
1399,1301,white,300+1,d4 e6 f4 d5 c4 c6 Nf3 Bb4+ Bd2 Qf6
1583,1751,white,300+0,e4 c6 Nf3 d5 exd5 cxd5 Bb5+ Nc6 O-O Bg4
1723,1725,black,180+4,e4 c6 Nc3 d5 exd5 cxd5 Qh5 Nf6 Qf3 Bg4
1459,1483,draw,180+3,d4 d5 c4 Nf6 cxd5 Bf5 Nc3 Nxd5 Nf3 e6
2012,2006,black,180+0,d4 d5 c4 c6 e3 Nf6 Nf3 a6 Nc3 Bg4
1734,1793,black,420+0,d4 e6 Nf3 d5 c4 c5 dxc5 Bxc5 Nc3 Nf6
1564,1637,black,900+0,e4 c5 d4 cxd4 Qxd4 Nc6 Qc4 a6 Nc3 b5
1182,1634,black,60+0,d4 c5 d5 e6 dxe6 fxe6 Nc3 Nf6 Bg5 Nc6
1136,1526,black,300+0,e3 Nf6 d3 Nd5 c3 Nb6 Nd2 Nd5 Ngf3 Nf6
1459,1500,black,120+0,d4 d6 f3 g6 e4 Bg7 c3 Nc6 Bd3 e5
1323,1020,white,1800+10,e4 e5 Nf3 Nc6 Bc4 Bc5 d3 Qf6 O-O Qg6
1546,1412,black,900+10,e4 e5 Nf3 c6 d4 d5 exd5 exd4 Qxd4 Qxd5
1862,1615,draw,300+15,e4 c6 d4 d5 Nc3 Nf6 e5 Ng8 f4 Bf5
1284,1383,black,900+0,e3 e5 Nf3 Nc6 Nc3 Nf6 Bc4 d5 Bb3 d4
1185,1393,black,720+6,e4 e5 g3 d5 Bg2 d4 Nf3 Nc6 O-O Nf6
1500,1500,white,180+0,d4 Nf6 Nc3 d5 Bf4 Bf5 Nb5 Na6 a3 c6
1688,1679,white,240+0,e4 c6 Nf3 d5 e5 Bg4 d4 e6 Be2 Qb6
1541,1687,black,240+8,e4 e5 Nf3 Nc6 Bc4 h6 d4 exd4 Nxd4 Nxd4
1492,1673,black,300+0,d4 d5 e4 dxe4 Nc3 Nf6 f3 exf3 Qxf3 Nc6
1405,1736,white,300+8,e4 e5 Bc4 Nf6 c3 d5 exd5 Nxd5 Qb3 c6
1636,1667,white,0+1,Nf3 e6 d4 d5 c4 Nf6 Nc3 dxc4 e3 g6
1760,1816,black,300+0,d4 b5 e4 Bb7 f3 b4 a3 a5 axb4 axb4
1461,1721,black,240+1,e4 c5 Nf3 Nc6 Bc4 e6 Nc3 a6 O-O b5
1732,1539,white,60+1,g3 e5 Nf3 d5 Nxe5 Nf6 d3 Bc5 Nc3 Ng4
1871,1748,white,900+10,e4 c5 Nf3 e6 d4 cxd4 Nxd4 Bc5 Be3 Qb6
1764,1683,white,900+0,d4 d5 Bf4 c6 Nf3 Nf6 e3 Nbd7 Bd3 Ne4
1598,1501,white,300+0,e4 g6 Nf3 Bg7 e5 d6 exd6 cxd6 Be2 Nd7
1448,1347,black,300+5,b3 e5 Bb2 f6 e3 Bb4 Qg4 g5 Qxb4 d6
1655,1534,white,0+1,e4 e5 d4 Nc6 d5 Nd4 c3 Nb5 Bxb5 c6
1648,1537,black,60+0,Nf3 b6 d4 Bb7 c4 e6 Nc3 Ne7 d5 Ng6
1649,1617,white,600+0,e4 e5 Nf3 Nc6 Bc4 Bc5 O-O d6 d3 Qf6
1411,1371,white,420+0,e4 e5 f4 exf4 Nf3 d6 d4 Be6 Bxf4 Nf6
1738,1574,white,60+1,g3 c6 Nf3 d5 d3 g6 Nc3 Bg7 Bg2 Nf6
1313,1311,black,480+7,d4 e6 Nf3 d5 c3 Bd6 Qc2 Nf6 Bg5 O-O
1528,1542,black,480+8,d4 d5 c4 e6 Nc3 Bb4 Qb3 Bxc3+ Qxc3 Nc6
1500,1720,black,300+2,e4 e5 Nf3 Nc6 Bc4 h6 O-O Nf6 d4 Bd6
1483,1441,white,600+0,e4 c5 Nf3 h6 d4 d6 dxc5 Qa5+ Nc3 Qxc5
1917,1723,white,300+13,e4 c5 Nf3 d6 Nc3 Nf6 Bc4 Bg4 h3 Bxf3
1662,1562,white,60+0,e4 d5 exd5 Qxd5 Nc3 Qe6+ Be2 Nc6 Nf3 Qg6
1337,1710,white,180+2,d4 e6 e4 Nf6 e5 Nd5 c4 Nb6 Nf3 Bb4+
1452,1469,black,60+0,d4 d5 f3 f5 g3 Be6 h3 c6 g4 fxg4
1637,1273,white,900+0,e4 e5 Nf3 Nf6 Nc3 Nc6 Bc4 Bc5 h3 h6
1395,1500,black,600+0,f4 e5 fxe5 d6 exd6 Bxd6 Nf3 g5 g3 g4
1456,1894,black,240+1,e4 e5 Nf3 Nc6 Bc4 Nf6 Nc3 Bc5 d3 d6
1597,1719,black,420+7,c4 e5 e3 f5 Qh5+ g6 Qd1 b6 d4 e4
1998,1828,white,300+0,e4 c5 d4 cxd4 c3 dxc3 Nxc3 Nc6 Bc4 e6
1710,1800,black,420+2,e4 e6 e5 c5 Nf3 d5 exd6 Bxd6 Bc4 Nc6
1633,1552,black,60+0,d3 b6 e3 Bb7 Bd2 e6 Be2 Ne7 f3 Ng6
1662,1314,white,180+0,d4 c5 d5 e6 c4 b5 e4 bxc4 Bxc4 Na6
1613,1575,black,600+5,e4 c5 Bc4 e6 d4 cxd4 Qxd4 Nc6 Qd1 Nf6
1414,1269,white,900+0,e4 e6 d4 Nf6 Nc3 Bb4 Bd2 a5 e5 Ng8
1547,1570,white,420+0,d4 e6 c4 Bb4+ Nc3 Bxc3+ bxc3 Nf6 Qc2 h6
1568,1745,black,60+1,Nf3 Nf6 d4 g6 c4 d6 Nc3 Bg7 e3 Nc6
1554,1671,black,60+0,e4 e6 d3 d5 Nc3 d4 Nb1 e5 g3 Nc6
1486,1653,black,240+3,d4 Nf6 Nf3 d5 Nc3 e6 e3 c6 Bd3 Bd6
1441,1500,black,120+0,d4 d5 f3 c6 e4 Be6 e5 g6 f4 Bh6
1535,1629,white,240+8,e4 e5 Nf3 Nc6 Bc4 d6 d4 exd4 Nxd4 Bd7
1634,1594,white,300+5,e4 e5 Bc4 Bc5 d3 h6 c3 Nf6 h3 Nc6
1652,1338,white,60+7,d4 e6 g3 d5 Nf3 Nf6 c3 Bd6 Bg2 O-O
1772,1726,black,300+0,d4 e6 c4 c5 d5 Nf6 Nc3 Qa5 e4 Nxe4
1698,1481,white,240+0,e4 e5 f4 Bd6 Nf3 Nf6 fxe5 Bxe5 Nxe5 Qe7
1454,1529,black,240+1,e4 b6 Nf3 Bb7 Nc3 e6 Bb5 c6 Bd3 Bb4
1463,1408,black,180+4,e4 f5 Nc3 e5 d4 Nc6 d5 Nd4 Nge2 Bc5
1695,1760,white,180+2,e4 c5 Nc3 d6 Bb5+ Bd7 Qe2 a6 Bxd7+ Nxd7
1825,1752,white,300+0,b3 d5 Bb2 e6 Nf3 Nf6 g3 Be7 Bg2 b6
1541,1415,white,300+4,e4 e5 Bc4 Nf6 Nc3 Bc5 Nf3 Ng4 O-O d6
1678,1661,white,0+1,e4 e6 d4 c5 dxc5 Nc6 Nc3 Bxc5 Nf3 Qb6
1684,1604,black,300+8,e4 c5 d4 cxd4 Qxd4 Nc6 Qd5 Nf6 Qf5 e6
1833,1854,white,300+8,e4 e5 Nf3 Nc6 d4 exd4 Nxd4 Qf6 Nb5 Bd6
1752,1561,white,60+1,g3 c6 Nf3 d5 Bg2 Nf6 d3 e5 Nc3 Bb4
1678,1249,white,300+0,e4 c5 Nf3 d6 Bc4 Nc6 c3 h6 h3 Nf6
1568,1481,white,60+0,f4 d5 Nf3 c6 e3 e6 Be2 Bc5 O-O Nd7
1479,1674,black,240+0,e4 c5 Bc4 Nc6 c3 e6 d3 d5 exd5 exd5
1711,1792,white,180+2,e4 c6 f4 d5 exd5 Nf6 Nf3 e6 dxe6 Bxe6
1707,1311,white,180+0,d4 d5 Nc3 Nc6 Bf4 Nf6 Nb5 g6 Nxc7+ Qxc7
1434,1500,white,120+0,d4 d5 f3 c6 g3 e6 e4 dxe4 fxe4 Nf6
1370,1580,black,600+5,e4 e5 Nf3 Nc6 Bc4 Nf6 Ng5 d5 exd5 Na5
1925,1677,black,300+13,e4 d5 exd5 Qxd5 Nc3 Qe6+ Be2 Nc6 d4 Nb4
1510,1454,black,60+0,e4 e5 Qf3 Nf6 Bc4 Bc5 Nh3 d6 Ng5 Be6
1686,1751,white,300+8,e4 Nf6 e5 Nd5 c4 Nb4 a3 N4a6 b4 c6
1822,1735,black,180+4,Nf3 c6 b3 d5 Bb2 Nf6 e3 g6 d4 Bg7
1630,1258,white,900+0,e4 e6 d4 Bb4+ c3 Bd6 e5 Be7 Nf3 d6
1967,1635,black,300+8,e4 e5 Nf3 Nc6 Bc4 Bc5 Nc3 Nf6 O-O d6
1618,1669,white,300+8,e4 e5 Nf3 d6 d4 Bg4 Be2 Bxf3 Bxf3 exd4
1580,1185,white,60+0,e4 d5 d3 Nf6 e5 d4 Nf3 Nc6 Bg5 Ng4
2004,1955,draw,300+12,e4 c5 Nf3 d6 Bb5+ Nc6 O-O Bg4 h3 Bxf3
1300,1472,white,60+0,e3 e5 Nf3 e4 Ng1 d5 d4 Nc6 c4 dxc4
1662,1581,white,540+5,e4 e5 Nf3 d6 h3 Nf6 d4 Qe7 Bg5 h6
1688,1850,white,0+1,e4 e6 d4 d5 exd5 exd5 Nc3 Nf6 Nf3 Bd6
1587,1758,white,120+0,c4 Nf6 Nf3 g6 d4 Bg7 Nc3 d6 e4 O-O
1392,1553,black,300+3,e4 e5 Nf3 Nc6 Bb5 d6 c3 Bd7 Be2 Nf6
1701,1996,black,0+1,e4 e6 d4 Ne7 Nc3 Ng6 Nf3 Be7 Bd3 O-O
1181,1583,black,60+0,e4 d5 Nf3 dxe4 Nd4 Bg4 f3 exf3 gxf3 Bh5
1826,1642,draw,600+5,e4 c6 d4 d6 c4 Nf6 Nc3 Bg4 Nf3 Nbd7
1443,1500,black,120+0,d4 e6 f3 d5 g3 Nf6 Nc3 c5 e4 cxd4
1704,2006,black,240+0,e4 c5 Nf3 e6 d4 cxd4 Nxd4 a6 Be2 Qc7
1566,1588,black,120+0,b3 d5 Bb2 Nc6 e3 e5 Ne2 Nf6 Ng3 Bd6
1443,1550,white,900+10,e4 e5 Nf3 Nc6 Bc4 Nd4 Nxe5 Qg5 Nxf7 Qxg2
1389,1066,white,600+0,f4 Nf6 d3 d6 e4 e5 fxe5 dxe5 Be2 g6
1469,1497,white,60+0,e4 e6 Nc3 d6 d4 c6 Nf3 d5 exd5 cxd5
1698,2002,black,0+1,e4 e6 d4 Ne7 Nc3 Ng6 Nf3 Be7 Bd3 O-O
1643,1659,white,300+5,e4 e5 Bc4 Nf6 d3 Bc5 c3 Nc6 h3 h6
1659,1703,white,180+0,e4 d6 Nf3 e5 d4 Nc6 dxe5 dxe5 Qxd8+ Kxd8
1418,1493,white,600+0,e4 e5 Nf3 d6 Bc4 h6 Nc3 Nc6 d3 Bg4
1533,1586,black,600+5,d4 e6 Nf3 Nf6 Nc3 Nc6 a3 b6 e4 Bb7
1482,1466,black,180+3,e4 b6 b3 Bb7 f3 g6 Bb2 f6 Nh3 Bg7
2021,1903,black,180+0,d4 h5 Nf3 a5 c3 Nh6 e4 Na6 Bd3 d6
1394,1470,white,900+3,e4 e5 Qh5 Qe7 Nf3 g6 Qg5 Bh6 Qxe7+ Nxe7
1479,1487,black,240+0,d4 d5 c4 c6 Nc3 e6 Nf3 a6 cxd5 cxd5
2062,1826,black,60+1,e4 c6 d4 d5 e5 Qb6 c3 e6 f4 c5
1710,1700,black,240+0,Nc3 e5 Nf3 Nc6 d4 exd4 Nxd4 Nge7 Bg5 f6
1485,1482,draw,60+0,e4 e5 Nh3 Nf6 Ng5 d6 Bc4 Be6 Bxe6 fxe6
1549,1571,white,300+4,e4 d5 exd5 Qxd5 Nc3 Qa5 Bc4 Nf6 Nf3 Bg4
1726,1589,white,420+7,e4 d5 exd5 c6 dxc6 Nxc6 c3 Bf5 Bb5 a6
1681,1742,white,60+0,b4 Nf6 Bb2 g6 b5 Bg7 a4 d6 e3 e5
1500,1421,black,300+1,e3 e5 d3 f5 Nf3 Nc6 c3 d6 Na3 Nf6
1985,1630,white,300+0,d4 d5 c4 e6 Nc3 c6 e4 Nd7 e5 Bb4
1800,2010,black,180+0,e4 c5 c4 e5 Nc3 d6 d3 Nc6 h3 f5
1433,1443,white,300+5,b3 e5 Bb2 Nc6 e3 d5 Bb5 Qf6 Bxc6+ bxc6
1652,1859,black,300+8,e4 e5 Nf3 Nc6 Bb5 a6 Bxc6 dxc6 O-O Bd6
1436,1620,black,120+0,d4 e6 f3 Nf6 e4 d5 e5 Nfd7 f4 c5
1567,1545,black,240+0,d4 d6 e4 Nf6 Nc3 g6 Be3 Bg7 Bd3 O-O
1656,1491,black,60+7,d4 d5 g3 e6 Nf3 Nc6 Be3 Bd6 Qc1 Nf6
1749,1587,white,540+6,d4 d5 Nf3 c5 c3 c4 a4 Bg4 b3 cxb3
2045,1432,white,60+0,d4 d5 Nf3 Nc6 Bf4 Bf5 e3 e6 Nc3 Nf6
1482,1485,black,60+0,e4 e6 e5 d6 d4 dxe5 dxe5 Qxd1+ Kxd1 Nc6
1695,1749,white,60+0,b4 d5 Bb2 Nd7 b5 e5 a4 Nb6 e3 c5
2001,1934,white,300+8,Nf3 d5 g3 e6 Bg2 b6 c4 Bb7 cxd5 Bxd5
1392,1428,white,600+0,f4 b6 e4 Bb7 d3 Nc6 Nf3 d5 Nc3 d4
1529,1547,black,420+4,e4 f5 exf5 Nf6 Nc3 d5 Bb5+ c6 Ba4 b5
1558,1695,white,360+8,e4 c5 Nf3 d6 Bc4 Nf6 Nc3 Bg4 h3 Bh5
1500,1505,draw,60+0,e4 e6 Nf3 d5 exd5 Qxd5 d4 e5 c4 Qd6
1712,1605,black,240+0,e4 e5 f4 exf4 Nf3 Nc6 d4 g5 h3 h6
1697,1425,white,180+2,Nc3 e5 d4 exd4 Qxd4 Nc6 Qd3 Bb4 a3 Bxc3+
1537,1534,black,180+0,e4 a6 Nf3 b5 d4 Bb7 d5 Nf6 Nbd2 c5
1748,1808,black,180+4,d4 Nf6 c4 g6 Nc3 d5 e3 Bg7 Nf3 O-O
1549,1185,white,240+8,e4 e5 Nf3 f6 d4 c6 dxe5
1728,1847,black,60+1,g3 c6 Bg2 d5 Nf3 Qc7 d3 e5 Nc3 Bg4
1736,2046,white,60+0,e4 e5 c4 Nc6 Nc3 Bc5 d3 d6 h3 f5
1333,1454,white,300+6,e4 e5 Nf3 Nc6 Bb5 Bc5 d3 a6 Ba4 b5
1646,1733,black,540+3,d4 f5 c4 Nf6 Nf3 e6 Bg5 Be7 e3 O-O
1496,1470,black,60+0,e4 e5 Bc4 Bc5 Qh5 Nf6 Qxe5+ Qe7 Qxe7+ Kxe7
1934,1701,black,420+2,d4 d6 c4 Nf6 Nc3 Nbd7 e4 e5 d5 Be7
1907,1180,white,300+13,e4 e5 Nf3 f6 Nc3 c6 Bc4 d5 exd5 b5
1728,1634,white,120+0,e4 c5 f4 Nc6 Nf3 d6 d4 cxd4 Nxd4 Bd7
1500,1778,white,120+1,e4 e5 Nf3 d6 d4 exd4 Nxd4 Nf6 Nc3 Be7
1843,1939,black,600+7,e4 e6 Nc3 d5 exd5 exd5 d4 Nf6 Bg5 Be7
1856,1720,white,60+1,d4 Nf6 Nf3 d6 g3 g6 Bg2 Bg7 O-O Nc6
1648,1505,black,120+0,e4 e6 Bc4 d6 d3 c6 Be3 d5 exd5 cxd5
2151,1883,white,600+5,d4 d5 c4 dxc4 Nf3 e6 e3 b5 a4 c6
1439,1536,black,300+6,e4 e5 Nf3 Nc6 Bc4 Nd4 Nxd4 exd4 d3 d6
1701,1724,white,300+2,e4 e5 Nc3 a6 d4 Nc6 d5 Nce7 Bg5 f6
1483,1484,black,60+0,e4 e6 e5 Qf6 d4 Qe7 Nf3 Qb4+ Bd2 Qb6
2025,1755,white,60+0,d4 d5 Nf3 e6 Bf4 f5 e3 Bd6 c4 Bxf4
1263,1218,white,300+0,Nf3 Nc6 e4 e5 d4 exd4 Nxd4 Nxd4 Qxd4 c5
1627,1988,black,300+0,e4 c5 Nf3 d6 d4 cxd4 Nxd4 Nf6 Nc3 a6
1845,1817,white,300+8,e4 c6 d4 d5 e5 Bf5 Bd3 Bxd3 Qxd3 Qa5+
1480,1500,black,300+0,d4 d6 e4 e5 dxe5 Nc6 exd6 Bxd6 Bd3 Qe7
1820,1456,white,600+5,e4 e5 Nf3 Nc6 Bb5 Nf6 O-O Nxe4 Re1 Nxf2
1554,1404,white,300+2,e4 e5 f4 exf4 Nf3 f6 Bc4 Bc5 d4 Bb4+
1741,1892,white,900+10,d4 d5 c4 e6 a3 Nf6 Nc3 Be7 Nf3 O-O
1502,1515,white,60+0,e4 d6 d4 e6 Nf3 Be7 Bd3 b6 O-O Bb7
1783,1817,black,360+0,d4 Nf6 Nf3 g6 c3 d5 Ne5 Bg7 e3 Nfd7
1691,1556,white,240+0,e4 e6 d4 g6 f4 Bg7 Nf3 d5 Nc3 dxe4
1430,1496,black,120+0,d4 e6 f3 b6 e4 Bb7 e5 g6 f4 Bg7
1751,2029,black,60+0,e4 e5 c4 Nc6 Nc3 Bc5 d3 Qf6 h3 Qxf2#
1625,1737,white,120+0,e4 b6 Nf3 Ba6 Bxa6 Nxa6 d3 d5 O-O dxe4
2029,1915,white,180+0,d4 e5 dxe5 d6 c4 Nc6 Nc3 Nxe5 e3 Nf6
1545,1283,black,300+5,e4 d5 exd5 Qxd5 Nc3 Qe5+ Be2 Qg5 Bf3 Qe5+
2034,1747,white,60+0,e4 c5 Bc4 Nc6 Qf3 e6 c3 a6 Ne2 b5
1495,1471,white,60+0,e4 e5 Nh3 Nf6 d3 Bc5 Be3 Nc6 Bxc5 d6
1445,1430,white,300+5,b3 e5 Bb2 e4 e3 d5 d3 Bf5 g3 Nf6
1377,1342,black,300+5,e4 e5 Nf3 Nc6 Bc4 a6 d4 exd4 Ng5 f6
1708,1815,black,60+0,b4 e6 Bb2 Nf6 b5 d6 a4 d5 e3 c6
1907,1648,white,300+13,e4 c6 Nf3 d6 Nc3 Nf6 Bc4 Bg4 h3 Bh5
1323,1407,black,300+5,e4 e5 Qh5 Nc6 Bc4 g6 Qf3 Qe7 Nc3 Nf6
1722,1642,white,120+0,e4 e5 f4 Be7 Nf3 exf4 d4 Bh4+ Nxh4 Qxh4+
1452,1511,black,900+3,d4 Nf6 Bf4 d6 Nc3 Nc6 d5 Nb4 e4 Bg4
1624,1395,white,60+0,e4 e5 Nf3 Nc6 Bc4 Nf6 d3 h6 O-O Ng4
1655,1563,white,300+5,e4 d5 exd5 c6 dxc6 Nxc6 Bb5 Qc7 Bxc6+ Qxc6
1779,1697,white,240+0,d4 d5 c4 e6 cxd5 exd5 a3 Nf6 Nc3 Be7
1631,1500,draw,300+0,e4 e5 Qh5 Nc6 Bc4 g6 Qf3 Nf6 c3 d6
1764,1789,white,120+1,d4 e6 e3 Nf6 Nf3 b6 g3 Bb7 Bg2 Be7
1721,1797,black,420+2,e4 e6 e5 a6 Nf3 Be7 Be2 d6 O-O Nc6
1743,2038,black,60+0,e4 e5 c4 Bc5 d3 Qf6 Qf3 Qg6 Be2 Nc6
1665,1464,white,60+0,e4 e5 Nf3 Nf6 Nc3 d5 exd5 Nxd5 Nxd5 Qxd5
1670,1758,black,540+5,e4 e5 Nf3 Nc6 d4 exd4 Nxd4 Nxd4 Qxd4 c5
1639,1470,white,60+7,d4 d5 g3 Nc6 Nf3 b6 Bg2 Bb7 O-O e6
1713,1864,black,60+1,g3 c6 Nf3 d5 Bg2 Bg4 d3 Bxf3 Bxf3 e5
1460,1505,black,60+0,e4 Nc6 Nf3 Nf6 e5 Nd5 d4 e6 Bc4 d6
1665,1421,white,180+0,e4 f5 d3 Nf6 e5 Ng4 d4 d6 h3 Nh6
1561,1541,black,300+4,e4 c5 Bc4 e6 Nc3 Nc6 Nf3 a6 a3 Qc7
1421,1500,white,120+0,d3 d5 d4 e5 f3 Be6 dxe5 Be7 f4 Nh6
1650,1741,black,540+3,e4 e6 Nf3 c5 Nc3 a6 Bc4 Nc6 O-O Nf6
1823,1700,white,60+0,d4 c5 d5 d6 c4 e5 Nc3 f5 e4 fxe4
1570,1638,black,300+2,e4 e5 Bc4 Qf6 Nf3 Bc5 d3 h6 a3 d6
1714,1461,white,240+0,e4 e6 Nc3 b6 d4 Bb7 d5 g6 dxe6 fxe6
1416,1719,black,180+0,d4 d6 f4 e5 fxe5 Nc6 Nf3 Bg4 e3 Qd7
1291,1498,white,600+0,d4 d5 e3 Bf5 Bd3 Bxd3 Qxd3 e6 Nd2 Nc6
1705,1731,white,60+0,d4 d5 g3 c5 Bg2 cxd4 Qxd4 e6 e3 Nc6
1631,1608,white,600+0,d4 d5 c4 dxc4 e3 b5 a4 a6 axb5 Bb7
1893,1795,black,180+0,d4 d5 Nf3 Nf6 g3 e6 Bg2 a6 O-O b6
1609,1456,white,120+2,e4 e6 d4 b6 Nc3 Bb7 Nf3 g6 Bd3 Bg7
1778,1777,black,120+1,d4 c5 e3 cxd4 exd4 g6 Nf3 Bg7 c3 Nf6
1459,1523,white,900+10,d4 e5 dxe5 Nc6 f4 Nh6 e3 Nf5 Ne2 Bc5
1719,1698,black,180+2,Nc3 d5 e3 e5 Qh5 Bd6 Nxd5 c6 Nc3 Nf6
1681,1516,white,900+0,b4 e6 Bb2 Nf6 a3 c6 Nf3 Qc7 e3 a6
1514,1450,black,60+0,e4 e5 Qf3 Nc6 Bc4 f6 Nh3 Bc5 Bxg8 Rxg8
1802,1815,white,420+0,d4 e6 c4 d5 Nc3 Nf6 Bg5 Be7 e3 O-O
1500,1500,white,300+0,e4 e5 Nf3 d6 g3 Nc6 Bg2 f5 d3 Nf6
1019,1173,white,240+4,e4 e5 d4 Nc6 d5 Nd4 c3 Qh4 g3 Qxe4+
2017,1987,black,240+0,e4 d6 d4 Nf6 Nc3 Nbd7 Be2 e5 d5 g6
1949,1810,black,60+0,d4 d5 c4 e6 Nc3 Be7 Nf3 Nf6 Bf4 Nbd7
1872,1706,white,60+1,d4 Nf6 Bg5 d6 c4 g6 Nc3 Bg7 e4 h6
1430,1459,white,120+0,d4 d5 f3 e6 g3 c5 e4 dxe4 fxe4 cxd4
1646,1500,white,60+7,d4 e6 g3 Bd6 Bg2 c6 Nf3 Na6 c3 Nf6
1565,1628,black,300+0,e4 e5 Nf3 d6 d4 exd4 Nxd4 Qe7 Bd3 f5
1758,1739,white,180+4,e3 c6 Ne2 d5 Ng3 Nf6 c3 e5 d4 Bd6
1680,1589,white,300+0,e4 e6 Nf3 d5 e5 c6 d4 Na6 Bxa6 bxa6
1524,1631,white,600+0,d4 d5 Be3 c5 Nf3 cxd4 Bxd4 e6 g3 Be7
1519,1549,white,240+0,e4 e5 Nf3 Nc6 Bc4 h6 O-O Nf6 Nc3 Bc5
1517,1480,black,120+0,d3 g6 e4 Bg7 Nf3 e6 Nc3 Ne7 d4 O-O
1879,1855,white,300+8,d4 d5 Nf3 Nf6 c3 Nc6 e3 Bf5 Nbd2 e6
1855,1800,white,300+15,e4 e6 d4 b6 Nf3 Bb7 Bd3 Nf6 Qe2 h6
1464,1502,black,60+0,e4 e6 e5 d6 d4 dxe5 Nf3 exd4 Nxd4 Bc5
1500,1554,black,300+8,e4 e5 Nf3 Bc5 Nc3 d6 Bb5+ c6 Ba4 Nf6
1379,1366,black,300+5,e4 e5 Nf3 Nf6 c3 Nxe4 Nxe5 Qe7 d4 d6
1598,1500,white,600+10,e3 d6 d4 Nd7 Nd2 Nb6 c4 d5 cxd5 Qxd5
1136,1051,white,240+4,e4 d5 e5 e6 d4 c5 c3 c4 Nf3 f6
1709,1706,black,180+2,e4 Nc6 d4 Nf6 Nc3 d5 e5 Ne4 f4 e6
1453,1441,black,300+8,e4 e5 Nf3 Nc6 Bb5 a6 Bxc6 dxc6 Nxe5 Qd4
1933,1951,black,60+0,d4 e5 c4 e4 e3 f5 Nc3 Nf6 Bd2 d5
1473,1384,white,300+0,d4 d6 Nc3 e5 d5 Nf6 e4 c6 f4 Nh5
1652,1787,black,60+7,d4 Nf6 g3 e6 c3 c5 dxc5 Bxc5 Nf3 Ne4
1641,1794,black,900+0,e4 d5 exd5 Nf6 Nc3 Nxd5 Nxd5 Qxd5 Nf3 e5
1720,1740,white,120+0,e4 e5 f4 d6 Nf3 Bg4 d4 Nd7 h3 Bxf3
1789,1765,black,120+1,e4 e5 Nf3 d6 d4 exd4 Nxd4 Nf6 Nc3 Be7
2011,2002,black,240+0,e4 c5 Nf3 e6 d4 cxd4 Nxd4 a6 Nc3 Qc7
1555,1662,white,300+5,e4 e5 f4 exf4 Nf3 Be7 h4 d6 d4 Bg4
1511,1453,draw,60+0,e4 e5 Qh5 Nc6 Bc4 g6 Qf3 Nf6 d4 exd4
1480,1616,white,120+2,e4 e5 Qf3 Nc6 Bc4 Nf6 d3 Nd4 Qd1 c6
1750,2042,black,60+0,e4 e5 Nf3 Nc6 Bc4 Bc5 O-O Nf6 Nc3 d6
1825,1775,black,60+0,Nf3 e6 d4 Ne7 c4 Ng6 Qc2 Be7 e3 O-O
1830,1500,white,60+0,d4 d6 c4 e5 Nc3 exd4 Qxd4 Nc6 Qd1 Nf6
1557,1643,black,300+0,e4 e5 Nf3 Nc6 Bc4 Bc5 O-O Nf6 Nc3 O-O
1529,1733,white,900+10,e4 e5 Nf3 Nf6 Bc4 Nc6 O-O h6 Re1 Bc5
1337,1662,white,300+0,e4 Nc6 d4 d5 exd5 Qxd5 Nf3 e5 Be3 Bg4
1961,1923,black,60+0,e4 c5 d4 e6 c3 cxd4 Nf3 dxc3 Bc4 Nc6
1378,1247,black,300+0,Nf3 d5 d4 e6 Qd3 h6 e4 Nf6 e5 Ne4
2011,1878,white,300+8,Nf3 e6 c4 Ne7 Nc3 d5 cxd5 Nxd5 e4 Nxc3
1341,1509,black,180+0,d4 d5 c4 e5 dxe5 Be6 cxd5 Qxd5 Nc3 Qxd1+
1455,1510,black,60+0,e4 e5 Nf3 Nf6 d3 d5 Bg5 h6 Bxf6 Qxf6
1617,1538,black,600+0,b3 c6 Bb2 d5 d4 g6 c4 Bg7 Nf3 Bf5
1538,1579,black,240+0,d4 Nf6 c4 d5 Nc3 c6 e3 e6 a3 Be7
1562,1801,black,420+0,e4 c5 Bc4 e6 a3 Nc6 c3 Nf6 d3 g6
1814,1834,black,60+0,d4 e6 e3 d5 c4 Nf6 Nc3 c6 Nf3 Be7
1729,1794,black,180+4,d4 Nf6 c4 e6 Nc3 b6 Bg5 Be7 e4 h6
1950,1835,black,600+7,Nf3 g6 g3 Bg7 Bg2 Nf6 O-O Kf8 d4 Nd5
1746,1839,black,60+0,d4 e6 c4 Ne7 Nc3 Ng6 e4 Be7 Bd3 O-O
1644,1341,white,60+7,d4 Nc6 g3 d5 c3 e5 dxe5 Nxe5 Bg2 b6
1809,1756,white,480+8,d4 d5 c4 c6 Nc3 e6 Bf4 Nd7 e3 h6
1477,1339,white,180+0,e4 e5 Nf3 d6 Nc3 f6 d4 Bg4 dxe5 Bxf3
1845,1889,white,300+8,e4 c5 Nf3 e6 Nc3 Nc6 d4 cxd4 Nxd4 a6
2046,1436,black,60+0,d4 d6 Nf3 e5 dxe5 Nc6 exd6 Bxd6 Nc3 Bg4
1641,1462,white,300+0,e4 e5 Qh5 Nc6 Bc4 g6 Qf3 Nf6 c3 Bg7
1813,2016,black,240+0,e4 c5 Nf3 e6 d4 cxd4 Nxd4 a6 Nc3 Qc7
1518,1572,black,420+4,e4 e5 Nf3 d6 Bc4 h6 d3 Nf6 h3 a6
1579,1662,white,720+0,d4 d5 c4 dxc4 Qa4+ Nc6 e3 Bd7 Qxc4 Nf6
1935,1949,white,60+0,d4 e5 c4 e4 e3 f5 Nc3 Nf6 Bd2 d5
1519,1446,white,60+0,e4 e5 f4 exf4 Qf3 g5 g3 Nf6 gxf4 gxf4
1738,1844,black,60+0,d4 e6 c4 d5 cxd5 exd5 Nf3 Nf6 g3 c6
1803,1875,black,60+0,d4 e6 Nf3 Ne7 Bg5 h6 Bxe7 Bxe7 e4 O-O
1710,1728,white,0+1,c3 d5 d4 e6 e3 f5 Bd3 Nf6 Qe2 a6
1456,1252,white,300+5,b3 e6 Bb2 Be7 Bxg7 Bf6 Bxh8 Bxh8 c3 d5
1718,1699,white,180+2,Nc3 d5 e3 e5 Nf3 Nf6 Nxe5 c5 Bb5+ Bd7
1505,1443,black,120+0,d4 c5 dxc5 Nc6 Nc3 e5 Qd5 Nb4 Qe4 d5
1736,1449,white,240+0,e4 e6 d4 b6 Nf3 Bb7 c4 g6 Nc3 Bg7
1649,1569,white,300+5,e4 d5 exd5 c6 dxc6 Nxc6 Bb5 Qc7 Bxc6+ Qxc6
2107,1732,white,120+0,d4 d5 c4 c5 dxc5 e6 cxd5 Bxc5 Nc3 Nf6
1795,2028,draw,60+0,Nf3 d5 e3 c5 d4 Nc6 c4 e6 cxd5 exd5
1938,1947,black,60+0,e4 c5 d3 e6 f4 d5 Nf3 d4 e5 f6
1335,1545,black,240+0,d4 b6 c4 Bb7 d5 g6 e4 Bg7 f4 d6
1862,1910,black,60+0,e4 e6 d3 Ne7 f4 g6 Nf3 Bg7 Nc3 O-O
1730,1555,white,0+1,e3 b6 d4 Bb7 f3 e6 e4 Ne7 b3 Ng6
1716,1491,white,120+0,e4 e5 c4 d6 Nc3 Be6 d3 Nf6 h3 Be7
1437,1527,black,60+0,f4 e6 e3 b6 e4 Bb7 e5 Nh6 d4 Ng4
1601,1410,white,120+2,e4 e5 Nf3 Nc6 Bc4 Nf6 Ng5 d5 exd5 Nxd5
1651,1500,white,300+0,e4 b6 g3 Bb7 Bg2 d5 exd5 Bxd5 f3 Nh6
1721,1803,white,180+4,d4 Nf6 c4 e6 Nc3 b6 Bg5 Be7 Nf3 h6
1433,1566,black,300+0,d4 d5 f4 e6 Nf3 Nf6 g3 c5 Bg2 c4
1480,1228,white,300+0,d4 d5 e4 dxe4 Nc3 Nf6 f3 exf3 Qxf3 Nc6
1415,1500,white,300+0,e4 e5 Nf3 d6 Bd3 Qf6 b3 Nc6 Bb2 Nd4
1749,1607,white,540+3,e4 e5 Bc4 Nf6 d3 Bc5 Nc3 O-O Na4 Bb6
1549,1260,black,300+0,e4 c5 Nf3 d6 Bc4 h6 O-O e5 h3 f5
1598,1649,black,600+0,e4 c6 Bc4 d5 exd5 cxd5 Bb3 Bf5 Nc3 Nf6
1938,1852,white,60+0,e4 d6 d4 e6 Nf3 d5 e5 f6 Bd3 c5
1649,1350,white,300+0,e4 d5 exd5 Qxd5 Nc3 Qd8 d4 e6 Bd2 Bb4
1744,1730,black,60+0,e4 b6 d3 Bb7 c3 e6 Qc2 d5 Nd2 Nf6
1957,1927,black,60+0,d4 e5 c4 e4 e3 f5 Nc3 Nf6 Bd2 d5
1535,1428,white,60+0,e3 e5 Bc4 e4 Qh5 g6 Qe5+ Be7 Qxh8 Bf6
1411,1301,black,300+2,d4 e6 e4 Qh4 Qe2 c5 Nf3 Qh5 d5 exd5
1790,1712,white,300+2,e4 e5 Nf3 Nc6 Nc3 a6 d4 Bd6 dxe5 Bxe5
1766,1596,white,540+6,d4 Nc6 Nf3 d5 g3 Bg4 Bg2 Nf6 h3 Bxf3
1740,1713,black,0+1,b3 c5 Bb2 Nc6 c3 Nf6 c4 g6 e3 Bg7
1625,1684,white,360+0,e4 e5 Nf3 Nc6 Bc4 h6 d3 Nf6 h3 Bc5
1368,1606,white,120+2,e4 e5 Nf3 Nf6 d4 exd4 Qxd4 Nc6 Qe3 Ng4
1613,1698,black,900+0,e4 b6 Qf3 Bb7 d3 e6 Be2 g6 Be3 Bg7
1420,1543,black,60+0,e4 e5 d3 Bc5 Nc3 Nf6 Nd5 d6 Nxf6+ Qxf6
1641,1551,black,300+4,e4 e6 d4 c5 Nf3 cxd4 Nxd4 Nc6 Nxc6 bxc6
1866,1957,draw,300+15,e4 c5 Nf3 d6 d4 cxd4 Nxd4 Nc6 Bb5 Bd7
1500,1581,black,180+0,d4 e6 a3 d5 Nc3 b6 Bf4 Bb7 Nb5 Na6
1500,1659,black,240+3,e4 c5 Nf3 Nc6 Bb5 Qc7 O-O d6 d4 cxd4
1482,1338,white,600+0,d4 e6 c4 d5 Nc3 c6 c5 b6 b4 b5
1844,1818,white,300+20,d4 e6 d5 exd5 Qxd5 Nf6 Qe5+ Be7 Bg5 Nc6
2021,1844,white,60+0,e4 e6 Nf3 d5 exd5 exd5 d4 Nf6 Be3 c5
1966,1801,white,60+0,e4 c6 d4 d5 exd5 cxd5 Nf3 Nf6 Be2 Bg4
1291,1498,black,300+0,e4 e6 d4 d5 Nd2 c5 c3 Nc6 Ngf3 Qb6
1449,1721,white,60+0,d4 d5 Nc3 e6 Bf4 c5 e3 c4 Nf3 f6
1397,1556,draw,900+0,e4 g6 e5 Bg7 d4 e6 c4 Ne7 c5 O-O
1939,1945,black,60+0,e4 c5 d4 e6 c3 d5 Nf3 Nf6 e5 Nfd7
1500,1725,white,240+1,e4 e6 Nh3 b6 Qf3 Bb7 Bd3 h6 Be2 Nf6
1550,1413,black,60+0,e4 e5 Qf3 d6 Bc4 f6 Nh3 Bxh3 Qxh3 Be7
1532,1805,white,1200+0,e4 e5 Nf3 Nc6 Nc3 Nf6 a3 Bc5 h3 O-O
1526,1291,black,300+5,e4 b6 f3 e5 Bc4 Nf6 Ne2 d5 exd5 Nxd5
1795,1740,white,60+0,d4 d6 Nf3 Nf6 Bg5 Ne4 Bh4 c5 Nbd2 Nxd2
1639,1986,white,60+0,e4 e6 d3 Ne7 Nf3 Ng6 Bg5 Be7 Be3 O-O
2022,1989,white,240+0,d4 d5 c4 e6 Nf3 Nf6 Nc3 Bb4 e3 Bxc3+
1500,1721,black,0+1,e4 e6 d3 d6 c3 g6 f3 Bg7 g3 b6
1371,1513,black,300+8,e4 e5 Qh5 Nc6 Bc4 g6 Qf3 Nf6 d3 d6
1956,1928,black,60+0,d4 e5 c4 e4 Nc3 f5 e3 Nf6 Bd2 b5
1430,1438,white,480+5,c4 g5 Nc3 Bg7 g3 Bxc3 bxc3 d5 cxd5 Qxd5
1742,1802,white,240+0,d4 e6 e4 d5 Nc3 Nf6 e5 Nfd7 f4 c5
1692,1246,white,240+0,d4 d5 Nf3 g6 Bf4 e6 h3 h6 e3 Bg7
1530,1521,black,300+0,e4 e5 Nf3 Nc6 Bc4 h6 Nc3 Nf6 d3 Bb4
1486,1703,black,120+0,e4 d5 exd5 Nf6 Nc3 Nxd5 Nxd5 Qxd5 d4 e5
1940,1944,black,60+0,e4 c5 f4 e6 Nf3 d5 e5 f6 d4 Nc6
1718,1923,white,180+0,e4 g6 Nf3 Bg7 d4 e6 c4 d6 Nc3 c6
1506,1495,draw,1800+0,e4 c5 Bc4 Nc6 a3 e6 Nf3 Nf6 Nc3 Nxe4
1461,1280,black,300+5,b3 c5 Bb2 d6 e3 h6 Bb5+ Bd7 Bxd7+ Qxd7
1936,2027,black,60+0,d4 d5 Nf3 e6 e3 c5 c4 Nc6 dxc5 Bxc5
1563,1762,white,300+4,e4 e5 Bc4 Bc5 Nf3 Nc6 Ng5 Qxg5 d4 Qxg2
1823,1500,white,600+5,e4 c5 Nf3 d6 d4 cxd4 Nxd4 g6 Be3 Bg7
1791,1838,white,60+0,e4 e6 d3 d5 e5 c5 Nf3 f6 exf6 Nxf6
1605,1491,white,900+0,e4 e5 Qf3 Bc5 d3 Qf6 Be2 Nh6 Qxf6 gxf6
1740,1734,black,240+0,e4 c6 f4 d5 e5 Bf5 g4 Be4 Nf3 h5
1428,1535,draw,60+0,e4 e6 e5 d5 d4 Bb4+ Bd2 Be7 Nf3 Nc6
1591,1279,white,120+2,e4 e6 d4 d6 c4 c5 d5 exd5 cxd5 Nd7
1411,1408,white,480+8,e4 e5 Bc4 Qh4 Nf3 Qxe4+ Qe2 Qxc2 Qxe5+ Ne7
1790,1595,black,600+15,e4 e5 Nf3 Nc6 Bc4 Nf6 d3 Bc5 Nc3 d6
1731,1827,white,60+0,d4 e6 c4 d5 cxd5 exd5 Nc3 Nf6 Nf3 c5
1648,1595,white,720+0,e4 c6 d4 d5 e5 e6 c4 c5 cxd5 Qxd5
1804,1873,white,60+0,Nf3 d6 d4 e5 dxe5 Nc6 exd6 Bxd6 e3 Bg4
1955,1929,black,60+0,d4 e5 c4 f6 Nc3 d6 e3 Bf5 Bd2 c5
1827,1551,white,240+0,Nf3 b6 b3 Bb7 Bb2 f6 e3 h6 Ne5 Be4
1519,1330,white,300+0,e4 e5 Nf3 Nf6 Nc3 Nc6 Bc4 Bb4 a3 Bxc3
1309,1690,black,300+0,g3 e5 e4 d6 Nf3 f5 d3 Nf6 Bg2 Nc6
1252,1364,black,300+0,e4 e5 Nf3 d6 d4 Bg4 d5 Be7 h3 Bd7
1877,1857,black,300+8,d4 d5 Nf3 e6 c3 Bd6 Nbd2 Nf6 e3 Nbd7
1235,1594,black,120+2,Nf3 Nc6 Nc3 e5 e4 Nf6 d4 exd4 Nxd4 Bc5
2037,1745,white,60+0,d4 b6 Nf3 Bb7 e3 e6 Bc4 Nf6 Bb3 d5
1913,1589,white,300+13,e4 Nf6 Nc3 d5 exd5 Nxd5 Nxd5 Qxd5 Nf3 Bg4
1560,1657,white,300+5,e4 e5 f4 exf4 Nf3 Be7 h4 d6 d4 Bg4
1507,1397,black,300+2,e4 e5 d3 f6 Nf3 Nc6 Nh4 Bc5 Qh5+ g6
1484,1587,black,300+0,d4 d5 e4 dxe4 Nc3 Bf5 f3 exf3 Nxf3 Nf6
1728,1481,white,0+1,c3 e6 d4 d6 e4 Bd7 g3 Nc6 Bg2 Nce7
1525,1497,black,300+0,e4 b6 d4 Bb7 Nc3 g6 Nf3 Bg7 Bc4 e6
1532,1431,white,60+0,e4 e5 Qf3 Nc6 Bc4 Nf6 Nh3 Bc5 Ng5 Qe7
1716,1283,white,300+0,e4 e6 d4 g6 f4 Bb4+ Bd2 Bxd2+ Qxd2 a6
1941,1944,black,60+0,e4 c5 b4 e6 bxc5 Bxc5 d4 Be7 Nf3 d5
1831,1792,black,300+0,Nf3 c5 b3 Nc6 Bb2 d6 e3 e5 Bb5 f5
1578,1643,white,300+8,e4 c6 Bc4 d5 exd5 cxd5 Bb3 a6 Qf3 Nf6
1624,1547,black,240+0,e4 b6 f4 Bb7 d3 g6 Nc3 Bg7 Nf3 Nf6
1745,1728,white,240+0,d4 c5 c4 cxd4 Qxd4 Nc6 Qd1 g6 Nf3 Bg7
1675,1523,black,900+0,e4 c5 Bc4 e6 Nc3 a6 a4 Qc7 d3 Nf6
1873,1823,white,300+0,d4 Nf6 c4 e6 Nc3 Bb4 Qc2 b6 a3 Bxc3+
1476,1344,white,120+0,e4 e5 d3 Bb4+ Bd2 Bf8 a3 d6 Nc3 Nh6
1638,1500,black,360+0,e4 e5 Nf3 Nc6 Bc4 Nf6 Ng5 d5 exd5 Nd4
1500,1738,white,300+1,e4 e6 d4 d5 exd5 exd5 c4 dxc4 Bxc4 Nc6
1662,1790,black,240+0,e4 e6 Nf3 d5 exd5 exd5 d4 Nf6 Nc3 Bb4
1030,1286,black,600+5,e4 e5 d4 f6 d5 c6 d6 Ne7 c4 Ng6
1781,1434,black,540+6,d4 d5 Nf3 Nc6 g3 Bf5 a3 e6 Bg2 Nf6
1746,1574,white,120+1,d4 Nf6 c4 e6 Nc3 b6 Bg5 Be7 e3 h6
1694,1858,black,240+0,d4 Nf6 Nf3 d5 h3 c5 c3 Nc6 Bf4 cxd4
1954,1930,white,60+0,d4 e5 c4 d5 Nc3 e4 e3 f5 Bd2 Nf6
1557,1545,white,480+3,e4 Nf6 e5 Nd5 d4 Nc6 Bc4 e6 Nf3 a6
1423,1540,black,60+0,e3 e6 e4 d6 d4 f6 Nf3 g5 Nc3 h5
1816,1554,white,60+0,Nf3 Nf6 d4 e6 c4 b6 Bg5 Bb7 Bxf6 Qxf6
1877,1906,draw,180+0,e4 g6 Nf3 Bg7 d4 e6 Bd3 Ne7 O-O d6
1227,1487,white,900+0,d4 e6 Nc3 c5 dxc5 Bxc5 Bf4 Nc6 h3 Qa5
1320,1753,black,180+0,e4 d6 Nf3 e5 Bc4 Bg4 d3 Nc6 h3 Bh5
1403,1633,black,900+0,e4 e5 d4 exd4 Qxd4 Nc6 Qe3 g6 Bb5 Bg7
1735,2041,white,0+1,c3 b6 d4 Nc6 f3 e6 g3 d5 Bg2 Bd7
1580,1647,white,300+4,e4 e5 Bc4 Bc5 Nf3 Qf6 O-O h6 Nc3 c6
1484,1308,white,120+0,Nf3 d6 e4 e5 d4 Bg4 Be2 exd4 Nxd4 Bxe2
1920,1964,white,60+0,e4 c5 d4 e6 c3 cxd4 Nf3 d5 Be2 dxc3
1824,1605,black,240+1,e4 e5 Nf3 Nf6 Nc3 d5 Be2 d4 Nd5 Nxd5
1550,1884,black,1200+0,e4 e6 Nf3 d5 e5 c5 d4 Nc6 Bb5 Qb6
1612,1588,white,900+0,e4 c5 Qf3 b6 d3 Bb7 Be3 e5 Nd2 b5
1372,1244,white,300+0,e4 e5 Nf3 d6 Be2 c5 d3 Nc6 h3 d5
1334,1488,white,600+0,e4 e5 Ne2 Bc5 c3 Qf6 f3 d6 a3 a5
1747,1650,black,480+8,d4 d5 c4 e6 a3 Nc6 Nf3 Nf6 Nc3 Be7
1628,1727,black,360+0,e4 e6 d4 d5 Nc3 dxe4 Nxe4 Nf6 Nxf6+ Qxf6
1467,1604,white,600+7,e4 e5 Nf3 d6 Nc3 Nf6 Nd5 Nxe4 Bd3 Nf6
1500,1587,white,120+1,e4 d5 exd5 Qxd5 Nf3 Bf5 c4 Qa5 Nc3 e6
2074,2020,black,60+0,d4 d5 Nf3 e6 e3 c5 b3 Nc6 Bb2 Nf6
1717,1755,black,240+0,c4 c6 Nc3 d5 cxd5 cxd5 d4 Nf6 g3 e6
1415,1312,black,60+0,Nf3 e5 d4 Nc6 dxe5 Nxe5 Nxe5 Qe7 Bf4 d6
1765,2039,black,0+1,b3 b6 Bb2 Bb7 f3 e6 e4 Nf6 g4 d5
1166,1500,draw,480+2,Nf3 e6 d4 Qf6 Nc3 Bd6 h3 Nc6 a3 a5
1952,1932,black,60+0,d4 e5 c4 f5 Nc3 e4 e3 d5 Bd2 Nf6
1790,1706,white,240+0,d4 d5 c4 c6 Nc3 Nf6 Bg5 e6 a3 Be7
1913,1416,white,60+0,e4 e5 Nf3 Nc6 Bc4 Bc5 O-O Nf6 c3 O-O
1788,1695,draw,420+8,e4 e5 Nf3 Nc6 Bc4 h6 c3 Nf6 Qb3 Qe7
1442,1728,black,480+5,c4 e5 Nc3 Nf6 d3 Bb4 Nf3 O-O Nxe5 d6
1575,1364,white,300+5,e4 b6 d4 Bb7 f3 e6 c4 Bb4+ Bd2 Qh4+
1715,1756,white,540+3,e4 e6 f4 Qh4+ g3 Qe7 Nf3 f6 d4 d5
1795,1931,white,600+7,f4 e6 Nf3 d5 e3 c5 b3 Nc6 Bb2 Nf6
1348,1561,black,240+0,d4 b6 e3 Bb7 f3 g6 Bb5 Bg7 Ne2 Nf6
1264,1735,black,300+0,d4 d5 c4 e6 Nc3 Bb4 Bd2 Nf6 e3 Bxc3
1798,1688,black,240+0,d4 g6 c4 Bg7 Nc3 d6 e4 f5 f3 Nf6
1567,1585,white,480+3,e4 e6 d4 c5 d5 exd5 exd5 d6 Bb5+ Nd7
1759,2044,black,0+1,d3 b6 e4 Bb7 g3 e6 Bg2 Nf6 b3 d6
1904,1650,black,240+0,d4 d5 Bf4 e6 e3 Bd6 Nf3 Bxf4 exf4 Nc6
1764,1707,white,240+0,d4 d5 c4 Nf6 Nc3 g6 Nf3 Bg7 e3 c6
1472,1297,white,240+0,d4 c5 dxc5 e6 Be3 Nf6 Nc3 Ng4 Bd4 e5
2034,2060,black,60+0,d4 e6 Nf3 b6 Bf4 Bb7 e3 f5 c4 Nf6
1490,1518,black,120+0,a4 Nf6 b3 e5 Nc3 d5 d4 Nc6 dxe5 Nxe5
1464,1665,black,240+3,e3 d5 d4 Nf6 b3 e6 Bb2 Be7 Nc3 c6
1513,1209,white,300+0,e4 e5 Nf3 Nc6 Bc4 h6 d4 exd4 Nxd4 Nxd4
1917,1414,white,60+0,e4 e5 Nf3 Nc6 Bc4 Bc5 d3 Nf6 c3 d6
1943,1941,white,60+0,e4 c5 g3 e6 Nc3 d5 Bg2 Nf6 e5 Nfd7
1334,1506,black,60+2,d4 Nf6 d5 d6 c4 Nbd7 Nc3 Nc5 e3 Bf5
1878,1905,black,180+0,e4 g6 Nf3 Bg7 d4 e6 Nc3 d6 Bd3 Ne7
1516,1538,white,300+0,e4 e5 Nf3 Nc6 Bc4 h6 d4 exd4 Nxd4 Bc5
1360,1205,white,180+0,d4 d5 Nc3 Nf6 Bf4 e6 Nb5 Bd6 Qd2 Bxf4
1400,1281,white,60+0,Nf3 d6 d4 e5 e3 c5 dxc5 dxc5 Qxd8+ Kxd8
1753,1758,black,0+1,d4 e5 dxe5 Nc6 f4 d6 Qd3 dxe5 Qxd8+ Kxd8
1806,1819,black,300+0,e4 c5 Nf3 Nc6 c3 d5 exd5 Qxd5 d4 Bg4
1920,1275,white,0+1,g3 d5 Bg2 Nc6 d4 Be6 e3 Nf6 Ne2 g6
1931,1954,black,60+0,d4 e5 c4 d5 Nc3 e4 e3 c6 Bd2 a6
1884,1803,white,300+0,d4 c5 d5 e5 e4 f5 exf5 Nf6 Nc3 d6
1922,2049,black,0+1,e4 b6 d3 Bb7 g3 e6 Bg2 Nf6 Ne2 d5
1308,1757,white,60+8,d4 e6 c4 f5 e3 Nf6 Nf3 c6 Bd3 d5
1588,1557,black,600+0,e4 f5 exf5 Nf6 h3 d5 g4 e6 Bg2 exf5
1766,1594,black,240+0,e4 c5 Nf3 e6 d4 d5 exd5 exd5 Bb5+ Nc6
1646,1248,white,1020+17,e4 e5 Nf3 Nc6 Nc3 Nf6 a3 d5 Bd3 d4
1411,1493,black,300+2,e4 e5 d3 d6 f3 Qh4+ g3 Qd8 Qe2 Nf6
1634,1594,white,300+4,e4 e6 b3 Nc6 Bb2 Nf6 Qe2 e5 Nf3 d6
1500,1552,black,300+10,d4 d5 Bf4 e6 Nc3 g5 Bg3 h5 h4 Bb4
1964,1921,white,60+0,e3 c5 f3 e6 f4 d5 f5 Nf6 fxe6 fxe6
1903,2058,black,0+1,g3 b6 Bg2 c6 d4 Bb7 e3 d5 Ne2 Nf6
1741,1479,white,120+0,d4 c6 c4 d6 Nc3 a6 e4 Bd7 f4 b5
1697,1773,white,240+0,e4 c6 f4 d5 e5 Bf5 d3 h5 Be2 Bg6
1880,1916,black,180+0,e4 g6 d4 Bg7 Nf3 e6 Nc3 d6 Bd3 Ne7
1180,1155,white,360+3,d4 d5 Nf3 b6 g3 f6 Bg2 g5 O-O g4
1658,1500,white,720+0,e4 e6 d4 g6 c4 Bg7 e5 d6 f4 dxe5
1482,1249,black,240+0,d4 c5 dxc5 Qa5+ Bd2 Qxc5 Be3 Qb4+ Nc3 Qxb2
1769,1749,black,60+3,e4 e5 d4 exd4 c3 d3 Bxd3 Nc6 Nf3 Bc5
1711,1655,black,300+0,e4 e5 d4 exd4 c3 dxc3 Bc4 cxb2 Bxb2 Bb4+
1407,1445,black,60+0,Nf3 d6 Ng5 Nc6 Nxf7 Kxf7 e3 Ke8 Be2 g6
1639,1383,white,900+0,e4 e6 Nf3 h6 Bc4 c6 O-O a6 a4 Bb4
1818,1752,white,900+0,d4 d5 Nf3 Bf5 Bf4 Nf6 h3 h6 g4 Bh7
1620,1680,black,360+0,e4 d5 exd5 Qxd5 Nc3 Qa5 Nf3 c6 d4 Bf5
1787,1919,white,300+20,e4 e5 Nf3 Nf6 Nc3 Bb4 d3 d5 exd5 Nxd5
1887,1612,white,60+0,e4 c5 Nf3 g6 Bc4 Bg7 O-O Nc6 c3 Nf6
1476,1735,black,300+1,e4 e6 Nf3 d5 e5 c5 d4 Qb6 Be3 Qxb2
2066,2023,white,60+0,e4 e5 Nf3 Nc6 Bb5 Bc5 c3 a6 Bxc6 dxc6
1387,1151,white,-,e4 Nf6 Nf3 e5 Bc4 d6 Ng5 Bg4 f3 Bc8
1369,1513,white,600+2,e4 e5 Nf3 f6 Nc3 Bb4 a3 Bc5 d4 Bb6
1782,1790,black,240+0,d4 Nf6 c4 e6 Nf3 c6 Nc3 d5 e3 Nbd7
1911,1973,white,60+0,d4 e6 c4 g6 Nc3 c6 Nf3 a6 Bg5 f5
1435,1199,white,180+0,d4 d5 Nc3 e6 a3 Bc5 dxc5 c6 b4 Nf6
1293,1460,white,300+1,e4 e5 Nf3 Nc6 c3 Nf6 d4 exd4 e5 Ne4
1699,1721,white,180+0,e4 e5 d3 Bc5 c4 d6 f3 Qh4+ g3 Qd8
1961,1924,black,60+0,f3 c5 g4 e6 h4 d5 h5 Nf6 d3 h6
1896,1773,white,360+0,e4 c5 Nf3 Nc6 d4 cxd4 Nxd4 e6 Nc3 a6
1813,1608,white,60+0,d4 c5 c3 cxd4 cxd4 g6 Nc3 Bg7 Nf3 d6
1572,1578,black,480+3,e4 e5 Nf3 d6 d4 c6 dxe5 Qe7 exd6 Qxe4+
1698,1867,white,300+0,e4 b6 d4 Bb7 Nc3 e6 Nf3 Nf6 Bg5 Be7
1917,1672,white,300+13,e4 e6 Nf3 d5 exd5 exd5 d4 Nf6 Bd3 c6
1569,1576,black,600+0,d4 d5 f4 Bf5 Nc3 e6 Nf3 Nf6 e3 Bg6
1748,1776,white,540+6,d4 d5 Nf3 Bf5 g3 Nf6 Bg2 e6 O-O Bd6
1935,1949,black,60+0,d4 f6 c4 g5 Nc3 c6 e3 h5 Nf3 h4
1595,1446,white,240+1,e4 e6 Nh3 d5 Qf3 dxe4 Qxe4 Nf6 Qf3 Qd5
1896,1475,white,0+1,e4 e6 d4 d6 Nf3 Be7 Bd3 c6 O-O Bd7
1549,1506,black,60+0,b3 e6 Bb2 d6 e3 Nf6 Ne2 Be7 Ng3 Bd7
2012,2078,black,60+0,d4 b6 Nf3 Bb7 c4 e6 Nc3 Nf6 Bg5 h6
1870,1794,black,180+0,e4 d5 exd5 Nf6 Nc3 c6 dxc6 Nxc6 Bb5 e5
1619,1421,white,660+8,e4 e5 Nf3 d6 Nc3 Bg4 Be2 Nf6 O-O Be7
1528,1460,black,300+0,e4 c5 Bc4 Nc6 Nc3 d6 Nf3 Bg4 d3 Nf6
1750,1458,white,180+0,e4 e5 Nf3 d6 Bc4 Nc6 c3 Be7 d4 Nf6
1795,1893,black,300+0,f4 b6 e4 Bb7 Nc3 d6 d4 Nd7 Nf3 g6
1737,1901,black,0+1,f3 e6 g3 Ne7 h4 Nec6 b3 f6 Bb2 Be7
1959,1925,white,60+0,e4 c5 d4 e6 c3 cxd4 Nf3 d5 e5 f6
1724,1455,white,120+1,e4 d6 d4 e6 Bd3 Nf6 f3 Nc6 c3 d5
1602,1818,white,60+0,e4 e6 Nf3 d5 exd5 exd5 Nc3 Nf6 d4 c5
1843,1971,white,300+0,e4 e5 Nf3 Nc6 d4 exd4 Nxd4 Nf6 Nxc6 bxc6
1453,1412,black,240+0,d4 f5 Bf4 Nf6 Nc3 d5 Qd2 e6 O-O-O Bb4
1473,1543,white,120+0,Nf3 Nc6 e3 e5 d3 d6 Bd2 Bg4 Be2 Nf6
1801,1620,black,60+0,d4 c5 c4 cxd4 Qxd4 Nc6 Qd1 g6 Nc3 Bg7
1790,1711,white,180+0,e4 c5 Nf3 d6 Bb5+ Bd7 Bxd7+ Qxd7 c4 e5
1500,1500,white,240+5,e4 e6 Nf3 d5 exd5 exd5 Qe2+ Be7 Nc3 Nf6
1518,1694,white,60+0,e4 e6 d3 d5 exd5 exd5 Nc3 Nf6 Be2 Bd6
1643,1610,white,300+5,e4 c5 Bc4 e6 Qe2 d6 Bb3 Nc6 c3 Nf6
1661,1751,black,240+1,e4 e5 Nf3 d6 Bc4 Nc6 d3 Bg4 h3 Bh5
1760,1711,white,240+0,d4 d5 c4 c6 Nc3 Bf5 Nf3 h6 cxd5 cxd5
1438,1446,black,480+5,c4 e5 Nc3 Nf6 d3 Bb4 Nf3 d6 g3 O-O
1707,1660,white,360+0,e4 e5 Nf3 d6 d4 exd4 Nxd4 Qe7 Nc3 f5
1743,1728,black,540+3,e4 e5 f4 d5 exd5 e4 d3 Bf5 c4 Bb4+
1916,1969,white,60+0,d4 f6 c4 Nh6 Nc3 Nf7 Nf3 e6 Bf4 d5
1325,1288,white,180+6,e3 e5 d4 exd4 Qxd4 Nf6 a3 c5 Qd1 Nc6
1903,1787,white,300+0,d4 c5 dxc5 e6 b4 a5 c3 axb4 cxb4 Qf6
1869,1866,black,300+8,e4 e6 d4 d6 Bd3 c6 Nc3 Nd7 Nh3 Be7
1638,1784,white,60+0,e4 e6 Nf3 d5 Nc3 dxe4 Nxe4 Nf6 Nc3 Be7
1621,1289,white,300+3,e4 e5 Nf3 d6 Nc3 c5 Nd5 Nc6 c3 Be6
1397,1333,white,60+0,Nf3 d5 d4 f6 e3 e5 c3 Bf5 dxe5 fxe5
1561,1496,black,300+0,e4 e5 Nf3 Nc6 Bc4 Bc5 Nc3 Nf6 d3 h6
1473,1733,white,600+0,d4 d5 c4 c6 Nc3 b6 Bf4 e6 e3 h6
1809,1857,white,180+0,e4 e5 f4 d6 Nf3 Bg4 d4 Nc6 Bb5 a6
1928,1915,white,60+0,d4 b6 c4 Bb7 Nc3 e6 Nf3 d6 Bg5 Be7
1644,1740,black,300+1,e4 e6 d4 d5 exd5 exd5 Qe2+ Be6 Nc3 Be7
1677,1534,black,60+0,e4 d6 d4 e6 Nc3 b6 Nf3 Bb7 Bd3 Nd7
1771,1500,white,240+0,d4 e6 c4 d5 Nc3 Nf6 e3 Bb4 Nf3 O-O
1701,1769,black,240+0,e4 c6 d4 d5 Nd2 dxe4 Nxe4 Nf6 Ng3 g6
1500,1495,black,1800+0,e4 c5 Nf3 d6 Bc4 Nc6 Ng5 e6 d3 Ne5
1648,1700,white,120+2,e4 a6 Bc4 e6 d4 c5 Nf3 b5 Be2 cxd4
1810,1912,black,600+7,e4 e6 f4 d5 e5 c5 Nf3 Nc6 d4 cxd4
1733,1487,white,120+0,b3 e5 Bb2 d6 g3 Be6 Bg2 Nc6 d3 Nf6
1892,1462,white,0+1,e4 Nh6 d3 f5 g3 g6 Bg2 e6 exf5 exf5
1610,1798,black,360+0,e4 e6 d4 d5 e5 c5 c3 Nc6 Nf3 Bd7
1515,1419,black,300+10,d4 e6 f4 d6 e4 Be7 e5 d5 Bd2 h6
1769,1655,white,60+0,d4 c5 d5 d6 c4 e5 Nc3 f5 Nf3 Nf6
1892,1938,white,60+0,e4 c5 Nf3 e6 c3 d5 exd5 exd5 Be2 Nf6
1587,1558,black,600+0,e4 f5 Bc4 Nf6 exf5 d5 Bb5+ c6 Ba4 Bxf5
1325,1172,black,480+2,e4 c6 Bc4 d5 exd5 cxd5 Bb5+ Nc6 Ba4 b5
1242,1258,black,180+2,Na3 e5 e4 Nc6 b4 b5 c3 Nf6 d4 exd4
1850,1467,white,180+0,e4 c6 Nf3 e6 d4 d5 e5 Ne7 Bd3 Ng6
1703,1644,white,180+0,d4 e6 e3 Nc6 Nf3 Be7 h3 Nf6 c4 O-O
1584,1644,black,300+4,e4 e5 Bc4 Bc5 Nf3 Qf6 O-O h6 d3 d6
1668,1760,white,60+0,d4 e6 c4 d5 Nf3 Nf6 Nc3 Be7 e3 O-O
1550,1661,black,60+0,e4 e6 d3 d5 exd5 exd5 Nc3 Nf6 Be3 Bd6
1334,1207,white,180+6,e3 e5 a3 d5 b4 Be6 Bb2 Bd6 g3 Ne7
1547,1377,white,1200+0,e4 c5 Nf3 Qa5 Nc3 Qb4 a3 Qb6 h3 Nf6
1597,1587,black,240+1,e4 e5 Nf3 Nc6 Bc4 Bc5 d3 Nf6 Bd5 O-O
1500,1298,black,420+0,e4 e5 d3 d6 Nd2 Nc6 Ngf3 Nge7 h4 Bg4
1646,1776,black,60+0,e4 e6 Nf3 d5 exd5 exd5 d4 Nf6 Nc3 c5
1201,1269,black,180+2,Na3 e5 e4 Nc6 c3 Nf6 d4 exd4 cxd4 Bxa3
1350,1422,white,300+8,e4 e5 Nf3 Nc6 Bb5 h6 O-O a6 Ba4 b5
1723,1656,black,600+8,e4 e5 Qh5 d6 Bc4 g6 Qf3 Qf6 d3 Qxf3
1527,1631,black,300+0,e4 e5 Nf3 d6 h3 Nf6 Nc3 c6 Bc4 Nbd7
1739,1926,white,0+1,e3 c5 d4 e6 dxc5 Bxc5 b4 Be7 a3 Nf6
1482,1745,black,120+0,e4 e5 d3 Be7 Bd2 Nf6 a3 O-O Nc3 d5
1511,1416,white,900+0,e4 c5 Qf3 Nc6 Bc4 Nd4 Qxf7#
1747,1683,white,60+0,e4 c5 Nf3 g6 d4 cxd4 Nxd4 Nc6 Be3 Bg7
1669,1917,black,0+1,e4 e6 d4 Ne7 Nc3 Ng6 Nf3 Be7 Bd3 O-O
1542,1683,black,60+0,e4 e6 d3 c5 c4 Nf6 Be3 d5 exd5 exd5
1519,1142,black,300+0,e4 c6 Nf3 d5 e5 Bf5 d4 h6 c4 a6
1784,1639,draw,60+0,d4 c5 d5 d6 c4 e5 dxe6 Bxe6 Nc3 Nf6
1774,1468,white,60+0,e4 e5 Nf3 Nf6 Bc4 Bd6 O-O O-O c3 Nc6
1509,1548,black,300+0,e4 e5 Nf3 Nc6 Bc4 Bc5 d3 h6 Be3 Bxe3
1673,1756,black,60+0,d4 e6 c4 d5 Nf3 Nf6 Nc3 Be7 e3 O-O
1377,1236,white,300+0,e4 e5 Bc4 d6 Nf3 c5 d3 Nh6 Ng5 Nc6
1328,1385,black,900+0,d4 e6 Nc3 c5 dxc5 Bxc5 Bf4 Nc6 e3 a6
1712,1418,white,480+1,e4 e5 Nf3 Nc6 Bb5 Qf6 Bxc6 Qxc6 O-O Qxe4
1485,1500,white,300+2,e4 e5 Nf3 d6 Nc3 c5 Bb5+ Bd7 Bxd7+ Qxd7
1768,1911,white,0+1,g3 c5 Bg2 e6 b3 d5 Bb2 Nf6 c3 Be7
1442,1454,white,120+0,d4 e6 f3 d5 g3 Nf6 Nc3 Nc6 e4 dxe4
1664,1724,black,0+1,e4 c5 Nf3 Nc6 d4 cxd4 Nxd4 g6 Nc3 Bg7
2089,2084,white,120+0,e4 c6 d4 d5 e5 e6 f4 c5 c3 Qb6
1778,1692,black,240+0,d4 c6 c4 d5 Nc3 Nf6 Nf3 g6 e3 Bg7
1923,1834,white,300+13,e4 e5 Nf3 Nc6 Nc3 d6 Bc4 Be7 h3 Na5
1526,1647,black,180+0,e4 c5 Nf3 Nc6 c4 d6 d3 e5 Bd2 Bg4
1697,1712,white,180+0,d4 d5 c4 c6 Nc3 e6 Bf4 f5 Nf3 Bd6
1535,1926,black,60+0,e4 e6 d3 Ne7 c4 Ng6 Be3 Be7 Be2 O-O
1464,1809,black,60+0,d4 e5 dxe5 Nc6 e4 Bc5 Bb5 Nxe5 Nf3 Ng6
1478,1384,black,180+0,d4 d5 Nc3 Nf6 Bf4 Bg4 Nb5 Na6 a3 c6
1342,1344,black,180+6,e3 b6 d4 Bb7 a3 e6 b4 Nf6 Bb2 Bd6
1733,1655,black,0+1,e4 e6 Nf3 d5 exd5 exd5 d4 Nf6 Bd3 Bd6
1715,1594,white,300+0,e4 e5 d4 exd4 c3 dxc3 Bc4 cxb2 Bxb2 Bb4+
1644,1660,white,900+0,e4 c5 Nf3 e6 Bc4 Qc7 O-O a6 a4 b6
1643,1779,white,60+0,e4 e6 Nf3 d5 exd5 exd5 d4 Nf6 Nc3 c5
1764,1664,black,60+0,e4 c5 Nf3 g6 d4 cxd4 Nxd4 Nc6 Be3 Bg7
1790,1719,black,0+1,b3 Nf6 Bb2 c5 Bxf6 exf6 c4 d5 g3 dxc4
1897,1682,white,60+0,d4 Nf6 c4 c5 Nc3 cxd4 Qxd4 Nc6 Qd1 g6
1407,1478,draw,120+0,e4 a5 Nf3 b6 d4 Bb7 Bc4 e6 d5 Nf6
1716,1495,white,480+1,e4 e5 Nf3 d6 h3 Nf6 Nc3 Be6 Bb5+ c6
1858,1945,white,300+0,e4 e5 Nf3 Nc6 d4 exd4 Nxd4 Nf6 Nxc6 bxc6
1930,1533,white,60+0,e4 d6 d4 e6 Nf3 b6 Bd3 Be7 O-O Nf6
1653,1740,black,300+5,e4 e6 d4 d5 exd5 exd5 Bd3 Nf6 h3 Bd6
1589,1500,white,480+3,e4 g5 d4 g4 Qxg4 d5 Qf3 dxe4 Qxe4 Nf6
1509,1500,black,300+5,e4 e5 f3 Nf6 c3 Be7 Bc4 O-O d3 c6
1669,1720,draw,0+1,e4 c5 d4 cxd4 Nf3 Nc6 Nxd4 g6 Nc3 Bg7
1834,1461,white,60+0,e4 e5 Nf3 Nc6 Bc4 d6 c3 h6 O-O Nf6
1764,1659,black,60+0,d4 c5 d5 d6 c4 e5 dxe6 Bxe6 Nc3 g6
1750,1531,white,60+0,d4 d6 c4 e6 Nc3 Be7 e4 b6 Bd3 Bb7
1604,1500,white,600+10,e3 e6 Qf3 Nc6 Nh3 Ne5 Qf4 d6 d4 g5
1828,1829,white,300+20,e4 d5 exd5 Nf6 Nc3 Nxd5 Nxd5 Qxd5 d3 Nc6
1677,1901,black,60+0,e4 c5 c3 e6 d4 d5 exd5 exd5 Nf3 Nf6
1679,1750,black,60+0,d4 e6 c4 d5 Nf3 Nf6 Nc3 Be7 Bg5 O-O
1772,1885,black,540+6,d4 d5 Nf3 Nf6 g3 e6 Bg2 c6 O-O Bd6
1526,1397,black,240+1,e4 e5 Nf3 Nc6 Bc4 Nf6 d3 a6 Ng5 Qe7
1773,1934,black,0+1,e4 b6 d4 Bb7 d5 d6 c4 Nd7 f4 Ngf6
1458,1854,white,60+0,e4 e5 d3 Bc5 Nc3 c6 Nf3 Nf6 Be2 d5
1847,1808,white,420+0,d4 e6 Nf3 d5 Bf4 c5 e3 Nc6 c3 Nf6
1494,1481,black,180+0,e4 e5 Nf3 Nf6 Nc3 d5 Nxe5 dxe4 d4 c5
1291,1734,black,300+2,d4 d5 c4 c6 e3 Nf6 a3 Bf5 Nf3 e6
1604,1325,white,360+0,e4 e6 Nf3 d5 exd5 exd5 d4 Nf6 Nc3 Nc6
1533,1888,black,1200+0,e4 e6 d4 d5 Nc3 Bb4 Nf3 Nf6 Bg5 dxe4
1759,1670,black,60+0,e4 c5 Nf3 g6 d4 cxd4 Nxd4 Nc6 Be3 Bg7
1719,1670,white,0+1,e4 e6 Nf3 d5 exd5 exd5 d4 Nf6 h3 Bd6
1526,1946,white,60+0,e4 b6 Bc4 Bb7 Qf3 e6 d4 Be7 Ne2 d6
1646,1521,white,360+8,e4 e5 g3 b6 Bg2 Bb7 d3 d6 Nf3 h6
1675,1750,white,60+0,e4 e6 Nf3 c5 Nc3 d6 d4 cxd4 Nxd4 a6
1608,1519,black,300+5,d4 d5 c4 e6 Nf3 Nf6 g3 Nc6 Bh3 dxc4
1764,2102,black,0+1,g3 b6 Bg2 Bb7 Bxb7 c6 Bxa8 Qc7 Bxc6 Qxc6
1572,1643,white,300+0,e4 e5 f4 exf4 Nf3 Nc6 d4 g5 h4 g4
1514,1554,white,720+10,d4 d5 Nf3 Nc6 e3 e6 Bb5 Bd7 Bxc6 Bxc6
1736,1689,black,60+0,d4 c5 d5 d6 c4 e5 Nc3 f5 e4 Nf6
1309,1527,black,420+0,d4 e6 e3 d5 Nf3 c5 Nbd2 Nc6 Bb5 Bd7
1427,1639,black,480+5,c4 c5 Nc3 Nf6 Nf3 Nc6 g3 e6 Bg2 d5
1409,1476,white,120+0,e4 c6 Nf3 e6 d4 d6 Bd3 g6 O-O Bg7
1392,1246,white,1020+17,e4 e5 Nf3 Nc6 d4 d5 Bb5 f6 dxe5 dxe4
1547,1906,black,60+0,e4 c5 Bc4 e6 d3 d5 exd5 exd5 Bb5+ Nc6
1700,1709,black,180+0,d4 d5 b3 Nf6 Bb2 Bf5 f3 e6 a3 Bd6
1908,1708,black,0+1,e4 d6 d4 e6 Nf3 g6 Bd3 Bg7 c3 Ne7
1702,1476,white,60+0,e4 e5 Nf3 Nf6 Bc4 d6 c3 Bg4 Qb3 Be7
1513,1329,white,60+3,g3 e5 Bg2 Nc6 e3 Bc5 Ne2 Nf6 O-O O-O
1684,1745,black,60+0,e4 e5 Nf3 Nc6 Bc4 Bc5 Nc3 Nge7 Ng5 O-O
1760,1702,black,0+1,f3 c5 d4 g6 dxc5 Qa5+ c3 Qxc5 b4 Qc7
1507,1759,black,240+5,e4 e5 Nf3 Nc6 Bb5 d6 Bxc6+ bxc6 d4 f6
1661,1728,black,0+1,e4 c5 Nf3 Nc6 d4 cxd4 Nxd4 g6 Nc3 Bg7
1553,1728,black,1200+0,e4 e6 Nf3 d5 e5 c5 d4 cxd4 Nxd4 Nd7
1379,1634,white,300+1,e4 e5 Nf3 Nc6 Be2 d6 Nc3 Be7 d3 Nf6
1706,1765,white,240+0,f4 c6 Nf3 d5 b3 Nf6 Bb2 g6 e3 Bg7
1447,1412,white,240+1,e4 e5 Nf3 d5 Nc3 Nf6 Nxd5 Nxd5 exd5 Qxd5
1471,1734,black,60+0,d4 e6 e4 c5 d5 d6 Nc3 e5 Be3 Ne7
1736,1651,white,0+1,e4 e6 Nf3 d5 exd5 exd5 d4 Nf6 c3 Bd6
1559,1732,black,540+3,c3 e5 e4 f5 exf5 d5 g4 Nh6 d4 e4
1013,1339,white,900+15,d4 d5 e4 dxe4 d5 f6 c4 Nh6 Nc3 e5
1743,1725,black,0+1,d3 d5 c4 e6 cxd5 exd5 b3 c6 Bb2 f6
1279,1366,black,180+2,e4 e5 Nf3 Nc6 Bc4 Nf6 O-O Nxe4 d3 Nf6
1518,1169,white,180+0,e4 Nh6 Nf3 e5 Bc4 Bc5 O-O c6 Nxe5 b5
1724,1878,black,60+0,d4 b6 c4 Bb7 Nc3 e6 Nf3 Be7 e4 Nf6
1369,1610,black,600+10,b3 e6 Ba3 Nc6 Bxf8 Kxf8 Nc3 Nh6 Ne4 d5
1934,1576,white,300+13,e4 e5 Nf3 Nc6 Nc3 Bc5 Bc4 Nf6 h3 b6
1754,1675,black,60+0,e4 c5 Nf3 g6 d4 cxd4 Nxd4 Nc6 Be3 Bg7
1171,1355,black,300+3,Nf3 Nc6 d4 d5 a3 Nf6 h3 e6 Bg5 Be7
1544,1672,black,60+0,e4 e5 d4 d6 d5 f5 f3 Nf6 h3 fxe4
1743,1735,black,180+0,e4 Nf6 e5 Nd5 c4 Nb6 d4 d6 f4 Bf5
1558,1272,draw,300+0,e4 e5 Nf3 Qf6 Bc4 c6 d4 exd4 Qxd4 Qxd4
1827,1851,black,900+10,d4 d5 c4 e6 c5 Nf6 Nf3 Be7 Nc3 a6
1536,1462,white,120+0,e4 e5 Bc4 Nf6 d3 a6 f4 b5 Bd5 c6
1727,1717,white,0+1,d4 e6 e3 d6 b3 d5 Bb2 Nf6 c4 c5
1758,1736,white,120+1,e4 d6 d4 e6 Bd3 g6 Be3 Bg7 Ne2 Ne7
1600,1484,draw,300+0,e4 e5 Nf3 Nc6 Nc3 Bc5 Na4 d6 Nxc5 dxc5
1890,1449,white,60+0,e4 e6 d4 d5 exd5 exd5 Nf3 c6 Be2 Bf5
1500,1820,black,600+8,Nf3 d5 d4 h6 e3 Nf6 Bd3 c6 O-O Ne4
1729,1647,white,300+8,e4 e5 Nf3 Nc6 d4 exd4 Nxd4 Nxd4 Qxd4 c5
2106,2074,white,120+0,e4 c6 d4 d5 e5 e6 f4 c5 c3 Qb6
1678,1798,black,180+2,d4 Nf6 e3 e6 Bd3 c5 dxc5 Bxc5 f4 Qb6
1689,1741,white,60+0,e4 e5 Nf3 Nc6 Bc4 Bc5 d4 exd4 c3 d3
1500,1519,black,60+3,d4 g6 Nf3 Bg7 c3 e6 g3 Ne7 Bg2 O-O
1532,1555,black,600+10,e4 e5 Nf3 Nc6 Bb5 Nd4 Nxd4 exd4 Bc4 Qh4
1741,1707,black,0+1,c3 e6 d4 d5 f3 Nf6 e3 c5 Bd3 cxd4
1447,1562,black,120+0,e4 e6 Nf3 d5 exd5 exd5 d4 Nf6 Nc3 g6
1698,1746,black,420+8,e4 c5 Nf3 d6 Nc3 g6 d4 cxd4 Nxd4 Bg7
1742,1744,black,60+0,d4 c5 Nf3 cxd4 Nxd4 g6 Nf3 Nc6 e4 Bg7
1727,1715,white,60+0,e4 c5 c4 g6 Nc3 Bg7 d3 Nc6 h3 e6
1688,1415,white,360+8,e4 e6 d4 Bb4+ Bd2 Bxd2+ Qxd2 Qh4 Nc3 b6
1893,1447,black,60+0,e4 e6 d4 d5 e5 c5 Nf3 b6 c3 Nc6
1716,1719,black,240+0,d4 d5 Nf3 Nc6 e3 Bf5 Bd3 Bg6 O-O Nf6
1614,1500,white,600+10,e3 d5 Nf3 Nf6 Nc3 e6 e4 dxe4 Ne5 Bd6
1729,1702,white,60+0,e4 c5 Nf3 g6 d4 cxd4 Nxd4 Nc6 Nc3 Bg7
1267,1191,white,900+0,e4 e5 c3 Nf6 Qe2 Bd6 Nf3 O-O Ng5 b6
1608,1389,black,360+0,e4 e5 Nf3 Nc6 Bc4 Bc5 d3 Nf6 Ng5 O-O
1331,1278,draw,180+6,e3 e5 d4 exd4 exd4 Nf6 Ne2 d5 g3 Nc6
1202,1857,black,60+0,d4 e6 c3 Ne7 e4 Ng6 f3 Be7 Bd3 O-O
1719,1500,black,60+0,d4 e6 c4 d5 Nc3 Nf6 Nf3 Be7 g3 a6
1619,1439,white,60+0,b3 d5 Bb2 Nc6 e3 e5 f4 d4 fxe5 dxe3
1473,1492,white,420+0,d4 d5 c4 dxc4 e3 b5 a4 c6 axb5 Bb7
1397,1512,white,360+8,e4 e5 Qh5 Nc6 Bc4 g6 Qf3 Nf6 Nc3 d6
1909,1995,black,60+0,d4 c6 c4 d5 Nc3 Nf6 Nf3 dxc4 Bg5 b5
1691,1739,black,60+0,e4 e5 Nf3 Nc6 Bc4 Bc5 b4 Bb6 a4 a6
1651,1661,white,180+2,e4 d5 exd5 Qxd5 Nc3 Qa5 Bc4 Nf6 Nf3 Bg4
1521,1703,black,180+0,e4 g6 Nf3 Bg7 Bc4 d6 d3 e6 Nbd2 c6
1600,1597,white,300+7,d4 e6 e4 d5 exd5 Qxd5 a3 Nc6 Nf3 Nf6
1270,1402,black,180+2,e4 e5 Nf3 Nc6 Bc4 Nh6 d4 f6 d5 Nd4
1729,1738,black,60+0,e4 d5 Nc3 d4 Nce2 e5 d3 c5 f4 Nc6
1937,1680,black,300+13,e4 e5 Nf3 Nc6 Nc3 f5 exf5 Nf6 Bb5 Bc5
1383,1453,black,120+0,e4 c6 d4 e6 Nc3 d5 exd5 cxd5 Be2 Nf6
1536,1570,white,60+0,e4 e6 d3 b6 Be3 Bb7 Be2 Nc6 Nf3 Qe7
1493,1361,black,240+1,e4 e5 Nf3 Nc6 Bc4 Bc5 d3 Nf6 Nc3 a6
1692,1388,white,360+8,b4 e6 Bb2 Nf6 a3 d5 Nf3 c5 e3 cxb4
1762,1565,white,480+8,e4 e5 Nf3 Nc6 Bb5 a6 Ba4 b5 Bb3 Bc5
1688,1646,black,120+2,e4 e5 Nf3 Nc6 Bb5 f5 Bxc6 dxc6 Qe2 Nf6
1572,1187,white,900+1,e4 c6 d4 d5 e5 Bf5 Bd3 Bxd3 Qxd3 h6
1726,1300,white,0+1,d4 e6 c3 d6 f3 Be7 e4 f5 Bd3 f4
1708,1200,white,60+0,d4 d6 c4 e6 Nc3 Nc6 Nf3 Nf6 a3 Be7
1858,1819,black,60+0,e4 e6 d4 d5 e5 c5 Nf3 Nc6 c3 Nge7
1527,1334,black,60+3,g3 d5 Bg2 Nc6 e3 g6 Ne2 Bg7 d4 Nf6
1313,1705,black,240+0,d4 d5 e3 Nf6 g3 e6 Bg2 Be7 Ne2 O-O
1752,1719,black,240+0,d4 Nf6 c4 g6 Nc3 Bg7 Nf3 O-O Bg5 c6
1802,1922,white,600+7,f4 e6 Nf3 d5 e3 c5 b3 Nc6 Bb2 Nf6
1900,1704,black,60+0,d4 c5 c4 cxd4 Qxd4 Nc6 Qd1 g6 Nc3 Bg7
1486,1544,draw,600+7,e4 e5 Nf3 Nc6 Bb5 Nd4 c4 a6 Ba4 b5
1779,2118,white,120+1,d4 b6 e3 Bb7 Nf3 e6 g3 Nf6 Bg2 c5
1382,1740,black,300+5,g3 c5 Bg2 e6 d3 g6 Nh3 Bg7 Nc3 Qa5
1728,2004,black,0+1,e4 d6 d3 Nf6 f3 e5 g4 g6 g5 Nh5
1709,1433,white,60+0,d4 d5 c4 dxc4 Nc3 e6 e4 c5 d5 exd5
1619,1298,white,60+0,Nf3 e6 c4 d5 e3 dxc4 Be2 b5 Nc3 c6
1572,1736,white,300+2,Nf3 d5 e4 dxe4 Ng5 Nf6 Bc4 e6 Nc3 h6
1702,1179,white,600+8,e4 e5 Qh5 Nc6 Bc4 g6 Qf3 Qf6 c3 Qxf3
1525,1513,white,60+3,d4 g6 Nc3 Bg7 b3 e6 Bb2 Ne7 g3 d5
1392,1303,black,660+11,e4 e6 e5 d5 d4 c5 f4 cxd4 Qxd4 Nc6
1625,1842,black,60+0,b3 e6 Bb2 Nf6 e3 Be7 f4 O-O g4 b6
1196,1963,black,60+0,e3 e6 d3 d5 f3 Nf6 c3 Bd6 b3 c5
1196,1214,black,420+0,Nf3 d5 d4 Nc6 e3 Nf6 h3 e6 Ne5 Nxe5
1730,1509,white,240+0,d4 d5 c4 c6 Nc3 Nf6 Bf4 e6 e3 Nbd7
1595,1364,white,480+3,e4 d5 exd5 Qxd5 Nc3 Qe5+ Be2 Bg4 d4 Bxe2
1713,1967,black,60+0,d4 e6 c3 d5 Nf3 Nf6 g3 c5 Bg2 Nc6
1549,1748,black,60+0,e4 d5 exd5 Nf6 c4 e5 dxe6 Bxe6 Be2 Bc5
1277,1606,white,900+0,e4 e5 c3 Nf6 Qf3 Nc6 g4 d6 h3 Be7
1723,1366,white,300+0,e4 e5 d4 d6 Nf3 f6 dxe5 fxe5 Ng5 h6
1521,1744,black,180+0,d4 Nf6 Nf3 e6 c4 Bb4+ Nc3 Ne4 Bd2 Nxd2
1390,1363,black,540+0,e4 e5 Nf3 d6 Bc4 h6 Nc3 Bg4 d3 Nc6
1295,1623,black,60+0,d4 g6 g4 Bg7 f3 e6 e3 Ne7 b3 c6
1530,1624,black,1200+0,e4 e5 Nf3 Nc6 d4 exd4 Nxd4 Bc5 Nxc6 bxc6
1884,1721,white,60+0,d4 c5 c4 cxd4 Qxd4 Nc6 Qd1 g6 Nc3 Bg7
1249,1777,black,300+0,d4 d5 c4 e6 Nc3 Bb4 Bd2 Nf6 e3 Nc6
1620,1500,black,600+10,e3 d5 Nc3 e6 e4 Nc6 exd5 exd5 Qf3 Nd4
1755,1653,white,300+8,e4 b6 Nf3 Bb7 Nc3 f6 Ne5 g6 Nc4 e6
1707,1805,black,240+0,d4 Nf6 Nf3 e6 e3 c5 Be2 cxd4 Nxd4 b6
1620,1429,white,60+0,b3 d5 Bb2 Nc6 e3 e5 f4 exf4 exf4 Bf5
1581,1668,black,420+7,c4 e5 e3 Nf6 d4 exd4 exd4 Bb4+ Nc3 O-O
1363,1725,black,300+0,d4 e5 e3 e4 c4 d5 c5 Bf5 Nc3 Nf6
1184,1574,black,900+1,Nf3 d6 d4 Nc6 d5 Ne5 Nxe5 dxe5 e4 e6
1431,1433,black,240+1,e4 Nf6 Nc3 d5 exd5 Nxd5 Nxd5 Qxd5 b3 Qe5+
1731,1741,white,240+0,e4 c6 d4 d5 e5 Bf5 Nf3 e6 Bf4 c5
1800,1666,white,120+1,d4 d5 e3 e6 Nf3 Nc6 Bd3 Bd7 O-O Nf6
1306,1600,white,480+3,g4 e5 g5 Qxg5 d4 Bd6 Bxg5
1280,1550,black,300+0,e4 e5 Bc4 Nf6 Qf3 Nc6 c3 Bc5 h3 O-O
2008,1850,black,60+0,d4 g6 c4 Bg7 Nc3 e6 Nf3 Ne7 e4 O-O
1819,1902,black,480+8,d4 e6 c4 c6 e4 d5 Nc3 Nf6 f3 dxe4
1585,1495,white,480+3,e4 e5 d4 exd4 Qxd4 Nc6 Qd1 Bc5 Nf3 Qf6
1547,1543,white,60+0,e4 d6 Bc4 e6 Qf3 a6 Nh3 h6 d3 Nf6
1709,1626,white,60+0,d3 d6 d4 g6 c4 Bg7 Nc3 Nf6 Nf3 O-O
1773,1890,black,60+0,e3 c5 Ne2 e6 c4 d5 g3 Nf6 Nbc3 Be7
1391,1262,white,240+1,e4 e5 Nf3 Nc6 Bc4 h6 Nc3 a6 Bd5 Nf6
1755,1648,white,540+6,d4 d5 Nf3 Nf6 g3 b6 Bg2 Bb7 O-O g6
1754,1715,white,60+0,e4 c5 c4 g6 Nc3 Bg7 d3 e6 f4 Ne7
1596,1856,black,240+0,e4 c5 Nf3 d6 Nc3 Nf6 d4 cxd4 Nxd4 e6
1469,1425,white,180+0,e4 f5 exf5 Nf6 d4 d5 Bg5 Bxf5 Bxf6 exf6
1751,1689,black,240+0,e4 e5 Nf3 f5 d3 Nc6 Nc3 Bb4 d4 Nf6
1577,1575,white,600+0,e4 e5 Nf3 Nc6 Bc4 Bc5 d3 d6 Ng5 Be6
1499,1798,black,300+3,e4 e5 Nf3 Nc6 Bc4 Bc5 d3 d6 h3 Be6
1500,1462,black,120+0,d4 d5 Bf4 e6 Nc3 Bd6 Bxd6 Qxd6 Nf3 Bd7
1808,2008,black,120+0,c4 c6 d4 d5 Nc3 Nf6 Nf3 g6 e3 Bg7
1378,1317,black,660+11,e4 e5 Nf3 d6 h3 a6 c3 Nf6 Qa4+ Bd7
1889,1423,white,60+0,d4 d5 c4 e6 Nc3 Nc6 Nf3 dxc4 e4 e5
1532,1558,black,60+0,e4 e6 Bc4 d6 d4 Nf6 Nd2 e5 d5 c6
1872,1718,draw,60+0,e4 e6 d4 d5 exd5 exd5 Nf3 Nf6 Be2 c6
1375,1500,black,300+0,e4 Nf6 e5 Nd5 c4 Nb6 d4 d6 f4 dxe5
1897,1685,white,60+0,d4 d6 c4 Nd7 Nc3 e6 Nf3 g6 Bg5 Bg7
1645,1806,black,300+5,e4 e6 d4 d5 exd5 exd5 Bd3 Nf6 h3 Bd6
1181,1377,black,1740+30,Nf3 Nc6 d4 d5 a3 Bg4 Bf4 Bxf3 gxf3 e6
1292,1130,white,120+1,d4 d5 g3 Nc6 Bg2 e6 Nf3 Nf6 Bg5 Bb4+
1557,1659,white,120+0,d4 d5 Nf3 e6 g3 Nc6 Bg2 Bd6 O-O Nf6
1354,1437,white,360+5,e4 Nc6 Nf3 e5 Bc4 f6 c3 d6 d4 Bg4
1611,1745,black,600+10,e3 Nf6 Nh3 e5 Qf3 d5 b4 Bxb4 Bb2 Bg4
1500,1653,white,420+3,e4 e5 Nf3 d6 d4 Nc6 dxe5 dxe5 Qxd8+ Nxd8
1617,1899,black,60+0,b3 e6 Bb2 d5 e3 Nf6 f4 c5 g4 Nc6
1383,1174,white,1740+30,d4 d5 c4 Bf5 Nc3 dxc4 e4 Bg4 Qxg4 Qxd4
1821,1052,white,60+0,d4 e6 Nf3 d5 c4 c6 cxd5 cxd5 Nc3 b6
1618,1595,white,120+2,e4 e5 Nf3 Nc6 Bc4 Nf6 Ng5 d5 exd5 Nxd5
1567,1521,draw,60+0,e4 d6 d3 e6 Nc3 b6 Nce2 Bb7 Ng3 Nd7
1588,1749,black,180+0,Nf3 Nf6 g3 c6 Bg2 g6 O-O Bg7 d3 O-O
1730,1743,white,240+0,d4 d5 c4 Nf6 Nc3 dxc4 e4 e6 Bxc4 Bb4
1696,1645,black,600+4,e4 e5 Nf3 Nc6 Bb5 Nd4 Nxd4 exd4 d3 Nf6
1555,1717,black,300+2,e4 c6 Nc3 d5 d4 dxe4 Nxe4 Bf5 Nc3 Nf6
1821,1754,white,60+0,Nf3 c5 c3 Nc6 d4 cxd4 cxd4 d5 Nc3 g6
1708,1813,black,180+2,e4 c5 Nf3 e6 d4 cxd4 Nxd4 Bc5 Nb3 Be7
1554,1275,black,300+0,e4 e5 Nf3 d6 Bc4 c6 Nc3 f6 d4 exd4
1500,1254,white,180+2,g4 e5 g5 Bc5 a3 Bxf2+ Kxf2 Qxg5 Nf3 Qf4
1472,1496,black,900+10,d4 e6 e4 Nc6 Nf3 d5 e5 Bb4+ c3 Ba5
1480,1485,black,180+0,e4 c6 Nf3 e6 e5 d6 exd6 Bxd6 d4 Nf6
1329,1293,black,180+6,e3 d5 a3 e5 b4 Nf6 g3 Bd6 Bg2 c6
1826,1605,black,600+10,d4 e6 Nc3 c5 Ne4 cxd4 Qxd4 Nh6 Bxh6 gxh6
