white_elo,black_elo,result,time_control,opening_moves,num_opening_moves,post_opening_acpl
1639,1403,white,600+8,e4 e6 d4 b6 a3 Bb7 Nc3 Nh6 Bxh6 gxh6,10,
1654,1919,white,480+2,d4 d5 Nf3 Nf6 e3 Bf5 Nh4 Bg6 Nxg6 hxg6,10,
1643,1747,white,420+17,e4 e5 Nf3 Nc6 Bc4 Nf6 Nc3 Bc5 a3 Bxf2+,10,
1824,1973,black,60+1,e4 c6 Nc3 d5 Qf3 dxe4 Nxe4 Nd7 Bc4 Ngf6,10,
1765,1815,black,60+1,e4 e6 f4 d5 e5 c5 Nf3 Qb6 c3 Nc6,10,
1477,1487,white,300+3,e4 b6 Bc4 Bb7 d3 Nh6 Bxh6 gxh6 Qf3 e6,10,
1541,1500,black,300+0,e4 e5 Nf3 Nc6 Bc4 Nf6 d3 Bc5 c3 O-O,10,
1765,1752,white,540+0,e4 e5 c4 Bc5 Nf3 d6 d3 a6 a3 Bg4,10,
1445,1169,white,900+0,d4 c5 c4 d6 Bf4 g6 Nf3 Bh6 Bxh6 Nxh6,10,
1522,1428,black,180+5,d4 e5 dxe5 d6 exd6 Bxd6 Nf3 Nf6 Nc3 O-O,10,
1644,1544,black,600+8,e4 g6 d4 d6 Nf3 c6 h3 Nf6 Bg5 Nxe4,10,
1957,1755,black,300+8,e4 e6 d4 d5 Nc3 Nf6 Bg5 Be7 Bxf6 Bxf6,10,
1656,1812,white,420+17,e4 e5 Nf3 Nc6 Bc4 Bc5 a3 Qf6 b4 Bb6,10,
1436,1506,white,420+0,e4 e5 Nf3 Nc6 Bb5 Nge7 Nc3 h6 Nd5 a6,10,
1878,1940,draw,300+0,e4 c5 f4 d5 exd5 Qxd5 Nc3 Qd8 Bc4 Bf5,10,
1742,1775,black,540+0,b3 e5 Bb2 e4 d3 Nf6 Nh3 d5 dxe4 Nxe4,10,
1824,1811,white,360+6,e4 e6 d4 d5 e5 c5 c3 Ne7 f4 cxd4,10,
1653,1395,white,1200+0,e4 e6 d4 b6 d5 Bb4+ c3 Bc5 b4 Bd6,10,
1897,1673,white,480+2,e4 d5 exd5 Qxd5 Nc3 Qe5+ Be2 Bg4 d4 Qe6,10,
1492,1451,white,420+0,e4 e5 Bc4 Nf6 d3 Bc5 Bg5 Bxf2+ Kxf2 Nxe4+,10,
1500,1585,white,300+0,e4 e5 f4 d6 Nf3 Nc6 d4 exd4 Nxd4 Be7,10,
1463,1504,white,1560+30,e4 e5 Nf3 Nc6 Bc4 Be7 d4 exd4 Nxd4 d6,10,
1554,1429,white,300+2,e4 d5 exd5 Qxd5 Nc3 Qe6+ Qe2 Nf6 Nf3 b6,10,
1938,1880,white,300+0,d4 d5 c4 dxc4 e4 g6 Bxc4 Bg7 Ne2 Nf6,10,
1336,1337,white,300+5,e4 e5 Nf3 Qf6 d4 d6 d5 Bd7 Nc3 a6,10,
1793,1827,white,300+0,d4 e6 e3 c5 c3 d5 Bd3 c4 Bc2 b5,10,
1785,1732,black,540+0,e4 g6 c4 Bg7 d4 b6 Nf3 c5 d5 Nf6,10,
1981,1601,white,60+1,c4 Nf6 Nf3 e6 e3 c5 Nc3 Nc6 Be2 b6,10,
1711,1800,white,360+6,e4 e6 d4 d5 e5 c5 c3 Ne7 f4 Nbc6,10,
1421,1491,white,300+8,e4 d6 d4 c6 c4 b5 d5 cxd5 cxd5 Bd7,10,
1849,1728,white,60+0,d4 c5 c4 cxd4 Qxd4 Nc6 Qd1 g6 a3 Bg7,10,
1440,1502,black,420+0,e4 e5 Nf3 Nc6 Bc4 Nf6 d3 h6 O-O Bc5,10,
1548,1415,white,480+8,e4 e5 d4 Qf6 dxe5 Qxe5 Qe2 Nf6 Nf3 Qxe4,10,
1561,1503,black,60+0,e4 g6 d4 Bg7 c3 e6 Bd3 f5 exf5 gxf5,10,
1489,1561,black,300+3,e4 e5 Bc4 c6 Nf3 d5 exd5 cxd5 Bb3 Nc6,10,
1492,1525,white,1560+30,e4 c5 Nf3 d6 h3 Nc6 d4 cxd4 Nxd4 e5,10,
1347,1519,black,300+5,e4 d5 e5 d4 Nf3 Nc6 c3 d3 Na3 f6,10,
1162,1244,white,420+0,e3 d5 b3 e5 Bb2 Qg5 g3 Nf6 Bh3 Nc6,10,
1627,1633,white,180+15,d4 b6 c4 e6 Nc3 Bb7 a3 g6 h3 Bg7,10,
1360,1722,black,240+0,d4 d5 Nf3 Nf6 e3 Bf5 Nh4 Bg6 Nxg6 hxg6,10,
1769,1799,black,300+8,e4 e5 Nf3 Nc6 Bc4 Bc5 b4 Bxb4 c3 Bc5,10,
1533,1712,white,300+0,e4 c6 Nf3 d5 exd5 cxd5 d4 Nc6 Nc3 e6,10,
1744,1773,black,540+0,e4 e6 b3 d6 Bb2 e5 g3 Nf6 Bh3 Bxh3,10,
1720,1865,black,60+1,e4 Nf6 Nf3 Nxe4 Nc3 Nxc3 dxc3 e6 Bg5 Be7,10,
1871,1714,black,60+1,Nc3 c5 d3 g6 e4 Bg7 f4 Nc6 Nf3 e6,10,
1500,1511,black,60+0,d4 Nc6 e3 d5 Bd3 Bf5 Bd2 e6 Nf3 Bxd3,10,
1179,1223,white,420+0,e3 d5 b3 e5 Bb2 Nf6 g3 Nc6 Bg2 Bf5,10,
1341,1290,white,300+5,e4 e5 Nf3 Nc6 Bc4 Nf6 d4 d5 dxe5 Nxe4,10,
1511,1430,white,420+0,c4 d6 e4 Nf6 Nc3 e5 Nf3 Be6 d3 Be7,10,
1577,1331,white,60+0,d4 d5 c4 Bf5 Bf4 dxc4 e3 e6 Bxc4 Bd6,10,
1472,1504,black,1560+30,e4 c5 Nf3 Nc6 Bb5 d6 c3 Bd7 d4 cxd4,10,
1725,1785,draw,360+6,e4 e6 d4 d5 e5 c5 c3 Ne7 f4 Nbc6,10,
1729,1856,black,60+0,e4 c6 Nf3 d5 exd5 cxd5 d4 Nc6 Nc3 Bf5,10,
1668,1907,black,420+9,d4 d6 e4 Nd7 Bb5 c6 Bc4 e5 d5 Ngf6,10,
1856,1729,white,60+0,e4 c5 Nf3 g6 Bc4 Bg7 O-O e6 d4 Ne7,10,
1856,1786,black,60+0,d4 e5 c4 exd4 Qxd4 Nc6 Qd1 d6 Nc3 Nf6,10,
1351,1542,white,300+5,e4 d5 e5 d4 d3 Qd5 Nf3 h6 c3 dxc3,10,
1695,1757,white,240+0,e4 c5 c3 g6 d4 cxd4 cxd4 Bg7 Nf3 e6,10,
1421,1520,black,420+0,e4 Nc6 d4 e5 d5 Nce7 Nc3 Ng6 Bd3 Bb4,10,
1556,1525,black,480+8,e4 e5 d4 exd4 Qxd4 Nc6 Qe3 Nf6 Nc3 a6,10,
1722,1863,black,60+0,e4 c5 Nf3 d6 Nc3 Nc6 d4 cxd4 Nxd4 g6,10,
1270,1646,black,60+0,d4 b6 e3 Bb7 Bd3 a6 Nf3 g6 e4 c6,10,
1649,1242,white,60+0,b3 d5 Bb2 e5 a4 f5 a5 c5 a6 bxa6,10,
1871,1627,white,60+0,e4 e5 Nf3 d6 Bc4 Nf6 Nc3 h6 d4 Be7,10,
1514,1550,white,480+0,d4 d5 c4 e6 c5 c6 b4 a5 a3 axb4,10,
1799,1634,white,60+0,e4 c5 f4 d5 exd5 Qxd5 Nc3 Qd8 d3 e6,10,
1749,1843,black,60+0,e4 c5 Nf3 e6 Be2 d5 exd5 exd5 d4 Nf6,10,
1549,1609,black,300+0,e4 e5 Nf3 Nc6 Bc4 Nf6 d3 d6 Bg5 Be7,10,
1366,1440,black,300+5,e4 d5 e5 e6 d4 Ne7 Nf3 Ng6 Bb5+ c6,10,
1870,1715,white,60+0,e4 c5 d4 cxd4 c3 dxc3 Nxc3 d6 Nf3 g6,10,
1220,1652,black,60+0,d4 b6 e4 Bb7 c4 a6 f4 e6 d5 exd5,10,
1627,1806,black,60+0,Nf3 b6 d4 Bb7 c4 g6 Nc3 Bg7 e4 e6,10,
1731,1517,white,60+0,e4 g6 Nf3 e6 d4 Bg7 Bc4 Ne7 Nc3 O-O,10,
1621,1661,black,180+3,e4 e6 d4 d5 e5 c5 c3 Nc6 f4 Nge7,10,
1499,1895,black,660+0,e4 e5 Nf3 Nc6 Bc4 h6 d4 exd4 Nxd4 Bc5,10,
1706,1570,white,180+0,e4 e5 Nf3 Nf6 d4 d6 dxe5 dxe5 Bd3 Bc5,10,
1851,1740,black,60+0,d4 c6 c4 d5 Nc3 dxc4 Nf3 Nf6 Bg5 Bg4,10,
1513,1433,white,1560+30,d4 e6 Nf3 Be7 c4 c6 Nc3 d5 cxd5 cxd5,10,
1812,1621,white,60+0,e4 c5 d4 d6 dxc5 dxc5 Qxd8+ Kxd8 Be3 e5,10,
1755,1837,black,60+0,e4 c5 Nf3 e6 Be2 d5 d3 Nf6 e5 Nfd7,10,
1863,1737,black,60+0,e4 d5 e5 c5 g3 Nc6 Qe2 Nh6 d4 Bg4,10,
1203,1654,black,60+0,d4 b6 e4 Bb7 f4 a6 c4 b5 cxb5 axb5,10,
1782,1666,white,540+0,e4 e5 Nf3 Nc6 Bc4 Nf6 d3 Be7 Nc3 d6,10,
1888,1771,black,180+0,e4 e6 Nf3 d5 exd5 exd5 d4 Nf6 h3 Bd6,10,
1615,1511,white,60+0,Nf3 g6 d4 Bg7 c4 e6 Nc3 c6 e3 Ne7,10,
1622,1576,white,300+8,e4 e5 d4 d5 dxe5 dxe4 Qxd8+ Kxd8 Nc3 Nc6,10,
1528,1526,white,480+0,e4 e5 Nf3 d6 Bc4 h6 Nc3 c6 d3 b5,10,
1844,1753,black,60+0,e4 d5 e5 c5 Nf3 Nc6 Bb5 Bg4 Bxc6+ bxc6,10,
1845,1746,black,60+0,d4 c6 c4 d5 Nc3 e6 Nf3 Nf6 Bg5 Be7,10,
1656,1431,white,0+1,b3 g6 Bb2 Nf6 a3 Bg7 g4 O-O g5 b6,10,
1876,1877,white,60+0,e4 e6 d4 Ne7 Nf3 Ng6 Bg5 Be7 Bxe7 Qxe7,10,
1646,1678,white,600+5,e4 e5 Nf3 Nc6 Nc3 Bc5 Bb5 Nd4 Nxe5 Qg5,10,
1510,1805,black,600+3,e4 d5 exd5 Qxd5 Nc3 Qa5 d3 c6 Bd2 Qb6,10,
1244,1857,black,120+0,c4 Nf6 f3 g6 Nc3 Bg7 e3 d6 d4 O-O,10,
1898,1496,white,660+0,e4 e5 Nf3 Nc6 Bb5 Nf6 O-O Nxe4 Re1 d5,10,
1656,1431,white,0+1,b3 g6 Bb2 Nf6 g4 b6 g5,7,
1503,1624,white,60+0,b3 c5 Bb2 d6 d3 f6 Nd2 e5 c4 Bd7,10,
1638,1795,white,180+15,d4 d5 c4 Nf6 Nc3 e6 a3 Be7 c5 O-O,10,
1827,1426,white,60+0,e4 g6 Nf3 Bg7 c3 d6 d4 Nf6 Bd3 O-O,10,
1624,1503,white,60+0,Nf3 g6 d4 Bg7 c4 e6 Nc3 Ne7 e3 O-O,10,
1662,1586,white,0+1,b3 b6 Bb2 c6 a4 b5 axb5 cxb5 Bc3 a6,10,
1832,1752,white,60+0,e4 c6 Nf3 d5 e5 Bg4 d4 e6 c3 Ne7,10,
1761,1832,black,60+0,e4 c5 Nf3 e6 Be2 d5 e5 f6 d4 Nc6,10,
1709,1768,white,60+1,e4 d5 exd5 Nf6 d4 c6 c4 cxd5 c5 Nc6,10,
1586,1662,black,0+1,Nc3 g6 Nf3 Bg7 e4 Bxc3 h3 Bg7 Qe2 f6,10,
1830,1423,white,60+0,e4 g6 Nf3 Bg7 c3 d6 d4 Nf6 Bd3 O-O,10,
1495,1631,black,60+0,e3 c5 g3 d6 Bg2 e6 Qf3 Be7 Nc3 Nf6,10,
1672,1577,white,0+1,b3 Nc6 Bb2 Nb8 a3 Nc6 b4 Nb8 g3 Nc6,10,
1874,1947,white,180+0,e4 c5 Nf3 d6 Bc4 e6 d3 a6 a3 Nf6,10,
1630,1783,black,360+6,e4 e6 d4 d5 e5 c5 c3 Ne7 Nf3 Nbc6,10,
1840,1599,white,60+0,d4 d5 c4 e6 Nc3 dxc4 Nf3 b6 Bg5 Bb7,10,
1754,1886,black,60+0,e4 Nf6 e5 Nd5 d4 d6 exd6 exd6 c4 Nb6,10,
1657,1789,white,540+0,e4 e5 g3 Nf6 Bg2 Nc6 Nc3 Bc5 d3 h6,10,
1638,1487,white,60+0,Nf3 e6 d4 c6 c4 g6 Nc3 Bg7 Bg5 Ne7,10,
1576,1576,white,300+4,e4 e5 Nf3 Nc6 Bc4 h6 O-O Nf6 Re1 Be7,10,
1913,1663,white,420+9,e4 d5 exd5 Qxd5 d3 e5 Nc3 Bb4 Bd2 Bxc3,10,
1569,1681,black,0+1,d3 b6 Qd2 Bb7 Qd1 Bxg2 Be3 Bxh1 Bf4 Bb7,10,
1577,1755,white,240+0,e4 e5 Bc4 Nf6 Nc3 Bc5 Nf3 d6 d4 exd4,10,
1595,1845,white,60+0,g3 c5 Bg2 e6 d4 d5 dxc5 Nf6 b3 Bxc5,10,
1690,1561,white,0+1,b3 c6 Bb2 g5 Bg7 Bxg7 c3 Bf6 h4,9,
1341,1516,black,180+0,e4 c5 Nf3 Nc6 d4 cxd4 Nxd4 e5 Nxc6 bxc6,10,
1553,1698,black,0+1,d3 g6 e3 Bg7 Be2 h6 Bf3 g5 Bg4 f5,10,
1843,1928,white,60+0,e4 e6 Nf3 d5 e5 c5 c3 Nc6 d4 Nge7,10,
1698,1553,white,0+1,b3 c6 Bb2 a6 a3 a5 b4 a4 b5 Ra7,10,
1887,1934,white,180+0,e4 c5 Nf3 d6 Bc4 e6 a3 Nf6 d3 Be7,10,
1859,1747,white,60+0,e4 d5 e5 c5 Nf3 Nc6 Bb5 Bg4 Bxc6+ bxc6,10,
1603,1449,white,300+0,e4 d5 exd5 Qxd5 Nc3 Qd8 Nf3 e6 Be2 h6,10,
1546,1705,white,0+1,e3 g6 e4 Bg7 f4 h6 g4 b6 h4 Bb7,10,
1743,1827,white,60+0,e4 c5 Nf3 e6 Be2 d5 e5 f6 d3 fxe5,10,
1739,1594,draw,240+0,d4 d5 c4 Nf6 Nf3 Bg4 Nbd2 Bxf3 Nxf3 e6,10,
1688,1562,white,0+1,b3 d6 Bb2 c6 a3 b6 b4 a6 g3 e6,10,
1632,1527,black,240+0,e4 c5 Nf3 e6 d4 cxd4 Nxd4 a6 Nc3 Qc7,10,
1868,1738,white,60+0,e4 d5 e5 c5 c3 Nc6 d4 g6 Nf3 Nh6,10,
1500,1732,white,480+0,e4 e5 Nc3 Nc6 Nf3 Nf6 d4 exd4 Nxd4 Nxd4,10,
1516,1480,white,60+0,e4 g6 Be2 Bg7 d4 e6 Nf3 Ne7 Nc3 O-O,10,
1231,1814,black,60+0,e4 c5 Bc4 e6 d3 d5 exd5 exd5 Bb5+ Nc6,10,
1612,1555,black,60+1,d4 d5 e3 c6 Nf3 b6 Be2 a6 O-O Bb7,10,
1879,1237,white,60+0,e4 d6 Nf3 Bg4 Bc4 Bxf3 Qxf3 e6 d4 Ne7,10,
1815,1222,white,60+0,d4 d5 c4 c5 Nc3 dxc4 d5 Nf6 e4 e5,10,
1877,1319,white,60+0,e4 d5 e5 e6 d4 Nc6 Nf3 Bd7 c3 Qc8,10,
1367,1555,black,0+1,e4 e6 Nf3 d6 c3 f6 d4 b6 e5 Qd7,10,
1507,1617,white,480+0,e4 e5 Nc3 Nc6 Bc4 Nf6 d3 Bb4 Bg5 d6,10,
1542,1404,white,480+8,e4 d5 exd5 Nf6 Nc3 Nxd5 Nxd5 Qxd5 b3 e5,10,
1540,1653,white,300+0,e4 c5 Nf3 e6 d4 cxd4 Nxd4 Nc6 Nb3 d5,10,
1214,1816,black,60+0,e4 c5 Bc4 e6 d3 Nc6 Bf4 d5 Nf3 dxc4,10,
1878,1243,white,60+0,e4 g6 Nf3 Bg7 c3 Nc6 d4 a6 Bc4 e6,10,
1600,1863,black,60+1,d4 Nf6 e3 g6 Nf3 Bg7 Be2 O-O O-O d6,10,
1599,1734,white,240+0,e4 e6 d4 d5 e5 c5 Nf3 Nc6 Be3 Qa5+,10,
1242,1561,black,0+1,d4 e6 c4 Qe7 Nc3 c6 Qb3 b6 Bd2 a6,10,
1899,1921,black,180+0,e4 c5 Nf3 d6 Bc4 e6 a3 Nf6 d3 a6,10,
1817,1207,white,60+0,d4 d5 c4 c5 Nc3 dxc4 d5 Bf5 e4 Bxe4,10,
1609,1443,white,300+0,e4 d5 exd5 Qxd5 Nc3 Qd8 Nf3 e6 d3 h6,10,
1664,1790,white,360+6,e4 e6 d4 d5 e5 c5 c3 Ne7 Bd3 Nbc6,10,
1554,1564,black,0+1,e4 d6 d4 c6 Nf3 a6 c3 b6 Bd3 Qc7,10,
1880,1855,white,60+0,e4 e5 Nf3 Nc6 Bc4 Bc5 O-O d6 c3 Bg4,10,
1869,1649,draw,180+0,e4 e6 d4 d5 exd5 exd5 Bd3 Nf6 Bg5 Bd6,10,
1814,1717,white,480+0,d4 c5 d5 d6 Nf3 Bg4 e3 Nf6 Be2 e6,10,
1523,1500,white,300+0,d4 d5 Nf3 Nf6 c4 c6 Nc3 dxc4 e4 Bg4,10,
1465,1562,black,720+0,e4 c5 Nf3 b6 c3 Nc6 d4 e6 Be3 d6,10,
1521,1539,white,480+0,e4 e5 Nc3 Bb4 Nd5 Bc5 c3 Nf6 Nxf6+ Qxf6,10,
1200,1818,black,60+0,e4 c5 Bc4 e6 d3 d5 e5 dxc4 dxc4 Qxd1+,10,
1659,1920,black,420+9,d4 d6 e4 Nd7 Bb5 c6 Ba4 e5 d5 c5,10,
1543,1575,draw,0+1,f3 c6 e4 b6 d4 a6 Ne2 Qc7 Ng3 Bb7,10,
1552,1478,white,300+0,e4 e5 Nf3 Nc6 d4 d6 dxe5 Nxe5 Nxe5 dxe5,10,
1889,1932,black,180+0,e4 c5 d4 cxd4 Qxd4 Nc6 Qd1 a6 c3 g6,10,
1819,1194,white,60+0,d4 d5 c4 dxc4 Nc3 c5 Nf3 Nf6 d5 Bf5,10,
1236,1532,black,120+0,c4 e5 Nc3 Nf6 f3 d5 cxd5 Nxd5 e4 Nf6,10,
1892,1574,white,60+0,e4 d5 e5 Be6 d4 c6 Nf3 Qc7 c3 f6,10,
1777,1775,black,480+8,d4 d5 c4 dxc4 e3 b5 a4 c6 axb5 cxb5,10,
1567,1544,white,120+0,d4 d5 c4 dxc4 Nf3 Nf6 e3 b5 a4 a6,10,
1188,1820,black,60+0,e4 c5 d4 e6 dxc5 Bxc5 e5 Nc6 Bc4 Nxe5,10,
1802,1734,white,300+8,e4 g6 d4 Bg7 e5 d6 f4 dxe5 fxe5 f6,10,
1756,1548,black,60+1,e4 c6 f4 d5 e5 e6 Nf3 Be7 d4 f6,10,
1896,1571,white,60+0,e4 Nc6 Nf3 b6 c3 Nb8 d4 Bb7 Bd3 Bc8,10,
1722,1747,white,300+0,e4 c5 Nf3 Nc6 d4 cxd4 Nxd4 e6 Nc3 Bc5,10,
1900,1568,white,60+0,e4 f6 Nf3 f5 e5 c6 d4 c5 Bc4 e6,10,
1616,1436,white,300+0,e4 d5 exd5 Qxd5 Nc3 Qd8 Nf3 e6 Be2 h6,10,
1395,1485,white,300+1,e4 d5 exd5 Qxd5 Nc3 Qd6 Qf3 Nc6 Bc4 Nf6,10,
1642,1615,white,240+0,e4 e6 d4 c5 Nf3 cxd4 Nxd4 e5 Nb3 Nf6,10,
1555,1563,white,300+0,e4 e5 Nf3 Nf6 Nc3 Nc6 Bc4 Be7 d3 O-O,10,
1231,1452,black,120+0,c4 d6 Nf3 e5 e4 c5 Nc3 Nc6 Nd5 Be6,10,
1904,1564,white,60+0,e4 d6 Nf3 e6 d4 f6 Bd3 g6 O-O h6,10,
1821,1740,white,60+0,d4 d5 c4 dxc4 Nc3 g6 Nf3 Bg7 Bg5 Nf6,10,
1880,1941,black,180+0,e4 c5 Nf3 d6 Bc4 a6 a3 e6 d3 Nf6,10,
1152,1892,black,60+0,e4 e6 Bc4 d5 exd5 exd5 Bb3 Nf6 d4 c5,10,
1461,1462,black,120+0,e4 e5 Nc3 d6 Bc4 Be6 Bb3 Qd7 d3 Be7,10,
1408,1441,white,300+1,e4 Nc6 Bc4 b6 Nc3 Nh6 d3 Nd4 Be3 c5,10,
1148,1896,black,60+0,e4 e6 Bc4 d5 exd5 exd5 Bb3 Nf6 Nf3 Bd6,10,
1731,1830,black,60+0,e4 c5 f4 e6 Nf3 d5 exd5 exd5 d4 Nf6,10,
1907,1561,white,60+0,e4 d6 d4 e6 Nf3 g6 Bd3 h5 c3 g5,10,
1907,1561,white,60+0,e4 f6 Nf3 g5 Ne5 h5 Nc4 d6 d4 Bf5,10,
1899,1565,white,120+0,e4 c6 d4 d5 Nc3 e6 f4 c5 Nf3 dxe4,10,
1145,1844,black,60+0,e4 e5 Bc4 Nc6 d3 Bc5 Nf3 d6 h3 Be6,10,
1839,1724,white,60+0,d4 d5 c4 dxc4 Nc3 g6 Nf3 Bg7 Bg5 Nf6,10,
1911,1558,white,60+0,e4 f6 d4 g5 Qh5#,5,
1871,1951,black,180+0,e4 c5 Nf3 d6 Bc4 e6 d3 a6 a3 Nf6,10,
1420,1167,white,300+1,e4 e5 Bc4 Bc5 Nc3 Nc6 Nf3 Nf6 d4 exd4,10,
1914,1333,white,60+0,e4 Nf6 e5 Ng8 d4 f6 Nf3 fxe5 Nxe5 d6,10,
1654,1555,white,0+1,d4 c6 c4 e6 e4 f6 e5 g5 d5 f5,10,
1182,1457,black,60+0,e4 e6 Bc4 d5 exd5 exd5 Bb3 Nf6 d4 Be7,10,6672.0
1595,1535,white,60+1,d4 c6 e3 d5 Nf3 Bg4 Be2 e6 O-O c5,10,
1709,1547,white,0+1,e4 e6 d4 f6 c4 g6 e5 h6 f4 f5,10,
1378,1483,white,120+0,e4 e5 Nf3 d6 Be2 Nf6 d3 Be7 Nc3 Be6,10,
1709,1547,white,0+1,d4 e6 e4 g6 e5 h5 f4 Qh4+ g3 Qe7,10,
1716,1848,black,60+0,e4 c5 f4 e6 c4 d5 cxd5 exd5 exd5 Qxd5,10,
1915,1142,white,60+0,e4 e5 Nf3 Nc6 Bc4 d5 exd5 Nb4 c3 Nxd5,10,
1566,1469,white,300+0,e4 e5 Nf3 Nc6 Bc4 h6 Nc3 Bc5 d3 Nf6,10,
1844,1541,white,0+1,e4 e6 d3 f6 f4 g6 Nf3 h6 f5 g5,10,
1223,1746,black,120+0,c4 e5 d4 exd4 Qxd4 Nc6 Qd3 Be7 Nc3 Nf6,10,
1561,1604,black,240+0,e4 e5 Nf3 Nc6 d4 exd4 Nxd4 Nxd4 Qxd4 c5,10,
1916,1526,white,60+0,e4 d5 e5 Bf5 d4 e6 Nf3 c5 Bb5+ Nc6,10,
1604,1537,white,0+1,d4 e6 e3 f6 Nf3 g6 Be2 h6 O-O f5,10,
1140,1848,black,60+0,e4 e6 Bc4 Nf6 d3 Bc5 Nf3 d5 h3 dxc4,10,
1638,1431,white,120+2,c4 e6 d4 d5 Nf3 dxc4 e4 b5 Nc3 c6,10,
1613,1527,white,0+1,d4 Nf6 g3 Ng8 Bg2 f6 Nf3 g6 e3 e6,10,
1855,1709,white,60+0,d4 d5 c4 c6 Nc3 e6 Nf3 Nf6 Bg5 h6,10,
1622,1654,black,300+0,e4 e5 Nf3 Nc6 Bc4 Bc5 d3 Nf6 Nc3 a6,10,
1919,1621,white,60+0,e4 d5 e5 d4 Nf3 e6 Bc4 Ne7 O-O Ng6,10,
1221,1518,white,0+1,d3 e6 e3 f5 f3 g5 c3 g4 b3 h5,10,
1621,1518,white,0+1,d4 e5 e3 exd4 Qxd4 d6 Qe4+ Be7 Qd3 c6,10,
1542,1707,black,480+0,e4 e5 Nf3 Nf6 Nc3 Nc6 Be2 Bc5 Nxe5 Nxe5,10,
1923,1752,draw,60+0,e4 d6 Nf3 e5 Bc4 Nf6 d3 Be7 O-O O-O,10,
1703,1863,black,60+0,e4 c5 f4 e6 Nf3 d5 exd5 exd5 d4 Nf6,10,
1849,1137,white,60+0,e4 e5 Nf3 Nc6 Bc4 h6 d4 Nf6 d5 Nb4,10,
1570,1470,black,600+10,e4 e6 d4 d5 Nd2 dxe4 Nxe4 Nf6 Bd3 Nxe4,10,
1925,1654,white,420+9,e4 c5 d3 Nc6 c3 d5 Qc2 d4 c4 Bd7,10,
1863,1864,white,180+0,e4 c6 Nf3 d5 exd5 cxd5 d4 Nc6 c3 Bf5,10,
1882,1665,black,180+0,d4 c5 e3 cxd4 exd4 g6 f4 Bg7 Nf3 Qb6,10,
1425,1128,black,300+1,e4 e5 Bc4 Bc5 Nc3 Nc6 d3 d6 Qf3 Qf6,10,
1347,1643,black,120+2,Nf3 d6 d4 Nf6 c4 d5 cxd5 Qxd5 Nc3 Qd8,10,
1550,1654,black,480+8,e4 d5 exd5 Qxd5 Nc3 Qd8 Bb5+ c6 Bd3 b6,10,
1629,1509,black,0+1,d4 e6 e3 e5 Nf3 e4 Ne5 f6 Nc4 d5,10,
1870,1696,white,60+0,d4 d5 c4 dxc4 Nc3 c6 Nf3 Nf6 Bg5 e6,10,
1918,1134,white,60+0,e4 e5 Nf3 d5 Bc4 dxc4 O-O c3 Nxc3 Nc6,10,
1768,1830,white,300+8,e4 a6 d4 b5 Nf3 Bb7 Bd3 e6 O-O c5,10,
1615,1525,white,0+1,d4 d6 e3 Qd7 g3 Qc6 Bg2 Qa6 Bf1 Qa5+,10,
1765,1715,black,480+0,d4 c5 c3 cxd4 cxd4 Qa5+ Bd2 Qc7 Nc3 e6,10,
1126,1500,white,60+0,e4 e5 Bc4 d6 Nf3 Nf6 h3 Nc6 O-O,9,
1457,1533,white,720+0,e4 e5 Nf3 Nc6 d4 d6 Bb5 Bd7 d5 Nce7,10,
1614,1551,white,240+0,e4 e5 Nf3 d6 g3 Bg4 Bg2 Nc6 O-O Nf6,10,
1132,1918,black,60+0,e4 e6 Bc4 Ne7 h3 Ng6 g4 Be7 f3 O-O,10,
1623,1516,white,0+1,d4 Nf6 e3 Nd5 Be2 Nc6 Nf3 e6 b3 a6,10,
1690,1876,black,60+0,e4 c5 c3 e6 d4 Nc6 d5 exd5 exd5 Nb8,10,
1919,1130,white,60+0,e4 e5 Nf3 Nc6 Bc4 h6 O-O g5 c3 Bd6,10,
1726,1958,black,300+8,e4 c5 Bc4 e6 Nc3 a6 a3 d6 d3 h6,10,
1631,1508,white,0+1,d4 d5 e3 e5 Nf3 exd4 Nxd4 c5 Nf3 c4,10,
1128,1919,black,60+0,e4 e6 Bc4 Ne7 Nf3 Ng6 O-O Be7 h3 O-O,10,
1882,1685,white,60+0,d4 d5 c4 dxc4 Nc3 Nc6 Nf3 Nxd4 Qxd4 Qxd4,10,
1919,1743,white,60+0,e4 c6 Nf3 d5 e5 e6 d4 c5 Bb5+ Nc6,10,
1281,1647,white,120+3,e4 e5 d4 Nc6 Bb5 exd4 Bxc6 dxc6 Nf3 c5,10,
1638,1500,black,0+1,d4 e6 e3 Qe7 g3 Qf6 Bg2 Qg5 Ne2 Qg4,10,
1562,1556,black,480+0,e3 c5 e4 d6 Nf3 Nc6 d4 cxd4 Nxd4 Nf6,10,
1672,1795,black,120+2,d4 c5 e3 cxd4 Qxd4 g6 Qd1 Nf6 Qd4 Bg7,10,
1920,1516,white,60+0,e4 e6 Nf3 g6 d4 h5 e5 g5 Bxg5 Be7,10,
1100,1208,black,60+0,e4 e5 Nf3 Nc6 Nc3 Bc5 d3 Nf6 Be3 Ng4,10,
1524,1888,black,60+0,e4 c5 Nf3 e6 c3 d5 exd5 exd5 d4 Nf6,10,
1861,1853,white,180+0,d4 c6 f4 d5 Nf3 Bf5 Ne5 Nf6 e3 e6,10,
1803,1665,black,120+2,e4 d5 exd5 Qxd5 Nc3 Qd8 Nf3 e6 Bc4 Be7,10,
1344,1252,white,300+0,e4 e5 Nc3 Nf6 Bc4 Bc5 d3 c6 Bg5 h6,10,
1246,1850,black,60+0,e4 e5 Bc4 Nc6 d3 Bc5 Nf3 d6 Nc3 h6,10,
1874,1685,white,180+0,d4 c5 e3 cxd4 exd4 d6 f4 Nf6 Bc4 d5,10,
1470,1637,black,720+0,e4 e5 Nf3 Nc6 d4 exd4 Nxd4 Bc5 Nxc6 Bxf2+,10,
1584,1663,black,600+6,e4 c5 Bc4 e6 d4 cxd4 Qxd4 Nc6 Qd3 Nf6,10,
1541,1663,white,480+8,e4 d5 exd5 Qxd5 Nc3 Qd8 Bb5+ c6 Bd3 e6,10,
1680,1786,white,120+2,d4 c5 e3 cxd4 Qxd4 Nc6 Qd1 g6 Nf3 Bg7,10,
1283,1224,black,900+0,e4 e5 Nf3 f6 Nc3 c5 d3 Qa5 Be2 d6,10,
1521,1891,black,60+0,e4 c5 Nf3 e6 c3 d5 exd5 exd5 d4 Nf6,10,
1881,1669,white,180+0,d4 e6 f4 Nf6 Nf3 Be7 e3 O-O Bd3 c5,10,
1643,1786,black,480+8,e4 e6 d4 d5 e5 c5 c3 Ne7 f4 Nbc6,10,
1627,1316,white,120+3,c4 Nf6 b3 g6 g3 d5 Bg2 d4 Bb2 Nc6,10,
1894,1518,white,60+0,d4 c5 c4 cxd4 Qxd4 Nc6 Qd1 Nf6 Nc3 g6,10,
1480,1649,white,300+3,e4 e5 Nf3 Nc6 Bb5 d6 Bxc6+ bxc6 d4 Bg4,10,
1516,1899,black,60+0,Nc3 c5 Nf3 e6 e4 d5 h3 d4 Ne2 Nc6,10,
1496,1550,black,300+3,e4 c5 Bc4 e6 Nf3 a6 h3 Qc7 d4 cxd4,10,
1490,1500,black,360+2,e4 e5 Nf3 d6 Nc3 Bg4 h3 Bh5 g4 Bg6,10,
1887,1623,black,240+0,d4 d5 f4 Bf5 Nf3 Qd6 e3 f6 Nh4 g6,10,
1771,1693,draw,120+2,e4 d5 exd5 Qxd5 c4 Qd8 Nc3 e6 Nf3 Bb4,10,
1516,1896,black,60+0,e3 c5 d4 e6 dxc5 Bxc5 Nf3 Be7 Bc4 Nf6,10,
1519,1572,black,480+0,e4 Nc6 Nc3 e5 Bc4 Nf6 d3 h6 f3 Bb4,10,
1896,1516,white,60+0,d4 d5 c4 dxc4 Nc3 Nf6 Nf3 Bg4 Bg5 e6,10,
1482,1336,black,300+0,e4 c5 Bc4 Nc6 Qh5 e6 d3 Nf6 Qf3 g6,10,
1098,1514,black,0+1,d4 d5 Nf3 Qd7 e3 Qd6 Bd3 Qf6,8,
1095,1516,black,0+1,d4 d6 Nf3 c6 e3 e6 Bd3 f6 Nc3 g6,10,
1095,1516,black,0+1,d4 b6 Nf3 Bb7 e4 c6 Qd2 b5 Bd3 e6,10,
1696,1768,white,120+2,d4 c5 dxc5 Qa5+ Bd2 Qxc5 c3 d5 g3 Nc6,10,
1595,1546,black,480+0,e4 c5 c4 Nc6 d3 g6 Nc3 Bg7 Be3 b6,10,
1567,1650,black,600+10,e4 d5 d4 dxe4 f3 exf3 Nxf3 Bg4 Nbd2 Nc6,10,
1510,1581,black,480+0,e4 Nc6 Nc3 e5 f3 Bb4 Nd5 Bc5 a3 a6,10,
1902,1518,white,60+0,d4 d6 c4 Be6 Nc3 f6 Nf3 Bf7 Bf4 g6,10,
1623,1683,black,60+1,d4 c5 dxc5 Qa5+ Bd2 Qxc5 b3 Nf6 c4 Nc6,10,
1487,1640,white,300+3,e4 e6 Bc4 d5 exd5 exd5 Qe2+ Be7 Bb3 Nf6,10,
1515,1904,black,60+0,Nc3 c5 Nb1 e6 Nc3 d5 Nb1 Nf6 Nc3 Be7,10,
1754,1708,white,120+2,e4 d5 exd5 Qxd5 Nc3 Qd8 Bc4 e6 f4 Be7,10,
1866,1500,black,180+0,d4 Nf6 f4 d6 Nf3 c6 e3 Nbd7 Bc4 e5,10,
1904,1515,white,0+1,d4 d6 c4 d5 Nc3 dxc4 Nf3 Bg4 Bg5,9,
1513,1907,black,0+1,d3 c5 c3 e6 b3 d5 a3 Nf6 c4 Be7,10,
1793,1731,white,480+0,e4 e5 Nf3 Nf6 d4 Nxe4 Bd3 d5 Nxe5 Bf5,10,
1469,1425,black,300+3,e4 d5 exd5 Qxd5 Nc3 Qd8 d4 e6 Nf3 h6,10,
1588,1642,white,240+0,e4 e5 f4 Nc6 Nf3 exf4 d4 d6 Bxf4 Bg4,10,
1388,1272,white,1800+8,e4 c5 d4 cxd4 Qxd4 Nc6 Qe3 e6 c4 Qb6,10,
1909,1510,white,0+1,d4 b6 c4 Bb7 Nc3 c6 Nf3 c5 Bg5 Ba6,10,
1851,1940,draw,240+0,e4 c5 Bc4 a6 a4 e6 Nf3 d5 exd5 exd5,10,
1510,1909,black,0+1,e3 c5 Be2 e6 f3 d5 g3 Nf6 h3 Be7,10,
1912,1508,white,0+1,d4 d6 c4 Bd7 Nc3 Bf5 Nf3 Bg4 Bg5 f6,10,
1508,1912,black,0+1,Nc3 c5 Nd5 e6 Ne3 d6 d3 d5 Qd2 Nf6,10,
1912,1508,white,0+1,d4 d6 c4 c6 Nc3 c5 Nf3 b6 d5 b5,10,
1557,1590,black,480+8,e4 Nc6 d4 e5 dxe5 Nxe5 Nc3 Nf6 b3 a6,10,
1914,1506,white,0+1,d4 b6 c4 b5 Nc3 bxc4 e4 c5 d5 d6,10,
1474,1508,white,300+0,Nf3 d5 Nc3 d4 Nb5 Nc6 c3 dxc3 Nxc3 Nf6,10,
1529,1890,black,0+1,Nf3 c5 Ne5 e6 g3 d6 Nf3 d5 Rg1 Nf6,10,
1506,1914,white,0+1,g3 c5 Bg2 e6 f3 d5 f4 Nf6 g4 Be7,10,
1629,1502,black,240+0,e3 e5 d4 e4 Bc4 d5 Bb3 Bg4 Qxg4 Nf6,10,
1396,1526,black,1800+8,e4 e5 Nf3 Nc6 Bb5 Nge7 d4 exd4 Nxd4 Nxd4,10,
1890,1529,white,0+1,d4 d6 c4 c6 Nc3 Nd7 Nf3 Ndf6 Bg5 h6,10,
1775,1773,white,540+0,e4 e6 d4 d5 Nc3 Bb4 Bd2 c5 a3 Ba5,10,
1516,1532,black,480+0,d4 d5 c4 dxc4 e4 b5 b3 cxb3 Bxb5+ Bd7,10,
1670,1853,white,240+0,e4 e6 Nf3 c6 d4 d5 e5 c5 Bb5+ Bd7,10,
1457,1639,black,300+3,e4 c6 d4 d5 exd5 cxd5 Bd3 Nf6 Bf4 Nc6,10,
1562,1558,white,480+0,e4 e5 f4 Nc6 d3 d6 Nf3 Nf6 Be3 Be7,10,
1500,1092,white,120+0,d4 d5 c4 Nf6 Nf3 c6 Nc3 e6 Bg5 Nbd7,10,
1512,1647,black,420+3,e4 d5 exd5 Qxd5 Nc3 Qd8 Nf3 b6 Be2 Bb7,10,
1432,1262,black,900+0,e4 c5 Nf3 a6 d4 cxd4 Nxd4 Nc6 Be3 Nf6,10,
1874,1720,white,480+0,d4 c5 dxc5 d5 cxd6 Qxd6 Qxd6 exd6 Bf4 Nc6,10,
1157,1548,black,120+0,b3 Nf6 Nf3 e6 d3 Be7 c3 O-O Ba3 b6,10,
1501,1494,black,480+0,e4 b6 Nc3 Bb7 Bc4 e6 f3 Bb4 d3 Bxc3+,10,
1838,1856,black,240+0,e4 e5 d4 exd4 f3 Bb4+ Bd2 Bxd2+ Qxd2 Nc6,10,
1513,1893,white,60+0,e4 c5 Nf3 e6 d4 d5 e5 f6 c3 Be7,10,
1608,1036,white,480+16,e4 d5 exd5 Qxd5 Nc3 Qe6+ Be2 Qc6 Bf3 Qe6+,10,
1549,1456,black,300+8,e4 e5 Nf3 Nc6 Bb5 Nf6 d3 Bc5 h3 O-O,10,
1517,1568,white,300+3,e4 e5 Nf3 d6 c3 Bg4 h3 Bh5 g4 Bg6,10,
1869,1526,white,0+1,d4 e6 c4 d6 Nc3 d5 Nf3 dxc4 Bg5 f6,10,
1865,1633,draw,180+0,e4 d5 exd5 Nf6 Nc3 c6 dxc6 Nxc6 Nf3 Bg4,10,
1473,1480,black,300+0,e4 c5 Nc3 d6 d3 e5 g3 Be7 Bg2 a6,10,
1957,2036,white,120+0,d4 e6 c4 d5 Nc3 Be7 Nf3 Nf6 Bf4 O-O,10,
1903,1609,white,180+0,d4 Nf6 c4 g6 Nc3 d5 Qb3 Bg7 cxd5 O-O,10,
1993,1976,black,120+0,c4 d5 cxd5 Nf6 Nc3 Nxd5 Nxd5 Qxd5 Nf3 c5,10,
1523,1872,black,0+1,e3 c5 Bc4 e6 Bd3 d5 Bb5+ Nc6 Bd3 Nf6,10,
1489,1546,white,480+0,e4 e5 Nc3 Nf6 Bc4 c6 d3 d5 exd5 cxd5,10,
1876,1520,white,0+1,d4 d5 c4 c6 Nc3 c5 Nf3 e6 dxc5 Bxc5,10,
1389,1533,black,1800+8,e4 c6 d4 d5 exd5 cxd5 c4 Nf6 c5 Nc6,10,
1828,1646,white,240+0,d4 d5 f4 Nf6 Nf3 e6 e3 Be7 Bd3 O-O,10,
1596,1535,white,120+0,d4 c5 d5 d6 c4 b5 cxb5 Qa5+ Nc3 Qb6,10,
1516,1879,black,0+1,Nf3 c5 Ne5 e6 Nc3 d6 Nd3 d5 Nf4 Nf6,10,
1304,1648,black,840+0,e4 d5 exd5 Qxd5 Nc3 Qa5 a4 c6 d3 Nf6,10,
1879,1516,white,0+1,d4 d5 c4 c6 Nc3 dxc4 Nf3 c5 Bg5 cxd4,10,
1513,1882,black,0+1,e3 c5 Qe2 e6 Qf3 d5 Qg4 Nf6 Qf3 Be7,10,
1882,1513,white,0+1,d4 e6 c4 Be7 Nc3 Bg5 Nf3 Bxc1 Qxc1 h6,10,
1394,1727,black,300+5,d4 d5 c4 dxc4 e3 e6 Bxc4 Nf6 Nc3 a6,10,
1035,1608,white,480+16,e3 e5 g3 d5 Bb5+ c6 Ba4 Nf6 b3 b5,10,
1993,1959,white,120+0,d4 e6 g3 d5 Bg2 Be7 Nf3 Nf6 O-O O-O,10,
1510,1885,black,0+1,Nc3 c5 Nf3 e6 e4 d5 h3 d4 Ne2 e5,10,
1500,1500,black,1320+8,e4 e5 Bc4 Nf6 Nf3 Nxe4 Nxe5 Qf6 f3 Qxe5,10,
1721,1712,black,480+0,d4 c5 dxc5 d5 b4 e5 e4 d4 Bb5+ Nc6,10,
1885,1510,white,0+1,d4 f6 c4 f5 Nc3 e6 Nf3 f4 Bxf4 Qf6,10,
1639,1834,black,240+0,c4 e6 Nc3 c6 g3 d5 cxd5 cxd5 d4 Nf6,10,
1576,1655,white,480+0,e4 d5 exd5 Qxd5 Nc3 Qd8 Nf3 e6 d4 h6,10,
1707,1527,white,120+0,d4 d5 c4 dxc4 e4 Nc6 d5 Ne5 Bf4 Ng6,10,
1507,1888,black,0+1,g3 c5 e3 e6 c3 d5 d3 Nf6 f3 Be7,10,
1891,1504,white,0+1,d4 b6 c4 b5 Nc3 b4 Na4 Ba6 Nc5 Bxc4,10,
1504,1891,black,0+1,g3 c5 Bg2 e6 f3 d5 g4 Nf6 f4 Ne4,10,
1530,1625,black,300+3,e4 e5 Bc4 d6 Nf3 Be7 Ng5 Bxg5 d3 Be7,10,
1894,1502,white,0+1,d4 b6 c4 c6 Nc3 f6 Nf3 g6 Bf4 h5,10,
1461,1679,black,300+0,e4 e5 Nf3 Nc6 Bb5 a6 Bxc6 bxc6 d4 exd4,10,
1502,1894,white,0+1,g3 c5 f3 e6 e3 Nc6 d3 d5 f4 Nf6,10,
1502,1720,black,480+0,e4 e5 Nc3 Nf6 Bc4 Nc6 f3 g6 a3 Bg7,10,
1841,1758,white,300+0,d4 d5 f4 Nc6 Nf3 Bf5 e3 e6 c4 Bb4+,10,
1869,1527,white,60+0,d4 c6 c4 c5 Nc3 cxd4 Qxd4 Nc6 Qd2 e5,10,
1803,1820,white,480+8,e4 c6 d4 d5 e5 Bf5 Bd3 Bxd3 Qxd3 Qa5+,10,
2007,1931,black,120+0,d4 e6 c4 d5 Nc3 Be7 Nf3 Nf6 Bf4 O-O,10,
1684,1417,white,240+0,e4 c5 Nf3 Nc6 c3 g6 d4 cxd4 cxd4 e6,10,
1523,1872,black,60+0,f4 c5 f5 e6 fxe6 fxe6 e3 d5 h3 Nf6,10,
1517,1282,black,600+0,e4 e5 Nf3 Nc6 Nc3 Bb4 d3 Nf6 Bd2 O-O,10,
1383,1641,black,1800+8,e4 d5 Nc3 dxe4 Nxe4 b6 Bc4 Bb7 d3 e6,10,
1876,1520,white,0+1,d4 d6 c4 d5 Nc3 dxc4 Nf3 b5 Bg5 b4,10,
1520,1876,draw,0+1,e3 c5 d3 e6 e4 d5 f4 dxe4 dxe4 c4,10,
1301,1535,white,300+9,e4 e5 Qh5 d6 Bc4 Qf6 Nf3 Be6 Bxe6 Qxe6,10,
1633,1456,draw,300+0,e4 g6 d4 Bg7 Nc3 d6 Nf3 Nf6 Be2 O-O,10,
1965,1989,white,120+0,c4 d5 cxd5 Nf6 Nc3 Nxd5 Nf3 c5 g3 Nc6,10,
1242,1537,black,60+0,e4 e5 Bc4 Nc6 d3 Nf6 Nf3 h6 O-O d6,10,
1865,1516,white,0+1,d4 d6 c4 Bd7 Nc3 Bc8 Nf3 Kd7 Bg5 Qe8,10,
1750,1851,black,300+0,e4 e6 Nf3 c6 Bc4 d5 exd5 cxd5 Bb3 Nf6,10,
1516,1865,black,0+1,d3 c5 Nc3 e6 Nb1 d5 d4 Nf6 dxc5 Be7,10,
1497,1931,black,480+0,e4 e5 Nc3 d6 Qh5 g6 Qf3 c6 Bc4 Nf6,10,
1868,1513,white,0+1,d4 h6 c4 a6 Nc3 h5 Nf3 a5 Bg5 a4,10,
1605,1651,black,840+0,e4 c5 Nf3 d6 c3 Bg4 Bb5+ Nc6 Bxc6+ bxc6,10,
1641,1500,black,300+8,e4 e5 f4 exf4 Nf3 Nf6 Nc3 Bc5 d4 Bb6,10,
1513,1868,black,0+1,Nf3 c5 d4 e6 d5 exd5,6,
1872,1509,white,0+1,d4 e6 c4 Nc6 Nc3 Bb4 Nf3 Bxc3+ bxc3 e5,10,
1509,1872,black,0+1,Nf3 c5 Ng1 e6 d3 d5 Nf3 Nf6 Bg5 Be7,10,
1872,1509,white,0+1,d4 f6 c4 f5 Nc3 h5 Nf3 g5 Bxg5 Bh6,10,
1509,1872,black,0+1,e3 c5 Bc4 e6 Qg4 d5 Bb3 Nf6 Qf3 Be7,10,
1875,1506,black,0+1,d4 b6 c4 d6 Nc3 Bb7 Nf3 c6 Bg5 Ba6,10,
1506,1875,black,0+1,f3 c5 e3 e6 c3 d5 g3 Nf6 f4 Be7,10,
1574,1461,white,300+0,e4 g6 d4 Bg7 Nf3 d6 Nc3 Nf6 Be2 O-O,10,
1875,1506,white,0+1,d4 d6 c4 Kd7 Nc3 c6 Nf3 Ke8 Bg5 Bd7,10,
1645,1679,black,180+15,d4 d5 c4 dxc4 Nc3 Nf6 e3 e6 a3 Bd6,10,
1860,1742,black,300+0,d4 e5 f4 exf4 Bxf4 Bd6 Bxd6 cxd6 Nf3 Nf6,10,
1223,1521,white,60+0,e4 d5 exd5 Qxd5 Nc3 Qd8 Bc4 Nf6 Nf3 Nc6,10,
1503,1878,black,0+1,e3 c5 Bb5 e6 Qe2 a6 Ba4 b5 Bb3 d5,10,
1495,1814,white,480+0,e4 e6 Nc3 d5 exd5 exd5 Qe2+ Be7 Nf3 Nf6,10,
1498,1522,white,1560+30,e4 e5 Nf3 Nc6 Be2 d6 d3 Nf6 O-O Be7,10,
1161,1358,black,540+0,e4 e5 c4 Qh4 d3 Bb4+ Nd2 Nf6 a3 Bc5,10,
1882,1500,white,0+1,d4 e6 c4 d6 Nc3 Bd7 Nf3 d5 Bg5 Bd6,10,
1363,1154,black,540+0,e4 e6 e5 f6 exf6 gxf6 Qh5+ Ke7 b3 Qe8,10,
1497,1885,black,0+1,d4 c5 Be3 e6 Bd2 cxd4 e3 e5 exd4 exd4,10,
1302,1503,white,600+0,e4 e6 e5 g6 d4 Bg7 Bd3 d6 Nf3 Nc6,10,
1316,1470,black,60+0,e4 e6 Bc4 c6 e5 g6 d4 Bg7 h3 Ne7,10,
1888,1494,white,0+1,d4 e5 c4 Bd6 d5 Bc5 Nc3 d6 Nf3 Bd7,10,
1494,1888,black,0+1,e4 c5 Bd3 e6 Bc4 d5 exd5 exd5 Bb3 Nf6,10,
1878,1771,white,120+2,e4 g6 Nf3 Bg7 Bc4 d6 c3 e5 d4 exd4,10,
1888,1494,white,0+1,d4 e5 c4 d5 cxd5 Bd6 dxe5 Bxe5 Nc3 Bd7,10,
1510,1511,white,1560+30,d4 d6 Nf3 c5 e3 cxd4 exd4 f6 Be2 Nc6,10,
1635,1594,white,480+0,d4 Nf6 c4 g6 Nc3 Bg7 a3 O-O e3 d6,10,
1315,1477,black,60+0,b3 g6 Bb2 e6 Bxh8 f6 g3 Nh6 Bg2 Nf7,10,
1313,1326,white,300+12,e4 c5 c3 e5 Qh5 d6 d4 Nf6 Qf3 Bg4,10,
1491,1891,black,0+1,d4 c5 dxc5 e6 Qd3 Bxc5 Be3 Be7 Bf4 Nf6,10,
1287,1591,white,60+0,e4 e5 Bc4 Nc6 d3 Bc5 Nf3 d6 h3 Bg4,10,
1176,1346,black,540+0,e4 e5 d3 Qf6 Nc3 Bc5 Be3 Bxe3 fxe3 Nh6,10,
1891,1491,white,0+1,d4 d6 c4 e6 Nc3 f6 Nf3 e5 e3 e4,10,
1488,1893,black,0+1,e4 c5 Be2 e6 Kf1 d5 d3 Nf6 Qe1 Be7,10,
1571,1365,black,60+0,e4 e5 Nf3 Bc5 Bc4 d6 d3 Nc6 O-O Nf6,10,
1459,1445,white,600+8,e4 e5 Nf3 Nc6 Bc4 Nf6 Ng5 Bb4 Bxf7+ Kf8,10,
1796,1723,white,180+1,c4 e5 b3 f5 Bb2 Nf6 Nc3 c6 g3 Be7,10,
1896,1485,white,0+1,d4 d6 c4 e6 Nc3 Kd7 Nf3 Be7 Bf4 Qe8,10,
1485,1896,black,0+1,d3 c5 e3 e6 e4 d5 Be3 d4 Bd2 e5,10,
1582,1310,black,180+3,e4 Nf6 Nc3 d5 exd5 Nxd5 Nxd5 Qxd5 d3 Nc6,10,
1896,1485,white,0+1,d4 e5 c4 exd4 Qxd4,5,
1482,1899,white,0+1,d4 c5 e4 e6 dxc5 Bxc5 Bc4 Nc6 Bf4 Nf6,10,
1352,1168,black,540+0,e4 e5 Qh5 Qf6 Nh3 g6 Qg4 Nh6 Qg5 Qxg5,10,
1756,1763,black,120+2,e4 g6 Nf3 Bg7 Bc4 e6 d3 d5 exd5 exd5,10,
1430,1510,white,60+0,e4 c6 Bc4 d5 exd5 cxd5 Bb5+ Nc6 Bxc6+ bxc6,10,
1871,1510,white,60+0,d4 d5 c4 c6 Nc3 e6 Nf3 Bd6 Bg5 Bd7,10,
1400,1341,white,120+1,e4 e5 Nf3 d6 Bc4 Bg4 h3 Bxf3 Qxf3 f6,10,
1378,1320,black,1800+8,e4 e5 Nf3 Nc6 Bb5 Nf6 Nxe5 Nxe5 d4 Neg4,10,
1871,1510,white,0+1,d4 d5 c4 e5 Nc3 exd4 Qxd4 f6 Nxd5 b6,10,
1774,1746,black,120+2,e4 e5 Bc4 Nc6 Qf3 Bc5 Ne2 Nh6 d3 Qf6,10,
1495,1477,white,60+0,d4 d5 c4 dxc4 Nc3 Nc6 d5 Ne5 f4 Ng6,10,
1381,1342,black,180+3,e4 Nf6 e5 Nd5 d4 Nb6 Nf3 d6 Nc3 dxe5,10,
1506,1875,black,0+1,d4 c5 e4 e6 Bd3 cxd4 Bd2 e5 c3 Nc6,10,
1645,1662,white,840+0,d4 d5 c4 c6 Nc3 Bf5 a3 a6 Bf4 Nd7,10,
1444,1507,black,60+0,e4 g6 Bc4 Bg7 d3 e6 Nf3 Nf6 O-O d5,10,
1581,1594,black,480+0,e4 c5 Nf3 e6 d4 cxd4 Nxd4 Nc6 Nc3 Bb4,10,
1851,1483,white,60+0,e4 g6 d4 e6 f4 Bg7 Nf3 Ne7 e5 O-O,10,
1843,1795,black,480+8,c4 c5 b3 e6 Bb2 Nc6 Nc3 Nf6 g3 Be7,10,
1499,1521,black,1560+30,e4 c5 d4 cxd4 Qxd4 Nc6 Qe3 d6 c3 a6,10,
1851,1481,white,60+0,d4 e6 c4 c6 Nc3 g6 Nf3 Bg7 Bg5 Ne7,10,
1516,1417,white,60+0,d4 d5 c4 dxc4 Nc3 b5 Nxb5 a6 Nc3 Nc6,10,
1408,1092,white,120+1,c4 e5 Nc3 d6 Nf3 c6 e3 b5 cxb5 cxb5,10,
1413,1473,black,600+8,d4 d5 e3 Nf6 g3 Nc6 Nf3 Bg4 Bg2 e5,10,
1502,1554,white,120+0,e4 e5 Nf3 Nc6 c3 Bc5 d4 exd4 cxd4 Bb6,10,
1431,1391,black,240+4,e4 Nf6 e5 Nd5 c4 Nb4 a3 N4c6 d4 e6,10,
1554,1502,black,120+0,e4 d5 exd5 Qxd5 Nf3 Nf6 Nc3 Qa5 d4 c6,10,
1854,1855,white,60+0,e4 c5 d4 e6 dxc5 Bxc5 Nf3 Be7 c4 d5,10,
1395,1525,black,60+0,e4 c6 Bc4 d5 exd5 cxd5 Bb5+ Bd7 Bxd7+ Qxd7,10,
1189,1554,black,540+0,e4 e5 d3 d5 exd5 Qxd5 Qh5 g6 Qf3 Qxf3,10,
1434,1707,black,300+8,Nf3 d5 d4 e6 Nc3 c5 Bf4 Nc6 Nb5 Qb6,10,
1525,1395,black,60+0,d4 d5 c4 dxc4 Nc3 Nf6 e4 e6 Bxc4 Be7,10,
1878,1503,black,0+1,d4 c6 c4 g6 Nc3 h5 Nf3 Bh6 Bg5 Bxg5,10,
1757,1886,black,300+0,e4 c6 Nf3 d5 exd5 cxd5 d4 Nf6 Bd3 Bg4,10,
1657,1649,white,840+0,d4 d5 c4 c6 Nc3 Bf5 a3 a6 e3 b6,10,
1435,1478,black,60+0,e4 g5 Nf3 h6 Nd4 Nc6 Nxc6 dxc6 c3 Nf6,10,
1614,1360,draw,180+3,e4 Nf6 Nc3 d5 e5 Ne4 Nxe4 dxe4 d3 Qd5,10,
1867,1840,white,60+0,e4 c5 Nf3 e6 Bc4 d5 exd5 exd5 Bb3 Nc6,10,
1516,1539,black,120+0,e4 e5 f4 exf4 Nf3 Bc5 d4 Bb6 Bxf4 d6,10,
1358,1166,white,300+5,e4 e5 Nf3 f6 d4 exd4 Nxd4 c5 Nf3 d6,10,
1719,1488,white,900+10,Nf3 e6 d4 d5 g3 Nf6 Bg2 Bd6 c4 Bb4+,10,
1334,1273,black,600+0,e4 e5 Nf3 Nf6 Nc3 a6 d4 Bb4 dxe5 Bxc3+,10,
1808,1830,white,480+8,d4 d5 c4 e6 Nf3 Nf6 e3 c5 Bd3 cxd4,10,
1568,1760,black,480+0,e4 e6 d4 d5 Nc3 Nf6 Nf3 dxe4 Ne5 c5,10,
1433,1486,black,60+0,e4 g6 Bc4 e6 d3 Bg7 Nf3 Ne7 Nc3 O-O,10,
1826,1879,white,60+0,d4 d5 c4 e6 Nc3 Bb4 Nf3 Bxc3+ bxc3 c6,10,
1443,1531,black,1560+30,d4 d5 Bf4 a6 Nc3 Nf6 e3 Bf5 Nf3 h6,10,
1363,1482,white,300+5,e4 Nf6 d3 d5 e5 Nfd7 d4 Nc6 Nf3 e6,10,
1411,1551,black,60+0,e4 e5 Bc4 Nc6 d3 Bc5 Nf3 d6 h3 Be6,10,
1864,1843,black,60+0,e4 c5 d4 e6 d5 exd5 exd5 d6 c4 Nf6,10,
1505,1404,white,120+0,e4 e5 f4 Nf6 Nf3 exf4 d4 Be7 Bxf4 Nxe4,10,
1500,1540,black,1560+30,e4 c5 Nc3 d6 d3 Nf6 Be2 Nbd7 Be3 e6,10,
1858,1851,white,60+0,d4 d5 c4 e6 Nc3 Bb4 Nf3 Bxc3+ bxc3 c5,10,
1395,1558,white,60+0,e4 e5 f3 Nc6 Nh3 Bc5 Bc4 Qh4+ g3 Qxh3,10,
1694,1815,black,180+2,d4 d5 Nf3 c5 c3 Nf6 Bf4 e6 h3 Bd6,10,
1500,1637,black,840+0,e4 d5 f3 dxe4 fxe4 Nf6 d3 c6 h3 e6,10,
1893,1513,black,60+0,e4 d5 Nf3 dxe4 Ne5 Nc6 Nxc6 bxc6 Bc4 e6,10,
1467,1372,black,180+3,e4 Nf6 Nc3 d5 Nf3 dxe4 Ne5 Qd4 Ng4 Bxg4,10,
1378,1366,white,300+5,e4 e6 e5 d6 exd6 Qxd6 d4 Be7 Nf3 Nf6,10,
1522,1664,black,300+3,e4 c5 Bc4 Nc6 Nf3 a6 c3 e6 b4 b5,10,
1394,1508,black,180+3,e4 c5 c3 d6 d4 cxd4 cxd4 Nf6 Nc3 a6,10,
1658,1386,white,240+0,d4 d5 Nf3 Nf6 Nbd2 Bf5 b3 e6 Bb2 Bg6,10,
1658,1659,white,300+0,d4 c6 Nd2 d5 c4 Nf6 b3 Bf5 Bb2 e6,10,
1430,1070,white,300+8,Nf3 e6 d4 Bb4+ Bd2 Bxd2+ Qxd2 Nc6 e4 Qe7,10,
1471,1561,black,900+0,e4 c5 Qf3 Nc6 c3 e5 d3 d6 h3 Nge7,10,
1515,1671,white,300+3,e4 g6 Nf3 Bh6 Bc4 e6 d4 Bxc1 Qxc1 Nf6,10,
1572,1541,black,120+0,c4 e5 Nc3 Nc6 d3 Bc5 g3 Nf6 e3 d6,10,
1516,1382,white,180+3,d4 Nf6 c4 g6 Nc3 Bg7 h3 d5 e3 c5,10,
1874,1871,white,60+0,e4 c5 d4 e6 Nf3 cxd4 c3 Nc6 cxd4 d5,10,
1750,1822,black,180+2,e4 e5 Nf3 d6 Bc4 Be7 d3 Nf6 h3 Nbd7,10,
1820,1483,white,480+8,e4 e6 d4 d5 Nc3 dxe4 Nxe4 Nf6 Bd3 Nxe4,10,
1699,1831,black,300+0,d4 e6 Nd2 c5 Ngf3 cxd4 Nxd4 Nc6 e3 e5,10,
1389,1308,white,300+5,e4 e5 Nf3 Nc6 Bc4 Nf6 d4 exd4 Nxd4 Nxe4,10,
1337,1500,white,120+0,e4 e5 Nf3 Nc6 Nc3 Nf6 Bb5 d6 Bxc6+ bxc6,10,
1858,1885,white,60+0,d3 e5 d4 exd4 Qxd4 Nf6 Qd1 Nc6 Nc3 Bc5,10,
1689,1804,black,180+1,e4 c5 Nf3 b6 d4 cxd4 Nxd4 Bb7 Bc4 g6,10,
1838,1554,white,120+0,e4 e5 Nf3 Nc6 Bc4 Bc5 d4 exd4 Nbd2 d6,10,
1381,1643,black,840+0,e4 c5 Qh5 d6 Bb5+ Bd7 c4 a6 a4 Bxb5,10,
1873,1872,black,60+0,e4 c5 d4 e6 c3 cxd4 cxd4 Nc6 Nf3 d5,10,
1872,1873,black,60+0,d4 Nf6 c4 e6 Nc3 c5 Nf3 cxd4 Nxd4 d5,10,
1433,1662,black,1320+8,Nc3 e5 e4 Nf6 Nf3 Nc6 Bc4 Bc5 O-O d6,10,
1675,1655,white,300+0,d4 f5 Nd2 Nf6 b3 e6 Bb2 Be7 Ngf3 O-O,10,
1862,1885,black,60+0,e4 c5 d4 e6 Nf3 d5 exd5 exd5 Bb5+ Nc6,10,
1535,1818,black,60+0,e4 e6 Nf3 c5 c3 Nf6 d4 d5 e5 Nfd7,10,
1480,1648,white,840+0,e4 d5 d3 dxe4 d4 Bf5 Nc3 e6 f3 exf3,10,
1531,1897,black,60+0,e4 c5 Nf3 e6 c3 d5 exd5 exd5 d4 Nf6,10,
1359,1510,black,240+0,e4 b6 Nf3 Bb7 Nc3 e6 d4 Bb4 a3 Bxc3+,10,
1897,1531,white,60+0,d4 c5 c4 cxd4 Qd3 Nc6 Nf3 e5 e3 dxe3,10,
1644,1838,black,180+2,d4 d5 Nc3 c5 dxc5 Nf6 Bg5 e6 Bxf6 Qxf6,10,
1528,1900,black,60+0,e4 c5 Nf3 e6 c3 d5 e5 f6 d4 fxe5,10,
1516,1812,black,180+1,e4 c5 Nf3 b6 d4 cxd4 Nxd4 Bb7 Nc3 g6,10,
1900,1528,black,60+0,d4 c6 c4 d5 Nc3 dxc4 Nf3 Nf6 Bg5 Bg4,10,
1550,1903,black,60+0,e4 c5 Nf3 e6 c3 d5 e5 f6 d4 fxe5,10,
1903,1550,white,60+0,d4 Nf6 c4 e6 Nc3 Bb4 Nf3 d6 Qc2 O-O,10,
1668,1495,black,180+15,d4 d5 c4 c6 Nc3 e6 a3 h6 c5 Be7,10,
1843,1639,white,180+2,e4 c5 d4 cxd4 Nf3 Nf6 e5 Ng4 Qxd4 d5,10,
1321,1513,draw,240+0,e4 b6 d4 Bb7 Bd3 Nf6 Qe2 e6 c4 Be7,10,
1055,1413,white,1800+30,d4 d5 Bg5 f6 Be3 Nc6 Nc3 e5 Nxd5 Qxd5,10,
1853,1906,white,60+0,e4 c5 Nc3 e6 f4 d5 Nf3 d4 Ne2 Nc6,10,
1332,1506,black,300+8,e4 e6 e5 c5 f4 d5 d4 cxd4 Qxd4 Nc6,10,
1715,1815,black,180+1,d4 d5 f4 e6 e3 Nf6 Nf3 c5 c3 a6,10,
1891,1865,white,60+0,d4 Nf6 c4 e6 Nc3 c5 Nf3 cxd4 Nxd4 Bc5,10,
1855,1903,black,60+0,e4 c5 d4 e6 Nf3 cxd4 c3 Nc6 cxd4 d5,10,
1485,1618,white,840+0,e4 d5 e5 Bf5 d4 e6 Nc3 c5 Nf3 cxd4,10,
1585,1630,white,840+0,e4 d5 exd5 Qxd5 Nc3 Qa5 d4 c6 Bf4 e6,10,
1680,1349,black,240+0,e4 c5 Nf3 Nc6 c3 e6 d4 cxd4 cxd4 Nf6,10,
1672,1735,white,600+0,e4 Nf6 e5 Nd5 c4 Nb6 c5 Nd5 Nc3 Nxc3,10,
1734,1419,white,840+14,e4 e5 Nf3 d6 Bc4 c6 d4 b5 Bb3 f6,10,
1914,1846,white,60+0,d4 Nf6 c4 e6 Nc3 c5 Nf3 cxd4 Nxd4 Bc5,10,
1784,1823,white,180+1,e4 c5 Nf3 b6 d4 cxd4 Nxd4 Bb7 Nc3 g6,10,
1846,1914,white,60+0,e4 c5 d4 e6 Nf3 d5 exd5 exd5 dxc5 Nf6,10,
1651,1511,white,180+15,d4 d5 c4 c6 Nc3 e6 a3 a6 c5 h6,10,
1899,1858,black,60+0,d4 Nf6 c4 e6 Nc3 c5 Nf3 cxd4 Nxd4 Bc5,10,
1726,1527,white,600+10,e4 e5 Nf3 d6 Bc4 Bg4 Bxf7+ Kxf7 d4 exd4,10,
1102,1025,white,1800+30,d4 d5 Bg5 Bg4 Nf3 Nf6 Bxf6 Bxf3 Bxg7 Bxg2,10,
1870,1885,white,60+0,e4 c5 d4 e6 Nf3 d5 exd5 exd5 Bb5+ Nc6,10,
1796,1622,white,240+1,e4 e6 f4 b6 Nf3 Bb7 Nc3 Ne7 Be2 Ng6,10,
1885,1870,white,60+0,d4 Nf6 c4 e6 Nc3 c5 Nf3 cxd4 Nxd4 Bc5,10,
1762,1601,black,840+0,e4 d5 exd5 Qxd5 Nc3 Qa5 d4 c6 Nf3 Bg4,10,
1823,1961,white,360+8,e4 d6 d4 Nd7 Nf3 b6 Bd3 Bb7 O-O Ngf6,10,
1881,1873,white,60+0,e4 c5 Nf3 e6 Nc3 d5 exd5 exd5 d4 Nf6,10,
1254,1374,black,900+8,e4 e5 Qh5 d6 Bc4 Qe7 d3 Nf6 Qf3 Bg4,10,
1723,1747,black,600+0,c4 e5 Nc3 d6 d4 exd4 Qxd4 Nc6 Qd5 Nf6,10,
1415,1738,black,840+14,e4 c5 Bc4 e6 e5 d5 Bb5+ Bd7 Bxd7+ Nxd7,10,
1861,1891,black,60+0,d4 Nf6 c4 g6 Nc3 Bg7 Nf3 O-O Bg5 d5,10,
1194,1548,black,420+0,e3 e5 g3 Nc6 b3 Bc5 Bb2 d5 a3 Be6,10,
1121,1497,white,1800+30,d4 d6 Bg5 f6 Bh4 g5 Bg3 c6 e3 Qb6,10,
1802,1820,white,240+1,e4 e5 f4 exf4 Nf3 d5 e5 Nc6 d4 Bg4,10,
1672,1645,white,0+1,g3 d5 f4 Bf5 Bg2,5,
1672,1634,white,0+1,e3 e5 d4 Nc6 d5,5,
1812,1835,black,360+8,d4 Nf6 Nf3 e6 Nbd2 c5 b3 cxd4 Bb2 Nc6,10,
1558,1412,white,840+14,e4 e5 Bc4 c6 Nc3 b5 Bb3 Ba6 d3 c5,10,
1571,1633,white,300+0,e4 e5 Nf3 Nc6 Bc4 Bc5 c3 Nf6 d3 h6,10,
1191,1268,black,420+0,e3 Nc6 g3 Nf6 Bg2 d5 b3 e5 Bb2 Bd6,10,
1634,1679,black,60+0,e4 d6 Nf3 g6 d4 Bg7 Be3 Nd7 Bc4 Ngf6,10,
1814,1710,black,300+0,e4 c5 Nf3 d6 d4 cxd4 Nxd4 Nf6 Nc3 Nc6,10,
1389,1428,black,300+8,d4 d5 Nc3 Nf6 f3 e6 e4 Bb4 e5 Bxc3+,10,
1401,1438,black,240+4,d4 d5 Bf4 e6 Nf3 h6 e3 Nf6 Nc3 a6,10,
1584,1523,white,300+0,e4 c5 Nf3 d6 d4 cxd4 Nxd4 Nf6 Nc3 a6,10,
1624,1850,black,60+0,e4 c5 Nf3 e6 d4 d5 dxc5 Bxc5 exd5 exd5,10,
1680,1689,black,60+0,c3 d5 e3 e5 d4 exd4 cxd4 Nf6 Bd3 Bd6,10,
1564,1441,white,240+0,e4 c5 Nf3 Nc6 d4 cxd4 Nxd4 g6 Nc3 Bg7,10,
1724,1800,white,300+0,e4 e5 Nf3 f5 exf5 e4 Nd4 Nf6 Nc3 c5,10,
1514,1593,black,300+0,e4 e5 Nf3 Nc6 Bc4 Bc5 Nc3 Nf6 Ng5 O-O,10,
1361,1417,black,300+0,e4 d5 exd5 Nf6 Nc3 e6 Bc4 Bb4 Qf3 Nbd7,10,
2041,1855,black,60+0,Nf3 c5 c4 e6 Nc3 d5 cxd5 exd5 d4 Nf6,10,
1602,1505,draw,300+0,e4 c5 Nf3 d6 d4 cxd4 Nxd4 Nf6 Nc3 a6,10,
1855,2041,black,60+0,d4 Nf6 c4 e6 Nc3 Bb4 Nf3 c5 Qc2 cxd4,10,
1041,1386,white,900+9,e4 e5 Nf3 Nc6 Nc3 g6 Bc4 Bg7 Ng5 Nh6,10,
1552,1624,black,300+2,e4 e6 Nf3 d5 exd5 exd5 Be2 Nf6 O-O Bd6,10,
1456,1438,white,300+8,d4 d5 Nc3 Nf6 h3 e6 Nf3 Bb4 Bd2 Ne4,10,
1699,1980,black,60+0,d4 c6 Nf3 Nf6 c4 d5 e3 dxc4 Nc3 Bf5,10,
1732,1709,white,900+0,e4 Nf6 Nc3 d5 e5 d4 Nb5 Ng4 Nf3 Nc6,10,
1402,1322,white,300+12,e4 d5 exd5 Qxd5 Nc3 Qe5+ Be2 Be6 Nf3 Qd6,10,
1404,1459,white,840+14,e4 d5 e5 d4 d3 c5 g3 h6 Bg2 Nc6,10,
2048,1849,white,60+0,d4 c5 d5 e6 c4 exd5 cxd5 d6 Nc3 Nf6,10,
1738,1384,white,300+0,d4 d5 c4 dxc4 e4 e6 Bxc4 c6 Nf3 Nf6,10,
1992,1695,white,60+0,e4 d5 Nc3 d4 Nce2 e5 Nf3 f6 c3 Nc6,10,
1513,1658,black,300+8,d4 d5 Bf4 e6 e3 a6 Bd3 h6 Nf3 Nf6,10,
1843,2055,black,60+0,d4 Nf6 c4 c5 Nc3 cxd4 Qxd4 Nc6 Qd1 d6,10,
2061,1837,white,60+0,Nf3 c5 d4 e6 dxc5 Bxc5 Nc3 Be7 Bf4 Nf6,10,
1837,2061,black,60+0,d4 Nf6 c4 c5 Nc3 cxd4 Qxd4 Nc6 Qd1 d6,10,
1371,1801,black,180+3,e4 Nf6 e5 Nd5 Bc4 e6 Bxd5 exd5 d4 c5,10,
2003,1261,white,60+0,e4 d5 exd5 c6 Nc3 cxd5 d4 e5 Nf3 exd4,10,
2067,1832,white,60+0,d4 c5 d5 e6 c4 exd5 cxd5 d6 Nc3 Nf6,10,
1502,1587,white,300+8,e4 e5 Nf3 Nc6 Bb5 d6 Bxc6+ bxc6 d4 exd4,10,
1832,2067,black,60+0,d4 Nf6 c4 c5 Nc3 cxd4 Qxd4 Nc6 Qd1 g6,10,
1675,1559,white,480+0,f4 d5 e3 c6 d4 e6 Nf3 h6 Nbd2 a6,10,
1835,1845,black,600+5,e4 e6 f4 d5 e5 c5 Nf3 Ne7 d4 Nbc6,10,
1477,1081,white,900+9,e4 Nf6 Nc3 Nc6 d3 e5 Be3 Bb4 Qd2 Ng4,10,
1827,1901,black,60+0,d4 Nf6 c4 e6 Nc3 c5 Nf3 cxd4 Nxd4 Bc5,10,
1419,1713,black,300+8,Nf3 e5 Nxe5 Nf6 e4 Nxe4 Qe2 d5 d3 Nd6,10,
1599,1487,white,300+0,e4 b6 Nf3 Bb7 Nc3 e6 d3 Bb4 Bd2 Bxc3,10,
1416,1407,draw,900+0,e4 e5 Nf3 d6 Nc3 Nf6 d4 exd4 Nxd4 d5,10,
1599,1447,white,300+0,e4 d5 exd5 Qxd5 Nc3 Qd8 Bb5+ c6 Bc4 e6,10,
1906,1973,black,180+0,d4 d5 Nf3 Nc6 Bf4 Bg4 e3 f6 Be2 Bxf3,10,
1277,1491,black,180+3,Nf3 d5 d4 b6 e3 e6 Bb5+ c6 Bd3 a6,10,
1990,1740,black,300+0,e4 c5 b4 d5 exd5 Nf6 c4 e5 Bb2 Nbd7,10,
1504,1418,white,840+14,d4 d5 e3 Nf6 a3 g6 b3 Bh6 Bb2 O-O,10,
1818,2073,black,60+0,d4 c5 c4 cxd4 Qxd4 Nc6 Qd1 Nf6 Nc3 e5,10,
1607,1740,black,300+0,e4 e5 Nf3 Nc6 Bc4 Bc5 c3 Nf6 d3 d6,10,
1717,1414,white,300+8,f4 d5 Nf3 Nf6 d4 e6 Bd2 Ne4 Nc3 Nc6,10,
1264,1487,black,300+0,d4 e6 e4 g6 Nf3 Bg7 Nc3 d6 Bg5 f6,10,
1813,2078,white,60+0,d4 c5 c3 cxd4 c4 e5 Nf3 Nf6 Bg5 h6,10,
1408,1167,white,660+8,d4 d5 e4 e5 dxe5 dxe4 Qxd8+ Kxd8 Nc3 f5,10,
1557,1813,black,60+0,Nf3 c5 e3 e6 Be2 d5 O-O Nf6 c3 Be7,10,
1665,1856,black,600+5,d4 e6 a3 d5 c4 Nf6 Nc3 c6 c5 b6,10,
1422,1589,black,120+0,e4 b6 Nf3 Bb7 Nc3 e6 d4 Bb4 a3 Bxc3+,10,
2056,1692,white,60+0,Nf3 d6 c4 e5 Nc3 Nf6 g3 Be7 Bg2 O-O,10,
1447,1427,white,600+15,e4 e5 Qh5 Nc6 Bb5 Qf6 Bxc6 bxc6 Nf3 g6,10,
1981,2114,black,180+0,e4 e6 d4 d5 Nc3 Bb4 a3 Bxc3+ bxc3 dxe4,10,
1833,1552,white,60+0,d4 Nf6 c4 e5 Nc3 exd4 Qxd4 Be7 Qd1 O-O,10,
1410,1721,black,300+8,d4 d5 e3 Nf6 c4 dxc4 Bxc4 e6 Nc3 Bb4,10,
1552,1833,black,60+0,Nf3 c5 e3 e6 d4 d5 dxc5 Nf6 b4 Nc6,10,
2059,1689,white,60+0,g3 d6 Bg2 g6 c4 Bg7 Nc3 Nf6 d4 O-O,10,
1479,1369,white,180+3,b3 d5 Bb2 Nf6 e3 Nc6 Bb5 a6 Bxc6+ bxc6,10,
1479,1466,white,600+15,e4 e5 Nf3 Nc6 d4 f6 dxe5 Nxe5 Nxe5 fxe5,10,
1539,1700,black,900+0,d4 Nf6 c4 g6 Nf3 Bg7 e3 O-O b3 d5,10,
1679,1909,black,540+5,e4 c5 Nf3 Nc6 Bc4 a6 a3 b5 Ba2 Bb7,10,
2125,1974,white,180+0,Nf3 Nc6 d3 e5 g3 d5 Bg2 Nf6 O-O Bd6,10,
1945,1828,white,240+0,e4 Nf6 e5 Nd5 c4 Nb6 d4 e6 Nf3 c6,10,
1665,1589,black,60+2,d4 Nf6 Nf3 e6 c4 d5 Bg5 c6 e3 Bb4+,10,
1629,1843,white,0+1,b3 d5 c3 c5 Bb2 Nc6 f3 e5 g4 f5,10,
1843,1629,white,0+1,e4 g6 d4 f6 c4 Bg7 d5 d6 Nc3 g5,10,
1409,1755,black,840+14,e4 d5 e5 d4 Bc4 Nc6 Qe2 Nh6 e6 Bxe6,10,
1644,1409,white,240+0,Nf3 d5 c4 dxc4 e3 e5 Nxe5 b5 Nc3 Nd7,10,
1823,1608,black,60+2,e4 e5 Nf3 Nc6 Bc4 Bc5 d3 Nf6 Bg5 d6,10,
1608,1624,white,60+2,e4 g6 d4 f6 c4 Bg7 Nc3 a6 Bd3 b6,10,
1644,2135,black,300+0,Nf3 e6 c4 c5 Nc3 Nf6 e4 d6 d4 cxd4,10,
1357,1441,black,180+3,e4 d5 e5 e6 d4 Nd7 Nf3 c5 Bg5 Be7,10,
1590,1434,white,480+4,e4 e5 Nf3 d6 Bc4 Nf6 Nc3 Bg4 h3 Bxf3,10,
1997,1271,white,240+0,e4 Nc6 Nf3 e5 Bb5 f6 O-O Nd4 Nxd4 exd4,10,
1449,1345,black,180+3,d4 Nf6 c4 d5 a3 g6 Nc3 Bg7 c5 b6,10,
1558,1506,black,600+10,e4 e6 d4 d5 e5 c5 Nf3 Nc6 Bb5 Bd7,10,
1617,1550,black,60+2,e4 e5 Nf3 Nc6 Bc4 Bc5 c3 d6 d4 exd4,10,
1804,1626,white,60+2,d4 Nf6 c4 e6 Nc3 Bb4 e3 O-O Qb3 c5,10,
1331,1745,black,540+0,e4 e6 Nf3 d5 exd5 exd5 Nc3 Nf6 Qe2+ Be7,10,
1759,1406,white,840+14,Nf3 d5 c4 dxc4 e4 Nf6 Nc3 Be6 Qa4+ Bd7,10,
1565,1598,black,60+2,e4 e5 Nf3 Nc6 Bc4 Bc5 d3 Nf6 O-O d6,10,
1365,1435,white,180+3,e4 d5 Nc3 dxe4 Nxe4 e6 d4 h6 Nf3 Nf6,10,
1598,1565,black,60+2,e4 e5 Nf3 Nc6 Bc4 Bc5 c3 d6 d4 exd4,10,
1407,1862,black,300+8,Nc3 e6 Nf3 d5 d4 Nf6 e3 c5 dxc5 Bxc5,10,
1577,1581,black,60+2,e4 e5 Nf3 Nc6 Bc4 Bc5 d3 Nf6 Nc3 d6,10,
1329,1727,black,540+0,e4 Nf6 d3 e5 Nf3 Nc6 d4 exd4 Nxd4 Nxe4,10,
1596,1566,black,60+2,e4 e5 Nf3 Nc6 Bb5 d6 d4 a6 Ba4 b5,10,
1566,1596,white,60+2,e4 e5 Nf3 Nc6 Bc4 Bc5 d3 Nf6 c3 d6,10,
1383,1422,white,180+3,e4 d5 Nc3 dxe4 Nxe4 e6 Bb5+ c6 Ba4 Nd7,10,
1968,1903,white,180+3,e4 e5 Nf3 Nc6 Bb5 a6 Ba4 Nf6 O-O Be7,10,
1403,1683,white,840+14,e4 e5 Bc4 d6 d4 exd4 Qxd4 Nc6 Qd5 Nf6,10,
1580,1578,white,60+2,e4 e5 Nf3 Nc6 Bc4 Bc5 c3 d6 d4 exd4,10,
1683,1403,white,840+14,f4 d5 e3 d4 exd4 Qxd4 d3 e6 Nf3 Qb6,10,
1679,2005,black,60+1,e4 e5 f4 exf4 h4 d6 Nf3 Nf6 d3 Nh5,10,
1519,1545,white,300+8,d4 c5 c3 c4 Bf4 d5 e3 Nc6 Nf3 e6,10,
1400,1493,white,180+1,e4 e5 d4 exd4 c3 Nc6 Bc4 dxc3 Nxc3 Bb4,10,
1669,1434,white,0+1,d3 d5 e4 Nf6 e5 Nfd7 f4 Nc6 d4 e6,10,
1837,1676,white,60+0,d4 d5 c4 dxc4 Nc3 Nc6 Nf3 Bg4 Bg5 Nf6,10,
1567,1594,black,60+2,e4 e5 Nf3 Nc6 Bc4 Bc5 d3 Nf6 h3 d6,10,
1669,1434,white,0+3,e3 d5 f4 Nc6 g3 Nf6 Bg2 Bf5 d3 e6,10,
1367,1352,black,600+10,e3 e5 Nf3 e4 Ne5 d5 Qh5 Nh6 Bb5+ c6,10,
1326,1660,black,540+0,e4 e5 Nf3 Nc6 d4 exd4 Nxd4 Nxd4 Qxd4 d6,10,
1526,1629,black,120+0,e4 e6 d4 d5 exd5 Qxd5 Nc3 Qa5 Nf3 Nf6,10,
1608,1556,white,60+2,e4 e5 Nf3 Nc6 Bc4 Bc5 c3 d6 d4 exd4,10,
1670,1844,white,60+0,e4 c5 f4 e6 Nf3 Nc6 c4 d5 exd5 exd5,10,
1844,1670,white,60+0,d4 d5 c4 dxc4 Nc3 c6 Nf3 g6 Bg5 Bg7,10,
1068,1587,white,300+4,e4 e5 d4 exd4 Qxd4 Nc6 Qd1 d6 Bb5 Bd7,10,
1533,1633,black,300+8,e4 c5 d4 cxd4 c3 dxc3 Bc4 Nc6 Nxc3 e6,10,
1674,1460,white,0+1,g3 b6 Bg2 Bb7 Bxb7 Nc6 Bxa8 Qxa8 f3 g6,10,
1546,1620,black,60+2,e4 e5 Nf3 Nc6 Bc4 Bc5 d3 Nf6 O-O d6,10,
1681,1620,black,300+8,e4 c5 Nf3 Nc6 Bc4 Nf6 Ng5 e6 O-O h6,10,
1487,1999,draw,300+3,e4 e5 Bc4 Bc5 Nh3 d6 Qf3 Qf6 Qxf6 Nxf6,10,
1531,1525,white,300+8,d4 e5 dxe5 f6 Nf3 d5 exf6 Nxf6 Bg5 Nbd7,10,
1850,1664,black,60+0,d4 d5 c4 dxc4 Nc3 Nc6 Nf3 g6 Bg5 Bg7,10,
1500,1863,black,600+5,Nf3 e6 Nc3 d5 e3 Nf6 Bb5+ Bd7 O-O a6,10,
1631,1537,white,60+2,e4 e5 Nf3 Nc6 Bc4 Bc5 c3 d6 d4 exd4,10,
1680,1832,black,60+0,e4 c5 f4 e6 Nf3 d5 exd5 exd5 d4 Nf6,10,
1664,1424,white,840+14,f4 d5 e3 e6 d4 c5 c3 c4 Nf3 f6,10,
1604,1405,black,480+4,e4 e5 Nf3 Nc6 Bc4 h6 O-O d6 c3 Qe7,10,
1241,1291,white,300+0,e4 d5 exd5 Qxd5 Nc3 Qd6 Nf3 Bf5 g3 Nc6,10,
1679,1475,white,0+1,e3 e6 d4 d5 b3 c6 c4 Nd7 c5 Be7,10,
1529,1641,black,60+2,e4 e5 d4 Nc6 d5 Nce7 Nc3 Nf6 Nf3 d6,10,
1537,1633,white,60+10,g3 e5 Bg2 d5 Nf3 e4 Nd4 f5 O-O Nf6,10,
1840,1674,black,60+0,d4 d5 c4 dxc4 Nc3 Nc6 Nf3 g6 Bg5 Bg7,10,
1406,1566,black,240+4,d3 d5 e4 dxe4 dxe4 Qxd1+ Kxd1 e5 Nf3 Nc6,10,
1460,1372,white,300+10,d4 d5 e3 Nc6 Na3 e5 Nf3 e4 Nd2 Bb4,10,
1690,1822,white,60+0,e4 c5 e5 e6 f4 d6 exd6 Bxd6 Nf3 Nf6,10,
1822,1690,white,60+0,d4 d5 c4 dxc4 Nc3 g6 Nf3 Bg7 Bg5 f6,10,
1729,1543,white,300+8,e4 e6 d4 d5 e5 c5 c3 Nc6 Bb5 Bd7,10,
1500,1762,white,300+16,e4 d5 exd5 Qxd5 Nc3 Qe5+ Be2 e6 Nf3 Qf6,10,
1683,1806,white,60+0,e4 c5 f4 e6 e5 Nc6 Nf3 d6 exd6 Bxd6,10,
1786,1867,white,540+0,e4 e6 c3 d5 e5 c5 d4 Ne7 Nf3 Nbc6,10,
1685,1500,white,0+1,c3 d6 d4 Nc6 e3 Nf6 g3 e6 Bg2 Bd7,10,
1791,1697,white,60+0,d4 f5 c4 Nf6 Nc3 e6 Nf3 Be7 Bg5 O-O,10,
1400,1495,white,180+0,d4 e5 dxe5 Nc6 f4 Qe7 Nf3 f6 Qd5 d6,10,
2154,1650,white,60+3,e4 e6 d4 d5 e5 c5 c3 Nc6 Nf3 Qb6,10,
1689,1799,black,60+0,e4 c5 Bc4 e6 Qf3 d5 exd5 exd5 Bb5+ Nc6,10,
1893,1935,white,180+3,e4 e5 Nf3 d6 d4 exd4 Bc4 c5 c3 dxc3,10,
1568,1626,white,300+3,Nf3 d5 Nc3 c6 e3 Bf5 Be2 e6 d3 Nd7,10,
1914,1704,black,540+5,e4 e5 Nf3 Nc6 Bb5 Bd6 Bxc6 dxc6 h3 Nf6,10,
1470,1615,white,360+2,e4 e5 Nf3 d6 Nc3 Nf6 Bc4 Be6 Bxe6 fxe6,10,
1808,1681,white,60+0,d4 c6 c4 d5 Nc3 dxc4 Nf3 Nf6 Bg5 Bg4,10,
1649,2156,black,60+3,d4 d5 c4 e6 Nc3 f5 cxd5 exd5 Qc2 c6,10,
1867,1905,white,180+3,e4 e5 Nf3 Nc6 Bb5 a6 Bxc6 dxc6 h3 Bd6,10,
1483,1594,white,300+0,e4 e5 Qh5 Bc5 Nf3 Qf6 c3 d6 d4 exd4,10,
1482,1271,white,180+0,d4 d5 Nc3 Nf6 Bf4 Nc6 Nb5 e5 dxe5 Nd7,10,
1674,1815,draw,60+0,e4 c5 Bc4 e6 e5 Nc6 Nf3 d6 exd6 Bxd6,10,
1853,1725,white,300+20,d4 e6 e4 c5 d5 b6 dxe6 fxe6 Qh5+ g6,10,
1579,1498,black,300+0,e4 e5 f4 Qh4+ g3 Qe7 f5 d5 exd5 Bxf5,10,
1486,1742,black,360+2,e4 e6 Nc3 d5 exd5 exd5 Qe2+ Be6 Qb5+ Nd7,10,
1811,1678,white,60+0,d4 f5 c4 Nf6 Nc3 h6 Nf3 g5 e3 d6,10,
2157,1647,white,60+3,e4 e5 Nf3 Nc6 Bb5 d6 c3 Bd7 d4 Nf6,10,
1671,1818,white,60+0,e4 c5 c3 e6 d4 Nc6 d5 exd5 exd5 Nb8,10,
1511,1422,black,300+3,e4 e6 Nh3 d5 Nc3 dxe4 Nxe4 Nf6 d3 Nxe4,10,
1323,1358,black,540+0,e4 e5 Nf3 Nc6 d4 exd4 Nxd4 Bb4+ c3 Bc5,10,
1808,1893,black,180+3,d4 Nf6 c4 g6 Nc3 d5 cxd5 Nxd5 e4 Nxc3,10,
1646,2159,black,60+3,e4 c5 Nf3 d6 d4 cxd4 Nxd4 Nf6 Nc3 Nc6,10,
1798,1735,white,540+0,e4 e5 c4 Nf6 d3 Be7 f4 d6 f5 O-O,10,
1802,1687,white,60+0,d4 d5 c4 c6 Nc3 e6 Nf3 Nf6 Bg5 Be7,10,
1690,1548,white,60+0,f3 Nf6 e4 e6 e5 Nd5 f4 Nxf4 g3 Ng6,10,
1687,1802,white,60+0,e4 c5 e5 e6 f4 f6 Nf3 fxe5 fxe5 Nc6,10,
1615,1707,white,300+3,d4 d6 c4 Nd7 Nc3 Ngf6 e4 b6 Nf3 Bb7,10,
1568,1243,black,480+4,e4 d5 Nf3 dxe4 Ng5 Nf6 d3 Qd5 dxe4 Qxd1+,10,
1810,1701,white,60+0,d4 d5 c4 c6 Nc3 dxc4 Nf3 f6 Bg5 fxg5,10,
1540,1547,white,60+0,Nc3 e5 d3 Nf6 e4 Bb4 Nf3 O-O Be2 Re8,10,
1719,1852,black,600+5,e4 e6 c4 c5 Nc3 Nc6 Nf3 d6 Be2 Nf6,10,
1423,1418,white,420+1,e4 e5 Nf3 Nc6 Bc4 Bc5 d3 Nf6 Ng5 O-O,10,
1747,1497,white,120+3,d4 e5 dxe5 d5 Nf3 Bg4 c4 dxc4 Qa4+ Bd7,10,
1500,1534,black,0+1,f3 d6 g3 e5 Bg2 Nc6 e3 Nf6 d3 d5,10,
1693,1818,black,60+0,e4 c5 e5 e6 f4 f6 Nf3 Nc6 c3 d6,10,
2160,1644,black,60+3,e4 d5 exd5 Qxd5 Nc3 Qa5 d4 c5 d5 e6,10,
1573,1628,white,300+3,e4 d5 exd5 Qxd5 Nc3 Qe5+ Be2 Bg4 f3 Bh5,10,
1698,1542,white,60+0,c3 d6 d4 e5 dxe5 dxe5 Qxd8+ Kxd8 b3 Nc6,10,
1902,1797,white,180+3,e4 c5 Nf3 d6 Bb5+ Bd7 a4 Nf6 Qe2 e6,10,
1537,1419,white,840+14,d4 d5 Bf4 e6 e3 f6 Bd3 Nc6 c3 e5,10,
1686,1826,black,60+0,e4 c5 e5 e6 f4 f6 Nf3 Nc6 c4 fxe5,10,
1493,1751,black,120+3,e4 e6 Qh5 Nf6 Qe2 d5 e5 Nfd7 d4 b6,10,
1496,1538,white,480+4,d4 d5 e3 c5 c4 cxd4 Qxd4 Nc6 Qd2 Nf6,10,
1833,1679,white,60+0,d4 d5 c4 dxc4 Nc3 Nc6 Nf3 Bg4 Bg5 Bxf3,10,
1671,2132,white,60+3,f4 d5 e3 c5 Nf3 Nc6 Be2 Bg4 d3 Bxf3,10,
1410,1544,black,840+14,e4 e6 d4 d5 e5 c5 Nf3 cxd4 Qxd4 Nc6,10,
1712,1860,black,600+5,e4 e6 Ne2 d5 exd5 exd5 Ng3 Nf6 Bd3 Be6,10,
2063,1561,white,240+0,d4 d5 e3 e6 c4 dxc4 Bxc4 Nf6 Nc3 Bb4,10,
1720,1437,white,600+11,e4 e5 Bc4 Nc6 Qh5 Nf6 Qxf7#,7,
1437,1720,black,600+11,d4 d5 c4 dxc4 Nc3 Nf6 e4 e6 e5 Nd5,10,
1673,1839,white,60+0,e4 c5 e5 e6 f4 f6 Nf3 fxe5 fxe5 Nc6,10,
1839,1673,white,60+0,d4 d5 c4 c6 Nc3 e6 Nf3 Nf6 Bg5 Be7,10,
1341,1264,white,0+1,d3 e5 e3 Nc6 b3 Bc5 Bb2 Nf6 g3 d5,10,
1923,1909,black,60+0,e4 Nf6 e5 Nd5 d4 d6 Nf3 g6 c4 Nb6,10,
1666,1846,black,60+0,e4 c5 e5 e6 f4 Nc6 Nf3 d6 exd6 Bxd6,10,
1552,1402,white,840+14,d4 d5 Bf4 Nc6 e3 f6 Nf3 g5 Bg3 h5,10,
2105,1698,white,60+3,e4 e5 Nf3 Nc6 Bb5 d6 c3 a6 Ba4 b5,10,
1489,1615,white,300+3,e4 c5 d4 cxd4 Qxd4 Nc6 Qd3 e6 Bd2 Be7,10,
1434,1121,white,420+1,e4 d5 exd5 Qxd5 Nf3 e5 Nc3 Qe6 Bd3 Nf6,10,
1907,1289,white,60+0,e4 e5 Nf3 Nc6 Bc4 Bc5 Nc3 Nf6 O-O O-O,10,
1376,1437,white,240+1,e4 e5 Bc4 Nf6 d3 d5 exd5 Nxd5 Nc3 Nxc3,10,
1852,1660,white,60+0,d4 d5 c4 c6 Nc3 e6 Nf3 Nf6 Bg5 h6,10,
1696,2108,black,60+3,b3 f6 Bb2 e5 e3 d5 Bxe5 fxe5 Qh5+ Kd7,10,
1604,1734,white,480+5,b4 d5 Bb2 Nd7 b5 Ngf6 e3 e5 a4 Bd6,10,
1925,1685,white,240+0,e4 e6 Nf3 d5 exd5 exd5 d4 Bd6 Bd3 Ne7,10,65.66
1655,1857,black,60+0,e4 c5 e5 e6 f4 Nh6 Nf3 Nf5 Bc4 f6,10,
1395,1883,black,240+0,e4 e5 Nf3 d6 Bc4 Bg4 O-O Nc6 c3 Be7,10,
2108,1696,white,60+3,d4 Nf6 c4 e6 g3 d5 Bg2 dxc4 Nf3 c6,10,
1863,1649,white,60+0,d4 c6 c4 d5 Nc3 dxc4 Nf3 Bg4 Bg5 f6,10,
1660,1573,black,900+10,e4 c5 f4 d6 Bc4 e6 Nc3 a6 a3 b5,10,
1619,1391,white,240+0,d4 d5 Nf3 Nf6 c4 Bf5 Nc3 e6 Bg5 Nbd7,10,
1424,1389,black,240+1,e4 e5 f4 exf4 Bc4 Nf6 Nc3 d5 Nxd5 Nxd5,10,
1644,1868,draw,60+0,e4 c5 f4 Nc6 Bc4 e6 e5 d5 exd6 Bxd6,10,
1395,1559,white,840+14,e4 e6 d4 d5 e5 c5 c3 Nc6 Bb5 cxd4,10,
1785,1944,white,300+0,e4 e5 Nf3 d6 d4 exd4 Nxd4 Nf6 Nc3 Be7,10,3156.06
1392,1559,white,300+5,e4 c5 Bc4 e6 f4 a6 f5 exf5 exf5 Qh4+,10,
1862,1651,white,60+0,d4 d5 c4 c6 Nc3 e6 Nf3 Nf6 Bg5 Be7,10,
1908,2110,white,60+0,e4 e5 g3 d5 Bg2 dxe4 Bxe4 Nf6 Bg2 Bc5,10,
1402,1631,black,240+1,e4 e5 Bc4 Nf6 d3 Bc5 h3 d5 exd5 Nxd5,10,
1705,1693,white,0+1,c3 e6 d4 d5 e3 Nf6 b3 Be7 Bb2 O-O,10,
1888,1977,black,240+0,e4 Nc6 Nf3 e5 Bb5 f5 Bxc6 dxc6 Nxe5 Nf6,10,
1645,1867,white,60+0,e4 c5 f4 e6 e5 Nc6 Nf3 f6 Bb5 fxe5,10,
1931,2088,black,60+0,e4 e5 Nf3 Nc6 Bc4 Nf6 Nc3 Nxe4 Bxf7+ Kxf7,10,
1705,1867,black,600+5,e3 e6 Be2 d5 d3 c5 Bd2 Nf6 Nc3 Bd7,10,
1716,1679,white,0+1,b3 e6 Bb2 d5 f3 Nf6 e4 Be7 e5 Nfd7,10,
1504,1609,black,300+2,e4 e5 Nh3 c6 Bc4 h6 d4 Bd6 f4 Qh4+,10,
1849,1663,white,60+0,d4 f5 c4 Nf6 Nc3 e6 Bg5 h6 Bd2 g5,10,
1726,1695,white,0+1,g3 e6 f4 d5 b3 Nf6 Bb2 Be7 c3 O-O,10,
1716,1679,black,0+1,c3 e6 e3 d5 d3 Nf6 e4 dxe4 dxe4 Qxd1+,10,
1671,1600,white,300+3,d4 d5 Nf3 Nf6 e3 e6 c4 dxc4 Bxc4 c6,10,
1657,1855,black,60+0,e4 c5 f4 e6 e5 Nc6 Nf3 f6 c3 d6,10,
1726,1695,black,0+1,e3 e6 d4 d5 c3 Nf6 c4 Be7 c5 c6,10,
1489,1338,black,60+10,e4 e5 Nf3 Nc6 d3 d5 exd5 Qxd5 d4 Qe4+,10,
1642,1397,black,240+1,d4 d5 Nf3 Nc6 e3 Bf5 Bb5 e6 Bd2 Ne7,10,
1859,2149,black,240+0,e4 a5 Nf3 Na6 d4 h6 c3 b5 Bxb5 Bb7,10,
1861,1651,white,60+0,d4 d5 c4 c6 Nc3 Bf5 Nf3 Be4 Bg5 f6,10,
1714,1710,black,60+2,e3 e5 d4 exd4 exd4 d5 Qe2+ Be7 c3 Nf6,10,
1708,1327,white,300+5,c4 Nf6 Nc3 g6 d4 Bg7 Nf3 c6 e3 d5,10,
1809,1787,black,240+1,e4 e5 Nf3 f5 Nxe5 Qe7 Qh5+ g6 Nxg6 Qxe4+,10,
1542,1506,black,300+8,d4 Nf6 Bf4 e6 e3 c5 c3 Nc6 Nf3 a6,10,
1866,1646,white,60+0,d4 d5 c4 c6 Nc3 dxc4 Nf3 Nf6 Bg5 e6,10,
1807,1706,white,900+0,e4 Nf6 e5 Nd5 c4 Nb6 d4 d6 Nf3 Bf5,10,
1746,1710,white,600+8,d4 g6 e4 Bg7 c4 Nc6 Nc3 d6 d5 Bxc3+,10,
1616,1496,white,300+2,d4 e6 a3 c5 dxc5 Qc7 b4 a5 c3 axb4,10,
1798,1798,white,240+1,e4 e5 f4 exf4 Nf3 d5 e5 Bg4 d4 Nc6,10,
2096,1724,white,60+3,e4 c5 Nf3 d6 d4 cxd4 Nxd4 Nf6 Nc3 a6,10,
1572,1324,black,180+0,d4 d6 e4 Be6 d5 Bd7 h3 Nf6 Nc3 c6,10,
1420,1853,black,240+0,e4 e5 Nf3 d6 Bc4 Bg4 d3 Be7 Nbd2 Nf6,10,
2062,1934,black,120+0,Nf3 d5 c4 d4 g3 Bg4 Bg2 c6 Ne5 Bh5,10,
1509,1601,white,180+0,d4 d5 Nc3 e6 a3 Nf6 Bf4 Bd6 Qd2 Nc6,10,78.34
1702,1680,white,300+5,d4 Nf6 c4 e5 dxe5 Ng4 Nf3 Nc6 e3 Ngxe5,10,
1488,1624,white,300+2,e4 e5 Qh5 Nc6 Bb5 g6 Qd1 Bd6 Bxc6 bxc6,10,
1721,2100,black,60+3,e4 c6 d4 d5 e5 Bf5 Nf3 e6 Be3 Ne7,10,
1809,1787,white,240+1,e4 e5 f4 exf4 Nf3 d5 exd5 Qxd5 Nc3 Qd8,10,
1267,1304,white,420+3,e4 d5 Nc3 d4 Nb5 c6 c3 dxc3 Nxc3 e5,10,
1530,1699,black,300+8,d4 e6 Bf4 d6 e3 Ne7 Bd3 Ng6 Bg3 Be7,10,
1992,2045,black,120+0,b3 c5 Bb2 d5 Nf3 Nc6 e3 Bg4 Be2 Bxf3,10,
1641,1500,white,60+1,e4 e5 f4 Nc6 Nf3 exf4 h4 Bc5 d4 d5,10,
1505,1524,black,480+0,d4 d5 c4 Be6 c5 Nf6 Bg5 h6 Bxf6 exf6,10,
1847,1424,white,240+0,e4 e5 Nf3 Nc6 Bb5 Bc5 O-O Nf6 d3 O-O,10,54.95
1416,1587,black,180+0,e4 e6 Nf3 d5 exd5 exd5 Qe2+ Be7 d4 Nf6,10,
2103,1718,white,60+3,d4 e6 c4 d5 g3 Nf6 Bg2 Bd6 Nf3 c6,10,
1777,1819,white,240+1,d4 d5 c4 Nf6 Nc3 e6 Nf3 Bb4 e3 O-O,10,
1601,1405,white,120+2,d4 d5 e3 Nc6 Nf3 Bf5 Nc3 e6 Bb5 h6,10,
2004,2040,black,120+0,b3 e5 Bb2 Nc6 Nf3 d6 e3 f5 d4 e4,10,
1078,1353,white,60+10,d4 d5 c4 Nf6 e3 Nc6 Nc3 e5 e4 dxe4,10,
1647,1521,white,60+1,e4 e5 f4 exf4 h4 Nc6 Nf3 d6 d4 Bg4,10,
2153,1985,white,180+0,d4 d5 c4 Nc6 g3 e5 dxe5 d4 Nf3 f6,10,
2056,1959,black,120+0,d4 d6 c4 e5 Nf3 e4 Ng5 f5 Nc3 Be7,10,3962.93
1646,1550,white,900+10,e4 e6 f4 d5 e5 c5 Nf3 Nc6 c3 Nh6,10,
1740,1617,draw,480+5,e4 e5 Nf3 Nc6 Bc4 Nd4 Nc3 Bc5 O-O d6,10,
1514,1654,black,60+1,e4 e5 Nf3 d6 Bc4 Nc6 d3 Bg4 h3 Bh5,10,
1284,1256,white,420+3,e4 e5 Nf3 Nc6 Bc4 Qf6 O-O Nh6 d3 Ng4,10,
1609,1534,white,300+2,d4 d5 a3 e6 b4 Ne7 Bb2 Ng6 e3 a6,10,
1789,1910,black,180+3,d4 Nf6 c4 g6 Nc3 Bg7 f3 O-O e4 c5,10,
1500,1715,black,0+1,b3 d6 Bb2 e5 e3 f6 g3 Be7 Bg2 Be6,10,
1807,1610,white,240+1,e4 c5 Nf3 e6 d4 cxd4 Nxd4 a6 Nc3 Qc7,10,
1662,1975,white,60+1,e4 c5 f4 d5 exd5 Qxd5 Nc3 Qd8 Nf3 Bg4,10,
1336,1132,black,60+10,e4 e5 d4 exd4 Qxd4 Nc6 Qd1 Bc5 Nc3 Qh4,10,
1132,1336,black,60+10,e4 d5 exd5 Qxd5 Nc3 Qd8 Qh5 g6 Qe5 Nc6,10,
1917,1781,white,180+3,e4 e5 Nf3 Nc6 d4 exd4 Bc4 g6 c3 Bg7,10,
1613,1500,black,120+2,d3 e6 Bd2 d5 e3 g6 Be2 Bg7 Nf3 Bxb2,10,
1681,1921,black,60+1,e4 c5 f4 e6 Nf3 d5 exd5 exd5 Nc3 Nf6,10,
1320,1181,black,60+10,e4 e5 d4 exd4 Qxd4 Nc6 Qd1 Bb4+ c3 Bf8,10,
1766,1701,white,300+8,d4 d5 c4 dxc4 e3 Bf5 Nc3 e6 e4 Bg6,10,
1979,2161,black,180+0,e4 e5 Nf3 Nc6 Bb5 a6 Ba4 Nf6 O-O Nxe4,10,
1760,1896,black,540+5,e4 c5 Nf3 Nc6 c3 d5 e5 d4 Bb5 Bg4,10,
1775,1925,black,180+3,e4 e5 Nf3 Nc6 d4 exd4 Nxd4 Nf6 Nxc6 bxc6,10,
1243,1297,white,420+3,e4 e5 Qh5 Nc6 Bc4 g6 Qf3 d5 exd5 Na5,10,
1692,2106,white,60+3,e4 c5 b4 cxb4 d4 d5 e5 Nc6 f4 Bf5,10,
1931,1768,black,180+3,e4 e5 Nf3 Nc6 d4 exd4 Bc4 Nf6 O-O Bc5,10,
1594,1500,white,900+12,e4 e5 f4 exf4 Nf3,5,
1408,1511,black,300+1,e4 e5 Bc4 Bc5 Nc3 Nf6 d3 c6 Qf3 O-O,10,
1222,1304,white,60+10,e4 e5 d4 Nc6 d5 Nce7 Bg5 f6 Be3 c6,10,
1617,1555,black,300+2,d4 d5 a3 Bf5 e3 Nc6 h3 e6 b4 h6,10,
1751,1812,white,240+1,e4 e5 Nf3 f5 Nxe5 Nf6 d4 d6 Nc4 fxe4,10,
1290,1256,black,60+10,e4 e5 d4 exd4 Qxd4 Nc6 Qd1 Nf6 Nc3 d5,10,
1594,1849,black,120+2,d4 d5 Nf3 e6 e3 c5 c4 Nf6 Bd2 dxc4,10,
1915,1800,black,240+1,e4 e5 Nf3 f5 d4 fxe4 Nxe5 Nf6 c4 d6,10,
1406,1368,white,0+1,c3 d6 d4 Nf6 e3 Nc6 g3 e5 h4 exd4,10,
1285,1278,white,60+10,e4 e5 d4 d5 exd5 Qxd5 c4 Qxd4 Be3 Qxd1+,10,
1583,1533,black,300+8,e4 e5 Bc4 d6 d3 a6 a4 h6 h3 Qe7,10,
1400,1263,white,300+1,e4 e5 Bc4 Nc6 Nc3,5,
1711,1519,draw,300+5,c4 e5 Nc3 Bc5 e4 Nf6 h3 d6 Nf3 Nc6,10,
1648,1873,black,600+5,e4 e6 Nf3 d5 e5 c5 d4 cxd4 Nxd4 Nc6,10,
1585,1853,black,180+2,d4 c5 dxc5 e6 Nf3 Nc6 Bd2 Bxc5 e3 d5,10,
1522,1253,white,0+1,e3 e5 f4 Nc6 f5 d5 g4 Nf6 h3 h5,10,
1281,1259,white,420+3,e4 e5 Nf3 Qf6 d4 d6 dxe5 dxe5 Bb5+ c6,10,
1246,1294,black,420+3,e4 e5 Qh5 Nc6 Bc4 d5 exd5 g6 Qf3 Nce7,10,
1246,1561,black,0+1,e4 f6 f4 d6 Nf3 e6 Nc3 c6 d4 Be7,10,
1267,1309,black,60+10,e4 e5 d4 d5 Nc3 Nc6 Bb5 exd4 Nxd5 a6,10,
1407,1453,draw,300+1,e4 d5 exd5 Qxd5 Nc3 Qa5 Qf3 Nc6 a3 Nf6,10,
1702,1535,white,0+1,c3 e6 d3 Nf6 d4 c6 e4 d5 e5 Nfd7,10,
1241,1428,white,120+0,e4 d5 e5 Nc6 d4 Bf5 Bb5 e6 Nf3 a6,10,
1654,1532,white,900+10,e4 c5 Bc4 Nf6 d3 Nc6 Be3 Qa5+ Nc3 Qb6,10,
1900,1660,white,180+3,e4 d5 Nf3 dxe4 Ng5 Nf6 d3 exd3 Bxd3 b6,10,
1774,1973,white,180+0,e4 Nc6 f4 e5 Nf3 d6 Bc4 Nf6 d3 Bg4,10,
1660,1857,black,180+2,e4 e5 f4 exf4 Nf3 d6 Bc4 g5 O-O Be6,10,
1607,1483,white,420+7,e4 e5 Bc4 Bc5 Qf3 Nf6 d3 Nc6 c3 d6,10,
1306,1235,white,420+3,e4 e5 Nf3 Qf6 d4 exd4 Nxd4 Bc5 Nf3 h5,10,
1411,1576,black,120+2,e4 e5 f4 exf4 Bc4 Qh4+ Kf1 Bc5 Nf3 Qf2#,10,
1524,1524,black,300+5,e4 e5 c4 Nf6 Nc3 Bc5 h3 c6 d3 d5,10,
1576,1626,black,120+2,d4 c5 dxc5 e5 Nf3 Bxc5 e3 Nc6 Bb5 d6,10,
1719,1754,black,120+2,c4 e5 Nc3 Nf6 d3 d5 cxd5 Nxd5 e4 Nxc3,10,
1905,1863,black,180+3,e4 e5 Nf3 d6 d4 Nd7 Bc4 Be7 Nc3 Ngf6,10,
1636,1589,white,120+2,e4 e5 Bc4 c6 Nf3 d6 d4 d5 exd5 cxd5,10,
1589,1528,black,0+1,e3 d6 f4 e5 fxe5 dxe5 d4 exd4 Qxd4 Qxd4,10,
1524,1662,black,900+10,e4 e5 Nf3 Nc6 Bc4 h6 O-O Bc5 Nc3 Nf6,10,
1589,1528,white,0+1,g3 d6 Bg2 c6 c3 Nd7 d4 d5 b3 e5,10,
1225,1317,black,420+3,e4 e5 Qh5 Nc6 Bc4 g6 Qf3 Nf6 Nh3 d5,10,
1571,1647,black,120+2,d4 c5 d5 d6 g3 e5 Bg2 f5 c4 Nf6,10,
1652,1541,black,0+1,c3 d6 d4 e5 b3 exd4 Qxd4 Nf6 Qd1 b6,10,
1635,1698,white,900+0,e4 Nf6 Nc3 d5 exd5 Nxd5 Nxd5 Qxd5 Nf3 Bf5,10,
1584,1879,black,300+15,e4 e6 d4 d5 Nc3 Nf6 e5 Nfd7 Nf3 c5,10,
1615,1833,black,420+7,e4 c5 Bc4 Nc6 Nf3 h6 d4 cxd4 Nxd4 e5,10,
1721,1821,black,60+2,e4 e6 d4 d5 Nd2 Nf6 e5 Nfd7 c3 c5,10,
1569,1555,white,0+1,c3 c6 e3 d5 Qc2 e5 Bd3 Nf6 Be2 g6,10,
1377,1655,black,300+0,d3 d5 e4 dxe4 d4 Nc6 c3 Nf6 f4 Bf5,10,
1892,1668,white,180+3,e4 c5 Nf3 b6 d4 cxd4 Nxd4 Bb7 Nc3 Nf6,10,
1656,1555,black,120+2,e4 e5 Bc4 Bc5 Nf3 c6 d3 d5 exd5 cxd5,10,
1621,1507,black,0+1,c3 e5 d3 Nc6 e3 d6 d4 Be6 d5 Bxd5,10,
1523,1469,white,300+10,d4 d5 Bf4 Nc6 e3 e6 c3 h5 h3 g5,10,
1829,1711,white,60+2,e4 e5 Nf3 Nc6 c3 Bc5 d4 exd4 cxd4 Bb4+,10,
1328,1215,white,420+3,e4 e5 Nf3 Qf6 Bc4 Nh6 d4 d6 dxe5 dxe5,10,
1601,1591,white,900+12,e4 e5 f4 Nc6 Nf3 f6 Nc3 Bb4 Nd5 Nge7,10,
1709,1520,white,0+1,d3 e5 e4 Nc6 f3 d6 f4 Be6 f5 Qh4+,10,
1206,1337,white,420+3,e4 e5 Qh5 Nc6 Bc4 g6 Qf3 Nf6 Nh3 Bc5,10,
1580,1641,black,120+2,d4 c5 dxc5 e5 f4 exf4 Bxf4 Bxc5 e3 Nf6,10,
1659,1373,white,300+0,e4 d6 d4 e6 f4 e5 Nf3 g5 fxe5 dxe5,10,
1558,1514,white,0+1,d3 e5 c3 Nc6 c4 d6 b3 Bf5 Bb2 Nb8,10,
1701,1836,white,60+2,e4 e5 Bc4 Nf6 d3 d6 Nc3 c6 Nf3 Be7,10,
1558,1514,white,0+1,c3 e5 b3 Nc6 Bb2 Bd6 Qc2 Qf6 e3 Nge7,10,
1500,1483,black,600+3,e4 c5 Nf3 Nc6 d4 e6 d5 exd5 exd5 Qe7+,10,
1369,1406,black,300+0,d3 e6 e4 b6 g3 Nc6 Bg2 Nd4 c3 Nb5,10,
1669,1516,white,900+10,e4 e5 f4 exf4 Nf3 Nc6 d4 Qe7 Nc3 b6,10,
1596,1505,white,0+1,b3 e5 Bb2 Nc6 d3 d6 e4 Be6 f3 Nf6,10,
1822,1720,white,60+2,d4 Nf6 f3 d5 c4 e6 cxd5 exd5 Nc3 Bd6,10,
1439,1784,black,300+6,d3 c5 Nf3 d5 Nc3 Nc6 e3 Nf6 d4 e6,10,
1660,1333,black,1800+30,d4 d5 c4 Nf6 a3 Nc6 Nc3 e5 e3 Be7,10,
1651,1564,white,120+2,e4 e5 Bc4 Bc5 Nc3 c6 Na4 Be7 Nf3 b5,10,
1624,1497,black,0+1,d3 e5 e3 d6 f4 Nc6 fxe5 dxe5 e4 Bg4,10,
1504,1507,white,300+3,e4 e5 Bc4 Nf6 Nc3 Bc5 Nf3 O-O Nxe5 d6,10,
1774,1956,black,180+0,e4 Nc6 d4 e5 Nf3 exd4 Nxd4 Bc5 Be3 Qf6,10,
1577,1511,white,0+1,d3 e5 e3 Nc6 c3 d5 b4 Be6 Bb2 Qb8,10,
1361,1480,white,360+0,e4 e5 Bc4 Bc5 Nf3 h6 Nxe5 d5 Bxd5 Qf6,10,
1550,1659,draw,120+2,d4 d5 Nc3 c6 e4 e6 exd5 cxd5 Bb5+ Bd7,10,
1603,1502,white,0+1,c3 e5 d3 Nc6 f4 d5 fxe5 Be6 d4 Na5,10,
1676,1642,white,900+10,e4 d5 e5 e6 f4 c5 Nf3 Nc6 Bd3 a6,10,
1319,1223,black,420+3,e4 e5 Nf3 d5 Nc3 d4 Nb5 Na6 Nxe5 Nf6,10,
1839,1525,white,300+8,e4 e6 d4 d5 e5 c5 c3 Nc6 Nf3 Qb6,10,
1625,1494,white,0+1,c3 d5 d3 Nc6 g3 Bf5 Bg2 e5 e3 Nf6,10,
1498,1350,black,180+0,d4 d5 Nc3 Nf6 Bf4 a6 Be5 Nc6 Bxf6 gxf6,10,
1715,1487,white,0+1,d3 e5 e4 Nc6 c3 d6 b4 Be6 b5 Qf6,10,
1610,1790,black,420+7,e4 e5 Bc4 Nf6 Nf3 Bd6 Ng5 O-O O-O h6,10,
1535,1875,white,180+2,e4 e5 Bc4 Nf6 Nc3 c6 d4 d5 exd5 cxd5,10,
1465,1375,white,360+0,d4 d5 Nf3 e6 Bg5 Nf6 Nc3 Be7 a3 O-O,10,
1533,1621,black,480+5,d4 b5 Bf4 Bb7 e3 e6 Bxb5 Bxg2,8,
1496,1515,white,300+3,e4 e5 Nf3 d6 d4 Bg4 h3 Bxf3 gxf3 Qf6,10,
1814,1962,black,180+0,e4 Nc6 d4 e5 d5 Nce7 c4 Ng6 g3 Bc5,10,
1756,1741,white,240+0,d4 d5 c4 e6 e3 Nf6 a3 a6 b4 Be7,10,
1503,1508,black,300+3,e4 e5 Qh5 Nc6 Bc4 Qe7 d4 Nxd4 Bg5 Nxc2+,10,
1807,1856,black,180+2,e4 e5 f4 exf4 Nf3 d6 d4 g5 h3 Be7,10,
1612,1724,white,900+12,e4 e5 f4 exf4 Nf3 Bc5 d4 Bb6 c4 Ba5+,10,
1257,1292,black,-,e4 d5 Qf3 Nf6 Nh3 dxe4 Qf4 Bxh3 gxh3 h6,10,
1656,1556,white,120+2,c4 g6 Nc3 Bg7 d4 e6 e4 d5 cxd5 exd5,10,
1766,1555,white,240+0,d4 d5 c4 dxc4 e4 e6 Bxc4 Nc6 Nf3 Nf6,10,
1704,1499,white,300+5,c4 e5 Nc3 d6 e4 Nc6 Nf3 Bg4 Be2 Nf6,10,
1519,1492,white,300+3,e4 d5 Nf3 dxe4 Nh4 e5 g3 Qd5 Bg2 Bg4,10,
1439,1500,white,180+0,d4 e5 dxe5 Qe7 f4 c6 a3 b5 Bd2 Bb7,10,
1632,1563,white,180+15,d4 d5 c4 e6 a3 c6 Nc3 h6 Nf3 Bd6,10,
1519,1398,black,1200+0,e4 e5 Nf3 f6 Bc4 Nh6 h3 Nc6 d3 a6,10,
1514,1642,white,300+1,Nf3 e6 c4 d5 cxd5 exd5 e3 Nc6 g3 Nf6,10,
1482,1529,black,300+3,e4 e5 d3 Nc6 f4 exf4 Bxf4 Bd6 Bxd6 cxd6,10,
1549,1798,white,240+1,e4 e5 Nf3 f5 exf5 Nf6 Nxe5 Qe7 d4 d6,10,
1882,1692,black,300+8,e4 e5 Nf3 Nc6 Bb5 d6 d4 exd4 Nxd4 Bd7,10,
1529,1482,white,300+3,e4 d5 exd5 Qxd5 Nc3 Qe6+ Nge2 Nc6 d4 Qf6,10,
1500,2052,black,60+0,e4 c6 d3 d5 e5 c5 c3 Nc6 d4 cxd4,10,
1555,1710,draw,600+12,e4 e5 Nf3 Bd6 d4 Qe7 Bc4 Nf6 Bg5 exd4,10,
1367,1626,black,360+0,e4 e6 Nf3 d5 d3 c5 exd5 exd5 d4 c4,10,
1749,1781,white,240+1,e4 e5 d3 Nf6 Nf3 d6 Be2 Be7 O-O h6,10,
1946,1648,white,300+20,e4 e5 d4 exd4 Qxd4 Nf6 e5 Qe7 f4 Qb4+,10,
1302,1247,black,-,d4 Nf6 e3 d5 f4 Bf5 Bd3 Bxd3 Qxd3 Qd6,10,
1262,1459,black,600+8,e4 e5 Qh5 Qf6 Qd1 Qh4 Nf3 Qxe4+ Qe2 Qxc2,10,
1459,1354,white,480+8,d4 d5 e4 dxe4 d5 Nf6 c4 Bg4 Be2 Bxe2,10,
1751,1560,black,300+8,d4 c5 dxc5 e5 Qd5 Nc6 Nf3 Nf6 Qb3 Bxc5,10,
1685,1870,black,900+0,e4 c5 Nf3 d6 d4 cxd4 Nxd4 a6 Nc3 e6,10,
1772,1630,white,240+0,d4 e6 c4 d5 e3 Nf6 a3 c6 Nc3 g6,10,
1784,1801,white,180+0,e4 g6 d4 Bg7 Nf3 b6 Bd3 Bb7 O-O h6,10,
1580,1982,white,480+10,e4 d5 exd5 Qxd5 Nc3 Qe5+ Qe2 Qf6 Nf3 Bg4,10,
1543,1865,black,660+6,e4 e6 Nf3 d5 exd5 exd5 b3 Nf6 Bb2 Be6,10,
1795,1769,black,180+0,e4 e5 Nf3 f5 Nxe5 Nf6 d4 d6 Nc4 fxe4,10,
1472,1539,white,300+3,e4 e5 Nf3 Nc6 d4 exd4 Nxd4 Nf6 Nxc6 dxc6,10,
1515,1553,white,420+3,e4 e5 Bc4 Nf6 d3 h6 a3 d6 h3 Qe7,10,
1584,1725,black,300+8,c4 b6 Nc3 c5 d3 Bb7 e4 Qc7 f4 Nf6,10,
1710,1602,draw,300+5,c4 Nf6 Nc3 g6 d4 d6 e4 Nc6 Nf3 Bg4,10,
1699,1706,white,600+5,d4 d5 c4 Nf6 e3 e6 Nf3 Bb4+ Nc3 Bxc3+,10,
1472,1623,black,300+1,e4 e6 d4 d5 e5 c5 c3 Qb6 Qb3 Nc6,10,
1781,1783,black,240+1,e4 e5 f4 Nc6 Nf3 d6 Nc3 f5 Bb5 exf4,10,
1803,1865,black,300+0,e4 e5 Nf3 d6 Bc4 Be7 h3 c6 c3 Nd7,10,
1790,1969,black,180+0,g3 d5 Bg2 c5 b3 Nc6 Bb2 e5 e3 Nf6,10,
1241,1083,white,300+5,e4 d5 Nc3 dxe4 Nxe4 e5 d3 Bb4+ c3 Ba5,10,
1604,1658,black,420+7,e4 e5 Bc4 c6 Nf3 d5 exd5 cxd5 Bb3 e4,10,
1803,1346,white,480+8,c4 e5 Nc3 f5 d3 f4 Nf3 d6 e3 fxe3,10,
1620,1639,black,300+3,d4 d5 Nf3 c6 g3 Nf6 Bg2 Bf5 h3 Nbd7,10,
1358,1408,white,300+0,d3 e5 e4 c5 c3 d6 d4 cxd4 cxd4 Qa5+,10,
1257,1376,black,1740+30,e4 e5 Qh5 a6 Qxe5+ Qe7 Qxc7 Qd8 Qe5+ Qe7,10,
1921,1868,black,480+5,Nf3 e6 e4 d5 Nc3 Nf6 e5 Nfd7 d4 c5,10,
1784,1975,white,180+0,g3 d5 Bg2 c5 b3 Nc6 Bb2 e5 e3 Nf6,10,
1824,1645,white,420+3,e4 d5 exd5 Qxd5 Nc3 Qd8 Nf3 c6 Bc4 Bf5,10,
1395,1552,black,180+0,e4 b6 Nf3 Bb7 Nc3 g6 d4 Bg7 Bf4 Nf6,10,
1504,1239,white,1200+0,e4 e6 f4 d5 exd5 exd5 Nf3 Qf6 d4 Nc6,10,
1344,1807,black,480+8,e4 e5 d4 exd4 Qxd4 Nc6 Qe3 d6 Bb5 Nf6,10,
1485,1410,black,300+3,e4 d5 exd5 Qxd5 Nf3 Qd8 Bc4 e6 O-O a6,10,
1389,1558,draw,180+0,e4 b6 Nc3 Bb7 d4 g6 b3 Bg7 Bb2 Nf6,10,
1627,1541,white,900+12,e4 e5 f4 d6 f5 Nf6 d3 h6 Nf3 Nc6,10,
1778,1672,white,240+0,d4 d5 c4 dxc4 e4 e6 Bxc4 h6 Nc3 Nf6,10,
1302,1551,black,300+12,e4 e5 Nf3 d5 Nc3 d4 Nb5 Bb4 Nxe5 Qe7,10,
1470,1405,white,180+0,d4 d5 Nc3 Bf5 Bf4 a6 e3 Nc6 a3 Qd7,10,7153.93
1500,1510,white,180+0,d4 d5 Nc3 e6 a3 Nf6 Bf4 b6 Nb5 Bb7,10,3435.85
1394,1553,black,180+0,e4 g6 d4 Bg7 Nf3 Nf6 Nc3 O-O h3 e6,10,
1499,1605,black,300+2,e4 e5 Nf3 Nc6 Bc4 h6 c3 Bd6 Qb3 Qe7,10,
1384,1403,black,1740+30,d4 d5 c4 e6 a3 dxc4 Nc3 Nf6 e4 Be7,10,
1958,1614,white,240+0,e4 e5 Nf3 Qf6 Bc4 Bc5 O-O Ne7 c3 O-O,10,
1036,1249,white,300+5,e4 e5 Qh5 Nc6 Bc4 g6 Qf3 Nf6 d3 d6,10,
1766,1664,white,300+0,e4 e5 Nf3 d6 d4 Nc6 dxe5 Nxe5 Nxe5 dxe5,10,
1639,1830,black,420+3,e4 Nf6 Nc3 Nc6 d4 d6 h3 a6 Bg5 Nd7,10,
1472,1560,white,300+3,e4 g6 Nc3 Bg7 b3 Nf6 Bb2 O-O Qe2 b6,10,
1735,1574,black,1800+2,g3 Nc6 Bg2 b6 c3 Bb7 Qb3 e6 Nf3 d5,10,
1641,1710,black,600+5,e4 c5 Nf3 d6 c3 Nf6 d3 e6 Bg5 Be7,10,
1508,1234,white,1200+0,e4 e5 f4 Qh4+ g3 Qf6 Nf3 exf4 e5 Qf5,10,
1433,1374,white,1740+30,e4 e5 Nf3 Nc6 d4 d5 dxe5 d4 Bb5 Bg4,10,
1641,1730,white,180+15,d4 e6 a3 Nf6 c4 b6 Nc3 Bb7 b4 d5,10,
1387,1546,white,180+0,e4 g6 d4 Bg7 e5 Nf6,6,
1387,1546,draw,180+0,e4 g6 d4 Bg7 e5 e6 Nc3 d6 f4 dxe5,10,
1786,1630,black,240+0,d4 d5 c4 Nf6 e3 Nc6 a3 Bf5 Nc3 e6,10,
2097,1717,white,120+0,d4 d5 c4 Nc6 cxd5 Qxd5 e3 e5 Nc3 Bb4,10,
1313,1281,white,660+30,e4 Nh6 Nc3 d6 Bc4 f6 Nf3 Bg4 d3 Na6,10,
1903,1642,white,480+2,e4 g6 d4 Bg7 Nf3 e6 c4 c6 Bd3 b6,10,
1534,1611,white,180+0,d4 d5 Nc3 Nc6 Bf4 Bf5 Nb5 Rc8 a3 f6,10,
1528,1798,black,420+3,e4 d6 Bc4 e6 d3 c6 Nf3 d5 Bb3 dxe4,10,
1392,1530,white,180+0,e4 b6 d4 Bb7 d5 e6 c4 exd5 cxd5 Qe7,10,
1228,1072,white,300+5,e4 e5 Nf3 Bc5 Nxe5 Qe7 d3 Qxe5 Be3 Nf6,10,
1491,1597,white,240+0,e4 e5 Nf3 d6 d4 exd4 Qxd4 Bg4 Be2 Bxf3,10,
1450,1364,white,1740+30,d4 d5 Nc3 h6 e4 Nf6 Bd3 Nc6 e5 Nd7,10,
1364,1297,black,1740+30,d4 d5 c4 Nc6 Nc3 dxc4 d5 Nb4 e4 e5,10,
1656,1695,black,300+0,e4 e5 Be2 Nc6 d3 d6 h3 Nf6 Nf3 Be7,10,
1596,1712,white,1800+2,c4 g6 Nc3 Bg7 d4 e6 e4 d6 f4 c6,10,
1597,1532,white,480+10,e4 e5 d4 exd4 Qxd4 Nc6 Qa4 d5 Bb5 dxe4,10,
1634,1230,white,300+30,e4 e5 Nf3 Bc5 d4 exd4 Nxd4 Qh4 Nc3 Nc6,10,
1322,1390,white,1200+10,e4 e6 Nc3 b6 g3 Bb7 Bg2 g6 Nf3 Bb4,10,
1672,1637,white,840+8,d4 b6 e4 Bb7 Nc3 g6 Nf3 e6 Be2 Ne7,10,
1700,1774,white,300+0,e4 e5 d4 exd4 c3 dxc3 Bc4 cxb2 Bxb2 Qe7,10,
1444,1509,white,1500+10,d4 d5 e3 e6 Bb5+ c6 Ba4 b5 Bb3 Qa5+,10,
1771,1505,white,240+0,d4 d5 c4 e6 a3 Nf6 Nf3 b6 e3 Bb7,10,
1644,1482,white,0+1,g3 e5 Bg2 Nc6 b3 d6 Bb2 Bf5 e4 Nf6,10,
1644,1482,white,0+1,g3 e5 Bg2 Nc6 f3 d6 d3 Be6 b3 Qe7,10,
1312,1356,black,1740+30,e4 e5 Nf3 Nc6 Bc4 h6 O-O a6 d4 exd4,10,
1659,1476,white,0+1,g3 e5 Bg2 Nc6 b3 d6 d3 Bf5 e4 Qf6,10,
1408,1238,black,180+0,e4 d5 e5 e6 d4 Bb4+ Nc3 c5 dxc5 Bxc5,10,
1228,1636,black,300+30,e4 c5 Qh5 e6 Nf3 Nc6 d3 Nf6 Qh3 Be7,10,
1612,1647,black,300+2,d4 d5 a3 e6 b4 h6 Bb2 Nf6 h3 Be7,10,
1369,1334,black,1200+10,e3 e5 g3 b6 Bg2 Nc6 b3 Bb7 Bb2 Rb8,10,
1512,1459,black,1200+0,e4 d6 f4 Nf6 Nc3 Nc6 h3 e5 fxe5 dxe5,10,
1908,1836,white,480+2,e4 Nf6 e5 Nd5 d4 d6 c4 Nb6 f4 Bf5,10,
1705,1655,black,180+15,e4 d5 exd5 Qxd5 Nc3 Qd8 b4 e6 a3 a6,10,
1484,1592,black,300+3,e4 d5 d3 dxe4 dxe4 Qxd1+ Kxd1 e5 f3 c6,10,
1638,1225,white,300+30,e4 e5 Nf3 Nc6 d4 d5 dxe5 Nxe5 Qxd5 f6,10,
1731,1761,white,180+0,e4 e5 Nf3 Nc6 Bc4 Bc5 d3 Nf6 c3 d6,10,
1524,1619,black,420+3,e4 c5 Bc4 Nc6 Qh5 e6 d3 Nf6 Qd1 d5,10,
1455,1465,white,1500+10,d4 d5 e3 c6 Be2 Bf5 Nf3 Be4 Nc3 Qd6,10,
1827,1918,black,480+2,e4 e5 f4 Bc5 Nf3 d6 fxe5 dxe5 c3 Nc6,10,
1486,1594,black,180+1,e4 c5 Bc4 e6 c3 a6 a3 b5 Ba2 e5,10,
1690,1615,white,1800+2,e4 e5 Nf3 Nc6 Bb5 Nd4 Nxd4 exd4 Qf3 Qf6,10,
1259,1289,black,1800+0,Nf3 d5 d4 f5 Nc3 e6 h3 Bd6 g4 Nf6,10,
1720,1598,white,0+1,e3 Nf6 d4 e6 c4 c5 dxc5 Bxc5 a3 Nc6,10,
1727,1590,black,0+1,c3 g6 e3 Bg7 Bc4 Nf6 Qb3 O-O Qc2 e6,10,
1523,1606,white,480+10,e4 e5 d3 d5 exd5 Qxd5 Nc3 Qd8 Nf3 Nc6,10,
1801,2033,black,180+0,g3 c5 Bg2 d5 b3 Nc6 Bb2 e5 e3 Nf6,10,
1749,1743,black,180+0,e4 e5 f4 Nc6 Nf3 exf4 Bc4 Bc5 d4 Bb6,10,
1686,1632,black,900+10,e4 c5 f4 e6 Nf3 Nc6 Bc4 d5 exd5 exd5,10,
1516,1837,white,1320+8,e4 e5 Nf3 Nf6 Nxe5 Bd6 d4 Nxe4 Bc4 O-O,10,
1606,1712,black,0+1,e4 e6 f4 d6 Nf3 c5 Be2 b6 d3 Bb7,10,
2079,1714,black,60+3,d4 d5 c4 Nc6 g3 e5 dxe5 d4 e3 Bb4+,10,
1705,1603,white,300+2,e4 e5 d4 Bd6 Nf3 Nc6 Bb5 exd4 Nxd4 Nxd4,10,
1186,1223,black,540+0,e4 e5 d3 Bc5 Nf3 Nc6 c3 b5 b4 Bb6,10,
1363,1582,black,360+0,e4 e5 Nf3 Qf6 Bc4 Ne7 O-O c6 d4 exd4,10,
1775,1794,white,240+0,d4 Nf6 c4 e6 e3 c5 Nf3 d5 dxc5 Bxc5,10,
1353,1640,black,900+0,e4 c5 c4 e6 d3 Nc6 a3 d5 cxd5 exd5,10,
1822,1598,white,300+0,d4 d5 Nf3 Bf5 Bf4 Nf6 e3 h6 Bd3 Bg4,10,
2038,1796,white,180+0,d4 g6 c4 Bg7 e4 b6 Nc3 Bb7 f3 d6,10,
1893,1656,white,300+0,e4 e5 Nf3 d6 d4 Nd7 dxe5 dxe5 c4 h6,10,
1720,1593,white,0+1,d3 e6 c4 b6 b3 Bb7 Bb2 f6 f3 Bd6,10,
1299,1250,white,1800+0,d4 Nc6 Nf3 e5 d5 Nb4 Nxe5 Qf6 Nf3 Qf5,10,
1652,1599,black,300+3,e4 d5 Nc3 dxe4 Nxe4 e6 d3 Be7 h3 Nf6,10,
1466,1629,black,180+1,e4 c5 Bc4 e6 Qf3 a6 a3 b5 Ba2 Bb7,10,
1787,1782,draw,240+0,d4 Nf6 c4 e6 Nc3 c5 e3 d5 cxd5 Nxd5,10,
2168,1961,white,180+0,e4 Nc6 d4 e5 dxe5 Nxe5 f4 Ng6 Be3 Bb4+,10,
1754,1738,white,180+0,e4 e5 Nf3 Nc6 Bc4 Bc5 d3 Nf6 O-O d6,10,
1499,1472,white,1200+0,e4 Nc6 f4 e5 Nf3 d6 Bc4 h5 O-O Bg4,10,
1674,1681,white,840+8,e4 c5 a4 d6 Bc4 e6 Nc3 a6 Nh3 e5,10,
1234,1173,black,540+0,e4 e5 Qh5 Nf6 Qxe5+ Be7 Nf3 Nc6 Qg3 Nxe4,10,
1346,1351,black,660+30,e4 e6 Nc3 b6 g3 Bb7 Bg2 Bb4 Nf3 Bxc3,10,
1955,2174,black,180+0,e4 e5 Nf3 Nc6 Bb5 a6 Ba4 Nf6 O-O Nxe4,10,
1585,1598,black,60+2,e4 e5 Nf3 Nc6 Bc4 h6 Nc3 Nf6 O-O d6,10,
1787,1588,white,240+0,d4 d5 c4 dxc4 e4 Nc6 d5 Ne5 f4 Nd3+,10,
1246,1308,white,900+8,e4 d5 Qf3 c6 c3 dxe4 Qxe4 e6 Nf3 f5,10,
1241,1308,black,1800+0,Nf3 d5 d4 e6 b3 b5 a4 b4 c4 dxc4,10,
1450,1655,black,180+1,e4 c5 Bc4 e6 Qf3 Nc6 c3 Ne5 Qe2 Nf6,10,
1928,1705,black,480+2,e4 e5 Nf3 Nc6 Bb5 Nge7 O-O Ng6 c3 a6,10,
1593,1826,black,300+0,e3 d5 e4 dxe4 Be2 b6 Bc4 Bb7 Nc3 e6,10,
1667,1683,black,180+15,d4 e6 a3 d5 c4 dxc4 Nc3 a6 e3 c5,10,
1609,1574,black,60+2,e4 e5 f4 Nc6 Nf3 d6 Bb5 Bg4 O-O exf4,10,
1614,1529,black,60+1,d4 d5 e3 Nf6 Nf3 Nc6 g3 Bg4 Bg2 e6,10,
2180,1950,white,180+0,e4 Nc6 Bb5 e5 Nf3 f5 d3 fxe4 dxe4 Nf6,10,
1476,1665,black,300+2,e4 c5 Nf3 d6 h3 g6 d4 cxd4 Qxd4 Nf6,10,
1750,1627,white,600+2,e4 b6 d4 Bb7 d5 g6 Nf3 Bg7 Bc4 c6,10,
1422,1529,black,960+8,Nf3 d5 d4 Nc6 e3 Bg4 Be2 Bxf3 Bxf3 e5,10,
1189,1220,black,540+0,e4 e5 d3 Bc5 Nf3 Qf6 Qe2 Bb4+ c3 Bc5,10,
1547,1601,white,60+1,d4 d5 c4 e6 Nc3 dxc4 e4 a6 Bxc4 Bb4,10,
1587,1596,black,60+2,e4 d5 e5 Nc6 Nf3 d4 Bd3 Bg4 O-O Nxe5,10,
1894,1660,white,300+0,d4 c6 c4 Nf6 Nf3 d5 e3 e6 cxd5 cxd5,10,
1589,1564,black,60+1,b3 e5 Bb2 Nc6 e4 Nf6 d3 Bc5 g3 d6,10,
1437,1675,black,180+1,e4 c5 d4 e6 d5 e5 c4 d6 h3 Nf6,10,
1792,1755,white,240+0,d4 d5 c4 dxc4 e4 Nc6 d5 Ne5 f4 Nd3+,10,
1854,1453,white,300+20,e4 e5 Nf3 d6 d4 f5 dxe5 fxe4 Ng5 Qe7,10,
1921,1815,black,600+0,e4 c6 d4 d5 Nd2 dxe4 Nxe4 Bf5 Ng3 Bg6,10,
1608,1576,white,60+2,e4 e5 Nf3 Nc6 Bc4 Nd4 O-O Nxf3+ Qxf3 Nf6,10,
1579,1577,draw,60+1,d4 d5 c4 e6 Nc3 dxc4 e4 a6 Bxc4 b5,10,
1540,1414,black,660+6,e4 c5 Bc4 Nc6 Nf3 a6 Ng5 e6 d3 h6,10,
1639,1588,white,300+0,e4 e5 d3 Nf6 h3 Bc5 Be2 d6 Nf3 h6,10,
1355,1231,black,600+10,e3 e5 d4 e4 Nh3 d5 Nf4 c6 g3 g5,10,
1427,1691,draw,180+1,e4 c5 d4 cxd4 Qxd4 Nc6 Qe3 e5 Nf3 Nf6,10,
1526,1632,black,300+0,e4 d6 d4 Nf6 Bg5 g6 Bxf6 exf6 Bc4 Bg7,10,
1800,1685,white,300+11,e4 h5 Nf3 d5 exd5 Qxd5 Nc3 Qe6+ Be2 b6,10,
1911,2185,black,300+0,d4 d5 c4 e6 Nf3 f5 Nc3 c6 cxd5 exd5,10,
1405,1551,white,600+0,e4 c6 d4 e6 Nf3 a6 Nc3 h6 Bc4 d5,10,
1671,1526,white,300+2,e4 e5 Bc4 Nf6 d3 Bc5 h3 d6 Nf3 Nc6,10,
1848,1778,white,300+8,e4 e5 Nf3 Nc6 Nc3 Nf6 d3 d5 exd5 Nxd5,10,
1441,1213,white,180+1,e4 Nc6 d4 d5 e5 Bf5 Bb5 Qd7 f3 e6,10,
1277,1260,white,300+5,d4 d6 Nc3 Nf6 d5 c5 e4 Nbd7 Nf3 Ne5,10,
1791,1822,white,420+0,e4 Nf6 e5 Nd5 c4 Nf4 d4 Ng6 Nc3 e6,10,
1442,1424,white,180+5,d4 d5 Bf4 e6 Nc3 c5 e3 c4 Nf3 Nf6,10,
1470,1707,white,300+5,e4 e5 Nf3 Nc6 d4 exd4 Nxd4 Nxd4 Qxd4 d6,10,
1543,1908,black,480+2,d4 d5 c3 Bf5 Nd2 e6 Ngf3 Nf6 g3 Be7,10,
1476,1564,black,300+3,e4 e5 Bc4 Nc6 Qf3 Nf6 d3 Nd4 Qd1 d6,10,
1374,1670,black,840+8,e4 c5 d4 cxd4 Qxd4 Nc6 Qd1 Nf6 Bb5 Nxe4,10,
1810,1804,black,420+0,e4 c5 Nf3 Nc6 c4 e6 d4 cxd4 Nxd4 b6,10,
1808,1701,black,300+11,e4 e6 Nf3 d5 exd5 exd5 Nc3 Nf6 d4 Bd6,10,
1577,1534,white,60+1,d4 c5 dxc5 e6 b4 Nc6 Bb2 Nxb4 a3 Qa5,10,
1518,1421,draw,600+0,d4 d5 Nc3 Nf6 Bf4 a6 Nf3 h6 e3 Bg4,10,
1317,1232,white,1800+0,d4 d5 f4 e6 e3 c6 Bd3 Nd7 Nf3 b6,10,
1266,1514,black,300+5,e4 e5 d3 h6 Qh5 d6 Qe2 Nf6 g3 c5,10,
1543,1500,black,120+1,d4 Nf6 c4 e6 Nc3 d5 c5 b6 b4 a5,10,6928.04
1758,1606,black,600+2,e4 d5 exd5 Nf6 c4 Nbd7 d4 Nb6 c5 Nbxd5,10,
1687,1488,black,300+5,c4 c5 Nc3 e6 e4 b6 Nf3 Bb7 Be2 a6,10,
1587,1491,white,60+1,d4 c5 e3 cxd4 Qxd4 d6 Qd1 Nc6 Nf3 e5,10,
1723,1620,white,600+5,e4 g6 Bc4 Bg7 Qf3 e6 Nh3 b6 d3 Bb7,10,
1519,1712,black,300+0,e4 e5 Nf3 Nc6 Bc4 d6 d3 Be7 Nc3 Na5,10,
1340,1342,black,600+10,e3 e5 Qf3 Nf6 Nh3 Bc5 Nc3 Nc6 Bb5 Nb4,10,
1292,1414,white,1500+10,e4 e5 Nf3 Nc6 Bc4 h6 O-O Nf6 d3 d6,10,
1474,1522,white,300+8,d4 e5 dxe5 d6 exd6 Bxd6 Nc3 Nf6 Bg5 O-O,10,
1384,1237,black,480+8,e4 e5 Nf3 d6 h3 Nf6 Nc3 c6 Be2 Nh5,10,
1515,1573,black,300+8,e4 e5 Nf3 Nc6 Bb5 d6 d4 Bd7 dxe5 Nxe5,10,
1911,1536,white,480+2,e4 d5 exd5 Qxd5 Nc3 Qd8 d4 c6 Nf3 e6,10,
1815,1799,black,420+0,e4 e6 f4 Nh6 Nf3 Be7 d4 O-O Bd3 Bh4+,10,
1467,1764,black,300+3,e4 e5 Bc4 Nc6 c3 Bc5 Qf3 Qe7 b4 Bb6,10,
1784,2160,white,120+0,e4 c6 d4 d5 exd5 cxd5 c4 Nf6 Nc3 Nc6,10,
1612,1319,white,300+3,d4 Nf6 Bg5 e6 Nc3 d5 Nf3 Nc6 a3 Be7,10,
1644,1657,black,300+8,e4 d5 exd5 Qxd5 Nc3 Qd8 d4 e6 Nf3 c6,10,
1594,1697,black,60+1,d4 Nf6 e3 d5 Nf3 e6 Be2 Be7 O-O O-O,10,3552.2
1857,1710,white,300+20,e4 e5 Nf3 Nc6 Bc4 h6 d4 Bd6 dxe5 Nxe5,10,
1375,1255,white,600+0,e4 e5 Nf3 d6 Bc4 Nf6 Ng5 d5 exd5 Qd6,10,
1541,1424,white,600+0,d4 d5 Nc3 Nf6 Nf3 Bg4 h3 Bh5 Bf4 Nc6,10,
1724,1793,black,300+11,c4 e5 Nc3 Nc6 g3 Bc5 Bg2 Nf6 a3 a6,10,
1740,1596,white,600+2,e4 e5 Nf3 d6 Bc4 h6 h3 Nc6 O-O Bd7,10,
2087,2042,black,180+0,e4 c6 d4 d5 e5 c5 c3 Nc6 f4 g6,10,
1806,1914,black,480+2,e4 e5 Nf3 Nc6 Bc4 Bc5 O-O Nf6 d3 O-O,10,
1315,1571,black,1500+10,e4 e6 d4 Nf6 e5 Nd5 c4 Ne7 Bg5 d5,10,
1480,1511,black,600+8,e4 e5 Nf3 Nf6 Bc4 Nxe4 Nxe5 Qe7 Qf3 Qxe5,10,
2006,1655,white,180+0,e4 d6 Nc3 Nf6 d3 g6 Be3 Bg7 Qc1 O-O,10,
1510,1900,black,1200+0,e4 e5 f4 d5 exd5 Qxd5 Qf3 Qxf3 Nxf3 exf4,10,
1367,1452,white,180+5,d4 e5 e4 d6 f3 Nc6 Nh3 Nxd4 c3 Nc6,10,
1703,1604,white,1800+2,d4 d5 Bf4 Nc6 Nf3 Nf6 e3 Nh5 Bb5 Nxf4,10,
1329,1354,black,480+8,e3 e5 c3 e4 a4 d5 b4 Nf6 a5 b5,10,
1647,1537,white,180+0,e4 e5 Nf3 Nc6 c3 Bc5 d4 exd4 cxd4 Bb4+,10,
1582,1342,black,240+0,e4 e5 c3 Bd6 d4 Nc6 d5 Na5 f4 c6,10,
1506,1433,white,300+8,e4 c5 Nf3 Nc6 Bc4 a6 O-O e6 Re1 e5,10,
1485,1214,white,600+8,e4 Nc6 d4 e5 d5 Nd4 c3 Nb5 Bxb5 Qg5,10,
1388,1520,white,300+0,e4 e5 Nf3 d6 Bc4 Nf6 O-O Nxe4 Re1 Nc5,10,
1588,1552,white,60+1,d4 d5 e3 e6 Nf3 Nf6 g3 a6 Be2 c5,10,
1464,1299,white,300+3,a4 d5 d4 Nc6 e3 e6 Nf3 h6 Bb5 Bd7,10,
1470,2140,black,120+0,e4 c6 Nf3 d5 exd5 cxd5 d4 Nf6 Nc3 Nc6,10,
1691,1633,black,300+10,Nf3 d6 Nc3 a6 d4 Nf6 e4 Bg4 Be2 h6,10,
1461,1535,black,300+15,Nf3 d5 d4 Nc6 Bf4 e6 c3 Bd6 Qd2 Nf6,10,
1667,1276,white,180+0,e4 e5 f4 exf4 Nf3 d5 e5 Bf5 d4 c6,10,
1568,1674,black,420+5,e4 e5 Nf3 Nc6 Bb5 d6 Bxc6+ bxc6 O-O Nf6,10,
1469,2140,black,120+0,e4 e5 Nf3 d6 Bc4 Be6 Bxe6 fxe6 d3 Nc6,10,
1486,1204,white,300+3,e4 e5 Qh5 Bc5 Nf3 Bb6 Nc3 Qe7 Nxe5 Nh6,10,
2101,1863,white,120+0,d4 Nf6 c4 c5 dxc5 e5 Nc3 Bxc5 e3 a5,10,
1365,1453,black,1800+8,e4 d5 exd5 Qxd5 Nc3 Qa5 d4 Bd7 b3 e6,10,
1655,1294,black,300+0,d4 Nf6 b3 b6 Nd2 Bb7 Ngf3 c5 Bb2 cxd4,10,
1273,1673,black,180+0,e4 d6 Nf3 Nf6 Nc3 g6 d4 Bg7 Bd3 O-O,10,
1768,1675,black,300+7,e4 e5 Bc4 Nc6 Nf3 Bc5 Nc3 d6 a3 Bg4,10,
1521,1439,black,180+5,Nf3 d5 d4 e6 e3 Nc6 Bd3 Nf6 O-O Ng4,10,
1584,1532,black,600+20,e3 c5 Nf3 d5 Nc3 Nf6 Bb5+ Nc6 d4 cxd4,10,
1490,1247,white,900+0,e4 e5 d4 Nf6 Nc3 c6 dxe5 Ng4 Qxg4 Qe7,10,
2012,2073,black,180+0,e4 e5 Nc3 Nc6 Nf3 Bc5 Nxe5 Bxf2+ Kxf2 Nxe5,10,
1923,1798,black,480+2,e4 Nc6 d4 d5 e5 Bf5 c3 e6 Nf3 Bxb1,10,
1643,1623,white,300+10,e4 e5 Bc4 Nf6 d3 d5 exd5 Nxd5 Qf3 Nc6,10,
1545,1461,white,600+10,e4 c5 Bc4 Nf6 d3 d6 Bg5 Qd7 Nc3 b6,10,
1857,2107,black,120+0,e4 c5 Nc3 Nc6 f4 d6 Nf3 f5 a3 fxe4,10,
1531,1666,black,1200+0,e4 e5 Nf3 Nc6 d4 d6 Be2 Be7 O-O Nf6,10,
1597,1552,white,60+1,d4 Nf6 e3 e6 g3 Be7 Bg2 O-O Ne2 c6,10,
1803,1710,white,300+11,e4 e6 Nf3 d5 e5 c5 d4 Qb6 Be3 Qxb2,10,
1545,1470,white,600+8,e4 e6 d4 d5 e5 c5 c3 Nc6 b3 Qb6,10,
1508,1899,black,120+0,e4 d6 f4 c5 Nf3 Nc6 Bc4 Nf6 d3 g6,10,
1470,1615,white,300+3,e4 d5 e5 e6 d4 Ne7 Nh3 h6 Qh5 g6,10,
1607,1542,white,60+1,d4 Nf6 e3 e6 g3 c5 Bg2 cxd4 Qxd4 d5,10,
1589,1189,white,420+7,e4 Nc6 Bc4 e6 d4 d5 exd5 exd5 Qe2+ Be7,10,
1429,1545,white,60+0,e4 e5 Bc4 Nf6 d3 d6 Nf3 h6 O-O Be7,10,
1994,1678,white,180+0,e4 c5 Nc3 Nc6 g3 d6 Bg2 Nf6 d3 g6,10,
1595,1618,white,300+2,d4 c6 a3 d5 h3 Bf5 Nf3 Nf6 e3 Nbd7,10,
1593,1714,black,1800+2,g3 c5 Bg2 Nc6 f3 e5 Nh3 d5 Nf2 Be7,10,
1500,1674,white,840+8,d4 d5 Nf3 e6 Bf4 c5 c3 h6 e3 Nf6,10,
2113,1851,black,120+0,d4 Nf6 c4 c5 dxc5 e5 Nc3 Bxc5 e3 a6,10,
1791,1673,black,900+0,e3 e5 Be2 e4 d3 Nf6 dxe4 Nxe4 Qd4 Nf6,10,
1505,2089,black,120+0,e4 c5 f4 Nc6 Nf3 d6 Bb5 a6 Bxc6+ bxc6,10,
1681,1616,white,300+2,e4 Nc6 Nf3 Nf6 Nc3 e5 Bc4 h6 O-O d6,10,
1616,1532,white,60+1,d4 Nf6 e3 e6 g3 c6 Bg2 d5 Ne2 Be7,10,
1407,1366,black,480+8,e3 e5 Bc4 d5 Be2 e4 f3 f5 fxe4 fxe4,10,
1688,1754,white,300+7,e4 e5 Nf3 Nc6 Bc4 Nf6 d3 Bc5 c3 d6,10,
1452,1670,white,0+10,e4 d6 Nf3 Nf6 Nc3 g6 Bc4 Bg7 d3 O-O,10,
1560,1813,black,420+5,e4 e5 Nf3 Nc6 Bb5 Bc5 Bxc6 dxc6 O-O Nf6,10,
2000,1831,black,180+0,e4 d5 exd5 Qxd5 Nc3 Qd8 Nf3 Nf6 Be2 e6,10,
1709,1811,white,180+1,d4 d5 c4 e6 Nc3 Nf6 Bg5 dxc4 e4 h6,10,
1494,1589,black,600+8,e4 e5 d4 Nc6 d5 Nd4 c3 Qf6 cxd4 exd4,10,
1454,1500,black,60+0,e4 e5 Bc4 Nc6 d3 Nd4 Nf3 Nxf3+ Qxf3 Qf6,10,
1606,1606,black,300+2,d4 d5 c4 c6 Bf4 dxc4 e3 b5 a4 Qb6,10,
1515,1724,black,300+0,e4 e5 Nf3 Nc6 Bc4 Bc5 d3 d6 c3 Bg4,10,
1453,1554,black,600+10,e4 e5 Nf3 Nc6 Bd3 Bc5 O-O d6 a3 a6,10,
1724,1583,black,1800+2,c4 e5 Nc3 Nf6 Nf3 e4 Ng5 Qe7 d4 h6,10,
1336,1300,white,660+30,e4 d5 exd5 Qxd5 Nc3 Qe5+ Be2 b6 Nf3 Qe6,10,
1624,1523,black,60+1,d4 Nf6 e3 d5 g3 e6 Bg2 Be7 Ne2 O-O,10,
1507,1726,black,1200+0,e4 c5 d4 cxd4 c3 dxc3 Nxc3 Nc6 Nf3 a6,10,
1646,1568,white,300+8,e4 e5 Nf3 Nc6 d4 Nf6 Bg5 h6 Bxf6 Qxf6,10,
1366,1257,white,1740+30,d4 d5 c4 dxc4 Nc3 c5 d5 Qa5 e4 Nf6,10,
1673,1500,black,900+10,e4 e6 f4 d5 e5 Nh6 d4 c5 c3 Nc6,10,
2090,1440,white,120+0,d4 d5 c4 dxc4 Nc3 Nc6 e3 b5 Bxc4 bxc4,10,
1454,1247,white,1380+11,d4 d5 Bf4 g6 Nc3 Bh6 e3 Bxf4 exf4 c6,10,
1654,1925,black,60+0,d4 e6 Nf3 d5 Bg5 c5 Bxd8 Kxd8 dxc5 Bxc5,10,
1319,1331,black,600+10,Nf3 d5 d4 Bg4 h3 Bxf3 exf3 Nc6 Nc3 e5,10,
1858,1699,black,180+0,e4 d5 exd5 Qxd5 Nc3 Qd8 Nf3 e6 Bc4 Be7,10,
1741,1701,white,300+7,e4 e5 Be2 Nc6 Bc4 Bc5 Nf3 Nf6 d3 h6,10,
1422,1373,white,1740+30,e4 e5 Qh5 Nc6 Bb5 g6 Qf3 Qf6 Bxc6 Qxc6,10,
1610,1230,white,600+0,e4 c5 d4 cxd4 c3 d3 Bxd3 d6 Nf3 Bg4,10,
1439,2091,black,120+0,e4 c5 Bc4 e5 d3 d6 Nf3 h6 O-O Ne7,10,
1367,1654,black,300+10,e3 e5 g3 Nf6 b3 Bb4 Ba3 a5 Bxb4 axb4,10,
1810,1617,white,300+2,e4 e5 Nf3 Nc6 Bb5 Bd6 O-O Nce7 c3 Ng6,10,
1500,1534,black,1200+15,e4 c5 c3 Nf6 Bd3 d5 exd5 Qxd5 Qe2 Qxg2,10,
1604,1255,white,60+0,d4 a6 Bg5 h6 Bh4 f6 Bg3 d6 e3 e5,10,
1380,1394,black,480+8,e4 e5 d4 Nc6 d5 Nb8 c4 Bc5 Nf3 f6,10,
1498,1423,white,300+0,e4 e5 Nf3 Nc6 Bc4 h6 c3 Bc5 Qb3 Qf6,10,
1311,1261,white,300+2,b4 e5 Bb2 Nc6 b5 Nd4 e3 Nf5 Bd3 d6,10,
1846,1803,white,420+0,d4 Nf6 c4 b6 Nf3 Bb7 e3 e6 Be2 c5,10,
1929,1610,black,60+0,c4 d5 cxd5 Qxd5 Nc3 Qd8 b3 e6 Bb2 Be7,10,
1437,1637,black,60+0,e4 d5 exd5 Qxd5 Nc3 Qd8 d3 c6 Bf4 Bf5,10,
1555,1560,white,300+8,e4 e5 Nf3 Nc6 Bb5 Nd4 Nxd4 exd4 O-O Nf6,10,
2091,1370,white,120+0,d4 d5 c4 dxc4 Nc3 Nc6 e3 Bf5 Bxc4 e6,10,
1549,1411,black,120+17,d4 d5 Bf4 Nf6 Nc3 e6 Nb5 Na6 a3 Bd7,10,
1629,1909,black,60+0,d4 d5 e3 Nf6 g3 g6 Bg2 Bg7 Ne2 O-O,10,
1422,1440,black,300+4,e3 Nf6 c3 e6 b4 d5 Nf3 Nbd7 a4 c5,10,
1605,1265,white,240+0,d4 d5 Nd2 Nf6 c4 e6 c5 Be7 b4 b6,10,
1427,1496,black,60+0,e4 g6 Bc4 e6 d3 Bg7 Nf3 Ne7 O-O O-O,10,
1320,1729,black,300+2,b4 e5 Bb2 d6 c4 Nc6 b5 Na5 e3 b6,10,
1907,1767,white,720+0,e4 e5 Nf3 d6 d4 Nd7 Bc4 h6 dxe5 dxe5,10,
1567,1685,black,600+5,e4 c5 Nf3 d6 Bc4 Nf6 O-O Nxe4 d4 d5,10,
1601,1549,white,300+8,e4 e5 Qh5 Nc6 Bc4 g6 Qf3 Nf6 c3 Bc5,10,
1565,1664,white,840+8,d4 Nf6 c4 e6 Nc3 d5 cxd5 Nxd5 Nf3 c5,10,
1913,1625,white,60+0,e4 d5 exd5 Qxd5 Nc3 Qd8 Nf3 e6 Be2 Be7,10,
1603,1704,black,1800+2,c4 c5 Nc3 e5 d3 d6 e4 Bd7 f4 Nc6,10,
1660,1728,draw,300+0,e4 Nc6 Nc3 e5 a3 Bc5 h3 Nf6 g4 h6,10,
1506,1409,black,60+0,e3 e5 c3 Nc6 Qf3 d6 d4 Nf6 dxe5 Bg4,10,
1469,1685,black,60+0,e4 d5 Nf3 dxe4 Ng5 Nf6 Bc4 e6 Nc3 Nd5,10,
1611,1612,white,600+0,c4 e5 e4 d6 d3 f5 Be2 f4 f3 Nc6,10,
1621,1917,black,60+0,g3 c5 Bg2 Nc6 d4 cxd4 c3 dxc3 Nxc3 Nf6,10,
1404,1433,black,300+0,e4 d5 exd5 Qxd5 d4 Nc6 Nc3 Qxd4 Bd2 Qd6,10,
1541,1340,white,1200+15,e4 e5 Nf3 d6 Bc4 Bd7 d3 Be7 O-O Nf6,10,
1463,1722,black,60+0,e4 e6 Nf3 b6 d4 Bb7 Nc3 Bb4 Bc4 Bxc3+,10,
1591,1248,white,420+7,e4 e5 Bc4 Qh4 Qf3 f6 Nc3 Bc5 d3 f5,10,
1612,1486,white,600+8,d4 d5 Nc3 e6 a3 Nf6 Bg5 Be7 e3 O-O,10,
1502,1562,black,1200+0,e4 e5 f4 exf4 Nf3 d6 Bc4 h6 O-O Nc6,10,
1481,1517,black,300+5,e4 c5 c3 e6 a3 a6 b4 cxb4 axb4 b5,10,
1618,1538,white,60+1,d4 Nf6 e3 e6 g3 c5 Bg2 cxd4 Qxd4 Nc6,10,
1459,1491,black,60+0,e4 g6 Nf3 Bg7 Bc4 e6 d4 Ne7 O-O O-O,10,
1672,1612,white,420+17,e4 d5 exd5 Qxd5 Nc3 Qe6+ Qe2 Nc6 Qxe6 fxe6,10,
1479,1632,white,600+8,e4 d5 e5 a6 d4 Nc6 c3 Bf5 Bd3 e6,10,
1714,1593,black,1800+2,e4 c5 Nc3 Nc6 Bc4 d6 d3 Na5 Bb5+ Bd7,10,
1364,1343,white,1740+30,d4 d5 c4 Nf6 Nc3 c6 h3 e6 c5 b6,10,
1921,1749,draw,60+0,d4 d5 Nf3 c6 g3 Nf6 Bg2 Bg4 O-O Bxf3,10,
1351,1768,black,180+0,c4 e5 e4 Nc6 Nc3 Bc5 d3 d6 g3 Nf6,10,
1600,1731,black,180+0,d4 d5 Nc3 Nf6 Bg5 e6 e4 Bb4 e5 Bxc3+,10,
1719,1731,white,600+5,d4 e6 e4 c5 Nf3 cxd4 Qxd4 Nc6 Qe3 Nb4,10,
1560,1554,white,420+5,e4 e5 Nf3 d6 d4 exd4 Nxd4 a6 Bc4 Nf6,10,
1405,1368,white,480+8,h4 e5 d4 e4 h5 d5 f3 f5 fxe4 fxe4,10,
1258,1318,white,300+2,e4 e5 Qh5 Nc6 Bc4 g6 Qf3 Nf6 d3 Bc5,10,
1682,1686,black,420+17,e4 e5 Nf3 Nc6 Bc4 Be7 a3 Nf6 Nc3 O-O,10,
1777,1916,white,60+0,d4 d5 Nf3 Nf6 Bg5 Ne4 Bh4 h6 e3 g5,10,
1374,1332,white,1740+30,d4 e6 c4 d5 a3 dxc4 Nc3 Nc6 Nf3 Nf6,10,
1393,1726,black,180+0,e4 e5 Nf3 Nc6 Bb5 Bc5 O-O Nf6 Re1 O-O,10,
1410,1197,black,120+2,e4 e5 d3 Nf6 f4 exf4 Bxf4 d5 exd5 Nxd5,10,
1626,1502,white,60+0,d4 g6 e3 Bg7 g3 e6 Bg2 Ne7 Ne2 O-O,10,
1409,1728,white,300+1,e4 e5 Bc4 Nf6 Nc3 Bb4 d4 Bxc3+ bxc3 exd4,10,
1601,1622,white,600+0,e4 Nc6 d4 e6 Nc3 Bb4 Ne2 Nf6 f3 d5,10,
1529,1852,black,60+0,e3 d5 Nf3 c6 Be2 Nf6 O-O Bg4 c4 e6,10,
1305,1275,white,300+2,b4 e5 Bb2 Bxb4 Bxe5 Nh6 Bxg7 Rg8 Bxh6 Nc6,10,
1448,1634,black,120+0,e4 d5 exd5 Qxd5 Nf3 Qd8 Nc3 e6 d4 Be7,10,
1738,1783,black,240+0,d4 Nf6 c4 e6 Nc3 c5 d5 d6 Bg5 exd5,10,
1760,1679,draw,720+0,e4 Nf6 e5 Nd5 d4 d6 Qf3 dxe5 dxe5 Nc6,10,
1866,1526,white,60+0,Nf3 Nf6 d4 e6 c3 Be7 g3 O-O Bg2 d6,10,
1458,1384,black,1740+30,e4 e5 Nf3 Nc6 d4 d5 dxe5 dxe4 Qxd8+ Nxd8,10,
1635,1451,black,300+10,e4 e5 Nf3 d6 Bb5+ Bd7 Nc3 c6 Bc4 b5,10,
1639,1442,white,120+0,d4 d5 e3 Bf5 Nf3 Nf6 Bd3 Bxd3 Qxd3 e6,10,
1399,1397,black,1740+30,e4 e5 Nf3 Nc6 Bb5 Bd6 d4 exd4 Bxc6 dxc6,10,
1523,1878,black,60+0,g3 e6 Bg2 c6 Nf3 d5 O-O Bd6 d3 Ne7,10,
1909,1914,black,420+8,d4 Nf6 c4 e6 Nc3 d5 e3 c6 cxd5 exd5,10,
1262,1315,white,300+2,e4 e5 Qh5 Nc6 Bc4 g6 Qf3 Qf6 d3 Qxf3,10,
1592,1729,black,180+0,d4 d5 Nc3 Nc6 Bg5 Bf5 Nf3 f6 Bh4 Nh6,10,
1611,1695,white,1800+2,e4 e5 a3 Nf6 d3 d5 exd5 Nxd5 Nf3 Nc6,10,
1347,1616,white,600+0,d4 d5 c4 Nf6 cxd5 Nxd5 e4 Nf6 Nc3 Bg4,10,
1514,1494,white,60+0,e4 g6 Nf3 Bg7 Nc3 f6 d4 e6 Be2 Ne7,10,
1391,1389,white,180+0,e4 e5 f4 Nc6 Bc4 exf4 d4 Qh4+ Kf1 d6,10,
1492,1644,white,1200+0,e4 c5 d4 cxd4 c3 dxc3 Nxc3 Nc6 Nf3 e6,10,
1471,1530,black,300+5,e4 c5 c3 e6 a3 a6 b4 cxb4 axb4 Nc6,10,
1889,1520,white,60+0,e4 Nf6 Bc4 Nxe4 d3 Nf6 Ne2 e6 O-O Be7,10,
1729,1547,white,480+8,e4 c5 d4 cxd4 Qxd4 Nc6 Qd1 Nf6 Nc3 e5,10,
1594,1460,black,420+7,e4 e5 Bc4 Bc5 Nf3 d6 O-O h6 c3 a6,10,
1429,1769,black,300+1,e4 e5 Bc4 Nc6 Nc3 Bc5 d4 exd4 Nd5 d6,10,
1792,1728,white,240+0,e4 e5 Nf3 Nc6 Bc4 Bc5 O-O Nf6 d3 d6,10,
2065,1735,white,240+0,d4 d5 e3 Nc6 c4 Bf5 a3 Bxb1 Rxb1 e6,10,
1597,1370,white,600+0,e4 c5 Nf3 Nc6 d4 cxd4 Nxd4 Nf6 Nc3 e5,10,
1517,1899,black,60+0,Nf3 e6 e3 d5 Be2 c5 O-O Nf6 c3 Bd6,10,
1403,1415,white,180+0,e4 Nc6 d4 e6 e5 d5 exd6 Qxd6 Nf3 e5,10,
1629,1537,white,420+7,e4 e5 Nf3 d6 c3 Bg4 d4 exd4 cxd4 Nf6,10,
1407,1582,black,600+10,e4 e5 Nf3 Nc6 Bb5 d6 Bxc6+ bxc6 Qe2 Nf6,10,
1427,1425,white,240+0,Nf3 d5 d4 Nc6 Nc3 Bg4 Be3 Bxf3 exf3 e5,10,
1907,1484,white,60+0,d4 g6 Bg5 f6 Bh4 g5 Bg3 Nh6 e3 Nf5,10,
1481,1914,black,60+0,e3 d5 Qf3 Nf6 c4 dxc4 Bxc4 c6 Nc3 Bg4,10,
1436,1514,white,120+0,e4 Nf6 Nc3 e5 Nf3 d6 Bc4 Be7 d3 O-O,10,
1719,1801,white,240+0,d4 Nf6 c4 e6 Nc3 c5 d5 d6 Bg5 e5,10,
1645,1757,draw,720+0,d4 d5 Nd2 c5 dxc5 Qa5 c3 Qxc5 Ngf3 Nf6,10,
1651,1476,white,840+8,d4 d5 Nf3 e6 Bf4 Nf6 e3 Be7 c4 dxc4,10,
1585,1762,black,180+0,d4 d6 Nc3 g6 e4 Bg7 Bd3 Nf6 Nf3 O-O,10,
1855,1732,black,300+0,d4 d5 Nf3 Nc6 e3 Bf5 Bd3 Bxd3 cxd3 e6,10,
1678,1628,white,1800+2,d4 d5 Nf3 e6 g3 Bb4+ c3 Bd6 Nbd2 c5,10,
1921,1645,draw,60+0,e4 d5 exd5 Qxd5 Nc3 Qd8 Nf3 e6 Bc4 Be7,10,
1424,1407,white,1740+30,e4 e5 Nf3 Nc6 d4 exd4 Nxd4 Ne5 Bf4 Ng6,10,
1671,1719,white,480+5,d4 e6 h3 c5 Nf3 cxd4 Nxd4 Bc5 c3 a6,10,
1414,1404,white,180+0,e4 e6 e5 Nc6 d4 d6 Bb5 Bd7 Nf3 Nb8,10,
1509,1630,black,1200+0,e4 e5 f4 exf4 Nf3 Nf6 d3 g6 Bxf4 Bg7,10,
1841,1785,white,180+0,e4 c5 Nc3 Nc6 g3 g6 d3 Bg7 Be3 d6,10,
1579,1903,black,420+7,e4 e6 Bc4 d5 exd5 exd5 Bb3 Nf6 Qf3 c6,10,
1616,1690,draw,1800+2,c4 c6 Nc3 e5 d4 e4 Nxe4 d5 cxd5 Bf5,10,
1499,1450,white,120+0,Nf3 Nc6 e3 e5 Be2 d5 d4 e4 Nfd2 Nf6,10,
1451,1449,white,180+5,d4 d5 Bf4 e6 Nc3 c5 e3 c4 Nf3 h6,10,
1708,1903,black,540+5,b3 d5 Bb2 Nc6 g3 e5 Bg2 Be6 Nc3 Bb4,10,
1788,1733,black,240+0,e4 e5 f4 Qh4+ g3 Qe7 d3 d5 Bg2 exf4,10,
1879,1711,white,300+8,d4 Nf6 c4 e6 e3 c5 d5 d6 Nc3 exd5,10,
1459,1601,white,120+0,e4 b6 d4 Bb7 Nc3 Nf6 Bd3 e6 Bg5 h6,10,
1414,1439,black,240+0,e4 e5 Nf3 f6 Bc4 Ne7 d4 Nbc6 d5 Nd4,10,
1397,1345,white,1740+30,d4 d5 c4 Nf6 Nc3 e6 a3 b6 h3 Bb7,10,
1565,1763,white,60+2,e4 e5 Nf3 Nc6 Bc4 Bc5 d3 d6 Ng5 Nh6,10,
1393,1425,black,180+0,e4 e5 Qh5 Nf6 Qxe5+ Qe7 Qxe7+ Bxe7 d3 d5,10,
1670,1769,white,420+17,e4 c5 Nf3 e6 Nc3 Ne7 d3 g6 Bg5 Nbc6,10,
1499,1718,black,300+0,e4 e5 Bc4 Nc6 Nc3 d6 d3 Be7 Bxf7+ Kxf7,10,
1440,1510,white,120+0,e4 Nf6 Nf3 Nxe4 Bc4 Nd6 Bb3 e6 d3 Be7,10,
1791,1714,white,180+0,g3 d5 Bg2 e6 b3 b6 Bb2 Bb7 e3 Nf6,10,
1449,1404,black,240+0,d4 d5 Nf3 a6 Bf4 Bg4 e3 Nc6 h3 Bxf3,10,
1746,1775,black,240+0,d4 Nf6 c4 e6 Nc3 c5 d5 exd5 cxd5 d6,10,
1474,1583,white,120+0,e4 b6 d3 Bb7 a3 g6 Nc3 Bg7 Nf3 Nf6,10,
1508,1597,black,300+8,d4 d5 c4 e6 Nf3 dxc4 e4 b5 Nc3 Bb4,10,
1495,1454,black,120+0,e3 e5 Nf3 Nc6 Bb5 d6 O-O Bd7 d4 exd4,10,
1602,1610,black,600+0,e4 Nc6 d4 e6 f4 Be7 Nf3 Bh4+ g3 Be7,10,
1754,1434,white,720+0,e4 c5 c4 Nc6 Nc3 e5 Nd5 Nf6 Nc3 d6,10,
1566,1489,white,120+0,e4 e5 Qh5 Nc6 Bc4 Qf6 Nf3 Bc5 c3 g6,10,
1403,1706,black,300+10,e4 c5 Nc3 a6 e5 e6 f4 Nc6 Nf3 b5,10,
1785,1735,white,240+0,e4 e5 Nf3 Nc6 Be2 Bc5 O-O d6 d3 Bg4,10,
1467,1482,black,120+0,e4 e5 Nf3 Nf6 Bc4 Bc5 Nc3 O-O h3 d6,10,
1494,1462,black,180+5,e4 e5 d3 Bc5 f4 d6 Ne2 Nf6 f5 g6,10,6610.19
1714,1374,white,300+0,e4 e5 d4 exd4 c3 dxc3 Bc4 cxb2 Bxb2 Nf6,10,
1576,1607,draw,1800+0,e4 e5 Qf3 Nc6 Bb5 d6 Ne2 Nf6 h3 Bd7,10,
1841,1800,black,180+0,d4 g6 c4 Bg7 Nf3 b6 e3 Bb7 Be2 h6,10,
1525,1543,black,300+0,e4 e5 Nf3 Nc6 Bc4 Nf6 Ng5 d5 Nc3 dxc4,10,
1621,1591,black,600+0,c4 e5 e4 Bc5 d3 d6 Nc3 f5 h4 Nf6,10,
1575,1418,white,420+7,e4 e5 Bc4 Nf6 Nf3 Nxe4 Qe2 Ng5 Qxe5+ Be7,10,
1579,1586,white,180+0,d4 Nf6 Nc3 e6 Bg5 Bb4 e4 Bxc3+ bxc3 h6,10,
1797,1681,white,540+7,e4 e5 d4 exd4 c3 Nc6 Bc4 d6 cxd4 Bd7,10,
1493,1456,white,120+0,e4 e5 Nf3 Nc6 Bb5 Bc5 O-O d6 c3 Nf6,10,
1603,1609,white,600+0,e4 c5 Nf3 Nc6 Bc4 e6 d3 a6 a3 b5,10,
1437,1630,black,300+0,e3 e6 Qf3 d5 d3 c5 Nc3 Qb6 a3 a5,10,
1757,1901,white,60+0,d4 e6 c4 d5 Nc3 Nf6 e3 dxc4 Bxc4 c5,10,
1884,1772,white,60+0,d4 c6 c4 d5 Nc3 Nf6 cxd5 cxd5 Bf4 Nc6,10,
1575,1482,black,300+0,e4 d6 d4 Nf6 Nc3 Bd7 Nf3 c5 d5 g6,10,
1798,1909,white,540+5,Nc3 d5 d4 c6 Bf4 a6 e3 Bf5 Bd3 Bxd3,10,
1906,1752,black,480+2,e4 e5 Nf3 d6 d4 exd4 Nxd4 Nf6 Nc3 Be7,10,
1531,1500,white,180+0,d4 Nf6 Nf3 e6 c4 Be7 Nc3 O-O e4 Nc6,10,
1717,1568,white,300+0,e4 e6 d4 Na6 Nc3 b6 Bd3 Bb7 a3 h6,10,
1534,1528,black,780+5,e4 e5 Nf3 d6 Bc4 Bg4 h3 Bh5 d3 h6,10,
1486,1339,white,300+3,e4 c5 Bc4 e6 Qf3 Nc6 d3 g6 Nh3 d5,10,
1900,1757,black,60+0,c4 c5 Nc3 Nc6 b3 Nf6 Bb2 g6 e3 Bg7,10,
1684,1652,white,480+5,d4 e6 h3 d5 Nf3 Nf6 c3 c5 a3 cxd4,10,
1773,1884,white,60+0,e4 e5 Nf3 Nc6 Bc4 Be7 O-O Nf6 d3 O-O,10,
1435,1517,white,180+0,e4 e6 e5 d5 d4 c5 c3 Qb6 Na3 cxd4,10,
1558,1495,black,300+0,d4 d5 Nf3 c5 dxc5 Nc6 e3 Qa5+ Nc3 Qxc5,10,
1468,1589,white,300+10,d4 d5 e3 Nf6 f4 Bf5 h3 e6 g4 Be4,10,
1765,1893,black,60+0,e4 d5 exd5 Qxd5 Nc3 Qe6+ Qe2 Nf6 Qxe6 Bxe6,10,46.33
1598,1615,white,600+0,e4 e5 Qh5 Nc6 Bc4 g6 Qf3 Nf6 d3 d6,10,
1505,1532,white,420+3,e4 e5 Nf3 d6 Nc3 d5 exd5 Bg4 Bc4 Bxf3,10,
1505,1496,white,300+0,e4 d5 Nf3 e6 e5 Bc5 d4 Bb6 c4 c6,10,
1869,1787,white,60+0,f4 c6 Nf3 d5 d3 g6 Be3 Bg7 Bf2 Nf6,10,
1757,1628,white,720+0,e4 c5 c4 e6 Nc3 Nc6 Nf3 Bd6 d3 Nf6,10,
1461,1583,black,300+5,e4 e5 Qf3 d6 h3 Qf6 Bc4 Be6 Na3 a6,10,
1519,1521,white,360+8,e4 e5 Nf3 Nc6 d4 exd4 Nxd4 Nge7 Nc3 Nxd4,10,
1264,1492,black,300+3,d4 d5 c4 Nf6 Nf3 dxc4 e4 Bg4 h3 Bxf3,10,
1811,1703,white,300+8,e4 g6 Nf3 Bg7 Bc4 d6 Ng5 e6 d3 d5,10,
1895,1888,black,300+8,d4 d5 c4 e6 e3 Nf6 cxd5 exd5 Nf3 Be7,10,
1435,1590,white,180+0,e4 e5 f4 Nc6 Nf3 exf4 d4 Bc5 dxc5,9,
1308,1336,black,600+10,e3 e5 d4 Nc6 c3 d6 Nf3 exd4 cxd4 Nf6,10,
1401,1515,black,600+10,e4 e6 d4 c5 d5 d6 dxe6 Bxe6 Qf3 Nf6,10,
1663,1540,black,900+10,e4 e5 f4 d6 Nf3 Bg4 Bc4 Nc6 O-O Nd4,10,
1692,1819,white,480+5,d4 Nf6 h3 e6 Nf3 c5 c3 d5 a3 Nc6,10,
1412,1370,white,120+3,e4 e5 f4 Nc6 Nf3 exf4 Bc4 h6 d4 g5,10,
1661,1762,white,420+7,c4 e5 Nc3 Bc5 g3 a6 Bg2 c6 e3 d6,10,
1779,1878,black,60+0,e4 c5 Nf3 Nc6 Bb5 Nd4 Nxd4 cxd4 d3 Qb6,10,33.06
1603,1610,black,600+0,e4 Nc6 f4 b6 Nf3 a5 a3 Ba6 Nc3 Bxf1,10,
1519,1751,white,480+8,e4 e5 d4 exd4 Qxd4 Nc6 Qe3 Nf6 e5 Qe7,10,
1674,1586,black,480+5,e4 e5 g3 Nf6 Bg2 Bc5 Nc3 c6 Nf3 d5,10,
1906,1675,white,600+10,e4 c5 Nf3 d6 Bb5+ Bd7 Bxd7+ Nxd7 O-O Ngf6,10,
1797,1485,white,180+1,c4 d5 b3 dxc4 bxc4 e6 Nc3 Bc5 g3 e5,10,
1826,1794,black,420+0,e4 c5 g3 Nc6 Bg2 e6 d3 d5 f3 Be7,10,
1451,1629,white,180+0,e4 e5 f4 Nc6 Nf3 d6 fxe5 Nxe5 Nxe5 dxe5,10,
1501,1678,black,1200+0,e4 e6 f4 Bc5 Nf3 Nf6 d4 Bb6 e5 Ne4,10,
1894,1844,black,540+5,e4 d5 exd5 Qxd5 Nc3 Qd8 Nf3 Nf6 d3 e6,10,
1400,1494,black,600+8,d4 d5 Nf3 Nc6 h3 e6 e3 Nf6 Bb5 a6,10,
1901,1867,white,300+8,e4 e6 d4 d5 e5 c5 c3 Nc6 Nf3 c4,10,
1531,1574,black,360+8,e4 e5 Nf3 Nc6 b3 Bc5 Bb2 d6 d4 exd4,10,
1620,1592,black,600+0,Nf3 d5 h3 Bf5 a3 e6 Nc3 Nc6 d3 Nf6,10,
1390,1422,black,180+0,e4 e5 Nf3 Nc6 Bb5 d6 h3 Ne7 c3 f5,10,
1397,1357,white,300+0,e4 e5 Nf3 Nc6 d3 a6 c4 Bc5 Be2 h6,10,
1482,1800,black,180+1,e4 c5 d3 b6 f4 Bb7 Be2 Nc6 Bf3 g6,10,
1649,1600,white,300+3,e4 d5 exd5 Qxd5 Nc3 Qa5 h3 c6 Be2 e6,10,
1844,1912,black,300+8,d4 d5 c4 e6 e3 Nf6 cxd5 exd5 Nf3 Be7,10,
1467,1612,white,180+0,e4 d5 e5 Nc6 d4 Bf5 Bb5 e6 f4 h6,10,
1346,1298,white,600+10,e4 e5 Nf3 d6 Bc4 g6 Nc3 Bg7 d3 Nf6,10,
1707,1804,black,480+5,d4 Nf6 h3 e6 Nf3 c5 c3 d5 a3 a5,10,
1884,1812,white,180+0,d4 g6 e4 Bg7 c4 b6 Nc3 Bb7 Nf3 h6,10,
1432,1392,white,120+3,e4 e5 f4 d6 Nf3 f6 Bc4 exf4 d4 g5,10,
1521,1669,white,360+8,e4 e5 Nf3 d6 Nc3 c6 b3 f5 exf5 Bxf5,10,
1607,1793,white,300+0,e4 c5 Bc4 g6 Nf3 Bg7 d4 d6 dxc5 Qa5+,10,
1474,1539,draw,180+5,d4 e6 e4 Nc6 e5 d5 Nf3 Be7 Nc3 a6,10,
1625,1634,white,900+0,e4 b6 c3 Ba6 d3 e5 Nf3 Qf6 Nbd2 Bc5,10,4805.94
1682,1748,draw,420+17,d4 d5 c4 Nf6 Nc3 Bf5 Bg5 e6 cxd5 Be7,10,
1500,1478,black,300+0,e4 d5 exd5 e6 dxe6 Bxe6 Nc3 Bc5 Nf3 Nf6,10,
1577,1403,white,1800+0,e4 e5 Qf3 f6 Bc4 Nc6 c3 Bb4 cxb4 Nxb4,10,
1591,1593,white,180+0,d4 b6 e4 Bb7 Bd3 e6 Nf3 Qf6 O-O h5,10,
1599,1659,white,480+5,e4 d6 Nf3 c5 c3 Nc6 Bb5 Qc7 d4 b6,10,
1483,1425,white,180+0,e4 c5 Bb5 a6 Bc4 Nc6 Bd5 Nb4 c4 e6,10,
1770,1708,black,240+1,e4 e5 f4 exf4 Nf3 Qe7 e5 d6 d4 dxe5,10,
1666,1911,white,600+10,d4 Nf6 c4 g6 Nc3 Bg7 Nf3 d6 e4 O-O,10,
1538,1820,black,840+5,e4 e5 Nf3 Nc6 Bb5 Bc5 Bxc6 bxc6 Nxe5 Qf6,10,
1710,1938,black,120+0,e4 e5 g3 Nc6 Bg2 Bc5 d3 d6 Ne2 Nf6,10,
1538,1620,draw,480+8,e4 c5 b3 e6 Bb2 Nc6 Nf3 Nf6 Bxf6 Qxf6,10,
1495,1222,white,480+0,d4 f5 c4 e6 a3 d5 c5 b6 b4 bxc5,10,
1591,1658,white,300+3,e4 e5 Nf3 d6 d4 Nd7 Bc4 h6 dxe5 dxe5,10,
1727,1502,white,0+1,d3 c6 e4 d6 f3 e6 g3 f6 b3 Be7,10,
1576,1500,black,60+0,e4 d5 exd5 Qxd5 Nc3 Qd8 Bb5+ c6 Ba4 Nf6,10,
1487,1774,black,300+0,e4 e5 d3 Bc5 Ne2 Nf6 Ng3 O-O Be2 d5,10,
1500,1687,white,300+8,e4 e5 Nf3 Nc6 Bc4 Nf6 d3 Be7 Nc3 O-O,10,
1717,1566,white,60+0,e4 b6 Bc4 Bb7 d3 e6 Ne2 Nf6 Bg5 d5,10,
1636,1495,white,0+1,d3 c6 c3 d6 b3 e6 Bb2 d5 e4 f6,10,
1794,1806,black,420+0,e4 c5 f4 Nc6 Nf3 e6 Bb5 a6 Bxc6 bxc6,10,
1495,1245,white,1200+0,e4 e5 Nf3 Bc5 Bc4 c6 Nxe5 Qf6 Bxf7+ Kf8,10,
1497,1665,black,300+3,a4 e5 e4 Nf6 Nc3 a6 Bc4 Bc5 Nh3 d6,10,
1585,1604,white,600+0,e4 e5 f4 Nc6 Nf3 Bc5 Bc4 d6 c3 Bg4,10,
1651,1446,white,0+1,g3 e5 e3 Nc6 Bg2 d5 Qe2 Bf5 d3 Qe7,10,
1816,1784,black,420+0,e4 Nf6 e5 Nd5 c4 Nb6 Nf3 Nc6 d4 d6,10,
1559,1792,black,60+0,e4 e6 Qf3 b6 Bc4 Bb7 c3 Nf6 d4 Bxe4,10,
1662,1440,black,0+1,c3 e5 d4 c6 dxe5 Bc5 f4 d6 e3 Ne7,10,
1557,1506,black,360+6,e4 c5 Bc4 Nc6 Nf3 e5 O-O d6 c3 Nf6,10,
1653,1537,white,360+8,f4 d6 e3 Nf6 d4 Ne4 Nd2 Nxd2 Bxd2 e5,10,
1571,1345,black,180+0,d4 e6 a3 b6 Nc3 Bb7 Bf4 f6 Nb5 d6,10,
1627,1458,white,0+1,d3 d5 b3 Nc6 Bb2 Bf5 e3 e6 f3 g6,10,
1602,1896,black,180+0,d4 d5 Nc3 Nf6 Bg5 e6 e4 dxe4 Nxe4 Be7,10,
1720,1388,white,900+8,e4 e5 Nf3 d6 Bc4 Nf6 Ng5 d5 exd5 Nxd5,10,
1564,1582,black,240+0,d4 b6 e4 Bb7 d5 e6 Nf3 exd5 exd5 Qe7+,10,
1356,1364,draw,1800+8,e4 c5 c3 Nc6 d4 cxd4 c4 Nf6 Bd3 d6,10,
1722,1604,white,300+3,e4 d5 exd5 Qxd5 Nc3 Qd8 g3 c6 Bg2 e6,10,
1486,1836,draw,60+0,f4 d5 Nf3 Nc6 e3 Bg4 Be2 e6 b3 f5,10,
1639,1451,white,0+1,e3 e5 d4 Nc6 d5 Nce7 e4 Ng6 f3 Nf6,10,
1385,1724,black,900+8,e4 e5 Nf3 Nc6 Bb5 d6 Bxc6+ bxc6 d3 Bg4,10,
1639,1451,white,0+1,c3 e5 d4 c5 d5 d6 e4 Bd7 c4 Nf6,10,
1767,1495,white,60+0,d4 c5 d5 d6 e4 e5 Nf3 f5 Bg5 Be7,10,
1650,1445,white,0+1,e3 e5 d4 Nc6 d5 Nce7 e4 Ng6 f3 Be7,10,
2068,1483,white,240+0,d4 e5 dxe5 d6 exd6 Bxd6 Nf3 Nf6 c3 O-O,10,
1726,1860,draw,240+0,d4 e6 c4 d5 Nc3 Nf6 Bg5 Be7 Nf3 O-O,10,
1544,1542,white,420+4,d4 d5 Nf3 e6 Bf4 Bd6 Bxd6 Qxd6 e3 Nf6,10,
1389,1391,black,180+30,e4 c5 Bc4 Nc6 Qf3 e6 Nh3 h6 O-O Nf6,10,
1584,1066,white,1800+0,e4 d5 e5 f6 exf6 exf6 Bd3 g6 Ne2 f5,10,
1527,1772,white,180+0,d4 d5 Nc3 Nf6 Bf4 Bf5 Nb5 Na6 a3 c6,10,
1345,1400,white,300+0,d4 d5 c4 Nc6 Nc3 dxc4 Nf3 b5 Nxb5 Bg4,10,
1696,1491,draw,300+3,d4 d5 c4 dxc4 Nc3 e6 e3 Bb4 Bxc4 Bxc3+,10,
1553,1500,black,240+0,e4 c6 d4 d5 e5 Bf5 Nf3 e6 Bd3 Bg6,10,
1824,1644,white,300+11,e4 e5 Nf3 Nc6 Bc4 d6 a3 a6 d3 Nf6,10,
1556,1664,black,120+2,e4 c5 Bc4 Nc6 c3 e6 Nf3 Na5 Be2 d6,10,
1719,1630,draw,120+3,d4 g6 c4 Bg7 Nc3 c6 e4 d5 e5 Be6,10,
1659,1796,black,0+1,d3 d5 e4 c6 exd5 Qxd5 c4 Qd8 f3 Nf6,10,
1796,1804,white,420+0,e4 c5 f4 Nc6 Nf3 e6 e5 d5 Bb5 a6,10,
1541,1625,black,480+8,e4 c5 d4 cxd4 Qxd4 Nc6 Qe3 g6 b3 Bg7,10,
2069,1482,white,240+0,d4 d5 e3 e6 c4 Nf6 Nc3 Bd7 Nf3 Bb4,10,
1732,1796,black,0+1,d3 d5 e4 c6 exd5 Qxd5 c4 Qd8 b3 Nf6,10,
1355,1317,white,540+30,e4 b6 g3 e5 Nf3 Bb7 Bg2 Bxe4 Nc3 d5,10,
1201,1476,black,180+5,e4 e5 Nf3 Nc6 Bb5 Nf6 Nc3 d6 O-O Ng4,10,
1534,1460,white,840+5,e4 e5 Nf3 h6 Bc4 d6 O-O Qf6 d3 Qg6,10,
1500,1850,black,60+0,d4 d5 c4 c6 Nc3 Nf6 cxd5 Nxd5 Nf3 Nxc3,10,
1571,1768,black,420+5,e4 e5 Nf3 d6 d4 exd4 Nxd4 c5 Nb3 Qe7,10,
1724,1500,white,0+1,f3 e6 e4 d6 b3 c6 Bb2 Nf6 g4 Be7,10,
1628,1344,white,600+8,e4 d6 d4 Nf6 Nc3 e5 d5 Bd7 Bg5 Be7,10,
1369,1544,black,240+0,e4 e5 f3 Qf6 Ne2 g6 c3 Bg7 d3 Ne7,10,
1406,1403,black,1740+30,d4 e5 d5 Nf6 c4 Bc5 a3 Ng4 Nh3 e4,10,
1500,1355,white,300+3,d4 Nf6 e3 g6 Nf3 Bg7 Be2 c6 a3 Qc7,10,
1807,1642,white,300+0,d4 d5 e3 Nf6 Bd3 c5 c3 Bg4 Nf3 Nc6,10,
1755,1550,white,240+0,e4 e5 Nf3 d6 Bc4 Be6 Bb3 Bxb3 cxb3 Nc6,10,
1855,1730,white,240+0,Nc3 d5 e4 d4 Nce2 e5 d3 f5 f3 Nf6,10,
1436,1867,black,60+0,d4 d5 c4 Nf6 Nc3 dxc4 e3 c6 Bxc4 Bg4,10,
1500,1421,white,480+8,e4 e5 d4 exd4 Bf4 Qf6 Qf3 Bd6 Ne2 Bxf4,10,
1880,1399,white,60+0,d4 e6 Nf3 f5 Bg5 Nf6 e3 Be7 Bd3 O-O,10,
1564,1766,black,300+6,d4 d5 e3 Nf6 c4 c6 b3 Bf5 Bb2 Nbd7,10,
1592,1598,black,600+0,e4 e5 Nf3 Nc6 Bc4 Bc5 d3 Nf6 Be3 Bxe3,10,
1573,1500,white,180+0,d4 e6 Nc3 Bd6 a3 Qf6 e4 c5 e5 Qf5,10,
1802,1535,black,240+0,d4 g6 c4 Bg7 Nc3 d6 e4 e5 d5 Na6,10,
1674,1619,white,1800+2,d4 d5 Nf3 c5 Nc3 e6 dxc5 Bxc5 e4 d4,10,
1566,1922,black,420+5,e4 e5 Nf3 Nc6 Bb5 a6 Bxc6 dxc6 d4 exd4,10,
2141,1374,white,120+0,d4 e6 Nf3 f5 e3 Nf6 b3 d5 Bb2 c6,10,
1596,1729,black,300+3,e4 e5 Nf3 Qf6 Be2 Bc5 O-O d6 c3 h6,10,
1793,1807,white,420+0,e4 Nf6 e5 Nd5 c4 Nb6 Nc3 e6 d4 c5,10,
1440,1943,black,120+0,e4 c6 Nf3 d5 exd5 cxd5 d4 Nc6 Bd3 Nf6,10,
1683,1544,black,360+6,e4 e5 c3 Bc5 b3 Nf6 Ba3 Bxa3 Nxa3 O-O,10,
2142,1370,white,120+0,d4 Nf6 Nf3 g6 g3 Bg7 Bg2 O-O O-O d5,10,
1717,1633,white,120+3,d4 c5 dxc5 e5 Nc3 Nc6 g3 Nf6 Bg2 Be7,10,2950.52
1532,1500,black,420+4,d4 d5 c4 e6 Nc3 Nf6 Bg5 Be7 Bxf6 Bxf6,10,
1814,1381,white,300+0,d4 d5 e3 e6 f4 Nf6 Nd2 Bb4 c3 Bd6,10,
1364,1343,white,300+0,e4 c5 Nf3 b6 Bc4 Nc6 Ng5 Bb7 Nxf7 Qc7,10,
1784,1593,black,240+0,d4 b6 c4 Bb7 e3 e6 a3 Qf6 Nf3 Bxf3,10,
1723,1863,black,240+0,d4 e6 c4 d5 Nc3 Nf6 Bg5 Be7 Nf3 h6,10,
1240,1242,black,900+0,e4 e5 Nf3 Bb4 Nxe5 Qe7 a3 Bc5 Nf3 Qxe4+,10,
1528,1365,black,120+0,e4 e6 Nf3 d5 exd5 exd5 d4 c6 Bd3 Bd6,10,
1633,1613,white,420+3,d4 d5 Nc3 Nf6 Bg5 e6 Nf3 h6 Bh4 g5,10,
1829,1747,black,300+0,d4 d5 Nf3 Nc6 Bf4 Bf5 e3 e6 Bd3 Bd6,10,
1288,1240,black,600+10,e3 e5 g3 d5 Bg2 e4 Ne2 f5 Nd4 Na6,10,
1532,1499,black,480+8,e4 e5 d4 d6 dxe5 dxe5 Qxd8+ Kxd8 Bg5+ Be7,10,
1305,1365,white,540+30,d4 d5 Nc3 Nf6 f4 g6 Nf3 Bg7 g3 Nc6,10,
1731,1500,white,600+5,d4 d5 c4 dxc4 e3 e6 Bxc4 f6 Nc3 e5,10,
1395,1393,draw,1740+30,d4 d5 c4 dxc4 Nc3 Nc6 d5 Ne5 e4 Nf6,10,
1642,1705,black,480+8,d4 Nf6 c4 e6 Nc3 Bb4 Bd2 c5 d5 d6,10,
1684,1638,black,420+17,d4 c5 d5 e6 e4 Bd6 dxe6 dxe6 Bb5+ Nc6,10,
1542,2142,black,120+0,d4 d5 c4 c6 cxd5 cxd5 Nc3 Nf6 Nf3 Nc6,10,
1851,1729,white,180+0,e4 d5 exd5 e6 dxe6 Bxe6 Nf3 Nf6 Nc3 Nc6,10,
1563,1483,black,420+5,e4 e5 Nf3 d6 Nc3 c5 Be2 a6 O-O b5,10,
1796,1804,black,420+0,e4 c5 f4 Nc6 Nf3 e6 Bb5 d6 O-O Ne7,10,
1830,1695,white,300+11,e4 b6 Nf3 f6 Nc3 c6 Bc4 h6 Ne5 fxe5,10,
1524,1527,black,420+4,d4 d6 c4 Nf6 d5 g6 Nc3 Bg7 e4 O-O,10,
1608,1686,black,1800+2,c4 c5 Nc3 e6 d3 d6 e4 Bd7 f4 Bc6,10,
1534,1500,black,120+0,d4 f5 c4 Nf6 Nc3 g6 g3 Bg7 Bg2 O-O,10,
1767,1816,white,240+0,d4 d5 c4 Nf6 e3 e6 Nf3 b6 a3 Bb7,10,
1815,1785,white,420+0,e4 Nf6 e5 Nd5 c4 Nb6 Nc3 d6 exd6 Qxd6,10,
1837,1688,white,300+11,e4 e6 Nf3 b6 Nc3 Bb7 Bc4 h6 d3 Bc5,10,
1571,1417,black,600+10,e4 Nf6 e5 Ne4 d4 d5 c3 e6 Qa4+ c6,10,
1320,1485,black,300+0,e4 g6 Bd3 Bg7 f3 e6 Ne2 Ne7 O-O O-O,10,
1519,1658,black,480+8,e4 e5 d4 d6 dxe5 Nc6 exd6 Bxd6 Bb5 Bd7,10,
1557,1338,black,300+2,e4 d6 Bc4 Nf6 d3 g6 Bg5 Bg7 h4 O-O,10,
1229,1254,white,600+5,e4 e5 Nf3 d6 g3 c6 Bg2 Qa5 c3 b5,10,
1647,1358,white,300+8,d4 d5 c4 dxc4 e3 b5 a4 c6 axb5 cxb5,10,
1812,1925,black,480+2,e4 e5 Nf3 Nc6 Bb5 a6 Ba4 Nf6 O-O b5,10,
1633,1705,black,600+8,e4 c6 d4 d5 e5 Bf5 h3 e6 Nf3 a6,10,
1544,1442,white,120+3,e4 e5 Nf3 Nc6 Bb5 d6 Bxc6+ bxc6 d4 f5,10,
1780,1497,black,240+0,d4 d6 c4 e6 e4 c6 Nf3 h6 Nc3 g5,10,
1775,1825,black,420+0,e4 c5 g3 b6 Bg2 Bb7 Ne2 e6 d4 Nf6,10,
1669,1728,white,300+5,c4 g6 d4 Bg7 Nc3 e5 dxe5 Bxe5 Nf3 Bg7,10,
1816,1652,black,300+0,d4 e6 e4 d5 exd5 Qxd5 Nc3 Bb4 Bd2 Bxc3,10,
1545,1307,draw,300+0,e4 c5 Nf3 Nc6 Bb5 f6 Bxc6 bxc6 O-O Qc7,10,
1496,1475,black,300+3,e4 e6 a4 d5 Nc3 d4 Nb1 e5 c3 c5,10,
1432,1555,black,600+10,Nf3 d5 d4 Bg4 Nc3 Bxf3 gxf3 e6 Bg2 Bb4,10,
1602,1643,white,420+3,e4 d5 d4 dxe4 Nc3 Nf6 Be3 c6 f3 Bf5,10,
1379,1703,black,180+1,e4 d5 exd5 Qxd5 d4 c6 Nc3 Qa5 Bd2 Qc7,10,
1538,1665,black,300+10,d4 d5 h3 c6 Bf4 Na6 e3 Nf6 Bd3 Nb4,10,
1538,1394,black,300+2,e4 g6 d4 Bg7 e5 e6 Nf3 b6 Bg5 f6,10,
1761,1816,black,240+0,d4 Nf6 c4 e5 d5 Ng4 h3 Nxf2 Kxf2 Qh4+,10,
1494,1661,black,660+0,e4 e5 Nf3 d6 Bc4 Be6 Bxe6 fxe6 d4 exd4,10,
1674,1798,black,300+0,Nf3 e6 c4 d5 cxd5 exd5 d4 Nf6 Nc3 c6,10,
1696,1560,black,360+6,d4 d5 Nf3 Nf6 e3 Bg4 c4 e6 Nc3 Bd6,10,
1663,1852,black,300+0,e4 c5 d3 Nc6 h3 g6 Nf3 Bg7 Be2 Qb6,10,
1897,1645,black,300+0,e4 e5 Nf3 d6 d4 Nd7 dxe5 dxe5 Bc4 h6,10,
1543,1718,black,840+5,e4 e5 Bc4 Nf6 d3 Bc5 Bg5 d6 Bxf6 Qxf6,10,
1350,1064,white,300+8,e4 d5 e5 g6 d4 h5 f4 e6 c4 Qh4+,10,
1844,1681,draw,300+11,e4 b6 Nf3 Bb7 Nc3 Nf6 e5 Nd5 Bc4 Nxc3,10,
1376,1567,white,180+1,e4 c5 Bc4 Nf6 d3 d6 Nf3 e5 h3 Be7,10,
1500,1603,black,120+0,e3 d5 d4 e6 Qf3 Bb4+ c3 Ba5 Bd3 Nf6,10,
1563,1425,black,600+10,e4 d5 e5 f6 exf6 Nxf6 d4 Bg4 Be2 Qd7,10,
1834,1766,white,420+0,e4 c5 f4 Nc6 Nf3 d5 exd5 Qxd5 Nc3 Qe6+,10,
1672,1547,black,420+17,d4 d5 c4 e6 cxd5 exd5 a3 Nf6 Nc3 Nc6,10,
1538,1743,black,180+0,e4 e6 Bc4 d5 exd5 exd5 Bb3 c6 Qf3 Qf6,10,
1399,1500,draw,240+4,d4 d5 e3 Nf6 h3 Bf5 a3 c5 Nc3 cxd4,10,
1806,1664,white,300+0,d4 e6 e3 c5 Bd3 cxd4 exd4 Nc6 c3 Qa5,10,
1528,1554,black,720+12,e4 e5 Nf3 d6 Bc4 Bg4 h3 Bh5 Nc3 c6,10,
1752,1578,white,240+0,d4 d5 c4 dxc4 e4 Nd7 Bxc4 Nb6 Bb5+ c6,10,
1805,1677,draw,480+8,e4 c5 Nf3 Nc6 d4 cxd4 Nxd4 e6 c4 Bc5,10,
1682,1339,white,300+5,e4 d6 Bc4 Nf6 d3 Bg4 Ne2 Nbd7 O-O Ne5,10,
1484,1500,white,300+3,d4 d5 e3 e6 a4 Bb4+ c3 Ba5 b4 Bb6,10,
1758,1843,black,420+0,c4 Nf6 Nc3 b6 g3 Bb7 Nf3 e6 Bg2 c5,10,
1589,1562,white,180+0,d4 Nf6 Nc3 e6 a3 d5 Bf4 c5 e3 Be7,10,58.23
1394,1516,black,180+1,e4 e5 Nf3 d6 Bc4 Bg4 h3 Bh5 O-O Nf6,10,
1522,1302,white,300+2,e4 e5 Bc4 Nc6 d3 Nf6 c3 Bc5 Nf3 O-O,10,
1552,1533,white,240+0,e4 e5 Nf3 Qf6 Bc4 Bd6 c3 c6 d4 exd4,10,
1611,1606,white,600+0,e4 c5 Bc4 d6 f4 e5 f5 Be7 Nf3 Qc7,10,
1746,1761,black,240+0,d4 d5 c3 Nc6 Nf3 Bf5 Nbd2 e6 g3 Bd6,10,
1615,1527,white,600+0,e4 b6 d4 Bb7 Bd3 g6 c3 e6 Be3 Qh4,10,
1762,1409,white,300+8,e4 e5 Bc4 Nf6 d3 d5 exd5 Nxd5 Qf3 Be6,10,
1440,1548,black,600+10,Nf3 d6 e4 Bg4 Bb5+ c6 Be2 e5 Nxe5 Bxe2,10,
1279,1363,draw,-,a4 c6 h4 Qc7 b3 d5 g3 Bf5 d3 e6,10,
1758,1857,black,240+0,d4 d5 c4 dxc4 e4 c5 d5 e6 Bxc4 Nf6,10,
1395,1321,white,1740+30,d4 d5 c4 e6 a3 Be7 c5 Nc6 h3 Nxd4,10,
1609,1367,white,120+0,e4 e5 Bb5 c6 Ba4 Nf6 d3 b5 Bb3 Qa5+,10,
1613,1622,black,180+0,d4 g6 Nc3 Bg7 Bf4 d6 Qd2 Nd7 f3 Ngf6,10,
1393,1634,white,660+11,e4 c5 d4 cxd4 Qxd4 Nc6 Qe3 Nf6 Nc3 d6,10,
1386,1540,white,180+0,e4 e5 Nf3 d6 Bc4 Be7 h3 Nf6 d3 Nc6,10,
1495,2144,black,120+0,e3 d5 d3 c6 c3 g6 b4 Bg7 g3 a5,10,
1824,1657,white,240+0,e4 e5 Nf3 d6 Bc4 h6 O-O Nf6 Re1 Be7,10,
1725,1653,black,300+0,e4 c5 Nf3 e6 d4 d6 d5 Nf6 Nc3 exd5,10,
1568,1803,black,180+1,e4 c5 Bc4 b6 d4 cxd4 Qxd4 Bb7 Nc3 Nc6,10,
1351,1614,white,120+0,e4 d5 exd5 Qxd5 Nc3 Qe6+ Be2 Qg6 Bg4 Bf5,10,
1539,1497,black,300+10,f4 d5 Nf3 Nc6 b3 Qd6 e3 e5 fxe5 Nxe5,10,
1633,1562,white,300+0,e4 c5 Bc4 e6 d3 d5 exd5 exd5 Bb5+ Bd7,10,
1859,1771,white,180+0,e4 e5 Nc3 Nc6 Nf3 Bc5 Nxe5 Bxf2+ Kxf2 Nxe5,10,
1804,2055,black,180+0,g3 d5 Bg2 c6 b3 g6 Bb2 Nf6 Bxf6 exf6,10,
1495,1795,white,60+0,e3 e5 e4 Nc6 d3 Nf6 Bg5 Bc5 Nc3 d6,10,
1535,1667,black,480+4,e4 e5 d3 d6 Nf3 f5 Bg5 Nf6 exf5 Bxf5,10,
1320,1686,black,300+5,e4 e5 c4 c5 Nf3 Nc6 Bd3 Nf6 Nc3 Be7,10,
1241,1058,white,600+5,e4 d5 exd5 Qxd5 Nc3 Qe6+ Qe2 g5 b3 h6,10,
1750,1612,black,240+0,d4 b5 c4 bxc4 e4 Bb7 Nc3 e6 Bxc4 Nf6,10,
1710,1524,black,300+0,e4 e5 d4 Qh4 dxe5 Qxe4+ Be3 Bb4+ Nd2 Nc6,10,
1180,1740,black,420+0,e3 d5 Qh5 Nf6 Qe5 Nbd7 Qd4 e6 g3 Bd6,10,
1674,1527,white,480+4,f4 d5 e3 e6 Nf3 Nf6 d4 Nc6 Nbd2 Bd6,10,
1553,1612,black,300+2,e4 e5 Nf3 Nc6 Bc4 h6 c3 Bd6 d4 Nf6,10,
1657,1563,black,420+17,e4 e5 Nf3 Nc6 Bc4 Bc5 d3 h6 O-O Nf6,10,
1771,1362,white,60+0,e4 d5 exd5 Nf6 Nc3 Nxd5 Nf3 Bg4 Be2 e6,10,
1765,1714,black,600+10,e4 c6 Bc4 d5 exd5 cxd5 Bb3 Nf6 d3 e6,10,
2092,1504,white,120+0,d4 Nf6 c4 e5 dxe5 Ng4 e3 Nxe5 Nc3 d6,10,
1642,1651,black,300+0,e4 e5 Nf3 d6 Bc4 h6 d3 Nf6 d4 Nbd7,10,
1466,1689,black,1200+15,e4 e5 Nf3 Nc6 c3 Nf6 d3 Bc5 h3 O-O,10,
1520,1351,white,480+4,e4 e5 d3 Nc6 Nf3 Bc5 Be2 Nf6 O-O O-O,10,
1763,1799,white,180+0,e4 g6 Nf3 Bg7 Bc4 b6 O-O Bb7 Nc3 h6,10,
1519,1857,black,300+8,g3 d5 Bg2 Nf6 Nf3 Nc6 O-O e5 e3 h6,10,
1780,1774,white,60+0,e4 e5 d4 exd4 c3 Nc6 cxd4 Bb4+ Bd2 Bxd2+,10,
1735,1606,draw,240+0,d4 Nf6 c4 g6 Nc3 d5 c5 Bg7 Nf3 O-O,10,
1450,1527,white,900+5,e4 e5 Nf3 Nf6 Nxe5 d6 Nf3 Nxe4 Qe2 d5,10,
1257,1375,black,120+0,e4 e5 f4 exf4 Bc4 Nc6 d4 d6 Bxf4 Nf6,10,
1868,1806,white,180+0,e4 e6 d4 d5 exd5 exd5 Bd3 Nf6 Ne2 Bd6,10,
1760,1791,white,60+0,e4 d5 Nc3 dxe4 Nxe4 e5 Nf3 Nc6 Bb5 Bd7,10,
1596,1411,draw,120+0,e4 e5 Bb5 Nf6 d3 a6 Ba4 b5 Bb3 Nc6,10,
2093,1349,white,120+0,d4 b5 e3 Bb7 Nf3 d5 Bxb5+ c6 Bd3 Nd7,10,
1518,1434,white,120+4,d4 d5 Nf3 Nf6 e3 Bf5 Bd2 e6 Nh4 Bg4,10,
1825,1662,white,300+0,e4 e5 Nf3 d6 Bc4 Nd7 d3 h6 c3 Ngf6,10,
1866,1851,black,420+0,d4 Nf6 c4 b6 Nc3 Bb7 e3 e6 Nf3 d6,10,
1609,1854,black,300+0,e4 c5 Bc4 e6 d3 Nc6 a3 g6 h3 Bg7,10,
1644,1454,white,360+2,e4 d5 exd5 Qxd5 Nc3 Qd8 Bc4 Nf6 d3 e6,10,
1779,1775,black,60+0,e4 e5 d4 exd4 c3 dxc3 Bc4 c2 Qxc2 Nc6,10,
1555,1595,black,600+0,e4 c5 Bc4 e6 Qf3 Nf6 d3 h6 c3 d5,10,
1513,1775,white,300+0,e4 e5 Nf3 Nc6 Bc4 Bc5 d3 Nf6 O-O O-O,10,
1686,1839,draw,300+11,b3 e5 Bb2 Nc6 Nf3 f6 d4 Bb4+ c3 Ba5,10,
1741,1179,white,420+0,d4 e6 Nf3 Bb4+ c3 Bd6 e4 c6 e5 Be7,10,
1425,1530,black,120+4,e4 e5 f4 exf4 Nf3 Nc6 Bc4 d6 O-O Be7,10,
1594,1627,black,180+3,e4 a6 d4 b5 c4 Bb7 Nc3 b4 Nd5 e6,10,
1779,1647,white,840+3,e4 e5 Nf3 Nf6 Nc3 Bb4 Bc4 Bxc3 dxc3 O-O,10,
1572,1541,white,300+3,e4 e5 Nf3 d6 Bc4 Bg4 h3 Bh5 g4 Bg6,10,
1789,1768,black,60+0,e4 d5 exd5 e6 dxe6 Bxe6 Nc3 Nc6 Nf3 Bb4,10,
1693,1091,white,300+0,e4 b6 d4 Bb7 Nc3 d5 exd5 Bxd5 Nxd5 Qxd5,10,
1283,2094,black,120+0,c4 c5 Nc3 Nc6 d3 d6 e4 e5 Be2 Nge7,10,
1689,1305,white,300+5,c4 Nf6 d4 g6 Nc3 d6 e4 Bg7 Nf3 O-O,10,
1757,1532,white,300+0,e4 e5 Nf3 Nc6 Bc4 h6 O-O Nf6 Nc3 Bc5,10,
1564,1857,black,300+8,e4 c5 d3 Nc6 Be3 d6 Be2 h6 c3 e5,10,
1702,1343,white,1200+15,e4 d5 e5 e6 d4 Nc6 Bb5 Bd7 Nf3 Na5,10,
1445,1523,black,240+0,e4 c5 Nf3 Nc6 d4 e6 d5 exd5 exd5 Nb4,10,
1780,1775,white,60+0,e4 e5 d4 exd4 c3 dxc3 Bc4 cxb2 Bxb2 Bb4+,10,
1814,1858,black,300+0,d4 d5 e3 Nf6 Bd3 Bg4 Nf3 e6 O-O Nbd7,10,
1402,1442,black,240+0,e4 c5 Bc4 e6 Nf3 Nf6 d3 d5 exd5 exd5,10,
1842,2060,black,240+0,d4 c6 c4 d5 Nc3 Nf6 Bg5 Nbd7 e3 h6,10,
1178,1743,black,420+0,e3 e5 b3 d5 Bb5+ c6 Qe2 cxb5 Qxb5+ Qd7,10,
1808,1527,black,180+1,c4 e5 b3 d5 Bb2 dxc4 bxc4 f6 Nc3 Bf5,10,
1480,1514,draw,180+5,d4 b6 e4 Bb7 e5 g6 Nf3 d6 Nc3 dxe5,10,
1762,1790,white,60+0,e4 d5 exd5 e6 dxe6 Bxe6 Nc3 a6 g3 Nc6,10,
1279,1578,black,300+5,e4 e5 Qh5 Nc6 Bc4 Qf6 d4 g6 Qg5 Nxd4,10,
1544,1621,black,300+2,e4 e5 Nf3 Nc6 Bc4 h6 c3 Nf6 O-O Bd6,10,
1649,1208,white,360+2,e4 e5 Bc4 Bc5 d3 d6 Qh5 Qf6 Nf3 g6,10,
1262,2094,black,120+0,e4 c5 d3 Nc6 c4 e5 Nc3 d6 Be3 Nge7,10,
1642,1698,white,420+17,d4 d5 c4 e6 cxd5 exd5 Nf3 Nc6 a3 Nf6,10,
1945,1677,white,300+2,e4 e5 Nf3 d6 Bc4 h6 O-O f5 d4 fxe4,10,
1779,1776,white,60+0,e4 e5 d4 exd4 c3 dxc3 Bc4 Bb4 bxc3 Ba5,10,
1934,1860,white,480+2,e4 e5 Nf3 Nc6 Bb5 d6 d4 exd4 Nxd4 Bd7,10,
1540,1418,white,120+4,d4 d5 Nf3 c5 dxc5 e6 e3 Bxc5 c4 Nf6,10,
2062,2145,black,60+0,e4 e6 d4 b6 e5 Bb7 Nf3 c5 c3 cxd4,10,
1691,1589,white,300+5,c4 e5 Nc3 d6 e4 Nf6 Nf3 c5 Be2 Be7,10,
1395,1503,white,720+8,d4 d5 Nc3 e6 e3 Nf6 Bd2 Be7 Qe2 O-O,10,
1577,1543,black,600+2,e4 c5 c3 e6 d4 cxd4 cxd4 a6 Nf3 Nc6,10,
2094,1262,white,120+0,d4 d5 c4 c6 Nc3 dxc4 e3 f6 Bxc4 e5,10,
1586,1531,white,300+4,e4 e5 Nf3 d6 h3 h6 Bc4 a5 O-O Bd7,10,
1763,1789,white,60+0,e4 d5 Nc3 dxe4 Nxe4 e5 Ng3 Nf6 d4 Nc6,10,
2052,1729,white,60+0,e4 c5 Nf3 d6 d4 cxd4 c3 Nc6 cxd4 Nf6,10,
1727,1751,draw,600+10,d4 d5 c4 Bf5 e3 e6 a3 a6 Bd3 Nf6,10,
1744,1177,white,420+0,e4 e6 f4 Qf6 d4 Qxd4 Qxd4,7,
1512,1501,black,480+8,e4 e5 d4 exd4 Qxd4 Nc6 Qe3 Nf6 Nc3 d6,10,
1801,1460,black,600+0,e4 e5 Nf3 Nc6 d3 f5 exf5 d5 Bd2 Bxf5,10,
1176,1745,black,420+0,e3 e5 Qg4 d5 Qa4+ Bd7 Qa5 Nf6 e4 b6,10,
1605,1546,black,600+0,e4 e5 Nf3 Nc6 Nc3 Bc5 Bb5 d6 Bxc6+ bxc6,10,
1506,1357,white,600+3,d4 d5 c4 dxc4 Qa4+ Nc6 Qxc4 Nxd4 e3 Be6,10,
1868,1803,black,300+0,d4 e6 c4 d5 Nc3 Nf6 Bg5 Be7 e3 c6,10,
1731,1582,white,240+0,d4 d6 c4 a6 e4 Nc6 Nf3 Bg4 d5 Ne5,10,
1583,1673,black,300+2,e4 c5 d4 cxd4 Qxd4 Nc6 Qe3 d6 f4 Nf6,10,
1546,1790,black,180+1,e4 c5 Nf3 b6 Bc4 Bb7 d4 cxd4 Qxd4 Nc6,10,
1778,1777,white,60+0,e4 e5 d4 exd4 c3 Bc5 cxd4 Bb4+ Bd2 Bxd2+,10,
1629,1582,white,300+2,d4 g6 e3 Bg7 Nf3 b6 a3 Bb7 b4 e6,10,
1712,1851,black,300+8,e4 e5 Nf3 Nc6 Bc4 Bc5 c3 Nf6 O-O O-O,10,
1410,1550,black,120+4,e4 e5 f4 exf4 Nf3 Be7 g3 fxg3 hxg3 d5,10,
1753,1817,white,600+0,e4 e5 Bc4 Nf6 d3 d5 exd5 Nxd5 Qf3 Be6,10,
1610,1662,black,180+0,e4 e5 f4 d5 exd5 Qxd5 fxe5 Qxe5+ Qe2 Qxe2+,10,
1709,1476,white,420+8,e4 e5 Nf3 Nc6 Bb5 d6 h3 a6 Ba4 b5,10,
1764,1789,draw,60+0,e4 d5 exd5 e6 dxe6 Bxe6 Nc3 Nf6 d4 Bb4,10,
1662,1763,black,600+0,e4 c5 f4 Nc6 Nf3 Qc7 d3 a6 Be3 e6,10,
1283,1333,white,600+15,e4 d5 Nc3 dxe4 Nxe4 Bf5 Bd3 Qd4 Ne2 Qb6,10,
1350,1513,black,600+3,e4 e5 d4 d6 d5 f5 f3 c6 c4 cxd5,10,
1788,1765,white,60+0,e4 e5 d4 exd4 c3 dxc3 Bc4 d5 Bb3 dxe4,10,
2095,1726,white,120+0,d4 f5 c4 Nf6 Nc3 e6 e3 d5 cxd5 Nxd5,10,
1392,1513,black,240+0,e4 b6 d4 Bb7 e5 e6 Nf3 d6 Bb5+ c6,10,
1358,1522,black,240+0,d4 d5 e3 Nc6 Bb5 Bf5 c3 Qd6 Nd2 O-O-O,10,
1583,1395,black,600+10,e4 f6 d4 Nc6 Bc4 e6 f4 d5 exd5 exd5,10,
1398,1296,white,300+3,e4 e5 Bc4 Nh6 Nf3 d6 c3 c5 d3 Ng4,10,
1818,1855,black,300+0,d4 d5 e3 Nf6 Bd3 Bg4 Nf3 e6 h3 Bh5,10,
1830,1532,white,240+0,e4 c5 d4 cxd4 Nf3 Nc6 Bc4 h6 O-O e5,10,
1789,1576,black,600+7,e4 e5 Nf3 Nc6 Be2 Nf6 Nc3 Bb4 a4 O-O,10,
1385,2099,black,120+0,d4 d5 c4 e6 e3 f5 Nf3 Nf6 g3 Be7,10,
1738,1575,white,240+0,d4 d6 c4 Nc6 Nf3 a6 a3 Nf6 e3 Bg4,10,
1754,1798,white,60+0,e4 d5 exd5 e6 dxe6 Bxe6 Qe2 Nf6 Nc3 Bb4,10,
1560,1403,draw,120+4,d4 d5 Nf3 c5 e3 e6 dxc5 Bxc5 c4 Nf6,10,
1541,1671,black,300+0,e4 e5 Nf3 Nc6 Bc4 g5 d3 g4 Ng5 Nh6,10,
1787,1903,black,180+0,g3 h5 h3 h4 g4 Nc6 Bg2 b6 e3 Bb7,10,
1528,1351,black,240+0,e4 e6 Nf3 d5 e5 c6 Bd3 g6 O-O Be7,10,
1529,1411,white,600+10,e4 c5 c4 Nh6 Nc3 f5 exf5 Nxf5 Qh5+ g6,10,
1786,1767,white,60+0,e4 e5 d4 Nc6 c3 exd4 cxd4 d5 exd5 Qxd5,10,
1572,1638,black,300+2,e3 e5 Bc4 c6 d4 d5 Bb3 e4 Ne2 Bd6,10,
1500,1617,black,480+8,e4 c5 d4 cxd4 Qxd4 Nc6 Qe3 e6 b3 Nf6,10,
1778,1528,white,240+0,e4 c5 Nf3 Nc6 d4 cxd4 Nxd4 Nxd4 Qxd4 d6,10,
1500,1521,black,180+0,e4 e5 Qh5 Qf6 Bc4 Bc5 d3 Qxf2+ Kd1 Qf1+,10,
2099,1382,white,120+0,d4 d5 c4 Nf6 Nc3 c6 e3 Bf5 a3 e6,10,
1538,1540,white,0+1,e4 d5 exd5 e5 dxe6 Bd6 d3 Bxe6 Nf3 Qe7,10,
1807,1949,white,300+0,d4 d5 e3 Nc6 f4 f6 Nf3 e5 fxe5 fxe5,10,
1874,1561,black,300+8,e4 e5 f4 d6 Nf3 Bg4 fxe5 dxe5 Bc4 Nf6,10,
1794,1865,draw,180+1,c4 Nf6 b3 e6 Bb2 d5 cxd5 exd5 g3 c6,10,
1384,1481,black,240+0,e4 e5 Nf3 Nc6 Bb5 Nf6 d3 d6 h3 Bd7,10,
1581,1700,black,300+5,d4 d5 Nc3 Nf6 Bg5 e6 h4 Be7 Qd2 h6,10,
1834,1708,white,300+11,e4 d5 exd5 Qxd5 Nc3 Qa5 Bc4 Nf6 d3 c6,10,
1335,1500,white,180+0,e4 e5 Qh5 g6 Qf3 Bg7 Bc4 Nf6 Bb3 O-O,10,
1467,1525,white,0+1,e3 f5 d3 d5 Nf3 e5 e4 Be7 exf5 Bxf5,10,
1416,1552,black,600+1,e4 e5 Qh5 Nc6 Bc4 Qe7 Nf3 d6 d3 Nf6,10,
1500,1796,white,180+0,d4 Nf6 Nc3 d5 Bf4 Bf5 Nb5 Na6 a3 c6,10,
1591,1641,white,600+0,g3 c6 Bg2 d5 e4 e6 e5 Ne7 d4 Nf5,10,
1651,1358,white,360+2,e4 e5 Bc4 Nf6 d3 Bc5 Nc3 O-O h3 d6,10,
1655,1499,black,420+16,d4 d5 Nf3 e6 Bf4 c5 dxc5 Bxc5 e3 h6,10,
1910,1786,black,180+0,d4 e6 e4 d5 Nc3 c5 Be3 cxd4 Bxd4 Nc6,10,
1536,1519,black,240+0,e4 e5 Nf3 Nc6 Bc4 h6 c3 Nf6 d4 exd4,10,
1408,1554,black,120+4,e4 e5 f4 exf4 Nf3 d6 Bc4 Be7 g3 fxg3,10,
1524,1783,black,240+0,e4 e5 Nf3 Nc6 d3 Bc5 Nc3 d6 Be3 Bb6,10,
1482,1508,white,0+1,d4 e6 e3 Be7 c4 d5 Nc3 e5 dxe5 Qd6,10,
1634,1220,white,300+0,d4 Nf6 e3 g6 c4 Bg7 c5 Nc6 a3 O-O,10,
1558,1241,white,600+10,e4 Nf6 e5 Ne4 d4 c6 h4 h5 Qf3 Qa5+,10,
1678,1762,white,300+0,e4 e5 Nc3 Nc6 a3 Bc5 g4 h6 h3 Nf6,10,
1493,1495,black,0+1,d4 e6 e4 d5 Be2 dxe4 Be3 f5 Kf1 c6,10,
1525,1593,white,660+6,e4 e6 Nf3 d5 exd5 Qxd5 Nc3 Qd8 g3 c6,10,
1464,1499,white,180+0,e4 e6 Qh5 Nf6 Qf3 d5 e5 Nfd7 Qh5 g6,10,
1744,1804,black,240+0,d4 d5 c4 e6 e3 Nf6 a3 c5 b3 b6,10,
1427,1471,black,420+8,d4 g6 e3 Bg7 c4 d6 Nc3 a6 b4 Nf6,10,
1507,1479,white,0+1,e4 e6 f4 f6 Nf3 g6 Bc4 f5 e5 g5,10,
1479,1507,black,0+1,Nc3 d5 Nf3 d4 e4 dxc3 dxc3 Qxd1+ Kxd1 Bg4,10,
1519,1466,white,0+1,g3 e6 Bg2 d6 Bxb7 d5 Bxa8,7,
1519,1466,white,0+1,e4 d6 d4 Nd7 f3 Nb8 Bc4 Nd7 Bb3 Nb8,10,
1744,1831,white,300+5,e4 e5 Nf3 Nc6 Bb5 d6 h3 Nf6 O-O,9,
1454,1529,black,0+1,Nf3 d6 Ng1 e5 Nf3 f5 Ng1 e4 g3 g5,10,
1375,1624,black,180+0,e4 c5 Bc4 e6 Nf3 Nf6 c3 Nxe4 O-O d5,10,
1538,1444,white,0+1,b3 Nc6 Bb2 Nb4 c4 b6 d4 e5 Na3 exd4,10,
1817,1901,white,180+0,d4 d5 Nf3 Nf6 c4 c6 Nc3 Bg4 e3 e6,10,
1655,1278,white,360+2,e4 e5 Bc4 Qf6 Nc3 Bc5 f3 Qh4+ g3 Qf6,10,
1354,1414,black,360+0,e4 e5 Bc4 h6 Nf3 Nc6 d4 exd4 e5 d5,10,
1444,1538,black,0+1,Nf3 e6 d3 d5 Bg5 Be7 Bf4 Nf6 e4 dxe4,10,
1737,1531,white,240+0,e4 e5 Nf3 d6 b3 Nc6 Bb2 Be6 Bb5 Nf6,10,
1547,1434,white,0+1,e3 Nc6 d4 Nf6 c4 d5 c5 a6 Bd2 Qd7,10,
1770,1757,white,300+5,e4 e5 Nf3 f5 exf5 e4 Qe2 Nf6 d3 d5,10,
1562,1401,white,120+4,d4 d5 Nf3 c5 dxc5 Nc6 e3 e5 Bb5 e4,10,
1842,1784,black,300+11,e4 c6 Nf3 d5 exd5 cxd5 d4 Nc6 Bb5 Bg4,10,
1824,1933,black,300+0,d4 d5 e3 Nc6 f4 f6 Nf3 e5 dxe5 fxe5,10,
1623,1728,black,600+10,e4 c6 d4 d5 Nc3 dxe4 Bf4 Bf5 f3 exf3,10,
1709,1574,white,300+5,c4 e5 Nc3 d6 e4 Nf6 Be2 b6 d3 Bb7,10,
1425,1555,black,0+1,f3 d5 e3 e5 d3 c5 g3 f5 h3 Nf6,10,
1567,1254,white,300+30,e4 e5 Nf3 Nc6 Bc4 Bc5 d3 Nh6 O-O O-O,10,
1657,1486,white,360+2,e4 e5 Bc4 Nf6 d3 Bc5 h3 d6 Nc3 Nc6,10,
1417,1563,white,0+1,e3 e6 Be2 c6 e4 d5 d3 dxe4 Be3 exd3,10,
1858,1944,black,60+0,e4 h5 Nf3 h4 d4 h3 gxh3 d6 e5 Bxh3,10,
1565,1487,white,600+2,e4 e5 Nf3 d6 Bc4 Nh6 Nc3 a6 d4 b5,10,
1547,1435,white,0+1,f3 e5 e4 d5 Ne2 Bd6 exd5 Bd7 d4 Qe7,10,
1526,1742,white,240+0,e4 e5 Nf3 Qf6 Be2 Bc5 O-O h6 d3 d6,10,
1581,1538,white,660+6,d4 g6 e3 Bg7 a4 b6 a5 Nc6 axb6 cxb6,10,
1955,1850,white,60+0,h4 e5 h5 Nc6 d3 f5 Nc3 Nf6 Bg5 Bb4,10,
1426,1555,white,0+1,e4 c5 d4 Nc6 Be3 d6 Be2 cxd4 Bd2 e5,10,
1664,1334,white,360+2,e4 e5 Bc4 Nf6 d3 Bc5 h3 d5 exd5 Nxd5,10,
1582,1691,black,300+0,e4 e5 Nf3 Nc6 Bc4 g5 d3 g4 Ng5 Nh6,10,
1941,1815,white,300+0,e4 e6 d4 d5 Nc3 c5 Nf3 cxd4 Nxd4 dxe4,10,
1944,1650,black,600+5,e4 c5 Nf3 d6 Bb5+ Bd7 Bxd7+ Qxd7 O-O Nf6,10,
1735,1837,black,240+0,d4 c5 d5 d6 c4 e6 e4 Nf6 Nc3 e5,10,
1371,1667,black,180+0,e4 e5 Nf3 Nc6 Bb5 Bc5 O-O a6 Ba4 b5,10,
1539,1443,white,0+1,d3 d6 e3 e5 f4 Be6 fxe5 dxe5 e4 Qd6,10,
1842,1964,white,60+0,e4 Nf6 e5 Nd5 c4 d6 cxd5 dxe5 Nf3 Qxd5,10,
1733,1721,black,300+7,e4 c5 Bc4 e6 d4 cxd4 Qxd4 Nc6 Qd1 Nf6,10,
1780,1943,black,180+0,g3 Nf6 Bg2 g6 b3 Bg7 Bb2 O-O e3 e6,10,
1434,1548,white,0+1,Nf3 g6 Ng5 Bg7 d4 h6 Nf3 f5 e3 e6,10,
1500,1409,black,600+0,e4 e5 g3 Nf6 Bg2 Nc6 c3 Bc5 b4 Bb6,10,
1361,1696,black,360+0,d4 e6 e4 d5 f3 Nf6 Qe2 Bb4+ c3 Ba5,10,
1833,1534,black,180+0,d4 d5 Nc3 Nf6 Bf4 a6 Be5 e6 Bxf6 Qxf6,10,
1867,1561,white,600+10,e4 e5 Nf3 Nc6 Bb5 d6 d4 a6 Bxc6+ bxc6,10,
1573,1537,white,600+2,e4 e5 Nf3 Nc6 Bc4 Nf6 Ng5 d5 exd5 Na5,10,
1795,1945,white,120+0,e3 e5 d4 exd4 exd4 Nc6 d5 Nb8 Nf3 b6,10,
1946,1857,white,60+0,h4 e5 g4 Nc6 g5 f6 d4 Nxd4 e3 Nf5,10,
1528,1647,black,300+2,d4 d5 e3 h6 Na3 e6 c3 a6 Qa4+ Bd7,10,
1531,1570,black,300+3,e4 e5 Bc4 c6 Nf3 d6 d4 exd4 Qxd4 Nf6,10,
1533,1450,white,0+1,e4 d6 Bc4 Bd7 d4 Be6 Bxe6 fxe6 Qh5+ g6,10,
1570,1343,white,480+8,e4 e5 Nf3 d6 Bc4 f6 d3 c5 Nc3 Nc6,10,
1736,1615,white,600+10,d4 d5 c4 e5 dxe5 Be6 e3 Nc6 a3 dxc4,10,
1724,1544,black,240+0,e4 e5 Nf3 Nf6 b3 Nxe4 Qe2 Nf6 Nxe5 Be7,10,
1440,1541,black,0+1,d3 d6 Kd2 e5 c3 Be7 Kc2 Bg5 Bd2 Bxd2,10,
1807,1336,white,300+0,d4 c6 e4 d5 exd5 Qa5+ c3 Qxd5 Nf3 Bg4,10,
1671,1693,white,180+0,c4 Nf6 Nc3 e6 d4 Bb4 Bd2 Bxc3 Bxc3 Ne4,10,
1848,1956,black,60+0,e4 g6 Nf3 Bg7 Nc3 f5 exf5 Nf6 fxg6 hxg6,10,
1600,1974,black,480+2,d4 d5 c4 e6 Nc3 Nf6 e3 Nbd7 cxd5 exd5,10,
1796,1928,white,120+0,e4 e5 d4 exd4 c3 dxc3 Bc4 Nc6 Qb3 Qe7,10,
1529,1590,black,660+6,e4 e6 d4 d5 exd5 Qxd5 Nc3 Bb4 Bd2 Qxd4,10,
1539,1500,white,60+0,e3 g6 c4 Bg7 Nc3 Bxc3 bxc3 e6 Bb2 Nc6,10,
1854,1793,draw,300+8,e4 c5 Nf3 d6 d4 cxd4 Nxd4 Nf6 Nc3 a6,10,
1550,1432,white,0+1,e3 e6 d4 Be7 c4 c6 c5 b6 b4 Bb7,10,
1667,1699,white,300+0,e4 e5 Bc4 Nc6 Qh5 g6 Qf3 Qf6 c3 Qxf3,10,
1547,1205,white,300+0,e4 e5 Nf3 d6 Bc4 h6 d4 Nc6 dxe5 dxe5,10,
1914,1857,black,360+6,d4 d5 c4 e6 Nc3 Nf6 Bg5 Be7 e3 Nbd7,10,
1423,1557,black,0+1,Nf3 g6 Ng1 Bg7 Nf3 Bxb2 Bxb2 f6 Ng1 d5,10,
1965,1841,white,60+0,c3 d6 d4 e5 h4 exd4 h5 dxc3 Nxc3 Nc6,10,
1535,1409,white,180+0,d4 e6 a3 Nf6 Nc3 d5 Bf4 Be7 Nb5 O-O,10,
1832,1624,white,300+11,e4 g6 Nf3 Bg7 Nc3 d6 Bc4 Nd7 d3 e5,10,
1565,1416,white,0+1,e3 Nc6 Bb5 a6 Bxc6 bxc6 d4 c5 dxc5 c6,10,
1727,1794,black,240+0,d4 Nf6 c4 g6 e3 d5 b3 Bg7 Nf3 O-O,10,
1810,1913,black,120+0,d3 d5 Nf3 e5 Bg5 f6 Bh4 g5 Bg3 h5,10,
1833,1974,black,60+0,e4 Nf6 e5 Nd5 c4 Nb6 d4 d6 e6 Bxe6,10,
1408,1572,black,0+1,e3 d5 Qf3 c6 Qe2 Nf6 Qd3 g6 Qe2 Bg4,10,
1367,1591,black,180+0,e4 e6 Nf3 d5 e5 c5 d4 Nc6 Bb5 Bd7,10,
1749,1722,black,300+7,e4 e5 Nf3 Nc6 Bb5 d6 h3 Bd7 O-O Nf6,10,
1578,1402,black,0+1,e4 d6 e5 f6 exf6 Nxf6 Bc4 Bg4 f3 Bf5,10,
1561,1708,black,240+0,e4 e5 Nf3 Qf6 Be2 Bc5 O-O h6 d3 b6,10,
1681,1683,white,180+0,e4 c5 Nc3 Nc6 f4 e5 f5 Nf6 Nf3 d5,10,
1343,1723,black,60+0,e4 c5 Bc4 d6 Nf3 Nf6 O-O e6 d3 Nc6,10,
1419,1561,black,0+1,e3 b6 Be2 Bb7 Bf3 c6 Be2 d5 Bf3 e5,10,
1654,1735,white,300+2,d4 d5 a3 e6 b4 Ne7 Bb2 b6 e3 Bb7,10,
1561,1419,white,0+1,d4 d6 c4 Bd7 e4 a5 f4 Na6 Nf3 c6,10,
1338,1575,black,480+8,e4 e5 d4 exd4 Qxd4 Nc6 Qe3 Nge7 Nf3 Ng6,10,
1809,1682,draw,300+0,d4 c6 e4 d5 exd5 cxd5 Bd3 Nc6 c3 Nf6,10,
1412,1569,black,0+1,f3 e5 g3 d5 h3 c5 g4 d4 Bg2 c4,10,
1519,1921,black,120+0,e4 e5 Nf3 Nc6 Bc4 Bc5 d3 h6 Nc3 a6,10,
1500,1481,white,360+7,d4 d5 f4 Bf5 Nf3 Nf6 Nc3 e6 e3 a6,10,
1803,1949,black,180+0,d4 d5 c4 Nc6 Nc3 e5 cxd5 Nxd4 e4 Nf6,10,
1362,1598,black,180+0,e4 e6 Nf3 d5 e5 c5 d4 Nc6 Bb5 Bd7,10,
1575,1405,white,0+1,f4 e5 Nf3 d5 fxe5 Qd7 d4 c5 e3 c4,10,
1398,1582,black,0+1,e4 c5 d4 cxd4 Qxd4 Nc6 Qe3 e6 Qb3 d5,10,
1246,1401,white,120+0,e4 e5 f4 Nc6 Nf3 exf4 Bc4 h6 d4 Nf6,10,
1671,1693,draw,180+0,e4 Nf6 e5 Nd5 c4 Nb6 c5 Nd5 Bc4 d6,10,
1715,1554,white,240+0,e4 e5 Nf3 Nc6 b3 d6 Bb2 Be6 Bb5 Nf6,10,
1692,1667,white,300+2,e4 e5 Nf3 Nc6 d4 exd4 c3 dxc3 Bc4 Bb4,10,
1687,1580,black,300+0,e4 e5 Nc3 Nf6 a3 Nc6 h3 d5 exd5 Nxd5,10,
1588,1392,black,0+1,d3 a6 f3 a5 e4 Ra6 d4 Re6 d5 Rg6,10,
1247,1325,black,600+5,e4 e5 Nf3 g5 Nxe5 Nc6 Nxc6 dxc6 b3 Bg7,10,
1519,1509,black,600+3,d4 d5 c4 dxc4 Qa4+ Nc6 Qxc4 Nf6 e3 Bg4,10,
1307,1726,white,60+0,e4 e5 Bc4 Nc6 Nf3 Bc5 d3 d6 Ng5 Nh6,10,
1410,1570,white,0+1,h4 e5 Rh3 d5 e4 d4 Rd3 c5 c4 dxc3,10,
1570,1410,white,0+1,e4 a6 d4 a5 c4 Ra6 f4 d6 d5 e6,10,
1679,1357,white,360+2,e4 d6 f4 Nf6 Nc3 g6 d4 Bg7 Nf3 Bg4,10,
1813,1722,white,300+0,d4 g6 c4 Bg7 Nf3 e6 e3 Ne7 Nbd2 O-O,10,
1576,1492,white,60+0,e4 e6 Bc4 b6 d4 Bb7 d5 exd5 exd5 Nf6,10,
1403,1554,black,0+1,Nf3 c6 Ne5 f6 Nf3 e5 Ng1 d5 c3 Ne7,10,
1599,1519,white,660+6,d4 d5 e3 Bf5 h4 e6 g4 Be4 f3 Be7,10,
1248,1236,black,300+5,e4 e5 Qh5 Nc6 Bc4 g6 Qg4 d5 Qe2 dxc4,10,
1923,1352,white,60+0,e4 e5 Nf3 Nf6 Bc4 Qe7 d3 c5 Bg5 Nc6,10,
1561,1396,black,0+1,e4 b6 e5 a5 f4 a4 d4 h5 d5 h4,10,
1238,1334,black,600+5,e4 e5 Nf3 Nc6 c3 d5 exd5 Qxd5 d4 Bg4,10,
1748,1794,black,180+2,e4 d5 exd5 Nf6 Nc3 c6 dxc6 Nxc6 Nf3 e5,10,
1413,1544,black,0+1,e3 d5 Be2 d4 exd4 Qxd4 c3 Qd8 Na3 Bf5,10,
1583,1752,black,600+2,e4 c5 c3 Nc6 d4 cxd4 cxd4 e6 Nf3 Nf6,10,
1664,1518,white,300+8,e4 e6 Nf3 d5 exd5 Qxd5 Nc3 Qd8 Ne5 Qf6,10,
1357,1500,white,240+0,e4 c5 Bc4 d6 Nf3 a6 c3 b5 Bb3 c4,10,
1552,1405,white,0+1,g3 c6 Bg2 b6 b3 Bb7 Bb2 d6 e3 a6,10,
1521,1502,black,300+3,e4 e5 Nf3 d6 Bc4 Nf6 d4 exd4 Qxd4 Be7,10,
1657,1155,black,60+0,e4 e6 Bc4 d5 exd5 exd5 Qe2+ Be7 Bb5+ c6,10,
1547,1721,white,240+0,e4 e5 Nf3 Qf6 Be2 Bc5 O-O h6 d3 d6,10,
1788,1563,white,300+5,e4 e6 d4 g6 Nf3 Bg7 Bc4 b6 O-O Bb7,10,
1718,1747,black,240+0,d4 d5 c4 Nf6 e3 e6 a3 Be7 b4 O-O,10,
1662,1702,black,180+0,c4 c5 Nc3 Nc6 e3 e6 Nge2 b6 b3 Bb7,10,
1398,1559,black,0+1,Nf3 b6 Nd4 Bb7 Nb5 a6 N5c3 d5 e3 e5,10,
1982,1924,black,60+0,h4 e5 h5 d5 d3 c5 c3 Nc6 Nf3 Bg4,10,
1686,1863,white,420+0,d4 Nf6 c4 b6 Nc3 Bb7 d5 e6 e4 Be7,10,
1805,1652,white,300+0,d4 d5 e3 c5 c3 e6 Bd3 Nf6 f4 Nc6,10,
1559,1398,white,0+1,f4 d6 e4 h5 Nf3 Bg4 d4 Bd7 Be2 Nf6,10,
1804,1739,white,180+2,e4 e5 f4 exf4 Nf3 Nc6 d4 d5 e5 Bg4,10,
1692,1672,white,180+0,e4 e5 f4 d5 exd5 Qxd5 Nf3 exf4 Nc3 Qd6,10,
1635,1555,white,900+0,e4 e5 c4 Nf6 d3 Bc5 Na3 d6 Be2 O-O,10,
1647,1412,black,1200+30,d4 d5 c4 dxc4 Nc3 Nc6 Nf3 Bf5 e4 Bg4,10,
1391,1565,black,0+1,Nf3 e6 g3 d5 Bg2 c6 Kf1 Bd7 Kg1 Bd6,10,
1508,1210,white,600+3,e4 c5 Nf3 Nf6 d4 cxd4 Nxd4 d6 Bb5+ Bd7,10,
1445,1678,black,300+15,e4 e5 Nf3 d6 Bc4 Bg4 Nc3 Be7 Bd5 c6,10,
1513,1564,black,240+0,e4 c5 Nf3 Nc6 d4 cxd4 Nxd4 h6 Bc4 a6,10,
1572,1385,black,0+1,e4 d5 exd5 Qxd5 Nc3 Qd8 Nf3 Qd6 Bc4 Qc6,10,
1402,1555,black,0+1,d3 d5 Kd2 e5 Ke1 d4,6,
1645,1812,black,300+0,c4 e6 Nc3 d5 b3 Nf6 Bb2 c5 d4 cxd4,10,
1354,1683,black,360+2,d4 c6 h3 Qc7 Nf3 b5 c3 Bb7 Qb3 e6,10,
1479,1555,black,60+0,e4 e6 Bc4 c6 d4 d5 exd5 cxd5 Bb5+ Nc6,10,
1762,1938,black,60+0,d4 d5 c4 Nf6 Nc3 c6 Nf3 Bf5 Bg5 e6,10,
1877,1773,white,180+0,e4 g6 Nc3 Bg7 d3 b6 Be3 Bb7 Qd2 a6,10,
1616,1525,white,180+0,d4 Nf6 Nc3 e6 a3 d5 Bf4 c5 e3 cxd4,10,
1504,1671,white,300+8,e4 e5 Bc4 d6 Nf3 h6 c3 c6 d4 exd4,10,
1367,1456,white,240+0,e4 d5 exd5 Qxd5 d4 c6 Nc3 Qd8 Nf3 e6,10,
1797,1558,white,300+5,e4 e5 Nf3 Nc6 Bb5 d6 h3 Bd7 O-O a6,10,
1518,1533,draw,480+0,d4 d5 Nf3 c6 h3 e6 e3 a6 Na3 b5,10,
1417,1561,white,60+0,e3 e6 d3 c6 Be2 d5 Bd2 c5 c3 Nf6,10,
1686,1390,white,180+0,d4 d5 Nc3 Bf5 Bf4 Nc6 Nb5 Rc8 a3 a6,10,
1944,1756,black,60+0,d4 d5 c4 e6 Nc3 Nf6 Nf3 Be7 Bg5 O-O,10,
1730,1036,white,300+3,e4 d5 exd5 Qxd5 Nc3 Qe6+ Qe2 Qxe2+ Bxe2 Bf5,10,
1501,1573,black,240+0,e4 e5 Nf3 Nf6 Nc3 c6 Bc4 Be7 Nxe5 d5,10,
1437,1250,white,300+5,e4 e5 Qh5 Nc6 Bc4 g6 Qf3 Nd4 Qxf7#,9,
1260,1354,black,900+8,e4 e6 Nc3 a6 Nf3 b5 a3 Bb7 d3 b4,10,
1563,1704,white,300+0,e4 e5 Bc4 Qf6 c3 d6 Nf3 Bg4 d4 Bxf3,10,
1546,1594,white,720+12,e4 c5 Nc3 Nc6 d3 e6 Nf3 a6 a4 d6,10,
1757,1880,black,240+1,e4 c6 Nf3 d5 exd5 cxd5 d4 Nf6 Nc3 Bg4,10,
1509,1547,black,60+0,e3 e6 d3 d5 Be2 c5 Bd2 Nc6 c3 Nf6,10,
1580,1333,white,480+8,e4 e5 Nf3 d6 Bc4 f6 c3 Nc6 Qb3 Na5,10,
1511,1502,black,600+3,d4 e6 c4 c5 e3 cxd4 exd4 Bb4+ Nc3 Bxc3+,10,
1243,1320,black,300+0,e4 c5 Nc3 a6 f4 Qc7 d3 Nf6 Nf3 b5,10,
1773,1927,white,60+0,e4 e5 Nf3 Nc6 Bc4 h6 d3 Bc5 Nc3 d6,10,
1495,1558,white,300+8,d4 e6 e4 Nf6 Nc3 Bb4 Bd3 Bxc3+ bxc3 d5,10,
1885,1821,white,180+0,e4 d5 exd5 Qxd5 Nc3 Qd8 Nf3 Nf6 d3 e6,10,
1708,1750,white,240+0,d4 d5 c4 Nf6 b4 e6 a3 Be7 c5 c6,10,
1459,1557,black,60+0,e4 Nf6 e5 Ng8 Bc4 d6 Qf3 d5 Bxd5 e6,10,
1956,1765,white,180+0,e4 g6 d4 Bg7 f4 b6 Nf3 Bb7 Bd3 d6,10,
1686,1350,white,360+2,e4 d6 f4 Nf6 Nc3 g6 d4 Bg7 Nf3 O-O,10,
1382,1356,white,240+0,e4 d5 e5 c5 d4 cxd4 Qxd4 Nc6 Qd1 Nxe5,10,
1910,1789,white,60+0,d4 d5 c4 e6 Nc3 Nf6 Nf3 Be7 Bg5 Nbd7,10,
1750,1513,white,420+4,e4 e5 Bc4 Bc5 h3 Qf6 Nf3 Ne7 O-O O-O,10,
1760,1962,black,180+0,g3 d5 Bg2 e5 b3 Nc6 Bb2 Nf6 h3 Bd6,10,
1464,1470,white,720+0,e4 d5 exd5 Qxd5 Nc3 Qe6+ Be2 Nf6 Nf3 h6,10,
1611,1484,black,60+0,d4 e6 e3 b6 c4 Bb7 c5 Nf6 cxb6 cxb6,10,
1811,2054,black,0+2,e4 c5 d4 cxd4 c3 dxc3 Nxc3 d6 Nf3 a6,10,
1654,1535,white,300+8,e4 e5 Nf3 Nc6 Bc4 d6 h3 Be6 Qe2 a6,10,
1865,1565,white,300+20,e4 c5 Nf3 Nc6 d4 cxd4 Nxd4 e6 Be2 d5,10,
1853,1722,black,300+8,e4 c5 Nf3 d6 d4 cxd4 Nxd4 Nf6 Nc3 a6,10,
1782,1918,black,60+0,d4 d5 c4 c6 Nc3 Nf6 Nf3 Bg4 e3 e6,10,
2059,1806,black,0+2,d4 e5 dxe5 d6 exd6 Bxd6 e4 Nf6 Nc3 O-O,10,
1423,1498,black,60+0,e4 e6 Bc4 Bc5 d4 Bb6 Nf3 a6 O-O h6,10,
1730,1433,white,300+3,e4 Nc6 d4 d5 e5 e6 Nf3 Nce7 Be2 Nf5,10,
1824,2038,black,0+2,e4 c5 Nf3 e6 Bb5 Nc6 Bxc6 bxc6 c3 d5,10,
1345,1605,black,360+0,e4 e6 Nf3 d5 e5 c5 c4 d4 Bd3 Nc6,10,
1925,1774,black,60+0,d4 d5 c4 e6 Nc3 Nf6 Nf3 Be7 Bg5 O-O,10,
1418,1431,black,1200+30,Nc3 e5 e4 Nf6 Nf3 Nc6 Bb5 Bc5 d3 Bb4,10,
1689,1579,white,300+0,e4 e5 Nf3 Nc6 b3 Bc5 Bb2 Nf6 Bb5 Nxe4,10,
1388,1312,white,60+0,e4 e6 Bc4 Nc6 d4 b6 d5 Bb7 dxc6 Bxc6,10,
1720,1583,black,240+0,d4 d5 c4 e6 cxd5 exd5 e3 c6 a4 h6,10,
1337,1550,black,300+0,e4 e5 c4 Nf6 Nc3 Bc5 d3 d6 Be3 Bb4,10,
1790,1909,black,60+0,d4 d5 c4 c6 Nc3 Nf6 Nf3 Bg4 Bg5 e6,10,
1847,1788,white,420+0,e4 e5 Nf3 Nc6 Bc4 Bc5 O-O Nf6 c3 d6,10,
1895,1812,black,180+0,e4 d5 exd5 Qxd5 Nc3 Qd8 Nf3 Nf6 d3 e6,10,
1644,1533,white,900+0,e4 d5 exd5 Qxd5 Nc3 Qd8 Nf3 c6 d3 e6,10,
1393,1239,white,240+0,e4 e5 Nf3 Nc6 Bb5 a6 Ba4 b5 Bb3 Nf6,10,
1332,1689,black,180+3,d4 d5 Nf3 c6 h3 Nf6 e3 Bf5 Bd3 Bxd3,10,
1634,1537,white,120+0,c4 Nf6 Nc3 e5 d4 Nc6 e3 exd4 exd4 Bb4,10,
1510,1670,black,300+3,e4 e5 Nf3 Nc6 Bb5 d6 Bxc6+ bxc6 d4 exd4,10,
1416,1236,white,60+0,e4 e6 Bc4 Nc6 d4 b6 d5 Ne5 Bb5 Bb7,10,
1658,1404,white,1740+30,e4 e5 Nf3 Nc6 Bb5 Bd6 Nc3 a6 Bxc6 dxc6,10,
1571,1697,black,300+0,e4 e5 Nf3 Qf6 Bc4 Bc5 Nc3 c6 O-O h6,10,
1289,1589,black,600+0,d4 d5 e3 Nf6 Nc3 Nc6 Bd2 e5 Nf3 e4,10,
1459,1640,black,420+8,e4 e5 Bc4 Nc6 Nc3 Nf6 d3 g6 Nge2 Bg7,10,
1500,1515,white,120+0,e4 d6 Qh5 Be6 d4 g6 Qf3 h5 d5 Bg4,10,
1734,1372,white,300+3,e4 e5 Nf3 Qf6 Bc4 Nc6 d3 a6 a3 b5,10,
1757,1310,white,600+8,d4 b6 c4 Bb7 d5 d6 e4 c5 Nc3 a6,10,
1492,1514,black,480+8,e4 e5 d4 exd4 Qxd4 Nc6 Qe3 b6 b3 Bc5,10,
1542,1524,draw,240+8,e4 e6 Nf3 Nc6 Bb5 b6 Bxc6 dxc6 d4 Bb7,10,
1535,1917,black,60+0,e4 e5 Nf3 Nc6 d4 Be7 d5 Nb8 Bd3 d6,10,
1509,1508,white,420+4,d4 d5 e3 b6 Bb5+ c6 Bd3 c5 dxc5 bxc5,10,
1598,1598,black,180+0,d4 d5 Nc3 e6 Nf3 Nf6 Bg5 Be7 Bxf6 Bxf6,10,
1689,1574,black,360+2,e4 e5 Bc4 Bc5 Qh5 Qf6 Nf3 g6 Qg5 d6,10,
1469,1843,white,480+0,e4 c5 c4 Nc6 d3 e5 Nf3 h6 Be2 Nge7,10,
1919,1527,white,60+0,d4 d5 c4 c6 Nc3 Nf6 Nf3 Bg4 e3 h6,10,
1680,1221,black,120+0,e4 e6 Bc4 d5 Bb5+ c6 Ba4 a5 e5 b5,10,
1475,1520,black,720+0,e4 e5 Nf3 d6 Nc3 Nc6 Bb5 Bd7 d4 a6,10,
1881,1845,white,180+0,e4 c5 Nc3 b6 g3 Bb7 Bg2 e5 Nge2 Nf6,10,
1678,1498,black,420+4,d4 d5 c4 Nc6 e3 e6 cxd5 Qxd5 Nc3 Qd8,10,
1922,1642,white,60+0,d4 c6 c4 d5 Nc3 Nf6 Nf3 e6 Bg5 Bb4,10,
1399,1542,white,240+0,e4 b6 d4 Bb7 Nf3 Nf6 e5 Nd5 Bc4 e6,10,
1556,1508,black,300+0,e4 e5 Nf3 d6 Bc4 h6 d4 exd4 Nxd4 Nf6,10,
1361,1327,black,300+0,d4 f5 d5 c6 c4 cxd5 cxd5 e6 f3 exd5,10,
1967,1949,black,180+0,e4 c5 b4 cxb4 d4 d5 e5 Nc6 f4 e6,10,
1340,1292,white,360+0,e4 e5 Bc4 Nc6 Qf3 Nf6 d3 Bb4+ c3 Bc5,10,
1572,1602,white,720+12,e4 e5 Nf3 Nc6 Nc3 d6 a4 a6 Bc4 Be7,10,
1764,1609,white,240+0,e4 c5 Nf3 Nc6 d4 cxd4 Nxd4 e5 Nb5 a6,10,
2070,2240,black,240+0,d4 d5 e3 e6 c4 f5 Nc3 Nf6 Nf3 c6,10,
1926,1901,black,360+6,e4 c6 d4 d5 exd5 cxd5 Nf3 Bf5 Bd3 Bg6,10,
1696,1329,white,180+3,d4 d5 Nf3 c5 c4 dxc4 d5 b5 e4 Nf6,10,
1754,1837,white,300+8,e4 e5 Nf3 Nc6 Bb5 d6 h3 Bd7 O-O a6,10,
1385,1500,black,0+1,e4 e5 f4 d5 h4 Bc5 g4 Bxg4 Rh3 Bxd1,10,
1436,1279,white,60+0,e4 Nc6 Bb5 e6 Bxc6 dxc6 e5 Qd4 Nf3 Qe4+,10,
2017,1926,black,60+0,d4 d5 c4 c6 Nc3 Nf6 cxd5 cxd5 e3 Nc6,10,
1521,1662,white,300+8,e4 e6 Nf3 Nf6 Nc3 Bc5 d4 Bb4 e5 Ne4,10,
1500,1611,black,180+1,e4 e6 Qh5 d5 Bb5+ c6 Ba4 Nf6 Qf3 a5,10,
1547,1660,black,900+0,d4 d5 c4 Be6 Nf3 Nc6 Na3 a6 cxd5 Bxd5,10,
1869,1818,white,300+20,e4 e5 Nf3 d6 d4 exd4 Nxd4 Nf6 Bd3 Be7,10,
1652,1566,white,900+0,e4 c5 c4 e5 d3 d6 Na3 Bd7 Nc2 Nc6,10,
1461,1672,white,300+10,e4 e5 Qh5 Nc6 Bb5 Nf6 Qf5 Nd4 Qxe5+ Ne6,10,
1814,1682,black,300+2,e4 c5 f4 d6 Nf3 Bg4 Bc4 e6 Nc3 Nf6,10,
1318,1636,black,300+1,e4 e6 f4 d5 e5 c5 b4 Qb6 bxc5 Bxc5,10,
1442,1407,white,1200+30,e4 e5 Nf3 Nc6 Bc4 Nf6 Ng5 h6 Nxf7,9,
1466,1622,white,720+0,e4 e6 d4 d5 e5 c5 c3 Nc6 f4 cxd4,10,
1687,1737,black,300+3,e4 Nc6 g3 e5 Bg2 Bc5 Nc3 d6 d3 Nge7,10,
2002,1941,white,60+0,e3 e5 d4 d5 dxe5 Nc6 Nf3 Bg4 Be2 Nge7,10,
1372,1349,black,300+0,e4 c5 Qh5 Nf6 Qxc5 Nxe4 Qd5 Nf6 Qf3 g6,10,
1399,1430,white,1740+30,d4 c5 d5 c4 Nc3 Nf6 e4 Qa5 Bd2 e6,10,
1500,1453,black,420+8,e4 e5 Nf3 Nc6 Bc4 d6 Nc3 h6 h3 a6,10,
1503,1553,black,300+3,e4 e5 Bc4 Nf6 Nf3 Nc6 Bb5 Bc5 Bxc6 dxc6,10,
1415,1518,black,240+0,e4 c5 Bc4 e6 Nf3 d5 exd5 exd5 Bb5+ Nd7,10,
1521,1543,white,300+0,e4 e5 Bc4 Nf6 d3 Bc5 h3 d6 Nf3 Nc6,10,
1308,1547,white,1560+30,d4 d5 Nd2 Nf6 f4 e6 g3 c5 c3 Nbd7,10,
1518,1566,black,480+0,d4 Nf6 Bg5 e6 Bxf6 Qxf6 e3 d5 Nc3 c5,10,
1587,1590,draw,420+4,e4 c5 Nf3 d6 Nc3 g6 d4 cxd4 Qxd4 Nf6,10,
1704,1669,black,300+5,e4 Nf6 Qe2 e6 b3 Be7 Bb2 d6 Na3 e5,10,
1397,1453,black,1200+30,Nc3 e5 e4 Nf6 Nf3 d6 Bb5+ c6 Ba4 d5,10,
1603,1771,white,240+0,e4 c5 Nf3 g6 Be2 Bg7 O-O Nc6 c3 Nf6,10,
1931,2012,draw,60+0,d4 c6 c4 d6 Nc3 g6 Nf3 Bg7 Bg5 Nf6,10,
1514,1423,white,420+4,d4 e6 c4 d5 e3 h6 a3 Nf6 Nc3 Nc6,10,
1455,1638,white,60+0,e4 c6 Bc4 d5 exd5 cxd5 Bb5+ Bd7 Bxd7+ Nxd7,10,
1481,1531,white,480+8,e4 c5 Nc3 Nc6 g3 e6 Bg2 b6 e5 Bb7,10,
1328,1584,black,480+8,e4 e5 d4 Nc6 d5 Nce7 f4 exf4 Bxf4 Ng6,10,
1500,1812,black,480+2,Nc3 d5 d4 Bf5 Bf4 e6 g3 c6 f3 Nd7,10,
1587,1942,black,180+0,d4 Nf6 Nc3 d6 Bg5 Nbd7 e4 h6 Bh4 g5,10,
1818,1491,white,480+0,e4 e5 Nf3 d6 d4 exd4 Nxd4 Nf6 f4 Be7,10,
1500,1411,black,1740+30,e4 e5 g3 a6 f4 Nc6 c3 exf4 gxf4 Bc5,10,
1615,1511,black,240+8,e4 b6 Nf3 Bb7 Nc3 e6 a3 Nf6 d4 Nxe4,10,
1891,1863,white,180+0,e4 c5 Nc3 Nc6 d3 d6 g3 Nf6 Bg2 Bg4,10,
1090,1703,black,180+3,d4 d5 Nd2 Nf6 f4 Bf5 g3 e6 Bg2 c5,10,
1639,1588,white,420+16,d4 d5 c4 c6 cxd5 cxd5 Nc3 e6 a3 Bd7,10,
1500,1436,black,120+3,e4 e6 d4 b6 e5 Bb7 c4 Qe7 Nf3 g6,10,
1348,1479,white,360+0,e4 c5 Bc4 d6 d4 cxd4 Qxd4 Nc6 Qd5 Be6,10,
1934,2009,white,60+0,d4 d5 c4 c6 Nc3 e6 Nf3 Nf6 Bg5 Be7,10,
1201,1233,white,300+5,e4 e5 Bc4 d6 Nc3 Nc6 d3 Nf6 h3 a6,10,
1362,1251,white,900+8,e3 e6 a3 Nf6 b4 c5 bxc5 Bxc5 Bb2 e5,10,
1759,1881,white,600+8,d4 e6 e4 d5 e5 c5 c3 Ne7 Nf3 Nbc6,10,
1920,1886,white,60+0,Nc3 d5 d3 d4 Ne4 Nf6 Nxf6+ gxf6 Bf4 e5,10,
1488,1822,black,480+0,e4 c5 c4 e5 d3 Nc6 Nf3 d6 Be2 Bg4,10,
1995,1924,black,60+0,e3 e5 d4 exd4 exd4 Nc6 Nf3 d5 Bd3 Bg4,10,
1873,1856,white,180+0,e4 c5 Nf3 Nc6 Bc4 e6 a3 d5 exd5 exd5,10,
1524,1542,white,240+8,e3 e5 Nf3 d6 Bc4 Bg4 h3 Bxf3 Qxf3 Qf6,10,
2009,1934,white,60+0,d4 d5 e4 dxe4 f3 exf3 Nxf3 Nf6 Bc4 Bg4,10,
1577,1309,white,600+2,e4 d5 exd5 Qxd5 Nc3 Qe5+ Be2 Nd7 Nf3 Qe6,10,
1876,1930,black,60+0,c4 Nf6 Nc3 e6 e3 d6 d4 c6 Nf3 Be7,10,
1697,1798,black,300+2,Nf3 d5 d4 c5 c3 Nc6 e3 e5 dxe5 Bg4,10,
1407,1716,black,240+0,e4 e5 Nf3 Nc6 Bb5 Nge7 c3 g6 d4 exd4,10,
1655,1478,black,300+10,e4 e5 Bc4 Nf6 d3 d5 exd5 Nxd5 Qf3 Be6,10,
1459,1619,white,120+3,d4 e6 e3 d5 b3 c5 Bb2 f5 g3 Ne7,10,
1530,1533,white,300+0,e4 e5 Nf3 d6 Bc4 h6 O-O Nf6 d3 Nc6,10,
1734,1644,draw,300+7,e3 e5 e4 Bc5 Bc4 Nf6 Nc3 O-O d3 Nc6,10,
1463,1409,white,720+8,e4 e5 Nf3 Nc6 Bc4 h6 d4 exd4 Nxd4 Nxd4,10,
1746,1663,white,300+3,e4 e5 Nf3 Nc6 Bc4 Nf6 d3 d6 O-O a6,10,
1939,1866,white,60+0,e4 c5 d4 cxd4 c3 dxc3 Nxc3 Nc6 f4 g6,10,
1481,1758,black,720+0,e4 c5 c3 Nc6 d4 cxd4 cxd4 e6 Nf3 Qb6,10,
1968,1619,white,240+0,d4 d5 c4 e6 Nf3 Nf6 Nc3 Be7 e3 O-O,10,
1866,1939,white,60+0,e4 c5 Nf3 d6 d4 cxd4 Nxd4 Nf6 Nc3 g6,10,
1879,1691,white,300+20,e4 g6 d4 c6 Nc3 Bg7 Be3 e5 Qd2 exd4,10,
1992,1928,black,60+0,d4 d5 e4 dxe4 f3 exf3 Nxf3 Nf6 Bc4 h6,10,
1699,1750,black,480+5,d4 d5 h3 Nc6 Nf3 Bf5 c3 Nf6 a3 e6,10,
1938,1982,black,60+0,d4 c6 c4 d6 Nc3 g6 Nf3 Bg7 Bg5 Nf6,10,
1826,1484,white,480+0,e4 e5 Nf3 d6 d4 exd4 Nxd4 Bd7 f4 Nc6,10,
1388,1290,white,600+0,e4 Nc6 Bc4 Nd4 c3 Nc6 Qh5 e6 Nf3 Qf6,10,
1611,1453,black,300+0,e4 g6 Nf3 Bg7 Bc4 d6 d3 Nf6 O-O O-O,10,
1947,1880,white,60+0,e4 d5 exd5 Qxd5 Nc3 Qe6+ Be2 Nf6 Nf3 g6,10,
1154,1420,white,480+0,e4 e5 Nf3 Nc6 Bc4 h6 d4 exd4 Nxd4 Ne5,10,
1577,1508,white,480+0,d4 d5 c4 dxc4 Nc3 e5 dxe5 Qxd1+ Nxd1 Nc6,10,
1901,2137,black,180+0,e4 e6 d4 d5 exd5 exd5 Bd3 Nc6 Ne2 Bg4,10,
1754,1704,black,120+2,e4 c5 Nf3 Nc6 d4 cxd4 Nxd4 e5 Nb5 a6,10,
1569,1521,white,600+0,e4 e5 d4 exd4 Qxd4 Nc6 Qe3 Nf6 e5 Ng4,10,
1942,1978,draw,60+0,d4 d6 c4 c6 Nc3 g6 Nf3 Bg7 h3 Nf6,10,
1804,1657,white,300+2,e4 e5 Nf3 Nc6 Bb5 Bd6 O-O Nce7 Re1 c6,10,
1616,1991,black,240+0,e4 c5 Nf3 d6 Be2 Nf6 d3 a6 O-O e6,10,
1461,1250,white,420+8,e4 e5 Bc4 Nh6 d3 Bc5 h3 Qf6 Qf3 d6,10,
2005,1639,white,240+0,e4 e5 f4 Nc6 Nf3 d6 Bb5 exf4 O-O Bd7,10,
1600,1598,black,240+8,d4 d5 c4 dxc4 Nc3 Nf6 e4 e6 a3 Nc6,10,
1870,1956,white,60+0,d4 Nf6 Nf3 e6 c4 c5 Nc3 cxd4 Nxd4 Bc5,10,
1505,1550,white,60+0,e4 d5 Bc4 dxc4 Qe2 e6 Qxc4 c6 Nf3 Bd6,10,5285.23
1403,1498,black,180+0,e4 e6 Nf3 b6 d4 Bb7 e5 Bxf3 Qxf3 Nc6,10,
1521,1704,draw,180+3,g3 e6 Bg2 d5 Nf3 Nf6 O-O c5 e3 Bd7,10,
1525,1525,white,660+6,e4 c6 Bc4 e6 Nf3 Qb6 d3 d5 exd5 exd5,10,
1977,1943,black,60+0,e4 e5 f4 Nc6 fxe5 Nxe5 Nf3 Nxf3+ Qxf3 Bc5,10,
1719,1682,white,300+5,d4 Nf6 c4 e5 d5 Bc5 Bg5 Bxf2+ Kxf2 Ne4+,10,
1943,1884,black,60+0,e4 d5 exd5 Qxd5 Nc3 Qe6+ Be2 Nf6 Nf3 g6,10,
1883,2010,white,180+0,e4 c5 Nf3 d6 Bc4 e6 a3 Nf6 d3 Be7,10,
1515,1734,white,300+8,d4 c5 Nf3 cxd4 Nxd4 e6 a3 a6 Nc3 Qc7,10,
1477,1590,white,1200+0,e4 e5 Nf3 Nc6 Bb5 d6 Bxc6+ bxc6 Nc3 Ba6,10,
1302,1521,black,300+12,e4 e6 c3 d5 e5 c5 d4 Nc6 Nf3 Qb6,10,
1642,1755,black,300+3,e4 Nc6 Nf3 e5 Nc3 Bc5 d3 d6 Be3 Bg4,10,
1590,1587,white,420+4,e4 e6 d4 d6 Bc4 c6 Nf3 Nd7 O-O Be7,10,
1691,1829,white,480+5,d4 d5 h3 Bf5 Nf3 e6 c3 h6 Bf4 Nf6,10,
1522,1506,black,420+4,d4 d5 c4 c6 Nc3 Nf6 Nf3 a6 e3 b5,10,
1537,1403,white,1740+30,e3 e5 Nf3 Nc6 Bb5 Bd6 d4 a6 Ba4 b5,10,
1521,1542,white,300+0,e4 e5 Bc4 Nf6 d3 Bc5 h3 Nc6 Nf3 Na5,10,
2010,1960,white,180+0,e4 c5 Nc3 Nc6 f4 d6 Bb5 g6 Bxc6+ bxc6,10,
1775,1410,white,600+8,d4 e6 e4 d5 e5 f6 Qh5+ g6 Qe2 fxe5,10,
1307,1399,white,240+5,e4 e5 f4 d6 Nf3 Be7 h4 c5 fxe5 dxe5,10,
1589,1323,white,480+8,e4 e5 Nf3 d6 Bc4 f6 d4 exd4 Nxd4 Qe7,10,
1955,1965,black,60+0,d3 d5 c4 e6 cxd5 c6 dxe6 Bxe6 e4 Nf6,10,
1898,1930,white,60+0,d4 Nf6 Nf3 e6 c4 c5 d5 d6 Nc3 a5,10,
1647,1495,white,600+4,Nf3 Nf6 g3 d5 d4 Nc6 Bg2 Bf5 O-O Be4,10,
1897,1722,white,180+0,e4 d5 exd5 e6 dxe6 Bxe6 Nf3 Nf6 Nc3 Bb4,10,
1976,1944,black,60+0,e4 e5 Nf3 Nc6 Bc4 Bc5 O-O h6 c3 d6,10,
1919,1910,black,60+0,e4 c5 d4 cxd4 c3 dxc3 Nxc3 e6 Nf3 Nc6,10,
1494,1787,white,480+8,e4 c5 Nc3 e6 Nf3 a6 b3 Nc6 Bb2 Nge7,10,
1370,1625,black,420+7,e3 c5 a3 e6 d4 cxd4 Qxd4 Nc6 Qd1 Nf6,10,
1779,1800,white,1320+8,d4 Nf6 c4 g6 Nc3 d5 Nf3 Bg7 cxd5 Nxd5,10,
1343,1762,black,120+0,e4 c5 Nf3 d6 Nc3 Nf6 d4 cxd4 Nxd4 a6,10,
1921,1908,black,60+0,d4 Nf6 c4 d5 cxd5 Nxd5 e4 Nf6 Nc3 e6,10,
1699,1651,black,300+2,c4 e5 Nc3 c6 Nf3 Bd6 d3 Bc7 Bg5 Nf6,10,
1957,1963,black,60+0,d4 d6 c4 c6 Nc3 g6 Nf3 Bg7 Bg5 Nf6,10,
1500,1530,white,240+8,e4 e5 Nf3 d6 Bc4 Bg4 h3 Bxf3 Qxf3 Qf6,10,
1500,1500,black,120+0,e4 e5 Nf3 Nc6 Bc4 Nd4 h4 Ne6 Nxe5 Nf6,10,
2144,1951,white,180+0,Nf3 c5 g3 Nc6 Bg2 d5 O-O e5 d3 Bd6,10,
1605,1406,white,300+8,e4 e5 Bc4 Nf6 Nf3 Qe7 Nc3 Qc5 h3 c6,10,
1919,1910,white,60+0,d4 d5 c4 dxc4 Nc3 Nf6 e3 g6 Nf3 Bg7,10,
1731,1777,white,300+7,e4 e5 Nf3 Qf6 Bc4 Bc5 Nc3 c6 d3 h6,10,
1327,1812,black,300+0,e4 c5 d4 cxd4 Qxd4 Nc6 Qa4 Nf6 Bb5 e6,10,
1267,1253,black,120+0,e4 b6 d4 Bb7 d5 g6 Nc3 Bg7 Bf4 Nf6,10,
1595,1411,white,300+0,d4 e6 Nc3 d6 e4 Nd7 Nf3 c6 e5 Nh6,10,
1974,1946,black,60+0,d3 d5 e3 e5 c3 f5 d4 e4 f3 Nf6,10,
1249,1534,black,600+8,e4 e5 Qh5 Qf6 Nf3 Nc6 Bc4 g6 Qg5 Qxg5,10,
1538,1597,black,300+8,d4 Nf6 Nc3 d5 Bf4 Nc6 Nf3 a6 h3 e6,10,
1511,1535,black,480+0,d4 Nf6 c4 d6 Bg5 Ne4 Bh4 c6 a3 Qa5+,10,
1769,1613,black,240+0,Nf3 d5 d4 Nc6 Bf4 h6 Nc3 e6 Nb5 Bd6,10,
1800,1469,white,300+8,e4 e5 f4 exf4 Nf3 d5 exd5 Qxd5 Nc3 Qe6+,10,
1899,1929,white,60+0,c4 Nf6 d4 e6 Nc3 c5 d5 d6 e4 a6,10,
1530,1508,white,300+0,e4 b6 d4 Bb7 Nc3 e6 a3 Nf6 Bg5 h6,10,
1958,1962,white,60+0,d4 d6 c4 c6 Nc3 e5 Nf3 exd4 Qxd4 Nf6,10,
1396,1244,white,1740+30,d4 e6 c4 Bb4+ Bd2 a5 Bxb4 axb4 Qb3 Na6,10,
1511,1544,black,420+4,d4 e6 c4 Nf6 e3 d5 a3 Bd7 Bd3 dxc4,10,
1691,1470,white,180+3,d4 g6 Nf3 Bg7 c4 d6 Nc3 Nf6 Bg5 O-O,10,
1596,1516,white,300+8,d4 b6 e4 Bb7 Nc3 g6 Bf4 Bg7 Qd2 Nf6,10,
1271,1181,black,300+0,e4 e5 Nc3 Nc6 Bb5 Nge7 Nf3 h6 O-O d6,10,
1918,1911,black,60+0,e4 d5 exd5 Qxd5 Nc3 Qe6+ Be2 Nf6 Nf3 g6,10,
1781,1641,white,120+0,d4 Nf6 c4 e5 dxe5 Ng4 Bf4 Nc6 Nf3 Bb4+,10,
1886,1817,black,300+20,e4 Nc6 d4 e5 d5 Nb8 Nf3 Bd6 c4 Ne7,10,
1946,2152,white,180+0,d4 e6 c4 Nf6 Nc3 Bb4 Nf3 a5 Bg5 h6,10,
1395,1532,black,240+0,e4 c5 Bc4 Nc6 c3 e6 Nf3 d5 exd5 exd5,10,
1763,1577,white,1200+0,d4 d5 c4 c6 Bf4 e6 a3 Bd6 Bd2 Nf6,10,
1540,1501,white,420+4,Nc3 e5 e4 Bb4 Nf3 Bxc3 dxc3 d6 Bc4 Bg4,10,
1543,1633,black,300+2,e4 e5 Nf3 Bc5 Nc3 Nf6 d3 h6 Be2 O-O,10,
1951,1969,draw,60+0,e4 e5 f4 Nc6 Nf3 d6 fxe5 dxe5 Bb5 Bd6,10,
1672,1729,white,300+5,e4 e5 f4 Qh4+ g3 Qe7 fxe5 d6 Nf3 dxe5,10,
1649,1630,draw,420+16,d4 c5 d5 e6 e4 exd5 exd5 Nf6 c4 d6,10,
1814,1325,white,300+0,e4 d5 exd5 Qxd5 Nc3 Qe6+ Be2 Nc6 Nf3 h6,10,
1922,1907,white,60+0,e4 c5 Nf3 d6 c3 Nc6 d4 cxd4 cxd4 Nf6,10,
1477,1282,white,720+0,e4 d5 exd5 Qxd5 Nc3 Qd8 Nf3 Bg4 d4 Bxf3,10,
2128,1962,white,180+0,Nf3 Nf6 g3 g6 Bg2 Bg7 O-O O-O d3 e6,10,
1248,1489,black,180+5,e3 d5 Qf3 e5 e4 d4 c3 Nc6 Nh3 Nf6,10,
1806,1663,white,300+2,e4 e5 f4 exf4 Nf3 g5 d4 Bg7 Bc4 h6,10,
1816,1500,white,300+5,e4 d6 Nf3 g6 Bc4 Bg7 d4 e6 O-O Ne7,10,
1968,1952,black,60+0,d4 d6 c4 c5 Nc3 cxd4 Qxd4 Nf6 Nf3 g6,10,
1778,1519,white,600+8,d4 d5 c4 Nf6 cxd5 Nxd5 e4 Nb6 Nc3 Nc6,10,
1382,1415,white,480+0,e4 e5 Nf3 Nc6 Nc3 Bb4 Nd5 Bd6 Bb5 Nge7,10,
1866,1698,black,900+0,e4 e5 Nf3 Nc6 Bb5 Nf6 Nc3 d6 d4 Bd7,10,
1540,1442,black,300+0,e4 c6 Nf3 e6 Bc4 a6 d4 b5 Bb3 Bb7,10,
1511,1511,white,480+8,e4 d5 exd5 Qxd5 Nc3 Qa5 Bb5+ c6 Be2 g6,10,
1555,1668,black,900+0,e3 e5 Nf3 d6 Nc3 c6 d4 d5 Nxe5 Nd7,10,
1576,1528,black,420+4,e4 c5 Nf3 e6 Nc3 Nc6 d4 cxd4 Nxd4 Bc5,10,
1449,1473,black,1200+30,e4 Nf6 Nc3 e5 Nf3 d6,6,
1963,1957,draw,60+0,e3 e5 d4 e4 c4 c6 Nc3 d5 f3 Nf6,10,
1605,1522,draw,300+8,d4 d5 c4 dxc4 e3 Qd5 Nc3 Qc6 Nf3 Bg4,10,
1679,1787,white,600+0,e4 g6 f4 Bg7 Nf3 d6 d4 Nh6 c4 O-O,10,
1500,1465,black,300+0,e4 g6 d4 Bg7 Nf3 d6 Nc3 Nf6 Bg5 O-O,10,
2063,1914,white,240+0,d4 Nf6 c4 d6 Nc3 g6 b3 Bg7 Bb2 O-O,10,
1227,1256,white,300+0,e4 e5 Nf3 d6 Bc4 Bg4 h3 Bxf3 Qxf3 Qe7,10,
1957,1963,black,60+0,d4 d6 c4 c6 Nc3 e5 Nf3 exd4 Nxd4 g6,10,
1977,1636,white,480+2,e4 e6 d4 d5 Nc3 Nf6 Bg5 Be7 e5 Nfd7,10,
1243,1194,black,300+4,e3 Nf6 Qf3 d6 Nh3 c6 Bc4 d5 Bd3 Bg4,10,
1662,1630,white,120+0,d4 e5 dxe5 Bc5 Nf3 d6 exd6 cxd6 c3 Qf6,10,
1616,1002,white,300+3,d4 h5 h3 g5 Bxg5 f6 Bd2 e5 dxe5 fxe5,10,
1432,1821,white,300+5,e3 c5 d3 Nc6 g3 g6 Bg2 Bg7 Ne2 Nf6,10,
1243,1049,black,900+8,e4 d5 d3 e6 e5 d4 Nf3 Bb4+ c3 Be7,10,
1642,1535,white,300+2,e4 e5 d4 exd4 Qxd4 Nc6 Qd1 d6 Nf3 Nf6,10,
1974,1946,white,60+0,d4 d5 c4 c6 Nc3 Nf6 cxd5 cxd5 Bg5 e6,10,
1526,1530,white,300+8,d4 d5 Bf4 Nc6 e3 Nf6 c3 g6 Bd3 Nh5,10,
1488,1744,black,600+6,e4 e5 Nf3 Nc6 Bc4 h6 d4 exd4 Nxd4 Ne5,10,
1624,1547,black,480+10,d4 e6 c4 Nf6 Nc3 b6 Bf4 Bb7 Nb5 Bb4+,10,
1328,1571,black,1200+0,d4 d5 f3 e6 b3 Nf6 c3 Be7 e3 c6,10,
1319,1593,black,480+8,d4 Nf6 d5 b6 Nc3 Bb7 e4 c6 Nf3 g6,10,
1483,1611,black,1200+30,e4 c5 Bc4 e6 d3 Nc6 Nc3 a6 Nf3 Qc7,10,
1493,1271,black,180+5,d4 d5 Nf3 e6 Bf4 Nf6 Nc3 Nc6 e3 Bb4,10,
1414,1500,white,1200+0,e4 d5 exd5 Qxd5 Nc3 Qf5 Nf3 a6 d4 e6,10,
2071,2137,black,240+0,d4 Nf6 c4 e6 Nc3 Bb4 Bd2 b6 a3 Bxc3,10,
1627,1813,black,180+2,e4 d5 exd5 c6 dxc6 e5 cxb7 Bxb7 Nc3 Bc5,10,
1575,1769,black,600+6,e4 e5 Nf3 Bc5 Nxe5 Qe7 d4 Bb6 Nc3 d6,10,
1473,1374,white,180+1,d3 e5 e4 d5 exd5 Qxd5 Nc3 Qd4 Nf3 Qd6,10,
1271,1308,white,300+5,d4 Nf6 b3 e6 f3 g6 Nh3 c5 Bb2 Nc6,10,
1936,1984,white,60+0,d4 c6 c4 d5 Nc3 dxc4 Nf3 e6 a4 Nf6,10,
1526,1281,white,300+0,e4 e5 Nf3 Nc6 Bb5 Nge7 d4 d6 d5 Bg4,10,
1870,1483,white,300+20,e4 c6 d4 d5 Nc3 dxe4 Nxe4 Bf5 Ng3 Bg6,10,
1515,1748,black,480+0,e4 e5 Nc3 Nc6 Bc4 Nf6 Qf3 Nd4 Qd1 c6,10,
1387,1573,black,180+0,e4 c6 Bc4 d5 exd5 cxd5 Bb3 a6 c3 Bf5,10,
1784,1516,white,120+0,e4 c5 Nc3 e6 Nf3 Nc6 d4 Nf6 d5 exd5,10,
1706,1500,white,480+5,d4 g6 h3 Bg7 Nf3 Nc6 c3 d6 a3 Nf6,10,
1971,1949,draw,60+0,e3 e5 d4 d5 dxe5 Nc6 c4 dxc4 Qxd8+ Kxd8,10,
1531,1201,white,300+0,e4 e5 Nf3 Bc5 Bc4 c6 d3 d5 Bb3 dxe4,10,
1547,1518,white,600+0,e4 g6 Nf3 Bg7 d4 d6 d5 c6 dxc6 Nxc6,10,
1413,1409,draw,480+0,e4 e6 Nf3 a5 Nc3 c5 a4 Nc6 Bb5 e5,10,
1846,1842,white,420+0,e4 c6 f4 d5 e5 e6 Nf3 Nd7 c4 c5,10,
1832,1507,white,120+0,e4 e6 Nc3 Bc5 d4 Bb6 Nf3 a6 Bd3 h6,10,
1692,1655,white,300+0,e4 e5 Nf3 d6 d4 Nd7 dxe5 dxe5 Bb5 c6,10,
1648,1541,white,420+16,d4 e6 e4 Nc6 Nf3 Nf6 Nc3 Bb4 Bd3 d5,10,
1949,1971,black,60+0,d4 c5 c4 cxd4 Qd3 e5 e4 Nf6 Nf3 d6,10,
1630,1676,white,900+0,e4 e5 Nf3 d6 d4 Nc6 d5 Nce7 Nc3 c6,10,
1233,1249,white,600+8,e4 e5 Qh5 Nc6 Bc4 Nh6 d3 g6 Qf3 Bg7,10,
1778,1731,white,300+5,e4 e5 Nf3 Nc6 Bb5 d6 d4 Bd7 O-O exd4,10,
1903,1956,white,180+0,e4 c5 Nc3 Nc6 g3 d6 d3 g6 Be3 Bg7,10,
1981,1939,draw,60+0,d4 d5 e4 dxe4 f3 exf3 Nxf3 Nf6 Bc4 Nc6,10,
1534,1370,black,300+0,e4 e6 Nf3 d5 exd5 Qxd5 Nc3 Qd8 d4 Bb4,10,
1473,1334,white,300+0,e4 d5 exd5 Qxd5 Nc3 Qa5 d4 e6 Nf3 Bb4,10,
1500,1697,black,600+3,d4 d5 c4 c6 e3 e6 f4 Nf6 Bd3 Be7,10,
1343,1342,black,360+8,e4 e5 Nf3 d6 Nc3 c6 Be2 d5 d3 d4,10,
1525,1691,white,300+8,e4 e5 Nf3 d6 Bc4 Be7 Nc3 Nf6 d3 O-O,10,
1330,1694,black,600+0,d4 d5 Nc3 Nf6 f4 Bf5 Nf3 Nc6 e3 Nb4,10,
1863,1510,white,120+0,d4 d5 Bg5 e6 Bxd8,5,
1636,1629,black,240+0,c4 c6 Nc3 e6 d4 d5 e3 Nf6 Nf3 h6,10,
1783,1519,white,600+8,d4 d5 c4 dxc4 Nc3 e6 e4 c5 d5 exd5,10,
1600,1791,white,600+8,e4 Nc6 Bc4 e5 c3 Qg5 Qf3 Nf6 Nh3 Qg6,10,
1940,1980,white,60+0,d4 c6 c4 d5 Nc3 e6 cxd5 exd5 Nf3 Bd6,10,
1352,1579,white,300+0,e4 c6 d4 d5 e5 Bf5 Bd3 Bxd3 Qxd3 e6,10,
1510,1525,black,480+0,e4 e5 Nc3 d6 Bc4 Nf6 d3 h6 Nd5 Nxd5,10,
1798,1768,white,300+5,e4 c6 Nf3 e5 Nxe5 Bc5 Nf3 d5 d4 dxe4,10,
1454,1303,white,300+8,e4 Nf6 Bc4 e6 e5 Ng8 d4 Nc6 d5 Na5,10,
1551,1564,white,420+4,d4 e6 c4 d6 e4 Nd7 Nf3 c6 Nc3 Be7,10,
1543,1417,black,300+8,d4 c5 Nf3 cxd4 Nxd4 e6 a3 Qf6 Be3 Be7,10,
1517,1574,black,300+0,e4 e5 Nf3 Nc6 Bc4 Nf6 d3 d5 exd5 Nxd5,10,
1381,1476,black,240+0,e4 e5 Nf3 Nc6 Bb5 Nf6 d3 d6 h3 Bd7,10,
1630,1218,white,300+3,d4 d5 e3 Bf5 Nf3 g6 a3 Bg7 Be2 Nf6,10,
1754,1829,white,180+0,g3 c5 Bg2 Nc6 b3 d5 Bb2 e5 h3 Nf6,10,
1968,1952,white,60+0,c4 e5 Nc3 Bc5 d3 d6 e3 Nc6 g3 a6,10,
1492,1527,black,300+2,e4 e5 f4 Nc6 Nf3 d6 Bb5 Bg4 Nc3 Nf6,10,
1774,1579,white,1320+8,e4 e5 d4 exd4 Nf3 c5 Bc4 d5 Bxd5 Bg4,10,
1359,1296,black,300+5,d4 Nf6 e3 d5 f3 c5 b3 cxd4 Bb2 dxe3,10,
1130,1390,white,300+3,d4 e6 e4 d5 e5 a5 c3 c6 a4 h5,10,
1496,1856,white,420+0,d4 Nf6 c4 b6 Nc3 Bb7 Nf3 e6 h3 d6,10,
1655,1811,black,300+5,e3 Nf6 d3 g6 Nc3 Bg7 Bd2 O-O g3 d6,10,
1526,1440,white,720+1,f4 d5 Nf3 Nf6 b3 d4 Bb2 c5 c3 Nc6,10,
1753,1470,black,360+8,e4 e5 Nf3 Nc6 Bb5 Nf6 Bxc6 dxc6 d3 Bc5,10,
1609,1510,black,60+0,e4 e6 f4 c5 Nf3 Nc6 d3 Nf6 Be3 d5,10,
1581,1225,white,600+15,e4 e5 Nf3 Nc6 Bb5 a6 Bxc6 bxc6 Nxe5 Qe7,10,
1646,1702,black,300+0,e4 e5 d3 Nc6 h3 Bc5 Nf3 Qf6 Be2 h6,10,
1942,1978,white,60+0,d4 d5 c4 c6 Nc3 g6 Nf3 Bg7 Bg5 Bg4,10,
1515,1788,black,600+8,d4 d5 e3 Nf6 Nf3 e6 a3 c5 Ne5 cxd4,10,
1508,1412,white,480+0,e4 e5 Nf3 Nc6 Bc4 Nf6 Nc3 Bb4 Ng5 d5,10,
1641,1625,white,240+0,e4 e5 Nf3 Nc6 Bb5 a6 Bxc6 dxc6 Nxe5 Qg5,10,
1663,1643,black,900+0,e4 c5 c4 e6 d3 d5 exd5 exd5 Qe2+ Be7,10,
1372,1557,black,180+0,e4 e6 Nf3 c5 Bc4 Nc6 c3 Nf6 d3 d5,10,
1966,1954,white,60+0,d4 d5 e4 dxe4 f3 exf3 Nxf3 Nf6 Bc4 Bg4,10,
1423,1277,white,1200+0,d4 h6 e4 d5 e5 Bf5 Nf3 a6 Nbd2 e6,10,
1481,1618,black,540+10,e4 c5 Nf3 Nc6 d4 cxd4 Nxd4 e6 Be3 Qc7,10,
1913,1830,black,480+2,e4 e5 Nf3 Nf6 Nxe5 Qe7 d4 d6 Nf3 Qxe4+,10,
1365,1400,black,480+0,e3 e5 Qf3 d5 c4 e4 Qf4 Bd6 Qxd6 Qxd6,10,
1277,1524,black,1200+0,d4 d5 e3 Nf6 c3 Bf5 Qb3 b6 Qb5+ c6,10,
1944,1976,white,60+0,e4 e5 g3 d6 Bg2 Be7 b3 Nf6 Bb2 O-O,10,
1275,1703,white,180+3,e4 e6 d4 d5 Nc3 Bb4 Bb5+ c6 Bd3 Nf6,10,
1916,1836,black,180+0,e4 c5 Nc3 d6 g3 Nf6 d3 g6 Be3 Bg7,10,
1499,1734,white,480+0,e4 e5 Nc3 Nc6 Bc4 Bb4 Nd5 Bc5 c3 Nge7,10,
1484,1311,white,180+5,d4 g6 e4 Bg7 e5 d6 Nf3 dxe5 dxe5 Qxd1+,10,
1656,1702,white,420+16,d4 d5 c4 c6 cxd5 cxd5 Nc3 e6 a3 Nf6,10,
1822,1574,white,300+8,e4 b6 Nc3 Bb7 d4 e6 Nf3 Bb4 Bd3 Nf6,10,
1600,1555,black,300+0,e4 g6 d4 Bg7 Nf3 e6 Nc3 Nc6 Be2 Nge7,10,
1415,1500,draw,360+7,d4 e6 d5 Bc5 dxe6 fxe6 e3 Nf6 e4 Nxe4,10,
1366,1562,black,240+0,e4 c5 Bc4 d6 h3 e6 c3 Nf6 d3 a6,10,
1902,1944,black,180+0,e4 e5 Nc3 Nf6 Nf3 Nc6 d4 exd4 Nxd4 Nxd4,10,
1401,1318,white,300+0,e4 e6 d4 Qh4 Nc3 d5 Nf3 Qxe4+ Nxe4 dxe4,10,
1614,1652,black,240+0,c4 c5 Nc3 Nc6 g3 Nf6 Bg2 e6 e3 Be7,10,
1717,2149,black,180+0,e3 e6 g3 d6 Bg2 c6 Nf3 b6 O-O Bb7,10,
2152,1715,white,180+0,Nf3 e6 g3 b6 Bg2 g6 O-O Bg7 d3 Nc6,10,
1573,1780,black,1320+8,e4 g6 d3 Bg7 c3 d6 h3 Nf6 Nf3 O-O,10,
1521,1467,white,300+8,d4 d6 e4 e5 d5 Bd7 h3 h6 Nf3 Nf6,10,
1897,1933,white,60+0,e4 e6 d4 d5 Nc3 c5 Nf3 cxd4 Nxd4 Nc6,10,
1910,1953,black,180+0,e4 c5 Nf3 Nc6 Nc3 g6 d4 cxd4 Nxd4 Bg7,10,
1412,1406,black,300+0,e4 e6 d4 d6 Nc3 c6 Be2 Nd7 Nf3 Be7,10,
1517,1542,white,480+0,e4 e5 Nc3 Nc6 Bc4 Nf6 f3 Bc5 a3 d6,10,
1873,1685,black,300+20,e4 e5 Nf3 d6 d4 f6 Be2 Bg4 dxe5 fxe5,10,
1241,1460,black,300+8,Nf3 Nc6 g3 e5 b3 Bc5 Bb2 Qf6 d4 exd4,10,
1821,1598,white,300+5,e4 g6 Nf3 Bg7 Bc4 e6 O-O Ne7 c3 O-O,10,
1662,1604,white,240+0,e4 c5 Nf3 Nc6 Bc4 e6 d3 d6 a3 Nf6,10,
1448,1481,black,300+0,Nf3 g6 e3 Bg7 d4 d6 Nbd2 Nf6 c4 c5,10,
1644,2156,black,120+0,e3 c6 g3 d5 Bg2 g6 Ne2 Bg7 O-O Nf6,10,
1430,1575,white,1200+0,d4 d5 Nf3 Nf6 h3 h6 e3 e6 Nbd2 a6,10,
1822,1465,white,420+8,e4 e5 Nf3 Bc5 Nxe5 Qh4 d4 Qxe4+ Be3 Bb6,10,
1892,1792,white,180+0,e4 e6 d4 d5 exd5 exd5 Bd3 c6 Ne2 Nf6,10,
1888,1503,white,120+0,e4 e6 Nf3 d5 e5 c5 c3 Nc6 d4 Qb6,10,
1366,1417,white,420+7,e3 d5 a3 Bf5 b4 e6 Bb2 Nf6 d3 c5,10,
1584,1537,white,300+2,e4 e5 Nf3 Nf6 Nxe5 Qe7 d4 d6 Nf3 Nxe4,10,
1587,1563,black,300+0,e4 e5 Nf3 Nc6 Bc4 d6 h3 h6 d3 Nf6,10,
1963,1901,white,180+0,d4 d5 c4 dxc4 Nc3 Nf6 Nf3 e6 Bg5 Be7,10,
1172,1547,black,180+8,d3 c5 d4 d6 dxc5 Qa5+ Qd2 Qxc5 e3 Nf6,10,
1921,1909,black,60+0,d4 Nf6 Nf3 g6 Bf4 Bg7 e3 d5 Bd3 c5,10,
1919,1909,black,60+0,e4 e6 d4 d5 Nc3 dxe4 Nxe4 Nf6 Bg5 Be7,10,
1438,1372,white,300+0,Nf3 e6 e3 Bc5 d4 Bb6 c4 Ne7 Bd2 a6,10,
1642,1581,white,120+0,e3 e6 g3 d5 Bg2 Nf6 Ne2 Bd6 O-O O-O,10,
1626,1500,white,360+10,e4 e5 Bc4 Qf6 Nf3 Bc5 O-O Nh6 h3 d6,10,
1563,1711,black,300+0,e4 e5 Nf3 Qf6 d4 exd4 Bg5 Qe6 Nxd4 Qxe4+,10,
1646,1524,white,300+8,e4 e5 Nc3 Nf6 Nf3 d6 h3 g6 Bc4 Bg7,10,
1416,1397,black,300+0,d3 g6 e4 Bg7 Nf3 d6 d4 e6 d5 e5,10,
1614,2158,black,120+0,e4 c6 d4 d5 Nc3 g6 Nf3 Bg7 Bd3 Bg4,10,
1490,1628,black,180+5,d4 d5 Nf3 f6 Bf4 Nc6 Nc3 e6 e3 Bd6,10,
1571,1497,black,360+7,d4 g6 e4 Bg7 Nf3 Nf6 Bd3 O-O O-O d5,10,
1360,1686,black,240+0,e4 e5 Nf3 Nf6 Nxe5 Qe7 Nf3 Nxe4 Be2 f5,10,
1652,1777,white,120+0,e3 d5 g3 e5 Bg2 Be6 b3 Nf6 Bb2 Be7,10,
1202,1559,black,1800+30,d4 e6 Bf4 Nf6 h4 Nc6 e3 b6 Qf3 Bb7,10,
1500,1906,black,120+0,e4 e5 Nf3 Nc6 Bb5 Nd4 Nxd4 exd4 O-O Qg5,10,
1921,1909,white,60+0,d4 Nf6 Nf3 g6 g3 Bg7 Bg2 O-O O-O d5,10,
1595,1672,black,240+0,c4 e5 Nc3 Nf6 e3 Be7 d4 O-O dxe5 Ne8,10,
1476,1411,black,-,e4 e5 Nf3 Nc6 Bc4 Bc5 c3 d5 Bxd5 Bg4,10,
1462,1825,black,420+8,e4 c5 d4 cxd4 c3 dxc3 Bc4 e6 Nf3 cxb2,10,
1900,1877,white,180+0,e4 c5 Nc3 d6 g3 g6 d3 Bg7 Be3 Nf6,10,
1655,1424,white,180+3,d4 d5 c4 dxc4 Nf3 Nc6 Nc3 e5 d5 Nb4,10,
1899,1931,black,60+0,e4 e6 d4 d5 e5 c5 c3 cxd4 cxd4 Nc6,10,
1898,1500,white,480+2,e4 e5 Nf3 Nc6 Bb5 Nf6 O-O a6 Bxc6 dxc6,10,
1792,1511,white,600+8,d4 d5 c4 e6 Nc3 Bb4 Qc2 dxc4 e4 Qxd4,10,
2159,1613,white,120+0,d4 d5 Nf3 f6 Nh4 Nc6 e4 e5 Qh5+ Ke7,10,
1652,1710,white,60+1,d4 a6 e3 d5 Nf3 e6 Be2 c5 dxc5 Bxc5,10,
1543,1922,black,120+0,e4 d5 exd5 Qxd5 Nc3 Qd8 Nf3 c6 d3 Bg4,10,
1827,1701,white,300+8,e4 e5 Nf3 Nc6 Bc4 d6 d4 exd4 Nxd4 Nxd4,10,
1538,1415,white,300+8,d4 e5 dxe5 Bc5 Nf3 d6 exd6 cxd6 Bf4 Nf6,10,
1892,1972,draw,180+0,e4 c5 Nf3 Nc6 Nc3 g6 Bb5 Bg7 O-O d6,10,
1562,1829,black,300+5,e3 g6 d4 Bg7 b3 Nf6 Bb2 O-O c4 d5,10,
1676,1507,black,420+10,e4 d5 Qf3 d4 Bc4 Nf6 e5 Bg4 Qxb7 Bd7,10,
1941,1889,black,60+0,c4 Nf6 e3 e5 Nc3 d5 cxd5 Nxd5 Qb3 Be6,10,
1647,1763,black,180+1,d4 Nf6 c4 e6 Nc3 Bb4 Bd2 d5 cxd5 Nxd5,10,
1535,1549,white,720+1,d4 d5 c4 dxc4 e3 b5 Nc3 Ba6 Qf3 Nd7,10,
1712,1667,white,120+0,d4 e6 c4 b6 e4 Bb7 Bd3 g6 Ne2 Bg7,10,
1305,1541,black,300+3,e4 c5 Bc4 Nc6 Nf3 e6 d4 d5 exd5 exd5,10,
1802,1731,white,60+0,d3 d5 e4 dxe4 dxe4 Qxd1+ Kxd1 e5 Bg5 h6,10,
1357,1689,black,240+0,e4 e6 d4 Bb4+ Bd2 Bxd2+ Nxd2 Qh4 Ngf3 Qg4,10,
2100,1498,white,120+0,d4 Nf6 c4 e5 dxe5 Ng4 e3 Nxe5 Nc3 c6,10,
1612,2160,black,120+0,e4 e6 d4 b6 c4 Bb7 Nc3 Bb4 Bd3 f5,10,
1482,1009,white,360+0,e4 e5 f4 d6 Bc4 a6 fxe5 dxe5 Nf3 f6,10,
1657,1749,black,120+0,e3 d5 g3 e5 Bg2 Be6 Ne2 Nf6 O-O Bd6,10,
1530,1523,white,480+0,e4 e5 Nc3 Nf6 Bc4 c6 f3 d5 exd5 cxd5,10,
1901,1929,black,60+0,e4 e6 d3 d5 exd5 exd5 Nd2 c5 Ngf3 Nc6,10,
1576,1562,black,300+0,e4 c6 Nf3 d5 exd5 cxd5 d4 a6 Nc3 Bf5,10,
1854,1500,white,300+20,e4 e5 Nf3 Nc6 Bc4 Nf6 Ng5 d5 exd5 Nxd5,10,
1739,1938,black,120+0,e4 d5 Nc3 dxe4 Nxe4 Nf6 Ng3 Nc6 Nf3 Bg4,10,
1510,1548,white,360+7,g3 g6 Nc3 Bg7 Ne4 e5 Bg2 d5 Nc5 Nf6,10,
1718,1556,white,300+0,e4 e5 Nf3 Nc6 b3 Nf6 Bb2 Bc5 Qe2 O-O,10,
1533,1528,white,300+2,e4 e5 Bc4 Nf6 d3 Be7 h3 O-O Nf3 Nc6,10,
1778,1648,white,120+0,d4 e6 e4 d5 e5 c5 c3 cxd4 Nf3 dxc3,10,
1541,1511,white,480+0,e4 e5 Nc3 Nf6 f3 d5 d3 dxe4 Nxe4 Nxe4,10,
1497,2101,white,120+0,e4 c5 Nf3 Nc6 d4 cxd4 Nxd4 e5 Nb3 d6,10,
1938,1892,white,60+0,d4 Nf6 c4 e6 Nc3 c5 d5 d6 e4 a6,10,
1835,1673,white,300+8,e4 e5 Nf3 Nc6 Bc4 h6 d4 exd4 Nxd4 Nf6,10,
1403,1362,draw,1740+30,d4 e6 c4 Bb4+ Bd2 Bxd2+ Qxd2 b6 e4 Bb7,10,
1625,1483,black,180+5,e4 e5 Nf3 Nc6 g3 Nf6 d3 Bc5 Bg2 Ng4,10,
1716,1500,draw,300+7,e4 c6 Bc4 d5 exd5 cxd5 Bb5+ Bd7 Bxd7+ Nxd7,10,
1828,1706,black,180+0,d4 d5 c4 e6 Nf3 Bb4+ Bd2 Bxd2+ Qxd2 dxc4,10,
1622,1819,black,120+0,e4 d5 exd5 e6 Nc3 exd5 d4 Bb4 Bd2 h6,10,
1971,1811,white,120+0,d4 e6 Nf3 d5 g3 c5 Bg2 cxd4 Nxd4 Nc6,10,
1350,1611,black,120+0,e4 d5 Nf3 dxe4 Nh4 f5 Qe2 Nf6 d3 exd3,10,
1529,1431,white,1200+0,e4 d5 f3 e6 d4 Nc6 e5 Be7 g3 Bg5,10,
1487,1560,white,1200+0,c4 c5 Nc3 e6 g3 d5 cxd5 exd5 Bg2 d4,10,
1883,1948,white,60+0,e4 d5 exd5 Qxd5 Nc3 Qe6+ Be2 Nf6 Nf3 g6,10,
1675,1680,white,240+0,d4 d5 c4 e6 Nc3 Nf6 e3 Be7 Nf3 O-O,10,
1502,1562,white,480+0,d4 Nf6 c4 e6 Bg5 b6 e4 Bb7 e5 h6,10,
1641,1732,black,120+0,e3 e5 g3 d5 b3 c5 Bb2 Nc6 Ne2 Nf6,10,
1805,1816,black,120+0,e4 e6 d4 d5 exd5 exd5 c4 Bb4+ Nc3 Ne7,10,
1824,2067,white,120+0,e4 c5 Nf3 Nc6 Bb5 d6 c3 Bg4 d4 cxd4,10,
2005,1521,white,120+0,Nf3 Nf6 d4 e6 g3 Be7 Bg2 O-O c3 c6,10,
1835,1595,white,300+5,e4 c6 Nc3 d5 exd5 cxd5 Nf3 Nf6 Be2 Nc6,10,
1508,1326,white,300+0,e4 d5 Nf3 dxe4 Ng5 f5 Bc4 e6 Qh5+ g6,10,
1901,1642,white,480+2,e4 e5 Nf3 Nc6 Bb5 Bc5 O-O Nd4 Nxd4 Bxd4,10,
1321,1665,black,180+3,e4 e6 d4 d5 e5 c5 c3 Nc6 Be3 Nge7,10,
1756,1504,white,60+0,e4 e5 Nf3 Nc6 Nc3 Bc5 Bc4 Qf6 d3 g5,10,
1886,1945,black,60+0,e4 d5 exd5 Qxd5 Nc3 Qe6+ Be2 Nf6 Nf3 g6,10,
1125,1287,black,300+5,c4 e5 e4 Bc5 d3 Nf6 Be3 Na6 Nc3 d6,10,
1935,1895,white,60+0,d4 Nf6 Nf3 e6 g3 c5 dxc5 Bxc5 e3 O-O,10,
1615,1651,white,900+0,e4 e5 Nf3 d6 Bc4 c5 a3 Be7 Nc3 Na6,10,
1955,2025,white,300+28,e4 e5 d4 exd4 Nf3 Nc6 Bc4 Nf6 e5 d5,10,
1665,1721,black,60+1,d4 d5 e3 Nf6 Nf3 c6 Be2 Bg4 O-O Nbd7,10,
1632,1520,black,120+0,e4 e6 d4 d5 exd5 exd5 Nc3 Nf6 a3 Be7,10,
1509,1507,white,120+0,e4 e5 Nf3 Nc6 d4 Nxd4 Nxd4 exd4 Qxd4 d6,10,
1535,1733,white,180+0,e3 e5 d3 d5 g3 f5 Bg2 c5 Ne2 e4,10,
1828,1324,black,420+8,e4 e5 Nf3 f6 Nxe5 h5 Ng6 Rh6 Nxf8 Kxf8,10,
2038,1842,white,120+0,d4 d5 c4 dxc4 Nc3 c5 e3 cxd4 exd4 e5,10,
1331,1424,white,360+8,e4 b6 d4 Ba6 Bxa6 Nxa6 e5 e6 Nf3 Qe7,10,
1975,1500,white,60+0,d4 d6 Bf4 e6 e3 g6 Nf3 Bg7 e4 Ne7,10,1829.62
1841,1528,white,300+8,e4 c5 Nf3 Nc6 d4 cxd4 Nxd4 e6 Nc3 Bb4,10,
1551,1488,white,480+0,e4 e5 Nc3 Nf6 Bc4 Bc5 f3 Nc6 a3 O-O,10,
1953,1877,draw,60+0,c4 Nf6 Nf3 e6 e3 d5 cxd5 exd5 Bb5+ c6,10,
1655,1760,white,60+1,d4 d5 e3 Nf6 Nf3 Bg4 g3 Nc6 Be2 e5,10,
1694,1635,black,300+0,e4 d5 exd5 Qxd5 d4 Nc6 Nf3 Bg4 Be2 Nf6,10,
1755,1690,white,900+0,e4 e5 Bc4 Nf6 d3 Be7 h3 d5 exd5 Nxd5,10,
1523,1630,black,420+10,d4 d5 e3 c6 a4 e6 a5 Bb4+ c3 Bxa5,10,
1766,1770,white,180+0,d4 d5 c4 e6 Nf3 Nf6 Nc3 Be7 Bg5 c6,10,
1546,1363,black,1200+10,d4 e6 e4 Bb4+ c3 Bf8 f4 b6 Nf3 Bb7,10,
1462,1540,black,120+0,d4 d5 c4 c6 Nf3 Bf5 g3 e6 Bg2 Nf6,10,
1590,1842,black,300+5,d4 d6 c4 g6 Bf4 Nf6 Nf3 Bg7 Nbd2 O-O,10,
1745,1670,draw,60+1,e4 d5 exd5 Qxd5 Nc3 Qd7 Nf3 Qd8 Bb5+ Bd7,10,
1617,1536,white,120+0,e3 Nf6 g3 e5 Bg2 d5 d4 e4 Ne2 Bd6,10,
1401,1204,white,1740+30,d4 d5 c4 e6 a3 Nc6 Nc3 Nf6 h3 Bd6,10,
1527,1545,black,300+8,e4 e6 Nf3 d5 exd5 exd5 Nc3 Nf6 d4 Be7,10,
1718,1631,black,180+0,e4 d6 f4 e6 d4 c6 e5 Bd7 exd6 Bxd6,10,
1634,1411,black,300+8,c4 e5 Nc3 f5 Nf3 e4 Ng1 Bc5 e3 c6,10,
1409,1346,black,360+8,e4 e5 Nf3 d6 Bb5+ Bd7 Bxd7+ Qxd7 d3 h6,10,
1932,1546,white,1200+0,d4 d5 c4 c6 cxd5 cxd5 Nf3 e6 Nc3 Nf6,10,
1562,1451,white,120+0,e4 e6 Nf3 d5 exd5 exd5 d4 Nf6 c4 Bb4+,10,
1648,1680,white,300+0,e4 d5 exd5 e5 c4 Nf6 d4 exd4 Qxd4 Nc6,10,
1517,1671,black,300+0,e3 e5 c3 d5 g3 Nf6 b3 Nc6 Bb2 Bg4,10,
1429,1616,white,300+8,e4 e6 e5 d5 f4 c5 Nf3 Nc6 c3 Qb6,10,
1522,1501,white,360+7,g3 e5 Bg2 d5 c4 c6 Nc3 Bc5 cxd5 Qf6,10,
1514,1300,white,300+0,e4 g6 d4 Bg7 Nf3 d6 h3 Nf6 Nc3 O-O,10,
1698,1629,white,300+0,e3 d5 d3 e5 g3 Bf5 Bg2 Nf6 Ne2 Nc6,10,
1499,1467,white,60+0,e3 e6 g3 d5 Bg2 c5 c4 Nc6 cxd5 exd5,10,71.36
1654,1680,black,300+8,e4 b6 d4 Bb7 d5 g6 Nc3 Bg7 Nce2 d6,10,
1560,1632,black,480+0,e4 c5 Nc3 e6 Bc4 Nc6 d3 a6 a3 Qc7,10,
1538,1331,white,180+3,e4 e5 d3 Nf6 Nf3 Nc6 Be2 Bc5 c3 d5,10,
1548,1515,black,480+0,e3 e5 Nf3 d6 Bc4 h6 Nc3 c6 d4 d5,10,
1526,1626,black,120+0,e4 e6 Nf3 d5 e5 a6 d4 b5 c3 Bb7,10,
1241,1500,black,600+10,d4 Nf6 f3 e6 e4 Bb4+ c3 Ba5 b4 Bb6,10,
1419,1487,black,180+3,e4 b6 d4 Bb7 Nc3 e6 Nf3 Bb4 a3 Bxc3+,10,
1382,1499,white,900+3,e4 e5 Nf3 Nf6 Nc3 d6 Bc4 h6 d4 Nc6,10,
1519,1370,white,300+0,e4 Nf6 Nc3 d5 e5 Ng4 h3 Nxe5 d4 Nc4,10,
1801,1581,black,120+0,d4 Nf6 c4 e5 dxe5 Ng4 Bf4 Nc6 Nf3 Bb4+,10,
1551,1713,black,480+0,e4 e5 Nc3 Nc6 Bc4 Nf6 f3 Bc5 a3 Bxg1,10,
1849,1190,white,300+5,e4 e5 Nf3 Nc6 Bb5 Bc5 O-O Nf6 Re1 O-O,10,
1404,1407,black,1740+30,d4 d5 Bf4 h6 Nf3 e6 e3 Bd6 Bxd6 Qxd6,10,
1571,1871,black,0+1,c4 Nf6 Nc3 e6 Nf3 d6 e3 d5 d4 dxc4,10,
1706,1671,black,240+0,e4 c5 c3 Nc6 d4 cxd4 cxd4 e5 d5 Nd4,10,
1642,1959,black,600+0,e4 c5 Nf3 e6 d4 cxd4 Nxd4 a6 Nc3 d6,10,
1678,1503,black,300+0,e4 e6 d4 b6 Nf3 Bb7 Nc3 Qe7 Bd3 g6,10,
1634,1517,white,120+0,e3 Nf6 d4 e6 g3 Be7 Bg2 O-O Nf3 c6,10,
1661,1724,white,300+0,e4 e5 f4 exf4 Nf3 Qe7 Nc3 c6 d4 g5,10,
1672,1579,white,60+1,d4 d5 e3 Nc6 Nf3 Bf5 Be2 Nf6 b3 e6,10,
1667,858,white,300+0,e4 d5 exd5 Qxd5 d4 Qe6+ Be3 Qb6 b3 Qa5+,10,
1668,1450,black,420+16,d4 d5 c4 dxc4 e3 Nc6 Bxc4 e5 d5 Nb4,10,
1811,1641,black,300+8,e4 c5 b4 e6 bxc5 Bxc5 d4 Bb6 Nf3 d6,10,
1537,1661,black,300+0,e3 e5 d4 d5 Ne2 Nc6 b3 Bf5 h3 Nf6,10,
1491,1692,white,300+0,e4 e6 Nf3 d5 exd5 exd5 Be2 Nf6 O-O Bc5,10,
1651,1515,white,420+10,d4 d5 c4 c6 e3 Nf6 Nc3 Qa5 Bd2 dxc4,10,
1672,1725,black,180+3,d4 Nf6 Nf3 g6 c4 Bg7 Nc3 O-O Bg5 d6,10,
1804,1897,white,180+3,d4 Nf6 c4 g6 Nc3 d5 Qb3 dxc4 Qxc4 Bg7,10,
1347,1584,black,480+13,e4 e6 e5 d5 exd6 c5 c4 Bxd6 a3 Nf6,10,
1922,1874,black,60+0,e4 Nf6 Nc3 e5 Nf3 Nc6 Bc4 Bc5 O-O O-O,10,
1620,1737,white,300+0,c4 d6 b3 e6 Bb2 c5 e3 a6 Nf3 Bd7,10,
1535,1543,white,1200+0,e3 d5 Nf3 Bg4 b3 e6 Bb2 Nf6 c4 c6,10,
2012,1510,white,120+0,d4 e6 Nf3 Bb4+ c3 Be7 e4 h6 e5 Bg5,10,
1896,1698,white,180+0,e4 e5 Nf3 d6 Bc4 Nf6 d3 Be7 h3 O-O,10,
1348,1509,black,300+0,Nc3 g6 e4 Bg7 Nf3 d6 d4 Nf6 d5 O-O,10,
1545,1434,white,600+10,e4 e5 Nf3 d6 Bc4 h6 c3 c6 Qb3 Qf6,10,
1680,1569,white,60+1,d4 d5 e3 Nc6 g3 Bf5 Be2 g6 Bd3 Bxd3,10,
1360,1301,white,360+8,e4 e5 Nf3 Nc6 c3 Nf6 d3 Bc5 Be2 O-O,10,
1619,1642,black,120+0,e4 e6 Nf3 b6 d4 Bb7 Bd3 h6 O-O g6,10,
1371,1544,black,300+2,e4 e5 Nf3 d6 Nc3 c6 Bc4 h6 b4 a6,10,
1320,1669,black,300+0,g3 e5 Bg2 d5 d4 e4 f3 exf3 Nxf3 Nf6,10,
1438,1295,white,420+1,e4 g6 Nf3 Bg7 Bc4 d6 Ng5 e6 d3 Bh6,10,
1544,1723,white,180+3,e4 e5 Nf3 Nc6 Be2 d6 a3 Nf6 d3 Be7,10,
1667,1033,white,300+0,e4 d5 exd5 Qxd5 d4 Nf6 Nf3 Nc6 Nc3 Qe6+,10,
1716,1683,black,240+0,d4 d5 c4 e6 Nc3 Nf6 Bg5 Be7 Nf3 h6,10,
1526,1417,white,300+0,e4 e5 Nf3 d6 h3 Nf6 Nc3 Be7 d4 h6,10,
1581,1711,white,240+3,d4 g6 c4 Bg7 Be3 b6 Nf3 Bb7 Qd2 Nf6,10,
1596,1653,black,120+0,e4 e6 d4 d5 Nc3 Bb4 exd5 Qxd5 a3 Bxc3+,10,
1186,1850,black,300+5,e4 g6 Bc4 d6 d3 Nf6 Nc3 Bg7 Nf3 O-O,10,
1598,1573,white,300+0,d4 c6 c4 d5 Nc3 Bf5 Nf3 h6 cxd5 cxd5,10,
1418,1530,white,720+1,d4 d5 c4 c6 c5 g6 e3 Bg7 Nf3 Bg4,10,
1884,1695,white,180+3,e4 c5 Nf3 Nc6 d4 cxd4 Nxd4 e5 Nb5 a6,10,
1354,1461,white,300+0,e4 e5 Nc3 Nf6 Bc4 Bc5 d3 d6 f3 O-O,10,
1845,1659,black,300+8,e4 d5 exd5 Qxd5 Nf3 Nf6 Nc3 Qh5 Be2 Bg4,10,
1657,1575,white,300+2,d4 g6 e3 Bg7 Nf3 b6 h3 Bb7 a3 d6,10,
1688,1751,black,60+1,d4 d5 e4 e6 exd5 exd5 c3 Nf6 Be3 Bd6,10,
1508,1905,black,60+0,e3 e6 Bd3 Ne7 b3 Ng6 Bb2 f6 Bxg6+ hxg6,10,116.5
1712,1324,white,180+0,d4 d5 Nc3 Nf6 Bf4 a6 Be5 e6 Bxf6 Qxf6,10,
1672,1668,white,300+0,e4 d5 exd5 e5 dxe6 Bxe6 Nf3 a6 d4 Nf6,10,
1297,1084,white,300+2,b4 a5 Bb2 axb4 c4 Nc6 e3 Nf6 Nf3 h6,10,
1646,1637,black,300+0,c4 d6 b3 b6 Bb2 c5 Nc3 Bb7 Rc1 Qc7,10,
1516,1533,black,360+7,d4 b6 e4 Bb7 Bd3 e5 d5 c6 c4 cxd5,10,
1423,1537,black,1200+0,e4 e5 Nf3 Nc6 Bc4 h6 d4 f6 d5 Na5,10,
1523,1556,black,300+8,d4 d5 c4 c6 e3 Nf6 Nc3 Bf5 Nf3 e6,10,
1418,1459,white,1740+30,d4 d5 c4 Bf5 Nc3 Nc6 cxd5 Nb4 e4 Bg6,10,
1501,1405,black,900+8,e4 e5 d4 f6 dxe5 fxe5 Nf3 d6 Bb5+ c6,10,
1690,1890,black,180+3,e4 e5 Nf3 Nc6 d3 g6 Be2 Bg7 O-O Nf6,10,
1696,1596,white,240+3,e4 e5 Nf3 Nc6 b3 d6 Bb2 Be6 Bb5 Bd7,10,
1433,1311,white,540+8,d4 d5 c4 c6 c5 e6 e3 Nf6 Nf3 Nbd7,10,
1499,1688,white,1200+0,e4 e5 Nf3 Nf6 Bc4 Nxe4 Bxf7+ Kxf7 Nxe5+ Ke8,10,
1555,1681,black,600+0,d4 d5 c4 c6 Nc3 Nf6 h3 e6 Nf3 c5,10,
1680,1634,black,300+0,d3 c6 e3 d5 g3 Bf5 Bg2 Nf6 h3 e5,10,
1765,1905,white,60+0,e4 e6 d4 d5 exd5 exd5 c4 Nf6 Nc3 Be7,10,
1662,1781,black,120+0,e3 e6 g3 d5 Bg2 c5 b3 Nf6 Bb2 Nc6,10,
1741,1746,white,900+0,e4 c6 d4 d5 Nc3 dxe4 Nxe4 Bf5 Ng3 Bg6,10,
1321,1534,black,300+0,d4 d5 e4 dxe4 Nc3 Bf5 a3 e6 f3 exf3,10,
1590,1547,draw,600+0,d4 Nf6 c4 d5 Nc3 c6 Nf3 Bf5 Bg5 Nbd7,10,
1776,1788,black,60+0,e4 e6 Nf3 d5 exd5 exd5 d4 c6 Bd3 Nf6,10,
1647,1637,white,300+0,c4 d6 b3 g6 Bb2 Bg7 Bxg7 f6 Bxh8 Nh6,10,
1707,1665,white,300+2,e4 e5 d4 Nc6 Nf3 Bd6 Bb5 exd4 Bxc6 bxc6,10,
1978,1955,black,180+0,d4 d5 c4 Nc6 Nc3 e5 Nf3 exd4 Nxd4 dxc4,10,
1676,1994,black,60+1,e4 c5 f4 e6 e5 d5 exd6 Bxd6 Nf3 Nc6,10,
1297,1527,black,960+8,e4 e5 Nf3 Nc6 Bc4 Nf6 d3 Bc5 a3 d6,10,
1617,1547,draw,600+8,e4 e6 Nf3 Nf6 d3 b6 Nc3 Bb7 Bf4 Na6,10,
1673,1635,black,300+0,e3 c6 d3 d5 f3 Bf5 e4 dxe4 fxe4 Bg6,10,
1609,1658,black,300+0,e3 c6 d3 d5 c3 Bf5 Nd2 Nd7 e4 dxe4,10,
1545,1868,black,480+0,e4 e5 Nc3 Nf6 Bc4 Nc6 f3 Bc5 d3 O-O,10,
1647,1615,white,120+0,e3 d5 g3 e5 Bg2 f5 b3 Nf6 Bb2 Nc6,10,
1354,1372,white,240+0,e4 e5 Nf3 Nc6 Bb5 f6 O-O a6 Ba4 b5,10,
1542,1555,black,480+0,e4 e5 Nc3 Nf6 Bc4 d6 f3 Nh5 d3 Qh4+,10,
1387,1430,white,1740+30,e3 e5 b3 a6 Bb2 Nc6 g3 Bc5 Bg2 Na7,10,
1637,1663,black,720+12,e4 c5 Nc3 Nc6 Nf3 e5 a3 Nf6 Bc4 Nxe4,10,
1543,1716,draw,300+5,d4 d5 e3 Nf6 Nf3 e6 c4 dxc4 Bxc4 c5,10,
1467,1532,white,1200+0,e4 e5 Nf3 Nc6 Bb5 d6 Bxc6+ bxc6 d4 Bg4,10,
1895,1684,white,180+3,e4 e5 Nf3 Nf6 d4 exd4 Bc4 Bc5 e5 Ng8,10,
2071,1966,white,180+0,e4 c5 Nf3 Nc6 d4 cxd4 Nxd4 g6 c4 Bg7,10,
1500,1954,black,300+8,e3 d5 c3 Nf6 g3 Bf5 Qa4+ c6 e4 dxe4,10,
1679,1901,black,180+3,e4 e5 Nf3 Nc6 Be2 Nf6 d3 g6 O-O Bg7,10,
1827,1922,black,300+8,e4 d5 exd5 Qxd5 Nf3 Bg4 Be2 Nc6 O-O O-O-O,10,
1507,1563,black,60+20,d4 Nf6 c4 d5 cxd5 Qxd5 Nf3 Bg4 Nc3 Qa5,10,
1799,1672,white,60+0,e4 e5 Nf3 d6 d4 exd4 Nxd4 Nc6 Nxc6 bxc6,10,
1539,1316,white,300+0,e4 d5 exd5 Qxd5 Nc3 Qe6+ Nge2 Nc6 d4 Qd6,10,
1565,2094,black,180+3,e4 e5 Nf3 Nc6 a3 Bc5 b4 Bb6 Be2 d6,10,
1654,1774,black,120+0,e3 f5 g3 Nf6 Bg2 d6 Ne2 g6 b3 Bg7,10,
1684,1692,white,300+0,e4 d5 exd5 Qxd5 Nc3 Qa5 d4 c6 Bd2 Qc7,10,
1560,1349,white,180+3,e4 a6 d4 h6 d5 d6 Nf3 Bg4 Be2 e5,10,
1785,1665,black,600+5,e4 c5 Nf3 e6 d4 cxd4 Nxd4 Nc6 Nc3 d6,10,
1517,1639,white,900+0,e4 e5 Nf3 d6 Bc4 c6 d3 Be7 O-O Nd7,10,
1604,1657,black,120+0,e4 e6 d4 b6 c4 Bb7 Nc3 g6 Nf3 Bb4,10,
1719,1880,black,540+5,e4 c5 Nf3 Nc6 Bb5 a6 Bxc6 bxc6 O-O d5,10,
1719,1669,black,900+0,e4 d5 e5 Bf5 h3 e6 Nf3 c6 d3 Nd7,10,
1404,1418,black,1740+30,e3 e5 b3 Nc6 g3 Bd6 Bb5 Nb8 Bc4 Qe7,10,
1806,1665,white,60+0,e4 e5 Nf3 d6 d4 exd4 Nxd4 Nc6 Be3 Nf6,10,
1668,1585,white,300+0,c4 h6 b3 g6 Bb2 f6 Nc3 Bg7 Rc1 e5,10,
1296,1400,black,720+8,c4 e5 Nc3 f5 d4 e4 f3 exf3 Nxf3 d6,10,
1454,1123,white,300+5,e4 e5 Qf3 Bc5 Bc4 Qf6 c3 Ne7 b4 Bb6,10,
1498,1566,white,180+5,d4 d5 Bf4 Nc6 Nc3 e6 Nf3 Bb4 a3 Bxc3+,10,
1580,1623,white,300+15,e4 e5 Nf3 Nc6 Bb5 Bc5 O-O Nf6 Nc3 Bd4,10,
1598,1365,white,300+0,e4 c5 Nf3 f6 e5 fxe5 Nxe5 c4 Qh5+ g6,10,
1910,1719,white,180+0,e4 d5 exd5 Qxd5 Nc3 Qd8 Nf3 e6 Be2 Be7,10,
1727,1818,white,180+0,d4 Nf6 Nc3 e6 a3 Be7 Bf4 O-O Nb5 c6,10,
1396,1905,white,480+2,e4 e5 Nf3 Nc6 Bb5 a6 Bxc6 dxc6 b3 Bg4,10,
1656,1579,white,300+0,e4 c5 Nf3 g6 d4 cxd4 Qxd4 Nf6 e5 Nc6,10,
1667,1594,white,120+0,e3 d5 g3 e5 Bg2 f5 Ne2 Nf6 b3 Nc6,10,
1511,1361,black,240+0,e4 e5 b3 g6 Bb2 Bg7 d4 d6 Nf3 exd4,10,
1844,1959,white,180+0,d4 d5 Nf3 e6 c4 Nf6 Nc3 Be7 e3 c5,10,
1447,1519,white,1200+0,d4 d5 c4 c6 Nc3 e6 e3 Bb4 Bd2 Qa5,10,
1813,1657,black,60+0,e4 c5 d4 cxd4 c3 Nc6 Nf3 dxc3 Nxc3 e5,10,
1531,1500,black,480+0,e4 e5 Nc3 Bb4 Bc4 c6 f3 d6 a3 Bxc3,10,
1615,1553,white,600+8,e4 e5 Nf3 Nc6 Bc4 h6 c3 d6 Qb3 a6,10,
1366,1307,white,300+0,e4 e6 Nf3 Nc6 Bb5 d5 exd5 exd5 O-O Nf6,10,
1906,1674,white,180+3,e4 e5 Nf3 Nc6 d4 exd4 Bc4 h6 c3 dxc3,10,
1694,1612,black,300+0,e4 d5 exd5 Qxd5 Nc3 Qa5 Nf3 Nf6 d4 Bf5,10,
1370,1199,black,360+8,e4 e6 d4 Nc6 e5 Nb4 Bd2 Qh4 Nf3 Qg4,10,
1526,1447,white,300+0,g3 e5 Nf3 Nc6 Bg2 Nf6 O-O Bc5 e3 O-O,10,
1310,1564,white,180+3,e4 e5 Nf3 d6 Bc4 Nf6 d3 Be7 Nc3 O-O,10,
1674,1836,black,60+1,e4 e5 f4 exf4 h4 d5 e5 f6 exf6 Qxf6,10,
1318,1511,black,180+5,e4 e5 Nf3 Nc6 Bb5 Nf6 Bxc6 dxc6 Nc3 Bd6,10,
1657,1583,draw,420+16,d4 Nf6 Nc3 d5 h3 Bf5 Nf3 c6 Bf4 h6,10,
1669,1911,draw,180+3,e4 e5 Nf3 Nc6 c4 Nf6 d3 g6 Bd2 Bg7,10,
1772,1581,black,1320+8,e4 e5 d4 exd4 Nf3 Nc6 Nxd4 Nxd4 Qxd4 d6,10,
2047,2052,white,120+0,d4 d5 c4 e6 Nc3 Be7 e3 Nf6 a3 c6,10,
1585,1675,white,120+0,b4 a6 Bb2 a5 b5 c6 e3 cxb5 Bxb5 Qb6,10,
1543,1566,black,360+7,d4 d5 c4 e6 Nc3 c6 c5 b6 Na4 bxc5,10,
1436,1456,black,60+0,e4 e6 Bc4 g6 d3 Bg7 Nf3 d6 O-O c6,10,
1818,1514,black,120+0,e4 e5 f4 d6 d4 f6 Nf3 h6 dxe5 a5,10,
1692,1681,white,300+0,d4 d5 c4 e6 Nc3 Nf6 cxd5 exd5 Bg5 Be7,10,
1394,1288,white,480+0,e4 e5 Nf3 Nc6 Nc3 Bc5 Bb5 Nb4 Nxe5 f6,10,
1711,1548,white,300+5,c4 e5 Nc3 f5 e4 Qg5 exf5 Qxf5 d3 Bb4,10,
1916,1865,black,180+0,e4 d5 exd5 Qxd5 Nc3 Qd8 Nf3 f6 Bc4 Nc6,10,
1945,1872,black,180+0,d4 e6 Nc3 d5 Nf3 Nf6 Bg5 Be7 e3 O-O,10,
1222,1507,black,480+0,e4 b6 g3 Bb7 d3 g6 Bg2 Bg7 h4 Nf6,10,
1534,1798,black,120+0,d4 b5 c3 Bb7 f3 c5 e3 cxd4 cxd4 a6,10,
1679,1667,black,60+1,d4 d5 e3 c6 Nf3 Bg4 Be2 f6 O-O e5,10,
1806,1565,white,180+0,d4 d6 e4 g6 Bf4 Bg7 Qd2 e6 c3 Ne7,10,
1608,1656,white,600+0,e4 e5 d4 Nf6 f3 exd4 c3 dxc3 Bc4 cxb2,10,
1580,1806,draw,300+5,c4 Nf6 Nc3 e5 g3 Be7 e4 O-O Bg2 c6,10,
1457,1704,white,300+5,e4 e5 Qf3 Nf6 Bc4 Nc6 c3 Bc5 b4 Bb6,10,
1549,1252,black,600+0,e4 e6 d4 Nh6 Bxh6 gxh6 e5 Qh4 Nf3 Qe4+,10,
1802,1530,white,120+0,e4 e5 f4 Qh4+ g3 Qf6 Nf3 exf4 d4 d6,10,
1389,1428,white,1740+30,e3 e5 b3 a6 Bb2 Nc6 g3 Bc5 Bg2 Na7,10,
1662,1600,black,120+0,e3 e5 g3 d5 Bg2 c5 d4 cxd4 exd4 exd4,10,
1588,1565,white,240+3,d4 e6 c4 c5 Nf3 Nc6 e3 Nf6 Nc3 Qb6,10,
1535,1342,white,60+7,g3 a6 Bg2 e5 Nf3 c6 Nxe5 Bd6 Nf3 Nf6,10,
1931,1818,white,300+8,Nf3 d5 g3 Nc6 Bg2 e5 O-O e4 Ne1 Be6,10,
1296,1376,white,300+0,e3 e5 Nf3 d6 Bc4 Nf6 Nc3 Be7 d4 O-O,10,
1545,1330,white,180+3,e4 e5 Nf3 Nc6 Bb5 Bc5 Bxc6 bxc6 Nxe5 Ba6,10,
1565,1320,white,600+0,e4 e5 Nf3 Nc6 Nc3 Nf6 Bc4 Bb4 d3 O-O,10,
1475,1618,black,300+5,e4 e5 Qf3 Nf6 Bc4 Nc6 c3 Be7 b4 O-O,10,
1686,1676,white,240+0,d4 d5 c4 e6 Nc3 Nf6 Bg5 Be7 Nf3 O-O,10,
1942,1879,white,180+0,d4 e6 c4 d5 Nc3 Nf6 Nf3 c5 Bg5 Be7,10,
1613,1649,white,120+0,e4 e6 d4 b6 c4 Bb7 Nc3 Nc6 Bd3 g6,10,
1494,1324,white,600+3,d4 d5 c4 Nf6 e3 b5 c5 a5 Bxb5+ c6,10,
1897,1932,black,180+0,e4 c5 Nf3 Nc6 d4 cxd4 Nxd4 g6 Be3 Bg7,10,
1573,1493,white,60+20,Nf3 c5 d4 b6 e4 d5 exd5 Qxd5 c4 Qe6+,10,
2154,1521,white,180+0,Nf3 d6 d4 e6 e4 f6 c4 h6 Nc3 g5,10,
1311,1604,black,60+0,e4 d6 Bc4 g6 d3 Bg7 Nf3 e6 h3 d5,10,
1832,1963,draw,600+0,d4 b6 c4 Ba6 Qc2 Nf6 Bf4 e6 e3 Be7,10,
1408,1287,white,720+8,d4 d5 e3 a6 Nc3 Nf6 Qe2 Bd7 h3 e6,10,
1540,1309,white,180+7,g3 d5 Bg2 e6 Nf3 f5 O-O g5 e3 g4,10,
1415,1411,black,480+0,e4 e5 Nf3 Nc6 Nc3 Nf6 d4 Bb4 d5 Bxc3+,10,
1924,1977,draw,360+5,e4 c6 d4 d5 Nc3 dxe4 Nxe4 Bf5 Ng3 Bg6,10,
1648,1500,black,900+8,e4 c5 d3 d6 Nf3 Nc6 h3 Nf6 b3 g6,10,
1718,1704,white,300+5,c4 e5 Nc3 g6 e4 Bg7 Nf3 Ne7 Be2 b6,10,
1428,1487,black,900+8,e4 e5 a3 d5 Nc3 d4 Nce2 Bg4 f3 Be6,10,
1482,1416,white,1740+30,e4 e5 Nf3 Nc6 g3 a6 c4 Bc5 Bh3 d6,10,
1301,1687,black,60+0,e4 c5 Bc4 e6 d3 Nc6 Nf3 a6 O-O h6,10,
1810,1940,black,300+8,e4 d5 exd5 Qxd5 Nc3 Qd6 Nf3 Nf6 d4 c6,10,
1406,1353,white,360+8,e3 d5 Bb5+ Bd7 Bf1 e5 g3 Qe7 Bg2 d4,10,
1500,1587,black,600+3,d4 Nf6 c4 e6 e3 c5 f4 Ne4 Bd3 Qh4+,10,
1679,1638,black,60+1,e4 d5 e5 e6 f4 c5 Nf3 Nc6 c3 Qb6,10,
1520,2155,black,180+0,e4 e6 d3 c5 f4 a6 Ne2 Nc6 c3 d5,10,
1815,1567,white,540+0,e4 e5 Nf3 Nc6 Bc4 d6 h3 h6 d3 a6,10,
1852,1631,white,300+0,d4 g6 c4 Bg7 Nf3 d6 Nc3 Nf6 e4 O-O,10,
1551,1495,black,240+0,e4 e5 Nc3 Bb4 Bc4 Bxc3 dxc3 Nf6 Bg5 O-O,10,
1656,2064,white,120+0,b3 d5 Bb2 c5 Nf3 Nc6 g3 e6 Bg2 f5,10,
1315,1597,black,900+0,e4 e5 Nf3 Nc6 Bb5 d6 O-O Bd7 d4 Nf6,10,
1357,1075,white,300+0,e4 e5 Nf3 Nc6 Bb5 h6 Bxc6 bxc6 Nxe5 d6,10,
1537,1550,white,420+0,d4 e6 c4 c5 Nf3 Nc6 e3 d5 Nc3 Qb6,10,
1665,1697,black,240+0,e4 e5 Nf3 Nc6 b3 Bc5 Bb2 d6 h3 Nf6,10,
1694,1914,black,300+0,e4 b6 b3 Bb7 Qe2 c5 Bb2 Nc6 Na3 Nf6,10,
1408,1427,black,1740+30,d4 d5 c4 dxc4 Nc3 a6 e4 e5 d5 c6,10,
1674,1505,black,1200+0,e4 e5 Nf3 Nc6 Bb5 d6 d4 a6 Bxc6+ bxc6,10,
1518,1533,draw,360+7,e4 b6 Qf3 Bb7 Bc4 e6 d4 d5 Bd3 dxe4,10,
1967,1819,white,300+0,e4 e6 d4 d5 Nc3 c5 Nf3 cxd4 Qxd4 Nc6,10,
1650,1666,black,60+1,e4 c5 Nf3 Nc6 Nc3 e5 Nd5 d6 c4 Nge7,10,
1652,1550,white,300+8,Nf3 d5 d4 Nc6 c4 f5 Nc3 Nf6 Bg5 h6,10,
1433,1529,black,1560+30,e4 e5 Bc4 Nf6 f3 a6 a3 c6 Ne2 d5,10,
1250,1452,black,120+0,c4 e6 Nc3 d6 d4 Nc6 e3 Nf6 Bd3 Bd7,10,
2033,1782,white,120+0,d4 d5 c4 c6 Nc3 Nf6 e3 Bf5 a3 e6,10,
1324,1517,black,180+5,c4 e5 e4 Nf6 Nc3 Nc6 d3 Bc5 h3 d6,10,
1502,1418,white,1200+10,e4 e6 d4 b6 Nf3 Bb7 Bd3 h5 Nc3 Bb4,10,
1730,1519,white,300+5,c4 f6 Nc3 c6 e4 e5 d3 Bb4 Nf3 Na6,10,
1864,1951,white,180+0,d4 d5 Nf3 e6 c4 Nf6 Nc3 Be7 e3 O-O,10,
1551,1545,white,180+3,e4 b6 d4 Bb7 d5 g6 Nf3 Bg7 Be2 Nf6,10,
1640,1620,white,600+0,Nf3 d5 d4 Nc6 g3 f6 Bg2 Be6 O-O Bf7,10,
1677,1639,black,60+1,e4 d5 exd5 Qxd5 Nc3 Qa5 d4 Nf6 f4 Nc6,10,
1302,1412,black,300+2,b4 e6 Bb2 Nf6 c4 Bxb4 e3 b6 Nf3 Bb7,10,
1232,1434,black,480+0,e4 e5 Na3 Bxa3 bxa3 Nf6 Bb2 Nc6 Nh3 Nxe4,10,
1837,1868,black,420+0,e4 c5 f4 d5 exd5 Qxd5 Nc3 Qd8 Nf3 a6,10,
1362,1537,white,180+0,e4 e5 Nf3 Nc6 Bb5 Bc5 O-O d6 h3 Bd7,10,
1919,1689,white,300+0,b3 e5 Bb2 Qe7 c4 Nc6 Nc3 g6 Nd5 Qd6,10,
1540,1242,white,60+0,e4 e6 Bc4 d6 d4 d5 exd5 exd5 Bb5+ Bd7,10,
1807,2040,black,120+0,e4 c5 f4 Nc6 Nf3 d6 d4 cxd4 Nxd4 f5,10,
1757,1696,black,600+0,d4 d5 c4 e6 Nc3 Nc6 Nf3 Nf6 a3 dxc4,10,
1296,1461,black,900+15,e4 e5 d3 h6 f4 exf4 Bxf4 d6 Nf3 Nc6,10,
1572,2028,white,240+0,e4 c5 Bb5 a6 Bc4 b5 Bd5 Nc6 Bxc6 dxc6,10,
1802,1772,black,300+8,e4 Nf6 e5 Ne4 d3 Nc5 Be3 e6 d4 Ne4,10,
1500,1500,white,900+4,e4 e5 Nf3 Nc6 a3 Nf6 Nc3 Be7 Bb5 O-O,10,
1652,1665,black,60+1,e4 e5 f4 f5 Qh5+ g6 Qd1 exf4 Qf3 g5,10,
2156,1268,white,180+0,Nf3 c6 g3 d6 Bg2 Bd7 O-O Nf6 Re1 e5,10,
1598,1521,black,240+3,d4 d5 c4 e6 Nc3 c5 Nf3 Nc6 e3 Bd7,10,
1937,1886,black,180+0,d4 e6 c4 d5 Nc3 Nf6 Nf3 Be7 Bg5 Nbd7,10,
1514,1735,black,300+5,d3 d5 e3 e5 f3 f5 g3 Nf6 h4 Be7,10,
1379,1377,black,180+0,e4 e5 Nf3 Bd6 Bc4 Nf6 O-O Nxe4 Re1 Nf6,10,
1072,1327,black,240+5,e4 e6 Nf3 b6 d4 Bb7 d5 Bb4+ c3 Bc5,10,
1676,1641,black,60+1,e4 d5 e5 e6 f4 c5 Nf3 Qb6 d3 Nc6,10,
1691,1522,white,1200+0,g4 e6 d4 d5 g5 f6 h3 fxg5 h4 gxh4,10,
1483,1494,black,720+0,e4 d5 exd5 Qxd5 Nc3 Qa5 Nf3 Nf6 d4 Nc6,10,
1840,1727,white,480+0,d4 c5 dxc5 d5 cxd6 exd6 Nf3 Bg4 e3 a6,10,
1523,1318,white,180+5,d4 c5 e4 Nf6 e5 Nd5 dxc5 e6 Nf3 Bxc5,10,
1851,1500,black,300+5,e4 a6 Nf3 b5 a4 Bb7 axb5 axb5 Rxa8 Bxa8,10,
1811,1716,white,300+0,d4 Nf6 e3 e6 f4 d5 Nf3 Ne4 Bd3 Bd6,10,
1511,1404,black,600+10,e4 c5 Bc4 e6 a3 d5 exd5 exd5 Bb3 Nf6,10,
1608,1597,black,180+0,e4 e5 Nf3 Nc6 Bc4 Nf6 Ng5 d5 exd5 b5,10,
1191,1532,black,600+5,e4 e5 Bc4 d6 Qg4 Nf6 Qf3 Bg4 Qg3 Nc6,10,
1933,1682,black,120+0,b3 Nf6 Bb2 g6 Nf3 Bg7 e3 b6 d4 Bb7,10,
1993,2047,black,60+0,e4 c5 Nf3 Nc6 Bb5 d6 O-O Bg4 c3 Qb6,10,
1245,1271,black,600+5,e4 e5 Bc4 c6 Nf3 b5 Bb3 a5 Ng5 Qxg5,10,
1237,1367,white,120+0,c4 e5 d4 exd4 Qxd4 Nc6 Qf4 Nf6 e4 Bb4+,10,
1655,1640,black,300+1,Nf3 e6 c4 d5 cxd5 exd5 d4 Nf6 Bg5 Nc6,10,
1321,1501,white,300+9,e4 e5 Qh5 Nf6 Qxe5+ Be7 d3 d6 Qa5 b6,10,
1741,1508,black,300+5,d4 e6 e4 Bd6 e5 Bb4+ c3 Be7 f4 h6,10,
1907,1925,white,180+0,e4 c5 Nf3 Nc6 c3 g6 d4 cxd4 cxd4 d5,10,
1924,1832,white,300+5,e4 g6 d4 Bg7 Nc3 d6 f4 Nf6 Nf3 O-O,10,
1704,1887,black,120+0,b3 e5 Bb2 f6 c4 Bc5 Nc3 d6 e3 Be6,10,
1337,1662,black,900+4,e4 e5 Nc3 g6 d4 Bg7 dxe5 Qe7 Bf4 Nc6,10,
1663,1668,white,60+1,e4 d5 exd5 Qxd5 Nc3 Qd8 d4 e6 f4 Bb4,10,
1533,1534,white,360+7,g3 e6 Bg2 f6 d4 Bb4+ c3 Ba5 Bf4 a6,10,
1829,1590,white,120+0,c4 d5 Nc3 d4 Ne4 e5 d3 f6 Nf3 Bb4+,10,
1532,1623,black,960+8,e4 d5 exd5 Qxd5 Nc3 Qd8 d4 b6 Nf3 Bg4,10,
1783,1898,black,180+0,d4 Nf6 c4 d6 Nc3 g6 Bg5 Bg7 e3 O-O,10,
1596,1684,black,300+3,e4 e5 Nf3 Qf6 c3 d6 d4 Bg4 Be2 Bxf3,10,
1535,1585,white,240+3,e4 e5 Nc3 b6 Bc4 Bb7 d3 Nf6 Nf3 d6,10,
1586,1500,white,120+0,e4 c5 Bb5 a6 Bc4 d6 a3 b5 Bd5 Ra7,10,
1258,1347,black,120+0,c4 e5 a3 d6 Nc3 c5 e3 Nc6 b4 Nf6,10,
1601,1334,white,300+0,d4 d5 Nc3 e6 Bf4 a6 a3 Bd6 Nh3 Nf6,10,
1902,1697,white,120+0,b3 Nf6 Bb2 g6 Nf3 Bg7 e3 O-O d4 b6,10,
1724,1544,white,600+10,e4 e5 Nc3 Bc5 Nf3 d6 h3 Nc6 Bb5 Bd7,10,
1675,1679,white,60+1,e4 e5 f4 exf4 h4 d5 e5 Nc6 Nf3 Bg4,10,
1717,1856,draw,480+0,e4 d5 exd5 Qxd5 Nc3 Qa5 Nf3 c6 d4 Bg4,10,
1549,1513,black,60+0,e4 e6 Bc4 d5 exd5 exd5 Qe2+ Ne7 Bd3 Nc6,10,
1573,1537,white,1560+30,e4 e5 Bc4 Nc6 Nc3 a6 Qf3 Qf6 d3 Na5,10,
1484,1468,white,900+15,d4 d5 c4 c6 c5 e5 dxe5 Bxc5 Be3 Bxe3,10,
1529,1352,white,300+0,e4 e6 Nf3 d5 e5 f6 d4 fxe5 Nxe5 Nf6,10,
1820,1357,white,300+0,d4 d5 e3 Nf6 Bd3 g6 f4 e5 fxe5,9,
1358,1246,black,120+0,c4 e6 e4 Nc6 Nc3 Bb4 d3 Bxc3+ bxc3 Nge7,10,
1518,1526,white,60+0,e4 e5 Bc4 d6 Nf3 Bg4 O-O Qf6 Be2 Nc6,10,
1407,1516,white,1200+0,e3 e6 g3 d5 Bg2 Nf6 b3 Be7 Bb2 O-O,10,
1610,1570,white,600+0,e4 c5 d4 e6 Be3 d6 dxc5 Qa5+ Nc3 dxc5,10,
1652,1640,white,300+1,e4 e6 Nf3 c5 Nc3 Nc6 d4 cxd4 Nxd4 Nxd4,10,
1362,1592,white,120+0,d4 d5 c4 dxc4 e4 Nd7 Nc3 Nb6 Nf3 Be6,10,
1796,1519,black,1260+10,Nf3 d5 d4 Nf6 Nc3 Bd7 g3 Nc6 Bg2 Ne4,10,
1512,1307,white,600+5,e4 e5 Bc4 d6 h3 f5 Nc3 f4 Nf3 Nf6,10,
1919,1924,white,240+0,d4 b5 e4 Bb7 f3 b4 Bd3 e6 Ne2 a5,10,
1312,1528,black,180+5,c4 e5 Qb3 Nf6 e3 e4 c5 d5 d4 Nc6,10,
1914,1925,white,180+0,e4 e6 Nf3 d5 e5 c5 c3 Nc6 d4 Nge7,10,
1588,1708,black,300+3,e4 e5 Nf3 Nc6 Bc4 d6 d4 exd4 Nxd4 Nxd4,10,
1692,1527,white,300+0,e4 e6 Nf3 e5 Nxe5 Qf6 d4 d6 Nf3 Bg4,10,
1826,1504,white,300+0,d4 d5 e3 a6 Bd3 Nf6 f4 e6 Nf3 Nbd7,10,
1545,1537,white,60+0,e4 d5 Bb5+ c6 Bd3 dxe4 Bxe4 Nf6 Bd3 e6,10,
1664,1904,black,180+3,e4 e5 Nf3 Nc6 Nc3 d6 d4 exd4 Nxd4 Bd7,10,
1518,1597,white,300+8,e4 c5 Nf3 Nc6 c3 e6 Bc4 d5 exd5 exd5,10,
1508,1822,black,300+0,e4 e6 Nf3 d5 exd5 exd5 d4 Nf6 Bd3 Be7,10,
1472,1367,white,720+0,e4 d5 exd5 Qxd5 Nc3 Qd8 Nf3 Bg4 Be2 h6,10,
1686,1914,black,120+0,e4 c5 f4 d5 exd5 Qxd5 Nc3 Qd8 Bc4 Nc6,10,
1605,1438,white,300+0,e4 e6 d4 f6 Nf3 Bb4+ Bd2 Bxd2+ Qxd2 Ne7,10,
1344,1321,white,900+4,e4 e6 d4 Qh4 e5 Qe4+ Ne2 Nc6 Nc3 Bb4,10,
1535,1279,black,-,e4 c5 Nf3 Nc6 d4 e6 c3 Nf6 Bg5 h6,10,
1572,1548,black,420+0,d4 d5 c3 Nf6 c4 e6 e3 c5 Nf3 Nc6,10,
1337,1662,black,900+8,d4 d5 c4 g6 Nc3 dxc4 Nf3 Bg7 e3 Nf6,10,
1754,1670,black,1320+8,e4 e5 d4 exd4 Nf3 Nc6 Nxd4 Nf6 Nxc6 bxc6,10,
1351,1500,white,120+0,c4 e5 e4 Nc6 Nc3,5,
1925,1681,black,120+0,b3 e5 Bb2 e4 e3 d5 f3 exf3 Nxf3 Nc6,10,
1501,1829,black,300+0,d4 e6 c4 d5 cxd5 exd5 Nc3 Nf6 Nf3 Be7,10,
1610,1500,white,180+0,e4 e5 f4 exf4 Nf3 d5 e5 Nc6 Bb5 Bc5,10,
1338,1474,black,300+9,e4 c6 Bc4 d5 exd5 cxd5 Qe2 Nc6 Bb5 Nf6,10,
1726,1521,black,300+5,c4 f6 Nc3 e5 e4 c6 Nf3 Bb4 Be2 h6,10,
1489,1601,white,300+8,c3 e5 Nf3 Nc6 d4 e4 Ne5 Nxe5 dxe5 Bc5,10,
1266,1339,black,120+0,c4 e5 Nc3 d6 f3 c5 e4 Nc6 Nge2 Be7,10,
1544,1317,white,300+0,e4 d5 f3 dxe4 fxe4 e6 Nf3 g6 d4 Bg7,10,
1508,1364,black,240+0,e4 c5 Nf3 e6 d4 Qc7 dxc5 Qxc5 Be3 Qa5+,10,
1722,1440,white,300+5,d4 c6 c4 d6 Nc3 Nf6 e4 Bg4 Be2 Bxe2,10,
1533,1301,white,180+5,d4 e6 e4 d5 e5 Bb4+ Nc3 Qh4 Bd2 Qe7,10,
1562,1620,white,600+0,d4 d5 c4 e5 dxe5 Be6 cxd5 Qxd5 Qxd5 Bxd5,10,
1371,1617,white,180+0,e4 e5 Nf3 Nc6 Bc4 Nf6 Nc3 d6 d3 Be7,10,
1295,1538,black,180+5,e4 e5 Qh5 Nc6 Bc4 Qe7 d3 Nf6 Bg5 Nxh5,10,
1698,1886,black,120+0,e4 c5 f4 d5 exd5 Qxd5 Nc3 Qc6 Bc4 a6,10,
1538,1774,black,1260+10,e4 c5 Nc3 Nc6 d3 e6 Bf4 e5 Qf3 exf4,10,
1518,1495,white,600+5,e4 e5 Bc4 Nf6 d3 Bc5 h3 Nc6 Nf3 h6,10,
1684,1624,white,600+8,e4 c6 d4 d5 e5 c5 c3 Nc6 Bb5 a6,10,
1386,1381,black,120+2,e4 e5 Nf3 d6 Bc4 Be6 Bxe6 fxe6 d3 Nf6,10,
1543,1452,black,360+7,g3 e5 Bg2 Bc5 Nf3 e4 Nh4 Qf6 O-O b6,10,
1310,1354,draw,900+4,e4 e5 Nf3 Nc6 Bc4 h6 Nc3 d6 a3 a6,10,
1848,1896,black,900+4,d4 d5 c4 e6 Nc3 Nf6 Bg5 Be7 e3 h6,10,
1516,1659,white,300+1,e4 e6 f4 d5 e5 c5 Nf3 Qb6 d3 Nc6,10,
1276,1528,black,1560+30,e4 e5 Bc4 Nc6 Qf3 Nf6 d3 Nd4 Qd1 Be7,10,
1803,1722,white,480+0,d4 c5 e3 d5 c3 Nc6 Bd3 Nf6 f4 Bg4,10,
1346,1394,black,120+2,d4 d5 c4 e6 a3 c5 Nc3 cxd4 Qxd4 Nf6,10,
1556,1564,black,300+0,e4 e5 Nf3 Nc6 Bc4 Bc5 d3 h6 c3 d6,10,
1507,1472,black,300+5,e4 e5 d4 exd4 Qxd4 Nc6 Qa4 Bb4+ Bd2 Bc5,10,
1707,1699,white,300+5,c4 g6 d4 Bg7 Nc3 b6 Nf3 Bb7 e3 e6,10,
1569,1192,white,60+0,e4 e6 Bc4 Nc6 d4 b6 d5 Ne5 Bb3 Bb7,10,
2037,1802,white,60+0,d4 d5 c4 c5 Nc3 cxd4 Qxd4 e6 cxd5 Be7,10,
1363,1500,white,120+0,c4 Nf6 Nc3 e5 e4 Bb4 d3 h6 Bd2 c6,10,
1511,1547,white,420+5,e4 c6 Nf3 d6 Bc4 Nf6 d3,7,
1389,1492,black,240+0,e4 e5 Nf3 Bd6 d3 Qf6 Bg5 Qg6 g3 Nf6,10,
1687,1909,black,120+0,e4 c5 f4 d5 exd5 Qxd5 Nc3 Qd8 Nf3 Bg4,10,
1543,1289,white,180+5,d4 d5 Bf4 e6 Nc3 g5 Bg3 Nh6 Nb5 Na6,10,
1244,1375,white,120+0,d4 d5 c4 c5 dxc5 e5 cxd5 Bxc5 Nc3 Nf6,10,
1919,1682,black,120+0,e4 c5 Nf3 Nc6 d4 cxd4 Nxd4 e5 Nb5 d6,10,
1524,1849,black,420+5,e4 e6 Nf3 d5 e5 c5 c3 Nc6 d4 cxd4,10,
1329,1546,white,300+3,e4 c5 Nf3 Nc6 c3 d6 Bc4 Bg4 h3 Bh5,10,
1481,1501,white,1200+0,e4 e5 Nf3 Nc6 Bc4 d6 O-O h6 d4 Nf6,10,
1175,1575,black,60+0,e3 g6 Nc3 Bg7 Nf3 e6 d4 d6 Bd3 Qe7,10,
1271,1312,white,300+5,e4 e6 Qh5 Nc6 Bc4 Nf6 Qb5 Nxe4 Qh5 Nf6,10,
1768,1501,white,180+0,e4 e5 d3 Nf6 Nf3 Bd6 Be2 b6 O-O Bb7,10,
1307,1431,black,300+0,d4 e6 e4 f6 Qe2 Bb4+ Bd2 Bxd2+ Nxd2 Ne7,10,
1600,1650,black,300+0,e4 c5 c4 Nc6 Nf3 Rb8 Nc3 e5 d3 Be7,10,
1254,1811,black,120+0,c4 c6 b4 d6 Nc3 Nd7 Bb2 Ngf6 f3 Qc7,10,
1330,1500,black,300+9,e4 e5 Qh5 Nc6 Bc4 g6 Qf3 Nf6 d3 Bg7,10,
1829,1948,black,240+0,d4 Nf6 f4 d6 Nd2 Nbd7 e4 e5 d5 exf4,10,
1378,1437,black,420+7,e3 d5 a3 e5 b4 Qf6 Bb2 Bd6 Nf3 Nc6,10,
1700,1885,black,120+0,e4 c5 f4 d5 e5 Bf5 Nf3 e6 d3 Nc6,10,
1797,1530,draw,120+0,e4 d5 f4 dxe4 d3 exd3 Bxd3 e5 fxe5 Nc6,10,
1586,1507,black,300+8,e4 d6 Bc4 e6 Nc3 Nc6 a3 Nf6 d3 Nd4,10,
1612,1603,black,300+0,e4 e5 Nf3 f5 Nxe5 Nf6 exf5 Qe7 Qe2 d6,10,
1575,1561,black,300+0,e4 e5 Nf3 d6 Bc4 Nc6 Nc3 h6 d3 Nf6,10,
1741,2156,black,180+0,f4 Nf6 Nf3 g6 e3 Bg7 Be2 O-O O-O d6,10,
1398,1596,black,1740+30,d4 d5 c4 Nf6 Nc3 e6 c5 h6 h3 Nc6,10,
1598,1280,white,600+0,e4 c5 Nf3 g6 Bc4 Bg7 d4 d6 c3 Nf6,10,
1348,1819,white,180+2,e4 d5 d4 dxe4 Nc3 Nf6 Bg5 Bf5 Bc4 e6,10,
1361,1417,black,120+0,c4 d5 Nc3 dxc4 e4 Be6 d3 cxd3 Bxd3 Nc6,10,
1926,1712,white,480+0,e4 e5 Nf3 Nf6 Nc3 d5 exd5 Nxd5 Nxe5 Qd6,10,
1808,1531,white,300+0,e3 e5 d3 d5 Ne2 Nf6 Nd2 Bc5 Ng3 Nc6,10,
1843,1795,black,240+0,d4 e6 f4 Ne7 Nf3 d6 e3 Nd7 Bc4 Ng6,10,
1376,1267,black,180+0,e4 e5 Nf3 Nc6 Bb5 Nd4 Nxd4 exd4 e5 c6,10,
1719,1688,black,300+5,c4 g6 Nc3 Bg7 d4 b6 e4 Bb7 Nf3 e6,10,
2159,1738,white,180+0,Nf3 f5 e4 fxe4 Ng5 Nf6 d3 exd3 Bxd3 d5,10,
1580,1366,black,60+0,e4 e5 Bc4 Nf6 Nf3 Nc6 Ng5 Qe7 Bxf7+ Kd8,10,
1898,1693,white,120+0,e4 e5 Nf3 d6 c3 Nc6 d4 exd4 cxd4 Bg4,10,531.33
1549,1487,white,60+0,e4 e5 Bc4 Nf6 Nf3 Be7 Nxe5 O-O Qe2 Nc6,10,
1285,1246,black,300+5,e4 d5 d3 Nf6 Nf3 Qd7 Nd4 c5 Nf3 d4,10,
1566,1812,white,60+0,e3 c6 d3 d6 Be2 Nd7 Bd2 Qc7 c3 e5,10,
1630,1602,white,300+8,e4 e6 Nf3 d5 exd5 exd5 d4 Nf6 Bd3 Bd6,10,
1316,1151,white,900+5,e4 e5 Nf3 Nc6 Bc4 Nf6 Nc3 d5 exd5 Bf5,10,
1495,1593,black,300+5,e4 d5 e5 e6 d4 c5 b3 cxd4 Qxd4 Nc6,10,
1607,1354,white,600+0,e4 e5 d4 Qh4 Bd3 exd4 Nf3 Qf6 e5 Qc6,10,
1498,1350,white,120+0,e4 e5 Nf3 d6 d4 Nc6 dxe5 Nxe5 Nxe5 dxe5,10,
1528,1484,white,600+5,e4 e5 Bc4 Nf6 Nf3 Nc6 Ng5 d5 exd5 Nxd5,10,
1219,1529,black,600+0,e4 Nc6 Bb5 Nd4 Bc4 b5 Bb3 a5 c3 Nc6,10,
1833,1821,white,300+0,d4 d5 e3 f5 Bd3 Nf6 f4 e6 Nf3 Bd6,10,
1523,1812,black,300+0,e4 e6 Nf3 Ne7 Bc4 d6 d3 Ng6 Bg5 Be7,10,
1449,1547,draw,180+5,d4 e5 dxe5 d6 exd6 Bxd6 Nf3 Nf6 e3 Ng4,10,
1830,1706,white,480+0,d4 c5 dxc5 d5 cxd6 Qxd6 Qxd6 exd6 Nf3 Bg4,10,
1905,1931,black,900+4,e4 e5 Nf3 Nc6 Bb5 a6 Ba4 d6 d4 b5,10,
1608,1611,black,600+0,e4 e5 Qh5 Nf6 Qxe5+ Be7 f3 Nc6 Qc3 O-O,10,
1270,1436,black,420+0,e4 e5 Nf3 Nc6 b3 Bc5 Bb2 d6 Nc3 Nf6,10,
1736,2162,black,180+0,d4 Nf6 e3 d6 f4 Nbd7 Nf3 g6 Bd3 Bg7,10,
1925,1966,black,180+0,d4 Nf6 c4 d6 Nc3 g6 Nf3 Bg7 Bg5 O-O,10,
1822,1797,black,180+2,e4 d5 exd5 Nf6 Nc3 c6 dxc6 Nxc6 Nf3 e5,10,
1593,1594,black,480+10,e4 e5 Nf3 d6 d4 exd4 Nxd4 c5 Nf3 Bg4,10,
1602,1132,white,60+0,e4 d5 Bb5+ c6 Bd3 Qd6 Qe2 Nf6 e5 Qc5,10,
1325,993,white,300+2,e4 e6 d4 Nh6 Nf3 Bb4+ c3 Bd6 h3 O-O,10,
1531,1264,black,300+8,e4 c5 Bc4 g6 Nf3 d6 d3 Nf6 Bg5 Bg7,10,
1710,1530,black,600+10,e4 e5 Nf3 Nc6 Nc3 d6 Bc4 h6 b3 Nce7,10,
1809,1674,white,300+0,d4 d5 f4 Bf5 e3 Nf6 Nf3 e6 Nbd2 a6,10,
2165,1299,white,180+0,Nf3 d5 g3 Bg4 Bg2 c6 O-O Qd7 Ne5 Qe6,10,
1298,1298,black,300+5,e3 e5 Nf3 f6 Bc4 Ne7 Nc3 Nbc6 d4 exd4,10,
1592,1651,black,180+3,e4 e6 d4 d5 e5 c5 dxc5 Bxc5 Nf3 Nc6,10,
1538,1607,black,600+10,e4 e5 Bc4 Nc6 c3 g6 Qf3 Nf6 d3 Bg7,10,2482.44
1334,1500,black,60+2,g3 e5 Bg2 Bc5 e3 d5 c3 c6 b4 Bb6,10,
1343,983,white,300+2,e4 e6 d4 Nh6 Nf3 b6 Be2 c5 c3 d6,10,
1609,1329,white,60+2,d4 b6 c4 Bb7 Nc3 d6 Nf3 f6 e3 g5,10,
1789,1694,white,120+0,e4 e5 Nf3 Nc6 Bc4 d6 O-O Bg4 d4 exd4,10,
1844,1909,white,300+0,d4 Nf6 Nf3 g6 Nc3 Bg7 e4 d6 Bd3 O-O,10,
1542,1531,black,240+3,d4 e6 e3 Nf6 Nf3 Nc6 c4 Ne7 Nc3 c5,10,
1568,1412,white,840+14,e4 e5 d3 Nc6 Nf3 d6 h3 f5 Nc3 f4,10,
1706,1742,black,300+5,d4 d5 Nf3 Bg4 h3 Bxf3 exf3 Nf6 Bd3 e6,10,
1660,1572,white,240+3,e4 e5 Nc3 b6 d4 Bb7 d5 d6 Nf3 c6,10,
1667,1563,white,300+0,e4 e5 Nc3 Nf6 a3 Bc5 g4 d6 g5 Nfd7,10,
1299,1442,white,420+0,d4 Nf6 Bg5 h6 Bxf6 exf6 e4 Bd6 Nc3 O-O,10,
1353,1312,white,900+4,e4 c6 d4 d5 e5 f6 f4 c5 Nf3 Bg4,10,
1798,1685,white,120+0,e4 e5 f4 f5 d3 exf4 Bxf4 fxe4 Qe2 Nf6,10,
1817,1816,white,240+0,d4 e6 f4 Ne7 e3 Nf5 Nf3 Be7 Bd3 g6,10,
1715,1508,black,300+10,e4 b6 d4 Bb7 Nc3 e6 d5 exd5 exd5 Qe7+,10,
1324,1506,black,60+2,g3 e6 Bg2 c6 e3 b5 d3 Bb7 c3 c5,10,
1700,1810,black,300+0,e4 d5 exd5 c6 Nc3 Nf6 dxc6 e5 Qe2 Nxc6,10,
1480,1381,black,720+0,e4 e5 Nf3 d6 Nc3 Nf6 Bc4 c5 d3 h6,10,
1630,1674,white,300+4,e4 e5 b3 Nc6 Bb2 a6 Nf3 Qf6 Nc3 Nce7,10,
1515,1804,black,300+0,e4 c5 Nf3 d6 Bc4 e6 d4 cxd4 Nxd4 a6,10,
1405,1369,white,480+10,e4 e6 Nc3 a6 Nf3 b5 Bd3 Bb7 O-O Bb4,10,
1522,1500,black,300+0,e4 c5 Bc4 Nc6 Nf3 g6 Nc3 Bg7 O-O e6,10,
1604,857,white,360+0,e4 e6 d4 Bb4+ c3 Bf8 Bd3 g6 f4 Be7,10,
1354,1346,black,180+0,e4 e6 Nf3 d5 exd5 exd5 Nd4 Nf6 Qe2+ Be7,10,
1500,1694,black,900+21,d4 d5 e3 Bf5 Nf3 h6 Bb5+ c6 Bd3 Qd7,10,
1685,1533,white,600+0,e4 c5 Nf3 Nc6 d4 b6 Bc4 Na5 b3 Bb7,10,
1426,1316,white,420+0,d4 c5 Nf3 Nc6 c3 cxd4 cxd4 e6 e4 Bb4+,10,
1512,1318,white,60+2,e3 b6 Bc4 Bb7 f3 f6 e4 e6 Nc3 d5,10,
1467,1530,black,360+7,e4 d5 e5 d4 Nf3 f6 exf6 exf6 c4 dxc3,10,
2060,1586,white,240+0,d4 d5 e3 e6 c4 Nf6 Nf3 Bb4+ Bd2 Nc6,10,
1544,1564,white,600+10,e4 e5 Nf3 Nc6 Bc4 Nf6 d3 d5 exd5 Nxd5,10,
1678,1771,draw,60+1,e4 c6 f4 d5 exd5 cxd5 d4 Nc6 Nf3 Nf6,10,
1622,1598,white,600+0,e4 Nc6 d4 a6 d5 Nb8 Bf4 d6 Nc3 Bd7,10,
1818,1895,white,180+3,e4 e5 f4 Bc5 Nf3 d6 f5 Nf6 Nc3 a6,10,
1806,1783,black,120+0,e4 c5 f4 Nc6 Nf3 d6 c4 g6 Bd3 Bg7,10,
1359,1211,black,420+7,e3 d5 a3 c5 b4 b6 bxc5 bxc5 Bb2 Nf6,10,
1367,1358,black,180+0,e4 e6 d4 d5 e5 c5 c3 Nc6 Bb5 Bd7,10,
1826,1697,draw,480+0,d4 c5 e3 d5 c3 cxd4 exd4 Nc6 Bd3 h6,10,
1676,1686,white,300+0,c4 e5 b3 Nf6 Bb2 Nc6 e3 Bb4 a3 Be7,10,
1588,1633,black,600+0,e3 e5 e4 d5 exd5 Nf6 Qe2 Bd6 d3 c6,10,
2061,1668,white,240+0,d4 f5 c4 Nf6 Nc3 e6 Bg5 Be7 d5 O-O,10,
1312,1518,black,60+2,g3 e6 Bg2 Bc5 e3 Qf6 Ne2 d5 O-O d4,10,
1804,1829,white,240+0,e3 d5 Ne2 f5 d3 Nf6 a3 e5 Nd2 Nbd7,10,
1344,1248,white,420+7,e3 d5 a3 e5 b4 c6 Bb2 g6 Nf3 Nf6,10,
1605,1199,white,60+0,e4 e5 Bc4 Nc6 Nf3,5,
1500,1668,black,180+3,e4 e6 Nc3 d5 d3 Bb4 a3 Bxc3+ bxc3 dxe4,10,
1294,1263,black,300+2,b4 e6 a3 Qf6 c3 a5 Bb2 axb4 d4 c5,10,
1795,1794,white,120+0,d4 b6 c4 Bb7 Nc3 g6 e4 Bg7 Nf3 c5,10,
1493,1514,black,600+10,e4 e5 Nf3 d6 Bc4 h6 b4 Nf6 Nc3 c6,10,
1525,1517,white,300+2,e4 e5 Nf3 Nf6 d4 exd4 Qxd4 Nc6 Qe3 Be7,10,
1491,1426,black,420+4,d4 e6 c4 Bb4+ Bd2 Bf8 a3 h5 Nc3 b6,10,
1524,1307,black,60+2,e3 g6 Bc4 Bg7 Qf3 f6 b3 c6 Bb2 b6,10,
1609,1433,white,60+0,e4 e5 Bc4 Nf6 Nf3 Nc6 Ng5 d5 exd5 Nd4,10,
1680,1960,white,60+1,e4 c5 f4 e5 Nf3 exf4 h4 Bd6 c3 Nf6,10,
1543,1530,white,240+3,e4 c5 Nf3 e6 Bc4 Nc6 c3 a6 O-O b5,10,
1604,1686,black,360+0,e4 c5 c3 Nc6 h3 e6 a3 d5 exd5 Qxd5,10,
1553,1565,white,300+0,e4 c5 Nf3 Nc6 d4 cxd4 Nxd4 g6 Nxc6 bxc6,10,
1321,1611,black,300+5,e4 d5 Qh5 dxe4 Bc4 e6 Nh3 Nf6 Bb5+ c6,10,
1620,1768,white,60+0,e4 c6 Bc4 d5 exd5 cxd5 Bb5+ Nc6 Bxc6+ bxc6,10,
1259,1285,black,300+5,e4 e6 Nf3 Nc6 Nc3 Nf6 Bc4 b6 d3 Bb7,10,
1611,1416,white,240+8,e4 Nc6 Nf3 d5 exd5 Qxd5 Nc3 Qa5 Bb5 Bd7,10,
1505,1311,white,60+0,e3 g6 Bc4 f6 Qf3 e6 b3 d6 Bb2 c6,10,
1519,1768,black,300+5,d4 d5 e3 Nc6 Nf3 Bg4 c4 e6 h3 Bh5,10,
1355,1626,white,180+3,e4 e6 d4 d5 e5 c5 Bb5+ Nc6 Nf3 Qa5+,10,
1809,1508,white,300+0,e4 e5 Nf3 Nc6 Bb5 a6 Ba4 d6 h3 Bd7,10,
1974,1916,white,180+0,e4 c5 b4 cxb4 d4 d5 e5 e6 f4 Bd7,10,
1538,1516,black,600+5,e4 Nf6 Nc3 d5 d4 dxe4 Bg5 Bg4 f3 exf3,10,
1488,1473,white,600+8,e4 e5 d4 exd4 Qxd4 Nc6 Qd1 Bc5 Bc4 Nf6,10,
1593,1702,black,480+0,e4 e5 Nf3 Nf6 Nxe5 d5 exd5 Qxd5 Nf3 Bc5,10,
1580,1642,black,300+4,e4 e5 Nf3 d6 d4 Bg4 c3 exd4 cxd4 Nc6,10,
1942,1700,black,60+1,d4 d5 Nf3 c6 g3 Bg4 Bg2 f6 O-O Nd7,10,
1325,1659,black,60+2,g3 e5 Bg2 f5 e3 Nf6 c3 a6 b4 d5,10,
1699,1075,black,540+14,e4 d5 Nc3 e5 Nxd5 Be6 Bc4 Bd6 Qf3 Nc6,10,
1500,1489,black,1200+0,e4 e5 Qf3 Qf6 Qxf6 Nxf6 Nh3 d6 Bb5+ Bd7,10,
1859,1563,white,300+0,d4 g6 e4 Bg7 Nf3 b6 Bd3 Bb7 O-O d6,10,
1642,1578,black,600+0,e4 e5 d4 d6 Nf3 Nc6 d5 Nd4 Nxd4 exd4,10,
1671,1619,white,720+0,e4 e5 Nf3 Nc6 c3 a6 d4 d5 Nbd2 dxe4,10,
1307,1434,white,420+0,d4 Nf6 c4 d5 e3 e6 Qb3 c5 cxd5 Nxd5,10,
1526,1692,black,600+0,d4 e5 d5 Nf6 c4 c6 b3 cxd5 cxd5 Bb4+,10,
1816,1817,white,240+0,e4 e6 f4 d6 h4 Ne7 h5 d5 e5 Nf5,10,
1814,1666,black,300+5,e4 e5 Nf3 Bc5 c3 d5 d4 exd4 cxd4 Bb4+,10,
1593,1474,black,240+0,e4 c5 Bb5 a6 Bc4 e6 a3 b5 Bb3 Ne7,10,
1539,1457,white,360+7,d4 Nc6 d5 Nb4 c4 e6 e4 exd5 exd5 Bc5,10,
1481,1485,black,300+0,d4 d5 Nf3 c5 dxc5 Nc6 a4 e5 Be3 d4,10,
1276,1282,white,300+2,e4 e5 d4 Nc6 dxe5 Nxe5 Nf3 Nc6 Nc3 Nf6,10,
1570,1539,white,240+0,e4 e5 f4 Nc6 Nf3 d6 Bc4 Bg4 O-O exf4,10,
1718,1925,black,60+1,e4 c5 f4 e5 Nf3 exf4 h4 Nc6 d3 Bd6,10,
1500,1501,white,300+0,e4 e5 Nf3 Nc6 Bc4 h6 d4 f6 dxe5 Nxe5,10,
1496,1370,black,180+0,e4 e6 Nf3 d5 exd5 exd5 Nc3 Nf6 Qe2+ Be7,10,
1405,1554,black,840+14,e4 e5 Bc4 Bc5 Nf3 d6 d4 exd4 Nxd4 Qf6,10,
1582,1775,black,480+10,e4 e5 Nf3 Nc6 Bc4 Bc5 Nc3 a6 d3 h6,10,
1249,1562,black,180+3,e4 e5 Nf3 d6 d4 Bg4 dxe5 Bxf3 gxf3 Nc6,10,
1342,1500,white,120+0,c4 Nf6 Nc3 c5 e4 d6 d3 Nc6 g3 e6,10,
1596,1325,white,360+0,e4 e5 Bc4 Nf6 d3 d5 exd5 Nxd5 Qf3 Nf6,10,
1930,1712,white,60+1,e4 e5 Nf3 d6 Bc4 Nc6 c3 Bg4 b4 a6,10,
1908,1907,white,180+0,d4 d5 Nf3 e6 c4 Nf6 Nc3 Be7 g3 O-O,10,
1314,1390,black,300+0,e4 e5 Qh5 Nh6 Qxe5+ Qe7 Qxc7 Qxe4+ Be2 Qxg2,10,
1797,1869,black,60+0,e4 e6 d4 d5 exd5 exd5 c4 c6 Nc3 Nf6,10,
1675,1297,white,300+0,e4 h6 d4 g5 Bc4 Bg7 Qh5 e6 Nf3 Nf6,10,
2061,1789,white,120+0,d4 e6 c4 d5 Nc3 Nf6 e3 Be7 a3 O-O,10,
1426,1629,black,300+1,e4 d5 exd5 Qxd5 Nc3 Qa5 Qf3 Nf6 Bc4 Nc6,10,
2165,1580,white,180+0,Nf3 d5 g3 Bg4 Bg2 e6 d3 Bb4+ Nbd2 Nf6,10,
1600,1716,black,360+0,e4 e5 Bc4 Nc6 a3 d6 d3 Nf6 Nf3 h6,10,
1374,1500,white,180+3,e4 e5 Nf3 Nf6 Nc3 Nc6 Bc4 d6 h3 Be6,10,
1707,1935,black,60+1,e4 c5 Bc4 e6 f4 d5 exd5 exd5 Bb5+ Nc6,10,
1895,1742,black,900+4,e4 g6 d4 Bg7 Nf3 d6 Be3 Nf6 Bd3 O-O,10,
1403,1858,black,300+8,d4 d5 c4 c5 dxc5 Qa5+ Qd2 Qxd2+ Bxd2 dxc4,10,
1363,1387,black,1200+10,e4 e6 d4 d5 e5 f6 f4 fxe5 fxe5 Nc6,10,
1705,1617,white,240+8,e4 e5 Nf3 a6 Nxe5 Qe7 Nf3 Qxe4+ Be2 d5,10,
1863,1559,white,300+0,d4 g6 e4 b6 Bc4 Bb7 Nc3 Bg7 Nf3 c5,10,
1499,1478,white,420+4,e4 e5 Nf3 Qf6 d4 exd4 Nxd4 Bc5 Be3 Ne7,10,
1803,1480,white,420+8,e4 c5 Nf3 Nf6 e5 Nd5 c4 Nb4 a3 N4c6,10,
1506,1470,black,300+0,e4 e5 Nf3 Nc6 Bb5 Nge7 Bxc6 Nxc6 Nc3 d6,10,
1897,1924,black,180+0,e4 e6 Nf3 d5 e5 c5 c3 Nc6 d4 Nge7,10,
1623,1721,black,60+0,e3 c5 d3 g6 Be2 Bg7 Bf3 e6 c3 Ne7,10,
1515,1625,black,240+0,d4 d5 Nf3 Bf5 e3 Nf6 c4 dxc4 Bxc4 e6,10,
1338,1288,white,180+0,e4 e5 Qh5 d6 Bc4 g6 Qf3 Nf6 d3 Bg7,10,
1507,1679,white,180+3,e4 e6 Nf3 d5 exd5 exd5 Be2 Nf6 O-O Bd6,10,
1349,1381,black,300+4,c4 e5 e4 Bc5 d3 Qf6 Nh3 d6 Nc3 Bxh3,10,
1481,856,white,180+0,e4 e5 Nf3 d5 exd5 Bd6 Bc4 c6 O-O cxd5,10,
1682,1792,white,300+5,f4 d5 Nf3 g6 e3 Bg7 Be2 Nf6 h3 O-O,10,
2066,1982,white,120+0,d4 d5 c4 e6 Nc3 Nf6 e3 c6 a3 Nbd7,10,
1219,1252,white,300+4,e4 e5 Nf3 f6 Bc4 Nh6 O-O Bc5 Nc3 c6,10,
1625,1653,white,900+0,e4 e5 c4 Nf6 d3 Bc5 Na3 O-O Nc2 Nc6,10,
1940,1702,white,60+1,e4 e5 Nf3 d6 c3 Nc6 Bc4 Bg4 d3 Qe7,10,
1698,1519,white,600+0,e4 Nc6 Nf3 e5 d4 d6 dxe5 Bg4 exd6 Bxd6,10,
1908,1729,white,60+0,e4 c5 Nf3 g6 Bc4 Bg7 O-O e6 c3 Ne7,10,
2166,1500,black,180+0,Nf3 d5 g3 g6 Bg2 Bg7 O-O Nf6 d3 c6,10,
1591,1629,white,600+0,Nc3 e5 e4 Nf6 d3 d5 Bg5 d4 Nd5 Be6,10,
1482,1484,white,300+0,d4 d5 Nf3 c5 h3 c4 a3 Nc6 Nc3 e6,10,
2114,2144,white,180+0,d4 e6 c4 Nf6 Nc3 Bb4 Qc2 b6 a3 Bxc3+,10,
1609,1603,white,60+0,e4 c5 Bc4 e6 Nf3 d5 exd5 exd5 Qe2+ Be7,10,
1649,1526,black,60+0,e3 e6 d3 d5 Be2 Nc6 Bd2 Nf6 c3 Be7,10,
1526,1478,black,600+5,e4 e5 Bc4 Nf6 d3 d5 exd5 Bc5 h3 e4,10,
1651,1566,white,300+4,c4 e5 d3 c6 Nf3 d6 g3 Be7 Bg2 Nf6,10,
1401,1297,white,300+0,e4 e5 Nf3 f6 Bc4 Nc6 Nc3 Na5 Bb3 Bb4,10,
1294,1707,black,300+0,e3 e5 Nf3 Nc6 b3 d5 Bb2 e4 Nd4 Nxd4,10,
1415,1108,white,720+8,d4 d5 Nc3 e5 dxe5 Be6 f4 Be7 g3 d4,10,
1916,1724,white,60+0,e4 c5 Nf3 g6 Bc4 Bg7 O-O e6 c3 Ne7,10,
1635,1828,black,240+1,e4 e6 d4 c6 Nf3 d5 exd5 cxd5 Bg5 Be7,10,
1464,1493,black,300+0,e4 e5 Nf3 d6 Bc4 Bg4 Nc3 a6 Nxe5 Be6,10,
1239,1261,black,300+5,e4 d5 exd5 Qxd5 Nc3 Qd6 Nf3 Bf5 Bc4 Nc6,10,
1396,1407,white,180+3,e4 Nf6 Nc3 d5 Nxd5 Nxd5 exd5 Qxd5 d3 e5,10,
1697,1944,white,60+1,e4 c5 f4 e5 Nf3 exf4 h4 Bd6 c3 Nf6,10,
1491,1514,white,600+5,e4 e5 Nf3 Nc6 Bc4 h6 d4 Bd6 d5 Na5,10,
1301,1482,black,180+0,e4 e5 Nf3 Qf6 Bc4 Nh6 h3 Bd6 d3 a6,10,
1586,1672,black,300+5,c4 e5 Nc3 Nf6 g3 Bc5 Bg2 O-O e3 Nc6,10,
1591,1627,black,60+0,e4 g6 d4 Bg7 Nf3 e6 c3 d6 Be3 Bd7,10,
1375,1349,white,180+0,e4 e5 Qh5 Nc6 Bb5 g6 Qh3 d6 Qg3 a6,10,
1442,1385,white,240+5,e4 e5 Nf3 Nc6 Bb5 a6 Bxc6 bxc6 Nxe5 d5,10,
1692,1403,black,300+0,e4 e5 Nf3 Nf6 b3 Nc6 Bb2 d6 Bb5 Nxe4,10,
1561,1398,black,840+14,e4 Nc6 Bc4 Nf6 d3 d5 exd5 Nxd5 c3 Nf6,10,
1923,1718,black,60+0,e4 c5 Nf3 g6 Bc4 Bg7 O-O Nc6 c3 d6,10,
1592,2131,black,360+0,e4 e6 d4 d5 e5 c5 c3 Qb6 f4 Nc6,10,
1843,1681,white,720+0,d4 d5 c4 c6 Nc3 Nf6 Bg5 e6 e3 Be7,10,
1521,1509,black,600+8,e4 e5 Nf3 d6 Nc3 c6 d4 Nd7 dxe5 dxe5,10,
1565,1469,white,0+10,e4 d5 exd5 Qxd5 Nc3 Qa5 Nf3 Nf6 Be2 Nc6,10,
1805,1723,white,300+0,e3 e5 Ne2 d5 d4 e4 Nf4 Nf6 Be2 Bd6,10,
1409,1288,black,180+0,e4 g6 d4 Bg7 e5 d6 f4 dxe5 dxe5 Nc6,10,
1513,1704,white,600+0,Nf3 e5 Nxe5 d5 d4 Bd6 Nf3 Nf6 Nc3 O-O,10,
1384,1556,white,180+3,e4 e5 Nf3 Nc6 Bb5 d6 h3 Bd7 O-O a6,10,
1794,1662,black,240+0,d4 d5 c4 c6 g3 Nf6 Bg2 Bf5 Nf3 Bg6,10,
1643,1581,white,60+0,e3 d5 d3 e5 Be2 c5 Bd2 Nf6 c3 Bd6,10,
1730,1291,white,300+0,e4 e6 d4 b6 d5 Bb7 Nc3 exd5 exd5 Nf6,10,
1926,1716,white,60+1,e4 e5 Nf3 d6 c3 Nc6 Bc4 Bg4 O-O Qe7,10,
1468,1462,white,420+4,d4 d5 c4 dxc4 e3 Bf5 Bxc4 e6 a3 Nf6,10,
1866,1887,white,300+0,d4 d5 e3 e6 Bd3 Nf6 f4 c5 c3 Nc6,10,
1500,1514,white,120+0,d4 e6 c4 c6 Nc3 Nf6 e4 e5 d5 c5,10,
1860,1312,white,300+8,e4 e6 d4 Nf6 Nc3 Nc6 Nf3 g6 Bg5 h6,10,
2022,1938,white,240+0,e4 e6 d3 d5 Nd2 Nf6 Ngf3 dxe4 dxe4 Bc5,10,
1393,1670,black,180+3,e4 e5 d4 exd4 c3 Nc6 cxd4 d6 Nc3 Nf6,10,
1984,1785,white,60+0,e3 e6 d4 d5 c4 c5 Nc3 dxc4 Bxc4 Nf6,10,
1730,1711,black,480+0,e4 e5 Nc3 Nc6 Nf3 Bb4 Nd5 Bc5 Bc4 h6,10,
1902,2078,white,120+0,e4 c5 Nf3 Nc6 Bc4 e5 d3 h6 a3 d6,10,
1136,1271,black,300+2,e4 e5 Qh5 Nc6 Bb5 g6 Qf3 Nf6 c3 Bg7,10,
1423,1674,black,300+0,e4 e5 Nf3 Qf6 Bc4 Bc5 Nc3 c6 d3 h6,10,
1546,1603,black,1200+0,e4 e5 Nf3 Nc6 d4 exd4 Nxd4 Nf6 f3 d6,10,
1608,1765,white,240+8,e4 e5 Nf3 Nc6 Bb5 Nf6 Bxc6 dxc6 Nc3 Bd6,10,
1657,1500,black,60+0,e3 d6 d3 Nf6 c3 g6 f3 Bg7 Be2 O-O,10,
1682,1709,white,120+0,d4 f5 c4 Nf6 Nc3 e6 Bg5 d5 Bxf6 Qxf6,10,
1591,1385,white,360+0,e4 e6 d4 d5 e5 c5 c3 Nc6 f4 Qb6,10,
1922,1735,black,60+0,e4 c5 Nf3 g6 Bc4 Bg7 O-O d6 c3 Nc6,10,
1191,1377,white,300+6,e4 e5 Qh5 Qe7 Bc4 g6 Qf3 Nf6 b3 Nc6,10,
1361,1302,black,180+0,e4 g6 e5 Bg7 d4 d6 f4 dxe5 fxe5 Nc6,10,
1809,1692,white,120+0,d4 d5 c4 dxc4 Nc3 e6 a3 Nf6 e4 Be7,10,
1927,1984,white,180+0,d4 d5 Nf3 Nc6 c4 Bg4 Nc3 Nf6 e3 e5,10,
1590,1725,black,240+0,e4 c5 f4 Nc6 Bb5 g6 Bxc6 bxc6 Nf3 Bg7,10,
1642,1572,black,60+0,e3 d5 d3 e5 Be2 c5 Bd2 b5 c3 a5,10,
1732,1632,black,300+4,d4 Nf6 c4 e6 Nc3 b6 Nf3 Bb7 e3 Bb4,10,
1694,1578,draw,300+5,e4 c5 Nc3 Nc6 Nf3 d6 d4 cxd4 Nxd4 Nxd4,10,
1771,1565,draw,300+5,e4 e5 Nf3 Nc6 Bb5 Qf6 O-O Bc5 c3 h6,10,
1707,1414,white,300+4,e4 e5 Nf3 Nc6 Bb5 d6 d4 Bd7 d5 Nb8,10,
1901,1751,black,60+0,e4 c5 Nf3 g6 Bc4 Bg7 O-O Nc6 c3 e6,10,
1496,1528,black,480+8,e4 e5 Nf3 d6 d4 exd4 Qxd4 Nc6 Qe3 b6,10,
1334,1349,white,720+8,e4 e5 Nf3 Nc6 Nc3 Nf6 Bc4 Bc5 d3 Ng4,10,
1585,1622,black,60+0,e4 g6 Nf3 Bg7 d4 e6 c3 d6 Be3 Qe7,10,
1476,1497,black,1200+0,e4 e5 d4 Nc6 Bc4 d6 Nf3 Be7 O-O h6,10,
1876,1879,black,300+0,e4 e6 Nf3 d5 e5 c5 c3 Nc6 d4 cxd4,10,
1868,1479,black,120+0,d4 c5 c4 cxd4 Qxd4 Nc6 Qd1 e6 Nc3 a6,10,
1727,1289,white,900+8,e4 e5 Nf3 f6 Bc4 h6 d4 exd4 Nxd4 a6,10,
1596,1734,black,360+0,e4 c5 c3 Nc6 h3 Nf6 d3 g6 Be3 d6,10,
1200,1749,black,300+0,d4 d5 c4 Nf6 cxd5 Nxd5 e4 Nf6 e5 Nd5,10,
1636,1506,white,60+0,e3 e5 d3 d6 Be2 c6 Bd2 f6 c3 g6,10,
1731,1629,white,120+0,d4 d5 c4 dxc4 Nc3 e6 e4 Bb4 Qa4+ Nc6,10,
1450,1479,black,420+4,e4 e5 Nf3 Qf6 Bc4 Bc5 O-O Ne7 d3 h6,10,
1657,1535,white,60+1,d4 e6 e3 d6 Nf3 Ne7 Bb5+ c6 Be2 Nd7,10,
2133,1806,white,180+0,Nf3 c5 g3 g6 Bg2 Bg7 O-O Nc6 d3 e6,10,
1729,1284,white,900+8,e4 e5 Nf3 Nf6 Nc3 g6 Bc4 Bc5 Nxe5 O-O,10,
1444,1663,black,900+8,e4 e6 Nf3 c5 d4 cxd4 Nxd4 Nc6 Nxc6 bxc6,10,
1352,1500,black,420+7,e3 e5 a3 d5 b4 Nf6 Bb2 Bd6 Nc3 Be6,10,
1469,1500,white,120+0,e4 e5 Nf3 Nc6 Bb5 Nf6 Bxc6 dxc6 O-O Nxe4,10,
1713,1712,white,300+7,e3 e5 e4 d5 exd5 Nf6 Nc3 Bc5 Nf3 Bg4,10,
1639,1724,white,480+0,d4 c5 Nf3 Nc6 dxc5 d5 g3 Bg4 Bg2 Qd7,10,
1971,1685,white,180+0,e4 c5 b4 e6 bxc5 Bxc5 d4 Bb6 Nf3 Nf6,10,
1647,1309,white,60+0,e3 e5 d3 d5 Be2 Nc6 Bd2 Nf6 c3 Be6,10,
1647,1575,black,60+0,e4 c5 Bc4 e6 Nf3 d5 exd5 exd5 Qe2+ Be7,10,
1420,1288,draw,300+1,e4 h6 Bc4 g5 Qf3 e6 e5 Bg7 d4 d5,10,
1424,1307,white,1620+8,e4 e5 Nf3 Nc6 Nc3 Bb4 d3 Bxc3+ bxc3 Nf6,10,
1681,1975,white,180+0,c4 e5 Nc3 Bb4 d3 Nf6 e4 c6 Nf3 d5,10,
1502,1503,white,600+5,e4 e5 Bc4 Nf6 Nc3 Bc5 h3 Nc6 Nd5 Nxe4,10,
1574,1763,black,300+5,e4 g6 Bc4 d6 c3 Nf6 d3 Bg7 Nf3 O-O,10,
1550,1729,white,300+2,d4 Nf6 Nc3 d5 e4 Nxe4 Nxe4 dxe4 f3 exf3,10,
1574,1781,black,120+0,e4 c5 Bc4 e6 Nc3 a6 a3 b5 Ba2 e5,10,
1401,1718,black,240+4,e4 e5 Nf3 Nc6 Bb5 Nf6 d3 d6 h3 Bd7,10,
1664,1478,black,120+0,d4 e6 e3 d5 g3 Bd6 Be2 Nf6 Nf3 O-O,10,
1371,1408,white,300+4,e4 e5 d3 Nc6 c3 Nf6 Bg5 Be7 Nf3 O-O,10,
1731,1576,draw,900+8,e4 e5 Nf3 Nc6 Bc4 d6 d4 Bg4 dxe5 Nxe5,10,
1458,1648,white,0+1,e3 d5 d3 e6 e4 Be7 Nd2 dxe4 dxe4 Nf6,10,
1989,2056,black,120+0,e4 c5 Nf3 Nc6 d4 cxd4 Nxd4 e5 Nb5 a6,10,
1657,1599,white,840+8,d4 d6 e4 e5 d5 f5 Bd3 fxe4 Bxe4 Be7,10,
1699,1424,white,0+1,d4 e6 c4 b6 Nc3 Bb7 e3 a5 Nf3 h5,10,
1523,1468,white,960+8,e4 e5 Nf3 Nc6 d4 exd4 c3 dxc3 Bc4 c2,10,
2142,1800,black,180+0,Nf3 c5 g3 g6 Bg2 Bg7 O-O Nc6 d3 e6,10,
1565,1583,black,300+2,d4 d5 e4 dxe4 Nc3 Nc6 Be3 e6 f3 f5,10,
1814,1493,white,300+2,e3 e5 Ne2 Nf6 d4 e4 Nf4 d5 c4 c6,10,
1803,2138,black,180+0,e4 e6 Nf3 c5 Nc3 a6 d4 cxd4 Nxd4 d6,10,
1589,1637,black,360+0,e4 a6 d4 b5 Bd3 Bb7 f3 Nf6 Ne2 e6,10,
1293,1347,black,120+11,a3 d6 b4 Nf6 Bb2 g6 e4 Bg7 d4 O-O,10,
1415,1626,white,840+14,e4 e5 Bc4 Nf6 d4 h6 dxe5 Nxe4 Qd5 Qe7,10,
1404,1079,white,900+0,e4 e5 Nf3 Qe7 Nc3 c6 d4 d6 d5 Bg4,10,
1759,1199,white,300+0,e4 e5 Nf3 Nc6 Bc4 Bc5 c3 Nf6 d4 exd4,10,
1363,1508,white,1200+0,e4 e5 Bc4 d6 Nc3 Nc6 Qf3 Qf6 Qxf6 Nxf6,10,
1486,1513,black,480+8,e4 e5 d4 Nc6 dxe5 Nxe5 b3 Bc5 Bb2 d6,10,
1585,1239,white,60+0,e4 d6 Bc4 b6 Nf3 g6 Ng5 f5 Nf7 Qd7,10,
1621,1462,white,60+1,d4 Nf6 g3 g6 Bg2 Bg7 e3 O-O b3 c5,10,
1818,1955,black,180+0,e3 d5 d3 e5 Ne2 c5 Ng3 Nc6 Be2 f5,10,
1414,1412,black,300+2,e4 d6 Qh5 Nf6 Qb5+ Qd7 Qd3 Nc6,8,
1295,1326,black,1800+0,e4 e5 Qh5 d6 f4 Nf6 Qe2 Nbd7 f5 a6,10,
1716,1526,white,120+0,d4 e6 c4 Ne7 Nc3 d5 e4 dxe4 Nxe4 Nf5,10,
1398,1344,black,240+4,e4 e5 Nf3 d6 Bc4 h6 O-O Nf6 Re1 Be7,10,
1628,1565,black,60+0,e3 a6 d3 b5 Be2 e6 Bf3 c6 c4 bxc4,10,
1610,1315,black,60+0,e4 d6 Bc4 Nf6 d3 g6 Nf3 Bg7 Ng5 O-O,10,
1963,1796,white,180+0,e4 e5 Nf3 Nc6 Bb5 a6 Ba4 Nf6 O-O Be7,10,
1469,1623,black,60+0,e4 c5 d3 Nc6 Nd2 d6 Ngf3 e6 g3 Nf6,10,
1724,1709,black,480+0,e4 e5 Bc4 Nf6 Nf3 Nc6 Ng5 Bc5 Nxf7 Bxf2+,10,
1455,1639,black,60+0,e4 e5 d3 Nc6 Nd2 Nf6 Ngf3 d5 g3 d4,10,
1631,1462,white,60+0,e4 e6 Nf3 Ne7 d4 d5 e5 c6 c3 Nd7,10,
1771,1674,white,300+5,e4 e6 Nf3 d5 exd5 exd5 Be2 Nf6 O-O Bd6,10,
1686,1278,black,300+2,e4 e5 Nf3 Nc6 Bb5 Nf6 O-O Bc5 Re1 a6,10,
1678,1481,white,300+0,e4 d6 Nf3 e5 b3 Nf6 Bb2 Nc6 Bb5 Bd7,10,
1865,1990,white,180+0,d4 e6 c4 b6 Nc3 Bb7 e4 Ne7 Nf3 d6,10,
1631,1476,white,0+1,d4 e6 e3 Ne7 g3 d5 Bg2 Nd7 Ne2 c6,10,
1949,1879,white,180+0,e4 c5 Nc3 Nc6 Nf3 g6 d4 cxd4 Nxd4 Bg7,10,
1598,1492,white,600+2,e4 e5 Nf3 Nf6 Nxe5 Bc5 Bc4 d5 exd5 Nxd5,10,
1589,1527,white,60+0,e4 e5 Bc4 Nc6 Nf3 d6 d3 Bg4 Nbd2 Nf6,10,
1871,1972,white,180+0,e4 e6 Nf3 b6 d4 Bb7 c4 Ne7 Bd3 d6,10,
1498,1253,black,120+0,e4 e5 Nf3 Nc6 Bb5 Nd4 Nxd4 exd4 c3 c6,10,
1731,1700,black,600+5,e4 e5 Bc4 Nf6 Nf3 Nc6 d3 Bc5 h3 d6,10,
1638,1441,black,60+1,d4 Nf6 e3 g6 Nf3 Bg7 g3 d6 Bg2 O-O,10,5192.06
1790,1969,black,180+0,d4 d5 c4 Nc6 Nc3 Nf6 Nf3 Bg4 e3 e5,10,
1743,1170,white,120+0,d4 d5 c4 e6 Nc3 dxc4 e4 Bb4 Bxc4 Bxc3+,10,
1489,1441,white,420+4,d4 f5 c4 Nf6 e3 d5 Nc3 dxc4 Bxc4 Nc6,10,
2112,1740,white,180+0,Nf3 d5 g3 Nc6 Bg2 e5 d3 Nf6 O-O Bg4,10,
1729,2116,black,180+0,e4 e6 Nf3 d5 exd5 exd5 d4 Nc6 Nc3 Bb4,10,
1637,1525,black,900+0,e4 e5 c4 c5 d3 d6 h3 Be7 Na3 a6,10,
1671,1879,black,900+4,d4 d5 Nf3 Nf6 e3 Bg4 c4 e6 h3 Bh5,10,
1454,1628,white,60+1,d4 d5 c4 e6 Nf3 dxc4 g3 a6 Bg2 b5,10,
1298,1308,white,300+2,b4 e5 Bb2 Nc6 b5 Nd4 e3 Nxb5 Bxb5,9,
1309,1539,black,300+2,b4 e5 Bb2 Bxb4 Bxe5 f6 Bb2 Ne7 c4 O-O,10,
1271,1475,black,1620+8,e4 e5 Nf3 d6 d4 exd4 Nxd4 Qe7 f3 Nf6,10,
1747,1646,white,180+3,d4 b5 Nf3 Bb7 e3 a6 Nbd2 e6 Bd3 Nf6,10,
1322,1500,draw,720+8,e4 e5 Qh5 Nf6 Qxe5+ Qe7 Qxe7+ Bxe7 f3 O-O,10,
1812,1556,black,120+0,d4 d5 c4 dxc4 Nc3 e5 d5 Nf6 e4 Bb4,10,
1601,1338,white,60+0,e3 d6 d3 Nf6 c3 g6 f3 Bg7 Be2 O-O,10,
1579,1871,black,360+0,e4 e6 d4 d5 e5 c5 f4 Nc6 Nf3 Qb6,10,
1507,1247,black,1620+8,e4 e5 Nf3 Nc6 Nc3 Nf6 d3 Bb4 Bd2 Bxc3,10,
1357,1282,white,120+11,d4 h6 h3 g5 Nf3 Bg7 e3 d6 Bb5+ Nd7,10,
1380,1492,white,1200+0,e4 e5 Bc4 Nc6 Nc3 d6 Nf3 Bg4 h3 Bxf3,10,
1328,1477,black,120+0,e4 e5 Nf3 Bd6 d4 Qf6 dxe5 Bxe5 Nxe5 Qxe5,10,
1440,1633,black,1200+1,e4 e5 Nf3 Nc6 Bc4 Nd4 O-O Nxf3+ Qxf3 Qf6,10,
1938,1884,white,180+0,e4 e5 Nf3 Nf6 Nc3 Nc6 d4 Nxd4 Nxd4 exd4,10,
1612,1277,white,60+0,e4 e6 Bc4 Nc6 d4 d5 exd5 exd5 Bb5 a6,10,
1435,1426,white,480+0,e4 e5 Nf3 Nc6 Nc3 Nf6 Bb5 Bb4 Bxc6 dxc6,10,
1615,1575,white,600+8,e4 e6 Nf3 d5 exd5 Qxd5 Nc3 Qd8 d3 Bb4,10,
1607,1333,white,60+0,e3 d6 d3 Nf6 Be2 g6 Bd2 Bg7 c3 O-O,10,
1748,1194,white,120+0,d4 e6 c4 c5 d5 d6 e4 e5 Bd3 Bd7,10,
1712,1647,white,1200+1,e4 e5 Bc4 Nf6 Nf3 Bd6 O-O h6 d4 exd4,10,
1229,1304,black,300+2,e4 e5 Nf3 Nc6 Bc4 Bc5 d3 Nf6 h3 O-O,10,
1901,1400,white,900+21,d4 d5 Nf3 e6 e3 Bb4+ c3 Bd6 Bd3 Ne7,10,
1918,1975,white,300+0,e4 Nc6 d4 e5 d5 Nce7 c4 Ng6 Ne2 Bc5,10,
1616,1273,white,60+0,e4 e5 d4 exd4 Qxd4 Nc6 Qd1 Bc5 Bb5 Nd4,10,
1539,1674,white,720+0,e4 e5 Nf3 Nc6 Bb5 d6 Bxc6+ bxc6 d4 Ba6,10,
1726,1075,white,900+8,e4 d6 Nf3 Nf6 Nc3 Bg4 h3 Bxf3 Qxf3 c5,10,
1533,1659,white,960+8,e4 e5 Nf3 Nf6 Nxe5 Qe7 Nf3 Qxe4+ Be2 Bc5,10,
1419,1309,white,420+0,d4 Nf6 Nc3 d5 e4 Nc6 e5 Ne4 Nxe4 dxe4,10,
1592,1892,black,300+15,e4 c5 c3 Nc6 d4 e6 e5 cxd4 cxd4 Bb4+,10,
1475,1683,black,300+0,e4 e5 d3 b6 f4 exf4 Bxf4 Bb7 Ne2 Nf6,10,
1312,1261,white,300+2,b4 e5 Bb2 f6 a3 d6 c4 Be6 e3 Qd7,10,
1485,1320,black,120+0,e4 d6 Bd3 Nf6 Nf3 g6 O-O Bg7 Re1 O-O,10,
1289,1427,black,420+0,e4 e5 Nf3 Nc6 d4 d6 d5 Nce7 Nc3 c6,10,
1720,1528,white,300+0,e4 Nc6 Nf3 e5 Bb5 Qf6 d3 h6 Bxc6 dxc6,10,
1543,1421,black,120+0,d4 g6 c4 Bg7 Nc3 Nf6 Nf3 d6 e3 O-O,10,
1606,1446,black,600+2,e4 e5 Nf3 d6 Bc4 h6 Nc3 a6 b3 c6,10,
1619,1743,black,60+0,e3 e6 d3 d5 Be2 Nf6 Bd2 Be7 c3 O-O,10,
1575,1179,white,360+0,e4 e5 Bc4 Nf6 d3 Bc5 h3 h6 Nf3 d6,10,
1280,1447,white,300+12,e4 e5 Qh5 Qf6 Nf3 Nc6 Bc4 Nh6 Bd5 g6,10,
1754,1578,white,120+0,d4 b5 c4 bxc4 e4 Bb7 Nc3 e6 a3 c5,10,
1354,1536,black,1800+0,e4 e5 Nf3 Nc6 Nc3 Nf6 d3 Bb4 Qd2 Nd4,10,
1535,1608,white,240+8,e4 e5 Nf3 Nc6 Bb5 Nge7 Bxc6 Nxc6 O-O Bc5,10,
1519,1498,black,420+4,e4 e5 Nf3 Qf6 d3 h6 Nc3 c6 Be3 Bd6,10,
1884,1666,black,900+4,e4 c5 Nf3 e6 d4 cxd4 Nxd4 Nc6 Nb5 Nf6,10,
1454,1398,black,480+0,e4 e5 Nf3 d6 Nc3 c5 Bb5+ Bd7 Bxd7+ Nxd7,10,
1696,1779,black,60+0,b3 e6 Bb2 d5 a3 Nf6 b4 Be7 g3 Nbd7,10,
1610,1340,white,60+0,e4 d6 Bc4 Nf6 f3 g6 d4 Bg7 e5 O-O,10,
1758,1734,black,1320+8,e4 e5 d4 exd4 Nf3 Nc6 Nxd4 Nxd4 Qxd4 d6,10,
1539,1622,black,900+0,e4 e5 Nf3 d6 h3 c5 Be2 Nf6 d3 h6,10,
1335,1615,white,60+0,e4 g6 Nf3 Bg7 d4 b6 c3 Bb7 Nbd2 e6,10,
1252,1322,black,300+2,e4 e5 d3 Nf6 Bg5 Nc6 Bxf6 Qxf6 Nf3 Bc5,10,
1689,1469,white,300+0,e4 d6 Nf3 Nf6 Qe2 Bg4 b3 Bxf3 Qxf3 e5,10,
1581,1319,white,300+5,c4 e5 Nc3 Nf6 g3 d5 cxd5 Nxd5 Bg2,9,
1466,1438,draw,120+0,e4 g6 Qf3 Bg7 Bc4 e6 Nh3 Nf6 O-O d6,10,
1779,1572,black,120+0,d4 a6 c4 e6 Nc3 Nf6 a3 g6 e4 Bg7,10,
1861,1462,white,300+8,e4 e5 Nf3 Nc6 d4 exd4 Nxd4 Nf6 Nc3 d5,10,
1626,1721,black,1200+1,e4 e5 f3 Bc5 h4 Bxg1 Rxg1 Qxh4+ g3 Qd8,10,
1586,1529,black,300+5,c4 f6 Nc3 e5 g3 Bb4 Bg2 c6 Nf3 d6,10,
1379,1903,black,900+21,e4 g6 Bc4 Bg7 Nf3 c5 O-O Nc6 d3 e6,10,
1591,1357,white,60+0,e3 d6 d3 Nf6 Be2 g6 Bd2 Bg7 c3 O-O,10,
1857,1559,white,300+20,e4 e5 Nf3 Nc6 Bc4 d6 d4 Nxd4 Nxd4 exd4,10,
1606,1434,black,840+14,e4 e5 Nf3 Bc5 h3 d6 a3 Nf6 Nc3 Nc6,10,
1557,1523,black,240+0,e4 Nc6 d4 e5 d5 Nce7 Nf3 Ng6 Be2 h6,10,
2120,1416,white,180+0,Nf3 d5 c4 dxc4 Na3 Qd5 Qa4+ Bd7 Qxc4 Qxc4,10,
1106,1177,white,300+1,d4 d6 e4 e5 dxe5 dxe5 Qxd8+ Kxd8 Nc3 Bb4,10,
1351,1597,black,60+0,e4 g6 Nf3 Bg7 d4 e6 c3 d6 Be3 Bd7,10,
1588,1714,white,120+0,e4 c5 Nf3 e6 d4 cxd4 Nxd4 Bc5 Nc3 e5,10,
1624,1424,black,600+8,e4 e5 Nf3 Nc6 Bc4 h6 c3 a6 b4 Nf6,10,
1549,1478,black,1200+0,e3 d5 Nf3 e6 b3 Nf6 Bb2 Be7 c4 c6,10,
1523,1489,black,600+5,e4 e5 Nf3 Nc6 Bc4 Nf6 Nc3 Bb4 Ng5 O-O,10,
1662,1602,white,120+0,d4 b5 c4 bxc4 e4 g6 Bxc4 Bg7 Qf3 e6,10,
1875,1820,white,180+0,d4 c5 d5 d6 c4 e5 Nc3 f5 e4 Nf6,10,
1507,1075,white,360+9,e4 Nc6 d4 e6 c4 Bb4+ Bd2 Bxd2+ Qxd2 Nf6,10,
1603,1346,white,60+0,e4 d6 Bc4 Nf6 d3 g6 Nf3 Bg7 Ng5 O-O,10,
1464,1694,white,300+0,e4 e5 Ne2 Qf6 Ng3 Bc5 f3 b6 d3 Bb7,10,
1691,1593,black,120+0,d4 e6 c4 Nf6 Nc3 Bb4 Bd2 Be7 a3 c5,10,
1666,1782,black,300+5,e4 g6 d4 Bg7 Be3 d6 Nc3 Nf6 Qd2 O-O,10,
1535,1544,white,240+0,e4 e5 Qh5 d6 Bc4 g6 Qf3 Nf6 d3 Bg4,10,
1543,1573,white,300+5,d4 c5 e3 cxd4 Qxd4 Nc6 Qd5 Nf6 Qd2 d5,10,
1341,1608,black,60+0,e4 g6 Nf3 Bg7 d4 d6 c3 e6 Be3 c6,10,
1782,1716,white,120+0,d4 f5 c4 Nf6 Qc2 e6 e4 fxe4 f3 exf3,10,
1903,1702,white,180+0,e4 e5 Nc3 Nc6 Nf3 d6 d4,7,
1331,1243,white,300+2,b4 Nf6 Bb2 Nd5 c4 Nxb4 e3 d6 a3 N4c6,10,
1402,1807,black,420+8,d4 Nf6 f3 e6 e4 Bb4+ Bd2 a5 a3 Be7,10,
1601,1559,black,600+1,e4 e5 Nf3 Nc6 c3 d6 d4 exd4 cxd4 Bg4,10,
1613,1336,black,60+0,d4 d6 e4 Nf6 e5 g6 exf6 exf6 Bc4 Bg7,10,
1409,1325,white,720+8,d4 d5 Nf3 f6 Nc3 c6 e3 Na6 Bxa6 bxa6,10,
1686,1163,white,0+1,b3 e5 Bb2 d5 a3 Qd6 b4 Nf6 g3 Nc6,10,
1488,1439,white,120+0,e4 g6 Nf3 Bg7 Bc4 d6 Nc3 Nf6 Ng5 O-O,10,
2121,1391,white,180+0,Nf3 b6 g3 c6 Bg2 Bb7 O-O Qc7 d4 c5,10,
1607,1650,black,120+0,e4 c5 Nf3 e6 d4 cxd4 Nxd4 Bc5 Nc3 e5,10,
1791,1686,white,120+0,e4 b6 f4 Bb7 d3 a6 Nf3 b5 Be3 c6,10,
1358,1590,black,60+0,e4 e5 Nf3 d6 d4 Bg4 h3 Bxf3 Qxf3 Nc6,10,
1498,1500,black,120+0,e4 d5 exd5 Qxd5 Nc3 Qd8 d4 Nf6 Nf3 c6,10,
1863,1413,white,300+8,e4 e5 Nf3 d6 d4 f6 Nc3 exd4 Nxd4 Ne7,10,
1674,1676,white,120+0,d4 c5 d5 d6 c4 Nf6 Nf3 e6 Nc3 Be7,10,
1909,1884,black,180+0,e4 c5 Nc3 Nc6 g3 g6 d3 Bg7 Be3 d6,10,
2121,1910,white,180+0,Nf3 c5 g3 Nc6 Bg2 g6 d3 Bg7 O-O d5,10,
1340,1002,white,300+2,b4 d5 Bb2 f6 e3 e5 c4 Bxb4 a3 Bf8,10,
1596,1353,black,60+0,e3 d6 d3 Nf6 Be2 g6 Bd2 Bg7 c3 O-O,10,
1522,1500,white,300+2,e4 e5 Nf3 Nc6 Bb5 Nf6 d3 d6 Bg5 Be7,10,
1590,1609,white,1200+1,e4 e5 Nf3 Qf6 Nc3 c6 d4 Bd6 Bg5 Qg6,10,
1532,1546,black,240+0,e4 Nc6 d4 e5 d5 Nce7 Nf3 h6 Nxe5 Nf6,10,
1676,1483,white,300+0,e4 d6 Nf3 c6 d4 e6 Nc3 Bd7 Be3 Ne7,10,
1577,2129,black,360+0,e4 c5 c3 d5 exd5 Qxd5 Nf3 Nf6 b3 Bg4,10,
1589,1791,black,120+0,e4 d5 exd5 Qxd5 d4 Qd8 Nc3 Nf6 Nf3 Bg4,10,
1865,1773,black,300+8,e4 e5 Nf3 d6 d4 exd4 Nxd4 Be7 Nc3 Nf6,10,
1897,1895,white,180+0,e4 c5 Nc3 Nc6 g3 d6 d3 g6 Be3 Bg7,10,
1430,1303,white,300+12,e4 d5 exd5 Qxd5 d4 Qe4+ Be3 Bg4 Nf3 Nc6,10,
1578,1631,black,900+0,e4 e5 d4 exd4 Qxd4 Nc6 Qe3 Nf6 e5 Nd5,10,
1340,1411,white,120+14,e4 e6 d4 d5 Nc3 Nf6 Bg5 Bb4 e5 Bxc3+,10,
1294,1461,white,0+10,e4 d5 exd5 Qxd5 Nf3 Nc6 d3 Nf6 h3 Bf5,10,
1581,1367,white,60+0,e3 d6 d3 Nf6 Be2 g6 Bd2 Bg7 c3 O-O,10,
1477,1682,white,300+0,e4 e5 d3 b6 Ne2 Bb7 Ng3 Na6 Be2 Nc5,10,
1837,1583,white,120+0,e4 c5 Nc3 e6 Nf3 d5 exd5 exd5 d4 c4,10,
1361,1587,black,60+0,e4 d5 Nf3 dxe4 Ne5 f6 Nc4 b5 Ne3 e5,10,
1908,1885,black,180+0,e4 e5 Nc3 Nf6 Nf3 Bb4 Nxe5 Qe7 d4 d6,10,
1683,1867,black,900+4,d4 d5 e3 Nf6 Nf3 e6 c4 c5 cxd5 cxd4,10,
1792,1666,black,300+5,e4 c6 Nc3 d5 exd5 cxd5 Be2 e5 d4 e4,10,
1374,1574,black,60+0,e4 g6 Nf3 Bg7 d4 e6 Bg5 d6 Bxd8 Kxd8,10,
1962,1810,black,180+0,e4 c5 b4 cxb4 d4 g6 f4 Bg7 Nf3 d6,10,
1561,1556,white,300+5,c4 f6 Nc3 c6 g3 e5 e4 a6 d4 exd4,10,
1474,1411,white,420+5,e4 e5 Nf3 d6 Nc3 Bg4 h3 Bxf3 Qxf3 h6,10,
1306,1428,black,120+0,e4 g6 Bc4 Bg7 d4 d6 c3 Nf6 Bg5 Nxe4,10,
1469,1416,white,420+5,e4 e5 Nf3 d6 Bc4 h6 O-O Nf6 Nc3 Be7,10,
1400,1486,white,420+5,e4 e5 Nf3 d6 Bc4 Nf6 Nc3 Be7 Ng5 h6,10,
1593,1355,white,60+0,e4 d6 Bc4 Nf6 d3 e5 Nf3 Be6 Bxe6 fxe6,10,
1710,1793,black,480+5,d4 b5 h3 Bb7 c3 e6 a3 Nf6 Bg5 Be7,10,
1295,1272,white,300+0,e4 e6 Nf3 Nc6 e5 d5 exd6 Bxd6 Bc4 Nf6,10,
1579,1811,black,60+1,e4 d5 exd5 Qxd5 Nc3 Qd8 Nf3 Bf5 d4 Nc6,10,
1781,1640,white,900+0,d4 d5 c4 Nf6 e3 Be6 cxd5 Bxd5 Nc3 Bc6,10,
1316,1500,white,540+0,e4 e5 Nc3 Nf6 Bc4 Nc6 Nf3 h6 a3 Bd6,10,
1576,1642,white,360+0,e4 c6 d4 d5 e5 Bf5 Bd3 Bxd3 Qxd3 e6,10,
1463,1569,black,900+0,e4 e6 Qf3 c5 c3 Qb6 d3 a6 b3 Nc6,10,
1350,1599,black,60+0,e4 g6 d4 Bg7 e5 e6 c3 d6 Nf3 dxe5,10,
1445,1243,white,420+1,e4 e5 Nf3 d6 Bc4 g6 d3 h6 Nc3 c6,10,
1826,1946,black,180+0,e4 Nc6 Nf3 e5 Nc3 Nf6 d4 exd4 Nxd4 Bb4,10,
1851,1589,white,300+8,e4 e5 Nf3 d6 d4 Be7 dxe5 dxe5 Qxd8+ Bxd8,10,
1072,1798,black,300+8,e4 c5 Nf3 g6 g3 d5 c3 dxe4 Nd4 Nf6,10,
1604,1345,black,60+0,e4 d6 Bc4 Nf6 d3 g6 Bg5 Bg7 Bxf6 Bxf6,10,
1452,1495,white,300+0,e4 d6 Nf3 e5 d4 f5 dxe5 fxe4 Ng5 d5,10,
1799,1442,black,300+8,e4 e5 Nf3 Nc6 Bc4 h6 O-O a6 a3 Bc5,10,
1269,1568,black,120+0,c4 e6 Nc3 d5 cxd5 exd5 d4 Nf6 Qb3 Bd6,10,
1816,1491,draw,1200+0,e4 e5 Nf3 Nc6 Bb5 d6 Bxc6+ bxc6 Nc3 Nf6,10,
1777,1829,black,300+5,e4 c6 Nc3 e5 Nf3 Qc7 Bc4 h6 O-O Nf6,10,
1415,1370,white,300+1,e4 e6 Bc4 d5 exd5 exd5 Bb3 a5 d4 c6,10,
1366,1582,black,60+0,e4 d6 d4 e6 Nf3 Bd7 Bd3 Be7 O-O f6,10,
998,1521,black,180+3,e3 e5 Nf3 e4 Nd4 c5 Nb5 a6 Nd6+ Bxd6,10,
1482,1464,white,300+0,e4 e5 d3 d6 Be2 Nc6 Bg4 Nf6 Bxc8 Qxc8,10,
1658,1581,black,300+3,h4 d5 d4 Nf6 Nc3 Nc6 f3 e5 e4 dxe4,10,
1237,1365,black,300+0,e4 e5 Nf3 d6 Nc3 Nc6 Bb5 a6 Bxc6+ bxc6,10,
1811,1569,white,60+1,d4 d5 c4 c6 Nc3 Nf6 Nf3 Bf5 Bg5 dxc4,10,
1588,1360,black,60+0,e3 d6 d3 Nf6 Be2 g6 Bd2 Bg7 c3 O-O,10,
1954,1717,white,180+0,e4 e5 Nf3 d6 Bc4 Be7 O-O Nf6 Re1 O-O,10,
1405,1481,draw,420+5,e4 e5 Nf3 d6 Nc3 Nc6 Bc4 h6 Nd5 Nf6,10,
1534,1595,black,240+0,d4 d5 Bf4 e6 Nc3 c5 dxc5 Bxc5 Nf3 Nc6,10,
1564,1815,black,60+1,e4 c5 c3 Nc6 d4 cxd4 cxd4 d5 e5 Qb6,10,
1574,1806,black,60+1,e4 c5 c3 Nc6 d4 cxd4 cxd4 d5 e5 Qb6,10,
1556,1436,white,120+0,d4 g6 Nf3 Bg7 e3 d6 Nc3 Nf6 Bd3 O-O,10,
1337,1662,black,-,e3 e5 Qh5 Nf6 Qxe5+ Qe7 Qxc7 Nc6 Qg3 g6,10,
1869,1880,black,120+0,d4 e6 Nf3 d5 g3 Nf6 Bg2 Bd6 O-O O-O,10,
1607,1525,white,240+0,e4 d5 exd5 Qxd5 Nc3 Qe6+ Be2 Nc6 Nf3 Qg6,10,
1596,1529,white,300+3,d4 Nf6 c4 e6 Bg5 Be7 Nc3 O-O e3 a6,10,
1381,1567,black,60+0,e4 g6 d4 Bg7 Nc3 e6 Bd3 d6 Bf4 c6,10,
1260,1343,black,300+2,e3 e5 Nf3 e4 Nd4 c5 Nb3 c4 Nd4 Bc5,10,
1855,1816,white,300+8,e4 a6 d4 b5 Nf3 Bb7 Nc3 b4 Na4 Bxe4,10,
1153,1197,white,300+1,d4 f5 h4 Nf6 f3 d5 g4 fxg4 f4 Ne4,10,
1702,1873,black,480+5,d4 d5 h3 Nf6 Nf3 e6 a3 c5 Bg5 Nc6,10,
1517,1617,black,240+0,d4 d5 Bf4 e6 Nc3 c5 Nb5 Qa5+ Nc3 Nc6,10,
1636,1493,black,300+0,d4 d5 c4 e6 Nc3 Nf6 Bg5 c6 Nf3 Be7,10,
1574,1374,white,60+0,e4 d6 Bc4 Nf6 d3 g6 Bg5 Bg7 Bxf6 Bxf6,10,
2055,1804,black,60+0,e4 d5 exd5 Qxd5 d4 Qd8 Nf3 c6 Be2 Bg4,10,
1234,1664,black,300+5,e4 e5 d3 b6 Qh5 Qf6 Qf3 Bb7 Qxf6 Nxf6,10,
1694,1643,white,120+3,c4 Nf6 b3 g6 Bb2 Bg7 e3 O-O Nf3 d6,10,
1500,1732,black,240+8,e4 e5 Nf3 Nc6 Bc4 Bc5 O-O d6 h3 Be6,10,
1560,1820,black,60+1,e4 c5 c3 Nc6 d4 cxd4 cxd4 d5 Nc3 dxe4,10,
1367,1581,white,60+0,e4 d6 Nf3 e5 d4 f6 dxe5 fxe5 c4 Be7,10,
1520,1605,black,300+3,e4 e5 Nf3 d6 c4 Bg4 Be2 Nf6 Nc3 Nc6,10,
1359,1431,white,300+3,d4 d5 e3 Nf6 a4 e6 a5 c5 dxc5 Bxc5,10,
1824,1555,black,60+1,d4 d5 c4 c6 Nc3 Nf6 Nf3 dxc4 a4 Bf5,10,
1500,1474,black,1200+0,d4 Nf6 Bf4 d6 Nd2 Nc6 e3 e5 dxe5 dxe5,10,
1572,1509,black,300+0,c4 d6 Nc3 e5 g3 f5 Bg2 Be7 e4 c6,10,
1766,1627,white,300+5,e4 e5 Nf3 Nc6 Bb5 d6 h3 Bd7 O-O Nf6,10,
1432,1500,white,180+3,e4 e5 Bc4 Nc6 d3 Nf6 Nf3 Bc5 Nc3 O-O,10,
1509,1523,black,180+3,d4 d5 Bf4 e6 Nc3 Nf6 Nf3 Be7 g3 O-O,10,
1866,1584,white,300+8,e4 e6 Nf3 b6 d4 Bb7 Nc3 Bb4 Bd3 d6,10,
1647,1907,white,180+3,d4 d5 Nf3 Nc6 c4 e6 Nc3 a6 Bf4 Bd6,10,
1575,1805,black,60+1,e4 c5 c3 Nc6 d4 cxd4 cxd4 d5 exd5 Qxd5,10,
1455,1532,black,1560+30,e4 e5 Qf3 Nc6 c3 Bc5 Bc4 Qf6 d3 a6,10,
1500,1577,black,600+0,c3 e6 b4 c5 b5 c4 a4 Nf6 d3 cxd3,10,
1466,1408,white,720+0,e4 e5 Nf3 d6 Nc3 Be7 g3 Nf6 Bg2 h6,10,
1184,1195,white,300+1,d4 a5 c4 Ra6 e3 c6 c5 b5 a4 d6,10,
1782,1870,black,300+8,e4 e5 Nf3 Nc6 Bb5 d6 h3 Be7 O-O Nf6,10,
1810,1570,white,60+1,e4 c5 Nf3 e6 d4 d5 exd5 cxd4 Qxd4 Qa5+,10,
1352,1250,black,300+2,b4 e6 Bb2 Bxb4 a3 Bf8 c4 Nf6 e3 d5,10,
1358,1512,draw,300+2,d4 Nf6 Nf3 d6 e3 Bg4 Bb5+ c6 Be2 Nbd7,10,
1325,1485,black,120+0,d4 d5 c4 e6 c5 b6 cxb6 axb6 e3 Nf6,10,
1829,1901,black,60+0,d4 d5 Nf3 c6 c4 Nf6 Qc2 dxc4 Qxc4 Nbd7,10,
1373,1633,black,300+0,d4 Nf6 e3 g6 a4 Bg7 b3 O-O h3 d6,10,
1896,1944,white,180+0,e4 e6 Nf3 d5 exd5 exd5 d4 Nf6 Nc3 Bd6,10,
1295,1219,black,300+5,e4 e5 Qh5 Nc6 Bc4 g6 Qf3 Nf6 c3 Be7,10,
1775,1596,white,300+5,e4 e5 Nf3 Nc6 Bb5 d6 h3 Nf6 O-O Be7,10,
1861,1605,white,300+20,e4 c5 Nf3 e6 d4 cxd4 Nxd4 Nc6 Be2 Bc5,10,
1533,1633,white,900+0,d4 d5 Na3 e6 Nf3 Nc6 Bf4 Bxa3 bxa3 Nf6,10,
1234,1498,white,300+5,e4 e5 Nf3 Nc6 d3 Bc5 Nc3 a6 a3 Ba7,10,
1523,1559,black,300+0,e4 c5 d3 d6 f4 Nc6 Be2 Nd4 c3 Nxe2,10,
1534,1499,white,180+3,e4 d5 exd5 Qxd5 Nc3 Qe6+ Be2 Nc6 Nf3 Qg6,10,
1475,1788,black,720+0,e4 e5 Nf3 Nc6 d4 exd4 Nxd4 Nge7 Nxc6 Nxc6,10,
1312,1590,white,300+4,e4 e5 Nf3 Nc6 Bc4 Bc5 Ng5 Qxg5,8,
1619,1548,draw,900+0,e4 g6 c4 Bg7 d3 e6 Nf3 c6 e5 Ne7,10,
1583,1521,white,60+0,e4 e6 Nf3 c5 d4 Nc6 d5 Nb4 c3 Nxd5,10,
1776,1895,black,60+1,e4 e6 Nf3 d5 e5 c5 b4 cxb4 a3 bxa3,10,
1637,1368,white,300+0,c4 e6 Nc3 d5 e3 Bb4 Nf3 Bxc3 bxc3 dxc4,10,
1527,1767,black,60+1,e3 e5 c4 Nf6 Nc3 d5 d4 exd4 exd4 dxc4,10,
1696,1656,black,480+5,d4 Nf6 h3 d5 Nf3 b6 a3 Ba6 c3 e6,10,
1927,1908,white,180+0,d4 d5 Nf3 e6 c4 Nf6 Nc3 Be7 e3 O-O,10,
1783,1571,black,300+5,e4 e5 Nf3 Nc6 Bb5 Nd4 Nxd4 exd4 Qf3 Qf6,10,
1521,1583,black,60+0,e4 d5 e5 d4 Nf3 Nc6 c3 f6 cxd4 Nxd4,10,
1898,1941,white,180+0,d4 e6 c4 Nf6 Nc3 d5 Nf3 Be7 Bg5 Nbd7,10,
1541,1266,white,180+0,d4 h6 c4 g5 e4 Bg7 Nf3 d6 Nc3 f5,10,
1499,1792,black,1200+0,d4 Nf6 Bf4 e6 Nf3 Nc6 h3 d5 e3 Bd6,10,
1482,1495,black,1200+0,e4 e5 Nf3 Nc6 Nc3 d6 Bc4 h6 h3 Nf6,10,
1597,1348,white,60+0,e4 b6 Nf3 Bb7 d4 d6 d5 e6 Nc3 exd5,10,
1482,1802,black,720+10,e4 e5 Nf3 d6 d4 exd4 Nxd4 Nf6 Nc3 Bd7,10,
1489,1544,black,180+3,d4 d5 Bf4 e6 Nc3 Nf6 g3 Be7 Bg2 O-O,10,
1925,1909,black,180+0,e4 c5 Nf3 Nc6 c3 g6 d4 cxd4 cxd4 d5,10,
1334,1604,black,60+0,d4 d5 Nd2 Nc6 c3 Bg4 f3 Bf5 g4 Bg6,10,
1785,1508,white,60+2,e4 e6 Nf3 c5 c3 Nc6 d4 d5 e5 cxd4,10,
1879,1622,white,300+8,e4 d6 Nf3 e6 d4 Be7 c4 b6 Nc3 Nd7,10,
1677,1508,white,180+3,d4 Nf6 c4 d6 Nf3 Bg4 e3 Nc6 h3 Bh5,10,
1326,1552,draw,300+0,e4 e5 Nf3 Nc6 Bb5 a6 Bc4 Be7 O-O Nf6,10,
1554,1718,black,300+8,e4 c5 Nf3 Nc6 Bb5 Nd4 Ng5 Nxb5 Qf3 f6,10,
1503,1790,black,60+2,e4 e5 Qh5 Nc6 Bc4 Qf6 Qf3 Bc5 d3 Nd4,10,
1745,1463,black,300+8,e4 e5 f4 exf4 Nf3 Qe7 e5 d6 d4 Bg4,10,
1920,1911,draw,180+0,d4 e6 c4 d5 Nc3 Nf6 Nf3 Be7 Bg5 Nbd7,10,
1794,1323,white,60+2,e4 b6 d4 Bb7 Bd3 e6 Nf3 d5 e5 Ne7,10,
1479,1255,white,300+5,e4 e5 Nf3 Nc6 d4 Bb4+ c3 Ba5 dxe5 d6,10,
1248,1154,white,-,c4 e5 Nf3 Bb4 Nxe5 Nc6 f4 Qh4+ g3 Qe7,10,
1896,1859,black,180+0,e4 e5 Nc3 Bc5 Nf3 Nc6 Nxe5 Bxf2+ Kxf2 Nxe5,10,
1363,1641,white,300+0,d4 Nf6 e3 g6 a4 Bg7 b3 O-O h3 d6,10,
1773,1737,white,60+2,e4 c6 d4 d5 e5 e6 Nf3 c5 c3 Nc6,10,
1580,1322,white,180+0,d4 d5 e3 f6 g3 e5 dxe5 fxe5 Qh5+ Kd7,10,
1480,1512,white,240+0,d4 d6 Bf4 Nc6 Nc3 Nf6 g3 e6 e4 Be7,10,
1725,1482,white,300+8,e4 g6 d4 Bg7 Nf3 e6 Nc3 d5 exd5 exd5,10,
1132,1320,white,-,e4 Nf6 Bd3 c5 Na3 a5 Nb5 g6 b3 h5,10,
1666,1683,black,840+8,d4 d5 Nf3 e6 Bf4 h6 e3 Nc6 c4 Bb4+,10,
1067,1196,black,240+5,e4 e5 Nf3 Nc6 d4 Nf6 dxe5 Nxe4 Bc4 Bc5,10,
1412,1335,white,300+0,d4 d5 c4 Nc6 c5 b6 cxb6 axb6 Nf3 Ra4,10,
1796,1742,draw,60+2,e4 Nc6 d4 e5 d5 Nce7 Nf3 Ng6 Bd3 Bc5,10,
1454,1337,white,300+0,e4 c5 Nf3 e6 d4 cxd4 Nxd4 Qc7 c3 a6,10,
1688,1333,white,180+3,d4 e6 Nf3 c6 c4 Nf6 Nc3 c5 Bg5 h6,10,
1911,1920,black,180+0,d4 d5 Nf3 e6 c4 Nf6 Nc3 Be7 e3 Nbd7,10,
1720,1279,white,-,e3 Nc6 e4 Nf6 d3 e5 Nf3 Nd4 Nxe5 Bb4+,10,
1715,1399,white,180+0,d4 b6 e3 Bb7 Nf3 d6 g3 e5 Bg2 Bxf3,10,
1499,1492,black,240+0,e4 d5 Nc3 dxe4 Nxe4 Bf5 f3 Nc6 Bb5 Qd7,10,
1557,1502,white,300+2,e4 e5 Nf3 Nf6 Qe2 Nc6 d3 d6 Bg5 Be7,10,
1484,1257,white,60+10,Nf3 d5 d4 Nc6 Bf4 Bg4 Nbd2 Bxf3 Nxf3 f6,10,
1472,1461,black,720+0,e4 e5 Nf3 d6 Nc3 c6 b3 a6 g3 h6,10,
1356,1431,white,1800+8,e4 e5 d4 exd4 Qxd4 Nc6 Qe3 Nf6 c4 Be7,10,
1930,1898,black,180+0,d4 e6 c4 d5 Nc3 Nf6 Nf3 Be7 Bg5 Nbd7,10,
1663,1567,white,300+0,e4 c5 Nc3 e6 a3 a6 Bc4 Qc7 d3 Nc6,10,
1618,1794,white,60+2,e4 e5 Nf3 Nc6 Bc4 Bc5 d3 Nf6 h3 d6,10,
1332,1252,white,60+10,d4 d5 Nc3 Nf6 f3 Nc6 e4 e5 dxe5 Nxe5,10,
1489,1693,white,180+3,d4 d5 Nf3 Nf6 h3 Bf5 Bf4 e6 e3 Nbd7,10,
1348,1811,black,900+0,e4 e6 d4 Bb4+ Bd2 Nc6 Nf3 Nge7 c4 Bxd2+,10,
1321,1402,black,60+2,g3 e5 Bg2 d5 e3 Nc6 c3 Nf6 Qa4 e4,10,
1645,1730,white,300+8,e4 c5 d3 Nc6 f4 d6 Be2 Nf6 Bf3 e6,10,
1912,1919,black,180+0,d4 d5 Nf3 e6 c4 Nf6 Nc3 Be7 e3 O-O,10,
1570,1792,black,600+6,e4 e5 Nf3 Nc6 b3 Nf6 Nc3 d5 exd5 Nxd5,10,
1473,1617,black,900+0,e4 e5 d3 c5 Nf3 d6 h3 Na6 a3 Nc7,10,
1506,1471,white,1200+0,d4 Nf6 Nf3 d6 h3 Nbd7 Bf4 e6 e3 Be7,10,
1718,1500,white,180+0,d4 d5 g3 e6 Bg2 c6 e3 Nf6 Ne2 Be7,10,
1617,1558,black,480+0,e4 b6 Bc4 e6 a3 Bc5 d3 Qh4 d4 Qxe4+,10,
1846,1943,black,180+0,e4 Nc6 f4 e5 Nf3 d5 exd5 e4 Ne5 Nxe5,10,
1518,1230,white,300+8,d4 d5 e3 c6 Nf3 f6 Nfd2 e5 Bd3 f5,10,
1479,1400,black,300+8,e4 d5 exd5 Qxd5 Nc3 Qe6+ Qe2 Qg6 Qd3 Qe6+,10,
1651,1756,black,60+2,e4 e5 Nf3 Nc6 Bc4 Bc5 O-O Nf6 Nc3 d6,10,
1659,1715,white,300+8,e4 c5 d3 Nc6 f4 e6 Ne2 d5 Nbc3 Nd4,10,
1493,1549,white,180+0,d4 d5 Bf4 Nc6 Nc3 Nf6 Nb5 e5 dxe5 Nd7,10,
1244,1355,white,60+10,e4 e5 d4 Bd6 d5 c6 Nc3 Bb4 Nf3 f6,10,
1592,1477,white,300+8,d4 c5 d5 Nf6 Nc3 e6 d6 Qb6 Bf4 Qxb2,10,
1322,1201,white,300+0,e4 e5 f3 Nc6 Nh3 Nf6 Ng5 d6 Nc3 h6,10,
1538,1503,white,240+0,d4 d5 Nf3 Bf5 c4 e6 Nc3 Nc6 Bg5 f6,10,
1230,1521,white,300+8,e4 e5 Nf3 d6 g3 Bg4 Bg2 Nc6 O-O Nd4,10,
1766,1643,white,60+2,e4 c5 Nc3 Nc6 f4 g6 Nf3 Bg7 d3 e6,10,
1624,1466,black,900+0,e4 e5 c4 Bc5 d3 b6 Na3 a6 Nc2 Bb7,10,
1256,1052,white,240+0,e4 e5 Nf3 Nf6 Nc3 Nc6 d4 Bb4 Qd3 d6,10,
1388,1761,white,180+3,e4 g6 d4 Bg7 Nc3 d6 Bb5+ Nd7 Nf3 a6,10,
1500,1541,white,1560+30,e4 e5 Qh5 Nc6 Bb5 d6 Bxc6+ bxc6 f4 Nf6,10,
1444,1413,black,180+3,e4 Nf6 Nf3 d5 exd5 Nxd5 Nc3 Nxc3 bxc3 Bg4,10,
1532,1696,black,1560+30,d4 d5 Nf3 f6 Bf4 e5 dxe5 fxe5 Bxe5 Nc6,10,
1508,1336,white,720+8,d4 d5 c3 Nc6 Nf3 e6 Nbd2 b5 Ne5 Bb7,10,
1832,1958,white,180+0,e4 Nc6 f4 e5 fxe5 Nxe5 Nf3 Qf6 Be2 Bc5,10,
1774,1635,black,60+2,e4 Nf6 e5 Nd5 d4 d6 c4 Nb6 exd6 exd6,10,
1929,1899,black,180+0,d4 e6 c4 d5 Nc3 Nf6 Nf3 c5 Bg5 Nc6,10,
1346,1542,black,900+0,e4 e5 d4 f6 dxe5 fxe5 Qh5+ Ke7 Qxe5+ Kf7,10,
1370,1574,black,1800+8,e4 e5 Nf3 d6 d4 f6 dxe5 fxe5 c4 Nf6,10,
1694,1683,black,480+5,d4 c5 Nf3 cxd4 Nxd4 e6 c3 a6 h3 Qc7,10,
1579,1404,white,300+3,d4 e6 c4 Nf6 Nc3 Bb4 Bg5 O-O e4 h6,10,
1959,1831,white,180+0,e4 c6 d4 d5 Nc3 e6 Nf3 Nd7 Bd3 f6,10,
1571,1666,black,300+0,e4 e5 Nf3 Qf6 d4 exd4 Nxd4 Bc5 Nf3 h6,10,
1469,1765,black,1320+8,e4 e5 Bc4 Nf6 f3 Nxe4 fxe4 Qh4+ Kf1 Qxe4,10,
1258,1298,draw,60+10,e4 c6 d4 d5 e5 Bf5 Bd3 e6 g4 Bg6,10,
1571,1604,white,480+0,b3 d6 e3 e6 Bb2 b6 Qg4 Nf6 Qa4+ Nc6,10,
1496,1546,black,180+0,d4 e6 Bf4 Bd6 Nc3 Bxf4 g3 Bd6 Bg2 Nc6,10,
1785,1824,white,180+0,d4 c6 c4 d5 g3 dxc4 Bg2 b5 Nf3 Bb7,10,
1438,1428,white,180+3,e4 Nf6 e5 Nd5 c4 Nb6 d4 d6 Nf3 dxe5,10,
1565,1544,white,60+1,e4 c5 c3 Nc6 d4 cxd4 cxd4 e6 Nf3 d6,10,
1675,1698,white,300+0,e4 e5 b3 Nf6 Bb2 Nc6 Qe2 Bc5 Nc3 O-O,10,
1523,1513,black,480+0,e4 c6 Nc3 d5 exd5 cxd5 d3 Nf6 Bg5 e6,10,
1441,1505,white,600+6,e3 g6 Bd3 Bg7 c3 d6 Nf3 Nc6 Be2 Bg4,10,
1556,1487,white,180+0,d4 d5 Nf3 Bf5 c4 dxc4 Nc3 Bd7 e4 b5,10,
1493,1473,black,600+6,d4 d5 c4 e6 c5 Be7 Nf3 Nf6 e3 b6,10,
1351,1461,white,300+0,e4 e5 Nf3 d6 Nc3 Nc6 Bc4 h6 O-O Nf6,10,
1279,1724,black,300+5,e4 g6 d4 Bg7 c3 Nf6 f3 d6 b4 O-O,10,
1736,1261,draw,300+5,e4 e5 Nf3 d6 d4 Bg4 dxe5 dxe5 Qxd8+ Kxd8,10,
1553,1780,black,180+0,e4 c5 Nf3 Nc6 d4 cxd4 Nxd4 g6 Nxc6 bxc6,10,
1512,1614,black,480+0,e4 c5 Nc3 g6 Bc4 d6 d3 Nc6 f3 Bd7,10,
1421,1320,black,420+1,d4 d5 c4 e6 c5 Nc6 e3 e5 Nf3 e4,10,
1763,1694,black,300+0,d4 Nf6 Nf3 g6 Nc3 Bg7 e4 d6 Be3 O-O,10,
1951,1838,white,180+0,e4 c5 b4 cxb4 d4 d5 e5 e6 f4 Nc6,10,
1535,1505,white,180+0,d4 d5 Nf3 Bf5 c4 Nc6 Nc3 dxc4 e4 Bg4,10,
1768,1527,black,1560+30,e4 d5 e5 Bd7 d4 e6 Nh3 a6 Qf3 f6,10,
1533,1247,black,60+2,d4 d5 c4 dxc4 Nc3 Be6 e4 b5 Nxb5 a6,10,
1914,1917,black,180+0,e4 c5 Nf3 Nc6 c3 g6 d4 cxd4 cxd4 d5,10,
1476,1547,black,480+8,e4 e5 d4 exd4 Qxd4 Nc6 Qe3 Nf6 Nc3 b6,10,
1927,1902,white,180+0,d4 e6 c4 c5 e3 Nf6 Nc3 d6 Nf3 Be7,10,
1500,1452,white,600+6,e3 e5 d3 d5 Nc3 Nf6 Nf3 Bd6 d4 Qe7,10,
1467,1561,white,480+8,e4 e5 d4 exd4 Qxd4 Nc6 Qe3 Nf6 b3 b6,10,
1726,1323,white,300+5,e4 e5 Nf3 d5 exd5 Qxd5 Nc3 Qd8 Bc4 Bg4,10,
1548,1237,black,1200+0,e4 e5 Nf3 d6 Nc3 c6 d4 Qe7 Bg5 f6,10,
1748,1272,white,600+2,e4 e6 Nf3 b6 d4 c6 Nc3 Bb4 Bd2 Nf6,10,
1417,1503,white,300+8,d4 d5 c4 Bd7 Nf3 Nf6 Ne5 dxc4 e3 a6,10,
1338,1879,black,900+0,e4 e5 d4 exd4 Qxd4 Nc6 Qd3 Bc5 c4 Qe7,10,
1547,1336,white,300+0,e4 e5 Nf3 Nf6 Nc3 Nc6 Bc4 d5 exd5 e4,10,
1317,1729,black,300+5,e4 g6 e5 d6 d4 dxe5 dxe5 Qxd1+ Kxd1 Nc6,10,
1501,1370,black,480+0,e4 e5 Nc3 Nf6 Bc4 g6 f3 c6 d3 b5,10,
1808,1679,white,900+0,e4 c5 c3 d5 e5 Nc6 d4 Bf5 Nf3 Qb6,10,
1545,1989,black,240+0,e4 c5 Nf3 Nc6 d4 cxd4 Nxd4 g6 Bc4 Nf6,10,
1527,1622,black,480+4,e4 c5 d3 Nc6 Nf3 h6 Be2 e5 O-O Nf6,10,
1311,1704,black,180+0,e4 d5 e5 c6 d4 Bf5 Bd3 Qd7 Bxf5 Qxf5,10,
1736,1559,white,480+8,e4 e5 Nf3 Nc6 d4 exd4 Nxd4 Nge7 Nxc6 Nxc6,10,
1486,1539,white,480+0,e4 e5 Nc3 Nf6 Bc4 c6 f3 d5 exd5 cxd5,10,
1500,1693,black,300+0,d4 g6 c4 Bg7 Nf3 b6 e4 Bb7 Nc3 e6,10,
1734,1328,white,300+5,e4 e5 Nf3 Nc6 Bb5 Nd4 Nxd4 exd4 Qf3 Nf6,10,
1407,1392,white,900+0,e4 e5 Nf3 Nc6 d4 Nxd4 Nxd4 exd4 Qxd4 b6,10,
1520,1465,black,600+6,e3 e5 Nc3 Bb4 a3 Bxc3 bxc3 Nf6 d4 exd4,10,
1707,1737,black,300+3,d4 Nf6 c4 c5 d5 d6 Nc3 g6 Nf3 Bg7,10,
1913,1918,black,180+0,d4 d5 Nf3 e6 b3 Nf6 Bb2 Be7 e3 c6,10,
1928,1901,black,180+0,d4 e6 c4 d5 Nc3 Nf6 Nf3 Be7 Bg5 O-O,10,
1237,1883,black,300+8,e4 e5 Nc3 Nf6 Nf3 Nc6 a3 Bc5 h4 d5,10,
1505,1801,black,480+0,e4 c6 Nc3 d5 exd5 cxd5 Bb5+ Bd7 Bxd7+ Qxd7,10,
1600,1812,draw,300+8,d4 Nf6 Bf4 e6 a3 c5 dxc5 Bxc5 Nc3 d5,10,
1608,1672,black,900+0,e4 Nf6 d3 d6 c4 c5 Na3 Nc6 Nc2 g6,10,
1723,1780,white,180+0,d4 c6 g3 d5 Bh3 Bxh3 Nxh3 Nd7 O-O Ngf6,10,
1748,1562,white,180+2,e4 c5 Nc3 e6 Bc4 d5 exd5 exd5 Bxd5 Nf6,10,
1797,1884,white,300+8,d4 d5 c4 c5 dxc5 Qa5+ Nc3 dxc4 Qa4+ Qxa4,10,
1536,1327,black,300+8,e3 b6 Nf3 Bb7 d4 d5 c4 e6 cxd5 Bxd5,10,
1699,1493,white,300+0,e4 c6 Nf3 d5 exd5 cxd5 Nc3 Nf6 Qe2 Bg4,10,
1576,1612,white,60+1,e4 c5 c3 e6 d4 cxd4 cxd4 a6 Nf3 Qc7,10,
1334,1293,black,180+0,e4 e5 Qh5 Nf6 Qxe5+ Be7 d4 d6 Qg3 g6,10,
1348,1518,black,300+8,d4 e6 e3 Nc6 b3 Nf6 Nd2 d5 f4 Be7,10,
1687,1490,white,300+0,e4 e5 Nf3 Nc6 b3 a6 Bb2 d6 Na3 Nf6,10,
1735,1815,white,180+0,d4 c6 g3 d5 Bg2 Nf6 e3 e6 Nf3 Be7,10,
1732,1330,white,300+5,e4 e5 Nf3 Nf6 Be2 Nxe4 Nxe5 Bc5 O-O Qf6,10,
1305,1319,white,180+0,e4 e5 Qh5 Be7 Qxe5 f6 Qg3 Bd6 Qxg7 f5,10,
1737,1570,black,300+5,e4 c5 Nf3 g6 d4 cxd4 Nxd4 Nc6 Be3 Nf6,10,
1500,1405,white,300+8,e4 d5 exd5 Qxd5 Nc3 Qc5 Bb5+ Nc6 Bxc6+ bxc6,10,
1706,1203,white,300+2,c4 e5 b3 c6 Bb2 Bd6 g3 f6 Bg2 Bc5,10,
1700,1744,white,120+0,d4 d5 c4 Nc6 Nc3 Nf6 cxd5 Nxd5 e4 Nxc3,10,
1750,1659,black,600+2,e4 d5 exd5 Qd6 Nc3 Nf6 Nf3 Bg4 Be2 Nxd5,10,
1749,1553,white,180+0,d4 d5 g3 e6 Bg2 c5 Nf3 Nc6 dxc5 Bxc5,10,
1708,1198,white,120+3,e4 e5 f4 f5 Nc3 c6 Nf3 d6 Bc4 Nh6,10,
1481,1520,black,480+8,e4 e5 Nf3 Nc6 b3 Nf6 Bd3 d5 Bb5 Bd7,10,
1750,1748,black,180+0,e4 e6 f4 d5 e5 c5 c3 Nc6 Nf3 Nf6,10,
1305,1547,black,180+0,e4 e5 Qh5 Nc6 Bb5 d6 Bxc6+ bxc6 d4 exd4,10,
1755,1542,black,180+0,d4 c5 g3 cxd4 Qxd4 Nc6 Qd1 Qc7 Bg2 b6,10,
1759,1739,white,180+0,e4 Nf6 e5 Nd5 c4 Nb6 d4 d6 exd6 exd6,10,
1499,1418,white,480+0,e4 e5 Nc3 Nf6 Bc4 d5 exd5 c6 dxc6 Nxc6,10,
1552,1294,white,180+0,e4 e5 Nc3 d5 exd5 Bb4 Bc4 Bxc3 dxc3 a6,10,
1742,1408,white,480+8,e4 e5 Nf3 Nc6 d4 d6 dxe5 dxe5 Qxd8+ Kxd8,10,
1618,1712,white,120+0,d4 d5 c4 Nf6 Nc3 c6 Nf3 Bg4 e3 e6,10,
1284,1173,white,180+0,e4 e5 Qh5 d6 Bb5+ c6 Bc4 g6 Qf3 Nf6,10,
1737,1379,white,180+0,d4 e6 h3 d6 Nf3 Bd7 e4 Nc6 c4 Nf6,10,
1729,1770,black,180+0,e4 e6 f4 d5 e5 c5 Nf3 Nc6 d3 b5,10,
1259,1527,black,1200+0,e4 e5 Qh5 Nc6 Bc4 Qe7 Nf3 Nf6 Qg5 Nd4,10,
1482,1268,white,360+2,e4 e5 Nf3 Nc6 Bb5 Nf6 Bxc6 dxc6 Nxe5 Qe7,10,
1508,1552,white,480+0,e4 d5 exd5 Qxd5 Qf3 Nf6 Qxd5 Nxd5 Bc4 Nf4,10,
1698,1395,white,0+1,d4 d6 c4 d5 Nc3 dxc4 e4 Bd7 Bxc4 Be6,10,
1780,1720,black,180+0,e4 Nf6 e5 Nd5 c4 Nb6 d4 d6 exd6 exd6,10,
1587,1716,black,300+5,d4 g6 c4 Bg7 Nc3 Nf6 Nf3 O-O Bf4 d6,10,
1533,1440,black,1800+30,Nf3 d5 g3 Nc6 Bg2 Nf6 d4 Bf5 O-O Qd6,10,
1629,1162,white,240+1,e4 e6 d4 c6 c4 c5 d5 exd5 exd5 g6,10,
1740,1784,draw,180+0,d4 Nf6 h3 d5 e3 c5 c3 Nc6 dxc5 e5,10,
1674,1489,black,300+8,d4 d5 Nf3 e6 e3 Bb4+ c3 Ba5 Bd3 h5,10,
1729,1722,black,480+0,d4 c5 d5 e5 dxe6 fxe6 c4 Nf6 Nc3 Nc6,10,
1824,1397,white,300+8,e4 d5 exd5 Qxd5 Nc3 Qf5 Nf3 Nc6 d4 e5,10,
1771,1973,black,240+0,e4 Nc6 f4 e5 Nf3 d5 exd5 e4 Ng1 Qxd5,10,
1175,1619,black,420+0,e3 e5 g3 d5 b3 c5 a4 Nf6 Bg2 Bd6,10,
1332,1709,black,120+3,e4 b6 Nf3 Bb7 Nc3 e6 Ne5 Bd6 Qh5 Bxe5,10,
1752,1754,white,240+0,e4 a6 Nf3 b5 c4 bxc4 Bxc4 Bb7 Nc3 e6,10,
1967,1790,white,180+0,e4 c5 b4 cxb4 d4 e6 f4 Nc6 Nf3 g6,10,
1520,1569,black,480+0,e4 b6 Nc3 Bb7 Bc4 e6 f3 Be7 a3 d6,10,
1492,1413,black,600+3,d4 d5 c4 a6 e3 b5 f4 bxc4 b3 c3,10,
1449,1590,black,900+0,d4 d5 c4 Bf5 Nc3 c6 Bf4 Nf6 Nf3 e6,10,
1744,1755,white,180+0,e4 e6 f4 d5 e5 c5 Nf3 Nc6 Bb5 Qb6,10,
1725,1621,black,300+5,e4 c5 Nf3 e6 d4 cxd4 Nxd4 Nc6 Nc3 Bc5,10,
1500,1815,black,300+8,f4 g6 e4 Bg7 d4 d5 Be3 dxe4 Bf2 Nf6,10,
1849,1392,white,0+1,d4 e6 c4 d6 Nc3 d5 Nf3 dxc4 g3 Bb4,10,
1783,1742,white,180+0,d4 d5 c4 a6 Nc3 dxc4 e4 b5 a4 Bb7,10,
1767,1732,black,180+0,e4 c5 Bc4 Nc6 Nc3 Ne5 Be2 c4 f4 Ng6,10,
1852,1388,white,0+1,e4 e6 Nf3 d6 c3 c6 d4 b6 Be3 a6,10,
1532,1254,black,1200+0,e4 e5 Nf3 Qe7 Nc3 c6 d4 d6 Bc4 h5,10,
1172,1526,black,420+0,e3 e5 Qh5 Nc6 b3 Nf6 Qf5 d5 Qd3 e4,10,
1392,1849,black,0+1,Nc3 e6 Nb1 d5 Nc3 Nf6 Nb1 c5 Nc3 d4,10,
1734,1330,white,180+0,d4 Nc6 g3 e5 Bg2 Nxd4 c3 Nb5 a4 Nd6,10,
1850,1390,white,0+1,d4 d6 c4 Bf5 Nc3 g6 Nf3 e6 g3 c6,10,
1743,1754,white,180+0,e4 Nc6 d4 d5 e5 Bf5 Nf3 e6 c3 a6,10,
1388,1852,black,0+1,Nf3 e6 Ne5 d5 g3 Nf6 Bh3 c5 Nc3 Nc6,10,
1731,1326,white,180+0,d4 d5 g3 Nf6 Bg2 Nc6 a3 e5 dxe5 Nxe5,10,
1357,1409,black,300+0,d4 e6 g3 b6 Bg2 Nc6 c4 Bb7 d5 Na5,10,
1621,1755,white,240+0,e4 c5 Nf3 Nc6 d4 cxd4 Nxd4 g6 Nc3 Bg7,10,
1744,1755,black,180+0,c4 e6 Nc3 d5 cxd5 exd5 d4 Be6 g3 Nf6,10,
1471,1522,black,480+8,e4 e5 Nf3 Nc6 b3 Nf6 Bd3 d5 exd5 Nxd5,10,
1394,1829,black,300+8,e4 e5 c4 Nf6 d3 Bb4+ Bd2 Nc6 a3 Bxd2+,10,
1637,1707,white,300+5,d4 g6 c4 Bg7 Nf3 d6 Nc3 Nf6 e4 O-O,10,
1736,1313,white,180+0,d4 d5 g3 Be6 Bg2 Bd7 c3 f6 a3 e5,10,
1500,1854,black,60+0,e3 e6 Nf3 d5 Be2 c5 d4 Nc6 dxc5 Bxc5,10,
1712,1471,white,660+4,e4 e5 f4 exf4 Nf3 Nc6 d4 Nf6 e5 Ne4,10,
1178,1160,white,300+1,d4 e6 Bf4 Ne7 e3 f6 Bd3 g5 Bg3 d5,10,
1442,1484,black,900+0,d4 e5 c4 f6 dxe5 fxe5 Nf3 e4 Nd4 c5,10,
1088,1387,black,0+1,d4 e5 Nf3 Qh4 e3 Qe4 g3 Qxf3,8,
1513,1466,white,660+4,d4 e6 e3 d5 a3 c6 c3 Bd6 Nd2 Ne7,10,
1510,1395,white,480+0,e4 e5 Nc3 Nf6 Bc4 a6 f3 b5 Bb3 c6,10,
1088,1387,black,0+1,d4 d5 e3 Qd6 Bd3 Qc6 Nf3 Qb6,8,
1487,1805,white,360+2,e4 e6 Nc3 a6 Bc4 c5 a3 Nc6 d3 d6,10,
1421,1337,black,300+0,e3 b6 g3 Bb7 Nf3 f6 Bg2 g5 O-O g4,10,
1529,1493,black,300+2,d4 Nf6 c4 e6 Nc3 a6 e4 d6 Nf3 Bd7,10,
1467,1442,white,600+8,d4 d5 Nc3 e6 a3 c5 dxc5 Bxc5 e3 Qf6,10,
1083,1391,black,0+1,d4 d6 Nf3 Qd7 e3 d5 Bd3 Qd6 c3 Qd8,10,
1450,1429,black,120+0,e4 g6 Nc3 Bg7 d4 d6 f4 Nf6 e5 dxe5,10,
1397,1418,black,600+10,d4 b5 e4 e6 e5 c5 c3 b4 a3 bxc3,10,
1656,1427,white,300+8,d4 d6 Nf3 e6 e3 f5 Bd3 e5 e4 exd4,10,
1365,1404,white,300+0,d4 e6 e4 b6 e5 Bb7 f3 Nc6 Ne2 g6,10,
1088,1616,black,180+0,d4 d5 Nc3 e6 e3 c5 b3 cxd4 Nce2 dxe3,10,
1833,1392,white,300+8,e4 d5 exd5 Qxd5 Nc3 Qe6+ Be2 Nc6 Nf3 Qf5,10,
1712,1625,black,180+0,c4 e5 b3 Bc5 Bb2 Nc6 e3 d5 Nf3 d4,10,
1575,1342,white,360+6,e4 e5 Nf3 f6 Nxe5 fxe5 Qh5+ Ke7 Qxe5+ Kf7,10,
1492,1441,black,120+0,d4 g6 Nf3 Bg7 b3 d6 e4 Nf6 Bb2 O-O,10,
1251,1506,black,300+8,c3 d6 d4 Qd7 Nd2 Qg4 f3 Qg6 f4 Bf5,10,
1390,1838,black,300+8,e4 e5 d4 exd4 Qxd4 Nc6 Qe3 Bb4+ Bd2 Qe7,10,
1690,1219,white,300+5,e4 e5 Nf3 Nc6 Bb5 Nge7 O-O a6 Ba4 d6,10,
1078,1394,black,0+1,d4 d6 Nf3 d5 e3 Qd6 Bd3 Qh6 Qe2 Qd6,10,
1501,1748,black,300+8,e4 e6 d4 d5 c4 dxe4 Nc3 f5 Bf4 Nf6,10,
1713,1913,white,240+0,e4 b6 f4 Bb7 Nc3 e6 Bc4 Qh4+ g3 Qd8,10,
1073,1398,black,0+1,d4 d6 Nf3 d5 e3 c6 Bd3 b6 Bd2 b5,10,
1068,1403,black,0+1,d4 a6 Nf3 a5 e3 a4 Bd3 g5 Nbd2 g4,10,
1500,1462,black,480+15,e4 e5 Nf3 Nc6 Bc4 h6 d4 Na5 Bb3 Nxb3,10,
1692,1599,black,300+3,e4 c6 Nc3 d5 exd5 cxd5 Be2 Bf5 Nf3 e6,10,
1389,1389,white,300+0,e3 g6 g3 Bg7 Bg2 c6 Nc3 d5 b3 a5,10,
1396,1501,black,600+2,e4 e5 Nf3 Nc6 Bc4 Nf6 Nc3 Bc5 d3 Nd4,10,
1365,1357,black,180+5,d4 d5 Nc3 Nf6 Bg5 Nbd7 Bxf6 Nxf6 f3 e6,10,
1128,1398,black,0+1,e4 d6 d4 d5 exd5 Qxd5 Nf3 c5,8,
1065,1404,black,0+1,e4 d6 f3 a6 g4 e6 Qe2 a5,8,
1207,1386,black,300+8,e3 e5 Bd3 Nf6 Nf3 e4 Nc3 d5 Bxe4 dxe4,10,
1896,1777,black,180+0,b3 e6 Bb2 d5 Nf3 Nc6 g3 Nf6 Bg2 Bd6,10,
1659,1387,white,300+8,e4 d5 exd5 Qxd5 Nc3 Qc5 d4 Qd6 Bc4 Nc6,10,
1869,1494,white,300+8,e4 e5 Nf3 Nc6 d4 Nf6 d5 Nd4 Nxd4 exd4,10,
1818,1733,white,480+0,c4 Nc6 b3 d6 Bb2 e5 Nc3 Nf6 g3 Bg4,10,
1478,1455,white,120+0,d4 g6 Nf3 Bg7 e4 d6 Nc3 Nf6 Bg5 O-O,10,
1394,1177,white,300+8,e4 e5 Bc4 d6 Qh5 Nf6 Qxf7#,7,
1406,1810,black,0+1,e3 d6 Be2 e5 e4 f5 d3 Nf6 Kf1 Be7,10,
1500,1192,black,420+0,e3 e5 g3 Nc6 b3 Nf6 h3 d5 a3 Bd6,10,
1131,1203,white,420+0,e3 e5 Qh5 e4 Qe5+ Qe7 Qxc7 Nc6 Bb5 Nf6,10,
1810,1406,white,0+1,e4 b6 d4 c6 Bd3 d6 Nf3 c5 dxc5 b5,10,
1629,1581,white,480+5,b4 d5 Bb2 Nc6 b5 Na5 e3 Bd7 a4 Nc4,10,
1075,1407,black,0+1,d4 d6 e3 e6 Be2 Qf6 c4 g5 e4 Qh6,10,
1368,1402,black,300+0,g3 e6 Bg2 g6 Nf3 c6 O-O h5 Ne5 h4,10,
1715,1676,white,180+0,d4 g5 g3 Bg7 Bg2 h6 e4 c6 e5 d6,10,
1796,1765,black,180+0,c4 e6 b3 d5 cxd5 c6 Bb2 exd5 g3 Nf6,10,
1704,1505,white,300+2,e4 e5 Nf3 Nc6 d4 exd4 Nxd4 d6 Nxc6 bxc6,10,
1447,1259,white,60+10,e4 e5 Nf3 Nc6 d4 f6 Nc3 Bb4 a3 Bxc3+,10,
1365,1488,black,1800+8,e4 e5 Nf3 Nc6 Bb5 Nf6 d3 a6 Bxc6 dxc6,10,
1500,1444,white,120+0,e4 g6 d4 Bg7 e5 d6 f4 dxe5 fxe5,9,
1301,1429,white,240+5,e4 d5 e5 d4 Nf3 c5 Bb5+ Bd7 Bxd7+ Qxd7,10,
1507,1503,white,180+1,d4 d5 Bf4 Nf6 h3 Ne4 Nf3 e6 c4 Bb4+,10,
1611,1444,black,120+0,e4 g6 d4 Bg7 Nf3 d6 Be2 Nf6 O-O O-O,10,
1665,1323,black,300+5,e4 e5 Nf3 Nc6 Bb5 Nf6 O-O d5 exd5 Nxd5,10,
1492,1518,black,180+1,d4 d5 e3 a6 Bd3 Nf6 Nf3 e6 Nc3 Nbd7,10,
1634,1580,black,360+6,e4 e5 Nf3 Nc6 Bc4 Nd4 Nxd4 exd4 Qf3 Qf6,10,
1478,1477,black,600+3,d4 d5 c4 dxc4 Qa4+ c6 Qxc4 Be6 Qb4 a5,10,
1529,1482,black,180+1,d4 d5 Nf3 Bg4 Nbd2 e6 h3 Bh5 g4 Bg6,10,
1525,1253,white,60+10,d4 d5 c4 Nf6 Nc3 Nc6 Bf4 Ne4 Nb5 a6,10,
1409,1358,white,300+0,e3 b6 Qf3 c6 b3 Na6 Bc4 e6 Nh3 Nb4,10,
1419,1548,white,600+10,c4 c5 d4 cxd4 Qxd4 Nc6 Qd1 g6 e3 Bg7,10,
1886,1857,white,60+0,e4 e6 f4 d5 exd5 exd5 Nf3 c5 d4 Nf6,10,
1428,1504,black,600+10,c3 e5 e4 Nf6 d3 d5 Qe2 Nc6 c4 d4,10,
1499,1733,white,300+2,b4 Nf6 e3 e5 Bb2 d6 Nf3 h6 Be2 Be7,10,
1571,1524,white,480+10,e4 c5 d4 e6 Nf3 Nc6 d5 exd5 exd5 Na5,10,
1846,1896,black,60+0,e4 c5 Nf3 e6 c3 Nc6 d3 Nf6 Be2 d5,10,
1496,1332,white,300+0,g3 d6 Bg2 e5 g4 Nc6 h3 Qd7 b3 b6,10,
1494,1516,black,180+1,d4 d5 Nf3 e6 h3 Nf6 Bg5 Be7 Nc3 Nbd7,10,
1819,1752,white,540+0,e4 e6 d4 d5 Nc3 Bb4 e5 c5 a3 Bxc3+,10,
1905,1836,draw,60+0,c4 e6 Nc3 d5 cxd5 Nf6 dxe6 Bxe6 g3 Bb4,10,
1342,1420,white,300+0,g3 e6 b3 Qf6 Nc3 g6 Bb2 Bg7 Qc1 e5,10,
1838,1441,white,60+0,d4 d5 c4 c6 Nc3 Nf6 Nf3 dxc4 g3 e6,10,
1503,1580,black,480+10,e4 e5 Nf3 Nc6 Bc4 Bc5 O-O d6 Nc3 Bg4,10,
1600,1650,white,360+0,e4 c6 d4 d5 exd5 cxd5 c4 e6 Nc3 dxc4,10,
1248,1249,white,60+10,d4 d5 e4 e5 dxe5 d4 c3 Nc6 Bb5 Bc5,10,
1500,1460,black,120+0,e4 g6 Nf3 Bg7 e5 d6 d4 dxe5 dxe5 Qxd1+,10,
1488,1495,white,600+8,d4 d5 Nc3 e6 a3 Nf6 Nf3 Nc6 Bg5 h6,10,
1568,1484,white,180+1,Nf3 d5 d4 Bg4 Nbd2 Nc6 e3 a6 c4 e6,10,
1530,1324,white,300+0,d4 d6 c4 b6 Nc3 Bb7 Bg5 f6 Bh4 g5,10,
1731,1469,white,120+0,e4 g6 Nf3 Bg7 Bc4 d6 O-O Nf6 Re1 O-O,10,
1388,1317,white,300+0,e4 c5 Bc4 e6 Nf3 Qc7 Nc3 Nf6 O-O Nc6,10,
1405,1363,white,300+0,e3 f5 Qf3 Nf6 Qxf5 g6 Qf3 Bg7 Bc4 Rf8,10,
1534,1402,black,0+1,e4 b6 Nf3 Ba6 Bxa6 Nxa6,6,
1515,1362,white,300+2,e4 e5 Nf3 Nc6 Be2 d6 Nc3 f5 exf5 Bxf5,10,
1402,1534,white,0+1,f3 d5 g3 e5 Bh3 Bxh3 Nxh3 c5 d3 Nc6,10,
1350,1522,white,300+2,e4 e5 Bc4 Nf6 Nf3 Nc6 Bb5 d6 O-O Be7,10,
1497,1537,white,300+0,e4 c5 Nf3 Nc6 d4 cxd4 Nxd4 Nf6 Nc3 e6,10,
1527,1400,white,480+0,d4 e6 c4 Nf6 Bg5 c5 dxc5 Bxc5 a3 Qb6,10,
1743,1827,black,540+0,e4 e6 d4 d5 Nc3 c5 Nf3 cxd4 Nxd4 Bc5,10,
1841,1903,white,60+0,d4 Nf6 c4 e5 Nc3 exd4 Qxd4 Nc6 Qd1 Bc5,10,
1419,1518,black,0+1,g3 d5 f3 e5 e3 f5 d3 Nc6 g4 fxg4,10,
1526,1410,black,0+1,e4 e5 Nf3 Qe7 d3 Qd8 Be2 Nf6 O-O Ng8,10,
1500,1465,black,120+0,d4 g6 Nc3 Bg7 e3 d6 Bb5+ c6 Bc4 b5,10,
1695,1506,white,300+2,e4 e5 Nf3 Nf6 b3 Nc6 Bb2 d6 Bb5 Be7,10,
1634,1855,black,60+0,e4 e6 Nf3 d5 exd5 exd5 d4 Nf6 Be2 c5,10,
1704,1784,black,300+0,e4 c5 g3 b6 Bg2 Bb7 Nc3 Nc6 b3 g6,10,
1411,1526,black,0+1,d3 d5 e3 e5 d4 exd4 exd4 Nf6 Qe2+ Be7,10,
1410,1526,white,0+1,Nf3 d5 Ng1 e5 Nf3 Nc6 Ng1 Nf6 Nf3 Bd6,10,
1305,1399,black,300+0,e4 c5 e5 Nc6 f4 e6 d3 f6 exf6 Nxf6,10,
1348,1416,white,300+0,e3 e6 f4 b6 b3 Bb7 Nc3 Qf6 Rb1 Qh4+,10,
1611,1425,white,0+1,e4 c6 Nc3 b6 d4 a6 Nf3 b5 d5 b4,10,
1238,1380,black,60+10,e4 e5 d4 exd4 Qxd4 Nc6 Qd1 f6 Bb5 Nge7,10,
1425,1611,black,0+1,f3 d5 h3 Nc6 h4 Bf5 Nh3 Nb4 g4 Bxc2,10,
1611,1425,white,0+1,e4 Na6 Qf3 Nb8 Bc4 Nf6 e5 b5 exf6 bxc4,10,
1571,1669,white,600+1,e4 e5 Nf3 d6 Nc3 Nc6 Bb5 Bd7 Bxc6 Bxc6,10,
2131,1038,white,180+0,Nf3 Nf6 g3 d5 Bg2 c6 O-O Qb6 d3 Na6,10,
1418,1620,white,0+1,e3 d5 Ne2 Nc6 Ng1 Bf5 Ne2 Nb4 d3 e5,10,
1412,1474,black,120+0,e4 g6 Nf3 Bg7 Nc3 d6 Bc4 Nf6 Ng5 O-O,10,
1484,1568,black,180+1,d3 e5 e4 Nf6 Nc3 c6 Bg5 d5 exd5 h6,10,
1594,1722,white,60+0,e4 c5 Nf3 Nc6 d4 d6 d5 e6 dxc6 bxc6,10,
1910,1418,white,60+0,e4 d6 d4 Bd7 Nf3 Bc8 Bc4 Be6 d5 Bd7,10,
1903,1427,white,0+1,e4 Nc6 d4 Nb8 d5 c6 Nf3 c5 c4 d6,10,
1486,1422,white,300+8,e4 d5 exd5 Qxd5 Nc3 Qe6+ Be2 b6 Nf3 Bb7,10,
1416,1916,black,60+0,Nc3 Nf6 Nb1 Ne4 Nc3 Nxf2 Kxf2 e5 Ke1 Bc5,10,
1611,1595,black,60+0,e4 b6 Nf3 Bb7 e5 e6 d4 Qe7 Nc3 d6,10,
1681,1681,black,900+0,f4 Nf6 d4 d5 e3 g6 Nd2 Bg7 Bd3 O-O,10,
1434,1566,black,600+10,e3 e6 c4 d5 b3 dxc4 bxc4 c5 Nc3 Nc6,10,
2131,1298,white,180+0,Nf3 Nc6 c4 Nb8 Nc3 Nc6 d4 Nb8 e4 Nc6,10,
1611,1922,white,60+0,e4 Nf6 Nf3 Nxe4 d3 Nxf2 Kxf2 e5 Nc3 Bc5+,10,
1500,1489,black,300+2,e4 c5 Nf3 Nc6 Be2 d6 O-O a6 d3 b5,10,
1392,1231,white,60+10,d4 d5 Bf4 f6 Nf3 Nc6 e3 Bg4 h3 Bxf3,10,
1841,1638,black,60+0,e4 d5 Nf3 dxe4 Ne5 f6 Nf7 Kxf7 Qh5+ g6,10,
1534,1396,black,480+0,d4 d5 c4 dxc4 e4 b5 b3 c6 bxc4 b4,10,
2131,1038,white,180+0,Nf3 Nf6 g3 c6 Bg2 Qa5 O-O d5 d3 Bg4,10,
1401,1368,white,300+0,e3 g6 Bc4 Nf6 Qf3 Bg7 e4 O-O e5 Nh5,10,
1661,1774,white,60+0,e4 Nf6 Nf3 Nxe4 d3 Nxf2 Kxf2 e6 Nc3 Bc5+,10,
1534,1402,white,0+1,e4 b6 d4 Ba6 Bxa6 Nxa6 c4 Rb8 Nf3 Rc8,10,7472.83
1510,1722,black,120+2,e4 e5 Nc3 Nc6 Bc4 h6 d3 d6 a3 a6,10,
1589,1499,white,480+10,e4 e5 Nf3 d6 Bc4 h6 d4 exd4 Qxd4 c5,10,
1701,1530,white,300+0,e4 Nf6 Qe2 e5 b3 d6 Bb2 Bg4 f3 Be6,10,
1860,1415,white,0+1,e4 e6 Nf3 Qe7 c3 Qc5 d3 Qe7 d4 d6,10,
1723,1680,black,60+0,e4 d5 exd5 Qxd5 h4 Nc6 Rh3 Bxh3 Nxh3 Nf6,10,
1680,1723,black,60+0,e4 e5 d4 Qf6 dxe5 Qxf2+ Kxf2 Bc5+ Ke1 Ne7,10,
1754,1697,black,60+0,e3 e5 d4 exd4 exd4 Nf6 Qf3 d5 Qxf6 Qxf6,10,
1476,1566,black,300+4,b3 d6 Bb2 e6 g3 Nf6 Bg2 Be7 e3 c6,10,
1224,1038,white,60+10,e4 Nf6 e5 Nd5 d4 d6 Bc4 c6 f4 Qa5+,10,
1506,1417,black,180+3,e4 Nf6 Nc3 d5 e5 Ne4 Qf3 Nc6 Bb5 Bd7,10,
2044,1413,white,0+1,e4 e6 Nf3 Qf6 Nc3 e5 Nd5 Qd8 Bc4,9,
1413,2044,black,0+1,Nf3 c6 Ng1 d5 Nf3 e6 Ng1 Bd6 Nf3 Ne7,10,
1556,1520,white,300+0,e4 g6 d4 Bg7 Nf3 d6 Nc3 Bg4 Be3 Nc6,10,
1782,1714,black,60+0,h4 d5 Nf3 Nc6 d4 e5 c4 e4 cxd5 exf3,10,
1835,1811,black,540+0,e4 e5 Nf3 Nc6 Bc4 Bc5 Nc3 Nf6 d3 h6,10,
1409,1260,black,900+0,e4 e5 Nf3 Nc6 Nc3 Nf6 d4 exd4 Nxd4 Be7,10,
1353,1412,white,300+0,c4 e6 d4 c5 d5 e5 f4 d6 Nc3 f6,10,
1435,1798,black,180+3,e4 c5 c3 Nc6 d4 cxd4 cxd4 d6 Nc3 e6,10,
1746,1412,white,0+1,e4 e5 Nf3 d6 Nxe5 dxe5 Bc4 b5 Bxf7+ Kxf7,10,
1230,1055,white,60+10,e4 e5 d4 exd4 Qxd4 Nc6 Qd1 Nf6 Nc3 Bb4,10,
1534,1394,black,600+5,e4 e5 Nf3 Bd6 d4 Nc6 d5 Nce7 c4 Nf6,10,
1603,1491,black,360+2,e4 e5 Nf3 Nc6 Bb5 Nge7 d3 a6 Ba4 b5,10,
1505,1612,white,300+0,e4 d5 exd5 Qxd5 Nf3 Nf6 c4 Qa5 Nc3 Bg4,10,
1505,1600,black,600+8,e4 c5 Nf3 Nc6 d4 cxd4 Nxd4 Nxd4 Qxd4 e6,10,
1408,1754,black,0+1,Nf3 e5 Nxe5 Qf6 Nf3 Qxf3 gxf3 Nf6 e3 Bc5,10,
1046,1147,black,300+2,e4 e5 Nf3 Nc6 Bb5 Nf6 Nc3 Bd6 d4 O-O,10,
1697,1754,black,60+0,e4 e5 Nf3 Qf6 Bc4 Qxf3 Qxf3 Nf6 g4 Bc5,10,
1730,1505,black,120+2,c4 e5 Nc3 g6 g3 Bg7 Bg2 Nf6 d3 O-O,10,
1571,1671,black,480+0,e4 e6 d4 d5 Nd2 dxe4 Nxe4 Nf6 f3 Nxe4,10,
1705,1526,white,120+2,c4 e5 Nc3 Nf6 g3 d5 d4 exd4 Qxd4 Nc6,10,
1824,1822,white,540+0,e4 e5 c4 Nc6 d3 Bc5 Nc3 Nf6 h3 d6,10,
1761,1405,white,0+1,e3 d6 Qf3 c6 Qxf7+ Kxf7 Nf3 Ke8 d4 Bg4,10,
1405,1761,black,0+1,Nf3 e5 Nxe5 Qf6 Nf3 Qxf3 gxf3 Nf6 Bg2 Bd6,10,
1236,1591,black,60+10,e4 e5 d4 exd4 Qxd4 Nc6 Qd1 Bb4+ c3 Bc5,10,
1768,1402,white,0+1,e4 b6 Qf3 Bb7 Qxf7+ Kxf7 Nf3 e5 Nxe5+ Ke8,10,
1801,1818,white,180+0,d4 c5 dxc5 e6 c4 Bxc5 Nc3 Nf6 Nf3 O-O,10,
1431,1507,black,180+3,e4 c5 c3 e6 d4 cxd4 cxd4 Nf6 Bg5 h6,10,
1154,1217,black,300+8,d4 d5 Nf3 Nf6 Nc3 Bg4 e3 e6 h3 Bxf3,10,
1562,1682,white,480+0,e4 e6 d4 d5 Nd2 dxe4 Nxe4 Nc6 Nf3 Be7,10,
1594,1234,white,60+10,f4 d5 e3 Nc6 d4 f6 Nf3 Bg4 Nbd2 e5,10,
1807,1813,white,180+0,e4 c5 Nf3 Nc6 Nc3 g6 d3 Bg7 Bg5 d6,10,
1372,1398,white,300+0,g3 e6 Bg2 g6 Nf3 Bc5 d4 Bb4+ c3 Bd6,10,
1410,1774,black,0+1,g3 e5 Bg2 Qf6 f3 Qc6 e3 e4 fxe4 f5,10,
1774,1410,white,0+1,h4 b6 Rh3 Bb7 Rf3 Bxf3 Nxf3 c6 e4 d6,10,
1599,1592,black,900+0,e4 d6 c4 e6 d3 b6 Na3 Be7 Nc2 Bb7,10,
1410,1774,black,0+1,e3 Nf6 f3 e5 g3 Qe7 Ne2 Qd6 Nbc3 e4,10,
1500,1398,black,0+1,d4 c6 e3 Qb6 Nf3 Qb4+ c3 Qd6 b3 Qc7,10,
1602,1349,black,360+2,e4 e5 Nf3 Nc6 d4 d6 dxe5 dxe5 Bd3 Bd6,10,
1591,1600,white,360+2,e4 d5 exd5 Nf6 Nf3 b5 Be2 Bb7 Bxb5+ c6,10,
1780,1406,white,0+1,e4 c6 Qf3 d6 Qxf7+ Kxf7 Nf3 e6 e5 dxe5,10,
1609,1397,black,600+5,d4 e5 dxe5 Nc6 Nf3 Bc5 Nc3 Nge7 Bg5 h6,10,
1498,1713,white,120+2,d4 d5 Nc3 Nf6 e3 e6 Bb5+ Nbd7 Bxd7+ Bxd7,10,
1509,1382,white,300+8,e4 d5 exd5 Qxd5 Nc3 Qc6 Bb5,7,
1804,1707,black,300+0,d4 g6 c4 Bg7 Nc3 e6 Nf3 Nc6 Bg5 Nge7,10,
1366,1566,white,300+0,e4 e5 Nf3 Nc6 Nc3 Nf6 Bc4 Bc5 O-O d6,10,
1231,1596,black,60+10,e4 e5 d4 d6 d5 c6 c4 Nf6 Nc3 Be7,10,
1736,1400,white,0+1,e4 d6 Nf3 c6 d4 Bd7 d5 b6 dxc6 Nxc6,10,
1517,1372,black,300+8,e4 d5 exd5 Qxd5 Nc3 Qe6+ Be2 Nc6 Nf3 Nh6,10,
1779,1579,white,480+0,e4 c5 Nf3 d6 d4 cxd4 Nxd4 Nf6 Nc3 a6,10,
1690,1801,draw,120+2,c4 Nf6 Nc3 g6 d4 Bg7 g3 d6 e3 O-O,10,
1565,1411,white,600+5,e4 e5 d4 Bd6 Nf3 Nf6 Bg5 Qe7 Nc3 c6,10,
1403,1731,black,0+1,e3 d5 e4 Nf6 exd5 Nxd5 d3 e5 d4 Nc6,10,
1565,1598,draw,300+0,e4 d5 exd5 Qxd5 Nc3 Qa5 Be2 Nf6 Nf3 e6,10,166.66
1392,1501,white,300+8,e4 e5 Nf3 Nc6 d4 exd4 Nxd4 Nf6 Be3 Bd6,10,
1740,1786,black,60+0,e4 e5 Nf3 Bc5 Nc3 Nf6 Nd5 Nxe4 d3 Nxf2,10,
1228,1116,white,300+8,e4 e5 Nf3 Nf6 d4 d5 dxe5 Nc6 exf6 Qxf6,10,
1520,1507,black,1800+30,Nf3 d5 d4 Nc6 e3 Bg4 Be2 Qd7 Nbd2 O-O-O,10,
1501,1392,white,300+8,e4 d5 exd5 Qxd5 Nc3 Qe5+ Be2 e6 Nf3 Qf5,10,
1806,1412,white,660+8,e4 e5 Nf3 d6 Bc4 f5 d4 fxe4 Nxe5 dxe5,10,
1603,1588,black,900+0,e4 e5 Bc4 c6 a3 d5 exd5 cxd5 Ba2 Be6,10,
1088,1237,draw,300+8,e4 e5 Nf3 Nc6 d3 d5 Nc3 dxe4 dxe4 Bg4,10,
1599,1228,white,60+10,f4 d5 e3 Nc6 d4 f6 Nf3 Bg4 Nbd2 e5,10,
1808,1410,black,60+0,e4 d5 Nf3 dxe4 Ne5 Nf6 Nc3 Nc6 Nxc6 bxc6,10,
1385,1388,white,300+0,e3 b6 Qf3 d5 c4 Bb7 g3 Na6 Nc3 Rb8,10,
1351,1192,white,300+0,c4 c5 d3 Nc6 Nc3 e6 h3 a6 e4 Bd6,10,
1501,1487,white,420+0,Nf3 d5 g3 c5 Bg2 Nc6 Nc3 Nf6 O-O e5,10,
1516,1319,black,420+1,d4 d5 Nf3 Nc6 e3 Bf5 c4 Nf6 Nc3 Nb4,10,
1687,1763,black,60+0,e4 d5 Nc3 dxe4 Nxe4 e5 Nc3 Nf6 Nf3 e4,10,
1763,1687,white,60+0,e4 d6 Nf3 g6 Bc4 Bg7 O-O Nd7 d4 Ngf6,10,
1793,1741,white,180+0,e4 e6 d4 d5 e5 c5 c3 Nc6 Nf3 Qb6,10,
1373,1397,black,300+0,g3 e6 d4 Qf6 e4 d6 e5 dxe5 dxe5 Qxe5+,10,
1678,1782,black,60+0,d4 Nf6 Nf3 e6 c3 d5 Nbd2 c5 e4 dxe4,10,
1241,1225,black,60+10,d4 d5 f4 f6 e3 e5 Nf3 e4 Nh4 f5,10,
1468,1337,black,300+0,b3 d5 Bb2 c5 e3 Nc6 Bb5 Bd7 Qf3 Nb4,10,
1782,1678,white,60+0,e4 d5 exd5 Qxd5 Nf3 Qd8 Be2 Nf6 O-O g6,10,
1793,1757,white,240+0,c4 e5 b3 Nf6 Bb2 d6 Nc3 Be7 g3 Bf5,10,
1670,1798,white,60+0,e4 d5 Nc3 d4 Nce2 c5 f4 e5 d3 exf4,10,
1445,1557,black,240+0,e4 Nc6 d4 Nf6 e5 Nd5 c4 Nb6 Nf3 e6,10,
1223,1238,white,60+10,d4 d5 f4 f6 e3 e5 dxe5 fxe5 fxe5 Qh4+,10,
1835,1812,black,540+0,e4 e5 c4 Nf6 d3 c6 h3 d5 Nc3 dxe4,10,1075.16
1722,1424,white,300+5,e4 e5 Nf3 d6 b3 Nf6 Qe2 c6 Bb2 Bg4,10,
1360,1557,black,240+0,c4 Nf6 d3 d5 cxd5 Nxd5 Nc3 Nxc3 bxc3 Bf5,10,
1829,1685,white,60+0,e4 e5 Nf3 Nc6 Bc4 f6 d4 exd4 Nxd4 Bc5,10,
1512,1516,white,420+0,Nf3 d5 d4 Bg4 g3 Bxf3 exf3 Nc6 Bg2 Qd6,10,
1769,1685,white,60+0,e4 d6 Qf3 g6 Qxf7+ Kxf7 Nf3 Be6 d4 c6,10,
1453,1569,black,300+0,b3 e6 Bb2 Nf6 g3 d5 Bg2 c5 Na3 Nc6,10,
1524,1502,white,420+0,Nf3 c5 g3 d5 Bg2 Nc6 Nc3 d4 Na4 e5,10,
1676,1785,white,60+0,d4 e6 c4 Qh4 Nf3 Qxf2+ Kxf2 Nf6 Ke1 c5,10,
1713,1614,white,300+5,d4 d5 c4 e6 Nc3 c6 Nf3 Nf6 Bg5 Be7,10,
1352,1562,white,240+0,c4 Nf6 d3 Nc6 Nc3 a6 e4 e5 h3 Bb4,10,
1759,1691,black,60+0,e4 d6 Nf3 g6 Bc4 Bg7 Bxf7+ Kxf7 d4 Nf6,10,
1691,1759,white,60+0,d4 e5 c3 Qf6 e4 Qxf2+ Kxf2 exd4 cxd4 d5,10,
1728,1152,white,0+1,d3 d6 e3 e6 e4,5,
1725,1588,black,300+0,e4 e5 Nf3 Nc6 b3 Nf6 Bb2 d6 Bb5 Bd7,10,
1736,1704,white,60+0,e4 d6 Qf3 g6 Qxf7+ Kxf7 Nf3 Nf6 Bc4+ e6,10,
1545,1377,white,240+0,e4 f6 d4 d6 Nc3 e5 d5 Ne7 Nh3 g6,10,
1648,1608,white,0+1,c3 e6 e3 d6 Qc2 c6 d4 a6 b3 f6,10,
1685,1803,white,180+1,e4 c5 f4 b6 Nf3 Bb7 Bc4 Nc6 d3 g6,10,
1694,1753,white,60+0,e4 e5 d4 f5 exf5 Nf6 dxe5 Ng4 Qxg4 Bc5,10,
1226,1500,white,60+10,e4 e6 d4 d5 e5 c5 Nf3 Nc6 Bb5 Bd7,10,
1753,1694,black,60+0,e4 Nf6 f4 e6 e5 Ng8 Nf3 f6 d4 fxe5,10,
1606,1446,black,180+5,d4 b6 c4 Bb7 e4 Bxe4 Nf3 Nc6 Nc3 Bxf3,10,
1710,1722,white,300+0,e4 e6 Nf3 d5 exd5 exd5 b3 Nf6 Bb2 Bd6,10,
1135,1238,white,60+10,e4 e5 Nf3 Nc6 Bc4 Nf6 Ng5 d5 exd5 Nxd5,10,
1729,1732,white,0+1,e3 e5 d3 Qf6 b3 Qxf2+ Kxf2 Nf6 Ke2 Bc5,10,
1368,1552,black,240+0,c4 d5 cxd5 Qxd5 Nc3 Qf5 e4 Qf6 d3 c6,10,
1743,1734,black,960+14,e4 e6 Nf3 d5 exd5 exd5 d4 Nf6 c4 Bd6,10,
1730,1714,black,0+1,c3 Nf6 d4 e6 e3 d5 g4 c5 g5 cxd4,10,
1227,1315,white,60+10,e4 e5 d4 exd4 Qxd4 Nc6 Qd1 Nf6 Nc3 Bb4,10,
1290,1604,black,300+4,e4 e5 Nc3 Nf6 Nf3 Nc6 Bc4 Bc5 O-O O-O,10,
1718,1732,black,0+1,c3 Nf6 d4 e6 b3 c5 Bb2 cxd4 cxd4 d5,10,
1557,1360,white,240+0,Nc3 f5 Nf3 e6 d4 d5 a3 Nf6 Bg5 Nbd7,10,
1699,1875,black,180+2,e4 e6 f4 d5 exd5 exd5 Nf3 Nf6 Be2 Bc5,10,
1692,1670,black,900+0,e4 e5 Nf3 d6 b3 Bg4 h3 Bh5 Bb2 Nf6,10,
1713,1694,white,120+2,e4 e5 Nf3 Bc5 d4 exd4 Nxd4 Bxd4 Qxd4 Nc6,10,
1188,1239,white,60+10,e4 d5 exd5 Qxd5 Nc3 Qd8 Nf3 Nc6 Bb5 a6,10,
1352,1563,black,240+0,c4 Nf6 d3 e5 Nc3 Bb4 e4 Bxc3+ bxc3 h6,10,
1710,1693,black,300+5,d4 Nf6 c4 e5 dxe5 Ng4 Nf3 Nc6 e3 Ngxe5,10,
1556,1836,black,0+1,c4 e5 Nc3 d6 d3 Nd7 g3 Ngf6 Bg2 Be7,10,
1556,1562,white,60+0,c4 c6 Nc3 d5 d4 dxc4 e3 e6 Bxc4 Be7,10,
1227,1279,black,60+10,e4 e5 d4 exd4 Qxd4 Nc6 Qd1 Nf6 Nc3 Bb4,10,
1608,1499,white,300+4,e4 c5 Nf3 e6 d4 cxd4 Nxd4 Nc6 Nc3 Bb4,10,
1335,1217,black,60+10,e4 e5 Nf3 Nc6 Bc4 Nd4 Nc3 Nxf3+ Qxf3 Nf6,10,
1724,1568,white,180+1,e4 Nc6 Bc4 e5 Nf3 h6 d4 exd4 Nxd4 Nxd4,10,
1881,1705,white,300+5,d4 Nf6 f3 e6 e4 Nxe4 fxe4 Qh4+ Ke2 Qxe4+,10,
1491,1616,white,300+4,d4 d5 e3 e6 c4 c6 Nc3 Nf6 Bd2 a6,10,
1562,1730,white,180+1,e4 c6 d4 d5 e5 e6 a3 c5 Nf3 cxd4,10,
1697,1738,black,240+1,d4 d5 c4 e6 Nc3 Bb4 Nf3 Nf6 Bg5 O-O,10,
1714,1578,white,180+1,e4 Nc6 Nf3 e5 d4 exd4 Nxd4 Nxd4 Qxd4 Qf6,10,
1607,1452,black,300+8,d4 Nf6 Bf4 d6 Nc3 g6 Qd2 Bg7 O-O-O O-O,10,
1747,1687,white,240+1,e4 e6 Nf3 d5 e5 c5 d4 Nc6 c3 Qb6,10,
1671,1727,white,0+1,c3 c6 d3 d5 e3 e6 Qc2 Nd7 b3 f6,10,
1600,1556,black,300+0,e4 e5 Nf3 Nc6 Bc4 Bc5 c3 d6 d4 exd4,10,
1450,1284,white,420+1,e4 e5 Nf3 Nc6 Bc4 f6 d3 Nge7 Be3 a6,10,
1706,1425,white,0+1,d3 g6 e4 Bg7 c3 d6 b3 Nf6 Bb2 O-O,10,
1671,1149,white,0+1,f3 d5 g3 e5 Bg2 Nf6 b3 Nc6 Bb2,9,
1397,1522,black,300+5,e4 b6 d4 Bb7 d5 e6 dxe6 fxe6 Nc3 Nf6,10,
1291,1491,black,420+5,e4 e5 Nf3 d6 Bc4 h6 d3 a6 O-O b5,10,
1634,1887,black,540+5,e4 c5 Nf3 Nc6 Bb5 a6 Ba4 b5 Bxb5 axb5,10,
1103,1050,white,300+8,d4 d5 Nc3 Nc6 f3 e5 e4 f6 g3 exd4,10,
1587,1569,black,300+0,e4 e5 Nf3 Nc6 Bc4 Nf6 Ng5 d5 exd5 Na5,10,
1879,1232,white,60+10,c4 e5 Nc3 Nf6 g3 c6 Bg2 d5 d3 d4,10,
1440,1296,white,420+1,e4 c5 Nf3 Nc6 Bc4 d6 Ng5 Ne5 Bd5 Nf6,10,
1276,1284,black,600+10,e3 e5 d4 e4 c3 Nf6 Nd2 d5 Qa4+ Nc6,10,
1590,1553,black,300+8,d4 d5 c4 e6 Nf3 c5 dxc5 Bxc5 cxd5 exd5,10,
1611,1539,white,300+8,e4 c5 c4 Nc6 Be2 g6 d4 Nxd4 Be3 Bg7,10,
1691,1650,white,600+5,d4 d5 c3 Nf6 g3 Nc6 Bg2 e6 Bg5 Bd6,10,
1830,1571,black,180+0,d4 d5 Nc3 e6 a3 c5 e3 Nc6 dxc5 Bxc5,10,
1621,1452,white,240+0,e4 c5 d4 cxd4 Qxd4 Nc6 Qd1 g6 Nc3 Bg7,10,
1311,1297,white,540+0,e4 e5 Nf3 Nc6 d4 exd4 Nxd4 Nxd4 Qxd4 Nf6,10,
1507,1428,black,600+10,e4 c5 Nf3 e6 Nc3 f5 d3 Nc6 Bg5 Be7,10,
1655,1529,white,300+2,d4 Nf6 e3 g6 h3 Bg7 Nf3 O-O a3 d6,10,
1244,1587,white,60+10,e4 e5 d4 exd4 Qxd4 Nc6 Qd1 Bc5 Nc3 Nf6,10,
1431,1424,black,420+1,e4 d5 exd5 Qxd5 Nc3 Qa5 Nf3 Bg4 Be2 h5,10,
1608,1115,white,240+0,e4 c5 d4 d5 dxc5 dxe4 Qxd8+ Kxd8 b4 e5,10,
1427,1145,white,420+1,e4 c6 Nf3 Qb6 Bc4 e6 Nc3 d5 exd5 exd5,10,
1587,1244,black,60+10,e4 e5 Nf3 Nc6 Bc4 d5 exd5 e4 Ng1 Ne5,10,
1745,1433,black,180+0,d4 d5 Nc3 Nf6 Bf4 c6 Be5 Nbd7 Bxf6 Nxf6,10,
1425,1210,white,60+0,f4 d5 e3 e6 Be2 Nc6 Nf3 f6 O-O,9,
1265,1146,white,120+0,c4 d6 Nc3 e5 f3 Nf6 e3 Nc6 d4 exd4,10,
1456,1277,black,420+1,e4 c5 Nf3 Nc6 Bc4 d6 Ng5 Ne5 Bd5 Nf6,10,
1610,1581,white,240+0,e4 e5 Nf3 Nc6 d4 exd4 Nxd4 Nge7 Be3 Nxd4,10,
1711,1767,black,60+2,e4 c5 f4 g6 Nf3 Bg7 c3 e6 d4 cxd4,10,
1575,1288,white,300+4,e4 c5 Nf3 Nc6 d4 d6 d5 Ne5 c4 Nf6,10,
1570,1506,white,300+5,e4 c5 Nf3 e6 d4 cxd4 Nxd4 Nc6 Nxc6 bxc6,10,
1661,1497,white,180+0,d4 d5 Nc3 e6 a3 c5 e3 Nf6 dxc5 Bxc5,10,
1567,1432,black,0+10,e4 d5 Bc4 dxc4 Nc3 Nc6 Nf3 Nf6 O-O Bg4,10,
1532,1375,white,300+8,e4 c5 Nf3 Nc6 c3 b6 Bb5 Bb7 Bxc6 Bxc6,10,
1447,1113,black,420+1,e4 d5 exd5 Qxd5 Nc3 Qe6+ Be2 c5 Nf3 a6,10,
1266,1448,black,60+10,e4 d5 d4 dxe4 d5 Nf6 Nc3 Bf5 Bg5 e6,10,
1892,1755,white,540+5,e4 e5 Nf3 Nf6 Bc4 Bd6 d3 O-O Bg5 Nc6,10,
1390,1552,black,300+5,e4 e5 Nf3 Nc6 Bc4 h6 d4 exd4 Nxd4 Bc5,10,
1275,1235,white,120+0,c4 d5 c5 e6 d4 Nc6 Nc3 Qf6 e3 e5,10,
1701,1711,white,60+1,e4 e6 f4 g6 Nf3 Bg7 d4 d6 Bd3 Qe7,10,
1524,1636,black,600+5,e4 c6 d4 d5 Nc3 dxe4 Nxe4 e5 Be3 Nf6,10,
1722,1530,white,480+0,e4 c6 c4 e6 b3 a6 Bb2 d5 e5 h6,10,
1713,1628,white,60+1,e4 e5 f4 Nc6 Nf3 d6 Bb5 Bd7 f5 a6,10,
2064,1887,draw,180+2,e4 e6 d4 d5 e5 c5 Nf3 Nc6 Bd3 cxd4,10,
1816,1974,black,60+1,e4 e6 d4 c5 d5 exd5 exd5 Nf6 c4 d6,10,
1585,1662,white,300+2,e4 e5 Nf3 Nc6 d4 Bd6 Bc4 h6 Nc3 a6,10,
1441,1209,white,600+10,e3 d5 c4 d4 f4 h5 exd4 Qxd4 d3 Qb6,10,
1686,1387,white,180+0,d4 Nf6 Nc3 d6 Bg5 c5 Bxf6 exf6 dxc5 dxc5,10,
1345,1453,white,300+0,c4 d5 cxd5 Qxd5 Nc3 Qa5 Nf3 Nc6 a3 Nf6,10,
1524,1543,black,300+8,d4 d5 e3 Bf5 Nd2 h6 c3 a6 h3 Nc6,10,
1553,1735,black,60+0,e3 d5 d3 e5 c3 Nc6 f3 d4 Be2 dxc3,10,
1734,1840,white,60+1,e4 e5 f4 d6 Nf3 exf4 h4 Nf6 d3 Nc6,10,
1560,1727,black,60+0,e4 d5 Bb5+ c6 Bd3 Nf6 e5 Ne4 Bxe4 dxe4,10,
2068,1309,white,120+0,d4 d5 c4 dxc4 Nc3 Be6 e4 c6 Be3 g6,10,
1728,1500,white,60+0,e4 d6 Nf3 e6 d4 Nf6 e5 Nc6 exf6 gxf6,10,
1383,1234,white,300+5,e4 e5 Nf3 f6 d3 g5 h3 Ne7 c4 Nec6,10,
1721,1743,white,60+1,e4 d5 e5 d4 f4 Nc6 Nf3 Bg4 Bc4 f6,10,
1409,1733,black,60+0,e3 e5 d3 Nc6 Nf3 Nf6 Nxe5 Nxe5 Bd2 d5,10,
1748,1826,black,60+1,e4 e5 f4 exf4 h4 Nf6 e5 Ne4 Nf3 Bc5,10,
1546,1416,white,60+0,e4 g6 Bc4 Bg7 Nf3 d6 Ng5 Nf6 Nxf7 Bg4,10,
1738,1980,black,60+0,e4 c6 Nc3 d5 d4 dxe4 Nxe4 Nf6 Nxf6+ gxf6,10,
1619,2068,black,120+0,d4 d5 c4 e6 Nc3 f5 f3 Nf6 Bg5 Be7,10,
1984,1732,white,60+0,f4 e5 e4 exf4 Bc4 Nf6 Nc3 c6 e5 d5,10,
1500,1231,black,60+10,g3 e5 Bh3 d5 Bg4 Bxg4 Nc3 d4 Ne4 Nc6,10,
1739,1834,white,60+1,e4 e6 f4 d5 e5 c5 Nf3 Nc6 d3 b5,10,
1802,1700,black,180+0,e4 c5 Nc3 d6 Bc4 Nf6 Nf3 g6 d4 cxd4,10,
1381,1490,black,300+0,e4 d5 e5 Nc6 d4 f6 exf6 Nxf6 Nf3 Bg4,10,
1698,1364,white,0+1,c3 d6 d4 e6 b3 Nc6 Bb2 Nf6 e3 Be7,10,
1431,1497,black,300+0,e3 d5 Qf3 e5 d3 Nf6 Nc3 Bg4 Qg3 Bd6,10,
1562,1400,black,60+0,e3 e5 d3 Nf6 Be2 Nc6 Bd2 d5 c3 e4,10,
2071,1617,white,120+0,d4 Nf6 c4 e6 Nc3 Bb4 e3 O-O Bd3 b6,10,
1500,1566,black,300+8,e4 e5 Nf3 Nc6 d4 exd4 Nxd4 Nge7 Bc4 Nxd4,10,
1380,1269,white,60+10,Nf3 d5 d4 Nc6 e3 f6 c4 e5 a3 e4,10,
1726,1432,white,60+0,e4 d5 exd5 Qxd5 Nc3 Qa5 d4 Nc6 Bd2 Nf6,10,
1418,1544,black,60+0,f4 g6 Nf3 Bg7 e3 e6 Be2 d6 O-O c6,10,
1767,1808,black,60+1,e4 c5 f4 d5 exd5 Nf6 Nf3 Nxd5 Nc3 Nxf4,10,
1649,1506,white,180+0,d4 d5 Nc3 Nc6 Bf4 Nf6 Nb5 e5 dxe5 Nh5,10,
1731,1607,draw,60+0,e4 b6 Nf3 Bb7 d4 e6 d5 exd5 exd5 d6,10,
1570,1743,black,600+5,f4 d5 e4 dxe4 d3 exd3 Bxd3 Nf6 Be3 Bg4,10,
1297,1525,black,480+0,c4 c6 d3 e6 Nc3 d5 cxd5 cxd5 d4 a6,10,
1324,1285,black,540+0,e4 e5 Nf3 Nc6 d4 d6 dxe5 Nxe5 Nxe5 dxe5,10,
1470,1259,white,60+10,d3 d5 e3 e5 b4 d4 e4 f5 f3 fxe4,10,
1390,1319,black,300+5,e4 e5 Nf3 Nf6 d3 Nc6 Nc3 a6 d4 exd4,10,
1718,1527,black,300+0,d4 b6 e4 Bb7 Bd3 Nf6 Be3 Nxe4 Bxe4 Bxe4,10,
1690,1650,white,300+2,e4 e5 Nf3 Nc6 d4 Bd6 dxe5 Nxe5 Nxe5 Bxe5,10,
1552,1409,white,60+0,e4 g6 Bc4 Bg7 Nf3 Nf6 Ng5 d5 exd5 Nxd5,10,
1560,1402,black,60+0,e3 e6 d3 e5 Be2 d5 Bd2 Nf6 c3 Nc6,10,
1726,1615,black,60+0,e4 e5 Nf3 Nc6 Bc4 Nf6 d3 Be7 Bg5 O-O,10,
1652,1602,white,300+10,e4 d5 e5 Nh6 h3 Nc6 d4 e6 a3 Qh4,10,
1748,1826,black,60+1,e4 e6 f4 c5 Nf3 Nc6 e5 d5 c3 Qb6,10,
1261,1327,black,60+10,e4 g6 d4 Bg7 e5 d6 f4 Nc6 Bb5 a6,10,
1584,1451,white,600+10,e4 e6 d4 c5 c3 cxd4 cxd4 b6 a3 Bb7,10,
1371,1262,black,300+0,d3 d5 e4 d4 c4 e5 c5 Bxc5 a3 Bd6,10,
1370,1253,black,60+10,e4 e5 Nf3 Nc6 Bc4 Nf6 Ng5 d5 Bxd5 Nxd5,10,
1821,1754,black,60+1,d4 d5 c4 c6 cxd5 cxd5 Nc3 Nf6 Bf4 e6,10,
1817,1757,white,60+1,e4 e5 f4 f5 exf5 exf4 Qh5+ g6 fxg6 hxg6,10,
1717,1365,black,180+0,d4 h6 Nc3 f5 Bf4 g6 Be5 Rh7 Nd5 e6,10,
1584,1718,white,60+0,e4 e5 Bc4 Nc6 Qf3 Nf6 d3 Bc5 Ne2 O-O,10,
1718,1584,white,60+0,e4 g6 Nf3 Bg7 d4 d6 e5 dxe5 dxe5 Qxd1+,10,
1881,1899,draw,540+5,e4 c5 Nf3 Nc6 d4 cxd4 Nxd4 e5 Nb5 a6,10,
1389,1310,white,300+0,c4 e6 Nc3 d6 d3 c5 e4 b6 Be3 Nc6,10,
1576,1699,black,60+0,e4 e5 Bc4 Nc6 Qf3 Nf6 Ne2 Bc5 d3 Nd4,10,
1209,1446,black,600+10,d4 e6 Nc3 c5 Bg5 Qxg5,6,
1377,1351,black,300+5,e4 c5 c3 d6 Nf3 Nc6 Bb5 a6 Bxc6+ bxc6,10,
1681,1278,white,300+0,d4 d5 Nc3 Nf6 Nf3 e6 Bg5 Bb4 e4 Bxc3+,10,
1542,1419,white,60+0,e4 g6 Bc4 Bg7 Qf3 Nf6 Nh3 d6 Ng5 e6,10,
1569,1708,black,60+0,e4 e5 Bc4 Nc6 Qf3 Nf6 d3 d6 h3 h5,10,
1409,1363,white,240+4,d3 d5 d4 Nc6 e3 e5 dxe5 Nxe5 h3 Nf6,10,
1179,1420,black,600+12,d4 d5 Nc3 Nf6 Bf4 Nc6 Nb5 e5 Bxe5 Nxe5,10,
1401,1329,white,240+4,d3 e5 e4 Nc6 h3 Bc5 Nf3 h6 Be2 Nf6,10,
1356,1306,white,300+0,d3 e5 e4 Nc6 b4 Nd4 Na3 c6 Qh5 g6,10,
1298,1500,black,420+3,e4 c6 e5 d5 Nf3 Nd7 d4 Qc7 Bd3 f6,10,
1310,1657,black,540+0,e4 c6 Nf3 d5 e5 Bf5 Nd4 Bg6 d3 Nd7,10,
1525,1460,white,300+8,e4 d5 exd5 Qxd5 Nc3 Qd6 Nf3 Bf5 d4 e6,10,
1700,1413,black,300+0,d4 Nf6 Nc3 d5 Nf3 e6 Bg5 Be7 Bxf6 Bxf6,10,
1708,1592,white,60+0,e4 g6 Nf3 Bg7 d4 d6 e5 d5 Nc3 Bf5,10,
1699,1576,black,60+0,e4 e5 Qf3 Qf6 Qxf6 Nxf6 Nf3 b6 Nxe5 Nc6,10,
1699,1500,white,180+0,d4 c6 e4 Nf6 e5 d6 exf6 gxf6 Qh5 c5,10,
1408,1554,black,60+0,f4 g6 Nf3 Bg7 e3 e6 Be2 d6 O-O c6,10,
1307,1288,black,540+0,e4 e5 Nf3 f6 Nc3 Ne7 d4 exd4 Nxd4 Nbc6,10,
1716,1562,black,60+0,e4 g6 Nf3 Bg7 d4 d6 Nc3 Bg4 Be2 c5,10,
1671,1276,white,180+0,d4 d5 Nc3 Nf6 Bf4 a6 Be5 Ne4 Nb1 f6,10,
1684,1714,white,300+0,d4 d6 e4 Nf6 Nc3 g6 Nf3 Bg7 Be3 O-O,10,
1409,1552,black,60+0,f4 g6 Nf3 Bg7 e3 e6 Be2 d6 O-O c6,10,
1567,1511,black,300+3,e4 e5 Nf3 d6 Bc4 Bg4 h3 Bxf3 Qxf3 Qf6,10,
1347,1251,white,60+10,d4 d5 Nc3 Nf6 f3 Nc6 e4 e5 dxe5 Nxe5,10,
1411,1551,black,60+0,f4 g6 Nf3 Bg7 e3 b6 Be2 Bb7 O-O Bxf3,10,
1558,1404,white,60+0,e3 e5 d3 d5 Be2 Nf6 Bd2 Nc6 c3 d4,10,
1366,1241,black,300+0,d3 d5 e4 e6 e5 f6 exf6 Nxf6 g3 e5,10,
1262,1283,draw,180+0,d4 d5 e3 c5 Bd3 cxd4 exd4 Nc6 Nf3 Bg4,10,
1578,1698,black,60+0,e4 d5 exd5 Nf6 Qf3 Nxd5 g3 Nc6 Bg2 Be6,10,
1566,1396,white,60+0,e4 e5 Bc4 Nf6 Nf3 Nc6 Ng5 d5 exd5 Nxd5,10,
1545,1399,white,600+10,e4 e5 Nf3 Nc6 Bc4 h6 c3 Nf6 d3 d5,10,
1846,1882,white,480+2,e4 e5 Nf3 Nc6 Nc3 Bc5 Be2 Nf6 O-O d6,10,
1572,1390,white,60+0,e3 g6 d3 Bg7 Be2 d6 Bd2 Nf6 Bc3 O-O,10,
1649,1428,white,60+15,e4 d5 exd5 Nf6 c4 e6 dxe6 Bxe6 d4 Bb4+,10,
1678,1734,white,180+0,d4 Nf6 Nc3 e5 dxe5 Ng4 f4 Bc5 Ne4 Ne3,10,
1635,1714,black,900+12,e4 e5 f4 Qh4+ g3 Qf6 Nc3 c6 d3 Bb4,10,
1538,1583,white,300+8,e4 e6 d4 c5 Nf3 Qb6 c3 Nc6 a4 Nf6,10,
1384,1345,black,300+0,e4 e5 Nf3 d6 Bc4 Nd7 Nc3 c6 d4 b5,10,
1500,1583,black,300+3,e4 e5 d3 c6 f4 exf4 Bxf4 d6 Be2 Qf6,10,
1560,1702,black,60+0,e3 e6 d3 d5 Be2 g6 Bd2 Bg7 c3 c6,10,
1697,1202,white,300+0,d4 d5 Nc3 e6 Nf3 Nc6 Bg5 Be7 Bxe7 Qxe7,10,
1715,1366,black,180+0,d4 d5 Nc3 Nf6 Bf4 a6 Be5 Nc6 Bxf6 exf6,10,
1350,1370,black,300+0,d3 e5 e4 Nc6 a3 Nf6 b4 a6 a4 Bxb4+,10,
1663,1555,white,300+3,e4 d5 e5 e6 d4 c5 c3 Nc6 Nf3 Bd7,10,
1553,1307,white,60+0,e4 g6 Bc4 Bg7 Nf3 b6 Ng5 Nh6 Nf3 Bb7,10,
1655,1556,black,60+15,e4 c5 c4 d6 Nc3 Nc6 d4 cxd4 Nd5 e6,10,
1593,1491,white,300+3,d4 Nc6 c4 Nf6 Nf3 d5 Nc3 e6 e3 Bb4,10,
1401,1367,white,300+0,c4 e5 d3 f6 e4 Nc6 Nc3 Bb4 Ne2 Nge7,10,
1294,1130,white,540+0,e4 e5 Nf3 Nf6 d4 d5 exd5 Qxd5 dxe5 Bb4+,10,
1558,1739,black,60+0,e3 e5 d3 d5 Be2 Nc6 Bd2 Bf5 c3 Nf6,10,
1653,1662,white,300+10,e4 e5 Nf3 Nc6 Nc3 a6 Bc4 h6 d3 d6,10,
1569,1666,draw,300+3,e4 e5 Nf3 Nc6 Bc4 Bc5 c3 h6 d4 exd4,10,
1698,1572,black,300+0,d4 d6 e4 a6 Bd3 Nc6 Nf3 Bg4 Be3 e5,10,
1384,1579,white,60+0,e4 g6 d4 Bg7 Nc3 e6 Nf3 d6 Bd2 c6,10,
1547,1720,black,300+3,e4 e5 Nf3 Nc6 d4 exd4 Nxd4 Nf6 Nxc6 bxc6,10,
1420,1379,white,420+1,e4 e5 Nf3 d6 Bc4 Be6 d3 Nf6 Ng5 h6,10,
1340,1265,white,300+0,d3 c6 e4 d5 g3 e5 Qh5 Be6 Qxe5 Bd6,10,
1483,1603,black,300+3,e4 c6 Bc4 b5 Qh5 bxc4 Na3 Nf6 Qc5 e6,10,
1705,1835,black,240+0,d4 d5 c4 e6 a3 Nf6 Nc3 c5 dxc5 Bxc5,10,
1551,1673,white,60+0,e3 f6 d3 d6 Be2 c5 Bd2 e6 c3 d5,10,
1382,1368,black,300+0,g3 Nf6 Bg2 e6 d4 d5 Nc3 c5 dxc5 Bxc5,10,
1709,1401,white,60+0,d3 g6 e3 Bg7 d4 d6 g3 Nf6 Bg2 O-O,10,
1401,1649,black,60+0,f4 e6 Nf3 c6 e3 b5 Be2 Bb7 O-O Qc7,10,
1567,1262,black,60+0,e4 e5 Bc4 d6 Nf3 Nc6 d3 f6 O-O Qe7,10,
1649,1401,white,0+1,c3 g6 e3 Bg7 Qb3 d6 Bc4 Nf6 Bxf7+ Kd7,10,
1713,1398,white,0+1,c3 e5 d4 d5 dxe5 Nc6 f4 d4 cxd4 Nxd4,10,
1665,1228,white,180+0,d4 d6 e4 e6 h4 Nc6 Nf3 Nf6 Nc3 Be7,10,
1660,1192,white,180+0,d4 d5 Nc3 Nc6 Bf4 Bf5 Nb5 Rc8 e3 a6,10,
1180,1267,white,300+0,e4 Nf6 Nc3 c6 d4 d5 e5 Nfd7 e6 fxe6,10,
1547,1656,draw,60+0,e3 d6 d3 b6 Be2 Bb7 Bd2 e6 c4 g6,10,
1644,1450,white,180+3,e4 e5 Nf3 Nc6 Bc4 a6 d3 h6 O-O b6,10,
1398,1578,black,60+0,f4 d5 Nf3 Nf6 e3 e6 Be2 Bc5 Kf1 Nc6,10,
1258,1387,white,300+0,e4 e5 Nf3 Nc6 Bc4 Nf6 d3 h6 c3 Bc5,10,
1584,1394,white,60+0,e4 e5 Nf3 Nf6 Nxe5 d6 Nf3 Nxe4 Qe2 d5,10,
1547,1285,white,60+0,e3 e5 d3 d6 Be2 f5 Bd2 e4 c3 d5,10,
1643,1650,white,300+8,e4 e5 b3 Nc6 Bb2 a6 Nf3 d6 h3 h6,10,
1388,1651,black,0+1,e4 e6 d4 g6 e5 Bg7 Nf3 d6 c4 d5,10,
1348,1159,white,300+0,d3 e6 e4 Bd6 f4 Qe7 e5 Bb4+ c3 Bc5,10,
1651,1388,white,0+1,f3 e5 e4 Qe7 d3 d6 b3 c5 h4 Nc6,10,
1552,1711,black,600+10,e4 e5 Nf3 Bc5 Bc4 Qe7 d3 Nf6 Ng5 O-O,10,
1404,1541,black,300+3,e4 d5 exd5 Qxd5 Nc3 Qa5 Nf3 c6 d4 e6,10,
1869,1889,black,480+2,e4 c6 d4 d5 exd5 cxd5 Nf3 Nf6 Bd3 Nc6,10,
1590,1384,white,60+0,e4 e5 Nf3 Nf6 Nxe5 d6 Nf3 Nxe4 Qe2 Qe7,10,
1763,1544,white,300+3,e4 b6 Nf3 Bb7 Bc4 Nf6 d3 e6 O-O h6,10,
1345,1384,white,300+0,e4 c5 Nc3 d6 Bc4 e6 Nge2 a6 O-O h6,10,
1657,1361,white,0+1,d3 b6 c4 Bb7 b3 d6 f3 g6 Bb2 f6,10,
1301,1112,white,540+0,e4 d5 exd5 Qxd5 Nc3 Qe5+ Qe2 Qxe2+ Bxe2 Nc6,10,
1550,1194,white,60+0,e4 e5 Bc4 d6 Qh5 g6 Qf3 f5 exf5 Bxf5,10,
1251,1174,white,120+0,e4 e5 f4 d6 Nf3 g6 fxe5 dxe5 Nxe5 Nf6,10,
1716,1357,white,0+1,c3 e6 d4 b6 Qc2 Bb7 f3 g6 e4 Bg7,10,
1663,1378,white,0+1,d3 e5 c3 Nf6 Qc2 d6 e4 Be7 f3 O-O,10,
1670,1636,white,180+0,d4 d5 Nc3 e6 a3 h6 Bf4 Nf6 Nb5 Bd6,10,
1668,1354,white,0+1,d3 b6 e4 g6 g3 Bg7 Bg2 Bb7 c3 e6,10,
1262,1374,white,60+0,e4 e5 f4 d5 exd5 Qxd5 fxe5 Qxe5+ Qe2 Qxe2+,10,
1682,1429,black,300+0,d4 g6 e4 Bg7 Be3 b6 Bd3 Bb7 Nc3 c6,10,
1374,1262,white,60+0,f4 d5 Nf3 Nc6 e3 Nf6 Be2 Bg4 O-O Qd7,10,
1354,1421,black,300+0,d3 e6 e4 Qf6 c3 Na6 b4 c5 b5 Nc7,10,
1750,1733,white,300+0,d4 d5 c4 c6 Nf3 Nf6 Nc3 Bf5 cxd5 cxd5,10,
1184,1315,black,480+8,c3 e5 d4 e4 f3 d5 Nd2 e3 Nb3 Qd7,10,
1553,1792,black,60+0,e4 c6 Bc4 d6 Nf3 e6 d3 d5 exd5 cxd5,10,
1252,1382,white,60+0,e4 e5 f4 exf4 Bc4 Nf6 Nc3 Nc6 Nf3 a6,10,
1345,1431,black,300+0,d3 e6 e4 Qf6 g4 Bb4+ Bd2 Bc5 g5 Qxf2#,10,
1662,1715,black,300+0,d4 Nf6 Nc3 e6 Nf3 d5 Bg5 c6 Bxf6 Qxf6,10,
1639,1655,black,300+8,e4 e5 Bc4 Nf6 d3 h6 Nc3 c6 Nf3 d6,10,
1440,1336,black,300+0,e3 d6 Qf3 e6 Bb5+ Nc6 Bxc6+ bxc6 Qxc6+ Bd7,10,
1548,1384,white,300+3,d4 c5 d5 e5 e4 Nf6 f3 d6 c4 h6,10,
1366,1272,white,60+0,f4 d5 Nf3 Nc6 e3 e6 Be2 Nf6 O-O e5,10,
1548,1103,white,60+0,e4 e6 Bc4 c5 d4 Nc6 d5 exd5 Bxd5 Nd4,10,
1627,1768,black,300+0,e4 Nc6 d3 e5 h3 Bc5 Be2 Nf6 Nf3 O-O,10,
1261,1375,white,60+0,e4 e5 f4 Nf6 Nc3 exf4 Bc4 Nc6 d4 d5,10,
1673,1313,white,0+1,e3 c5 f4 e6 Qe2 Ne7 g3 g6 Bg2 Bg7,10,
1467,1626,black,1500+10,d4 Nf6 e3 d5 Bb5+ c6 Ba4 b5 Bb3 e6,10,
1351,1492,white,300+0,d3 e5 e3 d6 f4 Nc6 a3 h5 b4 exf4,10,
1359,1280,white,60+0,f4 d5 Nf3 Nc6 e3 Bf5 Be2 e6 O-O h6,10,
1708,1607,black,300+0,e4 c5 Nf3 d6 d4 cxd4 Nxd4 Nf6 Nc3 a6,10,
1612,1858,white,480+2,g3 d5 Bg2 e5 d3 Nf6 c3 Bd6 Nd2 O-O,10,
1550,1100,white,60+0,e4 e6 Bc4 c5 Nf3 Nc6 O-O Nf6 d3 Be7,10,
1652,1788,black,300+0,d4 d5 Nc3 Nf6 Nf3 Bf5 Bg5 e6 Bxf6 Qxf6,10,
1640,1810,black,300+2,d4 e6 a3 Ne7 e3 d5 b4 Nf5 Bb2 a5,10,
1552,1098,white,60+0,e3 e6 d3 c5 Be2 Nc6 Bd2 d5 c3 e5,10,
1612,1637,white,480+5,e4 c5 Nf3 Nc6 Bc4 h6 c3 e6 O-O Be7,10,
1242,1464,black,60+10,e4 e5 d4 d6 d5 Nf6 Bg5 h6 Bxf6 Qxf6,10,
1941,1823,black,180+0,e4 e6 Nf3 d5 exd5 exd5 d4 Nf6 h3 Bd6,10,
1350,1677,white,0+3,g3 c6 Bg2 f6 b3 e5 Bb2 d5 d3 Be6,10,
1929,1834,white,180+0,e4 e6 Nf3 d5 exd5 exd5 d4 Nf6 c4 c6,10,
1644,1724,black,300+0,d4 Nf6 Nc3 e6 e4 d5 e5 Nfd7 Nf3 Bb4,10,
1366,1796,black,300+0,d3 d5 e3 e5 Qh5 Nc6 b4 Nf6 Qg5 h6,10,
1640,1668,black,60+15,e4 e6 d4 c6 c4 Ne7 a3 d5 exd5 cxd5,10,
1322,1141,white,480+8,d4 e6 e4 Bb4+ c3 Bd6 e5 Bf8 f4 h5,10,
1562,1745,white,60+0,e4 e5 Bc4 Nc6 Nf3 Nh6 d3 Qe7 Ng5 f6,10,
1500,1368,black,60+0,e4 g6 d4 Bg7 c4 d6 Nc3 Nf6 Bd3 O-O,10,
1554,1500,white,60+0,e4 e5 Nf3 Nc6 Bb5 f6 Bxc6 dxc6 O-O Bg4,10,
1636,1513,black,480+0,e4 c6 Bc4 e6 d4 a6 a3 b5 Ba2 Bb7,10,
1280,1359,black,60+0,e4 e5 f4 Nf6 Nc3 Nxe4 Nxe4 exf4 Bc4 Nc6,10,
1881,1626,white,180+3,e4 c5 Nf3 d6 Bb5+ Bd7 a4 a6 Bc4 Nc6,10,
1373,1722,white,0+3,g3 e6 Bg2 c6 b3 g6 d3 f6 c4 Bg7,10,
1581,1729,black,60+0,e3 e5 d3 d5 Be2 c6 Bd2 Be6 c3 Bd6,10,
1519,2162,black,120+0,e3 c6 d3 d5 Ne2 e5 Nd2 Bf5 Ng3 Bg6,10,
1379,1654,black,60+0,f4 d6 e3 c5 Be2 b5 Nf3 b4 O-O a5,10,
1791,1681,white,900+0,e4 Nf6 e5 Nd5 c4 Nb6 d4 d6 Nf3 Bf5,10,
1364,1476,black,300+0,d3 d5 e3 e5 Qh5 Nc6 e4 Nf6 Qe2 Nd4,10,
1573,1328,white,60+0,e3 e6 d3 d6 Be2 Nc6 Bd2 Nf6 c3 Be7,10,
1735,1777,black,60+2,e4 d5 exd5 Qxd5 Nc3 Qd6 d4 Nf6 f4 c6,10,
1518,1385,black,0+3,e3 b6 d4 Bb7 c4 g6 Nc3 Bg7 Nge2 d6,10,
2162,1989,black,60+1,d4 d5 Nf3 c6 e3 Bg4 b3 Nd7 Bb2 Ngf6,10,
1500,1442,black,1200+10,e3 e6 Bb5 g6 b3 Bg7 Ba3 Bxa1 Qf3 c6,10,
1660,1457,white,0+1,c3 e5 d4 d6 dxe5 d5 e4 c6 exd5 cxd5,10,
1678,1629,white,60+15,e4 e6 d4 d5 e5 Nc6 c3 a6 h4 f6,10,
1397,1443,black,0+3,g3 d5 Bg2 Nf6 c3 e6 d4 Bd6 b4 Bd7,10,
1629,1553,white,300+10,e4 Nc6 Bc4 Nf6 d3 e6 Bg5 Be7 h4 d6,10,
1757,1566,white,300+8,e4 e6 f4 d5 e5 c5 c4 d4 Nf3 Nh6,10,
1277,1374,white,60+0,d4 g6 c4 Bg7 Nc3 d6 e4 Nf6 Nf3 O-O,10,
1700,1403,black,0+3,b3 b6 Bb2 Bb7 c4 f6 f3 e5 Qc2 d6,10,
1817,1553,white,240+3,e3 c5 Ne2 Nf6 a3 d5 d3 Nc6 Ng3 d4,10,
1578,1448,white,60+0,e4 e5 Bc4 d6 Nf3 Be6 Qe2 Nc6 Bxe6 Qd7,10,
1528,1589,black,480+0,d4 e6 e3 d5 c3 c5 a3 Nc6 b3 Bd7,10,
2005,2140,black,120+0,Nf3 d5 b3 c6 Bb2 Bg4 e3 Nd7 h3 Bh5,10,
1435,2045,white,120+0,d4 d5 e3 c6 f4 Nf6 Nf3 Bf5 Bd3 Bxd3,10,
2150,1998,black,120+0,d4 c6 Nf3 Nf6 e3 g6 Bd3 Bg7 b3 O-O,10,
1726,1425,black,60+1,e4 g6 f4 Bg7 d4 e6 Nf3 d6 Bd3 c6,10,
1618,1688,white,60+15,e4 e6 d4 d5 e5 c5 c4 dxc4 Bxc4 cxd4,10,
1625,1880,black,300+0,d4 d5 Nc3 c6 Nf3 Bf5 e3 e6 Bd3 Bxd3,10,
1696,1799,white,180+0,d4 d5 Nc3 e6 a3 Bd6 e4 Bd7 e5 Be7,10,
1635,1500,black,300+0,d4 Nf6 Nc3 d5 Nf3 Bf5 Bg5 h6 Bxf6 exf6,10,
1655,1329,black,480+8,e4 e5 Nf3 d6 d4 exd4 Nxd4 Qe7 Nc3 d5,10,
1356,1483,black,300+0,d3 d5 e3 e5 Qh5 Qd6 Nc3 Nf6 Qf3 Bg4,10,
1586,1938,black,60+0,e4 c6 Bc4 d5 exd5 cxd5 Bb5+ Nc6 Bxc6+ Bd7,10,
1545,1273,white,300+0,e4 e5 Nf3 Nf6 Nc3 d6 Bc4 h5 d3 g6,10,
2128,2013,black,120+0,d4 Nf6 Nf3 d5 g3 Bg4 Bg2 Bxf3 Bxf3 c6,10,
1446,1621,black,300+8,e4 e5 Bc4 Nc6 Nc3 d6 Nf3 Be6 d3 g6,10,
1620,1884,black,300+0,d4 d5 Nc3 c6 Nf3 Bf5 e3 e6 Bd3 Bxd3,10,
1583,1448,white,60+0,e4 g6 Nf3 Bg7 Bc4 e6 d4 c6 Ng5 d5,10,
1349,1491,white,300+0,g3 e5 d3 d5 Bg2 c5 e4 d4 Qh5 Nc6,10,
1775,1536,white,300+8,e4 e6 d4 c5 c3 d5 e5 Ne7 Nf3 cxd4,10,
1732,1699,white,300+5,e4 c5 Nf3 d6 d4 cxd4 Nxd4 Nf6 Nc3 g6,10,
1549,1428,white,300+0,e4 e5 Nf3 Nc6 Bc4 h6 d3 d6 Nc3 Be6,10,
1727,1448,black,180+0,d4 g6 Nc3 Bg7 Bf4 d6 Qd2 b6 f3 e5,10,
1117,1237,black,60+10,Nf3 d5 Nc3 Nf6 e4 dxe4 Nxe4 Bf5 Ng3 e6,10,
1762,1798,black,120+2,e4 e5 Bc4 Nf6 Qf3 Bc5 d3 O-O Nc3 d6,10,
1560,1440,white,300+8,d4 d6 Bf4 Bf5 e3 Nc6 Bd3 e6 Bxf5 exf5,10,
1591,1324,draw,60+0,e4 e6 Bc4 d5 exd5 exd5 Bb5+ c6 Be2 Nf6,10,
1307,1352,white,540+0,e4 e5 Nf3 Nc6 d4 d6 dxe5 dxe5 Bb5 Bd7,10,
1889,1616,black,300+0,Nf3 d5 g3 Nf6 Bg2 Nc6 O-O e6 d3 Bd6,10,
1475,1379,white,300+3,e4 e5 Qh5 Qf6 Nc3 c6 d3 Bb4 Bg5 Qg6,10,
1583,1294,white,600+0,e4 e5 f4 f5 Nc3 Nc6 Nf3 Nf6 fxe5 fxe4,10,
1584,1346,white,60+0,e4 e6 Nf3 d5 exd5 exd5 Qe2+ Be7 Qb5+ c6,10,
1994,1618,white,480+15,d4 Nf6 c4 d5 e3 Nc6 Nc3 e6 Nf3 h6,10,
1660,1487,white,180+0,d4 Nf6 Nc3 d5 Bf4 e6 Nb5 Na6 a3 c6,10,
1556,1420,white,300+0,e4 e5 Nf3 d6 Bc4 h6 d3 Nc6 Nc3 Nf6,10,
1520,1410,white,300+15,d4 d5 c4 e6 a3 Nf6 Nc3 Nc6 Nf3 Bd6,10,
1612,1627,black,900+8,e4 e5 Nf3 Nc6 Bc4 h6 O-O Bc5 c3 d6,10,
1589,1332,white,60+0,e3 e6 d3 d5 Be2 Nf6 Bd2 Be7 c3 O-O,10,
1549,1465,black,240+3,e4 Nc6 Nf3 d5 exd5 Qxd5 Nc3 Qd8 d4 e6,10,
1742,1886,black,180+3,e4 e5 d4 exd4 c3 d5 exd5 Qxd5 cxd4 Nc6,10,
1601,1515,white,300+8,d4 e6 c4 c5 e3 cxd4 exd4 a6 a3 b5,10,
1594,1678,draw,60+0,e3 d6 d3 g6 Be2 Bg7 Bd2 e5 c3 c6,10,
1675,1587,white,600+0,e4 c5 c4 Nc6 Nc3 Nf6 g4 g6 h4 Bg7,10,
1615,1809,black,420+0,d4 d5 c4 e6 a3 Nf6 Nc3 Be7 h3 O-O,10,
1370,1484,black,300+3,e4 e5 Nf3 d6 d4 Bg4 dxe5 dxe5 Qxd8+ Kxd8,10,
1787,1248,white,1320+8,e4 e5 Nf3 Nf6 Nc3 Nc6 Bc4 Bc5 d3 d6,10,
1564,1548,black,300+0,e4 d5 exd5 Qxd5 Nc3 Qa5 d4 Nf6 Be3 c6,10,
1605,1578,black,600+0,e3 e5 Nc3 d5 d4 Bb4 Bd2 Nc6 a3 Be7,10,
1321,1836,black,540+0,e4 c6 Nf3 d5 exd5 cxd5 Nc3 Bf5 Bb5+ Nc6,10,
1244,1071,white,60+10,e4 f6 d4 e5 d5 c6 Nc3 Qa5 Bd2 Qb4,10,
1638,1577,white,900+8,e4 d5 e5 Nc6 d4 e6 f4 Qh4+ g3 Qd8,10,
1789,1683,white,300+8,e4 e6 d4 d5 e5 c5 c3 c4 b3 b5,10,
1439,1339,white,0+3,g3 c5 Bg2 e6 c3 Nf6 b3 d5 Bb2 Nc6,10,
1467,1893,black,180+3,g3 Nf6 Bg2 g6 b3 Bg7 Bb2 O-O e3 c6,10,
1674,1560,white,180+0,d4 d5 Nc3 c6 e4 Nf6 exd5 cxd5 Bb5+ Nc6,10,
1552,1193,white,300+0,e4 e5 Nf3 Nf6 Bc4 Bc5 d3 d6 Bg5 Be6,10,
1632,1482,black,60+15,e4 Nc6 d4 d5 e5 Bf5 a3 Qd7 h3 f6,10,
1365,1612,black,300+0,d3 e6 e4 d5 c3 c5 exd5 exd5 d4 Nf6,10,
1684,1500,black,180+0,d4 Nf6 Nc3 g6 Bf4 d6 Qd2 Bg7 f3 O-O,10,7724.46
1996,1500,black,480+15,d4 Nf6 c4 g6 Nf3 Bg7 Nc3 O-O Bf4 d6,10,
1668,1386,white,0+1,e4 c6 d3 d5 g3 Be6 f3 f6 g4 g5,10,
1676,1386,white,0+1,c3 c6 d4 d5 Qc2 e6 e4 Nf6 e5 Nfd7,10,
1895,1465,black,180+3,e4 e6 d4 g6 Nf3 Bg7 Bg5 f6 Be3 b6,10,
1666,1677,black,300+8,e4 c5 b3 e6 Nf3 Nc6 Bc4 Nf6 e5 d5,10,
1673,1337,white,0+1,b3 c6 Bb2 d5 g3 e6 Bg2 Ne7 f4 Ng6,10,
1269,1360,white,120+0,e4 g6 d4 Bg7 e5 d6 Nf3 c5 exd6 Qxd6,10,
1491,1207,white,300+3,e4 Nc6 Bb5 d5 exd5 Qxd5 Bxc6+ Qxc6 Qf3 Bd7,10,
1698,1521,black,240+0,d4 c6 c4 d5 c5 Nf6 Nf3 Bf5 Nc3 e6,10,
1234,1796,black,1320+8,e3 e5 Bc4 Nf6 Qe2 Bc5 Bb3 d6 Qc4 Be6,10,
1752,2016,black,300+8,d4 Nf6 Bf4 e6 Nf3 b6 Nbd2 Bb7 e3 c5,10,
1066,1345,black,60+0,e4 e5 d4 Nf6 c3 d6 Nf3 c5 Nbd2 cxd4,10,
1626,1574,white,420+7,e4 e5 Nf3 d6 c3 Bg4 Be2 Bxf3 Bxf3 Nf6,10,
1286,1349,white,60+0,e4 e5 f4 exf4 Bc4 Nf6 Nc3 Nc6 d4 Na5,10,
1555,1488,black,300+0,e4 b6 d4 Bb7 Nc3 d6 Bf4 f6 d5 c6,10,
1618,1585,white,60+15,e4 e5 Nf3 d6 h3 Nc6 Bc4 h6 d3 Bd7,10,
1360,1618,black,300+0,d3 e6 e3 d5 c3 c5 d4 Nf6 b4 cxb4,10,
1683,1652,black,480+5,d4 d6 h3 c5 Nf3 cxd4 Nxd4 Nf6 c3 e5,10,
1688,1655,black,300+8,d4 d5 e3 Nf6 Nf3 Bg4 c4 c6 h3 Bxf3,10,
1682,1725,white,240+0,d4 e6 c4 Nf6 Nf3 Bb4+ Bd2 Bxd2+ Nbxd2 O-O,10,
1432,1374,black,300+8,e4 e5 Bc4 g6 Qf3 Nf6 Nc3 Bg7 Nd5 O-O,10,
1680,1336,white,0+1,d3 e5 e4 Nf6 f4 d5 fxe5 Nfd7 d4 dxe4,10,
1678,1336,white,0+1,e3 e5 c3 d5 b3 Nc6 Bb2 Nf6 Qc2 Bc5,10,
1680,1479,white,0+1,g3 g6 Bg2 e5 c3 d6 b4 f5 Bb2 Bg7,10,
1638,1898,black,540+5,e4 c5 Nf3 Nc6 d4 cxd4 Nxd4 a6 Nc3 e5,10,
1536,1592,white,660+6,e4 d5 exd5 Qxd5 Nc3 Qd8 Nf3 Nf6 Bc4 Nbd7,10,
1694,1502,white,240+0,d4 g6 c4 Bg7 Nf3 b6 e3 c5 d5 d6,10,
2041,1873,black,180+3,e4 e5 Nf3 Nc6 Bc4 Nf6 Ng5 d5 exd5 Na5,10,
1676,1810,black,300+8,e4 c5 Bc4 Nc6 Qf3 Ne5 Qe2 Nxc4 Qxc4 e6,10,
1356,1552,black,300+0,d3 d5 g3 c6 e3 Nf6 f3 Bf5 e4 dxe4,10,
1541,1554,black,300+0,e4 c6 d4 d5 exd5 cxd5 Nc3 Nf6 Bg5 h6,10,
1690,1557,white,180+0,d4 g6 Nc3 Bg7 Bf4 Nc6 Nb5 d6 Nf3 a6,10,1206.22
1831,1707,white,600+0,e4 e5 Nf3 Nc6 Bc4 Bc5 O-O Nf6 d3 d6,10,
1951,2044,black,180+0,Nf3 b5 d4 Bb7 e3 a6 a4 b4 a5 Nf6,10,
1399,1673,white,900+0,d4 Nf6 c4 g6 b4 Bg7 g3 d5 c5 b6,10,
1937,2059,white,180+0,e4 Nf6 Nc3 d5 exd5 Nxd5 d4 Nxc3 bxc3 g6,10,
1704,1536,white,180+0,d4 e6 Nc3 c5 e3 cxd4 exd4 Bb4 Ne2 a6,10,
1635,1759,black,420+7,e4 c6 d4 d5 e5 Bf5 Bd3 Bxd3 Qxd3 Qa5+,10,
1633,2027,black,300+8,e4 c5 Nf3 Nc6 d4 cxd4 Nxd4 e6 Bb5 Bc5,10,
1716,1685,draw,180+0,d4 d5 Nc3 Nf6 Bf4 Nc6 Nb5 e5 dxe5 Nh5,10,
1682,1332,white,0+1,f3 e5 d3 Nf6 e3 Nc6 Bd2 d5 Qe2 d4,10,
1434,1096,white,660+5,e4 e5 Nf3 Nf6 Nc3 Bd6 Bc4 Nc6 d3 b6,10,
1697,1647,white,720+0,e4 e5 Nf3 Nc6 d4 exd4 Nxd4 Bc5 Be3 Qf6,10,
1329,1196,white,60+0,f4 e5 Nf3 Nc6 d3 d6 c3 Bg4 fxe5 Bxf3,10,
1337,1428,black,60+0,f4 d5 Nf3 c6 e3 Bg4 Be2 Nf6 O-O e6,10,
1320,1350,black,540+0,e4 e5 Nf3 Nc6 d4 d6 dxe5 dxe5 Bb5 Qxd1+,10,
1614,1500,white,600+15,e4 e5 Nf3 Nc6 Bc4 Nf6 a3 Bc5 Nc3 O-O,10,
1703,1815,black,240+4,e4 e5 Nf3 Nc6 d4 exd4 c3 dxc3 Nxc3 Bb4,10,
1368,1565,black,480+2,e4 e5 d4 exd4 Qxd4 Nc6 Qd1 d6 Nc3 h6,10,
1699,1496,black,240+0,d4 g6 c4 Bg7 Nf3 c6 e3 d5 c5 b6,10,
1313,1328,black,60+0,d4 d5 c4 Nf6 Nc3 Nc6 Nf3 e6 cxd5 exd5,10,
1690,1453,white,0+1,c3 d5 d4 c6 e3 Nd7 f3 e6 g3,9,
1495,1463,black,300+3,e4 d5 exd5 Qxd5 Nf3 Bg4 Nc3 Qe6+ Be2 Bxf3,10,
1943,2052,black,180+0,c4 g6 d4 Bg7 Nc3 f5 Nf3 Nf6 g3 O-O,10,
1491,1558,white,300+5,d4 d5 e3 c6 c4 Nf6 Nc3 Bf5 Nf3 e6,10,
1683,1453,white,0+1,f3 d5 g4 Be6 Bg2 Nc6 e3 g6 f4 Bg7,10,
1530,1476,black,300+0,e4 h5 d4 e6 Bc4 c6 Nc3 d5 exd5 cxd5,10,
1688,1550,draw,180+2,e4 e5 Nf3 b6 Nxe5 Bb7 Nc3 Bd6 d4 Bxe5,10,
1500,1655,white,300+8,e4 e5 Nc3 Nf6 Nf3 Bc5 d4 exd4 Nxd4 O-O,10,
1707,1612,white,720+0,e4 e6 d4 d5 exd5 exd5 Nc3 Nf6 Bg5 Be6,10,
1500,1340,black,60+0,e4 e5 Nf3 Nf6 Nxe5 d6 Nf3 Nxe4 Qe2 Qe7,10,
1373,1624,white,600+15,e4 e5 Nf3 Nc6 Bc4 h6 d4 exd4 Nxd4 d6,10,
1340,1420,white,300+0,d3 d5 b3 e5 g3 Be6 Bg2 c5 Bb2 f6,10,
1859,1689,black,300+5,e4 e5 Nf3 Nf6 Nc3 d6 Bc4 Be7 d4 Bg4,10,
2028,2109,black,120+0,e4 c6 Nf3 d5 exd5 cxd5 d4 Nc6 Bd3 Nf6,10,
1517,1375,white,300+0,e4 e5 Nf3 Bc5 Bc4 d6 d3 Be6 Bxe6 fxe6,10,
1350,1413,black,300+0,d3 e5 g3 d5 Bg2 c6 e3 Nf6 e4 d4,10,
1906,1646,white,540+5,e4 e5 Nf3 Nc6 Bb5 Nd4 Nxd4 exd4 c3 dxc3,10,
1699,1838,white,600+0,e4 Nc6 Nf3 e5 Bc4 Bc5 Nc3 Nf6 d3 O-O,10,
1286,1350,white,60+0,d4 g6 c4 Bg7 Nc3 d6 e4 c5 Nf3 cxd4,10,
2120,2019,white,120+0,d4 Nc6 Nf3 d5 e3 Bg4 h3 Bh5 Bd3 Nf6,10,
1514,1531,black,120+8,g3 d5 Bg2 Nf6 d4 Nc6 c3 e5 Nd2 exd4,10,
1693,1474,white,0+1,b3 g6 Bb2 e6 d3 Nf6 g4 Bg7 g5 Nh5,10,
1337,1318,black,60+0,f4 e6 Nf3 d5 e3 c5 Be2 Nc6 O-O Bd7,10,
1701,1468,black,0+1,b3 e6 Bb2 Qg5 f3 Bb4 e3 Qe7 Bxg7 f6,10,
1566,1413,white,300+0,e4 f6 f4 e5 fxe5 fxe5 Nf3 Be7 Bc4 d6,10,
1535,2033,black,300+8,e4 c5 Nf3 Nc6 Nc3 e6 d4 cxd4 Nxd4 Nf6,10,
1312,1313,black,900+10,g4 b6 h4 Bb7 f3 h5 g5 g6 Nc3 f6,10,
1823,1715,white,600+0,e4 e5 Nf3 Nc6 Bc4 Bc5 c3 Nf6 b4 Bb6,10,
1160,1167,black,240+2,d4 d5 g3 Nc6 Nf3 Bg4 Bg2 e6 a3 Nf6,10,
1324,1344,white,60+0,f4 e6 Nf3 d5 e3 c5 Be2 Nc6 O-O Bd7,10,
1936,2060,white,180+0,e4 Nf6 Nc3 e5 Nf3 Nc6 Bc4 Nxe4 Bxf7+ Kxf7,10,
1704,1812,black,300+5,e4 e5 f4 exf4 Nf3 Nc6 Bc4 Bc5 d4 Nxd4,10,
1524,1488,white,300+0,e4 e5 Nf3 Nf6 Nc3 Bd6 Bc4 O-O d3 c6,10,
1597,1487,black,60+0,e4 g6 Bc4 Bg7 Qf3 e6 c3 Ne7 b3 O-O,10,
1483,1516,black,300+3,e4 e6 f4 b6 Be2 Bb7 Bf3 Nf6 e5 Ne4,10,
1696,1574,white,240+1,e4 c6 d4 d5 e5 Bf5 Nf3 Nd7 Bd3 Bxd3,10,
1319,1337,white,60+0,d4 d5 c4 dxc4 Nc3 Nc6 e4 e5 d5 Nd4,10,
1503,1580,black,60+0,e3 g6 Qf3 Bg7 Bc4 e6 Nh3 d5 Ng5 Qxg5,10,
1354,1477,white,300+0,d3 e5 e3 Qf6 g3 Bc5 f4 exf4 gxf4 h5,10,
1590,1493,black,60+0,e4 e5 Bc4 d6 Nf3 a6 d3 b5 Bd5 c6,10,
1324,1676,black,60+0,f4 d6 Nf3 Bd7 e3 e6 Be2 Be7 O-O f5,10,
1671,1746,black,480+5,d4 e6 h3 d5 Nf3 Bd6 a3 c6 Bg5 f6,10,
2064,1676,black,240+0,d4 d5 e3 c6 c4 Bf5 Nc3 e6 Nf3 Bb4,10,
1769,1586,black,300+8,e4 Nc6 Nf3 Nf6 Nc3 d6 d4 Bg4 d5 Ne5,10,
1299,1168,white,840+0,c4 d5 e3 c6 Nf3 b5 cxd5 Qxd5 Nc3 Qe6,10,
1553,1409,white,300+8,e4 e6 d4 a5 c4 c5 d5 Nc6 dxc6 bxc6,10,
1405,1573,black,300+0,c4 e5 d3 g6 Nc3 Bg7 e4 Nf6 Be3 c6,10,
1704,1775,white,240+1,e4 e5 Qh5 Nc6 Bc4 Nh6 d3 g6 Qf3 Nd4,10,
1714,1492,white,180+0,d4 e6 a3 d5 Nc3 Nc6 Bf4 Bd6 Qd2 Nf6,10,20.45
1545,1504,black,300+5,d4 d5 Bf4 e6 Nf3 c5 c3 Nf6,8,
1723,1517,white,180+0,d4 d5 Nc3 e6 a3 c5 e3 Nc6 dxc5 Nf6,10,
1549,1601,white,660+6,e4 e6 d4 d5 exd5 exd5 Nc3 Nf6 Qe2+ Be7,10,
1631,1500,white,420+3,e4 e5 Nf3 Nc6 d4 exd4 Nxd4 Nxd4 Qxd4 Qf6,10,
1665,1554,white,300+0,e4 c5 Nf3 Nc6 d4 b6 d5 Nb8 Nc3 d6,10,
1515,1379,draw,420+3,e4 e5 Bc4 Nc6 d3 d6 a3 h6 Nc3 Nf6,10,
1499,1585,black,60+0,e3 g6 Qf3 Bg7 Bc4 e6 Nh3 d5 Ng5 Qxg5,10,
1594,1490,white,60+0,e3 Nf6 d4 Nc6 Bb5 e5 Bxc6 dxc6 dxe5 Qxd1+,10,
1575,1508,white,60+0,e3 g6 d3 Bg7 Be2 e6 Bd2 c6 Bc3 Bxc3+,10,
1637,1390,white,420+3,e4 c5 Bc4 d6 Nc3 Nf6 h3 g6 d3 Bg7,10,
1370,1579,black,300+0,g3 e5 b3 d5 d3 Nc6 e3 Nf6 Bb2 Bd6,10,
1308,1699,black,540+0,e4 e6 Nf3 d5 e5 Ne7 Nc3 c5 d4 Nec6,10,
1307,1353,black,720+0,c4 e5 e4 c6 Nc3 Bb4 a3 Bxc3 bxc3 Nf6,10,
1688,1343,white,0+1,c3 e6 d4 d5 b3 Nf6 Bb2 c5 Qc2 Nc6,10,
1833,1696,white,300+5,e4 e5 Nf3 Nf6 Nc3 d6 Bc4 Be7 d4 Bg4,10,
1525,1473,black,300+3,e3 d5 b3 e5 Bb2 d4 Nf3 f6 exd4 Bg4,10,
1088,1308,black,420+8,d4 f5 Nf3 Nf6 e3 d6 Bd3 e6 c3 g6,10,
1534,1197,white,300+0,e4 e5 Nf3 Qf6 Bc4 a6 d3 b5 Bb3 Bb7,10,
1529,2037,black,300+8,e4 c5 Nf3 Nc6 Nc3 e6 d4 cxd4 Nxd4 Nf6,10,
1692,1322,white,60+0,c3 g6 d4 Bg7 e3 d6 Bd3 Nf6 Bd2 O-O,10,
1468,1558,white,300+5,e4 e5 Qf3 Nc6 Bc4 Nf6 c3 Bc5 b4 Bb6,10,
1761,1717,white,240+1,e4 c6 Nf3 d5 exd5 Qxd5 d4 Bg4 Be2 Nf6,10,
1602,1481,black,60+0,e3 g6 d3 Bg7 Be2 e6 Bd2 Ne7 c3 O-O,10,
1617,1659,black,600+0,e4 Nc6 d4 d5 Nc3 dxe4 Be3 Nf6 Qd2 e6,10,
1768,1834,white,600+0,e4 e6 f4 d5 e5 c5 d4 Nc6 Be3 Qb6,10,
1481,1602,white,60+0,e3 g6 c3 Bg7 Qc2 e6 d4 d6 Nd2 c6,10,
1546,1674,white,300+0,d4 e5 d5 Nf6 c4 Bc5 Bg5 d6 a3 a6,10,
1497,1586,white,60+0,e3 g6 Qf3 Bg7 Bc4 e6 Nh3 d5 Bd3 e5,10,
1485,1513,black,300+3,e4 e6 f4 b6 Be2 Bb7 Bf3 d5 d3 dxe4,10,
1572,1511,draw,60+0,e3 g6 d3 Bg7 Be2 e6 Bd2 Ne7 Bc3 O-O,10,
1512,1426,black,420+3,e4 e5 Bc4 d6 d3 h6 a3 c5 Nf3 Bg4,10,
1383,1324,white,900+10,e4 b6 Qf3 Bb7 Bc4 e6 Nh3 Nf6 d4 Bxe4,10,
1585,1624,black,300+8,e4 e5 Nf3 f5 exf5 Nf6 Nxe5 Bc5 d4 Bb6,10,
1680,1695,black,0+1,c3 e6 d4 d5 b3 Nf6 Bb2 Be7 Qc2 O-O,10,
1585,1518,black,300+8,e4 c5 Nf3 Nc6 Bc4 e5 O-O g6 c3 Bg7,10,
1293,1419,white,300+12,e4 e5 Qh5 Nf6 Qxe5+ Be7 Bc4 Nc6 Qc3 Nxe4,10,
1584,1417,white,300+0,e4 e5 f4 d6 Nf3 Bg4 Bc4 h6 O-O Nf6,10,
1482,1544,white,300+5,e4 e5 Qf3 Nc6 Bc4 Nf6 c3 d6 h3 a6,10,
1408,1038,white,300+0,e3 f5 g3 g6 Bg2 Bh6 b3 e6 Bb2 Bg7,10,
1696,1788,black,180+3,d4 d5 c4 e6 Nc3 Nf6 Bg5 dxc4 e4 h6,10,
1570,1505,white,60+0,e4 c6 Bc4 d5 exd5 cxd5 Bb5+ Bd7 Qe2 Bxb5,10,
1623,1818,black,600+0,e4 e6 Nf3 d5 exd5 exd5 d4 Bd6 c4 b6,10,
1695,1707,white,0+1,c3 e6 d4 d5 b3 Nf6 Bb2 Bd6 e3 Qd7,10,
1397,1644,white,240+0,c4 e6 d3 Bc5 Nc3 a6 g3 c6 e4 b5,10,
1314,1222,white,300+12,e4 e5 Qh5 Nf6 Qxe5+ Be7 Qg5 Nxe4 Qxg7 Rf8,10,
1579,1226,white,60+0,e4 c5 Bc4 Nc6 Nf3 Nf6 Ng5 h6 Nxf7 Qa5,10,
1523,1475,black,300+3,e3 e5 d4 exd4 Qxd4 Nf6 g3 Nc6 Qd1 b6,10,
1501,1545,black,420+3,e4 e5 Bc4 Nf6 d3 Bc5 Nc3 c6 Bg5 h6,10,
1708,1688,white,240+1,e4 c5 Qh5 e6 e5 Nc6 f4 g6 Qf3 Bg7,10,
1531,1500,black,300+0,e4 e5 Bc4 d6 Nc3 Nf6 d4 Nc6 d5 Ne7,10,
1582,1516,white,60+0,e4 e5 Bc4 Nc6 Nf3 d6 d4 exd4 Ng5 Ne5,10,
1385,1624,white,300+2,d4 e6 e3 d5 a4 c5 dxc5 Bxc5 c3 Nc6,10,
1665,1655,black,600+10,e4 e5 Nf3 Nc6 Nc3 Bc5 g3 Nf6 Bg2 h5,10,
1776,1978,white,180+0,e4 Nc6 d4 e5 d5 Nce7 c4 Ng6 Nc3 Bc5,10,
1570,1361,white,480+8,e4 e5 d3 c5 Be3 d6 Nc3 Nc6 Nd5 Nf6,10,
1829,1630,white,300+8,e4 b6 d4 Bb7 Bc4 Bxe4 Qh5 g6 Qe5 Bxc2,10,
1592,1582,white,60+0,e4 e5 Bc4 Nc6 Qf3 Nd4 Qxf7#,7,
2040,1710,white,300+8,e4 c5 Nf3 Nc6 c3 e6 d4 cxd4 cxd4 a6,10,
1449,1511,black,60+0,g3 e6 Bg2 Bd6 e3 Qf6 c3 Nc6 b3 Nge7,10,
1842,1728,black,300+8,e4 c6 d4 d5 e5 e6 Nf3 Nd7 Be2 c5,10,
1590,1573,white,300+0,e4 e5 f4 d6 Nf3 Bg4 Bc4 g6 O-O Nc6,10,
1591,1583,white,60+0,e3 e5 d4 e4 f3 d5 fxe4 dxe4 Ne2 Nf6,10,
1708,1694,white,0+1,c3 e6 d4 d5 e3 Nf6 g3 Bd6 Bg2 c6,10,
1677,1796,white,180+1,d4 d5 c4 e6 Nc3 Nf6 Bg5 dxc4 e3 h6,10,
1961,1771,white,180+0,e4 e5 Nf3 Nc6 Bb5 Bc5 O-O Nge7 c3 O-O,10,
1521,1474,white,60+0,e3 e5 Bc4 Nc6 Qf3 Nf6 g4 e4 Qf4 h6,10,
1572,1602,white,60+0,e4 g6 g3 Bg7 Bg2 e6 c3 d6 Na3 c6,10,
1720,1500,white,0+1,c3 d5 d3 e5 Bd2,5,
1419,1522,black,240+0,c4 e6 d3 g6 Nc3 Bg7 Qd2 Ne7 e4 c6,10,
1720,1532,white,0+1,f3 e6 g4 b6 Bg2 Bb7 e3 g6 Qe2 Bg7,10,
1537,1500,white,300+0,e4 Nf6 Nc3 d5 e5 Ne4 Qf3 Nxc3 Qxc3 d4,10,
1340,1431,white,480+0,e4 e5 Nf3 Nc6 b3 Nf6 d3 Bb4+ Nbd2 Bxd2+,10,
1530,1503,white,120+8,e4 g6 Nc3 Bg7 Bc4 e6 d3 b6 Nf3 a6,10,
1410,1488,white,240+0,c4 d5 cxd5 Qxd5 Nc3 Qf5 e4 Qf6 f3 h5,10,
1890,1806,draw,180+3,e4 e5 Nf3 Nc6 d4 exd4 Bc4 Nf6 O-O Bc5,10,
1570,1603,white,60+0,e4 g6 Nf3 Bg7 Bc4 e6 d4 d6 d5 Bd7,10,32.15
1585,1403,black,180+15,d4 e6 c4 Nf6 Nc3 b6 e4 d5 Bg5 Bb4,10,
1590,1584,white,60+0,e3 e5 d3 Nc6 Be2 b6 Bf3 Bb7 Bxc6 Bxc6,10,
1951,2011,black,60+1,e4 e5 Nf3 Nc6 Bc4 Bc5 d3 Nf6 Bg5 d6,10,
1665,1526,white,0+1,e3 e6 c3 b6 b4 Bb7 Bb2 g6 f3 Bg7,10,
2037,1828,white,60+0,e4 e6 Nf3 c5 d4 d6 c3 cxd4 cxd4 Nc6,10,
1419,1574,white,600+10,Nf3 e6 d4 c5 Bf4 Nc6 c3 Nf6,8,
1573,1601,black,60+0,e4 d6 Nf3 e6 Bd3 Bd7 e5 Bc6 exd6 Bxf3,10,
1464,1565,black,300+8,e4 e6 Nc3 d5 d4 Nc6 e5 a6 Be2 Na7,10,
1765,1563,white,300+3,e4 e6 Nf3 d5 e5 b6 d4 Bb7 Bd3 Nd7,10,
1593,1581,white,60+20,e3 Nc6 b3 d5 Bb2 e5 Nf3 Bg4 Be2 e4,10,
1825,1936,white,600+0,e4 Nf6 e5 Nd5 d4 d6 Nf3 dxe5 Nxe5 Nd7,10,
1655,1393,white,900+0,e4 e5 Nf3 Qf6 Bc4 c6 Nc3 Bb4 d3 Bxc3+,10,
1492,1541,white,120+8,g3 e5 Bg2 Nc6 Nh3 Bc5 O-O Nge7 e3 d6,10,
1555,1500,white,600+10,e4 e5 Nf3 Nc6 Bc4 d6 d3 h6 c3 Bg4,10,
1404,1562,black,300+8,e4 e5 Bc4 Bc5 c3 h6 Qb3 Qf6 f3 Ne7,10,
1438,1435,white,180+15,c4 e5 Nc3 Bd6 e4 Nc6 d3 Nd4 g3 b6,10,
1950,2046,black,180+0,Nf3 f5 c4 Nf6 d4 g6 Nc3 Bg7 g3 O-O,10,
1682,1561,black,240+0,d4 g6 c4 Bg7 Nf3 d5 e3 c5 cxd5 Bg4,10,
1500,1669,black,300+8,e4 Nf6 Nc3 e6 Nf3 d5 e5 Nfd7 d4 c5,10,
1490,1501,white,420+3,e4 g6 Bc4 Bg7 d3 e6 Nf3 b6 a3 Bb7,10,
1590,1529,white,360+0,e4 e5 Bc4 Nc6 a3 Bc5 d3 Nf6 h3 d6,10,
1475,1426,black,240+0,e4 e5 Qh5 g6 Qxe5+ Qe7 Qxh8 h6 Qd4 d6,10,
1726,1702,black,0+1,d3 c5 c4 d6 b3 e6 Bb2 Nf6 Qc2 Be7,10,
1153,1407,black,480+0,e3 e5 Bc4 Nc6 Qf3 Nf6 Bb3 e4 Qe2 Bc5,10,
1545,1368,white,300+0,e4 c5 d4 cxd4 Qxd4 Nc6 Qd1 d6 Bb5 Nf6,10,
1528,1251,white,60+10,e4 e5 Nc3 f6 Bc4 Nc6 d3 d6 Nge2 Nh6,10,
1500,1438,white,0+2,e4 b6 f3 Bb7 d3 g6 Be2 Bg7 Nh3 e6,10,
1561,1569,black,660+6,e4 e5 Nf3 Nc6 Bc4 h6 d3 Bc5 Nc3 d6,10,
1782,1692,white,180+1,c4 d5 b3 d4 Bb2 c5 g3 e5 Bg2 Nc6,10,
1449,1713,black,0+1,e4 g6 d3 Bg7 Nd2 b6 Ngf3 Bb7 g3 c5,10,
1557,1771,black,300+3,d4 d5 e3 Nc6 b3 Bf5 Bb2 e6 Bd3 Bxd3,10,
1863,1657,black,420+0,e4 d5 e5 d4 Nf3 Bg4 Bc4 e6 O-O Qd7,10,
2020,2043,white,60+0,e4 d6 Nf3 c6 Nc3 g6 d4 Bg7 Be3 Nf6,10,
1624,2048,black,300+8,g3 d5 Bg2 e5 e3 c5 b3 Nc6 Bb2 Nf6,10,
2130,1714,white,120+0,d4 c6 c4 d5 Nc3 Nf6 f3 Bf5 e3 e6,10,
1517,1424,white,1200+0,e4 Nc6 Bb5 d5 exd5 Qxd5 Bxc6+ Qxc6 f3 Nf6,10,
1718,1647,black,0+1,c3 c6 d3 d5 Qc2 e6 b4 Be7 a3 Nf6,10,
1512,1449,black,1200+0,e4 e5 Nf3 d6 d4 exd4 Nxd4 Nc6 Bb5 a6,10,
2029,2032,white,60+0,e4 b6 d4 Bb7 Nc3 e6 Bd3 Bb4 Ne2 Nf6,10,
1500,1523,white,420+1,e4 e5 Nc3 Nf6 Bc4 Bc5 h3 O-O d3 Nc6,10,
1600,1501,white,360+0,e4 e5 Bc4 Nf6 d3 Bc5 h3 c6 Nf3 d6,10,
2021,2042,black,60+0,c4 c6 Nc3 d6 d4 g6 e4 Nf6 Be3 Bg7,10,
1370,1353,white,600+0,d4 d5 e3 Nf6 Bd3 b6 h3 Bb7 Bd2 e6,10,
1712,2133,black,120+0,d4 d5 c4 c6 Nc3 Nf6 cxd5 cxd5 Nf3 Nc6,10,
1551,1353,white,300+0,e4 c5 Nf3 d6 Bc4 Nc6 d3 a6 a3 b5,10,
1695,1887,black,180+3,e4 e5 Nf3 Nc6 d4 exd4 c3 d5 exd5 Qxd5,10,
1638,1163,white,180+4,e4 e6 d4 Nf6 Nc3 g6 Bg5 Bg7 e5 Nc6,10,
1247,1532,black,60+10,e4 e5 d4 exd4 Qxd4 Nc6 Qd1 Bc5 Bb5 Nge7,10,
1162,1645,white,180+4,e3 e5 Nf3 Nc6 e4 d5 Nc3 d4 Nb5 a6,10,
1803,1438,white,1320+8,e4 d6 Nf3 Bg4 Bc4 c6 Nc3 b5 Bb3 f6,10,
1367,1185,white,480+8,e4 e5 Nf3 f6 Bc4 Ne7 O-O c6 d4 d5,10,
1580,1550,white,660+6,e4 b6 Bc4 Bb7 Qf3 e6 d3 Qf6 Qxf6 Nxf6,10,
1600,1462,white,300+0,e4 d5 exd5 Qxd5 Nf3 Qd8 Bc4 Nf6 d3 Nbd7,10,
1720,1397,black,300+6,e4 e5 Bc4 Nf6 d3 Bc5 Bg5 Nc6 c3 d6,10,
2010,2135,white,120+0,f4 d5 e3 c6 Nf3 g6 d4 Bg7 Bd3 Nd7,10,
1608,1511,white,360+0,e4 e6 d4 b6 Bd3 Bb7 Be3 Nf6 f3 d5,10,
2054,1563,white,60+0,e4 e5 d4 Nc6 dxe5 Nxe5 f4 Nc6 Be3 Qh4+,10,
1556,1185,white,180+4,e4 e6 d4 Nc6 d5 exd5 exd5 Ne5 Bf4 d6,10,
1668,1688,black,240+0,d4 d5 c4 Nf6 e3 dxc4 Bxc4 e6 a3 c6,10,
1344,1415,black,480+0,e4 e5 Nf3 Nc6 Bc4 Nf6 d3 Bc5 h3 O-O,10,
2053,1622,white,300+8,e4 e6 d4 d5 exd5 exd5 c4 dxc4 Bxc4 c6,10,
1729,2116,black,120+0,e4 c6 d4 d5 Nc3 g6 e5 Bg7 f4 Bf5,10,
1306,1317,white,540+0,e4 e5 Nf3 f6 d4 exd4 Nxd4 Ne7 Qh5+ g6,10,
1561,1791,black,60+2,e4 e5 Nf3 Nc6 Bc4 Nd4 d3 Nxf3+ Qxf3 Qf6,10,
1585,1567,white,1800+0,e4 e5 Qf3 Qf6 Qxf6 Nxf6 Nc3 b6 d3 Bb7,10,
1536,1243,white,60+10,d4 d5 e3 Nc6 c4 e5 Nc3 Nf6 Nge2 e4,10,
1846,1844,black,300+8,d4 f5 Nf3 Nf6 g3 e6 Bg2 d5 O-O c5,10,
1776,1200,draw,300+3,e4 b6 Nf3 Bb7 e5 e6 d4 d6 Be2 dxe5,10,
1662,1652,white,480+5,d4 c6 h3 d5 Nf3 Bf5 c3 Nd7 a3 Qc7,10,
1620,2057,black,300+8,g3 d5 Bg2 e5 e4 Nf6 f3 Bc5 Ne2 dxe4,10,
1845,1758,white,420+0,e4 Nc6 Nf3 e5 Bb5 d6 Bxc6+ bxc6 d4 exd4,10,
1678,1390,black,600+8,e4 e5 Qh5 d6 Bc4 g6 Qf3 Nf6 d3 Bg7,10,
1556,1649,black,300+0,e4 e5 Nf3 Nc6 Bc4 Bc5 O-O Nf6 h3 O-O,10,
1182,1566,black,180+4,e3 e5 Nc3 d5 d4 exd4 exd4 Bb4 Bd2 Nf6,10,
1808,1576,white,300+8,e4 e5 f4 d6 Nf3 Bg4 fxe5 dxe5 Bc4 Nf6,10,
2119,2025,black,60+1,d4 d5 Nf3 c6 e3 Bg4 b3 Bxf3 Qxf3 Nd7,10,
1500,1355,white,480+8,e4 e5 Nf3 d6 Nc3 c5 Bb5+ Bd7 Bxd7+ Qxd7,10,
1429,1433,black,480+0,e4 Nc6 Nc3 Nf6 Nf3 d6 Bb5 a6 Bxc6+ bxc6,10,
1455,1607,black,300+0,e4 e5 f4 exf4 d4 Be7 Bxf4 Bh4+ g3 Bg5,10,
1663,1178,white,180+3,d4 e6 c4 Qh4 Nf3 Qe4 e3 Nf6 Bd3 Qg4,10,
1684,1692,white,420+1,e4 c6 Bc4 d5 exd5 cxd5 Bb3 Nf6 d3 e6,10,
1502,1602,black,420+3,e4 e5 Bc4 Nf6 d3 d5 exd5 Nxd5 Bxd5 Qxd5,10,
1710,2055,black,60+0,d4 d6 c4 c6 Nc3 g6 Nf3 Bg7 e4 Nf6,10,
1851,1642,white,300+1,e4 e6 Nf3 d5 exd5 exd5 d4 Nf6 Bd3 Nc6,10,
1990,1828,white,900+0,d4 d5 c4 c6 Nc3 Nf6 Nf3 Bf5 Bf4 dxc4,10,
1518,1707,white,60+0,e3 c5 Bc4 Nc6 Qf3 e6 a3 d5 Ba2 Nf6,10,
1505,1569,black,300+5,g3 c5 Bg2 Nc6 Na3 d6 c4 Nf6 d3 e6,10,
1682,1833,white,60+2,e4 e5 Nf3 Nc6 Bc4 Nd4 O-O Nxf3+ Qxf3 Qf6,10,
2039,2058,black,60+0,e4 d6 Nf3 c6 Nc3 g6 d4 Bg7 Be3 Nf6,10,
1335,1160,white,840+0,e4 d5 exd5 Qxd5 Nc3 Qe6+ Be2 Qc6 Nf3 Bg4,10,
1854,1575,white,420+0,e4 e5 Nf3 Nc6 d4 exd4 Bb5 a6 Bc4 b5,10,
1634,1534,white,300+2,d4 e6 a3 c5 dxc5 Bxc5 b4 Bd4 Qxd4 Nc6,10,
1548,1658,white,300+0,e4 e5 Nf3 Nc6 Bc4 Bc5 O-O Nf6 d3 d6,10,
1363,1265,white,900+8,e4 e5 Nf3 Nc6 c3 Nf6 d3 g6 Bg5 Bg7,10,
1697,1689,black,120+0,e4 c5 Nf3 Nc6 Bb5 a6 Bxc6 bxc6 d4 cxd4,10,
1416,1533,white,300+0,e4 d6 Qf3 e6 Bc4 Nc6 c3 a6 d4 Qe7,10,
2180,2054,white,180+1,e4 c6 d4 d5 e5 e6 Nf3 Ne7 c3 Nd7,10,
1367,1508,white,180+0,e4 e6 d4 d5 e5 Nc6 Bb5 a6 Bxc6+ bxc6,10,
1349,1616,black,480+8,e4 e5 d4 exd4 Qxd4 Nc6 e5 Nxd4 f3 Qe7,10,
1239,1524,white,60+10,e4 e6 d4 c5 d5 Nf6 e5 Ne4 f3 Ng5,10,
1452,1500,white,180+0,e4 e5 Bc4 Nc6 Qf3 Nf6 c3 d6 h3 Be7,10,
1557,1653,white,60+2,e4 d5 e5 e6 d4 c5 Nf3 Qb6 Be3 Qxb2,10,
1373,1402,black,480+8,e4 e6 Nf3 a6 Be2 d5 exd5 exd5 O-O Nf6,10,
1767,1540,white,300+3,e4 e5 Nf3 Nc6 Bc4 h6 O-O Bc5 c3 d6,10,
1571,1819,black,300+8,e4 d5 exd5 Qxd5 Nc3 Qd8 d4 c5 Bb5+ Nc6,10,
1683,1637,black,300+1,e4 e6 Nc3 d5 exd5 exd5 d4 Nf6 Nf3 Nc6,10,
1540,2005,black,660+6,e4 e5 Nf3 Nc6 Bc4 Bc5 d3 Nf6 h3 d6,10,
1643,1746,white,1320+8,Nf3 g6 g3 Bg7 Bg2 d5 d4 c6 O-O Nf6,10,
1858,1745,black,420+0,e4 c5 Nf3 Nc6 d4 cxd4 Bb5 Qa5+ Qd2 Qxb5,10,
1339,1259,white,60+10,c4 d5 cxd5 Qxd5 Nc3 Qd8 g3 e5 Bg2 Nc6,10,
1518,1431,white,300+0,d4 d5 Nc3 e6 e4 dxe4 Nxe4 Nc6 Bb5 Bd7,10,
1498,1556,white,1200+0,e4 e5 Nf3 d6 d4 exd4 Nxd4 b6 Bb5+ Bd7,10,
1701,1684,black,120+0,d4 d5 c4 c6 Nc3 Nf6 Bg5 e6 Nf3 dxc4,10,
1478,1627,black,300+8,e4 c5 d4 e6 Be3 d5 dxc5 Qa5+ c3 Bxc5,10,
1658,1668,white,240+0,d4 e6 c4 Nf6 Nf3 Be7 Nc3 O-O e4 a5,10,
1596,1618,white,1800+0,e4 e5 Qf3 d6 Bc4 Nf6 h3 Nc6 Ne2 a6,10,
1665,1500,black,180+3,d4 d5 Nf3 c6 c4 Bg4 Ne5 Bh5 Nc3 e6,10,
1411,1465,white,660+11,e4 e5 Nf3 d6 d4 Nf6 dxe5 Nxe4 Qe2 Bf5,10,
1417,1441,black,240+0,e4 e5 Nf3 f6 Bc4 Ne7 a3 g6 h3 c6,10,
2028,1974,black,60+1,e4 e5 Nf3 Nc6 Bc4 Bc5 d3 h6 Nc3 Nf6,10,
1525,1324,draw,1200+0,e4 d5 e5 e6 d4 Nc6 Bb5 Qh4 Bxc6+ bxc6,10,
1673,1677,black,480+5,d4 d5 h3 f6 Nf3 Nc6 a3 e5 c3 Bf5,10,
1318,1455,black,540+0,e4 Nc6 Nf3 d6 Nc3 Bg4 h3 Bd7 Nd5 e6,10,
1578,1496,white,300+5,c4 b6 Nc3 c5 Nf3 a6 g3 Nc6 Bg2 Bb7,10,
1503,1250,black,60+10,e3 e5 b3 d5 Nf3 e4 Nd4 Bb4 Bb2 Nf6,10,
1153,1341,black,840+0,e4 e5 Qh5 Nc6 Bc4 g6 Qf3 Nf6 d3 Bg7,10,
1981,1831,white,480+15,d4 d5 Nf3 Nc6 e3 Bf5 Bb5 e6 Ne5 Ne7,10,
1987,2016,white,60+1,e4 c6 d4 d5 Nc3 dxe4 Nxe4 Nf6 Ng3 h5,10,
1552,1874,black,180+1,d4 e6 e4 d5 e5 c5 Nf3 Nc6 Bb5 Qb6,10,
1617,1178,white,360+0,e4 e5 Bc4 Qf6 d3 Bc5 Qf3 Qxf3 Nxf3 Nf6,10,
1561,1642,black,300+2,e4 e5 Nf3 Nc6 Bc4 h6 O-O Nf6 d3 Bd6,10,
1668,1178,white,900+0,e4 e5 Nf3 f6 d4 d6 dxe5 dxe5 Qxd8+ Kxd8,10,
1423,1527,white,300+0,e4 d6 a3 Be6 h3 g6 Qf3 Bg7 Nc3 Nf6,10,
1470,1462,white,180+0,e4 e5 Bc4 Bd6 Qf3 Nh6 d3 O-O Bxh6 gxh6,10,
1714,1775,white,240+0,d4 d5 c3 c6 Nd2 Bf5 Ngf3 Nf6 g3 e6,10,
1681,1586,white,60+2,e4 e5 Nf3 Nc6 Bc4 Nd4 O-O h6 Nxe5 d5,10,
1362,1301,black,480+8,e4 e6 Nf3 d5 exd5 exd5 Be2 d4 O-O c5,10,
1639,1525,white,480+5,b4 e5 b5 c6 a4 a6 Bb2 Bd6 c4 cxb5,10,
1257,1371,black,900+8,e3 d5 d4 Nc6 Nc3 e6 Bb5 Bd7 b3 Nf6,10,
1494,1780,white,420+3,e4 e5 Bc4 Nc6 d3 h6 a3 Nf6 h3 d5,10,
1563,1643,black,300+0,e4 d5 exd5 Qxd5 Nc3 Qa5 Nf3 Bg4 Be2 Nf6,10,
1682,1667,white,600+10,f4 e5 d3 Bc5 Nf3 Qf6 fxe5 Qb6 d4 Bb4+,10,
1999,2004,black,60+1,e4 e5 Nf3 Nc6 Bb5 a6 Ba4 Nf6 O-O Be7,10,
1706,1813,black,300+6,e4 c5 Bc4 e5 d3 Nc6 Nh3 d6 Nc3 Bxh3,10,
1339,1627,black,300+2,e4 Nf6 Qe2 Nc6 c4 e5 g3 Nd4 Qd1 Nxe4,10,
1499,1650,black,300+1,c4 e6 Nc3 d5 e3 d4 Ne4 dxe3 dxe3 Qxd1+,10,
1296,1146,white,840+0,e4 e5 Nf3 d6 d4 f6 c3 c5 Be3 b6,10,
1813,1530,white,420+1,e4 c5 Bc4 e6 d3 Be7 h3 Bf6 Ne2 a6,10,
1103,1465,black,120+0,f3 e5 d3 Bc5 c3 Bxg1 Rxg1 Nf6 Qb3 d5,10,
1619,1822,black,360+0,e4 c5 c3 e6 d3 d5 exd5 exd5 Nf3 Nf6,10,
1512,1437,white,300+0,b3 e5 Bb2 Qf6 Nf3 d6 d4 Nc6 dxe5 dxe5,10,
1893,1615,black,180+3,e4 c5 Nf3 Nc6 d4 cxd4 Nxd4 e5 Nb5 d6,10,
1364,1263,white,300+0,d3 d5 g3 f5 b3 g6 Bb2 Nf6 Bg2 e6,10,
1668,1578,white,240+0,d4 d5 c4 dxc4 e4 Nf6 e5 Nfd7 Bxc4 c5,10,
1406,1236,white,300+8,e4 e6 d4 c5 c3 d5 Bd3 Nc6 Nf3 Bd6,10,
1471,1461,white,300+8,e4 e5 Qh5 Nc6 Bc4 g6 Qf3 Nf6 Ne2 Bg7,10,
1578,1690,black,60+2,e4 e5 Nf3 Nc6 Bc4 Bc5 O-O d6 h3 Nf6,10,
1492,1493,black,180+0,e4 e6 d4 Bc5 dxc5 b6 Be3 bxc5 Bxc5 d6,10,
1346,1285,black,600+30,e4 e5 Nf3 d6 Bc4 Nf6 d3 Nc6 h3 a6,10,
1571,1697,white,60+2,e4 e5 Nf3 Nc6 Bc4 Bc5 d3 Nf6 a4 d6,10,4620.95
1411,1586,white,300+5,e3 c5 g3 Nf6 Bg2 Nc6 b3 e6 Bb2 d5,10,
1828,1618,white,300+8,e4 b6 d4 Bb7 Nc3 e6 Nf3 Bb4 a3 Bxc3+,10,
1294,1270,white,60+10,e3 e5 Nf3 e4 Nd4 c5 Nb3 d5 d3 d4,10,
1631,1363,white,240+0,d4 c6 Nf3 e6 Nbd2 d5 c4 c5 cxd5 exd5,10,
1077,1674,black,300+8,e4 e6 Bb5 c6 Ba4 d5 d3 Qa5+ Nc3 Bb4,10,
1698,1570,white,60+2,e4 e5 Nf3 Nc6 Bc4 Nd4 O-O h6 Nxe5 d5,10,
1539,1656,white,660+6,e4 e5 Nf3 Nc6 Bc4 Bc5 d3 Nf6 Ng5 O-O,10,
1967,2046,black,180+0,e4 Nf6 e5 Nd5 c4 Nb6 c5 Nd5 Nc3 e6,10,
1563,1706,black,60+2,e4 e5 b3 Nf6 Bb2 Nxe4 Bxe5 Qe7 f4 d6,10,
1650,1545,black,300+2,d4 c6 e3 d5 a3 Bf5 h3 h6 Nf3 Nd7,10,
1482,1628,white,300+8,e4 d5 e5 d4 Nf3 Nc6 c3 Bg4 cxd4 Nxd4,10,
1684,1601,white,360+6,e4 e5 Nf3 Nc6 Nc3 d6 Bb5 Bd7 Bxc6 Bxc6,10,
1315,1424,black,900+4,e4 e5 d4 exd4 c3 dxc3 Bc4 cxb2 Bxb2 Qe7,10,
1676,1674,black,240+0,d4 d5 c4 e6 e3 Nf6 c5 c6 Nc3 b6,10,
1453,1383,black,240+0,c4 Nf6 d3 e5 Nc3 Bb4 e4 c5 Ne2 Nc6,10,
1662,1831,black,480+5,d4 d5 a3 Nf6 c3 g6 h3 Bg7 Nf3 Nc6,10,
1595,1609,black,1800+0,e4 e5 d4 Qh4 Nc3 Bb4 dxe5 Qxe4+ Be3 Qxe5,10,
1519,1451,white,1200+0,e4 e5 f4 d5 Nc3 d4 Nce2 exf4 Nxf4 Nf6,10,
1471,1576,black,240+0,e4 c5 Bc4 a6 Qf3 Nf6 a3 b5 Ba2 c4,10,
1536,1317,black,60+0,e3 e5 Bc4 Nf6 Qf3 Be7 b3 O-O Bb2 Nc6,10,2384.73
1543,1512,white,1200+0,d4 d6 e3 g6 Nf3 Nc6 c4 Bg7 a3 e5,10,
1258,1194,black,60+10,e4 e6 d4 d5 e5 Nc6 Nf3 f6 Bb5 a6,10,
1733,1526,white,180+0,d4 e6 Nc3 c5 e3 cxd4 exd4 d5 a3 a5,10,
1613,1839,black,300+8,g3 e5 Bg2 d5 b3 Nc6 c4 d4 Ba3 Bxa3,10,
1336,1484,white,300+5,e4 e5 Nf3 d6 Bc4 Bg4 h3 Bh5 g4 Bg6,10,
1513,1521,white,60+2,d4 d5 c4 c6 Nc3 Nf6 Bg5 dxc4 a4 e6,10,
1702,1800,white,600+0,d4 e6 c4 d5 Nf3 Nd7 Nc3 Bb4 Qb3 c5,10,
1613,1396,white,360+0,e4 e5 Bc4 Nc6 d3 Na5 b3,7,
1497,1702,white,300+8,e4 c5 d4 cxd4 Qxd4 Nc6 Qc4 e5 Nf3 Nf6,10,
1772,1679,black,300+3,e4 e5 Nf3 Nc6 Bc4 Nf6 d3 d5 exd5 Nxd5,10,
2061,1635,white,300+8,e4 c5 Nf3 e6 Nc3 Nc6 Be2 d5 exd5 exd5,10,
1636,1810,black,240+0,e4 e5 Nf3 Nc6 d4 exd4 Nxd4 Bc5 Be3 Qf6,10,
1570,1429,white,300+5,c4 e6 Nc3 b6 g3 Bb7 Nf3 g6 Bg2 Bg7,10,
1656,1675,black,480+5,d4 d5 h3 e6 Nf3 Nc6 Bg5 Be7 Bxe7 Ngxe7,10,
1186,1438,white,300+4,e4 e5 Nf3 f6 Bc4 Qe7 Bxg8 Rxg8 Nc3 h6,10,
1311,1352,black,540+0,e4 e5 Nf3 d6 Nc3 Nf6 Nd5 Nxd5 exd5 Bg4,10,
1554,1350,white,660+6,e4 e5 Nf3 Nc6 Bc4 h6 d3 Nf6 Nc3 Bb4,10,
1731,1660,black,1320+8,e4 e5 d4 exd4 Nf3 Nf6 Qxd4 Nc6 Qe3 Ng4,10,
1830,1648,white,180+3,e4 e6 d4 d5 exd5 exd5 c4 Nf6 Nf3 c6,10,
1758,1449,white,300+3,e4 d5 exd5 Qxd5 Nc3 Qd8 Nf3 e6 d4 Bb4,10,
1338,1379,white,540+30,e4 e5 Nf3 d6 Bc4 Bg4 d3 Bxf3 Qxf3 Nf6,10,
1514,1534,white,300+8,e4 e5 Qh5 d6 Bc4 g6 Qf3 Nf6 h3 Nc6,10,
1525,1556,white,60+2,c4 e5 Nc3 c6 e4 Qf6 d3 Bc5 Nf3 d6,10,
1231,1221,white,60+10,e4 e5 d4 Qh4 Nc3 Bb4 Bd2 Bxc3 Bxc3 Qxe4+,10,
1549,1613,black,120+17,d4 d5 Nc3 Nf6 Bf4 e6 e3 c5 Bb5+ Nc6,10,
1643,1584,black,240+0,d4 g6 Nc3 Bg7 a3 Nc6 Nf3 d5 Bf4 Bg4,10,
1843,1570,white,420+0,e4 c6 Nf3 d5 e5 Bf5 d4 e6 Bd3 Bxd3,10,
1655,1684,black,300+8,e4 c5 Nf3 Nc6 c3 e5 Bb5 d6 d4 cxd4,10,
1525,1645,white,300+8,e4 c5 d4 cxd4 Qxd4 Nc6 Qc4 e6 Nc3 a6,10,
1444,1573,white,300+8,e4 e5 Nc3 Nc6 Nf3 Bc5 d3 d6 Be2 Nf6,10,
1934,2015,black,60+1,e4 Nf6 e5 Nd5 d4 d6 c4 Nb6 f4 dxe5,10,
1652,1896,white,300+0,e4 e6 d4 d5 Nc3 Nf6 Bg5 Be7 e5 Nfd7,10,
1127,1554,black,180+3,d4 d5 e3 e6 c4 Nf6 Nc3 Bb4 Bd2 Ne4,10,
1619,1892,black,360+0,e4 e5 Bc4 Nf6 d3 c6 Nf3 d6 h3 Be7,10,
1874,1577,white,180+3,e4 c5 Nf3 Nf6 Bc4 d5 Bb5+ Bd7 Qe2 Nxe4,10,
1559,1560,white,300+8,d4 d5 c4 dxc4 Nc3 c6 a4 h6 e4 Be6,10,
1738,2065,black,180+0,d4 d5 g3 c6 Bh3 Nf6 Bxc8 Qxc8 Qd3 Nbd7,10,
1385,1541,black,300+6,e4 e5 Qh5 Nc6 Bc4 g6 Qf3 Nf6 d3 Bg7,10,
1209,1242,white,60+10,e4 e5 Qh5 Nf6 Qxe5+ Qe7 Qf4 Qxe4+ Ne2 Qc6,10,
1848,1563,black,420+1,e4 c6 Bc4 d5 exd5 cxd5 Bb3 Nf6 d3 e6,10,
1620,1602,white,1800+0,e4 e5 Qf3 Nf6 Nh3 d6 Bc4 Be6 Bxe6 fxe6,10,
1534,1651,white,120+17,d4 c6 Nc3 d6 Nf3 Nf6 h3 g6 Bf4 Bg7,10,
1208,1244,white,60+10,e4 e5 Qh5 Nc6 Bb5 a6 Bxc6 bxc6 Qxe5+ Qe7,10,
1665,1487,black,240+0,d4 d5 c4 c6 Nc3 e6 e3 b5 a4 bxa4,10,
1646,1706,black,480+5,d4 e6 h3 c5 Nf3 cxd4 Qxd4 Nc6 Qd1 a6,10,
2027,1764,black,60+1,f4 d5 Nf3 c5 e3 Nc6 Bb5 e6 Bxc6+ bxc6,10,
2070,1553,white,60+0,e4 e5 d3 Nc6 Nd2 h6 Ngf3 b6 Be2 Bb7,10,
1392,1636,black,540+8,Nf3 c6 Nc3 d6 e4 e5 d4 exd4 Nxd4 Nf6,10,
1612,1417,white,360+0,e4 e5 Bc4 f6 d3 Bc5 Nf3 h6 h3 Ne7,10,
2068,1735,white,180+0,d4 d5 Nf3 e6 g3 Bd6 Bg2 h6 O-O Nf6,10,
1742,1563,black,180+0,d4 d5 Nc3 e6 a3 Nf6 Bf4 Bd6 Qd2 O-O,10,2769.74
1073,1334,black,300+8,e4 e5 Qh5 Nc6 Bc4 g6 Qf3 Nf6 Bb3 Bg7,10,
1659,1395,white,900+0,e4 d5 exd5 Qxd5 Nc3 Qd6 d4 a6 Nf3 Nc6,10,
1819,2021,black,60+1,e4 e6 d4 d5 Nd2 Nc6 c3 Nf6 e5 Nd7,10,
1543,1501,white,60+2,e4 e5 Nf3 Nc6 Bc4 Nf6 Ng5 Bc5 Nxf7 Bxf2+,10,
1637,1716,black,480+5,d4 e6 h3 c5 Nf3 cxd4 Qxd4 Nc6 Qa4 a6,10,
1629,1670,white,240+0,d4 d5 Nd2 c6 Ngf3 Nf6 a3 Nbd7 c4 e6,10,
1469,1504,black,120+8,e4 b6 d3 Bb7 Be3 g6 Nf3 e6 Be2 Bg7,10,
1513,1465,white,420+3,e4 e5 Bc4 Bc5 d3 d6 a3 Nf6 h3 a6,10,
1732,1579,black,180+0,d4 d5 g3 e6 Bg2 Nf6 Nf3 Bd6 O-O O-O,10,
1506,1535,black,180+1,e4 e5 Nf3 Nc6 Bc4 h6 c3 Bc5 Qb3 Qf6,10,
1649,1556,white,240+0,d4 d5 c4 c6 b4 e6 c5 Nf6 Nc3 Be7,10,
1540,1636,black,300+8,e4 e5 Qh5 Nc6 Bc4 Qf6 c3 Bc5 Nf3 h6,10,
1638,1713,black,60+1,e4 e5 Nc3 Nf6 f4 exf4 Nf3 d5 d4 dxe4,10,
1707,1597,draw,180+2,e4 e5 Nf3 Nc6 Nc3 a6 d4 Bb4 Bd2 Nxd4,10,
1624,1675,black,60+1,e4 e6 d4 d5 Nc3 Bb4 Qg4 Bxc3+ bxc3 g6,10,
1609,1593,white,360+6,d4 d5 c4 dxc4 Nc3 Nf6 e4 e6 a3 Be7,10,
1387,1579,white,300+8,Nc3 d5 d4 e6 e3 Bb4 Bd2 Bxc3 Bxc3 Nc6,10,
1229,1222,white,60+10,e4 d5 e5 Nc6 d4 g6 Nf3 a6 c4 b6,10,
1622,1655,black,840+8,e4 c5 c3 e6 d4 cxd4 cxd4 Bb4+ Nc3 Bxc3+,10,
2101,1952,black,120+0,d4 d5 Nf3 Nf6 e3 e6 b3 c5 Bb2 Nc6,10,
1640,1410,white,300+5,e4 e5 Nf3 f6 Nxe5 Bd6 Qh5+ g6 Nxg6,9,
1594,1714,white,180+0,e4 d5 e5 e6 d4 Bb4+ c3 Ba5 Nf3 Qe7,10,
1500,2066,black,300+8,e4 c5 Nf3 Nc6 d4 cxd4 Nxd4 e6 Nc3 Nf6,10,
1881,1961,black,180+0,b3 e5 Bb2 Nc6 c4 Nf6 Nc3 Bc5 e3 O-O,10,
1614,2023,black,360+0,e4 c5 d4 cxd4 Qxd4 Nc6 Qd1 d6 h3 g6,10,
1405,1646,white,300+5,c4 g6 d3 Nf6 Nc3 Bg7 e4 d6 Nge2 O-O,10,
1657,1547,black,240+0,d4 d5 c4 e6 e3 Nf6 c5 b6 b4 Nc6,10,
1698,1609,white,180+0,e4 e5 d4 Nc6 dxe5 Nxe5 Nf3 d6 Nxe5 Nf6,10,
1673,1626,black,360+2,e4 e5 Bc4 Nf6 d3 h6 Nc3 d6 a3 c6,10,
1701,1626,white,180+2,e4 e6 Nf3 d5 exd5 exd5 Nc3 Nf6 d4 Bb4,10,
1446,1269,black,300+3,e4 e5 Qh5 Nc6 Nc3 g6 Qd1 d6 Nf3 Nf6,10,
1396,1612,black,600+0,e4 d5 Nc3 d4 Nd5 e5 d3 c6 Nb4 Bxb4+,10,
1970,1872,white,180+0,e4 b6 d4 Bb7 Nc3 e6 f4 Qh4+ g3 Qd8,10,
2012,1478,white,60+1,f4 d5 Nf3 b6 e3 Bb7 b3 Nc6 Bb5 e6,10,
2070,1783,white,300+8,e4 c6 c4 d5 exd5 cxd5 cxd5 Qxd5 Nf3 Bd7,10,
1660,1596,black,60+2,e4 e5 Nc3 Nf6 f4 Nc6 Nf3 Bb4 d4 Nxe4,10,
1529,1553,black,1200+0,e4 e5 f4 Nc6 d3 d6 Nf3 Bg4 Be2 Nf6,10,
1486,1522,black,300+3,e3 c5 b3 Nc6 Bb2 e6 Nf3 Nf6 d4 d5,10,
1292,1315,black,900+10,d4 b6 e3 Bb7 Nc3 e5 dxe5 Bb4 Qd2 Bxc3,10,
1350,1239,white,540+30,e4 e5 Nf3 Nc6 Bc4 Nf6 d3 d6 h3 Be7,10,
1670,1878,white,300+0,e4 e5 Nf3 d6 Nc3 c6 d4 Nd7 dxe5 dxe5,10,
1509,1759,white,420+4,d4 e6 b3 d5 Bb2 Nc6 Nf3 Bb4+ Nc3 Nf6,10,
1761,1667,black,300+3,e4 e5 Nf3 Nc6 Bc4 Bc5 O-O Nf6 d3 O-O,10,
1628,1500,draw,480+5,d4 d5 h3 Nc6 Nf3 Nf6 c3 b6 Bg5 Bb7,10,
1707,1600,white,180+0,d4 g6 e3 Bg7 h3 d5 c3 Nf6 Nd2 Nc6,10,
1695,1575,white,300+5,c4 e5 Nc3 Nc6 e4 Nf6 Nf3 h6 Be2 a6,10,
1306,1521,white,300+0,e4 c5 Bc4 e6 Nf3 a6 Nc3 b5 Be2 Bb7,10,
1532,1524,draw,300+8,e4 d5 e5 e6 Nc3 Qh4 Nf3 Qd8 d4 Bb4,10,
1626,1500,black,480+5,d4 g6 h3 Bg7 Nf3 b6 c3 Bb7 Nbd2 c5,10,
1721,1476,white,300+3,e4 e6 d4 Nf6 e5 Nd5 c4 Ne7 Bg5 d5,10,
1629,1958,black,240+0,e4 Nc6 d4 e5 d5 Nce7 Nf3 Ng6 Bc4 Bc5,10,
1687,1500,white,300+0,e4 e5 Nf3 Nc6 Bc4 Nf6 Ng5 d5 exd5 Nd4,10,
1365,1169,white,540+30,e4 e6 Nf3 Nf6 Nc3 d5 exd5 exd5 b3 Bb4,10,
1451,1582,black,900+5,e4 c5 Nf3 Nc6 Bc4 e6 d3 d5 exd5 exd5,10,
1514,1459,white,120+8,g3 d5 Bg2 e6 b3 c6 Bb2 Nf6 Nc3 Bb4,10,
1894,1860,white,180+2,e4 e5 Nf3 d6 Bc4 Be7 c3 Nd7 O-O Ngf6,10,
1703,1660,white,300+5,c4 c5 Nc3 Nc6 Nf3 b6 e4 Qc7 Be2 e6,10,
1593,1716,black,180+0,d4 d5 c4 dxc4 Nc3 a6 e3 b5 b3 cxb3,10,
1785,1790,white,300+0,d4 d5 e4 e6 Nc3 dxe4 f3 exf3 Qxf3 Qxd4,10,
1680,1747,white,300+3,e4 e5 Nf3 Nc6 Bb5 Bc5 O-O Nf6 Re1 O-O,10,
1559,1562,white,660+6,e4 e5 Nf3 d5 exd5 e4 Ng1 Qxd5 Nc3 Qc6,10,
1470,1276,white,720+0,g3 e5 Bg2 c6 d4 Qe7 d5 Qb4+ c3 Qd6,10,
1779,1796,white,300+0,c4 Nf6 b3 e5 Bb2 d6 g3 b6 Bg2 Nc6,10,
1523,1641,black,420+3,e4 e5 Bc4 Nc6 d3 h6 Nf3 Bc5 a3 Nf6,10,
1864,1978,black,180+0,b3 d5 Bb2 c5 Nf3 Nc6 g3 f6 Bg2 e5,10,
1450,1524,white,120+8,e4 b6 d4 Bb7 d5 c6 c4 cxd5 cxd5 Na6,10,
1523,1287,white,1200+0,e4 e5 Nf3 Nc6 Nc3 Nf6 a3 Bc5 Nxe5 Nxe5,10,
1586,1665,white,840+8,e4 c5 c4 e6 Nc3 d6 Nf3 Be7 d3 Nc6,10,
1643,1562,white,240+0,d4 d5 c4 e6 c5 b6 b4 c6 e3 Nd7,10,
1624,1425,white,300+5,e4 e5 Nf3 d6 d4 Nd7 dxe5 dxe5 Bc4 f6,10,
1617,1391,white,600+0,e4 e5 c3 Nf6 d3 Bc5 d4 exd4 cxd4 Bb6,10,
1671,1516,white,420+3,e4 e5 Bc4 Bc5 Qh5 Qf6 Nf3 d6 d4 exd4,10,
1652,1856,black,240+0,d4 b5 c4 bxc4 e4 d5 e5 e6 Nc3 Nd7,10,
1843,2072,black,60+0,e4 d6 d4 c6 Nc3 g6 Nf3 Bg7 e5 Nh6,10,
1503,1325,white,300+0,e4 e5 Nf3 Nc6 d4 f6 d5 Nb4 c3 Na6,10,
1583,1563,white,360+6,e4 e5 d4 exd4 c3 dxc3 Bc4 cxb2 Bxb2 d6,10,
1718,1630,white,240+1,e4 e5 Qh5 d6 Bc4 Qe7 Nc3 Nf6 Qf3 Be6,10,
1795,1530,white,300+0,d4 d5 e3 Nf6 Nf3 e6 c4 c5 cxd5 Nxd5,10,
1895,2021,white,60+1,d4 Nf6 Nf3 e6 c4 b6 Nc3 Bb4 Bg5 h6,10,
1864,1654,white,240+0,e4 e5 Nf3 d6 Bc4 Nc6 a3 Be6 Bb5 Nf6,10,8259.48
1521,1631,black,420+5,e4 c5 Nf3 e6 b3 Be7 Bb2 Bf6 Bxf6 Nxf6,10,
1724,1585,white,180+0,d4 g6 e4 Bg7 Bd3 Bxd4 c3 Bg7 Be3 d6,10,
2013,1907,white,60+1,e4 e6 Nf3 d5 e5 c5 d4 Nc6 Bd3 Nge7,10,
1714,1649,white,180+0,d4 c6 e4 d5 exd5 cxd5 Bb5+ Nc6 Qf3 e6,10,30.41
2018,1937,white,180+0,c4 Nf6 Nc3 g6 d4 Bg7 g3 e6 Bg2 d5,10,
2006,1917,white,60+1,e4 e6 Nf3 d5 e5 c5 d4 Nc6 Bd3 Qb6,10,
1733,1330,white,300+3,e4 e5 Nf3 d6 Bc4 Nf6 d4 Nxe4 dxe5 Nc6,10,
1784,1790,black,300+0,g4 c5 Bg2 Nc6 b3 b6 Bb2 d5 e3 Bb7,10,
1724,1862,white,240+0,d4 b5 c3 e6 a3 c5 dxc5 Bxc5 Nf3 a6,10,
1500,1500,black,180+0,e4 e5 Qh5 d6 Bc4 g6 Qf3 Nf6 d4 exd4,10,
1358,1227,white,540+30,e4 d5 exd5 Qxd5 Nc3 Qd8 Nf3 Qd6 d4 Qe6+,10,
1639,1662,black,240+0,e4 e5 Nf3 d6 d4 exd4 Nxd4 Nf6 Bd3 Nc6,10,
1617,1749,white,480+5,d4 g6 h3 Bg7 Nf3 b6 c3 Bb7 Nbd2 Nf6,10,
1571,1385,white,600+0,e4 d5 e5 d4 Nf3 c5 h3 a6 Bc4 Qb6,10,
1523,1566,black,300+8,e4 e5 Nf3 d6 d4 Bg4 h3 Bh5 Be2 Bxf3,10,
1622,1778,black,420+7,e4 c6 c4 d5 cxd5 cxd5 e5 e6 d4 Bd7,10,
1905,2014,black,60+1,e4 c6 Nf3 d5 e5 e6 d4 Ne7 Bd3 Nd7,10,
1509,1695,black,420+3,e4 e5 Bc4 Nc6 d3 h6 a3 Bc5 Nf3 Nf6,10,
1540,1514,black,360+5,e4 e5 d4 exd4 Qxd4 Nc6 Qd1 Nf6 f3 Bc5,10,
1578,1731,black,180+0,d4 d5 c4 a6 Nc3 dxc4 e4 b5 d5 Bb7,10,
1838,1894,black,0+2,e4 e6 d4 d5 exd5 exd5 Nc3 Nf6 Nf3 Bd6,10,
1646,1686,draw,240+0,d4 d5 c4 Nf6 e3 Nc6 c5 Bf5 Nc3 e6,10,
2078,1639,white,300+8,e4 c5 Nf3 Nc6 c3 e6 d4 d5 exd5 exd5,10,
1531,1529,black,300+8,e4 c5 c4 Nc6 Na3 e5 Nf3 g6 Nb5 Nf6,10,
1729,1458,black,180+0,d4 d5 Nc3 e6 a3 Nf6 Bf4 Bd6 Qd2 Bxf4,10,
1559,1621,black,480+3,e4 c5 Nf3 Nc6 Bc4 e6 Nc3 Nf6 e5 Ng4,10,
1815,2022,black,60+1,e4 Nf6 e5 Nd5 c4 Nb6 d4 d6 Nf3 dxe5,10,
1507,1839,draw,300+0,d4 e5 d5 d6 c4 Nf6 Nc3 Be7 e4 Bd7,10,
1533,1524,white,300+12,e4 d5 exd5 Qxd5 Nc3 Qe6+ Nge2 Qc6 Nd4 Qb6,10,
1986,1850,black,180+2,e4 e5 Nf3 d6 Bc4 Be7 O-O Nf6 Re1 O-O,10,
1907,1828,white,0+2,d4 e5 Nf3 exd4 Nxd4 Nc6 c4 Nxd4 Qd3 Qf6,10,
1570,1742,white,660+6,e4 c6 Nf3 d5 exd5 Qxd5 Nc3 Qd8 Bc4 e6,10,
1370,1551,black,540+30,e4 e5 Nf3 d5 exd5 Qxd5 Nc3 Qa5 Bc4 Nf6,10,
1419,1631,black,300+5,c4 g6 d3 Bg7 e4 d6 Ne2 Nf6 Nbc3 O-O,10,
1564,1518,black,1200+0,d4 e6 e3 Nc6 a3 a6 h3 h6 Nf3 Nf6,10,
1577,1636,white,600+0,e4 c5 e5 Nc6 Nf3 e6 Bb5 Qb6 Bxc6 bxc6,10,
2082,1837,black,300+8,e4 d5 exd5 Qxd5 Nf3 Qd8 Be2 Nc6 d4 Bf5,10,
1929,1872,black,180+0,e4 e6 Nf3 d5 exd5 exd5 d4 Nf6 Nc3 Bb4,10,
1684,1529,white,300+0,e4 e5 Nf3 Nc6 Bc4 h6 O-O Bc5 Nxe5 Nxe5,10,
1846,1739,white,240+0,b3 d5 Bb2 c6 Nf3 Nf6 d4 g6 g3 Bg7,10,
1800,1630,white,180+3,e4 d6 Nf3 Nf6 Nc3 g6 d4 Bg7 Bd3 O-O,10,
1364,1490,black,360+0,e4 c5 Bc4 Nc6 d4 e6 e5 d5 exd6 Bxd6,10,
1919,2028,white,60+1,d4 d5 Nf3 c6 c4 e6 Nc3 dxc4 g3 Nf6,10,
1745,1854,white,180+0,d4 b5 g3 Bb7 Nf3 b4 Bg2 a5 a3 e6,10,
1735,1510,white,300+3,e4 b6 Nf3 Bb7 Nc3 g6 d4 Bg7 e5 f6,10,
1773,1540,white,300+0,b3 e5 Bb2 f5 Bxe5 Nc6 Bb2 Bc5 e3 a6,10,
1531,1576,black,1200+0,e4 b6 Nf3 Bb7 d3 g6 Qe2 Bg7 Be3 d5,10,
1835,1513,white,60+0,d4 g6 c4 Bg7 Nc3 e6 e4 Ne7 f4 O-O,10,
1628,1551,white,480+5,d4 d5 h3 e6 Nf3 Nc6 c3 a6 a3 h6,10,
1648,1565,white,240+0,d4 g6 c4 Bg7 e4 c5 d5 d6 Nc3 Nf6,10,
1891,1917,black,180+0,d4 d5 Nf3 e6 c4 Nf6 Nc3 Be7 e3 O-O,10,
1727,1885,black,240+1,e4 e5 Qh5 Nc6 Bc4 g6 Qf3 Nf6 Ne2 Bg7,10,
1265,1625,white,420+5,e4 e5 Nf3 Nc6 Bb5 Nf6 Nc3 d6 Bxc6+ bxc6,10,
1726,1649,black,240+0,e4 c5 Nf3 Nc6 Bc4 e6 d4 cxd4 Nxd4 h6,10,
1527,1397,black,1200+0,e4 e5 Nf3 d6 Nc3 Nc6 h3 b6 Bc4 h6,10,
1738,1571,white,180+0,d4 c5 d5 d6 e4 e5 h3 f5 Bd3 f4,10,
1637,1499,black,300+5,e4 c5 Nf3 Nc6 d4 e6 Nc3 d5 Be3 Qb6,10,
1589,1461,white,600+0,e4 e5 d4 exd4 Qxd4 Qe7 Nf3 Nc6 Qd3 Nf6,10,
1971,1662,white,180+0,e4 c6 d4 d5 Nc3 dxe4 f3 exf3 Nxf3 Nf6,10,
1356,1362,black,360+0,e4 d5 d4 dxe4 Nc3 Nf6 Bc4 e6 d5 exd5,10,
1731,1691,white,240+0,d4 d5 c3 Nf6 Nf3 Bg4 Nbd2 e6 g3 Nc6,10,
1839,1760,black,180+0,b3 d5 Bb2 e6 Nf3 Nf6 g3 h6 Bg2 Bd6,10,
1269,1344,black,480+8,e4 e5 c4 c5 Nc3 d6 Nd5 Nc6 Nf3 Nd4,10,
1503,1562,black,420+3,e4 e5 Bc4 Nf6 Qf3 Qe7 d3 c6 Bg5 d5,10,
1616,1806,black,180+3,e4 e6 d4 d5 Nc3 Nf6 e5 Nfd7 Bd3 c5,10,
1652,1455,white,840+8,d4 e6 e4 Nf6 e5 Nd5 Bc4 d6 Bxd5 exd5,10,
1692,1866,black,300+0,e4 e5 Nf3 Nc6 Bc4 Nf6 Ng5 Bc5 Nxf7 Bxf2+,10,148.06
1974,2080,black,180+0,e4 e5 Nf3 Nc6 Bb5 a6 Ba4 Nf6 O-O b5,10,
1500,1693,black,300+8,e4 e5 Nf3 d6 d4 exd4 Nxd4 Nf6 Bd3 Be7,10,
1676,1505,white,300+0,e4 b6 d4 Bb7 Nc3 g6 Nf3 e6 Bf4 Bg7,10,
1801,1774,white,300+0,c4 c5 b3 Nc6 Bb2 Nf6 Nc3 g6 g3 Bg7,10,
1564,1834,white,300+8,e4 c5 Nf3 d6 d4 cxd4 Nxd4 Nf6 Nc3 g6,10,
1217,1205,white,300+4,e3 e5 Qf3 Nf6 Nh3 c6 Bc4 d6 Ng5 Bg4,10,
1740,1439,black,300+3,e4 e5 Nf3 Nc6 Bc4 b6 O-O Bb7 d4 Nxd4,10,
1359,1401,white,540+30,e4 e5 Nf3 d6 Bc4 a6 Nc3 h6 d3 Bg4,10,
1557,1364,white,540+30,e4 e5 Nf3 Nc6 c3 b6 d4 d6 Be2 Bb7,10,
1656,1663,white,240+0,d4 d5 c4 e6 e3 Nf6 c5 Be7 Nc3 O-O,10,
1518,1810,black,300+0,d4 b6 c4 Bb7 Nc3 e6 Bf4 Nf6 h3 Be7,10,
1700,1397,white,180+0,d4 d5 Nc3 e6 a3 c5 e3 cxd4 exd4 Nf6,10,52.88
1926,1879,black,180+0,d4 e6 c4 d5 Nc3 Nf6 Nf3 Be7 Bg5 O-O,10,
1775,1826,draw,180+0,d4 b5 h3 Bb7 Nf3 b4 e3 d5 a3 a5,10,
1544,1298,black,480+3,e4 d6 d4 Be6 d5 Bd7 Nf3 c6 dxc6 Bxc6,10,
1194,1229,black,300+4,e4 e5 Nf3 d6 Bc4 Bg4 Nc3 c6 Nxe5 Bxd1,10,
1942,2055,black,180+0,e4 Nf6 e5 Nd5 d4 d6 c4 Nb6 Nf3 Nc6,10,
1357,1428,white,1800+8,e4 d5 exd5 Qxd5 c4 Qd8 Nc3 e5 Nf3 f6,10,
1519,1619,black,300+5,d4 d5 Bf4 g6 e3 Bg7 c4 c5 Nc3 a6,10,
1781,1537,white,120+0,e4 c5 Nf3 Nc6 d4 cxd4 Nxd4 e5 Nf3 Bc5,10,
1586,1243,black,660+6,e4 e5 Nf3 Nc6 Bc4 Nf6 Ng5 d5 exd5 Nd4,10,
1706,1499,white,180+0,d4 b6 Nc3 e6 Bf4 Bb7 Nb5 c6 Nc7+ Ke7,10,
1543,1615,white,960+8,d4 d5 e3 e6 Nf3 c5 c4 cxd4,8,
1893,1915,white,180+0,d4 d5 Nf3 e6 c4 Nf6 Nc3 Be7 e3 O-O,10,
1401,1360,white,300+8,d4 d5 c4 dxc4 Nc3 b5 Nxb5 Nc6 e3 Bf5,10,
1345,1412,black,300+8,e4 c5 d4 e6 d5 exd5 exd5 Qe7+ Be2 d6,10,
1612,1354,white,480+8,e4 e5 Nf3 Nc6 Bc4 f6 O-O Bc5 a3 d6,10,
1512,1540,black,1200+0,e4 e5 Nf3 Nc6 Nc3 Bc5 Nxe5 Nxe5 d4 Bb4,10,
1002,1412,black,480+0,e4 e5 d4 d6 d5 c6 Nc3 cxd5 Nxd5 Nf6,10,
1527,1689,black,300+5,e4 e5 Nf3 Nf6 Nc3 d6 d4 Bg4 dxe5 Bxf3,10,
1637,1649,white,480+5,d4 d5 h3 Nf6 Nf3 Nc6 a3 b6 c3 Bb7,10,
1259,1452,black,1200+10,e4 e6 e5 b6 Qh5 g6 Qf3 Nc6 Nh3 Bb7,10,
1402,1456,black,240+3,e4 d5 e5 e6 d4 c6 c3 a6 Nf3 h6,10,
1866,1635,white,300+0,e4 c5 Nf3 Nc6 Bb5 Nd4 Nxd4 cxd4 O-O e5,10,
1371,1159,white,660+0,e4 e6 Nc3 d5 e5 d4 Nce2 Nc6 Nf3 f6,10,
1593,1832,black,360+6,e4 e5 d4 exd4 c3 dxc3 Bc4 Nf6 e5 Qe7,10,
1522,1658,black,1200+0,e4 b6 f4 Bb7 d3 g6 Nf3 Bg7 Be2 Nc6,10,
1648,1838,white,480+5,e4 e5 Bc4 Nf6 d3 c6 f4 d5 fxe5 dxc4,10,
1629,1871,black,300+0,c4 e5 Nc3 Bb4 Nd5 Bc5 d4 Bxd4 Nf3 c5,10,
1667,1811,black,240+0,d4 Nf6 c4 e5 d5 Bc5 Nf3 O-O Nc3 d6,10,
1665,1657,white,840+8,e4 c5 f4 e6 Nf3 d6 Be2 Be7 O-O Nc6,10,
1786,2085,black,120+0,e4 c6 Nf3 d5 e5 c5 c3 Nc6 d4 Bg4,10,
1817,1607,white,1320+8,e4 b6 d4 Bb7 f3 g6 Bd3 Bg7 Be3 e6,10,
2013,1809,black,60+1,Nf3 Nf6 c4 g6 g3 Bg7 Bg2 e6 O-O d5,10,
1776,1642,black,180+0,d4 Nf6 h3 e6 Nf3 d5 e3 Nc6 a3 a6,10,
2062,1935,white,240+0,Nf3 c5 c4 Nf6 g3 Nc6 Bg2 g6 O-O Bg7,10,
1430,1342,white,180+3,e4 d5 exd5 Qxd5 Nc3 Qe5+ Nge2 Bg4 d4 Qe6,10,
1604,1791,white,180+0,e4 e6 d4 d5 e5 c5 c3 Nc6 Bb5 Qb6,10,
1629,1509,white,300+5,e4 c5 Nf3 e6 d4 Nc6 Bb5 Qb6 Bxc6 Qxc6,10,
1660,1818,black,240+0,d4 Nf6 c4 e5 d5 Bc5 e3 O-O a3 d6,10,
2089,1980,white,120+0,d4 Nf6 Nf3 g6 g3 Bg7 Bg2 O-O O-O d6,10,
1251,1437,black,180+3,e4 e5 Qh5 d5 Qxe5+ Qe7 Qxd5 Nf6 Qg5 Qxe4+,10,
1820,1433,white,480+2,e4 e5 Nf3 Nc6 Bb5 d6 d4 Bd7 O-O exd4,10,
1713,1487,white,300+5,d4 d5 Nc3 e6 Nf3 Bb4 e3 Bxc3+ bxc3 Nf6,10,
1501,1407,white,1200+0,e4 d5 e5 e6 d4 Nc6 Nf3 Nce7 Nc3 Nf5,10,
1966,1776,black,180+0,e4 e6 d4 d5 Nc3 c5 Nf3 Nc6 exd5 exd5,10,
1249,1466,white,300+4,e3 d5 c4 c6 cxd5 Qxd5 Nc3 Qd8 d4 e6,10,
1500,1797,draw,300+8,e4 e5 Nf3 Nc6 d4 exd4 Nxd4 Nxd4 Qxd4 Nf6,10,
2089,1651,white,240+0,e4 c5 Nf3 Nc6 c4 e5 d3 d6 Nc3 a6,10,
1423,1331,black,300+8,d4 Nf6 Nc3 d5 Bg5 e6 e4 Be7 Bxf6 Bxf6,10,
1416,1284,draw,480+0,e4 e6 Nf3 Nc6 Nc3 d5 e5 d4 Nb5 a6,10,
1450,1556,black,900+0,d4 d5 e3 e6 Nc3 a6 Nf3 Bb4 Bd2 Nc6,10,
1657,1696,black,300+5,d4 Nf6 c4 e5 dxe5 Ng4 Qd4 d6 Nf3 c5,10,
1239,1183,white,300+4,e3 e5 d4 f6 dxe5 fxe5 Nc3 c6 f4 Bb4,10,
1406,1569,black,660+6,e4 b6 Nc3 Bb7 Nf3 g6 Ng5 Bg7 Qf3 Bf6,10,
1498,1350,draw,480+8,e4 d5 f4 dxe4 d4 Nc6 Nc3 Nxd4 Nxe4 Qd5,10,
1761,1928,draw,180+0,d4 Nf6 g3 d5 Bg2 g6 c3 Bg7 a3 O-O,10,
1714,1514,black,180+0,d4 d5 Nc3 e6 a3 Nf6 Bf4 a6 Be5 h6,10,
1780,1913,draw,360+6,e4 c6 f4 d5 exd5 cxd5 Nf3 Bf5 d4 e6,10,
1564,1439,white,900+0,d4 d5 e3 e6 Nf3 Nc6 a3 a6 c4 dxc4,10,
1482,1718,black,300+5,e4 e5 Nf3 Nc6 Bb5 d6 Bxc6+ bxc6 d4 exd4,10,
1638,1371,white,300+5,e4 e5 Nf3 Nc6 Bb5 a6 Ba4 b5 Bb3 h6,10,
1354,1493,white,480+8,e4 c5 e5 Nc6 Nf3 d6 d4 dxe5 Nxe5 Nxe5,10,
1500,1657,white,300+0,d4 e6 c4 d5 Nc3 Nf6 Bg5 Bb4 a3 Bxc3+,10,
1413,1727,black,240+0,c4 f5 d3 Nf6 Nc3 e6 f3 d5 Bg5 dxc4,10,
1654,1876,black,240+0,d4 d5 c4 e6 e3 Bb4+ Bd2 Bxd2+ Nxd2 Nf6,10,
2042,1834,black,300+8,e4 d5 exd5 Nf6 Nf3 Bf5 Bb5+ Nbd7 O-O Nxd5,10,
1904,1923,black,180+0,d4 Nf6 c4 g6 Nc3 d5 Nf3 Bg7 Bg5 c6,10,
1602,1442,white,300+26,e4 e5 Nf3 Nc6 d4 d6 Bb5 Qd7 dxe5,9,
1402,1449,white,300+14,e4 Nf6 d3 e5 Nf3 Nc6 Be2 d5 O-O dxe4,10,
1345,1435,white,360+0,e4 e5 Bc4 Nf6 d4 Qe7 Nf3 exd4 e5 Ng4,10,
1581,1574,black,180+3,d4 d6 e4 e6 c4 b6 Nc3 Bb7 Nf3 Nd7,10,
1657,1054,white,300+3,d4 d5 e3 Bd7 Nf3 Nc6 a3 Nf6 Be2 g6,10,
1332,1572,black,300+12,e4 e5 Qh5 Nc6 d3 Nf6 Qf3 d6 Bg5 Nd4,10,
1823,1647,black,300+1,e4 e6 d4 d5 e5 c5 c3 Qb6 Nf3 Nc6,10,
1430,1413,white,300+14,e4 e6 d4 c5 dxc5 Bxc5 Nf3 d5 e5 f6,10,
1766,1824,white,180+0,d4 Nf6 g3 e6 Bg2 c6 a3 d5 c3 Be7,10,
1771,1448,white,300+0,d4 d5 c4 c6 Nc3 e6 e4 dxc4 Bxc4 a6,10,
1644,1607,black,720+0,e4 e5 Nf3 Nc6 Be2 Nf6 Nc3 Bc5 O-O O-O,10,
1812,1779,black,180+0,e4 d5 exd5 Qxd5 Nf3 Qe4+ Be2 e6 O-O a6,10,
1530,1720,white,120+2,e4 c6 Bc4 d5 exd5 cxd5 Bb3 a5 a3 Nc6,10,
1427,1413,black,300+14,e4 e5 f4 d6 Nf3 exf4 Bc4 Nf6 Nc3 c6,10,
1996,1988,black,60+1,f4 d5 Nf3 c5 e3 Nc6 Bb5 e6 Bxc6+ bxc6,10,
1512,1550,black,420+5,e4 e5 Nf3 Nc6 Bc4 Bc5 d3 h6 Bb5 d6,10,
1649,1766,black,480+5,d4 Nf6 h3 g6 Nf3 Bg7 c3 d6 Bg5 O-O,10,
1608,1519,white,600+8,e4 d5 e5 e6 c4 c6 Nf3 a6 d4 dxc4,10,
1764,1650,black,240+0,d4 d5 e4 e6 Nc3 dxe4 f3 exf3 Qxf3 Nf6,10,
1509,1449,white,1200+0,e4 e5 Nf3 Nc6 Nc3 Bc5 Nxe5 Nxe5 d4 Bxd4,10,
1267,1362,black,300+4,e3 c5 Qf3 Nc6 Nh3 h6 Bc4 Nf6 Nf4 Ne5,10,
1406,1409,black,300+0,e4 e5 Nf3 d6 Bc4 f6 c3 Ne7 d4 g6,10,
1547,1612,black,480+10,e4 e5 Bc4 Nc6 d3 d6 Nf3 Nh6 Ng5 Nd4,10,
1813,1412,white,300+0,d4 d5 c4 c6 Nc3 Bf5 Nf3 e6 Qb3 b6,10,
2000,1984,white,60+1,e4 Nf6 e5 Nd5 c4 Nb6 d4 d6 exd6 exd6,10,
1494,1459,black,420+3,e4 e6 Bc4 b6 d3 Bb4+ c3 Bf8 a3 g6,10,
1392,1477,white,300+3,e4 e6 d4 d5 e5 c5 Nf3 cxd4 Nxd4 Qa5+,10,
1649,1547,black,240+0,d4 d5 c4 dxc4 e4 e6 Bxc4 Bd6 Nc3 Bb4,10,
1557,1481,white,240+0,d4 d5 c4 dxc4 Nc3 c6 e3 b5 a4 Bb7,10,
1359,1572,black,360+0,e4 c5 Bc4 e6 e5 Nc6 Nf3 a6 a4 d5,10,
1585,1570,black,180+3,e4 e6 f4 d6 d4 a6 Bd3 h6 Be3 Be7,10,
1910,1726,black,540+5,e4 c6 Nf3 d5 exd5 Qxd5 h3 Nd7 b3 Ngf6,10,
1800,1689,white,180+3,e4 c5 Nf3 d6 c4 Nf6 Nc3 g6 d4 cxd4,10,
1429,1571,draw,900+0,d4 d5 e3 e6 Bd3 Nf6 h3 c5 dxc5 Bxc5,10,
1534,1844,black,300+8,d4 Nf6 Nc3 e5 dxe5 Ng4 Nf3 Nc6 Bf4 Bb4,10,
1519,1439,black,1200+0,e4 e5 Nf3 Nc6 Nc3 Nf6 a3 Bc5 h3 O-O,10,
1685,1484,black,360+8,e4 e5 Bc4 Nc6 c3 Nf6 Nh3 Bc5 Ng5 d5,10,
1877,1791,white,180+3,e4 c5 Nf3 d6 Bc4 e6 c3 Nf6 Qe2 Nc6,10,
1476,1371,white,480+8,e4 e5 f4 f6 Nf3 exf4 Bc4 Nc6 d4 d6,10,
1973,1973,black,60+1,e3 e5 d4 exd4 exd4 d5 Nf3 Nc6 Bb5 Bd6,10,
1576,1326,white,300+12,e4 d5 exd5 Qxd5 Nf3 Qe4+ Be2 e6 Nc3 Qf5,10,
1495,1572,white,180+1,e4 e5 Nf3 Nc6 Bc4 Nf6 Ng5 d5 exd5 Nxd5,10,
1892,1933,black,180+0,d4 Nf6 f3 d6 e4 g6 c4 Bg7 Nc3 O-O,10,
1847,1805,white,420+0,e4 e5 Nf3 Nc6 d4 exd4 Bb5 a6 Bc4 Bc5,10,
1665,1750,black,240+0,e4 e5 Nf3 d5 exd5 e4 Ng1 Qxd5 b3 Bc5,10,
1581,1574,black,180+3,d4 d6 e4 Nd7 c4 c6 Be3 b6 Bd3 Bb7,10,
1515,1323,white,1200+0,e4 e5 f4 exf4 Nf3 d5 exd5 Qxd5 Nc3 Qe6+,10,
1642,1493,black,300+5,e4 e6 Nf3 g6 Bc4 Bg7 d4 c6 Bb3 d5,10,
1681,1807,black,180+3,e4 e6 d4 d5 e5 c5 c3 Nc6 Be3 Qb6,10,
1430,1408,black,300+14,e4 e5 Nf3 Nc6 a3 Nf6 Nc3 Be7 g3 O-O,10,
1472,1565,black,240+0,e4 c5 d4 b6 f4 Bb7 Nc3 Nc6 d5 Nd4,10,
1792,1792,white,180+0,e4 d5 exd5 Qxd5 Nc3 Qe5+ Qe2 Qxe2+ Bxe2 c6,10,
1820,1985,white,60+1,e4 e5 d4 exd4 c3 d5 exd5 Qxd5 Qxd4 Qxd4,10,
1525,1366,white,900+8,e3 e5 Nf3 Nc6 Bc4 d5 Bb3 Nf6 d3 d4,10,
1949,1795,white,180+0,e4 c6 d4 d5 Nc3 dxe4 f3 Nf6 fxe4 e5,10,
1354,1478,black,360+0,e4 d5 d4 dxe4 Bc4 Nc6 d5 Nb4 c3 Na6,10,
1320,1490,black,300+12,e4 g6 d4 Bg7 e5 e6 Nf3 Ne7 Bc4 O-O,10,
1481,1474,black,420+3,e4 e6 d4 Bb4+ Bd2 Bxd2+ Nxd2 b6 e5 Bb7,10,
1584,1758,black,180+0,d4 Nf6 Nc3 e5 dxe5 Ng4 e4 Nxe5 Bf4 d6,10,
1723,1464,black,300+5,c4 g6 d4 Bg7 Nc3 d6 e4 e5 d5 c6,10,
1836,2077,black,60+0,e4 d6 d4 c6 Nf3 g6 Nc3 Bg7 e5 Nh6,10,
1909,1784,white,360+6,d4 Nf6 c4 e5 dxe5 Ng4 Nf3 Nc6 Bf4 Bb4+,10,
1661,1549,black,360+5,e4 e6 Nf3 d5 e5 d4 Na3 Bxa3 bxa3 Ne7,10,
1783,1886,black,180+3,d4 Nf6 c4 g6 Nc3 Bg7 e4 O-O e5 Ne8,10,
1585,1570,black,180+3,e4 e6 f4 d6 d4 a6 Be3 h6 Nc3 Be7,10,
1392,1268,white,1740+30,d4 d5 c4 dxc4 Nc3 e6 a3 Nf6 e4 Nc6,10,
1407,1350,white,180+3,e4 e5 Nf3 Nc6 Bc4 Nf6 d3 Bc5 O-O O-O,10,
1501,1668,black,360+8,e4 e6 Nc3 d6 Nf3 e5 Bc4 Nf6 Ng5 Be6,10,
1501,1809,black,420+8,e4 c5 Nf3 Nc6 b3 Nf6 d3 d5 e5 Ng4,10,
1325,1351,black,480+2,e4 e6 Bc4 d5 Bd3 dxe4 Bxe4 Nf6 Bf3 Bd6,10,
1858,1795,black,420+0,e4 e5 Nf3 Nc6 d4 exd4 Bb5 a6 Bc4 Bc5,10,
1253,1304,black,840+0,e4 c5 Bc4 e6 e5 d5 Bb5+ Nc6 d3 a6,10,
2082,1831,black,60+0,e4 d5 exd5 e6 dxe6 Bxe6 Nf3 Nf6 Be2 Nc6,10,
1520,1393,white,480+10,e4 d5 Nc3 d4 Nb5 e5 Nf3 Nc6 Na3 Bxa3,10,
1780,1803,black,180+0,d4 e6 e4 d5 e5 c5 c3 Nc6 Nf3 Qb6,10,
1561,1449,black,120+17,d4 d5 Bf4 Nc6 e3 f6 Nc3 e5 dxe5 fxe5,10,
1509,1624,white,300+5,g3 d6 Bg2 g6 e3 Bg7 d4 c6 c3 Nf6,10,
2006,1668,draw,300+8,e4 e5 Nf3 d6 d4 exd4 Nxd4 c6 Bc4 b5,10,
1788,1956,black,180+0,d4 d5 c4 Nc6 Nf3 Bg4 Ne5 Nxe5 dxe5 d4,10,
1410,1500,white,480+0,e4 e5 Nf3 Nc6 Nc3 Bc5 Bb5 a6 Bxc6 dxc6,10,
1312,1742,black,300+12,e4 e6 Nf3 d5 e5 c5 d4 Nc6 c3 Bd7,10,
1849,2062,black,60+0,e4 d6 d4 c6 Nf3 g6 c4 Bg7 d5 Nf6,10,
1844,1703,white,420+0,e4 c6 Nf3 d5 e5 e6 d4 Nd7 Bd3 c5,10,
1657,1413,white,300+8,Nf3 g6 g3 e6 d4 h6 Bg2 g5 h3 d6,10,
1839,1764,black,300+0,d4 Nf6 c4 e5 dxe5 Ng4 Nf3 Nc6 Bf4 Bb4+,10,
1813,1770,white,180+0,e4 d6 d4 e6 f4 h6 Nf3 a6 Bd3 Nd7,10,
1571,1496,black,300+8,d4 g6 c4 Bg7 Nc3 e6 e4 Ne7 Nf3 O-O,10,
1275,1423,black,480+0,e4 e5 Nf3 Nc6 Bc4 Nf6 Ng5 d5 exd5 Nxd5,10,
1665,1743,white,60+0,d4 d5 c4 dxc4 Nf3 Nf6 e3 Bg4 Bxc4 e6,10,
1895,1775,white,180+3,e4 e5 Nf3 Nc6 d4 exd4 Bc4 Bb4+ c3 dxc3,10,
1607,1524,white,300+5,e4 b6 Nf3 Bb7 Bc4 e6 Nc3 c6 O-O Ne7,10,
1728,1843,white,1320+8,e4 e5 Nf3 Nc6 Bc4 Nf6 O-O Bc5 Qe2 d6,10,
1682,1416,white,300+0,e4 e5 d4 Nc6 Nf3 exd4 c3 d5 e5 dxc3,10,
1530,1431,white,300+8,d4 e6 e4 Qf6 Nc3 Bb4 e5 Qh4 Nf3 Qg4,10,
1728,1679,black,60+0,e4 c6 Nc3 d5 d4 dxe4 Nxe4 Bf5 Ng3 Bg6,10,
1815,1674,white,180+3,e4 c5 Nf3 d6 d4 cxd4 Nxd4 Nf6 Nc3 a6,10,
1521,1150,white,1200+0,e4 e6 f4 d6 Nf3 f6 Nh4 e5 Qh5+ g6,10,
1578,1731,white,180+0,d4 Nf6 Nc3 e5 dxe5 Ng4 e4 Nxe5 Nf3 Nxf3+,10,
1581,1574,white,180+3,d4 d6 e4 e6 h3 Be7 a3 b6 c4 Bb7,10,
1788,1618,white,600+10,d4 Nf6 c4 e6 Nf3 c5 e3 Nc6 d5 exd5,10,
1567,1434,black,900+0,d4 d5 e3 e6 Nf3 h6 c4 dxc4 Bxc4 a6,10,
1774,1500,white,600+10,d4 d5 Nf3 Nc6 g3 Nf6 Bg2 e5 dxe5 Ng4,10,
1482,1704,draw,300+5,e4 e5 f4 exf4 Nf3 Nc6 Bc4 h6 O-O d6,10,
2068,1844,white,60+0,e4 d5 exd5 e6 dxe6 Bxe6 Be2 Nf6 Nf3 Nc6,10,
1635,1809,white,240+0,d4 d5 c4 e6 e3 Nf6 c5 b6 b4 a5,10,
1564,1782,draw,420+5,e4 e6 e5 c5 d4 cxd4 Qxd4 Nc6 Qe3 Nge7,10,
1692,1715,white,60+0,d4 d5 e3 Bg4 Qxg4 Nf6 Qd1 Nc6 Bd3 e5,10,
1500,2073,black,120+0,e4 c5 Nc3 e5 Nge2 d6 g3 Ne7 Bg2 Ng6,10,
1433,1358,white,480+0,e4 e6 e5 Nc6 d4 f6 Nf3 g5 exf6 Qxf6,10,
1532,2073,black,60+0,e4 d6 f4 c6 Nf3 g6 a3 Bg7 Bc4 Nf6,10,
1541,1808,black,300+8,Nf3 d5 d4 Nf6 Nc3 Bf5 Nh4 Bg4 h3 Be6,10,
1315,1235,black,360+0,e4 c5 Qh5 Qb6 c4 g6 Qg4 Nc6 b3 Nd4,10,
1500,1832,white,180+2,e4 b6 d4 Bb7 Nc3 e6 Nf3 c5 dxc5 Bxc5,10,
1808,1706,black,300+5,e4 e5 Nf3 Nf6 d4 Nxe4 dxe5 d5 exd6 Nxd6,10,
1906,1962,white,180+0,d4 d5 Nf3 Nc6 c4 Bg4 e3 e5 Be2 exd4,10,
1744,1309,black,300+12,e4 d5 exd5 Qxd5 Nc3 Qe6+ Nge2 Bd7 g3 g5,10,
1688,1262,white,180+0,d4 d6 e4 e5 dxe5 dxe5 Qxd8+ Kxd8 Nf3 f6,10,
1594,1544,black,180+0,d4 d5 Nc3 e6 e4 Bb4 e5 Nc6 Nf3 h6,10,
1412,1687,black,300+0,e4 d5 e5 d4 Nf3 Bg4 h3 Bh5 g4 Bg6,10,
1161,2075,black,120+0,e3 c5 Nf3 d5 d4 e6 c4 f5 dxc5 Bxc5,10,
2099,1703,white,60+0,d4 d5 Nf3 Nc6 g3 Nf6 Bg2 Bg4 O-O e6,10,
1823,1760,white,180+0,e4 d5 exd5 Qxd5 Nc3 Qd8 d4 e6 Nf3 c6,10,
1422,1445,black,480+0,e3 e5 Qf3 Nc6 Bc4 Nf6 Nh3 Bc5 Ng5 d5,10,
1641,1822,black,480+5,d4 d5 h3 Nf6 Nf3 e6 Bg5 Be7 a3 h6,10,
1701,2102,black,60+0,e4 d5 exd5 c6 dxc6 Nxc6 Bb5 e5 Nc3 Nf6,10,
1775,1720,white,300+0,g4 d6 Bg2 e5 e3 Nc6 b3 f5 h3 fxg4,10,
1400,1487,white,1740+30,d4 e6 c4 g6 h3 Bb4+ Bd2 Bxd2+ Qxd2 Qf6,10,
1509,2075,black,120+0,Nc3 d5 d4 e6 Nf3 f5 Bf4 c6 e3 Nf6,10,
2104,1698,white,60+0,d4 d5 Nf3 Nf6 g3 Nc6 Bg2 Bg4 O-O e6,10,
1414,1531,black,300+8,e4 e6 d4 Nf6 e5 Nd5 Bc4 Nc6 Bxd5 exd5,10,
1576,1616,black,660+6,e4 c5 Bc4 a6 Nf3 e6 a3 d5 exd5 exd5,10,
2074,2107,white,60+0,e4 c6 d4 d5 Nd2 c5 exd5 cxd4 c4 Nf6,10,
1616,1645,white,600+8,e4 e5 Nf3 Nc6 Bc4 h6 c3 d6 Qb3 Qf6,10,
1415,1601,black,240+3,e4 e6 d4 d5 exd5 exd5 Nf3 Nf6 Bb5+ c6,10,
1498,1696,black,60+0,e4 e5 d3 Nc6 f3 Nf6 c3 Bc5 b4 Bb6,10,
1581,1696,black,180+0,d4 f5 Nc3 Nf6 Bg5 e6 e4 Be7 Bxf6 Bxf6,10,
1499,1574,black,240+0,d4 g6 Bf4 Bg7 e3 d5 c4 c5 Nc3 cxd4,10,
1723,1646,white,480+5,e4 e5 c4 Nc6 Nc3 Bc5 Nf3 d6 h3 Be6,10,
1697,1821,draw,300+5,d4 Nf6 c4 e5 dxe5 Ng4 Nf3 Nc6 e3 Ngxe5,10,
1563,1592,black,180+3,e4 e6 Nf3 d6 d3 h6 Nc3 a6 Be3 Be7,10,
1949,1767,white,180+3,e4 c5 b4 b6 Nf3 e6 bxc5 bxc5 Nc3 Bb7,10,
1347,1713,black,360+0,e4 e5 Bc4 Nf6 d4 exd4 e5 Qe7 Ne2 Qxe5,10,
1691,1489,white,180+0,d4 c5 d5 e6 c4 Nf6 Bg5 h6 Bxf6 Qxf6,10,
1386,1457,black,420+8,e4 e5 Qh5 Qf6 Nf3 g6 Qxe5+ Qxe5 Nxe5 Bd6,10,
1702,2092,black,60+0,e4 c6 Nc3 d5 exd5 cxd5 d4 Nc6 Nf3 Nf6,10,
1750,1734,black,180+0,d4 Nf6 g3 e6 Bg2 c5 dxc5 Bxc5 e3 d5,10,
1362,1485,black,480+8,e4 c5 e5 d6 f4 dxe5 fxe5 Nc6 Nf3 Bg4,10,
2088,2095,white,60+0,e4 c6 d4 d5 Nd2 dxe4 Nxe4 g6 Ng3 Bg7,10,
1651,1913,draw,240+0,d4 d5 c4 e5 cxd5 Qxd5 Nf3 exd4 Qxd4 Qxd4,10,
1851,1916,white,360+6,e4 c6 d4 d5 Nc3 dxe4 Nxe4 Bf5 Ng3 Bg6,10,
1943,2043,white,180+0,e4 c5 Nc3 e6 g3 Nc6 Bg2 g6 Nge2 Bg7,10,
1700,1248,white,60+0,e4 e6 d4 d5 Nc3 dxe4 Nxe4 Qh4 Ng3 Bd6,10,
1720,1794,black,300+5,e4 e5 f4 exf4 Nf3 Be7 h4 d6 d4 Nc6,10,
1701,1244,white,60+0,e4 e6 Nc3 d6 Nf3 d5 d4 f6 exd5 Bd6,10,
1654,1783,white,300+0,d4 Nf6 c4 e5 dxe5 Ng4 Nf3 Nc6 Bf4 Bb4+,10,
1675,1720,white,900+4,e4 e5 Bc4 Nf6 d3 a6 Nf3 h6 Nxe5 d5,10,
1617,1607,black,300+5,e4 e6 Nc3 d5 exd5 exd5 Be2 d4 Ne4 Bf5,10,
1704,1554,white,240+1,e4 e5 Qh5 Nc6 Bc4 g6 Qf3 Nf6 Ne2 Bg7,10,
1535,1466,white,300+8,d4 d5 c4 dxc4 e4 f6 Bxc4 Nd7 Nf3 e5,10,
2081,1703,white,60+0,d4 d5 Nf3 Nf6 g3 Bg4 Bg2 e6 O-O Bd6,10,
1655,1716,white,240+0,d4 Nf6 c4 e5 d5 Bc5 e3 Qe7 Nc3 Bb4,10,
1744,1739,white,180+0,e4 d5 exd5 Qxd5 Nc3 Qe5+ Be2 Bg4 d4 Bxe2,10,
1547,1514,black,300+8,d4 c6 e4 e6 e5 Qb6 Nf3 d5 Ng5 c5,10,
1413,1457,white,420+8,d4 g6 Nf3 Bg7 h3 d6 Bf4 Nf6 c4 O-O,10,
1547,1711,black,240+1,d4 f5 Nc3 Nf6 e4 e6 exf5 exf5 h3 Be7,10,
1668,1701,black,240+0,d4 Nf6 c4 e5 d5 Bc5 e3 O-O Nc3 Qe7,10,
1570,1471,white,420+5,e4 e6 e5 b6 d4 Bb7 Nc3 Bb4 Bd2 d6,10,
1701,1240,white,60+0,e4 e6 Nc3 Nc6 e5 d6 Nf3 dxe5 d4 exd4,10,
1903,1761,white,180+3,e4 c5 Nf3 d6 Bb5+ Nc6 Bxc6+ bxc6 O-O Qc7,10,
1601,1553,black,180+3,d4 e6 e4 d6 c4 c6 f4 b6 h4 Nf6,10,
2131,1955,white,180+0,Nf3 Nc6 g3 e5 d3 d5 Bg2 f5 O-O Nf6,10,
1340,1654,white,300+2,e4 c5 Nf3 Nc6 d4 cxd4 Nxd4 e5 Nf3 Nf6,10,
1728,1755,white,180+0,d4 Nf6 c4 e6 Bg5 c5 Bxf6 Qxf6 Nf3 Nc6,10,
1702,1236,white,60+0,e4 e6 d4 Qf6 Nf3 d5 e5 Qd8 Nc3 c5,10,
1590,1610,white,900+0,e4 e5 f4 Nc6 Nf3 Bd6 Bc4 h6 fxe5 Nxe5,10,
1539,1534,white,900+8,e3 c6 Nf3 d6 d4 Bg4 Bd2 Nf6 c4 Nbd7,10,
1798,1820,white,180+2,d4 Nf6 c4 e5 dxe5 Ng4 Nf3 Nc6 Qd5 Bb4+,10,
1337,1314,black,720+0,e4 c5 d4 e6 Bf4 Nc6 d5 Nd4 d6 Qb6,10,9840.24
1575,1631,black,480+3,d4 d5 c4 Nf6 Nf3 e6 Nc3 Bb4 Bd2 Bxc3,10,
1599,1601,white,900+0,e4 c5 c4 d6 Na3 g6 Nc2 Bg7 Nf3 Nf6,10,
1344,1392,white,360+0,e4 e5 Bc4 Nf6 d4 Nc6 d5 Nd4 Nf3 Nxe4,10,
1635,1500,white,480+5,d4 f6 h3 e5 e3 c6 a3 d5 Nc3 Nh6,10,
1462,1579,black,420+5,e3 e5 b3 d5 Bb2 d4 Nf3 dxe3 fxe3 Bg4,10,
1704,1232,white,60+0,e4 e6 d4 d5 exd5 c6 dxc6 Nxc6 Bb5 Bb4+,10,
1444,1426,black,420+8,e4 e5 Bc4 a6 Nc3 Nc6 d3 Bc5 a3 h6,10,
1556,1142,white,900+5,e4 c5 Nf3 d6 d4 cxd4 Qxd4 Bd7 Bd2 Nc6,10,
1706,1228,black,60+0,e4 e6 d4 f6 f4 d6 g4 e5 h4 exd4,10,
1686,1731,draw,900+8,d4 e6 Bf4 Nf6 Nf3 Nc6 Nc3 a6 a3 Nh5,10,
1228,1706,black,60+0,d3 e6 e3 d6 Qe2 a6 Nf3 b6 c3 h6,10,
1566,1371,white,660+6,e4 e5 Nf3 Nc6 Bc4 Nf6 Ng5 h6 Nxf7,9,
1744,1740,black,180+0,e4 d5 exd5 Qxd5 Nc3 Qe5+ Be2 Bg4 d4 Bxe2,10,
1618,1604,white,300+5,e4 g6 d4 Bg7 Nc3 d6 Nf3 a6 Bc4 Nf6,10,
1374,1357,white,360+0,e4 e5 Nf3 Bc5 Nxe5 Nf6 Bc4 O-O Bxf7+ Kh8,10,
1658,1564,white,240+0,d4 d5 c4 Nf6 e3 e6 cxd5 exd5 Nf3 c6,10,
1469,1386,black,540+3,e4 e5 d3 Nc6 Nf3 Bb4+ c3 Ba5 b4 Bb6,10,
1829,1988,black,300+8,e4 c5 Nf3 Nc6 d4 cxd4 Nxd4 e6 Nb5 d6,10,
1708,1225,white,60+0,e3 e6 d3 Qf6 h3 Bd6 a3 Nc6 g3 e5,10,
1519,1626,white,480+0,d4 Nf6 Bg5 d5 Bxf6 exf6 c4 Bb4+ Nd2 O-O,10,
1531,1413,white,300+8,d4 d5 c4 Nf6 Nf3 e6 Nc3 Bb4 Qa4+ Nc6,10,
1493,1354,white,480+8,e4 d5 exd5 Qxd5 Nc3 Qe5+ Nge2 Bg4 d4 Bxe2,10,
1500,1436,black,300+5,e4 c6 d4 d6 Nf3 Nf6 e5 dxe5 dxe5 Qxd1+,10,
1571,1416,white,660+6,e4 d5 exd5 Qxd5 Nc3 Qa5 Nf3 Nc6 d3 a6,10,
1566,1589,white,180+3,b3 e6 Bb2 d6 Nc3 Bd7 e3 a6 Bd3 Nf6,10,
2141,1818,white,180+0,Nf3 Nf6 g3 e6 Bg2 b6 O-O Bb7 d3 d6,10,
1903,1922,black,360+6,d4 d5 c4 c6 Nc3 Nf6 Nf3 e6 Bg5 Be7,10,
1647,1887,black,300+0,e4 c6 c4 d5 cxd5 cxd5 d3 dxe4 d4 Nf6,10,
1500,1709,black,60+0,e4 e5 c3 Nc6 Na3 Nf6 d3 Bxa3 bxa3 d5,10,
1641,1761,white,480+5,d4 d5 h3 Nf6 Nf3 e6 c3 c5 Nbd2 c4,10,
1608,1355,white,600+0,e4 f6 d4 d5 e5 f5 Nf3 h6 Nh4 e6,10,
1715,1404,white,60+0,e4 e5 Nf3 d6 Nc3 c5 Bb5+ Bd7 Bxd7+ Qxd7,10,
1803,1711,white,300+5,e4 e5 Nf3 Nf6 Nc3 d6 Bc4 Be7 d3 Bg4,10,
1453,1437,white,1740+30,e3 e5 b3 Nc6 Bb2 a6 g3 Bc5 Bg2 Na7,10,
2146,1956,white,180+0,Nf3 Nf6 g3 d5 Bg2 c5 O-O Nc6 d3 Bf5,10,
1754,1681,white,120+4,d4 d5 c4 e6 Nc3 Nf6 Nf3 c5 e3 Bd6,10,
1607,1633,white,600+15,e4 c5 Nc3 e6 Nf3 Nc6 d3 d5 exd5 exd5,10,
1666,1556,white,240+0,d4 d5 c4 c6 e3 c5 cxd5 Qxd5 Nf3 e6,10,
1343,1612,black,600+0,d4 d5 Qd3 Nc6 e3 g6 Nc3 Bf5 Qd2 e6,10,
1671,1763,black,120+4,d4 d5 c4 e6 e3 Nf6 c5 a5 a4 b6,10,
1096,1720,black,60+0,e4 e5 Nf3 Nc6 Bb5 Nf6 Bxc6 dxc6 Nxe5 Bc5,10,
1592,1807,black,180+2,e4 Nf6 Nc3 e5 Nf3 Nc6 Bc4 Bc5 O-O O-O,10,
1095,1720,black,60+0,e4 e5 d3 Bc5 Nf3 Nc6 Be2 Nf6 O-O d5,10,
1815,1832,white,180+0,e4 e6 Nf3 d5 exd5 exd5 d4 Be6 Bd3 Nf6,10,
1611,1579,white,900+4,d4 d5 Nf3 Nc6 Bf4 a6 e3 Bg4 h3 Bxf3,10,
1533,1558,black,480+0,d4 d5 c4 c6 c5 a6 b4 b6 e3 a5,10,
1421,1100,white,120+0,e3 c6 Nc3 e6 Nh3 d5 d4 c5 dxc5 Bxc5,10,
1674,1548,black,240+0,d4 b6 c4 Bb7 b4 g6 a3 Bg7 Bb2 Nf6,10,
1409,1489,white,240+3,e4 e5 Nf3 d6 Bc4 h6 h3 Nf6 d3 a6,10,
1771,1661,white,120+4,e4 e5 Nf3 Nc6 Bb5 a6 Ba4 d6 h3 Bd7,10,
1432,1518,white,480+0,e4 e5 Bc4 Nf6 d3 Nc6 Nc3 Bc5 h3 d5,10,
1541,1481,white,300+8,d4 d5 c4 dxc4 e4 f6 Bxc4 e5 Nf3 exd4,10,
1820,1826,black,180+0,e4 e6 d4 d5 e5 c5 c3 Nc6 f4 Qb6,10,
1456,1695,white,180+0,e4 c5 Bc4 d6 Qf3 Nf6 c3 Nc6 d3 Ne5,10,
1528,1523,black,360+5,e4 c6 d4 d6 c3 Nf6 f3 Qb6 Na3 Be6,10,
1858,1869,black,300+15,e4 d5 exd5 Qxd5 Nf3 Nf6 Nc3 Qd8 d4 e6,10,
1643,1910,white,180+3,e4 e5 Nc3 Nf6 d3 g6 Nf3 d6 Bg5 h6,10,
1635,1509,white,300+2,d4 e6 e4 c5 c3 d5 Nd2 cxd4 cxd4 Bb4,10,
1242,1446,black,720+0,e4 g6 Qg4 d5 Qf4 Nc6 c3 e5 Qe3 d4,10,
1224,1724,black,60+0,e4 e5 f3 Nc6 c3 Nf6 d4 exd4 cxd4 Bb4+,10,
1721,1268,white,60+0,e4 e5 Nc3 Qg5 Nf3 Nf6 Nxg5 d6 d4 Bg4,10,
1742,1359,white,300+0,d4 c6 c4 e6 e4 d5 cxd5 exd5 e5 Be6,10,
1721,1411,white,300+3,e4 e5 Nf3 Nc6 Bc4 Nf6 d3 Na5 Bb5 a6,10,
1488,2155,black,180+0,e4 c5 Bc4 e6 Qf3 a6 a3 Nc6 c3 Ne5,10,
1586,1297,white,300+5,e4 e5 Nf3 d6 d4 exd4 Nxd4 Nf6 Nc3 c5,10,
1837,1810,white,180+0,e4 e6 Nf3 d5 exd5 exd5 c4 Be6 cxd5 Bxd5,10,
1812,1949,white,180+2,e4 Nc6 d4 e5 d5 Nce7 d6 Ng6 dxc7 Qxc7,10,
2001,1697,white,300+8,e4 e6 d4 d5 exd5 exd5 c4 Nf6 Nf3 Bb4+,10,
1822,1373,white,480+2,e4 e5 Nf3 d6 d4 Nc6 dxe5 Nxe5 Nxe5 dxe5,10,
1347,1500,black,480+8,e4 e5 c4 Nf6 d3 c6 Nc3 Bb4 Bd2 O-O,10,
1397,1550,black,300+8,e4 e5 d4 exd4 Qxd4 Nc6 Qa4 Nf6 f3 Qe7,10,
1500,1576,black,960+30,e4 e5 Bc4 Nf6 Nc3 d6 h3 Nc6 Nb5 a6,10,
1599,1601,white,900+0,e4 e5 Nf3 Nc6 c4 Nf6 d3 Bc5 h3 d6,10,
1813,2101,black,60+0,e4 d6 Bc4 c6 d4 g6 Nc3 Bg7 h4 Nf6,10,
1346,1402,white,360+0,e4 e5 Bc4 Nf6 d4 Nc6 d5 Na5 b3 Nxc4,10,
1550,1465,black,1200+10,e3 e6 Nf3 b6 Nc3 Bb7 d4 Nh6 Bd3 Nf5,10,
1726,1622,black,60+0,e4 e5 Nc3 Nf6 Nf3 d6 d4 Nc6 d5 Ne7,10,
1800,1847,black,180+0,e4 e6 d4 d5 e5 c5 c3 Nc6 f4 Nge7,10,
1933,1916,black,180+0,e4 d5 Nc3 d4 Nce2 e5 Ng3 c5 Bc4 Be6,10,
1552,1590,black,300+8,Nf3 d5 d4 c5 Nc3 cxd4 Nxd4 e5 Ndb5 Nf6,10,
1423,1475,white,180+3,e4 e5 Nf3 d6 Bc4 Nf6 d3 h6 h3 a6,10,
1455,1452,white,540+3,e4 g6 Bc4 Bg7 Qf3 e6 d4 c6 e5 d5,10,
1487,1829,white,180+0,e4 d5 e5 c5 d4 Nc6 c3 Qb6 Nf3 Bg4,10,
1688,1568,black,900+8,d4 d5 Bf4 Nf6 Nf3 h6 Nc3 a6 Ne5 e6,10,
1517,1707,black,60+0,e4 e5 Qh5 Nc6 d4 Nxd4 Qxe5+ Ne6 g3 Bd6,10,
1360,1409,white,900+8,e4 d5 e5 Nc6 Nf3 g6 d4 Bg7 h3 f6,10,
1408,1724,black,300+3,e4 Nc6 Nc3 e5 Nf3 Bc5 Bc4 Nf6 Ng5 O-O,10,
1563,1652,white,180+4,d4 d5 c4 e6 Nc3 c5 cxd5 exd5 dxc5 Nf6,10,
1582,1681,black,240+0,d4 d5 c4 Nf6 Nc3 e6 Bg5 Bb4 Qa4+ Nc6,10,
1856,1790,black,180+0,e4 e6 Nf3 d5 exd5 exd5 c4 dxc4 Bxc4 Nf6,10,
1880,1893,draw,360+6,d4 c6 c4 d5 e3 Bf5 Bd3 Bg6 Bxg6 hxg6,10,
1524,1559,black,1200+0,e4 c5 d4 cxd4 c3 dxc3 Nxc3 Nc6 Nf3 d6,10,
1862,1714,white,60+0,e4 e5 Nf3 Nc6 c3 Nf6 d4 exd4 cxd4 d5,10,
2008,1459,white,300+8,e4 c5 Nf3 d6 c3 Nf6 g3 Nc6 d4 cxd4,10,
1338,1325,white,900+10,e4 b6 g3 Bb7 Bg2 f5 d3 fxe4 Bxe4 Bxe4,10,
1659,1404,black,240+0,d4 d5 c4 e5 dxe5 d4 Nf3 Nc6 a3 Bg4,10,
1849,1641,black,300+8,e4 e5 Nf3 Nc6 Bb5 d6 d4 exd4 Nxd4 Bd7,10,
1706,1869,white,60+0,e4 e6 Nf3 d5 d4 c5 Bg5 cxd4 Bxd8 Kxd8,10,
1689,1574,white,240+0,e4 e5 Nf3 Nf6 Nxe5 Qe7 Nf3 Qxe4+ Qe2 Qxe2+,10,
1656,1588,black,360+6,e4 Nf6 Bc4 Nxe4 Qh5 Nd6 d4 Nxc4,8,
1611,1637,white,60+0,e4 e5 Bc4 Nc6 Nf3 h6 d3 Nf6 O-O a6,10,
1481,1610,black,900+0,e3 e5 b3 c5 Bb2 d6 Bb5+ Bd7 Bxd7+ Qxd7,10,
1601,1643,white,360+6,e4 e5 d4 exd4 c3 dxc3 Bc4 Nc6 Nxc3 Bc5,10,
1583,1667,black,900+8,e4 e5 Nf3 Nc6 Bc4 h6 d4 exd4 Nxd4 Bc5,10,
1656,1504,white,480+5,d4 d5 h3 Nf6 Nf3 Nc6 a3 Bf5 Nbd2 g6,10,
1852,1726,white,60+0,e4 e5 Nf3 Nc6 c3 Nf6 d3 d5 exd5 Nxd5,10,
1641,1636,black,240+0,d4 d5 c4 e6 e3 Nf6 cxd5 exd5 Nc3 c6,10,
1578,1880,black,660+6,e4 e5 Nf3 Nc6 Bc4 Nf6 Ng5 d5 exd5 Nd4,10,
1576,1478,white,300+3,d4 g6 c4 Bg7 b3 Nc6 Bb2 e6 Nf3 Nf6,10,
1623,1634,white,60+0,e4 Nf6 e5 Ne4 d3 Nxf2 Kxf2 c6 Nf3 d6,10,
1390,1369,black,300+8,f4 f5 Nf3 g6 d4 Bg7 Nc3 e6 Ng5 Qf6,10,
2156,1737,black,180+0,Nf3 e6 g3 Nf6 Bg2 d5 O-O c5 d3 Nc6,10,
1598,1332,white,900+0,e4 e5 Nf3 d6 Bc4 Bg4 Nc3 f6 Nxe5 Bxd1,10,
1803,1843,white,180+0,e4 e6 d4 d5 e5 c5 c3 Nc6 f4 Nge7,10,
1431,1600,black,360+8,d4 Nf6 Nh3 d5 c4 dxc4 e3 b5 a4 c6,10,
1612,1609,white,60+1,d4 d5 e3 Nf6 Nf3 Bg4 Be2 e6 O-O Be7,10,
1699,1621,white,180+0,d4 d5 Nc3 e6 a3 Nf6 Bf4 Bd6 Qd2 O-O,10,
1603,1322,white,900+0,e4 d5 exd5 Qxd5 Nc3 Qe6+ Be2 Qf6 d4 Bf5,10,
2105,2044,black,60+0,e4 c5 d4 cxd4 c3 dxc3 Nxc3 Nc6 Nf3 e6,10,
1359,1462,black,360+0,e4 e6 Nf3 d5 e5 Nc6 d4 h5 c4 h4,10,
2060,2091,white,60+0,d4 g6 c4 Bg7 Nf3 d6 Nc3 Nf6 e4 O-O,10,
1584,1487,white,300+0,e4 d6 d4 Bd7 Nc3 e5 Nf3 Be7 Bc4 Bf6,10,
1831,1815,black,180+0,d4 e6 c4 d5 cxd5 exd5 Nc3 Be6 Bf4 Nf6,10,
1535,1614,white,360+6,d4 d5 Nc3 c6 Bg5 h6 Bh4 Nd7 h3 Ngf6,10,
1751,1656,white,180+0,d4 d5 g3 e6 Bh3 Nf6 Nf3 Be7 O-O O-O,10,
1623,1598,white,60+1,d4 d5 e3 Nf6 Nf3 Nc6 Be2 e6 b3 Bb4+,10,
1679,1574,white,900+8,d4 d5 Bf4 Nf6 c4 c6 Nc3 e6 a3 Bd6,10,
1607,1425,white,360+8,e4 e5 d4 d6 d5 Nf6 Nc3 c6 dxc6 Nxc6,10,
1722,1553,black,60+0,e4 e5 Nc3 Nc6 Nf3 Nf6 d4 exd4 Nxd4 Nxd4,10,
1635,1633,white,60+0,e4 d5 e5 d4 Bb5+ c6 Be2 b6 d3 c5,10,
1441,1607,black,900+0,e4 e5 Bc4 Nc6 Nc3 Bc5 d3 d6 a3 Nf6,10,
1312,1315,black,900+10,Nf3 g6 c3 b5 Qb3 d6 Qd5 c6 Qg5 f6,10,
2123,1568,white,180+0,Nf3 c5 g3 d6 Bg2 Nf6 O-O e6 d3 Nc6,10,
1703,1570,white,60+0,e4 e5 Nc3 Nf6 Nf3 Nc6 d4 Bb4 Bg5 h6,10,
1531,1136,white,600+0,g3 d5 Bg2 Nf6 e3 Bg4 Ne2 e6 O-O Bd6,10,
1630,1697,white,240+0,d4 d5 c4 Nf6 e3 Bf5 Nc3 e6 a3 Nc6,10,
1759,1894,black,180+0,d4 d5 g3 e6 Bh3 Nf6 Nf3 Be7 O-O O-O,10,
1663,1967,black,480+5,d4 d5 h3 Nf6 Nf3 e6 a3 Be7 Bf4 O-O,10,
1571,1648,black,240+0,e4 e5 d4 d6 d5 Nf6 Nc3 Be7 h3 O-O,10,
1479,1592,black,300+0,e4 c6 d3 g6 f4 Bg7 Be2 d5 Nc3 d4,10,
1901,1752,white,180+0,d4 d5 c4 Be6 Nc3 dxc4 e4 a6 d5 Bd7,10,
1139,1318,black,900+5,Nf3 f6 e3 e5 a3 Nh6 b3 d6 Nc3 Bg4,10,
1810,1779,white,180+0,d4 d5 c4 e6 Nc3 Nf6 Bg5 Be7 Nf3 c6,10,
1919,1951,white,180+0,d4 Nf6 Nf3 d6 c4 g6 Nc3 Bg7 e4 O-O,10,
1826,1820,white,180+0,e4 e6 d4 d5 e5 c5 c3 Nc6 f4 Qb6,10,
1637,1413,black,60+0,e4 e5 Bc4 Nc6 Nf3 h6 O-O Nf6 d4 exd4,10,
1432,1558,black,660+11,e4 e6 f4 d5 d3 dxe4 dxe4 Qxd1+ Kxd1 Nf6,10,
1652,1785,black,180+4,d4 d5 c4 e6 e3 Nf6 Nf3 Be7 Bd3 O-O,10,
1816,1659,white,300+8,e4 c6 d4 d5 e5 Bf5 Bd3 Nh6 Bxh6 Bxd3,10,
1745,1907,black,180+0,d4 d5 a3 e6 h3 Nf6 Nf3 c5 e3 Nc6,10,
1717,1500,white,60+0,e4 e5 Nc3 Nf6 Nf3 d6 d4 c6 Bg5 Be7,10,
1540,1473,white,1200+10,d4 e6 e4 b6 Nf3 Bb7 Bd3 g6 e5 Ne7,10,
1711,1646,white,60+0,e4 g6 Nc3 Bg7 d4 e6 Nf3 d6 Bg5 Bd7,10,
1643,1714,white,240+0,d4 d5 c4 c6 e3 Nf6 c5 b6 b4 a5,10,
1891,1785,white,180+3,e4 c6 Nc3 d5 d4 dxe4 f3 exf3 Nxf3 Nd7,10,
1337,1579,black,300+2,b4 d5 Bb2 d4 c4 e5 e3 c5 a3 Nf6,10,
1584,1684,white,240+0,d4 d5 c4 Nf6 Nf3 e6 e3 Nc6 c5 b6,10,
1467,1506,white,540+3,e4 e5 Bc4 d6 d3 c6 a3 Nf6 h3 Be7,10,
1775,1660,white,180+4,d4 d5 c4 e6 Nc3 Nf6 Nf3 c5 Bg5 Bd6,10,
1332,1500,black,300+2,b4 e5 Bb2 d5 a3 c6 e3 f6 c4 Nh6,10,
1860,2077,black,60+0,d4 d6 c3 c6 c4 g6 Nc3 Bg7 Nf3 Nf6,10,
1551,1571,white,300+8,Nf3 d5 d4 e6 Bf4 Nf6 e3 Bd6 Be5 O-O,10,
1628,1903,black,1200+2,e4 Nf6 e5 Nd5 d4 d6 Nf3 dxe5 dxe5 Nc6,10,
1214,1722,black,60+0,e3 d5 Bb5+ c6 Bd3 e5 c3 e4 Bc2 Nf6,10,
1880,1893,white,360+6,d4 c6 c4 d5 b3 Bf5 Nd2 e6 Ngf3 Nf6,10,
1810,1837,white,180+0,e4 e6 Nf3 d5 exd5 exd5 c4 Be6 cxd5 Bxd5,10,
2083,2084,black,60+0,e4 e6 d4 b6 Nf3 Bb7 Bd3 Bb4+ c3 Be7,10,
1620,1562,white,180+1,e4 Nc6 d3 e5 h3 h6 Be2 Nd4 Nf3 Nxf3+,10,
1288,1372,black,900+0,e4 e5 d4 Qe7 d5 Nf6 Bc4 c6 d6 Qxd6,10,
1516,1463,white,1200+10,d4 e6 a3 Qf6 e3 Nh6 h3 b6 b4 Bb7,10,
1603,2011,white,300+8,Nf3 d5 c3 Nf6 d4 e6 Bf4 h6 h3 Nbd7,10,
1616,1649,black,180+4,c4 d5 Nc3 e6 e4 d4 Nce2 e5 f4 Bg4,10,
1290,1352,white,300+2,e4 b6 d4 c5 d5 d6 Bc4 g6 Nf3 Bg7,10,
2097,1854,black,60+0,d4 e6 Nf3 d5 e3 c5 b3 cxd4 Bb2 Nc6,10,
1513,1525,black,1200+0,e4 e5 f4 exf4 Nf3 Nf6 Bc4 d5 Bxd5 Nxd5,10,
1539,1371,white,600+0,e4 e5 Bc4 Nc6 d3 Nf6 Nc3 Bb4 Bd2 Nd4,10,
1691,1656,white,240+0,e4 e6 d4 c5 d5 d6 Nc3 Bd7 Be3 Nf6,10,
1370,1434,black,600+4,d4 d5 c4 dxc4 d5 Nf6 Nc3 e6 Bg5 Bb4,10,
1728,1594,black,300+3,e4 e5 Nf3 Nc6 Bc4 h6 O-O Nf6 Nc3 Be7,10,
1962,2071,black,60+0,e4 d6 d4 c6 Nc3 g6 f4 Bg7 Nf3 Nf6,10,
1410,1775,black,660+8,e4 c5 Nf3 Nc6 Bc4 a6 O-O b5 Bd5 Bb7,10,
1545,1431,white,600+0,e4 e5 Bc4 Nf6 d3 c6 Nc3 b5 Bb3 c5,10,
1739,2125,black,180+0,d4 Nf6 a3 d6 Nc3 Nbd7 h4 e5 g3 Be7,10,
1712,1561,black,180+0,d4 d5 Nc3 e6 a3 a6 e4 dxe4 Nxe4 h6,10,
1769,1820,white,180+0,d4 d5 c4 c6 Nc3 e6 Nf3 dxc4 a4 Bb4,10,
1556,1457,white,900+15,e4 e5 Nf3 Nc6 a3 Nf6 Nc3 d5 exd5 Nxd5,10,
1825,1821,white,180+0,e4 e6 d4 d5 e5 c5 c3 Nc6 f4 Qb6,10,
1892,1882,white,360+6,d4 Nf6 c4 g6 Nf3 Bg7 e3 O-O Nbd2 b6,10,
1798,1939,black,180+0,d4 Nf6 Nf3 d5 c4 e6 Nc3 c5 e3 Be7,10,
1873,2076,black,60+0,e4 d5 exd5 c6 Nf3 Nf6 dxc6 Nxc6 Nc3 Bg4,10,
1413,1164,white,300+2,e4 e5 Nf3 Nc6 d4 exd4 Nxd4 Nxd4 Qxd4 d6,10,
2079,2082,white,60+0,e4 e6 d4 c6 Nd2 d5 Bd3 c5 c3 c4,10,
1690,1637,white,900+8,d4 d5 Bf4 Nc6 Nf3 Nf6 c4 e6 e3 Bd6,10,
1471,1677,white,300+0,e4 c5 d3 d6 f4 Nc6 Be2 Nf6 c3 g6,10,
1578,1229,white,180+3,d4 e6 c4 Nf6 h3 b6 e4 Bb7 Bg5 h6,10,
2129,1737,white,180+0,Nf3 e6 g3 b6 Bg2 Nc6 O-O Bb7 e4 h5,10,
1656,1646,black,240+0,d4 d5 c4 e6 e3 Nf6 c5 Be7 Nc3 O-O,10,
1600,1548,black,360+6,e4 c6 d4 d6 Nf3 Nf6 Nc3 Bg4 h3 Bh5,10,
2071,1811,white,180+1,d4 d5 c4 e6 Nf3 Nf6 g3 dxc4 Bg2 c6,10,
1702,1670,white,300+0,e4 e5 d4 exd4 c3 dxc3 Bc4 Bb4 bxc3 Bc5,10,
1608,1327,black,300+2,e4 e5 c3 Nc6 f3 Nf6 Na3 d6 d4 d5,10,
1922,1624,black,1200+2,e4 Nc6 c4 e5 Nf3 d6 Nc3,7,
1457,1598,white,300+2,e4 e5 Nf3 d6 d4 exd4 Nxd4 Bd7 Be2 Nc6,10,
1553,1629,black,180+1,e4 e5 Bc4 d6 Qf3 Nf6 Nc3 h6 Qe2 Nbd7,10,
1854,1945,black,180+0,e4 d6 d4 Nf6 Nc3 g6 Nf3 Bg7 Bc4 O-O,10,
1591,1500,black,300+0,e4 e5 Nf3 Nf6 Nxe5 d6 Nf3 Nxe4 Qe2 Qe7,10,
1405,1452,black,120+2,d4 d5 e3 c6 c4 Nf6 cxd5 cxd5 f4 Bd7,10,
1765,1770,white,240+0,e4 Nc6 Nf3 f5 exf5 d5 Bb5 Bxf5 Bxc6+ bxc6,10,
1811,1836,white,180+0,e4 e6 Nf3 c5 d4 Nc6 d5 Nf6 dxc6 dxc6,10,
1424,1378,black,660+11,e4 e5 Nf3 Bc5 Nxe5 Qf6 Nf3 Nc6 d3 h5,10,
1661,1658,white,300+0,e4 e5 Nc3 d6 a3 Nc6 Bc4 Nf6 d3 Be7,10,
1479,1566,black,480+3,e4 Nc6 Bc4 Nb8 Qf3 e6 d3 Nc6 Ne2 Ne5,10,
1533,1526,black,600+0,g3 c6 Bg2 e6 e4 d5 Ne2 Qb6 d3 Nf6,10,
1734,1794,white,180+0,d4 d5 Qd3 c6 c4 Nf6 g3 Nbd7 Bh3 e5,10,
1659,1641,white,480+5,d4 Nf6 h3 d5 Nf3 Nc6 c3 Bf5 Qa4 Nd7,10,
1443,1354,black,600+4,e4 d5 exd5 Bf5 Bc4 Qd6 Nc3 Nd7 d3 Ngf6,10,
1565,1478,black,300+8,Nf3 d5 d4 Nc6 Bf4 f6 Nc3 e5 Bg3 Qd6,10,
1589,1884,black,300+15,e4 e5 Nf3 Nc6 Bb5 a6 Ba4 Nf6 Nc3 b5,10,
1953,1843,white,180+0,e4 Nf6 Nc3 e5 Bc4 Bc5 Nf3 O-O O-O Nc6,10,
1645,1566,white,240+0,d4 e6 c4 d5 e3 Nf6 Nc3 Bb4 a3 Bxc3+,10,
1581,1585,black,180+3,d4 d6 c4 Nf6 h3 b6 a3 Bb7 Nc3 g6,10,
1971,1730,white,720+29,e4 e5 d4 d6 dxe5 dxe5 Qxd8+ Kxd8 Nf3 f6,10,
1955,2091,black,60+0,e4 d6 d4 c6 c4 g6 Nc3 Bg7 Nf3 Nf6,10,
1415,1381,black,480+10,e4 e5 d4 Qe7 d5 Nf6 Nc3 c6 Bc4 cxd5,10,
1341,1362,white,300+2,b4 e5 Bb2 d5 Bxe5 f6 Bb2 Nc6 b5 Nb4,10,
1552,1574,black,600+0,e4 b6 Bc4 Bb7 d3 g6 Nc3 Bg7 Qf3 e6,10,
1727,2069,black,120+0,e4 d6 d4 g6 f4 Bg7 Nf3 Nd7 Bd3 e5,10,
1712,1602,white,180+0,e4 e5 Nf3 Nc6 Bc4 Nd4 Nxd4 exd4 O-O d6,10,
1493,1489,white,300+0,e4 d6 d4 Bd7 Nc3 e5 d5 f5 Bd3 f4,10,
1824,1822,white,180+0,e4 e6 d4 d5 Nc3 Nf6 e5 Nfd7 Bd3 c5,10,
1629,1553,white,180+3,d4 d5 Nc3 e6 e4 Nf6 e5 Ne4 Nxe4 dxe4,10,
1759,1702,black,300+0,d4 c6 e4 d5 Nc3 dxe4 Nxe4 Bf5 Bd3 e6,10,
1782,1899,draw,180+3,d4 d5 c4 c6 Nc3 e5 e3 exd4 exd4 dxc4,10,
1638,1544,white,180+1,e4 Nc6 d3 e5 h3 Bc5 Be2 d6 Nf3 h6,10,
1637,1671,white,300+0,d4 d5 Nf3 h6 c4 Nf6 Nc3 Nc6 Bf4 e6,10,
1948,2099,black,60+0,e4 d6 Nf3 c5 Nc3 Nc6 h3 g6 Bc4 Bg7,10,
1748,1720,black,180+0,d4 d5 g3 Nc6 Bg2 Bf5 a3 e6 c3 Bxb1,10,
1868,1639,white,60+0,e4 d5 exd5 Qxd5 Nf3 Qa5 Be2 Nc6 O-O Nf6,10,
1689,1395,black,180+0,d4 d6 e4 f6 d5 c6 c4 cxd5 cxd5 Qa5+,10,
1351,1276,black,300+2,b4 d5 Bb2 f6 e3 e5 c4 Bxb4 a3 Ba5,10,
1776,1922,black,240+0,e4 Nc6 Nf3 e5 Bc4 Nf6 d3 Bc5 O-O O-O,10,
2106,1942,black,60+0,e4 b6 d4 Bb7 Nc3 g6 Bd3 Bg7 Nge2 e6,10,
1294,1657,black,360+5,e4 c5 e5 e6 Bc4 Nc6 Nf3 Qc7 d4 cxd4,10,
1615,1702,white,900+8,d4 d5 Nf3 Nf6 Nc3 Nc6 e3 e6 Be2 Bd6,10,
1593,1251,white,180+0,e4 e5 f4 d6 Nf3 f6 Bc4 Nc6 O-O a6,10,
1652,1828,draw,300+8,e4 c5 g3 d5 Bg2 dxe4 Bxe4 Nf6 Bg2 Qc7,10,
1103,1452,black,1200+10,d4 e6 e4 b6 Be2 Bb7 Bd3 Nf6 Nc3 Bb4,10,
1324,1394,white,1200+10,e4 c5 Bc4 d6 Nf3 Nc6 Nc3 Bg4 Ne5 Bxd1,10,
1596,1544,white,180+3,d4 d5 e3 c5 c4 dxc4 Bxc4 cxd4 exd4 Nf6,10,
1634,1873,white,60+0,e4 e6 f4 d5 exd5 exd5 Nf3 Nf6 c4 c5,10,
1376,1373,white,1200+10,e4 c5 Nc3 d6 Bc4 Nc6 Nf3 Bg4 d3 Nd4,10,
1407,1477,black,660+8,d4 d5 c4 e6 Nc3 Nc6 e4 Bb4 exd5 exd5,10,
1755,1891,black,300+0,d4 d5 c4 e6 Nf3 Nf6 Bg5 Be7 e3 c6,10,
1228,1596,black,180+0,e4 e5 f3 Nc6 c3 Nf6 d4 Nxe4 fxe4 Qh4+,10,
1550,1640,black,300+8,d4 d5 c4 dxc4 e4 Nc6 Nf3 b5 Nc3 a6,10,
1519,1297,black,120+1,e4 Nc6 d4 e5 d5 Nce7 Nf3 Ng6 Nc3 h6,10,
1854,1652,white,60+0,d4 d5 c4 e6 Nc3 Nf6 Nf3 c5 g3 Nc6,10,
1351,1557,black,360+0,e4 c5 Bc4 Nc6 d4 cxd4 Nf3 e5 Ng5 Nh6,10,
1477,1716,white,720+0,e4 e5 Nf3 Nc6 Bc4 Bc5 c3 d6 b4 Bb6,10,
1931,1961,white,180+0,e4 c5 Nc3 d6 Bc4 Nf6 Nf3 Nc6 h3 g6,10,
1500,1561,black,900+8,e4 c6 d4 d6 Nc3 Nf6 e5 dxe5 dxe5 Qxd1+,10,
1895,1785,black,180+3,e4 c5 Nf3 d6 Bc4 e6 c3 a6 a4 Nf6,10,
1477,1638,black,300+0,e4 d6 d3 Nf6 f4 g6 Be2 Bg7 Bf3 O-O,10,
1647,1860,black,60+0,e4 e6 d4 d5 exd5 exd5 Nc3 c5 dxc5 Nf6,10,
1670,1726,black,480+5,d4 e6 h3 c5 Nf3 Nc6 c3 Nf6 Bg5 Be7,10,
1469,1526,white,420+7,e4 e5 Nf3 f6 d4 Bd6 dxe5 fxe5 Bg5 Nf6,10,
1733,1746,white,300+3,e4 Nc6 d4 e5 d5 Nce7 Nf3 f5 Nxe5 d6,10,
1502,1514,black,1200+0,e4 c5 d4 cxd4 c3 dxc3 Nxc3 Nc6 Nb5 a6,10,
1663,1726,black,180+0,d4 Nf6 Nc3 d5 Bf4 Bf5 Nb5 Na6 a3 c6,10,
1957,2089,white,60+0,d4 d6 c4 c6 Nc3 g6 Nf3 Bg7 Bg5 Nf6,10,
1721,1658,draw,300+0,d4 d5 c4 c6 Nc3 Nf6 Nf3 e6 Bg5 Be7,10,
1318,1502,black,120+1,e4 c5 e5 d6 Nf3 Nc6 Nc3 dxe5 Qe2 Nf6,10,
1614,1631,black,900+0,e4 Nc6 d4 d5 exd5 Qxd5 Nf3 Bg4 Nc3 Qe6+,10,
1735,1605,white,180+0,d4 d5 e3 Nc6 h3 Nf6 a3 e6 c4 dxc4,10,
1174,1500,white,300+4,e4 e5 Nf3 Nc6 Bc4 h6 Nc3 Nf6 d4 exd4,10,
1287,1628,black,600+8,d3 Nf6 Be3 e6 g3 c6 c3 Qa5 Nf3 Bc5,10,
1377,1430,white,600+4,d4 g6 e4 d6 d5 Bg7 Bd2 Nf6 Bc3 O-O,10,
1381,1448,black,900+15,e4 e5 c3 c5 f3 Nc6 Na3 d5 Nb5 a6,10,
1470,1461,white,420+3,e4 c5 Bc4 e6 d3 g6 Nf3 Bg7 c3 Ne7,10,
1587,1736,white,360+6,e4 Nc6 d4 g6 d5 Ne5 f4 Bg7 fxe5 Bxe5,10,
1865,1642,white,60+0,e4 d5 exd5 Qxd5 d4 Nc6 c4 Qa5+ Nc3 Nf6,10,
2073,1707,white,60+0,e4 d6 d4 g6 Nc3 Bg7 Bd3 Nf6 Nge2 O-O,10,
1241,1504,black,60+10,e4 c5 d4 cxd4 Qxd4 Nc6 Bb5 Qa5+ Nc3 Nxd4,10,
1356,1599,black,180+0,e3 e5 c3 d5 d4 e4 Qb3 b6 c4 c6,10,
1778,1746,black,300+20,e4 e5 Nf3 d5 exd5 e4 Qe2 Qxd5 Nc3 Qc6,10,
1527,1660,white,300+0,e4 e5 d4 exd4 c3 dxc3 Bc4 Bb4 Nxc3 Bxc3+,10,
1637,1870,black,60+0,e4 e6 d4 d5 Nc3 c5 Nf3 cxd4 Nxd4 Nc6,10,
1393,1403,white,480+10,e4 e5 Nf3 Nc6 Bb5 Nf6 d3 Nd4 Nxd4 exd4,10,
1776,1471,white,60+1,d4 d5 Nf3 Nf6 c4 dxc4 Nc3 a6 Bg5 b5,10,
1444,1571,black,0+1,e4 e6 d3 d5 Nd2 c5 g3 d4 Bg2 e5,10,
1412,1411,white,660+11,e4 e6 Nf3 Nf6 Nc3 d5 exd5 exd5 Ne5 d4,10,
1509,1236,black,60+10,e4 e5 f4 d5 Nc3 d4 Nd5 Nf6 Nf3 Nxe4,10,
1976,1697,white,720+29,e4 c5 Nf3 e6 d4 cxd4 Nxd4 Nc6 Be2 Nf6,10,
1491,1795,white,1200+0,e4 e5 f4 d6 d4 Nc6 dxe5 dxe5 Qxd8+ Nxd8,10,
1423,1502,black,300+8,e4 e5 Nf3 Nc6 Bb5 a6 Bxc6 dxc6 Nxe5 Qd4,10,
1646,1582,black,300+0,e4 Nf6 Nc3 d5 exd5 Nxd5 a3 Nxc3 bxc3 Nc6,10,
1735,1745,black,300+3,d4 d5 e4 dxe4 Nc3 Nf6 f3 exf3 Qxf3 Nc6,10,
1338,1278,black,300+2,b4 e5 Bb2 d6 a3 a5 c4 Nf6 e3 Be7,10,
1661,1607,white,480+5,d4 Nf6 h3 g6 Nf3 Bg7 c3 O-O Bg5 d6,10,
1641,1659,black,1200+2,d4 Nf6 c4 c6 Nc3 e6 Qc2 h6 e4 d6,10,
1471,1460,white,300+0,e4 e6 d3 d5 Nc3 Nf6 f3 d4 Nb1 Bb4+,10,
1866,1735,black,300+20,e4 e5 Nf3 d6 d4 Bg4 dxe5 Bxf3 Qxf3 dxe5,10,
1337,1098,white,480+16,e4 d5 f3 c6 e5 d4 f4 c5 Bb5+ Bd7,10,
1713,1093,white,300+0,d4 d6 c4 b6 Nc3 Bb7 e4 e5 d5 c6,10,
1637,1504,white,300+2,d4 d5 a3 Nf6 e3 e6 b4 Bd6 Bb2 b6,10,
1511,1321,white,1200+0,e4 d5 exd5 Qxd5 Nc3 Qe5+ Qe2 Qxe2+ Bxe2 g6,10,
1467,1568,white,600+3,d4 c6 c4 d6 e3 Nf6 Bd3 Bg4 f3 Bc8,10,
1648,1384,white,300+0,e4 c5 d4 cxd4 Nf3 Nc6 Nxd4 Nf6 Nc3 d6,10,
1617,1500,white,900+0,e4 e5 c4 Bc5 Na3 a6 Nc2 c6 Nf3 d6,10,
1940,1913,black,180+0,e4 c5 Bc4 Nc6 Nf3 g6 c3 Bg7 a3 Nf6,10,
1427,1906,black,0+1,e4 d6 d3 Nf6 Nd2 g6 g3 Bg7 Bg2 O-O,10,
1658,1576,white,120+2,d4 d5 Nf3 Bg4 c4 Bxf3 exf3 dxc4 Bxc4 Nf6,10,
1387,1397,white,780+0,e4 Nc6 Nf3 Nf6 Nc3 d5 e5 Ng4 d4 Bf5,10,
1625,2076,black,60+0,d4 d6 Nf3 c6 c4 g6 Nc3 Bg7 g3 Nf6,10,
1446,1481,black,420+3,d4 e6 c4 Nf6 e3 h6 Nf3 a6 a3 Nc6,10,
1494,1455,white,1200+5,e4 e6 Nf3 b6 Be2 Bb7 d3 Bb4+ c3 Bc5,10,
1839,1876,black,60+0,e4 e6 d4 d5 exd5 exd5 Nc3 Nf6 Nf3 c5,10,
1635,1598,white,300+0,e4 e5 Nc3 d6 a3 Nc6 Bc4 h6 d3 Nf6,10,
1568,1672,black,120+2,e4 e6 Bc4 d5 exd5 exd5 Bb3 Nf6 Nf3 Bd6,10,
1661,1880,black,300+0,e4 e5 c4 Nf6 Nc3 Bc5 Nd5 Nxe4 Nh3 d6,10,
1876,1606,white,300+0,e4 c5 Nf3 e6 c3 Qc7 d4 cxd4 cxd4 a6,10,
1345,1299,black,360+0,e4 e5 Bc4 Bc5 Qf3 Qf6 d3 d6 Nd2 Nc6,10,
1574,1524,white,420+4,e4 e5 Nf3 Qf6 Nc3 c6 Bc4 Bc5 d3 h6,10,
1091,1716,black,300+0,e4 e6 e5 d5 d4 c5 c3 Nc6 Nf3 Qb6,10,
1426,1205,white,0+1,e4 h6 d3 e6 Nd2 d5 Ngf3 c6 g3 Nd7,10,
1392,1380,black,480+10,e4 e5 Nf3 Nc6 Bc4 Nf6 d4 Nxd4 Nxd4 Nxe4,10,
1431,2077,black,0+1,e4 d6 d3 c6 Nd2 g6 Ngf3 Bg7 g3 Nf6,10,
1693,1417,white,720+0,e4 e5 Nf3 Nc6 d4 exd4 Nxd4 Bc5 Be3 Nf6,10,
1470,1482,black,300+0,e4 d6 Nc3 e5 Bc4 Ne7 Qf3 f6 Nh3 c6,10,
1885,1656,white,300+0,e4 c5 Nf3 Nc6 d4 cxd4 Nxd4 Nf6 Nc3 e5,10,
1332,1499,black,180+0,e4 e5 Qh5 d6 Bc4 Qe7 d3 Nf6 Qf3 Bg4,10,
1924,1916,white,180+0,d4 d5 c4 dxc4 Nc3 g6 Nf3 Bg7 Bg5 e6,10,
1886,1829,white,60+0,d4 d5 c4 Nc6 Nc3 dxc4 Nf3 e5 dxe5 Qxd1+,10,
1980,1802,black,300+20,e4 d5 exd5 Qxd5 Nc3 Qe5+ Be2 Nc6 Nf3 Qe6,10,
1835,1799,black,180+0,e4 c5 Bc4 e6 Nc3 a6 a4 Qc7 Nf3 d6,10,
1374,1622,white,900+0,e4 e5 Nf3 d6 Bc4 c5 c3 Be7 Qb3 Nh6,10,
1896,1934,black,180+0,e4 c5 Nf3 Nc6 Bc4 g6 c3 Nf6 Na3 Nxe4,10,
1651,1776,black,180+0,e4 e5 Nf3 d6 Bc4 Nc6 O-O Be7 Nc3 Nf6,10,
1256,1324,white,60+10,e4 e5 d4 Nc6 d5 Nd4 c3 Nf5 Nf3 Nd6,10,
1513,1482,white,420+7,d4 d5 c4 e6 c5 c6 b4 Nf6 f3 b6,10,
1646,1547,white,60+0,e4 e5 Nf3 Nc6 Bc4 d6 d4 h6 d5 Na5,10,
1440,2078,black,0+1,e4 d6 d3 c6 Nd2 g6 Ngf3 Bg7 g3 Nf6,10,
1633,1574,black,900+12,e4 e6 f4 d5 e5 c5 Nf3 Nh6 h3 Nc6,10,
1430,1500,white,0+1,e4 e5 d3 d6 Nd2 Nc6 Ngf3 Nf6 g3,9,
1644,1689,black,300+2,d4 f5 e3 d6 a3 g6 b4 Bg7 Bb2 Nf6,10,
1819,1896,white,60+0,e4 e6 d4 d5 e5 c5 Nf3 cxd4 Qxd4 Nc6,10,
1491,1432,black,420+3,e4 c5 Bc4 e6 d3 d5 exd5 exd5 Bb3 Nf6,10,
1882,1833,black,60+0,d4 e5 c4 exd4 Qxd4 Nc6 Qd1 Nf6 Nf3 Bb4+,10,
1819,1521,white,300+8,e4 e5 f4 exf4 Nf3 d5 exd5 Qxd5 Nc3 Qd8,10,
1874,1530,white,600+8,e4 e5 Nf3 d6 d4 exd4 Nxd4 Be7 Bc4 Nf6,10,
1757,1725,white,300+3,e4 e5 Nf3 d5 exd5 e4 Nd4 Qxd5 Nb3 Nf6,10,
2079,1471,white,60+0,e4 d5 exd5 Qxd5 d4 Qd8 c4 Nf6 Nc3 e6,10,
1456,1280,white,900+15,e4 e5 Nf3 Nf6 d3 Nc6 a3 Bc5 h3 Nd4,10,
1750,1684,white,480+8,e4 e5 c4 Nf6 Nc3 Bc5 h3 b6 d3 Bb7,10,
1439,1655,white,60+0,e4 e5 d3 d5 Nd2 dxe4 dxe4 Nf6 Ngf3 Nc6,10,
1259,1251,white,300+4,e3 d6 Qf3 f5 d4 d5 Nh3 e6 Bd3 Nf6,10,
1631,1837,white,600+8,e4 Nf6 e5 Nd5 Bc4 Nb6 Bb3 c5 Qf3 c4,10,
1407,1531,black,300+8,d4 d5 c4 c5 Nc3 e6 e3 Nf6 Bd3 Be7,10,
1670,1631,draw,1200+2,e4 c6 Nf3 d6 Nc3 Nf6 Bc4 Bg4 d3 e6,10,
1811,1823,white,180+0,d4 e6 c4 d5 Nc3 c6 Nf3 Nf6 Bg5 Be7,10,
1837,1413,white,420+8,e4 g6 Nf3 Bg7 Bc4 d6 Ng5 e6 d3 d5,10,
1319,1335,white,180+0,e4 e5 Qh5 Nf6 Qxe5+ Be7 d3 Nc6 Qg3 O-O,10,
1669,1697,white,480+5,d4 d5 h3 Nf6 Nf3 c5 c3 Nc6 Bg5 h6,10,
1849,1586,white,300+20,e4 e5 Nf3 d6 d4 Nc6 dxe5 dxe5 Qxd8+ Nxd8,10,
2080,1466,white,60+0,e4 e5 d4 d6 dxe5 dxe5 Qxd8+ Kxd8 Bc4 Be6,10,
1632,1291,white,360+5,e4 e6 e5 Nc6 d4 d6 Nf3 dxe5 dxe5 Qxd1+,10,
1634,1459,white,60+0,e4 e6 Nf3 Ne7 e5 d5 d4 f6 Bd3 fxe5,10,
1783,1637,white,180+0,e4 d6 Nf3 Nf6 Nc3 g6 Bc4 Bg7 O-O O-O,10,
1674,1468,black,120+0,e4 e5 d3 Qf6 Nf3 h6 Be3 d6 Be2 Bg4,10,
1644,1600,black,300+0,e4 c5 Nc3 e6 a3 a6 Bc4 Qc7 d3 b6,10,
1684,1793,black,900+8,d4 d5 Bf4 Nf6 Nf3 h6 c4 e6 c5 b6,10,
1517,1681,black,1200+0,e4 e5 Nf3 Nc6 a3 a6 Bc4 Nf6 Nc3 h6,10,
1603,1314,white,360+6,e4 d5 exd5 Qxd5 Nc3 Qe6+ Qe2 Qxe2+ Bxe2 b6,10,
1452,1642,black,60+0,e4 e5 d3 d5 Nd2 d4 g3 Nc6 Bg2 Be6,10,
1446,1575,black,1200+5,e3 c5 b3 Nc6 Bb2 d5 Qf3 Nf6 Ne2 e5,10,
1270,1500,black,60+10,e4 e5 d4 exd4 Qxd4 Nc6 Qd1 Qe7 Nc3 f5,10,
1523,1413,white,480+0,d4 e6 c4 h6 e4 Nc6 a3 d5 exd5 exd5,10,
1600,1493,white,300+0,e4 d6 d4 Bd7 f4 Nc6 Nf3 Nf6 Bd3 e6,10,
1648,1421,white,60+0,e4 e5 Nf3 Bc5 Nxe5,5,
1446,1534,black,60+0,e4 b6 d3 Bb7 Nd2 e6 Ngf3 Qe7 g3 f6,10,
1488,1654,black,120+0,d4 d5 Nf3 e6 Qd3 Nf6 Nc3 Nc6 e4 Bd7,10,
1644,1562,white,180+4,d4 e6 Bf4 d5 c4 Nf6 e3 Bd6 Bxd6 Qxd6,10,
1767,1625,black,300+3,e4 Nf6 e5 Nd5 c4 Nb4 a3 N4c6 d4 d6,10,
1624,1698,white,300+2,e4 c5 f4 d6 Nf3 Nf6 d3 Nc6 Nc3 Bd7,10,
1483,1542,black,60+0,d4 b6 c4 Bb7 Nc3 e6 e3 Qe7 Bd3 f6,10,
1718,1943,black,300+0,d4 d5 c4 e6 Nf3 Nf6 Bg5 Be7 e3 Nbd7,10,
1651,1542,black,600+0,e4 e5 Nf3 Nc6 Bb5 Bc5 Bxc6 bxc6 d3 d6,10,
1790,1684,black,180+3,e4 e6 Nf3 d5 Nc3 d4 Ne2 c5 Ng3 Nc6,10,
1622,1530,black,60+1,d4 e6 e3 c5 Nf3 cxd4 Nxd4 Nc6 Nxc6 bxc6,10,
1517,1825,black,300+8,d4 c5 d5 e5 d6 Qb6 Nc3 Nf6 Bg5 Qxd6,10,
1652,1453,white,180+0,d4 d5 Nc3 Nc6 Bf4 Nf6 Nb5 e5 dxe5 Nxe5,10,
1551,1654,white,60+0,g3 d5 Bg2 e6 e3 c6 Qe2 e5 Nf3 e4,10,
1581,1385,white,300+0,e4 e5 Nf3 d6 Bc4 h6 Nc3 c6 h3 Nf6,10,
1545,2081,black,60+0,e3 d6 g3 c5 Bg2 Nc6 b3 g6 Bb2 Nf6,10,
1270,1447,white,300+4,e3 Nf6 d4 c5 dxc5 e6 Nc3 Bxc5 Nf3 Bb4,10,
1672,1752,white,300+3,e4 e5 d4 exd4 c3 dxc3 Bc4 Nc6 Nxc3 Ne5,10,
1288,1635,black,360+5,e4 e5 Qh5 Nc6 Bc4 Qe7 Nf3 Nf6 Qg5 h6,10,
1609,1597,black,900+0,e4 e5 c4 Bc5 Nf3 d6 h3 Nf6 Na3 Nxe4,10,
1707,1776,black,180+3,d4 e6 Nf3 d5 c4 Nf6 Bg5 Bb4+ Nc3 c6,10,
1362,1536,white,300+8,d4 e6 f4 Nf6 Nf3 b6 e3 Bb7 Bd3 Be7,10,
1500,1637,black,60+0,e4 e5 f4 d6 Nf3 Nc6 Bc4 f5 exf5 Bxf5,10,
1385,1398,white,780+0,e4 e5 Nf3 Nc6 d4 f6 dxe5 Nxe5 Bb5 Ne7,10,
1824,1609,white,480+2,e4 e5 Nf3 Nc6 Bb5 Bc5 O-O Nf6 c3 Nxe4,10,
1481,1398,draw,660+8,d4 c5 c4 Nc6 e3 e5 Nf3 exd4 exd4 Nf6,10,
1660,1572,white,180+0,d4 d5 Nc3 Nf6 Bf4 e6 Nb5 Bd6 Qd2 a6,10,
1358,1201,white,360+0,d4 d5 e3 g6 Nf3 f6 Nbd2 Bh6 c4 Be6,10,
1800,1675,black,900+8,d4 d5 Nf3 Bf5 c4 e6 Nc3 Bb4 Bd2 Bxc3,10,
1534,1387,white,180+7,g3 h6 Bg2 c6 Nf3 e6 O-O d5 e3 Bc5,10,
1653,1715,white,180+4,d4 Nf6 c4 e5 e3 e4 f3 d5 cxd5 Qxd5,10,
1449,1478,black,420+3,d4 e6 c4 d6 e3 Be7 Nf3 Bd7 g3 Nf6,10,
1738,1710,black,300+3,e4 Nf6 e5 Nd5 c4 Nb4 Qb3 N8c6 a3 Nd4,10,
1472,1523,black,420+7,e4 e5 Nf3 d6 Bb5+ c6 Bc4 b5 Bd3 c5,10,
1500,1585,white,300+8,e4 e5 f4 exf4 Nf3 Nc6 Bc4 d6 c3 Bg4,10,
1500,1566,white,60+0,d4 b6 Nf3 Bb7 c4 e6 Nc3 Qe7 e4 f6,10,
1644,1910,black,60+0,e4 d6 Nf3 Nf6 Nc3 g6 d4 Bg7 Be3 O-O,10,
1839,1672,black,300+11,e4 e5 Nf3 d6 Bc4 Be7 d3 Nf6 Nc3 c6,10,
1582,1606,black,600+1,e4 e5 Nf3 Nc6 Bb5 Qf6 Bxc6 dxc6 d3 Bg4,10,
1510,1766,black,1200+0,e4 e6 e5 d5 d4 c5 c3 Nc6 Bb5 Bd7,10,
1427,1287,black,300+4,d4 e6 Qd3 d5 Nc3 c5 Nf3 Qf6 Qb5+ Bd7,10,
1607,1397,white,360+6,e4 d5 exd5 Qxd5 Nc3 Qd8 Bc4 Nf6 Nf3 Nc6,10,
1548,1719,black,960+8,e4 e5 Nf3 Nc6 Bc4 Nd4 c3 Nxf3+ Qxf3 Nf6,10,
1634,1541,black,300+2,d4 b6 e3 Bb7 Nf3 g6 a3 Bg7 c4 Nf6,10,
1929,1785,white,180+0,e4 e5 Nf3 d6 Bc4 Nc6 O-O Be7 c3 Nf6,10,
1742,1727,white,300+3,e4 Nc6 c4 e5 Nf3 Bc5 Nc3 d6 Be2 Nf6,10,
1700,1829,black,480+2,e4 e5 Nf3 Nc6 c3 d5 Bb5 dxe4 Nxe5 Bd7,10,
1333,1445,white,360+0,e4 c6 d4 d6 d5 Nf6 Nc3 Bg4 Be2 Bc8,10,
1623,1438,white,1200+5,e4 e6 Nf3 b6 Be2 Bb7 d3 Bb4+ Nbd2 Bxd2+,10,
1671,1825,draw,300+0,e4 d5 exd5 Qxd5 Nc3 Qd8 d4 Nf6 Nf3 e6,10,
1671,1500,black,180+0,d4 e6 a3 d5 Nc3 Nf6 Bf4 c6 Be5 Bd6,10,
1700,1597,white,300+0,d4 Nf6 c4 g6 Nc3 d5 Nf3 Bg7 Bf4 O-O,10,
1693,1871,black,900+8,d4 d5 Bf4 Bf5 Nf3 h6 c4 Be4 e3 e6,10,
1587,1588,white,180+0,e4 e5 Nf3 Nc6 Bb5 d6 d4 exd4 Nxd4 Bd7,10,
1528,1200,white,300+2,e4 e5 Bc4 Qe7 d3 d6 Nf3 Be6 h3 Bxc4,10,
1632,1669,white,1200+2,e4 c5 Nf3 e6 d4 cxd4 Nxd4 a6 Nc3 g6,10,
1590,1379,white,300+5,e4 e5 Nf3 Nf6 Bc4 h6 O-O Bc5 c3 d6,10,
1337,1646,black,600+8,b4 e5 Bb2 Qe7 a3 c5 e3 cxb4 Bc4 Nc6,10,
1608,1639,black,60+0,d4 d5 e3 e6 Nf3 c5 Be2 Nc6 O-O Nf6,10,
1854,1391,white,300+20,e4 e5 Nf3 Nc6 Bc4 Nf6 Ng5 d5 exd5 Nxd5,10,
1540,1587,white,600+0,c4 e5 Nc3 Nf6 e4 Nc6 Nf3 Bc5 Be2 Ng4,10,
1681,1620,black,480+5,d4 Nf6 h3 g6 Nf3 Bg7 c3 d6 Bg5 O-O,10,
1851,1778,white,420+0,e4 e5 Nf3 Nc6 d4 exd4 Bb5 Nf6 e5 Nd5,10,
1341,1221,white,600+20,e4 e5 Nf3 Nc6 Bc4 Nf6 Ng5 d6 Nxf7,9,
1197,1364,white,360+0,e4 e5 Nf3 d6 Bc4 f6 d3 Bg4 h3 Bxf3,10,
1855,1395,white,300+20,e4 e6 d4 c6 Nf3 h6 Bc4 Be7 O-O a6,10,
1585,1641,white,540+8,e4 e5 Nf3 d6 Bc4 h6 d3 c6 Nc3 a5,10,
1302,1186,white,300+4,e3 e5 Qf3 Nf6 Bc4 d6 g4 Bxg4 Qxb7 Nbd7,10,
1488,1436,white,420+3,e4 c5 d3 e6 Bd2 d5 e5 g6 Nf3 Bg7,10,
1716,1768,black,300+3,e4 Nf6 Nc3 d5 exd5 Nxd5 Nxd5 Qxd5 Nf3 Nc6,10,
1500,1589,white,300+0,d4 e6 Nf3 d5 Bf4 Nf6 e3 a6 c4 Nc6,10,
1612,1514,black,360+6,e4 e5 d4 Nc6 d5 Nd4 c3 Qh4 cxd4 Qxe4+,10,
1727,1436,white,300+0,d4 d5 c4 c6 Nc3 Nf6 Nf3 h6 Bf4 e6,10,
1265,1508,black,60+10,e4 e5 d4 d6 d5 h6 Nc3 Nf6 Nf3 a6,10,
1676,1517,black,300+0,e4 e5 Nf3 f6 Nxe5 fxe5 Qh5+ Ke7 Qxe5+ Kf7,10,
1520,1377,black,300+8,e3 d5 Nf3 e6 b3 f5 Bb2 Nf6 Be2 Bd6,10,
1589,1621,black,300+2,e4 e5 f4 exf4 Nf3 g5 h4 f6 Nxg5 fxg5,10,
1700,1091,white,420+1,e4 e5 Bc4 Nc6 d3 h6 h3 d6 Nc3 Nf6,10,
1702,1667,black,180+4,d4 d5 e4 dxe4 Nc3 Nf6 f3 exf3 Qxf3 Qxd4,10,
1688,1822,white,300+11,e4 e5 d3 Nc6 c3 Bc5 Ne2 Nf6 Ng3 Ng4,10,
1837,1638,white,720+0,e4 e5 Nf3 Nc6 Bb5 d6 d4 Nf6 Nc3 Bd7,10,
1596,1204,white,300+5,e4 e5 Nf3 Nc6 Bb5 Nf6 O-O Bc5 c3 Nxe4,10,
1709,1352,white,420+1,e4 c5 Bc4 d6 d3 Nf6 Nc3 g6 h3 Bg7,10,
1622,1557,white,60+0,e4 b6 Bc4 Bb7 Bd5 e6 Bxb7 Nc6 Bxa8 Qxa8,10,
1347,1712,black,360+0,e4 e5 Bc4 Nc6 Nf3 Nf6 Ng5 Bc5 Nxf7 Bxf2+,10,
1496,1074,white,240+5,e4 e5 Nf3 Nc6 Bc4 h6 c3 d6 d4 exd4,10,
1351,1659,white,300+0,d4 d5 e3 Nc6 Nf3 Nf6 Nbd2 Bf5 a3 e6,10,
2072,1171,white,120+0,f3 e6 e4 d5 exd5 Qxd5 d4 b6 c4 Qd7,10,
1656,1644,white,1200+2,e4 c6 Nc3 d5 exd5 cxd5 d3 d4 Ne4 Nc6,10,
1260,1514,white,60+10,e4 e5 d4 d6 d5 h6 Bb5+ Bd7 Bxd7+ Qxd7,10,
1628,1598,black,540+8,e4 b6 Bc4 Bb7 d3 g6 Nf3 Bg7 Ng5 e6,10,
1457,1704,black,300+0,e4 e6 f4 d5 e5 c5 Nf3 Nc6 Be2 a6,10,
1624,1684,white,600+15,e4 c5 a3 Nc6 Nf3 e6 d3 d5 exd5 exd5,10,
1631,1548,black,60+0,e4 e6 Bc4 Qe7 d4 f6 Nf3 g5 O-O h5,10,
1529,1432,black,1200+5,d4 e6 c4 b6 Nf3 Bb7 e3 Nf6 Bd3 Bb4+,10,
1693,1522,white,180+3,d4 e6 Nf3 b6 c4 Bb7 Nc3 Ne7 Bf4 d5,10,
1367,1715,black,240+5,e4 e5 Nf3 Nc6 Nc3 Nf6 d4 exd4 Nxd4 Bb4,10,
1795,1690,white,300+0,d4 Nf6 c4 e5 dxe5 Ng4 Nf3 Nc6 Bf4 Bb4+,10,
1629,1390,white,60+15,e4 e5 Nf3 Nc6 Bc4 Nf6 d3 Bc5 h3 O-O,10,
1687,1391,white,300+8,c4 e5 e4 Nf6 d3 Nc6 a3 d6 b4 Bd7,10,
1520,1704,black,300+8,e4 e5 Qh5 Nc6 Bc4 g6 Qf3 Nf6 c3 d6,10,
1706,1572,white,300+3,e4 e5 Nf3 d6 Bc4 Bg4 O-O Qf6 Be2 Nc6,10,
1618,1562,black,60+0,e3 b6 d3 Bb7 f3 e6 Be2 Qe7 Qd2 f6,10,
1280,1566,black,60+10,e4 c5 d4 e6 d5 Bd6 dxe6 dxe6 Bb5+ Nc6,10,
1510,1702,black,180+3,d4 d5 e3 Nf6 g3 Bf5 Bg2 e6 h3 c5,10,
1769,1680,white,180+4,e4 e5 Nf3 Nc6 Bc4 d6 Nc3 Be6 Bxe6 fxe6,10,
1498,1533,white,420+3,e4 e5 Bc4 Nf6 d3 a6 Bg5 b5 Bb3 h6,10,
1437,1499,white,180+2,e4 e6 d4 b6 Nf3 Bb7 Bd3 Qf6 Bg5 Qg6,10,
1771,1404,white,300+0,d4 e6 Nf3 d5 Bf4 a6 e3 Nc6 c4 Nf6,10,
1643,1964,black,600+15,e4 c5 Nf3 Nc6 c4 d6 Nc3 Nf6 d3 Bg4,10,
1445,1498,white,240+5,d4 d5 e3 Nf6 c3 e6 h3 Be7 a3 O-O,10,
1605,1575,white,60+0,e3 b6 d4 Bb7 f3 e6 Be2 Qe7 Bd2 f6,10,
1630,1843,black,480+2,e4 e5 f4 Bc5 Nf3 d6 Bc4 Nc6 c3 Nf6,10,
1604,1358,white,960+30,e4 e5 Nf3 Nc6 Bc4 Nge7 d4 exd4 Nxd4 Nxd4,10,
1776,1657,black,60+1,e4 c6 Nf3 d5 exd5 cxd5 d4 Bg4 Nc3 Nf6,10,
1709,1402,white,1200+15,e4 e5 Nf3 d6 h3 a6 Bc4 Nh6 d3 b5,10,
1615,1869,black,60+0,e4 e6 Bc4 d5 exd5 exd5 Qe2+ Be7 Bb5+ Bd7,10,
2077,1762,white,120+0,d4 c5 dxc5 e6 c4 Bxc5 Nc3 Nf6 e3 b6,10,
1531,1632,black,480+0,d4 d5 c4 c6 c5 b6 b4 bxc5 bxc5 Qc7,10,
1654,1714,white,240+0,d4 d5 c4 Nc6 e3 dxc4 Bxc4 e6 Nf3 Bd7,10,
2132,1936,white,180+0,Nf3 Nc6 g3 e5 d3 d5 Bg2 f5 O-O Nf6,10,
1202,1599,black,300+5,d4 d5 c4 c5 dxc5 Na6 cxd5 Nxc5 b4 Na6,10,
1275,1605,black,60+10,e4 e5 d4 exd4 Qxd4 Nc6 Qd1 Bc5 Nc3 d6,10,
1447,1648,white,300+0,e4 c5 Nf3 Nc6 Bc4 e6 d3 d6 O-O Nf6,10,
1611,1599,black,60+0,e4 d5 e5 e6 d4 c5 Bb5+ Bd7 Qd3 Bxb5,10,
1883,2082,black,60+0,d4 d6 c3 c6 Nf3 g6 g3 Bg7 Bg2 Nf6,10,
1515,1691,black,300+8,e4 e5 d4 d6 dxe5 dxe5 Qxd8+ Kxd8 Nf3 Nc6,10,
1671,1778,black,180+4,d4 e6 c4 d5 e3 Nf6 Bd3 Nbd7 Nf3 Be7,10,
1450,1482,white,300+2,e4 e5 Nf3 Nc6 Bb5 a6 Ba4 Bc5 O-O Nf6,10,
1683,1828,black,300+0,d4 Nf6 Bg5 Ne4 Nf3 Nxg5 Nxg5 e5 Nf3 e4,10,
1306,1371,white,360+0,e4 e5 d3 d6 Nf3 f5 Be2 fxe4 dxe4 Nc6,10,
1173,1995,black,300+0,b3 d5 Bb2 e5 d4 e4 e3 a6 Nc3 Nf6,10,
1463,1399,white,420+7,e4 e6 Nf3 Qf6 d3 Nc6 Bg5 Qxb2 Nbd2 Bb4,10,
1501,1462,white,1200+0,e4 e5 Nf3 d6 d4 exd4 Nxd4 h6 Nc3 a6,10,
1696,1873,black,60+0,d4 e6 e4 d5 exd5 exd5 Bd3 c5 Nf3 Nf6,10,
2088,1851,white,60+0,e4 g6 d4 Bg7 Nc3 b6 Bf4 Bb7 Nf3 d6,10,
1821,1823,white,180+3,d4 Nf6 c4 g6 Nf3 Bg7 e3 O-O Nbd2 d6,10,
1730,1458,black,420+1,e4 c6 Bc4 e6 d3 d5 exd5 cxd5 Bb3 a6,10,
1427,1485,black,240+5,e4 d5 exd5 Nf6 Bb5+ Bd7 Bxd7+ Qxd7 Qf3 Nxd5,10,
1740,1790,black,300+0,d4 f5 Nc3 Nf6 Bg5 e6 e4 fxe4 Nxe4 Be7,10,
1686,1792,white,900+8,d4 d5 Bf4 Nf6 Nf3 Nc6 Nc3 e6 a3 a6,10,
1599,1610,draw,60+0,e3 d5 d3 e6 c3 Be7 Be2 Nf6 Bd2 g6,10,
1620,1930,black,180+0,e4 Nc6 d4 e5 d5 Nce7 c4 Ng6 Nc3 Bc5,10,
1826,2094,white,60+0,b3 g6 Bb2 Nf6 g4 Bg7 g5 Nh5 Bxg7 Nxg7,10,
1879,1675,black,60+0,e4 c5 Nf3 d6 c3 Nf6 e5 dxe5 Nxe5 Nbd7,10,
1345,1565,black,360+0,e4 e5 Bc4 Nc6 d3 Nf6 Nf3 Bc5 Ng5 O-O,10,
1511,1564,black,60+0,e4 b6 d4 Bb7 Nc3 e6 Nf3 Qe7 Bd3 f6,10,80.98
1439,1893,white,540+5,d4 d5 e4 dxe4 Nc3 Bf5 f3 exf3 Qxf3 Bc8,10,
1504,1240,white,300+8,e3 e5 Bc4 Nf6 Nc3 Nc6 Nf3 d5 Bb3 Bc5,10,
1666,1700,black,240+0,d4 d5 c4 dxc4 e4 Nc6 d5 Ne5 Bxc4 Nxc4,10,
1272,1373,black,60+10,e4 e5 d4 exd4 Qxd4 Qe7 Nc3 Nc6 Qd1 d6,10,
1404,1389,white,420+8,e4 e5 Nf3 f6 Nc3 c6 b3 b5 Bb2 b4,10,
1599,1609,white,60+0,e3 d5 d3 e6 Be2 Be7 Bf3 Nf6 Bd2 b6,10,
2074,1915,black,60+0,e4 c5 Nf3 d6 d4 cxd4 c3 dxc3 Nxc3 Nc6,10,
1741,1853,black,240+0,d4 Nf6 c3 g6 Nd2 d5 Ngf3 Bg7 g3 O-O,10,
1996,1171,white,300+0,e4 d6 Nf3 e5 h3 h6 d4 Be7 dxe5 dxe5,10,
1681,1780,black,480+8,e4 c5 Nf3 d6 Nc3 e6 Bc4 Nf6 d3 Be7,10,
1550,1528,black,300+0,e4 c5 Nf3 Nc6 d4 cxd4 Nxd4 Nf6 Nc3 Ne5,10,
1658,1488,white,180+0,d4 g6 Nc3 Bg7 Bf4 d6 Qd2 Nf6 f3 O-O,10,
1493,1618,black,600+3,d4 b6 c4 e5 e3 exd4 exd4 Bb4+ Nc3 a5,10,
1598,1574,white,60+0,d4 b6 e3 Bb7 Nf3 e6 g3 Qe7 Bg2 f6,10,
1769,2141,black,240+0,e4 e6 d4 d5 exd5 exd5 Bd3 Bd6 Nf3 Bg4,10,
1520,1510,black,420+3,d4 e6 e4 d6 c3 Be7 d5 Nf6 Bg5 Nxe4,10,
1857,1393,white,300+20,e4 e6 d4 c6 Nf3 h6 c4 Bb4+ Bd2 Bxd2+,10,
1612,1849,white,480+2,e4 e5 Nf3 Nc6 Bb5 a6 Bxc6 dxc6 c3 f6,10,
1474,1345,black,300+0,e4 c5 Nf3 d6 Bc4 a6 d3 Nc6 Nc3 e6,10,
1323,1264,black,60+10,e4 e5 d4 d5 exd5 Qxd5 Nc3 Qd8 dxe5 Qxd1+,10,
1983,2057,white,60+0,Nf3 g6 g3 Bg7 Bg2 d6 d3 c5 O-O Nc6,10,
1654,1319,black,60+8,Nf3 e6 e4 Nf6 d3 Be7 g3 O-O Bg2 c5,10,
1668,1779,black,480+5,d4 d6 h3 Nf6 Nf3 e6 c3 Be7 Bg5 Nc6,10,
2042,2035,black,60+0,e4 c5 Nf3 d6 d4 cxd4 c3 dxc3 Nxc3 Nc6,10,
1785,1663,black,180+4,e4 e5 Nf3 Nc6 Bc4 d6 Nc3 Be6 d3 Bxc4,10,
1611,1922,black,60+0,e3 d6 d3 Nf6 Be2 g6 Bf3 Bg7 c3 O-O,10,
1657,1808,black,240+0,d4 d5 c4 Nf6 e3 e6 c5 a5 Bd2 c6,10,
1812,1878,white,180+3,d4 d5 c4 b6 Nc3 Bb7 Nf3 e6 Bg5 f6,10,
1462,1470,white,300+2,e4 e5 Nf3 Nc6 Bb5 a6 Ba4 Bc5 O-O d6,10,
1494,1573,black,240+5,e4 e5 Nf3 Nc6 Bc4 h6 c3 Bc5 Qb3 Qf6,10,
2074,2029,white,60+0,Nf3 g6 d3 Bg7 g3 d6 Bg2 c5 O-O Nc6,10,
1863,1968,draw,60+0,d4 Nf6 c4 e6 Nc3 Bb4 Nf3 c5 d5 O-O,10,
2081,1723,white,120+0,d4 d5 c4 Nc6 Nc3 Nf6 cxd5 Nxd5 e3 Bf5,10,
1510,1523,black,480+0,d4 e6 e3 d5 c3 c6 a3 Nf6 Nd2 Be7,10,
1711,1530,black,300+3,e4 e6 d4 d5 e5 Bb4+ c3 Be7 Nf3 Nc6,10,
1733,1810,white,240+0,d4 f5 c3 Nf6 Nd2 Nc6 g3 e6 Bg2 d5,10,
1704,1730,white,60+0,d4 Nf6 Nf3 g6 c4 Bg7 Nc3 O-O e3 c5,10,
1607,1490,black,60+0,e4 c5 Bc4 d6 Nf3 g6 O-O Bg7 c3 Nf6,10,
1661,1667,white,480+5,d4 Nf6 h3 e6 Nf3 d6 Bg5 Be7 Nbd2 h6,10,
1637,1500,white,600+0,e4 e5 Nf3 Nc6 Bb5 a6 Bxc6 dxc6 d3 Bg4,10,
1608,1724,white,60+1,d4 d5 e3 Nc6 Nf3 Nf6 Be2 Bf5 O-O e6,10,
1965,1866,black,60+0,e4 e6 Nf3 d5 e5 f6 d4 c5 dxc5 Bxc5,10,
1675,1500,black,480+5,e4 e5 Bc4 Nf6 d3 Bc5 Be3 Bxe3 fxe3 Nc6,10,
1506,1623,black,1200+0,e4 c5 d4 cxd4 c3 dxc3 Nxc3 e5 Bc4 Nf6,10,
1856,1824,black,180+3,e4 c5 Bc4 e6 Qf3 Nc6 c3 Nf6 a3 Ne5,10,
1622,1706,white,60+1,d4 d5 e3 e6 Nf3 e5 Be2 exd4 Nxd4 Nc6,10,
1563,2085,black,120+0,e4 c5 Nf3 Nc6 Bc4 e5 O-O d6 h3 h6,10,
1634,1495,black,60+15,e4 e5 Nf3 Nc6 Bc4 h6 d4 exd4 Nxd4 d6,10,
1227,1489,black,300+2,e4 e5 Nf3 Nf6 Nxe5 Qe7 Nf3 Nxe4 Be2 d6,10,
1694,1716,white,60+0,d4 e6 e4 Nf6 e5 Nd5 c4 Nb6 a4 d6,10,
1278,1310,white,60+10,e4 d5 e5 d4 Nf3 c5 Bc4 f6 Bxg8 Rxg8,10,
1642,1639,black,600+0,e4 e5 Nf3 Nc6 Bb5 Nge7 d3 d6 O-O Bg4,10,
1391,1756,white,300+2,e4 e5 d3 Nf6 f3 Nc6 c3 Bc5 Qe2 d6,10,
1689,1824,black,300+10,d4 d5 e3 Nc6 a3 Bf5 g4 Bg6 f4 h5,10,
1601,1482,white,300+5,e4 c5 Nf3 g6 d4 cxd4 Nxd4 e5 Nb5 Nc6,10,
1381,1620,black,300+8,d4 Nf6 c4 d5 e3 Bf5 Nc3 e6 f3 Bb4,10,
1219,1508,black,300+8,e4 e6 Nf3 Nc6 Bc4 b6 Nc3 Bb7 O-O Be7,10,
1673,1770,black,480+8,e4 e6 d4 d5 e5 c5 c3 Nc6 Nf3 Bd7,10,
1951,2018,white,60+0,f4 d6 Nf3 c6 e3 g6 d4 Bg7 Bd3 Nf6,10,
1635,1690,black,60+1,d4 d5 e3 Bg4 g3 Bxd1 Kxd1 Nf6 Ke1 Nc6,10,
1538,1500,black,300+0,e4 e5 Nf3 d6 Nc3 Nf6 Bc4 Be7 d3 O-O,10,
1948,1812,white,180+0,d4 e6 c4 d5 Nc3 c6 Nf3 Nf6 Bg5 Be7,10,
1651,1704,black,60+0,e4 d6 Nf3 g6 d4 Bg7 Nc3 Nd7 Be3 Ngf6,10,
1552,1544,white,60+2,e4 e6 Nf3 b6 d4 Bb7 Ng5 f5 exf5 h6,10,124.44
2087,1562,white,120+0,d4 d5 c4 e6 Nc3 Nf6 e3 Nbd7 a3 dxc4,10,
1485,1575,black,300+0,e4 c6 d3 d5 Nc3 Nd7 Be2 dxe4 Nxe4 Ngf6,10,
1213,1262,white,300+5,e4 d5 exd5 Qd6 d4 Nf6 Nc3 Nbd7 Nf3 Ng4,10,
1458,1490,black,60+5,c4 e5 Nc3 d6 g3 Nf6 Bg2 Be7 e3 O-O,10,
1694,1647,white,240+0,e4 e5 Nf3 d6 d4 Nc6 dxe5 dxe5 Bd3 Nf6,10,
1698,1340,white,480+8,c4 e5 e4 c5 Nf3 d6 h3 Nc6 Nc3 Nd4,10,
1879,1894,white,300+20,e4 d5 exd5 Qxd5 Nc3 Qe5+ Be2 Bg4 h3 Bh5,10,
1461,2003,black,60+0,e4 d6 Nf3 c6 Be2 g6 d3 Bg7 O-O Nf6,10,
1782,1746,draw,240+0,e4 g6 f4 Bg7 Nc3 e6 Nf3 Ne7 d4 O-O,10,
1593,1288,white,60+0,e4 e6 Bc4 Nc6 Nf3 d5 exd5 exd5 Qe2+ Be7,10,
1682,1841,black,300+10,d4 d5 e3 Nf6 f4 g6 Nf3 Bg7 Bd3 c5,10,
1626,1640,white,60+0,d4 d5 e3 e5 Nf3 e4 Ne5 f6 Nd3 exd3,10,
1651,1711,black,240+0,d4 d5 c4 c6 e3 Nf6 b4 Bf5 Nc3 e6,10,
1718,1393,white,600+8,d4 d5 c4 Be6 Nc3 dxc4 d5 Bf5 e4 Bd7,10,
1378,1415,black,420+8,e4 e5 Qf3 Nc6 Bc4 Nf6 d3 Nd4 Qd1 Bc5,10,
1701,1714,black,60+0,e4 d6 d4 g6 Nc3 Bg7 Nf3 Nd7 e5 dxe5,10,
1283,1596,black,60+0,c4 g6 Nc3 Bg7 d4 e6 e4 d6 Nf3 Bd7,10,
1666,1585,white,180+0,d4 d5 Nc3 Nf6 Bf4 Bf5 Nb5 Na6 a3 Qd7,10,1346.41
1132,1291,black,60+10,f4 d5 Nf3 Nc6 d3 f6 g4 Bxg4 h3 Bxf3,10,
1510,1618,black,60+15,d4 e6 e4 d5 e5 c5 Nf3 Nc6 c3 a6,10,
1474,1691,black,240+2,e4 e5 Nf3 Nc6 Bb5 d6 h3 Bd7 c3 a6,10,
1724,1689,white,60+0,d4 d5 Nf3 Nf6 c4 dxc4 Nc3 e5 Nxe5 Nc6,10,
1561,2004,black,60+0,e4 d6 Nf3 c6 d4 g6 e5 Bg7 Ng5 dxe5,10,
1964,2072,black,60+1,b3 d5 Bb2 c6 e3 Nf6 f4 Bf5 Nf3 Ne4,10,
1500,1829,black,480+2,d4 d5 e3 Bf5 Nd2 e6 c3 Nf6 h3 c5,10,
1500,1493,black,300+2,e4 e5 Bc4 Nf6 Nc3 Nc6 d3 Be7 Nge2 O-O,10,
1806,1954,white,180+0,e4 c5 Bc4 Nc6 Nf3 g6 O-O Bg7 c3 Nf6,10,
1556,1579,white,600+0,e4 e5 Bc4 Nf6 d3 d5 exd5 Nxd5 Bb3 Be6,10,
1627,1600,black,60+0,e4 g6 Nf3 Bg7 Nc3 e6 d3 d6 Be3 c6,10,
1642,1614,black,240+0,d4 Nf6 c4 g6 Nf3 d5 e3 Bg7 Nc3 O-O,10,
1637,1500,black,480+5,b4 e5 b5 f5 Bb2 d6 e3 Nf6 a4 c6,10,
1677,1734,white,60+0,e4 d6 d4 g6 e5 Bg7 exd6 cxd6 Nc3 Nd7,10,
1747,1780,draw,240+0,d4 f5 c3 Nf6 g3 e6 Bg2 d5 Nf3 Bd6,10,
1737,1600,white,300+0,d4 d5 c4 e6 Nf3 dxc4 e3 b5 a4 c6,10,
2082,1956,white,60+1,d4 d5 Nf3 c6 e3 Bg4 b3 Nd7 Bb2 Ngf6,10,
1469,1474,black,180+2,e4 c5 Bc4 d6 Nf3 g6 h3 Bg7 O-O Nc6,10,
1447,1512,black,1200+5,e3 e5 b3 Bc5 Bb2 Nc6 Bb5 d6 Bxc6+ bxc6,10,
1315,1476,white,180+1,e4 e5 Nf3 d6 Nc3 Bg4 d3 a6 Be2 Nc6,10,
2006,1881,white,60+0,e4 e6 d4 d5 Nd2 c5 c3 Nc6 Ngf3 e5,10,
1859,1392,white,300+20,e4 e6 d4 c6 Nf3 h6 Bd3 a6 O-O,9,
1612,1637,black,60+0,e3 d5 d3 e6 Be2 Be7 Bd2 Nf6 Bc3 b6,10,
1137,1298,black,60+10,e4 e5 Qh5 Nc6 Nf3 Nf6 Qf5 d6 Bb5 Bxf5,10,
1529,1500,black,300+8,d4 d5 e3 Nf6 Nf3 e6 a3 Bd6 Ne5 Nbd7,10,
1679,1610,white,180+4,c3 d5 d4 g6 Nf3 Bg7 Bf4 Nf6 e3 O-O,10,
1806,1820,black,300+11,e4 e5 Nf3 d5 exd5 e4 Nd4 Qxd5 c3 Nf6,10,
1721,1692,white,60+0,d4 d5 c4 dxc4 Nf3 c5 Nc3 cxd4 Nxd4 Nc6,10,
1873,2015,white,60+0,d4 g6 c4 Bg7 Nc3 d6 Nf3 c6 g3 Nf6,10,
1460,1496,white,720+0,e4 c6 d4 e6 c4 a6 Bd2 b6 b3 Bb7,10,
1449,1791,black,60+5,c4 e5 Nc3 Nc6 g3 Nf6 Bg2 d6 e3 Be7,10,
1949,2091,white,60+1,c4 c6 g3 e5 Bg2 d6 d4 exd4 Qxd4 Nf6,10,
1276,1294,white,300+0,e4 c5 Nf3 Nc6 d4 cxd4 e5 e6 Bc4 Nxe5,10,
1568,1309,white,600+0,e4 d5 exd5 Qxd5 Nc3 Qe6+ Be2 Qg6 g3 b6,10,
1583,1476,white,420+0,e4 d5 exd5 e6 Nf3 exd5 Nc3 c6 d4 Be7,10,
1940,1820,white,180+0,d4 e6 c4 d5 Nc3 c6 Nf3 Nf6 Bg5 Be7,10,
1681,1732,black,60+0,e4 d6 Nc3 g6 d4 Bg7 Nf3 Nd7 Bh6 Bxh6,10,
1601,1647,white,60+0,d3 d5 e3 e6 Be2 Be7 Bd2 Nf6 c3 c6,10,
1594,1756,black,300+0,e4 e6 Nf3 d5 e5 c5 d4 Nc6 c3 Qb6,10,
1997,1889,white,60+0,e4 e6 d4 d5 exd5 exd5 Nf3 Nf6 Bd3 c5,10,
1500,1420,black,240+2,e3 e6 Bc4 Nc6 d4 d5 Bb3 Nf6 Nf3 Ne4,10,
1471,1537,black,420+7,e4 e5 Nf3 Nc6 Bb5 Nf6 d3 Nd4 Bc4 Nxf3+,10,
1741,1670,white,60+0,d4 e6 c4 d6 Nf3 a6 e3 h6 Nc3 g6,10,
1813,1947,black,180+0,e4 c5 Bc4 Nc6 Nc3 g6 Nf3 Bg7 O-O Nf6,10,
1230,1460,white,480+0,e4 e5 Ne2 Nf6 d4 Nxe4 dxe5 d6 exd6 cxd6,10,
1630,1778,black,240+0,d4 f5 c4 Nf6 Nc3 Ne4 Nf3 e6 e3 Bb4,10,
2073,1614,white,120+0,d4 d5 Nf3 e6 e3 c5 b3 b6 Bb2 Be7,10,
1271,1452,black,900+15,e4 e5 f3 Nf6 f4 d6 fxe5 dxe5 Nc3 c6,10,
2088,1704,white,120+0,d4 d5 c4 dxc4 Nc3 Be6 e3 Nc6 a3 Nf6,10,
1832,1772,draw,300+0,d4 d5 Nf3 Nf6 Bf4 e6 e3 Bd6 Bxd6 Qxd6,10,
1881,1635,white,60+0,e4 d5 exd5 Qxd5 Nf3 Qd8 Be2 e6 O-O Be7,10,
1305,1489,black,60+10,e4 e5 d4 exd4 Qxd4 d6 e5 a6 Nf3 h6,10,
1686,1364,white,240+5,d4 d5 c4 dxc4 Nc3 e6 e4 Bb4 Bxc4 Bxc3+,10,
1660,1750,white,60+0,e4 d6 Nc3 g6 Nf3 Bg7 d4 Nc6 Bh6 Bxh6,10,
1836,1898,white,180+3,d4 d5 c4 e6 Nc3 Nf6 Bg5 Be7 e3 O-O,10,
1131,1337,white,480+8,e4 e5 Qh5 Nc6 Bc4 g6,6,
1964,1720,black,60+1,c4 Nc6 g3 e5 Bg2 f5 Nc3 Nf6 d3 Bc5,10,
1672,1656,white,480+5,d4 Nf6 h3 e6 Nf3 c5 c3 Nc6 a3 Qc7,10,
2074,2006,white,60+0,d4 d6 Nf3 c6 e3 g6 b3 Bg7 Bb2 Nf6,10,
1458,1284,white,240+2,e4 e5 Nf3 d6 Bc4 Nd7 O-O a6 c3 h6,10,
1736,1675,white,60+0,d4 d5 Nf3 Nf6 c4 dxc4 Nc3 Nc6 e4 Bg4,10,
1631,1885,draw,60+0,d4 e6 e3 d5 g3 c5 Bg2 cxd4 Ne2 Nc6,10,
1555,1486,white,300+0,g3 d5 Bg2 Nf6 Nf3 Nc6 O-O e5 e3 Bf5,10,
1742,1947,black,60+1,e4 Nf6 e5 Nd5 c4 Nb6 c5 Nd5 Nc3 e6,10,
1619,1637,white,240+0,e4 e5 Nf3 Nf6 d3 d6 Be3 c5 h3 Nc6,10,
1846,2092,black,120+0,e4 c5 Nf3 Nc6 Bb5 d6 d3 Bg4 h3 Bh5,10,
1871,2027,white,360+6,d4 b5 e4 Bb7 Bxb5 Bxe4 Nf3 Nf6 O-O a6,10,
1590,1633,black,300+10,d4 d5 c4 h6 cxd5 Qxd5 Nc3 Qa5 Nf3 e6,10,
1598,1989,black,180+0,e4 c5 Nf3 d6 c4 Nf6 d3 e6 Be2 g6,10,
1542,1718,black,960+8,e4 g6 d4 Bg7 Nc3 d6 Nf3 Nf6 Bc4 O-O,10,
1625,1572,white,600+0,b4 e5 Bb2 Nc6 a3 a5 Nf3 axb4 axb4 Rxa1,10,
1666,1745,black,60+0,e4 d6 d4 g6 Bh6 Bg7 Bxg7 Nf6 Bxh8 Nh5,10,
1954,1806,white,180+0,e4 e6 Nf3 d5 exd5 exd5 d4 Be6 Nc3 Nf6,10,
1512,1319,black,480+8,e3 e5 Nf3 e4 Bc4 d5 O-O c6 b4 dxc4,10,
1878,1638,white,60+0,d4 d5 c4 e6 Nc3 c6 Nf3 dxc4 g3 b6,10,
1952,1735,black,60+1,e4 Nc6 Nf3 e5 Bc4 Nf6 d3 Bc5 Nc3 O-O,10,
1805,1854,black,540+7,e4 e5 d4 exd4 c3 dxc3 Bc4 cxb2 Bxb2 c6,10,
1524,1500,white,960+15,e4 d5 e5 e6 d4 f5 Nc3 Bb4 Bd2 Qe7,10,
1600,1550,white,300+5,e4 e5 Nf3 Nc6 Bb5 Nf6 O-O Be7 Re1 O-O,10,
1780,1511,white,1200+0,d4 d5 c4 Nf6 Nc3 c6 Bg5 e6 e3 Be7,10,
1800,1960,black,180+0,e4 e5 Bc4 Nf6 Nc3 Nc6 Nf3 Bb4 d3 O-O,10,
1614,1279,white,60+0,e4 e5 d4 exd4 Qxd4 Nc6 Qd1 Bc5 Bb5 Qf6,10,
1464,1404,white,240+2,e4 e5 Nf3 d6 Bc4 h6 h3 Nf6 d3 Be7,10,
1624,1626,black,240+0,d4 d5 c4 e6 e3 Nf6 Nf3 Be7 Ne5 O-O,10,
2099,1841,white,120+0,d4 e5 dxe5 d6 c4 Nc6 Nc3 Nxe5 e3 Be6,10,
1754,1656,white,60+0,d4 d5 Nf3 Bf5 c4 Nf6 Nc3 e5 dxe5 Ne4,10,
1790,1756,white,240+1,e4 e5 d4 d6 dxe5 dxe5 Qxd8+ Kxd8 Nc3 Nc6,10,
1279,1281,white,240+0,e4 e5 Nf3 Bc5 d3 d6 c4 Nf6 g3 O-O,10,
1633,1883,black,60+0,g3 e6 Bg2 d5 d4 c5 e3 Nf6 dxc5 Bxc5,10,
1473,1465,black,720+0,e4 e5 Nf3 Nf6 Nxe5 d6 Nf3 Nxe4 Qe2 Qe7,10,
1756,1935,black,60+1,e4 c6 d4 d5 Nc3 dxe4 f3 Nf6 fxe4 e5,10,
1648,1761,white,60+0,e4 d6 Nc3 g6 d4 Bg7 Bh6 Nd7 Bxg7 Ngf6,10,
1323,1439,black,300+0,d4 e6 e4 c6 e5 d5 Nf3 Ne7 Be2 Qb6,10,
1617,1275,white,60+0,e4 e5 Bc4 Nc6 Nf3 Nh6 d3 g5 Bxg5 f6,10,
1564,1536,black,420+1,g3 e5 Bg2 d5 Nf3 e4 Nd4 Bc5 e3 Bxd4,10,
1468,1591,black,420+0,e4 b6 d3 d5 Nc3 dxe4 Nxe4 Bb7 f3 Nd7,10,
1630,1776,black,300+2,d4 d5 a3 Nf6 e3 Bf5 Nf3 c6 b4 Nbd7,10,
1941,1749,draw,60+1,f4 e5 e4 d5 exd5 e4 d3 Nf6 Nc3 Bb4,10,
1945,1797,black,300+11,d4 d5 e4 dxe4 Nc3 Nf6 f3 exf3 Qxf3 Qxd4,10,
1327,1367,white,720+0,d4 e6 e4 d5 Nc3 dxe4 Nxe4 Qh4 Bd3 f5,10,
1675,1734,white,300+10,d4 c5 c3 cxd4 cxd4 e6 e3 a6 f4 Qc7,10,
1437,1259,white,660+5,e4 c5 Bc4 Nc6 Nf3 e6 d3 Nf6 h3 h5,10,
1490,1515,black,420+4,e4 e5 Nf3 d6 d4 Bg4 Be2 Bxf3 Bxf3 exd4,10,
1996,1629,white,60+0,e4 d5 exd5 Qxd5 d4 Qd8 c4 e6 Nc3 Be7,10,
1747,1888,white,60+0,d4 e6 c4 d5 cxd5 exd5 e3 Nf6 Nf3 c5,10,
1620,1663,black,60+0,e4 e5 Bc4 Nc6 Nf3 Bc5 d3 Nf6 Ng5 O-O,10,
1837,2105,black,120+0,e4 c5 d4 cxd4 Qxd4 e6 f4 Nc6 Qf2 d5,10,
1799,1626,white,120+0,e4 d5 exd5 Qxd5 Nc3 Qd8 d4 e6 Nf3 Be7,10,
1701,1414,white,300+7,d4 e6 e4 d5 e5 b6 c3 f6 Bd3 fxe5,10,
1966,1794,white,180+0,e4 e6 Nf3 d5 exd5 exd5 d4 Nf6 Nc3 Be6,10,
1643,1610,white,300+2,e4 c5 Nf3 d6 c3 e6 Bb5+ Nc6 d4 cxd4,10,
1673,1610,white,60+0,e4 g6 d4 Bg7 Bh6 e6 Bxg7 Ne7 Bxh8 Nec6,10,
1872,1762,black,60+0,e4 d6 Nf3 g6 c3 Bg7 d4 Nf6 e5 O-O,10,
1501,1483,black,300+2,e4 e5 Nf3 Nc6 Nc3 Nf6 Be2 Bb4 d3 d6,10,
1994,1949,black,240+0,d4 Nf6 c4 e6 Nf3 d5 Nc3 Bb4 e3 O-O,10,
1737,1757,white,900+0,e4 e5 Nf3 d6 Bc4 h6 Nc3 Nf6 d3 Nc6,10,
1587,1688,black,180+4,e4 e5 Nf3 d6 Bc4 Nf6 Nc3 Be7 Ng5 O-O,10,
1600,1806,black,60+0,e3 g6 d3 Bg7 Be2 b6 Bd2 Bb7 Bc3 Bxg2,10,
1491,1328,white,300+5,e4 e5 f4 d6 Nf3 exf4 Bc4 h6 c3 Nf6,10,
1502,1631,black,480+0,d4 c5 dxc5 Qa5+ Nc3 Qxc5 Na4 Qa5+ Nc3 e5,10,
1648,1582,white,540+14,d4 d5 c4 e6 Nf3 Bb4+ Bd2 Bd6 e3 Nf6,10,
1935,2105,white,60+1,d4 Nf6 e3 e6 Bd3 d5 Nf3 b6 O-O Bb7,10,
1340,1264,white,360+0,e4 e5 Bc4 Nc6 d3 a6 a4 d6 Nf3 h6,10,
1278,1232,white,420+0,e4 Nc6 Nf3 d5 exd5 Qxd5 d4 Bg4 Be3 Bxf3,10,
1791,1624,white,300+2,d4 d5 c4 c6 Nc3 dxc4 e4 b5 a4 Qb6,10,
1500,1268,white,60+0,e4 d5 Bb5+ c6 Bd3 f5 exf5 g6 Nf3 gxf5,10,
1857,1690,white,60+0,d4 b5 c4 bxc4 e4 d5 Nc3 c6 Nf3 e6,10,
1985,1382,white,60+0,e4 e5 d4 d5 dxe5 d4 Nf3 Nc6 Bb5 Bg4,10,
1473,1564,white,240+2,e4 e5 Nf3 d6 Bc4 a5 h3 Nc6 c3 Nf6,10,
1595,1413,white,60+0,e4 e5 Bc4 Bc5 Nf3 Qf6 O-O Nc6 d3 d5,10,
1969,2069,white,180+0,e4 c6 d4 d5 exd5 cxd5 Bd3 Nf6 Bf4 Qb6,10,
1830,1972,white,300+0,d4 d5 Nf3 e6 Bf4 Nf6 e3 Be7 Nbd2 Nbd7,10,
1682,1863,white,60+0,b3 e6 Bb2 d5 Nf3 c5 g3 Nc6 Bg2 Nf6,10,
1012,1246,white,900+0,e4 c5 d3 Nc6 Nf3 Nf6 Nc3 e6 Be3 b6,10,
1461,1431,black,720+0,e4 e5 Nf3 Nc6 Nc3 Nf6 d4 exd4 Nxd4 Qe7,10,
1986,1951,white,60+0,e4 b6 d4 Bb7 Nc3 e6 Bd3 Bb4 Ne2 f5,10,
1767,1872,white,300+8,e4 c5 b4 cxb4 a3 e5 axb4 Bxb4 c3 Bc5,10,
1601,1498,black,60+0,e4 c5 Bc4 e6 Nf3 Nc6 O-O d5 exd5 exd5,10,
1846,1703,white,60+0,e3 b6 e4 Bb7 d3 c5 Nf3 Nc6 Nc3 g6,10,
1958,1999,white,60+0,d4 d6 e3 c6 Nf3 g6 c4 Bg7 Nc3 Nf6,10,
1397,1212,white,900+0,e4 c5 c3 Qc7 d4 cxd4 cxd4 e6 e5 d5,10,
1288,1403,black,420+0,e4 e5 Nf3 Nc6 Nc3 Bc5 d4 Bxd4 Nxd4 Nxd4,10,
1487,1548,black,240+2,e4 e5 Nf3 d6 Bc4 Bg4 h3 Bh5 O-O Qf6,10,
1724,1524,white,420+4,e4 e5 d4 exd4 Nf3 Nc6 Nxd4 Nxd4 Qxd4 d6,10,
1694,1853,white,60+0,b3 e6 Bb2 d5 Nf3 c5 g3 Nc6 Bg2 Nf6,10,
1587,1517,black,60+0,b3 c5 Bb2 Nc6 d3 e6 e3 d5 f3 Nf6,10,
1599,1653,white,300+2,e4 e5 Nf3 Nf6 Bc4 Nxe4 Bxf7+ Kxf7 Nxe5+ Kg8,10,
1056,1481,black,900+0,e4 e6 d3 b6 Nf3 Bb7 Nc3 Nf6 Be3 Bb4,10,
1499,1489,black,300+2,e4 e5 Nf3 Nf6 Nc3 Nc6 a3 d6 Bb5 Be7,10,
1500,1509,black,1200+10,e4 e5 Nf3 f6 Bc4 a6 d4 b5 Bb3 exd4,10,
1446,1527,black,60+5,c4 e5 Nc3 d6 g3 c6 Bg2 Nf6 e3 Be7,10,
1824,1710,black,180+3,b3 d5 Bb2 e6 Nf3 Nf6 g3 c5 Bg2 Nbd7,10,
1573,1535,white,60+0,e3 c5 d3 e6 Be2 Nc6 Bd2 Nf6 c3 d5,10,
1797,2008,white,60+0,Nf3 g6 b3 Bg7 c3 d6 Bb2 Nf6 d4 O-O,10,
1535,1461,black,300+0,e4 d6 d4 Bd7 e5 Nc6 exd6 cxd6 d5 Ne5,10,
1884,1967,white,180+0,e4 c5 Nc3 d6 g3 Nf6 d3 g6 Be3 Bg7,10,
1941,1998,black,60+0,f4 g6 Nf3 Bg7 e4 d6 d4 c6 Bd3 Nf6,10,
1463,1410,white,420+7,e4 e6 Nf3 Nf6 Nc3 Nc6 Bb5 a6 Bxc6 dxc6,10,
1474,1521,white,300+0,e4 e5 d3 Nf6 Be2 Be7 f4 d6 Bf3 O-O,10,
2144,1482,white,180+0,Nf3 c5 g3 Nc6 Bg2 e6 d3 d5 O-O Nf6,10,
1957,1844,white,300+0,d4 d5 c4 e6 Nc3 Nf6 Nf3 b6 Bg5 Be7,10,
1897,1804,draw,180+0,e4 e6 d4 d5 exd5 exd5 Bd3 Bd6 Ne2 Nf6,10,
1610,1971,black,660+6,e4 c5 Bc4 Nc6 Nf3 d6 Ng5 e6 d3 h6,10,
1365,1552,black,300+5,e4 b6 d4 Bb7 Nc3 g6 Nf3 Bg7 Bd3 Nf6,10,
1626,1506,white,60+15,e4 e6 d4 Nc6 c4 d5 exd5 exd5 c5 Nf6,10,
1794,1540,black,300+5,d4 d5 c4 dxc4 Nc3 Nf6 e4 e6 Bxc4 Bb4,10,
1837,1508,white,60+0,d4 Nf6 c4 e5 Nc3 exd4 Qxd4 Be7 Qd1 O-O,10,
1857,1820,black,300+8,c4 f5 Nc3 e5 d4 e4 e3 Nf6 f4 Bb4,10,
1310,1541,black,300+4,e3 e5 Qf3 d5 c4 Nf6 cxd5 Nxd5 Bc4 Nf6,10,
1201,1341,white,720+0,e4 c5 Nf3 f6 g3 e5 Bg2 d6 O-O Be6,10,
1583,1559,black,60+0,e4 e5 Bc4 Nc6 Qf3 Nf6 Nh3 h6 d3 Nd4,10,
1640,1613,black,300+2,e4 c5 Nf3 d6 Bc4 e6 O-O Nc6 c3 Nf6,10,
1516,1490,white,360+5,d4 d6 e4 e5 d5 Nf6 f3 c6 Bc4 cxd5,10,
1570,1437,white,60+5,e4 e5 f4 d6 Nf3 Nc6 Bc4 Nf6 d3 h6,10,
1472,1394,black,420+7,e4 e5 Nf3 Nc6 Bb5 f6 O-O a6 Bxc6 bxc6,10,
1359,1370,black,300+5,e4 c5 Nf3 d6 d4 cxd4 Qxd4 a6 c4 Nc6,10,
1302,1685,white,120+0,e4 e5 f4 exf4 Bc4 Nc6 d4 Qf6 Nf3 Bb4+,10,
1582,1560,black,60+0,e3 e5 d3 b6 Be2 Bb7 Bf3 Bxf3 Qxf3 d5,10,
1546,1305,white,300+4,e4 e6 Bc4 d5 exd5 exd5 Bb3 Qf6 d4 c5,10,
1966,1307,black,900+4,e4 e6 f4 Qh4+ g3 Qf6 e5 Qe7 d4 d6,10,
1811,1806,black,300+11,e4 e5 Nf3 d5 exd5 e4 Nd4 Qxd5 c3 Nf6,10,
1337,1495,white,480+8,e4 e6 e5 Nc6 Nf3 b6 d4 Bb7 Bd3 Be7,10,
1808,1646,black,240+0,e4 c5 Nf3 Nc6 d4 cxd4 Nxd4 e5 Nb5 a6,10,
1430,1601,black,60+5,e4 e5 Bc4 Nf6 Nc3 c6 Nf3 d6 d4 exd4,10,
1271,1492,black,120+0,c4 e6 e3 d6 d4 f6 Nc3 Nc6 Nf3 h6,10,
1501,1483,white,300+2,b4 d5 e3 e5 Bb2 Bd6 Nf3 f6 a3 e4,10,
1314,1352,white,60+2,g3 d5 Bg2 e5 e3 Nf6 c3 e4 d4 Nc6,10,
1638,1495,black,480+0,g3 e5 Bg2 Nf6 d4 e4 Nc3 d5 b3 Bb4,10,
1505,1327,white,1200+0,e4 e5 Nf3 Qf6 Nc3 Bc5 a3 d6 h3 g5,10,
1311,1562,black,600+0,b3 e5 Bb2 Nc6 d4 exd4 Bxd4 Nf6 e3 d6,10,
1579,1637,black,240+0,e4 c5 Bc4 Nc6 Qh5 g6 Qxc5 d6 Qe3 e5,10,4123.61
2056,1961,white,180+0,f4 d5 Nf3 c5 e3 Nc6 b3 Nf6 Bb5 g6,10,
1558,1408,white,180+7,g3 d5 Bg2 d4 Nf3 Bg4 d3 Bxf3 Bxf3 e5,10,
2064,1953,draw,240+0,e4 c5 Nf3 d6 d4 cxd4 c3 d3 Bxd3 Nf6,10,
1291,1304,black,120+10,e4 e6 Nf3 a6 a4 d6 b3 Nd7 Bb2 d5,10,
1894,1810,white,180+0,e4 b6 d4 Bb7 Bd3 e6 Qe2 Nf6 Nc3 c5,10,
1572,1571,black,60+0,e4 g6 Nf3 Bg7 Bc4 e6 d4 d6 e5 Bd7,10,
1321,1419,black,120+0,e4 e5 f4 exf4 Bc4 Nc6 d4 Qf6 Nf3 g5,10,
1168,1497,black,180+8,d3 e5 e3 d5 c3 h6 f3 a6 b3 Nf6,10,
1487,1620,white,300+0,e4 c5 d3 Nc6 f4 e6 Be2 d5 Bf3 d4,10,
1588,1647,black,240+8,e4 e5 Nf3 Nf6 Nxe5 d5 Bb5+ c6 Ba4 Nxe4,10,
1572,1325,white,720+0,e4 c5 c3 d5 e5 f6 d4 fxe5 Qh5+ g6,10,
1540,1326,white,300+8,d4 d5 c4 dxc4 e4 Nf6 Nc3 Nc6 d5 Ne5,10,
1840,1931,black,60+0,d4 b6 c4 Bb7 Nc3 e6 Nf3 Bb4 g3 f5,10,
1582,1497,white,60+0,e4 e5 Bc4 d6 Nf3 Bg4 O-O Qf6 Be2 Nc6,10,
1348,1426,white,360+0,e4 e5 Bc4 Nf6 d4 Bd6 Bg5 h6 Bxf6 Qxf6,10,
1500,1500,black,300+5,e4 d5 exd5 Qxd5 Nc3 Qd6 Nf3 Nf6 d3 a6,10,
1572,1571,black,60+0,e4 g6 Nf3 Bg7 Bc4 e6 d3 d6 Ng5 Bf6,10,153.81
1327,1334,white,60+2,b3 b6 Bb2 Bb7 d3 d5 e4 e6 f3 Nf6,10,
2111,1827,white,120+0,d4 d5 c4 e6 Nc3 Nf6 e3 Be7 a3 Nbd7,10,
1730,1776,white,1320+8,e4 c5 Nf3 Nc6 d4 cxd4 Nxd4 e6 Nc3 Nf6,10,
1458,1052,white,900+15,e4 e5 Nf3 Nf6 d3 Nc6 a3 d6 h3 Be6,10,
1939,1831,white,60+0,f4 e6 b3 d5 Bb2 c5 e3 Nc6 Nf3 Nf6,10,
1629,1787,white,660+3,e4 d5 exd5 Qxd5 Nc3 Qd8 Nf3 Bg4 Be2 e6,10,
1940,1990,black,240+0,d4 e6 c4 Nf6 Nf3 Bb4+ Bd2 Bxd2+ Qxd2 O-O,10,
1984,1727,black,60+1,d4 Nf6 Nf3 d5 Bg5 Ne4 Bf4 Nc6 e3 f6,10,
1625,1749,black,300+0,e4 c5 d4 cxd4 Nf3 Qa5+ c3 dxc3 Nxc3 Nc6,10,
1540,1532,white,420+8,e4 e5 Nf3 Nc6 Bb5 Bd6 d4 exd4 Nxd4 Nxd4,10,
1488,1590,white,60+0,e4 g6 d3 Bg7 c3 e6 d4 d6 e5 c6,10,
1626,1628,white,300+2,e4 e5 Nf3 Nc6 Bb5 d6 h3 Nf6 O-O Bd7,10,
1312,1311,white,120+0,e4 e5 f4 exf4 Bc4 Nf6 Nc3 Bb4 d4 Bxc3+,10,
1844,1722,black,480+4,d4 e6 a3 d5 c4 dxc4 Nc3 c6 a4 Bb4,10,
1989,1829,black,60+0,e4 Nc6 d4 d6 f3 e5 dxe5 dxe5 Qxd8+ Nxd8,10,
1546,1308,white,300+8,d4 d5 c4 dxc4 e4 e6 Bxc4 c6 Nf3 f5,10,
1774,1947,white,60+1,d4 f5 g3 Nf6 Bg2 e6 c4 Bb4+ Nd2 O-O,10,
1801,1791,white,180+2,b3 e5 Bb2 Nc6 c4 f5 Nc3 Nf6 g3 d5,10,
1618,1422,white,300+2,d4 Nf6 e3 e6 a3 b6 Nf3 Bb7 c4 d5,10,
1587,1705,black,420+5,e4 e5 Nf3 d6 Nc3 a6 Bc4 h6 d3 Nf6,10,
1617,1564,black,300+0,e4 b6 f3 Bb7 d4 g6 Bd3 Bg7 Ne2 Nf6,10,
1519,1481,black,420+4,d4 d5 c4 dxc4 e3 e5 Bxc4 exd4 Qxd4 Qg5,10,
1949,1503,white,60+1,d4 e6 c4 d5 Nc3 c6 g3 Bb4 Bg2 dxc4,10,
1844,1694,white,300+8,e4 c5 Nf3 Nc6 d4 cxd4 Nxd4 Qa5+ c3 e6,10,
1823,2116,black,120+0,d4 d5 c4 e6 Nc3 f5 Nf3 Nf6 Bg5 Be7,10,
1576,1259,white,60+0,e4 e5 Bc4 Bb4 Nf3 Nf6 Nxe5 Nxe4 Bxf7+ Kf8,10,
1511,1622,black,480+0,d4 c5 d5 Nf6 Nc3 c4 e4 e5 Bxc4 Bc5,10,
1617,1638,white,300+2,e4 c5 Nf3 d6 Bb5+ Nc6 Bxc6+ bxc6 c4 e6,10,
1325,1500,white,120+0,e4 e5 f4 exf4 Bc4 Nc6 d4 Nf6 Nc3 d6,10,
1526,1514,black,360+5,d4 d5 c4 Nf6 c5 b6 Qa4+ Bd7 Qb4 a5,10,
1814,1971,black,60+0,d4 d6 Nf3 c6 e4 g6 Bd3 Bg7 O-O Nf6,10,
1573,1669,black,540+14,e4 d5 exd5 Qxd5 Nc3 Qe6+ Be2 Nc6 Nf3 Qg6,10,
1500,1505,white,300+0,e4 e5 d3 Nf6 f4 Bd6 f5 Bc5 Ne2 d5,10,
1683,1937,black,480+5,d4 d5 h3 e6 Nf3 c5 c3 Nf6 Bg5 Nc6,10,
1337,2085,black,120+0,d4 d5 c4 c6 Nc3 Nf6 Bg5 Bf5 Bxf6 exf6,10,
1507,1230,black,600+0,e4 c5 d4 cxd4 c3 Nc6 cxd4 e5 d5 Nd4,10,
1695,1660,black,300+0,e4 c6 d4 d5 exd5 cxd5 c4 Nf6 c5 Nc6,10,
1502,1952,black,60+1,e4 d6 d4 g6 d5 Bg7 f4 Nf6 Ne2 Nxe4,10,
1880,1933,white,180+0,e4 Nc6 d4 e5 d5 Nce7 c4 Ng6 f3 Bc5,10,
1414,1459,black,420+7,d4 d5 Nc3 Nf6 f3 Nc6 e4 dxe4 fxe4 Nxd4,10,
1337,1219,white,120+0,e4 e5 f4 Bc5 fxe5 f6 exf6 Qxf6 Nf3 d5,10,
1887,1861,draw,900+4,e4 Nf6 e5 Nd5 d4 d6 c4 Nb6 f4 dxe5,10,
1731,1508,black,180+3,d4 d5 Nf3 e6 c4 Be7 Nc3 c6 Bf4 Nf6,10,
2085,1979,white,60+0,d4 d6 Nf3 c6 c4 g6 d5 Bg7 dxc6 bxc6,10,
2121,1819,white,120+0,d4 d5 c4 e6 Nc3 Nf6 e3 Be7 cxd5 exd5,10,
1561,1507,black,60+2,e4 e5 Nf3 Nf6 Bc4 c5 Ng5 d5 exd5 Nxd5,10,
1478,1557,white,240+2,e4 e5 Nf3 d6 Bc4 Bg4 h3 Bh5 O-O Qf6,10,
1921,1956,black,240+0,d4 Nf6 c4 e6 Nf3 d5 Bg5 b6 Nc3 Bb7,10,
1562,1563,white,0+3,e4 b6 Nf3 Bb7 Nc3 e6 d4 Qe7 Bd3 f6,10,
1573,1550,black,180+3,e4 Nc6 Nf3 Nf6 Nc3 e5 Bc4 Bc5 Ng5 O-O,10,
1634,1374,white,60+15,e4 e5 Nf3 f6 a3 Bc5 c3 Nc6 b4 Bb6,10,
1727,1877,black,540+5,e4 c5 Nf3 Nc6 g3 e6 Bg2 d5 exd5 exd5,10,
1714,2095,black,120+0,b3 d5 Bb2 c6 Nf3 Bf5 d3 Nd7 Nbd2 Ngf6,10,
1411,1389,black,300+1,e4 e5 Bc4 Nf6 Nc3 d6 d3 Be7 Be3 Nc6,10,
1559,1577,white,300+0,e4 b6 Nc3 Bb7 g3 g6 Bg2 Bg7 b3 Nf6,10,
1549,1502,white,300+0,e4 c5 Nf3 e6 c3 b6 d4 cxd4 cxd4 Bb7,10,
1511,1306,white,1200+0,e4 c5 Nf3 Nc6 Nc3 e5 Bc4 Na5 d3 a6,10,
1677,1522,black,180+0,d4 b6 Nc3 c5 d5 Nf6 Bg5 e6 Bxf6 Qxf6,10,
2043,1970,white,60+0,d4 d6 c4 c6 Nc3 g6 Nf3 Bg7 e4 Nf6,10,
1579,1713,white,420+5,e4 e5 Nf3 d6 d4 Bg4 dxe5 Bxf3 Qxf3 dxe5,10,
1468,1443,white,420+7,e4 e5 Nf3 Nc6 Bb5 Nge7 Bxc6 Nxc6 d4 exd4,10,
1703,1851,black,300+8,e4 e5 Nf3 Nc6 Nc3 Nf6 Nxe5 Nxe5 f4 Nc6,10,
1379,1595,white,300+0,d4 d5 c4 e6 Nc3 Nf6 Nf3 c6 e3 Bb4,10,
1574,1552,black,60+0,e4 b6 Nf3 Bb7 Nc3 e6 d4 Qe7 Bd3 f6,10,
1837,1812,black,300+0,d4 b5 Nf3 Bb7 e3 b4 a3 a5 axb4 axb4,10,
1630,1503,white,480+0,g3 e5 b3 d5 Nf3 e4 Nh4 g5 Ng2 Bg7,10,
1565,1625,white,300+0,e4 e5 f4 exf4 Nf3 Be7 d4 Bh4+ Ke2 d6,10,
1832,1684,white,480+4,d4 b6 c4 Bb7 Nc3 e6 a3 Nf6 Nf3 Be7,10,
1608,1507,white,660+6,e4 e5 Nf3 Qf6 Bc4 Bc5 d3 h6 Qe2 Ne7,10,
1498,1645,black,1200+0,e4 c5 f4 e6 Nf3 b6 d4 cxd4 Qxd4 Nc6,10,
1526,1515,black,360+5,e4 e5 Nf3 f6 Bc4 a6 O-O b5 Bd5 c6,10,
1579,1741,draw,60+0,e4 c6 Bc4 d5 exd5 cxd5 Bb5+ Nc6 Bxc6+ bxc6,10,
1885,1800,white,300+11,g4 e5 Bg2 Bc5 b3 Nc6 Bb2 d6 e3 Nf6,10,
1358,1564,black,60+0,e4 b6 d4 Bb7 d5 e6 Nc3 Qe7 Bf4 e5,10,
1746,1784,black,900+0,e4 Nf6 e5 Nd5 Bc4 Nb6 Bb3 e6 Nf3 d6,10,
1510,1735,black,300+0,e4 e5 d3 Nc6 Ne2 d6 Ng3 Nf6 c3 Be7,10,
1638,1581,black,60+15,e4 e5 Nf3 d6 Bc4 Nf6 d3 Be7 Bg5 O-O,10,
1492,1538,black,240+2,e4 b6 Nf3 Bb7 e5 e6 d4 Ne7 Bg5 h6,10,
2062,1975,white,360+5,c4 c5 Nc3 Nf6 g3 Nc6 Bg2 d6 e4 e5,10,
1532,1569,white,60+0,e3 b6 Bc4 Bb7 Qh5 e6 f3 Qe7 Qh3 Nf6,10,
1552,1293,white,300+8,d4 d5 c4 Nf6 Nf3 Nc6 Bf4 g5 Bxg5 Ne4,10,
1858,1696,white,300+8,e4 e5 Nf3 Nc6 d4 exd4 Nxd4 Nxd4 Qxd4 Qe7,10,
1678,1624,black,480+5,d4 Nc6 Nf3 e6 a3 d5 c3 Bd6 Bg5 Nf6,10,
1346,1500,white,120+0,e4 c5 Bb5 e5 c3 Be7 Nf3 Bh4 Nxe5 Nf6,10,
1584,1500,white,60+0,e4 e5 Bc4 d6 Nf3 f6 O-O g5 Bd5 c6,10,
1478,1483,white,420+7,e4 e6 Nf3 c5 d4 cxd4 Qxd4 Nc6 Qc4 d5,10,
1593,1491,white,60+0,e3 e5 d3 d6 Be2 c6 Bf3 f6 c3 g5,10,
1595,1590,black,420+5,e4 e5 Nf3 Nc6 Bb5 d6 Bxc6+ bxc6 O-O Qf6,10,
1501,1642,black,360+15,e4 e5 Nf3 Nc6 Nc3 Nf6 Bb5 d6 d4 Bd7,10,
1450,1432,black,720+0,e4 e5 Nf3 Nc6 d4 exd4 Nxd4 Nxd4 Qxd4 Nf6,10,
1847,1555,black,300+5,e4 e5 f4 exf4 Nf3 Bc5 d4 Bb6 Bxf4 Nf6,10,
1601,1482,draw,60+0,e3 d6 d3 e6 Be2 f6 Bf3 g5 c3 c6,10,
1903,1911,black,240+0,d4 d5 c4 c6 Nc3 dxc4 e4 e6 Bxc4 Nf6,10,
1336,1557,black,60+0,d4 b6 c4 Bb7 Nc3 e6 e4 Qe7 Nf3 f6,10,
1758,1756,white,60+1,e4 Nc6 Nf3 e5 Nc3 Nf6 d4 exd4 Nxd4 Bb4,10,
1631,1493,white,180+0,d4 e6 Nc3 c5 e3 cxd4 exd4 Ne7 Bg5 Qb6,10,
1763,1743,black,1320+8,d4 Nf6 c4 e6 a3 d5 Nc3 Be7 Nf3 O-O,10,
1280,1321,black,420+0,e4 e6 Nf3 c6 d4 Qa5+ Nc3 Bb4 Bd2 c5,10,
1651,1661,white,240+0,d4 d5 c4 e6 e3 Nf6 Nc3 Be7 Nf3 O-O,10,
1639,1461,white,600+8,e4 e5 Nf3 d6 h3 h6 d4 Qf6 d5 a6,10,
1818,1920,black,180+0,e4 Nc6 d4 e5 d5 Nce7 c4 Ng6 Nf3 Bc5,10,
1533,1329,black,480+0,d4 d5 c4 Nf6 c5 Bg4 Bg5 e6 a3 Nc6,10,
1439,1281,white,720+0,e4 e5 Nf3 Nc6 d4 exd4 Nxd4 Nxd4 Qxd4 c5,10,
2029,1966,black,240+0,c4 e5 Nc3 Nf6 Nf3 e4 Ng5 Qe7 g3 h6,10,
1613,1543,white,240+0,d4 e6 c4 d6 Nf3 c6 e4 h6 Bd3 g5,10,
1557,1574,white,300+8,d4 e6 e4 d5 e5 c5 Nf3 Nc6 Be3 Bd7,10,
2058,1823,white,60+0,e4 e6 d4 d5 e5 c5 c3 cxd4 cxd4 Nc6,10,
1623,1520,white,300+2,d4 d5 a3 Bf5 e3 e6 b4 h6 Bb2 Ne7,10,43.0
1517,1321,white,1200+0,e4 e5 Nf3 f6 Nc3 Bb4 Nd5 Bc5 a3 c6,10,
1505,1572,white,300+0,e4 e5 d3 b6 Ne2 Bb7 Ng3 g6 Be2 Bg7,10,
1579,1779,black,300+0,e4 e5 f4 d5 exd5 e4 Nc3 Nf6 d3 exd3,10,
1839,1771,white,480+4,d4 e6 a3 Nf6 c4 Be7 Nc3 O-O e4 d5,10,
1285,1865,black,300+8,d4 d5 Nd2 Nc6 e3 e5 c3 exd4 cxd4 Nf6,10,
1707,1740,black,180+3,d4 Nf6 Nf3 e6 c4 d5 Bg5 c6 Nc3 Nbd7,10,
1472,1489,white,420+7,d4 d5 c4 Nf6 c5 Na6 e3 c6 Bxa6 bxa6,10,
1818,2063,white,60+0,d4 d5 c4 c6 Nc3 dxc4 Nf3 b5 g3 Bb7,10,
1380,1215,white,480+10,e4 e5 d4 Qe7 Nf3 f6 Nc3 d6 Nd5 Qe6,10,
1764,1592,white,720+0,c4 e5 Nc3 Bc5 e3 Nc6 a3 a5 Nf3 Nf6,10,
1612,1779,black,180+2,d4 g6 Nf3 Bg7 c4 Nf6 Nc3 d6 e4 Nbd7,10,
1526,1562,white,0+1,d4 b6 c4 Bb7 Nc3 e6 e3 Qe7 Nf3 f6,10,
1518,1557,black,300+0,e4 e5 d3 Nf6 Ne2 Bc5 Ng3 Ng4 Qxg4 d5,10,
1351,1439,white,120+0,e4 e5 f4 d6 fxe5 Qe7 d4 dxe5 d5 Bd7,10,
1574,1826,black,300+5,e4 e6 Nf3 d5 exd5 exd5 d4 Nf6 c4 Bf5,10,
1928,1810,white,180+0,e4 c5 b4 g6 bxc5 Bg7 d4 d6 cxd6 Qxd6,10,
1381,1550,black,0+1,e4 b6 f4 Bb7 d3 e6 Nf3 Qe7 Be3 f6,10,
1386,1445,black,480+10,e4 e5 d4 exd4 Qxd4 Nc6 Qd5 Nf6 Qg5 h6,10,
1488,1500,black,600+0,e4 e6 d4 d5 e5 c5 c3 cxd4 cxd4 f6,10,
1946,1884,black,300+0,e4 c5 Nc3 d6 f4 Nc6 Nf3 Bg4 Bb5 Qc7,10,
1540,1556,black,0+1,e4 b6 Nf3 Bb7 Bc4 e6 d3 Qe7 O-O d6,10,
1666,1586,white,300+0,e4 e5 f4 exf4 Nf3 Be7 d4 Bh4+ Ke2 b6,10,
1579,1396,white,300+3,e4 c5 d4 cxd4 c3 dxc3 Nxc3 Nc6 Nf3 Nf6,10,
1714,1960,black,60+0,f3 d6 e4 c6 d4 g6 Bd3 Bg7 Nc3 e5,10,
1583,1638,white,420+5,e4 c5 e5 Nc6 Nf3 d6 exd6 Qxd6 Bb5 Bd7,10,
1571,1560,white,300+8,Nf3 e6 d4 d5 Nc3 c5 Bf4 Nc6 e3 cxd4,10,
1837,1833,white,60+0,d4 d5 c4 e6 Nc3 f5 Nf3 Nf6 g3 c6,10,
1206,1437,black,480+0,e4 e5 d3 Nf6 Be2 Bb4+ Bd2 Bxd2+ Qxd2 O-O,10,
1555,1236,black,1800+30,e4 Nc6 Nf3 e6 Bb5 g5 d4 a6 Bxc6 bxc6,10,
1640,1536,white,180+0,d4 Nf6 Nc3 e6 a3 d5 Bf4 Be7 Nb5 Bd6,10,
1504,1459,white,120+0,Nc3 e5 d3 Nc6 Bd2 a6 e4 Bc5 f4 d6,10,
1666,1497,white,480+5,d4 d5 h3 Nf6 Nf3 Nc6 c3 Bf5 Nbd2 e6,10,
1965,1710,white,60+0,e4 Nc6 d4 e6 d5 exd5 exd5 Ne5 Nf3 Nxf3+,10,
1622,1699,white,240+0,d4 c5 d5 d6 c4 Bd7 Nf3 Nf6 Nc3 Qc8,10,
2132,1936,white,180+0,e4 Nc6 d4 e5 d5 Nce7 Be3 f5 f3 Nf6,10,
1495,1637,white,480+0,d4 c5 dxc5 Qa5+ Nc3 Qxc5 Nf3 e5 Qd5 Qxd5,10,
1866,1596,draw,300+8,e4 e6 Nf3 d5 exd5 exd5 d4 Nc6 Bf4 Bg4,10,
1425,1139,white,840+0,e4 d5 e5 e6 d4 f6 f4 c6 Nf3 Qa5+,10,
1198,1444,black,480+0,e4 e5 d3 Nf6 Nf3 Bb4+ c3 Bd6 Be3 O-O,10,
1486,1566,black,60+0,d4 b6 e3 Bb7 c3 e6 f4 Qe7 e4 f6,10,
1576,1525,white,1200+10,e4 c5 c3 d6 d4 Nc6 Nf3 Bg4 Bb5 Qb6,10,
1460,1565,white,900+15,e4 e5 Nf3 d6 h3 Nf6 d3 h6 Be2 Nc6,10,
1298,1511,black,300+2,e4 e5 Nf3 d6 Bc4 Qe7 d3 Nf6 Ng5 Be6,10,
1905,1677,white,300+0,d4 Nf6 c4 e5 dxe5 Ng4 Bf4 Nc6 Nf3 Bb4+,10,
1848,1706,white,60+0,d4 d5 c4 dxc4 Nc3 Nf6 Nf3 g6 g3 Bg7,10,
1365,1545,black,60+0,e4 b6 d4 Bb7 d5 g6 Nc3 Bg7 Bf4 Bxc3+,10,
1362,1450,white,360+0,e4 e5 Bc4 Nf6 d4 exd4 e5 Ng8 Qxd4 d6,10,
1631,1526,black,300+2,d4 d5 a3 Nf6 e3 Ne4 h3 e6 b4 Be7,10,
1632,1750,white,300+0,e4 e5 Nc3 Nc6 a3 d6 Bc4 Be7 d3 Nf6,10,
1526,1638,black,360+5,d4 Nf6 f3 d5 c4 Nc6 c5 b6 b4 Nxb4,10,
1402,1091,white,900+0,e4 d5 d4 Bg4 Qxg4 c5 e5 Qa5+ c3 e6,10,
1559,1722,white,300+0,e4 e5 f4 exf4 Nf3 d5 e5 Be6 d4 Nc6,10,
1552,1575,white,0+1,e3 b6 g3 Bb7 Bg2 e6 Bxb7 Nc6 Bxa8 Qxa8,10,
1568,1469,black,300+0,e4 e5 Qh5 Nc6 Bc4 g6 Qf3 Nf6 c3 Bg7,10,
1699,1856,black,60+0,e4 e6 f4 d5 exd5 exd5 d4 c5 Nf3 cxd4,10,
1717,1685,white,300+2,d4 f5 Nf3 e6 Bf4 Nf6 e3 Be7 Nbd2 b6,10,
1522,1415,white,1200+0,e4 e6 Nf3 Be7 Nc3 Nf6 h3 O-O a3 c5,10,
1583,1547,white,300+8,Nf3 e6 Nc3 d5 d4 c5 Be3 cxd4 Bxd4 Nc6,10,
1712,1574,white,300+0,d4 Nf6 c4 g6 Nc3 d5 e3 Bg7 Bd3 O-O,10,
1826,1807,black,300+0,d4 d5 Nf3 Bg4 Ne5 Be6 g3 Nd7 Bg2 Nxe5,10,
1480,1792,black,600+0,e4 e5 Nf3 Nc6 c3 Bc5 a3 Nf6 Bd3 Ng4,10,
1134,1428,black,840+0,e4 e5 Qh5 Nc6 c3 a6 d4 Nf6 Qf3 d5,10,
1862,1692,white,60+0,d4 c6 c4 d5 Nc3 dxc4 Nf3 g6 g3 Bg7,10,
1332,1500,black,300+4,e3 b6 Qf3 Nc6 Bb5 Bb7 Nc3 a6 Bxc6 Bxc6,10,
1635,1650,black,240+0,d4 d5 c4 c6 cxd5 cxd5 e3 Nf6 Nf3 e6,10,
1622,1511,white,480+0,f4 d5 Nf3 f5 b3 Nc6 Bb2 Qd6 e3 Bd7,10,
1594,1267,white,300+8,Nf3 e6 Nc3 d5 d4 Nf6 Bf4 Bb4 Qd3 Bxc3+,10,
1406,1553,white,300+2,d4 b6 e3 Bb7 a4 g6 f3 Bg7 a5 Nf6,10,
1650,1600,black,180+0,d4 e6 a3 d5 Nc3 c5 e3 Nc6 dxc5 Bxc5,10,
1270,1488,black,420+0,e4 e5 Nf3 Nc6 Nc3 Nf6 d4 exd4 Nxd4 Nxd4,10,
2076,1788,white,180+0,d4 e6 Nf3 d5 Bg5 f6 Bh4 h5 h3 Bd6,10,
1163,1831,black,180+8,d3 d5 d4 e6 e3 c5 Bb5+ Nc6 Bxc6+ bxc6,10,
1616,1784,black,660+6,e4 e6 Nf3 d5 exd5 exd5 Qe2+ Be7 d3 Nf6,10,
1482,1567,black,180+1,e4 d5 exd5 Qxd5 d4 Qa5+ Nc3 e6 Bb5+ c6,10,
1795,1887,draw,300+11,e4 e5 Nf3 Nc6 Bc4 Bc5 Nc3 Nf6 h3 d6,10,
1484,1450,white,480+0,d4 d5 c4 c6 c5 b6 cxb6 axb6 Qb3 Nf6,10,
1603,1858,black,300+8,e4 c5 e5 e6 Nf3 d5 exd6 Bxd6 Bd3 b6,10,
1625,1406,black,60+15,e4 Nf6 e5 Nd5 d4 e6 c4 Nb4 a3 N4c6,10,
2045,1869,black,60+0,e4 e6 d4 d5 e5 c5 c3 cxd4 cxd4 Nc6,10,
1735,1913,black,300+0,e4 c5 Nf3 d6 d4 cxd4 Nxd4 Nf6 Nc3 a6,10,
1624,1672,white,240+0,d4 Nf6 c4 e5 dxe5 Ng4 Qd4 d6 exd6 Bxd6,10,
1646,1564,black,120+2,e4 e5 Nc3 Nc6 a3 Nf6 h3 a6 g4 d5,10,
2077,1786,white,180+2,e4 d5 exd5 c6 d4 cxd5 Bd3 g6 Ne2 Bg7,10,
1634,1534,white,180+0,d4 e6 a3 d5 Nc3 c6 e4 Na6 e5 f6,10,
1832,1162,white,180+8,e4 e6 f4 e5 fxe5 Nc6 Nf3 Bc5 d4 Be7,10,
1861,1515,white,300+20,e4 e5 Nf3 Nc6 Bc4 Bc5 c3 Nf6 d4 exd4,10,
1707,1410,white,60+0,e4 e5 Nf3 Nc6 Bc4 Nf6 Ng5 d6 Nxf7 Qe7,10,
1652,1491,black,1200+0,e4 e5 Bc4 Bc5 Qf3 Nf6 d3 h6 h3 Nc6,10,
1577,1633,black,120+2,e4 e5 Bc4 Nc6 Qf3 Qe7 Ne2 g5 d3 g4,10,
1475,1685,black,900+15,e4 c6 c4 d5 cxd5 cxd5 Qc2 dxe4 Qxe4 Nf6,10,
1784,1811,white,180+0,e4 e5 Bc4 d6 Nc3 Be7 Nf3 Nf6 O-O O-O,10,
1598,1535,black,300+8,Nf3 Nf6 Nc3 e6 a3 d5 d4 Bd6 Nb5 c5,10,
1476,1774,white,600+0,e4 e5 Nf3 Nc6 c3 Bc5 b4 Bd6 d4 exd4,10,
1497,1540,white,120+0,e4 e5 g3 Nc6 Bg2 Bc5 b3 d6 Bb2 a6,10,
1782,1605,white,180+2,e4 e5 f4 exf4 Nf3 Be7 Bc4 Bh4+ Kf1 c6,10,
1672,1477,white,480+5,d4 d5 h3 Nf6 Nf3 Nc6 c3 Bf5 Bf4 e6,10,
1473,1540,black,180+1,e4 c5 Bc4 Nc6 c3 Nf6 d3 e6 Nf3 Na5,10,
1249,1262,black,300+5,e4 e6 Nc3 Nc6 d3 b6 Nf3 Bb7 Bg5 Nf6,10,
1122,1454,draw,420+7,Nf3 Nc6 e3 e5 Nc3 Bb4 a3 Ba5 b4 Bb6,10,
1432,1130,white,840+0,e4 d5 e5 Nc6 Nf3 f6 d4 Nh6 Bxh6 gxh6,10,
1637,1424,black,240+0,d4 e6 c4 d5 c5 b6 b4 bxc5 bxc5 c6,10,
1642,1568,white,120+2,e4 e5 Nc3 Nc6 a3 Nf6 Bc4 a6 d3 h6,10,
1376,1558,black,360+0,e4 e5 Bc4 Nc6 d4 exd4 Nf3 Bc5 Ng5 d5,10,
1500,1641,black,720+0,e4 e5 Nf3 Nc6 Bc4 Be7 d4 d6 d5 Nb8,10,
1562,1576,black,300+0,e4 d5 exd5 Qxd5 Nc3 Qa5 Nf3 Nf6 d3 Bf5,10,
1520,1707,black,300+10,d4 g6 d5 Bg7 Be3 b6 Bd4 Nf6 g4 O-O,10,
1649,1723,black,0+1,e3 d5 f4 Nc6 g3 e5 Bg2 e4 Qe2 Nf6,10,
1511,1864,black,300+20,e4 d5 exd5 Qxd5 Nc3 Qa5 Bc4 e6 Nf3 Bb4,10,
1500,1429,white,300+0,e4 c6 Qh5 d6 Bc4 g6 Qf3 Nf6 e5 dxe5,10,
1549,1540,white,180+3,d4 d5 e3 e6 b3 Nf6 Bb2 Be7 Bd3 O-O,10,
1661,1712,black,0+1,c3 d5 Qc2 Nc6 b4 e5 b5 Nce7 a4 Bf5,10,
1753,1497,white,600+0,e4 e5 Bc4 Nf6 d3 d5 exd5 Nxd5 Qf3 Nf6,10,
1763,1865,white,480+8,e4 e6 d4 d5 Nc3 Nf6 exd5 exd5 Bg5 Be6,10,
1551,1500,white,300+2,d4 d5 e4 dxe4 Nc3 Nf6 f3 exf3 Qxf3 e6,10,
1644,1296,white,180+0,d4 g6 Nc3 Bg7 Bf4 Bf6 Nb5 d6 Qd2 c6,10,
1444,1386,black,1200+10,e4 g6 b3 Bg7 d4 Nf6 e5 Nh5 Bb2 O-O,10,
1667,1391,white,300+8,e4 Nc6 d4 d5 e5 e6 Nf3 Bd7 Bb5 a6,10,
1377,1256,white,720+0,e4 e5 a3 Qh4 Nc3 Bc5 g3 Qf6 Nf3 b6,10,
1637,1632,black,0+1,c3 d5 d4 e5 dxe5 Nc6 f4 f6 Qc2 fxe5,10,
1609,1942,black,660+6,e4 e6 Nf3 c5 Bc4 d5 exd5 exd5 Bb5+ Nd7,10,
1389,1533,black,480+7,e3 e5 Qf3 Nf6 d4 Nc6 dxe5 Nxe5 Qf5 d6,10,
1674,1538,black,0+1,g3 c6 Bg2 d5 b3 e6 Bb2 Bd6 Bxg7 Ne7,10,
1711,1160,white,60+0,e4 e6 Nf3 Nc6 d4 b6 Bb5 Bb7 Nc3 a6,10,
1799,1796,black,180+0,e4 e6 Nf3 d5 exd5 exd5 d4 Nc6 Bb5 Bd7,10,
1643,1623,white,0+1,e4 e6 f3 g6 d4 Bg7 c4,7,
1610,1405,black,0+1,e3 d6 c3 c6 Qc2 Qc7,6,
1649,1751,black,600+15,e4 e6 Nf3 Nc6 Nc3 Bc5 d3 h6 Be2 Nge7,10,
1863,2061,white,300+8,c4 c5 Nc3 b6 d3 Bb7 Bf4 Nc6 Nf3 Nf6,10,
1583,1382,white,300+8,Nf3 d5 d4 Nf6 Bf4 g6 e3 Bg7 Nc3 e6,10,
1932,1825,white,60+1,e4 e5 Nf3 Nc6 d4 exd4 c3 dxc3 Bc4 Bc5,10,
1564,1565,black,300+2,d4 b6 e4 Bb7 Bd3 g6 c4 Bg7 Nf3 Nf6,10,
1946,1606,white,660+6,e4 b6 f4 Bb7 Nc3 g6 Nf3 Bg7 Bc4 Bxc3,10,
1596,1684,white,420+5,e4 e5 Nf3 Nc6 Bb5 d6 Bxc6+ bxc6 d4 exd4,10,
1599,1514,draw,420+5,e4 e5 Nf3 Nc6 Bb5 Nd4 Nxd4 exd4 O-O a6,10,
1606,1592,white,60+15,e4 e5 Nf3 d6 d4 Qf6 d5 c6 c4 cxd5,10,
1807,1788,white,180+0,e4 e5 Bc4 d6 Nc3 Be7 Nf3 Nf6 O-O O-O,10,
1639,1802,white,420+8,e4 e5 Bc4 Bc5 Nf3 Nc6 Nc3 d6 O-O Nge7,10,
1626,1486,draw,300+5,e4 c5 Nf3 a6 d4 cxd4 Nxd4 e5 Nb3 b5,10,
1126,1435,white,840+0,e4 d5 Nc3 d4 Nb5 c6 Na3 e5 d3 Bxa3,10,
1908,1923,black,300+0,e4 c5 d4 cxd4 c3 dxc3 Bc4 d6 Nxc3 Nc6,10,
1454,1500,white,480+8,e4 e5 Nf3 Nf6 Bd3 d6 b3 g6 Bb2 b6,10,
1514,1693,white,180+3,e4 e6 Bc4 d5 exd5 exd5 Bb3 Nf6 d3 Bd6,10,
1523,1514,white,480+8,d4 d6 c4 g6 Nf3 b6 Bf4 Ba6 e3 e5,10,
1560,1651,draw,120+2,e4 e5 Bc4 Nc6 Nc3 a6 Nf3 g5 a3 g4,10,
1388,1671,black,300+8,e4 e5 Nf3 d6 h3 Nf6 Bc4 Nxe4 Qe2 Ng5,10,
1514,1358,white,300+10,d4 d5 e3 Nc6 Nc3 Bf5 Qf3 e6 e4 dxe4,10,
1646,1697,black,300+8,e4 c6 d4 d5 e5 Bf5 Nf3 e6 Be2 Nd7,10,
1633,1616,black,900+12,e4 e5 f4 exf4 Nf3 h6 h4 d6 d4 f6,10,
1221,2126,black,120+0,e3 c5 Qf3 d5 c4 e6 cxd5 exd5 e4 dxe4,10,
1940,1885,black,60+0,f4 e6 Nf3 d5 e3 c5 Bb5+ Nc6 Bxc6+ bxc6,10,
1229,1277,white,300+0,d4 d5 Nc3 Nc6 Nf3 f6 e4 dxe4 Nxe4 e5,10,
1677,1864,black,480+5,d4 Nf6 h3 c5 Nf3 cxd4 Nxd4 Nc6 c3 e5,10,
1815,1938,draw,300+0,d4 Nf6 c4 d6 Nf3 g6 e3 Bg7 Nbd2 O-O,10,
1685,1549,black,180+3,e4 c5 Nf3 Nc6 d4 e6 Nc3 cxd4 Nxd4 Nge7,10,
1608,1661,draw,240+0,e4 e5 Nf3 d6 b3 Nc6 Bb2 Bg4 Nc3 Nf6,10,
1564,1293,white,120+1,e4 d5 exd5 Qxd5 Nc3 Qe6+ Qe2 Qf6 Qb5+ Bd7,10,
1511,1493,black,600+5,e4 e5 Bc4 c6 Nc3 Nf6 d3 h6 Nf3 Qe7,10,
1555,1304,white,120+1,e4 d5 exd5 Qxd5 Nc3 Qe6+ Qe2 Nc6 Nf3 b6,10,7523.38
1878,1563,white,60+0,d3 b6 e4 Bb7 f3 e6 Be2 Qe7 Nh3 f6,10,
1942,1882,draw,300+8,e4 e5 d4 exd4 c3 dxc3 Bc4 Qf6 Nxc3 Bb4,10,
1927,1898,white,60+0,b3 e6 Bb2 d5 e3 Nf6 Bb5+ Bd7 Be2 c5,10,
1785,1654,white,420+8,e4 d6 f4 Nf6 Nc3 g6 Nf3 Bg7 d4 Bg4,10,
1648,1500,black,180+0,d4 d5 Nc3 Nf6 Bf4 g6 Nb5 Na6 a3 c6,10,
1888,1937,black,60+0,e4 g6 Nf3 Bg7 c3 d6 d4 e5 Bd3 exd4,10,
1514,1497,white,600+0,b3 e5 Bb2 Nc6 e3 Nf6 c4 d5 c5 d4,10,
1224,1405,black,0+1,e3 c6 d3 Qc7 Bd2 b6 b3 a5 g3 b5,10,
1515,1503,black,600+0,e4 e5 Nf3 Nc6 Bb5 d6 d4 Qf6 dxe5 dxe5,10,
1864,1798,white,300+11,e4 e5 f4 exf4 Nf3 Nc6 Bc4 h6 c3 Bc5,10,
1777,1817,white,180+0,e4 e6 d4 d5 exd5 exd5 Nf3 Nf6 Nc3 Be7,10,
1741,1707,white,300+8,e4 c6 Bc4 d5 exd5 cxd5 Bb3 Nc6 Qf3 Nf6,10,
1603,1950,white,660+6,e4 e6 d4 d5 exd5 exd5 Nc3 Nf6 Bg5 Be7,10,
1317,1396,black,0+1,e4 d6 d3 d5 Bd2 d4 Qc1 Qd7 g3 Qe6,10,
1586,1500,white,300+0,e4 e5 f4 exf4 Nf3 Nc6 d4 d6 Bxf4 Nf6,10,
1298,1560,black,120+1,b3 b6 g3 Bb7 f3 e5 g4 Qh4#,8,
1620,1494,white,240+0,d4 d5 c4 Nf6 e3 e6 Nf3 Bb4+ Nc3 Bxc3+,10,
1672,1667,white,480+5,d4 d5 h3 c5 Nf3 Nc6 c3 e6 a3 a5,10,
1623,1086,white,480+16,g3 d5 Bg2 e5 b3 e4 Bb2 f6 e3 Na6,10,
1627,1530,black,240+0,d4 d5 c4 dxc4 e4 a6 Bxc4 e6 Nf3 b5,10,
1668,1262,white,300+3,d4 d5 e3 Nc6 Nf3 Nb4 a3 Na6 Be2 c6,10,
1423,1462,white,-,e4 e5 Nf3 Nc6 Bb5 Nf6 Nc3 Bb4 O-O Bxc3,10,
1463,1301,white,480+8,e4 e5 Nf3 d6 d4 Nf6 dxe5 dxe5 Bb5+ c6,10,
1455,1401,white,180+0,e4 e5 d4 Bd6 dxe5 Bxe5 Nf3 c6 Nxe5 Qa5+,10,
1805,1790,white,180+0,e4 e5 Bc4 d6 Nf3 Be7 O-O Nf6 d3 h6,10,
1628,1714,white,540+8,e4 c5 Bc4 e6 Nf3 d5 exd5 exd5 Bb3 Nf6,10,
1268,1568,black,120+1,g3 e5 Bg2 Nf6 Nf3 Nc6 O-O d6 e3 Bd7,10,
1518,1571,white,360+5,e4 Nc6 d4 d5 e5 f6 Bf4 g5 Qh5+ Kd7,10,
1572,1560,white,0+1,g3 b6 Bg2 Bb7 Bxb7 Nc6 Bxa8 Qxa8 b3 Nb4,10,
1464,1788,white,180+2,e4 Nf6 e5 Nd5 d4 d6 Bd2 dxe5 dxe5 Bf5,10,
1464,1576,white,240+3,e4 b6 Nf3 Bb7 e5 g6 d4 Bg7 Bc4 e6,10,
1564,1670,black,180+3,c4 d5 cxd5 Qxd5 Nf3 Nf6 d3 Nc6 Nc3 Qh5,10,
1562,1764,black,300+3,g3 d5 Bg2 c6 Nf3 Nd7 O-O e5 e3 Bd6,10,
1650,1435,white,-,d4 Nf6 c4 e6 Nc3 Bb4 Nf3 Ne4 Qc2 Nc6,10,
1535,1592,black,300+0,e4 d5 e5 c5 c3 g6 Nf3 Bg7 d4 cxd4,10,
1946,1878,white,60+0,f4 e6 Nf3 d5 b3 c5 Bb2 Nf6 e3 Be7,10,
1955,2028,white,60+1,e4 c5 Nf3 e6 b3 Nf6 e5 Nd5 c4 Ne7,10,
1601,1636,black,600+10,e4 c5 Bc4 e6 Qf3 a6 a3 Qc7 d3 Be7,10,
1375,1639,white,900+30,e4 e5 Qh5 Nc6 Bb5 d6 d3 Be6 Bxc6+ bxc6,10,
1282,1342,black,300+0,e4 e5 Qh5 Nc6 c3 Nf6 Qh4 Be7 Bb5 d5,10,
1583,1549,white,0+1,g3 b6 Bg2 Bb7 Bxb7 c6 Bxa8 Qc7 Bxc6 Na6,10,
1507,1535,black,1200+0,e4 e5 f4 exf4 Nf3 Nf6 d3 Bc5 Bxf4 d6,10,
1479,1500,white,240+3,e4 c5 Bc4 d6 h3 Nc6 Nf3 g6 c3 Bg7,10,
1636,1484,white,180+0,d4 Nf6 Nc3 d6 Bg5 e5 Bxf6 Qxf6 Nd5 Qd8,10,
1757,1492,white,600+0,e4 e5 Bc4 Nf6 d3 c6 Bg5 h6 Bh4 Be7,10,
1529,1259,white,180+3,e4 c5 c4 Nc6 d3 e6 Nf3 Nf6 Be2 Nd4,10,
1479,1320,white,720+0,e3 d5 Nf3 Nf6 b3 c6 Bb2 Nbd7 Be2 g5,10,
1490,1621,black,300+5,e4 c5 Nf3 d6 Bc4 e6 b3 Nf6 Bb2 a6,10,
1264,1226,white,420+0,e4 d5 exd5 Qxd5 Nc3 Qd6 d4 e6 Nf3 Nc6,10,
1823,1724,black,480+0,d4 c5 d5 e5 e4 d6 Nc3 h6 f4 Qh4+,10,
1621,1637,white,900+12,e4 e5 f4 d6 Nf3 Nc6 Bc4 Be7 O-O exf4,10,
1678,1556,white,180+3,e4 c5 Nf3 e6 d4 Nc6 Nc3 cxd4 Nxd4 e5,10,
1266,1605,black,300+0,e4 e5 Qh5 Nf6 Qxe5+ Be7 d3 Nc6 Qf4 O-O,10,
1602,1748,black,600+2,e4 e5 Nf3 Nc6 Bc4 h6 c3 Nf6 d4 d6,10,
1767,1601,white,300+0,e4 d5 e5 c5 Nf3 Bg4 Be2 g6 O-O Nc6,10,
1381,1649,white,300+10,d4 d5 Bf4 h6 e3 a6 Bd3 e6 Nf3 Nc6,10,
1779,1815,black,180+0,e4 e6 d4 d5 exd5 exd5 Nf3 c6 Be2 Bd6,10,
1500,1899,black,600+8,e4 d6 Nf3 Nf6 Nc3 g6 Bc4 Bg7 d3 O-O,10,
1869,1969,black,60+0,d4 g6 c4 Bg7 Nc3 f5 Nf3 Nf6 g3 O-O,10,
1712,1659,black,180+0,Nc3 d5 e3 e5 b3 c5 Bb5+ Bd7 Bxd7+ Qxd7,10,
1789,1925,white,300+11,e4 e5 Nf3 Nc6 Bc4 Nf6 Nc3 Bc5 h3 O-O,10,
1613,1545,draw,240+0,d4 d5 c4 dxc4 e4 Nc6 d5 Ne5 f4 Ng6,10,
1825,1769,white,180+0,e4 e5 Bc4 Nc6 Nf3 Bc5 O-O Nf6 d3 h6,10,
1254,1416,white,420+8,e4 e5 Nf3 Nc6 c3 a6 Bd3 Nf6 O-O Bd6,10,
1811,1768,white,120+0,e4 d6 f4 g6 Nf3 Bg7 c3 Nf6 d4 O-O,10,
1533,1477,white,180+0,e4 d5 exd5 Qxd5 Nc3 Qa5 d3 Nf6 Bd2 Nc6,10,
1477,1539,black,60+0,e4 b6 d3 Bb7 f3 e6 c3 Qe7 b4 f6,10,
1736,1738,white,900+0,e4 e5 Nf3 Nc6 Bc4 Nf6 d3 h6 Nc3 Bb4,10,
1831,1517,white,300+8,e4 e5 f4 Qh4+ g3 exf4 gxh4,7,
1977,1861,white,60+0,e4 e6 Nf3 d5 exd5 exd5 d4 c5 Bb5+ Bd7,10,
1700,1641,white,540+8,e4 e5 Nf3 d6 Bc4 h6 Nc3 c6 d4 exd4,10,
1644,1428,white,180+0,d4 d5 Nc3 Nf6 Bf4 Bf5 Nb5 Na6 a3 Qd7,10,
1450,1390,black,300+8,e4 e6 Nf3 c6 Nc3 a6 d3 h6 Bf4 Bb4,10,
1932,1890,black,180+3,d4 Nf6 c4 g6 Nc3 Bg7 e4 d6 f3 O-O,10,
1260,1348,black,300+0,e4 c5 Bc4 d6 Qf3 Nc6 Qxf7+ Kd7 Be6+ Kc7,10,
1984,1853,white,60+0,e4 e6 Nf3 d5 e5 f6 d4 c5 exf6 cxd4,10,
1743,1685,black,180+0,d4 d5 g3 f6 Bg2 c5 Nf3 Nc6 dxc5 e5,10,
1487,1595,black,240+3,e4 d5 exd5 Qxd5 d4 Nf6 Nc3 Qa5 Nf3 Bf5,10,
1467,1548,black,60+0,e4 b6 d3 Bb7 f3 e6 Bf4 Qe7 Ne2 Nc6,10,
1647,1792,white,420+8,e4 c5 Nf3 d6 d4 cxd4 Nxd4 Nf6 Nc3 Nc6,10,
1400,1282,white,420+8,e4 c5 d4 cxd4 Qxd4 Nc6 Qd1 d5 exd5 Ne5,10,
1991,1846,white,60+0,b3 e6 Bb2 d5 Bxg7 Nf6 Bxh8 Be7 Nf3 c5,10,
1299,1485,black,420+0,e4 e5 d4 exd4 Qxd4 Nc6 Qd1 d6 c3 Nf6,10,
1887,1665,black,1200+4,e4 d5 e5 e6 d4 c5 c3 Nc6 Ne2 Qb6,10,
1237,1148,white,840+0,e4 d5 Qf3 c6 Nh3 f5 exf5 Nh6 f6 gxf6,10,
1839,1998,draw,60+0,d4 c6 c4 d5 Nc3 e6 Nf3 dxc4 g3 b5,10,
1616,1397,white,900+30,e4 c5 Nf3 Nc6 d4 Qa5+ Nc3 e6 d5 Nb8,10,
1585,1771,white,300+15,e4 e5 Nf3 d5 exd5 Qxd5 Nc3 Qd6 Nb5 Qc5,10,
1838,1803,black,300+11,e4 e5 f4 exf4 Nf3 Nc6 Bc4 h6 c3 Bc5,10,
1821,1678,white,120+0,e4 e5 f4 d6 Nf3 Be7 d4 exf4 Bxf4 Nc6,10,
1650,1468,white,180+0,d4 Nf6 Nc3 d5 Bf4 Nc6 Nb5 Bd7 Nxc7+,9,
1834,1773,black,180+0,e4 d6 d4 c6 Bc4 g6 Nc3 e6 Nf3 b5,10,
1657,1422,white,180+0,d4 c6 e4 d6 h4 Nf6 Nc3 h6 f3 Nbd7,10,
1713,1811,black,300+0,e4 Nf6 Nc3 e5 d4 exd4 Qxd4 Be7 Bf4 Nc6,10,
1377,1557,white,60+0,e4 b6 d4 Bb7 d5 e6 Nc3 Qe7 Nf3 f6,10,
1505,1500,black,600+5,e4 c5 d4 cxd4 Qxd4 Nc6 Qd1 e5 Bd3 Nf6,10,
1632,1709,white,540+8,e4 c5 Bc4 e6 Nf3 a6 d3 b5 Bb3 Bb7,10,
1358,1500,white,120+0,e4 c5 Bb5 Nc6 Bxc6 dxc6 Nf3 c4 d3 cxd3,10,
1698,1730,black,180+0,e4 d5 exd5 Qxd5 c4 Qe5+ Be2 Bg4 f3 Bf5,10,
1624,1631,white,660+6,e4 e5 Nf3 Nc6 Bc4 Bc5 d3 h6 Nc3 d6,10,
1248,1463,black,300+0,e4 b6 Bc4 Bb7 Qf3 e6 d4 f5 Qh5+ g6,10,
1394,1541,black,60+0,e4 b6 d4 Bb7 d5 e6 Nf3 Qe7 dxe6 dxe6,10,
1844,1993,black,60+0,d4 g6 c4 Bg7 Nc3 d6 Nf3 Nf6 g3 O-O,10,
1670,1828,white,120+0,e4 c5 Nf3 d5 g3 dxe4 Ng1 b6 Bg2 Bb7,10,
1837,1654,white,300+8,e4 e5 Nf3 Bc5 Nxe5 Qh4 Qe2 Nf6 Nxf7 Nxe4,10,
1755,1454,white,600+8,e4 e5 d4 exd4 Nf3 Nc6 Nxd4 Qf6 Be3 Bb4+,10,
1630,1884,black,300+8,g3 d5 c4 dxc4 Qa4+ Bd7 Qxc4 e6 Bg2 c6,10,
1740,1688,white,180+0,d4 d5 e3 c5 Be2 f6 c3 e5 h3 Nc6,10,
2000,1837,white,60+0,d4 e6 c3 d5 e3 Nf6 Bd3 c5 Nd2 cxd4,10,
1369,1288,white,120+0,e4 d5 e5 Bf5 d4 g5 Bxg5 e6 Bxd8 Kxd8,10,
1611,1638,white,240+0,d4 b5 c4 bxc4 e4 Bb7 Nc3 f5 d5 Nf6,10,
1831,2006,draw,60+0,d4 c5 c4 cxd4 Qxd4 Nf6 Qd1 g6 Nc3 Bg7,10,
1776,1663,white,420+8,e4 d6 f4 c5 Nf3 Bd7 b3 Nc6 Bb2 a6,10,
1469,1239,white,300+0,g3 e5 Bg2 Qf6 b3 Bc5 e3 Nh6 Bb2 Nf5,10,
1531,1626,black,360+5,d4 e6 c4 c5 dxc5 Bxc5 Bd2 Nc6 a3 Qf6,10,
1636,1809,black,660+6,e4 e5 Nf3 Nc6 Bc4 Bc5 h3 Nf6 d3 h6,10,
1387,1547,white,60+0,e4 b6 d4 Bb7 d5 e6 Nc3 Qe7 dxe6 dxe6,10,
1646,1591,white,600+10,e4 e5 Bc4 Nf6 Nf3 Nc6 Nc3 h6 d3 Bc5,10,
1552,1417,white,300+2,d4 c6 e4 d6 c4 Nf6 Nc3 Bg4 f3 Bc8,10,
1488,1762,white,600+0,e4 e5 Nf3 Nc6 d4 Qf6 d5 Nd4 Nxd4 exd4,10,
1450,1435,white,-,e4 e5 Nf3 Nc6 Bc4 Bc5 c3 Nf6 d4 exd4,10,4665.43
1787,1821,black,180+0,e4 e6 d3 d5 exd5 exd5 Nf3 c5 Be2 Nc6,10,
1602,1311,white,1140+0,e4 e5 Nf3 Nc6 Bc4 Nf6 d3 Bc5 h3 O-O,10,
1812,1688,white,120+0,e4 e5 f4 exf4 Nf3 d6 d4 Be7 e5 dxe5,10,
1298,1660,black,480+14,g4 e5 g5 Qxg5 h4 Qd8 Nf3 Nc6 e4 Nf6,10,
1634,1523,white,360+5,e4 e5 Nf3 f6 Nh4 h5 Be2 d6 Bxh5+ Ke7,10,
1479,1498,black,180+3,e4 e5 Nf3 Nc6 Bb5 d6 h3 Nf6 d3 Bd7,10,
1481,1371,white,120+0,e4 e5 Nf3 Bc5 Bc4 d6 c3 Bg4 d4 Bxf3,10,
1836,2001,black,60+0,d4 c6 c4 d5 Nc3 e6 Nf3 dxc4 g3 b5,10,
1403,1532,white,60+0,e4 b6 Nf3 Bb7 d3 e6 Be2 Qe7 Be3 f6,10,
1629,1543,white,300+5,e4 e5 Nf3 d6 d4 Nc6 dxe5 dxe5 Qxd8+ Nxd8,10,
1600,1657,white,900+0,e4 e5 c4 c5 d3 d6 Na3 Nc6 Nc2 Nd4,10,
1380,1563,white,60+0,e4 c5 Bb5 a6 Bc4 b5 Bd5 Ra7 d4 cxd4,10,
1601,1548,white,300+1,e4 Nc6 d4 e5 dxe5 Nxe5 f4 Ng6 Nc3 Bc5,10,
1547,1462,black,300+0,e4 d5 exd5 Qxd5 Nc3 Qa5 Nf3 Nc6 a3 e5,10,
1716,1965,black,180+0,e4 c5 Nf3 Nc6 Bb5 g6 d4 cxd4 Nxd4 Bg7,10,
1632,1509,black,1020+1,e4 c5 c4 d6 Nc3 e5 Nd5 Nf6 Qa4+ Bd7,10,
1903,1913,black,180+3,e4 c5 d3 d5 exd5 Qxd5 Nc3 Qd8 Nf3 Nf6,10,
1835,1704,draw,300+0,d4 e5 e3 exd4 Qxd4 Nf6 Qd1 d5 Nf3 Bg4,10,
2008,1830,black,60+0,d4 e6 c4 d5 Nf3 Nf6 g3 c5 Bg2 cxd4,10,
1643,1380,black,300+0,e4 h6 Qh5 e6 Bc4 c6 Nf3 b5 Bb3 Be7,10,
1707,1747,black,900+0,e4 e5 Nf3 Nc6 d4 exd4 Nxd4 Nf6 Nc3 Bb4,10,
1408,1484,black,300+8,e4 e6 d4 Nf6 e5 Nd5 Bc4 Nc6 Bxd5 exd5,10,
1396,1521,black,60+0,e4 b6 d4 Bb7 d5 e6 Nc3 Qe7 Nf3 f6,10,
1274,1463,black,420+0,e4 e5 Nf3 d6 Nc3 c6 d4 Nd7 dxe5 dxe5,10,
1663,1303,white,180+0,d4 d5 Nc3 e6 a3 Qf6 e4 e5 Nxd5 Qd6,10,
1749,1819,white,180+0,d4 Nf6 g3 e6 Bg2 c6 e4 d5 e5 Nfd7,10,
1515,1351,white,240+5,e4 e5 f4 exf4 Nf3 Nc6 Bc4 Nf6 Nc3 Bb4,10,
1679,1820,white,120+0,e4 b6 f3 d5 exd5 Bb7 b3 Bxd5 Bb2 Nf6,10,
1549,1677,black,240+0,g3 d5 Bg2 Nf6 c4 dxc4 Qa4+ Nc6 Qxc4 Bd7,10,
1387,1286,white,60+0,e4 e5 f4 Nc6 Bc4 exf4 d4 d6 Bxf4 Be7,10,
1769,1757,black,60+1,e4 c6 Nf3 d6 Nc3 g6 d4 Bg7 Bg5 Nf6,10,
1370,1451,black,360+0,e4 e5 Bc4 Bc5 Nf3 Qf6 O-O c6 d3 d5,10,
1969,1831,black,180+0,e4 e6 Nf3 d5 exd5 exd5 d4 Be6 Nc3 Nf6,10,
1375,1307,black,600+0,e4 e5 Nf3 Nc6 Bc4 Nf6 d3 Bc5 c3 d5,10,
1846,1991,black,60+0,d4 c6 c4 d6 Nc3 Nf6 Nf3 g6 g3 Bg7,10,
1655,1784,draw,420+8,e4 Nf6 e5 Nd5 d4 d6 Nc3 Nxc3 bxc3 dxe5,10,
1815,1779,white,300+11,e4 e5 Nf3 Nc6 Bc4 Bc5 Nc3 d6 a3 Bg4,10,
1804,1696,white,120+0,e4 e5 f4 exf4 d4 d6 Nf3 Be7 Bxf4 Nf6,10,
1888,1282,white,300+8,e4 c5 Nf3 Nc6 d4 d6 Bb5 Bd7 O-O Qa5,10,
1582,1579,black,600+10,e4 c5 Bc4 Nc6 c3 Nf6 d3 e6 Nh3 d5,10,
1776,1768,white,180+0,e4 g6 d3 Bg7 Nf3 b6 c3 Bb7 Be3 h6,10,
1998,1839,white,60+0,c4 e6 b3 d5 Bb2 Nf6 cxd5 exd5 Nf3 Bd6,10,
1666,1597,white,180+0,d4 d5 Nc3 c5 e3 Nc6 dxc5 Nf6 Bb5 e5,10,
1693,1542,black,240+0,e4 c5 Nf3 Nc6 Bb5 e6 Bxc6 bxc6 d4 Ba6,10,
1326,1035,white,300+4,e3 e5 Nf3 Nc6 d4 exd4 Nxd4 Nxd4 Qxd4 c5,10,
1605,1566,draw,1200+5,e4 c5 Nf3 Nc6 Bc4 e6 Nc3 g6 d3 Bg7,10,
1403,1488,black,120+0,e4 e5 d4 exd4 Qxd4 Nc6 Qa4 d6 Nc3 Bd7,10,
1833,2005,white,60+0,e4 c6 Nf3 d5 exd5 cxd5 d4 Nf6 c4 Bg4,10,
1807,1763,black,180+0,e4 d5 exd5 Qxd5 Nf3 Qe6+ Be2 c6 O-O g6,10,
1708,1812,white,300+0,e4 b6 d4 Bb7 Nc3 e6 Nf3 Nf6 Bg5 Be7,10,
1500,1664,black,300+1,e4 e6 d4 d5 e5 c5 Bb5+ Bd7 Qd3 Qb6,10,
1869,1692,white,1200+4,e4 d5 exd5 Nf6 d4 c6 dxc6 Nxc6 c3 Bf5,10,
1493,1399,black,300+8,e3 e5 Bc4 d6 Nc3 a6 d4 Nc6 d5 Nce7,10,
1376,1754,black,720+0,e3 e5 g3 c6 Bg2 b6 Nh3 Bb7 O-O d5,10,
1419,1492,black,300+0,e4 e5 Qh5 Nc6 c3 Nf6 Qh4 Be7 d3 O-O,10,
1269,1202,white,420+0,e4 Nf6 Nc3 e5 Nf3 c5 Nxe5 Qe7 Nf3 Nxe4,10,
1988,1849,white,60+0,e4 e6 Nf3 d5 e5 c5 d4 f6 dxc5 Bxc5,10,
1759,1758,black,1320+8,d4 Nf6 Nf3 g6 c4 d5 e3 Bg7 Nc3 O-O,10,
1758,1688,white,60+1,e4 e5 Nf3 d6 Nc3 Be7 d4 Nf6 dxe5 dxe5,10,
1846,1954,black,180+0,e4 c5 Bc4 Nc6 Nc3 g6 Nf3 Bg7 O-O Nf6,10,
1696,1929,black,300+0,c4 Nf6 Nc3 d6 Nf3 g6 d4 Bg7 g3 O-O,10,
1316,1361,black,300+8,e4 e5 Nf3 Nc6 Bc4 Bc5 b4 Bxb4 c3 Bc5,10,
1498,1228,white,120+0,e4 h6 Nf3 e6 Bc4 d6 d4 Be7 d5 e5,10,
1842,1995,draw,60+0,d4 Nf6 c4 e5 Nc3 exd4 Qxd4 Nc6 Qd1 Bb4,10,
1468,1398,black,900+8,e4 e5 Nf3 d6 b3 Bg4 Bb5+ c6 Be2 Bxf3,10,
1629,1663,white,660+6,e4 e5 Nf3 d6 Bc4 a5 d3 c6 a3 Be6,10,
1322,1882,black,600+0,e4 Nf6 e5 Nd5 c4 Nb6 d4 Nc6 Be3 d6,10,
1757,1897,black,180+0,g3 d5 Bg2 Nf6 b3 g6 Bb2 Bg7 e3 O-O,10,
1775,1795,white,180+0,d4 Nf6 g3 e6 Bg2 Be7 a3 O-O c4 c6,10,
1845,1850,white,300+15,e4 e6 Bc4 d5 exd5 exd5 Bb3 Nf6 Nf3 Be6,10,
1741,1508,black,600+0,e4 e5 Bc4 Nf6 d3 d5 exd5 Nxd5 Qh5 Nc6,10,
1557,1661,black,240+0,d4 d5 Nf3 c6 Nc3 Nf6 g3 Bf5 Bg2 Bg6,10,
1962,1838,white,180+0,e4 e6 Nf3 d5 exd5 exd5 d4 Nf6 Nc3 Bd6,10,
1991,1847,white,60+0,e4 e6 d4 d5 Nd2 c5 exd5 cxd4 dxe6 Bxe6,10,
1591,1571,draw,600+10,d4 e6 c4 Nf6 Nc3 Nc6 Bg5 Be7 Nf3 h6,10,
1690,1320,white,1200+10,d4 d5 c4 dxc4 e3 Nc6 Bxc4 Nf6 Nf3 e6,10,
1511,1494,black,600+5,e4 e5 Bc4 c6 d3 d5 exd5 cxd5 Bb3 Be6,10,
1483,1475,black,180+0,e4 d5 Nf3 dxe4 Ng1 Nf6 Bc4 Nc6 d3 exd3,10,
1497,1352,white,1200+0,e4 e5 Nf3 d6 h3 f5 d3 fxe4,8,
1230,1503,black,120+0,e4 e5 Qh5 Qf6 Qf3 Bc5 Bc4 c6 Qxf6 Nxf6,10,
1831,1969,black,180+0,e4 c5 Bc4 Nc6 Nf3 g6 O-O Bg7 d3 Nf6,10,
1423,1520,black,120+4,e4 e5 Bc4 Nf6 d3 Bc5 Bg5 d6 Qf3 Nbd7,10,
1840,1998,black,60+0,d4 d5 c4 e6 Nc3 c6 Nf3 dxc4 e4 b5,10,
1631,1400,white,1800+0,e4 h6 Qf3 e6 a3 c6 Bc4 Be7 Ne2 b5,10,
1321,1636,black,600+0,e4 c5 e5 Nc6 Nf3 d6 exd6 Qxd6 Bc4 e6,10,
1767,1936,black,60+1,e4 e6 Nf3 d5 exd5 exd5 d4 Nf6 Nc3 c6,10,
1730,1820,black,300+3,e4 c6 d4 d5 Nd2 Qa5 c3 dxe4 Nxe4 Nd7,10,
1918,1750,white,180+0,Nf3 g6 g3 Bg7 Bg2 d6 O-O e6 d4 h6,10,
1787,1627,white,180+0,d4 b5 g3 Bb7 Nf3 e6 Bg2 c5 dxc5 Bxc5,10,
2004,1833,white,60+0,e4 e6 Nf3 d5 exd5 exd5 d4 Nf6 Bd3 c5,10,
1677,1638,black,180+0,d4 e6 a3 d5 Nc3 c5 e3 Nc6 dxc5 Bxc5,10,
1503,1500,white,1200+0,e4 e5 f4 exf4 Nf3 Bc5 d4 Bb6 Bxf4 d6,10,
1854,1875,black,1200+4,d4 d5 c4 e6 Nc3 Nf6 Bg5 Be7 e3 h6,10,
1608,1784,white,180+3,e4 Nf6 Nc3 e5 Nf3 d6 Bc4 Be7 d3 O-O,10,
1833,2004,white,60+0,e4 c6 Nf3 d5 e5 Bg4 d4 e6 Be2 c5,10,
1399,1502,black,300+1,e4 e5 Bc4 Nc6 Nc3 Nf6 Nf3 h6 d4 exd4,10,
1313,1030,white,300+0,e4 e5 Nf3 Nc6 Bb5 a6 Bxc6 dxc6 a3 Bg4,10,
1756,1372,white,720+0,e4 e6 Nf3 b6 d3 Bb7 Bf4 g6 Be5 Nf6,10,
1919,1740,white,480+0,e4 e5 Nf3 Nf6 Bc4 Nxe4 Nxe5 d5 Qf3 Be6,10,
1954,2098,black,120+0,e4 d6 d4 g6 Nc3 Bg7 Nf3 Nf6 a4 c6,10,
1339,1283,black,300+0,e4 e5 Qh5 Qf6 Nf3 h6 Qxe5+ Qxe5 Nxe5 Bd6,10,
1571,1590,white,600+10,e4 c5 Bc4 Nc6 c3 Nf6 d3 e6 Bg5 d5,10,
1976,1824,white,180+0,d4 e6 c4 d5 Nc3 c6 Nf3 Nf6 Bg5 Be7,10,
1988,1827,black,60+0,d4 e6 Nf3 d5 c4 Nf6 cxd5 exd5 g3 c5,10,
1375,975,white,300+3,e4 e6 Nf3 c6 Bc4 Bc5 c3 Qb6 O-O Bd6,10,
1384,1555,black,180+15,e4 g6 Nf3 Bg7 d4 a6 d5 Nf6 Bc4 Nxe4,10,
1528,1414,white,120+4,e4 d6 Nf3 c5 d4 Nc6 d5 Ne5 Nxe5 dxe5,10,
1549,1533,black,300+0,Nf3 d5 c4 dxc4 Qa4+ Qd7 Qxc4 Nc6 b4 Nf6,10,
1278,1293,white,420+0,e4 e5 Nf3 Nc6 Nc3 Bc5 Bb5 a6 Bxc6 bxc6,10,
1736,1825,white,300+11,e4 e5 f4 exf4 Nf3 Bc5 d4 Bb6 Bxf4 d6,10,
1638,1602,white,300+5,e4 e5 Nf3 Nc6 Bb5 a6 Ba4 Nf6 O-O b5,10,
1645,1645,black,600+0,e4 e5 Nf3 d6 d4 exd4 Nxd4 Nf6 Nc3 Be7,10,
1289,1478,white,720+8,e3 e6 Nc3 Nc6 b3 b6 g3 g6 Bg2 Bg7,10,
1770,1683,white,1320+8,e4 d5 exd5 Nf6 Bb5+ Bd7 Bc4 c6 Nc3 g6,10,
1843,1972,draw,60+0,d4 f5 c4 Nf6 Nc3 e6 Nf3 Bb4 g3 Bxc3+,10,
1858,2039,white,300+8,e4 c5 Nf3 d6 g3 e6 Bg2 b5 O-O Bb7,10,
1744,1935,white,180+0,g3 c6 Bg2 Nf6 b3 d5 Bb2 g6 Bxf6 exf6,10,
1390,1603,black,300+0,e4 d5 e5 Nc6 Nf3 e6 Bb5 Ne7 d4 a6,10,
1793,1999,draw,180+0,d4 e6 g3 Nf6 Bg2 Be7 Nf3 O-O O-O b6,10,
1306,1655,black,1200+10,e4 c5 Bc4 e6 d3 a6 f4 Nc6 Nf3 Qc7,10,
1981,1561,white,480+2,e4 g6 d4 Bg7 c4 Nc6 Nf3 d6 Nc3 Bg4,10,
1818,1982,white,180+0,e4 e5 Bc4 Nf6 Nc3 Nc6 d3 Bb4 Bd2 d6,10,
1391,1622,white,900+30,e4 e5 Qh5 Nc6 Bb5 d6 d3 Be6 Nf3 Nf6,10,
1336,1459,white,120+0,e4 e6 d3 d5 Nc3 dxe4 Nxe4 Nf6 f3 Bd7,10,
1578,1583,white,600+10,d4 e6 c4 Bb4+ Nc3 Nf6 Bd2 a5 a3 Be7,10,
1469,1536,black,180+3,e4 e5 Nf3 d6 Bc4 a5 c3 c6 d4 b5,10,
1317,1391,white,300+0,e4 e5 Nf3 Nc6 Bb5 Nf6 d3 Bb4+ Bd2 Bxd2+,10,
1544,1419,white,180+5,d4 e6 e4 Be7 e5 c5 Nf3 cxd4 Nxd4 Bc5,10,
1610,1747,white,420+5,e4 c5 Nf3 Nc6 Bb5 Nd4 Nxd4 cxd4 O-O a6,10,
1642,1685,white,660+6,e4 c6 Nf3 d5 exd5 cxd5 Bb5+ Bd7 Qe2 a6,10,
1968,1723,white,60+1,e4 c6 Nf3 Qa5 c3 g5 d4 g4 Ne5 h5,10,
1406,1536,black,120+4,e4 e5 Nf3 Nc6 Bc4 Bc5 O-O d6 c3 Nf6,10,
1577,1481,white,300+0,e4 c5 d3 Nc6 Be3 e6 Be2 Nf6 Nf3 d5,10,
1317,1663,black,600+0,e4 c6 e5 d5 d4 Bf5 Bd3 Bxd3 Qxd3 e6,10,
1590,1347,white,360+2,e4 e5 Nf3 Nc6 d4 Nce7 Nxe5 f5 Qh5+ g6,10,
1892,1760,black,180+0,e4 g6 Nf3 Bg7 h4 h6 h5 g5 c3 b6,10,
1682,1746,black,420+7,e4 e5 Nf3 Nc6 d4 exd4 Nxd4 Qf6 Nc3 Nxd4,10,
1455,1847,black,60+0,e4 e6 Nf3 d5 exd5 exd5 Bd3 Nf6 O-O c5,10,
1290,1416,black,420+0,e4 c5 Nf3 e6 e5 Nc6 d4 cxd4 Nxd4 Nxe5,10,
1530,1408,white,1200+0,e4 e5 Nf3 d6 Nc3 Bg4 h3 Bxf3 Qxf3 c6,10,
1397,1535,white,180+2,e4 e5 Qh5 Nc6 Bc4 Qf6 Nc3 Bb4 Nd5 Qg6,10,
1993,1799,white,180+0,e4 d5 exd5 Qxd5 d4 Nc6 Be3 e6 c4 Bb4+,10,
2106,1387,white,120+0,d4 d6 Nf3 Nf6 c4 g6 Nbd2 Bg7 e4 O-O,10,
1733,1926,black,480+0,e4 e5 Nf3 Nc6 Bb5 a6 Bxc6 dxc6 Nc3 Bg4,10,
1316,1156,black,120+10,e4 d5 d3 d4 Bd2 e5 c3 dxc3 Bxc3 f6,10,
1718,1973,black,60+1,c3 c6 Qa4 d5 g4 b5 Qf4 Nd7 Bg2 e5,10,
1582,1449,white,360+2,e4 e5 Nf3 d6 d4 exd4 Bc4 Nc6 c3 dxc3,10,
1967,1833,white,180+0,e4 e6 Nf3 d5 exd5 exd5 d4 Be6 Nc3 Nf6,10,
1500,1559,black,360+9,e4 g6 Qf3 Bg7 c3 Nc6 Bc4 Ne5 Qe2 Nf6,10,
1370,1027,white,60+0,d4 e6 c4 Nf6 Nc3 Ng4 e3 Nxf2 Kxf2 Qf6+,10,
1462,1538,black,180+3,e4 c5 Nc3 e6 Nf3 Nc6 g3 g6 Bg2 Bg7,10,
1670,1778,draw,1320+8,e4 g6 d4 Bg7 f4 d6 Nf3 Nf6 e5 dxe5,10,
1772,1722,white,180+3,e4 e5 Nf3 Nc6 Bb5 a6 Ba4 Nf6 O-O Be7,10,
1471,1585,black,300+0,d4 e6 Bf4 d6 e3 b6 c4 Bb7 Nc3 Nd7,10,
1882,1849,draw,60+0,d3 e6 e4 d5 exd5 exd5 c4 Nf6 cxd5 Nxd5,10,
1636,1288,white,1800+0,e4 e6 Qf3 b6 Nh3 d5 e5 Qd7 d4 Qa4,10,
1830,1399,black,300+3,d4 d6 c4 Nf6 Nc3 g6 e4 Bg7 f3 O-O,10,
1810,1812,white,300+0,d4 c6 c4 d5 Nc3 dxc4 a4 Nf6 Nf3 Bg4,10,
1511,1527,white,1200+0,e4 e5 Nf3 Nc6 c3 Nf6 Bc4 Nxe4 O-O d5,10,
1412,1551,white,180+5,e4 e5 Nf3 Nc6 a3 Nf6 Bb5 d6 Bxc6+ bxc6,10,
1811,1789,black,300+11,e4 e5 Nf3 Nc6 Bc4 Bc5 Nc3 Nf6 h3 d6,10,
1016,1390,white,60+0,e4 e6 Nf3 d5 Ne5 dxe4 Nxf7 Kxf7 Qh5+ g6,10,
1793,1999,black,180+0,d4 e6 d5 exd5 Qxd5 c6 Qe4+ Be7 Bg5 d5,10,
1329,1717,black,300+1,e4 e5 Nf3 Nc6 Bc4 Nf6 d3 d5 Bb3 dxe4,10,
1877,1840,black,300+15,e4 c5 Nf3 e6 Bc4 a6 c3 b5 Be2 c4,10,
1460,1546,white,180+3,e4 e5 Nf3 Nc6 Bb5 Nd4 Nxd4 exd4 d3 Bc5,10,
1977,1713,white,60+1,e4 c6 Nf3 Qa5 Nc3 g5 d4 g4 Nd2 h5,10,
1733,1424,black,1800+8,d4 d5 c4 c5 dxc5 d4 e3 Nc6 Nf3 e5,10,
1850,1880,black,60+0,d4 g6 c4 Bg7 Nc3 e6 Nf3 d5 g3 c6,10,
1282,1333,black,420+0,e4 e6 Nf3 d5 exd5 exd5 d4 Nf6 Ne5 Bd6,10,
1826,1974,black,180+0,e4 e5 Bc4 Nf6 Nc3 Bb4 d3 d5 exd5 Nxd5,10,
1377,1424,black,300+1,e4 c5 Bc4 e6 Nc3 a6 d4 cxd4 Qxd4 Nc6,10,
1625,1622,white,600+0,e4 e5 Nf3 Nc6 Bc4 Bc5 c3 Nf6 Qc2 Na5,10,
1437,1631,black,300+10,e4 e5 Qh5 Nc6 Bb5 Nf6 Qf3 Nd4 Qc3 Bd6,10,
1611,1592,black,300+0,e4 d6 d4 e6 c4 b6 Nc3 Be7 Nf3 Nf6,10,
1709,1981,black,60+1,e4 Nf6 e5 Nd5 c4 Nb6 d4 d6 exd6 exd6,10,
2053,2014,black,120+0,e4 c5 Nf3 e6 d4 cxd4 Nxd4 Nf6 Nc3 Bb4,10,
1462,1309,draw,720+8,e4 e6 d4 d5 e5 Nc6 Be3 Nce7 c4 c5,10,
2080,1775,black,180+0,d4 g6 Nf3 Bg7 g3 b6 Bg2 Bb7 O-O d6,10,
1534,1607,black,180+2,e4 e5 Nf3 d5 Nc3 d4 Nd5 c6 Nb4 Bxb4,10,
1250,1301,black,120+10,e4 e6 Nf3 g6 d4 Bg7 e5 d6 c3 dxe5,10,
1321,1531,black,300+1,e4 e5 Nf3 Nc6 Nc3 b6 Bc4 Bb7 d3 h6,10,
1500,1759,white,720+0,e3 e5 g3 Nc6 c3 Nf6 a3 d6 h4 Ng4,10,
1351,1446,black,360+9,e4 e5 Qh5 Nf6 Qxe5+ Be7 d3 Nc6 Qg3 O-O,10,
1578,1705,black,120+0,e4 e5 Bb5 c6 Ba4 Bc5 d3 Nf6 Nf3 b5,10,
1985,1816,white,60+1,e4 c5 Nf3 Nc6 Bb5 g6 Bxc6 dxc6 a4 Bg7,10,
1818,1712,draw,300+0,d4 Nf6 c4 e6 Nf3 d5 e3 c6 Nbd2 Nbd7,10,
1617,1448,white,600+3,e4 e5 c4 Bc5 Nc3 Nf6 Qe2 d6 Na4 Na6,10,
1457,1548,white,660+8,e4 e5 Nf3 Nc6 c3 a6 Bc4 Be7 d4 exd4,10,
1629,1855,black,480+5,e4 e6 Nf3 d5 exd5 exd5 d4 Nf6 Nc3 Bd6,10,
2026,2039,white,120+0,e4 e5 Nf3 Nc6 Bb5 a6 Ba4 Nf6 O-O Be7,10,
1776,2106,black,60+0,d4 d5 Nf3 c6 c4 Nf6 e3 Bg4 Nc3 Bxf3,10,
1572,1590,black,600+10,e4 e5 Nf3 Nc6 Bb5 d6 Bc4 Nf6 d3 Bg4,10,
1546,1722,white,180+3,c4 e5 Nc3 Nf6 d4 exd4 Qxd4 Nc6 Qd1 Bc5,10,
1963,1727,white,480+0,e4 e5 Nf3 Nf6 Nxe5 d5 exd5 Qxd5 d4 Bd6,10,
1559,1421,white,180+3,e4 Nf6 Nc3 d5 e5 Ne4 d4 Bf5 Nf3 e6,10,
1626,1636,white,720+0,e4 e5 Nf3 Nc6 Bb5 d6 Bxc6+ bxc6 O-O Nf6,10,
1832,1670,white,300+1,d4 e6 c4 d5 Nc3 Nf6 Bg5 Bb4 e3 h6,10,
1639,1622,white,1800+0,e4 e6 Qf3 c5 Bc4 Nc6 Ne2 d6 a3 Be7,10,
1747,1595,black,720+0,e4 e5 Bc4 c6 Qh5 Qf6 d3 h6 Nc3 Bc5,10,
1809,1992,black,60+1,d4 d5 c4 c6 Nc3 e6 Nf3 dxc4 a4 Bb4,10,
1331,1410,white,300+0,e4 c6 Nf3 d6 Nc3 Nf6 Bc4 Bg4 O-O Nbd7,10,
1538,1509,black,1200+0,e4 e5 Nf3 d6 Nc3 c6 h3 Nf6 Bc4 h6,10,
1773,2110,black,60+0,e4 c6 Nc3 d5 d3 d4 Nce2 c5 f4 Nc6,10,
2026,2038,white,120+0,e4 c5 Nf3 e6 d4 cxd4 Nxd4 Nf6 Nc3 Bb4,10,
1658,1722,black,480+0,e4 e5 Bc4 Nf6 Nf3 Nc6 Nc3 Bc5 O-O h6,10,
1478,1558,black,420+5,e4 Nc6 Bb5 e5 Bxc6 dxc6 Nf3 Bg4 O-O Nf6,10,
1755,1660,white,420+7,e4 e5 Nf3 Nc6 Bc4 Nf6 Nc3 Nd4 d3 d6,10,
1474,1536,white,240+4,e4 e5 Nf3 Nc6 Bb5 Nf6 d3 d6 h3 Bd7,10,
1509,1486,black,300+0,e4 e5 Nf3 Nc6 d4 d6 dxe5 Nxe5 Nxe5 dxe5,10,
1700,1616,white,180+2,e4 e5 Nf3 d5 exd5 Qxd5 Nc3 Qd6 d4 exd4,10,
1571,1500,white,120+0,e4 c5 Bb5 a6 Ba4,5,
1487,1523,white,240+4,e4 e5 Nf3 Nc6 Bb5 Nf6 d3 d6 h3 Bd7,10,
1692,1562,white,180+3,e4 c5 Nc3 e6 Nf3 Nf6 d4 cxd4 Nxd4 e5,10,
2027,2039,black,120+0,e4 c5 Nf3 Nc6 Bb5 g6 O-O Bg7 c3 d6,10,
1770,1822,black,60+0,d3 d5 e4 dxe4 d4 e6 Be3 Nf6 Nc3 Be7,10,
1603,1694,black,180+0,e4 c5 Bc4 d6 d3 e5 c3 h6 Be3 Nc6,10,
1627,1743,white,600+10,e4 c6 Nc3 d5 exd5 cxd5 Qf3 e6 Bb5+ Bd7,10,
1500,1365,white,120+1,d4 c6 c4 d5 Nc3 Bf5 Nf3 Nf6 e3 e6,10,
1666,1247,white,600+0,e4 g6 d4 Bg7 Nf3 d6 Nc3 Nf6 Bd3 Be6,10,
1832,1761,black,60+0,c4 c6 Nc3 g6 d4 Bg7 g3 Nf6 Bg2 O-O,10,
1873,1552,white,300+0,d4 Nf6 Nf3 c5 dxc5 Nc6 c3 e5 b4 a5,10,
1716,1776,black,300+1,e4 c5 Nf3 Nc6 d4 cxd4 Nxd4 g6 Nc3 Bg7,10,
1598,1578,white,120+0,e4 d5 exd5 Qxd5 Nc3 Qe6+ Be2 Qg6 g3 Bf5,10,
1521,1498,black,300+0,e4 e5 Nf3 Nc6 Be2 d5 Nc3 dxe4 Nxe4 Bf5,10,
1394,1663,black,300+1,e4 e6 d3 d5 Qe2 dxe4 Qxe4 Nf6 Qf3 Bd7,10,
1863,1791,white,300+15,e4 e6 b3 d5 exd5 exd5 Bb2 Nf6 g3 Bg4,10,
1283,1536,black,960+8,e3 e5 Bc4 d5 Bb5+ Nc6 Nh3 Nf6 O-O Bxh3,10,
1555,1705,black,180+3,d4 d5 b3 Nf6 Bb2 Nc6 f3 e6 Nd2 Bd6,10,
1813,1304,white,420+8,e4 d5 exd5 Qxd5 Nc3 Qe6+ Be2 c5 Nf3 b6,10,
1607,1708,white,180+2,e4 e5 Nf3 Nc6 d4 exd4 Nxd4 Bc5 Be3 Bxd4,10,
1829,1800,white,300+11,e4 e5 f4 exf4 Nf3 Bc5 d4 Bb6 Bxf4 d6,10,
2051,2016,black,120+0,e4 c5 Nf3 e6 d4 cxd4 Nxd4 Nf6 Nc3 Bb4,10,
1512,1444,black,300+2,e4 e6 d4 d5 e5 a6 f4 h5 a3 Be7,10,
1851,1382,white,300+8,e3 e5 g3 Nc6 c3,5,
1276,1387,black,300+8,e4 e5 d4 Qf6 d5 Bc5 Qe2 Na6 Nf3 Ne7,10,
1703,1395,white,60+0,d4 d5 c4 dxc4 Nc3 Nc6 e3 e6 Bxc4 Bb4,10,
1500,1732,white,480+0,d4 c5 d5 e5 c4 d6 e4 h6 Bd3 Nf6,10,
1462,1254,white,300+0,e4 c5 Qh5 g6 Qxc5 d6 Qd4 Nc6 Qxh8,9,
1649,1624,black,480+5,e4 e5 Bc4 Nf6 Nc3 c6 d3 d5 exd5 cxd5,10,
1774,1692,white,60+0,e4 e5 d3 d6 Nc3 Nc6 Nf3 Bg4 Be2 Qe7,10,
2028,2037,white,120+0,e4 c5 Nf3 Nc6 Bb5 g6 O-O Bg7 Re1 d6,10,
1702,1595,white,180+0,d4 d6 b3 e6 a3 Bd7 Bb2 Be7 f3 Nf6,10,
1442,1623,black,600+3,e4 d5 exd5 Qxd5 Nc3 Qd8 Nf3 a6 Bc4 b5,10,
1780,1935,black,420+8,e4 e5 f4 d5 Nf3 dxe4 Nxe5 Bd6 Nc4 f5,10,
1708,1781,black,180+3,d4 Nf6 c4 e5 Nf3 exd4 Nxd4 Be7 Nc3 O-O,10,
1608,1566,black,120+0,e4 d5 exd5 Qxd5 Nc3 Qe6+ Be2 Qg6 g3 Nf6,10,
1601,1566,black,900+30,d4 Nf6 c4 d5 Nc3 dxc4 e3 e6 Bxc4 Bb4,10,
1438,1237,black,300+5,e4 e5 Nf3 Nc6 Bb5 Nf6 Bxc6 dxc6 Nxe5 Bd6,10,
1716,1548,white,180+3,e4 e5 Nf3 Nf6 Nc3 d6 d4 Nc6 d5 Ne7,10,
2025,2039,black,120+0,e4 c5 Nf3 e6 d4 cxd4 Nxd4 Nf6 Nc3 Bb4,10,
1310,1510,black,180+5,e4 e5 Nc3 Nc6 a3 Nf6 d3 d6 Be2 Be7,10,
1868,1553,white,300+20,e4 c6 d4 d6 Nf3 Nf6 Nc3 Bg4 Be2 Nbd7,10,
1707,1807,black,300+1,e4 c5 Nf3 Nc6 d4 cxd4 Nxd4 g6 Nc3 Bg7,10,
1459,1496,white,300+2,d4 d5 e3 Nf6 a4 a5 h3 Bf5 h4 h6,10,
1840,1783,white,60+0,d4 d6 c4 g6 Nc3 Bg7 Nf3 Nf6 g3 O-O,10,
1267,1830,black,900+8,d4 Nf6 Qd3 d5 Bg5 Ne4 h4 Nxg5 hxg5 g6,10,
1683,1597,white,60+1,e4 a6 f4 b5 d4 Bb7 e5 e6 Nf3 Ne7,10,
1548,1899,black,300+0,e4 e6 Nf3 d5 exd5 Qxd5 Nc3 Qd8 d4 Nf6,10,
1536,1667,black,300+1,e4 e6 b3 d5 exd5 exd5 Nc3 Nf6 Bb2 Be6,10,
1889,1459,white,300+8,e4 Nf6 Nc3 e5 d3 Bb4 Bd2 O-O Be2 Bxc3,10,
1553,1430,white,0+5,Nf3 b6 c4 Bb7 g3 g6 Bg2 Bg7 Nc3 e6,10,
1499,1631,white,240+4,e4 e5 Nf3 d6 Bb5+ Nc6 c3 a6 Ba4 b5,10,
1337,1580,white,120+0,e4 d5 exd5 Qxd5 Nc3 Qe6+ Be2 Qg6 Bf3 c6,10,
1694,1621,black,180+2,e4 e5 Nf3 d6 d4 exd4 Nxd4 Be6 Nc3 a6,10,
1509,1489,white,300+0,e4 e5 Nf3 Nc6 d4 Nxd4 Nxd4 exd4 Qxd4 d6,10,
2050,2013,black,120+0,e4 c5 Nf3 Nc6 Bb5 g6 O-O Bg7 c3 Nf6,10,
1773,1774,black,60+0,e4 e5 d3 Nc6 Nc3 Nf6 Nf3 d5 Be2 dxe4,10,
1333,1223,white,60+1,e4 h6 d4 e6 Nc3 c6 f4 a6 Be3 Bb4,10,
1460,1588,black,180+0,e4 d6 d4 e6 Nf3 b6 Bc4 Be7 d5 e5,10,
1514,1616,black,240+4,e4 e5 Nf3 d6 Bb5+ Nc6 c3 Be6 h3 a6,10,
1920,1542,white,300+0,d4 c5 dxc5 Qa5+ c3 Qxc5 b4 Qc7 Nf3 Nf6,10,
1775,1675,white,1320+8,e4 e5 d4 exd4 Nf3 Nf6 e5 Qe7 Qxd4 Nc6,10,
1601,1492,white,900+0,d4 e6 c4 c5 Nf3 a6 Bg5 Be7 Bxe7 Nxe7,10,
1873,1989,white,300+15,e4 e6 b3 b6 Bb2 Bb7 Nc3 c5 d3 d5,10,
1790,1699,black,180+3,e4 c5 Nf3 Nc6 c4 d6 d4 cxd4 Nxd4 Nf6,10,
1850,1763,white,60+0,d4 g6 c4 Bg7 Nc3 Nf6 Nf3 O-O g3 Nc6,10,
1529,1620,black,300+0,e4 a6 Qh5 Nf6 Qh4 Nc6 Nc3 e6 d3 Be7,10,
1788,1802,black,180+0,d4 c5 d5 d6 g3 e5 Bg2 f5 e3 Nf6,10,
1713,1641,black,360+5,e4 e5 Nf3 Nc6 Bc4 Nf6 Ng5 d5 exd5 Na5,10,
1595,1516,white,180+0,e4 b6 Bc4 Bb7 d3 e6 a3 Ne7 c3 d5,10,
1520,1787,black,60+1,e4 e5 Nf3 Nc6 Bc4 Bc5 Nc3 Nf6 d3 d6,10,
1720,1829,black,480+0,e4 e6 Nc3 d5 d4 Nf6 Bb5+ c6 e5 Nfd7,10,
1858,1754,white,60+0,e4 e5 f4 exf4 d4 Nf6 Bxf4 Nxe4 Be5 Qe7,10,
1730,1636,white,720+0,e4 e5 Bc4 Nf6 d3 d5 exd5 Nxd5 Qf3 c6,10,
1506,1545,white,240+4,e4 e5 Nf3 Nc6 Bb5 a6 Ba4 Be7 c3 Nf6,10,
1410,1637,black,300+8,e4 c5 Nf3 e6 e5 Nc6 Bb5 Qc7 Bxc6 Qxc6,10,
1689,1639,black,1800+8,d4 Nf6 e3 d5 Bd3 c5 c4 e6 a3 cxd4,10,
1691,1833,black,60+1,e4 d5 e5 Nc6 f4 f6 Nf3 fxe5 fxe5 Bg4,10,
1507,1284,black,120+0,e4 e5 Nf3 Qe7 Bc4 h6 O-O Nf6 Re1 d6,10,
1303,1614,black,300+1,e4 d5 d3 Nc6 Nc3 Nf6 f3 e5 exd5 Nxd5,10,
1578,1586,white,900+30,Nf3 Nf6 d4 d5 Nc3 Bg4 h3 Bxf3 exf3 e6,10,
1642,1395,white,300+8,e4 e5 Bc4 Nf6 Nc3 Bc5 Nf3 d6 d3 O-O,10,
1596,1792,white,60+1,e4 e5 Nf3 Nc6 d4 exd4 Nxd4 Bc5 Nxc6 Qf6,10,
1753,1837,draw,300+8,e4 d5 exd5 Qxd5 Nf3 c6 Nc3 Qa5 d4 Bg4,10,
1462,1579,black,180+0,e4 e5 Nf3 Nc6 d3 Nf6 Be2 Bc5 O-O d6,10,
1526,1443,black,1200+0,e4 e5 Nf3 d6 Nc3 a6 Bc4 h6 d3 Nc6,10,
1496,1535,black,300+5,e4 Nc6 c3 d5 Qf3 d4 b4 dxc3 dxc3 Nf6,10,
2026,1803,black,60+0,d4 d5 c4 e6 Nc3 Nf6 Nf3 Be7 Bf4 Nbd7,10,
1519,1473,white,300+0,e4 e6 d4 d5 exd5 Qxd5 c4 Qd8 d5 exd5,10,
1362,1539,white,300+2,e4 c5 Nf3 f6 c3 Nc6 Bb5 Qb6 Bxc6 Qxc6,10,
1866,1746,white,60+0,d4 d6 c4 g6 Nc3 Bg7 Nf3 Nf6 g3 O-O,10,
1834,1691,black,300+3,c3 e5 Qa4 Nc6 g4 d5 Bg2 Nf6 g5 Nh5,10,
1460,1835,black,900+8,e4 e5 Nf3 Nc6 Bc4 Nd4 Nxe5 Qg5 Nxf7 Qxg2,10,
1567,1581,black,600+0,e4 c5 Bc4 Nc6 d3 d6 Nc3 h6 Bd2 Bd7,10,
1520,1726,black,300+0,e4 e5 Qh5 Nc6 Bb5 Nf6 Qh4 Nd4 Bd3 d5,10,
1821,2008,white,60+0,d4 e6 c4 Nf6 Nc3 Bb4 Nf3 Bxc3+ bxc3 d6,10,
1786,1886,white,1200+4,d4 d5 Nf3 Nf6 c4 e6 Nc3 Nbd7 Bg5 c6,10,
1685,1622,black,60+1,e4 d5 exd5 Nf6 Nc3 c6 d4 cxd5 f4 Bf5,10,
1813,1777,black,180+0,e4 d5 exd5 Qxd5 Nc3 Qe5+ Be2 Bg4 d4 Bxe2,10,
1244,1601,black,600+0,c4 e5 b3 Nf6 Bb2 d6 Nc3 Be7 e4 Nc6,10,
1708,1790,white,360+10,d4 g6 c4 Bg7 e4 Nf6 e5 Ng8 f4 Nh6,10,
1586,1444,white,180+0,e4 e5 Nf3 Nc6 Bc4 Be7 Nc3 Nf6 d3 O-O,10,
1772,1422,white,60+1,e4 b6 d4 Bb7 Bd3 g6 Nf3 Bg7 O-O e6,10,
1739,1873,black,60+0,d4 e6 Nf3 c5 e3 cxd4 exd4 d5 Nc3 Nc6,10,
1369,1387,black,60+1,e4 d6 d4 Nf6 Nc3 g6 f4 Bg7 e5 dxe5,10,
1700,1660,black,300+0,d4 Nf6 e3 c5 dxc5 e5 b3 Bxc5 Bb2 d6,10,
1500,1648,black,300+8,e4 e5 Qh5 Nc6 Bc4 Qe7 d4 exd4 Bg5 Nf6,10,
1510,1370,black,300+8,d4 c5 dxc5 Qa5+ Nc3 Qxc5 Be3 Qc6 Nf3 d5,10,
1880,1732,white,60+0,d4 d6 c3 g6 Nf3 Bg7 g3 Nf6 Bg2 O-O,10,
1990,1839,black,60+0,d4 d5 c4 e6 Nc3 Nf6 Nf3 Be7 Bg5 Nbd7,10,
1239,1281,black,60+0,e4 d5 d3 dxe4 dxe4 Qxd1+ Kxd1 f5 Bd3 fxe4,10,
1523,1384,black,300+2,c4 e5 Nc3 Nf6 d4 d6 d5 c6 e4 cxd5,10,
1650,1783,black,1800+0,e4 c5 Qf3 Nc6 Bc4 Ne5 Qb3 Nxc4 Qxc4 e6,10,
1419,1776,black,60+1,g3 d5 Bg2 c6 b3 e5 Bb2 Bd6 d3 Nf6,10,
1669,1603,white,180+0,e4 d6 Nc3 e6 d4 b6 Nf3 Be7 Bd3 Bb7,10,
1334,1848,black,900+8,e4 e5 Nf3 Nc6 Nc3 Nf6 d4 exd4 Nxd4 Bb4,10,
1726,1887,black,60+0,e4 e6 d3 d5 c3 dxe4 d4 c5 Ne2 cxd4,10,
1326,1488,black,120+0,e4 e5 Nf3 Qf6 d4 exd4 Nxd4 Bc5 Be3 Nh6,10,
1291,1305,white,300+1,e4 e6 d4 c6 Bc4 Ne7 Nc3 b5 Bb3 g6,10,
1290,1229,white,60+0,g3 c5 Bg2 Nc6 c4 e5 Qa4 a6 b4 d6,10,
1856,1973,black,60+0,d4 Nf6 c4 e6 Nc3 Bb4 Bg5 c5 Nf3 Qa5,10,
1789,1776,white,180+0,d4 Nf6 g3 e6 Bh3 Be7 Nf3 O-O O-O d5,10,
1243,1488,black,300+0,e4 c6 d4 d5 e5 Bf5 g3 e6 Bg2 Bb4+,10,
1789,1701,white,300+11,e4 e5 Nf3 Nc6 Bc4 Nf6 Nc3 Bc5 h3 d6,10,
1230,1380,white,300+8,e4 d5 exd5 Qxd5 Nc3 Qe5+ Qe2 Nc6 Qxe5 Nxe5,10,
1671,1840,white,60+1,e4 d5 e5 e6 f4 Nc6 Nf3 h6 d4 g5,10,
1462,1528,black,300+0,d4 e5 e3 exd4 a4 dxe3 Bxe3 d5 b3 Nf6,10,
1708,1810,black,300+3,c4 e5 Nc3 Nf6 e4 c6 Be2 d5 exd5 cxd5,10,
1537,1452,white,300+0,e4 e6 d4 d5 exd5 Qxd5 c4 Qd8 Nc3 c6,10,
1572,1629,white,600+1,e4 g6 Nf3 d6 Nc3 a6 d3 Bh6 Bxh6 Nxh6,10,
1893,1719,black,60+0,e4 c6 Nf3 Qc7 c3 d5 d3 dxe4 dxe4 e5,10,
1451,1425,white,300+0,d4 e6 e4 Qh4 Nc3 Bb4 Qf3 Bxc3+ bxc3 Nc6,10,
1221,1299,black,60+0,e4 d5 exd5 Qxd5 Nc3 Qd8 Nf3 Bg4 d4 e5,10,
1779,1388,white,60+1,e4 d6 d4 e6 Bd3 b6 Nf3 Bb7 Be3 Nd7,10,
1981,1848,white,60+0,d4 d5 c4 e6 Nc3 Nf6 Nf3 Be7 Bg5 Nbd7,10,
1429,1593,black,180+0,e4 e5 Nf3 Nc6 Bb5 Bc5 Bxc6 dxc6 Nxe5 Bxf2+,10,
1179,1439,black,180+4,e3 e6 g3 f6 Bg2 Bd6 b3 Ne7 Bb2 O-O,10,
1416,1679,black,120+4,e4 e5 Bc4 Nf6 d3 Nc6 Nc3 Na5 a3 Nxc4,10,
1654,1474,white,900+0,d4 d5 c4 dxc4 Nc3 a6 a4 c6 d5 e6,10,
1688,1735,white,60+1,e4 e5 f4 Nc6 Nf3 exf4 h4 h6 d4 Be7,10,
1307,1212,black,60+0,g3 c5 Bg2 Nc6 c4 e6 e3 d5 cxd5 exd5,10,
1606,1458,white,1200+30,d4 d5 Nf3 Nc6 Nc3 Nf6 Bf4 Bf5 e3 e6,10,
1556,1385,white,600+0,e4 d5 exd5 Qxd5 Nc3 Qe5+ Be2 Bg4 f3 Bf5,10,
1840,1989,black,60+0,e4 c5 Nf3 Nc6 d4 cxd4 Nxd4 Nf6 Nc3 e6,10,
1512,1395,white,1200+0,e4 g6 Nf3 c6 Nc3 b5 a3 e6 h3 h6,10,
1800,1815,white,180+0,d4 d5 g3 e6 Bh3 Nf6 Nf3 Be7 O-O O-O,10,
1628,1600,white,180+0,e4 e5 Nf3 Nc6 Bb5 Bc5 Bxc6 dxc6 O-O Nf6,10,
1439,1415,white,0+10,e4 e5 Nf3 Nf6 Bc4 Qe7 d3 Qb4+ Nc3 Bc5,10,
1872,1460,white,300+20,e4 e5 Nf3 Nc6 Bc4 Nf6 Ng5 d5 exd5 Nxd5,10,
1362,1741,black,300+2,e4 d6 d4 e6 d5 exd5 exd5 Nf6 Qe2+ Be7,10,
1130,1884,black,900+5,d4 Nf6 c4 e6 Nc3 d5 Qd3 Nc6 g3 Nb4,10,
1226,1294,black,60+0,e4 b6 d4 Bb7 Nc3 d5 f3 dxe4 fxe4 e5,10,
1386,1781,black,60+1,e4 e5 Bc4 Nf6 d3 Bc5 c3 Nc6 b4 Bb6,10,
1533,1567,black,600+0,e4 Nc6 Bc4 Nf6 Nc3 e6 Nh3 Bb4 f3 Bxc3,10,
1683,1412,black,120+4,e4 d6 Nc3 Nf6 d4 g6 Bg5 Bg7 Qd2 h6,10,
1500,1381,black,180+8,e4 e5 Nf3 Nf6 Nxe5 d6 Nc4 Nxe4 Qf3 d5,10,
1618,1434,white,360+0,e4 c5 d4 cxd4 Qxd4 Nc6 Qd1 e6 Bd3 Qb6,10,
1404,1508,black,300+2,d4 c6 c4 Nf6 Nf3 d5 Bf4 dxc4 e3 Qa5+,10,
1534,1438,white,300+0,d4 d5 c4 c6 Nc3 Nf6 Bg5 Nbd7 e3 b6,10,
1274,1514,white,420+0,e4 e5 Nf3 d6 Nc3 Bg4 Be2 c6 d4 exd4,10,
1700,1877,black,60+0,e4 e6 f4 d5 exd5 exd5 Nc3 c5 d4 Nf6,10,
1459,1996,black,60+0,d4 c5 e4 cxd4 Qxd4 Nc6 Qd1 Nf6 Nc3 e6,10,
1256,1350,black,300+5,e4 e5 Nf3 Bd6 c4 c5 d3 Nc6 Nc3 Qa5,10,
1546,1677,white,240+0,e4 c5 Nf3 Nc6 d4 cxd4 Nxd4 g6 Nc3 Bg7,10,
1383,1784,black,60+1,e4 e5 Bc4 Nf6 d3 d5 exd5 Nxd5 c3 Bc5,10,
1740,1401,white,300+0,d4 d5 e3 Nc6 Nf3 Bf5 c4 e6 cxd5 Qxd5,10,
1731,1647,white,840+8,e4 c5 Nf3 e6 c3 d6 Be2 Nc6 O-O Nf6,10,
1865,1578,white,360+10,d4 d5 e3 Nf6 Bd3 e6 f4 h6 Nf3 Nc6,10,
1349,1059,white,300+20,e4 e5 Nf3 d6 Bc4 g5 d3 h5 Nxg5 Nh6,10,
1726,1676,white,480+5,e4 c5 Nf3 d6 d4 cxd4 Nxd4 Nc6 Nc3 e5,10,
1589,1638,white,180+0,e4 a6 Nf3 b5 Nc3 Bb7 d3 e6 a3 Nf6,10,
1495,1712,draw,120+0,e4 e5 Bc4 Nc6 Nf3 Bc5 O-O Nf6 c3 d6,10,
1500,1550,black,600+8,d4 d5 e3 e6 Bd3 Nc6 f4 Qh4+ g3 Qd8,10,
1973,1891,white,300+8,d4 f5 Nf3 Nf6 c4 e6 Nc3 Bb4 Bf4 b6,10,
1694,1998,black,60+1,e4 e5 f4 exf4 h4 Nf6 e5 Qe7 Nf3 d6,10,
1385,1834,black,300+8,e4 d5 exd5 Qxd5 Nc3 Qa5 a4 c6 d3 Nf6,10,
1611,1447,white,600+2,e4 c5 c3 e6 d4 d5 e5 c4 b3 b5,10,
1624,1613,black,900+0,e4 e5 Nf3 d6 c3 c5 Bb5+ Bd7 Bxd7+ Qxd7,10,
1280,1326,black,180+8,d4 d5 e3 Nf6 Nc3 a6 g3 c6 a3 g6,10,
1628,1739,black,720+0,e4 c5 Nf3 Nc6 c3 e5 Bc4 h6 Qb3 Qe7,10,
1874,1454,white,300+20,e4 e5 Nf3 Nc6 Bc4 Nf6 Ng5 d5 exd5 Na5,10,
1968,1713,white,480+0,d4 c5 e4 d5 e5 Bf5 c3 cxd4 cxd4 Nc6,10,
1723,1486,black,360+10,d4 d5 c4 dxc4 Nc3 Nc6 e3 Nf6 Bxc4 Bg4,10,
1786,1381,white,60+1,e4 e6 Nf3 d6 d4 b6 Bd3 Bb7 O-O Nd7,10,
2001,1691,white,60+0,e4 e5 Nf3 d6 d4 Nc6 Nc3 exd4 Nxd4 Nxd4,10,
1664,1602,black,180+0,e4 e5 Nc3 Nc6 Bc4 Nf6 Nf3 Bc5 O-O d6,10,
1617,1342,white,600+2,e4 c5 c3 d6 Nf3 Nf6 d4 cxd4 cxd4 Nxe4,10,
1398,1753,white,300+0,d4 b6 d5 Bb7 e4 e6 Nc3 Bb4 Bd2 exd5,10,
1079,1500,black,60+0,e3 c5 Bc4 d6 Qh5 Nc6 Qxf7+ Kd7 Qf5+ Kc7,10,
1789,1706,black,60+1,e4 e6 Nf3 d5 e5 f6 exf6 Nxf6 d4 Bd6,10,
1458,1652,white,900+5,e4 e5 Nf3 Nc6 Bc4 Nh6 d3 a6 Bxh6 Rg8,10,
1757,1719,white,900+0,e4 e5 Nf3 Nf6 Bc4 Nc6 Nc3 Qe7 d3 h6,10,
1439,1451,black,1200+30,d4 d5 c4 dxc4 b3 cxb3 Qxb3 Nc6 e3 Be6,10,
1379,1130,white,900+5,d4 Nf6 c4 g6 d5 Bg7 Nf3 Ng4 h3 Rf8,10,
1625,1543,white,360+0,e4 e5 Bc4 Nf6 d3 Bc5 h3 d5 exd5 Nxd5,10,
1516,1394,black,300+2,g3 e5 c4 Nc6 Bg2 Bc5 e3 Nf6 Nc3 d6,10,
1379,1556,black,60+0,e4 c5 Bc4 d6 d3 e6 c3 Nc6 a3 a6,10,
1562,1670,white,600+0,e4 e5 Bc4 Nf6 d3 h6 Nc3 c6 Bd2 d5,10,
2005,1826,white,60+0,d4 e6 c4 Nf6 Nc3 d5 Nf3 dxc4 e3 Bb4,10,
1462,1426,white,1200+30,e4 c5 Nf3 e6 Bc4 a6 d4 cxd4 Qxd4 b5,10,
1622,1399,white,0+3,d4 d6 Nf3 Nf6 Bf4 g6 h3 Bg7 e3 O-O,10,
1615,1560,draw,300+0,e4 e5 Nf3 Nf6 Bc4 c6 Nc3 d5 exd5 cxd5,10,
1486,1427,black,300+5,e4 e6 c3 c5 a3 a5 Qf3 Nc6 h3 b6,10,
1313,1446,white,720+0,d4 e5 e3 d6 Nc3 Nc6 Nf3 Bg4 Be2 Nf6,10,
1687,1508,white,60+2,e4 e5 f4 d5 exd5 e4 d4 Nf6 c4 Bg4,10,
1647,1372,black,60+0,Nf3 d6 d4 e6 c4 b6 Nc3 Bb7 e3 Be7,10,
1413,1501,black,300+2,d4 c5 dxc5 Nf6 Nf3 e5 Bg5 e4 Nfd2 e3,10,
1518,1458,white,240+4,e4 e5 Nf3 Nc6 Bb5 Nf6 d3 h6 O-O a6,10,
1772,1631,white,60+1,e4 e5 Nc3 Nc6 g3 d6 Bg2 Bd7 Nge2 Nge7,10,
1460,1661,black,900+0,e4 e5 f3 Be7 d3 Nc6 Nc3 Nd4 Nge2 Bh4+,10,
1393,1627,white,0+3,e4 g6 Nf3 Bg7 d4 d6 c3 f5 Bd3 fxe4,10,
1508,1500,white,300+0,e4 e5 d3 b6 Ne2 Bb7 Ng3 Nc6 f4 exf4,10,
1821,2012,white,60+0,e4 c5 Nf3 Nc6 Nc3 Nf6 d4 cxd4 Nxd4 e6,10,
1389,1463,black,60+0,e4 d6 Bc4 Nc6 c3 e6 a3 Be7 Qe2 Bd7,10,
1993,1837,white,60+0,e4 e5 Nf3 Nc6 Bc4 Bc5 O-O Nf6 c3 O-O,10,
1519,1400,black,1200+0,e4 e5 Nf3 f6 Nc3 Ne7 Bc4 Ng6 d3 c6,10,
1651,1362,white,300+8,d4 d5 c4 e6 Nf3 c5 cxd5 exd5 g3 Nc6,10,
1812,1833,white,120+0,e4 c5 d4 cxd4 Nf3 Nc6 Nxd4 g6 Nxc6 bxc6,10,
1487,1651,white,300+5,e4 c6 d4 d5 Nc3 Nf6 e5 Nfd7 Bd3 e6,10,
1029,1744,white,300+2,d4 e6 e4 d5 e5 c5 c3 Nc6 Be3 Qb6,10,
1414,1461,white,300+0,e3 b6 Qf3 Bb7 Qxb7 Nc6 Qa6 Nb4 Qc4 e6,10,
1647,1762,draw,660+3,d4 Nf6 Nc3 g6 e4 Bg7 Be3 d6 h3 O-O,10,29.27
1363,1317,white,900+0,e4 c5 Bc4 Nf6 e5 Ne4 Qf3 Ng5 Qd1 f6,10,
1414,1472,white,1200+30,e4 e5 d4 exd4 c3 dxc3 Nxc3 Bb4 Bd2 Nf6,10,
1445,1494,black,720+0,e4 e5 Nf3 Nc6 Nc3 h6 Bc4 Nf6 d3 Bb4,10,
1621,1613,white,600+2,e4 e5 Nf3 Nc6 Bc4 Be7 c3 Nf6 d4 Nxe4,10,
1500,2001,black,60+0,d4 c5 dxc5 e6 c6 Nxc6 e3 d5 Bb5 Nf6,10,
1708,1988,black,480+0,e4 Nc6 Nf3 f5 e5 d6 d4 dxe5 dxe5 Qxd1+,10,
1693,1616,black,60+2,e4 e5 f4 Nc6 Nf3 exf4 h4 Be7 d4 d6,10,
1608,1436,white,0+3,d4 d5 Nf3 e6 Bf4 Ne7 e3 Nbc6 h3 b6,10,
1624,1781,black,60+1,e4 e5 Nf3 Nc6 d4 exd4 Nxd4 Bc5 Nxc6 Qf6,10,
1527,1626,draw,240+4,e4 a6 Nf3 b5 d4 Bb7 Bd3 e6 Bg5 Be7,10,
1516,1431,draw,300+2,e4 d6 Nf3 Nf6 Nc3 g6 d3 Bg7 Be3 h6,10,
2003,1467,white,60+0,d4 e6 c4 d6 Nc3 Nf6 e4 Be7 f4 c6,10,
1534,1634,black,360+0,e4 e5 Nf3 Nc6 Bc4 h6 c3 Bc5 d4 exd4,10,
1379,1500,white,60+0,e4 e5 Bc4 Nf6 d3 h6 c3 d6 Be3 Bg4,10,
1790,1662,black,1320+8,e4 e5 d4 exd4 Nf3 Nc6 Nxd4 Nxd4 Qxd4 d6,10,
1429,1615,black,0+3,e4 g6 d3 Bg7 Nd2 d6 Ngf3 Nf6 g3 O-O,10,
1444,2004,black,60+0,d3 c5 e3 Nf6 Nf3 d5 Nc3 Nc6 Bd2 e5,10,
1386,1624,white,900+0,g3 e5 c3 c5 h3 d6 a3 Na6 e3 Nc7,10,
1389,1824,black,60+0,e4 d6 Bc4 b6 d3 Bb7 c3 e6 a3 c6,10,
1707,1871,black,600+0,e4 e5 Bc4 Nf6 Nf3 Nc6 Ng5 d5 exd5 Nd4,10,
1882,1982,black,300+8,c4 Nf6 Nc3 g6 d3 Bg7 e4 d6 Nf3 c5,10,
1680,1531,white,60+2,e4 e5 f4 exf4 h4 d5 e5 Bf5 Nf3 Nc6,10,
2006,1426,white,60+0,e4 d6 Nf3 e5 d4 Nc6 Nc3 exd4 Nxd4 Nxd4,10,
1510,1402,black,300+2,d3 e5 g3 Nc6 Bg2 Bc5 Nf3 Nf6 O-O d6,10,
1423,1883,draw,60+0,e4 e6 d3 d5 Nd2 c5 Ngf3 dxe4 g3 exd3,10,
1449,1427,white,300+0,b3 e6 Bb2 Be7 Bxg7 Bf6 Bxh8 Bxh8 Nc3 Bxc3,10,
1503,1584,white,300+5,e4 e5 d4 exd4 Qxd4 Nc6 Qa4 Nf6 Bb5 Be7,10,
1704,1805,white,360+10,d4 d5 c4 c6 c5 Nf6 h3 Nbd7 Nc3 e5,10,
1695,1849,white,300+8,e4 e5 f4 exf4 Nf3 g5 Bc4 Qf6 e5 Qg6,10,
1621,1387,white,0+3,d4 d6 Nf3 e6 Bf4 b6 h3 Bb7 e3 Be7,10,
1641,1576,white,600+0,e4 e5 d4 exd4 Qxd4 Nc6 Qa4 Bc5 Nf3 d6,10,
1606,1438,white,900+0,e4 e5 c4 Nf6 d3 Nc6 Nf3 d6 h3 Be6,10,
1826,1707,white,0+1,g3 c5 Bg2 d6 d3 Nf6 e3 e6 Ne2 Be7,10,
1500,1429,white,1800+8,e4 c5 d4 cxd4 Qxd4 e6 a3 Nc6 Qd1 Bc5,10,
1882,1769,white,180+0,e4 e5 Nf3 Bd6 Bc4 h6 Nc3 Nf6 d4 exd4,10,
1292,1189,white,420+0,e4 e5 Nf3 d6 d4 exd4 Nxd4 h6 Be3 Nf6,10,
1265,1372,white,900+0,e4 e5 Nf3 Nc6 Bc4 h6 O-O Nf6 d3 Bc5,10,3236.61
1877,1700,white,600+0,e4 e5 Nf3 Nc6 Bb5 a6 Ba4 Bc5 O-O b5,10,
1602,1639,black,840+8,b3 d5 d4 Nf6 c4 b6 cxd5 Qxd5 Nc3 Qa5,10,
1874,1434,white,60+0,e4 e6 Nf3 Ne7 c3 d6 d4 Nd7 Bd3 d5,10,
1410,2008,black,60+0,d4 c5 e3 e6 c3 d5 dxc5 Bxc5 Nf3 Nf6,10,
1473,1310,black,300+5,e4 e5 Qf3 h6 Bc4 f6 c3 c6 b4 d5,10,
1360,1504,black,300+8,e4 e5 Qh5 Nc6 c3 g6 Qf3 Qg5 Bb5 Nge7,10,
1046,1353,black,300+20,d4 d5 Nf3 f6 Nc3 e6 Be3 Bb4 Qd2 Nc6,10,
1382,1626,black,0+3,e4 g6 Bc4 Bg7 c3 e6 a3 c6 d3 d5,10,
1687,1611,white,60+2,e4 e5 f4 exf4 h4 d5 e5 Nc6 Nf3 Bg4,10,
1875,2009,black,60+0,d4 Nf6 c4 e6 Nc3 Bb4 Nf3 Bxc3+ bxc3 d5,10,
1837,1708,black,300+8,d4 d5 c4 dxc4 Nc3 Nf6 Bg5 e6 e3 Bb4,10,
1395,1792,black,300+8,e4 b6 e5 Bb7 d4 g6 d5 Bg7 Nf3 d6,10,
2038,1889,white,240+0,d4 d5 e3 c5 Nf3 cxd4 Nxd4 e5 Nf3 e4,10,
1855,1707,white,900+8,e4 e5 d4 exd4 c3 Nc6 cxd4 d5 e5 f6,10,
1833,1748,white,120+0,e4 c5 Nf3 d6 d4 cxd4 Nxd4 Nf6 Bd3 g6,10,
1434,1514,black,300+2,e4 e5 Bc4 Nf6 Nc3 Nxe4 Bxf7+ Kxf7 Nxe4 g6,10,
1358,1655,black,300+8,d4 Nf6 e3 d5 Nc3 Bf5 Bd3 Bg6 e4 e6,10,
1663,1543,black,300+3,e4 c5 Nf3 Nc6 d4 cxd4 Nxd4 Nf6 Nc3 e6,10,
2017,2038,white,60+0,e4 c5 Nf3 e6 d4 cxd4 Nxd4 Nf6 Nc3 Bb4,10,
1632,1548,white,300+8,e4 e5 Bc4 d6 d3 Be6 Bxe6 fxe6 Nc3 d5,10,
1641,1704,black,480+0,e4 e5 Bc4 Nf6 d3 h6 c3 Nc6 Nh3 Bc5,10,
1672,1671,white,300+0,d4 e6 e4 Nf6 Nc3 d5 e5 Nfd7 f4 c5,10,
1873,1500,white,300+8,e4 e5 Nf3 d6 d4 exd4 Nxd4 Nf6 Nc3 Be7,10,
1693,1775,black,1320+8,d4 Nf6 c4 g6 Nc3 d5 Nf3 Bg7 a3 O-O,10,
1721,1180,black,300+2,e4 d5 e5 e6 f4 f5 exf6 gxf6 Nf3 Nc6,10,
1467,1428,white,60+1,d4 Nf6 Nf3 d5 h4 Nc6 g3 Bf5 Bg2 g6,10,
1695,1728,black,60+2,e4 d6 f4 e5 Nf3 Nc6 Bc4 Bg4 c3 exf4,10,
1329,1362,white,900+8,d4 Nf6 Nc3 Nc6 e4 e5 d5 Nd4 Be3 Bc5,10,
1646,1193,white,360+0,e4 c5 Bc4 Nc6 d3 Nf6 a3 e6 h3 Bd6,10,
2026,2031,white,60+0,e4 c5 Nf3 e6 c3 Nc6 Bb5 Nf6 Bxc6 bxc6,10,
1694,1884,white,600+0,e4 e5 Bc4 Nf6 Nf3 Nc6 Ng5 d5 exd5 Nd4,10,
1632,1659,white,600+2,e4 e6 Nf3 d5 e5 c5 c3 Bd7 d4 Qb6,10,
2018,2037,white,60+0,d4 d5 c4 c6 Nc3 dxc4 e3 b5 a4 a6,10,
1304,1567,black,420+0,e3 e5 g3 d5 Qh5 Nc6 b3 Nf6 Qf3 Bg4,10,
1522,1425,black,300+2,b4 e5 Bb2 f6 a3 Nh6 c4 d5 cxd5 Qxd5,10,
1506,1504,black,300+8,e4 d5 exd5 Qxd5 Nc3 Qa5 Be2 Nc6 Nf3 Nf6,10,
1991,1707,black,360+15,d4 Nf6 c4 e6 Nf3 Bb4+ Bd2 Bxd2+ Nbxd2 O-O,10,
1420,1495,black,300+2,e4 c5 d4 d6 dxc5 Qa5+ Bd2 Qxc5 Nc3 Nf6,10,
1721,1321,white,300+0,e4 e5 d4 Bd6 Nf3 exd4 c3 dxc3 Bc4 Nf6,10,
1643,1282,white,360+0,e4 e5 Bc4 Nf6 d3 h6 Nf3 d6 h3 a6,10,37.88
1597,1384,white,600+0,e4 c5 d4 d6 d5 Nf6 Nc3 Bd7 Bg5 Ng4,10,
1562,1573,black,300+0,e4 c5 Nf3 Nf6 e5 Nd5 Bc4 Nb6 Bb3 e6,10,
1665,1587,white,300+0,d4 d5 e3 c5 dxc5 Nc6 c4 d4 Nf3 Bg4,10,
1685,2026,white,60+2,e4 c5 f4 e6 Nf3 Nc6 c3 Nf6 e5 Nd5,10,
1659,1682,black,300+0,e4 e5 Nf3 d5 Nxe5 dxe4 Bc4 Qg5 Bxf7+ Kd8,10,
1573,1557,white,240+8,e4 e5 Nf3 d6 Bb5+ c6 Bc4 b5 Bb3 a5,10,
1876,1703,white,300+8,e4 d6 Nf3 Bd7 d4 e6 Nc3 Nf6 Bg5 Be7,10,
1517,2031,black,60+0,e4 e5 Nf3 Nc6 Be2 Nf6 O-O Bc5 d3 d6,10,
1877,1802,white,300+20,e4 b6 d4 Bb7 Nc3 Nf6 Bd3 g6 Nf3 Bg7,10,
1719,1500,white,360+10,d4 e6 c4 Bb4+ Bd2 Bxd2+ Qxd2 d5 Nc3 b6,10,
1634,1709,black,300+0,e4 c6 Nf3 d5 exd5 cxd5 Ne5 Nc6 Bb5 Bd7,10,
1560,1648,white,300+3,d4 d5 c4 c6 Nc3 Nf6 Bg5 Nbd7 Nf3 h6,10,
1634,1496,black,300+8,b4 e5 Bb2 d6 e3 Nc6 a3 a5 Bc4 axb4,10,
1436,1392,black,720+0,e4 e5 Nf3 Qf6 Nc3 Bc5 Be2 Nc6 Nd5 Qd8,10,
1515,1502,black,120+0,e4 e5 Nf3 Bd6 Bc4 Qf6 d3 c6 Ng5 b5,10,
1412,1593,black,0+1,e3 g6 f3 Bg7 g3 b6 h3 Bb7 h4 e6,10,
1554,1457,black,300+8,e4 e6 d4 Nf6 Bg5 h6 Bxf6 Qxf6 e5 Qd8,10,
1647,1623,white,360+0,e4 a6 d4 b5 Bd3 Bb7 Be3 e6 f3 Nf6,10,
1323,1698,black,300+2,e4 e6 e5 d5 d4 c5 Be3 Nc6 Nf3 Qb6,10,
1868,1996,black,60+0,d4 c6 c4 d5 cxd5 cxd5 Nc3 e6 h3 Bd7,10,
2006,2033,black,60+0,e4 e5 Nf3 Nc6 Bb5 a6 Bxc6 dxc6 h3 f6,10,
1723,1667,white,300+8,e4 e5 f4 exf4 Nf3 Be7 Bc4 Nf6 O-O Nxe4,10,
1201,1247,black,300+5,d4 d5 Nc3 c6 e4 e6 f3 f6 Bd3 g6,10,
1567,1516,black,600+0,e4 d5 exd5 Qxd5 Nc3 Qa5 Bc4 Be6 Bb3 Nc6,10,
1599,1405,white,0+1,g3 c6 Bg2 d6 b3 e6 Bb2 f6 e3 e5,10,
1571,1261,white,420+0,e4 e6 d4 Bb4+ c3 Bd6 f4 Qh4+ g3 Qf6,10,
1247,1752,white,-,e4 d6 f4 g6 e5 dxe5 Nf3 f6 Nc3 exf4,10,
1638,1905,black,420+5,e4 g6 d4 Bg7 e5 c5 c3 cxd4 cxd4 Nc6,10,
1398,1605,draw,0+1,c3 b6 b3 Bb7 c4 g6 Nc3 Bg7 e3 Bxc3,10,
1665,1562,white,120+2,d4 d5 c4 dxc4 e3 Bf5 Nc3 e6 Bxc4 Bb4,10,
2004,1861,white,60+0,e4 e6 d4 d5 e5 c5 c3 f6 f4 cxd4,10,
1502,1472,white,120+0,e4 Nc6 Nf3 e6 Bb5 Nge7 d4 a6 Ba4 b5,10,
1265,1594,black,600+5,d4 d5 e3 Nc6 Nf3 Nf6 c3 Bg4 h3 Bh5,10,
1648,1465,white,840+8,d4 d5 Nf3 e6 Bf4 Na6 e3 b6 a3 g6,10,
1700,1717,black,300+0,d4 Nf6 e3 e6 Nf3 b6 c4 Bb7 Nc3 Na6,10,
1861,2004,white,60+0,d4 c6 c4 d5 cxd5 cxd5 Nc3 e6 a3 Bd7,10,
1813,1838,white,480+8,d4 e6 c4 d5 Nc3 Bb4 cxd5 exd5 Bf4 Nf6,10,
1421,1200,white,1200+0,d4 d5 Nf3 h6 h3 Nc6 Nc3 Bf5 g4 Bh7,10,
1625,1701,black,300+2,e4 e6 Nc3 c5 d4 d6 dxc5 Nc6 Bb5 a6,10,
1584,1692,black,300+5,c4 Nf6 Nc3 e5 d4 e4 g3 Bb4 Bg2 d6,10,
1555,1706,white,120+2,e4 c5 Bc4 d6 Nc3 Nf6 a3 e6 h3 Be7,10,
1405,1528,black,60+0,d3 b6 e4 Bb7 Be3 e6 Kd2 Qe7 Be2 f6,10,
1705,1723,draw,60+0,e4 d6 f4 g6 Nf3 Bg7 d4 Nf6 e5 dxe5,10,
1644,1714,black,480+0,e4 e5 Nf3 Nf6 Nxe5 d5 exd5 Qxd5 Nf3 Bc5,10,
1547,1646,white,420+2,d4 Nf6 c4 c5 Nf3 e6 Bg5 Be7 e3 cxd4,10,
1455,1531,black,480+8,e4 e5 f4 exf4 b3 c5 d4 Nc6 dxc5 Qh4+,10,
1726,1638,white,900+8,e4 e5 Nf3 Nc6 Bc4 h6 d4 exd4 Nxd4 d6,10,
1988,1876,white,60+0,e4 e6 d4 d5 e5 f6 f4 c5 c3 cxd4,10,
1231,1574,black,420+0,e3 e5 Qh5 Nc6 Bb5 Nf6 Qf5 d6 Qg5 Bd7,10,
1546,1585,black,240+8,e4 e5 d3 Nc6 Nf3 h6 h3 Bc5 c3 d6,10,
1300,1538,black,420+0,e4 e5 Nf3 Nc6 d4 exd4 Nxd4 Nxd4 Qxd4 c5,10,
1727,1662,draw,300+0,e4 b6 d4 Bb7 Nc3 e6 Bd3 d6 Nge2 Nf6,10,
1597,1237,white,600+5,c4 e5 b3 d6 Bb2 f6 e3 g5 Nf3 c5,10,
1659,1618,black,360+0,e4 e5 Bc4 Nf6 d3 d5 exd5 Nxd5 Nf3 Nc6,10,
1514,1219,white,120+0,e4 e5 Nf3 d6 Bc4 Bg4 Be2 Nf6 h3 Bh5,10,
1400,1733,black,300+8,e4 c5 Bc4 Nc6 d3 e5 c3 Be7 Nf3 d6,10,
1729,1971,white,360+15,d4 e6 c4 d5 Nf3 c6 Nc3 Nf6 e3 Bd6,10,
1414,1642,white,300+8,e4 d5 exd5 Qxd5 Nc3 Qd8 d4 Nc6 Bb5 Bd7,10,
1868,1996,black,60+0,d4 d5 c4 c6 Nc3 dxc4 Nf3 b5 g3 Bb7,10,
1471,1539,black,300+8,e3 e5 Nf3 d6 Bc4 Bg4 d4 Nf6 dxe5 Bxf3,10,
1431,1048,white,720+0,e4 e5 Nf3 Nc6 d3 Bb4+ c3 Bc5 b4 Be7,10,
1569,1560,white,120+2,e4 e5 Bc4 d6 Qf3 Nf6 d3 Nc6 Bg5 Be7,10,
1784,1669,black,1320+8,e4 c6 d4 d5 Nc3 dxe4 Nxe4 Bf5 Nc5 Qc7,10,
1463,1677,black,300+5,e4 e6 e5 d5 exd6 cxd6 Nc3 Nf6 d3 Nc6,10,
1504,1759,black,180+3,Nf3 d5 d4 Nf6 g3 e6 Bg2 Bd6 a3 Nbd7,10,
1706,1436,black,60+2,e4 c5 f4 e6 Nf3 Nc6 c3 d5 e5 d4,10,
1883,1407,white,300+8,e4 e5 Nf3 Nf6 Nc3 c6 d4 exd4 Qxd4 d5,10,
2003,1861,white,60+0,e4 e6 d4 d5 e5 c5 c3 cxd4 cxd4 Nc6,10,
1518,1527,white,60+0,e4 b6 Nf3 Bb7 d3 e6 Be2 Qe7 Bf4 f6,10,
1887,1627,white,300+20,e4 e5 Nf3 Nc6 Bc4 Nh6 h3 Be7 d4 exd4,10,
1516,1543,black,300+0,e4 e5 d3 Nf6 Ne2 Bc5 f4 Nc6 Ng3 exf4,10,
1500,1535,white,60+0,e4 b6 Nf3 Bb7 Bc4 e6 d3 Qe7 c3 d5,10,
1693,1193,white,120+0,e4 e5 Nc3 f5 d3 f4 g3 Qf6 Nd5 Qd6,10,
1823,1838,white,0+2,e4 e5 d4 d6 dxe5 dxe5 Qxd8+ Kxd8 Nf3 Bd6,10,
1711,1980,black,180+0,e4 c5 Nf3 Nc6 Bb5 g6 Bxc6 bxc6 c4 Bg7,10,
1616,1500,white,180+3,e4 e5 Nc3 Nf6 f4 exf4 e5 Ng8 Nf3 d6,10,
1854,2010,black,60+0,d4 d5 c4 c6 Nc3 dxc4 Nf3 b5 g3 Bb7,10,
1436,1396,black,480+0,e4 e5 Nf3 d6 Nc3 c5 Bb5+ Bd7 Bxd7+ Qxd7,10,
1736,1799,white,300+8,e4 e5 f4 d5 exd5 e4 Nc3 Nf6 Bc4 c6,10,
1687,1826,black,60+2,e4 e5 f4 exf4 h4 d5 e5 Nc6 d4 Be7,10,
1458,1516,white,60+0,d4 b6 f3 Bb7 e4 e6 c3 Qe7 b4 f6,10,
1842,1495,white,360+8,e4 e5 Nf3 Nc6 Bb5 Nf6 Bxc6 dxc6 Nc3 Bc5,10,
1893,1565,white,300+20,e4 e6 d4 d5 Nc3 Bb4 Bd2 Bxc3 Bxc3 a6,10,
1515,1233,white,120+0,e4 e5 d4 Bc5 dxc5 d6 Nf3 dxc5 Qxd8+ Kxd8,10,
1267,1596,black,240+8,e3 e5 Qh5 Nf6 Qxe5+ Be7 Nf3 Nc6 Qg5 d6,10,
1613,1937,white,300+0,e4 e6 Nf3 d5 exd5 Qxd5 Nc3 Qd8 d4 Nf6,10,
1714,1181,white,120+0,d4 d5 Bg5 c5 e3 cxd4 exd4 Nc6 c3 f6,10,
1669,1726,white,300+0,d4 Nf6 e3 e6 Nf3 b6 c4 Bb7 Nc3 Be7,10,
1984,1707,white,180+0,d4 e5 d5 Nf6 c4 d6 Nc3 c6 e4 cxd5,10,
1781,1717,black,300+8,e4 c6 d4 e6 Bd3 d5 exd5 exd5 Be3 Bd6,10,
1885,1831,black,300+8,e4 d5 exd5 Qxd5 Nc3 Qa5 Be2 c6 Nf3 Bg4,10,
1561,1503,white,60+0,f3 b6 g3 Bb7 Bg2 e6 e3 Qe7 Ne2 f6,10,
1330,1577,black,300+4,e3 d5 c4 dxc4 Bxc4 Nc6 Nc3 Na5 b4 Nxc4,10,
1680,1833,black,60+2,e4 c5 f4 d5 exd5 Nf6 Nf3 Nxd5 Nc3 Nxf4,10,
1703,1988,black,180+0,e4 c6 c3 d5 e5 e6 d4 Ne7 Nf3 Nd7,10,
1209,1161,white,420+0,e3 e5 g3 d5 Qh5 Nc6 b3 Nf6 Qg5 h6,10,
1258,1527,white,300+5,e4 e5 Nf3 Nc6 Nc3 Be7 d4 exd4 Nxd4 d6,10,
1759,1651,white,660+3,e4 e5 Nf3 d6 Bc4 Be7 d4 Nc6 dxe5 dxe5,10,
1645,1457,black,360+0,e4 e6 d4 d5 e5 c5 Bd3 cxd4 Bb5+ Bd7,10,
1505,1508,white,300+2,e4 e5 d3 Nc6 c3 Nf6 Ne2 Be7 Ng3 O-O,10,
1471,1493,black,60+0,d4 b6 e3 Bb7 f3 e6 c3 Qe7 Nd2 Nc6,10,
1445,1555,black,600+0,e4 e5 Nf3 Nc6 Bc4 Bc5 d3 d6 Ng5 Be6,10,
1492,1554,black,180+3,b4 e5 Bb2 Nc6 a3 Nf6 d3 a5 c4 axb4,10,
1682,1719,white,300+5,d4 f5 e4 fxe4 Nc3 Nf6 Bg5 d5 Bxf6 exf6,10,
1700,1576,white,300+5,d4 c5 d5 Nf6 Nc3 d6 e4 Nbd7 f4 e6,10,
1178,1174,black,180+4,d4 e6 e4 g6 Nc3 Bg7 Nf3 b6 Bd3 Bb7,10,
1492,1497,white,360+20,e4 e5 Nf3 d6 Nc3 a6 Bc4 h6 d4 f6,10,
1502,1731,white,120+0,e4 d5 exd5 Qxd5 Nc3 Qd8 Nf3 Bg4 d4 Nf6,10,
1814,1630,white,300+0,d4 a6 Nf3 b5 Bf4 Bb7 e3 e6 c4 bxc4,10,
1484,1462,draw,720+8,d4 e6 e3 b6 c3 Bb7 a3 Nf6 h3 Be7,10,
1461,1520,white,120+0,d4 d5 e3 Nc6 Bb5 Bf5 Nf3 a6 Ba4 b5,10,
1882,1847,black,300+2,e4 c6 d4 d5 e5 Bf5 Nf3 e6 Bd3 Bxd3,10,
1700,1886,draw,900+8,e4 e5 Nf3 Nc6 Be2 Bc5 d3 h6 Be3 Bb6,10,
1508,1278,white,300+5,d4 d5 Nf3 Nc6 h3 e6 e3 f6 c4 Bb4+,10,
1548,1622,black,300+8,e4 d5 exd5 Qxd5 Nc3 Qd8 h3 Nf6 Nf3 Bf5,10,
1507,1437,white,900+5,e4 e6 d4 b6 Nf3 Bb7 e5 Ne7 Bb5 Nd5,10,
1531,1552,white,120+0,e4 e6 Nf3 d5 exd5 exd5 d4 c6 Nc3 Nf6,10,
1417,1493,black,300+5,e4 c6 Nf3 d5 Nc3 dxe4 Nxe4 Bf5 Ng3 Bg6,10,
1461,1471,white,240+3,d4 d5 Nf3 Bf5 c3 Nf6 e3 Ne4 Bd3 f6,10,
1582,1504,white,60+0,e4 b6 Nf3 Bb7 d3 e6 Be2 Qe7 Bd2 f6,10,
1529,1470,white,-,Nf3 d5 e3 c5 c4 d4 exd4 b6 g3 Qd7,10,
1325,1187,black,180+4,e3 e6 Nc3 b6 Qf3 Nc6 Bb5 Bb7 d4 a6,10,
1527,1656,black,600+8,d4 d5 e3 Nf6 Nf3 Bd7 h3 e6 Nbd2 c5,10,
1543,1551,black,120+0,e4 d5 exd5 Qxd5 Nc3 Qd8 d4 Nf6 Nf3 Bg4,10,
1497,1649,black,240+0,e4 e5 Nf3 Nc6 Nc3 d6 Be2 g6 O-O Bg7,10,
1697,1724,white,480+0,e4 e5 d3 d5 Nc3 d4 Nb1 Nc6 Be2 h6,10,
1474,1496,white,60+0,d4 b6 e3 Bb7 f3 e6 h3 Qe7 Rh2 f6,10,
1417,1500,white,300+10,e4 Nf6 Nc3 Nc6 d4 e5 d5 Nd4 Nf3 Bc5,10,
1045,1434,black,720+0,e4 e5 Nf3 b6 d3 d6 Bg5 f6 Bh4 g5,10,
1500,1364,draw,1680+28,c4 c6 d4 b6 f4 a6 Nh3 b5 cxb5 axb5,10,
1626,1871,black,300+8,g4 e5 c3 d5 f3 Nc6 Nh3 Bc5 e3 Nf6,10,
1711,1851,black,600+0,e4 d5 exd5 Qxd5 Nf3 c6 Nc3 Qa5 d3 Bg4,10,
1673,2016,black,60+1,e4 c5 f4 e6 Nf3 Nc6 c3 Nf6 e5 Nd5,10,
1745,1870,white,180+2,d4 d5 c4 e6 Nc3 c6 cxd5 exd5 Nf3 Nf6,10,
1540,1342,draw,720+0,e4 c5 b3 e5 Bb2 Nc6 Nf3 d6 Bb5 Ne7,10,
1295,1381,white,420+0,e4 c5 Nf3 d6 d4 cxd4 Nxd4 Nf6 Bb5+ Bd7,10,
1406,1496,black,900+0,e4 e5 Nf3 Nc6 c3 a6 d4 exd4 cxd4 Bb4+,10,
1570,1654,white,120+0,f4 d5 Nf3 f6 d3 Nc6 g3 e5 fxe5 fxe5,10,
1748,1846,black,240+0,d4 d5 c3 Nf6 Nd2 e6 Ngf3 c5 g3 Nc6,10,
1486,1505,white,120+0,d4 d5 e3 Nc6 Bb5 Bf5 c3 a6 Ba4 Bxb1,10,
1656,1849,black,540+8,e4 e6 Nf3 Nc6 Bb5 Nge7 d3 a6 Bc4 h6,10,
1670,1636,black,60+1,e4 d5 e5 d4 f4 Bf5 Nf3 e6,8,
1295,1484,black,0+1,d3 b6 e3 Bb7 f3 e6 c3 Qe7 Bd2 d6,10,
1897,1525,white,300+20,e4 e5 Nf3 Nc6 Bc4 h6 d4 d6 dxe5 dxe5,10,
1428,1517,white,900+5,e3 e5 b3 d5 Bb2 Nc6 Bb5 Bd6 Bxc6+ bxc6,10,
2047,1449,white,240+0,d4 d5 e3 Nf6 c4 dxc4 Bxc4 Nc6 Nf3 Bf5,10,
1569,1707,black,300+5,c4 Nf6 Nc3 e5 e4 Bb4 Qc2 O-O a3 Be7,10,
1250,1713,black,120+0,e4 d5 exd5 Qxd5 Nc3 Qd8 Nf3 Bg4 Bc4 e6,10,
1584,1490,black,0+1,g3 b6 Bg2 Bb7 Bxb7 Na6 Bxa8 Qxa8 d3 Qxh1,10,
1584,1490,black,0+1,g3 b6 Bg2 c6 f3 Bb7 e3 e6 d4 Qe7,10,
1634,1763,black,420+7,e4 e5 Nf3 Nc6 Bb5 Bc5 Bxc6 dxc6 O-O Qe7,10,
1538,1629,black,300+8,e4 e5 Nf3 Nc6 Bb5 d6 d3 Qf6 Bg5 Qg6,10,
1546,1542,black,300+0,e4 e5 Be2 Nc6 d3 Nf6 h3 Bd6 Nf3 Qe7,10,
1779,1522,white,1260+10,d4 c6 c4 Nf6 Nc3 b6 Nf3 Ba6 e4 e6,10,
1570,1504,white,0+1,f4 b6 Nf3 c6 e3 Bb7 Be2 e6 O-O Qe7,10,
1600,1270,white,240+8,e4 c6 Nf3 e6 d4 Nf6 e5 Nd5 Bc4 g5,10,
1533,1517,black,120+0,e4 e5 Nf3 Nf6 Bc4 Nxe4 Qe2 d5 d3 dxc4,10,
1573,1658,white,300+20,e4 d5 e5 Nc6 Nf3 Bg4 Bb5 e6 d4 Ne7,10,
1329,1272,white,180+8,e4 e5 d4 Nc6 d5 Nd4 Be3 d6 Nf3 Bg4,10,
1221,1492,black,120+0,e3 e5 Qf3 Bc5 d4 exd4 exd4 Bxd4 Qe4+ Qe7,10,
1579,1495,black,0+1,c4 b6 Nc3 Bb7 e3 e6 d4 Qe7 Nf3 f6,10,
1498,1723,black,120+0,e4 d5 d3 dxe4 dxe4 Qxd1+ Kxd1 Nc6 Be3 e5,10,
1206,1462,black,180+4,e3 e5 g3 d5 Bg2 Nf6 b3 Nc6 Bb2 Bd6,10,
1761,2019,draw,60+1,e4 c5 Nf3 e6 Nc3 Nf6 d4 cxd4 Nxd4 Bb4,10,
1632,1539,white,300+8,e4 e5 Nc3 Bb4 Nge2 d6 a3 Bxc3 Nxc3 a6,10,
1530,1687,black,300+8,e4 e5 Nf3 Nc6 Bc4 h6 d3 Bc5 Bd5 Nf6,10,
1565,1509,black,0+1,Nf3 b6 e4 Bb7 d3 e6 Be3 Qe7 Be2 f6,10,
1446,1619,black,480+8,e4 c5 d4 cxd4 Qxd4 Nc6 Qe3 a6 b3 Nf6,10,
1859,1826,black,300+2,e4 c5 Nf3 d6 d4 cxd4 Nxd4 Nf6 Nc3 g6,10,
1565,1509,black,0+1,e4 b6 d4 Bb7 f3 e6 Be3 Qe7 Nd2 f6,10,
1876,1635,black,300+8,e4 e5 Nf3 Nc6 d4 exd4 Nxd4 Nxd4 Qxd4 d6,10,
1933,1797,white,420+9,e4 c5 d3 e6 Nf3 d5 Qe2 Nc6 c3 Be7,10,
1749,1493,white,120+0,d4 e6 Nf3 d5 c3 Bd6 Bg5 Nc6 Bxd8 Kxd8,10,
1507,1443,black,900+5,c4 e6 d4 b6 Nc3 Bb7 e4 Bb4 Bd2 Bxc3,10,
1460,1624,black,240+3,e4 c5 Nf3 Nc6 Bc4 e6 c3 d5 exd5 exd5,10,
1379,1273,white,300+5,e4 e5 d4 Nc6 d5 Nd4 c3 Ne6 dxe6 fxe6,10,
1750,1457,black,300+8,e4 Nf6 e5 Nd5 c4 Nf4 d4 Ne6 Nf3 d6,10,
1553,1521,white,0+1,e4 e6 d4 Qe7 c3 f6 Nd2 g5 e5 h5,10,
1420,1382,white,480+0,e4 e6 Nf3 Qf6 e5 Qd8 d4 d6 Nc3 dxe5,10,
1740,1735,white,600+5,e4 c5 Nf3 d6 h3 Nf6 c3 e6 Bc4 Be7,10,
1648,1661,white,300+0,e4 c5 Nc3 Nc6 a3 g6 Bc4 Bg7 d3 e6,10,
1396,1603,black,240+8,e4 e5 Bc4 Nf6 Nc3 h6 Nf3 Nc6 d4 exd4,10,
1562,1511,black,0+1,e4 b6 Nf3 Bb7 d3 e6 Be3 Qe7 Be2 f6,10,
1553,1526,white,300+0,e4 c5 Bc4 e6 Nf3 Nc6 Nc3 d6 d4 Nf6,10,
1521,1770,white,120+0,e4 d5 exd5 Qxd5 d4 Qd8 Nc3 c6 Nf3 Bg4,10,
1866,1769,white,1200+4,e4 c5 Nf3 d6 d4 cxd4 Nxd4 Nf6 Nc3 e6,10,
1310,1474,white,300+2,b4 d5 Bb2 a6 e3 b5 c4 c6 c5 e6,10,
2048,2137,black,240+0,d4 d5 e3 c6 c4 dxc4 Bxc4 Nf6 Nc3 Bg4,10,
1550,1524,white,0+1,d4 b6 e3 Bb7 c4 e6 Nf3 Qe7 Be2 f6,10,
1619,1695,white,300+5,d4 Nf6 c4 d5 Nc3 c6 cxd5 cxd5 Nf3 e6,10,
1531,1642,draw,300+8,e4 e5 d4 exd4 Qxd4 Nc6 Qd1 Nf6 Nc3 Bb4,10,
1379,1524,black,0+1,d4 b6 c4 Bb7 f3 e6 e4 Qe7 Ne2 f6,10,
1713,1535,black,300+0,e4 e5 Bc4 d6 Nf3 h6 d4 Nd7 dxe5 dxe5,10,
1659,1426,white,300+0,e4 e5 Nc3 Nc6 a3 Nf6 h3 d5 exd5 Nxd5,10,
1538,1690,black,120+0,e4 d5 exd5 Qxd5 Nc3 Qd8 d4 c6 Nf3 Bg4,10,
1265,1472,black,120+0,c4 c5 b4 cxb4 Qa4 e6 Nf3 Nf6 d3 Qb6,10,
1309,1356,white,300+4,e3 e6 Nc3 b6 Qf3 g6 Qxa8 Nc6 Nb5 a5,10,
1530,1687,black,240+4,e4 Nf6 e5 Nd5 d4 d6 Nf3 dxe5 Nxe5 Nd7,10,
1390,1463,white,180+1,e4 e5 Nc3 Bb4 f4 Bxc3 dxc3 exf4 Bxf4 Qf6,10,
1387,1446,white,1680+28,f3 f5 g3 c5 Nh3 Nf6 Nf4 g5 Nd3 g4,10,
1433,1238,white,480+0,e4 d5 exd5 Qxd5 Nc3 Qe5+ Be2 Bg4 h3 Bxe2,10,
1133,1596,black,300+0,d4 d5 c4 c6 Nc3 Bf5 e3 Na6 Qf3 e6,10,
1717,1171,white,120+0,d4 d5 Bg5 c5 e3 f6 Bh4 cxd4 exd4 Qb6,10,
1782,2012,black,120+0,e4 c5 Nf3 e6 d4 cxd4 Nxd4 Nf6 Nc3 Bb4,10,
1992,1838,white,180+0,d4 d5 c4 c6 Nc3 Nf6 Nf3 e6 Bg5 Be7,10,
1335,1530,black,0+1,d4 b6 c4 Bb7 Nf3 e6 e3 Qe7 Be2 f6,10,
1517,1562,white,300+0,e4 c5 d3 d6 Be2 Nc6 c3 e6 Bg4 Nf6,10,
1890,1535,white,0+1,e4 b6 Nf3 Bb7 Bc4 e6 e5 Qe7 Nd4 d6,10,
1831,1998,white,180+0,e4 c5 Nf3 Nc6 d4 cxd4 Nxd4 g6 c4 Bg7,10,
1862,1651,white,540+8,e4 e5 Nf3 d6 d4 exd4 Nxd4 Nf6 Nc3 h6,10,
1304,1533,black,0+1,d4 b6 c4 Bb7 e4 e6 d5 Qe7 Nc3 exd5,10,
2004,1770,white,420+7,d4 d5 e4 dxe4 Nc3 Bf5 f3 Nf6 Bg5 exf3,10,
1280,1538,black,0+1,d4 b6 f3 Bb7 e4 e6 Nc3 Qe7 Bc4 f6,10,
1413,1266,black,420+8,e4 d6 d4 e6 Nf3 Nf6 e5 dxe5 Nxe5 Bd6,10,
1226,1440,black,480+0,c4 e5 d4 d6 dxe5 dxe5 Qxd8+ Kxd8 Bg5+ f6,10,
1483,1300,black,1680+28,f3 c5 g3 Qa5 g4 e5 c3 Nf6 b4 cxb4,10,
1260,1542,white,0+1,d4 b6 Nf3 Bb7 c4 e6 d5 Qe7 Nc3 exd5,10,
1608,1551,white,300+0,e4 e5 f4 exf4 Nf3 Be7 h4 d6 Bc4 Bg4,10,
1438,1500,black,300+8,d4 d5 c4 Nc6 c5 e5 e3 Nf6 dxe5 Nxe5,10,
1493,1550,black,600+6,e3 c6 d4 d6 Bd3 Nf6 Nf3 Bg4 Be2 Nbd7,10,
1567,1663,black,120+0,e4 d5 exd5 Qxd5 Nc3 Qd8 d4 c6 Bf4 Nf6,10,
1982,1847,black,180+0,d4 d5 c4 Nf6 Nc3 c6 Nf3 e6 Bg5 Be7,10,
1570,1583,draw,180+3,d4 d5 c4 dxc4 e4 b5 h3 e6 a3 Bb7,10,
1379,1248,white,120+0,e4 e6 d3 d5 e5 Nc6 f4 h6 d4 f6,10,
1258,1370,black,120+0,c4 e5 d4 f6 dxe5 fxe5 e4 d6 Nf3 h6,10,
1280,1538,black,0+1,d4 b6 Nc3 Bb7 Nf3 e6 Be3 Qe7 Qd3 f6,10,
1748,1524,white,60+0,e3 b6 d4 Bb7 Nf3 e6 Bc4 Qe7 Bd3 f6,10,
1651,1663,white,300+0,d4 d5 c4 e5 dxe5 d4 Nf3 Nc6 g3 a6,10,
1721,1551,black,120+0,d4 e5 e4 exd4 Qxd4 Nc6 Qd1 Bc5 Bd3 d6,10,
1609,1430,black,240+8,e4 e5 Nf3 f6 Nc3 g5 Bc4 g4 Ng1 c6,10,
1309,1448,white,420+0,e4 e6 Nf3 Bc5 Nc3 Nf6 d4 Bb6 e5 Nd5,10,
1367,1432,black,300+1,e4 e5 Bc4 Nc6 Nc3 Nf6 Nf3 Bc5 a3 Bxf2+,10,
1621,1647,black,300+8,f4 Nf6 Nf3 g6 Nc3 d5 d4 Nc6 a3 Ne4,10,
1524,1561,black,240+4,e4 e5 Nf3 Nc6 Bb5 a6 Ba4 b5 Bb3 d6,10,
1524,1688,black,300+8,e4 d5 exd5 Qxd5 d3 Nf6 h3 Nc6 a3 Bf5,10,
1403,1406,white,0+2,e4 d5 Bb5+ c6 Bxc6+ bxc6 exd5 Qxd5 Nf3 Nf6,10,
1630,1709,white,540+6,d4 g6 c3 Bg7 Bf4 Nf6 e3 d6 Bc4 b6,10,
1528,1519,black,60+0,d4 b6 c4 Bb7 Nc3 e6 Nf3 Qe7 e3 f6,10,
1437,1436,black,600+3,e4 e5 Nc3 Bb4 Nf3 Bxc3 dxc3 d6 Bc4 Nf6,10,
1641,1517,black,420+3,e4 e5 Nf3 Nc6 d4 exd4 Nxd4 Qe7 f3 Nf6,10,
1893,1531,white,60+0,e4 b6 Nf3 Bb7 Bc4 e6 O-O Qe7 d3 f6,10,
1634,1856,white,180+2,e4 e5 Nf3 d6 Nc3 c6 Bc4 Be7 Bb3 Nf6,10,
1447,1215,black,480+0,e4 h5 Nf3 Nf6 Nc3 d5 exd5 Nxd5 Nxd5 Qxd5,10,
1645,1874,draw,540+8,e4 e5 Nf3 d6 Bc4 Bg4 d3 Nf6 O-O Nc6,10,
1650,1875,black,600+8,e4 e5 Nf3 Nc6 Bc4 Nf6 d3 h6 c3 d6,10,
1421,1623,black,0+2,e4 b6 Bc4 Bb7 Qh5 g6 Qf3 Nf6 Nh3 Bxe4,10,
1766,2023,white,420+7,e4 e5 Nf3 d5 Nc3 d4 Nb5 a6 Na3 Bg4,10,
1755,1528,white,60+0,e4 b6 Nf3 Bb7 d4 e6 d5 Qe7 Qd4 f6,10,
1500,1690,black,120+0,g3 d5 b3 c6 Bb2 Nf6 Bg2 g6 Nc3 Bg7,10,
1531,1391,black,120+0,e4 e5 Nf3 Nf6 Bc4 Bc5 Ng5 O-O Nf3 d5,10,
1862,1967,white,180+0,e4 c5 Nc3 Nc6 f4 g6 Nf3 Bg7 Bc4 d6,10,
1449,1374,black,1680+28,c4 c6 d4 b6 Nc3 d6 c5 Nd7 cxd6 exd6,10,
1619,1578,white,180+0,e4 e5 f4 exf4 Nf3 b6 Bc4 Bb7 O-O d6,10,
1500,1457,black,900+5,e4 e6 d4 b6 Nf3 Bb7 Nc3 Bb4 e5 Bxc3+,10,
1413,1523,black,60+0,e4 b6 Bc4 Bb7 Qf3 e6 e5 Bxf3 Nxf3 Qe7,10,
1638,1534,white,300+8,e4 e5 Nc3 a6 Bc4 b5 Bb3 Nf6 d3 Bb4,10,
1386,1671,white,180+3,d4 d5 e3 Nf6 c4 e6 cxd5 Nxd5 Nc3 Nxc3,10,
1706,1931,black,120+0,d4 e6 Nf3 c5 c3 d5 g3 Nc6 Bg2 Nf6,10,
1582,1559,black,180+0,d4 c5 dxc5 e6 c4 Qa5+ Nc3 Qxc5 Nf3 Nf6,10,
1571,1483,white,180+3,d4 c6 e4 Qb6 a3 d5 e5 Bf5 h3 h6,10,
1762,1531,white,60+0,e4 b6 Qf3 Bb7 Qxf7+ Kxf7 Nf3 e6 d4 Bxe4,10,
1441,1447,white,300+0,e4 e6 Bc4 c6 d4 d5 exd5 cxd5 Bb5+ Nd7,10,
1357,1372,white,300+1,e4 d6 Bc4 Nf6 Nc3 e5 d4 exd4 Qxd4 Be7,10,
1447,1432,white,600+3,e4 e5 Bc4 Nf6 d3 c6 Nf3 d5 exd5 cxd5,10,
1321,1160,black,300+4,e3 e6 Qf3 Nc6 d3 b6 Nc3 Bb7 e4 Nb4,10,
1397,1338,white,420+8,e4 e5 Nf3 Nc6 Bb5 a6 Bxc6 dxc6 Nxe5 Bd6,10,
1551,1430,white,300+0,e4 e5 Nf3 Nc6 Bc4 h6 O-O Bc5 c3 a6,10,
1325,1570,white,420+0,e4 e5 Nf3 Nc6 Nc3 Nf6 d4 exd4 Nxd4 d6,10,
1271,1329,black,420+0,e3 e5 g3 Nf6 Bg2 Bc5 b3 O-O Bb2 Re8,10,
1953,1831,white,300+1,e4 c5 Nf3 Nc6 d4 cxd4 Nxd4 g6 Nc3 Bg7,10,
1568,1630,white,180+0,d4 d5 c4 e6 Nc3 Nf6 e3 c6 cxd5 cxd5,10,
1729,1155,white,600+10,d4 d5 c4 Bf5 e3 e6 a3 Nf6 Bd3 Ne4,10,
1514,1696,black,180+3,e4 c5 Bc4 b6 Nf3 Bb7 e5 d5 exd6 exd6,10,
1936,1691,white,120+0,e4 d5 exd5 Qxd5 Nf3 Qd8 Be2 Bg4 O-O Nf6,10,
1591,1594,black,240+8,e4 e5 Nf3 Nc6 Bb5 Nd4 Nxd4 exd4 d3 Bb4+,10,
1436,1559,draw,300+0,Nf3 d5 e3 c5 c4 d4 a3 Nc6 d3 e5,10,
1247,1343,white,300+0,e4 e5 Nf3 Nc6 Bb5 Qf6 c3 a6 Ba4 b5,10,
1842,2017,white,120+0,e4 c5 f4 e6 Nf3 Nf6 e5 Nd5 d3 d6,10,
1633,1423,black,300+0,e4 e5 Nf3 Nc6 Nc3 Nf6 d3 Bc5 h3 O-O,10,
1406,1453,white,360+3,d4 c5 c3 cxd4 cxd4 Nf6 Nf3 d5 Nc3 e6,10,
1515,1488,white,120+0,e4 e5 Nf3 d6 Bc4 Bg4 Be2 h5 h3 Be6,10,
1226,1426,black,420+0,e3 e6 g3 Nf6 Bg2 Bc5 b3 O-O Bb2 d5,10,
1856,1699,black,300+8,e4 e5 d4 d6 dxe5 dxe5 Nf3 Qxd1+ Kxd1 Nc6,10,
1475,1546,white,180+3,g3 d5 Bg2 c5 c4 e6 Qa4+ Bd7 Qb3 dxc4,10,
1678,1941,black,120+0,d4 d5 Bg5 Bf5 e3 h6 Bh4 g5 Bg3 Bg7,10,
1595,1182,white,360+2,e4 Nc6 Nf3 e5 d4 Bd6 dxe5 Nxe5 Nxe5 Bxe5,10,
1613,1534,draw,900+0,e4 e5 c4 Nf6 d3 c5 Na3 Nc6 Nc2 d6,10,
1304,1250,black,300+4,e3 e5 Qf3 d5 c4 Nf6 cxd5 Nxd5 Bc4 c6,10,
1838,1646,white,180+3,d4 d5 c4 Nf6 cxd5 Nxd5 e4 Nf6 e5 Nfd7,10,
1615,1581,black,180+0,e4 e5 f4 d6 Nf3 exf4 Bc4 h6 O-O Be7,10,
1369,1320,white,300+1,e4 d5 exd5 Qxd5 Nc3 Qc6 Nf3 a6 d4 b5,10,
1533,1488,black,180+3,e4 c5 f4 Nf6 Nc3 d6 Nf3 g6 Bc4 Bg7,10,
1579,1525,white,180+3,d3 e5 e3 f6 a3 d6 h3 h5 Nf3 g5,10,
1508,1569,white,180+3,e4 e5 Nf3 Nf6 d4 exd4 e5 Qe7 Qxd4 d6,10,
1629,1663,black,300+2,e4 c5 Nf3 Nc6 Bc4 g6 Ng5 e6 Qf3 Qxg5,10,
1625,1465,white,900+5,b4 e6 Bb2 b6 g3 Bb7 Nf3 Bxb4 Bxg7 Bxf3,10,
1526,1451,white,120+0,e4 c5 Nf3 Nc6 Bc4 e6 O-O Nf6 Nc3 Be7,10,
1370,1389,black,1800+8,e4 e5 Nf3 Nc6 Bb5 d6 c4 Bd7 Nc3 a6,10,
1500,1521,black,180+3,Nf3 Nc6 c4 Nf6 Nc3 e5 d4 exd4 Nxd4 Nxd4,10,
1526,1487,white,60+1,g3 d5 Bg2 Nf6 Nf3 b5 h4 Bb7 Ng5 h6,10,
1892,1844,white,180+3,e4 e5 Nf3 d6 d4 Nd7 Bc4 Be7 Nc3 c6,10,
1427,1577,black,300+8,e4 e6 d4 c5 Nf3 cxd4 Nxd4 d5 e5 Nc6,10,
1453,1395,white,240+3,e4 c6 d4 d6 Bf4 Nf6 e5 dxe5 Bxe5 Qa5+,10,
1956,1782,white,420+7,g4 e5 Bg2 Bc5 b3 d5 e3 e4 Bb2 Qg5,10,
1725,1747,black,600+5,e4 e5 Nc3 Nf6 Bc4 Bc5 Nf3 Nc6 O-O d6,10,
1531,1490,white,180+3,e4 c5 f4 e6 c4 Be7 d3 Bh4+ g3 Bf6,10,
1598,1396,white,0+1,e4 d6 d3 d5 g3 dxe4 dxe4,7,
1576,1631,black,300+8,e4 c5 Nf3 d6 Bb5+ Bd7 Bxd7+ Nxd7 O-O Ngf6,10,
1667,1945,black,60+0,Nf3 e6 g3 d5 Bg2 c5 d4 Nc6 dxc5 Bxc5,10,
1598,1396,white,0+1,e4 d6 g3 d5 exd5 Qd6 d3 Qd7 Bg2 Qd8,10,
1291,1316,white,300+4,e3 e5 Qf3 Qf6 Qd5 c6 Qc4 d5 Qe2 Bg4,10,
1696,1589,black,540+6,e4 e6 f4 a6 Nf3 h6 d4 d5 e5 Bd7,10,
1518,1458,white,480+0,e4 e5 Nc3 Bb4 Nd5 Nc6 Bc4 Nf6 f3 Nxd5,10,
1319,1516,black,60+0,f4 d5 e3 c5 Nf3 Nc6 Be2 Bg4 O-O Bxf3,10,
1606,1390,black,0+1,b3 d6 c4 Nd7 Bb2 Nb8 d3 Nd7 e3 b6,10,
1949,1657,black,60+0,c4 d5 cxd5 Qxd5 Nf3 Qd8 g3 c6 Bg2 Bg4,10,
1130,1537,black,60+0,e4 b6 d4 Bb7 d5 e6 c4 Qe7,8,
1305,1639,black,180+3,d4 d5 e3 Nf6 c4 c6 Qa4 Bd7 cxd5 cxd5,10,
1535,1629,black,120+0,e4 e5 Nf3 d6 Bc4 Nc6 d3 h6 h3 Nf6,10,
1248,1568,black,720+0,e4 e6 g4 d5 e5 c5 Bg2 Nc6 c3 Qb6,10,
1735,1563,white,420+2,e4 e5 Nf3 Nc6 Bc4 Nf6 Ng5 d5 exd5 Nxd5,10,
1327,1500,black,300+2,b4 e5 c4 Bxb4 Bb2 Nc6 e3 f5 Nf3 d6,10,
1522,1313,white,60+0,d4 g6 c4 Bg7 Nc3 d6 Nf3 Nf6 e3 O-O,10,
1526,1647,white,300+8,e4 e5 d4 exd4 Qxd4 Nc6 Qd1 Bc5 Bc4 Qf6,10,
1588,1549,white,180+3,d4 e6 e4 d5 e5 b6 a3 Bb7 h3 Nd7,10,
1580,1410,black,0+1,g3 d6 Bg2 Nd7 d3 Ndf6 e4 Nd7 e5 e6,10,
1705,1930,white,60+0,d4 d5 Bg5 c6 e3 Qb6 b3 f6 Bh4 e5,10,
1480,1540,white,180+3,d4 d5 Nf3 Nf6 g3 e6 Bg2 h6 Nbd2 c5,10,
1475,1199,white,420+0,e4 e6 g3 b6 Bg2 g6 Nf3 Bg7 d3 Bb7,10,
1307,1527,black,60+0,f4 e6 Nf3 d5 e3 c5 Be2 Qb6 O-O Nc6,10,
1557,1429,black,0+1,c3 Nc6 d4 Nb8 e3 Nc6 Bd2 Nb8 Nf3 b6,10,
1826,1702,white,300+0,e4 e5 Nf3 Nf6 Nxe5 Bc5 d4 Bb4+ c3 Bd6,10,
1386,1613,black,-,f4 e6 e4 b6 g4 Qh4+ Ke2 Ba6+ Kf3 Nf6,10,
2037,2212,white,240+0,d4 d5 e3 Nf6 c4 c6 Nc3 e6 Nf3 Nbd7,10,
1261,1451,white,360+3,e4 e5 Nf3 Nc6 Bb5 Bc5 O-O Nd4 Bc4 Nf6,10,
1747,1536,black,60+0,d4 Nf6 Bg5 g6 Bxf6 exf6 c3 f5 g3 Bg7,10,
1533,1302,white,60+0,c4 g6 Nc3 Bg7 f3 d6 g3 Nf6 Bg2 O-O,10,
1913,1840,white,60+0,c4 d6 e4 e5 Nc3 c6 Nf3 Be7 Be2 Nf6,10,
1447,1523,black,60+0,f3 b6 g3 Bb7 Bg2 e6 e3 Qe7 Ne2 f6,10,
1776,1977,black,420+7,e4 Nc6 Nf3 f5 exf5 d5 Bd3 Nh6 O-O Bxf5,10,
1394,1539,white,60+0,e4 b6 Nf3 Bb7 Nc3 e6 Bc4 Qe7 d3 f6,10,
1440,1463,white,360+3,e4 c5 Bc4 e6 Nf3 Nc6 O-O a6 a4 Qc7,10,
1771,1493,white,180+3,e4 e5 Nf3 Nf6 Nc3 Nc6 Bc4 h6 d3 Bc5,10,
1297,1538,black,60+0,f4 c5 Nf3 Nc6 e3 f6 Be2 e6 O-O Nge7,10,
1699,1500,black,600+8,e4 e5 Nf3 Nc6 d4 exd4 Nxd4 Nxd4 Qxd4 d6,10,
1436,1532,black,60+0,g3 b6 Bg2 c6 f3 Bb7 Bh3 e6 Bg4 Qe7,10,
1707,1704,white,60+0,d4 d5 Bg5 Nf6 Bxf6 exf6 e3 Bd6 c4 c6,10,
1623,1860,white,600+8,e4 e5 Bc4 Bc5 d3 Qf6 Nf3 h6 Nc3 d6,10,
1539,1597,draw,180+3,d4 e6 e3 d6 b3 Be7 Bb2 h6 g3 Nd7,10,
1452,1592,draw,180+0,b3 e5 Bb2 d6 e3 Nc6 Bc4 Nf6 Qf3 h6,10,
1292,1271,white,60+0,f4 e6 Nf3 Nc6 e3 d5 Be2 Bc5 O-O b6,10,
1427,1540,black,60+0,Nc3 b6 Nd5 Bb7 Nb4 e6 Nd3 Qe7 c3 Nc6,10,
1693,1732,white,60+0,d4 d5 c4 c6 Nc3 Nf6 Nf3 dxc4 e3 Nd5,10,
1179,1506,black,420+0,e3 b6 g3 Bb7 f3 e6 b3 Qf6 c3 Na6,10,
1527,1665,black,480+0,e4 e5 Nc3 Nc6 Bc4 Na5 Bb3 c5 a3 d6,10,
1706,1705,white,60+0,d4 f5 Bg5 b6 e3 Bb7 f3 d6 Bc4 Nd7,10,
1418,1548,black,60+0,Nc3 b6 Nb1 Bb7 Nc3 e6 Nb1 Qe7 Nc3 f6,10,
1803,1688,black,600+8,d4 d5 c4 Bf5 Nf3 Be4 e3 Nf6 Nc3 Bxf3,10,
1303,1548,black,60+0,f4 b6 Nf3 Bb7 e3 e6 Be2 Qe7 O-O Nc6,10,
1303,1321,black,300+2,d4 e5 dxe5 Nc6 Nf3 f6 exf6 Nxf6 Nc3 Bc5,10,
1527,1506,white,120+0,e4 e5 Nf3 Nc6 Bc4 d6 d4 Be7 dxe5 Nxe5,10,
1303,1402,black,300+4,e3 e5 Qf3 d5 c4 Nf6 cxd5 Bg4 Qg3 Bd6,10,
1520,1673,white,480+0,e4 e5 Nc3 c5 Bc4 Nc6 Nf3 Nf6 a3 a6,10,
1411,1410,black,0+1,e4 d6 Nc3 Qd7 Nf3 d5 exd5 Qd6 Bc4 Qc5,10,
1630,1715,black,300+8,e4 e5 Bc4 Bc5 Nf3 Nf6 d3 h6 Nc3 O-O,10,
1694,1728,black,60+0,d4 d5 e3 Nf6 f4 Bg4 Nf3 Bxf3 Qxf3 c6,10,
1446,1452,black,360+3,e4 e5 Nf3 Nc6 d4 exd4 Nxd4 Bc5 c3 Nf6,10,
1422,1553,black,60+0,Nc3 b6 Nb1 Bb7 d4 e6 e3 Qe7 e4 f6,10,
1891,1922,white,60+0,e4 d5 exd5 Qxd5 Nc3 Qe6+ Be2 Nf6 Nf3 g6,10,
1422,1553,black,60+0,Nf3 b6 d4 Bb7 Bd2 e6 e4 Qe7 Bd3 f6,10,
1560,1298,white,60+0,f3 g6 e4 d6 d3 Bg7 Be3 Nf6 Ne2 O-O,10,
1264,1500,white,300+5,e4 e5 c4 f6 d3 Bb4+ Bd2 c5 a3 Ba5,10,
1747,1684,white,60+0,e4 g6 Bc4 Bg7 c3 Nf6 e5 Nh5 d4 d5,10,
1414,1560,white,60+0,e4 b6 d3 Bb7 Be3 e6 Kd2 Qe7 Be2 Nc6,10,
1910,1903,black,60+0,d4 d5 c4 Nf6 Nf3 c6 Nc3 e6 Bf4 Be7,10,
1538,1519,black,120+0,e4 e5 Nf3 Nc6 Bc4 d6 d3 Be7 h3 Nf6,10,
1641,1507,white,900+0,b4 e5 Bb2 d6 g3 Be6 Bg2 c6 e3 Nd7,10,
1293,1564,black,60+0,f4 c5 Nf3 Nc6 e3 e6 Be2 d6 O-O Be7,10,
1596,1541,black,180+3,d4 e6 e4 d5 Bd3 dxe4 Bxe4 f5 Bd3 Ne7,10,
1521,1529,black,240+4,e4 e5 Nf3 Nc6 Bb5 Nd4 Nxd4 exd4 d3 c6,10,
1400,1360,white,1800+8,d4 d5 g3 f5 Bg2 Nf6 Nc3 e6 b3 c6,10,
1675,1544,white,60+0,d4 b6 c4 Bb7 Nc3 e6 e4 Qe7 f3 f5,10,
1583,1491,white,480+5,d4 e5 d5 Bc5 c4 c6 Nc3 Nf6 Bg5 cxd5,10,
1777,1764,draw,60+0,e4 d5 Nf3 dxe4 Ng5 Nf6 Nc3 Bg4 f3 exf3,10,
1637,1431,black,0+1,d4 e5 Nf3 d5 e3 Bd7 dxe5 Bd6 exd6 Ne7,10,
1914,1898,white,60+0,e4 c5 d4 cxd4 Nf3 Nc6 Nxd4 Qb6 Nxc6 bxc6,10,
1165,1124,black,420+0,e3 e5 g3 a6 Bg2 d5 Qh5 e4 Qe5+ Be6,10,
1576,1612,black,660+1,c3 d5 e4 dxe4 Qa4+ Nc6 Qxe4 Nf6 Qf3 Bg4,10,
1568,1289,white,60+0,g3 e5 Bg2 d5 Nf3 e4 d3 Nf6 dxe4 Nxe4,10,
1619,1537,white,60+0,d4 b6 c4 Bb7 e3 e6 Nf3 Qe7 Bd3 f6,10,
1557,1522,white,300+8,d4 c5 c3 cxd4 cxd4 d5 Nf3 e6 e3 Bb4+,10,
1643,1782,black,180+3,d4 f5 Nf3 Nf6 c4 e6 Nc3 b6 Bg5 Bb4,10,
1699,1628,white,600+8,e4 e5 Nf3 Nc6 d4 d6 d5 Nb8 Nc3 c6,10,
1764,1777,white,60+0,e4 e5 Nf3 Nc6 Nc3 Nf6 Bb5 d5 Bxc6+ bxc6,10,
1887,1925,black,60+0,e4 e6 Nf3 d5 e5 c5 c3 Nc6 d4 cxd4,10,
1285,1572,black,60+0,e4 c5 d4 Nc6 dxc5 e6 Nc3 Bxc5 Nf3 a6,10,
1873,1775,black,300+0,e4 e5 Nf3 Nc6 Bc4 d6 h3 Be7 d4 exd4,10,
1443,1254,white,300+3,d4 f5 c4 e6 Nc3 Bb4 Bd2 a5 a3 Bd6,10,
1583,1463,white,180+3,d4 c5 Nf3 cxd4 Qxd4 Nc6 Qd1 e5 a3 Bc5,10,
1451,1525,black,180+3,e4 e5 Nf3 d6 Nc3 c6 d4 b5 dxe5 d5,10,
1628,1528,white,60+0,d4 b6 c4 Bb7 Nc3 e6 e3 Qe7 Bd3 f6,10,
1724,1621,white,300+8,d4 d5 Nf3 Bf5 Nc3 e6 Bf4 Bb4 Qd2 Nf6,10,
1536,1655,white,480+0,e4 c5 Nc3 e5 Bc4 d6 f3 Be7 d3 Nf6,10,
1935,1877,white,60+0,e4 c5 Nc3 Nc6 Nf3 g6 d4 cxd4 Nxd4 Bg7,10,
1302,1217,white,120+0,b3 e5 Bb2 Nc6 d4 Qe7 Nf3 d5 dxe5 Be6,10,
1765,1784,black,60+0,e4 e5 Nf3 Nc6 Bc4 Nd4 Nxd4 exd4 Qf3 Qf6,10,
1576,1281,white,60+0,g3 e5 Bg2 Nf6 d3 Nc6 e4 d5 c3 d4,10,
1593,1674,draw,300+0,e4 g6 Qf3 Bg7 Bc4 e6 c3 c5 Ne2 Nc6,10,
1636,1440,white,300+0,d4 d5 Nc3 Nf6 Nf3 Nc6 Bg5 e6 e3 Bd6,10,
1867,1944,white,60+0,e4 e6 Nf3 d5 exd5 exd5 Be2 c6 d4 Bg4,10,
1277,1579,black,60+0,f4 c6 Nf3 d5 e3 e6 Be2 Bd6 d3 Ne7,10,
1787,1797,black,300+0,e4 c5 Nf3 Nc6 Bc4 d6 Nc3 g6 Qe2 Bg7,10,
1801,1754,white,60+0,d4 d5 Nf3 Nc6 Bg5 Bf5 e3 f6 Bh4 e5,10,
2145,1960,white,180+0,Nf3 Nf6 g3 g6 Bg2 Bg7 O-O e6 d3 d5,10,
1201,1120,white,420+0,e4 e6 Nf3 g6 d4 Bg7 Bg5 f6 Bh4 e5,10,
1815,1242,white,420+8,e4 e6 Nf3 d5 exd5 exd5 Bb5+ c6 Ba4 Qe7+,10,
1343,1656,black,-,e4 e5 f4 exf4 Bc4 b6 g4 Ba6 b3 b5,10,
1383,1528,black,300+0,e4 e5 Nf3 Nc6 Nc3 Nf6 Bc4 Be7 d3 h6,10,
1745,1816,black,60+0,e4 d5 Nf3 dxe4 Ng5 Nf6 Nc3 Bg4 Be2 Bf5,10,
1455,1590,black,180+3,e4 e6 Nf3 d6 d4 h6 c4 a6 Nc3 Be7,10,
1567,2037,black,300+8,e4 c5 Nf3 Nc6 Bb5 a6 Bxc6 bxc6 O-O Nf6,10,
1209,1310,black,120+0,e4 e5 Nf3 Bc5 Nxe5 d6 Nf3 Bg4 h3 Bh5,10,
1716,1489,white,300+0,d4 Nf6 c4 e5 dxe5 Ng4 Nf3 Bc5 e3 Nc6,10,
1641,1477,white,600+8,e4 c6 d4 d5 e5 Bf5 h3 e6 Nf3 c5,10,
1931,1881,white,60+0,e4 d5 d4 dxe4 c4 Nf6 Nc3 Bf5 f3 exf3,10,
1829,1736,white,60+0,d4 d5 Bg5 Nc6 e3 f6 Bh4 e5 dxe5 Nxe5,10,
1276,1168,white,300+5,e4 Nf6 d3 e5 f4 Bb4+ Nc3 Qe7 Nf3 exf4,10,
1727,1842,black,60+0,e4 d5 Nf3 dxe4 Ng5 Nf6 Nc3 h6 Ngxe4 Nxe4,10,
1295,1408,black,300+4,e3 e5 Qf3 d6 Bb5+ Bd7 Bc4 Qf6 Qxb7 Nc6,10,
1871,1940,black,60+0,e4 d5 exd5 c6 Nc3 cxd5 d4 e6 Nf3 Nf6,10,
1318,1201,black,120+0,e4 g6 Bb5 Bg7 d4 c6 Ba4 b5 Bb3 Ba6,10,
1089,1249,draw,420+0,e3 e5 g3 Nf6 Bg2 d6 b3 Bg4 f3 Bh5,10,
1534,1442,black,180+3,e4 c5 c4 Nc6 Nf3 Qc7 Be2 a6 a4 e6,10,
1954,2154,black,180+0,e4 e6 Nf3 c5 d4 cxd4 Nxd4 Nf6 Nc3 d6,10,
1417,1287,black,300+4,e4 e6 Nf3 Nf6 e5 Ng4 h3 Nh6 d4 d6,10,
1949,1862,white,60+0,e4 e6 d4 d5 e5 c5 c3 Nc6 Nf3 cxd4,10,
1736,1853,black,60+0,e4 d5 exd5 Qxd5 Nc3 Qd8 Nf3 c6 Bc4 Bf5,10,
1456,1520,white,180+3,e4 e5 Nf3 d6 d4 exd4 Nxd4 Nf6 Bg5 c5,10,
1484,1605,white,180+3,g3 e6 Bg2 Nf6 c4 Bc5 Nf3 O-O d4 Be7,10,
1430,1656,black,-,e4 Nf6 e5 Nd5 d4 b5 c4 bxc4 Bxc4 e6,10,
1720,1637,white,120+0,e4 e5 Nf3 d6 Bc4 Nc6 d4 h6 dxe5 Nxe5,10,
1854,1958,white,60+0,Nf3 d5 d4 c5 g3 e6 Bg2 c4 O-O Nc6,10,
1215,1304,white,120+0,e4 b6 Nf3 Bb7 Nc3 g6 d4 Bg7 Bd3 d5,10,
1440,1657,black,480+8,e4 c5 d4 cxd4 Qxd4 Nc6 Qe3 e5 Nf3 Nf6,10,
1642,1714,draw,300+0,d4 Nf6 Nc3 c5 d5 d6 e4 g6 Bg5 Bg7,10,
1551,1421,black,480+0,e4 e5 Nc3 Nf6 Bc4 c6 f3 d5 exd5 cxd5,10,
1550,1592,white,600+8,d4 d5 c4 c6 Nf3 Nf6 e3 Bg4 Nc3 Ne4,10,
1597,1448,white,180+3,d4 c5 Nf3 c4 e4 e6 a3 Nf6 Nc3 Be7,10,
1847,1728,white,60+0,d4 f5 c4 Nf6 Nc3 d6 Nf3 g6 g3 Bg7,10,
1863,1586,white,60+0,d4 d6 Bg5 e6 Bxd8 Kxd8 e4 Bd7 Nf3 Be7,10,
1628,1728,black,120+0,d4 d5 c4 Nc6 Nc3 e6 e3 Bb4 Bd2 Nf6,10,
1457,1421,white,300+5,e4 f6 c3 e5 b4 Ne7 Qf3 Ng6 Bc4 Be7,10,
1589,1639,black,300+8,d4 d5 c4 Nc6 Nf3 Bg4 Nbd2 Nf6 Qa4 dxc4,10,
1612,1732,black,300+8,e4 e5 Bc4 Bc5 Nf3 d6 O-O Bg4 Nc3 a6,10,
1943,1868,black,60+0,Nf3 c5 e4 Nc6 Bc4 e6 Nc3 a6 d3 b5,10,
1768,1821,black,60+1,e4 c5 Nf3 Nc6 Nc3 g6 d4 cxd4 Nxd4 Bg7,10,
1483,1568,black,300+8,e4 c5 Nf3 Nc6 d4 cxd4 Nxd4 Nf6 Bc4 Nxd4,10,
1303,1400,black,300+4,e3 e5 Qf3 d6 Nc3 Qf6 Qd5 c6 Qb3 b5,10,
1736,1620,black,120+0,e4 e5 Nf3 d6 d4 exd4 Qxd4 Bd7 Nc3 Nc6,10,
1720,1450,white,0+1,e4 e6 Nf3 d5 exd5 Bd6 d4 Qd7 dxe6 Qxe6+,10,
1582,1869,black,60+0,e4 d5 d3 dxe4 d4 Nf6 Nc3 Bg4 f3 exf3,10,
1470,1240,white,720+10,e4 e5 Nf3 d6 d4 Nd7 d5 Ngf6 Nc3 c5,10,
1291,1228,white,120+0,g3 c5 Bg2 d5 d4 e6 dxc5 Bxc5 Be3 Bxe3,10,
1529,1492,black,360+8,d4 d5 c4 dxc4 e4 Nf6 Nc3 e6 Bxc4 Bb4,10,
1724,1446,white,0+1,e4 e5 Nf3 d6 d3 d5 c3 Bd6 exd5 Bd7,10,
1536,1613,black,480+0,e4 e5 Nc3 Nf6 Bc4 c6 f3 Bc5 d3 Bxg1,10,
1882,1930,black,60+0,c4 e6 g3 d5 Bg2 c6 Nf3 dxc4 O-O b5,10,
1635,1722,black,120+0,d4 d5 c4 Nc6 e3 Bf5 Nc3 Nb4 e4 dxe4,10,
1442,1728,black,0+1,Nf3 d5 Ng1 e5 Nh3 Nc6 Ng1 Nf6 g3 Bc5,10,
1554,1755,white,180+3,d4 Nf6 e3 d5 b3 c5 Bb2 cxd4 Nf3 dxe3,10,
1732,1437,white,0+1,e4 d6 Nf3 Nd7 Bc4 Nb8 d3 b6 O-O Ba6,10,
1594,1816,black,420+8,e4 e5 Nf3 Nc6 Bb5 Bc5 Bxc6 bxc6 d4 exd4,10,
1433,1736,black,0+1,Nc3 d5 Nf3 d4 e4 dxc3,6,
1940,1872,black,60+0,e4 d5 exd5 Qxd5 Nc3 Qe6+ Be2 Nf6 Nf3 g6,10,
1220,1300,black,120+0,e4 d6 Bc4 e5 Qf3 Nh6 g4 Qd7 g5 Ng4,10,
1430,1740,black,0+1,Nc3 d5 Nf3 Nf6 e4 d4 Ne2 Nxe4,8,
1740,1430,white,0+1,e4 Nf6 e5 Nd5 Nf3 d6 d4 Bg4 c4 Nb6,10,
1227,1103,black,420+0,e4 e6 Nf3 b6 e5 Bb7 d4 g6 Nc3 Bg7,10,
1730,1626,white,120+0,e4 e5 Nf3 d6 Bc4 Nc6 d4 exd4 Nxd4 Nxd4,10,
1426,1743,black,0+1,g3 d5 Bh3 Nf6 Bxc8 Qxc8 h3 e5 g4 Nc6,10,
1284,1421,black,300+5,e4 e6 Nc3 b6 d4 Bb7 Bd3 g6 Nf3 Bg7,10,
1626,1548,white,1200+10,e4 e5 Nf3 Nc6 Bc4 Nf6 Nc3 Bc5 Ng5 d5,10,
1442,1604,white,180+3,e4 e6 Nf3 d6 d4 h6 e5 a6 exd6 Bxd6,10,
1343,1367,black,420+0,e4 c5 Nf3 d6 Nc3 Bg4 Bb5+ Nc6 d4 a6,10,
1644,1777,black,300+0,d4 d5 Nc3 e6 Nf3 Nf6 Bg5 Be7 Bxf6 Bxf6,10,
1885,1927,white,60+0,d4 Nf6 c4 e6 Nc3 d5 cxd5 c6 dxc6 Nxc6,10,
1747,1422,white,0+1,e4 d6 Nf3 Bg4 Bc4 e6 h3 Bxf3 Qxf3 Ne7,10,
1648,1752,white,600+8,e4 Nc6 d4 e6 Nf3 g6 Bg5 Nce7 Nc3 Bg7,10,
1308,1212,black,120+0,e4 Nc6 Nf3 f6 Nc3 g5 d4 Bg7 d5 Ne5,10,
1612,1548,black,300+0,e4 b6 Nf3 Bb7 Nc3 e6 d4 Bb4 Bd2 Bxc3,10,
1419,1750,black,0+1,Nf3 d5 Nd4 c5 Nb5 Nc6 e3 a6 N5c3 Nf6,10,
1498,1522,white,300+0,f4 e6 Nf3 d5 d3 Nc6 Nbd2 Bd6 Nb3 e5,10,
1435,1540,white,480+8,e4 e5 Nf3 d6 Nc3 Bg4 Qe2 Bxf3 Qxf3 Qf6,10,
1527,1646,white,480+0,e4 e5 Nc3 h6 Bc4 Nf6 f3 Qe7 d3 d6,10,
1915,1897,white,60+0,e4 e6 d4 d5 e5 c5 c3 Nc6 Nf3 cxd4,10,
1618,1738,white,120+0,d4 d5 e3 Nc6 c4 Bf5 cxd5 Qxd5 a3 e5,10,
1753,1415,white,0+1,e4 Nc6 Nf3 d6 d4 d5 exd5 Nb4 Nc3 Qd6,10,
1399,1520,black,60+0,e4 b6 Nc3 Bb7 Nf3 e6 Bc4 Qe7 d3 f6,10,
1415,1753,black,0+1,g3 d5 Bg2 Nc6 Nf3 Nf6 O-O Bf5 Qe1 e5,10,
1887,1925,black,60+0,d4 d5 Nf3 c6 c4 Nf6 Nc3 e6 cxd5 exd5,10,
1672,1949,black,300+0,d4 d5 c4 e6 Nc3 Nf6 Nf3 Be7 Bg5 O-O,10,
1761,1712,white,300+2,d4 Nf6 Nf3 c5 d5 e6 Nc3 a6 a4 d6,10,
1225,1295,white,120+0,e4 Nf6 Nc3 Nc6 d4 d5 e5 Ne4 f3 Nxc3,10,
1757,1412,white,0+1,e4 Nc6 Nf3 b6 Bb5 Bb7 Bxc6 Bxc6 Nc3 b5,10,
1578,1448,white,300+8,Nf3 d5 d4 Bg4 Ne5 f6 Nxg4 Nc6 Be3 e5,10,
1597,1403,white,360+2,e4 e6 Nf3 d5 exd5 exd5 d4 Nf6 Be2 Nc6,10,
1723,1633,white,120+0,e4 e5 Bc4 Nc6 Nf3 d6 d4 exd4 Nxd4 Nxd4,10,
1408,1760,black,0+1,f3 d5 g3 d4 h3 c5 e3 Nc6 f4 dxe3,10,
1604,1576,black,300+8,e4 e5 Bc4 d6 d3 Be6 Na3 Nf6 Bg5 Be7,10,
1695,1633,black,180+3,f4 d5 Nf3 Bf5 e3 e6 d4 c5 c3 Nc6,10,
1935,1877,black,60+0,e4 c5 Nc3 e6 f4 Nc6 Nf3 Nge7 d4 cxd4,10,
1500,1527,black,60+0,e4 b6 d4 Bb7 Nc3 e6 Bd3 Qe7 Nf3 f6,10,
1282,1238,black,120+0,g3 c5 Bh3 Nc6 f3 d5 e4 Bxh3 Nxh3 Qd7,10,
1880,1622,black,660+1,e4 Nc6 Nf3 e5 Bb5 a6 Ba4 b5 Bb3 Bc5,10,
1588,1458,white,180+3,d4 Nf6 h3 d5 c4 Nc6 e3 e5 a3 exd4,10,
1580,1326,white,480+5,d4 f5 c4 e6 Nc3 g6 Nf3 Nf6 Bg5 Bg7,10,
1763,1405,white,0+1,d4 Nc6 Nf3 Nb8 c4 f6 Nc3 d6 Bf4 Be6,10,
1467,1420,white,300+5,e4 e5 Qf3 Bc5 Bc4 Nf6 c3 d6 h3 Nc6,10,
1890,1922,black,60+0,e4 e6 e5 d5 exd6 cxd6 Nf3 Nc6 Be2 d5,10,
1402,1766,black,0+1,g3 d5 b3 c5 e3 Nc6 Bd3 Nf6 c3 Bf5,10,
1249,1270,black,120+0,e4 d5 exd5 Qxd5 Nc3 Qe5+ Be2 h5 d4 Qe6,10,
1637,1507,white,300+0,d4 d5 Nc3 e6 Nf3 Nf6 Bg5 Be7 Bxf6 Bxf6,10,
1769,1399,white,0+1,e4 Nc6 Nf3 Nb8 d4 Nc6 d5 Nb8 Nc3 Na6,10,
1624,1535,black,0+1,d4 b6 e3 Bb7 Nf3 e6 Be2 Qe7 Nc3 f6,10,
1526,1449,white,480+8,e4 e5 Nf3 Nc6 Bb5 Nd4 Nxd4 exd4 c3 dxc3,10,
1396,1772,black,0+1,e3 d5 f3 Nf6 Be2 c5 Bb5+ Nc6 Bd3 e6,10,
1395,1641,black,660+1,d4 Nf6 e3 d5 a3 Bf5 c4 c6 c5 Nbd7,10,
1148,1510,black,420+0,e3 e5 g3 d5 Bg2 Be6 c4 Nf6 h3 Bd6,10,
1732,1809,white,120+0,e4 g6 Nf3 Bg7 Bc4 d6 d4 Nf6 e5 dxe5,10,
1353,1648,black,300+8,e4 c5 d3 d6 d4 cxd4 Qxd4 Nc6 Qa4 a6,10,
1775,1393,white,0+1,e4 e6 Nf3 Qe7 d4 Qd6 Bc4 Qe7 O-O Qb4,10,
1543,1549,white,0+1,e4 b6 Nc3 Bb7 f4 e6 Nf3 Qe7 d3 f6,10,
1390,1777,black,0+1,Nc3 d5 Nb1 d4 d3 e5 Nf3 Nc6 Bg5 Be7,10,
1280,1239,black,120+0,e4 e5 Bc4 Nf6 d4 d6 dxe5 dxe5 Qxd8+ Kxd8,10,
1476,1412,black,300+5,e4 e5 Qf3 Nf6 Bc4 Bc5 c3 c6 b4 Bb6,10,
1586,1668,black,300+8,Nf3 Nc6 Nc3 Nf6 d4 d5 Bg5 e6 a3 Be7,10,
1679,1657,white,600+5,e4 c5 c4 Nc6 d3 h6 Nc3 g5 f4 gxf4,10,
1604,1560,white,360+2,e4 b6 Nf3 Bb7 d4 Bxe4 Be2 Nf6 O-O e6,10,
1780,1388,white,0+1,e4 b6 Nf3 Ba6 d4 Bxf1 Kxf1 Qc8 g3 Qa6+,10,
1388,1780,black,0+1,e3 d5 Qe2 c5 g4 Nc6 h4 Nf6 g5 Ng4,10,
1610,1740,draw,900+0,e4 Nf6 d3 e5 c4 Be7 Na3 Bxa3 bxa3 O-O,10,
1390,1538,white,0+1,e4 b6 Nf3 Bb7 Nc3 e6 Bc4 Qe7 d3 f6,10,
1783,1385,white,0+1,e4 c6 Nf3 b6 d4 d5 exd5 cxd5 Nc3 Bg4,10,
1251,1268,white,120+0,e4 Nc6 d4 Nf6 Nc3 Nxd4 Qxd4 d5 Bd3 c6,10,
1650,1554,white,180+3,d4 d5 Nf3 c5 Nc3 a6 dxc5 e6 Be3 Nc6,10,
1589,1591,white,300+8,d4 d5 c4 dxc4 Nc3 Nc6 e3 Bf5 Bxc4 e6,10,
1745,1861,black,480+8,e4 e5 Nf3 Nc6 d4 exd4 Nxd4 Nf6 Nxc6 bxc6,10,
1382,1785,black,0+1,e3 d5 Bb5+ c6 Be2 Nf6 Nf3 e5 Nh4 Nbd7,10,
1785,1382,white,0+1,e4 a6 Nf3 h5 d4 a5 Bf4 h4 Nc3 a4,10,
1410,1432,black,480+30,d4 d5 g3 c5 dxc5 e6 Bg2 Bxc5 b3 d4,10,
1719,1612,black,600+5,e4 e5 Bc4 Bc5 Nf3 Nc6 d3 h6 a3 Nf6,10,
1644,1566,white,300+0,d4 e6 e4 d5 e5 b6 c3 Bb7 Bd3 Nd7,10,
1232,1475,black,720+10,e3 e5 Bc4 d5 Be2 Nf6 f4 e4 Nc3 Bd6,10,
1379,1788,black,0+1,e4 d5 Nf3 dxe4 Nd4 Nf6 Nb5 e5 Bc4 a6,10,
1450,1595,white,180+3,e4 e6 Nf3 d6 d4 h6 c4 a6 Nc3 Nd7,10,
1257,1262,draw,120+0,Nf3 c5 Nc3 Nc6 d4 cxd4 Nxd4 e5 Nxc6 bxc6,10,
1500,1377,black,0+1,e3 d6 b3 Bf5 g3 Be4,6,
1377,1500,white,0+1,f3 d6 Kf2 g6 Kg3,5,
1253,1389,black,0+1,e3 d6 b3 Kd7 g3 Ke8,6,
1654,1512,white,300+0,d4 d5 Nc3 e6 Nf3 c5 e3 Nc6 dxc5 Bxc5,10,
1253,1389,black,0+1,e4 d6 Bc4 d5 Bb5+ c6 Ba4 b6,8,
1389,1253,white,0+1,g3 g6 Bg2 e6 b3 Bc5 c3,7,
1172,1397,black,0+1,f3 e6 e3 e5 Bb5 e4,6,
1585,1711,draw,480+5,d4 e6 e4 d5 e5 c5 c3 Nc6 Bb5 Bd7,10,
1140,1410,white,420+0,e3 e5 g3 d5 Qh5 Nc6 Bb5 Nf6 Qf3 Bg4,10,
1661,1505,white,300+0,d4 g6 e4 Bg7 Be3 e5 d5 d6 Bd3 Nf6,10,
1500,1398,draw,300+0,e4 e6 Qf3 d5 exd5 exd5 Qe3+ Be7 Bb5+ Nc6,10,
1448,1329,black,0+10,e4 e5 Nf3 Nc6 Bc4 Nf6 Ng5 d5 exd5 Nxd5,10,
1262,1258,black,120+0,e4 d5 Nc3 Be6 Qf3 Qc8 exd5 Bg4 Qe4 Bf5,10,
1684,1315,black,-,c3 e5 d3 d5 e4 Nc6 Nh3 Nf6 f4 Bg4,10,
1869,1737,white,480+8,e4 e6 d4 c5 d5 exd5 exd5 d6 c4 Nf6,10,
1254,1403,black,0+1,e4 e6 d4 Ke7 a3 Ke8 h3 Ke7 Nc3 Ke8,10,
1430,1314,white,480+0,d4 d5 e3 e6 Nf3 g6 c4 dxc4 Bxc4 Nf6,10,
1557,1399,black,180+3,d4 d5 e3 e6 g3 Nf6 Bg2 c6 Nf3 Nbd7,10,
1652,1349,white,300+8,e4 d5 exd5 Qxd5 Nc3 Qe5+ Qe2 Nf6 Qxe5,9,
1924,1847,white,420+0,d4 d5 e3 Nf6 f4 g6 Nf3 Bg7 Be2 O-O,10,
1495,1411,black,0+1,e4 d6 Nf3 d5 exd5 Qxd5 Nc3 Qd8 d4 Qd6,10,
1441,1499,white,600+3,e4 e5 Bc4 Nf6 d3 Nc6 Bg5 Be7 Qf3 h6,10,
1577,1390,black,300+8,Nf3 g6 Nc3 Bg7 Ne4 e6 d4 d5 Nc3 a6,10,
1600,1464,black,300+8,d4 d5 c4 Nf6 Nc3 e6 Bg5 Bb4 e3 O-O,10,
1268,1251,white,120+0,g3 c5 Bg2 d5 c4 e6 cxd5 exd5 e4 Be6,10,
1736,1614,white,900+0,f4 c5 Nf3 d6 e4 f6 Bc4 e6 O-O d5,10,
1407,1428,black,0+1,e4 b6 Nc3 Bb7 Nf3 Bd5 Bd3 Bxe4 Bxe4 f5,10,
1407,1428,white,0+1,e4 a6 Nf3 a5 Nc3 b6 Bc4 Na6 d3 Nb8,10,
1442,1649,black,900+0,d4 d5 c4 e6 Bf4 Qf6 e3 Ne7 Bxc7 Na6,10,
1339,1481,black,60+2,g3 e5 Bg2 Nc6 e3 Nf6 c3 d5 b4 d4,10,
1416,1542,black,180+3,b3 e6 Bb2 d5 e3 b6 f4 Bb7 Nf3 Nd7,10,
1581,1466,white,180+3,d4 d5 c4 c5 e3 e6 h3 cxd4 Qxd4 Nc6,10,
1241,1278,draw,120+0,e4 b6 d4 Bb7 Nc3 Nf6 Bd3 d5 exd5 Bxd5,10,
1733,1722,white,60+0,e4 d6 Nf3 g6 d4 Bg7 Nc3 Nd7 Bc4 Ngf6,10,
1332,1414,black,0+1,g3 a6 e3 a5 Bg2 b6 d4 Ba6 c3 Ra7,10,
1668,1801,black,300+0,d4 c6 e4 d5 e5 e6 c3 c5 Nf3 Nc6,10,
1579,1414,white,0+1,d3 b6 e3 a6 d4 a5 f3 Ba6 e4 Bxf1,10,
1498,1410,black,300+0,e4 e6 Nc3 Bb4 Nge2 Nf6 a3 Ba5 b4 Bb6,10,
1729,1565,white,480+8,e4 e5 Nf3 Nc6 d4 exd4 Nxd4 Nxd4 Qxd4 d6,10,
1504,1480,white,1200+10,e4 c6 Nf3 d5 e5 Bg4 Be2 e6 d4 Nd7,10,
1651,1694,black,300+0,d4 Nf6 c4 d5 Nc3 c6 Nf3 Bf5 Qb3 b6,10,
1277,1243,white,120+0,e4 c5 Nf3 d5 exd5 Qxd5 Bb5+ Bd7 Bxd7+ Nxd7,10,
1935,1549,white,420+0,d4 d5 e3 e6 f4 b6 Nf3 Bb7 Bd3 Nd7,10,
1579,1503,black,300+8,e4 c5 Bc4 e6 d3 Nc6 Nc3 a6 Nf3 b5,10,
1433,1631,black,0+10,e4 e5 Nc3 Nc6 Nf3 Nf6 Bb5 d6 d3 Be6,10,
1480,1406,white,0+1,d4 d6 c4 b6 d5 Ba6 b3 Bb7 Nf3 Bc8,10,
1441,1521,black,480+8,e4 e5 Nf3 d6 d4 exd4 Qxd4 c5 Qd3 Nf6,10,
1322,1500,white,60+2,g4 c5 f3 d6 e4 Nc6 c4 a6 d3 Bd7,10,
1808,1660,white,300+0,e4 e5 f4 d5 Nf3 dxe4 Ng5 exf4 Nxe4 Qe7,10,
1400,1396,black,0+1,e4 b6 Bc4 Ba6 Qf3 Bxc4,6,
1821,1712,black,60+0,d4 d6 Nf3 g6 c4 Bg7 Nc3 Nf6 Ne4 O-O,10,
1458,1588,white,180+3,e4 e6 Nf3 d6 d4 h6 c4 a6 d5 Nd7,10,
1607,1743,black,900+0,e4 g6 c4 Bh6 d3 Bxc1 Qxc1 Nf6 Qc3 O-O,10,
1606,1683,white,360+8,d4 c6 Bf4 d5 Nf3 Nd7 e3 Ngf6 Bd3 h6,10,
1233,1286,white,120+0,e4 d5 exd5 Qxd5 Bd3 Nc6 c3 Bf5 Bxf5 Qxf5,10,
1454,1487,white,600+3,e4 e5 Bc4 Nf6 Nf3 d5 exd5 Nxd5 Nxe5 f6,10,
1333,1492,white,60+2,g3 c6 Bg2 d5 e3 Nf6 d4 c5 b4 cxd4,10,
1659,1611,white,60+2,e4 e5 f4 exf4 h4 d6 Nf3 Be7 d4 d5,10,
1555,1409,white,0+1,d4 b6 c4 Ba6 Nc3 b5 Nf3 bxc4 e3 c6,10,
1736,1500,black,480+8,e4 c5 d4 cxd4 Qxd4 Nc6 Qd1 a6 Nc3 d6,10,
1274,1245,white,120+0,Nf3 Nc6 Nc3 d5 Nxd5 Qxd5 e4 Qxe4+ Be2 Nd4,10,
1705,1512,white,600+0,e4 e5 Bc4 h6 Nf3 Nc6 d4 Nf6 dxe5 Nxe4,10,
1470,1273,black,60+0,d4 d5 c4 dxc4 e3 Nc6 Bxc4 e6 Nf3 Bd7,10,
1368,1601,black,0+2,e4 e5 Bc4 Nc6 Qf3 Nf6 c3 d6 d4 Bg4,10,
1350,1601,white,60+2,g3 e5 Bg2 d6 e3 Nf6 e4 Be6 d3 Be7,10,
1236,1284,white,120+0,e4 Nf6 Nc3 d5 exd5 Nxd5 Nxd5 Qxd5 Nf3 g6,10,
1669,1578,white,60+2,e4 e5 f4 d6 Nf3 exf4 h4 Be7 d4 Nc6,10,
1650,1532,white,420+3,e4 e5 Bc4 Nf6 Nf3 Be7 Nc3 Nc6 Ng5 O-O,10,
1255,1291,black,60+0,e4 e5 d3 Nf6 Be2 Nc6 Nd2 d5 d4 exd4,10,
1758,1726,black,60+1,e4 e5 Nf3 Nc6 Nc3 d6 d4 exd4 Nxd4 Bd7,10,
1545,1408,white,120+4,d4 d5 Nc3 e6 Bf4 Nf6 Nf3 c6 e3 Nbd7,10,
1606,1369,white,60+2,d4 b6 c4 Bb7 Nc3 d6 Nf3 f6 e3 g5,10,
1272,1247,black,120+0,Nf3 c5 Nc3 Nc6 d4 cxd4 Nxd4 Nxd4 Qxd4 Qa5,10,
1301,1153,white,60+0,f4 d5 Nf3 e6 e3 Bd6 Be2 e5 O-O Be6,10,
1574,1547,white,180+3,d4 e5 h3 exd4 Qxd4 b6 Qd1 Bb7 e3 Nf6,10,
1937,1609,white,420+0,d4 d5 e3 Nc6 f4 e6 Bd3 Be7 Nf3 Nf6,10,
1425,1401,black,240+0,c4 e5 d3 c5 Nc3 Nf6 e4 Nc6 Be3 Bd6,10,
1653,1199,white,300+0,d4 a5 e4 e6 Bd3 Nf6 Be3 Bd6 Nc3 a4,10,
1432,1453,white,480+8,e4 e5 Nf3 Nc6 d4 exd4 Nxd4 Nf6 Nxc6 bxc6,10,
1678,1519,black,60+2,e4 e6 f4 Be7 Nf3 f5 e5 Nc6 d4 d6,10,
1364,1610,white,60+2,g3 d5 Bg2 c5 e3 e6 d4 cxd4 Qxd4 Nf6,10,
1575,1583,white,480+0,e4 b6 d4 e6 Nc3 Bb4 Ne2 Qh4 a3 Bxc3+,10,
1537,1583,white,180+3,d4 e6 e4 d6 e5 a6 exd6 Bxd6 Nf3 h6,10,
1408,1549,black,1200+10,d4 d5 e4 Nf6 exd5 Nxd5 c4 Nb4 a3 N4c6,10,
1655,1018,white,300+0,d4 Nf6 Nc3 Nc6 Nf3 d6 Bg5 e5 dxe5 Nxe5,10,
1738,1746,white,60+0,e4 c5 b3 g6 Bb2 Nf6 Nf3 Bg7 Be2 O-O,10,
1563,1308,white,60+0,e4 e5 Nc3 Nf6 f4 exf4 Bc4 Nc6 d3 Na5,10,
1553,1500,white,120+4,e4 e5 Bc4 d6 Nf3 Bd7 d3 Bc6 Ng5 f6,10,
1197,1357,black,360+0,d4 d5 c4 c6 Nh3 e6 g4 Nf6 g5 Ne4,10,
1592,1383,black,60+2,d3 g6 e4 Bg7 Be3 e6 Nc3 c6 Be2 b5,10,
1344,1320,white,300+8,e3 e5 Nc3 f5 Nh3 Bb4 Qh5+ g6 Qf3 Bxc3,10,
1194,1388,black,420+0,e3 c5 Qh5 e6 g3 Nc6 b3 Nf6 Qe2 d5,10,
1459,1550,black,300+0,b3 c5 Bb2 d6 g3 Nd7 Bg2 Ngf6 e3 g6,10,
1669,1513,white,300+12,e4 d5 e5 e6 d4 Qh4 Nf3 Qe4+ Be3 b6,10,
1571,1428,black,180+3,d4 d5 c4 Nf6 h3 dxc4 Nf3 Nc6 e3 Bf5,10,
1734,1749,white,60+0,e4 d6 Nf3 g6 Nc3 Bg7 d4 Nf6 Bc4 O-O,10,
1560,1412,black,180+3,e4 Nf6 Nc3 d5 e5 Ne4 Bb5+ Bd7 Bxd7+ Nxd7,10,
1560,1605,black,240+4,e4 e5 Nf3 Nc6 Nc3 Nf6 d3 d6 Bg5 Be7,10,
1507,1711,black,600+0,d4 e6 e4 d6 Bf4 Nf6 Nc3 Nc6 Nf3 d5,10,
1565,1702,black,300+8,e4 e5 Bc4 Nc6 Nc3 Bc5 d3 Nf6 Bg5 O-O,10,
1589,1559,white,0+1,f3 d6 e3 g6 g3 Bg7 c3 e6 d4 Nf6,10,
1402,1575,black,60+2,g3 Nc6 Bg2 b6 e3 Bb7 d4 Rb8 c3 Nf6,10,
1572,1586,black,480+0,e3 e5 Bc4 Nf6 c3 d5 Qa4+ Bd7 Bb5 c6,10,
1738,1746,black,60+0,e4 c5 b3 g6 Bb2 Nf6 Nc3 Bg7 Nf3 O-O,10,
1303,1500,white,60+0,f4 d5 Nf3 e6 e3 Bd6 Be2 e5 O-O exf4,10,
1395,1178,white,420+0,e4 e6 d4 Bb4+ Bd2 Qe7 Nf3 Bxd2+ Qxd2 Qd6,10,
1656,1128,white,300+0,d4 e6 e4 d5 e5 Nc6 c3 a6 Nf3 g6,10,
1441,964,white,840+4,e4 Nf6 Nc3 Na6 e5 Ng8 d4 f6 exf6 gxf6,10,
1941,1581,black,420+0,d4 e6 f4 c5 e3 cxd4 exd4 Bb4+ c3 Ba5,10,
1601,1545,white,0+1,c3 c6 e3 d5 d4 Bd7 b3 e6 Bb2 Bd6,10,
1657,1117,white,300+0,d4 d6 e4 e5 d5 Nf6 Bg5 Be7 Bxf6 Bxf6,10,
1451,1213,white,300+0,b3 e5 Bb2 Nc6 g3 d5 e3 Bd6 Bb5 Bd7,10,
1529,1444,white,480+0,d4 d5 c4 dxc4 e4 Nf6 e5 Nd5 Bxc4 Nc6,10,
1757,1727,white,60+0,e4 d6 Nf3 g6 Nc3 Bg7 d4 Nf6 Bg5 O-O,10,
1613,1532,black,0+1,c3 c6 d4 d5 g3 Bf5 Bg2 e6 f3 Nd7,10,
1534,1443,white,840+4,e4 e5 Nf3 Nc6 Nc3 Nf6 a3 Bc5 Nxe5 Bxf2+,10,
1016,1500,black,300+0,d4 d5 e3 g6 c3 Bg7 Qa4+ Bd7 Qb4 Qc8,10,
1475,1622,white,600+5,e4 e5 Bc4 Nc6 d3 Bc5 Nf3 Nf6 h3 O-O,10,
1597,1581,black,0+1,g3 e5 Bg2 d6 b3 Nc6 Bb2 Nf6 f3 Be6,10,
1466,1585,black,300+8,e4 e5 Bc4 Nc6 Nf3 d6 d4 exd4 Nxd4 Nf6,10,
1767,1700,black,60+1,e4 c6 Nf3 d5 exd5 cxd5 d4 Bg4 h3 Bh5,10,
1746,1896,black,60+0,e4 c5 Nf3 e6 d4 cxd4 Nxd4 Nf6 Nc3 d6,10,
1597,1581,white,0+1,c3 d5 d4 c6 Qc2 Nf6 e3 e6 f3 Nbd7,10,
1304,1357,white,300+8,c4 Na6 d3 e5 e4 Nf6 Nc3 Bd6 Be3 Bb4,10,
1659,1106,white,300+0,d4 Nf6 Nc3 d6 e4 d5 e5 Ne4 Nxe4 dxe4,10,
1165,1401,black,420+0,e3 e5 g3 d5 Bg2 e4 b3 Nf6 Bb2 Nc6,10,
1557,1005,white,180+3,d4 h5 e4 f6 c4 e6 Be2 Be7 Nf3 g6,10,
1609,1570,white,0+1,c3 d5 e3 b6 d3 Bb7 g3 Nf6 f3 Nc6,10,
1364,1456,white,360+0,d4 b6 e4 Bb7 f3 e6 Bd3 g6 Be3 Qe7,10,
1609,1570,black,0+1,c3 g6 d4 Bg7 g3 d5 Bg2 c6 Nf3 Nf6,10,
1500,1217,white,0+5,e4 d5 exd5 e5 dxe6 Nf6 exf7+ Kxf7 Bc4+ Be6,10,
1579,1398,white,0+4,e4 e6 d4 d6 c4 b6 Nc3 Bb7 Be3 Nd7,10,
1558,1652,black,180+3,d4 d5 c4 e5 h3 Nc6 e3 exd4 exd4 dxc4,10,
1592,1459,black,300+8,d4 d5 c4 dxc4 Nc3 Nd7 e3 Nb6 a4 a5,10,
1475,956,white,600+6,e3 Nc6 d4 d5 Be2 Nf6 Nf3 Qd6 O-O a6,10,
1738,1855,black,60+0,e4 e6 Nf3 d5 exd5 c5 dxc6 Nxc6 d4 Nf6,10,
1558,1832,black,300+8,e4 e6 Nc3 Nf6 Bc4 b6 e5 Ng8 d4 d6,10,
1863,1730,white,60+0,e4 d5 exd5 Nf6 Nf3 Nxd5 Be2 Nc6 O-O Bg4,10,
1407,1153,white,420+0,e4 e6 d4 Qh4 Nc3 Bb4 Nf3 Qg4 Be2 Bxc3+,10,
1655,1600,white,900+0,d4 d5 Nf3 e6 c4 c6 e4 dxe4 Ng5 Be7,10,
1473,1182,white,360+3,e4 e5 Bc4 Bc5 Nf3 Nc6 c3 h6 d4 exd4,10,
1918,1837,black,420+0,d4 f5 f4 Nf6 e3 e6 Bd3 d5 Nf3 Bd6,10,
1722,1870,black,60+0,e4 e6 Nf3 d5 d4 dxe4 Ne5 f5 Qh5+ Ke7,10,
1315,1583,white,60+0,f4 d5 Nf3 Nc6 e3 Nf6 Be2 e6 O-O Bd6,10,
1595,1496,white,0+1,c3 d5 Qc2 Nc6 d4 e6 e3 Nf6 Bd3 Bd6,10,
1444,1500,black,0+10,e4 Nc6 Nf3 b6 Nc3 Bb7 d4 e6 e5 d5,10,
1604,1487,white,0+1,b3 e5 Bb2 Nf6 Bxe5 d6 Bb2 Nc6 g3 Bf5,10,
1604,1396,white,0+1,d3 d5 c3 Nc6 b3 Nf6 Bb2 Bf5 Qc2 e6,10,
1714,1335,white,60+0,e4 e5 Nf3 Nf6 Bc4 Nc6 Ng5 d5 exd5 Na5,10,
1442,1378,white,360+0,b3 e5 Bb2 d6 Nh3 f5 g3 Nc6 Bg2 Bd7,10,
1660,1097,white,300+0,d4 Nf6 Nc3 d5 Nf3 Bg4 Ne5 h5 Bg5 Ne4,10,
1877,1754,black,60+0,d4 c5 d5 d6 c4 e5 dxe6 Bxe6 Nc3 Nf6,10,
1538,1676,draw,480+0,d4 d5 c4 c6 c5 b6 b4 a5 bxa5 bxc5,10,
1332,1717,black,60+0,f4 d5 Nf3 Nc6 e3 Bf5 Be2 Nb4 d3 e6,10,
1142,1412,black,420+0,e3 e5 b3 d5 Bb2 Nc6 g3 Nf6 a3 e4,10,
1446,1434,white,900+0,e4 e5 Qf3 Nf6 d3 d5 exd5 Qxd5 Be2 Bc5,10,
1610,1794,black,0+1,c3 e5 e3 d5 b3 c6 Bb2 Be6 Qc2 Qd7,10,
1590,1665,black,900+0,e4 e5 c4 c6 d3 Bc5 Na3 Qb6 Nc2 Bxf2+,10,
1656,1876,black,900+0,e4 e5 Bc4 Nf6 Nf3 Nc6 Ng5 d5 exd5 Nd4,10,
1703,1826,white,480+8,e4 e6 Nc3 d5 exd5 exd5 d4 Nf6 h3 Be6,10,
1550,1513,white,180+3,d4 d5 c4 e6 a3 Nf6 h3 c6 Bg5 Nbd7,10,
1341,1419,white,300+8,e4 Nc6 Nc3 Nf6 Bc4 e6 Nf3 e5 Ng5 Nd5,10,
950,1496,black,600+0,Nc3 g6 Ne4 Bg7 Nf3 d5 Ng3 e5 d3 f5,10,
1635,1862,black,60+0,e4 c5 f4 d6 Nf3 Nc6 Bc4 Nf6 d3 a6,10,
1719,1330,white,60+0,g3 e5 Bg2 d5 e4 d4 c3 c5 d3 Nc6,10,
1603,1800,black,0+1,g3 e5 Bg2 d5 d3 c6 e4 Be6 exd5 cxd5,10,
1603,1360,black,300+2,e4 e5 Bc4 Nf6 d3 Bc5 Nc3 d6 Bg5 h6,10,
1477,1199,white,600+6,e3 e5 Bd3 Nc6 Nf3 Nf6 O-O e4 Bxe4 Nxe4,10,
1716,1501,white,600+0,e4 d5 exd5 Qxd5 Nc3 Qd8 Nf3 Bg4 Be2 Bxf3,10,5832.71
1603,1800,black,0+1,b3 e5 Bb2 d5 c3 c6 Qc2 Be6 e3 Nf6,10,
1733,1536,black,300+0,e4 c5 Nf3 d6 Bc4 a6 a4 Nc6 c3 Bd7,10,
1675,1582,black,900+0,d4 d5 Nf3 f5 c4 dxc4 e3 Be6 Nc3 Nd7,10,
1327,1722,black,60+0,f4 Nc6 Nf3 d5 e3 Bf5 Be2 Qd7 O-O O-O-O,10,
1457,1542,white,900+0,e4 e5 Qf3 Nc6 c3 a6 d3 Be7 Be2 Nf6,10,
1422,1474,black,660+10,e4 e5 Nf3 Nf6 Nc3 Bb4 Nxe5 Bxc3 dxc3 Nxe4,10,
1559,1336,white,180+3,d4 Nf6 c4 e6 a3 d5 c5 b6 b4 Ba6,10,
1662,1806,black,60+2,e4 c6 f4 d5 e5 Bf5 Nf3 e6 d4 c5,10,
1662,1477,white,300+0,d4 c5 dxc5 e5 e4 Bxc5 Be3 Bxe3 fxe3 Nf6,10,
1435,1451,white,480+8,e4 e5 Nf3 Nc6 d4 d6 dxe5 Bg4 exd6 cxd6,10,
1901,1598,white,420+0,d4 c6 f4 d5 Nf3 Na6 e3 b5 a3 Bg4,10,
1725,1325,white,60+0,e4 e5 Nf3 Nf6 Bc4 Nxe4 d3 Nf6 Ng5 d5,10,
1597,1480,white,0+1,c3 d5 Qc2 Bf5 d3 e6 f3 Bd6 g4 Bg6,10,
1089,1292,black,420+0,e4 e5 Nf3 Nc6 Bb5 h6 Bxc6 dxc6 Nxe5 Nf6,10,
1322,1727,black,60+0,f4 d5 Nf3 e5 e3 e4 Ne5 Nc6 Ng4 Nf6,10,
1451,1597,black,300+0,b3 c5 Bb2 d5 g3 Nc6 e3 e6 Bb5 Bd7,10,
1729,1320,black,60+0,e4 e5 Nf3 Nf6 Bc4 Nc6 d3 Na5 Nc3 Nxc4,10,
1655,1943,black,60+1,e4 e6 f4 d5 exd5 exd5 d4 Nf6 Nf3 Bd6,10,
1316,1564,black,180+3,e4 e6 d4 d6 Nf3 h6 Nc3 a6 Bd3 Nd7,10,
1722,1370,white,180+0,e4 e5 Nf3 Nc6 Bc4 Nf6 d3 Bb4+ Bd2 Bxd2+,10,
1668,1254,white,300+0,d4 h6 e4 a6 Bd3 b5 Nf3 g5 Be3 Bg7,10,
1803,1471,black,300+0,a3 e5 c4 Bc5 Nf3 e4 Ng1 Nf6 b4 Bd4,10,
1344,1705,black,60+0,f4 d5 Nf3 Nc6 e3 Bg4 Be2 Bxf3 Bxf3 e5,10,
1478,1391,white,420+7,e4 e5 Nf3 d6 Nc3 c5 Bc4 h6 O-O Qf6,10,
1651,1867,white,60+0,e4 c5 f4 d6 Nf3 Nc6 c3 Nf6 e5 dxe5,10,
1313,1511,black,300+5,e4 c5 g3 e6 Bg2 Nc6 Ne2 Nf6 Nbc3 a5,10,
1370,1504,black,300+8,Nf3 Nc6 d4 Nf6 Nc3 e6 e4 Bb4 a3 Bxc3+,10,
1708,1341,white,60+0,e4 e6 Nf3 Nf6 Bc4 Nc6 e5 Ng4 d4 Ngxe5,10,
1528,1439,white,840+14,d4 e6 Nf3 c5 e3 cxd4 exd4 a6 c4 Nc6,10,
1589,1409,white,480+5,d4 e6 c4 c6 e4 h6 Nf3 Bb4+ Bd2 Bxd2+,10,
1405,1358,black,300+8,d4 Nf6 Bg5 Ne4 h4 f6 Bf4 d5 f3 Nd6,10,
1538,1500,black,60+2,d4 f6 c4 g6 Nc3 Bg7 e4 d6 Be3 a6,10,
1849,1669,white,60+0,d4 d5 c4 dxc4 Nc3 c6 Nf3 g6 g3 Bg7,10,
1623,1444,black,300+0,e4 b6 Nf3 Bb7 d3 e6 Be2 g6 O-O Bg7,10,
1338,1711,black,60+0,f4 d5 Nf3 Nc6 e3 d4 Be2 d3 Bxd3 Bg4,10,
1569,1500,white,180+3,d4 d5 c4 Nf6 h3 c6 Nf3 Qc7 a3 e6,10,
1250,1671,black,300+0,e3 e5 Qf3 Nc6 Bc4 Nf6 Qf5 d6 Nf3 Bxf5,10,
1447,1483,black,480+8,e4 e5 Nf3 Nf6 d4 exd4 Qxd4 Nc6 Qe3 d6,10,
1695,1529,white,0+1,c3 c6 Qc2 d5 e3 e5 c4,7,
1596,1660,black,900+0,e4 e5 c4 b6 d3 Bb7 Nf3 Nc6 Nc3 d6,10,
1766,1523,white,0+1,b3 c6 Bb2 d5 f3 f6 e3 e5 c4 Bd6,10,
1470,1722,white,900+0,e4 e5 Qf3 Nf6 d3 d6 h3 Be7 Be2 Nc6,10,
2069,1402,white,300+8,e4 d5 exd5 Qxd5 Nc3 Qe6+ Be2 Qc6 Nf3 g5,10,
1662,1855,black,60+0,e4 e6 f4 d5 e5 f6 Nf3 fxe5 fxe5 Nc6,10,
1714,1335,white,60+0,e4 e5 Nf3 Nf6 Nxe5 Nc6 Nxc6 dxc6 Nc3 Qe7,10,
1807,1518,white,0+1,d3 c6 e3 d5 g3 e5 Bg2 Nf6 Ne2 Bd6,10,
1485,1163,black,600+6,e3 e5 Nc3 Nc6 Bb5 Nf6 Nge2 d6 Bxc6+ bxc6,10,
1657,1861,black,60+0,e4 e6 f4 d5 exd5 exd5 d4 Nf6 Nf3 Bd6,10,
1332,1717,black,60+0,f4 d5 Nf3 Nc6 e3 a6 Be2 Bf5 O-O e6,10,
1133,1010,white,420+0,e3 Nf6 g3 Nc6 Bg2 d5 h3 Qd7 a3 Qg4,10,
1905,1586,black,420+0,d4 e6 f4 d5 Nf3 Nf6 e3 c5 c3 Be7,10,
1836,1514,white,0+1,b3 c6 Bb2 d5 c4 Nf6 e3 dxc4 Bxc4 Bf5,10,
1673,1246,white,300+0,d4 d5 Nc3 e6 e4 f5 exf5 exf5 Bb5+ c6,10,
1575,1553,white,180+3,d4 d5 c4 e5 e3 Bb4+ Bd2 Bxd2+ Nxd2 exd4,10,
1333,1258,black,420+0,e4 e5 Nf3 Nc6 Nc3 g6 d4 Bg7 Bg5 f6,10,
1858,1510,black,0+1,g3 d5 Bg2 c6 e3 e5 c3 e4 b4 Nf6,10,
1720,1329,white,60+0,e4 e5 Nf3 Nf6 Nxe5 d6 Nc4 Nxe4 Qe2 Qe7,10,
1866,1651,white,60+0,e4 e5 Nf3 d6 c3 Nc6 d4 Bg4 Be2 exd4,10,
1530,1472,white,300+0,e4 e5 Nf3 d6 Bc4 Bg4 Nc3 Bxf3 Qxf3 Qf6,10,
1458,1500,white,300+8,e4 e5 Nf3 f6 d4 Nc6 d5 Nd4 Nxd4 exd4,10,
1486,1550,black,360+3,e4 c5 Nf3 Nc6 Bc4 e6 e5 d5 exd6 Bxd6,10,
1646,1872,black,60+0,e4 e6 f4 d5 exd5 exd5 Nf3 c5 c3 Nc6,10,
1731,1529,black,0+1,c3 c6 e3 d5 Qb3 e5 c4 Qb6 d3 Qxb3,10,
1441,1558,white,-,e4 e5 d3 d6 Nc3 g6 g3 b6 Nge2 Bh6,10,
1566,1550,white,300+0,e4 b6 Nf3 Bb7 d3 e6 Be2 Be7 O-O Nf6,10,
1635,1546,white,0+1,c3 c6 d4 d5 b3 e6 Bb2 Nf6 g4 Bd7,10,
1595,1428,white,480+5,d4 d5 c4 dxc4 e4 b5 Nf3 f6 Nc3 e6,10,
1876,1641,white,60+0,e4 e5 Nf3 d6 c3 c5 d4 cxd4 cxd4 Nc6,10,
1712,1713,white,300+2,e4 e5 Nc3 c6 f4 d5 exd5 cxd5 Nf3 e4,10,
1641,1876,white,60+0,e4 e6 f4 d5 e5 f6 Nf3 fxe5 fxe5 c5,10,
1539,1517,black,300+0,e4 c5 Nf3 e6 d4 cxd4 Nxd4 Nc6 Nc3 Bb4,10,
1309,1533,black,300+8,d4 d5 c3 c5 Nf3 Nc6 Bf4 cxd4 cxd4 Bg4,10,
1373,1392,white,300+8,e3 e5 Nc3 Bc5 Nf3 d6 Bc4 Nf6 Ng5 d5,10,
1858,1659,black,60+0,e4 e5 Nf3 d6 c3 Nc6 d4 exd4 cxd4 Bg4,10,
1883,2004,draw,420+0,d4 e6 f4 c5 e3 cxd4 exd4 Nf6 Nf3 b6,10,
1459,1528,black,300+0,b3 e5 Bb2 Nc6 e3 Nf6 Bb5 d6 Bxc6+ bxc6,10,
1486,1216,white,420+7,e4 e5 Nf3 d6 Bc4 Be6 d3 Nc6 Bxe6 fxe6,10,
1601,1731,white,480+5,d4 e6 c4 d5 c5 Nc6 Nf3 Nf6 Bg5 Be7,10,
1677,1841,black,60+0,e4 e6 f4 d5 e5 c5 Nf3 Nc6 c3 Qb6,10,
1848,1670,white,60+0,e4 e5 Nf3 d6 c3 Bg4 Be2 Nc6 d4 f5,10,
1670,1587,white,900+0,d4 d5 c4 Be6 Nc3 dxc4 Nf3 a6 e4 b5,10,
1631,1529,white,300+5,e4 c5 Nf3 e6 d4 cxd4 Nxd4 Nc6 Be3 Nf6,10,
1364,1450,white,180+1,d4 d5 Nc3 e6 e4 Bb4 exd5 Bxc3+ bxc3 Qxd5,10,
1854,1814,white,60+0,d4 e5 dxe5 Nc6 c4 Nxe5 Nc3 Nf6 Nf3 Nxf3+,10,
1337,1450,white,180+0,e4 e5 Qh5 g6 Qxe5+ Be7 Qxh8 Bf8 Qxg8 Qf6,10,
1430,1725,black,840+14,e4 c5 Bc4 e6 d4 cxd4 Qxd4 Nc6 Qc3 Bb4,10,
1803,1864,black,60+0,d4 e6 c4 d5 Nc3 Nf6 Nf3 c5 Bg5 cxd4,10,
1457,1584,white,180+3,e4 e6 Nf3 d6 Bc4 h6 O-O Be7 c3 a6,10,
1380,1387,black,300+8,d4 e6 c4 d5 Nf3 dxc4 e3 Nf6 Ne5 Ne4,10,
1873,1793,white,60+0,e4 c6 Nf3 d5 exd5 cxd5 d4 Nc6 c4 Bg4,10,
1729,1426,white,840+14,e4 e5 Nf3 d6 d4 Bg4 dxe5 Bxf3 gxf3 dxe5,10,
1537,1567,black,300+0,e4 c5 Nf3 d6 d4 cxd4 Nxd4 Nf6 Nc3 a6,10,
1357,1605,black,300+8,Nf3 d5 d4 Bg4 h3 Bxf3 gxf3 e6 Bg2 Nc6,10,
1493,1537,white,600+3,e4 e5 Bc4 Nf6 Nf3 Nxe4 Qe2 Nd6 Qxe5+ Qe7,10,
1578,1679,white,900+0,e4 e5 c4 c6 d3 Nf6 Nf3 d6 Na3 Bg4,10,
1477,1522,white,-,e3 c5 d3 b6 g3 Nc6 Bg2 d5 e4 Nf6,10,
1684,1628,white,120+5,c4 c5 b3 d6 Bb2 e6 g3 Nf6 Bg2 Be7,10,
1809,1882,black,60+0,e3 e6 d4 d5 c4 c5 Nf3 Nf6 Nc3 Nc6,10,
1454,1542,black,600+6,d4 e6 e3 d5 Bd3 Nf6 Nf3 Bd6 O-O Nc6,10,
1676,1257,white,0+1,b3 e5 Bb2 d6 d3 Nc6 f3 f6 g3 Be6,10,
1451,1457,draw,300+0,b3 e5 Bb2 Qf6 g3 d5 Bg2 d4 Nh3 c6,10,
1149,1386,white,420+0,e3 e5 g3 d5 Qh5 Bd6 Bb5+ c6 Be2 Nf6,10,
1891,1799,black,60+0,d4 d5 c4 e6 Nc3 Bb4 Nf3 Bxc3+ bxc3 Nf6,10,
1580,1694,black,120+4,a3 c5 c4 Nc6 d3 e6 Nf3 d5 cxd5 exd5,10,
1381,1471,white,600+2,e4 c5 Nf3 d5 exd5 Nf6 c4 e6 Nc3 exd5,10,
1438,1318,white,120+0,e4 c5 Nc3 d6 Bc4 f6 f4 g5 d3 Nc6,10,
1649,1770,white,300+2,e4 d5 exd5 Nf6 Bb5+ Nbd7 Nf3 a6 Ba4 Nxd5,10,
1617,1571,white,480+5,d4 e5 d5 e4 c4 f5 Bf4 Nf6 Nc3 Bb4,10,
1361,1511,white,180+0,e4 Nc6 d4 d5 e5 Bf5 g4 Bg6 Bd3 Bxd3,10,
1437,1440,white,0+10,e4 e5 Nf3 b6 Nc3 Bb7 Bc4 c6 d3 d5,10,
1687,1660,black,0+3,d3 b6 c4 Bb7 b3 c5 f3 d5 Bb2 d4,10,
1399,1505,black,600+3,d4 d5 g3 Bf5 Bg2 e6 b3 Na6 Bb2 c5,10,
1877,1814,white,60+0,d4 d5 c4 e6 Nc3 c5 Nf3 cxd4 Nxd4 Nf6,10,
1542,1765,black,480+0,e4 b6 Nc3 Bb7 Bc4 e6 f3 Nf6 Nge2 d5,10,
1645,1772,black,0+2,c3 b6 e3 Bb7 Qc2 d5 f3 e5 Bd3 Qg5,10,
1422,1732,black,840+14,e4 c5 Bc4 e6 d3 a6 Nc3 b5 Bxb5 axb5,10,
1397,1490,white,600+2,e4 e5 Nf3 Nc6 Bc4 Nf6 Nc3 Bb4 Nd5 Nxd5,10,
1448,1649,white,0+10,e4 b6 Nf3 Bb7 Bc4 Bxe4 d3 Bg6 Nc3 c6,10,
1187,1546,black,420+0,e3 Nf6 g3 d6 h3 b6 Bg2 c6 Qe2 a6,10,
1388,1436,white,180+0,e4 e5 Qh5 Nc6 Bb5 g6 Qh3 Nd4 Qg3 Nxc2+,10,
1755,1664,black,300+2,d4 e6 e4 d5 Nd2 Nf6 e5 Nfd7 Bd3 c5,10,
1321,1281,white,420+0,e4 e5 Nf3 Nc6 Nc3 d6 d4 exd4 Nxd4 Nxd4,10,
1400,1369,draw,300+8,e4 e5 Nf3 Nc6 Nc3 Nf6 Nd5 Nxd5 exd5 Nd4,10,
1664,1592,black,900+0,d4 d5 Nf3 e6 e3 c6 c4 Nf6 Nc3 Bb4,10,
1886,1804,black,60+0,d4 d5 c4 e6 cxd5 exd5 Nc3 Nf6 Nf3 c5,10,
1618,1829,black,0+2,d3 d5 e4 dxe4 dxe4 Qxd1+ Kxd1 Nc6 f4 Bg4+,10,
1401,1419,black,300+8,d4 d5 c3 Nc6 c4 e5 cxd5 Qxd5 dxe5 Qxd1+,10,
1664,1947,white,60+2,e4 e6 f4 d5 e5 c5 Nf3 Bd7 d3 Nc6,10,
1410,1453,white,180+0,e4 b6 d4 Bb7 e5 d6 f4 dxe5 Bb5+ c6,10,
1599,1237,white,0+1,d3 e5 e4 d6 b3 Nc6 Bb2 Be6 f4 f5,10,
1736,1419,white,840+14,e4 e5 Nf3 Nc6 d4 exd4 Nxd4 d5 exd5 Qxd5,10,
1626,1316,white,480+5,d4 d6 c4 e6 e4 b6 Nc3 Bb7 Nf3 g6,10,
1476,1413,white,600+2,e4 e5 Nf3 d6 Bd3 Nf6 O-O d5 Nxe5 dxe4,10,
1537,1508,black,480+0,e4 e5 Nc3 Nf6 Bc4 d6 f3 Be6 Bb3 Bxb3,10,
1784,1810,black,480+6,e4 e6 b3 d5 exd5 exd5 Bb2 Be6 Qf3 Nf6,10,
1605,1650,draw,900+0,e4 e5 c4 Bc5 Na3 Bxa3 bxa3 Qe7 Nf3 d6,10,
1873,1819,white,60+0,d4 g6 c4 Bg7 Nc3 f5 Nf3 Nf6 g3 d6,10,
1609,1864,white,0+1,d3 b6 e4 Bb7 g3,5,
1390,1943,black,600+0,a3 e5 h3 d6 d4 Qe7 dxe5 dxe5 e3 Nf6,10,
1347,1461,white,0+10,e4 Nf6 e5 Nd5 d4 Nc6 Nf3 e6 Bb5 d6,10,
1428,1557,white,300+0,e4 e6 e5 Nc6 d4 d6 Bb5 a6 Bxc6+ bxc6,10,
1526,1434,black,480+0,e4 e5 Nc3 c6 Bc4 b5 f3 bxc4 d3 Ba6,10,
1330,1573,white,540+0,e4 e5 c3 Nf6 Qe2 Nc6 b4 Bc5 bxc5 d5,10,
1494,1688,black,300+3,e4 c5 Bc4 Nc6 c3 Nf6 d3 e6 Nf3 d5,10,
1760,1390,black,0+3,e4 Nf6 e5 Nd5 d4 Nc6 Bb5 e6 c4 Nb6,10,
1488,1501,black,300+3,e4 e6 c3 Nf6 Bd3 b6 e5 Nd5 c4 Nf4,10,
1478,1385,black,300+3,e4 d5 e5 c5 d4 c4 c3 Bf5 b3 b5,10,
1331,1358,white,420+0,e4 e5 Nf3 Nc6 Nc3 f6 d4 Bb4 dxe5 Nxe5,10,
1538,1642,black,300+0,e4 e5 Nf3 d6 Bc4 Bg4 h3 Bh5 g4 Bg6,10,
1404,1431,white,600+5,e4 c6 d3 d5 Nd2 Nf6 e5 Nfd7 e6 fxe6,10,
1513,1391,white,600+3,e4 e5 Bc4 Nc6 Nf3 b6 O-O Nf6 d3 h6,10,
1451,1464,white,180+0,e4 Nc6 d4 d5 e5 Bf5 Bd3 Qd7 Bxf5 Qxf5,10,
2363,1390,white,60+0,d4 d5 Nf3 Nc6 c4 Nf6 Nc3 Bg4 cxd5 Nxd5,10,
1648,1606,white,900+0,d4 d5 Nf3 e6 Bd2 f5 Nc3 Nc6 Bg5 Be7,10,
1402,1458,black,120+1,d4 c5 dxc5 e6 Nf3 Nc6 Nc3 Bxc5 e3 Nf6,10,
1403,1485,white,600+2,e4 e5 Bc4 c6 Qh5 Qf6 d3 Bc5 Nf3 g6,10,
1680,1672,white,120+2,c4 c5 Nc3 Nc6 e3 d6 Nge2 Bd7 g3 g6,10,
1469,1197,white,180+0,e4 e6 e5 Nc6 d4 d6 Bb5 Bd7 Bxc6 Bxc6,10,
1512,1292,white,480+0,e4 d6 Nc3 e6 Bc4 g6 f3 Bg7 Nge2 b6,10,
1887,1807,black,600+10,a3 e5 c4 Nf6 Nf3 e4 Ng5 h6 Nh3 d6,10,
1649,1702,white,300+0,e4 c5 Bd3 d6 c3 Nf6 Bc2 g6 d4 cxd4,10,
1326,1469,white,60+0,f4 c5 e3 d5 Be2 Nc6 Nf3 Bf5 O-O Nb4,10,
1657,1512,white,300+0,e4 Nf6 Nc3 b6 d4 Bb7 Bd3 e6 e5 Nd5,10,
1448,1701,draw,120+4,e4 c5 Nf3 e6 Nc3 Nc6 Bc4 a6 d3 b5,10,
1639,1399,black,300+8,e4 d5 e5 Nc6 d4 f6 f4 Bf5 Bb5 a6,10,
1314,1294,black,1800+8,e4 e5 Nf3 f6 Bc4 c6 O-O d5 Bd3 d4,10,
1189,1345,draw,60+0,e4 e5 Nf3 Nf6 Nxe5 d6 Nf3 Nxe4 Qe2 Qe7,10,
1517,1658,black,480+0,e4 e5 Nc3 Nc6 Bc4 Nf6 f3 Na5 Bb3 c5,10,
1629,1636,white,480+5,d4 d5 c4 dxc4 e4 e6 Bxc4 Nf6 Bd3 Nc6,10,
1342,1982,black,60+0,f4 e6 Nf3 d5 e3 Nf6 Be2 c5 Kf1 Nc6,10,
1461,1538,black,-,e4 b6 d3 c6 Nc3 e6 f3 d6 Nge2 g6,10,
1472,1419,white,600+2,e4 d5 Nc3 d4 Nce2 e5 Nf3 Nc6 c3 Bd6,10,
1349,2079,black,300+8,Nf3 d5 d4 Nf6 Nc3 Bf5 Be3 Nc6 g3 Nb4,10,
1671,1493,white,300+0,e4 c5 Nf3 d6 d4 cxd4 Nxd4 Nf6 Bd3 a6,10,
1551,1983,white,60+0,e4 c5 Nf3 Nc6 d4 cxd4 Nxd4 e6 Nc3 d6,10,
1306,1417,black,600+5,e4 e5 f4 Bd6 Nf3 exf4 d4 c5 Nc3 Na6,10,
1417,1520,black,300+8,e4 e5 d3 c5 Nf3 Nc6 Na3 d5 Nb5 dxe4,10,
1957,1341,white,60+0,d4 g6 e4 Bg7 Nf3 d6 Bc4 Nf6 Ng5 d5,10,
1663,1576,white,0+1,b3 c5 Bb2 d5 c4 dxc4 bxc4 e6 e3 Bd7,10,
1510,1520,white,480+0,e4 e5 Nc3 Nf6 Bc4 Bc5 f3 Nc6 d3 d6,10,
1340,1958,black,60+0,e4 e5 d4 exd4 Qxd4 Nc6 Qd1 Bc5 Nc3 Qf6,10,
1494,1452,white,600+8,e4 e5 Nf3 f6 Nc3 c6 Bc4 b5 Bb3 b4,10,
1663,1576,white,0+1,g3 d5 Bg2 c5 f4 Nc6 e3 e6 b3 Bd6,10,
1415,1739,black,840+14,e4 c5 Bc4 e6 Nf3 Nc6 O-O a6 e5 b5,10,
1959,1339,white,60+0,e4 e5 f4 exf4 Nf3 Nf6 e5 Ng8 d4 d6,10,
1584,1412,black,300+0,e4 e5 Bc4 f6 c3 Bc5 d3 d6 Bxg8 Rxg8,10,
1640,1384,white,480+30,d4 d5 c4 dxc4 e4 g6 Bxc4 Bg7 Nf3 h6,10,
1571,1426,white,600+8,d4 c5 d5 Nf6 Nc3 e6 dxe6 fxe6 e4 Nc6,10,
1725,1132,white,300+2,e4 d6 f4 e6 Nf3 b6 d4 g6 e5 d5,10,
1689,1768,black,0+1,c3 Nf6 d4 e6 b3 d5 Bb2 c5 Qc2 cxd4,10,
1338,1960,black,60+0,f4 d5 Nf3 Nf6 e3 c5 Be2 Nc6 O-O Bf5,10,
1665,1780,black,0+1,c3 Nf6 d4 e5 f3 Nd5 c4 Nb4 dxe5 d6,10,
1697,1694,black,120+2,d4 d5 Nc3 Nf6 Bf4 a6 Nf3 h6 e3 g5,10,
1665,1780,black,0+1,c3 Nf6 d4 e6 Qc2 d5 e3 c5 h3 Nc6,10,
1960,1337,white,60+0,e4 e5 f4 exf4 Nf3 Nf6 Bc4 Nc6 O-O d6,10,
1565,1408,white,300+8,e4 d5 exd5 Qxd5 d3 Nf6 c4 Qe5+ Be3 Qxb2,10,
1471,1509,black,420+4,e4 e5 Nf3 f6 d4 exd4 Nxd4 Qe7 Nc3 d5,10,
1662,1885,black,300+0,d4 d5 Nf3 Nf6 e3 Bg4 c4 e6 Nc3 c6,10,
1521,1515,white,480+0,e4 c5 Nc3 Nc6 Bc4 Ne5 Qe2 d6 f4 Bg4,10,
1379,1644,black,480+30,d4 d5 b3 c5 c3 Bf5 g3 Nf6 Bg2 e6,10,
1336,1961,black,60+0,f4 e6 e3 d5 Be2 Nf6 Nf3 c5 O-O Nc6,10,
1506,1399,white,600+8,e4 c6 d4 d5 e5 Bf5 Nf3 e6 Nc3 Bb4,10,
1431,1726,black,180+3,e4 d5 Nc3 d4 Nd5 e5 Bb5+ c6 Bxc6+ bxc6,10,
1962,1335,white,60+0,g4 g6 Bg2 Bg7 d4 d6 c4 Nf6 h3 O-O,10,
1500,1521,black,300+10,e4 e5 Nf3 d6 Nc3 Nc6 Bc4 Be6 d3 Bxc4,10,
1567,1762,black,0+2,e4 e6 f4 d5 Nf3 dxe4 Ne5 f5 Bc4 Nf6,10,
1309,1218,black,1800+8,e4 e5 d4 exd4 Qxd4 Nc6 Qd1 Nf6 f3 Bc5,10,
1427,1722,black,180+3,e4 c5 c3 Nc6 d4 cxd4 cxd4 d5 Nc3 dxe4,10,
1214,1561,black,0+2,a3 d6 c4 e5 d3 Nf6 Nc3 Be7,8,
1882,1963,draw,60+0,d4 e6 c4 Nf6 Nc3 Bb4 Nf3 O-O Bd2 d5,10,
1550,1379,black,480+0,d4 c5 d5 e6 e4 d6 c4 e5 a3 Nf6,10,
1335,1564,black,60+0,f4 d5 Nf3 c5 e3 Nc6 Be2 e6 O-O Bd6,10,
1516,1261,draw,600+8,e4 d6 d4 e6 Nf3 b6 Nc3 g6 Bc4 Bb7,10,
1529,1605,white,600+8,e4 e5 Nc3 Nf6 Nf3 Nc6 Bc4 Be7 d3 a6,10,
1690,1730,black,300+2,e4 d6 Nf3 c5 d4 Nf6 dxc5 Nxe4 cxd6 Nxd6,10,
1115,1541,black,300+1,d4 e6 e4 c5 Be3 cxd4 Bxd4 Nc6 c3 Nxd4,10,
1481,1519,white,420+7,e4 e5 Nf3 Qe7 Nc3 Nf6 d4 c6 dxe5 Ng4,10,
1683,1630,white,60+2,e4 Nf6 e5 Nd5 d4 d6 c4 Nb6 f4 Bf5,10,
1532,1439,white,480+0,e4 e5 Nc3 Nf6 f3 Nc6 Bc4 b6 a3 a5,10,
1500,1709,black,120+2,g4 e5 f3 Nc6 d4 exd4 e3 Bc5 exd4 Bxd4,10,
1649,1500,white,480+5,d4 e6 c4 Bb4+ Bd2 Bd6 c5 Bf8 Bf4 c6,10,
1713,1506,white,360+2,d4 d5 c4 dxc4 e3 b5 a4 Qd5 axb5 Qxb5,10,
1328,1239,black,60+0,f4 d5 Nf3 Bg4 e3 Bxf3 Be2 Nc6 Bxf3 e5,10,
1693,1620,black,60+2,e4 c5 f4 Nc6 Nf3 d5 exd5 Qxd5 Nc3 Qe6+,10,
1256,1309,black,60+0,c4 g6 Nc3 Bg7 d4 d6 e3 Nf6 Bd2 O-O,10,
1679,1831,white,60+2,e4 e5 f4 exf4 h4 Nf6 e5 Ne4 Nf3 Ng3,10,
1540,1643,black,480+0,e4 e5 Nc3 Nf6 Bc4 d6 f3 Be7 d3 c6,10,
1476,1742,black,300+2,e4 c5 Nf3 Nc6 d4 cxd4 Nxd4 Nxd4 Qxd4 e6,10,
1496,1501,white,360+2,d4 d5 e3 Bf5 a3 Nf6 Nd2 e6 b3 h6,10,
1546,1541,white,600+8,d4 Nf6 c4 d5 cxd5 Qxd5 Nc3 Qa5 Bd2 Nc6,10,
1564,1335,black,60+0,e4 g6 f4 Bg7 Nf3 d6 e5 Nf6 exf6 Bxf6,10,
1571,1277,black,180+3,d4 e5 Nf3 e4 Ng1 d5 a3 Nc6 h3 Qf6,10,
1306,1246,black,1800+8,e4 e5 d4 exd4 Qxd4 Nc6 Qd1 Nf6 f3 Bc5,10,
1606,1410,white,0+1,d3 Nc6 e3 Nf6 e4 d5 e5 Nd7 d4 e6,10,
1612,1404,white,0+1,d3 d5 c3 Nc6 b3 Nf6 Bb2 e6 Qc2 Bd7,10,
1505,1808,black,540+0,e4 Nf6 d3 Nc6 Nc3 d5 exd5 Nxd5 Nxd5 Qxd5,10,
1154,1523,black,900+15,d4 e5 dxe5 Nc6 Bf4 Bc5 Nc3 Nge7 e6 dxe6,10,
1747,1703,white,300+5,e4 e5 f4 d5 exd5 c6 Qe2 cxd5 fxe5 Nc6,10,
1299,1588,black,600+5,e4 e5 Nf3 Nc6 Bc4 Nf6 d3 h6 O-O Bc5,10,
1507,1493,white,420+7,e4 e5 Bc4 c6 Qf3 f6 Nh3 d5 exd5 cxd5,10,
1973,1790,white,120+0,d4 Nf6 c4 e6 Nf3 d5 Bf4 c5 e3 Nc6,10,
1535,1431,black,420+0,Nf3 Nc6 Nc3 Nf6 g3 e6 Bg2 d5 O-O Bd6,10,
1322,1644,black,60+0,f4 c6 Nf3 d5 e3 Qc7 Be2 e6 O-O Bd6,10,
1533,1363,white,480+0,e4 e5 Nc3 Nf6 Bc4 Bb4 f3 Bxc3 dxc3 O-O,10,
1299,1552,white,180+3,c4 e6 d4 d6 Bd2 h6 Nc3 a6 e4 Be7,10,
1782,1981,black,120+0,e4 d5 exd5 Nf6 Nf3 Nxd5 Bc4 Bg4 O-O e6,10,
1578,1421,black,-,d4 d5 e3 e6 c4 Nf6 cxd5 exd5 Bb5+ c6,10,
1667,1469,black,300+0,d4 d5 c4 Nf6 cxd5 Nxd5,6,
1534,1320,white,180+3,d4 e5 dxe5 Nc6 Nf3 d5 h3 Nge7 a3 f6,10,
1652,1775,white,0+1,d3 e6 c4 d5 b3 dxc4 bxc4 c5 Bb2 a6,10,
1423,1444,black,660+11,e4 c5 Nf3 e6 c4 d5 cxd5 exd5 exd5 Qxd5,10,
1988,1998,white,120+0,d4 Nf6 c4 c5 Nf3 cxd4 Nxd4 g6 Nc3 Bg7,10,
1577,1597,white,900+0,d4 d5 Nf3 e6 e3 c5 c3 Nc6 Nbd2 Nf6,10,
1693,1758,black,300+5,e4 e5 f4 exf4 Nf3 Be7 h4 Nf6 Nc3 O-O,10,
2003,1986,white,120+0,g3 Nf6 Bg2 d5 d3 c6 Nf3 Bf5 O-O h6,10,
1539,1314,white,180+3,d4 e6 e4 d6 c4 c6 Be3 d5 Bd3 dxe4,10,
1585,1588,black,900+0,e4 e5 c4 Nf6 d3 Bc5 Na3 d6 Nc2 Ng4,10,
1139,1162,white,900+15,d4 d5 Nc3 Nf6 Bf4 Nc6 Nb5 Qd7 Nxc7+ Kd8,10,
1689,1398,white,0+1,c3 d5 d4 Nf6 b3 Nc6 Qc2 Bg4 e3 e6,10,
2061,1978,white,240+0,e4 c5 Nf3 d6 d4 cxd4 Nxd4 Nf6 Nc3 e5,10,
1602,1531,white,600+5,d4 Nc6 e4 Nf6 Bd3 d5 e5 Nd7 c3 g6,10,
1451,1527,black,300+0,b3 e5 Bb2 Nc6 e3 d5 Bb5 f6 Bxc6+ bxc6,10,
2017,1975,black,120+0,d4 Nf6 g3 d5 Bg2 Bf5 Nf3 c6 c4 h6,10,
1699,1777,black,300+6,e4 e5 Bc4 Nf6 d3 Be7 Nc3 c6 Nf3 d6,10,
1039,1277,black,240+0,e4 e5 Nf3 Nf6 Nxe5 Bd6 Nc4 Na6 e5 Qe7,10,
1544,1769,black,180+3,d4 e5 d5 Bc5 a3 Nf6 h3 O-O Nf3 e4,10,
1187,1494,black,900+15,d4 d6 Nc3 c5 dxc5 dxc5 Bf4 Qxd1+ Kxd1 Nf6,10,
1490,1193,white,600+0,e4 Nc6 c3 d5 d3 d4 cxd4 Nxd4 Be3 h5,10,2558.71
1442,1511,draw,300+0,b3 Nc6 Bb2 e5 e3 d6 Bb5 Bd7 Nf3 Nf6,10,
1576,1324,white,300+8,e4 e5 Nf3 Nc6 Bb5 Nf6 O-O d6 Nc3 Bd7,10,
1618,1394,white,0+1,f3 d5 e4 Nf6 e5 Nfd7 d4 Nb6 c3 Nc6,10,
1632,1529,white,600+5,d4 d5 c4 dxc4 e3 b5 b3 Ba6 bxc4 bxc4,10,
1774,1539,white,180+3,e4 e6 f4 d6 Nf3 Be7 e5 h6 exd6 Bxd6,10,
1754,1715,white,180+0,e4 e5 f4 exf4 Nf3 Nc6 Bc4 h6 O-O d6,10,
1536,1538,white,240+1,e4 Nc6 Nf3 e5 Bc4 h6 d3 f6 Be3 Bb4+,10,
1172,1280,black,900+15,d4 e6 Nc3 d6 b3 g6 Qd2 Bg7 Qg5 Ne7,10,
1309,1527,black,240+1,d4 Nf6 Nc3 d5 e4 dxe4 f3 exf3 gxf3 e6,10,
1547,1506,black,300+0,e4 Nc6 Nf3 Nf6 d3 e5 c3 d6 Be2 Be7,10,
1498,1454,black,600+10,e4 c5 d4 e6 dxc5 Bxc5 Be3 Bb4+ c3 Ba5,10,
1641,1815,black,240+0,e4 c6 d4 d5 Nc3 dxe4 Nxe4 Nf6 Bd3 Nxe4,10,
1697,1756,black,0+1,d3 e5 e4 Qf6 f4 Qxf4 Bxf4 exf4 Qd2 Nf6,10,
1769,1988,white,60+1,e4 e5 Nf3 Nc6 Nc3 Nf6 d4 exd4 Nxd4 Bb4,10,
1429,1248,white,300+0,e3 e5 Qh5 Nc6 Nf3 d6 g3 Nf6 Qh4 e4,10,
1535,1369,black,180+3,d4 Nf6 h3 e6 c4 c5 a3 cxd4 Qxd4 Nc6,10,
1623,1515,black,0+1,g4 c5 e4 d6 f3 Nc6 h3 e6 c4 Nf6,10,
1534,1532,white,240+1,Nf3 Nc6 e3 e5 d4 e4 Nfd2 d5 c4 Bb4,10,
1463,1413,white,180+3,e3 d5 b3 e6 c4 dxc4 Bxc4 a6 Qf3 Nf6,10,
1676,1515,black,0+1,c3 c5 d4 d6 dxc5 Nc6 cxd6 exd6 b3 Nf6,10,
1676,1515,white,0+1,b3 e6 Bb2 d5 f3 c6 g3 Nf6 Bg2 Bd6,10,
1535,1598,white,480+0,d4 d5 c4 dxc4 e4 e6 Bxc4 Qh4 Qf3 Nh6,10,
1609,1484,white,0+1,e3 d6 d4 c5 Bd3 b6 c3 Nf6 Qf3,9,
1645,1484,white,0+1,e3 Nc6 d4 e6 d5 exd5 Qxd5 Nf6 Qd1 d6,10,
1887,1797,black,300+2,e4 c6 Nc3 e5 Nf3 Be7 Nxe5 Nf6 Bc4 O-O,10,
1404,1473,white,180+3,d4 e6 c3 b6 a3 Bb7 c4 c5 dxc5 Bxc5,10,
1616,1453,white,0+1,g3 d6 Bg2 c6 d3 Bf5 e4 Bg6 f4 e6,10,
1518,1660,black,180+3,d4 c5 d5 d6 e4 e5 Bd2 a6 a4 f5,10,
1616,1453,white,0+1,e3 d5 d3 Nc6 b3 e5 Bb2 Nf6 g3 Bd6,10,
1541,1546,black,480+0,e4 e5 Qh5 Nf6 Qxe5+ Be7 d3 O-O Bg5 Re8,10,
1690,1696,white,300+6,e4 e5 Bc4 Nf6 d3 Be7 Nf3 Nc6 Nc3 d6,10,
1486,1631,white,240+0,e4 c5 Nf3 Nc6 Bc4 g6 d4 cxd4 Nxd4 Nxd4,10,
1658,1597,white,0+1,d3 g6 e4 Bg7 c3 e6 b3 c6 Bb2 d6,10,
1417,1521,white,180+1,d4 Nf6 c4 d5 Nc3 a6 a3 dxc4 e3 b5,10,
1459,1557,black,180+3,e3 Nf6 b3 e5 Bb2 d6 c4 Nc6 Nc3 a5,10,
1315,1142,white,900+15,e4 Nf6 Nf3 g6 Nc3 Bg7 d4 O-O e5 Ne8,10,
1780,1902,white,300+2,e4 e5 f4 Bc5 Nf3 d6 fxe5 dxe5 Bc4 Nf6,10,
1873,1930,black,180+3,e4 Nc6 Nf3 e5 d4 exd4 Bc4 Nf6 Ng5 Ne5,10,
1512,1402,white,480+8,e4 e5 Nf3 d6 Bc4 h6 Nc3 Ne7 d4 Nd7,10,
1812,1684,black,300+2,e4 c5 f4 Nc6 Nf3 e6 Be2 d6 d3 Nf6,10,
1249,1184,black,600+10,e3 e5 c3 d5 b4 g6 Bb2 Nc6 a4 a6,10,
1908,1786,white,120+0,b3 c5 Bb2 Nf6 Nf3 d5 e3 Nc6 d4 cxd4,10,
1667,1511,white,180+3,c4 e6 Nc3 d6 d4 a6 e4 h6 f4 Be7,10,
1588,1615,white,60+0,e4 e5 Bc4 Nc6 Nf3 Nf6 Ng5 d5 exd5 Nxd5,10,
1475,1574,black,180+0,e4 Nc6 d4 d5 e5 Bf5 g4 Bg6 h3 Qd7,10,
1667,1656,white,180+15,d4 d5 c4 dxc4 Nc3 e6 a3 Nf6 e3 Nc6,10,
1676,1213,white,0+1,c3 e6 d4 d5 b3 c6 Bb2 a6 Qc2 b5,10,
1603,1600,black,60+0,e4 g6 Bc4 Bg7 Qf3 e6 Nc3 Nc6 Nge2 Ne5,10,
1742,1921,black,120+0,e4 c5 b4 cxb4 d4 e6 f4 Nf6 Bd3 Nc6,10,
1678,1582,black,180+15,d4 Nf6 c4 e6 a3 c5 dxc5 Bxc5 e3 Nc6,10,
1591,1611,black,60+0,e4 g6 Qf3 Bg7 Bc4 e6 d4 Nf6 Nc3 d5,10,
1463,1455,black,180+0,e4 d5 e5 Nc6 d4 Bf5 g4 Bg6 Bd3 e6,10,
1863,1699,white,180+3,e4 c6 Nc3 d5 Nf3 Bg4 Be2 Bxf3 Bxf3 d4,10,
1161,1451,black,180+3,d4 e6 Nf3 b6 e3 Bb7 c3 c5 Bd3 Qf6,10,
1611,1591,black,60+0,e3 e5 d3 d5 Be2 c5 Bd2 Nc6 c3 Bd6,10,
1931,1736,white,120+0,b3 e5 Bb2 Nc6 Nf3 e4 Nd4 d5 e3 Nf6,10,
1621,1603,black,60+0,e4 e5 Bc4 Nf6 Nf3 Nc6 Ng5 d5 exd5 Nxd5,10,
1557,1465,white,480+0,d4 e6 c4 b6 e4 Qh4 Be3 Qxe4 Nf3 Bb7,10,
1692,1870,black,180+3,d4 d5 c4 c6 Nc3 e5 dxe5 d4 Ne4 Qa5+,10,
1664,1499,white,180+15,d4 d5 c4 dxc4 Nc3 Be6 e3 g5 Nf3 Bg7,10,
1501,1638,white,180+3,d4 d5 c4 e6 a3 c5 e3 Nc6 h3 Bd7,10,
1455,1123,white,180+3,e3 d6 g3 e6 Bg2 g6 c3 Bg7 Qb3 Ne7,10,
2069,1970,white,240+0,Nf3 c5 g3 d5 Bg2 Nf6 d3 g6 O-O Bg7,10,
1670,1820,white,480+6,d4 e6 a3 d5 c4 c6 Nc3 dxc4 e3 Nf6,10,
1643,1628,white,480+5,e4 e5 Nf3 Nc6 d4 exd4 Nxd4 Nxd4 Qxd4 c6,10,
1599,1510,black,60+0,e4 g6 Bc4 Bg7 Qf3 e6 Nh3 Ne7 Ng5 O-O,10,
1962,2077,white,240+0,e4 a6 d4 b5 f4 Bb7 Bd3 e6 Nf3 Nf6,10,
1610,1615,black,60+0,e3 d5 d3 e5 Be2 c5 Bf3 Nc6 Bd2 Be6,10,
1586,1626,black,60+0,b3 e5 Bb2 Nc6 d3 d6 e3 Be6 Be2 f6,10,
1685,1804,white,180+15,d4 e6 a3 d5 c4 Nf6 Nc3 c5 dxc5 Bxc5,10,
1876,1686,white,180+3,e4 c5 Nc3 Nc6 g3 e6 Bg2 a6 a4 Nf6,10,
1636,1524,black,60+0,e4 g6 Nf3 Bg7 d4 e6 Nc3 Ne7 Be3 O-O,10,
1576,1311,white,60+0,e4 Nc6 Bc4 e5 Bd5 d6 Bxc6+ bxc6 Nf3 Bg4,10,
1668,1555,white,300+0,e4 e5 Nf3 Nc6 Nc3 Nf6 d4 exd4 Nxd4 d6,10,
1458,1330,white,180+3,e3 d5 b3 e5 Bb2 d4 Bc4 dxe3 fxe3 f6,10,
1928,1957,white,60+1,b3 d5 Bb2 Nc6 Nf3 Bg4 e3 e5 Be2 Bd6,10,
1476,1645,draw,540+1,e4 Nc6 d4 e5 d5 Nce7 Qh5 Ng6 Bg5 f6,10,
1683,1807,black,300+0,e4 c5 Nf3 b6 d4 cxd4 Nxd4 Bb7 Bd3 g6,10,
1059,1417,black,240+5,e4 c5 f4 e5 fxe5 Qh4+ g3 Qxe4+ Qe2 Qxh1,10,
1582,1569,white,60+0,e4 g6 Bc4 Bg7 Qf3 e6 c3 Ne7 d4 f6,10,
1505,1547,white,180+3,d4 d5 c4 c6 h3 Nf6 Nf3 e6 a3 Bd6,10,
1505,1796,black,180+3,d4 d6 e4 Bd7 c4 c6 a3 e5 Nf3 exd4,10,
1446,1500,white,180+0,e4 e5 Qh5 Nh6 Qxe5+ Be7 Qxg7 Rg8 Qxh6 b5,10,
1580,1570,black,60+0,e4 g6 Bc4 Bg7 Nf3 e6 d3 d5 exd5 exd5,10,
1970,1908,black,120+0,e4 c5 Nf3 e6 b3 Nc6 Bb2 d6 Bb5 Bd7,10,
1500,1617,black,480+5,d4 b5 e4 b4 a3 e6 axb4 Bxb4+ Nc3 Bb7,10,
1782,1798,black,180+0,e4 c5 Nc3 Nc6 Bc4 e6 f4 d6 Nf3 a6,10,
1516,1517,black,180+3,d4 d5 c4 e6 a3 dxc4 h3 b5 e3 Ba6,10,
1539,1621,black,60+0,b3 e5 Bb2 Nc6 d3 d6 Nd2 Be6 g3 Be7,10,
1748,1945,black,60+1,e4 e6 d4 c5 c3 cxd4 cxd4 d5 e5 Nc6,10,
1934,1729,black,120+0,b3 d5 Bb2 c5 Nf3 Nc6 e3 f6 d4 Bg4,10,2879.41
1296,1458,black,180+0,e4 e5 Qh5 Nc6 Bb5 Nf6 Qh4 Be7 Bxc6 dxc6,10,
1960,1950,white,60+0,d4 c6 e4 d5 Nc3 dxe4 Nxe4 Nf6 Nxf6+ gxf6,10,
1549,1603,white,60+0,e3 g6 d3 Bg7 Be2 Nf6 Bd2 O-O c3 d5,10,
1345,1292,white,300+0,e4 e5 Nf3 d6 a3 Nc6 Bb5 Bd7 d3 a6,10,
1569,1582,white,60+0,e3 g6 d3 Bg7 Be2 Nf6 Bd2 O-O Bc3 d6,10,
1634,1800,white,300+2,e4 c6 Nf3 d5 exd5 Bf5 d4 Qxd5 Nc3 Qd6,10,
1662,1467,white,180+0,d4 e5 dxe5 Qh4 Nf3 Qe4 Nc3 Qc6 Qd5 Qxd5,10,
1471,1340,black,600+10,e4 d6 d4 e6 c3 b6 f3 g6 a3 Bg7,10,
1940,1788,white,180+0,e4 e5 Nf3 Nc6 Bb5 a6 Ba4 Nf6 O-O Be7,10,
1593,1558,white,60+0,e4 g6 Bc4 Bg7 Qf3 e6 c3 Ne7 d4 f6,10,
1940,1974,black,60+0,f4 d5 Nf3 Nf6 e3 c5 b3 Nc6 Bb5 Bf5,10,
1322,1385,black,600+10,e4 e5 f3 Nf6 f4 Bd6 fxe5 Bxe5 d3 O-O,10,
1590,1561,white,60+0,e4 d5 exd5 Qxd5 Qf3 Qd8 Bc4 e6 Nc3 Nc6,10,
1947,1771,black,180+0,e4 e5 Nf3 Nc6 Bb5 a6 Ba4 Nf6 O-O Be7,10,
1988,1929,white,60+0,d4 Nc6 e3 d5 f4 Nf6 Nf3 Bg4 c3 Ne4,10,
1551,1496,white,60+0,e4 e5 Bc4 Nf6 Nf3 d6 Ng5 Be6 Bxe6 fxe6,10,
1929,1988,black,60+0,g3 Nf6 Bg2 d5 Nf3 e6 O-O c6 d3 Bc5,10,
1617,1534,white,300+2,d4 d5 Nf3 e6 a3 Nf6 b4 Be7 Bb2 O-O,10,
1669,1459,white,180+0,d4 d5 Nc3 e6 a3 c5 e3 c4 b4 cxb3,10,
1518,1300,white,180+3,d4 d5 c4 dxc4 e3 b5 Qf3 c6 a3 Nd7,10,
1446,1560,black,60+0,e4 g6 Nf3 Bg7 d3 e6 Be3 c6 Be2 d6,10,
1822,1940,draw,120+0,e4 c5 Nf3 e6 Nc3 d6 d4 cxd4 Nxd4 Nf6,10,176.32
2000,1920,white,60+0,g4 c6 Bg2 d5 h3 h5 c4 hxg4 cxd5 gxh3,10,
1920,2000,white,60+0,e4 d6 Nf3 c5 Nc3 e6 Bb5+ Nc6 Bxc6+ bxc6,10,
1414,1520,white,300+10,e4 e5 Nf3 b6 Nxe5 Bb7 Nc3 Qf6 d4 Bb4,10,
1650,1702,black,120+2,e4 e5 Nf3 Nc6 Bb5 Nge7 Nc3 a6 Bxc6 Nxc6,10,
1675,1451,white,180+0,d4 e6 a3 Qf6 e4 e5 d5 d6 h4 Nh6,10,
1523,1521,white,180+3,d4 d5 c4 c6 h3 e6 a3 Nf6 Nf3 b5,10,
1710,1782,black,300+2,e4 c6 Nf3 Nf6 e5 Nd5 d4 d6 c4 Nc7,10,
1405,1510,black,300+8,e4 c5 d4 cxd4 Qxd4 Nc6 Qd5 e6 Qh5 Nf6,10,
1625,1526,black,300+2,d4 Nf6 a3 g6 e3 Bg7 Nf3 d5 h3 O-O,10,
1567,1500,white,60+0,e4 f6 Bc4 Nh6 d4 c6 Bxh6 Qc7 Be3 Qd6,10,
1681,1444,white,180+0,d4 Nc6 d5 Ne5 f4 Ng4 e4 d6 h3 N4f6,10,
1355,1426,white,480+4,d4 d5 c4 dxc4 Nf3 Nf6 e3 Be6 Na3 Qd6,10,
1573,1570,white,60+0,e4 c6 Bc4 d5 exd5 cxd5 Bb5+ Nc6 Be2 Bd7,10,
1570,1573,white,60+0,e4 g6 f4 Bg7 Nf3 e6 e5 d6 exd6 cxd6,10,
1584,1742,black,60+0,e4 Nc6 Bc4 e5 Qf3 Nf6 Bd5 Nd4 Qd3 c6,10,
1597,1581,white,480+10,e4 e5 Nf3 d6 Bc4 Bg4 h3 Bxf3 Qxf3 Nf6,10,
1686,1438,white,180+0,d4 e6 a3 d5 Nc3 Bd7 Bf4 Qf6 Be5 Qf5,10,
1368,1518,black,300+8,d4 e6 e4 d6 Nc3 c5 d5 exd5 exd5 Nf6,10,
1401,1581,black,300+8,e4 d5 Qe2 dxe4 Qxe4 Nd7 Nc3 Ngf6 Qf4 e5,10,
1578,1630,white,60+0,e4 e5 Bc4 Nc6 Nf3 Nf6 Ng5 d5 exd5 Nxd5,10,
1540,1500,black,300+0,e4 c5 Nf3 Nc6 d4 cxd4 Nxd4 g6 Nc3 Bg7,10,
1714,1641,white,120+2,c4 c5 Nc3 e5 g3 Nc6 Bg2 b6 e3 Bb7,10,
1534,1429,black,180+3,d4 d5 c4 e6 a3 c5 h3 Nf6 Nf3 Be7,10,
1692,1432,white,180+0,d4 c6 e4 d5 e5 f6 f4 fxe5 fxe5 e6,10,
1540,1696,white,300+0,e4 c5 f4 Nc6 Nf3 g6 d3 Bg7 Nc3 e6,10,
1590,1617,black,60+0,e4 e5 Bc4 Nf6 Nf3 Nc6 Ng5 d5 exd5 Nxd5,10,
1617,1590,black,60+0,e4 g6 Nf3 Bg7 c3 e6 Bc4 d6 d4 b6,10,
1590,1617,white,60+0,e3 d5 d3 Nc6 g3 e5 Bg2 Nf6 Bd2 Bd6,10,
1696,1426,white,180+0,d4 d6 e4 e5 dxe5 dxe5 Qxd8+ Kxd8 Nf3 Be6,10,
1882,1681,black,180+3,e4 c5 Nf3 Nc6 d4 cxd4 Nxd4 e6 Nb5 Bb4+,10,
1627,1602,black,60+0,e4 g6 Bc4 Bg7 Nf3 e6 d4 d6 Be3 d5,10,
1520,1834,draw,180+3,d4 c5 Nf3 cxd4 Qxd4 Nc6 Qd1 g6 a3 Bg7,10,
1696,1426,black,180+0,d4 f5 Nc3 d5 Bf4 h6 Nb5 Na6 a3 c6,10,
1373,1528,white,480+4,d4 Nf6 Nf3 d5 c4 e6 Nc3 Bb4 Bg5 O-O,10,
1614,1616,white,60+0,e3 d5 d3 e5 Be2 c5 Bd2 Nc6 c3 Be6,10,
1641,1589,white,240+3,e4 Nc6 Nf3 Nf6 Nc3 e5 h3 Bb4 a3 Bxc3,10,
1605,1624,white,60+0,e4 d6 Nf3 Bd7 d4 Bc6 Bd3 e6 Be3 Be7,10,
1404,1484,black,300+8,Nf3 f6 Nc3 c6 d4 d5 e3 e5 e4 dxe4,10,
1624,1605,white,60+0,e4 e5 Bc4 Nf6 Nf3 Nc6 Ng5 d5 exd5 Nxd5,10,
1373,1464,white,300+5,e4 c6 d4 d5 exd5 cxd5 Nf3 Nc6 Bb5 Bd7,10,
1394,1506,white,300+8,e3 d5 Nf3 c6 d3 Qa5+ Bd2 Qb5 Nd4 Qxb2,10,
1461,1395,black,300+8,e4 e5 Nf3 d6 Nc3 Bg4 Be2 Nc6 h3 Bxf3,10,
1594,1635,white,60+0,e4 g6 Nf3 Bg7 Nc3 Bxc3 dxc3 e6 Bf4 d6,10,
1528,1302,white,180+3,d4 d5 c4 e6 a3 dxc4 h3 b5 e3 a6,10,
1608,1587,white,480+10,e4 d5 exd5 Qxd5 Nc3 Qd8 Nf3 e6 d4 Bb4,10,
1388,1552,black,300+5,e4 e5 f4 d6 Nf3 Nc6 Bb5 Bd7 Nc3 Nd4,10,
1500,1394,black,480+4,e4 e6 Nf3 d5 e5 Ne7 d4 c5 c3 Nbc6,10,
1623,1606,black,60+0,e4 e5 Bc4 Nc6 Qf3 Nf6 Nh3 Nd4 Qd3 c5,10,
1864,1684,white,180+3,e4 e5 Nf3 Nf6 d4 Nxe4 Nxe5 Nxf2 Kxf2 Bd6,10,
1618,1611,black,60+0,e4 g6 Nf3 Bg7 d4 e6 c3 d6 Be3 c6,10,
1533,1446,draw,180+3,d4 d5 c4 e6 a3 c5 h3 Nf6 Nf3 cxd4,10,
1611,1618,black,60+0,e3 e5 d3 Bc5 Be2 Nc6 Bd2 d5 c4 Be6,10,
1628,1601,black,60+0,e4 e5 Nf3 d6 Bc4 Bg4 O-O Bxf3 Qxf3 Qd7,10,
1493,1411,white,300+8,e4 e6 e5 Nc6 d4 Nh6 Bxh6 gxh6 Qf3 Nxd4,10,
1381,1537,black,300+5,e4 c5 c3 e6 d4 cxd4 cxd4 Nf6 Nc3 Bb4,10,
1930,1870,white,180+3,e4 e5 Nf3 Nc6 Bb5 a6 Ba4 Nf6 O-O Be7,10,
1500,1679,black,300+5,e4 e5 d4 exd4 Qxd4 Nc6 Qe3 d6 Bb5 Bd7,10,
1530,1484,white,180+3,d4 e6 e4 d5 e5 c5 Be3 b6 a4 Nc6,10,
1437,1489,white,300+0,e4 e5 f4 exf4 Nf3 g5 h4 Be7 hxg5 Bxg5,10,
1120,1110,draw,900+15,d4 Nf6 Nc3 d5 Bf4 Nc6 Nb5 a6 Nxc7+ Kd7,10,
1618,1576,white,480+10,e4 e5 Nf3 Nf6 Nc3 c6 Bc4 Bb4 Ng5 d5,10,
1154,1983,black,60+0,e4 e6 Nf3 d5 exd5 exd5 d4 Nf6 Be2 c5,10,
1698,1861,black,180+3,d4 Nf6 c4 g6 Bg5 Bg7 Bxf6 Bxf6 e4 d6,10,
1621,1840,black,300+8,e4 e6 e5 d6 Nf3 Nc6 exd6 cxd6 d4 Nf6,10,
1559,1519,white,300+0,e4 c5 f4 Nc6 Nf3 g6 d3 Bg7 Nc3 e6,10,
1983,1154,white,60+0,e4 c5 Nc3 e6 f4 Nc6 Nf3 d5 Bb5 dxe4,10,
1760,1522,black,300+0,e4 c5 Nf3 Nc6 Bc4 g6 d3 Bg7 c3 e6,10,
1540,1474,white,180+3,d4 d5 c4 e6 a3 c5 h3 Nc6 Nf3 Nf6,10,
1401,1709,black,300+8,e3 d5 Nf3 Nf6 c4 e5 Nxe5 dxc4 Qa4+ Bd7,10,
1867,1691,white,180+3,e4 c6 g3 d5 Bg2 e5 exd5 cxd5 d4 e4,10,
1350,1250,black,1800+8,e4 e5 Nf3 d6 d4 exd4 Nxd4 Nf6 Qe2 Qe7,10,
1408,1549,black,300+8,Nf3 Nc6 Nc3 b6 d4 Bb7 d5 Na5 b4 Nc4,10,
1724,1672,black,600+5,d4 d5 c4 c6 Bf4 e6 Nf3 Nf6 e3 Bd7,10,
1262,1325,black,900+10,e4 b6 Nf3 Bb7 Nc3 a6 Bc4 b5 Bd5 Bxd5,10,
1451,1500,draw,180+0,e4 e5 Qh5 Nf6 Qxe5+ Qe7 Qxe7+ Bxe7 Nc3 Nc6,10,
2024,1625,white,240+0,e4 c5 Ne2 Nc6 c4 g6 d4 cxd4 Nxd4 d6,10,
1549,1744,white,180+3,d4 d5 c4 Bf5 Nc3 e6 a3 Nf6 h3 Be7,10,
1684,1395,white,300+5,e4 e5 f4 d5 exd5 exf4 Nf3 Qxd5 d4 Qe6+,10,
1704,1452,white,300+3,e4 e5 Nf3 d6 Bc4 Bg4 O-O Bxf3 Qxf3 Nh6,10,
1412,1401,black,660+11,e4 e5 Nf3 Nc6 Bb5 d6 Bxc6+ bxc6 Qe2 Be7,10,
1500,1517,black,480+8,e4 a5 a4 c6 g4 e6 e5 g5 d4 h6,10,
1295,1650,white,480+14,g4 e5 h4 d5 g5 Nc6 e3 Nge7 d3 Ng6,10,
1476,1465,black,300+0,e3 e5 d3 d5 Nf3 Nc6 Nc3 Nf6 d4 e4,10,
1500,1500,black,600+0,d4 d5 c4 Nc6 Nf3 Bg4 cxd5 Qxd5 Nc3 Qa5,10,
1636,1422,white,300+10,e4 d6 Bc4 e6 Nf3 b6 d3 Bb7 Nc3 g6,10,
1446,1708,black,300+3,e4 Nc6 d4 e5 d5 Nce7 Qh5 Ng6 f4 exf4,10,
1675,1442,white,180+0,d4 e6 a3 c5 e3 Nc6 dxc5 Bxc5 b4 Bf8,10,
1628,1884,black,480+10,e4 e5 Nf3 d5 Nc3 d4 Ne2 Bd6 c3 Nc6,10,
1151,1413,black,900+15,d4 d5 Nc3 Nf6 Bf4 a6 b3 e6 Qd3 Bd6,10,
1623,1500,white,480+5,b4 d5 Bb2 Nf6 b5 c6 a4 e5 Nf3 e4,10,
1712,1687,white,300+5,e4 e5 Nf3 Nf6 Nc3 d6 Bc4 Be7 d4 Bg4,10,
1727,1566,white,180+3,e4 e6 Nf3 d6 Bc4 h6 d3 a6 O-O Be7,10,
1401,1480,white,660+11,e4 d5 exd5 Qxd5 Nc3 Qa5 d4 e5 Qe2 f6,10,
1501,1544,white,420+0,d4 c5 d5 e6 c4 exd5 cxd5 Nf6 Nc3 d6,10,
1725,1646,black,300+0,e4 e5 Nf3 d6 d4 Nd7 dxe5 dxe5 Bc4 h6,10,
1353,1507,black,180+1,e3 d5 d4 Nc6 Bd3 h6 Nf3 Nf6 Bd2 Bg4,10,
1559,1734,black,180+3,d4 d5 c4 e6 e3 Nf6 a3 Be7 h3 O-O,10,
1681,1438,white,180+0,d4 d5 Nc3 Nc6 Bf4 Nf6 Nb5 e5 dxe5 Nxe5,10,
1827,1874,white,180+3,e4 e5 d4 exd4 c3 d5 e5 Nc6 Nf3 Bg4,10,
1550,1391,white,420+0,d4 d5 c4 Nf6 Nc3 dxc4 e4 Nc6 Nf3 e6,10,
1640,1793,black,420+8,e4 e6 Bc4 Nc6 d4 Qh4 Nc3 Bb4 Ne2 Qxe4,10,
1659,1712,white,300+0,e4 Nf6 d3 e5 h3 c5 Be2 Nc6 Nf3 d6,10,
1112,1119,black,900+15,Nf3 Nf6 b3 Nc6 d3 g6 Nh4 b6 f3 Bg7,10,
1433,1026,white,360+3,e4 Nf6 e5 Ng8 Qh5 g6 Qf3 Bg7 d4 d6,10,
1612,1438,draw,60+0,e4 e5 Bc4 Nc6 Nf3 Bc5 d3 d6 Ng5 Nf6,10,
1686,1287,white,180+0,d4 d5 Nc3 Nf6 Bf4 Na6 Be5 Nd7 Nxd5 f6,10,
1608,1444,white,60+0,e4 e5 Bc4 Nc6 Nf3 Bc5 d3 d6 Ng5 Nh6,10,
1016,1435,black,360+3,Nf3 e5 Nxe5 Nc6 Nf3 Nf6 g3 Bc5 c3 O-O,10,
1614,1325,white,60+0,e4 e5 Bc4 d5 exd5 c6 Qf3 cxd5 Bxd5 Qxd5,10,
1700,1671,white,300+0,e4 e5 f4 exf4 Nf3 Be7 d4 Bh4+ g3 fxg3,10,
1642,1590,white,300+10,e4 Nc6 Bc4 e5 Qh5 g6 Qf3 Nf6 d3 Nd4,10,
1417,1864,black,300+8,Nf3 f5 Nc3 Nf6 e3 c5 Bd3 e6 O-O Nc6,10,
1422,1513,black,180+1,e4 Nc6 d4 e5 d5 Nce7 f4 exf4 Bxf4 Ng6,10,
1897,1873,black,420+8,d4 f5 Bf4 e6 e3 Nf6 Be5 Bb4+ c3 Be7,10,
1543,1362,black,240+4,d4 d5 Bd2 Nc6 Nf3 Nf6 c4 dxc4 Nc3 Nxd4,10,
1675,1494,white,300+8,e4 e6 e5 d6 exd6 Qxd6 Nf3 Be7 Nc3 Bd7,10,
1693,1638,white,300+0,e4 e5 Nc3 Nf6 Nf3 Nc6 b3 Bc5 h3 d6,10,
1414,1069,white,660+11,e4 Nf6 e5 Nd5 c4 Nf4 g3 Ng6 Bd3 Nxe5,10,
1437,1358,black,360+3,e4 e5 d4 Nc6 Nf3 d6 c4 f5 d5 fxe4,10,
1440,1348,black,180+0,e4 e5 Qh5 Nc6 Bb5 g6 Qg5 Qxg5 Bxc6 bxc6,10,
1685,1709,black,180+3,d4 Nf6 c4 e6 Nc3 c5 d5 d6 Bg5 exd5,10,
1617,1778,black,60+0,e4 c5 Bc4 g6 Nf3 e6 Qe2 Bg7 d3 Nc6,10,
1634,1354,white,480+8,e4 d5 e5 d4 Nf3 Nc6 Bc4 Bg4 d3 Bxf3,10,
1284,1416,black,300+0,Nf3 e6 Nc3 Qf6 e4 Bb4 e5 Qe7 a3 Bxc3,10,
1285,1139,white,960+10,d4 Nc6 e4 d6 d5 Nb4 c3 Nxd5 exd5 b6,10,
1411,1428,white,180+0,e4 c5 e5 Nc6 f4 f6 Bb5 fxe5 Bxc6 bxc6,10,
1628,1710,white,300+0,e4 e5 Nf3 Nc6 Bc4 h6 Nc3 Nf6 d3 Bd6,10,
1785,1721,white,60+1,e4 e5 Nf3 Nc6 Nc3 Bc5 d4 exd4 Nb5 Nf6,10,
1623,1650,white,240+0,d4 Nf6 c4 h6 Nc3 e6 a3 a6 b4 d6,10,
1500,1516,black,1200+0,c4 c5 d3 Nf6 g3 e6 Bg2 d5 Nh3 h6,10,
1861,1826,white,180+3,e4 e5 Nf3 d6 d4 Nd7 Bc4 c6 c3 Be7,10,
1525,1293,white,240+4,d4 d5 c4 c6 Nf3 h6 e3 e6 Nc3 Nf6,10,
2126,1826,white,120+0,d4 d5 c4 e6 Nc3 Nf6 e3 Be7 a3 h6,10,
1423,1349,white,360+3,e4 e6 Nf3 d5 exd5 Qxd5 Be2 Bd6 O-O Nf6,10,
1611,1634,white,60+0,e4 Nf6 Bc4 e6 e5 Ne4 f3 d5 Bb5+ c6,10,
1681,1466,white,300+8,e4 e5 Nf3 f6 Nxe5 fxe5 Qh5+ g6 Qxe5+ Qe7,10,
1594,1522,white,180+1,e4 Nc6 Nf3 e5 d4 exd4 Nxd4 Ne5 Bf4 Ng6,10,
1709,1869,black,1800+30,d4 d5 c4 dxc4 e4 Nf6 Nc3 Nc6 Nf3 Bg4,10,
1822,2131,white,120+0,Nf3 d5 d4 e6 c4 f5 Nc3 Nf6 e3 Be7,10,
1425,1432,black,180+0,e4 e5 Qh5 d5 Qxe5+ Ne7 d4 Nc6 Qg3 dxe4,10,
1622,1623,black,60+0,e4 g6 f4 Bg7 d4 e6 Nf3 d6 Be3 Bd7,10,
1675,1869,black,180+3,d4 Nf6 c4 e6 Nc3 Bb4 Bg5 h6 Bxf6 Qxf6,10,
1794,1816,black,60+1,e4 e5 Nf3 Nc6 d4 exd4 Nxd4 Bc5 c3 Nf6,10,
1415,1491,black,300+10,Nf3 g6 Nc3 Bg7 d4 d5 e3 c6 Bd3 f5,10,
1635,1601,white,240+0,d4 e6 c4 d5 c5 Nc6 Nf3 Nge7 e3 Ng6,10,
1444,1412,white,180+0,e4 e5 Qh5 Nc6 Bb5 g6 Qd1 a6 Ba4 b5,10,
1413,1290,white,600+0,Nf3 d5 d4 c5 b3 Nc6 c4 e6 g3 Nf6,10,
1764,2104,black,120+0,e4 c5 Nf3 Nc6 d4 cxd4 Nxd4 e5 Nxc6 bxc6,10,
1976,1710,white,420+8,d4 d5 Nf3 Nf6 c4 Bg4 Ne5 Bh5 Qb3 e6,10,
1420,1665,white,600+0,Nf3 d5 d4 c5 e3 Nc6 c3 Nf6 g3 Bg4,10,
1688,1612,black,180+0,d4 d5 Nc3 c6 e4 g6 exd5 cxd5 Bb5+ Nc6,10,
1711,1825,white,60+1,e4 e5 Nf3 d6 Bc4 Be7 c3 Nf6 Qe2 Nbd7,10,
1417,1334,white,900+10,e4 b6 d4 Bb7 d5 d6 Nc3 a6 f3 b5,10,
1382,1306,black,120+1,e4 Nc6 f4 e5 Nf3 h6 Bc4 exf4 O-O g5,10,
1399,1454,black,180+0,e4 e5 Qh5 d5 Qxe5+ Ne7 exd5 f6 Qe4 Qxd5,10,
1626,1258,white,300+5,e4 e5 Nf3 Bc5 Nxe5 Qh4 d4 Qxe4+ Be3 Bb4+,10,
1635,1540,white,300+8,e4 e5 Nf3 Nc6 d3 Bc5 g3 Nf6 Bg5 h6,10,
1673,1510,white,180+0,d4 d5 Nc3 e6 a3 c5 dxc5 Bxc5 b4 Bd6,10,
1701,1591,black,300+5,c4 e5 Nc3 Nc6 e4 Nf6 Nf3 Bc5 h3 a6,10,
1532,1645,black,300+8,e4 e5 f4 exf4 Nf3 h6 Bc4 d6 O-O g5,10,
1500,1976,black,240+0,d4 Nf6 c4 g6 Nc3 Bg7 e3 d6 Bd3 O-O,10,
1875,1669,draw,180+3,c4 Nf6 Nf3 c6 g3 d5 b3 d4 Bb2 c5,10,
1700,1869,black,180+15,d4 d5 c4 c6 a3 a6 Nc3 b5 cxd5 cxd5,10,
1613,1288,black,60+10,e4 e6 f4 d6 Nf3 Nd7 Bc4 a6 a4 c6,10,
1634,1638,white,540+1,e4 e5 Nf3 Nc6 d4 Nf6 dxe5 Nxe4 Qd5 Nxf2,10,
1388,1464,black,180+0,e4 e5 Qh5 Nc6 Bb5 Nf6 Qg5 Nd4 Qxe5+ Ne6,10,
1671,1407,white,720+0,e4 e5 Nf3 Nc6 d4 d6 Bb5 Bd7 dxe5 dxe5,10,
1464,1388,white,180+0,e4 e5 Qh5 Nf6 Qxe5+ Qe7 Qxe7+ Bxe7 d3 d6,10,
1687,1350,black,480+8,e4 e5 Nf3 d6 Nc3 c5 Bc4 f6 b3 Nc6,10,
1424,1094,white,300+0,e3 d6 Qf3 e6 Nh3 g6 Nc3 Bg7 a3 e5,10,
1474,1473,white,300+0,e4 e5 Nc3 Nf6 Bc4 Bc5 d3 O-O Nf3 Nc6,10,
1441,1500,black,600+0,Nf3 d5 d4 Nf6 g3 c6 Bg2 Bf5 O-O e6,10,
1823,1887,white,540+0,e4 Nf6 e5 Nd5 c4 Nb4 a3 N4c6 d4 d6,10,
2108,1389,white,120+0,d4 d5 c4 Nc6 Nc3 Nf6 e3 dxc4 Bxc4 Bf5,10,
2057,2059,black,240+0,d4 d5 e3 c6 c4 Nf6 Nc3 a6 Nf3 b5,10,
1524,1418,white,300+8,e4 c6 Bc4 d5 exd5 cxd5 Bb5+ Bd7 Nc3 Bxb5,10,
1644,1531,draw,240+0,d4 d5 c4 dxc4 e4 c6 Bxc4 Nf6 Nc3 e6,10,
1377,1472,black,180+0,e4 e5 Qh5 Nc6 Bc4 Qf6 d3 h6 Nh3 g6,10,
1940,2023,white,180+0,e4 c5 b4 cxb4 d4 e6 f4 d5 e5 Ne7,10,
1500,1396,white,300+8,c4 e6 d3 d6 Nc3 b6 h4 Bb7 e4 g6,10,
1886,1694,white,180+15,e4 d5 exd5 Qxd5 Nc3 Qd8 Be2 e6 Bg4 Nf6,10,
1664,1675,white,720+0,e4 c5 g3 Nc6 Bg2 e6 c3 d5 exd5 exd5,10,
1238,2109,black,120+0,e3 c5 d3 d5 b3 e5 Nd2 f5 c3 b5,10,
1485,1463,white,300+0,d4 d5 Nc3 Nf6 Bg5 h6 Bh4 c5 dxc5 d4,10,
1680,1500,black,180+0,d4 d5 Nc3 Bf5 Bf4 Nf6 Nb5 e5 Bxe5 Na6,10,
1651,1566,black,300+10,e4 e5 Bc4 Nf6 d3 d5 exd5 Nxd5 Qf3 Be6,10,
1254,1638,black,300+5,e4 e5 d4 exd4 c3 dxc3 Bc4 cxb2 Bxb2 d5,10,
1634,1649,white,60+0,e4 d5 Bb5+ c6 Bd3 d4 Nf3 Bg4 h3 e6,10,
1459,1788,white,300+3,e4 e5 d4 exd4 Qxd4 Nc6 Qd1 Bc5 f3 d6,10,
1627,1654,black,540+1,e4 e5 d4 exd4 Qxd4 Nc6 Qc4 Nf6 Nc3 Bb4,10,
1532,1693,white,300+8,e4 e5 f4 exf4 Nf3 h6 Bc4 f6 Ne5 fxe5,10,
2109,1456,white,120+0,d4 c6 c4 d5 Nc3 e6 e3 Nf6 a3 Be7,10,
1839,2018,white,600+0,e4 c5 Nf3 d6 c3 Nf6 Qc2 Qc7 Bb5+ Nbd7,10,
1951,1750,white,120+0,d4 d5 Nf3 Nc6 c4 Bg4 Nc3 Nf6 cxd5 Nxd5,10,
1367,1308,black,60+10,e4 e6 Qf3 d6 Nh3 h6 d4 a6 e5 d5,10,
1663,1675,white,720+0,e4 b6 d4 Bb7 Nc3 e6 Nf3 Nf6 Bg5 Be7,10,
1677,1547,white,300+8,e4 e5 Nc3 f5 exf5 Nf6 Nf3 Nc6 d3 Bc5,10,
1646,1427,white,300+0,e4 e6 Nf3 Qf6 Nc3 Bb4 a3 Bxc3 bxc3 Nc6,10,
1452,1496,white,300+0,e4 e5 Nf3 Nc6 Nc3 Bc5 Nxe5 Nxe5 d4 Bxd4,10,
1455,1958,black,120+0,d4 e5 d5 Bc5 c4 d6 e4 f5 Nc3 Nf6,10,
1777,2007,black,420+8,e4 c6 d4 d5 e5 Bf5 Nf3 e6 Nh4 Qxh4,10,
1580,1371,white,480+8,e4 e5 d4 d5 dxe5 Bg4 f3 Bxf3 Nxf3 dxe4,10,
2110,1743,white,120+0,d4 d5 c4 Nc6 cxd5 Qxd5 e3 e5 Nc3 Bb4,10,
1641,1614,black,240+0,d4 d6 c4 c5 d5 e6 e4 Nf6 Nc3 exd5,10,
1631,1876,white,300+8,c4 e6 d3 c6 Nf3 a6 Nc3 g6 g3 d5,10,
1778,1542,black,180+3,e4 e5 Nf3 Nf6 Nc3 Nc6 Bc4 Bc5 O-O d6,10,
2114,1740,white,120+0,d4 d5 c4 Nc6 cxd5 Qxd5 e3 e5 Nc3 Bb4,10,
1422,1474,draw,300+0,e3 e6 Qf3 Qf6 Qxf6 Nxf6 Nc3 b6 Nh3 Bb7,10,
1500,1297,white,180+0,d4 d5 Nc3 c6 e4 e6 exd5 cxd5 Bb5+ Bd7,10,
1852,1835,white,540+0,e4 e6 c4 d6 Nc3 Nc6 Nf3 Nf6 Be2 Be7,10,
1481,1373,white,360+3,e4 e5 d4 exd4 Qxd4 Nc6 Qd1 Nf6 Nc3 Bb4,10,
1959,1640,white,120+0,d4 g6 e4 Bg7 Nc3 b6 Be3 Bb7 f3 e6,10,
1613,1297,white,420+1,e4 e5 Bc4 f6 d3 c5 h3 d6 Nc3 Nc6,10,
1773,1858,black,600+0,e4 e6 e5 d5 d4 c5 Be3 Qb6 b3 Nc6,10,
1120,2117,black,120+0,d4 d5 c3 f5 g3 Nf6 Nf3 e6 Ng5 Be7,10,
1618,1556,white,60+15,e4 e5 Nf3 Nc6 Bc4 Bc5 d3 h6 Be3 d6,10,
1755,1947,black,180+2,Nf3 d6 c4 e5 d4 e4 Ng5 f5 h4 Nf6,10,
1361,1085,white,960+10,d4 c6 e4 e6 c4 Nf6 Bd3 Qa5+ Bd2 Bb4,10,
1648,1250,white,300+5,e4 e5 Nf3 Bc5 Nxe5 Qh4 d4 Qxe4+ Be3 Bb6,10,
1500,1487,black,300+10,c4 Nc6 Nc3 e6 e3 Nf6 Nf3 d5 d4 dxc4,10,
1630,1696,black,240+0,d4 d5 c4 e6 e3 Nf6 a3 c5 Nf3 cxd4,10,
1352,1671,black,180+0,e4 d6 d3 c5 d4 cxd4 Qxd4 Nc6 Qd5 g6,10,
1630,1688,black,300+8,e4 d5 exd5 Qxd5 Nc3 Qd8 Nf3 e6 Bb5+ c6,10,
1489,1049,white,360+3,e4 d5 Qh5 e6 exd5 exd5 Nc3 d4 Nce2 c5,10,
1756,1953,white,180+0,d4 d5 c4 Nc6 Nc3 Nf6 Nf3 Bg4 Bg5 Bxf3,10,
1637,2118,black,120+0,e4 c5 Bc4 Nc6 c3 e5 d3 d6 Nf3 h6,10,
1657,1322,white,300+5,e4 e6 d4 c6 Nf3 g6 Nc3 d6 Bd3 a6,10,
1560,1445,white,300+3,d4 d5 c4 c6 Nc3 e6 Nf3 Bb4 cxd5 cxd5,10,
1500,1289,white,240+0,d4 d5 c4 dxc4 Nf3 e6 e4 Bd7 Bxc4 Bb4+,10,
1472,1424,black,300+0,d4 e6 e4 Qh4 e5 Bb4+ c3 Ba5 b4 Bb6,10,
1666,1547,white,300+8,e4 e5 Nf3 Nc6 Bc4 Bc5 Nc3 d6 h3 h6,10,
1567,1661,white,300+0,e4 e5 Nf3 d6 Bc4 h6 d3 Nf6 c3 Be7,10,
1871,1750,white,180+3,e4 e6 d4 d5 Nc3 Bb4 e5 Ne7 a3 Bxc3+,10,
1643,1525,white,60+0,e4 d5 Bb5+ c6 Bd3 dxe4 Bxe4 e5 Bd3 Bg4,10,
1627,1333,white,60+15,e4 e5 Nf3 d6 Bc4 b6 h3 a6 a3 b5,10,
1868,1764,black,600+0,e4 e5 Nf3 d6 Bc4 Nc6 Nc3 Bg4 Nxe5 Nxe5,10,
1622,1777,black,240+0,d4 d5 c4 c6 e3 Nf6 b4 g6 c5 Bg7,10,
1463,1649,black,60+0,e4 e5 Qh5 d6 f3 Nf6 Qh4 Be7 g4 Nxe4,10,
1500,1698,white,300+10,b3 e6 Bb2 c6 d4 d5 Nf3 a5 Qd3 h5,10,
1491,1500,black,600+8,d4 c5 dxc5 Qa5+ Nc3 Qxc5 e3 Nh6 h3 d6,10,
1593,1431,white,300+0,e4 e5 f4 exf4 Nf3 Bc5 d4 Bb4+ c3 Bf8,10,
1435,2120,black,120+0,e4 c5 Qh5 Nc6 Bc4 e6 Nh3 Nf6 Qe2 Nd4,10,
1674,1595,draw,240+3,c4 Nf6 Nc3 e6 d4 d5 c5 b6 cxb6 axb6,10,
1655,1424,white,60+0,e4 e5 Bc4 Qg5 d4 exd4 Bxg5 f6 Bf4 f5,10,
1395,1660,black,60+0,e4 g6 Qg4 Bg7 Bc4 e6 Qf3 d6 Nh3 e5,10,
1742,1879,white,180+3,Nf3 Nf6 c4 d5 g3 dxc4 Bg2 c6 a4 Be6,10,
1952,1658,black,180+2,d4 c6 c4 d5 Nc3 a6 Nf3 Bf5 e3 e6,10,
1582,1202,white,300+0,e4 d5 exd5 Qxd5 Nc3 Qe6+ Be2 Qg6 Bf3 Bg4,10,
1938,1674,white,180+2,d4 c6 c4 d5 Nf3 Bf5 e3 e6 Nc3 Bb4,10,
1679,1934,black,180+2,c3 f5 d4 Nf6 Bf4 d6 e3 Nc6 Bb5 e6,10,
1615,1648,white,240+0,d4 d5 c4 dxc4 e4 e6 Bxc4 h6 Nf3 Nf6,10,
2120,1433,white,120+0,d4 d5 c4 e6 Nc3 c6 e3 Ne7 a3 Nd7,10,
1664,1500,black,60+0,e4 d6 Bc4 c5 Qf3 a6 Qxf7+ Kd7 Be6+ Kc7,10,
1459,1437,white,300+0,e4 e6 d4 Qh4 Qf3 d6 Nc3 Nc6 Bb5 Bd7,10,
1597,1348,white,180+0,d4 d5 Nc3 e6 a3 Nc6 Bf4 Bd7 Nb5 Be7,10,
2121,1682,white,120+0,d4 f5 c4 Nf6 Nc3 e6 e3 b6 Bd3 Bb4,10,
1852,1778,white,600+0,e4 e5 Nf3 d6 Nc3 Nc6 Bc4 Bg4 h3 Bh5,10,
1584,1574,white,300+0,e4 e5 Nf3 d6 Bc4 h6 d3 Bg4 c3 Nf6,10,
1615,1470,black,0+1,e4 e6 Nf3 g6 d4 Bg7 e5 Nc6 Nc3 Nge7,10,
1435,1500,black,0+1,e4 e5 Nf3 Nc6 d4 Bd6 dxe5 Bxe5 Nxe5 Nxe5,10,
1656,1470,white,180+0,d4 d5 Nc3 e6 a3 c5 dxc5 Bxc5 b4 Bb6,10,
1496,1318,white,300+10,e4 e6 e5 Nc6 d4 f6 f4 Nge7 c4 f5,10,
1654,1776,draw,60+0,e3 d6 d3 e6 Be2 Nd7 Bf3 Ne7 Bd2 g6,10,
1670,1942,black,180+2,c3 f5 d4 Nf6 Bg5 d5 e3 e6 h3 Be7,10,
1948,1366,white,480+8,c4 e5 Nc3 d6 Nf3 f5 g3 e4 Nd4 c6,10,
1738,2124,white,120+0,e4 c5 b4 cxb4 d4 e6 f4 d5 e5 f5,10,
1483,1587,white,300+0,e4 c6 Nf3 d5 e5 Bf5 d4 e6 c4 Bb4+,10,
1517,1568,black,300+8,d4 d5 c4 dxc4 e3 b5 a4 a6 Qf3 Ra7,10,
1420,1599,white,300+0,d4 d5 c4 e6 Nc3 Nf6 Bg5 Bb4 e3 O-O,10,
1627,1534,white,240+0,d4 d5 c4 dxc4 e4 e5 d5 Nf6 Qa4+ Nbd7,10,
1683,1770,white,480+5,d4 g6 h3 Bg7 Nf3 Nf6 c3 O-O Bg5 d6,10,
1716,1539,white,600+1,e4 e5 Bc4 Nc6 d3 Bc5 c3 d6 b4 Bb6,10,
1572,1426,white,300+0,c4 e6 Nc3 Qf6 d4 Bb4 Nf3 Bxc3+ bxc3 Nc6,10,
2093,1761,white,120+0,d4 d5 c4 Nc6 cxd5 Qxd5 e3 e5 Nc3 Bb4,10,
1464,1226,white,300+3,e4 e5 d4 Bb4+ c3 Ba5 b4 Bb6 d5 Qf6,10,
1500,1522,black,300+8,e4 d5 exd5 Qxd5 Nc3 Qa5 d4 Nc6 Nf3 Nf6,10,
1491,1500,white,360+3,e4 e6 Qh5 Bb4 c3 Be7 f4 Bh4+ g3 Bf6,10,
1936,1669,white,180+0,e4 e5 Nf3 Nc6 Bb5 d6 O-O Bd7 c3 Nf6,10,
1378,1380,white,180+15,e4 e5 f3 Nf6 Bc4 Bc5 Nc3 Bxg1 Rxg1 O-O,10,
1624,1673,draw,240+3,d4 d5 c4 e5 dxe5 d4 Nf3 Bb4+ Bd2 d3,10,
1365,1949,black,480+8,e4 c5 e5 e6 c3 Nc6 Nf3 Qc7 d4 cxd4,10,
1641,1755,white,420+3,e4 e6 d4 d5 e5 c5 c3 Nc6 Bb5 Bd7,10,
1578,1507,white,300+8,e4 c5 f4 d6 Nf3 g6 Bc4 Nc6 Ng5 e6,10,
1595,1567,black,180+0,e4 e5 Nf3 Nc6 Bc4 h6 d3 Bc5 c3 Nf6,10,
1946,1789,white,180+2,d4 f5 g3 e6 Bg2 c6 Nf3 Nf6 c4 d5,10,
1538,1378,black,420+0,d4 d5 c4 dxc4 Nc3 b5 a4 c6 axb5 cxb5,10,
1631,1511,white,60+15,e4 b6 Be2 Bb7 Bf3 g6 c3 Bg7 d4 Nf6,10,
1419,1498,black,300+0,e3 e5 Qh5 Nc6 Bb5 d6 Bxc6+ bxc6 Nc3 Bb7,10,
1320,1499,black,360+3,e3 d5 Bb5+ c6 Ba4 e5 Qe2 b5 Bb3 Nf6,10,
1814,1849,white,180+1,c4 c5 b3 Nf6 Bb2 g6 Nc3 Bg7 Nd5 O-O,10,
1698,1620,draw,300+8,d4 d5 c4 c6 a3 Nf6 Nc3 e6 c5 Nbd7,10,
1675,1953,black,180+2,e4 c6 Nf3 d5 exd5 cxd5 d4 Nf6 Nc3 g6,10,
1837,1758,white,180+3,d4 e5 d5 d6 c4 f5 Nc3 Nf6 g3 c6,10,
1715,1276,white,180+0,d4 d5 Nc3 Bf5 Bf4 Nc6 Nb5 e5 Bxe5 Bd6,10,
1635,1505,black,240+0,d4 d5 c4 dxc4 e4 Nc6 d5 Ne5 f4 Nd3+,10,
1869,1624,white,360+0,d4 g6 c4 Bg7 Nc3 Nf6 Nf3 O-O Bf4 d6,10,
1639,1684,white,60+15,e4 e6 d4 Nf6 e5 Ng8 c4 d5 c5 b6,10,
1696,1656,black,480+5,d4 d5 h3 Bf5 Nf3 h6 c3 c6 Bf4 Nd7,10,
1809,1878,black,300+8,c4 f5 g3 e5 Nc3 Nc6 b3 Nf6 Bg2 Bc5,10,
1389,1364,white,480+8,Nf3 d5 d4 f5 e3 e6 Ne5 Nf6 f3 Ne4,10,
1547,1363,white,60+2,e4 e5 Nf3 f5 Bc4 Nf6 Nxe5 d5 exd5 Qd6,10,
1863,1717,white,180+3,e4 c6 Nc3 d5 d4 dxe4 Nxe4 Nf6 Bd3 Nxe4,10,
1144,1410,black,300+0,d4 e6 g3 Qf6 Nf3 c5 a3 Na6 Bg2 Nh6,10,
1624,1500,black,1440+8,c4 e6 a3 Ne7 Nc3 Ng6 Nf3 Be7 d4 d6,10,
1665,1671,black,300+1,c3 e6 d4 d5 Bf4 c5 e3 Qb6 Qc2 Nc6,10,
1749,1845,black,180+3,Nf3 c5 c4 d6 g3 Nf6 Bg2 e6 O-O Be7,10,
1610,1250,black,1800+10,e4 c5 Bc4 d6 Nf3 Nc6 d3 g6 Ng5 Nh6,10,
1406,1398,white,300+8,Nf3 d5 d4 Nc6 Nc3 Bg4 Ne5 Nxe5 dxe5 c6,10,
1592,1410,white,1800+10,e4 e5 Nf3 Nc6 Bb5 Nf6 d3 d6 O-O Be6,10,
1620,1582,white,240+0,d4 d5 c4 e6 Nf3 Nf6 e3 Bb4+ Bd2 Bxd2+,10,
1740,1621,white,960+14,e4 c5 Nf3 e6 d4 cxd4 Nxd4 Nc6 Nc3 Bc5,10,
1553,1963,black,60+2,e4 e6 Nf3 d5 e5 c5 d4 Nc6 Be3 Qb6,10,
1731,1394,white,180+0,d4 d5 Nc3 Nc6 Bf4 Nf6 Nb5 e5 dxe5 Ne4,10,
1703,1672,white,900+8,d4 d5 Bf4 Nc6 Nf3 Bf5 a3 Nf6 c4 e6,10,
1500,1500,black,300+8,e4 c5 Nf3 e6 d4 d5 dxc5 Bxc5 exd5 Qxd5,10,
1252,1371,black,300+0,e3 e5 Bc4 d5 Be2 Nf6 Bh5 Nc6 Qe2 Bc5,10,
1490,1520,black,420+0,d4 d5 c4 dxc4 Nc3 e6 e4 Bb4 Bxc4 Nf6,10,
1500,1966,black,120+0,d4 d5 c4 e6 Nc3 c6 Nf3 dxc4 e3 b5,10,
1627,1524,white,300+8,e4 c5 Nf3 Nc6 Nc3 e5 Nd5 d6 Bb5 Bg4,10,
1860,1847,black,420+0,e4 Nf6 e5 Nd5 Nf3 d6 Bc4 Nb6 Bb3 Nc6,10,
1870,1666,white,180+3,e4 c5 Nf3 d6 Bb5+ Bd7 a4 Nf6 e5 dxe5,10,
1723,1417,black,300+8,e4 e5 Nf3 d6 Nc3 Nc6 Bb5 Bd7 Bxc6 Bxc6,10,
1873,1683,white,300+1,f4 e6 Nf3 d5 d3 c5 g3 Qb6 Bg2 Nc6,10,
1352,1399,black,480+8,e4 d5 e5 Nc6 d4 f6 f4 e6 Nf3 Nge7,10,
2097,1431,white,120+0,d4 e5 dxe5 Nc6 c4 Qe7 Nc3 Nxe5 e3 d6,10,
1630,1572,white,240+0,d4 g6 c4 Bg7 Nf3 Nf6 e3 O-O Nc3 d6,10,
1940,1957,white,180+2,e4 c6 d4 d5 Nc3 dxe4 f3 exf3 Nxf3 Nf6,10,
1414,1462,white,300+0,e3 e5 Qh5 Nc6 Bb5 Nf6 Qf3 d5 d3 a6,10,
1968,1462,white,120+0,d4 d5 c4 c6 Nc3 Nf6 Nf3 g6 Bg5 Bg7,10,
1414,1637,black,300+10,d4 d5 g3 Nf6 Nf3 Bg4 Bg2 Nc6 Ne5 Nxe5,10,
1661,1875,black,180+3,e4 e5 Nf3 Nc6 d4 exd4 c3 d5 e5 dxc3,10,
1452,1579,white,180+0,e4 e5 c3 Nc6 d4 exd4 cxd4 d5 exd5 Qxd5,10,
1546,1509,white,120+17,d4 e5 e3 exd4 Qxd4 Nc6 Qd1 Be7 a3 Nf6,10,
1517,1635,white,300+8,e4 c5 Nf3 e6 Nc3 a6 a3 Ne7 b4 Ng6,10,
2098,1490,white,120+0,d4 c5 dxc5 Nc6 c4 e5 Nc3 Bxc5 e3 Nf6,10,
1826,1570,white,180+1,c4 e5 b3 Qf6 Bb2 Bc5 e3 Nh6 Nc3 Ng4,10,
1436,1971,black,120+0,e4 e6 Nf3 d5 exd5 exd5 Be2 Nf6 O-O Bd6,10,
1755,1440,white,180+0,d4 d5 Nc3 Nf6 Bf4 e6 Nb5 Na6 a3 Bd6,10,
1656,1191,black,60+0,e4 e6 Bc4 d5 exd5 exd5 Qe2+ Be6 Bb3 Nc6,10,
1565,1468,black,180+0,e4 e5 Bc4 c6 Nc3 Nf6 d4 exd4 Qxd4 Bd6,10,
1502,1704,white,600+0,e4 e5 Nf3 Nc6 d4 exd4 Nxd4 Nxd4 Qxd4 Nf6,10,
1429,1298,white,420+0,d4 c6 c4 d5 c5 Na6 a3 e6 Nc3 Nf6,10,
1557,1479,black,360+0,e4 d5 exd5 Qxd5 Nc3 Qe5+ Qe2 Nc6 Qxe5 Nxe5,10,
1785,1945,white,180+2,d4 f5 c4 Nf6 Nc3 d6 Nf3 e6 g3 g6,10,
1973,2099,white,120+0,d4 d5 Nf3 e6 c4 f5 g3 Nf6 Bg2 Be7,10,
1881,1656,white,180+3,e4 c5 Nf3 d6 d4 cxd4 Nxd4 Nf6 Nc3 a6,10,
1556,1432,white,120+17,d4 Nc6 d5 Ne5 Bf4 d6 e4 Bg4 Be2 h5,10,
1638,1489,white,60+0,e4 c5 Bc4 Nc6 Nf3 d6 Ng5 e6 Qf3 Qxg5,10,
1684,1586,black,480+5,d4 f6 h3 e5 Nf3 e4 Nfd2 d5 e3 Ne7,10,
1482,1551,black,180+0,d4 d5 Nf3 Nc6 g3 Bg4 Bg2 Bxf3 Bxf3 e5,10,
1952,2072,black,180+0,e4 e6 d4 d5 Nc3 Bb4 a3 Bxc3+ bxc3 dxe4,10,
1204,2076,black,120+0,d4 d5 g3 e6 a3 f5 Nf3 Nf6 Bg5 Be7,10,
1613,1642,black,300+10,e4 e5 Nf3 Nc6 d4 d6 d5 Nb8 Bg5 Nf6,10,
1275,1559,black,-,c4 Nf6 d4 c6 d5 Qa5+ Nd2 cxd5 cxd5 Nxd5,10,
1645,1551,white,60+0,e4 e5 Bc4 Nc6 Nf3 Nd4 Nxd4 exd4 Qf3 Qe7,10,
1991,1757,black,120+0,d4 d5 Nf3 Nc6 Bf4 Bg4 e3 f6 Be2 Bxf3,10,
1697,1273,black,360+8,e4 e5 Nf3 Nc6 d4 exd4 Nxd4 Nxd4 Qxd4 d6,10,
1406,1408,black,420+8,e4 e5 Nf3 d6 c3 Bg4 d4 g6 d5 Nf6,10,
1687,1520,white,600+0,e4 e6 d4 Nf6 Nc3 d5 e5 Ne4 Nxe4 dxe4,10,
1929,1804,white,180+2,d4 d5 c4 c6 Nf3 Nf6 e3 Bf5 Nc3 e6,10,
2076,1969,white,120+0,d4 d5 c4 e6 Nc3 c6 e3 f5 a3 Nf6,10,
1543,1654,black,60+0,e4 g6 Nf3 Bg7 Bc4 e6 d4 d6 e5 d5,10,
1563,1747,white,300+8,d4 e6 e4 d5 exd5 exd5 c4 Nf6 Nc3 Be7,10,
1250,1446,white,420+0,Nc3 e5 e4 Bb4 a3 Ba5 b4 Bb6 Nd5 d6,10,
1662,1535,black,60+0,e4 e6 Bc4 g6 d4 Bg7 e5 Nh6 Nf3 O-O,10,
1945,1830,white,180+1,e4 c5 b4 cxb4 d4 e6 f4 d5 e5 Nc6,10,
1627,1561,white,360+0,e4 e5 Bc4 Nc6 d3 d6 Nf3 Be6 b3 Bxc4,10,
1632,1565,white,60+0,e4 e5 Bc4 Nc6 Nf3 Nf6 Ng5 d5 exd5 Nxd5,10,
1531,1643,black,300+0,e4 e5 Nf3 Nc6 d4 exd4 Nxd4 Bc5 Nxc6 bxc6,10,
1795,1936,black,180+2,e4 c6 Nf3 d5 exd5 cxd5 d4 Nf6 Bd3 g6,10,
1421,1519,black,360+8,e4 e5 d4 exd4 c3 dxc3 Nxc3 Nc6 Nf3 Nf6,10,
1952,1651,white,300+0,e4 e5 Nf3 Nc6 Bb5 a6 Ba4 Nf6 O-O b5,10,
1707,1682,white,240+0,d4 Nf6 c4 d5 c5 b6 cxb6 axb6 Nc3 e6,10,
1715,1675,white,900+8,d4 Nf6 Bf4 g6 Nc3 Bg7 e4 d6 Nf3 Bg4,10,
1550,1646,white,60+0,e4 g6 Nf3 Bg7 c3 d6 Na3 Bf8 h3 e5,10,
2088,1327,white,120+0,d4 e6 c4 d5 Nc3 c5 dxc5 Bxc5 cxd5 exd5,10,
1853,1822,white,180+3,d4 e6 c4 Nf6 Nc3 Bb4 Qc2 O-O e4 Bxc3+,10,
1673,1554,white,300+3,c4 e5 Nc3 d6 d3 Nf6 e4 Be7 Bg5 O-O,10,
1567,1355,black,300+8,c4 d5 cxd5 Qxd5 Nc3 Qf5 Nf3 Nh6 d4 f6,10,
1679,1424,black,300+8,c4 e6 Nc3 Be7 e4 Nf6 e5 Ng8 Nf3 f6,10,
1636,1563,black,900+8,e4 c6 Bc4 d5 exd5 cxd5 Bb3 d4 Nf3 Nf6,10,
1670,1600,black,480+5,d4 d5 h3 Nc6 Nf3 f6 c3 Nh6 Bf4 Nf5,10,
1900,1500,black,300+20,e4 e5 Nf3 Nc6 Bc4 d6 d4 Bg4 dxe5 Nxe5,10,
1653,1623,black,300+10,e4 c5 Bc4 Nc6 Qh5 e6 Nh3 Nd4 Qd1 Nf6,10,
1650,1357,white,60+0,e4 e5 Bc4 c6 Nf3 f6 d4 d5 exd5 cxd5,10,
1637,1530,white,60+0,e4 g6 Bc4 e6 Nf3 Bg7 d3 Ne7 O-O O-O,10,
1530,1637,white,60+0,e3 g6 Qf3 Bg7 Bc4 e6 d4 d5 Bb3 Bd7,10,
1389,1560,white,420+0,e4 e5 Bc4 Nf6 Nf3 h6 Nxe5 Qe7 d4 Nc6,10,
1884,1768,black,300+0,e4 b6 d4 Bb7 Nc3 e6 Nf3 h6 Bd3 Bb4,10,
1427,1501,black,300+0,e3 e5 Qh5 d6 Bc4 Qe7 Bb5+ Bd7 Bxd7+ Qxd7,10,
1652,1756,black,60+15,e4 e5 Nf3 Nf6 d3 Nc6 a3 d5 exd5 Nxd5,10,
1411,1335,white,420+0,d4 d6 c4 Bf5 Nc3 c6 e4 Bg6 Nf3 f6,10,
1943,1717,white,180+2,d4 f5 g3 Nf6 Bg2 d5 Nf3 e6 c4 c6,10,
1654,1479,black,60+0,e4 c5 Bc4 Nc6 Nf3 e6 d3 Nd4 Nxd4 cxd4,10,
1712,1948,black,180+2,d4 f5 f4 Nf6 Nf3 d6 c4 e6 Nc3 Be7,10,
1535,1474,white,300+8,d4 d5 c4 dxc4 Nc3 e5 d5 c6 e4 Bb4,10,
1637,1715,white,360+0,e4 c6 d4 d5 e5 Bf5 f4 e6 g3 Nd7,10,
2089,1778,white,120+0,d4 d5 c4 Nc6 cxd5 Qxd5 e3 e5 Nc3 Bb4,10,
1657,1613,white,480+5,d4 d5 h3 Nc6 Nf3 g6 c3 Bg7 Bg5 f6,10,
1706,1681,white,240+3,e4 c5 Nf3 Nc6 d4 cxd4 Nxd4 e5 Nxc6 bxc6,10,
1469,1388,white,300+5,e4 d5 exd5 Qxd5 Nc3 Qe5+ Qe2 Qxe2+ Ngxe2 b6,10,
1781,1135,white,180+0,d4 g6 Nc3 Nf6 Bf4 d5 Nb5 Na6 Qd2 Bd7,10,
1847,1777,white,300+0,e4 c6 d4 d6 c4 g6 Nc3 Bg7 Nf3 Nf6,10,
1724,1421,white,600+1,e4 e5 Bc4 g6 Qf3 Nf6 Qb3 d5 Bxd5 Qd7,10,
1464,1522,white,60+0,d4 g6 Nc3 Bg7 g3 e6 Bg2 Ne7 Nf3 O-O,10,
1513,1418,white,300+0,e4 e6 e5 Qg5 d4 c5 Bxg5 cxd4 Qxd4 Bc5,10,
1782,1830,black,300+0,e4 c5 d3 Nc6 Nf3 d6 Be2 g6 O-O Bg7,10,
1425,1625,black,300+8,f4 b6 g3 Bb7 Nf3 g6 d3 Bg7 e4 e6,10,
1564,1370,black,120+17,d4 e6 Nf3 d5 a3 c5 Nc3 cxd4 Nxd4 Qh4,10,
1465,1616,white,-,e4 Nf6 Nc3 e6 Nf3 d5 exd5 exd5 Bb5+ Bd7,10,
1409,1342,white,480+8,e4 e5 Nf3 Qe7 d4 exd4 Nxd4 Qxe4+ Be3 Bb4+,10,
1672,1137,white,240+3,d4 g6 c4 d5 e4 dxe4 Be3 c6 Ne2 Bg4,10,
1349,1579,black,60+5,e4 c6 d4 d5 exd5 cxd5 f3 Nf6 c3 e6,10,
1592,1413,white,360+8,e4 c5 Nf3 a6 Nc3 e6 Bc4 b5 Bd3 Bb7,10,
1555,1641,black,60+0,e4 g6 Nf3 Bg7 Bc4 e6 d3 d6 Ng5 Bd7,10,117.0
1598,1209,black,60+5,d4 d5 c4 dxc4 e3 f6 Bxc4 Nc6 Qh5+ g6,10,
1410,1524,white,300+0,e3 e5 Qf3 d6 Bb5+ c6 Ba4 h6 Bb3 Nf6,10,
1500,1513,draw,300+8,e4 e6 e5 d6 exd6 Bxd6 d4 c6 c3 Nf6,10,
1477,1568,white,300+5,e4 e6 Nc3 d5 exd5 exd5 Qe2+ Be7 Nf3 Nf6,10,
1823,1787,white,180+1,c4 c6 b3 g6 Bb2 Nf6 Nc3 Bg7 Ne4 O-O,10,
1417,1730,black,300+8,d4 c5 g3 cxd4 Qxd4 Nc6 Qd1 Nf6 a3 e5,10,
1512,1670,white,240+2,e4 c5 Bc4 Nc6 Nf3 Na5 Be2 e6 b3 Nf6,10,
1430,1707,black,420+0,d4 b6 c4 Bb7 Nc3 e6 e4 c5 d5 exd5,10,
1523,1672,black,1200+0,e4 e5 Nf3 Nc6 a3 Nf6 Bc4 Bc5 Nc3 h6,10,
1785,1677,white,180+0,d4 Nf6 Nc3 d5 Bf4 e6 Nb5 Bd6 Qd2 Bxf4,10,
1528,1635,white,300+8,e4 e5 Nc3 Nf6 Nf3 Nc6 d4 exd4 Nxd4 Nxd4,10,
1652,1385,white,360+0,e4 c6 d4 d6 Bd3 Nf6 Be3 Bg4 f3 Bc8,10,
1666,1604,draw,480+5,d4 d5 h3 Nc6 Nf3 Nf6 c3 g6 Bg5 Bg7,10,
1884,1966,white,300+20,e4 e5 Nf3 Nc6 Bc4 Nh6 d4 f6 Bxh6 gxh6,10,
1562,1617,white,300+0,e4 e6 Bc4 d5 exd5 exd5 Bb3 Nf6 Nf3 a5,10,
1718,1422,white,420+0,c4 Nc6 d4 e6 e4 g6 d5 Ne5 Bf4 Bg7,10,
1434,1679,draw,300+8,Nf3 d5 d4 e6 e3 c5 Bd3 cxd4 Nxd4 Qa5+,10,
1514,1431,white,1200+0,e4 c5 Nf3 Nc6 c3 Nf6 d3,7,
1516,1679,white,1200+0,e4 e5 Nf3 Nc6 a3 Bc5 Bc4 h6 d3 Nf6,10,
1862,1956,black,300+0,e4 Nc6 d4 e5 c3 exd4 cxd4 d5 e5 f6,10,
1790,1936,black,180+2,e4 c6 d3 d5 exd5 cxd5 Nf3 Nf6 Be2 g6,10,
2003,1863,black,180+3,c4 c5 b3 Nc6 Bb2 Nf6 e3 e6 Nf3 Be7,10,
1600,1469,black,240+3,d4 e6 c4 c5 e3 Nf6 Nc3 b6 f4 Bb7,10,
1656,1801,black,360+0,e4 e5 Bc4 Nc6 a3 Nf6 d3 Be7 f4 exf4,10,
1622,1222,white,60+0,e4 e5 Bc4 Nf6 Nf3 Nc6 Ng5 d5 exd5 Na5,10,
1527,1653,black,240+2,e4 c5 Bc4 Nc6 c3 e6 Nf3 Nge7 d4 cxd4,10,
1881,1598,white,300+20,e4 c5 Nf3 Nc6 d4 cxd4 Nxd4 e5 Nb5 d6,10,
1377,1769,black,120+0,e4 d6 Bc4 e5 d3 Nf6 c3 Be7 Qb3 O-O,10,
1320,1647,black,300+0,e4 e5 c3 Nf6 f3 Nc6 d4 d5 Bd3 Bd7,10,
1414,1728,draw,420+0,d4 e6 c4 d5 Nc3 Nf6 h3 Be7 a3 Nc6,10,
1644,1577,black,60+15,e4 c6 d4 d6 c4 Nf6 Nc3 Bg4 h3 Bh5,10,
1347,1413,black,480+8,e4 e5 Nf3 d6 h3 g6 Be2 Nf6 O-O Bg7,10,
1886,1862,black,360+6,d4 d5 c4 c6 Nc3 e6 Nf3 dxc4 e4 Bb4,10,
1953,1773,black,180+2,d4 d6 Nf3 e6 c4 g6 Nc3 Bg7 e4 Nf6,10,
1772,2094,black,120+0,e4 c5 d3 e5 Nf3 d6 Be2 Nc6 O-O Nge7,10,
1768,1316,white,120+0,e4 e5 d3 f6 Nf3 c6 Be2 d5 O-O dxe4,10,
1876,1693,white,600+0,d4 d5 c4 Nc6 cxd5 Qxd5 Nf3 e6 Nc3 Bb4,10,
1809,1649,white,360+0,e4 e5 Nf3 Nc6 Bb5 d6 Nc3 Bd7 O-O a6,10,
1387,1280,black,780+0,e4 e5 Nf3 f6 Bc4 c6 d3 d5 exd5 cxd5,10,
1437,1429,white,120+0,e4 e5 Nf3 Nc6 Bc4 f6 d3 Nge7 Nc3 d6,10,
1869,1953,white,180+2,d4 f5 c4 Nf6 Nc3 d6 Nf3 e6 Qb3 Be7,10,
1666,1549,white,900+8,e4 e5 Nc3 c5 Bc4 Nc6 d3 Nd4 Nf3 d6,10,
1547,1692,white,300+3,e4 e5 Nf3 d6 Bc4 Be7 d4 exd4 Nxd4 Nf6,10,
1522,1528,black,900+8,e4 e5 Nf3 c6 Nxe5 Qa5 Nc4 Qc5 d3 Be7,10,
1776,1542,white,120+0,e4 e5 d3 Nc6 Nf3 h6 Be2 Nf6 O-O Bd6,10,
1547,1770,black,120+0,e4 b6 Nf3 Bb7 Bd3 e6 O-O h6 Nc3 Nf6,10,
1699,1964,white,180+0,e4 Nc6 Nf3 e5 Bb5 f5 Bxc6 dxc6 exf5 Nf6,10,
1943,1877,white,180+2,d4 d5 c4 e6 Nc3 Nf6 cxd5 exd5 Bg5 c6,10,
1523,1675,black,1200+0,e4 e5 Nf3 Nc6 d4 Qf6 Bg5 Qg6 d5 Qxe4+,10,
1541,1536,white,300+8,e4 e5 Nc3 c6 Nf3 d6 d4 Bg4 Be2 Bxf3,10,
1787,1832,white,180+1,d4 d5 c4 e6 Nf3 Nf6 Nc3 a6 e3 dxc4,10,
1526,1483,white,240+6,e4 c5 e5 Nc6 Nf3 Qc7 d4 cxd4 Bf4 e6,10,
1422,1660,white,180+3,d4 d5 c4 c6 Nc3 Nf6 h3 Bf5 Nf3 e6,10,
1882,1694,white,300+8,d4 g6 e4 Bg7 Nf3 d6 c4 Nc6 Nc3 Bg4,10,
1636,1718,draw,300+0,e4 e5 d3 d6 h3 Nc6 Be2 Nf6 c3 Be7,10,
1500,1483,white,300+8,e4 d5 exd5 Qxd5 Nc3 Qd8 d4 c6 Bf4 e6,10,
1500,1205,white,180+0,d4 e6 a3 Nc6 Nc3 Nf6 Bf4 d6 Nf3 h6,10,
1698,1500,white,900+13,e4 e5 c4 Nf6 Nc3 Bb4 Bd3 O-O Nf3 Nc6,10,
1537,1781,black,120+0,e4 d6 Nf3 c5 Nc3 g6 b3 Bg7 Bb2 Nf6,10,
1520,1500,black,180+2,e4 e5 Nf3 d6 Bc4 a5 c3 c6 d4 b5,10,
1665,1785,black,480+5,d4 Nf6 h3 e6 Nf3 d5 c3 Ne4 Bf4 Bd6,10,
1449,1754,black,300+0,d4 b6 e4 Bb7 Bc4 e6 d5 exd5 exd5 Qe7+,10,
1630,1590,black,60+15,e4 c6 Nf3 d6 Nc3 Nf6 h3 Nbd7 d4 Qa5,10,
1337,1424,black,480+8,e4 e5 Nf3 d6 h3 g6 Bd3 Nf6 O-O Bg7,10,
1642,1303,white,360+0,e4 e5 Bc4 f6 d3 c6 a3 d5 exd5 cxd5,10,
1512,1685,black,180+2,e4 e5 Nf3 Nc6 Bb5 Nd4 Nxd4 exd4 d3 Qe7,10,
1626,1621,black,420+5,e4 e5 Nf3 Nf6 d3 Nc6 Bg5 Be7 Be2 h6,10,
1427,1817,black,300+3,e4 e5 Qh5 Nc6 Bb5 d6 Bxc6+ bxc6 Nf3 Nf6,10,
1625,1803,black,300+4,e3 e5 Nc3 d5 d4 e4 f3 Nf6 fxe4 Nxe4,10,
1412,1643,black,480+4,e4 c6 d4 d5 exd5 cxd5 Nc3 Nf6 Bb5+ Bd7,10,
1654,1719,white,660+6,e4 c6 Nf3 d5 exd5 cxd5 Bb5+ Bd7 Qe2 Nf6,10,
1674,1514,black,300+8,e4 g6 d4 Bg7 Nf3 Nc6 b3 Nf6 e5 Ne4,10,
1375,1348,white,780+0,e4 c5 Nc3 Nc6 Nf3 e6 d3 d5 exd5 exd5,10,
1658,1333,white,600+8,e4 c6 e5 d5 d4 f5 c4 e6 Nh3 Bb4+,10,
1555,1531,white,300+3,d4 d5 e3 Na6 a3 Nf6 Nd2 Qd6 Bd3 g6,10,
1500,1575,white,180+0,d4 d5 Nc3 e6 a3 Nf6 Bf4 Bd6 Qd2 Nc6,10,
1774,2094,black,120+0,e4 c5 b4 cxb4 d4 e6 f4 d5 e5 Nc6,10,
1708,1430,white,420+0,c4 b6 e4 Bb7 Nc3 Nc6 d4 e6 Nf3 Bb4,10,
1576,1346,white,180+0,d4 c6 e4 d5 e5 e6 a3 Be7 c4 dxc4,10,
1506,1845,draw,180+3,e4 c6 Nf3 d5 exd5 cxd5 d4 Bg4 Be2 Nc6,10,
1615,1654,black,420+5,e4 e5 Nf3 f6 d4 d6 dxe5 fxe5 Bc4 Nf6,10,
1789,1566,white,300+0,e4 e5 Qh5 Nc6 Bc4 g6 Qf3 Nf6 c3 Bg7,10,
1401,1505,black,300+0,e4 e5 Qf3 Nf6 Qf5 d6 Bb5+ c6 Bc4 Bxf5,10,
1468,1536,black,300+3,e4 e5 Nf3 Nc6 Bc4 d5 Bxd5 Be6 Bxe6 fxe6,10,
1741,1783,white,240+0,d4 d6 c3 g6 e4 Bg7 Nf3 Nf6 Bg5 O-O,10,
1639,1324,white,180+3,d4 e6 c4 Qg5 Bxg5,5,
1711,1638,white,300+0,d4 d5 e3 e6 Nf3 h6 c4 dxc4 Bxc4 Nf6,10,
1457,1514,white,420+0,d4 d5 c4 dxc4 Nc3 a6 e4 b5 a4 Bd7,10,
1551,1530,white,300+8,e4 g6 d4 Bg7 e5 d5 Nf3 Nc6 Bb5 a6,10,
1561,1830,white,300+0,e4 e5 Nf3 d6 Bc4 a5 h3 c6 a3 Be6,10,
1677,1939,black,180+2,e4 c6 f4 d5 exd5 cxd5 Nf3 Nf6 d4 g6,10,
1588,1622,black,180+0,d3 e5 e4 h6 f4 exf4 Nf3 d5 Bxf4 dxe4,10,
1667,1774,black,300+8,e4 e5 Nf3 Nc6 Bb5 d6 Bxc6+ bxc6 Nc3 Bg4,10,
1657,1694,black,480+5,d4 d5 h3 Bf5 Nf3 e6 c3 c5 a3 c4,10,
1512,1720,white,180+3,e4 c6 Bc4 d5 exd5 cxd5 Bb3 Nc6 d4 a5,10,
1819,1425,white,300+3,e4 e5 Nf3 Nc6 Bc4 h6 O-O a6 d4 exd4,10,
1643,1903,white,180+3,d4 d5 Nf3 Qd6 c4 Qxh2 Rxh2,7,
1645,1552,white,360+0,e4 g6 d4 Bg7 Be3 d6 c3 Nf6 Bd3 O-O,10,
1299,1786,black,120+0,e4 d6 f3 c5 c3 Nf6 d4 Nbd7 Qe2 e6,10,
1723,1740,black,300+3,e4 e5 Nf3 Nc6 Bc4 Bc5 O-O d6 d3 Bg4,10,
1546,1463,black,240+6,e4 e5 Nf3 d6 Bc4 Bg4 d4 exd4 h3 Bh5,10,
1700,1577,black,300+0,e4 e5 Qh5 Nc6 Bc4 g6 Qf3 Nf6 c3 Be7,10,
1564,2123,black,120+0,d4 c6 c4 d5 cxd5 cxd5 Nf3 Nf6 e3 Nc6,10,
1664,1630,white,180+3,d4 d5 Nf3 e6 c4 h6 Nc3 Nf6 Bf4 Bd6,10,
1983,1905,white,240+0,d4 d5 c4 e6 Nc3 Nf6 Nf3 c6 e3 Bd6,10,
1328,1434,white,480+8,e4 e5 Nf3 d6 d4 Bg4 h3 Bxf3 Qxf3 g6,10,
1392,1599,black,60+0,e4 e5 f4 d6 Bc4 Nc6 Nc3 Be6 Nf3 Bxc4,10,
1687,1516,white,1200+0,e4 e5 Nf3 Nc6 Bc4 a6 Nc3 b5 Bb3 Nf6,10,
1525,1500,white,240+3,e4 e5 Nf3 Nf6 Nxe5 Qe7 d4 d6 Nf3 Nxe4,10,
1612,1770,black,180+0,e4 c6 d4 g6 Nf3 Bg7 Be3 d6 Bd3 Nf6,10,
1753,1804,black,240+0,d4 d5 c3 e6 Nd2 Nf6 Ngf3 c5 g3 b6,10,
1624,1987,black,60+0,e4 e5 d4 Nc6 d5 Nb8 Bd3 d6 Nf3 Bg4,10,
1626,1579,black,240+0,e4 e5 Nf3 Nc6 d4 d6 d5 Nce7 Bd3 c6,10,
1751,1712,white,300+3,e4 e5 Nf3 Nc6 Bc4 Bc5 d3 Nge7 h3 O-O,10,
1953,2027,black,180+0,e4 c6 Nf3 d5 e5 Bg4 d4 e6 Be2 c5,10,
1519,1562,black,300+8,b3 e5 Bb2 Nc6 d4 Bb4+ Bc3 Bxc3+ Nxc3 Nxd4,10,
1337,1481,black,900+0,d4 d5 g3 Bf5 c3 e6 Bf4 c5 Bxb8 Rxb8,10,
1385,1604,black,60+0,e4 e5 f4 d6 Bc4 Nc6 Nf3 Be6 Bxe6 fxe6,10,
1580,1702,white,300+20,Nf3 Nc6 d4 d6 d5 Na5 e4 c6 Nc3 cxd5,10,
1521,1627,black,300+3,e4 e5 Qh5 d6 d4 g6 Qd1 Nf6 Nc3 exd4,10,
2037,1944,white,180+0,d4 d5 c4 e6 Nf3 Nf6 g3 Be7 Bg2 O-O,10,
1622,1280,white,60+0,e4 e5 Bc4 d6 Nf3 f6 O-O Ne7 d3 Bd7,10,
1647,1500,black,480+5,d4 b6 Bf4 Bb7 e3 Nc6 a3 e6 Nd2 g5,10,
1385,1387,white,780+0,e4 e5 Nf3 Qf6 Nc3 g5 Be2 g4 Ng1 h5,10,
1379,1531,white,60+0,e4 e5 f4 Nc6 Bc4 Qf6 d3 exf4 Nf3 Bc5,10,
1492,1498,white,300+5,d4 d5 Nf3 a6 e3 h6 c4 e6 c5 b6,10,
1277,1625,black,60+0,e4 g6 e5 Bg7 d4 e6 f4 d6 Nf3 dxe5,10,
1661,1500,white,600+8,e4 c5 e5 Nc6 Nf3 a6 d4 e6 d5 exd5,10,
1532,2124,black,120+0,e4 c6 Nf3 d5 Nc3 d4 Ne2 c5 d3 Nc6,10,2874.37
1848,1701,white,420+0,e4 c6 d4 d5 Nc3 dxe4 Nxe4 Bf5 Ng3 Bg6,10,
1591,1777,black,180+0,d4 c6 c4 d6 Nf3 g6 e3 Bg7 Bd3 Nf6,10,
1515,1398,black,60+0,e4 e5 Nf3 Nc6 Nc3 Nf6 b3 Bc5 Bb2 d6,10,
1683,1634,black,300+0,e4 d6 d4 Nf6 Bd3 g6 Be3 Bg7 Ne2 O-O,10,
1482,1484,white,420+0,d4 e6 c4 c5 d5 d6 Nc3 Be7 e4 Bf6,10,
1572,1683,black,360+0,d4 e6 c4 a6 Nc3 d6 Nf3 h6 Bf4 Be7,10,
1650,1688,white,300+8,e4 g6 d4 d6 Nf3 Bg4 h3 Bxf3 Qxf3 Nc6,10,
1935,1910,white,180+3,e4 c5 Nf3 d6 d4 cxd4 Nxd4 Nf6 Nc3 a6,10,
1415,1499,white,60+0,e4 b6 d4 Bb7 d5 e6 c4 Nf6 Nc3 Bb4,10,
1513,1305,white,300+8,e4 d5 Nc3 dxe4 Nxe4 Bf5 Bd3 Bxe4 Bxe4 e6,10,
1648,1620,white,180+0,d4 d5 Nc3 e6 a3 h6 Bf4 Nf6 Nb5 Bd6,10,
1079,1506,black,300+12,e4 d5 f3 dxe4 Bb5+ c6 Ba4 Na6 fxe4 Nc5,10,
1246,1332,white,480+8,e4 e5 Qh5 Nc6 Bc4 g6 f3 Nf6 Qh3 Nd4,10,
1695,1673,white,300+5,d4 Nf6 c4 e5 dxe5 Ng4 Nf3 Nc6 Bf4 Bb4+,10,
1643,1330,black,1800+0,e4 e6 Qf3 d5 e5 d4 d3 Nc6 Bf4 Bb4+,10,
1605,1945,black,180+0,e4 Nc6 d4 e5 d5 Nce7 f4 Ng6 f5 Qh4+,10,
1628,1405,white,60+0,e4 e5 Bc4 d6 Nf3 Nf6 Ng5 d5 exd5 Nxd5,10,
1430,1563,black,60+0,e4 e5 f4 exf4 Bc4 Qh4+ Kf1 Nf6 Nf3 Qh6,10,
1702,1761,white,300+3,e4 e5 Nf3 Nc6 Bc4 Bc5 c3 d6 d4 exd4,10,
1724,1651,black,300+0,e4 c5 Nf3 d6 d4 cxd4 Nxd4 Nf6 Nc3 a6,10,
1399,1633,black,60+0,f4 g6 Nf3 Bg7 e4 e6 d3 Qe7 Be2 d6,10,
1677,1500,black,180+3,d4 d5 Nf3 e6 c4 Nf6 Bg5 Bb4+ Nc3 Ne4,10,
1422,1788,black,60+0,e4 d6 f4 c5 d4 Nc6 d5 Nb8 Bb5+ Bd7,10,
1638,1394,white,60+0,e3 e5 d3 Nf6 Be2 d5 Bd2 Bd6 c3 O-O,10,
1824,1731,draw,300+8,e4 d6 d4 e5 dxe5 dxe5 Qxd8+ Kxd8 Nf3 f6,10,
1548,1398,black,600+20,e3 e5 Nc3 d5 d3 Nf6 Nf3 Nc6 d4 e4,10,
1500,1585,black,180+0,d4 d5 Nc3 Nc6 Bf4 a6 h3 Nf6 Bg5 e6,10,
1389,1667,white,600+8,e4 e5 Nf3 d6 Bc4 Bg4 h3 Bxf3 Qxf3 Nc6,10,
1900,1946,black,180+3,d4 d5 c4 e6 Nc3 Nf6 Bg5 Be7 e3 O-O,10,
1395,1470,white,900+15,e4 e5 b3 Nf6 Nc3 d5 exd5 Nxd5 Nxd5 Qxd5,10,
1388,1643,black,60+0,e4 g6 Bc4 Bg7 Nf3 e6 d3 c6 Be3 d5,10,
1674,1492,white,300+0,e4 e5 Qh5 Nc6 Bc4 Qf6 c3 g6 Qe2 Bh6,10,
1638,1662,white,480+5,d4 d5 h3 e6 Nf3 g6 a3 Bg7 c3 Nf6,10,
1419,1791,black,60+0,e4 b6 d4 Bb7 d5 e6 Nc3 exd5 exd5 h6,10,
1652,1632,black,600+8,e4 c5 c4 Nc6 Nf3 e6 Nc3 b6 d3 Bb7,10,
1298,1519,black,300+8,d4 d6 e3 e6 Bb5+ c6 Bd3 d5 Nf3 Nf6,10,
1701,1675,black,300+6,e4 e5 Bc4 Ne7 Qh5 Ng6 Nf3 Qf6 Nc3 d6,10,
1428,1334,white,300+0,e4 e5 Qf3 Nc6 c3 a6 Bc4 Qf6 d3 b5,10,
1748,1715,black,300+3,e4 Nc6 Nf3 e5 Bc4 Bc5 d3 Nf6 Ng5 O-O,10,
1416,1991,black,60+0,e4 e5 f4 Nc6 Bc4 d6 Nc3 h6 Nf3 a6,10,
1648,1992,black,60+0,e3 e5 d3 d5 Be2 c5 Bd2 Nc6 c3 Nf6,10,
1473,1424,white,240+3,e4 e5 Nf3 Qf6 d4 d6 Nc3 h6 Nd5 Qd8,10,
1427,1466,white,300+14,e4 e5 Nf3 Qf6 Nc3 c6 Bc4 h6 O-O a6,10,
1788,1655,white,900+10,e4 e5 Nf3 Nc6 Bb5 a6 Ba4 b5 Bb3 Nf6,10,
2125,1571,white,120+0,d4 d5 Nf3 Nc6 e3 Nf6 b3 e6 Bb2 Bd6,10,
1427,1326,black,900+10,d4 b6 c4 Bb7 d5 a5 e4 Nf6 Nc3 e6,10,
1996,1645,white,60+0,d4 g6 c4 Bg7 Nc3 e6 Nf3 d6 Bg5 c6,10,
1362,1211,white,180+0,d4 d5 Nc3 e6 a3 c5 e3 cxd4 exd4 Nc6,10,
1743,1813,draw,240+0,d4 d5 c3 e6 Nf3 Nf6 g3 c5 Bg2 b6,10,
1645,1996,white,60+0,e3 e5 d3 b6 Be2 Bb7 Bd2 d5 f3 c5,10,
1661,1700,draw,240+3,c4 b6 Nc3 Bb7 d4 g6 e4 Bg7 d5 c6,10,
1571,1525,black,300+8,e4 e5 Nc3 d6 Nf3 Bg4 Be2 Bxf3 Bxf3 Nf6,10,
1955,1891,white,180+3,d4 Nf6 c4 g6 Nc3 d5 Nf3 Bg7 Bg5 c6,10,
1456,1618,black,900+15,e4 e5 Nf3 Nc6 Bb5 a6 Ba4 Nf6 d3 Bc5,10,
1452,1446,white,300+14,e4 Nf6 Qf3 e5 Bc4 Be7 d3 O-O Nh3 h6,10,
1481,1570,black,60+0,Nf3 d5 d4 c6 Nc3 Nf6 Bf4 e6 a3 Bd6,10,
1441,1603,black,900+8,Nf3 c6 Nc3 d6 d4 Nf6 d5 h6 e4 Bg4,10,
1076,1139,black,840+0,e4 d5 d4 dxe4 d5 e6 Nc3 f5 Bb5+ c6,10,
1691,1544,white,360+0,e4 e5 Bc4 d6 d3 h6 Nf3 Nf6 h3 Be7,10,5869.27
1664,1542,white,180+3,d4 d6 c4 c5 d5,5,
1429,1464,black,300+14,e4 e5 Nf3 d6 Bc4 h6 O-O Qf6 Nc3 c6,10,
1655,1508,white,300+12,b4 e6 Bb2 Qh4 a3 a5 Nf3 Qf4 e3 Qd6,10,
1727,1736,white,300+3,e4 e5 Nf3 Nc6 Bc4 Bc5 O-O d6 c3 Bg4,10,
1578,1968,black,60+0,d4 e6 c4 c6 e3 d5 cxd5 cxd5 Nf3 b6,10,
1716,1500,white,300+0,e4 d5 exd5 Qxd5 d4 Qe4+ Be3 e5 Nc3 Qg6,10,
1733,1807,white,300+8,Nf3 d5 d4 Nf6 e3 e6 Bd3 c5 c4 Nc6,10,
1438,1355,white,180+0,d4 d5 Nc3 c6 e4 dxe4 Nxe4 Bf5 Ng3 Bg6,10,
1968,1578,white,60+0,e4 e5 d4 exd4 Qxd4 Nc6 Qd1 Nf6 f4 Nxe4,10,
1669,1676,white,420+3,e4 e5 Nf3 Nc6 d4 exd4 Nxd4 Nf6 Nc3 Nxd4,10,
1642,1268,white,60+0,e4 e5 Bc4 Nc6 Nf3 Nf6 Ng5 Bc5 Nxf7,9,
1411,1448,black,120+0,d4 e5 dxe5 Nc6 Nf3 Qe7 Bf4 Nh6 Nc3 f6,10,
1502,1732,white,420+0,d4 e6 c4 d6 Nc3 b6 Nf3 Bb7 e3 Nf6,10,
1500,1317,black,480+8,d4 d5 c4 dxc4 e4 e6 Bxc4 f5 e5 c5,10,
1265,1413,white,1740+30,d4 d5 Qd3 h6 e4 Nf6 e5 Ne4 Qb5+ c6,10,
1499,1659,white,420+4,d4 Nf6 c4 c5 d5 a6 Nc3 b5 cxb5 e6,10,
1575,1971,black,60+0,d4 e6 c4 d5 cxd5 exd5 Nf3 c5 e3 cxd4,10,
1705,1662,black,300+5,d4 Nf6 c4 e6 Nc3 Bb4 Bg5 O-O e3 h6,10,
1974,1573,white,60+0,d4 d5 c4 dxc4 Nc3 c6 Nf3 Nf6 a4 e6,10,
1760,1673,white,180+3,e4 e6 d4 d5 exd5 exd5 Nf3 Nf6 Be2 Bd6,10,
1948,1844,white,180+0,e4 e6 d4 d5 Nc3 Nf6 Bg5 dxe4 Nxe4 Be7,10,
1647,1511,black,720+8,e4 e5 Qh5 Nc6 Bc4 g6 Qf3 Nf6 d3 Bg7,10,
1977,1571,white,60+0,e4 e5 d4 exd4 Nf3 Nc6 Nxd4 Nxd4 Qxd4 Nf6,10,
1484,1436,black,180+1,e4 e5 f4 Nc6 Bc4 exf4 d4 Qe7 Nc3 Na5,10,
1510,1343,white,180+0,d4 d5 Nc3 c6 e4 dxe4 Nxe4 Bf5 Ng3 Bg6,10,
1546,1476,white,1200+0,e4 c5 d4 e6 dxc5 Bxc5 Nf3 Nf6 Bd3 Ng4,10,
1970,1384,white,60+0,e4 c5 d4 cxd4 Nf3 Nc6 c3 dxc3 Nxc3 a6,10,
1514,1642,black,420+4,d4 d5 c4 Nf6 e3 Bf5 Nc3 e6 a3 Nc6,10,
1406,1609,black,900+8,e4 c6 d4 d6 d5 Nf6 e5 Nxd5 exd6 Qxd6,10,
1794,1771,black,1200+0,d4 d5 e4 Nf6 Nc3 dxe4 f3 Bf5 Bg5 Nbd7,10,
1503,1662,black,600+0,c4 Nc6 d4 Nf6 d5 Ne5 e3 e6 f4 Bb4+,10,
1209,1680,black,420+3,d4 d5 c4 c6 c5 Bf5 f3 Nf6 g4 Bg6,10,
1475,1415,white,300+14,e4 e5 Qf3 Nf6 Bc4 Be7 d3 O-O Qg3 Nc6,10,
1811,1829,black,180+0,d4 d5 g3 Nf6 Bh3 Bxh3 Nxh3 e6 O-O Bd6,10,
1667,1568,black,60+0,e3 e5 d4 exd4 exd4 Nf6 Qe2+ Be7 Nf3 Nc6,10,
1658,1957,black,180+0,e4 Nc6 Nf3 e5 Bb5 f5 exf5 e4 Bxc6 dxc6,10,
1614,1500,white,180+0,d4 e6 a3 c5 Be3 cxd4 Bxd4 Nc6 Bc3 Be7,10,
1651,1197,white,60+0,e4 d5 Bb5+ Bd7 Bd3 Nf6 e5 Ng4 h3 Nxe5,10,
1650,1685,black,480+5,d4 d5 h3 Nc6 Nf3 Nf6 a3 Bf5 Bg5 e6,10,
1746,1653,white,240+0,d4 d5 c3 Bf5 Nd2 e6 Ngf3 c5 g3 Nc6,10,
1584,1458,white,60+0,d4 e5 dxe5 Nc6 Nf3 Bc5 Nc3 Qe7 Bf4 d6,10,
1738,1745,black,300+8,e4 d6 d4 g6 Nc3 Bg7 Nf3 f6 Be3 Nh6,10,
1059,1328,white,480+8,e4 e5 Nc3 d6 Nf3 c5 a4 Nf6 b3 Be7,10,
1848,1801,black,180+0,d4 d5 c4 b6 cxd5 Qxd5 Nc3 Qd8 e4 e6,10,
1960,1768,white,180+0,e4 e5 Nf3 d6 Bc4 Be7 O-O Nf6 Re1 O-O,10,
1456,1670,white,480+8,e4 c6 d4 d5 e5 Bf5 Bd3 Bxd3 Qxd3 Qa5+,10,
1739,1695,white,300+3,e4 e5 Nf3 d6 Bc4 Bg4 O-O Qf6 Be2 Nc6,10,
1325,1380,black,300+5,e4 c5 d4 a6 d5 e6 dxe6 dxe6 Qxd8+ Kxd8,10,
1449,1537,black,900+15,e4 e5 Nf3 d6 h3 Nf6 d3 h6 Be2 Nc6,10,
1653,1592,draw,60+0,e4 e5 Bc4 Nf6 Nf3 h6 Nxe5 d5 exd5 Nxd5,10,
1397,1451,black,120+0,d4 e5 e3 exd4 Qxd4 Nc6 Qd1 Nf6 Nf3 Bd6,10,
1650,1507,black,420+4,e4 e5 Nf3 Qf6 Nc3 c6 d4 Bb4 Bc4 h6,10,
1646,1581,black,180+0,d4 e6 a3 d5 Nc3 c5 Be3 cxd4 Bxd4 e5,10,
1682,1639,white,420+3,e4 e5 Nf3 Nc6 d4 d6 dxe5 dxe5 Qxd8+ Kxd8,10,
1555,1742,white,1200+0,e4 c5 d4 cxd4 Nf3 Nc6 Nxd4 Nxd4 Qxd4 e6,10,
1619,1654,black,300+2,c4 d5 cxd5 Nf6 Nc3 Nxd5 d4 Nxc3 bxc3 e5,10,
1389,1314,white,300+5,d4 d5 c4 dxc4 e4 e6 Bxc4 Ne7 a3 Nbc6,10,
1642,1675,white,300+5,e4 e5 Nf3 Nf6 Nxe5 d6 Nf3 Nxe4 Qe2 Qe7,10,
1339,1149,white,840+0,g3 e5 Bg2 Qf6 h4 Bc5 e3 Nh6 g4 d6,10,
1763,1966,black,180+0,e4 Nc6 d4 e5 d5 Nce7 c4 Ng6 Nc3 Bc5,10,
1813,1827,black,180+0,d4 d5 e3 Nf6 Nf3 Bf5 h3 c6 Na3 Nbd7,10,
1691,1383,black,60+0,e4 e5 Bc4 Nf6 Nf3 d6 Ng5 Be7 Nxf7 Qd7,10,
1904,1973,white,180+3,d4 Nf6 c4 g6 Nc3 d5 Bg5 Ne4 Bh4 Nxc3,10,
1567,1694,draw,420+0,d4 e6 c4 d5 Nc3 Nf6 Nf3 Be7 e3 Nc6,10,
1569,1610,white,1200+0,e4 e5 d4 Nc6 Nf3 d6 dxe5 Nxe5 Nxe5 dxe5,10,
1855,1766,black,420+0,e4 e6 b3 d5 e5 c5 Bb5+ Nc6 Bxc6+ bxc6,10,
1648,1318,white,300+5,e4 e5 Nf3 d6 d4 f6 dxe5 fxe5 Bc4 Nf6,10,
1663,1538,white,180+0,d4 d5 Nc3 e6 a3 Nf6 Bf4 Bd6 Qd2 O-O,10,
1640,1643,black,480+5,d4 Nf6 h3 c5 Nf3 cxd4 Qxd4 Nc6 Qd1 e5,10,
1670,1709,black,60+0,e4 e5 Bc4 Nf6 Nf3 d6 Ng5 d5 exd5 Nxd5,10,
1143,1398,black,1740+30,e4 e5 Qh5 Nc6 g3 g6 Qe2 Nf6 f3 a6,10,
1395,1399,black,420+8,e4 e5 Nf3 Bc5 Nxe5 Qf6 Nf3 g5 d4 Bb6,10,
1062,1279,white,300+15,b3 d5 e3 e5 Nf3 Bg4 Bb5+ Nc6 Qe2 e4,10,
1844,1803,white,180+0,d4 d5 c4 e6 Nc3 c6 e4 Nd7 e5 Bb4,10,
1678,1971,black,60+0,e4 d6 d4 c6 c4 g6 Nc3 Bg7 Be2 Nf6,10,
1670,1495,white,600+0,Nf3 d5 g3 c5 Bg2 Nc6 e3 e5 O-O Bg4,10,
1617,1289,white,60+15,e4 e5 Nf3 Bc5 c3 Nc6 d3 d6 Be3 Bxe3,10,
1745,1974,black,120+0,e4 c5 Nf3 Nc6 d4 cxd4 Nxd4 e5 Nxc6 bxc6,10,
1794,1859,black,180+0,d4 d5 Nf3 Nf6 a3 c6 Nc3 Bf5 Bg5 e6,10,
1663,1748,white,180+3,d4 d5 Nf3 Nc6 c4 dxc4 Nc3 Bg4 e3 Bxf3,10,
1658,1719,white,60+0,e3 e5 d3 b6 Be2 Bb7 Bd2 Nf6 Bf3 Bxf3,10,
1651,1626,white,300+5,e4 g6 d4 Bg7 Nf3 d6 c3 Nd7 Bd3 Ngf6,10,
1667,1764,draw,660+6,e4 e5 Nf3 d6 Bc4 Bg4 h3 Bh5 g4 Bg6,10,
1522,1634,black,420+4,d4 d5 c4 e6 Nc3 Nf6 Bg5 Bb4 a3 Bxc3+,10,
1138,1244,black,720+0,e4 e5 Qh5 d6 g3 Nf6 Qg5 h6 Qe3 Ng4,10,
1917,1964,white,180+3,d4 d5 c4 e6 Nc3 Nf6 Bg5 Be7 e3 O-O,10,
1873,1785,white,180+0,d4 d5 c4 h5 cxd5 Qxd5 Nc3 Qa5 e4 e6,10,
1129,1076,white,300+15,e4 e5 Qh5 Nf6 Qg5 h6 Qxe5+ Qe7 Qxc7 Nc6,10,
1673,1705,black,60+0,e4 e5 Bc4 Nf6 Nf3 h6 Nxe5 d5 exd5 Nxd5,10,
1734,1460,black,300+3,e4 c6 Nf3 d5 e5 Bf5 d4 e6 Bd3 Bxd3,10,
1573,1686,black,420+0,d4 g6 c4 Bg7 Nc3 e6 Nf3 d6 h3 Nc6,10,
1691,1305,white,180+0,d4 d6 Nc3 e6 e4 Nc6 Bb5 Bd7 Bxc6 Bxc6,10,
1740,1975,black,60+0,e4 d6 Nf3 c6 d4 g6 Nc3 Bg7 Bf4 Nf6,10,
993,1138,black,300+15,e4 d5 Nc3 c6 d4 e6 Nf3 f5 Bg5 Be7,10,
1886,1779,white,180+3,e4 e6 d4 d5 Nc3 Nf6 Bg5 Bb4 e5 h6,10,
1755,1689,black,300+8,Nf3 d5 d4 e6 e3 c5 c4 dxc4 Bxc4 Nc6,10,
1783,1900,black,1200+0,d4 d5 e4 e6 Nc3 c5 Bf4 c4 Be2 Bd6,10,
1716,1500,white,60+0,d4 e6 c4 c5 Nc3 cxd4 Qxd4 Nc6 Qd1 Bb4,10,
1497,1603,black,900+0,e4 c5 Bc4 e6 a3 Nc6 Nf3 d5 exd5 exd5,10,
1777,1885,black,180+0,g3 d5 h4 Bf5 Bh3 Bxh3 Nxh3 Nf6 O-O e5,10,
1496,1253,black,1800+0,e4 e5 Nf3 d6 d4 g5 Nxg5 f6 Qh5+ Kd7,10,
1507,1355,white,180+1,e4 d6 Nf3 e5 Bc4 Bg4 d3 f5 h3 Bxf3,10,
1897,1769,white,180+0,d4 d5 c4 dxc4 e3 b5 a4 bxa4 Bxc4 Bd7,10,
1369,1721,white,60+0,e3 e5 h3 d6 a3 Nc6 b3 Nf6 Bb2 b6,10,
1560,1482,white,120+2,e4 c5 Nf3 e6 Bc4 a6 d4 b5 Be2 Bb7,10,
1629,1661,black,480+5,d4 d5 h3 e6 Nf3 c5 c3 Nf6 Bg5 cxd4,10,
1613,1692,black,720+8,e4 d5 e5 d4 Nf3 Bg4 h3 Bh5 g4 Bg6,10,
1837,1559,white,300+3,e4 d5 exd5 Qxd5 c4 Qd8 d4 c6 Nc3 e6,10,
1709,1527,black,180+0,d4 c6 Nc3 d5 e4 dxe4 Nxe4 Bf5 Ng3 Bg6,10,
1606,1273,white,720+0,e4 e5 Nc3 d6 d4 Qh4 Nf3 Qg4 dxe5 dxe5,10,
1473,1568,black,120+2,e4 e5 Nf3 Bc5 d4 exd4 Nxd4 Nf6 Bg5 h6,10,
1658,1642,black,300+8,e4 c5 b3 e6 Bc4 d5 exd5 exd5 Bb5+ Bd7,10,
1774,1894,white,180+3,e4 e5 f4 Bc5 Nf3 d6 c3 Nf6 Bd3 a6,10,
1666,1772,black,300+5,e4 e6 Nf3 d5 exd5 exd5 Nc3 Nf6 Be2 c5,10,
1664,1274,white,180+0,d4 Nc6 Nc3 d5 Bf4 e6 Nb5 Bd6 Qd2 Bxf4,10,
1145,944,white,300+15,e4 e5 Bc4 Nf6 f3 Nc6 c3 d6 Qb3 Na5,10,
1597,1591,black,720+0,e4 e5 Nf3 Nc6 c3 Nf6 Qc2 d5 d3 d4,10,
1434,1385,white,300+8,Nf3 f6 Nc3 e5 d4 d5 dxe5 Nc6 exf6 Qxf6,10,
1762,1907,black,180+0,d4 d5 a3 Nf6 h3 c6 Nf3 Bf5 e3 Nbd7,10,
1488,1677,black,600+0,c4 e5 e4 Nf6 d3 Nc6 a3 Nd4 f4 d6,10,
1980,1683,white,60+0,e4 e5 d4 exd4 Nf3 Nc6 Bc4 Bc5 O-O Nf6,10,
1559,1614,white,300+8,e4 c6 Nc3 d6 d4 Nf6 Nf3 Bg4 Be2 h6,10,
1718,1972,black,180+0,e4 Nc6 d4 e5 dxe5 Nxe5 Nf3 Qf6 Nxe5 Qxe5,10,
1700,1335,white,180+0,d4 d5 Nc3 Bf5 Bf4 e6 Nb5 Na6 a3 c6,10,
1402,911,white,300+15,d4 Nf6 c4 e6 a3 Nc6 d5 exd5 cxd5 Na5,10,
1669,1609,black,660+6,e4 d5 exd5 Qxd5 Nc3 Qd8 Nf3 e6 Bc4 Nf6,10,
1662,1736,black,60+0,e4 c6 Bc4 d5 exd5 cxd5 Bb5+ Bd7 Bxd7+ Nxd7,10,
1271,1465,black,240+3,Nf3 c5 Nc3 d5 d4 e6 dxc5 Bxc5 e3 a6,10,
1841,1718,white,420+0,e4 e5 Nf3 Nc6 d4 exd4 Bb5 Bc5 O-O Nge7,10,
1916,1755,white,180+0,d4 g6 c4 Bh6 Bxh6 Nxh6 Nc3 O-O e4 Kg7,10,
1415,1699,black,60+0,e4 c5 Bb5 a6 Bc4 d6 Bd5 e6 Bc4 Nf6,10,
1929,1952,black,180+3,e4 c5 Nf3 Nc6 d4 cxd4 Nxd4 g6 Nc3 Bg7,10,
1790,1947,white,180+2,e4 c6 d4 d5 Nc3 dxe4 Nxe4 Nf6 Nxf6+ gxf6,10,
1488,1470,white,1800+0,e4 e5 Nf3 Nc6 Bc4 Bc5 c3 d5 Bxd5 Bg4,10,
1660,1399,black,480+4,e4 e6 a3 d5 exd5 exd5 Qh5 Nf6 Qe5+ Be7,10,
1611,1557,black,420+8,e4 e5 c4 c5 Nc3 d6 Nf3 Nc6 Be2 a6,10,
1680,1448,white,0+1,c3 e5 b3 Nf6 Bb2 Nc6 Qc2 Be7 e3 O-O,10,
1879,1976,black,180+0,e4 Nc6 Nf3 e5 d4 exd4 Bc4 Nf6 e5 d5,10,
1749,1925,white,180+0,d4 d5 g3 Nf6 Bg2 c6 e4 dxe4 Bg5 Bf5,10,
1683,1482,black,600+0,d4 d5 g3 Nf6 Bg2 e6 Nf3 Bd6 Nc3 h6,10,
1654,1646,white,300+8,e4 Nc6 d4 d5 exd5 Qxd5 Nf3 Bg4 Nc3 Bxf3,10,
1703,1692,black,0+1,d4 e6 c4 d5 Nc3 dxc4 e3 c6 Bxc4 b5,10,
1657,1848,white,300+5,e4 c5 Nf3 Nc6 d4 cxd4 Nxd4 d6 Nc3 g6,10,
1654,1486,white,840+8,d4 d6 Nf3 Nc6 Bf4 g6 e3 Bg4 Be2 Qd7,10,
1652,1791,black,60+0,e4 e5 Bc4 Nc6 Nf3 Bc5 d3 h6 O-O d6,10,
1471,1596,white,240+3,e4 e6 f4 d5 e5 Nh6 Nf3 c5 Bb5+ Bd7,10,
1984,2074,white,60+0,e4 c5 Nf3 e6 d4 cxd4 c3 a6 cxd4 b5,10,
1412,1309,white,480+8,e4 e5 Nf3 d6 Nc3 c5 d3 Nc6 b3 Nd4,10,
1560,1555,black,300+3,d4 d5 c4 c6 Nc3 e6 Bf4 Nf6 h3 Be7,10,
1779,1604,white,180+3,e4 e5 Nf3 Nc6 Bb5 d6 O-O Bg4 h3 Bh5,10,
1293,1501,black,300+12,e4 d5 d3 dxe4 dxe4 Qxd1+ Kxd1 Nf6 Nc3 e5,10,
1686,1543,white,300+5,c4 e6 Nc3 c5 e4 a6 Nf3 Nc6 Be2 b6,10,
1330,1416,white,600+8,d4 d6 e4 Nc6 Nf3 a6 h3 h6 c3 Nf6,10,
1799,1645,white,60+0,d4 d5 c4 dxc4 Nc3 b5 Nf3 b4 Nb1 c3,10,
1985,1794,white,180+0,e4 g6 d4 Bg7 f4 b6 Nf3 Bb7 Bd3 d6,10,
1741,1743,white,300+8,e4 g6 d4 Bg7 Nc3 f6 Nf3 Nh6 h3 O-O,10,
1903,1765,black,180+0,d4 d5 c4 dxc4 e3 a6 Bxc4 g6 Nf3 Bg7,10,
1637,1805,black,60+0,e3 e5 d3 d6 Be2 c5 Bd2 Nc6 c3 b6,10,
1634,1524,black,300+8,e4 e6 e5 d6 Nf3 Nc6 Bb5 Bd7 Bxc6 Bxc6,10,
1788,1991,white,180+0,g3 d5 Bg2 e5 b3 c5 Bb2 Nc6 e3 Nf6,10,
1812,1631,draw,60+0,e4 g6 d4 Bg7 Nf3 e6 c4 d6 Nc3 Bd7,10,
1645,1459,white,600+8,e4 Nf6 e5 Nd5 c3 Nc6 Nf3 d6 Qb3 dxe5,10,
1962,1919,white,180+3,d4 d5 c4 e6 Nc3 Nf6 Nf3 c6 Bg5 Be7,10,
1404,1332,black,1740+30,d4 d5 c4 e6 a3 c5 e3 cxd4 exd4 Nf6,10,
1370,903,white,300+15,d4 Nc6 d5 Nb4 c3 e5 cxb4 Bxb4+ Nc3 c6,10,
1570,2000,black,60+0,d3 d6 e3 c6 f3 g6 Ne2 Bg7 Ng3 Nf6,10,
1636,1806,black,60+0,e4 e5 Bc4 Nc6 Qf3 Qf6 Nh3 Bc5 Qxf6 Nxf6,10,
1546,1629,white,480+5,d4 b5 e4 b4 Bd2 e6 Nf3 Bb7 c3 a5,10,
1708,1657,white,240+0,d4 Nf6 c4 e6 Nc3 d5 e3 a6 a3 b6,10,
1910,1972,black,180+3,e4 c5 Nf3 Nc6 d4 cxd4 Nxd4 g6 Nc3 Bg7,10,
1566,1530,white,300+0,e4 e5 f4 exf4 Nf3 h6 Bc4 g5 Ne5 d5,10,
1620,2002,black,60+0,d4 d6 e3 c6 g3 g6 Bg2 Bg7 Ne2 Nf6,10,
1486,1425,white,240+3,e4 e5 Nf3 f6 d4 exd4 Nxd4 Bc5 Qh5+ g6,10,
1813,1630,white,60+0,d4 g6 c4 Bg7 Nc3 e6 Nf3 d6 Bg5 Bd7,10,
1711,1586,black,300+3,e4 e5 Nf3 Nc6 Bc4 Bc5 Nc3 Nf6 O-O d6,10,
1794,1785,white,180+0,d4 Nf6 g3 e6 b3 Be7 Ba3 O-O Bxe7 Qxe7,10,
1776,1918,white,1200+0,e4 d5 exd5 Qxd5 Nc3 Qe5+ Qe2 Qf6 d4 e6,10,
1598,1586,white,360+6,e4 e5 d4 exd4 c3 dxc3 Bc4 cxb2 Bxb2 d6,10,
1420,1391,white,1740+30,e4 e5 Nf3 Nc6 Nc3 a6 d4 exd4 Nxd4 Ne5,10,
1973,1805,white,180+0,e4 g6 d4 Bg7 f4 b6 Nf3 Bb7 Bd3 e6,10,
1623,1819,black,60+0,e3 e5 d3 d5 Be2 Nc6 Bd2 Bc5 c3 Bf5,10,
1979,1618,draw,120+0,e4 d5 d4 dxe4 Nc3 e6 f3 Be7 fxe4 Nf6,10,
1689,1326,white,0+1,c3 e6 b4 d5 Bb2 Nc6 a3 Bd7 b5 Nf6,10,
1579,1337,black,300+0,e4 e5 Nf3 Nc6 d4 exd4 Nxd4 g6 Be2 Bg7,10,
1619,1622,white,480+5,d4 e6 h3 c5 c3 Nc6 Nf3 Qf6 a3 h6,10,
1561,1615,black,480+5,d4 b5 c4 b4 e4 Bb7 Bd3 e6 Bd2 a5,10,
1676,1458,white,1800+8,d4 d5 c4 c6 Nc3 e6 e3 b6 Nf3 c5,10,
1397,1344,black,600+8,e4 c5 Nc3 e6 d4 Nf6 dxc5 Bxc5 Nf3 Ng4,10,
1694,1419,white,0+1,d3 e5 b4 Nf6 c3 d5 a3 Nc6 Bb2 d4,10,
1701,1824,white,0+1,b3 e5 Bb2 d5 c4 Nc6 e3 d4 e4 f5,10,
1656,1844,black,660+6,e4 Nc6 Nf3 e5 Bc4 Be7 d3 Nf6 Bb5 a6,10,
1617,1611,white,60+0,e4 Nf6 Bc4 e6 e5 Ne4 f3 d5 fxe4 dxc4,10,
1501,1725,black,600+0,c4 e5 e4 Nf6 Nc3 Bb4 d3 Bxc3+ bxc3 O-O,10,
1686,1292,white,540+14,e4 c5 d4 cxd4 Qxd4 Nc6 Qc3 e5 Bb5 d5,10,
1627,1969,white,120+0,d4 Nf6 e3 g6 Nf3 Bg7 Be2 d6 O-O O-O,10,
1579,1500,black,300+0,d4 d5 c4 c6 Nc3 Nf6 Bg5 Be6 c5 b6,10,
1775,1804,white,180+0,e4 d5 exd5 Qxd5 Nf3 Qe4+ Be2 Bg4 O-O Bxf3,10,
1387,1602,white,900+8,e4 c6 d4 d6 Nc3 Nf6 Bf4 Bg4 f3 Bc8,10,
1442,2126,black,120+0,e4 e6 Nf3 b6 d3 Bb7 Be3 c5 Be2 d5,10,
1600,1629,white,60+0,e4 g6 f4 Bg7 Nf3 e6 d4 d6 c4 c6,10,
1728,1809,black,0+1,b3 e5 Bb2 d5 e3 Nc6 d3 f5 c4 Nf6,10,
1767,1658,black,240+0,d4 d5 c3 Bf5 Nd2 e6 Ngf3 Nf6 g3 h6,10,
1743,1500,white,1800+5,e4 c5 Nf3 Nc6 d4 d6 dxc5 dxc5 Qxd8+ Nxd8,10,
1713,1818,black,0+1,b3 d5 Bb2 e5 e3 e4 g3 Nf6 d4 c5,10,
1931,1892,black,180+2,d4 d5 c4 c6 Nc3 Nf6 Nf3 e6 cxd5 exd5,10,
1648,1717,black,240+0,e4 e5 Bd3 Nc6 c3 d6 Bc2 f5 d4 Nf6,10,
1566,1542,white,300+3,d4 d5 Nc3 e6 Nf3 Bb4 Bg5 f6 Bh4 Ne7,10,
1618,1281,white,1200+10,e4 c5 Qh5 e5 Bc4 g6 Qxe5+ Qe7 Qxh8 Qxe4+,10,
1616,1612,white,60+0,e4 Nf6 Bc4 e6 d3 d5 Bg5 Be7 Bxf6 Bxf6,10,
1700,1826,black,0+1,c3 d5 b3 e6 Bb2 c5 Qc2 Nf6 d4 c4,10,
1691,1551,black,540+14,e4 e6 d4 d5 e5 c5 Nf3 Nc6 Bb5 Bd7,10,
1947,1647,white,120+0,e4 d5 d4 dxe4 Nc3 Nf6 f3 e6 Nxe4 Nxe4,10,
1525,895,white,300+15,e4 e5 Nf3 Nf6 Nxe5 Nxe4 d3 Bb4+ c3 Nxc3,10,
1793,1979,black,180+0,d4 d5 g3 Nc6 h4 Bg4 Bh3 Qd7 Bxg4 Qxg4,10,
1643,1951,black,120+0,d4 Nf6 b3 d5 Bb2 c5 Nd2 cxd4 Bxd4 Nc6,10,
1436,1297,white,300+0,e4 e5 Qf3 Nf6 Bc4 c5 Nh3 b6 Ng5 Rg8,10,
1696,1836,white,300+3,e4 d5 exd5 Qxd5 Nc3 Qd8 Nf3 g6 Bc4 Bg7,10,
1601,1628,white,60+0,e4 e6 f4 d6 Nf3 Bd7 d4 Bc6 Bd3 Be7,10,
1396,1381,white,1740+30,e4 e5 Nf3 Nc6 Bc4 h6 d3 a6 Nc3 Bc5,10,
1688,1834,black,0+1,b3 e5 Bb2 d5 c4 d4 e3 c5 exd4 exd4,10,
1201,1313,white,180+4,e3 c5 g3 d5 Bg2 Nf6 b3 Nc6 Bb2 Bg4,10,
1549,1660,white,180+3,d4 b6 e4 Bb7 d5 g6 b4 Bg7 c3 d6,10,
1955,1640,white,120+0,e4 d5 d4 dxe4 Nc3 e6 f3 exf3 Nxf3 Nf6,10,
1518,1534,white,600+0,e4 e5 Nf3 Nc6 Bc4 Nf6 d3 d5 exd5 Nxd5,10,
1615,1613,black,60+0,e4 c5 Bc4 Nc6 Nf3 e6 Bb5 Nce7 O-O a6,10,
1721,1513,white,300+0,e4 e5 d4 d6 Nf3 Nc6 Bc4 Nf6 Bg5 Be7,10,
1503,1439,white,300+5,e4 c5 Bc4 d6 Qf3 Nc6 Qxf7+ Kd7 Qe6+ Kc7,10,
1901,1918,black,180+2,d4 f5 c4 Nf6 Nc3 d6 Nf3 g6 g3 Bg7,10,
1787,1726,white,180+0,d4 f5 g3 Nf6 Bg2 d5 Bg5 e6 Bxf6 Qxf6,10,
1625,1660,white,840+8,e4 c5 Qh5 Nf6 Qxc5 Nxe4 Qd4 Nf6 Nf3 Nc6,10,
1636,1958,black,120+0,d4 Nf6 g3 d5 Bg2 Bf5 c4 e6 c5 Be7,10,
1496,1648,black,600+0,c4 c5 a3 Nc6 d3 g6 Bd2 Bg7 Bc3 Nf6,10,
1782,1513,black,180+1,e4 e5 d3 h6 Nf3 Nc6 Be2 Nf6 O-O Bc5,10,
1576,1563,white,300+3,e4 e5 Nf3 d6 Nc3 b6 d4 Bb7 dxe5 dxe5,10,
1929,1811,white,180+2,d4 d5 c4 dxc4 Nf3 e6 e3 b6 Bxc4 Bb7,10,
1192,1357,black,420+6,e4 c5 Nc3 e6 d3 Nc6 Nf3 d5 exd5 exd5,10,
1577,1613,draw,300+0,e4 e5 Bc4 d6 f4 exf4 Nf3 g5 e5 dxe5,10,
1621,1589,white,60+15,e4 e5 Nf3 Nc6 c3 d5 exd5 Qxd5 h3 Qe4+,10,
1499,1300,white,1500+8,e4 e5 Nf3 Nc6 Bc4 Bc5 Nc3 Nf6 O-O O-O,10,
1577,1608,black,360+6,d4 d5 c4 e6 Nc3 Nc6 a3 Nf6 Nf3 Bd6,10,
1384,1497,black,420+8,e4 e5 Nf3 Nc6 Bb5 d6 Bxc6+ bxc6 O-O Ba6,10,
1515,1509,white,420+4,d4 g6 c4 Bg7 Nc3 e6 e4 Ne7 d5 O-O,10,
1693,1500,black,600+0,e4 e5 Bc4 Nf6 Nf3 Nxe4 Qe2 d5 Bb3 f6,10,
1981,1799,white,180+0,d4 g6 c4 Bg7 Nc3 b6 e4 Bb7 Nf3 d6,10,
1664,1693,black,180+4,e4 c6 d4 d5 Nc3 dxe4 Nxe4 Bf5 Ng3 Bg6,10,
1526,1585,black,900+8,e4 c6 d4 d6 c4 Nf6 Nc3 Bg4 f3 Bc8,10,
1565,1642,white,480+0,d4 d5 c4 b6 b3 e6 Nf3 h6 e3 Nf6,10,
1717,1796,black,180+0,d4 d5 f4 b6 Nf3 Bg4 e3 Bxf3 Qxf3 c6,10,
1754,1727,white,240+0,d4 e5 dxe5 d5 exd6 Bxd6 Nf3 Bg4 g3 Nc6,10,
1891,1987,black,180+3,d4 d5 c4 e6 Nc3 Nf6 Bg5 Be7 e3 Nbd7,10,
1781,1746,black,300+8,e4 Nc6 d4 d5 exd5 Qxd5 Nf3 Nf6 Nc3 Qd8,10,
1794,1500,white,120+0,e4 e5 d3 Nc6 Nf3 h6 Be2 Be7 O-O Nf6,10,
1484,1134,white,360+0,e4 e5 Nf3 d6 d4 g6 dxe5 Bg4 Bc4 Nc6,10,
1651,1525,white,600+8,e4 d5 e5 e6 c4 c6 Nf3 b5 cxd5 Qxd5,10,
1630,1966,black,120+0,e4 c5 d4 cxd4 Qxd4 Nc6 Qd1 e5 Nf3 Nf6,10,
1662,1268,white,1200+10,d4 d5 e3 Nc6 Nc3 Bf5 a3 e6 Bb5 Qd7,10,
1552,1587,black,300+3,d4 d5 e3 e6 b3 a5 Bb2 Nf6 Nf3 Nbd7,10,
1798,1682,white,600+0,e4 e5 Nf3 Nc6 Bc4 Bc5 d3 Nf6 Bg5 O-O,10,
1500,1616,black,300+8,e4 e5 Nf3 Nc6 d4 exd4 Nxd4 Nxd4 Qxd4 c5,10,
1622,1410,black,60+0,e4 e5 Bc4 Nc6 Nf3 Nh6 d3 d6 Bxh6 gxh6,10,
1292,1411,black,420+8,e4 g6 Nf3 d6 b3 Bg7 Nc3 Nf6 Bc4 e6,10,
1962,1633,white,120+0,e4 d5 d4 dxe4 Nc3 a6 Nxe4 b5 Nf3 Bb7,10,11712.28
1711,1419,white,300+3,e4 e5 Nf3 Nc6 Bc4 Bc5 O-O Nf6 c3 Nxe4,10,
1812,1646,white,540+1,e4 Nc6 f4 d5 e5 Bf5 Nf3 e6 Bb5 Qd7,10,
1804,1708,black,180+0,d4 f5 g3 Nf6 Bg2 h6 a4 d5 Nc3 e6,10,
1606,1500,black,60+0,e4 c6 Bc4 d6 Qf3 d5 exd5 cxd5 Bxd5 e6,10,
1530,1621,white,600+3,e4 e5 Bc4 Nc6 Nf3 h6 h3 Nf6 d3 d6,10,
1427,1627,white,120+1,e4 d5 Nf3 dxe4 Nh4 Nf6 g3 e6 Bg2 Be7,10,
1620,1571,white,300+8,e4 e5 Nf3 f5 Nxe5 Qf6 Qh5+ g6 Nxg6 hxg6,10,
1596,1614,white,60+0,e4 d5 e5 d4 f4 c5 Bb5+ Bd7 Qe2 Bxb5,10,
1711,1477,black,600+0,e4 e5 Nf3 Nc6 Bc4 h6 Nc3 Bc5 d3 d6,10,
1678,1526,black,60+15,e3 e5 Bc4 d5 Bb3 Nf6 h3 c5 c3 Nc6,10,
1995,1883,white,180+3,d4 Nf6 c4 g6 Nc3 d5 Nf3 Bg7 Bg5 c6,10,
1690,1660,white,0+1,d4 e6 c4 b6 Nc3 Bb7 e3 g6 Nf3 Bg7,10,
1722,1791,white,180+0,d4 d5 f4 e6 e3 Bd6 Bd3 h5 Nf3 h4,10,
1690,1891,white,300+6,e4 c6 Bc4 d5 exd5 cxd5 Bb3 e5 d3 Nc6,10,
1791,1722,white,180+0,d4 f5 Nc3 Nf6 Bg5 e6 Bxf6 Qxf6 e4 fxe4,10,
1500,1410,white,300+8,e4 e6 e5 c5 d4 cxd4 Qxd4 d6 exd6 Bxd6,10,
1677,1735,black,0+1,c3 c6 Qc2 d5 e3 e6 Bd3 Nf6 h3 Be7,10,
1601,1700,white,0+1,d4 c5 e3 cxd4 Qxd4 Nc6 Qd1 Nf6 Nf3 e6,10,
1716,1654,white,300+0,e4 c5 Nf3 d6 d4 cxd4 Nxd4 Nf6 Nc3 a6,10,
1290,1578,white,420+0,d4 e6 e4 d5 Qe2 dxe4 Qxe4 Nf6 Qe2 Be7,10,
1716,1663,black,300+5,e4 e5 Nf3 Nf6 Nxe5 d6 Nf3 Nxe4 Qe2 Qe7,10,
1862,1831,white,600+0,e4 e5 Nf3 Nc6 Bb5 Bc5 Bxc6 dxc6 d3 Nf6,10,
1763,1764,white,240+0,d4 d6 c3 e6 Nf3 Nc6 g3 Nf6 Bg2 Bd7,10,
1744,1419,black,300+8,e4 d6 d4 c5 dxc5 dxc5 Qf3 e6 Nh3 h6,10,
1640,2127,black,120+0,e4 c6 d4 d5 Nc3 g6 f4 Bg7 Nf3 Bg4,10,
1665,1416,white,0+1,c3 b6 d4 Bb7 f3 g6 e4 Bg7 Qc2 e6,10,
1489,1718,black,600+0,c4 e5 d4 e4 Nc3 f5 a3 g5 h4 g4,10,
1608,1443,white,60+0,e4 Nf6 e5 Ne4 f3 Nc5 d4 Na4 Bb5,9,
1567,1663,black,60+15,d4 e6 c4 d5 Nc3 a6 Nf3 dxc4 e4 b5,10,
1626,1374,black,0+1,f3 d6 e4 e6 b3 b6 Bb2 Be7 d4 Bb7,10,
1616,1837,black,60+1,d4 d5 e3 c6 Nf3 Nf6 Be2 Bg4 O-O Bxf3,10,
1511,1315,white,300+5,d4 e6 e3 Nf6 c4 d5 c5 Nc6 Bb5 Bd7,10,
1672,1395,black,0+1,b3 d6 Bb2 e6 c4 Bd7 e3 Bc8 g3 Nd7,10,
1516,1644,black,300+5,e4 c5 d4 cxd4 Qxd4 Nc6 Qa4 Nf6 Bb5 a6,10,
1353,1614,black,60+0,d4 g6 Nf3 Bg7 Nc3 d6 d5 Bd7 e4 Bxc3+,10,
1650,1568,white,660+6,e4 e6 d4 d5 exd5 exd5 Nc3 Nf6 Bg5 Be6,10,
1414,1747,white,1800+5,e4 c5 Nf3 Nc6 Bc4 e6 c3 a6 d4 b5,10,
1606,1639,black,0+1,b3 d5 Bb2 c5 c3 Nc6 Qc2 e5 b4 cxb4,10,
1411,1684,black,60+0,e4 c5 Bb5 a6 Bc4 d6 Bd5 e6 Bc4 Nf6,10,
1675,1703,black,300+5,e4 e5 f4 exf4 Nf3 d6 Bc4 Nc6 d4 Be7,10,
2128,2004,white,60+0,d4 d6 Nf3 c6 c4 g6 Nc3 Bg7 e4 Nf6,10,
1310,1602,black,180+0,d4 d5 Nf3 Nf6 Nc3 g6 e3 Bg7 h3 O-O,10,
1639,1413,white,240+3,e4 e6 Nf3 d5 e5 c5 c3 Nc6 d4 Qb6,10,
1786,1772,white,180+3,e4 e5 Nf3 Nc6 Bb5 Nf6 O-O a6 Ba4 b5,10,
1662,1507,white,240+3,c4 b6 Nc3 Bb7 d4 g6 e4 Bg7 d5 c6,10,
1619,1416,white,60+0,e3 d6 d3 e6 Be2 b6 Bd2 Bb7 f3 Be7,10,
1348,1276,white,180+0,c4 e5 e4 Nf6 Nc3 Nc6 g3 d6 Bg2 Bg4,10,
1649,1594,white,0+1,e4 f6 d4 e6 c4 Be7 Nc3 d6 Bf4 g5,10,
1713,1500,black,240+0,d4 d5 f4 c6 e3 Bf5 Bd3 Bg6 Nf3 Nf6,10,
1640,1818,black,540+1,e4 Nf6 e5 Nd5 d4 d6 a3 Nc6 Nf3 dxe5,10,
1696,1658,black,60+2,e4 d5 e5 e6 f4 c5 Nf3 Qb6 d3 Nc6,10,
1516,1258,white,600+8,e4 c5 d4 cxd4 Qxd4 Nc6 Qd1 e5 Nf3 Bc5,10,
1410,1624,black,60+0,e4 d5 exd5 Qxd5 Nc3 Qd8 d3 Bd7 Be3 Qc8,10,
1635,1500,white,300+8,e4 e5 Nf3 Nc6 d4 d6 d5 Nce7 Bd3 c6,10,
1778,2059,black,180+0,d4 c6 g3 d5 Bh3 g6 Bxc8 Qxc8 c3 Bg7,10,
1526,1569,black,420+0,d4 c6 c4 d5 Nc3 Nf6 Bg5 Nbd7 e3 e6,10,
1644,1567,black,0+1,c3 e5 b4 d5 Bb2 Nf6 e3 Nc6 h3 Be6,10,
1577,1505,white,300+8,d4 c5 c3 d5 Nf3 Na6 Bf4 Bf5 e3 Bxb1,10,
2063,1774,white,180+0,d4 d5 Nf3 b6 e3 Ba6 b3 Bxf1 Rxf1 h5,10,
1602,1620,black,600+0,e4 e5 d4 exd4 Qxd4 Nc6 Qe3 Nf6 Nc3 Bb4,10,
1500,1669,white,240+3,g3 c5 Bg2 Nc6 b3 d6 Bb2 Bd7 e3 Nf6,10,
1606,1542,white,180+0,e4 e6 d4 d5 e5 b6 Nf3 Bb7 Bg5 Nd7,10,
1546,1442,white,120+17,d4 d5 Bf4 Nc6 e3 f6 Nf3 g5 Bg3 h5,10,
1515,2002,black,60+0,e4 d6 Nf3 c6 d4 g6 Be2 Bg7 O-O Nf6,10,
1377,1400,white,420+8,e4 Nf6 e5 Ne4 d4 Nc6 Bb5 Na5 Bd2 c6,10,
1630,1404,white,60+0,e4 d6 Bc4 e6 Nf3 b6 Be2 a6 d4 Bb7,10,
1556,1648,black,840+8,e4 c5 Nf3 e6 c3 Nc6 Bc4 d6 d3 Nf6,10,
1798,1996,black,60+0,e4 d6 d3 c6 Nf3 g6 Be2 Bg7 O-O Nf6,10,
1659,1628,draw,660+6,e4 e5 Nf3 Nc6 Bc4 Bc5 d3 h6 h3 Nd4,10,
1725,1985,black,300+0,e4 Nc6 d4 e5 Nf3 exd4 c3 d5 e5 f6,10,
1623,1463,white,0+1,c3 e5 d4 Nc6 d5,5,
1782,1796,black,180+3,d4 Nf6 c4 e5 Nc3 exd4 Qxd4 Nc6 Qd1 Bc5,10,
1671,1683,black,60+2,e4 e5 f4 d6 Nf3 f5 fxe5 fxe4 exd6 exf3,10,
1515,1651,draw,360+5,d4 e6 c3 d5 b4 Bd6 e3 Nf6 f3 e5,10,
1735,1616,white,180+0,e4 e5 Nf3 Nc6 Nc3 Nf6 d4 exd4 Nxd4 Be7,10,
1364,1345,draw,900+10,d4 b6 Nc3 Bb7 e4 Nf6 f3 c5 dxc5 bxc5,10,
1581,1424,white,120+0,b3 d5 Bb2 Nf6 e3 Nc6 f4 e6 Nf3 Bd6,10,
1238,1300,black,480+8,e3 e6 Nc3 e5 Qh5 Nc6 Bb5 g6 Qf3 Nf6,10,
1398,1635,white,60+0,e4 d5 exd5 Qxd5 Nc3 Qd8 Bc4 e6 Ne4 f5,10,
1633,1822,black,0+1,c3 d5 d4 e5 e3 Nc6 dxe5 Nxe5 f4 Nc6,10,
1770,1814,black,180+0,d4 d5 g3 c6 Bg2 Nf6 Nf3 e6 Bg5 Be7,10,
1821,1873,draw,600+0,e4 e6 d4 d5 e5 c5 c3 Nc6 Nf3 Qb6,10,
1616,1419,black,60+0,e3 d6 d3 b6 Be2 Bb7 Bd2 Bxg2 Bf3 Bxh1,10,
1555,1376,white,120+17,d4 e5 dxe5 Qe7 Nf3 Nc6 e6 Qxe6 e3 Qe7,10,
1684,1438,white,300+8,e4 g6 d4 d6 Nc3 Bg7 Nf3 Nd7 Be3 Ngf6,10,
1792,1321,white,120+0,e4 e6 d3 d5 Nf3 c5 exd5 exd5 Be2 Be7,10,
1824,1634,white,540+1,c4 d5 cxd5 Qxd5 Nc3 Qf5 Nf3 h6 e4 Qc5,10,
1341,1401,black,660+8,e4 d5 exd5 Nf6 c4 c6 dxc6 Nxc6 b3 e5,10,
1674,1703,black,300+5,e4 c6 Nf3 d5 exd5 cxd5 d4 Bf5 Bd3 Bg6,10,
1496,1586,black,300+8,e4 e5 d4 exd4 Qxd4 Nc6 Qa4 d6 Bb5 Bd7,10,
1694,1660,white,60+2,e4 d5 exd5 Qxd5 Nc3 Qa5 d4 Nf6 f4 Nc6,10,
1438,1598,white,60+0,e4 g6 Bc4 Bg7 d3 e6 a3 Nc6 c3 Na5,10,
1410,1198,black,0+5,g3 h6 Bg2 Nf6 c3 d6 d3 e5 b4 Be7,10,
1718,1494,white,600+0,e4 b6 d4 Bb7 Nc3,5,
2004,1880,white,60+0,e4 d5 exd5 Qxd5 d4 Qe6+ Be3 c6 Be2 Nf6,10,
1302,1423,black,720+0,d4 Nf6 f3 d5 g4 Nc6 e3 e6 Bb5 Bd7,10,
1711,1693,black,300+8,e4 e5 Nf3 Nc6 d4 d6 d5 Nce7 Bc4 h6,10,
1929,1763,white,180+0,e4 d5 exd5 Qxd5 Nc3 Qe5+ Qe2 Qxe2+ Bxe2 c6,10,
1584,1457,white,0+1,f3 d6 e4 e6 b3 b6 Bb2 Bb7 g3 Be7,10,
1828,2058,black,60+0,d4 Nf6 c4 e6 Nc3 c5 Nf3 cxd4 Qxd4 a6,10,
1619,1631,white,360+6,e4 Nf6 e5 Nd5 Bc4 Nb6 Na3 Nxc4 Nxc4 d6,10,
1624,1448,white,0+1,c3 d6 b3 e6 Qc2 b6 Bb2 Nd7 d3 f6,10,
1630,1448,black,480+5,d4 d5 h3 Nc6 Nf3 Nf6 c3 e6 Bg5 Be7,10,
1581,1588,white,60+0,e3 e6 d4 d5 Be2 Nc6 Bd2 Nf6 e4 Bd6,10,
1650,1704,black,60+2,e4 e5 f4 f5 Bc4 exf4 Qh5+ g6 Qh3 fxe4,10,
1873,1793,white,60+0,d4 d6 Nf3 e6 g3 g6 Bg2 Bg7 O-O c6,10,
1658,1495,white,240+3,e4 c5 Nf3 b6 Bc4 e6 Nc3 a6 a4 Bb7,10,
1483,1665,black,600+0,c4 h5 d4 g6 f4 f5 Nf3 Nf6 e3 Nc6,10,
1592,1442,black,0+1,e3 d6 b3 e6 Bb2 b6 Be2 Bb7 Bf3 Be7,10,
1355,1465,black,180+0,c4 c6 e4 Nf6 Nc3 d5 d3 e5 cxd5 cxd5,10,
1774,1772,black,240+0,d4 f5 c3 Nf6 Nf3 e6 Nbd2 c6 g3 d5,10,
1721,1516,white,300+0,e4 b6 d4 Bb7 Nc3 g6 Nf3 Bg7 Be3 e6,10,
1628,1830,white,540+1,Nf3 Nc6 d4 d5 Bf4 Nf6 e3 Bg4 h3 Bh5,10,
1714,1641,white,60+2,e4 d5 e5 e6 f4 c5 Nf3 Qb6 d3 Nc6,10,
1575,1576,white,0+1,c3 e6 d4 d5 g3 Nc6 Bg2 g6 e4 Bg7,10,
1783,1788,white,60+1,e4 e5 d3 Nf6 Nf3 Nc6 Be2 d5 O-O dxe4,10,
1804,2014,black,60+0,d4 d6 c4 e5 Nc3,5,
1430,1753,black,600+0,e4 e5 Bc4 Nc6 Nc3,5,
1594,1487,white,300+8,d4 c5 d5 c4 Nc3 e6 e4 Bb4 Bxc4 Bxc3+,10,
1459,1525,black,60+0,e4 e5 Bc4 Nf6 d3 d6 a3 Be7 c3 O-O,10,
1660,1985,black,300+0,e4 e5 Nc3 Nc6 a3 d6 Bc4 Nf6 d3 Be7,10,
1560,1420,white,120+17,d4 d5 Bf4 Nc6 a3 e6 Nc3 Nf6 e3 Be7,10,
1948,2012,black,60+0,e4 d6 d4 c6 Nc3 g6 f4 Bg7 Nf3 Nf6,10,
1633,1449,white,0+1,c3 d6 b4 e6 Bb2 b6 d3 Nd7 g3 Be7,10,
1757,1418,white,180+0,d4 d5 Nf3 Nc6 h3 e6 e3 Nf6 c4 dxc4,10,
1488,1473,black,180+0,e4 e5 Nf3 Nc6 d4 exd4 Nxd4 Bc5 Nxc6 bxc6,10,
1871,1876,black,180+3,e4 c5 Nf3 d6 Bb5+ Bd7 a4 Nc6 O-O a6,10,
1798,1507,white,60+0,d4 d5 c4 dxc4 Nc3 e6 Nf3 Nc6 e4 g6,10,
1432,1293,black,720+0,e4 d5 e5 e6 c3 c5 Nf3 Nc6 d3 b6,10,
1587,1442,white,0+1,b3 d6 Bb2 e6 c3 f6 c4 c6 g3 b6,10,
1796,1318,white,120+0,e4 e6 d3 d5 Nf3 c5 e5 Nc6 Bf4 f6,10,
1721,1951,black,600+5,e4 e6 Nc3 b6 Nf3 Bb7 e5 d5 exd6 Bxd6,10,
1632,1723,white,60+2,e4 e5 f4 f5 exf5 exf4 Nf3 Qe7+ Be2 d6,10,
1615,1570,white,480+5,d4 c6 h3 d5 Nf3 Bf5 a3 h6 Bf4 e6,10,
1741,1783,white,300+2,e4 c6 d4 d5 e5 Bf5 Nf3 e6 Nc3 Ne7,10,
1641,1435,white,0+1,c3 e6 d3 b6 b3 Bb7 Bb2 Nc6 f3 d6,10,
1623,1578,white,600+10,e4 e5 f4 d6 fxe5 dxe5 Nf3 Nc6 Bc4 h6,10,
1504,1802,black,60+0,e4 e6 d4 c6 Nf3 d5 e5 f6 Bd3 f5,10,
1709,1646,white,60+2,e4 d5 exd5 Qxd5 Nc3 Qa5 d4 Nf6 f4 Nc6,10,
1775,1424,white,60+1,e4 e5 Nc3 Nf6 g3 Nc6 Bg2 Bc5 Nge2 O-O,10,
1575,1296,black,900+0,e4 e5 c4 c5 d3 Nc6 Nf3 d6 Na3 Bg4,10,
1760,1719,white,180+0,d4 Nf6 h3 e6 Nf3 c5 dxc5 Bxc5 e3 d5,10,
2023,1535,draw,60+0,e4 e5 d4 exd4 Nf3 Nc6 Bc4 Nf6 e5 Ng4,10,
1594,1429,white,0+1,c3 d6 b4 e6 Bb2 b6 a4 a5 b5 c6,10,
1562,1631,black,300+8,e4 e5 Nc3 Nf6 Nf3 Nc6 Bb5 d6 O-O Bd7,10,
1502,1477,black,360+0,e4 c5 d4 cxd4 Qxd4 Nc6 Qd1 b6 Nf3 Bb7,10,
1601,1422,black,0+1,b3 e6 Bb2 Nf6 g3 Be7 Bg2 O-O f4 c6,10,
1663,1665,black,300+5,e4 e5 Nf3 Nf6 Bc4 d6 O-O Be7 Re1 O-O,10,
1500,1563,white,120+0,e4 d5 exd5 Qxd5 Nc3 Qe6+ Be2 Qg6 Nf3 Bf5,10,
1732,1703,white,1800+5,e4 e5 Nf3 Nc6 d4 exd4 Nxd4 d5 Nxc6 bxc6,10,
1657,1771,white,300+0,e4 c6 Nc3 d5 a3 d4 Nce2 e5 Ng3 Bc5,10,
1715,1807,black,300+3,e4 e6 d4 d5 e5 c5 Bb5+ Nc6 Bxc6+ bxc6,10,
1391,1798,white,0+5,g3 d6 Bg2 e5 b3 Nf6 Bb2 Be7 d3 O-O,10,
1545,1406,black,120+0,e4 e5 Nf3 d6 Bc4 Nf6 Ng5 d5 exd5 Nxd5,10,
2011,2138,black,60+0,d4 c6 Nf3 d5 e3 g6 Bd3 Bg7 O-O Nf6,10,
1409,1779,white,60+1,e4 e5 Nf3 Nc6 Nc3 Bc5 d3 Nf6 Be2 d6,10,
1886,1936,black,180+2,d4 f5 c4 Nf6 Nc3 d6 g3 g6 Bg2 Bg7,10,
1411,1567,black,660+8,d4 d5 e4 e6 Nc3 Bb4 Nf3 dxe4 Ne5 Bxc3+,10,
1636,1718,white,60+2,e4 e5 f4 f5 exf5 exf4 Qh5+ Ke7 Nf3 Nf6,10,
1491,1759,black,60+0,d4 d5 e3 c5 f4 Nc6 Nf3 Nf6 c3 Bg4,10,
1727,1547,white,300+0,e4 e6 d4 d5 exd5 Qd7 dxe6 Qd6 exf7+ Ke7,10,
1549,1514,black,120+0,e4 c5 Bb5 a6 Bc4 b5 Bd5 Nc6 Bxc6 dxc6,10,
1710,1770,white,180+0,e4 d5 exd5 Qxd5 Nc3 Qe5+ Be2 Bg4 f3 Bf5,10,
1757,1513,white,60+1,e4 e5 Nc3 Nf6 g3 Nc6 Bg2 d5 exd5 Nd4,10,
1697,1569,white,300+8,e4 e5 Nf3 d6 Bc4 h6 d4 Nf6 dxe5 Nxe4,10,
1671,1757,black,300+0,e4 e5 Nc3 Nc6 a3 Bc5 g4 Qh4 Qe2 Nd4,10,
1643,1519,white,360+5,e4 e5 Qh5 d6 Bc4 g6 Qf3 Nf6 h3 a6,10,
1310,1229,black,480+8,e4 Nf6 e5 Nd5 d4 e6 c4 Ne7 c5 Nbc6,10,
1693,1458,draw,300+5,c4 d5 cxd5 Qxd5 Nc3 Qd8 Nf3 c6 d4 e6,10,
1881,1440,white,60+0,e4 d6 f3 e6 d3 b6 Bd2 Bb7 Nc3 Be7,10,
1574,1404,black,660+8,d4 d5 Nc3 c5 dxc5 Nc6 Nxd5 e6 Nc3 Bxc5,10,
1479,1602,black,300+8,d4 d5 c4 e6 cxd5 exd5 Qa4+ c6 e3 Nf6,10,
1584,1582,white,0+1,b3 g6 Bb2 e5 Bxe5 d6 Bxh8 Be7 Bb2 Nc6,10,
1774,2003,black,60+0,e4 d6 d4 c6 Nf3 g6 Be2 Bg7 c3 Nf6,10,
1424,1537,black,120+0,e4 d5 Nf3 dxe4 Ng5 Nf6 Bc4 Be6 Bxe6 fxe6,10,
1889,1874,white,300+15,e4 c6 g3 d5 Bg2 dxe4 Bxe4 Nf6 Bg2 Bf5,10,
1571,1526,black,120+1,d4 d5 c4 e6 Nc3 Ne7 Nf3 Nbc6 e3 g6,10,
1733,1541,white,300+0,e4 e6 d4 Be7 Nc3 Nc6 Nf3 d5 e5 Bb4,10,
1757,1722,black,180+0,d4 Nf6 a3 e6 Nc3 c5 d5 d6 dxe6 Bxe6,10,
1618,1485,white,180+0,e4 e5 f4 exf4 Nf3 Nc6 Bc4 Qf6 d4 Bd6,10,
1602,1602,white,300+8,e4 b6 d4 Bb7 d5 d6 f3 g6 Ne2 Bg7,10,
1731,1694,black,360+2,e4 b6 d4 Bb7 d5 c6 d6,7,
1946,1877,black,180+2,d4 d5 c4 e6 Nc3 Nf6 cxd5 exd5 Bg5 Bb4,10,
1706,1718,white,360+2,e4 d5 exd5 Qxd5 Nc3 Qxg2,6,
1814,1707,white,300+3,e4 e5 Nf3 Nc6 Bb5 Bc5 O-O Nf6 c3 O-O,10,
1707,1718,black,360+2,d4 b6 e4 Bb7 e5,5,
1242,1296,black,480+8,e3 e5 Nf3 e4 Nd4 c5 Nb5 d5 Qh5 Nf6,10,
1530,1662,black,600+10,e4 c5 Nf3 d6 Nc3 Bg4 Be2 Nc6 d4 Bxf3,10,
1382,1558,black,1740+30,d4 e6 c4 d5 a3 c5 Nc3 cxd4 Qxd4 Nc6,10,
1696,1729,black,360+2,e4 b6 d4 Bb7 g3,5,
1624,1494,white,480+5,d4 d5 h3 Nf6 Nf3 Bf5 a3 e6 Bg5 Be7,10,
1988,1752,black,180+0,e4 d6 Qh5 e5 Bc4 Qf6 d3 g6 Bg5 gxh5,10,
1180,1740,black,60+0,e4 c5 Qh5 d5 exd5 Nf6 Qf3 Qxd5 Qxd5 Nxd5,10,
1749,1321,white,360+2,e4 e6 f4 d5 e5 f6 d4 f5 Nf3 Be7,10,
1517,1429,black,300+0,d4 Nf6 e3 e6 Nf3 d5 c4 Bb4+ Bd2 Bxd2+,10,
1437,1214,white,360+0,e4 d6 Nf3 g6 d4 Bg7 Bd3 Nf6 O-O O-O,10,
1505,1575,black,1200+0,e4 e5 Nf3 Nc6 Nc3 Nf6 Bc4 Be7 a3 O-O,10,
1641,1714,white,60+2,e4 e5 f4 f5 exf5 Nf6 fxe5 Qe7 Nf3 d6,10,
1895,1545,white,120+0,e4 d5 exd5 Qxd5 Nc3 Qe6+ Qe2 Qg6 d3 Bg4,10,
1533,1576,black,300+3,e4 c5 Bc4 Nc6 Nf3 e6 c3 d5 exd5 exd5,10,
1704,1650,white,60+2,e4 d5 e5 e6 f4 c5 Nf3 Qb6 d3 Nc6,10,
1496,1561,black,900+0,Nf3 d6 d4 e6 e4 Nc6 Nc3 Nge7 Bd3 Ng6,10,
1650,1652,white,240+3,e4 c5 f4 Nc6 Nf3 d6 Bc4 Bg4 O-O Nf6,10,
1704,1355,white,60+0,e4 e6 d4 d5 exd5 exd5 c4 dxc4 Bxc4 Be7,10,
1312,1376,black,300+12,e4 e5 Qh5 Nc6 Bb5 g6 Qf3 Nd4 Qd3 Nf6,10,
1890,1933,white,180+2,e4 c6 d4 d5 exd5 cxd5 Nf3 Nf6 Bd3 g6,10,
2009,1768,black,60+0,e4 d6 d4 g6 Nc3 Bg7 Be3 Nf6 Be2 e6,10,
1641,1694,white,240+3,c4 c6 Nc3 d5 cxd5 cxd5 d4 Bd7 Bf4 e6,10,
1671,1565,white,60+15,e4 e6 d4 d5 e5 c5 c4 cxd4 Qxd4 Nc6,10,
1500,1741,white,60+0,e4 a6 d3 b5 Nc3 h6 Nf3 g5 Qd2 d6,10,
1532,1542,white,120+0,d4 d5 c4 dxc4 g3 Nd7 Nf3 Nb6 Bg2 Bg4,10,
1589,1476,black,1500+0,d4 d5 e3 c6 c4 e6 c5 b6 b4 bxc5,10,
1686,1259,white,300+5,c4 e5 Nc3 Nf6 e4 c6 Nf3 d6 Be2 Be6,10,
1700,1654,black,60+2,e4 d5 e5 e6 f4 c5 Nf3 Qb6 d3 Nc6,10,
1767,1511,white,180+2,e4 d5 d3 dxe4 dxe4 e5 Nc3 Bb4 Bd2 Nf6,10,
1988,1818,white,60+0,e4 d5 exd5 Qxd5 d4 Qa5+ Bd2 Qb6 Bc3 c6,10,
1699,1500,white,360+0,e4 e6 d4 d6 Bd3 Nd7 Be3 Ne7 f4 c6,10,
1495,1584,white,1200+0,e4 e5 Nf3 Nc6 Nc3 Nf6 Bc4 Be7 d3 a6,10,
1408,1213,white,420+8,e4 e5 Nf3 Nc6 Bb5 a6 Bxc6 bxc6 Nxe5 Nf6,10,
1920,1902,black,180+2,d4 d5 c4 e6 Nc3 Nf6 cxd5 exd5 Bg5 c6,10,
1652,1108,white,300+5,e4 c5 Nf3 Nc6 d4 Qa5+ Bd2 Qb6 dxc5 Qxb2,10,
1269,1386,white,720+0,e4 c5 Bc4 e6 d3 d5 exd5 exd5 Bb5+ Bd7,10,
1750,1676,black,300+5,d4 Nf6 Bf4 e6 e3 d5 a3 Be7 c4 c6,10,
1653,1319,white,300+5,e4 e6 Nf3 d5 Nc3 dxe4 Nxe4 Nf6 Nc3 Be7,10,
1530,1449,black,120+0,e4 c5 Bb5 Nc6 d3 e6 Nf3 d5 Bg5 Be7,10,
1699,1503,white,300+3,e4 e5 Nf3 d6 Bc4 Nf6 Nc3 h6 d4 exd4,10,
1666,1688,black,60+2,e4 e5 f4 d5 exd5 exf4 Nc3 Qh4+ Ke2 Nf6,10,
1238,1469,white,300+0,e4 e5 Nf3 Nc6 Nc3 Nf6 d3 h6 a3 d6,10,
1450,1676,black,300+0,e4 c5 Nf3 e6 Bc4 d5 exd5 exd5 Bb3 b5,10,
1713,1822,black,180+3,d4 Nf6 c4 e5 dxe5 Ng4 Nf3 Nc6 Bf4 Bc5,10,
1995,1934,white,60+0,e4 d5 exd5 Nf6 d4 Nxd5 c4 Nb6 Be3 g6,10,
1698,1656,white,60+2,e4 d5 exd5 Qxd5 Nc3 Qa5 d4 Nf6 f4 Nc6,10,
1326,1747,black,180+2,e4 e5 d4 exd4 Qxd4 Nc6 Qd1 Nf6 Nc3 Bc5,10,
1529,1916,black,120+0,e4 e5 Nf3 Nc6 Bc4 Nd4 Nxd4 exd4 d3 Nf6,10,
1913,1909,black,180+2,e4 c6 d4 d5 exd5 cxd5 Nf3 Nf6 Bd3 g6,10,
2013,1990,black,180+0,c4 e5 Nc3 Nc6 Nf3 f5 d4 e4 Ng5 Nf6,10,
1679,1496,white,60+15,e4 e5 Nf3 Nc6 Bc4 Nd4 c3 Nxf3+ Qxf3 Nf6,10,
1556,1569,white,900+0,d4 d5 c4 Be6 cxd5 Bxd5 Nc3 Bc6 d5 Bd7,10,
1641,1472,black,600+8,e4 e5 Qh5 Nc6 Bc4 Qf6 d3 g6 Qf3 Qxf3,10,
1631,1640,black,480+5,d4 Nf6 h3 e6 Nf3 c5 c3 Nc6 Bg5 cxd4,10,
1500,1852,black,300+8,e4 e5 Qh5 Nc6 Bc4 g6 Qf3 Qf6 Qd3 Bc5,10,
1750,1304,white,180+2,e4 e5 Nf3 d6 Nc3 a6 d4 exd4 Nxd4 Qh4,10,
1661,1208,white,300+0,e4 d6 d4 g6 b3 Bg7 Bb2 Nf6 Nd2 Nbd7,10,
1527,2006,black,60+0,e4 d6 Nf3 c5 d4 cxd4 Nxd4 g6 Be2 Bg7,10,
1553,1475,black,300+8,e4 e5 Nc3 Nc6 Nf3 Nf6 Bb5 d6 O-O Bd7,10,
1477,1300,white,300+12,c4 e5 e4 c6 a3 Qh4 Nc3 a5 Nf3 Qe7,10,
1523,1500,white,180+3,e4 e5 Nf3 d6 Bc4 h6 h3 Be6 Bb5+ c6,10,
1593,1414,white,60+0,e3 b6 d3 Bb7 Be2 g6 Bf3 Bxf3 Qxf3 c6,10,
1717,1657,white,600+8,e4 c6 d4 d5 e5 c5 c3 Nc6 Nf3 Qb6,10,
1346,1385,white,1740+30,e4 e5 c3 a6 d4 exd4 cxd4 d5 e5 Nc6,10,
1525,1922,black,120+0,e4 e5 Nf3 Nc6 Bc4 h6 d4 exd4 Nxd4 Bc5,10,
1737,1829,black,360+2,e4 e6 f4 Nh6 Nf3 Be7 h3 Bh4+ Ke2 O-O,10,
1705,1689,white,300+5,d4 Nf6 c4 e5 dxe5 Ng4 Nf3 Nc6 Bf4 Bc5,10,
1682,1443,white,300+0,e4 e5 Nf3 Nc6 Bb5 a6 Ba4 d6 O-O Bd7,10,
1649,1478,black,180+0,e4 e5 f4 Bc5 Nf3 exf4 d4 Bb6 Bxf4 d6,10,
1648,1391,white,0+1,c3 e6 d4 c6 b3 b6 Bb2 a5 Qc2 f6,10,
1540,1463,white,480+8,e4 e6 d4 Nf6 e5 Nd5 c4 Nb6 c5 Nd5,10,
1539,1587,white,300+3,e4 c5 g3 Nc6 Bg2 Nf6 Nc3 e6 Nf3 d5,10,
1600,1407,white,60+0,e4 b6 Bc4 Bb7 Qf3 e6 Nh3 h6 d3 g5,10,
1654,1500,white,0+1,c3 e5 e3 d6 b3 f5 Bb2,7,
1451,1257,black,300+0,e4 e5 d4 exd4 Qxd4 Nc6 Qd1 d6 h3 Nf6,10,
1656,1401,draw,300+5,e4 e5 Nf3 d6 d4 exd4 Nxd4 Be7 Bc4 Nf6,10,
1497,1704,black,300+3,e4 Nc6 d4 e5 d5 Nce7 c4 d6 Nc3 Ng6,10,
1662,1523,white,0+1,c3 e6 b4 Nf6 Bb2 d6 e3 Be7 g3 O-O,10,
1513,1596,white,180+1,e4 c6 Nf3 d5 e5 Bf5 c4 e6 d4 Ne7,10,
1963,2007,black,60+0,e4 d6 Nf3 c6 d4 g6 c3 Bg7 Bg5 Nf6,10,
1444,1346,white,900+10,e4 b6 Bc4 Bb7 d3 f5 exf5 Bxg2 Qh5+ g6,10,
1510,1511,white,180+0,e4 b6 d4 Bb7 Nc3 g5 Bxg5 f6 Bf4 h6,10,
1606,1515,black,60+0,e4 e5 Bc4 Nf6 d3 d6 Nf3 Be7 Ng5 O-O,10,
1510,1511,black,180+0,e4 b6 Bb5 Bb7 Qf3 c6 Bd3 g6 Ne2 Bg7,10,
1530,1573,black,240+3,e4 c5 Bc4 Nc6 c3 Nf6 Nf3 Nxe4 O-O d5,10,
1422,1373,black,420+8,e4 e5 Nf3 Nc6 Bb5 Bd6 Bxc6 dxc6 O-O Bg4,10,
1622,1569,black,600+8,e4 e6 e5 d5 d4 c5 Nf3 Nc6 Bb5 cxd4,10,
2018,1957,black,60+0,e4 e5 Nf3 Nc6 Bc4 Bc5 c3 d6 d4 exd4,10,
1530,1591,black,60+0,e4 g6 Nf3 Bg7 e5 e6 d4 Nc6 Nc3 Bh6,10,
1432,1500,white,0+1,e4 e5 d3 Nc6 Nd2 d6 Ngf3 Bg4 g3 Bxf3,10,
1432,1239,white,0+1,e4 d5 d3 dxe4 Nd2 exd3 cxd3,7,
1931,1835,white,0+2,e4 d5 exd5 e6 dxe6 Bxe6 Nf3 Nc6 Be2 Nf6,10,
1562,1664,black,600+0,e4 b6 Bc4 Bb7 d3 e6 Nc3 Nc6 Bd2 Nd4,10,
1708,1952,black,60+1,e4 e5 f4 exf4 h4 d6 Nf3 Nf6 d3 Be6,10,79.75
1689,1663,black,300+5,c4 e5 Nc3 Ne7 e4 Nbc6 d3 g6 Bg5 Bg7,10,
1442,1671,black,0+1,e4 g6 d3 Bg7 Nd2 e6 Ngf3 b6 g3 c6,10,
1541,1676,white,300+8,e4 e5 Nc3 Nc6 Nf3 Bc5 Nxe5 Nxe5 d4 Bxd4,10,
1293,1483,black,300+12,e4 d5 Qh5 Nf6 Qe5 Nxe4 Bb5+ c6 Bd3 Nd7,10,
1557,1550,black,900+0,e4 e6 c4 Nc6 d3 Bc5 Na3 Bxa3 bxa3 Nd4,10,
2004,1881,white,60+0,e4 c5 Nf3 d6 d4 cxd4 Nxd4 Nf6 Nc3 a6,10,
1089,1299,white,60+10,e4 e5 Qh5 Nc6 Bc4 Nh6 Ne2 Be7 O-O g6,10,
1837,2002,white,180+0,e4 Nc6 Nf3 e5 Bb5 f5 O-O fxe4 Bxc6 bxc6,10,
1522,1664,black,600+10,e4 e5 Nf3 Nc6 c4 Nf6 d3 Bc5 Be3 Bxe3,10,
1739,1521,white,180+0,e4 e5 d4 exd4 c3 dxc3 Bc4 cxb2 Bxb2 f6,10,
1601,1436,white,60+0,e4 e5 Bc4 d6 Nf3 Nd7 d4 Ngf6 Ng5 g6,10,
1437,1370,black,480+8,e4 c5 d4 e6 d5 exd5 exd5 d6 Qe2+ Qe7,10,
1676,1522,white,300+5,e4 b6 Bc4 Bb7 Qh5 g6 Qf3 Nf6 d3 e5,10,
1500,1360,white,180+0,d4 f5 Nc3 Nf6 Bf4 d6 Qd2 Nc6 f3 Be6,10,
1490,1535,white,240+8,d4 d5 e3 c6 c3 Nf6 Nd2 Nbd7 h3 e5,10,
1685,1417,white,60+15,e4 Nc6 d4 d5 e5 e6 c3 f6 Nf3 fxe5,10,
2012,1924,black,60+0,e4 Nc6 d4 e5 dxe5 Nxe5 f4 Nc6 Be3 Bb4+,10,
1608,1311,white,600+27,e4 e5 Nf3 f6 c3 d5 exd5 Qxd5 c4 Qc5,10,
1429,1607,black,60+0,e4 d5 d3 dxe4 dxe4 Qxd1+ Kxd1 Nc6 Nd2 Bg4+,10,
1349,2099,black,120+0,d4 d5 c4 e6 Nc3 f5 cxd5 exd5 Nf3 Nf6,10,
1492,1555,black,300+8,e4 e5 Nf3 f5 Nc3 fxe4 Nxe4 d6 d4 Nf6,10,
1422,1331,white,0+1,e4 b6 d3 c6 Nd2 d6 Ngf3 d5 g3 dxe4,10,
1516,1666,black,180+0,d4 d6 e4 Nf6 Nc3 g6 Bd3 Bg7 Nf3 O-O,10,
1938,1997,black,60+0,e3 e5 b3 d5 Bb2 Nc6 Nf3 Bd6 Bb5 f6,10,
1431,1707,black,60+0,e4 a6 d3 b6 Nd2 c6 Ngf3 d6 g3 e6,10,
1510,1500,white,1200+0,e4 c6 Nf3 d5 Nc3 Nf6 e5 Nh5 d4 Nf4,10,
1920,1852,black,180+2,d4 Nf6 c4 e5 dxe5 Ng4 Nf3 Nc6 Nc3 Ngxe5,10,
1619,1508,black,300+11,e4 e5 Nf3 Nc6 Bb5 Nf6 O-O Bd6 Nc3 O-O,10,
1520,1497,white,240+2,e4 e5 Nf3 Nc6 Bb5 Bc5 O-O Nf6 Re1 O-O,10,
1613,1717,white,60+0,e3 d6 d3 e6 Be2 Bd7 Bd2 Nf6 c3 Be7,10,
2063,1985,black,180+0,Nf3 Nc6 g3 e5 d3 d5 Bg2 Nf6 O-O Bd6,10,
1125,1406,black,300+0,e4 d5 e5 d4 Nf3 Nh6 c3 c5 Bc4 a6,10,
1286,1425,black,720+0,e4 b6 Qf3 Bb7 Bc4 Nf6 Nc3 e6 d4 d5,10,
1617,1535,white,180+0,d4 d5 Nc3 Nc6 Bf4 Nf6 Nb5 e5 dxe5 Ng4,10,
1874,2007,white,60+0,d4 d6 Nf3 c6 c4 g6 Nc3 Bg7 e4 Nf6,10,
1490,1671,black,600+0,c4 d5 cxd5 Qxd5 Nc3 Qd8 e4 e5 Nf3 Bd6,10,
1338,1453,white,900+10,g3 g6 Bg2 Bg7 d4 d6 g4 Nf6 g5 Nh5,10,
1665,1877,draw,180+1,e4 c6 d4 d5 exd5 cxd5 Nf3 Nf6 Bd3 Bg4,10,
1744,1676,black,180+0,d4 b6 g3 Bb7 Bg2 Bxg2 f3 Bxh1 Kf2 Nf6,10,
1789,1349,white,120+0,e4 e6 d3 d5 Nf3 c5 exd5 exd5 Be2 Nf6,10,
1647,1487,white,60+0,d4 d5 c4 e6 Nc3 b6 Nf3 Nc6 Bf4 Bb7,10,
1564,1509,white,300+8,e4 e5 Nc3 d6 Nf3 Qe7 Nd5 Qd7 Be2 h6,10,
1562,1546,black,900+0,e4 e5 Nf3 d6 d4 Nc6 d5 Nce7 Bd3 c6,10,
1522,1503,black,240+8,e4 c6 Nf3 e6 Bd3 h6 O-O a6 Re1 b5,10,
1695,1731,white,180+0,e4 d5 e5 d4 f4 e6 Nf3 c6 d3 h6,10,
1710,2010,white,300+3,e4 e5 Nf3 Nc6 Bc4 Nd4 O-O Nxf3+ Qxf3 Qf6,10,
1493,1651,white,300+5,d4 g6 Nf3 Bg7 c3 Nf6 Nbd2 a6 e4 d6,10,
1726,1242,white,300+3,e4 e5 Nf3 Nc6 Bc4 Nf6 Nc3 Nxe4 Bxf7+ Kxf7,10,
1441,1410,white,900+15,e4 e5 Nf3 Nc6 Bb5 Nge7 O-O d6 h3 a6,10,
1417,1683,white,240+0,e4 e5 Nf3 Nc6 d4 exd4 Nxd4 d6 Bb5 Bd7,10,
1991,1889,white,60+0,e4 c5 d4 cxd4 Nf3 Nc6 c3 dxc3 Nxc3 e6,10,
1461,1579,black,360+0,e4 c6 Nf3 d5 Nc3 Bg4 Be2 e6 d4 Bb4,10,
1999,2050,black,180+0,e4 Nc6 d4 e5 d5 Nce7 Bd3 Ng6 Be3 Bb4+,10,
1677,1496,black,0+1,b3 d6 c3 c5 Bb2 e5 e3 Be6 c4 Na6,10,
1679,1807,black,180+0,d4 d5 Nf3 Nf6 c4 c6 Bg5 e6 Nc3 dxc4,10,
1863,2150,black,600+5,d4 d5 c4 c6 Nc3 Nf6 Nf3 e6 Bg5 Be7,10,
1448,1689,white,60+0,e4 e5 d3 Nc6 Nd2,5,
2147,1312,white,120+0,d4 Nf6 Nf3 e6 c4 d5 Nbd2 dxc4 Nxc4 b6,10,
1656,1587,black,0+1,c3 e5 Qc2 Nc6 d3 d6 g3 f6 Bg2 Nge7,10,
1881,1999,black,60+0,e4 g6 d4 Bg7 Bf4 d6 Nf3 c6 Be2 Nf6,10,
1628,1791,black,120+0,d4 d6 c4 g6 Nc3 Bg7 Nf3 Nf6 Bg5 O-O,10,
1437,1582,white,300+8,e4 e6 d4 d5 f3 c5 Ne2 Nc6 exd5 exd5,10,
1639,1528,white,240+0,d4 d5 c4 c6 e3 Nf6 Nf3 e6 a3 Bd7,10,
1719,1874,white,180+0,d4 d5 e3 e6 g3 c5 Bg2 Nf6 dxc5 Bxc5,10,
1713,1713,white,180+0,d4 f5 c4 Nf6 Nc3 e6 Qc2 c6 e4 fxe4,10,
1770,2099,black,120+0,e4 c5 b4 cxb4 d4 e6 f4 d5 e5 f5,10,
1433,1278,white,720+0,e4 e5 d4 Qh4 Nc3 Bb4 Bd2 Bxc3 Bxc3 Qxe4+,10,
1525,1771,black,180+0,e4 d6 Nf3 c5 d4 cxd4 Qxd4 Nf6 Bd3 Nc6,10,
1865,1907,white,180+2,e4 c6 Nf3 d5 exd5 cxd5 c4 Nf6 Nc3 e6,10,
1554,1284,white,360+5,e4 d6 d4 Nf6 Nc3 e5 d5 Na6 f4 c6,10,
1714,1329,white,180+0,d4 d5 Nc3 e6 a3 Nc6 Bf4 Bd6 Qd2 Nf6,10,
1995,2035,black,180+0,e4 e5 Nc3 Nc6 Nf3 Bc5 Nxe5 Nxe5 d4 Bd6,10,
1531,1248,black,180+2,e4 d5 exd5 Qxd5 d4 Qe6+ Be2 Qe4 Nf3 Bg4,10,
1276,1791,black,300+2,e4 c5 Bc4 e5 Nf3 d6 O-O Nc6 d3 Nge7,10,
1664,1679,black,300+5,d4 Nf6 c4 e5 dxe5 Ng4 Nf3 Nc6 Bf4 Bb4+,10,
1631,1421,white,420+1,e4 e5 Bc4 Nf6 d3 Nc6 h3 d6 Nc3 Be7,10,
1515,1312,white,720+0,d4 d5 e3 e6 c3 a6 a3 c6 b4 Nf6,10,
1231,1728,black,300+3,e4 e5 Nf3 Nc6 Bc4 Bc5 d3 Nf6 Ng5 O-O,10,
1990,1855,white,180+0,e4 e5 Nf3 Nc6 Bb5 Bc5 O-O d6 c3 f5,10,
1684,1703,black,300+0,e4 c5 Ne2 e5 Nbc3 d6 Nd5 f5 d3 Nf6,10,6550.9
1646,1753,black,240+0,d4 d5 c4 Nf6 e3 Nc6 cxd5 Nxd5 Nf3 e6,10,
1463,1526,white,300+5,e4 e5 Qf3 Nf6 Bc4 Nc6 c3 Bc5 b4 Bb6,10,
1735,1776,white,180+0,d4 d6 g3 g6 Bg2 Bg7 Nf3 Nf6 O-O O-O,10,
1353,1671,black,180+3,e4 e6 d4 d5 e5 c5 Nf3 Nc6 Bb5 Ne7,10,
1397,1607,black,300+8,e3 e5 Nf3 e4 Nd4 d5 c4 Nf6 Nc3 Be6,10,
1702,1728,black,180+0,d4 d6 f3 Nf6 f4 g6 e3 Bg7 Bd3 O-O,10,
1639,1766,white,240+0,d4 d5 c4 Nf6 e3 Nc6 Nf3 e6 cxd5 exd5,10,
1737,1475,white,180+0,d4 e6 a3 b6 Nc3 Bb7 Bf4 Nf6 Nb5 d6,10,
1894,1936,white,180+2,d4 Nf6 c4 d6 Nc3 g6 e4 Bg7 Be2 O-O,10,
1512,1304,white,180+2,e4 g6 Nf3 Bg7 d4 d5 exd5 Qxd5 Nc3 Bg4,10,
1705,1516,white,240+2,e4 g6 Bc4 Bg7 a3 e6 d3 c6 h3 b6,10,
1654,1737,black,480+5,d4 d5 c4 Nf6 Nf3 c6 a3 Bf5 Nc3 dxc4,10,
1638,1279,white,300+5,e4 e5 Nf3 Nc6 Bb5 a6 Ba4 b5 Bb3 d6,10,
1877,1627,black,300+0,e4 e5 Nf3 Nc6 Bb5 Nf6 O-O d6 Re1 Bd7,10,
1412,1573,black,300+8,e4 e5 Nf3 f5 exf5 e4 Nd4 Qf6 Nb3 Qxf5,10,
1372,1507,black,300+12,d4 e6 e4 d5 e5 Qh4 Nf3 Qe4+ Be2 h5,10,
1276,1641,black,300+5,d4 g6 c4 Nf6 Bg5 Bg7 Bxf6 Bxf6 e3 c5,10,
1689,1619,white,360+6,c4 c5 Nc3 Nc6 e4 g6 Nf3 Bg7 d3 e5,10,
1407,1438,black,780+0,e4 d5 Nc3 d4 Nce2 e5 c3 c5 cxd4 cxd4,10,
1639,1514,white,0+1,c3 d6 d3 e5 b3 Be6 Bb2 c5 g3 Nc6,10,
1704,1809,white,60+1,e4 e5 f4 d6 Nf3 Bg4 c3 c6 d3 Bxf3,10,
1799,1631,white,60+3,e4 g6 d3 Bg7 c3 d6 Nf3 f5 Be2 fxe4,10,
1518,1419,white,1200+0,e4 d5 e5 f6 d4 Nc6 Nf3 Bg4 Bb5 Bxf3,10,
1744,1742,white,300+0,e4 b6 d4 Bb7 Nc3 Nf6 Nf3 e6 e5 Ne4,10,
1658,1484,black,420+1,e4 e5 Bc4 h6 d3 Nf6 h3 a6 a4 Bb4+,10,
1689,1603,black,60+15,e4 e5 Nf3 Nc6 Bc4 h6 c3 Nf6 d3 d6,10,
1290,1814,black,120+0,d4 f5 e3 g6 Nf3 Bg7 Nc3 d6 Be2 c6,10,
1624,1806,white,60+3,d4 d6 Nf3 g6 Bf4 Bg7 h3 Nf6 e3 O-O,10,
1524,1520,black,300+7,e4 c6 Nf3 e6 e5 d5 exd6 Bxd6 d4 h6,10,
1747,1821,white,180+0,d4 d5 g3 e6 Bg2 Nf6 a3 c6 c3 Bd6,10,
1279,1559,black,360+5,e4 e5 Qh5 Nc6 Bc4 Qe7 Ne2 Nf6 Qf3 d6,10,
1718,1601,white,60+1,e4 e5 f4 Nc6 Nf3 d6 c3 Bg4 d3 exf4,10,
1793,1274,black,300+2,e4 e5 f4 Nc6 Nf3 exf4 Bc4 d6 O-O Bg4,10,
1772,1510,white,180+0,d4 b6 Nc3 Bb7 Bf4 g6 Nb5 d6 f3 Bg7,10,
1517,1743,white,180+2,e4 e5 Nf3 Nc6 Bb5 Nge7 c3 g6 O-O Bg7,10,
1168,1378,white,1740+30,e4 e5 Nf3 Nc6 Bb5 Bd6 Bxc6 dxc6 d4 Bg4,10,
1521,1405,black,420+3,e4 c5 Bc4 Nc6 Qf3 e6 d3 g6 Ne2 Bg7,10,
1918,1906,black,180+2,d4 f5 c4 Nf6 Nc3 d6 Bg5 e6 f3 Be7,10,
1655,1860,black,300+0,e4 e6 d4 d5 Nc3 dxe4 Nxe4 Nc6 Nf3 Nf6,10,
1653,1643,black,240+0,d4 d5 c4 e6 e3 Nf6 c5 Nc6 Nc3 a6,10,
1474,1325,white,300+5,e4 e5 Qf3 Qf6 Bc4 Qxf3 Nxf3 Nc6 Ng5 Nh6,10,
1510,1613,white,1200+0,e4 e5 Nf3 Nc6 d4 d5 dxe5 dxe4 Qxd8+ Kxd8,10,
1644,1702,white,300+5,e4 e5 Nf3 d6 d4 Nc6 dxe5 Nxe5 Nxe5 dxe5,10,
1652,1488,white,300+5,d4 e6 c4 c5 e3 Nf6 Nf3 d6 Be2 Nc6,10,
1486,1735,white,600+3,d4 d5 c4 dxc4 Qa4+ Bd7 Qxc4 b5 Qc2 Nf6,10,
1725,1631,white,60+1,e4 e5 f4 Nc6 Nf3 Bc5 c3 d6 d4 exd4,10,
1615,2104,black,120+0,e4 c5 d4 cxd4 Qxd4 e6 Qd1 Nc6 Nc3 Bc5,10,
1675,1730,black,180+3,d4 d5 Nf3 Nc6 c4 dxc4 Nc3 Bg4 Bf4 Bxf3,10,
1640,1421,black,480+5,Nf3 d5 d4 Nf6 Bg5 e6 Nbd2 c5 c3 Nc6,10,
1602,1670,black,300+15,e4 c5 Nf3 d6 d4 cxd4 Nxd4 Nf6 Nc3 a6,10,
1170,2107,black,120+0,e3 c5 d4 d5 c3 e6 g3 f5 Bg2 Nf6,10,
1534,1361,white,300+2,e4 e5 Bc4 Nc6 d3 Nf6 c3 a6 Bg5 Be7,10,
1803,1637,white,180+0,d4 Nf6 Nc3 d5 Bf4 Bf5 Nb5 Na6 a3 c6,10,
1352,1306,white,720+0,e4 e5 Nf3 d6 Bc4 Nf6 d3 h6 O-O c6,10,
1728,1408,white,180+0,e4 e5 f4 exf4 Nf3 Nc6 Bc4 Bc5 d4 Bb4+,10,
1884,1787,white,60+0,d4 d6 c4 e6 Nc3 g6 Nf3 Bg7 g3 Nf6,10,
1733,1622,white,60+1,e4 e5 f4 Nc6 Nf3 Bc5 c3 d6 d4 exd4,10,
1768,1699,black,300+2,e4 e5 f4 d5 exd5 e4 Nc3 Nf6 Bc4 Bc5,10,
1865,1647,white,300+0,e4 c6 Nf3 d5 exd5 cxd5 c4 dxc4 Bxc4 e6,10,
1359,1531,black,540+0,e4 c6 e5 e6 d4 d5 Bf4 h6 Nf3 Qa5+,10,
1413,1241,black,1200+10,Nf3 d5 d4 Nc6 e3 Bg4 Be2 e6 Nc3 Nf6,10,
1760,1687,black,180+0,d4 g6 g3 Bg7 Bg2 d6 e3 f5 c3 Nf6,10,
2107,1168,white,120+0,d4 e6 c4 d5 cxd5 b6 Nc3 Bb7 e3 Bxd5,10,
1918,1903,draw,180+2,d4 Nf6 c4 d6 Nc3 g6 e4 Bg7 Be2 O-O,10,
1230,1204,white,600+5,e4 e5 Nf3 Nc6 c3 Nf6 d3 Bc5 d4 exd4,10,
1544,1562,white,600+3,e4 e5 Bc4 a6 Qh5 Nh6 Qxe5+ Qe7 Qxe7+ Bxe7,10,
1823,1883,black,300+20,e4 e5 Nf3 Nf6 Nc3 Bb4 Bc4 Bxc3 dxc3 Nxe4,10,
1892,1778,draw,60+0,d4 d6 c4 g6 Nc3 Bg7 Nf3 Nf6 g3 O-O,10,
1526,1717,black,180+1,e4 e5 Nf3 Nc6 Bc4 Nf6 Ng5 d5 exd5 Nxd5,10,
1480,1206,white,300+5,e4 d6 h3 g6 c3 Bg7 b4 Nf6 Qf3 O-O,10,
1565,1275,white,360+5,e4 e6 d4 c5 Nf3 Nc6 d5 Nce7 d6 Nc6,10,
1512,1656,white,840+8,e4 c5 d4 cxd4 Qxd4 Nc6 Qd1 Nf6 f3 e5,10,
1639,1870,white,300+0,e4 e6 d4 d5 exd5 exd5 Qe2+ Be7 g3 Nf6,10,
1620,1672,black,480+5,d4 d5 h3 e6 Nf3 g6 c3 Bg7 Bg5 Bf6,10,
1732,1710,white,180+0,d4 d5 Nf3 e6 g3 f5 Bg2 Nc6 O-O h6,10,
1664,1666,black,180+3,d4 d5 Nf3 Nf6 c4 dxc4 Nc3 Be6 Bg5 Nd5,10,
1281,1354,white,60+10,e4 e5 d4 Qf6 d5 c6 Nc3 cxd5 Nxd5 Qd6,10,
1677,1657,black,300+5,d4 g6 e3 Bg7 Nf3 Nf6 Nc3 O-O Bd3 d5,10,
1541,1502,draw,300+2,e4 e5 Bc4 h6 d3 Nf6 Nf3 a6 h3 d6,10,
1700,1747,black,180+0,d4 d5 Nf3 e6 Bf4 Bd6 Ne5 Nf6 h3 O-O,10,
1782,1889,white,60+0,e4 e6 d3 d5 exd5 exd5 Nf3 Nf6 Be2 c5,10,
1689,1817,white,120+0,d4 f5 c4 g6 Nf3 Bg7 e3 d6 Nbd2 c6,10,
1641,1527,black,840+8,d4 d5 Nf3 f6 Bf4 e6 e3 a6 c4 Bb4+,10,
1541,1579,white,300+8,e4 e5 Nf3 f5 Nxe5 Qf6 Qh5+ g6 Nxg6 hxg6,10,
1841,1505,black,180+0,d4 c5 d5 Nf6 Bg5 b6 Bxf6 exf6 c4 Bb7,10,
1670,1665,black,240+0,d4 d5 c4 e6 Nf3 Nc6 Bg5 f6 Bf4 Nge7,10,
1240,1151,white,600+5,e4 d5 exd5 Qxd5 Nc3 Qe6+ Qe2 Qg6 d3 Bg4,10,
1507,1600,white,420+3,e4 c5 Bc4 Nc6 Qh5 e6 d3 Qa5+ Nc3 b5,10,
1778,1587,white,300+3,d4 d6 c4 a6 Nc3 Nc6 Nf3 Bg4 e3 e5,10,
1741,1619,black,60+1,e4 e6 f4 d5 e5 c5 Nf3 Nc6 d3 Nge7,10,
1700,1746,white,180+0,d4 b6 b3 Bb7 Bb2 Nf6 a3 e6 f3 Be7,10,
1659,1475,white,300+5,d4 d5 Nf3 Nc6 e3 e6 c4 Nf6 c5 Be7,10,
1798,1875,black,60+0,e4 e6 d3 d5 exd5 exd5 Nf3 Nf6 Be2 c5,10,
1429,1500,draw,360+0,e4 e5 d4 d6 Nf3 Bg4 c3 exd4 cxd4 Nf6,10,
1902,1917,white,180+2,e4 c6 d4 d5 exd5 cxd5 Nf3 Nf6 Bd3 g6,10,
1756,1903,white,180+0,e4 c5 d3 d6 g3 Nf6 Bg2 g6 a3 Bg7,10,
1527,1753,white,300+2,e4 c6 Bc4 e5 Nf3 Bc5 Nxe5 d5 Qf3 f6,10,
1883,1788,white,60+0,e4 b6 Nf3 Bb7 e5 e6 c3 h6 d4 Be7,10,
1648,1600,black,0+1,c3 g6 d4 Bg7 g3 Nf6 Bg2 O-O h4 c6,10,
1811,1712,white,300+0,d4 Nf6 c4 e6 Nf3 d5 e3 c6 Nbd2 Nbd7,10,
1650,1651,white,540+8,e4 e5 Nf3 d6 h3 h6 d4 exd4 Nxd4 Nf6,10,
1484,1306,black,300+5,e4 e5 Qf3 Nf6 Bc4 Bc5 c3 O-O b4 Bb6,10,
1504,1537,black,600+3,e4 c6 Nf3 e6 d4 h6 c4 a6 Bd3 b6,10,
1612,1865,black,300+0,e4 e6 d3 d5 Nc3 c5 h3 Nc6 Be2 Nf6,10,
1693,1853,white,180+3,e4 e6 d4 d5 exd5 exd5 Bd3 Nf6 Bf4 c5,10,
1730,1929,black,60+1,e4 Nf6 e5 Nd5 d4 d6 f4 dxe5 dxe5 Nc6,10,
1612,1621,white,60+0,e4 e5 Nf3 Bc5 Nxe5 Qf6 Nf3 d6 d4 Bb6,10,
1779,1891,black,60+0,e4 e6 d3 d5 exd5 exd5 Nf3 Nf6 Be2 c5,10,
1642,1684,black,240+0,d4 d5 c4 dxc4 e4 Nc6 d5 Ne5 f4 Bg4,10,
1535,1604,white,180+2,e4 d6 Nf3 Nf6 Nc3 g6 d4 Bg7 Bc4 O-O,10,
1500,1425,white,240+0,e4 d5 exd5 Qxd5 Nc3 Qe6+ Be2 Nc6 d4 Qg6,10,11939.07
1607,1625,black,60+0,e4 e5 Nf3 Nf6 Bc4 Nc6 d3 d5 exd5 Nxd5,10,
1906,1913,white,180+2,d4 d5 c4 e6 Nc3 Nf6 cxd5 exd5 Bg5 c6,10,
1276,1500,white,300+5,e4 e5 Nf3 Nc6 c3 d5 d3 dxe4 dxe4 Qxd1+,10,
1596,1690,black,180+0,d4 g6 Nc3 Bg7 e3 d6 Bd2 f5 Nf3 Nf6,10,
1676,1612,white,240+0,e4 c5 Nf3 d6 Bc4 Nf6 Ng5 e6 Nc3 Be7,10,
1734,1549,white,300+2,e4 c5 f4 d6 Nf3 Bg4 h3 Bxf3 Qxf3 Nc6,10,
1883,1730,black,300+0,d4 b6 c4 Bb7 Nc3 Nf6 e3 e6 Nf3 Be7,10,
1636,1595,white,60+0,e4 e5 Nf3 Nc6 Bc4 h6 d4 exd4 Nxd4 Bc5,10,
1591,1822,black,420+8,e4 c5 d4 cxd4 Qxd4 Nc6 Qe3 e6 Nf3 b6,10,
1801,1651,white,180+3,d4 d5 c4 c6 Nc3 Nf6 Nf3 Bg4 Bf4 Bxf3,10,
1770,1899,black,60+0,e4 e6 d3 d6 Nf3 d5 e5 f6 d4 c5,10,
1469,1665,black,300+5,e4 e5 Nf3 Nc6 Bb5 d6 Bxc6+ bxc6 O-O Nf6,10,
1997,1870,white,180+0,e4 e6 d4 d5 Nc3 Nf6 Bg5 dxe4 Nxe4 Be7,10,
1520,1630,black,420+3,e4 c5 Bc4 e6 d3 a6 a3 b5 Ba2 Bb7,10,
1500,1595,white,180+0,d4 d6 e4 e6 h4 b6 g4 Bb7 f3 Be7,10,
1500,1584,white,600+1,e4 e5 Bc4 h6 Nc3 Nc6 Nge2 Bb4 Nd5 Bc5,10,
1316,1608,black,60+10,e4 e5 d4 exd4 Qxd4 Nc6 Qd1 Bc5 Nc3 d6,10,
1772,2059,black,180+0,d4 Nc6 g3 d5 e3 h5 Bg2 h4 Nc3 hxg3,10,
1301,1398,black,1200+10,e4 d5 exd5 Qxd5 Nc3 Qa5 d4 e5 Qe2 f6,10,
1640,1661,white,540+8,e4 e6 Nf3 d5 exd5 exd5 d4 Bg4 Be2 Nc6,10,
1837,1709,black,180+3,e4 e5 Nf3 Nc6 Bb5 Nf6 O-O Be7 Re1 d6,10,
1658,1746,black,660+6,e4 c5 Bc4 Nc6 Nf3 e6 d3 a6 a3 Nf6,10,
1464,1419,black,240+0,d4 d5 e3 Bf5 Nd2 Nc6 c3 g6 a3 Bg7,10,
1595,1273,white,0+1,d3 e5 e4 d6 f4 h6 f5 f6 g4 Ne7,10,
1576,1712,white,180+0,e4 c5 Bc4 d6 Nc3 e5 Qf3 f6 d3 h6,10,
1270,1570,black,360+5,e4 e5 Nf3 Nc6 Bc4 Be7 O-O Nf6 d3 O-O,10,
1584,1647,black,60+0,e4 e5 Nf3 Nc6 Bc4 d6 d3 f5 h3 Nf6,10,
1906,1763,white,60+0,d4 d6 c4 g6 Nc3 Bg7 Nf3 Nf6 g3 O-O,10,
1581,1784,black,300+3,e4 c5 Nf3 Nc6 Bc4 d6 d3 Bg4 h3 Bd7,10,
2062,1768,black,180+0,Nf3 d5 b4 e6 Bb2 h6 b5 Nf6 e3 b6,10,
1539,1590,black,300+2,e4 d6 d4 Nf6 Bd3 g6 Nf3 Bg7 h3 O-O,10,
1679,1501,black,60+0,e4 e5 Nf3 Nc6 Nc3 Bc5 Bb5 d6 d3 a6,10,
1819,1704,draw,300+0,d4 Nf6 c4 e6 Nf3 d5 e3 c6 Nbd2 Bd6,10,
1400,1375,black,420+8,e4 e5 Nf3 Nc6 Bb5 Bc5 Bxc6 dxc6 O-O Nf6,10,
1632,1438,white,0+1,c3 e6 d4 d6 f3 b6 g4 Bb7 Bg2 Nd7,10,
1913,1755,draw,60+0,d4 b6 c4 Bb7 Nc3 e6 Nf3 h6 g3 Nf6,10,
1561,1608,black,300+0,e4 e5 d4 Nc6 d5 Nb8 Nf3 d6 Be2 h6,10,
1855,1637,white,720+0,d4 e6 c4 c5 d5 d6 e4 g6 Nc3 Bg7,10,
1518,1662,black,60+0,e4 e5 Nf3 Nc6 Bc4 Bc5 d3 Nf6 Bg5 h6,10,
1113,1573,white,60+0,d4 d5 e3 Nf6 a3 Bg4 h3 Bh5 Qd2 e6,10,
1699,1588,black,180+0,d4 b6 Nf3 Bb7 Bf4 Nc6 e3 d6 Be2 Qd7,10,
1787,1671,white,180+0,d4 d5 g3 e6 Bg2 Nf6 Bg5 Be7 Bxf6 Bxf6,10,
1493,1546,black,600+3,e4 e5 d4 exd4 c3 c5 cxd4 cxd4 Qxd4 Nc6,10,
1572,1686,draw,240+0,d4 d5 c4 e6 Nf3 Ne7 Nc3 g6 Bf4 Bg7,10,
926,1274,black,1200+10,d3 e5 e4 Nc6 Qd2 Nd4 Nc3 h6,8,
1760,1908,white,60+0,e4 e6 d3 d6 Nf3 d5 exd5 exd5 Be2 Nf6,10,
1633,1586,white,240+0,d4 d6 c4 e6 e4 b6 Nf3 Bb7 Bd3 Be7,10,
2004,1764,black,180+0,e4 c5 b4 cxb4 d4 a5 f4 e6 Nf3 Nf6,10,
1669,1511,white,60+0,e4 e5 Nc3 Nc6 Nf3 Bc5 Bb5 d6 d3 Bg4,10,
1697,1591,white,180+0,d4 d5 b3 Nf6 f3 Bf5 Bb2 e6 a3 Bd6,10,
1641,1931,black,60+3,d4 Nf6 Nf3 g6 Bf4 Bg7 e3 O-O h3 d6,10,
1275,1142,black,840+0,e3 e5 Bc4 f6 Qh5+ g6 Qf3 Nh6 Qd5 c6,10,
1699,1696,white,300+0,e4 d6 Nf3 c6 d4 Nf6 Bd3 Bg4 O-O e5,10,
1252,1552,white,60+0,e4 e5 Nf3 Nc6 Bb5 d6 Bxc6+ bxc6 d3 Bg4,10,
1356,1167,black,60+0,e4 g6 d4 e5 dxe5 Bg7 Nf3 Qe7 Bc4 Bxe5,10,
1387,1306,white,600+5,b4 e5 b5 d5 a4 Bf5 Ba3 Bxa3 Rxa3 Nf6,10,
1283,1547,black,1200+10,e4 c6 f4 e6 Nf3 h6 Bc4 b5 Bb3 a6,10,
1586,1584,white,300+3,c4 Nf6 Nc3 e6 d4 Bb4 Bg5 h6 Bh4 O-O,10,
1728,1315,black,180+0,d4 d5 Nc3 Nc6 Bf4 Nxd4 Nb5 Nxb5 e4 d4,10,
1893,1777,draw,60+0,d4 d6 c4 g6 Nc3 Bg7 Nf3 Nf6 g3 O-O,10,
1504,1676,white,60+0,e4 e5 Nf3 Nc6 Bc4 Bc5 d3 Nf6 O-O O-O,10,
1643,1616,white,180+3,d4 g6 c4 Bg7 Nc3 d6 Nf3 Nd7 Bf4 Ngf6,10,
1599,1429,white,0+1,c3 c5 d4 d6 dxc5 dxc5 Qxd8+ Kxd8 Bf4 Nc6,10,
1767,1678,white,660+3,e4 e5 Nc3 Bb4 Nf3 Bxc3 dxc3 d6 Bc4 a6,10,
1671,1327,white,300+5,e4 c5 Bc4 d6 Qh5 Nf6 Qf3 g6 h3 Bg7,10,
1592,1406,white,600+0,e4 d5 e5 Nc6 d4 f6 exf6 exf6 Nf3 Bd6,10,
1861,1605,white,720+0,d4 d5 c4 e6 Nc3 Bb4 Bd2 Bxc3 Bxc3 Nf6,10,
1401,1388,black,420+8,e4 e5 Nf3 Nc6 Bc4 h6 d3 d6 Nc3 a6,10,
1740,1816,white,300+2,e4 d5 exd5 Qxd5 Nc3 Qd8 f4 Nf6 Nf3 e6,10,
1659,1521,black,60+0,e4 e5 Nf3 Nc6 Nc3 Bc5 Bb5 d6 d4 exd4,10,
1639,1414,white,0+1,c3 d6 e3 Nf6 g3 g6 Bg2 Bg7 b3 O-O,10,
1558,1798,black,900+0,e4 e5 c4 Bc5 d3 Nc6 b3 d6 Na3 Bd4,10,
1723,1823,black,180+3,e4 e6 d4 d5 exd5 exd5 Bd3 Nf6 c3 Be7,10,
1491,1529,draw,300+2,e4 e5 Nf3 d6 Be2 h5 d3 Nc6 Nc3 Nb4,10,
1605,1408,white,0+1,d3 d6 e4 Nf6 g3 g6 Bg2 Bg7 h3 O-O,10,
1572,1431,white,180+0,e4 d5 exd5 Qxd5 Nc3 Qe6+ Be2 Nc6 Nf3 Qg6,10,
2148,1890,white,60+0,d4 e6 Nf3 d5 g3 c5 Bg2 cxd4 O-O Nc6,10,
1902,1960,white,180+3,d4 Nf6 c4 g6 Nc3 d5 Bg5 Ne4 Bh4 Nxc3,10,
1670,1708,white,300+5,e4 e5 Nf3 Nc6 Bb5 a6 Ba4 Nf6 O-O Nxe4,10,
1542,1627,white,840+8,d4 Nf6 f3 d5 c4 c6 c5 a5 a4 b6,10,
1406,1158,white,840+0,e4 d5 exd5 Qxd5 Nc3 Qe6+ Qe2 Qg6 Nf3 Qxc2,10,
1583,1705,black,180+0,e4 c5 Bc4 d6 Nc3 e5 d3 a6 Be3 h6,10,
1552,1610,white,360+6,d4 d5 e3 c5 c3 c4 a3 Nf6 b4 Bg4,10,
1790,1656,black,900+0,d4 c5 d5 e6 e4 Nf6 Bg5 Be7 Bxf6 Bxf6,10,
1664,1795,black,180+0,e4 d5 e5 d4 Nf3 Bg4 h3 Bxf3 Qxf3 c6,10,
1617,1749,white,300+0,e4 e5 d3 Be7 h3 Nf6 Be2 O-O Nf3 Nc6,10,
1537,1643,white,60+0,e4 e5 Nf3 Nc6 Bc4 Nf6 d3 Bc5 Nc3 d5,10,
1885,2153,black,60+0,d4 c6 c4 d5 Nc3 dxc4 Nf3 Nf6 g3 g6,10,
1440,1681,black,300+0,e4 d6 Nf3 c6 d4 Nf6 Nc3 Qa5 Bd3 Bg4,10,
1628,1432,white,60+0,e3 d6 Bc4 e6 d4 b6 e4 Bb7 d5 Nd7,10,
1802,1657,white,180+0,d4 d5 g3 c6 Bg2 Nd7 e3 e5 c3 e4,10,
1583,1424,white,180+0,e4 d5 exd5 Qxd5 Nc3 Qe6+ Be2 Nc6 Nf3 Qg6,10,
1645,1454,black,0+1,d3 e6 e4 d5 b3 dxe4 dxe4 Qxd1+ Kxd1 Nc6,10,
1881,1827,draw,60+0,e4 d5 Nf3 dxe4 Ng1 Nc6 Be2 e5 f3 exf3,10,
1629,1552,white,60+0,e4 e5 Nf3 Nc6 Nc3 Bc5 Bb5 d6 Bxc6+ bxc6,10,
1521,1365,white,600+8,e4 e6 d4 Nc6 Nf3 Qf6 Be3 Nge7 c4 e5,10,
1886,1663,white,300+20,e4 e5 Nf3 Nc6 Bc4 Nf6 Ng5 d5 exd5 Nxd5,10,
1915,2044,white,180+3,d4 Nf6 c4 g6 Nc3 Bg7 e4 d6 Nf3 O-O,10,
1609,1652,black,300+0,e4 c5 Qh5 e6 Bc4 Nf6 Qh4 Be7 e5 Nd5,10,
1425,1634,black,60+0,e4 g6 Bc4 Bg7 d3 e6 c3 d6 a3 Bd7,10,
1446,1435,black,180+0,d4 d5 Nc3 e6 Bf4 Bb4 Qd3 Nc6 a3 Ba5,10,
1740,1550,white,300+3,e4 c5 Nf3 Nf6 e5 Nd5 c4 Nb6 d4 cxd4,10,
1287,1638,black,60+0,b3 e5 d3 Nc6 Bb2 d5 g3 Bf5 Bg2 Ba3,10,
1829,1880,white,60+0,e4 e6 d4 d5 exd5 exd5 Nc3 c5 dxc5 Bxc5,10,
1640,1420,black,60+0,b3 b6 Bb2 e6 d3 Be7 g3 Nf6 Bg2 c6,10,
1712,1576,white,180+0,d4 d5 b3 Nc6 Bb2 e6 a3 Nf6 f3 Bd6,10,
1397,1295,white,780+0,e4 e5 Nf3 d6 Bc4 Nf6 d3 Bd7 h3 b5,10,
1332,1572,white,300+2,b4 e5 Bb2 Nc6 b5 Nb8 Bxe5 Qe7 Bb2 Nf6,10,
1650,1809,black,180+0,e4 d5 e5 e6 d4 c5 Nf3 c4 Be2 h6,10,
1688,1781,black,0+1,d4 d6 c4 c6 Nc3 g6 e3 Bg7 Nf3 Nf6,10,
1763,1730,black,240+0,d4 d5 c3 Nf6 Nd2 g6 Ngf3 Bg7 g3 O-O,10,
1306,1674,black,300+5,e4 e5 Nf3 Nc6 Bb5 d6 Nc3 Nf6 Bc4 h6,10,
1831,1715,white,180+3,e4 e5 Nf3 Nc6 Bb5 Nf6 O-O Bc5 h3 Nxe4,10,
1867,1842,black,60+0,d4 e5 c4 exd4 Qxd4 Nc6 Qd1 Nf6 Nf3 Bb4+,10,
1641,1264,white,60+0,e4 e6 d4 d5 Nc3 b6 exd5 Bb7 Bg5 f6,10,
1355,1351,black,120+0,c4 d5 cxd5 Qxd5 Nc3 Qc5 d4 Qf5 e4 Qa5,10,
1715,1650,black,300+0,e4 e5 Ne2 Nf6 d3 d6 Nbc3 c6 a3 Be7,10,
1854,1856,white,60+0,e4 e6 d4 d5 exd5 e5 dxe5 Be7 Nc3 f6,10,
1600,1866,black,720+0,e4 c5 Nf3 Nc6 Bb5 e6 Bxc6 bxc6 d4 cxd4,10,
1361,1452,black,360+0,e4 c6 d4 e6 d5 Qa5+ Bd2 Qb6 b3 Bb4,10,
1687,1435,white,300+0,d4 d6 c4 Nf6 Nf3 g6 Nc3 Bg7 e4 O-O,10,
1338,1390,white,180+0,d4 d5 Nc3 Nf6 Bf4 Nc6 Nb5 a6 Nxc7+ Kd7,10,
1642,1540,black,240+0,d4 d5 c4 e6 e3 c5 Nc3 cxd4 Qxd4 Nf6,10,
1329,1351,black,300+2,e4 e5 Nf3 Nc6 Bb5 Bc5 Bxc6 Bxf2+ Kxf2 dxc6,10,
1245,1643,black,60+0,b3 e5 d4 exd4 Qxd4 Nc6 Qd3 Nf6 Bb2 d5,10,
1439,1679,black,0+1,e4 c5 Bc4 d6 d3 a6 c3 b5 Bb3 Nc6,10,
1815,1644,white,180+0,d4 d5 g3 e6 Bg2 Nf6 e3 Be7 Qe2 O-O,10,
1649,1669,white,660+6,e4 e5 Nf3 d6 Bc4 Bg4 h3 Bxf3 Qxf3 Qf6,10,
1845,1865,black,60+0,d4 e5 c4 exd4 Qxd4 Nc6 Qd1 Nf6 Nc3 Bb4,10,
1611,1609,black,480+5,d4 Nf6 h3 e6 Bg5 c5 Nf3 d5 c3 c4,10,
1549,1403,black,300+8,e4 a6 d4 b5 d5 Bb7 b3 e6 c4 c6,10,
1432,1500,black,180+0,d4 e6 a3 Qf6 e4 Nc6 e5 Qe7 b4 g6,10,
1684,1434,white,0+1,d4 d6 c4 e6 Nc3 b6 e3 Be7 Nf3 Nf6,10,
1153,1411,black,840+0,e4 c5 Qh5 d6 e5 dxe5 Qxe5 e6 Bb5+ Nc6,10,
1364,1341,black,120+0,d4 d5 Bf4 Nf6 Nc3 Nc6 Nb5 Ne4 Nxc7+ Qxc7,10,
1834,1876,white,60+0,d4 e5 dxe5 d6 c4 dxe5 Nc3 Qxd1+ Nxd1 Bb4+,10,
1608,1492,white,300+0,e4 e5 f4 Nc6 Nf3 d6 Bc4 h6 O-O exf4,10,
1365,1528,black,600+8,d4 d5 c4 e6 Nc3 dxc4 e3 Nf6 Bxc4 c6,10,
1638,1821,white,180+0,e4 d5 e5 d4 Nf3 e6 Bc4 c5 a3 Bd7,10,
1741,1645,white,300+8,e4 Nc6 d4 e5 d5 Nce7 Nf3 Ng6 Nc3 h6,10,
2045,1814,black,180+0,g4 d5 Bg2 Bxg4 c4 c6 cxd5 cxd5 Nc3 Nf6,10,
1646,1941,white,60+0,e4 e6 Nf3 d5 exd5 exd5 d4 Nf6 Bg5 Be7,10,
1683,1678,white,300+5,e4 d5 exd5 Qxd5 Nc3 Qa5 Nf3 Nf6 h3 Nc6,10,
1893,1665,white,60+0,e4 e5 Nf3 Nc6 Bc4 Bc5 O-O Nf6 Nc3 O-O,10,
1400,1597,white,600+0,e4 c5 Nf3 Nc6 d4 cxd4 Nxd4 Nxd4 Qxd4 Nf6,10,
1383,1646,white,180+0,d4 e6 a3 b6 Nc3 Bb7 Bf4 c6 e4 g6,10,
1567,1326,black,300+8,e4 e5 Nc3 Nf6 Nf3 Nc6 Bb5 Bb4 d3 d6,10,
1803,1553,white,900+0,e4 e5 Nf3 d6 Bc4 c5 Nc3 a6 a3 Be7,10,
1689,1429,white,0+1,d4 d6 c4 e6 Nc3 b6 e3 Bb7 Nf3 Nd7,10,
1746,1820,draw,180+1,e4 c5 Nf3 Nc6 c3 b6 d4 cxd4 Nxd4 Bb7,10,
1481,1544,black,300+5,e4 c5 f4 d6 Bc4 e6 Nf3 Nc6 c3 a6,10,
1424,1599,black,60+5,c4 Nf6 Nc3 g6 g3 Bg7 Bg2 O-O e3 c6,10,
1430,1693,black,300+0,e4 d6 Nf3 c6 d4 Nf6 Bd3 Bg4 h3 Bh5,10,
1677,1742,black,300+5,d4 Nf6 c4 g6 Nc3 Bg7 e4 d6 Nf3 O-O,10,
1424,1350,white,60+0,e4 d5 exd5 Qxd5 Nc3 Qe6+ Be2 Nc6 Nf3 Qg6,10,
1660,1904,white,60+0,e4 d6 Nf3 c5 Nc3 Nc6 Bb5 Nf6 d4 cxd4,10,
1708,1838,black,180+3,e4 e6 d4 Nf6 e5 Nd5 c4 Ne7 Nf3 c6,10,
1385,1416,black,480+10,e4 c5 Bc4 e6 Nf3 d5 exd5 exd5 Bb5+ Bd7,10,
1629,1812,white,240+0,d4 d5 c4 e6 cxd5 exd5 e3 Nf6 Nf3 c6,10,
1754,1598,white,360+6,d4 d5 c4 dxc4 e3 Nf6 Bxc4 e6 Nf3 Nbd7,10,
1699,1719,black,180+0,e4 c5 d4 cxd4 Nf3 Qb6 Nxd4 e5 Nf3 Nf6,10,
1355,1340,black,120+0,c4 d5 cxd5 Qxd5 Nc3 Qe6 e4 Nc6 f4 Nd4,10,
1862,1679,white,60+0,e4 e5 f4 exf4 Nf3 d5 e5 Nc6 d4 f6,10,
1361,1390,draw,300+2,b4 h6 Bb2 b5 e3 c6 c4 a6 c5 e6,10,
1603,1579,black,180+0,e4 d5 exd5 Qxd5 Nc3 Qd6 Be2 Qg6 Bf3 c6,10,
1805,1654,black,180+0,d4 d5 Nc3 c6 a3 h6 h3 Nf6 Nf3 Bf5,10,
1767,1859,black,300+8,e4 c6 Nf3 d5 Nc3 d4 Ne2 c5 c3 d3,10,
1572,1463,white,300+0,e4 e6 d4 d5 Nc3 Bb4 e5 c5 a3 Ba5,10,
1588,1648,black,600+8,e4 c6 Bc4 d5 exd5 cxd5 Bb3 Nf6 Nf3 Qb6,10,
1452,1604,white,60+0,e4 g6 Bc4 Bg7 d3 e6 c3 d6 a3 Bd7,10,
1424,1399,black,480+8,e4 d5 exd5 Qxd5 Nc3 Qe5+ Nge2 Bg4 d4 Bxe2,10,
1672,1875,white,60+0,e4 e6 Nf3 c5 d4 cxd4 Nxd4 Nf6 Nc3 Bb4,10,
2107,1424,white,120+0,d4 d5 c4 Nc6 cxd5 Na5 Nc3 Nf6 e4 e6,10,
1752,1748,black,240+0,d4 Nc6 c3 d5 Nd2 Bf5 Ngf3 e6 g3 Bd6,10,
1363,945,white,900+0,d4 Nc6 Nf3 e6 e4 Bb4+ Bd2 Bd6 a3 Qf6,10,
1593,1418,black,180+0,e4 e5 Nf3 Nc6 Nc3 Bc5 g3 d6 Bg2 Bg4,10,
1353,1341,white,120+0,d4 d5 Bf4 c6 Nc3 b5 g3 Qc7 Bxc7 f6,10,
1588,1470,white,60+0,e3 e6 d3 b6 c3 Bb7 f3 c6 Be2 d6,10,
1839,1690,white,60+0,e4 e5 Nf3 Nc6 c3 Nf6 d4 exd4 e5 dxc3,10,
1420,1411,white,300+8,e4 e5 Nf3 d6 Bc4 Bg4 h3 Bxf3 Qxf3 f6,10,
1622,1434,black,60+0,e4 d6 Nf3 e6 d4 Be7 Bb5+ Nd7 Bxd7+ Bxd7,10,
1892,1565,black,300+20,e4 c6 d4 e6 Nf3 d5 e5 h6 Bd3 a6,10,
1405,1269,white,780+0,e4 c5 Nc3 Nc6 Nf3 e6 d3 Nf6 b3 d5,10,
1365,2108,black,120+0,d4 d5 Bf4 e6 Nc3 f5 g3 Nf6 Nf3 Be7,10,
1776,1701,white,1800+30,d4 Nf6 Nc3 e6 e4 Bb4 e5 Ne4 Bd3 Nxc3,10,
1434,1270,white,300+10,c4 e5 e4 Qh4 d3 Bb4+ Nc3 Bxc3+ bxc3 d6,10,
1644,1704,white,240+0,d4 Nf6 c4 d5 e3 e6 Nf3 Bb4+ Bd2 Qe7,10,
1845,1701,black,180+3,e4 e5 Nf3 Nc6 Bb5 Bc5 O-O Nf6 h3 d6,10,
1500,1598,white,300+0,e4 c6 b3 d5 exd5 cxd5 Bb2 Bf5 Nf3 e6,10,
1669,1789,black,180+0,e4 d5 exd5 Qxd5 Nf3 Bg4 Be2 Bxf3 Bxf3 Qb5,10,
1484,1500,black,600+8,d4 b6 Nc3 Bb7 e4 e6 Nf3 Bb4 Bd2 Bxc3,10,
1699,1426,white,300+0,d4 d6 c4 Nf6 Nf3 g6 Nc3 Bg7 e4 O-O,10,
1675,1538,white,60+15,e4 c6 d4 e6 e5 d5 c3 c5 Be3 Nc6,10,
1590,1592,white,180+0,e4 d5 exd5 Qxd5 Nf3 Qe6+ Qe2 Qg6 d3 Bg4,10,
1455,1583,black,300+0,e4 c5 Nf3 d6 d4 cxd4 Nxd4 Nf6 Bd3 Nc6,10,
1596,1461,white,60+0,b3 b6 Bb2 Bb7 d3 c6 e3 d6 f3 Nd7,10,
1412,1358,black,480+8,e4 e5 d4 exd4 Qxd4 Nc6 Qe3 Nf6 Bd3 Bb4+,10,
2109,1365,white,120+0,d4 d5 c4 dxc4 Nc3 Bd7 e3 b5 Nf3 c6,10,
1411,1146,black,420+8,e4 e6 d4 d6 d5 f6 c4 exd5 cxd5 Ne7,10,
1408,1369,white,360+0,e4 e5 d3 d6 f3 f5 Qe2 Ne7 h4 Nbc6,10,
1653,1504,black,600+2,e4 b6 Nc3 Bb7 d4 g6 Nf3 Bg7 Be3 Nf6,10,
1454,1603,black,60+0,e4 g6 Bc4 Bg7 d3 e6 c3 d6 a3 c6,10,
1797,1662,white,180+0,d4 d5 g3 e6 Bg2 Nf6 e3 Be7 a3 O-O,10,
1551,1616,black,300+0,e4 e5 Nf3 Nc6 Nc3 Nf6 Bc4 Be7 d3 O-O,10,
1849,1760,white,420+0,e4 e5 Nf3 Nc6 Bb5 Bc5 O-O Nf6 d3 O-O,10,
1422,1704,black,300+0,e4 d6 Nf3 c6 Bc4 Nf6 Ng5 e6 O-O d5,10,
1452,1496,black,300+8,e4 c5 Nf3 a6 c3 Nc6 d4 cxd4 cxd4 e6,10,
1434,1504,white,60+5,c4 e5 Nc3 d6 g3 c5 Bg2 Bd7 Bxb7 Na6,10,
1568,1500,black,180+0,e4 e5 Nf3 Nc6 Nc3 Nf6 Nxe5 Nxe5 d4 Nc6,10,
1364,2109,black,120+0,d4 d5 Bf4 e6 Nc3 f5 g3 Nf6 Bg2 Be7,10,
1471,1364,white,180+0,d4 d5 Nc3 Nc6 Bf4 Bf5 Nb5 e5 Bxe5 Bd6,10,
1549,1668,white,240+2,e4 c5 Bc4 Nc6 Nf3 h6 O-O e5 Re1 Nf6,10,
1610,1446,white,60+0,e3 e6 d3 d6 Be2 b6 Bf3 Bb7 Bxb7 c6,10,
1333,1486,white,300+8,b4 d6 Bb2 c5 b5,5,
1632,1634,black,180+2,e4 e5 Nf3 d5 exd5 e4 Ng1 Qxd5 Nc3 Qe5,10,198.71
1534,1655,black,180+3,e4 e6 Nf3 d5 exd5 exd5 d4 Nf6 Bd3 Bd6,10,
1580,1602,white,180+0,e4 e5 Bb5 Nf6 d3 c6 Ba4 b5 Bb3 Na6,10,
1348,1314,white,300+5,e4 e6 e5 d6 Nf3 Nc6 d4 dxe5 Bb5 e4,10,
1637,1761,black,300+8,e4 e5 Nf3 Nc6 Bb5 d6 Bxc6+ bxc6 d4 exd4,10,
1695,1362,white,300+5,e4 e5 Nf3 Nc6 Bb5 Bc5 c3 Nf6 d4 exd4,10,
1488,1418,white,240+0,d4 d5 e3 Bf5 a3 Nc6 Bb5 Qd6 Nc3 a6,10,
1584,1338,white,300+8,d4 d5 e3 e6 c3 c5 a3 b6 Bb5+ Bd7,10,
1439,1617,black,60+0,e3 g6 Qf3 Bg7 Bc4 e6 Nh3 d5 Bb3 c5,10,
1741,1800,black,240+0,d4 c5 dxc5 e6 Be3 Nc6 c3 Nf6 b4 a6,10,
1448,1652,white,60+5,c4 c6 Nc3 d5 cxd5 cxd5 g3 Bf5 Bg2 e6,10,
1686,1655,white,240+0,d4 d5 c4 e6 Nc3 Nf6 Nf3 Be7 e3 O-O,10,
1623,1433,white,60+0,e3 d6 Be2 Bf5 Bf3 c6 e4 Be6 g4 Bc8,10,
1416,1750,white,600+0,e4 e5 h3 Nf6 d3 h6 a3 Bc5 Nf3 Nc6,10,
1513,1500,black,180+0,d4 f5 Nc3 e6 Bf4 d6 Qd2 c6 Bg5 Nf6,10,
1433,1626,black,300+0,e4 e5 Nf3 Nc6 d4 exd4 Nxd4 d6 Bd3 Be7,10,
1500,1500,white,300+8,e4 c5 Bc4 d6 Nc3 Nc6 h3 Nf6 d3 e6,10,
1358,1421,white,300+2,b4 h6 Bb2 d5 e3 Qd6 a3 Nf6 c4 e5,10,
1784,1518,white,1260+10,e4 e6 d4 c6 Nf3 f6 c4 Bd6 c5 Bc7,10,
1564,1652,black,240+2,e4 e5 Nf3 d6 Bc4 h6 h3 Nf6 d3 Be7,10,
1716,1830,black,180+3,e4 e5 Nf3 Nf6 Bc4 Nxe4 Qe2 d5 d3 Nf6,10,
1698,1623,white,300+5,e4 c5 Nf3 e6 d4 cxd4 Nxd4 Bc5 Nb3 b6,10,
1507,1572,black,240+1,e4 c5 Nf3 Nc6 Bb5 d6 Bxc6+ bxc6 d3 Nf6,10,
1411,1275,white,720+30,e4 c5 Nc3 d6 Bc4 g6 d3 Bg7 Nf3 Nf6,10,
1427,1629,white,60+0,e4 g6 d3 Bg7 g3 e6 Bd2 d6 Bg2 c6,10,
1353,1555,white,360+0,e4 e6 Nf3 d5 e5 c5 c4 d4 Bd3 Nc6,10,
1358,1418,black,360+0,d4 d6 e4 f6 Nf3 e5 Be3 Qe7 Nc3 c6,10,
1372,1088,white,300+2,b4 e6 Bb2 f6 a3 b5 e3 Nc6 Bxb5 Ne5,10,
1636,1465,white,60+5,d4 f5 Bf4 Nf6 e3 d6 c4 Nbd7 Nf3 b6,10,
1652,1533,white,300+8,e4 e6 Bc4 d5 exd5 exd5 Bb3 Qe7+ Ne2 c6,10,
1606,1709,black,300+0,e4 d6 d4 c6 Nc3 Nf6 Nf3 Qa5 Bd2 Qb6,10,
1590,1592,white,180+0,e4 d5 exd5 Qxd5 Nc3 Qe6+ Be2 Qg6 g3 Bf5,10,
1600,1714,white,480+5,d4 c5 Nf3 d5 c3 e6 Bg5 Be7 Bxe7 Nxe7,10,
1527,1654,white,120+2,e4 c5 f4 Nc6 c4 d6 Nf3 Bd7 d3 g6,10,
1611,1445,white,60+0,d4 b6 e4 Ba6 Bxa6 Nxa6 Qd3 Nb8 e5 c6,10,
1581,1601,black,180+0,e4 e6 Bb5 b6 d3 Bb7 Qh5 Nf6 Qh3 Be7,10,
1868,1401,white,300+20,e4 d5 exd5 Qxd5 Nc3 Qe6+ Qe2 g6 d4 c6,10,
1730,1680,draw,300+0,e4 c6 b3 d5 exd5 cxd5 Bb2 Nc6 Nf3 Bg4,10,
1656,1262,white,300+10,d4 d5 a3 c5 dxc5 Qa5+ b4 Qb5 e4 Qd7,10,
1614,1589,black,840+8,d4 d5 Nf3 c6 Bf4 Nd7 e3 h6 c4 e6,10,
1689,1846,white,60+0,d4 e6 c4 d5 Nc3 Nf6 cxd5 exd5 Nf3 c5,10,
1459,1642,white,60+5,c4 c6 Nc3 d5 cxd5 cxd5 g3 Bf5 Bg2 e6,10,
1400,1417,white,480+8,e4 d5 exd5 Qxd5 Nc3 Qa5 Bb5+ c6 Bd3 Nf6,10,
1818,1803,black,180+1,c4 e6 Nc3 Nf6 d4 d5 e3 b6 g3 Bb7,10,
1956,1815,draw,360+14,d4 e6 Nf3 d5 e3 Nf6 Bd3 g6 O-O Bg7,10,
1438,1618,black,60+0,e4 g6 d4 Bg7 e5 e6 Nf3 d6 exd6 Qxd6,10,
1705,1831,white,60+0,d4 e6 c4 d5 Nc3 Nf6 cxd5 exd5 Nf3 c5,10,
1472,1535,black,180+0,d4 e6 Nc3 d5 a3 Nf6 Bf4 c5 e3 Nc6,10,
1358,1317,black,300+5,e4 e5 Nf3 Nc6 Bc4 Nf6 d4 Nxe4 Nxe5 Nxe5,10,
987,1544,black,180+1,Nc3 Nc6 Nf3 e5 e3 d5 d4 e4 Ng5 Qxg5,10,
1395,1853,black,60+2,g3 d5 Bg2 e5 e3 f5 d4 exd4 exd4 Nf6,10,
1632,1412,white,300+0,e4 e5 f4 Nc6 Nf3 f6 fxe5 fxe5 Bc4 Qf6,10,
1868,1758,white,300+8,d4 d5 c4 dxc4 Nf3 b5 a4 c6 axb5 cxb5,10,
1409,1376,black,300+2,d4 d5 Bf4 Bf5 Nc3 Nf6 g3 Nc6 Nb5 Rc8,10,
1599,1554,white,300+8,d4 d5 Nf3 Nf6 e3 Bf5 Bd3 Be6 c3 Nc6,10,
1370,1545,black,180+1,e4 Nc6 d4 e5 Nf3 exd4 Nxd4 Ne5 Bc4 Nxc4,10,
1543,1550,black,120+0,e4 e5 Nf3 Nc6 Bc4 Nf6 d3 Be7 a4 O-O,10,
1751,1986,black,180+0,e4 Nc6 Nf3 e5 Bb5 f5 exf5 e4 Bxc6 dxc6,10,
1624,1432,white,60+0,e4 d6 Bc4 d5 exd5 b6 Qf3 a5 d6 Ra7,10,
1486,1545,black,240+5,e4 e6 Nf3 d5 e5 c5 c3 Nc6 d4 f6,10,
1626,1476,draw,60+5,d4 f5 Bf4 d5 e3 e6 Nf3 Nf6 c4 Be7,10,
1514,1721,draw,120+0,e4 c5 Nf3 Nc6 d4 cxd4 Nxd4 a6 c4 e5,10,
1813,1903,black,300+20,e4 e5 Nf3 Nf6 Bc4 Nxe4 Qe2 d5 Bb3 Bd6,10,
1720,1598,white,300+0,d4 e6 c4 d5 Nf3 c5 a3 Nc6 Nc3 cxd4,10,
1556,1661,black,240+2,e4 e5 Nf3 Nc6 Bb5 d6 h3 Nf6 d3 Be7,10,
1534,1502,white,60+0,e4 c5 d4 Nc6 d5 Ne5 Bf4 Ng6 Bg3 Nf6,10,
1591,1593,black,300+0,d4 d5 c4 c6 Nf3 Nf6 e3 Bg4 h3 Bh5,10,
1426,1630,white,60+0,e4 g6 d3 Bg7 Be2 d6 Be3 Bxb2 Nc3 Bxc3+,10,
1896,1991,black,180+0,e4 Nc6 Nf3 e5 Nc3 Nf6 Bc4 Nxe4 Bxf7+ Kxf7,10,
1397,1425,black,900+3,e4 e5 Nf3 Nc6 Nc3 b6 Bc4 h6 d4 exd4,10,
1856,1532,white,120+0,d4 d5 Nf3 Nc6 g3 Bf5 Bg2 Nf6 O-O e6,10,
1429,1408,white,180+0,d4 d5 Nc3 e6 a3 c5 dxc5 Bxc5 b4 Bd4,10,
1394,1633,black,60+2,g3 d5 Bg2 e6 e3 Nf6 d4 c5 c3 Be7,10,
1436,1356,white,600+0,e4 e5 Nf3 c6 Nxe5 Qe7 f4 f6 Qh5+ g6,10,
1706,1365,white,300+5,e4 c5 Nf3 Nc6 d4 Nf6 e5 Nd5 dxc5 e6,10,
1594,1645,black,240+0,e4 e5 Nf3 d6 d4 Nc6 dxe5 Nxe5 Nxe5 dxe5,10,
1500,1519,black,300+8,e4 b6 Nf3 Bb7 Nc3 g6 d4 Bg7 Be3 Nf6,10,
1389,1397,black,300+2,b4 d5 Bb2 Bf5 e3 Nc6 b5 Nb4 c3 Nc2+,10,
1718,1500,white,300+0,e4 c5 b3 d6 Bb2 Nc6 g3 Nf6 Bb5 Bd7,10,
1575,1555,white,600+0,e4 e5 Bc4 Bc5 Nf3 d6 Ng5 Qxg5 O-O Bh3,10,
1612,1444,white,60+0,b3 d6 Bb2 b6 d3 c6 e3 Bb7 f3 Nd7,10,
1529,1462,white,120+0,d4 e6 Nf3 Nc6 e4 d5 e5 Be7 Bb5 Bd7,10,
1660,1479,black,540+19,e4 e5 Nf3 Nc6 d3 d6 Be3 Bg4 Be2 h6,10,
1751,1796,white,900+0,e4 e6 Nf3 d5 exd5 exd5 Nc3 Nf6 Bb5+ c6,10,
1838,1784,white,180+3,e4 e5 Nf3 d6 Bc4 Be7 O-O Nf6 c3 Nxe4,10,
1347,1445,black,600+0,e4 e5 Nf3 d6 Bc4 a6 Nc3 Nc6 d3 Na5,10,
1572,1658,white,900+30,d4 d5 c4 dxc4 e3 a6 Bxc4 h6 Nc3 e6,10,
1999,1878,white,180+0,e4 c5 b4 cxb4 d4 Nf6 e5 Nd5 f4 e6,10,
1364,1472,black,360+0,e4 c5 Bc4 e6 d4 cxd4 Qxd4 Nc6 Qc3 Bb4,10,
1692,1655,black,240+0,d4 d5 f4 c6 e3 e6 Bd3 Nf6 Nf3 Be7,10,
1638,1389,white,60+2,d4 g6 c4 Bg7 e3 b6 Nf3 f5 Be2 c5,10,
1437,1619,black,60+0,e3 g6 Bc4 Bg7 Qf3 e6 d4 d5 Bd3 b6,10,
1346,1337,white,300+5,e4 e5 Nf3 d6 Bb5+ Bd7 Be2 c5 d3 Nf6,10,
1645,1810,black,180+2,e4 c5 Nf3 Nc6 d4 cxd4 Nxd4 g6 Nxc6 bxc6,10,
1545,1389,white,60+0,d4 Nc6 c4 d6 d5 Ne5 e4 Bf5 exf5 c6,10,
1480,1476,black,240+5,c4 e6 Nc3 d5 cxd5 exd5 g3 Nf6 e3 Nc6,10,
1514,1789,black,1260+10,e4 c5 d4 cxd4 Qxd4 Nc6 Qd5 e6 Qh5 Nf6,10,
1920,1805,black,300+20,d4 d5 Bf4 Nf6 e3 Nc6 h3 h6 Bb5 e6,10,
1424,1337,white,720+0,e4 c5 c3 d6 d4 Nc6 dxc5 dxc5 Qxd8+ Nxd8,10,
1384,1643,black,60+2,g3 d5 Bg2 e6 e3 Nf6 Ne2 Be7 O-O O-O,10,
1663,1768,white,180+3,d4 b6 c4 Bb7 Nc3 e6 Bf4 Bb4 e3 Bxc3+,10,
1400,1525,black,600+0,Nc3 e6 Nf3 d5 d4 Nf6 Bg5 Be7 h3 O-O,10,
1836,1553,white,60+0,e4 e5 d3 Nc6 Nf3 Bc5 Nc3 d6 Be3 Bb4,10,
2045,1943,white,180+0,e4 c5 Nc3 Nc6 g3 Nf6 Bg2 e6 d3 d5,10,87.88
1500,1862,black,300+0,e4 c5 Nf3 Nc6 Bc4 e6 O-O d6 d4 cxd4,10,
1356,1320,white,360+0,e4 e5 Bc4 Bc5 Nf3 d6 O-O g5 d4 g4,10,
1682,1500,black,60+15,e4 e6 d4 Nf6 e5 Nd5 c4 Nb6 c5 Nd5,10,
2007,1904,white,180+0,e4 c6 d4 d5 Nc3 dxe4 f3 Bf5 fxe4 Bg6,10,
1408,1378,black,300+2,d4 e5 dxe5 f6 f4 Bc5 exf6 Qxf6 g3 Nc6,10,
1647,1379,white,60+2,d4 b6 c4 Bb7 e3 e6 Nf3 d5 cxd5 Bxd5,10,
1775,1847,black,180+3,e4 e6 Nc3 d5 Nf3 Nf6 exd5 exd5 d4 Be7,10,
1680,1715,black,300+5,e4 c6 Bc4 d5 exd5 cxd5 Bb3 e5 c3 Nc6,10,
1390,1396,black,300+2,e4 d5 exd5 Qxd5 Nc3 Qe6+ Qe2 Nc6 Qxe6 Bxe6,10,
1625,1632,black,480+5,b4 e6 Bb2 a6 a4 Nc6 b5 axb5 axb5 Rxa1,10,
1472,1494,white,180+0,d4 d5 Nc3 Nc6 Bf4 e6 Nb5 Bd6 Qd2 Bxf4,10,
1745,1548,white,60+0,e4 e6 f3 c6 d4 d5 e5 c5 f4 c4,10,
1637,1566,white,600+2,e4 e6 c4 d5 cxd5 exd5 exd5 Qxd5 Nc3 Qe6+,10,
1784,1755,white,900+0,e4 e5 d4 exd4 c3 d5 cxd4 dxe4 Nc3 Nf6,10,
1547,1478,black,180+2,e4 d5 exd5 Qxd5 d4 Nc6 Nc3 Qa5 Nf3 Bg4,10,
1610,1632,black,300+0,e4 e5 Nf3 d6 Bc4 h6 d4 Nd7 dxe5 dxe5,10,
1550,1510,white,480+0,d4 d5 c4 dxc4 e4 c6 Bxc4 Qa5+ Bd2 Qb6,10,
2110,1500,white,120+0,d4 d5 c4 e6 Nc3 c6 e3 Nf6 a3 Bd6,10,
1814,1745,draw,300+0,d4 b6 c4 Bb7 Nd2 Nf6 Ngf3 e6 Qc2 d5,10,
1935,2054,black,180+0,e4 e5 f4 exf4 Nf3 d6 Bc4 Be6 Bxe6 fxe6,10,2066.46
1670,1254,black,300+5,d4 d5 Nf3 Bg4 e3 Bxf3 gxf3 Nc6 Nc3 e6,10,
1442,1868,black,300+0,e4 c5 Nf3 Nc6 Bc4 e5 d3 d6 Ng5 Nh6,10,
1542,1751,white,60+0,d4 c6 c4 d5 Nc3 dxc4 Nf3 e6 a4 Nf6,10,
1625,1477,black,60+0,e4 e5 Bc4 Nc6 Nf3 d6 d3 h6 O-O Nf6,10,
1639,1581,draw,180+2,e4 e5 Nf3 d6 d4 exd4 Qxd4 Nf6 Bg5 Be7,10,
1855,1766,white,180+3,e4 e5 Nf3 d6 Bc4 Be7 O-O Nf6 c3 Nxe4,10,
1646,1601,white,600+2,e4 c6 c4 e6 Nc3 a6 d4 d5 e5 dxc4,10,
1622,1612,white,300+2,d4 d5 Bf4 g6 e3 Bg7 Nf3 a6 c4 dxc4,10,
1492,1609,black,60+0,d4 g6 Nc3 Bg7 d5 e6 e4 exd5 Nxd5 Bc3+,10,
1160,1557,white,240+5,e4 c5 Bc4 d6 Nf3 Nf6 Nc3 e6 h3 Be7,10,
1226,1406,black,1800+30,e4 Nc6 d4 d5 exd5 Qxd5 c3 Bf5 Nf3 Bxb1,10,
1453,1555,black,600+0,e4 e5 Nf3 f6 a3 a6 Bc4 Nh6 h3 b5,10,
2058,1817,draw,60+0,d3 e6 Nf3 d5 g3 c5 Bg2 Nc6 O-O Nf6,10,
1614,1735,white,480+5,d4 c5 Be3 d5 Nf3 cxd4 Bxd4 e5 Bxe5,9,
1407,1447,black,300+0,e4 e6 d4 d5 exd5 exd5 Nc3 Bb4 Bd2 Nf6,10,
1671,1280,white,60+15,e4 e5 c3 c5 Nf3 Nc6 d4 cxd4 cxd4 exd4,10,
1556,1545,black,600+0,d4 d5 c4 dxc4 Nc3 Bf5 e4 Bg6 f4 e6,10,
1896,1585,black,420+0,e4 e5 f4 exf4 Kf2 Qh4+ g3 fxg3+ Kg2 d5,10,
1485,1517,white,60+0,d4 d5 Nc3 c6 g3 Bg4 Bg2 Nf6 h3 Bh5,10,
1177,1178,black,300+4,e4 e5 Nf3 Nc6 Nc3 Bb4 Nd5 Bc5 b3 Nf6,10,
1569,1406,black,120+2,e4 d5 exd5 Qxd5 Nc3 Qe6+ Be2 Nc6 Nf3 Qg6,10,
1442,2039,black,60+0,e4 e6 Bc4 d5 exd5 exd5 Bb3 Nf6 d4 c6,10,
1379,1488,white,240+5,b4 d5 Bb2 e6 a3 c5 e3 Nc6 b5 Na5,10,
1693,1496,white,240+1,f4 d5 Nf3 Bg4 e3 Bxf3 Qxf3 f5 b3 e6,10,
1490,1530,black,300+2,e4 c5 Bc4 e6 Nf3 d5 exd5 exd5 Bd3 Nf6,10,
1823,1734,black,60+0,d4 c5 c4 b6 d5 b5 Nc3 b4 Ne4 b3,10,
1616,1500,black,60+0,e3 c5 Qf3 Nc6 d4 Nf6 d5 Ne5 Qd1 d6,10,
1604,1553,black,420+0,e4 e5 Nf3 Nf6 Bc4 d6 Nc3 Be6 Bxe6 fxe6,10,
1191,1480,black,180+5,e4 c5 Bc4 e6 Nf3 a6 d4 b5 Be2 Bb7,10,
1442,1862,white,60+0,e4 e6 e5 d5 d4 c5 Nf3 Nc6 Bb5 cxd4,10,
1744,1794,white,900+0,e4 Nf6 Nc3 c6 e5 Nd5 Nxd5 cxd5 d4 d6,10,
1314,1375,white,1200+10,e4 e5 Bc4 a6 Qf3 Nf6 Nh3 b5 Bd5 c6,10,
1585,2112,black,120+0,e4 c5 Nf3 Nc6 d4 cxd4 Nxd4 e5 Nxc6 bxc6,10,
1812,1824,draw,300+0,d4 b5 Nf3 Bb7 e3 b4 a3 a5 axb4 axb4,10,
1549,1656,black,900+0,e4 e5 c4 c6 Nf3 Qc7 d3 d5 exd5 cxd5,10,
1422,1554,white,120+2,d4 d5 Bf4 Nc6 Nc3 Nf6 Nb5 e5 dxe5 Ne4,10,
1582,1601,black,300+2,d4 d5 c4 c6 Nc3 dxc4 Nf3 b5 a4 Qb6,10,
1561,1821,black,120+1,e4 e5 Nf3 Nc6 Bc4 Be7 d4 exd4 Nxd4 Nxd4,10,
1515,1409,white,180+0,d4 d5 Nc3 c6 e4 Nf6 e5 Ng8 h3 f6,10,
1607,1503,black,60+0,e4 d5 exd5 Qxd5 Nc3 Qd8 g3 Nf6 Bg2 Bg4,10,
1534,1712,white,240+3,e4 e5 Nf3 Nc6 Bb5 Nge7 O-O a6 Ba4 b5,10,
1851,1659,white,300+0,d4 d5 Nf3 e6 e3 Nd7 Bd3 h6 O-O Ngf6,10,
1393,1454,black,420+8,e4 e6 d4 b6 e5 Bb7 Nf3 d6 g3 dxe5,10,
1680,1582,white,240+1,d4 d5 f4 Nf6 e3 c6 Bd3 e6 Nf3 Bd6,10,
1652,1361,white,0+3,d4 e5 dxe5 d5 exd6 Bxd6 Nf3 Qf6 g3 Ne7,10,
1500,1873,black,300+0,e4 c5 Nf3 Nc6 c3 e5 Be2 Nf6 d3 Be7,10,
1674,1709,white,60+15,e4 e5 Nf3 Nc6 Bc4 Nd4 c3 Nxf3+ Qxf3 Nf6,10,
2114,1584,white,120+0,d4 d5 c4 c6 Nc3 e6 e3 Nf6 a3 Be7,10,
1627,1816,black,480+2,e4 c6 d4 d5 exd5 cxd5 Nc3 Nf6 Nf3 Nc6,10,
1727,1795,white,300+5,e4 e5 Nf3 Nc6 Bb5 Nf6 O-O d6 h3 Bd7,10,
1547,1648,black,240+3,e4 e5 Nf3 Nc6 Bb5 d6 h3 a6 Ba4 Nf6,10,
1489,1747,black,240+1,e4 b5 Bxb5 a6 Bd3 Bb7 Nf3 e6 Qe2 Bc5,10,
1809,1500,white,0+1,d4 e6 c4 d6 Nc3 c6 Nf3 c5 g3 cxd4,10,
1656,1519,black,0+3,d4 d5 c4 c6 e3 Nf6 Nf3 Bg4 Be2 e6,10,
1393,1659,black,540+8,a3 e5 e4 Nf6 d3 Bc5 h3 O-O Nf3 d6,10,
1277,1575,white,300+5,e4 e5 Bc4 Nf6 Nc3 Bb4 Qf3 Bxc3 Qxc3 Qe7,10,
1670,1750,black,300+5,e4 e5 Bc4 Be7 c3 d6 h3 Nf6 Nf3 Nxe4,10,
1819,1892,draw,300+20,e4 e5 Nf3 d5 exd5 e4 Qe2 Qxd5 Nc3 Qe6,10,
1830,1527,white,120+1,e4 e5 Nf3 Nc6 c3 b6 d4 exd4 cxd4 Bb7,10,
1465,1592,black,60+0,e4 g6 d4 Bg7 e5 e6 Nf3 d6 Bc4 d5,10,
2158,1564,white,120+0,d4 Nf6 Nf3 g6 e3 d6 b3 Bg7 Bb2 O-O,10,
1288,1239,white,300+5,e4 e5 Nf3 Nc6 d3 d6 c3 Nf6 h3 Be7,10,
1777,1783,black,300+8,e4 Nf6 e5 Nd5 c4 Nb6 d4 d6 Nf3 Bg4,10,
1264,1473,black,240+6,e4 d5 exd5 Nf6 Nc3 e6 dxe6 Bxe6 d4 Qe7,10,
1823,1812,white,300+0,b3 d5 Bb2 e6 Nf3 Nf6 d4 Be7 g3 Nbd7,10,
1813,1748,white,60+0,d4 c6 c4 d5 Nc3 b5 cxd5 b4 Na4 cxd5,10,
1756,1744,black,600+0,e4 e5 Bc4 Nf6 Nf3 d5 exd5 Nxd5 d3 Nc6,10,
1376,1822,black,480+2,e4 c6 d4 d5 e5 Bf5 c4 e6 Nf3 Nd7,10,
1383,1560,white,300+8,e4 e5 Nf3 Nc6 Bb5 d6 Bxc6+ bxc6 d3 Nf6,10,
1741,1486,white,300+5,e4 e6 Nc3 d5 exd5 exd5 Nf3 Bg4 h3 Bh5,10,
1411,1463,white,480+8,e4 e6 Nf3 b6 b3 Bb7 Bd3 Nf6 Nc3 Bb4,10,
1457,1537,black,60+0,e4 e5 Bc4 Nc6 Qh5 g6 Qf3 Qf6 Qxf6 Nxf6,10,
1634,1578,white,300+0,e4 e5 f4 exf4 Nf3 d6 Bc4 Bg4 O-O Bxf3,10,
1609,1393,white,300+2,e4 e5 Nf3 Nc6 Bc4 Bc5 c3 Nf6 d4 exd4,10,
1599,1582,black,60+0,e4 d5 Bb5+ c6 Bd3 dxe4 Bxe4 Nf6 Bd3 e5,10,
1858,2140,black,300+0,d4 Nc6 Nf3 d5 e3 Bf5 Bd3 g6 Bxf5 gxf5,10,
1822,1794,white,60+0,d4 c5 c4 cxd4 Qxd4 Nc6 Qd1 g6 Nc3 Bg7,10,
1739,1742,white,0+1,f4 d5 g4 Nf6 g5 Ne4 g6,7,
1596,1587,draw,60+0,e4 e5 Nf3 g6 Bc4 Bg7 O-O d6 Re1 Be6,10,
1502,1836,black,120+1,e4 c5 Nf3 Nc6 Bc4 e6 d3 Nf6 O-O d6,10,
1748,1522,white,0+1,h4 b6 h5 Bb7 h6 gxh6 g3 Bg7 f3 c6,10,
1411,1616,black,600+0,e4 e5 Nf3 Nf6 Nc3 Bc5 d4 exd4 Nxd4 O-O,10,
1546,1620,white,60+0,d4 f5 c4 Nf6 Nc3 e6 Bg5 Be7 h3 O-O,10,
1258,1187,black,300+0,d4 d5 c4 e6 cxd5 exd5 e3 Bb4+ Bd2 Nc6,10,
1447,1345,white,60+0,e4 e6 d4 d5 e5 c5 Nf3 cxd4 Qxd4 Bd7,10,
1639,1731,black,0+3,d4 d5 c4 Nc6 cxd5 Qxd5 Nf3 e5 dxe5 Qxd1+,10,
1832,1517,black,0+1,d4 b6 c4 Bb7 Nc3 e6 Nf3 Qe7 g3 f6,10,
1563,1541,black,900+0,d4 d5 c4 dxc4 Qa4+ Nc6 Qxc4 Qxd4 Qb3 e5,10,
1350,1261,black,300+30,e4 e5 d4 Qh4 Bd3 Qf6 dxe5 Qxe5 Nf3 Qf6,10,
1753,1813,white,0+1,h4 e6 h5 d5 h6 c5 g4 gxh6 g5 hxg5,10,
1545,1537,black,0+1,d4 b6 c4 Bb7 Nf3 e6 g3 Qe7 Bg2 f6,10,
1631,1488,white,0+3,d4 c5 c3 cxd4 cxd4 d5 e3 Nc6 Nf3 e6,10,
1510,1559,black,60+0,e4 e5 Nf3 Nc6 Nc3 Bc5 Bc4 d6 O-O Bg4,10,
1478,1242,black,240+6,e4 c5 Nf3 Nc6 Bc4 e6 Ng5 Qxg5 d4 Qxg2,10,
1541,1478,white,180+0,d4 c5 d5 d6 c4 e6 e4 exd5 cxd5 Be7,10,
1588,1480,white,60+0,e4 e5 Bc4 Nf6 Nf3 Nc6 Ng5 d5 exd5 Nxd5,10,
1647,1548,black,0+1,e4 b6 d4 Bb7 Nc3 e6 Be3 Qe7 d5 f6,10,
1790,1439,white,120+0,e4 d5 d3 dxe4 dxe4 e5 Qxd8+ Kxd8 Bd3 Bd7,10,
1577,1561,black,0+1,e4 b6 d4 Bb7 Nc3 e6 f3 Qe7 Bc4 f6,10,
1456,1331,white,60+0,e4 e6 Bc4 d5 exd5 exd5 Bb3 Nf6 d4 Be7,10,
1400,1553,black,300+5,d4 c5 dxc5 e6 e4 Bxc5 b3 Qb6 Qf3 Bb4+,10,3177.64
1628,1884,black,480+5,d4 d5 h3 c6 Nf3 a6 a3 h6 c3 Bf5,10,
1556,1452,white,600+0,e4 e5 Bc4 Nf6 d3 Nc6 Nc3 Nd4 Bb3 Nxb3,10,
1874,1572,white,0+1,d4 b6 Nf3 Bb7 c4 e6 Nc3 Qe7 e4 f6,10,
1611,1734,black,300+2,d4 Nf6 e3 e6 a3 c5 dxc5 Bxc5 b4 Bb6,10,
1430,1624,black,720+0,e4 e5 Nf3 f5 d3 Nc6 Nc3 Bb4 Bd2 Nf6,10,
1538,1599,white,180+3,e4 e5 Nf3 Nc6 Bb5 Nd4 Nxd4 exd4 d3 c6,10,
1594,1800,white,60+0,e4 e6 d3 d5 Be2 dxe4 dxe4 Qxd1+ Bxd1 Nf6,10,
1804,1663,white,300+5,d4 d5 Nf3 Bg4 Ne5 Bh5 g4 Bg6 f3 Nd7,10,
1802,1834,draw,300+0,d4 b5 e4 Bb7 d5 b4 c4 c6 a3 a5,10,
1755,1824,white,480+2,e4 c6 c4 d5 cxd5 cxd5 exd5 Qxd5 Nc3 Qd8,10,
1934,1568,white,60+1,f4 d5 Nf3 c5 e3 Nc6 Bb5 Bg4 Bxc6+ bxc6,10,
1406,1569,white,0+1,e4 b6 Bc4 Bb7 Nf3 e6 d4 Qe7 d5 exd5,10,
1870,1684,white,300+20,e4 e5 Nf3 Nc6 Bc4 h6 d4 exd4 Nxd4 Bc5,10,
1656,1483,white,240+1,c4 d5 cxd5 Qxd5 Nc3 Qa5 d4 Nc6 Nf3 Bg4,10,
1439,1298,draw,300+5,e4 e5 Bc4 Nf6 Nc3 d6 d3 c6 Bg5 Be7,10,
1500,1500,white,-,d4 Nc6 d5 Nb4 a3 Na6 Nc3 Nf6 e4 g6,10,
1681,1558,white,300+0,e4 e5 f4 exf4 Nf3 Nf6 Bc4 Nc6 O-O d6,10,
1877,1424,white,60+0,d4 d5 Nf3 Nc6 c4 e6 Nc3 dxc4 Bf4 Bb4,10,
2144,1853,white,300+0,e4 e6 d4 d5 e5 c5 Qg4 Nc6 Nf3 Qb6,10,
1821,1861,black,180+1,f3 d5 e4 dxe4 fxe4 e5 Nf3 Nc6 Bc4 h6,10,
1569,1469,white,180+0,d4 d5 Nc3 Nf6 Bf4 e6 Nb5 Na6 a3 c6,10,
1464,1317,black,60+0,e4 e6 d4 d5 e5 c5 Nf3 Nc6 dxc5 Bxc5,10,
1687,1450,white,60+15,e4 d6 Nf3 Bd7 d4 e5 d5 c6 c4 cxd5,10,
1475,1663,black,240+1,e4 e5 Bc4 Nc6 d3 d6 Nf3 h6 c3 Nf6,10,
1425,1558,white,120+0,e4 e6 d4 d5 e5 c5 Nf3 Nc6 c3 Qb6,10,
1366,1500,black,360+0,e4 c5 Bc4 d6 d4 cxd4 c3 Nc6 cxd4 Nf6,10,
1783,1553,white,0+1,d4 b6 c4 Bb7 Nc3 e6 Nf3 Qe7 g3 f6,10,
1270,1565,black,60+0,e4 e5 Nf3 Nc6 Bc4 Bc5 c3 d6 d4 exd4,10,
1368,1663,black,300+0,e4 e5 Nf3 Nc6 Bb5 Qf6 O-O Bc5 Nc3 Nd4,10,
1416,1879,black,60+0,e4 d5 Nf3 dxe4 Nh4 Nf6 Nc3 Nbd7 Bb5 c6,10,
1500,1544,white,1800+30,d4 e6 e4 d5 e5 c5 Be3 cxd4 Bxd4 Nc6,10,
1612,1420,white,60+0,b3 c5 Bb2 b6 e3 Nc6 f4 Bb7 g3 e6,10,
1788,1548,white,0+1,d4 b6 c4 Bb7 Nc3 e6 Nf3 Qe7 g3 f6,10,
1638,1527,white,0+3,d4 b6 c4 Bb7 e3 d5 cxd5 Bxd5 Nc3 Nf6,10,
1465,1746,black,300+5,e4 c5 Nf3 d6 Bc4 e6 d3 Nf6 Nc3 a6,10,
1937,1614,white,60+1,e4 e5 Nf3 Nc6 Bc4 Bc5 b4 Bxb4 c3 Be7,10,
1453,1237,black,1200+10,e4 d5 d3 Qd6 f4 d4 e5 Qd5 Nf3 Bg4,10,
1569,1263,white,60+0,d4 d5 c4 dxc4 Nc3 e6 e4 Nc6 Nf3 Nf6,10,
1552,1408,white,180+3,e4 c5 Bc4 Nc6 c3 g6 Nf3 Bg7 d3 Nf6,10,
1940,1792,draw,60+0,e4 e6 Nf3 d5 e5 f6 d4 c5 exf6 cxd4,10,
1881,1408,white,60+0,d4 d5 Nd2 e6 b3 b6 Ngf3 Bb7 g3 Nc6,10,
1747,1811,black,240+1,e4 c6 Nf3 d5 e5 e6 d4 c5 Bg5 Nc6,10,
1280,1543,black,60+0,d4 b6 c4 Bb7 Nf3 e6 g3 Qe7 Bg2 f6,10,
1553,1552,white,900+0,e4 e5 c4 c5 Nf3 f6 Na3 a6 Nc2 Nh6,10,
1573,1154,white,60+0,d4 e6 c4 Nf6 Bg5 d5 cxd5 Qxd5 Nc3 Qd8,10,
1560,1392,black,300+5,c4 e5 Nc3 Nc6 g3 Bc5 Bg2 Nf6 e3 d6,10,
1646,1497,black,0+3,d4 d5 c4 dxc4 e4 b5 a4 bxa4 Nc3 Nf6,10,
1523,1879,black,180+0,e4 c5 Bc4 Nc6 c3 e6 d4 cxd4 cxd4 Nf6,10,
1656,1842,white,300+5,e4 e5 Bc4 Be7 c3 Nf6 d3 d6 Nf3 O-O,10,
1591,1383,white,180+0,d4 d5 Nc3 Nf6 Bf4 Nc6 Nb5 Kd7 Bxc7 Qe8,10,
1833,1803,black,300+0,b3 d5 Bb2 e6 Nf3 Nd7 g3 Ngf6 Bg2 Be7,10,
1797,2001,white,60+0,d4 c5 c4 e6 d5 exd5 cxd5 Nf6 Nc3 Bd6,10,
1287,1365,black,300+8,e4 e5 Qh5 Nc6 Bc4 g6 Qf3 Nf6 d3 Nd4,10,
1547,1576,black,60+0,g3 e5 Bg2 d5 e3 Nf6 Qe2 e4 f3 Nc6,10,
1882,1936,black,60+0,d4 c6 Nf3 d5 c4 e6 cxd5 exd5 Nc3 Nf6,10,
1799,1860,black,180+3,e4 e5 Nf3 Nc6 Bc4 Nf6 c3 Be7 d3 O-O,10,
1263,1274,black,300+0,e4 a5 d3 Ra6 a4 h5 Be2 e5 f3 Rg6,10,
1661,1566,white,660+6,e4 e5 Nf3 d6 Bc4 h6 d3 Bg4 h3 Bh5,10,
1669,1467,white,240+1,d4 d5 Nf3 c6 e3 Bg4 Be2 Nd7 h3 Bxf3,10,
1429,1511,white,360+8,e4 e5 d4 exd4 Qxd4 Nc6 Qc4 Nf6 Bd3 Na5,10,
1542,1537,white,0+1,e4 b6 Nf3 Bb7 Bc4 e6 d3 Qe7 O-O d5,10,
1585,1666,white,240+0,e4 e5 Nf3 Nf6 Nc3 d6 Bc4 Be7 d3 O-O,10,
1461,1131,white,360+3,e4 e5 Bc4 Nf6 Nf3 Nc6 Ng5 d5 exd5 Nxd5,10,
1206,1124,white,900+5,d4 Nf6 e3 d5 Nf3 c6 Bd3 a5 O-O e6,10,
1945,1872,black,60+0,e4 c5 Nf3 Nc6 Bb5 Nd4 Bc4 e6 c3 Nxf3+,10,
1406,1622,black,600+0,e4 e5 Nf3 Nf6 Nxe5 Nc6 Nxc6 dxc6 Bd3 Bc5,10,
1460,1675,black,240+1,e4 e5 Nf3 Nc6 Bb5 d6 Bxc6+ bxc6 c4 c5,10,
1750,1447,white,300+5,e4 c6 Nc3 e5 Nf3 d6 h3 Nd7 Bc4 Be7,10,
1518,1885,black,180+0,e4 c5 Bc4 Nc6 c3 e6 Qf3 Nf6 d3 Be7,10,
1605,1286,white,180+0,d4 a5 Nc3 Ra6 Bf4 h5 e4 Rf6 Bg3 e6,10,
1607,1525,white,60+0,d4 b6 c4 Bb7 Nc3 e6 e4 Qe7 Nf3 f6,10,
1886,1932,black,60+0,e4 b6 d4 Bb7 Nd2 e6 Ngf3 Nf6 Bd3 c5,10,
1814,1821,black,300+0,d4 b5 Nf3 Bb7 e3 b4 Be2 e6 O-O a5,10,
1756,1653,white,240+0,e4 e5 d4 d6 Nf3 Nc6 dxe5 Nxe5 Nxe5 dxe5,10,
1618,1516,white,60+0,e4 b6 Bc4 Bb7 Qf3 e6 Nh3 Qe7 d4 d5,10,
1128,1617,black,60+0,e4 e5 d3 Nc6 Be2 Bc5 Nf3 d6 O-O h6,10,
1677,1221,white,180+3,d4 d5 Nf3 e6 c4 dxc4 Nc3 Nf6 Bg5 Be7,10,
1794,1533,white,900+10,e4 e6 Nf3 d5 exd5 Qxd5 Nc3 Qc6 Bb5 Qxb5,10,
1942,1876,black,60+0,f4 e6 Nf3 d5 e3 c5 b3 Nc6 Bb5 Bd7,10,
1563,1462,white,600+0,e4 e6 Bc4 a6 d3 d6 Nc3 Nf6 Qf3 Be7,10,
1666,1820,white,300+0,e4 c5 Nc3 d6 a3 Nc6 Bc4 g6 d3 Bg7,10,
1595,1814,black,60+0,e4 e6 Nf3 d5 exd5 exd5 d4 Nf6 c4 c5,10,
1559,1544,white,180+3,e4 c5 Bc4 e6 c3 Nc6 Nf3 Be7 O-O d6,10,
1662,1628,black,300+8,e4 d5 exd5 Qxd5 Nc3 Qe6+ Qe2 Qxe2+ Ngxe2 Be6,10,
1698,1616,black,1800+30,d4 e6 e4 c5 Nf3 d5 Qe2 Bd7 e5 a6,10,
1418,1498,black,120+4,e4 e5 Nf3 Nc6 Bc4 d6 h3 h6 d4 exd4,10,
1659,1663,black,540+8,e4 e5 Nf3 d6 Nc3 h6 Bc4 c6 O-O a5,10,
1508,1618,black,60+0,e4 e5 d4 exd4 Qxd4 Nc6 Qc3 Bb4 Qxb4 Nxb4,10,
1797,1794,black,120+0,Nf3 d6 b3 e5 Bb2 f5 e3 Nf6 c4 Nc6,10,
1344,1508,black,0+1,d4 b6 c4 Bb7 e4 e6 Nc3 Qe7 Nf3 f6,10,
1587,1817,white,60+0,d4 c6 c4 d6 Nc3 Nd7 Nf3 Qc7 Bf4 e5,10,2633.27
1626,1355,white,60+0,e3 e5 d3 Nc6 h4 d6 e4 Nf6 Bg5 Bg4,10,
1890,1928,black,60+0,Nf3 e6 d4 d5 g3 c6 Bg2 Nf6 O-O Be7,10,
1627,1515,white,0+1,e4 b6 Nf3 Bb7 d4 e6 e5 Qe7 Nc3 f6,10,
1513,1805,black,180+0,e4 d6 Bc4 c5 c3 Nc6 Qf3 Ne5 Qe2 Bg4,10,
1545,1773,black,420+8,d4 f5 Nc3 e6 Nf3 Nf6 e4 fxe4 Nxe4,9,
1748,1838,black,300+2,e4 c6 d4 d5 Nc3 dxe4 Nxe4 Nf6 Nxf6+ exf6,10,
1764,1646,black,240+0,e4 c5 Nf3 e5 Nxe5 d6 Nf3 Nc6 d4 cxd4,10,
1763,1671,white,300+5,d4 d5 Nf3 Bf5 Nc3 e6 e3 a6 Bd2 Bd6,10,
1609,1482,white,120+1,e4 e5 Nf3 Nc6 Bc4 Nd4 Nxe5 Qg5 Bxf7+ Ke7,10,5919.98
1613,1248,white,180+0,d4 d5 Nc3 Nf6 Bf4 Nc6 Nb5 Kd7 Bxc7 Qe8,10,
1807,1741,black,300+3,e4 Nf6 e5 Nd5 d4 d6 c4 Nb6 f4 Nc6,10,
1938,1880,black,60+0,e4 c5 Nf3 Nc6 Bb5 Qb6 Bxc6 Qxc6 Nc3 d6,10,
1717,1728,white,600+5,e4 d5 exd5 Nf6 Nc3 Nxd5 Nxd5 Qxd5 Nf3 Bg4,10,
1636,1507,white,0+1,d4 e6 c4 Qe7 Nc3 f6 Nf3 g5 h3 h5,10,
1489,1451,black,720+8,d4 e6 c3 a5 Nf3 Ra6 e4 Rb6 e5 d6,10,
1712,1389,white,300+2,e4 e5 f4 Nc6 Nf3 d6 Bc4 Bg4 d3 Bxf3,10,
1570,1533,white,180+3,e4 c5 Bc4 Nc6 c3 Na5 Bb5 a6 Ba4 b5,10,
1877,1577,black,300+20,e4 e5 Nf3 d6 d4 exd4 Nxd4 Nc6 Bb5 Bd7,10,
1890,1729,white,180+0,e4 c5 Nf3 d6 Nc3 e5 Bc4 f5 d3 f4,10,
1216,1372,black,300+8,e4 e5 Qf3 Nf6 Bc4 a6 Bb3 Nc6 Qc3 Bb4,10,
1893,1925,white,60+0,c4 c6 d4 d5 cxd5 cxd5 Nc3 Nf6 Nf3 e6,10,
1671,1525,black,420+4,e4 e5 Bc4 Bc5 Qh5 Qf6 Bxf7+ Qxf7 Qxe5+ Qe7,10,
1644,1499,white,0+1,d4 b6 c4 Bb7 Nc3 e6 e4 Qe7 d5 exd5,10,
1624,1754,white,480+5,d4 d5 h3 Nf6 Nf3 e6 Bg5 Be7 a3 Ne4,10,
1620,1448,black,180+0,d4 d5 Nc3 e6 a3 Bd6 e4 dxe4 Nxe4 Ne7,10,
1805,1819,white,60+0,d3 e6 e4 d5 exd5 exd5 Nc3 Nf6 Nf3 c5,10,
1507,1551,white,180+0,e4 e5 Bc4 Nf6 Qf3 Nc6 c3 Bc5 d3 d6,10,
1688,1682,white,300+0,d4 d5 f4 Bf5 Nf3 Nf6 a3 e6 e3 h6,10,
1723,1902,black,180+0,d4 g6 b3 Bg7 Bb2 e6 a3 Ne7 e3 O-O,10,
1660,1749,black,240+0,e4 d5 exd5 e5 Nf3 e4 Ng1 Nf6 Bc4 Bc5,10,
1360,1409,white,360+0,e4 e5 Bc4 d6 d4 exd4 Nf3 c5 e5 Be6,10,
1732,1804,white,240+0,d4 d5 c3 e6 Nd2 Nf6 Ngf3 c5 g3 b6,10,
1679,1785,white,180+3,d4 d5 Nf3 Nc6 c4 dxc4 Nc3 e6 Bf4 a6,10,
1515,1554,white,600+8,d4 d5 Bg5 f6 Bd2 Nc6 e3 Bf5 Nc3 e6,10,
1913,1905,white,60+0,e4 d5 Nc3 d4 Nce2 c5 Ng3 Nc6 Bc4 Qc7,10,
2044,1812,white,240+0,d4 d5 e3 Nc6 c4 dxc4 Bxc4 e5 d5 Nce7,10,
1913,1717,white,180+0,e4 c5 Nf3 d6 Bc4 e5 O-O f5 c3 f4,10,
1894,1924,black,60+0,d4 Nf6 c4 e5 dxe5 Ng4 Nf3 Bc5 e3 Nc6,10,
1807,1768,white,60+0,d4 Nf6 c4 e6 Nc3 c5 d5 d6 Nf3 exd5,10,
1630,1657,white,480+5,e4 e5 Nf3 d6 h3 Nc6 d4 exd4 Nxd4 Bd7,10,
1934,1884,white,60+0,e4 c5 Nc3 g6 f4 Bg7 g3 Nc6 Bg2 h5,10,
1638,1819,black,480+5,d4 e6 h3 d5 a3 Nf6 Nf3 c5 c3 Nc6,10,
1524,1754,black,300+5,c4 g6 Nc3 Nf6 g3 Bg7 Bg2 O-O Nf3 c6,10,
1723,1778,black,300+8,e4 c5 Nf3 d6 d4 cxd4 Nxd4 Nf6 Nc3 Nc6,10,
1500,1539,white,120+0,e4 e5 Nc3 Nf6 Bc4 Bc5 d3 h6 Nge2 O-O,10,
1500,1605,black,300+8,e4 e5 Qh5 Nc6 Bc4 g6 Qf3 Qf6 Qe2 Nd4,10,
1669,1889,black,660+6,e4 c5 Bc4 Nc6 Nf3 a6 Ng5 e6 Qf3 Qf6,10,
1645,1506,black,300+8,d4 d6 Bf4 e6 e3 Be7 Nf3 b6 Bd3 Bb7,10,
1817,1784,white,60+0,d4 c6 c4 d6 Nc3 Nd7 Nf3 Qc7 g3 e5,10,
1874,1943,black,60+0,e4 c6 d4 d5 e5 e6 Nf3 Ne7 Be2 Nd7,10,
1516,1433,black,180+5,d4 g6 e4 d6 Nf3 Bg7 Nc3 Nc6 d5 Ne5,10,
1695,1526,white,120+0,d4 d5 Nf3 Nc6 Bg5 Bf5 e3 a6 c3 f6,10,
1594,1539,white,300+0,e4 e5 f4 exf4 Nf3 Nc6 Bc4 d6 Nc3 Nf6,10,
1754,1788,black,300+3,e4 e5 Nf3 Nc6 Bc4 Bc5 d3 Nf6 O-O d6,10,
1580,1782,white,180+3,e4 c6 Bc4 d5 exd5 cxd5 Bb3 Bf5 d4 a6,10,
2049,1808,black,240+0,d4 Nf6 c4 e5 d5 Bc5 Nc3 e4 Bg5 Bxf2+,10,
1216,1446,draw,600+20,d4 d5 Nf3 Bg4 e3 Nf6 h3 Bf5 Bd3 Ne4,10,
1684,2006,white,300+0,e4 d6 d4 Nf6 Nd2 g6 c3 Bg7 Bd3 c5,10,
1552,1766,black,120+0,e4 d5 exd5 Qxd5 Nc3 Qd8 d4 c6 Bf4 Nf6,10,
1756,1827,black,60+0,e4 e6 d4 d5 e5 f6 exf6 Nxf6 Nf3 c5,10,
1595,1664,white,180+3,e4 c6 Nf3 d5 exd5 Nf6 d4 g6 Bc4 Bg7,10,
1671,1699,white,300+0,e4 e5 Nc3 d6 a3 c5 Bc4 Nc6 d3 h6,10,
1585,1785,white,180+0,d4 d5 Nc3 e6 a3 Qf6 e4 dxe4 Nxe4 Qg6,10,
1644,1643,black,480+5,e4 d5 exd5 Nf6 Nc3 e6 g3 exd5 Bg2 Be6,10,
1952,1866,white,60+0,f4 d5 e3 c5 Bb5+ Nc6 Bxc6+ bxc6 Nf3 Nf6,10,
1793,2197,black,120+0,e4 c5 d3 Nc6 Nf3 g6 Be2 Bg7 O-O e6,10,
1792,1758,black,300+0,d4 e5 dxe5 d5 exd6 Bxd6 b3 Nc6 Bb2 Nf6,10,
1732,1523,white,300+5,d4 Nf6 Nf3 g6 Bf4 d5 e3 Bg4 Be2 Bg7,10,
1700,1807,black,180+0,e4 e6 d4 d5 exd5 exd5 Bd3 c5 Be3 c4,10,
1655,1445,black,600+0,d4 Nf6 Bg5 g6 Nc3 Bg7 Bxf6 Bxf6 e4 O-O,10,
1511,1454,white,240+8,e4 e6 Nf3 a6 d4 d6 Be2 Be7 e5 d5,10,
1836,1744,white,60+0,d4 Nf6 c4 e6 Nc3 c5 Nf3 cxd4 Nxd4 Bc5,10,
1530,1603,white,300+0,d4 d5 c4 e6 Nc3 Nf6 e3 Nc6 Nf3 Bb4,10,
1758,1665,white,480+5,e4 e6 d4 d5 e5 c5 Nf3 Nc6 b3 cxd4,10,
1857,1961,draw,60+0,c4 c6 Nf3 d6 Nc3 Nf6 b3 g6 Bb2 Bg7,10,
1528,1434,black,180+0,e4 e6 Bc4 d5 exd5 exd5 Bb3 Nf6 d4 c5,10,
1755,1695,white,180+3,e4 e6 d4 d5 Nc3 Bb4 e5 c5 a3 cxd4,10,
1663,1798,black,300+5,e4 e5 Bc4 Be7 c3 d6 d3 Nf6 Nf3 Bg4,10,
1734,1844,white,60+0,e4 e6 d4 d5 e5 f6 Nf3 fxe5 Nxe5 c6,10,
1630,1813,black,60+0,e4 d5 e5 d4 Bb5+ c6 Be2 Bf5 d3 e6,10,
1535,1417,white,0+3,e4 Nf6 Nc3 g6 d4 e6 Bg5 Bg7 e5 h6,10,
1846,1738,black,300+2,e4 c5 Nf3 Nc6 d4 cxd4 Nxd4 d6 Nc3 Nf6,10,
1790,1446,white,120+0,e4 c5 d3 Nc6 Nf3 e5 Be2 Nf6 O-O Be7,10,
1590,1543,white,300+0,e4 e5 f4 exf4 Nf3 Nc6 Bc4 h6 d4 d6,10,
1540,1496,white,420+4,d4 c5 dxc5 Qa5+ Bd2 Qxc5 Nc3 e6 e3 Nf6,10,
1802,1744,white,300+3,e4 Nf6 e5 Nd5 c4 Nb6 d4 d6 f4 dxe5,10,
1830,1752,white,60+0,d3 Nf6 d4 e6 c4 c5 Nc3 cxd4 Qxd4 Nc6,10,
1957,1860,white,60+0,e4 d5 Nf3 dxe4 Ng5 Nf6 Bc4 e6 Nc3 Nbd7,10,
1485,1604,black,300+2,e4 e5 Nf3 Nc6 Bb5 Bd6 d3 h6 Nc3 Nce7,10,
1741,1839,white,60+0,e4 e6 e5 d5 Nf3 f6 d4 fxe5 Nxe5 a6,10,
1827,1702,white,300+0,e4 c6 d4 d5 Nc3 dxe4 Nxe4 Nf6 Nxf6+ exf6,10,
1839,1741,black,60+0,d4 Nf6 c4 g6 Nc3 Bg7 Nf3 O-O g3 c5,10,
1299,1674,white,420+3,e4 e5 d4 exd4 Bd3 Nc6 Nf3 d6 a3 Nf6,10,
1624,1441,white,60+0,e4 b6 Bc4 Bb7 Bd5 Bxd5 exd5 c6 Qf3 g6,10,
1607,1460,white,240+3,e4 d5 exd5 Qxd5 d4 Qe4+ Be2 Qxg2 Bf3 Qg6,10,
1663,1466,black,600+8,e4 d5 e5 e6 d4 g5 Nf3 Bh6 h4 g4,10,
1852,1965,black,60+0,c4 c6 Nf3 d5 g3 dxc4 Bg2 Nf6 O-O b5,10,
1821,1869,black,180+3,e3 e5 Ne2 g6 c3 e4 d4 exd3 Qxd3 Bg7,10,
1857,1638,white,300+20,e4 e5 Nf3 Nc6 Bc4 h6 d4 exd4 Nxd4 a6,10,
1758,1825,black,60+0,e4 e5 f4 exf4 Nf3 Nf6 Bc4 Nxe4 O-O Ng5,10,
1558,1500,black,0+3,d4 e6 c4 d5 cxd5 exd5 Bf4 Nf6 e3 Bd6,10,
1429,2202,black,120+0,e4 c5 Nf3 Nc6 Nc3 g6 d3 Bg7 Be2 Nd4,10,
1373,1418,white,360+0,e4 d5 e5 Nc6 d4 Bf5 Nf3 e6 Bb5 Ne7,10,
1614,1347,white,180+0,d4 d5 Nc3 Nf6 Bf4 e6 Nb5 Bd6 Qd2 O-O,10,
1533,1599,white,300+0,e4 d5 exd5 Nf6 Nc3 Nxd5 Nxd5 Qxd5 Nf3 Nc6,10,
1412,1630,black,60+0,e4 e5 Nf3 f6 Bc4 Bb4 Bxg8 Rxg8 O-O Qe7,10,
1470,1857,black,120+0,e4 d5 f3 dxe4 fxe4 e5 Nf3 Bd6 Bc4 Bg4,10,
1759,1780,black,300+5,e4 d5 exd5 Qxd5 Nc3 Qd8 h3 e6 Nf3 Nf6,10,
1973,1845,white,60+0,f4 d5 Nf3 g6 e3 Bg7 d4 c5 Bd3 Nc6,10,
1683,1905,black,300+0,e4 d6 Nc3 Nf6 a3 g6 h3 Bg7 Bc4 c6,10,
1873,1466,white,120+0,d4 f5 c3 Nf6 Bg5 d5 e3 e6 f3 Bd6,10,
1616,1704,black,120+1,e4 e6 d4 d5 e5 c5 c3 Nc6 Bb5 Qb6,10,
1834,1747,white,60+0,d4 Nf6 c4 d5 Nc3 dxc4 Nf3 c5 d5 e6,10,
1625,1532,black,0+1,g3 b6 Bg2 Nc6 c3 Bb7 b4 d5 b5 Na5,10,
1652,1692,white,180+0,e4 Nf6 Nc3 e5 Be2 Bb4 a3 Bxc3 dxc3 Nxe4,10,
1586,1546,white,300+0,e4 e5 f4 d6 Nf3 Nf6 Nc3 Nc6 Bc4 h6,10,
1500,1500,black,60+0,e4 g6 Nf3 Bg7 Bc4 b6 O-O e6 d4 Ne7,10,
1652,1420,white,300+8,e4 e5 Nf3 Nc6 Bc4 Nf6 d3 h6 Nc3 d6,10,
1878,1811,black,180+3,e4 e6 d4 h6 e5 d5 c4 dxc4 Bxc4 Ne7,10,
1425,1404,black,720+0,e4 e5 Nf3 Nc6 Nc3 Nf6 Bb5 d5 exd5 Nxd5,10,
1636,1389,white,60+0,e4 e5 Bc4 g6 Qf3 Bg7 Qxf7#,7,
1389,1636,white,60+0,e4 g6 Nf3 Bg7 g3 b6 Bg2 Bb7 c3 h5,10,
1609,1571,white,0+1,e3 b6 d3 c5 f3 Bb7 e4 d5 e5 f6,10,
1825,1656,draw,300+5,d4 d5 Nf3 Bf5 Bd2 e6 Nc3 Bd6 e3 Ne7,10,
1640,1371,black,60+0,e4 e6 Bc4 b6 d4 Bb7 d5 exd5 exd5 Qe7+,10,
1738,1842,black,60+0,e4 d5 exd5 Qxd5 Nc3 Qa5 Nf3 Bg4 Bc4 Nf6,10,
1838,1980,black,60+0,e4 Nf6 e5 Nd5 c4 Nb6 Nc3 d6 exd6 exd6,10,
1664,1510,white,660+6,e4 Nc6 Nf3 g6 Bc4 Bg7 Ng5 e6 Qf3 Ne5,10,
1428,2203,black,120+0,f4 g6 Nf3 Bg7 d4 f5 e3 Nf6 Nc3 O-O,10,
1620,1545,black,0+1,c3 d5 d4 c6 b3 f6 h3 e5 e3 e4,10,
1571,1502,white,600+0,e4 c5 Bc4 Nc6 d3 Nf6 Nc3 Ne5 h3 Nxc4,10,
1735,1815,white,300+3,e4 e5 Nf3 Nc6 Bc4 Bc5 O-O Nf6 Ng5 O-O,10,
1462,1887,black,120+0,e4 d5 exd5 Qxd5 Nc3 Qd8 Bc4 e6 Nf3 Nf6,10,
1442,1622,white,60+0,e4 g6 Nf3 Bg7 g3 e6 Bg2 d6 O-O c6,10,
1850,1729,white,60+0,e4 Nf6 e5 Nd5 Nf3 d6 c4 Nb6 exd6 exd6,10,
1770,1694,white,300+0,e4 Nf6 e5 Nd5 d4 d6 exd6 cxd6 Nf3 Bg4,10,
1613,1453,white,240+3,e4 d5 exd5 Qxd5 d4 Qe4+ Ne2 Bg4 Nc3 Bxe2,10,
1680,1664,white,180+0,e4 c5 Nc3 e5 Bc4 d6 d3 Nf6 f4 exf4,10,
1633,1619,white,480+5,d4 g6 h3 Bg7 Nf3 d6 c3 Nd7 e4 Ngf6,10,
1605,1662,black,60+0,b3 g6 Bb2 f6 e3 Bg7 g3 b6 Bg2 c6,10,
1605,1500,black,60+0,e4 e6 Bc4 b6 d4 Bb7 d5 g6 dxe6 fxe6,10,
1848,1717,black,480+4,d4 Nf6 c4 g6 Nc3 c6 e4 d5 e5 Ng4,10,
1898,1459,black,120+0,d4 f5 Nc3 d5 f3 Nf6 Bg5 e6 e4 fxe4,10,
1657,1655,draw,240+0,d4 e6 c4 d6 e4 Nf6 Nc3 Be7 Bd3 b6,10,
1624,1431,white,180+0,d4 e6 a3 g6 Nc3 Bg7 Bf4 Nf6 Nb5 Nd5,10,
1259,1261,black,60+0,e4 b6 Nf3 Bb7 d3 d5 Nc3 e6 exd5 exd5,10,
1720,1987,black,60+1,e4 e6 d4 d5 exd5 exd5 Nf3 Nc6 Bd3 Bd6,10,
2204,1426,white,120+0,d4 g6 c4 Bg7 Nf3 e6 e4 Ne7 Nc3 O-O,10,
1745,1865,white,240+0,d4 Nf6 c3 d5 Nd2 Bf5 Ngf3 e6 g3 Bd6,10,
1547,1591,white,60+0,e3 g6 g3 Bg7 Bg2 e6 Ne2 c6 O-O d5,10,
1488,1779,black,120+0,d4 d5 f4 c6 e3 Nf6 Nf3 Ne4 Bd3 f5,10,
1589,1783,black,60+0,e4 g6 Nf3 Bg7 d4 b6 e5 Bb7 Nfd2 d6,10,
1537,1596,black,300+0,d4 d5 c4 e6 e3 Nf6 Nc3 Nbd7 b3 Bb4,10,
1657,1766,draw,480+5,e4 e5 Bc4 Nf6 d3 h6 f4 d6 Nf3 Nc6,10,
1384,1376,black,360+6,e4 e5 Nf3 d5 Nxe5 Qf6 d4 c5 f3 Nc6,10,
1413,1654,black,720+0,e4 e5 Nf3 d6 Nc3 h6 g3 c6 Bg2 Nf6,10,
1500,1563,black,900+0,e4 e5 d3 d6 Nf3 c6 Nc3 h6 Be3 Na6,10,
1459,1443,white,300+2,e4 e6 Nf3 d5 e5 d4 c3 dxc3 Nxc3 c6,10,
2159,1838,white,60+0,d4 g6 Nf3 Bg7 g3 e6 Bg2 Ne7 O-O O-O,10,
1509,1650,black,300+5,e4 e5 d4 exd4 Qxd4 Nc6 Qa4 Qe7 Bb5 Ne5,10,
1596,1578,white,0+1,c3 b6 d4 f5 f3 Bb7 g3 d5 Bg2 e5,10,
1271,1248,black,60+0,e4 c5 Bc4 Nc6 d4 cxd4 Bd5 e5 f4 d6,10,
1538,1401,black,300+10,Nc3 d5 d4 Nc6 Nf3 e6 e4 Nf6 Bg5 Be7,10,
1578,1584,black,60+0,e4 e6 Bc4 g6 d4 Bg7 d5 b6 dxe6 fxe6,10,
1627,1611,white,300+2,e4 e5 f4 exf4 Nf3 g5 Bc4 Bg7 c3 d6,10,
1608,1554,white,0+1,b3 e5 Bb2 Nc6 f3 d5 g4 Be6 Bg2 Qd7,10,
1798,1482,white,120+0,e4 e5 Nc3 d6 Bc4 Nf6 d3 Be6 Bb3 Be7,10,
1627,1551,white,1800+30,e4 e5 a3 Nf6 Qf3 Bc5 b4 Bd4 c3 Bb6,10,
1385,1420,white,360+0,e4 g6 d4 Bg7 c3 d5 e5 Bf5 Nf3 Bd7,10,
1363,1726,black,300+2,e4 e5 Bc4 Nf6 d3 c6 Nc3 Bc5 Nf3 d6,10,
1424,2205,black,120+0,e4 g6 Nf3 Bg7 d4 c5 dxc5 Qa5+ Nc3 Qxc5,10,
1619,1534,black,0+1,b3 e5 Bb2 d6 c4 f5 e3 Nf6 Qc2 Be7,10,
1567,1306,white,60+0,e4 Nf6 Bd3 Nc6 Nf3 e5 Bb5 Ne7 Nxe5 a6,10,
1506,1500,white,120+0,e4 e5 Nf3 d6 Bc4 Nc6 Bd5 Bd7 Bxc6 Bxc6,10,
1650,1894,black,540+5,e4 c5 Nf3 Nc6 Bc4 a6 c3 b5 Bd5 Bb7,10,
1547,1641,white,420+2,d4 d5 c4 e6 Nf3 Nf6 Bf4 Nc6 e3 Bd7,10,
1657,1655,white,240+0,d4 e6 c4 d5 e3 Nf6 Nc3 Nc6 a3 Bd7,10,
1370,1591,white,300+8,e4 d5 Qh5 Nf6 Qe5 dxe4 Bc4 e6 Qb5+ Nc6,10,
1259,1260,white,60+0,c4 Nc6 d4 d5 c5 e5 e3 exd4 exd4 g6,10,
1604,1562,black,0+1,b3 d5 Bb2 c5 e3 e6 f3 Nc6 d4 cxd4,10,
1814,1811,black,60+0,d4 g6 Bg5 Bg7 e3 h6 Bh4 g5 Bg3 b6,10,
1250,1270,black,60+0,e4 c5 d4 Nc6 dxc5 Qa5+ b4 Qxb4+ Bd2 Qxc5,10,
1620,1697,black,240+3,e4 e5 Nf3 Nc6 Bb5 Nd4 Nxd4 exd4 d3 a6,10,
1671,1654,white,660+6,e4 e5 Nf3 d6 Bc4 h6 d3 Qe7 Nc3 Be6,10,
1177,1365,black,900+0,e3 e5 d3 d5 b3 Nc6 Bb2 Bd6 h4 Bb4+,10,
1790,1835,black,300+0,d4 Nf6 c4 e5 dxe5 Ng4 Nf3 Nc6 Nbd2 Ngxe5,10,
1397,1205,white,360+0,e4 d5 d4 dxe4 d5 Nf6 c4 e6 Nc3 exd5,10,
1549,1531,black,420+4,d4 d5 c4 dxc4 e3 e5 d5 Nf6 Bxc4 c6,10,
1637,1685,black,180+2,e4 e6 d4 d5 e5 c5 Nf3 cxd4 Qxd4 Nc6,10,
1525,1737,black,1200+0,e4 e6 d4 Ne7 Nf3 Ng6 Nc3 Be7 Bd3 a6,10,
1111,1503,black,900+5,e4 e6 d4 Bb4+ Ke2 Qh4 f3 Nf6 Bd2 Bxd2,10,
1667,1637,black,240+0,d4 b6 c4 Bb7 Nf3 e6 e3 d6 b4 Be7,10,
1280,1240,white,60+0,e4 d5 Qf3 e6 Bb5+ c6 Ba4 Bb4 Bb3 a5,10,
1500,1408,black,300+8,e4 e5 Nf3 Nc6 Bc4 Nf6 d3 d5 exd5 Nxd5,10,
1770,1794,white,120+0,d4 d6 Bg5 g6 e4 Bg7 Qc1 Nf6 Bd3 O-O,10,
1643,1568,white,480+5,d4 d5 h3 Nf6 Nf3 Nc6 c3 e6 a3 Be7,10,
1401,1605,black,300+0,d4 d5 c4 e6 Nc3 Nf6 Nf3 Nbd7 e3 Bb4,10,
1571,1586,black,60+0,e4 d6 Bc4 e5 Nf3 Be6 Bxe6 fxe6 d3 Nf6,10,
1636,1531,black,180+0,d4 d6 e4 Nf6 Nc3 g6 Bg5 Bg7 Qd2 O-O,10,
1231,1289,black,60+0,e4 c5 f4 Nc6 g3 e5 Bh3 d5 exd5 Qxd5,10,
1781,1308,white,120+0,e3 e5 d3 d6 b3 Nc6 Bb2 f6 Nc3 Nge7,10,
1395,1453,draw,240+1,e4 d5 exd5 Qxd5 Nc3 Qa5 Nf3 Nc6 d4 Bg4,10,
1660,1904,black,480+5,e4 d6 d4 Nf6 Bd3 Nc6 Ne2 g6 O-O Bg7,10,
1452,1524,black,1200+0,e4 e5 Nf3 Nc6 Bc4 d6 O-O h6 Re1 Qf6,10,
1431,1492,black,300+2,d4 Nf6 e3 c6 a4 d5 b3 Bf5 h4 Nbd7,10,
1256,1436,white,240+0,e4 e5 d3 Bc5 Nh3 d6 Be3 Bxh3 gxh3 Bxe3,10,
1648,1659,white,480+8,e4 e5 Nc3 Bb4 Bc4 d6 Nge2 Nf6 d3 c6,10,
1612,1746,white,240+3,e4 e5 Nf3 d6 Bc4 Be6 Be2 Qf6 c3 Bg4,10,
1462,1416,draw,300+10,e3 c5 Nf3 d6 g3 Nf6 Bg2 h6 d4 g5,10,
1560,1606,black,60+0,e4 e5 Bc4 c6 Nf3 d5 exd5 cxd5 Bb5+ Bd7,10,
1661,1807,draw,300+5,e4 e5 Bc4 Be7 c3 Nf6 d3 d6 h3 O-O,10,
1297,1222,black,60+0,e4 d5 d4 dxe4 Nc3 f5 Bf4 Nf6 f3 Nc6,10,
1568,1348,white,300+2,d4 d5 e4 e5 dxe5 dxe4 Qxd8+ Kxd8 f4 Nc6,10,
1923,1686,black,300+0,f4 e5 Nf3 exf4 d3 d6 Bxf4 Bg4 Nc3 Bxf3,10,
1500,1609,black,120+1,e4 e5 Bb5 c6 Ba4 b5 Bb3 a5 Nf3 a4,10,
1695,1628,white,180+2,d4 d5 Nf3 Nc6 c4 dxc4 Nc3 e6 Bf4 Bb4,10,
1472,1729,white,180+2,d4 d5 Nf3 Nf6 e3 Nc6 Bd3 Bg4 Nbd2 e5,10,
1652,1698,black,480+5,d4 d5 h3 Nf6 Nf3 Bf5 a3 e6 Bf4 Bd6,10,
1443,1623,black,120+0,e4 b6 d4 Bb7 d5 e6 c4 exd5 cxd5 f5,10,
1579,1563,white,600+0,e4 e5 Bc4 Nc6 d3 Bc5 Nc3 Nf6 Bb3 Nd4,10,
1451,1397,black,240+1,e4 e6 Bc4 d5 exd5 exd5 Bd3 Nc6 c3 Nf6,10,
1292,1783,black,120+0,e4 b6 f4 Bb7 d3 g6 Nf3 Nf6 c3 Bg7,10,
1713,1672,white,300+0,e4 e5 f4 exf4 Nf3 Nc6 Bc4 Qf6 O-O Na5,10,
1540,1650,black,300+8,e4 c5 Bc4 e6 c3 Nc6 b3 a6 a4 Qc7,10,
1235,1285,black,60+0,Nf3 Nf6 d4 e6 Nc3 g6 e4 Bg7 e5 Nd5,10,
1503,1352,white,180+5,d4 d5 Bf4 Nc6 Nc3 Nf6 Nb5 Ne4 Nxc7+ Kd7,10,
1488,1549,white,900+0,e4 c5 Qf3 e6 d3 d5 Nc3 d4 Nb1 Bd6,10,
1817,1817,white,120+0,d4 d5 Nf3 e6 Bg5 f6 Bh4 c5 c3 cxd4,10,
1621,1653,white,240+0,e4 e5 Nf3 d6 h3 Nf6 Nc3 Be7 d4 O-O,10,
1453,1315,white,600+5,e4 Nf6 Nc3 e5 Bc4 d5 exd5 c6 dxc6 bxc6,10,
1781,1892,black,300+0,d4 d5 Nf3 Nc6 Bf4 Nf6 e3 Bf5 Bb5 e6,10,
1642,1699,white,480+5,d4 c6 h3 d5 Nf3 Bf5 a3 e6 Bg5 Nf6,10,
1403,1214,black,360+0,e4 e5 Bc4 Nf6 d3 Nc6 Nf3 a6 a4 d6,10,
1648,1544,white,600+8,e4 e5 Bc4 Nf6 Nc3 Bb4 Nge2 d6 h3 a6,10,
1863,1887,white,300+20,e4 d5 exd5 Qxd5 Nc3 Qe5+ Qe2 Nc6 Nf3 Qd6,10,
1294,1226,black,60+0,e4 Nf6 Nc3 d5 d4 Nxe4 Nxe4 dxe4 Be3 f5,10,
1656,1606,draw,300+0,d3 g6 e3 d6 c4 Nd7 d4 Bg7 Nf3 e5,10,
1626,1384,white,240+3,e4 e5 Nf3 Nc6 Bc4 h6 O-O Bc5 c3 d6,10,
1336,1531,black,300+8,d4 e6 e3 d5 a3 b6 Nc3 c5 dxc5 bxc5,10,
1422,1382,white,240+0,e4 e5 Nf3 d6 Bc4 Nh6 d4 f6 Bxh6 gxh6,10,
1785,1279,white,120+0,e4 e5 d3 Nc6 Nf3 d6 Be2 Nge7 O-O f5,10,
1650,1335,white,300+0,d4 d5 c4 c5 cxd5 cxd4 Qxd4 Nc6 Qa4 Qxd5,10,
2129,1857,black,60+0,e4 e6 d4 d5 exd5 exd5 Bd3 Nf6 Ne2 c5,10,
2107,1870,white,60+0,e4 e6 d4 d5 exd5 exd5 Nc3 Nf6 Bd3 c5,10,
1238,1281,black,60+0,e4 e5 Bc4 Nc6 Qh5 Qf6 Nf3 g6 Qg5 Qxg5,10,
1500,1515,black,120+0,e4 e5 Bc4 Nc6 d3 Bc5 Nf3 Qf6 O-O d6,10,
1875,2100,black,60+0,d4 b6 c4 Bb7 Nc3 e6 Nf3 Bb4 Bd2 Ne7,10,
1519,1422,white,300+2,e4 e6 d4 d5 e5 a6 Nf3 h6 Bd3 Be7,10,
1642,1633,black,240+0,e4 e5 Nf3 Nc6 Be2 Nf6 O-O Nxe4 d3 Nf6,10,
1691,1716,white,300+8,e4 e5 Bc4 Nc6 Nc3 Nf6 d3 Bb4 a3 Ba5,10,
1563,1856,black,120+0,e4 d5 exd5 Qxd5 Nc3 Qd8 Nf3 Nf6 Be2 c6,10,
1606,1266,white,180+0,d4 b6 Nc3 Bb7 Bf4 g6 Nb5 Bg7 Nxc7+ Kf8,10,
1865,2115,black,60+0,d4 b6 c4 Bb7 Nc3 e6 Nf3 Bb4 g3 Ne7,10,
1656,1631,black,240+0,d4 e6 c4 Bb4+ Bd2 Qe7 a3 Bxd2+ Nxd2 e5,10,
1409,1371,white,720+0,e4 c5 Nf3 Nc6 Nc3 e6 b3 a6 Bb2 f6,10,
1750,1787,black,300+0,e4 e5 f4 exf4 Nf3 Nc6 Bc4 Nf6 O-O d6,10,
1460,1273,white,600+5,e4 Nf6 Nc3 e5 Bc4 d6 d3 Bg4 Nf3 Nc6,10,
1386,1434,black,240+1,e4 d5 d4 dxe4 c4 f6 d5 c6 Be2 Qd6,10,
1912,1656,white,480+5,e4 c6 d4 b5 c4 a6 Nd2 Bb7 Ngf3 e6,10,
1694,2116,black,120+0,d4 d5 c4 e6 Nc3 f5 e3 Nf6 cxd5 exd5,10,
1291,1229,black,60+0,e4 d5 d4 dxe4 Nc3 Bf5 Nge2 Nf6 f3 g5,10,
1373,1108,white,900+5,e4 e5 Nf3 Nc6 Bb5 a6 Bxc6 dxc6 Nxe5 Qf6,10,
1694,1326,white,120+4,c4 c5 b3 e5 e3 Nc6 Bb2 d5 Be2 a6,10,
1559,1868,black,120+0,e4 e5 Nc3 Nc6 f4 exf4 Nf3 g5 h3 Bg7,10,
1682,1579,white,660+6,e4 b6 Nf3 Bb7 Nc3 Nc6 Bc4 g6 Ng5 Nh6,10,
1479,1634,black,1800+30,d4 e6 e4 a6 e5 g6 Nf3 Bh6 Nc3 c6,10,
1241,1278,white,60+0,e4 c5 Bc4 Nc6 d4 e5 dxc5 Na5 b3 Nxc4,10,
1488,1523,white,120+0,e4 e5 Nf3 d6 Bc4 Nc6 Nc3 Be6 Bb3 d5,10,
1368,1533,white,1200+0,e3 d5 g3 e5 Qh5 Qf6 f4 Nd7 fxe5 Nxe5,10,
1326,1806,black,300+2,e4 e5 Bc4 Nf6 Nc3 Bb4 Nd5 Nxd5 Bxd5 c6,10,
1320,934,white,300+5,e4 Nf6 e5 Nd5 d4 f6 Bc4 e6 Nf3 fxe5,10,
1630,1500,black,240+3,e4 d6 Nf3 Nf6 e5 dxe5 Nxe5 e6 Nf3 Bd6,10,
1644,1631,white,240+0,e4 e5 Nf3 d6 h3 Nc6 d4 Be6 d5 Bxd5,10,
1782,1838,white,900+0,d4 Nf6 Nc3 d5 e4 dxe4 f3 exf3 Qxf3 e6,10,
1905,1774,black,300+0,e4 d5 exd5 Qxd5 Nc3 Qd8 Nf3 Nf6 Be2 e6,10,
1442,1643,black,300+8,e4 c5 Nf3 e6 a3 Nc6 Bb5 Nd4 Nxd4 cxd4,10,
1793,1665,draw,300+5,Nf3 Nc6 d4 d5 e3 Bg4 c4 e6 Nc3 Bb4,10,
1623,1899,black,480+10,e4 c5 Nf3 Nc6 c3 a6 d3 e6 d4 cxd4,10,
1593,1705,draw,180+3,e4 e6 d4 d5 Nc3 Bb4 Qg4 Bf8 e5 Nd7,10,
2121,1861,white,60+0,e4 e6 d4 d5 exd5 exd5 Nc3 Nf6 Bg5 Be7,10,
1625,1879,black,120+0,d4 d5 c4 Nf6 cxd5 Nxd5 Nf3 Bg4 Bd2 c6,10,
1692,1857,black,60+0,d4 e6 c4 d5 Nc3 Nf6 e3 c5 Nf3 cxd4,10,
1656,1556,white,600+8,e4 e5 Bc4 Nf6 Nc3 d6 h3 c6 d3 b5,10,
1537,1551,white,480+0,d4 d5 c4 c6 c5 b6 b4 bxc5 bxc5 g6,10,
1267,1253,black,60+0,e4 d5 exd5 Qxd5 Nc3 Qg5 d3 Qf6 Be2 Bf5,10,
1607,1654,black,300+0,e4 e6 Nf3 d5 exd5 Qxd5 Nc3 Qd8 Bc4 Nf6,10,
1466,1590,black,600+0,e4 e5 Nf3 Nc6 Bc4 Bc5 d3 d6 Bg5 Nf6,10,
1705,1389,white,300+8,e4 h6 d4 e6 Nf3 c6 Nc3 a6 Bd3 Bb4,10,
1328,1347,white,300+2,e4 e5 Bc4 c5 d3 Nc6 Qf3 f6 Bg5 Be7,10,
1377,929,white,300+5,e4 Nf6 Bc4 Nxe4 Qf3 Nd6 Bb3 Na6 Ne2 Nc5,10,
1863,2274,black,60+0,d4 d5 c4 e6 Nc3 Nf6 Nf3 Be7 g3 O-O,10,
1621,1621,black,180+3,e4 e5 Nf3 Nf6 Nc3 d6 Bb5+ Bd7 Be2 Be7,10,
1510,1523,black,300+8,e4 e5 Qh5 Nc6 c3 Nf6 Qh4 Be7 Bb5 O-O,10,
1497,1390,black,-,e4 e5 d4 exd4 Nf3 c5 Bd3 Nc6 c3 dxc3,10,
1501,1658,black,900+0,e4 c5 Qf3 e6 d3 Nc6 c3 Ne5 Qg3 Nc6,10,
1892,1798,black,120+0,d4 e6 Nf3 d5 g3 Nf6 Bg2 Bd6 c3 O-O,10,
2276,1861,white,60+0,e4 e6 Nc3 d5 d3 dxe4 Nxe4 f5 Nc3 Nf6,10,
1679,1788,black,420+8,d4 b6 c4 Bb7 Nf3 Nf6 g3 e6 Bg2 Be7,10,
1645,1677,white,240+0,d4 b6 c4 Bb7 Nf3 g6 e3 Bg7 Nc3 Nf6,10,
1771,1385,white,300+8,d4 d5 c4 e6 Nc3 c6 e3 h6 Nf3 Nf6,10,
1803,1018,white,300+15,e3 e5 Ne2 d5 Ng3 Nf6 Be2 Nc6 O-O Bc5,10,
1711,1541,white,300+8,e4 e5 Nf3 Nc6 Bc4 d6 Nc3 Bg4 h3 Bxf3,10,
1582,1520,black,1200+0,e4 e5 Nf3 Nc6 d4 Bd6 a3 Nf6 Nc3 exd4,10,
1664,1219,white,600+2,e4 e5 Nf3 Nc6 Bc4 h6 Nc3 d6 O-O f5,10,
1796,1797,white,180+0,e4 e5 Nf3 Nc6 d4 exd4 Nxd4 Bc5 Nxc6 Qf6,10,
1320,1431,white,300+1,e4 d5 Nc3 d4 Nb1 e5 f3 Bc5 h3 Qg5,10,
1714,1880,black,300+0,e4 d5 exd5 Qxd5 Nc3 Qd8 d4 Nf6 Nf3 e6,10,
1861,1823,white,300+8,e4 c5 f4 Nc6 Nf3 d6 Be2 g6 d3 Bg7,10,
1788,1752,white,300+0,d4 e6 c4 d5 e3 Nf6 Nf3 Be7 Nbd2 O-O,10,
1210,1516,black,1200+0,e4 e5 d4 exd4 Qxd4 Nc6 Qd1 Nf6 Bg5 Be7,10,
1635,1696,black,300+0,e4 e5 Qh5 Nc6 Bc4 g6 Qf3 Nf6 c3 Bg7,10,
1538,1611,white,420+2,d4 d5 c4 Nf6 Nf3,5,
1343,1336,draw,420+0,e4 e5 Nf3 d6 d4 exd4 Nxd4 c5 Bb5+ Bd7,10,
1505,1648,white,360+20,e4 Nf6 e5 Nd5 d4 e6 Nf3 Bb4+ c3 Ba5,10,
1796,1722,black,420+8,e4 c6 f4 d5 e5 Bf5 d4 e6 Nf3 Be7,10,
1398,1534,black,600+4,d4 b6 e4 Nc6 Nf3 Bb7 d5 Nb4 Nc3 e6,10,
1633,1523,white,360+20,e4 e5 Nf3 Nc6 Bb5 d6 Bxc6+ bxc6 d4 Qe7,10,
1016,1243,white,300+15,d4 Nc6 Nf3 d5 e4 Nf6 Bb5 Qd7 Nc3 a6,10,
1642,1631,white,240+0,d4 d5 c4 e6 Nf3 Nf6 e3 Be7 Be2 O-O,10,
2279,1983,white,60+0,e4 c5 Nc3 e6 g3 a6 Bg2 Nc6 Nge2 b5,10,
1804,1795,black,180+0,d4 d5 g3 e6 Bg2 Nf6 a3 b6 c3 Bb7,10,
1806,1792,white,180+0,d4 d5 Nf3 h6 e3 Nf6 c4 c6 Nbd2 a6,10,
1418,1460,white,300+10,e4 e6 Nf3 b6 d4 Bb7 Bd3 Na6 O-O Nb4,10,
1424,1242,black,480+8,e4 e5 Nf3 Nc6 b3 Nf6 Nc3 d6 Bb2 Be7,10,
1793,1880,white,180+0,g3 d5 Bg2 c6 b3 Bf5 Bb2 e6 h3 h6,10,
1419,1445,white,720+0,e4 e6 d4 a6 f4 d6 Nf3 Nc6 Nc3 Na7,10,
1473,1575,black,300+8,e4 e5 Qh5 Nc6 Bb5 Nf6 Qf5 d6 Qg5 Bd7,10,
1668,1782,white,300+5,e4 d6 d4 e6 Bd3 Ne7 f4 Nd7 Nf3 c6,10,
1553,1313,white,420+2,d4 g6 c4 Bg7 Nf3 Nc6 Bf4 d6 e3 e5,10,
1553,1574,black,180+3,d4 c5 e4 cxd4 Qxd4 Nc6 Qd1 e5 a3 d6,10,
1878,1515,white,300+20,e4 c5 Nf3 e6 d4 d5 exd5 Qxd5 Nc3 Qd8,10,
1903,1846,black,180+0,e4 d5 exd5 Nf6 Nc3 c6 dxc6 Nxc6 Nf3 e5,10,
1694,1654,white,300+0,e4 e5 f4 exf4 Nf3 d5 exd5 Qxd5 Nc3 Qd8,10,
1890,1999,black,180+0,e4 d5 exd5 Qxd5 Nc3 Qa5 Nf3 Nf6 Be2 c6,10,
2283,1980,white,60+0,e4 c5 Nc3 e6 g3 a6 Bg2 b5 Nge2 Bb7,10,
1704,1782,black,300+3,e4 e5 d4 exd4 c3 d5 exd5 Qxd5 cxd4 Nc6,10,
1763,1551,white,180+1,e4 Nc6 d3 e5 Nf3 h6 Be2 Nf6 O-O Bc5,10,
1785,1866,white,300+8,e4 e5 Bc4 Nf6 Nc3 Bb4 d3 Bxc3+ bxc3 d5,10,
1890,1865,black,180+0,e4 d5 exd5 Qxd5 Nc3 Qd6 Nf3 Nf6 d3 c6,10,
1491,1807,black,660+8,e4 e5 Nf3 Nc6 c3 Bc5 d4 exd4 cxd4 Bb6,10,
1537,1606,white,300+5,e4 e5 Bc4 d6 Nf3 Bg4 h3 Bh5 Nc3 c6,10,
1538,1547,black,420+4,d4 d5 Bf4 e6 a3 Bd6 g3 Bxf4 gxf4 Nc6,10,
1339,1149,black,840+0,e4 d5 e5 c6 d3 Qc7 Nf3 h6 d4 g5,10,
1741,1682,white,300+5,d4 d5 e3 Bf5 Nd2 e6 c4 c6 cxd5 exd5,10,
1272,1520,black,1200+0,d4 d5 e3 Nf6 h3 e6 Bd3 a6 a3 b5,10,
1550,1509,white,300+5,e4 e5 Bc4 Nc6 Nf3 Nf6 Ng5 d5 exd5 Nd4,10,
1410,1482,white,-,e4 e5 Nc3 Nf6 Nf3 d6 d4 Nc6 d5 Nd4,10,
1245,1500,white,120+0,c4 c5 b4 cxb4 d4 d6 Qa4+ Bd7 Qxb4 a5,10,
1782,1816,white,180+0,d4 d5 b3 e6 Ba3 Bxa3 Nxa3 Nf6 g3 O-O,10,
1320,1441,black,480+0,e4 e5 Nf3 d6 Nc3 Bg4 Bc4 Bxf3 Qxf3 f6,10,
1609,1209,white,180+3,e4 e5 Nf3 Nc6 Bb5 d6 h3 Bd7 c3 Nf6,10,
1666,1685,white,600+2,e4 c6 c4 a6 d4 b5 Nc3 bxc4 Bxc4 e6,10,
1622,1421,white,660+8,e4 e5 Nf3 Nc6 Bb5 Nf6 Nc3 Bb4 d3 d5,10,
1785,1218,white,180+4,e4 e6 d4 b6 Nf3 Ba6 Bxa6 Nxa6 Qe2 g6,10,
1569,1534,black,1200+0,e4 e5 Nf3 Nc6 d4 exd4 Nxd4 Nxd4 Qxd4 c5,10,
1343,1344,black,420+0,e4 e5 Nf3 Nc6 Nc3 Nf6 d4 exd4 Nxd4 Bb4,10,
1543,1585,black,180+3,d4 c5 Nf3 cxd4 Qxd4 Nc6 Qd1 e5 a3 d6,10,
1258,1500,black,120+0,c4 e6 d4 Ne7 Nc3 Ng6 e3 Be7 Bd2 d6,10,
1631,1723,white,300+0,e4 e5 f4 d6 Nf3 exf4 Bc4 Be6 Bxe6 fxe6,10,
1656,1600,white,240+0,d4 c5 d5 d6 c4 Bf5 Nc3 a6 e4 Bg6,10,
1878,1877,white,180+0,e4 d5 exd5 Qxd5 Nc3 Qd6 Nf3 Nf6 Be2 c6,10,
1434,1306,white,540+6,e4 e6 Nf3 d5 e5 Nc6 Nc3 f6 d4 fxe5,10,
1483,1650,black,600+0,c4 e5 e4 Nf6 Nc3 Bb4 d3 h6 a3 Bxc3+,10,
1500,1454,white,300+0,e4 e5 Qh5 Nc6 Bc4 Qf6 c3 Bc5 Nf3 g6,10,
1446,1484,black,240+3,e4 c5 Bc4 e6 d3 d5 exd5 exd5 Bb3 Nf6,10,
1458,1588,black,900+30,e4 e5 Nf3 Nc6 Bc4 Bc5 d3 Nf6 Bg5 d6,10,
1500,1326,black,180+8,e4 e5 Nf3 d6 d4 exd4 Nxd4 c5 Nb5 a6,10,
1976,2287,white,60+0,e4 d5 exd5 Qxd5 Nc3 Qd8 Nf3 Nf6 Bc4 e6,10,
1611,1194,white,180+3,e4 e5 Nf3 Nc6 Bb5 a6 Ba4 b5 Bb3 Nf6,10,
1366,1378,black,300+2,e4 c5 Bc4 a6 Nc3 e6 Nf3 b5 Be2 Nc6,10,
1521,1691,white,180+1,e4 e5 Nf3 d6 Bc4 c5 d3 Bg4 h3 Bxf3,10,
1859,2164,black,60+0,d4 c6 c4 d5 Nc3 g6 Nf3 Bg7 g3 Nf6,10,
1167,1322,black,840+0,e4 e5 Qh5 Nc6 Nf3 g6 Qg4 d6 Qg3 Nb4,10,
1673,1765,black,300+5,e4 e5 d4 exd4 Qxd4 Nc6 Qa4 Be7 c3 Nf6,10,
1685,1500,black,300+0,e4 e6 d4 Ne7 c4 Ng6 Nc3 Be7 Nf3 d6,10,
1851,1805,black,180+3,e4 d5 Nc3 dxe4 Nxe4 Nd7 Bc4 Ngf6 Qe2 e6,10,
1083,1408,black,300+15,d4 d5 c4 dxc4 Nc3 Nf6 e4 Bg4 f3 Be6,10,
1258,1648,black,540+8,e4 e5 Nf3 d6 d3 c6 c4 Nf6 d4 exd4,10,
1560,1662,black,300+5,e4 e5 Bc4 Nf6 Nf3 Bd6 Ng5 O-O Nc3 c6,10,
1514,1641,white,360+20,e4 e5 Nf3 Nc6 Nc3 Nf6 Bb5 Nd4 Nxd4 exd4,10,
1794,2008,black,180+0,d4 d5 g3 e6 Bg2 f5 a3 Nf6 b4 Be7,10,
1061,1322,white,120+1,e3 d5 g3 e5 Bh3 e4 Bxc8 Qxc8 b3 f6,10,
1868,1785,black,420+8,d4 f5 c4 Nf6 Nc3 e6 Bg5 Be7 e3 b6,10,
2168,1855,white,60+0,d4 e6 Nf3 d5 g3 Nf6 Bg2 c5 O-O cxd4,10,
1448,1525,black,1200+0,e3 d5 Nf3 e6 d4 Nf6 c4 c6 cxd5 cxd5,10,
1451,1172,white,900+15,e4 e5 Nf3 Bd6 d4 Nf6 dxe5 Nxe4 exd6 cxd6,10,
1685,1509,black,120+0,d4 e6 c4 d5 Nc3 dxc4 e3 Qd7 Bxc4 c6,10,
1441,1413,white,300+2,e4 e6 d4 h5 e5 d5 Nc3 Bb4 Bd2 Bxc3,10,
1852,2172,black,60+0,d3 d5 d4 c6 c3 g6 c4 Bg7 Nc3 dxc4,10,
1601,1654,white,300+2,d4 b6 e3 Bb7 Nf3 e6 a3 Qf6 b4 Bxf3,10,
