white_elo,black_elo,result,time_control,opening_moves,num_opening_moves,post_opening_acpl
1708,1690,white,600+0,e4 c6 b3 d5 exd5,5,
1661,1614,black,300+0,e4 c5 Nf3 Nc6 c3 a6 d4 cxd4 cxd4 d6,10,
1968,1893,white,300+0,d4 e6 c4 d5 Nc3 Nf6 cxd5 exd5 Bg5 Bb4,10,
1204,1461,black,300+0,e4 e5 c3 Nc6 Nf3 d6 d4 exd4 cxd4 Bg4,10,
1859,1772,white,600+0,e4 e5 f4 d5 Nc3 exf4 Nf3 dxe4 Nxe4 Nf6,10,
1882,1868,white,300+0,e4 c6 Nf3 d5 exd5 cxd5 d4 Nc6 Nc3 e6,10,
1867,1905,white,600+0,Nf3 c5 g3 d5 c4 dxc4 Nc3 b6 Bg2 Bb7,10,
1729,1703,white,300+0,b4 Nf6 Bb2 g6 e3 Bg7 Bc4 O-O d3 d5,10,
1926,1962,black,600+0,Nf3 d6 d4 Nf6 c4 g6 Nc3 Bg7 Bf4 O-O,10,
1570,1605,white,300+0,e4 c5 Bc4 Nc6 Nf3 e6 O-O Nf6 d3 Be7,10,
1740,1765,black,600+0,e4 e5 Nf3 d6 d4 exd4 Nxd4 Nc6 Be2 Nf6,10,
2064,2024,white,300+0,e4 e5 Nf3 Nc6 Bc4 Bc5 b4 Bxb4 c3 Be7,10,
1716,1739,black,600+0,e4 c6 f4 d5 e5 Bf5 d4 e6 Nf3 c5,10,
1776,1658,white,60+0,d4 d5 Bg5 h6 Bh4 f5 Bg3 g5 Nf3 f4,10,
1582,1580,black,180+0,e4 e5 Bc4 Nf6 Qf3 Be7 Nc3 d6 h3 Nbd7,10,
1865,1836,white,300+0,e3 e5 b3 d5 Bb2 Nc6 Bb5 Bd6 f4 Qe7,10,
1977,1930,black,180+0,e4 e5 d4 exd4 c3 dxc3 Bc4 Nc6 Nf3 Bc5,10,
1479,1614,black,180+0,e4 e5 Nf3 Qe7 d4 c6 dxe5 Nh6 Nc3 Na6,10,
2116,2166,black,300+0,d4 Nf6 c4 e6 Nc3 Bb4 Qc2 O-O a3 Bxc3+,10,
1802,1767,white,300+0,e4 e5 d4 exd4 Nf3 Nc6 Bc4 Nf6 c3 dxc3,10,
1790,1779,white,180+0,c4 e5 e3 d5 cxd5 c6 dxc6 Nxc6 Bb5 e4,10,
1775,1768,draw,180+0,e4 e5 Nf3 Nc6 Bb5 a6 Bxc6 dxc6 d4 exd4,10,
1996,2074,black,180+0,c3 e6 d4 d5 Nf3 Nf6 Bg5 Be7 Nbd2 O-O,10,
2116,2100,draw,60+0,Nf3 f5 g3 Nf6 Bg2 g6 O-O Bg7 b3 O-O,10,
1904,1891,white,180+0,e4 Nf6 e5 Nd5 d4 d6 c4 Nb6 exd6 cxd6,10,
1638,1636,black,180+0,d4 d5 e3 Nf6 Nf3 Bf5 g3 e6 Bg2 Bd6,10,
1729,1718,black,60+0,e4 d5 Nc3 dxe4 Nxe4 e5 Nf3 Nf6 Nxf6+ Qxf6,10,
1508,1441,black,60+0,d4 d5 Nf3 c6 e3 Nf6 g3 Nbd7 Bg2 e6,10,
1680,1769,black,180+0,d4 Nf6 c4 g6 Nc3 Bg7 e4 O-O e5 Ne8,10,
1672,1715,white,60+0,g3 c6 Bg2 d5 f3 Bf5 d3 e5 Be3 Nf6,10,
2175,2196,black,60+0,Nf3 d6 c4 g6 g3 Bg7 Bg2 Nf6 O-O O-O,10,
1895,1860,black,60+0,d4 e6 c4 Be7 Nc3 d6 e4 Bd7 f4 Nf6,10,
2045,2049,black,60+0,Nf3 Nf6 g3 g6 Bg2 Bg7 O-O O-O d3 b6,10,
1982,1983,draw,180+0,d4 e6 c4 f5 a3 Nf6 Nc3 Be7 e3 b6,10,
2019,1977,white,60+0,e3 Nf6 d4 e6 c4 d5 Nf3 dxc4 Bxc4 Nbd7,10,
1818,1852,black,60+0,e4 d5 Nf3 dxe4 Ng5 Nf6 d3 Bf5 h3 exd3,10,
2108,2084,black,60+0,e4 Nf6 Nf3 Nxe4 d4 Nf6 c4 d5 Nc3 dxc4,10,
1621,1561,black,60+0,b3 Nc6 a3 e6 Bb2 Bd6 e3 f5 Nf3 Nf6,10,
1405,1460,black,420+3,e4 e5 Qh5 Qe7 Nf3 d6 c4 Nf6 Qf5 Bxf5,10,
2018,2028,white,60+0,e4 c6 d4 d5 exd5 cxd5 f4 e6 Nf3 Nf6,10,
1702,1765,black,600+0,e4 e5 Nf3 d6 d4 exd4 Qxd4 a6 Bc4 Nc6,10,
1904,1963,white,60+0,e4 e6 d4 d5 exd5 exd5 Bd3 Nf6 Nf3 g6,10,
1691,1711,black,300+3,d4 Nf6 e3 g6 c4 Bg7 Nf3 d6 h3 O-O,10,
1400,1208,white,300+0,e4 e5 Qg4 Nf6 Qf3 Nc6 c3 Bc5 b4 Bb6,10,
1943,1689,white,30+0,g3 f5 Bg2 e5 d4 exd4 Qxd4 Nf6 Qd1 Nc6,10,
1850,1825,black,180+0,e4 c5 Qf3 Nc6 c3 g6 Bb5 Bg7 Bxc6 bxc6,10,
1831,1868,black,30+0,e4 g6 d4 Bg7 e5 f5 f4 d6 g4 dxe5,10,
1803,1997,black,60+0,e3 Nf6 b3 g6 Bb2 Bg7 Nc3 O-O Be2 c5,10,
1782,1875,white,60+0,d4 e6 c4 d5 Nc3 Nf6 cxd5 exd5 Bg5 Be7,10,
1951,2099,black,30+0,b3 d5 Bb2 c6 g3 Nf6 Bg2 e6 f3 Bd6,10,
1727,1855,black,600+0,e4 c5 Bc4 Nc6 Qf3 e6 c3 Ne5 Qe2 Nxc4,10,
1687,1806,black,60+1,e4 c5 Nf3 Nc6 d4 cxd4 Nxd4 Nf6 Nc3 e6,10,
1716,1599,white,300+0,Nf3 d5 e3 Nc6 d4 Bg4 c4 Bxf3 Qxf3 dxc4,10,
1714,1665,white,600+0,Nf3 Nc6 Nc3 e5 e4 Bc5 Bb5 Nd4 Nxe5 Nxb5,10,
2080,2004,white,180+0,e4 c5 b4 cxb4 a3 bxa3 Nxa3 d6 Nf3 g6,10,
1512,1617,black,600+0,e4 e6 d4 d5 c4 dxe4 Nc3 f5 g4 Nc6,10,
2547,2299,white,60+0,e4 e5 Nf3 Nc6 Bc4 Nd4 c3 Nxf3+ Qxf3 Qf6,10,2088.37
1380,1321,white,600+0,e4 c6 d4 d5 e5 Bf5 Nf3 e6 Bd3 Bxd3,10,
1839,1864,white,420+0,e4 e5 Nf3 d6 Bc4 h6 d4 f6 dxe5 fxe5,10,
1527,1387,black,600+0,c3 b6 d4 Bb7 e3 g6 Bb5 Bg7 Ne2 Bxg2,10,2772.53
1500,1327,black,180+0,e4 Nc6 Nf3 e5 c4 Nf6 Nc3 Bd6 Bd3 O-O,10,
1719,1594,white,660+8,e4 d5 exd5 Qxd5 Nc3 Qc5 d4 Qd6 Nf3 g6,10,18931.53
1674,1639,black,180+0,e4 e6 d4 d5 exd5 exd5 Nf3 Nf6 Nc3 Bg4,10,
1253,1430,white,180+0,e4 e5 Nf3 d6 Qe2 Bg4 Qd3 Nd7 Ng1 a6,10,
1137,1734,black,120+0,e4 g6 Bc4 Bg7 d3 e6 Nc3 Ne7 Bd2 b6,10,3048.24
1516,1369,white,300+0,e4 e6 d4 d5 e5 c5 c3 Qb6 Be3 Nc6,10,
1760,1818,white,180+0,e4 d5 exd5 Nf6 d4 c6 c4 cxd5 Nc3 dxc4,10,
2168,1623,white,180+0,d4 Nf6 c4 e6 Nc3 d5 Bg5 Be7 cxd5 exd5,10,
1523,1824,white,480+1,e4 e5 c3 Nf6 d3 h6 Nf3 Nc6 d4 exd4,10,
1459,1520,white,1500+0,b3 e5 d4 exd4 Qxd4 Nc6 Qe4+ Be7 Nc3 Nf6,10,
1590,1747,black,300+0,d4 d5 c4 dxc4 Nc3 Nf6 f3 e5 d5 Bb4,10,
1572,1630,white,240+0,d4 d5 Nc3 Nf6 Bg5 e6 e4 Be7 e5 Ne4,10,
2076,1962,white,30+0,d4 d5 Nf3 e6 c3 c6 e3 Bd6 Bd3 Qc7,10,
1980,2076,black,60+0,e4 e5 f4 d5 exd5 e4 d3 Qd7 Nc3 exd3,10,
1409,1410,white,600+0,d4 Nh6 c4 d5 Nc3 Na6 cxd5 Nf5 Nf3 Qd6,10,13675.48
1886,1888,draw,600+0,d4 d5 Nf3 Nc6 Bf4 Nf6 e3 Nh5 Bg5 f6,10,
1401,1563,black,600+0,e4 e5 d4 exd4 Bf4 Nc6 Bc4 Nf6 f3 Bc5,10,
1832,1636,white,600+0,d4 d5 c4 Nf6 cxd5 Nxd5 e4 Nf6 Nc3 Nbd7,10,
1588,1503,black,300+2,e4 g6 d4 Bg7 Nf3 e6 e5 Ne7 d5 exd5,10,
1532,1403,white,180+0,d4 e6 Bf4 Be7 Nc3 b6 e3 Bb7 Nf3 d5,10,
1950,1822,white,300+3,e4 c5 Nf3 e6 d4 cxd4 Nxd4 a6 Nc3 Qc7,10,
1266,1258,black,300+3,d4 d5 Nc3 Nf6 Nf3 e6 e3 Bb4 a3 Bxc3+,10,
1433,1476,white,420+0,e4 e5 Nf3 d6 d4 exd4 Nxd4 Bd7 Bc4 Nc6,10,
1617,1678,black,300+3,e4 c5 Nf3 d6 Bc4 h6 Nc3 Nf6 d3 e5,10,
1591,1791,white,300+4,d4 d5 c4 Nc6 Nc3 Nf6 Bg5 dxc4 e3 e6,10,
1704,1969,white,240+0,e4 e5 Bc4 Be7 Bxf7+ Kxf7 Nf3 d6 c3 Nf6,10,
934,1186,white,300+0,d4 Nf6 Nc3 d5 Be3 Bf5 Qc1 Nc6 Nf3 Ne4,10,
1730,2212,black,600+0,e3 e5 Ne2 d5 d4 Nc6 g3 Nf6 Bg2 h5,10,5262.26
1456,1246,white,300+0,d4 d5 c4 dxc4 Nc3 Nc6 d5 Ne5 f4 Ng4,10,
1717,2011,black,300+0,d4 Nf6 c3 e6 h3 c5 Nf3 d5 Bf4 Nc6,10,
1483,1508,black,300+0,e4 e5 d3 Nf6 h3 c5 c3 Nc6 a3 d6,10,
1672,1646,black,300+0,e4 e5 d3 d6 c3 h6 f4 exf4 Bxf4 Nf6,10,
1755,1788,white,120+9,d4 d5 Bg5 Bf5 e3 h6 Bh4 a6 c3 Nc6,10,
1502,1322,white,300+5,e4 e5 Nf3 Nc6 Bc4 d5 exd5 Nb4 Nc3 Bg4,10,
1778,1695,white,300+0,e4 c5 Nf3 Nc6 d4 cxd4 Nxd4 e5 Nb5 d6,10,
1599,1551,black,60+0,e4 e6 d4 d5 e5 c5 Nf3 c4 Be2 b5,10,
1739,1846,white,240+0,e4 Nf6 e5 Nd5 c4 Nb6 d4 d6 f4 g5,10,
1422,1268,white,300+0,d4 d5 Bg5 f6 Bh4 g5 Bg3 e6 Nf3 Nc6,10,4511.78
2169,2079,black,30+0,d4 d5 c4 c5 Nc3 cxd4 e4 dxc3 cxd5 cxb2,10,
1501,1532,black,180+2,e4 e5 Nf3 f5 Nxe5 Nf6 f4 Bd6 d4 Nxe4,10,
2300,2574,black,180+0,Nf3 Nf6 b3 d5 Bb2 Bg4 Ne5 Bh5 h3 Nfd7,10,
1724,1889,black,180+0,c4 e5 Nc3 Nf6 d3 Bc5 e3 d6 Bd2 Nc6,10,
1644,1679,white,180+0,e4 c5 Nf3 Nc6 d4 cxd4 Nxd4 a6 Bc4 Nf6,10,
1614,1689,black,420+0,d4 c5 e3 cxd4 exd4 g6 Bd3 Bg7 c3 Nf6,10,
2042,1997,white,600+0,e4 c5 Nf3 d6 Bc4 e6 Nc3 a6 d4 cxd4,10,
1358,1472,white,45+10,e4 e5 Nf3 Nc6 Bc4 d6 Ng5 Be6 Bxe6 fxe6,10,
1615,1676,white,600+0,e4 e5 Nf3 Nc6 Bc4 Nf6 Nc3 Bb4 d3 Bxc3+,10,
1400,1397,white,300+0,e4 e5 Nf3 d6 Bc4 c6 Nc3 b5 Bb3 a5,10,
1789,1887,black,30+0,e4 e6 e5 d5 f4 c5 Nf3 Nc6 Bb5 d4,10,
1412,1706,black,300+0,e4 e5 Nf3 d6 d4 exd4 Nxd4 Bd7 Nf5 Bxf5,10,
1407,1406,black,300+8,e4 e6 d4 Qh4 Bd3 Nc6 c3 Qe7 e5 f6,10,
1482,1536,black,60+0,e4 b6 Nf3 Bb7 d3 e6 Nc3 d5 Bf4 d4,10,
1570,1630,white,180+0,e4 b6 Nc3 Bb7 Nf3 e6 d4 d5 e5 Ne7,10,9621.44
1554,1637,black,60+2,d4 d5 c4 c6 e3 Nf6 cxd5 cxd5 Nc3 Bf5,10,
1098,1175,black,900+15,g3 d5 e3 e5 c4 f5 Nf3 e4 Nh4 g5,10,
1710,1726,white,900+15,d4 Nf6 c4 e6 Nc3 Bb4 Qc2 Ne4 a3 Bxc3+,10,
1513,1590,black,300+5,e4 b6 d4 Bb7 d5 h6 Nf3 d6 Bc4 Nf6,10,
1927,2003,black,120+0,d4 d5 c4 c6 Nc3 Nf6 f3 dxc4 a4 e6,10,2096.43
1481,1424,white,900+15,e4 d5 exd5 Qxd5 Nc3 Qa5 Bd3 e6 Nf3 Nc6,10,
1542,1954,black,600+8,e4 e5 Nf3 Nc6 Bb5 Qf6 Nc3 Nge7 O-O Nd4,10,
1331,1211,black,600+0,e4 e5 Nf3 Nc6 Bb5 Bc5 Bxc6 bxc6 O-O Ba6,10,3743.38
2191,1862,black,120+0,e4 e6 c4 c5 Nf3 Nc6 d4 cxd4 Nxd4 Bc5,10,
1680,1886,black,60+1,d4 c5 e3 cxd4 e4 d5 Qxd4 Nc6 Qxd5 e6,10,
2221,2225,white,30+0,e4 e6 Nf3 Be7 Ne5 d5 Qh5 g6 Qf3 dxe4,10,
2004,1977,black,300+5,d4 Nf6 Nc3 d5 Bf4 e6 e3 Bd6 Nf3 Bxf4,10,
1797,1996,black,30+0,e4 d6 Nf3 c6 Bc4 e6 Bd3 f6 Be2 Be7,10,
1949,1740,white,30+0,g3 e6 Bg2 d5 Nf3 Nf6 O-O Be7 d4 O-O,10,
1739,1650,black,60+0,g3 d5 Bg2 Nf6 Nf3 g6 O-O Bg7 c4 O-O,10,
1855,1892,black,60+0,d3 d5 c3 c6 e3 Bf5 d4 Nf6 h3 e6,10,
1934,1921,white,60+0,e4 e5 Nc3 Nc6 d3 g6 f4 Bg7 fxe5 d6,10,
1421,2186,black,60+0,e4 c5 c3 d5 e5 e6 d4 Nc6 dxc5 Bxc5,10,
1664,1547,white,900+15,e4 e5 Nf3 Nc6 Bb5 Nf6 Bxc6 dxc6 O-O Bg4,10,117.11
2075,2224,white,180+0,e4 c5 Nc3 d6 Nf3 g6 d4 cxd4 Qxd4 Nf6,10,
1409,1136,white,180+0,e4 d6 d4 e6 d5 e5 Bb5+ Qd7 Bxd7+ Kxd7,10,
1127,1960,black,300+2,e4 e5 Bc4 Nf6 d4 exd4 Nf3 Nc6 e5 Ne4,10,72.07
1576,1533,black,180+0,d4 e5 e3 exd4 Nf3 dxe3 Bxe3 Nf6 Nc3 g6,10,
1474,1442,white,900+0,d4 d5 b3 c6 c4 Nf6 Nc3 e6 Nf3 h6,10,
1560,1756,white,420+0,e4 e6 Nf3 d5 exd5 exd5 d4 Nf6 Nc3 Bb4,10,
2073,2266,white,60+0,e4 c5 Nf3 Nc6 d4 cxd4 Nxd4 e6 Nc3 Qc7,10,
1460,1433,draw,300+0,e4 b6 Bc4 Bb7 Qf3 Nf6 d3 e5 Bg5 Be7,10,
1480,1538,white,300+0,e4 Nc6 Nf3 d5 exd5 Qxd5 Nc3 Qe6+ Be2 Qg6,10,
1406,1428,black,300+0,d4 d5 Nf3 Nc6 c3 Nf6 Bf4 h6 e4 dxe4,10,
2117,2177,black,30+0,h4 a5 h5 a4 h6 gxh6 d4 Nf6 e3 c6,10,
1569,1532,white,600+0,e4 e6 d4 b6 Bc4 Bb7 d5 Nf6 dxe6 fxe6,10,
1968,1949,white,600+0,e4 c5 Nf3 Nc6 c3 Qc7 Bc4 e6 Bb3 Nge7,10,
1572,1296,white,900+5,e4 e6 d4 c6 Nc3 d5 Nf3 Nf6 Bg5 Be7,10,
1611,1603,black,600+0,e4 e6 Nf3 d6 Bc4 h6 Nc3 a6 a3 Nc6,10,
1731,1589,white,60+0,e4 c5 Nf3 d6 d4 cxd4 Nxd4 Nf6 Nc3 Nc6,10,
1592,1606,white,180+2,e4 e5 Bc4 Nf6 d3 Bc5 h3 h6 a3 d6,10,
1497,1408,white,300+3,d4 e6 c4 Ne7 e3 Ng6 Nf3 b6 Bd3 Nh4,10,
1303,1254,white,180+0,c4 e6 Nc3 d5 e3 Nf6 Nf3 Bb4 d4 c5,10,
1702,2175,black,480+0,e4 Nc6 Bc4 e6 Nf3 Nf6 d4 Nxe4 O-O d5,10,1979.22
2089,2105,black,120+2,d4 Nf6 Nf3 g6 Bg5 Ne4 Bh4 Bg7 e3 d5,10,
2292,2100,white,180+0,Nf3 d5 b3 Bg4 Bb2 Nd7 d4 Ngf6 Ne5 Nxe5,10,
1210,1278,white,600+0,e4 e5 g4 Nc6 c4 f6 f3 Nd4 b3 b6,10,
1267,1378,black,60+1,c4 e5 g3 d5 cxd5 Qxd5 Nf3 Nf6 Nc3 Qa5,10,
1323,1329,black,300+0,e4 e5 d4 exd4 c3 dxc3 Nxc3 Nc6 Nf3 d6,10,3899.2
1578,1356,black,300+0,e4 e5 Nf3 Nc6 Bc4 Nf6 Nc3 Nb4 Nxe5 d5,10,
1060,1444,black,300+0,e4 h5 Qf3 d6 Bc4 Nh6 Bb5+ c6 Bc4 Bg4,10,
2075,2008,black,180+0,d4 Nf6 Nc3 d5 e4 dxe4 f3 exf3 Nxf3 Bf5,10,
1862,1913,white,180+0,e4 e5 d3 Nf6 f4 exf4 Bxf4 d6 h3 Be7,10,
1708,1685,white,300+0,d4 Nf6 Bf4 g6 e3 Bg7 Be2 O-O h3 d6,10,
1794,1876,white,300+0,e4 Nf6 Nc3 d5 e5 Ne4 d4 Nxc3 bxc3 c5,10,
1743,1982,black,180+2,e4 g6 d4 Bg7 Nc3 d6 Be3 a6 Qd2 b5,10,3491.01
1501,1441,white,300+0,e4 e5 Bc4 c6 Nf3 d5 exd5 cxd5 Bb5+ Bd7,10,
1704,1261,white,180+1,d4 Nf6 h3 c6 Bf4 d5 e3 Nbd7 c3 e5,10,
1802,1817,black,60+0,d3 e6 e3 Ne7 c3 Ng6 d4 Be7 g3 O-O,10,
1761,1728,white,300+5,d4 Nf6 Nc3 d5 Nf3 Nc6 Bf4 a6 e3 Bg4,10,
1277,1268,white,60+0,e4 c5 d3 Nc6 c4 g5 b3 Bg7 f3 Nh6,10,6173.28
1776,1377,white,2700+0,e4 d5 e5 Bf5 d4 e6 a3 Nc6 Bb5 a6,10,9583.04
1482,1847,white,600+0,e4 Nc6 Nf3 Nf6 Nc3 e6 d4 Bb4 Bg5 Be7,10,
1713,1816,black,60+0,d4 Nf6 c4 d5 Nc3 c5 e3 cxd4 exd4 Nc6,10,
1723,1755,black,600+2,e4 e5 f4 exf4 Bc4 g5 Nf3 d6 h4 Bg4,10,
1963,1836,white,300+0,c4 d5 cxd5 Qxd5 Nf3 Qa5 Nc3 Nf6 e3 Nc6,10,
1720,1716,black,0+1,e4 d5 exd5 Qxd5 Nf3 Qe6+ Be2 Nc6 O-O Qg6,10,9468.0
2217,2075,black,30+0,c4 Nf6 g4 e6 g5 Ne4 Nc3 Nxg5 d4 d5,10,
2020,1994,white,1200+10,e4 e5 f4 d6 Nf3 Bg4 Bc4 Nf6 d3 Nbd7,10,
1754,1621,white,120+2,e4 d5 exd5 Qxd5 Nc3 Qa5 Nf3 Nf6 Be2 c6,10,
1920,1849,white,60+0,Nf3 d6 g3 e5 Bg2 Be6 d3 Nf6 e4 Nc6,10,
1334,1927,black,300+0,c4 c5 Nc3 e5 a3 Nc6 b4 cxb4 axb4 Nxb4,10,
1924,2221,black,180+0,e4 e5 Nf3 Nc6 Bb5 a6 Ba4 Nf6 O-O b5,10,
2089,2050,black,180+0,d4 Nf6 c4 e6 Nc3 Bb4 Qc2 c5 e3 O-O,10,
1852,1865,white,600+0,e4 c6 Nf3 d5 e5 Bg4 d4 e6 h3 Bh5,10,
1805,1821,black,600+0,e4 c6 Nf3 d5 Nc3 Bg4 h3 Bxf3 Qxf3 dxe4,10,
1604,1826,black,600+0,e4 c6 Bc4 d5 exd5 cxd5 Bb3 Nc6 d4 Nf6,10,
1868,2003,white,120+0,e3 d6 d4 Nf6 Nf3 c6 c4 g6 Nc3 Bg7,10,
2324,1840,white,30+0,d4 c5 c4 cxd4 Nc3 dxc3 bxc3 e6 e3 d5,10,
2721,2211,white,30+0,b3 e6 Bb2 Be7 Bxg7 Bf6 Bxh8 Bxh8 c3 Bf6,10,
1185,1340,black,300+1,e4 e5 Nf3 b6 Nxe5 d6 Nxf7 Kxf7 Bc4+ Ke8,10,
1523,1313,black,60+0,e4 e5 d4 exd4 Qxd4 Nc6 Qa4 Bc5 Bb5 a6,10,
1057,1131,white,600+0,e4 e5 Nc3 d6 Nf3 b6 d4 Bb7 dxe5 dxe5,10,73.34
1678,1676,white,900+0,d4 Nf6 Nf3 e6 Bg5 h6 Bh4 g5 Bg3 Ne4,10,
1914,2234,white,30+0,e4 d5 exd5 Nf6 Nf3 Bg4 Be2 Qxd5 O-O Nc6,10,
2130,2308,white,30+0,e4 g6 Nc3 Bg7 d4 d6 Nf3 Nf6 Be3 Ng4,10,
1906,1605,white,180+0,d3 c5 g3 Nc6 Bg2 g6 f4 Bg7 Nf3 Nf6,10,1311.11
1947,1455,white,360+5,e4 e6 d4 Qh4 Nc3 Bb4 Bd3 Qe7 Nf3 Bxc3+,10,
1770,1500,white,120+1,b4 d5 Bb2 Nc6 b5 Nb4 a3 Nxc2+ Qxc2 Nf6,10,
1224,1110,white,600+0,e4 Nf6 e5 Nd5 c4 Nb6 Nc3 e6 d4 Bb4,10,
1954,2084,black,30+0,e4 d5 Nf3 dxe4 Ng5 Nf6 Bc4 e6 Nc3 Be7,10,
1576,1566,black,600+0,e4 e6 d4 a6 e5 h6 c4 Bb4+ Bd2 Bxd2+,10,
1670,1873,black,600+0,e4 e5 Nf3 Nc6 h3 Bc5 a3 d6 Bb5 Ne7,10,2769.44
1179,1261,black,300+0,e4 e5 Nf3 Nc6 Nc3 Qf6 Nd5 Qd6 Bc4 h6,10,
1822,1609,white,600+0,e4 c6 d4 d5 Nc3 dxe4 Nxe4 Bf5 Ng3 Bg6,10,
1724,1738,black,600+0,e4 e5 Nf3 Nc6 Bc4 Nf6 d3 Be7 Nc3 O-O,10,
1676,2025,black,600+0,b4 e5 b5 d5 Bb2 Nd7 a4 Ngf6 g3 a6,10,
1607,1848,black,300+0,d4 c6 c4 d5 Nc3 Nf6 Qc2 g6 Nf3 Bg7,10,
1599,1844,black,600+0,e4 b6 d4 Bb7 d5 e6 Nc3 Nf6 Bg5 Be7,10,
1697,1724,white,60+0,d4 Nc6 Bg5 d5 e3 Bf5 Bd3 Qd7 Bxf5 Qxf5,10,52.09
1866,1883,black,300+0,e4 g6 d4 Bg7 Bc4 d6 Ne2 e6 O-O Ne7,10,
2015,1463,white,60+0,e4 e5 Nf3 Nc6 d4 exd4 Nxd4 Bc5 Nxc6 bxc6,10,
1922,2032,black,60+0,e4 e5 Nf3 d6 Bc4 Be7 d3 Nf6 h3 O-O,10,
1316,1343,white,30+0,e4 e5 Nf3 Nc6 Bc4 Be7 Ng5 Nf6 Nxf7 Bc5,10,
1558,1763,black,60+0,e4 d5 exd5 Qxd5 Nc3 Qd8 d4 Nc6 Bf4 Nf6,10,93.28
1409,1349,white,180+0,e4 e5 Bc4 d6 Qf3 Nf6 d3 Nc6 c3 a6,10,
1270,1359,white,300+2,e4 e6 d4 c5 d5 Qh4 Nc3 exd5 Nf3 Qh5,10,
1530,1539,white,180+0,e4 e5 d4 exd4 Qxd4 Nc6 Qe3 d6 Nc3 Nf6,10,
1870,1867,white,180+0,c4 g6 Nc3 Bg7 g3 e6 Bg2 c6 e3 d5,10,
1046,1089,draw,600+0,g4 Nf6 h3 d5 c3 e6 d3 Bd6 e4 dxe4,10,
2051,2308,black,60+1,e4 c5 Nf3 e6 d4 cxd4 c3 Nf6 e5 Nd5,10,
1352,1227,white,420+2,e4 e5 Nf3 d5 Nc3 dxe4 Nxe5 Qf6 d4 Bd6,10,
1550,1459,black,180+2,e4 e6 Nf3 Nc6 Bb5 a6 Bxc6 bxc6 O-O d6,10,
1872,1608,white,180+2,d4 c6 e4 d5 e5 Bf5 h4 e6 g4 Be4,10,
1889,1758,white,60+0,e4 e5 Nf3 d6 Bb5+ c6 Bc4 Nd7 O-O Be7,10,2783.61
1686,1804,black,300+0,f4 e5 fxe5 d6 Nf3 Bg4 Nc3 Bxf3 exf3 dxe5,10,
1768,1745,black,360+0,e4 c5 Nf3 d6 Bc4 e6 O-O Nf6 e5 dxe5,10,
1725,1815,white,30+0,g3 g6 f3 Bg7 e3 b6 Bg2 Bb7 Ne2 Bxb2,10,
1764,1781,white,180+0,d4 e6 Bf4 c6 e3 Bb4+ c3 Ba5 Nd2 Ne7,10,
1540,1705,black,300+8,e4 e5 Nf3 d6 Bc4 f5 exf5 Bxf5 Qe2 Nf6,10,
1253,1192,white,240+0,e4 d5 exd5 Qxd5 Qe2 Qd8 Qd3 Qxd3 cxd3 Bf5,10,
1421,1448,black,180+2,e4 e5 Nf3 Nc6 Bc4 Nf6 d3 d6 h3 h6,10,46.56
1812,1597,white,240+0,d3 d5 e3 g6 Ne2 Bg7 Nd2 e5 Ng3 c6,10,
1583,1704,black,120+3,d4 c5 dxc5 Na6 Qd4 e6 b4 Qc7 c3 Nf6,10,
1864,1806,white,300+5,Nf3 d5 c4 dxc4 Na3 Qd5 e3 e6 Bxc4 Qc6,10,
2027,2068,white,60+0,Nc3 e5 e4 d6 f4 f5 Nf3 Nf6 fxe5 dxe5,10,
1330,1278,white,720+0,d4 d5 c4 e6 Nf3 f6 e3 g5 Bd3 Nd7,10,
1906,1887,white,60+0,e4 g6 Nf3 Bg7 d4 d6 Be3 a6 Bd3 b5,10,
1699,1824,black,180+0,f4 d5 e3 Nf6 Nf3 Nc6 Bb5 Bf5 Nc3 Qd7,10,
1616,1843,white,60+0,g3 Nc6 Nf3 b6 c3 Bb7 d4 g5 Bg2 g4,10,
1814,1783,black,300+0,e4 Nc6 Bc4 f5 exf5 d5 Qh5+ Kd7 Bxd5 Nf6,10,
2042,1936,black,300+10,Nf3 c5 d4 cxd4 c3 dxc3 Nxc3 Nf6 e4 d6,10,42.19
1386,1459,black,300+0,e4 d5 exd5 Qxd5 Nc3 Qe6+ Be2 Qg6 Bf3 Nc6,10,
1654,1761,black,300+0,d4 Nf6 Nf3 g6 Bg5 Bg7 e3 O-O Nbd2 b6,10,
1863,2105,white,180+0,d4 d5 c4 c6 Nc3 Nf6 Bg5 e6 e3 Be7,10,
1478,1584,black,300+0,e4 e5 d4 exd4 Qxd4 Nc6 Qa4 Nf6 Nc3 d6,10,
1561,1449,white,300+0,b4 e5 Bb2 d6 c4 a6 e3 Nc6 b5 axb5,10,
1842,1986,black,180+0,d4 d5 c4 c6 Nf3 Nf6 Nc3 e6 Bg5 dxc4,10,
1907,1607,white,300+0,e4 e5 f4 exf4 Nf3 Bd6 Bc4 Ne7 d4 c5,10,
1280,1409,white,600+3,e4 e6 d4 c6 e5 d5 Nf3 h6 c3 b5,10,
1290,1402,black,600+0,d4 d5 e3 Nc6 Bb5 Bd7 Nf3 a6 Ba4 Bf5,10,
1366,1395,black,600+0,e4 c5 c4 Nf6 Nc3 e5 Nf3 Nc6 Bd3 d6,10,
1735,1797,black,60+0,e4 c5 d4 e6 Nf3 cxd4 Nxd4 Nf6 Nf3 Be7,10,
1562,1577,white,600+0,e4 c5 Bc4 Nc6 Nc3 g6 Nf3 Bg7 d3 d6,10,
1457,1474,black,600+0,d4 g6 Bg5 Bg7 e4 Nf6 e5 Nd5 Bc4 c6,10,
1583,1525,white,480+0,e4 f6 Nf3 e5 d4 d6 Bc4 h5 O-O f5,10,
1861,1680,black,180+0,e4 Nf6 Nf3 e6 Nc3 d6 d4 Be7 e5 dxe5,10,
2033,2169,white,600+0,e4 c5 Nf3 Nc6 d4 cxd4 c3 dxc3 Nxc3 e6,10,3292.72
1974,1549,white,30+0,Nf3 Nf6 g3 b5 Bg2 Bb7 O-O Nc6 d3 d6,10,
1790,1944,white,300+0,e4 c5 Nf3 Nc6 d4 cxd4 Nxd4 Nf6 Nc3 a6,10,
1607,1787,white,30+0,e4 b6 b3 Bb7 Bb2 e6 Bxg7 Bxg7 c3 Ne7,10,
2164,2074,white,300+0,d4 Nf6 c4 c5 d5 e6 Nc3 exd5 cxd5 d6,10,
1963,2029,black,180+0,e4 c5 Nf3 Nc6 Nc3 e6 Bb5 Qb6 Bxc6 bxc6,10,
1475,1387,white,600+0,e4 e6 d4 Qh4 Nc3 Bb4 Bd2 Bxc3 Bxc3 Qxe4+,10,
1651,1583,white,300+0,c4 c5 Nc3 Nf6 d4 cxd4 Qxd4 Nc6 Qd2 e5,10,
1684,1947,black,30+0,e4 b6 d4 Bb7 Nc3 c5 Nf3 cxd4 Nxd4 e5,10,
1192,1135,white,1200+0,e4 d5 e5 c6 d4 Na6 Bxa6 bxa6 b3 Qa5+,10,
1877,1822,white,30+0,g3 d5 Bg2 e6 f4 Bd7 Nf3 a5 O-O a4,10,
1714,1716,white,300+0,e4 c5 Nf3 d6 c3 Nf6 Qc2 Bd7 Bc4 Nc6,10,
1540,1633,black,300+5,c4 e5 d4 e4 Nc3 Qe7 Bf4 h6 Bxc7 d6,10,3663.93
1699,1443,black,300+0,e4 h5 d4 d5 exd5 Qxd5 Nf3 Bg4 Be2 Nf6,10,
1361,1541,white,300+0,e4 c5 e5 e6 f4 d5 d4 c4 b3 b5,10,
1969,2005,white,300+0,e4 c5 Nf3 Nc6 c3 Nf6 e5 Nd5 d4 cxd4,10,
1967,1897,white,300+0,d4 d5 c4 e6 Nf3 Nf6 Nc3 c6 Bg5 dxc4,10,
1434,1657,draw,600+0,e4 e5 d4 exd4 Qxd4 Nc6 Qe3 Bd6 Nf3 Nge7,10,
1124,1333,white,0+4,e4 e5 Nf3 f6 Nxe5 fxe5 d3 d6 Be2 g6,10,
1677,1772,black,420+0,d4 d5 c4 dxc4 g3 b5 Bg2 c6 a4 Qa5+,10,
1740,1775,white,120+0,e4 d5 d3 dxe4 dxe4 Qxd1+ Kxd1 Nf6 f3 e6,10,
2029,1982,white,60+0,d4 d6 e4 Nf6 Nc3 c5 dxc5 dxc5 Qxd8+ Kxd8,10,
2105,1946,white,30+0,e4 d6 f4 e6 Nf3 c6 Bc4 f6 Bb3 d5,10,
2064,1951,white,30+0,g3 g6 Bg2 Bg7 Nf3 Nf6 O-O O-O Re1 e5,10,
1406,1641,black,180+5,e4 d6 d4 e6 Nc3 c6 Bd2 Ne7 Nf3 Ng6,10,
1739,1577,white,420+0,d4 d5 c4 dxc4 Nc3 e6 e4 Nf6 Bxc4 Be7,10,
2001,2400,black,180+1,d4 Nf6 c4 g6 Nc3 Bg7 e4 d6 f3 O-O,10,
1650,1662,white,180+0,c4 d6 Nc3 Nc6 d4 Nf6 d5 Ne5 f4 Ned7,10,
1502,1457,black,60+1,d4 Nf6 c4 c5 d5 e6 dxe6 fxe6 Nc3 Nc6,10,279.47
1783,1610,black,120+2,e4 d5 exd5 Qxd5 d4 h5 Nf3 h4 Nc3 Qe6+,10,
1752,1679,white,180+0,d4 c5 dxc5 Nc6 a3 a5 e4 e6 Be3 Nf6,10,
1231,1260,white,120+4,e4 e5 Qh5 Nc6 Bc4 Qf6 f3 d6 d3 Be6,10,
1593,1837,black,180+0,d4 d5 Qd3 Nf6 f3 g6 e4 dxe4 fxe4 Bg7,10,
1838,2083,white,180+0,e4 Nf6 e5 Nd5 c4 Nb6 d4 d6 exd6 cxd6,10,
1786,1881,black,120+0,d4 d5 e3 c5 c3 cxd4 exd4 Nc6 f4 g5,10,
1692,1603,black,300+2,e4 c6 d4 d5 exd5 cxd5 Nc3 Nf6 h3 Bf5,10,
1963,1640,white,420+0,e4 e6 d4 d5 Nd2 Nf6 Bd3 c5 exd5 Nxd5,10,
1245,1215,white,600+0,d4 d5 e3 Nc6 Nc3 Qd6 Nf3 e6 Nb5 Qd8,10,
1860,1757,white,300+0,d4 f5 h3 Nf6 g4 fxg4 hxg4 Nxg4 Qd3 Nf6,10,
1487,1298,white,120+0,e4 e5 Bc4 Nc6 d3 d6 h3 Be6 Bxe6 fxe6,10,
2102,1844,white,900+0,Nf3 Nf6 g3 Nc6 d4 d5 Bg2 e5 dxe5 Nd7,10,36.65
1810,1578,white,600+0,e4 e5 Nf3 Nc6 Bc4 Nf6 d3 h6 a3 d6,10,
1237,1245,white,300+0,e3 e6 Nc3 d5 Nf3 b6 d4 Ba6 Bxa6 Nxa6,10,
1917,1996,white,300+0,e4 d5 exd5 Nf6 d4 Nxd5 c4 Nb6 Nf3 g6,10,
1587,1600,black,300+0,e3 Nf6 a3 g6 b4 Bg7 Bb2 O-O h3 d5,10,
894,799,white,300+0,e4 Nf6 d3 d5 e5 Nfd7 d4 f6 c3 fxe5,10,
1751,1663,white,300+0,d4 Nf6 c4 e6 Nc3 Bb4 Bd2 c5 e3 cxd4,10,
1761,1656,black,300+0,d4 Nf6 Bg5 Ne4 f4 h6 Bh4 g5 fxg5 hxg5,10,
1384,1336,white,300+0,e4 e5 Nf3 Nc6 Bc4 Nf6 d3 Bc5 O-O O-O,10,
1443,1500,black,300+0,d4 g6 c4 Bg7 Nf3 d6 Nc3 Nf6 h3 a6,10,
2121,2288,white,180+2,d4 d6 c4 e5 dxe5 dxe5 Qxd8+ Kxd8 b3 Be6,10,
1549,1664,white,180+0,d4 e6 Bf4 g6 Nf3 Bg7 e3 Ne7 c3 O-O,10,
1334,1506,white,120+3,d4 d5 c4 c6 Nc3 Nf6 e3 e6 Nf3 Bb4,10,
2014,1714,white,300+0,b3 d5 Bb2 c6 e3 h6 c4 Bf5 Nc3 e6,10,
1894,1781,white,30+0,c4 b6 Nc3 Bb7 d3 d6 e4 Nd7 g3 e5,10,
1485,1599,white,180+3,e4 e5 Nf3 Nc6 d4 exd4 Nxd4 Nf6 Nxc6 bxc6,10,
2619,2061,white,60+0,e4 d5 exd5 Nf6 Nc3 Bg4 Be2 Bf5 Nf3 c6,10,
1739,2024,black,60+0,d4 Nf6 c4 c5 Nc3 cxd4 Qxd4 g6 Qd1 Bg7,10,
2196,2108,black,60+0,e4 c5 Nf3 d6 d4 cxd4 Qxd4 Nf6 Nc3 Nc6,10,
2193,2265,white,120+0,d4 e6 e4 Nf6 Nc3 Nd5 exd5,7,
1567,1593,white,60+0,Nf3 a6 d4 b5 Nbd2 Bb7 e3 d6 e4 Nd7,10,
1248,1082,white,300+8,e4 e5 Nf3 Nc6 d4 Nxd4 Nxd4 exd4 Qxd4 c5,10,
1567,1578,white,180+0,e4 e5 Nf3 d6 d4 exd4 Nxd4 Nf6 Nc3 Be7,10,
1567,1567,black,60+0,e4 e5 Nf3 Nc6 Bc4 f5 exf5 Nf6 d3 d6,10,
963,1271,black,420+0,e4 e5 Nf3 g5 g3 g4 Nxe5 d6 Nxg4 Nc6,10,
1706,1581,white,180+1,d4 d5 h3 Nf6 Bf4 h6 e3 Bf5 c3 Bh7,10,
1510,1352,white,900+15,d4 d5 c4 dxc4 Nc3 Nc6 a3 e5 d5 Nd4,10,3329.78
1873,2131,black,180+0,e4 c5 b4 e6 Nf3 cxb4 d4 Nf6 e5 Nd5,10,
1676,1666,white,900+0,e4 e5 Nf3 Qf6 Nc3 c6 d4 exd4 Qxd4 Qxd4,10,
1341,1063,white,300+0,e4 e5 Nf3 Nc6 Bb5 Bc5 O-O Nf6 Bxc6 dxc6,10,
1941,1918,black,180+0,e4 Nf6 Nc3 e6 d4 Bb4 Bd3 O-O Nf3 h6,10,4032.04
1623,2042,black,600+0,e4 e6 Nf3 c5 Nc3 Nc6 g3 d5 exd5 exd5,10,
1727,1480,draw,600+0,d4 Nc6 e3 e5 c3 exd4 exd4 Nf6 f4 Bd6,10,
1348,1681,white,600+15,e4 e5 g3 b6 Bg2 Bb7 b3 Nc6 Bb2 Nf6,10,
1714,1854,black,300+0,d4 Nf6 c4 d5 Nc3 e6 cxd5 exd5 Bg5 Be7,10,
1300,1363,black,90+2,d4 Nf6 Nf3 e6 Nc3 Bb4 Qd3 d5 Qb5+ Nc6,10,
1302,1156,black,600+0,Nf3 Nf6 d4 d5 Nc3 Bg4 Ne5 Nc6 Nxc6 bxc6,10,
1586,1539,white,600+0,e4 e5 Nf3 Nc6 Bb5 a6 Bxc6 bxc6 d3 d5,10,
1523,1302,white,300+0,e4 e5 Bc4 d6 Nc3 Nc6 h3 a6 a3 Nf6,10,2812.72
1747,1734,white,600+0,d4 f5 e3 Nf6 Bd3 b6 f4 e6 Nf3 Bb7,10,
1424,1450,white,600+0,e4 d5 e5 h5 d4 c6 Nf3 Bg4 Be2 Qa5+,10,
1956,1961,black,60+0,Nf3 b6 e3 Bb7 d4 e6 Bd3 f5 Qe2 Nf6,10,
2215,1953,white,60+0,Nf3 e5 Nxe5 Nc6 d4 Nf6 Nxc6 d5 Nxd8 Kxd8,10,
1606,1582,black,60+2,e4 c6 d4 d5 exd5 cxd5 Nf3 Nf6 Nc3 Bg4,10,
2167,2265,black,180+1,Nf3 Nf6 c4 g6 b4 Bg7 Bb2 O-O g3 a5,10,
1633,1956,black,60+0,c3 c5 d4 cxd4 cxd4 d5 e3 Nc6 Bb5 Nf6,10,
1729,1598,white,180+1,e4 c6 Nf3 d5 e5 Bf5 d4 e6 h3 h6,10,
2026,1988,black,300+8,d4 d5 c4 c6 Nf3 Nf6 e3 Bg4 Nbd2 e6,10,1810.71
1873,1955,white,300+5,e4 e5 Nf3 Nc6 Bb5 Nf6 O-O Bc5 c3 Nxe4,10,4784.65
1662,1735,black,60+0,e4 c6 Nf3 d5 Ng5 h6 Nh3 dxe4 Bc4 Bxh3,10,
1936,1949,white,60+0,d4 e6 Nf3 d5 Bf4 Nf6 e3 Bd6 Bg3 c5,10,
2097,1917,white,60+0,d4 d5 c4 c5 Nc3 cxd4 Qxd4 e6 cxd5 Nc6,10,
1691,1996,black,180+2,e4 e6 d4 d5 Nc3 dxe4 Nxe4 Nd7 Nf3 Ngf6,10,
2197,1995,white,60+0,Nc3 e6 d4 d5 Bf4 Nf6 f3 Bd6 Qd2 Bxf4,10,
1743,1876,black,60+0,e4 c5 c3 d5 exd5 Qxd5 d4 cxd4 cxd4 e5,10,
2033,1958,white,300+0,e4 d5 exd5 Qxd5 c4 Qa5 Nc3 Nf6 d4 Ne4,10,
1530,1263,white,180+0,Nf3 Nc6 d4 d5 c4 Nf6 Nc3 e6 Bg5 Bb4,10,
1443,1377,white,600+0,e4 c5 d4 cxd4 Qxd4 Nc6 Qd1 Nf6 Nc3 e5,10,
1743,1821,black,300+0,e4 c5 Nf3 d6 d4 cxd4 Nxd4 Nf6 Nc3 g6,10,
1405,1355,white,120+10,e4 g6 Nf3 d5 e5 Bg4 d4 Bxf3 Qxf3 Nc6,10,41.27
1820,1854,white,300+0,d4 d5 Bf4 Nf6 e3 Nc6 c3 h6 Bg3 g5,10,
1652,1628,white,120+0,e4 d5 d4 e6 exd5 exd5 Nc3 Nf6 Be3 c6,10,
2050,2017,white,300+0,e4 e6 Nf3 d5 e5 c5 b4 cxb4 d4 Nc6,10,
1534,1512,white,300+0,e4 e5 Nf3 Nc6 Bb5 a6 Bxc6 bxc6 Nxe5 Qh4,10,
1186,1300,white,300+0,e4 e5 Nf3 Nc6 Bc4 Nd4 Nxd4 exd4 Qf3 Nf6,10,
1716,1812,white,300+0,d4 Nf6 c4 g6 Nc3 d5 cxd5 Nxd5 e4 Nxc3,10,
1573,1558,black,300+0,d4 g6 e4 Bg7 Nf3 Nh6 h3 O-O c4 d6,10,
1717,1688,black,180+0,e4 Nc6 Nf3 e5 d4 exd4 Nxd4 Bc5 Nxc6 bxc6,10,
1623,1532,black,180+0,e4 e5 Nf3 d6 Nc3 Nf6 Bc4 h6 h3 Nc6,10,
1575,1568,white,600+0,e4 d5 e5 a6 d4 g6 Nf3 Bg7 Be2 f6,10,
1794,1740,black,300+0,e4 d5 exd5 Qxd5 Nc3 Qa5 Bc4 Nf6 d3 Bg4,10,1596.7
1500,1762,black,120+1,e4 e6 Nf3 d5 e5 c5 c4 Nc6 cxd5 exd5,10,
2210,1954,black,30+0,d4 c6 e3 d5 Be2 Bg4 Bf3 Bxf3 Qxf3 Nf6,10,
1476,1497,white,300+0,e4 e5 Nf3 Nc6 Bb5 d6 h3 Bd7 O-O a6,10,
1634,1472,white,180+0,Nc3 Nc6 e4 e5 Bc4 Bc5 Qh5 Qe7 d3 g6,10,
2252,2118,white,120+0,e4 c6 d4 d5 f3 e6 Nc3 f5 exf5 exf5,10,
1730,2351,white,30+0,d4 Nf6 e3 e6 Be2 Be7 Nf3 Nd5 Kf1 Nf6,10,
1412,1600,white,480+8,d4 Nc6 Nf3 d5 Nc3 Nf6 Bg5 Bg4 e3 e6,10,
1856,1858,black,300+0,c4 c5 Nc3 e5 d3 Nf6 g3 d6 Bg2 Be7,10,
1838,2051,black,180+0,e4 e5 Nf3 Nc6 d4 exd4 Bc4 Nf6 e5 d5,10,
1683,1521,white,600+0,e4 e5 Bc4 a6 d3 h6 a3 Nc6 Nc3 Na5,10,
1727,1708,white,0+1,e4 e5 d4 Nc6 d5 Nd4 Nc3 c5 Be3 d6,10,
1241,1144,black,300+0,e4 e5 Nf3 d6 Bc4 Bg4 Nc3 f6 d3 c6,10,
1662,1840,white,360+0,e4 c5 Nf3 d6 Nc3 a6 d4 cxd4 Nxd4 Nf6,10,1573.54
1440,1411,white,300+0,e4 e5 Nf3 Nf6 Nxe5 d6 Nf3 Nxe4 Qe2 d5,10,64.1
1641,1528,white,60+0,c4 e5 Nc3 d6 g3 Nf6 Bg2 Be6 Nf3 c6,10,
1592,1718,black,300+2,d4 c5 dxc5 e6 b4 a5 a3 axb4 c6 bxc6,10,
1517,1577,black,300+0,e4 e6 d4 d5 exd5 exd5 Bb5+ c6 Ba4 Bd6,10,
1441,1461,black,300+0,e4 e5 Nf3 Nc6 Bb5 a6 Bxc6 bxc6 b3 d6,10,
1941,1887,white,300+0,d4 e6 c4 Nf6 Nc3 d5 cxd5 Nxd5 e4 Nf6,10,
1853,1848,white,300+0,c4 e5 Nf3 b6 Nxe5 Bb7 e3 d6 Nf3 Nf6,10,
1329,1404,white,300+0,e4 c5 Bc4 Nf6 Nc3 g6 d3 d6 Be3 Bg7,10,
1552,1673,black,2100+0,e4 e5 f4 exf4 d4 g5 Nf3 d5 e5 g4,10,60.0
2062,1994,white,180+2,e4 e5 f4 Nc6 Nf3 Bc5 fxe5 Nxe5 Nxe5 Qh4+,10,
1518,1505,black,120+0,e4 c5 Bc4 Nc6 Nf3 d6 d3 e6 a3 Nf6,10,
1793,2001,black,480+0,d4 Nf6 c4 e6 Nc3 Bb4 Bg5 d5 Nf3 b6,10,1542.34
1389,1442,white,600+0,d4 e6 e4 d5 exd5 exd5 Qe2+ Be7 Nc3 Be6,10,52.24
2291,2152,black,30+0,d4 e5 d5 d6 Nc3 f5 e4 Nf6 exf5 Be7,10,
2186,2108,white,30+0,h3 d6 h4 e5 h5 f5 Nc3 Nf6 d3 g6,10,
1770,1815,black,180+0,d4 c5 c4 cxd4 Qxd4 Nc6 Qd1 Nf6 e3 d6,10,
1172,1079,white,120+1,Nf3 Nc6 g3 e5 Bg2 f6 d3 d6 c4 Qd7,10,
2004,2018,white,60+0,g3 c5 Bg2 e6 Nf3 d5 c4 Nc6 cxd5 exd5,10,
1939,1944,white,180+0,e4 e5 Nf3 Nc6 Bc4 Bc5 O-O Qf6 c3 h6,10,
1844,1751,black,180+0,e4 a6 d4 b6 Nf3 h6 c4 g6 Nc3 Bg7,10,
1999,1862,black,120+0,e4 e6 d4 d5 e5 c5 c3 cxd4 cxd4 Nc6,10,
1777,1769,white,120+9,e4 b6 Bc4 Bb7 d3 e6 a3 Nf6 Bg5 h6,10,
1916,1911,white,60+0,e4 d5 exd5 Qxd5 Nc3 Qa5 Nf3 Nf6 d4 Bf5,10,
1203,1130,black,60+0,d3 e6 e4 d5 c4 d4 b3 e5 Qh5 Nf6,10,7921.58
2187,1903,white,60+0,e4 c5 Nc3 d6 g3 e5 Bg2 Nf6 d3 Be7,10,
1456,1420,white,60+0,e4 e5 Nf3 Nc6 Bc4 Nf6 Ng5 d5 exd5 Na5,10,
1500,1492,black,60+0,h4 d5 c4 Nc6 c5 e5 f4 exf4 g4 Bxc5,10,
2723,2305,white,60+0,Nh3 Nf6 g3 g6 Bg2 Bg7 O-O O-O f4 c6,10,
1758,1761,white,300+0,e4 c6 Nf3 d5 exd5 cxd5 d4 Bg4 Be2 e6,10,
1356,1154,black,300+0,e4 e5 Nf3 Nc6 Bb5 Nf6 d3 d6 Bg5 Bd7,10,
1530,1639,black,600+0,e4 e5 d4 exd4 Qxd4 d6 Nc3 Qf6 Qxf6 Nxf6,10,
1457,1125,white,120+0,d4 d5 c4 c5 Nc3 dxc4 Bf4 Qa5 e3 cxd4,10,
2045,1623,white,120+0,e4 e5 Nc3 Nc6 Nf3 Nf6 Bb5 Bc5 Bxc6 dxc6,10,
1639,1470,black,120+0,e4 e5 Nf3 d6 h3 Nd7 d4 b6 dxe5 Nxe5,10,
1729,1757,black,180+0,e4 c6 d4 d5 exd5 cxd5 c4 Nf6 Nc3 Bf5,10,
1987,1102,white,180+0,c3 e5 Nf3 Nc6 d4 e4 Ne5 Qe7 Bf4 d6,10,
1884,1842,draw,480+0,e4 d5 e5 c5 d4 e6 c3 a6 Nf3 Nc6,10,
1473,1442,black,300+0,e4 c5 Nf3 Nc6 d3 d6 Nbd2 g6 h3 Bg7,10,
1445,1522,black,300+0,e4 e5 d4 exd4 Qxd4 d6 Bd3 c5 Qa4+ Nc6,10,
1707,1828,black,300+0,e4 c5 Nf3 Nc6 d4 cxd4 Nxd4 Nf6 Nc3 e5,10,
1331,1329,black,30+0,Nc3 d5 d4 Nc6 Bd2 Nxd4 e3 Bf5 exd4 e5,10,
1843,1842,white,180+2,e4 c5 Nf3 d6 d4 cxd4 Nxd4 Nf6 Nc3 g6,10,
1956,2004,white,180+2,e4 e5 Nf3 Nc6 Bc4 Nf6 Ng5 d5 exd5 Na5,10,
1480,1279,white,300+4,e4 e5 Nf3 Nc6 Bc4 d6 Ng5 Nh6 Nf3 Bg4,10,6276.0
1740,1653,black,600+0,e4 e5 Nf3 d6 Bc4 h6 Bb3 Nf6 c3 Be7,10,
2117,2093,black,180+0,d4 c5 d5 d6 c4 e6 Nc3 exd5 cxd5 Nf6,10,
1838,1923,white,60+1,e4 c5 Nc3 Nc6 g3 e6 Bg2 Nge7 f4 g6,10,
1749,1867,black,300+0,f4 d5 Nf3 Nf6 g3 e6 Bg2 c5 O-O Bd6,10,
2004,1797,white,60+0,c4 e6 Nc3 b6 Nf3 Bb7 g3 Bb4 Bg2 Bxc3,10,
1721,1832,black,300+0,e4 d5 exd5 Nf6 Nc3 Nxd5 Nxd5 Qxd5 Nf3 Bg4,10,
1690,1738,black,180+0,e4 e5 f4 exf4 Nf3 Qe7 e5 f6 d4 d6,10,
1787,1725,white,300+5,e4 e5 Nf3 d6 d4 f6 dxe5 fxe5 Nc3 Nf6,10,
1245,1312,black,180+0,e4 c5 Nf3 Nc6 d4 e6 dxc5 Bxc5 Nc3 Qa5,10,
1651,1708,black,60+0,e4 c5 f4 e6 e5 d6 Nf3 d5 c3 Nc6,10,
1931,1920,white,180+0,e4 c5 Nf3 g6 d4 cxd4 c3 dxc3 Nxc3 Bg7,10,
1990,2022,black,180+0,d4 Nf6 c4 b6 Nc3 Bb7 f3 d5 cxd5 Nxd5,10,
1248,1296,white,60+0,e4 e5 Nf3 d6 Nc3 c5 Bb5+ Nc6 Bxc6+ bxc6,10,
1367,1463,white,180+5,e4 d6 d4 Nf6 f3 Nbd7 g4,7,
1848,1905,white,180+0,d4 g6 c4 Bg7 Nc3 d6 Nf3 b6 e3 Bb7,10,
1446,1385,white,120+3,g3 g6 Bg2 Bg7 Nf3 Nf6 e3 O-O d3 d6,10,
1823,1565,white,900+15,e4 c6 d4 d5 exd5 cxd5 Bd3 Nf6 Nf3 Bg4,10,
1713,1838,black,300+2,e4 d5 exd5 Nf6 d4 Bg4 f3 Bf5 c4 e6,10,
1511,1300,white,300+0,e4 d6 d4 e6 Nf3 Bd7 Bg5 Be7 Bxe7 Nxe7,10,
1547,1782,black,30+0,e3 e6 Nf3 d6 Nc3 Bd7 d4 Be7 Bd3 Nf6,10,
1418,1570,white,120+0,d3 d5 f4 Nc6 Nf3 e6 e4 dxe4 dxe4 Bc5,10,
1584,1648,black,300+0,d4 d5 Bf4 Nc6 Nf3 Bf5 h3 h6 c4 dxc4,10,
1538,1468,black,300+0,e4 e5 d4 exd4 Nf3 Nc6 Nxd4 Bc5 Nxc6 bxc6,10,
1178,1395,draw,180+0,e3 e6 f3 g6 h3 Bg7 b3 b6 Bb2 Bb7,10,712.0
1599,1793,black,300+0,b3 d5 Bb2 c5 g3 Nc6 Bg2 e5 d3 Nf6,10,
1734,1856,black,180+0,e4 e6 Nf3 c5 d4 cxd4 Nxd4 a6 Nc3 Qc7,10,2538.45
1665,1893,white,300+0,e4 e5 d4 exd4 c3 dxc3 Nf3 Nc6 Bc4 h6,10,
1439,1154,white,300+0,e4 e5 Nf3 Nc6 Bc4 Nf6 Ng5 d5 exd5 Nxd5,10,
1649,1794,black,180+0,e4 e6 d4 c5 d5 e5 f4 exf4 Bxf4 d6,10,
1534,1347,white,480+0,b3 e6 Ba3 d6 e4 Nf6 Nc3 Be7 d4 O-O,10,
1368,1441,black,900+0,d4 d5 Nc3 e6 e4 Nc6 e5 Nge7 Nf3 f6,10,
1317,1608,black,540+0,e4 e5 d4 exd4 Qxd4 Nc6 Qd1 Nf6 Nc3 Bb4,10,
1787,1990,black,60+0,d4 c5 d5 e6 c4 exd5 cxd5 d6 Nc3 Nf6,10,
1449,1524,black,300+5,d4 d5 c4 dxc4 e4 Nf6 e5 Ng4,8,
1613,1945,black,120+2,e4 c5 d3 e6 Nf3 Qc7 Be2 a6 g3 b5,10,
1939,1796,white,60+0,e4 c5 Nf3 e6 d4 cxd4 Nxd4 a6 Nc3 Qc7,10,
2083,1465,white,180+0,e4 c5 Nf3 Nc6 d4 cxd4 Nxd4 Nf6 Nc3 e5,10,
2016,2220,black,60+0,e4 c5 Nf3 e6 d4 cxd4 Nxd4 Nc6 Nc3 Qc7,10,
2212,1983,white,60+0,e4 a6 d4 c6 Nc3 d5 Bd3 dxe4 Nxe4 Nf6,10,
1884,2165,black,60+0,d4 g6 c4 Bg7 Nc3 c5 d5 Nf6 e4 d6,10,
1949,1733,white,60+0,e4 c6 Nc3 d5 f4 dxe4 Nxe4 Bf5 Ng3 Bg6,10,
1791,1813,black,30+1,e4 f6 Nf3 e6 Bc4 d5 Be2 dxe4 Nh4 f5,10,6412.38
1456,1518,black,600+0,e4 e5 d4 exd4 Qxd4 Nc6 Qc3 Bb4 Qxb4 Nxb4,10,
1732,1873,black,180+0,d4 d5 c4 dxc4 Nc3 c6 e3 b5 a4 Bd7,10,
1382,1460,white,300+5,d4 d6 c4 g6 Nc3 Bg7 e3 Nf6 Nf3 Bg4,10,2070.94
2092,1946,white,30+0,d4 d5 Nf3 Nf6 c3 e6 e3 Bd6 Bd3 Nbd7,10,
1575,2209,black,60+0,b3 d5 Bb2 e6 e3 Nf6 Nf3 Be7 d4 O-O,10,2600.07
1417,1427,white,600+0,e4 e6 Nf3 Nf6 e5 Ng4 d4 d5 h3 Nh6,10,
1708,1613,white,60+0,d4 d5 Bg5 c5 c3 Nf6 Bxf6 exf6 Nd2 Nc6,10,
2158,2111,white,180+0,d4 e6 Nf3 d5 c3 f5 Bg5 Be7 Bxe7 Qxe7,10,
1962,2039,black,60+0,e4 Nf6 Nc3 d5 exd5 Nxd5 Nge2 Qd7 g3 Nxc3,10,
2184,2232,black,60+0,e4 c5 Nf3 a6 Nc3 b5 a3 Bb7 d3 e6,10,
2056,2084,black,60+0,e4 e5 d3 Nf6 f4 Nc6 fxe5 Nxe5 Nf3 Nxf3+,10,
2554,2029,white,60+0,Nf3 e6 d4 d5 c4 Nf6 Nc3 c6 Bg5 Be7,10,5754.73
1802,1737,black,30+0,d4 d6 Bg5 Bg4 f3 f6 fxg4 fxg5 Qd2 e6,10,
1497,1669,black,600+0,d4 d6 Bf4 Nc6 e3 Nf6 h3 h6 Bh2 g5,10,
2036,1729,white,600+0,Nf3 d5 g3 Bg4 Bg2 Bxf3 Bxf3 e5 c4 e4,10,
1327,1334,black,300+0,e4 e5 Nf3 Nc6 Bc4 Nf6 Nc3 Bb4 d4 Bxc3+,10,
1935,1721,white,600+0,e4 e5 Nf3 Nc6 Bb5 a6 Ba4 b5 Bb3 Nf6,10,
1634,1536,white,600+0,d4 d5 Nf3 Nf6 Bf4 Bf5 e3 e6 c4 c6,10,
1922,1885,black,180+3,d4 d5 c4 e6 Nc3 Nf6 cxd5 Nxd5 Nf3 Be7,10,2341.41
1951,1680,white,30+0,g3 c5 Bg2 e5 d4 exd4 e3 dxe3 Bxe3 Nf6,10,
1459,1584,black,300+0,e4 c5 Nf3 d6 d4 cxd4 Nxd4 e5 Nb3 h6,10,
1833,1865,white,600+0,f4 Nc6 e3 Nf6 c3 e5 d4 exd4 exd4 d5,10,
1537,1521,white,180+0,d4 d5 e4 e5 exd5 Qxd5 dxe5 Qxe5+ Be2 Nc6,10,
1625,1766,black,120+2,d4 d5 c3 c5 dxc5 Nc6 b4 e5 h4 Nf6,10,
1851,1761,black,300+0,d4 c6 c4 d6 Nf3 Qb6 Nc3 g6 Qb3 Qxb3,10,
1782,1910,black,60+0,f4 e6 b3 b6 Bb2 Nf6 e3 g6 Nf3 Bg7,10,
1718,1694,white,600+0,e4 e6 d4 Ne7 Nf3 Ng6 Bc4 Nh4 Nxh4 Qxh4,10,104.24
1876,1880,white,300+0,d4 d5 c4 e6 cxd5 exd5 Nf3 c5 Nc3 Nc6,10,
1613,1763,black,180+2,e4 e5 Nf3 Nc6 Bb5 a6 Ba4 Nf6 Nc3 b5,10,
1629,2042,black,600+0,e3 c5 d4 cxd4 exd4 d5 Nf3 Nc6 c4 e5,10,
1722,1200,white,300+0,e4 d6 d4 e6 e5 Nd7 f4 d5 Nf3 Ne7,10,
1940,2111,black,30+0,b3 Nf6 Bb2 e5 c3 d6 d3 Nbd7 e3 c6,10,
1399,1448,black,90+2,e4 c5 Bc4 a6 a3 Nc6 Nc3 d6 d3 e6,10,
1347,1354,white,300+8,e4 Nf6 Bc4 e5 Qf3 d5 exd5 Nxd5 Bxd5 Be6,10,
1522,1718,black,240+0,e4 e5 Nc3 Bc5 Nd5 Nc6 a3 Nge7 b4 Nxd5,10,
1466,1929,black,300+0,d4 Nf6 Bg5 e6 c4 b6 Nf3 Be7 Bxf6 Bxf6,10,
1342,1333,black,180+0,d4 d5 c4 dxc4 e3 b5 Nf3 Nd7 Nc3 c5,10,
2112,1962,white,180+0,e4 c5 Nf3 d6 c4 Nc6 Nc3 g6 g3 Bg7,10,
1849,1779,white,900+0,e4 e5 Nf3 Nc6 Bb5 d6 d4 exd4 Nxd4 Bd7,10,
2085,1313,white,600+0,e4 e5 Nf3 Nc6 Bb5 d6 c3 Bd7 O-O f5,10,10595.79
1511,1468,black,300+0,e4 e5 Nf3 Nc6 Bc4 Nf6 Nc3 d6 Bb5 Bd7,10,
1959,1934,black,300+0,e4 c5 c3 Nc6 d4 e6 d5 exd5 exd5 Nb8,10,
1798,1721,black,180+0,d4 d5 e3 Bf5 c3 e6 f4 c5 Bd3 Bg6,10,
2124,1969,white,600+0,Nf3 c5 d3 Nc6 g3 d5 Nbd2 Bg4 Bg2 e6,10,
1774,1902,white,30+0,e4 e6 e5 d5 f4 c5 Nf3 Nc6 Bb5 f6,10,
2039,1870,white,300+5,c4 e5 Nc3 Nf6 b3 Bc5 Bb2 Nc6 a3 d5,10,
1771,1625,black,30+0,g3 e6 Bg2 a6 d3 c6 Nc3 b6 e4 Bb7,10,
1673,1751,black,300+6,d4 d5 e4 dxe4 Nc3 f5 f3 Nf6 Bg5 e6,10,2185.32
1358,1327,white,420+0,e4 e5 Nf3 Nc6 Bc4 Nf6 Ng5 d5 exd5 Nxd5,10,
1528,1453,white,180+0,d4 c6 e3 d5 Nc3 e6 Bd2 Bd6 Bd3 Nf6,10,
1757,1990,white,0+2,e4 e6 d3 d5 Nc3 c6 exd5 exd5 d4 f5,10,
2002,2071,white,30+0,e4 d5 exd5 c6 c4 cxd5 cxd5 Qxd5 Nc3 Qd8,10,
1373,1657,black,240+0,e4 e6 Nf3 d5 exd5 exd5 Qe2+ Be6 Qb5+ Nd7,10,
1347,1281,draw,300+0,e4 e5 Nf3 Bd6 Bc4 Nf6 Nc3 O-O d3 Nc6,10,
1814,1579,white,120+0,e4 c5 d4 cxd4 c3 dxc3 Nxc3 d6 Nf3 Nf6,10,
1789,1932,black,300+0,e4 c5 f4 e6 Nf3 a6 Nc3 d6 d3 Nf6,10,
1580,1660,black,540+3,e4 c5 Bc4 Nc6 Qh5 e6 c3 Nge7 d3 Ng6,10,
1719,1794,black,600+0,e4 e5 Nf3 Nc6 Bb5 d6 d3 h6 h3 Nf6,10,2143.93
1576,1597,white,180+2,e4 e5 Nf3 Nc6 d4 exd4 Nxd4 Bb4+ c3 Bc5,10,
1955,1783,white,60+0,e4 c6 Nf3 d5 exd5 cxd5 d4 e6 Bd3 Bd7,10,
1827,1764,black,420+0,e4 e5 Bc4 Nf6 Nc3 Bc5 Nf3 d6 Ng5 O-O,10,
1593,1402,white,300+0,e4 e5 Nf3 d5 exd5 Qxd5 Nc3 Qe6 b3 Bb4,10,
1483,1482,white,600+0,e4 e5 Nf3 Nc6 Bc4 Nf6 Ng5 Qe7 Bxf7+ Kd8,10,
1885,1892,white,600+0,e4 e5 Nf3 Nc6 Bb5 Nge7 O-O g6 c3 Bg7,10,
1974,1284,white,-,b3 Nf6 e3 e5 Bb2 Nc6 Bb5,7,
1153,1094,white,600+0,e4 c5 Nf3 d6 c3 Nf6 Qa4+ Nbd7 Bb5 a6,10,
1653,1748,white,600+0,e4 e6 Nf3 c6 d4 Be7 Nc3 c5 dxc5 Bxc5,10,
1799,1832,black,600+0,e4 e5 f4 d6 Nf3 Nc6 Bc4 h6 O-O Bg4,10,
1941,1935,black,60+0,b3 c5 Ba3 e6 d4 cxd4 Bxf8 Kxf8 Qxd4 Nc6,10,
2110,2010,white,60+0,e4 d5 Nc3 d4 Nce2 Nf6 Ng3 Bg4 Bc4 Bxd1,10,
1330,1303,black,600+0,e4 d5 d3 d4 Nf3 e5 Nxe5 Nc6 Nxc6 bxc6,10,
1838,1625,white,60+0,d3 d5 c4 e6 Nc3 dxc4 dxc4 Qxd1+ Kxd1 Nf6,10,
1551,1670,black,300+0,e4 c5 c3 Nc6 Nf3 e6 d4 cxd4 cxd4 d6,10,4343.89
1731,1684,white,60+0,e4 g6 d4 Bg7 Nf3 f6 Nc3 d6 Be3 Be6,10,
2116,2326,black,60+0,Nf3 d5 d4 c6 c4 Nf6 Nc3 Bf5 Bf4 e6,10,
1517,1768,black,600+8,d4 d5 c4 Nf6 e3 Bg4 Nf3 h6 c5 a6,10,
1702,1807,black,60+0,e4 e5 Nc3 Nc6 Nf3 d6 Bc4 Nf6 d3 h6,10,
1835,1692,black,120+1,e4 Nc6 d4 e5 Nf3 exd4 Nxd4 Bc5 Be3 Qf6,10,
1671,1663,black,300+0,e4 e5 d3 Nc6 Be2 Nd4 Bf1 Bc5 Be3 Qf6,10,
1945,1862,white,60+0,e3 d5 b3 e5 Bb2 Nc6 Nf3 Nf6 Bb5 e4,10,
2206,2081,white,120+0,d4 e6 e4 d5 Nc3 Nf6 Bg5 Be7 e5 Nfd7,10,
1258,1496,black,240+4,e3 e6 g3 d5 Bg2 Nf6 b3 Be7 Bb2 Nc6,10,
2031,2048,white,300+0,d4 Nf6 c4 g6 Nc3 Bg7 e4 O-O f3 d6,10,
1898,1990,white,300+0,d4 d6 c4 g6 e3 Bg7 Nc3 e5 Nf3 exd4,10,
1720,1664,black,180+0,d4 d5 c4 c6 Nc3 e6 Nf3 Nf6 cxd5 cxd5,10,
1929,1930,white,180+0,e4 e5 g3 Nf6 Bg2 Bc5 Nc3 O-O Nge2 a5,10,
1757,1783,black,300+0,e4 g6 Nf3 Bg7 d4 e6 e5 d6 Qe2 dxe5,10,
1984,2050,black,300+0,d4 d5 e3 c6 Bd3 Nf6 Nd2 Bg4 Ngf3 Bh5,10,
1645,1546,black,60+2,d4 d5 c4 c6 Nc3 e6 Nf3 dxc4 e4 b5,10,
1919,2033,black,180+0,e4 c5 Nc3 g6 f4 Bg7 Nf3 e6 e5 a6,10,
1832,1914,black,180+0,e4 Nf6 Nf3 Nxe4 Qe2 Nf6 d4 d5 Nc3 Bg4,10,110.45
1562,1552,white,120+1,e4 e5 Nf3 d6 Bc4 f5 exf5 e4 Nd4 d5,10,139.81
1416,1328,white,300+3,e4 e5 Nf3 Nc6 Bb5 f6 d4 a6 Ba4 b5,10,150.27
1675,1882,white,600+0,e4 c5 Nf3 Nc6 d4 cxd4 Nxd4 e5 Nf5 d6,10,
1592,1636,black,300+0,d4 Nf6 h3 g6 Bf4 Bg7 Nf3 d5 e3 c5,10,
1757,1740,black,300+3,e4 e5 f4 Bc5 c3 d5 d4 exd4 cxd4 Bb4+,10,45.85
1932,1896,white,180+0,e4 c5 Nf3 Nc6 d4 cxd4 Nxd4 e5 Nb5 a6,10,
1713,1564,white,60+0,e4 e6 Nc3 d5 Nf3 dxe4 Nxe4 f5 Nc3 g6,10,
1873,1722,black,480+0,e4 c5 Bc4 e6 Qf3 Nc6 Bb3 Nf6 d3 h6,10,
1738,1778,black,60+0,e4 g6 d4 Bg7 c3 c5 Bd3 cxd4 cxd4 d5,10,
1987,1995,black,120+0,e4 c5 d4 cxd4 c3 dxc3 Nxc3 e6 Nf3 a6,10,
1578,1635,black,480+0,e4 e5 Nf3 Nc6 Bc4 h6 O-O d6 Nc3 Bg4,10,
1283,1135,black,600+5,e3 Nf6 d4 Nc6 d5 Ne5 c4 e6 Nc3 exd5,10,
1193,1155,white,600+0,e4 e5 Nf3 Nc6 d4 Bd6 d5 Nd4 Nxd4 exd4,10,
1635,1654,black,600+0,e4 e5 Nf3 Nc6 Bb5 Nf6 Bxc6 dxc6 d3 Bg4,10,
1681,1415,white,180+0,b4 e5 a3 Nf6 Bb2 d6 Nf3 b6 d3 Bb7,10,
1341,1359,black,600+0,d4 d5 Nc3 Nf6 Nf3 Ne4 Qd3 Nxc3 Qxc3 Bg4,10,
1896,1823,white,600+0,f4 d5 d4 e6 Nf3 Nc6 e3 Be7 c4 dxc4,10,
2117,2103,black,30+0,e4 Nf6 Nc3 e5 Nf3 Nc6 Bb5 Bc5 d3 O-O,10,
1938,1823,white,120+0,e4 c5 Nc3 d6 d3 a6 g3 b5 Bg2 b4,10,
1451,1587,black,60+0,e4 e5 Nf3 d6 d4 exd4 Nxd4 Nc6 Nf3 Nf6,10,50.02
1851,1663,white,420+10,e4 e5 Nf3 Nc6 Bc4 Nf6 Nc3 Bb4 d3 Nd4,10,124.26
1115,1326,black,300+0,e4 d5 d3 dxe4 Nc3 exd3 cxd3 Nf6 Nf3 Bg4,10,
1499,1574,black,300+0,e4 e5 Nf3 Nc6 Bc4 Bc5 d3 d6 Ng5 Nh6,10,
1331,1140,white,900+0,e4 Nf6 Nc3 g6 Nf3 Bg7 e5 Ng4 Be2 Nxe5,10,2248.83
1681,1684,white,180+0,d4 d5 Bf4 c6 Nf3 e6 e3 f6 h3 g5,10,78.56
2440,2222,white,300+0,c4 c5 Nc3 Nc6 g3 g6 Bg2 Bg7 e4 d6,10,
1664,2041,black,60+0,e4 d5 exd5 e6 Nc3 exd5 d4 Nf6 Nf3 c6,10,
1871,1897,draw,60+0,Nf3 c5 g3 Nc6 Bg2 d6 d3 Nf6 Nbd2 Bg4,10,
1909,1914,white,60+0,d4 e6 c4 d5 Nc3 Nf6 e4 c6 e5 Nfd7,10,
1634,1962,black,300+0,f4 g6 Nf3 Bg7 e3 d6 d4 Nc6 Bb5 Bd7,10,
1473,1494,white,300+0,e4 c5 Nf3 Nc6 d4 cxd4 Nxd4 Nxd4 Qxd4 Nf6,10,
1805,1727,white,60+0,d4 d5 c4 Nc6 Bf4 Bf5 e3 e6 Nf3 Nb4,10,
1723,1751,black,60+1,d4 d5 c4 c6 e3 Nf6 Bd3 Bg4 Nf3 Nbd7,10,
2040,2042,white,180+0,e4 c6 d4 d5 Nc3 dxe4 Nxe4 Nd7 Qe2 Ndf6,10,
2279,2188,white,30+0,e4 e6 d4 Be7 Nc3 d5 Nf3 c6 e5 c5,10,11863.61
1833,1717,white,60+0,d4 d5 c3 e6 e3 Nf6 h3 c5 g3 cxd4,10,
1466,1454,white,360+5,e4 e6 d4 Qh4 Nc3 Bb4 Bd3 Bxc3+ bxc3 Qd8,10,
1560,1754,black,300+8,e4 e6 d3 Nc6 f4 Nf6 Nf3 d5 e5 Ng8,10,
2083,2043,white,60+0,d4 d5 c4 c6 Nc3 Nf6 Nf3 dxc4 a4 Bf5,10,
1698,1736,white,0+1,e4 d5 Nf3 dxe4 Ng5 Qd5 d3 exd3 cxd3 Nc6,10,
1566,1548,white,900+0,e4 e5 Bc4 Be7 Qh5 g6 Qxe5 Nf6 d4 d6,10,
1882,1930,black,60+0,Nf3 d5 d4 c6 c4 Nf6 cxd5 cxd5 Nc3 Nc6,10,
1823,1705,draw,60+0,e4 d5 Nc3 d4 Nce2 e5 f4 c5 Nf3 exf4,10,71.92
1252,1524,black,300+3,e4 e5 Nf3 d5 exd5 Qxd5 Nc3 Qd6 Be2 Nf6,10,2275.78
1454,1500,black,300+0,e4 e5 Nf3 Nc6 d4 exd4 Nxd4 Qf6 Nxc6 Qxc6,10,
1383,1325,draw,300+0,e4 e5 Nf3 Nc6 Bb5 Nd4 Nxd4 exd4 O-O a6,10,
1554,1582,black,300+0,e4 e5 Nf3 Nc6 d4 exd4 Nxd4 Nf6 Nxc6 bxc6,10,1939.91
1751,1974,black,60+0,e4 c6 d4 d5 f3 dxe4 fxe4 e5 Nf3 Bg4,10,
1699,1556,white,300+0,e4 e5 Nf3 Nc6 Bb5 d6 O-O Bd7 c4 a6,10,
1686,1675,white,60+2,e4 e6 Nf3 d5 exd5 exd5 d4 Be6 Be2 Nf6,10,
1844,1585,white,600+0,e4 e5 Bc4 Nc6 c3 Nf6 d3 d6 f4 exf4,10,
2059,1914,white,900+0,e4 e5 f4 exf4 Nf3 g5 Bc4 Bg7 O-O d6,10,
1531,1506,white,5400+0,d4 e6 Bf4 Nc6 Nf3 f6 e3 g5 Bg3 g4,10,134.15
1845,1848,black,600+0,e4 e6 d4 d5 Nd2 c5 c3 Qb6 Ngf3 Nc6,10,
1771,1719,black,300+0,e4 e5 Nf3 Nc6 Bb5 d6 Bxc6+ bxc6 d4 exd4,10,
1627,2076,black,300+0,d4 d5 c4 c6 c5 Nf6 Nc3 Nbd7 Bf4 Nh5,10,2805.7
1650,1406,white,420+8,Nf3 Nc6 a3 e5 d4 Bd6 dxe5 Nxe5 e3 Nf6,10,
2058,2045,white,180+0,e4 e6 Nf3 d5 exd5 Qxd5 Nc3 Qd8 d4 c6,10,
1887,1827,black,180+0,e4 e6 f4 d5 Nc3 d4 Nce2 c5 d3 Nc6,10,
1681,1880,black,180+0,d4 d5 Nf3 Nf6 e3 Bg4 Bd3 e6 b3 Bd6,10,
1841,1878,black,180+0,d4 e6 c4 d5 Nc3 Nf6 Bf4 Bb4 e3 O-O,10,
1314,1017,black,0+4,d4 g6 e3 f5 f3 Bg7 c3 d5 g4 Nc6,10,
1827,1792,black,60+0,d3 e5 e4 d6 Nf3 g6 Bg5 Bg7 h3 f6,10,
1816,1852,black,120+0,e4 c6 Nf3 Qc7 Nc3 d6 d4 Nf6 Bf4 Bg4,10,
1967,1723,white,60+0,e4 d6 Nf3 Nf6 e5 dxe5 Nxe5 g6 Nc3 Bg7,10,
2172,2274,white,30+0,e4 g6 Nc3 Bg7 Nf3 d6 d4 Nf6 h4 Ng4,10,
1446,1446,black,600+0,e4 c5 Nf3 Nc6 Be2 e6 O-O d5 exd5 exd5,10,57.66
1762,1751,white,120+0,d4 d6 c4 e5 d5 f5 Nc3 Nf6 e4 Be7,10,
1736,1750,black,300+0,d4 c5 d5 d6 c4 e6 Nc3 Nf6 Bg5 Be7,10,
1500,1565,white,180+0,c4 e6 b3 d5 Bb2 Nf6 e3 Bd6 g3 Nbd7,10,
2005,1905,white,180+0,e4 Nc6 Nc3 e5 Bb5 Nd4 Bc4 Nf6 d3 Be7,10,1703.53
1410,1529,white,180+3,e4 d5 exd5 Qxd5 Nc3 Qa5 d4 Bf5 Nf3 e6,10,67.74
1084,1350,black,300+0,e4 e5 Nf3 Nc6 d4 exd4 Nxd4 Nxd4 Qxd4 Nf6,10,
1439,1471,white,300+0,e4 e5 Nf3 Nc6 d4 exd4 Nxd4 Nxd4 Qxd4 Nf6,10,
1305,1339,black,300+0,e4 e5 Nf3 Nc6 Bb5 Bd6 Nc3 Nd4 Ba4 Nf6,10,
1495,1735,black,120+0,e4 g6 f4 Bg7 Nf3 d6 d4 c6 Nc3 Bg4,10,
1722,1830,black,900+0,d4 d5 c4 e6 a3 Nc6 Nc3 Nf6 c5 Be7,10,
1693,1540,black,300+0,e4 c5 f4 g6 d3 Bg7 c3 d5 e5 d4,10,
1831,1779,black,120+2,d4 Nf6 Nc3 e6 e4 d5 e5 Ne4 Bd3 Nxc3,10,
1397,1299,white,600+2,d4 c5 c4 e6 dxc5 Qa5+ Bd2 Qxc5 e3 Qe5,10,55.89
1348,1425,black,600+0,e4 e5 Nf3 Nc6 a3 Nf6 d3 Bc5 Be3 d6,10,
1600,1836,black,900+15,e4 e5 Nf3 Nc6 Bc4 Nf6 Ng5 d5 exd5 Na5,10,
1928,1856,white,180+0,e4 c5 Nf3 Nc6 d4 cxd4 Nxd4 d6 Nxc6 bxc6,10,
2040,1935,draw,30+0,Nf3 c6 d3 d6 Nbd2 e6 g3 f6 Bg2 g6,10,
1757,1659,black,300+5,e4 e5 Nf3 Nc6 Bb5 a6 Ba4 Bb4 O-O Nge7,10,
1993,1866,white,180+0,e4 e6 d4 d5 Nc3 Nf6 Bg5 Be7 e5 Nfd7,10,
1272,1364,black,180+0,e4 e5 Nf3 d6 Bb5+ Bd7 Nc3 Nc6 O-O a6,10,
1661,1741,white,180+0,c4 e6 Nc3 c5 Nf3 a6 e3 Nf6 d4 cxd4,10,
1223,1167,black,600+0,e4 e5 Na3 Qh4 d3 Bc5 Qe2 d6 Be3 Bg4,10,
1526,1566,white,600+0,e4 e6 Nf3 b6 Bc4 Bb7 d3 d5 exd5 Bxd5,10,
1293,1432,black,120+0,d4 Nf6 Bf4 d5 e3 Bf5 Nc3 Nc6 a3 Ne4,10,186.48
1657,1609,white,600+0,d4 d5 Nc3 Nc6 Nf3 Bf5 a3 e6 Bf4 a6,10,
1733,1776,white,600+0,e4 e6 d4 d5 e5 c5 dxc5 Bxc5 Nf3 Nc6,10,
1571,1746,white,420+0,e4 e6 Bc4 d5 exd5 exd5 Bb3 Bd7 d3 Nf6,10,
1787,1921,white,300+5,e4 e6 d4 d5 e5 c5 Bb5+ Nc6 Nc3 Bd7,10,
1341,1320,white,30+0,e4 e5 Qe2 Nc6 d4 Nf6 Be3 exd4 Nc3 Be7,10,
2014,2051,black,180+0,Nf3 e6 g3 d5 Bg2 Nf6 O-O Be7 c4 O-O,10,
1576,1341,black,900+15,e4 e5 Nf3 Nc6 a3 Nf6 Nc3 Bc5 h3 d5,10,4204.54
1321,1589,black,1800+0,c4 e5 e4 Nf6 Nc3 c6 d4 b6 dxe5 Ng8,10,
1352,1500,black,300+0,e4 e5 Nf3 Nc6 Bc4 Nf6 Ng5 d5 Nxf7 Kxf7,10,
1744,1766,black,60+0,d4 Nf6 c4 d6 Nc3 Na6 e4 c5 d5 Nc7,10,
1866,1918,white,300+0,e4 e5 f4 exf4 Nf3 Be7 Bc4 c6 O-O d5,10,
1006,1225,black,600+0,d4 d5 c3 Nc6 f3 e5 Qd3 exd4 e4 dxe4,10,
1875,1820,white,300+0,e4 c5 g3 Nc6 Bg2 d6 Ne2 Bg4 h4 e5,10,
1643,1675,black,60+0,e4 c5 f4 Nc6 e5 e6 Nf3 d6 c3 dxe5,10,
1552,1632,white,60+0,e4 d6 Nf3 c6 d4 Qc7 c4 Bg4 Be2 e5,10,
2128,2016,white,180+0,e4 d6 d4 Nf6 Nc3 g6 Be3 Bg7 f3 O-O,10,1540.77
1460,1623,black,180+0,e4 e6 Nf3 d5 exd5 exd5 d4 Nf6 Nc3 c5,10,
1545,1262,white,60+0,g3 e5 Bg2 Nc6 d3 Nf6 e4 d5 f4 dxe4,10,
2060,2726,black,60+0,Nf3 d5 d4 e6 Nc3 Nf6 Bg5 Be7 Bxf6 Bxf6,10,
2100,1975,white,300+2,Nf3 c5 c4 g6 d4 cxd4 Nxd4 Bg7 Nc2 Nf6,10,
1612,1585,black,600+0,e4 e5 Bc4 Bc5 Qf3 Nf6 Ne2 O-O Ng3 Nc6,10,
1676,1955,black,30+0,e4 d5 e5 Nf6 d4 Nfd7 Nc3 e6 Nf3 c5,10,61.95
1308,1380,white,180+5,d4 d5 Nc3 e6 Nf3 f6 e4 c6 exd5 cxd5,10,
1668,1880,black,60+0,d4 Nf6 c4 g6 Nc3 d5 Nf3 Bg7 Bf4 O-O,10,
1802,2002,black,60+0,e4 e5 f4 Bc5 Nf3 Bf2+ Kxf2 exf4 d3 f5,10,
2621,2169,white,60+0,e4 c5 Nf3 e6 d4 cxd4 Nxd4 a6 Nc3 Qc7,10,
2135,1809,white,600+0,e4 c5 Nf3 Nc6 d4 cxd4 Nxd4 e5 Nb5 Nf6,10,
1752,1731,draw,600+0,b3 e5 Bb2 Nc6 e3 d5 Nf3 Bg4 Be2 e4,10,
1528,1314,white,600+0,d4 d5 c4 e6 Nc3 Nc6 Bf4 Bd6 Bxd6 cxd6,10,
1855,1866,white,180+2,e4 e6 d4 d5 e5 c5 dxc5 Bxc5 Qg4 Ne7,10,
1572,1753,white,480+0,e4 Nc6 Nc3 e5 Nf3 f5 exf5 d5 Bb5 Bxf5,10,
1761,1713,white,180+2,e4 e5 Nf3 d6 d4 Qe7 Nc3 c6 Bc4 h6,10,
1322,1359,white,300+8,g3 e5 Bg2 Qf6 e3 c6 Qf3 Na6 Qxf6 Nxf6,10,
1812,1838,white,600+0,e4 e5 Bc4 Nf6 d3 Bc5 Nf3 O-O Nxe5 d5,10,
1833,1809,black,600+0,e4 e6 b3 d5 Nc3 d4 Nce2 Nc6 Nf3 Nf6,10,
2053,1993,black,600+0,e4 e6 Nf3 d5 exd5 exd5 d4 Nf6 Nc3 c6,10,
1794,1650,white,600+0,e4 e5 Nf3 d6 d4 exd4 Nxd4 Nf6 Nc3 Qe7,10,1634.8
1612,1646,white,600+0,e4 e5 Nf3 Nc6 Bb5 Bc5 O-O d6 d3 Bd7,10,
1563,1635,white,180+0,d4 d5 c4 e6 Bf4 Bb4+ Nc3 Bxc3+ bxc3 Nc6,10,
1683,1618,black,480+5,e4 e5 Bc4 Nf6 Nf3 Nc6 d3 Bc5 h3 d5,10,
1842,1871,white,120+1,e4 e6 Nc3 d5 d4 c5 Nf3 cxd4 Nxd4 Bd7,10,
1380,1653,black,600+0,e4 e5 Nf3 Nc6 Bb5 d6 d4 Bd7 d5 Nce7,10,
1498,1570,white,300+0,c4 c6 Nc3 d6 d3 Bg4 Nf3 Bxf3 exf3 Nd7,10,
1844,1748,black,120+0,e4 c6 d4 d5 Nd2 dxe4 Nxe4 Bf5 Ng3 Bg6,10,
1780,1786,black,300+0,e4 c5 d4 cxd4 c3 dxc3 Nxc3 Nc6 Nf3 d6,10,
1457,1406,black,600+2,d4 d5 h3 f5 Nf3 Nf6 e3 e6 c4 c6,10,
1658,1824,white,600+0,d4 d5 Nf3 Bf5 g3 e6 Bg2 f6 c4 c6,10,3425.6
1851,1859,white,300+0,e4 e5 Nf3 Nc6 Bb5 a6 Ba4 b5 Bb3 Nf6,10,
1354,1931,black,600+0,e4 Nc6 Nf3 e5 Bc4 h6 O-O Nf6 Nc3 Be7,10,
1428,1606,black,900+0,e4 e5 Nf3 f6 a3 b6 d3 Bb7 Nc3 d5,10,
1333,1164,white,900+0,Nf3 g6 g3 Bg7 d4 d5 c4 Nf6 c5 Ne4,10,
1838,1792,white,300+0,e4 Nf6 e5 Nd5 c4 Nb6 b3 d6 exd6 cxd6,10,
1916,1908,white,180+2,e4 c6 d4 d5 exd5 cxd5 c4 Nf6 Nc3 Nc6,10,1600.38
1745,1789,black,180+0,e4 c5 Nc3 Nc6 Nf3 d6 Be2 Nf6 d4 cxd4,10,
1716,1768,black,60+0,e4 e5 d4 Nc6 dxe5 Nxe5 f4 Nc6 Nf3 Nf6,10,
1882,1889,white,120+0,e4 e5 Nf3 Nc6 Bc4 Nf6 d3 Be7 c3 O-O,10,
2095,2048,black,60+0,e4 c5 c3 d5 exd5 Qxd5 Nf3 Nc6 d4 cxd4,10,
1667,1500,white,360+0,d4 d6 Bf4 e5 dxe5 dxe5 Qxd8+ Kxd8 Bxe5 f6,10,
1940,1896,draw,900+0,d4 c5 d5 d6 c4 e6 Nc3 h6 e4 e5,10,
1939,1933,black,240+2,e4 e5 f4 exf4 Nf3 Ne7 d4 Ng6 h4 Be7,10,
2100,2194,black,30+0,Nf3 a5 g3 a4 Bg2 Nf6 O-O g6 d3 Bg7,10,
1791,2010,black,60+0,e3 Nf6 b3 g6 Bb2 Bg7 Nc3 O-O g4 d5,10,
1386,1288,black,720+5,e4 e5 Nf3 d6 d4 Nc6 Bb5 Bd7 Bxc6 Bxc6,10,
1784,1665,black,180+0,e4 e5 Nc3 Nc6 Nf3 d6 Bc4 h6 O-O Nf6,10,
1521,1648,black,60+0,e4 d5 exd5 Qxd5 Nc3 Qa5 d4 Bg4 Nf3 Nf6,10,
1631,1555,black,300+0,e4 d6 Bc4 e5 Nc3 Nf6 d3 h6 a3 Nc6,10,
1775,1544,white,300+0,e4 e6 Nc3 d5 exd5 exd5 d4 Nf6 Nf3 Be7,10,
1692,1831,black,180+0,e4 e5 d4 exd4 c3 d6 Bc4 Be7 Nf3 Nf6,10,47.22
1887,1788,white,30+0,d4 b6 c3 Bb7 e4 d6 e5 Nd7 Nf3 dxe5,10,
2173,2337,black,180+0,d4 Nf6 c4 e6 g3 d5 Bg2 dxc4 Nf3 Bb4+,10,
1600,1644,black,180+0,Nf3 g6 d4 Bg7 e3 e6 Be2 Ne7 Nc3 O-O,10,
1937,1321,white,60+0,e4 a5 c3 c5 d4 b5 f4 e5 Bxb5 c4,10,
2146,2474,black,480+0,e4 e6 Nf3 d5 exd5 exd5 d4 Bg4 Be2 Bd6,10,145.6
1662,2332,black,60+0,e4 d5 exd5 e6 dxe6 Qe7 Be2 Bxe6 Nf3 Nc6,10,
2209,1948,black,60+0,e4 d6 d4 g6 Nc3 Bg7 Be3 Nf6 f3 O-O,10,
1604,1700,white,900+10,e3 Nf6 c3 d5 h3 e6 g4 h6 Bg2 Bd6,10,
1431,1389,white,600+0,e4 e5 Nf3 f6 d4 d6 dxe5 dxe5 Qxd8+ Kxd8,10,3760.53
1978,1708,white,60+0,g3 d5 Bg2 c6 c3 f6 d4 e5 dxe5 Nd7,10,
1409,2031,black,60+0,e4 g6 d4 Bg7 e5 d6 c3 dxe5 Nf3 exd4,10,
1383,1269,white,120+1,e4 c5 Nf3 d6 Nc3 Nf6 h3 a6 a3 g6,10,
1590,1465,white,240+0,e4 g6 f4 Bg7 d4 e6 c3 d6 Nf3 Nf6,10,
1843,1858,white,300+0,e4 c6 d4 d5 Nd2 dxe4 Nxe4 Nf6 Ng5 h6,10,
2044,1467,black,60+0,e4 c5 d4 c4 c3 d5 exd5 Qxd5 f4 Be6,10,
1841,2110,black,60+0,d4 g6 c3 Bg7 e3 c5 h3 cxd4 cxd4 d5,10,
1355,1811,black,300+0,e4 e5 Nf3 Nc6 c3 d6 Bd3 Bg4 Bc2 Nf6,10,
2013,1893,black,300+0,e4 e6 d4 d5 exd5 exd5 Nf3 Nf6 Bd3 c6,10,
1608,1518,black,480+0,e4 e5 Bc4 Qh4 Qf3 Nf6 g3 Qxe4+ Qxe4 Nxe4,10,
1278,1264,white,600+0,e4 e5 Qh5 Nc6 Bc4 g6 Qf3 f6 Ne2 Nh6,10,
1279,1854,white,60+0,e4 c6 d4 d5 e5 Bf5 c3 e6 Bd3 Bxd3,10,6516.84
1577,1404,white,60+0,e4 d6 f4 Nc6 Nf3 g6 Bc4 Bg7 d3 e6,10,
1642,1787,black,30+0,e3 d6 b3 Bg4 Bb2 Bxd1 Bc4 Bxc2 Bxf7+ Kxf7,10,
1578,1661,black,600+0,d4 d5 b4 e6 b5 a6 e3 axb5 Bxb5+ Bd7,10,
1939,2099,white,30+0,e4 d5 Nf3 Qd6 Ng5 dxe4 Nxe4 Qd8 Nbc3 Nf6,10,
1664,1497,draw,600+0,e3 e5 b3 Nc6 Bb2 Bd6 h3 Nf6 Nf3 e4,10,
1516,1526,black,600+0,e4 e5 Bc4 Nf6 Nf3 h6 Nxe5 Nxe4 Qf3 Nf6,10,
1319,1186,white,300+0,e4 e6 d4 c6 Bd3 b5 Nf3 Na6 O-O g5,10,
1866,1964,black,180+2,e4 e6 e5 d6 exd6 cxd6 Bb5+ Bd7 Bxd7+ Nxd7,10,
1583,1554,black,300+0,d4 d5 Nc3 e6 e4 dxe4 Nxe4 Nf6 Bg5 Be7,10,
2186,2202,draw,30+0,d4 c5 d5 e6 Nc3 exd5 Nxd5 Nf6 Bg5 h6,10,
930,1074,white,600+0,e4 e5 Nf3 d6 Nc3 f6 d4 a6 d5 b5,10,3990.31
1295,1509,black,300+0,e4 e5 Nf3 Bc5 Nxe5 d6 Nd3 Bb6 Nc3 Nf6,10,
1522,1697,draw,300+0,e4 e5 Nf3 Nf6 Nc3 Nc6 d3 Bb4 a3 Ba5,10,
1764,1726,black,300+0,d4 Nf6 c4 e6 g3 d5 e3 c5 cxd5 exd5,10,
1438,1626,white,300+0,d4 Nc6 Bf4 h6 e3 a6 a3 e6 c3 Nf6,10,
1727,1807,black,300+0,e4 Nf6 e5 Nd5 Bc4 Nb6 Bb3 d5 d4 e6,10,
2040,1922,white,180+0,e4 e5 Nf3 f5 Bc4 fxe4 Nxe5 d5 Qh5+ g6,10,
2177,2008,white,60+0,d4 d5 c4 e6 Nc3 Nf6 cxd5 exd5 Bg5 Be7,10,
1591,1507,white,600+3,e4 e5 Nf3 Nc6 Bb5 Nge7 Nc3 d6 d4 Bg4,10,
1971,1945,white,60+0,d4 Nc6 Bf4 e6 Nf3 Nf6 e3 Nd5 Bg3 Bd6,10,
1827,1475,white,180+0,d4 Nf6 e3 d5 Bd3 Bd7 c3 Qc8 Nf3 Bf5,10,
1597,1857,black,180+0,e4 d5 exd5 Qxd5 Nc3 Qa5 Bc4 Nf6 d3 Bg4,10,
1502,1505,black,300+8,e4 b6 d4 Bb7 Nc3 d5 e5 e6 Nf3 Bb4,10,
2179,2303,white,60+0,e4 c5 Nf3 e6 d3 Nc6 Be3 d5 Nc3 d4,10,
1414,1407,black,300+0,e4 e5 f4 Nc6 Nf3 d6 Nc3 Nf6 d4 exd4,10,
1992,2017,white,300+0,d4 g6 c4 Bg7 Nc3 Nf6 e4 d6 f3 O-O,10,39.44
1328,1331,draw,300+0,d4 c5 Nc3 Nc6 Nf3 Nf6 Bf4 e6 Nb5 e5,10,
1519,1813,black,300+0,e4 c5 Bc4 e6 d3 d5 exd5 exd5 Bb5+ Bd7,10,
1449,1976,black,30+0,d4 Nf6 Bf4 d6 e3 Bg4 Nf3 Bxf3 Qxf3 Nc6,10,2270.41
2039,2047,white,60+0,d4 Nf6 Bg5 Ne4 Bf4 d5 f3 Nf6 Nd2 e6,10,
1715,1728,black,60+0,d4 d5 Bg5 c6 e3 f6 Bf4 e6 Bd3 Nh6,10,
1074,2028,black,60+0,e3 e6 f3 d5 g3 Nf6 Ne2 Be7 h3 O-O,10,
1459,1433,white,180+0,e4 e5 Nf3 Nc6 Nc3 Nf6 d4 Bd6 d5 Ne7,10,
1593,1827,white,600+0,e4 e5 Nf3 Nc6 d4 exd4 Nxd4 Qf6 Nf3 Bc5,10,9509.12
2132,2015,white,300+0,e4 Nc6 d4 d5 e5 Bf5 Ne2 f6 Ng3 Bg6,10,
1554,1760,black,120+1,d4 g6 c4 Bg7 Nc3 d6 e4 Nf6 h3 O-O,10,
1436,1656,draw,420+2,e4 e5 Nf3 d6 Nc3 Nf6 d4 exd4 Nxd4 Bd7,10,
1869,1848,white,60+2,e4 d6 d4 g6 Nc3 Bg7 f3 e6 Be3 Ne7,10,
1690,1444,draw,300+0,e4 e6 Bc4 d5 exd5 exd5 Bb3 Nf6 c4 dxc4,10,58.75
2123,2555,white,60+0,f4 g6 e3 Bg7 d4 d5 Nf3 Nh6 Bd3 O-O,10,5325.77
1922,2102,black,600+0,e4 e6 Nf3 d5 exd5 exd5 d4 Bf5 Be3 Nf6,10,
1224,1216,white,300+0,e4 e5 d4 Qh4 dxe5 Qxe4+ Be2 Qxe5 Nf3 Qe4,10,2787.92
1314,1375,white,420+0,e4 e5 Nc3 Nc6 Nf3 Nf6 d3 d5 Qe2 d4,10,4342.94
1337,1630,white,600+0,d4 d5 e3 Nc6 c3 e5 Ne2 e4 a3 f5,10,
1617,1622,white,900+0,e4 e5 Nf3 Nc6 Bc4 d6 d3 Nf6 h3 Be7,10,
1780,1790,black,30+0,e4 d6 Nf3 Nf6 Bc4 Bg4 Bxf7+ Kxf7 Ng5+ Kg6,10,
1832,1579,white,600+0,e4 e5 Nf3 d6 d4 Bg4 d5 c6 h3 Bxf3,10,
1692,1586,white,600+0,e4 e5 Nf3 Nc6 Nc3 Nf6 Bb5 a6 Ba4 b5,10,
1792,1703,white,480+8,d4 d5 c4 c6 Nc3 Nf6 Nf3 Bg4 Ne5 e6,10,1267.47
2124,2106,black,30+0,g3 d5 Bg2 e6 Nf3 Nf6 O-O c6 Re1 Nbd7,10,
1599,1549,black,300+0,e4 e5 Nf3 Nc6 Bc4 h6 d3 d6 h3 Nf6,10,
2502,2202,white,60+0,e4 d5 exd5 Qxd5 d4 Qd6 Nf3 Nc6 c4 Bg4,10,890.32
1291,1404,white,600+0,e4 d5 Nc3 d4 Nd5 e5 d3 a6 f4 Bd6,10,
1629,1949,black,60+0,c3 e6 e3 Be7 d4 c6 h4 d5 g3 h6,10,
1643,1628,white,300+0,e4 c5 f4 d6 Nf3 Nc6 h3 g6 d4 cxd4,10,
1664,1855,black,600+0,e4 d5 exd5 Qxd5 Nc3 Qa5 d3 c6 Bd2 Bf5,10,4427.93
1669,1647,white,300+0,e4 c5 Bc4 d6 Qf3 f6 Nc3 Nc6 Nge2 Ne5,10,
2305,1770,white,30+0,e4 e5 f4 d6 Nf3 Be7 Nc3 Nc6 Bc4 Bg4,10,115.9
1836,1817,white,180+2,d4 d5 c4 e5 dxe5 d4 a3 Nc6 e3 dxe3,10,
1686,1810,white,180+2,Nf3 d5 g3 Nc6 Bg2 e5 d3 Nf6 Nbd2 Bg4,10,
2067,2115,white,300+0,e4 c5 Nf3 e6 b3 Nc6 Bb2 a6 d4 cxd4,10,
1573,1479,white,480+0,e4 e5 Nf3 Nc6 Bb5 a6 Bxc6 dxc6 Nc3 Bg4,10,
1648,1859,black,120+0,e4 d5 exd5 Qxd5 Nc3 Qa5 Nf3 c6 d4 Nf6,10,
1922,1817,white,300+0,e4 c5 Nf3 Nc6 Bc4 e6 d3 d5 exd5 exd5,10,
1715,1935,black,180+0,e4 d5 Nf3 Nc6 e5 Bg4 d4 e6 Be2 Bb4+,10,
1641,1741,white,540+0,d3 e6 g3 d6 Bg2 g6 Nd2 Bg7 e3 Ne7,10,
1622,1588,draw,180+2,d4 d5 c4 Bf5 h3 e6 g4 Bg6 Bg2 Nf6,10,
1532,1549,black,180+0,e3 c6 a4 d5 b4 Bf5 Bb2 e6 Na3 Nf6,10,2509.2
1490,1497,white,840+0,b3 d5 Bb2 d4 g3 e5 Bg2 Nf6 e3 Ng4,10,
1368,1545,black,180+2,e4 c5 Nf3 Nc6 Bc4 Nf6 d3 h6 a3 e5,10,
1504,1558,black,300+0,e4 g6 Nf3 Bg7 Bc4 b6 O-O Bb7 a3 Bxe4,10,87.4
2376,2133,white,180+0,d4 Nf6 Bf4 e6 e3 Bd6 Bg3 Bxg3 hxg3 c5,10,
1575,1933,black,420+0,e4 c5 Nf3 e6 Bc4 a6 O-O b5 Be2 Bb7,10,
2259,2191,white,30+0,b3 d5 Bb2 Nc6 Nf3 Nf6 e3 Bg4 Bb5 a6,10,
1816,1803,white,60+0,d4 d5 Nf3 e6 Bf4 Be7 e3 c6 Bg3 Nf6,10,
1324,1384,black,300+0,d4 e5 dxe5 Nc6 Nf3 Qe7 Bg5 f6 exf6 gxf6,10,
1248,1390,white,180+0,b3 e6 Bb2 g6 e3 f6 Qe2 Bg7 Nc3 b6,10,4326.0
1530,1434,black,300+3,e4 c5 Bc4 e6 Qf3 Nc6 c3 f6 Nh3 Nge7,10,
1765,1805,black,900+9,e4 c5 d4 cxd4 Qxd4 Nc6 Qd1 d6 Bb5 a6,10,985.05
1247,1270,white,300+3,e4 d6 Nf3 Nf6 d3 Nbd7 g3 e5 Bg2 Be7,10,
1395,1341,white,120+1,d4 d5 Bf4 c6 e3 e6 Nf3 f6 Bd3 g5,10,
1544,1502,black,180+2,d4 e6 c4 d5 e3 Nf6 Nf3 Bb4+ Nc3 Bxc3+,10,
1385,1469,black,60+1,c4 b5 cxb5 a6 bxa6 Bxa6 Nc3 Nc6 Nf3 e5,10,
1466,1640,black,180+0,e4 Nf6 e5 Nd5 c4 Nb6 c5 Nd5 Bc4 Nf4,10,
1237,1010,white,300+0,e4 e5 Nc3 Nf6 Nf3 d5 d4 dxe4 Nxe5 Qxd4,10,
1790,1750,white,480+0,d4 e6 e4 d5 e5 c5 c3 Bd7 Nf3 b5,10,
2006,2015,black,60+0,d4 g6 c4 Bg7 e3 e6 Nf3 Ne7 Nc3 d5,10,
1352,1205,white,600+0,e3 e5 c3 d5 g3 e4 Qa4+ Qd7 Bb5 c6,10,
1474,1431,black,600+0,e3 d5 g3 Nc6 b3 Bg4 f3 Be6 e4 Nd4,10,
1800,1635,white,600+0,e4 e5 f4 exf4 Nf3 Nf6 Bc4 Nxe4 O-O Bc5+,10,
1989,1929,white,120+0,b3 Nf6 Bb2 d5 e3 c5 f4 Nc6 Nf3 Bg4,10,
1467,1241,white,300+0,e4 e5 d3 Qh4 g3 Qf6 Nh3 Bc5 Bg5 Qg6,10,
1729,1638,white,300+0,e4 e5 d4 exd4 c3 dxc3 Nxc3 Bb4 Nf3 Ne7,10,
2074,1975,white,240+2,d4 Nf6 Nf3 g6 Bf4 d6 c3 Bg4 Qb3 Bxf3,10,
2008,1844,white,60+0,e4 c5 Bc4 Nc6 Bxf7+ Kxf7 f4 Nf6 Nf3 d5,10,
1589,1774,black,120+1,e4 c6 d4 d5 exd5 cxd5 Nf3 Nc6 Bd3 Bg4,10,
2035,1745,white,1500+0,d4 d5 Bf4 Nc6 e3 e6 Nf3 Nf6 Be2 Bd7,10,85.01
1547,1598,black,180+0,d4 d5 e4 dxe4 Nc3 e6 f3 Bd7 fxe4 Bb4,10,
1686,1710,white,300+8,e4 d6 d4 c6 h3 h6 Nf3 Nd7 b3 Qc7,10,
1611,1789,white,-,e4 e5 Nf3 Nc6 Nc3 f6 Bc4 b6 b4 g5,10,
2004,1831,white,300+0,b3 e5 Bb2 d6 e3 c5 d4 cxd4 exd4 e4,10,
1312,1478,black,900+5,e4 d6 Nf3 c5 d4 Nd7 Nc3 a6 Bc4 e6,10,4865.63
1713,1836,black,300+0,e4 d6 Bc4 g6 d3 Bg7 Nc3 Nf6 Bf4 e5,10,
1711,1576,black,120+3,e4 c5 d4 cxd4 c3 dxc3 Nf3 d6 Nxc3 Bg4,10,
1590,1550,white,300+0,e4 Nf6 Qf3 e5 Bc4 d5 exd5 Bg4 Qb3 Bc5,10,
1900,2059,black,30+0,d4 c5 Bg5 cxd4 Qd3 f6 Bh4 e5 c3 Ne7,10,
1304,1326,black,120+0,Nf3 d5 e4 dxe4 Ng5 Nf6 d3 h6 Nh3 exd3,10,
1989,1926,black,60+0,d4 c5 c4 cxd4 Nf3 Nc6 Nxd4 Nxd4 Qxd4 Nf6,10,
1980,1853,black,60+0,g3 d5 Bg2 Nf6 Nf3 c6 O-O Bg4 d4 Bxf3,10,
2218,2103,white,60+0,e4 Nf6 e5 Nd5 d4 d6 c4 Nb6 exd6 cxd6,10,
1959,1672,black,30+0,g3 e6 Bg2 d5 d4 Nf6 c4 dxc4 Nc3 Nc6,10,1991.21
2199,2270,white,180+0,d4 Nc6 Nf3 d6 g3 e5 Bg2 Bd7 O-O Nf6,10,
1776,1734,black,60+0,e4 c6 f3 d5 exd5 cxd5 Be2 Nc6 Nh3 Bxh3,10,
1544,1592,white,720+3,e4 e5 Nf3 Nc6 c3 Nf6 d3 Bc5 Be3 Bxe3,10,
1790,1654,white,60+0,e4 c5 d4 e6 c3 cxd4 cxd4 a6 Nf3 Qc7,10,
1745,1790,white,180+0,e4 d5 exd5 Qxd5 Nc3 Qa5 Nf3 c6 d4 Bf5,10,
2010,2010,black,60+0,e4 e5 Nf3 Nc6 Bc4 Bc5 Nc3 Nf6 d3 O-O,10,2726.41
1307,1272,white,300+0,e4 e5 Bc4 d6 Qf3 Nf6 Qe2 Nc6 Nf3 Bd7,10,
2190,2287,white,180+0,e4 g6 Nf3 Bg7 Bc4 e6 O-O Ne7 d4 d5,10,42.34
1891,1709,white,300+0,e4 e5 f4 exf4 Bc4 d6 d4 g6 Bxf4 Bg7,10,
1357,1584,black,300+0,e4 e5 Nf3 f5 exf5 Nf6 Bd3 e4 Bxe4 Nxe4,10,
1959,1811,white,120+0,d4 e6 Nf3 d5 Bg5 f5 Bxd8,7,
1355,1377,black,300+0,e4 e5 Nf3 Bc5 Bc4 Nf6 O-O O-O d3 c6,10,
1850,1794,white,600+0,e4 c5 d4 cxd4 c3 dxc3 Nxc3 d6 Nf3 Nf6,10,
1448,1441,black,600+0,e4 e5 d4 d6 d5 Nf6 Bb5+ Bd7 Nc3 c6,10,
1821,1957,black,600+0,e4 g6 Nf3 Bg7 d4 d6 d5 c6 dxc6 bxc6,10,
1746,1796,black,60+0,e4 c6 d4 d5 f3 e6 c3 Nf6 Bd3 Nh5,10,3781.11
1547,1621,white,300+0,e4 e5 Nf3 Qf6 Nc3 c6 Be2 Bc5 O-O d6,10,
1107,1236,white,420+0,e4 d6 Nf3 e5 Bc4 a6 Ng5 Nh6 Nf3 Bg4,10,
1508,1475,black,1500+0,e4 d5 exd5 Qxd5 Nc3 Qe6+ Be2 g6 Nf3 Bg7,10,
1620,1619,white,600+0,e4 e5 Nf3 Nc6 Bc4 Nf6 Nc3 Bc5 Ng5 O-O,10,
1582,1604,white,60+4,d4 b6 Nc3 Bb7 Nf3 e6 e3 h6 Be2 Nf6,10,
2226,1955,white,60+0,Nf3 c5 d4 cxd4 Nxd4 Nc6 c4 g6 Nc3 Bg7,10,
1622,1877,black,180+0,e4 e6 d4 d5 exd5 exd5 Bd3 Bd6 Ne2 Ne7,10,
2085,2212,black,180+10,f4 b6 Nf3 Bb7 e3 c5 c3 Nf6 Be2 d5,10,
1730,1672,white,600+0,e4 b6 d4 g6 Nf3 Bb7 Nc3 e6 d5 exd5,10,
1455,1388,white,300+0,e4 e5 Nf3 Nc6 Bc4 h6 d3 Nf6 c3 Bc5,10,
1676,1718,white,300+0,e4 d6 d4 Nf6 Bd3 g6 c4 Bg7 Nc3 O-O,10,
1629,1454,white,180+0,c4 g6 Nc3 Bg7 d4 e6 e4 d6 f4 f5,10,
1889,1865,white,300+0,e4 e6 d3 d5 Nd2 Nf6 g3 c5 Ngf3 Nc6,10,
1500,1700,black,300+3,e3 e5 Bc4 d5 Bb5+ c6 Ba4 Nf6 g3 Bc5,10,
1621,1915,black,180+0,d4 Nf6 e3 c5 f3 d5 dxc5 e5 b4 a5,10,
1727,1952,black,60+0,g3 d5 Nf3 c6 Bg2 Nf6 d4 Bg4 O-O Qd7,10,
1815,1921,black,60+0,d4 d5 c4 e6 cxd5 exd5 Nc3 Nf6 Nf3 Be7,10,
2032,1948,white,60+0,Nf3 d5 g3 e5 Bg2 e4 Nd4 c5 Nb3 Nc6,10,
1731,1539,white,600+0,e4 b6 d4 Bb7 d5 c6 Bc4 cxd5 Bxd5 Bxd5,10,
1827,1987,draw,180+0,d4 c6 Nf3 d5 Bf4 Bf5 e3 Bg4 Be2 Nd7,10,
1705,1895,draw,180+0,d4 d5 c4 e5 dxe5 d4 Nf3 Nc6 Bf4 Nge7,10,
1408,2179,black,60+0,e4 e6 d4 Be7 Nf3 d5 exd5 exd5 Bd3 c6,10,
2178,1699,white,480+0,e4 e5 Nf3 Nf6 Nc3 Bb4 Bc4 Bxc3 dxc3 Nxe4,10,
1911,1790,draw,60+0,e4 c5 d4 e6 dxc5 Bxc5 Nf3 Nc6 Bd3 Nf6,10,
1693,1619,white,60+0,e4 d5 exd5 Nf6 d4 Nxd5 Nc3 Nxc3 bxc3 Nc6,10,
1719,1814,white,60+0,e4 c5 d4 cxd4 Nf3 e6 Qxd4 Nc6 Qd3 Nf6,10,
1827,1714,black,300+5,d4 b6 e4 Bb7 d5 c6 dxc6 Nxc6 Nc3 h6,10,
1882,1861,black,300+0,e4 c6 d4 d5 exd5 cxd5 Nf3 Bg4 Be2 e6,10,
2125,2195,black,180+0,e4 d5 exd5 Nf6 c4 c6 Nc3 cxd5 cxd5 Nxd5,10,
1182,1462,black,300+5,d4 d5 c3 e6 g3 Nc6 Bg2 Nf6 Nf3 Be7,10,
2091,1488,white,300+0,e4 e5 Nf3 Nc6 Bb5 Nf6 Qe2 d6 c3 Bd7,10,
1622,1609,black,300+0,e4 c6 d4 d5 Nc3 e6 Nf3 Nf6 Bd3 c5,10,
1353,1328,black,180+3,e4 e5 Nf3 Nc6 Bc4 h6 d3 Nf6 a3 Bc5,10,
1899,1953,white,60+0,e4 e5 Nf3 Nc6 Bb5 Nf6 d3 d6 O-O Be7,10,
1977,2191,black,60+0,e4 c5 Nf3 d6 d4 cxd4 Nxd4 Nf6 Nc3 g6,10,
1659,1551,white,600+0,e4 c6 d4 d5 Nc3 e6 h4 c5 exd5 exd5,10,
1750,2086,black,300+0,e4 c6 d4 d5 exd5 cxd5 Nc3 Nc6 Nf3 Nf6,10,
1793,1634,white,30+0,e3 e5 d3 Bc5 f4 Bb6 fxe5 Ba5+ c3 Qg5,10,
1781,1920,black,30+0,d3 c5 g3 e6 Bg2 Nc6 e4 d5 exd5 exd5,10,
1733,1966,white,120+0,e4 c5 Nf3 d6 d4 cxd4 Nxd4 Nc6 Nc3 Nf6,10,
1781,1895,black,30+0,e4 e6 e5 d5 exd6 cxd6 g3 Nc6 Bg2 d5,10,
1481,1525,black,300+0,f4 Nf6 Nf3 d5 b3 Nc6 Bb2 g6 e3 Bg7,10,
1332,1270,black,300+0,e4 a6 Qh5 Nc6 Bc4 g6 Qf3 Ne5 Qd3 Nxd3+,10,
1481,1692,white,300+0,e4 e5 Nf3 Nc6 Bc4 Bc5 c3 Nf6 d3 O-O,10,
1510,1527,draw,300+0,e4 c5 d4 cxd4 c3 d6 cxd4 Nf6 Nc3 g6,10,
1829,1984,white,600+0,e4 e5 Nf3 Nc6 Nc3 Nf6 d4 exd4 Nxd4 Qe7,10,
1684,1765,black,300+0,e4 d5 exd5 Qxd5 Nc3 Qa5 Nf3 c6 d4 Bg4,10,
1886,1672,white,180+1,b4 e5 Bb2 e4 e3 d5 c4 Nf6 a4 Bxb4,10,
1704,1631,white,240+0,e4 e5 Nf3 Nc6 d4 exd4 Nxd4 Nxd4 Qxd4 Qf6,10,
1940,1980,black,60+0,Nf3 d5 g3 e6 Bg2 b6 O-O Bb7 d4 g6,10,
1604,1604,black,600+0,e4 d5 d3 d4 c3 e5 cxd4 Qxd4 Nf3 Qb4+,10,11161.67
1685,1719,black,60+0,e4 Nc6 Nf3 e5 c3 Bd6 Bb5 Qe7 O-O Nf6,10,
1611,1644,black,180+0,d4 d5 c4 dxc4 e3 Nf6 Nf3 e6 Nc3 Bb4,10,
1806,1853,white,180+0,e4 e5 d4 exd4 Bc4 c5 Nf3 d6 c3 dxc3,10,
2036,1996,white,60+0,e3 e5 c4 c6 Nc3 d5 d4 exd4 exd4 Bf5,10,
1872,1876,black,300+8,e4 e5 Nf3 Nc6 Bb5 Nge7 O-O Ng6 h3 Bc5,10,
1904,1880,white,180+0,d4 Nf6 Nc3 g6 Bf4 Bg7 e3 d6 Nf3 O-O,10,
1883,1775,white,60+0,e4 e5 Nf3 Nf6 d4 exd4 e5 Ng8 Qxd4 Nc6,10,1708.96
1352,1440,black,240+2,d4 Nf6 Bf4 g6 g3 Bg7 Bg2 Nc6 c3 d5,10,
2242,2174,black,60+0,d4 e6 e4 c5 d5 d6 dxe6 Bxe6 c4 Nc6,10,
2202,2092,white,30+0,h4 Nf6 h5 Ng4 Nc3 e5 f3 Nf6 d3 d5,10,
1607,1547,black,120+3,e4 d5 exd5 Qxd5 Nf3 Bg4 d4 e5 Nc3 Bb4,10,
1982,2623,black,60+0,g3 h5 Bg2 h4 Nf3 h3 Bf1 c5 d3 Nc6,10,
1657,1581,white,300+0,e4 e5 Nf3 Nc6 Bb5 a6 Ba4 b5 Bb3 Nf6,10,
1674,2118,black,60+0,g3 c6 Bg2 d5 f3 Nf6 d3 g6 Be3 Bg7,10,
2288,1815,white,600+0,e4 c5 Nf3 d6 d4 cxd4 Qxd4 Nf6 Nc3 Nc6,10,
1873,1532,white,60+0,d4 Nc6 d5 Nb8 e4 d6 Be3 e6 c4 exd5,10,
2028,2727,black,60+0,e3 d5 c4 e6 d4 Nf6 cxd5 exd5 Nc3 c6,10,
1483,1176,white,600+0,e4 e5 Bc4 Nh6 Qf3 c5 Ne2 Nc6 c3 Na5,10,
1736,1725,black,180+0,d4 d5 Nf3 Bg4 Bf4 Nf6 h3 Bxf3 exf3 e6,10,
1837,2059,black,60+0,d4 Nf6 c4 g6 Nc3 Bg7 e3 O-O Nf3 c5,10,
1654,1649,white,600+5,d4 Nf6 Nc3 d5 Bg5 e6 Nf3 Bb4 Qd3 O-O,10,93.89
1700,1656,white,300+0,e4 e5 Nf3 d6 Bc4 h6 O-O Nf6 h3 Be7,10,
2014,1741,white,60+0,e4 d5 exd5 Nf6 c4 e6 Nc3 exd5 cxd5 Nxd5,10,
1363,1500,black,480+0,e4 e5 Nf3 Nc6 Bc4 Nf6 Nc3 Bc5 Ng5 d5,10,
1704,1311,white,60+0,e4 c5 Bc4 b5 Bxb5 a6 Bc4 Nc6 Qf3 g5,10,
1772,1722,black,300+0,e4 d6 Qf3 Nf6 Nc3 e5 Bc4 g6 h4 Bg7,10,
1885,2167,white,60+0,e4 c5 d4 cxd4 c3 dxc3 Nxc3 Nc6 Nf3 e6,10,
1852,1739,black,300+0,e4 e5 Bc4 d6 d3 Nf6 Nc3 Be7 f4 O-O,10,
1576,1355,white,600+2,h4 e6 g4 g5 h5 Nf6 Bh3 b6 d3 Bb7,10,
1977,1448,white,30+0,g3 d5 Bg2 b6 Nf3 Bb7 O-O Nc6 d3 e6,10,
2009,1970,black,300+0,d4 b6 c4 Bb7 Nc3 e6 e4 Bb4 f3 Nf6,10,
2201,2186,black,30+0,c4 d6 Nc3 Nd7 d4 Ngf6 Bg5 e5 Bxf6 Nxf6,10,
1313,1508,white,300+5,e4 e5 Nf3 Nc6 d4 exd4 Nxd4 Bc5 Nxc6 bxc6,10,
1768,1636,black,600+0,e4 d5 exd5 Qxd5 Nc3 Qe5+ Be2 a6 Nf3 Qd6,10,
2272,2154,white,180+0,d4 Nf6 c4 c5 Nf3 cxd4 Nxd4 a6 Nc3 e6,10,91.76
1681,1651,white,480+0,e4 e5 Nf3 a6 Bc4 d6 d3 h6 c3 Bg4,10,
1943,1828,white,240+2,e4 c6 c4 d5 cxd5 cxd5 e5 Nc6 d4 e6,10,
1661,1708,black,60+0,d4 e5 dxe5 d6 exd6 Bxd6 Nf3 f5 Bg5 Nf6,10,
1471,1489,black,600+5,e4 c5 e5 e6 d4 cxd4 Qxd4 d6 Nf3 Be7,10,
1908,1851,white,60+1,e4 e5 f4 exf4 Nf3 d5 e5 Nf6 exf6,9,
2006,1956,black,300+0,d4 Nf6 c4 g6 g3 Bg7 Bg2 O-O Nc3 d6,10,
1292,1261,white,600+5,e4 e5 Nf3 Nc6 d4 Nxd4 Nxd4 exd4 Qxd4 Nf6,10,
1587,1485,draw,600+0,e4 e5 Nf3 Nf6 Nc3 Bb4 Nxe5 Bxc3 bxc3 Qe7,10,
1816,1942,black,180+0,d4 c5 d5 d6 e4 Nf6 Nc3 g6 Nf3 Bg7,10,
1060,1340,white,180+3,e4 d5 e5 d4 d3 f6 exf6 Nxf6 Nf3 Bg4,10,3473.47
1649,1627,black,480+0,b4 d5 Bb2 d4 Nf3 e5 Nxe5 Qd6 Nf3 Qxb4,10,
2153,1576,white,900+0,d4 e5 dxe5 Bc5 Nf3 f6 Nc3 c6 Ne4 Bb4+,10,
2003,1382,white,60+0,e4 g6 Nc3 Bg7 Nf3 d6 d4 Nd7 Ng5 b6,10,204.65
1636,1574,white,300+0,e4 e5 Bc4 Nf6 Nf3 d5 exd5 Nxd5 Nxe5 Bd6,10,
1591,1696,white,120+3,d4 c5 dxc5 Qa5+ c3 Qxc5 Nf3 Nf6 e3 Nc6,10,
2179,2268,black,30+0,e4 g6 Nc3 Bg7 Nf3 d5 h4 dxe4 Nxe4 Bf5,10,
1171,1408,white,480+0,e4 e5 Nf3 Nf6 Nc3 Bb4 Nxe5 Bxc3 dxc3 Nxe4,10,
2111,2118,draw,600+0,e4 e6 Nf3 d5 exd5 exd5 d4 Nf6 Be2 Bd6,10,33.08
1748,1680,black,30+0,g3 c6 f3 d6 e3 g6 Bg2 Bg7 Ne2 a6,10,
1823,1707,black,300+2,d4 e6 Nf3 a6 e3 Nc6 a3 Be7 Bd3 h6,10,
1502,1241,white,300+0,e4 e6 Nf3 Nc6 e5 d5 d4 b6 Bb5 Bd7,10,
1792,1835,white,300+0,d4 d5 Nf3 c6 e3 Nf6 c4 Bg4 Be2 e6,10,
1653,1644,draw,300+0,d4 Nf6 c4 e6 Nc3 Bb4 e3 O-O Ne2 d5,10,
1699,1706,white,180+0,Nf3 d5 d4 Nf6 Bf4 c5 e3 c4 b3 b5,10,
1601,1471,white,180+0,e4 e6 Nf3 Bc5 Bc4 b6 d4 Be7 c3 Nf6,10,
1484,1518,black,180+2,e4 c5 Nf3 g6 Bc4 e6 O-O Bg7 Nc3 a6,10,
1375,1868,black,600+0,e4 c5 g3 e6 d4 cxd4 Qxd4 Nc6 Qd1 Qc7,10,
1803,1751,black,180+2,e4 Nf6 e5 Nd5 c4 Nb6 d4 d6 Nf3 Bg4,10,
1645,1870,black,180+25,e4 e5 Nf3 Nc6 Bb5 d6 Nc3 Be7 d3 Bf6,10,
1695,1845,white,180+0,d4 d6 c4 e5 d5 Nf6 Nc3 g6 Nf3 Bg7,10,
1284,1131,black,0+4,e4 d5 Nf3 dxe4 Ng5 Nf6 d3 h6 Nxe4 Nxe4,10,
1943,1775,white,180+0,f4 d5 Nf3 Nf6 e3 c5 b3 Nc6 Bb2 Bg4,10,
2018,2227,draw,60+0,e4 d5 exd5 Nf6 d4 Bg4 Be2 Bxe2 Qxe2 Qxd5,10,
1491,1099,black,1200+10,e4 c5 c4 Nc6 Nf3 d6 d4 e5 dxe5 dxe5,10,
1491,1872,white,60+0,e4 e6 d4 d5 e5 c5 c3 Nc6 Nf3 Qb6,10,
1588,1586,white,180+2,e4 e5 Nf3 Nc6 d4 exd4 Nxd4 Bb4+ c3 Bc5,10,
1943,2156,black,60+0,e3 d6 b3 Nc6 Bb2 e5 Nc3 Nf6 Nf3 Be6,10,
1550,1500,white,120+1,d4 d5 c3 Nc6 e3 e6 f4 Bd6 Nf3 Qe7,10,
2203,1837,white,60+0,Nf3 c6 g3 e6 Bg2 d5 O-O Ne7 d4 g6,10,
1706,1735,white,120+0,d4 g6 c4 Bg7 Nc3 e6 f3 Ne7 e4 b6,10,
1672,1892,black,300+0,e4 c6 Nf3 d5 exd5 cxd5 d4 Nf6 Nc3 Bg4,10,3171.28
1737,1544,white,300+4,e4 d5 exd5 Nf6 Nc3 Nxd5 Nf3 Bg4 Be2 e6,10,
1288,2207,black,180+0,e4 c5 Bc4 Nc6 Bxf7+ Kxf7 Qh5+ g6 Qxc5 e6,10,11420.16
1673,1674,black,180+0,e4 c6 d4 d5 exd5 cxd5 Nf3 e6 Bb5+ Nc6,10,
2026,1970,black,180+0,d4 c5 d5 e6 Nc3 Ne7 e4 Ng6 g3 d6,10,
1396,1540,black,180+0,e4 a6 Nf3 b5 d4 Bb7 Nc3 c5 d5 e6,10,
1556,1459,black,180+0,e4 c5 d4 cxd4 c3 d6 cxd4 Nf6 Nc3 a6,10,
1101,1337,white,600+0,c4 e5 Nf3 e4 Ne5 Qg5 d4 Bb4+ Bd2 Qxd2+,10,
1778,1557,white,60+0,Nf3 e6 g3 d5 Bg2 c5 O-O c4 h4 b5,10,
1628,1566,black,60+0,f4 Nf6 e4 e6 e5 Ng8 d4 d6 Nf3 dxe5,10,
1641,1582,black,240+0,e4 e5 Nf3 d6 Nc3 c6 Bc4 Be7 d4 exd4,10,
2014,2095,black,60+0,e4 c5 Nf3 e6 d3 a6 Nbd2 d6 a4 g6,10,
1789,1848,black,180+0,d4 a5 a3 a4 c4 e6 Nc3 b6 e4 Bb7,10,
1489,1556,black,180+0,e4 e6 d4 c6 f4 Be7 Nf3 d5 e5 c5,10,
1829,1740,white,120+0,e4 g6 d4 Bg7 Nc3 d6 Nf3 c6 Be3 Bg4,10,
1570,1560,black,600+0,e4 e5 f4 Nc6 Nf3 d6 Bb5 Bd7 O-O a6,10,
1896,2095,black,60+0,e4 Nf6 e5 Nd5 d4 d6 Nf3 Bg4 Be2 e6,10,230.46
1500,1608,black,300+0,e4 e5 Nf3 d6 d4 exd4 Bc4 Nc6 c3 h6,10,
1734,1692,black,180+0,e4 e5 f4 Nc6 Nf3 d6 fxe5 dxe5 c3 Bc5,10,
1714,1472,white,180+1,d4 d5 h3 c6 Bf4 h6 e3 g5 Bg3 Bg7,10,
1448,1401,white,300+0,e4 c5 d3 Nc6 c3 g6 Nf3 Bg7 Be2 Nf6,10,
1738,1804,white,300+0,e4 d5 exd5 Nf6 c4 e6 dxe6 Bxe6 d4 Bb4+,10,
1750,1687,white,300+0,e4 e5 Nf3 d6 Bc4 Be7 d3 Nf6 c3 a6,10,
1778,1973,black,120+0,d4 e6 e3 d5 Bd3 f5 f4 Nf6 Nf3 Bd6,10,
928,1213,white,180+0,e4 e5 Nf3 Nc6 Bb5 a6 Bxc6 dxc6 d3 Bg4,10,306.39
1660,1614,black,900+0,e4 e5 Nf3 d6 Bc4 Bg4 d3 Nf6 h3 Bxf3,10,
1918,1595,black,60+1,e4 e5 f4 Nc6 Nf3 exf4 d4 g5 Bb5 Bb4+,10,
2116,2119,white,180+2,e4 e5 Nf3 Nc6 Bc4 Nf6 d3 Bc5 c3 O-O,10,
1451,1497,black,300+0,e4 e5 Nf3 Nf6 Nc3 Nc6 d4 exd4 Nxd4 Nxe4,10,
1510,1611,black,0+4,e4 e5 Bc4 Nf6 d3 g6 Ne2 Bg7 O-O O-O,10,
2082,1956,black,30+0,d4 d5 Nf3 Nf6 e3 e6 c3 Bd6 Bd3 c6,10,
1464,1411,white,180+2,e4 c5 Nf3 d6 Nc3 Nf6 Bc4 e6 d3 d5,10,
1300,1349,white,840+0,e3 e5 Nf3 Nc6 d3 Nf6 e4 d6 Be3 Bg4,10,
1632,1661,black,600+0,f3 e5 Kf2 d5 e3 Nc6 d4 exd4 exd4 Qf6,10,
1691,1941,black,30+0,e4 c5 c4 Nc6 Nf3 Nd4 Nxd4 cxd4 Qe2 e5,10,
2024,1676,white,600+0,e4 e5 Nf3 d6 h3 Nc6 c3 Qe7 Bb5 Bd7,10,
1763,1662,black,120+0,e4 c5 c4 d6 g3 e5 Bg2 Nc6 d3 Nd4,10,
1489,1351,black,120+3,e4 e5 c4 d6 d3 Nf6 Bg5 Nc6 Nc3 Be7,10,
1994,1824,white,300+0,e4 d5 exd5 Qxd5 Nc3 Qa5 Bc4 c6 Nf3 e6,10,
966,1057,white,600+0,d4 d5 c4 Nf6 Nf3 Nc6 Nc3 dxc4 e3 Bg4,10,5676.02
1869,1898,black,300+3,e4 e5 Nf3 Nf6 Nxe5 d6 Nf3 Nxe4 Nc3 Nxc3,10,
1361,1710,black,300+0,d4 e6 c4 Ne7 e3 g6 Nf3 Bg7 Nc3 d5,10,
1319,1397,draw,300+3,e4 e5 Nf3 Nc6 Bc4 Nf6 Nc3 Bc5 a3 O-O,10,
1648,1648,black,300+3,e4 e5 Nf3 Nf6 Nc3 Bb4 d3 d5 Bd2 Bg4,10,
1594,1820,black,60+0,e4 Nf6 e5 Nd5 d4 d6 Bc4 Nb6 Bb5+ c6,10,5601.57
1156,1220,black,300+3,e4 e5 Nf3 d6 Bc4 Nf6 d3 Bg4 O-O h5,10,
1408,1449,white,600+10,e4 e5 Qh5 Nc6 Bc4 g6 Qf3 Nd4 Qxf7#,9,
1740,1523,white,300+0,b4 e5 Bb2 Nc6 b5 Nd4 e3 Ne6 Bxe5 d6,10,
1440,1114,white,-,e4 e5 Nf3 Nc6 c3 Bc5 Bb5 Nf6 d3 O-O,10,
1558,1511,white,300+0,c3 c6 d3 d5 Qc2 Bf5 Nf3 e6 Bg5 Qb6,10,
1746,2005,draw,180+0,e4 c5 Nf3 d6 d3 g6 g3 Bg7 Bg2 e6,10,
1349,1974,black,-,e4 e6 d4 Ne7 Bg5 h6 Bh4 g5 Bg3 Bg7,10,
1662,1845,black,300+2,e4 d5 Nf3 dxe4 Ng5 e5 Nxe4 f5 Ng3 Bc5,10,64.88
2011,2114,black,180+0,e4 Nf6 Nc3 d5 exd5 Nxd5 Bc4 c6 Qf3 e6,10,
1655,1514,black,60+0,c4 e5 Nc3 d6 g3 Nf6 Bg2 c6 Nf3 Be6,10,
1929,1169,white,300+0,e4 e5 Nf3 Nc6 Bb5 Bc5 O-O Nf6 c3 Nxe4,10,
1457,1495,white,300+0,e4 c5 Bc4 Nc6 Qf3 e6 Nh3 Ne5 Qc3 Bd6,10,
1532,1575,black,300+0,d4 c5 dxc5 d5 cxd6 Qxd6 Qxd6 exd6 Be3 d5,10,
1258,1444,black,60+0,e4 e5 Nf3 Nc6 Nc3 g6 d4 exd4 Nxd4 Bg7,10,
2117,1987,black,30+0,e4 c5 Nc3 d6 d4 Nc6 dxc5 dxc5 Qxd8+ Nxd8,10,
1511,1483,black,120+5,e4 c5 Bc4 Nc6 Nf3 e6 d4 cxd4 Nxd4 Nf6,10,
1808,1639,black,600+0,e4 e5 Nf3 Nc6 Nc3 Nf6 Bc4 Be7 d3 O-O,10,
1723,1989,black,600+0,e4 Nf6 e5 Nd5 d4 d6 f4 Bf5 Nf3 e6,10,
1716,1625,white,600+0,e4 e5 Nf3 d6 Bc4 c5 d3 h6 Nc3 f5,10,
1918,1980,black,180+0,d4 e5 dxe5 d6 exd6 Bxd6 Nf3 Bg4 Nbd2 Nc6,10,
1793,1836,white,300+0,e4 c5 Nc3 a6 a4 Nc6 f4 e6 Bc4 d6,10,32.39
1939,1940,black,600+0,d4 Nf6 e3 d5 Bd3 c5 c3 c4 Bc2 Nc6,10,
1631,1541,white,900+5,e4 c5 c3 Nf6 d4 d6 Bd3 Nc6 Be3 e6,10,9889.37
1963,1408,white,60+0,g3 e5 Bg2 Nf6 Nf3 Nc6 Nxe5 Nxe5 O-O Bd6,10,
1917,1787,white,600+0,d4 d5 c4 c6 e3 e6 Nc3 f5 Nf3 Nf6,10,
1868,2332,white,60+0,d4 e5 dxe5 Nc6 Nf3 Qe7 Bf4 Qb4+ Bd2 Qxb2,10,
2016,1786,white,60+0,c4 e6 Nc3 b6 Nf3 Bb7 g3 Bb4 Bg2 Bxc3,10,
1938,2023,black,60+0,e4 e5 f4 exf4 Nf3 g5 Bc4 Bg7 d4 d6,10,
1807,1661,draw,60+0,e4 c5 f4 e6 Nf3 d5 exd5 exd5 Be2 Nf6,10,
2041,1982,white,900+0,e4 e5 d4 exd4 Qxd4 Nc6 Qd1 Bc5 Be3 Bb6,10,
1495,1590,black,180+1,e3 c6 Nf3 d5 Ne5 Bf5 d3 Nd7 Nxd7 Qxd7,10,
1707,1998,black,60+0,e4 g6 Bc4 Bg7 Qf3 e6 d4 Ne7 Bg5 O-O,10,
1354,1005,white,300+0,d4 Nc6 d5 Ne5 Bf4 d6 e4 Bg4 Be2 Nf6,10,
2179,1972,black,60+0,d4 Nf6 Nf3 e5 e3 e4 Be2 exf3 Bxf3 d6,10,
1305,1325,white,300+0,f4 f5 c4 c5 Nc3 d6 Nf3 Nf6 a3 e6,10,
1799,1764,white,600+4,d4 b6 Nc3 e6 Nf3 Nf6 e4 Bb7 e5 Nd5,10,
1711,1736,white,60+0,Nf3 Nf6 g3 d5 Bg2 c5 d3 Nc6 Nbd2 e6,10,
1598,1672,white,180+0,e4 e6 Nf3 d5 exd5 exd5 d4 c6 Nc3 Bd6,10,
1893,1860,black,180+0,Nf3 e6 c4 Nf6 b3 Be7 Bb2 O-O g3 c6,10,
1886,1761,black,180+0,d4 c5 Nf3 g6 Nc3 cxd4 Qxd4 Nf6 Nd5 Bg7,10,
1536,1534,black,180+0,d4 d5 e3 Nf6 Nc3 Nc6 Bd3 Bg4 f3 Bh5,10,
2003,1872,black,180+0,e4 e5 f4 d6 Nf3 Bg4 fxe5 Bxf3 Qxf3 dxe5,10,
1518,1091,white,1800+0,e4 e5 Qh5 Qe7 b3 Nf6 Qf3 Na6 Ba3 Qe6,10,
1496,1394,black,300+0,e4 e5 Bc4 Qf6 Qf3 Qg6 d3 h6 Nc3 Nc6,10,
2112,2259,black,120+0,e4 e6 d4 d5 exd5 exd5 Bd3 Nf6 c3 Be7,10,
1938,1926,black,600+0,e4 e5 Nf3 Nc6 Bb5 a6 Ba4 Nf6 O-O d6,10,
1531,1359,white,300+8,d4 Nf6 c4 g6 e3 Bg7 Nf3 d6 Nbd2 O-O,10,3159.62
1797,1714,white,120+3,c4 e5 Nc3 c6 e3 Bb4 Nce2 d6 a3 Ba5,10,
1594,1485,white,300+5,d4 Nf6 c4 g6 g3 Bg7 Nf3 O-O Bg2 Nc6,10,
1586,1816,black,300+0,e4 e5 Nf3 d6 Nc3 Nf6 Nd5 Nxe4 d3 Nf6,10,
1674,1486,draw,120+0,e4 d6 d4 e5 dxe5 Nd7 exd6 Bxd6 Nf3 Ne7,10,
1298,1344,white,600+0,e4 e5 Nf3 Nc6 Bc4 Qe7 d4 exd4 Nxd4 Qxe4+,10,
1800,1893,black,30+0,d4 d5 e4 c6 e5 f6 exf6 exf6 Nf3 Bf5,10,5993.47
1508,1319,white,1200+0,e4 c5 d4 cxd4 Qxd4 Qa5+ Bd2 Nc6 Qe3 Qb5,10,
1697,1711,black,600+0,d4 d6 c4 g6 e4 Bg7 Nf3 e5 Nc3 Nf6,10,
1421,1499,draw,600+0,e4 Nc6 Nf3 e6 Nc3 Bb4 d3 Bxc3+ bxc3 d5,10,
1910,1942,black,180+0,Nf3 Nf6 g3 c5 Bg2 Nc6 d4 b6 Ne5 Bb7,10,
1592,1419,white,900+0,e4 d5 d4 dxe4 Qe2 Nf6 Bg5 Bf5 Bxf6 exf6,10,
1841,1950,white,300+0,e4 c6 d4 d5 e5 Bf5 Bd3 Bxd3 Qxd3 e6,10,
2012,1921,black,1200+0,g4 e5 Bg2 d5 c4 c6 cxd5 cxd5 Qb3 Ne7,10,
1549,1614,white,300+0,e4 e5 Nf3 Nc6 d4 exd4 Nxd4 Nxd4 Qxd4 Nf6,10,
1655,1729,white,300+0,d4 e6 e4 b6 Nd2 Bb7 Bd3 Nc6 Ne2 Qe7,10,
1777,1708,black,60+0,e4 c5 Nf3 e6 d4 cxd4 Nxd4 Nf6 Nc3 Nc6,10,188.93
1833,1812,white,300+0,d4 d5 c4 e6 cxd5 exd5 Nc3 Nf6 Bg5 Be7,10,40.44
1689,1706,black,300+0,e4 c6 d4 d5 e5 Bf5 Nf3 e6 Bd3 Bxd3,10,
1542,1393,white,300+3,e4 e5 Nf3 d6 d4 exd4 Nxd4 Bd7 Nc3 Nc6,10,
1753,1759,white,300+0,c4 e6 Nc3 Nf6 d4 Be7 e4 O-O Be3 d6,10,
1340,1333,draw,360+5,e4 c5 d4 cxd4 Qxd4 Nc6 Qd1 e6 Nc3 Nf6,10,4003.33
1794,1841,white,1200+0,d4 Nf6 c4 d5 Nd2 e6 e3 Be7 Ngf3 b6,10,
1414,1270,black,180+0,e4 e5 d4 Nc6 c3 exd4 Bc4 dxc3 Nf3 cxb2,10,
1370,1337,black,300+0,e4 g6 Bd3 c6 e5 Bg7 e6 dxe6 Nf3 Qb6,10,
1573,1448,white,120+2,e4 d5 exd5 Qxd5 Nc3 Qd8 d4 e6 Nf3 Nc6,10,
1472,1444,black,180+0,e4 c6 Nf3 d5 exd5 cxd5 d4 e6 Nc3 Be7,10,
1371,1202,white,90+2,e4 e5 Nf3 Nc6 Bb5 a6 Ba4 b5 Bb3 Na5,10,
1924,1716,white,180+0,e4 e6 d4 c6 f4 d6 Nf3 h6 c4 Be7,10,
1151,1327,black,300+1,e4 e5 f3 Bc5 c3 Nf6 Qb3 O-O Bc4 Qe7,10,
1347,1322,white,240+1,e4 e5 Nc3 c6 Nf3 d5 exd5 cxd5 Nxe5 f6,10,
1441,1300,black,120+1,d4 d5 c4 dxc4 Nc3 a6 e4 b5 a3 e6,10,
1897,1673,white,60+0,d4 c6 Bf4 e6 Nf3 Qa5+ c3 Qb6 Qb3 Qd8,10,
2623,2119,white,60+0,e4 d6 d4 c6 Bd3 Nd7 f4 e5 c3 exf4,10,
1345,1372,black,300+0,e4 b6 Nc3 Bb7 d3 g6 Bg5 Bg7 Nf3 h6,10,2235.3
1706,1817,black,240+0,e4 e6 d4 d6 Nf3 Nd7 Nc3 Ne7 Bd3 Ng6,10,
1813,1821,white,180+2,d4 d5 c4 e6 Nc3 g6 Nf3 Bg7 e3 Ne7,10,
1330,1583,black,60+0,e4 e5 Nf3 Nc6 Bc4 f5 d3 Nf6 Ng5 d5,10,
1774,1509,white,600+8,e4 e5 Bb5 Bc5 Nf3 Qf6 d3 Ne7 Bg5 Qg6,10,
1861,2050,white,600+0,e4 e6 b3 d5 exd5 exd5 Nf3 Nf6 Bb2 Bd6,10,
1739,1706,white,60+0,e4 e6 d4 c5 d5 exd5 exd5 d6 c4 Nf6,10,
1746,1764,white,60+0,d4 Nf6 c4 d6 Nc3 Na6 e4 c5 d5 Bd7,10,
2197,2189,black,30+0,d4 d6 Nc3 Bg4 h3 Bc8 e4 c6 Be3 Nf6,10,5738.4
1723,1977,black,300+0,e4 e6 d4 d5 e5 c5 c3 Nc6 Nf3 Bd7,10,
2078,2074,white,300+0,e4 c5 Nf3 d6 d4 cxd4 Nxd4 Nf6 Nc3 a6,10,
1999,1985,white,180+2,c4 Nf6 Nc3 e6 g3 d5 cxd5 exd5 Bg2 c6,10,
1982,1950,white,300+0,d4 c6 c4 d5 Nc3 e6 Nf3 Nf6 Bg5 dxc4,10,
1815,1831,black,300+8,e4 e5 f4 Bc5 Nf3 d6 c3 Nc6 Bb5 Bd7,10,
2013,1198,white,300+0,e4 e6 b3 d6 Bb2 Nd7 Nc3 Ne7 g3 b6,10,
1192,1373,black,300+0,e4 e5 Nf3 Nc6 d4 exd4 Nxd4 Bc5 c3 Qe7,10,
1805,1943,white,300+0,d4 d5 Nf3 Nf6 Bg5 Nc6 Nbd2 e6 e3 Be7,10,
1612,1689,black,540+0,e4 e5 Nf3 Nc6 Bc4 Bc5 d3 d6 Ng5 Qf6,10,
1882,2211,black,60+1,e4 c5 Nf3 e6 d4 cxd4 Nxd4 Nf6 Nc3 Nc6,10,
2217,2446,white,300+0,e4 c5 Nf3 g6 d4 cxd4 Nxd4 Bg7 Nc3 Nc6,10,
1810,1627,white,300+0,e4 c5 Nf3 d6 Bc4 e6 Nc3 Ne7 d3 Nbc6,10,
1487,1550,black,480+1,e4 e5 Nf3 Nc6 Bc4 Bc5 c3 Nf6 d4 exd4,10,
1625,1243,white,780+0,e4 c5 Bc4 Nc6 d3 a6 a4 b5 axb5 Nd4,10,
2084,2209,black,30+0,c4 a5 Nc3 a4 d3 Nf6 e4 e6 e5 Ng8,10,
1617,2047,black,120+0,e4 d5 Nc3 dxe4 Nxe4 e5 Bc4 Nf6 Ng5 Bg4,10,
1826,1921,black,300+0,e4 e5 Nf3 Nc6 d4 exd4 Nxd4 Nf6 Nxc6 bxc6,10,
1628,1551,white,300+1,d4 f5 c4 e6 e3 Nf6 Nc3 d6 Nf3 Nc6,10,
1902,1774,draw,30+0,c4 d5 Nc3 d4 d3 dxc3 bxc3 b6 g3 Bb7,10,
1093,1224,black,360+2,e4 g6 b3 Bg7 Nc3 c5 Bb2 Nc6 Qe2 d6,10,
1625,1595,black,60+2,e4 e5 Nf3 Nf6 Nc3 Nc6 Bc4 Be7 d4 exd4,10,
1783,1880,white,180+0,e4 c6 Nf3 d5 exd5 cxd5 d4 Bg4 Nc3 e6,10,
1654,1697,white,300+0,e4 d6 d4 Nf6 Bd3 e5 d5 Be7 c4 c6,10,2630.97
2052,1794,draw,180+0,e4 e5 Nf3 Nc6 Bb5 a6 Ba4 Nf6 O-O b5,10,
1542,1555,white,180+0,e4 e5 f4 Nc6 Nf3 exf4 d4 Nf6 Nc3 d5,10,
1921,1801,black,180+0,e4 e6 d4 c5 d5 Nf6 Bg5 Be7 Bxf6 Bxf6,10,
1615,1582,black,180+0,d4 Nf6 b3 e6 Bb2 d5 Nc3 Nc6 e3 Bb4,10,
1206,1143,black,180+5,e4 e5 d4 Nf6 dxe5 Nxe4 Qd4 Qh4 Nf3 Qxf2+,10,5972.26
2225,1925,white,180+0,e4 e6 d4 b6 Nc3 Bb7 Nf3 Bb4 Bd3 Ne7,10,
1620,1490,black,360+0,e4 d5 e5 c5 f4 e6 Nf3 Bd7 d3 Ne7,10,
1560,1631,black,60+2,d4 d5 c4 c6 e3 Nf6 cxd5 cxd5 Nf3 Bf5,10,
1781,2022,black,60+0,e3 Nf6 b3 g6 Bb2 Bg7 Nc3 O-O Be2 c5,10,
2579,2296,white,180+0,Nf3 Nf6 c4 g6 Nc3 d5 cxd5 Nxd5 Qb3 Nb6,10,
1784,1746,white,180+0,e4 c5 Nf3 Nc6 d4 cxd4 Nxd4 g6 Nc3 Bg7,10,
1665,2176,black,240+2,e4 c5 Nf3 Nc6 Nc3 g6 Be2 Bg7 d3 e5,10,
1866,1710,black,300+0,e4 d5 exd5 Qxd5 Nc3 Qd8 d4 Bf5 Bf4 c6,10,
1312,1594,black,300+0,e3 e5 Qh5 Nc6 Nc3 Nf6 Qf3 Bb4 Bb5 Bxc3,10,
2060,1935,white,60+0,d4 d5 e4 g6 Nc3 Bg7 e5 c6 f4 Bf5,10,
2288,2071,black,60+0,e4 c5 Nf3 e6 d4 cxd4 Nxd4 Nc6 Nb3 a6,10,
1367,1191,white,360+0,Nc3 d6 Nf3 e5 e4 f5 exf5 Bxf5 Bb5+ c6,10,
2027,1964,white,60+0,e3 c6 d4 d5 c4 Bg4 Qxg4 Nf6 Qd1 dxc4,10,
1996,2018,white,300+0,e4 e5 Nf3 Nc6 d4 exd4 c3 dxc3 Nxc3 d6,10,
1407,1501,black,60+0,e4 b6 d4 Bb7 Nc3 e6 g3 d5 Bg2 dxe4,10,
1949,1943,black,300+3,d4 Nf6 c4 c5 Nf3 cxd4 Nxd4 Nc6 Nxc6 bxc6,10,
2727,2230,black,60+0,Nh3 d5 g3 Nf6 Bg2 e5 O-O Be7 d4 e4,10,
1435,1748,black,360+0,e4 c5 Nf3 e6 d4 Qb6 Be3 Nf6 b3 Nxe4,10,
1500,1636,black,360+0,e4 d6 Nf3 g6 Bc4 Bg7 Ng5 e6 d4 h6,10,
1330,1265,black,300+3,e4 d5 exd5 Qxd5 Nc3 Qd8 d4 a6 Bc4 Nf6,10,
1194,1201,black,300+3,e4 e5 Nf3 d6 Bc4 Nf6 Nc3 b6 d4 exd4,10,
1667,1594,white,600+0,e4 c6 Nc3 d5 exd5 cxd5 Qf3 Nf6 d4 Bg4,10,
1447,1979,black,30+0,d4 d6 Bf4 Nf6 e3 Bg4 Nf3 Bxf3 Qxf3 Nc6,10,
1625,1870,white,300+0,e4 e5 Nf3 Nc6 d4 exd4 Nxd4 Bc5 Nxc6 Qf6,10,
1659,1549,white,120+1,e4 c6 d4 d5 exd5 cxd5 Nf3 Nc6 Bd3 Bg4,10,30.21
1656,1566,white,600+0,d4 d5 c4 c6 Nc3 e6 e3 Bb4 Bd2 Nf6,10,
1738,1677,black,300+0,b4 e5 Bb2 Bxb4 Bxe5 Nf6 Nc3 Qe7 f4 d6,10,7444.45
1235,1797,black,360+0,b3 e6 Bb2 d5 e3 Nf6 Nf3 c5 Ne5 Bd6,10,2589.03
1729,1508,white,60+0,d4 d5 c4 e6 Nf3 c6 Nc3 Bb4 e3 a6,10,
2307,1980,white,180+0,Nf3 Nf6 b3 g6 Bb2 Bg7 g3 d5 Bg2 c6,10,
2277,2168,black,30+0,Nf3 e5 g3 e4 Nd4 Nf6 Nb3 h5 Bg2 h4,10,
1836,1772,white,180+0,e4 d5 exd5 Nf6 d6 Qxd6 Nf3 Nc6 d4 Bg4,10,
1838,1919,white,180+0,e4 c5 Qf3 Nc6 c3 d6 h4 Nf6 d3 Bg4,10,
1213,1255,white,600+0,e4 e5 Nf3 Nf6 Nc3 Bd6 d4 Nc6 d5 Nd4,10,
1757,1707,black,180+15,e4 c5 Nf3 d6 h3 Nc6 a3 g6 Bc4 Bg7,10,2326.34
1181,1423,black,180+0,c3 e5 b4 Qf6 Na3 Nh6 Nc4 Ng4 Ba3 Qxf2#,10,
1410,1638,black,900+0,e4 e5 f3 Nc6 Nc3 Nf6 Bb5 Bc5 Nge2 O-O,10,
1966,1950,white,60+0,d4 c6 Nf3 g6 Bf4 Bg7 e3 d5 Bd3 e6,10,7056.27
1546,1439,white,600+0,e4 e5 Nf3 d6 Bc4 a6 Ng5 Be6 Bxe6 fxe6,10,
1685,1838,black,180+0,e4 e6 Nf3 Ne7 Nc3 Ng6 d4 Be7 e5 O-O,10,
1446,1493,black,600+0,e4 c5 Qh5 e6 Nf3 Nf6 Qg5 h6 Qh4 Be7,10,
1981,2188,white,60+0,g3 d5 Bg2 c6 c3 e5 d4 e4 Nd2 Nf6,10,4970.34
1732,1770,black,540+0,e4 e5 Bc4 d6 d4 exd4 Qxd4 Nf6 e5 dxe5,10,
1584,1428,white,480+8,e4 c5 Nf3 d6 Bc4 Nf6 O-O Nc6 Re1 e5,10,
1996,2089,black,180+0,e4 e5 Nf3 Nc6 Bb5 f5 exf5 e4 Ng1 d5,10,
1848,1880,draw,600+0,e4 c5 Nf3 Nc6 d4 cxd4 Nxd4 Nxd4 Qxd4 a6,10,
1777,1982,black,180+0,e4 e6 d4 d5 exd5 exd5 Nf3 c6 Bd3 Bd6,10,
1101,1243,black,300+0,d4 d5 Nf3 Nc6 Nc3 Bg4 Nh4 g5 f3 Bxf3,10,
1800,1627,white,30+0,e3 e6 d3 Be7 Be2 Nf6 Bd2 O-O c4,9,
1630,1631,black,480+0,b4 e6 Bb2 d5 Nf3 Bxb4 Bxg7 f6 Bxh8 Nh6,10,
1630,1613,draw,300+0,e4 e6 Bc4 Bc5 Nf3 Nc6 c3 Nge7 a4 a5,10,
1816,1582,white,300+8,e4 g6 d4 d6 Nf3 Bg7 Bc4 Nd7 Ng5 e6,10,
1292,1038,white,900+0,e4 e5 Nf3 Nc6 Nc3 Nf6 Bc4 d6 Ng5 Rg8,10,
1297,1396,black,300+0,d4 d5 e3 Bf5 Bd3 Bxd3 Qxd3 e6 Nc3 Nc6,10,
1439,1286,black,120+0,Nf3 d5 d4 Bf5 Nc3 Nc6 Bf4 a6 Qd2 Nf6,10,
1647,1983,black,180+0,c4 e5 Nc3 f5 d4 exd4 Qxd4 Nc6 Qd1 Nf6,10,
2082,2199,white,60+0,e4 d5 exd5 Qxd5 Nc3 Qd6 d4 Nf6 Bc4 Nc6,10,
2052,1999,white,180+0,e4 c6 d4 d5 Nc3 dxe4 Nxe4 Bf5 Ng3 Bg6,10,
1876,1910,black,180+2,d4 Nf6 c4 g6 Nc3 d5 cxd5 Nxd5 e4 Nxc3,10,
1624,1594,white,180+0,e4 Nf6 e5 Nd5 d4 d6 c4 Nb6 f4 dxe5,10,
1627,1834,black,180+0,e4 d5 exd5 Qxd5 Nc3 Qa5 d4 Nf6 Bd2 c6,10,
1139,1073,white,600+0,e4 Nc6 Bb5 e5 Nf3 a6 Ba4 Bc5 b3 Qf6,10,16525.1
1684,1765,black,180+0,e4 a6 d3 b6 g4 h6 g5 Bb7 h4 e6,10,
1765,1851,black,120+1,d4 e6 c4 b6 Nc3 Bb7 e4 Bb4 f3 Ne7,10,
1464,1446,black,420+0,d4 e6 e3 c5 c4 cxd4 Qxd4 Nc6 Qd2 Bb4,10,
1906,1799,black,300+5,e4 e5 Bc4 Be7 Nf3 d6 O-O Nf6 d3 a6,10,
1523,1482,white,300+0,e4 e6 Nf3 Nc6 Nc3 Nf6 e5 Nd5 Nxd5 exd5,10,
1445,1492,black,420+7,e4 e5 d4 exd4 Qxd4 Nc6 Qe3 Bb4+ Bd2 Nf6,10,
2023,1970,black,300+0,e4 c5 Bc4 e6 Bb3 b5 c3 Bb7 Qe2 a6,10,
1888,1828,black,180+0,e4 d5 exd5 Qxd5 d4 Qd8 Nf3 Nf6 c4 Bg4,10,
1544,1506,white,300+0,e4 e6 d4 d5 exd5 exd5 Nc3 c6 Nf3 Bg4,10,
1647,1731,black,60+0,e4 e5 Nf3 Nc6 Bc4 Nd4 Nxe5 Qg5 Bxf7+ Ke7,10,
1193,1073,white,300+0,e4 e5 Nf3 Nf6 Bc4 Bc5 O-O O-O d3 d6,10,
1532,1544,black,900+0,h3 d5 a3 e5 d4 exd4 Qxd4 Nc6 Qe3+ Be6,10,
1920,1939,draw,180+0,e4 e5 Nf3 f5 Nc3 Be7 Nxe5 Nf6 d4 O-O,10,
1387,1331,white,300+0,e4 d5 exd5 Qxd5 Nc3 Qe5+ Be2 Nc6 Nf3 Qc5,10,
1264,1265,black,600+0,e4 d5 Bb5+ Bd7 Bxd7+ Nxd7 exd5 Nb6 Nh3 Nxd5,10,
1945,1687,black,30+0,g3 e5 d4 d6 dxe5 dxe5 Bg2 Qxd1+ Kxd1 Nf6,10,
1760,1594,white,600+0,e4 e5 Nf3 Nc6 c3 Nf6 Qa4 a6 Bd3 Bc5,10,
1971,2066,black,30+0,e4 d5 exd5 Qxd5 Nc3 Qd8 Nf3 Nf6 Bc4 e6,10,
1727,1073,white,60+0,e4 f6 d4 Kf7 d5 e5 Bc4 Qe8 Nf3 b6,10,
1793,1826,black,60+0,e4 e6 e5 Ne7 d4 g6 c3 Bg7 f3 O-O,10,
1554,1435,white,120+0,d4 e6 c4 b6 e4 c5 d5 exd5 exd5 d6,10,
1943,1824,white,300+2,e4 c5 Nf3 d6 d4 cxd4 Nxd4 Nf6 Nc3 g6,10,
1677,1643,black,300+0,e4 d6 Nf3 Nf6 Nc3 g6 h3 Bg7 d4 O-O,10,
1957,2197,black,60+0,e4 c6 Nf3 d5 e5 Bf5 d4 e6 Bd3 Bxd3,10,
1834,1713,black,60+0,e4 e5 Nf3 d6 Bc4 Nc6 d4 Bg4 dxe5 Nxe5,10,57.72
2065,2003,white,30+0,g3 d5 Bg2 c6 Nf3 e6 O-O f6 e4 e5,10,
2343,2166,white,180+0,d4 Nf6 c4 c5 d5 e6 Nc3 exd5 cxd5 d6,10,
2625,2145,white,60+0,Nf3 c5 Nc3 d6 e4 e5 Bc4 Nc6 d3 Be6,10,
1563,1645,black,300+0,e4 e5 Nf3 Bc5 Bc4 d6 Nc3 Nf6 O-O h5,10,
1737,1806,black,30+0,d3 d6 Bg5 e6 Bxd8 Kxd8 e4 f6 e5 dxe5,10,
1616,1931,black,600+0,e4 d5 Nf3 d4 Be2 c5 O-O Nc6 c3 e5,10,64.14
1396,1598,black,300+0,e4 e5 Nf3 Nc6 Bb5 d6 Bxc6+ bxc6 O-O Nf6,10,
1513,1558,white,1800+0,d4 d5 e3 Nf6 Nc3 Bf5 Nf3 e6 a3 Nc6,10,
2118,2523,black,60+0,e4 d5 exd5 Qxd5 Nc3 Qa5 Nf3 c6 Bc4 Nf6,10,48.51
2187,2229,white,60+0,e4 c5 Nf3 a6 d4 cxd4 Nxd4 Nf6 Nc3 e5,10,
1252,1312,white,60+0,e4 e6 Nf3 d5 Nc3 dxe4 Nxe4 Nf6 Bc4 Nxe4,10,
1611,1500,white,-,g3 c5 Nf3 d6 e4 Nc6 c3 g6 Bb5 Bg7,10,
1074,1255,black,300+8,e4 d6 Nf3 Nf6 Nc3 e5 d4 Nbd7 dxe5 dxe5,10,
1473,1721,black,60+0,c4 c5 Nc3 Nc6 g3 g6 Bg2 Bg7 b3 Nf6,10,
1580,1333,white,900+0,e4 e5 Nf3 d6 Bc4 f5 Bxg8 Rxg8 Nc3 f4,10,
1716,1659,black,600+3,d4 e6 e3 g6 Bd3 Bg7 Nf3 Ne7 O-O d6,10,
1586,1722,black,60+0,e4 c6 Nf3 d5 exd5 cxd5 d4 Bf5 Nc3 Nf6,10,
1269,1147,black,300+3,e4 e5 Nf3 Nc6 Bb5 a6 Bxc6 dxc6 Nxe5 Bd6,10,
2064,2172,black,300+0,e4 c5 Nf3 d6 d4 Nf6 Nc3 cxd4 Nxd4 a6,10,
2203,2050,black,60+0,e4 e6 Nf3 c5 c3 d5 exd5 exd5 d4 Nf6,10,2874.23
1295,1259,white,300+0,e4 e5 Nf3 d6 d4 Nf6 dxe5 Nxe4 exd6 Qxd6,10,
1853,1976,black,180+0,d4 d5 c4 c6 Nf3 Nf6 Bf4 e6 Nc3 dxc4,10,
1516,1515,black,120+0,d4 d5 c4 e6 Nc3 c5 e3 Nc6 Nf3 Qb6,10,
1815,1933,black,600+0,e4 e5 Nf3 d6 Bc4 Be7 Nc3 Nf6 d3 O-O,10,
1651,1724,white,300+3,e4 c5 Nf3 d6 c3 Bg4 h3 Bd7 d4 cxd4,10,3467.79
1873,1763,white,300+3,d4 Nf6 c4 e6 Nc3 c5 Nf3 cxd4 Nxd4 Nc6,10,
1604,1825,black,180+2,c4 b5 cxb5 a6 e3 axb5 Bxb5 c6 Bc4 d5,10,
1390,1358,draw,600+0,e4 e5 Nf3 d6 Bb5+ c6 Ba4 b5 Bb3 Qe7,10,
1321,1236,black,180+0,c4 e6 Nc3 d5 e3 Nf6 Nf3 Bb4 Bd3 Bxc3,10,
1722,1536,black,120+1,d4 d5 e3 Nf6 c4 Bf5 cxd5 e6 dxe6 Bxe6,10,
1774,1902,black,60+0,d3 c5 g3 d5 Bg2 Nc6 Nf3 e5 O-O Nf6,10,
1592,1597,white,720+5,d4 d5 c4 c6 e3 Nf6 Nf3 e6 a3 Nbd7,10,
1725,1710,white,0+1,e4 e5 d4 exd4 Qxd4 Nc6 Qe3 Nf6 Nc3 d6,10,
2231,1510,white,180+3,d4 d5 Bf4 Nc6 Nf3 f6 e3 e5 dxe5 fxe5,10,
1599,1501,white,180+1,Nf3 e6 c4 c5 d4 d5 dxc5 Bxc5 cxd5 exd5,10,42.97
1544,1709,black,180+0,e4 e5 d3 Nf6 g3 d5 Bg2 dxe4 Bxe4 Nxe4,10,3050.42
1968,1971,white,180+5,e4 c5 Nf3 e6 c3 b6 Bb5 Bb7 d3 a6,10,
1206,1345,black,300+2,e4 e6 Nf3 b6 d4 Bb7 e5 Bxf3 Qxf3 Nc6,10,
1722,1738,black,600+0,d4 e6 e4 c5 d5 d6 c4 g6 Nf3 Bg7,10,
1488,1434,white,1080+0,b3 e5 c4 d6 Bb2 Nc6 e3 Nf6 h3 h6,10,
1556,1523,white,600+0,d4 e6 Bf4 d5 Nf3 Bd6 g3 Bxf4 gxf4 Nf6,10,
1934,1818,black,180+2,d4 Nf6 c4 g6 Nc3 d5 cxd5 Nxd5 e4 Nxc3,10,382.48
2018,1978,black,480+0,e4 c6 f4 d5 exd5 cxd5 Nf3 Nf6 Bb5+ Bd7,10,
1368,1349,white,180+5,e4 Nf6 d3 d5 f3 dxe4 fxe4 Bg4 Be2 Bxe2,10,
1977,1939,white,60+0,d4 c5 c4 cxd4 Nf3 Nc6 Nxd4 Nxd4 Qxd4 Nf6,10,
1823,1754,white,300+0,d4 d5 Bf4 c6 e3 Nf6 Nf3 Bf5 c4 e6,10,
1311,1483,white,600+0,e4 d5 exd5 Qxd5 Nc3 Qd8 Bc4 a6 Nf3 h6,10,
948,1583,black,300+0,d4 d5 Nc3 c6 e3 f6 e4 e6 exd5 exd5,10,
1357,1258,white,840+1,d4 e6 a3 c6 b4 g6 Nf3 Bg7 Bb2 Nf6,10,
1878,1893,black,120+0,e4 g6 d4 Bg7 Nf3 b6 Bc4 Bb7 Nc3 e6,10,
1862,1807,white,120+0,c3 Nf6 Qc2 g6 Nf3 Bg7 d4 O-O Bg5 d6,10,
2018,1909,white,300+0,e4 d5 exd5 Qxd5 Nc3 Qd6 Bc4 e6 Nf3 Nf6,10,
1737,1952,white,60+0,e4 e6 d4 Be7 d5 d6 dxe6 Bxe6 Nf3 Nf6,10,
1780,1733,black,300+5,e4 d5 exd5 c6 dxc6 Nxc6 Nf3 f6 Nh4 g5,10,
1262,1346,black,60+2,e4 e5 f4 exf4 Nf3 g5 Bc4 Nc6 O-O Bg7,10,
2002,2103,black,30+0,Nf3 d5 d3 Nf6 Nbd2 e5 c4 e4 dxe4 dxe4,10,
1596,1603,black,180+2,e4 e6 d4 b6 c4 Bb7 Nc3 d6 f4 Nf6,10,
2208,2091,white,180+0,e4 e5 f4 Nc6 Nf3 exf4 d4 d5 exd5 Qxd5,10,
2048,2196,black,60+0,Nf3 d5 g3 Nf6 Bg2 c6 O-O Nbd7 d3 e5,10,
1927,1792,white,30+0,e4 d6 d3 Nf6 c3 Bg4 f3 Bh5 Be3 Bg6,10,
1325,1500,black,300+0,Nf3 d5 d4 Nc6 Bf4 g6 Nc3 Nf6 Nb5 Ne4,10,
1938,1908,black,60+0,e4 d5 exd5 Qxd5 Nf3 Nf6 Be2 Ne4 O-O Bg4,10,
1835,2158,black,60+0,d4 e6 Nf3 Be7 e4 Nf6 Nc3 d5 e5 Nfd7,10,
1833,1500,white,-,d4 d5 Nf3 g6 Bf4 Bg7 Nc3 Nf6 Nb5 Nc6,10,
1807,1703,white,60+0,d4 Nf6 c4 e6 Nc3 d5 cxd5 Nxd5 Nf3 Bb4,10,
1832,2009,black,600+0,d4 d5 Nf3 Nf6 Bg5 e6 Nc3 h6 Bf4 Bd6,10,
1793,1989,white,60+0,d4 Nf6 c4 e5 dxe5 Ng4 Nf3 Nc6 Nc3 Bc5,10,
1447,1056,white,300+0,a4 e5 a5 Bb4 c3 Nc6 cxb4 b6 axb6 cxb6,10,
2075,2040,white,600+0,e4 g6 d4 Bg7 Nf3 c6 Bd3 d5 e5 Bg4,10,
1297,1384,white,480+0,e4 e5 Qh5 Qf6 Nc3 g6 Qe2 Nc6 Nd5 Nd4,10,
1492,1618,black,600+0,e3 d5 Be2 Nf6 f4 Bf5 Nf3 Nc6 O-O d4,10,
1892,1763,black,600+0,d4 f5 c4 Nf6 Nc3 e6 a3 d5 cxd5 exd5,10,
1244,1414,white,600+0,e4 d5 exd5 Be6 dxe6 fxe6 Qf3 Qd5 Qxd5 exd5,10,
1532,1545,white,600+3,d4 d5 Bf4 e6 e3 Nf6 Nf3 Nc6 c3 g6,10,2366.52
1564,1698,black,360+5,e4 c5 Bc4 Nc6 f4 e6 Nc3 a6 d3 b5,10,
1331,1110,black,300+0,Nf3 Nc6 e4 e5 g3 Bc5 Bg2 Nf6 h3 h6,10,
2201,2186,black,30+0,c4 Nf6 g4 e6 g5 Ng8 h4 h6 d4 hxg5,10,
1956,2119,white,180+0,d4 Nf6 Nc3 e6 e4 d5 e5 Nfd7 f4 c5,10,
1198,1289,black,600+0,e4 c5 d4 e5 dxc5 Bxc5 Nf3 f6 Be3 Bb6,10,
1011,960,white,300+0,Nf3 d6 Nc3 Nf6 d4 c6 e3 d5 Bd3 Qd6,10,
1770,1776,black,180+0,e3 d5 c3 c5 Bd3 Nf6 Bc2 b6 Ne2 Nc6,10,
1690,1762,white,600+0,e4 c6 Bc4 d5 exd5 cxd5 Bb3 d4 d3 Nf6,10,
2209,2157,white,180+0,e4 Nf6 e5 Nd5 c4 Nb6 d4 d6 exd6 exd6,10,
1575,1660,white,300+0,d4 d6 e4 Nf6 Nc3 Bg4 f3 Bh5 Bg5 Nfd7,10,
1593,1454,draw,600+0,e4 e5 Nf3 Nc6 Bb5 Nf6 Bxc6 bxc6 d3 d5,10,
1047,1118,white,600+0,d4 d5 f3 Nc6 e4 e6 Ne2 Bb4+ c3 Bd6,10,
1726,1722,black,300+0,d4 g6 e4 Bg7 e5 e6 c4 d6 Nf3 dxe5,10,
1912,1956,white,300+0,e4 Nf6 Nc3 d6 f4 g6 Nf3 Bg7 d4 O-O,10,
1676,1652,white,60+0,e4 c6 Nf3 d5 d4 dxe4 Ng5 Nf6 Qe2 Bf5,10,
1741,1773,white,120+0,e4 d5 d3 d4 f4 c5 Nf3 Nc6 Be2 e6,10,
2038,2375,black,900+5,d4 d5 c4 Nc6 e3 e6 a3 Nf6 Nf3 a5,10,2136.96
1344,1255,white,180+0,e4 c6 Bc4 d5 exd5 cxd5 Bb5+ Bd7 Bxd7+ Qxd7,10,
2038,1954,white,180+0,c4 e5 Nc3 Nf6 d3 c6 f4 exf4 Bxf4 Bb4,10,
1826,2084,black,180+0,e4 c5 Nf3 Nc6 d4 cxd4 Nxd4 Nf6 Nc3 e5,10,
1720,1765,black,60+0,e4 d5 exd5 Qxd5 Nf3 Qd8 Be2 Nc6 O-O Bg4,10,
2075,1465,white,180+0,d4 Nf6 c4 e6 Nc3 Bb4 Qc2 Bxc3+ Qxc3 Nc6,10,
1073,2003,black,60+0,d3 d5 h3 c6 g3 Nf6 d4 Bf5 e3 Bg6,10,
1852,1727,black,60+0,Nf3 d5 g3 Nf6 Bg2 Nc6 d3 Bg4 Nbd2 e5,10,
2242,2307,black,120+10,e4 c5 Nf3 e6 d4 cxd4 Nxd4 Nc6 Be3 Qc7,10,
1827,1761,white,60+1,b3 d5 Bb2 Nd7 Nf3 Ngf6 g3 c6 Bg2 Qc7,10,
1452,1505,black,300+0,e4 c5 Nf3 d6 d4 cxd4 Nxd4 a6 Nc3 Nc6,10,69.77
1453,1376,white,180+2,d4 e6 c4 d5 e3 Bb4+ Bd2 Bxd2+ Nxd2 Nf6,10,
1621,1946,white,120+0,e4 e5 Nf3 Nc6 Nc3 Bc5 Bc4 Nf6 d3 h6,10,8270.86
1777,1899,black,30+0,e4 e6 e5 d5 f4 c5 Nf3 Nc6 Bb5 g6,10,
1621,1353,white,30+0,e4 d5 Bc4 dxc4 Nf3 e5 d3 Bd6 Bg5 Nf6,10,
1381,1952,black,60+0,Nf3 e6 h4 Be7 d4 h6 c4 d5 Nc3 c6,10,
1135,1155,black,300+0,Nc3 d6 d4 e5 e3 exd4 Qxd4 Nc6 e4 Nxd4,10,
1869,2009,black,480+0,d4 Nf6 c4 c5 d5 b5 b3 d6 Nc3 b4,10,
1675,1573,black,120+0,e4 e5 Nf3 Nc6 Bc4 Nf6 Ng5 d5 exd5 Nxd5,10,
1514,2019,black,60+0,e4 e5 Nf3 Bc5 Bc4 Bxf2+ Kxf2 f5 exf5 Nf6,10,
1272,1323,black,300+8,e4 e5 d3 Nf6 g3 d6 Bg2 Ng4 Nf3 h6,10,
1670,1760,black,180+0,e4 g6 f4 Bg7 Nf3 e6 d4 Ne7 c3 O-O,10,
1929,1913,white,60+0,d4 Nf6 c4 e6 Nc3 Bb4 e3 d5 Bd3 O-O,10,2259.36
2043,1879,white,180+0,g3 d5 Bg2 c5 c4 Nf6 Qc2 e6 d3 Nc6,10,2801.06
1148,1259,white,0+4,e4 e5 Nf3 Nc6 Nc3 Nf6 d4 exd4 Nxd4 Nxd4,10,
1980,1446,white,30+0,g3 d5 Nf3 Nc6 Bg2 b6 O-O Bb7 d3 e6,10,
1511,1510,black,300+0,e4 e5 Nf3 d6 Bc4 h6 Nc3 c6 O-O a5,10,119.79
1990,1929,black,60+0,e4 c5 Nf3 d6 d4 Nc6 dxc5 Nf6 cxd6 Nxe4,10,
1718,1728,white,60+0,d4 Nf6 c4 Nc6 a3 e5 Nc3 exd4 Nd5 d6,10,
1450,1316,white,60+0,e4 d5 exd5 Qxd5 Nc3 Qa5 d4 c5 dxc5 Qxc5,10,
2025,2045,black,60+0,e3 Nf6 Nf3 g6 d4 Bg7 c4 d6 Nc3 O-O,10,
1448,1432,black,300+0,e4 e5 Nf3 Nc6 Bb5 a6 Bxc6 dxc6 Nxe5 Qd4,10,
1456,1324,white,900+0,e4 Nc6 Bb5 Nd4 Bd3 d5 e5 e6 Qg4 Nh6,10,
1428,1171,white,180+0,e4 f6 Qf3 g5 Bc4 e6 Qh5+ Ke7 d4 Bg7,10,
1752,1684,black,240+0,e4 e6 d4 d5 e5 c5 c3 Qb6 Nf3 Nc6,10,
1436,1345,white,300+0,e4 d5 exd5 e6 dxe6 Bxe6 d4 Nf6 Nf3 Be7,10,63.76
1545,1556,white,180+0,e4 e6 d4 d5 e5 f6 f4 c5 c3 cxd4,10,
1606,1773,black,300+4,d4 d5 e3 c5 c3 Bf5 Bd3 Bxd3 Qxd3 Nc6,10,
1515,1345,white,900+5,e4 c5 f4 e6 Nf3 Nc6 d4 d5 exd5 exd5,10,
1857,1945,black,900+0,e4 c5 Nf3 d6 d4 cxd4 Nxd4 Nf6 Nc3 a6,10,
1392,1284,black,300+0,e4 e5 Nf3 Nc6 Nc3 Nf6 d4 exd4 Nxd4 Bb4,10,
1687,1673,white,180+0,e4 e6 d4 d5 exd5 Nf6 dxe6 Bxe6 Nf3 Nc6,10,
2031,1979,black,180+0,Nf3 c5 e3 Nc6 d4 cxd4 exd4 d5 c4 Bg4,10,41.34
1500,1406,white,300+0,d4 d5 c4 dxc4 e4 f5 e5 e6 Bxc4 a6,10,
1985,1890,black,60+0,e4 d5 exd5 Qxd5 Nc3 Qd8 Bc4 e6 d3 Nc6,10,4141.9
1268,1491,black,360+15,d4 d5 Nf3 Nf6 e3 Nc6 c4 e6 c5 Qe7,10,
1773,1619,white,120+2,e4 d5 exd5 Qxd5 d4 h5 Nf3 h4 c4 Qe6+,10,
1591,1674,white,300+0,e4 e5 Nf3 d6 d4 exd4 Nxd4 Nf6 Nc3 c6,10,
1864,1114,white,120+0,d4 Nc6 c3 d5 Nf3 e6 g3 Nge7 Bg2 g6,10,9208.32
1409,1724,black,900+0,e4 e5 Nf3 Nc6 Bc4 Nf6 d3 Bc5 O-O O-O,10,
1832,1763,black,240+0,d4 e6 c4 c6 Nc3 d5 Nf3 Nf6 g3 dxc4,10,3908.92
2593,1529,white,60+0,Nf3 Nc6 e3 d5 d4 e6 c4 Bb4+ Bd2 dxc4,10,
1943,1802,black,60+0,e4 c6 c3 d5 exd5 cxd5 d4 Nc6 Nf3 e5,10,
1508,1599,black,300+0,c4 e5 Nc3 Nf6 g3 Bb4 Bg2 Bxc3 bxc3 O-O,10,
1733,1642,white,120+0,d4 d5 Nf3 Nf6 b3 Bf5 Bb2 e6 Nbd2 Bd6,10,
1421,1437,black,600+10,e4 e5 Qh5 Nc6 Bc4 g6 Qf3 f6 Nh3 Nd4,10,
2105,2106,white,180+0,Nf3 e6 d4 d5 e3 Nf6 Bd3 c5 O-O c4,10,
1767,1824,white,60+0,f4 Nf6 b3 d5 Bb2 b6 e3 Bb7 Nf3 Nbd7,10,
1283,1099,white,300+0,e4 d5 e5 Nc6 Nf3 Bg4 Bb5 Bxf3 Bxc6+ bxc6,10,
1698,1760,black,300+0,e4 c5 Nf3 Nc6 d4 cxd4 Nxd4 e5 Nf3 Nf6,10,92.82
2397,2187,white,180+2,e4 c5 Nf3 e6 d4 cxd4 Nxd4 a6 Nc3 Qc7,10,
1844,2000,white,180+0,e4 e6 f4 d5 exd5 exd5 Nf3 Nf6 d4 Bf5,10,
1528,1641,black,60+0,e4 d5 exd5 Qxd5 Nc3 Qa5 d4 Nf6 Nf3 Nc6,10,
1904,1666,draw,60+0,d4 Nf6 c4 g6 Nc3 d5 cxd5 Nxd5 e4 Nxc3,10,
1654,1743,white,420+2,e4 c6 d4 d5 e5 g6 f4 Bg7 c4 e6,10,
1769,1770,white,180+0,e4 e6 Nf3 d5 e5 c5 d4 Nc6 Be3 Qb6,10,
2186,2262,white,30+0,e4 g6 Nc3 Bg7 Nf3 d5 h3 dxe4 Nxe4 h5,10,
1326,1716,black,300+1,e4 c5 Nf3 Nc6 d4 cxd4 Nxd4 Nf6 Nxc6 bxc6,10,
1917,1789,black,180+0,e4 e6 d4 d5 e5 c5 c3 Nc6 Nf3 Nge7,10,
1546,1528,white,180+0,e4 e5 Nf3 Nc6 Nc3 d6 d3 Nf6 h3 Nd4,10,
1696,2181,black,480+0,e4 Nc6 d4 d5 e5 Bf5 Bb5 Qd7 Nc3 e6,10,
1319,1276,white,600+0,e4 e5 Nf3 Nf6 Bc4 Bc5 d3 Ng4 O-O Nxf2,10,
1868,1697,white,420+0,e4 c5 Bc4 Nc6 Nf3 g6 O-O Bg7 c3 d6,10,7573.82
1693,1676,white,300+0,e4 c5 d4 cxd4 c3 dxc3 Nxc3 e6 f4 Nc6,10,
1545,1589,white,60+0,d4 d5 c4 e6 Nc3 Nf6 Nf3 Bb4 Bf4 Bxc3+,10,9194.87
1601,1756,white,300+7,d4 e6 c4 c5 e3 h6 Bd2 a6 d5 Qb6,10,
1976,1911,black,300+0,d4 d5 Bg5 c6 Nf3 Qc7 e3 Nd7 Nbd2 e5,10,
1872,1870,black,300+0,e4 e5 Nf3 Nc6 Bb5 Nf6 d3 Ne7 O-O Ng6,10,
1995,2073,black,30+0,e4 d5 f3 dxe4 fxe4 Nc6 d3 e5 Nf3 f5,10,
1567,1546,white,180+0,d4 d5 e3 Bf5 f4 e6 Bd3 Bg6 Bxg6 hxg6,10,
1975,1936,white,180+0,e4 e5 Nf3 Nc6 Bb5 Nf6 O-O Nxe4 Re1 d5,10,
1530,1371,black,900+5,c4 c5 Nc3 Nc6 e3 Ne5 b3 b6 Bb2 Bb7,10,
1223,1160,black,900+10,d4 d5 c4 c5 e3 b6 Nc3 cxd4 exd4 dxc4,10,
1845,1885,black,300+0,d4 f5 Bf4 Nf6 Nf3 e6 h3 c6 e3 d5,10,
1545,1579,black,60+0,e4 c6 d4 d5 Bd3 dxe4 Bxe4 Nf6 Nc3 Nxe4,10,86.55
1423,1457,draw,90+2,e4 c5 Bc4 a6 Qf3 e6 a3 Nc6 Bb3 Qc7,10,
1976,1793,white,180+5,e4 e5 d4 exd4 Nf3 d5 exd5 Qxd5 Bd3 Bg4,10,
1754,1826,white,300+0,d4 d5 c4 c6 Nf3 Nf6 cxd5 Nxd5 e4 Nf6,10,
1831,2205,black,60+0,d4 c6 c4 d6 Nc3 Nf6 d5 g6 e4 cxd5,10,
1284,1389,white,240+4,Nf3 d5 c3 Nf6 Qc2 Nc6 d4 g6 Bf4 Bf5,10,
1703,1834,black,60+0,e4 e6 Nc3 c6 Nf3 d5 d4 a6 e5 b5,10,
2106,2006,black,60+0,d4 g6 c4 Bg7 Nc3 d6 e4 Nf6 h4 O-O,10,2657.87
1423,1347,black,300+0,e4 e5 Nf3 Nc6 Bc4 Bc5 c3 a6 b4 Ba7,10,
1727,1798,black,60+0,e4 g6 d4 Bg7 c3 d5 Bd3 c5 e5 cxd4,10,56.93
2065,2000,white,60+0,Nf3 a6 d4 b6 Bg5 Bb7 Nc3 d6 e4 Nd7,10,
2101,2220,white,60+0,c4 d5 cxd5 Nf6 g3 Nxd5 Bg2 g6 Nf3 Bg7,10,
1626,1947,black,60+0,a3 c5 c3 d5 b4 c4 d4 cxd3 e3 Nc6,10,
1921,1985,white,300+0,e4 d5 exd5 Qxd5 Nc3 Qa5 d4 c6 Bd2 Nf6,10,
1520,1434,white,480+0,e4 e5 Nf3 Qf6 Bc4 Bc5 O-O h6 Nc3 c6,10,
2025,2036,black,60+0,e4 g6 d4 Bg7 f4 d6 Nf3 e6 Bd3 Ne7,10,1938.68
1860,1873,white,120+0,Nf3 c5 g3 Nc6 Bg2 g6 O-O Bg7 e3 d5,10,
2063,1842,white,180+0,d4 d5 c4 e6 Nc3 Nf6 Nf3 Be7 Bf4 O-O,10,
1932,1980,black,600+0,e4 c6 d4 d5 exd5 cxd5 Nf3 Nf6 Nc3 Bg4,10,
1875,2089,black,300+0,e3 e5 b3 d5 Bb2 Nd7 c4 c6 cxd5 cxd5,10,873.98
1640,1551,black,60+2,d4 d5 c4 e6 Nc3 c6 cxd5 exd5 Nf3 Nf6,10,
1728,1822,black,600+0,e4 e5 Nf3 Nc6 Bb5 a6 Bxc6 dxc6 d3 f6,10,
1496,1623,black,600+0,e4 e5 Qh5 Nc6 Bc4 g6 Qf3 Nf6 c3 Bc5,10,1747.03
2137,1729,white,600+0,e4 e6 g3 Ne7 Bg2 d5 exd5 Nxd5 Ne2 Be7,10,
1166,1154,black,300+0,e4 Nc6 d4 Nf6 e5 Nd5 Nf3 e6 Bc4 Nb6,10,42.17
1311,1352,white,600+0,d4 d5 Nc3 Nf6 e3 Bf5 Nf3 Nc6 Bb5 a6,10,2463.31
1536,1759,black,300+8,d4 e6 e4 Qh4 e5 Qe4+ Be3 Nc6 Nd2 Qh4,10,
1607,1629,black,600+0,e3 c5 b3 Nc6 Bb2 d6 Nf3 Nf6 Bc4 g6,10,
1625,1664,white,600+0,e4 c6 Nf3 d5 exd5 cxd5 d4 Bg4 c3 Bxf3,10,
1613,1897,white,60+1,d4 e6 Nf3 b6 e4 Bb7 Bd3 Ne7 O-O g6,10,
1673,1743,white,300+5,e4 c5 d4 cxd4 Qxd4 Nc6 Qa4 d6 Bb5 Bd7,10,
2216,1351,white,600+0,e4 e5 Nf3 d5 exd5 e4 Qe2 Qe7 Nd4 Nf6,10,2352.3
1766,1663,black,180+0,e4 c5 Nf3 Nc6 d4 cxd4 Nxd4 e5 Nf3 d6,10,51.58
1706,1927,black,30+0,e4 b6 Bc4 Bb7 Qf3 e6 d4 Nf6 e5 Bxf3,10,5857.47
1552,1440,white,300+0,e4 e6 Bc4 d5 exd5 exd5 Bb3 a5 d4 a4,10,104.29
1078,1232,white,300+0,e4 e5 Nf3 Nc6 d4 exd4 Nxd4 Nxd4 Qxd4 Nf6,10,
1937,1919,black,300+0,Nf3 Nf6 c4 e6 d4 c6 Nc3 d5 e3 Bb4,10,
1352,1544,black,300+0,e4 e6 Nf3 d5 exd5 exd5 Bd3 Qe7+ Be2 Nc6,10,
1814,1694,black,30+0,e3 c6 d3 d6 Be2 g6 Bd2 Bg7 Nc3 a6,10,
1589,1768,black,300+0,g3 d5 Bg2 e5 b3 Nf6 Bb2 Nc6 Nc3 Be6,10,
1436,1484,white,300+0,d4 b6 d5 Bb7 e4 e6 Nc3 exd5 Nxd5 Nf6,10,
2011,1869,black,180+0,d4 Nf6 g3 d5 Bg2 g6 c4 c6 Nc3 e6,10,
1262,1327,black,240+0,e3 e5 Qf3 Nc6 Bc4 Nf6 Nc3 d5 Nxd5 Be6,10,4670.58
1448,1423,white,180+0,e4 e6 Nf3 Nf6 Bc4 d5 exd5 exd5 Bd3 Bg4,10,
2111,1994,white,30+0,e4 c5 Nf3 d6 d4 cxd4 Nxd4 g6 Nb3 Bg7,10,
1770,1391,white,120+1,d4 Nf6 c4 e6 Nf3 c5 e3 h6 b3 b6,10,
1699,1735,white,0+1,e4 d5 exd5 Qxd5 Nf3 Qe6+ Be2 Nc6 O-O Bd7,10,
1552,1614,white,60+0,d3 d5 e4 dxe4 dxe4 Qxd1+ Kxd1 Nf6 f3 Nc6,10,
1639,1749,black,60+0,e4 d5 exd5 Qxd5 Nc3 Qd8 Nf3 c6 d3 Nf6,10,
1856,1899,white,300+3,d4 Nf6 c4 e5 dxe5 Ng4 Nf3 d6 exd6 Bxd6,10,
1828,1681,white,360+0,e4 c5 Nf3 Nc6 d4 cxd4 Nxd4 Nf6 Nxc6 bxc6,10,
1428,1862,black,240+0,e4 e5 Nf3 Nc6 Bc4 Nf6 Nc3 Bb4 d3 O-O,10,
1472,1659,black,720+0,e4 d5 exd5 Qxd5 Nf3 a6 Be2 h6 O-O Bf5,10,
1342,1328,black,600+0,e4 e5 d3 g6 h3 Nf6 Be2 Bg7 Bf3 Nc6,10,
2052,2175,black,600+0,e4 c6 Nf3 d5 Nc3 d4 Ne2 c5 d3 Nc6,10,
1463,1464,white,600+0,d4 d5 c4 c6 e3 dxc4 Bxc4 b5 Bd3 Nf6,10,
1394,1540,white,120+0,e4 c5 d4 cxd4 Qxd4 Nc6 Qd1 g6 Nc3 Bg7,10,
2099,2167,black,180+0,d4 d6 e4 Nf6 Bd3 e5 dxe5 dxe5 Nf3 Bd6,10,
1631,1670,black,480+5,d4 d5 c4 Bf5 Nc3 Nf6 Bf4 e6 Nb5 Bd6,10,
2064,2120,black,60+1,e4 d5 exd5 Qxd5 Nc3 Qd6 Nf3 Bf5 d4 e6,10,
2091,2002,white,60+0,Nf3 g6 g3 Bg7 Bg2 e6 O-O Ne7 c4 O-O,10,
1700,1753,white,300+3,d4 d5 c4 Nf6 Nc3 Nc6 Nf3 Bg4 e3 dxc4,10,
1901,1954,black,60+0,d4 c6 Bf4 d5 Nf3 Bg4 Ne5 Bh5 Nd2 Nf6,10,
1351,1315,white,480+8,d4 d5 c4 c6 c5 e6 e3 Nf6 Nf3 b6,10,
2135,1940,white,180+2,d4 Nf6 c4 g6 Nc3 Bg7 e4 d6 Nf3 O-O,10,
1741,1740,black,600+5,e4 e5 Nf3 Nf6 Nc3 Bb4 a3 Bxc3 dxc3 O-O,10,
2197,2189,white,30+0,d4 c5 d5 Nf6 Nc3 e5 e4 d6 Nf3 Bg4,10,
1248,1086,white,300+0,e4 d6 Nf3 e6 Nc3 f6 Bb5+ c6 Bd3 b6,10,
1560,1687,black,180+2,e4 e5 Nf3 Nc6 d4 exd4 Nxd4 Bc5 c3 Nf6,10,
1430,1448,black,180+0,e4 e5 Nf3 d6 Bc4 Qe7 Nc3 c6 Ne2 Be6,10,
1500,1377,black,60+1,e4 c6 Nf3 d5 exd5 cxd5 Nc3 e6 d4 Nc6,10,7255.79
2307,2032,white,60+0,d4 d5 c4 e6 Nc3 Nf6 cxd5 exd5 Bg5 c6,10,
1623,1648,black,240+5,d4 Nf6 h3 g6 Nf3 Bg7 c3 d5 Bf4 Nbd7,10,1798.83
1753,1771,white,180+0,e4 e5 Nc3 Bc5 d3 Nf6 Bd2 d6 h3 Nc6,10,
1047,1076,black,300+20,e4 e5 Qh5 Qe7 Bc4 Nf6 Qe2 Nc6 b3 Nd4,10,
1937,2271,black,60+0,e3 c5 b3 d5 Bb2 Nc6 a4 Nf6 a5 d4,10,
2027,1776,white,60+0,c4 e6 Nc3 b6 Nf3 Bb7 g3 Bb4 Bg2 Bxc3,10,
1501,1645,black,840+0,b3 e5 e4 Bc5 Bc4 Nf6 Bb2 Nc6 Nf3 Ng4,10,
1739,1697,black,60+0,d4 e6 Nc3 c5 e4 cxd4 Qxd4 Nc6 Qd3 d5,10,
1336,1356,black,120+0,e4 c5 Nf3 a6 Nc3 Nc6 d4 cxd4 Nxd4 Nxd4,10,
1856,1612,black,180+0,e4 c5 Nf3 d6 d4 cxd4 Nxd4 Nc6 Nxc6 bxc6,10,
1454,1366,white,300+0,d4 d5 c4 e6 Nc3 dxc4 Nf3 Nf6 Bg5 c5,10,2695.34
1413,1580,white,120+2,e4 e5 Bc4 Nc6 d3 b6 Nc3 Bb7 Nd5 Nf6,10,
1916,1950,black,180+0,e4 d5 exd5 c6 dxc6 Nxc6 Bb5 Nf6 Nf3 Bg4,10,
1734,1408,black,180+0,e4 e5 Nf3 Nc6 Bb5 Nf6 d3 Be7 Ba4 O-O,10,
1510,2231,black,180+3,e4 c5 Nf3 e6 d4 cxd4 Nxd4 Nc6 Nxc6 bxc6,10,
1124,1321,black,300+0,Nc3 e5 d4 exd4 Qxd4 Nc6 Qe4+ Be7 Nf3 Nf6,10,
1663,1832,white,300+0,d4 d5 e3 Bf5 Nf3 e6 h3 Bd6 Bd3 Bg6,10,
1861,2142,white,300+0,e4 e6 d4 d5 exd5 exd5 Nf3 Nf6 Be2 Be7,10,
1804,1740,white,300+0,d4 d5 Nf3 Nc6 e3 Nf6 Be2 Bg4 O-O Qd7,10,
1570,1481,black,300+0,e4 Nf6 d4 e6 e5 Nd5 Bc4 c6 Bxd5 cxd5,10,
1890,2037,black,60+0,d4 e6 Bf4 c5 e3 cxd4 exd4 d5 c3 Bd6,10,
1769,1751,white,600+0,e4 c6 Nf3 d5 exd5 cxd5 d4 a6 Nc3 Bg4,10,
1906,1770,white,30+0,c4 b6 Nc3 Bb7 d3 d6 e4 e6 g3 Nd7,10,
1299,926,white,600+0,e4 e5 Nf3 Nc6 Bc4 Nf6 Nc3 a6 d3 b5,10,
1719,1647,black,600+0,e4 g6 Nf3 Bg7 d4 c6 Bd3 d6 h3 Nd7,10,
1580,1575,white,600+0,e4 c5 Nc3 e6 Nf3 Nc6 d3 e5 Nd5 d6,10,1304.27
1409,1420,white,600+5,e4 e6 d4 c6 Nc3 a6 Bf4 d6 Qf3 Qc7,10,
1550,1523,white,180+0,c4 e6 Nf3 Bb4 a3 Bd6 b4 Be7 Nc3 Nf6,10,
1989,2057,white,180+0,c4 e5 g3 Nf6 Bg2 d5 cxd5 Nxd5 Nc3 Be6,10,
1774,1785,black,180+0,e4 c5 Na3 d6 b3 e6 f3 Nf6 g3 Be7,10,
1441,1569,white,300+0,e4 c5 d3 Nc6 Be3 e5 g3 Nf6 Nf3 d5,10,
1851,1880,black,300+2,e4 e6 d3 g6 Nf3 Bg7 g3 d6 Bg2 Ne7,10,
1698,1813,black,300+8,e4 e6 a3 b6 Nc3 Bb7 Bc4 Nf6 f3 d5,10,
1649,1823,black,180+0,e4 e5 Nf3 Nc6 d4 exd4 Bc4 Bc5 O-O Qe7,10,51.2
1348,1625,black,30+0,e4 g6 Nf3 Bg7 d4 c6 Nc3 c5 dxc5 d6,10,
1691,1835,black,480+0,d4 c6 c4 d5 Nc3 dxc4 Nf3 b5 e4 Bg4,10,
1682,1605,white,120+3,e4 c5 Nf3 d6 d4 Bg4 dxc5 Qa5+ Bd2 Qxc5,10,
2593,1734,white,60+0,Nf3 b6 d4 Bb7 Nc3 d6 e4 Nd7 Bc4 g6,10,
2161,1668,white,60+0,Nf3 g6 e4 Bg7 d4 f6 Nc3 d6 Bc4 Be6,10,
1439,1833,black,600+0,e4 e5 Nf3 d6 Bc4 Bg4 O-O Nc6 d3 Nd4,10,
2033,1536,white,600+0,e4 e5 f4 d6 Nf3 Nf6 Bc4 h6 d3 Bg4,10,
1838,1768,black,600+0,Nf3 e6 d4 d5 Bf4 Nf6 e3 c5 c3 Nc6,10,
2186,1986,white,60+0,e4 e6 Nf3 d5 exd5 exd5 d4 Nf6 Be2 Bd6,10,
1529,1724,white,60+0,d4 e6 e3 d5 c4 dxc4 Bxc4 a6 a3 Nf6,10,
2254,2627,black,60+0,g3 h5 h4 e5 d4 exd4 Nf3 d5 Nxd4 Nf6,10,2517.6
1535,1510,white,480+0,e4 e5 Qh5 Nc6 Bc4 Nh6 d3 g6 Qf3 Nd4,10,
1396,1610,black,300+8,e4 d5 e5 Bf5 d4 e6 Bd3 Bg6 Bxg6 hxg6,10,
1586,1326,white,60+0,e4 e5 f4 Nc6 Bc4 h6 d3 Bc5 Nf3 d6,10,
2144,2694,white,60+0,f4 d5 e3 g6 d4 Bg7 Nf3 Nf6 Bd3 O-O,10,5251.6
1445,1981,black,30+0,d4 Nf6 Bf4 d6 e3 Bg4 Nf3 Bxf3 Be2 Nc6,10,
1436,1446,white,600+0,e4 e5 Nf3 d6 Be2 Nf6 Nc3 c6 O-O h6,10,
1603,1621,black,600+0,e4 e5 Nf3 Nc6 d4 exd4 Nxd4 Ne5 Nc3 Nf6,10,
1733,1642,black,180+0,d4 e6 Bf4 d5 e3 Bd6 Bg3 Bxg3 hxg3 Nf6,10,
1247,1223,white,300+0,e4 Nf6 Nc3 e5 Nf3 Bb4 Bc4 d6 Ng5 Be6,10,
1751,1700,white,840+8,e4 c5 Nf3 e6 Nc3 Nc6 Bc4 a6 a3 b5,10,56.13
1394,1372,white,180+0,e4 e5 Nc3 Nf6 Nf3 Bb4 Nd5 Nxd5 exd5 Bd6,10,
2023,1895,white,600+0,c4 e5 g3 Bc5 Bg2 Nf6 e3 d6 Ne2 O-O,10,
1852,1646,black,300+0,e4 d5 exd5 Qxd5 Nc3 Qa5 d4 c5 Bd2 cxd4,10,
1513,1680,black,600+0,d4 Nf6 d5 g6 c3 Bg7 f3 c6 e4 cxd5,10,4726.66
1653,1591,draw,180+0,d4 d5 c4 e6 cxd5 exd5 Nc3 Nf6 Nf3 Bb4,10,
1570,1563,white,180+0,e4 e5 Nf3 d6 d4 Nc6 d5 Nce7 c4 c6,10,
1492,1667,black,120+0,d4 d5 Nf3 e6 c4 Nf6 Nc3 a6 e3 c6,10,
1363,1412,black,600+0,e4 e5 d4 Qh4 Nc3 d6 d5 Bg4 Nf3 Bxf3,10,
1557,1645,black,180+5,d4 d6 e4 e6 Nf3 c6 Nc3 Ne7 Bd3 Nd7,10,
1543,1749,black,600+0,e4 c5 Nf3 Nc6 Bc4 Nf6 d3 h6 h3 d6,10,
1724,1680,draw,2100+0,e4 e5 Bc4 Nf6 Nf3 Nc6 Ng5 d5 exd5 Nxd5,10,
1500,1785,black,600+0,e4 e6 d4 d5 e5 c5 c3 a6 a3 Bd7,10,
1848,1724,black,600+0,e4 e5 Bc4 Nc6 c3 Nf6 d3 d6 Qb3 Qd7,10,
1314,1236,white,600+0,e4 e6 Nf3 Nf6 Nc3 Bc5 d4 Bb6 Bf4 g5,10,
1854,1946,black,300+0,d4 Nf6 Nf3 g6 Bg5 Bg7 Nbd2 d6 e3 O-O,10,
1813,1676,white,300+0,e4 e6 Nf3 d5 exd5 exd5 Nc3 Nf6 d4 Bd6,10,
1562,1728,white,900+0,d4 d5 Nf3 Nc6 e3 Nf6 a3 Bg4 Nbd2 e6,10,
1604,1391,white,300+0,e4 d5 exd5 Qxd5 Nc3 Qd8 Nf3 Nf6 Be2 Nc6,10,
1817,1799,black,1080+0,e4 e5 Nf3 d6 d4 Bg4 dxe5 Bxf3 gxf3 Qe7,10,1672.26
1386,1561,black,300+0,e4 e5 Nf3 Nc6 Bc4 Bc5 O-O Nf6 d3 Nd4,10,
1624,1350,white,540+0,Nf3 d5 e4 dxe4 Ng5 f5 Bc4 Nh6 c3 e6,10,
1691,1463,white,300+1,d4 Nf6 c4 g6 Nc3 Bg7 e4 O-O Bd3 d6,10,
1843,1657,white,300+0,e4 e5 Nf3 d6 d4 Qe7 d5 h6 h3 Nf6,10,
1500,1661,white,240+0,e4 e6 Bc4 d5 exd5 exd5 Bb3 Nf6 d3 h6,10,1783.7
2092,1634,white,300+0,e4 e5 Nf3 Nf6 Bc4 Nc6 d3 Bc5 c3 O-O,10,
1869,1678,white,300+0,c4 e5 Nc3 Nf6 g3 Bc5 Bg2 O-O Nf3 c6,10,
1299,1266,black,60+0,e4 e5 Nf3 Nc6 d4 exd4 Nxd4 Nxd4 Qxd4 d6,10,
1941,1754,white,60+0,d4 d5 c4 c6 Nf3 Nf6 Nc3 Bg4 Ne5 Bf5,10,
1812,1888,black,300+0,d4 c6 e4 d5 f3 g6 Nc3 Bg7 e5 Bf5,10,
2075,1903,white,30+0,d4 e5 Nf3 exd4 c3 d5 cxd4 c5 e3 cxd4,10,
2082,1987,white,30+0,g3 d5 Bg2 c6 Nf3 e6 O-O f6 e4 e5,10,
2061,2000,white,180+0,e4 c5 Nf3 Nc6 Bb5 g6 Bxc6 dxc6 O-O Bg7,10,10827.78
1386,1849,black,180+0,e3 d5 h3 e6 Ne2 Bd6 g3 f5 Bg2 Nf6,10,
1511,1829,black,60+0,Nf3 c5 c4 Nc6 d3 e6 g3 d5 Bg2 Nf6,10,
2116,2208,draw,60+0,e4 c6 Nc3 d5 Nf3 dxe4 Nxe4 Nf6 Ng3 g6,10,
2162,1902,black,60+0,d4 Nf6 Nf3 d5 e3 e6 Be2 c5 O-O Nc6,10,
1717,1831,white,60+0,Nf3 Nf6 c4 g6 Nc3 Bg7 d4 d6 Bg5 O-O,10,
1718,1729,black,60+0,e4 f5 exf5 Nf6 Nc3 d5 Nf3 c5 d4 c4,10,
1465,1397,black,60+0,e4 g6 d4 Bg7 f4 b6 Nf3 Bb7 Nc3 e6,10,
1981,1997,white,120+0,d4 d6 c4 Nf6 Nc3 c6 Nf3 Bg4 Bg5 Bxf3,10,
1561,1587,white,300+0,e4 e5 Nf3 Nc6 Bc4 Bc5 d3 h6 Be3 Bxe3,10,
1593,1497,white,300+5,e4 a6 d4 b5 e5 Bb7 Nf3 e6 c3 h6,10,
1699,1673,black,300+5,e4 e6 Nf3 c5 d4 a6 g3 Nf6 Bg2 Nxe4,10,
1115,1332,black,300+3,e4 e5 Nf3 Nc6 Bc4 d6 d3 Nf6 O-O Be7,10,
1513,1503,black,1200+0,e4 b6 d4 Bb7 e5 e6 a3 a6 Nf3 h6,10,
2527,1940,white,60+0,d4 d5 c4 e5 Nc3 dxc4 d5 c6 e4 cxd5,10,5329.74
1612,1604,white,600+0,e4 e5 f4 Nc6 Qh5 d6 Bc4 Nh6 f5 Qf6,10,
2041,1911,white,180+0,d4 d6 c4 Nf6 Nc3 Nbd7 e4 e5 d5 Be7,10,
1773,1721,black,300+0,e4 c5 d4 cxd4 Qxd4 Nc6 Qa4 d6 Bb5 Bd7,10,
1898,1706,white,180+0,e4 e5 Nf3 Nc6 Bc4 Nf6 d4 exd4 O-O Be7,10,
1722,1474,white,120+0,b3 e6 Bb2 h6 d3 Be7 Nd2 Bf6 Bxf6 Qxf6,10,
1518,1391,black,300+0,e4 e6 d4 d5 e5 c5 Be3 Qb6 b3 Qb4+,10,
1829,1853,black,180+2,d4 Nf6 Bg5 g6 Nf3 Bg7 e3 h6 Bh4 O-O,10,
2055,2015,white,60+0,e4 g6 d4 Bg7 c3 e6 Nf3 Ne7 Be2 d5,10,
1409,1213,white,600+0,e4 d5 e5 e6 d4 Nc6 Nf3 g6 Bf4 Bg7,10,
1677,2121,black,180+0,d4 d5 e3 Nf6 Nf3 Bf5 Bd3 Bxd3 Qxd3 e6,10,1554.73
1684,1709,black,300+0,d4 Nf6 Bg5 e6 Bxf6 Qxf6 Nf3 d6 Nc3 Be7,10,
1742,1897,draw,300+0,f4 Nf6 Nf3 d5 g3 Bf5 Bg2 e6 c3 c6,10,
2248,2203,white,30+0,Nf3 e5 Nxe5 Nf6 Nf3 d5 g3 g5 Bg2 g4,10,
1193,1185,draw,300+0,d4 d5 Bf4 e6 Nc3 Qd7 e3 Qc6 Bb5 Bb4,10,
2186,2097,black,60+0,Nc3 e5 e4 f5 f4 exf4 Nf3 fxe4 Nxe4 Nf6,10,
1705,1778,black,300+0,e4 e5 Nf3 Nc6 Bb5 g6 d4 exd4 Nxd4 Bg7,10,
1886,1916,white,180+0,d4 g6 c4 Nf6 Nc3 Bg7 e4 d6 Bd3 c5,10,3523.88
1839,1846,white,300+5,d3 g6 c3 e5 Nf3 d6 g3 Be6 Bg2 Nf6,10,
1690,1658,black,600+0,e4 e5 Nf3 Nf6 d3 d6 h3 Be6 Be2 Nc6,10,
1722,1627,draw,300+3,e4 d6 Nf3 Nf6 Nc3 Nc6 Bc4 Bg4 Ng5 Bxd1,10,
2258,2212,black,180+0,e4 c5 d4 cxd4 c3 Nf6 e5 Nd5 Qxd4 e6,10,
1608,1588,white,480+0,e4 Nc6 Nf3 e6 d4 d6 d5 exd5 exd5 Nb8,10,
1928,1631,white,60+0,d4 d5 c3 e6 Nf3 Nf6 Bf4 Bd6 Bg3 Nc6,10,
1816,1879,black,120+0,d4 e6 e4 d5 exd5 exd5 Nf3 Nf6 Bg5 Be7,10,
1796,1783,white,300+5,e4 c5 c3 Nc6 d4 e6 Nf3 d5 exd5 exd5,10,
1548,1471,white,300+8,e4 e5 Nf3 Nc6 Bb5 b6 Bxc6 dxc6 Nxe5 Nh6,10,
1942,1696,black,600+0,e4 e6 d4 d5 e5 c5 c3 Nc6 Nf3 Bd7,10,2364.28
1553,1405,black,600+0,e4 e5 Nf3 Nc6 Bb5 Nd4 Bc4 Nxf3+ Qxf3 Nf6,10,
1720,1924,black,180+2,e4 d5 d3 e5 Nc3 Nf6 exd5 Bc5 Nf3 O-O,10,
1694,1611,black,600+0,e4 e5 f4 exf4 Nf3 g5 Bc4 h6 Bxf7+ Kxf7,10,
1343,1155,white,300+0,e4 e5 Nf3 Nc6 Bc4 h6 d4 Nf6 dxe5 Nxe4,10,
2067,2065,white,60+0,d4 c5 dxc5 e6 Nc3 Bxc5 Nf3 Qb6 e3 d5,10,
1700,1762,black,1200+0,e4 e5 Nf3 d6 h3 Nc6 Nc3 Nf6 d4 a6,10,
1771,1559,white,1200+0,e4 e5 Nf3 Nc6 d4 exd4 Nxd4 Nxd4 Qxd4 Nf6,10,
1901,1875,white,180+0,e4 e5 d4 Nc6 Nf3 exd4 Bc4 h6 c3 d6,10,
1723,1712,white,0+1,e4 e5 d4 exd4 Qxd4 Nc6 Qe3 Nf6 Nc3 d6,10,50.91
1792,1659,white,300+0,e4 e5 Nf3 Nc6 d4 exd4 Nxd4 Nxd4 Qxd4 d6,10,
1932,1701,white,30+0,g3 e5 Bg2 f5 d4 d6 dxe5 dxe5 Qxd8+ Kxd8,10,
1438,1471,black,300+0,e4 e5 Nf3 Nc6 Bc4 Bc5 Nc3 Nf6 a3 a5,10,
1742,1926,white,300+0,e4 e5 f4 exf4 Nf3 g5 Bc4 c6 O-O Be7,10,
1778,1698,black,300+10,e4 e5 f4 exf4 Nf3 Be7 Bc4 Bh4+ g3 fxg3,10,1331.87
1144,919,black,300+1,d4 g6 e4 Bg7 e5 d6 f4 dxe5 fxe5 f6,10,4289.76
2292,2159,white,180+1,e4 e5 Nf3 Nc6 Bc4 Nf6 d4 exd4 e5 d5,10,
2096,2116,black,180+0,d4 Nf6 c4 d5 cxd5 Nxd5 e4 Nb6 Nc3 e6,10,
1376,1456,black,120+3,e4 g6 Nf3 Bg7 d4 d6 Bg5 b6 Qd2 Bb7,10,
1647,1588,white,300+0,c4 e5 Nc3 Nf6 Nf3 Bc5 Nxe5 Qe7 Nf3 O-O,10,
1952,1901,black,180+0,e3 Nf6 c4 d5 b3 c5 Bb2 d4 exd4 cxd4,10,
1939,1815,white,60+0,e4 e5 Nc3 Nc6 f4 d6 fxe5 dxe5 Nf3 Nf6,10,
1701,1632,white,300+0,e4 c5 Nc3 Nc6 g3 d6 Bg2 Nf6 Nge2 Bg4,10,
1397,1439,black,900+0,e4 c5 f4 d6 c4 Nf6 Nc3 Bg4 Be2 Bxe2,10,
2141,2258,black,300+0,d4 Nf6 c4 e6 Nf3 Bb4+ Bd2 Be7 Nc3 d5,10,2494.2
1953,1836,black,60+0,e3 f6 Be2 e5 d4 exd4 exd4 Bd6 f4 Ne7,10,
1732,1838,white,120+0,e4 Nf6 e5 Nd5 c4 Nb6 c5 Nd5 Bc4 e6,10,
1900,2422,black,60+0,c4 c6 Nc3 d5 cxd5 cxd5 d4 Nc6 Nf3 Nf6,10,
1729,1952,white,60+0,e4 d5 exd5 Nf6 Nf3 Nxd5 Be2 c6 O-O e6,10,
1579,1934,black,60+0,e4 g6 Nf3 Bg7 d4 e6 c4 Ne7 Nc3 c5,10,
2274,2003,white,60+0,g3 c6 Bg2 d5 c4 Nf6 cxd5 Nxd5 Nf3 Nb4,10,
1931,1920,black,300+2,d4 d5 c4 c6 Nc3 Nf6 e3 e6 Nf3 Bd6,10,
1504,1618,black,0+4,e4 e5 Nf3 d6 Nc3 g6 d4 exd4 Nxd4 Bg7,10,
1593,1593,black,60+4,b3 Nf6 Bb2 Nc6 e3 e5 c3 d6 d4 Be6,10,
1437,1665,white,60+0,c4 e5 Nc3 Nc6 g3 Nf6 Bg2 Bb4 a3 Bxc3,10,
1597,1600,white,600+0,e4 e6 f4 c6 Nf3 b6 Nc3 d5 d4 dxe4,10,
1981,1896,white,60+0,b3 Nf6 Bb2 g6 g4 h6 h4 Bg7 g5 Nh5,10,
1339,1587,black,600+0,e4 g6 Nf3 Bg7 g4 Nf6 Bh3 Nxe4 O-O d5,10,
1981,2192,white,60+0,d3 d5 c4 dxc4 dxc4 Qxd1+ Kxd1 Nc6 Kc2 Bf5+,10,
1390,1528,black,300+0,e4 g6 Nc3 Bg7 b3 e6 Nf3 c6 Bb2 Ne7,10,
1987,2118,black,30+0,d4 d6 d5 Nd7 e4 g6 c4 Bg7 Nc3 Ngf6,10,
1882,2207,black,180+0,e4 c5 Nc3 Nc6 d3 d6 g3 e5 Bg2 Be7,10,
1594,1613,white,60+2,b3 e5 Bb2 Nc6 e3 d6 Bb5 Bd7 Nf3 f5,10,
1661,1895,black,300+0,e4 e5 Bc4 Nf6 Bxf7+ Kxf7 f4 Nc6 fxe5 Nxe5,10,
1380,1488,white,60+0,Nf3 d5 h4 e6 d4 Nd7 c4 c6 Nc3 Ngf6,10,
1252,1288,white,300+0,e4 d5 Nc3 dxe4 Nxe4 Qd5 Bd3 Qe5 f4 Qxf4,10,
1370,1323,black,600+0,e4 e5 Nc3 Nf6 Bd3 d6,6,
1909,1786,black,30+0,d4 b6 Bg5 Bb7 Nf3 h6 Bh4 f5 e3 Nf6,10,
1774,1711,white,60+0,e4 c5 Nf3 e6 d4 cxd4 Nxd4 Nf6 Nc3 Nc6,10,
883,1081,black,900+15,e4 e5 Bb5 Nf6 d3 Nc6 Ne2 Bc5 O-O O-O,10,
1707,1754,black,120+1,d4 Nf6 Nf3 g6 Bf4 d5 e3 Bg7 Be2 O-O,10,
1779,1856,white,900+10,e4 d5 exd5 Qxd5 Nf3 Nf6 Nc3 Qa5 Bb5+ c6,10,
1546,1551,white,180+0,d4 d5 e3 Bf5 Nf3 Nf6 Bd3 Bxd3 Qxd3 Nc6,10,
1612,1288,white,180+0,e4 d6 d3 e6 Nd2 h6 Ngf3 e5 g3 Bg4,10,
1635,1563,white,180+0,d4 d5 Bf4 Nf6 e3 e6 c4 c6 Nc3 Be7,10,
1875,1732,white,180+0,e4 c5 Nc3 Nc6 f4 g6 Nf3 Bg7 d3 d6,10,
1277,1469,white,600+0,e4 e5 Nf3 Nf6 Nxe5 Nxe4 Qe2 d5 Nc3 Bd6,10,11144.94
1651,1440,white,600+0,d4 c6 c4 d5 Nc3 dxc4 e4 b5 Nf3 g6,10,
1456,1659,black,240+4,e4 e5 Qf3 Nc6 c3 Bc5 Bc4 Nf6 g4 h6,10,
1724,1516,black,240+0,e4 e5 Bc4 Nf6 Ne2 Nxe4 O-O Bd6 d3 Nf6,10,
1664,1767,black,600+0,c4 Nf6 d4 g6 Nc3 Bg7 e4 d6 Nf3 O-O,10,
1850,2096,black,600+0,e4 e5 Nf3 Nc6 Bc4 d6 Nc3 Bg4 d3 Nf6,10,
1658,1603,black,600+0,e4 e5 Qh5 Nf6 Qxe5+ Be7 d3 d6 Qg3 Nh5,10,
1697,1568,black,900+15,e4 e5 Nf3 Nc6 Bb5 d6 O-O Nf6 Re1 Ng4,10,61.89
1985,2071,white,180+2,Nf3 d5 d4 g6 c4 e6 Nc3 Bg7 e4 dxe4,10,
1367,1260,white,180+2,e4 e5 Nc3 Nf6 Nf3 b6 Bc4 d6 d4 Qe7,10,
1560,1517,white,180+0,d4 e6 e4 b6 e5 c5 c3 cxd4 cxd4 Bb4+,10,
1698,1724,white,300+0,e4 e5 Nf3 g6 Bb5 Bg7 O-O Nf6 Re1 c6,10,53.47
1838,1733,black,900+0,d4 f5 c4 Nf6 Nh3 e6 Bg5 Be7 e3 O-O,10,
1291,1149,white,60+0,e4 f6 Nf3 e5 Bc4 g5 h3 Nh6 d4 Qe7,10,
1574,1663,white,30+0,e4 e5 d4 d6 dxe5 dxe5 Qxd8+ Kxd8 Bc4 c6,10,1464.61
1705,1890,white,300+0,e4 c6 d4 d5 e5 Bf5 f4 e6 Nf3 Ne7,10,
1575,1599,white,180+2,e4 c5 c3 e6 Nf3 d5 exd5 exd5 d4 c4,10,
1429,1401,white,45+10,e4 d5 e5 a6 d4 Nc6 c3 e6 Nf3 Nge7,10,1730.07
1147,1178,white,300+20,e4 e5 Bc4 Nf6 Nc3 Bc5 f3 b6 Nge2 Bb7,10,
1665,1625,white,600+0,e4 e5 Nf3 d6 h3 a6 Bc4 h6 Nc3 Nf6,10,
1882,2092,black,300+5,e4 e6 Nf3 d5 Nc3 Nf6 e5 Nfd7 d4 c5,10,113.35
1601,1650,black,600+0,c4 d5 cxd5 Qxd5 Nc3 Qd6 Nf3 a6 e3 Nc6,10,
2032,1901,white,180+0,e4 c5 Nf3 d6 d4 cxd4 Nxd4 Nf6 Nc3 Nc6,10,
1600,1634,white,600+0,e4 e5 Nf3 Nc6 Bc4 Bc5 c3 Nf6 d3 Na5,10,160.35
1946,2047,white,180+0,e4 c5 Nc3 Nc6 Nf3 Nf6 Bb5 Qb6 Bxc6 bxc6,10,
1706,1578,white,180+0,e4 e5 Nf3 Nc6 Bb5 a6 Ba4 b5 Bb3 Na5,10,
1582,1358,black,240+1,e4 e5 Nf3 Nc6 Nc3 Nf6 Bb5 Bc5 d3 d6,10,
1939,1460,white,300+0,d4 d5 Nf3 c5 Bf4 Bf5 Bxb8 Qxb8 e3 Bg4,10,
1358,1543,white,300+0,e4 e6 d4 d5 e5 f6 c3 c5 Nf3 Qa5,10,
1855,1993,black,300+0,e4 c5 Nf3 Nc6 d4 cxd4 Nxd4 a6 c4 d6,10,
1581,1727,black,600+2,h4 d5 d4 Nf6 f3 Nh5 g4 Ng3 Rh2 Nxf1,10,113.97
1694,1925,black,60+0,e4 c5 Nc3 Nc6 Nf3 d6 d4 cxd4 Nxd4 e5,10,
1972,1919,white,60+0,e4 d5 Nf3 dxe4 Ng5 Nf6 Bc4 e6 Nc3 h6,10,
1843,1930,white,300+0,e4 c5 b4 cxb4 a3 bxa3 Nxa3 Nc6 Bd3 e5,10,
1907,1487,white,300+0,e4 e5 Nf3 Nc6 Bb5 d6 d4 exd4 Nxd4 Bd7,10,
1643,1576,white,900+0,e4 e5 Nf3 Nc6 Bc4 Nf6 Ng5 d5 exd5 Nxd5,10,
1162,1229,black,300+0,e4 e5 Nf3 Nc6 Bc4 Nf6 b4 Bxb4 c3 Ba5,10,89.6
1543,1548,black,480+3,e4 e5 Nf3 Nc6 Bb5 a6 Bxc6 dxc6 Nxe5 Qd4,10,2884.44
1748,2012,black,60+0,e4 d5 exd5 e6 d4 exd5 Nc3 f5 Nf3 Nf6,10,
1686,1472,white,300+3,e4 e6 d4 d5 exd5 Qxd5 Nf3 Nf6 Bd3 c5,10,
1072,1337,black,120+1,e4 e5 c3 c5 d4 cxd4 cxd4 Nc6 f4 exd4,10,
1819,1810,white,60+0,e4 c5 f4 e6 Nf3 d5 exd5 exd5 Be2 Nc6,10,
1764,1912,black,30+0,e4 e6 e5 d5 exd6 cxd6 g3 Nc6 Bg2 d5,10,
1396,1417,white,300+8,e4 e6 e5 c5 c4 Qg5 Nf3 Qe7 d3 h6,10,
2035,1713,white,300+0,e4 e6 Nf3 Ne7 d4 g6 c3 Bg7 Bg5 c6,10,2725.11
1846,1969,black,300+0,d4 c5 c3 cxd4 cxd4 d5 Nc3 Nc6 Nf3 Bg4,10,6788.75
1853,1593,white,300+0,Nf3 Nf6 e3 g6 d4 Bg7 g3 O-O Bg2 d6,10,63.41
1262,1320,black,300+0,d4 e6 e4 d5 e5 f6 Nf3 f5 Nc3 h6,10,
1586,1320,white,300+0,e4 d5 exd5 Qxd5 Nc3 Qe6+ Qe2 Qg6 Nf3 Bg4,10,
2054,1947,black,60+0,Nf3 Nf6 g3 b5 Bg2 Bb7 O-O c5 d3 e6,10,74.0
1141,1439,black,900+0,c4 c5 f3 e5 e4 Nc6 g3 d6 f4 Nf6,10,
1677,1778,white,600+0,e4 c5 Bc4 Nc6 Nf3 e6 Nc3 Nf6 e5 Ng4,10,
1698,1318,white,60+2,e4 e5 Nf3 Nc6 Bb5 Nf6 O-O a6 Ba4 Bc5,10,
1660,1408,white,900+10,e4 e5 Nf3 Nc6 Bb5 a6 Bxc6 bxc6 d3 Bc5,10,
1688,1848,black,60+10,c4 e5 Nc3 Nf6 e3 b6 d4 exd4 exd4 d5,10,
1637,1966,white,420+0,e4 e5 Nf3 Nc6 d4 exd4 Nxd4 Bc5 Nb3 Bb6,10,
1970,2089,black,60+0,e4 c5 d4 cxd4 c3 dxc3 Nxc3 e6 Bc4 a6,10,
1940,1827,white,480+0,c4 e5 Nc3 Nc6 g3 d6 Bg2 Bf5 Nf3 Nf6,10,
1965,1735,white,180+0,e4 e6 d4 d5 Nd2 Nf6 Bd3 dxe4 Nxe4 Nbd7,10,
1648,1521,white,60+0,c4 e5 Nc3 d6 g3 Nf6 Bg2 Be7 Nf3 c6,10,
1721,1794,black,240+0,e4 b6 Bc4 Bb7 Bxf7+ Kxf7 Nf3 Nf6 d3 e6,10,
2047,2051,black,180+0,e4 c5 Nf3 Nc6 d4 cxd4 Nxd4 Nf6 Nc3 e5,10,
1373,1172,white,600+0,e4 e5 d3 d6 Be3 Nf6 Nc3 Nc6 Nf3 Bg4,10,
1629,1344,black,30+0,e3 d5 a3 c6 b3 Na6 Bb2 e5 f4 Be6,10,
1679,1666,black,600+0,e4 e5 Nc3 d6 Nd5 Be6 Nxc7+ Qxc7 d4 Nf6,10,
1582,1653,black,300+0,g3 e5 Bg2 Bc5 Nf3 Qf6 d3 d6 Be3 c6,10,
1797,1852,black,600+0,e4 e5 Nf3 d6 Bc4 Be7 d3 Nf6 Nc3 O-O,10,
2115,2106,white,120+2,c4 e6 g3 d5 Bg2 c6 Nf3 Bd6 O-O Nd7,10,
1592,1745,black,300+0,d4 Nf6 c4 e5 dxe5 Ng4 Nf3 Nc6 Bf4 Bb4+,10,
1747,1532,white,300+0,d4 Nf6 d5 d6 Bg5 Bf5 Bxf6 gxf6 Nc3 Bh6,10,
1920,2062,black,180+0,d4 e6 e3 d5 Nd2 c5 dxc5 Bxc5 a3 Bb6,10,
1536,1825,black,180+0,e4 c5 e5 Nc6 Nf3 d6 Bc4 d5 Bb5 e6,10,
1436,1443,white,300+0,e4 d5 exd5 Qxd5 Nc3 Qa5 Nf3 Nf6 Bc4 e5,10,
2010,2007,white,300+0,b3 e6 Bb2 d5 e3 Nf6 d4 c5 Nf3 Nc6,10,
1739,1709,white,60+0,d4 d5 c4 Bf5 a3 Bxb1 f3 e6 Rxb1 Nf6,10,8620.31
1799,1783,white,300+0,d4 d5 c4 e6 Nc3 Nf6 Bg5 Be7 e3 dxc4,10,
1800,1729,white,30+0,e3 d5 d3 d4 Be2 dxe3 Bxe3 Bg4 Bd2 Bxe2,10,
1467,1135,white,600+3,e4 c6 d4 b5 c4 bxc4 Bxc4 e6 d5 exd5,10,
1798,1871,black,120+0,e4 c6 d4 Qc7 c4 d6 Nc3 e5 Be3 Nf6,10,
1673,1930,black,60+0,e4 e5 Nf3 Nc6 Bb5 Nf6 O-O Nxe4 Re1 Nd6,10,
2020,2630,black,60+0,e4 d5 exd5 Qxd5 c4 Qe5+ Be2 c6 d4 Qc7,10,
1898,1990,white,60+0,d4 f6 c4 e6 Nc3 Bb4 e4 Bxc3+ bxc3 Ne7,10,
2254,1713,white,60+0,e4 e5 Nc3 Nf6 f4 exf4 Nf3 d6 Bc4 Be7,10,
2076,2659,white,60+0,Nf3 d5 Nc3 e6 e4 Nf6 exd5 Nxd5 Nxd5 Qxd5,10,
1512,2251,black,60+0,e4 c5 Nf3 e6 d4 cxd4 Nxd4 Nc6 Nc3 Qc7,10,
1696,1573,white,480+0,f4 d5 d3 d4 e4 Nc6 Nf3 Bg4 Be2 Bxf3,10,
1750,1790,black,600+0,d4 d5 Nf3 c6 e3 Bg4 Nbd2 f6 Be2 e6,10,
1556,1472,white,180+0,e4 e5 Nf3 Nc6 Bc4 a6 d3 Na5 Bb3 Nxb3,10,
1582,1631,black,60+0,Nf3 Nf6 g3 g6 Bg2 Bg7 d4 d5 O-O O-O,10,
1688,1552,black,180+0,c4 b6 Nc3 Bb7 f3 d6 g3 Nd7 Bg2 g6,10,
980,966,black,180+0,d4 d5 Nf3 Nf6 Be3 Nc6 Nc3 e6 Bg5 h6,10,
1710,1809,black,180+0,Nf3 Nf6 d4 d5 Bf4 Bg4 Nbd2 e6 h3 Bxf3,10,
1538,1501,black,180+0,d4 Nf6 Nf3 e6 Bg5 b6 e3 Bb7 Bd3 Be7,10,
2101,2122,white,180+0,e4 Nf6 Nc3 d5 exd5 Nxd5 Nf3 Bg4 Be2 e6,10,
1963,1767,white,30+0,e4 g6 d4 Bg7 c3 e6 f3 Ne7 Be3 O-O,10,
1486,1546,white,660+0,e4 Nc6 f4 e6 d3 Be7 Nf3 Nf6 Be3 O-O,10,
1980,2089,black,30+0,e4 d5 f3 dxe4 fxe4 e5 d3 f5 exf5 Bxf5,10,
1590,1661,white,420+4,c4 c5 Nc3 e5 g3 Nc6 Bg2 Nf6 d3 h6,10,
1645,1460,black,180+0,e4 g6 Bc4 b6 Qf3 f6 e5 c6 exf6 Nxf6,10,
2125,1980,black,30+0,e4 c5 Nc3 d6 f4 a6 d4 cxd4 Qxd4 b5,10,
1784,1780,black,60+0,e4 e5 Nf3 Nf6 Nxe5 d6 Nf3 Nxe4 d3 Nf6,10,
1291,1479,black,900+0,e4 e5 Nf3 Nc6 c3 Bc5 b4 Bb6 Na3 a6,10,
1236,1165,black,0+4,e4 e5 Nf3 f5 Bc4 Nf6 Ng5 Qe7 Nf7 Rg8,10,
1958,1837,white,180+0,d4 g6 c4 Bg7 Nf3 e6 Nc3 c6 Bf4 Ne7,10,
1688,1679,black,300+0,d4 Nf6 c4 e5 dxe5 Ng4 Nf3 Bc5 e3 Nc6,10,
1312,1429,black,120+0,e4 d5 e5 Nf6 d4 Ne4 f4 Bf5 Bd3 e6,10,
1534,1737,black,600+0,e4 e5 Nf3 Qe7 b3 Nf6 Bb2 Nxe4 Qe2 d5,10,
1433,1419,white,300+0,e4 e5 d3 Nf6 Be3 d5 Be2 d4 Bd2 Bd6,10,
1926,1694,white,120+0,e4 e5 Nf3 d6 d4 exd4 Nxd4 Ne7 Nc3 Nbc6,10,
2073,2088,black,600+6,d4 d5 c4 Be6 Nc3 Nf6 Nf3 c6 Bg5 Nbd7,10,
1505,1526,draw,600+0,e4 d5 exd5 Qxd5 Nc3 Qd8 d4 Nf6 Nf3 Bg4,10,
1983,1443,white,30+0,g3 g6 Bg2 Bg7 Nf3 Nf6 O-O e6 c3 O-O,10,
1739,1751,black,300+0,d4 Nf6 c4 g6 e3 Bg7 Nf3 O-O Nc3 d6,10,
1310,1419,white,600+0,e4 e5 Nf3 f5 Nc3 fxe4 Nxe4 d5 Neg5 e4,10,
2158,2158,white,120+0,b3 d5 Bb2 c5 e3 Nc6 Be2 e5 Nf3 Bd6,10,
2020,1985,black,360+6,c4 Nf6 Nc3 c5 g3 e6 Bg2 d5 cxd5 exd5,10,
1716,1693,black,300+0,e4 c5 Nf3 d6 Bc4 e6 d3 Nc6 Nc3 a6,10,
1327,1118,white,300+0,e4 Nc6 Nf3 d5 exd5 Qxd5 Nc3 Qh5 Be2 Qg6,10,
2270,2137,black,180+2,e4 c5 Nf3 d6 Bb5+ Nd7 d4 cxd4 Qxd4 e5,10,
2099,2078,draw,300+0,e4 e6 d4 d5 Nc3 Bb4 e5 c5 a3 Bxc3+,10,
1150,1124,white,300+0,e4 c5 d4 cxd4 Qxd4 Nc6 Qd5 Nf6 Qb3 e5,10,
1818,1751,white,300+0,d4 d5 c4 Nf6 Nc3 Bg4 Bg5 e6 Nf3 Be7,10,
1573,1795,black,300+10,e4 e5 Nf3 Nc6 Bb5 Nf6 Bxc6 dxc6 Nxe5 Qe7,10,
1465,1682,black,300+0,d4 d5 Nf3 Nf6 Bg5 e6 e3 Be7 Be2 Bd7,10,
1808,2199,white,600+0,d4 Nf6 Bf4 g6 e3 Bg7 c3 d5 Nd2 c5,10,4616.22
1643,1779,white,900+0,e4 e5 Nf3 Nc6 Bc4 h6 Nc3 a6 d4 Bd6,10,
1398,1456,white,60+0,d4 d6 d5 Nf6 Nf3 c6 Nc3 cxd5 Nxd5 Nxd5,10,
1948,1610,white,120+2,e4 g6 d4 Bg7 f4 d5 e5 e6 h3 Ne7,10,
1465,1535,black,300+3,d4 d5 c4 c6 Nc3 e5 dxe5 d4 Nb1 Qa5+,10,
1617,1916,black,600+0,e3 d6 f4 Nf6 b3 Nbd7 Bb2 e5 fxe5 dxe5,10,
1546,1545,white,600+0,e4 e5 Bc4 Qe7 Nf3 d6 d3 Be6 Bg5 f6,10,
1264,1256,black,300+3,e4 e5 Nf3 d6 Bb5+ Bd7 Nc3 Bxb5 Nxb5 d5,10,
1566,1487,white,600+0,e4 c6 Nf3 d5 Nc3 dxe4 Nxe4 Bf5 Nc3 e6,10,
1308,1238,white,600+0,d4 d5 Nc3 Nf6 e4 dxe4 Qe2 Qxd4 Bg5 Bf5,10,
1333,1247,white,300+0,e4 e5 Nf3 b5 Bxb5 c6 Ba4 d5 exd5 Qxd5,10,
2033,1877,black,600+0,e4 e5 Nf3 Bc5 Bc4 d6 h3 c6 c3 Nf6,10,
1040,1294,black,0+4,g3 e5 d4 e4 e3 d5 Nc3 c6 Bg2 f5,10,
1607,1471,draw,180+0,e4 d5 exd5 Qxd5 Nc3 Qa5 d3 e6 Bd2 c6,10,
1676,1883,black,420+2,d4 Nf6 Bf4 e6 e3 d6 Nf3 Be7 Nbd2 Nc6,10,
1888,1976,black,300+0,e4 e5 Nf3 Nf6 Bc4 Nxe4 O-O d5 Bb5+ c6,10,
1735,1782,white,300+3,d4 d5 c4 e6 Nc3 Nf6 Nf3 Bb4 a3 Bxc3+,10,
1926,1819,white,600+0,d4 Nf6 e3 e6 f4 d5 Nf3 c5 c3 Nc6,10,
1780,1719,white,60+1,e4 e5 Nc3 d6 Bc4 Nc6 d3 a6 a3 b5,10,
1810,1986,draw,180+2,d4 Nf6 c4 e6 Nf3 Bb4+ Nc3 d6 g3 O-O,10,
1757,1323,white,300+0,d4 b5 e4 c6 c4 Qa5+ Nc3 bxc4 Bxc4 d5,10,
2034,1821,white,180+0,e4 e5 Nf3 Nc6 Nc3 d6 d3 Bg4 Be2 Nf6,10,
1528,1906,black,600+0,d4 Nf6 c4 e6 Nc3 Bb4 Bd2 O-O e4 d6,10,
1906,2069,black,180+0,e4 d5 exd5 Qxd5 Nc3 Qa5 Nf3 c6 Be2 Bg4,10,
1894,2046,black,180+0,d4 d5 c4 Nf6 Nc3 c6 Bg5 a6 Nf3 dxc4,10,
1886,1832,white,600+0,e4 c6 Nf3 d5 Nc3 a6 exd5 cxd5 d4 Bf5,10,3345.4
1825,1978,black,120+0,Nf3 e6 d3 d5 Bd2 f5 g3 Nf6 Bg2 Bd6,10,
1816,2089,white,180+0,c4 Nf6 e3 d5 cxd5 Nxd5 Nc3 g6 Nf3 Bg7,10,
1692,1646,white,300+0,e4 e5 Nc3 Nf6 Nf3 Nc6 Bb5 d5 exd5 Nxd5,10,200.74
1401,1507,white,480+0,e4 e5 Nf3 Nc6 Bc4 Nf6 d4 exd4 Nxd4 Nxd4,10,
1701,1733,black,0+1,e4 d5 e5 e6 d4 Nc6 Nf3 f6 exf6 Qxf6,10,391.38
1407,1595,black,300+8,e3 e5 e4 d5 exd5 Qxd5 Qf3 Qd7 Qe2 f6,10,
1669,1752,black,300+5,e4 e5 Bc4 h6 Bxf7+ Kxf7 Qh5+ g6 Qxe5 Bg7,10,
1547,1566,black,1500+0,e4 d5 exd5 c6 dxc6 Nxc6 Bb5 Be6 c4 Nf6,10,
1710,1785,white,30+0,d4 d5 c3 e6 g3 Nf6 Bg2 c5 Nf3 c4,10,
2028,1734,white,60+0,e4 b6 d4 Bb7 Nc3 d6 Bd3 Nd7 Nf3 g6,10,
1569,1389,draw,600+0,e4 e5 Nf3 f6 d4 d6 dxe5 Bg4 exf6 Qxf6,10,133.6
1067,1185,white,600+0,e4 e5 Nf3 Nc6 d4 f6 c3 Nh6 h3 f5,10,134.25
2265,2371,black,60+1,e4 d5 exd5 Qxd5 Nc3 Qa5 Bc4 Nf6 Nf3 Bf5,10,
2593,2168,white,60+0,Nf3 c5 e3 d6 d4 cxd4 exd4 Nf6 c4 g6,10,
1842,1892,black,60+0,d4 c5 c3 cxd4 cxd4 d5 e3 Nc6 a3 e6,10,
1758,1692,white,300+0,e4 e5 Nf3 Nc6 Bc4 Bc5 d3 Nf6 c3 Bb6,10,
1366,1428,black,180+0,e4 c5 d4 cxd4 Qxd4 Nc6 Qe3 g6 Bb5 Bg7,10,117.1
1964,2312,black,60+0,g3 d5 Bg2 c6 f4 Nf6 Nf3 Bg4 O-O Bxf3,10,
1315,1258,white,300+3,e4 Nc6 Bc4 e5 Nf3 Nf6 Ng5 d5 exd5 Nxd5,10,
1607,1353,white,300+0,e4 e5 Nf3 d6 d4 Bg4 dxe5 Bxf3 gxf3 dxe5,10,
1579,1764,white,300+8,e4 e5 Nf3 Nc6 Bb5 Nge7 d3 a6 Ba4 b5,10,
1880,1695,white,60+0,e4 c5 Nf3 e6 d4 Nc6 Bb5 a6 Bxc6 bxc6,10,
2049,1937,white,30+0,e4 d5 exd5 Nf6 Nc3 Nxd5 Nxd5 Qxd5 d4 Qd8,10,
1771,2033,black,60+0,e3 Nf6 b3 g6 Bb2 Bg7 Nc3 O-O Be2 c5,10,
1577,1366,white,60+0,e4 c5 d4 Nc6 d5 Nb4 Bd2 d6 Bxb4 cxb4,10,17496.44
2006,2065,black,60+0,b3 e5 Bb2 d6 Nc3 f5 e3 Nf6 Nge2 c6,10,
1802,1727,white,900+5,e4 e6 Nf3 d5 exd5 exd5 Nc3 Nf6 Bd3 c5,10,
2151,1818,white,60+0,e4 e5 Nf3 Nc6 Bb5 Nf6 O-O d6 d4 Bd7,10,
1501,1617,black,300+0,c4 e5 Nc3 d6 e3 Nf6 Qc2 g6 d4 Bf5,10,9439.12
1401,1598,black,240+0,e4 d5 Nf3 dxe4 Ne5 Nf6 Bc4 e6 d3 Bd6,10,
2191,2258,black,30+0,e4 g6 Nc3 Bg7 h4 d5 h5 gxh5 exd5 e6,10,
2012,2143,white,480+0,e4 e6 d4 d5 exd5 exd5 Bd3 Nf6 Ne2 Bd6,10,
1613,1592,black,300+0,e4 e5 Bc4 Nf6 Nc3 Nc6 Nf3 Bb4 Ng5 O-O,10,
1511,1494,white,300+0,c4 Nf6 f4 Nc6 Nf3 d5 cxd5 Nxd5 d3 Bg4,10,
1764,1698,white,120+1,e4 Nc6 Nf3 f5 exf5 d5 Bd3 Nh6 O-O Nxf5,10,
1761,1629,white,300+0,d4 d5 Nf3 Nf6 Bg5 e6 e3 Bd6 Bd3 Nbd7,10,
1980,1939,black,300+0,e4 c5 Nf3 a6 c3 d6 d4 Nd7 Bd3 b5,10,
1340,1310,white,600+0,e4 e5 d4 exd4 Nf3 Nc6 Bb5 Nf6 Nbd2 Bd6,10,
1632,1817,white,600+0,e4 e5 f3 a6 d4 d6 d5 Nf6 h3 h6,10,
1584,1780,white,120+1,e4 c6 d4 d5 exd5 cxd5 Nf3 Nc6 Bf4 Bg4,10,
1742,1698,black,180+2,d4 d5 c4 e6 e3 Nf6 Nc3 Nbd7 Nf3 c5,10,
2426,2016,draw,300+0,c4 e5 g3 d6 Bg2 c6 Nc3 f5 d4 Nf6,10,
1403,1459,black,300+0,d4 d5 e3 Bf5 Nc3 c6 Nf3 f6 Bd3 Bg4,10,
1819,1474,white,120+3,e4 e5 Nf3 d6 d4 c6 dxe5 Bg4 exd6 Qxd6,10,
1781,1580,white,180+2,d4 d5 c4 e6 e3 Nf6 a3 c5 Nf3 Nc6,10,
2074,1804,white,300+0,d4 Nf6 c4 e6 Nc3 Bb4 Nf3 c5 Bg5 Qa5,10,4052.91
1754,1679,white,300+0,e4 e5 Nf3 d6 Bc4 Be7 O-O Nf6 c3 a6,10,
1340,1325,black,300+0,e4 e5 Nf3 Qf6 Bc4 Bc5 Nc3 c6 d3 a5,10,91.69
1711,1622,black,420+0,e4 e5 Nc3 Nf6 Nf3 Nc6 Bb5 a6 Ba4 b5,10,
1855,2087,white,900+10,e4 e5 Nf3 Nc6 Bc4 Bc5 Nc3 d6 a3 a6,10,58.0
1842,1962,white,300+0,e4 c6 d4 d5 Nd2 dxe4 Nxe4 Nf6 Nxf6+ exf6,10,
1974,1434,white,-,b3 d5 e3 b6 Ne2 Bb7 Ng3 f6 Be2 e5,10,
1910,2140,draw,60+0,e4 e6 d4 Be7 Bd3 c6 f4 d5 Nf3 dxe4,10,
1894,1993,white,60+0,e4 g6 d4 Bg7 Bh6 e6 Bxg7 Ne7 Bxh8 Nec6,10,
1406,1385,draw,180+6,e4 e5 Nf3 Bd6 Bc4 Nc6 d3 Nf6 Bg5 Bb4+,10,44.74
1529,1455,white,300+3,e4 c5 Nf3 Nc6 Be2 e5 O-O d6 Nc3 Nf6,10,
1800,1894,black,30+0,d3 c6 Bg5 d5 Nf3 Nd7 Bh4 f6 g3 e5,10,
1578,1701,black,300+3,e4 e6 Nf3 d5 exd5 exd5 d4 Bd6 Bd3 Nf6,10,
1813,2172,draw,300+0,e4 e5 d4 exd4 Nf3 d5 exd5 Qxd5 Nxd4 Bc5,10,
1977,2310,black,180+0,d4 Nf6 Nf3 d6 Bf4 Bg4 Nbd2 Nbd7 h3 Bh5,10,
1402,1489,white,180+0,e4 e5 Nf3 Nc6 Bb5 Nf6 Nc3 d6 O-O Be6,10,4449.12
1565,1757,white,60+0,d3 d5 e4 dxe4 dxe4 Qxd1+ Kxd1 Nf6 f3 e6,10,
2106,1602,white,300+0,d4 d5 c4 Nf6 Nc3 c6 Nf3 g6 e3 Bg7,10,
2018,1965,black,1200+0,d4 d5 Nf3 Nf6 c4 e6 Bg5 Be7 Nc3 Nbd7,10,1498.96
1939,1981,black,60+0,e4 Nf6 e5 Nd5 d4 d6 c4 Nb6 f4 Bf5,10,
2116,1921,white,60+0,d4 Nf6 c4 e6 Nc3 Bb4 Qc2 d5 Nf3 O-O,10,
1410,2423,white,60+0,e4 c6 d4 d5 exd5 cxd5 Nf3 Nc6 Bb5 Bd7,10,
1846,1747,white,300+3,e4 e5 Nf3 Nc6 Bb5 a6 Ba4 Nf6 O-O b5,10,37.84
1751,1585,black,300+0,e4 d5 exd5 Nf6 c4 e6 dxe6 Bxe6 Nf3 Nc6,10,
1773,1779,white,180+0,d4 Nf6 c4 e5 dxe5 Ng4 Bf4 Nc6 h3 Ngxe5,10,
1899,1289,white,60+0,c4 e6 Nc3 c6 d3 d5 cxd5 exd5 e3 Be6,10,
1272,1301,white,600+0,e4 e5 f4 Qh4+ g3 Qf6 Nf3 Nc6 Bc4 h6,10,
1647,1729,black,300+5,e4 c5 Bc4 e6 Nc3 a6 a4 Nc6 d3 Nf6,10,
1665,1688,black,900+0,Nf3 Nc6 Nc3 e5 e4 Bb4 Bb5 Nge7 Nd5 Nxd5,10,
1994,2081,black,30+0,e4 d5 exd5 Qxd5 Nc3 Qd8 Bc4 Nf6 Nge2 e6,10,
1908,1875,black,600+0,d4 b6 Nf3 Bb7 Nc3 e6 e4 Bb4 Bd3 Nf6,10,
1588,1557,white,60+0,e4 c5 f4 d5 exd5 Qxd5 Nc3 Qd6 d3 Bf5,10,90.0
1993,2042,black,300+0,e4 e6 d4 d5 Nd2 dxe4 Nxe4 Nf6 Nxf6+ Qxf6,10,
1575,1717,white,300+0,d4 e6 c4 b6 Nc3 Bb7 Nf3 Nc6 e4 Qe7,10,
1890,1729,black,180+0,d4 Nc6 Bf4 d6 e3 Bf5 a3 Nf6 c4 e5,10,
780,1110,draw,300+0,e4 e5 d4 Qf6 c3 Qh4 Qc2 Nf6 dxe5 Nxe4,10,
1796,1760,white,300+0,e4 c5 Nf3 d6 d4 cxd4 Nxd4 g6 Bd3 Bg7,10,
1708,1728,white,60+0,d4 d5 Bg5 Nc6 e3 Nf6 Bxf6 exf6 Nc3 Bf5,10,
1445,1380,white,300+0,e4 e5 Nf3 Nc6 d4 exd4 Nxd4 Bc5 Nxc6 bxc6,10,
1495,1640,black,480+0,g3 e6 Bg2 d5 b3 Nf6 Bb2 Be7 Nf3 h6,10,
1992,1968,white,180+2,e4 d6 d4 Nf6 Nd2 g6 Ngf3 Bg7 Bc4 O-O,10,
1744,2100,black,60+0,e4 c5 Nf3 e6 Nc3 Nf6 Bb5 a6 Be2 Nc6,10,65.38
1676,1658,black,180+0,e4 e5 d3 Nc6 g4 d5 f3 dxe4 fxe4 Qh4+,10,
1810,1405,white,300+0,e4 e5 Nf3 Nc6 Bc4 Nf6 d3 h6 O-O d6,10,1887.8
1786,1780,black,180+0,d4 g6 c4 Bg7 Nc3 d6 e3 Nd7 Bd3 e5,10,
2178,1820,white,300+0,d4 f5 Nc3 Nf6 Bg5 e6 e4 Be7 e5 Nd5,10,1660.02
2113,1618,white,180+0,d4 e6 Nf3 d6 c3 Qe7 Bg5 f6 Bf4 g5,10,
1840,1881,black,180+0,d4 g6 c4 Bg7 Nc3 d6 Nf3 Nf6 e4 O-O,10,
1973,1877,black,120+0,d4 c6 e4 d5 e5 c5 dxc5 Nc6 Nf3 Bg4,10,
1919,1862,white,180+0,d3 Nf6 g3 d5 Bg2 c5 f4 Nc6 Nf3 Bg4,10,6634.3
2204,2528,black,60+0,e4 g6 d4 Bg7 Nc3 c6 Nf3 d5 h3 Nh6,10,4184.96
2020,2032,white,60+0,e4 d5 exd5 e6 Nc3 Nf6 g3 exd5 Bg2 Be6,10,
1322,1590,black,60+0,e4 e5 Bc4 Nc6 d3 f5 Nc3 Nf6 Bg5 Be7,10,
1560,1830,black,900+15,d4 e6 Nf3 d5 Bf4 Bd6 Bxd6 Qxd6 e3 Nf6,10,
1919,1757,white,60+0,e4 c6 Nc3 d5 exd5 cxd5 d4 Nc6 Nf3 Bf5,10,
1468,1493,black,600+0,e4 e5 Nf3 Nc6 d4 exd4 Nxd4 Nxd4 Qxd4 b6,10,5664.3
1906,1801,white,300+5,d4 d5 Nf3 Bg4 c4 Bxf3 gxf3 Nf6 Nc3 dxc4,10,
1947,1935,draw,900+3,e4 e5 Nc3 Nc6 Bb5 Nf6 Nf3 d6 h3 Bd7,10,
1213,1282,white,600+0,e4 d5 d3 e5 d4 Nc6 exd5 Nxd4 Nf3 Qxd5,10,
1876,1863,black,600+0,d4 g6 Nf3 Bg7 Be3 c5 c3 cxd4 Bxd4 Nf6,10,
1872,1772,white,180+0,d4 d5 c4 e6 Nc3 Nf6 Bg5 Be7 e3 Nc6,10,
1486,1637,black,360+0,c3 e5 d4 exd4 Qxd4 Nc6 Qd1 Nf6 Bf4 d5,10,
1262,1312,black,300+5,e4 d6 Nf3 e5 Bc4 Nf6 Ng5 Be6 Bxe6 fxe6,10,
1419,1458,white,600+0,e4 e5 d4 exd4 Qxd4 Qf6 e5 Qf5 Bd3 Nc6,10,
1367,1356,black,300+0,b4 d5 Bb2 e6 e3 Bxb4 Bxg7 Nf6 Bxh8 Kd7,10,
1898,1761,white,30+0,e4 b6 d3 Bb7 e5 d5 Nf3 Nc6 d4 Qb8,10,
1490,1329,white,420+0,e4 e5 Nf3 Nc6 d4 exd4 Nxd4 Nxd4 Qxd4 Nf6,10,
1405,1332,black,120+1,d4 d5 Bf4 e6 Nf3 Nf6 h3 Bd6 Ne5 O-O,10,
1830,1945,white,600+0,e4 e5 Bc4 Nf6 Nf3 Nc6 Ng5 d5 exd5 Nxd5,10,
1547,1389,white,180+0,d4 e6 a3 b6 e4 Bb7 Bd3 d5 e5 Be7,10,
1606,1601,white,60+2,e4 e6 d4 d5 exd5 exd5 Nc3 Nf6 Nf3 Be6,10,
1832,2119,black,60+0,d4 e6 c4 d5 cxd5 exd5 Nc3 Nf6 Nf3 Be7,10,
1473,1236,white,180+2,d4 Nf6 Nf3 Nc6 Bf4 d5 e3 Bg4 Be2 e6,10,
2166,1977,white,60+0,f4 d6 e3 g6 d4 Bg7 Nf3 Nf6 Bd3 O-O,10,
1393,1420,black,120+2,d4 d5 c4 dxc4 Nc3 e6 a3 Nf6 e4 Be7,10,
1666,1937,white,60+0,g3 d6 Bg2 g6 f3 Bg7 d3 Nf6 c3 O-O,10,
1411,1576,black,60+0,d4 Nf6 c4 g6 Nc3 Bg7 e4 d6 Nf3 O-O,10,
2251,2595,black,60+0,d4 Nf6 c4 d5 cxd5 Nxd5 Nc3 Nxc3 bxc3 g6,10,
1278,1287,black,60+0,e4 e6 Nc3 d5 exd5 exd5 Nf3 Nf6 Bb5+ Bd7,10,374.1
1938,2166,white,60+0,e4 d5 Be2 dxe4 Nc3 Nf6 d3 exd3 Bxd3 e6,10,
2162,1507,white,60+0,e4 b6 Nc3 Bb7 d4 e6 f4 d6 e5 Nd7,10,
2205,1883,white,60+0,e4 d5 exd5 Qxd5 Nc3 Qd6 Nf3 c6 Be2 Bg4,10,
1443,1473,black,480+8,e4 b6 Nf3 Bb7 Nc3 g6 h3 Bg7 d4 h6,10,
1725,1734,white,180+0,e4 c5 d4 cxd4 Qxd4 e6 Nf3 Nc6 Qd1 Nge7,10,
1577,1613,white,180+0,d4 e6 e3 d5 a3 c5 c3 Nf6 Bd3 Nc6,10,
1629,1621,draw,420+0,e4 c5 Nf3 e6 d4 cxd4 Nxd4 Nc6 Nc3 a6,10,
1325,1229,black,180+0,b3 e5 Bb2 Nc6 Na3 d5 Qb1 Nf6 c4 d4,10,
1997,1764,white,180+0,e4 e5 Nf3 Nc6 d4 Bd6 d5 Nb8 c4 c5,10,
1794,1909,black,600+0,e4 e5 Nf3 Nc6 Nc3 Bc5 Bc4 Nf6 O-O O-O,10,
1614,1441,white,900+0,e4 e5 Nf3 d6 Bc4 h6 O-O Nf6 Nc3 a6,10,
2224,2247,white,180+0,d4 Nf6 Nf3 b6 Bg5 e6 Nbd2 Bb7 e4 c5,10,
2010,1657,black,60+0,e4 e6 d4 d5 Nc3 c5 Bb5+ Nc6 exd5 cxd4,10,4134.52
2044,1512,draw,60+0,e3 c5 d4 cxd4 exd4 d5 c3 Nc6 Nf3 Nf6,10,
1763,1736,white,180+0,e4 e5 Nf3 Nf6 Nc3 Nc6 Bc4 Bb4 O-O d6,10,28.43
1550,1724,black,600+0,d4 d5 Nc3 Bf5 Nf3 Nc6 e3 Nb4 Bd3 Bxd3,10,
1526,1505,white,120+0,d4 c6 e4 d5 Nc3 Nf6 e5 Ne4 Nxe4 dxe4,10,
1919,1758,white,30+0,c4 b6 Nc3 Bb7 d3 d6 e4 Nd7 g3 e5,10,
1476,1483,black,600+0,e4 e5 Nf3 Nc6 Bc4 Bc5 d4 exd4 Ng5 Ne5,10,
1574,1757,white,600+0,d4 Nf6 c4 c5 d5 b5 b3 e6 dxe6 fxe6,10,
1617,1837,draw,600+0,a4 d5 d4 Nc6 e3 e5 c4 Nf6 c5 e4,10,
1684,1570,white,300+0,e4 g6 Bc4 Bg7 Qf3 Nh6 d3 O-O c3 d6,10,
1977,2005,white,180+0,c3 c6 d4 d5 Bg5 Nd7 Nd2 Ngf6 e4 Nxe4,10,
1364,1609,black,30+0,e4 e6 Nf3 d5 exd5 Bb4 c3 Ba5 b4 Bb6,10,
1869,2073,white,300+0,e4 Nf6 d3 e5 Nf3 Nc6 Bg5 Be7 Nc3 h6,10,
1856,1679,black,180+0,e4 d5 exd5 Qxd5 Nc3 Qd8 Nf3 Bf5 Bc4 e6,10,
1774,1837,black,300+0,e4 c5 Bc4 Nc6 c3 d6 Qf3 Ne5 Qe2 Nxc4,10,
1030,1020,white,300+0,d4 Nc6 Nf3 Nf6 Bf4 h6 e3 g5 Bg3 Ne4,10,
1535,1557,white,180+0,e4 e5 Nf3 d6 Bc4 h6 c3 a6 d4 b5,10,
1755,1668,white,300+0,e4 e6 d4 d5 exd5 exd5 Nf3 Bd6 Be2 Ne7,10,
1519,1765,black,180+0,e3 d5 d4 c6 c4 Nf6 cxd5 cxd5 Nf3 e6,10,
2031,1773,white,480+11,e4 e6 d4 d5 Nc3 c5 Nf3 Nc6 Bb5 Qb6,10,
1949,2236,black,180+0,d4 Nf6 c4 e6 Nc3 Bb4 Bg5 c5 d5 h6,10,
1811,1701,draw,120+1,d4 d5 c4 e6 Nf3 Nf6 Bg5 Bb4+ Nc3 c6,10,
1808,1932,black,60+0,e4 c6 d4 d5 f3 dxe4 fxe4 g6 Nf3 Bg7,10,2047.33
1757,1721,white,30+0,g3 d6 Bg2 Bg4 d3 Bxe2 Qxe2 c6 Nf3 e6,10,
1968,1898,white,180+2,e4 c6 d4 d5 exd5 cxd5 c4 Nf6 Nc3 Nc6,10,
1995,2110,black,30+0,Nf3 e6 g3 d5 Bg2 Nf6 d3 Bd6 Nbd2 O-O,10,
1466,1229,white,300+0,e4 e5 Nf3 Nf6 Nc3 Bc5 d4 exd4 Nxd4 d6,10,
1248,1325,white,300+3,Nf3 d5 e4 dxe4 Ne5 Qd5 d4 Qa5+ Bd2 Qb6,10,
1724,1758,black,600+0,e4 e5 f4 exf4 Nf3 Nc6 Bc4 Bc5 d4 Bb6,10,
1751,1768,white,300+0,b3 e5 Bb2 Nc6 e4 Be7 Nf3 Bf6 Be2 d6,10,
1817,1950,white,300+2,e4 e5 Nf3 Nc6 Bb5 a6 Ba4 Nf6 O-O Be7,10,
1392,1380,white,300+0,e4 e5 Nc3 c5 Bc4 a6 Qh5 Qe7 Nd5 Qe6,10,
1464,1593,black,180+0,c4 Nf6 g3 e6 Nf3 c6 Bg2 d5 cxd5 cxd5,10,4978.78
1492,1815,black,300+0,e4 e5 Nf3 Nc6 Bc4 Nf6 d4 exd4 O-O d5,10,
2097,1973,black,30+0,g3 d5 Bg2 c6 Nf3 e6 O-O f6 e4 e5,10,
2110,2173,white,60+0,e4 Nc6 d4 e5 dxe5 Qe7 f4 Nxe5 fxe5 Qh4+,10,
1761,1662,black,120+0,d4 c5 d5 e6 c4 exd5 cxd5 d6 Nc3 Nf6,10,
1283,1136,white,300+0,e4 c5 Nf3 d6 Bb5+ Bd7 Bxd7+ Qxd7 O-O Nf6,10,
2000,1808,white,60+0,e4 e6 Nc3 d6 Nf3 c6 d4 d5 e5 c5,10,
1871,1914,black,180+0,e4 d5 e5 c5 d4 Nc6 Bb5 Bd7 Nf3 e6,10,
1472,1881,black,60+0,d4 Nf6 c4 c5 d5 b5 cxb5 a6 e3 axb5,10,
1958,2308,black,60+0,Nf3 Nf6 g3 g6 Bg2 Bg7 O-O O-O d3 d6,10,
1520,1582,black,2700+0,e4 e5 Nf3 d6 Bc4 Qf6 h3 Qg6 d3 Qxg2,10,
1961,2017,white,60+0,d4 d5 c4 e6 Nc3 f5 cxd5 exd5 g4 Nf6,10,
1947,2030,white,60+0,e3 g6 d4 Bg7 Nc3 Nf6 Nf3 O-O Be2 d6,10,
1384,1420,white,360+0,e3 Nf6 h3 Nc6 Nf3 d6 g3 e5 Bg2 e4,10,
1731,1398,white,60+0,Nf3 g6 c4 Bg7 Nc3 d6 d4 Nd7 Bg5 b6,10,
1703,1783,black,60+0,e4 e5 d4 exd4 c3 Nc6 Nf3 dxc3 Bc4 d6,10,
1781,1841,black,1200+0,e4 e5 Nf3 Nc6 Bc4 h6 d3 Bc5 O-O Nf6,10,
1961,1747,white,300+0,e4 b6 d4 Bb7 Bd3 g6 c4 Bg7 Be3 Nc6,10,
1851,2278,black,60+0,Nf3 Nf6 g3 g6 Bg2 Bg7 d3 O-O Nbd2 c6,10,
1565,1809,white,600+0,e4 e5 Bc4 Nf6 d3,5,
1565,1572,black,300+0,d4 d5 c4 Nc6 e3 e5 dxe5 dxc4 Qxd8+ Nxd8,10,
1905,1851,white,180+0,e4 e5 Nf3 Qf6 Bc4 Bc5 Nc3 c6 O-O d6,10,
1731,1101,white,180+3,e4 e5 Nf3 Bd6 Nc3 Nf6 Nb1 O-O d3 Bc5,10,
1186,1193,black,300+0,d4 d5 e3 Bf5 Bd3 Bg6 Nf3 Nc6 O-O Nb4,10,1699.7
1807,1771,black,180+2,e4 c5 d4 cxd4 c3 d3 Bxd3 g6 Nf3 Bg7,10,
1613,1780,white,120+2,d4 d5 c3 Nf6 Nf3 Bf5 h3 e6 g4 Bg6,10,
1243,1163,white,600+0,e4 e5 Nf3 Nf6 Nc3 c6 Bc4 d5 exd5 cxd5,10,
1835,1853,white,360+0,e4 c5 Nf3 Nc6 d4 cxd4 Nxd4 e5 Nxc6 bxc6,10,
1674,1854,black,300+0,e4 c5 Nf3 Nc6 d4 cxd4 Nxd4 e6 Nc3 a6,10,
1057,1120,white,600+0,g3 g5 d4 Bh6 h4 a5 hxg5 Bxg5 Bxg5 f6,10,
2063,1499,white,300+0,e4 c5 c3 Nc6 d4 e6 Nf3 cxd4 cxd4 h6,10,
1296,1245,white,600+0,e4 e5 Nf3 Nf6 Nxe5 Bc5 Qf3 Nc6 Nxc6 dxc6,10,
1459,1679,black,300+0,e4 e5 Nf3 Nc6 Bc4 Nf6 Ng5 d5 Bb3 h6,10,
1894,2091,black,300+0,d4 d5 c4 c6 Nf3 Nf6 Qc2 dxc4 Qxc4 Bf5,10,
1520,1578,black,600+0,d4 g6 f4 Bg7 e3 b6 Nf3 Bb7 c4 e6,10,
1914,1940,black,300+0,e4 c6 d4 d5 exd5 cxd5 c3 Nc6 Bd3 Nf6,10,
1795,1727,white,180+0,d4 e6 e3 b6 c3 Bb7 f4 Qh4+ Ke2 Nf6,10,
1887,1990,draw,60+0,d4 g6 c4 d5 Nf3 Bg7 Nc3 Nf6 Bf4 O-O,10,
1865,1888,black,180+0,e4 d6 c4 g6 Nc3 Bg7 Nge2 c5 g3 Bg4,10,
1704,1722,draw,180+0,d4 c6 e4 d5 e5 Bf5 Bf4 e6 Bd3 Bxd3,10,
1607,1349,white,300+0,e4 Nf6 e5 Nd5 d4 d6 c4 Nb6 Nf3 Nc6,10,
2003,2013,black,180+0,e4 Nf6 Nc3 d5 exd5 Nxd5 Bc4 Nb6 Bb3 c5,10,
1795,1842,black,300+0,e4 e6 d4 d5 e5 c5 c3 Nc6 Nf3 Qb6,10,
1977,1903,black,60+0,e4 c5 Nf3 d6 d4 cxd4 Nxd4 e6 Nc3 Nf6,10,
1939,1920,white,180+0,Nf3 Nc6 d4 d5 Bf4 f6 Nc3 e5 dxe5 fxe5,10,
2128,2241,white,180+0,Nf3 c5 g3 g6 Bg2 Bg7 O-O Nc6 d3 Nf6,10,
1531,1595,black,480+0,e4 Nc6 Bc4 e6 Qf3 a6 Nh3 f6 O-O Nd4,10,
1646,1653,black,900+0,e4 e5 Nf3 Nc6 Bc4 Nd4 Nxe5 Qg5 Bxf7+ Ke7,10,
2204,2116,white,180+0,c4 Nf6 Nc3 e6 g3 d5 cxd5 exd5 d4 c5,10,
2107,1880,white,30+0,d4 Nf6 c4 d6 Nc3 g6 e4 Nxe4 Be2 Nxc3,10,
1346,1127,black,300+1,e4 e5 Nf3 f6 d3 Ne7 Be2 d5 O-O d4,10,
1702,1597,white,300+4,d4 d5 Bg5 Nf6 e3 e6 Bd3 Nbd7 Nf3 Bd6,10,
1841,1818,black,180+0,e4 e6 Bc4 d5 exd5 exd5 Bb5+ c6 Qe2+ Qe7,10,
1491,1719,black,600+0,g3 Nc6 Bg2 d5 c4 d4 Bxc6+ bxc6 Nf3 c5,10,
1526,1698,white,120+0,e4 d5 exd5 Nf6 Nf3 Nxd5 Bc4 Nb6 Bb3 c5,10,
1817,1516,white,300+0,e4 e5 Nf3 Nc6 Bb5 d6 O-O a6 Ba4 b5,10,
1802,1748,white,60+0,e4 c6 Nf3 d5 exd5 cxd5 d4 Bf5 c3 Nf6,10,
1444,1411,black,60+0,e4 e5 Nf3 Nc6 Bc4 Nf6 Ng5 d5 exd5 Na5,10,
1072,1976,black,60+0,a3 c5 c3 b6 Ra2 Bb7 d3 g6 Nd2 Bg7,10,
1934,1547,white,60+0,e4 Nc6 Nf3 e5 Bc4 d6 d4 exd4 Ng5 Be6,10,
1550,1841,white,120+1,e4 e5 Nf3 Nc6 Bb5 a6 Bxc6 bxc6 O-O d6,10,2804.56
2315,2005,white,60+0,d4 d5 c4 c6 Nc3 dxc4 Bf4 Nf6 Bxb8 Rxb8,10,
1707,1769,black,60+0,e4 e5 Nf3 d5 exd5 Bd6 c3 f5 Bc4 Nf6,10,
1961,1743,white,60+0,g3 d5 Bg2 c6 Nf3 Nf6 O-O Bg4 d4 Bxf3,10,
2017,1878,white,180+0,d4 Nf6 Nf3 g6 c4 c5 Nc3 cxd4 Nxd4 Nc6,10,
1870,1832,white,180+0,d4 c5 e3 e6 Nf3 Nf6 c4 Nc6 Nc3 Be7,10,
2211,1923,white,180+0,d4 Nf6 Bg5 Ne4 Bf4 d5 Nd2 Nxd2 Qxd2 Bf5,10,
2267,2180,draw,30+0,d4 d5 Nf3 Nf6 c3 c5 Bf4 cxd4 cxd4 Nc6,10,
1566,1801,white,900+0,e4 e5 Nf3 Nc6 Bc4 h6 d4 exd4 Nxd4 Nf6,10,
1980,1982,black,180+0,d4 e6 c4 Ne7 Nc3 Ng6 e4 a6 Be2 Nh4,10,
1691,1743,white,0+1,e4 d5 exd5 Qxd5 Nf3 Qe6+ Be2 Nc6 O-O Bd7,10,
1266,1206,white,600+0,e4 d5 Nf3 Nf6 d4 dxe4 Ne5 e6 Nc3 Bd6,10,
1752,1654,white,1200+0,e4 e5 Bc4 Nf6 Nf3 Nc6 d3 Be7 O-O O-O,10,
1223,1171,white,300+0,e4 g6 Nf3 Bg7 d4 e5 dxe5 Ne7 Bg5 O-O,10,
1480,1499,white,300+0,e4 e5 Nf3 Nc6 Nc3 d6 d4 Bg4 Bb5 Bxf3,10,
1929,2058,black,30+0,g3 d5 Bg2 Nf6 c4 e6 cxd5 Nxd5 Nf3 Nf6,10,
1754,1608,white,180+1,e4 c6 e5 d5 exd6 Qxd6 Nf3 Bg4 Nc3 Nf6,10,
1514,1655,black,60+0,e4 d5 exd5 Qxd5 Nc3 Qa5 d4 Nf6 Nf3 Bg4,10,
1496,1553,white,300+0,e4 e5 Nf3 Nc6 Bc4 Nf6 Ng5 d5 exd5 Na5,10,
1904,1771,white,30+0,e4 e5 Nf3 Nc6 d4 exd4 Nxd4 Bc5 Be3 Nxd4,10,
2054,2078,white,60+0,d4 Nf6 c4 Nc6 Nf3 d6 d5 Nb8 Nc3 e5,10,58.27
1673,1724,white,60+0,d4 Nf6 e3 g6 Bd3 Bg7 Nd2 O-O f4 d5,10,
1313,1452,white,60+0,e4 e5 Nf3 Nc6 Bb5 Nf6 d3 Bc5 Nc3 d6,10,
869,1077,black,900+0,e4 e5 Nf3 Nc6 Nc3 Bb4 a3 Bxc3 dxc3 Nf6,10,
1616,1492,white,120+0,e4 e6 d4 d6 c4 Bd7 Nc3 c6 Nf3 Be7,10,
1504,1481,white,900+3,d4 d5 c4 c6 c5 b6 cxb6 axb6 Nc3 e6,10,
1505,1431,white,540+4,d4 d5 c4 c6 cxd5 Qxd5 Nc3 Qd6 e3 c5,10,
1500,1542,white,180+3,e4 e5 Nf3 Nc6 Bb5 Nd4 Nxd4 exd4 d3 Bc5,10,
1596,1759,black,600+0,d4 d5 Nf3 Nc6 g3 Nf6 Bg2 e6 b3 Be7,10,69.91
1630,1805,black,300+0,e4 e5 Nf3 Nc6 Bb5 a6 Ba4 d6 O-O Bg4,10,
1829,1752,black,60+1,e4 e5 d4 exd4 Nf3 Nc6 Bc4 d6 c3 dxc3,10,
2058,1975,black,300+0,e4 d6 Bc4 e5 c3 Nc6 d3 Nf6 Ne2 Be7,10,
1606,1347,black,300+0,c4 e5 Nf3 Nc6 Nc3 Bc5 Ng5 Qxg5 Nd5 Qd8,10,
1283,1284,black,300+0,e4 e5 a3 Nc6 b4 a6 g3 Nf6 d3 d6,10,
1462,1387,black,300+0,e4 e5 Bc4 d6 Nc3 c6 Nf3 b5 Bb3 Be7,10,
1876,1803,black,300+0,e4 e5 f4 d6 Nf3 Nc6 c3 Bg4 d3 Nge7,10,
1668,1930,black,300+0,e4 e5 Nf3 Nc6 Bb5 a6 Ba4 d6 c3 g6,10,
1585,1826,black,600+0,e4 e6 d4 d5 e5 c5 Nf3 Nc6 Bb5 Bd7,10,
1529,1520,white,180+0,d4 c6 c4 d5 cxd5 cxd5 Nc3 a6 Nf3 Bf5,10,
1521,1663,black,300+10,e4 e5 Bc4 Nc6 d3 Nf6 Nf3 Bc5 Ng5 O-O,10,
1432,1467,white,180+0,e4 e5 Bc4 Nf6 Nc3 a6 Nd5 Nc6 d3 Bc5,10,
1540,1537,white,180+0,e4 c5 Bc4 g6 e5 Bg7 Nf3 Nc6 Qe2 Qc7,10,
1884,1996,draw,180+0,e4 c5 b4 cxb4 d4 d5 e5 Nc6 Nf3 Bg4,10,
1472,1448,black,300+0,e4 d5 Nf3 d4 c3 c5 cxd4 cxd4 Bb5+ Bd7,10,
1549,1350,white,780+8,e4 e6 d4 Qh4 Bd3 Nf6 Nd2 Bb4 c3 Bd6,10,196.28
2074,1896,white,180+3,e4 c5 Nf3 d6 d4 b6 Bb5+ Bd7 Bxd7+ Nxd7,10,
1481,1393,black,300+0,e4 c5 c4 Nc6 Nf3 e5 d3 Be7 Be2 b5,10,
1352,1551,draw,600+15,d4 d5 Nf3 Nc6 Nc3 e5 Nxe5 Bf5 Nxc6 bxc6,10,
1938,1938,white,600+0,d4 c5 Nf3 cxd4 Nxd4 g6 c3 Bg7 g3 Nf6,10,
1639,1638,white,480+0,e4 g6 e5 Bg7 d4 Nh6 Nf3 Nf5 Bd3 d6,10,
1282,1329,black,600+0,d4 f5 e3 Nf6 b4 e6 Nc3 Bxb4 Rb1 Bxc3+,10,
1819,1764,white,600+0,e4 d5 exd5 Nf6 d4 e6 dxe6 Bxe6 Nf3 Bb4+,10,
1927,1984,white,180+0,d4 d5 Nc3 e6 e4 dxe4 Nxe4 c5 Be3 cxd4,10,
2088,2111,black,600+0,e4 Nc6 Nf3 d5 exd5 Qxd5 d4 Bg4 Be3 O-O-O,10,
1682,1622,white,300+10,e4 d5 exd5 c6 dxc6 Nxc6 Bb5 Qd5 Bxc6+ Qxc6,10,
1296,1578,black,600+3,d4 d5 Nc3 Nf6 Bg5 e6 Nf3 Be7 Bxf6 Bxf6,10,
1470,1429,black,600+0,d4 d5 c4 Nf6 Nc3 e6 e3 Bb4 Nf3 Nc6,10,
1557,1772,black,900+10,e4 e5 Nf3 Nc6 Bc4 Nf6 Nc3 d6 O-O Bg4,10,
1728,1405,white,900+0,e4 e5 Nf3 Nc6 Bc4 h6 c3 Nge7 d4 exd4,10,
1667,1968,black,60+0,b4 d5 Bb2 c6 c4 f6 e3 dxc4 Bxc4 e5,10,
2161,2174,draw,30+0,e4 g6 Nc3 Bg7 d4 e6 e5 Ne7 h4 d6,10,
1194,1243,white,300+3,d4 d5 c4 dxc4 e3 Nc6 Nc3 e5 d5 Nb4,10,
1831,1912,draw,60+0,e4 c5 f4 d6 Nf3 Nf6 Bc4 e6 e5 dxe5,10,
1664,1608,white,300+3,e4 e5 Nf3 Nc6 Bc4 Bc5 d3 d6 Ng5 Nh6,10,
1472,1397,black,60+0,c4 e5 Nc3 Nc6 g3 Nf6 Bg2 Bc5 e4 d6,10,
1520,1679,black,600+0,e4 c5 c3 e5 d4 cxd4 cxd4 exd4 Qxd4 Nc6,10,
1375,1457,black,300+0,e4 e5 Bc4 Qh4 d3 Bc5 g3 Qf6 Nf3 d6,10,
1887,1984,white,240+8,e4 d5 e5 c5 c4 e6 cxd5 exd5 Nc3 b6,10,177.13
2033,1959,black,180+0,b4 d5 Bb2 Nf6 e3 e6 b5 c6 a4 Be7,10,
1627,1555,white,240+0,e4 c5 Nf3 g6 Nc3 Bg7 Bc4 e6 O-O Ne7,10,
1562,1539,white,300+0,d4 d5 c4 dxc4 Nc3 Bd7 e4 b5 a4 b4,10,
1933,2157,white,60+0,e4 c5 c3 Nc6 d4 d5 exd5 Qxd5 Nf3 Bg4,10,
1799,1975,white,60+0,d4 Nf6 c4 e6 Nc3 Bb4 Qc2 Bxc3+ bxc3 O-O,10,3730.0
2160,2348,black,180+0,d4 Nf6 c4 e6 g3 d5 Bg2 dxc4 Nf3 Bb4+,10,
1568,1424,black,120+0,c4 Nf6 Nc3 d6 d3 Nc6 g3 Bf5 Bg2 e5,10,2483.44
2624,2631,black,60+0,d4 d5 c4 e6 Nc3 Nf6 cxd5 exd5 Bg5 Be7,10,2424.32
1343,1883,black,60+2,e4 e6 Nf3 c5 c4 Nc6 Nc3 Nf6 Be2 d5,10,
1656,1592,black,180+0,e4 e5 Nc3 d6 d4 Nc6 d5 Nb8 Bb5+ Bd7,10,
2098,1961,white,60+0,d4 c5 d5 e6 c4 exd5 cxd5 d6 Nc3 a6,10,
1963,1391,white,360+0,d4 h5 Bf4 g6 h3 a5 e3 e6 c3 b6,10,47.07
1752,1925,white,30+0,e4 e6 e5 d5 exd6 c5 g3 Nc6 Bg2 Bxd6,10,
1335,1382,draw,1200+0,e4 e5 Nf3 d6 Nc3 Bg4 Bc4 Bxf3 gxf3 Nc6,10,
2038,1767,white,60+0,c4 e6 Nc3 b6 g3 Bb7 Nf3 Bb4 Bg2 Bxc3,10,
1895,1846,white,180+0,e4 c5 Nc3 Nc6 g3 e6 Bg2 Nf6 Nge2 Be7,10,
1944,1914,black,240+0,d4 d5 Nf3 c6 c4 Bg4 Ne5 Bh5 g4 Bg6,10,88.53
1823,1746,white,120+0,e4 g6 Nf3 Bg7 d4 d6 Nc3 c6 Be3 Bg4,10,
1617,1725,black,300+2,e4 g5 h3 e6 Nf3 c6 Bc4 d5 exd5 exd5,10,
1760,1672,black,360+0,d4 d5 c4 c6 Nc3 Nf6 Bg5 Bf5 Bxf6 exf6,10,
1379,1411,white,900+0,e4 e5 d4 exd4 Qxd4 Nc6 Qe3 Nf6 c3 Qe7,10,
1761,1911,white,180+0,e4 e5 f4 exf4 Nf3 d5 exd5 Qxd5 Nc3 Qe6+,10,
2293,2583,white,180+0,Nf3 Nf6 d4 d5 c4 e6 Nc3 Bb4 Bf4 O-O,10,
1531,1630,black,1800+0,e4 e5 Nf3 Nc6 Nc3 Bc5 Bc4 Nf6 Qe2 d6,10,
1696,1984,black,30+0,e4 d6 d4 Nf6 Nf3 Bg4 Be2 Bxf3 Bxf3 e5,10,
1902,1792,black,30+0,d4 b6 c4 Bb7 Nc3 Bxg2 Bxg2 Nc6 d5 Ne5,10,
1601,1618,black,480+0,d4 d5 e3 Nc6 c4 dxc4 Bxc4 Nf6 a3 a6,10,
1912,1940,black,180+0,Nf3 Nf6 g3 c5 c4 Nc6 d4 b5 b3 cxd4,10,
1852,1695,white,180+2,e4 e5 f4 d5 exd5 e4 d3 Nf6 Nc3 exd3,10,
1697,1346,white,1200+30,e4 Nf6 e5 Nd5 Bc4 Nf4 g3 Ng2+ Kf1 Nc6,10,
1862,1871,white,120+0,c4 Nf6 Nc3 g6 e4 d6 d4 Bg7 Nf3 Nbd7,10,
1633,1865,black,120+0,e4 c6 Nf3 d5 exd5 cxd5 d4 Nc6 Bd3 Nf6,10,
1649,1687,white,1200+0,d4 d5 c4 c6 cxd5 cxd5 Nc3 Nf6 Bg5 e6,10,
1226,1239,white,360+0,f4 d5 d4 e6 e3 f5 Nf3 Nc6 b3 Nf6,10,
1642,1380,black,300+0,e4 e5 Nf3 Nc6 Bc4 h6 d4 exd4 Nxd4 Nge7,10,
1127,1314,draw,300+0,e4 e5 f4 Qh4+ g3 Qf6 Nf3 exf4 gxf4 Qxf4,10,
1437,1462,white,300+0,e4 e5 Bc4 Nc6 d3 Qf6 Nf3 h6 h3 Bc5,10,
1618,1527,white,300+0,e4 e5 Nf3 Nc6 Bc4 h6 d4 Nf6 d5 Na5,10,
1830,1986,white,300+0,e3 d5 d4 e6 a3 f5 c4 c6 c5 Nf6,10,
1945,1760,white,300+0,e4 e5 Bc4 Bc5 Nf3 Nf6 b4 Bxb4 c3 Be7,10,
1670,1679,white,600+0,e4 f6 Bc4 e6 d4 d6 Bd3 g6 h4 Nh6,10,
1860,1898,white,600+0,c4 e5 e3 Nc6 d4 exd4 exd4 Nf6 Bd3 Bb4+,10,
1758,1834,white,600+0,e4 e5 Nf3 Nc6 Bc4 Nf6 Nc3 Be7 O-O O-O,10,
1364,1340,white,180+2,d4 d5 Nf3 e6 e3 Bb4+ Nbd2 Be7 c4 Nf6,10,
1687,1654,black,300+0,e4 c5 c3 e5 Nf3 Nc6 Bb5 d6 d4 cxd4,10,
1580,1475,black,600+0,e4 e5 Bc4 c6 Qf3 Nf6 Nh3 h6 d3 d6,10,
1610,1559,white,300+0,e4 e5 Nf3 Nc6 Bc4 Nf6 Ng5 d5 exd5 Na5,10,
2217,2328,black,60+0,e4 d6 d4 Nf6 Nc3 e5 Be3 Ng4 Bc1 exd4,10,
1674,1741,white,300+0,e4 c5 Nf3 d6 d4 cxd4 Nxd4 Nf6 Nc3 a6,10,
1699,1749,black,60+0,d4 g6 Be3 Bg7 Qd2 e6 Nc3 e5 Nf3 e4,10,
1970,1968,white,180+1,e4 c5 Nf3 d6 d4 cxd4 Nxd4 Nf6 Nc3 a6,10,
1335,1232,white,840+0,d4 f5 e3 d5 Be2 a6 Bh5+ g6 Bf3 Bd7,10,
1504,1619,black,600+0,e4 e5 Nf3 Nc6 Bc4 Bc5 a3 Nf6 b4 Bb6,10,
1516,1575,white,300+2,e3 e5 Ne2 d5 g3 f5 Bg2 Nc6 b3 Qf6,10,
1745,1623,white,600+0,d4 f6 c4 Kf7 e4 e6 Nc3 c6 f4 d5,10,12524.5
1596,1594,black,120+3,d4 d5 Bg5 h6 Bh4 Nf6 e3 Bf5 c4 e6,10,
2019,2102,black,60+0,e4 d5 exd5 Nf6 c4 Bg4 Nc3 Bxd1 Kxd1 c6,10,
1930,2255,black,60+0,e4 c5 Nf3 Nc6 d4 cxd4 Nxd4 Nf6 Nxc6 bxc6,10,
1286,1582,black,60+0,d4 d5 c3 e6 Nf3 Nf6 e3 Bd6 Bd2 Bd7,10,89.31
2155,1689,white,60+0,e4 c5 Nf3 Nc6 d4 cxd4 Nxd4 e5 Nf3 Nf6,10,
1569,1522,white,60+0,Nh3 e6 g3 d6 Bg2 Be7 f4 Nc6 Nf2 Nf6,10,
1893,1871,draw,180+0,e4 g6 d4 Bg7 Be3 d6 Be2 Nd7 Nf3 Ngf6,10,
1988,2280,white,180+0,e4 d6 d4 Nf6 Nc3 g6 f4 Bg7 Nf3 O-O,10,
1374,1292,black,300+8,e4 d6 d4 Nf6 Nc3 g6 Bg5 Bg7 Bxf6 Bxf6,10,
1869,1898,black,300+0,d4 d5 Nf3 Bg4 g3 e6 Bg2 b6 O-O c5,10,
1465,1802,black,300+0,d4 Nf6 Bg5 e6 a3 Be7 Bxf6 Bxf6 e3 c5,10,
1398,1844,black,300+0,d4 Nf6 Nf3 c5 c3 g6 e3 cxd4 cxd4 Bg7,10,
1910,1931,white,300+0,d4 Nf6 Nf3 e6 Bg5 Be7 Nbd2 d5 e3 O-O,10,
1498,1831,black,300+0,e4 e5 Nf3 Nc6 Bc4 Bc5 c3 Nf6 d4 exd4,10,
1813,1846,black,600+0,e4 e6 f4 d5 e5 c5 Nf3 Nc6 c3 Nge7,10,
1657,1668,black,600+0,b4 e5 Bb2 Bxb4 Bxe5 Nf6 Nf3 d5 Bb2 O-O,10,
1853,2290,black,600+0,d4 Nf6 c4 e6 Nc3 Bb4 Qc2 Nc6 e3 e5,10,
1712,1288,white,60+0,e4 d5 exd5 Qxd5 Nf3 Bg4 Be2 Nf6 O-O Ne4,10,96.47
1839,1727,white,600+0,e4 g6 Nf3 Bg7 Nc3 c6 Be2 d5 d4 Nh6,10,
1249,1308,black,180+0,e4 c5 Nf3 Nc6 d4 e6 dxc5 Bxc5 Nc3 Qb6,10,
1986,2083,black,30+0,e3 Nf6 f3 g6 d3 Bg7 e4 O-O e5 Nd5,10,
1559,1593,draw,120+3,c4 e5 g3 d6 Bg2 Be7 d4 Nf6 Nh3 O-O,10,
1219,1384,black,420+2,e4 e5 Nf3 Nc6 g3 d5 exd5 Qxd5 Qe2 Nd4,10,7696.23
1684,1678,black,300+0,e4 e5 Bc4 Nc6 f4 exf4 Nf3 h6 d4 g5,10,
1696,1617,draw,300+1,d4 d5 c4 dxc4 Nc3 Nc6 e3 Bf5 Bxc4 Nf6,10,
1782,1375,black,600+0,e4 e5 f4 exf4 Nf3 Nc6 Bc4 Nf6 e5 Nxe5,10,3088.58
1622,1712,white,240+0,e4 e5 d4 exd4 c3 dxc3 Bc4 Nc6 Qb3 Qe7,10,
1525,1505,white,600+0,d4 d5 e3 Nc6 c4 Nf6 c5 e5 Nf3 Bg4,10,
1713,1691,white,300+0,e4 e5 Nf3 Nc6 Bc4 Bc5 Nc3 Nf6 O-O O-O,10,
1756,1880,black,180+0,d4 e6 g3 Nf6 Bg2 Be7 e4 O-O f3 d5,10,
1398,1261,black,600+0,d4 d5 e4 dxe4 d5 Nf6 Nc3 Nbd7 Bc4 Ne5,10,
1711,1929,white,180+0,d4 Nf6 e3 g6 Bd3 Bg7 Nf3 O-O h3 d5,10,
2375,2142,draw,300+5,c4 c5 Nf3 Nf6 Nc3 e6 g3 Be7 Bg2 O-O,10,
1399,993,white,60+5,c4 e5 Nc3 d6 e4 Be6 d4 Be7 dxe5 dxe5,10,
1067,1222,black,900+15,e4 e6 b3 Qh4 Nf3 Qxe4+ Qe2 Qxc2 Bb2 Qxb2,10,
1713,1766,black,30+0,h3 b6 g3 Bb7 f3 e6 Bg2 Nf6 Kf2 d5,10,
2073,2263,black,60+0,e4 f5 e5 e6 d4 c5 c3 Nc6 Nf3 cxd4,10,
1738,2125,black,480+0,e4 c5 Nf3 d6 Nc3 Nf6 Bc4 e6 d3 Be7,10,
1867,1998,white,60+0,e4 e6 f4 d5 e5 c5 d4 Nc6 Nf3 c4,10,
1352,1391,white,300+8,e4 c5 Nf3 d5 exd5 Qxd5 Nc3 Qd6 d4 b6,10,
1619,1381,white,600+0,d4 f5 d5 Nf6 f3 c6 d6 g6 Bg5 Bg7,10,
2232,1422,white,180+3,d4 e6 Nf3 d5 Bf4 Nf6 Nbd2 Nc6 e3 Bd6,10,
1841,1943,black,600+0,e4 e5 Nf3 Nc6 Bc4 Bc5 Nc3 Nf6 Nd5 d6,10,
1340,1591,black,600+0,e4 g6 d4 Bg7 Nf3 d6 Bc4 Nf6 Ng5 O-O,10,
1887,1621,black,180+0,d4 d5 c4 e6 Nc3 a6 Nf3 dxc4 a4 Bd7,10,
1840,1609,white,180+0,d4 Nf6 e3 g6 Bd3 Bg7 f4 O-O Nf3 d6,10,
1567,1376,black,300+0,e4 e5 Nf3 c5 Nc3 Nc6 Bb5 Nf6 Bxc6 dxc6,10,3818.44
1829,1772,white,180+0,e4 Nc6 Nf3 e5 Bb5 a6 Ba4 Nf6 O-O Bc5,10,
2097,1988,white,180+0,e4 c5 b4 b6 Nf3 d6 a3 Bb7 bxc5 bxc5,10,
1987,2052,draw,180+0,d4 d5 c4 Nf6 e3 c6 Nc3 a6 a3 Bg4,10,
1644,1931,draw,120+0,e4 e6 d4 d5 e5 c5 c3 Nc6 Nf3 Qb6,10,
2117,1987,white,30+0,e4 a5 Nc3 a4 d4 a3 f4 b6 Nf3 c6,10,
1604,1582,black,60+4,e4 d5 exd5 Qxd5 Nc3 Qd8 Nf3 e6 d3 c6,10,
1462,1639,black,180+0,e4 c5 f4 e6 Nf3 Nf6 Be2 Nxe4 d3 Nf6,10,3727.26
820,1169,black,300+0,Nf3 d5 Ng5 e5 g3 Qxg5,6,
1802,1815,white,180+0,e4 e5 Nf3 Nc6 Bc4 Be7 c3 Nf6 d4 d6,10,
1461,1475,white,180+0,e4 b6 Nc3 Ba6 Bxa6 Nxa6 Nf3 e6 d4 Bb4,10,
1663,1684,white,180+0,c4 e6 Nc3 c5 d4 cxd4 Qxd4 Nc6 Qd1 Nf6,10,
1898,1763,black,720+3,e4 d5 exd5 Qxd5 d4 Qa5+ Bd2 Qd5 c4 Qxd4,10,
1977,1686,white,60+0,g3 g6 Bg2 Bg7 e3 f5 Ne2 d6 d4 Be6,10,
1528,1645,white,300+0,e4 e5 Nf3 Nc6 Bb5 a6 Bxc6 dxc6 d3 Bd6,10,
2126,2086,white,180+0,c4 e6 Nf3 d5 cxd5 exd5 d4 Nf6 e3 Bd6,10,
1584,1681,black,600+10,e4 c5 Nf3 d6 Bc4 h6 d4 cxd4 Qxd4 Nc6,10,
1928,1828,white,60+0,e4 c5 c3 Nc6 d4 cxd4 cxd4 d5 e5 Qd6,10,
1847,1759,white,300+0,e4 d5 exd5 Qxd5 Nf3 Bg4 Be2 e6 Nc3 Qd8,10,
1652,1797,black,840+0,d4 d5 Bf4 a6 Nc3 e6 a3 c5 dxc5 Bxc5,10,
1860,1757,white,120+1,d4 g6 Nc3 Bg7 e4 d6 Be3 Nf6 f3 O-O,10,
1822,1731,black,180+2,e4 e5 Nf3 Nc6 Bb5 d6 O-O Bd7 c3 Nf6,10,
1991,2248,black,60+0,e4 c5 Nf3 e6 d4 cxd4 Nxd4 Nc6 Nc3 Qc7,10,
1253,1804,black,900+0,e4 e5 Qh5 Nc6 Bc4 Qf6 Bxf7+ Qxf7 Qxf7+ Kxf7,10,1808.07
2599,2163,white,60+0,e4 d5 Nc3 dxe4 Nxe4 e5 Nf3 Nf6 Nxf6+ Qxf6,10,
1459,1515,black,300+0,e4 c5 Qh5 d6 Bc4 e6 Nc3 Nf6 Qf3 a6,10,2062.43
1731,1703,white,0+1,e4 e5 d4 exd4 Qxd4 Nc6 Qe3 Nf6 Nc3 Ng4,10,
1989,1815,white,60+0,e4 e6 d4 d5 Nc3 e5 exd5 exd4 Qxd4 Nf6,10,
1507,1909,black,60+0,d4 e5 dxe5 Bc5 Nf3 d6 exd6 cxd6 Nc3 Nf6,10,
1514,1390,white,600+0,d4 d5 h3 Nf6 Nf3 Nc6 e3 Bf5 Bd3 Bxd3,10,
1779,1692,white,900+10,e4 e5 Nf3 Nc6 Bb5 Bc5 d3 Nf6 O-O O-O,10,
1736,1814,white,300+0,e4 e5 Nf3 Nf6 Nxe5 d6 Nf3 Nxe4 Be2 Be7,10,
1591,1647,black,300+0,e4 c5 Bc4 Nc6 d3 g6 Nc3 Bg7 Bd2 e6,10,85.64
1415,1973,white,600+0,g3 d6 Bg2 Nf6 b3 g6 Bb2 Bg7 e3 O-O,10,
1636,1791,black,60+0,d4 f5 e3 b6 Be2 Bb7 Nf3 e6 Bd2 Nf6,10,
1773,1835,black,120+0,d4 b6 e3 Bb7 Nf3 g6 Bd3 Bg7 O-O d6,10,
2103,2260,black,180+0,e4 e6 d4 d5 Nc3 Bb4 a3 Bxc3+ bxc3 dxe4,10,
1769,1764,white,180+0,e4 d5 exd5 Nf6 d4 c6 g3 cxd5 Bg2 Bg4,10,
1947,1877,black,600+0,e4 e5 Nf3 Nc6 Bc4 Bc5 c3 d6 h3 Nf6,10,
1784,1793,draw,180+0,d4 c6 c4 d6 Nc3 Nd7 Nf3 h6 Bf4 g5,10,
1641,1916,black,600+0,e4 e6 d4 d5 Nc3 dxe4 Nxe4 b6 Nf3 Bb7,10,
1642,1512,white,600+0,e3 d5 c3 e5 a4 Nc6 Be2 Nf6 d4 e4,10,
1593,1556,black,180+0,e4 e6 d4 d5 exd5 exd5 Nc3 Nf6 Nf3 Nbd7,10,
1764,1911,black,30+0,e4 e5 Nf3 Nc6 Nc3 d5 d4 dxe4 Nxe4 exd4,10,
1676,1778,black,600+0,e4 e5 Nf3 Nc6 Bb5 a6 Ba4 Nf6 O-O Be7,10,2454.9
1291,1268,white,600+0,e4 d5 e5 g6 d4 h5 Nc3 Bg4 Be2 Qd7,10,
1514,1282,white,600+5,e4 e5 Nf3 Nc6 Bc4 Nf6 Nc3 Bb4 O-O Bxc3,10,71.6
1870,1783,white,600+2,e4 e5 Nf3 d6 c4 c5 a3 Nc6 Bd3 Bd7,10,1958.46
1626,1496,white,0+4,g3 Nf6 Nf3 g6 Bg2 Bg7 O-O O-O d3 d5,10,
1704,1533,white,300+5,e4 e5 d4 d6 dxe5 dxe5 Qxd8+ Kxd8 Bd2 Bc5,10,6322.77
2105,2129,black,120+0,e4 d5 exd5 Qxd5 d4 Qd6 Nf3 Bf5 c4 e6,10,
2033,1981,white,300+5,d4 Nf6 Nf3 g6 Bf4 Bg7 h3 O-O e3 d6,10,56.71
1644,1904,black,180+0,c4 d5 e3 Nf6 d4 Nc6 Nc3 e5 Nf3 e4,10,
1345,1241,white,180+3,e4 e6 Nf3 d5 e5 c5 b4 cxb4 Bb2 Nc6,10,
1913,1613,white,180+0,d4 Nf6 e3 g6 Nd2 Bg7 a3 d6 b4 O-O,10,
1701,1992,black,180+0,d4 c6 c4 d5 Nc3 Nf6 Bg5 Nbd7 Nf3 e6,10,
1434,1776,white,180+0,e4 c5 Nf3 Nc6 Ng5 h6 Nxf7 Kxf7 Qf3+ Ke8,10,
1698,1679,black,420+0,d4 e6 Nf3 c5 c3 d5 Bg5 Nf6 e3 Nc6,10,1158.96
1730,1886,white,60+0,d4 Nf6 c4 e6 Nf3 Bb4+ Bd2 Bxd2+ Nbxd2 O-O,10,
2399,1900,white,60+0,d4 e6 Bf4 d5 e3 c5 Bd3 cxd4 exd4 Nf6,10,
1679,1831,black,60+0,e4 c6 Nf3 e6 d4 d5 e5 a6 c4 Ne7,10,
2001,2122,white,60+0,e4 Nf6 e5 Nd5 d4 d6 Bc4 Nb6 e6 Nxc4,10,
2032,1974,black,60+0,e4 e5 Nf3 Nc6 d4 exd4 Nxd4 Qh4 Nxc6 Qxe4+,10,
1675,1485,white,120+0,e4 d6 d4 c6 Nf3 Nd7 Be2 Qb6 a3 e5,10,
1816,2122,black,60+0,d4 c6 c4 d5 Nc3 Nf6 Nf3 Bg4 cxd5 cxd5,10,
1795,1934,black,300+8,e4 Nc6 d4 e5 Nf3 exd4 Nxd4 Nf6 Nc3 Nxd4,10,
2140,2097,draw,180+2,e4 e5 Bc4 Nc6 Nf3 Nf6 O-O Be7 d4 exd4,10,
1747,1500,black,600+0,e4 d5 exd5 Nf6 Nf3 e6 Nc3 exd5 d4 Bb4,10,3281.23
1720,1285,white,900+0,d4 d5 e4 Be6 e5 f6 Nf3 Nc6 Nh4 fxe5,10,
1137,1057,white,480+0,e4 e5 Nf3 Nc6 Bc4 h6 O-O d6 b3 Bg4,10,3857.41
1915,1916,black,60+0,e4 d5 exd5 Qxd5 Nc3 Qd8 Nf3 Nf6 Be2 Bf5,10,
1869,1825,white,300+0,e4 e5 Bc4 Nc6 Nf3 Nf6 O-O Bc5 c3 d6,10,
1737,1710,black,180+0,e4 c5 Nf3 d6 Bc4 e6 O-O Nc6 c3 a6,10,
2113,1809,white,30+0,d4 c5 c4 cxd4 Qxd4 Nc6 Qd1 e6 Nc3 Be7,10,
1740,1611,black,60+0,e4 c5 Nf3 b6 Bc4 a6 O-O e6 d4 Bb7,10,
1883,1969,black,180+0,e4 e5 d3 Nf6 f4 d6 f5 Nc6 g4 b6,10,
1327,1314,white,300+0,e4 e6 d4 d5 exd5 exd5 Nc3 Nf6 a3 Ne4,10,
1463,1344,white,180+2,e4 e5 d3 d5 exd5 Qxd5 Nc3 Qc6 Nf3 Bd6,10,
1593,1596,white,600+0,d4 Nf6 c4 c5 d5 d6 Nf3 a6 a4 g6,10,
1574,1363,white,600+0,d4 Nf6 Nc3 d5 g3 g6 Bg2 Bg7 Bg5 Bf5,10,
2291,2505,black,60+0,d4 d5 c4 e6 cxd5 exd5 Nc3 c6 Nf3 Be7,10,
1348,1193,black,480+0,e4 e5 Nc3 Nc6 Nf3 d6 h3 Nf6 Ng5 d5,10,
1335,1349,black,300+0,d4 Nc6 Nf3 Nf6 c4 d5 e3 Bg4 Nc3 dxc4,10,
2133,1901,black,60+0,d4 c5 e3 cxd4 Nf3 dxe3 fxe3 Nc6 Bd3 e6,10,
1717,1556,white,60+0,d4 e6 Nc3 d6 e4 Nd7 Be3 Ndf6 f4 Ne7,10,
1939,1800,white,60+0,g3 g6 Bg2 Bg7 Nf3 c6 c3 Nf6 d4 O-O,10,
2065,1922,white,30+0,e4 d5 exd5 Qd6 Nc3 Qd8 Nf3 Nf6 Bc4 a6,10,
2184,2265,white,30+0,e4 g6 Nc3 Bg7 d4 d5 e5 c5 Nf3 h5,10,
1735,1368,white,600+2,e4 e5 Bc4 Nf6 Nf3 Nc6 c3 Nxe4 O-O d5,10,
1719,1699,white,300+3,e4 d5 exd5 Qxd5 Nc3 Qa5 b4 Qxb4 Nb5 Qe4+,10,
1546,1585,black,600+0,Nf3 d5 c4 dxc4 Nc3 Nf6 a3 Nc6 Qa4 Be6,10,
1980,2124,black,30+0,Nf3 g5 g3 g4 Ng1 d6 h3 Nc6 hxg4 Bxg4,10,
1787,1959,black,120+2,d4 Nf6 Bf4 d6 e3 g6 Nf3 Bg7 Be2 O-O,10,
1735,1666,white,600+0,Nf3 d5 d4 Nc6 e3 Bg4 Nbd2 Nf6 h3 Bf5,10,
1974,1998,white,300+0,d4 d5 Nf3 c6 e3 Bf5 Nbd2 e6 c4 Nf6,10,
1159,1416,black,180+4,e4 e5 h4 Nc6 c3 Nf6 Qe2 Bc5 d3 d6,10,
1294,1545,white,300+0,e4 e5 Nf3 Nc6 Bc4 Bc5 Bxf7+ Kxf7 Nxe5+ Nxe5,10,
1247,1352,black,180+0,e4 e5 f3 Bc5 Bc4 Bxg1 d3 Bd4 c3 Bc5,10,
1641,1577,black,300+5,d4 e6 e4 Qe7 a3 Nf6 Nc3 b6 Nge2 Bb7,10,84.39
1417,1446,black,60+0,e4 b6 Nf3 Bb7 Nc3 d6 d4 e5 d5 Nd7,10,5316.5
1405,1424,black,900+0,e4 e5 Nf3 Nc6 Nc3 Nf6 Bb5 d6 Bxc6+ bxc6,10,
1826,1476,white,120+1,e4 e5 Nf3 Nc6 Bb5 d6 d4 exd4 Nxd4 Bd7,10,
1606,1232,white,60+2,b3 d5 Bb2 Nc6 e3 e5 Bb5 Bd6 f4 f6,10,
1731,1880,white,300+0,e4 c5 Nc3 a6 Nf3 b5 d3 Nc6 Be3 d6,10,
1503,1214,black,1200+0,Nf3 Nc6 Ng5 e5 Nxf7 Kxf7 e4 Nf6 Bc4+ d5,10,
1993,1877,white,180+0,c4 Nf6 Nc3 d6 Nf3 g6 g3 Bg7 Bg2 O-O,10,
2008,1989,white,300+0,e4 d5 exd5 Nf6 d4 Nxd5 Nf3 Bg4 h3 Bh5,10,
1667,1891,white,180+1,e4 e5 f4 exf4 Nf3 Be7 Bc4 Bh4+ Kf1 d5,10,
1966,2013,black,300+0,e4 e5 d4 exd4 c3 dxc3 Nxc3 Nc6 Bc4 Bb4,10,
1656,1435,black,300+2,e4 d5 Nf3 dxe4 Ng5 Nf6 Nc3 Bf5 Bc4 e6,10,
1198,1651,black,300+0,e4 e5 Nf3 Nc6 c3 Bc5 d4 exd4 cxd4 Bb6,10,
1879,1790,white,120+0,c3 d5 Qc2 c5 d3 Nc6 Nf3 Bf5 Bg5 h6,10,
1526,1713,black,180+0,e4 g6 Nf3 Bg7 d4 Nc6 c3 d6 Be2 Bg4,10,
1993,1613,white,600+0,e4 d6 d4 c6 Nc3 Nf6 Nf3 Bg4 Be2 d5,10,
1378,1718,black,600+0,e4 e5 Bc4 Nc6 b3 a6 Nf3 Nd4 Nxd4 exd4,10,
2007,1920,black,600+0,d4 d5 Nf3 c6 e3 e6 Be2 f5 O-O Nf6,10,
1909,1767,black,30+0,c4 c6 Nc3 b6 d3 Bb7 e4 d6 g3 e6,10,
1637,1557,white,120+1,e4 c6 d4 d5 e5 f6 exf6 Nxf6 Nf3 e6,10,
1472,1507,black,180+30,e4 e5 Nf3 Nc6 Bb5 Qf6 c3 a6 Ba4 b5,10,
1067,1663,black,60+0,b3 c5 Bb2 d5 g3 Nc6 Bg2 d4 Bxc6+ bxc6,10,
1971,2200,white,60+0,d4 e5 Nf3 e4 Ne5 d6 Nc4 d5 Ne3 f5,10,
1298,1267,white,60+0,e4 e5 Nc3 Nc6 Nf3 Nf6 d4 exd4 Nxd4 d5,10,2395.43
1976,1689,white,60+0,d4 d5 e3 Nc6 Bd3 e6 f4 Nf6 Nf3 Nd7,10,
1494,1487,white,840+0,b3 d5 Bb2 d4 g3 e5 Bg2 Nf6 e3 Ng4,10,
1599,1503,white,120+0,d4 Nf6 Nf3 e6 c4 b6 Nc3 Bb4 a3 Bxc3+,10,
2173,2162,black,30+0,g3 e5 Bg2 d5 d3 Nc6 e4 Nf6 exd5 Nxd5,10,
1820,1582,black,300+0,e4 e5 Nf3 Nc6 Bc4 d6 c3 Be6 Bxe6 fxe6,10,
1261,1066,black,300+8,e4 e5 Nf3 Nc6 Bc4 Nf6 Ng5 Qe7 Bxf7+ Kd8,10,
1718,1774,black,60+0,d4 d5 Bg5 f6 Bf4 e6 e3 Bd6 Bxd6 Qxd6,10,
1752,1802,black,300+0,e4 e6 d4 d5 e5 c5 c3 Qb6 Bd3 Nc6,10,60.77
1444,1442,black,300+0,d4 d5 e3 Nc6 c4 dxc4 Qa4 Bd7 Bxc4 e5,10,
1773,1583,white,300+0,e4 e5 Nf3 f5 exf5 Nf6 Bc4 d5 Bb3 Nc6,10,
1856,1714,black,600+0,d4 d5 Nf3 Nf6 h3 Nc6 Bf4 e6 e3 a6,10,
1869,1883,black,300+10,e4 e6 c3 d5 exd5 exd5 d4 Nf6 Nf3 Be7,10,
1512,1687,white,600+0,e4 c5 c3 d5 e5 e6 d4 Bd7 Nh3 cxd4,10,
1935,1754,black,600+0,c4 g6 d4 Bg7 Nc3 c5 Nf3 b6 e4 d6,10,
1300,1215,black,600+4,e4 c5 Qh5 Nf6 Qxc5 Nxe4 Qe5 d5 Bb5+ Nc6,10,3515.31
1918,1437,white,60+0,d4 d5 c4 c6 Nc3 Nf6 Nf3 Bg4 Bg5 e6,10,2055.5
1703,1568,white,300+0,d4 d5 b3 Nc6 Bb2 Nf6 g3 e6 Bg2 g6,10,
1269,1278,white,300+0,Nf3 d5 Nc3 d4 Na4 Bg4 c3 Bxf3 exf3 d3,10,
1693,1740,white,0+1,e4 d5 exd5 Qxd5 Nf3 Qe6+ Qe2 Nc6 Qxe6 Bxe6,10,
1483,1471,black,300+3,e4 c5 f4 Nc6 Nf3 d6 Bc4 Bg4 Bxf7+ Kxf7,10,
1457,1531,black,300+0,d4 f5 Nf3 e6 Bf4 Nf6 c4 d6 a4 Be7,10,
1948,1984,black,180+0,e4 e6 Nf3 d5 exd5 exd5 d4 Nf6 Bd3 Bd6,10,
1501,1544,black,480+0,e4 e5 Bc4 Qh4 Nc3 Bc5 g3 Qf6 Nf3 Nc6,10,
2533,2173,white,60+0,Nf3 c5 c4 d6 Nc3 e5 e3 f5 d4 e4,10,47.32
1990,1820,black,180+0,e4 e5 f4 Nc6 Nf3 d6 Bb5 Bd7 c3 exf4,10,
1891,1506,black,300+8,e4 e6 e5 d5 d4 c5 c3 Qb6 Nf3 Nc6,10,
1500,1407,black,900+0,e4 e5 Qh5 Nc6 Bc4 Qe7 Nf3 Nf6 Qf5 d6,10,
1388,1402,white,300+0,g3 e5 b3 d5 Bg2 Nf6 Bb2 c5 e3 Nc6,10,4343.98
1929,2066,white,60+0,e4 Nf6 Nc3 d5 e5 Ne4 d4 Bf5 Bd3 e6,10,
1594,1880,black,60+0,e4 e5 f4 d6 Nf3 Nc6 Bc4 Nf6 d3 h6,10,
1888,1808,white,120+0,e4 c5 Nf3 e6 d4 b6 d5 d6 c4 e5,10,
1668,1298,white,240+0,d4 Nf6 c4 g6 Nc3 Bg7 e4 d6 Bf4 O-O,10,
1678,1844,black,180+0,e4 e6 Nf3 Ne7 d4 Ng6 c4 d6 Nc3 Be7,10,
1996,1589,draw,480+0,e4 e5 Nf3 Nc6 Bc4 h6 d4 d6 dxe5 Nxe5,10,
1721,1723,black,300+1,e4 c5 Nf3 d6 d4 cxd4 Nxd4 Nf6 Nc3 a6,10,
1986,1993,draw,120+0,b3 d5 Bb2 c5 e3 Nc6 f4 Nf6 Nf3 Bg4,10,
1738,1611,white,300+0,e4 e5 f4 exf4 Nf3 d5 e5 Bg4 d4 Bxf3,10,
1989,1692,black,30+0,g3 e5 Bg2 d6 Nf3 Nc6 O-O Bg4 d3 f5,10,
1473,1442,white,300+0,d4 e6 e4 c5 d5 Nf6 Bg5 exd5 exd5 d6,10,
1506,1486,black,300+0,e4 Nc6 d4 e6 f4 d5 e5 a6 Nf3 g6,10,
1563,1482,white,600+5,e4 e5 d4 Nc6 Nf3 Bd6 dxe5 Bxe5 Nxe5 Nxe5,10,2482.67
2006,1982,white,300+0,e4 b6 c4 Bb7 Nc3 e5 Nge2 Nf6 d3 c6,10,
1476,1299,white,0+4,e4 e5 Nf3 d6 Bc4 f6 d4 Ne7 dxe5 fxe5,10,4621.83
1598,1507,white,300+0,e4 Nc6 Nf3 e5 Be2 Nf6 d3 d5 exd5 Nxd5,10,
1754,1985,black,30+0,d4 Nc6 c4 e6 Nc3 Nxd4 Qxd4 d6 Qd1 e5,10,69.7
2111,1613,white,600+0,e4 e6 Nf3 d6 d4 a6 Bd3 h6 O-O Ne7,10,
1470,1476,white,300+6,e4 e5 Nf3 Nc6 Bc4 Nf6 d3 g6 c3 Bg7,10,
1467,1554,black,900+15,e4 g6 Nh3 h6 Bc4 g5 Qf3 e6 d4 Nc6,10,
1602,1779,black,540+0,e4 e5 Nf3 Nc6 Bc4 h6 d4 exd4 Nxd4 d6,10,
1805,1888,black,30+0,Nf3 d5 d4 c5 Bg5 f6 Bf4 cxd4 Qxd4 e5,10,
1172,1161,black,300+0,e4 e5 Nf3 Nc6 Bb5 Nf6 d3 a6 Ba4 b5,10,2057.92
1797,1872,black,300+5,e4 c6 d4 d5 e5 Bf5 Bd3 Bxd3 Qxd3 Qa5+,10,
2001,1736,white,600+0,Nf3 Nc6 d4 d5 c4 Be6 Nc3 dxc4 e4 b5,10,
2052,1832,black,300+0,e4 d5 exd5 Nf6 Nc3 Nxd5 Nxd5 Qxd5 Nf3 Nc6,10,88.57
1741,1812,white,60+0,e4 e5 Nc3 Nc6 Nf3 d6 Bb5 Nf6 d4 a6,10,
1738,2158,black,60+0,e4 c6 d4 d5 e5 c5 Nf3 Nc6 Bb5 a6,10,
2280,2208,white,60+0,e4 c6 d4 d5 Nc3 dxe4 Nxe4 Nf6 Nxf6+ exf6,10,
1687,1583,white,60+0,e4 c5 Nc3 d6 Nf3 e6 d4 cxd4 Nxd4 Nf6,10,
1883,1574,white,60+0,d4 b6 Nf3 Bb7 c4 e6 Nc3 Nf6 Qc2 Bb4,10,
2103,1879,black,60+0,Nf3 d5 g3 c6 Bg2 Bg4 O-O Bxf3 Bxf3 e6,10,
1469,1445,white,60+0,d4 d5 c4 Nf6 cxd5 Nxd5 e4 Nf6 Nc3 e6,10,
1607,1951,black,120+2,e4 c5 Nf3 e6 Nc3 a6 d4 cxd4 Nxd4 Qc7,10,51.9
1673,1682,black,900+0,e4 e5 Nf3 Nc6 Bc4 Nf6 d4 exd4 O-O d6,10,
1829,1791,white,180+0,e4 g6 Bc4 Bg7 Nf3 e6 d4 Ne7 e5 d6,10,
2090,1979,white,30+0,d4 d6 c4 c6 Nc3 d5 e4 dxc4 d5 e6,10,
1674,1783,black,600+0,e4 e5 Nf3 d6 h3 Be7 d4 exd4 Nxd4 Nf6,10,
1954,2022,black,600+0,d4 e6 c4 f5 a3 Nf6 Nc3 Be7 e3 O-O,10,
2000,2021,draw,480+0,e4 e5 Bc4 Nf6 Nf3 Be7 Nxe5 O-O d3 d5,10,
1296,953,white,180+0,e4 d5 e5 e6 d4 Nc6 Nc3 Qd6 exd6,9,
1838,1923,white,180+0,Nf3 d5 e3 Nc6 d4 Bf5 Bd3 Bxd3 cxd3 e6,10,
1791,1696,black,60+0,e4 c5 Nf3 e6 d4 cxd4 Nxd4 Nf6 Nc3 Nc6,10,
1992,2136,white,180+0,d4 Nf6 c3 g6 Nd2 Bg7 e4 d6 Bc4 c6,10,
1986,1837,white,180+0,e4 d5 exd5 Nf6 d4 e6 dxe6 Bxe6 Nf3 Nc6,10,
1640,1598,black,60+0,e4 Nf6 e5 Nd5 d4 d6 c4 Nb6 f4 dxe5,10,
2082,1990,white,180+0,e4 c6 d4 d5 Nc3 e6 e5 c5 Nf3 cxd4,10,
1872,2005,white,600+0,d4 d5 Nf3 g6 c4 Bg7 Nc3 Nf6 e3 a6,10,189.01
2083,2216,white,180+0,e4 c5 Nc3 d6 Nf3 a6 d4 cxd4 Nxd4 Nf6,10,
1233,1341,black,300+0,e4 e5 Nf3 Nc6 d4 exd4 Nxd4 Nxd4 Qxd4 d6,10,
1474,1373,white,1800+0,e4 e5 Bc4 Nf6 d3 d6 Nf3 Bg4 h3 Bd7,10,
1404,1498,black,300+0,e4 e5 Bc4 c6 Nf3 d6 d4 Bg4 h3 Bxf3,10,
1349,1358,white,300+0,e4 e5 d3 Nc6 c3 Bc5 d4 exd4 cxd4 Bb6,10,
1757,1644,black,360+0,e4 e5 Nf3 d6 d4 exd4 Bc4 Be7 O-O Nf6,10,
1708,1602,white,120+0,d4 d6 c4 Nf6 Nc3 g6 e3 Bg7 Nf3 O-O,10,
1972,1782,white,180+2,d4 d5 Nf3 Nc6 c4 e6 Nc3 Bd7 cxd5 exd5,10,
2378,2258,draw,60+1,d4 e6 Nf3 c5 g3 cxd4 Bg2 Nc6 O-O e5,10,
1495,1536,black,120+0,d4 d5 c4 e6 Nc3 c5 e3 Nc6 Nf3 Qb6,10,
1589,1575,white,180+2,e4 c6 Nf3 d5 exd5 cxd5 d4 Bg4 h3 Bh5,10,
1763,2042,white,60+0,e3 Nf6 b3 g6 Bb2 Bg7 Nc3 O-O Be2 c5,10,
1702,1608,black,180+0,e4 c5 Nf3 Nc6 d4 cxd4 Nxd4 e6 c3 Bc5,10,
1754,1838,white,300+0,f4 f5 Nf3 Nf6 e3 e6 Be2 Be7 O-O O-O,10,
1712,1642,white,300+3,e4 c5 Nc3 d6 Bb5+ Bd7 Bxd7+ Nxd7 f4 g6,10,
2008,2140,white,300+0,e4 c5 Nc3 e5 f4 exf4 Nf3 Nc6 Bc4 Bd6,10,
1479,1525,black,360+0,c3 d5 d4 Nf6 Bf4 Nc6 e3 Bf5 h3 e6,10,
1801,1693,white,300+0,e4 e5 Nc3 Nc6 Bc4 Nf6 Nf3 Bc5 O-O d6,10,
1116,1322,white,180+3,e3 e5 Ne2 d5 d3 e4 d4 Bg4 Bd2 Nc6,10,
1644,1690,black,600+0,e4 e5 d3 Bc5 a3 d6 Nc3 a6 h3 h6,10,
1479,1520,black,600+0,e4 Nc6 d4 d5 exd5 Qxd5 Nc3 Qxd4 Nf3 Qxd1+,10,
1883,2064,white,180+0,c4 c6 Nc3 d5 cxd5 cxd5 d4 Nf6 g3 Nc6,10,
1683,1787,black,600+0,d4 d5 e3 Nf6 c4 dxc4 Bxc4 e6 Bd3 Be7,10,
989,1086,black,600+0,e4 e6 Nf3 d5 Nc3 d4 Bb5+ c6 Bxc6+ Nxc6,10,
1662,1507,white,60+0,c4 e5 Nc3 d6 g3 Nf6 Bg2 c6 Nf3 Be7,10,
1714,1845,black,180+2,e4 e5 Nf3 Nc6 Bc4 Bc5 Nc3 d6 O-O Be6,10,
1766,1751,white,300+0,e4 e5 Nf3 f5 exf5 Nc6 d3 d5 Be2 Bxf5,10,
2147,2219,black,180+0,d4 Nf6 Nf3 e6 Bg5 d5 Nbd2 Be7 e3 b6,10,
1718,1728,black,180+0,e4 e5 Nf3 Nc6 Bb5 Nd4 Nxd4 exd4 O-O c6,10,7763.92
1899,1862,white,300+0,d4 Nf6 c4 g6 Nc3 Bg7 g3 d6 Bg2 O-O,10,
1825,1168,white,240+0,d3 e6 e4 Nc6 Nc3 Nf6 Nf3 Bc5 Be2 e5,10,6931.91
1599,1618,white,300+0,e4 e5 Bc4 Nc6 Qf3 Qf6 c3 h6 Na3 a6,10,
1764,1783,black,60+0,Nf3 d5 e4 dxe4 Ng5 Nc6 Nxe4 e5 Nbc3 Nf6,10,
2021,1794,white,60+0,e4 e6 Nf3 d5 exd5 exd5 d4 c6 Be3 Bd6,10,
1524,1967,white,60+0,e4 c6 d4 d5 Nc3 dxe4 Nxe4 Nf6 Nxf6+ exf6,10,
2259,1849,white,60+0,e4 e6 Nc3 d5 d4 Nf6 e5 Nfd7 Nf3 Nb6,10,
1646,1603,black,900+0,e4 e5 Nf3 Nc6 Bb5 Qf6 c3 a6 Bc4 Bc5,10,
1629,1185,white,300+0,e4 e5 Nf3 d5 Nxe5 Qe7 d4 f6 Qh5+ g6,10,3303.41
1724,2256,black,60+0,Nf3 c5 c4 a6 g3 g6 Bg2 Bg7 O-O d6,10,
1482,1418,black,300+8,d4 d5 Nc3 Nf6 f3 Nc6 e4 dxe4 Bb5 exf3,10,
1460,1378,black,180+5,d4 d5 Bf4 f6 e3 g5 Bg3 h5 h3 h4,10,
1927,1734,white,60+0,e4 e6 d4 d5 exd5 exd5 Nf3 Nf6 Bd3 Bd6,10,
1878,1968,black,300+0,e4 e5 f4 d5 exd5 e4 d3 Qxd5 Nc3 Bb4,10,
1729,1587,black,420+0,d4 d5 c4 dxc4 Nc3 e6 e4 Bb4 Bxc4 Bxc3+,10,
1500,1552,white,60+0,d4 Nf6 c4 e6 Nc3 Bb4 Qc2 O-O Nf3 d5,10,1747.53
1457,1453,black,300+0,e4 e5 f4 f6 fxe5 fxe5 Qh5+ Ke7 Qxe5+ Kf7,10,
1663,1627,white,600+0,e4 e5 Nf3 Nc6 Bb5 d6 O-O Bd7 Re1 a6,10,
1738,1961,black,60+0,e4 c6 Nf3 g6 d4 Bg7 Nc3 d5 Be3 dxe4,10,
1485,1516,white,300+0,e4 d5 exd5 Nf6 Qf3 Nxd5 Bc4 Be6 d3 Nc6,10,
1809,1856,draw,300+0,e4 e6 d4 d5 e5 c5 c3 Nc6 Be3 Qb6,10,
1758,1705,black,30+0,e4 d5 Nf3 dxe4 Ng5 e3 dxe3 Bg4 f3 f6,10,
1829,1915,white,540+3,d4 c5 c3 Nf6 Bg5 Ne4 Bf4 cxd4 Qxd4 d5,10,
1465,1345,white,300+4,e4 c5 Nf3 a6 d4 cxd4 Nxd4 e6 Nc3 Qc7,10,
1781,1895,black,30+0,e4 e6 e5 d5 exd6 c5 g3 Bxd6 Bg2 Nf6,10,
2008,2033,white,60+0,g3 e6 Bg2 d5 Nf3 Nf6 O-O Bd6 d3 O-O,10,2806.53
2184,1693,white,480+0,e4 e5 Nf3 Bc5 Nxe5 Bxf2+ Kxf2 Nc6 Qh5 Nxe5,10,6320.7
1286,1470,black,120+0,e4 e6 d4 h6 Nf3 Bb4+ c3 Ba5 Bc4 d6,10,
1326,1609,black,300+8,e4 c5 Nc3 e5 Bc4 d6 b3 Qe7 Nf3 Be6,10,
1707,1715,white,300+0,e4 e5 Nf3 Nc6 Bc4 Nf6 O-O d6 Re1 Bg4,10,
1778,1394,white,60+0,e4 g6 d4 Bg7 c3 d6 Bd3 Nd7 f3 b6,10,5733.81
1900,1905,black,300+0,e4 e5 d4 exd4 c3 d3 Bxd3 Nc6 c4 Bc5,10,
1913,1746,white,300+0,c4 Nf6 Nc3 g6 g3 Bg7 d4 O-O e4 d6,10,
2000,2026,black,300+0,e4 c5 Nf3 Nc6 d4 cxd4 Nxd4 Nf6 Nc3 d6,10,
1485,1921,black,300+0,e4 d6 Nc3 g6 Nf3 Bg7 d4 Nf6 Bg5 h6,10,
1518,1875,black,300+0,e4 d5 exd5 Qxd5 Nc3 Qd6 Nf3 Nf6 Nb5 Qb6,10,
1818,1643,black,120+2,d4 e6 e4 d5 Nc3 dxe4 f3 Nf6 fxe4 Nxe4,10,179.2
1660,1695,black,180+2,f4 e5 e4 Nc6 Nf3 exf4 Bc4 g5 O-O Bg7,10,
1818,1673,white,300+0,b4 e5 Bb2 Bxb4 Bxe5 f6 Bb2 Ne7 e3 O-O,10,
1753,1613,draw,600+0,d4 d5 c4 dxc4 Nc3 c5 e3 cxd4 exd4 e5,10,
1664,1727,white,600+0,e4 e6 d4 d5 e5 g6 Nf3 Bg7 Bg5 Ne7,10,
1909,1746,white,300+0,e4 e5 Nf3 Nc6 Bb5 d6 d4 Bd7 dxe5 Nxe5,10,
1576,1583,white,300+0,e4 e5 Nf3 Nc6 Bc4 Bc5 d3 d6 h3 Na5,10,
1338,1341,white,600+3,e4 c5 Nf3 Nc6 Bc4 d6 O-O Bg4 Nc3 Nf6,10,5940.04
1828,1666,white,120+1,d4 g6 c4 Bg7 Nc3 d6 e4 Nf6 Be2 O-O,10,
1697,2096,black,60+0,e4 c5 Nf3 d6 d4 cxd4 Nxd4 Nf6 Nc3 a6,10,1493.57
1423,1686,black,60+0,d4 Nf6 Nf3 g6 Nc3 Bg7 e4 O-O e5 Ne8,10,
1821,2124,white,0+4,d3 d5 e4 dxe4 dxe4 Qxd1+ Kxd1 Nc6 c3 Bg4+,10,
1255,1592,black,480+4,e4 Nf6 c3 Nxe4 d4 d5 Nf3 e6 Ne5 Qf6,10,
1627,1624,draw,600+0,d4 d5 c4 dxc4 Nc3 Nf6 e3 e6 Bxc4 Bb4,10,
1845,1886,black,600+0,e4 c5 c3 e6 d4 cxd4 cxd4 d5 e5 Nc6,10,
1572,1266,draw,600+0,e4 d5 exd5 Qxd5 Nc3 Qe6+ Nge2 Nc6 d4 Nf6,10,
1153,1495,black,180+2,e4 e5 Nf3 Nc6 Bc4 Nf6 d4 d6 O-O h6,10,
1342,1304,black,300+0,e4 Nf6 Nc3 Nc6 Bc4 e6 Nf3 Bb4 O-O Bxc3,10,
1437,1872,black,600+0,e4 g6 Nf3 Bg7 e5 d6 d4 e6 Bb5+ Bd7,10,
2101,1917,white,600+0,e4 e5 Nf3 Nc6 Bb5 Bd6 O-O Nf6 Re1 O-O,10,
1964,1716,white,60+0,e4 d5 exd5 Bg4 f3 Bc8 c4 Nf6 d4 g6,10,
1324,1146,white,300+3,e4 e5 Nf3 Nc6 Bc4 Nf6 Ng5 d5 exd5 Nxd5,10,
1707,1710,white,60+0,e3 e5 c3 d5 d4 e4 c4 c6 c5 f5,10,
1226,816,white,300+0,e4 e5 c3 Nc6 d4 f6 dxe5 fxe5 g3 Nf6,10,
2061,2037,white,300+0,d4 Nf6 Nf3 g6 c4 Bg7 Nc3 O-O e4 d6,10,
1729,1706,white,0+1,e4 e5 d4 Nc6 d5 Nd4 Nc3 c5 dxc6 Nxc6,10,
2103,1812,black,60+0,d4 d5 c4 e5 Nc3 exd4 Qxd4 Nf6 Qxd5 Nxd5,10,2535.6
1734,1712,black,300+0,e4 c6 Nf3 d5 e5 Bg4 d4 c5 c3 e6,10,
1931,1836,white,600+0,e4 e5 Nf3 Nc6 Bc4 Bc5 c3 d6 d4 Bb6,10,253.68
1399,1506,black,300+3,e3 d5 Ne2 Bg4 f3 Bh5 b3 e6 Bb2 Qh4+,10,5374.0
1304,1326,white,120+0,e4 e5 f3 Nc6 Bb5 Bc5 d3 Nf6 c3 O-O,10,
1437,1358,white,60+0,d4 c5 Nf3 cxd4 Nxd4 Nf6 Nf3 Nc6 c4 e6,10,
1435,1357,black,600+8,e4 e5 Nf3 Nc6 c3 Bc5 d4 exd4 cxd4 Bb4+,10,
1901,1882,white,900+0,d4 Nf6 c4 d5 Nc3 g6 Nf3 Bg7 Bg5 dxc4,10,
1610,1496,white,120+0,d4 e6 c4 Bb4+ Bd2 Bxd2+ Qxd2 c6 Nc3 d6,10,
2251,2200,draw,30+0,Nf3 d5 g3 Nc6 Bg2 Nf6 d3 e5 c4 Bd6,10,
1758,1700,black,480+0,e4 e5 Qf3 Nf6 Bc4 Nc6 c3 Bc5 d3 h6,10,
1782,1839,black,180+0,e4 d5 exd5 Qxd5 d4 Qe6+ Be2 Qd7 Nf3 Qd8,10,
2237,2236,white,180+0,e4 c5 Nf3 d6 d4 cxd4 Nxd4 Nf6 Nc3 g6,10,
1714,1590,black,60+0,e4 g6 Nf3 Bg7 d4 d6 Nc3 Nc6 d5 Ne5,10,
1509,1765,black,360+2,e4 e6 d4 d5 e5 c5 c3 Qb6 Nf3 Nc6,10,
1594,1539,white,300+4,e4 d5 exd5 Nf6 d4 Bg4 Nf3 Qxd5 Be2 Nc6,10,8056.16
1345,1472,black,300+0,e4 d5 e5 e6 d4 a5 a4 Bd7 Nc3 Ne7,10,
1656,1729,black,600+0,e4 c5 Bc4 Nc6 Nf3 e6 Nc3 a6 d4 cxd4,10,61.03
1614,1634,white,300+0,e4 c5 Nf3 d6 h3 Nc6 a3 e5 Nc3 Be7,10,
1702,1830,black,600+0,d4 Nf6 c4 g6 Nc3 Bg7 e4 O-O e5 Ne8,10,
1582,1555,white,300+0,d4 d5 Nc3 e6 e4 Bb4 exd5 Bxc3+ bxc3 exd5,10,
2104,2161,black,60+0,Nf3 Nc6 g3 e5 Bg2 e4 Ng1 f5 e3 d5,10,
2002,1936,black,60+0,e4 d5 Nc3 d4 Nce2 c5 d3 Nc6 Nf3 e5,10,1789.4
1509,1279,white,120+1,d4 d5 c4 dxc4 e3 Nf6 Bxc4 Nc6 Nc3 e6,10,
1729,1784,black,300+0,c4 e5 Nc3 Bb4 Qb3 Bxc3 Qxc3 Nc6 d3 Nf6,10,
2645,2537,white,60+0,e4 c5 Nf3 e6 d4 cxd4 Nxd4 a6 Nc3 Qc7,10,33.15
1915,2073,black,30+0,g3 d5 Bg2 Nf6 c4 e6 cxd5 exd5 d4 Be7,10,
1357,1623,black,600+0,e4 e5 Nf3 d6 Be2 Nf6 O-O Nxe4 d4 Nd7,10,
2131,1973,white,30+0,e4 d6 Nc3 Nd7 d4 c5 f4 cxd4 Qxd4 Nb8,10,
2170,1834,white,60+0,f4 c6 e3 d5 d4 e5 Nf3 e4 Ne5 Nd7,10,
1712,1965,black,30+0,e4 d6 d4 Nf6 Nc3 Bg4 f3 Bd7 Bg5 e5,10,
1960,1830,white,180+0,e4 e6 Nf3 d5 exd5 exd5 d4 Bd6 Nc3 Ne7,10,
2138,2210,black,180+0,c4 e5 Nc3 c5 g3 Nc6 Bg2 d6 e3 f5,10,
1326,1588,black,180+0,e4 e5 d3 d6 Nc3 Nf6 Be2 Be7 Qd2 h6,10,
1798,1852,black,180+0,d4 Nf6 e3 d5 Bd3 c5 c3 Nc6 f4 Bg4,10,
1545,1956,black,60+0,d4 e6 e3 Be7 Nf3 d5 Bd3 f5 O-O Nf6,10,
1526,1553,black,180+2,d4 d5 c4 e6 Nc3 c6 e3 Nf6 cxd5 cxd5,10,
2068,1882,white,180+0,d4 Nf6 c4 d6 Nc3 Na6 e4 c5 d5 Nc7,10,
1688,1792,draw,180+0,e4 c5 Nf3 Nc6 d4 cxd4 Nxd4 e5 Nf3 d6,10,
1740,1805,black,120+3,e4 c5 Nf3 e6 d4 cxd4 Nxd4 Nc6 c4 d6,10,
1934,2216,black,180+0,d3 c5 g3 Nc6 Bg2 d6 f4 Bd7 Nf3 e5,10,5084.64
1311,1398,white,600+0,d4 Nf6 c4 h6 Nf3 d5 Nc3 dxc4 e4 Bg4,10,5978.28
1655,1687,white,900+0,e4 e5 Qh5 d6 Bc4 Qf6 Bd5 c6 Bb3 h6,10,
1702,1722,black,900+5,e4 e5 Nf3 Nc6 Bc4 h6 O-O Nf6 Re1 Bc5,10,
1625,1430,white,180+2,e4 c5 Nf3 e6 d4 cxd4 Nxd4 a6 c4 Qc7,10,
2319,2607,white,60+0,d4 e5 c4 exd4 e3 Nc6 exd4 d5 cxd5 Qxd5,10,5048.1
1341,1492,black,300+5,e4 e5 Nf3 Nc6 Bc4 h6 Nc3 Bc5 d3 a6,10,
1951,1768,black,300+0,d4 Nf6 c4 d5 cxd5 Nxd5 e4 Nb6 Nc3 e6,10,
1911,1866,white,180+2,d4 Nf6 c4 c5 Nf3 e6 Nc3 d5 Bg5 Be7,10,
1500,1366,white,1800+5,e4 d5 exd5 Qxd5 Nc3 Qa5 d4 e6 d5 exd5,10,
1780,1491,white,180+0,e4 c5 Qf3 Nc6 Bc4 Nf6 h3 e6 c3 Bd6,10,
1948,1909,white,60+0,e4 c5 Nc3 d6 f4 Nf6 Nf3 g6 Bb5+ Bd7,10,4706.06
1054,1084,white,900+0,d4 d5 e3 Nc6 Nf3 Nf6 Nc3 e6 Bd3 Bd7,10,
1499,1428,black,360+0,e4 c5 Nf3 d6 Bc4 Nc6 Ng5 e6 Nf3 a6,10,
1758,1691,white,60+0,d4 e5 c4 exd4 e3 Bb4+ Bd2 Bxd2+ Qxd2 dxe3,10,
1763,1497,white,900+15,e4 e5 Nf3 Nc6 Bb5 a6 Ba4 b5 Bb3 Na5,10,
1919,2051,white,180+0,e4 e5 Nf3 Nc6 d4 exd4 Bc4 Nf6 e5 d5,10,
1752,1690,white,360+0,e4 Nc6 Bc4 e5 d3 Bc5 Qh5 Qf6 Nf3 Nge7,10,
1345,1214,white,300+0,e4 e5 Nf3 Nc6 Bc4 Nf6 Ng5 d5 exd5 Nxd5,10,
1623,1627,black,300+0,e4 e6 d4 d5 exd5 exd5 Nf3 Bg4 Nc3 c6,10,
1359,1289,black,300+0,e4 e5 Nf3 Bd6 d4 exd4 Qxd4 Nf6 Bc4 O-O,10,
1687,1819,white,300+0,e4 e5 Nf3 Nc6 Bb5 a6 Ba4 Nf6 c3 Be7,10,
1432,1318,white,60+0,e4 e5 Nf3 Nc6 Bc4 Nf6 Ng5 d6 Nxf7 Qd7,10,
1585,1712,black,60+0,e4 e5 d4 Nc6 d5 Nd4 Be3 Bc5 c3 Nb3,10,
1548,1651,black,1800+0,e4 c5 Nf3 d6 d4 cxd4 Nxd4 Nf6 Nc3 g6,10,
1963,1954,black,60+0,d4 Nf6 c3 e5 e3 exd4 exd4 d5 Bd3 g6,10,
2261,2234,white,300+0,e4 c5 Nc3 d6 Nf3 Nc6 d4 cxd4 Nxd4 g6,10,
2176,2161,white,30+0,e4 c6 Nc3 d5 Nf3 dxe4 Nxe4 Nf6 Nxf6+ exf6,10,
1797,1805,white,30+0,d4 e6 e4 d6 d5 c5 Bg5 f6 Bh4 g5,10,
1364,1727,black,120+0,d4 g6 Bg5 Bg7 e3 Bf6 h4 Bxg5 hxg5 e6,10,
1779,1358,white,300+8,e4 Nf6 e5 Ne4 d3 Nxf2 Kxf2 e6 Qf3 Nc6,10,
2083,2042,white,240+2,c4 Nf6 g3 g6 Bg2 Bg7 Nc3 d6 e4 O-O,10,
1815,1720,white,600+0,e4 e5 Nf3 d6 Bc4 Nc6 a3 Nf6 d3 Bg4,10,
1519,1649,black,300+0,e4 g6 d4 Bg7 Be3 e6 Nc3 d5 e5 Nd7,10,
1682,2112,black,60+0,g3 e6 Bg2 d5 f3 Bd6 d3 Qe7 Be3 f6,10,
1648,1593,black,300+0,e4 e5 Nf3 Nc6 c3 Nf6 d4 exd4 cxd4 Bb4+,10,
1869,1996,white,60+0,e4 c5 Nf3 d6 d4 cxd4 Nxd4 Nf6 Nc3 g6,10,
1695,1841,white,180+0,d4 a5 e3 a4 a3 e6 Nf3 g6 Be2 b6,10,
2049,1871,black,300+0,e4 d6 Nf3 Bg4 d4 Nf6 Nc3 c6 Be2 e6,10,
1971,1898,white,60+0,e4 e6 d4 c5 c3 cxd4 cxd4 Nc6 Nf3 Nf6,10,
1857,1668,black,300+0,e3 e5 Nf3 Nc6 d3 d5 Be2 f5 c4 dxc4,10,
2016,1954,black,300+3,c4 g6 g3 Bg7 Bg2 c5 Nf3 Nc6 Nc3 e6,10,
2400,1981,white,60+0,d4 g6 Bf4 Bg7 Be5 f6 Bg3 d6 Nf3 e5,10,
1767,1955,black,60+0,e4 a6 Nf3 e6 d4 c5 c4 cxd4 Nxd4 Nf6,10,
1710,1765,white,180+0,e4 e6 d4 d5 Nd2 c5 c3 Nc6 Ngf3 Qb6,10,
1988,2601,black,60+0,d4 c5 c4 cxd4 e3 Nf6 exd4 Nc6 Nc3 d5,10,
1797,1628,draw,180+0,e4 e6 d4 d5 Nc3 Bb4 a3 Bxc3+ bxc3 c5,10,6787.09
1692,1907,black,180+0,d4 d5 c4 Nf6 Nc3 Bg4 Qb3 Qc8 Nxd5 Nxd5,10,
1968,1920,black,300+0,e4 c5 Nf3 e6 d4 cxd4 Nxd4 a6 Nc3 Qc7,10,
1665,1406,white,180+0,e4 e5 d3 d6 g4 Be7 h3 Bd7 c3 Bg5,10,
1589,1670,white,240+5,d4 Nf6 Nf3 e6 Bf4 c5 e3 Nc6 c3 d5,10,
1877,1765,white,180+0,d4 d5 Bf4 e6 e3 Nf6 Bd3 Be7 c3 Ne4,10,
1632,1682,black,300+0,e4 c5 Nf3 d6 d4 cxd4 Nxd4 Nf6 Nc3 e6,10,
1817,1818,black,300+0,d4 Nf6 c4 g6 Nc3 Bg7 e4 d6 f3 O-O,10,
1613,1585,white,180+2,e4 e5 Bc4 Nf6 d3 Bc5 h3 h6 a3 d6,10,
1896,1632,white,60+0,e4 c5 Nf3 d6 d4 cxd4 Nxd4 Nf6 Nc3 a6,10,
1544,1733,black,480+0,d4 g6 e4 Bg7 c4 d6 f4 Nf6 Nc3 O-O,10,
1513,1417,white,600+0,c3 e5 e3 d5 h3 Nf6 d4 exd4 cxd4 c5,10,
1718,1727,draw,300+0,e4 e5 Nf3 Nc6 Bb5 d6 h3 Bd7 O-O Nf6,10,
2012,2130,white,180+0,d4 d5 Nc3 Nf6 f3 Bf5 Bg5 e6 e4 dxe4,10,
1594,1570,white,480+0,d4 Nf6 e3 d5 c4 Nc6 Nc3 e5 dxe5 Nxe5,10,
993,1275,black,420+0,d4 Nf6 Nf3 g6 e3 Bg7 Bd3 O-O O-O d5,10,
1851,1888,black,180+3,e4 e5 Nf3 d6 Bb5+ c6 Bc4 Be7 Nc3 Nf6,10,
1203,1141,white,300+0,d4 Nc6 Bf4 e5 dxe5 Bc5 e6 fxe6 Nc3 Qf6,10,
1705,1684,white,180+2,d4 c5 d5 d6 h3 Nd7 Nf3 g6 Bd2 Ngf6,10,
1936,1927,white,600+0,e4 e5 f4 exf4 Nf3 d6 Bc4 Bg4 d4 Bxf3,10,
1929,1599,white,180+2,e4 c5 Nf3 Nc6 d4 e6 Nc3 cxd4 Nxd4 g5,10,
1398,1471,black,360+0,d4 g6 Bf4 Bg7 e3 e6 Bd3 Ne7 Nc3 d5,10,
1565,1627,black,60+2,Nf3 d5 g3 Nf6 Bg2 c5 d3 g6 Bg5 Bg7,10,
1916,1925,black,600+0,f4 d5 d4 Nc6 Nf3 Bf5 e3 h6 a3 e6,10,
1708,1778,black,60+0,e4 e5 d4 exd4 c3 dxc3 Nf3 d6 Bc4 Bg4,10,
1360,1160,white,300+0,e4 e5 Nf3 Nc6 Bb5 a6 Bxc6 dxc6 Nc3 Nf6,10,
1811,1753,black,600+0,d4 e6 e4 d5 Nd2 dxe4 Nxe4 Bd7 Nf3 Bc6,10,
1463,1433,black,600+5,e4 e5 Qh5 Qe7 d3 d6 Qf3 Nf6 h3 g6,10,
1840,1932,white,240+0,d4 Nf6 c4 e6 Bf4 Bb4+ Nc3 Ne4 Qb3 Bxc3+,10,1073.7
1477,1602,draw,300+5,d4 Nf6 c4 e6 Nc3 Bb4 Bg5 h6 Bf4 O-O,10,221.45
2112,2021,draw,60+0,Nf3 e6 d4 d5 Bg5 Nf6 Nc3 h6 Bxf6 Qxf6,10,
1249,1255,black,240+0,e4 d5 d3 dxe4 d4 e6 Nc3 Bb4 a3 Bxc3+,10,5870.38
1501,1510,white,300+0,e4 d6 Nf3 Nf6 Nc3 g6 h3 Bg7 d4 O-O,10,
1765,1817,white,60+1,e4 g6 d4 Bg7 Nf3 d5 exd5 c6 dxc6 Nxc6,10,
1743,1717,white,300+0,e4 c5 d4 cxd4 c3 dxc3 Nxc3 Nc6 Nf3 d6,10,
1918,2017,white,60+0,d4 d5 Bf4 Bf5 Nf3 Nf6 e3 h6 Bd3 Bg4,10,3529.71
2422,2278,black,300+8,e4 c5 Nf3 d6 c3 Nf6 Bc4 Nc6 Qe2 Bg4,10,
1439,1482,white,900+0,Nf3 d5 g3 Nf6 Bg2 Nc6 O-O e5 d3 e4,10,
1533,1542,white,300+0,e4 e5 d4 exd4 c3 dxc3 Bc4 cxb2 Bxb2 d6,10,
1809,2149,draw,60+0,e4 d5 exd5 Qxd5 Nc3 Qd8 Qe2 Nf6 d3 e6,10,
1912,1819,draw,60+0,e4 c5 d4 Nc6 Bc4 cxd4 Bxf7+ Kxf7 f4 e5,10,
985,1117,white,300+0,g4 g6 Bg2 Nh6 h3 g5 b3 Bg7 c3 d5,10,
1341,1201,black,120+1,e4 d5 exd5 Qxd5 Nc3 Qe6+ Qe2 Qg6 Qd3 Bf5,10,
1335,1913,black,300+8,e4 c5 Bc4 Nc6 Bxf7+ Kxf7 Nf3 e5 d3 h6,10,
1436,1937,black,60+0,e4 e6 d4 d5 exd5 exd5 Bd3 Nf6 c3 g6,10,
1691,1836,black,900+15,e4 c5 Nf3 Nc6 d4 cxd4 Nxd4 e5 Nxc6 bxc6,10,
1668,1736,black,60+0,e4 c6 d4 d5 Nc3 dxe4 Nxe4 Bf5 Ng3 Bg6,10,
2253,2027,black,60+0,d4 g6 e4 Bg7 Nc3 Nf6 Nf3 O-O Bd3 d6,10,
1257,1308,white,60+0,e4 e6 Nf3 d5 exd5 exd5 Nc3 Nf6 d4 Nc6,10,
1972,2098,black,30+0,e4 e5 f3 d5 d3 dxe4 fxe4 Nc6 Nf3 f5,10,
1511,2138,black,60+0,e4 c5 d3 d6 Nf3 Nc6 Be2 g6 Nc3 Bg7,10,
1504,1579,white,60+0,e4 e5 Nf3 d6 d4 Nd7 dxe5 dxe5 Nxe5 Nxe5,10,
1926,1834,white,600+0,d4 Nf6 Nf3 e6 c4 c5 d5 exd5 cxd5 d6,10,
1652,1740,black,600+0,c3 d5 d4 c5 Nf3 Nc6 Bf4 Nf6 Nbd2 e6,10,
1830,1806,white,600+0,e4 c5 Nf3 Nc6 c3 e5 Bb5 d6 O-O a6,10,
2007,1638,white,600+0,e4 e5 Bc4 Nf6 Nc3 Nc6 d3 Bb4 f4 Bxc3+,10,
1749,2117,black,30+0,d4 d6 c4 Nf6 Nc3 g6 e4 Bg7 f4 O-O,10,
1995,1947,black,780+1,c4 e5 Nc3 Nf6 Nf3 Nc6 e3 d5 d4 e4,10,1980.83
1704,1761,white,360+8,e4 e5 d3 h6 f4 Nc6 f5 Nf6 Nf3 d5,10,
1783,1795,white,180+2,e4 e5 Nf3 Nc6 Bb5 a6 Ba4 d6 O-O Be7,10,
1587,1676,black,600+2,d4 Nf6 e3 c6 Bd3 g6 h3 Bg7 Ne2 O-O,10,48.22
1731,1732,black,60+0,e4 e5 Nf3 Nc6 d4 Nf6 dxe5 Nxe4 Bd3 Nc5,10,
1987,2068,black,60+0,b3 e5 Bb2 d6 e3 f5 d4 e4 c4 Nf6,10,
1449,1538,black,300+5,g3 d5 Bg2 e5 d4 e4 c4 c6 cxd5 cxd5,10,
1473,1257,black,360+0,e4 e5 d4 Bd6 Nf3 Nf6 Bc4 O-O Bg5 Nc6,10,
1824,2006,white,300+0,d4 Nf6 c4 e6 Nc3 Bb4 f3 Bxc3+ bxc3 d6,10,
1415,1330,white,300+0,d4 d5 c4 e6 Nf3 Nf6 Nc3 Nc6 Bg5 Be7,10,
1439,1541,white,120+0,Nf3 Nf6 d4 g6 Nc3 Bg7 Bf4 d6 Nb5 O-O,10,
1702,1665,white,300+0,e4 g5 d4 f6 Nc3 h5 Be3 Nc6 Qd2 d6,10,
2274,2313,white,180+0,d4 Nf6 c4 d6 Nc3 c6 Nf3 Qc7 e3 Bg4,10,
1842,1736,white,180+0,e4 e5 Qf3 Nc6 c3 Nf6 Bc4 d6 d3 Bg4,10,
2003,1674,white,180+0,e4 e6 Nf3 d5 exd5 exd5 d4 Nf6 Bd3 Bd6,10,
1640,1722,draw,420+4,c4 h6 Nc3 c6 g3 b6 Bg2 Bb7 e3 d6,10,
1500,1708,black,540+1,d4 Nf6 Nf3 e6 d5 Nxd5 Na3 Nc6 h4 Be7,10,
2018,1817,black,300+0,e4 c5 Nf3 d6 d4 cxd4 Nxd4 Nf6 Nc3 a6,10,3855.27
2202,2249,black,30+0,e4 e5 d4 Nc6 d5 Nce7 f4 d6 fxe5 Ng6,10,
1486,1518,white,600+15,d4 d5 c4 e6 Nf3 Nf6 Bg5 h6 Bh4 g5,10,69.13
1466,1658,black,300+0,d4 d5 c4 c6 Nc3 g6 Nf3 Bg7 e3 Nf6,10,48.58
1695,1738,black,0+1,d4 d5 e3 Nc6 Nf3 Bg4 Be2 Bxf3 Bxf3 e5,10,
1340,1370,white,180+3,e4 e5 Nf3 Nc6 Bc4 h6 d3 Qe7 O-O a6,10,
1369,1718,black,180+0,e4 c5 Nf3 d6 d4 cxd4 Nxd4 Nf6 Nc3 e6,10,
1623,1723,black,60+0,a3 d5 c3 Nc6 b4 e5 b5 Nb8 d4 c6,10,
1558,1596,black,600+0,e4 e5 d4 exd4 Qxd4 Nc6 Qd1 Qe7 Nc3 d6,10,
2111,2273,black,180+0,d4 g6 c4 Bg7 Nc3 d6 e4 Nc6 Be2 e5,10,3692.41
1494,1448,black,300+0,d4 d5 Nf3 Bg4 g3 Bxf3 exf3 e6 Bg2 Nf6,10,
1440,1496,white,420+0,c4 d5 e3 e5 d4 e4 Ne2 Nf6 Nd2 Be6,10,1689.57
2268,2211,white,60+0,c4 Nf6 Nc3 e6 d3 d5 g3 c5 Bg2 Nc6,10,
1511,1391,black,420+0,e4 d5 exd5 Qxd5 d4 Qe4+ Ne2 Bf5 Nc3 Qxc2,10,
1093,1179,white,300+0,e4 e5 Nf3 Nf6 d4 Nxe4 dxe5 Bc5 Bg5 f6,10,
1214,1404,black,300+0,d4 d5 c4 dxc4 Qa4+ c6 Qxc4 Be6 Qb4 a5,10,
1864,1692,black,600+0,d4 d5 Nf3 Nf6 e3 g6 c4 Bg7 Nbd2 c6,10,
1615,1615,white,300+7,d4 d5 c4 dxc4 Nc3 Nc6 e3 Be6 Nf3 Bd5,10,
1520,1692,white,900+15,e4 c5 Nf3 d6 Nc3 a6 d4 cxd4 Nxd4 e5,10,4662.91
2040,2007,white,300+0,d4 c5 d5 b5 a4 Qa5+ Bd2 b4 Nf3 Nf6,10,
1590,1534,white,600+0,d4 d5 Nf3 f5 g3 e6 Bg2 c6 b3 g5,10,115.88
1484,1410,white,120+0,d3 e6 e3 d5 f3 c5 g3 Nc6 c3 Qb6,10,
1473,1518,black,600+0,e4 e5 Nf3 d6 Nc3 Nf6 d4 exd4 Qxd4 Nc6,10,
2000,1981,black,300+0,d4 e6 c4 Nf6 Nc3 Bb4 Qc2 O-O Nf3 Re8,10,
1859,1998,black,600+2,e4 e6 d4 d5 e5 c5 c3 cxd4 cxd4 Nc6,10,1978.59
1874,1722,white,300+0,e4 c5 Nf3 Nc6 Bc4 e5 c3 Nf6 d3 d6,10,
1941,1905,black,300+8,Nf3 d5 c4 d4 e3 c5 b4 b6 bxc5 bxc5,10,46.17
1621,2039,black,300+0,d4 Nf6 Nf3 d5 g3 g6 Bg2 Bg7 O-O O-O,10,
1987,1812,white,60+0,e4 c5 Nf3 e6 d4 cxd4 Nxd4 a6 Nc3 Qc7,10,
2126,2180,white,60+0,e4 d5 Nc3 dxe4 Nxe4 Nf6 Nxf6+ exf6 Nf3 Bd6,10,
1671,1481,white,60+0,e4 c5 Nf3 e6 d4 cxd4 Nxd4 Nf6 Nc3 Bb4,10,
1927,1990,white,60+0,e4 d6 d4 g6 f4 Bg7 Nf3 Nf6 Be2 Nxe4,10,
1903,1838,black,60+0,e4 e6 Nc3 c6 Nf3 d5 d4 a6 Bd3 b5,10,
1382,1180,white,600+10,e4 e5 Nf3 Nc6 Bb5 a6 Bxc6 dxc6 Nxe5 f6,10,6296.7
1549,1610,white,300+0,d4 Nf6 c4 e6 Nc3 Bb4 Bg5 O-O Qc2 h6,10,1901.73
1630,1725,black,60+0,d4 d5 e3 c6 Be2 Nf6 Nf3 Bf5 e4 dxe4,10,1914.04
1379,1561,black,300+8,e4 e5 d4 exd4 Qxd4 Nc6 Qc3 d6 Bb5 Bd7,10,45.27
1847,1718,white,300+0,e4 c5 Nf3 a6 d4 cxd4 Nxd4 Nf6 Nc3 e5,10,3121.94
1563,1432,white,60+0,d4 d5 c4 Nf6 Nc3 e6 cxd5 exd5 a3 Nc6,10,
1902,1774,white,30+0,c4 b6 Nc3 Bb7 d3 e6 e4 d6 g3 Nd7,10,
2044,1894,white,180+0,e4 c5 Nf3 d6 d4 cxd4 Nxd4 Nf6 Nc3 g6,10,
1729,1759,black,180+0,e4 e5 Nf3 Nc6 Bc4 f5 exf5 d5 Bb5 e4,10,
1960,2038,white,180+0,e4 c6 d4 d5 e5 Bf5 c3 e6 f4 c5,10,
2219,2064,white,180+10,e4 e5 Nf3 Nc6 Bc4 d6 d4 exd4 Nxd4 Bd7,10,
1967,2137,black,30+0,d4 Nf6 e3 e6 Nf3 d5 g3 Nbd7 Bg2 c5,10,
2511,2286,white,60+0,e4 c5 c3 g6 d4 cxd4 cxd4 Bg7 Nc3 Nf6,10,
1785,1860,white,600+0,e4 d5 exd5 Qxd5 Nc3 Qd6 Nf3 c6 d3 Nf6,10,
1424,1542,draw,600+0,d4 d5 Nf3 e6 e3 c5 c4 a6 b3 b5,10,
1403,1514,white,600+0,e4 g6 Nf3 d6 Bc4 e6 d3 Bg7 Bg5 f6,10,
1824,1799,black,360+0,Nf3 d5 d4 e6 Bf4 Nf6 e3 Be7 Bd3 O-O,10,1996.42
1637,1600,white,300+0,e4 e5 Nf3 d6 d4 exd4 Nxd4 c5 Nf5 Bxf5,10,
1276,1268,black,300+0,d4 d5 e3 e6 Bd3 a6 Nf3 Nf6 O-O Bd6,10,
1629,1745,black,300+0,e4 e5 Nf3 Nc6 Bc4 Nf6 d4 exd4 e5 Ne4,10,
1408,1493,black,300+0,d4 a5 Bg5 b5 e4 Bb7 d5 c6 dxc6 Bxc6,10,
1495,1570,black,300+0,e4 e5 Nf3 Nc6 d4 exd4 Nxd4 Bc5 Nxc6 bxc6,10,
1923,1727,black,300+0,e3 d5 e4 dxe4 Nc3 Bf5 Nge2 c6 Ng3 Bg6,10,
1348,1612,black,300+0,e4 e5 Nf3 Nc6 c3 Nf6 Bd3 Be7 h3 O-O,10,
1359,1316,white,480+8,d4 d5 c4 dxc4 e3 c3 bxc3 Nf6 c4 Nc6,10,
1503,1550,black,300+3,e4 e5 Nf3 Nf6 Nc3 Bc5 h3 d6 Bc4 O-O,10,
1816,1455,white,180+0,e4 e5 Nf3 Nc6 d3 Bc5 Be2 Nf6 O-O d6,10,
1191,1175,black,300+3,e4 e5 Nf3 Nf6 Nc3 Nc6 Bb5 Nd4 Nxd4 exd4,10,
1195,1423,black,300+0,d4 d5 c3 c6 e3 Bf5 Nd2 Nf6 Ngf3 Nbd7,10,
1675,1838,black,180+0,d4 d6 e3 Nd7 Nf3 g6 h3 Bg7 Bd3 e5,10,
2034,1649,white,180+0,e4 Nc6 Nc3 e6 Nf3 d5 e5 Bb4 d4 a6,10,
2052,1983,black,60+0,d4 e6 Nc3 d5 e4 Nf6 f3 Be7 e5 O-O,10,
1534,1641,white,900+5,d4 e5 dxe5 Bb4+ Nc3 d5 Qd4 Bf5 Qxb4 Bxc2,10,
2175,2088,draw,180+0,d4 e6 Nf3 d5 c3 c6 Bf4 f5 e3 Nf6,10,
1946,1944,white,60+0,Nf3 c5 d4 cxd4 Nxd4 Nf6 c3 g6 g3 Bg7,10,
1801,1836,black,300+5,e4 g6 d4 Bg7 c3 e6 Nf3 c6 h3 d5,10,
1569,1527,black,180+0,d4 c6 e4 d6 Nc3 Qc7 Nf3 Bg4 Be2 Nd7,10,
1410,1429,white,600+10,e4 e5 Qh5 d6 Bb5+ c6 Bc4 Nf6 Qxf7#,9,
1616,1637,white,900+0,e4 e5 Nf3 Nc6 Bc4 Bc5 d3 a6 Ng5 Bxf2+,10,
1580,1477,black,180+0,e4 e6 Nf3 d5 exd5 exd5 d4 Nf6 Nc3 Bb4,10,
1404,1420,black,180+0,e4 e5 Nc3 Nf6 Nf3 d6 d3 c6 a3 Nbd7,10,
2016,1726,white,180+0,c4 e5 Qc2 Nf6 Nc3 Bc5 e3 O-O Nf3 Nc6,10,
2142,1631,white,180+0,e4 c5 Nf3 d6 d4 cxd4 Nxd4 Nc6 Nc3 g6,10,35.38
1721,1874,black,180+0,e4 c5 Nf3 d6 d4 cxd4 Nxd4 e5 Nf3 Nf6,10,
1107,1391,black,900+15,Nc3 e5 e4 Qh4 Nf3 Qf6 h3 Bc5 Nd5 Qd6,10,
1155,1254,white,900+0,e4 Nf6 Nc3 d5 f3 dxe4 fxe4 Bg4 Be2 Bxe2,10,
1469,1443,white,300+0,e4 e5 Qf3 Nf6 Bc4 d5 exd5 Nxd5 Bxd5,9,
1942,1888,black,300+5,e4 c5 c3 Nf6 Nf3 Nxe4 d4 cxd4 cxd4 d5,10,
1883,1591,black,60+0,d4 f5 c4 Nf6 Nc3 g6 f4 Bg7 Nf3 O-O,10,
1969,1994,black,300+0,e4 e6 d4 d5 e5 c5 c3 Nc6 Nf3 Qb6,10,
2079,1909,white,30+0,e4 b6 Nc3 Bb7 Nf3 e6 d4 Be7 d5 c6,10,
1479,1489,white,300+0,d4 Nf6 c4 e6 Nf3 Bb4+ Nc3 Bxc3+ bxc3 b6,10,
2020,1783,white,60+0,c4 e6 Nc3 b6 g3 Bb7 Nf3 Bb4 Bg2 Bxc3,10,
1821,1691,black,300+8,e3 d6 b3 e5 Bb2 c6 h3 Nd7 Nf3 Be7,10,
1318,1326,black,600+0,e4 d6 f3 e6 c3 d5 exd5 Qxd5 d4 Nc6,10,
1316,1316,white,300+0,d4 f5 e3 b6 c4 c5 dxc5 bxc5 Qd5 e6,10,
1453,1637,white,300+0,d4 d5 Bf4 e6 e3 Nf6 a3 Bd6 Bg3 Bxg3,10,
1843,2146,white,120+0,b3 d5 Bb2 c5 g3 Nc6 Nf3 e5 Nxe5 Nf6,10,
1575,1780,black,300+4,e4 e6 Nf3 d5 exd5 exd5 d4 Bg4 Bd3 Nc6,10,
1562,1639,black,180+2,e4 e6 Nf3 d5 exd5 Qxd5 d4 Qd8 c4 c5,10,
1683,1933,black,60+0,f4 c5 d3 d6 b3 e5 Nf3 exf4 Bxf4 Nf6,10,
1944,2261,white,60+0,g3 d5 Bg2 c6 Nf3 Nf6 O-O Bf5 d4 h5,10,
1970,1707,white,30+0,g3 f5 Bg2 e5 Nf3 e4 Nd4 c5 Nxf5 Qf6,10,
1284,1532,black,180+0,e4 e6 Bc4 g6 d4 Bg7 c3 Nf6 Nd2 O-O,10,
1806,2035,black,60+0,Nf3 d6 d4 g6 Bg5 Bg7 e3 h6 Bh4 c6,10,
1745,1986,black,30+0,e4 b6 d4 Bb7 Nc3 e6 Bf4 Bb4 Nf3 Bxc3+,10,
1747,2199,black,60+0,d4 c6 c4 d5 Nf3 Nf6 Nc3 g6 e3 Bg7,10,
1618,1770,white,420+0,d4 d5 c3 e6 Nf3 c5 dxc5 Bxc5 e3 Nc6,10,2185.34
1887,1980,black,60+0,e4 c5 Nf3 Nc6 d4 cxd4 Nxd4 g6 Nxc6 bxc6,10,
2026,1685,white,60+0,e4 e5 Nf3 Nf6 d4 Nxe4 dxe5 d6 Bd3 Nc5,10,
2316,1174,white,60+0,e4 e5 Nf3 Nc6 Bb5 a6 Ba4 b5 Bb3 Nb4,10,
1881,1861,white,300+0,e4 c6 g3 d5 exd5 cxd5 Bg2 Nc6 Ne2 Nf6,10,
1435,1726,black,600+0,e3 e6 c4 Ne7 Nc3 d5 Nf3 g6 Be2 h6,10,
2289,1549,white,60+0,e4 c5 d4 cxd4 Nf3 Nc6 Nxd4 g6 c4 Bg7,10,
1847,1870,white,60+0,Nf3 d5 g3 c6 Bg2 h5 d3 Bg4 Nbd2 Nf6,10,
1927,1861,black,600+0,d4 d5 e3 c6 Bd3 Nf6 Nd2 Bg4 Ngf3 e6,10,
2140,1734,white,600+0,e4 c5 g3 d6 Bg2 Nc6 Ne2 e6 O-O Nf6,10,
1799,1459,white,180+5,e4 e6 d4 c5 Nf3 cxd4 Nxd4 Nc6 c3 Bc5,10,
2184,2178,white,60+2,d4 d5 c4 c6 e3 Nf6 Bd3 e6 Nf3 Nbd7,10,
2066,2123,white,60+0,d4 e5 dxe5 Nc6 Nf3 Bc5 Nc3 Nge7 Bg5 h6,10,
1500,1253,white,240+4,e4 b6 Nf3 Bb7 d3 f5 Nc3 fxe4 Nxe4 Bxe4,10,
1557,1840,black,600+0,e4 Nf6 d3 e5 Bg5 Be7 Bxf6 Bxf6 Nc3 c6,10,
1747,1623,black,120+0,d4 Nf6 c4 e6 Nc3 Bb4 e3 c5 Bd3 Nc6,10,
1682,1643,black,180+0,d4 e6 Bf4 d5 Nf3 c5 e3 Nc6 c3 f5,10,
2032,1968,white,300+2,e4 c5 Nf3 Nc6 d4 cxd4 Nxd4 Nf6 Nc3 d6,10,
1592,1522,white,1800+0,e4 e5 d4 Nc6 Nf3 Bd6 d5 Nce7 Nc3 c6,10,
2331,2365,white,180+0,e4 c6 d3 d5 Nd2 e5 Ngf3 Bg4 g3 dxe4,10,
1500,1482,white,180+2,e4 c5 Nf3 e6 Nc3 a6 Bc4 b5 Be2 Bb7,10,86.39
1645,1601,draw,300+0,d4 Nf6 c4 e6 Nf3 d5 g3 Bd7 Bg2 dxc4,10,
1874,1665,white,600+0,d4 g6 c4 Bg7 Nc3 e6 e4 Ne7 e5 d5,10,
1528,1451,white,300+0,d4 d5 c4 Nf6 Nf3 c6 Nc3 Qd6 Bg5 e5,10,
1566,1590,white,300+0,d4 e6 c4 d5 Nf3 Nf6 Bg5 Be7 Bxf6 Bxf6,10,
1288,1313,white,300+0,e4 e5 Nf3 d6 Bb5+ c6 Bc4 b5 Bd3 Bg4,10,
1902,1934,draw,300+0,e4 e6 d4 c6 d5 cxd5 exd5 Qa5+ Nc3 Bb4,10,
1207,1237,white,300+0,e4 e6 Nf3 Nc6 Bb5 Nge7 Nc3 a6 Ba4 d5,10,
1502,1240,white,420+7,e4 d5 exd5 Nf6 Bb5+ Bd7 Bc4 e6 dxe6 Bxe6,10,
1736,1841,white,300+0,e4 e5 Nf3 d6 Be2 Be7 O-O Nf6 Re1 O-O,10,
1289,1510,black,60+0,e4 e5 Nf3 Bc5 Bc4 Qe7 d3 Nc6 Nc3 a6,10,141.64
1555,1585,black,300+0,e4 e5 f4 exf4 Nf3 d6 d4 Bg4 Bxf4 Nc6,10,
1612,1422,white,900+0,d4 Nf6 Nd2 h6 e3 d5 Bd3 Bg4 f3 Bh5,10,
1881,1896,white,600+0,e4 c6 d4 d5 e5 Bf5 Nf3 Bg4 Be2 Bxf3,10,
1540,1579,white,300+8,d4 d5 c4 Nf6 e3 Bg4 f3 Bf5 cxd5 Qxd5,10,
1052,1449,black,300+0,e4 a5 Bc4 a4 Qf3 e6 d4 Qf6 Qh5 g6,10,
1398,1514,black,360+0,d4 e6 Nf3 d5 a3 c5 dxc5 Bxc5 b4 Bb6,10,
1501,1668,black,60+0,e4 d5 exd5 Qxd5 Nc3 Qa5 d4 Nf6 Nf3 Bg4,10,
1495,1332,black,300+3,e4 c5 Nf3 a6 d4 cxd4 Nxd4 g6 Nc3 Bg7,10,
2013,2125,white,600+5,e4 e5 Nf3 Nc6 Bb5 a6 Ba4 Nf6 O-O Be7,10,
1901,1813,white,60+0,e4 c5 d4 cxd4 Qxd4 Nc6 Qd1 g6 Bd3 Bg7,10,
2039,2086,draw,180+0,e4 e5 Nf3 Nc6 Nc3 Bc5 d3 d6 Be2 Nge7,10,
1616,1835,black,180+0,e4 d6 d3 g6 c3 Bg7 Nf3 c6 g3 Nf6,10,
2174,1798,black,600+15,d4 e6 c4 d5 Nf3 Ne7 Nc3 Nf5 e4 Nh4,10,41.57
1660,1239,white,600+3,Nf3 c5 e4 a6 d4 cxd4 Nxd4 Nc6 Nxc6 bxc6,10,92.42
1616,1626,white,600+0,f3 d5 Kf2 e5 e3 d4 Qe2 Bc5 c3 d3,10,
1608,1560,black,300+0,e4 Nc6 Bc4 e5 Qh5 Qe7 Nf3 Nf6 Qg5 d6,10,
1860,1873,black,120+0,d4 Nf6 Nc3 d5 f3 c5 Bg5 cxd4 Qxd4 Nc6,10,
1794,1808,white,30+0,e3 d6 d3 Bg4 Be2 Bxe2 Nxe2 Nf6 O-O Nc6,10,
2068,1881,white,180+0,e4 c6 d4 d5 e5 Bf5 Nf3 e6 Be2 Nd7,10,
1106,921,white,600+0,e4 e5 Qh5 g6 Qxe5+ Ne7 Qxh8 Nbc6 Qxh7,9,
1969,1751,white,600+0,e4 e5 Nf3 f6 Bc4 Nh6 O-O g6 d4 Bd6,10,
2057,1998,white,180+2,e4 c5 Nf3 d6 d4 cxd4 Nxd4 Nf6 Nc3 g6,10,
2150,2178,black,30+0,g3 d5 Bg2 Bh3 Nf3 Bxg2 Rg1 Bxf3 exf3 Nf6,10,
1599,1431,white,120+2,d4 d5 g3 Nf6 Nf3 Nc6 Bg2 e6 b3 Bb4+,10,
1747,1686,black,0+1,e4 e5 d4 exd4 Qxd4 Nc6 Qe3 Nf6 Nc3 d6,10,
1345,1391,black,120+1,e4 c5 d4 cxd4 Qxd4 a6 Qd1 d6 c3 Nc6,10,
1716,1818,white,30+0,d3 d5 Bg5 e5 Bxd8 Kxd8 e4 Ke8 exd5 Nf6,10,
1543,1880,black,180+0,e4 c5 Nf3 e6 d4 cxd4 Nxd4 a6 Nc3 Qc7,10,
1825,1857,black,420+10,e4 e5 Nf3 d6 d4 exd4 Nxd4 Nf6 Nc3 Be7,10,
1970,1887,white,300+0,d4 d5 e3 Nf6 f4 Ne4 Bd3 e6 Nf3 f6,10,
1974,2013,black,180+2,d4 Nf6 c4 g6 Nf3 Bg7 Nc3 d5 Bg5 Ne4,10,
1368,1352,white,300+0,d4 d5 c4 e6 e3 Nf6 cxd5 exd5 Nf3 Bd6,10,
1802,1779,black,300+0,Nf3 d5 g3 e6 Bg2 Nf6 O-O Be7 c4 c6,10,
1590,1780,white,120+0,e4 c5 c3 d5 d4 dxe4 f3 exf3 Nxf3 cxd4,10,
1773,1811,black,300+5,e4 e6 Nf3 d5 exd5 exd5 Qe2+ Be7 Nc3 d4,10,
1990,1900,white,60+0,e4 e6 Nc3 c6 Nf3 d5 d4 dxe4 Nxe4 Nf6,10,
1648,1710,black,60+0,d3 e6 d4 c5 d5 exd5 Qxd5 Nf6 Qd1 Nc6,10,
2109,2126,draw,180+2,e4 c5 Nf3 e6 d3 b6 Nbd2 Bb7 g3 d5,10,
1827,1639,white,120+0,e3 c5 d3 d5 h3 Nc6 g3 Nf6 Bg2 e5,10,
1676,1723,black,60+0,e4 c6 d4 d5 exd5 cxd5 c3 Nf6 Nf3 e6,10,
1831,2402,black,60+0,e4 c6 f4 d5 e5 c5 Nf3 Bg4 Bb5+ Nc6,10,
2019,2173,white,60+0,e3 c5 d4 cxd4 exd4 d5 f4 Nc6 Nf3 Bf5,10,
1996,2069,black,300+0,e4 c5 d4 cxd4 f4 e6 Bd3 g6 Nf3 Bg7,10,
1466,1442,white,300+5,d4 d5 c4 g6 Nc3 Bg7 e3 c6 cxd5 cxd5,10,
1243,1365,black,120+0,e4 c6 d3 d5 Bf4 f5 Bxb8 Rxb8 Qh5+ g6,10,
1837,2084,white,60+0,e4 c5 Nf3 d6 d4 cxd4 Nxd4 Nf6 Nc3 a6,10,
1577,1779,black,300+0,e4 e5 Nf3 Nc6 Bc4 Bc5 O-O Nf6 Re1 O-O,10,
2099,2062,white,180+0,e4 c5 a3 Nc6 b4 cxb4 axb4 Nxb4 c3 Nc6,10,87.2
1435,1656,black,600+0,e4 d5 d4 dxe4 Nc3 Nf6 d5 c6 dxc6 Nxc6,10,
1923,1653,white,120+0,e4 e5 Nf3 Nc6 d4 exd4 Nxd4 Bc5 Nxc6 bxc6,10,
1459,1706,white,300+8,d4 d5 c4 Nf6 Nc3 c6 Bf4 Na6 e3 h6,10,3884.19
2050,2314,black,900+0,e4 c5 f4 Nf6 e5 Nd5 d3 d6 c4 Nb4,10,
1952,2064,black,300+0,d4 Nf6 Nf3 e6 Bg5 h6 Bh4 Be7 Nc3 b6,10,
1498,1377,white,300+0,e4 e6 Bc4 d5 exd5 exd5 Bb3 c5 a3 Qb6,10,
1904,1840,white,300+0,e4 e6 Nf3 d5 exd5 exd5 d4 Nf6 h3 Bd6,10,
1660,1764,black,300+0,d4 e5 dxe5 d6 Nf3 Bg4 e3 Nc6 Be2 Qd7,10,
1453,1832,black,300+0,e4 Nf6 Nc3 d5 exd5 Nxd5 Nf3 Bg4 Nxd5 Qxd5,10,
2257,1699,white,60+0,d4 d5 c3 e6 Nf3 Nf6 g3 Bd6 Bg2 c5,10,8818.16
1047,1115,black,300+0,e4 e6 d4 d5 e5 c5 Nf3 Nc6 Bb5 Qb6,10,
2120,1746,white,30+0,d4 g6 c4 Bg7 Nc3 f6 e4 e6 f4 Ne7,10,63.81
1687,1748,black,300+0,e4 e6 f4 d5 exd5 exd5 Nf3 Nf6 d3 Bd6,10,
886,1152,black,360+2,e3 d5 Bb5+ c6 Bd3 c5 Bb5+ Bd7 Nc3 a6,10,
1100,1732,black,180+3,e4 e6 d3 c5 Nc3 a6 Nf3 Nc6 Bg5 Be7,10,
1885,1600,white,120+1,d4 Nf6 c4 g6 Nc3 d5 Nf3 Bg7 Bg5 c6,10,
1231,1374,black,300+0,e4 e5 c3 Bc5 d4 exd4 cxd4 Bb4+ Nd2 Bxd2+,10,
1968,1903,white,60+0,e4 d6 d4 Nf6 Nc3 g6 g3 Bg7 Bg2 c6,10,
1797,1711,white,60+0,f4 e6 b3 Nc6 Bb2 b6 e3 Bb7 Nf3 Nf6,10,
1715,1513,white,600+0,e4 e5 d4 exd4 c3 dxc3 Bc4 c2 Qxc2 Nc6,10,
1154,1128,white,600+0,e4 e5 f3 c5 c3 Nc6 Bc4 Nf6 Ne2 Na5,10,
1737,1832,black,120+0,e4 Nf6 e5 Nd5 c4 Nb6 Nc3 d6 exd6 exd6,10,
2096,2178,white,240+2,Nf3 d5 d4 Nf6 Bf4 c5 e3 Nc6 Nbd2 Qb6,10,
1923,1963,black,300+0,d4 d5 c4 c6 e3 Nf6 Nf3 Bg4 Nbd2 e6,10,
1173,946,white,180+0,e4 d5 Qf3 e6 exd5 exd5 c4 c6 cxd5 cxd5,10,2239.04
1899,1756,white,60+0,e4 e5 d4 exd4 c3 Nc6 cxd4 d5 e5 Bf5,10,
1291,1619,black,900+5,e4 d5 f3 dxe4 fxe4 e5 Bc4 Qh4+ g3 Qxe4+,10,
1781,1696,white,60+0,e4 c5 d4 cxd4 Bd3 Nc6 f4 e5 Nf3 d6,10,
1841,1487,white,600+7,d4 Nf6 Nc3 e6 e4 Nc6 e5 Bb4 exf6 Qxf6,10,
2335,2170,white,60+0,Nf3 e6 d3 Nc6 Nbd2 Nf6 e4 Be7 Qe2 d5,10,3947.32
1391,1575,black,60+0,Nf3 d5 h4 e5 d4 e4 Nfd2 Nc6 c4 dxc4,10,
2594,1789,white,60+0,d4 e6 Nf3 d5 c4 Nf6 Nc3 Be7 Bg5 c6,10,
1798,1609,white,60+0,d4 g6 c4 Bg7 Nc3 d6 Nf3 Nc6 Bg5 f6,10,
2259,2089,white,30+0,g3 Nf6 Bg2 e6 Nf3 d5 O-O Be7 d3 O-O,10,
1769,1669,white,120+10,d4 Nf6 c4 e6 Nc3 d6 Nf3 b6 Bg5 Be7,10,
1763,1681,white,120+1,e4 c5 f4 Nc6 Nf3 e6 Bb5 g6 Bxc6 bxc6,10,
1591,1628,black,480+0,d4 d5 e3 Nc6 c4 dxc4 Bxc4 e5 Nf3 e4,10,
1738,1828,black,600+0,e4 c5 Nf3 e6 d4 cxd4 Nxd4 Nc6 Bc4 Nge7,10,1331.99
1440,1572,white,-,e4 e5 Nf3 Nc6 c3 Nf6 d3 d5 exd5 Nxd5,10,
1771,1612,white,900+0,e4 e5 Nf3 Nc6 Bc4 Bc5 d3 d6 Be3 Bxe3,10,
1869,1616,white,180+0,e4 e5 Nf3 Qe7 Nc3 c6 d4 d6 dxe5 dxe5,10,
1747,1815,white,300+3,d4 d5 c4 e6 Nc3 Nf6 Nf3 Nbd7 Bf4 Be7,10,
1340,1541,black,480+0,e4 b6 Be2 Bb7 Nf3 d6 O-O h6 e5 dxe5,10,
1694,1754,black,180+0,e4 e6 d4 d5 exd5 exd5 c4 Nf6 Nc3 c6,10,89.67
1830,1868,black,180+0,d4 d5 c4 dxc4 Nc3 Nf6 e4 e6 Bxc4 Bb4,10,11148.63
1949,2001,white,1200+0,e4 d5 exd5 Nf6 Nf3 Bg4 Be2 Qxd5 Nc3 Qh5,10,
1197,1275,black,600+0,d4 Nf6 d5 d6 Bg5 Bf5 Nc3 Nbd7 e4 h6,10,
1931,1966,black,60+0,d4 Nf6 Bf4 e6 Nf3 d5 e3 Bd6 Bg5 h6,10,
1954,1604,white,120+2,e4 e5 Nf3 d6 d4 Bg4 dxe5 Bxf3 Qxf3 dxe5,10,
1499,1521,black,600+10,e4 e5 Nc3 Nf6 d4 Nc6 d5 Ne7 Bg5 Ng6,10,
1817,1707,white,180+0,d4 Nf6 c4 c6 Nc3 d6 Nf3 Bg4 e4 Qa5,10,
813,1106,white,300+0,d4 d5 h4 c6 a4 f6 Rh3 e5 Raa3 Nd7,10,
1309,1419,black,60+0,e4 e5 Nf3 Nc6 Bc4 d6 c3 Bg4 O-O h5,10,
2086,2055,black,60+1,Nf3 Nf6 d4 c5 g3 cxd4 Bg2 Nc6 Nxd4 g6,10,
1456,1506,white,300+0,e4 e5 d3 Nc6 g3 Nf6 Nf3 Bc5 Qe2 O-O,10,
1767,1909,black,30+0,e4 e6 e5 d5 exd6 c5 g3 Nc6 Bg2 Bxd6,10,
1587,1606,black,180+2,e4 e5 Nf3 Nc6 d4 exd4 Nxd4 Nge7 c3 d6,10,
1277,1254,black,300+0,e4 e5 Nf3 Nc6 Bb5 d6 Bxc6+ bxc6 Nc3 Nf6,10,3417.43
1690,1835,white,60+0,e4 e6 Nf3 Ne7 d4 Ng6 Bd3 Be7 O-O O-O,10,
1920,1619,white,120+9,c4 a6 Nc3 c6 e3 b5 cxb5 axb5 Nf3 e5,10,
2181,2147,black,180+0,d3 d5 g3 Nf6 Bg2 g6 Nf3 Bg7 O-O O-O,10,
1870,1694,white,900+0,d4 d5 Bg5 Nc6 e3 h6 Bh4 g5 Bg3 Nf6,10,
1475,1603,white,180+0,e4 d5 e5 e6 d4 b6 Nf3 Bb7 Nc3 Nd7,10,
1650,1774,white,240+0,d4 d5 c4 dxc4 Qa4+ Nc6 e3 e5 Ne2 Bd7,10,
1563,1534,white,600+0,e4 e5 Nf3 Nc6 Bc4 Nf6 Ng5 d5 exd5 Na5,10,
1610,1626,black,600+0,d4 Nf6 e3 e5 dxe5 Ne4 Bd3 d5 Bxe4 dxe4,10,
1848,1845,black,300+0,e4 e6 d4 d5 e5 a6 c3 c5 b3 b5,10,
1815,1723,black,300+0,d4 Nf6 Bg5 e6 e4 d5 e5 h6 exf6 hxg5,10,
1966,1953,black,60+0,e4 d6 d4 e5 dxe5 dxe5 Qxd8+ Kxd8 Nf3 f6,10,
1933,2010,black,600+0,d4 Nf6 e3 g6 f4 Bg7 Nf3 O-O c3 a6,10,
1476,1630,white,180+0,e4 Nf6 e5 Nd5 c4 Nb6 c5 Nc4 Bxc4 d6,10,
1573,1479,white,300+0,e4 d5 d4 dxe4 Nc3 f5 f3 Nf6 Bg5 Nbd7,10,
1556,1562,white,600+0,e4 c6 d4 d5 Nc3 Nf6 e5 Nfd7 Nf3 e6,10,
1542,2098,black,60+0,d4 Nf6 c3 c5 e4 cxd4 cxd4 Nxe4 f3 Nf6,10,
1334,1446,black,60+0,d4 e5 dxe5 Nc6 Nf3 f6 Nc3 fxe5 e4 Nf6,10,
1477,1457,black,45+10,Nf3 d5 e3 Nc6 c4 Nf6 Nc3 e6 cxd5 Nxd5,10,5554.6
1885,1866,white,300+5,e4 d5 exd5 Qxd5 Nc3 Qa5 d4 e5 Bc4 Nf6,10,
1212,1227,black,300+5,b3 e6 Bb2 Qh4 e4 Qxe4+ Qe2 Qxe2+ Bxe2 b6,10,
2143,1961,white,30+0,e4 d5 Nc3 c6 exd5 cxd5 d4 a6 Nf3 b5,10,
2044,2146,black,600+0,e4 c5 f4 e6 c4 Be7 Nf3 Nc6 Nc3 a6,10,
1891,1851,black,600+0,e4 e5 Nf3 Bc5 Bc4 Nf6 d3 Ng4 O-O O-O,10,
1317,1296,white,300+0,e4 c5 Bc4 Nc6 Nf3 Nf6 Nc3 e5 Ng5 Qc7,10,
1662,1870,white,600+0,d4 Nf6 c3 g6 h4 h5 e3 Bg7 Be2 d6,10,
1452,1433,white,300+0,e4 d5 exd5 Nf6 Nc3 Nxd5 Qf3 e6 Bc4 Nxc3,10,
1680,1958,white,60+0,g3 e6 Bg2 Be7 f3 c6 d3 d5 Be3 f5,10,
2002,2083,draw,60+0,e4 c5 Nf3 d6 d4 cxd4 Nxd4 Nf6 Nc3 a6,10,
2117,2027,white,480+0,e4 e6 d4 d5 exd5 exd5 c4 dxc4 Bxc4 Nf6,10,2384.58
1898,1956,white,60+0,d4 Nf6 Bf4 d5 e3 c6 Nd2 Bg4 Ngf3 e6,10,
1594,1910,black,180+0,e4 e5 Qf3 Nc6 Bc4 Qe7 Ne2 f5 exf5 Nf6,10,
1665,1451,white,240+4,e4 e5 Nf3 Qf6 c3 Bc5 d4 exd4 cxd4 Bb6,10,
1717,1819,black,60+0,e3 d5 c3 g6 d4 Bg7 f4 c5 Nf3 cxd4,10,
2602,2233,white,60+0,e4 c5 Nc3 e6 Nf3 Nc6 d4 cxd4 Nxd4 Qc7,10,
1700,1628,black,60+0,b3 d5 Bb2 c5 g3 Nc6 Bg2 Nf6 Nf3 e6,10,
2577,2053,white,60+0,Nh3 g6 g3 Bg7 Bg2 Nf6 O-O O-O f4 d5,10,
2655,1987,white,60+0,e4 e5 f4 Bc5 Qh5 d6 fxe5 g6 Qf3 dxe5,10,
2225,1993,white,180+0,Nf3 c5 g3 e6 Bg2 Nc6 c4 Nf6 d4 cxd4,10,
1932,1957,black,300+0,e4 c5 Nf3 Nc6 Bb5 Nf6 e5 Ng4 Bxc6 bxc6,10,
1334,1382,white,300+0,e4 d5 exd5 Qxd5 Nc3 Qa5 Nf3 Bg4 Bb5+ c6,10,
1502,1504,white,660+8,e4 e5 Nf3 Nc6 Bb5 Ke7 d3 Kd6 Bxc6 Kxc6,10,
1598,1655,black,300+0,e4 e5 Nf3 Nc6 c3 Nf6 Bb5 Nxe4 Bxc6 bxc6,10,
1565,1345,white,300+0,e4 e6 Nf3 d5 Nc3 c5 d3 d4 Ne2 e5,10,
1677,1583,black,300+0,c4 d5 cxd5 Qxd5 Nc3 Qa5 g3 Nf6 Bg2 c6,10,
1254,1190,black,600+0,e4 e5 Nf3 Bc5 Nxe5 Qh4 g3 Qxe4+ Qe2 Qxh1,10,
1755,1828,black,600+0,Nf3 Nf6 Nc3 c6 e4 d5 d3 d4 Ne2 c5,10,
1672,1850,black,180+0,e4 e6 Nf3 Ne7 d4 Ng6 Nc3 Be7 h4 O-O,10,
1636,1556,black,60+2,d4 d5 c4 e6 cxd5 exd5 Nc3 c6 Nf3 Nf6,10,
1787,1696,white,300+0,e4 e5 Nf3 Nc6 Bb5 f5 d3 fxe4 dxe4 Nf6,10,
1942,1865,white,180+2,Nf3 Nf6 g3 g6 Bg2 d6 O-O Bg7 d3 Nbd7,10,
1710,1730,white,180+2,e4 c5 Nf3 Nc6 d4 cxd4 Nxd4 d6 c4 g6,10,
1973,1697,white,180+0,e4 e5 f4 Nc6 Nf3 Bc5 c3 d6 d4 exd4,10,
1510,1695,black,60+0,e4 e6 d3 d5 exd5 exd5 Nc3 Nf6 Nf3 Bd6,10,
1903,2086,black,30+0,g3 d5 Bg2 Nf6 d4 e6 Bg5 c5 Bxf6 Qxf6,10,
1908,1928,black,180+0,e4 e6 Nf3 b6 d4 Bb7 Nc3 c5 dxc5 Bxc5,10,
1759,1789,white,300+6,e4 c5 Bc4 e6 e5 d5 exd6 Bxd6 Nf3 Nf6,10,
1433,1758,black,-,e4 e5 Nf3 d6 Bc4 Nf6 Nc3 Nc6 Nd5 Be6,10,
2024,1640,white,180+0,e4 Nf6 Nc3 d5 e5 Nfd7 d4 Nb6 f4 Bf5,10,
1835,1751,white,300+8,Nf3 Nf6 d4 d5 Bg5 Bf5 e3 e6 a3 c5,10,
1763,1763,black,180+2,e4 Nf6 e5 Nd5 c4 Nb6 Nc3 d6 Nf3 Nc6,10,
1777,1956,white,180+0,e4 c5 Nf3 d6 d4 cxd4 Nxd4 Nf6 Nc3 a6,10,
2478,2118,white,480+0,e4 e6 d4 d5 Nd2 Nf6 e5 Nfd7 Bd3 c5,10,1800.91
1736,1744,white,600+0,e4 e5 Nf3 d6 Bb5+ c6 Ba4 a5 Nc3 b5,10,
1806,1846,black,600+0,e4 e6 d4 c5 Nf3 cxd4 Nxd4 Qb6 Bc4 Bc5,10,
1656,1827,black,300+0,e4 e5 Bc4 Bc5 Bxf7+ Kxf7 Qe2 Nf6 Qc4+ d5,10,
1819,1976,white,180+0,e4 g6 d4 Bg7 Nf3 d6 Bd3 Bg4 h3 Bxf3,10,
1526,1769,white,300+0,e4 e5 Nf3 Nc6 Bc4 Bc5 Nc3 a6 d3 h6,10,
1797,1805,white,30+0,d4 c5 Bg5 cxd4 Nf3 d3 Qxd3 f6 Bh4 e6,10,
1820,1707,white,240+0,d4 Nf6 c4 e6 Nc3 d5 Nf3 Nc6 g3 Bd7,10,
1703,1975,black,30+0,e4 d6 Bc4 Nf6 Qf3 Bg4 Qg3 Bd7 Qf4 c6,10,2367.47
1910,1852,black,180+0,d4 c6 Nc3 d5 Bf4 Nf6 e3 e6 Nf3 Bd6,10,
1774,1692,white,600+0,d4 Nf6 h3 Nc6 a3 e5 d5 Ne7 Nc3 Nfxd5,10,
2525,2342,white,60+0,Nf3 d5 g3 c6 Bg2 Nf6 O-O Bf5 c4 e6,10,2072.56
1696,1990,white,300+2,e4 c5 Nf3 e6 d4 cxd4 Nxd4 a6 g3 Qc7,10,
1938,2038,black,60+0,e4 d5 e5 e6 d4 f6 f4 fxe5 fxe5 Nc6,10,
1719,1750,white,60+0,e4 e5 f4 d5 exd5 e4 d3 Nf6 dxe4 Nxe4,10,
1792,1791,white,180+2,Nf3 c5 c4 Nc6 d4 cxd4 Nxd4 e5 Nb5 a6,10,
1367,1376,black,240+1,e3 e5 d3 Nf6 g3 Bd6 Bg2 Nc6 Nf3 O-O,10,
1629,1702,draw,780+0,e4 c5 Nf3 g6 Bc4 e6 O-O Bg7 c3 a6,10,
1384,1890,black,60+0,Nf3 Nf6 h4 g6 d4 Bg7 Bg5 O-O Bxf6 Bxf6,10,
2354,2154,white,180+0,d4 Nf6 c4 c5 d5 e6 Nc3 exd5 cxd5 d6,10,
1637,1548,white,420+0,e4 e5 f4 exf4 Nf3 d5 exd5 Nf6 Bc4 Nxd5,10,
1991,1741,white,30+0,Nf3 Nc6 d3 b6 e3 Bb7 c3 d5 d4 e5,10,
1934,1664,white,300+0,e4 c5 Nc3 d6 f4 g6 Nf3 Bg7 Bc4 e6,10,
1360,1239,white,180+0,e4 c6 Bc4 d5 exd5 cxd5 Bb5+ Bd7 Bxd7+ Qxd7,10,
2152,2253,black,180+2,d4 c5 d5 e5 e4 d6 Nc3 f5 exf5 Bxf5,10,
1500,1550,white,600+0,e4 e5 Nf3 Nc6 Bc4 Nf6 Nc3 a6 d3 Bb4,10,
1619,1750,white,900+15,e4 e5 Qh5 Nc6 Bc4 g6 Qf3 Nf6 Ne2 Bc5,10,251.33
1720,1692,white,600+0,e4 e5 Nf3 Nc6 Bc4 h6 d4 exd4 Nxd4 Nxd4,10,
1581,1997,black,60+0,e4 d5 exd5 Qxd5 Nc3 Qd8 Nf3 c6 d4 Nf6,10,
1823,1968,white,180+0,e4 e5 d4 d5 dxe5 d4 f4 Nc6 Nf3 Bg4,10,
1548,1578,white,60+0,d4 d5 c4 e6 Nc3 Nf6 Nf3 Bb4 Bg5 Bxc3+,10,7195.0
1743,1787,white,180+0,e4 c5 Nf3 Nc6 a3 e6 Bc4 d5 exd5 exd5,10,
1767,1919,black,600+0,d4 d5 e3 e6 Bd3 Nf6 f4 c5 c3 Nc6,10,
2079,2265,black,30+0,g3 d5 Bg2 Bh3 Nf3 Bxg2 Rg1 Bxf3 exf3 e6,10,
1780,1777,white,420+0,e4 e5 Nf3 f5 exf5 e4 Qe2 Nf6 Nc3 d5,10,
1264,1019,white,240+4,e4 e5 Nf3 Bc5 Nxe5 f6 d4 fxe5 dxc5 Qf6,10,
1899,1786,white,300+0,d4 Nf6 c4 e5 dxe5 Ng4 Nf3 Nc6 Bf4 Qe7,10,
1654,1554,white,180+2,e4 c5 f4 d6 Nf3 Nc6 Be2 e6 O-O Nf6,10,
1707,1593,white,300+0,e4 c5 Ne2 Nc6 Ng3 e6 c3 Nf6 Bd3 g6,10,
1573,1621,black,420+0,g3 d5 Bg2 c6 Nf3 Nd7 d3 e5 Nfd2 Bd6,10,
1516,1366,white,300+8,e4 e5 Nf3 Nc6 Nc3 Nf6 a3 a6 Bd3 Bd6,10,
1936,2002,black,900+3,e4 e6 d4 d5 exd5 exd5 Nf3 Nf6 Bg5 Bd6,10,
1771,1765,black,360+2,e4 e5 Nf3 d6 h3 g6 c3 Bg7 d4 Nc6,10,
1256,1262,white,300+0,e4 e5 Nf3 d6 Bc4 Nf6 Nc3 b6 O-O Bb7,10,
1909,1521,white,60+0,e3 d5 Be2 Nc6 d4 e5 Nf3 e4 Nfd2 f6,10,
1315,1121,white,600+0,e4 Nf6 e5 Nd5 Bc4 Nf4 Qf3 Ng6 Qxf7#,9,
1804,1728,black,30+0,e4 d6 Nc3 Bg4 Qxg4 Qd7 Qd1 Qe6 d4 Qd7,10,
1164,1961,black,60+0,e4 a6 Nf3 e6 Bc4 c5 d4 d5 Nc3 dxc4,10,
2114,2160,white,60+0,d4 Nf6 Nf3 e6 Bg5 Be7 e3 b6 Bh4 Bb7,10,
1555,1762,black,60+0,e4 g6 d3 Bg7 Nd2 d6 Ngf3 Nf6 Be2 c5,10,
1822,1434,black,60+0,d4 d5 c4 c6 Nc3 Bf5 cxd5 cxd5 f3 e6,10,
2115,1565,white,60+0,e4 e6 Bc4 d5 exd5 exd5 Bd3 c6 Nf3 Nf6,10,
1409,1212,white,420+2,e3 e5 Qh5 d6 Bc4 Nf6 Qxf7#,7,
1601,1919,black,180+0,e4 c6 Nf3 d5 d4 dxe4 Nfd2 Nf6 c3 Bg4,10,
1274,1243,draw,120+1,e4 e5 Nf3 Nc6 Nc3 Nf6 Bb5 a6 Bxc6 dxc6,10,
1952,1642,white,480+0,e4 g6 Nf3 Bg7 d4 d6 h3 Nf6 Nc3 Nbd7,10,
1461,2075,black,180+0,e4 d5 exd5 Qxd5 d4 Qa5+ c3 c6 Nf3 Bg4,10,
1645,1601,black,180+2,d4 d5 Bf4 Bf5 Nf3 Nf6 e3 e6 Bd3 Bg6,10,
1763,1628,white,120+2,e4 d5 exd5 Qxd5 d4 h5 Nf3 Bg4 c4 Bxf3,10,
1460,1669,black,300+0,e4 d5 Nf3 dxe4 Ng5 Bf5 Nc3 Nf6 Bc4 e6,10,
1317,1240,white,180+0,c4 e6 Nc3 d5 e3 Nf6 Nf3 Bb4 Be2 Bxc3,10,
2077,2136,black,180+0,d4 Nf6 c4 c5 d5 d6 Nc3 e6 e4 exd5,10,
1740,1799,white,480+0,e4 e5 f4 Nc6 Nf3 d6 Bc4 Nf6 d3 Be7,10,
1584,1375,white,300+0,Nf3 b6 d4 Bb7 e3 Nf6 Nbd2 Nc6 Nc4 g6,10,
1621,1426,black,300+3,e4 e5 d4 f6 Nf3 Ne7 dxe5 d5 exf6 gxf6,10,
1587,1523,black,300+0,d4 d5 e3 e6 Nc3 Be7 Bd2 Bd7 f4 c6,10,
1442,1504,draw,300+0,e4 e5 Bc4 Nf6 d3 Bc5 h3 h6 Nf3 a6,10,
1897,1753,white,30+0,g3 e5 Bg2 Nc6 d4 Nf6 dxe5 Nxe5 Nf3 Nxf3+,10,
2097,2138,white,180+0,e4 c5 Nf3 g6 d4 cxd4 Nxd4 Nc6 Nc3 Bg7,10,
2267,2143,white,180+0,d4 Nf6 c4 e6 Nf3 d5 g3 b6 Bg2 Bb7,10,
1538,1534,white,600+0,e4 e5 Nf3 Nc6 Bc4 Bc5 d4 exd4 Ng5 Nh6,10,
1774,1969,white,600+0,d4 d5 Nf3 c5 g3 Nf6 Bg2 e6 b3 Nc6,10,
1982,2011,white,300+0,c4 c5 e3 e6 Nf3 Nc6 Nc3 d5 cxd5 exd5,10,
1938,1833,black,600+0,e4 e5 Nf3 Nf6 Nxe5 Qe7 Nf3 Nxe4 Be2 d5,10,
1545,1557,white,180+0,e4 c6 d3 d5 exd5 cxd5 Nf3 Bg4 Be2 Nc6,10,
1660,1649,black,600+0,d4 d5 h3 e6 a3 Be7 Nf3 f5 g3 Nd7,10,
1744,2122,white,30+0,d4 d6 c4 Nf6 Nc3 g6 e4 Bg7 f4 O-O,10,
1984,2030,white,1200+10,d4 Nf6 Bg5 Ne4 Bf4 c5 f3 Nf6 d5 d6,10,
1996,1096,white,180+0,b3 e6 Bb2 f6 d3 Bb4+ Nd2 Nc6 g3 Nh6,10,1170.59
1409,1396,white,1800+0,d4 a5 Bf4 e6 a3 h6 e3 Be7 Nd2 h5,10,1876.82
1463,1480,black,3600+30,d4 f5 c4 Nf6 Nc3 g6 Bf4 Bg7 Nf3 O-O,10,65.37
1920,1746,white,360+0,e4 e5 Nf3 Nc6 Bc4 Nf6 d3 h6 a3 Bc5,10,
1737,1638,black,300+5,e4 c5 Nf3 Nc6 Bb5 e5 Bxc6 dxc6 d3 Bd6,10,
1800,1897,white,120+0,e4 e6 d4 d5 exd5 exd5 Nf3 c5 c3 Nc6,10,
1950,1903,draw,180+0,g4 d5 Bg2 Bxg4 c4 c6 cxd5 cxd5 Qb3 Nf6,10,
1439,1435,white,600+0,e4 e5 d4 d5 dxe5 Be6 f3 a6 c4 d4,10,
1339,1479,black,420+7,d4 h6 Nf3 g5 h3 Nc6 b3 Bg7 Bb2 Nf6,10,52.47
2105,2156,white,30+0,g3 d6 Bg2 d5 Nf3 c6 O-O Nf6 e4 dxe4,10,
1505,1325,black,600+0,e4 e5 Nf3 Nc6 Nc3 Bb4 d4 exd4 Nxd4 Nf6,10,4740.23
1706,1729,black,600+0,e4 e6 Nf3 d5 exd5 exd5 d4 Nf6 Ne5 Bd6,10,
1534,1706,black,240+0,e4 e5 Qh5 Nc6 Bc4 Qf6 Nc3 g6 Qf3 Qxf3,10,
1776,1815,white,600+0,e4 e5 Nc3 Nc6 Nf3 a6 d4 exd4 Nxd4 Nxd4,10,
1632,1649,black,0+4,g3 d5 Bg2 c5 Nf3 Nc6 O-O e6 d3 Nge7,10,
1753,1720,black,300+0,d4 d5 Bf4 e6 e3 Nf6 Nf3 c5 c3 cxd4,10,
1592,1468,white,720+0,e4 e5 Nf3 Nc6 Bb5 Nd4 Nxd4 exd4 O-O a6,10,
1672,1327,black,600+0,d4 g6 Nf3 Bg7 Bf4 Nf6 e3 O-O h3 b6,10,
1196,1632,black,300+0,e4 e5 Nf3 Nf6 c3 Nc6 d4 Nxe4 Qe2 d5,10,
1584,1654,white,300+0,d4 c5 d5 d6 c4 Nf6 e4 Nbd7 Bd3 Ne5,10,
947,1426,black,300+0,d4 d5 Bf4 Nc6 Nc3 Bf5 Nxd5 Qxd5 Nf3 O-O-O,10,
2185,1763,black,300+0,d4 d5 c4 dxc4 Nf3 e6 Qa4+ Bd7 Qxc4 Bc6,10,
1718,2094,black,300+0,e4 c5 Nf3 d6 d4 cxd4 Nxd4 Nf6 Nc3 a6,10,
1307,1497,black,1080+0,e4 b6 d4 e6 Nf3 h6 Nc3 Bb4 Bd2 Be7,10,
2189,2139,draw,30+0,c4 g6 Nf3 Bg7 d4 Nf6 Bg5 O-O Bxf6 Bxf6,10,
1664,1722,black,900+0,e4 c6 Nf3 d5 exd5 cxd5 d4 Nf6 Bd3 g6,10,
2076,1978,white,60+0,e4 g6 d3 Bg7 f4 d5 e5 c5 Nf3 Nc6,10,
1683,1786,white,60+0,e4 e5 Qh5 Nc6 Bc4 Qe7 Nc3 Nf6 Qg5 Nd4,10,
1295,1270,black,60+0,e4 e5 Nf3 Nc6 Bb5 Bc5 O-O Nf6 c3 d5,10,
1284,1151,white,300+0,e4 d6 Nf3 Nf6 d3 g6 Bg5 Bg7 Nbd2 O-O,10,
1430,1394,white,180+0,e4 e5 d4 Nc6 d5 Nce7 Nc3 d6 Bg5 Ng6,10,
1480,1732,black,120+0,d4 d5 Nc3 Nf6 Bf4 e6 h3 Be7 e3 O-O,10,
1554,1536,black,300+0,b4 d5 Nf3 Nc6 b5 Nb8 c4 dxc4 e3 a6,10,
2019,2175,white,300+0,e4 g6 d4 Bg7 g3 c5 c3 cxd4 cxd4 d5,10,
1255,1259,white,300+3,e4 c5 d4 d6 d5 e6 Nc3 exd5 exd5 Nf6,10,176.49
1519,1423,white,300+0,e4 e5 Nc3 Bc5 Nf3 Nf6 d4 exd4 Nxd4 d5,10,
1593,1610,black,300+0,e4 c5 Nc3 d6 Nf3 Nf6 d3 e6 Bg5 Nbd7,10,
2166,1733,white,60+0,e4 d5 exd5 Nf6 Nc3 Nxd5 Nxd5 Qxd5 Nf3 Bg4,10,
1299,1456,black,90+2,d4 d5 e3 Nf6 Nc3 a6 Nf3 e6 Bd3 Bb4,10,
1699,1636,black,240+0,e4 e5 Nf3 Qf6 Nc3 c6 d4 d6 Bg5 Qg6,10,
1940,1548,white,60+0,e4 c5 Nf3 Nc6 c3 g6 d4 cxd4 cxd4 Bg7,10,
1775,1952,black,600+0,d4 d5 e3 c5 c3 e5 dxe5 Nc6 Nf3 f6,10,
1951,1746,white,60+0,e4 c6 Nf3 d5 e5 Bf5 d4 e6 Bd3 Bxd3,10,
2016,1995,draw,600+0,e4 d5 exd5 Nf6 d4 Nxd5 Nf3 Bf5 c3 e6,10,
2024,1976,black,60+0,g3 d6 Bg2 g6 Nf3 Bg7 O-O Nf6 c3 O-O,10,
1754,1980,black,60+0,d4 d5 c4 e6 e3 Nf6 Nf3 c5 g3 Nc6,10,
1353,1592,white,180+0,d4 d5 Nc3 e6 Nf3 Nf6 Bf4 Be7 Nb5 Na6,10,
1889,1886,black,60+0,c4 Nf6 Nc3 g6 d3 d6 g3 Bg7 Bg2 O-O,10,
1699,1735,white,0+1,e4 d5 exd5 Qxd5 Nf3 Qe6+ Be2 Nc6 O-O Qg6,10,
1825,1362,white,600+0,d4 e6 e4 Nf6 Nc3 d6 Bg5 h6 Bh4 d5,10,
1822,1916,draw,600+0,d4 d5 c4 e6 Nf3 c6 g3 Bb4+ Nc3 Bxc3+,10,
2316,2259,white,60+0,e4 c5 Ne2 e6 g3 Nc6 Bg2 a6 O-O g6,10,41.96
2139,2289,white,60+0,e4 c5 Nc3 e6 Nf3 Nc6 d4 cxd4 Nxd4 Qc7,10,
1476,1315,white,120+0,d4 e6 a3 Be7 h3 Nf6 Bg5 O-O Bxf6 Bxf6,10,
1471,1464,white,120+3,e4 g6 b3 Bg7 Nc3 b6 Bb2 Bb7 Rb1 d6,10,
1730,1934,black,180+2,e4 e5 Nf3 Nc6 d4 Nf6 dxe5 Nxe4 Bd3 d5,10,69.72
1778,2026,black,60+0,e3 Nf6 b3 g6 Bb2 Bg7 Nc3 O-O Be2 c6,10,
1477,1375,draw,180+2,d4 e6 Nf3 Nf6 Bf4 Bd6 Bxd6 cxd6 e3 O-O,10,
1480,1532,black,180+2,e4 e5 Nf3 Nc6 Bc4 Nf6 Ng5 d5 exd5 Na5,10,
1981,1981,black,180+2,e4 e5 Nf3 Nc6 c3 d5 Qa4 f6 exd5 Qxd5,10,
1570,1516,white,180+2,e4 e5 f4 Nc6 Nf3 exf4 d4 d6 Bxf4 Bg4,10,
1198,1064,white,600+0,e4 d6 Nf3 e5 Bc4 Bg4 d3 Bxf3 Qxf3 d5,10,
1446,1327,white,600+0,e4 e5 Qh5 Ne7 Bc4 c6 Qxf7#,7,
1601,1957,black,120+2,d3 c5 b3 d5 Bb2 Nc6 Nd2 e5 g3 f5,10,
1714,1844,white,600+0,e4 e5 f4 exf4 Nf3 g5 Bc4 Qe7 O-O Qc5+,10,
1315,1277,black,600+0,e4 c5 Bc4 g6 Qf3 Nf6 Nc3 Bg7 Nd5 O-O,10,
1469,1361,white,600+0,e4 d6 d4 b6 d5 c5 dxc6 Nxc6 Bb5 Bb7,10,
1502,1609,black,600+0,e4 c5 Nf3 Nc6 c3 e6 Bc4 b6 d4 Bb7,10,
1983,1726,white,180+0,e4 e5 Nf3 Nc6 Bc4 Bc5 b4 Nxb4 Nxe5 d6,10,
1304,1269,black,300+2,e4 d6 d4 e6 Nf3 h6 Nc3 a6 e5 d5,10,
1266,1357,black,600+5,e3 e5 d4 e4 Nc3 d5 Bb5+ c6 Ba4 Bb4,10,
1916,1761,white,30+0,d4 b6 c4 Bb7 Nc3 d6 e3 Nd7 f4 g6,10,
1721,1704,white,180+0,e4 e5 Nf3 Nc6 Bc4 Bc5 c3 d6 d4 exd4,10,
1826,1733,black,60+0,g3 d5 Bg2 c6 Nf3 Nf6 d4 Bg4 e3 e6,10,
1628,1700,white,60+0,e4 c5 Nf3 e6 d4 cxd4 Nxd4 Nf6 Nc3 Nc6,10,
1409,1274,white,300+0,e4 e5 f4 Nc6 Nf3 f5 exf5 Nf6 d4 d6,10,
1818,1654,black,180+2,d4 e6 Nf3 d5 Bg5 Be7 Bxe7 Nxe7 e3 O-O,10,
1769,1783,black,300+0,e4 Nf6 Nc3 d5 e5 Nfd7 d4 e6 Nf3 c5,10,
2108,1907,black,600+0,d4 d5 c4 e6 Nf3 c6 Nc3 Nf6 Bg5 h6,10,20.06
1669,1717,white,300+0,e4 d5 exd5 Qxd5 Nc3 Qe6+ Be2 c6 d4 Qf6,10,
2042,2095,white,240+0,d4 d6 Nf3 g6 c4 Bg7 Nc3 Nf6 g3 O-O,10,
1892,1851,black,300+0,e4 d5 exd5 Qxd5 Nc3 Qa5 d4 Nf6 Bd2 c6,10,
1277,1383,black,600+0,e4 e5 Qh5 d6 Bc4 g6 Qf3 Nf6 d3 Bg7,10,
1626,1479,black,300+3,e4 d5 exd5 Qxd5 Nc3 Qa5 d4 Nf6 Bd2 Nc6,10,
1953,2154,black,900+0,d4 Nf6 Bg5 Ne4 h4 Nxg5 hxg5 e6 Nf3 d5,10,
1538,1505,black,180+0,e4 e5 Nf3 Nc6 Bc4 Bc5 c3 Nge7 d4 Ng6,10,
1477,1306,white,180+0,e4 b6 f4 d5 exd5 Qxd5 Nc3 Qe6+ Be2 g6,10,
1971,1892,black,180+0,e4 c5 Nf3 e6 d4 cxd4 Nxd4 Nc6 Be3 g6,10,
1719,1718,black,180+0,e4 g6 Nf3 Bg7 Bc4 d6 d3 Nf6 Nc3 Bg4,10,
1288,1439,black,240+1,e4 e5 d3 Nf6 Nf3 Nc6 d4 d6 dxe5 dxe5,10,
1220,1281,black,900+15,e4 e5 Nf3 Nf6 d3 c6 Nxe5 d6 Nf3 Bg4,10,6169.69
1623,1688,black,600+0,e4 e5 Nf3 d6 Bc4 Bg4 h3 Bxf3 Qxf3 Qf6,10,1476.67
1843,1875,black,600+10,e4 e6 d4 d5 Nc3 dxe4 Nxe4 Nf6 Bg5 Be7,10,
1890,1976,draw,180+2,c4 b5 e4 bxc4 Bxc4 g6 Nc3 Bb7 d4 Nf6,10,
2182,2402,black,180+2,e4 c5 Nf3 d6 d4 cxd4 Nxd4 Nf6 Nc3 a6,10,
2116,2109,white,180+0,c4 Nf6 Nc3 e6 e4 d5 e5 Nfd7 d4 dxc4,10,
1206,1391,black,600+0,e4 d5 f3 d4 d3 e5 c3 h6 Nd2 Nf6,10,
2201,2098,white,180+0,e4 d5 exd5 Nf6 d4 Qxd5 c4 Qa5+ Nc3 Bf5,10,
1930,1927,black,300+0,e4 d6 Nf3 g6 Nc3 Bg7 Bc4 c6 d3 e6,10,
1824,1849,white,900+0,e4 c5 Nf3 d6 Bc4 e6 d4 cxd4 Qxd4 Nc6,10,
1532,1688,black,300+3,e4 e5 Nf3 Nf6 Nc3 Nc6 Bb5 d6 O-O a6,10,1338.84
1570,1475,black,60+0,d4 d5 c4 e6 Nc3 Nf6 cxd5 exd5 Qc2 c6,10,
1878,1659,white,60+0,e4 c5 Nf3 e6 d4 cxd4 Nxd4 Nf6 Nc3 Bb4,10,
1855,1830,white,180+0,e3 e5 e4 c5 c4 d6 d3 Nc6 g3 Nf6,10,
2109,1965,white,60+0,Nf3 c6 d4 d5 Nc3 Bg4 Bg5 Bxf3 gxf3 h6,10,
2201,1993,white,60+0,Nf3 d5 g3 Nc6 Bg2 e5 d3 e4 dxe4 dxe4,10,
1698,1817,draw,60+0,e4 e6 Nf3 d5 exd5 exd5 d4 Nf6 c4 Be7,10,
2240,1999,white,60+0,e4 d5 exd5 Qxd5 Nf3 Qd8 d4 c6 c4 Nf6,10,
1579,2140,white,60+0,e4 d5 exd5 Qxd5 Nc3 Qd8 Nf3 Nf6 d4 e6,10,
1541,1509,black,300+0,e4 e6 d4 d5 exd5 exd5 Nc3 Bb4 Nf3 Bg4,10,
1423,1974,black,60+0,e4 e6 Nf3 d5 e5 c5 d3 Nc6 Bg5 Qb6,10,
1736,1764,white,660+0,e4 c5 f4 e6 Nf3 Nc6 c3 Nf6 Bd3 Be7,10,
1889,1745,white,60+0,e4 b6 d4 Bb7 Nc3 d6 Bd3 Nd7 Nf3 g6,10,
1399,1436,white,300+0,e4 e5 d3 Bb4+ c3 Bc5 b4 Bb6 a4 a5,10,
1806,1852,white,60+0,d4 d5 c4 c6 Nc3 e6 Nf3 a6 cxd5 cxd5,10,3591.36
1604,1899,black,180+0,e4 d5 Nf3 dxe4 Ne5 Qd4 Qh5 g6 Nxf7 Kxf7,10,
1854,1815,black,300+0,d4 Nf6 Nf3 d5 e3 Bg4 c4 Nc6 Nc3 e6,10,
1592,1666,white,600+0,c4 e5 e4 Nf6 d3 Bc5 h3 h6 Nc3 c6,10,
1386,1609,black,300+0,e4 e5 Nc3 Nc6 Nf3 Bb4 Bb5 d6 Bxc6+ bxc6,10,
1803,1736,white,300+2,d4 d5 Nf3 c6 Bg5 f6 Bh4 h5 h3 g5,10,7163.79
1379,1493,white,0+3,e4 d5 exd5 Qxd5 Nc3 Qd8 Bb5+,7,
1756,1537,white,180+0,e4 e6 d4 d5 exd5 exd5 Nf3 Qe7+ Be3 Nf6,10,
1278,1465,black,180+0,e4 e5 Bc4 Nc6 d3 h6 f4 Nf6 fxe5 Nxe5,10,
2240,1845,white,180+0,e4 d5 exd5 Qxd5 d4 Nf6 Nf3 Bg4 Be2 Nc6,10,
1729,1677,black,600+0,e4 e5 Nf3 Nc6 Bc4 Bc5 Nc3 d6 h3 Nf6,10,
2039,1794,white,60+0,d4 d5 e4 Nf6 Nc3 dxe4 f3 exf3 Nxf3 e6,10,
1544,1567,black,60+0,d4 d5 c4 e6 Nc3 Nf6 Nf3 Bb4 Bg5 Be7,10,
1573,1604,white,2700+0,d4 Nc6 Nf3 d5 c4 dxc4 e3 e6 Bxc4 Qd6,10,1069.31
1253,1274,draw,300+0,d4 d5 e4 e6 e5 f6 Qh5+ g6 Qg4 h5,10,
1704,1807,white,120+1,e4 c6 d4 d6 Nf3 g6 Nc3 Bg7 Be3 Nd7,10,
1436,1264,black,600+5,e4 e5 d4 d6 dxe5 dxe5 Qxd8+ Kxd8 Bd2 Nf6,10,
1829,1822,black,600+3,e4 d6 d4 e6 c4 Be7 Nf3 Nd7 Be2 c6,10,
1347,1361,black,300+0,e4 c6 d4 e6 Bc4 Bb4+ c3 Ba5 b4 Bb6,10,
1526,1752,black,300+0,e4 d5 exd5 Qxd5 Nc3 Qd8 Nf3 Bg4 Be2 Bxf3,10,
1955,2149,white,30+0,Nf3 c5 g3 Nf6 Bg2 d6 Bf1 Nc6 Bg2 e5,10,
2067,1860,white,60+0,d4 d5 Nf3 e5 c4 e4 Nfd2 c6 e3 f5,10,
1423,1445,black,180+0,e4 e5 a3 Qe7 Nc3 Nf6 h3 g5 Bc4 g4,10,
1455,1643,black,180+0,d4 e6 c4 d5 Nc3 dxc4 e4 Nf6 e5 Nd5,10,
1479,1255,white,300+5,e4 e5 Bc4 Nf6 d3 c5 Bg5 b6 Qf3 h6,10,
1898,1880,white,180+0,e4 c5 c3 d6 d4 cxd4 cxd4 Nf6 Nc3 Bg4,10,
1451,1463,black,900+8,e4 e5 Bc4 Nf6 d3 Bc5 Nf3 Nc6 Ng5 O-O,10,5026.03
1715,1618,white,180+0,e4 g6 Nf3 Bg7 d4 a6 Nc3 c6 Bc4 b5,10,
1582,1601,draw,180+0,e4 e5 Nf3 d6 d4 exd4 Nxd4 Be7 Nc3 Nf6,10,
1576,1589,white,600+0,e4 Nf6 Nc3 e5 d4 exd4 Qxd4 c5 Qc4 d6,10,1746.58
2063,2026,white,180+0,e4 e5 Nf3 Nc6 Bb5 d6 d4 exd4 Nxd4 Bd7,10,
1291,1440,black,60+0,e4 e5 d4 exd4 Qxd4 Nc6 Qd1 Nf6 Nc3 Bb4,10,5387.95
1608,1865,white,60+0,e4 e5 f4 Nc6 Nf3 Nd4 Bc4 Nxf3+ Qxf3 d6,10,
1665,1688,black,240+4,e4 c5 Nf3 e6 d4 d5 exd5 exd5 Bb5+ Bd7,10,
2261,2374,white,60+1,e4 d6 d4 g6 Nc3 Bg7 Be3 c6 Qd2 b5,10,
1527,1404,black,420+0,e3 e5 b3 Nc6 Bb2 b6 Bb5 Bb7 Bxc6 dxc6,10,
1775,1863,black,180+2,e4 c5 Nf3 d6 d4 cxd4 Nxd4 Nf6 Nc3 g6,10,
2228,2138,white,180+0,e4 Nf6 e5 Nd5 c4 Nb6 d4 d6 exd6 cxd6,10,
1980,1698,black,30+0,g3 e5 Bg2 d6 Nf3 Bg4 d3 Bxf3 Bxf3 Nf6,10,
1279,1682,white,120+0,e4 c5 c3 e5 f4 exf4 Nf3 Nc6 d4 cxd4,10,
2108,2213,black,180+0,d4 c5 d5 e6 c4 Nf6 Nc3 exd5 cxd5 d6,10,
1112,1202,draw,1200+0,f3 e5 c3 d5 e4 Be6 d4 f6 Be3 Nc6,10,
1422,945,white,600+10,e4 e5 Qh5 g6 Qxe5+ Qe7 Qxh8 f6 Qxg8 Qf7,10,
1165,1200,black,300+0,e4 e5 Nf3 Nc6 Nc3 Bb4 Bc4 Nf6 a3 Bxc3,10,
1815,1557,white,180+2,d4 e6 Bf4 Nc6 c3 g6 e3 Bg7 Bd3 d6,10,
1713,1799,black,240+0,e4 c5 Bc4 Nc6 Bxf7+ Kxf7 c3 Nf6 Nf3 Nxe4,10,
1947,1639,white,600+5,e4 c5 f4 g6 c3 Bg7 Nf3 e6 Be2 Ne7,10,2047.68
1515,1284,white,60+0,e4 e5 f4 d6 Nf3 Nc6 f5 Nf6 Ng5 h6,10,
1996,2278,black,60+0,d4 f5 c4 g6 Nf3 Bg7 g3 d6 Bg2 Nd7,10,
1704,1638,black,300+0,e4 c5 Nf3 Nc6 d4 cxd4 Nxd4 g6 Bc4 Bg7,10,
1955,1718,white,180+0,e4 Nf6 e5 Nd5 c4 Nb6 b3 d6 exd6 exd6,10,
1995,1989,draw,600+5,e4 e6 d4 d5 Nd2 Nf6 e5 Nfd7 c3 c5,10,
1426,1300,white,60+0,d4 d5 Nf3 Nf6 Nc3 Nc6 Bf4 e5 dxe5 Ne4,10,
2041,2594,black,60+0,Nf3 e6 g3 d5 d3 Nf6 Bg2 c5 O-O Nc6,10,
1860,1679,white,60+0,Nf3 c6 g3 d5 Bg2 Bg4 d3 Nd7 Nbd2 e5,10,
988,1374,black,420+0,e4 g6 d4 Bg7 Bc4 e6 e5 b6 Nf3 Ne7,10,
1938,1830,black,60+0,e4 c6 d4 d5 Nd2 e6 Bd3 dxe4 Nxe4 f5,10,
1730,1678,white,60+0,d4 c5 Nc3 d5 dxc5 e6 e4 Bxc5 exd5 exd5,10,1544.43
1923,2020,white,300+0,d4 Nf6 Nf3 g6 Bg5 Bg7 Nbd2 h6 Bh4 O-O,10,
1588,1861,black,300+0,e4 c5 Nf3 Nc6 d4 cxd4 Nxd4 e6 Nc3 a6,10,
1451,1668,white,300+0,e4 e5 Nf3 Nc6 Bb5 a6 Bxc6 dxc6 Nxe5 Qd4,10,
1326,1419,white,600+0,e4 c5 Nf3 d6 Bc4 Nf6 Ng5 Nc6 Nxf7 Qd7,10,
1858,1678,white,60+0,e4 e6 d4 d5 Nd2 c5 Ngf3 Nf6 e5 Nfd7,10,
1988,1993,black,180+0,d4 Nf6 Bf4 g6 e3 Bg7 Bd3 O-O Nd2 d6,10,
1794,1808,white,30+0,e3 b6 f3 Bb7 Bb5 g6 Be2 Bg7 c3 d5,10,
1483,1817,black,300+0,e4 e5 Nc3 Bb4 Nf3 d6 d4 exd4 Nxd4 Qf6,10,
2271,2070,white,30+0,d4 Nf6 Nc3 e6 e4 Be7 Bd3 d6 Nge2 c5,10,
1661,1602,white,300+0,e4 e6 d4 c5 d5 exd5 exd5 Qf6 Nf3 Qh6,10,
1643,1569,black,480+0,e4 e5 Nf3 Nc6 Nc3 Bc5 Bb5 Nf6 Bxc6 dxc6,10,
1674,1495,black,60+0,c4 e5 Nc3 d6 Nf3 Nf6 g3 Be7 Bg2 Be6,10,
1505,1491,white,300+0,e4 c5 Nf3 e6 Be2 Nf6 c3 Nxe4 Qc2 d5,10,
1957,1905,black,300+3,e4 e5 Nf3 Nc6 Bc4 Bc5 b4 Bb6 b5 Nd4,10,337.33
2403,1988,white,60+0,d4 c5 Bf4 cxd4 Bxb8 Rxb8 Qxd4 d6 Qxa7 Qc7,10,
1828,1404,white,9000+0,d4 Nc6 d5 Ne5 e4 c5,6,
1804,1777,draw,60+1,e4 e5 d4 exd4 Nf3 Nc6 c3 dxc3 Bc4 Bb4,10,
1315,1660,black,120+1,e4 e6 Nf3 d5 exd5 exd5 d4 c5 c4 Nc6,10,
1658,1540,white,360+0,e4 e5 Nf3 Nc6 b3 g6 Bb2 Bg7 Be2 Nge7,10,
1854,1485,black,180+0,e4 d5 Qf3 dxe4 Qxe4 Nf6 Qf3 e5 Bc4 Bg4,10,
2139,2096,white,120+0,e4 c6 Nf3 d5 d4 dxe4 Ng5 Bf5 Bc4 e6,10,
1453,1314,black,60+0,d4 d5 Nf3 c5 e3 cxd4 exd4 e6 c4 Ne7,10,
1765,1719,white,180+0,e4 e6 Nf3 d5 exd5 exd5 d4 Nf6 Bg5 h6,10,
1256,1208,white,300+0,e4 e5 Nf3 Nc6 d4 exd4 Nxd4 Nxd4 Qxd4 Nf6,10,
1788,1826,white,180+0,d4 Nf6 e3 g6 Bd3 d5 Nd2 Bg7 c3 O-O,10,
1962,1495,white,300+0,d4 e6 c4 b6 Nf3 Bb7 e3 h6 b3 Nf6,10,2686.97
1572,1587,black,300+0,e4 e5 Nf3 Nc6 Bc4 Bc5 d3 h6 a3 a6,10,
1862,2156,white,180+0,e4 c5 Nf3 d6 d4 cxd4 c3 Nf6 e5 dxe5,10,
1406,1237,white,600+2,d4 d5 c4 e6 cxd5 Qxd5 Nf3 Nc6 Nc3 Bb4,10,
1769,1757,white,180+0,e4 d5 exd5 Qxd5 Nc3 Qd8 d4 Nf6 Nf3 Bg4,10,
1846,1820,white,360+0,e4 c5 Nf3 e6 d4 d5 exd5 Qxd5 Bb5+ Bd7,10,
1782,1887,black,120+0,e4 c6 d4 Qc7 Nc3 d6 Nf3 Nf6 Be2 e5,10,
1663,1747,black,600+2,e4 c5 Nf3 d6 Bb5+ Bd7 Bc4 a6 Ng5 e6,10,
1621,1770,white,120+2,d4 d5 c3 Nf6 b4 Bf5 a4 e6 Bf4 Be7,10,
1139,1471,black,180+0,c4 e5 Nf3 Nc6 d4 exd4 Nxd4 Nxd4 Qxd4 b6,10,
1596,1721,white,180+0,d4 g6 e3 Bg7 Nf3 b6 Bb5 Bb7 Be2 Nf6,10,
1603,1691,draw,300+0,e4 d6 Nc3 Nf6 Nf3 g6 e5 dxe5 Nxe5 Nbd7,10,
1338,1480,white,300+0,e4 e5 f4 d6 Nf3 Nc6 d4 exd4 Bc4 Bg4,10,130.13
1211,1216,black,600+0,d4 Nf6 e4 Nxe4 Bc4 Nc6 Qf3 f5 Qxf5 Nd6,10,
1713,1522,white,540+1,e4 e5 Nf3 Nc6 Bb5 a6 Ba4 Bc5 c3 b5,10,
1084,855,white,900+0,e4 e5 Nf3 Nf6 Nxe5 Nxe4 d4 Nxf2 Kxf2 Bd6,10,
1546,1485,black,120+0,d4 d5 Nc3 c6 e4 dxe4 f3 exf3 Qxf3 Nf6,10,
2027,2129,black,180+1,c4 Nf6 g3 b6 Bg2 Nc6 Nc3 Bb7 d4 e6,10,
1421,1453,black,600+0,e4 e5 Qh5 Qf6 Bc4 Bc5 f3 Bxg1 Rxg1 g6,10,
1565,1493,black,600+0,d4 e6 Nf3 Nc6 Bg5 Be7 Bf4 d6 e4 e5,10,
1233,1160,black,600+0,e4 e5 Nf3 c6 Nc3 Nf6 d3 Bb4 a3 Ba5,10,5373.85
1886,1908,white,600+0,e4 e6 d4 d5 exd5 exd5 Nf3 Bg4 Bd3 Nf6,10,52.55
1478,1609,black,60+2,e4 c6 Bc4 d5 exd5 cxd5 Bb5+ Nc6 Bxc6+ bxc6,10,
1768,2035,black,480+11,e4 c6 Bc4 d5 exd5 cxd5 Bb5+ Bd7 Qe2 Nf6,10,
1682,2246,black,60+0,g3 c5 Bg2 a6 Nf3 d6 O-O Nd7 d3 g6,10,
2048,1992,white,180+0,d4 Nf6 c4 d5 cxd5 Nxd5 e4 Nf6 Nc3 Nc6,10,
1703,1665,white,60+0,d3 c6 c3 d5 Qc2 e5 Nd2 Bf5 b4 Nd7,10,
1749,1868,black,120+1,d4 d5 c4 c6 Nc3 Nf6 Bg5 Ne4 Bh4 Nxc3,10,
1498,1144,white,120+5,e4 c6 d4 d5 e5 Bf5 Bd3 e6 Bxf5 exf5,10,
1992,1987,white,120+0,d4 d6 c4 Nf6 Nc3 c6 Nf3 Bg4 e4 Qa5,10,
1933,1949,black,60+0,e4 g6 Nf3 Bg7 d4 d6 Bc4 Nd7 Be3 e6,10,
1265,1485,black,180+2,d4 Nf6 c4 d6 Bf4 g6 Bg5 Bg7 Nf3 O-O,10,4088.72
2133,2019,black,600+0,e4 e6 d4 d5 Nd2 c5 exd5 Qxd5 c4 Qxd4,10,2198.55
1739,1791,black,30+0,g3 d5 Bg2 e5 Bf3 f6 Bg2 Be6 f3 Qd7,10,
1483,1472,white,300+3,d4 d5 c4 c6 Nc3 Nf6 Nf3 dxc4 e4 b5,10,
2098,2064,black,600+6,d4 d5 Nf3 Nf6 Bg5 g6 Nbd2 Bg7 Bxf6 Bxf6,10,284.64
1666,1705,black,180+0,e4 e5 d4 exd4 Nf3 d6 Bc4 Bg4 c3 dxc3,10,
1747,1904,white,30+0,e4 d5 Nf3 dxe4 Ng5 e5 Nxf7 Kxf7 Bc4+ Ke7,10,
1602,2029,black,60+0,e4 d5 exd5 e6 dxe6 Bxe6 Qe2 c6 Nf3 Nf6,10,
1804,2342,black,60+0,d4 Nf6 c4 e6 e3 g6 Nc3 Bg7 Nf3 O-O,10,2100.9
1963,1954,white,60+0,d4 c5 e3 cxd4 exd4 Nc6 c3 g6 Be2 Bg7,10,
1534,1529,black,300+0,d3 e5 e4 d5 f4 dxe4 d4 exd4 Bc4 Bc5,10,
1495,1512,black,300+0,e4 c6 Nf3 d5 e5 Bg4 d4 f6 exf6 exf6,10,
1752,1821,draw,300+0,e4 Nf6 e5 Nd5 d4 d6 c4 Nb4 exd6 Qxd6,10,
1604,1396,black,240+0,e4 e5 d3 Bc5 f4 Nf6 fxe5 Nxe4 dxe4 Qh4+,10,
1956,1977,white,60+0,d4 Nf6 Nf3 e6 c3 c5 Bf4 d5 e3 Bd6,10,
1720,1809,white,300+2,e4 c5 Bc4 Nc6 c3 e6 d4 cxd4 cxd4 a6,10,
1768,1763,black,180+0,e4 c5 Nf3 g6 d4 cxd4 Nxd4 Bg7 Nc3 Nc6,10,
1658,1703,white,60+0,e4 e5 f4 Nc6 Nf3 d6 d3 Bg4 Be3 exf4,10,
1702,1723,white,180+0,Nf3 d5 d4 c5 Bf4 Nc6 e3 Bg4 Nbd2 Nf6,10,
2404,2222,white,180+0,e4 e6 d4 d5 Nc3 Bb4 e5 c5 a3 Bxc3+,10,
1348,966,white,900+0,e4 e5 Nf3 Nf6 Nxe5 d5 exd5 Nxd5 Ke2 Bc5,10,5497.86
1512,1669,white,180+0,d4 d5 Nf3 e6 b3 b5 Bb2 b4 e4 c6,10,
1581,1587,black,600+0,e4 Nc6 d4 e5 d5 Nce7 Nf3 Ng6 Bg5 Be7,10,
1831,1930,black,600+0,e4 e5 Nf3 Nc6 Bb5 d6 d4 exd4 Nxd4 Bd7,10,
1736,1901,white,30+0,e4 g6 d4 Bg7 Ne2 e6 Nbc3 Ne7 Be3 O-O,10,
1760,1667,white,300+5,e4 e5 Nf3 Nf6 d4 Nxe4 dxe5 Bc5 Be3 Bxe3,10,
1811,1711,white,180+0,d4 c6 Nf3 b5 e3 a5 c4 b4 a3 e6,10,
1542,1367,white,300+2,e4 e5 Nf3 Nf6 Bc4 h6 Nxe5 d5 exd5 Nxd5,10,
1500,1277,white,360+4,e4 e5 Nf3 d6 h3 Nf6 Nc3 d5 Nxe5 dxe4,10,
1782,1584,white,900+0,e4 e5 Nf3 Nc6 Bb5 f6 Nc3 a6 Ba4 b5,10,
1753,1687,black,120+0,d4 e5 dxe5 d6 exd6 Bxd6 Nf3 Nf6 Bg5 O-O,10,
1758,1607,white,120+0,d4 e6 e4 d5 e5 c5 c3 Nc6 Nf3 Qb6,10,
1973,1934,black,300+0,e4 e5 Nf3 Nc6 Bc4 Nf6 Ng5 d5 exd5 Na5,10,
1391,1405,black,300+0,e4 b6 Nc3 g6 f4 Bg7 Nf3 Bb7 d4 e6,10,
1604,1673,white,180+0,Nf3 d5 d4 c5 e3 cxd4 exd4 Nc6 Nc3 Bf5,10,
1160,1394,black,0+3,e4 d5 f4 dxe4 Nf3 exf3 g3 Qd5 Nc3 f2+,10,
1778,1538,black,600+15,e4 e5 f4 exf4 Nf3 Nf6 e5 Qe7 d4 Nd5,10,
1959,1978,white,180+5,e4 e5 Bc4 Nf6 Nf3 Nc6 d3 Bc5 Bg5 d6,10,
1596,1932,black,180+2,c4 e5 d3 f5 g4 Nc6 gxf5 Bc5 Bg5 Qxg5,10,
2099,1163,white,60+0,e4 c5 Nf3 e5 d4 cxd4 c3 dxc3 Nxc3 Nc6,10,
1986,1734,white,60+0,e4 e5 Nf3 Nc6 Bc4 Bc5 d3 Nf6 c3 d6,10,
1638,1638,white,420+0,d4 Nf6 c4 g6 Nc3 Bg7 e4 d6 f4 a6,10,
1692,1707,black,900+5,e4 c6 Nf3 d5 exd5 cxd5 Bb5+ Bd7 Bxd7+ Nxd7,10,
1173,1541,black,60+0,e4 Nc6 Nf3 d6 Bb5 e5 Nc3 a6 Bxc6+ bxc6,10,
1600,1688,white,60+0,e4 d5 exd5 Qxd5 Nc3 Qe6+ Qe2 Nf6 Qxe6 Bxe6,10,
1445,1522,white,480+2,e4 e5 Nf3 f6 Nc3 Bc5 Bc4 Nc6 O-O Bb6,10,
1186,1137,white,900+15,d4 d5 Bf4 Nc6 Nc3 Bf5 Nb5 e6 Nxc7+ Kd7,10,7876.61
1128,1347,black,300+0,e4 c5 Nf3 a6 d4 cxd4 Nxd4 g6 Nc3 Bg7,10,
1977,1986,black,60+0,e3 e5 b3 Nc6 Bb2 d5 d4 exd4 exd4 Nf6,10,
1874,1897,black,600+0,e4 c5 Nc3 e6 Bc4 a6 a4 Nc6 d3 Qc7,10,
2051,2071,white,300+0,e4 c5 Nf3 d6 d4 cxd4 Nxd4 Nf6 Nc3 e6,10,
1866,1658,white,600+0,d4 Nf6 c4 g6 Nf3 Bg7 Nc3 O-O Bg5 d6,10,
1908,1913,draw,600+0,e4 e5 Nf3 Nc6 Bb5 f5 d3 Nf6 exf5 d6,10,
1232,1325,white,180+0,e4 c5 Nf3 Nc6 d4 e6 dxc5 Bxc5 Nc3 Nf6,10,
2579,1922,white,60+0,b3 c5 Bb2 e6 Bxg7 Bxg7 Nc3 Nf6 e3 d5,10,
2052,2656,draw,60+0,Nf3 d5 g3 Nf6 Bg2 c6 O-O g6 d3 Bg7,10,
1181,1210,white,600+0,d4 d5 f3 e6 e4 Bb4+ Bd2 Qd6 a3 Bxd2+,10,
1596,1715,black,120+0,e4 e6 Nf3 d5 e5 c5 d4 Nc6 dxc5 Bxc5,10,
1888,2050,white,180+0,e4 e5 f4 d5 exd5 e4 Nc3 Nf6 d3 Bb4,10,
1939,1887,white,180+0,e4 e5 Nf3 Nc6 Bc4 Nd4 Nxe5 Qg5 d3 Qxe5,10,
1541,1630,white,180+0,e4 e6 d4 d5 e5 c5 c3 cxd4 cxd4 Bb4+,10,
1476,1436,white,1200+0,e4 e5 Nf3 d6 Bb5+ Bd7 Bc4 Qe7 d3 a6,10,
1641,1718,white,60+0,e4 e6 d4 c5 Nf3 cxd4 Nxd4 Nc6 Be3 Nxd4,10,
1741,1886,black,180+0,e4 e6 c3 Nf6 Qc2 Be7 d4 O-O g3 d5,10,
1821,1705,white,60+0,d4 Nf6 Nf3 g6 Bg5 Bg7 Bxf6 Bxf6 e3 O-O,10,
2141,2187,white,30+0,g3 Nf6 Bg2 d5 Nf3 c6 O-O Bg4 d3 Bxf3,10,
1775,1963,black,180+0,e4 d6 Nf3 g6 Bc4 Bg7 c3 Nf6 d3 O-O,10,
1831,1776,white,900+0,e4 d6 c4 Nf6 d3 Bg4 Be2 Qd7 h3 Bxe2,10,
1515,1592,black,600+0,e4 d6 d4 Nf6 Nc3 e6 d5 e5 Qf3 h6,10,
1514,1441,black,600+4,d4 d5 c4 c5 dxc5 e6 cxd5 Bxc5 Nc3 e5,10,
1910,2143,draw,60+0,e4 c6 d4 d5 exd5 cxd5 Be3 Nf6 Nf3 Nc6,10,
2182,1858,white,300+0,d4 c6 c4 d5 Nf3 Nf6 Qc2 e6 g3 Nbd7,10,
1668,1466,black,720+0,e4 e6 d4 d6 Bb5+ Bd7 Bxd7+ Nxd7 e5 dxe5,10,
1768,2107,black,300+0,d4 Nf6 c4 e6 Nc3 d5 cxd5 exd5 Bf4 Bd6,10,
1609,1763,white,180+0,e4 e6 Nf3 d5 exd5 exd5 d4 Nf6 Bd3 Bd6,10,
1830,1839,white,300+0,e4 e6 d4 d5 e5 c5 c3 Nc6 Nf3 Qb6,10,
1292,1083,white,0+4,d4 e5 e3 exd4 Qxd4 Bb4+ Qxb4 Qg5 e4 Nc6,10,
1812,1194,white,300+0,e4 e5 Nf3 d6 d4 Bg4 dxe5 Nh6 exd6 Bxd6,10,
1805,1725,white,60+0,f4 d5 b3 c6 Bb2 Nf6 e3 g6 Nf3 Bg7,10,
1789,1385,white,60+0,d3 d5 Nf3 c5 g3 Nc6 Bg2 Qc7 O-O e5,10,
1767,1689,black,120+1,d4 Nf6 c4 e6 e3 d5 Nc3 Bb4 a3 Bxc3+,10,
1765,2099,black,30+0,d4 d6 c4 Nf6 Nc3 g6 e4 Bg7 Nf3 O-O,10,
1787,1850,black,720+5,e4 d5 exd5 Qxd5 Nc3 Qd8 h3 Bf5 Nf3 c6,10,
2232,1631,white,60+1,e4 e5 f4 exf4 Nf3 g5 Nc3 f6 Bc4 Nc6,10,
1594,1368,white,300+0,e4 e6 Nf3 Ne7 e5 Ng6 d4 Be7 c3 d6,10,
1718,1684,black,300+0,e4 e5 Nf3 Nc6 Bb5 a6 Ba4 Nf6 O-O b5,10,
1755,1922,black,30+0,e4 e6 e5 d5 exd6 c5 g3 Nc6 Bg2 Bxd6,10,
1408,1327,white,600+0,e3 e5 Nf3 d6 d4 Nc6 dxe5 Nxe5 Nc3 Nxf3+,10,
2105,1839,white,0+4,d4 d6 c4 e5 Nf3 Bg4 dxe5 Nc6 exd6 Bxd6,10,
1709,1617,white,600+0,e4 e5 Nf3 Nc6 Bb5 a6 Bc4 Be7 O-O Nf6,10,
1115,1111,black,600+0,c4 e5 Nf3 e4 Ne5 Qe7 d4 exd3 Nxd3 c5,10,
1980,2097,black,300+5,e4 e6 d4 d5 Nc3 Bb4 e5 c5 Nf3 Ne7,10,2246.8
1663,1447,white,600+0,b3 d6 g3 e5 Bg2 Be7 Nh3 Nf6 Ng5 O-O,10,
1724,1711,black,0+1,e4 e5 d4 exd4 Qxd4 Nc6 Qe3 Nf6 Nc3 d6,10,
1723,1601,black,180+0,e4 e6 Nf3 d5 exd5 exd5 d4 c5 c3 Nf6,10,
1693,1657,white,900+0,e4 c5 Nf3 Nc6 d4 cxd4 Nxd4 Nxd4 Qxd4 d6,10,
2016,2024,white,180+0,e4 c5 Nf3 Nc6 Bc4 Nf6 d3 e6 Nc3 d5,10,
2052,2231,black,180+0,e4 c5 Nf3 g6 d4 cxd4 Nxd4 Bg7 Nc3 Nc6,10,
2111,2079,white,60+0,e4 e6 d4 d5 Nc3 dxe4 Nxe4 Bd7 Nf3 Bc6,10,
1719,1957,black,30+0,e4 Nf6 Qf3 d6 Nc3 Bg4 Qe3 e5 f3 Bd7,10,
1820,1890,white,300+0,e4 e5 Nf3 Nf6 d3 Bc5 Be3 Bxe3 fxe3 d5,10,
2032,1720,white,300+10,e4 g6 d4 Bg7 Nf3 e6 Be3 Ne7 Qd2 d5,10,
1841,1803,white,300+8,e4 d5 exd5 Nf6 d4 Nxd5 c4 Nb4 Qa4+ N8c6,10,
2117,2165,white,30+0,g3 c5 Bg2 d6 Nf3 Nc6 O-O Bd7 d4 g6,10,
1665,1618,white,300+8,d4 d5 e4 e6 Nc3 Bb4 Nf3 dxe4 Ng5 Nf6,10,
1819,1748,white,60+0,d4 e5 dxe5 Nc6 Nf3 Bb4+ c3 Be7 Bf4 d6,10,
1911,1906,draw,60+0,d4 Nf6 Bf4 g6 e3 Bg7 Nd2 d5 Ngf3 c5,10,
1766,1739,black,600+0,e4 c5 c4 Nc6 Nc3 d6 h3 Nf6 Nf3 g6,10,
1219,1326,black,120+1,d4 c5 Nf3 cxd4 Qxd4 Nc6 Qd1 Nf6 e3 g6,10,
1980,1550,white,60+0,e4 e5 d3 d6 c3 Nf6 f3 Be7 Be3 O-O,10,
2406,2605,draw,60+0,d4 Nf6 Bf4 c5 e3 Qb6 b3 Nc6 Nf3 d5,10,
1638,1527,black,120+0,e4 c5 Nf3 d6 d4 cxd4 Qxd4 e5 Qd3 Nf6,10,
1972,2020,black,180+0,e4 c5 Nf3 Nf6 Nc3 e6 e5 Nd5 Nxd5 exd5,10,
1798,1833,white,300+0,c4 e5 g3 Bc5 Bg2 Nf6 e3 O-O Ne2 c6,10,
1736,1865,black,120+0,d4 e5 g3 exd4 Bg2 d5 Nf3 c6 Nxd4 Nf6,10,
1542,1570,black,300+1,d4 d5 e4 e6 e5 f6 f4 Bb4+ Bd2 Bxd2+,10,
1632,1748,black,600+0,e4 c5 Nc3 Nc6 Nf3 e6 d4 cxd4 Nxd4 Nf6,10,
2230,1945,white,60+0,d4 f5 Nf3 Nf6 c4 d6 Nc3 e6 Bf4 Be7,10,
1326,1318,white,120+1,d4 d5 Nf3 e6 c4 Bb4+ Bd2 Bxd2+ Nbxd2 dxc4,10,
1779,1768,black,300+5,c4 e5 g3 Nf6 Bg2 Nc6 Nf3 e4 Ng5 d5,10,
1453,1467,black,180+2,Nf3 Nc6 g3 d5 Bg2 e5 O-O e4 Ne1 Bd6,10,
1454,1479,white,600+0,e4 c5 Bc4 e6 Nf3 d5 Bb5+ Nc6 Ne5 Ne7,10,
1614,1457,white,240+5,e4 e6 e5 d5 exd6 Bxd6 Bc4 Nf6 d3 O-O,10,
1376,1570,black,300+0,d4 g6 e4 e6 e5 d6 f4 dxe5 fxe5 Bg7,10,
1466,1655,black,900+0,b3 e5 e3 d5 c4 dxc4 Bxc4 Nc6 Bb2 Nf6,10,
1875,1913,white,180+0,e4 e5 Nf3 Nf6 d3 c6 g3 Be7 Bg2 O-O,10,
1270,1303,black,300+0,e3 e5 Nf3 Bd6 d4 e4 Nfd2 Nf6 f3 exf3,10,
2260,2104,black,180+0,d4 d5 c4 e5 Nf3 e4 Ng1 c6 cxd5 cxd5,10,
1725,1868,black,180+0,e4 c6 d4 d5 Nc3 dxe4 Nxe4 Nd7 Nf3 Ngf6,10,
2050,1537,draw,180+0,e4 e5 Nf3 Nc6 Bb5 d6 d4 exd4 Nxd4 Bd7,10,
1585,1587,black,600+0,e4 d5 exd5 Nf6 Nc3 Nxd5 Bc4 Nxc3 bxc3 e6,10,
1962,1767,white,60+0,Nf3 c5 g3 e6 Bg2 d5 O-O Nf6 d4 g6,10,
1994,1951,white,180+0,e4 c5 Nf3 Nc6 d4 cxd4 Nxd4 Nf6 Nc3 e6,10,
1428,1407,white,600+0,e4 c6 Nf3 d6 d4 Bg4 Be2 e6 O-O Qc7,10,2902.06
1713,1842,white,480+0,e4 d6 d4 c6 Nc3 Nf6 Nf3 Bg4 h3 Bxf3,10,
1876,1786,white,900+0,e4 e6 Nc3 c6 Nf3 d5 d4 dxe4 Nxe4 f5,10,
1620,1694,draw,300+1,e4 c5 Nf3 Nc6 Bc4 e6 Nc3 a6 a3 b5,10,
1950,1989,white,180+0,e4 e6 d4 d5 e5 c5 c3 Nc6 Nf3 Qb6,10,
1257,1346,white,300+0,e4 e5 Nf3 Nc6 Bc4 Bc5 d3 d6 Ng5 Nh6,10,
1598,1661,black,300+0,d4 d5 c4 e6 e3 Nf6 cxd5 exd5 Nc3 c6,10,
1647,1687,draw,300+0,Nc3 d5 d4 Nc6 Nf3 Nf6 g3 Bg4 Bg2 Bxf3,10,
1282,1283,white,60+0,e4 e6 Nc3 Nc6 Nf3 d5 exd5 exd5 Bb5 Bd7,10,
1636,1438,white,60+0,e4 c5 d3 Nc6 c4 e5 Be3 Nd4 a3 d6,10,
1400,1629,white,300+0,d4 d6 Nf3 e6 g3 b6 Bg2 Bb7 O-O f5,10,
1437,1312,white,600+10,e4 d5 e5 Nc6 Nf3 f6 exf6 Nxf6 Bb5 a6,10,
1126,1023,black,180+0,e4 d5 Nc3 dxe4 Nxe4 Qd5 d3 Bf5 f3 Bxe4,10,
1579,1656,black,300+0,d4 d6 e4 Nf6 e5 dxe5 dxe5 Qxd1+ Kxd1 Ng4,10,
1878,1878,white,300+0,e4 e5 Bc4 Bc5 Nf3 d6 c3 Nf6 d4 exd4,10,
1382,1672,black,60+0,Nf3 e6 h4 d6 d4 Nf6 c4 Be7 Bg5 O-O,10,
1701,1892,black,60+0,e4 e5 f4 exf4 Nf3 g5 h4 f6 Bc4 Bg7,10,
1749,1504,black,60+0,Nf3 e6 d4 d6 c4 Be7 e3 Bd7 g3 h6,10,
2168,2273,white,60+0,e4 Nf6 e5 Nd5 d4 Nb6 c4 d6 exd6 cxd6,10,
1790,1911,black,60+0,e4 e5 d4 d5 Bd3 dxe4 Bxe4 exd4 Qf3 c5,10,
2080,1958,white,60+0,Nf3 c5 g3 Nc6 Bg2 d5 O-O Bh3 c4 Bxg2,10,
2133,1972,white,30+0,e4 d6 Nc3 c5 d4 cxd4 Qxd4 Nc6 Qd1 Nf6,10,110.79
1666,1726,black,600+0,d4 e6 e4 c6 e5 d6 f4 dxe5 fxe5 Qh4+,10,
1524,1654,black,480+0,c4 e6 d4 b6 a4 Bb7 a5 bxa5 Rxa5 g6,10,165.58
2281,1992,white,60+0,c4 e6 b3 d5 Bb2 Nf6 g3 Be7 Bg2 O-O,10,5389.36
1800,1922,white,60+0,d4 d5 c4 Nf6 Nc3 e6 cxd5 exd5 Nf3 Be7,10,
1393,1430,black,300+3,e4 e6 f4 d5 e5 c5 d4 Nc6 Nf3 Qb6,10,
1244,1461,black,600+3,d4 e6 Bf4 Qf6 e3 d6 c3 e5 Bg3 exd4,10,
1423,1305,white,300+0,d4 d5 Bf4 e6 e3 c6 Nf3 Qa5+ c3 g6,10,
911,1101,white,600+0,e4 e5 Qh5 Nf6 Qxe5+ Qe7 Qxe7+ Bxe7 e5 Ne4,10,
1687,1500,black,300+5,e4 Nc6 d4 e6 e5 d5 Bb5 Bb4+ c3 Be7,10,
1459,2004,white,60+0,e4 e5 Nf3 Nc6 Bb5 a6 Ba4 Nf6 O-O Be7,10,12844.33
1612,1409,black,120+1,d4 d5 Nf3 e6 e3 Bd6 Bd3 f5 Nbd2 Nf6,10,
1430,1377,black,600+8,e4 e5 Nf3 Nc6 Bc4 Nf6 Ng5 d5 exd5 Nxd5,10,
1938,1518,white,60+0,d3 c6 Bd2 d5 Nc3 e6 f4 Nf6 Nf3 Bb4,10,
1372,1236,white,120+0,e4 e6 f4 Bc5 Nf3 Nf6 d4 Be7 e5 Ne4,10,
1434,1045,white,180+0,d4 e5 dxe5 d5 f4 Be6 Nc3 d4 Nb5 c5,10,
1848,1773,black,180+0,e4 d6 Bc4 g6 c3 Bg7 Qf3 e6 d4 Ne7,10,
1985,1687,white,60+0,e4 c5 Nf3 Nc6 d4 cxd4 Nxd4 e5 Nb5 a6,10,
1797,1806,white,30+0,d4 c5 Bg5 cxd4 Nf3 f6 Bh4 d3 Bg3 dxc2,10,
1640,1579,black,60+3,e4 e5 f4 d6 Nf3 Nc6 Bc4 Bg4 c3 Qd7,10,
1811,1759,white,300+0,d4 e6 e3 c5 Bd3 a6 Nd2 b5 a3 Nc6,10,
1403,1740,black,300+0,e4 d6 Nf3 Nf6 Nc3 g6 d4 Bg7 Bg5 h6,10,
1559,1626,white,60+0,d4 f5 c4 Nf6 Nc3 g6 e3 Bg7 Be2 O-O,10,
1644,1724,black,300+0,d4 d5 c4 Nc6 Nc3 Bf5 Nf3 Nb4 e4 dxe4,10,
1683,1513,white,300+0,e4 e5 Nf3 Nc6 d4 exd4 Nxd4 Nxd4 Qxd4 c5,10,
2011,1846,white,60+0,c3 c6 d4 d5 Nd2 e5 dxe5 Nd7 Ngf3 Qc7,10,
1810,1673,white,900+5,e4 e5 f4 exf4 Nf3 d6 Bc4 Bg4 O-O Nc6,10,
1733,1806,black,300+0,e4 d5 exd5 Nf6 d4 Nxd5 Nf3 Nc6 c3 Bg4,10,
1503,1502,black,600+0,e4 e5 Nf3 d5 exd5 Qxd5 Nc3 Qe6 Be2 Nc6,10,
1731,1700,white,60+0,e4 g6 d4 Bg7 Nf3 f6 Nc3 d6 Be3 Be6,10,5680.09
1878,1743,white,360+0,e4 c5 Nf3 d6 d4 cxd4 Nxd4 Nf6 Nc3 a6,10,
2018,1832,black,300+2,e4 e6 d4 d5 Nc3 c5 exd5 cxd4 Qxd4 exd5,10,
1297,1255,black,240+4,e4 e5 Nf3 Nf6 Nc3 Bc5 d4 exd4 Nxd4 Qe7,10,
1235,1269,white,600+0,d4 d5 Nc3 e6 f4 f5 Nf3 h6 Ne5 Qf6,10,2430.86
1615,1491,white,180+0,e4 e5 Qf3 Nc6 Bc4 f6 Qh5+ g6 Qe2 Bg7,10,
1112,1002,black,300+0,e4 e5 Nf3 Nc6 Bc4 Nh6 b3 a6 a4 Na5,10,
1398,1147,white,0+3,e4 e5 Qf3 d6 Bc4 Be6 Bxe6 fxe6 Nh3 Qf6,10,
1686,1493,white,360+0,d4 d5 Bf4 Bf5 e3 Nf6 Nf3 e6 h3 h6,10,
1594,1571,white,180+0,e4 e5 Nf3 Nc6 Bc4 d6 d3 Nf6 Ng5 d5,10,
1828,1841,white,300+0,e4 e5 Nf3 Nc6 d4 exd4 Nxd4 d6 c4 Bd7,10,
1876,1461,white,300+0,e4 e5 Nf3 Nc6 Bc4 h6 Nc3 Nf6 d3 d5,10,
2029,1538,white,600+0,e4 c5 Nf3 Nc6 Bc4 e6 O-O Nf6 Nc3 d5,10,
1295,1761,black,300+0,e4 e5 Nf3 d6 d4 exd4 Nxd4 Be7 Bc4 Nf6,10,
1989,2345,black,60+0,d4 Nf6 Nf3 g6 Bf4 Bg7 e3 d6 Bd3 O-O,10,
2248,2596,black,60+0,d3 d5 Nd2 Nf6 Ngf3 c5 g3 Nc6 Bg2 Bg4,10,
1483,1670,draw,300+0,e4 e5 Nf3 Nc6 Bc4 Bc5 O-O Qf6 Nc3 Nge7,10,
1893,1746,white,300+0,e4 c5 d3 e6 g3 Nf6 Bg2 b6 Nc3 Bb7,10,
1594,1313,white,1800+0,e4 d5 exd5 Qxd5 Nc3 Qd8 Bb5+ c6 Ba4 b5,10,
1550,1556,black,0+4,e4 Nf6 e5 Nd5 d4 d6 f4 dxe5 fxe5 Bf5,10,
2335,2117,black,60+0,d4 Nf6 c4 g6 Nc3 Bg7 Bg5 d6 Bxf6 Bxf6,10,
1744,1809,white,180+2,e4 e5 d4 exd4 c3 dxc3 Nxc3 Nc6 Bc4 Nf6,10,
2534,2048,white,60+0,e4 e6 d3 d5 Nd2 f5 g3 Nf6 Bg2 Bd6,10,3856.88
1898,2116,black,60+0,e3 f5 b3 Nf6 Bb2 g6 d4 Bg7 c4 d6,10,
1681,1877,black,60+0,g3 e6 Bg2 d5 Nf3 c6 O-O Nf6 d3 Be7,10,
2031,1773,black,60+0,c4 e6 Nc3 b6 g3 Bb7 Nf3 Bb4 Bg2 Bxc3,10,
1609,1733,black,300+2,e4 e6 d4 d6 Nf3 Bd7 Bd3 b5 a3 Be7,10,
1337,1253,white,600+0,e4 e5 Nf3 Qf6 Bc4 Bc5 Nc3 d6 O-O Be6,10,
1895,1923,black,60+0,d3 c5 e3 d5 c4 Nc6 cxd5 Qxd5 Nc3 Qd8,10,
1449,1387,white,900+0,e4 e5 Nf3 b6 Nxe5 Qe7 d4 d6 Nf3 Qxe4+,10,
1684,1711,black,360+0,e4 d6 d4 g6 Bd3 Bg7 Be3 Nf6 c3 O-O,10,2090.12
1354,1444,black,600+0,e4 d5 exd5 Qxd5 Nc3 Qe5+ Be2 b6 Nf3 Qe6,10,
1713,1825,white,600+2,e4 e5 f4 d6 Bc4 Nf6 Nc3 Be7 Nf3 Nc6,10,
1564,2039,black,60+0,e4 e5 g3 Qe7 f3 Nc6 Bg2 d6 Ne2 g6,10,
1570,1600,white,120+1,e4 e6 d4 b6 Nf3 Bb7 Nc3 Bb4 Bd3 Nf6,10,
1839,1930,white,60+0,d4 d5 c3 Bf5 h3 e6 e3 Nf6 Nd2 c5,10,
2049,2123,black,300+0,d4 d5 e3 Bf5 Bd3 Bxd3 Qxd3 c6 f4 Nd7,10,
1684,1454,white,180+0,e4 c5 Nf3 Nc6 Bb5 e6 O-O Nf6 c3 Be7,10,
1650,1685,white,300+0,d4 d5 c4 e5 dxe5 d4 e3 Bb4+ Nd2 c5,10,
1933,1875,black,180+0,e4 e6 Nf3 d5 e5 c5 b4 Nc6 bxc5 Bxc5,10,
1830,1763,white,180+0,e4 Nc6 Nc3 e5 Bc4 Bb4 d3 Bxc3+ bxc3 f6,10,
1611,1640,white,180+0,d4 d5 Nf3 e6 Nc3 Nf6 Be3 a6 Qd2 h6,10,
1966,1781,white,120+2,e4 c5 d4 cxd4 c3 d5 exd5 Qxd5 Nf3 Nf6,10,
1916,1856,white,300+0,e4 d6 f4 Nf6 Nc3 c6 Nf3 Bg4 d4 d5,10,
1775,1824,black,600+0,e4 e5 Nf3 Nc6 Bb5 Bc5 Bxc6 bxc6 Nxe5 Qe7,10,
1364,1589,black,300+0,e4 c5 Nf3 g6 d4 cxd4 Nxd4 Nc6 Nxc6 bxc6,10,
1987,1690,white,300+0,d4 d5 c4 Nf6 cxd5 Nxd5 e4 Nb6 Nc3 g6,10,
2045,2000,white,300+0,e4 e6 d4 Qe7 c3 b6 Bd3 Bb7 Qe2 g6,10,
1315,1453,white,120+0,e4 b6 Nf3 Bb7 Bc4 Bxe4 d3 Bg6 Nd4 d5,10,
1732,1423,white,30+0,d4 Nf6 c4 e6 e3 d6 Nc3 Bd7 b3 Nc6,10,
1772,1696,white,60+0,e4 Nc6 d4 e5 d5 Nce7 f3 Ng6 Nc3 Nf6,10,
1730,1610,white,600+0,e3 e5 Ne2 Nf6 d4 Nc6 dxe5 Nxe5 b3 d6,10,
1421,1431,white,600+0,d4 e6 Nf3 c5 Be3 Nc6 dxc5 Qa5+ Qd2 Bxc5,10,
1525,1519,black,600+0,c4 e5 b3 Nc6 Nf3 Bb4 h4 d6 h5 Nf6,10,1671.87
1350,2010,black,600+0,e4 e5 f4 Nc6 f5 Bc5 g3 d5 Qg4 dxe4,10,
1654,1809,black,180+5,e4 g6 d4 Bg7 Be3 d6 Nc3 c6 Qd2 h6,10,
1935,1826,draw,600+0,d4 d5 e3 Nf6 f4 e6 Nf3 c5 Bd3 c4,10,
1789,2050,black,600+0,d4 Nf6 c3 e6 Bf4 Nc6 g3 d5 Bg2 Bd6,10,
1958,2002,black,180+2,e4 e5 Nf3 Nc6 Bc4 Bc5 b4 Bb6 b5 Nd4,10,
1312,1405,black,180+2,e4 e5 d4 exd4 Qxd4 Nc6 Qc3 Bb4,8,
1636,1647,draw,300+3,e4 e5 Nf3 Nc6 d4 exd4 Nxd4 Bb4+ c3 Bc5,10,
1809,1751,black,300+3,e4 g6 d4 Bg7 Nf3 e6 Be3 Ne7 Nc3 d5,10,
1839,1929,black,180+0,e4 e5 Nf3 d6 d4 exd4 Nxd4 Nf6 Nc3 Be7,10,1275.88
1837,1987,black,180+0,c4 c5 e3 Nc6 Nf3 d5 cxd5 Qxd5 Nc3 Qd8,10,
1274,1450,black,360+0,e4 c5 Nf3 g6 Bc4 Nc6 O-O Bg7 d3 Nf6,10,
1705,1688,white,180+2,e4 e5 Nf3 Nc6 Nc3 Nf6 Bb5 a6 Bxc6 dxc6,10,
1680,1729,black,300+3,d4 Nf6 Nf3 d6 c4 g6 Nc3 Bg7 Bg5 h6,10,
1800,1731,black,30+0,e4 d5 Nc3 dxe4 Nxe4 Bg4 Qxg4 e6 Qe2 f5,10,
2216,1992,white,600+0,d4 e6 Nf3 d5 c4 h6 e3 Nf6 Nc3 Be7,10,1501.93
1773,1793,black,180+0,e4 e5 Bc4 Nf6 d3 d6 Ne2 Bg4 Bg5 h6,10,
1901,2261,black,120+1,e4 e6 d4 d5 Nd2 Nf6 exd5 exd5 Ndf3 Bd6,10,9.35
1477,1519,black,900+0,e4 e5 c4 Nc6 a3 d6 d3 Nf6 h3 Be7,10,
1748,1731,black,60+0,e4 e5 Nc3 Nc6 Bc4 Nf6 Nge2 Bc5 O-O O-O,10,
2126,1800,white,120+0,d4 d5 c4 e6 e3 Nf6 a3 dxc4 Nf3 c5,10,
2043,1841,white,60+0,Nc3 d5 e4 d4 Nce2 e5 Ng3 f6 Bc4 h5,10,
2277,2175,white,30+0,b3 Nf6 Bb2 d6 Nf3 e5 d4 Nc6 dxe5 Nxe5,10,
1883,1850,draw,120+0,Nf3 Nf6 c4 g6 Nc3 Bg7 e4 d6 d4 O-O,10,
1963,1713,white,30+0,g3 e5 Bg2 f6 Nf3 d5 d3 Bg4 e4 d4,10,
1787,1888,white,30+0,f4 c5 e3 d5 Nf3 Nc6 b3 Bg4 Bb2 Bxf3,10,
1820,1663,white,600+0,e4 e5 Nf3 Nc6 Bc4 Bc5 c3 Nf6 d4 exd4,10,
1339,1569,white,600+0,e4 c5 Nf3 Nc6 c4 e6 Nc3 Nge7 d4 Qb6,10,
1688,1706,black,60+0,e4 e6 d4 c5 e5 cxd4 Nf3 Nc6 Bb5 Qa5+,10,
1892,1822,white,600+0,d4 e6 e4 d5 Nc3 c5 Be3 cxd4 Bxd4 Nc6,10,
1546,1966,white,60+0,e4 c5 d4 g6 Nf3 cxd4 Nxd4 Bg7 Be3 Nc6,10,
1577,1654,draw,60+0,e4 c5 d4 cxd4 Qxd4 Nc6 Qd1 d6 Nc3 Nf6,10,
1975,1813,white,60+0,d4 e6 c4 d5 Nc3 dxc4 Bf4 Nf6 e3 Bb4,10,
1704,1421,white,60+0,e4 e5 Nf3 Nc6 Bc4 Bc5 Nc3 Nf6 d3 O-O,10,
1998,2155,black,60+0,d4 d6 c4 e6 e4 Nd7 Nc3 g6 f4 Bg7,10,
1740,1602,black,60+0,e4 d5 Bc4 dxc4 Nf3 c3 O-O cxd2 Qxd2 Qxd2,10,
2117,1702,white,60+0,d4 d5 c4 e6 e4 Nf6 e5 Nfd7 cxd5 exd5,10,
1942,2245,black,60+0,e4 c5 Nf3 Nc6 Bc4 Nf6 e5 Ng4 Qe2 Qc7,10,
1685,1547,white,180+0,b4 e5 a3 d5 e4 d4 c3 f5 cxd4 Qxd4,10,
1995,1816,black,60+0,e4 c5 Nc3 e6 Nf3 d5 d4 cxd4 Nxd4 dxe4,10,
1506,1495,white,600+0,e4 e5 Nf3 Nc6 Be2 Nf6 d3 Bc5 Bg5 h6,10,9125.7
1906,1803,white,60+0,e4 e5 Nf3 Nc6 d4 d6 dxe5 Bg4 Bc4 Bxf3,10,
1851,1853,white,300+0,e4 e5 Nf3 Nc6 d4 exd4 Nxd4 Nf6 Nc3 d6,10,
1742,1741,black,300+0,e4 c5 Nf3 d6 Bc4 e6 d4 cxd4 Nxd4 Nf6,10,
1576,1793,black,300+5,e3 Nf6 d3 g6 a3 Bg7 h3 d5 d4 O-O,10,
1572,1478,white,300+0,Nf3 Nf6 g3 g6 Bg2 Bg7 d3 O-O O-O d6,10,
1520,1490,white,600+5,e4 d5 d4 dxe4 Nc3 Bf5 f3 exf3 Nxf3 g6,10,
1605,1585,black,120+3,d4 d5 Bf4 c5 e3 cxd4 exd4 Nc6 Nf3 e6,10,
2312,2319,black,180+0,Nf3 g6 d4 Bg7 c4 d6 Nc3 Bg4 e4 Nc6,10,
2130,2157,white,180+0,c4 Nf6 Nc3 g6 e4 d6 d4 Bg7 f3 O-O,10,
1474,1448,white,180+0,e4 e5 Nf3 d6 d4 f6 dxe5 fxe5 Ng5 h6,10,
1883,2243,black,180+0,d4 Nf6 c4 e6 Nc3 Bb4 Qc2 O-O a3 Bxc3+,10,
1870,1828,white,180+0,e4 c5 Nf3 d6 d4 cxd4 Nxd4 Nf6 Nc3 Nc6,10,
1456,1801,black,180+5,e4 g6 Nf3 Bg7 d4 d6 Bc4 c6 a3 Nf6,10,
1842,1834,black,180+0,d4 Nf6 e3 g6 Bd3 Bg7 c3 O-O Nd2 d6,10,
2012,1946,white,900+0,e4 e6 d4 d5 exd5 exd5 Bd3 Bd6 c3 Nf6,10,
1568,1669,black,180+0,d4 d5 e3 Nc6 Nf3 Bf5 Bd3 Bg6 Bxg6 hxg6,10,
1691,2186,black,480+0,e4 Nc6 Bc4 Nf6 Nc3 e6 d4 d5 exd5 exd5,10,6040.86
1632,1516,white,300+5,e4 c5 Nf3 d6 d4 cxd4 Nxd4 e5 Nb3 Nf6,10,941.35
1702,1540,white,180+0,d4 d5 c3 e6 Nf3 Nf6 Bg5 Be7 e3 h6,10,
1726,1797,white,1020+1,e4 e5 Nf3 Nc6 d4 d6 dxe5 dxe5 Qxd8+ Kxd8,10,26.93
1297,1298,black,0+4,e4 e5 d3 f6 Bd2 d6 Be2 c6 Nf3 b5,10,
1765,1531,white,300+8,e3 c5 Nc3 e6 Qf3 d5 Bb5+ Bd7 Nh3 a6,10,
1966,1985,white,300+0,e4 e5 Nf3 Nc6 Bb5 f5 exf5 e4 Bxc6 dxc6,10,
1511,1658,black,60+0,e4 d5 exd5 Qxd5 Nc3 Qa5 d4 Nf6 Nf3 Bg4,10,
1928,1749,white,30+0,c4 b6 Nc3 Bb7 d3 d6 e3 Nd7 e4 g6,10,
2224,2273,black,300+0,e4 c5 Nf3 e6 d4 cxd4 Nxd4 Nc6 Nc3 a6,10,
1597,1889,white,120+1,e4 e6 d4 d5 exd5 exd5 Nf3 Bd6 Be2 Ne7,10,
1836,1556,white,900+15,e4 c6 d4 d5 exd5 cxd5 Bd3 Nf6 Nf3 Bg4,10,
1646,1620,black,420+0,e4 e6 f3 d5 exd5 exd5 d4 Nf6 Bd3 Bd6,10,
1412,1585,black,240+0,e4 e5 Bc4 d6 Nf3 Bg4 Bxf7+ Kxf7 Nxe5+ dxe5,10,
1919,1826,white,240+0,d4 e6 Nf3 d6 c4 Ne7 Nc3 Nd7 g3 Ng6,10,
1314,1318,white,600+0,d4 d5 c4 dxc4 d5 e6 e4 Bc5 Bxc4 Nf6,10,
1487,1373,white,300+0,e4 e5 Nf3 Nc6 Bc4 Nf6 Ng5 d5 exd5 Nxd5,10,8010.0
1742,1681,black,600+0,d4 e6 e4 c5 Nf3 Nc6 dxc5 Bxc5 Nc3 Nge7,10,
1322,1438,black,600+4,d4 d5 Bf4 e6 e3 c5 Bb5+ Nc6 dxc5 Bxc5,10,
2031,2043,black,600+0,e4 d5 e5 Bf5 d4 e6 a3 Nd7 c3 c5,10,
1835,2109,black,0+4,d3 e5 e4 d5 f4 dxe4 Nc3 exd3 Bxd3 Nc6,10,
1609,1383,black,900+0,e4 e5 Bc4 Nf6 Nc3 c6 Nf3 Bb4 Nxe5 Rf8,10,3343.85
1893,1728,white,180+0,d4 d5 c4 e6 Nc3 b6 cxd5 exd5 Nf3 Bb7,10,
1614,1664,white,300+0,e4 c5 Nf3 d6 d3 Nc6 Be2 Nf6 O-O e5,10,55.43
1352,1438,black,60+0,e4 e5 Nf3 Nc6 Bb5 a6 Bxc6 dxc6 d4 Bg4,10,
1273,1572,black,180+2,e4 e6 Bd3 d5 Nf3 dxe4 Bxe4 Nf6 Qe2 Be7,10,
939,1424,white,600+10,e4 e5 Nc3 Qh4 Nf3 Qf6 d4 exd4 Qxd4 Nc6,10,11326.74
1715,1880,black,300+0,e4 c6 Bc4 d5 exd5 cxd5 Bb3 Nc6 d4 Nf6,10,
1839,1706,white,900+0,e4 e5 Nf3 Nc6 Bc4 Be7 d4 exd4 Nxd4 Nf6,10,
1498,1533,white,120+0,d4 d5 c4 e6 Nc3 c5 e3 Nc6 Nf3 Nf6,10,
1617,1577,black,180+2,e4 c5 Nf3 e6 d4 Qc7 d5 d6 Bb5+ Nd7,10,
1634,1716,black,300+0,e4 c5 Nf3 Nc6 Bb5 Nf6 e5 Ng4 Bxc6 bxc6,10,
1790,1770,white,60+0,e4 e6 Nf3 d5 exd5 exd5 d4 h6 Nc3 Nf6,10,
1633,1766,black,300+0,e4 c6 d4 d5 e5 e6 Nf3 a6 Bd3 c5,10,
1752,1607,white,480+0,e4 e5 Qf3 Bc5 Bc4 Nf6 d3 d6 h3 h6,10,
1755,1566,white,300+3,d4 d6 c4 c6 Nc3 Nf6 e4 Nbd7 Bg5 g6,10,
1537,1591,white,1200+0,d4 c6 e4 d5 e5 Bf5 Bd3 Bxd3 Qxd3 e6,10,
1877,2097,black,300+0,c4 c5 Nc3 d6 g3 e6 Bg2 Nc6 Nf3 a6,10,
1988,1897,white,60+0,e4 c5 Nf3 d6 d4 cxd4 Nxd4 Nf6 Nc3 a6,10,
1917,1857,white,180+2,e4 c5 Nc3 Nc6 f4 g6 Bb5 Nd4 Nf3 Nxb5,10,27.37
1671,1555,black,60+0,e4 c5 Nf3 d6 d4 cxd4 Nxd4 Nf6 Nc3 a6,10,
1797,1720,white,300+0,Nf3 Nf6 d4 d5 Bg5 e6 e3 Be7 Bd3 Nbd7,10,
2206,2089,white,60+0,e4 c6 d4 d5 Nd2 dxe4 Nxe4 Nf6 Nxf6+ exf6,10,
1738,1883,black,60+0,d4 Nf6 c4 c5 Nf3 cxd4 Qxd4 Nc6 Qd1 g6,10,
1398,1465,black,300+0,e4 e5 Nf3 d6 Nc3 c6 d4 exd4 Nxd4 h6,10,
1787,1713,white,300+2,e4 c5 d4 cxd4 c3 dxc3 Nxc3 e6 Nf3 a6,10,2954.29
1402,1511,black,660+8,e4 e5 Nf3 Nc6 d3 Bc5 Be2 Nf6 h3 O-O,10,
1663,1767,white,300+0,e4 d5 exd5 Nf6 c4 e6 dxe6 Bxe6 d4 Bb4+,10,
2143,1864,white,60+0,e4 c5 Nf3 d6 d4 cxd4 Nxd4 Nc6 Nc3 Bd7,10,1800.33
1594,1592,black,60+4,b3 Nf6 Bb2 Nc6 c4 d6 e3 e5 Be2 Be6,10,
1470,1392,white,180+0,e4 c5 Nf3 d6 Bc4 Nf6 e5 dxe5 Nxe5 Bd7,10,
1384,1535,black,540+1,e4 c5 Bc4 Nc6 Qf3 e6 c3 Nh6 d3 Be7,10,
1490,1653,white,60+0,d4 Nf6 c4 g6 Nc3 d5 cxd5 Nxd5 e4 Nxc3,10,7139.17
1793,1797,black,300+0,d4 d5 c4 dxc4 Nc3 Nf6 e4 e6 Bxc4 Bb4,10,
1847,1697,draw,60+0,d4 Nf6 c4 g6 Nc3 Bg7 Nf3 O-O e4 d6,10,
1722,1714,white,0+1,e4 d5 exd5 Qxd5 Nf3 Qe6+ Be2 Nc6 O-O Bd7,10,
1757,1397,white,300+0,d4 e6 c4 Bb4+ Bd2 Be7 e4 d6 Bd3 h6,10,
1292,1284,black,60+0,e4 e5 Nf3 d6 Bc4 Bg4 O-O Be7 h3 Bh5,10,
1279,1541,white,600+0,e4 Nf6 Bc4 Nxe4 d3 Nc5 Nf3 g6 O-O,9,
1778,1804,white,60+1,e4 g6 d4 Bg7 Nf3 Nf6 c4 d6 Bd3 O-O,10,
1361,1106,black,300+0,d4 d5 e3 Nf6 Nf3 Nc6 Be2 Bg4 O-O Bxf3,10,
1672,1960,black,600+0,e4 d5 e5 Nc6 Bb5 Bd7 Bxc6 Bxc6 d4 e6,10,
1579,1572,black,780+2,e4 e6 d4 d5 e5 c5 Nf3 Nc6 c4 cxd4,10,
1780,1920,black,600+0,e4 e6 Nf3 d5 exd5 exd5 d4 Bd6 Nc3 c6,10,
1650,1558,white,300+8,e4 d5 exd5 Qxd5 d3 e6 Nf3 Nc6 Nc3 Qd7,10,
1802,1368,white,600+0,e4 e5 Nf3 d6 Bc4 h6 c3 g6 d4 f6,10,
1981,1815,white,180+2,e4 c5 Nf3 Nc6 c3 d5 exd5 Qxd5 d4 Bg4,10,
1731,1946,black,600+0,e4 c5 Nf3 Nc6 d4 cxd4 Nxd4 e5 Nxc6 bxc6,10,
1746,1779,black,180+0,d4 Nf6 c4 c5 d5 g6 Nd2 Qb6 e4 e5,10,
1482,1570,black,120+0,d4 d5 e4 dxe4 Nc3 Nf6 Nh3 Bxh3 gxh3 Qd7,10,
1729,1493,white,120+0,e4 e6 Nf3 d6 d4 c6 c3 Bd7 Be3 f6,10,
2129,1991,white,60+0,d4 d5 Nf3 c6 Bg5 Nf6 Bh4 Qa5+ Nbd2 e6,10,
1809,1678,white,300+0,e4 c5 Nf3 Nc6 Bb5 Nd4 Nxd4 cxd4 d3 a5,10,
1748,1771,black,600+0,Nf3 c5 e3 d5 d4 c4 Nc3 e6 Be2 Nf6,10,
1965,2139,black,30+0,Nh3 e6 Ng5 d5 Nxf7 Kxf7 d3 Nf6 Nd2 h6,10,
1857,1543,white,600+0,f4 e6 Nf3 Bc5 e3 d5 c3 Nc6 d4 Bd6,10,
1845,1978,black,600+0,e4 e5 Nf3 d6 Nc3 Bg4 Be2 Nf6 d4 exd4,10,
1328,1378,white,300+0,e4 e5 Nf3 Nc6 Bc4 Nf6 d3 Be7 a3 O-O,10,7898.81
1668,1581,white,600+0,e4 e5 Nf3 h6 h3 Nc6 Be2 Nf6 d3 Bc5,10,
2184,2412,draw,60+0,e4 c6 Nf3 d5 exd5 cxd5 Ne5 Nc6 d4 Nxe5,10,
2099,1866,black,60+0,e4 e6 Nf3 d5 exd5 exd5 d4 Nf6 c4 Be7,10,
2098,2140,white,300+0,e4 c5 Nf3 g6 d4 Bg7 Nc3 cxd4 Nxd4 Nc6,10,
1598,1499,white,600+0,d4 Nf6 Bf4 h6 Nc3 g5 Be5 Bg7 e3 O-O,10,
1615,1707,white,180+0,d4 d5 c4 dxc4 Nc3 e6 e4 Bb4 Bxc4 Bxc3+,10,
2258,2598,draw,60+0,e4 c6 d4 d5 Nc3 dxe4 Nxe4 Nd7 Nf3 Ngf6,10,
1673,1492,white,300+0,e4 d5 e5 Bf5 d4 e6 Nf3 c5 Be3 Qc7,10,
1968,1672,white,60+0,Nf3 c6 g3 d5 Bg2 Bg4 O-O Nd7 d4 Ngf6,10,
1732,1635,black,300+0,e4 d6 Nf3 Nf6 Bc4 g6 Ng5 e6 d4 Bg7,10,
1591,1628,black,60+0,e4 c5 c3 d6 d4 e6 Nf3 cxd4 cxd4 b6,10,
1163,1762,black,60+0,e4 c5 Nf3 e6 d4 cxd4 Nxd4 Nc6 Be3 Qc7,10,
996,1402,black,180+0,Nf3 d5 e3 Bg4 h3 Bxf3 Qxf3 Nf6 g4 e5,10,
1874,1672,white,180+0,e4 e5 f4 exf4 Nf3 h6 Bc4 d6 d4 a6,10,
1898,1981,draw,180+0,d4 c6 c4 d5 Nc3 Nf6 Nf3 dxc4 a4 Bg4,10,
1585,1403,white,720+4,e4 e5 Nf3 d6 d4 exd4 Qxd4 Nc6 Bb5 Bd7,10,
1491,1511,black,180+3,e4 d5 exd5 Qxd5 Nc3 Qd8 Nf3 e6 Bc4 Bb4,10,
2026,2348,black,300+5,d4 d5 c4 e6 Nc3 Nf6 Bg5 c6 e3 Nbd7,10,
1569,1622,black,60+2,e4 c5 Nf3 g6 d4 cxd4 Nxd4 Bg7 Nb3 Nc6,10,
1694,1731,black,180+0,d4 c6 e4 d5 e5 Bf5 f4 e6 Nf3 Be7,10,
2072,1981,white,60+0,d4 Nf6 c4 e6 Nc3 Bb4 e3 Bxc3+ bxc3 c5,10,
1792,2091,black,180+0,e4 e5 Nf3 Nc6 Nc3 Bb4 a3 Ba5 b4 Bb6,10,1687.54
1753,1773,black,300+0,c4 e5 g3 Bc5 Bg2 d6 b3 Ne7 Nc3 Nbc6,10,
1446,1434,white,60+0,e4 e5 Nf3 Nc6 Bc4 d6 d4 Bg4 dxe5 Nxe5,10,
2415,2133,white,300+0,c4 e6 g3 d5 d4 Nf6 Bg2 dxc4 Nf3 c5,10,
1574,1815,black,600+0,e4 e5 a3 Nc6 c3 a6 h3 h6 Bc4 Nf6,10,
1432,1419,black,300+8,e4 e5 Nf3 Bd6 Bc4 h6 d3 a6 a3 b5,10,
1298,1367,black,180+0,e4 e5 d4 exd4 Qxd4 Nc6 Qe3 Nf6 e5 Nd5,10,
1711,1880,white,300+3,e4 e6 d4 d5 Nc3 Nf6 e5 Nfd7 f4 c5,10,
2121,2026,black,180+0,e4 c6 d4 d5 e5 Bf5 Nc3 e6 g4 Bg6,10,
1337,1534,black,300+4,d4 e6 e3 d5 Be2 Nc6 a3 Bd7 Nf3 Nf6,10,
2099,2021,white,480+0,e4 d6 d3 Nd7 f4 g6 Nf3 Bg7 Nc3 e6,10,
1893,1853,white,180+0,d4 d5 c4 c6 Nc3 e6 Nf3 Nf6 Bg5 Be7,10,
1562,1691,black,300+0,e4 e5 d4 exd4 Qxd4 Nc6 Qe3 Bb4+ Bd2 Qe7,10,
1690,1685,black,480+0,e4 d5 exd5 Qxd5 Nc3 Qa5 Nf3 c6 Bc4 Bg4,10,
1452,1552,white,600+0,e4 e5 Nf3 Nc6 Bb5 a6 Ba4 Nf6 d3 Bc5,10,
1745,1907,black,300+0,d4 c5 Nf3 cxd4 Nxd4 Nc6 c3 e5 Nb3 d5,10,
1637,1601,white,600+0,e3 e6 d3 d5 h3 Nf6 g3 c5 Bg2 Be7,10,
1951,1945,black,600+0,e4 e6 d4 d5 exd5 exd5 Bf4 Nf6 Bd3 Bd6,10,
2030,1713,black,60+0,e4 c6 Nf3 d6 d4 Qc7 c4 Nd7 Nc3 a6,10,
1798,1664,white,600+0,e4 e5 Nf3 Qf6 Nc3 c6 d3 h6 Be2 Bb4,10,
2642,2352,white,60+0,e4 g6 h4 d6 h5 Nf6 hxg6 fxg6 Nc3 Bg7,10,
1666,1574,white,180+2,e4 e5 d4 exd4 Qxd4 Nc6 Qd3 Nf6 Bg5 Be7,10,3437.15
2030,1791,white,60+0,b3 d6 Bb2 e5 e3 g6 Ne2 Bg7 d4 Ne7,10,
1121,1081,black,900+15,e4 b6 d4 Bb7 d5 e6 Bb5 exd5 exd5 c6,10,357.26
1565,1461,white,300+0,e4 b6 d4 Bb7 d5 e6 dxe6 dxe6 Qxd8+ Kxd8,10,
1403,1551,black,300+0,e4 e5 Nf3 Nc6 Bb5 d6 O-O Bd7 Re1 Nf6,10,
2129,2153,black,30+0,d4 Nf6 c4 c5 Nc3 e6 d5 exd5 cxd5 d6,10,
1204,1225,white,300+0,e4 e5 Nf3 Nf6 Bc4 Bc5 Nxe5 O-O f3 d6,10,
2063,1973,white,180+0,Nf3 c5 d3 Nc6 Nbd2 d5 e4 dxe4 dxe4 e5,10,
1381,1655,black,60+0,e4 c6 f4 d5 d3 dxe4 dxe4 Qxd1+ Kxd1 Nf6,10,
1829,1815,white,420+8,e4 e5 Nf3 Nc6 Bc4 Bc5 O-O Nf6 d3 h6,10,
1709,1968,black,30+0,e4 d6 d4 c5 d5 Nf6 c4 Nxe4 Qe2 Nf6,10,
1396,1445,black,300+0,d4 d5 Nf3 f6 e3 c6 Bd3 g6 O-O e6,10,
1554,1572,white,480+0,e4 e5 Qh5 Qf6 Nc3 Bc5 Nf3 Nc6 Nd5 Qg6,10,
1840,1369,white,300+0,e4 e5 Nf3 Nc6 d4 exd4 Bc4 Bb4+ c3 dxc3,10,
1459,1480,black,600+0,e4 c5 d3 d6 Nc3 Nf6 h3 Nc6 Nf3 e6,10,
1846,1955,black,300+0,c4 c5 Nc3 Nc6 d3 e5 g3 d6 Bg2 Be6,10,
2230,1887,white,900+15,e4 c5 Nf3 d6 Bb5+ Bd7 Bxd7+ Nxd7 O-O Ngf6,10,2547.67
1689,1703,white,300+0,e4 e5 Nf3 Nc6 Nc3 Bb4 Bc4 Nf6 d3 O-O,10,
1432,1295,white,300+0,e4 e5 Nf3 Nc6 Bc4 a6 d4 exd4 Ng5 Nh6,10,
1728,1850,black,180+0,e4 e5 Nf3 Qf6 Bc4 Bc5 O-O Nc6 d3 h6,10,
2024,1583,black,300+0,e4 d6 d4 b6 Nc3 g6 g3 Bg7 Bg2 Bb7,10,
1874,1683,white,180+1,b4 e5 Bb2 Bxb4 Bxe5 Nf6 Nc3 O-O Nf3 d6,10,
1667,1621,white,180+0,e3 c5 d3 Nc6 Bd2 d5 a3 e6 h3 Nf6,10,
2227,2222,white,180+0,e4 e6 d4 d5 Nc3 Bb4 e5 Qd7 Qg4 Bf8,10,
1774,1736,black,180+0,d4 d5 c4 e6 Nc3 Nf6 Bf4 c5 e3 cxd4,10,
1384,1416,white,300+0,d4 e6 e4 Nf6 e5 Nd5 Bc4 a6 Nf3 b5,10,
1223,1352,white,240+5,e4 d5 d4 dxe4 Be3 e6 Nc3 Bb4 Qd2 Bxc3,10,
1309,1133,white,300+0,e4 e5 d4 Nc6 d5 Nb8 Nc3 Bb4 Bc4 d6,10,
1921,2068,black,60+0,d4 g6 Bf4 Bg7 Be5 Nf6 Nf3 O-O e3 d6,10,1388.79
1182,935,white,180+0,d4 d5 Nc3 Nc6 Nf3 Bg4 e3 Nf6 h3 Bxf3,10,
1687,1915,draw,300+0,e4 e6 d4 d5 exd5 exd5 c4 Nf6 c5 Bf5,10,
1875,1801,white,30+0,g3 b6 Bg2 Nc6 d4 Bb7 d5 Ne5 Nf3 Nxf3+,10,
1607,1506,black,600+0,e4 e5 c3 a6 Qh5 Nc6 Bc4 g6 Qf3 Nf6,10,
1725,1736,black,120+0,d4 d5 c4 Nf6 Bg5 e6 Qb3 Be7 cxd5 Nxd5,10,
1762,1965,black,60+0,d4 g6 c4 Bg7 Nc3 c5 d5 d6 e4 Nd7,10,
1316,1673,black,120+0,a3 e5 a4 d5 a5 f5 a6 Nxa6 h3 Nf6,10,
1460,2041,black,180+0,e4 e6 Nf3 d5 exd5 exd5 d4 c5 dxc5 Bxc5,10,
2087,1622,white,180+0,d4 d5 c4 e6 cxd5 exd5 Nc3 Nf6 Bf4 Bd6,10,
1840,2075,black,180+0,c4 Nf6 e3 d5 d4 g6 Nf3 Bg7 Nc3 O-O,10,
1942,1974,white,60+0,e4 d6 d4 e5 f4 f6 fxe5 dxe5 d5 c5,10,
2253,1876,white,180+0,d4 g6 c4 Bg7 h4 d6 h5 Nf6 hxg6 hxg6,10,
2065,1766,white,180+2,d4 g6 c4 Bg7 Nc3 Nf6 e4 d6 f4 O-O,10,2577.21
1769,1573,draw,120+1,e4 e5 Nf3 Nc6 d4 exd4 Nxd4 Nxd4 Qxd4 b6,10,
1795,1808,white,30+0,c3 e5 e3 Bc5 b4 Nc6 bxc5 Qe7 d4 exd4,10,
1549,1786,white,180+2,e4 e5 Bc4 Nf6 Nf3 d6 d4 Bg4 dxe5 Bxf3,10,145.75
1703,1534,white,900+0,d4 d5 Nf3 Nf6 Bf4 Nc6 e3 Bf5 Bb5 e6,10,1460.9
1749,1703,black,600+0,e4 e5 d4 exd4 c3 dxc3 Bc4 cxb2 Bxb2 Bb4+,10,
1642,1865,white,300+0,e4 c5 Nc3 Nc6 Nf3 g6 Bc4 Bg7 d3 e6,10,
1945,2074,black,180+0,d3 d5 g3 e5 Bg2 c6 f4 Bd6 fxe5 Bxe5,10,
1926,1713,white,600+0,e4 e6 d4 d5 e5 c5 c3 Nc6 Nf3 Qb6,10,3587.6
1960,1598,white,120+2,e4 c6 d4 e6 a3 g6 f4 Bg7 Nf3 Ne7,10,
1136,1403,black,0+3,e4 d5 exd5 Qxd5 Nc3 Qe6+ Be2 Qg6 Nf3 Qxg2,10,
1103,1048,black,300+0,e4 e5 Nf3 Bc5 Nc3 d6 d4 exd4 Nxd4 Qf6,10,
1550,1427,white,300+0,e4 b6 d4 Bb7 Nc3 e6 Nf3 Bb4 Bd2 Bxc3,10,
2381,2543,black,300+0,e4 e5 Nf3 Nc6 Bc4 Nf6 Ng5 d5 exd5 Na5,10,48.17
1802,1715,black,120+2,d4 e6 e4 c6 Nc3 Bb4 Bd3 Bxc3+ bxc3 d6,10,
1377,1203,white,300+1,e4 c5 Nc3 d6 Nf3 Nc6 Bc4 Nf6 Ng5 e6,10,
2332,2307,black,180+0,c4 Nf6 Nf3 e6 g3 d5 Bg2 dxc4 O-O Be7,10,
1500,1375,white,1800+0,e4 Nc6 Nf3 Nf6 Nc3 Nxe4 Nxe4 d5 Neg5 f6,10,3859.23
2069,2121,white,60+0,d4 e5 dxe5 Nc6 Nf3 Bc5 Qd5 Be7 Nc3 Nb4,10,
1742,1788,black,30+0,d3 d5 Bg5 Nf6 Bf4 e6 Bc1 Bd6 g3 Bxg3,10,
1827,2126,black,180+0,e4 c5 c3 d5 exd5 Nf6 d4 Nxd5 Nf3 Bg4,10,
1952,1838,black,180+0,e4 e6 Nf3 d5 exd5 exd5 d4 Bd6 Nc3 Ne7,10,
1704,1732,black,0+1,e4 e5 d4 exd4 Qxd4 Nc6 Qe3 Nf6 Nc3 d5,10,
1520,1279,white,60+0,e4 e5 f4 d6 f5 Nf6 d3 d5 Bg5 dxe4,10,40.29
1637,1292,black,240+0,e4 e5 Nf3 Nc6 Nc3 Bc5 Bc4 h6 d3 Nf6,10,
1420,1562,black,60+0,e4 b6 Nf3 Bb7 d4 d6 Bd3 Nd7 O-O Qb8,10,
1359,1441,black,300+3,e4 e5 Nf3 Nc6 d4 exd4 Nxd4 Be7 Nxc6 bxc6,10,5956.14
2511,1654,white,60+0,d4 g6 c3 Bg7 Nf3 e6 Bf4 Nf6 Bg3 d6,10,
1986,2580,black,60+0,d4 g6 Nf3 Bg7 Bf4 c5 e3 cxd4 exd4 d5,10,
1516,1491,white,480+0,b3 e5 g3 d5 h4 Bc5 d3 Qf6 e3 Nh6,10,
1496,1432,black,1500+0,e4 e5 Nf3 Nc6 Bb5 a6 Bxc6 dxc6 Nxe5 Bd6,10,
1681,1308,white,300+0,e4 e6 d4 Qh4 Nc3 Bb4 Bd3 Nc6 Nf3 Qg4,10,
1966,1968,white,60+0,e4 c6 d4 d5 Nc3 dxe4 Nxe4 Nf6 Nxf6+ gxf6,10,
1596,1723,black,300+0,e4 c5 Bc4 Nc6 Qh5 Ne5 Qxe5 d6 Qf4 Nf6,10,
2201,2080,draw,900+0,e4 c5 Nf3 d6 d4 cxd4 Nxd4 Nf6 Nc3 a6,10,60.64
1887,1870,white,300+3,e4 c6 Nc3 d5 d4 dxe4 Nxe4 Bf5 Nc5 e5,10,
1462,1411,white,300+0,d4 e6 Nf3 h6 e3 a6 Bd3 g5 Nbd2 Bg7,10,
1574,1686,black,360+4,d4 Nf6 Nc3 Nc6 Bg5 d6 Bxf6 Be6 e4 exf6,10,
1569,1668,white,60+0,d4 d5 c4 dxc4 Nc3 Bd7 e4 b5 a3 c6,10,564.51
1783,1841,black,120+0,d4 Nf6 Nf3 e6 c3 b6 Bg5 Bb7 e3 Nc6,10,
1272,1293,black,60+0,e4 e5 d3 Nc6 Nc3 Nf6 Nd5 Nxd5 exd5 Bc5,10,
1226,988,white,600+0,e4 e6 Qf3 d5 Bb5+ Bd7 Nc3 a6 Ba4 b5,10,
1852,1809,white,600+0,e4 e5 Nf3 Nc6 Bb5 Nf6 O-O Bc5 c3 Nxe4,10,
1895,1774,black,120+0,c3 Nf6 Qc2 d6 d3 Nbd7 Nf3 e5 e4 Be7,10,
1742,1736,white,60+0,e4 d5 exd5 Qxd5 Nc3 Qd8 Nf3 c5 Bb5+ Bd7,10,
2067,2168,white,60+1,e4 c6 d4 d5 Nc3 a6 Nf3 Bg4 exd5 cxd5,10,65.54
1732,1864,white,600+0,e4 e5 Nf3 Nc6 Bb5 a6 Bxc6 dxc6 Nc3 Bg4,10,
1708,1546,black,180+0,e4 c5 Nf3 d6 d4 cxd4 Nxd4 Nf6 Nc3 g6,10,
1577,1481,black,900+0,d4 d5 c4 e6 Nf3 Bb4+ Nc3 Nf6 e3 O-O,10,
1742,1883,white,60+0,e4 e6 d4 c5 dxc5 Bxc5 Nf3 Bb6 Nc3 Nf6,10,1811.43
1405,1494,black,600+0,e4 Nc6 Nf3 e5 Nc3 Be7 d4 f6 Bb5 a6,10,
1732,1673,black,600+0,e4 c5 c3 Nf6 e5 Nd5 d4 cxd4 cxd4 Nb6,10,
1494,1436,white,180+0,e4 e6 d4 d5 e5 Nc6 c3 Be7 Nf3 f6,10,72.47
1660,1605,black,900+10,e4 e6 d4 d5 Nd2 c5 c3 cxd4 cxd4 Bb4,10,
1883,1813,white,120+0,e3 d5 d4 e6 c4 dxc4 Bxc4 Nf6 Nc3 Bb4,10,
1816,1814,white,60+0,e4 e5 f4 exf4 Nf3 Be7 Bc4 Bh4+ Kf1 d6,10,
1827,1711,white,180+0,e4 d5 exd5 Qxd5 Nf3 Qd8 Nc3 Bf5 Bc4 e6,10,
1210,1484,black,180+0,e4 c5 f3 d6 g4 Nf6 d3 a6 c4 e6,10,
1842,1699,white,180+2,g4 d5 Bg2 e5 c4 dxc4 Qc2 Nc6 Bxc6+ bxc6,10,
1743,1934,draw,30+0,e4 e6 e5 d5 exd6 c5 g3 Bxd6 Bg2 Nf6,10,
2148,2359,black,180+0,d4 Nf6 c4 e6 g3 d5 Bg2 dxc4 Nf3 Bb4+,10,
1398,1300,white,600+0,e4 e5 Nf3 Nc6 Bb5 a6 Bxc6 bxc6 Nxe5 Qe7,10,82.06
1576,1623,black,180+2,e4 e6 d4 g6 c4 Bg7 f4 Nc6 e5 Nge7,10,
2167,2285,black,30+0,d4 g6 Bg5 Bg7 Nf3 Nf6 Bd2 Ne4 e3 d5,10,
1648,1833,white,120+0,e4 e6 Nf3 d6 Nc3 h6 d4 c6 Bd3 g6,10,
2144,2027,white,180+2,e4 c6 Ne2 d5 e5 e6 d4 g6 Nd2 Bg7,10,
1577,1521,black,600+0,e4 e5 Nf3 Nc6 Bc4 Bc5 c3 Nf6 Ng5 O-O,10,3059.45
1672,1572,draw,300+0,e4 Nc6 Nf3 f5 exf5 Nf6 d4 e6 fxe6 dxe6,10,
1672,1772,black,120+1,d4 c6 c4 d5 Nc3 g6 Nf3 Bg7 c5 Bg4,10,
1989,2285,black,60+0,d4 d5 c4 dxc4 Nf3 c5 g3 Nc6 d5 Nb4,10,
1341,1257,white,300+0,e4 c5 d4 e6 d5 exd5 exd5 d6 Bb5+ Bd7,10,
1889,1762,black,300+0,e4 c5 Nf3 Nc6 Bb5 Nd4 Nxd4 cxd4 d3 Qa5+,10,
1670,1710,white,300+0,e4 e5 Nf3 d6 c3 Bg4 Be2 Bxf3 Bxf3 Nc6,10,
2041,1729,black,60+0,d3 Nf6 Nc3 g6 Bd2 Bg7 e4 O-O g3 d6,10,
1561,1655,white,300+0,Nf3 d5 d4 Bg4 e3 Bxf3 Qxf3 e5 dxe5 Nc6,10,
1468,1372,black,300+0,e4 c5 Bc4 e6 Qf3 Nc6 c3 Ne5 Qe2 Qb6,10,
1443,1420,black,420+10,e4 e5 Nf3 Nf6 Bc4 h6 Nxe5 d5 exd5 Nxd5,10,
1211,2051,black,60+0,c4 g6 Nc3 Bg7 d4 Nf6 e4 O-O f4 d5,10,
1991,1828,white,60+0,d4 d5 c4 c6 Nc3 Nf6 Nf3 e6 e4 Nxe4,10,
1165,1189,black,300+0,e4 e5 Nf3 Nc6 c3 Bc5 d4 exd4 cxd4 Bb6,10,
2162,1487,white,60+0,d4 d5 Nf3 c6 c4 Bg4 Nc3 e6 cxd5 Bd6,10,
1544,1689,white,60+0,d4 g6 e3 Bg7 Nf3 f5 Nbd2 d6 c4 Be6,10,
1655,1670,black,180+0,c4 e6 Nc3 Bc5 d3 Nc6 e4 Nd4 f4 b6,10,
1589,1489,white,180+0,e4 d5 exd5 Qxd5 Nc3 Qa5 d3 e6 Bd2 c6,10,
1755,1674,white,420+9,e4 e6 f4 d5 e5 c5 b3 Nc6 Nf3 g6,10,
1433,1388,white,900+5,e4 d5 exd5 Qxd5 Nc3 Qe5+ Be2 Qg5 Bf3 Qe5+,10,
1322,1296,white,600+0,e4 e5 Bc4 Nc6 Qf3 Nf6 d3 g5 Bxg5,9,
1762,1728,black,300+0,d4 Nf6 Nf3 e6 g3 d5 Bg2 c5 c3 Nc6,10,
1475,1540,black,120+0,e4 b6 Nf3 Bb7 Bd3 e6 c3 Be7 Bc2 Nf6,10,
2207,2221,white,60+0,d4 d5 Nf3 c5 c4 dxc4 e3 Be6 Nc3 Nf6,10,
1819,1853,white,180+0,d4 c5 e3 cxd4 exd4 d5 Nf3 Nf6 c4 e6,10,
1740,1709,black,480+0,e4 e5 Bc4 Nc6 Nf3 Nf6 d4 d5 exd5 Nxd5,10,
1033,986,white,600+0,e4 e5 Qh5 g6 Qxe5+ Be7 Qxh8 Bf6 Qxg8+ Ke7,10,
1586,1292,white,600+3,e4 e5 Nf3 Nc6 Bc4 Nh6 Nc3 d6 d4 Be6,10,
1981,1940,black,60+0,e4 e6 d4 Be7 Nc3 c6 f4 d5 Nf3 dxe4,10,
1428,1642,black,60+0,d4 c6 c4 d6 Nf3 h6 e4 g5 Be2 Bg7,10,
1734,1685,white,600+0,e4 c5 Bc4 e6 Nc3 a6 a4 g6 Nh3 Bg7,10,
1535,1564,white,60+0,e4 e6 Nf3 d6 c3 Bd7 d4 Be7 Bd3 Nc6,10,
1599,1500,white,300+3,e4 d5 Nf3 Nc6 exd5 Qxd5 Nc3 Qa5 Bb5 e6,10,
1671,1687,black,180+0,c4 c5 Nc3 d6 g3 Nf6 Bg2 Nc6 d3 Bd7,10,
1760,1801,white,60+0,e4 c5 Nf3 Nc6 d4 d6 Nc3 cxd4 Nxd4 Nxd4,10,
2145,1959,draw,30+0,e4 Na6 Nc3 Nb4 f4 Nc6 d4 Nb8 d5 d6,10,
1618,1667,black,540+7,e4 e5 Nf3 Nc6 Bc4 Nf6 Ng5 Bc5 Nxf7 Bxf2+,10,
1827,1688,white,240+0,e4 d5 exd5 Qxd5 Nf3 Nf6 Be2 Bf5 Nc3 Qa5,10,
1384,1439,black,180+0,e4 e5 Nc3 Nc6 Nf3 Bb4 Nd5 Nf6 Nxb4 Nxb4,10,
1596,1346,white,540+0,e4 d5 exd5 Qxd5 Nf3 Bg4 Nc3 Bxf3 gxf3 Qc6,10,
1894,1799,black,300+0,f4 e6 Nf3 Be7 e3 Bh4+ g3 Be7 Bg2 Nf6,10,
1100,1266,white,300+0,e4 d5 Nc3 dxe4 Nxe4 Nf6 Nxf6+ gxf6 d4 e5,10,
1282,1166,black,180+2,e4 e5 Nf3 Nc6 Nc3 Bc5 d3 Nf6 Be3 Bxe3,10,
1114,1628,black,120+0,Nf3 Nc6 e3 e5 c3 d5 d4 e4 Nh4 Qxh4,10,
1443,1382,black,300+0,e4 c5 Bc4 e6 Nc3 g6 a3 Qc7 d3 Nc6,10,
1689,1754,black,60+0,d4 d5 c4 Nf6 Nc3 dxc4 e4 Nc6 Nf3 Bg4,10,3632.83
1820,1947,black,480+0,e4 c5 Bc4 Nc6 Nc3 g6 b3 Bg7 Bb2 e6,10,
1939,1781,white,180+0,e4 e6 Nf3 c6 d4 d5 exd5 cxd5 c4 Nc6,10,1611.8
1870,1500,white,120+0,d4 d5 c3 c6 Nf3 f6 g3 e6 Bg2 Nh6,10,
1631,1938,black,180+0,c4 Nf6 Nc3 e6 Nf3 d5 cxd5 exd5 d4 Be7,10,
1761,1993,white,180+0,e4 e5 Nf3 Nc6 Bc4 Nf6 Ng5 d5 exd5 Na5,10,
1531,1600,black,180+0,e4 c5 d3 Nc6 g3 d6 Bg2 Nf6 Nf3 g6,10,
1387,1445,black,600+2,e4 d5 Qe2 Nf6 exd5 Nxd5 Nf3 h6 c4 Nb4,10,
1834,1903,white,180+0,e4 d5 exd5 Nf6 d4 Nxd5 c4 Nb6 Nf3 Bg4,10,
1307,1336,white,120+1,e4 d5 exd5 Qxd5 Nc3 Qd8 d3 c6 d4 b5,10,
2265,1871,white,60+1,Nc3 c5 Nf3 e6 e4 a6 d4 Qc7 d5 Nf6,10,
1578,1580,black,300+0,e4 e6 d4 d5 e5 c5 f3 Qb6 Nc3 Nc6,10,93.96
1983,2305,black,480+0,d4 d5 g3 Nf6 Bg2 Bf5 Nf3 e6 O-O Be7,10,
2300,2285,white,180+0,Nf3 Nf6 b3 e6 Bb2 Be7 e3 O-O d4 b6,10,
1665,1504,black,60+0,c4 e5 Nc3 d6 g3 Nf6 Bg2 Be7 Nf3 Be6,10,
1599,1803,black,300+0,e4 d6 Nf3 Nf6 Nc3 e5 d3 Be7 Bg5 O-O,10,
1688,1781,white,60+0,e4 d5 exd5 Qxd5 Nc3 Qd8 Nf3 Nf6 d4 Nc6,10,
1373,1374,white,300+0,e4 d5 exd5 Qxd5 Nc3 Qe5+ Be2 Qe6 d3 Qe5,10,
1762,1886,black,30+0,e4 g6 Nf3 Bg7 Nc3 e6 Bc4 Ne7 Bb3 O-O,10,
1738,1676,white,60+0,e4 e6 Nc3 d6 d4 Nf6 Bg5 Be7 Nf3 O-O,10,
1839,1906,white,60+0,e4 c5 f4 d6 Nf3 Nf6 Bc4 e6 e5 dxe5,10,
1673,1729,black,60+0,d4 d6 Nf3 Bg4 h3 Bxf3 gxf3 Nf6 Nc3 e6,10,
1757,1762,white,300+0,e4 e5 f4 d5 d3 dxe4 dxe4 Qxd1+ Kxd1 Nf6,10,
2046,2137,black,60+0,e4 d5 d3 dxe4 Nc3 exd3 Bxd3 Nf6 f4 g6,10,
1949,1942,black,60+0,g3 e5 Bg2 Nc6 d4 f5 d5 Nce7 Bg5 d6,10,
1364,1370,black,900+15,e4 d5 exd5 Qxd5 Nc3 Qd6 Ne4 Qe6 d3 f5,10,
1233,1500,white,60+2,e4 Nf6 e5 Ne4 d3 Nc5 d4 Nc6 dxc5 Nxe5,10,
2305,2404,black,180+0,e4 c5 Nf3 d6 Bb5+ Nd7 O-O a6 Bxd7+ Bxd7,10,
1857,1524,white,60+0,e4 e6 Nf3 d6 d4 Be7 e5 d5 Nc3 Bd7,10,7517.0
1053,1378,black,60+0,c3 e6 d4 c6 e3 c5 Bd2 a6 e4 Nc6,10,
1847,1766,white,300+0,Nf3 b6 g3 Bb7 Bg2 Qc8 O-O h5 d4 h4,10,
1421,1131,white,300+0,g3 e5 b3 d5 Bg2 c6 Bb2 Nf6 e3 Bd6,10,
1972,2016,white,300+0,d4 Nf6 Nf3 e6 g3 b6 Bg2 Bb7 O-O Be7,10,
2017,1911,white,60+0,e3 d5 c4 dxc4 Bxc4 Nf6 a3 Nc6 Nf3 Bg4,10,3878.23
1454,2120,black,300+0,e4 e5 Nf3 Nc6 Bc4 Bc5 O-O Nf6 d3 d6,10,
1785,1666,white,540+0,e4 e5 Nf3 d6 h3 c5 Nc3 Nf6 d3 h6,10,
2037,1855,white,300+0,e4 e5 Nf3 Nc6 Bb5 a6 Ba4 Nf6 O-O Be7,10,
1889,1819,white,300+0,f4 d5 Nf3 Nc6 e3 Bg4 Bb5 e6 b3 Nf6,10,
1454,1375,white,600+0,e4 d5 e5 f6 d4 fxe5 dxe5 Bf5 c3 Nc6,10,
2125,2023,white,300+0,e4 Nc6 d4 d5 exd5 Qxd5 Ne2 b5 Nbc3 Qh5,10,
1815,2097,black,300+0,d4 d5 e4 dxe4 f3 c5 Be3 cxd4 Bxd4 Nc6,10,
1284,1038,white,600+0,e4 e5 Nf3 d6 Bb5+ c6 Ba4 Nh6 Nc3 Ng4,10,
1474,1660,black,600+0,e4 e6 e5 b6 Qf3 Bb7 Qxb7 Nc6 Bb5 Na5,10,
1739,1751,white,60+0,e4 b6 d4 Bb7 Nc3 e6 Bf4 h6 Nf3 d6,10,
1361,1353,white,900+15,e4 c5 Nf3 Nc6 Bc4 Nf6 d3 e6 Ng5 Ne5,10,2766.92
2536,2234,white,60+0,e4 c5 Nf3 e6 d4 cxd4 c3 Nc6 cxd4 d5,10,1169.43
1500,1264,black,240+0,e4 g6 d4 Bg7 Nf3 Nc6 d5 Ne5 c3 Nf6,10,
1407,1271,white,0+3,e4 g6 Qf3 Bg7 Bc4 e6 Nh3 Ne7 Ng5 O-O,10,
2070,1989,white,300+0,d4 d5 c4 e5 dxe5 d4 Nf3 Nc6 a3 Bg4,10,5535.7
1609,1637,white,600+0,d4 Nf6 Nf3 d5 Nc3 Bf5 Bg5 e5 dxe5,9,
1691,1631,white,900+0,e4 e5 Bc4 h6 Nf3 d6 d4 f6 dxe5 fxe5,10,
1793,2010,black,60+0,e3 Nf6 b3 g6 Bb2 Bg7 Nc3 O-O Be2 c5,10,
1684,2032,black,300+0,e4 e5 Nf3 Nc6 Bb5 Bc5 c3 d6 d4 exd4,10,329.98
1787,1983,white,180+5,e4 g6 d4 Bg7 Nf3 d6 h3 Nf6 Nc3 c6,10,
1527,2067,black,600+0,d4 Nf6 c4 c5 d5 b5 b3 e6 dxe6 fxe6,10,
1826,1473,white,600+0,e4 c6 d4 d5 exd5 cxd5 Nf3 Be6 Bd3 h6,10,
1547,1260,white,180+2,e4 e5 f4 f5 exf5 d5 fxe5 Bxf5 Nf3 Be4,10,2615.67
1559,1566,white,480+1,e4 d5 exd5 Nf6 Nc3 Nxd5 Nxd5 Qxd5 Nf3 e5,10,
1925,1874,black,600+0,d4 Nf6 e3 g6 f4 Bg7 Nf3 d6 Bd3 a6,10,110.55
1314,1301,white,120+0,e4 e5 f3 Nc6 Bb5 d6 d4 a6 Bxc6+ bxc6,10,
1673,1689,black,300+0,d4 Nf6 c4 e5 dxe5 Ng4 Nf3 Bc5 e3 Nc6,10,
1580,1553,black,180+2,e4 Nf6 e5 Nd5 d4 d6 f4 Nc6 Bb5 Bd7,10,2305.22
1414,2028,black,600+0,d4 d5 e3 e6 Bd3 f5 Nf3 Nf6 Nbd2 Bd6,10,
1739,1734,black,600+0,d4 Nf6 c4 e6 Bf4 d5 Nf3 Bd6 Bxd6 cxd6,10,
1979,1993,white,300+0,d4 c6 e3 Nf6 f4 d5 Bd3 e6 Nd2 Bd6,10,
1647,1617,black,300+0,e4 e5 Nf3 Nc6 d4 exd4 Nxd4 Nxd4 Qxd4 b6,10,
1554,1634,white,1200+0,e3 e5 d4 exd4 exd4 Nf6 Nc3 Qe7+ Be3 Nc6,10,
1387,1357,black,240+1,e4 e5 Nf3 Nc6 Nc3 f5 exf5 Nf6 d4 Nxd4,10,
1523,1549,white,120+1,g3 e6 Bg2 d5 d3 c5 e4 d4 e5 Qb6,10,
1776,1698,white,300+0,e4 c5 Nf3 d6 Bc4 Nc6 Bb5 Bd7 d3 Nf6,10,
1797,1806,black,30+0,d4 e6 Bf4 d6 Nf3 Be7 Bg5 Bxg5 Qd2 Bxd2+,10,
1742,1694,black,0+1,e4 d5 exd5 Qxd5 Be2 Qe6 Nf3 Nc6 O-O Qg6,10,
1478,1463,white,900+0,e4 c6 d4 e6 e5 Qa5+ Bd2 Qb6 Nf3 Qxb2,10,1029.62
1722,1660,white,180+0,e4 c5 Nf3 Nc6 Bc4 e6 O-O Nf6 d3 Be7,10,
1527,1575,black,180+0,e4 e5 Nf3 d6 d4 exd4 Nxd4 h6 Bc4 Nf6,10,
1752,1530,black,1800+0,d4 d6 e4 e6 Nc3 a6 g3 h6 Bg2 Ne7,10,
2219,2109,white,180+0,e4 e5 c4 d6 Nc3 Nf6 d3 c5 Nd5 Nxd5,10,
1979,1883,white,300+3,Nf3 Nf6 c4 e6 g3 c5 Bg2 Nc6 O-O Be7,10,
1794,1914,white,300+5,e4 e6 d4 d5 e5 c5 Bb5+ Nc6 Bxc6+ bxc6,10,
1638,1740,draw,300+3,e4 e5 Nf3 Nc6 Bc4 h6 Nc3 Nf6 O-O Bc5,10,
1812,2012,white,600+0,e4 c5 Nf3 d6 Bb5+ Bd7 Bxd7+ Nxd7 c4 Ngf6,10,33.24
1183,1110,white,300+3,e4 c5 Nf3 Nc6 d4 Qb6 c3 d6 d5 Ne5,10,
1276,1304,white,300+3,e4 c6 Nf3 d5 exd5 cxd5 d4 Nc6 Bb5 Bd7,10,
2249,2647,black,60+0,e4 d5 exd5 Qxd5 Nf3 Bg4 Be2 Nc6 h3 Bh5,10,
1989,1508,white,60+0,e4 c5 d4 cxd4 c3 dxc3 Nxc3 e6 Nf3 Nc6,10,
2100,1933,white,60+0,d4 c5 Nf3 cxd4 Nxd4 e5 Nf3 e4 Nd4 d5,10,
2342,1939,black,60+0,e4 d5 exd5 Qxd5 Nc3 Qd8 d4 Nf6 Nf3 c6,10,
1338,1541,black,300+3,e4 e5 Nf3 Nc6 Bb5 a6 Bxc6 dxc6 Nxe5 Qd4,10,
1671,1492,black,300+0,e4 e6 f4 Nf6 e5 Nd5 c4 Nb6 d4 d5,10,140.75
2600,1915,white,60+0,d4 c5 Nf3 cxd4 Nxd4 d5 Nf3 Nc6 e3 e5,10,
2244,1795,white,60+0,b3 b6 Bb2 Bb7 e3 Nc6 Nf3 d6 Be2 e5,10,
1683,1637,black,60+0,e4 c5 Nc3 e6 Nf3 Nc6 d4 d5 exd5 exd5,10,
1807,1695,black,60+0,e4 e5 Nc3 Nc6 f4 exf4 Nf3 g5 d4 f5,10,
1980,1782,white,60+0,e4 e5 Nc3 d5 Nf3 Bd6 Nxd5 c6 Nc3 Bd7,10,
1834,1919,white,60+0,d4 d5 c4 dxc4 Nc3 e5 e4 exd4 Nce2 d3,10,
1754,2037,black,180+0,e4 d5 exd5 c6 Nc3 cxd5 d4 Nf6 Nf3 Bg4,10,
1240,1197,white,900+0,e4 g6 b3 e5 Bb2 Bg7 Nf3 Nf6 Bxe5 O-O,10,
2033,2075,black,300+0,e4 e6 d4 d5 exd5 exd5 c4 Nf6 Nc3 Be7,10,
1563,1529,white,300+2,e4 e6 Nf3 Ne7 d4 Ng6 Bd3 Be7 c4 b6,10,
1424,1421,white,120+2,e4 e5 Nc3 Bb4 Nf3 Bxc3 dxc3 Nc6 Bb5 Nge7,10,
2122,1981,white,60+0,e4 e6 d4 d5 exd5 exd5 Nf3 Nf6 Bd3 Bd6,10,
1973,1704,black,30+0,g3 f5 Bg2 e5 Nf3 d6 d4 Nc6 dxe5 dxe5,10,
1942,1808,white,600+0,e4 e6 Nf3 d5 exd5 exd5 d4 Nf6 Be2 Be7,10,
2190,2171,white,120+2,d4 d5 Nf3 c6 Bf4 Nf6 e3 Bg4 Be2 Qb6,10,
1756,1671,black,360+5,e4 c6 Nf3 d5 exd5 cxd5 Bb5+ Nc6 O-O Bg4,10,
1416,1560,white,300+0,e4 e5 Nf3 Nc6 a3 d5 exd5 Qxd5 h3 f5,10,
1613,1619,black,300+0,e4 e5 Bc4 Nc6 Nf3 Nf6 Ng5 d5 exd5 Nxd5,10,
1946,1961,white,300+0,e4 d5 exd5 Qxd5 Nc3 Qa5 d4 c6 Bd2 Nf6,10,
1839,1668,white,180+0,e4 d5 exd5 Qxd5 Nc3 Qd8 Bc4 c6 Nge2 e6,10,
1599,1578,white,180+2,e4 c5 Nf3 d6 Bb5+ Bd7 a4 a6 Bxd7+ Nxd7,10,
1451,1365,draw,300+0,e4 e5 Nf3 Nc6 Bb5 Nf6 Nc3 Bb4 a3 Bxc3,10,
1870,1865,white,180+0,e4 c5 Nf3 Nc6 Bc4 d6 O-O h6 c3 e5,10,
1639,1757,white,120+9,e4 b6 Nf3 Bb7 d3 d5 e5 d4 c3 dxc3,10,
1675,1418,black,900+10,d4 d5 c4 c6 e3 Nf6 Nf3 e6 Be2 Bb4+,10,
1225,1219,white,300+0,e4 e5 Nc3 Bb4 Qf3 Bxc3 Qxc3 Nc6 Bb5 Nge7,10,
1817,1562,black,300+8,e4 e6 Nf3 c6 d3 a6 Nc3 Bb4 Bd2 b5,10,1636.95
1389,1245,white,300+2,e4 d6 Nf3 e5 Nc3 g6 Bc4 a6 O-O Nc6,10,
1863,1660,white,300+0,e4 c5 Nf3 d6 d4 cxd4 Nxd4 Nf6 Nc3 g6,10,
1528,1417,black,30+0,e4 f5 exf5 Nf6 Nc3 e6 fxe6 dxe6 Bc4 c5,10,
1685,1735,black,300+5,d4 d5 e3 Nf6 c4 e6 Nc3 Bb4 Bd3 O-O,10,
1969,2007,black,180+0,e4 c5 Nf3 Nc6 d4 cxd4 Nxd4 e6 g3 Bc5,10,
1916,1987,black,60+0,e4 c5 Nf3 Nc6 d4 cxd4 Nxd4 e5 Nb5 Nf6,10,
1602,1713,white,240+5,d4 d5 Nf3 e6 Bf4 Bd6 Bg3 Nf6 e3 O-O,10,
1770,1691,white,180+0,e4 g6 d4 e6 Nf3 Ne7 Bc4 d5 exd5 exd5,10,
1792,1883,black,30+0,g3 b6 Bg2 Nc6 e3 Bb7 Ne2 Na5 O-O Bxg2,10,
1645,1762,white,180+0,e4 e5 d4 Nc6 Nf3 exd4 Bc4 Bc5 O-O Nge7,10,
1716,1679,white,60+0,d4 c5 dxc5 e6 Nc3 Nf6 Bg5 Bxc5 Bxf6 Qxf6,10,
1753,1613,white,60+0,e4 e5 Nf3 Nc6 Bb5 a6 Bxc6 bxc6 O-O d5,10,
1632,1560,white,60+2,d4 d5 Bf4 e6 e3 Bd7 Nf3 c6 c4 Bb4+,10,
1996,1844,white,180+0,b3 d6 Bb2 e5 d3 g6 Nd2 Bg7 g3 Ne7,10,
2153,2019,draw,300+2,Nf3 d5 e3 Nf6 c4 c6 d4 e6 Nbd2 Bd6,10,
1536,1654,black,900+0,e4 e5 Nf3 Nc6 Bb5 a6 Bxc6 dxc6 Nxe5 Qd4,10,
1531,1545,black,300+0,e4 c5 Qf3 Nc6 Bc4 e6 Nh3 Ne5 Qb3 Nxc4,10,
1522,1337,white,120+1,d4 Nf6 Nf3 d5 Bf4 Nc6 e3 e6 Bd3 Bb4+,10,
1825,1768,draw,300+0,e4 e5 f4 exf4 Bc4 c6 Nf3 d5 exd5 cxd5,10,
1303,1262,white,60+0,e4 e6 Nf3 Nf6 Nc3 Nc6 d4 d5 exd5 exd5,10,
1266,1333,black,300+0,c4 e5 Nc3 c6 b3 d5 Bb2 d4 Ne4 Nf6,10,
2163,2119,white,30+0,e4 Nf6 e5 Nd5 d4 d6 exd6 cxd6 c4 Nb6,10,
1701,1760,black,300+0,e4 Nf6 e5 Nd5 d4 d6 c4 Nb6 Nf3 Nc6,10,5548.4
1017,1096,black,300+0,e4 e5 Nf3 Nc6 h3 Nf6 h4 h5 Nc3 d6,10,
1328,1396,black,300+0,e4 e5 Nf3 Nf6 Bc4 Nc6 Ng5 d5 exd5 Nxd5,10,
1674,1907,black,300+0,e4 e5 Nf3 Nc6 Bb5 a6 Ba4 Nf6 O-O b5,10,
1567,1585,draw,420+1,e4 c5 Nf3 Nc6 Bc4 e6 a3 d5 exd5 exd5,10,
1306,1598,black,1800+0,d4 d5 Nc3 Nc6 Nf3 Bf5 h3 Nb4 e4 dxe4,10,
2146,2148,black,60+1,d4 d5 g3 Qd6 Bg2 c6 Nf3 Nf6 O-O e6,10,
1606,1603,black,600+0,d3 d5 b3 e6 Bb2 d4 Nf3 Bb4+ c3 dxc3,10,
1491,1560,white,300+10,d4 d6 e4 e6 Nc3 c6 Bd3 f6 Nge2 Na6,10,
1797,1734,black,30+0,e4 e6 Bc4 Bb4 Qf3 Bf8 Nh3 b6 d3 Bb7,10,
1671,1631,black,240+0,d4 d5 c4 c6 cxd5 Qxd5 Nc3 Qa5 Bd2 Qb6,10,
1565,1569,black,600+0,e4 d5 Qe2 dxe4 Qxe4 Nf6 Qe3 Nd5 Qf3 Nc6,10,
1401,1490,black,120+0,e4 c6 d4 d5 exd5 cxd5 Nf3 Nf6 Nc3 Nc6,10,
1898,1616,white,180+0,d4 d5 Nc3 e6 Bf4 Nf6 e3 Bd6 Bxd6 cxd6,10,
1590,1953,draw,45+3,d4 d6 c4 f5 Nc3 Nf6 g3 g6 Bg2 Bg7,10,
1966,2095,white,300+0,e4 c5 d4 cxd4 c3 d3 Bxd3 d6 Nf3 g6,10,
1857,1723,white,480+9,c4 c5 Nc3 Nc6 g4 Nd4 e3 Nc6 a3 e5,10,
2072,1923,white,300+0,e4 e6 d4 d5 Nc3 Bb4 exd5 Bxc3+ bxc3 Qxd5,10,
1853,1486,black,60+0,d4 d5 c3 c6 e3 Bf5 h3 Nf6 Ne2 e6,10,
1571,2214,black,60+0,e4 c6 d4 d5 Nc3 dxe4 Nxe4 Nf6 Nxf6+ exf6,10,
1640,1758,white,1200+20,e4 c5 Nf3 e6 Nc3 Nc6 Bb5 Nf6 d3 Be7,10,1615.92
1618,1890,black,60+0,e4 c5 Nf3 g6 d4 cxd4 Nxd4 Nc6 Nxc6 bxc6,10,
1494,1905,black,300+0,e4 e5 Bc4 f5 d3 Nf6 exf5 d5 Bb3 Bxf5,10,
1762,2051,black,60+0,e4 e5 Nf3 Nc6 Bb5 Nf6 O-O Nxe4 d4 exd4,10,
2136,1161,white,60+0,Nf3 c5 c4 Nc6 e3 e6 d4 d5 Nc3 Nf6,10,
1915,1983,white,60+0,e3 c6 d4 d5 c3 Nf6 Bd3 e6 Nd2 Be7,10,
1724,1888,white,60+0,e4 c5 d4 cxd4 c3 dxc3 Nxc3 e6 Bc4 Qc7,10,
1893,1937,black,60+0,e4 b6 d4 Ba6 Bxa6 Nxa6 Nf3 Nb8 c4 d6,10,
1516,1698,black,180+0,d4 Nf6 c3 d6 Bf4 g6 Nd2 Bg7 e4 O-O,10,
1500,1792,black,60+0,b4 e5 Ba3 d6 e4 Nf6 h4 h5 Rh3 g6,10,
1952,1854,black,60+0,e4 d5 exd5 Qxd5 Nf3 Qd8 d4 e6 c4 Nf6,10,
1311,1128,black,300+3,e4 e5 Bc4 Nf6 Nf3 Nc6 Ng5 d5 exd5 Nd4,10,
2080,2048,black,60+0,d4 Nf6 c4 Nc6 d5 Ne5 Qb3 Ng6 Nf3 e5,10,
1944,2137,white,60+0,e3 e6 b3 Be7 Bb2 Bf6 Nc3 d5 d4 c5,10,
1445,1331,white,300+3,e4 c5 Nf3 d6 d4 cxd4 Nxd4 Nf6 Nc3 e5,10,
1726,1655,black,300+4,d4 e6 c4 d5 a3 Nf6 Nc3 a6 Bf4 Bd6,10,
1782,1433,white,480+0,e4 e5 Nc3 Nf6 f4 d5 exd5 Nxd5 fxe5 Nxc3,10,
1752,1855,white,300+0,e4 e5 Nf3 Nc6 d4 exd4 Nxd4 Nxd4 Qxd4 d6,10,
1808,1785,white,60+2,e4 e5 Nc3 Nc6 a3 Nf6 Bc4 Be7 d3 d6,10,
1692,1657,black,900+5,e4 e5 b4 d5 exd5 Qxd5 Nc3 Qd4 a3 Nf6,10,
1962,1937,draw,300+0,d4 Nf6 c4 e6 Nc3 Bb4 e3 Ne4 Qc2 Bxc3+,10,
2246,1922,white,180+0,e4 c6 d4 d5 exd5 cxd5 c4 Nf6 Nc3 dxc4,10,
1881,1597,white,180+0,d4 Nf6 c4 e6 Nc3 d5 Nf3 Bb4 Bg5 Bxc3+,10,
1810,1864,black,300+0,e4 c5 Nf3 d6 d4 cxd4 Nxd4 Nf6 Nc3 g6,10,
1332,1344,black,300+8,e4 Nf6 f3 d5 d3 c6 c4 Nbd7 Nc3 Ne5,10,9162.82
2279,2105,white,180+0,g3 d5 Bg2 c6 d3 Nf6 Nc3 Bf5 Bg5 e6,10,2763.65
1306,1352,black,300+8,e4 e5 Nf3 d6 d4 Bg4 d5 Bxf3 Qxf3 Nf6,10,2301.78
1627,1897,black,180+0,e4 Nc6 Nc3 e5 Nf3 f5 exf5 Nf6 Bc4 d5,10,
1833,1780,white,180+0,e4 c5 Bb5 a6 Bc4 b5 Be2 Nc6 Nf3 g6,10,
1748,1790,draw,600+0,e4 d5 exd5 Qxd5 Nc3 Qe5+ Qe2 Qxe2+ Bxe2 c6,10,
1736,1767,white,180+2,e4 e6 Nf3 d5 exd5 exd5 Qe2+ Qe7 Qxe7+ Bxe7,10,
1655,1589,black,300+4,d4 d5 Nf3 Bf5 Bf4 Nf6 e3 e6 Bd3 Bg6,10,
1403,1490,white,180+2,d4 Nf6 Nf3 d6 Bf4 g6 Nc3 Bg7 e4 O-O,10,
1974,1899,white,120+1,e3 e5 b3 d5 Bb2 Bd6 f4 Nc6 Nf3 Nf6,10,135.96
1901,1832,white,600+0,e4 e5 Nf3 Nc6 Bb5 a6 Ba4 b5 Bb3 h6,10,
1500,1830,black,9000+0,f4 Nf6 e3 d5 Bd3 Nc6 Bb5 Bd7 c4 Nb4,10,
1388,1396,black,600+0,d4 Nf6 e3 d5 c3 e6 f4 Bd6 Nf3 Ne4,10,
2262,2144,white,180+2,e4 c5 Nf3 d6 Bb5+ Nd7 d4 cxd4 Qxd4 e5,10,
1965,2140,black,30+0,Nf3 Nf6 Ng1 e6 d3 c5 e4 Nd5 e5 Nc7,10,
1708,1979,black,-,e4 e5 f4 exf4 Nf3 g5 Bc4 g4 Ne5 Qh4+,10,
1753,1654,white,60+0,e4 e5 Nf3 d6 Bc4 Nf6 O-O Be7 d3 O-O,10,
2239,2113,draw,180+2,d4 e5 dxe5 f6 e4 Nc6 Nf3 d6 Bc4 Nxe5,10,368.87
1935,2027,white,180+0,e4 e6 d4 d5 Nc3 Bb4 e5 c5 Bd2 cxd4,10,
1496,1224,white,1800+0,d4 d5 e3 c6 c4 e6 Nc3 b5 cxd5 exd5,10,
1939,1877,white,900+0,d4 Nf6 c4 e5 dxe5 Ng4 Nf3 d6 Bf4 Be7,10,
1810,1882,draw,480+0,g3 e5 b3 f5 Bg2 Nf6 Bb2 d6 Nc3 Be7,10,
2292,2159,white,30+0,g3 d6 Bg2 Bh3 Bxh3 h5 Bg2 h4 Bxb7 hxg3,10,
1267,1155,black,300+0,e4 e5 Nf3 Nc6 c4 Nf6 Nc3 b6 d4 exd4,10,
1500,1568,black,300+0,e4 c5 Nf3 d6 d4 cxd4 Nxd4 Nf6 Nc3 a6,10,
1256,1309,white,900+10,e4 Nf6 e5 Nd5 d4 f6 c4 Nb4 exf6 gxf6,10,
1267,1337,white,300+0,e4 e5 Bc4 Nc6 d3 h6 a3 Nf6 Qf3 Nd4,10,
1378,1337,black,300+0,e4 Nf6 d3 d5 Nf3 dxe4 Ng1 exd3 Bxd3 g6,10,
1488,1457,white,300+0,e4 e5 Bc4 Nf6 Nc3 Nc6 d3 Bc5 Bg5 O-O,10,
1323,1254,white,600+5,d4 d5 c4 c6 c5 g6 Nf3 f5 Nc3 Bg7,10,
817,1047,black,300+0,e4 e5 d4 exd4 c3 dxc3 Qa4 cxb2 Bxb2 Nc6,10,
2164,2120,black,60+0,Nc3 a6 e4 b5 d3 Bb7 Nce2 e6 f4 Nf6,10,
1089,1520,black,1800+0,e3 e5 b3 d5 Bb2 Nc6 Bb5 Bd6 Nc3 Ne7,10,
1579,1702,black,60+0,e4 c5 d4 cxd4 Qxd4 Nc6 Qd1 d6 Nc3 Nf6,10,
1510,1342,black,300+3,d4 d5 c4 dxc4 Qa4+ c6 Qxc4 Bf5 Nc3 Nf6,10,
1574,1732,white,900+0,b4 Nf6 Bb2 g6 e3 Bg7 h3 d5 Nf3 Nbd7,10,
1928,1748,black,30+0,d4 b6 c4 Bb7 Nc3 d6 e3 Nd7 f4 g6,10,
2119,1892,white,60+0,d4 Nf6 c4 g6 Nc3 d5 cxd5 Nxd5 e3 Bg7,10,
1520,1649,white,60+0,e4 d5 exd5 Qxd5 Nc3 Qa5 d4 Nf6 Nf3 Bg4,10,
1725,1842,white,60+0,e4 e5 Nf3 Nc6 Bc4 Nd4 Nxd4 exd4 d3 Bc5,10,
2080,2148,white,60+0,Nf3 Nf6 g3 e6 Bg2 Be7 O-O O-O c4 d5,10,
1903,1985,white,60+0,d4 d6 Bf4 e6 e3 Be7 Nd2 Nf6 Ngf3 O-O,10,
2080,1731,white,60+0,e4 b6 Nf3 Bb7 Nc3 d6 d4 Nd7 Bd3 g6,10,
1509,1386,black,300+8,d4 e6 e4 c5 c3 cxd4 cxd4 d6 Bd3 Nf6,10,
1807,1692,white,420+3,e4 e5 Nf3 Nc6 d4 exd4 Bc4 Bc5 O-O Qe7,10,
1700,1411,white,60+0,e4 e5 Nf3 Nc6 Bb5 Bc5 c3 Nf6 d4 exd4,10,
1692,1808,draw,180+0,e4 e5 d3 d5 exd5 Qxd5 Nc3 Bb4 Bd2 Bxc3,10,
1570,1571,white,60+0,Nh3 d5 g3 c5 Bg2 Nc6 f4 Nf6 Nf2 Bf5,10,
1693,1629,black,180+0,e4 e6 Bd3 d5 exd5 exd5 Qf3 c5 Bb5+ Nc6,10,
1598,1517,draw,900+15,e4 e5 Nf3 d6 h3 Be6 d4 exd4 Qxd4 Nc6,10,
1677,1715,white,180+0,e3 c5 d3 d5 a3 Nc6 h3 Nf6 Nd2 e5,10,
1765,2086,white,600+0,e4 e5 Nf3 Nc6 Bb5 a6 Ba4 Nf6 O-O Be7,10,
1695,1574,white,300+6,e4 d5 exd5 Qxd5 Nc3 Qa5 Nf3 Nf6 d4 c6,10,
1790,1766,black,180+0,f4 Nf6 Nf3 e6 e3 d5 b3 Nc6 Bb2 Bd7,10,
2145,2068,white,180+0,Nf3 e6 c4 d5 d4 Nf6 Nc3 Nbd7 e3 c5,10,
1834,1860,black,600+0,e3 e6 g3 d5 Bg2 c5 Nf3 Nc6 d4 c4,10,
2265,1674,white,600+0,d4 e6 c4 Nf6 Nf3 c6 g3 b6 Bg2 Bb7,10,
1996,2025,draw,60+0,e4 e6 Nf3 d5 exd5 exd5 c4 c6 cxd5 cxd5,10,
1325,1443,black,600+0,d4 Nf6 d5 d6 c4 c6 Nc3 cxd5 cxd5 Bd7,10,
1779,1514,white,600+0,e3 e5 f3 d5 Kf2 Bc5 d4 exd4 exd4 Bb6,10,
2581,2162,draw,60+0,Nh3 e6 g3 d5 Bg2 Nf6 O-O g6 d3 Bg7,10,2958.08
1655,1382,white,60+0,e4 g6 d4 Bg7 c4 d6 Nc3 Nd7 f4 b6,10,
1934,1876,black,300+3,d4 d5 c4 c6 Nf3 Nf6 Nc3 e6 e3 Nbd7,10,
1741,1656,black,300+0,d4 g6 Nf3 Bg7 c4 e6 Nc3 c6 Bg5 Qb6,10,
2006,1856,white,60+8,e4 c5 Nf3 e6 c3 a6 d4 cxd4 cxd4 b5,10,
1708,1728,white,-,e4 e5 f4 exf4 Nf3 d6 d4 Bg4 Nbd2 Be7,10,
1862,1879,black,300+0,e4 e5 Nf3 Nc6 Bb5 Nf6 d3 d6 O-O Be7,10,
1842,1700,white,600+0,d4 d5 Nf3 Nc6 Bf4 Bf5 e3 Nf6 h3 e6,10,
1648,1686,black,240+0,e4 e5 d4 exd4 c3 dxc3 Bc4 cxb2 Bxb2 Nc6,10,
1457,1480,black,300+0,e3 d6 c4 e5 Nc3 Nf6 h3 g6 a3 Bg7,10,
1451,1064,white,300+0,b3 e5 Bb2 f6 g3 d5 Bg2 c6 e3 Nh6,10,
1806,1535,white,600+0,e4 d5 exd5 Qxd5 Nc3 Qe5+ Be2 e6 d4 Qf5,10,1748.81
1603,1583,black,60+4,e4 b6 Nf3 Bb7 d3 c5 Be3 d5 exd5 Qxd5,10,
2361,2276,white,60+1,d4 d5 Nf3 Nf6 Bg5 Ne4 Bh4 Qd6 Nbd2 Qh6,10,
1514,1222,white,240+4,e4 Nf6 e5 Ne4 Qe2 d5 exd6 Bf5 dxe7 Bxe7,10,
1281,1279,black,60+0,d4 d5 Bf4 Bg4 h3 Bf5 g4 Bg6 h4 h5,10,
1335,1314,black,600+0,e4 e5 Bc4 Nc6 Qf3 Nf6 d3 Nd4 Qg3 Nxc2+,10,
2004,1735,white,180+2,e4 e6 d4 d5 Nd2 Nf6 e5 Nfd7 Bd3 c5,10,
2113,2137,white,180+2,e4 d5 exd5 Qxd5 c3 Nf6 d4 c6 Nf3 Bg4,10,
1507,1688,black,300+0,e4 e5 Bc4 h6 d3 Nc6 Nc3 Bb4 Bd2 Bxc3,10,
2135,2274,black,180+0,Nf3 e6 e4 d5 e5 c5 Nc3 Nc6 Bb5 f6,10,
2289,1985,white,60+0,b3 e6 Bb2 d5 c3 Nf6 Qc2 Be7 d3 O-O,10,
1614,1381,white,300+0,e4 e5 Nf3 f6 Nxe5 fxe5 Qh5+ g6 Qxe5+ Qe7,10,
1816,1893,black,30+0,e3 g6 d3 Bg7 Be2 e6 Bd2 Ne7 Bc3 O-O,10,
1805,1462,white,900+0,e4 e5 Nf3 d6 Bc4 Bg4 Nc3 Nc6 h3 Bxf3,10,6037.61
1755,1787,white,30+0,e4 b6 Nf3 Bb7 Nc3 g6 d4 Bg7 Bg5 f6,10,
1286,1462,black,90+2,e4 c5 Nf3 a6 d4 cxd4 Nxd4 e6 Bf4 d6,10,
2129,2237,black,180+0,e4 e6 Nc3 d5 Qf3 dxe4 Nxe4 Nd7 Bb5 c6,10,
1702,1311,white,300+8,e4 e6 d4 Qh4 Nc3 Bb4 e5 Bxc3+ bxc3 Qe4+,10,
1329,1266,white,300+1,e4 e5 Nf3 Nc6 d4 exd4 Nxd4 Ne5 f4 Ng6,10,
1061,1182,white,600+0,e4 e5 Nf3 Bd6 Bc4 Nf6 d3 O-O O-O b6,10,
1539,1721,draw,300+3,d4 d5 c4 e6 Nc3 Nf6 Nf3 Bb4 Bg5 Nbd7,10,9.62
999,1299,black,900+0,d4 e6 Nf3 Nc6 e3 Nf6 Bb5 d5 Nc3 Qe7,10,3599.45
1976,2086,draw,120+0,b3 c6 Bb2 d5 e3 Bf5 f4 e6 Nf3 f6,10,
2125,2284,black,180+0,d4 Nf6 Nf3 c5 e3 e6 Bd3 Qb6 c3 Nc6,10,
1035,1074,white,300+0,e4 e5 Nf3 Nf6 Nxe5 Nxe4 d3 Nc5 Be3 d5,10,
1899,1832,black,900+2,e4 c5 Nf3 d6 d4 cxd4 Nxd4 Nf6 Nc3 a6,10,48.61
1616,1332,black,300+0,e4 d5 exd5 Qxd5 Nc3 Qd8 Nf3 Nf6 Be2 e5,10,
1859,1825,black,300+0,d4 d5 Nf3 Nf6 g3 e6 Bg2 Nbd7 O-O c5,10,
1943,1993,white,300+0,d4 e6 Nf3 d5 Bg5 Be7 Bxe7 Qxe7 e3 Qb4+,10,
1676,1491,white,0+2,d4 e6 e4 d5 e5 c5 f4 Ne7 Nf3 Nf5,10,
2025,1950,black,300+0,d4 d5 c4 Bf5 Nf3 e6 Nc3 Nf6 Bg5 Be7,10,
1842,1450,white,300+0,e4 e5 Nc3 Nf6 Bc4 d6 Nge2 Bg4 f3 Be6,10,
1706,1730,white,0+1,e4 e5 d4 exd4 Qxd4 Nc6 Qe3 Nf6 Nc3 Ke7,10,
1793,1211,white,600+0,e4 e5 Bc4 Bc5 Qf3 Qf6 d3 Qxf3 Nxf3 Nf6,10,
1546,1556,black,180+0,d4 d5 c4 e6 cxd5 Qxd5 Nc3 Qd8 Bf4 Bb4,10,
1666,1642,black,300+0,f4 d5 Nf3 Nd7 e3 Nb6 d4 Bg4 c3 e6,10,
1095,1959,black,180+0,d4 Nf6 d5 d6 Nc3 e5 Bg5 Bf5 Nf3 Be7,10,
1416,1477,black,300+5,e4 e5 Nf3 d6 Bc4 Be6 Bxe6 fxe6 Ng5 Qxg5,10,
1834,1888,black,300+0,e4 e5 Nf3 Nc6 Bb5 a6 Ba4 Nf6 d3 b5,10,
1628,1977,black,180+0,e4 c6 Nc3 d5 f4 dxe4 Nxe4 Nd7 Bc4 e6,10,
1835,1964,black,180+0,e4 e6 Nf3 d5 exd5 exd5 c3 Bd6 d4 Nf6,10,
2057,1925,white,300+0,e4 e5 d4 exd4 f4 Nc6 Nf3 Bc5 Bd3 Nge7,10,1278.01
2034,1747,white,180+0,d4 e6 c4 d5 Nc3 Nf6 cxd5 exd5 Nf3 c6,10,
2080,1977,black,180+0,e4 e6 d4 d5 Nc3 Nf6 Bg5 Be7 e5 Nfd7,10,
1693,2064,black,180+0,d4 d5 c4 e6 Nc3 c6 Nf3 dxc4 e3 b5,10,
1835,1988,black,300+0,d4 c5 e3 d5 Nf3 Nf6 Bd3 Nc6 b3 e6,10,
1793,1866,black,60+0,e3 e6 d4 d5 c4 c5 cxd5 cxd4 exd4 Qxd5,10,
1982,2246,black,60+0,e4 c5 d3 d6 c3 e5 f3 Nc6 Be3 f5,10,
2078,2267,black,60+0,Nf3 Nf6 g3 g6 Bg2 Bg7 O-O O-O d3 c6,10,
1638,2511,black,60+0,d4 d5 Nf3 c6 e3 Nf6 Be2 Bf5 O-O Bg6,10,
2588,1998,white,60+0,Nf3 Nf6 Nc3 b6 d4 Bb7 e3 d5 Bd3 e6,10,
1884,1915,white,60+0,Nf3 c5 g3 e6 Bg2 Nf6 d3 Be7 Bd2 d5,10,
1821,1971,white,60+0,d4 a6 c4 e6 Nc3 c5 d5 exd5 Nxd5 d6,10,
1917,1961,draw,60+0,e3 b6 b3 Bb7 Nf3 d6 g3 Nd7 Bg2 e5,10,
1585,1527,black,600+0,e4 e5 Nf3 Nf6 d3 d6 h3 a6 Be2 Nc6,10,
1680,1817,white,60+0,e4 c5 Nf3 d6 Bc4 e6 Nc3 a6 a4 b6,10,
1792,1789,black,60+1,e4 e5 b3 Nf6 Bb2 Nc6 d3 d5 exd5 Nxd5,10,
1391,1295,black,60+0,d4 d5 c4 dxc4 e4 c5 d5 Nd7 Nf3 Ne5,10,
1811,1669,white,600+0,e4 e5 Bc4 Bc5 Nf3 Nc6 c3 Nf6 O-O Ng4,10,
2600,2405,white,60+0,d4 d5 Nf3 c6 c4 Nf6 Nc3 Bf5 Qb3 e6,10,
1577,1632,black,900+5,e4 d5 Qf3 dxe4 Qxe4 f5 Qa4+ Nc6 Be2 Qd5,10,
1686,1425,black,300+10,d4 e6 Bf4 d6 e3 h5 g4 h4 h3 g5,10,
1889,1742,white,180+0,e4 c5 Nf3 d6 d4 cxd4 Nxd4 Nd7 Nc3 g6,10,
1496,1663,white,120+1,d4 d5 c4 c6 Nc3 Nf6 h3 Bf5 Bg5 e6,10,
1914,1759,white,60+0,e4 d5 exd5 Nf6 Nf3 Nxd5 Be2 Bg4 O-O Nd7,10,67.45
1455,1691,white,600+0,g3 e5 Bg2 Nf6 b3 Bc5 Bb2 d6 e3 O-O,10,
1950,1788,white,600+0,e4 e5 Nf3 Nc6 Bb5 d6 d4 exd4 Nxd4 Bd7,10,
1450,1163,white,180+0,d4 Nf6 Nc3 g6 e4 d6 Nf3 e5 dxe5 dxe5,10,
1547,1197,black,300+0,d4 d5 c4 dxc4 e3 e6 Bxc4 Bb4+ Nc3 Bxc3+,10,
1361,1609,white,240+5,e4 e5 Nf3 Nc6 g3 Nf6 d3 d5 exd5 Nxd5,10,
1638,1700,white,300+0,e4 e5 Nf3 Nc6 Bb5 d6 O-O f5 d3 Nf6,10,
1852,1830,white,180+2,g4 d5 Bg2 Bxg4 c4 c6 cxd5 cxd5 Qb3 Qd7,10,
1935,1592,white,180+2,f4 d5 Nf3 Bg4 e3 d4 Qe2 dxe3 dxe3 Nc6,10,
1855,1772,black,9000+150,e4 e6 d3 d5 Nc3 Be7 Nf3 Kf8 Be2 d4,10,30.43
1401,1489,white,120+1,e4 c5 Nf3 d6 d4 cxd4 Nxd4 Nf6 Nc3 e6,10,3066.61
1722,2006,black,180+0,d4 Nf6 Nf3 d6 Bg5 g6 Bxf6 exf6 Nc3 f5,10,
2008,2134,black,900+0,c4 e5 Nc3 Nf6 g3 c6 d4 exd4 Qxd4 d6,10,2266.09
2110,2102,white,30+0,g3 d5 Bg2 Nf6 Nf3 e6 O-O Be7 d4 O-O,10,
1587,1493,white,480+0,e4 e5 Nf3 Nc6 Bb5 Nf6 Bxc6 dxc6 O-O Be7,10,31.0
1857,1950,black,180+2,e4 e5 Nf3 Nc6 Bb5 a6 Bxc6 dxc6 d4 exd4,10,
1359,1621,black,600+0,d4 d5 Bf4 Nf6 e3 Nc6 Bb5 Bd7 Bxc6 Bxc6,10,7394.34
1962,1955,black,60+0,d4 c5 e3 cxd4 exd4 Nc6 c3 g6 h4 Bg7,10,
1455,1691,black,360+0,e4 e6 d4 d5 e5 c5 c3 Nc6 Bb5 Qb6,10,
1556,1521,white,300+0,e4 e5 d4 exd4 c3 dxc3 Bc4 cxb2 Bxb2 Qh4,10,
1792,1960,black,180+0,e4 c5 Nf3 d6 d4 cxd4 Nxd4 e5 Nb5 a6,10,
1904,1948,black,180+0,Nf3 c6 g3 d6 d4 Qa5+ Bd2 Qb6 Bc3 h6,10,
1799,2077,white,300+0,d4 Nf6 c4 e6 Nf3 d5 cxd5 exd5 Nc3 c5,10,88.91
1500,1456,black,60+0,d4 d6 c4 e5 Nf3 exd4 Nxd4 Nf6 Nc3 Be7,10,
2165,2150,draw,180+0,e4 Nf6 Nc3 d5 Nf3 dxe4 Ng5 Bg4 Be2 Bf5,10,
1274,1525,white,60+0,e4 b6 Nf3 a6 Nc3 Bb7 d4 h6 Bd3 g6,10,
1768,1659,black,60+0,d4 d5 c4 c6 Nc3 Bf5 cxd5 cxd5 Nf3 Nf6,10,
1984,1332,white,60+0,e4 Nf6 e5 Nd5 d4 c6 c4 Nc7 Nc3 d6,10,
1245,1312,black,120+1,e4 e5 Nf3 Nc6 Bb5 d5 Nxe5 Bd7 exd5 Nxe5,10,
1731,1956,black,60+0,d3 d5 Nd2 Nf6 g3 c6 Bg2 Be6 e4 Qd7,10,
1657,1799,black,600+0,d4 Nf6 f3 d5 Nd2 e6 c3 c5 e4 cxd4,10,
1836,1746,black,600+0,e4 d5 exd5 Nf6 d4 e6 dxe6 Bxe6 Nf3 Bd6,10,
1552,1547,white,60+0,e4 e5 Nf3 d6 Be2 f6 O-O c5 d3 Be6,10,8147.43
1604,1549,white,600+0,e4 d5 e5 d4 Nf3 Bg4 Be2 c5 c3 dxc3,10,
1519,1521,white,180+3,d4 c5 c4 cxd4 Qxd4 Nc6 Qd1 e6 Nc3 Bb4,10,56.05
2011,2191,black,60+0,e4 Nf6 e5 Nd5 c4 Nb6 c5 d6 cxb6 axb6,10,
1433,1459,white,300+0,d4 d5 e3 e6 c4 a6 c5 b6 b4 Nc6,10,
1009,966,white,300+0,Nf3 Nf6 Nc3 Nc6 d4 d5 Ne5 Nxe5 dxe5 Ne4,10,
1742,1735,white,600+0,e4 e5 Nf3 d6 h3 a6 Bc4 Nf6 d3 h6,10,
1957,1977,draw,60+0,d4 Nf6 Nf3 e6 b3 d5 Ba3 Bxa3 Nxa3 O-O,10,
1938,1906,white,300+0,e4 c5 Nc3 Nc6 f4 Nf6 e5 Ng8 Nf3 e6,10,
1374,1047,white,60+0,d4 d6 Nd2 a6 c4 Bd7 e3 e6 Bd3 Be7,10,10283.93
1099,985,white,180+3,e4 Nc6 f3 e5 Nc3 Nf6 d3 d5 Bg5 h6,10,
1174,1397,black,720+4,e4 e5 Nf3 d6 Nc3 Nf6 Bd3 Bg4 O-O c6,10,
1549,1442,black,600+0,e4 Nc6 Nf3 e6 e5 d6 d4 dxe5 Nxe5 Nxe5,10,
1682,1729,black,600+0,e4 e5 Qh5 Nc6 Bc4 g6 Qf3 Nf6 Ne2 Bg7,10,
2121,2141,white,180+0,e4 c5 Nf3 e6 d4 cxd4 Nxd4 a6 Nc3 Qc7,10,
1791,1757,white,180+0,e4 d6 Nf3 c6 d4 Qc7 c4 Nd7 Nc3 e5,10,
1661,1642,black,300+0,d4 g6 c4 Bg7 Nc3 c6 Nf3 e6 e4 Ne7,10,
1304,1489,black,600+10,e4 g6 Nc3 Bg7 Nf3 Nf6 Bc4 O-O e5 d5,10,
1841,1510,white,300+2,e4 d5 exd5 Qxd5 Nc3 Qa5 d4 e5 dxe5 Qxe5+,10,
1564,1646,white,180+0,e4 c5 Nf3 e6 Bc4 a6 d4 b5 Bd3 Nf6,10,
1724,1951,black,30+0,e4 d5 exd5 Qxd5 d4 Qd8 Nc3 Nf6 Bg5 Nc6,10,
1458,1599,draw,480+2,e4 d6 Nf3 Bg4 Nc3 Nf6 Bc4 e6 O-O c6,10,
1759,1624,white,120+1,e4 e6 d4 d5 exd5 Qxd5 Nf3 Nf6 Nc3 Bb4,10,
1972,2043,white,300+5,e4 e6 d4 d5 e5 c5 c3 Qb6 Nf3 Nc6,10,
1858,1503,white,420+0,e4 e5 d4 exd4 Nf3 Nc6 Bc4 h6 c3 dxc3,10,
1822,1491,white,300+0,e4 d5 exd5 Qxd5 Nf3 Qe6+ Be2 Nc6 a3 h5,10,
1607,1610,black,300+0,e4 e5 Bc4 Bc5 Nc3 c6 Nge2 Qf6 O-O g5,10,
2000,1951,white,240+2,e4 e5 Bc4 Nc6 c3 Nf6 Qe2 Bc5 Nf3 O-O,10,
1448,1375,white,180+0,e4 e5 Nf3 Nc6 Bb5 Nd4 Nxd4 exd4 Qf3 Nf6,10,
1497,1609,black,300+0,e4 e5 Nf3 d6 Bc4 h6 Nc3 Nf6 d3 Be7,10,
1591,1665,black,300+0,e4 c5 d4 cxd4 Qxd4 Nc6 Qe3 e5 a3 b6,10,
1496,1646,black,-,e4 e5 Nf3 Nc6 d4 Nxd4 Nxe5 Bd6 Qxd4 Qf6,10,5943.53
1190,1460,black,300+0,e4 d5 e5 Bf5 d4 Nc6 Bb5 Qd7 Qh5 Bg6,10,
1537,1640,draw,300+0,d4 d5 c4 c6 Nc3 Nf6 Bg5 e6 Nf3 Be7,10,
1505,1485,white,840+0,b3 e5 Ba3 Bxa3 Nxa3 d5 Nb5 a6 Nc3 d4,10,
1424,1352,black,180+3,e4 e5 Nf3 Nc6 Bb5 f6 Bxc6 dxc6 O-O Bc5,10,
1316,1297,black,300+0,e4 e5 Nf3 Nc6 b3 g6 Bb2 Bg7 d4 d6,10,
1440,1513,white,30+0,c4 Nf6 Nc3 e6 d4 Be7 e3 O-O Nf3 d6,10,
1481,1597,black,180+0,e4 e5 d4 exd4 Qxd4 Nc6 Qa4 d6 Nc3 Bd7,10,
1719,1717,white,0+1,e4 d5 exd5 Qxd5 Nf3 Qe6+ Be2 Nc6 O-O Qg6,10,
1779,1899,white,600+2,e4 e6 d4 d5 exd5 exd5 Nf3 Nf6 h3 Be7,10,
1521,1510,white,120+0,e4 c5 d4 cxd4 Qxd4 Nc6 Qa4 d6 Nc3 Nf6,10,
1764,1912,black,30+0,e4 e6 e5 d5 f4 c5 Nf3 d4 Bb5+ Nc6,10,
1911,2011,white,900+0,d4 g6 c4 Bg7 Nf3 d6 e4 Nd7 Bd3 c5,10,
1745,1784,draw,30+0,g3 d5 f3 Bh3 e3 Bxf1 Kxf1 Nf6 Kf2 e6,10,
1674,1666,draw,180+2,c4 Nf6 Nc3 b6 e4 e5 d3 Bb4 g3 Bb7,10,
1978,2160,draw,180+2,d4 Nf6 c4 c5 d5 e6 Nc3 exd5 cxd5 d6,10,
1480,1524,black,600+0,e4 e5 Nf3 Nc6 Bb5 a6 Ba4 Nf6 Bxc6 dxc6,10,
1776,1714,white,180+2,e4 e5 Nf3 d6 Nc3 c6 d4 Qc7 Be3 h6,10,
1668,1606,white,600+0,b3 e5 g3 d6 Bg2 Nf6 Nh3 h6 d3 Be6,10,
1589,1500,black,900+0,e4 e5 Nf3 Nc6 Bc4 h6 d3 d6 Be3 Bg4,10,2081.63
1560,1391,white,180+0,d4 Nf6 e4 Nxe4 Nf3 g6 Nbd2 Nxd2 Qxd2 Bg7,10,
1952,1878,white,180+0,e4 e5 Nf3 Nc6 Bb5 a6 Ba4 b5 Bb3 Bc5,10,
1027,1266,black,120+0,e4 e5 Nf3 Nc6 d4 exd4 Nxd4 Nxd4 Qxd4 d6,10,
1472,1977,black,180+0,d4 c6 Nf3 e6 Nc3 d5 Bd2 f5 e3 Nf6,10,
1601,1643,white,600+0,e4 c6 Nf3 d5 Nc3 Bg4 h3 Bxf3 Qxf3 Nf6,10,
1852,1938,white,180+0,e4 e5 d4 Nf6 Bg5 d6 dxe5 dxe5 Qxd8+ Kxd8,10,
1911,1638,white,600+0,e4 e5 Nf3 Bc5 Bc4 Nf6 O-O d6 d4 exd4,10,
1158,1139,black,300+0,e4 e6 Nf3 c6 Nc3 b5 d4 a5 Bd3 b4,10,192.44
1796,1434,white,720+0,d4 e5 dxe5 d6 exd6 Bxd6 c4 c5 Nc3 Nf6,10,
1869,1270,white,180+0,e4 e6 d4 d5 Nd2 dxe4 Nxe4 h6 Nf3 a6,10,
1141,1349,black,240+0,e3 e5 e4 d6 f3 c6 d3 a6 Ne2 b5,10,
1785,1835,white,180+0,d4 d5 c4 e6 Nc3 Bb4 e3 Bxc3+ bxc3 c6,10,
1924,1921,black,600+0,d4 d5 c4 c6 e3 Bf5 Nc3 e6 Qb3 Na6,10,
1844,1902,black,180+0,d4 d5 c4 Nf6 Nc3 e6 Nf3 Be7 e3 O-O,10,
1950,1933,white,180+0,e4 c5 Nf3 d6 c3 e5 Be2 Nc6 O-O Nf6,10,
1767,1700,black,60+0,e4 Nc6 d4 e5 d5 Nce7 Nc3 Ng6 Nf3 Nf6,10,
1291,1240,black,300+3,e4 e5 Nf3 Bc5 Bc4 c6 d4 exd4 Nxd4 Qh4,10,
1212,1143,white,300+3,e4 e5 Nf3 Nc6 d3 h6 c3 Nf6 Nbd2 Ng4,10,
1533,1749,black,600+0,e4 e5 d3 Nf6 f3 Nc6 Be3 Be7 Bf2 d5,10,
2004,1833,white,300+0,e4 e5 Nf3 d6 d4 Qe7 Nc3 c6 Bc4 Bg4,10,
1758,1739,white,480+0,e4 c5 Qf3 d6 Bc4 Nf6 d3 Bg4 Qg3 e5,10,2579.19
1428,1479,draw,300+0,e4 e5 Nf3 Nc6 d4 exd4 Nxd4 Nxd4 Qxd4 d6,10,
1809,1575,black,600+0,e4 e5 Nf3 Nf6 Nxe5 d6 Nf3 Nxe4 d4 d5,10,1922.19
1990,2107,white,600+0,Nf3 d5 g3 c5 Bg2 Nc6 O-O Nf6 d4 e6,10,
1902,944,white,300+0,d4 Nc6 d5 Ne5 f4 Ng6 e4 e6 c4 exd5,10,
1500,1594,black,900+5,e3 e5 Qf3 Nf6 d4 e4 Qf5 d5 Nc3 Bxf5,10,
1728,1710,black,60+0,d4 Nf6 c4 d6 Nc3 g6 e3 Bg7 Nf3 O-O,10,
1909,1820,white,300+0,d4 d5 c4 dxc4 e4 b5 a4 Bd7 axb5 Bxb5,10,
1838,1816,black,300+0,e4 c5 Bc4 e6 Nc3 a6 a3 b5 Bf1 Bb7,10,
2077,1957,white,300+0,e4 e5 Nf3 Nc6 Bb5 f5 d3 Nf6 O-O fxe4,10,
1646,1891,draw,30+0,Nc3 d5 e4 d4 Nce2 c5 d3 Nc6 f4 Bg4,10,
947,1160,black,300+0,e4 e5 Nf3 Nc6 Bc4 Nd4 Ng5 Qxg5 g3 d5,10,
2118,1990,black,60+0,d4 d5 e3 e6 Nf3 Nf6 Be2 c5 O-O Nc6,10,
1746,1734,white,300+0,e4 d5 exd5 Nf6 Nf3 Nxd5 c4 Nf6 d4 Bg4,10,
1573,1623,white,300+0,d4 Nf6 c3 g6 Nf3 Bg7 g3 O-O Bg2 d5,10,
1962,2036,black,60+0,e3 d5 b3 e6 Bb2 f5 d4 Nf6 Nd2 c6,10,
1635,1534,black,60+0,a3 e5 b4 d5 c4 dxc4 d4 cxd3 Qxd3 Qxd3,10,
1511,1668,black,300+5,e4 c5 Bc4 e6 Nf3 Nc6 c3 g6 d4 cxd4,10,
1657,1685,black,60+0,e4 c6 f4 d5 e5 e6 Nf3 Nd7 d4 Ne7,10,5091.73
1534,1592,white,120+3,g3 e5 Nc3 d6 Bg2 Be7 e4 Nf6 d3 O-O,10,
1520,1530,white,300+0,e4 e5 Nf3 Nc6 Bc4 Nf6 Ng5 d5 exd5 Na5,10,
1810,1609,white,480+0,d4 d5 c4 c6 Nf3 Nf6 Nc3 Bf5 e3 h6,10,
1339,1330,black,600+0,e4 c5 b4 cxb4 Bb2 e6 d4 d5 exd5 Qxd5,10,
1803,1761,white,60+0,f4 Nf6 b3 e6 Bb2 d5 e3 Be7 Nf3 O-O,10,
1967,2083,white,60+0,e4 c5 Nf3 d6 d4 cxd4 Nxd4 Nf6 Nc3 a6,10,117.94
2030,1537,white,600+0,e4 e6 d4 Nc6 Nf3 Nf6 Nbd2 Bb4 c3 Ba5,10,
1594,1545,white,120+1,d4 d5 Nf3 Bf5 c4 Nf6 cxd5 Qxd5 Nc3 Qd8,10,
1712,1581,black,900+0,e4 Nf6 Nc3 d5 exd5 Nxd5 Nxd5 Qxd5 Nf3 Bg4,10,
1416,1530,white,120+0,d4 d5 c4 Nf6 Nc3 e6 Bg5 Be7 Nf3 h6,10,
1336,1306,black,120+1,e4 d5 Nf3 dxe4 Ng5 e5 Nxe4 Bf5 Ng3 Nh6,10,
1710,1804,white,180+0,e3 c5 d4 cxd4 exd4 d5 Nf3 e6 c4 Nf6,10,
1532,1668,black,360+0,Nf3 d5 c4 d4 b3 g6 Bb2 Bg7 e3 Nc6,10,
1595,1792,black,60+0,e4 e6 d4 d5 e5 c5 c3 Nc6 Nf3 Nh6,10,2620.59
1600,1583,black,180+0,e4 c5 Nf3 d6 d4 cxd4 Qxd4 Nc6 Qd1 e5,10,
994,1148,black,480+0,e4 e5 Nc3 Nf6 g3 Bb4 Nce2 Nxe4 Nf3 Bc5,10,33230.67
1820,1865,white,180+0,d4 Nf6 c4 e6 e4 d5 e5 Nfd7 cxd5 exd5,10,
2090,2209,black,180+0,e4 c5 Nc3 d6 Nf3 a6 d4 cxd4 Qxd4 Nc6,10,
1544,1420,white,300+3,e4 e5 Nf3 Nc6 Bb5 d6 O-O a6 Bxc6+ bxc6,10,94.4
1500,1711,black,300+0,e4 c5 Nc3 Nc6 d4 cxd4 Nb5 Qa5+,8,
2317,2233,white,120+10,e4 c5 Nf3 d6 d4 cxd4 Nxd4 Nf6 Nc3 a6,10,
1827,1836,white,60+0,e4 c5 Nf3 g6 c3 d5 d4 cxd4 Ng5 dxe4,10,
2056,2092,white,180+0,b3 e5 Bb2 Nc6 e3 d5 Bb5 Bd6 f4 exf4,10,
1784,1752,white,600+0,d4 Nf6 c4 d5 Nc3 dxc4 Nf3 Bg4 Bg5 Bxf3,10,
1810,1874,black,600+0,d4 g6 Bf4 Bg7 e3 c5 dxc5 Bxb2 Nd2 Bxa1,10,
1981,2172,black,45+0,d4 Nf6 c4 c5 d5 e6 Nc3 exd5 cxd5 d6,10,
1500,1489,white,600+0,e4 e5 Nc3 Qh4 Nf3 Qf6 d3 Bc5 Bg5 Qb6,10,
2197,2206,black,480+0,d4 Nf6 c4 d5 Nc3 c6 Nf3 dxc4 a4 Bg4,10,
1900,1839,black,300+0,e4 c6 d4 d5 Nc3 dxe4 Nxe4 Nd7 Nf3 Ngf6,10,
1948,1897,black,180+0,d4 d5 Nc3 e6 e3 Nf6 f3 Be7 e4 dxe4,10,9067.11
1956,1880,black,480+0,e4 d6 h3 g6 Nf3 Bg7 d4 f5 Bd3 fxe4,10,
1984,2001,black,300+0,e4 e5 f4 d5 Nf3 Bc5 Nxe5 dxe4 d4 Qxd4,10,2301.23
1128,1273,black,600+0,d4 d5 g3 Bf5 Bg2 Nf6 Nc3 c6 f3 e6,10,3929.76
1288,1331,black,900+15,e4 Nf6 f3 Nc6 Bb5 d5 Bxc6+ bxc6 d3 c5,10,5187.95
2146,1959,white,30+0,Nc3 Nf6 e4 Ng8 d4 e6 f4 c6 Nf3 b5,10,
1723,1736,white,300+0,e4 c5 Nf3 d6 Nc3 Nc6 Bc4 e6 d3 Nf6,10,
1432,1390,black,300+0,e4 e5 Nf3 Nc6 Bc4 Nf6 Ng5 d5 exd5 Nxd5,10,
1774,1744,black,180+0,e4 Nc6 Nf3 b6 d4 Bb7 Bd3 e6 c3 Nce7,10,
1496,1655,black,3600+0,e4 e5 Nf3 Nc6 Bb5 a6 Bxc6 dxc6 b3 Bg4,10,1014.45
1674,1691,white,300+0,e4 c5 c3 d5 exd5 Qxd5 Nf3 Nf6 d4 e6,10,
1155,1270,black,300+0,e4 e5 Nf3 Nc6 d4 exd4 Nxd4 Bc5 Nxc6 bxc6,10,
2205,1951,black,300+0,Nf3 d5 c4 d4 e3 c5 exd4 cxd4 g3 Nc6,10,
1591,1464,white,300+0,d4 d5 c4 c6 Bf4 e6 Nc3 Bd6 Bxd6 Qxd6,10,
1623,1466,white,120+0,e4 d6 d4 Nf6 Nc3 Nfd7 f3 Nb6 Be3 Nc6,10,
1501,1684,black,120+5,e4 c5 d4 cxd4 c3 dxc3 Nxc3 Nc6 Bc4 e6,10,
1404,1365,white,240+0,e4 d5 Nc3 dxe4 Nxe4 Nc6 Nf3 Bf5 d3 Bxe4,10,
1647,1566,draw,180+5,e4 e5 Nf3 Nc6 Be2 Nf6 d3 d5 Nbd2 Bb4,10,
2016,1787,white,60+0,c4 e6 d4 b6 Nf3 Bb7 Nc3 Bb4 a3 Bxc3+,10,
1593,1628,white,60+3,e4 c5 Bc4 Nc6 d3 Nf6 Nc3 a6 Bg5 h6,10,
1356,1419,white,60+0,d4 e6 Nf3 d5 Nc3 Nc6 Bg5 Bb4 Bxd8 Nxd8,10,
1756,1870,white,60+0,d4 b6 c4 Bb7 Nc3 e6 a3 Nf6 Nf3 d5,10,
2037,1879,white,300+5,d4 Nf6 c4 e6 Nc3 d5 cxd5 exd5 Bg5 Be7,10,
1668,1549,draw,540+0,b3 e5 Bb2 d6 e3 Nc6 g3 Nf6 Bg2 Be7,10,
2015,2133,white,300+0,e4 c5 Nc3 Nc6 f4 e5 Nf3 d6 Bc4 exf4,10,
1660,1740,black,60+1,e4 e6 Nf3 b6 d4 Bb7 Bd3 Nf6 O-O Nxe4,10,
1722,1655,white,900+0,e4 g6 d4 Bg7 Be3 d6 Nc3 Nf6 Qd2 O-O,10,
1749,1641,white,60+0,d4 c6 Nc3 d5 e4 dxe4 d5 e6 Bf4 exd5,10,
1617,1555,white,180+0,e4 e5 Nf3 Nc6 Bc4 Nf6 Ng5 Bc5 Bxf7+ Ke7,10,
1885,1812,black,360+0,e4 c5 Nf3 d6 d4 cxd4 Nxd4 Nf6 Nc3 a6,10,
1599,1980,black,480+0,e4 e5 Nc3 Nf6 Nf3 Nc6 d4 exd4 Nxd4 Bb4,10,
1649,1574,white,180+0,e4 c5 d4 cxd4 Nf3 d6 Nxd4 a6 Nc3 Qa5,10,
1848,1873,white,180+0,d4 Nf6 c4 e5 d5 Bb4+ Bd2 Qe7 a3 Bxd2+,10,
2173,2110,black,180+0,d4 Nf6 Nf3 e6 c3 b6 Bf4 Be7 e3 O-O,10,
1679,1664,white,60+0,d4 e6 c4 d5 Nc3 Nf6 cxd5 Nxd5 Bg5 Be7,10,3384.8
1512,2070,black,60+0,e4 g6 Nf3 Bg7 d4 Nf6 Bd3 d6 c3 O-O,10,
2055,2137,black,60+0,d4 Nf6 Bg5 Ne4 Bf4 d5 f3 Nf6 e3 e6,10,
1561,1748,black,60+0,d4 e6 e3 d5 Nf3 Nf6 Bd3 c5 O-O cxd4,10,
2273,2146,white,60+0,e4 d5 exd5 Nf6 c4 Bg4 Be2 Bf5 Nf3 c6,10,
1954,1833,white,60+0,d3 c6 Bd2 d5 e4 e6 e5 Ne7 f4 g6,10,
1852,1888,white,300+0,e4 c5 Nc3 a6 f4 e6 Nf3 b5 a4 b4,10,
1487,1820,black,360+0,e4 e6 d4 d5 e5 c5 c3 Nc6 Nf3 Nge7,10,5380.87
1482,1589,white,300+0,d4 e6 e4 c6 Nf3 Bb4+ c3 Ba5 Bc4 h6,10,
1672,1160,white,60+0,e3 c5 e4 Nc6 Qf3 Nf6 Bc4 e6 Qb3 d5,10,
2028,2070,black,300+0,d4 d5 c4 c6 Nc3 Nf6 Nf3 e6 e3 Nbd7,10,
1664,1746,black,300+0,e4 e5 Nf3 Nc6 Bb5 d6 Bxc6+ bxc6 O-O Be7,10,
1345,1476,white,300+0,e4 e5 Nf3 Nc6 Bb5 a6 Ba4 b5 Bb3 Nf6,10,
1303,1215,white,300+0,b3 e5 Bb2 f6 d3 d5 Nd2 Bb4 c3 Ba5,10,
1532,1513,white,120+1,e4 e6 Nf3 d5 exd5 exd5 d4 Nf6 h3 Bd6,10,
1913,1652,black,300+0,e4 e6 Bc4 d5 exd5 exd5 Bb3 Nf6 Ne2 Bd6,10,
1830,1740,black,300+0,e4 c5 Nf3 e6 c3 Nf6 e5 Nd5 d4 cxd4,10,
1488,1650,black,420+2,g3 e5 Bg2 Nf6 d3 c6 Bg5 Be7 h4 O-O,10,
1638,1564,white,180+1,e4 b6 d4 Bb7 d5 Nc6 dxc6 dxc6,8,
1905,1958,draw,180+0,e4 e5 Nf3 Nc6 d4 exd4 Nxd4 Nf6 Nc3 Bb4,10,
1329,1306,white,600+0,d4 d5 Nc3 e6 e4 Bb4 exd5 Bxc3+ bxc3 exd5,10,
1875,1742,white,120+1,e4 c5 Nc3 d6 f4 g6 Nf3 Bg7 Bc4 Nf6,10,
1371,1356,white,600+0,e4 e5 Nf3 d6 Bc4 f6 d3 g6 Nh4 f5,10,
1536,1446,black,600+4,e4 e5 Qh5 Qf6 Bc4 Bc5 Nf3 Nc6 c3 g6,10,
1879,1609,white,180+0,e4 c5 Nf3 Nc6 d4 cxd4 c3 g6 cxd4 Bg7,10,
2040,1972,white,180+0,e4 c5 Nf3 d6 d4 cxd4 Nxd4 Nf6 Nc3 a6,10,
1558,1393,white,300+0,e4 c5 Nf3 Nc6 Bb5 Qb6 Bxc6 Qxc6 d3 c4,10,
1669,1800,black,180+2,e4 c5 Nf3 d6 d4 cxd4 Qxd4 Nc6 Bb5 Bd7,10,
2110,2108,black,60+0,d4 e5 Nf3 e4 Nfd2 d5 e3 c6 c4 f5,10,
1845,1899,draw,180+0,d4 Nf6 c4 e6 a3 d5 Nf3 Be7 Nc3 Nbd7,10,
1840,1800,black,60+0,b4 d5 Bb2 e6 Nf3 b6 b5 Bb7 e3 Nd7,10,
1800,1782,white,60+1,e4 g6 d4 Bg7 Nf3 d6 c4 e5 dxe5 dxe5,10,
1772,1580,black,1200+0,e4 e5 Nf3 Nc6 Bc4 Bb4 c3 Be7 O-O Nf6,10,
1595,1635,black,300+0,e4 c5 Bc4 Nc6 d3 g6 Be3 Bg7 c3 d6,10,
1453,1482,white,120+3,g3 e5 Bg2 c6 d3 d6 Nf3 c5 b3 g6,10,
1283,1300,white,300+0,e4 e5 d4 d5 dxe5 dxe4 Qe2 Qd5 c4 Qxe5,10,
1547,1520,white,180+0,e4 e6 Nf3 d5 exd5 Qxd5 Nc3 Qc6 Bb5 Qxb5,10,2148.46
1640,1755,white,180+0,e4 d5 exd5 c6 dxc6 Nxc6 d3 Bf5 Nc3 Nf6,10,
1850,1846,black,1200+0,e4 c5 Bc4 d6 Nf3 a6 a3 e6 d3 Nd7,10,
1707,1695,black,60+0,f4 Nf6 Nh3 d5 g3 Nc6 Bg2 e5 O-O exf4,10,5477.68
1473,1512,white,900+0,e4 a6 Nf3 h6 Be2 d5 Nc3 d4 Nb1 Bg4,10,
1633,1848,white,180+0,e4 e6 d4 d6 Nf3 Be7 Be2 Nf6 O-O O-O,10,2505.96
1426,1470,white,1200+0,d4 d5 e3 Nc6 Nf3 Bg4 Be2 Bxf3 Bxf3 e5,10,
1659,2049,black,300+5,e4 c5 Nf3 Nc6 Bc4 e6 O-O Nf6 Re1 Be7,10,
1890,2034,white,300+2,d4 d5 c4 c6 Nc3 e6 Bf4 Bd6 Bxd6 Qxd6,10,
2098,2127,white,180+0,e4 c6 d4 d5 Nd2 dxe4 Nxe4 Nd7 Nf3 Ngf6,10,
1608,1625,black,300+0,e4 e5 Nf3 Nc6 Bc4 Nf6 Ng5 d5 exd5 Nxd5,10,117.19
1285,1373,black,300+8,e4 d5 f3 dxe4 fxe4 e6 a3 Qh4+ g3 Qxe4+,10,
1715,1682,white,1200+5,e4 c5 Nf3 d6 h3 g6 Bd3 Bg7 c3 Nf6,10,
1398,1369,white,60+0,d4 e6 c4 d5 Nf3 dxc4 e3 b5 a4 c6,10,
2060,2154,white,180+0,d4 Nf6 c4 e6 Nf3 d5 Nc3 c6 Bg5 Nbd7,10,
1606,1572,black,60+0,e4 c5 Bc4 e6 Nf3 a6 c3 b5 Bb3 d5,10,17858.08
1252,1313,black,60+0,c3 e5 d4 exd4 cxd4 Nc6 Nf3 Nf6 Nc3 d5,10,4862.71
1628,1555,white,420+0,d4 b6 c4 Bb7 Nf3 Nc6 Nc3 e6 Bg5 Nce7,10,
1929,1985,black,60+0,e4 d5 e5 c6 d4 Bf5 Bd3 Bg6 Ne2 e6,10,
2230,2215,black,60+0,d4 c6 c4 d5 Nc3 Nf6 Nf3 e6 Bg5 Nbd7,10,
1969,1776,black,60+0,e4 e5 d3 d5 Nf3 Bd6 exd5 f5 Be2 Nf6,10,
1869,2246,white,60+0,e4 c5 f4 Nc6 Nf3 Nf6 Bc4 e6 e5 Nd5,10,
1602,1714,black,420+0,e4 e6 Nf3 d5 exd5 exd5 d4 Nf6 c3 Bd6,10,
1847,1945,white,420+0,f4 g6 Nf3 Bg7 g3 d6 Bg2 Nf6 O-O O-O,10,4783.78
1650,1740,white,60+0,e4 e5 Nf3 Nc6 Bb5 Nf6 O-O a6 Ba4 b5,10,
1780,2056,black,180+2,e4 e6 f4 d5 e5 c5 Nf3 Nc6 Bb5 Nh6,10,
1901,1808,black,30+0,g3 d6 Bg2 c6 e3 Bh3 Ne2 Bxg2 Rg1 Bf3,10,
1497,1596,white,600+0,d4 e6 Nf3 Bb4+ c3 Ba5 e3 h6 Ne5 Nf6,10,
1590,1628,white,180+2,d4 Nf6 e3 g6 Bd3 Bg7 c3 d5 Nf3 O-O,10,
1688,1860,white,600+0,d4 d5 c4 e6 Nc3 c6 Nf3 h6 e3 Nf6,10,
1681,1968,black,300+0,e4 d6 d4 Nf6 Nc3 Bg4 f3 Bh5 Nge2 e6,10,
2291,1571,white,60+0,e4 c5 Ne2 Nc6 g3 Nf6 Bg2 d6 Kf1 g6,10,1979.33
1940,1883,white,60+0,e4 c5 Nc3 d6 f4 Nf6 Nf3 Nc6 Bb5 a6,10,3249.69
1499,1334,white,300+0,e4 d5 exd5 Qxd5 Nc3 Qe5+ Be2 Bf5 Nf3 Qf6,10,
1768,1918,black,480+0,d4 g6 Nf3 Bg7 g3 c5 c3 cxd4 Nxd4 Nc6,10,
1551,1640,black,60+2,d4 d5 c4 c6 e3 Nf6 cxd5 cxd5 Nf3 Bf5,10,
2041,1724,white,300+0,e4 c6 d4 d5 exd5 cxd5 Nf3 Nc6 Ne5 Nxe5,10,
1455,1413,black,180+0,e4 e6 d4 a6 d5 exd5 exd5 Nf6 Qe2+ Qe7,10,
1813,1623,black,300+0,e4 e5 Nf3 Nf6 Nc3 Nc6 Bc4 Nxe4 Nd5 Bc5,10,
1405,1237,black,600+0,d4 d5 c4 dxc4 e3 Nf6 Nc3 e5 Nf3 Nc6,10,
2650,2541,white,60+0,e4 d5 exd5 Qxd5 Nc3 Qa5 Nf3 Nf6 d4 c6,10,35.03
1831,1194,white,300+0,d4 d6 e3 Nc6 f4 Bf5 Nf3 e6 Bb5 a6,10,
1606,1913,black,300+0,e4 e5 Nc3 Nc6 Bb5 d6 d3 h6 f4 Nf6,10,
2221,2100,white,180+0,d4 Nf6 c4 e6 Nc3 Bb4 Nf3 b6 Bg5 Bb7,10,
1799,1386,black,300+0,e4 e5 f4 d5 exd5 Qxd5 Nc3 Qd8 fxe5 Nc6,10,
1712,1728,white,-,c4 Nf6 Nc3 e5 g3 Bc5 Bg2 O-O e3 a6,10,
1911,1836,white,180+0,d4 d5 c4 c6 Nc3 Nf6 Nf3 Qb6 e3 e6,10,
1439,1620,white,240+5,d4 d5 c4 e6 Bf4 c6 e3 Bb4+ Nc3 Qa5,10,
1129,1813,black,300+4,d3 g6 e4 Bg7 g3 d6 Nc3 Nf6 b3 O-O,10,
1493,1280,draw,900+0,e4 e5 Nc3 d6 Nf3 Nf6 Bb5+ Bd7 d3 a6,10,70.22
1547,1242,white,1500+5,e4 e5 Nc3 Bb4 d3 Nf6 Bd2 O-O Nf3 d6,10,
1978,2013,black,180+0,d4 Nf6 Bf4 c5 e3 g6 c3 Bg7 Bd3 O-O,10,
2003,1940,white,180+0,d4 Nf6 c4 e6 g3 c5 d5 exd5 cxd5 d6,10,
1937,2020,draw,900+0,d4 c6 e4 d6 Nc3 g6 Nf3 Bg7 Be3 Nf6,10,
1695,1680,black,480+0,f3 e5 e4 Nc6 Bc4 a6 Ne2 d6 O-O g5,10,
1586,1474,white,120+0,d4 e6 c4 a6 Nc3 d6 Nf3 Bd7 e3 h6,10,10018.1
1927,1882,white,60+0,e4 c5 Nf3 Nc6 d4 cxd4 Nxd4 g6 Nxc6 dxc6,10,
1447,1446,black,300+0,e4 e5 d4 exd4 c3 dxc3 Bc4 Nf6 Nxc3 Nc6,10,
1278,1553,black,300+3,e4 e5 d3 Nf6 h3 Nc6 a3 Bc5 Nf3 O-O,10,
1500,1536,white,300+0,d4 d5 c4 dxc4 e4 e6 Bxc4 Nc6 Nf3 Bb4+,10,
1184,1312,black,300+0,e4 e5 Nf3 d6 d4 exd4 Qxd4 Nc6 Bb5 Bd7,10,
1482,1521,white,1500+0,e4 e5 Nf3 d5 Nxe5 dxe4 d4 Bd6 Bf4 Bxe5,10,2855.47
1740,1777,black,300+0,d4 d5 c4 dxc4 Nc3 e5 d5 Nf6 e4 Bb4,10,
1564,1566,black,300+3,e4 c5 Nf3 e6 Bc4 Nc6 d3 Nf6 Bf4 Be7,10,1855.2
2087,2120,white,30+0,e4 e5 Nf3 Nf6 Bc4 d5 exd5 e4 Ne5 Bd6,10,2981.15
1212,1108,white,300+0,d4 d5 Bf4 e6 Nc3 Nc6 Nb5 e5 Bg3 a6,10,
2364,2142,draw,180+0,d4 Nf6 c4 c5 d5 e6 Nc3 exd5 cxd5 d6,10,
1422,1483,white,180+0,d3 g6 e4 Bg7 Qf3 b6 d4 c6 Bc4 Bb7,10,
1812,1845,white,300+5,f4 g6 d4 Bg7 c3 e6 e3 f5 Nf3 d5,10,
1142,1459,black,420+0,e4 c5 Nf3 Nc6 d4 cxd4 Nxd4 Nf6 Nxc6 bxc6,10,1987.36
1850,1851,white,120+0,e4 c5 Nf3 g6 Nc3 Bg7 d4 cxd4 Nxd4 Nc6,10,
1865,1710,white,600+0,e4 e5 Bc4 Nf6 Nf3 Bc5 Nxe5 O-O Nxf7 Rxf7,10,
1506,1293,white,60+0,e4 e5 Bc4 Nf6 Bxf7+ Kxf7 Nf3 Bd6 c3 Kf8,10,
2113,1831,white,0+4,Nf3 d6 d4 e5 dxe5 Bg4 Bf4 Nc6 exd6 Qf6,10,
1266,1339,draw,600+0,e4 e5 Nf3 d6 d4 exd4 Qxd4 Nf6 Bg5 h6,10,
1488,1734,white,120+0,e3 g6 d3 Bg7 f3 d6 e4 c6 c3 Nd7,10,
1500,1670,black,60+0,c4 c5 Qa4 e6 Nf3 Nf6 g3 Nc6 Nc3 Be7,10,
1543,1661,black,300+0,b4 e5 Bb2 d6 c4 Nf6 e3 Be7 Nf3 Bg4,10,
1473,1450,white,600+0,d4 d5 Nc3 Nf6 Bg5 e6 a3 Nc6 e3 e5,10,
1763,1764,white,180+0,e4 d5 exd5 Qxd5 Nc3 Qd8 Bc4 Nf6 d3 e6,10,
1760,1811,white,600+0,e4 e5 Bc4 Nf6 Nf3 Nc6 Ng5 d5 exd5 Na5,10,
1707,1592,white,180+0,e4 d5 exd5 Qxd5 Nc3 Qe5+ Be2 Bg4 d4 Bxe2,10,
1239,1224,black,600+0,g3 e5 d4 exd4 Qxd4 f6 Qe3+ Be7 Qd2 d5,10,
1739,1771,black,60+0,e4 e6 d4 d5 e5 c5 c3 Nc6 Bd3 Qb6,10,
1997,1958,white,60+0,d4 d5 c4 c6 Nc3 dxc4 Nf3 a6 a4 Nf6,10,
1614,1784,black,60+0,d4 d5 c4 c6 cxd5 cxd5 Nc3 f6 Nf3 e5,10,
1815,1618,black,360+0,e4 e5 g3 Nf6 Bg2 Bc5 h3 O-O Ne2 b6,10,
1894,1850,black,60+0,e4 c5 Nf3 Nc6 d4 cxd4 Nxd4 Nf6 Nc3 e5,10,
2511,1660,white,60+0,d4 d5 c3 e6 Nf3 Nf6 Bf4 Bd6 Bg3 Bxg3,10,
1377,1670,black,60+0,Nf3 c6 h4 d5 d4 Bg4 c4 e5 Nc3 e4,10,
1407,1985,black,60+0,e4 d6 Bc4 Nf6 Qf3 g6 d3 Nc6 Bg5 Nd4,10,
1846,1910,black,600+0,e4 d5 exd5 Nf6 c4 e6 dxe6 Nc6 exf7+ Kxf7,10,331.31
1903,2130,black,60+0,d4 f5 Bf4 Nf6 Nf3 d6 e3 g6 c3 Bg7,10,
1919,1757,black,30+0,d4 b6 c4 Bb7 Nc3 d6 e3 Nd7 f4 e6,10,
1610,1714,black,180+0,d4 d5 e3 g6 Nf3 Bg7 Bb5+ c6 Be2 Nf6,10,
2407,2177,white,180+2,e4 c5 Nf3 e6 d4 cxd4 Nxd4 a6 Nc3 Qc7,10,
1294,1329,white,300+0,e4 e5 Nf3 Nf6 Nc3 Bd6 Bc4 h6 d4 exd4,10,
1957,1719,white,30+0,Nf3 e5 d3 f5 Bg5 Be7 Bxe7 Qxe7 e4 f4,10,
1709,1572,white,60+0,e4 e5 Nf3 d6 Bc4 Be6 O-O Bxc4 Re1 Nf6,10,
1805,1920,black,180+2,Nf3 d5 d4 Nf6 e3 Bg4 Be2 e6 Nbd2 c5,10,
1331,1729,black,60+0,e4 Nf6 Nf3 Nxe4 Qe2 d5 c4 Nc6 cxd5 Qxd5,10,
1592,1794,black,300+0,e4 e5 Nf3 Nc6 d4 exd4 Nxd4 Bc5 Nb3 Bb6,10,
1529,1405,white,300+4,d4 Nf6 Bf4 d5 e3 c6 c4 Bf5 Nc3 dxc4,10,44.47
1876,1703,white,60+0,c4 e5 Nc3 Nf6 d3 c5 g3 Nc6 Bg2 Be7,10,
2095,2064,black,180+0,e4 c5 Nf3 Nc6 d4 cxd4 Nxd4 Nf6 Nc3 e5,10,
1621,1664,black,300+0,e4 c5 Nf3 d6 Bc4 e6 e5 d5 Bb5+ Bd7,10,
1814,1718,black,180+0,e4 c5 Nc3 Nc6 d3 e5 g3 g6 Bg2 Bg7,10,
1586,1596,white,900+10,d4 d5 Bf4 f6 e3 e5 dxe5 fxe5 Qh5+ g6,10,
1624,2256,black,180+0,e4 c5 d4 cxd4 c3 dxc3 Nxc3 a6 f4 e6,10,
1875,1788,white,180+0,d4 Nf6 c4 e6 Nf3 c6 Nc3 d5 Bg5 Nbd7,10,
1868,1615,white,120+1,c4 Nf6 Nc3 e5 Nf3 Nc6 d4 exd4 Nxd4 Bc5,10,
1707,1729,white,0+1,e4 e5 d4 exd4 Qxd4 Nc6 Qe3 Nf6 Nc3 Be7,10,
1830,1646,black,180+1,d4 Nf6 c4 c5 d5 b5 e3 bxc4 Bxc4 g6,10,
1731,1693,white,180+0,e4 e5 Nf3 Nc6 Bc4 h6 O-O Bc5 c3 d6,10,
1801,2089,black,180+0,d4 d5 e3 Nf6 Bd3 c5 c3 Nc6 Nd2 a6,10,
1103,1070,black,600+0,e4 h5 Nf3 d5 Bb5+ c6 Ba4 Qa5 Nc3 Nf6,10,
1531,1207,white,600+5,e4 e5 Nf3 Nc6 Bc4 Bc5 b4 Bxb4 c3 Bc5,10,
1990,1766,white,30+0,e4 e5 Bc4 Nc6 Nc3 Nf6 a3 Nxe4 Nxe4 d5,10,
1712,1755,white,60+0,e4 d5 exd5 Qxd5 Nc3 Qd8 Nf3 Nc6 d4 Nf6,10,
1564,1621,black,180+2,d4 Nf6 Bg5 e6 Nf3 h6 Bh4 g5 Bg3 Bg7,10,1568.06
1742,1834,white,480+8,e4 d5 exd5 Nf6 d4 Nxd5 Nf3 Bg4 Be2 Nc6,10,
1641,1568,white,600+0,e4 e5 Nf3 Nc6 Bc4 Bc5 d3 Nf6 Ng5 O-O,10,
1539,1523,white,300+0,e4 e6 Bc4 d5 exd5 exd5 Bb3 c6 Nf3 Nf6,10,
1237,1297,black,600+0,d4 e6 Nf3 d5 Nc3 Bb4 Bg5 f6 Be3 Ne7,10,
1144,1211,white,300+0,d4 f5 c4 e6 Nc3 Bb4 a3 Bxc3+ bxc3 d5,10,
1601,1579,white,300+0,e4 e5 Bc4 Nf6 Nf3 h6 Nxe5 d5 exd5 Nxd5,10,
2589,2566,black,60+0,Nf3 d5 d4 e6 c4 Nf6 Nc3 Be7 e3 O-O,10,1212.38
2239,2113,white,600+0,d4 d5 c4 e6 Nc3 Nf6 Nf3 Be7 Bf4 O-O,10,
1885,1652,white,30+0,g3 d5 Bg2 c6 d4 e6 c4 Nf6 cxd5 Nxd5,10,
1956,1540,draw,600+8,e4 c5 Nf3 Nc6 c4 e6 Nc3 Be7 d3 h6,10,
1356,1560,black,900+5,d4 Nf6 d5 e5 Nc3 Bc5 e4 d6 Be3 Bxe3,10,
1996,2060,black,60+0,d4 Nf6 c4 Nc6 Nc3 e5 d5 Ne7 e4 Ng6,10,6139.71
1408,1472,white,900+0,e4 e5 Qf3 Bc5 Bc4 Nf6 c3 d6 d4 Bg4,10,
1305,1327,black,300+0,e3 d5 d4 c6 b3 Nf6 c4 Ne4 c5 Qa5+,10,
1600,1634,white,300+0,d4 Nf6 c4 g6 Nc3 Bg7 e4 d6 f4 Nbd7,10,
1873,1629,white,120+0,d4 d5 c3 Nf6 Nf3 Bf5 g3 e6 Bg2 Bd6,10,
1676,1371,black,120+5,d4 d5 Nf3 b6 g3 Ba6 a4 Nf6 Bg2 Nc6,10,
2189,1688,white,480+0,e4 e5 Nf3 Bd6 Na3 Nf6 Nb5 Nxe4 Bc4 Bc5,10,13545.0
2252,2067,black,60+0,d3 d5 Nd2 c5 Ngf3 Nc6 c3 e6 Qc2 Nf6,10,
1963,2300,black,30+0,e4 d6 Nf3 g6 d4 Bg7 Bg5 h6 Bh4 c5,10,
2398,1997,white,60+0,d4 Nf6 Bf4 e5 e3 exf4 exf4 Bb4+ c3 Qe7+,10,
1638,1521,black,60+0,d4 e6 Nf3 d5 e3 Be7 Be2 Nc6 O-O Bd7,10,
2024,1897,white,60+0,e3 e6 d4 d5 c3 Nf6 Nf3 Be7 Ne5 O-O,10,
1808,1594,white,300+0,Nf3 d6 e4 Nc6 d4 Nf6 e5 dxe5 dxe5 Qxd1+,10,
1783,1746,white,30+0,d4 d5 c4 Bg4 Nc3 Bf5 e3 Bc2 Qxc2 c6,10,
1983,1978,black,60+0,e4 d5 exd5 c6 dxc6 e6 d4 bxc6 Nf3 Bb7,10,
1366,1952,black,300+0,e4 c6 d4 d5 e5 Bf5 Bd3 Bxd3 Qxd3 Nd7,10,
2217,2410,black,180+0,d4 Nf6 Nf3 e6 c4 c5 d5 exd5 cxd5 d6,10,
1526,1347,white,300+8,d4 d5 c4 b6 cxd5 Qxd5 Nc3 Qa5 Nf3 Be6,10,
2276,2311,black,180+0,d4 Nf6 Nf3 d6 c4 Bg4 e3 Nbd7 Nc3 e5,10,
1741,2125,black,60+0,e4 d5 exd5 Qxd5 Nf3 Bg4 Be2 c5 O-O Nc6,10,
1754,1636,black,120+2,e4 d5 exd5 Qxd5 d4 h5 Nf3 Bg4 Be2 Bxf3,10,
1186,994,white,180+0,e4 Nc6 d4 b6 d5 Na5 Nc3 Bb7 Bd3 d6,10,
2002,1937,black,300+0,e4 d6 d4 g6 Nc3 Bg7 Bc4 Nf6 Nf3 O-O,10,
1958,1989,black,300+0,e4 d6 d4 e5 dxe5 Nc6 exd6 Bxd6 Nf3 Bg4,10,
2029,1963,black,180+0,e4 c5 Nf3 e6 d4 cxd4 Nxd4 Nc6 Bb5 Nf6,10,
1470,1878,black,300+0,e4 e6 d4 d5 e5 c5 c3 Nc6 Nf3 Qb6,10,
1989,2066,white,180+2,Nf3 f5 d4 Nf6 Nc3 e6 e4 fxe4 Ng5 Bb4,10,
1808,1850,white,300+0,e4 e5 Nf3 Nc6 Bb5 a6 Ba4 b5 Bb3 Nf6,10,
1286,1494,white,420+5,e4 c5 Bc4 e6 a3 d5 exd5 exd5 Ba2 Be7,10,
1851,1891,black,300+0,e4 e5 Nf3 Nc6 Bb5 Nf6 d3 Be7 O-O d6,10,
1546,1626,black,180+0,e4 c6 d4 d5 exd5 cxd5 Nf3 Nc6 c4 Bd7,10,
1602,1643,white,300+0,e4 c5 Nf3 Nc6 d4 cxd4 Nxd4 a6 Nc3 d6,10,
2161,2109,black,240+2,d4 Nf6 c4 e6 g3 Bb4+ Bd2 a5 Nf3 d6,10,
1828,1608,white,60+0,d4 g6 c4 Bg7 Nc3 d6 f4 e6 Nf3 Ne7,10,
1327,1387,black,300+0,e4 e5 Bc4 d6 Nc3 a6 Nf3 Nf6 d3 Bg4,10,
2034,1903,black,180+0,e4 c5 Nf3 Nc6 d4 cxd4 Nxd4 g6 Nc3 Bg7,10,
1827,1736,white,480+0,d4 e6 Nf3 c6 g3 d5 Bg2 Nd7 a3 Ngf6,10,
1503,1480,white,300+2,d4 d5 c4 c6 Nc3 Nf6 Bg5 Nbd7 h3 h6,10,
1785,1935,black,300+0,d4 Nf6 Nf3 e6 Bg5 d5 e3 Be7 Bd3 c5,10,
1459,1562,black,300+0,d4 g6 c4 Bg7 e3 Nf6 Nf3 O-O Bd3 d5,10,
1192,1384,white,180+2,e4 c5 Nf3 Nc6 Bb5 Qb6 Nc3 d6 d4 cxd4,10,
2005,2083,black,240+0,e4 d6 d4 g6 Bd3 Bg7 Be3 Nf6 h3 Nbd7,10,
1365,1494,black,840+1,d4 e6 a3 c6 b4 a5 Bd2 axb4 Bxb4 Bxb4+,10,
1291,1270,black,60+0,e4 e5 Nf3 d6 Bc4 Nc6 c3 h6 d4 Nf6,10,
1472,1489,white,180+0,e4 e6 Nf3 Qf6 e5 Qg6 Bd3 Qh6 O-O g5,10,
1491,1428,white,600+0,e4 e5 Nf3 Nc6 Bb5 Nge7 d4 a6 Bxc6 Nxc6,10,
1528,1488,black,600+0,e4 e5 f4 exf4 d4 d5 e5 g5 Nf3 h6,10,
1423,1463,black,300+0,e4 e5 Nf3 Nc6 Bb5 Nf6 O-O d6 Bxc6+ bxc6,10,
2172,2609,white,60+0,e3 d5 d4 Nf6 Nf3 c5 dxc5 Bg4 c4 e6,10,1703.17
1821,1764,white,300+5,d4 d5 Nc3 e6 e3 Bb4 Bd2 Nf6 Bd3 Bxc3,10,
1500,1460,white,30+0,e4 d6 Nc3 e5 Bc4 Be7 Nf3 h6 O-O Be6,10,
2028,1933,black,420+7,e4 c5 Nf3 Nc6 d4 cxd4 Nxd4 e5 Nb5 d6,10,
1728,1712,black,-,e4 e5 Nf3 Nc6 Bb5 Nf6 O-O Nxe4 Re1 Nd6,10,
1445,1518,black,480+0,e4 e5 d4 exd4 Qxd4 Nc6 Qe3 d6 Bb5 Bd7,10,
1530,1734,white,900+0,e4 e5 Nf3 Nc6 Bc4 h6 Nc3 Nf6 d3 Bb4,10,5472.15
1686,1648,white,300+0,e4 Nf6 Nc3 e6 e5 Nd5 Nxd5 exd5 d4 d6,10,
1343,1437,black,240+1,b3 e5 Bb2 Nc6 Nf3 d6 e3 g6 d4 Bg7,10,29.57
1764,1601,white,900+15,f4 e6 Nf3 d5 g3 Nf6 d3 Bb4+ c3 Be7,10,
1784,1794,black,180+2,e4 Nf6 e5 Nd5 d4 d6 f4 g5 Bc4 Nb6,10,
1664,1458,white,300+0,e4 c5 d4 cxd4 c3 dxc3 Nxc3 Nc6 Nf3 e6,10,49.56
2151,2109,white,30+0,e4 g6 Nc3 Bg7 d4 d5 Nf3 dxe4 Nxe4 f5,10,
1596,1526,black,180+0,d4 b6 c4 Bb7 Nc3 Nf6 d5 e6 dxe6 fxe6,10,
2129,2072,black,180+0,d4 d5 Bf4 Nf6 e3 e6 c3 c5 Nd2 Nc6,10,
1699,1663,black,300+0,e4 e6 d4 d5 Nd2 dxe4 Nxe4 Nd7 c3 Ngf6,10,2143.04
1375,1851,black,600+0,e4 e6 d4 d5 c4 dxe4 Nc3 Nc6 Nge2 Bb4,10,
1825,1801,white,180+0,d4 Nf6 c4 g6 Nc3 Bg7 Bg5 d6 Nf3 O-O,10,
1802,1892,white,1800+15,e4 e5 Nf3 Nc6 Bc4 Nf6 Nc3 Bc5 O-O O-O,10,1685.05
1526,1917,black,600+0,d4 d5 c4 dxc4 e3 e5 Bxc4 exd4 Qxd4 Bd7,10,177.73
1615,1924,black,120+9,b4 e6 Bb2 Nf6 b5 c5 d4 cxd4 Bxd4 Qc7,10,
1718,1500,white,120+1,e4 e5 Nf3 Nc6 Nc3 Nf6 Bc4 Bb4 O-O O-O,10,102.0
1782,2021,black,60+0,e3 g6 b3 Bg7 Nc3 b5 Bb2 b4 Na4 Bxb2,10,
1798,2146,black,60+0,e4 c6 Nc3 d5 f4 d4 Nce2 c5 c4 Nc6,10,
1630,1671,black,420+0,e4 e6 Nf3 d5 exd5 exd5 d4 Nf6 Bd3 Be7,10,40.88
1652,1652,black,60+0,e4 c5 c3 d5 d4 cxd4 cxd4 dxe4 Nc3 f5,10,66.35
1892,1789,white,60+1,e3 b6 d4 Bb7 c4 Nf6 Nc3 d6 Nf3 e5,10,
1917,1921,draw,60+0,d4 c5 Bf4 cxd4 Qxd4 Nc6 Qd1 Nf6 Bg3 d6,10,
1857,1721,white,180+0,e4 e5 Qf3 Nc6 c3 Bc5 Bc4 Qe7 h4 d6,10,95.65
1903,1870,white,300+0,e4 e5 Nf3 f5 exf5 e4 Qe2 Nf6 d3 d5,10,
1559,1589,black,60+0,d4 c5 c4 cxd4 Qxd4 Nc6 Qd1 g6 Nc3 Bg7,10,
1902,1931,white,180+0,e4 g6 d4 Bg7 f4 d6 Nf3 Nd7 Bd3 c5,10,
1583,1596,white,300+8,e4 c5 Nf3 e6 d4 cxd4 Nxd4 b6 Nc3 Bb7,10,19261.81
2020,2000,white,480+0,e4 e5 Nf3 d6 Bc4 Bg4 Nc3 Nc6 h3 Bh5,10,
1716,1679,draw,300+0,e4 e5 Nf3 Nc6 Bb5 Nge7 O-O d6 d3 Bg4,10,
1788,1881,black,120+0,e4 c6 d4 Nf6 Nc3 Qc7 Bc4 e5 dxe5 Qxe5,10,
1722,1757,white,300+0,e4 d5 exd5 Qxd5 Nc3 Qd8 Bb5+ Bd7 Bxd7+ Qxd7,10,
1794,1800,white,300+0,e4 e5 Nf3 Nc6 d4 exd4 Nxd4 Nge7 c4 d6,10,
1312,1245,white,180+0,c4 Nf6 Nc3 d5 e3 dxc4 Bxc4 Nc6 Bd3 e5,10,
1269,1276,black,1500+2,e3 e5 d4 Nc6 dxe5 Nxe5 Qd5 d6 f4 c5,10,
1916,1966,black,180+2,d4 f5 g3 Nf6 Bg2 g6 c4 Bg7 Nf3 O-O,10,
1976,1958,white,60+0,e4 b6 d4 Bb7 Nc3 e6 f3 Bb4 Be3 Ne7,10,
1871,1582,black,60+0,e4 e6 d4 Ne7 c4 d5 Nc3 dxc4 Bxc4 c6,10,2451.19
1678,1488,white,180+2,e4 c5 c3 Nf6 e5 Nd5 Nf3 d6 d4 cxd4,10,
2045,1887,black,60+0,e4 c5 Nf3 d6 d4 cxd4 Nxd4 Nf6 Nc3 a6,10,
1513,1475,white,180+0,e4 e5 Bc4 d6 Nf3 h6 h3 Qe7 d3 Be6,10,
1682,1778,black,180+0,e4 e5 Nf3 d6 Bc4 h6 d4 Bg4 dxe5 Nc6,10,
1835,2080,white,180+3,d4 Nf6 c4 c5 d5 b5 cxb5 a6 bxa6 Bxa6,10,
1688,1606,white,300+0,Nf3 d5 g3 d4 Bg2 c5 O-O Nc6 e4 e5,10,
1741,1750,black,300+0,d4 Nf6 c4 e6 Nc3 Bb4 Bd2 Bxc3 Bxc3 b6,10,
1721,1740,black,300+3,e4 e5 Nf3 Nc6 Bb5 a6 Ba4 Nf6 O-O b5,10,78.79
1807,1481,white,180+2,d4 Nf6 Nf3 d5 Bf4 c6 e3 Bg4 Be2 Nbd7,10,
1146,1253,black,60+2,d4 d5 Bg5 Nc6 Qd3 Nf6 Nc3 Nb4 O-O-O Nxd3+,10,
1810,1809,white,180+2,e4 c6 b3 d5 exd5 cxd5 Bb2 Nf6 Nf3 Nc6,10,
1539,1747,black,120+0,d4 d5 c4 Nf6 Nf3 e6 Bf4 Be7 Nc3 O-O,10,
1718,1717,black,0+1,e4 d5 exd5 Qxd5 d4 Qe6+ Qe2 Nc6 Qxe6 Bxe6,10,
1315,1632,black,300+0,e4 c5 Nf3 e6 c3 Nc6 d4 cxd4 cxd4 d5,10,
2001,2130,black,180+0,Nf3 Nf6 g3 g6 Bg2 Bg7 O-O O-O c4 d6,10,
1470,1850,black,600+7,e4 c5 d4 cxd4 Qxd4 Nc6 Qc4 d6 Be3 e5,10,
1991,1605,white,180+0,d4 Nf6 c4 g6 e3 Bg7 Nc3 O-O Nf3 d6,10,
1473,1572,white,600+5,d4 e6 Nf3 Nf6 Bg5 Be7 c3 d5 Ne5 h6,10,54.74
1992,1830,white,180+0,d4 Nf6 Bg5 h6 Bxf6 exf6 e3 d5 g3 c6,10,
1727,1719,white,300+0,d4 d5 c4 dxc4 a4 a5 e4 Nd7 Bxc4 Nb6,10,
1378,1690,white,60+0,d4 d5 c4 Nf6 Nc3 dxc4 e4 a6 Bxc4 e5,10,
1884,1938,black,180+0,e4 e5 Nf3 d6 d4 exd4 Qxd4 Nf6 Nc3 Nc6,10,
1971,2005,white,60+0,d4 d5 Nf3 c6 Bf4 e6 e3 Bd6 Bg3 f5,10,
1961,2100,black,60+0,e4 d5 exd5 e6 Nc3 exd5 d4 Be6 Nf3 Be7,10,
2138,2198,black,60+0,Nf3 g5 d4 g4 Ne5 d6 Nd3 Nc6 c4 e5,10,
1548,1621,black,60+0,e4 d5 exd5 Qxd5 Nc3 Qa5 d4 Nf6 Nf3 Bg4,10,
2281,2292,white,60+0,g3 Nf6 Bg2 g6 Nf3 Bg7 O-O O-O d3 d6,10,
1999,2105,white,480+0,d4 f5 c4 Nf6 Nc3 e6 Bf4 d5 e3 c6,10,
1290,1218,black,120+0,e4 d5 exd5 Qxd5 d4 Qe4+ Qe2 Qxd4 Nf3 Qb4+,10,
2007,1570,white,60+0,e4 c5 Nf3 Nc6 d4 cxd4 Nxd4 g6 Nc3 Bg7,10,
1725,1650,white,480+0,e4 e5 Bc4 Qf6 c3 Bc5 Nf3 Nh6 d4 exd4,10,
1814,1828,white,60+0,e4 g6 d4 Bg7 f4 b6 Nf3 Bb7 Bd3 d6,10,
1448,1601,black,300+5,e4 e5 Nf3 Nc6 Bc4 Nd4 c3 Nxf3+ Qxf3 Nf6,10,
1674,1726,black,60+0,g3 d6 Bg2 Nd7 c4 g6 b3 Bg7 Nc3 e5,10,9633.96
1325,1321,black,600+0,e4 d5 Qf3 dxe4 Qxe4 Nc6 Bb5 Nf6 Bxc6+ Bd7,10,
1772,1904,black,30+0,e4 e6 e5 d5 exd6 c5 g3 Bxd6 Bg2 Nf6,10,
1544,1499,black,600+3,d4 d5 Nc3 Nf6 Bf4 e6 f3 Bb4 Qd3 c5,10,
1668,1553,black,600+0,e4 e5 Nf3 d6 d4 Bg4 Bc4 Bxf3 Qxf3 Qf6,10,
1194,1169,black,900+3,e4 d5 exd5 Qxd5 Nc3 Qe6+ Be2 Nf6 Nf3 Qd7,10,3260.73
1678,1848,black,600+0,e4 e5 Nf3 Nc6 Nc3 a6 d4 exd4 Nxd4 Nxd4,10,
1176,1726,black,600+2,e4 d5 Nc3 d4 Nf3 dxc3 bxc3 Bg4 h3 Bh5,10,
1844,1851,white,600+0,e4 c5 a3 e6 b4 Qc7 b5 b6 c4 Bb7,10,
2237,2344,white,180+0,c4 e5 g3 Nc6 Bg2 g6 Nc3 Bg7 Rb1 Nge7,10,
1562,1593,white,480+0,e4 e5 Nf3 Nc6 Bc4 h6 d3 Bc5 d4 exd4,10,48.85
1604,1682,black,0+2,b3 d6 Bb2 e5 e3 Nf6 Be2 c5 h3 d5,10,
1041,1378,black,300+0,e3 e5 Bd3 d5 Qe2 Nf6 Bb5+ Bd7 Nc3 Bxb5,10,
1728,1785,black,480+0,e4 c6 d4 d5 e5 Bf5 Nc3 e6 Nf3 Bb4,10,
1774,1667,white,120+0,d4 e6 Nf3 c5 e3 cxd4 exd4 Nh6 Bxh6 gxh6,10,
2046,1767,white,180+0,e4 e5 Nf3 d6 d4 exd4 Nxd4 Bd7 Nc3 c5,10,
2175,2019,white,180+2,c4 e5 g3 Nf6 Bg2 Nc6 Nc3 Bb4 Nd5 Bc5,10,
1357,1366,white,180+0,e4 b6 d4 Bb7 d5 g6 Bd3 Bg7 c3 e6,10,
1652,1818,white,180+0,d4 Nf6 Bf4 d5 Nf3 Nc6 c3 Bg4 Nbd2 e6,10,
1891,1832,black,180+0,Nf3 e6 c4 d5 g3 dxc4 Bg2 Nf6 O-O Be7,10,
1484,1622,white,180+0,e4 d5 exd5 Qxd5 c4 Qd8 g3 Nc6 Bg2 Bd7,10,
2267,2369,black,60+1,e4 e6 d4 d5 e5 c5 c3 Qb6 Nf3 Nc6,10,
1243,1309,black,60+0,e4 e5 Nf3 Nc6 d4 exd4 Nxd4 Nxd4 Qxd4 b6,10,
1528,1500,black,240+0,e4 d5 exd5 Qxd5 Nc3 Qd6 Nf3 Nf6 Be2 a6,10,
1648,1889,black,30+0,Nc3 d5 e4 d4 Nce2 e5 d3 c5 f4 f6,10,
1688,1634,draw,420+0,d4 d5 Nf3 Nc6 Bg5 f6 Bh4 g5 Bg3 h5,10,
1384,1513,white,180+0,d4 d5 c4 dxc4 e4 e6 Bxc4 Nc6 d5 exd5,10,
1678,1879,black,180+1,e4 e5 f4 exf4 Nf3 Be7 Bc4 Bh4+ Ke2 d5,10,
1561,1518,white,180+0,e4 e5 Nf3 Nc6 Bc4 Nf6 d4 exd4 Nxd4 Nxd4,10,
1695,1707,black,300+0,e4 e5 Nf3 Nc6 Bc4 Nf6 Nc3 Be7 d3 O-O,10,
1613,1680,black,600+0,e4 g6 d4 Bg7 Nf3 c6 Nc3 Qb6 a3 d6,10,172.77
1456,1494,black,300+3,e4 c6 Nf3 d5 exd5 cxd5 Nc3 Bg4 d3 e6,10,
2101,1949,white,180+0,e4 c5 Nf3 Nc6 d4 cxd4 Nxd4 e5 Nb5 d6,10,
1441,1541,white,600+0,e4 e6 d4 b6 d5 Bb7 Nc3 Nf6 Nf3 Bb4,10,
1937,1982,black,60+0,d4 e6 Nf3 d5 Bf4 Nf6 e3 Bd6 Bd3 O-O,10,7360.78
1920,1828,black,180+0,d4 d5 e4 dxe4 Be3 e6 c4 f5 Nc3 Nf6,10,
1578,1715,black,300+0,e4 c6 d4 Qc7 f4 d6 Bd3 g6 Be3 Bg7,10,
1672,1548,black,600+0,e4 e5 Nf3 d6 Bb5+ Bd7 Bxd7+ Qxd7 O-O h6,10,
1360,1366,black,600+0,d4 d5 e3 Nc6 Bb5 Bf5 c3 e6 Nf3 Bd6,10,
1908,1751,black,60+0,e4 c5 Nf3 e6 d4 cxd4 Nxd4 Nc6 Nxc6 bxc6,10,69.7
1459,1642,black,300+0,d4 Nf6 Nf3 d5 Bg5 g6 e3 Bg7 Bb5+ c6,10,3783.59
1269,1628,black,180+0,e4 e6 d4 d5 exd5 exd5 c3 Nf6 Bg5 Be7,10,
1285,1291,black,300+0,e4 e5 Nc3 Nf6 Nf3 d6 Bc4 Bg4 Be2 Nc6,10,
1585,1483,white,180+0,d4 d5 e3 e6 Bd3 c5 c3 Nc6 f4 Nf6,10,
1891,2048,black,180+0,e4 e5 Nf3 Nc6 Bb5 Nf6 O-O Nxe4 d4 Nd6,10,
1960,1899,draw,60+0,Nf3 c6 c4 d5 b3 Nf6 Bb2 Bg4 e3 e6,10,
1714,1962,black,30+0,e4 d6 Qf3 Bd7 Bc4 Nf6 d3 Bg4 Qe3 e5,10,
1802,1869,white,180+0,d4 d5 c4 e6 Nf3 Nf6 Nc3 c6 e3 Bb4,10,
1337,1175,black,600+0,e4 e5 Nf3 Nc6 Nc3 Bb4 a3 Ba5 Bb5 d6,10,
1425,1447,black,300+0,e4 e6 Nf3 c5 Bc4 a6 O-O Nc6 d4 b5,10,
1972,1885,draw,180+0,e4 c5 Nf3 e6 Bc4 a6 c3 Nf6 d3 Be7,10,
1466,1470,black,300+0,d4 Nf6 c4 e6 Nc3 Bb4 a3 Bxc3+ bxc3 b6,10,
1536,1563,white,60+0,e4 e5 Bc4 c6 Qg4 Qf6 Nc3 Ne7 Qf3 Qxf3,10,58.84
1395,1288,white,900+0,e4 e5 Qh5 Nc6 Bc4 g6 Qf3 Nf6 d3 Nd4,10,
1325,1320,white,600+0,e4 e5 Nf3 Nc6 Bc4 a6 O-O b5 Bd5 Bb7,10,
1903,1459,white,180+0,e4 e5 Nf3 Nc6 Bb5 Nf6 O-O Nxe4 d4 b6,10,6756.81
2126,2109,black,180+2,e4 c5 d4 cxd4 c3 Nf6 e5 Nd5 Qxd4 e6,10,
1633,1783,black,300+0,e4 e5 Nf3 Nc6 Bb5 Bc5 O-O Nge7 Nc3 a6,10,
2029,1804,white,600+0,Nf3 d6 d4 Nf6 g3 g6 Bg2 Bg7 O-O O-O,10,
1719,1526,white,600+0,e4 d6 d4 Nf6 Nc3 b6 Bc4 Bb7 Qf3 c5,10,
1409,1784,black,600+0,e4 d5 exd5 Qxd5 b3 Bf5 Nc3 Qd8 d3 c6,10,
1413,1365,black,600+0,e4 e5 Nf3 d6 d4 Nd7 Bb5 c6 Bc4 b5,10,
1847,2055,black,600+0,e4 e5 Nf3 d6 Nc3 Nf6 h3 Nc6 a3 Be6,10,
1761,1888,black,30+0,e4 g6 Nf3 Bg7 Nc3 e6 d4 Ne7 Bg5 O-O,10,
2081,2153,black,60+0,d4 Nc6 Nf3 d5 c4 Bg4 cxd5 Qxd5 e3 Qh5,10,
1918,1885,white,60+0,e3 d6 b3 Nf6 Bb2 g6 Bxf6 exf6 d4 f5,10,
2011,1949,white,180+2,e4 d6 d4 Nf6 Nd2 g6 Ngf3 Bg7 Bc4 O-O,10,
1562,1489,white,300+5,e4 a6 d4 b5 Nf3 Bb7 Nc3 b4 Nd5 e6,10,
1566,1631,black,300+0,d4 d5 c4 dxc4 e3 b5 Nc3 c6 a4 Bd7,10,
2032,2108,black,180+0,d4 c5 c4 e6 Nf3 Nf6 Nc3 Be7 e4 cxd4,10,
1827,1919,black,180+0,d4 d5 c4 Nf6 Nc3 g6 Nf3 Bg7 h4 h5,10,
1995,2147,white,300+0,d4 Nf6 c4 c5 e3 cxd4 exd4 g6 Nf3 Bg7,10,
1754,2131,black,60+0,e4 c6 Nc3 d5 exd5 cxd5 d4 e6 Nf3 Nf6,10,
1568,1837,white,60+0,e4 c5 d4 e6 Nf3 cxd4 Nxd4 a6 c4 Qc7,10,
1874,2095,black,60+0,e4 c5 d4 cxd4 c3 dxc3 Nxc3 e6 Bc4 Nc6,10,
1722,1697,black,60+0,e4 e5 f4 exf4 Nf3 g5 h4 Be7 d4 d6,10,
1673,1555,white,60+0,e4 Nc6 Nc3 e5 Nf3 d6 Bd3 Bg4 Be2 h5,10,
1962,2009,black,60+0,e3 e5 Be2 d5 f4 exf4 exf4 Nf6 Nf3 Bc5,10,
1310,1286,black,0+4,d4 d5 e3 e6 f3 Be7 c3 Bd7 b4 Nf6,10,
2149,1882,white,60+0,Nf3 e6 c4 c5 d4 cxd4 Nxd4 Nc6 Nc3 Nf6,10,
1043,1406,draw,60+0,c3 e5 d3 Nc6 e3 Nf6 Nd2 e4 h3 exd3,10,
1789,1737,white,180+0,d4 d5 c4 c6 Nd2 Nf6 e3 e6 g3 Bd6,10,
1853,1777,white,180+0,e4 e5 Nf3 Nc6 Bc4 Nf6 Ng5 d5 exd5 Na5,10,
2210,2206,white,60+0,d4 Nf6 c4 c5 d5 b5 cxb5 a6 Nc3 d6,10,
1865,1828,white,300+0,e4 Nf6 d3 d5 e5 Nfd7 d4 c5 c3 Nc6,10,
1792,1761,draw,360+0,e4 c5 Nf3 e6 d4 Qb6 c3 Nf6 Qd3 Nc6,10,
1495,1559,black,300+0,e4 c5 Bc4 Nc6 Nf3 e6 e5 d6 exd6 Bxd6,10,
1461,1600,black,720+0,e4 e5 Nf3 d6 Bb5+ c6 Be2 Nf6 O-O Bg4,10,
1093,1132,white,300+0,d4 d5 c4 dxc4 e4,5,
1157,1380,black,60+0,e4 e5 Nf3 d6 Bc4 Nc6 Nc3 h6 d4 Be6,10,134.81
1604,1536,white,180+0,e4 c6 Bc4 d5 exd5 cxd5 Bb3 Nc6 Nf3 Bg4,10,
1372,1716,black,60+0,Nf3 b6 h4 Bb7 d4 h6 c4 d5 Nc3 dxc4,10,
1738,1793,black,30+0,g3 d5 Bg2 Bh3 Bxh3 Nf6 Bg2 e6 Bh3 Bc5,10,
1596,1628,draw,300+0,e4 e5 Bc4 Nf6 Qf3 h6 Ne2 c6 d3 d5,10,
1460,1423,black,300+0,e4 c5 Nf3 d6 d4 cxd4 Nxd4 Nf6 Nc3 a6,10,
1807,1808,black,300+5,e4 e5 f4 d6 Nf3 Bg4 Bc4 Bxf3 Qxf3 exf4,10,
1391,1269,white,600+0,e4 e5 Ba6 bxa6 d4 exd4 Qf3 Bb7 e5 Bxf3,10,
1586,1653,draw,300+0,e4 e5 Nf3 Nc6 c3 Nf6 d3 d5 Nbd2 Bc5,10,
1627,1505,white,600+0,e4 e5 Nc3 Nf6 f4 exf4 Nf3 d5 exd5 Nxd5,10,
1825,1674,white,60+0,d4 g6 c3 Bg7 h3 f5 e3 d6 Nd2 Be6,10,
1613,1692,white,300+10,d4 d5 Bf4 f6 e3 g5 Bg3 h5 h3 h4,10,
1216,1322,white,300+0,d4 d5 c4 e6 Nf3 Nf6 Bg5 h6 Bh4 g5,10,
1799,1772,white,600+0,e4 d6 d4 Nc6 Nf3 a6 Bc4 f6 Nc3 Bg4,10,
1411,1455,black,300+3,e4 c5 Nf3 d6 d4 cxd4 Nxd4 Nf6 Nc3 Nc6,10,
1660,1756,white,600+0,e4 e5 Nf3 Nc6 Bb5 d6 d4 Bd7 dxe5 Nxe5,10,
1743,1723,white,60+0,e4 Nc6 Nf3 e5 d4 Bd6 dxe5 Bxe5 Nxe5 Nxe5,10,
1817,1927,black,240+0,d3 Nf6 e3 g6 Ne2 Bg7 Nd2 d5 Ng3 c5,10,
2046,2226,draw,180+10,e4 e6 d3 c5 Nf3 Nc6 g3 e5 Bg2 d6,10,
1796,1813,white,60+0,e4 e5 Nf3 Nf6 Nxe5 d6 Nxf7 Kxf7 Nc3 Be6,10,
1949,1986,black,600+0,d4 Nf6 Nf3 d5 c4 c5 Nc3 Nc6 cxd5 Nxd5,10,
980,1315,black,480+0,e4 e5 d3 Nc6 g3 Nd4 h4 Nf6 Ne2 d5,10,4953.64
1583,1474,black,780+2,d4 Nf6 Nf3 g6 e3 Bg7 c3 Nc6 Bb5 O-O,10,
1697,1661,white,180+0,d4 Nf6 c4 e6 Nc3 d5 Bg5 Be7 Nf3 O-O,10,
1379,1344,black,180+2,e4 e5 Qh5 Nc6 Bb5 g6 Qd1 Nf6 d3 d6,10,
1859,1805,black,120+0,d4 d5 c3 e6 e3 c5 f4 cxd4 exd4 Nc6,10,
1861,1859,black,180+0,e4 e5 Bc4 d6 Nf3 Nf6 h3 Be7 O-O O-O,10,
1190,1069,white,300+3,e4 e5 Nf3 Nf6 Nc3 d5 Nxe5 dxe4 Bc4 Be6,10,
1342,1377,black,300+0,e4 d5 exd5 Qxd5 Nc3 Qd8 d4 Nf6 Nf3 Nc6,10,
1495,1481,black,300+6,e4 e6 f4 c6 Nf3 d6 d4 Be7 Bd3 b5,10,
1662,1528,black,900+0,e4 e5 Nf3 Nc6 Bc4 Nf6 Ng5 d5 exd5 Nxd5,10,105.06
1049,1264,black,900+0,d4 c6 e3 Nf6 g3 d5 Nf3 Bf5 Bd3 e6,10,
2121,2244,white,180+0,d4 Nf6 Nf3 g6 Bg5 Bg7 Nbd2 Bh6 Bxh6 Ng4,10,
1528,1533,white,600+0,b3 e6 Bb2 Nf6 g3 b6 Bg2 Nc6 e3 Bb7,10,
1596,1468,white,300+0,e4 e5 Nf3 Nc6 Bb5 d6 O-O Bd7 d4 a6,10,2898.5
1990,1790,white,300+0,b3 d6 Bb2 Nf6 c4 e5 Nc3 c6 e3 Be7,10,
2119,1983,white,180+0,e4 Nf6 e5 Nd5 Nc3 e6 Qf3 Nxc3 dxc3 Nc6,10,
1729,1996,black,180+0,d4 d5 e3 Nf6 a3 e6 h3 Bd6 Bd3 Nbd7,10,
1639,1600,black,900+5,e4 e5 Nf3 d6 Bd3 Be7 O-O Nf6 Nc3 c6,10,
1359,1460,black,600+0,d4 d5 c4 Nf6 Nc3 Nc6 Bg5 h6 Bxf6 gxf6,10,
1899,1831,white,180+0,d4 d5 c4 e6 Nc3 Nf6 Bg5 Nbd7 e3 a6,10,
1294,1109,black,180+0,e4 e5 Nf3 Nc6 Nc3 a6 Be2 Bc5 O-O d6,10,
1511,1738,black,60+0,e4 c6 d4 d5 exd5 cxd5 Nf3 Bf5 Bd3 Bxd3,10,
1566,1391,white,300+4,e4 e5 Nc3 d6 d3 Nc6 f4 exf4 Bxf4 h6,10,
2331,2301,white,180+0,d4 Nf6 c4 c5 d5 b5 Nf3 g6 Qc2 Bg7,10,
2047,2660,white,60+0,e4 Nf6 e5 Nd5 d4 Nb6 Bc4 Nxc4 Qe2 Nb6,10,
1986,1663,white,60+0,e4 d5 exd5 Qxd5 Nc3 Qe6+ Be2 Nf6 Nf3 c6,10,
1865,1898,white,600+0,d4 c5 dxc5 Qa5+ Bd2 Qxc5 e3 e5 Nf3 Nc6,10,
1503,1747,white,300+8,d4 e5 dxe5 Qe7 f4 Qb4+ c3 Qxb2 Bxb2 f6,10,
1430,1281,white,600+0,e4 c5 Qh5 b6 Bc4 e6 d3 Nf6 Qe5 d6,10,
1694,1513,white,600+0,e4 e5 Nf3 Nc6 Bc4 Bc5 c3 d6 Qb3 Nh6,10,
1659,1649,black,600+0,e3 d5 c3 Be6 Be2 a6 d4 Nf6 Nd2 Nc6,10,
2127,1953,black,60+0,d4 Nf6 c4 g6 Nc3 Bg7 e4 d5 e5 Nfd7,10,214.2
1675,1392,white,60+0,e4 d6 d4 e6 Nf3 Nc6 Bb5 Nf6 e5 Qd7,10,
1518,1346,white,660+8,d4 a5 e4 h5 Bc4 Nf6 Nc3 e6 Nge2 d5,10,
1633,1706,black,60+0,g3 Nf6 Bg2 d5 Nf3 Nc6 d3 Bf5 a4 Qd7,10,
1660,1668,white,600+0,e4 e5 Nf3 d5 Nxe5 Qe7 d4 f6 Nd3 Qxe4+,10,
1555,1534,white,120+2,d4 d5 Nf3 c6 Bf4 Bf5 Bxb8 Rxb8 Nbd2 e6,10,
1490,1493,black,300+0,e4 e5 d3 Nc6 h3 Nf6 Nf3 Bc5 Nc3 O-O,10,
2078,1998,draw,300+0,d4 c5 c3 cxd4 cxd4 g6 Nc3 Bg7 e4 d6,10,
1352,1487,black,300+0,e4 e5 Nf3 d6 Bc4 Bg4 h3 Bxf3 Qxf3 Qf6,10,
2071,2529,black,60+0,Nf3 g6 g3 Bg7 Bg2 d6 O-O Bd7 d3 Qc8,10,1841.27
1632,1902,black,600+0,e4 d5 d4 dxe4 Nc3 Nf6 Bf4 Nc6 d5 Nb4,10,36.71
1468,1582,draw,300+0,e4 e5 d3 Bc5 Qe2 Nf6 g3 d6 Bg2 Nbd7,10,
1620,1778,white,300+0,e4 e5 Nf3 d5 exd5 e4 Bb5+ Bd7 Bxd7+ Qxd7,10,
1660,1607,black,900+0,e4 e5 Nf3 Nc6 Bc4 Bc5 O-O h6 d3 Nf6,10,
1824,1936,white,60+0,e4 c5 d4 cxd4 c3 Nc6 cxd4 d5 e5 f6,10,2459.1
1869,1987,white,60+1,b4 g6 Bb2 Nf6 e3 Bg7 c4 c5 bxc5 O-O,10,
1500,1464,white,60+0,e4 e5 Nf3 Nc6 d4 exd4 Nxd4 Qh4 Nxc6 Qxe4+,10,2563.15
1661,1778,black,120+10,e4 c5 c3 d6 d4 cxd4 cxd4 Nc6 Nf3 Bg4,10,
2082,2003,white,180+0,d4 c6 c4 d5 Nc3 Nf6 Nf3 Nbd7 Bf4 g6,10,
1325,1466,black,120+0,e4 e6 f3 a5 Bc4 Bb4 a3 Bc5 d3 Bxg1,10,
1828,2117,black,0+4,d4 d5 Nd2 c5 dxc5 e5 Nb3 Bxc5 Nxc5 Qa5+,10,
1959,1509,white,180+0,Nc3 e6 e4 g6 d4 a6 Be3 b5 f3 c6,10,
1600,1499,white,120+0,d4 c5 c4 cxd4 Qxd4 Nc6 Qd3 e6 a3 Nf6,10,2962.44
1971,1968,white,180+0,e4 c5 Nf3 e6 d4 Ne7 Be2 Ng6 Nc3 Nc6,10,
1979,1557,white,180+0,f4 Nc6 d4 d5 e3 Bf5 Bd3 Bxd3 Qxd3 Nf6,10,
1900,1839,black,180+0,d4 Nf6 c4 g6 Nc3 Bg7 e4 O-O f3 d6,10,
1799,1414,white,720+0,d4 d5 c4 dxc4 e3 c5 Bxc4 cxd4 exd4 e5,10,
1093,1717,black,180+0,d4 Nf6 d5 d6 e3 c5 Bb5+ Nc6 dxc6 bxc6,10,
1568,1481,black,420+0,e4 e5 Nf3 Bc5 Bc4 Qf6 d3 Ne7 Bg5 Qb6,10,
1522,1482,white,300+0,e4 d6 Nf3 Nf6 Nc3 g6 Be2 Bg7 d4 O-O,10,
1778,1800,draw,480+8,e4 c5 Nf3 e6 d4 cxd4 Nxd4 a6 a3 Qc7,10,1623.05
1446,1510,black,30+0,d4 Nf6 Nf3 e6 e3 Be7 Bd3 O-O c4 d6,10,
1979,1837,white,180+0,Nf3 d6 c3 g6 d4 Bg7 Bg5 Nd7 Nbd2 h6,10,
1469,1644,black,360+0,c3 c5 d4 cxd4 Qxd4 Nc6 Qd1 d5 Bf4 e5,10,
1877,1873,black,60+1,e4 c5 Nf3 Nc6 c3 d5 exd5 Qxd5 Be2 e5,10,
1190,971,white,300+2,Nf3 d5 d4 Nc6 Nc3 e6 e4 Nf6 exd5 exd5,10,
1856,1827,draw,300+0,e3 e5 d4 exd4 exd4 Nf6 h3 d5 Nf3 Bd6,10,
1507,1844,black,300+2,g4 e5 Bg2 d5 c4 c6 Qb3 Qb6 cxd5 Qxb3,10,
1864,1634,white,900+2,e4 e5 Nc3 Nf6 Bc4 Nc6 Nf3 Nxe4 Nxe4 d5,10,52.42
2011,1841,white,300+0,e4 c5 Nf3 Nc6 d4 cxd4 Nxd4 Nf6 Nc3 e5,10,
1975,2177,black,45+0,d4 Nf6 c4 c5 dxc5 e6 Nc3 Bxc5 Nf3 O-O,10,
1224,1692,black,180+2,e4 c5 Nf3 d6 d4 cxd4 Nxd4 Nf6 Nc3 a6,10,
1973,1914,white,300+0,d4 d5 Bg5 c6 Nf3 Nd7 e3 Qc7 Nbd2 e5,10,
2119,2099,white,60+0,e4 d5 exd5 Nf6 c4 c6 Nc3 cxd5 cxd5 Nxd5,10,
1528,1300,white,300+5,e4 e5 Bc4 Nf6 Nc3 c6 Nf3 Bd6 O-O O-O,10,
1450,1252,white,300+3,e4 e5 Nf3 Bc5 Nxe5 Qh4 Qf3 Nf6 Nc3 d6,10,1533.25
1675,1739,white,360+0,e4 e5 d4 exd4 c3 dxc3 Bc4 cxb2 Bxb2 d5,10,
1583,1595,black,60+0,d4 f5 c4 Nf6 Nc3 g6 Bg5 Bg7 e3 O-O,10,
1927,1971,white,360+0,e4 d5 exd5 Qxd5 Nc3 Qd8 g3 c6 Bg2 Bf5,10,
1288,1512,black,60+0,e4 c5 Nf3 g6 Nc3 Bg7 d3 e6 Be2 d6,10,
1073,1060,white,900+15,e4 c5 Qh5 Nf6 Qxc5 Nxe4 Qe5 d5 Bb5+ Nd7,10,
2120,2110,white,300+0,e4 Nc6 Nf3 d6 d4 Nf6 Nc3 g6 d5 Nb8,10,
1911,1766,white,30+0,d4 b6 c4 Bb7 e3 d6 f4 Nd7 Nf3 g6,10,
1567,1767,black,180+0,e4 g6 d3 Bg7 Nc3 c6 Bd2 d5 exd5 cxd5,10,
1261,1404,white,300+8,e4 c5 Qe2 d6 Nc3 Nf6 Qf3 e6 Bb5+ Bd7,10,
1537,2242,black,900+30,d4 c5 d5 e6 c4 Nf6 Nc3 exd5 cxd5 Bd6,10,
1662,1689,white,180+0,d4 d5 e3 c5 c3 cxd4 cxd4 Bf5 Nf3 e6,10,
1446,1605,white,300+3,e4 e5 Nf3 Nc6 Bb5 d6 O-O Bd7 Re1 Nge7,10,
1664,1729,black,60+0,e4 d5 exd5 Qxd5 Nc3 Qd8 d4 c5 Nf3 cxd4,10,
1880,1774,white,180+0,e4 e6 Nc3 c6 d4 Bb4 Ne2 d5 e5 Nd7,10,
1567,1609,white,180+2,c4 d5 cxd5 Qxd5 Nc3 Qd8 g3 Nc6 Bg2 Bd7,10,
1212,962,white,300+0,e4 e5 Nf3 Qf6 d3 a5 Bg5 Qg6 Nxe5 Qxg5,10,
1405,1648,white,900+0,e4 e5 Nf3 Nf6 Nc3 c6 a3 Bc5 h3 d5,10,
1340,1570,black,300+0,e4 e5 Nf3 Nc6 d4 exd4 Nxd4 Nxd4 Qxd4 d6,10,
1312,1340,white,300+0,e4 e5 d3 Nc6 Nf3 d5 g3 dxe4 dxe4 Qxd1+,10,
1749,1561,white,60+0,d4 d5 c4 dxc4 Nc3 e6 e4 Bb4 Bxc4 Bxc3+,10,
2041,1890,black,120+1,e4 e5 f4 exf4 Nf3 d6 Bc4 Be6 Bxe6 fxe6,10,
1967,1987,draw,60+0,e4 c5 d4 cxd4 c3 dxc3 Nxc3 e5 Bc4 Nf6,10,
1661,1287,white,600+15,g3 c5 Bg2 d5 d3 e6 Bf4 Ne7 Nf3 b6,10,
1518,1357,white,600+0,e4 e5 Nf3 Nc6 Bb5 Nf6 Bxc6 bxc6 Nxe5 d5,10,
1745,1721,white,600+0,e4 e6 Nc3 b6 Qf3 Bb7 Bc4 Nf6 d3 a6,10,
1964,1909,black,180+0,e4 e5 Nf3 Nc6 Bc4 Nf6 Ng5 d5 exd5 Na5,10,
1355,1164,black,600+0,e4 e5 Nf3 d5 Nxe5 dxe4 Qe2 Qd5 Ng4 Bxg4,10,
1717,1649,black,120+2,d4 d5 Bf4 e6 e3 Nf6 c3 c6 Bd3 Bd6,10,
1414,1411,black,300+0,e4 e5 Bc4 d6 Qh5 g6 Qf3 Nf6 d3 Bg7,10,
2103,2099,black,30+0,d4 g6 Nf3 Bg7 c4 Nf6 Nc3 O-O e4 d5,10,
1603,1833,black,60+0,b3 d5 Bb2 e6 e3 Nf6 d3 Be7 Nd2 c5,10,
1728,1707,white,0+1,e4 e5 d4 exd4 Qxd4 Nc6 Qe3 Nf6 Nc3 d5,10,127.3
1848,1974,white,180+2,d4 e6 e4 d5 Nd2 dxe4 Nxe4 Be7 Nf3 Nd7,10,
1669,1668,white,300+0,e4 e5 Nf3 Nc6 Bc4 h6 d4 exd4 Nxd4 Nxd4,10,
2318,2321,white,180+0,d4 d5 c4 c6 Nf3 Nf6 e3 e6 b3 Nbd7,10,
2265,2161,draw,300+0,e4 c5 Nf3 e6 d4 cxd4 Nxd4 Nf6 Nc3 Nc6,10,
1754,1759,black,300+0,e4 d6 Nf3 c6 d4 b5 c4 a6 cxb5 axb5,10,
1843,1622,white,180+0,e4 e5 Nf3 Nf6 d4 Nc6 dxe5 Nxe4 Bb5 Nc5,10,
1874,1843,black,300+0,e4 e5 Nc3 Nf6 Bc4 Bc5 Nf3 Nc6 d3 h6,10,
1709,1880,black,180+0,d4 c5 c4 cxd4 Qxd4 Nc6 Qd1 a6 Nc3 e6,10,
1505,1262,black,240+4,e4 Nf6 d3 Nc6 Bg5 h6 Bxf6 gxf6 Nf3 d6,10,
1826,1907,black,300+0,e4 e5 f4 exf4 Nf3 Ne7 Bc4 d5 exd5 Nxd5,10,1955.14
1941,1751,black,180+0,d4 Nf6 Nf3 d6 Bf4 Bg4 e3 Bxf3 gxf3 Nc6,10,
1968,1709,white,30+0,e4 e5 Nf3 d5 d3 dxe4 dxe4 Qxd1+ Kxd1 Nc6,10,
1683,1770,white,180+0,e4 c5 d4 cxd4 Nf3 Nc6 Nxd4 g6 Bb5 Nxd4,10,
2041,1668,white,180+0,e4 e6 Nc3 d5 exd5 exd5 d4 Nf6 Bd3 Be7,10,
1380,1837,black,1200+0,e4 e5 Bc4 Nf6 d3 d5 exd5 Nxd5 Nf3 Nc6,10,
1662,1641,white,60+0,e4 e6 d4 d5 Nd2 dxe4 Nxe4 Nf6 Bd3 Nc6,10,
1781,2069,white,60+0,e4 Nf6 Nc3 d5 e5 Ne4 Nxe4 dxe4 d4 exd3,10,
1500,1565,black,60+0,e4 e5 Qh5 d6 Bc4 Qf6 d3 Be6 Bg5 Qg6,10,
1709,1735,white,300+3,d4 d5 c4 c6 Nf3 Nf6 Nc3 e6 Bg5 Be7,10,33.55
2039,2063,white,180+0,e4 e5 Nf3 Nc6 Bb5 Bc5 O-O Nf6 Re1 O-O,10,
1559,1721,white,180+0,c4 e5 Nc3 g6 e3 Bg7 Nf3 Nc6 d4 exd4,10,
1603,1839,white,180+0,e4 c5 d3 Nc6 Nf3 Nf6 b3 d5 Bb2 dxe4,10,
1376,1453,black,180+0,e4 e5 Bc4 Nc6 Nh3 d6 Bxf7+ Kxf7 Nc3 Bxh3,10,
2415,2237,black,180+0,e4 d6 Nc3 Nf6 d4 g6 Be3 c6 f3 b5,10,
1286,1604,black,300+0,e3 e5 d3 Bd6 Be2 f5 Nf3 Nf6 O-O O-O,10,
2049,1988,white,300+0,d4 e6 c4 d5 Nc3 c5 Nf3 h6 e3 Nf6,10,
1444,1434,black,300+0,e4 Nc6 Bc4 e6 Qg4 Bc5 Nf3 Nf6 Qxg7 Ke7,10,
1464,1302,white,60+0,d4 d5 Nf3 Nf6 Nc3 e6 e3 Bb4 Bd3 Bxc3+,10,1752.8
1862,1760,white,300+0,e4 e6 d4 d5 e5 c5 c3 Nc6 Nf3 Bd7,10,
1991,2054,white,300+0,d4 Nf6 c4 c5 d5 b5 b3 g6 Bb2 Bg7,10,
1518,1786,black,600+0,e4 c5 Nf3 e6 Bc4 Nc6 a3 Nf6 d3 d5,10,
1157,1788,black,900+0,d4 Nf6 e4 e6 e5 Nd5 c4 Nb4 g3 c5,10,
1595,1963,draw,120+2,e4 c5 d4 cxd4 Qxd4 Nc6 Qc4 e6 Bd3 Ne5,10,
1281,1279,white,60+0,d4 e5 d5 Nf6 c4 Bb4+ Bd2 Na6 Bxb4 Nxb4,10,
1155,1018,white,600+0,d4 d5 Nc3 Nf6 f3 c6 e4 Qd6 b4 Qxb4,10,
1894,1754,white,30+0,g3 e5 Bg2 Nc6 d4 Nf6 dxe5 Ng4 Nf3 Ngxe5,10,
1771,1898,white,60+0,d4 c5 d5 d6 g3 e6 Bg2 exd5 Bxd5 Nf6,10,
1573,1225,black,360+0,d4 e6 Bf4 g5 Nc3 gxf4 e3 Qf6 Ne4 Qf5,10,
1408,1270,white,600+2,e3 e5 a3 Nf6 d3 d5 Be2 e4 d4 c5,10,
1645,1771,white,180+15,e4 e5 Bc4 h6 Nc3 Nc6 d3 Bc5 Nf3 d6,10,
2108,2183,black,180+0,e4 d5 exd5 Qxd5 c4 Qa5 Nc3 c6 Nf3 Nf6,10,
1729,1596,black,480+0,f4 d5 d3 Nf6 Nf3 Nc6 e3 Bg4 Be2 h5,10,
1692,1595,white,0+2,d4 g6 c4 b6 Nf3 Bb7 Nc3 Bg7 e4 d6,10,
2087,1947,black,900+10,d4 d5 c4 e6 Nf3 Nf6 Nc3 Bb4 Bg5 dxc4,10,1865.57
1446,1199,white,180+3,e4 c5 Nc3 Nc6 Nf3 d6 d4 cxd4 Nxd4 e5,10,
1960,2040,black,300+2,c4 c6 g3 d5 cxd5 cxd5 d4 Nf6 e3 e6,10,
1976,2016,white,180+0,e4 g6 Nf3 Bg7 d4 b6 Be3 Bb7 Nc3 Nc6,10,
1856,1895,white,300+5,e4 Nc6 Nf3 e5 Bb5 Nf6 Bxc6 dxc6 O-O Bd6,10,
1613,1902,black,180+0,Nf3 d5 d4 Nc6 e3 Bf5 Nc3 e6 Bd3 Bxd3,10,
1420,1355,white,300+0,b3 d5 Bb2 Nc6 e3 e5 Nf3 f6 Be2 Nh6,10,
1914,1965,black,180+0,d4 c5 dxc5 Nf6 g3 e6 Bg2 Bxc5 Nf3 Nc6,10,
2298,2292,black,60+0,e4 c5 d3 e6 Nf3 Nc6 Ke2 d5 Ke1 Nf6,10,
1391,1310,black,180+5,e4 d6 d4 g6 f4 Bg7 c3 Nd7 g4 b6,10,
1688,1577,white,300+0,e3 c5 d4 cxd4 exd4 d5 c4 Nf6 cxd5 Nxd5,10,
1363,1562,black,300+0,e4 e5 Nf3 Nc6 d4 exd4 Bc4 Bb4+ c3 dxc3,10,
1299,1341,white,300+0,e4 e5 Nf3 Nc6 Bc4 Bc5 O-O d6 Nc3 Nf6,10,
1581,1252,white,180+2,e4 e5 Nf3 Bd6 Bc4 Nf6 d3 Qe7 Bg5 O-O,10,
1630,1892,black,300+0,d4 d6 Nf3 c6 e4 Nd7 Be2 e5 O-O Ngf6,10,
1604,1984,black,600+8,e4 e5 g3 Nf6 b3 Nxe4 Qe2 d5 c4 c6,10,
1471,1400,white,180+2,e4 e5 Nf3 Nc6 Bc4 Nf6 Ng5 Nxe4 Nxf7 Qf6,10,
1750,1750,black,180+0,d4 Nf6 c4 g6 Nc3 Bg7 e4 d6 f4 Nbd7,10,58.11
1583,1532,white,300+1,e4 c6 Nf3 d5 e5 Bg4 d4 e6 h3 Bh5,10,
1923,1833,white,600+3,e4 d6 d4 c6 f4 Nd7 Nf3 Qc7 c4 e6,10,
1383,1324,white,300+1,e4 e5 Nc3 Nf6 Nf3 Nc6 Bc4 Bc5 d3 O-O,10,
1654,1521,white,600+2,e4 e6 Nf3 d5 exd5 exd5 Bb5+ Bd7 Bd3 Bg4,10,
1839,1820,white,300+0,e4 c5 Nf3 d6 Nc3 Nf6 Bb5+ Nbd7 h3 a6,10,
1895,1800,black,30+0,g3 c5 Bg2 e6 e3 d5 Ne2 Nf6 Kf1 a6,10,
1743,2078,black,300+0,d4 Nf6 Bf4 e6 e3 b6 Nf3 Bb7 c3 c5,10,
1531,1756,black,600+0,Nf3 d5 d4 Nc6 c4 Nf6 e3 e6 c5 e5,10,
1549,1712,black,180+2,e4 c5 Nc3 Nc6 Nf3 Nf6 d4 cxd4 Nxd4 a6,10,
2083,2129,white,120+0,e4 c5 Nf3 e6 c3 d5 e5 d4 Bb5+ Bd7,10,
1369,1375,black,240+1,e4 e5 Nf3 Nc6 h3 Nf6 d3 Bc5 Be3 Bxe3,10,
1873,2044,black,300+5,e4 e6 Nf3 d5 exd5 exd5 d4 Bd6 Bd3 Ne7,10,
1702,1604,white,120+1,e4 c5 Nf3 e6 d4 c4 Bxc4,7,
1376,1618,draw,300+0,e4 e5 Nc3 Nc6 Nf3 Bb4 d4 Bxc3+ bxc3 exd4,10,
1934,1980,black,180+0,e4 e5 Nf3 Nc6 Bb5 Nd4 Nxd4 exd4 O-O Qg5,10,
1779,1742,white,120+1,b4 e5 a3 d5 e3 f5 Bb2 Bd6 c4 c6,10,
1584,1494,white,900+0,e4 e5 Nf3 Nc6 Bc4 Bc5 Nc3 d6 h3 h6,10,
1913,1454,black,300+0,c4 e5 Nc3 Bc5 g3 Nc6 Bg2 Qf6 e3 Nb4,10,
1331,1321,black,120+1,d4 d5 Nf3 e6 c4 Nf6 e3 c6 Nc3 Bd7,10,
1846,1880,black,600+15,e4 d5 exd5 c6 dxc6 Nxc6 Bb5 Qd5 Bxc6+ bxc6,10,1276.89
1600,1564,black,480+0,d4 e6 Bf4 Nc6 e3 Bb4+ c3 Ba5 b4 Bb6,10,
1725,2005,black,600+0,e4 c6 g3 d5 f3 dxe4 fxe4 e5 Nf3 Nd7,10,
1829,1831,white,600+0,d4 Nf6 c4 d5 cxd5 Qxd5 Nc3 Qd8 e4 e6,10,
1333,1637,black,300+4,e4 e5 Nf3 Nc6 Bb5 a6 Bxc6 dxc6 Nc3 Bd6,10,1431.94
1350,1829,black,600+0,e4 e5 f4 d5 fxe5 Qh4+ g3 Qxe4+ Qe2 Qxh1,10,
1406,1339,black,600+10,e4 e5 Nf3 d6 h3 Nc6 Nc3 Nb4 a3 Nc6,10,
1468,1830,black,600+0,d4 e5 c3 exd4 cxd4 Nf6 Bf4 d5 e3 Nc6,10,
2091,1951,black,600+0,e4 c5 Nf3 Nc6 Bc4 e6 O-O a6 c3 b5,10,
1932,1795,black,600+0,d4 d5 e3 Nc6 f4 Bf5 Bd3 e6 Nf3 Bxd3,10,
1623,1646,draw,600+0,a4 b6 c4 Bb7 e3 d5 d3 dxc4 dxc4 Qxd1+,10,
1748,1854,black,360+8,d4 d5 c4 c6 Nc3 dxc4 e4 b5 d5 b4,10,
1342,1678,black,60+0,c4 c5 Qa4 Nf6 Nf3 Nc6 Nc3 g6 d3 Bg7,10,
2064,1974,white,1800+15,Nf3 c5 g3 e6 Bg2 h5 d4 cxd4 Nxd4 h4,10,
1802,1730,white,30+0,e4 e5 Nc3 Bb4 a3 Bxc3 dxc3 f6 Be3 b6,10,
1743,2211,black,180+0,d4 e5 e3 exd4 exd4 d5 Bd3 c5 c3 Nc6,10,
2263,2259,white,480+0,d4 Nf6 c4 g6 Nc3 Bg7 e4 d6 h3 O-O,10,
1848,1797,white,180+0,e4 c5 d4 cxd4 c3 Nc6 Nf3 dxc3 Nxc3 a6,10,
2038,2093,white,180+0,e4 c6 d4 d5 e5 Bf5 g4 Bg6 h4 h6,10,
1237,1394,white,600+0,e4 g6 d3 Bg7 Ne2 c6 Qd2 Qb6 b4 d6,10,2436.95
1612,1420,white,300+0,g3 Nc6 Bg2 b6 Nc3 Bb7 a3 e5 b4 a6,10,
1837,1889,black,180+0,e4 d5 exd5 Nf6 Nc3 Nxd5 Nxd5 Qxd5 Nf3 Nc6,10,
1974,1994,white,180+0,e4 c6 d4 d5 exd5 cxd5 Bd3 Nf6 Ne2 g6,10,
1313,1723,black,180+0,e4 d5 Nf3 dxe4 Nd4 e5 Ne2 Nc6 Nbc3 Nf6,10,
2076,2091,white,180+0,e4 d5 exd5 Qxd5 Nc3 Qd6 d4 Nf6 Nf3 Bg4,10,
1611,1873,white,120+1,d4 d6 c4 Nf6 Nf3 Nc6 Nc3 Bg4 e3 e5,10,22.84
1763,2057,black,180+0,Nf3 d5 d4 Nf6 g3 g6 Bg2 Bg7 O-O O-O,10,
2022,2016,white,180+0,d4 d5 c4 Nf6 Nc3 e6 Nf3 c6 e3 Be7,10,
1666,1709,black,180+0,d4 e6 e4 Nf6 e5 Nd5 c4 Nb6 a4 d6,10,
1811,1945,black,180+0,e4 d5 e5 e6 d4 c5 f4 cxd4 Nf3 Nc6,10,
1772,1810,black,60+1,b3 e5 Bb2 Nc6 Nc3 Nf6 d3 d5 Qd2 Bf5,10,
1700,1635,black,600+0,e4 e5 Bc4 d6 d3 a6 a3 Nc6 Nc3 h6,10,
1714,1753,black,60+0,e4 d5 exd5 Qxd5 d4 Qd8 Nf3 Nf6 Be3 Nc6,10,
1842,1765,white,300+0,e4 d5 exd5 Qxd5 Nf3 Bg4 Be2 e6 O-O Nf6,10,
843,1090,black,900+0,d3 d5 Qd2 Nc6 Qc3 d4 Bf4 dxc3 Nxc3 e5,10,
1643,1603,black,420+4,c4 g6 Nc3 Bg7 g3 Nf6 Bg2 O-O e3 Nc6,10,
1937,1920,black,300+0,b3 Nf6 f4 c6 Bb2 e6 g3 d5 e3 Ne4,10,
2091,1996,white,240+0,e4 c5 c3 d6 d4 cxd4 cxd4 g6 Nc3 Bg7,10,
1514,1334,white,600+2,d4 d5 Bf4 b6 c3 Bf5 e3 Bxb1 Qxb1 g6,10,
2093,2228,black,180+0,e4 e6 d4 d5 exd5 exd5 c4 c6 Nc3 Nf6,10,
1681,1684,white,600+0,e4 c6 f4 d5 e5 Bf5 d3 d4 Be2 e6,10,
1867,1738,white,180+1,d4 d6 e4 Bd7 Nf3 Nc6 c4 e5 d5 Nce7,10,
2072,2126,white,180+0,Nf3 d5 d3 c6 Nbd2 Nf6 g3 Bg4 Bg2 Nbd7,10,
1324,1319,white,120+1,e4 e5 d4 exd4 Qxd4 Nc6 Qd1 Ne5 Bd3 f6,10,
1947,1986,black,60+0,Nf3 d5 g3 e6 Bg2 b6 d4 Bb7 O-O Nf6,10,
1634,1538,black,180+0,d4 d5 c4 e6 Nc3 Nf6 Nf3 c5 e3 Nc6,10,
1447,1472,black,300+0,e4 e5 Nf3 Nc6 Bb5 a6 Bxc6 dxc6 d4 exd4,10,
1627,1413,white,1800+0,e4 c5 Nf3 Nc6 Bc4 g6 O-O Bg7 c3 d6,10,
1783,1779,white,300+0,d4 g6 c4 Bg7 Nc3 Nf6 Bg5 O-O e4 d6,10,
1723,1709,black,300+0,e4 d5 exd5 Qxd5 Nc3 Qd8 Nf3 e6 d4 Nf6,10,
1662,1394,black,240+0,d4 e6 c4 Bb4+ Nd2 a6 a3 Bxd2+ Bxd2 d6,10,
1555,1541,black,300+0,e4 c5 Nf3 e6 Bc4 Nc6 O-O a6 d4 b5,10,
1173,1169,white,300+0,e4 e5 Nf3 Nc6 Nc3 Nf6 d4 d6 dxe5 dxe5,10,
1756,1571,white,60+0,d4 Nc6 e4 e5 d5 Nd4 c3 Bc5 cxd4 exd4,10,
1614,1595,white,600+0,d4 d6 Nc3 b6 e4 Bb7 d5 g6 Be3 Nf6,10,
1329,1390,black,360+0,e4 e5 Nf3 Nc6 Bb5 Nf6 Bxc6 dxc6 c3 Nxe4,10,
1490,1457,white,900+0,d4 e6 c4 d5 Nf3 dxc4 Qa4+ Nc6 Qxc4 Bd7,10,
1616,1606,white,60+3,e4 e5 f4 Nc6 Nf3 Bc5 fxe5 Nge7 d4 Bb4+,10,
1739,1847,black,600+0,e4 c5 d4 cxd4 Qxd4 Nc6 Qd1 Nf6 Bd3 e6,10,
1425,1433,black,600+0,e4 e5 f4 exf4 Nf3 Nf6 Nc3 Qe7 d3 d6,10,
1921,1990,white,300+0,d4 d5 c4 c6 Nc3 e6 e3 f5 f4 Nf6,10,
2216,2082,white,180+0,e4 d5 exd5 Qxd5 d4 Nc6 Be3 e5 dxe5 Qxd1+,10,
1166,1340,black,600+0,e4 e5 Nf3 Nc6 Bb5 a6 Bxc6 bxc6 Nxe5 Qe7,10,
1624,1627,white,600+0,e4 e5 Nf3 Nc6 Bb5 Nb8 Nxe5 c6 Bc4 Qe7,10,
2108,2013,black,480+0,e4 d6 d4 Nd7 Bd3 g6 Ne2 Bg7 O-O e5,10,
1629,1539,black,60+0,c4 e5 Nc3 d6 g3 Nf6 Bg2 Be6 Nf3 c6,10,
1437,1434,white,600+0,e4 d5 e5 d4 Ne2 Nc6 f4 e6 b3 Bc5,10,
1500,1303,white,600+5,e4 e5 Nf3 Nc6 d4 Nf6 d5 Nd4 Nxd4 exd4,10,
1518,1537,white,120+10,g4 e5 h4 Nc6 e4 Bc5 d3 d6 Bh3 Nge7,10,
1745,1669,white,900+0,b4 d5 e3 Bf5 c4 e6 c5 Nc6 Bb5 Qd7,10,
1981,1818,white,120+0,e4 e6 d4 b6 Bd3 Bb7 Nf3 Bb4+ c3 Be7,10,
1660,1110,white,60+0,d4 e5 dxe5 d5 Nf3 Nc6 Bg5 f6 exf6 gxf6,10,
1547,1334,black,480+0,d4 d5 Nf3 e6 Nc3 Be7 Bf4 Nf6 Nb5 O-O,10,
1991,1878,white,60+0,d4 e6 c4 c5 Nf3 cxd4 g3 Nf6 Nxd4 Be7,10,
1500,1501,white,900+15,e4 c5 Nf3 Nc6 Bc4 e6 d4 d5 exd5 exd5,10,
1374,1447,draw,120+1,e4 e6 Nf3 d5 e5 d4 c3 dxc3 Nxc3 c5,10,
1386,1455,black,300+0,e4 e5 d4 exd4 Qh5 Nf6 Qe5+ Be7 Nf3 c5,10,
1928,1984,black,60+0,d4 d6 Nf3 g6 Bf4 Bg7 e3 Nf6 h3 O-O,10,
1633,1286,white,180+0,d4 b6 c4 Bb7 e3 Na6 Nc3 c5 Nf3 cxd4,10,
1305,1684,black,300+0,e3 g6 Nf3 Bg7 Ng5 e6 Qf3 Qxg5 Bb5 Qf6,10,
1414,1560,black,300+0,e4 e5 Nf3 Bc5 c3 d6 Bb5+ c6 Bc4 h6,10,
1411,1302,white,600+0,e4 e6 e5 d5 exd6 Qxd6 d4 a6 Nf3 h6,10,
1843,1933,white,300+0,d4 c6 Nf3 d5 e3 Nf6 c4 e6 Nc3 Bd6,10,
1886,1709,white,300+0,e4 c5 c3 e5 Nf3 d6 Bc4 Be6 Bxe6 fxe6,10,
1849,1624,white,600+0,e4 c5 Nf3 d6 Bc4 e6 a3 a6 Ba2 b5,10,
1454,943,white,300+0,e4 e5 Qf3 Bc5 Bc4 Nf6 Nh3 d6 Ng5 Rf8,10,
1831,1624,black,180+0,d4 Nf6 Nf3 g6 e3 b6 c4 Ba6 b3 Bg7,10,
1482,1477,white,300+8,e4 e5 Nf3 Nc6 Bc4 Bc5 Bxf7+ Kf8 Bxg8 Kxg8,10,
1313,1277,white,900+0,e4 e5 d4 exd4 Qxd4 Nc6 Qa4 Bb4+ c3 Ba5,10,
1714,1556,white,300+3,e4 c5 c3 Nc6 d4 cxd4 cxd4 e6 a3 Nge7,10,
1686,1528,black,300+0,e4 g6 Nf3 Bg7 Be2 d6 O-O Bg4 d4 Nd7,10,
1589,1605,black,180+2,d4 d5 c4 c6 cxd5 cxd5 Nc3 Nf6 Qa4+ Nc6,10,
2001,1902,white,300+0,e4 e5 Nc3 Nf6 g3 Be7 Bg2 d6 Nge2 O-O,10,
1870,1763,white,180+0,e4 e5 Nf3 Nc6 Bc4 d6 d4 Bg4 h3 Bxf3,10,
1322,1303,black,300+8,e4 e5 Qh5 g6 Qxe5+ Be7 Qxh8 Bf8 Qxg8 Qh4,10,
1188,1374,black,300+3,e4 e5 Nf3 Nc6 Bb5 a6 Ba4 b5 Bb3 h6,10,3772.78
1426,1426,white,480+8,e4 c6 Nf3 d5 exd5 cxd5 d4 Bg4 h3 Bxf3,10,275.32
1590,1406,black,420+0,e4 d5 exd5 Qxd5 d4 Qe6+ Be3 Nf6 Nc3 Ng4,10,
1650,1739,black,120+2,d4 d5 Nf3 Nf6 Bg5 e6 g4 Be7 Bxf6 Bxf6,10,
1748,1719,white,180+0,e4 e5 Nf3 Nc6 Nc3 Bb4 d3 d6 Bd2 Bxc3,10,
2004,2108,white,180+0,e4 e5 Nf3 d6 Bc4 Be7 d4 exd4 Nxd4 Nf6,10,
1605,1677,white,1500+0,d4 c5 Nf3 cxd4 Nxd4 e5 Nf3 e4 Nd4 d5,10,64.16
1653,1647,black,180+0,e4 d5 e5 e6 d4 c5 dxc5 Nc6 Nf3 Bxc5,10,
1674,1500,white,300+5,e4 c5 Bc4 Nc6 Nc3 e6 d3 h6 Nh3 Nf6,10,46.63
1799,1570,white,300+5,e4 e6 Bc4 d6 h3 a6 Nf3 b5 Bb3 c5,10,
2304,2287,white,60+0,e4 d5 exd5 Nf6 c4 e6 d4 Bb4+ Bd2 Bxd2+,10,
1981,1946,draw,300+3,d4 e6 e4 c5 d5 d6 c4 e5 f4 Qh4+,10,
2411,2297,white,180+0,d4 Nf6 c4 e5 dxe5 Ng4 Bf4 g5 Bg3 Bg7,10,
1759,1917,black,30+0,e4 e6 e5 d5 exd6 c5 g3 Bxd6 Bg2 Nf6,10,
1632,1567,black,180+2,e4 e5 Bc4 Bc5 Bxf7+ Kxf7 Qh5+ Kf8 Qxe5 d6,10,
1609,1533,white,300+0,e4 e5 Nf3 Nc6 d4 exd4 Nxd4 Bb4+ c3 Nxd4,10,
1649,1872,black,300+0,d4 c5 c4 cxd4 Nf3 Nc6 Nxd4 e5 Nb5 Bc5,10,48.45
1474,1389,black,300+0,e4 e5 d3 d5 exd5 Qxd5 Nf3 Nc6 c3 Bg4,10,
1124,1312,black,300+0,e4 e5 Nf3 Bd6 d4 exd4 Nxd4 Be5 Nf3 Bd6,10,
1156,1194,black,360+2,d4 d5 f4 Qd6 e3 Nf6 c4 Bg4 c5 Qc6,10,
1909,2186,black,300+0,e4 e5 Nf3 Nc6 Bb5 Nf6 Bxc6 dxc6 d3 Bd6,10,5577.98
1762,1705,black,60+0,e4 d5 exd5 Qxd5 Nc3 Qd8 d4 Nf6 Be3 Nc6,10,
1992,2055,black,60+0,e4 e5 Nf3 c6 d4 d5 dxe5 dxe4 Qxd8+ Kxd8,10,
1444,1451,white,600+5,e4 e5 Nf3 Nc6 Nc3 d6 h3 Be7 Bc4 a6,10,
1890,2001,black,600+0,e4 c5 f4 Nf6 d3 Nc6 Nc3 d6 Nf3 g6,10,
1551,1548,draw,60+0,b3 d5 Bb2 e5 g3 Bd6 Bg2 Be6 e4 Nf6,10,
1668,1714,black,300+4,e4 e5 Bc4 Nc6 Nf3 Bc5 c3 Nf6 d4 exd4,10,
1596,1710,white,120+1,d3 e5 g3 d5 Bg2 Nf6 Nd2 Nc6 e4 d4,10,
1685,2192,black,480+0,g3 Nc6 Bg2 Nf6 Bxc6 dxc6 d3 e5 e4 Bg4,10,
1773,1848,black,180+2,d4 Nf6 Bg5 e6 e3 h6 Bh4 g5 Bg3 Bg7,10,
1559,1637,black,300+0,d4 Nf6 c4 g6 Nc3 Bg7 e4 O-O Nf3 d6,10,27.72
1756,1717,white,180+2,e4 e5 d4 d6 dxe5 dxe5 Qxd8+ Kxd8 Nc3 Nc6,10,
1305,1015,black,180+3,e4 e5 Nf3 Nf6 Nc3 Bc5 d4 exd4 Nxd4 Bxd4,10,
2060,2202,black,120+2,e4 c5 d4 cxd4 c3 d3 Bxd3 Nc6 c4 g6,10,
1766,1801,black,300+0,e4 e5 Nf3 Nc6 d4 exd4 Bc4 d6 c3 dxc3,10,
1801,1880,black,300+5,e4 c6 d4 d5 e5 Bf5 c4 e6 h3 Bb4+,10,
1949,1780,white,180+0,d3 d5 g3 c6 Bg2 g6 f4 Bg7 Nf3 f5,10,
1628,1674,black,180+0,e4 d5 exd5 Qxd5 Nc3 Qd8 d4 c6 Nf3 e6,10,
2012,2018,black,180+0,d4 Nf6 Nf3 d5 Bf4 Bf5 e3 e6 h3 c5,10,
1131,1954,black,60+0,f4 d5 Nf3 Nf6 d4 Bf5 e3 e6 Bd3 Bxd3,10,
1387,1369,white,300+0,e4 c5 Nf3 d6 d4 cxd4 Nxd4 Nf6 Nc3 Nc6,10,
1655,1869,black,300+0,e4 e5 Nf3 f5 exf5 e4 Nd4 Nf6 Bc4 d5,10,
1458,1268,black,360+0,e4 e5 d4 Bd6 Nf3 Nc6 d5 Nce7 Nc3 Nf6,10,
1792,1767,white,300+0,e4 e5 Nf3 Nc6 Bc4 Nf6 Ng5 d5 exd5 Na5,10,
1766,1667,white,600+0,e4 e5 Nf3 Nc6 Nc3 f5 d3 fxe4 Nxe4 Nf6,10,72.91
1526,1579,draw,480+0,h4 d5 h5 h6 d3 g5 f4 g4 e3 f6,10,
1839,1697,black,60+0,d4 d5 c4 e6 Nc3 c5 e3 a6 cxd5 exd5,10,
1616,1546,black,600+0,e4 e5 Nf3 Nc6 Bc4 h6 c3 d6 d4 exd4,10,
1791,1593,black,600+0,e4 e5 Nf3 Nc6 Bb5 a6 Bxc6 dxc6 Nxe5 Qd4,10,
1332,1320,white,300+0,e4 Nc6 d4 d5 e5 Bf5 Nf3 f6 Bb5 a6,10,
1519,1433,black,30+0,e4 e6 Nc3 d6 Bc4 c5 Bb3 Nc6 d3 Bd7,10,
1508,1574,black,600+0,e4 e5 Nf3 Nc6 Bc4 Nf6 Ng5 d5 exd5 Nxd5,10,
1530,1496,black,300+0,e4 d5 exd5 Qxd5 Nc3 Qe5+ Be2 Bg4 f3 Bh5,10,
1704,1973,black,30+0,e4 d6 d4 Nf6 d5 e5 Qe2 Bg4 Nf3 Bd7,10,
1648,1543,white,60+2,d4 d5 c4 e6 Nc3 c6 Nf3 Bd7 e3 Bb4,10,
1342,1601,white,540+0,e4 e5 Qh5 Nc6 Bb5 g6 Qf3 Nd4 Qd3 Nxb5,10,
1770,1484,white,600+0,e4 Nc6 d4 e5 c3 exd4 cxd4 Bb4+ Nc3 Qh4,10,
1680,1644,white,600+0,e4 c5 Nf3 Nc6 Bb5 a6 Bxc6 bxc6 O-O e6,10,
1592,1406,white,240+0,e4 e5 d3 Bc5 Nc3 Nf6 h3 c6 Be2 d5,10,
1560,1482,black,480+0,e4 e5 Bc4 Nc6 Nf3 Nf6 d3 h6 Nc3 d6,10,
1616,1825,black,600+0,e4 c6 Nc3 d5 e5 Bf5 g4 Bg6 f4 e6,10,
1264,1047,white,60+2,e4 Nc6 d4 d6 d5 Bg4 Qxg4 Ne5 Qd1 Nh6,10,
1901,1958,draw,60+0,d4 f5 Nf3 Nf6 c4 e6 Nc3 Bb4 g3 Bxc3+,10,
1338,1570,white,300+8,e4 c5 Bc4 Nc6 Nf3 Na5 Bxf7+ Kxf7 O-O b6,10,
1913,1841,black,600+0,e4 e5 Bc4 Nf6 Qf3 Nc6 c3 Be7 d3 d6,10,
1517,1670,black,300+5,e4 e5 Nf3 Nc6 c3 Bc5 Bc4 d6 d3 h6,10,
1489,1515,white,300+0,Nc3 e5 Nf3 e4 Nd4 c5 Nf5 g6 Ng3 f5,10,
1515,1303,black,120+0,d4 d5 Nc3 c6 e4 e6 e5 Bb4 Bd2 Ne7,10,
1665,1652,white,300+0,e4 e5 Bc4 Nf6 Nf3 Qe7 d3 c6 Nc3 a5,10,
1976,2099,draw,180+0,e4 g6 d4 Bg7 Be3 d6 Bd3 Nf6 h3 O-O,10,
1486,1472,black,300+0,e4 e5 Bc4 d6 Nf3 h6 d4 exd4 Nxd4 c5,10,
1461,1452,white,300+0,d4 d5 c4 dxc4 Nc3 Nf6 e4 g6 Bxc4 Bg7,10,
1774,1581,white,60+2,d4 b6 c4 Bb7 Nc3 Nc6 d5 e6 dxc6 Bc5,10,6100.03
1615,1737,white,600+0,e4 c5 Bc4 d6 c3 Nc6 Nf3 Nf6 O-O Nxe4,10,58.31
1881,1703,white,180+0,e4 d5 e5 c5 Nf3 d4 c3 dxc3 Nxc3 b6,10,
1787,1808,white,600+4,e4 e5 Nf3 Nc6 Bb5 d6 d4 exd4 Nxd4 Bd7,10,
1927,1820,black,180+0,e4 c5 Nf3 Nc6 d4 cxd4 Nxd4 e6 Nc3 Nf6,10,
1364,1490,black,600+5,d4 e6 c4 d6 Nc3 Nc6 Nf3 d5 cxd5 exd5,10,42.65
1436,1476,white,120+2,e4 c5 Nc3 Nc6 Nf3 Nf6 d4 cxd4 Nxd4 d6,10,
1599,1594,white,600+0,d4 d6 Nf3 e6 g3 d5 Bg2 Be7 b3 Nf6,10,
2020,1974,black,300+0,b3 d5 Bb2 c5 e3 Nc6 Bb5 Bd7 Nf3 Qc7,10,2038.14
1723,1614,white,120+0,d4 Nf6 c4 g6 Nc3 Bg7 Bg5 O-O e4 d6,10,
1214,1359,black,300+0,e4 b6 Qg4 d5 Bb5+ c6 Bxc6+ Nxc6 Qe2 e5,10,7835.16
1693,1712,black,-,Nf3 Nf6 g3 g6 Bg2 Bg7 O-O O-O d4 d5,10,
2119,2253,black,180+0,d4 Nf6 Nf3 d5 c3 c5 Bg5 Nc6 Bxf6 exf6,10,
1527,1727,black,300+0,Nf3 d5 d3 Bf5 h3 e6 a3 Be7 g4 Bg6,10,
1889,1780,black,120+0,c3 d6 Qc2 Nd7 d3 Ngf6 Nf3 e5 e4 Be7,10,
1753,1862,black,120+0,d4 Nf6 c4 e6 Nc3 b6 e4 Bb4 Bd3 Bxc3+,10,
2161,2073,black,60+0,Nc3 g6 d4 Bg7 e4 d6 f3 Nf6 Nce2 c6,10,
1457,1515,black,420+0,e3 d5 h3 e5 g3 f5 a3 Bd6 b3 Be6,10,
1875,1928,white,60+0,d4 e6 c4 b6 Nc3 Bb4 Qc2 Bxc3+ bxc3 Nf6,10,
1740,1891,white,600+2,d4 d5 Nf3 Nf6 e3 c5 b3 cxd4 exd4 e6,10,
1789,1653,black,120+2,d4 d5 e4 dxe4 Nc3 e6 f3 exf3 Nxf3 Nc6,10,
1991,1911,white,180+2,e4 c6 d4 d5 Nd2 Nf6 e5 Nfd7 Bd3 e6,10,
1748,1901,white,30+0,e4 c5 Nf3 Nc6 Nc3 e6 d4 d5 exd5 exd5,10,
1311,1232,black,120+1,d4 d5 Nc3 Nc6 Be3 Bf5 Nf3 e6 g3 Nf6,10,3513.45
1540,1344,black,600+0,e4 e5 d4 d6 d5 c6 Bc4 cxd5 Bxd5 Nf6,10,
1721,1614,black,600+0,e4 c5 Nf3 Nf6 Nc3 Nc6 d4 e6 e5 Nd5,10,
1236,1660,black,300+0,e4 e5 Nf3 Nc6 Bb5 a6 Bf1 Nf6 Nc3 d6,10,
1569,1459,white,120+0,e4 d6 d4 e6 Be2 Bd7 e5 dxe5 dxe5 Bc5,10,
1527,1441,black,300+5,e4 e5 d4 f6 d5 d6 Bb5+ Bd7 Nc3 a6,10,
1705,1672,black,300+2,e4 c5 Nf3 d6 Bc4 Nf6 e5 dxe5 Nxe5 e6,10,
1135,1218,black,300+0,e4 e6 Nf3 d5 exd5 Qxd5 Nc3 Qd6 Ne4 Qc6,10,
1274,1337,black,300+0,e4 Nf6 Nc3 e6 Nf3 d5 e5 Ne4 Nxe4 dxe4,10,
1535,1581,black,600+5,e4 e5 Nf3 Nc6 Bc4 h6 d4 Bb4+ c3 Bd6,10,117.68
1271,1382,black,300+0,c4 e5 Nf3 Nc6 e3 Bc5 Ng1 Nf6 Nf3 d6,10,
1819,1689,white,300+0,c4 d5 cxd5 Nf6 g3 Nxd5 Bg2 Nc6 Nf3 Bd7,10,
1738,1754,white,60+0,e4 c5 Nf3 Nc6 d4 cxd4 Nxd4 e5 Nb5 d6,10,
1861,1912,white,300+0,e4 e5 f4 exf4 Nf3 g5 d4 Bg7 Bc4 Nc6,10,
1735,1896,black,180+0,e4 c5 Nf3 Nc6 d4 cxd4 Nxd4 e6 Nxc6 bxc6,10,
1870,1936,black,180+0,e4 e5 Bc4 Nf6 Nf3 Nxe4 O-O d5 Bb3 Be6,10,
1494,1406,black,300+0,e4 c5 Nf3 Nc6 d4 e6 dxc5 Bxc5 Be3 Bxe3,10,
1737,1608,white,60+0,e4 Nc6 d4 b6 d5 Ne5 Nc3 d6 Bf4 f6,10,
1419,1511,black,420+0,d4 b6 Nf3 Bb7 g3 g6 Bg2 g5 Nc3 g4,10,
1467,1394,white,300+2,d4 Nf6 Nf3 g6 e3 Bg7 Bd3 O-O c3 d6,10,
1590,1289,white,300+5,c4 c5 Nc3 e5 e4 d6 d3 Nd7 Nf3 a6,10,
1636,1962,white,300+0,e4 e5 Bc4 Nc6 Nc3 Bc5 a3 d6 Nf3 f5,10,
1624,1395,white,120+0,e4 e5 Nf3 Nc6 d4 Bc5 dxc5 Nf6 Nc3 O-O,10,
1811,1694,white,300+0,d4 d5 e4 e6 f3 Nf6 Bd3 c5 dxc5 Bxc5,10,
2101,1854,white,300+0,e4 c6 d4 d5 Nd2 dxe4 Nxe4 Nf6 Nxf6+ exf6,10,
2179,2040,draw,300+0,d4 d5 Nf3 c6 c4 Nf6 Nc3 g6 Bf4 Bg7,10,
1396,1359,white,60+0,d4 e6 c4 d5 Nc3 dxc4 e4 a6 Bxc4 b5,10,
1504,1479,white,300+0,e4 d5 e5 e6 d4 a6 Nf3 Nc6 Bd3 Nge7,10,
1156,1080,white,480+0,e4 e5 Nf3 Nc6 Bb5 Nf6 Bxc6 bxc6 Nxe5 Ba6,10,25065.5
1611,1693,black,-,c4 c5 Nf3 Nf6 Nc3 g6 e4 d6 d4 cxd4,10,
1801,1818,white,60+0,f4 g6 b3 Bg7 Nc3 b5 Bb2 b4 Na4 f6,10,
1714,1655,black,60+0,e4 c5 Nf3 e6 Bc4 Nc6 Nc3 Nf6 d3 d6,10,
1556,1457,white,60+0,e4 e5 Nf3 Nc6 d4 exd4 Nxd4 Qh4 Nxc6 Qxe4+,10,
1922,1883,white,60+0,e4 c5 Nf3 e6 d4 cxd4 Nxd4 a6 Be2 Qc7,10,
1492,1321,white,45+3,e4 d5 exd5 Qxd5 Nf3 Bg4 Be2 Nc6 Nc3 Qe6,10,
1878,1112,white,120+0,d4 d5 c3 e6 Nf3 Nc6 g3 Nf6 Bg2 Bd7,10,25267.62
1740,1601,white,300+2,e4 c6 Ne2 d5 exd5 cxd5 d4 Nf6 Nf4 a6,10,
2027,1839,white,60+0,c4 Nf6 Nc3 e6 g3 d5 Bg2 c6 cxd5 exd5,10,
2077,2250,black,180+0,e4 e5 Nf3 Nc6 Bb5 a6 Ba4 Nf6 O-O b5,10,
1919,2082,black,180+0,e4 e5 Nf3 Nc6 Bc4 Nf6 Ng5 d5 exd5 b5,10,
2067,1692,white,180+0,e4 c6 d4 h5 f4 d5 e5 Bg4 Be2 Nh6,10,
2115,1980,white,180+0,d4 Nf6 Nf3 d5 c3 Bg4 Bg5 e6 Ne5 Bf5,10,
1949,1624,white,180+0,e4 e5 Nf3 Qe7 d4 c6 d5 d6 c4 c5,10,
1497,1249,black,1200+0,e4 c6 Nf3 e6 Nc3 g6 d4 Bg7 e5 d6,10,
1728,1693,white,-,e4 c5 Nf3 d6 d4 cxd4 Nxd4 Nf6 Nc3 g6,10,
1961,2011,white,180+0,d4 Nf6 c4 g6 Nc3 Bg7 Nf3 d6 Bg5 h6,10,
1882,1760,white,120+1,e4 g6 Nc3 Bg7 Bc4 b6 d3 Bb7 f4 Nc6,10,
1272,1253,black,300+0,e4 e5 Nf3 d6 c4 Nc6 a3 Nf6 d3 Bg4,10,
1847,1722,black,300+0,d4 d5 Bf4 Nf6 e3 Bf5 c3 e6 Qb3 b6,10,
1491,1499,white,120+0,d4 c5 Nf3 Nc6 e4 d5 exd5 Qxd5 dxc5 Qxd1+,10,
1641,1597,white,600+0,e4 b6 d4 Bb7 Bd3 g6 c4 Bg7 Nf3 Nf6,10,
1735,1722,white,120+1,d4 d5 c4 e6 Nc3 Nf6 Bg5 Bb4 Bxf6 Qxf6,10,
1359,1278,white,600+0,e4 e6 d3 h5 g3 g6 Bg2 Nc6 Nf3 b6,10,
1162,1253,black,600+0,e4 e5 Nf3 Nc6 Nc3 Nf6 Bc4 a6 d4 exd4,10,
1830,1691,white,180+0,e4 e5 Nf3 Nc6 c3 Nf6 d3 Be7 Bg5 d6,10,
1241,1608,black,300+5,e4 e5 Nf3 Nc6 d3 Nf6 g3 d6 Bg2 Be7,10,
1973,1934,white,180+0,d4 Nf6 Nc3 d6 e4 Nbd7 Nge2 e5 Be3 exd4,10,
1449,1380,black,600+0,e3 e5 d4 e4 Qg4 Nf6 Qh3 Bb4+ c3 Bf8,10,
1566,1739,white,180+0,d4 c5 e3 d5 Nf3 Nc6 b3 e6 c4 Nf6,10,
2052,2126,black,180+0,e4 e5 Nf3 Nc6 Nc3 Nf6 d4 exd4 Nxd4 Bb4,10,
1959,1834,white,180+0,c4 a5 e4 a4 d4 e6 f4 b6 Nf3 Bb7,10,
2089,2129,white,60+0,d4 e5 dxe5 Nc6 Nc3 Bc5 e3 Nxe5 Be2 Nf6,10,
1705,1776,white,360+5,e4 c5 Nf3 d6 Bb5+ Bd7 a4 g6 Nc3 Bg7,10,
1400,1410,black,300+0,e4 e5 Qf3 Nc6 c3 Bc5 Bc4 Nf6 g4 d6,10,
1789,1671,white,600+0,e4 c5 f4 d6 Nf3 Nf6 Bc4 a6 Nc3 b5,10,
1855,1682,white,360+0,e4 d5 exd5 Qxd5 Nc3 Qa5 Nf3 Nf6 Be2 Bf5,10,
1999,1948,white,300+0,d4 Nf6 e3 g6 Bd3 Bg7 Nd2 O-O f4 b6,10,
1581,1474,white,180+2,d4 d5 Bf4 e6 e3 Nf6 Nf3 Bd6 Ne5 Bxe5,10,
2110,2044,white,30+0,Nf3 g6 g3 Bg7 Bg2 Nf6 O-O O-O e4 d5,10,
1879,1401,black,600+0,Nf3 Nc6 c4 e5 e4 Nf6 Nc3 d6 d4 Be7,10,
2281,2128,white,180+0,d4 Nf6 c4 c5 d5 e6 Nc3 b5 Nxb5 exd5,10,
1505,1339,white,360+4,e4 Nc6 d4 g6 e5 Bg7 Nf3 f6 Bf4 g5,10,
1770,1823,black,300+0,f4 f5 Nf3 e6 e3 Nf6 d3 Be7 Nc3 O-O,10,
1723,1810,white,30+0,g3 d5 f3 Nf6 e3 e5 Bg2 Be6 Ne2 Bd6,10,
1629,1741,black,120+9,e4 b6 Nf3 Bb7 Nc3 e6 Bc4 Bb4 d3 d5,10,
1609,1558,white,10800+0,e4 c5 Bc4 Nc6 Qf3 Nh6 g4 Nd4 Qd3 b5,10,
2042,2078,white,600+0,e4 d5 exd5 Qxd5 Nc3 Qa5 d4 c6 Nf3 Bg4,10,
1297,1274,white,600+0,e4 e5 Nf3 Nf6 Bc4 Nxe4 Nxe5 Qe7 d4 Qb4+,10,
1912,1782,white,180+0,e4 e5 Nf3 Nc6 c3 f5 d3 Nf6 exf5 d5,10,
1613,1182,white,300+8,e4 e5 d4 Nc6 d5 Nd4 Be3 Bc5 c3 b6,10,
1511,1500,white,180+0,d4 d5 c3 Nc6 Bf4 e6 Nd2 Bd6 Bxd6 Qxd6,10,
1169,1283,draw,900+10,e4 Nf6 d3 e5 Bd2 Nc6 Be2 d5 Nc3 d4,10,
1552,1589,white,600+0,e4 e6 e5 d6 exd6 Bxd6 d4 Nf6 Nf3 O-O,10,
1354,1414,black,240+0,e4 d5 exd5 Qxd5 Nc3 Qd8 Nf3 Nf6 Bb5+ c6,10,
1757,1732,white,300+0,d4 b6 e3 Bb7 Nf3 Nf6 c4 e6 Nc3 Bb4,10,2526.4
1766,1791,black,420+0,d4 d5 Nc3 Nf6 e4 dxe4 f3 exf3 Qxf3 e6,10,
1682,1843,white,300+2,e4 e6 Nf3 d5 exd5 exd5 c3 Bg4 h3 Bh5,10,
1077,983,black,600+0,e4 e5 Nf3 Nc6 Bc4 d6 h3 Be6 Bb5 Qd7,10,
1571,1354,white,60+0,e4 d5 exd5 Qxd5 Nc3 Qe6+ Be2 b6 Nf3 Ba6,10,261.48
1255,1380,white,300+3,e4 e5 Nc3 Nf6 Bd3 Bb4 Nf3 Nc6 Bc4 O-O,10,1799.09
1634,1626,draw,900+0,e4 e5 Nf3 Nc6 Bb5 a6 Bc4 b5 Bd5 Bb7,10,
1630,1652,black,60+0,e4 e5 Nf3 Nc6 Bb5 f6 d4 exd4 Nxd4 Bc5,10,
1923,1753,white,30+0,d3 b6 g3 Bb7 e4 d6 Bg2 Nd7 f4 e5,10,
1984,2036,black,900+15,e4 c5 Nf3 d6 d4 cxd4 Nxd4 Nf6 Nc3 a6,10,68.42
1629,1598,white,900+0,e4 d5 exd5 Qxd5 Nc3 Qd8 Nf3 a6 Bc4 Nc6,10,
1838,1599,white,60+0,d4 g6 c4 Bg7 Nc3 d6 e4 e6 Nf3 Ne7,10,
1958,1895,white,180+0,e4 Nf6 e5 Nd5 c4 Nb6 d4 d6 exd6 cxd6,10,
2136,2270,black,180+2,d4 c5 d5 e5 Nc3 d6 e4 Nf6 Be2 Be7,10,
1716,1610,draw,120+0,e4 d5 exd5 Qxd5 Nc3 Qa5 Bc4 Nc6 d3 Nf6,10,
1589,1938,black,180+2,c4 Nf6 d4 e6 Nf3 c5 Bg5 cxd4 Qxd4 Be7,10,
2259,2376,black,60+1,e4 Nf6 e5 Nd5 d4 d6 Nf3 Bg4 Be2 e6,10,
1644,1428,black,300+5,e4 e5 Bc4 Nc6 d3 h6 a3 a6 Bd5 Nf6,10,2603.1
1899,2061,white,180+0,e4 d5 exd5 Qxd5 Nc3 Qa5 Nf3 Nf6 Be2 Bf5,10,
1461,1391,black,240+0,e4 d5 exd5 Nf6 Nc3 e6 d4 Bb4 dxe6 Bxe6,10,
1730,1734,white,120+0,d4 Nf6 Nf3 d6 Bg5 Nbd7 e3 g6 Be2 Bg7,10,
1759,1620,white,180+0,e4 e6 Nf3 c5 d4 Nc6 Nc3 cxd4 Nxd4 Nxd4,10,
1956,1877,draw,180+0,d4 d5 Nf3 f6 Bf4 e6 e3 c5 Nbd2 c4,10,
1637,1609,white,480+0,e4 d5 exd5 Qxd5 Nc3 Qe6+ Qe2 Nc6 Nf3 Nb4,10,
1267,1292,black,60+0,e4 e5 Bc4 d6 Qh5 Qf6 Nf3 g6 Qh4 Qxh4,10,
1869,1850,white,180+0,d4 Nf6 c4 e5 d5 Bb4+ Bd2 Qe7 f3 c6,10,
1839,1920,white,300+2,g3 e5 Bg2 d5 d3 c6 Nf3 Bd6 O-O Bg4,10,
1807,2066,white,300+5,d4 g6 e4 Bg7 Nf3 c5 Be3 cxd4 Bxd4 f6,10,
1280,1204,white,600+0,e4 e5 Nf3 Nc6 Bc4 Bc5 d3 Nf6 Nbd2 O-O,10,
1524,1683,white,900+0,e4 e5 Nf3 Nc6 Bc4 Nf6 Nc3 d6 O-O Be7,10,
2121,1824,white,0+4,Nf3 f5 d3 Nf6 e4 e6 exf5 Nc6 fxe6 d5,10,
1877,1809,black,300+0,e4 c5 d4 g6 f4 Bg7 Nf3 cxd4 c3 dxc3,10,
1337,1295,white,300+0,d4 d5 e3 e6 c4 c6 cxd5 cxd5 Qa4+ Bd7,10,
1834,1576,white,300+0,e4 g6 Nf3 c6 d4 e6 Bd3 Bg7 e5 Ne7,10,
1779,1887,black,900+0,f4 d6 e3 e5 fxe5 dxe5 d4 Nc6 Bc4 exd4,10,
1926,1916,black,600+0,e4 e5 Nf3 Nc6 Nc3 Nf6 Bb5 Bc5 O-O d6,10,
2085,1950,white,300+0,d4 e5 dxe5 Nc6 Nf3 Qe7 Nc3 Nxe5 Nxe5 Qxe5,10,
1752,1840,white,120+0,d4 e5 d5 Bc5 e4 d6 c4 f5 exf5 Nf6,10,
1790,1881,white,30+0,d4 g6 e3 Bg7 Nf3 e6 Bd3 Ne7 c4 O-O,10,
2103,1972,white,300+0,e4 c5 Nf3 e6 d4 cxd4 Nxd4 a6 a4 Bc5,10,
2079,1626,white,300+0,e4 e5 Nf3 Nc6 Bb5 d6 d4 exd4 Nxd4 Bd7,10,
1892,1941,white,480+0,e4 b6 d4 Bb7 Nc3 e6 g3 h6 Bg2 Nf6,10,1829.9
1756,1773,black,300+0,g3 d5 Bg2 e5 e3 c6 Ne2 Bd6 O-O Be6,10,
1534,1434,white,600+0,d4 d5 c4 Nc6 Nf3 dxc4 d5 Nb8 e4 Nf6,10,
1407,1484,white,420+0,d4 e5 dxe5 f6 exf6 Nxf6 e3 d5 Nf3 Bg4,10,305.98
1632,1348,white,600+0,e4 e5 Nf3 d5 exd5 e4 Ng1 Qxd5 Nc3 Qe5,10,
1583,1561,black,600+0,e4 g6 d4 d6 c4 Bg7 Nf3 Nc6 Be3 e5,10,
1942,1301,white,600+0,d4 Nc6 c4 d5 Nc3 e6 Nf3 e5 cxd5 Nxd4,10,
1908,2016,black,600+0,d4 e6 Nf3 Nf6 Bg5 d5 e3 Be7 Nbd2 O-O,10,
1831,1863,black,600+0,e4 d5 exd5 Qxd5 Nf3 c6 Nc3 Qa5 d4 Bg4,10,
1764,1325,white,300+0,d4 Nf6 c4 g6 Nc3 Bg7 e4 d6 Nf3 O-O,10,
1925,1865,black,180+0,e4 e6 Nf3 d5 exd5 exd5 Qe2+ Be6 d4 Nf6,10,
1564,1769,black,600+0,e4 e5 Nf3 d6 Nc3 c6 d4 Qc7 Be2 h6,10,
1308,1319,black,300+0,e4 e5 Nf3 d6 Nc3 Nf6 g3 h6 Bg2 Be7,10,
1707,1741,black,420+10,e4 e5 Nf3 Nc6 Bb5 Bd6 O-O Nd4 Ba4 Nf6,10,
1605,1573,white,60+0,e4 c5 f4 d5 exd5 Qxd5 d3 Nc6 Nf3 e6,10,
1500,1385,black,180+0,d4 Nf6 c4 g6 Nc3 Bg7 e4 d6 Nf3 O-O,10,2389.29
2305,2430,black,180+0,Nf3 g6 g3 Bg7 Bg2 d5 c4 e6 cxd5 exd5,10,
1652,1707,black,180+0,c4 c5 Nc3 d6 g3 g6 Bg2 Bg7 d3 Nf6,10,
1062,1454,black,300+0,d4 b6 g3 Bb7 f3 e6 Bg2 g5 Qd2 g4,10,
1537,1743,black,300+5,e4 e5 Bc4 Bc5 Bxf7+ Kxf7 Qf3+ Qf6 Qb3+ Kf8,10,
1370,1345,black,300+0,e4 c5 Nf3 a6 d4 cxd4 Nxd4 g6 Nc3 Bg7,10,
1682,1730,black,300+0,e4 e5 Nf3 Nc6 d4 Nxd4 Nxd4 exd4 Qxd4 Qf6,10,
1648,1760,black,300+3,e4 c6 d4 d5 Nc3 dxe4 Nxe4 Bf5 Ng3 Bg6,10,
1163,1398,black,180+0,e4 c5 Qg4 d6 Bc4 e6 Qf4 Nf6 e5 dxe5,10,173.14
1106,1029,white,120+1,d4 d5 e3 Nc6 Nf3 e6 c4 f6 cxd5 exd5,10,17417.89
1711,1785,white,300+10,e4 d5 exd5 Nf6 c4 e6 dxe6 Bxe6 Qa4+ Qd7,10,
1607,1277,white,300+0,e4 e6 d4 d6 f4 Be7 Nf3 Nf6 Nc3 O-O,10,
1319,1417,black,600+0,e4 e6 d3 Nf6 Nf3 Nc6 Be2 d5 e5 Ng4,10,
1466,1523,black,180+0,e4 e5 d3 Nc6 c3 Nf6 f3 h6 g4 d6,10,
1978,1700,white,30+0,g3 e5 Bg2 f5 d4 exd4 Qxd4 Nc6 Qd1 Nce7,10,
1750,1592,black,600+0,e4 e5 Nf3 Nc6 Bb5 f6 Bc4 Nge7 d4 d5,10,
1987,1967,white,60+0,d4 c5 d5 e6 c4 exd5 cxd5 d6 Nc3 a6,10,
1232,1495,black,120+5,d4 d5 c4 e6 Nf3 Nf6 Bg5 Be7 Nc3 O-O,10,
1716,1750,white,60+0,d4 d5 e3 e6 Nf3 c5 Bd3 Nf6 Bb5+ Bd7,10,
1564,1282,white,600+5,e4 e5 Nf3 Nf6 Nxe5 Nxe4 Qf3 f6 Qxe4 fxe5,10,96.92
1617,1866,black,360+2,d4 d5 c4 e6 Nc3 Nf6 Bf4 c5 e3 Nc6,10,
1483,1448,white,300+0,e4 d5 exd5 Qxd5 Nf3 Qe4+ Be2 Bg4 O-O Qg6,10,
1846,1820,draw,300+0,d4 e6 c4 f5 Nf3 Nf6 g3 b6 Bg2 Bb7,10,
1681,1310,white,60+0,e4 e5 d4 d5 c3 f6 Nf3 Nc6 dxe5 dxe4,10,2104.41
1672,1440,white,60+0,e4 Nh6 d4 g6 Bd3 Bg7 Be3 O-O Qd2 d6,10,
1404,1176,white,300+0,e4 e5 Bc4 c6 Nf3 f6 d4 d5 exd5 cxd5,10,
1942,1978,black,300+0,e4 e5 Bc4 c6 Nc3 Nf6 Nf3 d6 d4 exd4,10,
1877,1896,white,300+0,e4 c5 Nc3 Nc6 Nf3 e5 Bc4 d6 O-O Be7,10,
2150,2164,black,180+0,Nc3 c5 f4 d5 e4 Nc6 exd5 Nd4 Bb5+ Bd7,10,40.46
1418,1256,white,180+2,d4 Nf6 Nf3 g6 Nc3 Bg7 Bf4 O-O e3 h5,10,
2051,2105,white,60+0,d4 Nf6 g4 e6 g5 Ng8 e4 d5 Nc3 dxe4,10,
1661,1406,white,60+0,d4 Nf6 Nf3 d5 Bg5 c6 Bxf6 gxf6 Nc3 Nd7,10,
1701,1511,white,0+2,d4 c6 c4 d5 Nc3 Nf6 Nf3 e6 Bf4 Be7,10,
1541,1568,white,180+2,d4 c6 Bf4 d5 e3 Nf6 Nf3 Bf5 Nbd2 e6,10,
1263,1231,white,600+0,e4 Nf6 Nc3 e5 Bc4 d6 Nf3 g5 Nxg5 Ng4,10,
2550,2375,black,300+0,e4 g6 d4 Bg7 Nc3 d6 Be3 a6 a4 Nf6,10,
1692,1412,white,240+0,e4 e5 Nf3 d6 d4 f6 dxe5 dxe5 Qxd8+ Kxd8,10,
1486,1096,white,300+5,d4 d5 c4 e6 Nc3 dxc4 e3 Bb4 Qa4+ Nc6,10,
1407,1223,black,300+0,e4 e5 Nf3 Nc6 Bb5 d6 Nc3 a6 d4 exd4,10,
1760,1709,white,180+0,e4 c5 Nf3 e6 d4 cxd4 Nxd4 Bc5 Nc3 Nc6,10,142.0
1555,1518,black,480+0,e4 g6 Bc4 Bg7 Nf3 d6 d3 e5 Bg5 Nf6,10,
1379,1514,black,900+0,e4 e5 f4 Nc6 Nf3 Bd6 Bc4 Nf6 Nc3 O-O,10,
1612,1730,draw,300+5,e4 e5 Nf3 Nc6 Bc4 Be7 O-O Nf6 Nc3 O-O,10,
1549,1411,white,300+3,e4 Nf6 e5 Nd5 c4 Nb6 Nf3 d5 c5 Nc4,10,147.44
915,1122,black,600+0,e3 e5 Qh5 d6 Nc3 Nh6 Nf3 g6,8,
1551,1270,white,600+5,e4 e5 Nf3 d6 d4 Nf6 dxe5 Nxe4 exd6 Qxd6,10,
1594,1592,black,60+4,b3 Nf6 Bb2 d5 e3 c5 d4 cxd4 Bxd4 Nc6,10,
1512,1549,white,300+0,e4 e5 Nf3 Nc6 Bc4 Nf6 O-O d5 exd5 Nxd5,10,
1496,1209,black,600+0,e4 e6 d4 Nc6 e5 d6 Bf4 Nh6 h3 Qe7,10,
822,806,white,300+0,e3 d5 Qh5 g6 Qe5 Nc6 Qxh8 Nf6 Bb5 Qd6,10,
1648,1528,white,300+0,e4 e5 Nf3 Nc6 Bb5 d6 d4 exd4 Nxd4 Bd7,10,
1811,1563,white,900+15,d4 b6 c4 Bb7 Nc3 Nf6 Bg5 d5 e3 Ne4,10,
1647,1452,white,300+0,e4 e5 Nf3 d6 Bc4 g6 d4 Bg7 dxe5 Bd7,10,
1966,1786,white,180+0,e4 c5 Nf3 d6 d4 cxd4 Nxd4 a6 Nc3 e5,10,
2123,2161,white,180+0,c4 d6 Nc3 c6 g3 Nf6 Bg2 Qc7 Nf3 e5,10,
1452,1885,black,30+0,d4 d5 c4 c6 e3 Nf6 Nf3 dxc4 Bxc4 e6,10,
1641,1574,black,300+0,e4 e5 Nf3 d6 Bc4 Be7 d4 Nf6 dxe5 Nxe4,10,
1425,1443,white,180+0,e4 d5 exd5 Qxd5 Nc3 Qe5+ Qe2 Qxe2+ Ngxe2 e6,10,
1894,1798,white,60+0,e4 e6 Nf3 d5 exd5 exd5 d4 h6 c4 Nf6,10,
1885,1892,white,600+0,e4 g6 d4 Bg7 Nc3 Nh6 f4 O-O Nf3 e6,10,
1624,1724,black,1200+5,e4 d5 exd5 Nf6 c4 e6 dxe6 Qe7 Nc3 Bxe6,10,146.75
2342,2248,draw,180+0,e4 c5 Nf3 e6 d3 Nc6 Nbd2 d5 g3 Nf6,10,
1819,1763,white,60+1,e4 d5 exd5 Qxd5 Nc3 Qa5 d4 Nf6 Nf3 g6,10,
1662,1669,black,60+0,e4 e6 Nf3 d5 exd5 exd5 Bb5+ c6 Bf1 Bd6,10,
1823,1797,white,180+0,e4 d6 d4 g6 Bc4 Bg7 Nf3 e6 c3 Ne7,10,
1983,1914,white,600+0,e4 e6 Nf3 d6 d4 h6 Nc3 g6 Be3 Bg7,10,1800.53
1473,1262,white,120+0,d4 g6 Bg5 Bg7 h4 f6 Bf4 h5 Nf3 Bh6,10,
1956,1906,draw,180+0,e4 c5 Nf3 Nc6 d4 cxd4 Nxd4 g6 Be3 Bg7,10,
1553,1616,white,60+0,e4 d5 exd5 Qxd5 Nc3 Qa5 d4 Nf6 Nf3 Bg4,10,
1936,2011,black,540+1,e4 e6 d4 d5 e5 c5 c3 Nc6 Na3 Nh6,10,
1618,1771,black,120+1,e4 c6 Nc3 d5 d4 dxe4 Nxe4 Bf5 Ng5 Bg6,10,
1609,1674,black,300+8,d4 Nf6 c4 g6 Bf4 Bg7 Nc3 O-O e4 d6,10,
1781,1899,white,60+1,e3 e6 Nc3 d5 d4 c5 Bd3 cxd4 exd4 Nc6,10,
1725,1732,white,180+0,e4 c5 Nc3 Nc6 Nf3 d6 d3 g6 Be3 e5,10,
2213,1857,white,180+0,e4 d5 exd5 Qxd5 c4 Qe4+ Ne2 Qxc4 Nbc3 Bf5,10,
1718,1884,white,180+0,e4 c6 d4 d5 Nc3 dxe4 Nxe4 Nd7 Bc4 Ngf6,10,
1533,1448,white,180+0,e4 c5 Nf3 Nc6 c3 e5 d4 cxd4 cxd4 exd4,10,
1676,1588,white,300+0,e4 c5 c3 Nc6 d4 cxd4 cxd4 e6 Nc3 Nf6,10,
1693,1540,black,180+0,f4 c5 Nf3 e6 c3 Bd6 d4 Qc7 dxc5 Bxc5,10,
2008,1780,white,180+0,d4 Nf6 c4 d5 Nc3 c6 cxd5 Nxd5 e3 Bf5,10,
1900,1941,black,300+0,e4 c5 Nf3 a6 d4 cxd4 Nxd4 Nf6 Nc3 e5,10,
1208,1021,black,300+0,e4 e5 Nf3 Nc6 c3 Bc5 d4 exd4 cxd4 Bb4+,10,
1398,1455,white,300+0,e4 c5 Nf3 d6 d4 cxd4 Nxd4 e6 Nc3 g6,10,
1302,1305,white,300+0,e4 Nf6 e5 Nd5 d4 f6 Nf3 d6 b3 fxe5,10,
1445,1670,black,240+4,e4 d5 Qf3 dxe4 Qxe4 Nc6 c3 Nf6 Qf3 e5,10,
1778,1920,white,300+0,d3 e5 e4 d5 exd5 Qxd5 Nc3 Bb4 Bd2 Qd8,10,
1695,1679,black,300+0,e4 e5 Nf3 Nc6 g3 f5 exf5 Nf6 Bg2 d5,10,
1349,1554,white,180+2,e4 c6 d4 d5 e5 Bf5 Nc3 e6 Bd3 Bxd3,10,
1802,1846,draw,300+3,e4 c5 d4 cxd4 c3 Nf6 e5 Nd5 cxd4 g6,10,
1731,1580,white,180+2,e4 e6 Nf3 d5 Nc3 Nf6 e5 Nfd7 d4 c5,10,
2008,1858,white,180+2,e4 e5 Nf3 f5 Nxe5 Qf6 d4 Nc6 Nxc6 dxc6,10,
1404,1395,black,300+0,e4 d6 f4 c5 Bc4 Nf6 Bxf7+ Kxf7 d3 e6,10,
2130,2133,black,180+0,c4 e6 Nc3 Nf6 e4 c5 e5 Ng8 Qg4 h5,10,
1773,1704,black,300+8,c4 Nf6 d4 e6 Nc3 Be7 Nf3 O-O g3 d5,10,
1140,1494,black,300+3,e4 c5 Bc4 d6 d3 Nc6 c3 Nf6 Nf3 Bg4,10,
1747,1642,white,180+0,d4 d5 c4 dxc4 Nc3 Nf6 f3 a6 e4 b5,10,
1428,1411,white,600+0,e4 e5 Nf3 Bc5 Bc4 Qf6 d3 d6 Bg5 Qg6,10,
1787,1884,black,60+0,d4 c5 d5 d6 g3 e6 Bg2 Nf6 dxe6 fxe6,10,
1764,2050,black,180+0,d4 Nf6 e3 c5 d5 d6 Bd3 g6 Bd2 Bg7,10,
1377,1333,black,1200+2,e4 c6 Nf3 d5 Ng5 h6 Nf3 dxe4 Ne5 Qd5,10,4424.43
1648,1616,draw,600+0,e4 e5 d4 exd4 Qxd4 Nc6 Qc4 a6 Nc3 h6,10,
2045,2043,white,300+0,e4 c5 Nf3 Nc6 Bb5 d6 Bxc6+ bxc6 h3 e5,10,
1941,1821,white,240+2,e4 e5 Nf3 Nc6 Bc4 Nf6 Nc3 Bb4 O-O Bxc3,10,1513.04
1797,1734,black,30+0,e4 e6 Bc4 Qg5 Qf3 Qf6 Qxf6 Nxf6 Nc3 d6,10,
1832,1846,white,300+0,d4 c5 c3 cxd4 cxd4 d5 e3 Nc6 f4 e6,10,
1616,1490,white,300+0,e4 e5 Bc4 Nc6 d3 Be7 Be3 Bg5 Nf3 Bxe3,10,
1837,1849,black,300+0,b4 d5 Bb2 Nd7 Nf3 c5 a3 e6 b5 Ngf6,10,
1557,1509,black,180+0,f4 f5 Nf3 Nf6 e3 e6 b3 b6 Bb2 Bb7,10,
1512,1546,white,300+0,e4 c6 Bc4 d5 exd5 cxd5 Bb5+ Bd7 Qe2 a6,10,
1963,1803,white,180+5,e4 e5 d4 exd4 Nf3 d5 exd5 Qxd5 Qxd4 Qxd4,10,
1920,1972,white,180+2,d4 Nf6 c4 g6 Nf3 Bg7 Nc3 d6 Bg5 O-O,10,
1589,1813,white,300+0,e4 e5 Nf3 Nf6 Nc3 Bc5 d3 O-O Be3 Bxe3,10,
2585,2574,white,30+0,d4 c5 d5 e5 c4 d6 Nc3 Be7 e4 Bg5,10,
1789,1749,black,600+0,d4 Nf6 Nf3 d5 g3 Bf5 Bg2 Nc6 a3 a6,10,
1794,2035,black,300+0,c4 c5 Nc3 Nc6 Nf3 d6 d4 cxd4 Nxd4 Bg4,10,2044.96
2019,2010,white,30+0,e4 e5 Nf3 Bc5 Bb5 Bxf2+ Kxf2 f5 Bc4 Nf6,10,
1952,1921,draw,30+0,e4 c5 Nf3 Nc6 d3 d5 c3 dxe4 dxe4 Qxd1+,10,
1709,1743,black,30+0,e4 c6 Nf3 d6 d4 d5 exd5 cxd5 c4 Bf5,10,
1619,1838,black,60+0,e4 c5 c3 d5 d4 dxe4 d5 Nf6 c4 b5,10,78.43
1989,1995,white,30+0,e4 Nf6 e5 Nd5 d4 d6 c4 Nb6 exd6 exd6,10,
2127,2135,black,30+0,Nf3 d5 g3 e6 Bg2 Nf6 O-O g6 c4 Bg7,10,
2035,2032,white,30+0,b3 e6 Bb2 d5 e3 Nf6 f4 Be7 Nf3 O-O,10,
1592,1607,black,30+0,e4 d5 Nf3 dxe4 Ng5 f6 f3 fxg5 fxe4 Nf6,10,2823.26
2085,2108,black,30+0,e4 e6 Nf3 d5 d4 dxe4 Ne5 f5 c4 Nf6,10,
2020,2152,black,180+2,e4 c5 Nf3 Nc6 Bb5 g6 O-O Nf6 Bxc6 dxc6,10,1225.38
2578,2401,white,30+0,d4 c6 Nf3 d5 c4 Nf6 Nc3 Bf5 Bg5 e6,10,
1790,1821,white,30+0,d4 e6 c4 c5 dxc5 Bxc5 Nf3 Nf6 Nc3 Nc6,10,
1979,1970,white,30+0,e4 c6 d4 g6 e5 Bg7 Nf3 d5 exd6 exd6,10,
1863,1917,black,30+0,d4 d5 c4 dxc4 Nc3 a6 e4 Nf6 Bxc4 g6,10,
2216,2182,black,30+0,Nf3 Nf6 g3 g6 Bg2 Bg7 O-O O-O d4 c6,10,
1682,1622,white,30+0,e4 c5 Nc3 d6 Nf3 e6 d4 cxd4 Nxd4 e5,10,
1368,1355,white,300+0,e4 e5 Nf3 Nf6 Nxe5 Nxe4 Qf3 Nf6 d4 Nc6,10,
1549,1357,white,300+8,e4 e5 Nf3 Nc6 d4 d6 dxe5 dxe5 Qxd8+ Nxd8,10,
1564,1576,white,30+0,Nf3 e6 d4 d6 Bg5 Nc6 Bxd8 Kxd8 Ng5 Bd7,10,
1388,1505,black,30+0,e4 d5 d3 dxe4 dxe4 Qxd1+ Kxd1 e5 Bd3 Nf6,10,
1096,833,white,900+0,e4 e5 Nf3 Nc6 Bb5 Nf6 Bxc6 dxc6 Nc3 Bg4,10,
1759,1536,white,300+0,e4 c5 Nc3 Nc6 Bc4 e6 a3 Nf6 f4 d5,10,
1996,1938,white,60+0,e4 c6 d4 d5 exd5 cxd5 Nc3 Nf6 Nf3 g6,10,
1698,1655,black,900+0,d4 d5 Nf3 Nf6 Bg5 e6 Nbd2 Bb4 a3 Ba5,10,
2066,2040,white,30+0,Nf3 Nf6 g3 g6 Bg2 Bg7 O-O O-O c3 d6,10,6729.53
1056,1359,black,30+0,d3 e5 h3 d5 c3 c5 Be3 f6 Na3 c4,10,21683.69
1682,1782,white,600+0,e4 e5 Bc4 d6 d4 exd4 Nf3 c5 O-O a6,10,
1651,1763,white,30+0,d4 d5 c4 Nc6 Nc3 dxc4 e3 Bg4 Qxg4 h5,10,
1753,1630,black,120+0,e4 d5 exd5 Nf6 d4 Bg4 Nf3 Qxd5 Be2 Nc6,10,
1684,1653,white,600+0,e4 e5 Nf3 Qf6 Bc4 h6 O-O c6 Nc3 Bc5,10,
1662,1500,black,180+1,d4 g6 c4 Bg7 Nf3 d6 Bf4 Bf5 Nc3 Nd7,10,
1753,1676,black,300+0,e4 d6 Bc4 g6 Nf3 Bg7 d4 Nf6 Bd3 Nc6,10,
1658,1657,white,180+0,d4 e6 Nf3 d5 e3 Ne7 Bd3 Ng6 O-O c5,10,
2077,2068,black,180+0,e4 Nf6 e5 Nd5 c4 Nb6 c5 Nd5 Nc3 e6,10,
1831,1676,white,600+0,e4 d5 exd5 Qxd5 Nc3 Qe5+ Nge2 Bg4 h3 Bxe2,10,4037.35
1414,1583,black,120+1,d4 d5 Bf4 Nf6 h3 Nbd7 e3 g6 Nc3 Bg7,10,
1679,1587,black,300+2,e4 c5 f4 Nc6 Nf3 f6 Bb5 a6 Bxc6 bxc6,10,
1809,1832,black,60+0,e4 c6 d4 d5 f3 dxe4 fxe4 e5 Nf3 exd4,10,
1906,1982,white,300+0,d4 d5 c4 c6 e3 Nf6 Nc3 e6 Nf3 Be7,10,
2062,2533,black,30+0,e4 g5 d4 g4 Nc3 d5 exd5 c6 dxc6 Nxc6,10,
1717,1738,black,600+0,e4 c5 f4 d6 Nf3 Bg4 Be2 Nf6 Nc3 Nc6,10,
1954,2138,draw,60+0,Nf3 Nf6 d4 g6 c4 Bg7 Nc3 c6 e4 d5,10,
1500,1752,black,600+0,e4 c5 e5 d5 f4 Nc6 Nf3 Bf5 g4 Bxg4,10,
1353,1229,black,600+0,e4 e5 c3 d5 d3 dxe4 d4 Nf6 dxe5 Qxd1+,10,
1463,1462,white,600+0,e4 e5 Qh5 Nf6 Qxe5+ Be7 Bc4 Nc6 Qf4 d5,10,
1567,1589,black,300+0,e4 e5 d4 exd4 c3 dxc3 Bc4 cxb2 Bxb2 Bc5,10,
2012,1731,white,300+0,d4 d5 c4 dxc4 Nf3 Nf6 Qc2 Bg4 Nbd2 Nc6,10,
1598,1677,black,300+0,e4 e5 Nf3 Nc6 Bc4 Be7 d4 exd4 Nxd4 Ne5,10,
956,1019,black,300+0,e4 e5 Nf3 Nc6 Bb5 a6 Bxc6 dxc6 Nxe5 Qd4,10,
1679,1725,white,300+0,e4 c5 Nf3 d6 Bc4 Nc6 c3 Nf6 Qe2 e6,10,
1318,1601,black,120+0,e4 c5 f3 d6 Bb5+ Bd7 Bc4 b5 Bb3 c4,10,
2032,1788,white,600+0,e4 c5 Nf3 d6 Bb5+ Bd7 Bxd7+ Nxd7 O-O Ngf6,10,
1165,1450,black,180+3,d4 d5 c4 c6 e3 Nf6 Nf3 Bg4 Nc3 Bxf3,10,
1250,1049,white,300+3,e4 e5 Nf3 Nc6 d4 exd4 Nxd4 Qf6 Nxc6 dxc6,10,
1692,1580,white,600+0,e4 d5 e5 c5 c3 c4 d4 cxd3 Qxd3 Nc6,10,
1440,1495,white,300+3,d4 d5 c4 dxc4 e3 Bf5 Nc3 Nc6 Bxc4 Qd6,10,
1883,2115,black,60+1,Nf3 e6 d4 d5 c4 Nf6 Nc3 Be7 cxd5 exd5,10,
1816,1940,white,120+0,e4 e5 Nf3 Nc6 Bb5 Nge7 h3 d6 O-O Bd7,10,
1625,1672,black,600+0,d4 Nf6 Nf3 e6 Bg5 Be7 e3 d5 Bb5+ c6,10,
986,1192,black,180+0,e3 d5 f3 e5 Ne2 Nf6 g4 e4 f4 Nxg4,10,
1201,1298,white,120+1,e4 d6 h3 e5 d3 Be7 g4 Nf6 Nf3 Bd7,10,
1472,1413,white,300+0,e4 d5 exd5 Nf6 Nc3 Nxd5 Qf3 Nxc3 dxc3 e6,10,
1601,1723,white,180+0,e4 e6 d4 d5 exd5 exd5 c3 c5 Be3 Nf6,10,
1616,1223,white,240+0,e4 e5 Nf3 Nf6 Nc3 d6 Bc4 Nc6 h3 Nd4,10,
1757,1752,black,180+2,e4 c5 Nf3 d6 Bc4 e6 O-O Nf6 Nc3 Be7,10,9052.75
1993,1920,black,60+0,d4 d6 Nf3 Nf6 Bf4 Nbd7 e3 e6 Bd3 Be7,10,
1697,1994,black,180+0,d4 Nf6 e3 g6 Nf3 Bg7 g3 O-O Bg2 d5,10,
2315,2220,black,60+0,e4 e6 d4 d5 Nc3 Bb4 e5 c5 a3 Bxc3+,10,
1601,1746,black,600+0,e4 c5 Nf3 d6 d4 cxd4 Nxd4 Nf6 Nc3 a6,10,52.71
1279,1426,white,300+0,e4 b6 Qh5 Bb7 Bc4 g6 Qf3 f5 d3 Nf6,10,
1787,1763,black,420+9,e4 c5 Qh5 d6 Bc4 g6 Qf3 Nf6 Nh3 e5,10,
1680,1712,black,300+0,e4 c5 Nf3 d6 d4 cxd4 Nxd4 Nf6 Nc3 a6,10,
2065,1983,white,60+0,e4 d5 exd5 e6 d4 Nf6 Nc3 exd5 Nf3 Be6,10,
2130,2420,white,300+0,d4 c5 d5 e5 c4 d6 Nc3 Be7 e4 Nf6,10,
1922,1308,white,180+0,e4 e5 Nf3 Nf6 Nxe5 Qe7 d4 d6 Nf3 Qxe4+,10,
1341,1328,black,600+0,c4 e5 e3 Nf6 h3 d5 Nc3 dxc4 Bxc4 Be6,10,
1897,1767,white,180+0,d4 g6 c4 Nf6 Nc3 d6 e4 Bg7 Bd3 O-O,10,
2194,1683,white,480+0,e4 e5 Nf3 Bc5 Nxe5 Qf6 d4 Nc6 Nxc6 dxc6,10,3261.19
1430,1467,white,300+8,e4 e5 Nf3 Nc6 d4 exd4 Nxd4 Nxd4 Qxd4 Nf6,10,
1514,1210,white,300+5,e4 e5 Bc4 Nf6 d3 d5 exd5 Nxd5 Nf3 Nf4,10,
1756,1601,white,180+0,d4 e6 c4 d5 Nc3 Nf6 e3 Bb4 Qa4+ Nc6,10,
1548,1551,white,60+0,e4 b6 Qh5 g6 Qf3 Bg7 Bc4 Bb7 Qxf7#,9,
1450,1574,black,600+0,e4 d5 exd5 Nf6 Nc3 Nxd5 Bb5+ c6 Bd3 Be6,10,
1288,1275,black,600+0,e4 e5 Nf3 Nf6 Bc4 d6 Ng5 Be6 Nxe6 fxe6,10,
1667,1539,white,300+8,e4 e5 Nf3 d6 d4 exd4 Qxd4 c5 Qc3 b5,10,3680.79
1669,1628,white,600+0,d4 d5 Bf4 Nf6 h3 Nc6 e3 Bf5 a3 e6,10,
1608,1781,black,600+0,e4 c5 Nf3 Nc6 Nc3 d6 d4 cxd4 Nxd4 Nf6,10,
1875,2034,black,600+0,e4 c5 Nf3 Nc6 d4 cxd4 Nxd4 d6 Bb5 Bd7,10,
1628,1470,black,180+2,c4 e5 Nc3 Nf6 a3 Nc6 g3 d5 cxd5 Nxd5,10,
1450,1534,black,300+0,e4 e5 Nf3 Nc6 Bb5 d6 O-O Bd7 c3 a6,10,1896.8
1994,1842,black,180+0,d4 d5 c4 e6 Nc3 dxc4 e3 Nf6 Bxc4 Be7,10,
1533,1752,black,660+0,e3 d5 Nf3 Nc6 Nc3 e5 Bb5 a6 Bxc6+ bxc6,10,
1461,1613,black,300+0,d4 Nf6 Bf4 g6 Be5 Bg7 e3 d6 Bf4 O-O,10,
1602,1600,white,1800+0,e4 c5 Bc4 d6 Qf3 Nf6 d3 g6 h3 Bg7,10,
1539,1427,white,600+0,d4 d5 e3 Nf6 c4 b6 b4 e6 c5 bxc5,10,
2118,1514,white,30+0,g3 b6 Bg2 Bb7 Bxb7 c6 Bxa8 d6 Bb7 Qc7,10,
2198,2210,white,120+2,d4 d5 Bf4 Nf6 e3 g6 h3 Bg7 Bd3 O-O,10,
1932,1418,white,600+0,e4 e6 Nf3 d5 e5 Nc6 Bb5 Qd7 d4 a6,10,
1695,1983,black,30+0,e4 d5 exd5 Qxd5 d4 Qd8 Nc3 Nf6 Nf3 e6,10,
2004,1987,white,180+0,c4 e5 Nc3 Nf6 d3 Nc6 f4 exf4 Bxf4 d6,10,
1797,2108,black,60+1,e4 e5 Bc4 Nc6 c3 d6 h3 Nf6 Qe2 Be7,10,
1735,1655,black,30+0,d3 e6 e3 Be7 a3 d6 h3 Nf6 g3 O-O,10,
1741,1924,white,30+0,d4 g6 c4 Bg7 Nc3 c5 d5 d6 Nf3 Nf6,10,
2155,1738,white,600+0,e4 e6 d4 Ne7 Bd3 d5 e5 g6 Ne2 Bg7,10,
1430,1424,white,2100+0,e4 e5 Nf3 Nc6 a3 a6 Nc3 Bc5 b4 Bd4,10,
1907,2066,black,900+0,d4 e6 Bf4 d5 e3 c5 dxc5 Bxc5 a3 Nc6,10,
1852,1873,black,300+0,e4 e5 Nf3 f5 exf5 e4 Qe2 Nf6 d3 d5,10,
1334,1246,white,180+5,e4 Nf6 e5 Nd5 d4 d6 Bc4 Nb6 Bb3 dxe5,10,1569.36
1887,1989,white,30+0,d4 d5 Bg5 c6 Bh4 f6 Nc3 e6 e4 Bd6,10,
1245,1306,black,300+0,e4 e5 d4 Nf6 dxe5 Nxe4 Nf3 d5 Nc3 Bb4,10,
1481,1502,black,300+0,e4 c5 Nf3 g6 d4 Bg7 d5 Qb6 e5 Qb4+,10,
1748,1653,white,480+0,e4 e5 g3 Nf6 Bg2 d6 d3 Nc6 Nf3 Be6,10,
1825,1878,black,180+0,d4 d5 Bf4 b6 e3 Bb7 Bd3 g6 c3 Bg7,10,
1724,1756,black,300+0,e4 e5 f4 exf4 Be2 Qh4+ Kf1 Bc5 d4 Nf6,10,
1436,1230,black,60+0,Nh3 Nf6 g3 d5 Bg2 e6 O-O Bc5 e4 Nc6,10,
1870,1916,white,60+0,c4 e6 Nc3 b6 d3 c5 Nf3 d6 g3 Bb7,10,
1999,2117,black,60+0,d4 e5 c4 exd4 Nf3 c5 g3 Nf6 Bg2 Be7,10,
1510,1638,white,180+3,e4 e6 d4 d5 e5 c5 c4 cxd4 Qxd4 Nc6,10,
1632,1577,draw,900+5,c4 e6 b3 Bb4 Nc3 Qf6 Qc2 Nc6 e3 Qe5,10,
1850,1769,white,180+2,e4 g6 d4 Bg7 Nf3 d6 Bc4 e6 Be3 Ne7,10,
1369,1378,white,180+2,e4 e6 d4 d5 e5 f6 f4 fxe5 fxe5 Qh4+,10,
1206,1429,black,420+2,e4 e6 Nf3 d5 exd5 exd5 Ne5 Nd7 Bb5 c6,10,
1921,1951,black,180+2,d4 Nf6 Nf3 g6 Bf4 Bg7 e3 d6 Be2 O-O,10,
1644,1730,black,120+0,e4 e6 d4 d5 exd5 exd5 Nf3 Nf6 h3 Bd6,10,
1868,1819,white,30+0,g3 c5 Bg2 e6 b3 Qc7 Bb2 Nc6 e3 a6,10,
1486,1366,white,420+5,e4 e5 Nc3 Nf6 f4 exf4 Nf3 Nc6 d4 Qe7,10,
1454,1500,white,600+4,d4 d5 c4 dxc4 Nc3 Nf6 e4 e6 a3 Be7,10,
1819,1453,black,180+5,e4 e6 d4 c5 Nf3 cxd4 Nxd4 Nc6 c3 Bc5,10,
1864,1727,white,300+3,d4 Nf6 c4 e5 d5 Bc5 e3 d6 Nc3 Nbd7,10,
1442,1182,white,180+2,Nf3 d5 g3 Nc6 Bg2 Nf6 O-O e5 d3 e4,10,
1243,1043,black,900+15,e4 e5 Nf3 Nf6 Nc3 Bc5 a3 d6 b4 Bd4,10,
1737,1794,black,600+0,e4 d5 exd5 Nf6 c4 c6 dxc6 Nxc6 Nf3 e5,10,
1610,1440,white,600+0,d4 d5 Nc3 Nf6 Bg5 e6 Bxf6 Qxf6 e3 Bd6,10,
1712,1823,white,600+0,e4 d5 exd5 Qxd5 Nc3 Qd8 Bb5+ c6 Bc4 e6,10,
1711,1750,white,60+0,e4 d5 exd5 Qxd5 Nf3 Qd8 d4 c6 Bd3 Nf6,10,1544.44
1445,1559,black,600+0,e4 c6 Bc4 e6 Nf3 Nf6 d3 Bd6 Nh4 Bc5,10,
1255,1353,black,600+0,e4 e5 d4 d5 dxe5 Qh4 exd5 Qe4+ Ne2 Qxe5,10,
1674,1694,black,300+0,e4 e5 f4 exf4 Nf3 Nc6 d4 d5 Bxf4 dxe4,10,
1305,1467,white,900+0,e4 d5 exd5 Qxd5 Nf3 Bg4 Be2 Bxf3 Bxf3 Qe5+,10,10722.93
1428,1481,black,300+0,e4 c5 Nf3 d6 Nc3 Nc6 Bb5 Bd7 O-O Nf6,10,
1747,1751,white,300+0,e4 e5 Nf3 Nc6 Bc4 Be7 Nc3 Nf6 d3 O-O,10,
1685,2105,black,-,e4 e5 Nf3 Nc6 Bb5 Nf6 O-O Bc5 d3 d6,10,
1948,1836,white,300+0,e4 e6 d4 d5 Nc3 dxe4 Nxe4 Nf6 Bg5 Be7,10,
1696,1639,white,240+0,e4 e5 Nf3 Nc6 d4 exd4 Nxd4 Qe7 Nxc6 Qxe4+,10,
2289,2140,white,180+0,d4 e6 e3 Nf6 Bd3 Be7 Nd2 d5 f4 Nbd7,10,
1567,1384,white,300+0,e4 e5 Bc4 Nf6 Nc3 Nxe4 Nxe4 d5 Bb5+ c6,10,
1492,1645,black,300+6,e4 b6 Bc4 e6 a3 Bb7 d3 Nf6 c3 d5,10,
1288,1468,black,90+2,e4 c5 Nf3 a6 d4 cxd4 Nxd4 e6 Nc3 Qc7,10,
1216,1817,black,300+0,e4 Nf6 Nf3 Nxe4 Qe2 d5 c4 Bf5 Nc3 Nxc3,10,
1318,1382,white,120+1,e4 e5 Nc3 Nc6 Nf3 Nf6 d4 exd4 Nxd4 Nxd4,10,
1447,1455,black,300+0,e4 g6 d4 Bg7 Nf3 b6 c4 Bb7 Nc3 e6,10,
1702,1719,black,30+0,d4 b6 Nf3 Bb7 Bf4 d6 e3 Nd7 Be2 f6,10,
1739,1419,white,300+0,d4 d5 Nf3 c5 c3 Nf6 Bf4 Nc6 e3 c4,10,
1886,1861,white,180+0,e4 e5 Nf3 f5 Bc4 Nf6 Nxe5 d5 exd5 Bd6,10,
2631,1919,white,30+0,e4 e6 Nc3 d5 d4 dxe4 Nxe4 Nf6 Nxf6+ gxf6,10,
1958,1981,black,180+0,d4 Nf6 Bf4 g6 e3 Bg7 Bd3 d5 Nd2 c5,10,
1981,1876,white,300+0,d4 d5 c4 e6 Nc3 c6 Nf3 Bd6 Bg5 Ne7,10,
1603,1456,white,180+0,e4 e5 Nf3 Nc6 Bc4 Nf6 Ng5 d5 exd5 Nxd5,10,
1585,1548,white,180+0,d4 d5 Nc3 e6 e4 c6 exd5 cxd5 Qe2 a6,10,
1833,2033,black,60+0,e4 e6 d4 d5 e5 c5 c3 Qb6 Nf3 Nc6,10,
1186,1329,black,300+3,e4 e5 Nf3 Nc6 Bb5 Nf6 Bxc6 dxc6 Nxe5 Bd6,10,
1592,1840,draw,180+0,d4 Nf6 e3 d5 Bd3 e6 f4 c5 c3 b6,10,
1564,1702,black,60+0,e4 Nf6 Nc3 d5 exd5 Nxd5 d3 Nc6 Nxd5 Qxd5,10,
1852,1631,white,180+0,e4 e6 d4 d6 Bc4 d5 exd5 exd5 Bb3 Nf6,10,
2127,2114,black,300+0,e4 c5 Nf3 e6 c3 d5 e5 Nc6 d4 Nge7,10,
1359,1340,white,300+8,e4 Nf6 Nc3 d5 e5 Ng4 Nf3 h5 d4 c6,10,
1086,1210,black,900+0,d4 Nc6 Nf3 e6 Ne5 d6 Nxc6 bxc6 Be3 c5,10,
2086,2148,black,60+0,g3 h5 Bg2 h4 h3 hxg3 fxg3 c6 Nf3 Qc7,10,
1956,1903,white,60+0,Nf3 c5 g3 d6 Bg2 Nf6 O-O g6 e3 Bg7,10,
1671,1519,white,720+2,e4 e5 Nf3 d6 Nc3 c6 Bc4 h6 d3 Qf6,10,
1975,1913,white,480+1,e4 e6 d4 d5 e5 c5 Nf3 Nc6 c3 Nge7,10,
1749,1940,white,45+3,e4 d6 Nf3 Nf6 Nc3 c5 d4 cxd4 Nxd4 Nc6,10,
1705,1900,black,240+0,e4 e5 Bc4 Nc6 c3 Nf6 Bxf7+ Kxf7 Nf3 Be7,10,5624.18
1915,1697,white,180+0,e4 e5 Nf3 Nc6 Bb5 Nf6 O-O Bc5 c3 O-O,10,99.12
2012,1888,white,480+0,e4 e5 Nf3 Nc6 Bc4 Bc5 c3 d6 d4 exd4,10,
1419,1534,white,600+0,e4 e5 Nf3 Nc6 Bc4 h6 O-O Nf6 Nc3,9,
1776,1874,black,300+0,e4 c5 Nf3 Nc6 d4 cxd4 Nxd4 g6 Nc3 Bg7,10,
1696,1611,black,120+1,e4 c5 Nf3 e6 d4 cxd4 Nxd4 a6 Nc3 Qc7,10,
1156,972,white,900+0,d4 d5 Nc3 Nf6 e4 Nc6 e5 Ne4 Bd3 Bf5,10,
1658,1523,black,300+8,e4 g6 d3 Bg7 Nc3 a6 Bd2 d6 Nf3 Nf6,10,
1911,1896,black,300+0,d4 e6 c4 c5 d5 exd5 cxd5 d6 Nc3 Nf6,10,
1637,1590,black,300+0,d4 d5 c4 Bf5 Nc3 Nf6 e3 c6 Nf3 e6,10,
1527,1613,draw,180+0,d4 d5 c4 e6 Nf3 Nc6 Bg5 f6 Bh4 g5,10,
1244,1154,white,600+0,e4 e5 Nf3 Nf6 Bc4 Bc5 Nxe5 Nxe4 Nxf7 O-O,10,
1055,1265,black,300+0,d4 c5 Nf3 Nc6 dxc5 e5 Bg5 Nf6 Bxf6 Qxf6,10,
1479,1383,black,180+2,e4 e5 Nf3 Nc6 Bc4 Bc5 b4 Bxb4 c3 Ba5,10,
1503,1385,black,600+0,e4 e5 g3 Bc5 c3 Qf6 Nf3 d6 d4 Bb6,10,
1566,1598,black,180+0,e4 e5 Nf3 d6 h3 Nc6 Bc4 Nf6 a3 Be6,10,
1803,1800,black,180+0,e4 e6 d4 d5 Nd2 Nf6 e5 Nfd7 f4 c5,10,
908,975,black,600+0,e3 d5 Qh5 g6 Qh4 e5 Nf3 Nc6 Bb5 Bd7,10,587.43
1982,1874,black,600+0,Nf3 e6 d3 d5 Nbd2 c5 e4 d4 g3 Nc6,10,
2407,2342,white,180+0,d4 Nf6 c3 g6 Bf4 Bg7 e3 O-O h3 d6,10,
2058,1948,white,180+0,d4 Nf6 c4 e6 Nc3 d5 Bg5 Be7 cxd5 exd5,10,
2116,2073,white,180+0,d4 e6 Nf3 d5 Bf4 c5 e3 Nc6 c3 Nf6,10,
1670,1659,white,300+0,e4 g6 d4 Bg7 Nf3 d6 c4 Bg4 Nc3 c6,10,
1590,1905,black,180+2,e4 c5 Nf3 Nc6 Bc4 e6 d4 cxd4 Nxd4 a6,10,
1905,2026,black,120+1,e4 e5 Nf3 Nc6 Bc4 Nf6 Ng5 d5 exd5 Na5,10,
2020,1863,black,180+0,e4 e5 Nf3 Qf6 d4 exd4 e5 Qb6 Nbd2 Nc6,10,
1843,1684,white,900+15,d4 Nf6 c4 g6 Nc3 Bg7 e4 d6 Nf3 O-O,10,
1901,1842,white,300+0,e4 c6 d4 d5 exd5 cxd5 Nc3 Nf6 Nf3 Bf5,10,
2030,1327,white,30+0,e4 e5 Nf3 Nc6 Nc3 Nf6 Nxe5 Nxe5 d4 Nc6,10,
1297,1506,black,600+5,e4 c5 a3 e6 e5 Nc6 f4 d6 Bb5 Bd7,10,
2322,2267,black,180+0,e4 c6 b3 d5 Bb2 dxe4 Nc3 Nf6 Nge2 Bf5,10,
1264,1305,black,600+0,d4 d5 Nc3 Nc6 Nf3 Nf6 e3 Bg4 h3 Bxf3,10,968.85
1630,1458,white,900+0,e4 d5 exd5 Qxd5 Nc3 Qa5 d4 Nf6 Bd2 e6,10,
1538,1554,white,900+0,d4 d5 c4 dxc4 e4 c5 d5 e6 Bxc4 exd5,10,
1731,2077,black,30+0,d4 d5 f4 Nf6 Nf3 g6 e3 Bg7 c3 O-O,10,
1348,1668,black,30+0,e4 c5 Nf3 e6 d4 cxd4 c3 Nf6 Bc4 dxc3,10,
1558,1726,black,600+0,Nf3 Nc6 g3 Nf6 Bg2 d5 O-O e5 c3 e4,10,
1939,1727,white,600+0,e4 c6 d4 d5 e5 Bf5 Nf3 e6 Nc3 a6,10,
1871,1570,black,600+0,d4 c6 Bf4 d5 Nf3 Nf6 h3 Bf5 c3 Nbd7,10,
1932,1813,black,60+0,e4 e5 Nf3 Nf6 Nc3 Nc6 d4 exd4 Nxd4 Bc5,10,
1773,1864,black,180+0,e4 e6 Bc4 d5 exd5 exd5 Bb3 Nf6 d4 a5,10,
2012,1931,white,300+2,e4 e6 d4 d5 Nc3 Bb4 e5 c5 Qg4 Kf8,10,4741.79
2136,2050,white,180+2,d4 Nf6 c4 e5 dxe5 Ng4 Nf3 Bc5 e3 Nc6,10,
1744,1666,black,60+0,e4 e5 d4 exd4 Qxd4 d6 Qe3 Nc6 Nc3 Nf6,10,
1385,1501,black,300+10,d4 Nf6 c4 d6 Nc3 Nc6 e4 e5 d5 Nd4,10,
2101,2034,white,60+0,d4 Nf6 Nf3 g6 c4 Bg7 Nc3 O-O h3 c5,10,
1571,1650,white,300+0,d4 c5 d5 Nf6 c4 d6 Nc3 a6 Bg5 Bd7,10,
1572,1431,white,300+0,g3 h6 Bg2 e6 Nc3 Be7 b3 Nf6 Bb2 O-O,10,
1716,1664,black,300+0,e4 d6 Nf3 Nf6 Nc3 Bg4 h3 Bxf3 Qxf3 e6,10,
1725,1828,white,300+0,e4 e5 Nf3 Nc6 Bc4 Nf6 d3 Bc5 h3 d6,10,
1440,1483,white,600+0,e4 e5 d4 d6 d5 Na6 Nc3 Nh6 Bxa6 bxa6,10,
2048,2143,black,600+0,e4 e5 f4 exf4 Nf3 d6 Bc4 h6 O-O Nc6,10,
1745,1785,black,30+0,g3 d5 f3 Bh3 e4 Bg2 Bxg2 Nf6 Bh3 e6,10,
1127,1315,black,300+0,e4 e5 f4 exf4 Nf3 Bc5 Nc3 d6 d4 Bb4,10,
1755,1654,black,180+0,d4 d5 c4 dxc4 Nc3 e6 f3 c6 e4 a5,10,
1607,1499,black,180+0,Nc3 g6 d4 Bg7 d5 b6 e4 Bxc3+ bxc3 Bb7,10,
1773,1562,white,180+0,e3 e5 Nf3 d6 d4 exd4 Nxd4 Nf6 c4 Be7,10,
1454,1573,black,300+0,e4 e5 Nf3 Nc6 Bc4 Bc5 d3 h6 Nc3 Nd4,10,
1815,1873,white,180+0,d4 Nf6 c4 c5 d5 e6 Nf3 b5 e3 Bb7,10,
1742,1961,white,180+0,d4 Nf6 e3 e6 Bd3 d5 Nd2 c5 c3 Nc6,10,
1958,1923,black,180+0,f4 d5 Nf3 Nf6 e3 c5 b3 g6 Bb5+ Nc6,10,2643.78
1654,1679,white,180+0,Nf3 Nf6 d4 d6 c4 e5 Bg5 e4 Nfd2 Bf5,10,
1705,1646,white,600+0,e4 b6 Bc4 Bb7 d3 g6 Nf3 Bg7 O-O a6,10,
1664,1948,black,180+0,e4 e5 d4 exd4 Nf3 d6 Bc4 Nf6 Nxd4 Be7,10,
1500,1440,white,-,e4 e5 Nf3 Nc6 d4 f6 Bc4 Bd6 dxe5 fxe5,10,25033.75
1887,2174,black,180+0,d4 d5 c4 e6 Nc3 Nf6 Nf3 Be7 Bg5 c6,10,
1801,1985,white,120+0,e4 e5 Nf3 Nf6 Bc4 Bc5 Nc3 d6 O-O Bg4,10,
1984,2062,white,300+0,d4 d5 Nf3 e6 g3 Nf6 Bg2 Nbd7 O-O c5,10,
1849,1892,white,300+0,e4 c5 Nc3 Nc6 f4 e5 fxe5 Nxe5 Nf3 Nxf3+,10,
1382,1277,white,120+0,e4 e5 Nf3 Nc6 Bc4 h6 d3 Nf6 a3 Be7,10,
1378,1597,white,300+0,e4 e5 d4 Nc6 d5 Nce7 Bg5 f6 Bh4 Ng6,10,
1402,1469,black,300+0,e4 d6 d4 Nf6 d5 Nxe4 f3 Nf6 c4 e6,10,
1938,1892,black,30+0,d4 c5 e3 cxd4 exd4 d5 c3 Nc6 Be2 e6,10,
1598,1696,black,300+0,e4 d6 Nc3 Nf6 Nf3 g6 e5 dxe5 Nxe5 Nbd7,10,
1743,1842,black,60+0,d4 d5 c4 e6 Nc3 Nf6 Nf3 Be7 e3 Nbd7,10,
1836,1583,draw,600+0,e4 e5 Nf3 d6 Bc4 h6 d3 g6 O-O Bg7,10,
2601,2048,white,30+0,b3 Nf6 Bb2 e6 Bxf6 gxf6 Nc3 Bg7 e3 O-O,10,
2149,2358,black,180+0,d4 Nf6 c4 e6 g3 d5 Bg2 Be7 Nf3 O-O,10,
1513,1513,white,30+0,b3 Nf6 Bb2 d6 Bxf6 e5 Bxg7 Bxg7 c3 Rg8,10,
2119,2103,black,30+0,g3 g6 Bg2 Bg7 Nf3 Nc6 O-O d5 d4 Nf6,10,
2534,1363,white,30+0,Nf3 d6 g4 e5 g5 f6 gxf6 gxf6 e4 Be6,10,
1619,2000,black,30+0,e4 d6 Nf3 Nf6 e5 dxe5 Nxe5 g6 Nxg6 fxg6,10,
1808,1578,draw,30+0,c3 d5 d4 c5 Nf3 Nc6 dxc5 Nf6 g3 e5,10,
1766,1698,white,300+0,e4 e5 Nf3 d6 d4 exd4 Nxd4 Bd7 Bd3 Nc6,10,6086.66
2074,2021,draw,30+0,e4 e6 Nf3 d5 exd5 exd5 d4 c6 c4 Nf6,10,
1958,2561,black,30+0,e4 c6 d4 d5 e5 c5 Nf3 cxd4 Bb5+ Nc6,10,
2394,1699,black,30+0,d4 d5 Bg5 e6 Bxd8 Kxd8 c4 Ke8 cxd5 exd5,10,
1991,2031,black,30+0,g3 c5 Bg2 d5 e3 Nc6 Ne2 Nf6 d4 e5,10,
1983,1998,black,30+0,e4 e5 Nf3 Bc5 Bc4 Bxf2+ Kxf2 f5 d4 Nf6,10,
2120,1803,white,30+0,e3 e5 d4 exd4 exd4 Nc6 Nf3 d5 Be2 Be6,10,
1780,1701,black,60+2,d4 Nf6 c4 e6 Nc3 d5 e3 c5 dxc5 Bxc5,10,
1303,1256,black,60+0,d4 e6 Bf4 d5 Nf3 Nc6 e3 Bd6 Bxd6 Qxd6,10,
1583,1516,white,180+0,e4 e5 Nf3 Nc6 d4 Qe7 d5 Nd8 b3 c6,10,
1787,1753,white,480+0,d4 e6 e4 d5 e5 c5 c3 Bd7 Nf3 b5,10,
1737,1666,black,1200+0,e4 c5 Nf3 Nc6 d4 cxd4 Nxd4 e5 Nxc6 bxc6,10,
1115,1127,black,600+0,e4 e5 Bc4 d6 Nc3 Nh6 d3 a6 h4 b5,10,
1763,1809,black,600+0,e4 e5 Bc4 Nf6 Nf3 Bd6 Nh4 O-O Nf5 Bc5,10,
1931,1989,black,180+0,e4 e5 Nf3 Nc6 Bb5 Nd4 Nxd4 exd4 O-O Qg5,10,
1590,1503,white,480+0,e3 d5 a3 e5 Qh5 e4 Nc3 Nf6 Qe5+ Be7,10,
1506,1707,black,0+2,d4 e6 c4 c5 dxc5 Bxc5 Nc3 Nc6 Nf3 Nf6,10,
1305,1273,white,600+0,e4 c5 d4 Nc6 d5 Nd4 c3 Nb5,8,
1593,1635,white,180+0,e4 d5 exd5 Qxd5 Nc3 Qd8 Nf3 e6 d4 Nf6,10,4191.88
1526,1447,black,1800+0,d4 d5 e3 Nf6 Nc3 Nc6 h3 Bf5 Nf3 Nb4,10,6313.66
1778,1965,draw,60+0,d4 Nf6 g3 g6 Bg2 Bg7 e4 O-O e5 Ne8,10,
1379,1383,white,600+0,e4 d5 exd5 Qxd5 Nc3 Qa5 Nf3 c6 Bc4 e6,10,
1309,1500,white,0+4,d4 d5 e3 Bg4 c3 e6 Qxg4 Qg5 Qxg5 f6,10,216.1
1335,1351,white,600+0,e4 e5 Qh5 Nc6 Bb5 g6 Qf3 Nf6 Ne2 Nd4,10,
1974,2018,white,300+2,e4 c5 Nf3 Nc6 Bb5 e6 Bxc6 bxc6 O-O d5,10,
1754,2587,black,30+0,e4 e6 Nc3 d5 Nf3 dxe4 Be2 Nd7 Nxe4 Ngf6,10,
1797,1750,black,600+0,e4 e5 f4 exf4 Nf3 Qe7 Nc3 Nf6 e5 Ng8,10,
1248,1554,black,360+0,e4 f5 d4 fxe4 c4 Nf6 f4 exf3 gxf3 d6,10,
2146,1468,white,300+0,d4 d5 c4 dxc4 Nf3 b5 e3 a6 a4 c6,10,
1957,1849,white,300+0,d4 Nf6 Bg5 Ne4 Bf4 d5 f3 Nd6 e3 g6,10,
1867,1755,white,180+2,g4 e5 Bg2 d5 c4 c6 cxd5 cxd5 Qb3 Ne7,10,80.76
1821,1688,white,300+0,d4 d5 c4 Nf6 Nc3 e6 Bg5 Nbd7 e4 dxe4,10,
1735,1593,white,300+0,e4 e5 Nf3 d6 Bc4 Nf6 d3 Be6 Bxe6 fxe6,10,
1286,1684,black,60+0,d4 c5 Qd3 cxd4 Nf3 Nc6 Nc3 dxc3 bxc3 Nf6,10,
1696,1677,white,60+0,d4 Nf6 f4 g6 e3 Bg7 Nf3 d5 Bd3 Nbd7,10,
2082,1950,draw,300+0,e4 d6 d4 g6 Nc3 Bg7 Nf3 Nf6 Be2 O-O,10,
1829,1929,black,300+5,g4 e5 Bg2 d5 c4 d4 Qb3 Nc6 Nf3 Bxg4,10,3012.51
1964,1899,black,300+0,d4 d6 c3 e5 e4 f5 exf5 Bxf5 Bd3 Bxd3,10,
1732,1716,draw,300+2,e4 e5 Bc4 Nf6 d3 Be7 h3 d6 Bg5 h6,10,
1666,1748,white,300+8,e4 e5 Nf3 Nc6 Bb5 Nd4 Nxd4 exd4 O-O c6,10,
1687,1719,white,600+0,b4 e5 Bb2 Bxb4 Bxe5 Nc6 Bxg7 Qe7 Bxh8 Nd4,10,
1996,1917,black,600+0,e4 e5 Nc3 d6 f4 f6 Nf3 c5 Bc4 Nc6,10,
1817,1901,white,300+5,d4 d5 c4 Bf5 Nc3 e6 Nf3 Nf6 Bg5 c5,10,
2090,1871,black,600+0,d4 e6 c4 d5 Nc3 c6 Nf3 a6 Bf4 Nd7,10,
1325,1408,white,300+3,e4 c6 Nf3 d5 exd5 cxd5 d4 Bg4 c3 Nf6,10,
1576,1614,black,60+0,e4 e6 d4 d5 e5 c5 Nf3 cxd4 Nxd4 Nc6,10,
1385,1572,white,300+4,d4 d5 e3 Bf5 Nf3 Nf6 a3 e6 b4 a5,10,
1812,1987,black,120+0,e4 c5 Nc3 Nc6 a3 g6 Bc4 Bg7 Ba2 e6,10,
1207,1482,black,180+5,e4 Nf6 e5 Nd5 Bc4 e6 Bxd5 exd5 d4 Qe7,10,
1376,2202,black,30+0,e3 e6 d3 d6 f3 Ne7 e4 a6 c3 c5,10,
2193,1927,black,30+0,e4 d5 exd5 Qxd5 Nc3 Qd6 Nf3 c6 Be2 Nf6,10,
1918,1853,white,30+0,e4 c5 c3 Nc6 d4 cxd4 cxd4 d5 e5 e6,10,
1565,2115,black,30+0,e4 d5 d3 Nf6 exd5 Nxd5 Nc3 Nb6 Nf3 N8d7,10,
1947,1951,black,30+0,e4 b6 Nf3 Bb7 Nc3 g6 d4 Bg7 Bd3 h5,10,
2147,1577,white,30+0,e4 Nc6 d3 e5 Nd2 Nf6 g3 h6 Bg2 Bb4,10,
1811,1821,white,180+3,Nf3 Nf6 g3 e6 Bg2 d5 d3 c5 c3 Nc6,10,54.0
1196,1157,white,300+0,e4 e5 Bc4 Nf6 Nc3 a6 Nf3 h6 Nxe5 b5,10,
1990,1961,white,1200+0,e4 e5 Nf3 Nc6 d4 exd4 Bc4 Nf6 c3 Bc5,10,1798.76
1509,1598,white,420+0,d4 d5 e4 dxe4 Nc3 Bf5 f3 Nf6 Bg5 exf3,10,
1695,1656,draw,300+0,e4 d6 d4 Nf6 Bd3 Bg4 Nf3 e5 d5 Qe7,10,
2061,2229,black,180+0,e4 d6 d4 Nf6 Nc3 g6 f3 Bg7 Be3 O-O,10,
1885,1673,white,180+1,b4 e5 Bb2 e4 e3 f6 a3 d5 c4 Nh6,10,
1424,1928,white,120+9,d4 e6 e4 c5 d5 d6 Nc3 Nf6 Nf3 Be7,10,
1629,1531,black,300+0,e4 e5 d3 Bc5 g3 d6 Nf3 h6 Bg2 Nf6,10,
1449,1484,black,30+0,c4 f5 d3 e5 e3 d6 Nf3 Nc6 Be2 f4,10,237.5
1213,1465,black,120+3,e4 e5 Nc3 g6 Nf3 Bg7 Bb5 b6 O-O Bb7,10,
1535,1643,white,120+1,g3 c6 Bg2 d5 d3 e6 e4 g6 e5 Bg7,10,
1346,1467,white,180+0,e4 c5 Bc4 d6 Qf3 e6 Nh3 Nf6 d3 Nc6,10,1556.15
1519,1573,draw,300+2,g3 e5 Bg2 d5 b3 e4 Bb2 Be7 e3 Bf6,10,
1781,1703,black,120+0,d4 d5 Nf3 e6 c4 Be7 Nc3 Nf6 Bf4 dxc4,10,
1335,1378,black,300+0,e4 e5 Nc3 Nc6 b3 Nf6 Bb2 Bb4 Nf3 Bxc3,10,
1402,1476,black,60+0,d4 e6 c4 Be7 Nc3 Nf6 Bf4 O-O e3 d6,10,
1922,2632,black,30+0,e4 e6 d4 Ne7 f4 d5 e5 h5 Bd3 Nf5,10,2650.08
1462,1524,white,600+0,d4 d5 c4 dxc4 e3 e6 Bxc4 Bb4+ Nc3 e5,10,
1257,1300,white,300+0,e4 e5 Bc4 d6 c3 Be6 Bxe6 fxe6 d4 Nf6,10,
1981,1859,black,180+0,f4 c5 e3 d6 c3 Nc6 d4 cxd4 exd4 e6,10,
1885,1698,white,180+0,e4 e6 c4 d6 d3 Bd7 Nf3 Qe7 Nc3 a6,10,
1575,1670,white,300+0,e4 e5 Nf3 Nc6 Bc4 Be7 c3 Nf6 d3 O-O,10,
1616,1559,white,180+2,e4 c5 Nf3 d6 d4 cxd4 Nxd4 Nf6 Nc3 g6,10,
1555,1824,black,180+0,e4 e5 Nf3 Nc6 Bb5 a6 Bxc6 dxc6 Nc3 f6,10,
2020,1975,black,180+2,d4 f5 e4 fxe4 Nc3 Nf6 Bg5 c6 Bxf6 exf6,10,
1328,1505,white,300+0,d4 e5 Bf4 exf4 Nc3 d5 e3 fxe3 fxe3 Be7,10,
1787,1999,white,180+0,d4 c5 e3 e6 c3 Nf6 Nd2 cxd4 exd4 d6,10,
1367,1356,black,180+2,e4 e5 Qh5 Nc6 Bb5 g6 Qd1 Nf6 d3 d6,10,
1681,1656,white,60+0,d4 d5 c4 dxc4 Nc3 Nf6 e4 e6 Bxc4 Bb4,10,110.36
1849,2012,white,60+8,d4 Nf6 c4 g6 Nc3 Bg7 e4 d6 Nf3 O-O,10,2053.18
1986,2044,white,180+0,c3 c5 Nf3 Nc6 d4 Nf6 Bf4 cxd4 cxd4 d5,10,
1567,1494,black,300+6,e4 c5 Nf3 Nc6 Bb5 Qb6 Nc3 d6 d4 cxd4,10,
1804,1773,white,180+2,e4 e5 Nf3 Nc6 d4 exd4 Bc4 Nf6 O-O Bc5,10,
1987,1691,white,30+0,g3 e5 Bg2 d5 Nf3 d4 Nxe5 Nc6 Nxc6 bxc6,10,
1838,1915,white,600+0,e4 e5 Nf3 Nc6 Bc4 Nf6 Nc3 Nxe4 Nxe4 d5,10,3416.97
2116,2095,draw,120+0,d4 c6 c4 d5 e3 e6 a3 f5 Nf3 Nf6,10,
1956,1908,draw,180+0,d3 e6 g3 Nf6 Bg2 Be7 Nd2 O-O e4 d5,10,
1975,1901,white,30+0,e4 d5 d4 dxe4 Nc3 f5 Be3 Nf6 Bc4 c5,10,
1887,1967,white,180+0,Nf3 Nf6 g3 c6 Bg2 d6 d4 Qa5+ c3 g5,10,
1471,1516,white,300+0,e4 c5 Nf3 e6 d4 d5 Bb5+ Bd7 Bxd7+ Qxd7,10,
2383,2252,white,60+1,b3 e6 Bb2 Nf6 f4 Be7 Nf3 O-O e3 b6,10,
1520,1411,white,420+0,e4 e5 d3 Nf6 Bg5 g6 Qf3 Bg7 h4 h6,10,
1940,1586,black,180+2,d4 d5 c4 Bf5 Nf3 Nf6 Nc3 Ne4 cxd5 Nxc3,10,
1526,1460,black,900+0,e4 e5 Nf3 d6 Bc4 Qf6 Nc3 Be6 Bxe6 Qxe6,10,
1758,1692,black,30+0,d4 Nf6 c4 e6 Nc3 d5 Nf3 Bb4 cxd5 Bxc3+,10,
1633,1507,white,300+4,e4 c5 Nf3 d6 d4 cxd4 Nxd4 Nf6 Nc3 a6,10,
1618,1481,white,900+0,g3 e5 e4 Nc6 c3 d5 Qe2 d4 d3 Bd6,10,
1595,1526,black,600+0,e4 d5 e5 Nc6 d4 g6 c3 f6 Nf3 fxe5,10,
1804,1877,black,30+0,e4 g6 Nc3 Bg7 Bc4 Bxc3 dxc3 e6 Nf3 Ne7,10,
1442,1137,white,900+0,d4 e6 e4 d5 e5 c5 c4 Nc6 Nf3 h5,10,
1958,1727,white,300+2,d4 d5 e4 dxe4 Nc3 c6 f3 exf3 Nxf3 Bg4,10,
1728,1798,white,180+0,d4 e6 c4 c5 d5 d6 Nc3 e5 e4 f5,10,
1707,1758,white,1200+0,e4 e5 Nf3 Nc6 Bc4 Bc5 c3 Nf6 d3 h6,10,
1237,1321,white,180+0,e4 c5 Nf3 Nc6 d4 e6 dxc5 Bxc5 Nc3 Qa5,10,
1739,1727,white,60+0,e4 Nc6 d4 e5 d5 Nce7 Nc3 Ng6 Nge2 Nf6,10,
1594,1615,white,60+0,e4 e5 d4 Nc6 d5 Nb8 Nf3 c6 d6 Qf6,10,
1081,1622,black,600+0,d4 d5 Nc3 Bf5 e3 Qd7 e4 dxe4 Bb5 c6,10,
1142,2228,black,30+0,e4 c6 Nf3 d5 exd5 cxd5 Nc3 Nc6 Bb5 Nf6,10,
1647,1620,white,1140+9,d4 d5 c4 dxc4 e4 Nc6 Nf3 Bg4 Bxc4 Bxf3,10,87.32
1377,1566,black,420+0,e4 e5 Nf3 Nc6 Bc4 Nd4 Nxe5 Qg5 Bxf7+ Kd8,10,11241.22
1745,1682,draw,300+0,d4 d5 c4 dxc4 e4 e6 Qa4+ c6 Qxc4 Nf6,10,
1938,1991,black,300+0,e4 d5 Nf3 dxe4 Ng5 e5 d3 exd3 Bxd3 Be7,10,
1239,1308,black,120+1,d4 d5 Nc3 Nf6 Bf4 e6 e3 Bb4 a3 Bxc3+,10,
1611,1635,black,300+0,e4 e5 Nf3 d6 d4 Bg4 dxe5 Bxf3 Qxf3 dxe5,10,
1080,1167,black,300+0,e4 d5 Nf3 dxe4 Ne5 f6 Nc4 Be6 d4 b5,10,
2093,2063,white,60+0,g3 Nf6 Bg2 c6 c4 d5 Nf3 Bf5 O-O e6,10,
1195,1109,white,180+3,Nf3 e5 Nxe5 Qg5 d4 d6 Bxg5,7,
1628,1680,white,300+0,e4 c5 Bc4 e6 Nc3 a6 a4 d5 exd5 exd5,10,
1870,1868,white,120+0,e4 e5 Nf3 Nc6 d4 exd4 Nxd4 Bc5 Be3 Qf6,10,
1315,1349,white,45+3,d4 d5 Nc3 e6 e4 Nf6 Bg5 Bb4 Qd2 c5,10,
1221,1500,white,300+3,e4 e5 Nf3 c6 Nxe5 d5 exd5 cxd5 Bb5+ Bd7,10,
1953,1673,white,30+0,Nf3 e6 g3 c5 Bg2 Nc6 d3 d5 e4 e5,10,
1735,1456,white,300+0,d4 e6 Bf4 d5 e3 Nc6 Nf3 Nf6 c3 b6,10,
1600,1588,white,600+0,e4 e5 Nf3 Nc6 Bc4 Nf6 Ng5 d5 exd5 Nxd5,10,
1810,1848,white,300+0,e4 e5 Nf3 Nc6 Bb5 a6 Ba4 b5 Bb3 Nf6,10,
1818,1681,white,300+0,e4 d6 d4 Nf6 Bd3 e5 c3 Be7 f4 O-O,10,155.41
1537,1594,white,300+0,e4 d6 d4 Nd7 Nf3 e5 d5 f5 Nc3 Ngf6,10,1755.98
1579,1441,black,480+0,e4 e5 Nf3 Qf6 Bc4 Bc5 O-O Nh6 h3 O-O,10,
1664,1702,white,600+15,e4 e5 g3 Nf6 d3 d5 Bg2 dxe4 Bg5 exd3,10,
1613,1713,white,120+0,e4 g6 Nf3 Bg7 e5 d6 d4 dxe5 Bc4 e6,10,
1743,1881,white,300+8,e4 g6 d4 Bg7 c3 Nf6 Bd3 O-O e5 Nd5,10,12439.88
1794,1737,white,30+0,e4 b6 Ba6 Bb7 Bxb7 Na6 Bxa8 Qc8 Nc3 Qxa8,10,
2023,2149,black,300+2,d4 d5 c4 c6 Nf3 Nf6 g3 Bg4 Bg2 Nbd7,10,
1522,1535,black,120+0,d4 d5 Bf4 c6 e3 e6 Nf3 Nf6 Bd3 Be7,10,88.84
2006,2033,black,180+0,d4 f5 Nf3 Nf6 Bg5 e6 Bxf6 Qxf6 c3 d5,10,
1305,1338,white,300+1,e4 e5 Nf3 d6 d4 f6 dxe5 fxe5 Nc3 Nf6,10,111.47
1488,1616,black,60+2,e4 d5 e5 e6 d4 c5 Bb5+ Bd7 Bxd7+ Nxd7,10,
1996,1957,white,60+0,d4 Nf6 c4 e5 dxe5 Ng4 Nf3 Bc5 e3 Qe7,10,
1325,1802,black,720+0,e4 c5 d3 e6 a3 Ne7 Nf3 Ng6 h3 Nc6,10,
1904,1927,black,30+0,d4 d6 Bf4 e5 Nf3 exf4 e3 Nf6 exf4 Be7,10,
2252,2399,black,180+0,e4 g6 d4 Nf6 e5 Nh5 Be2 Ng7 h4 d6,10,
1553,1468,white,300+0,e4 c5 Nf3 d6 h3 Nc6 d4 cxd4 Nxd4 Nf6,10,
1452,1738,black,180+0,e4 e5 Nf3 Nc6 Bc4 Nf6 d3 d6 Ng5 Be6,10,
1981,1912,black,180+0,b3 Nf6 Bb2 d5 d3 g6 Nd2 Bg7 g3 O-O,10,
1790,1782,white,60+0,e4 e5 Nf3 d6 d4 g6 Nc3 Nd7 Be3 Bg7,10,
1671,1363,white,30+0,e4 e5 Nf3 d6 d4 Bg4 dxe5 dxe5 Qxd8+ Kxd8,10,
1892,1946,black,180+2,c4 Nf6 Nc3 g6 Nf3 Bg7 d4 d5 Bg5 c6,10,2676.13
1801,2031,black,30+0,e4 c5 Bc4 e6 f4 a6 f5 b5 fxe6 dxe6,10,
1730,2047,black,30+0,d4 d5 c4 c6 Nc3 e6 cxd5 Nf6 dxe6 Bxe6,10,
1612,1722,black,30+0,d4 h6 Nf3 a6 e3 e6 Be2 d6 O-O Ne7,10,
1887,1883,white,180+0,d4 Nf6 c4 c5 Nc3 cxd4 Qxd4 Nc6 Qd1 g6,10,
1386,1622,black,300+8,c4 e5 d3 d5 cxd5 Qxd5 Nc3 Qa5 Nf3 Nc6,10,54.33
1459,1463,white,300+0,d4 d5 c4 dxc4 e3 Be6 Nc3 c6 a4 Nf6,10,
1500,1383,white,300+0,e4 c5 Nf3 Nc6 Bc4 e6 h3 Nf6 O-O Nxe4,10,
2089,2055,white,180+0,e3 e5 d3 d6 e4 Be6 c4 f5 Nc3 f4,10,4615.26
2534,2603,black,30+0,Nf3 d5 g3 e6 Bg2 Nf6 O-O Be7 d3 O-O,10,
1343,2129,black,30+0,e4 Nc6 Nf3 e5 d4 exd4 c3 d5 Bc4 dxc4,10,
1757,1855,white,300+0,g3 d5 Bg2 c5 c3 Nc6 a4 Nf6 d3 e5,10,
1386,1358,black,240+1,e4 e6 Nc3 d5 exd5 exd5 d4 c6 Bd3 Nf6,10,
1731,1789,white,120+1,e4 c6 d4 d5 Nc3 g6 e5 Bg7 f4 Nh6,10,
1598,1618,white,600+0,e4 d5 exd5 Qxd5 Nf3 Nf6 c4 Qe4+ Be2 Bg4,10,
1910,1983,white,780+1,e4 e6 d4 d5 Nc3 dxe4 Nxe4 Nf6 Bg5 Bb4+,10,
1311,1738,black,600+0,e4 g6 d4 Bg7 Bc4 d6 d5 e6 Nf3 Ne7,10,
2120,2115,black,180+2,e4 c5 Nf3 e6 d3 b6 g3 Bb7 Bg2 d6,10,
1905,1610,white,180+0,d4 d5 Nc3 e6 Bf4 Nf6 e3 Bd6 Bxd6 cxd6,10,
1449,1318,white,300+0,e4 c5 Nf3 Nc6 Nc3 e6 Bb5 d5 d4 b6,10,
1464,1662,white,600+0,e4 e5 Bc4 Nf6 Nc3 Nxe4 Nxe4 d5 Bxd5 Qxd5,10,
1921,1400,white,600+0,e4 e5 Nf3 d5 exd5 Qxd5 Nc3 Qd7 Nxe5 Qe7,10,
1858,1957,black,600+0,e4 d6 d4 Nf6 Nc3 g6 Bc4 Bg7 Be3 c6,10,
1424,1356,white,300+0,e4 e5 Nf3 Nf6 Nc3 Bb4 d3 Bxc3+ bxc3 Nc6,10,
1634,1863,black,600+0,e4 c6 f4 d5 e5 Bf5 Nf3 e6 d4 c5,10,
1915,2015,white,600+0,e4 e5 Nf3 Nc6 Bc4 Nf6 O-O Nxe4 Re1 d5,10,
1680,1843,black,60+0,e4 c5 e5 e6 Nf3 Nc6 c3 Qb6 d4 cxd4,10,
2311,2329,white,180+0,d4 Nf6 c4 e6 Nf3 Bb4+ Bd2 Qe7 g3 Nc6,10,
1807,1929,black,60+0,b4 Nf6 Bb2 e6 b5 d5 e3 c6 a4 Bd7,10,
1866,1743,black,300+0,e4 e6 d4 d5 e5 c5 c3 cxd4 cxd4 Nc6,10,
1669,1674,black,180+2,e4 c5 Bc4 e6 Nf3 Nc6 b3 Qf6 Nc3 Nd4,10,
1435,1434,white,600+0,e4 e5 Nf3 Qf6 d4 Nc6 Bg5 Qd6 d5 Qb4+,10,6680.39
1738,1722,black,60+0,e4 e5 Nf3 Nc6 b3 Nf6 Bb2 d6 Nc3 Be7,10,
1716,1643,black,180+0,d4 Nf6 c4 e6 Nc3 d5 Bg5 c6 Nf3 Be7,10,
1802,1842,white,300+0,e4 e6 Nc3 d5 exd5 exd5 d4 Nf6 h3 Bd6,10,
1524,1605,black,360+0,d4 d5 c4 dxc4 Nc3 e6 Qa4+ Nc6 Qxc4 Qxd4,10,
1695,1760,black,1200+0,e4 e5 f4 exf4 Nf3 Bc5 d4 Be7 Bxf4 Nf6,10,
1739,1500,black,900+10,e4 c5 Nf3 d6 Nc3 Nc6 d4 cxd4 Nxd4 Nf6,10,
1811,1822,white,180+0,e4 c5 Nf3 Nc6 Bc4 e6 d4 cxd4 Nxd4 Bc5,10,
1071,1067,white,900+0,e4 e5 Nf3 d6 Bc4 Nf6 Ng5 Be7 Nxf7 O-O,10,
1626,1566,white,60+3,e4 e5 f4 exf4 Nf3 Nc6 Bc4 Bd6 d4 Nf6,10,
1785,1792,white,180+0,e4 c5 f4 d6 Nf3 Nc6 Bc4 e5 d3 Be6,10,
1683,1579,white,180+2,e4 c5 c3 e6 d4 cxd4 cxd4 d5 Nc3 Bb4,10,
2080,2587,black,30+0,Nf3 d5 g3 c5 Bg2 Bg4 O-O Bxf3 d4 Nc6,10,
1311,1329,black,600+0,e4 d5 exd5 Qxd5 Nf3 f6 d4 Qe4+ Be3 Nc6,10,
1801,1950,black,600+0,e4 c5 Nf3 d5 d4 dxe4 Ne5 cxd4 Bc4 e6,10,
1669,2124,black,30+0,c3 e6 Qb3 Be7 Qc2 d5 d3 d4 c4 Nf6,10,
1722,1754,black,30+0,e4 c6 Nf3 d5 exd5 cxd5 Nc3 Bf5 d4 Nc6,10,
1801,1547,white,30+0,c3 e5 d4 d6 dxe5 dxe5 Qxd8+ Kxd8 Nf3 Be6,10,
1883,1852,white,480+0,Nf3 d5 g3 e6 Bg2 c5 d4 cxd4 Qxd4 Nc6,10,
2022,1586,black,30+0,d4 d5 c4 c6 e3 Nf6 cxd5 cxd5 Nc3 Nc6,10,
949,1217,black,300+0,e4 Nf6 e5 Ne4 f3 Ng5 f4 Ne4 a4 e6,10,1884.37
1819,1777,white,180+2,d4 d5 Nf3 Nf6 Bf4 e6 c3 Be7 e3 O-O,10,
1198,1342,white,180+0,e4 g6 Nf3 d6 Nc3 Nf6 Bc4 e5 Ng5 Qd7,10,
2562,2072,white,30+0,Nf3 e5 Nc3 e4 Nxe4 d5 Nc3 c5 d4 cxd4,10,
871,1036,white,300+0,e4 e5 Bc4 Nf6 d3 d5 Bb3 dxe4 dxe4 Qxd1+,10,341.38
1794,1875,black,120+0,e4 c6 d4 d5 Nc3 Nf6 e5 Ne4 Nxe4 dxe4,10,
1838,1761,black,600+0,d4 d5 f4 e6 Nf3 Bd6 e3 c6 Bd3 f5,10,
2233,2300,white,60+0,d4 Nf6 c4 g6 Nc3 d5 Bf4 Bg7 e3 O-O,10,
1893,1974,black,600+0,f4 e6 e4 Nc6 d4 d5 e5 Be7 Nf3 Nh6,10,
1896,1737,black,300+0,Nf3 Nc6 e3 d6 Bb5 e5 Nc3 Bd7 O-O Nf6,10,
1809,2019,black,180+0,d4 d5 e3 Nf6 Nf3 Bg4 c4 e6 b3 c5,10,
1533,1549,draw,600+0,e4 e5 Nf3 Nf6 Bc4 Bc5 Nxe5 d6 Nxf7 Qe7,10,
1760,1823,black,600+0,e4 d5 exd5 e6 Nc3 Nf6 Bb5+ c6 dxc6 bxc6,10,
1320,2368,black,30+0,e4 c5 Nf3 d5 Nc3 dxe4 Ng5 e6 Ncxe4 Nf6,10,113.65
1859,1456,white,600+7,e4 e6 d4 d5 exd5 Qxd5 c4 Qe4+ Be3 Bb4+,10,
1389,1111,white,120+0,e4 Nc6 d4 d6 d5 Ne5 Nc3 Qd7 f4 Nc4,10,
2133,1959,white,60+0,d4 c6 c4 d5 Nc3 Nf6 Nf3 Nbd7 Bg5 e6,10,
1629,1878,black,120+0,e4 c6 d4 d5 exd5 cxd5 Nc3 Nc6 Be3 Nf6,10,
1512,1505,white,240+0,e4 e5 d4 Bd6 Nf3 Nf6 dxe5 Bxe5 Nxe5 Nxe4,10,
1678,1887,black,300+0,e4 c6 d4 d5 Nc3 dxe4 Nxe4 Bf5 Ng3 Bg6,10,
1777,1757,white,360+2,e4 e6 Nf3 d5 d3 dxe4 dxe4 Qxd1+ Kxd1 Nf6,10,
2069,1702,white,180+0,e4 c5 Nf3 g6 d4 cxd4 Nxd4 Bg7 c4 Nc6,10,
1214,1450,black,300+10,e4 e5 Nf3 Nc6 h4 d5 Ng5 dxe4 Bc4 Nh6,10,
940,1510,black,300+0,e4 e6 Qg4 d5 d3 Nf6 Qd1 dxe4 dxe4 Qxd1+,10,
1917,1898,white,300+0,d4 Nf6 c4 g6 Nc3 d5 cxd5 Nxd5 Nf3 Bg7,10,
1986,1916,white,300+0,e4 e5 Bc4 Bc5 d4 Bxd4 Nf3 Nf6 Nxd4 exd4,10,
1475,1810,black,300+0,e4 e5 Nf3 d6 Bc4 Bg4 d3 c6 h3 Bxf3,10,
1721,1628,white,180+0,e4 c5 Nc3 g6 f4 Bg7 Nf3 d6 d3 Nc6,10,
1987,1886,black,180+0,e4 c5 Nc3 e6 f4 a6 Nf3 Nc6 g4 Qc7,10,
1098,1203,white,180+3,e4 e6 Nf3 d5 d3 dxe4 d4 exf3 Qxf3 Qxd4,10,
1761,1730,black,300+0,e4 e5 Nf3 d6 Bc4 Be7 d3 Nf6 O-O Bg4,10,
1250,1016,white,900+0,e4 e5 Qh5 Qf6 d3 Bb4+ c3 Ba5 Bg5 g6,10,
1686,1267,white,60+0,e4 e5 d4 d5 dxe5 Nf6 exf6 dxe4 Qxd8+ Kxd8,10,
1708,1844,white,600+5,e4 e5 Nf3 Nc6 Bc4 a6 a3 h6 Nc3 Nf6,10,
1538,1653,black,300+5,d4 c5 d5 e6 e4 exd5 exd5 d6 Bb5+ Bd7,10,
1587,1666,black,180+0,g3 e5 Bg2 d5 b3 Nf6 Bb2 Nc6 Nf3 Bc5,10,
1280,1028,white,300+0,Nf3 Nf6 Nc3 Nc6 g3 e5 e4 Ng4 Bg2 h5,10,
1880,1861,white,300+0,e4 c5 Nf3 Nc6 c3 g6 d4 Bg7 d5 Ne5,10,
1538,1500,white,300+2,d4 d6 Bf4 Nc6 e3 e6 c3 Nf6 h3 Bd7,10,
1809,1886,black,30+0,c4 g6 e3 Bg7 a3 e6 Qc2 Ne7 Nc3 O-O,10,
1188,1343,black,300+0,d4 d5 Nf3 Nf6 e3 Bg4 Be2 e6 b3 c5,10,
1922,2108,black,30+0,e4 d5 exd5 c6 Nf3 cxd5 Be2 Nc6 O-O e5,10,
1528,2003,black,30+0,b3 d5 Bb2 Nf6 Bxf6 exf6 g3 g6 Bg2 Bg7,10,
2148,2042,white,30+0,e4 c5 d3 d5 Nd2 dxe4 dxe4 Nf6 g3 e5,10,
1532,1726,black,120+0,e4 e5 f4 d5 Nf3 dxe4 Ng5 h6 Nxe4 Nf6,10,
1554,1490,white,1800+0,e4 e5 Nf3 Nc6 Nc3 Bc5 g3 d6 h3 Nf6,10,56.71
2228,2632,black,30+0,Nf3 e6 e4 d5 e5 c5 d4 Nc6 c3 Qb6,10,
1501,2009,black,30+0,e4 e5 Nc3 Bc5 Bc4 Bxf2+ Kxf2 f5 Nf3 Nf6,10,
1616,1980,black,30+0,e4 g6 e5 Bg7 d4 d6 exd6 cxd6 Nf3 e6,10,
1652,1594,white,600+0,e4 e6 Nf3 d6 Bc4 Nc6 a3 h6 d3 Nf6,10,
1799,2115,draw,30+0,d4 c5 c4 cxd4 Qxd4 Nf6 Qd1 g6 Nf3 Bg7,10,
1656,1236,black,420+2,e4 c5 Nf3 a6 d4 d6 Nc3 Nc6 d5 Na5,10,
1461,1368,white,180+0,d4 d5 Nc3 Bf5 Nf3 c6 h3 h6 g4 Be4,10,
1416,1314,black,600+0,e4 e5 d4 d5 Nc3 exd4 Qxd4 Nc6 Qe3 d4,10,
1748,1747,black,1200+0,e4 e5 Nf3 Nc6 Bc4 Nd4 Nxd4 exd4 Qh5 Qe7,10,
1500,1445,black,600+0,d4 c5 c3 c4 Nf3 b5 e4 Qa5 Bd2 e6,10,
1651,1578,draw,600+0,g4 g6 Bg2 d6 h3 Bg7 d4 Nf6 e4 Nc6,10,
1713,1500,white,0+2,d4 d5 c4 e6 Nf3 Nf6 Nc3 Be7 Bf4 O-O,10,
2062,2084,black,180+0,d4 Nf6 c3 e6 Bf4 d5 e3 Bd6 Nd2 Bxf4,10,
1952,1921,black,180+0,e4 e5 Nf3 d6 Bc4 Be6 Bxe6 fxe6 c3 Nf6,10,
2060,1824,black,300+0,e4 c5 Nf3 g6 c3 Bg7 d4 cxd4 cxd4 d5,10,3066.82
1500,1268,black,300+8,e4 e5 Nf3 Nc6 Bb5 Qf6 O-O a6 Bxc6 bxc6,10,
1667,1715,black,900+0,e4 e5 Bc4 c6 Qf3 Nf6 d3 h6 a3 d5,10,
1740,1832,black,240+0,e4 Nf6 e5 Nd5 c4 Nb6 d4 d6 f4 dxe5,10,
1542,1472,white,180+2,d4 Nf6 c4 g6 Nc3 d5 cxd5 Nxd5 e4 Nxc3,10,39.45
2053,2061,white,180+2,e4 e6 d4 d5 e5 c5 c3 Nc6 Nf3 Bd7,10,
1510,1626,black,300+7,d4 Nf6 a3 h6 Nf3 g6 c4 Bg7 Qd3 d6,10,
1784,1652,white,60+0,e4 e5 d3 Nc6 Nf3 d6 Be2 Bg4 O-O Bxf3,10,
1500,1207,white,900+15,d4 d5 Nc3 g6 Nf3 e6 e3 Bg7 Bb5+ c6,10,4402.2
1654,1846,black,180+2,e4 c5 Nf3 d6 c4 Nc6 Nc3 Bg4 Be2 Nf6,10,
1500,1666,black,60+0,d4 d5 c4 Nf6 e3 c6 Nf3 Bg4 Bd3 Bxf3,10,
1684,1714,white,180+0,e4 d5 exd5 Qxd5 c4 Qd8 Nc3 Nf6 d4 Bf5,10,
2260,2192,white,180+0,c4 d5 cxd5 Qxd5 Nc3 Qa5 Nf3 c6 g3 Nf6,10,
2019,2021,black,300+0,d4 d5 c4 dxc4 Nf3 Nf6 e3 e6 Bxc4 Bb4+,10,
2042,2042,black,420+5,e4 d5 exd5 Nf6 c4 c6 dxc6 e5 cxb7 Bxb7,10,
1147,1165,white,300+0,e4 e5 Nf3 Nc6 d4 f6 d5 Nb4 Bd2 c6,10,
1401,1512,black,300+0,Nf3 d5 e3 Bg4 b3 Nc6 Bb2 Nf6 d3 e6,10,
1705,1433,white,600+0,e4 Nc6 Nf3 e5 Bb5 d6 O-O Bd7 c3 a6,10,
1376,1167,white,300+0,d4 e6 c4 c6 e4 a5 c5 b5 Nf3 h6,10,
1612,1634,white,300+5,e4 e6 Nc3 b6 d4 Bb7 Nf3 Bb4 Bd2 Bxc3,10,
1547,1332,white,180+2,e4 e5 Nf3 d6 d4 c6 dxe5 dxe5 Qxd8+ Kxd8,10,
1933,1771,black,600+0,e4 e5 Nf3 Nc6 Bc4 Nf6 d3 Be7 Nc3 Na5,10,
1909,1592,black,600+0,e4 e5 Nf3 Nf6 d4 exd4 Nxd4 Nxe4 Bd3 d5,10,
1709,1728,black,30+0,d4 Nf6 Nf3 d5 Bf4 c6 e3 Bg4 h3 Bxf3,10,
1957,1795,black,30+0,Nf3 b6 d3 Bb7 Nbd2 d5 g3 d4 Bg2 e5,10,
1557,1778,black,180+0,e4 Nf6 Nc3 d5 e5 d4 exf6 dxc3 bxc3 exf6,10,
1919,1760,black,180+5,d4 g6 c4 Bg7 Nc3 d6 e4 Nd7 Be3 e5,10,
1962,2202,black,30+0,g3 Nf6 Bg2 g6 d4 Bg7 Nf3 O-O O-O d5,10,
1843,1938,white,30+0,d4 c6 c4 g6 Nc3 Bg7 e3 d5 Nf3 dxc4,10,
2040,1828,white,60+0,c4 Nf6 Nc3 e6 g3 d5 cxd5 exd5 Bg2 c6,10,
1451,1736,black,120+0,e4 c5 Nf3 Nc6 Bd3 Nf6 c3 d5 e5 Ng4,10,
2290,2341,white,180+0,Nf3 g6 d4 Bg7 c4 d6 Nc3 Nc6 d5 Ne5,10,
1682,1826,black,300+0,e4 Nf6 e5 Nd5 d4 d6 Nf3 dxe5 Nxe5 c6,10,
1687,1992,black,30+0,e4 d5 exd5 Qxd5 d4 Qd8 Nf3 Nf6 Bc4 e6,10,
1500,1378,white,180+0,e4 e6 d4 Qh4 Qf3 Nf6 Bd3 Qh5 Qxh5 Nxh5,10,
1897,1771,white,900+0,e4 e6 Nc3 g6 Nf3 Bg7 Be2 c6 O-O d5,10,
1385,1449,black,1800+0,d4 d5 h3 c6 Nf3 Nf6 Ne5 g6 e3 Bg7,10,
1169,1088,white,600+0,d4 Nc6 Nf3 e6 c4 Bb4+ Bd2 Nf6 d5 Ne4,10,
1576,1928,black,30+0,Nf3 e6 d4 d5 Bg5 Nf6 e3 c5 c3 Nc6,10,125.25
1877,1912,white,180+0,e4 e5 d4 Nf6 Bg5 h6 Bxf6 Qxf6 dxe5 Qxe5,10,62.8
1927,1765,white,600+0,e4 e6 c4 d5 exd5 exd5 cxd5 Qxd5 Nc3 Qe6+,10,
1297,1411,white,300+0,e4 e6 d4 d5 e5 c5 dxc5 Bxc5 Qe2 Nc6,10,
1883,1653,black,600+0,e4 e5 Nf3 Nc6 Bc4 Nf6 d3 Bc5 Bg5 a6,10,
1726,1636,black,600+1,d4 e6 e3 Nf6 Nf3 d6 Nc3 Bd7 a3 Be7,10,
1568,1773,black,600+0,e4 e5 Nf3 Nc6 d4 Nf6 dxe5 Nxe4 Qe2 Nc5,10,
1782,1927,white,600+0,e4 e6 Nf3 d5 exd5 exd5 d4 Bd6 Bb5+ c6,10,
1703,1557,white,60+0,e4 e5 Nf3 Nc6 Bb5 h6 Bxc6 dxc6 Nc3 Nf6,10,
1449,1356,white,60+0,e4 e5 Nf3 Nc6 Bc4 Nf6 Ng5 d5 exd5 Nxd5,10,
1433,1464,black,300+0,e4 d5 exd5 Qxd5 Nc3 Qe5+ Be2 Bg4 d3 e6,10,
2012,2001,white,180+0,d4 d5 c4 e5 dxe5 d4 Nf3 Nc6 a3 Nge7,10,
1951,1910,white,300+0,d4 d5 c4 e6 Nc3 Nf6 Bg5 Be7 e3 O-O,10,
1586,1606,white,300+0,e4 c5 d4 cxd4 Qxd4 Nc6 Qd1 e6 Bb5 Nf6,10,
1579,1487,black,1200+0,d4 d5 Bf4 e6 e3 h6 Bd3 g5 Be5 Nf6,10,
1932,1902,black,60+0,d4 Nf6 Nf3 d6 Bf4 g6 e3 Bg7 h3 O-O,10,
1889,1690,draw,300+0,e4 c5 Nf3 d6 d4 cxd4 Nxd4 Nc6 Nc3 Bd7,10,
1919,2156,white,60+0,e4 d5 exd5 Qxd5 Nf3 Qd6 Be2 Nf6 O-O Bg4,10,
2290,2419,black,180+0,e4 c5 Nf3 d6 Bb5+ Nd7 O-O a6 Bxd7+ Bxd7,10,
1754,1828,white,60+1,e4 e5 d4 exd4 Nf3 Nc6 c3 dxc3 Bc4 Bb4,10,
2077,1974,white,60+0,d4 d5 c4 c6 cxd5 cxd5 Nc3 e6 f3 f5,10,
1892,1984,white,30+0,g3 d5 Bg2 c6 c4 e5 cxd5 cxd5 d4 Be6,10,
1632,1410,black,780+0,e4 e5 Nf3 Nf6 Nc3 Nc6 Bc4 Nxe4 Nxe4 d5,10,3876.0
1995,2039,white,300+0,b3 e5 Bb2 f6 e3 d5 d4 e4 c4 c6,10,
2074,2144,black,0+1,Nf3 f5 g3 Nf6 Bg2 e6 d3 d5 Nbd2 c6,10,
1636,1696,draw,600+5,c4 c5 Nc3 Nc6 g3 Nf6 Bg2 e6 d3 Be7,10,41.04
1579,1619,white,180+2,e4 e6 d4 b6 c4 Bb7 Nc3 h6 f4 Be7,10,
2010,2018,white,300+0,d4 Nf6 c4 g6 Nc3 Bg7 e4 d6 Nf3 O-O,10,
1489,1502,white,120+0,d4 c5 c4 cxd4 Qxd4 Nc6 Qd1 e6 Nf3 Nf6,10,
1885,1795,black,60+1,e3 d5 d4 Nf6 c4 Bf5 cxd5 Nxd5 Nc3 Nxc3,10,
1835,1882,black,300+0,e4 e6 d4 d5 Nd2 c5 exd5 exd5 Ngf3 Nc6,10,
1923,2065,black,300+0,d4 Nf6 Nf3 e6 Bg5 b6 e3 Bb7 Be2 h6,10,
1859,1952,white,180+0,e4 Nf6 Nc3 d5 e5 Ne4 Nxe4 dxe4 Qe2 Qd5,10,
2152,2120,white,180+0,Nf3 Nc6 c4 e5 d4 e4 Ne5 Nxe5 dxe5 d6,10,
2079,1958,black,180+0,d4 e6 c4 b6 Nc3 Bb7 e4 Bb4 Bd2 d5,10,
2029,1848,white,180+0,e4 e5 Nc3 Nc6 f4 b6 Nf3 exf4 d4 Bb7,10,
1620,1805,black,180+0,e4 c5 d4 cxd4 c3 dxc3 Nxc3 Nc6 f4 e6,10,
1958,1980,white,30+0,g3 d6 Bg2 g6 c3 Bg7 d4 Nf6 Qa4+ c6,10,
2024,2052,white,180+0,d4 d5 c4 e5 dxe5 d4 Nf3 Nc6 e3 Bb4+,10,
1402,1158,white,180+0,d4 e5 d5 Bc5 c4 c6 Nc3 Qh4 e3 e4,10,
1306,1237,white,300+0,e4 e5 a3 Nf6 Nc3 Nc6 Bc4 Bc5 d3 d6,10,
2129,2116,white,30+0,d4 c5 c3 Nf6 d5 g6 c4 d6 Nc3 Bg7,10,
2000,1978,black,180+0,Nf3 e6 c3 d5 d4 Nf6 Bg5 Be7 Nbd2 O-O,10,
1796,1606,white,300+0,Nf3 e6 e3 Nc6 Bb5 Nf6 O-O a6 Ba4 b5,10,
1780,1629,white,120+1,e4 e5 Nf3 Nc6 Bc4 Be7 O-O Nf6 c3 O-O,10,
1688,1612,black,300+0,e4 e5 Nf3 Nc6 Bb5 Nge7 O-O a6 Ba4 b5,10,
1700,1706,white,180+2,e4 d5 exd5 Qxd5 Nc3 Qd8 d4 c6 Nf3 h6,10,
1685,1733,white,300+0,e4 e5 Nf3 Nc6 Bc4 Nd4 Nxd4 exd4 d3 h6,10,
1381,1627,white,300+0,d4 g6 e4 Bg7 Be3 d6 Nf3 Nd7 Bd3 e5,10,
2635,1744,white,30+0,e4 e5 d4 Nc6 dxe5 Nxe5 Nc3 Nc6 Bf4 Bb4,10,3595.71
1785,1802,black,300+0,e4 Nf6 e5 Nd5 d4 d6 c4 Nb6 Nf3 Nc6,10,
1420,1541,black,600+9,e4 c5 Bc4 d6 Bxf7+ Kxf7 Qf3+ Ke8 Qh5+ g6,10,
1917,1653,white,300+0,e4 e5 Nf3 Nc6 Bb5 d6 O-O Nf6 d3 Be7,10,86.16
1452,1683,black,900+0,e4 c5 Nf3 Nc6 d4 cxd4 Nxd4 Nf6 Nc3 e5,10,
1729,1803,white,30+0,b3 d5 Bb2 e5 Bc3 Bd6 Bb2 f6 g3 Qe7,10,
1331,1335,white,120+1,e4 d5 Nc3 d4 Nb1 e5 Nf3 c5 Nxe5 f6,10,220.64
1137,1414,white,600+0,d4 f5 e3 a6 Bd3 g6 Nf3 Nc6 O-O Nf6,10,
1286,1126,draw,180+0,e4 e5 Nf3 Nc6 Bb5 a6 O-O Bc5 Bxc6 dxc6,10,
1623,1706,black,180+0,e4 e5 Nf3 d6 g3 c5 Bg2 Nc6 a3 Be6,10,
1861,2032,black,180+0,e4 c5 b4 cxb4 d4 e6 Nf3 d5 Bb5+ Bd7,10,
784,837,white,300+0,e4 e6 Nc3 Qh4 Nf3 Qf4 g3 Qf6 e5 Qh6,10,3683.32
1762,1760,black,180+0,e4 e5 Nf3 d6 Bc4 Be6 Bxe6 fxe6 c3 Nf6,10,
1352,1597,white,300+0,d4 d5 Nf3 Nf6 e3 e6 Bb5+ c6 Bd3 Be7,10,
1709,1422,white,60+0,e4 Nh6 Nf3 g6 Bc4 Bg7 d3 f6 Be3 e6,10,
1585,1651,white,480+0,e3 e6 a3 Ne7 b4 Ng6 Bb2 d6 d3 Nc6,10,
1808,1662,black,180+2,d4 e6 Nf3 Nf6 Bg5 d5 e3 Be7 Bd3 Nbd7,10,
1726,1146,white,120+0,e4 c5 Nf3 d6 c3 Nf6 d3 Be6 h3 g6,10,
1613,1516,white,360+0,e4 d5 e5 c5 f4 e6 Nf3 b6 Bb5+ Bd7,10,
1712,1745,black,120+1,e4 c5 f4 d6 Nf3 Nc6 Bc4 Nf6 d3 g6,10,
1269,1290,black,60+0,e4 e5 Bc4 d6 Nf3 h6 c3 Nc6 d4 Bg4,10,
2125,1992,white,60+0,e4 e6 d4 d5 Nc3 dxe4 Nxe4 Nf6 Nxf6+ Qxf6,10,
1915,2176,black,30+0,e4 Nf6 e5 Nd5 d4 c5 f4 cxd4 Qxd4 Nb6,10,
1675,2113,black,30+0,e4 d5 exd5 c6 Nc3 cxd5 d3 d4 Ne4 Nc6,10,
2091,2084,draw,180+0,e4 c6 d4 d5 e5 g6 Bd3 h5 f4 Nh6,10,
1359,1730,black,30+0,e4 a6 d3 h6 f4 g6 Nf3 b6 f5 d6,10,
2225,1726,white,30+0,Nf3 b6 g3 Bb7 Bg2 d6 O-O Nd7 e4 Rb8,10,
1613,2035,black,30+0,e4 c5 Nf3 e6 d4 a6 d5 d6 c4 exd5,10,
1945,2050,black,30+0,d4 d5 Bf4 c6 e3 Nd7 Nd2 Ndf6 Ngf3 g6,10,
1883,2132,white,60+0,c4 a6 Nc3 b5 cxb5 axb5 Nxb5 Bb7 Nc3 e6,10,86.13
2002,1564,white,30+0,c4 b6 Nc3 Bb7 e3 g6 d4 Bg7 d5 Nf6,10,
1654,1540,white,900+0,e4 e5 g3 g6 Bg2 Bg7 Nc3 Nc6 Nf3 Nf6,10,333.62
1741,1717,black,300+0,b3 e5 Bb2 Nc6 e3 a6 e4 Nf6 d3 Bc5,10,
1031,1217,black,300+0,d4 d5 Nc3 c6 e4 h6 exd5 cxd5 Nf3 Bg4,10,
1342,1500,white,300+0,d4 d5 e3 Nc6 Bb5 Bd7 Nc3 a6 Ba4 e6,10,
1905,1944,black,180+0,d4 d5 c4 Nc6 cxd5 Qxd5 Nf3 Bg4 Nc3 Qd8,10,
1997,1725,white,180+0,c4 e6 Nc3 c6 Nf3 d5 cxd5 cxd5 d4 a6,10,
1978,1987,black,300+0,d4 c6 c4 d5 cxd5 cxd5 Nc3 Nf6 Bf4 e6,10,
1852,1958,black,600+2,e4 c5 c3 Nc6 Nf3 d6 Bb5 Qb6 Bxc6+ Qxc6,10,
1524,1239,white,180+0,e4 e5 Nf3 d6 Nc3 f6 d4 exd4 Nxd4 Qe7,10,
1551,1621,black,180+0,e4 e5 Nf3 Nc6 Bc4 Bc5 c3 Nf6 d4 exd4,10,
1789,1837,black,300+0,e4 e5 Bc4 Nf6 d3 Bc5 Nc3 O-O Be3 Bb6,10,
1526,1596,white,300+0,e4 c5 Nf3 Nc6 Bb5 Nd4 Nxd4 cxd4 d3 e5,10,
1868,1840,black,180+0,e3 e5 d4 exd4 exd4 Nf6 Bg5 Be7 Bc4 O-O,10,
1870,1738,black,900+0,e4 c5 Nf3 Nc6 d4 cxd4 Nxd4 Nf6 Nc3 e5,10,81.47
1827,1766,black,120+0,e4 d5 exd5 Qxd5 d4 Qd8 c4 Nf6 Nc3 e6,10,
2112,2105,white,180+0,e4 c5 Nf3 d6 d3 e6 d4 cxd4 Qxd4 Nf6,10,
1062,1051,black,300+0,e4 e5 Bc4 Nf6 Nf3 Nxe4 Nxe5 d6 Ng4 Bxg4,10,
1894,1436,black,30+0,d4 Nf6 Bf4 e6 Nf3 d5 e3 Nc6 c3 Bd7,10,
1731,1765,black,60+0,e4 d5 d4 c6 Nc3 dxe4 Nxe4 Bf5 Bd3 Bg6,10,
1478,1396,white,120+0,d4 d5 a3 Nf6 h3 Bf5 Bg5 e6 Bxf6 Qxf6,10,
1539,1466,white,600+0,e4 e6 e5 d5 d4 c5 c3 Nc6 dxc5 Bxc5,10,
1885,1601,white,600+0,e4 e5 Nf3 Nc6 Bc4 h6 O-O Bc5 Nc3 Nf6,10,
1749,1739,black,120+0,d4 d5 Bf4 c6 e3 Nf6 Nf3 Bg4 Be2 Bxf3,10,7634.29
1119,1396,white,600+0,d4 c6 c4 d6 d5 Bg4 f3 Bh5 Nh3 Nf6,10,
1640,1694,black,300+5,e4 e5 Nf3 d6 d4 exd4 Nxd4 Nf6 Bg5 Be7,10,1526.66
1628,1455,white,300+0,e4 e5 Nf3 Bc5 d4 exd4 Nxd4 d6 a3 h6,10,2086.67
2273,2154,white,180+2,d4 Nf6 Nf3 c5 c3 g6 g3 Bg7 Bg2 O-O,10,
1427,1455,white,300+0,b3 Nf6 Bb2 e5 e3 d6 Nf3 Be6 Be2 g6,10,
1979,2192,black,300+0,e4 c5 d4 cxd4 f4 Nc6 a3 g6 Bd3 Bg7,10,
2053,2021,white,600+0,d4 f5 c4 Nf6 Nc3 e6 Bf4 Be7 e3 O-O,10,
1480,1442,black,180+2,e4 c5 Nf3 d6 d4 cxd4 Qxd4 a6 Nc3 Nc6,10,
1818,1753,black,600+0,e4 d6 d4 Nc6 Nf3 a6 Bc4 f6 O-O Bg4,10,
1611,1500,black,-,e4 e5 Nf3 Nc6 Bb5 a6,6,
1087,1269,black,360+2,e4 e5 Nf3 Nc6 Bc4 d6 d3 h6 O-O Nf6,10,
1611,1599,white,300+0,d4 d5 c4 Bf5 Nc3 c6 Nf3 e6 Bf4 Nf6,10,
2278,2308,draw,180+0,d4 Nf6 Nf3 d6 c4 c6 Nc3 Qc7 g3 Bg4,10,
1500,1139,black,180+3,Nf3 d5 Nc3 Nf6 g4 g5 h3 e6 h4 h6,10,
1438,1494,black,300+0,d4 d5 e3 Nc6 a3 Nf6 f3 e5 Bb5 e4,10,1869.38
1516,1548,white,300+2,f4 c6 Nf3 d5 d4 Qb6 e3 f6 Nh4 Be6,10,
1692,1400,draw,-,h4 g6 f4 h5 g3 f5 e3 Nf6 Bg2 Ng4,10,
1850,1736,draw,60+0,d4 b6 c4 Bb7 Nc3 d6 Nf3 Nd7 e4 g6,10,
1647,1684,black,180+0,e4 c5 Nc3 Nc6 Nf3 g6 Bb5 Bg7 Bxc6 bxc6,10,
2050,2054,black,180+0,e4 c5 Nf3 Nc6 d4 cxd4 Nxd4 Nf6 Nc3 e5,10,
1698,1877,black,180+0,e4 c5 Nc3 Nc6 h3 g6 Nf3 Bg7 Bb5 e6,10,
2126,2078,black,30+0,d4 g6 e3 Bg7 Nf3 Nf6 Bd3 O-O O-O h6,10,
2368,2071,white,30+0,d4 Nf6 Bf4 d5 e3 c5 Bd3 Nc6 c3 e5,10,
2589,2616,draw,30+0,d4 d5 Nf3 e6 e3 Nf6 c4 Be7 cxd5 exd5,10,
1806,2564,black,30+0,c3 c6 d4 d5 Nf3 Nf6 g3 g6 Bg2 Bg7,10,
1539,1594,black,180+0,e4 d5 exd5 Qxd5 d4 Nc6 c3 e5 Nf3 exd4,10,
1931,1926,black,300+0,d4 Nf6 c3 d5 Bg5 Ne4 Bh4 g5 Bg3 Bg7,10,
1322,1366,white,900+0,e4 e5 Nf3 f6 d4 Nc6 d5 Nb4 a3 Na6,10,
2117,2188,white,180+2,e4 b6 d4 Bb7 Bd3 f5 exf5 Bxg2 Qh5+ g6,10,2373.56
1609,1850,black,120+0,e4 e5 f4 d5 d3 dxe4 fxe5 Nc6 Nc3 Bb4,10,
1827,1692,black,60+0,f4 e6 b3 d5 Bb2 Nf6 Nf3 g6 e3 Bg7,10,
1681,1675,white,300+0,d4 d5 c4 dxc4 e3 Nc6 Bxc4 e6 Ne2 Nf6,10,
1286,1288,black,300+0,d4 d5 b3 e6 c4 dxc4 bxc4 c6 c5 Nf6,10,
1604,1584,black,60+0,e4 c5 f4 Nc6 Nf3 e6 Bc4 d5 exd5 exd5,10,
1528,1520,black,300+0,d4 d5 e3 Nc6 Bd3 e5 dxe5 Nxe5 Bd2 Nf6,10,
1670,1653,black,300+0,e4 e5 Nf3 Nc6 Bb5 Nf6 Bxc6 dxc6 O-O Bd6,10,
1457,1496,white,300+0,e4 Nf6 e5 Nd5 c4 Nb6 c5 Nd5 Bc4 e6,10,
1922,1748,white,180+0,e4 g6 d4 Bg7 Nf3 d6 c4 c5 Be3 b6,10,
1774,1765,black,120+2,d4 d5 e4 e6 Nc3 dxe4 f3 exf3 Nxf3 Nf6,10,
1768,1693,white,300+0,e4 c5 Nf3 d6 d4 cxd4 Nxd4 e5 Nb5 a6,10,
1610,2052,black,180+0,e4 e5 Nf3 Nc6 Bc4 Nf6 Ng5 d5 exd5 Na5,10,
1773,2216,black,180+0,e4 Nf6 e5 Nd5 c4 Nb6 d4 d6 Nf3 g6,10,
1594,1634,white,600+0,e4 c6 Bc4 d5 exd5 cxd5 Bb5+ Bd7 a4 Bxb5,10,
2078,1446,white,180+0,d4 e6 c4 Nf6 Nc3 c6 e4 Bb4 Bg5 d5,10,
1774,1867,white,600+0,d4 g6 e3 Bg7 Nd2 d5 Ngf3 Nc6 c3 Bg4,10,
1652,1613,black,600+0,d4 d5 c4 e6 Nc3 c6 cxd5 cxd5 e4 Nc6,10,
1607,1705,black,600+0,d4 d5 Nf3 Nf6 a3 Nc6 Nc3 Bg4 Bf4 a6,10,
1953,2139,white,60+0,Nf3 g6 d4 Bg7 c4 Nf6 Nc3 c5 e4 cxd4,10,
2013,1678,white,180+0,d4 d5 c4 e6 Nc3 c5 cxd5 exd5 Nf3 cxd4,10,42.89
2000,1656,white,180+0,d4 d5 Nf3 Bg4 Nbd2 h6 h3 Bh5 g4 Bg6,10,
1756,1625,black,600+0,d4 d5 c4 dxc4 Nc3 Nf6 e3 e6 Bxc4 Bd6,10,
1772,1691,white,1200+0,e4 e5 Nf3 Nc6 Bc4 Nf6 Nc3 Nxe4 Nxe4 d5,10,
2042,2231,black,600+0,e4 e6 d4 d5 Nc3 Nf6 Bg5 Be7 e5 Nfd7,10,19.95
2006,1985,white,300+2,c4 c5 Nc3 g6 g3 Bg7 Bg2 Nf6 d3 Nc6,10,
1902,1729,white,180+0,e4 d6 d4 Nd7 Nc3 g6 Bc4 Bg7 Nf3 e6,10,
1806,1871,draw,300+8,e3 e5 b3 d5 Bb2 Nc6 Bb5 Bd6 Nf3 Qe7,10,
1680,1760,black,900+0,c4 g6 Nc3 Bg7 g3 b6 Bg2 c6 Nb5 Bb7,10,
1665,1692,black,420+0,c4 Nf6 Nc3 d5 cxd5 Nxd5 g3 c6 Bg2 e6,10,
904,1356,black,600+3,e4 e5 Bc4 Nc6 d3 Nf6 Ne2 Bc5 O-O O-O,10,6437.04
1500,1501,black,600+0,e4 e5 Qh5 d6 Nc3 Nf6 Nf3 Nxh5 Bc4 Be6,10,8049.43
1667,1668,white,180+0,e4 e5 Nf3 Nf6 Nxe5 d6 Nf3 Nxe4 Nc3 Nxc3,10,
1332,1444,white,600+0,e4 e5 f3 Nf6 d4 exd4 Qxd4 Nc6 Qd2 Bc5,10,
1564,1306,white,300+0,e4 e5 Nf3 Nc6 Bc4 Nf6 Nc3 Bc5 d3 O-O,10,
1435,1621,white,900+0,d4 d5 c4 e6 e3 c6 c5 Nf6 Nc3 Be7,10,
1815,1766,black,60+1,e4 g6 d4 Bg7 Nf3 d5 exd5 Qxd5 c4 Qh5,10,
2075,2223,black,180+0,e4 c5 Nf3 d6 d4 cxd4 Qxd4 a6 Be3 Nc6,10,
1639,1608,white,300+0,e4 e5 Nf3 d6 Bc4 Bg4 d3 Qf6 Nbd2 Ne7,10,
1527,1724,black,180+0,e4 c5 Nc3 d6 f4 e6 Nf3 a6 Be2 Nc6,10,
1610,1600,white,300+0,e4 e5 f4 d5 exd5 Qxd5 Nf3 exf4 Nc3 Qh5,10,
1314,1497,black,120+0,e4 e5 f3 Nf6 Bc4 d6 d3 h6 Be3 Nc6,10,
1308,1344,draw,300+0,e4 Nc6 d4 g6 Nf3 Bg7 Nc3 d6 d5 Ne5,10,
1653,1604,black,600+0,e4 e5 c4 c5 d3 d6 Nc3 Nc6 Nf3 Nf6,10,
1973,1524,white,30+0,e4 d5 Nf3 dxe4 Ng5 Nf6 Bc4 Nc6 Bxf7+ Kd7,10,
1567,1460,black,300+0,e4 d5 exd5 Qxd5 Nc3 Qa5 Nf3 Bf5 Bc4 e6,10,
1653,1797,black,600+0,e4 e6 d4 d5 exd5 exd5 Nf3 Bg4 c4 dxc4,10,
1251,1688,black,60+0,e4 c5 Qh5 e6 Nc3 Nf6 Nf3 Nxh5 d3 Nc6,10,13973.25
1706,1526,black,30+0,e4 b6 Nc3 Bb7 Nf3 Bxe4 d3 Bxf3 Qxf3 c6,10,
1413,1405,white,240+0,d4 e6 c4 d5 cxd5 exd5 a3 Nf6 Nc3 g6,10,
1542,1320,black,30+0,d4 d5 e3 Nc6 Nf3 Nf6 Bd3 Bg4 c3 Bxf3,10,
1744,1703,white,30+0,d4 e6 c4 h5 Nc3 Nh6 Nf3 Qe7 h4 Rg8,10,
2004,2635,black,30+0,e4 Nc6 d4 d5 exd5 Qxd5 Nf3 Bg4 c4 Qe4+,10,
1680,2197,black,480+0,Nf3 Nc6 Ng5 e5 Nxf7 Kxf7 e4 Qh4 Bc4+ Ke8,10,
1667,1931,black,30+0,e4 e6 Bd3 d5 Nc3 dxe4 Bxe4 f5 Bf3 Nf6,10,
1148,1175,white,300+0,e4 e5 Nf3 Nc6 Bb5 a6 Bxc6 bxc6 d3 Nf6,10,
1918,1879,white,60+0,e4 c5 Nf3 Nc6 d4 cxd4 Nxd4 g6 Nxc6 dxc6,10,
1894,1784,white,30+0,g3 b6 Bg2 Nc6 b3 Bb7 Bxc6 Bxc6 f3 d6,10,
2235,2086,white,180+0,d4 Nf6 c4 e6 Nc3 Bb4 Nf3 b6 Bg5 h6,10,
1747,1642,white,120+2,e4 d5 exd5 Qxd5 d4 h5 Nf3 Nc6 c4 Qe4+,10,
1337,1126,white,60+0,e4 c6 d4 d5 exd5 cxd5 Nc3 Nc6 Nf3 Bf5,10,
1580,1552,white,120+3,e4 c5 Bc4 e6 Nf3 Nc6 d4 d5 exd5 exd5,10,
1546,1571,black,-,e4 e5 Nf3 Nc6 Nc3 Nf6 d4 exd4 Nxd4 Nxd4,10,
1780,1972,black,180+0,e4 c5 Nf3 d6 d4 cxd4 Nxd4 e5 Nb5 a6,10,1332.67
2149,2154,white,300+5,e4 c5 Nf3 d6 d4 cxd4 Nxd4 Nf6 Nc3 a6,10,
1830,1916,white,120+0,d4 e6 e4 d5 exd5 exd5 Bd3 Nf6 h3 Be7,10,
1559,1553,black,600+0,d4 d6 e3 c5 d5 Nf6 Nc3 e5 e4 Bg4,10,
1195,1240,draw,600+0,e4 e5 Nf3 d6 Bc4 Nf6 Ng5 Qe7 d3 h6,10,
1673,1622,white,600+0,e4 c5 Qh5 d6 Bc4 e6 d3 Nf6 Qf3 d5,10,
1879,1811,black,180+2,g3 c6 Bg2 d5 d3 Nf6 c4 dxc4 dxc4 Qxd1+,10,
1453,1420,white,600+0,d4 d5 Nc3 e6 e4 c5 Nf3 b6 e5 Bb7,10,
1925,1935,white,180+0,e4 e6 d4 d5 exd5 exd5 Nf3 Bd6 Bd3 Ne7,10,
1215,1256,white,120+1,e4 d5 e5 Nc6 d4 e6 f4 Bb4+ c3 Be7,10,5260.28
1692,1582,black,180+0,d4 d5 Nf3 e6 Bf4 Nf6 e3 Nbd7 c4 b6,10,
1495,1719,black,0+2,d4 e6 c4 d5 Nc3 dxc4 e3 Nf6 Bxc4 Nd5,10,14440.47
1462,1387,black,600+5,e4 e5 Nf3 Nc6 Nc3 g6 g3 Bg7 Bg2 Nf6,10,
1206,1236,white,300+0,e4 e5 Qh5 Nf6 Qxe5+ Be7 d3 Nc6 Qc3 d5,10,
1670,1838,black,300+0,d4 e6 e4 d5 Nd2 dxe4 Nxe4 Nf6 Bg5 Be7,10,
1383,1566,white,60+0,d4 d5 c4 e6 Nf3 Nf6 e3 Bb4+ Nc3 Bxc3+,10,273.37
1567,1346,white,300+0,e4 d5 exd5 Qxd5 Nc3 Qe6+ Be2 Qg6 Bf1 Bf5,10,
1129,1185,white,300+0,e4 e6 Bc4 f5 exf5 exf5 Qe2+ Qe7 Qxe7+ Bxe7,10,
1308,1524,white,660+8,d3 Nc6 b3 e5 g3 d5 Bg2 Be6 Nd2 Bc5,10,
1485,1393,white,60+0,e4 c5 e5 Nc6 Nf3 Qc7 Bc4 Nxe5 Nxe5 Qxe5+,10,
1479,1350,white,300+3,d4 d5 c4 e6 Nc3 Bb4 a3 Bxc3+ bxc3 Nf6,10,
1569,1811,black,780+2,d4 d5 Nf3 Nf6 e3 e6 c3 c5 Qa4+ Nc6,10,
2115,1449,white,300+0,d4 e6 c4 c5 Nc3 cxd4 Nb5 Nc6 Nxd4 Nxd4,10,
1500,1550,black,600+0,e3 e5 Nc3 d6 f3 c6 Bc4 Nf6 Nh3 h6,10,
2118,2030,white,300+0,e4 Nc6 d4 d5 exd5 Qxd5 Ne2 Bg4 f3 Bf5,10,
1273,1474,white,90+2,e3 Nf6 d4 d5 Bd2 a6 Be2 e6 Nf3 Bd6,10,
1645,1512,white,120+0,d4 Nf6 Nf3 g6 c3 Bg7 Bf4 O-O e3 d5,10,
1685,2131,black,300+0,e4 Nf6 e5 Nd5 d4 Nb6 c4 d6 f4 dxe5,10,
1918,1819,white,300+0,d4 Nf6 c4 e5 dxe5 Ng4 Nf3 Nc6 h3 Ngxe5,10,
1529,1623,black,900+10,f4 f5 Nf3 Nf6 c4 e6 Nc3 Be7 h3 O-O,10,12945.98
1428,1286,white,1200+1,e4 e5 Bc4 Nf6 d3 c5 Nc3 d6 a3 Nc6,10,
1722,1750,white,300+3,d4 f5 c4 e6 Nc3 Be7 Nf3 Nf6 Bg5 b6,10,17.29
2129,1745,white,300+0,d4 d5 c4 c6 cxd5 cxd5 Nc3 Nf6 Bg5 g6,10,
1500,1712,black,30+0,e4 e5 Nc3 Nf6 d3 d6 Bg5 Be7 Bxf6 Bxf6,10,
2157,2524,black,30+0,e4 g5 d3 g4 Nc3 d5 g3 d4 Nce2 h5,10,
1934,1841,black,240+0,d4 d5 Nf3 Nc6 g3 Nf6 Bg2 Bg4 O-O g6,10,
1765,2033,white,30+0,g3 c5 Nf3 d5 Bg2 Nc6 O-O e5 d4 e4,10,
1832,2109,black,30+0,d4 d5 c3 e6 e3 Nf6 h3 c5 Ne2 cxd4,10,
2011,1983,black,30+0,e4 g6 Bc4 Bg7 Bxf7+ Kxf7 f4 Ke8 Nf3 e6,10,
1819,1569,black,600+0,e4 e5 Nf3 Nc6 Bc4 h6 a3 d6 h3 Nf6,10,
1996,1683,draw,30+0,g3 e5 Bg2 f6 Nf3 d5 d4 e4 Nfd2 Nc6,10,
1658,1706,white,60+0,e4 c6 Nf3 d5 exd5 e5 d4 f6 dxe5 f5,10,
1718,1749,black,60+0,e4 e5 d3 Nc6 Nc3 Nf6 Nf3 d5 Be3 d4,10,
1790,1923,black,30+0,d3 d6 Bd2 g6 Be3 Bg7 Bd2 Nf6 e3 O-O,10,
1262,1012,white,300+3,e4 e5 a3 Nc6 c3 Nf6 f3 Bc5 Bb5 a6,10,
1607,1545,white,120+0,d4 d5 c4 c6 cxd5 cxd5 e3 e6 Nf3 Bb4+,10,
1591,1475,draw,480+8,e4 e5 Nf3 d6 Bc4 a5 O-O h6 Re1 Bg4,10,
1500,1500,white,420+0,e4 d5 e5 Qd7 d4 Qe6 Nc3 c5 Bf4 cxd4,10,
1349,1366,black,300+0,e4 b6 c4 Bb7 Nc3 Nc6 f4 Nd4 e5 d6,10,
1703,1754,black,300+0,e4 d5 exd5 Nf6 Nc3 c6 dxc6 Nxc6 Bb5 Bg4,10,
1266,1144,black,600+0,e4 e5 Bc4 f6 Nf3 Na6 O-O Nb4 Re1 Bc5,10,
1367,1380,white,180+2,e4 c5 Nf3 d6 d4 cxd4 Qxd4 Nc6 Qa4 Bd7,10,
1029,1023,black,600+0,e3 e6 Bc4 d5 Bb3 Bb4 c3 Bc5 c4 Nf6,10,
1775,1722,white,60+0,e4 d5 exd5 Qxd5 Nc3 Qe6+ Be2 Nc6 Nf3 Qg6,10,
2172,2283,black,180+2,e4 c5 Nf3 d6 d4 cxd4 Nxd4 Nf6 Nc3 a6,10,
1775,1923,white,180+0,e4 c6 d4 d5 exd5 cxd5 c4 Nf6 Nc3 e6,10,
1677,1590,draw,600+0,e4 e6 d4 d5 exd5 exd5 Nc3 c6 Nf3 f5,10,
1564,1765,black,180+2,d4 d5 c4 Nf6 Nc3 e6 Bg5 c5 e3 cxd4,10,
1489,1408,white,480+5,e4 e5 Nf3 Nc6 Bb5 Nge7 Bxc6 Nxc6 d4 f6,10,30.26
1677,1510,draw,300+5,e4 g6 d4 Bg7 Nf3 e6 Nc3 f5 e5 d5,10,
2107,1858,white,30+0,d4 c5 d5 d6 c4 Nf6 Nc3 g6 Bg5 Bg7,10,
1338,1327,white,45+3,e4 d5 exd5 Qxd5 Nc3 Qe5+ Qe2 Nc6 Nf3 Qxe2+,10,
1790,1740,black,30+0,e4 b6 Bc4 c6 d3 d5 Qf3 dxc4 Nh3 Be6,10,
1591,1737,white,360+10,e4 e5 Nf3 Nc6 Bb5 d6 c3 Bd7 d4 Nf6,10,
1820,1966,black,300+3,e4 c5 Nf3 e6 d4 cxd4 Nxd4 Nf6 Nc3 d6,10,
2103,2109,draw,60+0,d4 d5 Nf3 Nf6 g3 Bg4 Bg2 e6 O-O Bd6,10,
1947,1924,black,60+0,e4 d5 exd5 c6 Nc3 cxd5 d4 Nc6 Bd3 Nf6,10,
1392,1420,black,300+8,d4 d5 c4 dxc4 e3 b5 Nc3 a6 Qf3 c6,10,
1726,1797,white,60+0,e4 g6 Nf3 Bg7 d4 c5 d5 d6 c4 Nf6,10,
1329,1298,white,300+0,e4 e5 d4 exd4 c3 dxc3 Nxc3 g6 Nf3 Bg7,10,
1767,2125,black,180+0,e4 d5 exd5 Qxd5 Nc3 Qd8 Nf3 c6 d4 Nf6,10,
1858,1877,black,300+0,Nf3 c5 c4 e6 b3 d5 e3 Nc6 Bb2 Nf6,10,
1499,1680,white,120+5,e4 e5 Nf3 d6 Bc4 Bg4 h3 Bh5 d4 exd4,10,
1573,1613,black,30+0,Nf3 Nf6 d4 d5 Bg5 e6 e3 h6 Bh4 g5,10,4102.0
1808,2003,white,30+0,d4 e6 c4 c5 dxc5 Bxc5 Nf3 Bb4+ Bd2 Bd6,10,
1970,1906,white,30+0,e4 d5 d4 dxe4 Nc3 f5 Be3 c5 Bc4 cxd4,10,
1570,2098,white,300+0,d4 Nf6 c4 e6 Nc3 d5 cxd5 exd5 Bg5 Be7,10,4861.03
1157,1271,white,300+0,d4 d5 c4 dxc4 e4 b5 a4 Bd7 axb5 Bxb5,10,
1317,1229,white,120+1,b3 d5 Bb2 c5 e3 e6 Nf3 Nc6 Bb5 a6,10,
1742,1695,white,300+0,e4 c5 Nc3 Nc6 f4 d6 Nf3 g6 Bc4 Bg7,10,
2053,2002,white,180+2,e4 e5 Nf3 Nc6 Bc4 Bc5 c3 Bb6 d4 Qe7,10,
1512,1611,black,120+1,d4 e6 c4 d5 a3 c5 Nc3 cxd4 Qxd4 Nc6,10,
2115,2208,white,30+0,g3 Nf6 Bg2 d5 Nf3 h5 O-O h4 gxh4 e5,10,
1952,1915,black,180+0,d4 d5 e3 c6 Nd2 Nf6 a3 e6 b4 Bd6,10,
1809,1781,draw,240+0,d3 d5 e3 e5 Ne2 Be6 Nd2 Bd6 Ng3 Nc6,10,
1834,1831,black,300+5,d4 Nf6 e3 d5 f4 Bf5 Nf3 e6 Bd3 Ne4,10,
1658,1868,white,180+0,e4 c6 d3 d5 exd5 cxd5 Nf3 Nc6 Be2 e5,10,
1615,1588,white,180+0,e4 c6 Nf3 d5 e5 Bg4 Be2 e6 d4 Nd7,10,
1709,1768,black,180+0,d4 Nf6 Bg5 e6 Nf3 d5 Nc3 h6 Bxf6 gxf6,10,
1337,1445,white,360+0,e4 e5 c4 Nf6 d3 Bc5 h3 O-O Nf3 d6,10,
1277,1550,black,180+0,e4 e5 Nc3 Nf6 Nf3 Nc6 d4 exd4 Nxd4 Bb4,10,
979,1500,draw,180+0,c3 e5 Qc2 d5 g3 Qf6 Bg2 Bc5 e3 d4,10,
1771,1725,white,600+0,e4 g6 d4 Bg7 Nf3 c6 c4 d5 e5 f6,10,
1827,1966,draw,180+0,d4 Nf6 c4 e5 d5 Bc5 Nc3 Ng4 e3 Qh4,10,
1970,1957,white,30+0,g3 c5 Bg2 Nc6 c3 g6 d4 Bg7 dxc5 h6,10,
1987,1874,white,600+0,d4 d5 Nf3 c6 e3 Bg4 Be2 e6 O-O Nd7,10,
1991,1829,black,600+0,d4 Nc6 Nf3 e6 c4 Qf6 Nc3 Be7 e4 Qg6,10,
1921,1700,white,600+0,e4 e5 Nf3 d6 d4 exd4 Nxd4 Nf6 Bg5 Be7,10,
1480,1821,black,600+0,e3 e5 Ne2 d5 d4 e4 f3 exf3 gxf3 c6,10,
1531,1674,black,300+8,e4 e5 a3 d6 Nc3 Nf6 d3 c5 b4 b6,10,
1408,1777,black,1800+0,e4 e5 Nf3 Nc6 Bc4 h6 O-O Bc5 b4 Bxb4,10,
1582,1560,white,600+0,e4 e5 Nc3 Nc6 Bc4 Bb4 Nd5 Bc5 a3 Qh4,10,
1772,1801,black,60+0,e4 e6 Nf3 d5 exd5 exd5 d4 h6 a4 Nf6,10,
1693,1890,black,180+0,e3 e5 d3 d5 h3 Nc6 a3 Nf6 Be2 Bc5,10,
1255,1484,white,1200+0,e4 Nc6 Nf3 e5 Bc4 Na5 d3 Nxc4 dxc4 d6,10,2814.94
1711,1711,white,300+3,e4 e5 Nf3 Nc6 Bb5 a6 Ba4 Nf6 c3 Be7,10,4150.29
1684,1737,white,180+0,d4 d5 e3 Nf6 Nf3 Bf5 c4 e6 Be2 h6,10,
2287,2246,black,60+0,e4 e6 d4 d5 Nc3 Bb4 e5 c5 a3 Bxc3+,10,
1825,1931,black,600+3,d4 f5 c4 Nf6 e3 c5 Nf3 Nc6 d5 Nb4,10,
1833,1785,white,600+0,e4 e5 Nf3 Nc6 d4 exd4 Nxd4 Nxd4 Qxd4 d6,10,
1574,1677,black,420+7,g3 e5 Bg2 c6 c3 d5 Qb3 Be6 Qxb7 Nd7,10,
1632,1420,white,300+0,d4 d5 c4 e6 Nf3 Bb4+ Nbd2 dxc4 g3 c3,10,
1851,1793,black,300+0,e4 g6 Nf3 Bg7 d4 e6 c4 Ne7 d5 d6,10,
1552,1544,white,300+0,e4 g6 Nf3 Bg7 d4 Nh6 Be3 O-O Nc3 d6,10,
1597,1757,white,300+0,e4 e5 Bc4 Nf6 Qf3 Bc5 h3 O-O g4 d6,10,
1572,1695,black,600+0,e4 c5 Nf3 Nc6 Bd3 g6 c3 Bg7 Bc2 Nf6,10,2230.41
2319,2046,black,900+0,Nf3 d5 d4 Bg4 Nbd2 e6 e3 Bd6 Bd3 Ne7,10,
1811,1941,black,30+0,g3 c5 Bg2 d6 Nf3 Nd7 O-O Ngf6 c4 g6,10,
1993,1806,black,120+0,c4 e6 g3 Nc6 Bg2 Be7 Nc3 Bf6 Nf3 h5,10,
1330,1420,black,60+1,e4 c6 Nf3 d5 exd5 cxd5 Bb5+ Bd7 Bxd7+ Qxd7,10,
1673,2142,black,30+0,e4 Nc6 d4 e5 d5 Nce7 Nf3 Ng6 Nc3 Bc5,10,
1483,1613,black,60+0,Nf3 c5 b3 d6 Bb2 f6 e3 e6 Bb5+ Nd7,10,
1725,1610,black,30+0,g3 c6 Bg2 d5 e3 Nf6 Ne2 e5 d4 e4,10,
2104,1356,white,30+0,Nf3 e6 g3 d5 Bg2 c6 O-O Nd7 c4 Ne5,10,
2037,2003,black,30+0,e4 d6 d3 Nf6 g3 g6 Bg2 c5 Nf3 Nc6,10,
1732,2180,black,30+0,a3 g6 h3 Bg7 g3 Nf6 b3 Kf8 Bb2 h5,10,
1758,1709,white,60+0,e4 d5 exd5 Qxd5 Nc3 Qd8 d4 e6 Be3 Nf6,10,
1562,1911,black,30+0,e3 c5 d3 Nc6 b3 d5 Bb2 e6 g3 Nf6,10,
1689,1964,black,600+0,d4 d5 c3 e6 a4 Nf6 b4 b6 Nf3 c5,10,
1714,1770,white,180+0,Nf3 Nf6 d4 g6 Bf4 Bg7 e3 d6 Bd3 O-O,10,
1787,1828,black,180+0,b3 d5 Bb2 Nc6 e3 e5 Ne2 Bd6 d4 f6,10,
1983,1766,white,180+2,d4 g6 Nf3 Bg7 g3 Nf6 Bg2 O-O O-O d5,10,
2105,2035,white,300+5,e4 c5 Nf3 d6 d4 cxd4 Nxd4 g6 Nc3 Bg7,10,4932.25
1464,1718,black,600+0,d4 Nf6 Bf4 d5 e3 e6 h3 Bd6 Bxd6 Qxd6,10,
1896,1908,white,180+0,e4 c5 Nf3 e6 Be2 d5 e5 d4 c3 Nc6,10,
2636,2227,white,30+0,b3 d5 Bb2 Nf6 e3 g6 Nf3 Bg7 d4 O-O,10,
1464,1874,black,30+0,c4 c5 d4 e6 e3 cxd4 exd4 d5 Bd3 Nf6,10,
2086,2032,white,180+0,e4 c5 Nf3 e6 d4 cxd4 Nxd4 Nf6 Nc3 Bb4,10,
2043,2036,white,180+0,e4 d5 exd5 c6 d4 Nf6 Nf3 Bg4 Be2 cxd5,10,
1537,1353,white,600+0,e4 d6 Bc4 Nd7 Qh5 e6 Nh3 g6 Qf3 h5,10,
1586,1629,black,300+0,d4 d5 Nf3 Nc6 e3 Bg4 Be2 e5 dxe5 Bxf3,10,
1582,1743,black,600+0,d4 d5 Nc3 e6 e3 Bb4 Bd2 Bxc3 Bxc3 Nf6,10,
1102,1185,black,900+15,g3 e6 c3 d5 Bg2 Nf6 d3 Nc6 Nf3 Bd6,10,3470.97
1408,1397,black,300+0,e4 e6 Nf3 d5 exd5 exd5,6,
1586,1624,white,300+0,Nf3 d5 g3 Bg4 Bg2 e6 h3 Bh5 O-O c5,10,
1742,1511,white,300+0,e4 e6 d4 d5 e5 Ne7 Nf3 Ng6 a3 Be7,10,
1168,1576,black,300+0,e4 e5 Qf3 Nc6 Bc4 Nf6 d3 Bc5 c3 O-O,10,
2120,1968,white,180+5,Nf3 d5 d4 e6 Bf4 c6 Nbd2 Bd6 Bg3 Bxg3,10,
1544,1658,black,300+0,d4 e6 e4 d5 exd5 Qxd5 c4 Qe4+ Be3 Bb4+,10,41.79
1236,1238,black,240+5,d4 e6 e4 d5 Nc3 dxe4 Nxe4 Nf6 Bd3 Nc6,10,
1716,1865,black,480+9,e4 c5 e5 e6 d4 cxd4 Qxd4 Nc6 Qd1 Nxe5,10,
2042,1927,white,600+0,e4 c6 Nf3 d6 d4 Nd7 Nc3 g6 Bc4 Ngf6,10,
1575,1501,black,300+0,e4 e5 c3 Nc6 Bb5 a6 Bxc6 bxc6 Nf3 d6,10,
1967,2004,white,300+0,e4 g6 d4 Bg7 f4 e6 Nf3 d5 e5 c5,10,
1721,1904,black,300+0,c4 e5 Nc3 Nc6 d3 Bb4 Qc2 d5 a3 Bxc3+,10,
1708,1737,black,300+0,e4 c5 Nf3 d6 Bb5+ Bd7 Bxd7+ Nxd7 O-O e5,10,
1578,1586,black,600+0,e4 e5 Nf3 Nc6 Bb5 d6 d3 a6 Bc4 h6,10,
2017,1970,white,180+0,d4 Nf6 Nc3 d5 f3 c6 Bg5 Qa5 Bxf6 exf6,10,
1936,1800,white,60+0,d4 g6 Nf3 Bg7 c3 b6 Bf4 Bb7 e3 d6,10,
1200,1199,white,600+0,e4 e5 Nf3 d5 exd5 c6 dxc6 Bc5 cxb7 Bxb7,10,
1503,1819,black,-,e4 e5 d3 Nc6 Nc3 Nf6 Nf3 Bc5 Be3 Bd4,10,
1789,1885,white,300+5,e4 e6 d4 d5 Nd2 Nf6 e5 Nfd7 f4 c5,10,71.64
1261,1398,white,600+0,e4 e5 d3 Qh4 Nf3 Nf6 Nxh4 Nxe4 dxe4 Bb4+,10,
1866,1956,black,1500+0,e4 Nf6 d3 Nc6 h3 d5 f3 e5 Bg5 Be7,10,
1538,1524,black,300+0,e4 e6 Bc4 d5 exd5 exd5 Bb3 c6 Nf3 Nf6,10,
1975,1806,black,30+0,e4 e6 Nf3 c5 d4 cxd4 Nxd4 Nc6 Nc3 d5,10,
1738,1680,black,120+0,d4 d5 c4 e6 e3 Nf6 cxd5 exd5 Nc3 Bb4,10,2981.82
1234,1589,black,180+2,e4 e6 Bd3 d5 exd5 exd5 Nf3 Nf6 Qe2+ Be6,10,3380.73
1425,1522,white,300+0,e4 e5 Nf3 Nc6 Nc3 Nf6 Bc4 d6 Ng5 d5,10,
1500,1561,black,300+3,e4 c5 g4 d6 h4 h6 d3 Nf6 g5 hxg5,10,
1768,1698,black,600+0,d4 Nf6 h3 g6 a3 Bg7 Nf3 O-O Nc3 b6,10,
1818,1784,white,300+0,d4 d5 Bf4 e6 e3 a6 Nf3 c5 c3 Nc6,10,
2060,2564,black,30+0,b3 c6 Bb2 d5 e3 Nf6 f4 g6 Nf3 Bg7,10,
1002,898,white,600+0,d4 e6 e4 Qh4 Nf3 Qf6 Bc4 Nc6 O-O Qg6,10,188.77
1547,1937,white,30+0,b3 Nf6 Bb2 g6 Bxf6 Bg7 Bxg7 Rg8 Bb2 e6,10,
1716,2016,black,300+0,d4 Nf6 Nf3 d5 Bf4 c6 e3 Bg4 h3 Bxf3,10,
1656,1703,white,180+0,c4 c5 Nc3 d6 g3 Nc6 Bg2 Bd7 d3 Nf6,10,
1765,1801,black,30+0,e4 c5 Nf3 e6 Nc3 a6 d4 cxd4 Nxd4 b6,10,
1522,1783,black,30+0,e4 e6 Nf3 Be7 Nc3 d6 e5 f6 exf6 Nxf6,10,
1848,1822,white,300+4,e4 e5 Nf3 Nc6 Bc4 Be7 d4 exd4 O-O d6,10,
1286,1768,black,300+0,Nf3 d5 c4 d4 d3 c5 e3 Bg4 h3 Bxf3,10,
1560,1564,white,300+0,e4 e5 Bc4 Nf6 Nf3 d6 Ng5 d5 exd5 Nxd5,10,
1110,1387,black,300+0,d4 Nc6 Nf3 Nf6 Nc3 d5 Bg5 h6 Bh4 e6,10,
1400,1598,black,240+0,e4 c6 Bc4 e6 Nf3 Nf6 e5 Nd5 Bxd5 exd5,10,
1306,1391,black,120+1,d4 d5 f4 e6 Nf3 Nf6 Nbd2 c5 e3 Be7,10,
1558,1554,black,60+0,e4 c5 Nf3 Nc6 Nc3 d6 d4 a6 Be3 cxd4,10,1998.1
1917,1896,black,180+3,e4 e5 Nf3 Nc6 Bc4 Be7 O-O Nf6 d4 exd4,10,35.24
1310,1353,white,480+5,c4 g6 d4 Bg7 Nf3 e6 Bg5 Nf6 e3 d5,10,
1227,1102,white,600+0,e4 e5 Nf3 Nf6 Nxe5 d6 Ng4 Nxe4 d3 Nf6,10,
1454,1367,white,600+0,e4 e5 Nf3 Nc6 Bb5 a6 Ba4 d6 c4 Bg4,10,
1561,1587,black,600+0,e4 b6 Nc3 Bb7 a3 e6 Bc4 g6 h3 Bg7,10,
1346,1330,white,600+0,e4 c5 Nf3 Nc6 d4 d6 dxc5 dxc5 Bb5 Bd7,10,
1665,1695,black,600+0,e3 e5 d3 d5 h3 a6 g3 Nc6 Bg2 b6,10,
1657,1666,black,300+0,e4 e5 Nf3 Nc6 Bc4 Nf6 Nc3 Bb4 d3 d5,10,2570.85
1590,1464,black,300+3,e4 e5 d4 f6 Nf3 Ne7 dxe5 d5 Bd3 dxe4,10,43.24
1981,1692,white,180+2,c4 d5 cxd5 Qxd5 Nc3 Qd8 Nf3 Nf6 d4 Nc6,10,
1584,1339,white,1200+5,e4 c5 Nf3 e6 d4 cxd4 Qxd4 Nc6 Qa4 a6,10,
1958,2111,white,60+1,e4 e5 Nf3 Nc6 Bb5 a6 Ba4 Nf6 O-O Be7,10,
1324,1378,black,180+5,e4 e5 Nf3 d6 d4 f6 dxe5 fxe5 Bb5+ c6,10,
1504,1493,white,240+0,d4 e6 Nf3 c5 c4 Nc6 e3 h6 Nc3 Nf6,10,
1622,1606,black,60+0,d4 g6 e3 Bg7 Be2 d6 Bd2 e6 Bc3 Ne7,10,
1696,1699,draw,60+0,d4 e6 f4 d5 e3 c5 Bd3 Nc6 Nf3 Qb6,10,
2064,2126,black,180+0,d4 d5 c4 Nc6 Nf3 Bg4 cxd5 Bxf3 dxc6 Bxc6,10,
1808,1872,white,60+1,e4 e6 Nc3 d5 d4 c5 dxc5 Bxc5 exd5 exd5,10,
1823,2046,black,60+0,e4 e6 d4 d5 e5 c5 c3 Nc6 Bd3 cxd4,10,
1416,1641,white,240+0,g3 d5 Bg2 Nf6 h3 h6 e3 c6 d3 e6,10,
2065,2040,black,180+0,e4 c6 d4 d5 e5 Bf5 Nf3 e6 Be2 c5,10,
1418,1593,black,60+0,e4 e5 Nf3 Nc6 Bb5 f5 Bxc6 bxc6 Nxe5 d6,10,694.9
1723,1681,white,300+4,d4 Nf6 c4 e6 a3 b6 Nc3 Bb7 d5 exd5,10,2766.08
2069,1565,white,600+0,e4 e6 d4 d6 Nc3 a6 Nf3 h6 Bf4 b5,10,
1946,2114,black,30+0,e4 e6 d3 d6 Be2 Be7 f3 Nf6 Be3 d5,10,
1631,1684,black,480+0,e4 d5 e5 e6 Bb5+ c6 Ba4 g6 c3 Bg7,10,159.57
1439,1473,black,600+10,d4 c5 Nf3 c4 e3 b5 b4 cxb3 axb3 a6,10,
2373,1754,white,30+0,d4 Nf6 Bf4 e6 e3 d5 Bd3 Be7 Nd2 O-O,10,
2111,2590,black,30+0,d3 d5 e3 Nf6 d4 e6 c3 c5 Be2 cxd4,10,
1696,1652,black,360+0,d4 d5 Bf4 Nf6 e3 Bf5 Nf3 e6 h3 Nbd7,10,2309.13
1114,1167,white,480+0,d4 d5 Nc3 Nf6 f3 e6 e4 Bb4 Bb5+ c6,10,
1602,1584,white,60+4,e4 b6 Nf3 Bb7 d3 e6 Be3 c5 Nc3 Nf6,10,
1821,2124,black,0+4,e3 g6 c3 Bg7 d4 Nf6 Nd2 d6 f3 c5,10,
1755,2068,black,600+0,e4 c5 Nf3 g6 d4 cxd4 Nxd4 Nc6 Nc3 Bg7,10,
1692,1986,white,30+0,e4 b6 Qf3 e6 Bc4 Nf6 d4 Bb7 d5 exd5,10,
2067,1828,white,30+0,e4 c6 Nf3 d5 exd5 cxd5 d4 e6 c4 Ne7,10,
1772,1676,black,180+2,e4 d5 exd5 Qxd5 Nc3 Qa5 d4 c6 Nf3 Nf6,10,
1819,1820,black,600+0,d4 d5 Nf3 c5 e3 cxd4 Qxd4 Nc6 Qd1 Bg4,10,
1724,1490,white,0+2,d4 Nf6 c4 d6 Nf3 c5 Nc3 e5 dxe5 dxe5,10,
1408,1417,white,900+0,e4 e5 Nf3 f6 d4 exd4 Nxd4 Bc5 a3 Nc6,10,
1931,1693,black,30+0,e3 e6 b3 Qf6 Bb2 Qxb2 Nc3 Bb4 Rb1 Qa3,10,
1840,1584,black,900+0,e4 c5 c4 Nc6 d3 e5 h3 h6 Nf3 d6,10,
2245,2389,white,60+1,e4 e5 Nf3 Nc6 d4 exd4 Nxd4 Qf6 Nb5 Bc5,10,
1777,1774,white,600+0,e4 e5 Nf3 Nf6 Bc4 d5 exd5 Bd6 Qe2 Nbd7,10,1592.25
1671,1707,black,300+0,d4 d5 c4 c6 Nc3 Nf6 e3 Bf5 b4 Nbd7,10,
1837,1929,black,180+0,e4 c5 d3 Nc6 Nc3 e6 Nf3 Nf6 Be2 Be7,10,
1839,1842,black,180+0,e4 g6 d4 d6 c4 a6 Nc3 Bg7 Be3 e6,10,
2045,1899,black,180+0,e4 c5 Nf3 e6 d4 cxd4 Nxd4 a6 Nc3 Qc7,10,
1500,1474,black,600+0,g3 e5 Bg2 Qf6 b3 Bc5 e3 d6 Bb2 Na6,10,
1505,1491,black,300+0,e4 e5 Nf3 Nc6 Bc4 Nf6 d3 d5 exd5 Nxd5,10,
1974,1998,white,180+0,e4 g6 d4 Bg7 Bd3 d6 Be3 c5 c3 cxd4,10,
1794,1943,black,60+0,b4 g6 Bb2 Nf6 c3 Bg7 g4 O-O g5 Ne8,10,
1360,1391,white,180+0,e4 c5 Bc4 e6 d4 d5 exd5 exd5 Bb5+ Bd7,10,
1451,1448,black,600+0,e4 e5 Nf3 Nc6 d4 exd4 Nxd4 Bc5 Nxc6 bxc6,10,
1841,2157,black,600+0,d4 f5 c4 Nf6 Nc3 g6 Bg5 Bg7 Bxf6 Bxf6,10,
1448,1785,white,180+0,b4 e5 b5 Qf6 a4 Bc5 f3 e4 Nc3 exf3,10,
1554,1506,white,600+0,d4 d5 b3 Nc6 e3 e5 Bb5 Bd7 Bxc6 Bxc6,10,
1193,1234,black,300+0,c4 e6 Nc3 Nf6 Nf3 d5 Qa4+ Bd7 Qb3 dxc4,10,
1989,1814,white,480+0,e4 d5 exd5 Nf6 c4 e6 dxe6 Bxe6 d3 Nc6,10,
2278,2129,black,180+2,e4 d5 d3 dxe4 dxe4 Qxd1+ Kxd1 b6 Be3 Bb7,10,
1673,1916,black,45+3,e4 d6 Nf3 Nf6 Nc3 c5 d3 Nc6 Bg5 g6,10,
1913,2004,black,300+5,e4 e6 d4 d5 Nc3 dxe4 Nxe4 Nd7 Nf3 Ngf6,10,4316.18
1444,1408,white,120+1,e4 c6 Nf3 d5 exd5 cxd5 d4 e6 Nc3 Nf6,10,
1590,1890,black,120+1,e4 c5 Nf3 d6 d4 cxd4 Nxd4 Nf6 Nc3 a6,10,
1690,1238,white,60+0,e4 e5 d4 d5 dxe5 dxe4 Qxd8+ Kxd8 Nc3 Nc6,10,
1766,1827,black,300+2,e4 e6 Nc3 d5 exd5 exd5 Qf3 Nf6 Bb5+ c6,10,
2010,1905,white,300+0,e4 e6 b3 d5 Bb2 dxe4 Nc3 Nf6 g4 h6,10,
1323,1387,white,300+3,e4 Nc6 Nf3 e5 Bc4 h6 O-O Nf6 Nc3 d6,10,
2006,1925,black,480+0,e4 e5 f4 d6 Nf3 Nd7 Bc4 Be7 d3 Ngf6,10,
1646,1557,white,300+0,e4 c5 Nf3 Nc6 Bb5 e6 O-O Nf6 e5 Nd5,10,
1502,1194,white,180+2,e4 d5 e5 Nc6 d4 f6 Bb5 Bd7 Nf3 Bg4,10,
1487,1351,draw,600+5,e4 e5 Nf3 Nc6 Bc4 Qe7 O-O Nb4 d3 d5,10,
1901,1936,black,30+0,g3 d6 Bg2 c6 e3 d5 Ne2 e6 O-O f6,10,
1355,1891,black,30+0,e4 c6 d3 d5 f3 e6 f4 dxe4 d4 f5,10,
1897,1979,white,30+0,g3 d5 Bg2 c6 c4 e6 cxd5 exd5 d4 Be6,10,
2014,1624,white,30+0,e4 d5 exd5 Qxd5 Nc3 Qd8 d4 Nc6 Nf3 Nxd4,10,
1935,2154,white,30+0,e4 d5 e5 e6 d4 c5 c3 Nc6 Bb5 b6,10,
2527,2025,white,30+0,Nf3 Nf6 g4 g6 g5 Bg7 gxf6 Bxf6 h4 Bg7,10,
1832,2105,black,30+0,c3 Nc6 f3 e5 g3 f5 Nh3 Nf6 Nf2 d5,10,
1798,1528,black,30+0,e4 Nc6 f4 e5 Nf3 exf4 Bc4 d6 O-O Be6,10,
2409,2316,white,300+8,e4 c5 Nf3 e6 d4 cxd4 Nxd4 Nf6 Nc3 Bb4,10,
1882,1741,white,300+0,e4 c5 Nf3 d6 Bb5+ Bd7 Bxd7+ Nxd7 O-O g6,10,
2016,2615,white,30+0,e4 g6 d4 Bg7 Nc3 c5 Be3 cxd4 Bxd4 Nf6,10,
2091,1981,white,30+0,Nf3 a6 h3 c6 g3 d5 Bg2 Nf6 O-O e5,10,707.73
1610,1270,white,300+0,e4 e6 d4 d5 e5 Bb4+ c3 Be7 Bd3 Bd7,10,
1155,1067,white,300+0,e4 e5 Qh5 Nf6 Qxe5+ Be7 d3 Nc6 Qg3 Bd6,10,
1722,1772,black,300+0,e4 c5 Bc4 Nc6 d3 e6 Nf3 d6 Nc3 Nf6,10,77.17
1463,1399,white,420+0,e4 a6 d4 b5 Nf3 Bb7 Nc3 e6 Be3 Bb4,10,
1972,1971,white,300+0,d3 d5 Nd2 Bg4 Ngf3 e6 e4 c6 Be2 Be7,10,
1518,1170,draw,300+0,d4 d5 Bf4 f6 Nf3 Nc6 e3 g5 Bg3 h5,10,
1335,1486,black,240+1,b3 e5 Bb2 f6 Nf3 d6 e4 Bg4 Be2 Bxf3,10,
1921,1731,black,180+0,e4 d6 d4 Bd7 c4 Nc6 Nc3 e5 d5 Nce7,10,
1270,1213,black,300+0,e4 e5 Nc3 Nc6 Nf3 Nf6 Nxe5 Nxe5 d4 Nc6,10,
1887,1852,black,180+0,Nf3 d5 c4 Nf6 cxd5 Nxd5 g3 Nc6 Bg2 e5,10,
1311,1409,white,300+0,e4 e5 Nf3 Nc6 Bc4 Bc5 O-O d6 h3 Na5,10,3880.18
1733,1710,white,60+0,e4 c5 Nf3 d6 Nc3 Nc6 d4 cxd4 Nxd4 Nf6,10,
1775,1805,white,180+0,e4 e5 f4 d5 Nf3 dxe4 Nxe5 f6 Qh5+ Ke7,10,
1351,1415,black,300+8,e4 e5 Bc4 Nc6 Bxf7+ Kxf7 Qh5+ g6 Qf3+ Ke8,10,
1427,1423,white,600+0,e4 d5 e5 d4 Nf3 Nc6 b3 e6 Bb2 Bc5,10,
1485,1729,black,0+2,e4 e6 Nf3 d5 d3 dxe4 Ne5 exd3 Nxd3 Nf6,10,
1830,1810,white,300+5,d4 Nf6 Nf3 d5 Bf4 e6 e3 Bd6 Ne5 Nbd7,10,
1965,1954,black,180+0,d4 e6 c4 d5 g3 Nf6 Bg2 c6 Qc2 Nbd7,10,
1126,1320,black,0+4,e4 e5 f4 d6 Nf3 exf4 Bc4 c6 d3 g5,10,
1677,1626,white,300+10,e4 d5 exd5 c6 dxc6 Nxc6 Bb5 Qd5 Bxc6+ Qxc6,10,
1332,1736,black,480+0,e4 Nc6 d3 e5 Nh3 Bc5 Bg5 Nf6 f4 O-O,10,
1690,1664,white,300+0,e4 c5 Bc4 Nc6 Nc3 e5 d3 Nf6 Bg5 Be7,10,
1339,1330,white,600+0,e4 d5 exd5 Qxd5 Qf3 c6 Qxd5 cxd5 d4 Nc6,10,
1557,1281,white,600+0,e4 c5 Nf3 e5 Nxe5 Qh4 Nc3 d6 Nf3 Qf6,10,1757.06
1307,1250,white,180+0,c4 c5 Nc3 e6 Nf3 Nf6 e3 b5 d4 bxc4,10,
1529,1736,black,480+0,e4 e5 Nf3 d6 Bc4 Be7 c3 Nf6 h3 Nxe4,10,
1997,1843,white,180+0,e3 e5 d4 exd4 exd4 Nc6 c3 d5 Bd3 Nf6,10,
1521,1740,black,600+0,c3 e6 d4 d5 e3 Nf6 Bb5+ c6 Bd3 Bd6,10,
2161,1806,white,900+0,d4 g6 c4 Bg7 Nf3 d5 cxd5 Qxd5 Nc3 Qd6,10,
1703,1695,draw,600+0,e4 e5 Nf3 Nc6 Bb5 d6 d3 Bd7 h3 h6,10,
2215,2101,black,300+0,e4 c5 Nf3 e6 d4 cxd4 Nxd4 Nc6 Nc3 Qc7,10,1334.28
2191,2111,white,30+0,d4 g6 e4 Bg7 Nf3 c5 h4 cxd4 h5 gxh5,10,
1751,1778,white,30+0,g3 d5 f3 Bg4 e3 Bc8 Bg2 Nf6 Ne2 e6,10,
1500,1571,white,900+15,e4 e5 Nf3 Nc6 Bc4 Bc5 c3 Nf6 d4 exd4,10,5029.85
1854,1986,black,30+0,d4 e6 c4 c5 Nc3 cxd4 Qxd4 Nf6 Qd1 Nc6,10,
1730,1755,draw,180+0,e4 Nc6 Nf3 b6 d3 Bb7 Nc3 f6 Be3 e5,10,89.38
1330,1214,white,180+0,e4 e5 Nf3 Nc6 d4 exd4 Nxd4 Bc5 Nxc6 bxc6,10,
1550,1593,white,60+0,e4 c5 d4 cxd4 Qxd4 Nc6 Qd1 e6 Nc3 Be7,10,
1966,1872,white,600+0,e4 e5 Nf3 Bc5 Nc3 Nf6 Nxe5 Qe7 d4 Bb4,10,
1996,1785,black,30+0,g3 c6 Bg2 d5 Nf3 Nf6 d4 e6 e3 Bd7,10,
1257,1258,white,780+0,e4 d6 d4 d5 Nc3 c6 Bg5 h6 Bh4 g5,10,
2000,2043,white,300+0,e4 c5 d4 cxd4 c3 dxc3 Nxc3 Nc6 Nf3 d6,10,49.49
2182,2129,white,30+0,e4 g6 Nc3 Bg7 d4 d5 e5 c5 f4 cxd4,10,
1518,1562,white,30+0,e4 Nc6 Nf3 e5 Nc3 Nd4 Nxe5 Bd6 Nf3 Nf6,10,
1629,1825,black,30+0,e4 c6 d4 d6 Nc3 d5 exd5 cxd5 Nf3 e6,10,
1616,1556,white,180+0,e4 c5 Nf3 Nc6 Be2 a6 d3 Qb6 Nc3 e6,10,
1998,1731,white,30+0,e4 h6 Bc4 a6 Bxf7+ Kxf7 f4 g6 Nf3 Bg7,10,
1610,1513,white,1200+0,e4 e6 b3 a6 Bb2 h6 d4 d6 c4 Be7,10,
1876,1981,white,240+0,e4 e5 Nf3 f5 Nxe5 Qf6 d4 d6 Nc4 fxe4,10,
1975,2100,black,180+0,c4 e5 Nc3 d6 g3 Nc6 Bg2 f5 e3 Bd7,10,
1490,1357,white,900+15,e4 e5 Nf3 Nc6 Nc3 Nf6 Bc4 Bc5 Qe2 a6,10,18637.12
1709,1774,draw,180+0,e4 d5 exd5 Nf6 Nc3 c6 dxc6 Nxc6 Bb5 Qb6,10,
1413,1618,black,300+0,d4 d5 c4 e6 Nc3 dxc4 e3 a6 Bxc4 b5,10,
2079,2149,white,180+0,b3 d6 Bb2 e5 e3 f5 c4 Nf6 Nf3 Be7,10,
1500,1457,black,60+0,h3 d5 d3 e5 e3 Nf6 Nf3 Nc6 Qd2 Bd6,10,
1488,1628,black,300+5,e4 e5 Nf3 Nc6 a3 Bc5 h3 d6 Nc3 a6,10,
1418,1385,white,60+0,Nh3 d5 g3 e5 Bg2 Nf6 O-O c5 d3 Nc6,10,
1722,1966,draw,300+2,e4 c5 f4 Qc7 d3 e6 Nf3 Nc6 Nc3 a6,10,
1814,1769,black,180+0,d4 e5 e3 exd4 exd4 Nf6 Nf3 c5 c3 cxd4,10,
1329,1047,white,300+0,e4 e5 Nf3 Nc6 Bb5 d6 d3 Bd7 Nc3 Nd4,10,
1258,1301,black,60+0,e4 e5 Nf3 d6 Bc4 Nc6 c3 h6 d4 f6,10,
1325,1469,black,300+2,e4 c5 Nf3 d6 d3 Nc6 Bd2 Nf6 Be2 g6,10,
1269,1264,black,900+0,e4 d5 c3 Nc6 Nf3 f5 e5 e6 d4 g5,10,
1761,1768,white,300+3,d4 d5 c4 c6 Nc3 Nf6 Bf4 e6 e3 Nbd7,10,
1451,1422,black,300+0,d4 d5 c4 e6 Nc3 c6 e3 Be7 Nf3 Nf6,10,
1544,1684,white,300+0,e4 e5 Nf3 g6 c3 Bg7 Bb5 Ne7 d4 exd4,10,
1394,1399,white,300+0,e4 e5 Nc3 Nc6 Bc4 Nf6 d3 Bb4 Bd2 d6,10,
1322,1432,white,120+0,e4 e5 f4 d6 Nf3 Nc6 c3 Nf6 fxe5 dxe5,10,
1211,1238,black,600+0,e4 e5 Nc3 Nf6 Nf3 Bb4 Nxe5 Bxc3 dxc3 Nxe4,10,
1625,1898,black,180+2,e4 e6 Nf3 b6 d4 Bb7 Nc3 Bb4 Bd3 Nf6,10,31.37
1326,1314,white,300+1,e4 e5 Nf3 Nc6 Bc4 h6 d3 Bc5 Qe2 d6,10,
1948,1804,white,30+0,d3 d6 Nd2 Bg4 Ngf3 Bxf3 Nxf3 g6 h3 Nc6,10,
1727,1641,black,480+0,e4 d5 exd5 Qxd5 Nc3 Qe6+ Be2 Nc6 Nf3 Bd7,10,
1556,1223,white,900+0,e4 e6 d4 Qh4 Nf3 Qxe4+ Qe2 Qf5 Nh4 Qa5+,10,
1623,1787,white,120+1,e4 e6 d4 d5 exd5 exd5 Nf3 Nf6 Bd3 Bg4,10,
1908,1955,black,180+0,e4 e5 Bc4 Nc6 Nf3 d6 d4 Bg4 dxe5 dxe5,10,
1261,1465,white,600+0,e4 e5 Nf3 d6 Nc3 Nc6 d3 Nf6 Ng5 Be7,10,
1256,1171,white,300+0,d4 g6 e4 Bg7 e5 d6 Nf3 dxe5 Nxe5 Bxe5,10,
2115,1817,black,120+0,d4 Nf6 c4 g6 Nc3 d5 e4 dxe4 Nge2 Bg7,10,
1988,1921,black,180+0,e4 e5 Nf3 Nc6 d4 exd4 Nxd4 Nf6 Nxc6 dxc6,10,
1837,1848,white,600+0,d4 d5 c4 Nf6 Nc3 Bf5 Nf3 e6 Bf4 c6,10,4208.79
1700,1723,black,360+4,e4 e5 Nf3 d6 Bc4 h6 Nc3 Nf6 d3 Bg4,10,
1522,1086,white,1800+0,e4 e6 c4 Qe7 d4 d6 d5 e5 Nc3 Nf6,10,
1236,1323,black,1140+0,e4 e5 Qh5 d6 d3 Nf6 Qf3 Bg4 Qg3 Nc6,10,
1984,2131,black,60+0,d4 e5 c4 exd4 Qxd4 Nc6 Qd1 Nf6 Nf3 Bb4+,10,
1953,1909,white,180+0,d4 d5 Nc3 Nc6 e4 dxe4 Nxe4 Qxd4 Bd3 Bf5,10,
1610,1529,draw,180+0,e4 c6 Nf3 d5 exd5 cxd5 Nc3 Bg4 Be2 e6,10,
2084,2064,black,180+0,e4 d5 exd5 Nf6 Nf3 Nxd5 d4 g6 c4 Nf6,10,
2225,2120,white,180+0,d4 d5 Nf3 c6 c4 Nf6 cxd5 cxd5 Nc3 Nc6,10,
1876,1462,white,30+0,d4 e6 Bf4 d6 Nf3 Bd7 e3 Nc6 c3 Be7,10,
2299,2260,black,180+1,d4 Nf6 Bg5 d5 Bxf6 gxf6 e3 e5 c4 Bb4+,10,
1664,1734,white,300+0,e4 d6 d4 Nf6 Bd3 g6 c3 Bg7 f4 O-O,10,
1415,1480,white,300+0,e4 d6 Nf3 Nf6 Nc3 g6 e5 Ng4 Ng5 Nxe5,10,
1812,1914,black,60+0,f4 d5 b3 e6 Bb2 c5 e3 Nf6 Bb5+ Bd7,10,
1424,1523,white,240+0,d4 d5 c4 e6 c5 Nc6 Nc3 e5 Nf3 Nxd4,10,
1650,1659,white,300+0,e4 e5 Nf3 Nc6 Bb5 Nf6 O-O a6 Ba4 b5,10,
1858,1881,white,120+0,e4 Nf6 e5 Nd5 c4 Nb6 c5 Nd5 Bc4 e6,10,
1213,1826,black,300+0,e4 d5 exd5 Qxd5 Nc3 Qa5 Nf3 Nf6 Bb5+ c6,10,
1709,1671,black,30+0,d4 Nf6 c4 g6 e3 d5 Nc3 Bg7 Nf3 O-O,10,
1442,1696,black,360+0,e4 Nc6 d4 e5 d5 Nce7 c4 Nf6 Nc3 Ng6,10,2214.48
1571,1371,white,420+0,d4 g6 Nc3 Bg7 b3 d6 Bb2 e5 e3 Ne7,10,
2140,2102,white,60+0,Nc3 Nf6 e4 e6 f4 d5 e5 Ne4 Nf3 Nxc3,10,
1500,1493,black,120+0,e4 c5 Nc3 Nc6 Bc4 d6 Qf3 Nf6 Nb5 a6,10,
1960,1864,white,180+2,e4 c6 d4 d5 exd5 cxd5 h3 Nf6 Nf3 g6,10,
2144,2224,black,30+0,d4 c6 c4 d5 cxd5 cxd5 Bf4 Nf6 Nc3 Nc6,10,
1629,1543,white,180+0,e4 e5 Nf3 Nc6 Bc4 Bc5 c3 Nf6 d3 d6,10,
1793,1742,white,180+0,e4 g6 f4 Bg7 Nf3 d5 exd5 Qxd5 Nc3 Qe6+,10,
2057,1877,black,180+0,e4 Nf6 e5 Nd5 d4 d6 Nf3 Bg4 Be2 dxe5,10,
1272,1289,white,600+0,e4 c5 Nc3 e6 Nf3 Nc6 Bb5 b6 O-O Bb7,10,
1495,1823,black,30+0,e4 d5 Nc3 c6 exd5 cxd5 d4 e6 Nf3 Ne7,10,
2071,1542,white,180+0,e4 e5 Nf3 Nc6 Bb5 Bc5 c3 Nf6 O-O d6,10,
2104,1833,white,600+2,e4 c5 Bc4 d6 Ne2 g6 c3 Bg7 d4 cxd4,10,
1516,1446,white,600+0,e4 e5 Nf3 Qf6 d3 d6 Be2 Nh6 Nc3 c6,10,
2258,1842,white,180+0,e4 c6 d4 d5 exd5 cxd5 c4 Nf6 Nc3 Bg4,10,
1605,1661,white,600+0,e4 c5 Be2 a6 c3 d6 d4 cxd4 cxd4 e6,10,
1717,1676,white,30+0,e4 e6 Nf3 Be7 d4 d5 e5 f6 c4 fxe5,10,
1336,1296,white,300+8,e4 d6 Nc3 Nf6 Bc4 e5 Nf3 g6 d3 Bg7,10,63.38
1686,1716,white,600+0,e4 e5 Bc4 Nc6 d3 h6 Nf3 Nf6 h3 d5,10,
1501,1552,black,600+0,Nf3 d5 d4 e6 c4 Bb4+ Bd2 Nc6 a3 Bxd2+,10,
1718,1812,black,300+0,e4 e6 d4 c5 d5 exd5 exd5 d6 Nf3 Bf5,10,
1869,1927,black,60+0,c4 c5 Nc3 Nc6 Nf3 g6 d4 Bg7 d5 Nb8,10,
1457,1460,black,300+0,e3 e5 c4 d5 cxd5 Qxd5 Nc3 Qa5 a3 Nf6,10,
2165,2126,black,300+0,d4 d5 c4 e6 Nc3 c6 e4 dxe4 Nxe4 Nf6,10,
1832,1918,black,300+0,e4 c5 f4 d6 Nf3 Nc6 Bb5 Bd7 Bxc6 Bxc6,10,
1680,1721,white,300+0,d4 c6 c4 Qc7 Nf3 g6 Nc3 Bg7 Bg5 d6,10,
1431,1437,white,180+0,c4 e6 e4 h6 d4 a6 d5 exd5 cxd5 b6,10,
1376,1456,black,720+5,e4 e5 Nf3 d6 Bc4 Bg4 h3 Bh5 g4 Bg6,10,
1573,1425,black,180+2,c3 e5 e4 Nf6 d3 Nc6 Ne2 d5 exd5 Nxd5,10,
1699,1526,white,120+0,e4 e5 Nf3 d5 exd5 Qxd5 Qe2 Bg4 Qb5+ Qxb5,10,
1786,1805,black,300+0,e4 d5 exd5 Qxd5 Nc3 Qa5 d4 Nf6 Bd2 c6,10,
1966,2085,black,60+0,e4 c5 Nf3 d6 Bb5+ Nd7 Bxd7+ Bxd7 O-O Bc6,10,
1186,1387,black,180+2,d4 d5 Nc3 e6 Nf3 Bb4 a3 Bxc3+ bxc3 f5,10,
2417,2340,white,180+0,d4 Nf6 c3 g6 Bf4 d5 e3 Bg7 h3 O-O,10,
1709,1667,black,60+0,d4 Nf6 c4 g6 Nc3 d5 e4 dxe4 f3 exf3,10,
1883,1786,draw,120+0,c3 Nf6 Qc2 d6 d3 Nbd7 Nf3 e5 e4 c6,10,
1532,1518,black,180+0,e4 e5 Bc4 Nc6 Bxf7+ Kxf7 Qf3+ Nf6 d3 d6,10,
1624,2266,black,600+0,a4 d5 d4 c6 b4 Nf6 c3 g6 g3 Bg7,10,
1841,1645,black,600+0,d4 b5 Nf3 Bb7 e3 a6 g3 d6 Bg2 Nd7,10,
1943,1857,white,600+0,d4 e6 c4 d5 Nc3 Nf6 Bg5 Be7 Nf3 O-O,10,
2235,2251,white,180+0,d4 Nf6 c4 g6 Nc3 d5 Nf3 Bg7 Bg5 Ne4,10,
1611,1397,white,600+0,e4 e5 Nf3 Nc6 Bc4 Nf6 Ng5 Qe7 Bxf7+ Qxf7,10,
1345,1367,white,240+0,e4 e5 Nf3 Nf6 Nxe5 Nxe4 Qf3 f5 Qxf5 d5,10,
2040,1860,white,300+0,e4 e5 Nf3 Nc6 Bc4 Be7 O-O Nf6 d4 d6,10,
1504,1275,white,60+2,d4 d5 c4 dxc4 Nc3 a6 e4 b5 a4 b4,10,
1247,1789,draw,300+0,d4 Nf6 c4 g6 Nc3 d5 Bf4 Bg7 e3 O-O,10,34.97
1834,1653,black,240+0,e4 d5 exd5 Qxd5 Nc3 Qa5 d3 Nf6 Bd2 Nc6,10,
2119,1759,white,180+0,e4 e5 Nf3 Nc6 Bc4 h6 d4 exd4 Nxd4 Nf6,10,
1543,1549,black,900+0,e4 e5 Nf3 Nc6 Bc4 Be7 d4 exd4 Nxd4 Nxd4,10,
1672,1559,black,600+0,e4 e5 Nf3 Nc6 Bc4 h6 Nc3 Bc5 O-O Nf6,10,2308.2
2197,2209,white,120+2,d4 Nf6 Nf3 g6 c4 Bg7 Nc3 d5 Bf4 O-O,10,
1674,1715,white,900+0,e4 e5 Nf3 Nc6 Nc3 d6 h3 Be6 Bb5 Qd7,10,
1953,1899,black,180+0,e4 Nf6 e5 Nd5 c4 Nb6 d4 d6 exd6 cxd6,10,
1700,2099,black,240+0,e4 c5 Bc4 e6 Nf3 a6 a3 b5 Ba2 Bb7,10,
1750,1619,white,300+0,e4 e5 Bc4 Nf6 h3 Nxe4 Qh5 Qf6 Nc3 Qxf2+,10,
1810,1763,black,60+0,e4 e5 Nf3 d6 d4 a5 dxe5 dxe5 Qxd8+ Kxd8,10,
1917,1754,white,30+0,d4 Nf6 Bf4 e6 e3 d5 Nd2 Be7 Ngf3 O-O,10,
2592,2373,white,30+0,d4 c5 Nf3 cxd4 e3 dxe3 Bxe3 Nf6 c3 Ng4,10,
1024,1259,black,300+0,Nf3 g6 c3 Bg7 b4 b6 Bb2 Bb7 Qc2 f6,10,
1458,1445,white,600+3,e4 e5 Nf3 Nc6 Bc4 Nf6 Ng5 d5 exd5 Nxd5,10,
1823,2110,black,30+0,c3 e6 Nf3 Be7 g3 d5 Bg2 c5 O-O d4,10,
1787,1770,black,30+0,d3 e6 Bd2 d6 e3 c5 c3 Nc6 d4 c4,10,
1295,1339,black,600+0,d4 d5 e3 e6 Nf3 c5 b3 Bd6 g3 Nc6,10,
1456,1488,black,300+0,e4 e5 Bc4 Nc6 Nf3 Nf6 Nc3 Bc5 O-O h6,10,1707.38
1795,1765,black,840+12,e4 c5 Nf3 d6 Bc4 Nc6 Ng5 Ne5 Qh5 g6,10,
2072,1914,white,30+0,e4 c5 Nf3 Nc6 d4 cxd4 Nxd4 d6 Nxc6 bxc6,10,
1517,1498,white,30+0,e4 d5 exd5 Qxd5 Nf3 Nc6 Nc3 Qd6 Bb5 Bg4,10,163.73
1739,1847,black,60+0,d4 d5 c4 e6 Nc3 Nf6 Nf3 Bb4 e3 c6,10,1751.68
1445,1514,black,600+0,c4 e5 e4 Nf6 d4 Nxe4 Bd3 f5 dxe5 Qe7,10,
2566,2639,black,30+0,Nf3 c5 e3 e6 Nc3 Nf6 d4 b6 Bd3 Bb7,10,1502.84
1708,1470,white,600+0,e3 e5 Nc3 d5 b3 d4 exd4 exd4 Ne4 Bf5,10,
1406,1357,white,600+0,d4 d5 Nf3 Nc6 e3 b6 Bb5 Bb7 Bxc6+ Bxc6,10,
1427,1430,black,600+0,e4 e5 Nf3 Qf6 d4 Nc6 d5 Nd4 Bg5 Qg6,10,
1693,1457,white,180+0,d4 d5 Bf4 e6 e3 a6 a3 b6 Nc3 Bd7,10,
1507,1741,black,180+0,e3 d6 d4 c6 Nf3 Qc7 Nc3 Nd7 e4 h6,10,
2015,1879,draw,180+0,g3 d5 Bg2 c6 c4 e6 Qc2 Nf6 Nf3 Bd6,10,
1607,1094,white,60+0,d4 f6 Bf4 d6 e3 e5 dxe5 fxe5 Bg3 Nc6,10,
1494,1517,white,60+0,e4 e5 Nf3 Nc6 Bc4 Bc5 O-O Nf6 Nc3 O-O,10,
1605,1637,white,180+0,e4 e5 Nf3 d5 exd5 Nf6 Nxe5 Qe7 f4 Nxd5,10,12946.12
1645,1790,black,60+0,e4 e6 Nf3 d6 d4 Be7 Bb5+ c6 Bd3 h6,10,
1823,1726,black,600+0,f4 e6 Nf3 d6 d4 g6 e3 Bg7 c3 Nf6,10,
1668,1591,white,300+10,d4 e6 Bf4 c5 e3 cxd4 exd4 Qb6 b3 Nc6,10,
1610,1774,white,600+0,d4 d5 Nf3 e6 e3 Bd6 c4 dxc4 Bxc4 Nf6,10,
1586,1548,black,60+0,Nf3 d5 g3 e6 d4 c6 Bg2 f5 c4 Nf6,10,
1933,1914,white,1200+0,d4 Nf6 Nc3 d5 Nf3 g6 Ne5 Bg7 e3 O-O,10,
1296,1488,black,240+4,Nf3 e6 h4 d5 d3 Be7 Nc3 Nc6 Bf4 f6,10,
1558,1680,white,600+15,e4 e5 Nf3 Nc6 Bb5 Bc5 O-O Nf6 d3 d6,10,
1902,1843,black,540+3,d4 d5 c4 Bf5 Nc3 e6 Nf3 a6 Bg5 Nf6,10,
2055,1980,white,180+0,e4 Nf6 e5 Nd5 c4 Nb6 c5 Nd5 Nc3 e6,10,
1580,1684,draw,300+0,e4 e5 Nf3 d6 c3 h6 Be2 Be7 O-O Nf6,10,
1611,1635,white,600+0,d4 d5 Bf4 Nf6 e3 Bf5 Bd3 Bxd3 Qxd3 Nc6,10,1834.07
1500,1342,black,60+0,d4 e6 e3 d5 Nf3 c5 a3 Nc6 dxc5 Bd7,10,
1530,1542,white,480+0,g3 c6 Bg2 Qc7 Nf3 e6 e4 Nf6 e5 Nd5,10,
1805,1839,white,300+0,f4 Nf6 Nf3 d6 e3 Bg4 Be2 c5 O-O Nc6,10,
1834,1599,white,180+0,e4 e5 Nf3 d6 d4 exd4 Bc4 Be7 O-O Nf6,10,
1590,1786,white,300+0,e4 c5 Nc3 Nc6 Nf3 g6 Bb5 Bg7 Bxc6 bxc6,10,
1319,1125,white,360+0,e4 d5 exd5 Qxd5 Nc3 Qd8 d4 e6 Nf3 Bb4,10,
1617,1494,black,180+0,e4 e5 Nf3 d6 d4 f6 Bd3 b6 c3 a6,10,
2093,1835,white,240+2,c4 e5 g3 f5 Bg2 Nf6 Nc3 Bc5 e3 O-O,10,
1360,1331,black,900+0,e4 e5 Qh5 Nf6 Qxe5+ Be7 d3 O-O Bg5 d6,10,6743.37
1783,1737,black,180+2,d4 Nf6 c4 c5 d5 b5 cxb5 a6 b6 Qxb6,10,
1757,1850,draw,300+0,e4 e5 Nf3 Nc6 Bb5 d6 Bxc6+ bxc6 d4 exd4,10,
1839,1381,white,1200+0,e4 e5 f4 Bd6 f5 Nf6 Nc3 g6 fxg6 hxg6,10,
2003,2134,black,300+0,d4 d5 c4 c6 Nc3 e6 e3 f5 c5 Nf6,10,
2164,2178,white,180+0,c4 c5 Nf3 Nf6 d4 cxd4 Nxd4 g6 Nc3 Bg7,10,
1676,1441,black,360+0,e4 e5 Nf3 d6 b3 Be7 Bb2 Bd7 Nc3 c6,10,2244.26
1848,1862,white,300+0,e4 c5 Nc3 d6 f4 g6 Nf3 Bg7 Bc4 e6,10,
1973,1857,white,180+0,e4 c5 d4 cxd4 c3 dxc3 Nxc3 e6 Nf3 Nc6,10,
2168,1883,white,180+0,e4 c5 Nf3 Nf6 e5 Nd5 Nc3 Nxc3 bxc3 d6,10,
1722,1829,white,180+0,e4 e5 Nf3 Nc6 Bc4 d6 O-O Be7 c3 Nf6,10,
1859,1696,black,180+0,e4 d5 exd5 Qxd5 Nc3 Qd8 Nf3 c6 d4 e6,10,
2199,1836,white,480+0,e4 e5 Nf3 d6 Nc3 Nc6 Bb5 Bg4 d4 a6,10,2137.86
1676,1508,white,600+0,e4 e5 Nf3 Nc6 h3 Nf6 d3 a6 Be2 Bc5,10,
1762,1625,white,180+0,d4 Nf6 g4 Nxg4 e4 d6 Bh3 Nf6 Bg5 Nxe4,10,
1221,1267,white,600+0,e3 e5 d4 d5 Nf3 Nc6 Nc3 Nf6 Bd3 e4,10,
1213,1239,white,360+5,e4 e5 Nc3 Bc5 Nf3 Nf6 Nxe5 d6 Nc4 Ng4,10,1913.52
1316,1181,white,300+3,e4 e5 Nf3 Nc6 Bc4 Nd4 d3 Nxf3+ Qxf3 Nf6,10,
1500,1351,white,300+3,e4 d5 exd5 Qxd5 d4 e5 Be3 Nc6 c4 Qd8,10,
1431,1457,white,300+8,e4 c5 d4 cxd4 Qxd4 Nc6 Qc3 d6 Bb5 Nf6,10,
1438,2108,black,180+0,c4 d5 cxd5 Nf6 Nf3 Nxd5 g3 Nc6 Bg2 e5,10,
1768,1736,white,300+3,d4 d5 c4 c6 Nf3 Bg4 e3 e6 h3 Bh5,10,
1181,1133,black,180+3,e4 f6 Nf3 e5 d4 Bb4+ c3 Be7 dxe5 d5,10,
1827,1783,black,60+0,e4 g6 d4 Bg7 Nf3 c5 c3 cxd4 cxd4 d5,10,
1965,1910,white,30+0,e3 Nf6 Bc4 d6 Bxf7+ Kxf7 Nf3 e6 d4 h6,10,
2143,2120,white,180+0,e4 c5 Nf3 e6 d4 cxd4 Nxd4 a6 Nc3 Qc7,10,
1944,1892,white,30+0,d4 g6 c4 Bg7 e3 e6 Bd3 Ne7 Bd2 O-O,10,
1683,1585,black,180+0,d4 e6 c4 d5 Nc3 Nf6 Bg5 Nbd7 e3 Bb4,10,2392.49
1697,1569,white,420+0,Nc3 Nf6 Nf3 c5 d4 cxd4 Nxd4 a6 e4 d6,10,2868.55
1900,1889,black,180+0,e4 e6 Nf3 d5 exd5 exd5 d4 Bd6 Qe2+ Ne7,10,2477.76
1744,1743,white,60+0,b4 e5 Bb2 d6 e3 Nf6 b5 a6 a4 axb5,10,
1273,1118,white,600+3,e4 e6 d4 Nc6 Nf3 Bb4+ c3 Bd6 Bg5 Be7,10,
1516,1609,black,300+0,e4 c6 Qf3 d5 d3 dxe4 Qxe4 Nf6 Qf4 e6,10,
2016,2024,white,30+0,e4 c5 d4 e6 c3 cxd4 cxd4 d5 Nc3 dxe4,10,
1574,2528,black,30+0,b3 g5 Bb2 g4 Bxh8 Nf6 Bxf6 exf6 g3 Nc6,10,
2109,1973,draw,30+0,Nf3 a6 g3 c6 Bg2 d5 O-O Nf6 d4 e6,10,
1893,1828,black,30+0,e4 f6 f4 g6 e5 Nh6 d3 Nf7 d4 fxe5,10,
1354,1548,black,30+0,e3 e5 d4 Nc6 e4 exd4 c3 d6 cxd4 Be6,10,
1940,1958,white,30+0,e4 Nf6 d3 d5 Be3 dxe4 dxe4 Qxd1+ Kxd1 Nxe4,10,
2583,2099,white,30+0,b3 g6 Bb2 f6 h4 Bg7 h5 g5 e3 d6,10,
1589,1811,black,300+0,e4 e6 Nf3 d5 e5 c5 c3 Nc6 Bb5 Bd7,10,57.41
1711,2120,black,30+0,e3 d5 h4 e6 g4 Nf6 g5 Nfd7 Nh3 h6,10,
1092,1070,white,900+15,e4 e5 Nf3 Nc6 Nc3 a6 Bc4 Na5 Bb3 Nxb3,10,
2257,2274,black,60+0,d4 Nf6 c4 g6 Nc3 Bg7 e4 d6 Nf3 O-O,10,
1417,1596,white,600+8,e4 e5 Nf3 d6 Bc4 Bg4 h3 Bh5 O-O a5,10,
1430,1479,white,300+5,e4 a6 d4 b5 a4 Bb7 Bd3 Nf6 Qe2 c6,10,
1779,1912,black,30+0,e4 c6 f4 g6 Nf3 Bg7 e5 d5 d4 e6,10,88.39
1500,1545,black,180+0,d4 c6 Nf3 e6 Bg5 d5 Bxd8 Ne7 Bxe7 Bxe7,10,
1324,1175,white,900+15,e4 e5 c3 Nf6 f3 d6 d4 exd4 cxd4 Nc6,10,3249.56
1913,1930,white,180+0,d4 c6 c4 d6 Nc3 Nd7 Nf3 Qc7 e4 e5,10,
1753,1570,white,180+0,e4 e5 Bc4 Nc6 Qh5 Qf6 Nf3 d6 c3 g6,10,
2153,1960,white,30+0,Nf3 d6 c4 e5 d3 Nf6 Nc3 Nc6 e4 Bg4,10,
1963,1714,white,30+0,Nf3 e5 g3 d6 Bg2 Nc6 e3 Nf6 O-O Bg4,10,
1535,1347,white,300+0,e4 c6 Bc4 d5 exd5 cxd5 Bb3 e5 Qf3 Nf6,10,
1913,1996,black,300+0,f4 e5 fxe5 d6 exd6 Bxd6 Nf3 Bg4 e4 Nc6,10,
1497,1137,white,300+3,d4 d5 c4 e6 Nc3 Nf6 Nf3 Bb4 Qa4+ Nc6,10,
1877,1641,white,300+0,e4 d6 Bc4 e6 Nc3 Bd7 f4 Be7 d3 h6,10,
1813,1950,white,300+0,e4 g6 d4 Bg7 Nf3 c5 c3 cxd4 cxd4 d6,10,
1494,1570,black,300+5,e4 e5 Nf3 Nc6 Bb5 Nf6 Nc3 d6 d4 Bd7,10,
1639,1571,black,900+15,e4 e5 Nf3 Nc6 Bb5 a6 Ba4 Nf6 Nc3 Be7,10,3287.1
1356,1357,black,240+0,e3 d5 Nf3 e5 Nc3 Nc6 d4 exd4 exd4 Nf6,10,
1341,1287,white,600+0,d4 e5 e3 Nc6 dxe5 Nxe5 e4 Qh4 Nc3 Bb4,10,
1778,1803,black,60+1,b3 Nf6 Bb2 d5 Bxf6 gxf6 d4 c5 dxc5 Qc7,10,
1763,1743,white,300+0,e4 d5 exd5 Qxd5 d4 e5 dxe5 Qxd1+ Kxd1 Nc6,10,
1742,1644,draw,300+0,e4 d5 exd5 Qxd5 d4 Nc6 Nc3 Qxd4 Qxd4 Nxd4,10,119.45
1963,1487,white,120+0,d4 e6 c4 h6 Nc3 a6 e4 d6 Be3 Bd7,10,1787.48
1645,1290,white,180+5,e4 c5 Nf3 d6 Be2 a6 O-O Nf6 c3 e5,10,
1246,1466,black,180+2,d4 d5 c4 dxc4 e3 e5 Bxc4 c5 Nf3 cxd4,10,
1752,1433,white,120+1,b3 c6 Bb2 d5 g3 Nd7 Bg2 e5 c4 Ngf6,10,
2406,2246,white,180+0,e4 Nf6 Nc3 d5 e5 d4 Nce2 Ne4 d3 Nc5,10,
1944,1920,black,180+2,e4 d5 exd5 Nf6 Bb5+ Nbd7 Nc3 a6 Ba4 b5,10,
1970,1365,white,60+0,Nf3 e6 d4 b6 c4 Bb7 g3 Be7 Bg2 Nc6,10,
1740,1448,white,120+0,e4 g6 d4 Bg7 c4 d6 Nc3 Be6 Nf3 f6,10,
2079,2242,white,180+0,e4 e6 d4 d5 exd5 exd5 c4 c6 Nc3 Nf6,10,
1953,1605,white,120+2,e4 e5 Nf3 d6 d4 exd4 Nxd4 Nc6 Nc3 Nxd4,10,
1622,1846,black,30+0,e4 c5 d4 Nc6 dxc5 Nb8 Nc3 e6 Be3 Bxc5,10,
1700,1767,white,60+0,e4 d5 d3 dxe4 dxe4 Qxd1+ Kxd1 Bg4+ Be2 Bxe2+,10,
2191,2039,draw,30+0,e4 d6 d4 Nf6 Nc3 g6 Bg5 Bg7 h4 c5,10,
1978,2002,white,30+0,g3 e5 Bg2 d5 e3 Bc5 Ne2 d4 exd4 exd4,10,
2019,2076,black,30+0,Nf3 g5 g3 g4 Ne5 d6 Nd3 c5 Bg2 Nf6,10,
1505,1727,black,120+0,Nf3 d6 g3 e5 Bg2 Bg4 e4 Qd7 d3 Bh3,10,
1860,1459,white,420+0,e4 h6 d4 d6 f4 Na6 Nf3 Nf6 e5 dxe5,10,
1987,1946,white,180+0,d4 f5 Bg5 d6 e3 Nd7 Bd3 Ngf6 Bxf5,9,
1667,1667,draw,180+0,e4 e6 d4 d5 e5 c5 c3 Nc6 h3 cxd4,10,
1152,987,white,180+0,e4 b6 Nc3 Bb7 Bb5 c6 Bc4 b5 Bb3 a5,10,
1812,1822,black,300+0,d4 c5 c3 cxd4 cxd4 d6 e3 Bf5 Nf3 a6,10,
1673,1729,black,180+0,e4 c5 Nc3 d6 Bc4 e6 f4 a6 Nf3 b5,10,
2102,1994,white,30+0,d4 c5 d5 e6 c4 exd5 cxd5 d6 Nc3 Nf6,10,
2120,2201,black,30+0,g3 d6 Bg2 Nf6 Nf3 g6 O-O Bg7 e3 O-O,10,
1755,1702,white,120+1,d4 d5 c4 e6 Nc3 Nf6 Bg5 Bb4 Bxf6 Qxf6,10,
1767,1761,white,30+0,e4 d5 exd5 Qxd5 Nc3 Qd8 d4 Bg4 Bf4 Bxd1,10,
1941,2065,black,180+0,Nf3 d5 d4 c6 Nc3 Bg4 Ne5 Nf6 Nxg4 Nxg4,10,
1861,1619,white,360+0,e4 d5 exd5 c6 dxc6 Nxc6 c3 Bf5 Nf3 f6,10,
1397,1347,white,300+0,e4 e5 Nf3 Nc6 Bb5 d6 Bxc6+ bxc6 O-O Ba6,10,
1623,1494,white,300+0,e4 c5 Bc4 Nc6 d3 d6 Nf3 Bg4 c3 e6,10,
1680,1828,black,300+0,e4 e5 Nf3 Bc5 Nxe5 Nf6 d3 O-O Be2 d5,10,
1731,1226,white,900+0,e4 e5 Nf3 Nc6 Bc4 Nf6 Nc3 Bb4 d3 Bxc3+,10,
1662,1842,black,600+0,e4 e5 Nf3 d6 Bc4 h6 Nc3 Nf6 d4 exd4,10,
2025,1923,white,600+0,e4 e5 Nf3 Nc6 Bb5 Nf6 Nc3 Bc5 O-O d6,10,
1490,1500,white,120+0,e4 c5 f4 Nc6 Nf3 d6 d4 cxd4 Nxd4 Bd7,10,
2072,2061,white,600+0,d4 Nf6 Nf3 e6 c4 Be7 Nc3 O-O e4 d6,10,
1399,1933,black,600+0,f4 e6 e4 b6 d4 Bb7 Bd3 c5 Be3 Nf6,10,
1948,2042,black,180+0,d4 f5 Bg5 h6 Bf4 g5 Be5 Nf6 e3 d6,10,
1899,1784,black,600+0,d4 d5 Nf3 c6 Bf4 e6 e3 f5 c4 Nf6,10,
1335,1561,black,300+0,e4 e5 Nf3 Nc6 Bc4 Bc5 Nc3 h6 d3 d6,10,
1659,1792,black,540+0,e4 e5 Nf3 d6 h3 Nf6 d3 h6 c4 Nc6,10,
1637,1671,black,300+3,e4 e5 Nf3 Nc6 d4 exd4 Nxd4 d6 Nc3 Nf6,10,
1426,1442,black,180+0,e4 c5 a3 b6 Bc4 Bb7 Qf3 e6 Nh3 f5,10,
1820,1865,black,1200+0,e4 c5 f4 Nc6 Nf3 Nf6 Nc3 e6 Bc4 Be7,10,
1598,1553,white,60+0,e4 e5 f4 d6 Nf3 exf4 Bc4 Be6 d3 Bxc4,10,
1514,1751,white,600+0,e4 e5 Nf3 Nc6 Bc4 Bc5 b4 Bxb4 c3 Be7,10,110.59
1394,1680,black,300+0,e4 g6 Bc4 Bg7 Qf3 e6 d4 Nc6 c3 Na5,10,
1856,1589,white,180+2,d4 Nf6 c4 e6 Nc3 Bb4 f3 c5 d5 exd5,10,881.98
2115,2281,black,60+0,d4 g6 Nc3 Bg7 e4 d6 f4 c6 e5 d5,10,
1949,1787,black,60+0,Nf3 Nf6 e3 e5 d4 e4 Nfd2 d5 c4 c6,10,
1879,2004,white,180+0,e4 e5 d3 Nf6 f4 Nc6 fxe5 Nxe5 d4 Ng6,10,
1898,1624,white,600+0,e4 e5 Nf3 d6 Bc4 Bg4 h3 Bxf3 Qxf3 f6,10,
1889,1759,white,420+3,e4 c5 Nf3 d5 exd5 Qxd5 Nc3 Qh5 Be2 Bg4,10,
1536,1622,black,120+0,d4 Nf6 c4 g6 e3 Bg7 a3 O-O b4 d6,10,
1295,1050,white,300+0,e4 e5 Nc3 Bb4 Nf3 Nc6 d4 Bxc3+ bxc3 f6,10,17850.2
2309,2225,white,120+10,d4 Nf6 c4 e6 Nc3 d6 e4 Nbd7 Nf3 c5,10,
1634,1552,white,360+0,e4 e6 d4 d5 e5 c5 Nc3 cxd4 Qxd4 Bd7,10,
1674,1811,draw,600+0,e3 e5 Bc4 d5 Bb5+ c6 Ba4 b5 Bb3 a5,10,2518.11
1497,1582,white,540+0,Nf3 d6 d3 e5 Bg5 Be7 Bxe7 Qxe7 Nc3 Nf6,10,
1226,1692,black,60+0,d4 c5 dxc5 e6 e4 Nf6 Nc3 Nc6 Nf3 Bxc5,10,
2158,2134,black,180+0,e4 d6 d4 Nf6 Nc3 g6 Be3 a6 f3 b5,10,
1986,2001,black,180+0,e4 c6 d4 d5 exd5 cxd5 Nf3 Nc6 Bd3 Nf6,10,
1659,1573,white,1080+3,Nf3 d5 c4 Nf6 cxd5 Nxd5 e4 Nf4 d4 Ne6,10,
1641,1693,white,300+2,d4 c5 e3 cxd4 exd4 Nc6 Nf3 d5 Bf4 g6,10,
2651,2585,black,30+0,e4 d5 exd5 Qxd5 Nc3 Qa5 Nf3 Nf6 d4 Bf5,10,
1821,1341,white,30+0,e3 e5 d3 d6 Be2 Nc6 Bd2 Nf6 Nc3 Bd7,10,
1459,1878,white,30+0,d4 c5 c4 cxd4 e3 Nc6 exd4 d5 c5 e6,10,
1622,1624,white,30+0,e4 e5 d4 d5 Nf3 dxe4 Nxe5 f6 Nc4 Bc5,10,
1697,1602,black,300+4,e4 c5 Nf3 e6 d4 cxd4 Nxd4 Bc5 Nb3 Bb6,10,1867.4
1804,1831,draw,30+0,g3 c6 Nf3 d5 Bg2 Nf6 O-O e6 d3 Be7,10,
2398,2148,white,300+0,g3 d5 f4 g6 Bg2 Bg7 Nf3 c5 O-O Nc6,10,
2555,2098,white,30+0,Nf3 g6 Nc3 Bg7 e4 Nf6 e5 O-O exf6 exf6,10,
1579,1596,white,300+0,e4 e5 d4 exd4 c3 d3 Qxd3 Nc6 Bf4 Qf6,10,
1502,1483,white,300+0,d4 d5 Nc3 Nf6 Nf3 Bf5 Bf4 e6 Nb5 Bd6,10,
1828,1838,white,300+0,e4 e5 Nf3 Nf6 Nc3 Bc5 d4 exd4 Nxd4 Bxd4,10,
1573,1495,black,420+0,e4 e5 Bc4 Nf6 Nf3 Nc6 d3 Na5 Nxe5 Nxc4,10,
1239,1329,black,300+0,e4 e6 d4 Bb4+ c3 Bd6 e5 Be7 Bb5 f6,10,
1744,1822,black,180+2,e4 c6 d4 d5 Nc3 dxe4 Nxe4 Nd7 Nf3 Ngf6,10,
2015,2015,black,480+0,e4 Nc6 d4 e5 dxe5 Nxe5 f4 Ng6 Nf3 Bc5,10,
1610,1216,white,120+5,d4 d5 c3 e6 g3 b6 Bg2 Bb7 Nf3 Nc6,10,
1906,1902,black,300+0,e4 e5 Nf3 Nc6 Bc4 Bc5 c3 Qf6 O-O Nge7,10,
1907,1849,black,300+0,e4 c6 d4 d5 Nc3 dxe4 Nxe4 Nf6 Nxf6+ exf6,10,
1380,1494,white,180+5,e4 e5 Nf3 Nc6 g3 Nf6 d3 Bc5 Bg2 h6,10,
2363,2143,white,180+0,d4 Nf6 Nc3 c5 d5 e6 e4 exd5 exd5 d6,10,
1899,1962,white,180+0,d4 d5 Nc3 Nc6 Bf4 Bf5 e3 e6 a3 f6,10,
1605,1616,black,240+5,e4 c6 Bc4 d5 exd5 cxd5 Bb3 Bf5 d3 e6,10,
2126,2481,black,480+0,d4 Nf6 Nf3 e6 c3 c5 Bg5 cxd4 cxd4 Be7,10,
2106,2191,white,300+0,e4 e5 Nf3 Nc6 Bb5 Nf6 d3 d6 Nc3 Be7,10,4684.43
1416,1551,black,180+0,e4 e5 d3 Bc5 Bd2 Qh4 h3 Qxf2#,8,
1755,1712,black,60+0,e4 d5 exd5 Qd6 Nc3 e6 dxe6 Bxe6 d4 Qd8,10,
1551,1964,black,180+0,e4 c6 Nf3 e6 Bc4 d5 exd5 cxd5 Bb5+ Nc6,10,
1935,1936,white,60+0,e4 d5 exd5 c6 dxc6 Nxc6 Nc3 Bd7 Bb5 Nf6,10,
1635,1481,white,600+5,e4 e5 Nf3 Nc6 Bb5 Nf6 O-O Bc5 Bxc6 dxc6,10,111.09
2039,1802,white,180+0,e4 e5 d4 exd4 c3 dxc3 Bc4 cxb2 Bxb2 f5,10,
1767,1883,black,300+5,c4 e5 g3 Bc5 e3 Nc6 Bg2 Nf6 Ne2 a6,10,
1828,1875,white,180+0,e4 c5 Nf3 g6 d4 c4 Bxc4 Bg7 O-O Nf6,10,
1236,1233,black,600+0,e4 c5 f4 Nf6 e5 Ne4 d3 Qa5+ Bd2 Qa4,10,
1678,1609,white,300+0,d4 g6 Nf3 Bg7 g3 Nf6 Bg2 d5 O-O Bf5,10,211.53
1724,1713,black,600+0,e4 c5 Bc4 d6 a3 e5 h3 Nf6 d3 Be6,10,
1766,1625,black,180+0,e4 e6 Nf3 d5 e5 c5 d4 Nc6 Be3 g6,10,
1841,1710,black,300+0,d4 e6 c4 Qe7 e4 a6 Nc3 b6 Bf4 d6,10,
1699,1694,white,300+0,e4 e6 d4 d5 exd5 exd5 Nf3 Nf6 Bf4 Be7,10,
1368,1338,black,420+0,e4 e5 Nf3 Nc6 Bc4 h6 d4 exd4 Nxd4 Qf6,10,
1503,1400,white,120+0,d4 c6 Nc3 d5 e4 dxe4 Nxe4 e6 Nf3 Nf6,10,
1942,1898,white,120+1,e4 e5 f4 exf4 Nf3 d6 Bc4 Be6 Bxe6 fxe6,10,67.38
1797,1955,white,30+0,b3 Nc6 Ba3 Nb8 Nc3 d6 d4 Nd7 e4 g6,10,
2004,2202,black,30+0,d4 e6 c4 Be7 Nc3 d5 Nf3 dxc4 e3 Nf6,10,
1674,1500,white,600+0,e4 Nc6 Nf3 e5 Bc4 d6 d3 Nf6 Ng5 Bg4,10,
1756,1663,white,180+15,d4 d5 Nf3 Bf5 a3 Nf6 Nc3 e6 Bg5 Be7,10,
1666,1696,white,30+0,c3 b6 Qb3 Bb7 Nf3 e6 Ng5 d5 c4 Qxg5,10,
2051,1818,black,60+0,c4 Nf6 Nc3 e6 g3 d5 cxd5 c6 Bg2 exd5,10,
1727,1684,white,30+0,e4 c5 Nf3 e6 d4 cxd4 Nxd4 Nf6 Nc3 Bb4,10,
2134,1573,white,30+0,d4 g6 Nc3 Bg7 e4 Bxd4 Qxd4 Nc6 Qxh8 e5,10,
1923,1819,draw,30+0,d4 e6 Bf4 c5 e3 cxd4 exd4 Nf6 c3 d6,10,
2234,2114,white,30+0,Nf3 e6 e4 Be7 d4 d5 Nc3 dxe4 Nxe4 f5,10,
2528,1954,white,30+0,Nf3 e6 g4 d5 g5 Nc6 Rg1 Bd6 h4 Bf4,10,
1514,1661,white,600+2,e4 b6 d4 Bb7 Nc3 e6 Nf3 Bb4 Bd3 Nf6,10,46.99
1368,1295,black,300+3,e4 Nf6 Nc3 d5 f3 e5 d4 Nc6 exd5 Nxd5,10,
1282,1478,white,300+3,d4 d5 c4 e6 e3 Nf6 Nf3 h6 Nc3 a6,10,1357.52
1629,1549,white,120+1,e4 e6 d4 d5 e5 c5 c3 Nc6 Nf3 Qb6,10,
1436,1766,black,60+2,e4 e5 Nf3 Nc6 d4 exd4 Nxd4 Nxd4 Qxd4 Qf6,10,
1977,2014,black,180+0,e4 c5 Nf3 Nc6 Nc3 a6 Be2 e6 O-O d5,10,4820.37
1452,1376,white,900+0,e4 e5 Qh5 Nc6 Bb5 a6 Bxc6 dxc6 Qxe5+ Be6,10,
1611,1266,white,600+0,d4 d5 Nc3 e6 a3 Nc6 Qd3 Bd7 e4,9,
1904,1611,white,60+0,e3 e5 b3 d5 Bb2 Be6 Bxe5 f6 Bb2 Be7,10,
1835,1584,white,300+0,d4 Nf6 g3 g6 Nf3 Bg7 Bg2 O-O O-O d6,10,3555.84
1823,1623,white,180+3,Nf3 a6 g3 b5 Bg2 d5 d3 c6 b3 Be6,10,
1467,1881,black,300+0,b3 e6 Bb2 d5 g3 Nf6 Bg2 c5 e3 Nc6,10,
1752,1508,black,420+7,e4 c5 Nf3 d6 Bc4 Nc6 d3 Nf6 Ng5 e6,10,
1340,1532,black,300+8,d4 Nf6 d5 d6 c4 e6 dxe6 Bxe6 e3 c5,10,
2359,2109,black,60+0,e4 d5 exd5 Nf6 Bb5+ c6 dxc6 bxc6 Bc4 e5,10,
1547,1411,white,60+0,e4 e5 Nf3 Nc6 Bb5 d6 d4 Bd7 dxe5 Nxe5,10,
1509,1412,white,300+0,e4 e5 Nf3 Nf6 Nxe5 Bd6 d4 O-O Bc4 Bxe5,10,
1903,1739,white,300+0,e4 c5 Nf3 Nc6 d4 cxd4 c3 d6 cxd4 Nf6,10,
1684,1734,white,300+0,e4 d6 Nf3 e5 c3 Nf6 Be2 Nxe4 Qa4+ Nc6,10,
1769,1793,white,300+0,Nf3 Nc6 d4 d5 Bf4 Bg4 e3 Nf6 Bd3 e6,10,
1974,2198,black,300+0,e4 e5 d4 exd4 f4 d5 e5 c5 Nf3 Nc6,10,
1681,1797,black,480+0,e4 e5 Nf3 Nc6 d4 exd4 Nxd4 Nf6 Nc3 Bb4,10,
1776,1968,white,60+0,d4 d6 c4 Nd7 Nc3 g6 e4 Ngf6 f4 Bg7,10,
1620,1665,black,600+0,e4 e6 Nc3 b6 Nf3 Bb7 d4 h6 Bf4 Bb4,10,
1640,1774,black,60+1,e4 Nf6 e5 Nd5 d4 d6 c4 Nb6 Nc3 dxe5,10,
1506,1524,black,600+0,e4 e5 Nc3 Nf6 Nf3 Nc6 Bb5 d6 d3 Bd7,10,
1724,1922,black,45+3,e4 d6 d4 Nf6 Nc3 c6 Nf3 Qa5 Be2 Nxe4,10,
1399,1268,white,1200+0,e4 c6 Bc4 e6 e5 Qg5 Qf3 Qxe5+ Ne2 b5,10,
1783,1552,black,180+0,e4 d5 exd5 Qxd5 Nc3 Qd8 Nf3 e6 d4 Nf6,10,
1455,1837,black,300+5,d4 d5 Nc3 Nf6 Bf4 e6 e3 Bb4 Qd2 O-O,10,
1349,1354,white,300+0,e4 e5 Nf3 Nc6 Bc4 h6 d4 f6 dxe5 Nxe5,10,24761.25
1949,1879,black,300+0,e4 c6 d4 d5 Nc3 dxe4 Nxe4 Bf5 Ng3 Bg6,10,1110.56
1925,1935,black,180+0,d4 Nf6 c4 e6 Nf3 Bb4+ Nbd2 O-O e4 Nxe4,10,
1961,1911,white,180+2,d4 d5 c4 c6 Nc3 Nf6 Nf3 a6 e3 Bf5,10,
1869,1869,white,120+0,e4 Nf6 e5 Nd5 c4 Nb6 c5 Nd5 Bc4 e6,10,
1282,1403,black,180+0,e3 e5 f3 d5 b3 Nf6 Bb2 Nc6 Nc3 Bc5,10,
1709,1968,black,30+0,e4 d6 Bc4 Nf6 Nc3 Bg4 f3 Be6 d4 Bxc4,10,
1941,1484,white,360+0,e4 e5 Nf3 Nc6 Bc4 Nf6 d3 h6 a3 a6,10,
1761,1630,white,180+2,e4 e5 f4 d6 Nf3 exf4 Bc4 g5 O-O Qf6,10,
1486,1559,white,30+0,e4 e6 d4 d6 Nc3 b6 Nf3 Bb7 Bb5+ Bc6,10,
1907,1530,black,30+0,e4 e5 Nf3 Nc6 d4 Nf6 d5 Nd4 Nxd4 exd4,10,
1508,1696,white,300+0,e4 c5 Nf3 Nc6 Nc3 e6 Bc4 Be7 O-O Nf6,10,
1870,1971,white,300+2,c4 e5 Nc3 f6 Nf3 Ne7 d4 exd4 Nxd4 Ng6,10,41.82
1354,1763,white,600+0,d4 d5 Bf4 c6 e3 f5 Nc3 Nf6 Be5 e6,10,
1854,1884,black,300+0,e4 c5 Nf3 Nc6 d4 cxd4 Nxd4 e5 Nb5 a6,10,
1634,1786,white,300+8,e4 e6 Nf3 Nc6 d4 Nf6 e5 Ne4 Bd3 d5,10,
1956,1762,white,360+0,d4 d5 Bf4 Bf5 e3 e6 Bd3 Bg6 Bxg6 hxg6,10,
1041,1097,white,300+0,d4 d5 Bf4 Bf5 Nf3 f6 e3 e5 dxe5 fxe5,10,
1996,1937,white,180+0,d4 f5 Bg5 g6 e3 Bg7 h4 Nf6 Bxf6 Bxf6,10,
2051,1867,black,300+5,d4 d5 c4 c6 Nf3 Nf6 Nc3 e6 e3 Bb4,10,
1290,1457,black,90+2,e4 c5 d3 a6 Bd2 e6 Be2 Qc7 Nf3 Ne7,10,
2599,1952,white,30+0,d4 b6 Nf3 Bb7 e3 e6 Ba6 Nf6 Bxb7 Nc6,10,
1762,1714,white,60+0,e4 d5 d4 dxe4 Nc3 Nc6 Bf4 Qxd4 Qxd4 Nxd4,10,
1901,1975,black,30+0,d4 d5 Bg5 c6 Bh4 f6 Bg3 e5 dxe5 Nd7,10,
1826,1786,white,360+0,e4 d6 d4 g6 Nf3 Bg7 Nc3 Bg4 Be2 Nf6,10,3235.1
1848,2043,draw,300+0,e4 c5 Nf3 d6 c4 Nc6 d4 cxd4 Nxd4 Nf6,10,5.32
1696,1677,black,600+0,e4 b6 d4 g6 Nc3 Bg7 Nf3 Bb7 Bc4 e6,10,
1763,1814,black,180+2,e4 c5 d4 cxd4 c3 d3 Bxd3 g6 Nf3 Bg7,10,
1667,1734,white,180+0,e4 d5 exd5 Qxd5 Nc3 Qd8 d4 Nf6 Bc4 Bg4,10,
1910,1888,white,300+3,e4 c5 Nf3 d6 d4 cxd4 Nxd4 Nf6 Nc3 a6,10,
1732,2032,black,240+0,e4 c5 Nf3 Nc6 Bc4 d6 c3 g6 d4 cxd4,10,
1854,1521,white,600+0,e4 c5 Bc4 d6 d3 g6 Nf3 Bg7 h3 Nc6,10,
1500,1464,black,300+0,Nf3 d5 e3 Nc6 Nd4 Nxd4 exd4 e6 Qf3 Nf6,10,
1793,1911,white,600+2,e4 c5 Nf3 d6 d3 Nf6 Be2 Nc6 O-O g6,10,
1603,1562,white,60+0,c4 d5 Nc3 d4 Ne4 e5 Ng3 Nf6 e4 Be7,10,
1455,1564,black,480+0,e4 e5 Bc4 c5 Qf3 Nf6 Nc3 Nc6 Nd5 Nd4,10,
2054,2079,black,30+0,d4 Nf6 Nf3 c5 Bg5 cxd4 Bxf6 d5 Qxd4 exf6,10,
2143,2285,black,180+0,e4 g6 d4 Bg7 Nc3 d6 Be3 a6 Qd2 b5,10,6034.62
1667,1790,black,180+0,Nf3 d5 d4 c6 e3 e6 c4 Nf6 Nbd2 dxc4,10,
1508,1518,white,300+0,d4 d5 Bg5 Nf6 Nc3 c6 Nf3 h6 Bh4 e6,10,
1217,1270,black,300+0,e4 e5 Qh5 Nc6 Bc4 g6 Qf3 Nf6 d3 Nd4,10,
1926,1915,black,180+0,e4 c5 Nf3 e6 d4 cxd4 Nxd4 a6 Nc3 Qc7,10,
2029,2078,white,180+0,e4 c6 Nc3 d5 Nf3 Bg4 d4 a6 Bd3 dxe4,10,2791.47
1690,1714,white,900+0,d4 d5 c4 dxc4 Nc3 c6 e3 b5 a4 a6,10,
1523,1513,white,300+5,e4 e5 Bc4 Nc6 d3 Nf6 Qf3 Bb4+ c3 Bc5,10,
1394,1500,black,300+3,d4 d5 Nf3 Nf6 e3 Bg4 c4 e6 Nbd2 Bd6,10,76.28
1313,1318,white,300+0,e4 e5 Nf3 Nc6 Bb5 Nd4 Nxd4 exd4 d3 a6,10,
1375,1428,white,60+0,d4 d5 c4 e5 Nc3 exd4 Qxd4 dxc4 Qxd8+ Kxd8,10,
1916,1859,black,180+0,e4 e6 f4 d5 e5 c5 Nf3 Nc6 d3 Nge7,10,
1061,941,white,300+0,e4 e5 Nf3 Bc5 Nxe5 Nf6 f3 Nxe4 fxe4 Qf6,10,11833.17
1342,1177,black,180+5,d4 d5 c4 e6 cxd5 Qxd5 Nc3 Qd8 d5 Bb4,10,3644.28
1796,1638,black,60+0,e4 e5 d3 Nc6 Nf3 d6 Be2 Bg4 O-O Bxf3,10,
1764,1805,white,300+0,Nf3 d5 d4 Bg4 e3 c5 c4 Nf6 cxd5 Qxd5,10,
1880,1796,white,300+3,e4 b6 d4 Bb7 Bd3 e6 f4 c5 c3 Nf6,10,
1558,1506,white,180+0,e4 e6 Bc4 d5 exd5 exd5 Bb3 Nf6 Qf3 Be6,10,
1635,1779,draw,120+0,d4 d5 c4 Nf6 e3 e6 cxd5 Nxd5 Nc3 Nf6,10,
1919,1747,white,30+0,e3 Nf6 b3 d5 Bb2 Nc6 d4 e5 Nd2 e4,10,
1863,1775,white,30+0,e4 Nc6 f4 d6 e5 e6 Nf3 d5 d4 Bd7,10,
1197,1169,black,300+0,e4 e5 Nf3 g6 d4 Bg7 Be3 exd4 Bxd4 Nc6,10,13279.24
1826,1878,white,30+0,d4 c6 c3 d5 e3 e5 h3 e4 a3 f5,10,
1405,1289,white,900+0,e4 e5 Qh5 Nc6 Bc4 Nf6 Qf3 Bc5 d3 O-O,10,12620.92
1633,1476,black,120+0,b4 e5 a3 d5 e4 Nf6 exd5 Nxd5 Be2 c5,10,3204.23
1503,1456,white,1080+0,b3 e6 c4 d5 Bb2 Nf6 e3 Nc6 Nc3 d4,10,
2012,2557,black,30+0,e4 c6 d4 d5 e5 c5 g4 cxd4 Qxd4 Nc6,10,
1841,1616,black,30+0,c3 b6 f3 Bb7 g3 c6 Nh3 d6 Nf2 d5,10,
1599,1998,black,30+0,e4 d5 exd5 c6 Nf3 Nf6 d4 cxd5 Nc3 Nc6,10,
1218,1108,white,180+3,d4 Nc6 Nf3 Nh6 e4 f5 exf5 g5 Bd3 e5,10,
1782,2209,black,30+0,e4 e6 Nf3 Be7 d4 d5 e5 c5 Bd3 Nc6,10,
1424,1367,black,300+0,e4 e5 Bc4 Nc6 Nf3 d6 a3 Be6 Qe2 Nf6,10,
1725,1861,white,900+1,e4 e5 Bc4 Nc6 Nf3 Bc5 d3 h6 O-O Nf6,10,
1286,1193,white,180+3,e4 e5 Nf3 Nc6 Bc4 Bb4 c3 Ba5 b4 Bb6,10,
1500,1569,white,300+0,e4 e5 Nf3 Nc6 d4 exd4 Bc4 h6 O-O Nf6,10,
1191,1332,white,300+0,e4 e5 Qh5 d6 Bb5+ Bd7 Bc4 Be6 Bxe6 Qf6,10,
1674,1583,black,300+0,d4 d5 c4 c6 Nf3 Nf6 e3 Bg4 Be2 e6,10,
1857,1758,white,600+0,e4 Nf6 e5 Nd5 d4 h6 c4 Nb6 f4 e6,10,
1392,1441,black,600+0,e4 e5 d4 exd4 Qxd4 Nc6 Qd1 Nf6 Nc3 Bc5,10,
1510,1669,black,600+0,e4 e5 Bc4 Nc6 Qf3 Nf6 Qb3 Nd4 Bxf7+ Ke7,10,
2096,2028,draw,30+0,Nf3 c5 g3 d5 Bg2 Nc6 O-O e5 e3 e4,10,17271.86
1559,1553,black,60+0,e4 c5 Nf3 d6 Nc3 Nc6 d4 cxd4 Nxd4 Nf6,10,
2137,2092,black,180+0,d4 Nf6 Nf3 d5 c3 c6 Bf4 Bf5 e3 Nbd7,10,
1707,1542,black,300+8,d4 d5 Nf3 Nf6 e3 e6 Bd3 c5 b3 a6,10,
1612,1383,white,300+0,e4 e5 Nf3 f6 Nxe5 fxe5 Qh5+ Ke7 Qxe5+ Kf7,10,
2138,1978,white,60+0,e4 e6 d4 d5 Nc3 dxe4 Nxe4 Nf6 Nxf6+ Qxf6,10,
1500,1280,white,1800+0,e4 d5 exd5 Qxd5 Nc3 Qe5+ Be2 Bg4 d4 Bxe2,10,
1847,1503,white,300+2,e4 d5 exd5 Qxd5 Nc3 Qa5 d4 e5 dxe5 Qxe5+,10,
1851,2367,black,30+0,d4 c6 c4 d5 Nc3 Nf6 cxd5 cxd5 Nf3 Nc6,10,
1528,1506,white,60+0,d4 e6 c4 Be7 e3 Nf6 c5 O-O Nc3 Ne8,10,
1323,1474,black,900+0,e3 e5 Qh5 d6 Nc3 Be6 Ne4 Qd7 Ng5 Bg4,10,
1721,1697,black,300+0,e4 e5 Nf3 Nc6 Bc4 Bc5 Nc3 Nf6 d3 d6,10,
1694,1739,black,300+0,e4 e6 Nf3 d5 exd5 exd5 d4 Nf6 Nc3 h6,10,72.0
1037,1192,black,300+0,e4 e5 Nf3 Qe7 Bc4 Nf6 d3 c6 Ng5 d5,10,
1310,1248,white,60+0,d4 d5 Bf4 Nf6 Nf3 Nc6 e3 e5 dxe5 Nxe5,10,58.91
1578,1578,black,180+0,e4 c6 f4 d5 e5 Bf5 d4 h5 Nf3 e6,10,
1745,1770,black,300+6,d4 d5 Bf4 Nc6 e3 f6 Nf3 Bg4 Bd3 e5,10,
1734,1481,white,0+2,d4 d5 c4 e6 Nf3 Nf6 Nc3 Bb4 Bg5 Bxc3+,10,
1617,1696,black,60+0,e4 c6 d4 d5 exd5 cxd5 Nf3 e6 Bb5+ Nc6,10,
2112,1965,white,300+0,e4 c5 Nf3 Nc6 d4 cxd4 Nxd4 g6 Nc3 Bg7,10,
1781,1731,black,180+0,e4 c5 Nf3 a6 d4 cxd4 Nxd4 e5 Nf5 d5,10,
1525,1573,white,120+3,Nf3 d5 d4 Nc6 c4 e6 Nc3 Bb4 Bd2 Nf6,10,
1442,1464,black,300+0,d4 Nf6 Bf4 d5 Nf3 c5 c3 e6 Nbd2 Nc6,10,3255.55
1894,2033,black,60+0,e4 e5 Nf3 Nc6 Bb5 a6 Ba4 Nf6 Bb3 Be7,10,
1923,1943,white,300+0,e4 e5 Nf3 Nc6 c3 d5 exd5 Qxd5 d3 Bg4,10,
1616,1625,white,180+0,e4 e5 Nf3 Nc6 Bb5 d6 d4 Bd7 d5 Nce7,10,67.72
2041,1968,black,300+0,e4 e6 d4 d5 Nd2 Nf6 e5 Ng8 c3 c5,10,
1690,1763,white,300+0,d4 Nf6 b3 d5 Bb2 Nc6 g3 Bf5 Ba3 h5,10,
1574,1612,white,60+4,b3 Nc6 Bb2 Nf6 e3 d5 c4 dxc4 Bxc4 e6,10,
1605,1668,black,120+0,e4 e5 f4 d5 d3 dxe4 fxe5 exd3 Bxd3 Bc5,10,
1409,1484,black,480+0,e4 e5 Nf3 Nc6 Bb5 Nf6 Nc3 Bc5 h3 a6,10,
1957,1841,white,300+0,e4 c5 Nf3 d6 d4 cxd4 Nxd4 Nf6 Nc3 a6,10,1560.12
1774,1739,white,300+0,e4 d6 d4 Nf6 Nc3 g6 Nf3 Bg7 Be3 O-O,10,
2211,1572,white,30+0,g3 g6 Bg2 Bg7 Nf3 Bxb2 O-O Bxa1 c3 Bxc3,10,
1952,1859,white,30+0,d4 e6 e3 d5 c4 c5 cxd5 cxd4 exd4 exd5,10,
1986,1989,black,30+0,g3 e5 Bg2 Bc5 Nf3 Bxf2+ Kxf2 f5 e3 e4,10,
1946,1822,black,30+0,e4 Nf6 Nf3 Nxe4 d4 Nf6 Bd3 c5 Bf5 cxd4,10,
1451,1535,white,300+0,e4 e5 Nf3 d6 d3 h6 Nc3 Nf6 Be2 Be6,10,251.37
1554,1708,black,30+0,d4 e6 e3 g5 Nf3 g4 Ne5 Qe7 Nxg4 h5,10,
1977,2058,white,30+0,g3 g6 Bg2 Bg7 c3 d6 d4 e5 Nd2 Ne7,10,
2105,1635,white,30+0,Nf3 c6 e4 d5 Nc3 dxe4 Nxe4 Nf6 Ng3 e6,10,
1534,1523,white,300+0,e4 e5 f4 exf4 Nf3 Nf6 e5 Qe7 Qe2 Nd5,10,
2111,2135,black,30+0,g3 Nc6 Bg2 e5 Nf3 Bc5 O-O d6 d4 exd4,10,
2094,2026,black,480+0,e4 d6 d4 Nd7 Nc3 g6 Bc4 Bg7 Nge2 e6,10,
1619,1448,black,180+0,e4 e5 Nf3 Nc6 Bc4 Bc5 c3 d6 a3 a6,10,
2123,1990,black,30+0,d4 g6 e3 Bg7 c4 e6 Nc3 Ne7 Nf3 d5,10,
1764,1700,black,180+0,Nc3 g6 e4 Bg7 d4 Nc6 Nce2 d5 e5 Bh6,10,
2128,2072,white,180+0,d4 d5 Nf3 e6 c3 c5 Bg5 Nf6 e3 h6,10,
1760,2004,black,180+0,d4 Nf6 e3 e6 Bd3 c5 c3 Nc6 Nd2 e5,10,
1742,1873,white,180+0,e4 e5 Nc3 d6 Nf3 Nc6 Be2 Nf6 O-O Be7,10,
1610,1713,black,900+0,e4 c5 Nf3 g6 d4 cxd4 Nxd4 Bg7 Be3 d6,10,
1967,1938,black,180+0,b3 Nf6 Bb2 d5 d3 c5 Nd2 Nc6 g3 e5,10,
2390,2531,black,300+0,e4 c6 d3 d5 Nd2 g6 Ngf3 Bg7 g3 e5,10,
2093,2149,white,60+0,e4 e6 d4 d5 Nc3 dxe4 Nxe4 Nf6 Ng3 Be7,10,
1568,1463,white,360+0,d4 c6 Nf3 d5 Nbd2 Bf5 e3 e6 a3 f6,10,
1599,1608,white,1200+0,d4 d5 c4 e6 Nf3 b6 Nc3 Nf6 Bg5 Be7,10,
1815,1787,white,120+0,e3 e5 d3 d5 b3 c5 Bb2 Nc6 f3 Bd6,10,
1906,1836,black,180+0,d4 d5 Bf4 c6 e3 Nf6 Nf3 Bg4 Nbd2 Nbd7,10,
1851,1939,black,600+0,e4 c5 Nc3 a6 Nf3 Nc6 d4 cxd4 Nxd4 e6,10,
1738,1659,black,600+0,e4 e5 d4 exd4 c3 d6 Bc4 Be6 Bxe6 fxe6,10,
1833,1909,black,300+0,e4 e5 f4 exf4 Nf3 Be7 Bc4 Bh4+ Nxh4 Qxh4+,10,
1363,1277,white,600+0,d4 d5 c4 Nf6 cxd5 Nxd5 e4 Nb4 a3 N4c6,10,
1541,1429,black,420+0,d4 d5 Nf3 Bf5 c4 e6 c5 Nf6 Nc3 Be7,10,
1459,1462,black,600+0,e4 d5 e5 f6 d4 e6 f4 c5 dxc5 Bxc5,10,
1594,1704,black,480+0,e3 f5 f4 e5 fxe5 Bc5 Nf3 Ne7 Nc3 c6,10,129.43
2024,1804,white,180+0,e4 c5 Nf3 Nc6 d4 cxd4 Nxd4 e5 Nxc6 bxc6,10,
1761,1608,black,180+2,d4 e6 c4 g5 a3 g4 e4 h5 Bd3 c5,10,
1758,1650,black,600+0,g4 e5 e3 d5 d3 Nh6 Be2 f5 gxf5 Bxf5,10,
1857,1487,white,30+0,d4 Nf6 Bf4 g6 Nf3 d6 e3 e6 c3 c6,10,
1347,1339,white,30+0,e4 e5 d3 d6 f3 Nc6 Be3 Bd7 c3 Qe7,10,11467.91
1785,1620,black,180+0,e4 e5 Nf3 d6 d4 Bg4 Qd3 Bxf3 Qxf3 exd4,10,
1723,1743,black,60+0,e4 d5 exd5 Qxd5 Nc3 Qd8 Nf3 Nc6 d4 Nf6,10,
1909,1855,white,180+0,d4 Nf6 c4 c5 Nc3 g6 e3 Bg7 Nf3 O-O,10,
1578,1442,white,300+0,d4 e6 c4 c5 d5 exd5 cxd5 c4 e4 Nf6,10,
1878,1917,white,180+2,g4 d5 Bg2 e5 c4 e4 cxd5 Qxd5 Nc3 Qa5,10,
1731,1856,black,300+0,b4 e6 Bb2 f5 b5 Nf6 e3 d5 c4 c6,10,
1920,1998,draw,300+0,d4 c6 c4 d5 Nc3 dxc4 a4 e6 e4 Bb4,10,
1813,1467,white,300+10,c4 c6 Nc3 e6 Nf3 Nf6 e4 b5 cxb5 cxb5,10,
1522,1440,white,300+0,e4 c6 Nf3 d5 exd5 cxd5 d4 Nf6 Bb5+ Bd7,10,
1178,1834,black,9000+0,e4 e5 d3 Nf6 Be3 Nc6 Nd2 d5 Qe2 h6,10,
1696,1805,white,60+0,d4 f5 c4 b6 Nc3 e6 g3 Bb7 Nf3 Bb4,10,
1527,1594,black,180+0,e4 Nf6 Nc3 e5 Nf3 Bc5 Na4 d6 Nxc5 dxc5,10,127.24
1752,1738,black,30+0,g3 d5 f3 Nf6 Bh3 c5 Bxc8 Nc6 e3 Qxc8,10,
2103,1936,white,60+0,c4 d5 Nf3 dxc4 Qa4+ Bd7 Qxc4 Nf6 g3 e6,10,
1308,1379,white,120+0,e4 c6 f3 d5 e5 e6 d4 Ne7 f4 Ng6,10,
2376,2260,white,60+1,e4 c5 Nc3 e6 Nf3 a6 d4 cxd4 Nxd4 b5,10,
1249,1225,white,240+5,e4 e5 Bc4 Nc6 d3 Bc5 Nf3 Nf6 Nxe5 Nxe5,10,
1799,1574,white,600+0,e4 b6 d3 Bb7 Nf3 Nf6 Be2 h6 h3 e6,10,
1866,1852,black,600+0,e4 e5 Nc3 Nf6 f3 Bb4 Bc4 Nc6 a3 Bxc3,10,
1855,1607,white,120+0,b3 d5 Bb2 c5 Nf3 Nc6 e3 e6 Bb5 a6,10,
2285,2247,white,60+0,e4 e6 d4 d5 Nc3 Bb4 e5 c5 a3 Bxc3+,10,
1592,1697,black,600+3,e4 c5 Bc4 Nc6 Qf3 e6 c3 Nf6 a3 d5,10,
1817,1860,black,0+4,d3 c5 b4 Nc6 bxc5 e5 Ba3 Nf6 Qd2 Be7,10,
1712,1409,black,240+0,e4 e5 Bc4 Nc6 Ne2 h6 O-O Nf6 d3 d6,10,
1529,1614,black,600+5,d4 d5 c4 e6 Nc3 Nf6 Bg5 g6 cxd5 exd5,10,
1453,1470,black,300+0,e4 c5 Bc4 a6 Qf3 e6 Nc3 Nc6 a3 Ne5,10,
1013,1118,black,300+0,e4 e6 d3 d6 Be2 Nc6 Bh5 b6 Nf3 Nf6,10,
1805,2187,white,30+0,Nf3 Nf6 g3 g6 Bg2 Bg7 O-O O-O d4 b6,10,
1772,1550,white,30+0,e4 Nc6 f4 d5 Nf3 d4 Ne5 Bg4 Qxg4 Nxe5,10,
1405,1381,white,300+8,e4 c5 Bc4 e6 d3 Nc6 c3 d6 Nf3 Nf6,10,
1995,2035,black,600+0,d4 d5 Nf3 e6 e3 f5 Be2 Nf6 Nbd2 Bd6,10,31.24
2604,2044,white,30+0,b3 g6 Bb2 Nf6 Bxf6 exf6 Nc3 Bg7 e3 O-O,10,
1953,2110,black,30+0,e4 g6 Bc4 Bg7 Qf3 e6 d4 Nc6 e5 Nxd4,10,
1465,1731,white,600+0,e4 c5 Nf3 h6 d4 cxd4 Qxd4 Nc6 Qd1 e6,10,156.08
1668,1523,black,300+0,d4 d5 c4 e6 Nc3 Bb4 Qc2 c6 a3 Qa5,10,
2634,2530,white,30+0,d4 Nf6 c4 g6 Nc3 Bg7 e4 O-O Be3 c5,10,
1519,1424,white,300+0,e4 e5 Bc4 d6 Bxf7+ Kxf7 Nc3 Nf6 d4 Be7,10,
2021,2127,black,300+0,e4 c5 Nc3 e5 f4 exf4 Nf3 Nc6 Bc4 d6,10,
1343,1455,white,240+5,d4 d5 Bg5 f6 Bf4 h5 e3 g5 Bg3 h4,10,
1867,1880,black,480+0,e4 e5 Nf3 d6 d4 exd4 Qxd4 Nc6 Bb5 Bd7,10,
1779,1956,black,600+0,e4 e6 Nf3 d5 e5 c5 d4 Qb6 Nc3 Bd7,10,
1918,1920,white,180+0,e4 c6 Nf3 e6 d4 d5 e5 c5 dxc5 Bxc5,10,
1289,1376,black,300+0,e4 b6 Nf3 Bb7 Nc3 e6 d4 Bb4 Bd2 Bxc3,10,
1437,1608,white,780+0,d4 Nf6 c4 g6 Nc3 c5 d5 e6 e4 e5,10,
1321,974,white,480+0,e4 b6 e5 d5 exd6 exd6 Qe2+ Qe7 d4 d5,10,7675.95
1366,1326,draw,0+4,d4 d5 e3 e6 Nf3 c6 Bd3 f6 O-O g6,10,
1506,1585,black,600+0,d4 d6 e4 b6 d5 g6 Bd2 Bg7 Bc3 Nf6,10,
1811,1775,black,60+0,d4 c6 c4 e6 Nc3 d5 cxd5 cxd5 e4 dxe4,10,
1620,1614,black,60+0,d4 h6 Bf4 a6 e3 e6 c4 Qe7 Nd2 Qb4,10,
1904,1842,black,120+0,d4 d5 Nf3 c6 Bg5 Nf6 Nbd2 g6 e3 Bg7,10,
1630,1705,black,240+0,e4 Nc6 Ne2 e5 Ng3 Nf6 d3 d5 Bg5 dxe4,10,
1583,1581,white,900+15,d4 d5 Bf4 e6 Nf3 Nf6 e3 c5 c3 c4,10,
1896,1687,white,180+0,e4 e6 d4 d6 c4 a6 Nc3 Bd7 f4 b5,10,
1189,1619,white,120+5,c3 d5 Na3 Nf6 Nb5 c6 Nd4 e5 b3 exd4,10,3001.37
1497,1634,white,600+0,d4 d5 c4 Nf6 Nc3 Bf5 Nf3 c5 Bg5 e6,10,
2154,2412,white,180+2,e4 c5 Nf3 d6 d4 cxd4 Nxd4 Nf6 Nc3 a6,10,
1836,1977,black,120+0,e4 c5 c3 d5 exd5 Qxd5 d4 Nc6 Nf3 Nf6,10,
1925,1740,white,180+0,e4 e6 Nf3 d5 exd5 exd5 d4 Nf6 Nc3 Bd6,10,1800.07
1374,1382,white,240+1,e4 c5 Nc3 d6 Bc4 Nf6 Nf3 e6 d4 cxd4,10,
1822,1766,draw,300+0,e4 e5 Nf3 Nc6 Bb5 a6 Ba4 b5 Bb3 d6,10,
1204,1225,black,300+0,e4 e5 Nc3 Nf6 Bb5 a6 Ba4 Nc6 Bxc6 dxc6,10,
1732,1630,black,300+5,e4 c5 Nf3 d6 d4 cxd4 Bb5+ Nc6 Qxd4 Bd7,10,
1612,1590,black,300+0,e4 e6 Nf3 Bc5 c3 Nc6 d4 Bb6 Bb5 Nge7,10,
1547,1632,black,180+0,f4 d5 Nf3 Nf6 e3 Nc6 Be2 Bd7 O-O e6,10,
1649,1622,draw,360+0,e4 d5 exd5 Qxd5 Nc3 Qd8 Nf3 Bg4 Bb5+ c6,10,74.17
1201,1259,black,180+2,Nf3 d5 d4 Nc6 c4 dxc4 Nc3 Nf6 e3 e6,10,52.16
1455,1412,black,180+2,c4 e5 d3 Nf6 Nf3 Nc6 a3 d5 cxd5 Nxd5,10,95.77
1576,1625,white,120+0,e4 d6 d3 e5 Nf3 c6 Be2 d5 c3 dxe4,10,
2142,1437,white,180+0,Nf3 d5 b3 Nc6 Bb2 e6 a4 Nf6 a5 a6,10,
2072,2063,draw,180+0,e4 d5 exd5 Qxd5 d4 Nf6 Nc3 Qd6 Nf3 Bg4,10,
1530,1591,black,180+0,e4 e5 d3 Qf6 c3 Nh6 Nf3 Nc6 Be2 Bc5,10,
1850,2055,black,180+0,d4 Nf6 c4 c5 d5 b5 Nf3 bxc4 Nc3 Bb7,10,
1814,1738,white,300+3,e4 c5 Nf3 d6 Bb5+ Bd7 Bxd7+ Nxd7 b3 Ngf6,10,63.59
1752,1713,white,30+0,e4 e5 Nf3 Nc6 Nc3 d6 d4 Nf6 d5 Nd4,10,
2243,2090,white,30+0,e4 c5 d4 d6 c3 cxd4 cxd4 d5 exd5 Qxd5,10,
1830,1738,white,30+0,d4 d5 c4 e6 cxd5 Nf6 Nf3 exd5 e3 Be7,10,
2558,2600,white,30+0,Nf3 e6 e3 d5 d4 Nf6 c4 c5 cxd5 cxd4,10,
2089,1951,black,30+0,d4 c5 Bf4 cxd4 c3 Nc6 cxd4 d5 e3 Nf6,10,
1674,1679,white,30+0,e4 e6 d4 Be7 e5 d5 Nf3 f6 c4 fxe5,10,
1080,1152,black,600+0,e3 e6 Qf3 Qf6 b3 Qxa1,6,
1253,1301,black,600+0,e4 e5 Nf3 Nc6 Bc4 Nf6 Ng5 d5 exd5 Nd4,10,
1973,1704,white,30+0,Nf3 Nf6 g4 Nc6 Bg2 Nxg4 O-O Nf6 h3 e5,10,
1943,1853,white,180+0,e4 c5 Nf3 d6 c3 Bg4 Be2 Bxf3 Bxf3 e5,10,5463.8
1750,1684,white,30+0,g3 d5 Bg2 e6 Nf3 Nf6 c3 Bd6 O-O O-O,10,
2099,1933,black,240+0,e4 e5 Nf3 Nc6 Bc4 Nf6 d3 Bc5 c3 O-O,10,
2035,2092,white,60+0,e4 e6 d4 d5 Nd2 dxe4 Nxe4 Bd7 Nf3 Bc6,10,
1985,2083,black,300+5,e4 c5 Nf3 d6 d4 cxd4 c3 dxc3 Nxc3 Nf6,10,251.12
1900,1889,black,180+0,e4 e5 d4 exd4 Bc4 d5 exd5 Qe7+ Ne2 Qb4+,10,
1312,1329,white,600+0,e4 e5 Nf3 d6 Bc4 Bg4 Nc3 Nc6 h3 Bh5,10,
1511,1545,black,120+0,d3 e6 Nc3 d5 Nf3 Bb4 Bd2 Nf6 e3 Nbd7,10,
1590,1585,black,120+3,e3 e6 d4 d5 Nf3 Nf6 c4 c6 Bd2 Nbd7,10,
1543,1501,black,300+0,e4 e5 Qh5 Nc6 c3 Nf6 Qf3 d5 exd5 Bg4,10,
1970,1187,white,900+5,e4 g6 b3 e5 Bb2 g5 Bxe5 f6 Qh5+,9,
1497,1454,black,300+0,e4 c5 Bc4 e6 d3 d5 exd5 exd5 Bb5+ Bd7,10,
1779,1795,black,600+0,e4 e6 d4 d5 exd5 exd5 c4 dxc4 Bxc4 Nc6,10,
1694,1216,white,60+0,e4 c6 Bc4 Nf6 Qf3 Qb6 e5 e6 exf6 gxf6,10,
1939,1812,black,30+0,Nf3 b5 g3 Bb7 d3 g5 Nbd2 g4 e4 Nf6,10,
1983,1893,black,30+0,e4 c5 d3 Nc6 c3 Nd4 f3 Nc6 Be2 d5,10,
1336,1453,black,300+5,e4 e5 Nf3 Nf6 d3 Nc6 d4 Nxe4 dxe5 Bc5,10,
1747,1970,white,60+0,e4 c6 e5 d5 f4 Bf5 Nf3 e6 Be2 h5,10,
1597,1442,white,600+0,e4 e5 h3 Qf6 Qf3 Bc5 Bc4 Nc6 c3 Nge7,10,
1777,1642,white,30+0,e4 c5 Bc4 Nc6 Qf3 e6 Nh3 Nge7 Ng5 Ne5,10,
2105,2212,white,30+0,d4 d5 e3 c6 Nf3 Nf6 Be2 e5 O-O e4,10,
1640,1613,white,300+0,e4 c5 Bc4 Nc6 Nc3 e6 d3 a6 Nge2 b5,10,
1571,2011,black,30+0,b3 Nf6 Bb2 g6 Bxf6 exf6 g3 Bg7 Bg2 O-O,10,
1373,1625,white,300+0,e4 e5 Nf3 Nc6 Bc4 Nf6 Ng5 d5 exd5 Nxd5,10,1791.1
1883,1777,black,120+1,c4 Nf6 Nc3 c5 g3 Nc6 Bg2 d6 Nf3 e5,10,
2044,2175,black,300+0,d4 Nf6 e3 e6 Bd3 b6 c3 c5 f4 Bb7,10,
1471,1325,white,420+0,e4 g6 d4 Bh6 Bxh6 Nxh6 Qd2 b6 Qxh6 Ba6,10,
1182,1226,black,900+3,e4 e5 Nf3 d6 h3 h6 Bb5+ c6 Bf1 a6,10,
1979,1684,black,180+0,d3 Nf6 g3 g6 Bg2 Bg7 f4 d6 Nf3 O-O,10,2275.45
1619,1745,black,120+1,d3 e5 e4 d5 exd5 Qxd5 f4 exf4 Nf3 Nf6,10,
1579,1647,white,900+0,e4 e5 Nf3 Nc6 d4 Bd6 d5 Nb4 c3 Na6,10,
1954,2190,black,30+0,e3 e5 d4 Nc6 d5 Nce7 e4 d6 c3 Ng6,10,
1722,1905,black,600+0,e4 c5 Nf3 e6 Bc4 a6 a4 d6 O-O Nc6,10,
1840,1868,white,1080+2,e4 c6 d4 d5 exd5 cxd5 Nf3 Bf5 Bd3 Bxd3,10,2540.2
1835,2031,black,60+0,e4 d5 exd5 Qxd5 Nf3 Qd8 d4 c6 c4 Nf6,10,
1945,1486,white,600+0,e4 b6 d4 Bb7 Nc3 g6 Nf3 Bg7 Bc4 e6,10,
1599,1627,black,720+8,e4 c5 e5 Nc6 Nf3 e6 b3 d5 Bb5 Ne7,10,
2094,2052,black,180+0,e4 e5 Nf3 Nc6 Bc4 Nf6 c3 Be7 O-O O-O,10,
1392,1809,black,1800+1,e4 e5 Nf3 d6 c3 Nf6 Bc4 Nxe4 Qe2 Nc5,10,92.06
1940,1448,white,300+0,e4 e5 f4 Nc6 Nf3 d6 Bb5 Bd7 O-O a6,10,
2115,1825,white,300+0,d4 d5 c4 e6 Nc3 c6 e3 Nf6 Nf3 a6,10,
2369,1992,white,30+0,d4 a6 Bf4 b6 a4 Bb7 e4 e5 Bxe5 Nc6,10,
1829,2133,black,300+0,d4 Nf6 Bf4 d5 e3 Bf5 c4 c6 Qb3 Qd7,10,
1633,1920,black,30+0,e4 d5 exd5 Qxd5 Nc3 Qd6 d4 c6 Nf3 Nf6,10,
1884,1850,white,30+0,e4 c5 Nf3 Nc6 d4 cxd4 Nxd4 Nf6 Nxc6 bxc6,10,
1780,1872,black,30+0,d4 c5 dxc5 e6 e4 Bxc5 Nf3 Qb6 Bd3 Bxf2+,10,
1635,1465,black,300+5,e4 e5 Bc4 Nc6 d3 h6 a3 a6 h3 Bc5,10,
1767,2025,black,30+0,e3 c5 Be2 d6 f3 Nc6 f4 e5 g3 exf4,10,
1314,1489,black,300+0,e4 e5 a3 d6 Nc3 Nc6 Nb5 Nge7 d3 b6,10,
1554,1549,white,30+0,e4 e5 Nf3 Qf6 Bc4 Bc5 Nc3 b5 Nd5 Qd6,10,6719.32
1830,1552,white,180+2,d4 Nf6 Nf3 g6 Bf4 d6 h3 Bg7 Bh2 O-O,10,
1701,1675,black,300+0,Nf3 Nc6 d4 d5 Bf4 Bg4 e3 Nf6 c4 e6,10,
1661,1684,white,300+0,e4 e5 Bc4 Nc6 Nc3 Nf6 Nf3 Bc5 d3 d6,10,
1926,1673,white,600+0,e4 e5 Nf3 Nc6 Bb5 d6 d4 Bg4 d5 a6,10,
1402,1469,black,300+0,e4 e5 Nf3 d6 Nc3 Bg4 Be2 Bxf3 Bxf3 Nc6,10,
1542,1571,black,300+0,d4 c5 e3 cxd4 exd4 d5 Nf3 e6 Bd3 h6,10,
1944,1909,black,300+0,e4 c5 f4 Nc6 Nf3 d6 Bc4 g6 Nc3 Bg7,10,
1733,1755,white,60+0,e4 e5 Nf3 Nc6 Nc3 f5 d3 Nf6 Be2 d6,10,
1793,1754,black,300+0,d4 d5 Nf3 e6 Bg5 Be7 Bf4 Nf6 e3 O-O,10,
2101,2139,white,180+2,Nf3 d5 c4 c6 b3 Bf5 Bb2 e6 g3 Nd7,10,
1340,1332,black,600+0,e4 d5 e5 d4 Qf3 Nc6 Bc4 e6 c3 Nxe5,10,
1583,1786,black,180+2,e4 e5 Bc4 Nf6 d4 d6 Nf3 Nxe4 dxe5 Bg4,10,
1228,1257,black,300+0,e4 c5 c3 Nc6 d4 Nf6 f3 e5 dxc5 Bxc5,10,
1798,1815,white,60+0,e4 g6 d4 Bg7 Nc3 c5 Be3 cxd4 Bxd4 e6,10,
2029,2014,black,180+2,Nf3 Nf6 g3 d5 Bg2 c5 d3 Nc6 O-O e5,10,
1902,1857,white,180+2,e4 e5 Nf3 Nc6 d4 exd4 c3 dxc3 Nxc3 d6,10,
1915,1828,white,600+0,e4 e5 Nf3 Nc6 Bb5 a6 Bxc6 dxc6 d4 exd4,10,
1347,1485,draw,600+0,e4 e5 Nf3 d6 d4 exd4 Nxd4 Nf6 Bd3 Nc6,10,
1813,1768,white,60+1,e4 g6 d4 Bg7 Nf3 d5 exd5 Nf6 c4 O-O,10,
1843,1792,white,900+10,Nf3 Nc6 c4 e5 d3 d6 g3 b6 Bg2 Bb7,10,
1493,1493,black,1500+0,e4 d6 d4 Nf6 Nc3 g6 e5 dxe5 dxe5 Qxd1+,10,65.64
1802,1934,white,60+0,b4 c6 Bb2 d5 f3 Nf6 Nh3 e6 a3 Bd6,10,
2042,1596,white,30+0,c4 g6 Nc3 Bg7 Nf3 d6 g3 Nc6 Bg2 Nf6,10,3829.09
1855,1756,black,240+0,e4 Nc6 d4 e5 d5 Nce7 c4 Ng6 Nf3 Nf6,10,
1235,1371,black,180+0,e4 e5 d4 exd4 Qxd4 Nc6 Qd5 Nge7 Qd3 Ne5,10,
1904,1984,black,480+1,d4 Nf6 c4 d5 e3 Nc6 Nc3 a6 Nf3 Bg4,10,
1987,2095,black,180+0,d4 d5 c4 c6 Nf3 Nf6 Nc3 e6 e3 Be7,10,
2270,2283,white,180+0,c4 c5 Nf3 Nc6 d4 g6 d5 Na5 e4 d6,10,
1822,1833,black,180+0,e4 c5 Nf3 Nc6 Bc4 e6 d4 cxd4 Nxd4 Nf6,10,
1901,2024,white,180+0,e4 e5 Nf3 Nf6 Bc4 Nc6 O-O Bc5 d3 d6,10,
1811,1972,black,180+0,d4 e6 e3 f5 Bd3 Nf6 Nd2 d5 f4 c5,10,
1178,1615,white,300+8,e4 c5 d4 Na6 dxc5 Nxc5 e5 d6 exd6 exd6,10,1140.77
1561,1603,black,1500+10,e4 e5 Nf3 Nc6 Bc4 Nf6 d3 d5 exd5 Nxd5,10,
1840,1608,white,180+0,e4 c5 Nf3 Nc6 d4 Nf6 e5 Nd5 Bc4 e6,10,
1557,1635,black,60+3,d4 c5 Nf3 cxd4 Nxd4 e5 Nf3 Nc6 Bg5 Qb6,10,131.4
1750,1614,black,180+0,e4 e5 Nf3 Qe7 h3 d6 Bc4 c6 d4 h6,10,
1369,1378,white,180+2,e4 e6 d4 d5 e5 f6 exf6 Nxf6 Bd3 Nc6,10,
1652,1757,black,300+0,e4 e6 Bc4 c5 c3 a6 d3 b5 Bb3 Bb7,10,
1725,1753,white,600+0,e4 e5 Nf3 Qf6 d3 h6 Nc3 c6 d4 exd4,10,
2054,2261,white,180+0,e4 e5 Nf3 Nc6 Bc4 Bc5 c3 Nf6 d3 O-O,10,
1902,2054,white,600+0,d4 Nf6 Nf3 e6 Bg5 Be7 e3 b6 Bd3 Bb7,10,37.0
1474,1401,black,300+0,e4 e5 Nf3 d6 Bc4 Be7 d3 Nf6 h3 O-O,10,
1543,1515,white,60+0,e4 c6 d4 d5 e5 Bf5 Bd3 Bxd3 Qxd3 e6,10,
1964,1899,black,180+0,e4 c5 Nf3 Nc6 d4 cxd4 Nxd4 g6 Be3 Bg7,10,
1026,1082,black,300+0,d3 e5 c3 Nc6 e3 d6 f3 Nf6 d4 Qe7,10,
1027,1182,black,300+20,Nf3 Nf6 b3 Nc6 c3 e5 d4 exd4 cxd4 d5,10,3125.88
1571,1521,white,300+2,e4 g6 Nf3 Bg7 d4 e6 c4 Ne7 Bd2 b6,10,
1668,1890,black,180+1,e4 e5 f4 exf4 Nf3 Be7 Bc4 Bh4+ Ke2 d5,10,
1514,1531,black,300+0,e4 c5 f4 Nc6 Nf3 e6 d4 cxd4 Nxd4 Bc5,10,
1855,1921,black,60+0,d4 Nf6 c4 d6 Nc3 g6 Nf3 Bg7 e4 O-O,10,
1737,1641,black,300+3,e4 e5 Bc4 Nf6 Nc3 Bb4 d3 c6 f4 exf4,10,
1974,1926,black,30+0,e3 c6 d4 g6 c4 Bg7 d5 cxd5 cxd5 d6,10,
1355,1168,black,300+0,e4 c5 Nf3 e6 Bc4 d5 exd5 exd5 Bxd5 Qxd5,10,
2001,2101,black,30+0,e4 g6 Bc4 Bg7 Bxf7+ Kxf7 f4 d6 Nf3 Nf6,10,
1864,1545,white,30+0,e4 b6 f4 Bb7 d3 g6 c4 Bg7 Nf3 Nf6,10,
1469,1728,black,120+3,g3 d5 Bg2 e6 d3 Nf6 Nf3 c5 b3 Nc6,10,
2147,2106,white,30+0,d4 Nf6 Nc3 g6 e4 Bg7 Bc4 d6 Qe2 O-O,10,
1851,1959,black,30+0,e3 c6 d4 d6 c4 e6 Nc3 f6 Be2 g6,10,
1275,1401,white,600+0,e4 e5 d4 Nc6 Nf3 exd4 Nxd4 Nxd4 Qxd4 d6,10,
1828,1922,white,360+0,Nf3 b6 d4 Bb7 Bf4 e6 e3 f5 Bd3 Nf6,10,
1545,1661,black,480+0,e4 e6 Nc3 b6 Nf3 Bb7 Rg1 h6 h3 g5,10,2100.0
1610,1410,white,600+0,e4 d5 exd5 Qxd5 Nc3 Qe6+ Be2 Nf6 Nf3 Nc6,10,
1463,1441,white,480+2,e4 d5 exd5 Qxd5 c3 e5 Nf3 Nf6 d3 Bg4,10,
1417,1888,black,600+0,g3 e5 d3 d5 f4 Bd6 Nc3 c6 d4 e4,10,
1966,1858,black,1500+0,e4 e5 f4 exf4 Nf3 Nc6 d4 g5 h4 Bh6,10,
1589,1620,white,300+0,d4 d5 c4 Nc6 Nc3 e5 e3 Bb4 Bd2 Bf5,10,
1484,1469,white,300+0,d4 d5 g3 Nc6 Bg2 e6 Nf3 h6 O-O Bd6,10,
1491,1453,white,3600+30,e4 e5 f4 f6 fxe5 fxe5 Nf3 Nc6 Bc4 Nf6,10,
1364,1449,white,180+3,e4 e5 Nf3 Nc6 Bc4 Nf6 Ng5 d5 exd5 Nxd5,10,
1741,1502,white,30+0,d4 Nf6 c4 e6 Nc3 Bb4 Nf3 b6 Qc2 Bb7,10,4249.38
1700,1771,draw,180+0,d4 d5 Nf3 e6 Bf4 Bd6 e3 Qe7 h3 Nf6,10,
1471,1419,white,300+0,e4 e5 Nf3 Nc6 Bc4 f6 Nc3 Bc5 O-O a6,10,
1591,1548,black,300+0,e4 e5 Nf3 Nc6 Bc4 h6 c3 Na5 Nxe5 Nxc4,10,
2186,1975,black,300+0,Nf3 c6 g3 d5 Bg2 Bg4 Ne5 Bf5 g4 Bg6,10,
1674,1703,white,180+0,e4 d5 exd5 Qxd5 Nc3 Qd8 Nf3 Nf6 Bc4 Bg4,10,
1314,1340,black,180+2,e4 e5 Nf3 Nc6 Bb5 a6 Bxc6 dxc6 Nxe5 Qd4,10,
1747,1511,white,600+3,Nf3 d5 g3 Nc6 Bg2 e5 d3 Bc5 Nbd2 Nf6,10,
1625,1598,black,300+0,d4 e5 d5 d6 e4 Nd7 c4 Nc5 Nc3 Nf6,10,
1664,1726,black,120+0,d4 e6 e3 c5 Nf3 Nc6 Bd3 Bd6 b3 cxd4,10,
1903,1884,black,60+1,d4 c5 c4 cxd4 Qxd4 e6 Qd1 a6 Nc3 Nc6,10,
1971,2144,black,60+0,d4 e5 c4 exd4 Qxd4 Nc6 Qd1 Bb4+ Bd2 Qe7,10,
1441,1466,white,180+2,Nf3 d5 c4 c6 d4 Nf6 Nc3 e6 Bg5 Nbd7,10,
1635,1138,white,420+0,e4 e5 f4 exf4 Nf3 Nc6 Bc4 Nh6 O-O Bc5+,10,
1455,1483,white,600+5,e4 e6 Nc3 g6 h3 Bg7 Bc4 Nf6 d3 b6,10,
1751,1828,black,1200+0,e4 c5 Bc4 Nc6 a3 a6 Qf3 e6 Nc3 Nf6,10,
2328,2303,black,180+0,d4 Nf6 c4 g6 Nc3 d5 Nf3 Bg7 cxd5 Nxd5,10,
1757,1853,black,300+0,e4 e5 Nf3 Bc5 Nxe5 Qh4 Nd3 Qxe4+ Qe2 Qxe2+,10,
1311,1758,black,420+5,e4 c5 c4 Nc6 Nc3 d6 Nf3 g6 Be2 Bg7,10,
1689,1804,white,60+0,c4 g6 b3 Bg7 Nc3 e6 Bb2 Ne7 e3 d5,10,
2605,2582,white,30+0,Nh3 e6 g3 d5 Bg2 Nf6 O-O Be7 f4 Nc6,10,
1720,1871,white,300+3,e4 c6 f4 d5 exd5 cxd5 Nc3 Nc6 d4 Bf5,10,
2307,2279,black,180+0,Nf3 Nf6 g3 d5 Bg2 e6 O-O Be7 d3 O-O,10,
1326,1916,black,30+0,e4 c5 d3 e6 Nf3 Nc6 Nc3 b6 Be2 Bb7,10,
2520,2167,white,30+0,Nf3 Nf6 g4 g6 g5 Bg7 gxf6 Bxf6 h4 O-O,10,
2031,2007,white,30+0,e4 g6 Nf3 Bg7 d4 e6 Nc3 Ne7 Bg5 d5,10,
2644,2574,black,30+0,e4 c6 Nc3 d5 Qf3 dxe4 Nxe4 Nf6 Nxf6+ exf6,10,
1824,1361,white,30+0,c3 d5 f3 e6 g3 c6 Nh3 b6 Nf2 b5,10,
2161,1777,white,30+0,e4 d5 Nc3 c6 exd5 cxd5 d4 Nf6 Nf3 e6,10,
1837,1840,white,30+0,e3 c6 d3 d5 Be2 e6 Bd2 Ne7 c4 g6,10,
1648,1679,black,300+0,e4 d5 exd5 Qxd5 Nc3 Qd8 Nf3 Nf6 d4 Bg4,10,
1547,1544,white,30+0,d4 Nc6 e3 e5 Bd3 e4 Bxe4 Nf6 Bd3 Nb4,10,
1338,1333,black,300+0,e4 e5 Nf3 Nc6 Bb5 a6 Ba4 b5 Bb3 a5,10,
1466,1468,black,60+0,e4 c5 Nc3 Nc6 d3 g6 g3 Bg7 Bg2 e6,10,205.1
1901,1929,black,300+0,d4 Nf6 Nf3 g6 Bf4 Bg7 e3 Nh5 Be5 f6,10,
1206,1695,black,60+0,d4 d5 e3 Nf6 Nc3 g6 g4 Bg7 Nf3 Bxg4,10,
2106,2094,white,30+0,e4 d5 exd5 Qxd5 Nc3 Qd8 d3 Nf6 Bd2 g6,10,5082.69
1324,1454,draw,120+1,e4 e6 d4 d5 exd5 exd5 c4 Nf6 c5 c6,10,
1889,1855,white,300+0,e4 e5 d4 exd4 c3 d5 exd5 Qxd5 cxd4 Nc6,10,
1739,1940,black,600+0,e4 e5 Bc4 Nc6 Nf3 Bc5 Bxf7+ Kxf7 d3 Nf6,10,
1068,1241,white,1800+90,e4 e6 e5 f6 Nf3 d6 Qe2 fxe5 Qb5+ Nc6,10,6336.68
2186,2084,white,180+1,e4 c6 d4 d5 e5 g6 Nf3 h5 Be2 Bg4,10,
2075,2087,black,600+6,d4 d5 c4 Be6 Nc3 Nf6 Qc2 dxc4 e3 c6,10,
1447,1648,black,600+0,e3 e5 c3 d5 d4 e4 f3 exf3 Qxf3 Nf6,10,
998,1277,white,600+0,e4 e5 Nf3 Nf6 Nc3 Bb4 Nd5 c6 Nxb4 Qa5,10,
1822,2094,black,60+1,e4 e5 Nc3 Nc6 a3 Nf6 Bc4 Bc5 d3 h6,10,
937,1175,white,300+0,h4 d5 h5 d4 e4 c5 e5 b6 Na3 e6,10,14917.4
1491,1508,black,300+0,e4 e5 d4 exd4 Qxd4 Nc6 Qa4 d5 Nd2 dxe4,10,474.32
1643,1682,black,900+15,e4 e6 d4 d5 e5 c5 c3 Nc6 Bb5 a6,10,
1649,1781,black,180+0,d4 Nf6 Nc3 d6 f3 g6 Bg5 Bg7 Qd2 Nc6,10,
1715,1636,white,30+0,e3 b6 h4 Bb7 Nh3 g6 Rg1 Bg7 g4 Nf6,10,
1219,1128,white,120+1,d4 d5 Nc3 Nf6 Bf4 e5 dxe5 Nh5 e3 f6,10,9382.31
1607,1531,white,900+0,e4 e5 Nf3 Nc6 Bc4 b6 a3 Bb7 d3 h6,10,
1609,1591,white,600+0,d4 d5 Nf3 Nc6 g3 Bf5 Bg2 Be4 b3 e6,10,
1483,1270,white,900+15,e4 c5 c4 d6 Nf3 Nf6 e5 dxe5 Nxe5 Nc6,10,
1505,1553,black,60+0,d4 d5 c4 e6 Nc3 Nf6 Nf3 Bb4 Bg5 Be7,10,
1816,1584,white,300+0,e4 Nc6 d4 e5 Nf3 d6 Bc4 Nce7 dxe5 Ng6,10,
1500,1329,black,120+0,Na3 e5 Nc4 Nc6 e3 d5 Na5 Nxa5 Bb5+ c6,10,206.4
2127,2340,black,60+0,d4 Nf6 Nf3 e6 c4 Bb4+ Bd2 Bxd2+ Qxd2 d5,10,
1847,1857,black,180+0,e4 c5 Nf3 Nc6 d4 cxd4 Nxd4 e6 Nc3 Be7,10,
1489,1299,white,120+1,d4 Nc6 c4 e6 e4 Be7 d5 Ne5 f4 Ng6,10,
1810,1787,black,360+0,d4 e6 c4 c5 e3 cxd4 exd4 d5 c5 b6,10,77.46
1484,1463,white,30+0,c4 a6 d3 b5 e4 bxc4 Nc3 c6 Nf3 Qb6,10,
1826,1695,white,600+0,e4 e5 Nf3 d6 d4 exd4 Bc4 h6 c3 dxc3,10,
1327,1412,white,600+0,e4 e5 Nf3 f6 d4 d6 d5 Bg4 Be2 Bxf3,10,11511.19
1611,1377,white,300+0,e4 e5 Bc4 Nf6 Nc3 Nxe4 Nxe4 d5 Bxd5 Qxd5,10,
1619,1466,white,600+0,e4 d6 d4 Nd7 Nf3 g6 Nc3 Bg7 Bc4 b6,10,
1599,1574,black,300+0,Nf3 g6 g3 Bg7 Bg2 c6 h3 Nf6 O-O d5,10,
1672,1548,white,300+0,d4 Nf6 c4 e6 Nc3 d5 Bg5 dxc4 Nf3 Be7,10,
1954,1989,white,300+0,d4 e6 Nf3 Nf6 Bg5 h6 Bh4 g5 Bg3 d6,10,
1678,1792,white,60+0,e4 e6 d4 d5 Nd2 dxe4 Nxe4 Nf6 Nxf6+ Qxf6,10,
1867,1656,black,300+0,e4 e5 f4 exf4 Nf3 Be7 Bc4 Bh4+ Kf1 c6,10,
1548,1500,white,60+0,d4 d5 c4 Nc6 e3 Bf5 Nf3 Bxb1 Rxb1 Qd6,10,
1566,1532,white,300+0,e4 e6 d4 c5 Nf3 cxd4 c3 dxc3 Nxc3 Nc6,10,
1757,1832,black,300+0,e4 e5 Nf3 d6 Bc4 h6 O-O c6 d4 f6,10,
1056,1072,black,300+0,e4 d6 Bc4 e6 Nf3 c6 Ng5 d5 Qf3 f6,10,
1857,1603,draw,600+0,Nf3 Nf6 c4 Nc6 g3 e5 d3 d5 cxd5 Nxd5,10,2791.3
1368,1356,white,180+2,e4 e6 d4 c6 e5 a6 Nf3 d6 exd6 Bxd6,10,
1406,1439,black,300+0,e4 b6 Nf3 Bb7 Nc3 e6 d4 Nf6 e5 Nd5,10,
1161,1048,white,600+0,e3 e5 Qf3 Nf6 g4 h6 h4 d6 g5 hxg5,10,
1595,1569,black,180+0,d4 e6 e3 d5 Nf3 Nc6 Bd3 Nf6 Nbd2 Ne4,10,
1721,1903,black,180+0,d4 Nc6 e3 d5 c3 Nf6 a3 Bf5 Bd3 Bg6,10,
1576,1500,black,480+0,e4 c5 Bc4 Nc6 Qh5 g6 Qf3 Ne5 Qb3 Nxc4,10,
1558,1528,white,180+2,c4 c5 g3 g6 Bg2 Bg7 Nc3 Nf6 Nf3 a6,10,
1359,1481,black,600+0,b3 d5 Bb2 Nc6 e3 a6 Nf3 Bg4 h3 Bxf3,10,
1604,1860,black,30+0,d4 c5 Nf3 cxd4 Nxd4 Nc6 Nxc6 bxc6 e3 e6,10,
1952,1915,white,180+0,e4 d6 Nf3 g6 e5 Bg7 exd6 exd6 Bc4 Nf6,10,
2043,2122,black,30+0,e4 e6 d4 Be7 Qf3 d5 exd5 exd5 c4 Nf6,10,
2117,1761,black,30+0,d4 g6 c4 Bg7 Nc3 Nf6 e3 e6 Nf3 O-O,10,
1482,1620,black,600+0,e4 e5 Qh5 Qe7 Bc4 g6 Qf3 Nf6 d3 Nc6,10,
2195,1946,white,30+0,Nf3 e6 b3 d5 Bb2 Nf6 e4 c5 e5 Nfd7,10,
1751,1867,black,420+10,d4 d5 Nf3 c6 Bf4 Bf5 Nc3 Nd7 e3 f6,10,
1485,1966,black,120+0,d4 e5 dxe5 Nc6 Nf3 Qe7 Bf4 Qb4+ Nc3 Qxb2,10,
1146,1134,white,180+3,e4 g6 g4 Bg7 d3 d6 c3 e5 d4 f6,10,
2041,2036,white,180+0,e4 d5 exd5 Qxd5 Nc3 Qa5 b4 Qxb4 Rb1 Qd6,10,
1798,1981,black,180+0,e4 c6 d4 d5 exd5 cxd5 c4 Nf6 Nc3 Nc6,10,
1987,1967,white,180+0,Nf3 Nf6 c4 c5 d4 cxd4 Nxd4 Nc6 Nb5 a6,10,
1720,1849,black,180+0,e4 c5 Nc3 e6 Nf3 d5 exd5 exd5 d4 c4,10,
1471,1442,white,180+2,d4 d5 Nf3 Nc6 Bf4 Bf5 e3 e5 dxe5 Nb4,10,
1419,1480,black,600+0,e4 c5 Qh5 e6 Bb5 Nf6 Qe5 a6 Bc4 Nc6,10,
1990,2107,white,180+0,d4 d5 c4 c6 Nc3 e6 e3 Nf6 Nf3 Bb4,10,
1340,1362,white,600+0,e4 e5 Nf3 Nf6 Nc3 Nc6 Bc4 Bb4 Ng5 d5,10,
1639,1638,white,600+0,d4 b6 c4 Bb7 Nc3 g6 Nf3 Bg7 Bf4 h6,10,
2210,2198,white,120+2,d4 d5 Nf3 Nf6 Bf4 Bf5 e3 c6 Be2 e6,10,
1676,1653,black,180+0,e3 e5 g3 d5 Bg2 c5 b3 Nc6 Bb2 Be6,10,
1229,1205,white,600+0,e4 e5 Nf3 Nc6 Bb5 a6 Bxc6 dxc6 Nxe5 f6,10,
1979,1969,draw,300+0,d4 d5 c4 c6 Nf3 Nf6 g3 Bf5 Bg2 e6,10,
1263,1618,black,300+0,e3 c5 d3 e6 Be2 Nc6 Nf3 d6 O-O Nf6,10,
1174,1132,white,300+3,e4 e5 Nf3 d6 Bc4 h6 O-O g5 c3 f6,10,
1662,1688,black,300+0,c4 Nf6 Nf3 g6 g3 Bg7 Bg2 d5 cxd5 Nxd5,10,
1731,1809,black,60+0,d4 e6 c4 d5 Nc3 h6 Nf3 Nf6 e3 c5,10,
1699,1978,black,30+0,e4 d5 f3 dxe4 fxe4 Nf6 d4 Nxe4 Nc3 Nf6,10,
1557,1233,white,300+3,e4 e5 Nf3 Nc6 Bc4 d6 O-O Nf6 Re1 d5,10,
1906,1970,black,30+0,g3 d5 Bg2 c6 c4 e5 cxd5 cxd5 d4 e4,10,
1634,1756,white,120+2,d4 d5 b4 Nf6 c3 e6 Bg5 Be7 a4 c6,10,
1765,1474,white,180+0,e3 d5 c4 Bf5 d4 e6 cxd5 Qxd5 Nc3 Bb4,10,
1497,1425,black,300+0,e4 e5 Nf3 Bc5 Bc4 Nc6 d3 h6 h3 Nf6,10,
1385,871,white,300+2,d4 c5 c4 Nc6 Nf3 d6 e3 Bf5 Nc3 e6,10,
1738,1711,black,180+0,e4 e6 d4 d5 exd5 exd5 c4 c5 Nf3 Nf6,10,
2044,1763,white,30+0,c4 Nf6 Nf3 e5 g3 Bc5 Nxe5 d6 Nf3 O-O,10,
1724,1883,white,30+0,d4 g6 c4 Bg7 Nc3 e6 e3 Ne7 g3 Kf8,10,
2013,2250,black,30+0,e4 c6 d4 d5 e5 e6 g4 c5 f4 cxd4,10,
1214,1276,white,1800+0,e4 e5 Nf3 Nc6 d4 f6 Bc4 Bb4+ Nc3 d6,10,95.07
1607,1554,white,60+0,d4 Nf6 e3 g6 Be2 Bg7 Nf3 O-O Bd2 d6,10,
1742,1980,white,30+0,d3 g6 Bg5 Bg7 Bc1 h6 c3 Nf6 g3 d6,10,
1518,1605,black,900+0,e4 e5 Nf3 d6 Nc3 Nf6 d4 Bg4 h3 Bxf3,10,
1594,1703,black,30+0,e4 d5 exd5 Qxd5 Nf3 Qd8 Qe2 Nf6 Qe3 Nc6,10,
2083,1895,black,30+0,e4 c5 Nf3 Nc6 d4 cxd4 Nxd4 d6 Nxc6 bxc6,10,
1839,1569,white,30+0,d4 b6 c4 Bb7 Nc3 Bxg2 Bxg2 c6 Nf3 Qc7,10,
2156,2016,black,300+2,Nf3 Nf6 c4 g6 b4 Bg7 Bb2 a5 a3 O-O,10,
1648,1637,white,300+0,e4 c5 Nf3 Nc6 d4 cxd4 Nxd4 a6 Nxc6 bxc6,10,
1595,1372,black,900+0,e4 e5 Nf3 Nc6 Nc3 Nf6 Bc4 Nd4 O-O Nxf3+,10,
1751,1754,white,600+0,e4 c5 Nf3 d6 d4 cxd4 Nxd4 Nf6 Nc3 a6,10,
1637,1598,white,480+0,e4 e6 Ne2 a6 Ng3 b5 d3 Bb7 Nd2 Be7,10,
1611,1535,black,120+7,e4 c6 d4 d5 e5 Bf5 Nf3 e6 Be2 c5,10,3742.72
1520,1588,white,120+0,d4 d5 Nc3 e6 e4 dxe4 f3 exf3 Qxf3 Nf6,10,
1536,1645,black,840+0,e4 e5 Bc4 Bc5 Qf3 Nf6 c3 d6 d3 Bg4,10,
1727,1642,white,600+2,e4 e5 f4 exf4 Nf3 Bc5 d4 Bb6 Bxf4 d6,10,
1818,1796,black,300+5,e4 e5 Nf3 Nc6 Bc4 f5 exf5 Nf6 O-O d5,10,
1633,1475,white,180+0,d4 c6 Bf4 d5 h4 Nf6 Nf3 Bf5 e3 e6,10,
1736,1699,white,60+0,d4 e6 c4 d5 Nc3 Nf6 e3 Be7 Nf3 O-O,10,
1859,1997,draw,60+8,e4 e5 Nf3 Nc6 Bb5 Nf6 O-O Nxe4 Re1 Nd6,10,
1674,1933,black,30+0,g3 f5 Bg2 g6 f3 Nh6 e3 Nf7 Ne2 Bg7,10,
1908,1851,black,180+2,d4 Nf6 c4 e6 Nc3 Bb4 e3 c5 Nf3 O-O,10,
1241,1316,black,180+0,g4 c5 Bg2 Nc6 c4 e6 Nc3 Nf6 b4 Nxg4,10,
1769,1529,white,180+0,e4 e5 Nc3 Nc6 f4 exf4 Nf3 g5 Bc4 d6,10,
1793,1951,black,60+0,d4 d6 c4 e5 Nc3 Nc6 d5 Nce7 e4 f5,10,74.5
2079,2008,black,180+2,e4 e5 Nf3 Nc6 Nc3 Nf6 d4 exd4 Nxd4 Bb4,10,
1576,1561,black,600+0,e4 c5 Nf3 Nc6 Nc3 e6 d4 d5 Be3 cxd4,10,3307.9
1602,1517,white,120+1,Nf3 Nf6 d4 d5 c4 g6 cxd5 Nxd5 e4 Nf6,10,39.14
1238,1319,white,60+0,e4 e5 Bc4 d6 Nc3 Nc6 Nd5 Nf6 Qf3 Nxd5,10,20765.53
1552,1567,black,540+0,e4 e5 Nf3 d6 d3 Bg4 Be2 Bxf3 Bxf3 Nf6,10,
2053,1790,draw,180+0,e4 c5 Nf3 d6 d4 cxd4 Nxd4 e6 Nc3 Nf6,10,
1762,1539,white,120+2,d4 Nf6 Nc3 d5 e4 dxe4 f3 exf3 Nxf3 Nc6,10,
1753,1714,black,60+0,d4 d5 e3 e6 c4 Nf6 Nc3 Bb4 Qb3 Bxc3+,10,
1831,1872,black,480+0,d4 Nf6 c4 e5 d5 d6 Bg5 Be7 Nc3 Bd7,10,
1309,1058,white,300+0,e4 e5 Nf3 Nc6 Bc4 Bc5 Nc3 Nd4 d3 Ne7,10,
1635,1500,white,300+0,e4 c5 Nf3 Nc6 d4 cxd4 Nxd4 e5 Ne2 Nf6,10,
1841,1868,white,300+0,e4 e5 Nf3 Nc6 Bc4 Nf6 d3 Bc5 O-O O-O,10,
1781,1661,black,300+0,d4 Nf6 Nf3 g6 e3 Bg7 b3 O-O Bb2 d6,10,
1467,1686,black,300+0,e4 e5 Nf3 Nc6 d4 exd4 Bb5 d6 Qxd4 Bd7,10,
1772,1790,black,180+0,e4 e5 Nf3 d6 Bc4 h6 d4 exd4 Nxd4 Nf6,10,3784.26
2110,2050,white,180+0,d4 Nf6 Nf3 e6 g3 d5 Bg2 Be7 O-O O-O,10,2655.88
1568,1360,white,1200+10,e4 e5 Nf3 Nc6 d4 d6 dxe5 dxe5 Qxd8+ Kxd8,10,
1318,1404,white,60+0,e4 e5 Nf3 Nc6 d4 exd4 Nxd4 Nxd4 Qxd4 Nf6,10,
1888,1881,black,300+0,e4 d6 Nf3 c6 Nc3 e5 Bc4 Be7 O-O Nf6,10,
2051,1657,white,300+5,b4 d5 Bb2 Bf5 f3 e6 c4 Bxb4 Bxg7,9,
1777,1705,black,120+0,c4 g6 Nc3 Bg7 d4 c6 e4 d6 Nf3 Bg4,10,
2218,1829,white,180+0,Nf3 Nf6 c4 g6 d4 Bg7 Nc3 d5 cxd5 Nxd5,10,
1515,1772,black,180+0,e4 e5 Nf3 Nc6 d4 exd4 Nxd4 Qh4 Nc3 Bb4,10,
1344,1791,black,840+0,d4 g6 e4 Bg7 Nf3 d6 Nc3 Nd7 Nd5 a6,10,
2138,2105,white,60+0,Nc3 d5 d4 Nf6 Bg5 Bf5 f3 e6 Bxf6 Qxf6,10,
1513,1372,white,900+0,e4 e5 d3 Nc6 a3 a5 Be3 b5 Nc3 b4,10,
1415,1388,white,60+0,Nh3 e5 g3 d5 Bg2 c5 O-O Nc6 d3 Be7,10,
1632,1930,black,45+3,e4 d6 Nf3 Nf6 Nc3 c5 d4 cxd4 Nxd4 Nc6,10,
1638,1577,white,300+0,e4 e5 Nf3 d6 Bc4 Nf6 d4 Be7 dxe5 Nxe4,10,
998,824,black,300+0,d4 d5 e3 e5 dxe5 f6 exf6 Qxf6 f4 Nc6,10,15136.79
1839,1924,white,30+0,d4 d5 c4 dxc4 e3 a6 Bxc4 Nf6 Bf1 e6,10,
1255,1495,black,180+3,d4 d6 c4 c6 e4 Qc7 Nf3 e5 Nc3 Nf6,10,
1564,1360,white,600+3,e4 e5 Nf3 Nc6 Nc3 Nf6 g3 d5 exd5 Nxd5,10,119.87
2113,2068,white,30+0,c4 Nf6 e3 g6 a3 Bg7 Qc2 d6 Nc3 O-O,10,
1729,1565,white,30+0,e4 e5 Nf3 Nc6 Bc4 Nf6 Bxf7+ Kxf7 Ng5+ Kg8,10,
1667,1881,white,30+0,e4 c5 Bc4 e6 Qf3 Nc6 Qd1 Ne5 Nf3 Nxc4,10,
1094,1294,draw,300+5,d4 e6 c3 d5 Qa4+ Bd7 Qc2 a6 e3 Nc6,10,
1992,1686,white,30+0,e4 c5 Bc4 e6 f4 Nc6 f5 d5 fxe6 dxc4,10,
2109,2103,black,60+0,d4 c5 d5 d6 Nc3 e6 e4 exd5 exd5 Nf6,10,
1514,1333,white,300+3,d4 Nf6 Bg5 g6 Bxf6 exf6 c4 Bg7 Nc3 c5,10,52.43
2136,2134,white,180+2,d4 d5 Nf3 e6 c4 Nf6 g3 Be7 Qc2 O-O,10,
1770,1783,white,60+0,d4 e6 Nc3 d6 e4 Be7 Be3 h6 f4 Nf6,10,
1924,1738,white,600+0,e4 e6 d4 c5 c3 cxd4 cxd4 Qa5+ Bd2 Qb6,10,1643.38
1365,1257,white,600+5,e4 d5 e5 e6 d4 c6 a3 Qa5+ Nc3 b5,10,
1860,1676,white,480+5,e4 Nc6 d4 e6 Be3 d5 e5 f6 f4 g5,10,
1986,2034,white,300+0,e4 c5 Nf3 d6 Nc3 Nf6 Be2 Nc6 O-O Bg4,10,
1739,1330,white,480+0,e4 Nf6 e5 Nd5 d4 d6 f4 dxe5 fxe5 e6,10,
1613,1608,white,60+0,c4 g6 Nc3 Bg7 g3 Nf6 Bg2 O-O Nf3 h5,10,
1444,1502,black,480+8,e4 e5 Nf3 Nc6 h3 Nf6 Nc3 Bc5 Bb5 O-O,10,
2014,2023,black,180+0,e4 c5 Ne2 e5 g3 Nc6 Bg2 g6 d3 Bg7,10,
1495,1533,black,60+0,e4 d5 exd5 Qxd5 Nc3 Qe6+ Be2 Qg6 Nf3 Qxg2,10,2882.28
1731,1511,white,840+9,d4 d5 c4 Nf6 Nc3 c6 e3 Bg4 Qc2 e6,10,
1460,1368,white,1800+0,e4 g6 d4 Bg7 Nc3 Nf6 Bc4 O-O Nf3 d6,10,232.07
1868,1947,black,900+0,e4 c5 Nf3 d6 d4 cxd4 Nxd4 Nf6 Nc3 a6,10,
1414,1213,white,300+0,e4 e6 d4 d6 Nf3 b6 Nc3 Bb7 Bc4 d5,10,
2005,1824,white,300+0,e4 c5 Nf3 Nc6 d4 cxd4 Nxd4 Nf6 Nc3 e5,10,
2077,2022,white,300+0,e4 c5 c3 e6 d4 cxd4 cxd4 d5 e5 Nc6,10,
1649,1645,black,180+2,d4 d5 Nf3 Nc6 h3 Nf6 e3 e6 Bb5 Bd7,10,
1968,2117,white,180+2,e4 e5 Nf3 Nc6 Bc4 Bc5 Nc3 Nf6 d3 d6,10,
1477,1399,black,600+0,e3 d5 Bd3 e5 e4 c6 c3 Qh4 Nf3 Qg4,10,
1784,1468,white,60+0,Nf3 g6 c4 Bg7 g3 e6 d3 f6 Bg2 Ne7,10,
1538,1617,black,60+2,d4 Nf6 c4 d5 e3 e6 c5 Be7 b4 O-O,10,
1754,1968,black,600+0,d4 d5 Nf3 Bg4 Ne5 Bf5 g3 f6 Nf3 Nc6,10,
1349,1404,black,300+0,e4 d5 exd5 Nf6 c4 e6 Nc3 exd5 cxd5 Nxd5,10,
1259,1256,black,300+0,e4 d6 d4 e5 dxe5 dxe5 Qxd8+ Kxd8 Nf3 f6,10,
1435,1343,white,300+0,e4 d5 exd5 Qxd5 Nc3 Qe5+ Be2 Bf5 Nf3 Qe6,10,
1128,1205,draw,300+0,e4 e5 Nf3 Nf6 Bc4 Bc5 Nxe5 Nxe4 O-O Bxf2+,10,
1490,1512,black,300+0,e4 c5 d4 cxd4 Qxd4 Nc6 Qa4 e6 Bb5 a6,10,
2238,2295,black,60+0,d4 Nf6 c4 g6 Nc3 d5 Bf4 Bg7 e3 O-O,10,
1425,1542,white,600+0,e4 e5 Nf3 Nc6 Nc3 Nf6 a3 Bc5 h3 O-O,10,1988.59
1661,1824,black,600+0,e4 e5 Nf3 Nc6 Bb5 Nd4 Nxd4 exd4 O-O g6,10,3286.99
1317,1348,black,45+3,d4 d5 Nc3 e6 e4 Nf6 Bg5 c6 e5 h6,10,2928.11
1743,1705,black,60+0,b4 d5 Bb2 d4 Nf3 Nc6 b5 Nb4 Bxd4 Bf5,10,
1444,1744,black,120+0,d4 d5 c4 e6 Nc3 Nf6 cxd5 exd5 e3 Bd6,10,
1663,1661,white,600+0,e4 e5 Nf3 Nc6 Bc4 Nf6 d3 Bb4+ Bd2 O-O,10,
1700,1806,black,600+0,e4 d6 Nf3 c5 Bc4 Nc6 Nc3 g6 d4 cxd4,10,
1917,1772,white,30+0,e4 e6 d3 d5 f4 dxe4 dxe4 Qxd1+ Kxd1 Nc6,10,
1867,1962,black,30+0,e4 e6 f4 c5 Nf3 d5 exd5 exd5 Be2 Nf6,10,
1745,2008,black,30+0,d4 c5 c4 cxd4 Qxd4 Nc6 Qd1 Nf6 Nc3 g6,10,
2226,2095,white,180+0,d4 Nf6 c4 e6 Nc3 Bb4 Nf3 d5 Bg5 c5,10,
2590,2620,black,30+0,Nf3 d5 Nc3 e6 e3 Nf6 d4 Be7 Bd3 O-O,10,
1696,1681,white,600+0,e4 e5 d4 exd4 c3 dxc3 Bc4 cxb2 Bxb2 Nc6,10,77.31
1014,1075,black,300+0,d4 Nf6 f3 e6 e4 c6 c3 a6 Qd3 Be7,10,2519.49
2029,1930,white,30+0,g3 Nf6 Bg2 e5 e3 d5 Ne2 e4 O-O Bg4,10,
2118,2372,black,30+0,d4 c6 e3 d5 c4 Nf6 cxd5 cxd5 Nc3 Nc6,10,
1939,1989,white,30+0,e3 c6 b3 d6 Bb2 Nf6 d4 g6 d5 Bg7,10,
2116,1975,white,180+0,e4 e5 Nf3 Nf6 Nxe5 d5 exd5 Bc5 d4 Bd6,10,
1701,1654,white,180+0,e4 c6 Nf3 d5 e5 e6 d4 f6 Bf4 f5,10,
1947,1843,white,600+0,d4 f5 c4 Nf6 Nc3 d6 Nf3 e6 Bg5 Be7,10,
1683,1582,white,180+2,c4 Nf6 Nc3 b6 g3 Bb7 f3 e5 Bg2 Bb4,10,
1872,1774,black,120+1,c4 e6 Nc3 d5 cxd5 exd5 d4 Nf6 g3 Be7,10,
1789,1880,black,120+0,e4 c6 Nf3 Nf6 d3 d6 Be2 e5 Be3 Be7,10,
1728,1802,white,300+3,d4 Nf6 Bf4 d6 e3 Nbd7 Nf3 g6 c3 Bg7,10,
1613,1581,white,900+5,e4 e5 Nf3 Nc6 c3,5,
2244,1000,white,180+3,d4 Nc6 e4 Nxd4 Qxd4 d5 exd5 e5 Qxe5+ Kd7,10,
1967,1628,black,30+0,g3 c5 Bg2 Nc6 Nf3 g6 O-O Bg7 c4 Nf6,10,
1189,1116,white,180+3,e4 e5 Nf3 Nf6 Nxe5 Bd6 Qh5 g6 Qg5 Bb4,10,
1827,2057,black,300+0,b4 a5 b5 c5 c4 b6 a4 Bb7 Nf3 d5,10,
1340,1237,white,180+2,e4 e5 Nf3 Nc6 Bc4 Nf6 Ng5 d5 exd5 Nxd5,10,7167.4
1889,1840,white,300+5,Nf3 Nf6 g3 d5 Bg2 Bf5 d3 e6 O-O Bd6,10,
1685,1855,black,600+0,c3 e5 h3 d5 d4 e4 Bf4 Nf6 e3 Bd6,10,
1620,1476,white,300+0,e4 e5 Bc4 Nc6 Nf3 Nf6 d4 exd4 Nxd4 Be7,10,
1098,1778,black,1200+0,e4 c5 d4 cxd4 Qxd4 Nc6 Qd1 e6 c4 a6,10,
1559,1554,white,600+0,e4 e5 Nf3 Nc6 d4 f5 exf5 e4 Ne5 Nxe5,10,263.57
1514,1647,white,300+0,e4 e5 Bc4 Nc6 Nf3 Be7 d3 Nf6 h3 O-O,10,
2001,1766,white,300+0,d4 Nf6 Nf3 c5 e3 cxd4 exd4 e6 Bd3 d5,10,
1690,1681,black,300+0,e4 e5 Nf3 d6 d4 exd4 Qxd4 Nc6 Bb5 Bd7,10,
1708,1713,black,300+0,e4 c6 Nf3 d5 exd5 cxd5 d4 Bf5 Nc3 Nc6,10,
1784,1924,white,30+0,e4 a6 Bc4 b6 Qf3 c6 Qxf7#,7,
1407,1439,white,180+0,d4 d5 c4 Nf6 Nc3 e6 Bg5 Be7 Nf3 O-O,10,
1799,1744,black,60+0,d4 d5 c4 e6 Nc3 c5 cxd5 exd5 e3 Nf6,10,
1453,1508,black,60+2,c4 e5 Nc3 Nf6 g3 d5 cxd5 Nxd5 a3 c6,10,
1949,2170,black,30+0,e4 e5 Nf3 Qf6 Bc4 Qxf3 Qxf3 Nf6 d3 Be7,10,
1314,1393,black,300+1,d4 d6 e4 c6 Nf3 b5 a4 e6 axb5 cxb5,10,139.2
1634,1050,white,30+0,e4 f6 f4 d6 d4 Be6 c4 g6 d5 Bh6,10,
1760,1890,black,300+5,c4 e5 g3 Bc5 e3 Nc6 Bg2 Nf6 Ne2 a6,10,
2131,2109,black,30+0,d4 g6 e3 Bg7 Nf3 Nf6 Be2 O-O O-O e5,10,
1597,1667,white,180+0,d4 g6 c4 Bg7 Nc3 Nf6 e4 d6 Be3 O-O,10,
1807,1861,white,360+0,e4 e6 d4 d5 exd5 exd5 Bd3 Nf6 h3 c5,10,
1491,1743,white,300+0,e4 e5 Nf3 d6 Bc4 Nf6 Ng5 d5 exd5 Nxd5,10,
2010,1747,white,600+0,Nf3 e6 g3 d5 Bg2 c5 O-O Nc6 d3 Nf6,10,
1953,1764,white,60+0,Nf3 b6 d4 Bb7 g3 d5 Bg2 e6 c4 Nd7,10,
2568,2256,white,30+0,d4 Nf6 Nf3 g6 e3 Bg7 c4 d5 Nc3 dxc4,10,
1863,1897,white,180+0,e4 c5 Nf3 e6 c4 Nc6 d3 d5 cxd5 exd5,10,
1382,1153,black,600+0,e4 e5 d3 Nc6 c4 Nf6 Nf3 d6 g3 Be6,10,3060.57
1694,1907,white,180+0,d4 Nf6 e3 d6 Nf3 Bf5 c4 Nbd7 Nc3 e5,10,
1750,1602,white,300+4,f4 d5 Nf3 Nc6 e3 Bf5 g3 e6 d3 Nf6,10,115.74
1491,1419,white,300+0,d4 e6 Bf4 d6 Nf3 Nf6 e3 Be7 Bd3 Bd7,10,
2360,2289,white,1800+0,d4 c6 c4 d5 Nf3 Bf5 cxd5 cxd5 Qb3 Qc7,10,4762.93
1359,1716,black,30+0,e4 Nf6 d3 d5 Nf3 dxe4 dxe4 Qxd1+ Kxd1 Nxe4,10,
1352,1197,white,60+0,e4 e5 Nf3 Nc6 d4 f6 dxe5 fxe5 Bc4 Bb4+,10,
1996,2095,black,30+0,g3 c6 Bg2 d5 e3 Nd7 d4 Ngf6 Ne2 g6,10,
1542,1325,white,30+0,e4 e5 d4 d6 d5 Nc6 Nf3 Nce7 Nc3 Nf6,10,
1559,1848,black,30+0,d4 c5 c3 cxd4 cxd4 Nc6 e3 d5 Bd3 e6,10,
1828,1825,black,30+0,d4 f6 c3 g6 e3 Nh6 g3 Nf7 h3 Bg7,10,
1795,1663,white,180+0,e4 e5 f4 exf4 Nf3 g5 Bc4 d6 O-O Bh6,10,
2053,1979,black,120+0,e4 d6 d4 Nf6 Nc3 c6 Be3 Ng4 Bc1 g6,10,
1705,1787,white,600+0,d4 d5 c4 dxc4 e3 Nd7 Bxc4 Ngf6 Nc3 a6,10,
1532,2264,black,30+0,Nf3 Nf6 d4 g6 Bg5 Bg7 h4 d6 h5 Nxh5,10,121.21
2083,2159,black,30+0,Nf3 Nc6 g3 e5 Bg2 Bc5 O-O d6 e3 Nge7,10,9138.2
1385,1251,white,600+0,e4 e5 a3 Nf6 Nc3 Nc6 d3 d6 Nf3 Bg4,10,
1449,1625,white,300+0,d4 b6 Bf4 Bb7 e3 g6 Be5 Nf6 Bxf6 exf6,10,
2523,2627,black,30+0,e4 c5 Qh5 Nf6 Qxc5 Nxe4 Qe3 Nd6 Nc3 Nc6,10,39.79
1907,1711,white,60+0,e3 e6 b3 d5 Bb2 Nf6 Bb5+ c6 Be2 g6,10,
1759,1638,white,900+15,d4 d5 c4 Nf6 cxd5 Nxd5 e4 Nf6 Nc3 Nc6,10,6718.2
1892,1891,white,180+0,d4 d5 Bf4 c5 e3 cxd4 exd4 Qb6 Bc1 Nc6,10,
1351,1620,black,180+2,e4 c5 Nf3 d6 c3 Nf6 Bd3 Bg4 Qa4+ Qd7,10,
1850,2016,black,180+0,e4 e6 d4 d5 Nd2 Ne7 Ngf3 c5 exd5 Nxd5,10,
1927,1814,white,180+0,e4 e5 Nf3 Nc6 Bb5 d6 d4 exd4 Nxd4 Bd7,10,
1739,1939,white,180+0,e4 e5 Nf3 d6 d4 exd4 Nxd4 Nf6 Nc3 Be7,10,
1996,2007,draw,600+0,e4 c5 Nf3 Nc6 d4 cxd4 Nxd4 e5 Nb5 d6,10,35.51
1746,1744,white,180+0,d4 d5 c4 e6 Nc3 c5 f3 Nf6 Bd2 cxd4,10,6857.0
1210,1294,black,300+0,e4 e5 Nf3 Nf6 Nxe5 Nxe4 Qe2 d5 d3 f6,10,
1597,1601,black,300+0,d4 Nf6 c4 g6 Nc3 d5 Bg5 Bg7 Bxf6 Bxf6,10,
1356,1572,black,300+0,d4 g6 c4 Bg7 Nc3 e6 Nf3 b6 e4 Bb7,10,
2031,2019,black,300+0,e4 e6 d4 d5 e5 c5 Nf3 Nc6 Bb5 Bd7,10,
1900,1838,black,600+0,e4 e5 f4 Nc6 Nf3 exf4 d4 d5 exd5 Qxd5,10,4887.52
1498,1303,white,180+2,e4 e5 Nf3 Nc6 Bc4 Nf6 Nc3 Bc5 d3 d6,10,67.0
1450,1488,black,300+5,d4 d5 e4 c6 e5 Be6 Nc3 f6 g3 fxe5,10,
1508,1228,white,180+0,e4 e5 Bc4 d6 d3 g6 Nf3 Bg7 Ng5 Qd7,10,
1554,1758,black,600+0,e4 e6 e5 d6 Nf3 dxe5 Nxe5 Nf6 d4 Be7,10,
1937,1920,white,300+0,Nf3 Nf6 d4 e6 c4 d5 Bg5 Be7 e3 Ne4,10,
1742,1749,white,300+0,d4 Nf6 c4 e6 Nc3 Bb4 Bd2 Bxc3 Bxc3 b6,10,
2225,2068,black,180+0,e4 d5 Nc3 d4 Nb1 e5 Bc4 Nc6 d3 f5,10,
1453,1498,white,30+0,e4 e5 Qh5 Nc6 Qf3 Nf6 Bc4 d5 exd5 Nxd5,10,
2034,2066,draw,30+0,e4 c5 Nf3 d6 d4 cxd4 Nxd4 Nf6 Nc3 a6,10,
1424,1311,white,600+0,e3 e5 Nf3 e4 Ng1 Nf6 d3 exd3 Qxd3 d6,10,
1858,1844,white,120+0,e4 e6 d4 d5 Nd2 c5 Ngf3 cxd4 Nxd4 Nc6,10,
1415,1406,white,600+0,e4 e5 Nf3 Nc6 Bb5 a6 Bxc6 bxc6 Nxe5 Nf6,10,
2040,1958,black,60+0,e4 d5 exd5 e6 dxe6 Bxe6 d4 c6 c4 Nf6,10,
1946,2012,draw,420+7,e4 c5 Nf3 Nc6 d4 cxd4 Nxd4 Nf6 Nc3 e5,10,29.32
2003,1782,white,60+0,e4 c6 d4 d5 e5 Bf5 Nf3 e6 Be2 Bg6,10,
2080,2047,black,60+0,d4 Nf6 Bg5 e6 e4 h6 Bxf6 Qxf6 Nf3 d6,10,
1967,1522,white,30+0,d4 Nf6 Bf4 e6 e3 d6 c3 Nbd7 Nd2 Be7,10,173.05
1315,1357,black,600+0,e4 e5 Nf3 Nc6 Bb5 Nf6 Qe2 Nd4 Nxd4 exd4,10,48.83
1427,1481,black,300+0,e4 e5 Nf3 Nc6 c3 Nf6 d4 exd4 e5 Ne4,10,
1489,1502,white,120+0,f4 d5 Nf3 Nf6 e3 e6 d3 Bb4+ Nc3 O-O,10,
1605,1672,black,900+0,e4 e5 f4 exf4 Nf3 Nc6 Bc4 d6 d4 Bd7,10,
1383,1277,white,600+0,e4 e5 Nf3 f6 Nc3 Bb4 Nd5 c6 Nxb4 c5,10,
1645,1695,black,300+0,e4 c5 Nf3 e6 d4 cxd4 Nxd4 Nc6 Be3 Nf6,10,
1735,1900,white,300+0,e4 e5 d3 Nc6 Nc3 Nf6 f4 d6 f5 Be7,10,
2128,2115,draw,300+0,e4 c5 Nf3 g6 d4 Bg7 Nc3 cxd4 Nxd4 Nc6,10,
1338,1324,black,600+0,e4 e5 Nf3 f5 d3 Nc6 Nc3 Nf6 Bg5 Bc5,10,
1955,1757,white,30+0,c4 e6 b3 Bb4 Bb2 Bf8 Nc3 f6 Ne4 b6,10,
1983,1695,white,30+0,g3 e5 Nf3 e4 Nh4 g6 Bg2 g5 Nf5 Nc6,10,
1318,1097,white,60+0,e4 d5 Nc3 dxe4 Nxe4 e5 d3 Nc6 Bg5 Nf6,10,16573.62
1957,2011,black,900+0,e4 e5 f4 exf4 Nf3 g5 Bc4 Bg7 d4 d6,10,1914.38
1896,1859,white,300+10,d4 d5 c4 e6 Nc3 c6 e3 Nf6 Nf3 Be7,10,102.88
1760,1466,white,180+0,e4 b6 Qf3 c6 c3 Bb7 d4 Na6 Bxa6 Bxa6,10,
2037,1723,white,480+0,e4 e5 Nf3 d5 exd5 e4 Bb5+ c6 dxc6 bxc6,10,
1975,1829,black,180+3,e4 d6 d4 g6 h3 Bg7 Nf3 c6 c4 Nf6,10,855.82
1616,1897,black,300+0,e4 e6 d4 d5 exd5 exd5 Nc3 Nf6 Nf3 Bf5,10,
1896,1581,white,300+0,c4 c5 Nc3 Nc6 g3 g6 e3 Bg7 Nge2 e5,10,
1794,1787,black,180+0,d4 d5 c4 e5 cxd5 Qxd5 Nc3 Qxd4 Qxd4 exd4,10,
1153,1159,white,300+0,e4 e5 Nf3 Nc6 Bc4 h6 O-O Nf6 Re1 Bc5,10,41.79
1797,1799,black,600+4,d4 d5 c4 c6 Nc3 Nf6 Bf4 dxc4 a4 Bf5,10,
1697,1198,white,60+0,e4 d6 d4 e5 dxe5 dxe5 Qxd8+ Kxd8 Nc3 Nf6,10,
2037,1830,white,60+0,c4 Nf6 Nc3 e6 g3 d5 Bg2 c6 Qa4 Bd7,10,
1607,1066,black,720+0,e4 e5 Nf3 Nc6 Bc4 Qe7 c3 Nf6 d3 Na5,10,
1979,1897,white,30+0,e4 c5 d3 Nc6 c3 d5 e5 d4 f4 f6,10,
1919,1816,white,60+0,Nf3 Nf6 e3 e5 Bc4 e4 Ng1 c6 a3 d5,10,
1676,1816,white,300+0,e4 b6 Nf3 Bb7 c3 Bxe4 d3 Bb7 Nbd2 e6,10,
1745,1585,white,300+8,e4 c5 Bc4 e6 Nc3 Nc6 Nf3 Nd4 O-O b6,10,
1453,1698,black,180+0,g3 c5 Bg2 Nc6 b3 e6 Bb2 Nf6 e4 g6,10,
2211,2159,white,180+0,d4 g6 Nc3 Bg7 e4 c5 Be3 cxd4 Bxd4 Nf6,10,
2095,2128,black,180+0,d4 e6 c4 b6 Nc3 Nf6 e4 Bb4 Qc2 Bxc3+,10,
1096,1733,black,300+0,e4 c6 Nf3 d5 d3 dxe4 dxe4 Qxd1+ Kxd1 Bg4,10,7826.35
1945,1964,white,180+0,e4 e6 d4 d5 exd5 Qxd5 Nf3 c5 Nc3 Qc6,10,
1876,1918,black,180+0,d4 e6 Bf4 Nf6 e3 Be7 Nf3 O-O Nbd2 b6,10,
1439,1720,white,300+3,e4 e6 d4 d5 exd5 exd5 Be3 Bd6 Nf3 Nf6,10,2478.71
1682,1901,black,180+0,e3 e5 h3 d5 a3 c5 Bb5+ Bd7 Bxd7+ Qxd7,10,
1338,1207,black,180+0,e4 e5 Nf3 Nf6 Nc3 Bb4 d3 Nc6 Bd2 O-O,10,
1826,1879,black,120+0,e3 e5 d3 d5 h3 Nc6 g3 Be6 Bg2 Qd7,10,
979,1037,white,180+0,e3 d5 f3 e6 Ne2 Bd6 g4 Nf6 Bg2 O-O,10,
981,820,white,300+0,e4 e6 Nf3 c6 Bb5 a6 Bc4 b5 Bb3 Nf6,10,
1938,1758,black,30+0,g3 d5 f4 Nf6 Nh3 Nc6 Nf2 e5 Bg2 e4,10,
1630,1631,black,300+0,e4 d5 e5 Bf5 d4 e6 Be3 h6 Bd3 Bh7,10,
1562,1579,black,300+0,e4 f5 exf5 Nf6 Bc4 b6 c3 Bb7 Nf3 d5,10,
1584,1599,black,30+0,e3 c5 f3 d6 d3 e6 e4 Nf6 d4 cxd4,10,
1855,1889,white,540+3,d4 c5 e3 Nf6 c4 cxd4 exd4 d5 Nc3 Qa5,10,
1914,1843,white,30+0,e4 c5 Nf3 Nc6 d4 cxd4 Nxd4 Nxd4 Qxd4 d6,10,
1826,1726,black,180+0,e4 e5 Bc4 Nf6 Qe2 c6 c3 Qc7 d3 d5,10,
2067,2637,black,30+0,e4 d5 exd5 Qxd5 Nc3 Qe5+ Be2 c6 Nf3 Qc7,10,
2200,2514,white,30+0,Nf3 g5 Nxg5 e5 d4 e4 Nxe4 d5 Ng3 Nf6,10,
1670,1774,black,30+0,d4 d5 c4 c6 Nc3 Nf6 e3 g6 Nf3 Bg7,10,
1941,2097,draw,30+0,e4 g6 Bc4 Bg7 Qf3 e6 Qd3 Nc6 Qf3 Ne5,10,
1914,1792,black,480+5,e4 c6 d4 d5 Nc3 dxe4 Nxe4 Bf5 Ng3 Bg6,10,
1626,2049,black,30+0,d4 c5 c4 e6 dxc5 Bxc5 b4 Bxb4+ Bd2 Qb6,10,
2150,1965,white,60+0,e4 e6 d4 d5 Nc3 dxe4 Nxe4 Nf6 Nxf6+ Qxf6,10,
1705,1633,white,60+0,d4 d5 f4 Nc6 e3 Nf6 Bd3 Ne4 Nf3 Bf5,10,7443.6
2048,1984,white,180+2,d4 Nf6 Nf3 g6 c4 Bg7 g3 O-O Bg2 d6,10,
1724,1564,black,30+0,e3 b6 h4 Bb7 Nh3 Bxg2 Rg1 Bxf1 Qf3 g6,10,
1500,1467,white,900+0,e4 c5 Nf3 d6 Bc4 Nc6 d4 cxd4 Nxd4 Nxd4,10,
1472,2122,black,180+0,e4 d5 exd5 Nf6 Nc3 Nxd5 Nxd5 Qxd5 Nf3 Bg4,10,
2126,2110,white,180+2,e4 c5 d4 cxd4 c3 Nf6 e5 Nd5 Qxd4 e6,10,
2035,1829,black,180+0,e4 Nf6 e5 Nd5 Bc4 Nb6 Bb3 e6 Ne2 d6,10,
1618,2142,black,180+0,e4 d5 exd5 Nf6 d4 Nxd5 h3 Bf5 c3 e6,10,
1938,1946,black,180+0,e3 c5 Nf3 Nc6 g3 Nf6 Bg2 d5 O-O Bg4,10,
1669,1700,black,180+0,d4 Nf6 c4 g6 Nc3 Bg7 e4 d6 Nf3 O-O,10,
1723,1514,white,60+0,e4 d6 d4 Bd7 Nc3 Nc6 f4 e5 Nf3 exf4,10,135.62
2112,2233,black,180+0,d4 Nf6 c4 c5 d5 b5 cxb5 a6 b6 g6,10,
1666,1817,black,900+5,c4 d5 cxd5 Qxd5 Nc3 Qd8 g3 Nf6 Bg2 e5,10,
1660,2054,black,300+5,e4 g6 Nf3 Bg7 d4 b6 Bc4 Bb7 Ng5 e6,10,
1556,1798,black,30+0,d3 d5 e4 dxe4 Nc3 exd3 Bxd3 Nf6 Nf3 e6,10,
1711,1602,black,600+0,e3 e5 b3 Nc6 Bb2 Nf6 Nf3 d6 a3 Bg4,10,
1195,1218,white,1080+3,d4 Nc6 e3 e5 c4 exd4 exd4 Nf6 d5 Ne5,10,
1585,1567,white,600+0,d3 Nf6 Nf3 h6 Nc3 g6 h3 Bg7 a3 O-O,10,
1387,1404,black,300+0,e4 c5 Nf3 g6 c3 Bg7 d4 d6 dxc5 Nc6,10,
1441,1209,white,600+0,e4 d5 e5 e6 Nh3 c5 c4 b6 cxd5 exd5,10,
1544,1615,white,300+0,e4 e5 Nf3 d6 h3 g6 d4 Bg7 dxe5 Ne7,10,
1837,2035,draw,600+0,d4 d5 c4 e5 dxe5 d4 Nf3 Nc6 a3 Bg4,10,
1643,1629,white,600+0,e4 e5 Qh5 Qf6 Nf3 d6 Bc4 g6 Qg5 Nd7,10,
1524,1787,draw,600+0,e4 d5 exd5 Qxd5 Nc3 Qd8 d4 Bf5 Qf3 e6,10,
1602,1688,black,120+0,Nf3 c5 g3 d5 Bg2 e6 O-O Bd7 c4 Bc6,10,
1541,1637,white,120+1,g3 c6 Bg2 d5 d3 e6 e4 g6 f4 Bg7,10,
1987,1906,white,600+0,d4 d5 e3 f5 Bd3 Nf6 f4 e6 Nf3 Bd6,10,1508.76
1626,1565,white,420+0,e4 e5 Nf3 d6 c3 c6 d4 Qc7 Bd3 h6,10,
1082,1341,black,300+0,e4 e5 Qf3 d6 b3 Nf6 h3 g6 g4 Bg7,10,
1623,1614,black,180+0,d4 d5 e3 Nf6 c4 dxc4 Bxc4 e6 Nf3 g6,10,
1778,1831,black,180+0,d4 a5 e4 a4 Bd3 e6 f4 b6 Nf3 Bb7,10,
2105,1185,white,600+0,e4 e5 Nf3 Nc6 d4 exd4 Nxd4 Qf6 Nxc6 dxc6,10,
2161,2247,black,600+0,e4 e6 d4 d5 e5 c5 c3 Nc6 Bb5 Qa5,10,1473.9
1915,2135,black,180+0,d4 d5 c4 Nc6 Nf3 Bg4 Qb3 Bxf3 exf3 Nxd4,10,
1617,1632,black,300+0,e4 e5 Nf3 Nc6 Bb5 d6 d4 exd4 Qxd4 Bd7,10,
1677,1773,white,180+0,e4 c5 Nc3 d6 g3 e5 Bg2 Nc6 Nge2 f5,10,
1391,1593,black,300+5,e4 c5 Nf3 Nc6 Bb5 a6 Bxc6 bxc6 Nc3 Bb7,10,
1757,1528,draw,660+0,e4 Nc6 d4 e6 Nf3 d6 Be3 Nf6 Nc3 d5,10,
1721,1664,white,300+0,d4 Nf6 Nf3 e6 e3 b6 Bd3 Bb7 c3 g6,10,
1320,1839,black,10800+0,e3 e5 Nf3 e4 Nd4 c5 Nb3 d5 d3 Bf5,10,4535.66
1519,1393,white,300+0,e4 Nf6 e5 Nd5 d4 d6 Bc4 Nb6 Bxf7+ Kxf7,10,
1971,1359,white,900+5,e4 c6 Nf3 e6 Nc3 d5 e5 Bc5 d4 Bb4,10,3568.48
1223,1815,black,720+5,c3 Nf6 e3 d5 b4 e5 Na3 Be7 Qe2 O-O,10,
1641,1652,black,120+0,d4 Nf6 c4 e6 Nc3 Bb4 a3 Bxc3+ bxc3 c5,10,
1722,1696,black,300+0,d4 e6 e4 d5 Bd3 dxe4 Bxe4 Nf6 Nc3 Bb4,10,51.54
1604,1833,black,480+0,e4 e5 f4 Qh4+ g3 Qe7 fxe5 Qxe5 Qf3 Nf6,10,
1937,2109,black,60+0,d4 d6 c4 Nf6 Nc3 g6 e4 Bg7 f4 O-O,10,
1459,1487,white,600+10,e4 e5 Nf3 Nc6 a3 Nf6 Nc3 Be7 Ng5 h6,10,
2013,1952,white,30+0,e4 c5 Nf3 g6 d4 cxd4 Nxd4 Nc6 Nb3 Bg7,10,
1910,1653,white,30+0,Nf3 Nf6 g3 g6 Bg2 Bg7 c3 O-O d4 c6,10,
1904,2163,white,30+0,e4 d5 d4 dxe4 Bc4 e5 f3 Nf6 fxe4 exd4,10,
1976,1924,black,30+0,g3 c5 Bg2 d6 c3 Nc6 d4 e5 dxc5 d5,10,
1088,1015,black,900+15,g3 e5 b3 d5 Bb2 Nc6 f4 Nf6 Bg2 Qd6,10,
1741,1947,black,30+0,d4 c5 c4 cxd4 Qxd4 Nc6 Qd1 Nf6 Nc3 g6,10,
1264,1199,black,900+15,e4 Nc6 Nf3 e5 Bb5 a6 Ba4 Nge7 h3 h5,10,
1560,1767,black,900+15,e4 e5 d4 exd4 Qxd4 Nc6 Qc3 Bb4 Nf3 Nf6,10,
1687,1689,black,300+0,e4 e5 Nf3 Nc6 Bb5 Nf6 O-O a6 Bxc6 dxc6,10,3775.52
1932,1934,black,300+0,e4 c5 d4 cxd4 c3 dxc3 Nxc3 e6 Nf3 a6,10,
1797,1971,black,180+5,e4 g6 d4 Bg7 Nf3 d6 h3 Nf6 Nc3 c6,10,
1866,1765,draw,300+8,d4 d5 Bf4 Nf6 Nf3 h6 e3 Nh5 Bg3 Nxg3,10,
1674,1524,white,600+0,e4 e5 Nf3 Nc6 Bc4 h6 O-O Nf6 Nc3 Bb4,10,
1431,1411,white,300+0,c4 b6 e3 Bb7 Be2 g6 Nf3 Bg7 Nc3 d6,10,
1790,1703,white,60+0,e4 e5 f4 d6 Nf3 c5 d3 Nc6 Nc3 exf4,10,
1716,1731,white,60+0,e4 e5 d4 Nc6 d5 Nce7 Nc3 Ng6 h4 Bc5,10,
1782,1818,black,240+0,d4 Nf6 Nc3 d6 e4 Nbd7 Bg5 e5 d5 Be7,10,
1416,1435,black,600+0,d4 e6 Nf3 d5 e3 Nf6 Bd3 Ng4 Nbd2 Nc6,10,
1719,1756,white,420+0,e4 e5 Nf3 f5 d3 d6 g3 Nf6 Bg2 Be7,10,
1851,1853,black,180+0,e4 Nf6 e5 Nd5 c4 Nb6 d4 Nc6 Nf3 d6,10,
1525,1586,black,180+0,d4 d6 c3 e6 Nf3 Nf6 Bg5 Be7 Nbd2 Nfd7,10,
1775,1718,black,120+0,d4 g6 c4 Bg7 Nc3 d6 e4 c6 f4 h5,10,
1472,1447,white,420+0,e4 e6 d4 d6 Nf3 a6 Nc3 h6 Be3 g6,10,
1952,2093,white,180+5,c4 Nf6 g3 g6 Bg2 Bg7 e3 O-O Ne2 c6,10,
1739,1947,black,300+3,e4 e5 f4 d5 exd5 Qxd5 fxe5 Qxe5+ Qe2 Nc6,10,28.15
1947,1826,white,600+0,e4 d5 e5 Bf5 d4 b6 h3 h6 Be3 e6,10,46.75
1451,1624,white,900+0,e4 e5 Nf3 Qe7 Bc4 h6 c3 d6 Qb3 Be6,10,
1125,1009,black,300+3,f4 f5 e3 e6 g3 d5 Bb5+ c6 Ba4 b5,10,13890.28
1654,1669,black,300+5,e4 e5 Nf3 Nc6 Nc3 Nf6 Bc4 Nxe4 Nxe4 d5,10,
1531,1786,black,120+10,e4 c5 Nf3 d6 Be2 Nc6 O-O Nf6 Nc3 e6,10,
1618,1841,black,180+0,e4 e5 Nf3 Nc6 Bb5 a6 Bxc6 dxc6 Nxe5 Qd4,10,
1566,1330,white,300+0,e4 e6 d4 d5 e5 c5 Nf3 Nc6 Bb5 Qa5+,10,
1199,1119,white,1200+0,d4 c6 e4 f6 Bd3 Qa5+ c3 Qd8 Bf4 d5,10,
1437,2152,black,180+0,Nf3 d5 c4 Nf6 g3 b6 Bg2 Bb7 Nc3 e6,10,
2144,2201,black,300+0,d4 Nf6 c4 e6 Nc3 Bb4 Qc2 c5 dxc5 O-O,10,
1798,1846,white,60+0,e4 c5 d4 cxd4 Qxd4 d6 Qe3 Nf6 Nc3 e5,10,
1861,1770,white,180+0,e4 c5 Nf3 Nc6 d4 cxd4 c3 dxc3 Nxc3 b6,10,
1771,1639,black,120+1,e4 e5 Nf3 Nc6 Bc4 d6 c3 Be7 d4 exd4,10,
1743,1814,white,300+0,e4 e5 Nf3 Nc6 Bb5 a6 Ba4 Nf6 d3 b5,10,
1673,1613,black,300+0,e4 e5 f4 exf4 Nf3 Ne7 d4 Ng6 Bc4 Bb4+,10,
1581,1397,black,300+0,e4 d5 exd5 Qxd5 Nc3 Qc5 d3 Bf5 Be3 Qe5,10,
1571,1522,black,480+3,e4 e5 Nf3 Nc6 Bc4 Bc5 d3 h6 O-O Nf6,10,14305.37
1560,1712,black,300+0,e4 Nc6 d4 e6 c4 Bb4+ Nc3 Nf6 Qd3 d5,10,
1868,1722,white,30+0,g3 e5 Bg2 Nf6 e3 Bc5 Ne2 d5 O-O d4,10,
1752,1962,white,30+0,d3 g6 Bg5 Bg7 Bc1 c5 Bd2 c4 Bc3 Bxc3+,10,
1817,1723,white,60+0,e4 c5 Nf3 Nc6 d4 cxd4 Nxd4 e5 Nb3 Nf6,10,
1777,1770,white,180+0,e4 e5 Nf3 Nc6 Bb5 Nb8 d4 c6 Bc4 b5,10,
1767,1820,black,900+0,e4 e5 Nf3 Nc6 c3 Nf6 Bc4 Nxe4 d4 exd4,10,8418.08
1684,1388,white,300+0,d4 e6 Bf4 Nf6 Nf3 Bb4+ c3 Bd6 Bg3 Bxg3,10,
1912,1582,black,60+0,d4 d5 Bg5 f6 Bh4 h5 Bg3 g5 h3 Nc6,10,1909.67
1558,1834,black,30+0,e4 c5 Qf3 Nc6 Bc4 e6 Nh3 Nf6 Ng5 d5,10,
2572,2169,white,30+0,d4 Nc6 Nf3 d5 c4 Bg4 cxd5 Bxf3 gxf3 Qxd5,10,
2252,2118,black,30+0,e4 e6 e5 Be7 d4 d5 Nc3 c5 Nf3 cxd4,10,
1862,1727,white,30+0,e4 d5 f4 dxe4 Nc3 Nf6 d3 e6 Nxe4 Nc6,10,
1049,2054,black,30+0,e3 Nf6 h3 g6 g3 Bg7 Rh2 d6 Be2 O-O,10,
2120,1853,white,30+0,g3 d5 Bg2 c6 Nf3 e5 O-O e4 Nd4 f6,10,
1970,1684,white,30+0,e3 e6 d4 Be7 c4 d5 Nc3 dxc4 Bxc4 Nf6,10,
2265,2123,white,30+0,e4 e6 Nc3 c5 Nf3 Nc6 d3 a6 Be2 Qc7,10,
1224,1262,black,1080+12,e4 c5 Bc4 e5 Qh5 g6 Qxe5+ Qe7 Qxh8 Qxe4+,10,
1368,1345,white,240+0,e4 e5 Nf3 Nc6 Bb5 Nd4 Nxd4 exd4 c3 Qe7,10,
2064,2181,draw,180+0,d4 Nf6 c4 Nc6 Nc3 e5 d5 Ne7 e4 Ng6,10,20.96
1726,1657,black,900+0,d4 e5 c4 e4 Nc3 Bb4 Bd2 Bxc3 Bxc3 d5,10,
1748,1713,black,600+0,Nf3 h6 e3 Nf6 d4 a6 c4 d5 Nc3 e6,10,
1770,1793,white,300+8,e3 e5 Nc3 d5 Qh5 Nc6 Bb5 g6 Qxe5+,9,
1660,2070,black,600+0,d4 d5 h3 c5 Nf3 cxd4 Qxd4 Nc6 Qa4 Bd7,10,
2073,1736,black,30+0,c3 d5 Qb3 Nf6 Qxb7 Bxb7 e3 e6 d4 Bd6,10,13173.01
1653,1609,white,180+0,e4 c5 Qh5 e6 e5 Ne7 Bd3 Ng6 Bxg6 fxg6,10,
1445,1690,black,600+5,e4 e5 Nf3 d6 Nc3 Be6 Bb5+ c6 Ba4 Bc4,10,
1488,1858,black,30+0,e4 d5 Nf3 dxe4 Qe2 f5 Ng5 Nf6 g4 e6,10,19843.63
1500,1416,black,600+0,Nc3 d5 d3 e5 f3 d4 Bd2 dxc3 Bxc3 Nc6,10,3141.91
1212,1297,white,600+0,e4 c6 Qh5 d5 exd5 cxd5 Nc3 e6 Bb5+ Bd7,10,181.15
1501,1316,black,300+3,e4 e5 f4 Nc6 Nf3 exf4 Bc4 Nf6 O-O d6,10,16727.92
1657,1686,white,300+0,e4 e5 Nf3 Nc6 Bb5 Nge7 b3 d6 Bb2 Bd7,10,
1563,1495,white,60+0,e4 d5 exd5 Qxd5 Nc3 Qa5 d3 c6 Bd2 Qc7,10,55.41
1532,1413,black,300+0,g4 Nc6 Bg2 d5 c3 Nf6 Qa4 e6 c4 Be7,10,
1376,1689,black,120+0,e4 g6 c3 Bg7 Bc4 d6 Nf3 Nf6 Ng5 O-O,10,
1725,1741,white,60+0,d4 d6 Nf3 e5 d5 f5 Nc3 Nf6 e3 e4,10,4047.76
1677,1596,white,120+0,e4 c5 Nc3 Nc6 f4 d6 Nf3 e6 Bb5 g6,10,
1893,1764,white,120+1,e4 c5 Nc3 d6 f4 g6 Nf3 Bg7 Bc4 Nf6,10,
1538,1533,white,720+5,e4 Nc6 Bb5 e5 Bxc6 bxc6 d3 Bb7 Nc3 d5,10,
1627,1635,black,180+0,e4 e5 Nf3 d6 d4 Bg4 dxe5 Bxf3 gxf3 Be7,10,
1804,1762,black,180+0,d4 Nf6 c4 g6 Nc3 Bg7 e4 c5 d5 d6,10,
2141,1997,white,300+0,d4 e6 f4 Qe7 Nf3 Nc6 e3 b6 Be2 Bb7,10,
2331,2426,white,180+0,e4 g5 d4 h6 h4 g4 g3 d5 e5 Bf5,10,
1305,1293,white,180+0,e4 g6 Nf3 Bg7 Bc4 e6 O-O Ne7 Nc3 b6,10,
1512,1532,white,180+0,e4 c6 d4 d5 e5 Bf5 f4 e6 Bd3 Qh4+,10,
1621,1437,white,240+0,d4 e6 a3 h6 c4 Ne7 Nf3 a6 e3 d6,10,
1453,1415,white,180+0,e4 e6 c4 a6 d4 b6 Nf3 Bb7 Bd3 Nf6,10,
1808,1996,black,480+0,e4 e5 Nf3 Nf6 Nxe5 Qe7 Nxf7 Qxf7 Nc3 d6,10,1426.44
1983,1617,draw,600+0,e4 e5 Nc3 Nc6 f4 exf4 d4 Bb4 Bxf4 Nf6,10,
2176,1944,black,30+0,e4 d5 Qf3 dxe4 Qxf7+ Kxf7 Nc3 Nf6 f3 exf3,10,
2323,2239,white,180+0,e4 c5 Nf3 d6 d4 cxd4 c3 d3 Bxd3 Nf6,10,
1610,1531,black,30+0,d4 Nc6 Nf3 e5 e3 e4 Ne5 d5 Nxc6 bxc6,10,
1224,1452,black,180+0,e4 c5 g3 d5 e5 Nc6 Nf3 Bg4 Bg2 Bxf3,10,
1757,1759,white,180+0,e4 e6 d4 d5 Nc3 dxe4 Nxe4 Be7 Nf3 Nf6,10,
1873,1924,white,180+0,e4 c5 d3 Nc6 Ne2 d6 Nbc3 g6 h3 Bg7,10,
1594,1390,white,600+0,e4 e5 Bc4 Nf6 d3 Bc5 Bg5 O-O Nh3 d5,10,
1496,1736,black,600+0,e4 e5 Nf3 Nc6 Nc3 Nf6 g3 Bc5 Nxe5 Bxf2+,10,
1837,1996,white,30+0,c3 e5 f3 Bc5 g3 Bf2+ Kxf2 f5 Nh3 Nf6,10,
1967,1855,white,600+0,e4 e5 Nf3 Nf6 Nxe5 d6 Nf3 Nxe4 d4 d5,10,
1932,2075,black,600+0,d4 d5 e3 e6 Bd3 c5 c3 Nc6 f4 cxd4,10,
1783,1635,white,30+0,g3 Nf6 Bg2 g6 Nf3 Bg7 O-O O-O d3 d5,10,
1656,1562,white,600+0,e4 c5 Nf3 d6 d4 cxd4 Nxd4 Nc6 Bb5 Bd7,10,
1988,2113,black,30+0,e4 e5 d4 d6 dxe5 dxe5 Qxd8+ Kxd8 Nf3 Bd7,10,
2138,2368,black,180+0,d4 Nf6 c4 e6 g3 d5 Bg2 Be7 Nf3 O-O,10,
2104,2634,black,30+0,Nf3 d5 g3 e6 Bg2 Nf6 O-O Be7 c4 O-O,10,
1402,1438,black,300+0,e3 e5 Qf3 Nc6 Bc4 f6 a3 Nge7 Qh5+ g6,10,
1928,1812,white,300+0,e4 e5 Nf3 Nc6 Bc4 Nf6 d3 Bc5 a4 O-O,10,
1364,1769,black,60+2,d4 d5 Nf3 c6 Bf4 e6 Bxb8 Rxb8 c3 Bd6,10,
2093,1991,black,30+0,d4 d6 c4 Bg4 Nc3 Bxe2 Qxe2 Nf6 Nf3 Nc6,10,
1481,1465,black,30+0,d4 b6 c4 c5 d5 e6 e4 exd5 exd5 d6,10,
1759,1822,white,60+1,b3 e5 Bb2 Nc6 f4 d6 fxe5 dxe5 Nf3 Bd6,10,
1904,2019,black,300+0,f4 d5 Nf3 c6 e3 Bf5 b3 e6 Bb2 Nf6,10,
1046,1228,white,60+0,e4 e5 Nf3 Nc6 Nc3 d6 Bc4 a6 O-O h6,10,
2145,2147,black,180+0,c4 Nf6 g3 g6 Nf3 Bg7 Bg2 O-O O-O c5,10,
1563,1741,black,600+0,d4 d5 c4 c6 h3 Bf5 Nf3 Nf6 Bf4 e6,10,
1958,1934,black,120+0,e4 e5 f4 Bc5 Nf3 d6 Bc4 Nh6 Nc3 O-O,10,
1798,1680,black,180+0,e4 e6 f4 d5 exd5 exd5 Nf3 Bf5 d4 Nc6,10,
2377,2578,draw,30+0,e4 c6 Nf3 d5 exd5 cxd5 h3 Nf6 d4 g6,10,
2005,2137,white,300+0,e4 e5 Nf3 Nc6 Bc4 Bc5 O-O Nf6 Nc3 a6,10,
1825,2150,black,300+0,d4 d5 Bf4 Nf6 e3 e6 Nf3 Be7 Ne5 Nbd7,10,
2042,1841,black,180+0,e4 d5 exd5 Qxd5 Nc3 Qa5 d4 Nf6 Nf3 Bg4,10,
1882,2003,black,180+0,d3 Nf6 c4 g6 b4 Bg7 Bb2 O-O Nd2 d6,10,33.73
1890,1823,black,180+2,d4 Nf6 c4 g6 Nc3 d5 cxd5 Nxd5 e4 Nxc3,10,41.47
1366,1301,black,120+0,e4 e5 Nf3 Nc6 Bc4 Nh6 c3 d6 d4 f6,10,
1721,1966,black,180+0,d4 d5 Nf3 Bf5 Bg5 h6 Bh4 c6 Bg3 Nd7,10,
1712,2141,black,180+0,d4 d5 e3 Nf6 Nf3 c6 c3 Bg4 Be2 e6,10,
2044,1549,white,180+0,e4 e5 d4 exd4 c3 dxc3 Bc4 cxb2 Bxb2 Bb4+,10,
1762,1724,white,300+0,d4 Nf6 c4 e6 Nf3 Be7 Bf4 d5 e3 O-O,10,3236.28
1987,1967,black,180+0,e4 c6 d4 e6 c4 d5 cxd5 cxd5 Nc3 Bb4,10,
1512,1292,white,600+5,e4 e5 Nf3 Nc6 d4 d5 Bb5 dxe4 Nxe5 a6,10,
2106,2050,black,180+0,d4 f5 Nc3 Nf6 e4 fxe4 f3 Nc6 d5 Ne5,10,
1378,1285,white,1200+0,e4 e5 g3 Nf6 Nc3 Nc6 Nf3 d5 d3 Bg4,10,
1800,1703,black,180+0,d4 Nf6 c4 e6 Nc3 Bb4 Bd2 O-O a3 Be7,10,
1677,2003,black,180+0,e4 e6 d4 d5 exd5 exd5 c4 c6 Nc3 Bb4,10,
1959,2156,black,60+0,d4 e5 c4 exd4 Nf3 Nc6 Nxd4 Bc5 Nb3 Be7,10,
1582,1570,white,300+5,d4 e6 e4 d5 e5 Nc6 a3 Bd7 Nc3 Be7,10,
1109,1248,white,300+5,e4 e5 Nf3 Nf6 Nxe5 Nxe4 Qe2 Qe7 Nxf7 Qxf7,10,
1291,1166,white,120+1,e4 d5 exd5 Qxd5 Nc3 Qe5+ Nge2 Nc6 d4 Qd6,10,
1887,1848,black,300+0,g3 c5 Bg2 Nc6 d3 d5 Nc3 e5 f4 Nf6,10,
1545,1554,black,300+0,e4 e5 f4 exf4 Nf3 Bc5 d4 Bb6 Bxf4 d6,10,
1725,1764,white,300+0,e4 e6 d4 c5 d5 Nf6 Nc3 a6 d6 Nc6,10,
1682,1938,black,30+0,e4 c5 Nf3 Nc6 d4 cxd4 Nxd4 d6 Nc3 e5,10,
1963,2064,black,30+0,g3 d5 Bg2 c5 c3 Nc6 d4 cxd4 Qa4 e5,10,
1690,1988,black,30+0,e4 d6 Bc4 Nf6 d4 Bg4 Bg5 Bxd1 Bxf6 exf6,10,
2638,2035,white,30+0,d4 d5 c4 e6 Nc3 dxc4 e4 c5 d5 exd5,10,
1950,1912,white,180+0,e4 d5 e5 c5 d4 Nc6 Nf3 e6 c3 Bd7,10,
1765,1969,black,30+0,e4 e6 Nf3 d5 exd5 exd5 d4 Nf6 Bd3 Bd6,10,
1547,1626,white,30+0,e3 e6 d3 Ne7 f3 d6 g4 h6 Bg2 g6,10,
1355,1924,black,30+0,e3 c5 d3 e6 d4 d5 dxc5 Bxc5 b4 Bb6,10,
1602,1694,white,300+0,d4 d5 c4 dxc4 Nf3 Nf6 Nc3 Nc6 e3 e6,10,
1780,1467,white,300+0,c4 d5 cxd5 Qxd5 Nc3 Qe6 d4 Bd7 Nf3 Nf6,10,2221.23
1378,1426,black,60+0,d4 Nh6 c4 g6 Nf3 Bg7 e4 O-O Nc3 d6,10,
1900,1889,black,180+0,e4 d5 exd5 Nf6 d4 Nxd5 Bc4 Be6 Bxd5 Bxd5,10,
1820,1835,white,120+0,Nc3 g6 e4 Bg7 d4 e6 f4 Ne7 Nf3 O-O,10,
1752,1758,white,180+2,e4 c5 Nf3 e6 d4 b6 Nc3 Bb7 Bf4 a6,10,
1554,1553,white,180+2,d4 d5 Bf4 e6 e3 Nf6 c3 c6 Nd2 Bd6,10,
1690,1791,white,60+0,e4 e5 Nf3 Nf6 Nxe5 d6 Nf3 Nxe4 d4 d5,10,
1293,1212,black,60+0,d4 Nf6 c4 d6 Nf3 Nc6 e3 e5 c5 exd4,10,
1520,2038,black,30+0,e4 Nf6 e5 Nd5 d4 Nb6 c4 d6 exd6 exd6,10,208.85
1599,1374,white,300+3,e4 e5 Nf3 Nc6 d4 exd4 Nxd4 Nf6 Nxc6 bxc6,10,
2121,2147,white,60+0,d4 Nc6 Nf3 d5 c4 Bg4 Nc3 e6 e3 Nf6,10,
1337,1268,white,600+0,e4 e5 Nf3 Nc6 Bc4 h6 O-O d6 c3 Qf6,10,
1885,1875,white,180+0,e4 e5 f4 exf4 Nf3 g5 Bc4 d6 O-O Bh6,10,
1515,2133,black,840+0,b3 Nf6 Bb2 e6 Bxf6 Qxf6 c3 d5 d4 c5,10,
1831,1814,draw,300+0,d4 d5 c4 e6 cxd5 exd5 Nc3 Nf6 Bg5 Be7,10,1193.81
1613,1540,black,360+2,d4 d5 c4 Nf6 Nc3 c6 Bf4 dxc4 e4 b5,10,
1889,1987,black,30+0,g3 d5 Bg2 c6 c4 Bd7 cxd5 cxd5 d4 e6,10,
1573,1756,black,180+0,b4 d6 c3 c6 a4 Qc7 a5 Nd7 Nf3 e5,10,
1988,1630,white,900+5,e4 d6 d4 h6 c4 c6 Nc3 a6 Bd3 e6,10,
1390,1358,black,60+0,e4 e6 Nf3 d5 e5 c5 d4 Nc6 dxc5 Bxc5,10,561.6
1537,1622,black,300+0,d4 Nf6 c4 g6 Nc3 d5 e3 c6 c5 Nbd7,10,
1772,1859,black,720+5,Nc3 Nf6 d4 g6 Bg5 Bg7 Bxf6 Bxf6 e3 O-O,10,
1705,1624,black,300+0,e4 Nc6 Nf3 e5 d4 d6 dxe5 Bg4 Be2 Bxf3,10,
1318,1477,black,600+0,d4 d5 Nf3 e6 e3 Be7 Nc3 Nf6 Bb5+ c6,10,3477.21
1275,1463,black,300+0,f4 d5 d4 c5 e3 cxd4 exd4 Nf6 g3 Nc6,10,
1614,1707,white,600+0,d4 d5 Nc3 Nf6 f3 Bf5 g4 Bg6 h4 h6,10,
1769,1655,draw,300+0,d4 g6 c4 Bg7 Nc3 d6 e4 Nf6 Bg5 O-O,10,
1708,1555,white,30+0,e3 Nc6 b4 d5 b5 Nb8 Nc3 a6 Rb1 axb5,10,
1802,1824,black,180+0,d4 Nf6 Nf3 d5 e3 Bf5 c4 e6 Nc3 c6,10,
1949,1800,white,240+2,e4 e5 Nf3 Nc6 Bc4 Nf6 Nc3 Bb4 O-O O-O,10,
1595,1200,white,900+8,e4 a6 d4 d6 h3 e6 Bd3 g5 Nf3 h6,10,
1298,1309,white,300+0,e4 e5 Nf3 Nf6 d3 Bb4+ Bd2 Bxd2+ Qxd2 O-O,10,13479.17
2165,1981,black,180+0,d4 c5 d5 e6 e4 exd5 exd5 d6 Nc3 Nf6,10,
2066,2491,black,30+0,e4 g5 d4 g4 f3 gxf3 Nxf3 d5 Nc3 dxe4,10,
1946,2223,black,30+0,e4 d5 e5 e6 d4 c5 c3 cxd4 cxd4 Nc6,10,
1850,1864,white,300+0,e4 e5 Nc3 d6 Bc4 Be7 Qh5 g6 Qf3 Nf6,10,
1616,1476,white,120+0,f4 f5 Nf3 Nf6 d3 Nc6 Be3 d5 c3 e5,10,
1585,1851,black,30+0,b3 e6 Bb2 Be7 Bxg7 Bf6 Bxh8 Bxh8 g3 Bxa1,10,
1582,1479,white,60+0,d4 d5 e4 dxe4 Nc3 Nf6 f3 exf3 Qxf3 e6,10,
1651,1578,black,600+5,e4 Nc6 Nf3 e5 Bc4 d6 d3 Be6 Bxe6 fxe6,10,
1860,1750,black,300+0,e4 e6 f4 d5 e5 c5 Nf3 Nc6 Bb5 Bd7,10,
1773,1616,white,60+0,e4 e5 d3 d5 Nf3 Nc6 exd5 Qxd5 Be2 Nf6,10,
1562,1551,black,30+0,f4 e6 e3 Nf6 d4 Be7 c3 O-O Nf3 d5,10,
1595,1486,black,60+0,d4 e6 Bf4 Be7 e3 Nc6 Bd3 d5 Nf3 Nf6,10,
1575,1515,black,420+0,e3 e5 d4 Nc6 dxe5 Nxe5 Nf3 Nc6 Bb5 Na5,10,
1925,1673,white,300+0,d4 Nf6 Nf3 d5 Bg5 e6 Nbd2 Be7 e3 c5,10,
1500,1661,draw,180+0,d4 Nf6 Nf3 e6 g3 c5 Bg2 cxd4 Nxd4 Nc6,10,
1595,1611,white,300+0,e4 e5 f4 Nf6 fxe5 Nxe4 d3 Nc5 Be3 d5,10,
1411,1480,white,300+0,e4 c5 Nf3 d6 d4 cxd4 Nxd4 Nf6 Nc3 a6,10,
1385,1311,white,300+0,e4 d5 exd5 c6 dxc6 Nxc6 Bb5 Bd7 Bxc6 Bxc6,10,
1529,2008,black,30+0,e4 e5 Nf3 Qe7 Bc4 Nc6 d3 Nd4 Nxd4 exd4,10,
1975,1911,black,180+0,e4 c5 Nf3 g6 d4 cxd4 Nxd4 Bg7 Be3 Nc6,10,
1783,1614,white,900+6,d4 d5 c4 Nf6 e3 e6 Nc3 c5 Nf3 Nc6,10,
1946,1943,white,1200+0,e4 d6 Nf3 e5 Bc4 Be6 Bxe6 fxe6 d3 h6,10,
1700,1722,white,300+3,e4 c5 Nf3 d6 d4 cxd4 Nxd4 Nf6 Nc3 a6,10,3598.5
1088,1160,black,300+8,e4 d5 Nc3 dxe4 Nxe4 Qd5 Nc3 Qe6+ Nge2 Qg6,10,
1650,1517,draw,300+0,e4 d5 Nc3 dxe4 Nxe4 e5 Nf3 Bf5 Ng3 Bg4,10,
2013,2123,black,180+2,e4 c5 Nf3 d6 Nc3 Nf6 d3 Nc6 g3 g6,10,
1667,1667,white,180+0,c4 e6 Nc3 d6 g3 a6 Bg2 c6 d3 Nf6,10,
1107,1228,black,120+1,d4 d5 Nc3 Nf6 e4 e6 exd5 exd5 Nf3 Bb4,10,
1978,1697,draw,300+5,e4 g6 Nc3 Bg7 d4 e5 d5 c6 Nf3 d6,10,
1935,1828,black,900+10,e4 c5 Nf3 Nc6 Nc3 d6 a3 Nf6 Bc4 e6,10,
2041,2095,black,120+0,Nf3 d5 g3 c5 Bg2 Nc6 d4 e6 O-O Nf6,10,
1854,1892,black,120+0,d4 e6 e4 d5 Bd3 Nf6 e5 Nfd7 c3 c5,10,
1810,1837,white,240+3,e4 c5 Nf3 Nc6 d4 cxd4 Nxd4 Nf6 Nc3 e6,10,63.2
1154,1159,white,300+0,e4 e5 Nf3 Nc6 Bb5 Nge7 O-O d5 exd5 Qxd5,10,
1408,1571,black,180+2,e4 c5 Nf3 e6 d4 cxd4 Nxd4 d5 exd5 Qxd5,10,
1512,1580,black,300+2,g3 d5 Bg2 e5 e3 Bd7 Ne2 Bc6 b3 Bd6,10,
1397,1568,black,300+0,e4 e5 Nf3 Nc6 d4 exd4 Nxd4 Nxd4 Qxd4 d6,10,
2022,2051,black,30+0,e4 c5 Nf3 e6 d4 cxd4 Nxd4 Nc6 Nb3 Qc7,10,
1870,1624,white,30+0,e4 d5 exd5 Qxd5 Nf3 Qa5 Nc3 Nc6 d4 Nf6,10,
1951,1662,white,30+0,d4 b6 c4 Bb7 Nf3 d6 Nc3 Nd7 Bg5 g6,10,
2116,1919,black,30+0,c4 f5 e3 g6 a3 Nh6 Nc3 Nf7 Qc2 Bg7,10,
1720,1783,white,30+0,e4 d5 d3 c6 exd5 Nf6 d4 e6 Nf3 exd5,10,49.45
1943,1952,black,30+0,e3 b6 b3 Bb7 Bb2 f6 Nc3 e5 d4 d6,10,
1786,1808,black,60+0,d4 d5 c4 c6 cxd5 cxd5 Nc3 Nf6 e3 e6,10,186.12
1771,1608,white,180+2,e4 e5 d4 exd4 c3 Bc5 Nf3 Nc6 Bc4 d6,10,
1317,1512,white,300+0,e4 c6 Nc3 d5 exd5 cxd5 Qf3 d4 Ne4 e5,10,
1257,1049,white,30+0,e3 d6 c3 Bd7 d4 Qc8 Nf3 Nc6 Bb5 a6,10,3386.57
1829,1983,black,120+0,e4 c5 Nf3 Nc6 Be2 g6 Nc3 Bg7 d3 e6,10,3383.03
1754,1592,black,600+0,e4 g6 d4 d6 Nc3 Bg7 Nf3 Nc6 a3 e5,10,
1586,1742,white,300+0,e4 e5 Nf3 Nc6 d4 exd4 Nxd4 Bc5 Nb3 Bb6,10,
1776,2281,black,30+0,e4 g6 Nc3 Bg7 Nf3 d6 d4 Nf6 Bg5 O-O,10,
1860,1867,black,180+0,f4 d5 Nf3 c5 g3 Nc6 Bg2 Nf6 O-O h5,10,
1847,1839,black,300+0,e4 e5 Nf3 d6 Bc4 Be7 h3 Nf6 Nc3 O-O,10,
1580,1500,white,180+7,e4 e6 d4 f6 Nc3 b6 Nf3 Nc6 Bb5 Nb4,10,
2054,1736,white,30+0,d4 Nf6 Bf4 e6 e3 d5 Nf3 Be7 c3 O-O,10,
1596,1220,white,180+2,e4 e5 Nf3 Bd6 Nc3 Qe7 Bc4 Nf6 d3 O-O,10,
1500,1334,black,300+0,e4 c6 Qh5 d6 Bc4 g6 Qf3 Nf6 Nh3 Bg7,10,2383.51
1606,1794,white,30+0,e4 e5 Nf3 d5 Nc3 d4 Ne2 Bd6 c3 c6,10,146.69
1930,1705,black,60+0,e4 e6 d4 d5 exd5 exd5 c4 Bb4+ Nc3 Nf6,10,
1621,1848,black,600+0,e4 e5 Nf3 d6 d4 exd4 Qxd4 Nc6 Bb5 Bd7,10,
1608,1623,black,60+0,e4 d5 Bd3 Nf6 Qf3 Nxe4 Bxe4 dxe4 Qxe4 Nc6,10,
1297,1504,black,180+2,e4 e5 Nf3 Nc6 Bb5 d6 Bxc6+ bxc6 d4 Bg4,10,
956,1273,black,180+0,g3 b6 Bg2 d5 b3 Bb7 Bb2 Nc6 e3 Qd7,10,
1689,1598,black,300+0,e4 d5 exd5 Qxd5 Nc3 Qa5 Nf3 Bg4 Be2 Nf6,10,
1558,1551,white,300+3,e4 e5 Nf3 Nc6 Bc4 Nf6 d3 h6 Nc3 d6,10,
2196,2096,white,60+0,c4 Nf6 g3 g6 Bg2 Bg7 Nc3 O-O d3 d6,10,
1517,1500,black,600+0,e4 e5 Qf3 Nc6 c3 Nf6 Bc4 Bc5 d3 a6,10,4327.51
1486,1540,white,1800+0,c4 Nf6 Nc3 d5 e3 dxc4 Bxc4 Nc6 Nf3 Bg4,10,
2095,2064,black,180+0,e4 e5 Nf3 Nc6 d4 exd4 Nxd4 Qh4 Nc3 Bb4,10,
1594,1838,white,180+0,d4 Nf6 a3 e6 b4 a5 b5 c5 dxc5 Bxc5,10,
1585,1395,white,780+0,d4 e6 c4 d5 c5 Nc6 a3 e5 e3 exd4,10,
1888,1859,black,120+1,e4 c5 Nf3 d6 d4 cxd4 Nxd4 Nf6 Bd3 a6,10,
1121,1252,white,120+1,e4 e5 d4 Nf6 dxe5 Nxe4 f3 Nc5 b4 Nca6,10,
1549,1329,white,600+0,d4 d5 Bf4 Nf6 Nf3 c5 dxc5 Nc6 e3 Bg4,10,
1433,1469,white,180+4,d4 d5 c4 c6 Nf3 e6 e3 Bb4+ Bd2 Be7,10,
1415,1486,black,300+0,d4 d5 c4 dxc4 e3 Nf6 Nf3 Nc6 Bxc4 Bg4,10,6811.8
1551,1582,white,600+0,f4 d5 Nf3 b6 d4 Bb7 Be3 Nc6 Bf2 Nf6,10,
1673,1420,white,60+0,e4 e6 Nf3 d5 exd5 exd5 d4 Nc6 c3 Be6,10,3641.16
1724,1765,black,300+10,e4 e5 Nf3 Nc6 d4 exd4 Nxd4 Bc5 Nxc6 bxc6,10,2748.3
1615,1520,white,300+3,d4 e6 e4 d5 Nf3 dxe4 Nfd2 f5 Bc4 Nf6,10,114.78
2067,2059,white,600+0,e4 e5 Nf3 Nc6 d4 exd4 Nxd4 Qf6 c3 Nxd4,10,
1243,1407,black,600+5,e4 e5 f3 Nf6 d3 Bc5 c4 O-O b3 Bb4+,10,
2098,1884,white,60+1,d4 c5 d5 e6 e4 a6 a4 b6 Nc3 d6,10,
1477,1381,black,420+0,e4 c5 d4 cxd4 c3 dxc3 bxc3 Nc6 Bf4 Nf6,10,
1689,1713,black,300+0,e4 d6 d4 Nf6 Bd3 g6 Nf3 Bg7 O-O O-O,10,
1802,1740,white,30+0,d4 c6 c4 d6 Nc3 g6 e3 Bg7 Nf3 a6,10,
1549,1690,black,300+0,d4 d6 c4 g6 Nf3 Bg7 Nc3 Nf6 e3 O-O,10,
1530,1381,white,300+0,e4 c5 c3 e6 d4 Nc6 e5 b6 a3 Bb7,10,
1353,1370,white,300+0,e4 e5 Nf3 Nc6 Bc4 h6 d4 exd4 Nxd4 Nxd4,10,
1317,1155,white,300+0,e4 e6 d4 c6 c3 b5 f3 a5 Nd2 a4,10,
1215,1260,white,240+5,d4 e6 c4 d5 cxd5 exd5 Nc3 Nf6 Bg5 Be7,10,
1677,1677,white,600+0,e4 c6 Nf3 d5 e5 Bg4 d4 e6 h3 Bxf3,10,69.23
1939,1766,white,30+0,d3 g6 g3 Bg7 Bg2 c6 c3 b6 d4 Bb7,10,
1766,1729,black,300+0,c4 d6 Nc3 Nf6 Nf3 g6 e3 Bg7 d4 O-O,10,
1854,1976,black,300+0,e4 e6 d4 d5 exd5 exd5 Bd3 Nf6 Ne2 Bd6,10,
1784,1747,white,300+0,e4 e5 Nf3 Nc6 Nc3 Nf6 a3 Be7 Bc4 O-O,10,
2235,1914,white,30+0,e4 e5 d4 Nc6 c3 exd4 Nf3 dxc3 Nxc3 Bb4,10,
1928,1966,draw,300+0,d4 d6 e4 g6 Nd2 Bg7 f3 Nf6 c3 Nbd7,10,
1649,1916,black,300+0,f4 d5 Nf3 Bg4 e3 Nc6 d4 e6 c3 Bxf3,10,
2636,2639,black,30+0,d4 d5 c4 e6 Nc3 c6 e3 f5 Nf3 Bd6,10,
1681,1553,white,30+0,c3 Nf6 Qb3 Nc6 Nf3 e5 Ng5 h6 Qxf7#,9,
2103,1853,white,30+0,Nf3 g6 d4 Bg7 Nc3 f5 Bg5 e6 Bxd8 Kxd8,10,
1647,1974,black,30+0,e4 e6 d4 c5 e5 cxd4 Nf3 Nc6 Nxd4 Bc5,10,
2135,2034,white,30+0,d4 d5 e3 e6 Nf3 Nf6 Be2 Nbd7 O-O c5,10,
1861,1508,white,30+0,e4 g6 f4 Bg7 e5 Nc6 d4 e6 c3 d6,10,
1838,1979,white,30+0,d4 e5 c4 exd4 Qxd4 f5 Qd1 Nf6 Nf3 Bc5,10,
1699,1847,white,300+4,e4 c5 Nc3 Nc6 g3 d6 Bg2 g6 Nge2 Bg7,10,
1756,1818,black,60+0,e4 e6 Nf3 b6 Nc3 Bb7 d4 Bb4 Bd2 Bxc3,10,
1367,1339,white,120+0,e4 e5 Bc4 Nc6 Qh5 g6 Qf3 Nf6 c3 Bc5,10,
2110,2153,black,180+0,c4 e6 Nc3 Nf6 e4 d6 d4 Be7 f4 O-O,10,
1745,1913,black,60+0,d4 e6 c4 b6 Nc3 Bb4 e3 Bxc3+ bxc3 Bb7,10,
1486,1500,white,45+10,e4 d5 e5 c5 c3 d4 Nf3 dxc3 bxc3 c4,10,105.48
1557,1244,white,360+0,d4 e6 Bf4 d5 Nc3 Nc6 Nb5 Bd6 Qd2 a6,10,
1792,2004,black,180+0,e4 e6 d4 d5 Nc3 Nf6 Bg5 Be7 e5 Nfd7,10,
1161,1334,white,1800+0,d4 d5 Nf3 Nc6 Nc3 Nf6 g3 Bf5 Bg2 Qd6,10,588.79
1582,1729,black,300+8,e4 d5 Nc3 d4 Nce2 e5 Nf3 Nc6 Ng3 Bg4,10,
1677,1791,black,180+2,e4 c5 Nf3 d6 Bc4 g6 c3 Bg7 O-O Nc6,10,
1757,1747,white,180+0,e4 e6 d4 d5 Nd2 c5 Ngf3 dxe4 Nxe4 cxd4,10,5580.11
1448,1454,black,180+2,Nf3 d5 c4 c6 cxd5 cxd5 e3 Nf6 Ne5 Nc6,10,
1421,1325,white,900+0,e4 d5 exd5 Qxd5 Nc3 Qd8 Nf3 Nc6 d4 Bg4,10,3299.74
1430,1755,black,120+1,e4 g6 Nf3 Bg7 c3 Nf6 d4 Nxe4 Bd3 Nf6,10,
2092,1603,white,180+0,e4 c5 Nf3 Nc6 d4 cxd4 Nxd4 Nf6 Nc3 g6,10,
1484,1501,white,120+0,d4 d5 a3 Nf6 h3 Nc6 Bg5 e6 Bxf6 Qxf6,10,
2045,1748,white,300+5,e4 e5 f4 Nc6 Nf3 d6 Bb5 Bg4 fxe5 dxe5,10,
1428,1345,white,300+0,c4 e5 Nc3 Nc6 g3 a6 Bg2 b5 cxb5 axb5,10,
1841,2236,black,900+15,e4 e6 d4 d5 Nc3 Nf6 e5 Nfd7 Bd3 c5,10,
1824,2044,black,60+0,e4 e6 d4 d5 e5 c5 c3 Nc6 Nf3 Qb6,10,
1682,1598,draw,600+0,e4 d5 exd5 Qxd5 Nc3 Qd8 Bb5+ c6 Ba4 Na6,10,
1521,1431,white,420+10,d4 d6 e4 Nc6 Bb5 Bd7 Bxc6 Bxc6 Nc3 e5,10,1698.08
1100,889,white,600+0,Nc3 d5 d4 Nc6 h3 e5 Nf3 exd4 Nxd4 Nxd4,10,
975,1260,draw,1800+6,e4 e6 Nf3 d5 exd5 exd5 Qe2+ Be7 d4 Nf6,10,2646.29
1605,2178,black,180+0,Nf3 c6 c4 d6 Nc3 e5 d3 f5 g3 Nf6,10,
1998,1945,black,600+0,e4 e5 Nf3 Nf6 Bc4 Nc6 O-O Bc5 d3 d6,10,
1349,1338,white,240+2,e4 d5 exd5 Qxd5 Nc3 Qa5 Nf3 Bg4 h3 Bxf3,10,
1713,1730,black,300+0,e4 e5 Nf3 Nc6 Bc4 Be7 d3 Nf6 Ng5 O-O,10,
2088,2079,black,300+0,e4 c5 Nf3 d6 c3 Nf6 h3 g6 Bd3 Bd7,10,
1450,1390,white,600+0,c4 e5 Nc3 Nf6 d3 Bc5 Nf3 Nc6 Bg5 d6,10,
1235,1250,white,600+0,d4 Nc6 d5 Nb4 a4 c6 dxc6 bxc6 a5 Nf6,10,
1553,1760,black,300+8,e4 c5 Bc4 e6 a3 d5 exd5 exd5 Ba2 Nf6,10,
1849,1942,black,30+0,d4 d5 c4 e6 cxd5 exd5 Nc3 Nf6 Nf3 g6,10,
1597,1729,black,600+0,e4 c5 d4 cxd4 Qxd4 d6 Bd2 e5 Qe3 Nf6,10,2043.78
1554,1510,draw,180+0,e4 e5 Qh5 Nc6 Bb5 Qf6 Bxc6 bxc6 Qf3 Bb7,10,
1325,1233,black,180+0,c4 a5 Nc3 a4 d4 a3 c5 axb2 Bxb2 b5,10,
2167,2124,white,30+0,d4 g6 Nc3 Bg7 e4 Nf6 Bc4 O-O Qe2 d5,10,
1729,1631,white,420+4,d4 d5 c4 c6 Nf3 Nf6 Nc3 g6 e3 Bg7,10,3149.16
2095,1924,white,30+0,d4 e5 c4 exd4 Bg5 Qxg5 Nd2 Qd8 Nb3 c5,10,
1960,1980,white,300+0,d4 d5 c4 c6 cxd5 cxd5 Nf3 Nf6 Nc3 Nc6,10,
1702,1751,black,60+0,e4 e5 Nf3 Nc6 Bc4 Nf6 O-O Bc5 d3 h6,10,
1190,1698,black,60+0,d4 c5 c3 Nf6 Nf3 g6 g3 Bg7 Bg2 O-O,10,
1732,2025,white,300+4,d4 d5 c4 e5 dxe5 d4 Nf3 Nc6 e3 Bb4+,10,158.07
2227,2575,black,30+0,d3 e6 Nf3 d5 g3 Nf6 Bg2 c5 O-O Nc6,10,
1379,1391,white,600+3,d4 d5 Nc3 Nc6 e3 g6 Nf3 Bg7 Bd3 Bf5,10,
1928,1989,white,180+0,f4 e5 fxe5 d6 exd6 Bxd6 Nf3 g5 g3 g4,10,
1821,1956,black,300+0,d4 Nf6 e3 d5 Bd3 c5 c3 Nc6 f4 c4,10,
1912,1884,white,180+2,e4 c6 d4 d5 f3 Nf6 Nc3 e6 Be3 Be7,10,3505.29
1655,1714,white,480+0,e4 e5 Nf3 Nc6 Bb5 Bc5 Bxc6 dxc6 d3 Bg4,10,
1809,1726,white,600+0,e4 e5 Nf3 d6 Bc4 Bg4 d3 h6 Be3 Nf6,10,
1413,1423,black,600+9,e4 e5 Bc4 Nc6 Bxf7+ Kxf7 Qf3+ Nf6 Qb3+ d5,10,2257.91
1461,1247,black,60+2,e4 d5 e5 d4 Nf3 a6 Bc4 Bd7 d3 h6,10,
2038,1428,white,600+0,e4 e5 Nf3 Nc6 Bc4 d6 d4 Bg4 dxe5 dxe5,10,
1620,1906,white,180+2,e4 c5 Bc4 d6 Nc3 Nc6 Nf3 Nf6 h3 e6,10,
2036,1887,black,180+0,d4 d5 Nf3 Nf6 g3 c6 Bg2 Bf5 O-O e6,10,
1349,1344,white,600+0,e4 d5 Bb5+ c6 Bd3 dxe4 Bxe4 Qd6 Qf3 Qe6,10,
1446,1556,white,900+0,d4 d5 Bg5 c6 e3 Nf6 Bxf6 gxf6 Nf3 Bg4,10,
1730,1530,white,60+0,e4 c5 Nf3 d6 c3 e6 Be2 Nf6 O-O Be7,10,106.63
1910,1822,white,180+0,e4 c5 c3 g6 d4 cxd4 cxd4 d5 Nc3 Bg7,10,
2290,2295,black,180+0,d4 Nf6 Nf3 d6 e3 c6 b3 Bg4 Bb2 Nbd7,10,
1930,1870,white,60+0,e4 c5 Nf3 Nc6 d4 cxd4 Nxd4 g6 Nxc6 dxc6,10,
2077,2194,black,180+1,Nf3 Nf6 d3 g6 Nbd2 Bg7 e4 O-O g3 d6,10,
1757,2036,black,180+0,e4 c5 Bc4 Nc6 Nc3 d6 d3 g6 a4 Bg7,10,
1388,1454,black,120+1,e4 c5 Nc3 d6 Bc4 e6 Nf3 Nc6 a3 Nf6,10,
1871,1903,black,180+0,c4 Nf6 d3 g6 g3 Bg7 Bg2 c6 Nc3 h5,10,
1554,1556,black,180+2,e4 c5 Nf3 d6 d4 cxd4 Bb5+ Nc6 Nxd4 Bd7,10,
2241,2024,white,300+0,d4 e6 c4 d5 Nf3 Nf6 g3 c5 cxd5 Nxd5,10,
1743,2088,black,600+0,e4 c5 Nf3 d6 Nc3 Nc6 d4 cxd4 Nxd4 Nf6,10,
2068,2341,white,60+0,d4 d6 c4 e5 d5 e4 Nc3 f5 g3 Be7,10,
1256,1623,black,300+0,e3 b6 d4 Bb7 Be2 e6 Nf3 h6 O-O Nf6,10,
1884,1816,black,300+0,e4 g6 d4 Bg7 f4 e6 Nf3 Ne7 c4 b6,10,
1715,1874,white,30+0,e4 g6 Nf3 Bg7 Bc4 e6 d4 Ne7 d5 O-O,10,
1890,1636,white,600+0,f4 Nf6 Nf3 Nc6 e3 g6 c3 Bg7 d4 O-O,10,
1065,795,white,60+0,e4 e5 d4 f6 c4 Nc6 f3 d6 g4 Be6,10,
1925,1925,white,60+0,e4 e6 Nf3 d5 exd5 exd5 d4 Nf6 Be2 Be6,10,
1378,1496,white,900+5,f4 d5 Nf3 Bf5 e3 Nf6 Bd3 Nc6 Bxf5 e6,10,
1565,1623,white,900+5,e4 e5 f4 Qe7 fxe5 Qxe5 Nc3 Bb4 Nf3 Qe7,10,12417.79
2038,1855,white,300+0,e4 c6 d4 d5 exd5 cxd5 Bb5+ Nd7 Nf3 Nf6,10,2167.57
1343,1574,draw,600+0,e4 c5 f4 d6 Bc4 Nc6 c3 e5 f5 g6,10,
1896,1476,white,600+0,e4 e5 Nf3 Nc6 Bc4 Nh6 d4 d5 exd5 Nxd4,10,
1964,2053,white,30+0,f4 e5 e3 exf4 exf4 Qe7+ Qe2 Qxe2+ Bxe2 d5,10,
1390,1176,black,900+10,e4 d5 Bb5+ Bd7 Nc3 e5 Bxd7+ Qxd7 exd5 Nf6,10,
2653,1943,white,30+0,d4 c5 d5 d6 c4 Nf6 Nc3 e6 e4 exd5,10,
1688,1980,white,30+0,c3 g6 Qb3 Bg7 Nf3 e6 Ng5 Ne7 c4 d5,10,
1926,1545,white,30+0,e4 e5 d3 Nc6 f4 exf4 Nf3 Qf6 Nc3 g5,10,
1797,1542,black,240+0,e4 c5 Nf3 d6 Bb5+ Bd7 Bxd7+ Qxd7 O-O Nc6,10,
1628,1817,black,30+0,e4 c5 f4 Nc6 Nf3 g6 Be2 Bg7 O-O e6,10,
1522,1435,white,600+0,e4 e5 Nf3 d6 d4 d5 exd5 exd4 Qxd4 Nf6,10,
1351,1348,black,900+0,e4 e6 Nf3 d5 d4 dxe4 Ne5 Bd6 Qf3 Bxe5,10,
1583,1563,white,300+0,e4 c5 f4 Nc6 e5 e6 Nf3 d6 Nc3 dxe5,10,
1547,1354,white,30+0,Nf3 d5 d4 e6 Bg5 c6 Bxd8 Kxd8 Ng5 Bd7,10,
2238,2384,black,30+0,e4 c6 d4 d5 exd5 cxd5 c4 Nc6 cxd5 Qxd5,10,
1719,1726,white,60+0,b4 d5 Bb2 Qd6 a3 Qg6 e3 e6 Nf3 Nc6,10,
1578,1372,white,300+0,e4 d5 exd5 Qxd5 Nc3 Qd8 Nf3 Nc6 d4 Bg4,10,
1588,1629,white,120+0,e4 d5 exd5 Qxd5 d4 Nf6 Nc3 Qd6 Nb5 Qb6,10,
1678,1519,white,30+0,e4 d5 exd5 Qxd5 Nc3 Qd8 d4 Nf6 Nf3 Bg4,10,9440.81
1730,1735,white,60+0,e4 d5 exd5 Qxd5 Nc3 Qd8 d4 e6 Be3 Be7,10,
1628,1889,white,60+0,Nf3 f5 d4 Nf6 c4 e6 Nc3 Be7 g3 O-O,10,4731.03
1755,1616,draw,1200+0,e4 e5 Nf3 Nf6 Nxe5 Bc5 d4 Bb6 Bc4 O-O,10,
1763,1719,black,360+5,d4 c5 Nf3 cxd4 Nxd4 Nc6 e3 Nf6 Bb5 e5,10,
1603,1720,black,180+0,e4 c5 Nf3 d6 d4 cxd4 Bc4 e5 c3 Be6,10,
2571,2621,white,30+0,Nf3 d5 g3 e6 Bg2 Nf6 O-O Be7 d3 O-O,10,3631.14
1119,1326,black,360+0,e4 e5 Nf3 Nc6 Bb5 Nf6 Bxc6 dxc6 Nxe5 Nxe4,10,
1438,1522,black,180+0,e4 d5 Nc3 dxe4 Nxe4 e6 Nf3 Ne7 Bb5+ c6,10,
1809,1927,white,60+0,b4 b6 Bb2 Bb7 e3 Nf6 Be2 e6 Bf3 Bxb4,10,
1340,1187,white,600+0,e4 e5 Nf3 d5 Qe2 dxe4 Qxe4 f5 Qe2 e4,10,
1468,1639,black,180+0,d4 e6 c4 d5 e3 a6 cxd5 exd5,8,
1148,1336,black,300+3,e4 e5 Bc4 Nf6 Nf3 Nxe4 Nxe5 Nd6 Qf3 f6,10,
1756,1932,black,30+0,e4 d6 Nf3 g6 d4 Bg7 Nc3 Nf6 Bd2 e5,10,
2159,2079,black,30+0,Nf3 e5 c4 e4 Ng1 Nf6 d3 d6 dxe4 Nxe4,10,
2073,2121,white,30+0,e4 d5 Nf3 Qd7 Ne5 Qe6 d4 dxe4 Bc4 Qb6,10,
1969,1889,black,240+0,e4 d5 exd5 Nf6 Nc3 Nxd5 d4 Nxc3 Nf3 Nxd1,10,
1260,1035,white,300+2,e4 e5 Qh5 Qe7 d3 Nc6 Bg5 Qb4+ c3 Qd6,10,
1384,1437,white,600+0,d4 d5 c4 dxc4 Nc3 Nc6 Nf3 e6 a3 Nf6,10,
1671,1346,white,600+0,e4 c5 Nf3 Nc6 c3 e5 d4 cxd4 cxd4 Bb4+,10,
1778,1855,black,600+0,e4 Nf6 Nc3 e5 Nf3 Nc6 Bb5 Nd4 O-O Nxb5,10,
1775,1739,white,60+0,d4 d5 c4 c6 Nc3 dxc4 a4 Nf6 e4 e6,10,
2059,1972,white,60+0,e4 d5 exd5 e6 d4 Nf6 Nf3 exd5 Be2 Be6,10,
1367,1380,black,180+2,e4 c5 Bc4 e6 Nf3 a6 d3 g6 O-O Nc6,10,
1286,1517,black,600+5,e4 c5 d4 cxd4 Qxd4 e6 e5 d6 f4 Nc6,10,
1571,1355,white,60+0,e4 e5 d4 Nc6 d5 Nce7 Nc3 d6 Nf3 f5,10,
1962,2127,white,180+5,e4 c5 Nf3 Nc6 Bc4 e6 c3 d5 exd5 exd5,10,
1508,1578,white,300+5,e4 e5 Nf3 Nc6 Bc4 Bc5 c3 Nf6 d4 exd4,10,
1466,1248,white,600+5,e4 d5 exd5 Qxd5 Nc3 Qe5+ Be2 Bg4 h3 Bh5,10,
1764,2037,black,900+3,e4 c5 Bc4 e6 a3 d5 exd5 exd5 Ba2 Nf6,10,
2012,1927,white,300+0,e4 c6 d4 d5 e5 Bf5 Nf3 e6 Be2 b6,10,
1476,1466,white,30+0,e4 e6 Qf3 d6 Nh3 f6 d3 Nc6 Be2 b6,10,206.09
1753,1624,black,60+2,d4 d5 Nf3 c6 e3 Nf6 Bd3 e6 O-O Be7,10,
1286,1473,draw,900+0,d4 Nf6 e3 c6 Bd3 d5 f3 e6 e4 e5,10,
1887,1882,white,300+0,d4 c5 d5 e5 c4 f5 Nc3 Nf6 Bg5 d6,10,
1733,1727,white,180+0,e4 e5 Nf3 Nc6 d4 Nf6 Bd3 exd4 e5 Qe7,10,
1492,1518,black,600+0,e4 c5 d4 cxd4 Qxd4 e6 Nc3 Nc6 Qd1 Nf6,10,8532.16
1914,1953,black,180+0,e4 e6 Nf3 b6 d4 Bb7 Nc3 Nf6 Bg5 Be7,10,
2074,1636,white,300+0,d4 d6 e4 e6 c4 Be7 Nc3 Bd7 Nf3 h6,10,
1791,1615,white,120+1,b4 e5 a3 d5 e3 Nf6 Bb2 Bd6 c4 c6,10,
1509,1438,white,240+0,e4 e5 d4 Nc6 Qd2 exd4 Ne2 Bc5 c3 dxc3,10,
2173,1804,white,180+0,e4 c5 Nf3 Nc6 c3 e6 d4 cxd4 cxd4 d5,10,
1906,1775,draw,300+0,e4 c5 Nf3 Nc6 d4 cxd4 Nxd4 Nf6 Nc3 e5,10,
1927,1914,black,600+0,e4 e5 Nf3 Nc6 Bc4 Bc5 b4 Bxb4 c3 Ba5,10,
1978,1712,white,180+0,d4 Nf6 e3 g6 c4 d5 cxd5 Nxd5 Nc3 Nxc3,10,
1265,1152,black,360+0,d4 Nf6 Bg5 d5 Bxf6 exf6 Nc3 c6 a3 Bd6,10,65.87
1644,1731,black,300+5,e4 e5 Nf3 Nc6 Bc4 h6 O-O d6 a3 Be7,10,
1963,2005,black,300+0,c4 e6 b3 d5 cxd5 exd5 a3 f5 d3 c6,10,
1509,1788,black,60+0,e4 Nf6 f4 Nxe4 d3 Nf6 Nf3 d5 Be2 Bg4,10,
1506,1452,white,180+2,e4 c6 d4 d5 e5 Bf5 Be3 e6 a3 Nd7,10,
2102,1977,white,180+0,d4 d5 c4 e5 cxd5 Qxd5 e3 exd4 exd4 Nc6,10,
1995,1882,black,30+0,e4 d5 e5 Nf6 exf6 exf6 Nf3 Be7 Be2 O-O,10,
1803,1790,black,300+0,d4 d5 Nf3 Bf5 e3 e6 Be2 Nf6 O-O Bd6,10,
1833,1811,black,60+0,d4 c6 c4 b6 Nc3 Bb7 e4 d6 Nf3 Nd7,10,127.62
1424,1395,black,300+0,e4 e5 Nf3 Nc6 Bc4 Bc5 O-O d6 Nc3 Nf6,10,
1761,1947,black,30+0,e3 a6 Qf3 b6 Bd3 Nc6 Bc4 Ne5 Qe4 Nxc4,10,
1669,1668,white,300+0,e4 d6 d4 g6 Nc3 Bg7 Be3 Nf6 Be2 O-O,10,3889.08
2039,1790,black,30+0,g3 g6 Bg2 Bg7 d4 Nf6 e3 O-O Ne2 e6,10,
1811,1818,black,300+0,d4 Nf6 Nc3 d5 Bg5 g6 Bxf6 exf6 e4 dxe4,10,
1948,1910,white,600+0,e4 e6 d4 d5 e5 c5 c3 Nc6 f4 Bd7,10,55.02
1548,1864,white,30+0,d4 d5 e3 c6 Nf3 e5 Bd3 e4 Bxe4 dxe4,10,
1509,1291,white,180+2,e4 e5 Nf3 Nc6 Bc4 d6 h3 Be6 Nc3 Bxc4,10,
1960,1715,black,30+0,g3 e6 Bg2 h5 Nf3 g5 e3 g4 Nd4 c5,10,
2099,2010,white,30+0,c4 d6 e3 g6 a3 Bg7 Nc3 Nf6 Qc2 O-O,10,
1596,1479,black,600+0,e4 c5 Nf3 Nc6 d4 cxd4 Nxd4 Qb6 Be3 Qxb2,10,
2292,2136,black,180+0,g3 d5 Bg2 Nf6 d3 g6 Nd2 Bg7 e4 dxe4,10,3290.14
1769,1975,black,30+0,e4 e6 f4 d5 Nf3 c5 Ne5 Nc6 exd5 Nxe5,10,
1855,2493,black,30+0,e3 g5 d3 g4 Be2 d5 Bxg4 e6 Be2 h5,10,
1529,1527,white,30+0,e4 d5 Nf3 dxe4 Nd4 Nf6 c3 e6 d3 Be7,10,
1580,2064,white,30+0,b3 c5 Bb2 d6 Bxg7 Nc6 Bxh8 Nf6 Bxf6 exf6,10,
1560,1579,white,300+0,e4 e5 Bc4 Nf6 Nf3 Nxe4 Nxe5 d5 Bb3 Qf6,10,
1717,1734,white,600+0,e4 c5 Nf3 d6 d4 cxd4 Nxd4 Nf6 Nc3 a6,10,
1776,1294,white,900+0,e4 e6 Nf3 c6 d4 d5 e5 Bb4+ Bd2 Be7,10,
1895,1776,draw,180+2,g4 g6 Bg2 Bg7 c4 c6 h3 e6 Nc3 Ne7,10,
1638,1645,white,1800+0,d4 Nf6 Nc3 g6 e4 d5 e5 Ne4 Nxe4 dxe4,10,
1627,1133,white,900+0,d4 e6 e4 d5 e5 c5 Nf3 Nc6 Bb5 Ne7,10,
1529,1464,white,300+0,f4 d5 Nf3 Bg4 Ne5 h5 Nxg4 hxg4 e3 Nf6,10,
1323,1455,white,60+0,e4 e5 Nf3 d5 Nxe5 Nc6 Nxc6 bxc6 d3 Ba6,10,
1964,2020,white,60+0,g3 g6 Bg2 Bg7 c4 c6 Nc3 e6 d4 d5,10,
1386,1423,white,600+0,e4 e5 Bc4 d6 Nf3 h6 Nc3 Nf6 b4 Nc6,10,
1705,1716,black,60+0,e4 c5 Nf3 Nc6 c3 d6 Bd3 e5 O-O g6,10,
1910,1775,white,300+0,e4 c5 Nf3 d6 Nc3 Nf6 d4 cxd4 Nxd4 a6,10,
1488,1668,black,180+0,d4 d5 Bf4 e6 e3 c5 a3 Nc6 Bb5 Nf6,10,
1200,1311,black,600+0,e4 g6 Bd3 Bg7 Nf3 b6 O-O Bb7 c4 e6,10,121.43
1591,1511,black,2700+0,e4 e5 Nf3 Nc6 c3 d5 exd5 Qxd5 a3 Bg4,10,71.77
1946,1946,white,120+0,Nf3 g6 c4 Bg7 g3 d6 Bg2 e5 O-O Nf6,10,
1760,1617,white,180+0,d4 e6 c4 Bb4+ Bd2 Bd6 e4 b6 e5 Be7,10,
1691,1666,white,300+0,e4 e6 d4 d5 e5 c5 c3 Nc6 a3 c4,10,
1518,1639,white,180+4,e4 b5 Bxb5 Bb7 Nc3 f5 Bd3 Nf6 Qf3 fxe4,10,122.0
1600,1694,black,300+8,e4 Nf6 e5 Nd5 Bc4 Nb6 Bb3 Nc6 d4 Na5,10,
1695,1798,black,60+0,c4 g6 b3 Bg7 Nc3 e6 Bb2 Ne7 e3 d5,10,
1658,1269,white,30+0,c4 e5 Nc3 d6 Nf3 c5 e4 f6 d3 b6,10,
1775,1732,white,30+0,e4 e5 Nc3 Nc6 Nf3 Bc5 Bb5 Nf6 O-O d6,10,
1918,1838,white,180+0,e4 c5 Nf3 d6 d4 cxd4 Nxd4 Nf6 Nc3 g6,10,
2211,1939,white,30+0,d4 f5 Nf3 g6 e3 Nh6 Bd3 Nf7 c4 Bg7,10,
1738,1665,white,300+0,e4 e5 Nf3 Bc5 Bc4 Nf6 d3 d6 c3 Bg4,10,4991.25
1295,1610,black,180+1,d4 Nf6 c4 c5 e3 cxd4 exd4 g6 h3 Bg7,10,
2063,1644,white,30+0,d4 Nf6 Bg5 g6 Bxf6 exf6 e3 Bg7 Nf3 O-O,10,
2239,2104,white,180+0,e4 Nf6 Nc3 e5 Bc4 Nc6 d3 Bc5 Bg5 h6,10,1806.61
1676,1163,draw,300+0,e3 e5 d4 Bd6 Nf3 e4 Nfd2 Qh4 g3 Bxg3,10,
1276,1176,white,540+2,e4 Nf6 e5 Ne4 d3 Ng5 Bxg5 h6 Be3 e6,10,100.68
1977,1911,white,30+0,e3 d6 c4 e5 d4 Nf6 dxe5 dxe5 Qxd8+ Kxd8,10,
1472,1448,white,600+0,e4 e5 Nf3 Bd6 d4 f6 c4 exd4 Nxd4 b6,10,10591.34
2176,2070,black,600+0,e4 c5 Nf3 d6 Bc4 e6 O-O a6 a4 Be7,10,
1517,1419,black,600+0,d4 d5 Bf4 Nc6 Nc3 f6 Nb5 e5 dxe5 fxe5,10,
2284,2059,white,30+0,Nf3 g5 g3 g4 Bg2 gxf3 Bxf3 Nf6 Bg2 Bg7,10,
1805,1645,black,600+0,e4 c5 f4 Nc6 Nf3 d6 Nc3 g6 Be2 Bg7,10,
1739,1500,white,0+2,d4 d5 c4 c6 Nf3 Nd7 Nc3 dxc4 e4 Ndf6,10,86.88
1626,1664,white,180+0,e4 e5 Nc3 Nc6 Nf3 f5 d4 exd4 Nxd4 Nxd4,10,
1539,1643,black,300+8,e4 e5 Nf3 d6 h3 Nf6 d3 Be7 Nc3 h6,10,
1716,1435,white,300+0,c4 e6 d4 Nc6 g3 d5 cxd5 Qxd5 Nf3 Bb4+,10,
1828,1772,black,240+0,d4 d5 c4 Bf5 Nc3 e6 Nf3 Nc6 g3 Nb4,10,
2165,2202,black,180+2,e4 c5 Nf3 e6 d4 cxd4 Nxd4 Nc6 Nc3 Qc7,10,
1754,1733,draw,180+2,e4 g6 d4 Bg7 e5 d6 f4 dxe5 fxe5 Nc6,10,
1922,1561,white,30+0,e4 g6 Nf3 b6 d4 Bg7 Bd2 Bb7 Bd3 d6,10,7579.56
1613,1551,white,1500+10,e4 e5 Nf3 Nc6 Bc4 Nf6 Nc3 h6 d3 Bb4,10,
1999,1266,white,600+0,e4 c5 Nf3 f6 d4 Na6 Bxa6 bxa6 dxc5 Qa5+,10,
1563,1811,black,30+0,d3 d5 e4 dxe4 Nc3 exd3 Bxd3 Nf6 Be3 e6,10,
2184,2077,black,180+2,e4 g6 Bc4 e6 Nc3 Bg7 d3 Ne7 Bb3 d5,10,
2143,2012,white,30+0,d4 c5 Nf3 e6 dxc5 Bxc5 e4 Bxf2+ Kxf2 Nf6,10,240.04
2046,2014,white,600+0,Nf3 d5 g3 c6 Bg2 Nf6 O-O e6 c4 Be7,10,
2042,2119,white,180+0,e4 c5 Nf3 d6 d4 cxd4 Nxd4 Nf6 Nc3 a6,10,
1601,1585,black,60+4,e4 b6 Nf3 Bb7 Nc3 e6 d3 c5 Be3 Nf6,10,
1843,1899,draw,600+0,d4 d5 Nc3 e6 e4 c6 e5 a6 Nf3 c5,10,
1535,1527,black,300+0,e4 e5 Nf3 Nf6 Nc3 Nc6 d4 exd4 Nxd4 Nxd4,10,
1623,1854,white,180+10,e4 e5 Nf3 Nc6 d4 exd4 Nxd4 Ne5 f4 Ng6,10,
1696,1722,white,180+2,d4 Nf6 h3 g6 Nf3 Bg7 Bf4 b6 e3 O-O,10,37.3
2063,2012,white,180+0,Nc3 d5 d4 e6 e4 dxe4 f3 exf3 Nxf3 Nf6,10,
2197,2273,draw,480+0,e4 c5 Nf3 Nc6 c3 d5 exd5 Qxd5 Bb5 Bg4,10,
1551,1567,black,180+0,e4 e5 Nc3 Nf6 f4 Qe7 Nf3 b6 Bc4 Bb7,10,
1769,1943,black,180+0,d4 d5 e3 e6 Bd3 Nf6 Qe2 Bd6 Bd2 O-O,10,58.48
1645,1617,white,180+0,d4 Nf6 e3 e6 Be2 d5 Nf3 Nc6 O-O Bd6,10,
1682,1942,black,360+0,e4 c5 Nf3 e6 Nc3 a6 d4 cxd4 Nxd4 d6,10,
1733,1684,black,360+0,e4 e6 d4 d5 e5 c5 c3 Nc6 Nf3 Qb6,10,
1227,1116,white,120+1,e4 e5 f4 exf4 Nf3 Nf6 d3 Nc6 h3 d5,10,
1370,1403,black,1500+3,c4 e5 Nf3 Nc6 g3 Nf6 Bg2 Bc5 O-O O-O,10,
1460,1406,black,180+0,d4 e6 e4 d5 Nc3 dxe4 Nxe4 b6 Bd3 Bb7,10,
1520,1518,black,180+0,e4 e5 Nf3 Nc6 Bc4 Nf6 Ng5 d5 exd5 Na5,10,
1883,1987,black,300+3,e4 e6 d4 d5 e5 c5 c3 Qb6 Nf3 Bd7,10,
2025,2086,white,30+0,e4 e6 d4 d5 exd5 exd5 c4 Nf6 Nc3 dxc4,10,
1517,1717,black,360+5,d4 d5 f3 Nf6 Nc3 e6 e4 dxe4 fxe4 Bb4,10,
1675,1681,black,600+0,b3 e5 Bb2 Nc6 e3 d5 g3 Nf6 Bg2 Bf5,10,
1781,1731,black,60+0,d4 c6 e4 d6 Nc3 g6 Bf4 Bg7 Nf3 a6,10,
1857,1714,white,180+0,e4 c5 Nf3 g6 d4 cxd4 Nxd4 Bg7 Nc3 Nc6,10,
2023,1758,black,180+0,d4 d5 c4 c6 Nc3 Nf6 cxd5 cxd5 e3 Bf5,10,
2108,2108,white,30+0,e4 d5 d3 dxe4 dxe4 Nf6 Qxd8+ Kxd8 Nc3 Ke8,10,
1844,1744,white,180+0,e4 d6 d4 Nc6 Nf3 Nf6 Nc3 g6 Bb5 Bg7,10,
1776,1858,black,180+0,e4 e5 Nf3 Nc6 Bc4 h6 c3 Nf6 O-O Bc5,10,
1511,1728,white,180+0,e4 e6 d4 d6 Nf3 Ne7 Bc4 Nd7 Nc3 h6,10,
1875,1849,white,30+0,e4 f6 f4 g6 Nf3 Nh6 d4 Nf7 Bc4 Bg7,10,
1764,1761,black,600+0,e4 Nc6 Bc4 e6 d3 Nf6 Nc3 a6 a4 d6,10,
1555,1533,black,120+0,e4 e5 Nf3 Nc6 d4 d5 Bb5 a6 Bxc6+ bxc6,10,
1881,1896,draw,600+0,e4 c6 d4 d5 e5 Bf5 Nf3 Bg4 Bd3 e6,10,
1751,1755,white,180+0,e4 e6 d4 d5 exd5 exd5 Nf3 Nf6 Bd3 Bd6,10,
1954,1265,white,30+0,d4 e6 c4 d6 Nf3 Ne7 Nc3 Ng6 Bg5 Be7,10,49.23
1507,1539,white,900+0,e4 e5 Nf3 d6 c3 Bg4 Be2 Nf6 d4 Nxe4,10,30.57
2012,2008,draw,300+0,e4 e5 Nf3 Nc6 Bb5 f5 exf5 e4 Qe2 Qe7,10,
1244,1528,black,300+0,e4 e5 a3 Nc6 h3 a6 Nc3 d6 Nf3 f5,10,
1782,1732,white,300+0,d4 g6 c4 Bg7 Nc3 c5 d5 e6 e4 exd5,10,
1636,1527,draw,420+2,e4 c5 Nf3 d6 d4 cxd4 Nxd4 e5 Nf3 Nf6,10,
1500,1555,black,60+0,e4 e6 d4 d5 Bd3 c5 exd5 exd5 Bb5+ Bd7,10,
1955,1728,white,300+2,d4 e5 dxe5 d6 exd6 Bxd6 Nf3 Nf6 Bg5 O-O,10,
1521,1523,black,180+0,d4 d5 c4 dxc4 Bg5 b5 e3 Bb7 a4 c6,10,
1445,1200,white,420+2,e4 e5 Nf3 Nf6 Nxe5 Bd6 d4 O-O Bd3 c6,10,
1690,1713,draw,60+0,d4 c6 Nf3 d5 Bf4 e6 e3 Bd6 Bxd6 Qxd6,10,
1351,1254,black,600+0,e4 c5 Bc4 g6 d4 Nf6 Nc3 e6 d5 h5,10,
1769,1739,black,60+0,g3 g6 Bg2 Bg7 Nf3 c5 d3 Nc6 e4 d6,10,
1487,1738,black,60+0,d4 d6 c4 g6 Nc3 Bg7 Nf3 Nf6 g3 O-O,10,
1843,1812,white,180+0,d4 e6 c4 d5 Nc3 c5 e3 cxd4 exd4 dxc4,10,
1777,1733,black,30+0,e4 d5 exd5 Qxd5 d4 Qd8 c3 Nf6 f4 Nc6,10,152.71
2203,1970,black,300+0,e4 e6 d4 d5 e5 c5 c3 Nc6 Nf3 Bd7,10,
1625,1524,white,60+2,e4 c5 Nf3 d6 d4 cxd4 Nxd4 Nf6 Nc3 a6,10,
1911,2030,black,180+0,e4 e6 Nf3 d5 d3 dxe4 dxe4 Qxd1+ Kxd1 Nc6,10,
1887,1951,draw,180+0,e4 e5 Nf3 Nc6 Bb5 a6 Ba4 Nf6 O-O b5,10,
1895,1981,white,30+0,g3 d5 Bg2 c6 c4 e6 cxd5 exd5 e4 d4,10,
1767,1668,white,120+2,d4 d5 e4 dxe4 Nc3 Nf6 f3 exf3 Nxf3 e6,10,
2145,2261,white,180+2,d4 d6 c4 e5 dxe5 dxe5 b3 Qxd1+ Kxd1 Nc6,10,
1281,1343,white,300+0,e4 e5 f4 d6 Nf3 Nf6 fxe5 dxe5 Nxe5 Qd4,10,
1350,1428,white,360+0,e4 e5 c4 d6 d3 Bd7 h3 Nc6 Nf3 h6,10,
1488,1466,white,600+4,d4 d5 c4 c5 dxc5 Nc6 cxd5 Nb4 Qa4+ Bd7,10,
1961,1802,black,300+5,e4 c5 Nf3 d6 Bc4 e6 O-O Nc6 c3 a6,10,
1583,1513,black,300+0,e4 e5 Nf3 d6 c3 Bg4 Be2 Nc6 O-O Qd7,10,
1645,1602,white,180+0,d4 Nf6 h3 d5 Bf4 Bf5 g4 Bg6 e3 h6,10,
1500,1298,white,300+0,e4 e5 Qh5 Nc6 Bc4 g6 Qf3 Nf6 c3 Bg7,10,
1817,1781,white,300+0,Nf3 c5 c4 g6 d4 Bg7 e3 cxd4 exd4 Nf6,10,33.3
1783,1757,white,300+8,e3 e5 Nc3 d5 Qh5 Nc6 Bb5 Qd6 Nf3 Nf6,10,
1864,1893,black,180+2,d4 Nf6 c4 g6 Nc3 Bg7 e4 d6 f3 O-O,10,
1888,1781,white,120+0,c3 Nf6 Qc2 d6 d3 Nbd7 Nf3 e5 Bg5 h6,10,
2136,2133,black,60+0,Nc3 d5 e4 d4 Nce2 e5 d3 Nf6 f4 Nc6,10,
1847,1759,black,300+0,e4 e5 Nf3 d6 Bc4 h6 O-O Be7 h3 Nf6,10,
1309,1543,black,900+15,e4 e5 Nf3 Nc6 Nc3 Bc5 a3 Nf6 b4 Bb6,10,200.26
1855,2224,draw,30+0,d4 c5 c4 cxd4 Nc3 Nf6 Qd3 dxc3 bxc3 Nc6,10,
2027,2087,draw,300+0,e4 c5 Nf3 d6 b3 Nc6 Bb2 e5 Bb5 Bd7,10,
1737,1709,white,300+0,e4 c5 f4 Nc6 Nf3 e5 f5 d5 exd5 Qxd5,10,2567.12
1864,1734,white,300+0,Nf3 Nf6 e3 Nc6 d4 d5 c4 dxc4 Bxc4 Bg4,10,
1894,1094,white,300+0,e4 e5 Nf3 d6 Bc4 Nf6 Ng5 Qe7 Nxf7 Rg8,10,
1917,1685,white,30+0,e4 c5 d4 e6 Bc4 cxd4 e5 Nc6 Bd3 Nxe5,10,
1511,1347,black,30+0,e4 d5 exd5 Qxd5 Nc3 Qd8 Nf3 c6 g3 b6,10,
1506,1749,white,30+0,g3 d5 Bg2 Nf6 d3 Nc6 e4 e5 exd5 Be6,10,
1823,1919,white,60+0,d4 e6 e4 b6 Nc3 Bb7 Bd3 Bb4 Nf3 Bxc3+,10,
2579,2101,white,30+0,d4 g6 Nf3 Bg7 e3 c5 c4 cxd4 exd4 Nf6,10,
1833,1591,black,300+0,e4 e5 Nc3 Nf6 Bc4 Bb4 d3 O-O Ne2 d5,10,239.13
1471,1589,black,60+0,c4 g6 d4 Bg7 Nc3 e6 f3 Ne7 e4 O-O,10,
1851,1962,black,600+0,e4 e6 d4 d5 exd5 exd5 c4 Nf6 Nc3 c6,10,
1734,1546,white,600+0,e4 c5 Bc4 Nc6 Nf3 d6 a3 g6 h3 Bg7,10,
1282,1409,white,600+0,e4 e5 Nf3 Nc6 Bb5 b6 Bxc6 dxc6 Nxe5 Ba6,10,
1231,1112,black,600+0,e4 d5 e5 e6 d4 Bd7 c3 Nf6 exf6 gxf6,10,
2091,2026,white,180+0,e4 e5 Nf3 d6 d4 exd4 Nxd4 c5 Nb3 Be6,10,
1968,1884,white,240+2,d4 d5 c4 Nf6 cxd5 Qxd5 Nc3 Qd8 e4 e6,10,
2426,2330,white,180+0,d4 d5 c4 e6 Nc3 Nf6 cxd5 exd5 Bg5 c6,10,
1777,1758,white,600+0,d4 d5 Nf3 Nf6 g3 e6 Bg2 Nc6 b3 Bb4+,10,
1953,1955,white,180+0,e4 e5 Nf3 Nc6 d4 exd4 Nxd4 Bc5 Nxc6 Qf6,10,3716.96
1776,1807,white,60+0,d4 d6 c4 e5 d5 f5 g3 Nf6 Bg2 Be7,10,
1286,1428,white,300+0,e4 e5 f4 exf4 Nf3 d6 Bc4 Bg4 d4 Nf6,10,
1497,1524,white,300+0,e4 e5 Nc3 Nf6 Nf3 Bb4 Nxe5 Bxc3 dxc3 Qe7,10,
1494,1457,white,600+0,d4 e6 e4 d5 e5 c5 dxc5 Bxc5 Nf3 Ne7,10,
1327,1365,white,0+4,d4 d5 e3 e6 f3 Nf6 c3 Be7 g4 O-O,10,
1808,1731,draw,600+0,e4 e5 Nf3 Nc6 Bb5 Nf6 O-O Bc5 c3 a6,10,32.15
1752,1896,white,420+3,Nf3 c5 e4 d6 Bc4 Nf6 Ng5 e6 O-O h6,10,
1618,1652,draw,300+0,e4 c5 Nf3 d6 Bc4 e6 e5 d5 Bb5+ Bd7,10,
2247,2317,white,180+0,d4 c6 c4 d5 cxd5 Nf6 dxc6 Nxc6 Nf3 e5,10,
1335,1480,black,300+0,d4 e5 dxe5 Nc6 Bf4 Qe7 Nf3 Qb4+ c3 Qxf4,10,
1685,1935,black,45+3,e4 d6 Nc3 Nf6 f4 c5 d3 Nc6 Nf3 g6,10,
1051,1610,black,120+1,c4 c5 Nc3 e6 g3 Nc6 Bg2 Nf6 e3 d5,10,
1324,1570,black,300+0,e4 e5 Nf3 Nc6 Nc3 Bc5 Bc4 d6 Ng5 Qxg5,10,
1811,1845,black,180+0,e4 c5 Nf3 Nc6 d4 cxd4 Nxd4 d6 Nb5 Bd7,10,
1767,1828,white,180+2,e4 e5 d4 Nc6 Nf3 exd4 c3 dxc3 Bc4 cxb2,10,
2089,2162,white,60+0,g3 g6 Bg2 Bg7 c4 d5 Nc3 dxc4 Nf3 Nf6,10,
1771,1719,black,180+2,Nf3 d5 b3 e6 Bb2 c5 e3 b6 c4 Bb7,10,
1403,1461,black,900+0,e4 d5 exd5 Qxd5 Nc3 Qe6+ Be2 Qg6 g3 Nf6,10,
1922,2009,white,180+0,d4 Nf6 e3 d6 Nd2 Bf5 a3 e5 dxe5 dxe5,10,
2088,2233,black,180+0,d4 e6 c4 c5 Nc3 Nf6 d5 exd5 cxd5 d6,10,
1750,1773,white,300+0,e4 e5 d3 d6 f4 Be7 Nf3 Bg4 fxe5 dxe5,10,8351.71
1343,1283,black,300+2,e4 c5 c3 d6 d4 cxd4 cxd4 Nf6 Nc3 e6,10,
1992,1149,white,30+0,Nf3 h6 g3 b6 Bg2 Bb7 O-O e6 d3 Be7,10,
2178,2586,black,30+0,d4 c6 c4 d5 cxd5 cxd5 Bf4 Nf6 Nc3 g6,10,
1778,1729,black,60+0,e4 d5 d3 dxe4 dxe4 Qxd1+ Kxd1 Nc6 f3 Bd7,10,
1748,1440,white,120+0,e4 g6 d4 Bg7 c4 b6 Nc3 Bb7 Nf3 Nf6,10,
1733,1608,white,30+0,e3 b6 h4 Bb7 Nh3 Bxg2 Rg1 Bxf1 Qf3 g6,10,
1038,1817,black,30+0,c3 c6 Qc2 d6 b4 d5 a3 e6 Ra2 Ne7,10,
1978,1951,white,30+0,e3 e6 d4 d5 Bd3 Nf6 f4 c5 Nf3 c4,10,
1233,1294,white,300+0,d4 Nc6 e4 e5 d5 Nd4 Nc3 c5 Nf3 Nxf3+,10,
1522,1388,draw,300+0,e4 c5 Nf3 Nc6 d4 cxd4 Nxd4 Nxd4 Qxd4 Nf6,10,
2041,1840,black,30+0,e4 e6 d4 d5 Nc3 c6 Nf3 dxe4 Nxe4 Nf6,10,
1382,1401,black,300+0,e4 b6 Bb5 Bb7 Qg4 g6 e5 Bg7 d4 Nh6,10,
1865,1702,white,180+0,e4 e5 Nf3 Nc6 Bc4 Bc5 Nc3 d6 d3 Be6,10,
1283,1368,black,120+1,e4 c5 d4 cxd4 c3 dxc3 Nxc3 Nc6 Bc4 e6,10,
1553,2108,black,30+0,Nf3 e6 e4 c5 e5 Nc6 d3 Nd4 Bg5 Nxf3+,10,
1735,1567,white,180+0,d4 g6 c4 Bg7 Nc3 c5 d5 Bxc3+ bxc3 Qa5,10,
2150,2220,white,180+0,e4 e6 Nf3 d5 e5 c5 b4 cxb4 a3 bxa3,10,
1123,1345,black,180+3,f4 d5 Nf3 Bf5 d3 Nf6 h3 h6 g4 Bh7,10,
1581,1584,black,180+0,e4 e5 Nf3 Nf6 Nc3 Bb4 d3 Bxc3+ bxc3 b6,10,
1542,2038,black,30+0,e4 g6 Qf3 Bg7 Bc4 Nf6 Nh3 O-O e5 Nh5,10,4484.3
2604,2654,white,30+0,Nh3 d5 g3 c6 Bg2 g6 O-O Bg7 f4 Bxb2,10,
1913,1819,white,60+0,e4 e5 Nf3 Nc6 d4 exd4 Nxd4 Bc5 Be3 Qf6,10,
2115,1942,white,30+0,g3 d5 Bg2 c6 Nf3 f6 O-O e5 d4 e4,10,
1625,1656,white,180+0,e4 e5 Nf3 Nc6 g3 Bc5 Bg2 Nf6 d3 O-O,10,
2188,2222,black,120+2,e4 c5 c3 g6 d4 cxd4 cxd4 d5 Nc3 dxe4,10,
1310,1191,white,900+0,e4 e5 Qh5 Qf6 Nc3 Bc5 Qe2 c6 d3 Na6,10,
1499,1487,white,300+3,d4 d5 c4 dxc4 e4 e5 d5 Bb4+ Nc3 Nf6,10,
1463,1765,black,180+0,b4 e5 b5 Qf6 a4 e4 Nc3 Bb4 Ra2 Bxc3,10,
1895,1664,white,180+1,b4 e5 Bb2 e4 e3 f5 c4 Nf6 Qb3 Be7,10,
1990,1822,white,120+0,e4 Nf6 Nc3 Nd5 exd5,5,
995,950,black,180+0,e3 g6 f3 Bg7 Ne2 b6 g3 Bb7 Bg2 d6,10,4151.92
1681,1768,white,180+2,e4 e5 Nf3 Nc6 Nc3 Bc5 h3 Nf6 Be2 d5,10,
1389,1485,black,300+3,e4 e5 d4 exd4 Qxd4 Nc6 Qd1 Nf6 Nc3 Bb4,10,2407.4
1831,1734,white,120+0,e4 e5 Nf3 Nc6 Nc3 Nf6 d4 exd4 Nxd4 Nxd4,10,
1457,1637,black,420+0,e4 e5 Nf3 Nc6 Bc4 Bc5 c3 Nf6 d3 O-O,10,
1695,1693,white,120+0,d4 g6 c4 Bg7 Nc3 d6 Bf4 Nf6 e3 O-O,10,
1646,1539,white,180+0,e4 d5 exd5 Qxd5 Nf3 Bg4 Be2 Bxf3 Bxf3 Qe5+,10,3110.67
1636,1810,black,240+0,e4 e5 Bc4 Nc6 Nc3 Bc5 Nf3 Nf6 d3 h6,10,
1499,1850,black,300+2,d4 Nf6 Nc3 d5 e4 dxe4 f3 exf3 Nxf3 Bg4,10,
1601,1670,white,300+0,e4 e6 Nf3 d5 exd5 Qxd5 Bd3 e5 Qe2 f6,10,
1553,1731,black,300+0,e4 d5 exd5 Qxd5 Nc3 Qd6 Nf3 Bg4 Be2 Bxf3,10,
1621,1585,black,180+2,e4 e6 f4 d5 e5 Nh6 Nf3 Nf5 d4 c5,10,
1449,1432,draw,300+0,b3 d5 Bb2 e5 Bxe5 Nc6 Bb2 Bf5 d3 Nf6,10,
1239,1303,black,600+0,e4 e5 Nc3 Nc6 Bc4 Nf6 Nf3 Nxe4 Nxe4 d5,10,2774.27
1981,1786,white,30+0,d4 d5 Bf4 Nf6 e3 Nc6 c3 e6 Nd2 Bd6,10,
1791,1860,white,180+2,e4 c5 Nf3 Nc6 Be2 d5 exd5 Qxd5 Nc3 Qd8,10,1684.89
1747,1777,white,60+0,e4 e5 Nc3 Bc5 d3 Nc6 Qf3 d6 Be3 Bxe3,10,
1691,1293,white,120+1,d4 Nc6 Nf3 e6 Nc3 Be7 Bf4 g5 Bg3 g4,10,
2005,2092,white,30+0,Nf3 d5 d4 Nf6 Nc3 c5 Bg5 cxd4 Bxf6 exf6,10,
1223,1059,white,60+0,e4 d5 exd5 Qxd5 Nc3 Qe6+ Qe2 Qxe2+ Ncxe2 Nc6,10,
1470,1350,white,600+0,e4 e5 Nf3 Nf6 Bc4 d6 d3 Be7 Ng5 h6,10,
1764,2000,black,30+0,e4 Nc6 f4 Nb4 Nf3 Na6 Bxa6 bxa6 O-O Rb8,10,
1309,1204,white,300+0,e4 Nf6 e5 Nd5 c4 Nf4 g3 Ne6 Qg4 g6,10,213.76
1564,1631,white,480+4,e3 e5 d3 d5 a3 Nf6 h3 Be7 b4 c5,10,
1264,1540,black,30+0,e4 c6 Nf3 d5 exd5 cxd5 d4 Nf6 Bb5+ Nc6,10,
1640,1635,black,900+0,e4 e5 Nf3 Nc6 d3 Bc5 g3 d6 Bg2 Bg4,10,
1841,1430,white,240+0,e4 e5 Nf3 Nc6 Bb5 Nd4 Bc4 Bd6 c3 Nc6,10,
1886,1866,black,180+0,e4 d6 d4 Nf6 Nc3 g6 e5 dxe5 dxe5 Qxd1+,10,
1955,1756,white,30+0,b3 g6 Bb2 f6 Nf3 Kf7 Ng5+ fxg5 Bxh8 Bg7,10,
1516,1622,white,30+0,e4 e6 d4 d5 e5 f6 c3 fxe5 dxe5 Nc6,10,
1736,1768,black,180+0,e4 d6 c3 Nf6 d4 g6 f3 Nbd7 Bd3 Bg7,10,734.21
2494,2392,black,30+0,e4 c5 Qh5 Nf6 Qh4 e6 e5 Nd5 Qxd8+ Kxd8,10,
2061,1955,white,180+0,e4 c6 d4 d5 Nd2 dxe4 Nxe4 Nf6 Ng3 g6,10,
1855,1928,white,30+0,d3 c5 e3 d5 Be2 e6 Bd2 Nc6 Nf3 b6,10,
1467,2007,black,180+0,e4 e6 f4 d5 exd5 exd5 d3 Bd6 Nf3 Nf6,10,
1949,1775,white,420+9,e4 c5 Nc3 Nc6 Bb5 a6 Bxc6 bxc6 Nf3 d6,10,48.71
1950,1631,white,180+0,e4 h6 d4 g5 Nc3 e6 Bc4 c6 Be3 d6,10,
1722,1955,black,30+0,d4 Nf6 c4 d5 Nc3 c6 cxd5 Bg4 dxc6 Nxc6,10,
1825,1816,black,480+8,e4 e5 Nf3 d6 d4 exd4 Nxd4 Bd7 Bc4 Nc6,10,
1963,1734,white,180+0,e4 c5 Nf3 e6 c3 a6 e5 Nc6 d4 cxd4,10,
1370,1435,black,60+0,e4 Nh6 d3 g6 Bxh6 Bxh6 Nf3 O-O Nc3 e6,10,
1542,1576,white,600+0,d4 d5 c4 c6 cxd5 cxd5 Nc3 Nf6 g3 e6,10,
1559,1600,white,600+0,e4 g6 d4 Bg7 e5 d6 Bf4 dxe5 Bxe5 Bxe5,10,
1557,1758,black,600+0,d4 d5 c4 dxc4 Nf3 e6 e3 b5 Bd2 c6,10,
1321,1342,black,480+5,d4 g6 c4 e6 Nc3 d5 Nf3 dxc4 e4 a6,10,
1490,1500,white,120+0,d4 c6 c4 d5 cxd5 cxd5 Nc3 Nf6 Nf3 Bf5,10,
1908,1899,draw,300+0,e4 d5 exd5 Nf6 Bb5+ Bd7 Bc4 b5 Bb3 a5,10,
1902,1957,white,240+0,e4 e5 Nf3 f5 Nxe5 Qf6 d4 d6 Nf3 fxe4,10,
1724,1732,white,900+0,Nf3 d5 e3 Nc6 Bb5 Bd7 d4 a6 Bxc6 Bxc6,10,55.1
1331,1571,black,300+0,e4 e5 Qh5 Qf6 d3 Bc5 Nh3 d6 Bg5 Qe6,10,
1614,1718,white,300+8,e4 e5 Nf3 Nc6 Bb5 d6 d4 exd4 Nxd4 Bd7,10,
1810,1772,white,60+1,e4 g6 d4 Bg7 Nf3 c5 Be3 cxd4 Nxd4 Nc6,10,
1561,2183,black,600+0,e4 d6 d4 Nf6 Nc3 e5 d5 Nbd7 Bg5 Be7,10,
1840,1710,white,300+0,d4 d5 Bf4 Bf5 c4 a6 Qb3 dxc4 Qxb7 Nd7,10,
1712,1985,black,600+0,b4 e5 Bb2 d6 b5 b6 a4 Bb7 c4 Nd7,10,
2267,1531,white,600+0,d4 d5 c4 dxc4 Nf3 Bg4 e3 Qd5 Nc3 Bxf3,10,
1709,1935,black,600+0,e4 e5 Nf3 Nc6 Bb5 d6 O-O Nf6 Re1 Be7,10,
1452,1487,white,30+0,c4 e5 d3 Qf6 e4 Bc5 Be3 Bxe3 fxe3 Nh6,10,
1010,1255,black,900+0,d4 Nf6 Nc3 b6 e4 d5 e5 Ne4 Nxe4 dxe4,10,
1902,1959,black,180+0,d4 d6 Nc3 Nc6 Bf4 Bf5 e3 f6 Nf3 Nb4,10,
1482,1495,black,-,e4 e5 Nf3 d6 Bb5+ c6 Bc4 b5 Bb3 Nf6,10,
1777,1718,black,180+0,e4 d5 exd5 Nf6 d4 c6 dxc6 Nxc6 Nf3 e5,10,
1996,1992,black,120+0,e4 d6 d4 Nf6 Nd2 c6 Bd3 Qa5 c3 g6,10,
2005,2208,black,180+0,d4 f5 Bg5 h6 Bf4 g5 Be5 Rh7 h4 d6,10,
2347,2282,white,180+0,c4 e6 g3 d5 Nf3 Be7 Bg2 Nf6 O-O O-O,10,
1573,1607,black,180+2,e4 e5 Bc4 Nc6 Nf3 Nd4 Nxe5 Qg5 Nf3 Qxg2,10,
1927,1890,white,180+0,d4 d5 c4 e6 Nc3 Bb4 e3 Nf6 Bd2 h6,10,
2161,2008,white,60+0,e4 c5 c3 Nc6 d4 cxd4 cxd4 d5 exd5 Qxd5,10,
1954,1704,white,60+0,d4 Nf6 c4 g6 Nf3 d5 g3 Bg7 Bg2 O-O,10,
1648,1695,black,60+0,e4 e5 f4 Nc6 Nf3 d6 Bc4 Bg4 h3 Bxf3,10,
1918,1972,white,300+0,d4 f5 c4 g6 Nc3 Nf6 Nf3 Bg7 Bg5 O-O,10,
2119,2021,white,300+0,d4 Nf6 c4 g6 Nc3 Bg7 e4 d6 f4 O-O,10,
1941,1839,white,300+0,e4 c5 Nf3 Nc6 d4 cxd4 Nxd4 e5 Nb5 d6,10,
1447,1842,black,300+0,d4 Nf6 Bg5 d5 Bxf6 exf6 Nf3 Bd6 Nc3 c6,10,
1901,2004,white,30+0,d4 c5 Bf4 e6 dxc5 a6 Nc3 Bxc5 e3 Nf6,10,
1750,2065,black,30+0,e4 c5 Nf3 e6 d4 cxd4 Nxd4 Nc6 Nc3 Qc7,10,
1938,1986,black,30+0,e3 e6 b3 c5 Bb2 d5 c4 Nf6 cxd5 Nxd5,10,
1890,1973,black,900+5,e4 e5 Nf3 Nc6 Bc4 Nf6 Ng5 d5 exd5 Na5,10,
2588,2151,white,30+0,Nf3 e6 d4 Be7 e3 d5 c4 Nf6 Nc3 c6,10,
2484,2124,white,480+0,e4 e5 Nf3 Nc6 Bc4 Bc5 c3 Qe7 O-O d6,10,1225.87
2052,1660,white,30+0,d4 b6 Bf4 Bb7 e3 d6 Nf3 Nd7 Bd3 f6,10,
2000,1266,white,30+0,d4 e5 c4 exd4 Qxd4 d5 Qd1 dxc4 Qxd8+ Kxd8,10,
2176,2231,black,30+0,d4 d5 c4 c5 cxd5 cxd4 Bf4 Nf6 Qxd4 Nbd7,10,
1641,1842,white,30+0,e4 c6 d4 d5 Nc3 e6 exd5 cxd5 Nf3 Nf6,10,
1881,1927,black,480+0,e4 b6 d4 e6 f3 Bb7 c4 h6 Nc3 Nf6,10,
1833,1599,white,600+3,d4 d5 Nf3 Nf6 c4 e6 Nc3 Bb4 e3 O-O,10,
1261,1135,white,300+3,e4 e5 Nf3 Nc6 Bc4 Nf6 d3 h6 Nc3 d5,10,
1380,1369,draw,300+3,e4 e5 Nf3 Nc6 Bc4 Nf6 Nc3 Bc5 d3 O-O,10,
1926,1824,draw,300+0,d4 d6 c4 g6 e3 Bg7 Nf3 Nf6 Nc3 O-O,10,
1693,1718,white,300+5,e4 e5 Nf3 Nc6 Bb5 Qf6 O-O Nd4 Nxd4 exd4,10,
1740,1703,white,300+0,b3 b6 Bb2 Bb7 e3 e6 Nf3 Nf6 d4 d5,10,
1669,1559,black,300+0,e4 c6 Nf3 d5 exd5 cxd5 g3 Nf6 Bg2 Nc6,10,
1654,1793,white,600+5,e4 e5 Nf3 Nc6 Bc4 Nf6 Nc3 Bc5 O-O O-O,10,
1516,1672,white,300+5,e4 e5 Nf3 Nc6 d3 h6 Be2 Bc5 c3 a6,10,
1910,1946,black,300+0,e4 c5 Nf3 d6 d4 cxd4 Nxd4 Nf6 f3 a6,10,
1982,1875,black,600+0,e4 e6 Nf3 c6 d4 d5 e5 f5 Bd3 g6,10,1757.81
1379,1369,black,300+0,e4 c5 Nf3 Nc6 e5 d6 Bb5 Bg4 Bxc6+ bxc6,10,
1167,990,black,300+0,c4 c5 Nc3 Nc6 Nf3 Nf6 Qc2 Qc7 e3 e6,10,
1378,1228,black,180+0,e4 e5 Bc4 d6 Bxf7+ Kxf7 Nc3 Ke8 h3 g6,10,
1832,1843,white,300+0,c4 Nf6 b4 g6 Bb2 Bg7 d3 O-O Qc2 c6,10,
1860,1720,white,300+3,e4 c5 Nf3 Nc6 d4 cxd4 Nxd4 g6 Nxc6 bxc6,10,115.1
2049,1819,white,60+0,c4 Nf6 Nc3 e6 g3 d5 Bg2 c6 cxd5 exd5,10,
1556,1595,white,600+0,e4 e6 Nc3 d6 Nf3 Bd7 Qe2 Nc6 e5 Nxe5,10,
1385,1136,black,240+1,e4 e5 Nf3 Nc6 Bc4 Nf6 Nc3 d6 d4 exd4,10,493.22
1498,1429,black,300+5,e4 d5 Qf3 dxe4 Qxe4 Nf6 Qf3 e5 Bc4 Nc6,10,
1604,1667,black,900+0,e4 b6 d4 g6 Nc3 Bg7 Nf3 e6 Bd3 Ne7,10,2849.25
1470,1627,black,300+0,e4 e5 Nf3 Nf6 Bc4 Bc5 d3 c6 O-O Qb6,10,
1608,1684,white,600+0,e4 e5 Nf3 Nc6 Nc3 Bb4 Bb5 d6 Bxc6+ bxc6,10,
1700,1183,white,60+0,e4 e6 d4 d5 e5 Nf6 exf6 Bb4+ c3 Bxc3+,10,
1488,1499,black,60+0,e4 e6 d4 Be7 e5 b6 f4 Bb7 Nf3 d6,10,
1789,1676,black,120+2,e4 d6 d4 Nf6 Nc3 c6 Bg5 Bd7 f4 h6,10,
1879,1769,white,180+0,d4 b6 Nf3 Bb7 Bf4 e5 dxe5 Ne7 e3 h5,10,
1277,1023,black,180+0,b3 e5 e4 Qf6 g3 Bc5 Nh3 g5 g4 Bd4,10,
1836,1883,white,180+0,e4 c5 Nf3 d6 d4 cxd4 Qxd4 Nc6 Bb5 Bd7,10,
1797,2046,black,180+0,d4 Nf6 e3 c5 f4 cxd4 exd4 d5 c3 g6,10,
2273,2240,white,180+0,e4 d6 d4 Nf6 Nc3 g6 f4 Bg7 Nf3 O-O,10,
1623,1555,white,120+1,e4 e6 d4 d5 e5 c5 c3 Nc6 Nf3 Qb6,10,
1461,1352,white,600+0,e4 e5 Nf3 d5 Nc3 dxe4 Nxe4 Nc6 Bb5 f6,10,11466.74
1827,1749,black,120+0,e4 d5 Nc3 dxe4 Nxe4 c6 Nc3 Nf6 Bc4 Bf5,10,
1823,1568,white,30+0,c3 Nc6 d4 d5 Nf3 e6 g3 Bd6 Bg2 h5,10,
1745,2294,black,30+0,e4 g6 d3 Bg7 Nf3 d6 Nc3 Nf6 Bg5 Nfd7,10,
1264,1019,white,300+0,e4 c5 f4 f6 Nf3 e5 fxe5 fxe5 Bc4 Bd6,10,
1498,1359,white,600+5,e4 e6 e5 f6 d4 fxe5 dxe5 Nc6 Nf3 d5,10,
1939,1854,white,900+15,e4 e5 Nf3 Nc6 Bc4 Be7 d4 d6 dxe5 dxe5,10,
1519,1712,black,900+15,d4 e6 e4 Ne7 f4 d5 Bd3 Nbc6 Nf3 dxe4,10,
1390,1442,white,180+2,e3 c5 d4 cxd4 exd4 d5 c3 e6 h3 Nf6,10,
1153,1314,white,180+4,e4 Nc6 Qe2 e5 c3 g6 h4 Be7 d3 Bxh4,10,
1479,1396,white,180+5,e4 e5 Nf3 Nc6 Bc4 a6 Nc3 b5 Bb3 Na5,10,
1466,1495,white,300+0,d4 d5 c4 dxc4 Nf3 Nf6 e3 Nc6 Bxc4 Bg4,10,
1243,1500,black,10800+0,e4 e5 Qh5 g6 Qxe5+ Qe7 Qxh8 Qxe4+ Be2 Ne7,10,
1089,1293,black,60+0,d4 d5 e3 e5 c3 exd4 f4 Ne7 cxd4 g6,10,126.35
1831,2098,white,240+2,d4 d5 c4 Nc6 Nc3 dxc4 Nf3 Nf6 e4 Bg4,10,
2101,2253,black,60+0,g3 e6 Bg2 Nf6 c4 d5 Nc3 dxc4 Qa4+ Nbd7,10,
1576,1529,white,300+0,d4 d5 e3 c6 c4 Nf6 cxd5 Nxd5 Bc4 Nb6,10,
1752,1962,black,30+0,g3 e6 Bg2 b6 Bh3 Nc6 f3 Bb7 Bg2 Qb8,10,
1757,1504,white,120+1,d4 d5 c4 c5 Nc3 e6 Bf4 Nc6 e3 h6,10,
1934,1824,white,30+0,e4 c5 Nf3 Nc6 d4 cxd4 c3 g6 cxd4 Bg7,10,73.77
1162,1261,black,180+3,e4 e5 Nf3 Nc6 c3 Nf6 d4 d6 Be3 Bg4,10,
1777,1558,black,30+0,Nf3 e6 g3 Be7 Bg2 Nf6 O-O O-O e4 d5,10,
1834,1939,black,60+0,e3 c5 d4 cxd4 exd4 Nf6 c4 g6 Nc3 Bg7,10,
2007,1955,draw,180+0,e4 g6 d4 Bg7 Nf3 d6 Bc4 Bg4 O-O Bxf3,10,
1311,1734,black,180+0,e4 e5 Bb5 Nf6 d3 c6 Ba4 Bc5 Bg5 d6,10,
1761,2018,black,180+0,d4 Nf6 g4 Nxg4 e4 d6 Be2 Nf6 Bg5 h6,10,
2239,2072,black,180+0,e4 c5 Nf3 Nc6 d4 cxd4 Nxd4 Nf6 Nc3 e5,10,
1568,1386,white,180+0,d4 d5 c4 Nf6 Nf3 Bf5 Bg5 e6 e3 Nc6,10,
1916,2073,black,180+0,e4 e5 Nf3 Nc6 Bb5 a6 Ba4 Nf6 Nc3 Bd6,10,
2139,2151,white,300+0,d4 d5 c4 c6 Nc3 Nf6 cxd5 cxd5 Nf3 Nc6,10,17.52
1809,1701,white,600+0,e4 d5 exd5 Qxd5 Nc3 Qe5+ Be2 Nf6 Nf3 Qh5,10,
2047,1968,black,600+0,e4 e6 d4 d5 Nd2 Nf6 e5 Nfd7 Ngf3 c5,10,
1129,1189,white,600+0,e4 d5 Nc3 Nf6 Nf3 dxe4 Nh4 Bg4 f3 exf3,10,
1891,1886,white,180+0,e4 e5 Nf3 Nc6 Bc4 Nf6 d3 Bc5 O-O O-O,10,
1725,1741,white,60+0,e4 e5 Qh5 Nc6 Bc4 Nf6 Qxf7#,7,
1967,1908,white,30+0,e4 d5 f3 dxe4 fxe4 f5 d3 fxe4 dxe4 Qxd1+,10,
1760,1564,white,180+0,e4 d5 Nf3 dxe4 Ng5 Nc6 Nc3 b6 Bb5 Bd7,10,
1935,1909,white,180+0,d4 d5 c4 c6 Nc3 e6 Nf3 Nf6 Bf4 b6,10,
1597,1689,white,600+0,d3 b6 b3 Bb7 Bb2 Nf6 Nf3 g6 e4 Bg7,10,4038.22
1802,1691,white,180+0,e4 c5 f4 d6 Nf3 b6 Bc4 Bb7 Nc3 e6,10,
1679,1704,black,420+0,e4 e6 d4 d5 exd5 exd5 Nf3 Nf6 Bd3 Bd6,10,
1528,1735,black,1800+0,e4 e5 Nf3 Nc6 Bb5 Nge7 O-O d6 d4 Bd7,10,
1407,1477,black,240+6,d4 d5 e3 Bf5 Bd3 Bxd3 Qxd3 Nc6 c4 e6,10,4711.86
2315,2316,black,180+0,d4 g6 Bf4 Bg7 e3 d6 Nf3 Nc6 h3 e5,10,
2323,2321,black,60+0,Nf3 c6 d4 d5 g3 Nf6 Ne5 g6 Nd3 Bg7,10,
1567,1364,black,600+0,c3 e5 e4 Nf6 Bc4 Bc5 d3 d6 Nf3 Ng4,10,
1596,1444,white,1800+0,d4 d5 Nc3 Nf6 g3 Nc6 Bg2 Be6 e4 dxe4,10,
1670,1723,white,300+0,d4 e5 dxe5 Nc6 Nf3 Qe7 Bg5 Qb4+ Nbd2 Qxb2,10,
1183,1155,black,300+0,b3 d6 a4 Bf5 Bb2 e5 g3 f6 Bg2 d5,10,
1992,1815,black,30+0,g3 d5 Nf3 Bh3 Bg2 Bxg2 Rg1 Bxf3 exf3 Nf6,10,
1894,1750,black,300+0,e4 c5 Bc4 Nc6 Nf3 e6 O-O Nf6 c3 d5,10,
1431,1642,white,600+5,e4 e6 c3 d5 Qf3 dxe4 Qxe4 Qd5 Qa4+ Bd7,10,
1736,1722,black,300+10,e4 e5 d4 exd4 c3 dxc3 Bc4 Bb4 a3 c2+,10,
1429,1890,black,600+0,Nc3 e6 e4 d5 Nf3 d4 Ne2 c5 c3 d3,10,
2213,2581,white,30+0,g3 d5 Bg2 e5 Nf3 e4 Nd4 Nf6 c4 c5,10,
1316,1547,white,600+0,e4 e5 Nf3 Nc6 d4 d6 dxe5 dxe5 Qxd8+ Kxd8,10,
1470,1471,black,180+0,e4 c6 d4 d5 e5 Bf5 Nf3 e6 Nc3 c5,10,
1327,1335,black,60+0,e4 e5 Nc3 d6 d4 Nc6 dxe5 Nxe5 Na4 Qd7,10,
1870,1998,black,180+0,e4 c6 d4 d5 e5 c5 dxc5 Nc6 Nf3 Bg4,10,
1559,1922,black,30+0,e4 e5 d3 Bc5 Nf3 Qf6 c3 Nc6 b4 Bb6,10,
1838,1680,black,30+0,c3 Nf6 f3 g6 g3 Bg7 Nh3 d5 Nf2 c5,10,
2072,2119,black,30+0,e4 e5 Nf3 d6 d4 Nf6 Bc4 exd4 O-O Be7,10,
1761,1692,white,60+0,e4 e5 Nf3 Nc6 Bc4 Nf6 O-O Nxe4 d3 Nd6,10,
1976,1929,white,240+2,e4 e5 f4 exf4 Bc4 d5 Bxd5 c6 Bb3 Nf6,10,
1540,1552,black,30+0,e4 Nc6 Qf3 e5 Bc4 Qf6 Nh3 Qxf3 gxf3 Nd4,10,
1353,1300,black,480+0,e4 c5 Be2 Nc6 Nc3 e5 Nf3 d6 d3 Nf6,10,
1740,1648,black,120+2,e4 d5 exd5 Qxd5 d4 Bf5 Nf3 e6 c4 Qe4+,10,
1764,1759,white,30+0,e4 d5 d4 c5 f3 cxd4 exd5 e5 c4 Bc5,10,2653.33
2109,2216,white,30+0,c4 e6 e3 d5 a3 d4 e4 e5 d3 c5,10,
1798,1783,black,180+0,e4 e5 Bc4 Nf6 Nf3 Nc6 Ng5 d5 exd5 Nxd5,10,
2039,1864,white,30+0,e4 c5 Nc3 Nc6 Nf3 e6 Bc4 d5 Bb3 d4,10,3312.26
1883,1206,black,300+0,e4 d6 Nf3 e5 Bc4 Be6 Bxe6 fxe6 Nc3 Nf6,10,
1731,1762,black,120+0,e4 d5 exd5 Qxd5 Nc3 Qd8 d4 Nf6 Be3 e6,10,
1868,1670,black,60+0,f4 c5 Nf3 g6 c3 Bg7 e3 d5 Be2 Nf6,10,
1359,1396,black,900+10,e4 e5 Nf3 Nc6 Bc4 h6 d3 Nf6 Nc3 Bd6,10,
1691,1513,black,180+0,e4 e6 d4 d5 exd5 exd5 Bd3 Nf6 c3 Bd6,10,
1869,1808,white,300+8,e4 e6 d4 b6 c4 Bb7 Nc3 Bb4 Bd3 Nf6,10,
1530,1690,black,180+2,e4 e5 Bc4 Qe7 Nf3 d6 O-O Be6 Qe2 Nc6,10,
1563,1503,white,600+0,e4 e5 Nf3 Nc6 Bb5 a6 Bxc6 dxc6 O-O Bd6,10,
1911,1913,white,300+0,e4 c5 c3 d6 d4 c4 Bxc4 e6 Nf3 a6,10,
1863,1728,white,300+0,Nf3 Nf6 d4 d5 e3 e6 c4 c6 Nc3 Bd6,10,
1302,1321,black,120+1,e4 e5 Qh5 Nc6 Bc4 g6 Qf3 Nf6 c3 Bg7,10,
1513,1514,black,300+0,e4 e5 Nf3 Nf6 Nc3 Nc6 d3 Nd4 Nxd4 exd4,10,
1694,1743,white,600+0,e4 e5 Nf3 Nc6 Nc3 Bc5 Bc4 Nf6 O-O O-O,10,
2119,2113,white,180+2,e4 c5 Nf3 Nc6 c3 d5 exd5 Qxd5 d4 e6,10,46.98
1814,2021,black,300+3,e4 e5 Nf3 Nc6 Bb5 f5 Bxc6 dxc6 Nxe5 Qd4,10,2394.72
1157,1152,white,180+3,e4 e5 d3 Bc5 Be3 Be7 d4 Nf6 dxe5 Nxe4,10,
1757,1772,black,300+3,d4 Nf6 c4 e6 Nf3 c5 d5 exd5 cxd5 g6,10,
1730,1633,white,60+0,e4 d5 exd5 Qxd5 Nc3 Qa5 d4 Nf6 Be3 Bg4,10,
1350,1576,black,60+0,e4 e5 d4 d6 d5 c6 Nf3 Nf6 Nc3 cxd5,10,
1415,1369,white,300+8,e4 c5 Bc4 e6 d3 d6 d4 cxd4 Qxd4 Nc6,10,
1914,1936,white,60+0,e4 d5 Nc3 c6 exd5 cxd5 d4 Nc6 Nf3 Nf6,10,
1641,1390,black,1800+5,e4 e6 Nf3 Be7 d4 d6 e5 dxe5 Nxe5 Bf6,10,
1716,1731,white,60+0,e4 e5 d4 Nc6 d5 Nce7 h4 Ng6 h5 N6e7,10,
1719,2041,black,480+0,Nc3 d5 d4 Bf5 e3 c6 g4 Bg6 Bg2 Nd7,10,
1935,2638,black,30+0,e4 d5 exd5 Qxd5 Nf3 Bg4 Be2 Nc6 O-O Rd8,10,
2144,2126,black,60+0,d4 Nc6 Nf3 e5 d5 e4 dxc6 exf3 exf3 bxc6,10,
1598,1456,white,300+5,d4 d5 c4 e6 Nc3 Bb4 Qb3 Nc6 Nf3 Nf6,10,77.43
1779,2020,black,30+0,e4 Nf6 e5 Nd5 Nf3 c5 d4 cxd4 Qxd4 e6,10,
1796,1823,white,60+0,e4 c6 d4 d6 f3 b6 Bd3 Bb7 Ne2 Nd7,10,2693.11
1361,1391,white,600+0,e4 e5 Nc3 d5 exd5 Qxd5 Nxd5 Bh3 Nxc7+ Ke7,10,8339.12
2121,2620,black,30+0,g3 d5 Bg2 e6 Nf3 Nf6 Bh3 e5 O-O Bxh3,10,
1394,1561,black,300+5,e4 Nc6 Nc3 e5 Nf3 Nf6 Bc4 Bc5 O-O O-O,10,2413.33
1817,1367,white,30+0,d4 Nc6 c3 d5 h3 e6 e3 Bd6 Ne2 b6,10,
1650,1608,white,180+2,f4 d5 Nf3 Nc6 g3 Nf6 Bg2 Bg4 O-O Bxf3,10,
2095,1598,white,30+0,Nf3 b6 g3 Bb7 Bg2 Bxf3 O-O Bxg2 Kxg2 g6,10,
2099,1741,white,30+0,d4 e6 c4 b5 Bg5 bxc4 Bxd8 Kxd8 e4 Ke8,10,
1826,1910,black,180+0,e4 e6 Nf3 d5 exd5 exd5 d4 Bd6 Be2 Ne7,10,
1810,1987,black,30+0,g3 e6 Bg2 Nf6 Nf3 d5 O-O c5 c3 Nc6,10,
1731,1744,black,0+2,e4 e6 Nf3 d5 exd5 exd5 c4 Nf6 cxd5 Nxd5,10,
1526,1924,black,30+0,Nf3 e5 g3 e4 Ng1 d5 f3 Bf5 c3 Nf6,10,
1548,1559,white,180+2,e3 e5 d3 d5 Ne2 Nc6 h3 Bb4+ Bd2 Be6,10,
1691,1697,white,300+0,e4 e5 Nf3 Nc6 d4 exd4 Nxd4 Nxd4 Qxd4 d6,10,
1502,1569,black,1200+0,e4 e5 Nf3 Nc6 Bb5 a6 Bxc6 dxc6 Nxe5 Qd4,10,
1492,1038,white,30+0,e4 a6 Nf3 Nc6 d4 d6 d5 Bg4 Be2 Bxf3,10,94.48
1069,986,white,300+0,d3 a5 a4 Nc6 e4 Nd4 c3 d6 cxd4 Bg4,10,
2033,1763,white,180+0,d4 d5 c4 e6 Nc3 Bd6 cxd5 exd5 Nxd5 c6,10,
1517,1403,white,300+0,e4 d5 exd5 Qxd5 Nc3 Qa5 Bc4 c6 d4 e6,10,
1663,1342,white,600+0,Nf3 d5 g3 Nc6 d3 d4 Bg2 e5 e4 Bg4,10,132.38
1883,2033,draw,300+5,e4 c6 Nf3 d5 exd5 cxd5 d4 Bg4 Be2 Nf6,10,
1811,2085,black,600+0,e4 c5 Nf3 g6 d4 cxd4 Nxd4 Nc6 c3 Bg7,10,
1898,1642,white,600+0,e4 e5 Nf3 Nc6 Bc4 Nf6 Ng5 a6 Nxf7 Qe7,10,
1475,1468,black,30+0,d4 e5 Bg5 Be7 Be3 Nf6 dxe5 Nd5 c3 Nxe3,10,
1856,1735,white,300+3,d4 Nf6 c4 e6 Nc3 c6 e4 d5 e5 Nfd7,10,
1519,1657,black,240+0,d4 d5 c4 e6 Nc3 c6 f4 Nf6 Nf3 Bb4,10,
1149,1361,black,60+0,e4 e6 Nf3 d5 d4 dxe4 Ne5 Nf6 Bc4 Bd6,10,
2049,1915,white,600+0,e4 d6 d4 Nf6 e5 dxe5 dxe5 Qxd1+ Kxd1 Ng4,10,
1611,1626,black,300+0,e4 c5 d4 cxd4 Qxd4 Nf6 e5 Ng8 Bb5 a6,10,
2140,2064,black,180+0,d4 Nf6 Bg5 d5 e3 Nbd7 Nd2 h6 Bh4 g5,10,
1592,1585,black,2700+0,e4 c5 Bc4 Nf6 Qf3 d6 d3 Nc6 c3 Ne5,10,4812.13
1328,1395,black,240+1,b3 d5 Bb2 Nc6 d4 Nf6 e3 Bf5 Bd3 Bxd3,10,
1779,1677,black,600+0,d4 d5 c3 Nf6 Bf4 Nc6 e3 Nh5 Qxh5 g6,10,
1195,1441,black,300+0,e4 c6 Bc4 e6 Nf3 d5 Bb3 dxe4 Nd4 c5,10,
1735,1482,white,60+0,e4 c5 Nf3 d6 Nc3 Nc6 Bb5 g6 Bxc6+ bxc6,10,
1706,1501,black,600+0,e4 e5 d4 exd4 c3 dxc3 Bc4 cxb2 Bxb2 Bb4+,10,
1730,1109,white,600+5,e4 e5 Nf3 Nc6 Bc4 b5 Bd5 a6 Nxe5 Nxe5,10,
1674,1716,black,900+0,e4 Nf6 Nc3 d6 d4 c6 Nf3 Bg4 e5 dxe5,10,
1745,1682,white,600+0,e4 c5 Nf3 d6 d4 cxd4 Nxd4 Nf6 Nc3 a6,10,
1648,1930,black,300+0,e4 b6 Nf3 Bb7 d3 e6 Nc3 c5 Bf4 Nf6,10,
1716,1732,black,300+2,e4 e5 Nf3 d6 c3 c6 d4 Bg4 dxe5 Bxf3,10,
1913,1822,black,60+0,d4 Nf6 c3 c5 Nf3 cxd4 cxd4 e5 Nc3 exd4,10,
1573,1673,white,300+0,e4 e5 Nf3 d6 Nc3 Nf6 Bc4 Be7 Ng5 O-O,10,
1497,1682,black,600+0,e4 f6 Nf3 g6 Nc3 e6 a3 d6 Bc4 c6,10,
1964,2009,black,60+0,e4 g6 Nf3 Bg7 e5 c5 c3 Nc6 d4 cxd4,10,5971.45
1969,1934,draw,180+0,e4 e5 d4 exd4 Nf3 Nc6 Bc4 Nf6 O-O Be7,10,
2210,2017,white,180+0,b3 b6 Bb2 Bb7 Nf3 Nf6 e3 g6 Nc3 Bg7,10,
1967,2064,black,180+0,d3 d5 g3 e5 Bg2 Nf6 Bg5 c6 Nd2 Be6,10,
1330,1370,black,300+8,e4 e5 f4 exf4 Nf3 Nf6 d3 Nc6 Bxf4 Bd6,10,4468.57
1783,1847,white,180+0,e4 c6 f4 d5 exd5 cxd5 Nf3 Nc6 Bb5 e6,10,
1996,1989,white,30+0,e3 c5 d4 cxd4 exd4 d5 c3 Nc6 Nf3 Nf6,10,
1744,1717,white,30+0,e4 e5 d3 Nc6 Nf3 Bb4+ Nc3 Bxc3+ bxc3 d6,10,
1959,1940,white,30+0,d4 d5 c4 e5 Nf3 dxc4 d5 c5 d6 Nf6,10,
1516,1703,black,600+0,c3 e5 e3 Nf6 Bc4 d5 Bb5+ c6 Be2 Be6,10,1483.11
1259,2144,black,30+0,e4 c6 Nf3 d5 exd5 cxd5 d4 Nc6 Bb5 Nf6,10,
2297,1928,white,30+0,e4 d6 Nc3 g6 d4 Bg7 Be2 e5 h4 exd4,10,
1545,1531,black,30+0,d4 d5 Nf3 e6 Bg5 Nf6 Nbd2 Be7 e3 h6,10,
1712,1756,black,600+0,e4 e5 Bc4 a6 Nf3 d6 d4 exd4 Qxd4 Nc6,10,
2025,2051,white,180+0,Nf3 d5 g3 Nc6 Bg2 e5 d3 Bg4 O-O Bd6,10,
1695,1864,black,180+0,e4 c5 Nf3 d6 d4 cxd4 Nxd4 Nf6 Nc3 a6,10,1176.73
2015,2008,white,300+0,d4 Nf6 c4 g6 Nc3 Bg7 e4 O-O Be2 d6,10,23.78
1835,1904,black,180+0,b3 Nf6 Bb2 d5 Nf3 Bf5 g3 Nc6 Bg2 g6,10,1909.28
1548,1831,white,180+2,e4 e5 f4 Nc6 Nf3 d5 exd5 Qxd5 Nc3 Qe6,10,
1357,1177,white,600+0,e4 e5 Nf3 Nc6 d4 Nf6 Bg5 Bb4+ c3 h6,10,
2062,2093,white,180+0,d4 Nf6 Nf3 d5 c4 e6 Nc3 c6 e3 Bd6,10,
2040,1916,black,120+0,e4 Nf6 e5 Nd5 c4 Nb6 d4 d6 f4 dxe5,10,
1674,1627,white,600+0,d4 d5 Bf4 h6 e3 g5 Bg3 Bg7 Nf3 f6,10,
2218,2230,black,60+0,d4 d5 Nf3 Nf6 c4 dxc4 e3 Bg4 Bxc4 e6,10,
1370,1459,black,600+0,e4 e5 Nf3 Bc5 Nxe5 Nf6 d3 O-O Bg5 d6,10,
1837,1806,white,60+0,d4 d5 e4 dxe4 Nc3 Nf6 f3 c5 fxe4 cxd4,10,
1505,1744,black,60+0,d4 d6 c4 g6 Nc3 Bg7 e4 Nf6 d5 O-O,10,7580.23
1500,1686,white,180+0,d4 d5 c4 dxc4 Nc3 Bf5 Bf4 e6 e3 Nf6,10,2289.82
1444,1561,black,60+0,Nh3 e6 g3 d5 Bg2 Nf6 O-O Nc6 d3 Bd6,10,
2144,2403,white,300+0,d4 f5 g3 Nf6 Bg2 e6 c4 c6 Nf3 d5,10,
1360,1574,black,300+0,e4 e5 Nf3 Nc6 d4 exd4 Nxd4 Nxd4 Qxd4 d6,10,
2240,2104,white,180+0,e4 e6 d3 c5 Nd2 Nc6 g3 d5 Bg2 g6,10,
1526,1478,black,600+0,d4 d5 c4 c6 e3 a6 Nc3 Nf6 Bd3 g6,10,
1709,1760,white,300+0,e4 d5 exd5 Nf6 Nc3 Nxd5 Nf3 Bg4 Be2 Nf4,10,
1900,1889,black,180+0,e4 e5 d4 exd4 Bc4 d5 Nf3 dxc4,8,
1329,1402,white,720+4,d4 d5 c4 e6 Nf3 Bb4+ Nc3 Nf6 e3 O-O,10,
2079,2015,black,30+0,d4 e5 c4 exd4 Qxd4 Nc6 Qd1 Bb4+ Nc3 Bxc3+,10,
1787,1888,black,300+3,e4 c6 Nf3 d5 Nc3 dxe4 Nxe4 e6 d4 Nf6,10,
2121,2122,black,300+0,e4 c5 Nf3 d6 d4 cxd4 Nxd4 Nf6 Nc3 a6,10,
1198,1031,white,300+0,e4 e5 Nf3 Nc6 c3 Bc5 d4 exd4 b4 Be7,10,
1892,1669,white,300+0,Nf3 Nf6 e3 d5 c4 c6 Nc3 Bg4 Qb3 Bxf3,10,
1734,1680,black,300+8,e4 e5 f4 d5 Nf3 exf4 Ne5 f6 Qh5+ g6,10,
1949,1762,white,180+0,e4 d6 d4 c6 Nf3 Qc7 c4 Nd7 Bd3 e5,10,
1325,1327,black,300+8,e4 e5 d4 d6 d5 Nh6 Qe2 c5 f4 Bg4,10,
1840,1711,white,180+0,e4 d5 exd5 Qxd5 Nc3 Qd8 Nf3 Bf5 Bb5+ c6,10,
1746,1555,white,180+2,d4 e6 c4 g6 a3 Bg7 e3 Nf6 Nf3 d6,10,
1670,1829,black,300+0,e4 c5 c3 Nc6 d4 cxd4 cxd4 d5 e5 e6,10,
1501,1273,black,0+10,e4 e5 f3 d6 c3 Be7 g3 Nc6 Bg2 Nf6,10,1792.47
1746,1933,black,300+0,e4 g6 Nf3 Bg7 Be2 d6 O-O Nc6 d4 Nf6,10,
1614,1662,black,120+0,Nc3 d5 d3 Nf6 e4 dxe4 dxe4 Qxd1+ Kxd1 e5,10,
1540,1742,black,300+0,d4 Nf6 c4 g6 Nc3 Bg7 e3 O-O Nf3 d6,10,
2173,1676,white,300+0,d4 c5 d5 d6 Nc3 Nf6 e4 Nbd7 Nf3 Nb6,10,
1590,1602,white,900+0,b4 e5 Bb2 d6 e3 Be7 h3 Nf6 Nc3 O-O,10,
1789,1859,white,120+1,e4 c5 d4 Nc6 Nf3 cxd4 c3 dxc3 Nxc3 d6,10,
1620,1592,white,180+4,e4 c5 b4 cxb4 d4 d5 exd5 Qxd5 c3 e6,10,
1706,1846,white,180+0,d4 Nf6 c4 e6 Nc3 d6 Bg5 Be7 e3 O-O,10,
1462,1346,black,300+3,d4 d5 e3 c5 Nf3 e6 Nc3 cxd4 Nxd4 Bb4,10,
1969,1747,white,30+0,f3 e6 Nh3 Bc5 Nf2 Bxf2+ Kxf2 Qe7 g3 Qc5+,10,
1625,1676,white,300+0,g3 e5 Bg2 d6 c3 Nf6 Qb3 c6 d3 Qb6,10,
1741,1647,white,480+0,e4 e6 Nf3 Ne7 d4 Ng6 Be3 Be7 Bd3 O-O,10,
1762,1614,white,300+3,e4 e5 Nf3 Nc6 Bc4 Nd4 c3 Nxf3+ Qxf3 Nf6,10,
1708,1754,black,300+0,e4 e5 Qf3 Nc6 Qg3 d6 Be2 Nd4 Bd3 Be7,10,
1281,1091,black,900+15,e4 Nf6 d3 e6 Qf3 Bb4+ c3 Bc5 Qg3 Nh5,10,6363.02
1558,1604,white,300+3,e4 e6 Nf3 d5 exd5 exd5 d4 a6 Be2 Nf6,10,
1426,1379,white,300+0,d4 c6 c4 e6 Nf3 Nf6 Nc3 Be7 e3 d5,10,
1944,1921,white,300+0,e4 e5 Nf3 Nc6 c3 d5 exd5 Qxd5 d3 Bg4,10,
1500,1446,black,300+0,e4 e6 Nf3 c5 Nc3 Nc6 d3 h6 e5 Nge7,10,
1913,2055,black,30+0,e4 d5 d3 dxe4 dxe4 Qxd1+ Kxd1 Nc6 Bd3 Bg4+,10,
2039,2069,white,30+0,e4 c5 Nf3 e6 d4 cxd4 Nxd4 Nc6 Nc3 Qc7,10,
2638,2409,white,30+0,e4 c6 Nc3 d5 Nf3 Nf6 e5 Ng8 d4 Bg4,10,
1658,1662,white,30+0,g3 Nf6 Bg2 g6 e4 Bg7 d4 d6 e5 dxe5,10,
1916,1746,white,30+0,Nf3 d5 g3 e6 Bg2 Nf6 d4 Bd6 c3 c5,10,
1877,1850,draw,180+0,e4 c6 d4 d5 exd5 cxd5 c4 Nf6 Nc3 Bg4,10,
1528,1723,black,-,e3 d5 Nh3 Bxh3 gxh3 Nf6 Rg1 e5 c3 c5,10,
1861,1824,white,120+0,d4 g6 c4 Bg7 Nc3 e6 e4 Ne7 f4 O-O,10,
1990,2022,black,30+0,e4 c5 Nf3 d6 Nc3 Nc6 d4 cxd4 Nxd4 Nf6,10,
1692,1691,black,600+0,e4 e5 f4 Nc6 Nf3 exf4 Bc4 d6 O-O f6,10,
1532,1436,black,600+0,e4 e5 Nf3 Nc6 Bb5 Nf6 c4 a6 Ba4 Bc5,10,
1939,1891,white,300+0,e4 c5 Nf3 Nc6 d4 cxd4 Nxd4 e5 Nb5 d6,10,
1900,1976,white,30+0,g3 b6 Bg2 Bb7 Bxb7 c6 Bxa8 Na6 f3 Qxa8,10,
1265,1607,black,30+0,e4 d6 e5 dxe5 d4 Nc6 dxe5 Qxd1+ Kxd1 Nxe5,10,
1555,1241,white,300+0,e4 e5 Nf3 Nc6 Bc4 h6 O-O Bc5 Nc3 Nf6,10,34.51
1793,1433,black,60+0,Nf3 c6 c4 d5 g3 dxc4 Qc2 b5 a3 g6,10,
1701,1649,black,420+0,e4 c5 Nf3 d6 d4 cxd4 Nxd4 Nf6 Nc3 a6,10,
1420,1387,white,600+0,e4 Nc6 Bc4 a6 Qf3 b5 Qxf7#,7,
1710,1671,white,180+0,e4 c5 Nf3 Nc6 Nc3 e6 Bb5 a6 Bxc6 bxc6,10,
1427,1419,black,180+0,e4 c5 Nf3 d6 Bc4 Nf6 Ng5 e6 d4 cxd4,10,
2135,2178,black,180+0,c4 e5 g3 Nc6 Bg2 d6 Nc3 Be6 Nf3 Qd7,10,
1909,1861,white,180+0,e4 c5 Nf3 Nc6 d4 e6 Be3 cxd4 Nxd4 Nf6,10,
1567,1642,black,180+0,d3 d5 e4 d4 Nf3 Bg4 Be2 Nc6 Na3 e5,10,
1935,1857,white,30+0,e4 e5 Nf3 d6 d4 exd4 Nxd4 Nc6 Nxc6 bxc6,10,
1773,1896,white,120+0,e4 c6 d4 d5 exd5 cxd5 c4 Nf6 Nc3 dxc4,10,
1458,1541,black,180+0,d4 d5 e3 Nf6 Nf3 g6 Nc3 Bg7 Qd3 O-O,10,
2461,2252,white,180+0,d4 f5 c4 Nf6 Nc3 g6 h3 Bg7 g4 fxg4,10,
1973,2105,draw,600+0,d4 e6 e4 d5 exd5 exd5 Nf3 Bg4 Bf4 Be7,10,45.61
1788,1795,black,60+0,d4 e5 c4 Nc6 d5 Nce7 g3 d6 Bg2 f5,10,
1759,1903,black,120+2,e4 e5 Nf3 Nc6 Bb5 a6 Ba4 Nf6 O-O b5,10,
1695,1675,white,300+0,e4 e5 Nf3 Nc6 Bb5 d6 O-O Bg4 h3 Bxf3,10,
1665,1616,black,180+0,d4 e6 e4 d5 e5 c5 c3 Nc6 Nf3 Qb6,10,
1752,2145,black,180+0,d4 d5 c4 e5 Nf3 e4 Ng1 c6 e3 Nf6,10,
1480,1442,black,300+0,d4 e6 c4 Bb4+ Bd2 Na6 e4 c5 d5 exd5,10,
1855,1710,black,180+0,d4 d5 Bf4 e6 Nf3 Nf6 Nc3 c5 e3 Be7,10,
1521,1636,white,300+0,d4 d5 c4 e6 Nf3 c6 Nc3 Nf6 Bg5 Be7,10,
1724,1692,white,300+0,e4 e5 f4 Nc6 Nf3 Bc5 fxe5 Qe7 d4 Bb6,10,
1998,2144,draw,180+0,d4 d5 Bg5 Nf6 Bxf6 gxf6 e3 c6 g3 Bf5,10,
2152,2144,black,180+0,e4 d5 exd5 Nf6 c4 c6 d4 cxd5 Nc3 Nc6,10,
1868,2119,black,30+0,d3 g6 e3 Bg7 Be2 Nf6 Bd2 O-O Bc3 d5,10,
1784,1185,white,300+8,e4 d6 d4 h5 f4 Rh6 f5 f6 Bxh6 gxh6,10,
2241,2590,black,30+0,e4 c6 d4 d5 exd5 cxd5 c4 Nf6 Nc3 g6,10,
2149,2165,white,30+0,d4 Nc6 e3 e5 Nf3 exd4 exd4 d5 Be2 Bg4,10,
1716,1586,white,480+0,f4 d6 e4 c6 Nf3 Bg4 d3 Nf6 Be2 Bxf3,10,
2116,2105,black,180+2,e4 e5 d4 exd4 c3 d3 Bxd3 Bc5 Nf3 d6,10,
2004,2023,black,180+0,e4 c6 d4 d5 Nc3 a6 Nf3 Bg4 Bd3 e6,10,10272.26
1648,1763,black,180+2,e4 c5 Nf3 d6 c4 Nf6 Nc3 e6 d3 Be7,10,2370.72
1499,1231,white,180+3,e4 d6 Nf3 c5 Bc4 Nc6 O-O e6 d4 b6,10,
1619,1568,white,180+2,e4 c5 Nf3 d6 d4 cxd4 Nxd4 Nf6 Nc3 g6,10,
1528,1827,black,30+0,e4 e6 Nf3 c5 Nc3 Nc6 d4 cxd4 Nxd4 Nxd4,10,
1418,1284,white,300+0,e3 Nc6 c3 Nf6 d4 g6 d5 Na5 b4 c6,10,
1576,1759,black,30+0,d3 g6 e4 Bg7 Be2 e6 Nf3 Ne7 O-O O-O,10,
1346,1378,black,180+2,e4 e5 Qh5 Nc6 Bb5 g6 Qd1 Nf6 Bxc6 bxc6,10,
1237,1328,black,120+1,e4 d5 exd5 Qxd5 Nc3 Qd8 Nf3 c6 Bc4 b5,10,
1792,1838,draw,900+0,e4 c5 Nf3 d6 d4 cxd4 Nxd4 Nf6 Nc3 a6,10,
1834,1869,white,120+0,e3 Nf6 d4 e6 Nf3 b6 Bc4 Bb7 O-O Be7,10,
1597,1675,black,60+0,d4 f5 e4 fxe4 f3 exf3 Qxf3 Nf6 Bd3 d5,10,
1553,1788,black,180+0,d4 g6 Bf4 Bg7 Nf3 d6 e3 Nd7 c4 e5,10,
1247,1227,white,240+5,e4 e5 Bc4 Nf6 Nf3 Nc6 d3 Bc5 Bg5 h6,10,
1810,1921,white,60+0,e4 c5 c3 d5 d3 dxe4 dxe4 Qxd1+ Kxd1 Nf6,10,
1823,1581,white,30+0,e4 d6 f4 e6 e5 dxe5 fxe5 Ne7 d4 g6,10,100.77
1560,1501,white,600+0,e4 e6 d4 Qh4 Nc3 Bb4 Ne2 Qxe4 Bd2 Bxc3,10,
2171,1900,white,180+0,e4 e5 f4 Nf6 Nf3 Nxe4 fxe5 d5 d4 Bg4,10,
1366,1377,white,60+0,e4 c5 Nc3 Nc6 f4 d6 Bc4 Bd7 Nf3 Qc7,10,
2246,2084,white,180+0,e4 e5 Nc3 Nc6 Bc4 Nf6 d3 d6 f4 Be6,10,
1745,1784,white,600+0,e4 e5 Nf3 d5 exd5 e4 Qe2 Nf6 Nc3 Be7,10,
1329,1378,black,120+0,e4 c5 Nf3 a6 Nc3 b5 d4 cxd4 Nxd4 Nc6,10,
1832,1464,white,300+4,e4 e5 Nc3 Nf6 f4 exf4 e5 Qe7 Qe2 f3,10,
1243,1266,white,600+0,e4 e6 Nh3 d5 d3 f5 exf5 exf5 Qe2+ Be7,10,
2128,1901,black,60+1,d4 e6 g3 d5 Bg2 c5 Nf3 Nc6 O-O Nf6,10,
1821,1995,black,600+5,d4 Nf6 c4 c6 Nc3 d5 Bg5 Bf5 e3 e6,10,
1274,1386,black,300+2,e4 e5 Bc4 Nc6 Nf3 h6 Nc3 Nf6 O-O Bc5,10,
1612,1734,black,300+3,e4 e5 Nf3 Nc6 Bb5 Bc5 O-O Nge7 c3 O-O,10,
1624,1525,white,300+0,e4 Nf6 e5 Nd5 c3 e6 Nf3 Nc6 Bc4 Bc5,10,
1615,1857,black,600+0,d4 d5 Nf3 Bf5 Nc3 e6 Bg5 f6 Bf4 Bb4,10,
1768,1822,black,420+1,d4 Nf6 Bg5 e6 e4 c5 dxc5 Qa5+ Nc3 Nxe4,10,5066.92
1924,1925,black,60+0,e4 e6 Nf3 d5 exd5 exd5 d4 Be6 Be2 Nf6,10,1914.16
2123,1822,white,30+0,c4 f6 e3 g6 a3 Nh6 Nc3 Nf7 Qc2 Bg7,10,
1696,2063,black,30+0,e4 c5 Nf3 d6 d4 cxd4 Nxd4 Nf6 Nc3 a6,10,
1769,1669,black,60+0,d4 e6 Nc3 d5 e4 Nf6 Bf4 Nxe4 Nxe4 dxe4,10,
2622,2553,black,30+0,Nh3 d5 g3 Bxh3 Bxh3 Nf6 O-O e5 d3 Bd6,10,
2129,1857,black,30+0,d4 c5 c3 cxd4 cxd4 Nc6 e3 d5 Nc3 e6,10,
1755,1732,black,300+0,Nf3 d5 g3 Bf5 Bg2 e6 O-O c6 Nc3 Be7,10,
1299,1119,white,300+0,e4 e5 Nf3 Nc6 Bb5 a6 Bxc6 bxc6 Nxe5 Nf6,10,
1564,1564,white,30+0,Nf3 d5 d4 c6 Bg5 h6 Bh4 g5 Bg3 f5,10,
1654,1808,black,420+0,c4 e5 Nc3 Bc5 Nf3 d6 e3 Bg4 d4 exd4,10,
2199,1943,white,30+0,d4 d6 e3 Nf6 Nf3 g6 c4 Bg7 Nc3 O-O,10,
1995,1767,white,60+0,e4 e6 d4 d6 Nc3 Be7 f4 h6 Be3 Nf6,10,
2046,1793,draw,300+0,e4 c6 d4 e6 Nf3 d5 e5 a6 c4 b6,10,
1464,1500,white,60+0,c4 e5 Nc3 c6 g3 d5 cxd5 cxd5 Bg2 Ne7,10,
1341,1293,white,300+0,e4 e5 Nf3 Nc6 Bb5 Nce7 d4 a6 Bc4 h6,10,
1737,2076,black,300+0,e4 Nc6 d4 d5 e5 f6 f4 Nh6 Nf3 Bf5,10,
1404,1442,black,300+0,e4 e5 Nf3 Nc6 d4 Qf6 Bg5 Qg6 d5 Qxe4+,10,
2091,1966,black,300+2,e4 c5 d4 cxd4 c3 dxc3 Nxc3 Nc6 Nf3 g6,10,
1608,1568,black,180+3,e3 e5 c3 Nc6 Nf3 d5 c4 e4 Nd4 Nxd4,10,
2015,1978,black,300+0,d4 Nf6 c4 g6 Nc3 Bg7 e4 d6 h3 O-O,10,
1619,1552,black,300+5,e4 e6 Bc4 d5 exd5 exd5 Bb3 Nf6 Qe2+ Be7,10,
1634,1423,white,300+0,f4 d5 Nf3 c5 c3 Nc6 d4 e6 e3 c4,10,
1742,1751,white,60+0,e4 g6 d4 Bg7 Nf3 c5 Bc4 cxd4 Nxd4 e6,10,
1500,1503,black,300+0,e4 c5 Bc4 e6 Nf3 Nc6 c3 Nf6 d3 h6,10,
1814,1969,black,300+0,d4 d5 Nf3 Nf6 Bf4 c6 e3 Bf5 c4 e6,10,
1871,1884,black,300+5,d4 d5 Nf3 Nf6 c4 c6 Nc3 Bg4 Ne5 Be6,10,61.33
1436,1663,black,180+0,c4 e6 g3 g6 Bg2 Bg7 Nf3 Nc6 e4 b6,10,
1394,1337,black,300+1,d4 d5 Nc3 Nc6 e4 dxe4 Nxe4 Bf5 Bd3 Bxe4,10,
1659,1597,white,480+8,d4 d5 Nc3 Nf6 Bg5 e6 e4 h6 Bxf6 Qxf6,10,3342.09
1344,1206,black,1200+10,e4 c5 d4 d6 d5 Nf6 f3 e5 Nc3 a6,10,
1269,1195,white,300+0,e4 e5 Nf3 Nc6 Nc3 Bc5 Bc4 d6 O-O Nf6,10,107.52
2097,2080,white,180+0,b3 d5 Bb2 c5 e3 Nc6 Bb5 Qc7 f4 f6,10,
1846,1791,black,300+0,c4 e5 e4 Nf6 d3 Bb4+ Bd2 Bxd2+ Nxd2 c5,10,
2046,2237,draw,30+0,Nf3 Nf6 d4 g6 e3 Bg7 Bc4 O-O Nc3 d5,10,2373.3
1803,1367,white,180+0,e4 e6 Nf3 c5 d4 a6 Be3 cxd4 Nxd4 Nc6,10,
1815,1994,black,30+0,e4 d5 Nc3 dxe4 Nxe4 Nf6 Ng3 Bg4 Bc4 Bxd1,10,
2179,2010,white,180+0,c4 e6 g3 d5 Bg2 Nf6 Nf3 b6 cxd5 Nxd5,10,
1311,1297,white,600+0,e4 d5 Nc3 Nf6 d4 dxe4 Nge2 Bg4 h3 Bxe2,10,
2105,2032,black,120+0,d4 c6 c4 d5 e3 Bf5 Bd3 Bxd3 Qxd3 e6,10,
1509,1302,white,420+0,e4 e5 Nf3 Nc6 Bc4 Nf6 Ng5 d5 exd5 Nd4,10,
1430,1530,black,180+0,e4 d5 Nf3 dxe4 Ne5 Nf6 Qe2 e6 d3 Be7,10,
1362,1222,draw,600+0,e4 e5 Nf3 Nc6 Bc4 Nf6 Ng5 d5 exd5 Nxd5,10,
1972,1361,white,30+0,Nf3 d6 g3 c6 Bg2 b6 O-O Bb7 d4 Nd7,10,
1545,1488,draw,120+0,e4 e5 Nf3 Nf6 Bc4 Nc6 Ng5 d5 exd5 Nxd5,10,
1901,2021,black,300+0,e4 e5 Nf3 Nc6 Bb5 a6 Bxc6 dxc6 h3 Nf6,10,
1616,1589,white,720+8,e4 d6 Nf3 Nf6 Nc3 c6 d4 e6 Bd3 Bd7,10,
1499,1479,white,600+0,e4 e5 Nf3 d6 Bc4 Be6 Bxe6 fxe6 c3 h6,10,
1738,1482,white,180+2,d4 c5 d5 d6 c4 e6 e4 Nf6 Nc3 Be7,10,2465.63
1563,1321,black,780+8,e4 e5 Bc4 Nf6 d3 Nc6 c3 d5 exd5 Nxd5,10,
1758,1775,white,60+0,e4 e5 Nc3 Bd6 d3 Ne7 Nf3 c6 Be3 Bc7,10,
1379,1586,white,300+0,d4 d5 c3 c6 e3 Nf6 f3 g6 b4 Bg7,10,
1794,1813,white,300+0,e4 e5 Nc3 Nf6 f4 d5 fxe5 Nxe4 Nf3 Bc5,10,
1416,1186,black,180+2,e4 c5 c3 d6 d4 cxd4 cxd4 e6 Nf3 Nc6,10,
1560,1612,white,240+0,e4 c5 Nf3 a6 Bc4 Nc6 Ng5 e6 c3 Qxg5,10,
1726,1839,white,120+0,e4 d5 exd5 Qxd5 Nc3 Qa5 d4 c6 Bd2 Qc7,10,
1747,2145,black,30+0,e4 c6 f4 d5 exd5 cxd5 Nf3 Nf6 d4 Nc6,10,
1756,1433,white,360+0,e4 c5 Bc4 d6 a4 a6 d3 Nc6 Qg4 Nf6,10,
1703,1962,black,360+0,e4 d5 exd5 Qxd5 Nc3 Qd8 d4 c6 Bc4 Bf5,10,
2025,1925,white,30+0,g3 d6 Bg2 Bh3 Bxh3 h5 Bg2 h4 Bxb7 hxg3,10,
1035,1775,black,30+0,h3 e5 g3 d5 h4 Bd6 Bg2 f6 h5 Be6,10,
1698,1636,black,300+0,e4 c5 Nf3 Nc6 d4 cxd4 Nxd4 Nf6 Nc3 e5,10,5565.53
1587,1292,black,900+0,Nc3 e6 Nf3 Nc6 a3 g6 h3 Bg7 d4 Nf6,10,
1753,1703,black,60+0,Nc3 e6 b3 d5 Bb2 Nf6 f3 c5 e4 d4,10,3145.64
1895,1818,white,180+0,e4 c5 Nf3 Nc6 d4 cxd4 Nxd4 Nf6 Nc3 e6,10,113.71
1660,1794,white,300+8,e4 e6 Nf3 Nc6 d4 Nf6 Nc3 Bb4 Bd3 d5,10,49.0
1556,1258,white,30+0,e4 e6 d4 Ne7 e5 Ng6 Nf3 Be7 Nc3 O-O,10,
1550,1172,white,300+8,e4 c5 Nf3 e6 d4 b6 d5 Nf6 Bg5 Qc7,10,
1706,1494,white,30+0,d4 Nf6 c4 e6 Nc3 Bb4 Nf3 b6 Qc2 Bb7,10,8048.65
1708,1715,black,300+0,e4 e5 Nf3 d6 Bc4 c6 d3 Be7 a3 Nf6,10,
1918,1961,white,180+0,d4 d5 c4 Nf6 cxd5 Nxd5 e4 Nf6 Nc3 e6,10,
1868,1782,white,600+0,e4 e5 Nf3 Nc6 Bb5 a6 Ba4 Nf6 O-O b5,10,
1730,1816,black,180+0,e4 Nf6 e5 Nd5 d4 d6 f4 dxe5 fxe5 c6,10,
1866,1747,black,900+5,d4 Nf6 Nf3 g6 c4 Bg7 Nc3 d5 c5 Bf5,10,293.41
1865,1889,black,180+0,e4 e6 Nc3 d5 exd5 exd5 d4 c6 Bf4 Bd6,10,
1683,1350,white,600+10,d4 d5 c4 e6 Nc3 Nf6 Nf3 g6 Bd2 Bg7,10,
1597,1754,white,30+0,b3 d5 Bb2 e6 Bxg7 Nf6 Bxh8 Nc6 Bxf6 Qxf6,10,
2030,2141,draw,300+2,e4 e5 Nf3 Nc6 Bb5 a6 Ba4 Nf6 O-O Be7,10,
1654,1755,black,120+1,e4 e5 Nf3 Nc6 Bb5 Bc5 c3 d6 Qe2 Nf6,10,
1592,1690,black,600+0,d4 Nf6 Nf3 e6 a3 d5 Bf4 c5 e3 Be7,10,
2306,2280,black,180+0,e4 e5 Qf3 Nc6 Bc4 Nf6 Ne2 Be7 h3 O-O,10,
1761,1674,black,600+0,e4 e6 d4 d5 Nc3 Nf6 e5 Nfd7 Nf3 c5,10,
2097,2102,black,30+0,Nf3 g6 g3 Bg7 Bg2 c5 O-O d5 c3 Nf6,10,
1525,1546,draw,180+2,e4 c5 Nf3 d6 c3 Nc6 Bb5 a6 Bxc6+ bxc6,10,
1263,1229,black,600+0,d4 e6 c4 d6 e4 Nc6 d5 Ne5 Nc3 Bd7,10,
1457,1572,black,180+0,d4 g6 c4 Bg7 Nc3 c5 d5 Bxc3+ bxc3 Nf6,10,
1222,1042,black,180+0,d4 Nf6 Nf3 h6 Nc3 g5 e4 Rg8 e5 Ng4,10,
1333,1351,black,600+0,e4 e5 Nf3 Nc6 Nc3 Bd6 Bb5 a6 Bxc6 dxc6,10,
1634,1589,white,600+0,e4 c5 c4 e5 Nc3 Nc6 Nf3 d6 h3 Nf6,10,
1169,1183,white,300+0,e4 e5 Qh5 Nc6 Bc4 g6 Qf3 Nh6 d3 d6,10,
1563,1496,black,120+0,c4 e6 g3 Be7 Bg2 Bf6 Nc3 d6 d3 e5,10,
1478,1672,black,60+0,d4 d5 c4 Nf6 Nc3 c6 Nf3 Bg4 Bg5 Bxf3,10,
1611,1586,white,300+0,e4 c5 Nf3 Nc6 d4 cxd4 Nxd4 e5 Nb5 Nf6,10,
1765,1739,black,60+0,f4 Nc6 b3 Nf6 Bb2 d5 e3 e6 Bb5 Bd7,10,
1534,1431,black,180+2,e4 e5 Nf3 Nc6 Bc4 Nf6 Ng5 d5 exd5 Na5,10,
2394,2173,white,180+2,e4 c5 Nf3 d6 d4 cxd4 Nxd4 Nf6 Nc3 a6,10,
1555,1335,white,240+2,e4 e5 Nc3 d6 Bc4 Nc6 d3 h6 f4 Nf6,10,
1546,1632,black,120+1,g3 g6 Bg2 Bg7 d3 d6 e4 e5 f4 exf4,10,
1877,1978,black,30+0,d4 Nf6 c4 c6 Nc3 d5 e3 dxc4 Nf3 e6,10,
1733,1909,draw,300+0,d4 Nf6 c4 e5 Nf3 e4 Ne5 Bb4+ Nc3 d6,10,
1548,1542,white,30+0,d4 d5 e3 e6 Bd3 Nf6 Nd2 Be7 f4 O-O,10,
1771,1268,white,60+2,d4 d5 c4 dxc4 e3 e5 Bxc4 a6 dxe5 Qxd1+,10,
2055,2302,white,30+0,d4 g6 Nf3 Bg7 Bg5 d6 Nbd2 h6 Bh4 g5,10,
2052,2007,white,30+0,e4 d5 exd5 Qxd5 Nc3 Qd8 d4 Nf6 Bc4 e6,10,
1993,2110,white,30+0,d4 e6 Bf4 Be7 e3 d5 c3 c5 Nf3 cxd4,10,
1365,1524,white,30+0,e4 g6 d3 Bg7 g3 d6 Bg2 Nd7 Qe2 e5,10,
1758,1523,white,180+0,d4 c6 Nf3 d6 g3 g6 Bg2 Bg7 O-O Bg4,10,
1715,1723,black,300+0,e4 e5 f4 exf4 Be2 d5 exd5 Qxd5 Nf3 Be7,10,
1526,1571,black,300+0,e4 c5 Bc4 Nc6 Qf3 e6 Nh3 Nf6 Nc3 d5,10,
2231,2237,black,180+0,e4 e6 Nf3 d5 e5 Qd7 a3 b6 b4 Ba6,10,
1482,1464,black,30+0,d4 d5 e3 Nf6 Nf3 Bg4 Be2 e6 Bd2 Bd6,10,
2251,2395,white,120+0,d4 d5 c4 c6 Nc3 Nf6 Nf3 dxc4 a4 Bf5,10,
1929,1886,black,30+0,e4 c5 Bc4 e6 Qf3 Nc6 c3 Ne5 d4 Nxf3+,10,10234.59
1715,1655,white,180+0,e4 e5 Bc4 d6 b4 Nf6 Qe2 Bg4 f3 Be6,10,
1309,1529,black,300+12,e4 c5 d4 cxd4 Qxd4 Nc6 Qd1 e5 Bc4 Nf6,10,4027.44
1814,2055,black,60+0,e4 e6 d4 d5 e5 c5 c3 Nc6 Nf3 Qb6,10,
1848,1830,black,30+0,d4 d5 Bf4 Nf6 Nf3 e6 e3 Bb4+ c3 Bd6,10,35.89
1969,1927,white,30+0,d4 Nf6 c4 e5 Nf3 exd4 Nc3 dxc3 bxc3 Nc6,10,
2084,1971,black,240+0,e3 d5 d4 c6 c4 Nf6 cxd5 Nxd5 Nc3 e6,10,
1379,1374,black,600+0,e4 e5 Nf3 Nc6 d4 Nxd4 Nxd4 exd4 Qxd4 c5,10,
1745,1621,white,240+0,e4 e5 Nf3 Nc6 Bc4 d6 d4 exd4 Nxd4 Nxd4,10,
1623,1681,black,300+5,e4 e5 Nf3 Nc6 Bb5 d6 d4 exd4 Nxd4 Nf6,10,
1437,1292,white,120+0,e4 d5 Nf3 dxe4 Ne5 f5 d4 Nf6 Bc4 e6,10,
1935,2003,black,180+0,e4 c5 Nf3 d6 d4 cxd4 Nxd4 Nf6 Nc3 a6,10,
1863,1841,white,180+0,e4 e5 Nf3 Nf6 Nc3 Bc5 Bc4 d6 h3 O-O,10,
1626,1738,black,60+0,c4 e6 Nc3 d5 g3 d4 Bg2 dxc3 bxc3 Nc6,10,1791.58
1499,1499,black,1800+0,d4 e6 c4 c5 Nf3 cxd4 Qxd4 Nc6 Qd3 Bb4+,10,7116.07
1397,1427,white,600+0,e4 d5 exd5 c6 dxc6 bxc6 Nf3 Bb7 Be2 e6,10,
1471,1927,black,180+0,e4 c5 Nf3 d6 d4 cxd4 Ng5 e5 Nxf7 Kxf7,10,
1900,1904,black,180+0,e4 c5 Nf3 d6 d4 cxd4 Nxd4 Nf6 Nc3 a6,10,
1814,1845,black,120+0,Nf3 d5 d4 e6 g3 Bd7 Bg2 c5 e3 Nf6,10,
1690,1687,white,60+0,d4 e5 Nf3 e4 Nfd2 d5 e3 f5 c4 Be6,10,
1774,1825,black,600+0,d4 f5 e3 d5 Bd3 Nf6 f4 e6 Nf3 Bd6,10,
1809,1667,black,480+3,g4 e5 e3 d5 a3 Nc6 b4 b5 Bxb5 Qd7,10,
1585,1588,black,180+0,e4 c6 d4 d5 Nc3 dxe4 Nxe4 Nf6 Ng3 Bg4,10,
2037,1904,white,180+0,e4 c5 Nf3 d6 d4 cxd4 Nxd4 Nc6 Nc3 Bd7,10,
1743,1975,white,30+0,g3 c5 f3 d6 e3 Nc6 Bg2 e6 Ne2 f5,10,
1945,1922,black,30+0,e4 d5 exd5 Qxd5 Nf3 Qd6 Be2 c6 O-O Bg4,10,
1461,1592,black,300+0,e4 g6 Bc4 Bg7 Qf3 e6 c3 c6 d4 d5,10,
1735,1582,white,180+0,e4 e5 Nf3 Nc6 Bb5 d6 O-O a6 Ba4 b5,10,
1589,1861,white,600+0,e4 e5 d4 exd4 Nf3 Nc6 Bb5 Qf6 Bg5 Qg6,10,
1880,1659,white,180+0,e4 e5 d4 Nc6 d5 Nb8 Nf3 d6 Bg5 f6,10,1977.83
1626,1668,black,600+3,e4 c5 Nf3 d6 d4 cxd4 Nxd4 Nf6 Nc3 g6,10,45.39
1925,1740,draw,30+0,e3 d5 b3 e6 Bb2 Nf6 g3 Be7 Bg2 h6,10,
1499,1771,black,300+0,d4 e5 c3 exd4 cxd4 d5 e3 c5 Nf3 cxd4,10,
1610,1804,black,30+0,e3 g6 d4 Bg7 c3 Nf6 Bd2 e6 Na3 d5,10,
1052,1061,white,60+0,e4 d5 exd5 e6 dxe6 Bxe6 Nc3 Nc6 Qe2 Nf6,10,
1500,1599,black,600+0,e4 e5 Nf3 d6 h4 Bg4 h5 Nc6 d3 Nd4,10,4234.35
1670,1711,black,900+0,e4 e5 Bc4 Nc6 c3 Nf6 Qf3 d6 d3 h6,10,
1734,1626,black,120+0,d4 Nf6 c4 g6 Nc3 d5 Bg5 Ne4 Bh4 Bg7,10,123.47
2245,2159,white,180+2,c4 Nf6 g3 e6 Bg2 d5 Nf3 c6 O-O Be7,10,
1261,1532,black,30+0,e4 c6 e5 d5 f4 Bf5 d4 e6 c3 Nd7,10,
1577,1293,white,180+0,e4 e5 Bc4 Nc6 Qh5 g6 Qf3 Qf6 Nh3 Qxf3,10,
1500,1640,white,300+4,d4 d5 c4 dxc4 e3 e6 Bxc4 Nf6 Nc3 Bb4,10,
2141,2194,white,900+0,e4 c5 Nf3 e6 Nc3 d5 exd5 exd5 d4 Nf6,10,
1236,1090,black,120+1,d4 e5 dxe5 Bb4+ c3 Bc5 Nf3 Nc6 e3 d6,10,
1975,1679,white,600+0,e4 g6 d4 Bg7 Nc3 c6 Nf3 d6 Be3 Bg4,10,3734.49
1806,2123,black,180+0,d4 c5 dxc5 Nf6 Nf3 Nc6 Bg5 e5 Nc3 Bxc5,10,12272.49
1752,1356,white,120+0,e4 e5 Nf3 d6 d4 Bg4 dxe5 Bxf3 Qxf3 dxe5,10,
2002,2072,black,180+0,d4 Nf6 Bg5 c5 Bxf6 gxf6 d5 Bg7 Qd3 O-O,10,
1479,1624,white,60+0,Nf3 h6 e4 a6 d4 e6 Nc3 Qe7 Bc4 Qb4,10,
1609,1414,white,300+0,e4 e5 Nf3 d6 Bc4 Be7 d4 Nf6 Nbd2 exd4,10,
2025,2009,white,180+2,e4 e5 Nf3 Nc6 Bb5 a6 Ba4 Nf6 d3 d6,10,
1606,1250,white,300+0,e4 e5 f4 d6 f5 Nf6 d3 c5 Bg5 d5,10,
1891,1690,white,600+0,c4 e5 e3 f5 d4 e4 a3 d5 cxd5 Qxd5,10,
1619,1466,white,600+0,e4 e5 f4 exf4 Nf3 Bc5 d4 Bb4+ c3 Ba5,10,
2045,1787,draw,180+0,e4 c5 c3 g6 d4 cxd4 cxd4 Bg7 Nf3 d6,10,
1581,1344,white,60+0,e4 e5 d4 Nc6 d5 Nce7 Nc3 d6 Nf3 f5,10,
1737,1534,white,300+0,d4 d5 c4 e5 e3 Nc6 Nc3 exd4 exd4 Be6,10,
2331,2313,black,60+0,b4 d5 Bb2 Nc6 e3 Nxb4 f4 Nf6 Nf3 a6,10,
1216,1187,draw,300+0,e4 e5 Nf3 Nc6 Nc3 Bb4 a3 Bxc3 bxc3 Nf6,10,
1352,1485,white,300+5,e4 e5 Nc3 Nf6 Nf3 Nc6 d3 Bc5 Bg5 h6,10,
1848,1738,white,30+0,d4 e6 c4 b5 Nc3 b4 e3 bxc3 bxc3 g5,10,
1648,1905,black,30+0,e4 c5 Nf3 e6 d4 a6 d5 exd5 c4 d6,10,
1813,1777,white,300+5,d4 d5 Nf3 c6 Nc3 Bf5 e4 dxe4 Nxe4 Bxe4,10,
2403,2152,white,30+0,d4 Nc6 Bf4 e5 dxe5 d5 exd6 Bxd6 Bxd6 cxd6,10,
1335,1331,white,120+1,e4 e5 Nf3 Nc6 Bc4 Bc5 d3 Nf6 Ng5 d5,10,
2644,2594,black,30+0,e4 c6 e5 d5 Ne2 g6 h4 Bg7 d4 c5,10,
1884,1615,white,240+0,b4 e5 Bb2 f6 e4 Bxb4 Bc4 Ne7 Qh5+ g6,10,
2238,1864,draw,30+0,Nf3 e5 g3 e4 Bg2 exf3 Bxf3 c6 O-O d6,10,
1268,1309,black,300+0,e4 e5 d4 exd4 Qxd4 d6 e5 Nc6 Qe4 Nxe5,10,
1354,1593,black,300+3,e4 c5 Nc3 e6 f4 d5 Nf3 d4 Na4 Nc6,10,2192.68
1963,1912,white,30+0,e4 d5 exd5 Nf6 c4 Nxd5 cxd5 Qxd5 Nc3 Qd7,10,
1067,1255,white,600+0,e4 e5 Nf3 Nc6 d3 d5 exd5 Qxd5 Be2 Bf5,10,
2065,2127,black,30+0,e4 c5 Nf3 Nc6 d4 cxd4 Nxd4 e6 Nxc6 bxc6,10,
1227,1196,white,600+0,e4 e5 Nf3 Nc6 c4 Nf6 Nc3 Bc5 d3 Ng4,10,
1609,1602,draw,300+0,e4 e5 f4 Nc6 Bc4 h6 Nf3 a6 O-O Bc5+,10,
1600,1663,white,180+0,d4 d5 c4 Nf6 cxd5 e6 dxe6 Bxe6 Nc3 Be7,10,
1636,1665,white,660+3,e4 e5 Nf3 Nc6 Bb5 d6 O-O Nf6 Nc3 Bg4,10,
1481,1660,black,180+2,d4 f5 Nf3 Nf6 Bf4 e6 e3 d6 c4 Be7,10,2823.64
1384,1402,black,300+0,e4 e5 Nf3 Nc6 d4 f6 c3 d5 exd5 Qxd5,10,
1195,1251,black,300+0,Nf3 d5 g3 Bg4 Bg2 Bxf3 Bxf3 c6 O-O e5,10,
1479,1467,white,300+0,d4 Nf6 Nc3 g6 e4 Bg7 e5 Nh5 Nf3 d6,10,
1980,1694,white,30+0,e4 c5 Nf3 e6 d4 cxd4 Nxd4 Nf6 Nb3 Bb4+,10,61.0
1490,1606,white,300+0,e4 Nc6 d4 d5 Nc3 Bg4 f3 Be6 Bb5 a6,10,
2124,2162,white,30+0,g3 e6 Bg2 Be7 Nf3 d5 O-O Nf6 e4 O-O,10,
1765,1570,white,30+0,b3 e6 Bb2 Be7 d3 Nf6 Nd2 O-O e3 d5,10,
2062,2030,black,300+0,e4 e5 Nf3 Nc6 d4 d6 d5 Nce7 c4 Ng6,10,
2187,2126,black,180+0,d4 Nf6 Nf3 e6 e3 b6 Bd3 Ba6 c4 d5,10,
1658,1658,white,300+0,e4 e5 Nf3 Nc6 Bb5 Nf6 O-O Bd6 d4 Nxd4,10,
1822,1814,white,300+0,b4 Nf6 Bb2 e6 b5 d5 Nf3 c5 a4 Bd6,10,
1664,1512,white,240+0,e4 c5 f4 Nc6 Nf3 f5 e5 d6 d3 dxe5,10,
1704,1639,black,60+0,e4 c5 Nf3 e6 c3 a6 Bd3 d5 O-O Nc6,10,
1686,1835,black,420+0,d4 Nf6 Nf3 d5 Bf4 Bf5 h3 e6 e3 Nbd7,10,
1849,1925,black,180+2,d4 Nf6 c4 e6 Nc3 Bb4 Bg5 c5 e3 Qa5,10,
1984,1609,black,300+0,d4 d5 c4 Nf6 cxd5 Nxd5 e4 Nb6 Be3 e6,10,111.94
1818,2065,white,30+0,c3 Nf6 f3 g6 g3 Bg7 Nh3 d6 Nf2 O-O,10,
1177,1345,black,60+0,d4 d5 e3 Nc6 Nc3 Bf5 Nf3 Nb4 Bb5+ c6,10,
1708,1848,draw,60+0,e4 d5 exd5 f5 Nc3 Nf6 Qf3 e5 dxe6 Bxe6,10,
1559,1572,white,600+0,d4 d5 c4 Nf6 cxd5 Qxd5 Nc3 Qd8 e3 e5,10,
2093,1860,black,180+0,e4 d5 exd5 Qxd5 Nc3 Qa5 Nf3 Nf6 Bc4 Bg4,10,
1750,1703,black,300+0,d4 d5 c4 dxc4 Nc3 g6 e4 Bg7 Bxc4 Qxd4,10,
1980,2025,black,180+0,f4 Nf6 d4 d5 e3 c5 c3 Bf5 Bd3 Bxd3,10,
1816,1588,white,300+10,c4 e5 Nc3 f6 e4 Nc6 Nf3 d6 Be2 Be6,10,5145.27
1601,1762,black,180+0,e4 Nc6 Nf3 f5 exf5 d5 Bb5 Bxf5 O-O Bg4,10,
1518,1614,black,300+0,d4 d5 Bg5 h6 Bh4 g5 Bg3 Bg7 c3 Nf6,10,9344.61
1507,1454,black,360+0,e4 c6 d4 d5 exd5 Qxd5 Nc3 Qd8 Nce2 Bg4,10,
1485,1477,draw,600+0,c3 d5 d3 e6 d4 h6 Nd2 a6 e4 dxe4,10,
1416,1390,black,600+0,d4 d5 f4 Nc6 Nf3 Nf6 Nc3 Bf5 e3 Nb4,10,7052.26
1480,1163,white,900+0,e4 e5 d3 Nc6 Nc3 Bc5 Qg4 d5 Qxg7 Qf6,10,
2259,2095,white,60+0,e4 g6 d4 Bg7 Nc3 c5 Be3 Qb6 Nd5 Qd8,10,
1027,1022,black,1500+15,e4 e6 Nf3 f6 Bc4 c6 O-O b5 Bb3 a6,10,
1744,1345,white,180+0,d4 Nf6 e3 Ne4 Bd3 Ng5 f4 Ne6 Nf3 d5,10,
1360,1300,white,1800+0,c4 d5 cxd5 Qxd5 Nf3 Bg4 Nc3 Qf5 Nd4 e5,10,
1829,2109,white,600+2,e4 e5 Nf3 Nc6 Bb5 d6 O-O Bg4 c3 Qf6,10,
1431,1473,black,480+2,d4 d5 e3 c5 c4 cxd4 exd4 e6 Nf3 Nf6,10,
1387,1684,black,300+0,e4 c5 Bc4 Nc6 Qf3 Ne5 Qb3 Nxc4 Qxc4 e6,10,2471.46
1131,1183,black,300+0,e4 d5 Nf3 dxe4 Ng5 Bf5 Bc4 e6 O-O Qxg5,10,
1990,1834,white,300+0,d4 Nf6 c4 e6 Nc3 Bb4 e3 d5 cxd5 exd5,10,
2182,2158,white,300+0,d4 Nf6 c4 g6 Nc3 Bg7 e4 d6 Nf3 O-O,10,
1626,1594,white,240+5,d4 d5 Nf3 h6 Bf4 Bf5 e3 Nf6 Nbd2 e6,10,
1408,1821,black,300+0,e4 c5 d4 cxd4 Na3 e5 Nb5 a6 Na3 Nf6,10,
1773,1767,black,180+0,e4 c5 d4 cxd4 c3 dxc3 Nxc3 Nc6 Nf3 d6,10,
1915,2204,black,30+0,e4 e6 Bc4 Be7 d4 d5 Nf3 dxc4 c3 c5,10,
1828,1670,white,30+0,e4 b6 f4 Bb7 d3 d6 c4 Nd7 Nf3 c5,10,
1576,1034,white,30+0,f4 d6 Nf3 Qd7 e3 e6 Be2 c6 O-O f5,10,
2033,2000,white,600+0,e4 e5 Nf3 Nc6 Bb5 a6 Ba4 Nf6 Nc3 Bb4,10,
1487,1621,black,180+2,e4 e5 Bc4 Nf6 Nf3 Nc6 Ng5 d5 exd5 Nxd5,10,
1118,1100,black,300+0,e4 e5 Nf3 Nc6 d4 Nf6 dxe5 Nxe4 Qd5 f5,10,
1403,1491,black,600+0,e4 e5 Nf3 Nc6 Bb5 a6 Bxc6 dxc6 Nxe5 Qd4,10,
1938,1775,white,30+0,g3 e5 Bg2 d5 b4 c6 a3 Bd6 Bb2 f6,10,
1394,1301,black,300+0,e4 e6 Nf3 d5 exd5 exd5 Nc3 Nc6 Bb5 a6,10,2865.68
1779,1938,black,480+0,e3 c5 Qf3 Nc6 Bc4 e6 Nc3 Ne5 Qf4 Nxc4,10,
1616,1554,white,120+0,e4 c5 Nf3 Nc6 d4 cxd4 Nxd4 e5 Nf3 d6,10,
1662,1726,black,120+2,d4 d5 c3 Nf6 Nf3 Bf5 h3 h6 g4 Bh7,10,
1956,1901,white,300+0,c3 d5 d4 c5 e3 Bf5 Nf3 Bxb1 Rxb1 Nc6,10,
1683,1769,white,60+0,e4 e5 Nf3 Nc6 d4 exd4 Bc4 Bc5 c3 d3,10,
1900,2033,black,30+0,e4 c5 Nf3 d6 d4 cxd4 Nxd4 Nf6 Nc3 g6,10,
1376,1275,black,120+1,d4 d5 c4 c6 Nf3 Bf5 Nc3 Nf6 Bf4 Nbd7,10,
1265,1741,black,600+0,e4 e5 d4 exd4 Qxd4 Nc6 Qe3 Bb4+ c3 Ba5,10,
1224,1366,white,300+5,e4 e6 Qf3 Na6 Bb5 Nb4 Qc3 Qe7 a3 Na6,10,
1761,1777,white,600+0,e4 c5 Nf3 d6 d4 cxd4 Nxd4 Nc6 Be3 Nf6,10,
2119,2064,white,480+5,e4 d5 exd5 Qxd5 Nc3 Qd7 Nf3 Nc6 Bb5 a6,10,66.91
1670,1917,draw,600+0,e4 e5 Nf3 d6 h3 Nc6 a3 Nf6 Bb5 Bd7,10,
1752,1711,white,120+1,e4 c6 d4 d5 Nc3 dxe4 Nxe4 Bf5 Ng3 Bg6,10,
1548,1975,black,180+0,Nf3 d5 e3 Bg4 d4 Bxf3 Qxf3 c6 Be2 Nd7,10,
1383,1804,black,600+0,e4 e5 Nf3 Nc6 Bb5 Nf6 Nc3 a6 Bxc6 dxc6,10,7993.44
1923,1934,white,180+0,Nf3 Nf6 g3 e6 Bg2 d5 O-O Bd6 d4 O-O,10,
1610,1581,white,180+0,c4 g6 Nc3 Bg7 d3 e5 Rb1 f5 e4 Nc6,10,
2373,2301,draw,180+0,d4 c6 c4 d5 Nf3 Nf6 Nc3 e6 e3 Bd6,10,
1616,1975,white,600+0,e4 c5 Nf3 Nc6 Bb5 Nd4 Nxd4 cxd4 c3 a6,10,22.92
2240,2208,white,60+0,d4 d5 c4 c6 Nf3 Nf6 Nc3 a6 a4 e6,10,
1594,1500,white,60+0,e4 e5 Nf3 Nc6 Bc4 h6 d3 Bc5 O-O f6,10,
1578,1610,black,600+0,e4 b6 d4 Bb7 Nc3 e6 Nf3 Bb4 Bd2 Bxc3,10,
1516,1434,white,180+0,d4 c5 d5 e6 dxe6 dxe6 Qxd8+ Kxd8 Be3 Nc6,10,
1393,1504,black,300+0,e4 e5 Nf3 Nc6 Bb5 Nd4 Nxd4 exd4 O-O Qg5,10,
1835,1900,black,60+0,b4 Nf6 Bb2 g6 g4 Bg7 g5 Nh5 c3 f6,10,
1611,1633,white,600+0,e4 c6 d4 d5 exd5 cxd5 Bb5+ Bd7 Qe2 Bxb5,10,
2137,2133,white,60+0,Nc3 d5 e4 d4 Nce2 e5 d3 Nc6 f4 exf4,10,
1392,1603,white,600+0,h4 e5 d4 e4 Bg5 f6 Bf4 Qe7 e3 Qb4+,10,
2148,1998,white,300+0,d4 e5 e3 e4 c4 c6 Nc3 d5 c5 f5,10,
1738,1754,black,300+0,e4 e5 Nf3 d6 d4 exd4 Nxd4 Nf6 Bc4 Be7,10,
1106,1203,black,300+0,d4 d5 c4 dxc4 e4 Nc6 d5 Ne5 Bf4 f6,10,
1384,1441,black,420+0,e4 c5 Nf3 d6 d4 cxd4 Nxd4 Nf6 Nc3 g6,10,
1285,1505,black,240+4,Nf3 Nc6 Nc3 Nf6 Ng5 h6 Nxf7 Kxf7 e3 e6,10,
1555,1413,black,900+15,e4 e5 Nf3 Nc6 Nc3 Nf6 Bc4 Bb4 d3 d5,10,
1681,1654,black,300+2,e4 d6 d4 Nf6 Nc3 g6 Bc4 Bg7 e5 dxe5,10,
1640,1666,draw,900+5,d4 d5 c4 c6 e3 Nf6 h3 a6 Nc3 b5,10,
1750,1588,black,60+0,e4 g6 d4 Bg7 c4 e6 Nc3 Ne7 e5 O-O,10,
1430,1459,black,600+0,e4 c5 Bc4 Nc6 Qf3 e6 Bb5 Nd4 Qd3 Qb6,10,
2151,2040,white,600+0,d4 d5 c4 e5 dxe5 d4 Nf3 Nc6 a3 Nge7,10,
1841,1836,black,30+0,d4 c5 c4 cxd4 Qxd4 Nc6 Qd1 e6 Nc3 Nf6,10,
1308,1305,black,300+0,e4 e5 Nf3 Nc6 Bc4 Bc5 d3 Nf6 c3 d5,10,3786.59
1935,1957,black,120+0,d4 Nf6 Bg5 Ne4 Bf4 g6 f3 Nd6 e4 Bg7,10,164.77
1293,1955,black,900+0,d4 d5 e3 e6 c3 Bd6 Bb5+ c6 Bd3 Qc7,10,
1381,1361,white,300+0,d4 d5 c4 dxc4 e4 e6 Nf3 c5 Bxc4 cxd4,10,7505.11
1618,1524,white,30+0,b3 Nf6 Bb2 Nc6 Bxf6 exf6 g3 Bb4 Bg2 Ne5,10,
1811,1780,black,900+15,d4 d5 Bf4 c5 c3 e6 e3 Nc6 Nf3 Bd6,10,143.45
1281,1346,white,1200+2,e4 d5 exd5 Qxd5 Nc3 Qa5 d4 Nf6 Nf3 Nc6,10,17669.8
2264,2052,white,30+0,e4 d5 exd5 Qxd5 Nc3 Qe6+ Qe2 Nf6 Qxe6 Bxe6,10,
1738,1577,white,30+0,e4 Nc6 d3 e5 Nf3 Nf6 Nc3 Bb4 Bg5 Bxc3+,10,
1979,2084,draw,30+0,d4 Nc6 c4 Nf6 Nf3 d5 cxd5 Nxd5 Nc3 Nxc3,10,
1999,2147,black,30+0,e4 c6 Nc3 d5 Nf3 d4 Ne2 c5 d3 Nc6,10,
1482,1501,black,600+2,e4 e5 Nf3 d6 d4 exd4 Nxd4 Nc6 Nxc6 bxc6,10,
2075,2605,black,30+0,d4 g6 Nf3 Bg7 Bg5 c5 Nbd2 cxd4 e3 dxe3,10,
2571,2231,white,30+0,d4 c5 Nf3 cxd4 Nxd4 Nf6 Nf3 e6 e3 d5,10,
2073,2062,draw,1200+0,e4 c5 Nf3 d6 d4 cxd4 Nxd4 Nf6 Nc3 a6,10,
2355,2330,white,180+0,c4 Nf6 g3 g6 Bg2 Bg7 Nc3 O-O e4 d6,10,
1657,1678,white,180+0,e4 e6 e5 d5 exd6 cxd6 d4 d5 Be2 Nf6,10,
1828,1675,black,900+15,e4 e5 Nf3 Nf6 Nxe5 Nc6 d4 Nxe5 dxe5 Nxe4,10,75.07
1808,1745,black,30+0,e4 d5 Nc3 c5 Nxd5 Nf6 Nc3 Nxe4 Nxe4 e5,10,
1862,1830,white,1200+0,e4 d5 exd5 Qxd5 Nc3 Qa5 Nf3 Bg4 Be2 Nf6,10,
1552,1711,black,30+0,d4 Nf6 e3 e6 c4 d5 Bd3 dxc4 Bxc4 Be7,10,2979.74
1615,1291,draw,180+1,d4 d5 c4 dxc4 e3 e6 Bxc4 c5 dxc5 Qxd1+,10,
1821,1847,black,60+0,d4 e6 c4 d5 Nc3 Nf6 cxd5 exd5 h3 Bb4,10,
1520,1569,black,600+0,e4 e5 Nf3 Nc6 Bc4 Be7 d4 Nxd4 Nxd4 exd4,10,
932,1080,white,300+0,e4 e5 Nf3 d6 Bc4 Be6 Ng5 Bxc4 Qf3 h6,10,
1437,1568,white,60+0,Nh3 e6 g3 d5 Bg2 Nf6 O-O Nc6 e3 Bd6,10,
1719,1727,white,60+0,b4 d5 Bb2 Qd6 a3 Qg6 e3 f6 Nf3 e5,10,
1521,1438,black,180+2,e4 e5 Nf3 Nc6 Bc4 Nf6 Ng5 d5 exd5 Nxd5,10,
1623,1628,black,600+0,e4 e5 Nf3 Nf6 Bc4 d6 d3 Bd7 Bg5 a5,10,57.05
2075,2086,draw,60+0,g3 g6 Bg2 Bg7 d3 c6 c3 d5 e3 e5,10,
1954,2066,black,30+0,e4 d5 e5 f6 Nf3 fxe5 Nxe5 Nf6 d4 e6,10,
1445,1674,black,300+0,c4 d5 e3 c6 Nc3 d4 exd4 Qxd4 Nf3 Qd8,10,
1416,1871,black,600+2,e4 g6 d4 Bg7 e5 d6 Bf4 dxe5 Be3 exd4,10,
1625,1913,black,180+2,c4 Nf6 d4 e6 Nf3 d5 Bf4 Bb4+ Nbd2 O-O,10,
2100,2135,black,180+2,e4 c5 Nf3 e6 d3 b5 g3 Bb7 Bg2 Qc7,10,
1866,1853,black,360+0,e4 e5 Nf3 d6 d4 exd4 Nxd4 Be7 Bd3 Nf6,10,
1918,1825,white,300+0,g3 d5 Bg2 e5 c3 c5 e3 Nc6 d4 cxd4,10,
1419,1101,black,180+2,e4 c6 Nf3 d5 Nc3 Nf6 exd5 cxd5 d4 Nc6,10,
1749,1925,white,300+0,e4 d6 e5 dxe5 f4 exf4 d4 Nf6 Bxf4 e6,10,
1063,856,black,300+0,e4 d5 Nf3 f6 d3 dxe4 dxe4 e5 Bd3 Nc6,10,
1522,1494,white,300+0,c4 Nf6 e3 e6 Nc3 Bc5 Nge2 Nc6 Ng3 d6,10,
1567,1500,white,300+3,e4 d5 exd5 Qxd5 Nc3 Qe5+ Be2 Bg4 h3 Bh5,10,
1588,1221,white,480+0,d4 e6 Bf4 Qh4 e3,5,
2028,2152,black,30+0,d4 c5 d5 Nf6 d6 e5 Nf3 Qb6 Nxe5 Bxd6,10,
1388,1266,black,300+3,d4 d5 Nf3 e6 e3 Nc6 c4 Bb4+ Bd2 dxc4,10,
2114,2042,black,180+0,e4 e5 d4 exd4 f4 Nc6 a3 a5 Nf3 Bc5,10,
1253,1774,black,30+0,e4 e5 d3 Nc6 Nf3 Nf6 Nc3 Bb4 Bd2 d6,10,
1970,1938,black,600+0,d4 d5 c4 c6 e3 h6 Nc3 Bf5 Bd3 Bxd3,10,
2147,2116,draw,180+2,d4 Nf6 Nf3 g6 Bf4 Bg7 e3 O-O h3 d6,10,
1478,1459,white,300+0,e4 e5 d3 Bc5 Qe2 Qf6 Be3 Bb4+ Bd2 Bc5,10,
1360,1973,black,30+0,d4 d6 Nf3 Nf6 e3 Bg4 Bd2 e5 Be2 e4,10,5160.65
1658,1829,black,600+0,e4 c5 Nc3 e6 Bc4 a6 a3 Ne7 Nf3 Ng6,10,
2030,1759,white,300+0,e4 c5 Nf3 e6 d4 cxd4 Nxd4 a6 Nc3 Qc7,10,
1527,1475,white,600+0,e3 e5 Nc3 d5 Qe2 c6 a3 Qf6 h3 Bf5,10,
1455,1768,black,60+0,g3 Nf6 Bg2 d6 Nf3 c6 O-O g6 c3 Bg7,10,
1203,1140,white,600+0,e4 d5 d4 dxe4 Nc3 Bf5 g4 Bg6 Bg2 Nf6,10,175.59
1567,1732,draw,180+2,c4 Nf6 d4 e6 Nf3 d5 Nc3 Bb4 e3 O-O,10,
1997,2114,black,30+0,e3 g6 d4 Bg7 c3 c5 Nf3 cxd4 cxd4 Nf6,10,
1971,2176,black,180+0,d4 Nf6 c4 e6 a3 b6 Nc3 Bb7 Nf3 d5,10,
1846,1802,white,180+0,e4 c5 Nf3 Nc6 d4 cxd4 Nxd4 Nxd4 Qxd4 Qc7,10,
2073,1987,white,180+0,d4 d6 e4 e5 Nf3 Bg4 dxe5 Nc6 exd6 Bxd6,10,
1866,2221,black,180+0,e4 c5 Nf3 Nc6 d3 d6 Nc3 e5 Nd5 Be7,10,
1811,1836,white,180+2,e4 c6 b3 d5 exd5 cxd5 Bb2 Nf6 Nf3 Nc6,10,
1460,1351,draw,180+0,e4 e5 d4 exd4 Qxd4 Nc6 Qa4 Bb4+ c3 Ba5,10,
1520,1472,black,60+0,e4 c5 Nf3 Nc6 d4 cxd4 Nxd4 g6 c4 Bg7,10,
2183,2260,black,180+0,e4 d6 Nc3 Nf6 f4 g6 Bc4 Bg7 d3 O-O,10,
2010,1948,white,420+7,e4 d5 exd5 c6 dxc6 e5 cxb7 Bxb7 Nc3 a6,10,
1557,1677,white,300+10,a3 e5 b4 c6 h3 a5 bxa5 Qxa5 g4 g6,10,
1646,1742,white,60+0,e4 Nf6 e5 Nd5 Nc3 Nb6 d3 Nc6 Be3 d5,10,
1902,1770,white,240+0,e4 Nc6 d4 e5 d5 Nce7 c4 Nf6 Nc3 Ng6,10,
1364,1239,white,900+0,e4 e6 Nf3 Nf6 Nc3 c6 d3 Be7 e5 Ng4,10,
1916,1560,white,30+0,e4 e6 Nf3 g6 d4 Bg7 Bd2 d6 Bc3 c6,10,
1500,1541,white,300+0,e4 e5 Nf3 Nc6 Bb5 a6 Ba4 Bc5 O-O Nf6,10,
1974,1612,draw,180+0,e4 e6 d4 d5 Nd2 dxe4 Nxe4 Nf6 Bg5 Be7,10,
1259,1627,black,480+8,d4 d5 e3 Nf6 f3 Nc6 c3 e5 dxe5 Nxe5,10,
1841,1995,black,300+0,d4 e6 Nf3 d5 g3 b6 Bg2 Bb7 O-O c5,10,
1837,1983,black,30+0,c3 c5 f3 e6 g3 a6 Nh3 g6 Nf2 Bg7,10,
1690,2033,black,30+0,e3 Nf6 d4 g6 Nf3 Bg7 c3 O-O Bd2 c5,10,
1466,1530,black,480+0,e4 e6 Bc4 d5 exd5 exd5 Be2 b6 Bg4 Bb7,10,
1446,1347,white,180+2,e4 e5 Nf3 Nf6 Nxe5 Nxe4 Qe2 Nf6 Nc6+ Be7,10,
2114,2163,white,180+0,e4 c5 Nc3 e6 g3 Nc6 Bg2 d5 d3 Nf6,10,
1531,1506,white,30+0,e4 g6 Nf3 Bg7 e5 c6 d4 d6 Nc3 dxe5,10,
2082,1877,black,180+0,d4 g6 Nc3 Bg7 e4 d6 Be2 Nf6 Be3 c6,10,
1437,1320,white,360+0,e4 e5 d4 exd4 Nf3 c5 Bc4 d5 Bxd5 Be6,10,
1422,1576,black,420+0,Nf3 Nc6 e3 e5 d3 d6 e4 Nf6 Bg5 Be7,10,
1676,1542,black,300+0,d4 Nf6 c4 e5 d5 Bb4+ Nc3 O-O a3 Bxc3+,10,
1389,1582,white,600+0,e4 e5 Bd3 Bc5 Nf3 Nf6 Nc3 Ng4 O-O O-O,10,
1806,1811,black,60+0,d3 c6 e4 d6 a3 b6 c3 Bb7 b3 Nd7,10,
1482,1355,white,180+0,e4 c5 Nf3 Nc6 d4 cxd4 Nxd4 e6 Be3 Bc5,10,
1986,2009,black,30+0,g3 e6 Bg2 Nf6 Nc3 d5 e3 c5 Nge2 Nc6,10,
1573,1607,white,300+0,Nc3 d5 e4 d4 Nce2 e5 Nf3 Nd7 Ng3 g6,10,
1771,1922,white,300+0,e4 e6 Bc4 c6 d3 d5 exd5 cxd5 Bb3 h6,10,
2095,1869,white,30+0,d4 c5 c4 cxd4 Nf3 Nc6 Nxd4 Nf6 Nxc6 bxc6,10,
1557,1582,white,300+0,e4 e5 Nc3 Bb4 Nf3 Nc6 a3 Ba5 b4 Bb6,10,
1611,1762,black,120+1,Nf3 g6 d4 Bg7 c4 d6 Nc3 Nf6 e4 O-O,10,
2085,1616,white,300+0,e4 e5 Nf3 Nc6 Bc4 h6 c3 Nf6 d3 d6,10,
1723,1570,black,600+0,e4 e5 Nf3 Nc6 Bc4 Bc5 c3 Nf6 d3 d6,10,
1762,1273,white,600+0,e4 e6 Bc4 Nc6 Nf3 Qf6 Nc3 a6 d4 d5,10,
1604,1562,white,30+0,e4 e6 f4 d5 d4 dxe4 Nc3 c6 Nxe4 Bb4+,10,9911.83
2210,2135,white,300+0,e4 c5 Nf3 d6 d4 cxd4 Nxd4 a6 Nc3 e6,10,
1754,1815,white,240+0,e4 Nf6 Nc3 d6 Bc4 Nbd7 d3 c6 f3 e5,10,103.23
2038,1385,black,30+0,d4 d5 Bf4 e6 e3 c6 Nf3 Nf6 c4 Bd6,10,
1403,1393,white,600+8,d4 c6 e4 d6 Nf3 Nd7 Bc4 d5 exd5 cxd5,10,
1759,1745,white,600+0,e4 c6 d4 d6 Nc3 a6 Be3 b5 a3 e6,10,
1613,1695,black,1200+0,e4 e5 Nf3 Nf6 Bc4 Nxe4 Nxe5 Qe7 Nxf7 Nc3+,10,
1534,1510,white,180+0,e4 c6 d4 d5 e5 Bf5 c4 dxc4 Bxc4 e6,10,
1228,1496,white,1800+5,d4 d5 Na3 e6 Bf4 Bxa3 bxa3 Qf6 Bxc7 Qe7,10,
1301,1359,black,240+2,e4 Nf6 d3 e6 Nc3 Bb4 Bd2 Bxc3 Bxc3 d6,10,
1847,1799,black,600+0,e4 e5 d4 exd4 c3 dxc3 Bc4 cxb2 Bxb2 Bb4+,10,
1946,2115,black,60+0,e4 d6 Nf3 Nf6 d4 Nxe4 Bd3 Nf6 Nc3 g6,10,
2273,2272,white,180+1,e4 c5 Nf3 d6 d4 cxd4 Nxd4 Nf6 Nc3 a6,10,
1730,1661,white,300+3,e4 c5 Nf3 Nc6 c4 d6 Nc3 e5 Be2 Nf6,10,
1461,1329,white,300+5,e4 e6 Nf3 d5 d4 dxe4 Ne5 Nc6 Nc3 Bb4,10,
1098,1654,black,1200+0,e4 e5 Nf3 Nc6 d3 Bc5 a3 a5 b4 axb4,10,
1287,1309,black,300+0,e4 e5 Bc4 Nf6 d3 d5 Bb3 dxe4 dxe4 Qxd1+,10,
1652,1657,white,540+0,e4 e6 Nf3 Bc5 d3 Nc6 a3 Nf6 h3 O-O,10,
1787,1545,white,300+0,d4 d5 Bf4 e6 f3 a6 e4 dxe4 fxe4 Bd6,10,
1511,1386,draw,300+0,e4 e5 Nf3 Nf6 Nxe5 d6 Nf3 Nxe4 Qe2 Qe7,10,
1744,1781,white,300+0,e4 e6 Nf3 c5 Nc3 d5 exd5 exd5 d4 Nf6,10,
1947,1757,white,180+0,b3 d5 Bb2 c6 d3 Bf5 Nd2 Bg6 g3 e6,10,
1527,1833,black,600+0,Nf3 d5 g3 Nc6 d4 Nf6 Bg2 g6 O-O Bg7,10,1980.62
2045,2091,draw,120+0,Nf3 d5 g3 c5 Bg2 Nc6 d4 e6 O-O Nf6,10,
1393,1485,white,300+0,e4 e5 Nf3 Nc6 Bb5 f6 Nc3 Bc5 O-O Nd4,10,
1824,2153,black,300+0,d4 Nf6 c4 c5 Nf3 cxd4 Nxd4 e5 Nf3 Nc6,10,
1521,1646,white,300+0,d4 d5 e3 Nf6 Bd3 c5 dxc5 e5 Bd2 Bxc5,10,
1968,1955,black,180+0,e4 e6 d4 d5 exd5 exd5 Nf3 Nc6 Bd3 Bd6,10,
1744,1758,black,30+0,d4 c5 c4 cxd4 Qxd4 b6 Qd1 Qc7 e3 Qd8,10,161.88
1418,1521,black,180+0,e4 c6 a3 d5 exd5 cxd5 h3 Nd7 Nc3 Ngf6,10,
1492,1486,black,300+0,c4 e5 Nc3 Bb4 e3 Bxc3 bxc3 d6 d4 Nf6,10,
2069,1767,white,180+0,e4 e5 Nf3 Nc6 Bc4 Nf6 O-O Bc5 c3 d6,10,
1976,1793,white,180+0,e4 c5 Nf3 d6 d4 cxd4 Nxd4 e6 Nc3 Nf6,10,
1816,1690,white,720+5,c4 e5 Nc3 Nf6 Nf3 e4 Nd4 Bc5 Nc2 c6,10,
1931,1379,draw,600+0,e4 e6 d4 d5 exd5 Qxd5 c4 Qd8 Nc3 Bb4,10,125.28
1903,1973,white,30+0,g3 d5 Bg2 c6 c4 dxc4 d4 Nd7 e3 e6,10,
1894,2023,black,180+0,e4 c5 c3 d6 d4 cxd4 cxd4 g6 Bd3 Bg7,10,
1537,1643,black,30+0,d4 c6 Nf3 d5 Bg5 Nf6 Nbd2 g6 e3 Bg7,10,
1578,1667,white,300+10,e4 e5 Nf3 Nc6 c3 Nf6 d4 exd4 e5 Qe7,10,
1835,1599,white,9000+0,d4 e6 c4 g6 Nc3 Bg7 Nf3 Nf6 Bg5 b6,10,
1810,2056,black,30+0,g3 d5 Bg2 c5 Nf3 Nc6 d4 e5 dxc5 e4,10,
1873,1931,white,30+0,d3 c5 e3 d5 Be2 e5 Bd2 Nc6 c4 Be6,10,
1913,1862,white,180+0,e4 e6 f4 d5 Nf3 dxe4 Ne5 f5 Qh5+ Ke7,10,
2023,1902,white,600+0,e4 e5 Nf3 Nc6 Bb5 Nf6 O-O Nxe4 d4 exd4,10,
1025,1109,black,300+0,e4 c5 e5 f5 f4 d6 exd6 Qxd6 d3 Nc6,10,3633.1
1935,2136,white,30+0,d4 c5 Bf4 cxd4 Qxd4 Nf6 Qd1 e6 e3 a6,10,
1246,1311,black,180+0,g4 c5 Bg2 Nc6 c4 e6 Nc3 Nf6 Bxc6 dxc6,10,
1675,1751,white,600+0,e3 e5 b3 Nc6 Bb2 d5 h3 Nf6 Nf3 Bd6,10,
2575,2628,draw,30+0,d4 d5 Nf3 Nf6 c4 e6 e3 c6 cxd5 exd5,10,
2609,2227,white,30+0,Nf3 Nf6 d4 g6 c4 Bg7 Nc3 d5 g3 dxc4,10,
1758,1796,white,120+1,b3 e5 Bb2 d6 g3 Nc6 Bg2 Bd7 c4 g6,10,
1633,1256,white,30+0,e4 e5 Nf3 d6 Bc4 f6 Nc3 c5 Qe2 Nd7,10,221.08
1808,1980,black,180+6,e4 e5 Nf3 Nf6 Nc3 Nc6 Nxe5 Nxe5 d4 Ng6,10,
2063,2228,white,30+0,e4 c6 d4 d6 c4 e5 Nc3 exd4 Qxd4 Nf6,10,
1601,1770,white,30+1,e4 c6 d4 d5 exd5 cxd5 Nf3 Nc6 c4 Nf6,10,
1767,1743,black,600+5,d4 d5 c4 e6 e3 c5 Nf3 Bd6 Bd2 Nf6,10,80.0
1615,1327,white,180+2,e4 d5 exd5 Qxd5 Nc3 Qa5 d4 Nf6 Bd2 e6,10,
1379,1293,white,1200+0,e4 e5 Nf3 Nc6 d4 Nxd4 Nxd4 exd4 Qxd4 Nf6,10,
2076,2084,white,180+0,e4 c5 Nf3 Nf6 Nc3 d5 exd5 Nxd5 Bb5+ Nc6,10,
1745,1618,black,60+0,e4 d5 exd5 Qxd5 Nc3 Qa5 d4 Nf6 Be3 Bg4,10,
1814,1692,white,600+0,e4 e5 Nf3 Nf6 Nc3 Bb4 d3 d6 a3 Ba5,10,
1489,1502,black,120+0,d4 e6 c4 d5 Nc3 Nf6 e3 Bb4 Nf3 a5,10,
1463,1415,white,300+0,e4 e5 f4 d6 fxe5 Bd7 exd6 cxd6 Nf3 Nc6,10,
1639,1699,black,300+0,e4 e6 g3 c6 Bg2 d5 exd5 exd5 Ne2 Bf5,10,
1825,2000,black,60+0,e4 c5 c3 e6 d4 Nf6 e5 Nd5 c4 Nb6,10,10804.69
1593,1655,white,180+0,Nc3 a6 e4 e6 Bc4 b5 d4 bxc4 d5 e5,10,
1553,1515,white,180+2,d4 Nf6 c4 e5 Bg5 exd4 Qxd4 Be7 Nc3 Nc6,10,
1890,1836,black,180+2,e4 c5 Nf3 g6 c3 Bg7 d4 cxd4 cxd4 d5,10,
1292,1443,white,180+2,e4 c6 Nf3 d5 exd5 cxd5 d4 Nf6 Nc3 Bg4,10,
1449,1590,black,300+0,e4 e5 Nf3 f5 Nxe5 d6 Qh5+ g6 Nxg6 Be6,10,
2102,2136,draw,180+2,Nf3 Nf6 g3 g6 Bg2 Bg7 O-O O-O c4 c5,10,
1537,1369,white,600+2,e4 e5 Nf3 f6 Bc4 a6 a3 Qe7 Nc3 d6,10,
1679,1799,black,300+0,d4 Nf6 c4 e5 dxe5 Ng4 Nf3 Nc6 Bf4 Bb4+,10,
1475,1589,white,120+2,Nf3 d6 c4 e5 d4 exd4 Nxd4 Nc6 Nc3 Nce7,10,
1109,1019,black,600+0,Nc3 e5 a3 c6 e4 c5 Bc4 Qe7 Nf3 Nh6,10,
1936,1914,white,60+0,e4 d5 exd5 c6 Nf3 cxd5 d4 Nc6 Bd3 Nf6,10,
1401,1757,black,300+4,d4 f5 e3 h5 f4 Nf6 Nf3 d6 Be2 g6,10,
1683,1378,white,60+0,e4 e6 Nf3 d6 d4 c5 Nc3 Nc6 dxc5 dxc5,10,
2606,2149,white,30+0,Nh3 e6 g3 Be7 Bg2 d5 O-O Nf6 f4 O-O,10,
1856,2147,black,30+0,d4 Nc6 c4 e5 d5 Nce7 e4 Ng6 Nc3 Bc5,10,
1640,1432,white,180+0,e4 d5 d4 dxe4 Nc3 Nf6 Qe2 Qxd4 Be3 Qe5,10,
1730,1920,white,30+0,e3 c5 h4 g6 b4 cxb4 Bb2 Nc6 Bxh8 Nf6,10,
1724,1753,black,60+0,d4 d5 c4 c6 Nc3 dxc4 e4 b5 a4 Bb7,10,
1478,1697,black,600+0,e4 e6 d4 b6 Nf3 Bb7 Bd3 a6 Qe2 Nf6,10,60.52
1763,1842,black,60+0,e4 e5 d3 d5 Nf3 dxe4 dxe4 Qxd1+ Kxd1 Nc6,10,
2136,2074,white,30+0,d4 c5 c4 e6 d5 exd5 cxd5 Nf6 Nc3 d6,10,
1846,1803,black,120+1,c4 h6 Nc3 a6 d3 Nf6 g3 e6 Bg2 c6,10,
1665,1615,black,300+0,e4 e5 Nf3 Nc6 d4 exd4 Nxd4 Nxd4 Qxd4 Nf6,10,
1910,1545,white,30+0,e4 Nc6 d3 e5 f4 d6 fxe5 dxe5 Nf3 f6,10,
1883,1937,black,180+0,e4 e6 d4 Nf6 e5 Ng8 c4 d5 exd6 cxd6,10,
1643,1727,black,300+0,d4 d5 c4 dxc4 Nf3 Nc6 Nc3 Bg4 Bf4 Bxf3,10,
1703,1753,draw,300+0,e4 e6 Nf3 d5 e5 Nd7 d4 c5 Bb5 a6,10,
1718,1835,black,30+0,d4 c5 c4 cxd4 Nc3 Nc6 Ne4 e5 e3 f5,10,7054.86
1717,1568,black,480+0,d4 e6 e4 Qh4 e5 Qe4+ Be3 Bb4+ c3 Be7,10,
1663,1682,white,-,e4 d5 exd5 Qxd5 Nc3 Qd8 d4 Nf6 Nf3 a6,10,
1745,1911,black,30+0,e4 d5 exd5 Qxd5 Nf3 Qd7 Be2 f6 O-O e5,10,
1240,1560,black,360+0,e4 f5 d4 Nf6 c4 Nxe4 Bd3 Nc6 d5 Ne5,10,
1355,1526,black,420+0,e4 d6 d4 c6 c4 Nf6 e5 dxe5 Bg5 Ng8,10,
1952,2218,black,180+0,e4 g6 d4 Bg7 c4 d6 Nc3 Nf6 f3 Nc6,10,
1663,1577,black,30+0,g3 c6 Bg2 d6 e3 Qc7 d4 Bf5 Ne2 Nf6,10,236.65
1538,1525,white,300+0,e4 e6 d4 d5 e5 c5 c3 cxd4 cxd4 Bb4+,10,
1880,1610,white,900+5,e4 e5 Nf3 Qf6 Bc4 h6 O-O d6 d4 Be6,10,
1604,1622,black,480+0,e4 e5 Nf3 Nc6 Bb5 Qf6 Bxc6 Qxc6 Nxe5 Qxe4+,10,
1852,1033,white,30+0,e4 e6 Nf3 d6 d3 Qd7 c3 f6 Nbd2 Nc6,10,8025.65
1424,1254,black,900+0,e4 e5 Nf3 Nf6 Nc3 c6 Bc4 d5 exd5 cxd5,10,
1580,1821,black,300+0,e4 d5 exd5 Qxd5 Nc3 Qa5 Nf3 Nf6 Be2 c6,10,
1949,1884,white,180+0,e4 e5 Nf3 Nc6 d4 exd4 Nxd4 Nge7 Nc3 Nxd4,10,
1887,1637,white,180+2,e4 e5 Nf3 Nc6 Bc4 d6 d3 h6 a3 f5,10,
2003,1985,black,120+0,b3 c5 Bb2 b6 e3 Bb7 f4 Nf6 Nf3 g6,10,
944,1156,black,300+0,e4 e6 Nf3 Nc6 Bb5 e5 d4 Nxd4 Nxd4 exd4,10,
1644,1612,black,180+0,e3 e5 e4 d6 Nc3 Nc6 Nge2 Nf6 g3 Be7,10,
2288,1891,white,180+0,e4 c5 Nf3 Nc6 Bb5 g6 O-O Bg7 Re1 d6,10,
1559,1564,black,30+0,d4 e6 c4 Nf6 Nc3 Be7 Nf3 O-O Bg5 Bb4,10,
1815,2202,black,180+1,e4 c5 Nf3 d6 c3 Nf6 d4 Nxe4 Bd3 d5,10,
1602,1569,white,300+0,d4 d5 Nf3 e6 e3 c6 Bd3 Nf6 O-O a6,10,
1750,1754,black,60+0,e4 e5 Qh5 Nc6 Bc4 Qf6 Nc3 Qg6 Qf3 Nf6,10,
1250,1274,white,900+15,e4 e5 Nf3 Nc6 Nc3 d5 Nxd5 Bg4 Bc4 a6,10,5420.15
1600,1502,white,300+0,d4 d5 c4 e6 Nc3 Nf6 Bf4 Bb4 a3 Bxc3+,10,
1417,1250,black,120+0,d4 d5 c4 e6 Nc3 Nf6 f3 Bb4 Bg5 c5,10,
1753,1826,white,900+0,b4 e5 Bb2 Bxb4 Bxe5 d6 Bxg7 Bf5 c3 Bc5,10,
1554,1493,black,60+0,d4 d5 c4 Nc6 e3 dxc4 Nf3 e6 Bxc4 Nf6,10,
1429,1430,black,300+0,d4 e6 e4 d5 e5 c5 b3 cxd4 Qxd4 Nc6,10,
2060,1810,white,60+0,c4 e6 Nc3 Nf6 g3 d5 cxd5 c6 Bg2 exd5,10,
1975,2058,black,180+2,c4 Nf6 Nc3 g6 g3 Bg7 Bg2 c6 e4 d6,10,
1936,1983,black,180+0,d4 e6 e3 f5 Nd2 b6 a3 Bb7 b4 Nf6,10,
1706,1779,black,180+0,d4 d5 Nf3 Nf6 e3 Bf5 Be2 e6 O-O h6,10,
1366,1442,black,900+7,e4 c5 e5 e6 Nf3 Nc6 Bb5 a6 Bxc6 bxc6,10,
1157,1292,white,600+0,e4 e5 Nc3 Nc6 Bb5 a6 Bc4 Nf6 Nh3 d6,10,
1706,1733,white,180+2,d4 g6 h3 d6 Nf3 Nc6 c3 e5 dxe5 Nxe5,10,
1584,1445,white,240+5,e4 e5 d4 exd4 c3 dxc3 Nxc3 Bb4 Qb3 Qe7,10,90.09
1768,1339,white,300+8,d4 d5 Nc3 e6 e4 Bb4 exd5 exd5 Bd2 Nc6,10,15548.51
2122,2041,black,30+0,d3 d5 c4 dxc4 Bg5 cxd3 Qd2 dxe2 Qxe2 Nf6,10,
1799,1775,white,540+0,e4 c5 Nf3 Nc6 Nc3 d6 h3 f5 Be2 fxe4,10,
1926,1918,white,180+0,d4 Nf6 Nf3 e6 c4 c5 d5 exd5 cxd5 d6,10,
1654,1667,white,600+0,e4 e5 Nf3 Qf6 Bc4 Bc5 Nc3 c6 d3 h6,10,
1810,1822,black,900+0,e4 e5 Nf3 d6 Bc4 c5 h3 h6 c3 Nf6,10,
1683,1766,black,180+0,e4 Nc6 Nf3 Nf6 Nc3 d5 e5 Ng8 Bb5 Qd7,10,
1244,1608,black,300+0,e3 c5 d3 Nc6 Be2 e6 Nf3 d5 O-O Nf6,10,
2208,1945,draw,30+0,d4 e6 e3 d5 Nf3 Nf6 Be2 Bd6 c4 c6,10,
2018,2023,white,180+0,d4 Nf6 Nf3 g6 g3 Bg7 Bg2 O-O O-O d6,10,
1749,1722,white,120+9,d4 d5 Bg5 h6 Bh4 g5 Bg3 Bg7 c3 Nc6,10,
1690,1505,white,120+0,g3 d5 Bg2 e5 d3 Be7 Nf3 Bf6 O-O Ne7,10,82.32
1516,1475,white,30+0,c3 e5 d4 Bd6 dxe5 Bxe5 Nf3 Qf6 e4 Nh6,10,9194.18
1542,1695,black,180+0,e4 e5 Nf3 Nc6 d4 Bd6 dxe5 Nxe5 Be2 Nf6,10,
1941,1681,white,45+3,e4 c5 Nf3 Nc6 Nc3 Nf6 d3 e6 Be3 d6,10,
1627,1549,white,600+0,e4 d5 e5 d4 f4 Nc6 a3 Qd5 Qe2 Bf5,10,
1974,1467,white,30+0,g3 g6 Bg2 Bg7 Nf3 f6 O-O e5 d3 d6,10,
1543,1747,white,180+2,e4 e5 Nf3 f5 Nxe5 Nf6 exf5 d5 d4 Bxf5,10,872.93
1772,1721,black,120+0,d4 g6 c4 Bg7 Nc3 d6 e4 c6 f4 e6,10,
2074,1946,white,30+0,d4 d5 c4 e6 c5 c6 Nc3 b6 b4 bxc5,10,
1409,1441,black,300+5,e4 e5 Nf3 Nc6 Bc4 h6 d4 exd4 Nxd4 Nge7,10,
1689,1660,white,300+0,d4 d5 Nc3 e6 Bf4 Bb4 a3 Ba5 e3 Nf6,10,
1530,1568,white,300+0,e4 e6 d4 h6 Nf3 d5 exd5 exd5 Qe2+ Be7,10,
1856,1889,black,300+0,c4 b6 Nc3 Bb7 Nf3 g6 e3 Bg7 d4 Nf6,10,
1847,1831,black,30+0,d4 d5 Bf4 Nf6 Nf3 e6 e3 Bd6 Bg5 h6,10,8260.23
2046,1919,black,30+0,Nc3 Nf6 d4 e5 e3 exd4 Nf3 dxc3 bxc3 Nc6,10,
1550,1252,white,30+0,e4 e6 Bc4 d6 d4 Nd7 Nf3 Nb6 O-O Nxc4,10,
1769,1614,white,30+0,e4 d6 d4 Nf6 Bd3 g6 f3 Bg7 c3 O-O,10,
2408,1989,white,30+0,d4 e6 Bf4 c5 e3 cxd4 exd4 d5 c3 Bd6,10,
1365,1647,black,300+0,e4 e5 Nf3 Nc6 Bc4 h6 O-O Bc5 a3 a6,10,
1687,2275,black,30+0,e4 g6 d4 Bg7 e5 d6 Nf3 dxe5 Nxe5 Bxe5,10,
1683,1491,black,60+0,e4 e5 f4 exf4 Nf3 Be7 Bc4 Bh4+ Kf1 d6,10,
1755,1720,white,0+2,d4 Nf6 c4 e6 Nf3 c5 d5 Ne4 Nc3 Nxf2,10,1635.25
1482,1560,black,300+3,e4 Nf6 e5 Nd5 c4 Nb6 d4 d6 Nf3 Bg4,10,80.91
1369,1672,black,1800+0,c4 e5 Nc3 Nf6 g3 d5 cxd5 Nxd5 Bg2 Nxc3,10,
1537,1483,white,600+0,e4 e5 Nf3 Nc6 Bb5 a6 Bxc6 dxc6 d3 Bg4,10,
1624,1499,white,120+0,b4 e5 a3 Nc6 e3 h6 Bc4 Nf6 c3 d5,10,
1009,1064,black,60+0,e4 c5 d4 cxd4 Qxd4 Nc6 Qc5 Qa5+ c3 Qxc5,10,2786.37
1746,1955,black,180+0,d4 e6 e3 b6 f4 Bb7 Nf3 d5 Bd3 Nf6,10,
1766,1500,white,300+0,e4 Nf6 e5 c5 exf6 gxf6 Bc4 Bh6 Qh5 Bf8,10,
2072,2003,white,180+0,d4 Nf6 c4 e5 dxe5 Ng4 Nf3 Nc6 Nc3 Ngxe5,10,
1690,1774,black,120+2,c4 e5 Nc3 Nf6 Nf3 d6 d3 c6 g3 Be7,10,
1352,1295,white,300+3,e4 e5 g4 Bc5 Bg2 Nf6 g5 Nxe4 Bxe4 Qxg5,10,17777.46
1073,1071,black,1200+0,d4 d5 Nc3 Nc6 Nxd5 Qxd5 Nf3 Nf6 e3 Ne4,10,
1975,1357,black,120+0,e4 Nc6 d4 d5 exd5 Qxd5 Nf3 Qa5+ Bd2 Qf5,10,1638.14
1772,1451,white,60+0,d4 c6 e4 d5 e5 Bf5 Nc3 e6 g4 Bg6,10,
1453,1295,white,600+0,e4 e5 Nf3 Nc6 d4 f6 dxe5 fxe5 Bb5 Bb4+,10,
1745,1693,white,300+8,e4 e5 Nf3 Nc6 c3 Nf6 d3 d5 exd5 Nxd5,10,
1342,1742,black,180+0,e4 e5 Nf3 d6 d4 exd4 Nxd4 Nc6 c3 Nf6,10,
1676,1701,white,60+0,d4 e6 c4 d5 Nc3 Nf6 e3 Be7 a3 O-O,10,
1843,1717,draw,60+0,e4 c5 d4 d6 dxc5 Qa5+ c3 Qxc5 Be3 Qc7,10,
1533,1600,black,360+2,e4 e5 Nf3 Nf6 Nc3 a6 Nxe5 Bb4 Bd3 O-O,10,
1678,1491,white,60+0,d4 Nf6 Nf3 e6 Bg5 d5 Bxf6 Qxf6 Nc3 c5,10,
2109,1912,white,180+0,d4 d5 c4 Nf6 Nc3 g6 Nf3 Bg7 e3 O-O,10,
1358,1349,white,300+0,d4 e6 e4 Nf6 e5 Ne4 f3 Bb4+ c3 Nc6,10,
1699,1737,black,300+0,e4 e5 Nf3 d6 h3 Nf6 Nc3 Be6 a3 c6,10,
1736,1784,white,300+0,e4 d5 exd5 Qxd5 Nc3 Qd8 d3 Nf6 g3 h6,10,
1222,1508,black,180+2,e4 e5 Nf3 Nc6 d3 Bc5,6,
2018,1922,black,300+0,c4 c5 Nc3 Nc6 Nf3 g6 d4 cxd4 Nxd4 Bg7,10,
1541,1603,white,300+0,e4 e5 f4 exf4 Nf3 g6 Bc4 Bg7 O-O Ne7,10,
1607,1630,black,300+0,e4 c5 Nf3 e6 d4 cxd4 Nxd4 Qb6 Nc3 Bc5,10,
1352,1340,black,0+4,d4 d5 e3 e6 Nf3 c6 Bd3 f6 O-O g6,10,
1594,1341,white,300+8,e4 e5 Nf3 d6 d4 Nd7 d5 Ngf6 Bd3 h6,10,
1141,1323,black,300+0,e4 e5 Nf3 Nc6 Bc4 Bc5 b4 Bxb4 c3 Bc5,10,
2324,2320,draw,60+0,Nf3 Nf6 d4 e6 g3 c5 Bg2 b6 O-O Bb7,10,
1505,1671,black,240+0,e4 d5 exd5 Nf6 Nc3 Nxd5 Nge2 e5 Nxd5 Qxd5,10,
1755,1693,black,180+2,e4 e5 f4 Nc6 Nf3 Bc5 Bc4 h6 Nc3 d6,10,
1993,1759,white,30+0,e4 d5 Nc3 c5 Nxd5 Nf6 Nxf6+ exf6 Bb5+ Nd7,10,
1636,1607,white,180+0,e4 c5 Nf3 d6 g3 Nc6 Bg2 e6 b3 a6,10,
2081,1628,white,30+0,Nf3 b6 Nc3 Bb7 e4 Bxe4 d4 Bxf3 Qxf3 c6,10,
1359,1604,white,120+0,d4 f6 Nf3 d6 Bf4 e6 h4 c5 c3 cxd4,10,
1510,1452,white,60+0,e4 Nh6 d4 g6 Be3 Bg7 Qd2 Ng8 Nf3 f5,10,
1435,1475,white,180+0,c4 c5 Nc3 Nc6 g3 d6 Bg2 Bd7 Nf3 Qc7,10,
1613,1347,white,120+5,d4 b6 e4 Bb7 Bd3 Nf6 Nc3 g6 Nf3 Bg7,10,
2245,2271,white,600+10,e4 c5 Nf3 e6 d4 cxd4 Nxd4 Nf6 Nc3 d6,10,
1587,1811,black,300+0,e4 b6 d3 Bb7 Nc3 e6 Be3 d5 exd5 exd5,10,
1822,1832,black,600+0,e4 Nf6 Nc3 g6 Bc4 e6 d3 d5 Bb5+ c6,10,
2037,1830,white,30+0,e4 f6 d4 g6 f4 Nh6 f5 Nf7 fxg6 hxg6,10,
1662,1583,black,600+0,e4 e5 Nf3 Nc6 d4 exd4 Nxd4 Qe7 Nxc6 Qxe4+,10,
1638,1765,white,180+0,e4 c5 Nc3 d6 Nf3 Nc6 Bc4 e6 d4 cxd4,10,
1763,1813,white,300+3,g3 e5 Bg2 d6 e3 Nc6 Ne2 Nf6 O-O Be7,10,
2059,1849,white,300+0,d4 b6 e4 Bb7 Bd3 g6 h4 h5 Nf3 Bg7,10,
1990,1982,black,30+0,e3 f5 g3 f4 Bg2 fxe3 dxe3 Nf6 Nf3 g6,10,
1638,1712,black,300+0,e4 d6 d4 Nf6 Nc3 g6 Nf3 Bg7 Bf4 O-O,10,
1091,977,white,300+0,e4 e5 a4 b6 Bc4 Nc6 Bxf7+ Kxf7 Qf3+ Ke8,10,
1580,1498,black,600+10,e4 e5 Nf3 Nc6 Bb5 Nf6 O-O Bc5 d3 O-O,10,
1380,1253,white,300+0,d4 d5 c4 Nf6 cxd5 Nxd5 e4 Nf6 Nc3 Nc6,10,
1677,1965,black,300+0,e4 d6 d4 g6 Nf3 Bg7 Be3 Nf6 Bd3 Ng4,10,
1849,2174,white,300+0,e4 e5 Nf3 Nc6 d4 exd4 Bc4 Nf6 e5 d5,10,
1904,1993,black,480+0,e4 b6 d4 Bb7 Nc3 e6 g3 Bb4 Bg2 Nf6,10,
1796,1726,white,60+0,e4 b6 d3 Bb7 Nf3 d6 Be2 Nd7 O-O g6,10,
1286,1515,white,180+2,e4 e5 Nf3 Nc6 Bb5 d6 Bxc6+ bxc6 d3 h6,10,
2023,2026,white,480+0,e4 Nc6 Nf3 e5 Bb5 a6 Ba4 Nf6 O-O Be7,10,
1851,1974,black,600+0,e4 d5 exd5 Nf6 Nc3 Nxd5 d4 Nxc3 bxc3 Bf5,10,
1781,1789,white,600+0,e4 e5 Nf3 d6 d4 Qe7 Bc4 h6 dxe5 dxe5,10,
1757,1790,black,60+0,d4 d5 Nc3 c6 e4 Nf6 Bf4 Bg4 f3 Bh5,10,
1475,1726,black,300+0,e4 c5 Nf3 Nc6 Bc4 e6 c3 Nf6 d4 Nxe4,10,
1726,1800,black,300+0,e4 e5 Nf3 Nc6 c3 Nf6 d3 d6 Be2 Be7,10,
1777,1917,black,60+0,d4 d5 c4 e5 cxd5 Qxd5 e3 exd4 exd4 Nc6,10,
1351,1374,white,60+0,e4 e6 Nf3 d5 exd5 exd5 d4 c6 Nc3 Nf6,10,
1762,1664,white,600+0,d4 e6 Nf3 d5 g3 c5 dxc5 Bxc5 Bg2 Qb6,10,
1960,1916,black,30+0,e4 c5 d3 Nc6 c3 d5 e5 d4 c4 Nxe5,10,
1360,1539,black,600+0,e4 e5 Bc4 a6 d3 b5 Bd5 c6 Bb3 a5,10,
1596,1590,white,60+4,b3 d5 Bb2 Nf6 d3 Nc6 e3 e5 Be2 d4,10,
2269,1626,white,600+0,e4 e5 Nf3 Nc6 Bb5 Bc5 c3 Nf6 d4 exd4,10,51.21
1313,1479,white,300+0,e4 e5 Nf3 Bc5 Nxe5 Qh4 Qf3 Nf6 Nc3 O-O,10,
1996,1476,black,900+5,e4 e5 Nf3 Nc6 Bc4 Nf6 Ng5 d5 exd5 Nxd5,10,50.85
2019,2146,black,60+0,e4 Nc6 Nf3 e5 d4 f5 Nxe5 fxe4 Nxc6 bxc6,10,
1365,1448,white,540+2,e4 e5 Nf3 Nc6 Bb5 f6 O-O a6 Bc4 Nge7,10,2795.56
1192,1500,white,45+3,e4 e5 Nf3 Bc5 Bc4 f6 O-O Ne7 Nc3 Bxf2+,10,13413.54
1628,1479,black,180+2,e4 e5 Nf3 Nc6 Bb5 Nf6 O-O Ng4 h3 h5,10,23238.15
2031,2247,black,300+0,d4 Nf6 c4 g6 Nc3 Bg7 Nf3 d6 Bf4 O-O,10,
1733,1821,white,60+1,d4 b6 c4 Bb7 Nc3 e6 e4 Nf6 f3 Bb4,10,
1401,1577,white,420+0,e4 e5 Nf3 Nc6 Bc4 Nd4 Nxe5 Qg5 Bxf7+ Kd8,10,
1701,1667,white,480+0,e4 d5 exd5 Qxd5 Nc3 Qe6+ Nge2 Nc6 g3 Bd7,10,
1741,1975,black,300+3,d4 Nf6 Bf4 g6 e3 Bg7 c3 O-O Bd3 d6,10,2303.35
2626,1952,white,30+0,e3 d5 d4 e5 dxe5 Nc6 Nf3 Qe7 Qxd5 Be6,10,
1975,1886,black,30+0,e4 d5 d3 dxe4 dxe4 Qxd1+ Kxd1 Nc6 Ke2 Bd7,10,
1032,1253,white,30+0,a3 e5 c3 d6 e3 c5 g3 b6 h3 f5,10,
1351,1486,black,600+0,e4 e6 Nf3 c6 d4 Bb4+ Bd2 Ba5 c3 b5,10,104.42
2005,1653,draw,30+0,d4 Nf6 Bf4 g6 e3 Bg7 Nf3 O-O h3 d6,10,
2119,1917,white,30+0,c4 c5 e3 d6 a3 e5 Nc3 Nc6 Qc2 Be6,10,
1413,1528,black,30+0,e3 c6 f4 d5 Bd3 Nf6 Nf3 Bg4 O-O e6,10,
1681,1705,white,120+0,d4 d5 c4 c5 Nf3 Nf6 e3 Nc6 Nc3 cxd4,10,
1495,1452,white,30+0,Nf3 d6 g3 e6 d3 f6 e4 g6 Bg2 h6,10,
2020,2578,black,30+0,d4 c5 Bf4 cxd4 Qxd4 Nf6 Qd1 Nc6 Bg3 e5,10,
1724,1799,black,420+0,e4 c5 Nf3 Nc6 d4 cxd4 Nxd4 Nxd4 Qxd4 e6,10,
1353,1755,black,120+0,e4 c5 d4 cxd4 Qxd4 Nc6 Qa4 Nf6 Bd3 g6,10,
2015,1954,black,300+0,d4 g6 Nf3 Bg7 Nbd2 d5 Ne5 c5 e3 Bf5,10,
1870,1794,white,120+1,c4 c6 Nc3 g6 d4 Bg7 e4 d6 Nf3 Nd7,10,
1377,1619,black,300+0,a3 e5 e4 Bc5 Nf3 d6 Nc3 c6 d4 exd4,10,
1846,1918,black,180+0,e4 c5 Nf3 e6 d4 cxd4 Nxd4 Nf6 Nc3 Bb4,10,
1650,1650,white,180+0,e3 d5 b3 e5 Bb2 e4 g3 Nf6 Bg2 Bf5,10,
1512,1355,white,180+0,e4 Nf6 e5 Nd5 d4 d6 Nf3 dxe5 dxe5 e6,10,
1241,1272,white,600+0,d4 d5 Nc3 Nf6 Nf3 Nc6 Bg5 e5 dxe5 Nd7,10,
1686,1771,draw,900+0,d4 g6 Nf3 Bg7 Bg5 Nc6 e3 d6 Nbd2 Bg4,10,
1659,1316,white,180+0,e4 e5 Nf3 d6 d4 exd4 Nxd4 Nc6 Nxc6 bxc6,10,
1684,1566,white,600+0,e4 e5 Nf3 d6 Bc4 h6 Nc3 Nf6 d3 c6,10,
1451,1465,black,180+2,d4 Nf6 g3 g6 Bg2 Bg7 Bg5 O-O Nc3 d6,10,
1807,1488,black,600+5,e4 e5 Nf3 Nc6 Bb5 Nge7 Nc3 d6 Bxc6+ Nxc6,10,1712.03
1268,1380,white,600+0,e4 e5 d4 exd4 Qxd4 Nc6 Qd1 Bc5 Nc3 Qf6,10,
1590,1714,white,600+0,e4 e5 Nf3 Nc6 Bc4 Nf6 d3 Na5 Bb3 Nxb3,10,
1633,1731,black,60+0,c4 d5 Nc3 d4 Ne4 e5 g3 Bf5 Bg2 Bxe4,10,13341.22
1872,1669,white,480+9,c4 e5 Nc3 Nf6 e3 c5 a3 Nc6 h3 Be7,10,
2027,1743,white,600+0,d4 d5 c4 c6 Nc3 dxc4 a4 g6 e4 Bg7,10,
1365,1030,white,900+15,e4 e5 Nf3 Nc6 Bb5 Qh4 Nxh4,7,
1822,1795,white,60+0,e4 f5 e5 d5 f4 e6 d4 c5 Nf3 Qb6,10,
1953,2005,black,120+0,e4 c5 Nf3 Nc6 c3 d5 exd5 Qxd5 d4 e5,10,
1184,1142,white,300+0,d4 e6 c4 Nc6 Nc3 Qf6 Nf3 Bb4 Bd2 Bxc3,10,
1413,1547,white,300+0,e4 e5 Nf3 Nc6 Bb5 d6 Bxc6+ bxc6 c3 Bg4,10,
1371,1484,draw,300+0,d4 d5 c4 Bf5 cxd5 Qxd5 Nc3 Qd8 e3 a6,10,
1617,1512,black,600+0,e4 e5 Nf3 Nc6 Bb5 Bc5 Bxc6 dxc6 h3 f5,10,
1913,1885,white,180+0,e4 d5 exd5 c6 dxc6 e5 Nf3 e4 Ne5 Bd6,10,
1748,1860,white,300+0,d4 Nf6 c4 g6 Nc3 d5 Bg5 c6 Bxf6 exf6,10,
1717,1722,black,300+0,e4 d5 exd5 Qxd5 Nc3 Qd8 Nf3 c6 Bc4 e6,10,
1379,1546,black,180+0,e4 c6 Nf3 d5 Nc3 dxe4 Nxe4 Bf5 Bd3 Bg6,10,
1235,1226,white,1500+4,e4 d6 c4 Nf6 h3 Nxe4 d3 Nc5 Be3 e6,10,4206.21
2287,2314,black,60+0,d4 d5 c4 c6 cxd5 cxd5 Nc3 Nf6 Nf3 e6,10,
1686,1586,white,60+0,e4 e5 Nf3 d6 d4 exd4 Nxd4 Nf6 Nc3 Be7,10,
2240,2081,white,180+0,d4 Nf6 c4 e6 Nc3 Bb4 Nf3 O-O Bg5 h6,10,
1575,1549,white,30+0,d3 c5 e4 e6 Be2 a6 Nc3 Nc6 Be3 Nf6,10,
1835,1955,black,600+0,e4 c5 d4 cxd4 c3 d3 Bxd3 a6 Nf3 Nc6,10,
2154,1557,white,30+0,Nf3 b6 c4 g6 d4 Bb7 e3 Bg7 Nc3 e6,10,
1710,1892,black,30+0,d4 c5 c4 cxd4 Qxd4 Nc6 Qd1 Nf6 Nc3 e5,10,
2060,1863,white,30+0,e4 c5 Nf3 Nc6 d4 cxd4 Nxd4 Nf6 Nxc6 bxc6,10,
1929,1822,black,300+0,d4 Nf6 c4 g6 Nc3 d5 cxd5 Nxd5 Nf3 Bg7,10,
1968,1893,white,180+0,d4 d5 Nc3 Nc6 e4 dxe4 d5 Nb8 Be3 Bf5,10,
2612,2608,black,30+0,Nf3 e5 Nxe5 d5 Nf3 Bd6 d4 Nf6 c4 O-O,10,
2037,1999,white,1200+0,f4 d5 e3 Nf6 Nf3 Bg4 h3 Bxf3 Qxf3 c6,10,7938.05
2063,2210,black,30+0,d4 d6 Bf4 Nf6 e3 g6 Nf3 Bg7 h3 O-O,10,
2224,2147,white,30+0,g3 e6 Bg2 d5 e4 Bd6 exd5 exd5 Bxd5 c6,10,
2145,2080,white,30+0,g3 d5 Bg2 Nf6 Nf3 c5 O-O e6 e4 dxe4,10,
1388,1852,black,30+0,e3 d6 Nf3 c6 g3 Bd7 Bg2 e6 O-O Be7,10,
1908,1827,black,60+0,d4 g6 b3 Bg7 Bb2 b6 c4 Bb7 Nf3 e6,10,
1318,1579,black,120+3,c4 e5 a3 d6 Nc3 Be7 e3 Nf6 b4 O-O,10,
2089,2265,black,60+0,g3 e6 Bg2 d5 Nf3 Nf6 O-O Be7 d3 O-O,10,
1665,1767,white,300+0,e4 c5 Nf3 Nc6 d4 cxd4 Nxd4 e5 Nf3 d6,10,
1302,1529,black,300+0,e4 e5 Qh5 Nc6 Bc4 g6 Qf3 Nf6 c3 Bc5,10,
1234,1319,black,300+0,e4 e5 Qh5 d6 Bc4 g6 Qf3 Nf6 Nh3 Nc6,10,
1965,1957,white,180+0,d4 f5 Bg5 Nf6 Bxf6 exf6 e3 d5 Nf3 c6,10,
1313,1402,black,300+1,e4 e5 Nf3 Nc6 Bb5 Nf6 Bxc6 dxc6 Nxe5 Nxe4,10,
1716,1730,black,60+0,e4 e5 d4 Nc6 d5 Nce7 h4 h6 h5 f5,10,
1714,1696,white,180+0,e4 e5 Nf3 Nc6 Nc3 Bb4 d4 d6 Bb5 Bd7,10,6094.34
1853,1922,black,180+0,c4 e6 g3 Bc5 Bg2 Bxf2+ Kxf2 c6 Nf3 Nf6,10,
1897,1836,black,600+0,c4 g6 d4 Bg7 Nc3 Nf6 e4 d6 Bd3 e5,10,
1736,1740,white,600+0,e4 d6 d4 Bd7 Nf3 g6 Bf4 Bg7 Nc3 c6,10,
1875,2104,white,120+0,d4 Nf6 Nf3 c5 e3 cxd4 exd4 d6 c3 g6,10,
1881,1842,white,480+0,e4 e5 Bc4 Nf6 d3 d6 a3 Be7 Nc3 c6,10,
1758,1841,white,1200+0,e4 c5 Nf3 Nc6 Bc4 e6 d3 Be7 Nc3 a6,10,
1391,1345,white,600+0,e4 c6 Nc3 e5 Bc4 d5 Bb3 d4 Nce2 Nf6,10,
1211,1051,white,300+0,b3 c5 Bb2 Nc6 g3 b6 Bg2 Bb7 Bxc6 dxc6,10,
2011,1654,white,180+0,e4 e5 Nf3 Nc6 Bb5 a6 Bxc6 dxc6 Nxe5 Qd4,10,
1321,1183,black,120+1,e4 e5 Nf3 d6 Bc4 c6 O-O Nf6 d3 Be7,10,
1484,1463,black,420+0,e4 e5 Nf3 Nc6 Bb5 d6 Bxc6+ bxc6 O-O Bg4,10,
1772,1834,black,300+0,e4 e5 Nf3 Nc6 Bb5 d6 Bxc6+ bxc6 d4 exd4,10,
1763,1858,white,60+0,d4 e6 c4 d5 Nc3 Nf6 e3 Be7 Nf3 O-O,10,
1581,1705,draw,300+2,e4 e6 Nf3 b6 d4 Bb7 Bd3 Nf6 Bg5 Be7,10,
1236,1116,black,300+3,e4 e5 Nf3 Nc6 Bc4 Bc5 d3 Nf6 Qe2 O-O,10,
1042,950,black,300+0,e4 e5 Nf3 Bc5 c3 Nf6 d4 exd4 cxd4 Bb4+,10,
1767,1745,white,30+0,d3 c6 Bg5 d5 Bf4 Nf6 Bc1 e5 g3 Bd6,10,
1722,1754,white,180+2,d4 d5 e3 c5 dxc5 e5 b4 Nc6 c3 Nf6,10,
1629,1535,black,180+2,e4 e6 d4 d5 Nc3 Nf6 Bg5 Be7 e5 Nfd7,10,
1851,1875,white,180+0,e4 e5 d4 exd4 c3 dxc3 Nxc3 Bb4 f4 Bxc3+,10,
1744,1768,black,180+0,e4 e5 Nf3 d6 d4 exd4 Bc4 Be7 e5 d5,10,
1494,1553,black,180+0,e4 e5 Nf3 Nc6 Nc3 Nf6 Bb5 Bd6 Bxc6 dxc6,10,
1736,1309,white,180+0,e4 e5 Nf3 Bd6 Bc4 a6 a4 c6 c3 b5,10,
1656,1639,white,180+2,d4 c5 d5 d6 e4 f6 Nf3 e5 Bb5+ Bd7,10,
1215,1464,black,180+2,e4 e5 Nf3 Nc6 Bc4 h6 d3 Nf6 Nc3 Bc5,10,
1043,980,black,180+0,e4 c6 d4 b6 Bc4 e6 d5 exd5 exd5 b5,10,
1871,1819,black,180+0,e4 c5 Nf3 d6 Nc3 Nf6 d4 cxd4 Nxd4 a6,10,
1629,1369,white,120+1,e4 e5 Nf3 Nc6 Bb5 Nf6 O-O Bc5 h3 O-O,10,127.6
1852,1799,white,180+2,e4 c5 c3 Nc6 d4 cxd4 cxd4 d5 e5 e6,10,
1844,2100,black,30+0,e4 d5 f4 dxe4 d4 Nf6 Bc4 e6 f5 exf5,10,
1267,1604,black,60+0,d4 Nf6 a3 e6 Nc3 d5 e3 g6 Nge2 Bg7,10,
1185,1294,white,180+3,e4 d5 Nc3 d4 Bb5+ c6 Bc4 dxc3 dxc3 Nf6,10,
1506,1541,white,60+0,Nf3 e6 e4 d5 exd5 exd5 d4 Nc6 Nc3 Nf6,10,
1363,1471,white,300+0,e4 c5 Nf3 Nc6 d4 cxd4 Nxd4 e5 Nf3 f5,10,3094.88
1842,1836,white,30+0,e4 c5 Bc4 e6 Qf3 Nc6 d3 Nf6 Nh3 d5,10,
1338,1455,black,180+2,e4 e5 Nf3 Nc6 c3 Nf6 d4 exd4 cxd4 Nxe4,10,
1890,1753,black,180+2,g4 c6 h3 d5 Bg2 e5 d3 f5 gxf5 Bxf5,10,
1574,1805,black,180+0,d4 g6 c4 Bg7 Nc3 Nf6 Nf3 O-O e4 d6,10,
1864,1862,black,180+0,e4 c5 Nf3 g6 d4 cxd4 Nxd4 Bg7 c3 Nf6,10,
1870,1656,black,1500+0,e4 e5 Nf3 Nc6 Bb5 a6 Bxc6 dxc6 O-O Bg4,10,
2108,2125,black,30+0,d4 e6 c4 c5 d5 Nf6 Nc3 Qc7 Bg5 Bd6,10,
1736,1710,white,180+0,e4 e6 Nf3 d6 d4 Nd7 g3 Ne7 Bg2 h6,10,
1977,2008,black,180+0,e4 e6 d4 d5 Nc3 Bb4 Qg4 Ne7 Qxg7 Rg8,10,
1540,1507,white,60+0,e4 e5 Nf3 d6 Nc3 Bg4 Be2 Nc6 d3 Be7,10,2457.46
1739,1686,white,30+0,e4 c5 Nf3 e6 d4 cxd4 Nxd4 Nf6 Nc3 Bb4,10,
1852,1796,black,180+0,e4 e5 Nf3 f5 exf5 Nf6 d4 exd4 Nxd4 Bc5,10,
2224,1879,black,180+0,d4 d5 Nf3 Nf6 c3 c5 Bg5 Nc6 Bxf6 exf6,10,
1846,1859,white,300+0,e4 e5 Nf3 Nc6 d4 exd4 c3 dxc3 Bc4 c2,10,
1522,1282,draw,600+5,Nf3 Nc6 Nc3 e5 d3 d5 e4 dxe4 Nxe4 Bf5,10,
2018,1932,white,180+1,d4 d5 c4 c6 cxd5 cxd5 Nc3 Nf6 Nf3 Bg4,10,3493.75
1762,1887,black,180+0,d3 d5 g3 Nf6 Bg2 e6 Bg5 Be7 Nd2 c5,10,
2248,2220,white,180+0,d4 d5 Bg5 Bf5 e3 Nd7 Nd2 Ngf6 c4 c6,10,
2151,2019,white,30+0,d4 Nf6 Nc3 g6 e4 d5 exd5 Nxd5 Ne4 Nc3,10,
2005,1899,white,180+2,e4 e5 Nf3 Nc6 Bb5 a6 Ba4 Nf6 d3 d6,10,
1741,1810,white,600+0,e4 e6 Nf3 c6 d4 Nf6 Nc3 Bb4 Bd3 O-O,10,11434.02
2056,1911,white,30+0,e4 c5 d4 Nc6 c3 cxd4 cxd4 d5 e5 e6,10,
1775,1744,white,300+0,Nf3 c5 c4 Nf6 Nc3 d6 d4 cxd4 Nxd4 Nc6,10,
1903,1913,black,30+0,e3 c5 b3 e6 Bb2 Nc6 Nf3 d5 Be2 Bd7,10,
1554,1593,black,30+0,e4 d6 Nf3 e6 d4 Ne7 Bd3 g6 c4 Bg7,10,
1747,2030,black,30+0,e3 d5 h4 e5 Qh5 Nf6 Qxe5+ Be7 g4 Nc6,10,23154.99
1365,1466,black,180+0,e4 e5 d4 exd4 Qxd4 Nc6 Qd2 Nf6 Nc3 Bc5,10,108.91
1527,1246,white,30+0,b3 e6 Bb2 d6 d4 Nd7 e3 Nb6 Nc3 Bd7,10,
1918,1853,white,30+0,e4 d5 e5 c6 d4 f6 c3 fxe5 dxe5 e6,10,
1618,1603,white,600+0,e4 e5 Nf3 d6 Bc4 Qf6 d3 h6 Nc3 c6,10,
1853,1801,black,600+0,e4 c5 d4 cxd4 Qxd4 Nc6 Qd1 d6 c4 Nf6,10,
1542,1649,black,30+0,d4 b6 e3 Bb7 f3 d6 Bd3 Nd7 Nd2 f6,10,
2277,2579,black,30+0,e4 e6 c3 d5 Qc2 dxe4 Qxe4 Nf6 Qc2 Bd7,10,
1659,1899,black,180+1,e4 e5 f4 exf4 Nf3 Be7 Bc4 Bh4+ Kf1 d5,10,
1500,1500,white,1800+0,d4 d5 e3 Nc6 a3 f6 c4 e5 dxe5 Nxe5,10,
1902,1930,white,180+0,e4 e6 d4 d5 exd5 exd5 Bd3 Bd6 Nf3 Ne7,10,
1357,1285,white,300+0,d4 d5 c4 c6 Nc3 b5 c5 e6 b4 Qf6,10,
1540,1569,black,300+3,e4 e5 Nf3 d6 d4 f6 dxe5 fxe5 Nxe5 dxe5,10,
1481,1185,white,300+0,e4 d5 exd5 Qxd5 Nc3 Qd8 Nf3 Nh6 d4 c5,10,
1550,1945,black,600+8,d4 d5 c4 dxc4 e4 e6 Bxc4 Bb4+ Nc3 c5,10,
1636,1583,white,300+0,e4 c5 Bc4 Nc6 a3 e5 Bb3 d6 d3 Nf6,10,
1847,2044,black,300+0,d4 Nf6 c4 e6 Nf3 Bb4+ Nbd2 O-O e3 d5,10,1961.67
1653,1729,black,60+0,e4 d5 exd5 Qxd5 Nc3 Qa5 Nf3 Nf6 Bb5+ c6,10,
1358,1216,white,180+0,e4 e5 Bc4 Nf6 d3 Nc6 Nf3 d5 exd5 Na5,10,
1767,1790,black,300+0,e4 e5 Nf3 Nc6 Bc4 Nf6 Ng5 d5 exd5 Nxd5,10,3905.39
1725,1595,white,180+0,e3 e6 d4 d5 c4 Nf6 Nc3 b6 Nf3 c5,10,
1661,1625,white,300+0,e4 e5 Nf3 Qf6 Nc3 c6 d4 exd4 Nxd4 Bc5,10,
2085,2077,black,60+0,Nf3 d6 g3 e6 Bg2 c6 O-O d5 d4 Be7,10,69.78
2017,2100,white,180+0,d4 e6 Nc3 d5 e4 Nf6 e5 Nfd7 f4 c5,10,
1500,1404,white,120+0,d4 d5 c3 c5 e3 Nc6 dxc5 e5 Nf3 e4,10,
1857,1811,white,60+0,d4 d5 e4 e6 Nc3 dxe4 f3 exf3 Nxf3 Nf6,10,
1601,2074,black,180+2,e4 e6 d4 d5 e5 c5 c3 Nc6 Nf3 cxd4,10,
1420,1771,black,300+0,e4 c5 Nf3 Nc6 Bc4 e6 d3 a6 a3 Nge7,10,
1764,1474,white,600+0,d4 e5 c3 exd4 cxd4 Bb4+ Bd2 Bd6 e4 Qh4,10,139.4
1181,1358,white,600+10,e4 e5 Nf3 Nc6 Bb5 Nf6 O-O Nxe4 Re1 Nf6,10,4871.37
1589,1503,white,300+2,e4 g6 Nf3 Bg7 d4 b6 Bd2 Bb7 Bc3 Bxe4,10,
1553,1592,black,300+0,e4 d5 exd5 Nf6 Nc3 e6 dxe6 Bxe6 Nf3 Nc6,10,
1359,1343,white,300+3,d4 Nf6 c4 d6 Nf3 g6 g3 Bg7 Bg2 O-O,10,
1939,2081,white,30+0,e4 d5 exd5 Qxd5 Nc3 Qd8 Be2 Nf6 Bf3 e6,10,
1577,1511,white,180+2,e4 e5 Nf3 Nc6 d4 exd4 Nxd4 Bc5 Nxc6 bxc6,10,
1626,1805,black,30+0,b3 Nf6 Bb2 g6 Bxf6 Bg7 Bxg7 Rg8 Bb2 e5,10,
1622,1504,white,360+0,e4 d5 e5 c5 f4 e6 Nf3 a6 Be2 Bd7,10,
2411,2083,white,30+0,d4 Nf6 Bf4 g6 e3 Bg7 Be2 O-O c3 d6,10,
1634,1633,white,300+7,e4 c5 c3 d6 Ne2 Nc6 Nf4 Nf6 h3 Nxe4,10,
1954,1997,black,30+0,g3 d5 f4 Nf6 Nh3 c6 Nf2 Bg4 Bg2 Bh5,10,
1988,1992,white,30+0,Nf3 d5 g3 c6 Bg2 Bg4 O-O Bxf3 Bxf3 Nf6,10,
1609,1465,white,300+0,d4 d5 Nf3 Bg4 Bf4 Bxf3 gxf3 e6 e3 a6,10,
2322,2433,white,180+0,e4 c5 Nf3 d6 d3 Nc6 g3 g6 Bg2 Bg7,10,
1736,1541,draw,600+2,e4 e5 f4 exf4 Nf3 b6 d4 d5 e5 Bg4,10,
1754,1607,black,30+0,e4 d6 f4 Nf6 Nf3 g6 Bc4 Bg7 O-O O-O,10,
1466,1975,black,30+0,d4 Nf6 c4 d6 e3 Bg4 Nf3 Bxf3 Qxf3 Nc6,10,
1935,1704,black,30+0,e4 e5 Nf3 Nc6 d4 exd4 Nxd4 Bc5 Nxc6 Qf6,10,
989,1146,black,300+0,e4 e6 Nf3 d5 Bb5+ Bd7 a4 Bxb5 axb5 c6,10,
1939,1969,white,300+0,d4 d5 Nf3 c6 c4 e6 cxd5 cxd5 Bf4 Nc6,10,
1461,1834,white,300+4,e4 c5 Nf3 a6 d4 cxd4 Nxd4 Nf6 e5 Qa5+,10,
1756,1697,black,60+0,e4 e5 Nf3 Nc6 Bc4 Nf6 d3 Bc5 O-O d6,10,
1800,1692,white,300+0,Nf3 d5 c4 dxc4 Na3 e6 Nxc4 c5 b3 Nc6,10,
1602,1675,white,1200+0,Nf3 d5 g3 Nc6 Bg2 e5 d3 Bc5 Nc3 Nf6,10,
1494,1113,white,240+0,d4 d5 e3 c6 Bd3 e6 f4 c5 c3 Nc6,10,
1430,1953,black,30+0,e4 c6 Nf3 d5 Nc3 Nf6 exd5 Nxd5 Nxd5 cxd5,10,280.68
1741,1678,black,180+0,d4 Nf6 c4 g6 Nc3 Bg7 e4 O-O Bd3 d6,10,
1769,1741,black,600+0,e4 e5 f4 exf4 Nf3 d6 Bc4 Bg4 d3 g5,10,
1642,1677,black,300+0,e4 c5 Nf3 Nc6 Nc3 e6 d3 Be7 Be2 d6,10,
1279,1013,black,10800+0,e4 Nf6 Nc3 Nc6 Nf3 e6 d4 Bb4 Bd2 Qe7,10,
2006,1907,white,60+0,e4 c5 Nf3 d6 d4 cxd4 Nxd4 e6 Nc3 Nf6,10,
2208,2163,white,180+0,d4 g6 Nc3 Bg7 e4 c5 Nf3 cxd4 Nxd4 Nc6,10,11146.37
1440,1519,white,300+0,e4 e5 f4 exf4 Nf3 Nc6 Bc4 d6 d4 Bg4,10,
1628,1503,white,300+0,d4 Nf6 c4 d5 Nc3 dxc4 Bg5 Nbd7 e3 b5,10,
1442,1520,white,60+0,Nh3 d5 g3 Nf6 Bg2 e5 d3 Be6 f4 exf4,10,
1550,1776,draw,60+0,d4 f6 Nf3 e6 c4 Kf7 Nc3 c6 e3 d5,10,
1798,1763,white,180+0,d4 Nf6 c4 d5 Nc3 c5 Bf4 Bf5 e3 e6,10,
1244,1301,white,600+0,e4 c5 Nf3 Nc6 d4 d6 d5 Ne5 Nc3 Bg4,10,67.42
1899,1979,black,30+0,e4 c6 f4 d5 Nf3 dxe4 Ne5 Nf6 Nxf7 Kxf7,10,
1500,1785,white,-,e4 e5 Nf3 Nc6 Bc4 Bc5 c3 Nf6 d4 exd4,10,3171.75
1877,1994,black,180+0,e4 d6 Nf3 Nf6 Nc3 g6 Bc4 Bg7 d3 O-O,10,
2059,2049,white,300+5,e4 e5 Nf3 Nc6 Bb5 Nd4 Nxd4 exd4 d3 c6,10,4477.58
1881,1787,white,120+0,c3 Nf6 Qc2 d6 Nf3 Nbd7 d4 e5 e4 exd4,10,
1274,1258,black,900+0,e4 d6 d4 Nf6 Bd3 e5 Be3 Bg4 f3 Bh5,10,
1362,1430,white,60+0,d4 d5 Nc3 c6 Bf4 c5 Bxb8 cxd4 Nxd5 Qxd5,10,
1235,1150,white,120+1,e4 e5 f4 Nc6 f5 Nf6 d3 Nd4 c3 Nb5,10,
1648,1627,white,180+0,e4 e5 Nc3 c6 a3 d6 Nge2 h6 f4 Qh4+,10,
1715,1441,white,600+0,d4 d5 Bf4 Nf6 Nf3 h6 e3 g5 Be5 Bg7,10,
1672,1797,white,600+0,e4 e5 Bc4 c6 Qh5 d5 exd5 cxd5 Qxe5+ Qe7,10,
2153,2198,black,60+0,Nc3 Nf6 f4 d5 Nf3 c5 d3 Bg4 h3 Bxf3,10,9206.11
2035,1600,black,600+0,e4 e5 Bc4 Qf6 Nf3 Nh6 d4 Nc6 Bg5 Qg6,10,
1737,1380,white,600+0,e4 e5 c4 Nf6 Nc3 Bb4 Qb3 Bxc3 Qxc3 Nxe4,10,
1953,1968,black,180+0,e4 Nf6 e5 Nd5 Bc4 Nb6 Bb3 d6 exd6 exd6,10,
1336,1291,black,120+1,d4 Nc6 Bf4 Nf6 e3 e6 h3 Be7 c3 h5,10,
1595,1585,black,300+0,e4 e5 Nf3 Nc6 Nc3 f5 d3 fxe4 dxe4 Nf6,10,
1807,2043,black,300+0,d4 d5 c4 c6 Nf3 Nf6 g3 Bg4 Bg2 e6,10,
1211,1068,white,300+0,g3 e5 Bg2 d6 Nf3 Nc6 d4 Nf6 dxe5 dxe5,10,
1808,2267,white,600+0,e4 c5 c3 Nf6 e5 Nd5 d4 cxd4 Bc4 e6,10,31.58
1895,2049,black,300+0,e4 c5 Nf3 e6 d4 cxd4 Nxd4 a6 Nc3 Qc7,10,
1332,1102,white,360+0,e4 e5 f4 exf4 Nf3 Nf6 Nc3 d6 d4 Be7,10,
1814,1772,white,60+2,e4 e5 Nc3 d6 a3 Nc6 Bc4 Be7 d3 Nf6,10,
1103,1731,black,600+5,a4 e5 c3 Bc5 b4 Bxf2+ Kxf2 d5 a5 Bd7,10,
2031,1898,white,600+0,e4 e6 d4 d6 c4 h6 Nc3 g6 Be3 Bg7,10,1704.15
1801,1691,white,300+0,d4 e6 Nf3 Nf6 Bg5 Be7 e3 h6 Bh4 b6,10,
1494,1500,white,480+0,e4 e5 Bc4 Nf6 Nc3 Bb4 d4 exd4 Qxd4 Qe7,10,
1038,1043,white,300+0,e4 e5 Nf3 Qf6 d4 Bb4+ Bd2 Bd6 dxe5 Bxe5,10,5030.05
1603,1365,white,60+0,d4 h6 e4 h5 f4 h4 e5 h3 g3 g6,10,
1270,1296,white,900+0,d4 e6 e4 d5 f3 Nc6 c3 a6 Na3 Be7,10,
1510,1794,draw,120+0,d4 d5 h3 Nf6 Bg5 Ne4 Bf4 g5 Bd2 Bg7,10,
1434,1503,black,600+0,e4 d6 d4 Nf6 e5 dxe5 dxe5 Qxd1+ Kxd1 Ng4,10,3130.81
1745,1802,white,300+3,e4 Nc6 d4 e6 Nf3 Nf6 Nc3 Bb4 Bd3 O-O,10,
1721,1633,black,120+0,d4 f5 c4 e6 Nf3 Nf6 Bg5 Be7 Nc3 O-O,10,
2160,2009,white,30+0,d4 Nf6 Nf3 e6 Bg5 c5 Bxf6 Qxf6 dxc5 Bxc5,10,
2212,1531,white,600+0,e4 e5 Nf3 Nc6 Bb5 a6 Ba4 Bc5 c3 b5,10,
1204,1499,black,180+2,c4 e5 Nc3 Nf6 e4 Bb4 d3 O-O Bg5 d6,10,
1855,1791,white,600+2,e4 e5 Nf3 Nc6 Bb5 d6 Bxc6+ bxc6 O-O Ne7,10,
1819,1941,white,60+0,e4 c5 c3 d6 d4 cxd4 cxd4 Nf6 Nc3 g6,10,
1634,1464,white,300+0,e4 e5 Nf3 Nc6 Nc3 Nf6 d4 exd4 Nxd4 d6,10,
1775,1673,black,120+2,d4 c5 d5 d6 e4 g6 Nc3 Bg7 Bd3 Nf6,10,
1927,1948,black,30+0,g3 d5 Bg2 c6 c4 e5 cxd5 cxd5 e4 Be6,10,
1750,1765,draw,600+0,Nh3 d5 g3 h6 c4 dxc4 Qa4+ Nc6 Qxc4 a6,10,
2078,2253,white,180+0,e4 c5 Nc3 Nc6 Nf3 e6 d4 cxd4 Nxd4 Nf6,10,
1739,1625,white,60+0,e4 d5 exd5 Qxd5 Nc3 Qa5 d4 Nf6 Be3 Bg4,10,
1824,1777,white,180+2,e4 e5 Bc4 Nc6 d3 Bc5 Nf3 Nf6 Bg5 h6,10,
1383,1405,black,600+0,e4 e5 Qh5 Nc6 Bc4 g6 Qf3 Nf6 c3 d6,10,
1695,1693,draw,120+0,d4 g6 c4 Bg7 Nc3 d6 Bf4 Nf6 e3 Nh5,10,
1663,2066,white,30+0,e4 c5 d4 d6 Nf3 cxd4 Nxd4 Nf6 c4 a6,10,
1888,1897,white,300+0,e4 c5 Nc3 g6 d3 Bg7 Be3 b6 g3 Nc6,10,
2108,2012,white,180+0,b4 e5 Bb2 Bxb4 Bxe5 Nf6 c3 Ba5 e3 O-O,10,1395.74
1952,2070,black,30+0,e4 d6 Nf3 Nf6 d4 g6 Nc3 c5 e5 cxd4,10,
1440,1943,black,30+0,e3 e6 d3 d5 c3 c5 b3 Nc6 a3 Nf6,10,
1650,1612,white,180+0,e4 c5 d4 cxd4 Qxd4 Nc6 Qe3 e6 c3 Qc7,10,
1347,1425,black,600+0,d4 d6 Nf3 Nc6 Bf4 h6 e3 Nf6 Bb5 Ne4,10,
1403,1992,black,30+0,e4 d5 d3 dxe4 dxe4 Qxd1+ Kxd1 Nc6 Ke2 Bg4+,10,
1446,1347,black,300+0,e4 e5 Qh5 Nf6 Qxe5+ Be7 Nc3 O-O Nf3 d6,10,10859.44
1243,1363,white,180+0,e4 e5 f3 Bc5 d3 Bxg1 Rxg1 h6 Rh1 a6,10,
1850,1876,white,180+0,f4 c5 Nf3 d5 g3 Nc6 Bg2 Nf6 O-O h5,10,
1632,1677,white,300+0,c4 c5 Nc3 Nc6 Nf3 d6 d4 cxd4 Nxd4 Nxd4,10,6319.11
2331,2345,black,180+0,e4 c5 Nf3 Nc6 c4 e6 Nc3 Nge7 d3 d5,10,
1857,1824,black,30+0,d4 f6 c4 g6 Nc3 Nh6 e3 Nf7 Nf3 Bg7,10,
1326,1298,black,180+5,e4 Nc6 Bc4 e6 Qf3 g6 Ne2 Bg7 O-O d6,10,
1532,1459,white,180+0,f4 b6 Nf3 Bb7 d3 c6 e4 Na6 Be2 Nc7,10,
1524,1082,white,1200+0,e4 e5 Be2 Nf6 Nf3 Nxe4 Nxe5 Qe7 d4 d6,10,
1536,1505,black,30+0,d4 g6 Nf3 Bg7 Bg5 d6 Nbd2 f6 Bh4 g5,10,6707.37
2627,2154,white,30+0,e4 d5 exd5 c6 dxc6 Nxc6 Nf3 e5 Nc3 e4,10,
1979,1880,black,-,e4 g6 d4 Bg7 Nf3 Nc6 Bc4 e6 d5 exd5,10,
1362,1243,white,60+0,e4 Nf6 d3 Nc6 Nc3 e6 Nf3 d6 Bg5 h6,10,
1514,1554,black,600+5,e4 e5 Nf3 Nc6 Bb5 d6 O-O Bd7 c3 a6,10,
1763,1713,black,60+0,e4 e6 d4 d5 e5 c5 c3 Qb6 a3 Nc6,10,
1903,1972,black,300+0,e4 c5 Nf3 a6 c3 d6 d4 Nd7 Bc4 e6,10,
1830,1901,white,180+0,e4 c5 Nf3 d6 d4 cxd4 Nxd4 e5 Nb5 a6,10,125.42
1527,1563,white,420+0,d4 d5 c4 dxc4 e4 e5 d5 b5 b3 cxb3,10,2002.78
1496,1636,black,300+0,d4 d5 Bf4 Nf6 Nf3 Nbd7 e3 g6 Bd3 Bg7,10,
2324,2277,black,60+0,d4 d5 c4 c6 Nf3 Nf6 Nc3 Bg4 g3 Bxf3,10,
1504,1630,white,300+0,e4 g6 d4 Bg7 c4 c6 Nc3 f6 Nf3 Nh6,10,
1195,1516,black,120+5,e4 e5 f4 d6 Nf3 Nc6 Bc4 Qe7 d3 g6,10,154.84
1539,1586,black,30+0,d4 e6 c4 d5 Nc3 dxc4 e4 Nf6 Bxc4 Bc5,10,
1518,1441,white,180+30,e4 e5 d4 exd4 Qxd4 Nc6 Qd3 Nf6 f4 d6,10,5022.75
1916,1878,white,60+1,d4 c5 Nf3 cxd4 Nxd4 e6 Nc3 a6 e4 Qc7,10,
1423,1478,white,300+0,b3 Nf6 Bb2 e6 Nc3 d5 d4 Nbd7 Qc1 c5,10,
1276,1731,black,900+10,e4 e5 Nf3 Nc6 c3 Nf6 d4 exd4 Bg5 Be7,10,
1657,1228,white,360+5,e4 e5 Nf3 Nc6 d4 exd4 Nxd4 Bb4+ c3 Bc5,10,
1690,1686,black,180+10,e4 e5 Nf3 Nc6 Bc4 Bb4 c3 Ba5 a4 Nf6,10,
1449,1235,black,600+0,e4 e5 Nf3 Nf6 Bc4 Nxe4 O-O g5 Nxe5 Qe7,10,
1060,1387,white,30+0,d3 d6 e4 g6 h3 Bg7 g3 Nf6 Ne2 O-O,10,
1744,1750,white,300+5,e4 e5 Nf3 Nf6 Nc3 Bb4 d3 Nc6 a3 Bxc3+,10,
1168,1183,white,900+0,d4 d5 e3 Nf6 Bd3 e6 c3 Nc6 Nf3 Bd6,10,
2235,2218,white,30+0,g3 d5 Bg2 Nf6 Nf3 g6 O-O Bg7 c4 O-O,10,
1733,1679,black,600+0,e4 d6 d4 Nf6 Nc3 g6 Bd3 Bg7 f4 Bg4,10,
1854,2042,white,30+0,e4 Nf6 Bc4 Nxe4 Qf3 Nf6 d3 d5 Nc3 dxc4,10,
2137,1900,white,30+0,Nf3 d6 d4 e6 Bg5 Bd7 Bxd8 Kxd8 c4 Ke7,10,
1961,2055,black,30+0,f4 c5 e3 e6 d4 d6 c3 cxd4 cxd4 g6,10,
1641,1537,white,120+1,e4 e6 d4 d5 e5 c5 c3 Nc6 Nf3 Qb6,10,
2031,2127,black,300+0,d4 d5 Nf3 Nf6 g3 c6 Bg2 g6 O-O Bg7,10,
1769,1499,black,180+0,e4 c5 Qf3 d6 Bc4 e6 h3 Qf6 Qe2 Nc6,10,
2048,2214,draw,180+0,g3 e5 Bg2 Nc6 c4 f5 Nc3 Nf6 e3 Bb4,10,3091.12
2025,2110,black,600+5,d4 d5 c4 c6 e3 Nf6 Nf3 Bf5 Nbd2 e6,10,
2050,1845,draw,180+0,e4 e6 d4 d5 Nc3 Nf6 Bg5 Be7 e5 Nfd7,10,
1532,1445,draw,420+0,d4 c5 d5 Nf6 c4 Ne4 Nf3 Na6 a3 b5,10,
1320,1444,black,120+0,e4 d5 Nf3 Nf6 exd5 Nxd5 d4 Nc6 c4 Nf6,10,
1740,1856,black,120+0,e4 Nf6 Nc3 d5 e5 d4 exf6 dxc3 fxe7 Bxe7,10,
1508,1401,white,660+8,d4 b6 Bf4 d6 Nf3 c5 dxc5 bxc5 Qd5 Qd7,10,
1827,1707,black,300+0,e4 e6 Nc3 c6 Bc4 d5 exd5 exd5 Bb3 Bf5,10,
1681,1294,white,300+8,e4 d5 exd5 Qxd5 Qf3 Qe5+ Qe3 f6 Qxe5 fxe5,10,
2134,1251,white,480+4,d4 c6 Nf3 d6 Bf4 e5 dxe5 dxe5 Qxd8+ Kxd8,10,
1794,1741,white,300+2,e4 e5 Nf3 d6 Bc4 Bg4 c3 Nc6 h3 Bxf3,10,
1850,1756,white,60+0,e4 e6 d4 d6 Nc3 Be7 Nf3 h6 Bc4 Nf6,10,
2112,1976,white,180+5,Nf3 f5 e4 fxe4 Ng5 Nf6 d3 exd3 Bxd3 e5,10,
1476,1510,white,300+3,Nf3 d6 Nc3 e5 d4 Nc6 dxe5 dxe5 Qxd8+ Kxd8,10,
1851,1897,black,300+5,e4 c6 d4 d5 e5 Bf5 Nc3 e6 Nf3 Bb4,10,
1619,1631,white,180+2,e4 e5 Nf3 Nc6 Bb5 a6 Bxc6 dxc6 d4 exd4,10,
1674,1825,black,180+0,Nc3 Nf6 d4 g6 Bf4 d5 Nf3 Bg7 e4 dxe4,10,
2006,1909,white,180+0,e4 c5 Nf3 a6 d4 cxd4 Nxd4 Nc6 Nc3 e6,10,
1977,1464,black,30+0,f3 e5 e4 c5 Ne2 Nc6 g3 d6 Bg2 Be6,10,1931.47
1625,1623,black,600+0,e4 c5 Bc4 Nc6 Nc3 g6 Nf3 Nf6 d3 Bg7,10,
1935,1968,black,180+0,e4 e5 Nf3 Nc6 Bb5 Nf6 O-O d6 Re1 Bd7,10,
2080,2089,black,180+0,e4 c5 d4 cxd4 c3 dxc3 Nxc3 Nc6 Nf3 d6,10,
1805,2065,draw,60+0,e4 e6 d4 d5 e5 c5 c3 Qb6 Nf3 Nc6,10,
2138,2219,black,180+0,d4 Nf6 Nf3 e6 c3 d5 Bg5 Be7 e3 O-O,10,
1831,2148,black,180+0,e4 e5 Nf3 Nc6 Bc4 Nf6 d3 Be7 Bg5 h6,10,
2003,1957,draw,180+0,d4 g6 c4 Bg7 Nc3 d6 e4 Nf6 f3 O-O,10,
887,1030,black,300+0,e4 e5 d4 exd4 c3 Nc6 Nf3 f6 e5 fxe5,10,11196.26
2145,2090,white,180+2,e4 c5 d4 cxd4 c3 Nf6 e5 Nd5 Qxd4 e6,10,
1680,1724,white,600+0,e4 c5 Nf3 d6 Bc4 e5 O-O h6 Nc3 Nf6,10,
1214,1362,black,600+0,e4 f5 e5 e6 d4 d5 f4 c5 b3 Nc6,10,
1499,1446,white,600+0,e4 e5 Nf3 Nc6 Bc4 Bc5 Nc3 Nf6 O-O h6,10,
1702,2001,black,600+0,e4 g6 Nc3 Bg7 Bc4 e6 Nf3 a6 d4 b5,10,
1078,1268,white,300+3,e4 e5 d4 exd4 Qxd4 Nc6 Qe3 d6 Nc3 Nf6,10,
1151,1133,white,480+0,d3 e5 d4 exd4 Qxd4 Nc6 Qd1 Qh4 g3 Qe4,10,10008.66
1548,1573,black,600+0,e4 c5 Nf3 e6 Bc4 Nc6 d4 cxd4 Nxd4 a6,10,
1342,1567,white,300+3,d4 d5 c4 c6 Nc3 Nf6 Nf3 Bf5 Bf4 e6,10,
1515,1479,black,840+0,b3 e5 g3 d5 e3 Nf6 Bb2 Nc6 Bg2 Be6,10,186.97
1428,1843,black,240+0,d4 d5 c4 dxc4 Nc3 c6 e4 b5 a4 b4,10,
1776,1575,white,30+0,d3 d5 Bg5 Nf6 Bxf6 exf6 c3 Bd6 g3 Bf5,10,
1814,1809,black,180+2,e4 c5 Nf3 Nc6 d4 cxd4 Nxd4 Nf6 Nc3 e6,10,
2379,2270,black,120+0,d4 Nf6 c4 g6 Nf3 Bg7 g3 O-O Bg2 d6,10,
1825,1852,white,30+0,d4 d5 Bf4 e5 Bxe5 Nf6 Bf4 Bd6 Bg5 h6,10,
1763,1787,white,300+0,e4 Nc6 d4 e6 c4 Bb4+ Nc3 Nf6 Bd3 Nxd4,10,
1995,1733,white,300+3,Nf3 d5 d4 Nc6 g3 Bf5 Bg2 Qd7 O-O O-O-O,10,4785.86
1375,1441,white,2100+0,e4 e5 Nf3 Nc6 Nc3 Nf6 Bc4 Bc5 d3 h6,10,
1294,1059,white,660+8,e4 e5 Nf3 Nc6 c3 Nf6 Qc2 Bc5 b4 Bb6,10,6550.53
1719,1669,draw,180+1,d4 c6 h3 d5 Bf4 Bf5 e3 e6 Bd3 Bg6,10,
900,941,white,300+0,e4 d6 Nf3 Nf6 d3 b5 g3 a6 Bg2 Nbd7,10,
1660,1685,white,600+1,e4 e5 Nf3 Nc6 d4 exd4 Nxd4 Nf6 Nc3 Bc5,10,2353.18
1993,1714,white,180+0,d4 d5 c4 e6 Nc3 dxc4 e3 a6 a4 b6,10,
1561,1719,black,180+0,g3 d5 Bg2 e5 e4 d4 Nf3 Nc6 O-O Bg4,10,
1618,1676,white,180+0,c4 Nf6 Nc3 g6 Rb1 Bg7 d3 b6 e4 Bb7,10,
1930,1897,white,180+0,e4 c5 f4 Nc6 Bc4 g6 Bxf7+ Kxf7 Nf3 Bh6,10,
1827,1875,black,180+0,d4 e6 c4 d5 Bf4 c5 e3 Nc6 Nf3 Qb6,10,
1211,1167,black,300+0,e4 c5 Bc4 Nc6 Nf3 Qc7 Ng5 e6 d3 Nf6,10,5317.75
1549,1699,black,300+0,d4 Nf6 c4 e6 g3 Bb4+ Bd2 Be7 Bg2 O-O,10,
1658,1431,white,300+0,e4 c6 Nf3 d5 exd5 cxd5 d4 Nf6 c3 e6,10,7388.3
1871,1463,white,300+0,e4 d5 e5 Be6 f4 Nc6 Nf3 f6 d4 fxe5,10,
1702,1622,white,900+0,d4 d5 c4 dxc4 Nc3 a6 a4 Nc6 e3 Bf5,10,
2048,1893,black,300+0,e4 e6 b3 d5 Bb2 dxe4 Nc3 Nf6 g4 h6,10,
1802,1931,black,300+0,d4 d5 e4 c6 f3 dxe4 fxe4 g6 Nf3 Bg7,10,
2623,2159,white,30+0,b3 Nc6 Bb2 e5 g3 Nf6 Bg2 Bd6 f4 O-O,10,
2104,1928,white,30+0,d4 d5 c4 Bf5 e3 e6 Nc3 Nf6 cxd5 h5,10,
1229,1241,black,30+0,e4 e6 e5 d6 f4 dxe5 d4 exd4 Bd3 Nc6,10,
2135,2598,white,30+0,c4 b5 e3 bxc4 Bxc4 Nf6 Bb3 e6 Nc3 d5,10,
2155,1532,white,30+0,Nf3 b6 c4 Bb7 d4 e6 e3 d5 Be2 Nf6,10,
1843,1743,white,30+0,d4 e6 c4 b5 cxb5 c6 e3 g5 bxc6 Nxc6,10,
1891,1619,white,30+0,e3 b6 b3 Bb7 Bb2 Bxg2 Nf3 Bxh1 Bh3 Bxf3,10,
1811,1839,black,30+0,g3 c6 Bg2 d5 f3 e5 f4 f6 fxe5 fxe5,10,
1925,2097,black,30+0,e4 g6 d3 Bg7 f4 c5 Nf3 Nf6 c3 h5,10,
1898,1783,white,300+0,d4 Nf6 c4 g6 f3 d5 cxd5 Nxd5 e4 Nb6,10,116.76
1804,1838,black,120+0,e4 e6 d4 d5 Nd2 Nf6 e5 Nfd7 Bd3 c5,10,
1950,1985,black,240+2,e4 e6 d4 d5 exd5 exd5 Bd3 c6 Nf3 Bd6,10,
1678,1498,white,240+0,b4 c5 bxc5 Nc6 Bb2 d6 cxd6 exd6 e3 Nf6,10,
1336,1228,black,120+1,e4 e5 d4 exd4 Qxd4 Nc6 Qd1 Nf6 Bc4 Bc5,10,
1896,2175,black,180+0,e4 e5 Nf3 Nc6 d4 exd4 Nxd4 Qf6 Nxc6 dxc6,10,
2011,2034,black,30+0,d4 g6 Bf4 Bg7 e3 Nf6 c3 O-O Nd2 h6,10,13468.87
1286,1490,black,120+0,d4 d5 Nf3 Nf6 Nc3 Bg4 e3 e6 Bd3 Bd6,10,
1565,1554,white,300+5,e4 e5 Nf3 Nf6 Bc4 Nxe4 Nxe5 Qe7 d4 Qb4+,10,
1030,1266,white,300+2,e4 e5 Nf3 Nc6 Bc4 Qf6 d3 g5 Nxg5 h6,10,
1779,1274,white,1200+0,e4 c5 Nf3 Nf6 e5 Nd5 c4 Nc7 d4 b6,10,
1614,1625,white,300+4,d4 e6 e4 d6 c4 Nd7 Nf3 Ne7 Bd3 g6,10,
1755,1947,black,600+0,e4 e5 Nf3 Nc6 Bb5 d6 h3 Bd7 c3 a6,10,
1987,2270,white,30+0,e4 c5 Nf3 e6 d4 cxd4 Nxd4 Nf6 Nb3 Nxe4,10,
2584,2063,white,30+0,d4 d5 Nf3 e6 e3 Nf6 c4 c5 cxd5 exd5,10,
1232,1165,white,300+0,d4 d5 c4 c6 e3 Nf6 f3 e6 Nc3 Bb4,10,
2321,2324,black,60+0,c4 d5 Nc3 dxc4 e4 Nf6 Bxc4 e5 Nf3 Bd6,10,
1707,1638,black,300+0,e4 e5 Nf3 d6 Bc4 Bg4 h3 Bxf3 Qxf3 Qf6,10,
1598,1552,black,300+0,e4 e6 Nf3 c6 Bc4 b5 Bb3 a5 c3 Ba6,10,
1396,1414,white,300+0,d4 d5 c4 Nf6 e3 e6 Nf3 h6 h3 Be7,10,
1835,1815,draw,300+0,e4 e5 Nf3 Nc6 Bc4 d6 Nc3 Nf6 h3 Be7,10,
1560,1597,black,180+3,d4 e6 Bf4 c6 Nf3 c5 e3 Qb6 b3 Nf6,10,
1475,1511,black,600+10,d4 e6 e4 c6 Nc3 Nf6 Nf3 Bb4 Bd2 Bxc3,10,
1448,1447,white,600+0,e4 e5 Nf3 Nf6 Nc3,5,
1500,1378,black,180+3,e3 e5 b4 Bxb4 a3 Bc5 Nh3 d5 Bd3 Bxh3,10,
1335,1194,white,360+0,Nc3 Nf6 Nf3 d5 d4 c5 dxc5 Nc6 e3 e6,10,70.17
1684,1183,white,60+0,d4 d5 Nf3 Nc6 Nc3 Nf6 Bg5 h6 Bxf6 exf6,10,8183.59
2011,2063,white,600+0,e4 c5 Nf3 Nc6 d4 cxd4 Nxd4 Nf6 Nc3 d6,10,
1413,1236,black,600+0,e4 e5 Qh5 Nf6 Qxe5+ Qe7 Qxc7 Na6 Qc3 Qxe4+,10,
1492,1615,white,600+0,e3 d5 Qh5 e5 Qxe5+ Be6 Qc3 a5 Qb3 d4,10,
1556,1500,black,30+0,e4 d6 d4 e5 Nf3 exd4 Nxd4 Nf6 Nc3 Nc6,10,3735.07
1500,1510,white,180+0,d4 c6 e4 d6 d5 Qc7 Nc3 Nf6 dxc6 bxc6,10,
1180,1057,black,600+0,e4 e6 d4 d6 Nf3 Nf6 Nc3 Ng4 Bf4 d5,10,
2020,2026,black,180+2,e4 d5 exd5 Qxd5 Nc3 Qa5 Nf3 Nf6 d4 Bf5,10,
2077,2080,white,180+0,d4 c5 d5 Nf6 Nc3 d6 e4 g6 Be2 Bg7,10,
1655,1574,black,900+15,e4 e5 Nf3 Nc6 Bb5 Nd4 Nxd4 exd4 O-O Qg5,10,
1832,1549,white,180+0,e4 c5 Qf3 a6 c3 e6 Be2 Nc6 d3 Ne5,10,
1762,1824,draw,60+2,d4 e6 c4 b6 Nc3 Bb7 a3 Bb4 axb4 Nc6,10,
1564,1534,white,300+0,e4 c6 Nf3 Nf6 Bc4 e6 Nc3 d5 exd5 exd5,10,
1781,1852,white,600+0,e4 e5 Nf3 d6 Bc4 h6 d4 exd4 Qxd4 Nf6,10,
2212,2155,black,180+2,e4 c5 Nf3 e6 d4 cxd4 Nxd4 a6 Bd3 Qc7,10,
1391,1357,white,180+2,e4 e5 f4 d6 Nf3 Bg4 Bc4 Bxf3 Qxf3 Nf6,10,
2031,1726,white,180+0,e4 d5 exd5 Qxd5 d4 c6 Nc3 Qd8 Nf3 e6,10,
1887,1750,white,180+0,e4 c5 Nc3 d6 d3 g6 Be3 Bg7 Qd2 Nf6,10,
1967,1924,black,120+0,Nf3 g5 c4 g4 Ne5 d6 Nd3 e5 e4 Bg7,10,
1812,1864,white,600+0,b4 e5 Bb2 f6 a3 d5 e4 d4 Bc4 Ne7,10,
1724,1838,black,60+0,e4 g6 Nf3 Bg7 d4 e6 Nc3 Ne7 Be3 c6,10,
1596,1649,black,600+0,e4 e5 Nf3 d6 d4 Bg4 dxe5 Bxf3 gxf3 Be7,10,
971,1290,black,180+0,g3 e5 Bg2 d6 b3 Nf6 Bb2 Nc6 e3 Be6,10,
1288,1363,white,120+1,e4 c5 d4 cxd4 c3 d3 Bxd3 Nc6 Bc4 e6,10,
1863,1757,black,300+0,d4 d5 Bf4 e6 e3 c5 c3 c4 Nd2 Nf6,10,
1101,1141,white,300+3,e4 e5 Nf3 Nc6 Bb5 d6 O-O Bd7 h3 Nf6,10,
1624,1414,black,300+0,e4 e5 Nf3 Bc5 Bc4 a6 d3 b5 Bb3 c6,10,
1580,1741,black,600+0,d4 d5 Nf3 Bg4 Ne5 Nf6 Nxg4 Nxg4 f3 Nf6,10,
1587,1575,black,300+0,e4 c5 Nf3 Nc6 Nc3 g6 Bc4 Bg7 Ng5 e6,10,
1268,1401,black,120+0,Nf3 d5 d4 Nc6 Bf4 Nf6 e3 e6 c4 dxc4,10,
1643,1702,white,600+0,e4 e5 Nf3 Nf6 Nc3 d6 Bc4 Bg4 O-O Be7,10,
1498,1574,white,900+15,e4 e5 Nf3 d6 Bc4 h6 Nc3 Nf6 d3 Nc6,10,
2024,1941,white,180+0,e4 c5 Nf3 Nc6 d4 cxd4 Nxd4 g6 Be3 Bg7,10,
1764,1740,white,60+0,f4 d5 b3 Nc6 Bb2 Nf6 e3 e6 Bb5 Bd6,10,
1899,2127,black,180+0,e4 d5 exd5 Nf6 Nc3 Nxd5 d4 Bf5 Nf3 e6,10,
1544,1521,black,180+0,e4 e5 Bc4 Nc6 d3 d6 f4 exf4 Bxf4 h6,10,
1785,1833,white,60+0,e4 c6 d3 b6 f4 d6 Nf3 Bb7 Be2 Nd7,10,
1484,1664,white,60+0,c4 c5 Nc3 e6 g3 Nf6 Bg2 Nc6 d3 d5,10,
1644,1683,white,600+0,e4 c5 Nf3 Nc6 d4 cxd4 c3 dxc3 Nxc3 Nf6,10,
2057,2136,draw,0+4,e4 Nf6 e5 Nd5 d4 d6 Nf3 g6 c4 Nb6,10,
1839,1875,white,180+0,d4 d5 Bf4 e6 Nd2 c5 e3 cxd4 exd4 Nc6,10,
1982,2629,black,30+0,d4 d5 c4 e6 Nf3 Nf6 Bg5 Be7 Bxf6 Bxf6,10,
1493,1357,white,300+3,e4 e5 f4 exf4 Nf3 Nf6 Nc3 d6 Bc4 Nc6,10,5680.29
1801,1776,black,300+3,e4 g6 Nf3 Bg7 d4 e6 c4 Ne7 Nc3 d5,10,
1365,1385,black,420+0,e4 c5 Nf3 Nc6 Bc4 a6 Ng5 e6 Qf3 Nf6,10,
1794,1787,black,180+0,e4 e5 Nc3 Bc5 Bc4 Qh4 Qf3 Nf6 d3 d6,10,
1695,1947,black,360+0,d4 d5 Bf4 e6 e3 Nf6 Nf3 Bd6 Ne5 O-O,10,
1954,1945,white,30+0,e4 e6 d4 d5 Nd2 dxe4 Nxe4 Nf6 c3 Nxe4,10,
1599,1439,black,30+0,e4 d6 d4 e6 Bd3 c6 Qe2 b6 Nc3 a6,10,
1498,1611,black,60+0,d4 d5 e3 e6 Bd3 Nf6 Nf3 c5 O-O Be7,10,7764.97
1915,1924,black,45+0,e4 c5 f4 Nc6 Nf3 g6 Bc4 Bg7 Bxf7+ Kxf7,10,
1623,1604,white,30+0,e4 c6 f4 d6 d4 Qc7 e5 Bd7 Nf3 dxe5,10,
1999,2153,white,30+0,d3 c5 e4 d5 Nc3 d4 Nd5 Nc6 f4 e6,10,
1350,1125,white,180+2,d4 Nf6 Nf3 g6 c4 d5 cxd5 Nxd5 Nc3 Nxc3,10,
1675,1722,white,30+0,e4 e5 Nf3 Nc6 Bb5 a6 Bxc6 dxc6 Nxe5 Qd4,10,
1938,1568,black,480+0,e4 e5 Nf3 Nc6 d4 exd4 Nxd4 Nxd4 Qxd4 Nf6,10,67.14
1350,1341,white,900+15,d4 d5 Nc3 Nf6 Bf4 Nc6 Nb5 e5 dxe5 Bb4+,10,66.29
1889,1749,white,30+0,e4 e5 f4 exf4 Nf3 g5 Bc4 Bg7 Bxf7+ Kxf7,10,2045.74
1848,1913,black,360+0,e4 e5 f4 exf4 Nf3 g5 Bc4 g4 Bxf7+ Kxf7,10,
1689,1688,white,60+0,d4 e5 Nf3 e4 Nfd2 d5 e3 f5 c4 Be6,10,
1722,1381,black,300+5,e4 e5 Nf3 d6 Bc4 h6 h3 Nf6 d3 d5,10,
1543,1513,white,120+0,e4 c5 d4 cxd4 Qxd4 Nc6 Qa4 e6 Bb5 Nf6,10,
1968,2019,draw,30+0,e3 Nc6 Be2 Nf6 d4 e5 c3 exd4 cxd4 d5,10,
1805,1763,white,60+0,c4 c5 Nc3 Nf6 g3 g6 Bg2 Bh6 e3 O-O,10,
1972,1887,white,60+0,d4 Nf6 Nf3 e6 c4 d5 Nc3 Be7 Bg5 O-O,10,
1382,1628,black,240+0,d3 d5 e4 dxe4 Nc3 f5 Bf4 c6 Qd2 h6,10,
1801,1655,white,300+0,e4 e6 d4 d5 Nd2 Nf6 e5 Nfd7 Bd3 c5,10,
1986,1830,black,600+0,e4 e5 Nf3 d6 c3 Nf6 d3 h6 Be2 g5,10,107.75
1738,1542,white,30+0,e4 e6 f4 d5 exd5 exd5 Nf3 Nf6 d4 Bd6,10,3218.18
1686,1510,white,300+0,e4 c5 Nf3 Nc6 d4 e6 dxc5 Bxc5 Nc3 d6,10,
1607,1263,white,60+0,e4 d5 exd5 Qxd5 Nc3 Qa5 a3 e6 Be2 Nd7,10,68.0
1673,1672,black,360+0,e4 e5 Nf3 Nc6 d4 exd4 Nxd4 d6 Be3 Be7,10,1788.79
1530,1517,black,60+0,d4 d5 c4 Nc6 e3 dxc4 Nf3 e6 Bxc4 Nf6,10,
1910,1807,black,300+0,d4 g6 Nf3 Bg7 e3 Nc6 Nc3 e6 a3 d5,10,
1770,1985,white,60+0,d4 Nf6 c4 e6 a3 c5 d5 exd5 cxd5 d6,10,
1349,1292,white,420+0,e4 c5 Bc4 e6 d3 d5 exd5 exd5 Bb5+ Bd7,10,
1404,1535,white,240+5,d4 c6 Nf3 d5 e3 Bf5 Bd3 Bxd3 Qxd3 e6,10,101.78
1545,1625,white,120+0,c4 e5 Nc3 Nf6 e4 Bd6 d3 O-O Nf3 c6,10,
1500,1500,white,-,e4 e5 d4 exd4 c3 dxc3 Bc4 Qf6 Qe2 Bb4,10,
2204,1812,white,180+1,e4 d6 d4 g6 Nf3 Bg7 Bc4 a6 O-O b5,10,
1958,1978,black,600+0,e4 c5 Nc3 d6 g3 Nc6 Bg2 a6 d3 Qc7,10,
2064,1905,black,180+2,e4 c5 Na3 Nc6 Bb5 g6 c3 Bg7 Nf3 d6,10,
1172,1023,black,900+3,e4 e5 Nf3 Nc6 Bb5 Nf6 Qe2 d5 Qf1 dxe4,10,
1537,1661,black,180+0,e4 c5 d3 Nc6 c3 e6 Nf3 a6 Be2 b6,10,
1430,1416,black,180+0,d4 d5 c4 Nf6 Nc3 Bf5 Nf3 e6 Bg5 Be7,10,
1466,1423,black,180+0,d4 Nf6 Nf3 Nc6 c3 Rg8 Bf4 g6 Bg3 Bg7,10,
1946,1914,white,240+0,e4 d5 exd5 Nf6 d4 Qxd5 Nc3 Qa5 Nf3 Bg4,10,
1726,1726,white,300+5,e4 c5 Bc4 d6 Nf3 Nf6 d3 g6 Nc3 Bg7,10,
1631,1543,white,480+0,e4 e5 Nf3 Nc6 Nc3 Bc5 Bc4 Nf6 Ng5 O-O,10,1486.26
1584,1414,white,300+0,e4 e5 Nf3 Bd6 d4 f6 dxe5 Bxe5 Nxe5 fxe5,10,
1958,1917,white,30+0,e4 d5 d4 dxe4 Nc3 f5 Be3 Nf6 Bc4 f4,10,
2002,2166,black,30+0,d4 d6 c4 Bg4 Nf3 Bxf3 gxf3 Nf6 Nc3 c5,10,79.03
1098,1161,black,300+0,e4 e5 Nc3 Nf6 Bc4 Nc6 d3 Bc5 Nh3 O-O,10,
1906,2081,black,300+5,e4 c5 f4 Nc6 Nf3 d5 exd5 Qxd5 Nc3 Qd8,10,
1816,1780,draw,180+2,d4 d5 Nf3 e6 Bf4 Nf6 c3 Bd6 Bg5 h6,10,
1942,1533,white,30+0,e4 Nc6 d4 e5 d5 Nce7 f4 d6 Nf3 f6,10,
1406,1580,white,300+0,e4 d5 exd5 Qxd5 Nc3 Qd8 d4 e6 Bf4 h6,10,
1258,1221,black,300+0,e4 e5 d4 Nf6 dxe5 Nxe4 Bd3 Bb4+ c3 Qh4,10,
1614,1577,black,900+0,e4 d5 exd5 c6 dxc6 Nxc6 Nf3 Nf6 Bb5 Qc7,10,
2040,2038,black,180+0,e4 e6 d4 d5 exd5 exd5 Bb5+ c6 Bd3 Bd6,10,2953.36
1713,1774,white,300+8,Nf3 d6 d4 e5 dxe5 dxe5 Nxe5,7,
1568,1500,black,300+10,e3 e6 Bd3 d5 b3 Nf6 Ba3 Bxa3 Nxa3 Qd6,10,
1778,1772,white,300+0,c4 c5 g3 Nc6 Bg2 Nf6 Nf3 e6 d4 cxd4,10,
2045,2079,white,30+0,e4 d5 Nf3 dxe4 Ne5 Nf6 Bc4 e6 d4 Nbd7,10,
1678,1825,black,540+0,e4 e5 Nf3 Nc6 Bb5 Nf6 O-O a6 Ba4 b5,10,2270.04
1993,1688,black,30+0,d4 d5 Bf4 c6 e3 Nf6 Nf3 h6 c3 g5,10,
1212,1362,black,600+2,g3 d5 f4 e6 d3 Nc6 c3 Bd7 Bg2 Nf6,10,
1618,1544,draw,300+0,d4 d5 c4 dxc4 e3 c5 Nf3 cxd4 Nxd4 e5,10,
1425,1903,black,30+0,e4 d5 exd5 c6 dxc6 Nxc6 d3 Bd7 Bf4 Nf6,10,
1500,1325,black,600+0,g3 b6 b3 Bb7 e4 Bxe4 f3 Bb7 f4 Bxh1,10,
1338,1288,white,600+0,Nc3 e5 e4 Nf6 d4 c6 d5 Qa5 f4 Nxe4,10,
2006,1657,white,30+0,e4 b6 Nc3 Bb7 Nf3 d6 d4 Nd7 e5 g6,10,
1916,1402,black,30+0,e4 e5 Nf3 f6 Bc4 Be7 d4 Nh6 dxe5 fxe5,10,
1280,1318,white,300+0,e4 e5 Nf3 Nc6 Bb5 a6 Ba4 b5 Bb3 Na5,10,
1882,1947,black,300+0,e4 c5 Nc3 Nc6 Nf3 g6 Bc4 Bg7 O-O e6,10,
1450,1393,black,600+0,e4 e5 d4 Qh4 Nc3 Bb4 Bd2 Bxc3 Bxc3 Qxe4+,10,
2249,2313,white,60+0,d4 c5 c4 cxd4 Nf3 Nc6 Nxd4 Nf6 Nc3 g6,10,
1649,1658,black,600+0,g4 Nc6 Bg2 b6 d4 Bb7 Bxc6 Bxc6 d5 Bb7,10,
1476,1560,white,600+0,d4 Nf6 e3 e6 f4 Be7 Nf3 d6 Bd3 Bd7,10,
1839,1895,black,60+0,b4 b6 Bb2 Bb7 e3 Nf6 Be2 e6 Bf3 Bxf3,10,
1032,972,white,60+0,Nc3 d5 d4 e5 e3 exd4 exd4 Nc6 Nxd5 Qxd5,10,
1700,1836,white,300+0,d4 Nf6 Nf3 e6 g3 d5 Bg2 Bd6 O-O b6,10,
1496,1613,black,180+2,e4 e5 d4 exd4 Qxd4 Nc6 Qa4 Nf6 Nc3 Bb4,10,
1597,1692,draw,240+0,e4 c6 Qf3 e5 Bc4 Nf6 Qb3 d5 exd5 cxd5,10,
1210,1390,black,600+8,e4 e5 d4 d6 dxe5 b6 exd6 Bxd6 Bb5+ c6,10,
1815,1830,draw,300+0,e4 e6 d3 d5 Nd2 Nf6 Qe2 Be7 Ngf3 c5,10,
1747,1710,white,60+0,d4 Nf6 Nc3 e6 e4 c5 e5 Ne4 Nxe4 d5,10,
1751,1723,white,180+0,d4 d5 c4 e5 cxd5 Qxd5 Nf3 Nc6 e3 exd4,10,
2081,1953,black,180+0,d4 c6 c4 d5 Nc3 Nf6 Nf3 Nbd7 Bf4 g6,10,
1827,1923,white,300+0,e4 c5 f4 d6 Nf3 Nf6 Bb5+ Bd7 Bxd7+ Nbxd7,10,
1978,1954,white,300+0,d4 d5 c4 e6 Nf3 h6 Nc3 Nf6 e3 c5,10,
1780,1889,black,120+0,e4 c6 d4 Qc7 Nc3 d6 Nf3 e5 Bc4 Nf6,10,
1875,1958,white,180+0,d4 d5 Bf4 c6 e3 Nd7 Bd3 f6 Qh5+,9,
1772,2021,white,600+0,e4 c5 Nf3 d6 Nc3 a6 d4 Nc6 d5 Na5,10,5402.76
1649,1301,white,720+10,e4 b6 d4 Bb7 Nc3 d5 e5 e6 Bb5+ Bc6,10,
1895,1882,black,600+0,e4 e5 Nf3 Nc6 Bb5 Nge7 O-O a6 Ba4 g6,10,
1505,1453,white,300+0,d4 f5 c4 Nf6 e3 e6 Nf3 Bb4+ Bd2 Bxd2+,10,
1730,1535,white,300+5,e4 e5 Nf3 Nc6 Bc4 Bc5 b4 Bxb4 c3 Bc5,10,169.45
1233,1888,black,300+0,e3 e5 d3 d5 Nf3 Bg4 Nbd2 Bb4 c3 Ba5,10,
1364,1524,black,30+0,e4 c6 Nf3 d5 g3 dxe4 Ng1 Nf6 d3 Bg4,10,
1534,1921,black,300+0,d4 d5 c4 c6 e3 Nf6 Nc3 g6 Qc2 Bg7,10,
1857,2056,white,300+0,e4 d5 exd5 Nf6 d4 Nxd5 c4 Nb6 Nf3 g6,10,
1574,1711,black,300+3,e4 c5 Nf3 d6 Bc4 e6 d3 Nf6 Nc3 Be7,10,2723.77
2062,2006,white,30+0,e4 c5 d4 e6 d5 a6 dxe6 dxe6 Qxd8+ Kxd8,10,
1519,1092,white,30+0,g3 e5 Bg2 d6 Bxb7 Qe7 Bxa8 c6 Bxc6+ Nxc6,10,
1648,1644,white,60+3,e4 c5 Nf3 Nc6 Bb5 Nd4 Nxd4 cxd4 O-O a6,10,
1844,1872,draw,30+0,d3 c5 c4 d6 Nc3 b6 e3 Bb7 d4 Nd7,10,
1318,1565,white,300+0,e4 e5 Nf3 Nc6 Bc4 Bc5 Nc3 a6 a3 Nge7,10,
1958,1761,black,300+0,d4 f6 c4 e6 Nc3 d5 cxd5 exd5 Bf4 c6,10,
1741,1707,white,60+0,b4 d5 Bb2 Nc6 a3 d4 Nf3 Qd5 b5 Qxb5,10,
1373,1420,black,900+0,e4 e5 Nf3 Nc6 Bb5 Qf6 O-O Nd4 Nxd4 exd4,10,
2141,2075,white,60+0,g3 g6 Bg2 Bg7 d3 d6 c3 c6 e3 Nd7,10,
1792,1548,black,180+0,e4 e5 f4 exf4 Nf3 g5 h3 h6 Bc4 f6,10,
1764,1847,black,300+0,e4 e5 Nf3 Bc5 d4 exd4 Nxd4 Nf6 Bg5 O-O,10,
1755,1949,black,300+0,e4 e5 Nf3 Nc6 Bc4 Nf6 Ng5 d5 exd5 Na5,10,
1595,1529,white,30+0,d3 c5 e4 e6 Nc3 a6 Be2 b5 Nf3 b4,10,
1963,1864,white,300+0,e4 e6 d4 d5 Nc3 Bb4 Ne2 dxe4 a3 Ba5,10,
2233,2414,white,30+0,e4 c6 Nc3 d5 d4 Nf6 e5 Ng8 f4 a6,10,
1509,1947,black,45+3,d4 d6 c4 f5 Nc3 Nf6 d5 g6 Bg5 Bg7,10,
1500,1468,white,600+0,e4 e5 Nf3 Nc6 Bc4 Nf6 Ng5 d5 exd5 Nxd5,10,
1823,1830,white,300+5,d4 e6 e3 c5 c3 cxd4 cxd4 Qa5+ Bd2 Bb4,10,
1617,1746,black,60+0,c4 d5 Nc3 d4 Ne4 Bf5 d3 Bxe4 dxe4 e5,10,
1802,1659,white,600+0,e4 e5 Nf3 Nc6 Bc4 a6 a3 b5 Bb3 Qf6,10,
1449,1467,white,600+0,d4 h6 c4 Nf6 Nc3 d5 Nf3 dxc4 e4 e6,10,
1578,1694,white,60+0,e4 d5 exd5 Qxd5 Nc3 Qd6 d3 Nf6 Nf3 c6,10,
1489,1221,white,360+3,b4 e5 a3 d5 Bb2 Bd6 Nc3 Nf6 d3 Bd7,10,
1644,1456,black,180+0,f4 f5 Nf3 Nf6 e3 g6 Bc4 Bg7 c3 e6,10,
1461,1558,black,480+5,d4 h6 c4 Nc6 Nc3 Nf6 e4 e6 Bd3 d5,10,
1824,1715,white,720+5,c4 e5 Nc3 c6 Nf3 Qc7 d3 Bb4 g3 Bxc3+,10,
1569,1781,black,30+0,d4 e5 Nf3 e4 Nfd2 e3 fxe3 Bb4 c3 Bd6,10,4785.25
1899,1855,white,180+0,e4 e5 d4 Nc6 c3 f6 Bb5 d6 d5 a6,10,
1680,1651,white,300+0,e4 c5 Nf3 d6 d4 cxd4 Nxd4 Nf6 Nc3 e6,10,
1820,1797,white,60+0,e4 f5 e5 e6 d4 d5 f4 c5 Nf3 Qb6,10,
1386,1600,black,60+1,e4 c5 d4 Nc6 c3 cxd4 cxd4 d5 Nc3 dxe4,10,
1433,1230,white,300+0,d4 d5 Bf4 Nf6 Nf3 Bg4 Nbd2 Bxf3 Nxf3 Nc6,10,
1175,1082,black,600+0,e3 e5 Qh5 Nc6 Nf3 Bc5 Nxe5 Nxe5 Qxe5+ Qe7,10,
1829,1993,black,720+0,g3 e5 a3 d5 Bg2 Nc6 b4 a6 c3 Bf5,10,
1575,1627,white,300+0,e4 e6 Bc4 d6 d3 a6 a3 b5 Bb3 Bb7,10,
2247,2015,white,30+0,e3 d5 Nf3 c6 Be2 g6 O-O Bg7 c4 Nf6,10,
2573,2585,white,30+0,Nf3 d5 e3 Nf6 d4 c5 c4 cxd4 cxd5 e6,10,
1256,2024,black,30+0,e4 d5 exd5 Nf6 Nc3 Nxd5 Nxd5 Qxd5 Nf3 Qd8,10,
2157,2137,black,30+0,c4 Nf6 e3 g6 a3 Bg7 Nc3 O-O Qc2 d5,10,
1442,1677,black,600+15,e4 g6 Nf3 Bg7 e5 e6 d4 b6 Bg5 Ne7,10,
1895,1953,black,30+0,e3 c5 Be2 Nc6 d3 d6 Bd2 g6 Nf3 Bg7,10,
2065,2000,white,30+0,d4 Nf6 Nf3 g6 Bg5 Bg7 Bxf6 Bxf6 Nbd2 d5,10,
1500,1448,white,300+0,e4 b6 e5 Bb7 d4 e6 Nc3 f6 Nf3 Nc6,10,5326.64
1705,1725,black,600+0,e4 c5 Bc4 e6 Nf3 Nc6 e5 d6 exd6 Qxd6,10,
1576,1483,white,600+0,e4 e5 f4 exf4 Nf3 f5 exf5 Bc5 d4 Bb4+,10,
2121,2012,white,180+0,e4 c5 d4 cxd4 Nf3 d6 c3 Nf6 Bd3 dxc3,10,
1699,1762,white,120+1,d4 e5 d5 d6 e4 c6 c4 Nf6 Nc3 Be7,10,
1424,1415,black,600+0,e4 c5 Bc4 e6 Nc3 d5 exd5 exd5 Nxd5 Be6,10,
1841,1837,black,30+0,e4 c5 Bc4 e6 d4 cxd4 Qxd4 Nc6 Qd1 Nf6,10,
1802,1866,white,60+0,d4 e6 c4 d5 Nc3 Nf6 cxd5 exd5 Bg5 Bb4,10,
2142,2045,black,30+0,d4 h6 e3 g6 Nf3 Nf6 Bd3 Bg7 Qd2 O-O,10,15560.76
1432,1383,white,600+0,e4 d5 e5 Nc6 d4 f6 Nf3 Bg4 Bb5 Bxf3,10,
1725,1689,black,300+3,e4 d6 d4 Nf6 Bd3 g6 Nf3 Bg7 O-O O-O,10,
1587,1569,white,600+0,e4 e5 a3 d5 exd5 Qxd5 Nc3 Qd8 Bc4 Nc6,10,
1987,2185,black,300+0,e4 c5 d4 cxd4 f4 d5 e5 Nc6 Nf3 Bg4,10,
1837,1215,white,30+0,c3 c5 f3 c4 g3 b5 Nh3 d6 Nf2 d5,10,115.72
2206,2103,black,30+0,e4 g6 Nc3 Bg7 d4 c5 dxc5 Nf6 Nf3 h5,10,
1639,1738,black,600+0,e4 e5 Bc4 Nf6 d3 c6 Bb3 Bc5 Bg5 Qb6,10,
1223,1149,white,600+0,e4 c5 Nf3 Nh6 Nc3 e5 Nxe5 d6 Nf3 Bg4,10,
1369,1803,white,300+4,e4 c5 Bc4 e6 d3 Qg5 Bxg5 f6 Be3 Nc6,10,
1545,1358,white,600+15,e4 e5 f4 exf4 Nf3 d6 Bc4 Bg4 O-O Nf6,10,
1910,1892,white,480+0,e4 g6 Nf3 Bg7 Bc4 Nc6 Ng5 Nh6 Nc3 O-O,10,
1994,2069,white,180+0,d4 c6 c4 d6 Nc3 g6 e4 Bg7 Be3 Nd7,10,
1826,1722,white,180+0,f4 e5 fxe5 f6 Nf3 fxe5 e4 Nf6 Nc3 Bb4,10,
2172,1996,white,30+0,d4 Nf6 Bg5 e6 Bxf6 Qxf6 Nf3 c6 e4 d5,10,
1429,1416,white,180+2,c4 e5 d3 f5 Nf3 Nc6 e3 Nf6 a3 Bd6,10,
1802,1805,white,300+0,d4 Nf6 c4 d6 Nc3 g6 Nf3 c5 d5 Bg7,10,
1545,1600,black,180+2,e4 c6 Bc4 d5 exd5 cxd5 Bb3 Nf6 Nf3 Bg4,10,
1496,1482,white,360+15,e4 e5 Nf3 Nc6 Nc3 d6 Bc4 Bg4 h3 Bxf3,10,
1368,1257,black,240+2,e4 e5 Nf3 Nc6 Bb5 d6 c3 a6 Ba4 b5,10,105.72
1553,1653,black,180+0,h4 e5 Nf3 d6 e4 Bg4 Bc4 h6 c3 Bh5,10,
1769,1649,white,300+8,e4 e6 d4 c5 Be3 cxd4 Bxd4 d5 exd5 exd5,10,
1613,1800,black,30+0,b3 Nf6 Bb2 g6 Bxf6 exf6 g3 Bg7 c3 f5,10,
1715,1738,black,300+0,d4 Nf6 e3 d5 b3 Nc6 Bb2 Bg4 Be2 Bf5,10,
1644,1689,black,180+0,e4 e5 f4 exf4 Nf3 g5 Bc4 Bg7 h4 h6,10,
1792,2186,white,180+0,d4 c6 e3 d5 f4 Nf6 Nf3 Bg4 Bd3 Nbd7,10,
1851,1896,black,30+0,e4 d6 f4 g6 e5 Bg7 d4 dxe5 fxe5 e6,10,
1944,1981,black,30+0,Nf3 Nf6 g3 c6 Bg2 d5 d4 Bg4 c3 Bxf3,10,
1696,1690,black,180+3,e4 c5 Nf3 d6 d4 cxd4 Qxd4 Nc6 Qd1 Bg4,10,
1918,1852,white,30+0,e4 d5 d3 dxe4 f4 c6 dxe4 Qxd1+ Kxd1 e6,10,
1871,2003,black,180+0,e4 e6 Nf3 d5 exd5 exd5 d4 c6 c4 Bd6,10,2548.99
2156,1945,white,30+0,Nf3 f5 c4 g6 d4 Nh6 Nc3 Nf7 Bf4 Bg7,10,
2151,2254,white,180+2,d4 c5 d5 e5 Nc3 d6 e4 Be7 Be2 Bg5,10,
1535,1705,black,30+0,e4 Nf6 e5 Nd5 c4 Nb6 d4 e6 Nf3 c5,10,
1709,1807,white,600+0,b4 e5 Bb2 d6 b5 Nf6 a4 b6 e4 Bb7,10,
1832,1773,white,600+0,e4 e5 f4 exf4 Nf3 d6 Bc4 Be6 Bxe6 fxe6,10,
1395,1193,white,600+0,g3 e5 Bg2 Bd6 b3 Nf6 Bb2 O-O e3 Ng4,10,3206.62
1890,1877,white,600+0,e4 c6 Nf3 d5 e5 Bg4 d4 e6 Be2 Nd7,10,
1531,1629,draw,600+0,e4 e5 Nf3 Qf6 d3 Bc5 Bg5 Qg6 Nc3 f6,10,
1482,1586,white,180+7,d4 d5 c4 c6 Bf4 Bf5 e3 Nf6 Nf3 h6,10,
1725,1501,white,0+5,d4 d5 c4 e6 Nc3 Bb4 Nf3 Bxc3+ bxc3 Qd6,10,
1530,1531,white,30+0,d4 a5 Nf3 a4 Bg5 a3 Nxa3 Rxa3 bxa3 f6,10,2966.41
1645,1682,black,900+0,e4 e5 Bc4 Nf6 Qf3 Bc5 d3 O-O Bg5 d6,10,
2157,2078,black,30+0,d3 d5 c4 dxc4 dxc4 Qxd1+ Kxd1 Nf6 e3 g6,10,123.94
1762,1831,black,300+5,d4 d5 Bf4 Nf6 e3 Bf5 Nf3 e6 Nbd2 Bd6,10,5479.52
1432,1326,white,300+0,d4 e6 Bf4 g5 Be5 f6 Bg3 h5 Qd3 h4,10,
2018,1939,black,900+0,e4 e6 d4 d5 exd5 exd5 Nf3 Bd6 Bd3 Nc6,10,
1989,2092,white,600+0,d4 Nf6 Nf3 e6 e3 c5 c4 cxd4 exd4 d5,10,1108.14
1740,1745,black,60+0,d4 d5 c4 e6 Nc3 c5 e3 Nf6 cxd5 exd5,10,
1167,1164,black,900+0,d4 d5 b3 c5 c4 cxd4 Qxd4 Nc6 Qc5 e6,10,
1733,1760,black,120+0,e4 d5 exd5 Qxd5 Nc3 Qd8 d4 Nf6 Be3 e6,10,
1740,1677,black,600+0,e4 e5 Nf3 Nc6 Bb5 Nge7 d4 exd4 Nxd4 Nxd4,10,
1500,1443,black,900+15,g4 e5 f3 Bc5 Nh3 h6 e3 d5 a4 d4,10,30536.86
1450,1448,black,180+0,d4 Nf6 c4 g6 Nc3 Bg7 e4 O-O Nf3 d6,10,
1727,1567,white,180+0,e4 c5 Nf3 Nc6 d4 cxd4 Nxd4 Nxd4 Qxd4 d6,10,
1661,1689,white,300+0,f4 Nf6 g3 g6 Nf3 Bg7 d3 d5 c3 O-O,10,
1843,1961,black,300+0,c4 c5 e3 e5 Ne2 d5 cxd5 Qxd5 Nbc3 Qd8,10,
1688,1773,black,300+0,e4 e5 Nf3 d6 Bc4 Be7 d4 exd4 c3 dxc3,10,
1755,1865,black,600+0,e4 c5 Nf3 d6 Bc4 Nf6 d3 Nc6 O-O g6,10,
1946,1875,white,180+0,d4 d5 c4 c6 Nc3 dxc4 a4 e5 e3 exd4,10,
1491,1949,black,30+0,c4 d6 d3 Nf6 e4 Bg4 Nf3 Bxf3 Qxf3 Nc6,10,
1908,1967,black,30+0,g3 b6 Bg2 c6 d4 Bb7 d5 d6 dxc6 Bxc6,10,
1625,1683,black,600+0,d4 d5 Nf3 c6 e3 Bg4 c4 e6 cxd5 cxd5,10,
1397,1473,white,300+5,d4 Nf6 Bg5 e6 e4 h6 Bxf6 Qxf6 Bd3 Qxd4,10,
1622,1536,black,300+0,e4 e5 Nf3 Nc6 d4 exd4 Nxd4 Be7 Be3 Nf6,10,
2013,1954,black,60+0,e4 d5 exd5 e6 dxe6 Bxe6 Nc3 c6 Nf3 Nf6,10,
1897,1752,white,300+5,e4 d5 exd5 Nf6 Nc3 Nxd5 Bc4 c6 Qf3 e6,10,
1667,1668,white,180+0,c4 e6 Nc3 d6 g3 b6 Bg2 c6 d3 Bb7,10,
1595,1520,black,900+0,e4 Nc6 Nf3 e5 Bc4 Nf6 Ng5 d5 exd5 Nxd5,10,
1387,1488,white,180+5,e4 e5 Nf3 Nc6 g3 Nf6 d3 Bc5 Bg2 d6,10,
2133,2084,draw,60+0,Nf3 g6 e4 Bg7 d4 b6 Bd3 Bb7 O-O d6,10,
1940,2065,black,300+0,e4 Nc6 d4 d5 e5 f6 f4 Nh6 Bd3 Bf5,10,
1309,1328,white,600+0,e4 e5 Nf3 Nc6 Bb5 Nf6 Bxc6 dxc6 Nxe5 Bd6,10,84.0
1461,1740,draw,300+0,e4 e6 Nf3 d6 Nc3 Nd7 Bb5 e5 d3 c6,10,
1844,1873,black,300+0,e4 e5 f4 exf4 Nf3 Nf6 d3 Nh5 Be2 g5,10,
1563,1351,white,600+0,e4 e5 Nf3 Nc6 Bc4 Nf6 d4 d5 Bb3 dxe4,10,78.9
1101,1405,black,300+5,d4 d5 c3 e5 dxe5 Nc6 g3 Bc5 Bg2 Nxe5,10,
1702,1847,white,300+0,e4 d5 exd5 Nf6 Nf3 Bg4 h3 Bxf3 Qxf3 Qxd5,10,
1634,1573,white,300+0,e4 c6 d3 d5 Nc3 d4 Nce2 e5 Ng3 Bb4+,10,
1356,1913,black,30+0,e4 e6 Nc3 d5 d3 c6 Nf3 Bd6 Nd4 Ne7,10,
1528,1497,black,300+0,g3 c5 Bg2 Nf6 e3 d5 Nc3 e5 Qf3 Bg4,10,3465.17
1921,1709,white,30+0,e4 e5 f4 Nc6 Nf3 Bc5 fxe5 d6 d4 Bb6,10,
1261,1412,black,600+2,c3 e5 e3 d5 Qa4+ Bd7 Qb3 c6 Qxb7 Bd6,10,
1583,1752,draw,480+0,e4 Nc6 Nf3 e5 d4 exd4 Nxd4 Nxd4 Qxd4 Nf6,10,
2111,1689,white,30+0,d4 Nf6 c3 g6 e3 d6 Nd2 Bg7 Ngf3 c5,10,
1552,1560,black,300+3,e4 e5 Nf3 Nf6 Bc4 Nxe4 Qe2 Nd6 Qxe5+ Qe7,10,
2625,2629,white,30+0,d4 g6 c4 Bg7 Nc3 d6 e4 Nd7 Nge2 e5,10,
2138,2258,white,180+0,c4 d6 g3 Nc6 Bg2 e5 Nc3 Be6 Nf3 Bxc4,10,
1791,1778,white,120+10,d4 d5 c4 e5 dxe5 d4 Nf3 Nc6 a3 Nge7,10,2498.29
2154,2101,white,180+0,e4 c5 Nf3 e6 Nc3 a6 g3 Qc7 Bg2 g6,10,
1712,1627,white,60+0,f4 c5 d3 a6 Nf3 b5 c3 e6 b3 Bb7,10,
1556,1527,black,240+5,e4 e5 Bc4 Nf6 d3 d5 exd5 Nxd5 Qf3 Be6,10,
1964,1945,white,180+0,d4 d5 Nf3 c6 c4 dxc4 Nc3 b5 e4 Nf6,10,
1652,1653,black,900+15,e4 e5 Nc3 c6 Nf3 Qf6 Be2 h5 O-O h4,10,
1966,1546,white,30+0,e4 g6 Nf3 b6 d3 Bg7 c3 Bb7 g3 e5,10,
1725,1710,white,300+8,Nf3 d5 d4 Bf5 e3 e6 c4 Nf6 Nc3 Bb4,10,
1728,1669,black,300+0,e4 d5 exd5 Qxd5 Nc3 Qa5 d4 c6 Nf3 Bf5,10,
1853,1496,draw,300+2,e4 d5 exd5 Qxd5 Nc3 Qa5 d4 e5 dxe5 Qxe5+,10,
2027,1575,white,600+0,e4 e5 Nf3 Nc6 Bb5 a6 Ba4 Ra7 d4 exd4,10,
2304,2371,white,180+0,Nf3 Nf6 b3 d5 Bb2 c5 g3 Nc6 Bg2 Bg4,10,
1029,1353,black,60+0,e4 e5 Nf3 d6 d3 c6 h3 d5 exd5 cxd5,10,138.83
1617,1374,white,60+0,c4 c5 Nc3 Nc6 g3 d6 Bg2 Bg4 Nf3 Qc7,10,3221.62
1506,1456,white,60+0,e4 Nh6 d4 g6 Nf3 Bg7 Nc3 O-O Be3 d6,10,
1364,1350,black,360+0,e4 e5 c4 Bc5 d3 Nc6 Nf3 h6 h3 Nf6,10,
2168,2399,black,180+2,d4 Nf6 e3 g6 Nd2 Bg7 Bd3 d6 f4 O-O,10,
1568,1571,black,300+0,e4 e5 Nf3 Nc6 Bc4 h6 c3 d6 b4 Be6,10,
1975,1808,white,300+0,d4 d5 Bg5 h6 Bh4 g5 Bg3 Nf6 e3 Bg7,10,
1744,1780,white,300+0,d4 d5 Bf4 Nf6 e3 Bf5 Bd3 Bxd3 Qxd3 Nbd7,10,
1486,1427,white,600+0,e4 e5 Nf3 d6 d4 h6 dxe5 Nc6 exd6 Bxd6,10,
1075,1178,white,600+0,Nf3 e6 Nc3 d5 e4 Nf6 e5 Nfd7 d4 c5,10,
1829,1856,black,300+0,f4 d5 Nf3 Nf6 e3 c5 Be2 Nc6 b3 Bg4,10,
1376,1424,white,600+0,e4 c5 d4 d6 dxc5 e5 cxd6 Bxd6 Nc3 Nf6,10,
1699,1795,black,600+0,e4 c5 Bc4 Nc6 Qg4 e6 Nf3 Nf6 Qg3 Nxe4,10,
1785,1564,white,30+0,g3 d6 Bg2 Bd7 f3 Bc6 e3 d5 d3 d4,10,
1789,1936,white,900+6,e4 c5 Nf3 Nc6 d4 cxd4 Nxd4 Nxd4 Qxd4 d6,10,3726.19
1996,1992,white,120+0,e4 d6 Ne2 Nf6 g3 Nxe4 Bg2 Nf6 O-O c6,10,
1653,1643,black,600+0,e4 e5 Nf3 Nc6 Bb5 a6 Bxc6 dxc6 Nxe5 Qd4,10,
1874,1929,white,180+0,e4 c5 d4 cxd4 c3 dxc3 Nxc3 e6 Nf3 Nc6,10,
1371,1717,black,180+0,e4 d5 d4 dxe4 Nc3 Nf6 f3 exf3 Qxf3 c6,10,
2223,1915,white,180+0,b3 c6 Bb2 d5 Nc3 Bf5 Nf3 e6 g3 Nf6,10,
2007,1950,black,600+0,e4 c5 f4 e5 Bc4 Nc6 Nf3 exf4 d4 cxd4,10,
2158,1469,white,180+0,Nf3 e6 b3 Nf6 Bb2 d5 e3 c5 Be2 Ne4,10,
2231,2217,white,180+0,e4 e6 d4 d5 Nc3 Bb4 e5 Qd7 Qg4 Bf8,10,
1822,1650,black,300+5,d4 e6 e4 d5 exd5 Qxd5 Nf3 Nf6 Nc3 Bb4,10,
2138,2290,white,180+0,e4 c6 d4 d5 e5 Bf5 Nc3 e6 g4 Bg6,10,
1951,1489,white,30+0,Nf3 f6 d4 e5 dxe5 fxe5 Bg5 Be7 Bxe7 Qxe7,10,
1999,2036,white,180+2,d4 d5 c4 e6 Nc3 Nf6 Bg5 Be7 Qc2 a6,10,2928.89
2044,1852,white,180+0,e4 e5 Nf3 d6 d4 exd4 Nxd4 Nf6 Nc3 Be7,10,1764.91
1990,2178,black,30+0,d4 Nf6 c4 d6 Nc3 Bg4 f3 Bc8 e4 e5,10,
1633,1483,white,900+0,e4 e5 Nf3 d6 Bc4 Qf6 d3 h6 Nc3 Be6,10,
1787,1793,white,180+0,d4 d5 e3 c5 f4 Nf6 c3 e6 Nf3 Bd6,10,
1796,1982,black,180+0,e4 e5 Nc3 Nf6 d3 d5 exd5 Nxd5 f4 Nxf4,10,
1624,1544,black,180+0,d4 d5 e3 g6 a3 Bg7 b4 Nf6 Bb2 e6,10,
1638,1633,white,180+0,e4 e5 Nf3 Nc6 Bb5 Nf6 O-O d6 c3 Nxe4,10,
1590,1670,black,300+0,e4 c5 d3 d6 g3 Nf6 Nf3 Nc6 c3 Bg4,10,
2039,1581,white,600+0,e4 e5 Nf3 Nf6 Nc3 Nc6 Bc4 Bc5 O-O O-O,10,
1634,1963,black,30+0,e4 d5 exd5 Qxd5 Nc3 Qd6 Bc4 c6 d4 Nf6,10,
1524,1535,white,180+0,d4 Nf6 c3 g6 Bg5 Bg7 Bxf6 exf6 Nd2 O-O,10,
1592,1749,black,30+0,f4 d5 Nf3 c5 e3 Nc6 Be2 Nf6 O-O g6,10,
1801,1576,white,30+0,e4 e5 f4 d5 Nf3 dxe4 Nxe5 Qe7 Qe2 f6,10,
1757,1349,white,120+0,e4 d5 exd5 Qxd5 d4 e6 c4 Qa5+ Nc3 Bb4,10,
1712,1741,white,30+0,e4 e5 Nf3 d6 Bc4 Nf6 Ng5 Be6 Nxe6 fxe6,10,
2253,1897,white,30+0,g3 d5 Bg2 c5 Nf3 Nc6 O-O e5 d3 e4,10,
1370,1500,white,60+0,e4 b6 Nc3 Bb7 Nf3 Nc6 d3 Ba6 Be2 Nh6,10,
1458,2287,black,30+0,e3 e5 f3 d5 g3 Nc6 h3 Nf6 d3 e4,10,
1747,1824,white,300+0,e4 Nc6 d4 d5 exd5 Qxd5 Nf3 Bg4 c4 Qd8,10,
1865,1774,white,60+0,Nf3 f5 b4 b6 Bb2 Bb7 d4 e6 e3 Bxb4+,10,
1693,1708,black,120+0,d4 e6 c4 d5 Nc3 Nf6 Bg5 Be7 e3 c5,10,
1386,1368,white,600+0,e4 d5 Nc3 d4 Nb5 d3 Bxd3 Qd5 Nf3 Bg4,10,
1769,1507,white,60+0,d4 f5 Nc3 g6 Bh6 Nf6 Bxf8 Rxf8 Nf3 d6,10,
1767,1870,white,180+2,e4 c5 Nf3 d6 d4 cxd4 Nxd4 Nf6 Bd3 e5,10,
1368,1460,black,300+0,e4 e5 d4 exd4 Qxd4 Nc6 Qd3 Nf6 a3 d6,10,
1698,1751,white,60+0,e4 e5 d4 Nc6 dxe5 Nxe5 Nc3 Be7 Bf4 Nc6,10,
2008,1951,white,300+0,b3 e5 Bb2 Bc5 e3 d6 d4 exd4 exd4 Bb6,10,
1454,1296,white,300+0,e3 e5 c4 Nc6 Nc3,5,
2056,1730,white,300+5,b4 e5 Bb2 f6 a3 Nc6 e3 d5 c4 Be6,10,
1571,1448,white,480+0,e4 e5 c4 Qf6 d3 Bc5 Nf3 Nh6 Bg5 Qb6,10,
1405,1415,black,600+8,e4 e5 Nf3 d6 Bc4 Nf6 Nc3 Qe7 Ng5 Be6,10,
2011,1783,white,300+0,e4 e5 Nf3 Nc6 Bc4 Bc5 b4 Bxb4 c3 Be7,10,
1624,1662,black,300+0,e4 c5 Bc4 g6 Nf3 e6 d4 cxd4 Nxd4 Nc6,10,
1566,1672,white,600+0,e4 e5 Nf3 Nc6 Bb5 Nf6 d3 d6 h3 Be7,10,
1384,1291,white,600+0,e4 e5 d4 Bd6 Nf3 Nf6 Nxe5 Bxe5 dxe5 Nxe4,10,
2083,2081,white,60+1,d4 Nf6 g3 c5 Bg2 cxd4 Nf3 Nc6 Nxd4 g6,10,
1386,1593,black,780+0,e4 c5 Qf3 e6 Qe3 b6 c3 Bb7 d4 Nf6,10,
1349,1564,white,600+5,d4 d5 e3 Nc6 Bb5 Bd7 Bxc6 Bxc6 Nc3 f6,10,
1204,1285,black,600+0,d4 d5 Nc3 e6 e4 Bb4 Bd2 Bxc3 Bxc3 dxe4,10,
1771,1298,white,300+0,d4 d5 c4 Nf6 cxd5 Nxd5 e4 Nf6 Bd3 Nc6,10,
1949,1859,white,180+0,e4 e5 Nf3 Nc6 d4 exd4 Nxd4 Nxd4 Qxd4 b6,10,
1367,1543,white,300+8,d3 c5 b3 d6 f3 g6 Bb2 Nf6 Qd2 Bg7,10,6908.61
1520,1604,black,30+0,d4 e6 c4 Be7 Nc3 Nf6 Nf3 e5 Bg5 h6,10,
2018,1775,white,30+0,d3 b6 Bg5 Bb7 Bf4 Nf6 Nf3 e6 Bg3 d5,10,
1570,1702,black,180+0,e4 d5 exd5 Qxd5 Nc3 Qd8 d3 b6 Nf3 Bb7,10,
1411,1397,white,600+0,e4 e5 d4 exd4 Qxd4 Nc6 Qd1 Nf6 Nc3 Bb4,10,
1445,1683,black,900+0,e4 g6 d4 Bg7 Nf3 d5 Nc3 dxe4 Nxe4 Bg4,10,
1576,1621,black,300+0,d4 Nf6 Nc3 g6 Bg5 Bg7 Nf3 O-O e4 d6,10,
1651,1670,white,300+2,e4 c5 f4 Nc6 Nf3 Nf6 d3 e6 c4 b5,10,95.38
