white_elo,black_elo,result,time_control,opening_moves
1756,1684,white,60+0,Nf3 d5 g3 Bg4 Bg2 Bxf3 Bxf3 e6 O-O Bb4
1487,1568,black,60+1,d4 d5 e3 Nf6 c3 Bg4 Qc2 e6 Bd3 Bd6
1144,1912,black,240+0,e4 c5 c4 Nc6 d3 g6 Bd2 Bg7 Bc3 Nf6
1155,1096,black,300+3,Nf3 d5 g3 Nc6 Bg2 Bg4 O-O Bxf3 Bxf3 Nf6
1258,1459,black,300+2,e4 c5 Bc4 e6 h4 Nc6 Nf3 h6 g4 d5
1781,2026,black,120+0,e4 b6 d4 Bb7 Nc3 e6 Nf3 Bb4 e5 Ne7
1245,1621,white,300+2,e4 e5 Nf3 Nc6 Bc4 Nf6 d3 Be7 O-O O-O
1313,1654,black,180+1,d4 d6 c3 g6 Bf4 Bg7 Nf3 Nc6 d5 Nb8
1398,1305,white,660+1,e4 Nf6 e5 Nd5 Bc4 e6 d4 Nc6 a3 Qh4
1080,1270,black,120+0,e4 e5 Bc4 Bc5 Nf3 Qf6 Nc3 c6 d3 h5
1500,1629,black,300+2,e3 e5 Bd3 Nf6 Bc4 d5 Bb5+ c6 Be2 Bd6
1675,1767,black,60+0,e4 a6 Bc4 b5 Bb3 Bb7 a3 Nf6 d3 d5
1537,1568,white,1200+0,e4 g6 Nf3 Bg7 Bc4 d6 d4 Nf6 Nbd2 O-O
1729,1466,white,240+0,d4 d5 Nf3 Nc6 e3 a6 Bd3 h6 O-O Nf6
1459,1398,white,360+15,e4 e5 Nf3 d6 Bc4 f5 g3 fxe4 Nh4 g5
1291,1383,white,240+4,d4 e6 d5 exd5 Qxd5 Nf6 Qe5+ Be7 Bf4 d6
1425,1371,white,120+0,e4 e6 Nf3 Nc6 Nc3 Nf6 d4 Be7 e5 Nd5
1500,1612,white,300+1,e4 e5 Bc4 Nc6 Nf3 h6 a3 Nf6 d3 Be7
1551,1310,white,180+0,e3 d5 d3 Bf5 Qe2 Nf6 f3 e5 g4 Bd7
1538,1595,white,300+0,d3 e5 e3 d6 a3 c5 h3 g6 b3 Bg7
1313,1446,black,120+0,e4 e5 Nf3 d6 Bc4 Be6 c3 Bxc4 d3 Be6
1768,1225,white,300+0,d4 d5 c4 c6 Nc3 Nf6 e3 Ne4 Nf3 b5
1662,1337,black,600+0,e4 e6 d4 d5 Nc3 c5 Nf3 Nc6 Bb5 a6
1731,1617,black,780+0,e4 d5 exd5 Nf6 Nc3 c6 dxc6 Nxc6 Nf3 Bf5
1831,1929,black,60+0,d4 e6 c4 d5 Nc3 Nf6 e3 c6 Nf3 Be7
1691,1711,black,180+0,d4 d5 e3 Nc6 Nf3 Nf6 c4 e6 Nc3 Ne7
1671,1415,white,120+0,e4 e5 Nc3 c6 f4 Qh4+ g3 Qe7 d4 exf4
1578,1765,black,300+8,e4 e5 Nf3 Nc6 Bb5 a6 Bxc6 dxc6 O-O Bd6
1361,1440,black,120+0,e4 e5 Bc4 c6 Nf3 h6 d3 d6 a3 Nf6
1695,1584,black,480+0,e4 e5 Nf3 Nc6 Bb5 Nf6 Bxc6 dxc6 d3 Bc5
1710,1597,black,600+5,e4 e6 d4 d5 e5 Nc6 Nf3 Be7 Bd3 f6
1556,1305,black,180+0,e3 d5 d3 Nf6 Qe2 Bf5 f3 e6 h3 g5
1577,1478,white,60+1,e4 e5 Bc4 d6 Qf3 Nc6 Qxf7#
1363,1277,black,120+0,e4 e5 d4 exd4 c3 dxc3 Nxc3 Bc5 Bc4 Qf6
1712,1823,black,0+1,e4 c6 d3 d5 e5 e6 d4 Ne7 c3 Bd7
1399,1261,white,300+0,e4 e5 Nf3 Nc6 Bc4 a6 d3 b5 Bd5 Nd4
1852,1661,white,600+0,Nf3 d5 d4 Bg4 e3 Nc6 Be2 Nf6 Nbd2 e6
1453,1352,white,120+0,e4 e6 d4 d6 d5 exd5 exd5 Nf6 Qe2+ Be7
1427,1359,black,1800+6,d4 Nf6 c4 e5 e3 exd4 exd4 Be7 Nf3 O-O
1722,1680,white,180+0,e4 e6 Nf3 d5 exd5 Qxd5 Be2 Qd8 O-O Nf6
1411,1690,white,120+0,e4 e5 Nf3 Nc6 Nc3 Nf6 Bb5 Bb4 d3 O-O
1657,1528,black,180+1,d4 c5 d5 Nf6 c4 e6 Bg5 exd5 cxd5 h6
1247,1500,white,300+2,e3 e6 h4 Nc6 Nf3 b5 Ng5 Ne5 Bxb5 Bb7
1500,1465,black,300+2,e4 e5 d3 h6 Be2 Bc5 Nh3 Nc6 O-O d6
1831,1705,black,0+1,d4 e6 c4 c5 Nc3 b6 d5 e5 e4 d6
1519,1435,white,660+6,e4 d6 d4 g6 c4 Bg7 Be3 Nf6 Nc3 c6
1937,1852,white,60+0,d4 c5 c4 cxd4 Qxd4 Nc6 Qd1 e5 Nf3 f5
1515,1591,white,300+1,e4 e6 Bc4 d5 exd5 exd5 Bb3 Nf6 d4 Bd6
1587,1405,white,300+0,e4 e5 Nf3 d6 Bc4 Bg4 Nc3 Nc6 Be2 Bxf3
1942,1817,draw,300+15,e4 e5 Nf3 Nc6 Bc4 Bc5 c3 Nf6 d4 exd4
1566,1433,white,600+0,b3 Nc6 Bb2 Nf6 e3 d6 f4 e5 fxe5 dxe5
1482,1406,black,300+0,e4 e5 f4 d5 Bc4 dxc4 Qf3 exf4 Qxf4 Nc6
1561,1324,black,180+0,g4 d5 g5 h6 d4 Qd6 Nf3 Bg4 Bg2 f6
1615,1428,white,120+0,Nf3 c5 g3 d5 Bg2 e6 O-O Bd6 c4 d4
1719,1816,black,0+1,d4 c6 c4 d5 e3 Nf6 f4 e6 Nf3 Be7
1551,1582,black,300+0,d3 d5 e3 e5 a3 Nc6 h3 h5 b3 a6
1912,1143,white,240+0,e4 e5 f4 exf4 Nf3 f6 Bc4 d6 d4 g5
1734,1719,black,240+0,d4 Nf6 Nf3 e6 e3 c5 Be2 cxd4 exd4 d5
1292,1346,white,120+0,e4 e5 Bc4 Bc5 Qf3 Nf6 h3 Nc6 c3 d5
1418,1581,black,-,e3 e6 Qh5 g6 Qb5 c6 Qd3 Na6 Qd4 c5
1679,1604,white,480+0,e4 e5 Nf3 Nc6 Bb5 a6 Bxc6 dxc6 d3 Bg4
2030,1777,white,120+0,e4 e5 Nf3 Nc6 Bb5 Nge7 O-O g6 Re1 Bg7
1775,1568,black,300+8,b4 e6 Bb2 Nf6 b5 a6 e3 axb5 Bxb5 c6
1824,1711,black,0+1,e4 e6 Nf3 c5 d4 b6 dxc5 bxc5 Be2 d6
1470,1465,white,60+3,g3 e5 Bg2 d5 e3 e4 Ne2 c6 d3 Nf6
1610,1618,black,420+1,e4 e6 f4 Be7 Nf3 a6 d4 b5 a3 Bb7
1725,1810,black,0+1,e4 d5 e5 c5 c3 e6 d4 Nc6 Be3 Bd7
1423,1636,black,120+0,e4 c5 f4 a6 Nf3 Nc6 d3 d6 Nc3 Bg4
1360,1464,white,900+0,e4 e5 Nf3 Nc6 Bc4 Bc5 b4 Bxb4 c3 Bc5
1469,1667,black,300+0,e4 c6 f4 d5 exd5 cxd5 Nf3 Bg4 Be2 Nf6
1350,1649,black,600+0,e4 c5 Nf3 d6 Bc4 e6 d4 cxd4 Nxd4 Nc6
1222,1770,black,300+0,e4 c5 d4 cxd4 Qxd4 Nc6 Qc4 e6 Nf3 a6
1839,1732,draw,180+0,e4 e5 Bd3 Nc6 Nc3 Nf6 Nge2 Bc5 Ng3 O-O
1490,1500,white,600+10,e4 e5 c3 d5 Bd3 d4 c4 Nc6 a3 Nf6
1462,1361,white,240+5,e4 e5 Qh5 Nc6 Bc4 Qf6 c3 Bc5 Nf3 g6
1481,1607,black,900+0,e4 c5 Nf3 d6 Nc3 Nc6 Bc4 Nf6 d3 a6
1671,1995,black,180+0,d4 Nf6 e3 c5 Nf3 d5 c4 cxd4 Qxd4 Nc6
1542,1641,black,180+1,e4 d6 Nf3 g6 h3 Bg7 Bc4 Nf6 d3 O-O
1717,1818,black,0+1,e4 d6 f4 e5 f5 c5 c4 Nc6 d3 Nd4
1537,1355,black,180+0,d3 e5 e3 d5 Qe2 Nc6 f3 Nf6 h3 Bb4+
1592,1721,black,240+0,d4 d5 e3 Nf6 Nc3 e6 Qf3 Bb4 Bd2 Nbd7
1541,1500,black,300+0,d3 e5 e3 d5 a3 c5 b3 Nc6 Bb2 Nf6
1946,1597,white,60+0,d4 Nf6 c4 e6 Nc3 c5 Nf3 cxd4 Nxd4 d5
1464,1544,black,300+0,e4 g5 d4 g4 Be3 Nc6 Bd3 d5 Qxg4 Bxg4
1532,1344,white,300+0,d3 d5 e3 e6 a3 Nc6 h3 d4 e4 e5
1826,1709,black,0+1,e4 e6 Nf3 c5 d4 b6 dxc5 bxc5 Be2 d6
1269,1378,white,300+2,h4 e5 Nf3 Bb4 Ng5 h6 Nxf7 Kxf7 c3 g5
1668,1771,black,300+0,d4 d5 e3 e6 Nf3 c5 c4 cxd4 Qxd4 Nc6
1159,1635,black,300+2,Nf3 Nf6 c3 Nc6 Qa4 d5 Qb3 e5 Nxe5 Nxe5
1593,1378,white,300+0,e4 c5 Nc3 Nc6 Nf3 e6 d4 cxd4 Nxd4 Nxd4
1877,1591,white,660+5,e4 g6 d4 e6 c3 Nc6 Bd3 Bg7 Ne2 Nge7
1654,2035,black,120+0,Nf3 b6 Nc3 Bb7 e4 e6 d4 Bb4 Bd3 Nf6
1307,1443,black,120+0,e4 d6 Bc4 c6 Qf3 e6 d4 d5 exd5 cxd5
1594,1949,black,60+0,e4 e6 d4 d5 Nc3 Nf6 e5 Nfd7 f4 f6
1729,1585,white,240+0,d4 e6 Nf3 d5 e3 c6 Bd3 a6 O-O f5
1519,1696,white,180+0,d3 e5 e3 d5 f3 c5 Qe2 Nc6 g4 Nf6
1417,1449,white,120+0,e4 e5 f4 d6 Nf3 f6 fxe5 dxe5 Nxe5 fxe5
1368,1262,white,300+2,d4 g6 Nf3 Bg7 Nc3 Nf6 e4 d6 e5 dxe5
1324,1646,black,120+0,d4 Nf6 e4 c5 e5 Ne4 f3 Nf2 Qe2 Nxh1
1432,1430,white,120+0,e4 e5 d4 exd4 Qxd4 Nc6 Qd3 Ne5 Qe3 d6
1338,1538,black,300+0,d4 e6 Nc3 d6 Nf3 h6 e4 a6 Bf4 g6
1500,1611,black,600+5,e4 e6 f3 d5 e5 Nc6 f4 Nh6 d4 Nf5
1723,1951,black,0+1,e4 e6 d4 d5 e5 f6 c3 c5 f3 Nc6
1690,1309,white,600+0,c4 e5 Nc3 f6 g4 Nc6 Bg2 Bb4 Nf3 b6
1649,1534,white,180+1,a3 e5 d3 d5 g3 b6 Bg2 Bb7 Nf3 e4
1955,1714,white,300+13,e4 e5 Nf3 Nf6 Nc3 Nc6 Bc4 Bb4 d3 O-O
1475,1492,black,240+5,b4 d5 Bb2 Nf6 Nf3 a6 e3 Nc6 a3 Bg4
1688,1279,white,480+0,e4 e5 Nf3 Qe7 Bc4 c6 d3 b5 Bb3 a5
1714,1961,black,0+1,d3 e6 f4 d5 e4 dxe4 d4 c5 Be3 cxd4
1957,1719,white,0+1,e4 c5 Nf3 d6 c3 b6 d4 e6 e5 d5
1455,1500,black,300+0,e4 e5 f4 exf4 Nf3 g5 Bc4 g4 O-O gxf3
1498,1660,black,180+0,e4 e6 Nf3 d5 exd5 Qxd5 d3 Nf6 Nc3 Qd8
976,1427,black,420+8,c4 d6 Nc3 g6 g4 Bg7 Bh3 Nf6 Qa4+ Bd7
1449,1376,white,900+0,e4 e5 Nf3 Nc6 Bc4 Nf6 Ng5 Qe7 Bxf7+ Kd8
1423,1552,black,300+5,e4 g5 Nc3 g4 Qxg4 d5 Qf3 dxe4 Nxe4 Nc6
1691,1596,white,480+0,e4 e5 Nf3 Nc6 Bb5 a6 Bxc6 dxc6 d3 Qf6
1538,1774,white,600+0,e4 e5 Nf3 Nf6 Nc3 d6 h3 Nc6 Bb5 Bd7
1597,1746,white,300+8,e4 g6 Nc3 Bg7 Nf3 d6 d4 Nd7 h3 Ngf6
1589,1379,white,300+0,d4 e6 g3 d5 Bg2 Nf6 Nf3 Bd6 c3 Bd7
1645,1653,white,540+10,e3 d5 b3 c5 h4 e6 h5 Bd6 Qg4 Qf6
1735,1999,black,180+0,e4 c5 Nf3 Nf6 e5 Nd5 c3 Nb6 d4 e6
1739,1508,white,1200+0,e4 c5 Nf3 a6 Bc4 Qa5 a3 Nc6 O-O Qc7
1499,1456,white,180+10,e4 e5 Nf3 Nc6 Bc4 Nf6 d4 d5 Bxd5 Nxd5
1527,1449,white,660+6,e4 e6 d4 d5 e5 c5 c3 Qb6 Nf3 Nh6
1607,1249,white,540+9,e4 e5 d4 Qf6 dxe5 Qxe5 Nc3 Bc5 Nf3 c6
1475,1135,white,300+2,e4 e5 f4 exf4 Nf3 Bb4 Bc4 c6 c3 Nh6
1656,1320,white,120+0,Nf3 e6 Nc3 d5 d4 Bb4 Bd2 Bxc3 bxc3 b6
1657,1805,black,180+1,a3 d5 d3 e5 g3 Nf6 Bg2 Bf5 Nf3 e4
1620,1493,white,420+3,e4 c6 d4 d6 f4 g6 Nf3 Bg7 Nc3 Bg4
1532,1332,draw,180+0,d3 d5 e3 e5 Qe2 f6 f3 Nc6 h3 Be6
1544,1202,white,300+0,d3 e5 e3 d5 a3 Qe7 h3 d4 e4 f6
1635,1666,black,240+0,e3 e6 d3 d5 g3 Nf6 Bg2 b6 h3 Bb7
1731,1343,white,180+0,e4 Nc6 Nf3 e6 d4 d5 e5 Bb4+ c3 Ba5
1500,1617,white,600+5,e4 e6 d4 d5 Nc3 dxe4 Nxe4 Nf6 Nxf6+ Qxf6
1491,1869,black,180+0,e4 e5 Nf3 Nc6 Bb5 Nf6 Bxc6 dxc6 d3 Bd6
1735,1666,white,180+0,d4 d5 Bf4 Nc6 Nc3 g6 Nb5 e5 dxe5 a6
1502,1744,black,1200+0,e4 e6 d4 d5 e5 c5 f4 Qb6 Nf3 Nc6
1373,1218,white,420+0,e4 d5 exd5 Qxd5 Nc3 Qf5 Bb5+ Bd7 Ba4 Bxa4
1529,1361,white,60+2,e4 e5 Nf3 Nc6 Bc4 Bc5 O-O Nf6 d3 O-O
1628,1599,white,420+1,e4 e5 Nc3 Nc6 Nf3 Bc5 Bb5 Nge7 Nd5 O-O
1831,2090,white,180+0,Nf3 b6 g3 Bb7 Bg2 e6 O-O Nf6 d4 Be7
1388,1447,white,120+1,d4 d5 b3 Nc6 c4 dxc4 bxc4 Nb4 Qa4+ Nc6
2005,1865,black,240+2,d4 Nf6 Nf3 d5 c4 g6 cxd5 Nxd5 Nc3 Nxc3
1736,1341,white,240+0,d4 d5 Nf3 Nc6 e3 e6 Bb5 a6 Bxc6+ bxc6
1599,1782,black,300+0,e4 c5 Nf3 Nc6 c3 d6 d4 cxd4 Nxd4 e5
1271,1496,black,1500+15,Nf3 d5 e3 Nf6 d4 e6 Na3 c5 Bb5+ Bd7
1526,1274,white,180+0,d3 b6 e3 Bb7 Qe2 Nc6 f3 g6 h3 Bg7
1245,1610,black,540+9,e4 e5 Qf3 Nc6 c3 d6 Bc4 Nf6 b3 Bg4
1388,1468,black,360+15,e4 c5 Bc4 e6 d4 cxd4 Qxd4 Nc6 Qe3 b6
1637,1651,draw,180+1,e4 d6 Nf3 g6 d4 Bg7 Nc3 Nf6 Bd3 O-O
1504,1434,black,900+0,e4 e6 Qf3 d5 e5 c5 c3 Qb6 d4 Nh6
1663,1875,white,60+0,d4 Nf6 c4 e6 Nc3 Bb4 Nf3 c5 e3 cxd4
1517,1445,black,180+10,d4 d5 Nf3 Nc6 Nc3 e6 e4 Bb4 a3 Bxc3+
1536,1494,black,120+0,e4 e5 Nf3 Bc5 Bc4 Nf6 Bxf7+ Kxf7 Nxe5+ Kf8
1531,1683,black,180+0,d3 d5 e3 e6 Qe2 Bd6 f3 Qe7 h3 Nf6
1547,1445,black,300+0,d3 d5 e3 Nc6 a3 Nf6 h3 e5 b3 Bd6
1555,1466,white,1200+0,e4 Nc6 Nf3 d6 Bc4 e5 O-O Qf6 Bb5 Bd7
1760,1678,white,60+0,e4 d5 exd5 Nf6 Nc3 Bg4 Be2 Bxe2 Ngxe2 Nxd5
1360,1633,white,420+0,e4 d6 d4 Nc6 Nf3 Bg4 Be2 h5 Nc3 Qc8
1738,1676,white,240+0,d4 e6 Nf3 d5 e3 Nf6 Bd3 b6 O-O Bb7
1403,1245,black,120+1,d4 d6 e4 e5 d5 c6 c4 cxd5 cxd5 Nf6
1149,1530,black,300+8,e4 e5 Qh5 Nc6 Bc4 Qe7 d3 Nf6 Qf5 Nd4
1508,1522,black,120+0,e4 e5 Bc4 Nc6 Nf3 Nd4 Nxe5 Qg5 Bxf7+ Ke7
1615,1378,white,240+0,e3 e5 d3 d5 g3 c6 Bg2 f6 h3 h6
1789,1593,white,300+0,d4 g6 e4 Bg7 Nf3 c5 Be3 cxd4 Bxd4 Bxd4
1836,1786,black,300+6,e4 c5 Nf3 d6 d4 cxd4 Nxd4 a6 Nc3 e5
1656,1738,draw,540+10,e3 e5 b3 Nf6 Bb2 c5 Bxe5 Nc6 Bb2 d5
1435,1376,black,660+11,e4 g6 d4 Bg7 e5 Nc6 Nf3 d6 Bf4 f5
1772,1621,white,120+0,e4 e5 Nf3 d6 d4 exd4 Qxd4 c5 Qc3 Be6
1822,1937,white,300+15,e4 d5 exd5 Qxd5 Nc3 Qa5 Nf3 Nf6 Bc4 e6
1320,1498,white,600+10,e4 e6 d4 Nf6 e5 Nd5 Nc3 Bb4 Bd2 Bxc3
1532,1420,white,300+0,d3 d5 e3 e6 a3 Nc6 h3 Nf6 b3 Bd6
1524,1460,white,180+0,d3 d5 e3 e5 Qe2 Nc6 f3 Nf6 g4 d4
1350,1536,black,660+6,d4 d5 Qd3 Nf6 Nf3 g6 e3 Bf5 Be2 Bxd3
2075,1710,white,0+1,d4 e6 Nf3 c5 g3 b6 Bg2 Bb7 dxc5 bxc5
1559,1423,white,240+0,g4 d5 g5 e5 a3 Qxg5 d4 Qe7 dxe5 Qxe5
1471,1415,black,240+5,e4 b6 Qf3 Bb7 Bc4 e6 d4 Nf6 Nc3 Bb4
1508,1734,white,300+0,d4 d5 c4 c6 c5 e6 Nf3 Be7 Bf4 Nf6
1253,1536,black,300+2,e4 e5 Nf3 Nc6 Bc4 Bc5 d3 Nf6 O-O O-O
1534,1496,black,120+0,e4 e5 Nf3 Bc5 Bc4 Nf6 Bxf7+ Kxf7 Nxe5+ Kf8
970,1720,black,300+8,d3 d5 c3 e5 Nf3 Bd6 d4 e4 Nfd2 Nf6
1571,1729,white,900+0,d4 d5 c4 e5 Nc3 Bb4 Bd2 Bxc3 Bxc3 e4
1707,1591,black,0+1,e3 c5 d4 e6 e4 d5 e5 Nc6 c3 Qc7
1650,1667,draw,180+0,a3 e5 d3 d5 g3 Nf6 Bg2 c6 Nf3 Nbd7
1196,1379,white,420+0,e4 c5 d4 b6 c4 Nc6 d5 Ne5 Nc3 g6
1606,1693,white,0+1,e4 e6 Nf3 c5 d4 b6 d5 d6 c4 e5
1637,1488,white,120+2,e4 e5 Nf3 d6 Bc4 Bg4 d4 Bxf3 Qxf3 Nf6
1145,1587,black,900+8,d4 d5 Bg5 Nc6 e3 f6 Bh4 Qd7 Bb5 a6
1445,1564,black,1200+0,d4 g6 e4 Bg7 f4 d6 Nc3 Nf6 h3 O-O
1385,1666,black,60+0,d4 d5 c4 dxc4 Qa4+ Bd7 Qxc4 Na6 e4 e6
1867,1622,black,600+0,Nf3 Nf6 d4 d5 e3 g6 c4 Bg7 Nc3 O-O
1821,1619,black,300+6,e4 e5 f4 Nc6 Nf3 d6 Bc4 Be7 O-O Bg4
1238,1429,black,900+7,e4 d6 f4 g6 g4 Bg7 g5 Nd7 b4 b6
1966,2079,black,60+0,d4 Nf6 c4 c5 Nc3 cxd4 Qxd4 Nc6 Qd1 e6
1491,1422,white,900+0,e4 Nf6 e5 Ne4 d4 c5 Bd3 f5 Bxe4 fxe4
1679,1621,black,0+1,d3 c5 f4 e6 e4 d5 e5 Nc6 c3 Qc7
1210,1366,black,180+5,g3 c5 Bg2 Nf6 b3 d5 Bb2 e6 h3 Be7
1143,1430,black,240+0,e4 e5 f3 Bc5 b3 Nf6 Bb2 d6 c4 Nc6
1451,1673,black,180+0,e4 c6 Nf3 d5 exd5 cxd5 Bb5+ Nc6 d4 Nf6
1510,1521,black,120+0,e4 e5 Bc4 Nc6 Nf3 Nd4 Nxd4 exd4 c3 d3
1748,1373,black,240+0,d4 d5 Nf3 e6 e3 h6 Bd3 Bd6 O-O Ne7
1602,1881,white,120+2,d4 Nf6 Nf3 d5 Bf4 Bg4 e3 Bxf3 Qxf3 Nbd7
1534,1790,white,180+0,d3 d6 e3 e5 Qe2 Nc6 f3 Nf6 h3 Bd7
1634,1666,white,0+1,e4 e6 Nf3 c5 d4 b6 d5 e5 c4 d6
1624,1531,draw,240+0,e3 e5 d3 d6 g3 Nc6 Bg2 Bd7 h3 f5
1764,1615,black,420+0,e4 d6 Nc3 Nf6 Nf3 Nc6 d4 Bg4 Bb5 a6
1540,1412,white,300+0,d3 e5 e3 d5 a3 Nc6 h3 Nf6 b3 Bd6
1238,1566,black,300+0,d4 d5 Nc3 Qd6 Nf3 f6 e4 dxe4 Nxe4 Qb4+
1587,1796,black,300+0,e4 c5 Bc4 Nc6 Nc3 d6 Nf3 a6 a4 Nf6
1413,1045,white,660+11,e4 e5 Nf3 d6 h3 h6 Nc3 c6 b4 b5
1856,1730,black,300+0,e4 c5 d4 cxd4 c3 dxc3 Nxc3 e6 Nf3 a6
1667,1651,white,180+0,d4 d6 e3 g6 c4 Bg7 Nf3 Nc6 Nc3 e5
1822,1613,black,600+0,Nf3 d5 d4 Nc6 e3 Nf6 c4 e6 Nc3 g6
1240,1455,black,300+2,b4 d5 Bb2 c6 e3 Bf5 c4 Nf6 cxd5 Nxd5
1429,1500,white,300+0,Nf3 Nc6 e3 d5 c4 Nf6 cxd5 Nxd5 Nc3 Nxc3
1958,1651,white,60+0,d4 c6 c4 d5 Nc3 Nf6 cxd5 g6 Nf3 Bg7
1500,1505,white,900+0,e4 e5 Qf3 Nf6 d3 Nc6 c3 d5 exd5 Qxd5
1880,1608,white,600+5,e4 e5 Nf3 Nc6 Bb5 Nf6 O-O Nxe4 d4 exd4
1614,1241,black,540+9,e4 e5 d4 Qf6 dxe5 Qxe5 Nc3 c6 Nf3 Qf6
1532,1498,black,120+0,e4 e5 Nf3 Bc5 Bc4 Nf6 O-O O-O Nc3 c6
1042,1498,black,1200+0,e4 c5 f3 a6 c4 Qa5 a3 Nc6 b4 cxb4
1213,1247,black,300+5,b3 d5 Bb2 Nc6 e3 e5 c4 Bb4 cxd5 Qxd5
1648,1962,black,60+0,e4 e6 Nf3 d5 exd5 exd5 d4 Nf6 c4 c5
1779,1616,white,600+0,Nf3 d5 d4 Nf6 e3 g6 c4 dxc4 Bxc4 Bg7
1803,1582,white,300+0,d4 e6 c4 c5 Nf3 cxd4 Nxd4 Bc5 e3 Nf6
1499,969,draw,1200+0,e4 e5 d4 d5 dxe5 Bb4+ c3 dxe4 Qxd8+ Kxd8
1801,1818,white,300+6,e4 e5 f4 d5 d3 dxe4 Nc3 Qh4+ g3 Qe7
1381,1280,white,0+1,d4 b6 b3 Bb7 Bb2 g6 Nd2 Bg7 c4 e6
1749,1720,black,300+8,e4 e5 Nf3 Nc6 Bc4 Bc5 c3 d6 h3 Be6
1619,1500,black,240+0,e3 d5 d3 Nf6 g3 e5 h3 Bb4+ Nd2 O-O
1464,1644,black,120+2,b4 e6 Bb2 Nf6 a3 d5 Nf3 Bd6 e3 O-O
1398,1500,black,120+1,d4 d5 c4 e6 cxd5 exd5 e3 Nf6 Nf3 Bd6
1505,1666,black,300+2,e4 c5 Nf3 Nc6 Bb5 a6 Bxc6 bxc6 c4 d6
1453,1376,white,240+4,d4 e5 dxe5 Nc6 Nf3 f6 Bf4 g5 Bg3 g4
1416,1380,black,660+11,e4 e5 Nf3 Nc6 c3 g5 h3 d5 Qc2 dxe4
1372,1203,white,180+5,c4 Nf6 Nc3 Ng4 d4 Nxf2 Kxf2 c5 d5 e6
1511,1519,black,120+0,e4 e5 Bc4 Nc6 Nf3 Nd4 Nxe5 Qg5 Nf3 Qxg2
1548,1404,white,300+0,d3 e5 e3 Nc6 a3 Nf6 h3 Bc5 b3 d6
1965,1645,white,60+0,d4 d5 c4 c6 Nc3 Nf6 cxd5 cxd5 Nf3 g6
1390,1271,white,0+1,d4 b6 b3 Bb7 Bb2 g6 Nd2 Bg7 c4 e6
1195,1379,black,180+5,Nf3 c5 Ne5 Nh6 d4 f6 Bxh6 fxe5 Bxg7 Bxg7
1727,1399,white,240+0,d4 d5 Nf3 Bg4 e3 Bxf3 Qxf3 Nc6 Nc3 e6
1576,1809,black,300+0,e4 c5 Bc4 Nc6 Nc3 d6 Nf3 a6 d4 cxd4
1208,1654,white,300+0,Nf3 d5 Nc3 e6 d4 c5 dxc5 Bxc5 Bg5 Nf6
1286,1438,black,300+0,e4 e6 d4 c6 e5 d5 Nc3 c5 Nf3 Nc6
1630,1639,draw,600+6,d4 d5 c4 dxc4 Qa4+ Nc6 Nf3 Bd7 Qxc4 f6
1500,1517,white,600+0,e4 Na6 Qf3 c5 Bc4 b6 Qxf7#
1531,1500,black,120+0,e4 e5 Nf3 Bc5 Bc4 Nf6 Nxe5 O-O d3 d6
1640,1579,draw,180+1,a3 d5 d3 e5 g3 c5 Bg2 Nc6 Nc3 Nf6
1508,1683,black,600+0,e4 e5 Na3 Qf6 b3 Bb4 c3 Bc5 b4 Qxf2#
1587,1500,black,900+15,d4 e5 c4 Nc6 e3 exd4 exd4 d5 Qe2+ Be6
1968,1966,white,60+0,d4 f5 c4 Nf6 Nc3 e6 Nf3 Be7 g3 O-O
1876,1619,white,300+2,e4 e5 Nf3 Nc6 Nc3 d6 d4 Be7 dxe5 dxe5
1715,1500,white,60+0,b4 Nc6 b5 Nb4 c4 a6 a3 Na2 Rxa2 axb5
1631,1391,white,120+1,Nf3 d5 c4 Bg4 cxd5 Bxf3 gxf3 Qxd5 Nc3 Qd8
1658,1678,black,120+2,e4 c6 d4 d5 Nc3 dxe4 Nxe4 Nf6 Nxf6+ gxf6
1555,1397,white,300+0,d3 d5 e3 Nc6 a3 e5 h3 d4 b3 Nf6
1704,1745,white,240+1,d4 Nf6 Nc3 e6 e4 c5 d5 exd5 exd5 d6
1500,1276,black,240+0,e3 d5 d3 e5 g3 Nf6 Bg2 Bg4 Qd2 Nc6
1815,1572,white,300+0,d4 e6 c4 c5 Nf3 cxd4 Nxd4 Nf6 e3 Bc5
1752,1501,white,600+0,e4 e5 Qf3 c6 Bc4 b5 Qxf7#
1572,1815,black,300+0,e4 c5 Nf3 Nc6 Bc4 d6 d4 cxd4 Nxd4 e6
1495,1792,black,600+0,Na3 e5 b3 Qf6 c3 Bc5 b4 Qxf2#
1630,1659,black,720+0,d4 d5 Nc3 Nc6 Nf3 f5 Bf4 e6 Nb5 Bd6
1543,1779,white,120+0,d4 e6 e3 Ne7 Nf3 g6 c4 Bg7 Nc3 O-O
1454,1647,black,240+5,b4 e5 Bb2 d6 Nf3 Nf6 e3 Bg4 c4 e4
1386,1687,black,120+1,d4 Nf6 Bg5 c5 Bxf6 gxf6 d5 d6 e4 Bh6
1354,1500,white,300+0,d4 d5 Nc3 e6 Nf3 c5 dxc5 Bxc5 Bg5 f6
1814,1806,black,300+6,e4 e5 f4 exf4 Nf3 g5 Bc4 g4 O-O gxf3
1303,1353,black,600+0,e4 e5 g3 f6 d4 d6 d5 c6 h4 cxd5
1821,1567,white,300+0,d4 e6 c4 c5 e3 cxd4 exd4 d5 cxd5 Qxd5
1688,1648,white,120+2,e4 c5 Nf3 d6 d4 cxd4 Nxd4 a6 Bc4 e5
1552,1730,white,240+0,e4 e5 Nf3 Nc6 c3 Nf6 d4 exd4 Nxd4 Nxd4
1366,1488,black,900+0,e4 e5 Nf3 d6 h3 Nc6 c3 Nf6 Qa4 Bd7
1578,1500,white,900+0,d4 f5 c4 Nf6 Nc3
1638,1619,white,120+2,a3 e5 d3 d5 g3 d4 Bg2 f6 c3 Bc5
1345,1379,black,600+0,e4 e5 Bc4 Nf6 Qf3 Bc5 c3 d6 h3 O-O
1510,1410,black,900+0,e4 e5 Qf3 Nf6 d3 c6 Be2 d5 exd5 cxd5
1677,1688,white,180+0,d4 b6 e3 Bb7 Nf3 h6 c4 e6 Nc3 Nf6
1390,1321,white,300+0,e4 e5 Nf3 f6 Bc4 Qe7 d4 Nc6 d5 Na5
1305,1444,black,300+0,e4 e6 d4 c6 d5 a6 Nc3 cxd5 exd5 Qb6
1561,1254,white,300+0,d3 e5 e3 d5 a3 c5 h3 Nc6 b3 Be6
1572,1427,white,1200+0,e4 c5 Bc4 Nf6 e5 Ne4 d3 Nxf2 Kxf2 e6
1500,1635,black,720+5,Nf3 d5 d4 c5 dxc5 Nc6 c3 Bg4 Nd4 e5
1907,1723,black,900+15,e4 e6 d4 d5 exd5 exd5 Be3 Nc6 Bd3 Nf6
2063,1832,white,60+0,e4 b6 Nf3 Bb7 Nc3 d6 d4 Nd7 Bg5 e6
1585,1589,draw,900+0,d4 g6 c4 Bg7 Nc3 e6 g3 Nc6 d5 Ne5
1311,1400,black,300+0,d4 d5 Nc3 Nf6 Bg5 Nc6 Nf3 h6 Bf4 Bf5
1675,1688,black,180+0,e4 e6 Bc4 d5 exd5 exd5 Bb3 c5 d3 Nf6
1185,1536,white,240+0,e3 e5 d3 d5 g3 f5 Bg2 Nf6 h3 e4
1404,1821,black,660+11,e4 e5 Nf3 Nc6 c3 d5 Qc2 d4 c4 Bd6
1713,1683,white,240+0,d4 d5 Nf3 Nf6 e3 Bg4 Be2 e6 O-O Bd6
1040,1291,black,360+9,e4 e5 Nf3 d6 c3 c5 d3 Nc6 a3 Nf6
1392,1458,white,360+15,e4 e5 Nc3 Nc6 d3 d6 f4 Bg4 Nf3 Bxf3
1531,1368,white,300+3,g3 e6 Bg2 Nc6 Bxc6 g6 Bg2 Qg5 Nf3 Qf6
1562,1826,black,300+0,e4 c5 Nf3 Nc6 Bc4 d6 d4 cxd4 Nxd4 e5
1434,1211,white,300+0,d4 e6 e4 d5 e5 f6 f4 fxe5 fxe5 Kf7
1638,1630,white,600+6,g4 e5 g5 Qxg5 d4 Qe7 dxe5 Qxe5 Nf3 Qe7
1366,1292,black,600+0,e4 e6 e5 d6 exd6 Bxd6 g3 g5 Bg2 Nf6
1451,1500,black,300+0,Nf3 d5 e3 e6 c4 c5 cxd5 exd5 b3 Nf6
1720,1383,white,60+0,e4 d5 exd5 Qxd5 Nc3 Qe5+ Qe2 Nc6 Qxe5 Nxe5
1406,1273,white,660+1,e4 d5 exd5 Qxd5 Nc3 Qe6+ Nge2 c6 d4 b5
1381,1631,black,300+8,b4 d5 Bb2 Bf5 Nf3 h6 e3 e6 c4 Bxb4
1445,1405,white,360+15,e4 e5 Nf3 d6 Bc4 f5 d3 f4 Nc3 a6
1500,1361,black,240+4,e3 e5 Bc4 Nc6 Qh5 g6 Qg4 Nf6 Qf3 d5
1550,1698,black,180+0,d3 e6 e3 d5 Qe2 c5 f3 Nf6 h3 b6
1801,1817,black,300+6,e4 e5 f4 exf4 Nf3 g5 Ne5 d6 Nxf7 Kxf7
1659,1735,black,540+10,e3 c5 Qh5 d6 Bb5+ Bd7 Qd5 Nc6 Bc4 Be6
1388,1204,white,900+5,e4 e5 d4 Bd6 d5 Nf6 Nc3 c6 Bg5 cxd5
1116,1219,black,600+15,d4 d5 Nf3 Nc6 h4 a5 Ng5 h6 Nf3 f6
1408,1302,white,300+0,e4 d6 Nf3 Nc6 d4 e6 Bb5 Bd7 O-O Nxd4
1543,1705,white,180+0,e3 e6 d3 d5 Qe2 c5 f3 Nf6 h3 Nbd7
1429,1371,black,240+4,e4 e5 Qh5 Qf6 Nf3 Nc6 Bb5 d6 Bxc6+ bxc6
1702,1724,white,0+1,g3 e5 b3 d5 Bb2 e4 Bg2 Nf6 e3 Bd6
1165,1469,white,300+0,e4 e5 Nf3 Nc6 Bc4 h6 Nc3 Nf6 Nd5 Nxe4
1143,1489,black,900+8,d4 e6 Nf3 c5 Bg5 Be7 Bf4 cxd4 Nxd4 Qa5+
1831,1558,white,300+0,d4 e6 c4 d6 Nc3 Nc6 Nf3 Bd7 e3 Be7
1723,1500,white,240+0,d4 Nf6 Nf3 g6 e3 d5 Bd3 Bg7 O-O O-O
1307,1348,black,600+0,e4 e5 d4 exd4 Qxd4 Nc6 Qd5 Nf6 Qc4 d5
1324,1369,black,420+0,e4 c5 Nf3 d6 Bc4 Nf6 Ng5 e6 f4 Nc6
1721,1711,black,0+1,g3 e5 Bg2 d5 b3 Nc6 Bb2 Be7 e3 Bf6
1417,1730,black,300+0,e4 e5 Nf3 f5 exf5 Bc5 d4 exd4 Nxd4 Qe7+
1835,1230,white,180+15,d4 d5 Nf3 Nc6 c3 Nh6 Bxh6 gxh6 e3 Rg8
1858,1618,white,240+5,e4 Nc6 d4 Nf6 e5 Nd5 c4 Nb6 f4 e6
1847,1758,white,300+0,e4 g6 h4 h5 d4 Bg7 c4 d6 Nc3 a6
1660,1624,black,420+3,c4 e5 e3 Nc6 a3 Bc5 b4 Be7 Bb2 Bf6
1723,1703,white,60+0,b4 e5 Bb2 d6 e3 g6 c4 Bg7 a4 a6
1364,991,white,300+0,e4 e5 Nf3 d6 Nc3 Nf6 d3 Be6 Bg5 Be7
1294,1444,white,300+0,e4 e6 d4 c6 Nf3 a6 c3 b5 c4 bxc4
1174,1366,black,300+8,e4 c5 d3 Nc6 Nc3 a6 Be2 e6 a3 b5
1528,1606,black,300+1,e4 b6 Bc4 Bb7 d3 e6 a3 Ne7 c3 Ng6
1554,1836,black,300+0,e4 c5 Nc3 Nc6 Nf3 d6 d4 cxd4 Nxd4 e5
1560,1628,white,180+0,d3 d5 e3 e5 Qe2 Nf6 f3 Bd6 h3 O-O
1795,1527,black,180+1,e4 e6 f4 d5 exd5 exd5 Nf3 Bd6 d4 c5
1198,1471,black,900+5,e4 c5 Nc3 d6 d3 Nc6 Be3 Nf6 Be2 g6
1489,1533,white,300+8,e4 e5 Nf3 Nc6 d4 exd4 Bc4 h6 Bf4 Bb4+
1558,1766,black,300+0,d4 d5 e4 c6 Nc3 Nd7 e5 e6 Be2 Bb4
1295,1479,draw,300+8,d4 d5 c4 dxc4 Nc3 Be6 d5 Nf6 dxe6 Qxd1+
1201,1408,black,300+1,d4 Nf6 Nf3 g6 g3 Bg7 Bg2 e6 O-O d5
1728,1500,white,240+0,d4 d5 Nf3 c6 e3 Qa5+ Bd2 Qb6 Bc3 Nf6
1688,1280,white,0+1,e3 e5 f4 d6 fxe5 c6 d3 dxe5 g3 b5
1500,1735,white,60+0,e4 e5 d4 exd4 Qxd4 Nc6 Qd1 Nf6 Nc3 Nxe4
1507,1691,black,120+0,e4 e6 b3 f6 Bb2 e5 Bc4 d6 Qh5+ Ke7
1389,1148,white,600+1,e4 e5 Nf3 d6 Bc4 Nf6 Nc3 d5 exd5 Bc5
1439,1542,draw,240+0,e4 b6 Bc4 g6 Qf3 e6 Nc3 Qf6 d3 Bb7
1545,1778,black,180+1,e4 c6 d4 d5 e5 e6 f4 c5 c3 Nc6
1406,1444,black,180+2,e4 e6 d4 d5 e5 c5 c3 Nc6 Nf3 Qb6
1413,1408,white,300+0,e4 e5 Nf3 d6 Bc4 h6 O-O Bg4 Re1 Nf6
1497,1362,black,900+0,e4 e5 Qf3 Nf6 d3 d6 h3 Nc6 c3 Be7
1841,1550,white,300+0,d4 e6 c4 c5 Nf3 cxd4 Nxd4 Bc5 e3 Nf6
1660,1855,white,300+0,d4 c5 d5 e5 c4 d6 Nc3 f5 e4 Nf6
1723,1636,white,60+0,b4 c5 Bb2 cxb4 e3 Nf6 Bc4 d5 Bb3 a5
1653,1468,black,360+2,e4 g6 Nf3 Bg7 Bc4 e6 d4 Ne7 Nc3 O-O
1782,1540,white,180+1,e4 e6 f4 d5 e5 c5 c3 Qb6 Nf3 Nc6
1637,1647,black,420+3,e4 d5 exd5 c6 dxc6 Nxc6 Bc4 e5 Nc3 a6
1384,1294,white,180+0,d4 e6 Nf3 Nf6 Nc3 Bb4 a3 Bxc3+ bxc3 d5
1414,1387,white,300+8,e4 c6 d4 d5 e5 Bf5 Bd3 Qd7 Bxf5 Qxf5
1263,1361,white,360+6,e4 e5 Nf3 Qf6 Bc4 Bd6 d3 Ne7 Ng5 Qg6
1573,1703,black,180+0,d3 f5 e3 Nf6 Qe2 d6 f3 g6 h3 Bg7
1699,2069,draw,0+1,g3 c6 Bg2 d5 b3 Nf6 Bb2 g6 Bxf6 Bg7
1536,1787,black,180+1,e4 c6 Nf3 d5 exd5 cxd5 Nc3 Nc6 d4 Nf6
1296,1500,white,600+0,e4 e5 d4 Nc6 dxe5 Bc5 Bc4 Nge7 Bf4 d6
1520,1503,draw,300+8,e4 c5 Bc4 Nc6 Nc3 Nf6 Nf3 d6 d4 cxd4
1409,1395,white,180+2,e4 c5 Nf3 Nc6 d4 g6 d5 Na5 Nc3 Bg7
1546,1845,black,300+0,e4 c5 Nc3 Nc6 Bc4 d6 Nf3 a6 a3 b5
1732,1472,white,120+1,b4 e5 Bb2 Nc6 b5 Nd4 e3 Ne6 Bxe5 Be7
1379,1401,white,300+0,d4 d5 Nc3 Nf6 Nf3 Bf5 Bg5 Qd6 Bxf6 Qxf6
1567,1500,white,60+0,d4 e6 e3 Qg5 c4 e5 Nc3 exd4 Qxd4 c5
1285,1393,black,180+0,d4 e6 Nf3 Nc6 d5 exd5 Qxd5 Nf6 Qb3 Bc5
1468,1737,white,120+1,d3 d5 e4 e5 exd5 Qxd5 Ne2 Bc5 Nbc3 Qd4
1424,1890,black,300+0,e4 e5 Nf3 Nc6 Bc4 Bc5 c3 Nf6 d4 exd4
1472,1529,white,420+6,e4 c6 Bc4 d5 exd5 cxd5 Bb5+ Nc6 Bxc6+ bxc6
1789,1711,white,300+6,e4 Nc6 d4 e5 d5 Nce7 f4 exf4 Bxf4 c6
1476,1545,black,600+0,d4 e6 Bf4 d5 Nf3 c5 e3 Nc6 c3 cxd4
1354,1580,black,60+0,d4 d5 e3 e6 e4 a6 exd5 Qxd5 Bf4 Nc6
1401,1277,white,180+0,d3 e6 Nf3 Nc6 Nc3 h6 b3 a6 Bb2 b5
1401,1500,black,660+11,e4 e5 Nf3 d6 h3 g6 g4 Bg7 Bg2 Ne7
1791,1531,white,180+1,e4 e5 f4 f6 Nf3 Nc6 fxe5 fxe5 Bb5 a6
1712,2038,black,0+1,b3 b6 Bb2 Bb7 f3 e6 e4 Nf6 g4 d5
1435,1326,white,300+0,d4 d5 Nc3 Nc6 Nf3 e6 e3 Bd7 Bb5 Nce7
1589,1542,black,660+6,d4 d5 e3 e6 c4 Nf6 Nc3 c6 Nf3 Be7
1425,1376,white,300+8,e4 c6 d4 d5 e5 Bf5 Bd3 Qd7 Bxf5 Qxf5
1445,1541,black,180+0,e4 e5 Nf3 d6 Bc4 c5 d3 Be6 Bxe6 fxe6
2009,1841,white,600+2,e4 e5 Nf3 d6 d4 Nc6 c3 Bg4 Qb3 Bxf3
1658,1626,black,420+3,c4 e5 e3 Nc6 a3 Nf6 d4 exd4 exd4 a6
1486,1500,black,600+10,e4 e5 c3 Nf6 Qa4 Nc6 g4 d5 g5 Nxe4
1589,1386,white,60+0,d4 d5 e3 e6 c4 dxc4 Bxc4 Na6 Bxa6 bxa6
1527,1795,black,180+1,e4 c6 Nf3 d5 exd5 cxd5 d4 Nc6 h3 g6
1394,1193,white,600+1,e4 e5 Nf3 Nc6 Bb5 Bc5 O-O a6 Bxc6 dxc6
1519,1181,white,300+1,e4 e5 Bc4 Nf6 d3 c6 a3 d5 exd5 cxd5
1828,1595,white,600+0,e4 c5 Nf3 Nc6 Nc3 a6 b3 e5 d3 h6
1708,1955,black,60+1,e3 d5 d4 f5 b3 Nf6 Bb2 e6 c4 Be7
1492,1138,white,900+8,e4 Nf6 e5 Nd5 Bc4 Nb6 Bf1 e6 d4 Bb4+
1799,1359,black,300+6,e4 e6 d4 d5 e5 c5 c3 Nc6 f4 cxd4
1487,1598,black,120+1,d4 d5 e3 e6 c4 dxc4 Bxc4 c5 Nf3 a6
1385,1163,white,180+2,e4 e6 d4 c6 Nf3 c5 Nc3 Qa5 Bd2 cxd4
1449,1524,white,180+5,d4 Nf6 c4 e6 Nc3 Bb4 Bd2 O-O a3 Bxc3
1597,1549,draw,240+0,e3 d5 d4 e6 h3 f5 Qh5+ g6 Qd1 Bg7
1395,1296,white,660+11,e4 e5 Nf3 Nc6 c3 Nf6 Qa4 Bd6 Bb5 O-O
1277,1308,white,360+6,e4 e6 Nf3 h6 d4 a5 Ne5 g5 Qf3 c5
1799,1523,black,180+1,e4 e6 f4 d5 exd5 exd5 Nf3 Bd6 d4 c5
1500,1636,black,300+8,e4 d5 exd5 Nf6 Nf3 Nxd5 Nc3 Nc6 Bc4 Nxc3
1568,1408,black,240+4,e4 e6 d4 Nc6 Nf3 Nf6 Nbd2 Qe7 Be2 g6
1342,1060,white,900+8,e4 e5 Nf3 Nc6 d4 d6 d5 Nd4 c3 Nxf3+
1850,1542,white,300+0,d4 e6 c4 d5 Nc3 dxc4 e3 a6 Bxc4 b5
1294,1290,white,360+6,e4 e5 c3 Nf6 Qf3 d6 h4 Bg4 Qe3 d5
1470,1423,white,300+0,d4 d5 Nc3 e6 Nf3 Bb4 Bg5 Nf6 Bxf6 Qxf6
1598,1650,black,120+1,c4 c6 b3 d5 cxd5 cxd5 Bb2 Nc6 g3 e5
1702,1786,white,540+0,d4 Nf6 Nc3 d5 Bf4 Bf5 e3 e6 Bd3 Bxd3
1479,1370,white,120+1,d4 e6 Nf3 d5 Bg5 f6 Bh4 g5 Bg3 Qe7
1476,1632,white,180+16,e4 e5 Nf3 d6 Bc4 h6 d3 c6 Be3 g6
1539,1854,black,300+0,e4 c5 Nc3 Nc6 Nf3 d6 d4 cxd4 Nxd4 a6
1347,1315,black,300+8,e4 e5 Nf3 Nc6 d4 exd4 Nxd4 Nxd4 Qxd4 b6
1414,1575,black,480+0,d4 e6 e3 d5 c4 Nf6 Nc3 c5 Nf3 Nc6
1361,1487,white,120+1,d4 d5 Nc3 Nf6 Bf4 Nc6 Nb5 e5 dxe5 Nd7
1638,1646,black,420+3,e4 d5 exd5 Qxd5 Nc3 Qd8 d3 Nc6 a3 e5
1472,1377,black,120+1,d4 e6 c4 d5 cxd5 exd5 e3 b6 Bb5+ Nd7
1733,1880,black,240+2,e4 e6 Nf3 d5 exd5 exd5 d4 Nf6 Bd3 Bd6
1045,1383,white,900+8,e4 e5 Nf3 Nc6 Bb5 Bc5 O-O Nf6 Nc3 a6
1915,2059,draw,60+0,c4 c6 e3 d5 Nf3 Bg4 Qb3 Qc7 cxd5 Bxf3
1506,1516,black,420+6,e4 e6 d4 d5 e5 Bb4+ c3 Ba5 Nf3 c6
1504,1285,black,300+8,e4 c5 d4 cxd4 c3 dxc3 Nxc3 d6 Bc4 Nc6
1506,1391,white,180+2,e4 c5 Nf3 Nc6 Bc4 e6 d4 Nf6 d5 Ne7
1550,1596,black,240+0,d4 d5 e3 e6 f4 h6 Nf3 Nf6 c4 dxc4
1516,1646,white,120+0,d4 Nf6 e3 e6 Nf3 c5 c4 cxd4 Nxd4 d5
1399,1495,white,1200+0,e4 c5 e5 Nc6 Nf3 Qc7 d4 cxd4 Bf4 f6
1437,1434,white,180+0,e4 e5 Nf3 Nc6 Bc4 h6 d3 d6 Nc3 Nf6
1659,1588,white,120+1,e4 c5 f4 b6 Nf3 Bb7 Nc3 Nc6 Bc4 g6
1781,1648,black,300+6,e4 c5 f4 d5 exd5 Qxd5 Nc3 Qd6 d3 Bf5
1412,1587,black,540+9,e4 e5 d4 exd4 c3 dxc3 Bc4 cxb2 Bxb2 Nc6
1328,1331,black,300+8,e4 e6 e5 d6 exd6 Bxd6 Bc4 Nf6 d3 a6
1690,1421,white,180+0,d4 d5 e3 Nc6 Bd3 b6 Bd2 Bb7 Nc3 e6
1422,1448,black,180+0,e4 e5 Bc4 Bc5 Nf3 Nc6 d3 d6 Ng5 Nh6
2041,1919,white,60+0,e4 d5 exd5 Qxd5 Nc3 Qe6+ Be2 Nf6 Nf3 g6
1457,1392,white,120+1,e4 e6 Nf3 d5 exd5 exd5 Qe2+ Be6 g3 Nc6
1657,1627,white,420+3,c4 e5 e3 Nf6 a3 a6 b4 d6 Nc3 Be6
1772,1838,white,600+0,e4 e5 Nf3 d6 Bc4 Be6 Bxe6 fxe6 d3 Be7
1581,1622,white,480+0,d4 d5 c4 dxc4 e3 e6 Bxc4 a6 Nf3 Nf6
1201,1509,white,120+10,e4 c6 Nf3 d5 exd5 cxd5 d4 Bg4 c4 Nf6
1858,1535,white,300+0,d4 e6 c4 d6 e3 Bd7 Nf3 Be7 Nc3 Nf6
1500,1272,black,900+15,e4 f6 Bc4 e6 d3 a6 a3 b5 Bb3 c6
1413,1510,white,300+0,e4 e5 Nf3 Nc6 Bc4 h6 O-O Nf6 Nc3 d6
1813,1415,white,360+2,e4 b6 Nf3 Bb7 Nc3 e6 d4 Bb4 Bd3 Ne7
1500,1519,black,300+8,e4 e5 Nf3 Nc6 d4 exd4 Nxd4 Nxd4 Qxd4 Qe7
1912,1606,white,60+0,c4 e5 e3 f5 Nc3 Nf6 g3 Bb4 Bg2 Bxc3
1406,1554,black,600+8,d4 e6 e3 d5 c4 c5 Nf3 Nc6 Nc3 cxd4
1694,1726,black,180+0,d4 d5 e3 c6 Bd3 Qc7 Bd2 e5 f3 Nf6
1836,1651,white,180+0,e4 e5 Bd3 Nc6 Ne2 Nb4 Bc4 Nf6 a3 Nc6
1541,1789,black,180+0,e4 c5 Nf3 Nc6 Bc4 e6 d4 cxd4 Nxd4 Nxd4
1459,1710,black,180+0,e4 d5 exd5 Nf6 Nf3 Nxd5 Bc4 Nb6 Bb3 Nc6
1382,1513,black,180+2,e4 e5 Nf3 d6 Nc3 f5 d4 Nf6 dxe5 dxe5
1578,1668,black,120+1,c4 c6 b3 d5 Bb2 dxc4 bxc4 Nd7 Nc3 e5
1603,1915,black,60+0,e4 e6 d4 c5 Nf3 cxd4 Nxd4 Nc6 Bc4 Qb6
1590,1524,black,300+8,d4 d5 Nf3 Nf6 Nc3 c6 e3 Bg4 Bd3 e6
1489,1378,white,120+10,e4 e5 Nf3 Nc6 Bb5 Nf6 Bxc6 dxc6 O-O Bg4
1361,1531,black,60+1,d4 d5 e3 e6 f4 Nf6 Nf3 Ne4 c4 dxc4
1382,1467,white,120+1,d4 d5 Nc3 e6 e3 Bb4 Bd2 Bxc3 Bxc3 Nf6
1610,1488,white,180+16,d4 d5 c4 e6 a3 b6 Nc3 c5 dxc5 Bxc5
1733,1605,white,240+0,e4 c5 d4 cxd4 c3 dxc3 Nxc3 d6 Bc4 g6
1802,1577,white,600+0,d4 d5 Nf3 Nf6 c4 dxc4 Qa4+ c6 Qxc4 Bg4
1535,1325,white,180+0,e4 e5 Nf3 f6 Bc4 c6 Bxg8 Rxg8 d4 d6
1706,1918,black,60+0,Nf3 d5 d4 c6 c4 Nf6 Nc3 Bf5 e3 e6
1399,1627,black,300+8,e4 g6 d4 Bg7 Bf4 d6 Bc4 e6 Nf3 h6
1460,1243,white,360+6,e4 e5 Qh5 Qf6 Bc4 g6 Qf3 Qxf3 Nxf3 Nf6
1532,1862,black,300+0,e4 c5 c3 Nc6 Bc4 e6 Nf3 d6 d4 cxd4
1522,1684,black,180+0,e4 e5 Bc4 d6 a3 Nf6 d3 Be7 Ba2 O-O
1811,1785,white,600+0,e4 e5 Nf3 Nc6 Bc4 Nf6 Ng5 d5 exd5 Na5
1808,1842,black,180+0,d4 e6 e4 d5 e5 c5 f4 c4 c3 b5
1520,1374,white,180+2,e4 c5 Nf3 Nc6 d4 e6 Bb5 Nge7 O-O a6
1453,1396,black,120+1,d4 e6 e3 d5 Nf3 b6 Ne5 Bb7 Bb5+ c6
1537,1355,white,60+1,e4 e5 Bc4 d6 Nf3 Be6 Bxe6 fxe6 d3 Nf6
1737,1881,white,180+0,e4 e5 Nf3 Nc6 Bc4 Nge7 O-O g6 d4 exd4
1525,1598,black,240+0,d4 d5 c4 e6 Nf3 dxc4 Qa4+ Bd7 Qxc4 Bc6
1997,1673,draw,420+0,d4 d5 e3 e6 f4 f5 Nf3 Nf6 Ne5 Bd6
1923,1701,white,60+0,d4 c6 Nf3 d5 g3 Bf5 Bg2 Nd7 O-O Ngf6
1103,1217,black,300+3,e4 e5 Nf3 d5 Qe2 Nc6 exd5 Qxd5 d3 Bg4
1715,1853,black,180+0,e4 c5 Nf3 Nc6 c4 g6 Nc3 Bg7 d3 e6
1252,1499,black,300+2,d4 g6 Nf3 Bg7 e4 Nf6 Nc3 O-O Bf4 d6
1781,1706,black,180+0,e4 c5 f4 Nc6 Nf3 g6 Nc3 Bg7 d3 e6
1366,1527,black,180+2,e4 d5 exd5 Qxd5 Nc3 Qa5 Nf3 c6 d3 Nf6
1500,1423,white,240+4,e4 e5 Nf3 Nc6 Bc4 Nf6 Ng5 d5 exd5 Nxd5
1457,1370,white,300+0,e4 e5 Nc3 Nf6 Nf3 Nc6 Bb5 d5 Nxe5 dxe4
1427,1541,black,300+0,e4 e5 Nf3 d6 d4 exd4 Nxd4 c5 Nf3 Be7
1865,1528,white,300+0,d4 e6 c4 c5 Nc3 cxd4 Qxd4 Nc6 Qd1 Bb4
1696,1928,black,60+0,f4 c5 c4 Nc6 Nf3 g6 Nc3 Bg7 e4 e6
1134,1177,black,900+8,d4 c6 Bg5 h6 Bh4 g5 Bg3 d6 e3 Bg7
1346,1527,draw,300+8,e4 e5 Nf3 Nc6 Bb5 Nd4 Nxd4 exd4 Bd3 Bc5
1770,1644,black,180+0,d4 d5 c4 e6 Nc3 Nf6 e3 c5 Nf3 cxd4
1852,1318,white,180+0,e4 e5 Bd3 d6 Ne2 Nf6 Nbc3 Be7 Ng3 O-O
1768,1724,white,300+6,e4 d5 exd5 Qxd5 Nc3 Qe5+ Nge2 g6 d4 Qd6
1349,1500,black,240+6,d4 Nf6 e3 d5 Nc3 c5 dxc5 e5 Bb5+ Nc6
1865,1753,black,180+0,e4 e5 Nf3 Nc6 Nc3 Nf6 d4 Bb4 d5 Nd4
1516,1813,white,300+1,e4 g6 Bc4 Bg7 Nf3 d6 a3 a6 Ng5 e6
1690,1712,white,180+0,d4 d5 e3 Bf5 f4 e6 Nc3 Bd6 Bd2 Ne7
1409,1439,black,120+1,d4 d5 e3 Nc6 c3 e6 Bd3 Be7 Bd2 Nf6
1533,1359,white,180+2,e4 c5 Nf3 d6 d4 Nf6 dxc5
1525,1869,white,300+0,e4 c5 Bc4 Nc6 Nc3 d6 d4 cxd4 Nd5 e6
1352,1539,white,180+2,e4 e6 d4 d5 exd5 exd5 Nf3 Be7 Nc3 c6
1317,1541,white,180+0,e4 e5 Bc4 Nc6 Nf3 Bc5 O-O Nf6 d3 O-O
1933,1691,white,60+0,e4 c5 Nf3 e6 d4 Nc6 d5 exd5 exd5 Nce7
1450,1399,black,120+1,d4 e6 e3 d5 Nf3 b6 Be2 Bb7 O-O Nd7
1630,1599,black,60+2,d4 e5 d5 f5 c4 Nf6 Nc3 Bb4 Bg5 O-O
1860,1707,white,180+0,e4 d5 exd5 Nf6 Nc3 c6 dxc6 Nxc6 b3 Bf5
1617,1667,black,420+3,e4 d5 exd5 c6 Nc3 cxd5 Bb5+ Nc6 Qf3 Nf6
1668,1229,black,180+12,e4 e5 Nf3 Nc6 d4 Nf6 dxe5 Nxe4 Bd3 f5
1686,1938,white,60+0,c4 e6 d4 c5 Nf3 cxd4 Nxd4 Nc6 Nc3 Qb6
1853,1720,white,180+0,e4 c5 Bd3 Nc6 Ne2 e5 Ng3 d5 exd5 Qxd5
1768,1850,black,180+0,e4 c5 Nf3 Nc6 c3 g6 d4 cxd4 cxd4 d5
1607,1450,black,360+0,e4 e5 Bc4 Nf6 d3 Bc5 Nf3 O-O Nxe5 Re8
1138,1477,draw,240+0,e4 e5 c3 d5 exd5 Qxd5 d4 exd4 Qxd4 Qxd4
1412,1437,draw,120+1,d4 d5 e3 Nc6 Nf3 e6 Nc3 Bb4 Bd2 Nf6
1678,1681,white,300+1,e4 e5 Nf3 d6 d4 exd4 Nxd4 Be7 Bc4 Bf6
1919,1705,white,60+0,d4 c5 Nf3 e6 g3 cxd4 Nxd4 d5 Bg2 Nf6
1340,1659,black,180+0,e4 e5 Nf3 Nf6 Nc3 d5 Nxd5 Nxd5 exd5 Qxd5
1486,1119,white,300+0,e4 d6 d4 c5 Nf3 cxd4 Nxd4 e5 Nf3 Nf6
1612,1618,white,60+2,e4 c6 d4 d5 c4 dxe4 Nc3 Nf6 f3 exf3
1532,1500,white,300+1,e4 e5 Bc4 f6 a3 Nc6 c3 Bd6 d3 b6
1778,1593,white,300+6,e4 e5 f4 d5 exd5 e4 Qh5 Nf6 Qe5+ Be7
1700,1925,black,60+0,c4 e6 Nf3 c5 Nc3 Nc6 e3 d5 Be2 d4
1698,1521,black,180+0,d4 d5 c4 Nc6 Nc3 e6 Nf3 Nf6 e3 Bb4
1676,1572,black,420+3,c4 c5 e3 b6 d4 cxd4 Qxd4 Bb7 Nc3 Nc6
1866,1759,white,180+0,e4 e5 Nf3 Nc6 Nc3 d6 d4 exd4 Nxd4 Bd7
1293,1446,white,900+15,e4 e5 Bc4 Nf6 d3 c6 Nf3 d5 exd5 cxd5
1619,1500,white,600+6,d4 Nf6 c4 d5 Nf3 c6 c5 b6 b4 bxc5
1523,1370,white,180+2,d4 d5 c4 e6 Nc3 Nf6 Nf3 Nbd7 e3 c6
1416,1640,black,240+4,d3 Nf6 Nf3 g6 Nc3 Bg7 e4 d6 Be3 e5
1436,1413,black,120+1,d4 e6 Nf3 d5 e3 b6 c4 Bb7 cxd5 exd5
1930,1695,white,60+0,c4 c6 Nf3 e6 g3 d6 Bg2 Nd7 O-O Ngf6
1419,1462,white,300+0,e4 d5 exd5 Qxd5 Nc3 Qd8 d4 e6 Nf3 c6
1844,1547,white,300+0,d4 e6 c4 c5 e3 cxd4 exd4 b6 Nf3 Bb7
1495,1613,draw,300+0,e4 e5 Nc3 Nc6 Nf3 Nf6 Bb5 a6 Bxc6 dxc6
1335,1861,black,180+0,e4 e5 Bc4 Nc6 Qf3 Nf6 d3 Nd4 Qd1 b5
1339,1591,black,240+0,c3 e6 e4 h6 d4 b6 Bf4 Bb7 h3 Be7
1690,1935,white,60+0,d4 Nf6 c4 g6 Nc3 d5 cxd5 Nxd5 e4 Nxc3
1094,1397,white,240+1,Nf3 d6 d4 Bg4 e4 Nd7 Bb5 c6 Bc4 Ngf6
1386,1146,white,240+0,e4 e5 Nf3 d6 Bc4 Bg4 h3 Bxf3 Qxf3 Qf6
1352,1560,black,600+8,e4 e6 d4 d5 e5 c5 c3 Nc6 a3 Qb6
1709,1859,white,120+2,c4 e5 b3 Nc6 Bb2 Nge7 g3 g6 Bg2 Bg7
1831,1775,black,540+0,e4 e5 Nc3 Nf6 f4 d5 Nxd5 Nxe4 Bc4 Qh4+
1251,1316,white,180+10,e4 e5 Nf3 Nc6 Nc3 Bb4 Nd5 Bc5 d3 d6
1916,1708,white,60+0,c4 c5 Nf3 e6 g3 Nc6 Bg2 Nf6 O-O Be7
1650,1663,white,180+0,d4 d5 c4 dxc4 e4 e5 d5 b5 a4 c6
1099,1503,black,300+2,e3 g6 d4 Bg7 c3 Nf6 Nf3 Ne4 Bd3 Nxf2
1703,1922,black,60+0,d4 g6 c4 d5 Nf3 Nf6 Nc3 dxc4 e4 c6
1346,1321,black,300+8,e4 e6 d3 d5 exd5 exd5 Qe2+ Qe7 Qxe7+ Bxe7
1334,1539,white,180+0,e4 e5 Nf3 Nc6 Nc3 Bc5 Be2 Nf6 O-O O-O
1539,1476,white,300+1,e4 d5 exd5 Qxd5 d4 c5 c3 b6 Na3 e6
1548,1588,black,480+0,e4 e5 Qh5 d6 Bc4 Qe7 Nc3 Nf6 Qf3 g6
1843,1726,white,120+2,e4 c5 Nf3 Nc6 Nc3 g6 d4 Bg7 d5 Ne5
1688,1419,black,600+2,e4 c6 d4 d5 e5 c5 c3 e6 Nf3 Nc6
1497,1773,black,300+0,d4 Nf6 Nf3 g6 c4 Bg7 Nc3 O-O Bg5 h6
1988,1726,white,420+0,d4 e6 f4 d5 e3 Nf6 Nf3 c5 c3 Nc6
1504,1632,black,300+8,d4 g6 g3 Bg7 Bg2 d6 Nf3 Nd7 Nc3 e6
1927,1698,black,60+0,e4 c5 Nf3 g6 d4 Bg7 Be3 cxd4 Nxd4 e5
1450,1432,white,300+0,d4 d5 c4 e6 a3 Nc6 Nc3 Nf6 e3 Be7
1395,1303,white,360+15,e4 e5 Nc3 Nc6 d3 d6 f4 h6 f5 Nd4
1443,1521,white,300+8,e4 e5 Nf3 Nc6 Bb5 Nd4 Nxd4 exd4 Qf3 c6
1543,1849,white,300+0,e4 c5 Nf3 Nc6 Nc3 d6 d4 cxd4 Nxd4 Nxd4
1502,1500,white,300+0,d4 d5 Nc3 a6 Nf3 f6 e4 e6 e5 h6
1413,1273,black,600+1,e4 e6 e5 Nc6 Nf3 d5 d4 Bb4+ c3 Be7
1651,1520,draw,180+0,e4 e5 Nf3 Nc6 Bc4 Bc5 c3 Nf6 d4 exd4
1816,1647,white,300+3,e4 c5 Nf3 e6 d4 cxd4 c3 Nf6 e5 Nd5
1745,1867,black,720+2,e4 g6 d4 Bg7 Nf3 d6 Be3 Nf6 Nc3 O-O
1596,1333,white,240+0,e4 c6 b3 e5 Bb2 f6 d3 d6 Bc1 Be6
1807,1640,white,600+0,e4 c5 Nf3 e6 Nc3 d5 exd5 exd5 Bb5+ Nc6
1394,1500,white,120+1,e4 Na6 Bxa6 bxa6 d4 d5 exd5 Qxd5 Nf3 Nf6
1770,1640,black,300+6,e4 d5 exd5 Nf6 Nc3 c6 dxc6 Nxc6 Nf3 e5
1328,1600,black,240+0,d4 d5 Bf4 Bf5 e3 f6 Bd3 Bxd3 cxd3 h5
1722,1751,black,420+0,d4 d5 c4 Nf6 Nc3 e6 e3 Be7 f4 O-O
1676,1628,white,0+1,e4 c5 Nf3 g6 d4 Bg7 dxc5 Qa5+ Nc3 Qxc5
1761,1500,white,180+0,e4 e5 Nf3 d6 Bc4 h6 d4 Bg4 dxe5 dxe5
1993,1850,white,420+0,d4 e6 f4 Ne7 e3 g6 Nf3 Bg7 Bd3 d6
1618,1686,black,0+1,e4 e6 Nf3 d5 Nc3 d4 Ne2 c5 d3 Nc6
1525,1614,black,300+0,e4 d5 exd5 Qxd5 d4 Qe6+ Be2 Qg6 g3 Qe4
1364,1597,black,300+10,h3 e5 Nc3 Nf6 e4 d5 a3 dxe4 Nge2 Bc5
1549,1718,black,120+2,e4 c5 Bc4 e6 a3 a6 Ba2 Nc6 c3 Nf6
1458,1500,white,240+5,e4 Nh6 Qf3 g6 Bc4 e6 d3 f5 exf5 Nxf5
1653,1523,white,300+9,c4 e5 Nc3 Nf6 d4 d6 d5 c6 Bg5 Be7
1363,1380,black,180+2,e4 e5 Nf3 d6 Nc3 Bg4 Be2 Bxf3 Bxf3 h6
1421,1460,black,300+0,e4 d5 exd5 Qxd5 Nc3 Qd8 d4 e6 Nf3 c6
1122,1194,black,900+8,d4 Nf6 Bg5 Ne4 Bh4 d5 Nf3 Nd7 e3 Ndf6
1500,1643,white,-,e4 e5 Bc4 Bc5 d3 Nf6 b3 c6 Nf3 d6
1765,1419,black,180+0,e4 e5 Nf3 d6 Bc4 h6 d4 Nc6 dxe5 dxe5
1537,1604,black,300+3,g3 d6 Bg2 e5 Nf3 Nc6 b3 Be6 Bb2 Qd7
1725,1542,draw,120+2,c4 e5 b3 Bc5 Bb2 d6 g3 Nf6 Bg2 Ng4
1683,1500,white,60+0,d4 d5 c4 Nf6 e3 e6 Nc3 Be7 a3 O-O
1622,1611,white,60+0,e4 d6 Nf3 c5 d4 Nc6 Nc3 b6 Bb5 Bd7
1203,1108,white,900+8,e4 Nc6 Nc3 e5 Nd5 Bb4 Bc4 d6 Qh5 Nf6
1180,1210,black,240+6,Nf3 d5 d4 Bg4 Ne5 Bf5 g4 Be4 f3 Bg6
1506,1411,black,300+2,e4 e5 Nf3 Nc6 Bb5 Nf6 Bxc6 dxc6 Nc3 Bc5
1551,1818,black,600+0,d4 d5 Bf4 c5 e3 cxd4 exd4 Nc6 Bb5 Nf6
1470,1411,black,300+0,d4 d5 c4 e6 a3 Nc6 Nc3 Nf6 e3 Bd6
1688,1396,white,60+0,d4 d5 c4 e6 Nc3 Nf6 e3 Bb4 Nf3 O-O
1602,1508,white,480+0,d4 d5 c4 dxc4 e3 b5 b3 cxb3 Qxb3 a6
1633,1761,white,120+0,e4 e5 Nf3 Nc6 Bc4 Nge7 O-O g6 c3 Bg7
1404,1712,black,420+0,d4 e6 c4 d5 e3 Nf6 b3 c6 Bb2 Bb4+
1308,1533,black,1800+0,e4 e5 Nf3 Nc6 Bb5 Nf6 Bxc6 bxc6 Nc3 Bb7
1654,1751,white,180+0,e4 e5 f4 exf4 Nf3 Nf6 e5 Nd5 c4 Nb4
1681,1428,white,300+0,d4 Nf6 Bf4 e6 Nc3 Be7 Nf3 O-O h4 c6
1096,1212,white,900+8,d4 Nf6 Nc3 Nc6 Nf3 e5 Bg5 exd4 Nd5 Bc5
1756,1936,white,300+6,e4 c5 Nf3 Nc6 d4 cxd4 Nxd4
1301,1404,black,360+15,e4 e5 Nf3 Nc6 Bc4 d6 O-O f5 d3 f4
1745,1648,white,120+0,e4 d5 exd5 Nf6 Nc3 c6 dxc6 Nxc6 Bb5 Bf5
1762,1666,white,420+10,e4 c5 Nf3 d6 d4 cxd4 Nxd4 Nf6 Nc3 a6
1404,1491,black,120+1,e4 c5 Bc4 Nc6 Nf3 e6 a3 b6 Ba2 Bb7
1500,1426,black,240+4,e4 e5 Qh5 Qf6 Bc4 g6 Qg4 Bc5 Nf3 Nh6
1875,1737,white,720+2,e4 Nc6 d4 d6 d5 Nb8 Nc3 e6 Bf4 e5
1531,1500,white,300+2,d4 e6 c4 Nf6 Bg5 h6 Bh4 g5 Bg3 Nc6
1516,1660,black,300+9,e4 d6 Nf3 e5 Bb5+ c6 Be2 Nf6 d3 h6
1466,1500,white,240+5,e4 e5 Qh5 d6 Bc4 g6 Qf3 Nf6 d3 Bg4
1693,1696,black,60+0,d4 e6 c4 g6 Nc3 Bg7 Be3 b6 Qd2 Bb7
1576,1323,black,120+2,e4 e5 Nf3 d6 d4 Bg4 h3 Bxf3 gxf3 exd4
1843,1647,white,120+2,e4 e5 Nf3 Nf6 Nc3 Nc6 d4 exd4 Nxd4 Nxd4
1284,1491,black,120+2,e4 g6 Qf3 Bg7 Bc4 e6 d3 Nc6 Bf4 Nd4
2001,1667,white,420+0,d4 d5 e3 e6 f4 Nf6 Nf3 Be7 Bd3 c5
1667,1426,white,600+2,e4 e5 Nf3 Qf6 Bc4 d6 d3 h6 O-O Bg4
1541,1601,white,60+2,e4 e5 Nf3 d6 Bc4 Be7 d4 exd4 Qxd4 Nf6
1774,1772,white,300+6,e4 c5 Nf3 Nc6 d4 cxd4 Nxd4 b6 Nc3 Bb7
1474,1362,black,240+5,e4 e5 Qh5 d6 Bc4 Qe7 Nc3 Nf6 Qf3 Be6
1411,1291,white,360+15,e4 e5 Nc3 Nc6 d3 Bb4 f4 Nf6 f5 O-O
1937,1901,black,420+4,e4 c5 Nf3 Nc6 d4 cxd4 Nxd4 Nxd4 Qxd4 Qa5+
1500,1617,black,180+10,a3 d5 d4 e6 h3 h6 Nf3 Nf6 Nc3 Bd6
1424,1522,black,300+0,e4 b6 Nf3 Bb7 Nc3 g6 d4 Bg7 e5 f6
1641,1496,white,120+2,e4 g6 Nf3 Bg7 d4 Nc6 Nc3 a6 Be3 e6
1680,1588,white,60+0,d4 e6 c4 d5 Nc3 c6 Nf3 Nf6 e3 b6
1342,1849,black,120+2,d4 e6 d5 Ne7 Nc3 e5 e4 d6 Be2 g6
1445,1410,black,300+0,d4 c5 e3 Nf6 c4 b5 cxb5 d6 Qa4 Bd7
1197,1117,white,900+8,e4 e5 Nf3 Bb4 Bc4 Nf6 Nxe5 d6 Qh5 g6
1332,1474,black,300+8,e4 Nf6 d3 e5 a4 Bc5 Bg5 h6 Bxf6 Qxf6
1459,1339,white,240+5,e4 e6 Bc4 Nf6 d3 d5 exd5 exd5 Bb3 Bg4
1736,1612,white,180+0,e4 c5 f4 b6 Nf3 Bb7 Qe2 Nf6 d3 d5
1105,1206,black,900+8,d4 d5 Nf3 Nc6 Nc3 Bf5 Bg5 Nb4 a3 Nxc2+
1297,1363,black,420+0,e4 c5 Nf3 Nc6 c4 g6 g4 Bg7 Bg2 Nf6
1500,1435,black,240+4,d4 d5 c4 dxc4 e4 Nf6 Nc3 Nc6 Nf3 e6
1648,1850,black,120+2,e4 e5 Nf3 Nc6 Bc4 Nge7 O-O g6 d4 exd4
1689,1332,white,60+0,d4 d5 c4 dxc4 Nc3 Nc6 e3 e5 Nf3 exd4
1489,1340,white,120+2,e4 e5 Nf3 d6 Bc4 Bg4 h3 Bxf3 Qxf3 Nf6
1605,1744,black,180+0,e4 e5 Nf3 d6 Bc4 Be7 c3 Nf6 d3 O-O
1214,1094,black,900+8,e4 e5 Nf3 Nc6 d3 Bb4+ c3 Ba5 b4 Bb6
1457,1899,white,180+5,d4 d5 c4 c6 a3 e6 Nc3 Nf6 c5 b6
1416,1434,white,300+0,e4 c5 Nf3 Nc6 c3 e6 d4 d5 e5 cxd4
1715,1548,black,420+0,d4 c5 e3 Nc6 Nf3 d5 c4 Bg4 cxd5 Qxd5
1924,1500,white,420+4,e4 e5 Nf3 Nc6 Bb5 a6 Ba4 b5 Bb3 Nd4
1325,1692,black,60+0,e4 e6 f4 c6 d4 d5 exd5 cxd5 Nc3 a6
1642,1647,white,180+2,e4 c5 Nf3 d6 d4 cxd4 Nxd4 Nf6 Nc3 g6
1428,1422,white,300+0,e4 c5 Nf3 Nc6 c3 e6 d4 d5 e5 cxd4
1578,1319,black,120+0,e4 d5 exd5 Qxd5 Qf3 Qxf3 Nxf3 Nc6 Nc3 Be6
1856,1332,white,120+2,e4 c6 d4 d6 c4 h5 f4 Nf6 Bd3 Bg4
1751,1598,white,180+0,e4 c5 Nf3 Nc6 c3 e5 d4 cxd4 cxd4 d6
1695,1451,white,60+0,d4 c5 c4 d5 cxd5 Qxd5 Nc3 Qxd4 Qxd4 cxd4
1374,1302,black,180+10,h3 d5 d4 Bf5 Nc3 e6 a3 Nf6 Nf3 a6
1908,1676,white,60+0,c4 c6 e3 d5 Nf3 dxc4 Bxc4 g6 d4 Bg7
1390,1914,black,900+15,e4 d5 c3 dxe4 Qa4+ Nc6 Qxe4 Nf6
1700,1361,white,60+0,d4 d5 c4 dxc4 Nc3 Nc6 e3 e5 d5 Na5
1559,1640,white,120+0,e4 d5 exd5 Nf6 c4 c6 dxc6 Nxc6 d3 Bg4
1114,1199,white,900+8,d4 Nf6 Bg5 h6 Bh4 g5 Bg3 Nh5 e4 d5
1857,1496,white,120+2,e4 g6 d4 Bg7 Nf3 Nc6 Be3 d5 e5 f6
1771,1466,black,360+0,e4 e5 Nf3 Nf6 Nc3 Bb4 Bc4 O-O d3 Nc6
2004,1767,white,420+0,d4 c6 f4 d5 e3 Nd7 Bd3 e6 Nf3 Ngf6
1411,1439,white,300+0,d4 d5 c4 e6 Nf3 Nf6 e3 Nc6 a3 Be7
1538,1552,black,300+0,b4 e6 Bb2 c6 Nf3 Nf6 a3 c5 c3 cxb4
1379,1419,white,900+15,e4 e5 Bc4 Nf6 d3 c6 Nf3 b5 Bb3 d5
1555,1355,white,60+2,e4 d5 Nf3 dxe4 Ne5 Nc6 Nxc6 bxc6 Be2 Qd5
2091,1913,black,60+0,c4 d5 cxd5 Qxd5 g3 Qe6 Nf3 c6 Bg2 Nf6
1565,1400,white,180+2,e4 e5 f4 d5 exd5 e4 d3 Nf6 Be3 Bb4+
1282,1645,black,900+3,Nf3 Nc6 Nc3 e5 e4 d6 Bb5 a6 Bxc6+ bxc6
1561,1359,white,60+2,e4 e5 Nf3 Nf6 Ng5 Nc6 Bc4 d5 exd5 Nxd5
1704,1263,white,60+0,d4 b6 c4 Bb7 Nf3 g6 g3 Bg7 Bg2 e6
1574,1626,black,120+0,e4 d5 exd5 Qxd5 Qf3 Qxf3 Nxf3 Bg4 Be2 Nf6
1089,1324,black,1800+30,e4 e5 d3 d5 Qh5 dxe4 dxe4 Nc6 Bc4 g6
2067,1930,black,60+0,d4 d5 Nf3 Nf6 c4 Bf5 Bg5 Ne4 Bf4 c6
1860,1763,black,180+1,e4 c6 d4 d5 e5 e6 Bd3 Nd7 Ne2 c5
1476,1444,white,240+4,d4 e5 dxe5 Nc6 e3 f6 exf6 Qxf6 Nf3 Nh6
1706,1500,white,60+0,d4 d5 c4 e6 Nc3 Nf6 e3 Bb4 Nf3 c6
1578,1278,white,300+8,d4 d5 Nf3 e6 Nc3 Bb4 Bd2 Nc6 e3 Nf6
1566,1636,white,60+2,e4 d5 Nf3 dxe4 Ne5 Nd7 Nxd7 Bxd7 d3 exd3
1372,1524,black,120+2,e4 e5 Nf3 Nc6 Bc4 Bc5 Nc3 Nf6 d3 O-O
1946,1843,white,60+0,c4 c5 Nf3 e6 g3 Nc6 Bg2 d5 O-O d4
1068,1329,black,1800+30,e4 e5 Nc3 Nf6 g4 Bb4 Bc4 Bxc3 bxc3 Nxe4
1721,1883,black,180+0,e4 c5 Nf3 e6 d4 cxd4 Nxd4 Nf6 e5 Qa5+
1041,1261,white,0+1,e4 b6 Nf3 Bb7 Bc4 Bxe4 Ne5
1427,1601,black,300+0,e4 c5 Nf3 Nc6 c3 g6 d4 cxd4 cxd4 Bg7
1050,1501,black,1800+30,a4 e5 c4 Bc5 e4 Nf6 d3 Nc6 Bd2 b6
1581,1211,black,60+2,e4 e6 Nf3 Nc6 d4 d5 e5 f6 Nh4 g5
1882,1928,black,900+5,e4 e5 d4 exd4 Nf3 Nf6 e5 Ne4 Qxd4 d5
1834,1955,white,60+0,c4 c5 Nf3 Nc6 g3 Nf6 e3 g6 Bg2 Bg7
1739,1500,white,300+8,d4 e6 c4 Bb4+ Bd2 d6 g3 d5 Bxb4 dxc4
1777,1845,white,180+1,e4 e5 f4 Nc6 Nf3 Bd6 Nc3 Nge7 Bc4 O-O
1510,1335,white,300+8,e4 e5 Nf3 Qf6 Nc3 c6 d3 Bb4 Bd2 a5
1939,1850,white,60+0,e4 c5 Nf3 Nc6 d4 cxd4 Nxd4 e5 Nb5 d6
1714,1381,white,180+0,e4 c5 Nf3 Nc6 d4 b6 d5 Na5 c4 d6
1582,1801,black,300+8,d4 d5 Nf3 Bf5 Nc3 Nf6 e3 e6 Bd3 Ne4
1563,1583,black,60+2,e4 c5 Nf3 e6 Be2 Nc6 d3 d5 O-O dxe4
1427,1477,black,300+8,Nc3 Nf6 Nf3 Nc6 e4 d5 e5 Ne4 d4 Nxc3
1648,1783,white,900+3,d4 d5 Nf3 Nf6 e3 c6 Nc3 Bf5 Be2 e6
1288,1250,black,300+8,e4 e5 d4 Qf6 dxe5 Qxe5 Nc3 Bb4 f4 Bxc3+
1841,1948,white,60+0,d4 d5 Nf3 Nf6 c4 Bf5 cxd5 Nxd5 Nc3 e6
1604,1532,white,180+2,e4 e5 f4 d5 exd5 exf4 Nf3 Qxd5 d4 Bd6
1636,1465,white,1800+0,e4 e6 d4 c6 c4 f6 Nc3 a5 Be3 b6
1933,1856,black,60+0,e4 Nf6 Nf3 Nxe4 Qe2 Nf6 g3 e6 Bg2 c5
1132,1439,black,600+0,d4 d5 Bg5 f6 Bh4 g5 Bg3 e5 e3 Nc6
1421,1343,white,300+0,e4 d6 Nf3 Nf6 Nc3 g6 d4 Bg7 Bg5 O-O
1500,1330,white,180+2,d4 c5 d5 d6 c4 Bf5 Nf3 Bxb1 Rxb1 Nd7
1362,1640,black,300+8,b4 b6 Bb2 Bb7 b5 e6 e3 Nf6 c4 d6
1682,1815,white,240+0,e4 c6 Nf3 d5 exd5 cxd5 Bb5+ Nc6 O-O Bg4
1754,1919,black,60+0,e4 d5 exd5 Qxd5 Nc3 Qe6+ Nge2 Nf6 d4 g6
1486,1567,white,180+5,d4 e6 a3 Nf6 c4 d5 Nc3 Nc6 e3 Bd6
1500,1343,black,60+0,e3 e5 b3 d5 Bb2 Nf6 Nf3 Bd6 Nxe5 Bxe5
1327,1522,white,300+8,e4 e5 d4 exd4 Qxd4 Qg5 Bxg5
1466,1433,white,240+5,e4 e5 Qh5 Qf6 Bc4 Bc5 Nf3 Nh6 d3 d6
1926,1747,white,60+0,c4 e6 Nf3 Ne7 g3 g6 Bg2 Bg7 O-O O-O
1664,1529,white,240+5,e4 c5 f4 e6 Nf3 Be7 d3 Bh4+ g3 Be7
1985,1862,white,180+0,c4 e5 Nf3 c6 Nxe5 Bd6 Nf3 Ne7 e4 O-O
1587,1564,black,300+8,e4 d6 Nf3 e5 Nc3 Bg4 Be2 Nf6 d3 Be7
1639,1528,white,300+2,e4 e5 Bc4 Nf6 Nc3 Nc6 a4 a5 d3 Be7
1577,1543,black,300+8,d4 d5 e3 c6 Nf3 Nf6
1554,1455,white,300+8,e4 e5 Nf3 Bd6 Bc4 h6 c3 Nf6 d4 Nxe4
1800,1854,black,180+0,d4 e5 dxe5 Bc5 e4 Ne7 Nf3 O-O Bg5 Qe8
1308,1128,white,300+8,e4 e5 Nf3 Bb4 c3 Ba5 b4 Bb6 a4 a6
1640,1416,white,300+8,e4 e5 Nf3 Bc5 c3 Bxf2+ Kxf2 d6 Bc4 Nf6
1621,1573,black,480+5,e4 e6 d4 d5 exd5 exd5 Bf4 Bd6 Ne2 Ne7
1688,1273,white,1800+0,e4 e5 Nf3 Nc6 Bc4 d5 Bxd5 Nf6
1697,2112,black,240+0,e4 d6 Nf3 Nf6 e5 dxe5 Nxe5 Nbd7 Qe2 e6
1413,1443,white,900+15,e4 c6 d4 d5 e5 c5 c3 e6 Nf3 Nc6
1562,1576,black,300+8,e4 e5 Nf3 Nc6 Bc4 Nf6 Ng5 d5 exd5 Na5
1742,1741,black,120+0,d4 e6 c4 Ne7 Nc3 g6 e4 Bg7 Be3 O-O
1499,1483,black,360+0,d4 d5 c4 dxc4 Nc3 e6 a3 Bd6 e3 Nf6
1703,1517,white,1800+0,e4 e6 d4 Qh4 Bd3 Nc6 Nf3 Qd8 c4 Be7
1423,1390,white,300+0,e4 e5 Nf3 d6 Nc3 Bg4 h3 Bxf3 Qxf3 Be7
1270,1313,white,300+8,e4 e5 Bc4 Bc5 Qh5 Qe7 Nf3 Nf6 Qxe5 Qxe5
1538,1408,black,300+11,b3 e5 Bb2 Nc6 Nf3 e4 Nd4 Bc5 Nxc6 dxc6
1594,1623,white,60+1,e4 d5 exd5 Qxd5 Nf3 Bg4 Nc3 Qa5 Be2 Nf6
1411,1681,white,300+8,e4 c5 Bc4 d6 d3 e6 c3 Nc6 Nf3 Nf6
1576,1504,black,600+10,e4 e5 Nf3 d6 Bc4 h6 Nc3 Nf6 O-O c6
1550,1427,white,300+8,e4 e5 Nf3 Bd6 Nc3 Bc5 d3 Bxf2+ Kxf2 d6
1897,1584,white,300+1,e4 e5 Nf3 Nc6 Bb5 a6 Ba4 b5 Bb3 Na5
1699,1423,white,240+5,e4 e5 Nf3 Nc6 Bc4 Nf6 Ng5 d5 exd5 Nxd5
1468,1294,white,900+15,e4 e5 Bc4 Qe7 Nf3 g6 d3 h6 b3 c6
2115,1791,black,300+0,Nf3 d5 g3 Bf5 Bg2 c6 O-O e6 d3 Nf6
1120,1829,black,900+8,d4 Nf6 Bg5 e6 Nf3 g6 Nc3 Bb4 a3 Bxc3+
1428,1645,black,180+6,e3 e5 g3 d5 Bg2 Nc6 Ne2 Be6 O-O Bd6
1500,1752,black,120+0,e3 e5 Nc3 Nc6 Bb5 Nge7 d3 g6 Bd2 Bg7
1488,1755,black,180+5,d4 Nf6 c4 g6 Nc3 Bg7 a3 d6 e3 O-O
1290,1555,white,300+8,e4 e5 Bc4 Nf6 Nf3 d6 Ng5 d5 exd5 Nxd5
1420,1594,white,300+8,e4 c5 Bc4 d6 Bxf7+ Kxf7 d3 g6 c3 Nf6
1650,1393,black,300+3,e4 e6 f4 d5 e5 c5 Nf3 Nc6 Bb5 Bd7
1738,1782,black,240+0,d4 Nf6 c4 g6 Nc3 Bg7 Nf3 d6 e4 O-O
1757,1607,black,120+0,e4 c5 Nf3 d6 Nc3 Nf6 d4 cxd4 Qxd4 Nc6
1530,1717,white,300+0,e4 e5 Nf3 Nc6 Bb5 d6 h3 Nf6 Nc3 Be7
1501,1418,white,240+4,e4 e5 Bc4 Nf6 Nc3 Nc6 Nf3 h6 d3 a6
1825,1565,white,300+0,d4 e6 c4 c6 Nc3 Ne7 e4 d5 cxd5 cxd5
2043,1500,black,300+8,d4 Nf6 c4 g6 Nc3 Bg7 e4 d6 f3 O-O
1831,1625,black,600+0,e4 e5 Nf3 Nf6 Bc4 Nxe4 Nxe5 Qf6 Qf3 Ng5
1390,1429,black,300+0,e4 e5 Bc4 Nc6 Nc3 Nf6 d3 Bc5 a3 d6
1830,1994,draw,300+0,d4 c5 e3 d5 dxc5 e5 b4 Nf6 Bb2 Nbd7
1499,1562,white,300+8,Nc3 d5 Nf3 Nc6 d4 e6 Bf4 Bb4 Bd2 Nge7
1433,1588,black,300+0,e4 c6 Nf3 b5 Nc3 Bb7 b3 d5 exd5 cxd5
1439,1560,black,300+0,e4 e6 Nf3 c6 d4 Ne7 Bg5 h6 Bh4 g5
1631,1497,white,600+0,e4 e5 d4 Nc6 d5 Na5 a3 Nf6 Bd3 d6
1623,1800,black,60+1,e4 d6 d4 Nf6 Nd2 Nbd7 f4 e5 f5 exd4
1474,1567,white,300+4,d4 f5 c4 e6 e3 c6 Nf3 Nf6 Be2 d5
1545,1648,black,300+0,e4 e5 Nf3 Nc6 Bb5 d6 h3 Nf6 Nc3 Be7
1874,1718,white,180+0,e4 c5 Nf3 Nc6 Nc3 g6 d4 cxd4 Nxd4 Bg7
1390,1197,white,1800+30,e4 e5 Nf3 d6 d4 f6 d5 Bg4 Be2 Bxf3
1507,1484,white,300+4,e4 d5 exd5 Qxd5 Nc3 Qd8 Nf3 e6 d4 c6
1462,1410,white,240+4,d4 d5 Bf4 Nf6 e3 a6 Bd3 h6 Nd2 g5
2086,1831,white,180+0,e4 e5 Nf3 Nc6 Bb5 Nge7 O-O g6 Re1 Bg7
1519,1380,white,300+0,d4 d6 Nf3 b6 g3 c5 Bg2 Nc6 dxc5 bxc5
1536,1639,black,900+15,e4 e5 Bc4 Qf6 Qf3 Qxf3 Nxf3 f6 Bxg8 Rxg8
1519,1318,white,300+8,d4 e5 dxe5 Bc5 e3 Nh6 Nf3 O-O Bd3 d6
1988,1836,white,300+0,d4 d5 Nf3 e6 c4 dxc4 Nc3 Bb4 e4 Nf6
1431,1400,black,240+4,e4 e5 Nf3 Nc6 Bc4 f6 d3 b6 Nc3 Bb7
1246,1568,black,300+0,e4 e6 d4 c6 Nc3 a6 Nf3 h6 Bf4 Ne7
1695,2092,black,240+0,e4 d6 Nf3 Nf6 Nc3 Nbd7 d4 e5 Bc4 Be7
1527,1423,white,300+0,d4 c5 dxc5 e6 Nf3 Bxc5 g3 Nf6 Bg2 Ne4
1523,1492,black,540+9,b3 e5 Bb2 Nc6 e3 d5 Bb5 Bd6 f4 exf4
1412,1419,black,240+4,d3 e5 c3 Nc6 Qc2 Nf6 e3 d5 Nf3 Bg4
1495,1500,white,420+2,b3 d5 Bb2 d4 Nf3 Nc6 e4 Bg4 h3 Bxf3
1828,1790,black,300+0,d4 c5 e3 cxd4 exd4 d5 Nf3 Nc6 Bb5 g6
1748,1120,white,900+8,e4 e5 Nf3 Nc6 Bc4 Bb4 a3 Ba5 b4 Bb6
1551,1608,white,60+2,e4 e5 Nf3 d6 Bc4 Be6 Bxe6 fxe6 O-O Qe7
1693,1507,white,240+0,e4 d5 exd5 Nf6 Nc3 Nxd5 Bc4 Nxc3 Qf3 e5
1355,1386,black,120+1,e4 e5 Nf3 Nc6 Bc4 d5 Bxd5 Nf6 d4 Nxd5
1396,1290,black,1800+30,e4 e5 Nf3 Nf6 d4 Nc6 d5 Nb8 Nc3 d6
1595,1521,white,120+0,e4 c6 f4 d6 Nf3 Nd7 d4 b6 Bd3 Bb7
1487,1492,white,180+5,d4 d5 c4 dxc4 Nc3 e6 a3 c5 dxc5 Qxd1+
1565,1512,white,60+2,e4 c5 Nf3 d6 Bc4 Nc6 d4 cxd4 Nxd4 Nf6
1535,1354,white,300+0,d4 e6 Nf3 Nc6 g3 Qe7 Bg2 Nf6 O-O b6
1802,1813,white,300+0,e4 c5 f4 Nc6 Nf3 Nd4 Nxd4 cxd4 d3 d6
2095,2007,white,180+0,e4 e5 Nf3 Nc6 Bb5 a6 Ba4 Nf6 O-O Be7
1401,1498,black,300+4,e4 e6 Nf3 d5 Nc3 d4 Ne2 c5 d3 Nc6
1503,1270,white,1500+15,e4 c5 d3 Nc6 Nc3 d5 Bf4 e6 g3 d4
1457,1345,black,120+1,e4 e5 Nf3 Nc6 Nc3 Bc5 Na4 Be7 d4 Nxd4
1391,1235,white,300+3,e4 e5 Bc4 Nf6 Qe2 Nc6 c3 d5 exd5 Nxd5
1699,1741,black,240+0,e4 c5 Nf3 d6 d4 cxd4 Nxd4 Nf6 Nc3 a6
1119,1751,white,900+8,d4 d5 Nf3 Nf6 Nc3 g6 Bg5 Bg7 e3 O-O
1459,1522,white,60+10,b4 e5 b5 d5 Bb2 e4 d3 Nf6 dxe4 Nxe4
1815,1609,black,60+2,e4 c5 Nf3 g6 c3 Bg7 d4 cxd4 cxd4 d6
1510,1424,white,900+15,e4 e6 d4 Qh4 Qf3 Nc6 c3 b6 Nh3 Be7
1425,1541,black,300+0,b3 e5 Bb2 d6 h4 Be7 f4 exf4 Bxg7 Nf6
1604,1870,black,120+0,e4 c5 f4 e6 Nf3 Nf6 d3 d5 e5 Nfd7
1301,1528,white,180+0,e4 e5 Nf3 Nc6 Nc3 d6 d4 Bg4 dxe5 dxe5
1471,1495,black,360+0,d4 d5 Bf4 e6 e3 Bd6 Bg3 Bxg3 hxg3 Nf6
1799,1813,black,300+0,d4 c6 c4 d5 e3 dxc4 Bxc4 g6 Nf3 Bg7
1328,1489,black,0+1,b4 e6 Bb2 g6 Bxh8 f6 g3 Qe7 Bg2 Bg7
1625,1776,black,60+2,e4 d6 Nf3 Nf6 Nc3 Nbd7 d4 e5 Bc4 Be7
1836,1548,black,300+0,e4 e5 Nf3 d6 d4 exd4 Nxd4 Be7 Bc4 Nf6
1533,1393,white,300+4,e4 e5 Nf3 Nc6 Bc4 Nf6 Nc3 h6 d4 d6
1321,1495,black,0+1,b4 b6 Bb2 c6 c4 Bb7 a4 f6 f3 g6
1495,1372,white,0+1,b3 e5 Bb2 d6 d3 Nc6 g3
1565,1742,black,300+0,d4 Nf6 Nf3 g6 g3 Bg7 Bg2 d6 O-O O-O
1689,1626,white,240+0,e4 c6 d4 d5 e5 Bf5 c3 e6 Nf3 Nd7
1335,1503,black,0+1,e4 b6 Nf3 c6 Bc4 Bb7 Ng5 e6 Nc3 Qxg5
1555,1545,white,300+30,e4 e5 d4 Nc6 d5 Nd4 c3 Nb5 Bxb5 a6
1614,1669,draw,720+0,e4 e5 Nf3 d6 c3 Bg4 Be2 Nf6 d4 Nxe4
1406,1450,white,300+5,e4 e5 Qf3 Nf6 Bc4 d6 h3 c6 b4 b5
1701,1511,white,180+0,e4 e5 Nf3 d6 Bc4 h6 O-O Nf6 Re1 Be7
1790,1619,white,60+2,e4 c5 Nf3 g6 d3 Bg7 Nbd2 Nc6 g3 e6
1551,1421,black,300+8,e4 c5 Nf3 d6 Bc4 Nc6 Ng5 e6 d4 cxd4
1710,1795,black,180+0,e4 b6 Nf3 Bb7 Nc3 e6 d4 Bb4 a3 Bxc3+
1787,1581,white,300+0,d4 d5 c4 c6 Nc3 e6 e3 Bd6 Nf3 Ne7
1505,1706,black,180+0,e4 e5 Nf3 Nc6 Bb5 Nge7 a4 d6 O-O a6
1398,1310,white,300+8,e4 e5 Nf3 Bc5 Nxe5 Qh4 Nd3 Qxe4+ Be2 Qxg2
1386,1632,black,420+0,d4 d6 Nf3 Nf6 c3 Nc6 g3 g6 Bg2 Bg7
1714,1503,white,60+3,e4 c5 Nf3 d6 d3 Nc6 Be2 Nf6 O-O g6
1960,1613,white,60+2,Nf3 c5 c4 g6 g3 Bg7 Bg2 Nc6 Nc3 Nf6
1698,1824,black,240+0,e4 c6 d4 d5 e5 e6 c3 c5 Be3 Nc6
1298,1407,white,300+8,e4 e5 Bc4 Nf6 Nf3 Nc6 Ng5 Bc5 Nxf7 Qe7
1630,1333,black,600+0,d4 d5 c4 Nf6 Bg5 Bf5 e3 e6 cxd5 exd5
1559,1644,black,120+0,e4 e5 f4 exf4 Qf3 g5 h4 Be7 d4 d6
1419,1666,black,300+5,e4 e5 Qf3 Nf6 Bc4 Bc5 c3 O-O b4 Bb6
1791,1668,black,720+0,d4 d5 c4 dxc4 Nc3 Nc6 Nf3 Bg4 e3 Nf6
1500,1499,black,180+0,d4 d5 f4 e6 e3 c5 Bb5+ Bd7 Bd3 Nc6
1758,1769,black,300+2,c4 e5 Nc3 Nf6 Nf3 Nc6 g3 Be7 d4 exd4
1416,1536,black,900+15,e3 e5 Nh3 d5 f4 Bxh3 gxh3 Qh4+ Ke2 exf4
1611,1653,white,120+0,f4 e5 Nf3 e4 Nd4 c5 Nb3 Nc6 e3 d5
1831,1691,white,240+0,e4 c5 f4 d6 Nf3 Bg4 Nc3 Nc6 h3 Bxf3
1804,1392,white,300+0,g3 d5 Bg2 d4 h4 h5 e3 d3 cxd3 Qxd3
1663,1710,black,900+8,e4 e6 d4 d5 exd5 Qxd5 Nc3 Qd8 Nf3 g6
1648,1147,black,900+8,e4 e5 Nf3 Nc6 Bc4 Bb4 a3 Ba5 b4 Bb6
1507,1482,white,360+0,e4 e5 Nf3 Nc6 Bc4 Nf6 Nc3 Bc5 a3 Ng4
1566,1486,black,300+30,e4 d6 d4 e6 c4 a6 f4 Nd7 Bd3 Ne7
1403,1498,black,60+3,d4 d5 Nc3 e6 Bf4 Nf6 Nf3 c5 e3 cxd4
1678,1296,white,420+0,e4 d5 exd5 Qxd5 Nc3 Qe5+ Be2 Bf5 Nf3 Qd6
1712,1610,white,60+2,d4 c5 Nf3 cxd4 Nxd4 Nc6 g3 g6 Bg2 Bg7
1508,1324,white,180+0,e4 e5 Nf3 d6 d4 Be6 dxe5 Qd7 exd6 a5
1615,1481,white,600+0,d4 d5 Bg5 h6 Bh4 g5 Bg3 Nc6 e3 Bg7
1500,1640,black,120+0,Nf3 c5 Nc3 g6 e3 Bg7 Na4 d6 Bb5+ Bd7
1544,1316,white,60+0,e4 e5 Bc4 Nc6 Nf3 a6 O-O b5 Be2 d6
1392,1319,black,300+8,e4 e5 Nf3 Bc5 Bc4 Nf6 Nc3 Ng4 d4 exd4
1962,1925,white,60+0,e4 d6 Nf3 Nf6 Nc3 c5 g3 Nc6 Bg2 g6
1187,1326,white,300+5,d4 d5 e3 c5 Nf3 Bg4 h3 Bxf3 Qxf3 e6
1570,1296,white,60+0,e3 e5 d3 d5 f3 e4 Be2 exd3 Bxd3 Nc6
1684,1838,white,240+0,e4 c6 Nf3 d5 exd5 cxd5 d4 Nc6 Nc3 g6
1537,1606,black,300+8,e4 c5 Nf3 d6 Bc4 Nc6 Ng5 e6 d4 cxd4
1780,1836,white,180+1,e4 c5 d3 e6 f4 d5 e5 f6 Nf3 Nc6
1914,1972,white,60+0,e4 Nf6 e5 Nd5 g3 d6 exd6 cxd6 Bg2 Nf6
1676,1634,black,300+8,e4 c5 Nf3 d6 Bc4 Bg4 O-O e6 h3 Bh5
1272,1294,black,420+0,e4 d5 e5 Bf5 d4 Nc6 h3 e6 Nf3 Be7
1729,1637,white,420+0,d4 d6 c4 g6 Nc3 Bg7 f4 Nc6 Nf3 Nf6
1281,1590,black,60+0,e4 g6 e5 Bg7 d4 b6 Nf3 Bb7 Be2 Bxf3
1959,1928,white,60+0,f4 e6 Nf3 c5 e3 Nc6 b3 Nge7 Bb2 h5
1384,1427,white,-,d4 d5 Qd3 c6 Na3 Qa5+ c3 Bg4 Bf4 Nd7
1607,1269,white,60+0,e4 e5 Bc4 Nc6 Nf3 a6 d3 b5 Bb3 d6
1410,1334,white,420+3,d4 Nf6 e3 g6 Nf3 Bg7 Bc4 d5 Bd3 Nbd7
1917,1969,black,60+0,d4 c6 c4 d5 Nc3 e6 Qc2 Nf6 e4 dxe4
1667,1688,black,300+22,d4 d5 c4 Nf6 c5 b6 cxb6 axb6 Nc3 Ba6
1514,1518,black,180+0,e4 e5 Nf3 Nc6 Bb5 d6 Bxc6+ bxc6 d4 exd4
1338,1379,black,300+8,e4 e5 Bc4 Nf6 Nf3 Bd6 Ng5 O-O Qf3 Nc6
1979,1906,white,60+0,c4 f5 g3 Nf6 Bg2 g6 Nc3 Bg7 Nf3 d6
1474,1500,draw,180+16,e4 d5 exd5 Qxd5 Nc3 Qd8 Nf3 Nd7 a3 e6
1906,1979,white,60+0,e4 Nf6 e5 Nd5 d4 d6 Nf3 dxe5 Nxe5 c6
1557,1588,white,900+15,e4 e5 Bc4 Bc5 Qh5 Qf6 Qf3 d6 h3 Be6
1700,1812,black,240+0,e4 c5 Nf3 Nc6 Bb5 a6 Bxc6 bxc6 d4 cxd4
1495,1794,black,600+0,e4 c5 Nf3 d6 Bb5+ Nc6 d4 cxd4 Nxd4 Bd7
1500,1259,white,60+0,e4 e5 Bc4 Nc6 Qf3 a6 Qxf7#
1259,1500,black,60+0,e4 g6 Nf3 h5 h4 Bg7 e5 b6 d4 Bb7
1389,1419,white,600+1,e4 e5 Nf3 Bc5 Nxe5 Qf6 Nf3 d6 Bb5+ c6
1692,1751,black,240+0,e4 e5 Nf3 f5 exf5 e4 Qe2 d5 d3 Bxf5
1806,1738,black,300+0,g3 d5 Bg2 Nf6 h4 g6 d4 Bg7 c3 O-O
1547,1652,black,180+0,d4 b6 c4 Bb7 Nc3 e6 e4 Bb4 Bd2 Bxc3
1588,1244,white,60+0,e4 e5 Bc4 Nc6 Nf3 f6 d4 exd4 Nxd4 Nb4
1361,1015,white,300+5,d4 e5 Nf3 Bb4+ c3 Ba5 Nxe5 Qg5 Bxg5 Bxc3+
1696,1548,white,300+0,d4 Nf6 c4 g6 Nc3 d6 e3 Bg7 Bd3 O-O
1406,1401,black,600+1,e4 e5 Nf3 Bd6 d4 Nc6 d5 Nce7 Bc4 c6
1234,1632,black,60+0,e4 d5 e5 d4 d3 e6 Nf3 Bd7 Nxd4 c5
1540,1539,black,120+4,e4 c5 Nf3 b6 c3 Bb7 d3 d6 Bf4 e5
1662,1226,white,60+0,e4 e5 Bc4 Nf6 Qf3 d6 Nh3 Bg4 Qg3 Bxh3
1418,1535,white,420+3,d4 d5 e3 Bf5 h3 Nf6 f3 c6 Nc3 e6
1688,1704,draw,300+22,d4 d5 Nf3 e6 e3 Bb4+ Bd2 Qd6 a3 Bxd2+
1831,1788,white,540+0,e4 e5 Nf3 Nc6 c3 Nf6 d4 exd4 e5 Qe7
1761,1414,white,240+0,d4 c5 d5 d6 c4 Bd7 Nc3 a6 e4 b5
1541,1809,white,60+0,d4 d5 e3 c6 f4 Bf5 Nf3 Be4 Bd3 Bxf3
1688,1302,white,600+4,Nf3 d5 c4 e5 Nxe5 f6 Nf3 dxc4 e4 Qe7
1569,1597,white,120+1,c4 c5 b3 Nf6 Bb2 d5 cxd5 Nxd5 g3 Nc6
1344,1355,black,60+0,e4 e5 Bc4 Nc6 a3 g6 d3 Bg7 Nc3 Nge7
1589,1474,white,900+15,e4 c5 Bc4 e6 Nf3 Nc6 c3 a6 d4 h6
1465,1612,black,60+3,e4 e5 Nf3 Nc6 d4 exd4 Nxd4 Nxd4 Qxd4 Nf6
1702,1664,white,240+0,d4 d5 e3 e6 c4 Nf6 Nc3 Bb4 Bd2 O-O
1529,1689,black,120+4,e4 c5 d3 d6 Nf3 Nc6 Nc3 Bg4 Be2 Nf6
1500,1259,white,60+0,e4 c5 Bc4 Nc6 Qf3 e6 Nh3 Nf6 Ng5 h6
1554,1595,black,60+0,d4 d5 e3 Bf5 f4 Qd6 Nf3 Qc6 Bd3 Bg4
1271,1527,black,300+0,d4 Nf6 e3 g6 Nf3 Bg7 Bd3 O-O O-O Re8
1691,1237,white,600+4,Nf3 b6 d4 Bb7 d5 e6 c4 exd5 cxd5 c6
1412,1487,black,600+1,e4 e5 Nf3 Nc6 Bb5 d6 d4 a6 Bxc6+ bxc6
1636,1499,black,120+16,d4 d6 Nc3 e6 e4 a6 Nf3 h6 h3 g6
1655,1763,black,240+0,e4 c5 Nf3 e6 d4 cxd4 Nxd4 a6 Nc3 Nc6
1779,1887,black,540+0,e4 c5 Nf3 d6 d4 cxd4 Nxd4 a6 Bc4 Nf6
1719,1848,black,900+8,f4 d5 Nf3 Nf6 e3 e6 Be2 c5 d4 Nc6
1618,1458,black,60+3,e4 d5 exd5 Qxd5 Nf3 Qd8 Nc3 c6 d4 e6
1608,1413,white,900+15,e4 e5 Bc4 Nf6 d3 Bc5 h3 c6 Nf3 O-O
1430,1249,white,300+8,d4 d5 e3 e6 Nf3 Nf6 Bb5+ Bd7 Bxd7+ Nfxd7
1692,1234,white,600+4,Nf3 b6 d4 c5 d5 d6 e4 Nf6 Nc3 Bg4
1500,1323,white,60+0,e4 e5 Bc4 Nc6 Qf3 Nf6 Nh3 Nd4 Qd1 d6
1620,1552,white,300+0,e4 e5 Nf3 Nc6 Bc4 h6 O-O d6 c3 Nf6
1694,1577,white,600+4,Nf3 Nf6 c4 d6 d4 Nc6 Nc3 g6 e4 Bg4
1509,1520,white,300+3,e4 e5 Nf3 Nc6 Bb5 Bc5 c3 Nf6 O-O Nxe4
1771,1412,draw,240+0,e4 e5 f4 exf4 Qf3 g5 d4 d6 h4 gxh4
1500,1282,white,60+0,e4 e5 Bc4 Nf6 Qf3 Bc5 Nh3 O-O Ng5 c6
1475,1603,black,60+3,e4 e5 Nf3 Nc6 d4 exd4 Nxd4 Nxd4 Qxd4 Nf6
1621,1403,black,900+15,e4 e5 Bc4 Nf6 d3 Bc5 h3 O-O Nf3 Nc6
1713,1549,draw,600+8,e4 c5 Nf3 Nc6 d4 cxd4 Nxd4 d6 Bb5 Bd7
1696,1522,white,120+4,e4 e5 Nf3 d6 d4 Bg4 Be2 Nc6 dxe5 Bxf3
1628,1192,white,600+0,e4 e5 Nf3 Nc6 Bb5 Nf6 Bxc6 dxc6 d3 Bc5
1602,1723,white,600+3,d4 d5 c4 c6 Nc3 e6 Bf4 Nd7 Nf3 Bb4
1436,1375,white,420+3,d4 d5 e3 Bf5 h3 Nf6 Bd3 Bxd3 Qxd3 e6
1612,1307,white,60+0,d4 d5 e3 Nc6 c4 e6 cxd5 exd5 a3 Nf6
1610,1467,white,60+3,e4 d5 Nf3 dxe4 Ne5 Nd7 Nxd7 Bxd7 Bc4 Nf6
1639,1897,black,60+0,e4 d6 f3 e5 f4 Nf6 Nf3 Nxe4 fxe5 dxe5
1500,1500,white,60+0,e4 e6 Bc4 d6 d4 Be7 d5 Bd7 Nf3 exd5
1515,1619,white,120+16,d3 e5 e3 d5 h3 d4 e4 Nc6 a3 a6
1504,1500,black,300+5,d4 e5 dxe5 Nc6 Nf3 Qe7 Nc3 Nxe5 Nxe5 Qxe5
1771,1760,white,180+0,e4 d5 exd5 Qxd5 Nf3 Qa5 Nc3 a6 Bc4 e6
1771,1801,black,540+0,e4 c5 Nf3 d6 d4 cxd4 Nxd4 Nf6 Nc3 g6
1662,1337,white,60+0,e4 e5 Bc4 Nf6 Qe2 d6 Nf3 a6 Ng5 d5
1516,1372,white,120+4,e4 b6 f3 Bb7 d3 d5 Nd2 dxe4 Nxe4 e6
1460,1616,white,60+3,d4 d5 Nc3 Bf5 Nf3 e6 Bf4 Nf6 Qd2 Bb4
1634,1901,black,60+0,e4 d6 f3 e5 d3 Nf6 Bg5 Be7 Bxf6 Bxf6
1279,1720,black,60+0,e4 g6 d4 Bg7 Be3 b6 Bd3 Bb7 Nc3 Nc6
1318,1435,white,120+0,e4 b6 d4 Bb7 Bd3 e6 Nf3 c5 c3 cxd4
1385,1500,white,180+5,c4 e5 Nc3 d6 e4 Be6 Nf3 a6 d3 Bg4
1630,1906,draw,60+0,e4 e5 f4 d5 Nf3 dxe4 Nxe5 Bd6 d4 exd3
1293,1420,black,60+2,e4 b6 Nf3 Bb7 Bc4 e6 Nc3 Bb4 Bd3 Bxc3
1630,1178,white,600+0,e4 e5 Nf3 Nf6 Nc3 d6 Bb5+ c6 Ba4 b5
1638,1739,white,60+0,e4 e6 f4 c5 Nf3 Nc6 c3 Nf6 d4 Nxe4
1685,1788,black,180+0,d4 c5 e3 cxd4 Qxd4 e6 Qd1 Nf6 a3 Nc6
1523,1203,white,120+4,e4 e5 Nf3 Qf6 d4 exd4 Nxd4 Bc5 Be3 d6
1552,1630,black,300+5,e4 e5 Nf3 Nc6 Bc4 Bc5 Nc3 Nf6 d3 h6
1414,1500,white,120+0,e4 e5 Nf3 Nc6 Bb5 Nb4 c3 Nxa2 Rxa2 Bc5
1275,1271,white,120+0,e4 e5 Nf3 Qf6 Nc3 Bc5 h3 Qg5 d3 f6
1535,1611,white,300+3,e4 d5 exd5 Qxd5 Nc3 Qd8 Bb5+ c6 Be2 e5
1652,1716,draw,60+0,e4 c5 f4 e6 Nf3 Nc6 c3 Nge7 d4 d6
1509,1414,white,180+3,d4 c5 dxc5 e6 Bf4 Bxc5 e3 Nc6 a3 Qa5+
1801,1638,black,180+0,e4 d5 exd5 Qxd5 Nf3 Qa5 Nc3 a6 Bc4 e6
1500,1295,black,120+0,d4 d5 Nh3 Nc6 Ng5 Nf6 e3 Ne4 Bb5 Nxg5
1449,1663,black,300+8,e4 c5 f4 Nc6 Nf3 Nf6 e5 Nd5 g3 e6
1182,1436,black,120+0,d3 e5 c3 d5 d4 e4 Qd2 Nc6 Qe3 Nf6
1677,1489,white,300+5,e4 c6 d4 d5 Nc3 dxe4 Nxe4 Nf6 Qd3 Bf5
1265,1427,black,60+2,e4 b6 Nf3 Bb7 Nc3 e6 Ne5 Bb4 Qf3 f6
1714,1654,black,60+0,d4 d5 c4 dxc4 Nc3 e6 Nf3 Nf6 e4 Bb4
1703,1710,white,600+4,Nf3 d5 c4 d4 d3 c5 Bd2 Nc6 e3 e5
1748,1712,black,300+2,c4 c5 Nf3 Nc6 d4 cxd4 Nxd4 Nxd4 Qxd4 e6
1743,1479,white,300+5,e4 c6 d4 d5 exd5 cxd5 c4 e6 Nc3 Be7
1317,1197,white,120+0,e4 e6 Nf3 Qf6 Nc3 Nc6 Bc4 b5 Bxb5 Nb4
1929,1764,black,180+0,e4 Nf6 Nc3 c5 f4 d6 Nf3 Nc6 Bc4 e6
1719,1777,draw,180+0,d4 c5 e3 cxd4 Qxd4 Nf6 Be2 e6 Nf3 d5
1581,1530,black,900+15,e4 d6 Bc4 h6 h3 e6 Nf3 a6 d4 b6
1447,1151,white,120+0,e4 e5 Bc4 d6 Qf3 f6 Bxg8 h6 Bd5 Rg8
1526,1699,white,420+6,e4 e5 Nf3 Nc6 d4 exd4 Nxd4 Nxd4 Qxd4 d6
1330,1447,white,120+0,e4 e5 Nf3 Bc5 Bc4 Bxf2+ Kxf2 Qf6 Qe2 Ne7
1623,1700,white,60+0,e4 c5 Nf3 e6 d4 Nc6 d5 Be7 dxc6 bxc6
1106,1128,black,120+0,d4 e5 dxe5 f6 e4 fxe5 Qg4 Bc5 Bc4 Nf6
1500,1434,white,60+0,e4 b6 Bc4 Bb7 Bd5 Bxd5 exd5 c6 Qf3 cxd5
1847,1916,black,180+0,c4 e5 Nf3 d6 d4 e4 Nfd2 f5 e3 Nf6
1667,1619,draw,60+0,e4 d5 exd5 Qxd5 f4 Qa5 c3 a6 d4 e6
1684,1457,white,300+3,e4 e5 Bc4 Nc6 Nc3 Bb4 d3 d6 Qh5 Qe7
1774,1424,white,180+0,e4 e5 Nf3 Nc6 Bc4 d5 exd5 Na5 Bb5+ Bd7
1644,1431,white,600+0,d4 d5 Nc3 Nf6 Bf4 Nc6 Nb5 e6 Nxc7+ Ke7
1686,1636,black,60+0,d4 f5 c4 Nf6 Nf3 g6 Nc3 Bg7 e3 d6
1645,1427,black,60+0,e4 b6 Bc4 Bb7 Bd5 c6 Bb3 e6 Nf3 c5
1414,1017,white,120+0,e4 e5 Bc4 Qg5 Qf3 Qxd2+ Kxd2 Nc6 Qxf7+ Kd8
1526,1387,black,120+4,e4 g6 d4 Bg7 Be3 e6 Bc4 Ne7 c3 Nbc6
1572,1700,white,300+0,c4 c5 g4 Nc6 Nf3 d6 Bg2 Bxg4 Nc3 e5
1298,1471,black,300+5,e4 c6 d4 d5 exd5 cxd5 Nc3 e6 Nf3 h6
1648,1673,white,60+0,e4 e5 Nf3 Nc6 Bb5 f6 O-O Nge7 c3 a6
1779,1727,white,180+0,e4 d5 exd5 Qxd5 Nf3 Qa5 Nc3 h6 Bc4 a6
1649,1802,black,360+6,d4 d5 Nc3 Bf5 Bf4 Nf6 a3 Nc6 Nb5 Rc8
1665,1660,white,60+0,e4 d5 exd5 Qxd5 d4 Nf6 c4 Qa5+ Bd2 Qb6
1500,1441,black,60+2,e4 b6 d4 Bb7 d5 c6 Nc3 cxd5 exd5 e6
1501,1737,black,300+2,d4 d5 c4 e6 Nc3 c5 Nf3 Nc6 e3 Nf6
1689,1793,black,180+0,d4 c5 e3 e6 dxc5 Bxc5 a3 Nf6 b4 Bb6
1554,1166,black,900+15,e4 e5 Bc4 Nh6 d3 Qe7 Bxh6 gxh6 Qh5 Qb4+
1786,1542,white,420+6,f4 Nf6 Nf3 d6 d4 Nbd7 e3 e5 fxe5 dxe5
1676,1695,black,60+0,e4 Nf6 e5 Nd5 d4 Nb6 f4 d6 Nf3 g6
1620,1855,black,900+10,e4 c5 Nf3 e6 d4 cxd4 Nxd4 a6 a3 e5
1552,1380,white,900+8,e4 e5 Nf3 Bd6 Bc4 Nh6 d3 f6 Bxh6 gxh6
1806,1763,white,240+0,d4 d5 Nf3 Nf6 g3 Bg4 c4 c6 Ne5 Bf5
1741,1709,black,600+8,d4 Nf6 c4 e6 Nc3 g6 e4 d6 f4 Nbd7
1374,1559,black,900+8,e4 e5 Nf3 Nc6 d3 Bc5 a3 Nd4 Nxe5 d6
1666,1621,white,60+0,e4 d5 exd5 Qxd5 d4 Qa5+ c3 a6 Be3 Qb6
1551,1543,black,300+30,e4 d6 h3 e6 Nf3 h6 d4 a6 Bd3 g6
1350,1565,black,600+10,e4 e5 Nf3 Nc6 a3 Bc5 d3 h6 b4 Bb6
1599,1328,white,120+0,e4 e5 f4 exf4 Nf3 g5 Bc4 g4 Bxf7+ Kxf7
1676,1605,white,60+0,e4 d5 exd5 Qxd5 d4 Qa5+ c3 a6 Bd2 e6
1729,1624,draw,180+0,e4 e6 d4 d6 Nf3 b6 Nc3 Bb7 Bd3 Nd7
1599,1328,white,120+0,e4 c6 f4 d5 e5 e6 d4 c5 Nf3 cxd4
1538,1791,black,420+6,e4 e5 Nf3 Nc6 d4 exd4 Nxd4 Bc5 Be3 Nxd4
1711,1749,black,300+5,c4 e5 Nc3 Nf6 e3 Nc6 Nge2 d5 Ng3 d4
1685,1725,black,60+0,e4 c6 d4 e5 d5 d6 dxc6 bxc6 Nf3 f5
1665,1508,white,240+4,d4 e6 c4 d5 e3 Bb4+ Bd2 Bxd2+ Nxd2 Nf6
1627,1725,white,180+0,d3 d5 e3 e5 g3 Nc6 Bg2 Nf6 Ne2 Bf5
1315,1578,black,900+10,e4 g6 Nf3 Bg7 Bc4 e6 d3 Ne7 Ng5 O-O
1591,1751,black,60+0,d4 Nf6 e3 c5 c4 cxd4 Qxd4 d5 Qd1 Nc6
1279,1783,black,480+0,g3 c5 Bg2 Qb6 Nf3 Nc6 O-O Nd4 Nxd4 cxd4
1779,1500,white,480+0,d4 d5 c4 e6 Nc3 dxc4 e3 a6 Bxc4 c5
1845,2016,white,180+0,c4 Nf6 Nf3 c5 Nc3 b6 e3 Bb7 d4 cxd4
1753,1661,white,240+0,c4 d5 cxd5 Qxd5 Nc3 Qa5 g3 a6 Bg2 e6
1511,1689,white,900+5,e4 e5 Bb5 Nf6 d3 a6 Ba4 b5 Bb3 d5
1753,1564,white,300+3,d4 d6 c4 Nf6 Nc3 c6 Nf3 Bg4 e3 d5
1671,1806,white,300+1,d4 e6 c4 Nf6 Nc3 c5 Nf3 cxd4 Qxd4 Bb4
1767,1950,black,120+0,c4 c5 Nf3 b6 e3 Bb7 Nc3 Nf6 g3 e6
1575,1596,white,60+2,e4 e5 Nf3 Nc6 Bc4 Bc5 d4 exd4 O-O d6
1583,1486,white,480+5,e3 e5 b3 d5 Bb2 e4 d3 exd3 cxd3 Nf6
1614,1574,white,300+4,e4 d6 d4 Nf6 Nc3 c6 f3 g6 Be3 b5
1275,1655,white,300+5,e4 c5 Nf3 Nc6 d4 cxd4 Nxd4 g6 Nxc6 bxc6
1584,1542,black,120+1,e4 e5 Bc4 Nf6 d3 Bc5 f4 d5 exd5 Nxd5
1592,1494,white,1800+0,d4 e6 Nf3 d5 g3 Nc6 Bg2 e5 Nxe5 Nxd4
1639,1277,black,1800+3,d4 g6 c4 Nh6 Nc3 Bg7 Nf3 O-O e3 d6
1412,1500,black,660+6,e4 d5 d3 dxe4 dxe4 Qxd1+ Kxd1 g6 Nf3 Bh6
1555,1572,black,120+1,Nf3 d5 Nc3 c6 d4 Bg4 e4 e6 exd5 cxd5
1444,1324,black,420+3,e4 e5 Nc3 Qh4 Qf3 Nf6 Bc4 Bc5 Nh3 O-O
1741,1702,white,300+2,c4 c5 Nf3 Nc6 d4 e6 Nc3 cxd4 Nxd4 Nxd4
1624,1835,white,300+4,e4 g6 d4 Bg7 f3 d6 Nc3 Nc6 Be3 e5
1588,1364,white,60+2,e4 e5 Nf3 Nc6 Bc4 Nf6 Ng5 d5 exd5 Nxd5
1688,1533,white,420+6,e4 c6 d4 d5 e5 f6 Bf4 Qa5+ Nc3 Be6
1689,1220,white,300+3,e4 d5 exd5 Qxd5 Nc3 Qd8 Nf3 Nf6 Be2 Nd5
1662,1558,black,300+2,d4 d6 a3 Nf6 e3 g6 h3 Bd7 Nf3 Nc6
1759,1863,black,300+0,e4 e6 d4 b6 Nf3 Bb7 Bd3 c5 c3 cxd4
1593,1655,white,60+2,e4 e5 Nf3 Nc6 Bc4 h6 d4 exd4 Nxd4 Nxd4
1405,1301,white,660+6,e4 e5 Nf3 Nc6 Bc4 Nh6 d3 a6 Bd5 Nd4
1371,1396,black,300+3,e4 c6 Nc3 e6 Nf3 b5 Bd3 Ba6 O-O b4
1692,1751,black,300+2,c4 e6 e3 d5 f4 c5 d4 Nc6 Nf3 Nf6
1790,1810,black,360+0,e4 c6 d4 d5 exd5 cxd5 Nf3 Nc6 Be2 Bf5
1604,1336,white,60+2,e4 e5 Nf3 Nc6 Bc4 h6 d4 exd4 Nxd4 Nxd4
1733,1344,white,300+8,d4 e5 dxe5 Bc5 e3 Qh4 Nf3 Qe7 Nc3 Bb4
1691,1477,white,300+3,d4 f5 Nf3 d5 e3 Nf6 c4 e6 cxd5 Nxd5
1900,1935,white,240+1,e4 e5 Nf3 Nc6 d4 exd4 Bc4 Nf6 Ng5 d5
1377,1500,black,240+0,e4 d5 e5 e6 Nf3 a6 d4 c5 dxc5 Bxc5
1608,1332,white,60+2,e4 e5 Nf3 Nc6 Bc4 Qf6 d4 d6 Bg5 Qg6
1330,1648,black,300+2,d4 d5 e4 dxe4 Nc3 Bf5 f3 exf3 Qxf3 Bc8
1702,1300,white,300+8,e4 g6 Bc4 Nh6 d4 Bg7 e5 O-O Bxh6 Bxh6
2009,1496,white,420+0,d4 e6 f4 b6 e3 Bb7 Nf3 Nh6 Be2 c5
1542,1724,black,420+0,d4 d5 c4 e6 Nc3 Nf6 Nf3 Be7 e3 c5
1612,1327,white,60+2,e4 e5 Nf3 Nc6 Bc4 Qf6 d4 d6 O-O exd4
1671,1551,white,1500+0,e4 c5 d4 cxd4 c3 dxc3 Nxc3 e6 Nb5 d6
1327,1753,black,60+0,e4 c5 Qh5 Nf6 Qxc5 e6 Qe3 Nc6 c3 Be7
1616,1315,white,60+2,e4 a6 Nf3 b5 Be2 Bb7 d3 h6 O-O g5
1755,1323,black,60+0,d4 d5 e4 Bf5 Nc3 dxe4 f3 exf3 Nxf3 Nf6
1366,1494,black,300+3,e4 e6 Nf3 b6 d4 Bb7 Nc3 Bb4 Bd3 c5
1646,1467,white,420+5,e4 c5 d4 cxd4 Qxd4 Nc6 Qd1 e6 Bb5 a6
1481,1292,black,600+5,d4 d5 Nc3 Nf6 g3 e6 Bg2 Na6 e4 dxe4
1923,1912,black,240+1,e4 e5 f4 Bc5 Nf3 d6 Bc4 Nf6 Nc3 a6
1466,1428,white,420+3,e4 e5 Nf3 Nc6 Bc4 Nf6 O-O Bc5 h3 O-O
1620,1349,white,60+2,e4 e6 Nf3 d6 d4 Nf6 Bd3 Be7 c3 Nc6
1542,1548,white,300+0,e4 e5 Nf3 Nc6 Bc4 Qf6 d3 h6 h3 Bc5
1482,1471,draw,300+0,e3 a6 Be2 b5 Bf3 c6 Nh3 Bb7 O-O d5
1697,1471,white,300+3,d4 f5 Nf3 d5 e3 Nf6 c4 c6 c5 e6
1636,1478,black,480+5,e4 e5 Bc4 d6 d3 Be6 Nd2 Nf6 Bxe6 fxe6
1554,1592,black,600+5,d3 d5 e3 e5 h3 Nc6 a3 Nf6 b3 Be6
1820,1651,white,300+2,d4 d5 c4 c6 Nc3 dxc4 a4 b6 e4 Ba6
1554,1502,black,240+4,e4 e5 Nf3 Qf6 Nc3 c6
1656,1729,white,240+0,d4 d5 c4 Nf6 e3 e6 c5 b6 cxb6 axb6
1824,1911,white,180+0,e4 e5 Nf3 Nc6 Bb5 a6 Bxc6 dxc6 h3 Bd6
1699,1345,white,120+0,d4 d6 e4 e6 f3 Nf6 Be3 h6 Bc4 Bd7
1729,1869,white,180+2,e4 c5 f4 Nc6 Nf3 d6 Bb5 Bd7 O-O Qb6
1645,1503,black,300+2,d4 e6 a3 a5 e3 b6 Nf3 Bb7 Be2 c5
1413,1327,black,660+6,e4 e5 Nf3 Nf6 Bc4 Bd6 Ng5 O-O d3 Bc5
1398,1186,black,180+5,d4 d6 Na3 e5 e3 exd4 Qxd4 Be7 Qxg7 Bf6
1482,1419,black,300+0,e3 d5 Be2 e5 Bg4 Bxg4 Qxg4 Nf6 Qe2 Nc6
1703,1649,black,60+0,d4 f5 Bg5 Nf6 e3 Ne4 Bf4 d6 Nd2 g6
1652,1687,draw,420+5,e4 e6 d4 d5 exd5 exd5 Be2 Nf6 Bg5 h6
1898,1838,white,180+0,e4 e6 Nf3 c5 d4 cxd4 Nxd4 Nc6 Nc3 Bb4
1402,1492,black,660+6,e4 e5 Nf3 d6 Bc4 Nf6 Ng5 d5 exd5 Nxd5
1461,1683,white,180+16,e4 e5 Nf3 Nc6 Bc4 Nf6 Ng5 d5 exd5 Nxd5
1381,1297,white,1800+30,e4 g6 d4 Nh6 Nc3 Bg7 Nf3 O-O Bf4 d6
1854,1747,black,180+2,e4 d5 e5 c5 c3 Nc6 d4 Qb6 Ne2 Bg4
1478,1536,white,420+0,e4 e5 Bc4 Bc5 Nf3 h6 Nxe5 Bxf2+ Kxf2 Qf6+
1669,1469,white,240+0,d4 e6 c4 Bb4+ Bd2 Bxd2+ Nxd2 Ne7 Ngf3 O-O
1348,1452,white,900+0,e4 e5 f4 exf4 Nf3 d5 e5 Nc6 d4 Bb4+
1829,1907,white,180+0,e4 e5 Nf3 Nc6 Bb5 a6 Bxc6 dxc6 h3 f6
1855,1703,white,1200+1,d4 d5 e3 e6 Nf3 Bd6 c4 b6 Nc3 Bb4
1684,1124,white,120+0,e4 e5 d4 d6 dxe5 Nc6 exd6 Bxd6 Nf3 Bb4+
1448,1549,white,300+0,e4 e5 f4 exf4 Nf3 Nc6 Bc4 Bc5 d4 Bb6
1490,1382,white,240+4,d4 e6 g3 Nc6 Bg2 Nf6 f3 d5 e4 Bd6
1700,1824,white,300+5,d4 Nf6 Nc3 d5 e4 dxe4 f3 exf3 Nxf3 g6
1962,1923,white,240+1,d4 Nf6 c4 g6 Nc3 Bg7 e4 d6 Be2 O-O
1837,1630,black,300+2,d4 d5 c4 c6 Nc3 dxc4 a4 b6 e4 Ba6
1230,1374,black,180+5,d4 e5 e3 Nc6 Nd2 exd4 Nc4 Nf6 exd4 d5
1826,1675,white,120+2,d4 b5 c4 bxc4 e4 Bb7 Nc3 e6 Bxc4 Nf6
1685,1119,white,120+0,c4 e5 Nc3 c5 g3 b6 Bg2 Nc6 e3 d6
1523,1529,black,420+0,d4 c5 d5 d6 c4 Nf6 Nc3 a6 e4 Bd7
1390,1244,white,1800+30,e4 d5 exd5 Qxd5 Nc3 Qe5+ Qe2 Qxe2+ Bxe2 b6
1616,1541,black,1800+0,d4 d5 e3 Bf5 c4 e6 cxd5 exd5 a3 Nc6
1687,1619,white,120+0,e4 c5 e5 Nc6 Nf3 d6 exd6 exd6 d4 Bg4
1619,1523,white,300+3,e4 c5 Nf3 d6 g3 Nf6 d3 Bg4 Bg2 e5
1843,1529,white,180+0,e4 e5 Nf3 Nc6 Bb5 Nf6 Bxc6 dxc6 d3 Bd6
1666,1478,white,180+16,e4 c5 Bc4 e6 Nf3 Nc6 Nc3 a6 a3 Nge7
1686,1653,white,420+5,e4 e5 Nf3 d6 Bc4 h6 Nc3 Bg4 h3 Bh5
1176,1279,black,240+5,d4 d5 e3 Nc6 Nf3 e6 Be2 Nb4 c3 Na6
1531,1712,black,600+5,e4 e5 Nf3 Nc6 a3 Bc5 b4 Bb6 d3 d6
1643,1698,white,420+5,e4 e6 d4 d5 exd5 exd5 Be2 Nc6 c3 Nf6
1525,1380,white,240+4,d4 d5 c4 dxc4 Nc3 Nc6 e4 Nf6 Bxc4 Be6
2011,1972,white,420+0,d4 Nf6 f4 c5 e3 cxd4 exd4 d6 c3 g6
1463,1068,white,300+0,e3 d5 Be2 e6 d4 b6 Nf3 Bb7 O-O Bd6
1846,1764,white,180+0,e4 d5 exd5 Nf6 d4 Nxd5 Nf3 Bg4 Be2 e6
1678,1693,white,1500+0,e4 e6 Nf3 d5 Ne5 dxe4 d4 exd3 Bxd3 Bd6
1700,1690,black,120+0,d4 e5 dxe5 Nc6 Nf3 d6 exd6 Bxd6 e3 Nf6
1542,1663,black,420+5,e4 e5 c3 c5 a3 a5 a4 Nc6 Nf3 Nf6
1540,1512,black,420+0,e4 e5 Nf3 Nc6 Bb5 d6 O-O Bd7 Re1 Nf6
1443,1602,white,600+0,e4 g6 d4 Bg7 Bd3 e6 c4 Ne7 f4 Nbc6
1567,1527,black,420+8,e4 e5 Nf3 Nc6 c3 d5 exd5 Qxd5 Be2 Bg4
1498,1496,white,60+10,d4 d5 g3 Nf6 Bg2 c6 f3 e6 e3 Na6
1683,1618,black,240+4,c4 g6 Nc3 Bg7 d4 Nc6 e3 d6 f4 Bf5
1465,1266,white,300+0,e3 e5 Be2 Nf6 b3 Ne4 Bb2 d6 Bg4 Bxg4
1176,1493,white,600+2,d4 d5 Nd2 e6 e4 dxe4 Nxe4 Nf6 Bd3 Be7
1684,1702,black,120+0,d4 Nf6 c4 e5 dxe5 Ng4 Nf3 Bc5 e3 Nc6
1855,1769,white,180+0,e4 e5 Nf3 d6 Bc4 Bg4 h3 Bxf3 Qxf3 Qe7
1674,1498,white,240+0,d4 Nf6 c4 g6 Nc3 Bg7 e3 O-O Nf3 d6
1647,1834,black,240+0,e4 e5 f4 Qh4+ g3 Qf6 f5 Bc5 Nf3 d5
1683,1534,black,180+0,e4 e5 f4 exf4 Nf3 d6 d4 Bg4 Bc4 Qh4+
1713,1669,black,120+0,e4 d5 exd5 Qxd5 Nc3 Qd8 Bb5+ Bd7 Be2 Nf6
1551,1419,white,120+0,e3 g6 d4 Bg7 c4 b6 Nf3 Bb7 Nc3 d6
1515,1628,white,300+3,e4 e6 d4 d5 e5 c5 c3 Nc6 Be3 Qb6
1386,1361,black,900+0,e4 c5 Bc4 e6 d3 a6 Nf3 d6 e5 Nc6
1670,1534,white,420+5,e4 d5 e5 e6 d4 a6 f4 g6 Nf3 Nh6
1471,1641,white,300+0,e3 e6 Be2 d6 d4 b6 Bf3 Bb7
1697,1632,white,300+5,c4 c5 d4 cxd4 b4 e5 c5 Nf6 Nf3 d6
1438,1643,black,360+6,d4 d5 e3 Bf5 Nd2 Nc6 Be2 a6 Ngf3 Nb4
2022,1700,white,420+0,d4 d5 e3 Nf6 Bd3 Nc6 c3 e5 f4 exf4
1962,1760,white,300+2,d4 d5 c4 e6 Nc3 c5 cxd5 exd5 e3 Nc6
1686,1700,black,120+0,c4 d5 d4 e5 dxe5 d4 e3 Nc6 Nf3 Bg4
1518,1439,black,120+0,e4 e5 Nf3 Nc6 Bc4 Bc5 Nxe5 Nxe5 d4 Bb6
1426,1729,white,120+1,e4 e5 f4 d6 Nf3 Nc6 Bc4 Bg4 h3 Bxf3
1872,1524,white,600+5,c4 e5 e4 d6 d3 Nc6 Nc3 Be7 f4 h6
1913,1968,black,240+1,e4 e6 d4 c5 d5 e5 c4 d6 f4 exf4
1524,1528,white,420+0,d4 c5 d5 d6 c4 Nf6 Nc3 a6 e4 b5
1697,1641,white,300+2,e4 e5 Nc3 Nf6 Nf3 d5 exd5 e4 Ng1 Bc5
1381,1437,black,480+8,e4 e5 Nf3 d6 d3 b5 h3 a6 Nc3 c6
1488,1373,white,300+0,e3 e6 Be2 Nc6 Bf3 Nf6 Bxc6 dxc6 Nf3 Bd7
1538,1480,black,420+8,e4 e5 Nf3 d6 d4 exd4 Nxd4 g6 Nc3 Bg7
1469,1505,white,120+0,d4 d5 c4 e6 Nc3 Nf6 Nf3 Nbd7 Bf4 c5
1461,1542,white,600+0,e4 c6 d4 e6 f4 a6 c4 h6 g4 Qh4+
1390,1558,black,900+10,e4 e5 Nf3 d6 Bc4 h6 d3 c6 c3 d5
1711,1672,white,120+0,e4 d5 exd5 Qxd5 Nc3 Qd8 Bb5+ Nd7 Qe2 Nf6
1716,1490,white,120+2,d4 e6 e4 d5 e5 c5 f4 cxd4 Bd3 Bc5
1680,1596,white,240+0,d4 Nf6 c4 d6 Nf3 g6 Nc3 Bg7 e3 O-O
1234,1475,black,480+5,d4 d5 c3 e6 e3 Nf6 Nf3 Bd6 Na3 h6
1659,1721,white,120+0,e4 e5 f4 d5 d4 Nc6 Bb5 exd4 Qxd4 dxe4
1583,1710,black,120+1,e4 e5 Nf3 d6 Nc3 Nc6 Bc4 Nf6 d3 Be7
1790,1822,black,180+3,e4 c6 f4 d5 exd5 cxd5 Nf3 Nc6 d4 Nf6
1485,1721,black,120+2,e4 c5 Bc4 e6 Nc3 a6 a3 b5 Ba2 Bb7
1832,1780,white,180+3,e4 e6 f4 Be7 Nf3 Nc6 d4 b6 c4 Bb7
1683,1656,white,420+5,e4 e5 Nf3 Nc6 Bc4 h6 c3 d5 exd5 Na5
1656,1683,black,420+5,e4 e5 Nf3 Nc6 d4 exd4 Nxd4 Qh4 Qd3 Ne5
1500,1576,white,120+0,d4 d5 e3 Nf6 c4 e6 cxd5 exd5 a3 Nc6
1708,1676,black,120+0,e4 e6 Be2 d5 e5 c5 f4 Nc6 d3 f6
1681,1689,black,780+4,e4 d5 exd5 Qxd5 Nc3 Qd8 d4 g6 Nf3 Bg7
1436,1573,black,0+10,d4 d6 Nf3 Nf6 c4 c6 Bg5 g6 Nc3 Bg7
1726,1480,white,120+2,d4 e6 Nc3 d5 e4 Nc6 e5 Bb4 f4 Nge7
1771,1842,white,180+3,e4 c6 f4 d5 e5 e6 Nf3 f6 d4 c5
1567,1491,white,300+3,e4 e5 Nf3 Nc6 Bb5 a6 Ba4 h6 O-O Nf6
1403,1365,black,240+4,e3 e5 b3 Nc6 Bb2 Nf6 Nf3 d6 Be2 Be7
1947,1754,white,300+2,e4 c5 Nf3 d6 d4 cxd4 Nxd4 Nf6 Nc3 a6
1706,1977,black,300+2,e4 e5 Nc3 Nc6 Nf3 Nf6 Bb5 d6 d4 exd4
1862,1692,white,1200+1,d4 f6 Nf3 e6 c4 b6 e3 Bd6 Be2 Ne7
1731,1153,white,120+1,d4 d5 c4 dxc4 Nc3 b5 Nxb5 a6 Nc3 Bd7
1566,1716,white,120+0,e4 d5 exd5 Qxd5 Nc3 Qa5 Nf3 a6 d3 e6
1622,1663,white,600+0,d4 Nf6 c4 g6 Nc3 Bg7 g3 d5 Bg2 dxc4
1689,1657,black,1500+0,e4 e5 Nf3 d6 h3 Nf6 Nc3 g6 Bc4 Bg7
1148,1732,black,120+1,e4 c5 c4 e6 d3 Nf6 f3 d6 g4 Be7
1691,1696,white,120+0,d4 d5 Bg5 f6 Bh4 g5 Bg3 h5 h4 g4
1749,1954,white,300+2,c4 Nf6 Nc3 g6 e4 d6 d4 Bg7 f3 O-O
1982,1702,white,300+2,d4 d5 c4 dxc4 e3 Nf6 Bxc4 Nc6 Nf3 Bg4
1688,1522,white,240+0,d4 d5 c4 dxc4 e4 f6 Bxc4 e6 Qb3 Qe7
2026,1720,white,420+0,d4 e6 f4 d5 Nf3 c5 e3 cxd4 exd4 Nc6
1540,1500,white,60+0,d4 e5 e3 d6 dxe5 Nc6 exd6 cxd6 a3 Nb4
1662,1465,draw,240+4,e4 e6 Nf3 d5 exd5 exd5 h3 d4 Bb5+ Bd7
1698,1517,white,300+2,e4 e5 Nc3 Nf6 Nf3 d6 d4 exd4 Qxd4 Nc6
1594,1894,black,300+3,e4 e5 Nf3 Nc6 Bb5 a6 Ba4 Nf6 O-O Be7
1555,1616,white,420+8,e4 e5 Nf3 Bc5 c3 Nf6 d4 exd4 cxd4 Bb4+
1457,1361,white,600+0,e4 c6 d3 d5 Qe2 Nf6 exd5 cxd5 d4 Bg4
1786,1636,white,120+5,e4 e5 Nf3 Nc6 Bb5 Bd6 d4 exd4 Nxd4 Bc5
1608,1535,black,60+0,d4 f5 e3 d5 c4 c6 Nc3 e6 a3 Nf6
1500,1376,black,180+0,e3 g6 b3 Bg7 c3 b6 Bc4 Bb7 f3 e6
1670,1228,white,360+8,e4 d5 exd5 Qxd5 Nc3 Qe5+ Nge2 e6 d4 Qf6
1657,1590,draw,240+4,e4 c6 Nf3 Nf6 Nc3 d5 exd5 Nxd5 Nxd5 Qxd5
1683,1505,white,360+0,e4 e5 Nf3 Nf6 Nxe5 Bc5 d4 Qe7 Nf3 Nxe4
1554,2122,white,600+8,f4 b5 Nf3 Bb7 Nc3 d5 e3 b4 Ne2 Nc6
1516,1485,white,300+8,d4 d5 g3 Nf6 Bg2 g6 f3 Bg7 e4 dxe4
1550,1508,black,60+0,e4 d5 exd5 Qxd5 Nc3 Qa5 Qf3 a6 Bc4 e6
1905,1520,white,240+1,e4 e6 d4 b6 Be2 Bb7 Bf3 c5 Be3 cxd4
1249,1299,black,300+5,d4 c6 Nf3 d5 e3 Bg4 Be2 e6 O-O Nf6
1521,1875,black,600+5,e4 c5 Nf3 Nc6 d4 e6 Nc3 Nge7 d5 exd5
1338,1465,black,720+12,e4 e5 Nf3 d6 Nc3 Be7 Qe2 Nf6 Nh4 O-O
1495,1584,black,300+0,e3 e5 Be2 d5 Bg4 Bxg4 Qxg4 Nf6 Qe2 Bd6
1512,1704,white,300+2,e4 e5 Nf3 Nc6 Bb5 d6 c3 Bd7 O-O Nf6
1584,1536,black,60+0,d4 d5 e3 f5 c4 e6 Nc3 c6 h3 Nf6
1635,1447,white,300+7,e4 e5 d4 d6 d5 g5 Nf3 h6 h4 f6
1457,1372,black,600+5,e4 e5 Nf3 d6 Bc4 Nf6 d3 c6 a3 b5
1694,1629,black,240+0,d4 d5 c4 Be6 c5 b6 b4 Nc6 b5 Na5
1343,1585,black,480+8,d4 d5 Nf3 Nf6 g3 e6 Bg2 Bb4+ c3 Be7
1774,1792,white,180+0,e4 c5 Nf3 d6 d4 cxd4 Nxd4 a6 Nc3 e6
1551,1519,black,60+0,e4 d5 exd5 Qxd5 Nc3 Qa5 Nf3 a6 Bc4 e6
1505,1225,white,600+0,d4 d5 Bf4 h6 e3 g5 Bg3 Nf6 Be5 Bg7
1634,1672,black,600+0,d4 e6 c4 d5 Nc3 Bb4 Qa4+ Nc6 a3 Bxc3+
1487,1252,white,300+0,e3 e5 Be2 d5 Bg4 Bxg4 Qxg4 e4 Qe2 f6
1502,1385,black,180+0,e4 g6 Bc4 Bg7 Nf3 e6 Ng5 Qxg5 d3 Qd8
1897,1986,white,300+2,e4 e6 Nc3 c5 Nf3 Nc6 d3 d5 g3 d4
1573,1536,white,60+0,d4 f5 e3 d5 c4 e6 cxd5 exd5 a3 c5
1548,1590,white,180+0,d4 d5 e3 Nf6 f4 e6 Nf3 Be7 c4 O-O
1505,1505,black,60+2,e3 c5 d3 d6 g3 Nc6 Bg2 Nf6 Ne2 g6
1655,1607,white,240+4,e4 e5 Nf3 Nc6 h3 g6 Nc3 Bg7 Bc4 Nf6
1421,1065,white,240+0,e4 e5 Nf3 Bc5 c3 Nf6 d3 Nc6 Be2 O-O
1524,1613,black,60+0,e4 d5 exd5 Qxd5 Nc3 Qa5 Nf3 a6 d4 e6
1500,1564,white,600+0,d4 d5 Nf3 Nc6 Bf4 Bf5 h3 Nb4 e4 Bxe4
1500,1706,white,600+0,e4 e5 Qh5 Nc6 Bb5 Nf6 Qg5 h6 Qg3 d6
1643,1514,white,60+0,d4 d5 e3 e6 a3 f5 h3 c6 c4 Nf6
1345,1220,white,900+8,e3 d5 h3 e5 a4 a5 Bb5+ Bd7 Be2 e4
1509,1650,black,600+0,d4 g6 e4 Bg7 e5 d6 exd6 cxd6 d5 Nf6
1400,1457,white,180+0,Nf3 e6 d4 Nf6 e3 Ng4 Ne5 Nxf2 Kxf2 Qf6+
1675,1343,white,60+0,e4 e5 Nf3 d5 exd5 Qxd5 Nc3 Qd6 Bc4 Nc6
1472,1536,white,300+4,e4 e5 Nf3 Nc6 Bc4 Bc5 c3 a6 d4 exd4
1646,1467,white,300+2,d4 e5 dxe5 Nc6 a3 Qe7 b4 Qxe5 c3 Nf6
1690,1398,white,60+0,e4 e6 Nf3 f6 d4 g6 Nc3 g5 Bc4 d6
2030,1517,white,420+0,d4 e6 f4 b6 e3 Bb7 Nf3 Nc6 Bd3 Nb4
1423,1500,white,1740+29,e4 e5 d4 Bb4+ Bd2 Bd6 Nf3 Nc6 dxe5 Bxe5
1574,1544,white,600+8,f4 e6 Nf3 Ne7 e3 a6 Nc3 b6 Bd3 Bb7
1687,1528,white,300+2,e4 e5 Nc3 Nf6 Nf3 Nc6 Bb5 a6 Bxc6 bxc6
1664,1580,black,240+4,e4 d6 Nf3 Nf6 Nc3 c6 h3 g6 Bc4 b5
1492,1194,black,300+0,e3 e5 Be2 d5 Bg4 Nf6 Bxc8 Qxc8 Nf3 e4
1681,1785,black,240+0,d4 Nf6 c4 g6 Nf3 Bg7 Nc3 d6 e3 O-O
1474,1588,white,300+8,d4 d5 c4 e6 Nf3 dxc4 e3 b5 a4 Ba6
1604,1619,white,420+8,e4 e5 Bc4 d6 Nf3 Nf6 d3 h6 Nc3 c6
1516,1494,white,60+2,d4 d6 c4 e6 Nc3 g6 Nf3 Bg7 e3 Ne7
1340,1378,black,240+4,e4 e5 Nf3 Nc6 d4 d5 dxe5 dxe4 Qxd8+ Kxd8
1667,1372,white,60+0,d4 e6 e3 d5 c4 Nc6 a3 Na5 Nc3 Nf6
1671,1799,white,600+0,e4 e5 Nf3 d6 Bc4 Bg4 Nc3 Nf6 d3 Nc6
1705,1526,white,60+0,e4 c5 Nf3 d6 c3 Nc6 d4 cxd4 cxd4 Nf6
1372,1667,black,60+0,d4 d5 e3 e6 Nf3 a6 Nc3 c5 Bd2 cxd4
1447,1647,black,600+1,e4 c5 Nf3 Nc6 Bc4 e6 d4 d5 exd5 exd5
1678,1325,white,60+0,d4 d5 e3 c6 c4 Na6 cxd5 Qxd5 a3 e6
1489,1412,black,180+0,c4 g6 Nc3 Bg7 Qb3 e6 e3 c6 Nge2 d5
1460,1652,black,300+2,e4 e5 Nf3 Nc6 d4 Bd6 d5 Nce7 Nc3 a6
1907,1765,white,240+1,e4 c5 Nf3 d6 Bb5+ Bd7 a4 Nc6 O-O a6
1437,1476,white,180+0,d4 e6 a3 Be7 Nc3 Nf6 Bf4 O-O Nb5 d6
1182,1312,white,900+0,Nf3 d6 e4 e5 h3 Nc6 g4 Nf6 d3 Na5
1728,1688,white,60+0,e4 d5 exd5 Qxd5 Nc3 Qa5 Nf3 a6 Bc4 e6
1522,1694,black,300+2,d4 d5 c4 dxc4 e3 Nf6 Bxc4 e6 Nc3 Nc6
1502,1676,black,600+0,d4 d5 Bf4 c5 dxc5 Nc6 c4 dxc4 Qxd8+ Nxd8
1733,1404,white,120+1,d4 d5 c4 e6 Nc3 c6 Bf4 Nf6 e3 Nbd7
1673,1614,white,240+0,d4 Nf6 c4 e5 d5 Bb4+ Nc3 Ne4 Qc2 Nxf2
1785,1695,black,120+0,e4 e6 d4 c5 Nf3 cxd4 Nxd4 Nc6 c3 Nxd4
1624,1288,white,600+0,d4 g6 c4 Nh6 g3 Bg7 Nf3 O-O Nc3 d6
1695,1682,black,360+8,e4 e6 d4 d5 e5 c5 c3 Nc6 Nf3 Nge7
1971,1911,black,180+5,d4 Nf6 c4 g6 Nc3 Bg7 e4 O-O Be2 d6
1761,1661,white,60+0,e4 d5 exd5 Qxd5 Nc3 Qa5 Nf3 a6 Bc4 e6
1333,1579,black,120+0,e4 e5 d3 d6 Nc3 Nf6 f4 Nc6 Nf3 Bg4
1709,1770,black,120+0,e4 e5 Nf3 f5 exf5 Nf6 Bc4 d5 Bb3 Bd6
1784,1590,black,480+0,d4 Nf6 c4 Nc6 Nf3 e6 Bg5 d5 Nc3 Be7
1395,1500,draw,660+6,e4 e5 Nf3 Nc6 Bc4 Bc5 h3 Nf6 Ng5 O-O
1593,1651,white,240+4,e4 e5 Nf3 d6 Bc4 h6 d4 Bg4 dxe5 Nd7
1658,1454,black,300+2,d4 d5 a3 Nc6 h3 e5 e3 exd4 exd4 Qe7+
1710,1658,black,600+0,d4 e6 e4 Be7 f4 Nf6 e5 Nd5 c4 Bb4+
1426,1476,black,180+0,Nf3 d5 d4 Nc6 e3 Bg4 Bd3 e5 Nxe5 Bxd1
1639,1786,black,60+0,d4 e6 e3 d5 c4 c5 cxd5 exd5 a3 Nf6
1682,1499,black,240+0,d4 e6 c4 Be7 Nf3 Nh6 e4 O-O Bd3 Bf6
1464,1639,white,180+0,d4 d5 Nc3 e6 a3 Nf6 Bf4 a6 Be5 c5
1679,1380,white,240+1,e4 e5 Nf3 d6 d3 Bg4 Be2 Bxf3 Bxf3 h6
1619,1705,black,600+0,e4 e5 Qh5 Nc6 Bc4 Qf6 Nf3 Bc5 Bd5 Nge7
1780,1700,white,120+0,e4 e6 Bc4 c5 d4 Nc6 dxc5 Bxc5 Nf3 Qb6
1500,1554,white,660+6,e4 e5 Nf3 d6 d4 exd4 Bc4 Be7 Nxd4 Nf6
1806,1623,black,60+0,e4 d5 exd5 Qxd5 Nc3 Qa5 Bc4 a6 Nf3 e6
1569,1614,black,420+8,e4 e5 Nf3 Bc5 c3 Nf6 d4 exd4 cxd4 Bb4+
2032,1708,white,420+0,d4 d5 e3 Nf6 f4 g6 c3 Bg7 Bd3 O-O
1700,1430,white,300+2,e4 e6 Nc3 d5 exd5 exd5 d4 Nf6 Nf3 Nc6
1525,1644,black,480+5,e4 e5 Nf3 Nc6 d3 Nf6 c3 Bc5 Bg5 O-O
1585,1534,white,600+8,f4 e6 Nf3 a6 e3 Ne7 Bc4 b6 Nc3 Bb7
1582,1500,white,1800+8,e4 c6 d4 Nf6 e5 Nd5 c4 Nb4 Nc3 d5
1500,1572,white,300+0,e4 c5 Nh3 d6 Bb5+ Nc6 Nc3 a6 Bxc6+ bxc6
1761,1661,black,60+0,e4 d5 exd5 Qxd5 Nc3 Qa5 Nf3 a6 d4 e6
1301,1388,white,240+4,d4 d6 c4 c6 e4 Nf6 Nc3 Nbd7 Nf3 b6
1677,1694,black,1500+0,e4 e6 Nf3 d5 exd5 exd5 Nc3 Nf6 d4 Nc6
1913,1903,black,240+1,e4 d5 exd5 Nf6 Nc3 Bg4 Nf3 Nxd5 Be2 Nc6
1609,1671,black,360+9,e4 e5 Nf3 Nc6 Bc4 d6 Nc3 Be7 h3 Nf6
1691,1789,black,120+0,e4 e5 Nf3 f5 exf5 Nf6 d3 Bc5 Bg5 d6
1736,1669,white,120+1,d4 Nf6 c4 g6 Nc3 Bg7 e4 d6 f4 c5
1725,1692,black,60+0,e4 d5 exd5 Qxd5 Nf3 Qa5 Nc3 a6 Bc4 e6
1432,1608,black,1740+29,e4 d5 Nc3 dxe4 Nxe4 e6 d4 Nf6 Bg5 Be7
1798,1683,white,120+0,e4 e6 d4 c5 Nf3 cxd4 Nxd4 Nc6 Nc3 Nxd4
1666,1519,black,240+0,d4 d5 c4 Nf6 e3 Bg4 f3 Bf5 Nc3 e6
1455,1206,white,360+2,e4 c5 c4 d6 h3 h6 Nf3 e5 d3 Nc6
1498,1388,white,180+0,d4 c5 d5 Nf6 c4 g6 Bd2 Bg7 Bc3 O-O
1440,1709,white,600+1,e4 e5 Nf3 Nc6 Bc4 Bc5 d3 Nge7 Ng5 O-O
1749,1641,black,600+0,Nf3 Nc6 c4 e5 e4 Bc5 Be2 d6 O-O Bd7
1627,1716,black,600+0,d4 Nf6 g3 e6 Bg2 d5 Nf3 b6 c4 Bb7
1472,1101,white,300+4,e4 g6 b3 Bg7 Nc3 Nh6 Bb2 O-O h4 Ng4
1596,1597,black,600+8,f4 c5 Nf3 Nc6 e3 g6 Bc4 e6 a3 d5
1676,1806,white,120+0,e4 e5 Nf3 Nc6 Bb5 d6 Bxc6+ bxc6 h3 f5
1696,1493,white,60+0,e4 e5 Nf3 Nc6 Bc4 Nd4 Nc3 c6 d3 Nxf3+
1537,1577,black,300+8,e4 e5 Nf3 Nc6 c3 f5 Qe2 d6 g3 Nf6
1672,1461,white,600+1,e4 e5 Bc4 d6 Nf3 Be6 Bb3 Bxb3 axb3 Nf6
1638,1811,black,240+4,e4 Nf6 Nc3 d5 exd5 Nxd5 Nxd5 Qxd5 h3 Bf5
1352,1525,black,900+8,e4 e5 Nf3 d6 h3 h6 d3 Be7 a3 Nf6
1728,1542,black,600+0,e4 e5 Nf3 d6 Bc4 Bg4 c3 Nf6 d3 Nbd7
1608,1373,white,900+0,e3 c5 b3 e6 Bb2 Be7 Bxg7 Bf6 Bxh8 Bxh8
1709,1583,white,60+0,e4 d6 Nf3 e5 Bc4 h6 c3 Nf6 Qb3 Qd7
1527,1652,white,420+5,e3 e5 c3 d5 d4 e4 b4 Nf6 h3 Bd6
1790,1690,white,120+0,e4 e6 d4 c5 Nf3 cxd4 Nxd4 Nc6 c3 Nxd4
1262,1499,black,1200+0,e4 Nc6 d4 d5 e5 e6 Nf3 Nge7 Bb5 g6
1570,1643,black,180+2,g4 Nc6 d4 e5 d5 Nce7 Bg5 h6 Bh4 d6
1700,1564,white,420+0,d4 d5 c4 Nf6 Nc3 e6 e3 Bb4 Bd2 Nc6
1464,1424,black,300+0,e3 e6 Be2 d5 d4 c5 Bb5+ Bd7 Bxd7+ Qxd7
1725,1606,white,60+0,e4 c6 Nf3 d5 exd5 cxd5 d4 Nf6 c4 dxc4
1704,1974,white,300+2,e4 c5 Nc3 Nc6 Nf3 Nf6 Bb5 Nd4 Nxd4 cxd4
1539,1365,white,300+30,e4 e5 d4 Bd6 Nf3 f6 dxe5 fxe5 Nxe5 Bxe5
1447,1396,white,660+6,e4 e5 Nf3 d6 d4 f6 dxe5 fxe5 Bc4 h6
1487,1660,black,120+0,e4 d5 e5 c5 d4 cxd4 Qxd4 Nc6 Qf4 Qa5+
1517,1704,white,480+5,e4 e5 Nf3 Nc6 d3 h6 c3 d6 h3 f5
1628,1546,white,660+6,e4 e5 Nf3 d6 h3 Nf6 Nc3 Be7 Bc4 O-O
1677,1741,white,60+0,b3 e6 Bb2 d5 d3 Nf6 Nd2 c5 c3 b5
1599,1484,white,60+2,d4 e6 c4 d6 Nc3 b6 e4 Bb7 f3 Nd7
1514,1421,white,180+0,d4 e6 a3 Nf6 Nc3 Ng4 e4 Nxf2 Kxf2 Be7
1637,1542,white,420+5,e4 e6 d4 c5 Nf3 cxd4 Nxd4 Nf6 Nc3 Bb4
1958,1922,white,300+0,d4 d5 c4 e6 Nc3 c6 cxd5 exd5 Nf3 Bd6
1455,1682,black,600+1,e4 e5 Nf3 Nc6 Bc4 Bc5 d3 d6 Ng5 Nh6
1475,1650,white,360+1,e4 e5 Nf3 Nc6 d4 exd4 Nxd4 d6 Nxc6 bxc6
1490,1487,white,300+8,d4 d5 Nf3 Nf6 Nc3 g6 e3 Bg7 Be2 O-O
1361,1589,black,1800+8,c3 d5 Nf3 c5 d4 e6 e3 Nc6 Ne5 Nxe5
1479,1284,black,1200+10,e4 g6 d4 Nf6 e5 Nd5 Nc3 Nxc3 bxc3 Bg7
1690,1607,white,0+1,b3 c6 Bb2 d5 d4 Qc7 Nd2 Nd7 c3 e5
1388,1551,black,660+6,e4 e5 Nf3 Nc6 Bb5 Nd4 Nxd4 exd4 d3 c6
1607,1690,draw,0+1,d4 d5 c4 Nf6 Nc3 e6 cxd5 Bb4 Bg5 Qe7
1476,1649,black,600+0,e4 g5 d4 g4 f4 Nc6 d5 Nb8 Qxg4 d6
1603,1555,black,60+9,e4 e5 Nf3 Nc6 Nc3 Nf6 d4 Bd6 d5 Ne7
1546,1584,black,300+30,e4 c5 c3 Nc6 Bb5 d6 Bxc6+ bxc6 Nf3 e5
1521,1725,black,360+4,e4 e5 Nf3 Nc6 Bc4 Nf6 d3 Bc5 h3 h6
1756,1561,white,300+0,e4 g5 d4 g4 Nc3 Nc6 d5 Ne5 Bf4 d6
1687,1598,white,0+1,b3 c6 Bb2 d5 d3 Bf5 Nd2 e6 c3 Nf6
1715,1421,white,60+0,e4 e6 Nf3 Be7 d4 b6 Bc4 Bb7 Nc3 a5
1333,1598,black,300+8,e4 e5 Nf3 Nc6 Bc4 Bc5 b4 Bxb4 a3 Bd6
1571,1698,white,300+0,Nf3 d5 c4 Nf6 cxd5 Nxd5 e4 Nb6 d4 g6
1696,1589,white,0+1,b3 c6 Bb2 d5 d3 Nf6 Nd2 g6 c4 Bg7
1634,1492,draw,360+1,d4 d5 Nc3 e6 Nf3 Bb4 Bd2 a5 a3 Be7
1532,1637,black,420+8,e4 e5 Nf3 Nc6 Bc4 h6 c3 Nf6 d3 Bc5
1810,1707,white,420+0,d4 d5 c4 e6 Nc3 Nf6 cxd5 exd5 Nf3 c6
1704,1581,white,0+1,b3 g6 Bb2 Nf6 d3 Bg7 Nd2 O-O c3 d6
1632,1968,black,300+2,e4 e5 Nf3 Nc6 h3 Bc5 Nc3 d6 Bb5 Ne7
1546,1581,black,60+0,d4 c6 e3 d5 f3 Nf6 Bd3 Nbd7 f4 Qc7
1722,1711,white,60+0,e4 g6 Nf3 Bg7 d4 d6 Bc4 Nd7 Ng5 e6
2035,1776,white,420+0,d4 c5 e3 e6 f4 Nf6 c3 Be7 Bd3 O-O
1664,1688,black,600+0,e4 e5 Bb5 Nf6 d3 Bc5 Bg5 Nc6 Bxc6 dxc6
1705,1667,black,1500+0,b4 e5 Bb2 Bxb4 Bxe5 f6 Bc3 Nc6 Bxb4 Nxb4
1472,1516,white,360+0,b4 e5 b5 Bc5 Bb2 d6 g3 Qf6 Nf3 Bg4
1529,1500,white,180+0,d4 d5 Nc3 Nf6 Bf4 g6 Nb5 Na6 a3 Bg7
1641,1722,white,300+2,d4 d5 a3 Nf6 h3 Nc6 e3 e5 c3 exd4
1602,1774,black,720+0,e4 c5 Bc4 Nc6 f4 Na5 Bb3 Nxb3 axb3 e6
1701,1742,black,60+0,b3 e6 Bb2 d5 d4 Nf6 Nd2 c5 e3 cxd4
1810,1771,black,300+5,Nf3 g6 c4 Bg7 Nc3 Nf6 g3 O-O Bg2 d5
1193,1308,black,300+5,e4 c6 d4 d5 e5 Bf5 Qf3 e6 Bf4 Bxc2
2040,1915,white,420+0,d4 Nf6 f4 b6 e3 e6 Nf3 c5 c3 Bb7
1615,1473,white,60+15,e4 d5 exd5 Qxd5 Nc3 Qa5 a3 Bf5 b4 Qe5+
1548,1451,black,300+3,e4 e6 d4 Ne7 Bc4 g6 Nc3 Bg7 Nf3 O-O
1800,1833,black,180+0,e4 c6 d4 d5 e5 Bf5 f4 e6 Nf3 Ne7
1715,1247,white,1500+25,e4 e5 Qh5 Nf6 Qxe5+ Qe7 Qxc7 d6 Qxc8+ Qd8
1691,1760,black,0+1,b3 e6 Bb2 d5 d3 Nf6 Nd2 Be7 c3 O-O
1566,1215,white,180+0,d3 g6 e3 Bg7 Qe2 Nf6 f3 e5 h3 d5
1571,1343,white,240+6,e4 d6 Nf3 e5 Bc4 Bg4 d3 Be7 h3 Bxf3
1708,1201,white,180+1,e4 c5 Nf3 d6 Bc4 h6 d3 Nc6 a3 a6
1212,1577,black,300+0,e4 e5 Nf3 Nc6 d4 exd4 Nxd4 Qe7 Nxc6 Qxe4+
1682,1775,black,0+1,b3 e6 Bb2 d5 d3 Nf6 Nd2 c6 e3 Nbd7
1530,1503,white,240+5,e4 e5 Nf3 Nf6 Nc3 Bb4 Qe2 Bxc3 dxc3 Nc6
1496,1630,black,240+1,e4 e5 Nf3 Nc6 c3 Nf6 d3 d6 Bg5 Be7
1674,1789,black,0+1,c4 e6 Nc3 d5 cxd5 exd5 Nf3 Nf6 d3 d4
1877,1973,black,360+5,c4 Nf6 d4 e6 Nc3 Bb4 Bd2 O-O e3 c5
1311,1328,white,120+0,b4 e5 b5 d5 Bb2 Bd6 e3 Nf6 d4 e4
1390,1338,white,240+6,e3 e5 b3 d5 Bb2 f6 Nf3 Bg4 Be2 Qd7
1842,1842,black,300+0,e4 c6 d4 d5 exd5 cxd5 Nf3 Nc6 Bd3 Bg4
1666,1802,white,0+1,c4 e6 d4 d5 Nf3 dxc4 e4 Nc6 Bxc4 Nf6
1400,1709,black,180+1,e3 d5 b3 Bf5 Bb2 e6 Nf3 h6 Be2 Bd6
1303,1514,white,1200+10,g3 e5 Nh3 d5 d4 Nc6 dxe5 Nxe5 Bg2 Ne7
1528,1328,white,240+6,e4 e6 d4 d5 e5 f6 Bf4 Bb4+ c3 Be7
1532,1314,white,600+10,d4 d5 e3 Nc6 c4 Be6 c5 a6 Nf3 b5
1853,1681,black,120+0,d4 d5 Nf3 Nc6 g3 Bg4 Ne5 Nxe5 dxe5 e6
1316,1324,black,120+0,e4 a6 d4 b5 Nf3 Bb7 d5 c6 Nbd2 cxd5
1571,1560,black,240+0,e4 e5 Nf3 d6 Nc3 Be7 d4 exd4 Nxd4 c5
1466,1626,black,60+15,e4 e6 Nf3 Nc6 a3 Bd6 d4 e5 Bc4 exd4
1644,1505,white,420+8,e4 e5 Nf3 d6 Bc4 h6 Nc3 c6 h3 Qf6
1594,1725,black,600+8,f4 e6 Nf3 Bc5 e3 Nf6 Bc4 d5 Bb3 Nc6
1605,1494,black,120+0,f4 e6 d4 Bd6 e3 Nf6 Bd3 O-O Qe2 Nd5
1784,1798,black,300+5,c4 Nf6 Nc3 g6 g3 Bg7 Bg2 O-O Nf3 d5
1543,1500,white,180+0,d4 d5 Nc3 e6 a3 c6 e4 dxe4 Nxe4 f5
1637,1489,white,240+1,d4 e6 Nf3 c5 d5 Nf6 Nc3 Be7 d6 Bf8
1683,1323,white,240+6,e4 d6 Nf3 e5 d3 f5 exf5 Bxf5 g3 Qd7
1535,1500,white,300+30,e4 e5 d4 Bd6 Nf3 exd4 c3 dxc3 Bc4 cxb2
1672,1651,white,600+2,e4 e5 Nf3 Bc5 Bc4 Qe7 d3 a6 Nxe5 Qxe5
1697,1835,white,120+0,c4 e5 Nc3 Nf6 d4 e4 Bg5 Bb4 a3 Bxc3+
1556,1500,white,180+0,d4 d5 Nc3 e6 Bf4 Bb4 Qd3 Qd7 a3 Bxc3+
1465,1534,white,300+0,e3 c5 Be2 d5 Bb5+ Bd7 Bxd7+ Qxd7 Nf3 e6
1320,1500,white,240+6,d4 e5 e3 d5 dxe5 f6 exf6 Qxf6 Nf3 Nc6
1335,1305,white,120+0,b4 d5 Bb2 Nd7 e3 e5 c4 dxc4 Bxc4 Ngf6
1787,1902,white,240+1,c4 Nf6 b3 d5 cxd5 Nxd5 Bb2 c5 g3 Bd7
1713,1493,white,180+1,e4 e5 Nf3 Nf6 Nc3 Bb4 d3 O-O Bg5 d6
1540,1636,white,240+5,e4 c6 d4 d5 e5 Bf5 Bd3 Bxd3 Qxd3 e6
1677,1348,black,60+1,e4 e5 Nf3 d6 Bc4 Be6 Bxe6 fxe6 h3 Nf6
1778,1590,white,60+0,e4 e5 Nf3 d6 Bc4 f6 c3 Qe7 Qb3 c6
1543,1556,white,300+30,e4 e5 d4 exd4 c3 dxc3 Bc4 cxb2 Bxb2 Nf6
1640,1182,white,60+0,d4 c5 d5 d6 e4 h6 Nf3 Nf6 Bd3 Nbd7
2049,1606,white,420+0,d4 d5 e3 e6 f4 Nc6 Nf3 Nf6 c3 Be7
1885,1729,white,300+8,e4 e5 f4 d6 Nf3 Nf6 Nc3 Nc6 Bc4 Be7
1554,1136,white,360+0,e4 e5 Nf3 Nc6 Nc3 Nf6 Bb5 a6 Bxc6 dxc6
1792,1571,white,300+0,g3 d5 Bg2 e5 h4 e4 d3 f5 dxe4 fxe4
1613,1379,black,420+10,e3 e5 b3 d5 Bb2 Nc6 Nf3 Bg4 Be2 Nf6
1713,1787,white,0+1,c4 e6 Nc3 d5 d4 dxc4 e4 Nf6 Bxc4 c5
1482,1596,black,300+4,e4 e5 d3 h6 f4 exf4 Bxf4 Nc6 Nc3 g5
1564,1484,white,60+10,e4 a6 Nf3 b5 a3 Bb7 Nc3 c5 d3 b4
1641,1505,white,60+0,d4 f5 e3 d5 Nf3 e6 Bd3 Nf6 O-O c6
1341,1058,black,300+8,e4 e5 Nf3 Nc6 Bc4 d6 d3 Be6 Bb5 Qe7
1584,1602,black,120+0,f4 c5 e3 g6 c3 Bg7 d4 cxd4 exd4 d6
1684,1386,white,600+2,e4 e5 Nf3 d6 Bc4 Be6 Bxe6 fxe6 d4 g6
1726,1766,black,0+1,c4 e6 Nc3 d5 d4 dxc4 e4 Nf6 e5 Nd5
1651,1720,black,240+0,d4 d5 c4 e6 e3 Nf6 c5 Nc6 Nf3 Be7
1682,1655,white,600+5,e4 g5 d4 g4 Qxg4 d5 Qf3 dxe4 Qxe4 Nf6
1648,1500,white,60+0,d4 d5 Nf3 h5 e3 f6 Bd3 c6 O-O Nh6
1599,1582,white,120+1,d4 d5 c4 e6 e3 Nf6 f4 dxc4 Bxc4 a6
1331,1518,black,240+6,d4 e6 c4 d5 Nf3 c5 e3 Nc6 Nc3 cxd4
1982,1587,white,360+5,d4 d5 c4 dxc4 Nf3 e6 e3 c5 Bxc4 cxd4
1349,1315,white,300+5,e4 c6 e5 d5 d4 Bf5 Nc3 e6 h4 Bb4
1197,1083,black,300+8,g3 e5 Bh3 d5 Bxc8 Qxc8 f4 f6 fxe5 fxe5
1797,1889,black,240+1,g3 Nf6 Bg2 g6 Nf3 Bg7 d4 O-O c4 d6
1781,1613,white,60+0,e4 c5 Nf3 g6 c3 Bg7 d4 cxd4 cxd4 d6
1654,1385,white,60+0,d4 b6 e3 Bb7 Nf3 g6 Be2 Bg7 O-O h6
1293,1330,black,300+8,e4 e5 Nf3 f6 Bc4 a6 a4 d6 Nc3 c5
1573,1353,white,120+0,f4 c6 d4 e6 e3 d5 Bd3 c5 c3 Nc6
1808,1773,white,300+5,d4 c5 Nf3 e6 c4 Nf6 Nc3 cxd4 Nxd4 Nc6
1554,1516,white,240+5,e4 e5 Nf3 Nc6 Bb5 a6 Bxc6 bxc6 d3 d6
1741,1555,white,600+7,e4 e5 Nf3 Nc6 Bc4 Nf6 Ng5 d5 exd5 Nxd5
1479,1309,white,300+0,e3 e5 Be2 Nf6 d4 exd4 Qxd4 Be7 Nf3 Nc6
1606,1790,black,60+0,e4 e6 Nf3 d5 exd5 exd5 d4 Nf6 Nc3 Be7
1642,1884,black,240+0,d4 d5 c4 e6 c5 Nf6 Nc3 b6 cxb6 axb6
1483,1235,white,300+8,d4 d5 c4 e6 Nc3 Nf6 Nf3 Bd6 Qc2 Ne4
1658,1477,black,60+0,d4 e6 e3 d6 Nf3 b6 Bd3 Bb7 O-O Nd7
1828,2027,black,300+8,e4 c6 Bc4 d5 exd5 cxd5 Bb3 Nc6 d4 Nf6
1350,1524,black,300+0,e4 e6 e5 d5 d4 c5 c3 Nc6 Bb5 Bd7
1587,1115,white,300+8,d4 d6 e4 f6 Bc4 e5 Bxg8 Rxg8 d5 c6
1555,1099,white,300+30,e4 e5 d4 Nc6 d5 Nb8 Nf3 d6 Bd3 Bg4
1477,1463,white,240+1,e4 e5 Bc4 a6 Qf3 Nf6 Nh3 h6 Nc3 Bc5
1641,1521,white,60+2,d4 d5 e3 e6 Nf3 Nf6 Bd3 g6 O-O Bg7
1798,1600,white,60+0,e4 c5 Nf3 g6 c3 Bg7 d4 cxd4 cxd4 d6
1631,1625,black,180+0,e3 e6 Bd3 d6 Nf3 b6 O-O Bb7 c3 Nd7
1830,2051,black,300+0,e4 d6 d4 Nf6 Nc3 g6 f4 Bg7 Nf3 c6
1581,1457,black,420+0,e4 e5 Nf3 d6 Bc4 h6 d3 Nf6 Nc3 a5
1469,1306,white,300+5,d4 c6 c4 d5 Nc3 Bf5 e3 e6 Nf3 Be7
1483,1651,black,420+8,e4 e5 Nf3 Nc6 Nc3 Nf6 d3 h6 a3 Bc5
1595,1806,black,60+0,e4 e6 Nf3 d5 Nc3 d4 Ne2 Nc6 d3 e5
1557,1555,black,300+0,e4 g5 d4 g4 Qxg4 d5 Qf3 dxe4 Qxe4 Nf6
1789,1487,white,300+0,g3 d5 Bg2 e5 h4 Nc6 d4 e4 e3 f5
1109,1500,black,300+8,e4 e5 Qh5 Nc6 Nf3 Nf6 Qf5 g6 Qh3 Nxe4
1896,1740,white,300+8,e4 e5 Bc4 Nc6 c3 Nf6 d3 Bc5 h3 O-O
1358,1319,draw,1200+10,e4 g6 Nf3 Nh6 Bc4 Bg7 d4 O-O e5 e6
1700,1589,black,300+8,c3 e5 e3 f5 d4 d6 Qb3 b6 Bc4 Nf6
1669,1885,white,420+14,Nf3 d5 d4 Nf6 Bf4 e6 h3 c5 e3 Nc6
1679,1695,black,1500+0,e4 e5 Nf3 d6 h3 g5 d4 g4 Ng5 f6
1813,1589,white,60+0,e4 c5 c3 g6 d4 cxd4 cxd4 Bg7 Nf3 d6
1382,1433,white,480+8,e4 e6 d4 d5 Nf3 dxe4 Ne5 Bd6 Bb5+ c6
1589,1813,draw,60+0,e4 e5 Nf3 Nc6 Nc3 Nf6 d4 exd4 Nxd4 Nxd4
1571,1483,white,120+10,e4 e5 Bc4 c6 Qh5 g6
1668,1690,black,600+0,e3 e5 Be2 d5 Bg4 Nc6 Bxc8 Rxc8 d4 Nf6
1493,1365,white,60+1,e3 d5 d3 e5 g3 f5 Bg2 Be6 Ne2 Nf6
1792,1897,white,300+0,g3 d5 Bg2 c6 h4 Nf6 Nf3 Nbd7 O-O e5
1441,1357,white,60+0,e4 e5 Bc4 d6 Nf3 Be6 Bb5+ c6 Be2 f5
1518,1587,black,600+5,e4 c5 Nc3 Nc6 h3 d6 a3 e6 d3 Nf6
1653,1312,white,0+1,e3 e6 d3 d6 Nc3 c6 Nf3 Na6 Be2 g6
1693,1565,white,600+5,e4 c5 Nf3 Nc6 Bb5 g6 O-O Nf6 Re1 Bg7
1454,1571,white,120+1,c4 c5 Nc3 b6 Nf3 Bb7 g3 Nc6 Bg2 Nd4
1717,2057,black,300+0,d4 Nf6 c4 c5 e3 e6 Nf3 b6 h3 Bb7
1649,1342,white,0+1,d3 d6 Nc3 e6 Bd2 Nf6 f3 Be7 e3 Bd7
1259,1344,white,180+0,b3 e5 Bb2 d6 e3 f5 g3 g5 Bg2 Bh6
1804,1596,white,60+0,e4 c5 Nf3 g6 c3 Bg7 d4 cxd4 cxd4 d6
1395,1380,white,600+8,e4 e5 Nf3 Nc6 d4 exd4 Nxd4 Nxd4 Qxd4 Nf6
1500,1581,black,120+10,e4 e5 Nf3 Nc6 Nc3 Nf6 d3 Bc5 Bg5 h6
1636,1471,white,900+0,e4 d5 Nf3 dxe4 Ng5 f5 d3 h6 Qh5+ Kd7
1557,1692,black,300+30,e4 e6 e5 d5 d4 c5 c3 Nc6 Bb5 Bd7
1791,2110,black,180+0,f4 e5 e3 Nc6 Nf3 e4 Nd4 Nxd4 exd4 d5
1500,1437,white,240+4,e4 e5 c4 d6 Nc3 c6 f3 Qh4+ g3 Qd8
2122,1788,white,180+0,e4 g6 d4 Bg7 Nc3 b6 Be3 Bb7 Qd2 e6
1341,1082,black,300+8,e4 e6 Bc4 c6 Nf3 d5 exd5 exd5 Qe2+ Be7
1255,1473,black,300+8,e4 d6 Bb5+ c6 Bc4 b5 Bd3 Nf6 Qf3 Qb6
1270,1433,black,180+0,b3 d6 e3 e6 g3 Nc6 Bg2 Nb4 a3 Nc6
1741,1426,white,600+2,e4 c5 Nf3 Nc6 d4 e6 d5 exd5 exd5 Nce7
1590,1811,black,60+0,e4 e6 Nf3 d5 exd5 exd5 d4 Nf6 Nc3 Be7
1656,1348,white,0+1,e3 d5 d3 c6 Nf3 e5 Be2 e4 O-O exf3
2060,1714,black,300+0,e4 e6 d4 d5 exd5 exd5 Nf3 Nf6 Bd3 Be7
1435,1645,black,600+5,e4 e5 Nf3 Nc6 Bc4 Nf6 d3 h6 Nc3 Bc5
1512,1500,white,300+0,e4 c5 Bc4 Nc6 Qf3 Nf6 Nc3 e5 Nge2 d6
1345,1659,black,60+1,d4 e6 e4 d5 e5 Nf6 f4 Nfd7 Nf3 c5
1818,1585,draw,60+0,e4 c5 Nf3 g6 Nc3 Bg7 d4 cxd4 Nxd4 b6
1544,1479,black,420+7,e4 d6 d4 e6 c4 Nf6 Nc3 d5 cxd5 exd5
1464,1909,draw,900+0,e4 d6 d4 g6 f4 Bg7 c4 Nf6 e5 dxe5
1506,1588,white,120+10,e4 e5 Nf3 Nc6 Bb5 d6 O-O Bd7 c3 a6
1500,1636,white,120+0,d3 e5 e3 Nc6 g3 Nf6 Bg2 d5 Ne2 Bd6
1263,1299,black,180+0,e3 c6 b3 d5 Bb2 Bf5 d3 e6 f3 Nf6
1485,1510,black,300+0,e3 d6 Be2 c5 d4 Qb6 dxc5 Qxc5 Nf3 Bf5
1237,1104,white,300+8,e4 e5 c3 Nf6 Bd3 Nxe4 Bxe4 Qh4 d3 Qg4
1364,1656,white,600+0,e4 e5 Nf3 Nc6 Bb5 Qf6 Nc3 a6 Nd5 Qd8
1500,1597,white,420+0,e4 e5 Qh5 d6 Bb5+ Bd7 Bc4 g6 Qf3 Qe7
1785,2133,black,180+0,g3 d5 Bg2 Nc6 b3 e5 Bb2 Nf6 d3 Bc5
1567,1652,white,420+0,e4 e5 Nf3 Nc6 Bc4 Nf6 Ng5 Bc5 Nxf7 Bxf2+
1592,1810,black,60+0,e4 e6 Nf3 d5 Nc3 d4 Ne2 Nc6 d3 e5
1807,1859,black,300+0,g3 d5 Bg2 c6 f4 Nf6 Nf3 Bf5 O-O e6
1331,1541,black,300+0,e4 e5 Nf3 Nc6 d4 exd4 Nxd4 Nxd4 Qxd4 b6
1572,1513,black,60+0,e4 c5 d3 d6 c4 Nc6 Be3 Nf6 Be2 g6
1700,1645,white,480+0,e4 g5 Bc4 g4 d3 Nc6 Nc3 b6 Bb3 d6
1963,1836,white,300+0,d4 d5 c4 e6 Nc3 b6 Nf3 Bb7 Qc2 Nf6
1733,2036,black,300+0,d4 Nf6 c4 c5 e3 cxd4 exd4 d5 Nf3 dxc4
1369,1393,white,600+8,e4 e5 Nf3 d6 Bc4 c5 c3 a6 d4 cxd4
1516,1663,black,60+0,e4 e6 Bc4 d6 d4 Nf6 d5 Be7 dxe6 Bxe6
1569,1636,black,180+0,d3 e6 e3 d6 Qe2 g6 f3 Bg7 h3 Ne7
1816,1586,black,60+0,d4 c5 dxc5 e6 Nf3 Bxc5 Nc3 d5 e4 Nf6
1826,1465,black,180+2,c4 e5 Nc3 Nf6 g3 d5 cxd5 Nxd5 Bg2 c6
1416,1555,black,180+0,Nf3 Nc6 d4 d5 e3 Bf5 Bd3 Bg6 Bxg6 hxg6
1578,1583,black,420+0,e4 d5 exd5 Qxd5 Nc3 Qe5+ Nge2 c6 g3 a6
1430,1646,black,240+4,e4 e5 d3 c5 Nf3 Nc6 Bg5 f6 Be3 d6
1475,1500,black,300+0,e3 e5 Be2 d5 d4 e4 Bg4 f5 Be2 Nf6
1559,1670,white,0+1,h4 e6 d3 d6 Bg5 Nf6 Bxf6 Be7 Bxe7 Qxe7
1260,1822,black,300+8,e4 e5 c3 Nf6 Bd3 Bc5 Nh3 d6 b4 Bb6
1310,1253,white,180+0,e4 g6 d4 Bg7 d5 d6 Bd2 Bxb2 Nc3 Bxa1
1382,1333,black,120+1,d4 d5 c4 a6 cxd5 Qxd5 Nc3 Qd6 Ne4 Qd5
1468,1338,black,60+0,e4 d6 Bc4 e6 Nf3 Nf6 e5 Nc6 exf6 Qxf6
1428,1614,black,600+5,e4 d5 exd5 Qxd5 Nc3 Qa5 a3 c6 b4 Qd8
1823,1984,white,300+8,e4 Nf6 Nc3 d5 e5 Ne4 Nge2 Bf5 d4 e6
2142,1782,white,180+0,e4 c5 d4 cxd4 c3 dxc3 Nxc3 Nc6 Nf3 g6
1654,1573,white,60+0,d4 h5 e3 d6 Nf3 Bg4 Be2 Bd7 O-O g6
1257,1238,black,300+8,e4 d6 d4 f6 f4 Nc6 d5 Nb8 f5 g6
1644,1559,white,300+4,d4 d5 c4 c6 Nc3 Bf5 e3 Nf6 Qb3 Qc7
1573,1519,white,120+10,e4 e5 Bc4 d6 h3 a6 Nc3 Nc6 Nf3 Be7
1469,1365,black,600+0,e4 d6 d4 g6 f4 Bg7 Nf3 Bg4 Nbd2 Nc6
1244,1320,black,180+0,b3 c6 Bb2 d5 e3 Bf5 h3 e6 g4 Be4
1567,1706,white,420+0,e4 e5 Nf3 d6 Bc4 Bg4 d3 c5 h3 Bxf3
1378,1497,white,60+0,e4 e6 Bc4 d5 exd5 exd5 Bb5+ c6 Qe2+ Qe7
1395,1386,white,60+1,d4 d5 e3 e6 Nc3 Bb4 a3 Ba5 b4 Bb6
1562,1409,white,180+0,e4 g6 d4 Bg7 Nf3 e6 c4 d6 Be3 Nf6
1896,1883,white,240+1,e4 e5 Nf3 Nc6 d4 exd4 Bc4 Nf6 Ng5 d5
1529,1628,white,420+0,e4 d6 d4 g6 Nf3 Bg7 Nc3 Nc6 Bb5 a6
1454,1565,black,60+0,d4 e6 e3 d6 h3 b6 Ne2 Bb7 f3 Nd7
1651,1596,white,600+5,e4 c5 Bc4 Nc6 d3 d6 c3 Nf6 h3 e6
1576,1526,black,120+0,e4 c5 Nf3 d6 d4 cxd4 Nxd4 Nf6 Nc3 g6
1372,1406,black,60+1,e4 e6 d3 Nc6 c3 Nf6 Bg5 h6 Bxf6 Qxf6
1793,1891,white,60+0,e4 c5 Nf3 Nc6 c3 e5 d4 cxd4 cxd4 exd4
1353,1537,black,900+0,d4 d5 c4 e6 Nf3 c5 Nc3 cxd4 Qxd4 Nc6
1779,1853,black,180+0,f4 d5 Nf3 c5 c3 Nc6 d4 Nf6 e3 Bf5
1968,1840,white,300+8,d4 d5 c4 e6 Nc3 Nf6 Bg5 Nbd7 e3 c6
1685,1501,white,420+14,Nf3 d5 d4 Nc6 Bf4 e6 h3 Bd6 Bxd6 cxd6
1226,1700,black,300+8,e4 e6 c3 d5 d4 dxe4 Bb5+ Bd7 c4 Bxb5
1453,1353,black,60+0,e4 d6 Bc4 e6 d4 Nf6 d5 exd5 exd5 Bg4
1569,1580,black,420+0,e4 e5 c4 Nf6 d3 Bc5 Nc3 d6 h3 a6
1572,1536,black,60+0,h4 e6 d3 d5 Bg5 f6 Bd2 g5 hxg5 Bg7
1588,1730,white,420+0,e4 e5 Nf3 d6 Bc4 Bg4 O-O Nf6 Nc3 Bxf3
1371,1663,black,180+0,d4 Nf6 e3 d5 Bb5+ Bd7 Bxd7+ Nbxd7 Nf3 e6
1417,1359,black,60+1,d4 d5 e3 e6 Nc3 c6 Nf3 b5 h3 Bb4
1860,1811,white,60+0,e4 e6 Nc3 d5 d4 dxe4 Nxe4 Nf6 Nxf6+ Qxf6
1617,1608,white,120+2,d4 d5 c4 c6 Nf3 Nf6 Bg5 Bg4 Bxf6 exf6
1799,1880,black,60+0,e4 c5 Bc4 Nc6 c3 e6 d4 cxd4 cxd4 d5
1758,1800,white,300+0,e4 e5 Nf3 Nc6 Nc3 Nf6 d4 exd4 Nxd4 Bc5
1657,1564,white,420+8,e4 e6 d4 d5 Nc3 f6 Bf4 Nc6 a3 e5
1389,1500,white,60+0,e4 e5 Bc4 d6 Nf3 Nc6 O-O Bg4 d3 Qb8
1566,1588,white,300+0,g4 e5 g5 Qxg5 d4 Nf6 Bxg5
1465,1475,white,900+0,e4 d5 e5 f6 exf6 gxf6 Nc3 d4 Nce2 e5
1548,1561,black,60+0,d4 d6 e3 e6 f4 b6 Nf3 Bb7 Bd3 Nd7
1711,1258,white,480+0,e4 e5 Nf3 d6 Bc4 h6 d3 Nf6 a3 a6
1897,1788,draw,60+0,e4 e6 Nc3 d5 d4 dxe4 Nxe4 Nc6 Nf3 Be7
1406,1636,black,480+8,e4 g5 Nh3 g4 Qxg4 d5 Qe2 dxe4 Qxe4 Nf6
1412,1601,black,60+3,e4 e5 Nf3 Nc6 Bc4 Bc5 c3 d6 d4 exd4
1267,1403,white,180+0,e4 g6 Nf3 Bg7 d3 e6 Nc3 d5 Bd2 dxe4
1700,2169,black,60+0,d4 Nf6 c4 e6 Nc3 Bb4 Nf3 O-O Qc2 b6
1653,1551,white,60+15,e4 e5 Nf3 d6 h3 c5 c3 Nc6 Bb5 Ne7
1329,1317,white,240+6,e4 d6 d4 Nc6 d5 Ne5 Nc3 Nf6 Bf4 Bg4
1222,1185,white,300+8,e4 e5 c3 Nc6 Bc4 Bc5 Nf3 Nf6 Qe2 O-O
1661,1732,black,900+10,e4 c5 Nf3 Nc6 Bc4 e6 d4 cxd4 Nxd4 Nf6
1482,1376,white,300+0,e3 e5 Be2 d5 Bg4 Nf6 Bxc8 Qxc8 b3 Bc5
1538,1571,black,60+0,d4 b6 e3 c6 f3 d6 Bd3 e6 Be4 Be7
1537,1317,white,660+6,e4 d6 d4 Nc6 d5 Nb8 Bd3 e6 Nc3 c6
1564,1708,white,240+5,e4 e5 Nf3 Nc6 Bb5 a6 Bxc6 dxc6 d3 Bd6
2171,1698,white,60+0,c4 e6 Nc3 c5 e4 Nc6 g3 g6 Bg2 Bg7
1792,1885,black,60+0,e4 d6 Nf3 Nd7 d4 Ngf6 Nc3 g6 Bc4 Bg7
1891,1539,white,60+1,e4 c5 Nc3 d6 Nf3 Nc6 d4 cxd4 Nxd4 Nxd4
1390,1407,black,180+0,Nf3 d5 d4 e6 e3 c5 dxc5 Bxc5 c3 Nc6
1320,1488,black,1200+10,g3 e6 Nh3 c5 Bg2 Nf6 O-O Bd6 d4 O-O
1528,1481,white,60+0,d4 d5 e3 f5 c4 c6 cxd5 cxd5 f3 e6
1483,1381,white,180+0,e4 g6 Nf3 Bg7 Nc3 b6 d4 Bb7 Bc4 e6
1701,1586,white,360+8,e4 c5 Nf3 Nc6 Bb5 d6 d4 cxd4 Qxd4 Bd7
1555,1598,white,120+2,e4 e6 d4 d5 e5 c5 c3 Nc6 Nf3 Nge7
1782,1507,white,60+0,e4 b6 Nf3 Bb7 Nc3 g6 d4 Bg7 Bc4 e6
1346,1446,black,120+0,b4 b5 Bb2 c6 e3 a5 bxa5 Qxa5 Nc3 e6
1555,1599,white,420+0,e4 e5 Qh5 d6 Bb5+ Bd7 Bc4 g6 Qf3 Qf6
1440,1663,black,60+15,e4 e6 d4 d5 e5 Nc6 f4 b6 g3 Bb7
1536,1500,white,300+8,e4 e5 f4 g6 Nf3 Nc6 Bc4 f6 O-O Bg7
1816,1583,white,120+10,d4 d6 c4 d5 Nc3 e6 Nf3 c6 e4 h6
1537,1502,white,60+0,d4 b6 e3 Bb7 f3 g6 Bd3 Bg7 Be4 Bxe4
1429,1469,white,60+0,e4 e6 Bc4 d5 exd5 exd5 Bb5+ c6 Qe2+ Qe7
1787,1896,black,60+0,e4 e5 Nf3 Nc6 Bc4 Bc5 Nxe5 Nxe5 d4 Nxc4
1669,1700,white,1500+0,e4 c5 d4 cxd4 c3 dxc3 Nxc3 Nc6 Nf3 e6
1730,1769,black,300+0,e4 e5 Nf3 Nc6 c4 Nf6 Nc3 Bc5 a3 a5
1425,1306,white,240+6,e4 d5 exd5 Qxd5 Nc3 Qd8 d3 e5 Ne4 Nf6
1475,1180,white,60+0,e4 c5 Bc4 d6 Nf3 a6 O-O h6 Bd5 e5
2172,1904,white,60+0,c4 d6 Nc3 Nd7 g3 Ngf6 Bg2 g6 e4 e5
1832,1709,white,900+0,e4 e5 Nf3 Nc6 Bc4 Nf6 Ng5 d5 exd5 Na5
1490,1547,black,60+0,e4 e5 Nf3 d6 Bc4 c5 O-O Nc6 Nc3 Be6
1452,1607,black,120+0,e4 e5 Nf3 Nc6 Bb5 Bc5 O-O d6 Bxc6+ bxc6
1338,1455,white,120+0,b4 d5 Bb2 e6 e3 Bxb4 Bxg7 f6 Bxh8 Bd7
1866,1899,white,720+3,e4 d6 d4 g6 f4 Nf6 Nc3 Bg7 Nf3 O-O
1408,1466,black,480+5,e4 e6 d4 Qh4 Nc3 Bb4 Bd2 Bxc3 Bxc3 Qxe4+
1910,1778,black,60+0,e4 e6 Nc3 d5 d4 dxe4 Nxe4 Nc6 Nf3 Be7
1466,1500,white,600+0,e4 e5 Nf3 Nc6 Bc4 Nf6 d3 Bc5 h3 O-O
1663,1455,white,0+1,d3 e6 e3 d5 Nf3 Nc6 Be2 Nf6 O-O Bd6
1488,1176,white,60+0,e4 c5 d4 cxd4 Qxd4 Nc6 Qd5 e5 Bc4 d6
1499,1172,black,60+0,e4 c5 Bc4 Nc6 Qh5 e6 Nf3 Nf6 Qh4 Be7
1796,1884,black,60+0,e4 c5 Nf3 Nc6 c3 e5 d4 cxd4 cxd4 exd4
1556,1406,white,60+0,d4 d5 e3 c6 c4 Bf5 cxd5 cxd5 f3 e6
1732,1242,white,1500+25,e4 e5 Qh5 d6 Bc4 g6 Qf3 Nf6 Qb3 Be6
1282,1374,white,540+3,e4 e5 Bb5 c6 Bc4 Bc5 Qf3 f6 Bxg8 Rxg8
1437,1368,white,60+0,e4 e5 Bc4 d6 Nf3 Nc6 O-O Bg4 Bb5 Ne7
1779,1720,white,300+0,e4 e6 Nf3 d5 exd5 exd5 d4 Nf6 Nc3 Bb4
1895,2177,white,60+0,Nf3 c5 b3 Nc6 Bb2 Nf6 e3 g6 Bb5 Bg7
1582,1613,black,60+3,e4 e5 Bc4 Nc6 d3 Bc5 f4 Qf6 f5 h6
1500,1701,white,420+9,d4 f5 c4 e6 Nf3 Nf6 d5 d6 dxe6 Bxe6
1862,1818,draw,300+5,d4 Nf6 c4 g6 Nc3 d5 cxd5 Nxd5 e4 Nxc3
1898,1786,white,60+0,e4 e6 Nc3 d5 d4 dxe4 Nxe4 Be7 Nf3 Nf6
1563,1478,black,60+0,d4 b6 e3 Bb7 f3 g6 Bd3 Bg7 Be4 Bxe4
1568,1513,black,180+0,d4 d5 Nc3 e6 a3 a6 e4 c6 e5 f6
1438,1197,white,120+0,c4 d6 Nc3 g6 d4 Bg7 e4 Nc6 d5 Nd4
1464,1399,black,60+0,e4 e5 Bc4 Bc5 Nf3 d6 O-O Bg4 d3 Nc6
1705,1379,black,600+8,e4 e5 Nf3 Nc6 Bc4 Nf6 Nc3 h6 d3 d6
1777,1910,black,60+0,e4 c5 Nc3 Nc6 Nf3 e6 d4 cxd4 Nxd4 Nf6
1925,1655,white,300+2,e4 e5 Nf3 Nc6 Bc4 h6 d4 Bd6 dxe5 Bxe5
2157,1935,white,60+0,c4 e5 Nc3 Nc6 g3 Nf6 Bg2 d6 Nf3 Bd7
1542,1399,black,660+6,e4 e5 Nf3 Nc6 d4 exd4 Nxd4 Nxd4 Qxd4 Be7
1175,1249,black,300+8,e4 e5 Nf3 Nc6 Bc4 Nd4 Nxe5 Qe7 Qh5 g6
1427,1412,white,60+0,e4 e5 Bc4 Nf6 Nf3 Nxe4 Qe2 d5 Nxe5 dxc4
1495,1549,draw,60+0,e4 e6 Nf3 c6 d4 d5 e5 f6 Bd3 fxe5
1341,1543,white,300+8,e4 e5 Nf3 Nc6 b3 f5 Bb2 fxe4 Nxe5 Nxe5
1723,1462,white,900+0,c4 e5 Nc3 c5 g3 f5 Bg2 Nf6 d3 Qa5
1623,1500,black,60+3,e4 c5 Nf3 e6 Bc4 d5 exd5 exd5 Bb5+ Nc6
1745,1209,white,600+2,e4 a6 Nf3 f6 d4 d6 d5 g5 Nd4 c5
1546,1434,white,180+0,d4 d5 Nc3 Nf6 Bf4 e6 Nb5 Bd6 Qd2 a6
1579,1709,black,360+8,f4 e6 Nf3 d5 Nc3 Bb4 e3 Bxc3 dxc3 Nf6
1826,1714,white,180+0,f4 d5 Nf3 Bg4 c4 Bxf3 exf3 e6 cxd5 Qxd5
1509,1682,black,300+8,e4 c6 Nf3 d5 exd5 cxd5 Bb5+ Bd7 Bxd7+ Nxd7
1822,1601,white,60+15,d4 d5 c4 e6 g3 Bb4+ Bd2 Bxd2+ Nxd2 Nf6
1455,1401,white,60+0,e3 e5 d3 d5 f3 f5 Be2 e4 fxe4 fxe4
1769,2162,black,60+0,e4 c5 Nf3 Nc6 c3 g6 d4 cxd4 cxd4 Bg7
1660,1747,black,600+5,e4 e5 Bc4 Nf6 d3 Nc6 c3 Bc5 h3 d5
1477,1497,white,60+0,e4 b6 Bc4 Bb7 Bd5 Bxd5 exd5 d6 Qf3 f6
1471,1548,black,60+0,d4 e6 e3 d5 Nf3 c5 Bb5+ Bd7 Bxd7+ Nxd7
1366,1298,white,240+6,e4 g6 d4 e6 Nf3 Bg7 Be3 Nc6 Nc3 Nge7
2165,1766,white,60+0,c4 e6 Nc3 d5 e3 dxc4 Nf3 Nf6 Bxc4 Be7
1530,1537,black,300+8,e4 e5 f4 Nc6 Nf3 Nf6 Bc4 h6 fxe5 Nxe4
1191,1330,black,120+0,d4 d5 Nf3 Bf5 Nc3 Nc6 Bf4 Nb4 a3 Nxc2+
1272,1166,white,300+8,e4 e5 Nf3 Nc6 Bc4 Nd4 Nxe5 Qg5 h4 Qxg2
1833,1858,white,180+0,f4 d5 Nf3 c5 c4 d4 d3 Nc6 e3 dxe3
1504,1358,white,60+0,e4 e5 Bc4 d6 Nf3 Nc6 O-O Bg4 Bb5 Ne7
1503,1390,white,300+8,e4 Nf6 e5 Nd5 Bc4 Nb6 Be2 d5 exd6 Qxd6
1799,1747,black,120+0,e4 e6 d4 d5 e5 c5 c3 Nc6 Ne2 Nge7
1497,1443,black,120+0,d4 d5 c4 dxc4 e4 e6 Qa4+ Qd7 Qxc4 Nf6
1509,1595,black,600+5,e4 e6 d3 Be7 Nf3 f5 Nc3 fxe4 Nxe4 d5
1614,1483,white,60+3,e4 b6 Nf3 Bb7 Bc4 g6 d3 e6 O-O Bg7
1670,1387,black,60+15,e4 e5 Nf3 d6 h3 c5 Nc3 Nc6 Bb5 Ne7
1559,1473,white,180+0,d4 d5 Nc3 e6 a3 f5 Bf4 Nf6 Nb5 Na6
1482,1936,black,300+5,d4 Nf6 c4 e5 dxe5 Ng4 e3 Nxe5 Nf3 Nbc6
1519,1351,white,60+0,e3 e5 d3 d5 f3 f5 Be2 Nf6 Bd2 Nc6
1345,1688,black,600+0,e4 c5 d3 Nc6 Be3 e6 Nd2 Nf6 Nc4 b5
2167,2180,black,60+0,c4 c5 Nc3 Nc6 g3 d6 Bg2 e5 e3 Nge7
1538,1527,black,300+7,d4 d5 c4 e6 cxd5 exd5 a3 f5 e3 c5
1787,1740,black,300+0,e4 c5 Nf3 e6 Nc3 a6 d4 cxd4 Nxd4 Ne7
1556,1462,white,60+0,d4 d5 e3 e6 f4 Nf6 Nf3 Bb4+ c3 Ba5
1804,1401,white,600+8,d4 Nf6 Nf3 d6 g3 Bf5 Bg2 Nc6 c3 Qd7
1652,1731,white,900+10,e4 e6 Nf3 d5 Nc3 d4 Ne2 c5 d3 Nc6
1264,1288,white,240+6,d4 d6 Nf3 f6 Nc3 e5 d5 Ne7 e3 Bg4
1975,2034,black,360+5,d4 d5 c4 c6 Nc3 Nf6 Nf3 dxc4 a4 Bf5
1846,1500,white,180+0,g3 Nf6 c3 g5 Bg2 c6 d4 d5 Bxg5 Bg7
1337,1392,white,120+0,e4 e5 Nf3 Nc6 Bc4 Bc5 c3 Nf6 d3 d6
1887,1788,black,120+0,e4 e5 f4 f5 exf5 exf4 Nf3 Nf6 Bc4 d5
1543,1158,white,720+8,e4 e5 Nf3 Nc6 d4 exd4 Nxd4 Nxd4 Qxd4 Nf6
1925,2155,black,60+0,Nf3 c5 b3 Nc6 Bb2 Nf6 e3 g6 Be2 Bg7
1563,1500,white,120+0,e4 e5 Nf3 Nc6 Nc3 d6 Bb5 a6 Ba4 b5
1534,1131,white,300+2,e4 e5 d4 d6 c3 Nf6 dxe5 Nxe4 exd6 Bxd6
1890,1520,black,300+8,d4 e6 c4 f5 g3 Nf6 Nf3 Bb4+ Bd2 Bxd2+
1500,1473,white,0+1,e3 e5 f4 d5 fxe5 Qe7 Nf3 c6 d4 f6
1368,1533,white,180+0,d4 d5 c4 Nc6 e3 Nf6 Nc3 e5 a3 exd4
1636,1966,black,360+5,e4 Nf6 Nc3 e5 f4 d6 Nf3 Nc6 Bb5 exf4
1764,1915,black,60+0,e4 d6 Nf3 Nd7 d4 Ngf6 Nc3 g6 Bc4 Bg7
1621,1457,white,60+3,e4 a5 Nf3 c6 Bc4 e6 d4 d5 exd5 cxd5
1849,1463,white,180+0,f4 d5 Nf3 c5 c4 d4 d3 Nc6 e3 f6
1571,1640,black,600+8,f4 d5 Nf3 Qd6 e3 f6 c4 Be6 cxd5 Bxd5
1662,1570,white,0+1,e3 d6 f4 e5 Nf3 exf4 exf4 Be7 Be2 Nf6
2161,2191,black,60+0,c4 c5 Nc3 Nc6 g3 d6 Bg2 e5 e3 Nge7
1786,1630,black,300+6,e4 e5 f4 Nc6 Nf3 d6 Bc4 Be6 Bxe6 fxe6
1546,1363,black,540+3,e4 e5 Nf3 d6 d4 f6 d5 b6 h3 Bb7
1801,1753,white,0+1,e4 b6 d4 Bb7 Nf3 Bxe4 Bd3 Bxf3 Qxf3 Nc6
1526,1553,black,660+6,e4 e5 Nf3 d6 d4 Bg4 d5 Bxf3 Qxf3 c6
1745,1669,white,180+0,e4 e5 Nc3 Nc6 Nf3 Bc5 Nxe5 Nxe5 d4 Bxd4
1717,1706,white,360+8,e4 e5 Nf3 Nc6 Bb5 d6 d4 Bd7 Bxc6 Bxc6
1562,1299,white,120+0,e4 e6 d4 Bb4+ c3 Ba5 Bd2 d5 b4 Bb6
1703,1531,white,300+3,d4 d5 Nf3 c6 e3 Nf6 c4 Bf5 c5 e6
1756,1634,black,60+0,e4 e6 Bc4 Bc5 Nf3 Qf6 d4 Be7 e5 Qg6
2202,2149,white,60+0,d4 Nf6 c4 e6 Nc3 Bb4 Bd2 O-O e3 b6
1450,1627,black,60+3,e4 e5 Nf3 Nc6 g3 Bc5 Bg2 d6 O-O Bg4
1652,1648,white,600+5,e4 e6 Bc4 Nc6 c3 Nf6 d3 d5 exd5 Nxd5
1483,1268,white,180+15,e4 e5 d4 d5 dxe5 f6 exf6 gxf6 exd5 Ne7
1756,1151,white,720+8,e4 e5 Nf3 Nc6 Bc4 Be7 d4 d6 dxe5 dxe5
1736,1860,black,300+2,e4 c6 Bc4 d5 exd5 cxd5 Bb3 Nc6 d4 Nf6
1674,1567,black,0+1,g3 d5 Bg2 e6 b3 Nf6 Bb2 Nc6 Bxf6 gxf6
1500,1579,white,300+8,d4 c6 e3 e6 Nf3 d6 c4 Ne7 Nc3 a5
1384,1461,black,180+0,d4 d5 c4 e6 Nf3 Nf6 Ne5 c5 e3 Nc6
1852,1625,black,180+0,f4 e5 fxe5 Nh6 Nf3 Nc6 d4 d6 e4 dxe5
2139,2212,white,60+0,c4 c5 Nc3 Nc6 g3 d6 Bg2 e5 e3 Nge7
1753,1776,black,180+0,e4 e5 Nc3 Nc6 Nf3 Nf6 d4 exd4 Nxd4 Be7
1500,1649,draw,60+0,e4 e5 f4 Nc6 Nf3 Bc5 Bc4 f6 c3 d5
1604,1661,black,300+0,e4 e5 Nf3 Nc6 Bc4 Bc5 c3 Qe7 O-O Nf6
1511,1291,black,300+8,e4 e5 Nf3 Nc6 Bc4 b5 Bxb5 Nd4 Nxd4 exd4
1349,1441,white,420+0,d4 d5 Be3 Nc6 a3 e6 Nf3 Nf6 Bd2 Ne4
1380,1418,black,480+8,e4 e5 Nf3 Nc6 Bc4 Nf6 d3 Bc5 Ng5 O-O
1379,1529,black,540+3,e3 e5 c4 d5 Qh5 Nf6 Qxe5+ Qe7 Qxe7+ Bxe7
1580,1351,black,120+0,e4 d5 exd5 Qxd5 Nc3 Qe5+ Be2 Bg4 f3 Bf5
1534,1745,black,420+5,c3 e5 e3 Nf6 f3 d5 d4 Nc6 Bb5 Bd6
1454,1339,black,600+0,e4 e5 Nf3 Nc6 Bb5 f6 Bxc6 dxc6 h3 Ne7
1771,1626,white,300+6,e4 e5 f4 exf4 Nf3 f6 Bc4 Ne7 O-O g5
1385,1261,white,180+15,e3 e5 d4 f6 dxe5 fxe5 Nc3 d6 Nd5 c6
1517,1312,white,660+6,e4 e5 Nf3 Nc6 d4 Qf6 d5 Nd4 Bg5 Nxf3+
1739,1646,white,60+0,e4 d6 Nf3 Nc6 d4 Bg4 Be2 Bxf3 Bxf3 e5
1417,1360,black,300+2,d4 e6 Nf3 b6 g3 Nc6 Bg2 Bb7 Ne5 f6
1906,1832,black,240+1,e4 e5 Nf3 Nc6 Bb5 f5 Nc3 fxe4 Nxe4 Nf6
1494,1331,white,300+8,e4 e5 Nf3 Nc6 Bb5 a6 Bxc6 dxc6 h3 c5
1500,1759,black,300+8,e4 c5 d4 cxd4 Qxd4 Nc6 Qd1 Nf6 Bd3 e5
1748,1638,white,60+0,e4 e6 Nf3 Bc5 d4 Bb6 Bc4 d5 exd5 exd5
1575,1543,white,120+0,e4 c5 Nf3 d6 d4 cxd4 Nxd4 Bd7 Bc4 Nc6
1234,1276,white,240+6,e4 d5 exd5 Qxd5 Nc3 Qa5 d4 c6 Bc4 Nd7
1757,1632,white,600+7,e4 d5 exd5 Nf6 Nc3 Nxd5 Ne4 Bf5 Ng3 Be6
1379,1369,white,120+0,e4 d5 exd5 Qxd5 Nc3 Qa5 Bc4 Nf6 Qf3 Bg4
2198,2154,white,60+0,d4 e6 c4 Nf6 Nc3 Bb4 e3 O-O Bd3 b6
1743,1670,white,180+0,e4 e5 Nc3 Nc6 Nf3 Nf6 d4 exd4 Nxd4 Nxd4
1832,1868,black,180+0,f4 d5 Nf3 c5 c4 d4 d3 Nc6 e3 Nf6
2143,2208,white,60+0,c4 c5 Nc3 Nc6 g3 d6 Bg2 e5 e3 Nge7
1479,1493,white,300+0,e4 e5 Nf3 Nc6 d4 exd4 Nxd4 Nxd4 Qxd4 Nf6
1358,1096,white,120+0,e4 e5 Nf3 d6 Bc4 Nc6 c3 Be6 Bxe6 fxe6
1349,1817,white,600+9,e4 e5 Nf3 d6 c3 Bg4 Be2 Nf6 d4 Nxe4
1757,1630,white,60+0,e4 d6 Bc4 f5 Qf3 Nf6 exf5 Nc6 c3 Ne5
1375,1200,white,180+0,d4 d5 c4 dxc4 e3 e6 Nf3 h6 Bxc4 Nc6
1499,1632,white,600+5,e4 e6 Nf3 Nc6 d4 d5 exd5 Qxd5 Nc3 Qd8
1161,1192,white,180+0,h4 e5 h5 Nc6 g4 d6 f3 Be7 e3 Bh4+
1969,1868,black,360+5,d4 d6 c4 g6 e4 Bg7 f3 Nc6 Ne2 e6
1527,1677,black,300+7,d4 d5 c4 c6 cxd5 cxd5 Nc3 Nf6 e3 Bf5
1529,1664,black,420+5,e3 e5 g3 d5 Bg2 Nf6 c3 Nc6 Ne2 Bc5
1182,1252,white,180+15,Nf3 Nf6 e3 d5 Bd3 Nc6 O-O a6 Nc3 b5
2195,2157,white,60+0,d4 e6 c4 Nf6 Nc3 Bb4 e3 O-O Qc2 b6
1688,1623,white,60+0,e4 e5 f4 exf4 Nf3 f6 Bc4 c6 O-O d5
1663,1572,white,600+5,e4 e6 Bc4 d5 exd5 exd5 Bb3 Nf6 d4 c5
1453,1534,black,60+0,d4 d5 e3 e6 Nf3 c5 Bb5+ Bd7 Bxd7+ Nxd7
1812,1765,white,60+0,e4 e6 Nf3 d5 exd5 exd5 d4 Nf6 Bd3 Be7
1373,1402,white,300+2,d4 g6 e4 Bg7 c3 c5 Be3 Nc6 dxc5 b6
1479,1392,black,480+8,e3 d6 Qf3 Nf6 Bc4 e6 Ne2 Nc6 O-O Ne5
2043,1996,black,120+1,d4 d5 Nf3 Bf5 c4 e6 Nc3 Nf6 cxd5 exd5
1500,1317,white,300+8,e4 e5 Nf3 Nc6 Bb5 Bc5 Bxc6 bxc6 Nxe5 Qg5
1585,1509,black,120+2,d4 d5 Nf3 Bf5 Bf4 Nc6 e3 Nb4 Na3 a6
1710,1499,white,300+3,c4 c5 Nc3 Nc6 e4 Nf6 Nf3 e5 Be2 d6
1754,1821,white,60+0,e4 c6 Bc4 d5 exd5 cxd5 Bb3 Nc6 d4 Nf6
1659,1690,white,60+15,d4 f5 c4 e6 g3 d5 Bg2 c6 Nf3 Bd6
1645,1764,black,300+8,e4 c5 Nf3 Nc6 Bc4 e5 d3 Be7 Ng5 Bxg5
1821,1500,white,180+0,Nf3 c5 c3 Nf6 e4 e6 e5 Nd5 d4 Be7
1209,1629,white,300+0,e4 e5 Nf3 Nc6 Nc3 Bb4 d4 Bxc3+ bxc3 d6
1713,1369,white,480+0,e4 e5 Nf3 Nf6 Bc4 Nxe4 Nxe5 Nd6 Bb3 f6
1370,1614,black,60+0,e4 d5 Nf3 dxe4 Nd4 e5 Nb3 f5 d3 exd3
1752,1877,black,180+0,e4 c6 d4 d5 exd5 cxd5 Bd3 Nc6 c3 Nf6
1381,1193,white,180+0,d4 d5 c4 dxc4 Nc3 e6 e4 Nc6 a3 a6
1463,1368,white,480+8,e4 e5 Nf3 d6 Bc4 Bg4 d3 Bxf3 Qxf3 Nf6
1794,1858,black,1800+0,e4 e5 Bc4 Nc6 Nf3 Nf6 Ng5 d5 exd5 Na5
1559,1474,white,180+0,d3 e5 e3 d5 Qe2 Nc6 f3 f5 h3 d4
1769,1619,white,60+0,e4 e5 Bc4 Bc5 Qf3 f6 d3 c6 Be3 Qa5+
2005,2029,black,120+1,d4 d5 Nf3 Nf6 e3 Bg4 c4 c6 Nc3 e6
1772,1829,white,300+8,e4 e5 f4 d5 exd5 e4 Nc3 Qh4+ g3 Qe7
1434,1825,black,180+0,e4 e5 f4 exf4 Nf3 Bc5 d4 Bb4+ c3 Ba5
1362,1766,black,120+0,e4 e5 Nf3 Nc6 Bc4 Bc5 c3 Nf6 d3 h6
1481,1731,black,180+1,e4 c6 Qh5 Nf6 Qf3 d6 d3 Bg4 Qf4 e5
1627,1892,black,300+8,e4 d5 exd5 Nf6 Bc4 c6 dxc6 Nxc6 Nf3 e5
1894,1642,white,240+1,e4 e5 Nf3 Nc6 d4 exd4 Bc4 Bc5 c3 dxc3
2205,1808,white,60+0,d4 d5 c4 e6 Nc3 Nf6 e3 Be7 a3 c6
1247,1263,white,240+6,e4 Nf6 e5 Nd5 d4 d6 Nf3 Nc6 Bc4 e6
1671,1522,white,420+5,e4 d5 exd5 Qxd5 Nc3 Qe6+ Be2 Qc6 Nf3 e6
1745,1860,white,180+0,e4 e5 Nc3 Nf6 Nf3 Nc6 d4 exd4 Nxd4 Bb4
1806,2207,white,60+0,d4 c5 d5 e5 c4 d6 e4 Ne7 Nc3 Ng6
1380,1633,black,60+3,b4 e5 Bb2 Bxb4 Bxe5 Nf6 c3 Bc5 d4 Bb6
1485,1269,white,60+5,c4 Nf6 Nc3 e6 g3 Bb4 Qb3 Nc6 Bg2 Bxc3
1398,1512,black,600+8,e4 e5 Nf3 d6 d4 exd4 Nxd4 Nf6 Nc3 Bg4
1604,1149,white,720+8,e3 e5 b3 d5 Bb2 Nc6 Nf3 Bd6 Bb5 Bd7
1362,1234,white,180+15,c4 c5 Nc3 e5 e4 d6 Nf3 f6 h4 g6
1264,1490,black,60+5,d4 f5 c3 Nf6 Bg5 Ne4 h4 h6 Bf4 e6
1363,1606,white,420+8,e4 g6 g3 Bg7 Bg2 e6 Nf3 Ne7 O-O Nbc6
1516,1705,white,600+5,e4 Nc6 Nf3 d5 exd5 Qxd5 Nc3 Qh5 Be2 Nb4
1736,1476,white,180+1,e4 Nc6 Nf3 d6 Bb5 Bd7 d4 Nf6 Nc3 a6
1768,1360,white,120+0,d4 d5 c4 Nc6 Nc3 e5 dxe5 Nxe5 cxd5 Nf6
1387,1186,white,180+0,d4 e6 e3 d5 f4 a6 Nf3 h6 h3 Nf6
1389,1385,white,300+2,g3 e6 Bg2 Qf6 Nf3 Bc5 O-O Nc6 Nc3 a6
1405,1371,white,300+8,e3 e5 Nc3 Nf6 Nf3 Nc6 d3 Bb4 Bd2 O-O
1522,1424,white,660+10,e4 e5 Nf3 Qf6 d4 d6 Bg5 Qe6 b3 f6
1826,2186,black,60+0,e4 c5 Nf3 Nc6 Be2 e5 b3 d6 Bb2 Nge7
1500,1588,white,180+3,e4 c5 Bc4 Nc6 Qh5 e6 c3 Nf6 Qf3 Qc7
1828,1500,black,180+0,f4 e6 Nf3 d5 c4 Nf6 cxd5 exd5 d3 Bd6
1762,1710,black,300+0,e4 e6 Nf3 d5 e5 Nc6 d4 Be7 Bf4 a6
1776,2189,black,60+0,e4 c5 Nf3 Nc6 c3 e6 d4 cxd4 cxd4 d5
1716,1283,white,600+0,e4 e6 Nc3 d5 f4 c5 Nf3 Qf6 d3 dxe4
1426,1228,white,300+0,d4 d5 Bg5 Nc6 e3 Nf6 Bxf6 exf6 Bb5 Bd7
1358,1771,black,120+0,e4 e5 f3 Nf6 Bc4 Nh5 Nc3 Qh4+ g3 Nxg3
1568,1543,black,180+0,d3 d5 e3 e5 Qe2 Nc6 f3 Nf6 h3 h5
1956,1581,white,240+0,d4 d5 Bf4 e5 Bxe5
1510,1788,white,300+1,e4 e6 Nf3 d5 exd5 exd5 Bb5+ c6 Ba4 b5
2191,1774,white,60+0,d4 e6 c4 d5 Nc3 dxc4 e3 Nf6 Bxc4 Be7
2091,2092,black,180+0,d4 d5 c4 c6 Nc3 Nf6 Nf3 a6 Bf4 dxc4
1577,1959,black,240+0,e4 c5 Nc3 e6 b3 b6 Bb2 Bb7 d3 Nf6
1259,1577,black,300+2,e4 g5 Nc3 g4 Qxg4 d5 Nxd5 Bxg4
1675,1928,white,60+0,e4 d6 f4 Nd7 Nf3 Ngf6 d3 g6 Be3 Bg7
1671,1464,white,600+5,e4 e5 Nf3 d6 Bc4 Nf6 d3 h6 c3 a6
1256,1581,black,300+2,e4 g5 Nc3 c5 Bc4 g4 Qxg4 d5 Bb5+ Nc6
1758,1840,black,180+0,e4 e5 Nc3 Bb4 Nf3 d6 d4 exd4 Nxd4 Nc6
1195,1313,black,1200+10,Nf3 g6 e4 Bg7 Be2 Nh6 O-O O-O Nc3 c6
1772,2193,black,60+0,e4 c5 Nf3 Nc6 c3 e6 d4 cxd4 cxd4 d5
1600,1631,black,360+9,e4 c5 Nf3 Nc6 c4 e5 Nc3 d6 d3 Bg4
1960,1894,white,60+1,c4 d6 Nc3 Nd7 g3 g6 Bg2 Bg7 d3 c6
1716,1604,black,300+3,d4 d5 Nf3 Nf6 e3 Bg4 Be2 e6 Nbd2 c5
1589,1650,black,300+2,e4 e5 Nf3 Nc6 Bc4 h6 Nc3 a6 d4 Bd6
2040,1732,draw,120+1,d4 d5 Nf3 Nf6 c4 c6 Nc3 dxc4 a4 Bf5
1748,1574,white,300+0,e4 e5 d4 exd4 c3 dxc3 Bc4 Nc6 Nf3 Bc5
1815,1558,white,180+0,f4 d5 Nf3 Nc6 c4 Bg4 cxd5 Qxd5 Nc3 Qd8
1961,1909,black,240+0,d4 e6 Bf4 d5 Nf3 c5 e3 Nf6 a3 Qb6
1392,1258,black,180+0,d4 d5 c4 dxc4 e3 b5 a3 a6 Nc3 Nf6
1506,1570,draw,300+8,e4 d6 h3 Nd7 Bc4 Nc5 Qf3 Be6 Bxe6 Nxe6
2104,2066,white,180+0,d4 d5 Nf3 Bf5 e3 e6 Nbd2 Nf6 Be2 Bd6
1256,1741,white,180+1,d4 d5 c4 e6 Nc3 Nf6 Bg5 Be7 Nf3 a6
1838,1723,draw,240+3,e4 e6 d4 d5 exd5 exd5 Bd3 Nf6 Nf3 Bd6
1755,1819,white,300+0,e4 c5 Nf3 Nc6 d4 cxd4 Nxd4 g6 Be3 Bg7
2079,1831,black,180+0,e4 d5 exd5 Nf6 c4 c6 dxc6 Nxc6 Nf3 e5
1820,1471,white,180+0,Nf3 d5 c3 Bg4 e3 Nf6 Be2 e6 d4 Bd6
1180,1557,draw,240+0,e4 e5 Nf3 Nc6 Nc3 Nf6 Bb5 d6 Bxc6+ bxc6
1693,1770,draw,60+0,e4 e6 f4 d5 exd5 exd5 d4 Nf6 Nf3 Be7
1671,1718,black,300+8,e4 e5 Nf3 d6 Bc4 Bg4 Nc3 Nc6 b4 Nxb4
1580,1732,black,60+0,e4 c5 d3 Nc6 h4 e5 Bg5 f6 Bd2 d5
1401,1515,black,60+0,d4 e6 f3 d6 h4 b6 g4 Bb7 e4 Nd7
1495,1566,black,60+5,c4 e5 Nc3 Bc5 g3 c6 Bg2 Nf6 e3 d5
1767,1695,white,60+0,e4 d6 Nf3 c5 c3 Nc6 d4 e5 dxe5 dxe5
1780,1955,black,360+5,d4 Nf6 c4 e6 Nc3 Bb4 Bg5 c5 e3 Nc6
1765,1604,white,600+5,e4 e6 d4 d5 Nd2 Nf6 Bd3 Bb4 c3 dxe4
1275,1693,black,60+0,e4 c5 Nf3 Nc6 Bc4 e6 Ng5 d5 Nxf7 Kxf7
1750,1849,black,180+0,e4 e5 Nc3 Bc5 Nf3 d6 Na4 Bb6 Nxb6 axb6
1872,1704,white,300+8,e4 c5 Nf3 Nc6 d4 cxd4 Nxd4 Qc7 Bc4 e6
1253,1584,white,300+2,e4 c5 Nf3 d5 exd5 Qxd5 Nc3 Qc6 Bb5 Bd7
1389,1506,black,600+8,e4 e5 Nf3 Nc6 Bc4 Nf6 d3 d5 exd5 Nxd5
1739,1574,white,60+0,d4 d6 e4 e6 Nc3 b6 f4 Bb7 Nf3 c6
1377,1603,black,180+0,d4 Nf6 f3 d5 e3 c6 c4 Nbd7 Nc3 e5
2169,2046,white,180+0,d4 d5 Nf3 Bf5 c4 e6 Nc3 Nf6 cxd5 exd5
1699,1754,black,300+3,c4 f5 Nc3 Nf6 Nf3 Nc6 d3 e5 e4 f4
1865,2059,black,180+0,e4 e5 Nf3 Nc6 Bb5 Qf6 Nc3 Nge7 d3 h6
1568,1747,black,60+0,e4 c5 d3 a6 c4 Nc6 h4 e5 Bg5 f6
1378,1414,black,420+0,d4 d5 e3 Bf5 Nf3 Nc6 Bd3 Bxd3 Qxd3 Nf6
1393,1195,white,60+0,d4 d5 f3 e6 h4 a6 e4 h6 e5 Nc6
1374,1401,black,300+2,d4 d5 Nc3 Nf6 e3 Bf5 Bd3 e6 Bxf5 exf5
1823,1346,white,180+0,Nf3 e5 e4 Qf6 Nc3 Be7 Bc4 c6 O-O d6
2044,1897,black,300+8,d4 d5 c4 Bf5 cxd5 Nf6 Nc3 e6 dxe6 fxe6
1588,1537,black,420+1,e4 c5 d4 cxd4 Qxd4 Nc6 Qd1 e5 f4 Nf6
1322,1530,black,660+10,g3 e5 Nh3 d5 Bg2 Nf6 O-O Be6 d4 e4
1868,1785,black,1800+0,e4 e6 Nf3 c5 c3 Nc6 Bb5 a6 Bxc6 bxc6
1512,1427,black,600+8,e4 e5 d3 h6 Nf3 f6 Nc3 Nc6 a3 d6
1686,1777,black,60+0,e4 e6 f4 d5 e5 c5 c3 Nc6 d4 cxd4
1446,1361,black,600+10,e4 c5 d4 cxd4 Qxd4 Nc6 Qc4 e6 Nc3 a6
1578,1486,white,60+5,d4 f5 e3 Nf6 Nc3 d5 Be2 e6 Nf3 Nc6
1806,1768,white,300+0,Nf3 e5 Nxe5 d5 d4 Nf6 g3 Bf5 Bg2 Bd6
854,1716,black,180+1,g4 c6 Nf3 d5 e3 Bxg4 Ng1 Bxd1
1142,1296,black,300+1,Nf3 Nc6 g3 e5 Bg2 d5 O-O e4 Nh4 Be7
1562,1773,black,60+0,h4 e5 d3 d5 Bg5 f6 Bd2 Bc5 c3 a6
1689,1534,white,600+5,e4 e5 Bc4 Nc6 Nh3 d6 Qf3 Qf6 Qxf6 gxf6
1399,1188,black,60+0,d4 d6 f3 e5 e4 exd4 Qxd4 Nf6 c3 Nc6
1364,1374,white,300+2,d4 d5 Nc3 e6 Nf3 Qe7 e3 Nf6 Bd3 Nc6
1645,1696,black,180+0,d3 e5 e3 d5 g3 Nc6 Bg2 Nf6 Ne2 Be7
1757,1415,white,300+6,c4 d6 d4 c6 g3 Nf6 Bg2 Nbd7 Nc3 e5
1435,1640,white,600+0,e4 e5 Bb5 Nf6 d3 c6 Bc4 d5 exd5 cxd5
1825,853,white,180+0,f4 b5 Nf3 c5 e4 Qa5 Nc3 c4 d3 cxd3
1326,1544,white,240+0,e4 e5 Qh5 Nc6 Bc4 g6 Qf3 Nf6 c3 Be7
1786,1678,white,60+0,e4 g6 Bc4 Bg7 Qf3 e6 d4 Ne7 d5 O-O
1264,1735,white,600+0,e4 c5 d4 cxd4 Qxd4 Nc6 Qa4 e6 Nf3 Nf6
1877,2032,black,120+1,e4 c5 Nf3 d6 d4 cxd4 Qxd4 Bd7 Nc3 Nc6
1778,1557,white,60+0,d4 d6 c4 e6 Nc3 b6 e4 Bb7 f4 Nd7
1728,1726,white,300+0,e4 e6 Nf3 d5 e5 Nc6 d4 Nge7 Bd3 Ng6
1604,1402,white,120+16,d4 e6 Nf3 b6 Nc3 Bb7 Bf4 Nc6 Nb5 d6
1372,1251,white,240+6,d4 c6 c4 e6 Nf3 d5 b3 Bb4+ Bd2 Qe7
1619,1489,black,600+0,d4 d5 c4 Nf6 Nc3 g6 Nf3 c6 Qa4 Bd7
1382,1209,white,120+0,d4 d6 f3 e5 e4 exd4 Qxd4 Nc6 Qd1 Nf6
1380,1500,white,900+10,e4 e5 Nf3 Nc6 Bc4 Bc5 O-O Nf6 Nc3 a6
1508,1418,white,300+8,e4 e5 Nf3 d5 Nxe5 dxe4 d4 f5 Bc4 Bb4+
1450,1465,white,0+1,e4 e6 Nf3 d6 d4 c6 Bd3 b6 Be3 a6
1716,1636,white,180+0,e4 e6 Nf3 d6 d4 g6 Nc3 Bg7 Bc4 Ne7
1670,1795,white,60+0,e4 e6 f4 d5 e5 c5 Nf3 Nc6 Bb5 a6
1412,1308,draw,300+3,d4 Nf6 c4 g6 g3 Bg7 Bg2 O-O e4 d6
1380,1520,black,600+8,e4 e5 Nf3 Nc6 Bc4 a6 d3 h6 Nc3 Bb4
1564,1660,white,300+2,e4 e5 Bc4 Nc6 Nc3 a6 d3 h6 Nf3 Bd6
1784,1898,black,240+1,e4 e5 f4 Bc5 Nf3 d6 d4 exd4 Nxd4 Nf6
1478,1472,white,60+5,e4 d5 exd5 Qxd5 Nc3 Qe6+ Nge2 Nf6 d3 Nd5
1716,1553,white,0+1,b3 d6 Bb2 h5 d3 Bg4 Nd2 Nd7 f3 Be6
1779,1685,white,60+0,e4 c5 Bc4 Nc6 Nf3 e5 c3 d6 d4 Bg4
1475,1739,white,300+2,e4 e5 Nf3 Nc6 d4 exd4 Nxd4 Nxd4 Qxd4 d6
1583,1416,black,600+0,b3 d5 Bb2 e6 e3 Bd6 f4 Qe7 Nf3 Nf6
1742,1721,black,180+0,e4 e5 Nc3 Nf6 Nf3 Nc6 d4 exd4 Nxd4 Nxd4
1575,1389,white,420+1,e4 e5 f4 exf4 Nf3 c5 d4 cxd4 Qxd4 Nc6
1759,1816,black,300+5,c4 c5 e4 Nc6 d3 g6 Be3 d6 Nf3 Bg7
1825,1588,white,180+0,f4 e6 Nf3 Nc6 e4 Bc5 c3 Nge7 d4 Bb6
1779,1587,black,300+6,e4 e6 d4 c5 c3 d5 e5 Ne7 Nf3 Nbc6
1797,1812,black,300+0,g3 d5 Bg2 e5 Nf3 e4 Ng1 c5 f3 f5
1605,1611,black,600+0,d4 e6 c4 c6 Nc3 a6 Nf3 h6 g3 Nf6
1135,1180,white,300+1,Nf3 d5 g3 e6 Bg2 h6 O-O a6 d4 Ne7
1705,1722,black,120+0,d4 d5 Bg5 Nc6 h3 Nf6 Nf3 h6 Bh4 g5
1758,1525,white,300+0,e4 e5 d4 Nc6 Nf3 exd4 c3 dxc3 Bc4 Be7
1677,1788,black,60+0,e4 e5 f4 exf4 Nf3 Nf6 d4 d5 e5 Ne4
1546,1460,white,60+0,e4 e5 d3 Nc6 h4 Nd4 Bg5 f6 Be3 c5
2039,1865,white,120+1,d4 Nf6 c4 e6 g3 c5 d5 exd5 cxd5 d6
1451,1465,white,480+8,c3 e6 e3 Qf6 d4 b6 Nf3 Bb7 Be2 Qg6
1608,1529,white,480+5,b4 d5 Bb2 c6 e3 a6 h3 e6 a3 h6
1688,1338,white,300+3,e4 e5 Bc4 Nc6 Qh5 Nh6 d3 g6 Qf3 Nd4
1627,1727,black,180+0,e3 d5 d3 e5 g3 Nf6 Bg2 Nc6 Ne2 h6
1481,1595,black,540+9,e4 e5 Nf3 d6 Bc4 f6 d4 exd4 Nxd4 c5
1505,1397,white,1260+0,d3 e6 g3 b6 Bg2 c6 Nf3 Bd6 e4 Nf6
1380,1409,black,180+0,d4 d5 c4 c6 e3 Nf6 f3 e6 a3 Bd6
979,1536,white,660+10,f4 d5 Nf3 Nc6 b4 Nxb4 Ba3 Nc6 e3 Bf5
1449,1676,black,600+5,e4 e5 Nf3 Nc6 c3 Bc5 a3 a5 d3 d6
1578,1662,white,300+0,e4 e5 Nf3 Nc6 Bb5 Qf6 O-O Bc5 c3 a6
1525,1511,white,240+0,e4 e5 Nf3 Qf6 Nc3 c6 Be2 h6 O-O d6
1498,1316,white,600+8,e4 g6 d3 Bg7 c4 Nh6 Nc3 O-O Nf3 c6
1698,1879,black,300+8,e4 e5 Nf3 Nc6 g3 Nf6 Nc3 d5 exd5 Nxd5
1500,1500,white,600+0,e4 e5 Qh5 Nc6 Bb5 Nf6 Qf3 Nd4 Qd3 Nxb5
1753,1445,white,60+0,d4 d5 e4 c6 Nc3 e6 e5 c5 Bd3 cxd4
1772,1597,white,600+5,e4 d5 exd5 Qxd5 Nc3 Qe5+ Be2 Bg4 d4 Qe6
1669,1796,black,60+0,e4 e6 d4 d5 e5 Ne7 f4 Ng6 c3 c5
1539,1445,white,120+0,e4 e5 Nf3 Nf6 Bc4 Nxe4 O-O d5 Be2 Nc6
1432,1536,white,600+10,e4 e5 d4 d5 dxe5 c6 exd5 Qxd5 Qxd5 cxd5
1520,1362,white,240+4,e4 d5 exd5 Qxd5 Nc3 Qa5 d3 Nf6 Bd2 Nc6
1822,1500,black,300+8,d4 Nf6 Nf3 d5 e3 c5 c4 e6 Nc3 Nbd7
1461,1489,black,60+5,e3 e5 d3 d5 Nf3 Nc6 d4 e4 Ne5 Nxe5
1619,1737,black,180+0,d3 d5 e3 e5 g3 Nc6 Bg2 Nf6 Ne2 Bd6
1831,1583,white,180+0,f4 Nc6 Nf3 d6 e4 e5 fxe5 dxe5 Bb5 Bd7
1822,1786,draw,300+0,d4 b6 e4 Bb7 Bd3 Na6 c3 c6 f4 b5
1610,1567,white,120+16,d4 c6 Bf4 d5 e3 Bf5 Nc3 Nd7 Nf3 e6
1731,1714,black,180+0,e4 c5 Nc3 d6 g3 e5 Bg2 f5 d3 Nc6
1804,1662,black,60+0,e4 c5 Bc4 Nc6 Qf3 e6 c3 Nf6 e5 Nxe5
1723,1765,black,300+2,e4 d5 exd5 Nf6 Nc3 Nxd5 Nxd5 Qxd5 d3 e5
1733,1757,white,60+0,c4 g6 Nc3 Bg7 d3 e6 Nf3 Ne7 Bd2 d6
1538,1425,draw,240+0,e4 e5 Nf3 Qf6 Nc3 c6 Be2 h6 O-O Be7
1836,1554,white,180+0,Nf3 d5 c3 c6 d4 Nd7 Nbd2 Ngf6 Qc2 e6
1595,1601,white,300+8,e4 e5 Nf3 Nc6 Bc4 Nd4 Nxd4 exd4 Qh5 Qe7
1555,1523,white,60+0,d3 e5 e4 Nc6 c4 d6 h4 Be7 g3 Nf6
1787,1855,black,60+0,e4 d6 Nf3 Nd7 d4 Ngf6 e5 dxe5 dxe5 Ng4
1391,1535,black,900+10,e4 c5 Nf3 d6 d4 Nf6 dxc5 Nxe4 cxd6 Nxd6
1369,1333,black,180+0,d4 d5 e3 e6 a3 Bd6 c4 dxc4 Nc3 Nf6
1623,1595,white,300+0,e4 c5 Nf3 Nf6 Nc3 Nc6 d4 e6 Be2 d5
1611,1675,black,600+0,e4 d6 d4 e6 c4 c6 Nc3 g6 Nf3 h6
1961,1879,white,420+5,d4 d5 c4 e6 Nc3 Nf6 Bg5 Be7 Nf3 h6
1745,1744,white,60+0,c4 g6 Nc3 Bg7 d3 e6 Bd2 Ne7 Qc1 d6
1521,1446,black,600+10,e4 c6 d4 d5 e5 Bf5 Bd3 Bxd3 Qxd3 e6
1776,1713,white,300+2,a3 e5 b3 Nc6 c3 Bc5 d3 Qh4 e3 Nf6
1564,1575,white,300+8,d4 Nf6 Nf3 Nc6 Nc3 d6 Bg5 h6 Bh4 g5
1746,1612,black,180+0,e4 d6 d4 e6 Nf3 b6 Nc3 Bb7 Bd3 Nd7
1620,1548,white,120+16,d4 d5 Nc3 f5 Bf4 Nf6 e3 e6 a3 h6
1535,1577,white,420+0,d4 d5 c4 e6 Nc3 Nc6 e3 Bd7 Nf3 Bb4
1677,1564,white,60+0,e4 d6 d4 h5 f4 Bg4 Be2 Bxe2 Nxe2 g6
1870,1778,white,60+0,e4 e6 d3 d5 Nd2 dxe4 dxe4 Nc6 Ngf3 Bd7
1720,1741,black,180+0,e4 d5 exd5 Qxd5 Nc3 Qd8 Nf3 Bg4 Be2 Nf6
1841,1527,white,180+0,f4 Nc6 Nf3 d6 e4 Nf6 e5 dxe5 fxe5 Nd7
1649,1619,white,300+0,e4 c5 Nc3 Nc6 a3 e6 Bc4 a6 d3 b5
1755,1731,white,0+1,c4 g6 Nc3 Bg7 d3 e6 Bd2 Ne7 Qc1 b6
1612,1548,black,600+8,e4 c5 Nc3 Nc6 Nf3 g6 d4 cxd4 Nxd4 Bg7
1556,1383,white,900+10,d4 d5 Nf3 Nc6 e3 Nf6 Bd3 Nb4 Bb5+ c6
1575,1568,white,300+8,d4 d6 e3 d5 Nf3 e6 Nc3 c5 dxc5 Bxc5
1769,2102,black,60+0,e4 e6 Nf3 b6 Nc3 Bb7 d4 Bb4 Bd3 Bxc3+
1766,1557,black,0+1,c4 d6 Nc3 b6 d3 h5 Bd2 Bg4 Qc1 Be6
1547,1500,white,120+0,e4 d5 exd5 Qxd5 Nc3 Qd8 Nf3 Nf6 d4 e6
1357,1302,white,180+0,d4 Nc6 Nf3 b6 e4 g6 c4 Nf6 d5 Ne5
1278,1148,white,180+0,d4 Nf6 e4 Nc6 Nc3 e5 d5 Na5 b4 Nc4
1600,1734,white,540+5,e4 c5 Nf3 Nc6 d4 cxd4 Nxd4 e5 Nxc6 bxc6
1787,1855,white,300+0,c4 e5 Nc3 Nc6 g3 Nf6 Bg2 d6 d3 g6
1523,1633,white,300+0,e4 e5 Nf3 Nf6 Nc3 Nc6 d3 Be7 Be3 d6
1716,1786,black,300+0,d4 d5 e3 Nf6 Nf3 Nc6 c4 e6 Nc3 Be7
1844,1821,white,180+0,Nf3 d5 c4 d4 d3 c5 e3 Nc6 exd4 cxd4
1458,1473,black,900+0,e4 c5 c4 Nc6 Nf3 d6 d3 Bg4 Nc3 Nf6
1692,1716,black,60+1,d4 d5 Bg5 h6 Bh4 Nf6 h3 c5 e3 Nc6
1547,1564,white,420+0,d4 d5 c4 dxc4 Nc3 e6 e3 Bb4 Bxc4 Nf6
1760,1754,white,300+6,e4 e5 f4 exf4 Nf3 Be7 h4 g5 hxg5 Bxg5
1749,1720,white,0+1,c4 e5 Nc3 d6 d3 f5 Bd2 Nf6 Qc1 Be6
1534,1508,black,240+0,e4 d5 exd5 Qxd5 Nc3 Qe6+ Be2 c5 Nf3 h6
2106,1766,white,60+0,d4 e6 Nf3 d5 e3 c5 b3 Nc6 Bb2 cxd4
1465,1165,white,300+4,e4 c5 Bc4 Nc6 Nh3 h6 Nc3 Ne5 Bf1 d6
1246,1274,white,180+0,c3 d5 d4 Nc6 e3 Nf6 Nf3 e6 Be2 Bd6
1605,1641,white,540+9,e4 e5 d4 Qf6 d5 Bc5 Nh3 d6 Bg5 Qg6
1520,1523,white,900+15,d4 d5 e3 Nf6 c3 e6 Nd2 c5 a3 c4
1554,1430,black,120+0,e4 e5 Nf3 Nc6 Bc4 Nf6 Nc3 d6 O-O Be6
1308,1375,black,300+2,e4 e6 a3 Qf6 d3 Bc5 Nf3 Nc6 Be2 Nd4
1617,1627,black,180+0,e4 e6 Nf3 d6 d4 b6 c4 Bb7 Nc3 Nd7
1289,1231,black,600+5,e4 Nf6 d3 d5 Nc3 dxe4 Nxe4 Nxe4 dxe4 Qxd1+
1728,1680,white,60+1,e4 d5 exd5 Qxd5 Nc3 Qd8 Nf3 Bg4 Be2 Nf6
1759,1842,black,0+1,c4 c5 Nc3 Nc6 d3 g6 Bd2 Bg7 Qc1 Nd4
1305,1566,black,300+8,e4 d6 Bc4 c6 Nc3 e6 Qf3 d5 exd5 cxd5
1442,1527,white,660+0,d4 d5 Nc3 Nf6 a3 h6 h3 Nc6 Nf3 e6
1704,1821,white,300+2,e4 c5 Nf3 d6 Nc3 Nc6 d3 Nf6 Be2 g6
1565,1519,white,600+7,Nf3 Nc6 d3 e5 e4 Bc5 d4 exd4 c3 Nf6
1365,1420,white,180+0,d4 d5 e3 Nf6 Nf3 e6 c4 Bd6 Nc3 c6
1851,1750,white,0+1,d4 d5 c4 Nf6 cxd5 Nxd5 e4 Nf6 Nc3 e6
1536,1373,black,180+0,e4 g6 Qf3 Bg7 Bc4 e6 Nh3 d6 Ng5 Qxg5
1618,1538,white,300+0,d4 d5 c4 Nf6 Nc3 e6 cxd5 Nxd5 e4 Nxc3
1878,1773,white,180+0,f4 c5 Nf3 d5 c3 Nc6 d4 cxd4 cxd4 Nf6
1286,1125,white,180+0,e3 d5 Nf3 f6 Bb5+ Nc6 Bxc6+ bxc6 d4 Nh6
1591,1659,white,300+0,e4 e5 Nf3 Nc6 Bb5 Qf6 O-O Bc5 c3 a6
1668,1738,white,60+1,d4 d5 Bg5 c5 e3 cxd4 exd4 Nc6 Nf3 h6
1114,1397,black,300+4,e3 g6 b3 Bg7 c3 e6 Nh3 Ne7 Qf3 Nbc6
1666,1845,black,900+10,e4 e5 Nf3 Nc6 Bc4 Nf6 d4 exd4 Nxd4 Nxe4
1436,1462,draw,420+8,e4 e6 Nf3 d6 d4 c6 c4 Nf6 Bg5 Be7
1403,1441,white,60+1,d4 d5 e3 e6 h3 Nf6 a3 Nc6 Nc3 Bd6
1743,1859,black,0+1,b3 c5 Bb2 d5 d3 Nc6 Nd2 e6 c3 Bd7
1681,1484,black,600+5,e4 c5 Bc4 Nc6 c3 e6 d3 Nf6 h3 d5
1626,1630,white,180+2,d4 d5 e3 Nf6 c4 dxc4 Bxc4 a6 a3 e6
1557,1586,black,300+8,e4 e5 d3 Nc6 f3 Nf6 g3 d6 Nc3 Be6
1801,1824,black,300+0,g3 c5 Bg2 Nc6 h4 g6 Bxc6 bxc6 d4 cxd4
1508,1622,white,300+8,b4 c6 Bb2 b5 Nf3 a5 bxa5 Rxa5 d3 e6
1857,2114,white,180+0,Nf3 f5 d3 Nf6 Nc3 g6 e4 fxe4 dxe4 d6
1591,1779,black,600+5,e4 e5 f4 d5 Nf3 exf4 exd5 Qxd5 Nc3 Qd8
1718,1469,draw,300+2,e4 e5 f4 Nf6 Nc3 Nc6 Nf3 exf4 Bc4 d5
1606,1713,white,180+0,e4 d5 exd5 Qxd5 Nc3 Qe6+ Be2 Nc6 Nf3 Qg6
1514,1453,black,660+10,e4 e6 d4 a5 c4 Qh4 Bd3 d5 Nf3 Qg4
1794,1707,white,300+0,e4 e6 Nf3 c6 Nc3 d5 exd5 exd5 d4 Nf6
1406,1378,white,180+0,d4 e6 Qd3 c5 Nf3 Nf6 Nc3 Nc6 Bg5 h6
1389,1520,white,180+0,Nf3 d6 d4 Bg4 e3 Nf6 Be2 Bxf3 Bxf3 c6
1970,1782,white,420+5,d4 d5 c4 dxc4 Nf3 g6 e3 Bg7 Bxc4 Nf6
1529,1653,black,120+2,e4 e5 Nf3 Nf6 Nc3 d5 exd5 Nxd5 Nxe5 Nxc3
1746,1735,white,120+1,d4 d5 c4 Nf6 Nc3 e6 Bg5 Nbd7 e3 Be7
1599,1646,black,300+2,e4 e5 Nf3 Nc6 Nc3 a6 Bc4 Bd6 d4 h6
1416,1698,black,60+1,d4 c5 e3 cxd4 Qxd4 Nc6 Qd1 b6 Nc3 Bb7
1504,1226,white,600+8,e4 e5 d3 d5 Nc3 d4 Nce2 Nc6 a3 h6
1398,1342,white,420+8,e4 e5 Nf3 f6 Bd3 a6 O-O Nc6 Qe1 Bc5
1887,1161,white,180+0,Nf3 d5 c3 c6 d4 Nf6 Bg5 e6 Nbd2 h6
1627,1646,black,300+0,e4 e5 Nf3 Nc6 d4 exd4 Nxd4 Bc5 Be3 Nxd4
1236,1384,black,300+2,e4 e6 e5 f6 d4 fxe5 dxe5 Nc6 Nf3 b6
1505,1405,white,180+0,e4 g6 Nc3 Bg7 Qf3 b6 Nh3 Bb7 Bc4 e6
1831,1802,white,300+0,e4 e5 Nf3 Nc6 Bc4 Be7 c3 Nf6 d3 O-O
1662,1692,black,600+0,e4 c5 Qh5 Nf6 Qf5 e6 Qf3 Nc6 c3 Qc7
1666,1407,white,300+3,d4 c6 c4 Qa5+ Nd2 Qb4 a3 Qd6 b4 Qxd4
1834,1790,white,300+0,Nf3 b6 g3 Bb7 Bg2 Nc6 O-O e5 Nxe5 Nxe5
1194,1508,black,600+8,e4 e5 d4 Nc6 d5 Nce7 Bg5 d6 h3 h6
1702,1725,white,60+1,d4 e6 h4 d5 Bg5 Be7 f4 Bxg5 fxg5 h6
1552,1545,white,300+5,g4 d5 g5 e5 a3 Qxg5 d4 Qe7 dxe5 Qxe5
1661,1626,white,120+2,e4 d5 exd5 Qxd5 Nf3 Qe6+ Be2 Nc6 O-O Qg6
1238,1485,black,300+8,d4 d5 Be3 Nc6 Nf3 Bg4 Nc3 Bxf3 gxf3 e5
2109,1985,white,60+0,d4 Nf6 Nf3 e6 e3 c5 b3 Nc6 Bb2 d5
1619,1643,white,180+0,e4 e5 Nf3 Nc6 Bc4 h6 h3 Nf6 d3 d5
1888,1161,white,180+0,Nf3 d5 c4 c6 cxd5 Qxd5 Nc3 Qe6 e4 Bd7
1539,1475,white,120+0,e4 b6 Nf3 Bb7 Nc3 g6 d4 Bg7 Be3 e6
1513,1531,white,1260+0,d3 d5 g3 c6 Nf3 e6 Bg2 h6 c3 a6
1296,1373,black,600+8,e4 e5 Nf3 Nc6 Bc4 d6 Nc3 h6 h4 Nf6
1594,1691,black,600+8,e4 e5 Nf3 Nf6 Nc3 d6 h3 Be6 d3 Nc6
1614,1370,draw,240+1,e4 Nf6 e5 Ng8 f4 d6 d4 dxe5 fxe5 Bf5
1713,1716,black,60+1,c4 e5 Nc3 d6 d3 Bf5 Bd2 Be7 Qc1 h6
1500,1478,black,240+30,e4 e5 d4 exd4 Qxd4 Nc6 Qc4 Nf6 Bg5 d5
1637,1500,white,180+0,d3 e5 e3 d5 g3 Nc6 Bg2 Nf6 Ne2 Be6
1977,1692,black,60+0,e4 c5 Nf3 Nc6 Bb5 a6 Bxc6 bxc6 O-O d6
1397,1513,black,180+0,Nf3 d6 g3 Bg4 Bg2 Bxf3 Bxf3 c6 c4 Qb6
1793,1849,black,300+0,e4 d5 Nf3 dxe4 Ng5 Nf6 Bc4 e6 d3 exd3
1090,1368,black,240+5,d4 e6 Nf3 c5 e3 f6 Nc3 Nc6 Nb5 a6
1539,1500,black,300+8,d4 Nf6 c4 e5 dxe5 Ng4 Nf3 Bc5 e3 Nc6
1778,1840,white,300+3,d4 e6 Nf3 d5 Bf4 Bd6 Bg3 Bxg3 hxg3 Nf6
1464,1549,black,120+0,e4 c5 Nf3 Nc6 Bc4 e6 O-O d5 exd5 exd5
1702,1728,black,0+1,c4 e6 Nc3 c6 d3 d5 Bd2 d4 Ne4 c5
1888,1708,white,180+0,f4 f5 Nf3 Nc6 c3 e6 d4 Nf6 e3 Be7
1561,1579,white,1200+0,e4 g6 d4 Bg7 Nf3 d6 Nc3 Nf6 Be3 O-O
1631,1563,white,180+0,e4 g5 Nf3 g4 Ng1 Nc6 f3 h5 fxg4 hxg4
1702,1418,white,120+0,d4 d5 c4 dxc4 Nc3 Nf6 e3 a6 a4 e6
1766,1975,black,420+5,e4 c5 Nf3 d6 Bc4 Nf6 Nc3 Nc6 O-O a6
1476,1712,white,300+2,e4 e5 Nf3 Nc6 Bb5 d6 d4 exd4 Nxd4 Bd7
1657,1616,black,300+0,e4 e5 Nc3 Nf6 a3 d5 exd5 Nxd5 h3 Nxc3
1274,1557,black,120+1,e4 c5 Nf3 b6 c3 Bb7 d3 g6 Be2 Bg7
1521,1389,black,180+0,e4 Nc6 Bb5 Nf6 Bxc6 dxc6 d3 Ng4 h3 Nxf2
1581,1940,black,420+1,e4 e5 f4 d5 exd5 e4 Nc3 Nf6 Qe2 Bf5
1739,1692,white,0+1,e4 e6 d4 d5 exd5 exd5 Nf3 Nf6 Bb5+ c6
1670,1500,black,120+2,e4 e5 Nf3 Nc6 Bc4 h6 d4 exd4 Nxd4 Nxd4
1629,1621,white,540+9,c4 e5 Nc3 g6 e3 Bg7 Nge2 f5 g3 e4
1500,1390,black,300+2,e4 e6 Nf3 h6 d4 b6 Nc3 Nc6 Bd3 Bb7
1824,1956,black,60+0,e4 c5 Nf3 d6 d4 cxd4 Nxd4 Nf6 Nc3 g6
1710,1758,white,120+0,d4 b6 c4 Bb7 Nc3 d6 d5 c6 Nf3 Nf6
1500,1577,white,1200+5,e4 d6 d4 h6 c3 Nf6 Qa4+ c6 Nd2 Bd7
1401,1243,white,240+6,b3 d5 e3 c5 Bb2 f6 Nf3 Nc6 Be2 e6
1414,1706,black,120+0,e4 e6 d4 d5 e5 c5 c3 Nc6 Nf3 Nge7
1557,1455,black,120+0,e4 b6 Nf3 Bb7 Nc3 g6 d4 Bg7 e5 e6
1553,1423,black,300+8,e4 c6 Nf3 c5 Bc4 h6 O-O d6 h3 a6
1964,1816,black,60+0,e4 e5 Nf3 Nc6 d4 Nf6 Nc3 exd4 Nxd4 Bb4
1826,1575,white,300+0,Nf3 d5 c4 dxc4 e3 b5 a4 c6 b3 cxb3
1613,1510,white,540+5,e4 e5 Nf3 Nc6 d4 exd4 Nxd4 Nxd4 Qxd4 d5
1070,1377,black,240+5,d4 e6 Qd3 Qf6 Nc3 c6 e3 Na6 a4 Nb4
1512,1170,draw,600+8,e4 e5 d3 d5 Nc3 d4 Nce2 Bb4+ Bd2 Bc5
1750,1722,white,120+0,d4 c6 Bg5 d5 h4 Nf6 e3 e6 Nf3 Be7
1632,1695,black,720+10,e4 e5 Nf3 Nc6 Bb5 a6 Bxc6 dxc6 O-O Bg4
1450,1448,white,180+0,e4 d5 exd5 Qxd5 Qf3 Qe6+ Qe3 Nf6 Bb5+ Nc6
1278,1605,black,300+8,e4 g6 Qg4 Bg7 g3 e6 Bc4 Ne7 Nf3 O-O
1697,1661,white,240+0,e4 c5 Bc4 d6 c3 e6 d4 cxd4 cxd4 Be7
1694,1494,white,300+2,e4 e5 f4 Nc6 Nf3 exf4 Bc4 Nf6 d3 a6
1483,1516,white,600+0,e4 e6 Nc3 d5 f4 d4 Nce2 c5 Ng3 Nc6
1834,1947,white,60+0,e4 c5 Nf3 d6 d4 cxd4 Nxd4 Nf6 Nc3 g6
1554,1831,black,300+0,d4 e6 Bf4 d5 Nc3 Bb4 Qd3 c5 a3 c4
1641,1381,white,180+0,e4 e5 Nf3 Nc6 Bc4 Nf6 d3 Be7 Ng5 O-O
1702,1554,white,300+2,e4 g5 Nc3 g4 f3 h5 fxg4 hxg4 Qxg4 d5
1710,1411,white,120+0,f4 e6 Nf3 d5 d4 c5 e3 cxd4 exd4 Nf6
1404,1506,black,180+0,Nf3 e6 d4 d5 c4 dxc4 Qa4+ Bd7 Qxc4 b5
1710,1583,white,600+8,e4 e5 d4 exd4 c3 dxc3 Nxc3 Nc6 Bc4 Nf6
1376,1542,black,900+10,e4 e6 d4 d5 e5 f6 Nf3 c5 c3 Nc6
1605,1643,black,240+1,e4 e6 f4 d6 Nf3 b6 d4 Bb7 Bd3 Nd7
1471,1543,black,120+0,e4 c5 Nf3 e6 Bc4 Nc6 Nc3 h6 h3 d5
1438,1446,white,420+8,e4 a6 d4 g6 Nf3 Bg7 Nc3 d6 Bc4 e6
1490,1228,white,300+8,e4 d5 exd5 Qxd5 Nc3 Qd4 Nf3 Qg4 h3 Qe6+
1660,1644,black,120+2,e4 e5 Nf3 Nc6 Bc4 g5 d3 g4 Ng5 Nh6
1761,1631,white,60+1,d4 d5 Bg5 f6 Bh4 Be6 e3 Bf7 Be2 Nd7
1793,1611,white,720+10,e4 e5 f4 Nc6 Nf3 d6 Bc4 Bg4 O-O a6
1932,1850,draw,60+0,e4 e5 Nf3 Nc6 d4 exd4 Nxd4 Nxd4 Qxd4 Ne7
1981,1931,black,480+0,d4 d5 c4 Nf6 cxd5 Nxd5 e4 Nb6 Nc3 Nc6
1438,1723,black,600+0,e4 e5 Nf3 Nc6 Bb5 Nge7 Bxc6 Nxc6 c3 Bc5
1784,1864,black,300+0,e4 c5 Nf3 e6 Nc3 Nc6 Bc4 a6 a4 Rb8
1552,1461,black,120+0,e4 b6 d4 Bb7 d5 g6 Nf3 Bg7 Nc3 e6
1505,1309,white,1200+10,e4 g6 Bc4 Nf6 Qf3 Bh6 g4 Bg7 g5 Nh5
1437,1462,white,180+0,e4 Nc6 Bb5 Ne5 Nf3 Nxf3+ Qxf3 c6 Bc4 e6
1526,1416,white,900+5,e4 e5 Bb5 c6 Ba4 b5 Bb3 d6 a3 d5
1623,1589,black,300+8,e4 e5 Qf3 Nc6 Bc4 Nf6 g4 g5 d3 d6
1500,1561,white,120+1,d4 d5 e3 e6 a3 Nf6 c4 c5 cxd5 Nxd5
1660,1500,white,900+10,e4 e5 Nf3 Nf6 Bc4 Nxe4 O-O d5 Bb3 Bg4
1516,1373,white,600+8,e4 e6 d4 Bb4+ Bd2 Bxd2+ Qxd2 Nf6 Nc3 c6
1407,1067,white,120+0,e4 e5 f4 exf4 Nf3 Bc5 d4 Bb6 Bxf4 Nc6
1853,1929,white,60+0,e4 c5 Nf3 d6 d4 cxd4 Nxd4 Nf6 Nc3 g6
1647,1538,black,120+2,e4 d5 exd5 Qxd5 Nf3 Bf5 Be2 Nc6 O-O e5
1400,1262,white,300+2,d4 f5 e3 Nf6 Bd3 e6 b3 d5 Nc3 Nc6
1272,1380,black,300+8,e4 e6 Nf3 Qf6 Nc3 e5 a3 Nc6 b4 Nd4
1452,1754,black,300+3,e4 c5 d4 cxd4 Qxd4 Nc6 Qd1 Nf6 Nc3 e6
1623,1769,white,60+1,e4 c6 d4 d5 exd5 cxd5 Bd3 Nc6 a3 Nxd4
1346,1532,white,480+0,d4 Nf6 c3 g6 e3 Bh6 Nf3 Nc6 Bc4 b5
1895,1807,black,180+0,f4 e6 Nf3 d5 c3 Bd6 d3 c5 e4 Nc6
1645,1651,white,180+0,e4 c5 Nf3 d6 Bc4 e6 d3 Be7 a3 Nf6
1700,1531,draw,600+0,e4 e5 Nf3 d6 g3 Bg4 Bg2 Qf6 Nc3 Ne7
1476,1538,black,120+0,e4 c5 Nf3 Nc6 d4 e6 dxc5 Bxc5 Bd3 Qb6
1520,1283,white,540+9,e4 d5 e5 d4 Bb5+ c6 Ba4 b5 Bb3 e6
1552,1708,white,120+1,c4 d5 cxd5 Qxd5 b3 Qd4 Nc3 e6 Bb2 Qd7
1370,1566,black,480+3,d4 d5 c4 e6 Nf3 Nf6 Nc3 b6 e3 Ba6
1652,1591,black,240+1,d3 e5 e4 Bc5 f4 d6 f5 Nc6 g4 Bd7
1434,1704,black,600+0,e4 e6 d4 d5 e5 c5 c3 Nc6 f4 Qb6
1514,1396,white,180+0,e4 Nf6 e5 Ne4 d3 Nxf2 Kxf2 e6 Be2 b6
1752,1639,black,60+1,d4 d5 Bg5 f6 Bh4 Be6 e3 Bf7 f4 h5
1373,1481,black,540+2,e4 e5 Bc4 Nf6 d3 c6 b4 d5 exd5 cxd5
1567,1578,white,1200+0,e4 e5 Nf3 Nc6 Bb5 Nf6 O-O Nxe4 Bxc6 dxc6
1523,1844,white,300+8,b4 e6 Bb2 Nf6 a3 Be7 Nf3 O-O d3 d5
1763,1811,white,300+0,e4 e5 d4 exd4 c3 dxc3 Bc4 Nc6 Nf3 Bc5
1868,1915,white,60+0,e4 c5 Nf3 d6 d4 cxd4 Nxd4 Nf6 Nc3 g6
1450,1449,white,180+0,e4 d5 exd5 Qxd5 Qf3 Qd8 Bc4 Nc6 Qxf7+ Kd7
1879,1709,white,180+0,c4 c5 Nc3 g6 e4 Bg7 Nf3 e5 Be2 Nc6
1547,1466,black,120+0,e4 b6 d4 Bb7 Nc3 g6 Nf3 Bg7 e5 e6
1594,1649,black,600+0,e4 g5 Nf3 g4 Ng1 Nc6 c3 a6 Qxg4 d5
1608,1640,draw,240+1,e4 d5 exd5 Nf6 d6 Qxd6 Nc3 g6 Nf3 Bg7
1594,1633,black,120+2,d4 d5 Bf4 e6 Nc3 Bd6 Qd2 a6 Nf3 Bxf4
1638,1749,white,240+0,d4 d5 c4 c6 e3 Nf6 b4 Bf5 Nc3 e6
1655,1737,white,60+1,d4 d5 Nf3 Bg4 h3 Bh5 Ne5 Nd7 Nd3 Ngf6
1563,1389,black,540+9,d4 Nf6 Nc3 g6 e4 d6 f4 Bg7 e5 Nfd7
1017,1207,black,480+8,e4 h5 Qxh5 Rxh5 Be2 Re5 d4 Rxe4 f3 Rxd4
1902,1969,white,60+1,e4 d5 exd5 Qxd5 Nc3 Qa5 d4 Nf6 Nf3 Bg4
1881,1899,black,60+0,e4 c6 Nf3 d6 d4 g6 Bc4 Bg7 Bg5 Nf6
1314,1600,black,300+8,e4 e5 d4 d6 dxe5 Ne7 exd6 Nec6 dxc7 Qxc7
1507,1621,white,120+0,d4 d5 c4 Nf6 Nc3 dxc4 Nf3 Be6 e4 Nc6
1365,1507,draw,600+8,e4 e5 Qh5 Nf6 Qxe5+ Qe7 Qxe7+ Bxe7 Nc3 Bb4
1657,1547,black,180+0,e4 b6 Nf3 Bb7 Bd3 g6 Qe2 e6 Bc4 Bg7
1763,1714,white,60+0,e4 e6 Nf3 d5 exd5 exd5 d4 Nf6 c4 Be7
1215,1007,white,480+8,e4 g6 Nc3 Nf6 f3 d5 e5 Nh5 Nxd5 Qxd5
1359,1265,white,120+1,e4 e5 Nf3 d6 Bc4 Nf6 d4 c6 dxe5 Nxe4
1669,1722,black,60+1,d4 e5 dxe5 Nc6 Nf3 Nge7 Bf4 Ng6 Bg3 Bc5
1961,1878,black,300+4,e4 e5 f4 exf4 Nf3 d6 h3 Be7 d4 Bh4+
1426,1497,white,1740+29,e4 e5 d4 exd4 Qxd4 Nc6
1955,1915,black,60+1,c4 Nf6 Nc3 e6 g3 c6 Bg2 d5 cxd5 cxd5
1639,1610,black,240+1,e4 e5 Nf3 f5 exf5 Nf6 Nxe5 Bc5 Nf3 O-O
1573,1486,white,180+0,d4 c6 Nc3 e6 a3 d5 e4 a6 e5 c5
1494,1387,white,300+8,e4 e5 d4 exd4 Qxd4 Nc6 Qd1 Nf6 Bd3 d5
1773,1704,white,60+0,e4 e6 Nf3 d5 exd5 exd5 d4 Nf6 Be2 Be7
1651,1675,white,240+0,d4 d5 c4 c6 e3 Nf6 Nf3 Bf5 Nc3 e6
1886,1563,black,180+0,Nf3 d6 b3 e6 Bb2 Ne7 c4 Ng6 e4 Be7
1434,1363,black,480+0,Nc3 d5 e4 e6 f4 c6 d4 Qh4+ g3 Qf6
1382,1375,draw,600+8,e4 c5 Nc3 a6 Nf3 Nc6 d4 cxd4 Nxd4 Nxd4
1573,1629,white,600+8,e4 e5 Nf3 Nc6 Nc3 a6 Bc4 h6 h3 Nf6
1703,1799,white,300+2,e4 e5 Nc3 Nc6 Nf3 Bc5 Bb5 d6 d4 exd4
1403,1484,black,660+11,e4 e5 Nf3 Nc6 c3 Nf6 d3 Bc5 h3 d6
1477,1565,white,120+1,e4 c5 Nc3 b6 d3 Bb7 Be3 Nc6 Qd2 g6
1732,1682,black,60+1,d4 e6 h4 d5 Bg5 f6 Bf4 Nc6 e4 e5
1578,1500,white,300+8,e4 e5 d4 Nc6 d5 Nb4 c3 Na6 Nf3 Nf6
1625,1627,white,240+1,e4 e6 f4 d6 Nf3 b6 d4 Bb7 Bd3 Nd7
1532,1639,black,300+2,d4 d5 c4 c6 e3 e6 Nc3 f5 Bd3 Nf6
1643,1537,black,120+2,e4 c5 Nf3 Nc6 d4 cxd4 Nxd4 d6 Be3 Nf6
1783,1928,black,60+0,e4 c5 Nf3 d6 c3 Nf6 d3 g6 Be2 Bg7
1694,1444,white,120+0,d4 d5 c4 dxc4 Nc3 e6 e3 Nf6 Bxc4 Be7
1642,1565,black,180+0,e4 b6 Nf3 Bb7 Qe2 e6 d4 c5 c4 cxd4
1226,1604,black,300+8,e4 e5 c4 d6 h3 Nc6 Nc3 g6 Nd5 Bg7
1587,1235,black,180+0,d4 d5 Nc3 Bf5 Bf4 Nc6 Nb5 e5 dxe5 Be6
1258,1394,black,300+8,e4 e6 g3 c6 Bc4 Bc5 Qh5 Qf6 Qxc5 Nh6
1666,1862,black,900+10,e4 c5 Nf3 e6 Bc4 Nc6 d4 cxd4 Nxd4 Nf6
1428,1565,black,600+2,e4 e5 Qh5 d6 Bc4 g6 Qf3 Nf6 Nh3 h6
1785,1717,white,300+2,d4 d5 e3 Nc6 Bd3 Nf6 Nd2 e5 dxe5 Nxe5
1695,1719,black,60+1,e4 e5 Bc4 Nc6 a3 d6 d3 f5 Bxg8 Rxg8
1824,1761,black,300+0,e4 c5 Nf3 a6 d4 cxd4 Nxd4 Nf6 e5 Qa5+
1406,1485,white,360+2,d4 g6 e4 Bg7 e5 d6 f4 dxe5 fxe5 e6
1935,1776,white,60+0,e4 e6 d4 d5 exd5 exd5 Nf3 Nf6 Bd3 Be7
1514,1588,black,300+7,e4 e5 Nf3 Nc6 d4 exd4 Bc4 h6 c3 d6
998,1222,black,480+8,d4 c5 dxc5 Qa5+ Qd2 Qxc5 Qe3 Qxc2 Qd2 Qc6
1628,1582,black,180+0,e4 b6 d4 Bb7 Bd3 e6 c4 g6 b4 Bg7
1374,1303,white,600+8,e4 g6 d4 Bg7 Nc3 Nf6 e5 Nh5 Bd3 O-O
1445,1158,white,240+1,d4 d5 Nf3 Nc6 e3 g6 a3 Bg7 b3 a6
1456,1513,black,660+0,d4 d5 a3 Nc6 Nc3 Nf6 Bf4 e6 Nb5 Bd6
1388,1202,white,120+0,d4 d6 f3 h6 h4 Nf6 g4 d5 g5 hxg5
1708,1794,black,300+2,e4 c5 Nc3 Nc6 Nf3 g6 Bb5 Bg7 Bxc6 bxc6
1945,1899,black,300+1,e4 e5 d4 exd4 c3 d5 exd5 Qxd5 cxd4 Nc6
1559,1464,black,300+0,d4 e6 Bf4 d5 Nc3 Nf6 Nb5 Na6 Nf3 c6
1488,1449,black,900+1,e4 e5 Bc4 d6 d3 Nc6 c3 Na5 Bb5+ c6
1769,1942,black,60+0,e4 c5 Nf3 d6 c3 Nf6 d3 g6 Be2 Bg7
1730,1684,white,60+1,d4 d5 Bg5 f6 Bh4 Be6 h3 Bf7 e3 Nd7
1863,1477,white,180+0,e4 a5 f4 b6 Nf3 Bb7 Nc3 Na6 d4 d6
1510,1321,black,300+8,e4 e5 Qf3 Bc5 Bc4 Qf6 d3 Qxf3 Nxf3 d6
1440,1385,white,1740+29,e4 e5 Nf3 d6 d4 Bg4 Be2 f6 dxe5 fxe5
1681,1712,black,540+0,e4 e6 d4 d5 e5 c5 Nf3 cxd4 Qxd4 Nc6
1505,1439,white,300+2,d4 e6 e4 d5 e5 f5 exf6 Qxf6 Nf3 h6
1674,1550,white,120+1,e4 c5 Nf3 b6 d4 cxd4 Nxd4 Bb7 Nc3 g6
1844,1776,black,300+0,Nf3 Nc6 d4 d5 g3 Nf6 Bg2 e6 O-O Be7
1821,1776,black,180+3,c4 g6 Nc3 Bg7 g3 Nc6 Bg2 e6 Nf3 Nge7
1600,1811,black,300+0,d4 Nf6 c4 d6 Nc3 g6 e4 Bg7 Nf3 O-O
1948,1762,white,60+0,e4 e6 d3 d5 Qe2 dxe4 dxe4 Nc6 Nc3 Nf6
1579,1696,white,600+0,e4 c5 Bc4 Nc6 d3 Qc7 Qh5 e6 Ne2 Nf6
1662,1699,white,240+0,d4 d5 c4 dxc4 e4 g6 Bxc4 Bg7 Nf3 Bg4
1684,1572,white,600+2,e4 e5 Nf3 Nc6 Nc3 Nf6 Bb5 h6 Bxc6 bxc6
1525,1336,white,1260+0,e4 a6 Bc4 Nc6 Qf3 e6 Nh3 h6 Nf4 Nf6
1399,1448,black,300+0,e4 e5 Nf3 d6 d4 Bg4 Nbd2 exd4 c3 c5
1353,1368,white,120+1,b4 e5 b5 a6 c4 axb5 cxb5 Nf6 Bb2 d6
1561,1578,white,1200+0,e4 g6 d4 Bg7 Nf3 d6 Nc3 Nf6 Bd3 O-O
1674,1740,white,60+1,c4 e5 b3 d6 Bb2 f5 Nc3 Nf6 Qc2 Nc6
1448,1308,white,420+0,e4 e5 Bc4 Nf6 Nf3 Nc6 Ng5 d5 exd5 Nxd5
1551,1628,white,120+2,e4 e5 Nf3 Nf6 Nc3 d5 exd5 Nxd5 Nxd5 Qxd5
1740,1674,black,60+1,d4 g6 Bg5 Bg7 h4 Nf6 e3 d6 Be2 Nc6
1576,1582,white,300+0,e4 d6 Nf3 c5 h3 g6 Bc4 Bg7 Nc3 e6
1500,1508,black,180+2,d4 d5 Nc3 Nf6 e3 Nc6 Nf3 e6 Bd3 Bd6
1802,1338,white,180+2,d4 Nf6 e3 Nc6 Bd3 d5 Nd2 e6 c3 Bd6
1756,1954,draw,60+0,e4 c5 c3 d6 d4 Nf6 e5 dxe5 dxe5 Qxd1+
1394,1617,black,120+0,d4 c5 f3 cxd4 Qxd4 Nc6 Qd1 Nf6 e4 g6
1616,1639,black,240+1,e4 e5 f4 exf4 d4 Be7 Nf3 Bh4+ Ke2 Qf6
1578,1160,white,420+1,e4 c5 d4 cxd4 Qxd4 Nc6 Qd1 a6 f4 d6
1229,990,black,480+8,d4 Nc6 c3 a5 Qa4 b6 d5 Ne5 Bf4 Ng4
1866,1597,white,180+0,Nf3 b6 e4 Bb7 e5 g6 d4 Bg7 Bc4 e6
1492,1545,white,420+7,e4 e5 Nf3 Nc6 Bc4 Nf6 d3 h6 a3 Bc5
1231,1469,black,420+0,e4 e5 Nf3 Bc5 c3 Nf6 d3 Ng4 d4 exd4
1823,1622,white,120+0,e4 c5 Nf3 e6 Nc3 Nc6 Be2 a6 O-O Nf6
1651,1606,black,240+1,e4 e6 f4 d6 Nf3 Nd7 d4 b6 c4 Bb7
1772,1526,white,300+6,c4 e5 Nc3 f5 g3 Nf6 Bg2 c6 d3 d5
1406,1245,white,300+8,e4 e5 Nh3 f6 c3 g5 Qh5+ Ke7 Bc4 Nh6
1931,1642,white,300+2,e4 e5 Nf3 d6 Bc4 h6 c3 Nf6 d4 exd4
1373,1439,black,120+0,d4 e6 Nf3 c6 Nc3 d5 Bf4 a6 Bxb8 b5
1688,1726,black,60+1,c4 e5 h4 d6 Nc3 Be7 d3 Bxh4 g3 Bg5
1909,1665,white,180+2,e4 e5 Nf3 Nc6 c3 Bc5 d3 a6 h3 d6
1765,1948,white,60+0,d4 Nf6 c4 e6 Nf3 Bb4+ Bd2 c5 Bxb4 cxb4
1991,1918,white,300+0,d4 Nf6 Nf3 e6 Bg5 h6 Bf4 c5 c3 Nc6
1389,1365,black,120+0,d4 a6 f3 b5 h4 Bb7 g4 Nc6 e3 e6
1664,1657,white,600+5,e4 e5 Bc4 Nc6 c3 Nf6 d3 Bc5 Nf3 O-O
1574,1554,black,300+0,d4 d5 c4 dxc4 e4 b5 Nc3 c6 d5 Bb7
1731,1670,black,540+0,c4 e5 Nc3 Bb4 g3 Nf6 Bg2 O-O e3 d6
1522,1473,white,300+8,Nc3 d5 d4 Nf6 Bg5 h6 Bxf6 exf6 e4 Bd6
1597,1337,white,300+7,e4 e5 Nf3 Bc5 Nc3 Nf6 Nxe5 d5 d4
1512,1204,black,120+8,b3 e5 Bb2 Nc6 e3 d5 Bb5 Nf6 Bxc6+ bxc6
1736,1678,white,60+1,e4 e5 d4 exd4 Bc4 c5 Nf3 Nc6 O-O Nge7
1585,1500,black,300+10,e4 e5 d4 exd4 c3 dxc3 Bc4 cxb2 Bxb2 Bb4+
1775,1695,draw,1200+5,e4 e5 Nf3 Nc6 Bb5 d6 O-O Nf6 Nc3 Bd7
1514,1564,white,300+3,e3 d5 d4 Bf5 Nf3 Nc6 h3 Nf6 c4 e6
1516,1803,black,180+2,e4 c5 Nf3 Nc6 Bc4 d6 c3 g6 d4 cxd4
1616,1829,black,120+0,e4 e5 Nf3 Nc6 Bb5 Nf6 O-O Bc5 c3 O-O
1789,1687,white,180+3,e4 e5 f4 exf4 Nf3 Nc6 Bc4 d6 O-O g6
1475,1447,white,120+0,d4 e6 Nc3 c6 g3 d5 Bg2 a6 Nf3 Bd7
1668,1746,black,60+1,e4 c5 f4 d6 Nf3 e6 Bc4 d5 exd5 exd5
1420,1310,white,300+2,d4 d5 e3 Nf6 c4 e6 cxd5 exd5 Bd3 Bb4+
1871,1547,white,180+0,f4 g5 fxg5 e5 e4 Be7 Nf3 Bxg5 d4 Bxc1
1590,1662,black,600+8,e4 d5 exd5 c6 dxc6 Nxc6 Nf3 e5 Nc3 Bg4
1343,1135,black,120+0,e4 e5 Nf3 Nc6 Bc4 Bc5 d3 Nf6 Nc3 d6
1763,1603,white,420+3,e4 e5 Nf3 d6 d4 Bg4 dxe5 Bxf3 Qxf3 dxe5
1592,1587,white,300+0,e4 d6 Nf3 g6 d4 Bg7 Bd3 Nc6 Be3 b6
1638,1757,black,300+2,Nf3 d5 g3 Nf6 Bg2 g6 O-O Bg7 d3 O-O
1377,1500,white,120+0,d4 d5 f3 Nc6 h4 Bf5 g4 Bg6 c3 f5
1618,1636,draw,240+1,e4 e5 f4 exf4 d4 Be7 Bxf4 Bh4+ g3 Bg5
1564,1691,black,600+2,e4 e5 Nf3 Nc6 Bb5 a6 Bxc6 dxc6 Nc3 Bg4
1744,1194,white,120+1,d4 d5 c4 dxc4 Nc3 e6 e4 h6 Bxc4 a6
1933,1576,white,60+0,e4 b6 d4 Bb7 Nc3 e6 f3 Ne7 Be3 Ng6
1398,1360,white,420+7,e4 e6 Nc3 d5 e5 Bd7 d4 c5 Nf3 Nc6
1490,1602,white,300+7,d4 d5 Nf3 Nf6 b3 e6 Bb2 Bb4+ c3 Be7
1616,1218,white,120+16,d4 d5 Nf3 Nf6 Bf4 e6 a3 Bd6 Ne5 Bxe5
1497,1475,white,900+1,e4 e5 Nf3 d6 c4 Nf6 Nc3 c6 Bd3 Be7
1755,1660,black,60+1,d4 d5 h4 Nf6 Bg5 h6 Bf4 e6 e3 b6
1788,1524,white,300+0,e4 a6 Nf3 b5 Nc3 Bb7 d4 b4 Nd5 e6
1915,1604,white,180+2,e4 e5 d3 Nf6 c4 c6 Nc3 d5 Qc2 dxe4
1691,1708,black,600+0,e4 e6 e5 d5 d4 c5 c3 Nc6 Bb5 Qb6
1831,1935,white,300+5,Nf3 e6 g3 c5 Bg2 d5 d4 Nc6 O-O Nf6
1834,1611,black,120+0,e4 e5 Nf3 Nf6 Nc3 Nc6 Bc4 Bc5 O-O O-O
1568,1575,black,540+15,e4 d5 exd5 Nf6 Bc4 Nxd5 Bxd5 Qxd5 Nf3 Qe4+
1500,1432,white,180+0,d4 Nf6 Nc3 e6 a3 Be7 Bf4 b6 Nb5 d6
1559,1781,white,420+0,d4 d5 c4 c6 e3 Nf6 Nc3 e6 Nf3 Bb4
2001,1214,white,300+0,e4 e5 Bc4 Nc6 Nc3 Nd4 Nge2 b5 Nxb5 c5
1574,1463,black,600+7,Nf3 f6 d3 e5 Be3 Nc6 Nc3 d5 Qd2 d4
1386,1253,white,120+0,d4 d5 f3 Bf5 h4 Nc6 g4 Be6 e4 dxe4
1561,1500,white,120+0,d4 b6 c4 Bb7 Bg5 e6 Bxd8 Nc6 Bg5 f6
1778,1935,draw,60+0,Nf3 c5 g3 d6 Bg2 Nf6 O-O g6 d4 Bg7
1484,1188,white,420+0,e4 e5 Bc4 d6 Nf3 h6 d3 Be7 h3 Nf6
1874,1552,white,180+0,f4 d5 Nf3 c5 c3 f6 d4 e6 Nbd2 Nc6
1542,1500,black,120+1,c4 c5 b3 Nf6 Bb2 e6 Nc3 d5 cxd5 exd5
1752,1500,white,600+3,e4 d5 exd5 Nf6 c4 e6 dxe6 Bxe6 Nc3 Nc6
1336,1661,white,180+2,e4 e5 Nf3 Nc6 Bb5 Qf6 Bxc6 bxc6 O-O h6
1326,1588,black,120+0,d3 e5 e4 Bc5 f4 Qf6 f5 g6 g4 gxf5
1674,1741,black,60+1,d4 c5 d5 d6 c4 Bf5 Nc3 e6 e4 Bg6
1674,1605,white,240+0,d4 b6 c4 Bb7 Nf3 e6 e3 Ne7 Be2 g6
1580,1840,white,420+1,e4 c5 d4 Nc6 dxc5 e6 f4 Bxc5 Nf3 Nf6
1234,1417,black,300+8,e3 e5 Nf3 Nc6 Bc4 Nh6 c3 a6 d4 b5
1679,1796,black,180+3,e4 c5 Nc3 Nc6 Nf3 e6 Bb5 g6 Bxc6 bxc6
1274,1237,white,240+6,e4 d5 exd5 Qxd5 Nc3 Qa5 Nf3 e6 Bb5+ Bd7
1449,1218,white,240+1,d4 Nc6 a3 d5 Nf3 e6 e3 Bd7 b3 Be7
1636,1619,draw,240+1,e4 Nc6 f4 Nf6 e5 Ng8 Nf3 d6 exd6 exd6
1597,1836,black,420+3,e4 e5 Nf3 Nc6 Bb5 d6 Bxc6+ bxc6 O-O Nf6
1576,1326,white,300+0,d4 Nf6 b3 d5 Bb2 Nc6 e3 e6 Bd3 Bd6
1393,1581,white,120+0,d4 e6 f3 Nc6 h4 Nf6 g4 Bb4+ c3 Bd6
1436,1352,white,120+0,c4 b6 d3 Bb7 Nf3 e6 g3 c5 Bg2 Nc6
1629,1817,black,120+0,e4 e5 Nf3 Nc6 Bb5 Nf6 O-O Bc5 c3 O-O
1500,1108,black,1800+30,e4 e5 Nf3 Nc6 Bc4 Bc5 Ng5 Nh6 d3 O-O
1018,1206,black,480+8,Nc3 c6 b3 b5 g3 f5 Bg2 b4 Nb5 Ba6
1878,1805,black,180+0,f4 d5 Nf3 c5 c4 d4 d3 Nc6 e3 e6
1494,1546,black,300+0,b3 e5 Bb2 Nc6 e3 e4 Bb5 d5 Bxc6+ bxc6
1680,1500,white,300+4,d4 d5 e3 Bg4 Nf3 Bxf3 Qxf3 Qd6 a3 Nf6
1699,1683,white,540+0,e4 e5 Nf3 Nf6 Nxe5 Nxe4 Qe2 d5 d3 Qe7
1585,1722,white,600+0,e4 e5 c3 Nf6 d4 Nc6 Nf3 d6 Bg5 Be7
1603,1873,black,480+3,d4 Nf6 c4 g6 Nc3 d5 e3 Bg7 Nf3 c6
1449,1418,white,480+8,e4 e5 Bc4 Nf6 d3 Bb4+ c3 Bc5 Qf3 O-O
1807,1919,black,180+2,d4 d5 e3 e6 Bd3 f5 c4 Nf6 cxd5 exd5
1261,1565,white,60+0,e4 e5 Nf3 Qf6 Nc3 Qe7 Bc4 d6 O-O Be6
1750,1665,white,60+1,d4 d5 Bg5 f6 Bh4 Be6 e3 Bf7 Be2 Nd7
1384,1557,black,600+2,e4 e5 Qf3 Nf6 Bc4 Qe7 d3 Nc6 Bg5 Nd4
1304,1517,black,300+0,e4 d5 exd5 Qxd5 Nc3 Qe6+ Nge2 Nc6 g3 Qg6
1562,1580,black,600+8,f4 d5 Nf3 Bg4 e3 e6 Be2 Nc6 O-O Nh6
1644,1623,white,180+0,d4 d5 Nc3 Nf6 Bf4 Bd7 a4 a6 Be5 e6
1601,1361,white,180+2,e4 e5 Nf3 Nc6 Bc4 Nf6 Ng5 d5 exd5 Nxd5
1507,1551,black,60+0,e4 e6 Nf3 d6 Nc3 e5 d3 Nf6 Bg5 Bg4
1822,1623,white,120+0,e4 c5 Nf3 e6 Nc3 Nc6 Be2 a6 O-O b5
1697,1533,white,120+1,e4 c5 Nf3 b6 c3 Bb7 d3 Nc6 Be2 g6
1211,1222,black,300+0,e4 d6 d4 Nf6 Nc3 e5 Bg5 exd4 Qxd4 Be7
1656,1758,white,60+1,a4 e5 h4 d5 b3 Be7 Bb2 Nc6 e3 Bxh4
1862,1544,white,180+0,Nf3 Nc6 b3 e5 Bb2 e4 Nd4 Qf6 Qc1 Bc5
1941,1765,black,420+0,e4 c5 Nf3 d6 Bb5+ Bd7 Qe2 e5 Nc3 Nf6
1733,1211,white,1800+8,e4 e5 f4 exf4 Bc4 d6 Nc3 Nf6 d4 g5
1970,1909,white,120+0,e4 d6 Nc3 Nf6 d4 Nbd7 Nf3 c5 e5 cxd4
1212,1227,black,240+6,e4 e5 d4 exd4 Qxd4 Nc6 Qd1 Nf6 f3 Bc5
1559,1416,white,60+0,e4 e5 Qh5 g6 Qxe5+ Be7 Qxh8 Bf6 Qxg8+ Ke7
1499,1410,black,300+5,e4 e5 Nf3 Qf6 Bc4 Bc5 c3 h6 d4 exd4
1744,1670,white,60+1,d4 d5 Bg5 c6 e3 Nf6 Be2 Bf5 h4 h5
1682,1594,black,240+0,d4 b6 c4 Bb7 Nf3 g6 e3 Bg7 Be2 e6
1350,1380,white,240+0,e4 e6 Bc4 Nc6 d4 d5 exd5 exd5 Bd3 Qe7+
1531,1968,white,420+5,e4 Nf6 e5 Nd5 d4 d6 Nf3 c6 c4 Nb6
1799,1512,black,180+2,d4 d5 e3 Nc6 Bd3 e5 dxe5 Nxe5 f4 Nxd3+
1444,1828,black,120+0,Nc3 e5 e4 Nf6 Nf3 Nc6 g3 Bb4 Bg2 d5
1894,1980,black,120+0,d4 g6 Nf3 Bg7 Nc3 d6 e4 Nf6 Bg5 O-O
1479,1389,white,600+1,e4 Nc6 Nf3 e5 Bc4 Bc5 d3 d6 Ng5 Nh6
1351,1576,black,300+0,e4 c5 Bc4 e6 d3 Nc6 c3 d5 Bb5 Ne7
1365,1566,black,60+0,e4 e5 Nf3 Bc5 Nc3 Nf6 Nxe5 d6 Ng4 Nxg4
1534,1315,white,900+5,e4 d6 Bb5+ Bd7 Qe2 h5 a4 Na6 d3 c5
1778,1804,black,180+3,e4 e6 d4 b6 c4 Bb7 Bd3 Nf6 Nc3 Bb4
1571,1428,white,420+0,d4 d5 c4 e6 Nc3 dxc4 e3 e5 d5 Nf6
1618,1576,white,120+16,d4 Nf6 Nc3 d5 Bf4 a6 h3 Ne4 Qd3 Nc6
1662,1753,black,60+1,e4 e5 Nf3 Bc5 Bc4 Nf6 d3 Nc6 a3 O-O
1461,1587,black,420+8,e4 e5 Nf3 Nc6 Bc4 Nf6 d3 h6 c3 Be7
1484,1284,white,300+0,b3 e5 Bb2 Nc6 e3 d5 Bb5 Ne7 Bxc6+ Nxc6
1830,1883,white,120+0,e4 e5 Nf3 Nc6 Nc3 Nf6 Bc4 Bc5 O-O d6
1571,1330,white,60+0,e4 e5 Qh5 Nc6 Bc4 g6 Qf3 d6 Qxf7#
1754,1500,white,180+0,d4 d5 Nc3 Nf6 Bf4 Nc6 Nb5 e5 dxe5 Nh5
1866,1597,black,180+0,Nf3 g6 c3 Bg7 e4 d6 d4 Nd7 Bc4 e6
1533,1541,black,300+0,d4 d5 Bf4 f6 Nc3 c6 Nf3 Qa5 Bd2 Qb6
1473,1224,white,900+0,e4 e5 Nf3 f6 Nxe5 fxe5 Qh5+ g6 Qxe5+ Ne7
1416,1757,black,600+3,d4 d5 Nf3 Nf6 e3 a6 Bd3 Nc6 c3 Bg4
1340,1574,black,1200+5,e4 e5 Nf3 Nc6 c3 d6 d4 exd4 Nxd4 Bd7
1305,1576,black,60+0,e4 e5 Nc3 Qh4 g3 Qf6 Nf3 Bc5 d4 exd4
1989,1768,black,120+0,e4 e6 d4 d5 Nc3 Nf6 e5 Nfd7 f4 c5
1761,1654,draw,60+1,d4 h5 Bg5 a5 e4 b6 Be2 Bb7 Nc3 Nf6
1560,1500,white,600+7,e4 Nf6 Nc3 e5 Nf3 Bd6 d4 exd4 Nxd4 c5
1500,1486,white,1200+0,e4 e5 Nf3 Nc6 Bb5 Nd4 Nxd4 exd4 Bc4 Qh4
1368,1361,black,240+0,e3 e5 Nh3 Nf6 Rg1 d5 g3 Nc6 d3 Be6
1813,1747,white,180+3,e4 c5 f4 Nc6 Nf3 d6 Bc4 e6 Nc3 Be7
1596,1592,white,600+0,e4 e6 Nf3 d5 e5 c5 c3 Nc6 d4 f6
1929,1605,black,180+2,e4 e5 d3 Nf6 c4 c6 Nc3 d5 Bg5 dxe4
1599,1550,white,480+3,d4 Nf6 c4 e5 dxe5 Ng4 Nf3 Bc5 e3 Nc6
1140,1090,black,300+0,Nf3 Nc6 g3 e5 Bg2 Nf6 O-O d6 c4 Ng4
1669,1611,white,240+0,d4 b6 c4 Bb7 e3 g6 Nf3 Bg7 Nc3 e6
1843,1863,white,120+0,e4 c5 Nf3 e6 Nc3 Nf6 Be2 d5 e5 Nfd7
1845,1795,white,300+5,Nf3 e6 g3 d5 Bg2 c5 O-O b6 c4 Bb7
1776,1781,black,300+0,e4 c5 Nf3 d6 d4 cxd4 Nxd4 Nf6 Nc3 e6
1671,1579,black,600+8,c4 e5 e3 Nf6 a3 c6 d4 exd4 exd4 d5
1761,1373,black,600+3,e4 Nf6 e5 Nd5 c4 Nb6 d4 d6 exd6 cxd6
1762,1943,black,60+1,e4 d5 exd5 Qxd5 Nc3 Qa5 Nf3 Nf6 Bc4 Bg4
1580,1284,white,60+0,e4 e5 Qh5 d6 Bc4 g6 Qf3 Qe7 Nh3 Bxh3
1552,1784,black,600+8,f4 e5 fxe5 d6 Nf3 dxe5 Nxe5 Bd6 Nf3 g5
1402,1428,white,300+2,e4 e6 d4 c5 d5 e5 Nf3 Bd6 Nc3 a6
1359,1158,white,900+5,d4 d5 Nf3 Nc6 Nc3 Bf5 e3 Nb4 Bd3 e5
1394,1696,black,300+4,d4 d5 a4 e6 c3 c5 b4 cxb4 cxb4 Bxb4+
1657,1758,black,60+1,e4 e6 d3 d5 Nc3 d4 Nce2 e5 f4 Bd6
1267,1583,black,60+0,e4 e5 Nf3 Bc5 Nc3 Nf6 Nxe5 Ng4 Nd3 Bd4
1795,1133,white,180+0,d4 Nc6 Nc3 e5 d5 Nd4 e3 Nf5 g4 Nd6
1372,1356,black,240+0,e4 a5 d4 b6 Bc4 Ba6 Qe2 Bxc4 Qxc4 Nc6
1719,1563,draw,120+2,c4 c5 b3 Nc6 Bb2 e5 g3 Nf6 Bg2 e4
1500,1566,black,1200+0,e4 g6 d4 Bg7 Nf3 d6 Nc3 Nf6 g3 O-O
1410,1233,black,300+0,e4 e5 Nf3 Nc6 Bc4 d6 Ng5 Qxg5 d3 Qxg2
1844,2095,black,180+0,Nf3 d5 c3 Nf6 d4 c6 Bg5 Ne4 Bf4 Bf5
1242,1277,black,600+5,e4 c5 Nf3 d6 Nc3 Bg4 Bb5+ Bd7 Bxd7+ Nxd7
1925,1726,black,420+0,e4 d5 e5 Bf5 Nf3 g6 Nh4 Qc8 d4 Nc6
1533,1355,white,180+2,e4 e5 Nf3 Nf6 Bc4 d5 exd5 Nxd5 d4 Bg4
1798,1547,white,600+8,e4 c5 Nf3 Nc6 d4 cxd4 Bc4 d6 Nxd4 Nf6
1533,1441,black,120+0,e4 c6 Bc4 e6 Nf3 d5 exd5 cxd5 Bb3 Nf6
1531,1559,black,540+15,Nc3 e5 e4 Bc5 Nf3 Nc6 Bb5 d6 d4 exd4
1878,1947,black,420+5,e4 c5 Nf3 d6 d4 cxd4 Nxd4 Nf6 Nc3 a6
1505,1419,white,480+15,e4 e5 Nf3 Nf6 Nc3
1785,1854,black,300+5,e4 c5 Nf3 Nc6 d4 cxd4 Nxd4 g6 Be3 Bg7
1678,1600,draw,240+0,d4 b6 c4 Bb7 Nf3 g6 e3 Bg7 Nc3 e6
1544,1730,black,300+8,e4 e5 Nf3 Nc6 Bc4 Nf6 d3 h6 h3 Bc5
1390,1356,black,300+0,e4 g6 d4 Bg7 e5 e6 Nf3 Nc6 Bc4 Nh6
1587,1253,white,60+0,e4 e5 Qh5 g6 Qxe5+ Qe7 Qxh8 Qxe4+ Ne2 Qxc2
1854,1845,black,120+0,e4 d5 exd5 Nf6 c4 c6 dxc6 Nxc6 Nf3 e5
2001,1165,white,300+0,d4 d5 Nf3 Nc6 c3 Nf6 Nbd2 Ne4 Nxe4 dxe4
1581,1343,white,300+0,c4 e6 d4 Qf6 Nc3 Bb4 Nf3 Bxc3+ bxc3 Nh6
1478,1500,black,900+0,e4 e5 Nf3 Nc6 Nc3 Nf6 d4 exd4 Nxd4 Bb4
1527,1609,white,120+1,c4 c5 b3 Nc6 Bb2 d6 Nc3 e5 g3 Be6
1766,1649,white,60+1,d4 d5 h4 h5 Bg5 a5 e3 Bg4 Be2 Bxe2
1607,1459,draw,480+3,d4 d5 c4 dxc4 Nf3 e6 e3 Qd5 a3 Nf6
1576,1571,black,240+5,e4 d6 d4 g6 Be3 Bg7 Nf3 e6 Nc3 Ne7
1551,1502,black,300+0,g4 d5 g5 Nc6 a3 Bf5 c3 e5 h3 Qxg5
1721,1822,black,180+3,e4 c5 Nf3 d5 exd5 Nf6 d4 cxd4 Qxd4 Nxd5
1765,1792,white,300+0,e4 c5 Nf3 d6 d4 cxd4 Nxd4 Nf6 Nc3 e6
1235,1500,black,240+6,c3 e5 d4 e4 Nd2 Qe7 e3 d5 c4 c6
1241,1590,black,60+0,e4 e5 Nf3 Nc6 a3 Nf6 Nc3 Nxe4 Nxe4 Nd4
1377,1466,white,480+0,d4 e6 c3 b6 e3 Bb7 Bb5 Bxg2 Nd2 Bxh1
1520,1457,black,120+0,e4 c6 d4 e6 Nf3 a6 Be2 b5 c4 Be7
1756,1699,white,60+0,e4 e6 Nf3 d5 exd5 exd5 d4 Nf6 c4 Be7
1382,1407,white,600+8,e4 Nf6 d3 e5 f4 Bd6 Nf3 exf4 e5 Qe7
1839,1850,black,180+0,Nf3 e6 c3 d5 d3 c5 e4 Nc6 exd5 exd5
1707,1344,white,300+4,d4 c6 c4 d5 e3 b5 c5 Na6 a3 Bf5
1843,1862,black,120+0,e4 e5 Nf3 Nc6 Nc3 Nf6 Bb5 Nd4 Nxd4 exd4
1206,1766,white,300+1,d4 e6 Nf3 d5 e3 c5 Be2 Qb6 O-O Nc6
1641,1773,black,60+1,h4 e5 a4 Be7 Nh3 Bxh4 e3 d6 Qh5 Bxh3
1449,1401,white,1740+29,e4 e6 d4 d5 Nc3 Nc6 Bb5 a6 Bxc6+ bxc6
1801,1128,white,180+0,d4 d5 Nc3 Nf6 Bf4 Nc6 Nb5 e5 dxe5 Bb4+
1372,1392,black,600+0,e4 d5 e5 e6 f4 c6 a3 Qh4+ g3 Qh6
1345,1508,black,1500+15,e4 d5 Qf3 dxe4 Qxe4 Nf6 Qf3 Bg4 Qxb7 Nbd7
1904,1781,white,180+2,f4 c5 Nf3 d5 e3 Nc6 d3 Bg4 Be2 e6
1629,1505,black,120+16,d4 Nf6 Nc3 e6 Bf4 c5 e3 Nc6 Nb5 Nd5
2100,2001,white,300+0,d4 Nf6 Nf3 d6 e3 g6 b4 Nbd7 Bb2 Bg7
1689,1766,draw,60+0,Nc3 e6 d4 d5 e4 c5 exd5 exd5 dxc5 Bxc5
1593,1352,white,300+8,e4 e5 Bc4 d6 Qf3 Nf6 d3 Nc6 c3 g6
1231,1686,black,240+6,d3 c5 e4 Nc6 Be3 e6 Nc3 Qb6 Rb1 g6
1676,1603,black,240+0,d4 b6 c4 Bb7 d5 g6 e4 Bg7 Nf3 e6
1253,1212,black,300+0,e4 Nc6 Nc3 e5 Nf3 Bb4 Bb5 Bxc3 dxc3 Nf6
1780,1634,white,60+1,d4 d5 Bg5 f6 Bh4 g5 Bg3 Bg4 h3 Bh5
1531,1462,black,1260+0,e4 e5 Nf3 Nf6 d4 Nxe4 Bd3 d5 dxe5 Qe7
1471,1500,white,120+0,d4 e6 e3 Nc6 c4 Nge7 Nf3 b6 a3 Bb7
1807,1500,white,180+0,d4 e5 d5 d6 e4 Nf6 Bg5 Nxe4 Bxd8 Kxd8
1229,1427,black,240+6,d3 e6 e4 d5 Nc3 Bb4 Ne2 Nf6 Bd2 Nc6
1759,1540,white,180+0,d4 e6 Bf4 c5 d5 exd5 Qxd5 Nf6 Qe5+ Be7
1833,1877,white,120+0,e4 e5 Nf3 Nc6 Nc3 Nf6 Bc4 Bb4 d3 Bxc3+
1770,1714,white,180+0,f4 c5 Nf3 e6 e4 Nc6 d3 d5 c3 dxe4
1763,1692,black,60+0,e4 Nf6 e5 Nd5 d4 e6 Nf3 Be7 c4 Nb6
1312,1152,black,300+10,d4 d5 c4 Bf5 Nc3 e6 Nf3 Nc6 e3 Nb4
1500,1523,black,480+15,e4 e5 Nf3 Nc6 Bb5 Nf6 O-O Nxe4 Re1 d5
1368,1361,draw,240+0,h4 e5 Nc3 Nf6 g3 Bc5 Bg2 Nc6 Bxc6 bxc6
1536,1500,white,300+2,e4 c5 d3 Nc6 Bg5 d6 c3 Qc7 Qh5 g6
1313,1716,black,300+4,d4 d5 Bf4 e6 b4 Bxb4+ c3 Ba5 a3 Nd7
1655,1742,black,300+2,d4 e6 a3 d5 e3 c5 dxc5 Bxc5 b4 Be7
1336,1586,black,300+0,e4 c5 d4 cxd4 Qxd4 Nc6 Qc4 Nf6 f3 g6
1628,1787,black,60+1,d4 d5 c4 Nf6 Nf3 e6 Nc3 c5 e3 Bd6
1956,1917,black,420+5,d4 d5 c4 e6 Nc3 Nf6 Bg5 Be7 e3 O-O
1567,1500,black,600+7,e4 e5 Nf3 Nc6 d4 exd4 Nxd4 Bc5 Be3 Nxd4
1540,1914,black,180+2,e4 e5 Nf3 d6 Bc4 c5 Bd5 Nf6 c4 Nc6
1500,1480,white,120+0,e4 c6 d4 e6 Nd2 d5 c3 dxe4 Nxe4 Nf6
1826,1539,white,180+0,g3 g5 c3 g4 d4 a6 e4 h6 Qxg4 d5
1391,1494,black,480+8,e4 e5 Nf3 Nc6 Bc4 Nf6 Nc3 Be7 d3 d6
1749,1810,black,60+0,e4 e5 Nf3 f5 exf5 Nf6 d4 e4 Ne5 d5
1500,1568,black,120+0,d4 d5 Bf4 Bg4 Nc3 c6 h3 Bh5 g4 Bg6
1845,1860,white,120+0,e4 e5 Nf3 Nf6 Nc3 d6 Bc4 Be7 O-O O-O
1907,1829,black,420+0,e4 e6 Nf3 b6 d4 Bb7 Bd3 Nf6 Bg5 h6
1393,1395,black,480+0,d4 d5 c3 Nf6 e3 Nc6 Bb5 Bd7 Ba4 e5
1793,1621,white,60+1,d4 a5 Bg5 h5 h4 d6 e4 f6 Bf4 Be6
1182,1224,black,240+6,e4 e5 Nf3 f6 d3 Nc6 Nc3 Bb4 Bd2 Ba5
1780,1500,black,300+3,d4 c5 d5 e5 c4 d6 Nc3 Be7 e4 Bg5
1481,1651,black,60+0,g3 a6 Bg2 Nc6 e4 b5 Ne2 Bb7 d4 Nf6
1378,1535,black,300+0,e4 c5 Bc4 Nc6 Nf3 e6 e5 Qc7 d4 cxd4
1607,1597,white,600+0,e4 e6 Nf3 d5 e5 Bc5 d4 Bb4+ c3 Ba5
1992,2085,white,360+5,d4 Nf6 e3 d5 Nf3 e6 c3 c5 Bd3 Nc6
1459,1543,black,1740+29,e4 c5 d4 cxd4 Qxd4 Nc6 Qd1 Nf6 Nc3 d6
1773,1917,white,180+2,e4 e5 f4 exf4 Nf3 Nc6 d4 h6 Bxf4 g5
1856,1844,white,120+0,e4 c5 Nf3 e6 Nc3 d5 Bb5+ Nc6 exd5 exd5
1565,1582,white,300+5,e4 d6 d4 g6 Be3 Bg7 Nc3 e6 Nf3 Ne7
1615,1800,black,60+1,a4 e5 a5 d5 a6 Nf6 h4 Be7 h5 h6
1663,1618,white,240+0,d4 b6 c4 Bb7 d5 g6 e4 Bg7 Nc3 e6
1043,1290,white,900+30,e4 a6 d4 h6 Nf3 e6 Nc3 d6 d5 e5
1355,1819,black,120+0,d4 e6 Bf4 d5 Nc3 c5 Nb5 Na6 Nc3 Nf6
1354,1408,black,420+7,e4 e5 d4 exd4 c3 dxc3 Bc4 a6 Nf3 d6
1740,1925,white,60+0,e4 e6 Nf3 d5 exd5 exd5 d4 Nf6 Be2 Bd6
1565,1590,white,300+0,d3 e5 e3 d5 a3 c5 h3 f5 b3 Nf6
1361,1368,draw,240+0,e4 h5 Bc4 Rh6 Nc3 Rc6 d3 e6 Nf3 d5
1558,1569,white,600+7,e4 e5 Nf3 Nc6 d4 exd4 Nxd4 Bc5 Be3 d6
1233,1599,black,240+6,c3 e5 Nf3 Nc6 d4 exd4 Nxd4 d6 e3 Bd7
1596,1711,draw,600+8,e4 e5 Nf3 Nc6 Nc3 Nf6 Bc4 d6 h3 Be6
1475,1578,white,420+0,e3 d5 d4 c5 dxc5 Nc6 Bb5 e6 Bxc6+ bxc6
1429,1653,black,600+0,e4 e5 Nf3 Bc5 c3 d6 d4 exd4 cxd4 Bb4+
1780,1688,white,180+0,f4 c5 Nf3 Nc6 e4 e6 d3 g6 c4 Bg7
1594,1444,black,420+8,e4 e5 Nf3 d6 Bc4 h6 d4 exd4 Nxd4 Qf6
1831,1802,white,180+0,f4 c5 Nf3 b6 c3 Bb7 d4 cxd4 cxd4 g6
1597,1541,draw,300+8,d4 d5 Nf3 Bg4 Nc3 Bxf3 exf3 e6 Bf4 a6
1805,1610,white,60+1,d4 a5 Bg5 a4 h4 a3 b3 h5 c4 f6
1494,1519,black,60+10,e4 d5 e5 d4 Bb5+ c6 Bc4 b5 Bb3 c5
1500,1500,white,180+0,d4 e6 a3 c5 e3 Qb6 Nc3 Nc6 d5 exd5
1580,1653,black,360+0,e3 d5 d4 e6 c3 a6 Qa4+ Bd7 Qb3 Bc6
1802,1754,white,60+0,e4 e5 f4 d5 exd5 exf4 Nc3 Nf6 Nf3 Bg4
1905,1789,white,240+1,e4 c5 Nf3 Nc6 Bb5 d6 Bxc6+ bxc6 O-O g6
1866,1830,black,120+0,e4 e5 Nf3 Nc6 Nc3 Nf6 Bc4 Bc5 d3 d6
1470,1213,black,900+0,e4 d5 exd5 Qxd5 Nc3 Qe6+ Be2 Nf6 Nf3 Nc6
1472,1821,black,120+0,Nc3 e5 e4 f5 exf5 Nf6 d3 d5 Bd2 Bxf5
1520,1558,white,540+15,e4 e5 Nf3 Nc6 Bc4 Bc5 O-O d6 c3 a6
1563,1500,white,420+0,d4 Nf6 c4 e5 d5 d6 Nc3 b5 e4 bxc4
1603,1209,white,480+3,e4 e5 Nf3 Nf6 Nxe5 Nxe4 Qe2 Qe7 Qxe4 d6
1167,1221,white,300+10,e4 e5 Nf3 Nc6 Bc4 Nf6 Ng5 d5 Bb5 Bc5
1524,1612,black,60+0,f4 d6 Nf3 f5 d4 Nf6 e3 c6 c3 Be6
1670,1455,white,60+0,e4 e5 Bb5 c6 Ba4 d5 exd5 Qxd5 Nc3 Qa5
1604,1811,black,60+1,a4 e5 a5 d5 a6 Be7 axb7 Bxb7 e3 f5
1745,1861,white,60+0,e4 e6 Nf3 d5 exd5 exd5 d4 Nf6 c4 Bd6
1446,1216,white,420+15,d4 d5 Nf3 e6 Nc3 Bb4 Bg5 f6 Bf4 Bxc3+
1602,1242,white,420+1,e4 e6 f4 Qh4+ g3 Qd8 Nf3 Nc6 Bb5 a6
1834,1919,black,240+3,e4 e6 d4 c5 c3 d5 exd5 exd5 dxc5 Bxc5
1816,1599,white,60+1,d4 d5 Bg5 h6 Bh4 g5 Bg3 Bg7 h4 g4
1310,1084,white,300+0,c4 e6 e3 d5 Nf3 c5 Nc3 Nf6 a3 Nc6
1380,1530,white,480+0,d4 d5 c3 Nc6 Qa4 Nf6 e3 Bd7 Qb3 a6
1723,1400,white,240+4,d4 d5 e3 Nc6 c4 Nf6 a3 Na5 Qc2 Nxc4
1635,1500,black,240+2,e4 c5 f4 Nc6 Nf3 e6 Bc4 d5 exd5 exd5
1587,1824,black,120+0,f4 e5 e3 exf4 exf4 Nf6 d4 Be7 Nf3 O-O
1855,1846,white,120+0,e4 e5 d4 exd4 Qxd4 Nc6 Qd1 Bc5 Nc3 d6
1647,1529,black,300+2,d4 d5 a3 g6 e3 Bg7 h3 f5 Nf3 e6
1213,1579,black,480+9,e4 c5 Bc4 Nc6 Nf3 e6 d4 cxd4 Nxd4 Nf6
1781,1913,black,240+1,e4 e5 f4 Bc5 Nf3 d6 fxe5 dxe5 Bc4 Nf6
1683,1673,white,540+0,d4 d5 Bg5 Nc6 e3 a6 Nf3 Bg4 Nc3 e6
1581,1335,white,1200+5,d4 e6 c4 c5 Nc3 Nf6 Bg5 Be7 e4 O-O
1894,1699,white,420+0,e4 e6 Nf3 d5 e5 c5 Bb5+ Bd7 Qe2 a6
1799,1887,black,240+2,e4 e6 Nc3 d5 d4 Bb4 Bd2 Bxc3
1227,1447,black,60+0,d4 Nf6 h4 g6 c3 Bg7 a3 d5 b4 Nc6
1785,1759,draw,60+0,e4 e6 d4 d5 e5 c5 c3 Nc6 Nf3 cxd4
1843,1224,white,180+0,c3 Nf6 d4 d5 Nf3 e6 Nbd2 Bd6 e3 O-O
1574,1500,black,600+8,e4 e5 Nf3 Nc6 Bb5 a6 Ba4 Nf6 d3 b5
1500,1868,black,1140+8,e4 g6 d3 Bg7 d4 c5 b3 Bxd4 Qxd4 cxd4
1594,1821,black,60+1,h4 e5 a4 Be7 d3 Bxh4 Nf3 Be7 Rh5 Nc6
1514,1542,white,120+1,d4 d5 c4 e6 Nc3 Nf6 Qc2 a6 Bg5 dxc4
1668,1683,white,1200+0,e4 e5 Nf3 d6 h3 Be7 Bc4 Nf6 Nc3 Be6
1368,1362,black,240+0,e4 e5 Nc3 Nf6 Be2 Bc5 a3 Nc6 b4 Bd4
1919,1774,white,240+1,e4 c5 Nf3 Nc6 Bb5 g6 Bxc6 bxc6 d4 Bg7
1596,1552,white,300+8,d4 d5 Nf3 Bg4 e3 Nf6 Nc3 e6 Be2 Bb4
1714,1558,white,600+8,e4 e5 f4 exf4 Nf3 g5 Bc4 g4 O-O g3
1500,1568,black,900+0,e4 c5 d4 cxd4 Qxd4 e6 Bb5 a6 Ba4 b5
1865,1832,black,120+0,e4 e5 Nf3 Nc6 Nc3 Nf6 Bc4 Bb4 O-O O-O
1662,1329,white,180+0,d4 d5 Nc3 e6 a3 Bd6 e4 Qe7 e5 Bb4
1760,1781,black,60+0,e4 e6 Nf3 d5 exd5 exd5 d4 Nf6 c4 Bd6
1750,1469,draw,60+1,e4 e6 Nf3 d6 e5 dxe5 Nxe5 Nc6 Bb5 Bd7
1578,1520,white,300+0,d3 d6 e3 e5 a3 Bf5 h3 Qf6 b3 Nc6
1428,1206,white,300+0,Nf3 e5 Nxe5 d6 Nf3 f6 e3 c5 c4 Bg4
1439,1253,white,1800+0,e4 d5 e5 Nh6 f3 Nc6 c3 Nxe5 d4 Nc6
1780,1754,white,300+0,c4 c5 Nc3 d6 g3 e6 Bg2 Nf6 e4 Be7
1548,1789,white,600+8,e4 e5 Nf3 Nc6 Bb5 a6 Ba4 Nf6 Bxc6 dxc6
1605,1111,white,420+1,e4 e5 f4 Nc6 Nf3 Qe7 Bb5 exf4 Bxc6 dxc6
1619,1788,black,180+0,d4 f5 Nc3 Nf6 Bg5 e6 e4 Be7 exf5 exf5
1663,1657,white,540+0,Nf3 d5 d4 Nc6 Bf4 e6 e3 a6 a3 h6
1566,1738,white,300+10,e4 e5 d4 Bb4+ c3 Bd6 Nf3 Qf6 Bc4 exd4
1424,1469,white,600+0,e4 d5 e5 f6 f4 Nh6 d4 Bg4 Be2 Bf5
1871,1486,white,1140+8,e4 e6 d4 d5 Nc3 Bb4 Bd2 f5 exf5 exf5
1843,1223,white,180+0,e3 Nf6 d4 Nc6 Nf3 d5 c4 e6 cxd5 Nxd5
1822,1749,white,60+0,d4 e6 c4 d5 Nc3 dxc4 g3 Nf6 Bg2 Be7
1476,1230,white,120+2,b4 d5 Bb2 e6 g4 Bxb4 Bxg7
1577,1491,white,300+5,e4 d6 d4 b6 Bd3 Bb7 Nc3 Nc6 Be3 Qd7
1895,1766,white,240+2,e4 e5 Nf3 Nc6 Bb5 Nf6 O-O Bc5 d3 d6
1536,1529,white,120+1,e4 c5 Nf3 b6 Nc3 Bb7 d4 cxd4 Nxd4 g6
1355,1733,white,240+4,e4 d5 exd5 Qxd5 Nc3 Qe5+ Be2 c6 d4 Qc7
1564,1862,draw,300+5,e4 c5 Bc4 Nc6 c3 Nf6 d3 d5 exd5 Nxd5
1453,1422,black,180+8,e4 d5 exd5 Qxd5 Nc3 Qa5 d3 c6 Bd2 e6
1853,1847,black,120+0,e4 d5 exd5 Nf6 Nc3 Nxd5 Nxd5 Qxd5 Nf3 e5
1780,1500,white,300+0,e4 e5 Bc4 Nf6 d4 exd4 Nf3 Bc5 Nxd4 Qe7
1353,1537,black,300+3,e4 e5 c4 Nc6 a3 Bd6 Nf3 Nf6 Nc3 O-O
1618,1500,white,600+0,e4 c6 d4 d5 e5 Bf5 Nf3 e6 Bg5 Be7
1546,1500,white,600+3,e4 e5 Bc4 d6 Nc3 c5 d3 Nf6 Bg5 Nc6
1587,1411,white,300+0,d3 c5 e3 d5 a3 Nc6 b3 Nf6 Bb2 Bg4
1790,1632,white,300+2,g3 e5 Bg2 Bd6 h4 c6 Nc3 Bc7 d3 d6
1780,1480,black,60+10,e4 a6 d4 b5 g3 Bb7 Bg2 f5 Qe2 Nf6
1515,1367,white,1500+15,e4 Nf6 Nc3 d6 d4 e6 d5 exd5 exd5 c6
1624,1393,black,240+2,e4 e5 f4 d5 exd5 exf4 Nf3 Bc5 d4 Bd6
1844,1607,black,180+0,Nf3 b6 e3 Bb7 d4 d5 c4 dxc4 Bxc4 g6
1755,1316,white,300+0,e4 c5 Nf3 e6 d4 Nf6 d5 d6 dxe6 Bxe6
1465,1874,black,1140+8,e3 g6 Bd3 Bg7 a4 Nf6 Nc3 O-O Qf3 d5
1188,1406,black,300+8,e4 e5 Nf3 Nc6 Bd3 Nf6 O-O Be7 c4 d6
1433,1160,white,300+0,Nf3 e6 e3 Qf6 d4 d5 c4 dxc4 Bxc4 Bd7
1580,1626,white,240+0,e4 b6 d4 Bb7 Nc3 g6 Nf3 Bg7 Be3 e6
1794,1671,white,180+0,f4 b6 Nf3 Bb7 e3 g6 d4 Bg7 Be2 Nf6
1710,1230,white,180+0,d4 d5 Nc3 e6 a3 c6 e4 g6 e5 f6
1526,1500,white,600+5,e4 e5 Nf3 Nc6 d3 Bb4+ Bd2 Bxd2+ Nbxd2 d6
1366,1403,white,300+3,e4 c6 d4 b5 f4 e6 Nf3 Nf6 Bd3 Bb4+
1693,1744,black,300+0,d4 d5 Nc3 c6 Nf3 e6 Bf4 Be7 e4 Nf6
1843,1861,white,120+0,e4 d5 Nf3 dxe4 Ng5 Nf6 Bc4 e6 Nc3 Qd4
1767,1926,white,240+1,d4 Nf6 e3 g6 Bd3 Bg7 c4 O-O Nf3 c5
1823,1740,black,180+0,f4 c5 Nf3 Nc6 e4 d6 Bc4 g6 c3 Bg7
1410,1271,black,120+0,d4 d5 f3 e6 h4 f5 g4 fxg4 fxg4 h6
1296,1202,white,900+30,e4 e5 Bc4 Nc6 Nf3 Nf6 d3 a6 Ng5 b5
1784,1500,black,300+0,e4 e6 d4 d5 e5 c5 Nf3 Nc6 Bb5 Qb6
1593,1592,draw,240+0,e4 c5 f4 Nc6 Nf3 b6 d4 cxd4 Nxd4 Bb7
1517,1346,white,600+3,e4 e5 Nf3 d6 Bc4 f6 c3 c5 d4 b6
1322,1313,black,300+0,d4 Nc6 e3 Nf6 Nf3 h6 Bb5 Na5 c3 a6
1831,1785,black,540+0,e4 e5 Nf3 Nc6 Bc4 Bc5 d3 d6 h3 h6
1673,1500,black,360+2,e4 e5 Bc4 Bc5 Qh5 Qf6 Nf3 Nc6 Nc3 g6
1241,1462,black,1800+0,e4 e6 Bd3 c6 Qf3 b5 Ne2 f6 Nbc3 g6
1613,1310,white,120+16,d4 d5 Nc3 e6 a3 Qf6 Nf3
1603,1543,black,240+2,e4 d5 e5 d4 Nf3 c5 Bc4 a6 a3 b5
1544,1347,white,300+3,e4 e5 Nf3 Nf6 Bc4 Nc6 d4 Bb4+ c3 Bd6
2117,1867,white,60+0,d4 Nf6 Nf3 g6 e3 d6 b3 Nbd7 Bb2 Bg7
1854,1847,white,120+0,e4 e5 Nf3 Nc6 Nc3 Nf6 Bc4 Bc5 O-O d6
1372,1356,black,240+0,e4 e6 Bc4 Qf6 d3 a6 Nf3 b5 Bb3 a5
1593,1322,white,300+0,d3 d6 e3 Nf6 a3 Nc6 b3 g6 Bb2 Bg7
2114,2071,black,600+5,d4 Nf6 c4 e6 Nf3 b6 g3 Bb7 Bg2 d5
1552,1557,black,540+15,e4 c5 Bc4 d6 Nc3 Nf6 d3 g6 Bg5 Bg7
1606,1416,white,420+1,e4 e5 f4 exf4 Nf3 d6 d4 Qe7 Nc3 Bg4
1434,1441,white,180+8,d4 d5 e3 Nf6 h3 Nc6 c4 dxc4 Bxc4 a6
1437,1278,white,300+0,Nf3 d5 e3 Nc6 c4 Bf5 cxd5 Qxd5 Nc3 Qa5
1801,1783,white,180+0,f4 d5 Nf3 c5 c3 Nc6 d4 e6 e3 Nf6
1617,1427,white,600+10,d4 Nf6 Nc3 Nc6 d5 Nb4 e4 e6 a3 Nxe4
1182,1179,white,900+5,Nf3 Nc6 e4 e5 Be2 Nd4 Nxd4 Qg5 Nf3 Qxg2
1571,1152,white,120+2,e4 e5 f4 exf4 Nf3 g5 Bc4 Qe7 d3 c6
1414,1700,black,300+5,e4 b6 Qf3 Bb7 Bc4 Nf6 d3 e6 Nd2 Be7
1318,1340,black,180+3,e4 c6 d4 d5 e5 Bf5 f4 e6 h3 Nh6
1412,1578,draw,300+8,Nf3 e6 Nc3 d5 d4 Nf6 e3 Bb4 Bd2 Ne4
1665,1517,black,120+1,e4 c5 Nc3 b6 f4 Bb7 Nf3 Nc6 Bb5 a6
1688,1572,white,180+5,d4 d5 c4 Nf6 Nc3 c6 c5 Bf5 e3 e6
1864,1834,black,120+0,e4 d5 exd5 Nf6 Nc3 Nxd5 Nxd5 Qxd5 Nf3 Bg4
1605,1915,black,300+8,d4 d5 e3 Bf5 Nf3 e6 Nc3 Bb4 Bd2 Nf6
1272,1444,black,300+0,e4 e6 d4 c6 Nc3 d5 Bd3 Nf6 Bg5 Be7
1169,1308,white,240+6,e4 e6 e5 Qg5 Nf3 Qg4 d3 Nc6 Qe2 b6
1797,1870,black,300+0,g3 c5 Bg2 Qc7 h4 Nc6 Bxc6 Qxc6 f3 e6
1337,1398,black,600+0,e4 e5 d4 d6 dxe5 Qe7 exd6 Qxd6 Qxd6 Bxd6
1310,1390,black,300+3,d4 c6 e3 b5 b4 g6 c3 Bg7 Nf3 Nf6
1754,1769,white,300+3,f4 d5 Nf3 Nf6 d4 e6 e3 c5 c3 Nc6
1563,1326,black,300+0,e4 c5 f4 e6 Nf3 Nf6 Nc3 Nc6 Bc4 h6
1812,1873,white,180+0,f4 e6 Nf3 d5 d4 Nf6 e3 c5 Bd3 c4
1613,1498,black,420+1,e4 g6 f4 Bg7 Nf3 d6 d4 Nf6 Bd3 O-O
1276,1607,black,540+9,d4 g6 b3 Bg7 Bb2 c5 e3 cxd4 Bxd4 Qa5+
1598,1647,draw,300+0,d3 d5 e3 Nf6 a3 e6 b3 Bd6 Bb2 c5
1853,1848,white,120+0,e4 c5 Nf3 d6 Nc3 g6 Bb5+ Nc6 O-O Bd7
1620,1410,white,120+0,e4 e5 Nc3 Nf6 f4 d6 Nf3 Bg4 Bc4 Bxf3
1673,1599,black,600+8,e4 e5 Nf3 Nc6 Bc4 Be7 d3 Nf6 O-O O-O
1607,1428,white,60+0,e4 e5 Bc4 d6 Nf3 h6 h3 Nc6 O-O Na5
1446,1521,black,900+0,e4 e5 c4 Nf6 d3 d5 Bg5 dxc4 Bxf6 Qxf6
1593,2040,black,240+0,e4 d6 d4 Nf6 Nc3 g6 f4 Bg7 e5 dxe5
1349,1226,white,180+3,e4 e5 Nf3 d6 d4 exd4 Nxd4 d5 exd5 Qxd5
1206,1167,white,900+5,d4 d5 Be3 Bf5 f3 Nf6 g4 Bg6 h4 e6
1592,1573,white,240+0,e4 e5 Nf3 Nc6 Bb5 Nf6 d3 Be7 Bxc6 bxc6
1911,1772,white,240+1,e4 c5 Nf3 Nc6 Bb5 g6 Bxc6 bxc6 d4 Bg7
1398,1354,white,120+0,d4 Nf6 f3 e6 h4 Be7 g4 h6 g5 hxg5
1783,1595,white,300+3,e4 c5 Nf3 d6 h3 e5 Bc4 h6 d3 a6
1404,1635,draw,120+0,e4 e5 Nc3 Nc6 d3 Nf6 Bg5 Be7 f4 d6
1361,1494,black,360+0,d4 g6 Nf3 Bg7 e3 Nc6 Nc3 e5 dxe5 Nxe5
1450,1500,black,300+0,Nf3 d5 e3 c5 c4 d4 exd4 cxd4 b3 Nc6
1981,1790,draw,300+0,e4 e5 Nf3 d6 d4 Bg4 dxe5 Bxf3 Qxf3 dxe5
1669,1791,black,1200+0,e4 e6 c4 c6 Nf3 d5 exd5 exd5 Qe2+ Be7
1345,1462,black,600+0,d4 d5 e3 e6 a4 Nf6 a5 Be7 c3 a6
1411,1193,white,120+0,e4 d6 d4 h6 Bc4 e6 Qh5 Nf6 Qf3 Nc6
1863,1835,black,120+0,e4 c5 Nf3 d6 Nc3 Nf6 Bb5+ Bd7 O-O Bxb5
1855,1571,white,300+5,Nf3 Nc6 d4 d5 g3 Bg4 Bg2 e6 O-O Bd6
1220,1246,black,600+3,d4 e6 e3 c5 a3 Nf6 f3 a6 g4 b5
1454,1626,white,180+0,e4 e5 Nf3 Nf6 Nc3 d5 exd5 Nxd5 d3 Nxc3
1443,1508,black,300+0,Nf3 d5 e3 Nc6 d4 Nf6 c4 g6 cxd5 Nxd5
1765,1917,draw,240+1,d4 d5 e3 c6 f4 Bf5 Nf3 Nf6 Bd3 Ne4
1765,1862,black,180+0,f4 e6 Nf3 c5 d4 d5 c3 Nc6 e3 Bd7
1672,1625,black,240+0,d4 d5 c4 c6 e3 Nf6 Nf3 Bg4 Be2 e6
1500,1395,black,180+2,e4 e5 Bc4 d6 d3 Qe7 Nf3 f6 Nc3 c6
1173,1356,black,180+3,e4 c6 d4 d5 e5 Bf5 h3 e6 g4 Be4
1429,1445,black,180+8,e4 d5 exd5 Qxd5 Nc3 Qd8 Nf3 e6 Bd3 a6
1573,1651,white,1200+0,e4 e5 Nf3 Nc6 Bb5 Nf6 O-O Ng4 h3 h5
1395,1206,white,600+8,e4 e5 Nf3 Nf6 Bc4 Nxe4 Nxe5 Qg5 Nxf7 Ke7
1157,1142,black,720+17,d4 d6 e4 f6 d5 e5 dxe6 Bxe6 Nc3 c6
1599,1557,black,300+0,d3 d5 e3 e5 a3 Nc6 b3 Bf5 Bb2 Nf6
1410,1501,black,300+5,e4 g6 Qf3 Bg7 Bc4 e6 c3 Nc6 d4 d6
1500,1416,black,300+2,e4 e5 Nf3 d6 Bc4 Bd7 d4 h6 Be3 b5
1703,1602,white,240+0,b3 e6 Bb2 d5 Nf3 Nf6 g3 Nc6 Bg2 b6
1852,1849,black,120+0,e4 e6 Nf3 d5 Nc3 d4 Ne2 c5 d3 Nc6
1341,1422,white,60+1,d4 d5 e3 e6 c4 c5 cxd5 Qxd5 Nc3 Qc6
1417,1570,white,300+8,Nf3 e6 Nc3 d5 d4 Nf6 e3 Bb4 Bd3 Nbd7
1519,1598,white,720+4,d4 Nf6 e3 g6 c3 b6 a3 Bb7 Nd2 Bg7
1871,1757,black,180+0,e4 c5 Nf3 Nc6 d4 cxd4 Nxd4 d6 Nc3 Nf6
1185,1306,black,240+6,e4 d5 e5 e6 d4 Bb4+ c3 Be7 g3 f6
1596,1553,white,420+1,e4 e5 f4 Nc6 Nf3 exf4 d4 d5 e5 Bg4
1822,1699,white,180+0,f4 e6 Nf3 g6 e4 Bg7 d4 d6 c4 Ne7
1387,1513,black,900+15,e4 e5 Bc4 Nf6 d3 a6 Nf3 h6 Nxe5 d5
1391,1623,black,600+10,e4 e5 d4 exd4 Qxd4 Nc6 Qc3 Bb4 e5 Bxc3+
1422,1181,white,120+0,e4 c5 Nf3 d6 c3 h6 d4 cxd4 cxd4 a6
1841,1862,black,120+0,e4 c5 Nf3 e6 Nc3 d5 exd5 exd5 Qe2+ Qe7
1405,1249,white,300+2,e4 d5 Bb5+ c6 Bd3 Nf6 e5 Ne4 Bxe4 dxe4
1456,1418,white,180+8,d4 d5 e3 Nf6 h3 e6 Nf3 Ne4 Bd3 a6
1191,1401,black,600+8,e4 e5 Nf3 Nc6 Bb5 a6 Bxc6 dxc6 d3 Bg4
1553,1580,white,480+3,e4 e5 Bc4 Nc6 d3 Na5 Bxf7+ Kxf7 Qh5+ g6
1591,1642,black,240+0,e4 d5 exd5 Qxd5 Nc3 Qe6+ Qe2 Nc6 Nf3 Nf6
1600,1471,white,120+3,e4 e5 Nf3 Nc6 d4 exd4 Nxd4 Nxd4 Qxd4 d6
1417,1293,black,300+8,d4 e6 Nf3 Qf6 e3 Nc6 c3 Nh6 Na3 a6
1660,1571,black,240+0,d4 Nf6 c4 g6 Nc3 Bg7 e3 O-O Nf3 d6
1417,1500,white,120+0,d4 d5 f3 f6 e4 dxe4 fxe4 e5 d5 Na6
1500,1407,white,600+0,e4 e5 Bc4 d6 d3 Nc6 Nc3 Nf6 Nf3 h6
1784,1356,white,60+1,e4 e5 Nf3 d6 d4 exd4 Nxd4 c5 Nf3 Be7
1341,1642,white,600+0,d4 d5 e4 dxe4 f4 exf3 gxf3 Bf5 Bf4 e6
1794,1961,black,300+0,g3 Nf6 Bg2 d5 c4 e6 cxd5 exd5 Nc3 c6
1444,1355,white,420+3,d4 d5 e3 Nc6 Nf3 e5 Bb5 a6 Bxc6+ bxc6
1949,2122,white,60+1,c4 e6 Nc3 b6 Nf3 Bb7 d3 f5 e3 Nf6
1711,1594,white,240+0,b3 e6 Bb2 d5 Nf3 Bd6 Bxg7
1586,1544,black,300+0,d3 d5 e3 e5 a3 Nf6 b3 Bc5 Bb2 Nc6
1120,1249,black,360+0,d4 e6 e3 a6 c3 Nf6 c4 c6 c5 Ne4
1587,1718,black,240+0,e4 b6 Nc3 Bb7 Bd3 c5 Qe2 Nc6 Ba6 Nd4
1588,1668,black,240+2,e4 c5 f4 Nc6 Nf3 e6 c3 Nf6 e5 Nd5
1725,1580,white,240+0,b3 Nf6 Bb2 e6 c4 d5 cxd5 Qxd5 Nc3 Qd8
1770,2070,black,180+3,d4 d5 e3 Nf6 Bd3 e6 Nd2 c5 c3 Nc6
1660,1877,black,900+10,e4 g6 Nf3 Bg7 Bc4 d6 d4 Nf6 Nc3 O-O
1362,1137,white,180+3,e4 e5 Nc3 c5 Bc4 a6 d3 Nc6 Nf3 h5
1831,1873,white,120+0,e4 c5 Nf3 d6 Nc3 Nc6 Bb5 Bd7 O-O a6
1426,1665,white,120+0,d4 c5 f3 cxd4 Qxd4 Nc6 Qd1 Qb6 h4 e6
1933,1568,black,300+13,e4 c5 Nf3 Nc6 Nc3 e6 Bc4 a6 d3 Nf6
1692,1771,white,300+2,e4 c5 f4 Nc6 Nf3 d6 Bc4 e6 O-O Nf6
1573,1732,black,240+0,e4 b6 d3 Bb7 Be3 c5 h4 Nc6 h5 Nf6
1581,1368,white,240+0,e4 e6 d4 Bb4+ c3 Ba5 Nf3 Nf6 e5 Ne4
1470,1445,white,480+5,d4 e6 e4 d5 e5 f6 f4 fxe5 fxe5 Qh4+
1313,1177,white,240+6,e4 d5 d3 d4 Nf3 e5 Nxe5 f6 Nf3 Nc6
1510,1158,white,300+2,e4 c5 Nf3 d6 Bc4 h6 h3 a6 d4 cxd4
1581,1604,black,300+10,e4 c5 Nc3 Nc6 Nf3 e6 d4 cxd4 Nxd4 a6
1674,1748,black,540+0,e4 c5 Bc4 e6 Nf3 a6 a3 Nc6 d4 cxd4
1992,1500,white,300+0,e4 c5 Nf3 Nc6 d4 cxd4 Nxd4 Nf6 Nc3 a6
1317,1427,white,120+0,e4 c5 d3 d6 f3 Nc6 c4 e6 a3 Qh4+
1573,1690,black,120+1,e4 d5 exd5 Qxd5 Nc3 Qe6+ Be2 Nc6 Nf3 Qg6
1534,1628,black,600+5,e4 e5 Nf3 Nc6 d4 exd4 Nxd4 Ne5 Bf4 d6
1605,1647,white,480+3,d4 d5 c4 dxc4 Nf3 a6 e3 b5 a4 c6
1762,1526,black,60+15,d4 d5 c4 g6 g3 Bg7 Nf3 Bg4 Nc3 dxc4
1112,1444,black,360+0,d4 e6 e3 d5 c3 Nf6 b4 Nbd7 b5 Be7
1477,1364,white,240+0,e3 e5 d3 d6 g3 Bf5 Bg2 c6 h3 d5
1204,1500,black,660+10,e4 d5 exd5 Qxd5 Nc3 Qe5+ Nge2 Bf5 d4 Qd6
1579,1590,white,240+2,e4 e5 f4 Nf6 Nc3 exf4 Nf3 h6 e5 Nh7
1967,1994,black,300+0,e4 c5 Nf3 d6 d4 cxd4 Nxd4 Nf6 Nc3 g6
1478,1727,black,600+10,e4 e5 c3 Nf6 d3 d6 h3 Be7 g4 Be6
1613,1500,white,600+8,e4 c5 Nc3 e6 d4 cxd4 Qxd4 Nc6 Qd1 a6
1585,1393,white,60+1,e4 d5 e5 e6 d4 f6 f4 f5 Nf3 g6
1568,1859,black,300+5,e4 c5 Bc4 Nc6 c3 Nf6 d3 d5 exd5 Nxd5
1559,1432,white,1800+30,e4 e5 Nf3 Qf6 Nc3 Nc6 Bc4 Nd4 Nxd4 exd4
1843,1860,black,120+0,e4 d5 exd5 Nf6 d4 Nxd5 Nf3 Bg4 Be2 e6
1643,1820,black,480+0,d4 d5 Nf3 g6 e3 Nf6 b3 Bg7 Bb2 Bg4
1356,1365,black,300+8,e4 d5 Qf3 dxe4 Qxe4 Nf6 Qf3 Bg4 Qxb7 Qd5
1574,1556,white,300+0,d3 d5 e3 e5 a3 Nf6 h3 Nc6 b3 Bf5
1492,1533,black,120+1,d4 d5 c4 e6 Nc3 Nf6 e3 a6 a4 dxc4
1544,1517,black,300+0,e4 d6 Nf3 Nf6 Nc3 g6 Be2 Bg7 O-O Nc6
1579,1592,white,240+2,d4 d5 Nc3 Nf6 Bf4 e6 Nf3 Bb4 g3 Bxc3+
1738,1567,white,240+0,b3 e6 Bb2 d5 Nf3 a5 Nc3 Bd7 g3 a4
1455,1408,white,120+0,e4 e5 d4 exd4 c3 Nc6 cxd4 d5 exd5 Qxd5
1567,1738,black,240+0,b3 g6 Bb2 Nf6 g4 Bg7 g5 Nh5 Bxg7 Nxg7
1455,1590,black,120+0,e4 e5 Nf3 Nc6 Bb5 d6 d4 exd4 Nxd4 Bd7
1600,1709,white,480+8,d4 d5 e3 Nf6 Bd3 e6 f4 Bd6 Nd2 Qe7
1567,1402,black,1800+30,e4 e5 Nf3 Nc6 Nc3 Nf6 h3 g6 Bc4 Bg7
1382,1401,white,660+6,e4 d5 d3 Nf6 Nf3 dxe4 dxe4 Nxe4 Qxd8+ Kxd8
1371,1500,black,600+3,e4 e5 Bc4 Nf6 d3 c6 Nf3 d5 exd5 cxd5
1235,1276,white,180+0,b3 d6 e3 Nf6 g3 g6 Bb2 Bg7 Bg2 O-O
1466,1854,white,300+5,d4 d5 e3 Nf6 h3 g6 Nf3 Bg7 b3 a6
1743,1758,black,180+5,e4 c5 Nf3 Nc6 Bb5 d6 d4 cxd4 Bxc6+ bxc6
1833,1871,white,120+0,e4 c5 Nf3 d6 Nc3 Nc6 Bb5 Bd7 O-O e6
1579,1590,black,240+2,e4 e5 f4 exf4 Nf3 Nc6 Bc4 Qe7 d3 g5
1452,1160,white,720+17,d4 d6 e3 e6 Nf3 f6 Nc3 c6 Bd3 a6
1590,1569,draw,300+3,e4 e5 Nf3 Nc6 d4 exd4 Nxd4 d5 Nxc6 bxc6
1425,1414,black,240+4,d4 d5 f4 e6 Nc3 a6 e4 dxe4 Nxe4 Qd5
1663,1706,black,360+2,e4 e5 Bc4 Nf6 d3 Bc5 h3 d6 g4 h6
1511,1517,white,120+4,e4 e5 Nf3 Nc6 Bc4 h6 Nc3 Nf6 O-O Be7
1733,1597,white,60+1,e4 e5 Nf3 Nc6 Bb5 d6 d4 exd4 Qxd4 Bd7
1584,1409,black,300+0,d3 d5 e3 e5 a3 Nf6 h3 Nc6 b3 Bd6
1635,1618,black,480+3,c4 e5 e3 Nf6 a3 d5 Nc3 c6 d4 e4
1559,1546,black,240+0,e3 e5 d3 d5 g3 Nf6 Bg2 Nc6 h3 Bd7
2006,2084,black,300+0,d4 Nf6 Nf3 g6 Bg5 Bg7 Nc3 d5 h3 O-O
1155,1513,black,300+2,d4 g6 e3 Bg7 h3 Nf6 a3 O-O Nf3 Nc6
1140,1453,black,240+0,e4 e6 c3 d5 e5 Bc5 d4 Bb6 b4 c6
1647,1570,white,240+0,d4 d6 c4 e6 Nf3 g6 e3 Bg7 Nc3 Ne7
1787,1500,black,300+0,g3 g6 Bg2 Bg7 c3 Nf6 d4 O-O Nd2 d6
1845,1858,white,120+0,e4 e5 Nf3 Nf6 Nc3 c6 Bc4 d5 exd5 cxd5
1441,1210,white,120+0,d4 d5 f3 Nc6 e4 Nxd4 Qxd4 e6 c3 Nf6
1768,1722,white,180+5,d4 d5 c4 dxc4 Nc3 e6 e4 c5 Nf3 cxd4
1324,1520,black,600+3,e4 e5 Qh5 Nf6 Qxe5+ Be7 Qg3 Nxe4 Qxg7 Bf6
1529,1500,black,360+2,d4 e6 Nf3 d5 g3 Nf6 Bg2 Bd6 Bg5 O-O
1250,1357,black,240+5,e4 e5 Nf3 Nc6 Bc4 Nf6 d3 Bc5 c3 d6
1426,1413,white,240+4,d3 e6 e4 Nc6 a3 d5 exd5 Qxd5 Nc3 Qe5+
1656,1562,white,240+0,d4 d6 c4 e6 Nf3 g6 e4 Bg7 Be2 Ne7
1567,1601,white,240+2,e4 e5 f4 Nc6 Nf3 exf4 Bc4 Qe7 d3 g5
1744,1561,black,240+0,b3 e6 Bb2 d5 Nc3 Nf6 g3 g6 Bg2 Bg7
1263,1247,white,180+0,d4 g6 Nf3 Bg7 Nc3 b6 Bf4 Bb7 Ne5 d6
1527,1698,black,120+0,f4 d5 Nf3 e6 d4 Nf6 e3 b6 c3 Bb7
1645,1703,black,180+5,e4 e5 Bc4 Nf6 Nf3 Nc6 Ng5 d5 exd5 Na5
1809,1957,black,180+2,c4 Nf6 Nc3 e6 g3 d5 cxd5 exd5 d4 c6
1175,1590,black,60+1,d4 d5 e3 Nf6 a3 Bg4 h3 Bf5 Nf3 e6
1658,1667,black,300+8,e4 e5 Nf3 d6 d4 Nc6 Bb5 Bd7 Bxc6 Bxc6
1364,1213,black,480+8,d4 d5 e4 c6 f3 e6 Nc3 Bd7 Nh3 Be7
1826,1882,black,1140+8,d4 Nf6 c4 g6 Nc3 d5 cxd5 Nxd5 Nxd5 Qxd5
1444,1367,white,180+3,Nf3 c6 g3 d5 Bg2 Bg4 O-O e6 d4 Nf6
1665,1683,white,540+0,e4 e5 Nf3 Nc6 Bc4 Nf6 d3 Bc5 Ng5 O-O
1394,1372,white,660+6,e4 e5 Nf3 d6 Bc4 h6 d3 Be7 O-O c6
1855,1845,white,60+0,e4 e5 Nf3 Nc6 Nc3 Bb4 Bc4 d6 O-O Nge7
1555,1269,white,300+5,e4 e5 Nf3 Bc5 Nxe5 Qf6 Nf3 Ne7 Nc3 Ng6
1278,1339,black,360+6,e4 e5 Nf3 Nc6 Bc4 Nd4 Nxd4 Qg5 Qf3 Nh6
1522,1675,white,120+4,e4 e6 Nf3 d5 e5 Ne7 d4 Nf5 Bd3 g6
1455,1617,white,420+3,d4 d5 e3 Nf6 Nf3 a6 c3 Nc6 Bd3 e6
1446,1474,black,120+0,d4 b6 f3 Bb7 e4 g6 e5 Bg7 f4 e6
1592,1173,white,60+1,e4 c5 Nc3 d6 Bc4 h6 f4 Nc6 Nf3 a6
1775,1777,white,300+0,c4 c5 g3 d6 Bg2 e6 Nf3 Nf6 O-O Be7
1525,1288,white,600+0,e4 e5 Nf3 d6 d4 f6 dxe5 fxe5 Nc3 c5
1865,1834,white,60+0,e4 e5 Nf3 Nc6 Nc3 d6 Bc4 Bd7 O-O f6
1579,1502,black,180+0,e4 e5 c3 Nf6 g3 Be7 h3 Nxe4 Bg2 Nf6
1435,1485,black,120+0,d4 b6 f3 Bb7 h4 g6 g4 Bg7 f4 e6
1589,1580,black,240+2,d3 d5 Nc3 d4 Ne4 e5 Nf3 f5 Ng3 Nc6
1775,1154,white,720+17,e4 e6 d4 c6 Nf3 f6 Bc4 a6 Nc3 h6
1875,1823,white,60+0,e4 e5 Nf3 Nc6 Nc3 Nf6 Bc4 Bc5 O-O d6
1568,1500,white,300+0,d3 d5 e3 Bf5 a3 e6 h3 h6 b3 c6
1490,1428,black,300+0,b3 d5 Bb2 Nc6 e3 e5 Bb5 Bd7 Bxc6 Bxc6
1467,1554,black,240+0,e3 d6 d3 e6 g3 g6 Bg2 Bg7 d4 Nc6
1225,1188,white,240+6,d3 d5 c3 e5 Nf3 Nc6 Qa4 Bg4 Nxe5 Bd7
1411,1136,white,240+0,d4 d5 e4 dxe4 Bc4 f5 Be2 c6 Bh5+ g6
1684,1754,white,300+0,d4 c6 c4 d5 cxd5 cxd5 Nf3 Nf6 Bg5 Nc6
1512,1500,black,540+9,d4 Nf6 c4 e5 dxe5 Ng4 Nf3 Bc5 e3 Nc6
1634,1314,white,60+15,d4 e6 c4 Qf6 a3 c5 Nf3 cxd4 Bg5 b6
1394,1190,white,660+11,e4 d5 e5 Be6 d4 g6 f4 Bh6 g4 g5
1776,1839,draw,600+0,e4 e6 d4 Be7 c4 d6 f4 a6 Nc3 c5
1577,1728,black,240+0,e4 b6 d3 Bb7 b3 c5 Bb2 Nc6 Be2 Nd4
1609,1553,white,120+2,e4 e5 Nf3 Nc6 Bc4 Nf6 Ng5 d5 exd5 Nxd5
1500,1433,white,300+0,e4 e6 Nf3 c6 d4 d5 Nc3 a6 e5 b5
1425,1705,black,120+0,d4 d5 f3 e6 h4 Nf6 g4 b6 g5 Ng8
1500,1525,black,540+9,e4 e5 Nc3 Nc6 f4 Qh4+ g3 Qf6 Nd5 Qd6
1301,1545,white,300+8,e4 e6 Qf3 Nf6 Nh3 b6 e5 Nd5 c4 Bb7
1595,1364,white,600+3,e4 e6 Nf3 Bc5 d4 Bb6 c4 d5 cxd5 exd5
1570,1589,black,300+3,e4 d5 exd5 Qxd5 Nf3 c6 d4 Bg4 Nc3 Qd8
1609,1677,black,540+0,Nf3 Nc6 d4 d5 e3 Bg4 h3 Bh5 Be2 e6
1997,1500,white,300+0,d4 e6 Nc3 d5 e4 Nf6 Bg5 Be7 e5 Nfd7
1787,1963,black,300+0,c4 Nf6 d4 e6 Bg5 d5 c5 b6 b4 a5
1500,1504,black,660+10,e4 e5 Nf3 d6 Bc4 h6 d4 exd4 Nxd4 a6
1408,1564,white,60+0,d4 d5 e3 e6 Nf3 f5 c4 Nf6 cxd5 exd5
1592,1578,black,240+2,e4 e5 f4 Nc6 Nf3 d6 Bc4 Be6 Bxe6 fxe6
1426,1284,white,300+0,Nf3 d5 e3 Nf6 c4 c6 Nc3 e6 Qb3 Be7
1664,1720,black,240+0,d4 d5 c4 c6 Nf3 Nf6 Nc3 e6 c5 Nbd7
1655,1617,black,60+15,d4 e6 c4 c5 g3 cxd4 Nf3 Bb4+ Bd2 Qa5
1394,1430,white,420+10,e4 e5 Nf3 Nc6 Bc4 Nf6 d3 Bb4+ c3 Ba5
1521,1594,black,60+1,d4 d5 c4 dxc4 Nc3 Nf6 e4 Bg4 f3 Bh5
1232,1318,black,480+8,e3 d5 d4 Nf6 f3 e6 c3 c6 Nh3 b5
1906,1337,black,300+13,e4 e5 Nf3 Nc6 Nc3 Bc5 Bc4 h6 d3 Nf6
1734,1570,white,240+0,b3 d6 Bb2 Nf6 Nf3 g6 c4 Bg7 Nc3 Nc6
1630,1778,black,480+3,d4 d5 c4 c6 Nf3 Nf6 Nc3 Bf5 e3 e6
1538,1358,black,120+4,e4 c6 f4 d5 Nc3 Nf6 e5 Bg4 Be2 Bxe2
1549,1589,black,300+8,e4 c5 d4 cxd4 c3 dxc3 Nxc3 e6 Bc4 Bb4
1421,1522,black,120+0,d4 d6 f3 e6 h4 g6 g4 Bg7 g5 Ne7
1500,1415,white,180+0,d4 d5 Nc3 f5 Bf4 Nf6 Nb5 Na6 a3 e6
1131,1561,black,240+0,e4 e5 c3 d5 exd5 Qxd5 d4 Nc6 dxe5 Qxd1+
1476,1128,white,300+0,b3 e5 Bb2 Nc6 e3 d6 Bb5 a6 Bxc6+ bxc6
1412,1187,white,240+0,e4 e5 Bc4 Bc5 Qf3 Nf6 Qb3 Nxe4 Bxf7+ Kf8
1424,1176,white,60+0,e4 e5 d3 Nf6 f4 Nc6 fxe5 Nxe5 Nc3 Bb4
1564,1740,black,240+0,b3 g6 Bb2 Nf6 g3 Bg7 Bg2 O-O Nf3 c6
1781,1636,black,300+0,c4 e6 Nc3 Nf6 g3 Bc5 d4 Bb4 f3 Nc6
1549,1500,white,60+0,d4 d5 e3 g6 f4 Bg7 Nf3 c6 Bd3 Be6
1623,1395,white,420+3,c4 d5 e3 d4 exd4 Qxd4 Nf3 Qe4+ Be2 Bg4
1692,1648,draw,300+3,d4 d6 c4 g6 e4 Bg7 Nc3 Nc6 d5 Nd4
1778,1537,white,600+10,d4 e6 c4 b6 Nf3 Bb7 Nc3 Bb4 Qc2 d5
1490,1681,white,540+9,e4 e5 Nf3 Nc6 Nc3 Nf6 d4 exd4 Nxd4 Bb4
1142,1204,white,120+0,e3 e5 d4 e4 f3 exf3 Qxf3 d6 Qe4+ Be7
1411,1500,white,120+0,e4 c5 Nf3 Nc6 Nc3 d6 d3 e6 Bg5 Be7
1359,1629,white,600+0,e4 d6 Bc4 e6 Nf3 Ne7 e5 d5 Bb3 c5
1589,1274,white,60+5,d4 d6 e4 g6 e5 Bg7 f4 Nc6 Nf3 f6
1618,1256,white,120+0,e4 e5 Nc3 Nc6 f4 d6 Nf3 exf4 Bc4 Nf6
1400,1157,white,660+11,e4 e5 Nf3 Nc6 c3 d5 Bb5 Qd7 Bxc6 Qxc6
1511,1709,white,120+0,f4 d5 Nf3 e6 d4 Nf6 e3 b6 c3 c5
1429,1469,black,60+0,d4 Nf6 e3 g6 Nf3 Bg7 c4 O-O Be2 d6
1500,1500,white,120+0,e4 c5 c3 d6 d4 cxd4 cxd4 Nf6 Nc3 g6
1573,1603,black,60+1,b3 d5 Bb2 Nc6 e3 e5 Ne2 Bd6 Ng3 Nf6
1398,1550,white,1800+5,d4 d5 e3 Bf5 Nc3 Nc6 Nf3 Nf6 Bd2 e6
1954,1999,black,300+0,e4 c5 Nf3 d6 d4 cxd4 Nxd4 Nf6 Nc3 a6
1479,1355,black,300+3,b3 d5 Bb2 Bf5 e3 e6 Nf3 h6 h3 c6
1579,1565,black,300+8,e4 e5 d3 Bc5 a3 d6 c3 a5 a4 Bd7
1519,1364,white,300+8,d4 e6 Nc3 Qf6 Nf3 e5 dxe5 Qb6 e3 Nc6
1412,1556,white,120+0,d4 e6 f3 d5 e4 f5 e5 Nc6 f4 g5
1746,1558,white,240+0,b3 g6 Bb2 Nf6 c4 Bg7 Nc3 d6 Nd5 O-O
1587,1530,black,1200+0,e4 e5 Nf3 Nc6 Bb5 d6 O-O Bd7 c3 Be7
1548,1641,white,300+1,e4 e5 Bc4 Nf6 d3 c6 a3 d5 exd5 cxd5
1562,1618,black,120+2,d4 d5 c4 e6 Nc3 Nf6 Bg5 Be7 Nf3 O-O
1408,1424,white,240+0,d4 d5 c4 Nf6 cxd5 Qxd5 Nc3 Qa5 Bd2 Nc6
2104,1863,white,60+0,d4 Nf6 Nf3 e6 e3 d5 b3 c5 Bb2 cxd4
1522,1153,white,720+17,e4 e5 d4 d6 d5 Bd7 Bd3 Be7 Nc3 h5
1697,1795,white,300+0,d4 Nf6 c4 e6 Nc3 Bb4 Bd2 b6 a3 Bxc3
1625,1215,white,120+0,e4 d6 d4 e5 Nc3 d5 Nxd5 c6 Nc3 b5
1636,1500,white,120+16,d4 a5 Bf4 Nc6 Nc3 Nxd4 Qxd4 d5 Nb5 Ra6
1190,1249,white,120+0,e4 e5 Nf3 Nc6 Bc4 Nf6 Ng5 d5 Bb5 Nxe4
1637,1515,black,180+0,d4 d5 Nc3 e6 a3 Nc6 Bf4 a6 Nf3 Nf6
1385,1481,black,540+5,c4 e5 e3 d6 Nc3 Nf6 Nf3 Be7 Qc2 O-O
1434,1380,black,300+0,Nf3 e6 e3 Nf6 d4 Be7 a3 O-O c4 d5
1766,1737,black,180+5,f4 Nf6 Nf3 c5 d4 cxd4 Nxd4 Nc6 e3 g6
1563,1858,black,60+0,b3 c5 Bb2 d5 e3 Nc6 Ne2 e5 Ng3 d4
1587,1429,white,240+0,e4 d5 exd5 Qxd5 Nc3 Qa5 Nf3 Bg4 Be2 h5
1262,1388,black,600+0,e4 e5 Nf3 Nc6 Bc4 Na5 Na3 Nf6 Nxe5 Nxe4
1613,1691,white,120+1,e4 d5 e5 e6 d4 b6 Bb5+ Bd7 Bxd7+ Qxd7
1405,1269,white,660+11,e4 e5 Nf3 Qe7 d3 Nf6 Bg5 Qe6 Bxf6 Qxf6
1419,1593,white,60+0,d4 e6 e3 d5 Nf3 c6 c4 f6 cxd5 g6
1144,1229,white,600+0,c4 c5 Nc3 Nc6 g3 g6 Bg2 Bg7 e4 e5
1128,1287,white,240+0,e4 e5 f3 Nc6 b3 Bc5 Bb2 Nf6 c4 O-O
1625,1659,black,600+0,e4 e5 Bc4 Nf6 d3 d6 Nc3 Nc6 Bd2 Na5
1355,1500,black,120+1,e4 c5 Nf3 Nc6 Bc4 e6 c3 a6 d4 cxd4
1607,1626,black,300+2,e4 e5 Nf3 Nc6 d4 Bd6 Be3 h6 Nc3 a6
1337,1630,black,120+0,e4 e5 Nf3 Nc6 Bb5 Nf6 O-O d6 Re1 Bd7
1552,1752,black,240+0,b3 g6 Bb2 Nf6 Nc3 Bg7 Nf3 O-O g3 e6
1592,1365,white,60+5,d4 d5 Nc3 b6 Nf3 e6 Bf4 h6 Qd2 g5
1862,1676,white,60+0,d4 d5 c4 Nf6 cxd5 Qxd5 Nc3 Qh5 Nf3 Bg4
1522,1928,black,120+4,e4 c5 Nf3 e6 c3 Nf6 d3 Nc6 Be3 a6
1236,1332,white,240+6,d3 e5 c3 Nc6 Nf3 h6 Nbd2 a6 e3 Bc5
1627,1293,white,120+1,e4 d6 d4 c5 c3 Nf6 Bd3 e6 Bg5 Be7
1532,1789,black,600+10,e4 g6 Bc4 Bg7 Nf3 e6 O-O d6 c3 a6
1212,1375,black,180+3,e4 c6 d4 d5 e5 Bf5 Nc3 e6 g3 Bb4
1589,1501,white,60+15,d4 d5 c4 dxc4 Nd2 b5 a4 c6 Ngf3 Nf6
1428,1430,white,120+0,d4 d5 f3 Nc6 h4 h5 g4 g6 g5 Bg7
1354,1645,white,360+0,d4 Nf6 Nf3 d5 e3 c5 dxc5 Nc6 Bb5 a6
1204,1205,black,120+0,d4 d5 e3 Nc6 f4 e6 g3 f5 h4 Bb4+
1655,1559,draw,240+0,d4 d5 c4 c5 cxd5 cxd4 Qxd4 Nf6 Nc3 Nc6
1538,1599,white,300+8,e4 b6 d4 Bb7 Nc3 e6 Bd3 Bb4 Bd2 Ne7
2010,1945,white,300+0,d4 Nf6 Nf3 e6 g3 b6 Bg2 Bb7 O-O g6
1868,1496,black,60+0,d4 b6 c4 Bb7 Nc3 g6 Nf3 Bg7 e3 e6
1552,1628,black,180+0,e4 e5 Nf3 Nf6 Nc3 d5 exd5 Nxd5 Bc4 Nxc3
1379,1466,white,600+3,e4 e5 Qh5 Nf6 Qxe5+ Be7 Nc3 Nc6 Qg3 Bd6
1524,1512,black,600+0,e4 e6 d4 Qh4 Nc3 Bb4 Nf3 Qxe4+ Be3 Qc6
1690,1500,white,300+3,e4 c5 Bc4 Nc6 Qh5 e6 c3 Nf6 Qe2 a6
1280,1662,black,120+0,e4 e6 d4 d5 Nc3 Nf6 Bg5 Be7 e5 Nfd7
1478,1426,white,180+0,d4 Nf6 Nc3 e6 a3 b6 Bf4 Bb7 Nb5 d6
1650,1547,black,180+1,a3 d6 d3 g6 g3 Bg7 Nf3 e5 c4 Be6
1415,1440,black,120+0,e4 d5 exd5 Qxd5 Nc3 Qd8 Nf3 e6 d4 f5
1153,1639,black,120+0,e4 e5 f3 Nc6 g4 Nf6 h4 d5 exd5 Qxd5
1258,1153,white,900+5,e4 e5 Nf3 Nc6 d3 Bc5 Be3 Bxe3 fxe3 d6
1452,1394,white,600+3,e4 e5 Nf3 d6 Bc4 h6 O-O Nf6 Nc3 Ng4
1623,1524,white,480+3,d4 d5 c4 c6 Nf3 Bg4 e3 Bxf3 Qxf3 Nd7
1368,1550,black,360+0,d4 d5 Nf3 Nc6 e3 f6 Nc3 e5 dxe5 fxe5
1517,1846,black,60+0,e4 e5 Nf3 Nc6 Bc4 Nf6 O-O Bc5 Nc3 O-O
1426,1621,black,60+0,d4 f6 e4 d5 Nc3 Nc6 Nf3 e6 Bf4 Bb4
1357,1613,black,180+0,d4 e6 e3 d5 f4 c5 Nf3 cxd4 exd4 Bb4+
1287,1630,black,120+1,d4 d5 e3 Nf6 Bd3 Bg4 Nf3 Nc6 h3 Bh5
1757,1753,white,180+5,d4 e6 Nf3 d5 c4 c5 dxc5 Bxc5 cxd5 Ne7
1436,1500,white,60+0,d4 Nf6 e3 d5 Nf3 c5 c3 e6 Bb5+ Bd7
1216,1217,black,120+0,e4 e5 Nf3 Nc6 Bc4 Nd4 O-O d6 Nxd4 Qg5
1593,1283,white,240+0,e4 a6 d4 d5 e5 f6 f4 fxe5 fxe5 h5
1341,1222,white,480+8,d4 e6 c3 d5 e3 f6 g4 c5 b4 cxb4
1621,1799,black,600+8,e4 g6 d4 Bg7 Nf3 d6 Nc3 a6 h3 b5
1417,1523,black,1800+5,d4 e6 c4 Be7 Nc3 Bb4 e3 Nf6 Bd2 Bxc3
1147,1709,black,120+0,e3 e6 f4 d5 g3 Nf6 h4 c5 d4 Nc6
1242,1643,black,120+0,e4 e5 Nf3 Nf6 Nxe5 d6 Nf3 Nxe4 d4 d5
1451,1401,white,120+0,d4 d5 f3 Nc6 h4 Nf6 g4 h6 g5 hxg5
1465,1614,white,60+2,e4 e6 d4 c5 d5 exd5 exd5 Bd6 c4 f5
1850,1514,black,60+0,e4 b6 f4 Bb7 Nc3 g6 Nf3 Bg7 d4 e6
1362,1318,black,360+0,d4 f5 Nf3 Nf6 e3 d5 Nc3 Nc6 Bd2 Be6
1577,1567,black,300+8,e4 e5 Nf3 d6 Bc4 h6 d3 a5 Nc3 c6
1372,1678,black,300+0,e4 c5 Bc4 e6 d4 cxd4 e5 Nc6 Nf3 g6
1562,1544,white,300+1,e4 e5 Bc4 Bc5 Nf3 Nc6 a3 Nf6 d3 d5
1614,1500,black,600+0,e4 e5 Bc4 Nc6 d3 Nf6 Nc3 d6 Bb3 Be6
1467,1587,white,300+3,b3 d5 Bb2 Nc6 e3 e5 Bb5 g6 Bxc6+ bxc6
1631,1503,white,480+3,d4 Nf6 c4 d6 Nc3 c5 dxc5 dxc5 Qxd8+ Kxd8
1735,1407,white,1800+8,e4 e5 f4 d5 exd5 exf4 Nf3 Nf6 Nc3 Nxd5
1594,1600,black,300+3,d4 d5 c4 c6 cxd5 cxd5 Nc3 Nc6 Nf3 a6
1540,1152,white,300+0,d4 e6 c4 d6 Nc3 a6 e4 h6 Nf3 Nf6
1144,1072,white,240+0,e4 Nc6 f3 d6 d4 Bd7 d5 Ne5 b3 e6
1633,1282,white,120+1,e4 e5 Bc4 d6 Qf3 Be6 Bxe6 fxe6 Qb3 Qe7
1411,1431,black,300+2,e4 e5 f4 exf4 d3 g5 Qh5 h6 Nh3 Nf6
1535,1828,black,60+0,g3 d5 Bg2 e5 d4 e4 e3 f5 Ne2 g5
1558,1417,white,180+0,d4 Nf6 Nc3 d6 Bg5 g6 Bxf6 exf6 e4 Bg7
1532,1352,white,420+7,e4 c6 d4 d5 e5 Bf5 Nf3 e6 Bd3 Bxd3
1594,1430,white,600+0,d4 Nc6 c4 Na5 e4 e6 Nf3 d5 cxd5 exd5
1190,1216,white,120+0,e4 e6 Nf3 d5 e5 c5 c3 Nc6 Bb5 Bd7
1649,1230,white,120+0,e4 e5 Nc3 c6 d4 Bb4 dxe5 Bxc3+ bxc3 f6
1618,1352,black,180+0,e3 e5 f4 d6 fxe5 dxe5 Bc4 c6 Nf3 f6
1832,1531,white,60+0,d4 b6 c4 Bb7 Nf3 g6 e3 Bg7 Be2 e6
1512,1262,white,660+10,e4 e5 Nf3 d6 d4 Nf6 Nc3 Bg4 d5 Bxf3
1652,1562,black,240+0,d4 d5 c4 c5 cxd5 cxd4 Qxd4 Nf6 Nc3 Nc6
1700,1740,white,300+0,e4 d5 exd5 Qxd5 c4 Qd8 d4 c6 Nc3 Nf6
1522,1370,white,480+6,e4 Nc6 d4 e6 e5 f6 Nf3 fxe5 dxe5 d6
1638,1639,white,480+3,d4 f5 e3 Nf6 Nc3 d5 Nf3 Nc6 Bb5 Bd7
1819,1500,white,540+0,e4 c5 Nf3 e6 d4 cxd4 Nxd4 Nf6 Nc3 Bb4
1585,1671,black,300+5,e4 f5 exf5 Nf6 d4 c5 dxc5 Qa5+ Nc3 Qxc5
1870,2109,black,60+0,e4 e6 Nf3 b6 d4 Bb7 Nc3 Bb4 Bd3 Bxc3+
1500,1457,white,1680+8,e4 a6 d4 e6 Bd3 f5 exf5 exf5 Bxf5 Qe7+
1628,1741,white,420+3,c4 e5 e3 Nf6 a3 d5 d4 exd4 exd4 Nc6
1672,1898,black,120+0,d4 f5 h3 Nf6 Nf3 g6 Bg5 Bg7 Bxf6 exf6
1561,1636,black,180+1,e4 d6 Nf3 g6 d3 Bg7 Nc3 Nf6 Be3 c5
1500,1412,black,60+1,e4 e6 e5 d5 d4 Nc6 Nf3 h6 Bb5 a6
1597,1757,black,120+3,e4 b6 Nf3 Bb7 Nc3 c5 d4 cxd4 Nxd4 Nc6
1449,1550,white,600+0,c4 Nf6 Nc3 d5 cxd5 Nxd5 Nf3 e6 Nxd5 Qxd5
1342,1481,black,180+0,e4 e5 Nf3 d6 Bc4 Bg4 Nc3 Nf6 h3 Bxf3
1349,1690,black,360+0,d4 Nf6 Nf3 g6 e3 Bg7 Nc3 d5 Bd2 O-O
1544,1574,white,1200+0,e4 g6 d4 Bg7 e5 d6 f4 dxe5 fxe5 f6
1597,1651,black,240+0,e4 c5 f4 Nc6 Nf3 e6 Nc3 Nf6 e5 Nh5
1141,1228,black,120+0,d4 d5 e3 Nc6 f4 Bf5 g3 e6 h4 Nb4
1654,1725,white,120+0,e4 e6 d4 d5 Nc3 Nf6 Bg5 Be7 Bxf6 Bxf6
1644,1552,white,180+1,d4 d5 Nf3 Bg4 c4 e6 cxd5 Qxd5 Nc3 Bb4
1372,1600,black,180+0,d4 e6 e3 d6 f3 g6 Bd2 Bg7 Bc3 Ne7
1794,1419,black,600+0,Nf3 b6 d4 Bb7 e3 Nf6 c4 e6 Nc3 Be7
1597,1892,black,720+10,e4 g6 Nf3 Bg7 Nc3 d6 d4 Nf6 Bc4 O-O
1422,1276,white,60+1,d4 d5 e3 Nf6 h3 Nc6 a3 e6 g3 Bd7
1626,1836,draw,60+0,e4 c5 f3 Nc6 c3 e5 Bc4 d6 Ne2 Be6
1696,1576,white,300+3,d4 d5 Nf3 Bf5 e3 Nc6 a3 f6 c4 e5
1573,1774,white,300+1,e4 e5 Bc4 d6 a3 Nf6 d3 Nbd7 Ba2 Be7
1677,1113,white,120+0,d4 Nf6 c4 g6 Bg5 Bg7 Nc3 d6 Qd2 Bf5
1639,1544,white,240+0,d4 d5 c4 c6 e3 Nf6 Nf3 e6 c5 b6
1628,1664,black,60+15,d4 Nf6 c4 g6 g3 Bg7 Bg2 d5 cxd5 Nxd5
1521,1400,black,300+7,d4 d5 c4 dxc4 e3 Nf6 Bxc4 e6 Qf3 Bb4+
1606,1389,white,180+0,d4 e6 a3 d6 e4 c5 dxc5 Qa5+ b4 Qc7
1636,1600,black,300+2,d4 d5 a3 Bf5 e3 Nc6 h3 e5 c3 exd4
1213,1237,black,120+0,e4 e5 Nf3 Nc6 Bc4 Nd4 Nxe5 Qg5 Bxf7+ Kd8
1830,1633,white,60+0,d4 e6 c4 c5 dxc5 Bxc5 e4 Qf6 Nf3 Nc6
1128,1108,black,300+0,g3 e5 Nf3 e4 Ng1 f5 Bg2 d5 Nh3 b6
1885,1673,white,300+13,e4 e5 Nf3 Nf6 Nc3 Bb4 Bc4 Bxc3 dxc3 Nxe4
1251,1397,black,240+6,d3 e5 c3 Nf6 Nf3 c5 Nxe5 Nc6 Nxc6 dxc6
1777,1500,black,300+0,e4 e5 d4 exd4 c3 d5 e5 dxc3 Nf3 Bb4
1478,1410,white,300+3,b3 e5 Bb2 Nc6 e3 d5 Bb5 e4 Bxc6+ bxc6
1587,1569,black,240+0,e4 e5 Nf3 Nc6 Nc3 Bc5 Bb5 d6 Bxc6+ bxc6
1741,1660,black,300+0,e4 c5 Nf3 e6 Nc3 Nc6 Bb5 Nd4 Nxd4 cxd4
1149,1489,black,180+0,d4 e6 e3 d5 Nf3 a6 h3 Nc6 a3 Nf6
1428,1565,black,60+1,d4 d5 e3 c5 dxc5 Nc6 c3 a5 b3 e5
1632,1546,draw,300+0,e4 Nf6 e5 Nd5 c4 Nb6 d4 e6 Nc3 d6
1639,1581,black,420+3,c4 e6 e3 Nc6 d4 Bb4+ Nc3 d5 Bd2 Nf6
1492,1331,black,180+0,e4 e5 Nf3 Nc6 h3 d6 Bb5 Bd7 Bxc6 Bxc6
1500,1382,white,180+3,e4 c6 Nf3 d5 exd5 cxd5 d4 Bg4 Be2 e6
1579,1560,black,300+8,e4 e5 Bc4 d6 d3 h6 c3 Be7 Nf3 Bg4
1624,1600,white,600+0,e4 e6 Nf3 d5 e5 c5 c3 Nc6 d4 Qb6
1481,1518,white,600+0,e4 c5 Nc3 Nc6 Bc4 Nf6 f4 e5 Nf3 exf4
1544,1653,black,180+1,e4 d6 d3 g6 Be3 Bg7 Qd2 Nf6 Nc3 O-O
1673,1699,black,300+0,e4 e5 Bc4 Nf6 Nf3 Nc6 Ng5 d5 exd5 Nxd5
1575,1763,white,240+0,e4 b6 d4 Bb7 Nc3 e6 e5 c5 Nf3 cxd4
1460,1391,white,120+0,d4 c5 f3 cxd4 Qxd4 Nc6 Qd1 e6 c3 Qb6
1368,1202,white,300+0,e4 e5 Nf3 d6 d4 Nc6 d5 Nb4 c3 Na6
1637,1384,white,180+0,d4 d5 Nc3 c5 e3 cxd4 exd4 Nc6 Bb5 Bd7
1591,1580,black,120+3,e4 e5 Nf3 Nc6 d4 exd4 Nxd4 Bc5 Nxc6 bxc6
1569,1314,white,600+7,e4 e5 Nf3 Bc5 d4 exd4 Nxd4 Qf6 Be3 h6
1421,1354,black,60+1,d4 d5 e3 e6 a3 c5 h3 cxd4 Qxd4 Nc6
1749,1869,white,600+0,Nf3 e6 d4 c5 e3 d5 c4 Nc6 dxc5 Bxc5
1704,1568,white,300+3,c4 c6 Nc3 d5 cxd5 cxd5 d4 Nc6 Nf3 Nf6
1464,1535,white,600+0,e4 c5 Nf3 d6 d4 cxd4 Nxd4 a6 Nc3 e5
1244,1259,draw,240+6,d3 b5 c3 Bb7 e4 a6 Bf4 d6 Nf3 e5
1510,1481,white,1800+0,e4 e6 d4 c6 Nf3 f6 e5 h5 exf6 gxf6
1575,1145,white,300+0,d3 d5 e3 c6 a3 a6 h3 h6 b3 Nf6
1487,1408,white,300+3,b3 e5 Bb2 Nc6 e3 Bc5 Bb5 f6 Bxc6 dxc6
1578,1210,white,420+15,e4 e5 Nf3 Nc6 Bc4 d6 c3 Qe7 d4 f6
1525,1655,black,1680+8,d4 d5 Nc3 e6 e4 a6 Qh5 Nf6 Qe5 Nc6
1743,1500,black,60+0,d4 e6 Bf4 d5 e3 Nf6 Bb5+ Bd7 Bxd7+ Nbxd7
1661,1604,white,180+0,e4 d6 d4 e6 Bc4 Nd7 Nf3 b6 O-O Bb7
1367,1407,white,60+1,e4 Nc6 d4 a5 Nf3 d5 exd5 Qxd5 Nc3 Qd8
1252,1245,black,480+10,e4 Nf6 Nc3 Nc6 Nf3 e5 a3 d5 exd5 Nxd5
1469,1333,black,120+0,d4 e6 f3 d6 e4 b6 c3 Bb7 Bd3 a6
1427,1379,black,300+0,e4 e5 Nf3 d6 Nc3 Nc6 Bc4 Nf6 d3 Be6
1747,1867,black,180+5,d4 Nf6 c4 e6 Nc3 Bb4 Qb3 Nc6 Nf3 Ne4
1538,1536,white,300+0,e4 c5 Nf3 Nc6 Bc4 e6 Nc3 a6 d4 b5
1592,1611,black,240+0,e4 e5 Nf3 Nc6 Nc3 Bc5 Bb5 d6 Bxc6+ bxc6
1557,1718,black,120+1,b3 e5 Bb2 d6 c4 Nc6 Nc3 Bf5 Nf3 Nge7
1590,1577,white,300+1,e4 e5 Bc4 Nf6 d3 Nc6 a3 d6 Ba2 Be6
1355,1475,white,180+0,e4 e5 Nf3 d6 Nc3 Bg4 h3 Bxf3 Qxf3 Nf6
1067,1324,black,1800+30,e4 e5 Qh5 Qe7 Bc4 Nf6 Qh4
1394,1379,white,60+1,d4 d5 e3 e6 f4 c5 g3 cxd4 Qxd4 Nc6
1865,1848,white,60+0,e4 c5 Nf3 d6 d4 cxd4 Nxd4 Nf6 Nc3 a6
1506,1346,white,300+7,d4 Nf6 Bg5 d5 e3 e6 c4 Bb4+ Nc3 Qd6
1836,1838,black,60+0,d4 e6 c4 d5 Nc3 Nf6 Bg5 Be7 e3 h6
1346,1437,draw,360+0,d4 d5 Nf3 e6 e3 c5 dxc5 Bxc5 Nc3 Nf6
1521,1494,black,60+10,d4 b5 e4 b4 d5 Bb7 e5 c6 d6 g6
1328,1627,black,60+0,e4 e5 Nf3 Nc6 d4 Bc5 dxc5 Qf6 Nc3 Nge7
1668,1783,black,120+0,d4 Nf6 h3 e6 Nf3 c5 dxc5 Bxc5 e3 Nc6
1600,1560,black,300+1,e4 c6 Bc4 d5 exd5 cxd5 Bb3 e5 d3 Nc6
1837,1876,black,60+0,e4 e5 Nf3 Nc6 Bb5 Nf6 O-O d6 Re1 Be7
1650,1172,black,480+3,d4 e6 e4 c5 d5 d6 c4 e5 Bd2 Nf6
1852,1437,white,1200+0,e4 d5 exd5 Qxd5 Nc3 Qe5+ Be2 Nf6 Nf3 Nc6
1571,1529,white,600+5,d4 Nf6 e3 e6 Bd2 d5 a3 Ne4 Bb4 Bxb4+
1595,1670,black,180+0,d3 e5 e3 Bc5 g3 Nf6 Bg2 O-O Ne2 Nc6
1660,1215,black,180+0,d4 d5 Nc3 e6 a3 c5 e3 cxd4 exd4 Nc6
1567,1337,black,300+8,e4 e6 d4 d5 e5 c5 c3 Nc6 Be3 cxd4
1121,1625,black,360+0,d4 d5 e3 Nc6 c3 e5 Nf3 e4 Ne5 Nxe5
1637,1698,black,120+2,e4 e6 d4 d5 exd5 exd5 Nf3 c5 dxc5 Nc6
1970,1826,white,60+0,e4 c5 c3 e5 Nf3 d6 d3 Bg4 Be2 f5
1453,1317,black,120+0,d4 c6 f3 d5 e4 b5 e5 Ba6 c3 e6
1379,1403,white,600+8,d4 d5 Nf3 Nc6 Nc3 e6 Bf4 Bd6 Bxd6 cxd6
1327,1277,white,120+0,e4 d6 d4 e6 Nd2 c5 d5 exd5 exd5 Nf6
1887,1827,white,60+0,e4 c5 Nf3 d6 d4 cxd4 Nxd4 Nf6 Nc3 a6
1427,1142,white,720+8,e4 e5 Bc4 d6 Nc3 Nf6 Nf3 Bg4 h3 Bxf3
1660,1500,black,120+0,d3 d5 e4 dxe4 d4 c5 d5 e6 dxe6 Qxd1+
1207,1605,black,420+15,e4 c5 c4 d6 d3 Nf6 Nc3 g6 g3 Bg7
1883,1856,white,180+2,d4 Nf6 c4 e6 Nf3 c5 g3 b6 Bg2 Bb7
1498,1490,white,60+2,e4 c5 Ne2 e6 Nbc3 a6 d3 h6 Be3 Nc6
1725,1550,white,120+1,d4 b5 e3 Bb7 Nf3 b4 g3 a5 Bg2 e6
1577,1444,black,300+0,d3 d5 e3 e5 a3 Nc6 h3 Nf6 b3 d4
1574,1609,white,600+7,e4 e5 Nf3 Nc6 d4 d5 exd5 e4 Qe2 Qxd5
1530,1402,white,420+2,e4 e5 d4 d6 d5 c6 Nc3 cxd5 Qxd5 Nc6
1351,1631,white,60+0,e4 e5 d3 c5 c3 Nc6 a3 Nf6 h4 d5
1347,1237,white,120+2,d4 e5 dxe5 Bc5 e3 Qe7 Nf3 f6 exf6 Qxf6
1817,1897,black,60+0,e4 e5 Nf3 Nc6 Bb5 Nf6 O-O Be7 Re1 O-O
1737,1679,white,180+5,e4 e5 Nf3 Nc6 Bb5 Bc5 O-O d6 c3 Bd7
1581,1500,white,240+0,e4 c5 f4 Nc6 Nf3 b6 Bb5 Bb7 O-O d5
1609,1627,white,420+3,d4 d5 Bf4 Nc6 e3 a6 Nc3 Nf6 Nf3 Ne4
1402,1500,black,660+6,e4 e5 Nf3 Nc6 Bc4 d6 d3 Nf6 Ng5 d5
1553,1525,black,180+0,d4 d5 Nc3 c6 Bf4 Nf6 Be5 e6 Bxf6 Qxf6
1336,1438,white,120+0,e4 d5 e5 f6 d4 Bf5 Nf3 e6 Nc3 Be7
1534,1377,white,180+0,e4 e5 f4 exf4 Nf3 d6 Bc4 h6 O-O g5
1500,1576,black,660+5,e4 g6 Nf3 Bg7 Bc4 e6 d4 Nc6 Nc3 Nge7
1482,1771,white,60+2,e4 e6 d4 d5 Nc3 c5 Nf3 cxd4 Qxd4 Nc6
1559,1611,black,60+0,b3 g6 Bb2 e5 Bxe5 f6 Bb2 Bh6 e3 d5
1407,1214,black,1800+5,d4 d5 c4 e6 e3 Nf6 Nc3 Bd6 cxd5 exd5
1544,1731,black,120+1,b3 e5 Bb2 d6 c4 Nc6 Nc3 Nf6 g3 g6
1006,1867,black,1200+0,e4 e6 f4 d5 d3 dxe4 dxe4 Qxd1+ Kxd1 Bc5
1421,1261,black,120+0,e4 e5 f4 d6 Nf3 exf4 d4 Nf6 Bd3 Nc6
1778,1880,white,180+0,d4 c5 e3 cxd4 exd4 g6 Nf3 Bg7 c3 d6
1577,1501,black,300+5,e4 c5 Nc3 Nc6 Bb5 Nf6 d4 cxd4 Bxc6 dxc3
1808,1383,white,0+2,e4 c5 Nf3 e6 d4 cxd4 Nxd4 Nf6 Nc3 Bb4
1650,1773,white,120+0,d4 d5 Nc3 c6 e4 dxe4 Nxe4 Nf6 Nxf6+ gxf6
1423,1353,white,120+0,d4 c6 f3 d5 h4 Nf6 g4 Be6 g5 Nh5
1609,1596,white,180+0,e4 e5 Nf3 d6 Bc4 Nc6 d3 Be6 Nbd2 Bxc4
1349,1435,black,360+0,d4 d5 Nf3 Nf6 e3 h6 Nc3 e6 Bd2 c5
1593,1621,white,60+0,d3 d5 c3 c5 e4 dxe4 dxe4 Qb6 Be3 Nf6
1228,1356,black,120+2,e4 e5 Bc4 d6 Qf3 Nf6 h3 Qe7 g4 Be6
1496,1422,black,300+3,b3 e5 Bb2 Nc6 e3 f5 Bb5 Bd6 Bxc6 dxc6
1500,1481,black,1500+8,e4 g6 Nf3 Bg7 Bc4 e6 O-O Ne7 d3 O-O
1797,1896,white,420+5,e4 g6 d4 Bg7 Nf3 d6 Bc4 Nf6 Ng5 O-O
1906,1922,black,60+0,e4 c5 Nf3 Nc6 d4 cxd4 Nxd4 Nf6 Nc3 e6
1826,1711,black,240+3,e4 e6 d4 d5 exd5 exd5 Bd3 Nf6 Nf3 h6
1372,1810,black,0+2,e4 c5 d4 cxd4 c3 dxc3 Nxc3 Nf6 Bc4 e6
1454,1399,black,240+1,d4 d5 Nf3 a6 a3 b5 b4 Nf6 e3 Ne4
1631,1726,white,300+1,e4 e5 Nf3 Nc6 Bc4 Be7 O-O Nf6 Re1 O-O
1509,1500,black,60+2,e4 e6 Ne2 d5 e5 c5 d4 Nc6 Bf4 Qb6
1178,1609,black,60+0,Nh3 d5 Ng5 h6 d4 hxg5 Bxg5 Nf6 Bxf6 exf6
1367,1540,black,180+0,e4 d6 Nf3 g6 d4 e6 Nc3 Bg7 a3 Ne7
1580,1679,black,120+3,e4 d6 d4 e5 dxe5 dxe5 Qxd8+ Kxd8 Nc3 Bb4
1892,1572,white,300+13,e4 e5 Nf3 Nc6 Nc3 Nf6 Bc4 h6 d3 d6
1440,1460,white,240+0,e4 e5 Bc4 Nc6 Qf3 Nd4 Qd1 Nf6 c3 Nc6
1367,1536,white,180+0,d4 d5 e3 Nf6 f4 Bg4 Nf3 e6 h3 Bxf3
1737,1572,white,120+1,d4 d5 e3 c5 Nf3 Nc6 Nc3 e6 Bd2 Nf6
1404,1171,white,120+0,e4 c5 f4 d6 d3 h6 Nf3 Nc6 Nc3 Nd4
1372,1611,black,60+0,e4 e5 d3 Bc5 f3 Nc6 a4 b6 c3 a5
1433,1388,black,1800+5,d4 d5 e3 e6 Qd3 Nf6 b4 Ne4 Qe2 Nc6
1471,1666,black,420+3,d4 d5 e3 e6 Nf3 Bb4+ c3 Ba5 Bd3 b6
1661,1600,white,120+0,d4 d5 h4 Nf6 Nc3 Bf5 Nf3 e6 h5 c5
1342,1432,white,120+0,d4 d5 Nf3 f6 e3 c6 Bd3 Nd7 Nc3 e5
1486,1427,black,900+0,e4 e5 Qf3 Bc5 d3 Nf6 Be2 d6 Qg3 O-O
1647,1514,black,600+7,e4 e5 Nf3 Nc6 Bc4 Nf6 Ng5 d5 exd5 Nxd5
1588,1643,white,240+0,e4 e5 Nf3 f5 exf5 e4 Ng1 d5 Qh5+ Kd7
1853,1869,black,1200+0,e4 e6 Nf3 d5 exd5 exd5 Be2 Nf6 d3 h6
1525,1361,black,240+0,e4 c5 Nf3 Nc6 d4 cxd4 Nxd4 b6 Nxc6 dxc6
1561,1461,white,300+0,d3 d5 e3 e5 a3 d4 e4 Nf6 h3 c5
1896,1615,draw,300+13,e4 d5 exd5 c6 dxc6 Nxc6 Bb5 Bd7 Nc3 a6
1426,1616,black,60+0,e4 e5 Nf3 Bc5 Bc4 Qf6 O-O d6 Nc3 Be6
1792,1866,black,180+0,d4 c5 e3 cxd4 exd4 g6 Nf3 Bg7 c3 d6
1204,1309,black,420+15,e4 e5 d4 exd4 Qxd4 Nc6 Qd1 Bb4+ c3 Bc5
1501,1679,black,60+2,e4 e6 Ne2 d5 e5 c5 d4 Nc6 Bf4 Qb6
1567,1668,white,300+5,e4 d6 d4 Nf6 Nc3 g6 Be3 Bg7 Nf3 O-O
1018,1245,black,240+6,e4 d6 Nc3 c6 d4 Nf6 d5 Bg4 f3 Bd7
1895,2114,black,60+0,e4 Nc6 d4 d6 d5 g6 dxc6 bxc6 Nf3 Bg7
1165,1409,black,120+0,d4 d5 e3 c5 h3 cxd4 Qxd4 Nc6 Qf4 e5
1182,1363,black,120+0,d4 c5 Nf3 cxd4 Nxd4 d5 e3 e5 Bb5+ Bd7
1340,1443,draw,360+0,d4 d5 Nf3 Nf6 Nc3 e6 e3 Bb4 Bd2 O-O
1812,1622,white,60+0,e4 e5 Nf3 b6 d4 exd4 Nxd4 Bc5 Nc3 Qf6
1566,1145,white,600+8,e4 e5 Nf3 Nc6 Bb5 a6 Bxc6 dxc6 O-O Be7
1364,1267,white,120+2,d4 d5 e3 c6 Nf3 e6 Nc3 Nf6 Bd3 Na6
1119,1193,black,360+0,d4 d5 e3 e6 Qf3 Nc6 c4 Nf6 Nc3 Bb4
1449,1498,black,240+0,e4 d6 Nf3 e6 d4 h6 d5 e5 Nc3 a6
1389,1299,white,60+2,e4 e5 Nf3 Bc5 Bc4 Qf6 Nc3 c6 h3 h6
1582,1194,white,660+5,d4 d5 e3 c6 c4 Be6 c5 Bf5 Nc3 e6
1412,1441,black,240+1,e4 d5 exd5 Qxd5 Nc3 Qd8 Qf3 h6 Bc4 e6
1433,1561,black,480+0,Nf3 d6 b3 e5 e4 Nf6 Ng1 Nxe4 Bd3 Nf6
1783,1811,white,420+5,e4 e5 Nf3 Nc6 Bc4 Bc5 a3 h6 Nc3 Nd4
1670,1530,white,120+0,e4 d6 d3 e6 Nc3 g6 g3 Bg7 f4 Nf6
1566,1744,white,120+1,d4 d5 c4 e6 Nc3 Nf6 Bg5 Be7 Nf3 O-O
1669,1521,black,120+0,d4 Nf6 Nc3 c5 Bg5 cxd4 Qxd4 Nc6 Qa4 e5
1414,1500,white,120+0,e4 e5 f4 exf4 Nf3 Bc5 d3 Nf6 h3 h5
1644,1584,white,180+0,d4 d5 Nf3 e6 e3 Nf6 Bd3 Bd6 c3 O-O
1418,1279,black,120+0,d4 d5 f3 e6 h4 Nc6 g4 f6 e4 Nge7
1499,1392,white,60+5,e4 e6 d4 d6 Bc4 c6 Qf3 d5 exd5 cxd5
1496,1747,black,60+2,e4 e6 Ne2 d5 exd5 exd5 d4 Nf6 Nbc3 c6
1818,1907,black,60+1,e4 e5 Nf3 f5 d3 Nc6 Nc3 Nf6 Bg5 h6
1751,1686,black,180+5,e4 d6 d4 f5 exf5 Bxf5 Nf3 Nf6 Nc3 e6
1541,1616,black,60+0,d4 d5 e3 f6 f4 c5 Nf3 cxd4 exd4 Nc6
1782,1621,black,600+0,Nf3 d5 d4 Bg4 e3 e6 Be2 Bb4+ Nbd2 Nc6
1391,1784,white,120+0,e4 e5 Nf3 Nc6 Bb5 d6 d4 exd4 Nxd4 Bd7
2032,2125,black,60+0,e4 e5 f4 exf4 Nf3 g5 Bc4 Bg7 O-O d6
1712,1835,black,300+1,e4 c5 d3 d6 c4 Nc6 Nf3 Bg4 Be2 Nf6
1707,1694,black,300+8,d4 d5 Nf3 Nf6 e3 c5 c4 cxd4 Nxd4 b6
1875,1783,white,180+0,e4 e6 Nf3 d5 exd5 exd5 d4 Nf6 Nc3 h6
1562,1346,white,1200+0,e4 c6 Bc4 d5 exd5 cxd5 Bb3 Bf5 Nf3 e6
1500,1290,black,120+0,e3 e5 Nc3 Bc5 d4 exd4 exd4 Bb6 Na4 Qf6
1599,1725,black,240+0,e4 e6 d4 d5 e5 c5 c3 cxd4 cxd4 Ne7
1512,1565,black,240+0,e4 e5 Nf3 d6 d4 Bg4 dxe5 Bxf3 Qxf3 dxe5
1805,1805,white,600+8,d4 d5 Bf4 Nf6 Nc3 c6 Nf3 e6 e3 h6
1436,1625,black,60+0,d4 d5 e3 f6 Bd3 Bg4 g3 Bxd1 Kxd1 Nc6
1523,1678,white,120+0,d4 d5 c4 e6 Nc3 Nf6 Bg5 Be7 Nf3 h6
1550,1375,white,600+0,e4 c5 Bc4 e6 Qf3 Nc6 Nc3 a6 b3 b5
1543,1474,white,240+0,e4 e5 Bc4 Nf6 Nf3 Bc5 Nxe5 Nxe4 Nxf7 d5
1396,1191,black,420+15,e3 d5 c4 Nf6 Nc3 e6 d4 Bb4 Qa4+ Nc6
1482,1316,black,300+3,b3 e5 Bb2 Nc6 e3 a6 d4 Bd6 dxe5 Nxe5
2133,1973,black,60+0,d4 e6 Nf3 d5 Bg5 Nf6 c4 Be7 Nc3 h6
1407,1631,draw,60+0,d4 d5 f3 Bf5 h4 g6 g4 Bh6 gxf5 Bxc1
1614,1585,black,600+8,e4 g6 d4 Bg7 Nf3 e6 Nc3 Ne7 Be2 O-O
1491,1486,white,60+2,e4 d6 Ne2 g6 Nbc3 Bg7 d3 Nf6 Be3 c5
1656,1630,black,120+0,d4 d5 Nc3 e6 e4 dxe4 Nxe4 b6 Bb5+ c6
1646,1579,black,240+0,d4 Nf6 c4 g6 Nf3 Bg7 Nc3 O-O e4 d6
1391,1568,black,600+8,e4 e6 d4 d5 exd5 exd5 Nc3 Nf6 Bg5 Be7
1797,1400,white,60+2,e4 e5 Nc3 Nc6 Bc4 Nf6 f4 h6 fxe5 Nxe5
1407,1373,white,120+2,g3 e5 Bg2 d6 e3 Nc6 Ne2 Bd7 Kf1 Nf6
1424,1576,black,120+0,e4 e6 d4 d6 c3 Nc6 Bb5 Bd7 Nf3 Nf6
1727,1583,black,120+1,d4 d5 e3 c5 Nf3 Nc6 Nc3 Bg4 Be2 e6
1572,1727,black,120+3,e4 e6 Nf3 d5 exd5 exd5 d4 Nf6 Nc3 c6
1809,1795,black,60+0,e4 e6 d4 d5 e5 c5 c3 Nc6 a3 Qb6
1574,1653,black,180+0,e4 c6 d3 d5 exd5 cxd5 Nf3 e6 Be2 Nf6
1899,1946,black,420+0,e4 c5 Nf3 e6 e5 Ne7 b3 g6 Bb2 Bg7
1474,1495,black,600+10,e4 e5 c3 Nc6 d3 Nf6 Bg5 Be7 h4 h6
1569,1390,white,300+0,d3 e5 e3 d5 a3 Nf6 h3 Nc6 b3 Bf5
1756,1239,white,600+0,Nf3 d5 d4 Nc6 e3 Bg4 Be2 Bxf3 Bxf3 e6
1763,1661,white,120+0,d4 d5 c4 e6 Nc3 Nf6 Bg5 Be7 e3 c6
1678,1532,black,540+9,e4 e5 Nf3 Nc6 Bc4 Bc5 Nc3 d6 h3 Nf6
1799,1795,black,420+5,e4 e5 Nf3 Nc6 Bc4 Bc5 d3 h6 Nc3 Na5
1465,1338,white,420+3,d4 d5 e3 c6 Nf3 f6 c3 Nd7 Bd3 e5
2069,2118,white,60+0,d4 d5 c4 e6 Nc3 Bb4 Nf3 c6 e3 dxc4
1413,1624,black,60+0,d4 d5 f3 Bf5 h4 Nc6 g4 Bg6 h5 Bxc2
1705,1732,white,300+1,e4 e6 Nf3 c6 d4 d5 e5 c5 c3 cxd4
1500,1393,white,300+0,f4 e5 g3 e4 d3 f5 Nc3 c6 dxe4 Bb4
1433,1642,white,420+0,g3 e5 Bg2 Bc5 c3 Qf6 e3 c6 Ne2 Nh6
1591,1645,black,240+0,e4 e5 Nf3 Nc6 Nc3 Nf6 Bc4 Bb4 Ng5 O-O
1361,1417,black,120+2,d4 g6 e4 Bg7 e5 e6 Nc3 Ne7 Nf3 O-O
1645,1699,draw,120+0,d4 f5 Nc3 e6 e3 Nf6 a3 Be7 Bc4 d5
1397,1812,white,60+2,e4 c5 c4 Nc6 d3 e6 Nd2 Qc7 b3 Nf6
1583,1416,white,120+0,e4 c5 Bc4 d6 Qh5 e6 e5 d5 Bd3 g6
1448,1500,black,300+8,e4 e5 Nf3 Nf6 Bc4 d5 exd5 Bg4 Nxe5 Bxd1
1343,1507,black,360+0,d4 f5 Nf3 d5 e3 Nf6 Nc3 e6 Bd2 Nc6
1711,1500,black,60+0,e4 d6 d4 g6 Nc3 Bg7 Nf3 e6 Bc4 Ne7
1401,1178,black,300+4,e4 e5 Nf3 Nc6 d4 exd4 c3 dxc3 Nxc3 d6
1775,1883,black,180+0,d4 c5 d5 d6 e4 g6 f3 Bg7 c3 e6
1322,1630,black,60+0,e4 e5 Nf3 Bc5 d4 exd4 Bc4 Nf6 Nbd2 Qe7
1568,1421,white,480+0,d4 e5 d5 Qf6 c4 h5 e4 h4 h3 Nh6
1501,1246,white,240+0,e4 e5 Nf3 Nc6 Bb5 d5 Bxc6+ bxc6 exd5 cxd5
1652,1772,white,120+0,e4 e5 d3 Bc5 Nc3 d6 Qe2 Be6 Be3 Bb6
1574,1546,black,600+8,e4 e6 Nf3 d6 d4 a6 b3 h6 Bd3 d5
1797,1812,white,0+2,e4 e6 d4 g6 e5 Bg7 Nc3 b6 Be3 Bb7
1512,1487,white,300+7,d4 c5 d5 e6 dxe6 fxe6 e3 e5 Bd3 d6
1537,1356,white,600+8,e4 e5 Nf3 Nc6 d3 Bc5 g3 h6 Bg2 Nf6
1367,1699,white,60+0,e4 e5 d3 Nc6 f3 Bc5 c3 Bxg1 Rxg1 Qh4+
1396,1476,black,660+6,e4 e5 Nf3 Nf6 Bc4 Nxe4 Nxe5 Qe7 d4 d6
1740,1674,white,1800+8,e4 e5 f4 exf4 Bc4 Bc5 d4 Bb6 Nc3 Qh4+
1368,1633,black,60+0,e4 e5 Nf3 Nc6 Bc4 Bc5 Nc3 f6 d4 exd4
1932,1787,white,60+0,c4 e6 e3 Nf6 Nf3 c6 Nc3 d5 d4 dxc4
1683,1614,white,240+0,e4 c5 Nf3 Nc6 Bb5 b6 d4 cxd4 Nxd4 Bb7
2106,2134,draw,60+0,d4 e6 Nf3 d5 Bg5 Nf6 e3 Be7 c4 c6
2130,2107,black,60+0,d4 d5 c4 e6 Nc3 Bb4 Nf3 dxc4 e3 b5
1502,1600,black,60+2,e4 e6 Ne2 d5 exd5 exd5 d4 Nf6 Be3 Bd6
1767,1963,black,180+0,d4 Nf6 Bf4 d6 Nf3 Nbd7 e3 g6 c3 Bg7
1562,1332,black,600+8,e4 g6 Nf3 Bg7 d4 Nc6 Be3 d5 Nc3 dxe4
1647,1678,black,120+0,d4 d5 Nf3 c5 h3 cxd4 Nxd4 Nc6 Nxc6 bxc6
1465,1513,black,300+3,b3 b6 Bb2 Bb7 e3 e6 Qg4 f6 Nf3 Bxf3
1581,1575,black,240+0,e4 e5 Nf3 d6 Nc3 Bg4 h3 Bh5 g4 Bg6
1893,1971,white,300+2,e4 e5 Nf3 Nc6 Bb5 a6 Ba4 Nf6 O-O Be7
1337,1408,black,360+0,d4 d5 Nf3 Nf6 e3 e6 Nc3 c5 dxc5 Bxc5
1387,1520,black,660+6,e4 e5 Nf3 d6 Bc4 c6 Bb3 Nd7 d3 h6
1506,1651,black,240+0,e4 d5 exd5 Qxd5 Nf3 Qe6+ Be2 Nc6 O-O Qg6
1720,1716,black,300+1,d4 e6 c4 Nc6 e3 Be7 Nf3 Nf6 Bd3 O-O
1538,1638,black,60+0,d4 d5 Nf3 e6 e3 f5 Bd3 g5 c3 g4
1807,1605,draw,0+3,e4 c5 Nf3 g6 d4 cxd4 Nxd4 Bg7 Nc3 Nc6
1575,1695,white,300+0,d3 e6 e3 d6 a3 c6 h3 Ne7 b3 Ng6
2119,2084,white,60+0,d4 e6 Nf3 d5 Bg5 Nf6 e3 Be7 c4 O-O
1648,1663,black,480+2,d4 d5 e3 Nf6 Bd3 Nc6 c3 Bd7 f4 e6
1938,1938,black,60+0,c4 c5 e3 Nc6 Nf3 e6 d4 cxd4 exd4 Nf6
1549,1267,white,540+9,e4 e5 Nf3 d6 d4 Nc6 Bb5 f6 d5 a6
1737,1843,draw,1800+0,e4 e5 Nf3 Nc6 Bc4 Bc5 a3 Nf6 d3 O-O
1549,1691,black,240+0,e4 c5 Nf3 d6 b3 Nf6 d3 g6 Bb2 Bg7
1634,1586,white,240+0,d4 e6 c4 d6 Nf3 c6 e4 h6 Nc3 g5
1540,1627,white,240+0,e3 d6 d3 c6 h3 Nf6 g4 e5 Bg2 Be6
1591,1542,black,180+0,e4 c5 Nc3 e6 g3 Nc6 Bg2 Nf6 Nge2 d5
1402,1281,white,180+8,e4 e5 Nf3 Nf6 Nxe5 d5 Qe2 dxe4 d3 exd3
1669,1159,white,0+1,d3 c5 e3 d6 Nf3 a6 Be2 Nc6 O-O e5
1131,1266,white,720+8,d4 e6 e4 c5 c3 d6 Bd3 e5 Nf3 a6
1689,1637,black,120+0,e4 b6 d4 Ba6 Bxa6 Nxa6 Qe2 Nb4 e5 Nc6
1946,1629,black,300+0,e4 Nc6 Nf3 e5 Bc4 Nf6 Ng5 Bc5 Nxf7 Qe7
1608,1736,white,120+1,d4 e6 c4 Nf6 Nc3 d5 Bg5 Be7 e3 h6
2048,2128,black,60+0,e4 e5 f4 exf4 Nf3 g5 Bc4 Bg7 d4 d6
1479,1420,black,60+2,e4 e5 Nf3 Nc6 d4 exd4 Nxd4 Nxd4 Qxd4 d6
1955,1927,white,60+0,e4 d5 Nc3 d4 Nce2 c5 Nf3 Nc6 Ng3 e6
1212,1376,black,420+15,Nf3 e6 d4 c6 e4 d5 e5 f6 g3 Qa5+
1554,1558,white,540+0,d4 d5 Nf3 e6 e3 a6 a3 Bd6 Nc3 c6
1587,2013,black,180+0,e3 c5 d3 d5 g3 Nc6 Bg2 e5 Ne2 Be6
1890,1842,black,420+0,e4 c5 Nf3 d6 Bb5+ Nc6 Bxc6+ bxc6 b3 Bg4
1433,1566,black,300+8,d4 Nc6 e3 e5 d5 Nce7 e4 Ng6 a3 a6
1622,1903,black,120+1,d4 Nf6 c4 e6 Nc3 Bb4 Bg5 c5 dxc5 Qa5
1762,1996,black,180+0,d4 Nf6 Bf4 c5 e3 d5 c3 Qb6 Qb3 Nc6
1802,2018,black,180+2,c4 e5 Nc3 Nf6 g3 Nc6 Bg2 d6 d3 g6
1577,1545,black,300+8,e4 Nf6 e5 Nd5 Bc4 Nb6 Bb3 c5 Nc3 c4
1579,1405,black,360+0,e4 c5 Nf3 Nc6 e5 e6 Bb5 a6 Bxc6 dxc6
1708,1564,black,600+5,e4 e5 Nf3 d6 d4 exd4 Nxd4 Bd7 Nc3 Nc6
1598,1384,black,600+8,d4 d5 e3 e6 c4 c5 Nc3 cxd4 exd4 Nc6
1610,1692,black,300+0,d4 Nf6 c4 g6 Nc3 Bg7 e4 d6 f4 b6
1611,1800,white,0+3,e4 c5 Nf3 d6 Nc3 Nf6 d4 cxd4 Nxd4 a6
1632,1431,white,900+0,e4 d5 e5 Nc6 d4 f6 Bf4 g5 Bg3 h5
1507,1613,black,120+0,e4 e5 Nf3 Nc6 d4 exd4 Nxd4 Bc5 Nxc6 bxc6
1917,1970,black,60+0,e4 c5 Nf3 Nc6 d4 cxd4 Nxd4 Nf6 Nc3 e6
2137,2020,white,60+0,d4 e6 Nf3 d5 Bf4 Nf6 e3 Bd6 Bg5 O-O
1328,1153,black,360+0,d4 d5 Nf3 Nc6 e3 Bg4 Nc3 Bxf3 Qxf3 Nf6
1588,1581,black,300+1,e4 c5 Bc4 d6 a3 e6 d3 Nc6 c3 Nf6
1499,1291,white,240+0,e4 c6 Nf3 d5 exd5 cxd5 Bb5+ Bd7 Bxd7+ Qxd7
1698,1507,white,240+0,e4 e5 Nf3 d6 Bc4 Bg4 c3 Qf6 d4 Bxf3
1251,1351,black,1500+0,d4 d5 e3 Nc6 Nf3 e6 Be2 Nf6 b3 Ne4
1411,1575,black,480+0,e3 e5 b3 Nf6 Ba3 Bxa3 Nxa3 O-O Nf3 e4
1436,1465,black,60+2,e4 c5 Nf3 e6 Bc4 Nf6 d4 cxd4 Nxd4 a6
1998,2145,draw,60+0,e4 e5 f4 exf4 Nf3 g5 Bc4 Bg7 h4 g4
1983,1907,white,60+0,e4 d5 Nf3 dxe4 Ng5 Nf6 Nc3 e6 Ngxe4 Be7
1561,1544,white,600+8,e4 e6 d4 d5 exd5 exd5 Nf3 Bd6 Nc3 c6
1761,1685,white,900+5,e4 e5 Nf3 Nc6 Bc4 Nf6 Ng5 Bc5 Bxf7+ Kf8
1656,1158,white,120+0,e4 c5 d3 d6 Nc3 e5 g3 a6 f4 exf4
1454,1285,white,300+3,b3 e5 Bb2 Nc6 e3 d5 Bb5 Ne7 Bxc6+ Nxc6
1889,1870,white,420+9,d4 d5 Nf3 Nf6 g3 e6 Bg2 c5 c4 dxc4
1679,1591,black,300+0,e3 e6 d3 d6 Ne2 a6 c3 h6 Nd2 b6
1212,1408,black,180+8,e4 e5 d4 exd4 Qxd4 Nc6 Qd5 Nf6 Qg5 Nxe4
1429,1585,white,0+10,d4 e6 Nf3 d6 Bg5 b6 Bxd8
1504,1614,white,240+0,e4 e5 Nf3 Nc6 Bb5 d6 Bxc6+ bxc6 d4 exd4
1562,1628,white,300+8,e4 e5 Bc4 Nf6 Qf3 c6 d3 d5 exd5 cxd5
1522,1641,white,300+7,d4 e6 e4 d5 exd5 exd5 Bd3 Be7 Qe2 Nf6
1670,1668,white,0+1,d3 d5 e3 e6 Nf3 Nf6 Be2 b6 O-O c5
1630,1699,draw,420+0,e4 e6 Nf3 d5 exd5 exd5 d4 Nf6 a3 c5
1907,1618,white,120+1,e4 e6 Nf3 d5 e5 c5 b4 a6 bxc5 Bxc5
1569,2025,black,180+0,e3 c5 d3 b6 g3 Bb7 Nf3 Nc6 Bg2 Ne5
1714,1783,white,0+3,d4 Nf6 Bf4 g6 Nf3 Bg7 e3 d6 c3 O-O
1643,1703,black,240+0,d4 g6 c4 Nf6 Nc3 Bg7 e4 d6 Nf3 O-O
1504,1500,white,300+0,d4 d5 Nc3 e6 Nf3 Bb4 Bg5 Bxc3+ bxc3 Ne7
1314,1575,white,420+0,e4 e5 Nf3 d6 Nc3 Nc6 d3 Nf6 Be3 d5
1282,1624,black,420+0,e4 e5 d4 exd4 Qxd4 d6 Nc3 Nf6 Bg5 Be7
1682,1874,black,0+1,e3 e6 d3 c5 Nf3 d5 Be2 Nc6 O-O Bd7
1898,1995,white,60+0,e4 c5 Nf3 Nc6 d4 cxd4 Nxd4 Nf6 Nc3 e6
1314,1196,white,360+0,d4 d5 Nf3 Bg4 e3 a6 Nc3 Nc6 Bd2 Nf6
1375,1075,white,300+4,e4 b6 Nc3 e5 Nf3 Bc5 Bc4 Nf6 Ng5 O-O
2140,2010,white,60+0,d4 e6 Nf3 d5 Bf4 Nf6 e3 Bd6 Bg5 O-O
1473,1491,black,900+0,e4 e5 Qf3 Nf6 d3 Nc6 c3 Be7 Be2 O-O
1156,1658,black,120+0,d4 d5 e3 e6 h3 Nf6 a3 b6 Nc3 c5
1461,1356,white,300+3,b3 e6 Bb2 Nc6 e3 Nf6 Bb5 Be7 Bxc6 dxc6
1593,1619,black,240+0,e4 c5 Bc4 d6 Qf3 e6 a3 Nc6 Bb5 Bd7
1581,1401,white,480+0,d4 e5 d5 h6 e4 c6 c4 Bc5 a3 Nf6
1771,1755,black,180+0,d4 d5 Bf4 c6 a3 e6 e3 Nf6 Qf3 Be7
1359,1234,white,1500+0,Nf3 d5 d4 e6 Bf4 Nf6 Qd3 Bd6 Qd2 O-O
1976,1912,black,60+0,e4 d5 Nc3 d4 Nce2 c5 Nf3 Nc6 Ng3 e6
1614,1911,black,120+1,d4 Nf6 c4 e6 Nc3 Bb4 a3 Bxc3+ bxc3 c5
1817,2195,black,120+0,d4 d5 c4 e6 Nc3 f5 cxd5 exd5 Nf3 Nf6
1256,1536,black,300+8,e4 e5 Nf3 Nc6 d3 f5 exf5 Nf6 Qe2 Bc5
1769,1676,white,0+3,e4 e6 d4 d6 f4 Nf6 Nc3 Be7 Bd3 O-O
1724,1957,white,180+3,e4 e6 Nc3 d5 exd5 exd5 d4 c6 Qe2+ Qe7
1991,2148,black,60+0,d4 d5 c4 e6 Nc3 Bb4 Nf3 dxc4 g3 b5
1514,1567,white,240+0,e4 e5 Bc4 b6 Qf3 Bb7 Qxf7#
1476,1423,white,60+2,e4 e5 Nf3 Nc6 d4 exd4 Nxd4 Nxd4 Qxd4 c5
1705,1872,white,180+5,e4 Nc6 d4 Nf6 e5 Nd5 c4 Nb6 Nc3 d6
1658,1482,white,120+0,e3 c5 g3 Nc6 Bg2 Qc7 b3 e6 Bb2 b6
1422,1564,white,360+0,c4 e5 Nf3 e4 Nd4 d5 cxd5 Qxd5 e3 Bc5
1464,1544,black,900+1,e4 e5 Nf3 d6 Nc3 Nf6 Bc4 Bg4 h3 Bh5
1653,1510,black,840+4,e4 c5 Bc4 e5 Nf3 h6 Nxe5 Qe7 Qh5 g6
1413,1369,black,300+8,e4 c5 Bc4 e6 e5 Nc6 Nf3 a6 a4 Be7
1887,1729,white,300+13,e4 d5 Nf3 dxe4 Ng5 Nf6 Nc3 e3 fxe3 h6
1554,1527,black,240+0,d3 b6 e3 Bb7 Nf3 g6 Nbd2 Bg7 g3 d6
1634,1713,black,240+0,d4 g6 c4 Bg7 Nf3 Nf6 e3 O-O Bd3 d6
1925,1959,black,60+0,e4 c5 Nf3 Nc6 d4 cxd4 Nxd4 Nf6 Nc3 e6
1878,2059,white,420+0,e4 e5 Nf3 Nc6 d4 exd4 Bb5 Bc5 O-O Nge7
1627,1062,white,420+0,e4 e5 Qh5 Bd6 Bc4 g6 Qf3 Nf6 d3 Nc6
1770,1573,white,600+0,e4 e5 Nf3 d6 Bc4 f6 c3 g5 d4 Bg4
1659,1154,white,120+0,e4 c5 d3 d6 Nc3 a6 g3 h6 f4 e5
1494,1500,black,60+2,e4 e5 Ne2 g6 Nbc3 Bg7 d3 Nf6 Bg5 Nc6
1379,1207,black,660+6,e4 e5 Nf3 Nc6 Bc4 Nh6 d3 g6 Ng5 Be7
1327,1524,white,300+0,e4 e5 Bc4 Nf6 Nf3 h6 Nxe5 d5 exd5 Nxd5
1559,1436,white,240+0,e4 d5 exd5 Qxd5 Nc3 Qa5 Nf3 Bg4 Be2 h5
2154,1975,black,60+0,d4 e6 Nf3 d5 Bf4 Nf6 e3 Bd6 Bg5 O-O
1464,1628,black,900+0,e4 b6 Qf3 e6 d3 Nc6 c3 Nf6 Be3 d5
1577,1650,black,300+1,e4 c5 Bc4 d6 a3 e6 Nf3 Nc6 c3 a6
1806,1788,white,420+5,e4 e5 Nf3 Nc6 Bc4 Bc5 a3 d6 Nc3 Nd4
1815,2198,black,120+0,e4 c5 Nf3 Nc6 d4 cxd4 Nxd4 e5 Nb5 d6
1915,1610,black,120+1,d4 c6 c4 d5 Nc3 Nf6 Nf3 Bg4 Qb3 Bxf3
1972,1915,black,60+0,e4 d5 Nf3 dxe4 Ng5 Qd5 d3 exd3 Bxd3 h6
1795,1540,black,300+8,e4 e5 Nf3 Nc6 Bc4 Nd4 O-O Bd6 c3 b5
1667,1778,white,0+3,d3 Nf6 e3 g6 Nf3 Bg7 Be2 d6 O-O O-O
1667,1770,white,900+5,e4 e5 f4 exf4 Nf3 g5 h4 g4 Ng5 h6
1417,1697,white,900+0,d4 d5 Nc3 Nf6 Nf3 e6 e4 c6 e5 Nh5
1614,1573,white,900+10,e4 e5 Nf3 Nc6 Bb5 Nge7 O-O a6 Ba4 b5
1485,1271,black,180+5,e4 e6 f4 Be7 Qh5 g6 Qg4 Nf6 Qg5 Nxe4
1457,1664,white,120+0,e4 e6 d4 d5 Nd2 Bb4 c3 Ba5 Bd3 Bb6
2013,2138,black,60+0,e4 e5 f4 Nc6 Nf3 exf4 Bc4 g5 O-O Bg7
1153,1660,black,120+0,d4 d5 e3 e6 h3 Nf6 a3 b6 Nc3 Nbd7
2145,1997,white,60+0,d4 e6 Nf3 d5 Bf4 Nf6 e3 Bd6 Bg5 O-O
1763,1672,white,0+2,e4 e5 Nf3 Qe7 Nc3
1948,1943,black,300+2,e4 e5 Nf3 Nc6 Bb5 a6 Ba4 Nf6 O-O Be7
1700,1665,black,1200+5,d4 d5 Bg5 h6 Bh4 g5 Bg3 Nc6 e3 h5
1527,1663,black,900+3,e4 e5 Nf3 Nc6 Bb5 a6 Bxc6 dxc6 Nc3 Bd6
1912,1709,white,300+0,e4 e6 d4 c5 Nf3 Nc6 d5 exd5 exd5 Nb4
1538,1552,black,300+8,e4 d6 d4 Nf6 e5 dxe5 dxe5 Qxd1+ Kxd1 Ng4
1526,1572,black,360+5,e4 c5 Nc3 Nc6 Bb5 Nf6 Bxc6 bxc6 d3 d5
1855,1728,white,300+1,e4 e5 Nf3 Nc6 Bb5 d6 Rf1 Be7 Nc3 Nf6
1713,1439,white,180+5,f4 f5 Nf3 e6 Nc3 h6 e4 g5 exf5 exf5
1469,1348,white,300+3,b3 e5 Bb2 f6 e3 Nc6 Ne2 Qe7 d4 d6
1631,1894,black,120+1,c3 d5 d4 Nf6 Bg5 c5 Bxf6 gxf6 Nf3 Qb6
1647,1521,white,120+0,e3 b6 d4 Bb7 Nf3 f5 g3 Nf6 Bg2 e6
1499,1261,white,180+0,d4 d5 Nc3 Nc6 Bf4 f6 Nb5 e5 dxe5 fxe5
1770,1880,white,0+2,e4 Nf6 e5 Nd5 c4 Nb6 d4 d6 f4 e6
1928,1955,white,60+0,e4 c5 Nf3 Nc6 d4 cxd4 Nxd4 Nf6 Nc3 e6
2020,1969,white,300+0,d4 Nf6 Nf3 e6 c4 b6 a3 Bb7 Nc3 d5
1524,1643,black,-,e4 e5 Qf3 Nf6 Ne2 d5 Nec3 d4 Nd5 c6
1983,2152,white,60+0,e4 e5 f4 Nc6 Nf3 exf4 Bc4 g5 h4 g4
1564,1814,black,600+0,e4 e5 Nf3 Nc6 Bb5 Nf6 Bxc6 dxc6 d3 Bd6
1462,1515,black,480+15,d4 d5 Nc3 Nf6 Nf3 Nc6 e3 Bg4 Be2 e6
1626,1541,black,240+0,d4 d5 c4 dxc4 e4 e6 Bxc4 Bd7 Nf3 Nc6
1662,1940,black,120+0,e4 c5 d3 Nc6 Nc3 d6 g3 g6 f4 Bg7
1392,1578,black,300+7,e4 e5 Bc4 Nf6 f3 Bc5 Nh3 d5 Bxd5 Nxd5
1936,1721,black,180+3,e4 c5 c3 d6 Nf3 g6 d4 cxd4 Nxd4 Bg7
1704,1924,black,300+0,d4 Nf6 c4 g6 e3 Bg7 Nf3 O-O Bd3 d6
1486,1812,black,60+2,e4 d6 Ne2 Nf6 Nbc3 g6 d3 Bg7 Bg5 O-O
1583,1500,white,240+0,e4 b6 Bc4 Bb7 d3 e6 c3 Nf6 Bg5 Be7
1258,1583,black,360+6,e4 e5 Nf3 Nc6 Bc4 Nf6 Ng5 Bc5 Nxf7 Bxf2+
1669,1661,draw,1200+1,e4 e5 Bc4 Bc5 Qh5 Qf6 Nf3 g6 Qxe5+ Qxe5
1790,1564,white,240+4,e4 e5 Nc3 Nf6 f4 exf4 Nf3 h6 e5 Ng4
1363,1652,white,660+6,e4 e5 Nf3 Nf6 Nxe5 Nxe4 Bc4 Qe7 Qe2 Nc6
1374,1748,black,180+5,e4 e6 Bc4 Qg5 Nf3 Qxg2 Rf1 Nf6 d4 Nxe4
1563,1607,black,300+8,e4 e5 a3 f5 Nc3 Nf6 Bd3 Bc5 h3 O-O
1586,1493,black,600+7,e4 d6 Nc3 e6 d4 h6 Qe2 Nf6 d5 exd5
1785,1683,white,60+1,e4 e6 d4 d6 f4 Nf6 Nc3 Be7 Bd3 O-O
1744,1519,white,180+0,d4 d5 Bf4 e6 Nc3 Bd6 Bxd6 Qxd6 e3 b6
1494,1460,white,900+0,e4 c5 Nf3 Nc6 d4 cxd4 Nxd4 Nxd4 Qxd4 d6
1916,1865,white,60+1,e4 Nf6 e5 Nd5 Nc3 Nb6 d4 d6 Nf3 N8d7
1581,1616,black,300+8,e4 e5 Bc4 Nf6 d3 d5 exd5 Nxd5 Qf3 c6
1899,1626,white,120+1,e4 c6 d4 d5 f3 Nd7 Nc3 e6 Bf4 Ne7
1945,1658,draw,120+0,e4 d5 exd5 Qxd5 Nc3 Qe6+ Be2 Nc6 d4 Qg6
1717,1576,white,240+4,e4 e5 Nf3 d6 Bc4 Bg4 h3 Bh5 Nc3 a5
2136,2016,white,60+0,e4 e6 Nf3 d5 exd5 exd5 d4 Nf6 Be3 Bd6
1691,1596,black,1800+0,e4 c5 d4 e6 dxc5 Bxc5 Nf3 Nc6 Nc3 Nf6
1317,1327,black,420+0,e4 c5 h3 Nc6 g4 Qc7 d3 e5 c3 d6
1584,1143,black,300+0,e4 c5 Nf3 d6 Bc4 h6 h3 e5 O-O a6
1674,1793,black,0+1,e3 d5 d3 e5 Nf3 Nc6 Be2 Nf6 O-O Bd6
1266,1387,black,240+30,e4 Nc6 d4 Nf6 e5 Ne4 Bc4 d6 exd6 cxd6
1935,1699,white,300+0,e4 e5 Nf3 Nc6 Bc4 h6 d4 exd4 O-O Nf6
1741,1500,white,60+0,e4 d5 exd5 Qxd5 Nc3 Qd8 Nf3 Nf6 d4 Nc6
1635,1696,black,600+0,e4 Nf6 Nf3 d5 e5 Ne4 d3 Nc5 d4 Ne6
1367,1254,black,1200+0,Nf3 e6 d4 Nf6 Bf4 Bd6 Bg5 Be7 Qd2 h6
1655,1691,black,120+0,e3 e5 g3 d5 d4 e4 f3 f5 fxe4 fxe4
1563,1392,white,1200+5,e4 e5 Nf3 Nc6 Bc4 Nh6 d3 d6 a3 Nd4
1472,1555,white,300+0,e4 e5 Bc4 Nf6 Nf3 Bc5 Nxe5 O-O d3 d6
1801,1666,white,0+1,e4 e6 d4 d6 f4 Nf6 Nf3 Be7 Bd3 O-O
1322,1360,black,360+0,d4 b6 Nf3 Bb7 Nc3 e6 e3 Nf6 Bd2 Ne4
1622,1903,black,120+1,e4 c6 Nf3 d5 e5 Bg4 Be2 e6 d4 Nd7
1954,2031,black,300+0,d4 d5 c4 c6 Nc3 Nf6 cxd5 cxd5 Nf3 Nc6
1659,1808,black,0+1,d3 e5 e4 d6 Nf3 Nf6 Be2 Bg4 Bg5 Be7
1382,1403,black,600+8,e4 e5 d4 exd4 Qxd4 Nc6 Qd3 Nf6 Nf3 d6
1692,1861,black,600+5,e4 e5 Nf3 Nc6 Bb5 a6 Ba4 Nf6 O-O Be7
2200,1966,white,60+0,d4 Nf6 c4 e6 Nc3 Bb4 e3 b6 Qc2 Bb7
1622,1586,black,300+8,d4 d6 e3 b6 Nf3 Bb7 c4 c5 Nc3 cxd4
1267,1554,white,600+0,e4 e5 c4 Qh4 Nc3 Nf6 Nf3 Qg4 Nxe5 Qf4
1735,1695,white,240+0,e4 e6 Nf3 d5 exd5 exd5 d4 c5 Be2 Nf6
1540,1205,black,300+8,e4 e6 d4 b6 Nf3 Bb7 Nc3 Bb4 Bd3 Bxc3+
1745,1621,white,60+0,e4 e5 Nf3 Nc6 Bc4 h6 c3 Nf6 Qb3 d5
1570,1725,draw,240+4,e4 c5 d4 cxd4 Qxd4 Nc6 Qd5 e6 Qd2 Nf6
1666,1936,black,120+0,e4 c5 d3 Nc6 Nc3 e6 g3 Nf6 f4 d5
1771,1766,black,180+5,f4 c5 Nf3 Nc6 e3 d5 Bb5 e6 O-O Bd7
1815,1652,white,0+1,e4 e6 d4 d6 f4 Nf6 Nc3 Be7 Bd3 O-O
1811,1647,white,300+2,e4 c6 d4 d5 Bd3 dxe4 Bxe4 Nf6 Bf3 Bf5
1452,1559,white,300+8,e4 e5 Nc3 f5 exf5 Nf6 Be2 Bc5 Bh5+ Kf8
1784,1720,white,300+1,e4 e5 f4 exf4 Nf3 Bd6 Bc4 Be7 d4 Nf6
1674,1579,white,660+5,e4 g6 Bc4 e6 d3 Bg7 c3 Ne7 Be3 O-O
1755,1628,white,180+0,d4 d5 Bf4 e6 a3 c5 e3 cxd4 Qxd4 Nc6
1961,2206,draw,60+0,e4 c5 Nf3 Nc6 b3 e6 Bb2 Nf6 e5 Nd5
1478,1584,black,300+7,e4 e5 Nf3 Nc6 c3 d5 Qa4 dxe4 Qxe4 Nf6
1645,1822,white,0+1,d4 Nf6 e3 g6 Nf3 Bg7 Bd3 d6 O-O O-O
1495,1668,black,600+0,d4 Nf6 Bf4 Nh5 Nh3 d6 e4 Bxh3 gxh3 Nxf4
1753,1855,white,60+0,e4 Nf6 e5 Nd5 d4 Nb6 Nf3 d6 exd6 N8d7
1539,1559,white,240+0,e4 e5 Bc4 Nf6 Qf3 h6 Ne2 Nc6 a3 a6
1805,1662,white,0+1,e4 e6 d4 d6 f3 Nf6 Nc3 Be7 Be3 O-O
1477,1341,black,300+3,b3 e6 Bb2 Nc6 e3 Nf6 Bb5 Qe7 Bxc6 dxc6
1583,1799,black,720+10,e4 e6 Nf3 c5 d4 cxd4 Nxd4 Nc6 Nxc6 bxc6
1520,1874,black,900+0,e4 e5 Nf3 Nc6 Bc4 Nf6 Nc3 Bb4 O-O d6
2198,1968,white,60+0,d4 Nf6 c4 e5 dxe5 Ng4 e3 Nxe5 Nc3 Nbc6
2084,1931,white,300+6,d4 Nf6 c4 e6 Nc3 d5 Bg5 Be7 e3 O-O
1778,1816,black,420+5,e4 e5 Nf3 Nc6 Bc4 Bc5 d3 h6 Nc3 Nf6
1829,1884,black,180+1,e4 e5 f4 exf4 Nf3 Be7 h4 Nf6 d4 d5
1701,1508,white,300+8,e4 e5 f4 exf4 Nf3 g5 Bc4 d6 O-O Bg4
1655,1812,white,0+1,d3 d5 e3 e5 Nc3 Nc6 Bd2 Nf6 Nf3 Be6
1841,1768,white,60+0,d4 e6 Nf3 d5 g3 c5 c4 cxd4 cxd5 exd5
1645,1613,white,120+0,e3 e5 d4 e4 h3 d5 g3 Nf6 Ne2 Bd6
1535,1698,black,180+5,e4 e6 d4 d5 Nc3 Bb4 Bb5+ c6 Bd3 dxe4
1783,1169,white,300+0,e4 c5 Nf3 d6 d4 a6 d5 e5 dxe6 Bxe6
1941,1925,white,60+0,e4 e5 Nc3 f5 Nf3 d6 d4 fxe4 Nxe5 dxe5
1620,1542,white,120+2,e4 e6 d4 d6 c4 Nd7 Nf3 b6 Nc3 Bb7
1963,2204,black,60+0,Nf3 c5 g3 Nc6 Bg2 d5 O-O e6 d3 g6
1605,1395,black,600+0,e4 c5 Bc4 e6 d3 a6 Nc3 b5 Bb3 Bb7
1680,1575,white,120+0,e4 d5 exd5 Qxd5 c4 Qa5 Nc3 c6 d4 Nf6
1510,1092,white,300+8,e4 Nf6 Nc3 a6 e5 Ng8 Nf3 b5 d4 c6
1572,1506,black,600+7,e4 c5 Nc3 d6 Nf3 Nc6 d4 cxd4 Nxd4 e5
1796,1672,white,0+1,e4 e6 d4 d6 f4 Nf6 Nf3 Nxe4 Nc3 Nxc3
1464,1382,black,600+10,e4 c5 c3 e6 Na3 a6 Nc4 Nc6 d3 b5
1812,1712,black,300+1,e4 e5 f4 exf4 Nf3 Nc6 Bc4 Be7 d3 Nf6
1758,1850,draw,60+0,e4 c5 Nf3 Nc6 c3 e5 d4 cxd4 cxd4 Bb4+
1621,1524,white,540+5,e4 e5 Nf3 Nc6 d4 Nf6 d5 Na5 Bg5 Be7
1915,1954,black,60+0,e4 c5 d4 cxd4 c3 Nc6 Nf3 dxc3 Bc4 d6
1731,2001,white,60+0,d4 e6 Bf4 d5 e3 Nf6 Nf3 Bd6 Bxd6 Qxd6
1664,1804,black,0+1,d4 Nf6 e3 g6 Nf3 Bg7 Be2 d6 O-O O-O
1547,1950,black,300+8,d4 d5 e3 c6 Nf3 e6 c4 f5 Nc3 Bd6
1811,1657,black,0+1,e4 e6 d4 d6 f4 Nc6 Bd3 Nf6 Be3 d5
1597,1530,white,420+7,d4 d5 c4 Nf6 cxd5 Nxd5 Nc3 Nf6 e4 Bg4
2209,1958,white,60+0,d4 b5 c4 bxc4 e3 d5 Nd2 e6 Qc2 Nf6
1491,1574,black,300+0,d4 d5 Nc3 e6 Nf3 Bb4 e4 Bxc3+ bxc3 c6
1483,1500,white,60+2,e4 e5 Ne2 Nf6 Nbc3 Bb4 d3 d6 Bg5 Be6
1673,1795,black,0+1,e4 c5 d4 cxd4 Qxd4 Nc6 Qd3 d6 Nc3 Nf6
1314,1383,black,360+0,d4 e6 Nf3 Bb4+ Bd2 a5 e3 c6 Bxb4 axb4
1269,1420,black,360+6,e4 e5 Nf3 d6 Bc4 Be6 Na3 Nf6 Ng5 Bxc4
1529,1636,black,120+1,f4 d5 Nf3 Bf5 d4 Nc6 e3 Nb4 Na3 e6
1552,1671,black,900+3,e4 e5 Nf3 Nc6 Bc4 Be7 Nc3 Nf6 d4 Nxd4
1847,1761,black,60+0,d4 e6 g3 d5 Nf3 c5 c4 cxd4 cxd5 exd5
1966,1905,black,60+0,e4 e5 Nf3 f5 Nxe5 Nc6 d4 Nf6 Nxc6 dxc6
1611,1623,black,420+3,g3 e5 Bg2 d5 b3 c5 Bb2 Be6 Bxe5 Nc6
1966,1751,white,60+0,e4 d5 exd5 Qxd5 Nc3 Qe5+ Be2 Bg4 h3 Bxe2
1929,1820,white,180+1,e4 c6 d3 d5 Nd2 e6 g3 Nd7 Bg2 Qc7
1567,1421,white,300+8,e4 e6 d4 d6 Nf3 Ne7 e5 Nd7 exd6 cxd6
1567,1481,white,120+0,d4 d5 c4 e6 e3 Nf6 Nf3 Nbd7 Nc3 c5
1637,1945,black,300+2,e4 e5 Nf3 Nc6 Bc4 Nf6 Nc3 h6 d4 exd4
1802,1665,white,0+1,e4 e6 d4 d6 f4 Nf6 Nf3 Nxe4 Bd3 Nf6
1725,1701,white,300+1,e4 e5 Nf3 Nc6 d3 Nf6 c4 g6 a3 Bg7
1590,1855,white,360+9,e4 f5 e5 d6 d4 dxe5 dxe5 Qxd1+ Kxd1 e6
1596,1603,white,60+0,e3 e5 Qf3 Nf6 e4 Nc6 Nh3 h6 Bc4 d5
1520,1522,white,180+0,e4 e5 Nf3 Nc6 Nc3 Nf6 Bb5 Nd4 O-O Nxb5
1918,1950,black,60+0,e4 c5 d4 cxd4 c3 d3 Nf3 Nc6 Bxd3 d6
2040,1582,white,300+0,d4 Nf6 Nf3 g6 Bg5 Bg7 Nc3 h6 Bh4 d5
1658,1809,black,0+1,d4 Nf6 e3 g6 Nf3 Bg7 Be2 d6 O-O O-O
1547,1455,white,300+5,e4 e6 d4 d6 Nf3 c6 a3 Qa5+ c3 Nf6
1944,1764,white,60+0,e4 d5 exd5 Qxd5 Nc3 Qe5+ Be2 Bg4 h3 Bxe2
1953,1535,draw,300+8,e4 e5 f4 d6 Nf3 exf4 Bc4 Nf6 d3 Be6
1602,1529,white,300+3,e4 d5 exd5 Nf6 c4 c6 dxc6 Nxc6 Nf3 Bg4
1745,1976,white,60+0,d4 e6 Bg5 d5 Bxd8 Kxd8 e3 Nf6 Nf3 Bd6
1363,1336,white,480+6,e4 e5 Nf3 Nc6 d4 f6 Bb5 d5 Bxc6+ bxc6
1491,1741,white,60+2,e4 e5 Ne2 Nc6 Nbc3 Nge7 d3 g6 Bg5 Bg7
1771,1728,black,180+0,d4 e6 Bf4 Nf6 a3 c5 e3 cxd4 Qxd4 Nc6
1685,1665,white,240+0,d4 d5 Nf3 Bf5 e3 e6 c4 dxc4 Bxc4 Be7
1962,1908,black,60+0,e4 e5 Nf3 f5 Nxe5 Nc6 d4 Qe7 Bf4 g5
1777,1756,black,540+0,d4 Nf6 c4 e6 Nc3 Bb4 Nf3 d5 e3 c5
1592,1608,draw,60+0,e4 e5 Bc4 Nc6 Qh5 Qe7 Nf3 g6 Qh4 Qxh4
1860,1797,white,180+0,e4 e5 Nf3 d6 d4 Nd7 dxe5 dxe5 Bc4 c6
1816,1651,white,0+1,e4 e6 d4 d6 f4 Nf6 Nc3 Be7 Bd3 O-O
1170,1168,black,240+6,e4 c5 e5 e6 d4 cxd4 Qxd4 Nc6 Qe4 h6
1461,1376,white,300+3,b3 e5 Bb2 Nc6 e3 Nf6 Bb5 d6 Bxc6+ bxc6
1655,1980,white,60+0,e3 e6 g3 d5 Bg2 Nf6 d3 c5 f4 Nc6
1920,1947,white,60+0,d4 c5 Bg5 cxd4 c3 dxc3 Nxc3 Nc6 Nf3 Nf6
1413,1684,black,600+8,e4 e5 Nf3 Nf6 d3 Nc6 Nc3 Bb4 Bd2 d6
1645,1823,black,0+1,d3 Nf6 e3 g6 Nc3 d5 b3 e6 Bb2 Be7
1564,1579,black,300+5,e4 c5 Bc4 Nc6 c3 Qc7 h3 Nf6 d3 e6
1671,1644,black,120+1,e4 e5 f4 Bc5 Nf3 d6 c3 Bg4 Qb3 Bxf3
1089,1512,white,300+8,Nf3 e6 Nc3 d5 d4 Nf6 Bg5 Bb4 Ne5 Bxc3+
1569,1617,black,240+0,e4 c5 f4 Nc6 Nf3 e6 Bc4 d5 Bb5 Bd7
1813,1963,black,180+1,e4 e5 f4 exf4 Nf3 Be7 h4 d6 d4 Bg4
1414,1587,black,600+0,c4 e5 b3 Bc5 Bb2 d6 Nc3 Nc6 Nd5 Bd4
1826,1768,white,420+5,e4 e5 Nf3 Nf6 Nxe5 Bc5 Bc4 d5 exd5 Ng4
1390,1593,white,120+0,e4 e5 d3 Bc5 h4 Nf6 Bg5 h6 Bd2 Ng4
1764,1633,white,1260+8,e4 d5 exd5 c6 dxc6 Nxc6 Bb5 Bd7 c3 a6
1626,1471,black,300+0,e4 Nc6 Bb5 Nf6 Bxc6 bxc6 d3 Bb7 b3 e5
1484,1259,white,0+1,d4 b6 c4 Bb7 e4 g6 Nc3 Bg7 d5 e6
1511,1535,white,180+0,c4 e5 Nc3 Nf6 g3 d5 cxd5 Nxd5 Qb3 Nxc3
1559,1332,draw,600+7,e4 e5 Nf3 d6 d4 exd4 Nxd4 Nc6 Bb5 Bd7
1464,1625,white,300+8,e4 e5 Nf3 Nf6 Nc3 Nc6 Bc4 Bc5 Ng5 O-O
1758,1954,white,60+0,d4 e6 Bg5 d5 Bxd8 Kxd8 e3 Be7 Nc3 Nf6
1926,1776,white,60+0,d4 d5 c4 dxc4 Nc3 Nc6 Nf3 Bg4 d5 Nb4
1510,1367,black,60+2,e4 d6 Ne2 e6 Nbc3 Nf6 d3 Nc6 Bg5 e5
1934,1819,white,60+0,e4 c5 Nf3 d6 d4 cxd4 Nxd4 Nf6 Nc3 a6
1829,1639,white,0+1,e4 e6 d4 d6 f4 Nf6 Nc3 Be7 Bd3 O-O
1519,1290,white,180+0,d4 e6 a3 Nf6 Nc3 Nc6 Bf4 h6 Nb5 d6
1769,1937,black,60+0,d4 e6 Bg5 Qxg5 e3 Nf6 Nf3 Qa5+ c3 d5
1725,1804,white,600+0,e4 e6 d4 c5 d5 d6 Nf3 e5 h3 Nf6
1578,1867,black,720+10,e4 e5 Nf3 Nc6 Bb5 a6 Bxc6 dxc6 d4 f6
1772,1948,black,300+2,e4 e5 f4 Nc6 Nf3 f5 fxe5 fxe4 Ng1 Nxe5
1695,1720,black,300+0,d4 d5 Nf3 e6 e3 Nf6 c4 c5 cxd5 Nxd5
1523,1675,white,300+8,d4 d5 Nc3 e6 Bf4 Nf6 Nb5 Na6 e3 Bd7
1557,1697,black,600+5,e4 e5 Nf3 f5 d3 Nf6 Nc3 Bc5 Nd5 O-O
1833,1880,white,120+0,d4 d5 Nf3 e6 c4 Nf6 Bg5 a6 Nc3 dxc4
1442,1253,white,0+1,g3 b6 Bg2 c6 f4 Bb7 e3 g6 c3 Bg7
1563,1750,black,300+8,e4 e5 Nf3 Nc6 Bc4 Nf6 Nc3 h6 O-O Bc5
1521,1657,black,120+1,f4 d5 Nf3 Bf5 d4 Nc6 e3 Nb4 Na3 e6
1947,1762,white,60+0,e4 d5 e5 Bf5 d4 e6 Bd3 Bxd3 Qxd3 Nc6
1675,1829,black,120+0,e3 d5 g3 g6 Bg2 Bg7 c3 Nf6 b4 O-O
1633,1834,black,0+1,d4 g6 e3 Bg7 Nc3 d6 b3 Nf6 Bb2 O-O
1592,1461,black,300+7,e4 e5 Nf3 d6 d4 exd4 Nxd4 Be7 Bc4 Bf6
1788,1896,white,180+0,e4 e5 Nf3 Nc6 c3 Nf6 d4 exd4 e5 Nd5
1411,1026,white,300+0,e4 d5 f3 dxe4 Nc3 exf3 Nxf3 Bf5 Bc4 Nc6
1786,1988,white,180+2,e4 c5 f4 Nc6 Nf3 d6 Bc4 Bg4 Bxf7+ Kxf7
1803,1760,white,300+0,d4 Nf6 Nf3 e6 g3 c5 Bg2 cxd4 Nxd4 Nc6
1773,1617,white,300+0,e4 c6 d4 d5 Nc3 dxe4 Nxe4 Nf6 Nxf6+ gxf6
1811,1942,draw,60+0,d4 c5 Nf3 cxd4 Nxd4 d5 Bf4 Nf6 e3 Nc6
1728,1890,black,300+8,e4 e5 f4 exf4 Nf3 Bc5 c3 d5 d4 dxe4
1500,1265,black,0+1,e4 b6 Nf3 Bb7 Bc4 Bxe4 d3 Bb7 O-O g6
1840,1627,white,0+1,e4 e6 d4 d6 f4 g6 Nc3 Bg7 Be3 Ne7
1756,1862,white,300+0,e4 c5 f4 d6 Nf3 Nc6 Bb5 a6 Bxc6+ bxc6
1755,1956,white,60+0,d4 e6 Bg5 d5 Bxd8 Kxd8 e3 Nf6 Nf3 h6
1497,2082,black,240+0,e4 e6 Nf3 d5 exd5 exd5 d4 Bd6 c4 c6
1491,1123,white,300+8,e4 e5 Nf3 d5 Nxe5 Nf6 exd5 Qxd5 Qe2 Bg4
1960,1954,white,60+0,d4 d5 c4 c6 Nc3 e6 cxd5 exd5 Nf3 Nf6
1451,1277,black,0+1,e4 b6 f3 Bb7 g3 g6 h3 Bg7 h4 e6
1409,1576,draw,120+0,e4 d5 d3 dxe4 dxe4 Qxd1+ Kxd1 Bg4+ f3 Bh5
1305,1337,white,360+0,d4 d5 Nf3 e6 e3 Bb4+ Bd2 Qe7 a3 Bxd2+
1519,1523,white,180+0,e4 e5 Nf3 Nc6 Nc3 Bc5 Bb5 Nd4 Nxe5 Nxb5
1505,1544,black,300+0,e4 c5 Nc3 Nc6 Nf3 e5 Bb5 d6 d3 f5
1814,1626,white,1260+8,e4 e5 Nf3 Nc6 d4 exd4 Nxd4 Nxd4 Qxd4 c5
1605,1116,white,300+0,d3 Nf6 e3 Nc6 a3 e5 h3 d5 b3 b5
1622,1845,black,0+1,d4 Nf6 e3 g6 Nf3 Bg7 Be2 d6 Nc3 O-O
1938,1815,white,60+0,e4 e6 Nf3 d5 e5 c5 d4 Nc6 c3 cxd4
1774,1500,black,60+0,d4 d5 Bf4 e6 e3 Bd6 Nf3 Bxf4 exf4 Qd6
1669,1722,white,120+0,e3 e5 g3 Nc6 Bg2 Nge7 b3 g6 Bb2 Bg7
1603,1852,white,60+1,d4 d5 Nf3 g6 c4 Nf6 Nc3 Bg7 e3 O-O
1560,1565,black,240+0,e4 e5 Nf3 d6 Nc3 Nc6 d4 exd4 Nxd4 Nxd4
1775,1930,draw,60+0,e4 e6 Nf3 d5 exd5 exd5 d4 Nf6 c4 Bd6
1537,1500,white,180+0,d4 d5 Nc3 e6 a3 Nf6 Bf4 Nbd7 Nb5 Nb6
1860,1846,white,120+0,d4 c5 Nf3 e6 c4 cxd4 Nxd4 a6 g3 Nf6
1284,1007,black,180+5,d4 d5 Bf4 Na6 e3 Bf5 Bxa6 bxa6 c3 c6
1522,1292,white,0+1,d3 b6 e3 Bb7 Nf3 g6 g3 Bg7 Bg2 e6
1971,1479,white,60+0,d4 e6 c4 d5 Nc3 c5 cxd5 cxd4 Qxd4 exd5
1850,1617,white,0+1,e4 e6 d4 d6 f4 Nf6 Nc3 d5 Bd3 dxe4
1919,1477,white,360+6,e4 e5 Nf3 Qf6 d4 Nc6 d5 Nd4 Nxe5 Qxe5
1701,1656,black,600+0,e4 e5 f4 exf4 Nf3 Nc6 Bc4 d6 O-O Be6
1792,1775,white,300+0,e4 c5 f4 Nc6 Nf3 d6 Bb5 e6 Bxc6+ bxc6
1807,1946,black,60+0,c4 c5 Nc3 Nc6 g3 e6 Bg2 Nf6 e3 d5
1376,1384,black,1080+2,d4 e6 Qd3 c6 c4 d5 Nc3 Bb4 c5 Bxc3+
1612,1855,white,0+1,d4 Nf6 e3 g6 Nf3 Bg7 Be2 d6 O-O O-O
1827,1664,white,120+1,e4 e5 Nf3 Nc6 c3 Be7 d4 d6 h3 Nf6
1500,1521,black,420+7,e3 e5 Bc4 Nc6 Qf3 Nf6 Nh3 h6 O-O Bc5
1610,1585,black,480+0,d4 d5 c4 e6 Nc3 Nf6 Bg5 h6 Bh4 g5
1864,1761,white,60+0,e4 d5 exd5 Qxd5 Nc3 Qe5+ Be2 Nc6 Nf3 Qf6
1544,1973,black,60+0,e4 e6 Nc3 d5 exd5 exd5 d4 Nf6 Be3 c5
1470,1181,white,300+3,b3 d5 Bb2 e6 e3 Bb4 Bxg7 Bxd2+ Qxd2 Nf6
1792,1620,white,60+1,c4 d6 d4 Nd7 Nf3 Ngf6 g3 e6 Bg2 c5
1563,1342,white,180+0,d4 d5 Nc3 Nc6 Bf4 f6 Nf3 g5 Bg3 h5
1923,1780,draw,60+0,e4 e6 d4 d5 e5 c5 c3 cxd4 cxd4 Nc6
1837,1608,black,360+9,f4 c5 Nf3 Nc6 c4 Nf6 d3 d6 e4 e5
1837,1630,white,0+1,e4 e6 d4 d6 f4 Nf6 Nc3 Be7 Bd3 O-O
1906,1902,black,180+2,d4 Nf6 c4 g6 Nc3 d5 cxd5 Nxd5 e4 Nxc3
1627,1955,white,300+2,e4 e5 Nf3 Nc6 Bc4 Nf6 Nc3 h6 d3 d6
1599,1500,white,480+0,d4 Nf6 Nf3 d5 Nc3 e6 Bg5 c5 e3
1661,1602,black,60+0,c4 d5 f4 dxc4 Nf3 Nf6 Nc3 c5 e4 Nc6
1512,1533,white,180+0,c4 e5 Nc3 Nf6 g3 Nc6 Bg2 Bb4 Qb3 Bxc3
1109,1329,white,360+0,d4 d5 f3 Nc6 c3 e5 g3 e4 f4 Bd6
1029,1500,white,300+0,e3 e6 Bd3 b6 f4 Bc5 Nf3 Nf6 Nd4 Nd5
1682,1964,black,120+0,e3 e6 g3 d5 Bg2 c5 Nf3 Nc6 b3 b6
1314,1165,draw,360+0,d4 Nf6 Nf3 b6 Nc3 e6 e3 Bb4 Bd2 Bb7
1689,1662,white,600+5,e4 e5 Nf3 Nf6 Nxe5 Nxe4 Qe2 d5 d3 Qe7
1514,1686,black,240+4,e4 c6 Bc4 d5 exd5 cxd5 Bb3 a5 a3 Nc6
1638,1670,black,600+0,e4 e5 Nf3 Nc6 Bc4 Nf6 d3 Be7 Ng5 O-O
1954,1799,white,60+0,e4 d5 Nf3 dxe4 Ng5 e5 Nxe4 f5 Ng3 Nf6
1791,1753,white,600+0,e4 e5 Bc4 Nf6 Nf3 d6 Ng5 d5 exd5 Bd6
1784,1917,black,60+0,e4 e6 Nf3 d5 exd5 exd5 d4 Nf6 c4 c6
1625,1842,black,0+1,d4 Nf6 e3 g6 Nf3 Bg7 Bd3 d6 O-O O-O
1574,1845,black,180+0,c3 e5 e3 Nc6 Bc4 d5 Bb3 Nf6 a3 Be7
1759,1835,black,420+5,e4 e5 Nf3 Nc6 Bc4 Bc5 d3 h6 h4 Nf6
1262,1635,black,360+6,e4 e6 Nf3 Bb4 Bc4 a6 c3 b5 Bd3 Bc5
1783,1685,white,300+0,e4 e6 d4 d6 Nc3 d5 Nf3 dxe4 Nxe4 Nf6
1542,1975,black,60+0,e4 e6 Nc3 d5 exd5 exd5 d4 Nf6 Bd2 c5
1616,1648,white,60+0,e4 c5 Nc3 Nc6 f4 e6 Nf3 Be7 Bc4 Nf6
1835,1877,white,120+0,d4 Nf6 g3 c6 Bg2 d5 c4 g6 Nc3 Bg7
1847,1619,white,0+1,e4 e6 d4 Nf6 f4 Nxe4 Bd3 Nd6 Nc3 Be7
1806,1812,white,180+1,e4 e5 f4 d6 Nf3 Nc6 Nc3 Nf6 Bc4 Be7
1614,1811,black,60+1,d4 d5 Nf3 Nf6 c3 g6 Bf4 Bg7 e3 O-O
1944,1779,white,300+0,e4 c6 d4 d5 e5 Bf5 Nf3 e6 Be2 Nd7
1250,1143,white,240+6,d3 d5 c3 e6 Nf3 Nf6 Bg5 Be7 h4 O-O
1643,1409,white,600+8,d4 d5 c4 dxc4 e3 Nc6 Bxc4 e5 d5 Nb4
1474,1233,black,300+3,b3 h6 Bb2 d5 e3 h5 Be2 Nc6 Bxh5 d4
1606,1337,white,300+0,d3 e5 e3 d5 a3 Nf6 b3 Bb4+ Nd2 Nc6
1792,1961,white,60+0,c4 c5 Nc3 e6 g3 Nf6 e4 d5 cxd5 exd5
2083,1924,white,180+0,d4 d6 c4 Nf6 Nc3 g6 e4 Bg7 f3 O-O
1614,1853,black,0+1,d4 Nf6 e3 g6 Nf3 Bg7 Bd3 d6 O-O O-O
1678,1657,black,120+0,e3 e5 g3 d5 Bg2 Be6 Ne2 Nf6 d3 Qd7
1023,1413,black,300+0,e4 e5 Bc4 Nf6 Qf3 d5 exd5 Bg4 Qd3 Bc5
1812,1835,black,300+0,d4 e6 Nf3 f5 g3 Nf6 c4 Bb4+ Nbd2 Bxd2+
1590,1484,draw,300+0,e4 Nc6 Bb5 Nf6 Bxc6 bxc6 d3 e5 b3 Bb4+
1344,1496,white,120+1,d4 c5 d5 e5 dxe6 fxe6 e4 Nc6 c4 d6
1927,1777,white,60+0,d4 e6 c4 d5 Nc3 dxc4 Nf3 Nf6 g3 Be7
1365,1396,white,1080+2,d4 e6 e3 c6 Nc3 Bb4 Qd2 Qa5 Nge2 Bxc3
1626,1606,black,900+10,e4 e5 Nf3 Nc6 Bb5 Nf6 Bxc6 dxc6 O-O Bd6
1590,1554,white,300+5,c4 e5 g3 d5 Nc3 dxc4 Bg2 c6 e3 Bf5
1635,1629,white,60+0,d4 d5 c4 Nf6 Nf3 c6 Nc3 Bg4 e3 e6
1765,1816,black,300+0,f4 d5 Nf3 Bg4 d4 Bxf3 exf3 f5 Bd3 e6
1450,1682,black,300+5,e4 c5 d3 Nc6 b3 e6 Bb2 Nf6 e5 Nd5
1943,1810,white,60+0,e4 c5 Nc3 Nc6 Nf3 g6 Bc4 Bg7 O-O d6
1373,1529,white,480+6,e4 e5 Nf3 Nc6 Bb5 d6 Bxc6+ bxc6 Nc3 Ba6
1500,1549,black,60+0,e4 b6 Bc4 Bb7 Bd5 Bxd5 exd5 e6 Qf3 exd5
1540,1977,white,60+0,e4 e6 Nf3 d5 exd5 exd5 Bb5+ Bd7 Bxd7+ Nxd7
1589,1577,black,180+0,d4 d5 c4 dxc4 e3 e6 Bxc4 Nf6 Nc3 Be7
1857,1610,black,0+1,e4 Nf6 Nc3 e5 d3 d6 Be3 Be7 Be2 O-O
1827,1608,white,60+1,e4 e5 f4 d6 Nf3 Nd7 fxe5 Nxe5 Nxe5 dxe5
1262,1083,draw,180+5,e4 e5 d3 c5 Be3 Qa5+ Bd2 Qb5 b3 c4
1770,1937,black,60+0,e4 e6 f4 d5 e5 c5 d4 Nc6 dxc5 Bxc5
1704,1550,black,600+5,b3 e6 Bb2 d5 Nf3 h6 e3 Be7 Bxg7 Rh7
1617,1646,black,60+0,e4 c6 d4 d5 Nc3 dxe4 Nxe4 f5 Nc3 Nf6
1517,1475,white,1260+0,d3 e5 g3 Bc5 Nf3 f6 Bg2 d5 Nbd2 c6
1537,1826,black,300+8,e4 e5 Bc4 Bc5 Qh5 Qf6 Qe2 Nc6 Nc3 Nd4
1585,1527,white,300+8,d4 d5 e3 a6 c4 e6 Nf3 c5 Nc3 Qa5
1858,1734,white,180+0,e4 c5 Nf3 e6 d4 cxd4 Nxd4 a6 Nc3 Nc6
1927,1529,white,720+8,e4 e5 Nf3 Nc6 Bc4 h6 c3 Bc5 d4 exd4
1378,1196,black,1080+2,d4 d5 e3 Nf6 c4 e5 dxe5 Ne4 cxd5 Bf5
1629,1839,black,0+1,d4 Nf6 e3 g6 Nf3 Bg7 Bd3 d6 O-O O-O
1029,1102,black,300+0,e4 e5 Nc3 Nh6 Bc4 Qf6 Nh3 g5 d3 d5
1553,1382,black,540+9,e4 e6 Nf3 c6 d4 d5 e5 Qa5+ Bd2 Qb6
1347,1151,white,60+0,e4 c5 Bc4 d6 Nf3 h6 d4 cxd4 Nxd4 a6
1801,1765,white,240+3,e4 d5 exd5 Qxd5 Nc3 Qa5 d4 Nf6 Bd2 c6
1654,1934,black,240+0,d4 Nf6 Bf4 c5 dxc5 Na6 e3 Nxc5 a3 d6
1844,1623,white,0+1,e4 Nf6 e5 Ng8 d4 d6 f4 dxe5 fxe5 f6
1932,1953,black,60+0,e4 e6 d4 d5 e5 f6 Bd3 c5 Qh5+ g6
1666,1672,black,120+0,e3 c6 g3 d5 Bg2 e5 d3 Nd7 Nf3 Bd6
1603,1841,black,60+1,e4 c5 Nf3 Nc6 c3 d5 exd5 Qxd5 d3 Bg4
1802,1951,black,60+0,d4 c5 e3 e6 c4 cxd4 exd4 d5 cxd5 exd5
1669,1562,white,120+1,e4 Nf6 e5 Ng8 Nf3 d6 Bc4 dxe5 Nxe5 Be6
1657,1607,white,60+0,d4 d5 c4 Nf6 Nf3 dxc4 Nc3 Nc6 e3 e5
1446,1360,white,120+1,e4 e5 Nf3 d6 d4 Bg4 dxe5 Nc6 Bb5 Ne7
1580,1511,draw,180+0,d4 d5 Nc3 e6 a3 Nf6 Bf4 Nc6 Nb5 Bd6
1959,1795,white,60+0,e4 d5 Nc3 d4 Nce2 e5 Ng3 c5 Nf3 Nc6
1533,1942,black,300+8,e4 e5 Qh5 Nc6 Bc4 g6 Qf3 Nf6 d3 Be7
1764,1734,white,60+0,e4 d6 Nf3 Nd7 d4 Ngf6 Nc3 g6 Bc4 Bg7
1727,1881,black,180+0,e4 e5 Nf3 Nc6 Bc4 Nf6 d4 Nxd4 Nxd4 exd4
1404,1143,black,600+8,e4 e5 Nf3 Nc6 d4 d6 dxe5 Bg4 exd6 Bxd6
1412,1557,white,60+0,e4 b6 Bc4 Bb7 Bd5 Bxd5 exd5 e6 Qf3 Qf6
1664,1438,white,900+0,d4 Nf6 c4 d5 e3 Bg4 Ne2 e6 h3 Bh5
1553,1617,white,600+7,e4 e5 Nf3 Nc6 d4 exd4 Nxd4 Nxd4 Qxd4 b6
1945,1643,black,60+0,e4 e6 d4 d5 e5 c5 c3 Nc6 Nf3 Bd7
1965,1922,white,60+0,d4 e5 c4 e4 e3 f5 Nc3 Nf6 f3 d5
1699,1632,white,240+0,e4 e5 f4 exf4 Nf3 Nc6 d4 d6 Bxf4 Bg4
1612,1713,black,900+10,e4 c5 Nf3 Nc6 d4 cxd4 Nxd4 Nxd4 Qxd4 d6
1490,1577,black,300+0,Nc3 d6 Nf3 g6 e4 Bg7 d4 Bg4 Be3 Bxf3
1597,1666,black,60+0,e3 c5 e4 d6 Nc3 Nc6 f4 e5 Nf3 Nf6
1311,1129,white,360+0,e4 e5 d4 f6 d5 d6 Nf3 g5 Be2 h5
1853,1598,white,60+1,e4 e5 f4 d6 Nf3 exf4 d4 g5 Bc4 Bg7
1774,1847,black,60+0,e4 Nf6 e5 Nd5 d4 Nb6 Nf3 e6 c4 c5
1677,1804,white,180+2,d4 Nf6 c4 e5 d5 Bc5 e4 Nxe4 Nc3 Nxf2
1554,1677,draw,120+1,e4 e5 Nc3 Bb4 d3 Bxc3+ bxc3 Nf6 Be3 d6
1138,902,black,300+0,e3 b6 Nh3 Ba6 Bxa6 Nxa6 Qf3 Nf6 Nc3 Nb4
1696,1144,black,60+0,d3 c5 c3 d6 e4 e5 Nf3 a6 Be2 Nf6
1788,1965,black,60+0,d4 e6 c4 Nf6 Nc3 Bb4 Bg5 c5 dxc5 Na6
1351,1471,black,120+1,d4 c5 d5 e5 e4 d6 c4 Be7 g3 Nf6
1350,1500,white,60+0,e4 e5 Nf3 Bb4 Bc4 Nf6 Nxe5 Ng4 Nxg4 f6
1692,1655,white,240+1,e4 e5 Qh5 Nc6 Bc4 g6 Qf3 Qf6 c3 Bg7
1749,1510,white,60+0,e4 e5 Nc3 Nc6 Bc4 a6 d3 g5 Qg4 h6
1922,1349,white,60+0,e4 e6 f4 d5 exd5 Qxd5 Nf3 Qd8 Bc4 Bd7
1523,1356,white,240+4,c4 e6 Nc3 d6 g3 Bd7 Bg2 Be7 e3 Nc6
1472,1268,white,120+0,e4 e5 Nf3 Nc6 Bc4 Nd4 c3 Nxf3+ Qxf3 Nf6
1610,1692,black,300+0,d3 d5 e3 Nf6 a3 e5 h3 Bd6 b3 O-O
1549,1529,white,60+0,e4 c6 Bc4 d5 exd5 cxd5 Bb5+ Bd7 Qe2 e6
1500,1508,white,240+4,e4 e5 Nf3 Qf6 c3 Bc5 d4 exd4 cxd4 Bb6
1688,1445,white,300+5,e4 b6 d3 Bb7 g3 e5 Nf3 Bd6 Bg2 c5
1407,1638,black,660+5,e4 b6 Nf3 Bb7 Nc3 e6 Bc4 Bb4 d4 Bxc3+
1655,1593,black,120+0,e3 e5 g3 Bc5 Bg2 d6 b3 Bd7 Bb2 Nc6
1650,1734,white,600+0,e4 e5 Nf3 Nf6 Nc3 d6 Bc4 Be6 Bxe6 fxe6
1817,1900,black,180+0,e4 e5 f4 Nc6 Nf3 d6 Nc3 Bg4 Be2 Nf6
1494,1628,black,60+2,e4 c5 Ne2 g6 Nbc3 Bg7 d3 Nc6 Be3 Qb6
1976,1912,black,60+0,d4 e5 c4 e4 f3 f5 fxe4 fxe4 Qc2 d5
1849,1943,white,60+0,e4 c6 d4 d5 e5 e6 Nf3 Ne7 Bd3 Nd7
1802,1787,white,300+0,d4 Nf6 Nf3 e6 g3 d5 Bg2 c5 O-O Nc6
1173,1670,black,60+0,d4 Nf6 e3 e6 a3 d5 h3 c5 dxc5 Bxc5
1741,1765,white,60+0,e4 e6 f4 d5 e5 c5 Nf3 Nc6 d3 Nge7
1399,1452,black,180+3,d4 d5 e3 Nf6 Bd3 Nc6 c3 Qd6 f4 Ne4
1307,1607,black,780+3,e4 e6 Nf3 d5 e5 Ne7 Nc3 Ng6 Bd3 Be7
1360,1923,black,60+0,e4 e6 Nf3 d5 e5 c5 d4 Nc6 c4 dxc4
1950,2043,white,300+5,e4 d6 d4 g6 Nc3 Bg7 Be3 Nc6 Nge2 e5
1500,1623,white,420+5,d4 d5 c4 Nf6 Nc3 Bf5 Nf3 e5 dxe5 Ng4
1457,1342,black,300+3,b3 e5 Bb2 Nc6 e3 d5 Bb5 Bd6 Bxc6+ bxc6
1675,1513,white,60+0,Nf3 c5 d4 cxd4 Nxd4 Nc6 c4 d6 Nc3 e5
1929,1864,white,60+0,f4 d5 Nf3 Nc6 e3 Bg4 Bb5 Bd7 Bxc6 Bxc6
1918,1884,white,180+0,e4 c6 Nf3 d5 Nc3 dxe4 Nxe4 Bf5 Ng3 Bg6
1506,1348,white,60+0,e4 e6 Nc3 d5 exd5 exd5 d4 Nf6 a3 Be7
1234,1772,black,60+0,e3 d5 Bd3 c5 Qf3 Nc6 e4 d4 Bc4 e6
1691,1520,white,300+0,e4 c6 Nf3 d5 d3 Nf6 g3 dxe4 d4 exf3
1513,1559,black,300+0,e4 e5 Qf3 d6 Nc3 c6 Bc4 Nf6 Nh3 Bxh3
1925,1962,black,60+0,e4 e6 d4 d5 e5 f6 Bd3 c5 Qh5+ Ke7
1260,1478,black,120+0,e4 e5 d4 Nc6 d5 Nce7 c4 Nf6 Nc3 g6
1528,1500,black,300+8,e4 e5 Nf3 Nc6 Bc4 Nf6 Ng5 Bc5 Nxf7 Bxf2+
1747,1866,black,780+0,e4 e5 Nf3 Nc6 Bb5 a6 Ba4 Bc5 d3 b5
1529,1349,black,240+4,c4 e5 Nc3 Nf6 g3 Nc6 Bg2 Qe7 e3 g6
1492,1311,black,120+0,e4 e5 Nf3 Nc6 Bb5 d6 d4 exd4 Nxd4 Bd7
1856,1695,black,120+0,c4 e5 Nf3 Nc6 Nc3 Nf6 g3 e4 Ng5 Qe7
1544,1600,black,300+5,e4 c5 Bc4 Nc6 c3 Nf6 d3 e6 Qe2 Qc7
1487,1520,black,60+2,e4 c6 Ne2 d5 Nbc3 dxe4 Nxe4 Nf6 Nxf6+ exf6
1671,1636,white,60+0,c4 c5 Nc3 g6 Nf3 Bg7 e3 Nc6 d4 cxd4
1601,1700,black,300+0,d3 e6 e3 d5 a3 Nf6 h3 Bd6 b3 O-O
1506,1682,black,60+0,f4 c5 Nf3 d5 e3 Nc6 d4 Nf6 c3 e6
1512,1924,black,60+0,e4 e6 Nc3 d5 exd5 exd5 d4 Nf6 a3 Bd6
1359,1341,black,60+0,e4 e6 d4 d5 e5 c5 Nf3 cxd4 Nxd4 Nc6
1854,1938,black,60+0,e4 Nc6 d4 d5 e5 Bf5 Bd3 Bxd3 Qxd3 f6
1746,1819,black,420+5,d4 f5 c4 Nf6 Nc3 e6 e3 c5 d5 exd5
1602,1449,white,300+8,d4 d5 Nf3 Bf5 Nc3 e6 e3 Bb4 Bd2 Nf6
1642,1792,black,120+0,e3 Nf6 b3 e6 Bb2 Be7 g3 c5 Bg2 d5
1246,1124,white,300+5,e4 e5 Nf3 Nc6 Bc4 Nd4 Nxe5 Qg5 O-O Qxe5
1613,1525,white,240+0,d4 d5 c4 e6 e3 Nf6 c5 b6 cxb6 axb6
1603,1689,black,900+10,e4 e5 Nf3 Nc6 Bb5 a6 Bxc6 dxc6 O-O Bg4
1923,1809,black,180+0,e4 c6 Nf3 d5 exd5 cxd5 d4 Nc6 c4 dxc4
1750,1674,white,120+1,e4 e5 Nf3 Nc6 Bc4 Bc5 c3 Nf6 d4 exd4
1625,1684,black,60+0,e4 c5 Nf3 Nc6 Nc3 Nf6 d4 cxd4 Nxd4 g6
1753,1969,black,60+0,e4 e6 Nf3 d5 exd5 exd5 d4 Bd6 Nc3 Nf6
1573,1500,black,180+0,d4 d5 Nc3 e6 a3 Nc6 Bf4 Nf6 Nb5 e5
1608,1473,white,300+0,e4 Nc6 Bb5 e5 b3 Nf6 d3 Nd4 Bc4 Bb4+
1973,1915,black,60+0,d4 d5 c4 e5 Nc3 e4 cxd5 f5 f3 Nf6
1354,1780,white,60+0,e4 c5 Bc4 e6 c3 Nc6 Nf3 a6 d3 Qc7
1927,1346,white,60+0,d4 d5 c4 e5 Nc3 exd4 Qxd4 dxc4 Qxd8+ Kxd8
1974,1748,white,60+0,d4 e6 c4 d5 Nc3 Nf6 Nf3 Be7 Bg5 O-O
1946,1846,white,60+0,c4 Nf6 g3 g6 Bg2 Bg7 Nf3 d6 O-O O-O
1216,1510,black,60+0,e3 e5 e4 Nc6 f3 Bc5 d3 a6 b3 d6
1683,1558,white,0+1,b3 d5 Bb2 e6 d3 Nf6 Nd2 Be7 c3 O-O
1991,1943,white,600+5,e4 c5 Nc3 Nc6 Nf3 g6 d4 cxd4 Nxd4 Bg7
1721,1767,white,540+0,e4 e5 Nf3 Nc6 Bc4 Nf6 Nc3 Nxe4 Bxf7+ Kxf7
1690,1841,white,0+1,b3 e6 Bb2 c5 d3 b6 Nd2 Bb7 c3 Nc6
1895,1751,white,300+13,e4 c5 Nf3 Nc6 Nc3 d6 Bc4 e6 d3 Nf6
1457,1800,white,120+0,e4 Nf6 d3 d5 exd5 Nxd5 Nf3 c5 g3 Nc6
1472,1433,white,900+0,e4 e5 d3 Nc6 Be2 Nf6 Nf3 h6 O-O Bd6
1635,1631,black,120+0,e3 c5 g3 e6 Bg2 d5 Nf3 Nf6 O-O Nc6
1743,1980,white,60+0,e4 e6 Nf3 c5 b3 Nc6 Bb2 d5 exd5 exd5
1092,1073,black,300+0,e3 e6 Bd3 d5 Nh3 f5 Nf4 e5 Nh3 g5
1593,1456,white,600+0,e4 a6 Bc4 Nf6 d3 d5 exd5
1695,1616,white,60+0,d4 c5 c4 cxd4 e3 Nc6 exd4 g6 d5 Nb8
1702,1676,black,240+1,e4 e5 Qh5 d6 Bc4 Qe7 Nc3 Nf6 Qf3 Bg4
1256,1182,black,180+5,d4 d5 g3 e6 Nf3 h6 Bg2 a6 O-O Qf6
1500,1286,black,0+1,e4 b6 Nf3 Bb7 Nc3 g6
1298,1186,white,0+1,e4 e5 Nf3 Nc6 d3
1476,1544,black,60+2,e4 b6 Ne2 Bb7 Nbc3 e6 d3 Bb4 Be3 Bxc3+
1172,1928,black,60+0,e3 e6 Bc4 d5 Bb3 c6 Qg4 Nf6 Qd4 Bd6
1655,1569,white,300+0,e4 e5 f4 exf4 Nf3 d6 d4 Nf6 Nc3 Be7
1514,1345,white,60+0,e4 e5 Nc3 Nc6 a3 Bc5 g4 Nf6 g5 Ng8
1797,1719,white,180+0,e4 e5 Nf3 d6 Bc4 Be7 h3 c6 a3 Nd7
1954,1974,white,60+0,e4 g6 Nf3 Bg7 d4 d6 c3 Nf6 Bd3 O-O
1595,1781,white,900+10,e4 e5 Nf3 Nc6 Bb5 a6 Bxc6 dxc6 O-O Bg4
1402,1389,white,1800+5,d4 d5 e3 Nf6 c4 c6 Nc3 e6 Nf3 h6
1683,1168,white,60+0,e4 d6 d4 e6 Nf3 Qf6 Bc4 d5 exd5 exd5
1929,1376,white,60+0,e4 c5 c3 e6 d4 cxd4 cxd4 Nc6 Nc3 d5
1680,1959,black,60+0,e4 e6 Nc3 d5 d4 c6 exd5 cxd5 Bd3 Nf6
1554,1463,black,180+3,c4 e5 g3 Bc5 Bg2 Nf6 Nc3 Bb4 Qb3 Bxc3
1607,1705,white,60+0,e3 c5 b3 d6 Bb2 Nc6 Nf3 Nf6 Nc3 g6
1960,1761,white,60+0,d4 e6 c4 g6 Nc3 Bg7 e4 Nf6 f4 d5
1708,1670,black,300+0,c4 e5 e3 Nf6 Nf3 Nc6 d4 exd4 exd4 d6
1478,1680,black,900+3,e4 e5 Qg4 Nc6 Nc3 Nf6 Qf3 Nd4 Qd3 d6
1458,1500,white,1800+8,e4 e5 a3 Nf6 Nc3 Nc6 d3 Bc5 h3 O-O
1593,1494,white,300+0,d3 d5 e3 e5 a3 c5 h3 Nf6 b3 Nc6
1665,1705,white,0+1,e4 e6 d3 d6 g3 Be7 Bg2 Nd7 Nf3 b6
1712,1439,white,180+0,e4 e5 Nf3 d6 Bc4 Bg4 O-O Nc6 c3 Nf6
1843,1751,white,420+5,e4 e5 Nf3 Nc6 Bc4 Bc5 a3 a6 Nc3 h6
1961,1966,white,60+0,e4 b6 Nc3 Bb7 d4 e6 Nf3 Bb4 Bd3 Nf6
1520,1690,black,60+0,e4 e6 Nc3 d5 exd5 exd5 d4 Nf6 a3 Be7
1339,1153,white,60+0,e4 d6 d4 Bg4 f3 e6 fxg4 Qh4+ Kd2 Qxg4
1384,1500,white,600+8,e4 d5 exd5 Qxd5 Nc3 Qe6+ Nge2 Nf6 g3 Qd7
1675,1778,white,60+0,e4 Nf6 d3 d5 Nc3 dxe4 Nxe4 Nxe4 dxe4 Qd2+
1929,1886,white,180+0,e4 e5 Nf3 Nc6 Bb5 d6 d4 exd4 Nxd4 Bd7
1642,1624,black,120+0,e4 e6 Nf3 d5 e5 b6 d4 Bb7 Be3 c5
1527,1482,white,1260+0,d3 e5 g3 d5 Nf3 Bd6 Bg2 d4 Nbd2 Nf6
1577,1945,black,120+9,e4 e5 Nf3 Nf6 c3 Nxe4 Qe2 d5 d3 Nf6
1963,1671,white,60+0,d4 d5 c4 Nf6 Nc3 Nc6 Nf3 e6 g3 Bb4
1689,1621,black,60+0,d4 c5 c4 cxd4 Qxd4 Nc6 Qd1 g6 Nf3 Bg7
1825,1678,white,120+1,d4 d5 c4 dxc4 Nf3 Nf6 Nc3 Bg4 Ne5 Bh5
1422,1486,black,900+0,e4 e5 Qh5 Nc6 Bc4 g6 Qf3 Qe7 h3 Nf6
1255,853,white,300+5,e4 d5 exd5 Qxd5 Nc3 Qe5+ Be2 Bg4 d4 Bxe2
1693,1550,white,0+1,b3 Nf6 Bb2 e6 d3 Be7 Nd2 O-O c3 d5
1823,1842,black,180+0,e4 Nf6 e5 Nd5 d4 d6 c4 Nb6 exd6 cxd6
1546,1533,black,180+0,d4 e6 a3 d6 Nc3 b6 e4 Bb7 d5 Nd7
1755,1500,black,540+0,e4 c5 Nf3 Nc6 Bb5 a6 Bxc6 bxc6 O-O d6
1345,1931,black,60+0,e4 e6 d4 d5 e5 c5 c3 Nc6 Nf3 Nge7
1375,1102,white,60+0,e4 d6 d4 c5 d5 b6 Bc4 a5 c3 Nc6
2027,1697,white,300+0,c4 Nf6 Nf3 Nc6 Nc3 e5 d3 g6 g3 Bg7
1755,1966,white,60+0,e4 d5 exd5 Qxd5 b3 c5 Bb2 Nc6 Nf3 Bg4
1561,1664,white,300+0,d4 Nf6 Nf3 g6 g3 Bg7 Bg2 O-O O-O d6
1712,1644,white,300+3,d4 d5 Nf3 e6 e3 Bd6 c4 dxc4 Bxc4 Nf6
1459,1632,white,300+0,e4 c5 Nc3 Nc6 Nf3 b6 Bb5 Bb7 Bxc6 Bxc6
1635,1673,white,60+0,e4 c5 Nf3 Nf6 Nc3 d6 d4 cxd4 Nxd4 Nc6
1671,1690,black,60+0,e4 d5 Bc4 dxc4 d3 cxd3 cxd3 Nf6 Nf3 Bg4
1754,1832,black,60+0,d4 Nf6 Bg5 c5 Bxf6 gxf6 dxc5 Qa5+ c3 Qxc5
2051,1648,white,420+0,d4 e6 f4 d5 e3 Nf6 Bd3 Be7 Nf3 c5
1700,1546,white,0+1,b3 c6 Bb2 d5 d3 e6 Nd2 Bd6 c3 Qc7
1514,1380,white,60+0,e4 c5 Nc3 e6 a3 d6 Bc4 a6 d3 b5
1856,1813,white,180+0,Nf3 c6 g3 d5 Bg2 e6 d4 g6 c4 Bg7
1716,1932,black,60+0,e4 e6 d4 d5 exd5 exd5 Bd3 Nf6 Nf3 Bd6
1812,1734,black,300+0,d4 Nf6 Nf3 e6 g3 c5 c3 d5 Bg2 Nc6
1520,1440,black,300+8,e4 e5 Nf3 Qf6 Bc4 Bc5 c3 Nc6 d3 h6
1706,1712,white,0+1,b3 e6 Bb2 d6 d3 f6 Nd2 Be7 e3 Bd7
1700,1660,white,60+0,e4 e5 Bb5 c6 Ba4 Bc5 Bb3 Qf6 Nf3 d6
1500,1438,black,300+30,e4 d5 exd5 Qxd5 Bb5+ Qxb5 Qh5 Qxh5 Nf3 Bg4
1701,1720,white,600+5,e4 c5 Nf3 Nc6 d4 cxd4 Nxd4 Qb6 Nc3 Nxd4
1571,1604,white,600+8,e4 e5 Nf3 Nc6 Bb5 Nf6 d3 Bd6 Nc3 a6
1659,1647,black,60+0,d4 c5 c4 cxd4 Qxd4 Nc6 Qd2 g6 Qc2 Bg7
1307,1495,white,1800+30,g3 e5 Bg2 d5 e4 d4 Ne2 Nc6 O-O Nf6
1636,1631,white,120+0,e3 c5 g3 e6 Bg2 d5 Nf3 Nf6 O-O Nc6
1717,1543,white,0+1,c4 Nc6 Nc3 d6 Nf3 e5 d4 Be6 d5 Bxd5
1437,1594,black,600+0,e4 e5 Nf3 Nf6 d3 Nc6 Bg5 h6 Bxf6 Qxf6
1745,1690,white,240+0,e4 c6 d4 d5 e5 e6 Bf4 Nd7 Nf3 c5
1744,1967,white,60+0,d4 e6 Bf4 d5 e3 Nf6 Be5 Be7 Nf3 Nbd7
1773,1553,white,60+0,e4 b6 Bc4 Bb7 Qf3 e6 d4 Qf6 Qe3 Qh6
1532,1675,draw,60+0,d4 d5 e3 e5 f3 exd4 exd4 Nf6 Qe2+ Qe7
1361,1162,black,1080+2,d4 d5 e3 Bf5 c4 c6 cxd5 Qxd5 Na3 e6
1418,1257,white,240+6,e4 d6 d4 c6 Nf3 Nf6 Nc3 Bg4 h3 Bh5
1467,1530,black,60+2,e4 c6 Ne2 d5 exd5 cxd5 d4 e6 Nbc3 Nf6
1609,1463,black,300+8,d4 d5 Nf3 Bg4 Qd3 Nf6 Nc3 Bxf3 Qxf3 e6
1723,1536,white,0+1,c4 Nf6 Nc3 e5 Nf3 Be7 d4 O-O dxe5 d6
1521,1344,white,60+0,e4 e5 Nc3 Nc6 a3 Nf6 Bc4 Bc5 d3 O-O
1601,1467,white,300+0,d3 e5 e3 d5 a3 c5 h3 Nc6 b3 Be6
1806,1716,white,180+0,e4 d5 exd5 Qxd5 d4 Nf6 Nf3 Bg4 Be2 c6
1682,1217,white,600+0,e4 e5 Nf3 Nc6 Nc3 Nf6 Bc4 d6 Ng5 d5
1659,1646,white,60+0,e4 c5 Nf3 d6 Nc3 Nc6 d4 cxd4 Nxd4 Nf6
1939,1371,white,60+0,e4 c5 c3 e6 d4 cxd4 cxd4 Nc6 Nc3 d5
1650,1710,white,60+0,e4 d5 exd5 Qxd5 Nc3 Qe6+ Be2 Qg6 Bf3 c6
1864,1960,white,180+0,e4 d5 exd5 Nf6 d6 cxd6 Nf3 g6 d3 Bg7
1435,1693,black,180+0,e4 c5 Nf3 Nc6 d4 cxd4 Bb5 a6 Bxc6 bxc6
1729,1948,black,0+1,b3 e6 Bb2 d5 d3 Nf6 Nd2 Be7 e4 O-O
1199,1239,black,180+5,d4 e6 e3 Nc6 a3 Nf6 h3 Be7 Nc3 a6
1826,1642,black,300+8,d4 d5 c4 Nf6 e3 Bf5 Nc3 e6 f4 Nc6
1621,1554,white,240+0,d4 c5 d5 d6 c4 e6 e4 Nf6 Nc3 Be7
1763,1696,draw,60+0,d4 Nf6 Bg5 g6 Bxf6 exf6 e4 Bg7 Bc4 d6
1634,1670,black,60+0,d4 c5 dxc5 e6 Nf3 Bxc5 Nc3 d5 e3 Nf6
1337,1941,black,60+0,e4 e6 d4 d5 e5 c5 c4 dxc4 Bxc4 cxd4
1528,1370,white,60+0,e4 e6 Nc3 c5 a3 d6 Bc4 Bd7 d3 b5
1778,1841,white,60+0,e4 e6 Nf3 c5 c3 Nf6 d3 d5 Be2 dxe4
1500,1611,black,780+3,e4 e6 d4 d5 e5 Be7 Nf3 Nd7 Bd2 c6
1927,1713,white,780+0,e4 c6 Nf3 d5 e5 Bg4 h3 Bh5 d4 e6
1600,1518,black,600+0,e4 e5 Bc4 c6 d3 d5 exd5 cxd5 Bb3 Be6
1743,1851,white,420+5,e4 e5 Nf3 Nf6 Bc4 Bc5 Nxe5 d6 Nxf7 Rf8
1250,1500,white,240+6,d3 h6 c3 a6 Nf3 Nc6 Bf4 b5 e3 b4
1697,1663,black,60+0,e4 e5 Bc4 Nc6 d3 Bc5 Nf3 Nf6 Bg5 O-O
1953,1724,white,0+1,d4 g6 c4 Bg7 Nc3 e6 Nf3 d6 e4 Ne7
1681,1755,white,240+0,e4 c5 Qh5 d6 Bc4 e6 Nf3 Nf6 Qh4 Be7
1536,1671,black,60+0,d4 d5 e3 e5 f4 exf4 exf4 Bd6 Bd3 Nc6
1575,1694,black,300+0,d4 Nf6 Nf3 g6 g3 Bg7 Bg2 O-O O-O Nc6
1566,1640,black,600+7,e4 e5 Nf3 Nc6 d4 exd4 Nxd4 Nf6 Bg5 Be7
2030,1598,white,300+0,Nf3 d5 d4 Nf6 c4 dxc4 Nc3 e6 e3 Bb4
1602,1696,white,240+0,e4 e6 d4 d5 e5 c5 Nf3 cxd4 Nxd4 Nc6
1363,1942,black,60+0,e4 e6 Nf3 d5 e5 c5 d4 Nc6 c3 Nge7
1534,1336,white,60+0,e4 e5 Nc3 Nc6 a3 Bc5 g4 h6 Bc4 Nf6
1459,1293,white,300+30,e4 e6 Bd3 Qf6 c3 Bc5 Qh5 Qxf2+ Kd1 Qxg2
1803,1869,black,180+0,e4 Nf6 Nc3 d5 exd5 Nxd5 Nxd5 Qxd5 Nf3 Bg4
1514,1242,white,180+0,d4 f6 Nc3 e5 dxe5 fxe5 e4 d6 Nd5 c6
1828,1791,black,60+0,c4 c5 Nf3 Nf6 e3 g6 d4 Bg7 d5 d6
1457,1478,white,60+2,e4 e5 Ne2 Nc6 Nbc3 Nf6 d3 Nd4 Bg5 Be7
1582,1489,white,300+0,e4 Nc6 Bb5 Nf6 Bxc6 bxc6 d3 e5 b3 d5
1746,1850,black,600+2,e4 e6 e5 d5 d4 c5 Nf3 Nc6 Bb5 Bd7
1951,1571,white,120+9,e4 e6 d4 d5 exd5 Qxd5 Nc3 Bb4 Nf3 Nc6
1761,1719,black,60+0,d4 d5 Bg5 f6 e3 fxg5 Nf3 e6 Ne5 Bd6
1826,1703,black,60+1,d4 e6 h4 Nf6 Bg5 c5 e3 cxd4 exd4 Nc6
1722,1529,white,300+3,c4 e5 Nc3 d6 e4 Nf6 Nf3 Be7 Be2 O-O
1680,1623,white,60+0,e4 c5 Nf3 Nc6 Nc3 d6 d4 cxd4 Nxd4 Nf6
1258,1258,white,300+5,e4 c5 Nf3 Nc6 Bc4 e5 Nc3 Nf6 d3 d6
1977,1959,white,60+0,e4 e6 d3 d5 Nd2 dxe4 dxe4 Nf6 Bc4 c5
1815,1919,black,180+0,e4 c5 Nf3 e6 a3 Nf6 Nc3 d5 exd5 exd5
1643,1402,black,660+5,e3 c5 b3 Nc6 Ba3 d6 Bb5 Bd7 f3 a6
1731,1678,black,0+1,b3 d5 Bb2 e5 d3 Nf6 e3 d4 exd4 exd4
1943,1330,white,60+0,e4 e5 Bc4 Qf6 Nf3 Bc5 d3 Nc6 Bg5 Qg6
1362,1540,black,60+0,e4 e5 Nf3 Nc6 Bb5 Qf6 O-O Bc5 c3 h6
1642,1683,white,240+0,e3 e6 d3 d5 g3 c5 Bg2 Nc6 a3 Nf6
1343,1426,black,1080+2,d4 d5 e3 c6 c4 h6 cxd5 Qa5+ Nc3 Nf6
1608,1159,white,300+0,d3 e5 e3 d6 a3 Nc6 h3 h6 b3 Be6
1537,1472,black,1260+0,d3 d5 g3 e5 Nf3 Nc6 Bg2 e4 dxe4 dxe4
1394,1458,black,600+8,e4 d5 exd5 Qxd5 Nc3 Qe5+ Nge2 Bg4 d4 Qa5
1655,1649,black,900+10,e4 e5 Nf3 Nc6 Bc4 h6 d4 Bb4+ Bd2 Bxd2+
1343,1317,white,0+1,d4 b6 b3 Bb7 Bb2 g6 Nd2 Bg7 c4 e6
1340,1476,black,900+2,e4 e5 Nf3 Nc6 Bc4 Bc5 d3 d6 Ng5 Nh6
1431,1445,black,180+0,e4 e5 Nf3 Nc6 Bb5 Nf6 d3 Bc5 Bxc6 dxc6
1478,1410,white,180+3,e4 e5 Nf3 Nf6 Nxe5 Nxe4 Qe2 d5 d3 Qd6
1535,1829,black,300+5,e4 Nf6 e5 Nd5 Bc4 Nb6 Bb3 d5 d4 Bf5
1719,1816,black,0+1,b3 e6 Bb2 c5 d3 Nf6 e4 d5 Nf3 dxe4
1645,2054,black,420+0,e4 d5 exd5 Qxd5 Nc3 Qa5 d4 c6 Bd2 Bf5
1492,1571,black,120+0,c4 d5 cxd5 Qxd5 Nc3 Qa5 d4 Bg4 f3 Bh5
1516,1565,black,300+2,e4 e5 Nf3 Nc6 Bb5 a6 Bxc6 dxc6 Nc3 Bg4
1354,1467,black,120+1,d4 d5 c4 Nc6 cxd5 Qxd5 Nc3 Qd8 Nf3 e6
2032,2154,black,300+0,d4 Nf6 Nf3 g6 c4 Bg7 Nc3 O-O g3 d6
1871,1885,white,300+8,e4 c5 Nf3 Nc6 d4 cxd4 Nxd4 e5 Nf3 d6
1220,1473,black,300+30,a4 e6 a5 Qf6 b4 Bc5 b5 Qxf2#
1812,1782,black,60+1,d4 Nf6 Bg5 e6 h4 d5 e3 c5 Be2 Nc6
1558,1384,white,600+7,e4 e6 d4 c6 Bc4 Na6 Nf3 b5 Bd3 f6
1711,1690,white,0+1,b3 c5 Bb2 Nf6 d3 d5 Nd2 Nc6 e3 e5
1669,1686,white,900+3,e4 e5 Bc4 Nc6 Nf3 Be7 Nc3 Nf6 a3 O-O
1613,1824,black,60+0,d4 c5 d5 e6 c4 d6 Nc3 Nf6 e4 exd5
1627,1800,white,300+4,e4 c5 Nf3 e6 d4 cxd4 Nxd4 Nf6 f3 Nc6
1376,1500,white,180+10,e4 h6 d4 a6 Nf3 Nf6 Bd3 d6 c4 Nc6
1474,1606,black,300+0,Nf3 d5 Nc3 e6 d4 Bb4 Bd2 Bxc3 Bxc3 h6
1483,1178,white,300+30,e3 b6 Qf3 a5 Bc4 Na6 Qxf7#
1500,1527,white,60+0,e4 e6 Bc4 d6 d4 b6 d5 Bb7 dxe6 fxe6
1893,1744,white,720+0,d4 Nf6 c3 g6 g3 Bg7 Bg2 O-O e4 d6
1500,1675,black,120+1,f4 d5 Nf3 Bg4 e3 Nc6 Be2 Nb4 d3 Nc6
1215,1684,black,600+0,Nf3 d6 Nc3 Nc6 d4 a6 d5 Ne5 Bf4 Nxf3+
1474,1346,white,120+1,d4 e5 d5 e4 Nc3 f5 Bf4 Bb4 e3 Bxc3+
1721,1679,draw,0+1,c4 c5 Nc3 Nf6 d3 g6 Bd2 Bg7 Qc1 O-O
1568,1488,white,300+0,d4 d5 Nf3 f6 g3 e6 Bg2 Bd6 O-O Ne7
1904,1611,white,300+13,e4 e5 Nf3 Nc6 Nc3 d6 Bc4 Be6 Qe2 Qd7
1629,1555,white,240+0,d4 d5 c4 Nf6 e3 Nc6 Nc3 Bf5 Nf3 e6
2164,2024,black,300+0,e4 c5 Nf3 d5 exd5 Qxd5 Nc3 Qd8 Bb5+ Bd7
1705,1695,black,600+5,e4 e5 Nf3 Nc6 Bc4 Bc5 O-O Nf6 d3 d5
1794,1800,white,60+1,d4 d5 c4 e6 Nc3 Nf6 Bg5 Be7 e3 c6
1416,1199,white,300+0,e4 g6 d4 Bg7 Nf3 Nh6 Bc4 O-O O-O e6
1700,1739,white,300+8,e4 e5 f4 Nc6 Nf3 Bc5 Bc4 exf4 d4 Bb4+
1479,1580,black,120+0,c4 d5 cxd5 Qxd5 Nc3 Qa5 d4 Bg4 f3 Bh5
1241,1400,draw,300+2,e4 e5 Nf3 d6 d4 Qe7 dxe5 dxe5 Qd5 c6
1607,1607,white,60+0,d4 e6 c4 d5 Nc3 c6 Nf3 Nd7 e3 Ngf6
1412,1848,black,900+0,e4 c5 Bc4 e6 e5 Nc6 Nf3 f6 exf6 Nxf6
1469,1788,black,60+2,e4 d5 exd5 Nf6 Nc3 Nxd5 Nge2 Bg4 Nxd5 Qxd5
1807,1941,black,180+0,e4 e6 Nf3 d5 exd5 exd5 d4 Nf6 h3 Bd6
1440,1488,white,180+3,e4 e5 Nf3 d6 Nc3 Nf6 d3 Nc6 Be2 h6
1277,1353,black,420+8,e4 e5 Qh5 Nc6 Nf3 g6 Qg4 d5 Qg3 dxe4
1720,1806,black,60+0,c4 Nf6 Nc3 g6 d4 d6 Nf3 Bg7 e4 Nbd7
1338,1481,white,120+1,d4 d5 c4 Nc6 cxd5 Nb8 e4 e6 dxe6 Bxe6
2144,1947,white,60+0,d4 e6 Nf3 d5 Bg5 Be7 Bf4 c5 e3 Nf6
1355,1414,black,1800+2,d4 d5 e3 Nc6 Nc3 e5 g3 f6 Nf3 Bd7
1439,1500,black,900+0,e4 e5 Nf3 Qe7 Nc3 a6 Bc4 h6 Nd5 Qc5
1729,1643,white,300+3,d4 Nf6 c4 e6 Nc3 Bb4 Bd2 O-O Nf3 b6
1941,2149,black,60+0,d4 d5 c4 e6 Nf3 Bb4+ Bd2 Bxd2+ Nbxd2 Nf6
1685,1601,white,600+0,e4 e5 Nf3 Nf6 Nc3 Nc6 Bc4 Bb4 a3 Bxc3
1515,1384,white,600+8,Nc3 e5 e4 d6 Nf3 f5 d4 exd4 Nxd4 fxe4
1496,1411,white,240+0,e4 Nf6 e5 Nd5 Nf3 g6 d4 Bg7 Bc4 Nb6
1624,1271,white,60+2,e4 d5 Nf3 dxe4 Ne5 f6 Qh5+ g6 Nxg6 Kd7
1837,1757,black,420+5,e4 e5 Nf3 Nc6 Bc4 h6 Nc3 Nf6 d3 Bc5
1511,1470,white,540+9,d4 d5 e4 dxe4 f3 Bf5 Nc3 e6 fxe4
1610,1596,black,300+0,d3 d5 e3 e5 a3 Nc6 h3 Nf6 b3 d4
1531,1533,white,300+5,e4 e5 Bc4 Nc6 c3 Nf6 d3 a6 Bb3 Be7
1525,1363,white,180+0,d4 e6 a3 Qf6 e4 Nc6 e5 Qe7 Nc3 a6
1180,1696,black,540+10,e4 c5 Bc4 Nc6 Nf3 Nf6 Ng5 e6 Nc3 a6
1712,1657,white,0+1,b3 a6 Bb2 b5 d4 Bb7 e4 e6 Qg4 c5
1889,2120,white,60+0,e4 e6 Nf3 b6 d4 Bb7 Nc3 d5 e5 Bb4
1673,1691,white,780+0,e4 e5 Nf3 Nc6 Bb5 d6 Nc3 a6 Ba4 b5
1837,1815,black,60+0,e4 c5 Nf3 d6 d4 cxd4 Nxd4 Nf6 Nc3 a6
1681,1588,white,120+0,e4 d5 e5 e6 d4 c5 c3 c4 Nf3 Nc6
1689,1075,white,60+0,e4 d6 Bc4 c6 Nf3 b6 O-O a5 d4 Ra7
1965,1737,black,720+0,e4 e5 Nf3 Nc6 Bc4 Nf6 Nc3 Nxe4 Bxf7+ Kxf7
1721,1647,black,0+1,b3 a6 Bb2 b5 e4 Bb7 d3 e6 Qg4 c5
1576,1137,white,300+0,d4 d5 Nf3 Nf6 g3 b6 Bg2 Bb7 O-O e6
1784,1672,white,300+0,d4 e5 dxe5 Nc6 Nf3 d5 exd6 Bxd6 g3 Bg4
1268,1146,white,300+5,e4 e5 Nf3 d6 Bc4 h6 Nc3 Nf6 d3 Qe7
1532,1586,black,600+0,e4 e5 Bc4 Bc5 Bxf7+ Kxf7 Qh5+ Kf8 Qxe5 d6
1638,1474,white,240+0,d4 d5 c4 dxc4 e4 b5 a4 c6 b3 cxb3
1827,1825,black,60+0,d4 Nf6 c4 g6 Nc3 Bg7 e4 d6 Nf3 O-O
1707,1610,black,120+6,c4 e6 d3 Ne7 e4 Ng6 f4 Ne7 Nf3 g6
1389,1680,white,60+1,d4 c5 c4 cxd4 Qxd4 Nc6 Qh4 g6 Nf3 Bg7
2155,2100,black,60+0,d4 e6 Nf3 c5 Bf4 cxd4 Nxd4 Nc6 Nxc6 bxc6
1466,1506,black,60+2,e4 b6 Ne2 Bb7 Nbc3 g6 d3 Bg7 Be3 Nf6
2041,2144,black,300+0,Nf3 Nf6 d4 g6 Bg5 Bg7 Nc3 d5 h3 Ne4
1936,1829,black,60+0,d4 c5 c4 cxd4 Qxd4 Nc6 Qd1 e6 Nf3 Bb4+
1792,1769,white,60+1,d4 e6 Bf4 d5 Nf3 Be7 Ne5 Nf6 h3 O-O
1708,1661,black,0+1,c3 a6 d4 b5 Nd2 Bb7 e4 e6 Ngf3 c5
1625,1461,white,300+0,e4 Nc6 Bb5 e5 Bxc6 bxc6 b3 Nf6 d3 d5
1466,1355,white,120+1,d4 e6 Nf3 d5 Nc3 c5 dxc5 Bxc5 e3 Bb4
1441,1212,white,300+3,b3 f5 Bb2 e6 e3 Nf6 Be2 Ne4 d3 Ng5
1854,1589,white,180+0,e4 e5 Nc3 d6 f4 exf4 Nf3 Nc6 Bc4 Be6
1908,2114,black,60+0,e4 e5 Nf3 d6 Nc3 Nc6 d4 Nf6 d5 Ne7
1964,1774,white,300+0,e4 c5 Nf3 a6 d4 cxd4 Nxd4 Nf6 Nc3 d6
1336,1500,black,1800+30,g3 e5 Bg2 Nc6 e3 d6 Ne2 Bd7 O-O Nf6
1837,1816,black,60+0,e4 d5 exd5 Qxd5 Nc3 Qd8 d4 c5 dxc5 Qxd1+
1410,1296,white,900+0,e4 e5 Qh5 Nc6 Bc4 g6 Qd1 Nf6 Nf3 d5
1877,1747,white,420+3,e4 c6 d4 d5 e5 Bf5 f4 e6 Nf3 h6
1800,1890,black,180+0,e4 c5 Nf3 g6 Bc4 Bg7 c3 Nc6 a3 e6
1845,1361,black,600+0,d4 d5 c4 dxc4 e3 Be6 Qa4+ Nc6 Bxc4 Bxc4
1802,1819,white,240+0,e4 e6 f4 d5 exd5 exd5 Nf3 Nf6 d4 c6
1422,1511,black,660+5,c4 e5 c5 Bxc5 Nf3 d6 b4 Bb6 Nc3 Nc6
1758,1802,white,60+1,e4 d5 exd5 Qxd5 Nc3 Qd8 Nf3 Bg4 Bc4 Nf6
1521,1241,white,540+9,d4 g6 e4 e6 Nf3 Nc6 Nc3 Nge7 Bg5 Bg7
1590,1722,black,300+8,d4 d6 c4 g6 e4 Bg7 Bg5 Nc6 Nf3 Bg4
1690,1920,white,60+0,e4 e6 Bc4 d5 exd5 exd5 Bb5+ Bd7 Be2 Nf6
1412,1400,white,60+2,e4 e6 Nf3 c6 Nc3 Bb4 Ne2 Nf6 c3 Be7
1828,1825,black,60+0,d4 Nf6 c4 g6 Nc3 Bg7 e4 d6 Nf3 O-O
2002,1894,white,180+0,d4 d5 Nf3 Nc6 c4 Nf6 Nc3 e6 Bg5 Bb4
1790,1771,draw,60+1,e4 e5 Nf3 Nc6 d4 exd4 Nxd4 Nxd4 Qxd4 Qf6
1424,1300,black,1800+2,d4 d6 c4 e6 e3 Nc6 Nf3 g6 Nc3 b6
1614,1619,white,480+8,d4 d5 e3 e6 Bd3 Nf6 Nd2 c5 c3 c4
1902,2120,black,60+0,e4 e6 e5 b6 Nf3 Bb7 d4 c5 Bg5 Be7
1644,1684,white,780+0,e4 e5 Nf3 Nc6 Bb5 a6 Ba4 Nf6 d3 b5
1450,1500,white,600+10,e4 e5 c3 Qh4 d3 Bc5 Qe2 d6 g3 Qf6
1627,1384,white,60+2,e4 d6 Nf3 e6 d4 Nf6 c3 h6 Bd3 d5
1836,1817,white,60+0,e4 c5 Nf3 d6 d4 cxd4 Nxd4 Nf6 Nc3 a6
1707,1751,black,120+1,e4 e6 e5 d5 d4 c5 Bb5+ Nc6 Bxc6+ bxc6
1675,1664,white,240+0,e3 e6 d3 d5 g3 c5 Bg2 Nc6 a3 Nf6
1334,1534,black,1080+2,d4 e6 e3 d5 c4 Nf6 cxd5 Nxd5 Nf3 Bb4+
1770,1824,black,420+5,e4 e5 Nf3 Nc6 Bc4 Bc5 d3 d6 Ng5 Nh6
1346,1474,white,120+1,d4 d5 c4 Nc6 cxd5 Nb8 e4 c6 dxc6 Nxc6
1120,1578,black,300+0,e4 e5 Nf3 d6 d4 exd4 Nxd4 Be7 Be3 Nf6
1632,1171,white,60+2,e4 c5 Nf3 d6 Bc4 h6 d4 cxd4 Nxd4 e5
1772,1789,black,60+1,e4 c6 d4 d5 Nc3 dxe4 Nxe4 Nf6 Ng3 Bg4
1897,1901,white,60+0,e4 e6 Nf3 d5 exd5 exd5 d4 Nf6 Bd3 c5
1598,1423,white,300+0,d3 d5 e3 c6 a3 e6 b3 Qa5+ Nd2 Bb4
1539,1425,white,60+2,d4 d5 Nf3 Nc6 e3 a6 Bd3 Nf6 c3 h6
1502,1740,black,420+3,e4 c6 Nf3 d5 e5 Bg4 Be2 e6 Nc3 Nd7
1936,1695,black,600+0,e4 e5 Nf3 Nc6 Bc4 Nf6 d3 Be7 Nc3 d6
2056,1931,black,420+0,d4 Nf6 f4 d5 e3 Bf5 Bd3 Qd7 Nf3 Bxd3
1541,1470,white,180+0,d4 b6 Nc3 Bb7 Bf4 e6 Nb5 d6 e4 Qd7
1806,1847,white,60+0,c4 Nf6 Nc3 g6 d4 Bg7 e4 d6 f4 O-O
1414,1647,black,180+8,e4 c5 Bc4 d6 Nf3 e6 d4 cxd4 Qxd4 Nf6
1352,1378,black,600+0,e4 e5 Nf3 Nc6 c4 Nf6 Nc3 Bb4 Nd5 h6
1450,1642,black,300+0,Nc3 d6 d4 g6 e4 Bg7 Be3 e6 Bd3 e5
1877,1808,white,180+0,e4 e6 Nf3 d5 exd5 exd5 d4 Nf6 c4 c6
1654,1702,black,240+0,d4 e6 c4 d6 e3 b6 Nf3 Bb7 Be2 h6
1791,1626,white,300+0,d4 d5 Nf3 e6 g3 Nf6 Bg2 c5 O-O Nc6
1843,1663,white,120+0,d4 c5 Nf3 cxd4 Nxd4 Nc6 Nxc6 bxc6 g3 g6
2154,1813,white,240+0,e4 e6 d4 d6 e5 Bd7 Nf3 Nc6 Bf4 a6
1437,1396,black,300+0,d4 b6 c4 Bb7 Nc3 e6 e4 Nf6 Bd3 Bb4
1269,1418,white,900+0,e4 e5 Nf3 Nc6 c3 Nf6 Bb5 Nxe4 Bxc6 bxc6
1302,1366,white,240+4,d4 e6 h3 Nf6 e3 Nc6 Nf3 Qe7 Ne5 Nxe5
1800,1761,black,60+1,e4 e5 Nf3 Nc6 b3 Bc5 Bb2 d6 c4 Nge7
1772,1698,white,300+6,e4 c5 d4 cxd4 Qxd4 Nc6 Qd1 Nf6 Nc3 g6
1889,1437,white,60+0,d4 d5 c4 c6 Nc3 e6 cxd5 exd5 Nf3 f6
1834,1818,black,60+0,e4 e5 Nf3 Nc6 Bb5 Nf6 O-O Bc5 c3 d6
1623,1694,white,120+6,e4 c5 d3 f5 e5 d6 Bf4 dxe5 Bxe5 Nc6
1416,1547,white,60+2,e4 c6 Nf3 d5 e5 Bf5 d4 e6 Nc3 c5
1773,1787,white,60+1,e4 e5 Nf3 Nc6 Bb5 d6 O-O a6 Ba4 Be6
1459,1362,black,120+1,d4 e6 Nf3 d5 Nc3 Bb4 Bd2 Nc6 a3 Bxc3
1779,1698,white,120+1,e4 e5 Nc3 Bb4 Nf3 Bxc3 bxc3 d6 d4 Bg4
1656,1440,white,300+0,e4 e5 Bc4 d6 c3 Nf6 d3 Nc6 a4 Bd7
1626,1435,white,480+8,d4 d5 e3 g6 b3 c6 Bd3 h5 f4 Bg4
1738,1187,white,300+3,e4 c5 Bc4 d6 Qh5 e6 c3 Nf6 Qe2 Nc6
1413,1459,white,300+3,d4 e6 e3 c5 Nf3 Nc6 c3 cxd4 exd4 Nf6
1830,1823,black,60+0,e4 c5 Nf3 d6 d4 cxd4 Nxd4 Nf6 c4 a6
1891,1657,black,60+0,d4 c5 c4 cxd4 Qxd4 Nc6 Qd1 g6 Nc3 Bg7
1544,1547,white,300+2,e4 e5 d4 exd4 c3 dxc3 Bc4 cxb2 Bxb2 d6
1909,1849,white,60+0,e4 Nf6 e5 Nd5 c4 Nb6 d4 d6 exd6 cxd6
1681,1293,white,1200+10,e4 g6 d4 d5 e5 e6 f4 Ne7 Nf3 Bg7
1724,1645,white,240+0,e3 e6 d3 d5 g3 c5 Bg2 Nf6 h3 Be7
1500,1376,white,600+8,d4 d5 g3 Nc6 Bg2 Bf5 c4 dxc4 Bxc6+ bxc6
1605,1736,black,300+0,d3 e5 e3 Nf6 a3 d5 b3 Bf5 Bb2 Nc6
1276,1376,black,300+5,e4 c6 d4 d5 Nc3 Nf6 e5 Nfd7 f4 b6
1524,1608,black,1260+0,d3 d5 g3 e5 Nf3 Nc6 Bg2 e4 dxe4 dxe4
1571,1922,black,60+1,e4 e5 Bc4 Nc6 Nf3 d6 a3 Nf6 h3 a6
1542,1648,white,1020+0,e4 e5 Nc3 Nf6 Nf3 h6 b3 Bc5 h3 d6
1519,1479,black,180+0,e4 b6 d4 Bb7 Nc3 e6 Nf3 Nf6 Bg5 Be7
1674,1872,black,60+0,e4 e6 Nf3 d5 exd5 exd5 d4 Nf6 Nc3 c5
1834,1819,black,60+0,e4 d5 exd5 Qxd5 Nc3 Qa5 d4 c6 Bd2 Qc7
1426,1500,white,300+0,d4 e6 c4 c6 e4 a6 Nc3 Ne7 Nf3 d5
1377,1446,white,120+1,d4 d5 c4 Nc6 cxd5 Nb8 e4 c6 dxc6 Nxc6
1887,1871,white,720+3,e4 e5 d4 exd4 c3 dxc3 Bc4 cxb2 Bxb2 d5
1500,1428,white,180+5,e4 d5 exd5 Qxd5 Nc3 Qa5 d4 Nf6 Nf3 Bg4
1776,1785,white,60+1,c4 e5 Nc3 Bc5 d3 d6 g3 Nf6 Bg2 O-O
1605,1500,white,60+0,e4 e5 Bc4 Nf6 Nf3 h6 Nxe5 d5 exd5 Nxd5
1840,1918,white,60+0,d4 e5 Nf3 e4 Ne5 d5 c4 c6 f4 f5
1810,1938,black,300+2,e4 e5 f4 Nc6 Nf3 f5 d3 d6 Be2 Nf6
1433,1377,black,60+2,e4 a6 d4 b5 Nf3 Bb7 Nc3 b4 Na4 Bxe4
1623,1658,black,600+5,d4 Nf6 c4 e6 g3 Bb4+ Bd2 Qe7 a3 Bxd2+
1878,1944,black,60+0,d4 e6 c4 d5 Nc3 Nf6 Nf3 Be7 g3 a6
1945,1899,black,480+8,e4 e6 f4 d5 exd5 exd5 Nf3 c5 d3 Nc6
1803,1689,white,120+1,e4 e5 Nc3 Bb4 f4 Bxc3 bxc3 Qh4+ g3 Qe7
1733,1688,white,780+0,e4 e5 Nf3 c6 Nxe5 Qe7 d4 c5 Bc4 Kd8
1830,1822,white,60+0,d4 Nf6 c4 g6 Nc3 d6 Nf3 Bg7 Bg5 O-O
1691,1450,white,60+0,e4 d6 Bc4 g6 Nf3 Bg7 d4 Nf6 d5 Nxe4
1774,1787,white,60+1,e4 d6 d4 Nf6 Nc3 e6 f3 Be7 Be3 Nfd7
1597,1475,black,300+0,d3 e5 e3 d5 a3 c5 b3 b5 Bb2 Bd6
1853,1955,black,60+0,d4 d5 c4 e5 cxd5 Qxd5 Nc3 Qxd4 Qxd4 exd4
1548,1505,white,180+0,e4 e5 Nf3 Nc6 Nc3 Nf6 Bc4 Be7 d3 O-O
1776,1785,white,60+1,d4 d5 Nf3 e6 c4 Nf6 e3 Be7 Nc3 O-O
1757,1753,white,180+0,d4 e6 c4 d5 Nc3 Nf6 e3 Bb4 a3 Bxc3+
1433,1391,black,120+1,d4 e6 e4 d6 Nf3 Nc6 Nc3 e5 d5 Nce7
1904,1958,black,60+0,e4 e6 Nf3 d5 exd5 exd5 d4 Nf6 Bd3 Bd6
1845,1963,black,60+0,c4 c6 Nf3 d5 d4 e6 Nc3 dxc4 Bf4 b5
1402,1500,black,900+0,e4 e5 Qh5 Nc6 Bc4 Qf6 d3 Bc5 Nf3 d6
1405,1609,black,300+5,e4 c5 Bc4 Nc6 Nf3 Qc7 d3 Nf6 g3 e6
1812,1841,white,60+0,e4 e5 Nf3 Nc6 Bb5 d6 O-O Ne7 h3 g6
1833,1761,white,420+5,e4 e5 Nf3 Nf6 Nc3 Bc5 Nxe5 d6 Nf3 Ng4
1701,1637,white,300+0,e4 e6 d4 d5 e5 Nc6 c3 a6 Nf3 b5
1521,1370,white,600+8,Nc3 d5 d4 c5 Nf3 Nc6 e3 Bf5 dxc5 e6
1542,1606,white,300+5,e4 e5 Bc4 Bc5 c3 Nc6 Nf3 h6 h3 Nf6
1681,1636,black,120+6,e4 e6 Bc4 Ne7 Nf3 Ng6 d3 Be7 O-O O-O
1741,1267,white,60+0,e4 d5 Bb5+ c6 Bd3 d4 Qf3 e5 Bc4 f6
1657,1746,black,780+0,e4 e5 Nf3 Nc6 Bb5 a6 Ba4 Bc5 d3 b5
1228,1354,black,240+4,e4 e6 Nf3 Nc6 d4 b6 c4 Bb7 d5 exd5
1473,1319,black,420+3,d4 d5 e3 Nc6 Bd3 f6 Qe2 e5 Nf3 e4
1491,1582,black,300+0,e4 e6 d4 d5 e5 h6 f4 g6 g4 Bg7
1432,1713,black,300+0,d4 d5 Nc3 Nf6 Nf3 e6 Bg5 Be7 Bxf6 Bxf6
1972,1970,white,60+0,e4 c6 d4 d6 Nf3 Nf6 Bd3 Bg4 O-O Nbd7
1650,1475,black,900+10,d4 d5 h3 Nf6 Bg5 e6 e3 Be7 Bxf6 Bxf6
1822,1682,black,120+1,f4 d5 Nf3 Bg4 h3 Bxf3 exf3 Qd6 d3 Nc6
1829,1823,white,60+0,e4 c5 c3 d6 Nf3 Nc6 d4 cxd4 cxd4 Nf6
1643,1399,white,300+3,e4 c6 d4 b5 Nf3 e6 Bd3 Bd6 e5 Bb4+
1555,1447,black,180+0,d3 e6 e3 d5 Qe2 e5 f3 f6 h3 g5
1774,1787,white,60+1,e4 c5 Nf3 d6 d4 cxd4 Nxd4 Nc6 Nc3 Bd7
1644,2035,draw,240+0,d4 c5 d5 e5 c4 d6 e4 Be7 Nf3 Bg4
1739,1566,white,300+3,e4 e5 Bc4 Nc6 Qh5 g6 Qf3 Qf6 c3 a6
1928,1940,white,60+1,e4 c5 d4 cxd4 c3 dxc3 Nxc3 Nc6 Nf3 d6
1895,1929,black,60+0,e4 d5 exd5 Qxd5 Nc3 Qe6+ Be2 Nf6 Nf3 g6
1404,1421,white,120+1,d4 d5 c4 dxc4 Qa4+ Bd7 Qxc4 Nf6 Bg5 Nc6
1628,1711,black,300+0,d4 Nf6 c4 b6 e3 Bb7 Nc3 g6 Bd3 Bxg2
1548,1500,black,240+0,e4 c5 f4 Nc6 Nf3 g6 Nc3 Bg7 d3 e6
1298,1459,black,600+10,e4 e6 Bd3 Nf6 Nf3 d5 e5 Ne4 Qe2 Bc5
1909,1469,black,300+13,e4 c6 Nf3 d5 exd5 cxd5 d4 g6 Nc3 Bg7
1813,1840,black,60+0,e4 d5 exd5 Qxd5 Nc3 Qd8 d4 c5 dxc5 Qxd1+
1781,1739,white,300+6,e4 c5 d4 cxd4 Qxd4 Nc6 Qd1 e5 f4 Bb4+
1715,1589,white,600+0,e4 c5 Nf3 Nc6 c3 g6 Bc4 h6 d4 cxd4
1948,1951,white,60+0,f4 e5 e4 d6 Nf3 Nc6 Bb5 Bg4 Nc3 Qd7
1133,1418,white,60+2,e4 e5 Nc3 Nc6 f4 exf4 Nf3 Nf6 d4 d6
1395,1169,white,900+0,e4 e5 Qh5 Nf6 Qxe5+ Be7 Qg3 O-O e5 Nd5
1551,1860,black,1200+5,e4 e5 Nf3 Nc6 Bc4 Nf6 d3 h6 a3 a6
1729,1768,white,180+0,e4 e6 Nf3 c6 d4 d5 exd5 exd5 c4 Nf6
1776,1785,black,60+1,c4 e5 Nc3 Bc5 e4 d6 Nd5 Ne7 d3 O-O
1446,1521,black,180+2,e4 e5 Bc4 Bc5 Nf3 Nc6 c3 Nf6 d4 exd4
1850,1803,black,60+0,d4 Nf6 c4 g6 Nc3 Bg7 e4 d6 Nf3 O-O
1939,1959,white,60+0,e4 c5 d4 cxd4 c3 dxc3 Nxc3 Nc6 Nf3 d6
1938,1884,black,60+0,c4 e5 e3 Nf6 Nc3 e4 d4 Bb4 Qb3 Bxc3+
2038,1799,draw,420+0,d4 d5 e3 e6 f4 c5 c3 Nc6 Nf3 Nf6
1436,1185,black,180+2,e4 c5 Bc4 d6 Nf3 h6 e5 d5 Bb5+ Nd7
1752,1842,black,420+5,e4 e5 Nf3 Nc6 Bc4 Bc5 d3 Nf6 Ng5 O-O
1409,1416,black,120+1,d4 e6 Nf3 d5 Nc3 Nf6 e3 Bb4 Bd2 Nc6
1757,1514,black,300+3,d4 d5 c4 Nf6 Nf3 e6 Nc3 c5 e3 Nc6
1972,1397,white,0+2,e4 e5 Nc3 Nc6 Nf3 d6 d4 exd4 Nxd4 Nxd4
1493,1934,black,420+5,e4 Nf6 d3 g6 Nf3 Bg7 g3 O-O Bg2 c5
1946,1803,white,300+2,d4 e6 c4 d6 Nc3 Bd7 e4 Nc6 Nf3 a6
1815,1838,black,60+0,e4 e5 Nf3 Nf6 Nxe5 Qe7 d4 d6 Nd3 Qxe4+
1988,2142,black,60+0,e4 e5 f4 exf4 Nf3 g5 Bc4 Bg7 h4 h6
1897,1926,white,60+0,e4 d5 exd5 Qxd5 Nc3 Qe6+ Be2 Nf6 Nf3 g6
1540,1613,white,240+0,e4 b6 d4 Bb7 Nc3 g6 Nf3 Bg7 Be3 e6
1401,1157,white,900+0,e4 e5 Qh5 Nf6 Qxe5+ Be7 Qg3 Nxe4 Qxg7 d5
1506,1785,white,120+0,e4 e6 d4 d5 Nd2 Nf6 Bd3 dxe4 Nxe4 Be7
1651,1661,black,240+0,d4 g6 c4 Bg7 e3 Nc6 Nf3 a6 a3 d6
1758,1606,white,300+8,e4 c5 b4 b6 b5 Bb7 Nc3 d6 Bb2 e5
1396,1973,black,0+2,e4 c5 d3 Nc6 Nf3 Nf6 Nc3 e6 Be2 Be7
1940,1959,white,60+0,e4 Nc6 d4 e5 d5 Nce7 f4 Ng6 f5 N6e7
1586,1864,black,60+15,d4 d5 c4 e6 c5 Nf6 Nf3 Nc6 Bg5 b6
1560,1283,white,180+0,d4 d5 Nc3 Nf6 Bf4 g6 Nb5 Na6 a3 c6
1267,1271,white,300+5,e4 d6 Nc3 g6 d4 Bg7 f4 Nc6 Be3 e5
1566,1437,white,900+0,c4 e5 a3 c5 e4 a5 Nf3 d6 Nc3 Bg4
2032,2012,draw,300+0,d4 Nf6 Bg5 Ne4 Bf4 c5 Nd2 Nf6 dxc5 Qa5
1578,1700,black,300+5,e4 c5 Nf3 Nc6 Bb5 Qb6 Nc3 Nd4 Bc4 g6
1491,1475,white,300+5,e4 c5 d4 e6 dxc5 Bxc5 Nc3 f5 Na4 Bb4+
1756,1754,black,180+0,d4 Nf6 c4 d5 Nc3 e6 e3 c5 dxc5 Bxc5
1425,1697,black,300+0,d4 Nf6 Nc3 d5 Nf3 e6 Bg5 Be7 Bxf6 Bxf6
2148,1979,white,60+0,d4 e6 Nf3 d5 Bf4 Nf6 e3 Bd6 Bg5 Nbd7
1395,1306,black,0+1,e4 b6 Nf3 Bb7 d3 g6 c3 Bg7 Be2 e6
1848,1805,black,60+0,c4 Nf6 Nc3 g6 d4 Bg7 e4 d6 Nf3 O-O
1974,1550,black,120+0,e4 c5 d4 cxd4 c3 Nf6 e5 Nd5 Nf3 d6
1914,1910,white,60+0,e4 e5 Nf3 Nc6 Bb5 Nf6 Nc3 Bb4 O-O Bxc3
1607,1762,black,420+1,e4 e5 f4 exf4 Nf3 Nc6 d4 d5 e5 Bf5
1947,1951,white,60+0,c4 e5 g3 f5 Bg2 Nf6 d4 e4 Nc3 d5
1537,1437,white,180+2,d4 e6 c4 c5 Nc3 cxd4 Qxd4 Nc6 Qd1 Nf6
1505,1635,black,240+0,e4 e5 Nf3 Nc6 Bb5 Nf6 Bxc6 dxc6 d3 Bd6
1194,1406,black,900+0,e3 e5 Bd3 d5 Nf3 e4 Nd4 exd3 cxd3 Nf6
1321,1379,white,0+1,e4 e5 Nf3 Nc6 Nc3 Nd4 d3 Nxf3+ Qxf3 Nf6
1554,1669,white,240+0,e4 e5 Nf3 Nc6 Nc3 Nd4 d3 d6 Ne2 Nxf3+
1179,1291,black,1200+10,e4 e5 Nf3 g6 Nxe5 Qh4 Nf3 Qxe4+ Be2 Nf6
1420,1956,black,180+1,e4 e5 Nf3 Nf6 d3 Nc6 Bg5 Be7 Bxf6 Bxf6
1451,1481,black,240+1,d4 d5 a3 e6 Nf3 h6 e3 c5 c3 cxd4
1744,1598,white,240+0,e3 b6 d3 Bb7 b3 g6 Bb2 Nf6 e4 Bg7
1970,2155,black,60+0,e4 e5 f4 exf4 Nf3 g5 Bc4 Bg7 h4 h6
1618,1169,white,0+1,d3 d5 Nc3 c6 Bd2 e6 Nf3 a6 e3 h6
1364,1335,black,0+1,e4 g6 d4 Bg7 Nf3 b6 Nc3 Bb7 e5 e6
1418,1522,black,180+2,e4 e5 Bc4 Nc6 Nf3 Be7 d3 Nf6 Ng5 O-O
1817,1836,white,60+0,e4 c5 Nf3 Nc6 d4 cxd4 Nxd4 d6 Nc3 g6
2126,1925,white,60+0,d4 d5 Nf3 Nf6 e3 Bf5 b3 c6 Bb2 Nbd7
1590,1865,black,300+0,d3 e5 e3 d5 a3 Nf6 h3 Nc6 b3 Bd7
1634,1288,white,60+2,e4 g6 Nf3 Bg7 Bc4 e5 d4 exd4 Nxd4 Nh6
1619,1167,white,0+1,d4 d5 e3 c6 Nf3 a6 Be2 Nf6 Nc3 Ne4
1940,1958,white,60+0,e4 Nf6 d4 Nxe4 Nc3 d5 f3 Nxc3 bxc3 Nc6
1348,1350,black,0+1,e4 e5 Nf3 Nc6 Nc3 Nd4 d3 Nxf3+ Qxf3 d6
1378,1427,white,660+6,e4 e5 Nf3 Nf6 d3 Bb4+ Bd2 Bd6 Bg5 h6
1570,1290,white,180+0,d4 d5 Nc3 Bf5 Bf4 e6 a3 Be7 Nb5 Bg5
1553,1614,black,300+5,e4 c5 Bc4 Nc6 c3 Qc7 d3 e6 Qe2 Nf6
1746,1489,white,300+3,d4 e6 c4 c5 e3 cxd4 exd4 d6 Nf3 Na6
1824,1828,white,60+0,d4 Nf6 Bg5 g6 e4 Bg7 e5 Nh5 g4 f6
1621,1318,white,60+0,d4 d5 e3 e6 Nf3 Nf6 Bd3 c6 O-O Bd6
1530,1672,black,180+0,e4 e5 Nf3 Nc6 Bc4 h6 Nc3 a6 d3 Bb4
1500,1363,black,600+8,e4 e5 c3 Nc6 Nf3 d6 d4 exd4 cxd4 f5
1600,1951,white,120+0,e4 c5 d4 cxd4 c3 dxc3 Nxc3 Nc6 Nf3 e6
1920,1868,black,60+0,e4 e6 Nf3 d5 e5 f6 exf6 Nxf6 d4 c5
1796,1953,black,300+2,e4 e5 Bc4 Nf6 d3 h6 Nf3 Nc6 O-O Bc5
1569,1629,white,240+0,e4 e5 Nf3 Nf6 Nc3 d5 d4 dxe4 dxe5 exf3
1531,1689,black,600+5,e3 c5 Qh5 d6 Bc4 e6 Nc3 Nf6 Qd1 Be7
2161,1962,white,60+0,d4 e6 Nf3 d5 Bf4 Bd6 Bg5 Nf6 e3 c5
1947,1951,white,60+0,Nf3 d5 b4 Nc6 Bb2 Nxb4 e3 f6 c4 c6
1363,1336,black,0+1,e4 b6 d3 Bb7 f3 g6 Nc3 Bg7 Nge2 e6
1817,1835,white,60+0,e4 c5 Nf3 d6 d4 cxd4 Nxd4 Nf6 Nc3 a6
1745,1880,black,180+0,e4 e6 d4 d5 e5 c5 c3 Nc6 Nf3 Bd7
1511,1624,white,300+2,e4 e5 Nf3 Nc6 Bc4 h6 d4 Bd6 dxe5 Bxe5
1523,1629,black,300+0,e4 e5 Nf3 Nf6 Nc3 Nc6 d3 d6 Be2 Be6
1564,1425,black,600+7,e4 e5 Nf3 f5 Nxe5 Bc5 exf5 Bxf2+ Kxf2 Qh4+
1408,1471,black,120+0,d4 d5 f3 Nf6 h4 Nc6 g4 e5 g5 Nd7
1641,1680,black,240+0,d4 g6 c4 Bg7 e4 d6 Nf3 Bd7 a4 e6
1367,1458,black,420+3,e4 e5 d4 d6 d5 c6 c4 cxd5 cxd5 Qa5+
1409,1979,black,1800+2,d4 d5 e3 Nf6 c4 c5 Nc3 cxd4 exd4 g6
1349,1349,black,0+1,e4 e5 Nf3 Nc6 d3 d6 Be2 h6 O-O Be6
1955,1907,white,60+0,e4 d5 exd5 Qxd5 Nc3 Qe6+ Be2 Nf6 Nf3 g6
1731,1430,white,600+0,e4 e5 Bb5 Nf6 d3 Bc5 Bg5 h6 Bxf6 Qxf6
1816,1705,white,480+0,d4 d5 Nf3 Nf6 e3 e6 Bd3 c5 b3 Nc6
1492,1441,black,240+1,d4 d5 e3 e6 h3 a6 c4 c6 c5 b6
1636,1711,black,120+1,e4 e5 Nf3 d6 Bc4 Nc6 h3 Be6 Bxe6 fxe6
1792,1097,white,300+0,e4 e5 d4 d6 Nf3 Nc6 dxe5 dxe5 Bd3 g6
1497,1642,white,240+0,e4 e5 Nf3 Nc6 Bb5 d6 d4 Bd7 dxe5 Nxe5
1362,1337,black,0+1,d4 b6 e3 Bb7 Bc4 g6 a3 Bg7 Qd3 Bxg2
2159,1626,white,1200+20,e4 e5 Bc4 Nf6 Nc3 Bc5 Nf3 d6 a3 Bg4
1929,1647,white,120+0,e4 c5 Nf3 e6 d4 cxd4 Nxd4 Nf6 Nc3 Bb4
1511,1619,black,60+0,e4 c5 Nf3 d6 Bc4 e6 Nc3 Nc6 O-O Nf6
1824,1829,black,60+0,d4 Nf6 Bg5 g6 Qd2 Bg7 Bh6 O-O Bxg7 Kxg7
1918,1738,black,180+0,e4 e6 Nc3 d5 exd5 exd5 g3 Qe7+ Qe2 Be6
1532,1740,draw,300+3,e4 c5 Nc3 d6 f4 e5 Nf3 Nc6 Bc4 Nf6
2132,1958,white,60+0,d4 d5 Nf3 Nc6 e3 Bg4 b3 e5 h3 Bxf3
1883,1585,white,300+13,e4 e5 Nf3 d6 Nc3 c6 Bc4 b5 Bb3 b4
1586,1737,black,300+0,d3 e5 e3 d5 a3 Nf6 h3 Bd6 b3 c5
1350,1348,black,0+1,e4 e5 Nf3 d6 d4 a6 d5 h6 c4 f6
1960,1790,draw,300+2,d4 e6 c4 d6 Nc3 Bd7 e4 Nc6 Nf3 a6
1630,1467,white,180+3,e4 e5 Nf3 d6 Nc3 Nf6 h3 c6 a3 d5
1580,1958,black,300+0,d3 e5 e3 Nf6 a3 d5 h3 Bd6 b3 O-O
1911,1868,black,480+8,d4 d5 c4 e6 e3 Nf6 Nf3 a6 Nc3 dxc4
1361,1338,white,0+1,d4 b6 e3 Bb7 h3 g6 a3 Bg7 f3 e6
1898,1967,white,60+0,c4 e6 Nf3 d5 g3 Nf6 Bg2 Be7 O-O O-O
1570,1560,white,60+15,d4 b6 c4 g6 Nf3 Na6 g3 e6 Bg2 d6
1513,1399,black,120+0,d4 d5 Nf3 f6 Nbd2 c6 c4 e6 cxd5 exd5
1578,1298,white,180+0,d4 d5 Nc3 Nc6 Bf4 e6 Nb5 Bd6 Qd2 Bxf4
1717,1384,white,180+3,e4 c6 d4 d5 e5 Bf5 Bd3 Bxd3 Qxd3 e6
1610,1454,white,180+1,e4 g6 f4 Bg7 f5 e6 fxg6 Qh4+ Ke2 Qxe4+
1647,1594,black,120+0,e3 e5 g3 d6 Bg2 Nd7 Nf3 c6 O-O Be7
1549,1442,black,600+7,e4 c6 Nf3 d5 e5 e6 d4 c5 Bg5 Be7
1839,1813,black,60+0,e4 c5 Nf3 d6 d4 cxd4 Nxd4 Nf6 Nc3 a6
1803,1514,black,600+8,d4 g6 c4 d5 cxd5 Qxd5 Nc3 Qa5 e4 e5
1327,1372,black,0+1,e4 e5 Nf3 d6 Nc3 a6 Bc4 h6 O-O Be6
1686,1769,black,540+0,e4 e5 Nf3 Nc6 Bc4 Nf6 Ng5 Bc5 Nxf7 Bxf2+
1636,1753,black,300+0,e4 e6 d4 d5 exd5 exd5 Nf3 Nc6 Be2 Nf6
1500,1145,white,720+8,d4 d5 e3 c5 c4 dxc4 Bxc4 cxd4 Qb3 Be6
1582,1655,black,240+0,e4 f5 exf5 Nf6 Nc3 d5 d4 Bxf5 f4 e6
1382,1317,white,0+1,e4 b6 f3 Bb7 d4 g6 d5 Bg7 c3 d6
1616,1515,black,120+2,e4 e5 Nf3 Nc6 Bc4 Be7 d4 exd4 Nxd4 Nxd4
1720,1682,black,120+1,d4 c6 e3 d5 Nf3 Nd7 Bd3 Qc7 O-O e5
1638,1934,white,120+0,e4 c5 c4 Nc6 Nc3 g6 Nge2 Bg7 g3 e6
1935,1734,black,420+5,d4 d5 c4 c6 Nc3 Nf6 Nf3 g6 g3 Bg7
1503,1185,black,420+2,b3 e5 Bb2 Nc6 e3 a6 g3 d5 f4 e4
1950,1911,white,60+0,e4 d5 exd5 Qxd5 Nc3 Qe6+ Be2 Nf6 Nf3 g6
1631,1678,black,240+0,d4 d5 c4 e6 e3 Nf6 c5 Nc6 Nf3 Bd7
1268,1500,black,300+5,e3 e6 Nf3 Bc5 h3 d6 d4 Bb6 Be2 Nf6
1572,1500,black,300+5,e4 e5 Nf3 Nc6 Bb5 g6 Bxc6 dxc6 d3 Bg7
1690,1612,black,180+0,e4 e5 Bc4 Nc6 a3 Nf6 d3 Na5 Ba2 c6
1825,1828,white,60+0,d4 Nf6 c4 g6 Nc3 Bg7 e4 d6 Nf3 O-O
1840,1648,white,120+6,e4 e6 Nc3 Ne7 d4 a6 Bd3 b5 Be3 c6
1287,1625,black,0+1,d3 e6 e3 d5 f3 Nf6 Qd2 Be7 Nc3 b6
1498,1373,black,600+8,h3 e5 e4 Nf6 Nf3 Nxe4 Nxe5 Nxf2 Kxf2 Bc5+
1784,1812,white,600+8,d4 g6 c4 Bg7 e4 d6 Nc3 Nf6 Nf3 O-O
1308,1392,black,0+1,e4 e5 Nf3 d6 Nc3 a6 Bc4 h6 O-O Be6
1577,1741,black,300+0,d3 g6 e3 Nf6 a3 Bg7 b3 d6 Bb2 O-O
1420,1167,white,600+1,e4 e5 Nf3 Nc6 Bb5 a6 Bxc6 bxc6 Nxe5 d6
1801,1795,black,180+2,e4 c6 Nf3 d5 e5 e6 d4 c5 c3 Nc6
1401,1299,white,0+1,d4 g6 e3 Bg7 c4 b6 Nc3 Bb7 f3 e6
1751,1604,white,300+3,d4 Nf6 c4 g6 Nc3 Bg7 Nf3 d6 e4 O-O
1901,1963,black,60+0,d4 d5 Nf3 e6 g3 Nf6 Bg2 Bd6 O-O O-O
1505,1377,white,300+3,e4 e5 Nf3 Nc6 Bb5 d6 d4 Bd7 dxe5 Nxe5
1464,1503,black,300+5,e4 e5 d4 d6 Nf3 Nc6 d5 Nce7 Bb5+ c6
1419,1392,black,180+1,e4 e6 d4 b6 e5 Bb7 Nf3 Bb4+ c3 Be7
1530,1840,black,480+5,e4 e5 Nf3 Nc6 c3 Bc5 d4 exd4 cxd4 Bb4+
1413,1453,white,120+0,d4 d5 f3 Nf6 h4 Nbd7 g4 c5 g5 Nh5
1291,1409,black,0+1,e4 e5 Nf3 d6 Nc3 h6 Bc4 a6 O-O Be6
1913,1680,white,120+0,e4 c5 d4 cxd4 c3 dxc3 Nxc3 Nc6 Nf3 e6
1747,1484,white,300+4,b3 e6 Bb2 Bc5 Bxg7 Qh4 g3 Qe4 Nf3 Nf6
1500,1381,black,180+3,h3 c6 a3 d5 d4 Bf5 b4 e6 Nc3 Bd6
1629,1543,white,300+0,e4 e5 Nf3 Nc6 Bc4 Bc5 Nc3 Nf6 d3 d6
1417,1283,black,0+1,e4 b6 f3 Bb7 d4 g6 d5 Bg7 c3 d6
1604,1399,white,120+0,e4 e5 f4 Nc6 Nf3 exf4 Bc4 d6 d4 h6
1299,1402,black,0+1,e4 e5 Nf3 d6 Nc3 a6 Bc4 h6 O-O Ne7
1664,1602,white,120+2,d4 d5 e3 e6 f4 Nf6 Nf3 c5 Be2 cxd4
1465,1754,black,600+10,e4 e6 c3 Nf6 d3 c6 g4 d5 e5 Nfd7
1410,1291,black,0+1,e3 g6 d4 Bg7 Nf3 e6 Bd2 Ne7 Bc3 O-O
1573,1500,black,240+0,e4 e5 Nf3 Nc6 Nc3 Bc5 Bb5 Nf6 Bxc6 dxc6
1918,1892,white,60+0,e4 d5 Nc3 d4 Nce2 c5 Nf3 Nc6 Ng3 g6
1965,1697,black,60+1,c4 e5 Nc3 Bc5 e3 Nf6 d4 exd4 exd4 Bb4
1138,1560,white,720+8,d4 f6 Nc3 e6 e4 c5 Nf3 cxd4 Nxd4 e5
1292,1369,white,1200+10,e4 c5 Nf3 Nf6 g3 Nxe4 Bg2 e5 Nxe5 d5
1578,1617,white,1800+0,e4 d5 exd5 Qxd5 Nc3 Qa5 d4 c6 Nf3 e6
1622,1533,white,240+0,d4 Nf6 c4 g6 Nf3 d6 e3 Bg7 b4 c5
1913,2012,white,240+1,e4 c5 Nf3 Nc6 Bb5 d6 Bxc6+ bxc6 O-O e5
2030,1719,white,420+0,d4 Nf6 f4 e6 e3 b6 Bd3 Bb7 Nf3 g6
1589,1261,white,300+5,d4 d5 e3 c6 c4 g6 Nc3 h5 Nf3 Nf6
1888,1435,white,300+13,e4 c5 Nf3 d6 Nc3 a6 Bc4 h6 d3 e5
1678,1751,black,540+0,e4 c5 Bc4 e6 Nf3 d5 exd5 exd5 Qe2+ Be6
1444,1744,black,120+0,d4 e6 e4 d5 exd5 exd5 Nf3 Nf6 Bd3 Be7
1408,1425,white,120+0,d4 d5 Nf3 f6 c4 c6 cxd5 cxd5 Nc3 e6
1544,1598,black,300+5,e4 e5 Bc4 Bc5 c3 Nc6 h3 Nf6 d3 h6
1306,1395,black,0+1,e4 e5 Nf3 d6 Nc3 Nc6 Bc4 a6 O-O b5
1570,1475,white,300+0,d3 e5 e3 d5 a3 c5 b3 f5 Bb2 Nc6
1161,1768,black,300+8,d4 g6 e4 d6 Nf3 Bg7 Nc3 Nc6 a4 Bg4
1424,1430,white,600+1,e4 c5 e5 e6 Nf3 b6 Bc4 Bb7 O-O f6
1882,1930,white,60+0,c4 c5 Nf3 Nc6 g3 Nf6 Bg2 e6 O-O d5
1676,1627,white,180+0,e4 e5 Nf3 Nc6 Bc4 h6 a3 d6 d3 Be6
1386,1328,black,600+8,h3 d5 f4 e6 Nf3 Nf6 e3 Bd6 c3 Nc6
1403,1297,black,0+1,e4 g6 f3 Bg7 c3 b6 d4 Bb7 Ne2 e6
1458,1376,white,1200+10,e4 e5 Nf3 Nc6 Bb5 a6 Ba4 b5 Bb3 g6
1538,1643,white,120+6,e4 e6 d4 Ne7 Nc3 a6 e5 c6 f4 g6
1574,1608,white,720+10,e4 c6 Bc4 d5 exd5 cxd5 Bb5+ Bd7 Bxd7+ Qxd7
1747,1500,black,240+0,e4 e6 Nf3 d5 exd5 exd5 d4 Nf6 Bg5 h6
1618,1686,black,180+0,d4 b6 Nf3 Bb7 Nc3 h6 e4 e6 Bd3 Bb4
1495,1524,black,420+0,e4 e5 Bc4 Nf6 Nf3 Bc5 Nxe5 d5 exd5 O-O
1311,1388,black,0+1,e4 e5 Nf3 d6 d4 a6 d5 b6 c4 c6
1282,1485,white,420+2,e4 c5 d4 b6 d5 d6 Nc3 e6 Bb5+ Bd7
1397,1303,black,0+1,e3 b6 d4 Bb7 f3 g6 e4 Bg7 d5 e6
1752,1440,white,120+0,e4 e6 Nc3 d5 exd5 e5 d4 exd4 Qxd4 Nf6
1500,1484,black,300+8,e4 c5 Nf3 Nc6 Bc4 d6 O-O Bg4 h3 Bh5
1587,1420,white,180+0,d4 d5 Nc3 e6 a3 Nf6 Bf4 a6 Be5 Be7
1916,1894,white,60+0,e4 c5 Nf3 d6 d4 cxd4 Nxd4 Nf6 Nc3 a6
1734,1751,black,300+3,d4 b5 e4 Bb7 f3 b4 Bc4 e6 Ne2 a5
1404,1406,white,180+1,e3 e5 b3 d5 Bb2 e4 d3 exd3 Qxd3 Bb4+
1971,2039,white,180+0,d4 Nf6 c4 e6 Nc3 Bb4 Bd2 b6 e3 Bb7
1564,1609,black,240+0,e4 e5 Nf3 Nc6 Bc4 h6 d4 Nf6 dxe5 Nxe4
1629,1461,white,60+0,d4 d5 e3 Nc6 Nf3 Bf5 Bd3 Qd7 Bxf5 Qxf5
1413,1447,black,120+0,d4 d5 f3 c5 h4 cxd4 Qxd4 Nf6 Qd1 e5
1630,1723,black,480+3,d4 d5 c4 e5 dxe5 d4 Nf3 Nc6 e3 Bg4
1549,1696,black,240+0,e4 b6 d4 Bb7 d5 h6 Nc3 Nf6 f3 e6
1592,1673,black,120+2,e4 e6 d4 Ne7 Nf3 Ng6 c4 Be7 Bd3 O-O
1507,1500,black,600+10,d4 e6 e4 d5 e5 c5 c3 Nc6 Nf3 Qb6
1317,1383,white,0+1,e4 e5 Nf3 d6 Nc3 a6 Bc4 h6 O-O b5
1736,1790,white,240+0,e4 e5 Nf3 d6 Bc4 Nd7 O-O Be7 d4 Ngf6
1660,1755,black,240+2,d4 d5 c4 c6 Nc3 Nf6 Nf3 Bg4 Ne5 Nbd7
1527,1422,white,480+5,e4 c6 e5 Nh6 d4 d6 Nf3 c5 d5 c4
1370,1330,white,0+1,e4 b6 f3 Bb7 d4 g6 d5 Bg7 c3 e6
1760,1844,black,1800+0,e4 e5 Nf3 Nc6 Bc4 Bc5 Nc3 Nf6 d3 h6
1575,1669,white,540+0,d4 d5 c4 Nf6 Nc3 a6 Qc2 dxc4 Nf3 b5
1636,1455,black,60+0,d3 e5 e3 Nf6 Nf3 Bc5 Nxe5 Nc6 Nxc6 dxc6
1884,1927,white,60+0,d4 Nf6 Nf3 e6 c4 c5 Nc3 cxd4 Nxd4 Nc6
1914,1896,black,60+0,e4 c5 Nc3 d6 Nf3 Nf6 d4 cxd4 Nxd4 a6
1491,1411,black,900+0,e4 e5 Bc4 Nf6 Nf3 Nxe4 O-O d5 Bb3 Bd6
1320,1380,white,0+1,e4 e5 Nf3 d6 Bc4 Nc6 Nc3 Nd4 O-O Nxf3+
1974,1911,white,60+0,e4 d5 exd5 Nf6 Nc3 c6 dxc6 Nxc6 Nf3 e5
1437,1759,black,120+0,c4 e6 d4 Nf6 e3 d5 Nf3 c6 cxd5 exd5
1367,1175,white,120+0,e4 d6 Nf3 g6 d4 Bg7 c3 e5 Nbd2 Nc6
1753,1838,white,60+0,e4 e6 f4 c5 Nf3 Nc6 Bb5 d5 Bxc6+ bxc6
1477,1403,black,120+0,d4 d5 Nf3 e6 Nbd2 c5 c3 c4 b3 b5
1367,1333,white,0+1,e4 g6 f3 Bg7 d4 e6 c3 Ne7 d5 O-O
1563,1632,black,300+5,e4 e5 Nf3 Nc6 Bb5 a6 Bxc6 dxc6 d3 f6
1723,1724,black,180+0,d4 d5 b3 e6 Bb2 Nf6 a3 c5 f3 Nc6
1758,1593,white,300+3,e4 c5 Bc4 e6 Nc3 Ne7 d3 Nbc6 a3 d5
2020,1984,black,180+0,e4 e6 d4 c5 c3 Qc7 Nf3 a6 Bd3 b6
1519,1278,black,120+4,e4 c6 Nf3 d5 d4 dxe4 Ne5 f6 Ng4 e5
1754,1324,white,300+0,d4 d5 c4 Bg4 cxd5 Qxd5 Nc3 Qh5 f3 Bf5
1691,1849,black,900+8,g3 e5 Bg2 d5 c4 Be6 Qb3 Bc8 Bxd5 c6
1354,1307,black,1200+10,e4 e5 Nf3 d6 Nc3 Nf6 d4 g6 dxe5 dxe5
1766,1434,white,120+0,e4 e6 Nc3 d5 d4 dxe4 Nxe4 Nf6 f3 Nxe4
1681,1584,white,120+2,d4 d5 c4 e6 Nc3 Nf6 e3 c5 f4 cxd4
1907,1901,black,60+0,c4 Nf6 Nf3 c5 g3 Nc6 Bg2 e6 O-O d5
1500,1435,black,180+10,h3 Nc6 Nc3 Nf6 a3 e5 e4 d6 b4 a6
1865,1516,white,480+15,e4 e5 Bc4 Nf6 Nf3 Nxe4 d3 Ng5 Nxg5 Qe7
1783,1565,white,120+2,e4 e6 d4 d5 Nc3 Bb4 exd5 Bxc3+ bxc3 exd5
1540,1572,black,180+0,d3 c5 e3 Nf6 f3 e6 Qe2 d5 h3 Be7
1901,1986,white,60+0,e4 e6 d4 d5 exd5 exd5 Nf3 Nf6 Bb5+ c6
1525,1359,white,540+9,d4 d5 e4 e6 exd5 exd5 Qe2+ Be6 Nf3 Nc6
1280,1188,white,300+5,e4 e5 Nf3 Nc6 Bc4 h6 Nc3 Nf6 d3 d6
1630,1600,white,240+0,d4 c6 c4 d5 c5 b6 cxb6 Qxb6 a4 Bf5
1323,1377,black,0+1,e4 e5 Nf3 d6 Bc4 a6 Nc3 b5 Bd5 c6
1254,1421,white,300+0,c3 e5 e3 Nf6 Nf3 Nc6 Qb3 d5 c4 dxc4
1386,1314,black,0+1,e4 b6 f3 Bb7 d4 g6 c3 Bg7 e5 e6
1476,1409,white,300+8,e4 e5 Nf3 d6 h3 b6 d4 Nf6 dxe5 dxe5
1766,1869,black,60+0,e4 e6 f4 Nf6 e5 Ng8 d4 d5 Nf3 c5
1913,1897,black,60+0,e4 c5 Nf3 d6 d4 cxd4 Nxd4 Nf6 Nc3 a6
1534,1624,black,480+5,e4 e6 d4 b6 d5 Bb7 Nc3 Bb4 Bc4 Qf6
1730,1479,white,300+0,Nf3 e6 d4 c5 a3 cxd4 Nxd4 Nc6 Nxc6 bxc6
1168,1373,black,120+0,d4 d5 Nf3 Nc6 e3 e6 Bb5 Bd7 Nc3 Nf6
1200,1172,white,720+8,d4 d5 e3 c5 c4 cxd4 Qxd4 Nc6 Qf4 Nf6
1500,1634,white,300+5,e4 c5 Nf3 Nc6 Bc4 e6 O-O d6 Nc3 Nf6
1735,1712,white,180+0,c4 c5 e3 d6 d4 cxd4 exd4 e6 Nf3 h6
1416,1440,black,120+0,d4 d5 f3 c5 h4 cxd4 Qxd4 Nc6 Qd1 e5
1327,1373,white,0+1,e4 e5 Nf3 d6 Nc3 a6 Bc4 h6 O-O b5
1759,1129,white,600+0,Nf3 Nc6 d4 d5 e3 Bf5 Bd3 Nh6 Bxf5 Nxf5
1765,1778,black,300+3,d4 d5 Nf3 c6 e3 Nd7 c4 Ngf6 c5 e6
1454,1715,black,660+0,d4 Nf6 Nc3 e6 Nf3 Bb4 a3 Bxc3+ bxc3 O-O
1554,1618,white,240+0,e4 e5 Nf3 Nc6 d4 exd4 Nxd4 Nxd4 Qxd4 d6
1260,1160,draw,360+6,e4 d5 e5 f5 Nf3 d4 Ng5 Qd5 e6 Qe5+
1601,1442,white,180+0,d4 d5 Nc3 c5 e3 e6 a3 Nf6 dxc5 Bxc5
1430,1772,white,120+0,d4 e6 c4 d5 cxd5 exd5 Nf3 Bd6 e3 Nf6
1798,1621,black,600+8,d4 d5 c4 dxc4 Nc3 a6 e4 b5 e5 e6
1969,1916,black,60+0,e4 d5 exd5 Nf6 Nc3 c6 dxc6 Nxc6 Nf3 e5
1870,1762,white,120+3,f4 e6 Nf3 Nf6 e3 b6 b3 Bb7 Bb2 Be7
1605,1594,black,1800+0,d4 d5 e3 Nf6 h3 Nc6 Nf3 Bf5 g4 Be4
1621,987,white,480+3,e4 g6 d4 Bg7 e5 Nh6 Bxh6 Bxh6 Nf3 O-O
1908,1901,black,60+0,e4 c5 Nf3 Nc6 d4 cxd4 Nxd4 Nf6 Nc3 e6
1377,1420,black,300+0,Nc3 e6 e4 Bb4 e5 Bxc3 dxc3 Nc6 Nf3 a6
1575,1689,black,120+2,e4 c5 Nf3 e6 d4 d5 exd5 exd5 Nc3 Nc6
1685,1758,white,60+0,e4 e5 f4 f6 Nf3 d6 fxe5 dxe5 c3 Bg4
1930,1954,black,60+0,e4 e6 d4 d5 exd5 exd5 Nf3 Nf6 Bb5+ c6
1406,1348,white,120+0,d4 c6 f3 d6 e4 Be6 c3 a6 Bd3 a5
1647,1535,white,300+5,e4 e5 Nf3 Nc6 Bc4 Bc5 Nc3 a6 a4 d6
1651,1702,white,180+0,d4 d5 c4 c6 Nc3 e6 Nf3 dxc4 a4 Nd7
1445,1290,white,180+10,c4 a6 d4 h6 Nc3 Nf6 Nf3 d5 c5 b6
1698,1899,white,480+8,e3 e6 d4 d5 c4 c6 Nc3 Nf6 f4 dxc4
1913,1897,black,60+0,e4 c5 d4 d6 dxc5 Qa5+ Nc3 Qxc5 Nf3 Nc6
1877,1360,white,0+2,e4 e5 d4 d6 dxe5 dxe5 Qxd8+ Kxd8 Nf3 f6
1731,1451,white,120+0,e4 e5 Nc3 d6 f4 Nc6 Nf3 exf4 d4 Bg4
1391,1354,white,420+6,d4 d5 Nf3 Bf5 e3 e6 c4 b6 cxd5 Bxb1
1182,1421,black,180+2,g3 f5 Bg2 d5 Nh3 Nc6 O-O Nf6 e3 e6
1622,1611,white,480+3,d4 d5 c4 Nf6 Nf3 c6 Nc3 g6 Bf4 Bg7
1454,1514,black,300+5,e4 e5 Nf3 d6 d4 f6 Bc4 Bg4 h3 Bh5
1359,1878,white,0+2,e4 e6 Nf3 d5 d3 dxe4 dxe4 Qxd1+ Kxd1 Nc6
1321,1756,black,300+0,e4 Nf6 e5 Nd5 Bc4 Nb6 Bb3 c5 Qh5 g6
1320,1340,white,1200+10,e4 c5 Qh5 Nc6 Qxc5 b6 Qd5 e5 Bc4 Nh6
1798,1629,white,120+6,e4 e6 d4 Ne7 Nf3 f6 Bd3 Ng6 O-O Be7
1341,1472,black,60+0,e4 e5 d4 Nc6 Nf3 Nf6 dxe5 Nxe4 Bd3 Ng5
1390,1715,black,120+1,d4 d5 Nc3 Nf6 Bf4 Bg4 Nf3 Bxf3 exf3 a6
1745,1674,white,60+0,e4 a6 f4 b5 d4 Bb7 e5 e6 Nf3 c5
1513,1875,black,480+15,e4 e5 Bc4 Nf6 Nf3 Nc6 Ng5 d5 Bb5 Bc5
1712,1811,white,900+8,d4 Nf6 Nf3 d5 g3 e6 Bg2 c5 O-O Nc6
1908,1900,white,60+0,e4 c5 Nf3 Nc6 d4 cxd4 Nxd4 Nf6 Nc3 e6
1763,1723,black,240+2,e4 c5 Nc3 d6 Bc4 e6 Nf3 a6 d4 cxd4
1634,1856,black,120+0,e3 e6 g3 d5 Bg2 c5 Ne2 Nc6 d3 Nf6
1919,1590,black,300+15,e4 c6 d4 d5 Nc3 dxe4 Nxe4 Nf6 Nxf6+ gxf6
1415,1437,black,120+0,d4 e6 f3 Bb4+ c3 Ba5 e4 d6 e5 dxe5
1500,1466,black,300+8,f3 e5 g3 d5 c3 c6 Nh3 Be6 Qa4 Qd7
1614,1231,white,180+0,d4 d5 Nc3 Nf6 Bf4 e6 Nb5 Bd6 Qd2 Bxf4
1655,1695,white,540+0,e4 e6 d4 d5 e5 c5 Nf3 Nc6 Bb5 Bd7
1696,1568,white,120+2,d4 d5 c4 e6 Nc3 Nf6 e3 c5 f4 cxd4
1378,1394,white,120+0,e4 e5 Nf3 Nc6 c3 Nf6 d4 d6 d5 Ne7
1447,1739,black,120+0,d4 c5 d5 e5 dxe6 dxe6 Qxd8+ Kxd8 Nf3 Nc6
1128,1761,black,600+0,e4 d5 Qf3 dxe4 Qxe4 Nf6 Qa4+ Qd7 Qb3 c6
1698,1698,white,60+0,e4 e5 f4 Nc6 Nf3 d6 fxe5 Bg4 Be2 Bxf3
1554,1500,black,300+5,e4 e5 Nf3 Nc6 Bb5 d6 Nc3 Nf6 d3 Bd7
1381,1665,black,0+2,e4 a6 Nf3 b5 d3 Bb7 Nc3 e6 a3 c5
1567,1388,black,240+0,e4 g6 d4 Bg7 Nf3 e6 Nc3 d6 Be3 Nf6
1596,1586,white,600+0,e4 e6 Bc4 d5 exd5 exd5 Bb3 Nf6 Nc3 Be7
1500,1500,black,600+25,b4 h5 h4 g6 a4 Nc6 c3 e5 b5 Nf6
1754,1966,black,60+0,e4 e6 f4 d5 e5 c5 Nf3 Ne7 d3 Ng6
1322,1500,black,180+10,c3 a6 Nh3 h6 g4 g5 d4 Nf6 Bxg5 hxg5
1501,1208,white,120+4,e4 c5 Nf3 d6 d4 cxd4 Nxd4 a6 f4 h6
1435,1232,white,600+1,e4 e5 Nf3 d6 Bc4 Qe7 d4 Be6 Bb5+ c6
1749,1788,white,240+0,e4 d5 exd5 Qxd5 Nc3 Qe5+ Be2 Bg4 d4 Bxe2
1598,1425,white,180+2,e4 e5 Nf3 Nc6 Bc4 h6 Nc3 Bc5 O-O Nf6
1889,1918,white,60+0,e4 c5 Nf3 d6 d4 cxd4 Nxd4 Nf6 Nc3 a6
1525,1682,black,480+5,e4 e6 e5 d5 d4 c5 c3 Nc6 dxc5 Bxc5
1560,1703,black,120+2,e4 e6 d4 f5 exf5 exf5 Bd3 d5 Nf3 Nf6
1667,1801,black,540+0,e4 e6 Nf3 c5 Bc4 Nc6 a3 Nf6 d3 Nd4
1861,1629,white,120+0,e4 e6 d4 d5 exd5 Qxd5 c4 Qe4+ Ne2 Bd7
1709,1538,white,60+0,e4 b6 f4 Bb7 d3 e6 Nf3 c5 Be2 Nf6
1746,1443,white,120+0,e4 e6 d4 d5 exd5 exd5 Bd3 Nf6 c3 Be7
1373,1421,black,300+5,e4 d5 d4 dxe4 Nc3 f5 Bf4 Nd7 Nb5 e5
1465,1461,white,420+8,e4 e6 Nf3 c6 c3 d5 exd5 cxd5 d4 Nf6
1562,1611,white,300+2,d4 h6 e4 e6 Nf3 d5 Nc3 c6 Bf4 dxe4
1405,1314,white,120+0,d4 d5 f3 e6 e4 dxe4 fxe4 c6 c3 Qc7
1625,1881,black,1200+20,e4 e5 Nf3 Nc6 Bc4 Nf6 d3 Bc5 Be3 Bb6
1907,1901,black,60+0,e4 c5 Nf3 Nc6 d4 cxd4 Nxd4 Nf6 Be2 Nxe4
1791,1826,draw,180+0,e4 c5 Nf3 Nc6 Bc4 d6 Ng5 e6 d3 Nf6
1708,1426,white,900+0,e4 e5 Nf3 Nc6 Bc4 h6 O-O Nf6 Re1 Bc5
1436,1391,black,180+0,e4 c6 Bc4 d5 exd5 cxd5 Bb5+ Bd7 Ba4 Bxa4
1824,1682,white,480+0,d4 Nf6 c4 g6 Nc3 Bg7 e4 O-O e5 Ne8
1927,1952,white,240+1,e4 e6 d4 d5 Nc3 Bb4 e5 c5 Bd2 cxd4
1418,1606,black,300+0,d4 d5 Nc3 Nf6 Nf3 Nc6 Bg5 e6 e4 dxe4
1873,1756,white,300+8,e4 c5 Nc3 g6 d4 cxd4 Qxd4 Nf6 e5 Nc6
1633,1366,white,480+3,d4 e6 e4 c5 c3 Nc6 Nf3 Bd6 e5 Bc7
1762,1127,white,600+0,Nf3 Nc6 d4 d5 e3 Bf5 Bd3 g6 Bxf5 gxf5
1754,1775,black,180+2,b3 e5 Bb2 Nc6 c4 f5 e3 Nf6 Nc3 Bc5
1929,1938,white,240+1,e4 e5 Nf3 Nc6 Bb5 a6 Bxc6 dxc6 O-O Bg4
1609,1668,white,60+0,e4 a6 d4 b5 Nf3 Bb7 Bd3 Nf6 Nc3 b4
1714,1787,white,600+5,e4 g6 d4 Bg7 c4 d6 Nc3 c5 Nf3 cxd4
1913,1896,white,60+0,e4 c5 d4 cxd4 c3 dxc3 Nxc3 Nc6 Nf3 Nf6
1776,1762,white,240+0,d4 d5 Nc3 e6 e4 g6 exd5 exd5 Qf3 Bg7
1607,1885,black,600+0,e4 e5 Bc4 Nf6 d3 d6 Nc3 Nc6 Bd2 Be7
1814,1627,white,480+0,e4 e6 Nc3 d5 exd5 exd5 d4 Nf6 Nf3 Bg4
1596,1586,black,720+10,c3 e5 b4 d6 e4 Nf6 d3 d5 Bg5 dxe4
1758,1318,white,300+0,d4 d5 c4 Bf5 cxd5 Bxb1 Rxb1 Qxd5 Nf3 Qxa2
1652,1576,white,300+1,e4 e5 f4 exf4 Nf3 Be7 Bc4 Bh4+ g3 fxg3
1104,1407,black,300+0,e4 e5 f3 Nc6 Nc3 Nf6 d3 Bc5 Bd2 O-O
1439,1753,black,120+0,d3 e6 e4 d5 exd5 exd5 Nf3 Nf6 Be2 Be7
1715,1624,white,60+0,e4 e5 f4 exf4 Nf3 d6 d4 Nc6 Bxf4 Nf6
1413,1382,black,120+0,d4 d5 f3 Nc6 h4 Nf6 g4 e6 g5 Nd7
1409,1298,black,300+0,d4 d5 Nc3 e6 Nf3 Nf6 Bg5 Nbd7 e3 a6
1505,1203,white,120+4,e4 c5 d4 cxd4 Qxd4 Nc6 Qd2 e5 c3 a6
1365,1253,white,420+0,e4 d6 Nf3 c6 d4 Nd7 Be3 e5 c3 exd4
1342,1126,black,1080+2,d4 d5 e3 Bf5 Qd2 e6 c4 Nc6 cxd5 Bb4
1735,1751,white,240+2,d4 d5 c4 c6 Nf3 Bg4 Ne5 Nf6 Qb3 Qb6
1405,1424,draw,180+0,e4 e5 Nf3 Nc6 d4 d6 d5 Nce7 Nc3 Bg4
1854,1500,white,300+8,e4 c5 Bc4 Nc6 a3 e6 Nf3 d6 d4 cxd4
1168,1606,black,180+2,g3 e5 Bg2 Qf6 Nh3 Bc5 O-O c6 e3 d5
1696,1607,white,0+1,b3 c5 Bb2 Nc6 d3 e6 Nd2 Nf6 c3 Be7
1787,1744,white,180+2,a3 g6 b3 Bg7 c3 Nf6 d3 O-O e3 Nc6
1554,1436,black,900+10,d4 Nf6 d5 g6 f3 Bg7 e4 O-O e5 Ne8
2002,1896,draw,180+0,e4 e5 Nf3 Nc6 d4 exd4 c3 d3 Bxd3 d6
1801,1966,black,300+8,d4 Nf6 c4 g6 Nc3 d5 Nf3 Bg7 e3 c6
1503,1924,black,60+0,e4 c5 Nf3 Nc6 Bc4 e6 Nc3 Nf6 O-O Be7
1723,1704,black,60+0,e3 d5 d4 e5 c3 Nc6 Nf3 e4 Nfd2 Bd7
1759,1435,white,120+0,e4 e6 d4 c6 f4 d5 Nf3 c5 exd5 exd5
1792,2003,black,180+0,e4 c5 Nf3 d6 Bc4 Nf6 d3 g6 a3 Bg7
1551,1379,white,240+0,e4 e5 Nf3 d6 Nc3 Bg4 h3 Bxf3 Qxf3 Nf6
1423,1019,white,300+0,d4 d5 c4 Nc6 e3 Bf5 Nc3 e5 cxd5 exd4
1822,1788,white,180+2,e4 e5 f4 d6 Nf3 Nd7 Bc4 exf4 d4 g5
1609,1594,black,1800+0,e4 g6 d4 Bg7 Nf3 b6 Nc3 Bb7 Bd3 Nc6
1324,1344,white,1080+2,e4 e5 Nc3 Nc6 Nf3 d6 d4 Bg4 Be2 Bxf3
1619,1419,draw,180+0,d4 d5 Nc3 Nf6 Bf4 a6 Be5 e6 Bxf6 Qxf6
1059,1500,black,300+4,d4 a6 Nc3 h6 Nf3 Nc6 a3 d5 b4 b5
1381,1392,white,600+0,d4 d5 c3 e6 Bf4 c5 Bxb8 Rxb8 a3 a6
1524,1444,white,300+5,e4 Nf6 e5 Ne4 f3 Nc5 d4 Nca6 f4 e6
1401,1394,black,120+0,d4 d5 f3 Nc6 h4 Nf6 g4 e6 c3 Bd6
1482,1517,black,600+0,e4 e6 d4 d5 e5 c5 Nf3 Nc6 Be3 Nge7
1289,1394,white,300+5,e4 e5 Nf3 d6 Bc4 Bg4 Nc3 Nc6 h3 Bxf3
1405,1394,white,180+0,Nf3 Nh6 d4 e5 e3 exd4 Nxd4 Bb4+ Bd2 Bxd2+
1097,1926,black,60+0,e4 c5 Nf3 Nc6 Bc4 e6 Nc3 Nf6 d3 d5
1590,1544,white,180+1,e4 e6 f4 d6 Nf3 Nd7 Bc4 b6 O-O Bb7
1715,1711,white,60+0,b3 c5 Bb2 Nc6 d3 e5 Nd2 d6 c3 Nf6
1649,1547,white,120+0,d4 Nf6 h4 e6 h5 h6 Nf3 d5 Bf4 c5
1567,1661,black,300+1,e4 c5 g3 d6 Bg2 e5 Ne2 Be7 O-O Nc6
1411,1093,white,300+0,e4 e5 f4 exf4 Nf3 Nc6 Bc4 Qe7 O-O Qxe4
1831,1673,white,900+3,d4 f5 c4 g6 Nc3 Nf6 Nf3 Bg7 e3 O-O
1599,1631,white,300+2,d4 Nf6 e3 d5 h3 Nc6 a3 Bf5 Nf3 h6
1707,1339,white,0+1,e4 b6 d4 Bb7 Bd3 g6 Nc3 Bg7 Nf3 e6
1545,1578,white,300+5,e4 e5 Nf3 Nf6 Nxe5 Nxe4 Qf3 Nf6 d4 d6
1432,1765,black,120+0,d4 Nf6 c4 d5 cxd5 Nxd5 e4 Nf6 e5 Nd5
1109,1361,black,240+4,e4 e6 Nf3 Nc6 Bc4 Nf6 Nc3 b6 d3 Bb7
1637,1637,white,1200+0,c4 c5 e3 Nc6 a3 g6 d4 cxd4 exd4 e6
1450,1257,black,1740+29,e4 e5 Nf3 Bc5 d4 Bb6 Nc3 Nf6 dxe5 Ng4
1808,1712,black,600+5,e4 c5 Bc4 d6 Nf3 Nf6 Ng5 e6 O-O h6
1386,1543,black,300+0,d4 d5 Nc3 e6 Nf3 h6 a3 a6 e4 dxe4
1342,1851,white,600+0,d4 Nf6 e3 d6 Bd3 g6 b3 Bg7 Nf3 O-O
1315,1760,black,300+0,e4 Nf6 e5 Nd5 d4 d6 Qf3 e6 Bc4 dxe5
1498,1314,white,120+10,d4 d5 c4 dxc4 Nf3 e6 e4 Nf6 Nc3 Bb4
1779,1857,white,180+2,f4 d5 Nf3 Nf6 d3 e6 h3 Be7 Nc3 Nbd7
1701,1701,white,60+0,e4 d6 f4 g6 Nf3 Bg7 d4 Nd7 e5 dxe5
1624,1626,white,120+0,e3 e5 a3 Nc6 g3 Bc5 Bg2 d6 Nf3 a6
1520,1657,black,120+0,e4 d5 exd5 Qxd5 Nc3 Qe5+ Qe2 Qxe2+ Bxe2 c6
1405,1390,white,120+0,d4 d5 e3 f6 Nf3 Nc6 Nc3 e5 dxe5 Nxe5
1820,1644,black,480+0,e4 d6 Nc3 e5 Nf3 Bg4 Bc4 h6 h3 Bd7
1365,1102,white,240+4,d4 d5 Nf3 Bf5 Nc3 Nc6 e4 dxe4 Nh4 g6
1359,1500,black,120+0,e4 e6 Nc3 Nf6 e5 Nd5 Nxd5 exd5 d4 Nc6
1734,1798,draw,180+2,b3 e5 Bb2 Nc6 c4 f5 Nc3 Nf6 g3 d5
1902,1690,black,180+0,e4 c5 Nf3 Nc6 d4 cxd4 Nxd4 Nf6 Nc3 e5
1344,1645,black,540+3,d4 d5 c4 dxc4 e3 b5 Nc3 Bd7 Nf3 Nf6
1637,1356,white,60+0,d4 d5 c4 Nc6 Nf3 Bg4 Nc3 e5 dxe5 Bxf3
1474,1171,white,900+5,d4 d5 e3 Bf5 f3 Nc6 g4 Bg6 Nc3 Nb4
1776,1806,black,180+0,e4 e6 Nf3 d5 exd5 exd5 d4 c6 Nc3 Nf6
2032,1454,white,300+0,Nf3 d5 g3 Nc6 Bg2 e5 d3 f5 c3 Be6
1414,1099,white,300+0,e4 e5 f4 Qh4+ g3 Qf6 f5 Qb6 Nc3 Nf6
1557,1542,black,240+0,e4 d5 e5 c5 Nf3 Nc6 d4 e6 c4 Nge7
1771,1429,white,120+0,e4 e6 d4 c6 c4 d5 cxd5 cxd5 Nc3 dxe4
1095,1369,black,240+4,e4 e6 Nf3 Nc6 Bc4 Nf6 Nc3 b6 d3 Bb7
1725,1691,white,900+8,d4 d5 Nf3 Nf6 g3 e6 Bg2 c5 c3 Nc6
1687,1540,white,120+0,e4 c5 Nf3 d6 d4 cxd4 Nxd4 Nf6 Nc3 a6
1425,1425,black,300+0,e4 c5 Bc4 Nc6 Nf3 e6 d3 d5 exd5 exd5
1557,1699,black,180+0,e4 e5 Nf3 d6 Nc3 Be6 d4 exd4 Nxd4 Be7
1566,1690,white,600+5,e4 e5 Nf3 Nc6 d4 exd4 Nxd4 Bc5 Nxc6 Qf6
1896,1332,white,300+15,e4 e5 Nf3 Nf6 Nxe5 Nxe4 Qe2 Nf6 Nc6+ Qe7
1930,1690,white,60+0,e4 d6 Nf3 g6 d4 Bg7 Nc3 Nd7 Bc4 c6
1351,1500,white,120+0,e4 e6 Nf3 f5 exf5 exf5 Bc4 Nh6 O-O d5
1307,1504,black,120+10,e4 c5 Nf3 Nc6 d4 cxd4 Nxd4 Nf6 Nc3 a6
1608,1520,white,180+0,d3 d5 d4 e6 Nc3 c5 e3 Nc6 a3 Nf6
1781,1637,white,300+8,d4 d5 c4 e6 Nc3 Nf6 Nf3 Nc6 Bg5 Be7
1611,1405,draw,180+0,d4 c6 Nf3 d5 Nc3 Bg4 e3 e6 Be2 Bd6
1600,1747,white,300+3,e4 c6 d4 d5 exd5 cxd5 Nc3 Bf5 Nf3 e6
1461,1678,black,600+10,e4 e6 c3 d5 e5 c5 d3 Nc6 Nf3 Nge7
1450,1617,black,120+0,a3 e5 e3 d5 d4 exd4 exd4 Nc6 Nf3 Bg4
1664,1498,black,120+0,d4 Nf6 Nc3 g6 e4 Bg7 e5 Nh5 Be2 f5
1638,1500,white,480+3,d4 c5 d5 Qa5+ Bd2 Qb5 b3 g5 e3 Bg7
1635,1866,black,120+0,e3 e6 g3 d5 Bg2 c5 Nf3 Nc6 d4 Nf6
1740,1709,white,0+1,b3 e6 Bb2 d5 d3 Nf6 Nd2 Be7 e4 Nc6
1330,1897,black,300+15,e4 d5 Nf3 dxe4 Ne5 Qd6 d4 exd3 Nxd3 e5
1380,1616,white,120+0,d4 Nf6 f3 d5 h4 h5 g4 hxg4 fxg4 Nxg4
1528,1689,draw,300+5,e4 d5 exd5 Qxd5 Qf3 Qe5+ Qe3 Nd7 Qxe5 Nxe5
1336,1303,white,1080+2,d4 d5 e3 Bf5 Qd2 Nc6 Nf3 Nf6 Na3 e6
1425,1776,black,120+0,d4 c5 dxc5 Nc6 Nf3 Nf6 Bg5 e6 e3 Bxc5
1373,1445,white,420+0,e4 e5 Nf3 Qf6 Nc3 c6 d3 Bb4 Bd2 Bxc3
1716,1499,white,480+0,e4 e5 Nf3 d6 Bc4 Nf6 d3 Nc6 Ng5 Qe7
1751,1870,black,180+0,e4 e5 Nf3 Nc6 Bb5 d6 O-O Nf6 d4 exd4
1362,1235,white,120+0,e4 e5 Nf3 Bc5 Bc4 a6 Nxe5 b5 Bxf7+ Ke7
1390,1412,black,600+0,d4 d5 Nf3 Nd7 Bf4 e6 e3 c5 b3 Ngf6
1750,1699,white,0+1,c4 e6 Nc3 d5 d4 dxc4 e4 g6 Bxc4 Bg7
1550,1775,black,240+0,e4 e6 d4 d5 e5 c5 c3 Nc6 Nf3 Qb6
1508,1577,white,120+4,e4 Nc6 Nf3 b6 Nc3 Bb7 d4 Nf6 Bf4 Nb4
1781,1422,draw,120+0,e4 e6 d4 d5 exd5 exd5 Bd3 Nf6 Nf3 Be7
1510,1301,black,120+10,b4 Nf6 Bb2 g6 Bxf6 exf6 a3 a5 c3 axb4
1738,1757,black,240+0,d4 Nf6 c4 g6 Nc3 Bg7 e4 e6 f4 d5
1762,1313,white,300+0,d4 e6 c4 d5 Nc3 dxc4 e3 Bb4 Bxc4 Bxc3+
1411,1606,black,180+0,e4 e5 Nf3 Nc6 d4 exd4 Nxd4 Nxd4 Qxd4 d6
1512,1500,white,300+3,e4 e5 f4 d6 Nf3 f5 Nc3 g6 exf5 Bxf5
1544,1649,white,120+0,e4 d5 exd5 Qxd5 Nc3 Qe5+ Be2 Qxe2+ Ngxe2 e6
1707,1588,white,180+0,e4 c6 d4 d5 e5 c5 c3 c4 Be2 Bf5
1500,1391,black,120+0,c3 e5 Nh3 d5 d4 e4 Ng5 f6 Qa4+ Bd7
1722,1005,white,480+0,e4 e5 Bc4 Qe7 Nf3 f5 exf5 e4 Nd4 Nc6
1558,1669,black,300+5,e4 c5 Nf3 d6 Bb5+ Nc6 Bxc6+ bxc6 b3 e5
1631,1310,white,120+0,e3 b6 b3 Bb7 a3 h6 Nf3 Nf6 Bb2 e6
1553,1506,black,240+0,e4 a6 d4 b5 d5 Bb7 Nc3 c6 Nge2 cxd5
1377,1560,black,300+0,e4 e5 Nc3 Nc6 Nf3 f5 exf5 Nf6 Bb5 d6
1800,1660,draw,300+8,d4 d5 c4 Nf6 Nc3 a6 Nf3 e6 Bg5 dxc4
1624,1389,white,180+0,d4 d5 Nc3 Bf5 Bf4 e6 Nb5 Bd6 Nxd6+ cxd6
1795,1736,draw,180+2,a3 g6 b3 Bg7 c3 Nf6 d3 O-O e3 b6
1081,1418,black,300+0,e4 e5 Nf3 Nc6 c3 Bc5 d4 exd4 cxd4 Bb4+
1664,1791,black,300+1,d4 d5 c4 c6 Nc3 e6 Nf3 dxc4 a4 Bb4
1373,1089,black,240+4,d4 d5 Nf3 Bf5 Nc3 e6 b3 Bb4 Bb2 Nc6
1150,1401,black,120+0,e3 e5 Bc4 g6 d4 exd4 exd4 d6 d5 Bg7
1318,1379,white,600+0,e4 d5 Qf3 dxe4 Qxe4
2005,1883,draw,360+5,d4 e6 e3 d5 Nf3 c5 c3 Nc6 Bd3 Nf6
1611,1732,black,300+2,d4 Nf6 a3 g6 e3 Bg7 Nf3 O-O h3 d5
1787,1883,black,180+0,d4 d5 Nc3 e6 e4 dxe4 Nxe4 Nf6 Nxf6+ Qxf6
1413,1544,white,240+0,e4 e5 Nf3 Nc6 Bc4 Bc5 d3 Nf6 Ng5 O-O
1759,1711,white,0+1,b3 d5 Bb2 e5 d3 d4 Nd2 c5 e3 Nc6
1369,1500,black,120+0,e4 e5 Nf3 d5 exd5 Qxd5 Nc3 Qd6 Bc4 Nc6
1603,1494,black,600+0,e4 c5 Bc4 e6 d3 d5 exd5 exd5 Bb3 b5
1432,1765,black,120+0,d4 Nf6 c4 g6 e3 Bg7 Nf3 c5 Bd3 cxd4
1320,1492,black,120+10,e4 c6 d4 d5 Nc3 dxe4 Nxe4 Bf5 Ng3 Bg6
1396,1583,black,120+0,d4 Nf6 f3 e6 h4 d5 g4 c5 g5 Nfd7
2033,1842,white,300+0,d4 e6 Nf3 d5 c4 Nf6 Nc3 Be7 e3 a6
1322,1646,white,120+0,e4 e5 Bc4 Qf6 Nf3 Bc5 Nc3 c6 Na4 b6
1422,1610,white,900+0,e4 a6 d4 Nf6 e5 Nd5 Bc4 Nb6 Bb3 d5
1583,1642,white,600+8,e4 e5 Nf3 Nc6 Bb5 g6 d3 Bg7 Be3 a6
1635,1596,white,600+3,d4 d5 c4 e6 Nf3 Bd6 Nc3 Bb4 Qb3 Bxc3+
1771,1428,white,120+0,e4 e6 e5 d6 exd6 Bxd6 d4 c5 d5 Nf6
1497,1436,white,300+8,e4 c5 Nf3 Nc6 Bc4 e6 Nc3 d6 d3 Nf6
1709,1767,black,300+0,c4 e6 Nc3 d5 d4 Nf6 Bg5 Be7 e4 O-O
1703,1715,draw,180+0,e4 e5 Bc4 d6 a3 Be6 Bxe6 fxe6 d3 Nf6
1541,1631,black,240+2,e4 e5 Nf3 Nc6 Bb5 Bd6 Nc3 a6 Be2 Nf6
1550,1675,black,300+8,e4 e5 d4 exd4 c3 dxc3 Bc4 cxb2 Bxb2 d6
2038,1199,white,300+0,d4 d5 Nf3 c6 Bf4 a6 e3 h6 Bd3 Nf6
1831,1728,white,600+5,e4 e5 Nf3 Nc6 Bc4 Nf6 Nc3 Be7 d3 O-O
1363,1621,white,120+0,e4 e5 Nf3 d6 Bc4 h6 c3 Nc6 O-O Bg4
1330,1519,black,300+3,d4 e6 d5 exd5 Qxd5 Nf6 Qb3 d6 e3 Nc6
1779,1898,black,180+0,d4 d5 Nc3 e6 e4 Nf6 e5 Nfd7 Bb5 c6
1427,1406,white,180+0,g3 c6 Bg2 d5 e3 Bf5 d3 Nf6 b3 e6
1527,1430,white,300+0,e4 e6 d4 c6 c4 a6 d5 Be7 e5 cxd5
1611,1575,black,540+9,e4 e6 d4 d5 e5 c5 Be3 Nc6 dxc5 Nxe5
1305,1220,black,300+5,e4 e5 Nf3 Nc6 Bc4 Be7 Nc3 d6 d4 exd4
1310,1763,black,300+0,e4 Nf6 d3 e5 Bg5 Be7 Bxf6 Bxf6 Qh5 d5
1071,1338,black,120+0,e3 e5 Bc4 d5 Bb5+ Nc6 Bxc6+ bxc6
1644,1660,white,480+3,d4 d5 c4 e6 Nf3 Nf6 a3 Nc6 Nc3 a6
1702,1598,black,60+0,e4 e6 d4 d5 e5 c5 f4 Nc6 Nf3 cxd4
1620,1728,black,1200+20,e4 e6 Nf3 d5 exd5 exd5 Qe2+ Be6 d3 Nc6
1776,1891,black,60+0,e4 c6 Nc3 d5 e5 Bf5 f4 e6 d3 h5
1478,1537,white,420+3,d4 d6 e3 e5 d5 e4 Qd4 f6 Qxe4+ Qe7
1391,1337,white,120+0,d4 e6 e4 d5 e5 Nc6 f4 f6 c3 f5
1634,1449,black,120+0,e3 d5 g3 e5 Bg2 Nf6 d4 e4 Ne2 Bd6
1723,1891,black,600+0,e4 e6 Nf3 d5 e5 c5 d4 Nc6 Be2 Qb6
1751,1459,white,900+0,e4 e5 Nf3 Nc6 Bc4 h6 Nc3 Nf6 d3 Bc5
1648,1398,white,900+9,e4 e5 Nf3 d6 c3 Nf6 d3 Be7 Be2 Bg4
1639,1532,white,240+2,e4 d5 exd5 Nf6 Bc4 Nxd5 Bxd5 Qxd5 Nf3 Bg4
1739,1235,white,300+3,d4 Nf6 c4 e6 Nc3 d5 Nf3 Bb4 e3 Bxc3+
1343,1763,black,120+0,e4 e6 Nc3 d5 exd5 exd5 d4 Nf6 Nf3 Bd6
1565,1368,white,300+0,e4 Nc6 d4 d5 e5 e6 Be3 Be7 Nf3 f6
1565,1741,black,300+0,e4 e6 g3 d5 Bg2 dxe4 Bxe4 Nf6 Bg2 Be7
1633,1437,white,180+0,d4 g6 Nc3 Bg7 Bf4 Nf6 Nb5 d6 Qd2 O-O
1653,1485,white,300+7,e4 e5 d4 exd4 Qxd4 Nc6 Qd1 Bc5 Nf3 d6
1215,1398,black,120+0,e4 d5 exd5 Qxd5 d3 Qd8 Nc3 c6 Nf3 f6
1003,1722,black,480+0,d4 d5 c4 dxc4 Nc3 c6 Bf4 b5 Bxb8 Rxb8
1689,1705,white,60+0,d4 e6 e4 d5 e5 c5 c3 Nc6 Nf3 Nge7
1798,1870,black,180+2,d4 d5 Nf3 Bf5 Bg5 Nc6 Nbd2 h6 Bh4 g5
1392,1378,black,120+0,e4 d5 exd5 Qxd5 Nc3 Qa5 d3 c6 Bd2 Qc7
1900,1926,black,60+0,d4 c5 d5 e6 c4 b5 cxb5 Nf6 dxe6 fxe6
1491,1677,black,300+0,e4 c5 Nf3 d6 d4 cxd4 Nxd4 Nc6 Nxc6 bxc6
1657,1410,black,180+0,d4 d5 c4 e6 Nc3 Nc6 Nf3 Bb4 e3 Nf6
1738,1793,black,180+2,b3 a6 Bb2 b6 c4 c6 Nc3 d6 g3 e6
1422,1387,white,300+0,Nf3 d5 e3 Nc6 c4 e6 cxd5 exd5 Nc3 Nf6
1714,1500,draw,180+0,e4 e6 d4 d5 e5 c5 c3 Bd7 Be3 Qb6
1522,1550,black,120+4,e4 c5 d4 cxd4 Qxd4 Nc6 Qd1 b6 c4 Bb7
1438,1395,white,180+0,g3 c6 Bg2 d5 e3 Bf5 d3 e6 Ne2 Be7
1532,1635,black,300+5,e4 e5 Bc4 Nf6 d3 c6 Qe2 d5 exd5 cxd5
2039,1855,white,300+0,d4 e6 Nf3 d5 c3 Nf6 Bg5 Nbd7 Nbd2 Bd6
1498,1313,black,120+10,e4 e5 Nf3 f5 Nxe5 Bc5 exf5 Bxf2+ Kxf2 Qh4+
1422,1455,white,300+0,e4 e5 f4 d6 Nf3 Nc6 Bb5 Bd7 O-O Nge7
1700,1771,black,300+0,c4 b6 Nc3 Bb7 d4 g6 e4 Bh6 Bxh6 Nxh6
1766,1341,white,120+0,e4 e6 Nc3 d6 d4 Nf6 Bd3 Be7 h3 O-O
1937,1888,white,60+0,e4 c6 Nf3 d5 Nc3 d4 Ne2 c5 Ng3 Nc6
1404,1158,black,120+0,d4 e6 f3 d5 h4 Nc6 g4 h6 c3 Be7
1707,1910,black,180+0,c4 e5 Nc3 Nf6 e4 c6 d3 Be7 Bd2 O-O
1620,1507,white,120+0,e3 c5 g3 d6 Bg2 g6 Nf3 Bg7 O-O Nf6
1353,1432,white,300+0,e4 e6 Nf3 c6 Nc3 d5 exd5 cxd5 Bb5+ Nd7
1729,1505,white,600+5,e4 e5 Nf3 Nc6 Bb5 d6 c3 a6 Ba4 h6
1309,1265,white,360+0,d4 d5 Nf3 e6 Nc3 c5 dxc5 Bxc5 e3 Nf6
1338,1769,black,120+0,e4 e6 Nc3 d5 exd5 exd5 d4 c6 Nf3 Bd6
1559,1565,white,300+0,e4 e5 Nf3 Nf6 d3 c6 Bg5 Be7 g3 h6
1944,1412,white,120+0,e4 e5 d3 Bc5 c4 Qf6 Nf3 d6 Nc3 Bg4
1879,1790,black,180+2,e4 c5 f4 e6 Nf3 Nc6 b3 d6 Bb2 Nf6
1689,1525,white,600+0,d4 e6 c4 Be7 Nf3 Nc6 g3 h6 Bg2 Nf6
1366,1319,white,600+0,Nf3 g6 d3 Bg7 h4 e6 c3 b6 d4 Bb7
1118,1354,black,240+4,e4 e5 Nf3 Nc6 Bc4 Nf6 Nc3 d5 Nxd5 b5
1524,1702,black,240+2,e4 c5 f4 Nc6 Nf3 Nf6 d3 d6 Be2 e6
1595,1567,white,1200+0,e4 g6 d4 Bg7 Nc3 d6 Be3 Nf6 Qd2 O-O
1717,1485,black,300+0,e4 d5 exd5 Qxd5 Nc3 Qf5 Nf3 Nf6 Bd3 Qa5
1433,1313,black,300+8,d4 d5 c4 dxc4 e3 e6 Bxc4 Nf6 a3 c5
1919,1500,white,120+0,e4 e5 d4 d5 Nf3 dxe4 Nxe5 f5 f3 c5
1772,1336,white,120+0,e4 e5 d4 exd4 c3 dxc3 Nxc3 d6 Bc4 c5
1876,1947,black,60+0,d4 c5 d5 e6 c4 b5 e4 bxc4 Bxc4 Nf6
1643,1524,white,300+5,e4 e5 Nc3 c6 f4 exf4 Nf3 Be7 d4 Bh4+
1945,1354,white,120+0,e4 c5 Nc3 e6 f4 d6 Nf3 Bd7 d3 Nc6
1789,1682,draw,300+8,d4 d5 c4 c6 Nc3 Nf6 Nf3 e6 a3 Be7
1700,1449,white,60+0,e4 g6 f4 b6 d4 Bb7 e5 d6 Nf3 dxe5
1304,1389,white,120+0,d3 d5 e4 dxe4 dxe4 Qxd1+ Kxd1 e6 Nc3 c6
1641,1418,black,300+0,h3 e6 e4 d5 e5 c5 d4 cxd4 Qxd4 Nc6
1749,1577,white,60+0,e4 c6 f4 d5 exd5 cxd5 d4 Nf6 Nf3 Bg4
1898,1633,white,300+15,e4 e5 Nf3 Nc6 Bc4 Bc5 c3 Nf6 d4 d6
1492,1452,black,600+0,e4 e5 Nf3 d6 Bc4 h6 d3 Nf6 Nc3 c6
1758,1689,white,240+0,e3 e6 d3 d5 g3 c5 Bg2 Nf6 h3 Nbd7
1712,2001,white,360+5,e4 e6 d4 d6 f4 c6 Nf3 Ne7 Bd3 Nd7
1810,2045,white,300+0,e4 e5 f4 d5 exd5 e4 d3 Nf6 Nc3 Bb4
1290,1111,black,300+5,e4 e5 Nf3 d6 Bc4 c5 Nc3 h6 d3 Nf6
1957,1866,white,60+0,e4 c5 Nc3 Nc6 Nf3 d6 d4 cxd4 Nxd4 Nxd4
1408,1922,black,120+0,e4 d5 exd5 Nf6 Nc3 c6 Nf3 cxd5 d4 Nc6
1446,1714,white,300+3,b3 e6 Bb2 d5 e3 Nc6 Bb5 Bc5 Bxc6+ bxc6
1688,1243,white,60+0,d4 d5 c4 e6 Nf3 dxc4 Nc3 e5 e4 Nc6
1581,1454,white,900+0,d4 d5 e3 Nc6 Bb5 Bd7 Bxc6 Bxc6 Bd2 Nf6
1377,1395,white,120+0,d4 e6 f3 d5 e4 f6 c3 Ne7 Bd3 g6
1500,1711,black,180+0,f4 d5 f5 Bxf5 Nf3 e6 Nd4 Bg6 g4 Bc5
1627,1635,draw,120+0,e3 d5 g3 e5 Bg2 Bc5 c3 a6 a3 Nc6
1765,1307,white,300+0,d4 e6 c4 Qf6 e4 e5 d5 Bb4+ Nc3 Bc5
1744,1919,black,180+0,e4 e5 Nf3 Nc6 Bb5 d6 d4 exd4 Nxd4 Bd7
1603,1570,black,300+2,d4 d5 a3 c6 h3 e6 e3 Ne7 b4 Ng6
1736,1612,black,1200+20,b4 e5 Bb2 d6 e4 Nf6 d3 d5 exd5 Qxd5
1804,1729,black,180+2,a3 b6 b3 Bb7 c3 Nf6 d3 g6 e3 Bg7
1923,1946,white,120+0,e4 e5 d4 exd4 f4 Nc6 Nf3 d6 Bc4 Bg4
1694,1756,white,180+0,c4 d6 Nc3 e5 e4 Nf6 d3 c6 Be2 Nbd7
1639,1740,black,300+3,d4 Nf6 c4 g6 f3 d5 cxd5 Nxd5 e4 Nb6
1354,1404,white,120+0,e4 e5 Nf3 d6 Bc4 Be6 Be2 Nf6 d3 Nc6
1450,1372,white,600+8,e4 e5 Nf3 Nc6 Bc4 Nf6 Ng5 d5 exd5 Nxd5
1903,1500,white,300+15,e4 e5 Nf3 Nc6 Bc4 b6 d4 Nb8 Nxe5 Ba6
1318,1448,white,360+0,d4 e6 Nf3 d5 e3 Bd6 Nc3 Nf6 Bd2 O-O
1768,1775,white,0+1,b3 e6 Bb2 d5 d3 c5 Nd2 Nc6 e4 Nf6
1688,1755,black,1200+5,d4 e6 Nf3 Nc6 Bg5 Be7 Bxe7 Ngxe7 e3 d6
1319,1577,black,300+7,d4 d5 e3 Nc6 c4 dxc4 Bxc4 e6 d5 Ne5
1237,1334,black,120+0,e4 e6 Nf3 d6 d4 c6 d5 cxd5 exd5 e5
1455,1716,white,180+0,e4 e5 c3 d6 d4 exd4 cxd4 Nf6 Nc3 Be7
1811,1927,black,240+1,d4 Nf6 c4 g6 Nc3 Bg7 Bg5 h6 Bh4 c5
1632,1665,black,480+8,d4 e6 e3 Nf6 Bd3 Nc6 f4 d5 Nd2 Nb4
1779,1965,black,0+1,b3 c5 Bb2 d5 d3 Nc6 Nd2 e5 c3 f5
1331,1480,black,120+10,e4 e5 Nf3 f5 Nxe5 Qf6 Qh5+ g6 Nxg6 hxg6
1648,1656,black,480+3,e4 e5 d3 d5 f3 dxe4 fxe4 Nf6 h3 Nc6
1704,1756,black,60+0,e4 e6 f4 d5 e5 c5 c3 Nc6 d4 f5
1971,1773,white,0+1,e4 e5 Nc3 d6 Nf3 Nc6 d4 Bg4 Bb5 exd4
1423,1388,white,360+15,e4 a6 d4 d5 e5 e6 c4 Qe7 c5 h6
1709,1635,black,180+3,c4 c5 Nc3 Nc6 e3 Nf6 a3 g6 d3 Bg7
1568,1554,white,300+1,e4 e5 Bc4 Nf6 d3 c6 Nf3 h6 a3 a6
1347,1427,black,1080+2,d4 d5 e3 Nf6 c4 e6 cxd5 exd5 Nc3 Be7
1097,1435,black,300+0,e4 e5 Nf3 Nf6 d3 Nc6 g3 d6 Bg2 Bg4
1343,1212,white,120+0,e4 e5 Nf3 Nc6 d3 d5 exd5 Qxd5 Nc3 Qd7
1461,1500,white,300+3,b3 c6 Bb2 d6 e3 e5 d4 f6 dxe5 dxe5
1429,1432,black,300+0,e4 e6 Bc4 c6 Nc3 a6 d3 d5 exd5 cxd5
1462,1564,black,300+0,e4 b6 f4 f6 Nf3 e5 Bc4 exf4 O-O g5
1557,1451,white,1200+0,e4 c6 d4 Nh6 Bxh6 e6 Bf4 Be7 Nf3 O-O
1367,1931,black,120+0,e4 e5 Be2 d6 Nf3 c5 O-O Nc6 c4 f5
1368,1936,black,120+0,e4 d5 e5 c5 d4 cxd4 Qxd4 Nc6 Qe3 Bf5
1503,1552,white,300+0,e4 d5 exd5 Nf6 Nf3 Nxd5 d4 g6 Be2 c6
1755,1772,black,60+0,e4 e6 f4 d5 e5 c5 Nf3 Nc6 d3 b6
1423,1359,black,240+4,e4 e5 Bc4 Nf6 d3 Nc6 Bg5 Be7 Bxf6 Bxf6
1628,1635,white,120+0,e3 d5 g3 e5 Bg2 e4 Ne2 Nf6 d3 Bf5
1768,1695,white,0+1,b3 d6 Bb2 e6 d3 f6 Nd2 e5 c3 Bd7
1881,1807,white,300+8,e4 e5 Nf3 Nc6 Bc4 Nf6 Ng5 d5 exd5 Nxd5
1743,1724,black,180+0,e4 c5 f4 Nc6 Nf3 d6 Bc4 g6 d4 cxd4
1351,1720,black,120+0,d3 e6 e4 c5 Nf3 d5 Be3 d4 Bf4 e5
1803,1865,white,180+2,d4 d5 Nf3 Bg4 c3 Bxf3 exf3 e6 Nd2 Nd7
1708,1518,white,240+2,e4 d5 exd5 Nf6 Nf3 Nxd5 d4 Bg4 Be2 Nc6
1517,1650,black,300+5,e4 e5 Bc4 Nf6 d3 c6 Qe2 d5 exd5 cxd5
1552,1748,black,300+3,e4 c6 Nf3 d5 Bc4 dxc4 d3 cxd3
1856,1837,white,60+0,d4 d6 c4 Nf6 Nc3 Nbd7 Bf4 g6 e3 Bg7
1748,1552,white,300+3,d4 e6 c4 c6 Nf3 d5 Nc3 dxc4 e3 b5
1657,1510,draw,300+5,e4 e5 Nc3 c6 f4 exf4 Nf3 Be7 d4 Bh4+
1776,1947,white,0+1,b3 f5 Bb2 Nf6 e3 e6 d4 Be7 Nf3 O-O
1827,1837,white,480+0,d3 e5 Nc3 Nf6 e3 d5 Be2 Bb4 Bd2 O-O
1463,1611,black,180+0,e4 e5 f4 Nc6 Nf3 d6 fxe5 f6 exf6 Nxf6
1065,1494,black,180+0,d4 d5 Nc3 Nf6 Bg5 h6 Bxf6 exf6 e4 Bb4
1755,1681,white,300+0,e3 e6 Ne2 d5 a3 c5 c3 Nf6 d4 Nc6
1687,1788,black,120+0,e4 e6 f4 d5 e5 Nc6 d4 Nge7 Bb5 a6
1723,1349,white,120+0,e4 e5 f4 exf4 Nf3 d6 Bc4 Nc6 O-O Nf6
1168,1341,white,0+1,e4 b6 Nf3 Bb7 d3 g6 Be2 Bg7 O-O e6
1473,1396,black,300+2,e4 e5 c3 d6 d4 Qe7 dxe5 dxe5 Nf3 f6
1373,1410,white,240+4,e4 e5 Nf3 Nc6 Nc3 d6 d3 Bg4 Be2 Qf6
1932,1937,white,120+0,e4 d5 exd5 Nf6 d4 c6 dxc6 Nxc6 Be3 Bg4
1367,1364,white,120+0,e4 e5 Nf3 Nf6 d3 Nc6 c3 h6 Be2 a6
1444,1543,white,300+0,Nf3 a5 e3 b6 d4 Bb7 Be2 d5 O-O h6
1950,1384,white,180+0,e4 c6 Nf3 d5 exd5 cxd5 d4 Nc6 c4
1907,1585,black,300+15,e4 e5 Nf3 d6 d4 Bg4 dxe5 Bxf3 Qxf3 dxe5
1745,1623,white,60+0,e4 d5 e5 d4 f4 Bf5 Nf3 d3 c3 Nc6
1617,1330,white,0+1,e3 b6 d3 Bb7 Nf3 g6 Be2 Bg7 O-O e6
1387,1376,white,120+0,d4 d5 f3 Nc6 h4 Nxd4 g4 e5 f4 Nf6
1556,1596,white,540+9,e4 g6 d4 Bg7 e5 c5 c3 cxd4 cxd4 Nc6
1800,1868,black,60+0,e4 c6 Nc3 d5 e5 Bf5 d4 e6 Bd3 Bxd3
1346,1725,black,120+0,e4 e6 Nf3 c5 Nc3 d5 exd5 exd5 d3 Nf6
1529,1457,white,300+8,d4 d6 Nc3 e6 e4 c5 d5 exd5 exd5 Nf6
1500,1800,white,600+8,d4 d5 g3 c6 Bg2 Nf6 Nd2 Bg4 h3 Bh5
1679,1972,white,60+0,e4 e6 f4 d5 e5 c5 d3 Nc6 c3 b5
1466,1568,white,420+0,e4 e5 Bc4 Nf6 Nf3 h6 Nxe5 d5 exd5 Nxd5
1852,1816,black,180+2,e4 e5 d4 exd4 c3 d6 Bc4 Bd7 Nf3 c6
1254,1519,black,60+0,Nf3 d5 d4 e6 e3 Be7 Bd3 Bd7 c3 Nc6
1984,1774,black,360+5,d4 Nf6 Nf3 e6 c3 d5 Ne5 c5 e3 Nc6
1653,1569,white,900+9,e4 d6 d4 h6 f4 Nf6 Nc3 e6 Nf3 Nh7
1262,1631,black,420+0,d4 Nf6 g3 d5 Nh3 g6 Nc3 Bg7
1333,1363,black,600+8,e4 e5 c4 Nf6 d3 Nc6
1728,1343,white,120+0,e4 e6 d4 d6 Nf3 Nf6 Nc3 Be7 Bc4 O-O
1302,1571,white,600+0,e4 e6 Nf3 f5 exf5 exf5 d4 d5 Bg5 Be7
2028,1749,white,300+0,d4 d5 Nf3 e6 Nbd2 Nf6 c4 Be7 e3 O-O
1792,1868,black,120+0,c4 d6 Nc3 e5 d4 f5 dxe5 dxe5 Qxd8+ Kxd8
1752,1616,white,60+0,e4 d5 e5 d4 f4 Bf5 Bc4 Qd7 d3 Qc6
1671,1475,white,300+7,e4 e5 d3 Bc5 Bd2 d6 Nc3 c6 Nf3 Nf6
1815,1672,black,180+0,d4 e6 c4 d5 cxd5 Qxd5 Nc3 Qd8 e4 Nf6
1947,1380,white,120+0,e4 e6 Nc3 c6 f4 d6 Nf3 Nd7 d3 a6
1787,1952,white,60+0,e4 c5 Nc3 e6 f4 g6 Nf3 Bg7 Bc4 Nc6
1497,1048,black,180+0,e4 d5 exd5 Qxd5 Nc3 Qe6+ Be2 Nc6 Nf3 h6
1763,1834,white,300+0,e3 d5 Ne2 e5 a3 c5 c3 Nf6 d4 cxd4
1335,1925,black,120+0,e4 d5 exd5 Nf6 Nc3 c6 Nf3 cxd5 d4 Nc6
1780,1259,white,360+0,e4 d6 d4 Nf6 Nc3 c6 Bg5 Qd7 Qd2 Qg4
1878,1950,black,60+0,d4 e6 Nf3 d5 e3 Nf6 c4 c5 cxd5 exd5
1798,1890,white,300+8,e4 c5 Bc4 Nc6 Nc3 e6 Nf3 Na5 Be2 d6
1621,1427,black,60+0,d4 e6 e3 d5 Nf3 Nf6 Bd3 Nc6 O-O Nb4
1333,1699,black,360+0,d4 Nf6 Nf3 g6 e3 d5 Nc3 c6 Bd2 Bg7
1731,1633,black,180+0,e4 c5 f4 g6 Nf3 Bg7 c3 Nc6 Bc4 a6
1517,1323,white,300+0,e4 e5 Nf3 Be7 Bc4 d6 O-O h5 d3 h4
1483,1618,black,240+1,d4 d5 Nc3 Nc6 Nf3 Nf6 e3 e6 Bd3 Bb4
1738,1703,black,240+0,e4 b6 Nf3 Bb7 Nc3 h6 d4 e6 Bc4 Nf6
1333,1050,black,1200+10,e4 d5 e5 Nh6 g3 Bg4 Ne2 Bf3 Rg1 Ng4
1649,1697,black,180+3,e4 e6 d4 d5 Nc3 dxe4 Nxe4 f5 Qh5+ g6
1397,1588,white,120+0,d4 d5 f3 Nf6 h4 Bf5 g4 Bd7 g5 Nh5
1759,1868,white,60+0,e4 c6 f4 d5 e5 Bf5 Nf3 e6 d3 h5
1345,1373,white,600+8,e4 e5 f4 d5 exd5 exf4 Nf3 Nf6 Nc3 Bd6
1609,1730,white,120+0,d4 e6 Nc3 c5 d5 exd5 Qxd5 d6 e3 Nf6
1937,1810,white,60+0,e4 e6 Nf3 d5 e5 c5 d4 Nc6 Bd3 cxd4
1456,1432,black,180+0,e4 g6 d4 Bg7 c3 e6 Be3 Ne7 Bc4 O-O
1784,1960,black,0+1,b3 e6 Bb2 d5 d3 Nf6 Nd2 Be7 c3 O-O
1580,1656,white,300+0,d4 d5 Nf3 Nf6 g3 b6 Bg2 Bb7 O-O e6
1399,1386,white,240+4,e4 d5 exd5 Qxd5 Nc3 Qd8 Qf3 Nf6 d3 Nc6
1780,1482,draw,300+8,d4 d5 c4 e6 Nc3 Nf6 a3 Bd6 Nf3 c5
1330,1403,black,360+0,d4 d5 Nf3 Nf6 e3 e6 Nc3 Be7 Bd2 O-O
1948,1332,white,120+0,e4 e5 d3 d6 c4 c5 Nc3 Nc6 f4 f5
1452,1697,white,180+0,d4 d5 Nf3 Bf5 e3 e6 c3 Bd6 Bd3 Bg6
1470,1729,draw,300+3,b3 e5 Bb2 Nc6 e3 d5 Bb5 Bd6 Bxc6+ bxc6
1882,1603,white,120+0,d4 e6 Nf3 d5 e3 Nf6 Bd3 c5 c3 c4
1852,1773,white,60+0,d4 f5 c3 Nf6 g3 g6 Bg2 Bg7 Nf3 d6
1445,1444,black,120+1,d4 e6 e4 d5 e5 c5 c3 Nc6 Bb5 Qb6
1741,2032,white,300+0,c4 e5 Nc3 Nf6 e4 Bb4 d3 d6 Bd2 h6
1778,1967,draw,0+1,b3 e6 Bb2 d5 d4 Nf6 e3 Bd6 c4 c6
1864,1669,white,120+2,e4 a6 Nc3 b5 a3 Bb7 f4 e6 Nf3 c5
1544,1482,black,300+4,e4 d6 d4 c6 Nf3 h6 Nc3 Nd7 e5 d5
1876,1812,white,300+8,e4 e5 Nf3 Nf6 Nc3 Bb4 Nxe5 Bxc3 dxc3 Qe7
1714,1624,white,120+0,e4 d5 exd5 Qxd5 Nc3 Qe5+ Be2 Bg4 d4 Bxe2
1228,1475,white,180+0,d4 d5 Nc3 Nf6 a3 Nc6 g3 Nxd4 Qxd4
1667,1810,black,480+3,d4 f5 Nc3 Nf6 e3 e6 Nf3 Be7 Ne5 O-O
1588,1407,white,1800+3,e4 e5 f4 d6 Nf3 f5 d3 Nc6 c3 Nf6
1579,1570,black,300+0,d3 d6 e3 b6 a3 Bb7 b3 Nd7 Bb2 e6
1886,1918,black,480+8,d4 Nf6 c4 c5 d5 b5 cxb5 a6 bxa6 Bxa6
1627,1616,black,1200+20,e4 e6 d4 c5 c3 Qa5 Bd2 Qb6 Nf3 Qxb2
1379,1949,black,120+0,e4 e5 Nf3 d6 Bc4 c6 c3 h6 h3 Nf6
1615,1723,black,120+0,d4 c5 Nc3 cxd4 Qxd4 Nc6 Qf4 e5 Qf3 Nf6
1474,1588,white,540+0,e4 e5 Nf3 d5 exd5 Qxd5 Nc3 Qd6 Bc4 Bg4
1540,1523,white,300+0,e4 d5 exd5 Qxd5 Nc3 Qa5 Nf3 c5 d3 e6
1621,1675,white,480+8,d4 e6 e3 Nf6 Bd3 d5 Nd2 Nc6 f4 Bd7
1414,1249,white,120+0,d4 Nc6 f3 g6 e4 Bg7 e5 d6 f4 dxe5
1627,1676,black,600+5,e4 e6 Nf3 d5 exd5 exd5 c4 d4 d3 c5
1331,1925,black,120+0,e4 d5 exd5 Nf6 Nc3 c6 Nf3 cxd5 Be2 Nc6
1716,1471,white,180+0,e4 e5 f4 d6 Nf3 Nc6 d4 Bg4 d5 Nd4
1052,1152,white,300+4,d4 d6 f3 g6 g3
1961,1783,black,0+1,e4 d5 exd5 Nf6 Nc3 Nxd5 Nxd5 Qxd5 Nf3 Qd8
1648,1591,black,300+2,d4 d5 c4 c6 Nc3 dxc4 a4 b6 Nf3 Ba6
1582,1428,white,300+7,e4 e6 d4 Nf6 Nc3 Bb4 Bg5 h6 Bh4 g5
1828,1840,black,180+2,d4 d5 Nf3 Nc6 Bg5 f6 Bh4 Qd7 Nbd2 e5
1167,1314,black,1200+10,e4 e5 Nf3 d6 Bc4 Nf6 Ng5 Be6 Bxe6 fxe6
1606,1552,black,120+15,e4 c5 Nf3 e6 Nc3 a6 d4 cxd4 Qxd4 Nc6
1683,1542,white,300+0,e4 e5 f4 Qh4+ g3 Qf6 d3 Bc5 Nf3 exf4
1458,1460,white,300+0,e3 d5 d4 e6 c4 dxc4 Bxc4 Nf6 Nc3 Bb4
1599,1888,black,120+0,d4 d6 e3 Nf6 Nf3 Nbd7 Bd3 e5 dxe5 dxe5
1390,1537,white,300+8,d4 Nf6 Nf3 g6 e3 Bg7 c4 O-O Nc3 d6
1725,1716,white,180+0,e4 b6 Nf3 Bb7 Nc3 h6 d4 e6 Bc4 Nf6
1321,1316,white,360+0,d4 c5 dxc5 e5 e3 Qa5+ Bd2 Qxc5 Nc3 Qb6
1596,1632,white,600+7,b3 e5 e4 Nf6 d3 d5 Nd2 Bb4 Qe2 O-O
1732,1608,white,120+0,e4 g6 d4 Bh6 Bxh6 Nxh6 Nf3 O-O Nc3 d6
1683,1927,black,420+4,e4 c5 Nf3 e6 Nc3 a6 Be2 b5 d3 Qc7
1624,1446,black,240+1,d4 g6 Nf3 Bg7 Nc3 c6 e4 d5 e5 e6
1420,1430,black,120+0,d4 g6 f3 Bg7 h4 e6 g4 h5 g5 Ne7
1817,1783,white,300+5,d4 Nf6 Nf3 d6 e3 Bg4 Be2 Bxf3 Bxf3 Nc6
1894,1594,white,120+0,d4 Nf6 Nf3 e6 e3 Be7 Bd3 O-O Nbd2 b6
1429,1222,white,900+0,e4 e6 d4 Qh4 e5 Qe4+ Ne2 d5 f3 Qh4+
1803,1885,black,300+8,d4 d5 c4 dxc4 Nc3 c6 Bf4 Nf6 Bxb8 Rxb8
1826,1686,white,480+0,d4 d5 Nf3 Nf6 e3 e6 c4 c6 c5 Be7
1686,1893,white,300+0,e4 e5 f4 d5 exd5 exf4 Nc3 Bb4 Nge2 f3
1600,1739,black,120+0,d4 c5 d5 e5 dxe6 fxe6 e3 Nf6 Bc4 d5
1775,1729,white,300+0,e3 g6 d4 Bg7 c4 d6 Nc3 Nd7 Be2 e5
1475,1545,black,300+3,b3 e5 Bb2 Nc6 e3 d6 Bb5 Bd7 Bxc6 Bxc6
1490,1584,black,420+3,d4 c6 e3 b5 Nf3 a5 c3 h6 e4 e6
1500,1446,black,1800+0,d3 d6 Be3 e5 f4 f6 Nf3 c6 d4 e4
1720,1705,white,180+0,e4 e5 f4 exf4 Nf3 Nf6 Nc3 Bb4 e5 Bxc3
1747,1593,white,120+0,e4 d6 d4 e6 Nf3 h6 Nc3 Ne7 Bc4 Ng6
1659,1720,white,300+8,Nc3 e5 d4 exd4 Qxd4 Nc6 Qa4 Nf6 a3 d5
1882,1817,white,300+15,e4 f5 exf5 Nf6 d4 d5 Bd3 e6 Qe2 Qe7
1465,1512,white,300+3,b3 d5 Bb2 c5 e3 e6 d4 Nf6 dxc5 Bxc5
1899,1620,white,120+0,d4 Nf6 Nf3 e6 e3 c5 Bd3 cxd4 exd4 d5
1522,1610,black,240+1,b3 e5 Bb2 Nc6 f3 d5 e4 d4 Ne2 Nf6
1941,1822,black,60+1,e4 e5 d4 exd4 Nf3 Nc6 c3 Nf6 e5 Qe7
1567,1094,white,300+0,d3 d5 e3 Nf6 a3 Nc6 b3 g6 Bb2 Bg7
1899,1435,white,900+0,e4 e5 Nf3 d6 d4 Bg4 Nc3 Bxf3 gxf3 exd4
1441,1409,white,120+0,g3 d5 Bg2 e5 e3 c6 Ne2 f6 O-O Be6
1606,1764,black,480+0,d4 e6 e4 d5 e5 f6 exf6 Nxf6 Bd3 c5
1500,1591,white,60+0,e4 e5 Nc3 d6 Bc4 Nf6 d3 Be7 Nge2 O-O
1399,1300,black,120+0,d4 b6 f3 Bb7 e4 h6 e5 e6 f4 d6
1620,1608,white,600+7,e4 e5 Nf3 Nc6 Bc4 Be7 d4 d6 d5 Na5
1736,1700,white,240+0,e4 c5 Nf3 e6 d4 cxd4 Nxd4 Nc6 Nc3 a6
1550,1584,white,300+5,e4 e5 Nf3 d6 d4 exd4 Nxd4 Be7 Bd3 Bf6
1512,1468,black,300+0,e4 e5 Nf3 Nc6 d4 exd4 Nxd4 Nxd4 Qxd4 d6
1511,1323,white,600+0,e4 e5 Nf3 Nc6 Bb5 Nf6 Bxc6 dxc6 Nxe5 Nxe4
2011,1481,white,300+0,d4 d5 Nf3 e6 b3 c5 Bb2 b5 e3 c4
1514,1691,black,60+8,e4 c5 Bc4 e6 Qe2 Nc6 c3 Nf6 Bb3 Be7
1332,1305,black,360+0,d4 e6 Nf3 Qf6 Nc3 h6 e3 Bb4 Bd2 Nc6
1616,1905,black,120+0,e4 d6 d4 Nf6 Nc3 Nbd7 Nf3 e5 Be3 Be7
1274,1183,white,300+5,e4 e5 Nf3 d6 Bc4 a6 d4 b5 Bd5 Ra7
1732,1800,white,180+0,e4 e6 f4 d5 exd5 exd5 d4 c5 Nf3 c4
1666,1582,white,180+0,e4 e5 f4 f6 Nf3 Ne7 fxe5 fxe5 Nxe5 d6
1725,1580,white,60+0,d4 e6 Nf3 d5 c4 Nf6 Bg5 Be7 e3 dxc4
1534,1690,white,300+0,e4 c5 c3 d6 d4 cxd4 cxd4 e6 Nc3 Be7
1560,1466,white,240+1,d4 d5 c4 c6 Nc3 Nf6 Bg5 Nbd7 Bxf6 Nxf6
1479,1461,white,300+3,b3 e5 Bb2 Nc6 e3 d5 Bb5 Nf6 Bxc6+ bxc6
1385,1285,black,120+0,e4 g6 d4 Bg7 e5 e6 f4 b6 Nf3 Bb7
1454,1500,black,300+0,e4 e5 f4 exf4 Nf3 g5 Bc4 Bg7 O-O d6
1776,1650,black,240+0,e3 c5 d3 d5 g3 Nc6 Bg2 Nf6 h3 e5
1735,1648,white,600+5,e4 e5 Nf3 Nc6 Bb5 Bd6 c3 a6 Ba4 b5
1357,1434,black,900+15,e4 d6 d4 g6 Bc4 Bg7 Qf3 e6 Nh3 Nf6
1206,1375,white,240+4,e4 e6 f4 Nc6 Nf3 Nf6 d3 Bd6 Nc3 b6
1467,1477,black,120+0,d4 d5 Nf3 Nf6 Nbd2 a6 c4 dxc4 Nxc4 e6
1573,1803,black,60+0,d4 d5 e3 Nf6 Nf3 Bg4 Be2 e6 Ne5 Bf5
1792,1675,black,300+0,e4 d5 exd5 Nf6 d4 c6 dxc6 Nxc6 Nf3 e5
1569,1499,white,300+0,d3 d5 e3 Nf6 a3 Nc6 h3 e5 b3 Bd6
1440,1582,white,300+0,d4 d5 c4 Nf6 Nf3 Bf5 Nc3 dxc4 e3 e6
1521,1764,black,300+8,e4 c5 Nf3 Nc6 d4 cxd4 Nxd4 e6 Nxc6 bxc6
1911,1612,white,120+0,d4 c5 e3 cxd4 exd4 d5 Bd3 Nf6 h3 Nc6
1536,1436,black,540+9,e4 e5 Nf3 Nc6 Bc4 Be7 Ng5 Bxg5 Qh5 g6
1528,1556,black,600+0,e4 e5 h3 g6 Nf3 Bg7 d3 Ne7 Bg5 O-O
1808,1720,black,300+4,e4 g6 d4 Bg7 Nf3 d6 Nc3 Nd7 Bd3 e5
1301,1371,black,0+5,c4 d5 cxd5 Qxd5 Nc3 Qd8 Nf3 c6 g3 f6
1386,1425,white,120+0,e4 e6 d4 d5 e5 c5 Nf3 Nc6 Be3 cxd4
1729,1894,black,300+8,d4 d5 c3 Nf6 f3 c5 dxc5 e5 Qa4+ Bd7
1455,1847,white,60+0,a3 d5 e3 Nc6 d4 e5 Nf3 e4 Nfd2 f5
1817,1876,draw,720+0,e4 g6 Nf3 b6 Bc4 Bb7 d3 e6 O-O Bg7
1746,1610,black,240+0,e4 e6 d4 d5 exd5 exd5 Nc3 Bd6 Nf3 Bg4
2001,2055,white,180+0,e4 e5 Nf3 f5 Qe2 Nc6 exf5 d6 d4 Bxf5
1160,1321,black,1200+10,e4 e5 Nf3 d6 Bc4 Nh6 d4 exd4 Qxd4 Be7
1324,1510,white,300+0,e4 e5 Qh5 Nc6 Bc4 Qe7 d3 Nf6 Qg5 h6
1380,1488,black,120+0,d4 a5 f3 b6 e4 Bb7 e5 e6 f4 d6
2012,1665,white,300+0,b4 e5 Bb2 d6 c4 Nf6 e3 Be7 d3 O-O
1452,1574,white,420+8,e4 e5 Qh5 Nc6 Bc4 g6 Qf3 Qf6 Nc3 Qxf3
1411,1419,black,120+0,d4 e6 e4 d5 exd5 exd5 Nf3 Nc6 Bd3 Bg4
1407,1440,white,60+2,d4 d5 c4 Nf6 cxd5 Nxd5 e4 Nb6 d5 N8d7
1747,1500,white,240+0,e3 Nf6 d3 e6 h3 Nc6 a3 d5 g4 Bc5
1282,1016,white,300+5,e4 d5 exd5 Qxd5 Nc3 Qe6+ Be2 Qg6 g3 Nc6
1180,1219,white,60+0,c4 c5 d3 Nc6 Nc3 Nd4 Bd2 d5 e3 dxc4
1599,1421,white,480+0,d4 d5 c4 dxc4 e3 e6 Nf3 h6 Bxc4 a6
1489,1771,black,540+0,e4 c5 Nc3 Nc6 Nf3 d6 Bc4 e6 d4 cxd4
1388,1501,black,480+6,e4 e5 Nf3 Nc6 d3 Nf6 Bg5 Be7 Bxf6 Bxf6
1748,1826,black,300+5,d4 e6 c4 d6 Nc3 c6 Nf3 a6 e4 Nd7
1500,1585,black,600+5,e4 e6 Bc4 Nf6 f3 Qe7 Nc3 Nc6 d4 Qb4
1744,1508,white,60+8,e4 e5 Nf3 Nc6 Bb5 d6 O-O Bd7 c3 Nf6
2043,2013,black,180+0,e4 c5 d4 cxd4 c3 dxc3 Nxc3 a6 Nf3 e6
1450,1521,black,540+9,e4 e5 Nf3 Nc6 Nc3 Nf6 d3 d5 exd5 Nxd5
1500,1745,white,180+0,d4 d5 Bg5 c5 e3 cxd4 exd4 Nc6 c3 Bf5
1291,1329,white,0+5,d4 d5 c3 Nc6 e3 f6 g3 e5 Bg2 e4
1884,1806,white,60+0,e4 e5 Nf3 Nc6 Nc3 Nf6 Bc4 Bb4 O-O d5
2025,2031,white,180+0,Nf3 d5 g3 Nc6 Bg2 e5 d3 f5 O-O Nf6
1500,1090,black,300+4,e3 d5 Bd3 Nc6 Qe2 g6 e4 f5 e5 e6
1578,1653,black,300+0,d3 Nf6 e3 e5 a3 d5 b3 c6 Bb2 Bd6
1490,1451,black,300+3,b3 e5 Bb2 Nc6 e3 d5 Bb5 Bd6 Bxc6+ bxc6
1833,1530,white,480+0,d4 e5 dxe5 Bc5 Nf3 d6 Nc3 dxe5 Qxd8+ Kxd8
1474,1196,draw,1800+0,e4 d6 Bc4 Nf6 f3 d5 e5 Ng8 Bd3 Nc6
1568,1189,white,60+0,d4 d5 e3 Nc6 Nf3 e5 Bb5 exd4 Bxc6+ bxc6
1349,1490,black,300+0,e4 d5 Nc3 dxe4 Nxe4 Nc6 Bb5 Bd7 Nc5 Rb8
1634,1662,black,480+8,d4 e6 e3 Nf6 Bd3 d5 Nd2 Nc6 f4 Bd7
1829,1530,black,180+0,f4 e6 Nf3 d5 d4 Nf6 e3 Nc6 Bd3 Bd6
1625,1590,white,120+15,e4 e5 Nc3 Nf6 f4 exf4 Nf3 g5 e5 Ng4
1523,1316,black,300+8,d4 d5 e4 dxe4 Nc3 e5 d5 Nf6 f3 exf3
1597,1631,black,600+7,e4 e5 Nf3 Nc6 Bc4 Nd4 Nxe5 Qg5 Ng4 d5
1610,1153,white,900+10,e4 e5 Nf3 Nc6 Bb5 Nd4 Nxd4 exd4 O-O c6
1563,1572,white,300+5,e4 e5 Nc3 Nf6 f4 d6 Nf3 exf4 d4 Qe7
1667,1092,white,300+3,e4 e5 Nf3 d6 Nc3 Nf6 d4 g6 dxe5 dxe5
1797,1892,black,60+0,Nf3 d5 g3 Nc6 Bg2 Nf6 d4 e6 c4 Bd6
1500,1649,black,1200+15,e4 c5 Nc3 d6 Nf3 Nf6 d3 g6 b3 Bg7
1530,1675,black,180+0,e3 d5 d3 e5 Qe2 c5 f3 d4 e4 f5
1372,1420,black,120+0,d4 e5 f3 exd4 Qxd4 Nc6 Qd1 Bb4+ c3 Bc5
1401,1362,white,1800+3,d4 e6 Nf3 Qf6 e4 d5 Nc3 Nc6 exd5 exd5
1305,1754,black,0+5,c4 e6 d4 c5 g3 d5 cxd5 exd5 dxc5 Bxc5
1578,1674,black,120+15,e4 c5 Bc4 e6 Nf3 Nc6 O-O a6 c3 Nf6
1497,1559,black,120+0,d4 Nf6 Nf3 g6 a3 Bg7 c3 O-O e3 c5
1605,1415,white,480+0,d4 d5 c4 dxc4 Nf3 e6 e3 a6 Bxc4 Nc6
1482,1500,white,420+3,d4 d5 e3 c5 Nf3 e6 c3 Nc6 Nbd2 Nf6
2015,2020,black,180+0,d4 e5 dxe5 d6 Nf3 Nc6 e4 Bg4 Be2 Bxf3
1391,1588,black,660+6,e4 e5 Nf3 Nc6 Bc4 Be7 Bd5 d6 Bxc6+ bxc6
1578,1103,white,120+10,e4 e5 Bc4 Nh6 d4 exd4 Bxh6 gxh6 Qxd4 Rg8
1810,1735,black,180+0,f4 Nf6 e3 g6 d4 Bg7 Nf3 e6 Bd3 d6
1777,1733,black,300+0,e4 e5 d4 exd4 c3 dxc3 Bc4 Bb4 bxc3 Bc5
1900,1694,white,300+8,e4 e5 Nf3 Nf6 Nc3 Nc6 d4 Bd6 dxe5 Bxe5
1662,1797,black,300+0,d4 Nf6 c4 d5 cxd5 Nxd5 e4 Nb6 Nc3 e6
1443,1361,white,180+0,e4 e5 f4 d6 Nf3 Nc6 Bc4 exf4 d4 Qf6
1899,1790,black,60+0,e4 Nf6 e5 Nd5 c4 Nb6 Nf3 d6 exd6 cxd6
1500,1182,black,120+0,e4 e5 Nf3 Nc6 Nc3 Nf6 d4 d6 dxe5 dxe5
1450,1470,black,0+1,e4 d6 f4 c6 d4 e6 g3 Bd7 Nf3 Be7
1500,1638,white,300+10,e4 d5 exd5 Nf6 Bb5+ c6 dxc6 Nxc6 Nc3 e5
1215,1229,white,120+0,e4 e5 g3 Nf6 Nc3 Nc6 Nf3 d5 exd5 Nxd5
1580,1615,black,120+10,e4 e5 Bc4 Nf6 Nc3 Nc6 a3 Bc5 h3 O-O
1799,1927,black,0+1,b3 d5 Bb2 e5 d3 f6 Nd2 c6 e3 Bd6
1755,1500,white,240+0,e3 e6 d3 d5 g3 Nf6 Bg2 Bb4+ Nd2 O-O
1435,1164,black,900+10,e4 d5 exd5 Qxd5 Nc3 Qe5+ Qe2 Qxe2+ Ngxe2 e5
1569,1504,draw,300+0,d3 d5 e3 e5 a3 Bd6 b3 Nf6 Bb2 O-O
1679,1886,white,60+0,e4 e5 Bc4 Nc6 d3 Nf6 Ne2 Bc5 O-O O-O
1508,1380,white,480+6,e4 e5 Nf3 Nf6 Nc3 d6 g3 a6 Bg2 c5
1523,1331,black,180+0,e3 e5 d3 Nc6 Qe2 Nf6 f3 Bc5 h3 O-O
1592,1479,white,60+2,d4 d5 c4 Nf6 Nc3 c6 Nf3 e6 g3 Qc7
1662,1683,black,180+0,e4 c5 Nf3 Nc6 d4 cxd4 Nxd4 g6 f3 Bg7
1520,1360,black,600+8,e4 e5 Nf3 Nc6 Bc4 Nf6 Ng5 d5 exd5 Nxd5
1934,1792,black,0+1,e4 d6 d4 e5 Nc3 exd4 Qd3 Nc6 Nce2 Ne5
1561,1574,white,300+5,e4 d5 exd5 Nf6 c4 c6 Nc3 cxd5 cxd5 Nxd5
1136,1241,black,120+0,e4 e5 Qf3 Nf6 Bc4 Nc6 Nh3 Nd4 Qf5 Nxf5
1667,1905,black,300+8,e4 e5 d4 exd4 Qxd4 Nc6 Qe3 Nb4 Na3 d6
1623,1646,black,300+5,e4 e5 Nf3 Nc6 Bc4 h6 O-O Nf6 Re1 d6
1807,1919,black,0+1,c4 e5 Nc3 f5 d4 Nf6 dxe5 Ng4 e6 d6
1872,1664,white,60+0,e4 e5 Nf3 Nc6 Nc3 Nf6 Bc4 Nxe4 O-O Nxc3
1799,1500,white,60+0,e4 e5 Bb5 Bc5 d3 Qf6 Qf3 c6 Ba4
1745,1638,black,600+5,e4 e5 Nf3 Nc6 Bb5 Qf6 Nc3 Nd4 Nxd4 exd4
1926,1862,black,120+0,e4 c6 d4 d5 Nc3 dxe4 f3 exf3 Qxf3 g6
1796,1748,white,180+0,f4 c5 Nf3 d6 e4 Nf6 d3 g6 c3 Bg7
1775,1499,white,300+8,d4 d5 c4 Nf6 Nc3 e6 Bg5 dxc4 e4 Be7
1524,1128,white,300+0,e4 e5 Nf3 f6 Nxe5 fxe5 Qh5+ g6 Qxe5+ Qe7
1530,1441,white,540+9,e4 e5 Nf3 Nc6 Bc4 Be7 d4 exd4 Nxd4 d6
1617,1550,white,600+5,e4 e5 Nf3 Nc6 c4 Nf6 Nc3 a6 d3 Bb4
1477,1451,black,180+0,b3 Nf6 Bb2 g6 Bxf6 exf6 e3 Bg7 g3 O-O
1559,1460,black,600+10,d4 Nf6 e3 e6 a3 d5 Bb5+ Bd7 Qe2 c6
1653,1877,black,60+0,e4 e5 Nc3 Nc6 f4 exf4 Nf3 Bc5 Bc4 Nf6
1410,1374,black,1800+3,d4 d5 Nf3 e6 Bf4 h6 Nbd2 Na6 e4 Nb4
1914,1876,black,120+0,e4 c6 d4 d5 Nc3 dxe4 f3 exf3 Qxf3 g6
1823,1451,black,60+0,d4 g6 Nf3 Bg7 c3 e6 e4 Ne7 Bd3 d6
1759,1754,white,120+10,e4 e5 Nc3 Nf6 Nf3 d6 d4 exd4 Nxd4 g6
1328,1443,black,1200+10,e4 d6 g3 g6 Nf3 Bg7 Bg2 Nf6 O-O Nbd7
1890,1836,white,300+13,e4 c5 Nf3 d6 Nc3 Nc6 Bc4 g6 d3 Bg7
1165,1260,white,120+0,d4 d5 e3 Nc6 h3 Nf6 a3 e5 Nf3 exd4
1645,1571,white,1200+0,d4 Nf6 Nc3 d5 Bf4 Bf5 Nb5 e5 Bxe5 Bd6
1506,1457,white,180+0,d3 d5 e3 e5 Qe2 Nc6 f3 Nf6 h3 Bd6
1677,1497,black,300+0,d4 d5 e3 Nf6 c4 e6 a3 Nc6 b4 a6
1470,1702,black,60+0,g3 d5 Bg2 c6 e3 f5 Ne2 Nf6 d3 e5
1882,1643,white,60+0,e4 e5 Nf3 Nc6 Nc3 Nf6 Bc4 Be7 O-O Nxe4
1487,1568,black,120+10,e4 e5 d4 exd4 Qxd4 Nc6 Qd3 Nb4 Qc3 Nf6
1763,1554,black,300+0,e4 e5 d4 exd4 c3 dxc3 Bc4 d6 Nf3 Bg4
1491,1500,white,360+8,c4 d5 d4 dxc4 e3 b5 a4 c6 axb5 cxb5
1763,1787,black,240+0,e3 e6 d3 d5 g3 c5 Bg2 Nf6 h3 Nc6
1633,1886,draw,60+0,e4 e5 Nc3 Nc6 f4 Nf6 Nf3 exf4 d4 d6
1818,1807,black,720+0,e4 f5 d3 fxe4 dxe4 d6 Bd3 Nf6 h3 e5
1889,1902,white,120+0,d4 e5 dxe5 d6 exd6 Bxd6 Nf3 Nf6 e3 Qe7
1628,1757,draw,300+10,d4 c5 Nf3 d5 g3 Nf6 Bg2 e6 Nbd2 Nc6
1862,1655,white,300+0,d4 d5 g3 e6 Bg2 c5 c3 Nc6 Nf3 Nf6
1437,1345,black,600+8,e4 e6 d4 c6 Nc3 h6 e5 b5 Nf3 Bb7
1151,1435,black,900+0,e4 e5 Nf3 Nc6 Bc4 h6 d4 exd4 Nxd4 Qh4
1567,1349,white,300+0,d3 e5 e3 Nf6 a3 Nc6 b3 a6 h3 b5
1710,1567,white,120+15,e4 e5 Nc3 Nc6 f4 exf4 Nf3 Bd6 d4 f6
1385,1593,black,1200+15,e4 e5 Nf3 Nc6 d3 Nf6 Bg5 Be7 h4 h6
1385,1451,white,660+6,e4 d6 Nf3 e6 d3 c6 Nc3 d5 exd5 cxd5
1174,1348,black,900+8,d4 d5 Nc3 e6 Nf3 Nc6 Bg5 Nge7 e3 h6
1728,1465,white,60+0,d4 g6 Bf4 Bg7 Be5 Bxe5 dxe5 e6 Nf3 Ne7
1794,1745,black,300+4,e4 g6 d4 Bg7 Nf3 d6 Nc3 Nd7 Be2 e5
1880,1647,black,60+0,e4 e5 Nf3 Nc6 Nc3 Nf6 Bc4 Nxe4 O-O Nxc3
1506,1797,black,180+8,e4 e6 d4 d5 exd5 exd5 Bd3 Nf6 h3 g6
1744,1739,white,240+0,e3 d6 d3 Nf6 h3 g6 g3 Bg7 Bg2 O-O
1512,1370,white,120+4,e4 e5 Nf3 Nc6 d4 Nf6 dxe5 Nxe4 Bd3 d5
1464,1199,white,180+0,e4 c5 Nf3 d6 c3 a6 d4 h6 Be3 cxd4
1287,1474,black,300+5,e4 g6 d4 Bg7 Nc3 e6 f4 Ne7 Nf3 O-O
1476,1536,white,900+5,e4 e5 Nf3 Nc6 Bb5 g6 Bxc6 bxc6 Nxe5 Bg7
1646,1751,white,420+5,e4 e5 Nf3 Nc6 d4 exd4 Nxd4 Nxd4 Qxd4 c5
1680,1863,black,60+0,e4 e5 Nc3 Nc6 f4 Nf6 Bb5 Bc5 Bxc6 dxc6
1745,1741,white,300+0,e4 c5 Nf3 e6 d4 d5 exd5 Nf6 dxc5 Bxc5
1550,1500,white,300+5,e4 d5 exd5 Qxd5 Nc3 Qc6 Qf3 b6 Qxc6+ Nxc6
1464,1194,white,300+3,b3 d5 Bb2 c6 e3 Nf6 Bxf6 exf6 Nf3 Be6
1731,1757,black,300+0,e4 d5 exd5 e5 Nc3 Nf6 d3 Nxd5 f4 Nxc3
1869,1669,black,60+0,e4 e5 Nf3 Nc6 Nc3 Nf6 Bc4 Nxe4 Kf1 Nxc3
1425,1563,white,1200+0,e4 g6 d4 Bg7 Nf3 d6 Bc4 Bg4 h3 Be6
1307,1300,white,180+2,e4 e5 c3 d6 d4 Be6 d5 Bd7 h3 f6
1516,1343,white,180+0,d3 e5 e3 d5 Qe2 c5 f3 Nf6 h3 h6
1303,1326,white,0+1,b3 b6 Bb2 Bb7 d4 g6 e3 Bg7 g3 Bxh1
1513,1635,white,300+0,e4 d5 exd5 Qxd5 Nf3 c6 c4 Qd8 Be2 e6
1303,1891,black,0+5,b3 e5 Bb2 f6 e3 d5 g3 Nc6 Bg2 Be6
1559,1736,black,120+15,e4 c5 d4 cxd4 Nf3 Nc6 Bb5 Qa5+
1723,1749,draw,480+0,e4 e5 Nf3 d6 Bc4 Be7 d3 c5 a3 a5
1468,1292,white,420+2,e4 d5 e5 Bf5 d4 e6 h3 Qh4 Nf3 Qe4+
1823,1421,black,300+3,e4 e5 Nc3 Nf6 Bc4 Bc5 Nf3 O-O O-O Nc6
1587,1748,black,60+0,d4 d5 Nc3 c6 e4 dxe4 Nxe4 Nd7 Bc4 Ngf6
1776,1581,white,60+0,e4 d5 exd5 Qxd5 Nc3 Qe5+ Be2 Bg4 f3 Bf5
1758,1551,white,120+15,e4 e5 Nc3 Nf6 f4 exf4 Nf3 d5 e5 Qe7
1587,1506,white,300+8,d4 Nf6 Bf4 d6 Nc3 g6 e4 Bg7 Nf3 O-O
1302,1363,black,0+5,b3 d5 Bb2 d4 e3 dxe3 fxe3 f6 g3 e5
1288,1332,white,180+2,d4 c6 e3 d5 Bd3 h6 Qf3 Nf6 e4 dxe4
1748,1927,draw,120+1,e4 e5 Nf3 Nc6 Bb5 a6 Ba4 b5 Bb3 Nf6
1518,1502,white,120+4,e4 e5 Nf3 Nc6 d4 exd4 Nxd4 Qf6 c3 Bc5
2015,1678,white,1200+5,e4 e5 f4 exf4 Nf3 Nf6 Nc3 Bb4 e5 Bxc3
1736,1778,black,120+10,e4 Nc6 Nf3 e5 Bb5 Bd6 c3 a6 Bxc6 dxc6
1605,1500,black,600+8,e4 c5 Nf3 Nc6 d4 cxd4 Nxd4 Nxd4 Qxd4 d6
1650,1502,white,180+0,d4 e6 e4 c5 Nf3 Nc6 Be3 cxd4 Nxd4 Nge7
1557,1348,black,300+5,e4 d5 exd5 Qxd5 Nc3 Qc6 Qf3 Qxf3 Nxf3 Bg4
1522,1316,white,180+0,e3 d5 d3 d4 e4 e5 Qe2 f6 f3 Bb4+
1728,1885,black,600+5,e4 e5 Nf3 Nc6 Bb5 a6 Ba4 Nf6 O-O Be7
1452,1592,black,900+0,d4 c6 c4 b6 e3 a5 Nc3 Ba6 Nf3 d5
1575,1799,black,60+0,d4 d5 Nc3 c6 e4 dxe4 Nxe4 Nd7 Nf3 Ngf6
1784,1500,white,300+8,d4 d5 c4 Nf6 Nc3 e6 Bg5 Be7 Nf3 h6
1320,1147,black,1200+15,e4 e5 d3 Nc6 Nc3 Nd4 g3 c6 f4 Bd6
1805,1658,black,180+0,e4 d5 exd5 Qxd5 Nf3 Qe6+ Be2 Qg6 O-O Bh3
1551,1469,white,240+0,e4 e5 Bc4 Nc6 Qf3 Qe7 Ne2 Na5 Bd5 c6
1372,1472,white,120+0,d4 d5 f3 Nf6 h4 c6 g4 e6 g5 Nfd7
1468,1571,black,300+3,b3 e5 Bb2 e4 e3 f5 Qh5+ g6 Qe2 Nf6
1817,1570,white,60+0,d4 d5 Bg5 h6 Bh4 Qd6 c3 Qg6 Bg3 e6
1418,1119,white,300+8,e4 e5 Nf3 Nf6 Nxe5 Nxe4 Qe2 Bc5 Qxe4 Qf6
1373,1515,black,480+6,Nc3 e5 Nf3 Nc6 d4 exd4 Nxd4 Nxd4 Qxd4 Qf6
1660,1545,white,420+5,e4 e5 Nf3 d6 d4 Bg4 dxe5 Bxf3 Qxf3 dxe5
1444,1401,white,900+0,e4 d6 Nf3 e5 Bc4 g6 O-O Bg7 Nc3 Nc6
1674,1782,white,180+0,e4 d5 exd5 Nf6 c4 e6 dxe6 Bxe6 Nc3 Bb4
1227,1476,black,120+0,e4 d6 d4 g6 d5 Bg7 Nf3 c6 Nc3 Nf6
1752,1764,white,300+8,d4 Nf6 c4 g6 Nc3 Bg7 Nf3 d6 e3 O-O
1754,1942,white,120+1,e4 Nf6 e5 Nd5 c4 Nb6 d4 e6 Nf3 d6
1424,1496,black,600+8,e4 e6 d4 h6 Nc3 c6 Bc4 b5 Bb3 Qa5
1578,1533,black,120+10,e4 e5 Bc4 Nf6 Nc3 Bc5 h3 O-O Nf3 d6
1482,1113,white,300+8,e4 e5 Nf3 Nf6 Nc3 Nc6 Bc4 Na5 Bd5 Nxd5
1566,1832,white,60+0,d4 e6 Nc3 b6 e4 Bb7 Be2 Bb4 Bf3 Bxc3+
1491,1529,black,120+4,e4 g6 Bc4 Bg7 Qf3 e6 d3 d6 c3 Nf6
1544,1775,black,120+15,e4 c5 Nf3 e6 Nc3 a6 d4 cxd4 Nxd4 Nc6
1572,1593,black,300+0,d3 Nf6 e3 e6 a3 c5 b3 g6 Bb2 Bg7
1480,1216,white,120+0,d4 d5 Nf3 f6 c4 dxc4 Nc3 Nc6 e4 Bg4
1706,1734,black,180+0,d4 d5 e3 c5 c4 cxd4 exd4 Nf6 Nc3 dxc4
1527,1447,black,180+0,e3 d5 d3 e5 Qe2 Nc6 f3 Be6 h3 Nf6
1574,1358,white,300+3,e4 e5 Nf3 Nc6 Bb5 Bc5 c3 a6 Ba4 Nf6
1367,1407,black,600+7,Nf3 d5 d4 Bf5 g3 e6 Bg2 Nc6 Nc3 Bd6
1772,1583,white,60+0,d4 d5 Bg5 e6 Bxd8 Kxd8 Nf3 Bd6 Ne5 Bxe5
1278,1451,black,300+8,d4 d6 e3 g6 h4 Bg7 g4 Nf6 g5 Nd5
1386,1340,white,120+0,d4 d5 f3 Bf5 e4 dxe4 fxe4 Bg6 Bd3 f6
1754,1578,white,300+3,d4 c5 d5 d6 c4 e6 Nc3 Nf6 e4 Be7
1207,1484,black,120+0,e4 d6 d4 g6 Nf3 Bg7 Bf4 Nf6 Bg5 Nxe4
1581,1553,white,-,e4 e5 Nf3 Nc6 Bc4 Nf6 a3 Bc5 Ng5 d5
1916,1592,white,600+5,e4 d5 exd5 Qxd5 Nc3 Qe5+ Qe2 Qxe2+ Bxe2 e6
1474,1189,black,1800+0,e4 e5 Qh5 Nh6 Qxe5+ Qe7 Qxe7+ Bxe7 Nc3 c5
1305,1500,white,180+2,e4 e5 c3 Nf6 d3 Nc6 h3 d5 Nf3 dxe4
1168,1390,black,1200+15,e4 d5 d3 dxe4 d4 Be6 Nc3 Nc6 Nxe4 Nxd4
1771,1919,white,120+1,e4 e5 Nf3 Nc6 Bb5 a6 Ba4 b5 Bb3 Be7
1668,1529,white,300+3,e4 e5 Nf3 Nc6 Nc3 d6 d4 exd4 Nxd4 Nxd4
1534,1599,black,600+7,e4 c6 d4 d5 e5 e6 Nf3 a6 Bg5 Be7
1748,1724,white,480+0,e4 e5 Nf3 d6 Bc4 h6 h3 Qe7 O-O Be6
1578,1790,black,60+0,d4 d5 Nc3 c6 e4 Nf6 e5 Nfd7 Bd3 Nb6
1790,1538,black,120+15,e4 e6 Nc3 Nf6 d4 d5 e5 Nfd7 Be3 Bb4
1329,1395,white,120+0,e4 d5 exd5 Qxd5 d4 Qd8 Nf3 e6 Bd3 f5
1161,1453,white,1800+0,e4 e6 d4 c6 Nf3 f6 Nc3 a6 e5 Be7
1895,1787,white,120+1,d4 Nf6 c4 c5 Nc3 cxd4 Qxd4 Nc6 Qd1 g6
1459,1559,white,240+0,e4 b6 d4 Bb7 Bd3 g6 c4 Bg7 Be3 Nf6
1513,1444,white,180+0,d3 g6 e3 Bg7 Qe2 e6 f3 Ne7 h3 O-O
1582,1722,black,300+3,d4 Nf6 Nf3 e6 c4 Bb4+ Nc3 c5 dxc5 Nc6
1805,1572,white,60+0,e4 d5 exd5 Qxd5 Nc3 Qe5+ Be2 Bg4 f3 Bf5
1338,1746,white,300+0,e4 e5 Bb5 c6 Bc4 d5 exd5 cxd5 Bb5+ Bd7
1699,1710,black,0+2,e4 c6 Nc3 d5 d4 dxe4 Nxe4 Nd7 f4 Ngf6
1720,1663,white,120+2,e4 a6 Nf3 b5 b4 Bb7 Nc3 e6 d4 Bxb4
1902,1500,black,300+13,e4 e5 Nf3 Nc6 Nc3 Nf6 Bc4 h6 d3 Bb4
1675,2018,black,1200+5,d4 e6 Nf3 c5 Bg5 f6 Bf4 Qb6 b3 cxd4
1280,1263,draw,300+5,e4 e5 Nf3 Nc6 Bc4 Bc5 Nc3 a6 a3 b5
1565,1481,black,120+10,e4 e5 Bc4 Bc5 Qh5 Qf6 Nf3 d6 Nc3 c6
1010,1439,black,300+0,e4 e5 Nc3 Bb4 Nd5 Nc6 c3 Bc5 b4 Be7
1568,1818,black,60+0,d4 d5 Bg5 Nd7 g3 h6 Be3 Ngf6 Bh3 Nb6
1548,1762,black,1200+0,e4 e5 Nf3 d6 Bc4 Bg4 d3 Bxf3 Qxf3 Qf6
1761,1522,draw,180+0,e4 e5 Nf3 Nc6 Bc4 Be7 d4 exd4 Nxd4 Nxd4
1562,1366,black,300+0,d3 e5 e3 d5 a3 Nc6 b3 Nf6 Bb2 Bd6
1382,1344,black,120+0,d4 e6 f3 d5 h4 Nf6 g4 Nc6 g5 Nd7
1867,1928,white,300+8,d4 Nf6 c4 c5 Nc3 g6 e3 Bg7 b3 O-O
2034,1782,white,420+0,d4 d5 e3 e6 f4 c5 c3 cxd4 exd4 Nf6
1739,1681,black,0+2,d4 d5 c4 Nf6 Nf3 e6 Bg5 Bb4+ Nc3 Bxc3+
1863,1721,black,180+0,e4 e5 Nf3 Nf6 Nc3 Nc6 a3 d5 exd5 Nxd5
1209,1510,black,480+15,Nc3 d5 d3 d4 Nb5 e5 c3 c6 Na3 Bxa3
1488,1199,white,120+0,a3 d5 d3 d4 g3 e5 Bg2 Nc6 c3 dxc3
1667,1695,white,420+5,e4 c5 Nf3 Nc6 Nc3 d6 d4 Bg4 d5 Ne5
1892,1721,white,600+5,e4 e5 Nf3 Nf6 d4 Nxe4 Bd3 d5 Nxe5 Be7
1779,1907,draw,120+1,e4 e5 Nf3 Nc6 Bb5 a6 Ba4 b5 Bb3 Be7
1572,1497,black,300+8,e4 c5 Bc4 e6 Nf3 a6 c3 d5 exd5 exd5
1745,1545,white,180+0,e4 d6 f4 e5 d4 exd4 Qxd4 Nf6 Nc3 Nc6
1702,1706,white,0+2,e4 c6 d4 d5 exd5 cxd5 c4 Nf6 Nc3 Bf5
1439,1457,white,900+0,e4 d6 d4 g6 d5 Bg7 Nf3 Nf6 Bc4 Nbd7
1563,1885,black,120+0,d4 Nf6 h3 c5 Nf3 cxd4 Qxd4 Nc6 Qa4 d5
1358,1370,black,120+0,e4 d5 exd5 Qxd5 d3 e5 Be2 e4 d4 c5
1712,1758,black,480+0,e4 e5 Nf3 d6 Bc4 Be7 a3 c5 d3 a6
1689,1191,white,60+0,c3 d5 e3 Nc6 d4 e5 b3 exd4 exd4 Qe7+
1753,1547,white,300+3,e4 d6 Bc4 e6 d4 Nf6 Nc3 Qe7 Bg5 e5
1401,1622,black,300+5,e4 c5 c3 Nf6 Qf3 e5 a3 Nc6 b4 cxb4
1491,1436,black,120+0,a3 e5 d3 d5 g3 f5 Bg2 Nf6 Nf3 Bd6
1545,1642,white,300+0,d3 e5 e3 Bc5 a3 a6 h3 Nc6 b3 d6
1680,1720,draw,0+2,d4 d5 c4 Nf6 Nf3 c6 Nc3 Bf5 e3 e6
1580,1552,black,300+0,e4 e5 Nf3 Nc6 Bc4 h6 O-O Nf6 Nc3 Bc5
1587,1487,draw,300+8,Nf3 e6 d4 d5 e3 c5 Bb5+ Bd7 Bxd7+ Nxd7
1441,1474,black,600+10,e4 e6 e5 d6 Nf3 Nc6 d4 dxe5 Nxe5 Nxe5
1543,1523,black,300+4,e4 e5 Nf3 Nc6 Bb5 Nge7 Nc3 a6 Bxc6 Nxc6
1672,1500,white,600+0,e4 e5 Bc4 Nf6 Nf3 a6 Bxf7+ Kxf7 Nxe5+ Ke7
1745,1847,draw,180+0,e4 e6 Nf3 c5 d4 Nc6 d5 exd5 exd5 Nb8
1678,1758,draw,420+5,e4 e5 Nf3 Nc6 d4 exd4 Nxd4 Bc5 Nxc6 bxc6
1560,1737,white,120+15,e4 e6 Nf3 c6 c3 Nf6 d3 d5 Bg5 dxe4
1392,1455,black,900+0,d4 d5 Nc3 Nf6 e3 e6 Bd2 Be7 Bb5+ c6
1523,1529,black,180+0,d3 e5 e3 Nc6 Qe2 d6 f3 Nf6 h3 Be7
1394,1353,white,180+5,c4 Nf6 e3 e6 Nf3 d5 d4 a6 Nc3 Bb4
1754,1736,black,120+18,d4 c5 d5 d6 c4 e6 dxe6 Bxe6 b3 Nc6
1579,1671,white,300+1,e4 e5 Bc4 Nc6 a3 b6 c3 Nf6 d3 Be7
1934,1760,white,240+1,e4 c5 Nf3 d6 d4 cxd4 Nxd4 Nf6 Nc3 e6
1500,1479,black,120+0,a3 d6 h3 c5 e3 b5 b4 c4 c3 Bb7
1346,1381,white,120+0,e4 d5 exd5 Qxd5 d4 Qd8 Nf3 f6 Bd3 c6
1763,1613,white,240+0,e3 d5 d3 e5 g3 Bc5 Bg2 Bf5 h3 Nf6
1518,1109,black,900+5,e4 e5 Nf3 Nf6 d3 Bb4+ Bd2 a5 c3 Bc5
1889,1560,white,120+0,e4 b6 d4 Bb7 Bd3 g6 Qe2 Bh6 f4 d5
1718,1682,white,0+2,e4 c5 Nc3 d6 f4 Nc6 Bb5 Bd7 Bxc6 Bxc6
1801,1924,black,180+5,d4 Nf6 c4 e5 d5 Bc5 e3 d6 Nc3 Bf5
1725,1369,white,300+0,e4 e5 Nf3 d6 Bc4 Bg4 h3 Bxf3 Qxf3 Qf6
1460,1566,white,300+3,b3 e5 Bb2 e4 e3 d5 d3 f5 dxe4 fxe4
1735,1596,black,600+8,e4 e6 Nf3 d5 exd5 exd5 d3 d4 Be2 c5
1569,1563,black,300+0,e4 c5 Nf3 e6 Nc3 a6
1410,1497,black,900+2,e4 Nf6 Nc3 b6 Bc4 Bb7 d3 d5 Bb5+ c6
1750,1688,white,180+0,e4 d5 exd5 Qxd5 Nc3 Qe6+ Nge2 Nc6 d4 Nf6
1793,1423,black,300+8,d4 d5 c4 Nf6 Nc3 h6 e3 e6 Nf3 c5
1557,1892,black,120+0,d4 Nf6 Nc3 d5 Bg5 Bf5 Bxf6 gxf6 h3 h5
1282,1500,draw,300+3,e4 e5 Nf3 Nc6 Bc4 Nf6 Nc3 h6 d4 Bb4
1691,1829,white,60+0,Nf3 d5 d4 Nc6 c4 dxc4 Nc3 Bg4 e3 e6
1417,1333,draw,600+7,e4 e6 d4 d5 e5 b6 Nf3 Bb7 c3 Be7
1615,1540,black,180+1,e4 e5 d4 exd4 Qxd4 Nf6 Nc3 d6 Bg5 Be7
1369,1360,black,120+0,d4 e6 f3 d5 h4 c5 g4 cxd4 Qxd4 Nc6
1759,1482,white,300+3,d4 e6 c4 c5 e3 Qb6 Nc3 Nc6 d5 exd5
1661,1733,white,0+2,d4 Nf6 c4 c5 Nc3 cxd4 Qxd4 Nc6 Qd1 g6
1500,1487,black,120+0,e4 d6 Nf3 g6 d4 Bg7 d5 Nf6 g3 Nxe4
1396,1506,black,300+5,e4 e5 Qf3 Qf6 Bc4 Qxf3 Nxf3 Bc5 Nxe5 Nf6
1642,1791,white,60+1,d4 d5 e3 c6 c4 Nf6 Nc3 Bg4 Be2 Bxe2
1844,1749,white,180+0,e4 e5 Nf3 Nf6 d3 Nc6 Bg5 d5 exd5 Qxd5
1896,1553,white,120+0,e4 b6 d4 Bb7 Bd3 d6 Qe2 Nd7 f4 e6
1767,1701,white,480+0,e4 e5 Nf3 d6 Bc4 h6 h3 Ne7 O-O Ng6
1495,1550,white,120+10,e4 e5 Bc4 Nc6 c3 Nf6 d3 Na5 Bb5 c6
1763,1574,white,300+3,d4 e6 e4 c5 c3 g6 Be3 cxd4 Bxd4 f6
1369,1360,white,120+0,d4 e6 f3 d5 h4 c5 e4 c4 c3 b5
1475,1327,white,300+3,b3 e5 Bb2 d6 e3 e4 d3 exd3 Qxd3 d5
1465,1500,black,420+8,e4 e5 Nf3 Nc6 c3 g6 d4 Bg7 Bc4 d6
1692,1580,white,120+15,e4 e5 Nc3 Nc6 f4 exf4 Nf3 h6 Bc4 g5
1417,1730,white,300+3,d4 Nf6 e3 e6 c3 c5 a3 Nc6 dxc5 Bxc5
1694,1546,black,120+0,e4 e5 Nf3 Nc6 Bb5 Qf6 Nc3 Nce7 d4 c6
1713,1688,white,0+2,Nf3 c5 Nc3 Nc6 e4 e6 Bb5 Qc7 Bxc6 Qxc6
1951,1575,white,240+0,d4 e6 Bf4 c5 Nf3 cxd4 Nxd4 Nc6 e3 a6
1365,1728,black,300+0,e4 e5 Qh5 Nc6 Bb5 Nf6 Qg5 h6 Qf5 d6
1292,1121,white,0+5,b3 b5 Bb2 c5 g3 Bb7 Bg2 Bxg2 Nf3 Bxh1
1428,1462,black,300+0,e4 e6 d4 d5 Nc3 Nf6 Bd3 Bb4 Bg5 dxe4
1774,1394,black,240+0,e4 e5 Bc4 Nf6 Qf3 Nc6 c3 Be7 d3 O-O
1402,1129,white,1200+15,e4 e5 Qh5 g6 Qxe5+ Qe7 Qxh8 Nf6 d3 d6
1737,1852,white,180+0,e4 e6 f4 c5 Nf3 Nc6 Bb5 Qb6 Bxc6 Qxc6
1415,1500,black,300+5,e4 e5 d3 Nf6 f4 exf4 Bxf4 d6 h3 Nc6
1298,1097,white,0+5,b3 d5 Bb2 Bf5 d3 Nc6 g3 Na5 Bg2 Nxb3
1550,1755,white,60+0,d4 d5 Nc3 c6 e4 dxe4 Nxe4 Nd7 Bd3 Ngf6
1677,1687,black,600+0,e4 e5 Bc4 Nc6 Nf3 Nf6 Nc3 h6 d4 exd4
1668,1728,black,0+2,d4 Nf6 c4 c5 Nf3 cxd4 Nxd4 Nc6 Nc3 Nxd4
1940,1754,white,240+1,e4 c5 Nf3 d6 Bb5+ Bd7 a4 Nc6 Qe2 e5
1681,1574,white,900+0,e4 c5 Nf3 e6 d4 cxd4 Nxd4 a6 Nc3 Qc7
1930,1472,white,60+1,c4 e6 Nc3 g6 d4 Bg7 g3 d6 Bg2 c6
1311,1495,black,120+0,e4 d6 Nf3 g6 Bc4 Bg7 Ng5 e6 d4 Nf6
1594,1607,white,300+0,d4 d5 Nf3 Bf5 g3 Nc6 Bg2 e6 O-O Qf6
1562,1678,black,120+0,e4 e5 Nc3 Nc6 a3 Nf6 h3 d5 exd5 Nxd5
1586,1591,white,300+1,e4 e5 Nf3 Nc6 Bb5 Bc5 c3 a6 Ba4 Ba7
1431,1142,white,600+1,e4 a6 e5 e6 Nf3 Bc5 d4 Ba7 Bc4 d5
1348,1379,black,120+0,e4 d5 exd5 Qxd5 d3 Qd8 Nf3 f6 Be2 e5
1304,1077,white,0+2,b3 c6 Bb2 d5 d4 c5 e3 cxd4 Bxd4 Bf5
1760,1572,draw,180+0,e4 e5 f4 exf4 Nf3 Bc5 d4 Bb6 Bxf4 c5
1504,1584,white,300+8,d4 d6 e3 e6 c4 Ne7 Nf3 d5 Nc3 c6
1808,1915,black,720+0,e4 Nf6 Nc3 d5 Bd3 d4 Nb1 e5 Nf3 Nc6
1570,1712,black,120+15,e4 e6 Nf3 d5 exd5 exd5 Qe2+ Qe7 Qxe7+ Bxe7
1741,1651,white,0+2,e4 c5 Nc3 e6 f4 Nc6 Nf3 g6 Bb5 Bg7
1098,1623,black,60+8,e3 c5 Bc4 Nc6 a3 e6 Ba2 Qc7 c3 Nf6
1434,1219,black,600+1,e4 d6 Nf3 Nf6 d4 Nxe4 Bd3 Nf6 O-O e5
1931,1811,black,180+5,e4 e5 f4 d6 Nf3 Be7 Bc4 Bh4+ Nxh4 Qxh4+
1690,1009,white,480+0,e4 d5 exd5 Qxd5 d4 Qe5+
1531,1498,white,300+5,e4 Nf6 e5 Ne4 d4 Nc6 Qf3 d5 Bb5 Bd7
1320,1601,black,1200+10,e4 e5 Nf3 d6 g3 g6 Bg2 Bg7 O-O Nf6
1661,1716,black,60+0,e4 d5 Nc3 d4 Nb1 e5 d3 Bd6 g3 Be6
1554,1501,black,120+0,e4 d6 Nc3 g6 a3 Bg7 Bc4 Nf6 d3 O-O
1009,1691,black,480+0,e4 e5 f3 d6 Bb5+ Bd7 Bxd7+ Nxd7 Qe2 Ne7
1686,1468,white,120+0,e4 g6 Nf3 Bg7 Bc4 e6 d4 d5 exd5 exd5
1741,1554,black,240+0,e4 e5 Bc4 Nc6 c3 Be7 d3 Nf6 Bg5 O-O
1606,2042,black,300+0,d4 Nf6 Nf3 c5 dxc5 Qa5+ Bd2 Qxc5 Nc3 Nc6
1389,1310,black,120+0,d4 g6 f3 Bg7 e4 b6 e5 Bb7 f4 e6
1741,1627,white,120+18,d4 e6 c4 c5 d5 exd5 cxd5 Nf6 Nc3 c4
1899,1588,white,600+5,e4 d5 exd5 Qxd5 Nc3 Qe5+ Be2 e6 Nf3 Qf6
1624,1096,white,60+8,e4 e5 Nf3 c6 Nc3 Nf6 Bc4 d5 exd5 cxd5
1377,1514,black,600+8,e4 e5 Nf3 Nc6 Bc4 Bc5 Nc3 d6 d3 h6
1366,1411,white,480+6,e4 e5 Nf3 f6 Bc4 Nh6 O-O Bc5 d3 f5
1636,1752,black,0+2,d4 Nf6 c4 c5 Nf3 cxd4 Nxd4 g6 g3 Bg7
1376,1325,black,120+0,d4 d5 f3 Nf6 h4 g6 g4 Bg7 g5 Nh5
1837,1758,white,180+0,e4 e5 Nf3 Nc6 Bb5 d6 Bxc6+ bxc6 h3 Ba6
1748,1457,white,720+5,d4 d6 e4 Nf6 Nc3 Nc6 Be3 e5 d5 Ne7
1806,1679,white,180+1,Nf3 d5 e3 e6 d4 Nf6 c4 b6 cxd5 Nxd5
1658,1736,black,60+0,d4 d5 e3 c6 c4 Nf6 Bd3 Bg4 Qc2 Bh5
1572,1690,white,300+0,e4 c5 Nf3 e6 d4 cxd4 Nxd4 Nc6 Nxc6 bxc6
1714,1570,white,240+0,e3 e5 d3 Nc6 g3 Nf6 Bg2 Bd6 h3 Be7
1637,1408,white,300+5,e4 g5 d4 e6 Nf3 h6 h3 c5 Bd3 b6
1159,1188,white,60+1,e4 e5 d4 d5 c3 dxe4 Bg5 exd4 Bxd8 Kxd8
1396,1533,black,1800+0,d4 d5 Nf3 c6 Bf4 Nd7 e3 e6 Nbd2 h6
1672,1500,black,900+5,e4 e5 f4 Nc6 Nf3 Nf6 fxe5 Nxe4 Nc3 Nxc3
1769,1709,white,300+3,d4 Nf6 c4 e6 Nc3 Bb4 Bd2 c5 e3 cxd4
1729,1562,white,120+15,e4 e6 Nc3 Nf6 e5 Ng8 d4 d6 f4 dxe5
1518,1591,white,-,d4 d5 c4 e6 e3 c5 Nc3 Nc6 Nf3 Nf6
1282,1445,black,780+2,e4 d6 d4 g6 d5 Bg7 c3 Nf6 Bd3 Nbd7
1491,1170,white,300+3,e4 e5 Nf3 Nf6 Nc3 d5 exd5 Nxd5 Nxe5 Qe7
1482,1569,white,300+3,b3 Nf6 Bb2 e6 e3 Bd6 Qf3 Qe7 Bxf6 gxf6
1101,2166,black,1200+15,e4 e5 Nf3 Nc6 Nc3 Bc5 a3 a6 b4 Ba7
1536,1508,black,120+10,e4 e5 Bc4 Bc5 Nc3 c6 d3 h6 Be3 Bb4
1534,1794,black,300+4,e4 g6 Nf3 Bg7 e5 d5 d4 c5 Be3 c4
1452,1397,white,900+0,e4 e6 e5 c6 d4 d6 Nf3 h6 Nc3 g6
1339,1364,black,120+0,g3 d5 Bg2 e5 e3 c6 Ne2 f6 b3 Be6
1389,1418,black,300+0,e4 e5 Bc4 g6 Nf3 Bg7 d3 d6 Ng5 Nh6
1754,1670,white,60+0,d4 c5 d5 e5 dxe6 fxe6 g3 d5 Bg2 Nf6
1361,1325,black,300+0,e4 e5 Qh5 Nc6 Bb5 Nf6 Qf5 d5 Bxc6+ bxc6
1814,1754,white,180+0,e4 d5 exd5 Qxd5 Nf3 Qd8 Be2 Nf6 O-O e6
1886,1510,white,300+13,e4 e5 Nf3 d6 Nc3 Nf6 Bc4 Nc6 d3 a6
1166,1206,black,60+1,e4 e5 d4 d5 dxe5 f6 exf6 Nxf6 e5 Ne4
1746,1846,white,180+0,e4 g6 Nf3 Bg7 Bc4 Nf6 e5 Ng4 d4 O-O
1400,1500,white,300+1,e4 e5 Bc4 Nc6 Nc3 Bc5 Nf3 d6 d3 f5
1813,1666,white,300+0,e4 c6 f4 d5 exd5 cxd5 Nf3 Bf5 d4 Nd7
1730,1008,white,720+4,e4 d5 d4 dxe4 Nc3 Bf5 f3 exf3 Qxf3 Qd7
1692,1382,white,480+0,e4 d5 exd5 Qxd5 d4 Nc6 c3 g6 Nf3 Bg7
1240,1147,white,60+1,e4 e5 f4 exf4 Nf3 Nc6 Bc4 a6 O-O b5
1511,1094,white,180+0,e3 a6 d3 e5 Qe2 Bc5 f3 Ba7 h3 c6
1652,1394,white,120+0,e4 e5 Nf3 Nc6 Bb5 Nf6 O-O Ng4 Bxc6 dxc6
1514,1771,black,120+0,d4 d5 Nf3 c6 c4 Bg4 Nc3 dxc4 e3 Nf6
1604,1172,white,300+0,d4 e6 Nf3 g6 g3 Bg7 Bg2 Nc6 e3 Nge7
1464,1453,white,900+0,e4 e5 d4 f6 dxe5 fxe5 Nf3 Nc6 Bb5 Nf6
1405,1532,black,300+0,c4 e5 Nc3 Nc6 e4 Bb4 Nf3 Nf6 Bd3 O-O
1215,1699,black,420+8,e4 e5 d4 exd4 Qxd4 Nc6 Qd5 Nf6 Qd3 Ne5
1714,1684,black,600+5,e4 c5 Nf3 Nc6 d4 cxd4 Nxd4 Qc7 Nc3 e6
1841,1916,white,180+5,e4 e5 f4 d5 exd5 e4 c4 Nf6 Nc3 c6
1882,1684,white,60+0,d4 e6 c4 Ne7 Nc3 d6 Nf3 g6 e4 Bg7
1875,1825,white,300+0,e4 e5 Nf3 Nc6 d4 exd4 Nxd4 Nxd4 Qxd4 d6
1803,1836,black,60+0,Nf3 c5 g3 Nc6 Bg2 d5 d4 Bg4 c4 dxc4
1435,1731,black,300+3,Nf3 Nf6 d3 Nc6 e3 e5 Nc3 Bb4 Qd2 d5
1274,1418,black,600+1,e4 e5 Nf3 Bd6 Nc3 Nf6 d4 Nc6 d5 Ne7
1554,1744,draw,120+15,e4 c5 Nf3 e6 Nc3 Nc6 d4 cxd4 Nxd4 Qc7
1666,1780,black,600+0,e4 c5 Nf3 g6 d4 cxd4 Qxd4 Nf6 Ng5 Bg7
1725,1539,white,240+0,e3 e5 d3 d5 g3 Nd7 Bg2 c6 a3 Ngf6
1748,1595,white,300+3,d4 d5 c4 dxc4 e3 Nf6 Bxc4 Bf5 Nc3 Nc6
1749,1296,white,120+18,d4 d5 c4 e6 Nc3 c5 dxc5 Bxc5 e3 Qa5
1563,1397,white,180+5,e4 c5 Nf3 Nc6 Bc4 a6 Ng5 e6 Qf3 Nh6
1398,1337,white,900+2,e4 g5 g3 Na6 Bg2 Nc5 d3 Na4 b3 Bg7
1161,1132,black,60+1,d4 d5 Nf3 Nc6 Nc3 Nf6 e3 a6 Bb5 axb5
1888,1892,white,60+0,d4 e5 c4 e4 f3 f5 Qc2 Nf6 Bg5 d5
1462,1543,black,900+0,e4 g6 e5 d6 Nf3 dxe5 Nxe5 Bg7 Nd3 Nf6
1695,1752,white,480+0,e4 e5 Nf3 Nc6 Bb5 Nf6 Bxc6 dxc6 d3 Bd6
1510,1661,black,120+0,a3 c5 d3 d5 g3 e5 Bg2 Be6 Nc3 Nc6
1845,1794,white,60+0,d4 Nf6 c4 g6 Nc3 d5 cxd5 Nxd5 e4 Nxc3
1494,1090,white,300+0,b3 a6 Bb2 e6 e3 Bc5 Bxg7 Ba7 Bxh8 d5
1525,1414,white,600+7,e4 e5 Nf3 Nf6 Nxe5 Qe7 d4 Nxe4 Bd3 Nf6
1513,1091,white,180+0,d3 d5 e3 Nc6 Qe2 Nf6 f3 e5 h3 Bb4+
1728,2045,black,240+0,e4 d6 Nf3 Nf6 e5 dxe5 Nxe5 Nbd7 d4 Nxe5
1296,1405,white,300+3,e4 Nc6 Nf3 e5 Bb5 Nf6 d3 Bc5 h3 O-O
1832,1766,white,180+0,d4 g6 e3 Bg7 Nf3 e6 Bc4 d5 Bb3 Ne7
1503,1641,white,120+0,a3 c5 d3 Nf6 g3 e6 Bg2 d5 Nc3 Nc6
1453,1345,white,420+8,e4 e5 Nf3 d6 c3 Bg4 d4 exd4 cxd4 Nc6
1780,1691,white,300+3,d4 Nf6 c4 g6 Nc3 Bg7 e4 d6 Nf3 O-O
1605,1316,white,1200+10,d4 d5 Nc3 e6 a3 g6 Bf4 Nf6 Nf3 Bg7
1608,1561,black,600+8,e4 c5 Nf3 Nc6 b3 d6 d4 cxd4 Nxd4 Nf6
1424,1425,white,300+5,e4 d6 d4 c5 Nf3 Nc6 dxc5 Ne5 Nxe5 Qa5+
1154,1147,black,60+1,e4 d6 d4 g6 e5 Bg7 Nf3 Nc6 exd6 Qxd6
1490,1506,white,420+3,d4 Nc6 e3 e5 Nf3 f6 c3 Bd6 d5 Nce7
1899,1900,draw,60+0,e4 e6 e5 d5 exd6 cxd6 Nf3 Nf6 d4 Nc6
1374,1674,black,60+0,d4 c5 f3 cxd4 h4 Qb6 c3 Nc6 e3 dxe3
1785,1854,white,60+0,Nf3 c5 g3 g6 Bg2 Bg7 O-O Nc6 c3 e6
1607,1628,white,300+0,d4 d5 Nf3 c6 g3 h6 Bg2 g5 O-O e6
1177,1158,draw,420+0,e4 e5 d3 d6 f3 Qh4+ g3 Qd8 Bg2 Nf6
1779,1881,black,60+0,d4 d6 Nf3 g6 Bg5 Bg7 e4 h6 Be3 e6
1889,1730,white,300+13,e4 e5 Nf3 Nc6 Nc3 Nf6 Bc4 Bc5 h3 d6
1516,1343,white,180+0,d3 e5 e3 Bb4+ Nd2 d6 a3 Bxd2+ Bxd2 h5
1426,1269,black,300+0,e4 e5 Nf3 Nc6 c3 Nf6 d4 Nxe4 d5 Na5
1540,1402,black,300+5,e4 e5 Nf3 Nc6 Bb5 d6 Bxc6+ bxc6 d3 Bg4
1496,1086,white,300+0,b3 d5 Bb2 e5 e3 Nf6 Bxe5 Nc6 Bb2 Bd6
1348,1604,black,0+2,b3 c5 Bb2 d6 g3 Nc6 Bg2 Nf6 Nf3 e6
1680,1623,white,0+2,e4 c5 d4 d6 c3 cxd4 cxd4 Nf6 Nc3 e6
1540,1528,white,420+7,d4 d5 e3 Nc6 c3 e5 Bb5 exd4 Qxd4 Nf6
1518,1160,white,120+0,a3 d6 d3 g6 g3 Bg7 Bg2 c6 Nf3 Bg4
1739,1710,white,480+0,d4 d5 e4 dxe4 Nc3 Nf6 f3 exf3 Qxf3 e6
1371,1323,white,120+0,d4 d5 f3 e6 h4 c6 g4 Be7 g5 h6
1754,1841,white,180+0,d4 e6 c4 c5 e3 cxd4 exd4 d5 Nc3 dxc4
1900,1899,black,60+0,d4 Nf6 c4 e6 Nc3 d5 Nf3 Bb4 g3 Bxc3+
1842,1797,white,60+0,c4 Nf6 Nc3 d5 cxd5 Nxd5 d4 g6 Nxd5 Qxd5
1166,1451,black,900+8,d4 d6 Nf3 g6 Nc3 Bg7 Bg5 Nf6 h3 Nbd7
2166,1101,white,1200+15,e4 d5 exd5 Qxd5 Nf3 Qe4+ Be2 Qd5 Nc3 Qd8
1732,1393,white,600+3,e4 e5 Nf3 d6 Bc4 Nf6 h3 h6 d3 a6
1388,1452,black,900+0,d4 Nf6 Nf3 d5 Bf4 Be6 e3 Bg4 Nbd2 e6
1541,1365,white,600+10,e4 e5 Nf3 Nf6 Nxe5 Qe7 f4 d6 Ng4 Qxe4+
1666,1336,white,900+3,e4 e5 Nf3 Nf6 d3 Nc6 Bg5 Be7 Be2 d5
1764,1706,black,60+0,d4 Nc6 Nf3 d5 Bg5 Nf6 Bxf6 exf6 c3 Be7
1372,1720,black,720+8,e4 c5 Nf3 Nc6 Nc3 e6 Bb5 Nd4 d3 a6
1734,1116,white,240+0,e3 e6 d3 d5 g3 Nc6 Bg2 Qf6 a3 Nh6
1910,1888,white,60+0,e4 e6 e5 d5 exd6 cxd6 Nf3 d5 d4 Nf6
1608,1697,white,0+2,d4 c5 dxc5 e6 Nf3 Bxc5 Nc3 Nf6 g3 O-O
1763,1585,white,600+0,Nf3 d5 d4 Nc6 e3 Bg4 Be2 e6 Nbd2 Bb4
1745,1755,black,180+0,e4 c6 f4 d5 exd5 cxd5 d4 Nf6 Nf3 Nc6
1827,1772,black,180+0,e4 d5 exd5 Qxd5 d4 Nc6 Be3 Nf6 Nc3 Qh5
1803,1870,black,600+0,e4 c5 Nf3 g6 d4 cxd4 Nxd4 Bg7 Be3 Nc6
1520,1522,white,120+10,e4 e5 Bc4 Nc6 c3 Nf6 d3 h6 h3 a6
1659,1505,white,600+0,e4 e5 Bc4 d6 Qf3 Nf6 Nc3 Qd7 Nd5 Nxd5
1673,1630,white,0+2,e4 c6 d4 d5 Nd2 dxe4 Nxe4 Nd7 Nf3 Ngf6
1912,1530,black,300+4,e4 e5 f4 Nc6 Nf3 d6 Bc4 Bg4 O-O Nd4
1522,1335,white,180+0,d3 e5 e3 d5 Qe2 Nf6 f3 Nc6 h3 Na5
1719,1741,white,60+0,Nf3 d5 c4 dxc4 Nc3 Bg4 e4 c6 Bxc4 e6
1525,1268,black,300+5,e4 d5 exd5 Nf6 b3 Nxd5 Bb2 Bf5 d3 Nc6
1878,1946,black,240+1,e4 e5 f4 Bc5 Nf3 d6 Nc3 Nf6 Bc4 a6
1540,2049,draw,240+0,e4 d6 Bc4 Nf6 Qf3 Nc6 Ne2 Ne5 Qc3 Nxc4
1411,1413,white,300+0,e4 e5 Nf3 Nc6 Bc4 h6 d4 d6 d5 Na5
1816,1904,black,180+5,e4 e5 Nf3 Nc6 Bb5 a6 Ba4 Nf6 O-O Be7
1445,1551,white,1200+0,e4 g6 d4 Bg7 Nf3 d6 Bc4 e6 Nc3 Nf6
1601,1877,black,60+0,d4 e6 e3 d5 Nf3 c5 Be2 Nc6 dxc5 Nf6
1318,1314,white,0+1,d4 b6 e3 Bb7 f4 g6 c3 Bg7 Be2 Bxg2
1615,1690,black,0+2,d4 c5 Nf3 cxd4 Nxd4 d5 g3 e5 Nb3 Nc6
1789,1814,white,180+0,e4 e6 Nc3 c5 Nf3 Nc6 d4 cxd4 Nxd4 Nxd4
1700,1694,black,900+0,e4 e5 Nf3 Nc6 Nc3 Nf6 d4 exd4 Nxd4 Ne5
1649,1662,draw,480+1,e4 b6 Bc4 Ba6 Bd5 c6 Bb3 e6 Nh3 Ne7
1731,1561,black,120+15,e4 e6 Nc3 Nc6 f4 g5 d4 h6 d5 exd5
1378,1477,black,300+8,e4 e5 Nf3 Nc6 d3 d6 Nc3 f5 Bg5 Be7
1533,1565,black,600+7,e4 e5 Nf3 d6 d4 exd4 Nxd4 a6 Bc4 Nf6
1378,1370,black,600+8,e4 e5 Nf3 Nc6 Bb5 a6 Bxc6 dxc6 d3 Nf6
1229,1521,black,600+2,d4 d5 e3 Nf6 g3 c5 Bg2 e6 Nf3 c4
1765,1573,white,300+3,d4 d5 c4 dxc4 e3 b5 Nc3 c6 a4 Nf6
1498,1371,black,300+0,b3 e5 Bb2 Nc6 e3 Bc5 Bb5 Qf6 Bxc6 dxc6
1500,1472,black,300+0,Nf3 Nf6 d4 d5 e3 e6 b3 Bd6 Bb2 Nbd7
1280,1181,black,300+5,e4 e5 Nf3 d6 Bc4 Nf6 Nc3 c6 d4 d5
1888,1881,white,60+0,e4 e6 d4 d5 e5 f6 Bd3 c5 c3 Nc6
1129,1664,black,1800+0,d3 d5 Nf3 Nc6 Nc3 Nf6 d4 g6 Bg5 Bg7
1344,1598,black,0+2,b3 d5 Bb2 e6 d4 Be7 g3 Nf6 Bg2 Ne4
1475,1546,black,900+0,e4 e5 d4 d5 exd5 Qxd5 c4 Qxd4 Qxd4 exd4
1570,1619,black,300+0,e4 e5 Nf3 d6 Nc3 Be7 Bc4 Nf6 O-O O-O
1781,1834,black,300+0,e4 d6 d4 e6 c4 c6 Nc3 a6 Nf3 Nd7
1802,1804,black,180+0,e4 e5 d4 exd4 Qxd4 Nc6 Qd1 Bc5 Nf3 Nf6
1378,1404,black,1800+0,d4 d5 Nf3 e6 Bf4 c5 Nbd2 Qb6 e3 Nf6
1462,1387,white,900+0,e4 e5 Bc4 Nf6 Nc3 Nc6 d3 Nd4 Bg5 h6
1681,1442,white,720+5,c4 e5 Nc3 Nc6 Nf3 g6 a3 Bg7 g3 Nge7
1616,1982,black,180+0,e4 c5 Nf3 e6 Bc4 Nf6 e5 d5 Bb5+ Nfd7
1699,1653,white,480+0,e4 e5 Nf3 Nc6 Bb5 h6 d3 Nf6 Bxc6 bxc6
1205,1305,white,0+1,e3 b6 Bc4 Bb7 Qf3 Bxf3 Nxf3 g6 g3 Bg7
1134,1602,black,60+1,e4 d5 e5 d4 d3 e6 c3 dxc3 Nxc3 Nd7
1912,1808,black,180+5,e4 e5 f4 d6 Nf3 Be7 Bc4 exf4 O-O Nf6
1870,1899,black,60+0,d4 e5 dxe5 d6 Nc3 Nc6 exd6 Bxd6 Nf3 Nf6
2167,2022,white,900+0,e4 e6 Nf3 d5 exd5 exd5 d4 Nf6 c4 Be6
1481,1661,black,600+10,e4 e5 Qh5 Nc6 Bc4 g6 Qd1 Nf6 d3 d6
1735,1682,draw,240+0,e3 d5 d3 c5 g3 Nc6 Bg2 Nf6 a3 e5
1996,1613,white,180+0,e4 e5 Nf3 Nc6 Bb5 d6 O-O Bd7 d4 f6
1382,1374,black,600+8,e4 e5 Nf3 Nc6 Bc4 Nf6 Nc3 d6 d3 Be7
1523,1352,white,600+7,e4 e5 Nf3 Nc6 d4 exd4 Nxd4 Nxd4 Qxd4 c5
1656,1682,black,300+8,e4 e6 Qf3 d5 h4 c5 Nh3 h6 d4 cxd4
1336,1466,black,420+8,e4 e5 Nf3 d6 d4 exd4 Nxd4 Be7 b3 Bf6
1471,1509,black,900+0,e4 c5 Bc4 e6 e5 Nc6 Nf3 d5 exd6 Bxd6
1909,1860,white,60+0,e4 e6 d4 d6 Nf3 d5 e5 f6 Bd3 c5
1333,1669,black,900+3,e4 e5 Nf3 Nc6 Nc3 Nf6 Bb5 a6 Bxc6 dxc6
1550,1511,draw,300+4,e4 b6 c4 Bb7 Nc3 g6 d4 e6 e5 Bb4
1500,1576,black,720+4,e4 d5 e5 Bf5 d3 Nd7 Qf3 e6 d4 Bxc2
1651,1511,white,300+8,e4 c5 c4 d6 Nc3 Nf6 d3 Nc6 g3 Be6
1177,1343,black,420+0,e4 e5 d3 Bc5 Be3 Na6 Bxc5 Nxc5 Nf3 d5
1568,1412,white,120+0,d4 g6 d5 Bg7 h4 b6 h5 Bb7 hxg6 fxg6
1377,1510,white,120+10,e4 e5 f4 Qh4+ g3 Qe7 Nf3 exf4 Bh3 fxg3
1603,1132,white,60+1,d4 d5 e3 Nc6 Nf3 f6 a3 e5 b4 b5
1326,1623,black,180+0,e4 d5 e5 e6 d4 a6 c3 c5 f4 Nc6
1500,1745,white,600+0,e4 c5 Nf3 Nc6 d4 cxd4 Nxd4 Nf6 Nc3 e6
1894,1555,white,300+15,e4 e5 Nf3 d6 d4 exd4 Nxd4 Qh4 Nc3 Bg4
2036,1158,white,120+2,e4 d5 exd5 Qxd5 Nc3 Qe5+ Qe2 Qd4 Nf3 Qb4
1850,1918,black,60+0,d4 e5 c4 e4 Qd3 f5
1225,1391,white,180+5,e4 c5 e5 Nc6 f4 e6 Na3 d6 Nf3 dxe5
1771,1818,white,300+3,d4 Nf6 c4 e6 Nf3 d5 Nc3 c5 e3 cxd4
1410,1567,black,300+1,e4 e5 Bc4 Nc6 Nc3 Nf6 Nf3 d6 d4 Bd7
1529,1678,black,600+7,e4 e6 d4 c6 e5 d5 exd6 Bxd6 Nf3 Nf6
1528,1570,black,180+0,d3 e6 e3 f6 Qe2 d5 f3 e5 h3 h5
1405,1575,black,120+0,e4 d5 Nf3 dxe4 Ng5 Bf5 Bc4 e6 Qh5 Qf6
1371,1477,white,1800+0,e4 e6 d4 d6 c3 b6 g3 Nf6 f3 Bd7
1482,1406,white,300+0,b3 e5 Bb2 Nc6 e3 d6 Bb5 Bd7 Bxc6 Bxc6
1675,1769,white,300+0,e4 c5 d4 cxd4 Qxd4 Nf6 Nc3 Nc6 Qe3 d6
1610,1725,white,180+0,e4 c5 Nf3 d6 d4 cxd4 Qxd4 Nc6 Qd1 Nf6
1350,1170,white,420+0,e4 e5 Bc4 Nh6 Nf3 Bc5 Nxe5 d6 Nd3 Bd4
1788,1704,white,60+0,Nf3 c5 g3 d5 Bg2 Nc6 d4 cxd4 Nxd4 e6
1310,1387,white,300+0,Nf3 d5 d4 Bf5 e3 Nc6 Bd3 Bg4 Nbd2 Bxf3
1695,1657,white,180+0,e4 c5 f4 Nc6 Nf3 d6 d4 cxd4 Nxd4 Nf6
1425,1571,white,600+1,e4 e5 Nf3 d6 Bc4 Bg4 O-O Nf6 Nc3 Nc6
1502,1362,black,420+3,d4 d5 e3 Nc6 Bd3 Nf6 Qe2 Bg4 f3 Be6
1208,1170,white,300+0,e4 c5 Nf3 d6 Be2 a6 O-O Nc6 h3 h5
1588,1377,white,240+1,e4 e5 Nf3 d6 Bc4 Bg4 O-O h6 h3 Bxf3
1490,1304,white,300+5,e4 e5 Nf3 Nc6 Bc4 Nf6 d4 exd4 Ng5 d5
1843,1836,black,300+3,d4 e6 Nf3 c5 c3 b6 e3 Ba6 Bxa6 Nxa6
1580,1697,black,120+15,e4 e6 d4 d5 exd5 exd5 Qe2+ Be6 f4 Qe7
1772,1755,black,300+0,e4 g6 d4 Bg7 c4 d6 Nc3 Nf6 Nf3 O-O
1231,1352,black,300+8,d4 d5 f3 c5 e3 e6 c4 a6 Bd2 Nc6
1633,1901,draw,360+4,d4 d5 Nf3 c6 e3 e6 Bd3 Nf6 Nbd2 Be7
1437,1417,white,720+5,e4 e5 Nf3 Nf6 Nc3 Bb4 Nd5 Nxd5 exd5 O-O
1669,1321,black,180+0,d4 d5 e3 Bf5 c4 c6 g4 Be4 f3 Bxb1
1351,1560,black,180+2,e4 e5 Nf3 Nc6 Bb5 d6 Bxc6+ bxc6 Nc3 Bd7
1012,1532,black,300+0,e4 c5 Nf3 e6 d4 cxd4 Nxd4 Nc6 Be3 b6
1582,1399,white,120+0,d4 g6 Nf3 Bg7 h4 b6 h5 Bb7 hxg6 fxg6
1690,1796,black,60+0,e4 e6 d4 d5 Nd2 c5 Ngf3 Nc6 exd5 exd5
1206,1158,black,120+2,e4 d5 Nc3 d4 Nb5 a6 Na3 Qd6 d3 f5
1425,1313,black,300+0,e4 e5 Bc4 c6 Nf3 d5 exd5 cxd5 Bb5+ Bd7
1782,1445,white,120+10,c4 e6 Nc3 c5 Nf3 a6 g3 Bd6 Bg2 Nc6
1733,1436,white,240+0,e3 d5 d3 c6 g3 e6 Bg2 a6 a3 h6
1949,1792,black,600+0,e4 c5 Nc3 Nc6 f4 d6 Bb5 Bd7 Bxc6 Bxc6
1605,1515,white,60+1,d4 Nf6 e3 g6 Nf3 Bg7 Be2 d6 O-O O-O
1233,1159,white,300+0,e4 e6 Nf3 d5 Bd3 Bc5 O-O Nf6 e5 Ng4
1335,1327,white,300+8,e4 e6 Nf3 a5 d4 b6 Nc3 Bb7 Be3 d5
2036,1533,draw,300+0,e4 e6 d4 d5 exd5 Qxd5 Nf3 Qd8 Bb5+ c6
1578,1560,black,-,e4 e5 f4 d6 d4 Nc6 Nf3 Qe7 Bc4 Nf6
1477,1547,white,420+8,e4 d5 exd5 Qxd5 d3 g6 Nf3 h5 Nc3 Qe6+
1898,1821,white,180+5,e4 e5 f4 exf4 Nf3 Be7 Bc4 Bh4+ Kf1 d6
1803,1678,white,60+0,e4 c5 d4 e6 d5 Nf6 Nc3 d6 Bb5+ Nbd7
1486,1503,white,300+8,e4 e5 Nf3 Nc6 Bc4 Bc5 O-O Nf6 d3 d6
1565,1345,white,180+2,e4 c5 Nf3 Nc6 Bc4 e6 Nc3 Nf6 O-O d6
1503,1613,black,60+1,d4 d5 c4 e6 Nc3 Bb4 Nf3 Bxc3+ bxc3 dxc4
1649,1688,black,480+1,e4 e5 Bc4 Nc6 b3 Nf6 Nc3 Na5 Bd5 Nxd5
1491,1358,white,300+0,b3 d5 Bb2 Nc6 e3 e5 Bb5 e4 Bxc6+ bxc6
1518,1477,white,180+0,d3 b6 e3 d6 Qe2 e5 f3 Be7 h3 Bf6
1647,1705,white,180+0,d4 d5 e3 Bf5 Nf3 e6 Bd3 Bg6 Bxg6 hxg6
1266,1240,white,300+5,e4 e5 Nf3 Nc6 Bb5 Qf6 O-O a6 Ba4 b5
1621,1492,white,60+1,d4 Nf6 g3 g6 Bg2 c6 e3 d5 Nf3 Bg7
1342,1009,black,300+0,e4 e5 c3 Bc5 d4 Bd6 d5 f5 exf5 Bc5
1667,1810,white,60+0,e4 e5 Nf3 Nf6 d4 Nxe4 Bd3 d5 Nxe5 Nd6
1500,1457,white,360+0,e4 e6 d4 d6 Nf3 Qd7 Nc3 Qc6 Bd3 Qb6
1712,1571,black,120+15,e4 e6 Nc3 Nc6 d4 Nf6 Bc4 d5 exd5 exd5
1751,1427,white,120+18,d4 d5 c4 dxc4 Nc3 a6 a4 c6 e4 Nf6
1343,1454,black,180+0,e4 d5 e5 e6 d4 a6 f4 c5 c3 Nc6
1588,1415,white,120+0,d4 d5 Nc3 e6 e4 Bb4 exd5 Qxd5 Bb5+ Qxb5
1396,1504,black,300+8,e4 c5 Nc3 d6 f4 a6 Nf3 Nf6 Bc4 e6
1455,1573,black,300+0,e4 e5 d4 exd4 Qxd4 c5 Qd1 Nc6 Nf3 Nf6
1438,1650,black,900+3,e4 e5 Nf3 Nc6 Bc4 Nd4 Nxe5 Qg5 Bxf7+ Ke7
1796,1690,white,60+0,Nf3 c5 g3 b6 Bg2 Bb7 O-O Nc6 d4 cxd4
1660,1691,black,180+0,e4 c5 f4 Nc6 Nf3 g6 c3 Bg7 Be2 e6
1357,1184,white,420+1,e4 e5 Bc4 Nf6 Nf3 Nc6 d4 exd4 Nxd4 Bb4+
1802,1784,black,300+3,e4 c5 Nf3 d6 Bb5+ Bd7 Bxd7+ Nxd7 d4 cxd4
1237,1524,black,300+5,e4 e5 Nf3 Nc6 Bc4 d6 d3 Nf6 Ng5 d5
1691,1500,white,120+0,e4 e5 Nf3 Nc6 Bc4 Nf6 Ng5 d5 exd5 Nd4
1954,1895,white,240+1,e4 c5 Nf3 Nf6 Nc3 Nc6 Bb5 a6 Bxc6 dxc6
1639,1756,white,180+3,e4 c5 d4 cxd4 c3 dxc3 Nxc3 Nc6 Nf3 Nf6
1766,1761,black,300+0,d4 Nf6 Bg5 b6 c4 Bb7 f3 e6 e4 Be7
1897,1320,white,300+15,e4 e5 Nf3 c6 Nxe5 Qb6 d4 Bd6 Nc4 Qb4+
1113,1602,white,180+0,e4 c6 Qf3 g6 Bd3 Bg7 Bc4 e6 d4 Ne7
1397,1629,black,300+0,e4 e5 f4 exf4 Nf3 Nc6 Bc4 Be7 d3 b6
1549,1695,white,300+4,c4 e5 e4 a6 Nf3 Nf6 Nxe5 Qe7 d4 d6
1482,1628,black,60+1,d4 d5 c4 e6 Nf3 Bb4+ Nc3 Bxc3+ bxc3 dxc4
1588,1682,black,120+15,e4 e6 Nf3 d5 exd5 Nf6 dxe6 Bxe6 Nc3 Bc5
1370,1380,black,480+6,e4 e5 Nf3 Nc6 Bb5 Qf6 Bxc6 Qxc6 d3 Qg6
1181,1665,black,1800+0,e4 c5 Nf3 d6 Bc4 Nc6 Ng5 e6 Bb5 Qxg5
1329,1475,black,600+10,e4 d5 exd5 Qxd5 d4 Nc6 Nf3 g6 Nc3 Qe6+
1897,1555,white,300+13,e4 Nc6 Nf3 e5 Nc3 d6 Bc4 Bg4 h3 Bxf3
1920,1927,white,60+0,e4 e5 Nf3 f5 d3 Nc6 Bg5 Nf6 Nc3 h6
1813,1907,black,180+5,e4 e5 Nf3 Nc6 Bb5 a6 Ba4 Nf6 O-O Be7
1678,1803,black,60+0,e4 e5 Nf3 Nc6 Bb5 Nf6 O-O Nxe4 d4 exd4
1618,1494,white,120+1,d4 d5 c4 e6 Nc3 Nf6 Bg5 Be7 e3 O-O
1434,1315,black,60+2,d4 d5 Nc3 Nf6 Bg5 Nc6 Bxf6 exf6 e4 dxe4
1794,1840,black,600+0,e4 e5 Bc4 Nf6 Nc3 Nc6 Nge2 d6 f3 g6
1672,1723,white,900+3,e4 c5 Nf3 e6 d4 cxd4 c3 dxc3 Nxc3 a6
2014,2204,white,900+0,e4 e5 f4 exf4 Nf3 d5 exd5 Qxd5 Nc3 Qe6+
1899,1482,white,300+15,e4 e5 Nf3 Nc6 Bc4 d5 Bxd5 Nf6 Bxc6+ bxc6
1408,1594,black,120+0,e4 d5 d3 dxe4 f3 exd3 Bxd3 c6 Nc3 e6
1772,1907,black,300+0,e4 d5 exd5 Nf6 d4 Bg4 f3 Bf5 Bd3 Bxd3
1498,1435,black,300+0,b3 c5 Bb2 b5 e3 a6 d4 cxd4 Qxd4 Bb7
1528,1952,black,180+0,d3 e5 e3 d5 Qe2 Nf6 f3 Bd6 h3 c5
1810,1668,white,60+0,Nf3 c6 g3 d5 Bg2 g6 d4 Bg7 O-O e6
2023,1405,white,300+0,e4 e5 Nf3 d6 d4 exd4 Nxd4 Bd7 Nc3 g6
1471,1500,black,540+0,c3 e5 e4 Nf6 Bd3 d5 Nh3 dxe4 Bxe4 Nxe4
1635,1473,white,60+1,d4 Nf6 e3 g6 Nf3 Bg7 Be2 d5 O-O c6
1340,1319,white,180+2,e4 e5 Nf3 d6 Nc3 c5 Nd5 a6 c4 b5
1286,1500,white,1800+0,e4 a6 d4 a5 f4 a4 e5 a3 Nxa3 h6
1520,1333,white,180+0,d4 d5 e3 Bf5 g4 Be4 f3 Bg6 h4 f6
1935,1601,white,60+0,e4 d5 exd5 Qxd5 Nc3 Qe5+ Be2 h6 d4 Qe6
1626,1827,white,120+1,d4 d5 c4 e6 Nc3 Nf6 Bg5 c6 e3 Nbd7
1942,1906,black,60+0,e4 e5 Nf3 f5 Bd3 Nc6 Bc4 Nf6 d3 fxe4
1494,1324,white,120+10,e4 e6 d4 Nf6 e5 Nd5 c4 Ne7 Nf3 d5
1916,1931,black,60+0,e4 e5 g4 Nc6 h3 d6 Bg2 Be6 Ne2 Qd7
1901,2010,draw,300+15,e4 e6 d4 d5 Nc3 Bb4 Bd2 dxe4 Qg4 Nf6
1658,1817,black,60+0,e4 e5 Nf3 Nf6 d4 Nxe4 Bd3 d5 Nxe5 Nd7
1288,1461,black,900+0,e4 e5 Nc3 Bc5 Nh3 Nf6 f3 d6 d3 Bxh3
1876,1778,white,180+5,d4 Nf6 c4 e6 Nf3 d5 g3 c5 Bg2 Nc6
1173,1441,black,120+2,e4 e5 d4 Nf6 dxe5 Nxe4 Qd4 f5 f3 Bc5
1393,1359,white,300+0,e4 d6 Nf3 e6 Bb5+ c6 Ba4 b5 Bb3 Ne7
1553,1561,white,300+4,e4 Nc6 d4 d5 e5 Bf5 f4 e6 Nf3 Bg4
1526,1616,black,180+0,d3 e5 e3 Nc6 Qe2 Bc5 f3 a6 h3 d6
1710,1955,black,240+0,e4 e6 d4 d5 exd5 exd5 Nf3 Nf6 Bg5 Be7
1442,1810,black,120+10,d4 c5 Nf3 cxd4 Qxd4 Nc6 Qd5 Nf6 Qd1 g6
1597,1642,black,120+0,d4 d5 h3 e6 Nf3 Be7 e3 Nf6 Bd3 O-O
1823,1650,black,60+0,e4 c5 d4 cxd4 Nf3 Nf6 e5 Nd5 Qxd4 e6
1702,1467,white,180+0,e4 d6 f4 e5 Nf3 f6 Bc4 Ne7 O-O Ng6
1932,1938,white,60+1,c4 c6 Nc3 d5 cxd5 cxd5 d4 Nf6 Bf4 Nc6
1915,1805,white,180+5,e4 e5 f4 exf4 Nf3 g5 Bc4 g4 Ne5 Qh4+
1535,1580,black,300+0,d4 c5 Bf4 Nf6 Nc3 e6 g3 Nc6 dxc5 Bxc5
1650,1531,white,240+0,d4 Nf6 c4 g6 Nc3 Bg7 e4 d6 Nf3 O-O
1500,1337,black,120+0,e4 e5 Nf3 Nc6 Bc4 d6 d3 Nf6 Bg5 Be7
1742,1654,white,180+3,f4 d5 Nf3 Nf6 d4 e6 e3 Be7 c3 O-O
1639,1579,white,480+1,e4 e6 e5 d6 exd6 Qxd6 d3 Nc6 Nh3 Nd4
1901,1359,white,300+13,e4 e5 Nf3 Nc6 Nc3 a6 Bc4 Nh6 d3 Nd4
1486,1581,white,420+3,d4 d5 e3 Bf5 Bd3 Bxd3 Qxd3 Nc6 Nc3 Qd6
1699,1358,white,420+8,e4 d6 Nf3 c6 Nc3 Bg4 Be2 e5 h3 Bh5
1661,1461,white,540+0,d4 d5 c4 Nf6 Nc3 dxc4 e3 e6 Bxc4 Bb4
1456,1383,black,300+0,e4 e5 Bc4 d6 Qf3 Nf6 Nh3 Nc6 Ng5 Qe7
1697,1918,black,120+0,e4 e5 Nf3 f5 Nc3 Nc6 d3 d6 Bg5 Nf6
1109,1537,black,1200+0,d4 g6 e3 Bg7 Bd3 Nf6 Ne2 O-O Bd2 d6
1769,1643,black,120+1,e4 e6 d4 d5 Nd2 c5 c3 Nc6 Ne2 Be7
1671,1808,white,60+0,e4 Nf6 e5 Nd5 c4 Nb6 c5 d6 cxb6 dxe5
1484,1216,white,300+0,b3 a5 Bb2 b5 e3 b4 d4 d6 Qf3 Ra7
1329,1950,black,120+0,e4 e5 Nf3 d6 Bc4 h6 d4 exd4 Qxd4 Ne7
1326,1560,black,180+0,e4 d5 e5 e6 d4 a6 h4 c5 c3 Nc6
1404,1448,white,720+5,e4 e5 Nf3 Nc6 Bc4 Bc5 c3 d6 d4 Bg4
1375,1461,black,120+0,Nc3 g6 Nf3 Bg7 d3 e6 e3 Ne7 g3 O-O
1185,1297,black,1800+0,a3 d5 c3 e5 e3 e4 g3 f5 Qc2 Be6
1052,1404,draw,300+0,d4 d5 Nf3 Nc6 e3 Nf6 Bb5 a6 Ba4 Bd7
1691,1900,black,120+0,e4 d6 Nf3 Nf6 Nc3 g6 d4 Bg7 Bg5 h6
1551,1634,white,300+4,e4 c5 Nf3 g6 Bc4 Bg7 Ng5 e6 O-O a6
1373,1168,white,120+2,e4 e5 Nf3 Qe7 d4 f5 Nxe5 Qe6 exf5 Qxf5
1522,1463,white,600+7,e4 e5 Nf3 Nc6 d4 exd4 Nxd4 Nxd4 Qxd4 b6
1923,1926,black,60+0,e4 c5 c3 d6 d4 Nf6 Bd3 Nc6 Ne2 g6
1539,1448,white,120+4,e4 f6 f4 a6 Nf3 c6 f5 h6 Nd4 a5
1793,1692,white,60+0,d4 c5 d5 e5 e4 d6 f4 exf4 Bxf4 Nf6
1651,1587,white,120+0,d4 d5 e3 Nc6 Nf3 a6 Be2 e6 O-O Bb4
1222,1951,black,120+0,c4 d6 e4 e5 d3 f5 Nc3 f4 f3 Nf6
1698,1579,white,120+15,e4 e6 Nc3 Nc6 d4 b6 d5 exd5 exd5 Qe7+
1328,1785,black,120+0,e4 d5 e5 Bf5 d4 e6 Nf3 c5 c4 Nc6
1381,1389,black,120+0,e4 d5 Nc3 dxe4 Nxe4 Bf5 d3 e6 f3 Nf6
1348,1457,white,120+0,e4 e5 Nf3 Nc6 Bc4 d6 Nc3 Nf6 a3 Qe7
1964,1765,white,300+0,e4 c5 Nf3 Nc6 d3 d6 g3 g6 Bg2 Bg7
1305,1445,white,240+4,e4 e5 c3 d5 exd5 Qxd5 d4 exd4 cxd4 Bb4+
1489,1302,white,300+0,b3 e5 Bb2 d6 e3 Bd7 d4 e4 Ne2 d5
1276,1112,black,300+5,e4 d5 exd5 Qxd5 Nc3 Qe6+ Qe2 Nc6 Qxe6 Bxe6
1517,1914,black,180+0,d3 d5 e3 c5 Qe2 Nc6 f3 e5 h3 Nf6
1590,1512,black,300+0,d4 d5 e4 dxe4 Nc3 Bf5 f3 exf3 Nxf3 Nc6
1380,1910,white,300+8,e4 c5 Nf3 Nc6 d4 cxd4 Nxd4 e5 Nb5 d6
1160,1149,white,720+17,d4 d6 Nf3 f6 Bf4 Nc6 Nc3
1438,1548,black,120+4,h3 e5 h4 d5 h5 h6 g4 Bxg4 f4 Nc6
1706,1734,white,240+0,e4 c5 Nf3 e6 Bb5 a6 Be2 Nc6 d4 cxd4
1681,1801,black,60+0,e3 g6 c4 Bg7 d4 Nf6 Nc3 d5 cxd5 Nxd5
1938,1911,white,60+0,e4 e6 d3 d5 Qe2 Be7 Nf3 Nf6 e5 Nfd7
1217,1468,black,120+0,c4 g6 e4 Bg7 d3 e6 Nc3 Ne7 Nf3 O-O
1280,1952,black,120+0,Nc3 d6 Nf3 e5 d4 exd4 Nxd4 Ne7 Nf3 Nbc6
1367,1335,white,600+10,e4 e5 Nf3 Nc6 Nc3 Bc5 Bb5 d6 Bxc6+ bxc6
1645,1750,black,180+3,e4 c5 d4 cxd4 c3 Qa5 Nf3 Nc6 Bc4 e5
1531,1709,black,600+7,e4 c5 d4 cxd4 Qxd4 a6 Bc4 e6 e5 b5
1513,1569,black,60+5,c4 e5 Nc3 Nf6 g3 Nc6 Bg2 Bc5 e3 d6
1570,1711,black,120+15,e4 c5 Nf3 e6 d4 cxd4 Nxd4 a6 Bc4 Qc7
1798,1922,black,180+5,e4 e5 Nf3 Nc6 Bb5 a6 Ba4 Nf6 O-O Be7
1303,1213,white,600+5,Nf3 d5 d4 e6 c4 dxc4 e4 b5 e5 Nc6
1515,1580,black,180+0,d3 e5 e3 d6 f3 f6 Qe2 g5 g4 c5
1949,1525,white,60+2,e4 e5 Nf3 d6 d4 exd4 Nxd4 Be6 Nc3 Be7
1495,1461,white,300+0,b3 d5 Bb2 Nc6 e3 Bf5 Nc3 e6 Be2 Bb4
1363,1718,black,120+0,e4 d5 exd5 Qxd5 d3 Qa5+ Bd2 Qb6 b3 e6
1808,1672,white,60+0,Nf3 c5 g3 b6 Bg2 Bb7 O-O a5 d4 cxd4
1906,1378,white,60+2,e4 e6 d4 d5 exd5 Qxd5 Nf3 Qd8 Bd3 c6
1953,1326,white,120+0,e4 e5 d3 Nc6 c4 f5 Nc3 fxe4 dxe4 Nd4
1917,1657,white,240+0,Nf3 g6 g3 Bg7 Bg2 e5 O-O d5 d3 Nf6
1275,1788,black,120+0,Nc3 d5 Nf3 c6 e4 dxe4 Nxe4 Bf5 d3 Bxe4
1394,1686,white,300+0,e4 e5 d4 exd4 c3 dxc3 Bc4 Qf6 Nxc3 Bc5
1577,1922,black,120+0,d4 c6 Nc3 b5 e4 a6 a3 Qb6 d5 c5
1925,1574,white,120+0,f3 b6 g4 Bb7 h4 Na6 h5 e6 Nh3 Qh4+
1554,1563,black,300+4,e4 e5 c3 Nf6 d4 Nxe4 Qe2 d5 f3 Nd6
1498,1265,white,420+8,e4 d5 exd5 Qxd5 Nf3 Qe6+ Be2 Nc6 O-O Nh6
1606,1514,white,300+3,e4 c5 Nf3 Nc6 d4 cxd4 Nxd4 d6 c3 Nf6
1714,1684,white,60+10,e4 d5 exd5 Nf6 Nf3 c6 d4 Bf5 Bd3 Bxd3
1663,1815,white,60+0,e4 e6 d4 d5 Nd2 c5 Ngf3 Nc6 exd5 exd5
1571,1928,black,120+0,d4 b5 Nc3 g5 Bxg5 Bb7 Nf3 Bg7 e3 Nf6
1500,1500,black,300+8,e4 e5 Nf3 Nc6 Bc4 Nf6 d4 exd4 Ng5 d5
1723,1360,black,120+0,d4 d5 e3 Nf6 c4 dxc4 Bxc4 e6 Qb3 c6
1951,951,white,60+2,e4 e5 Nf3 d6 d4 Bg4 dxe5 Bxf3 Qxf3 dxe5
1396,1380,black,300+0,e4 e5 d3 Nf6 Nf3 Be7 h4 h6 Nxe5 d6
950,1522,black,60+2,e4 c5 Bc4 d6 Qf3 e6 Ne2 Nd7 O-O Nb6
1973,1760,black,300+0,e4 c5 Nf3 Nc6 d3 d5 exd5 Qxd5 Nc3 Qd8
1473,1326,white,120+0,g3 e5 Bg2 d5 e3 Be6 Ne2 Nc6 d3 Qd7
1398,1687,black,900+3,d4 f5 c4 g6 Nc3 Nf6 Bg5 Bg7 e4 fxe4
1951,1908,white,60+2,e4 d6 d4 Nf6 Nc3 g6 f3 Bg7 Be3 c6
1174,1954,black,120+0,c4 d6 e4 e5 d3 c6 Nc3 f5 Nf3 f4
1379,1350,white,180+2,e4 c5 Nf3 d6 d4 b6 Bb5+ Bd7 Bxd7+ Nxd7
1534,1535,black,600+2,e4 c6 e5 d5 d4 Bf5 Nf3 e6 Bd3 Bxd3
1560,1358,black,300+0,d3 e5 e3 c5 a3 d5 b3 Nc6 Bb2 Bd6
1408,1199,white,1800+0,e4 Nc6 c3 e5 b4 a6 Bc4 b5 Bd5 Bc5
1692,1464,white,60+0,b4 e5 Bb2 f6 b5 d5 e3 b6 c4 Bb7
1668,1717,white,240+0,e4 e5 Nf3 Nc6 Bb5 Nf6 O-O Bc5 c3 d6
1800,1682,white,60+0,Nf3 c5 g3 b6 Bg2 Bb7 d4 cxd4 O-O Bxf3
1576,1558,white,300+10,e4 e6 Bc4 d5 exd5 exd5 Qe2+ Be6 Bb5+ c6
1259,1500,white,300+5,e4 e5 Nf3 Nc6 Bb5 a6 Bc4 Nf6 d4 Bb4+
1543,1577,black,300+0,d4 c5 Bf4 Nf6 dxc5 e6 b4 a5 c3 Ng4
1262,1954,black,120+0,Nc3 d6 Nf3 e5 d4 exd4 Nxd4 Nf6 e4 Be7
1790,1171,white,120+0,d4 d5 e3 Nf6 f4 Bf5 Nf3 e6 Bd3 Be7
1961,1377,white,60+2,e4 e6 d3 d5 Qe2 dxe4 dxe4 Nc6 Nf3 Be7
1401,1401,white,120+0,e4 d5 d3 dxe4 f3 exf3 Nxf3 Bg4 Be2 Nf6
1724,1562,white,120+15,e4 e6 Nc3 g6 d4 Bg7 Bd3 d5 Be3 dxe4
1525,1596,black,600+7,e4 e6 d4 d5 e5 c5 Be3 Nc6 dxc5 Nxe5
1581,1600,black,300+1,e4 d5 exd5 Qxd5 d4 c6 Nc3 Qd6 Nf3 Qc7
1895,1523,white,60+2,e4 e5 Nf3 d6 d4 Bg4 dxe5 Bxf3 gxf3 Be7
1378,1371,draw,600+8,d4 d5 Nc3 e6 Nf3 c5 e4 Nf6 e5 cxd4
1649,1569,white,480+1,e4 d5 e5 Nc6 d4 f6 exf6 Nxf6 Bb5 Bd7
1705,1728,black,240+0,e4 c5 Nf3 e6 d4 cxd4 Nxd4 Nf6 Bg5 Qa5+
1673,1807,black,60+0,e4 e5 Nf3 Bc5 Nxe5 Bxf2+ Kxf2 Qh4+ Kg1 Qxe4
1458,1697,black,60+0,d4 d5 c4 e5 Nc3 dxc4 dxe5 Qxd1+ Nxd1 Nc6
1480,1955,black,120+0,g3 d5 Bg2 e6 e3 f6 Ne2 c5 d3 Nc6
1382,1682,black,120+0,e4 d5 exd5 Qxd5 d3 Qa5+ Nc3 Qb6 Be2 Qa5
1930,1569,black,120+0,f3 g6 c3 Bg7 Qc2 b6 Kf2 Bb7 d3 Nc6
1814,1664,black,60+0,e4 c5 d4 cxd4 Nf3 Nf6 e5 Nd5 Qxd4 e6
1290,1389,white,120+0,e4 d5 exd5 Qxd5 Nc3 Qa5 Nf3 Bg4 Be2 Nf6
1539,1562,white,1200+0,e4 e5 Nf3 a5 Bc4 h6 O-O a4 a3 Ra5
1318,1258,white,120+0,e4 g5 d4 a5 Bxg5 Ra6 Be3 Rb6 b3 Bg7
1428,1389,black,180+1,e4 e5 f4 exf4 Nf3 Ne7 Bc4 Ng6 O-O Nc6
1555,1735,black,120+15,e4 c5 Nf3 e6 Nc3 Nc6 d4 cxd4 Nxd4 a6
1718,1620,black,240+5,c4 e5 Nc3 Nc6 e4 Bc5 Nf3 d6 d3 Nf6
1707,1589,white,180+0,e4 e5 f4 d5 exd5 Qxd5 Nf3 exf4 d4 Bb4+
1655,1305,black,420+0,e4 d5 exd5 Qxd5 Nc3 Qe5+ Be2 Bf5 Nf3 Qd6
1358,1539,black,540+9,e4 e5 Nf3 Nc6 d4 Qf6 Bb5 a6 Bxc6 Qxc6
1792,1957,black,120+0,d4 d5 e3 e6 f4 f6 Nf3 c5 c3 Nc6
1479,1165,black,120+0,g3 f5 Bg2 e6 e3 d5 d3 Nc6 Ne2 Bd7
1505,1504,white,180+0,d3 e5 e3 Bc5 Qe2 Nf6 f3 d5 h3 O-O
1755,1734,white,120+18,d4 d5 c4 c6 c5 a5 Nc3 b6 Na4 bxc5
1962,1520,white,60+2,e4 e5 Nf3 Bc5 c3 Nf6 d4 exd4 cxd4 Bb4+
1375,1898,black,60+2,e4 d6 Nf3 Nf6 d3 c5 c3 Nc6 Bg5 e6
1980,1733,white,180+0,d4 b6 c4 e6 Nc3 Bb4 Bd2 Nf6 e3 Bxc3
1542,1640,black,300+0,d3 d5 e3 e5 a3 c5 b3 Nc6 Bb2 Nf6
1436,1385,black,300+0,e4 Nc6 Nf3 e5 Bb5 a6 Bxc6 dxc6 d3 Bd6
1902,1571,white,300+13,e4 g6 Nf3 e6 Nc3 Bg7 Bc4 Nc6 d3 Nge7
1702,1452,black,60+0,e4 d5 exd5 Nf6 d4 c6 dxc6 Nxc6 c3 e5
1776,1943,white,300+0,e4 e6 d4 d5 Nc3 Bb4 e5 Bxc3+ bxc3 Ne7
1461,1327,white,120+0,b3 e5 Bb2 Nc6 c4 Nf6 d3 Bd6 e4 Nd4
1458,1391,white,900+0,e4 e5 d3 Bc5 Qf3 d6 Qg3 g6 h3 Be6
1929,1791,white,180+5,e4 e5 f4 exf4 Nf3 g5 Bc4 g4 Ne5 Qh4+
1590,1910,black,120+0,d4 h6 Nf3 g5 h3 f6 Nh2 h5 Nf3 e5
1405,1374,black,120+0,e4 d5 Nf3 dxe4 Nh4 e6 Qg4 Nf6 Qf4 Bd6
1500,1179,white,420+3,d4 d5 e3 Bf5 c3 e6 Nf3 Bd6 h3 Nf6
1568,1683,black,120+0,c4 c5 Nc3 Nc6 d3 e5 e4 g6 Bd2 Bg7
1701,1740,white,600+5,e4 e5 Nf3 Nc6 Bb5 Nf6 O-O Ng4 c3 a6
1691,1369,white,900+3,e4 d6 Nf3 c5 d4 Nc6 Bc4 e6 O-O a6
1689,1378,black,120+0,d4 e6 e3 d5 c4 Nf6 cxd5 Nxd5 a3 Bd6
1598,1799,black,60+0,e4 e6 Nf3 d5 c3 dxe4 Nd4 c5 Nb5 a6
1352,1414,black,300+0,e4 e5 d3 Nf6 Nc3 Bb4 Bd2 O-O Nd5 Nxd5
1711,1497,white,180+0,e4 c5 Nf3 Nc6 Nc3 d6 Be2 Nf6 d4 cxd4
1521,1481,white,300+0,d4 d5 Bf4 Bf5 Nc3 Nc6 Nb5 Rc8 a3 a6
1387,1392,white,120+0,e4 e5 Nf3 Nc6 Bc4 h6 c3 Nf6 d4 exd4
1163,1500,black,720+17,d3 e5 e4 Nf6 Nf3 Bc5 Nxe5 O-O Bg5 d6
1323,1966,black,120+0,d4 d5 e3 e6 Nf3 f5 Bd3 Nf6 O-O c5
1921,1734,white,180+0,Nf3 d5 g3 c5 Bg2 Nf6 O-O Nc6 d3 Bg4
1771,1695,black,240+0,e4 e5 Nf3 Nc6 Bb5 Bc5 O-O Nf6 c3 O-O
1517,1374,white,60+2,d4 d5 Bf4 Nc6 e3 f6 Bb5 Bd7 Qe2 a6
1624,1571,black,300+1,d4 d5 e3 Bf5 c4 dxc4 Bxc4 e6 a3 Bd6
1657,1490,white,900+3,d4 d5 c4 e6 Nf3 Nf6 Nc3 Nc6 e3 Bb4
1964,1900,white,60+2,e4 d6 d4 Nf6 Nc3 g6 f3 Bg7 Be3 h5
1383,1494,black,300+0,e4 e5 Nf3 Nc6 Bc4 Nd4 Nxd4 exd4 d3 Bb4+
1804,1593,white,60+0,Nf3 d5 g3 c6 Bg2 Nd7 O-O Ngf6 d4 e6
1914,1587,white,120+0,g4 d5 g5 Bg4 g6 hxg6 h3 Bf5 d4 Qd7
1318,1469,black,120+0,c4 g6 d3 Bg7 e4 e6 Nf3 d6 Be2 Ne7
1338,1348,black,180+2,e4 c5 Nf3 Nc6 d4 d6 d5 Ne5 Nxe5 dxe5
1398,1651,black,120+0,e4 d5 exd5 Qxd5 d3 Qa5+ Nc3 a6 Be2 e6
1781,1967,white,120+0,d4 d5 e3 e6 f4 f5 Nf3 Nf6 Bd3 c6
1098,1692,black,120+0,d4 c5 dxc5 e6 Nf3 Bxc5 e3 Nf6 Bd3 O-O
1560,1675,draw,120+2,d4 Nf6 Nf3 g6 Bf4 Bg7 e3 d6 c4 O-O
1319,1944,black,120+0,e4 e5 Nf3 d6 d4 exd4 Qxd4 Nf6 e5 Nc6
1588,1577,white,600+0,e4 e5 Bc4 Nf6 d3 d5 exd5 Nxd5 Bb3 Nc6
2039,1927,white,420+0,d4 Nf6 f4 d6 e3 h5 Nf3 h4 Be2 Bf5
1587,1809,black,60+0,d4 Nf6 Nf3 g6 c3 Bg7 Nbd2 d5 e3 O-O
1583,1917,black,120+0,d4 Nh6 Nc3 f6 Bxh6 Nc6 Bd2 d5 Nf3 e6
1500,1461,white,600+0,e4 c5 f4 d6 Nf3 Nc6 d3 e5 f5 Be7
1780,1728,black,180+0,e4 d5 exd5 Qxd5 Nc3 Qd8 d4 e6 Bd3 Nf6
1534,1404,white,300+0,d3 d5 e3 e5 a3 Nc6 b3 g6 Bb2 Bg7
1424,1341,white,300+0,e4 g6 d4 Bg7 Nf3 e6 Be3 Ne7 Nc3 O-O
1945,1809,white,120+0,e4 d5 exd5 Qxd5 d4 Qa5+ c3 c6 Bc4 Bf5
1705,1615,black,240+5,c4 d6 Nc3 Nf6 Nf3 g6 e4 Bg7 d3 O-O
1467,1893,black,300+8,d4 d5 c4 dxc4 e4 b5 a4 c6 Nc3 Bd7
1318,1273,white,120+0,e4 e5 Nf3 d6 Bc4 Nc6 d4 Be6 dxe5 Bxc4
1421,1397,black,1800+0,e4 e5 Bc4 Nf6 f3 Nc6 c3 a6 Nh3 d5
1920,1580,black,120+0,f3 d5 Nh3 Bxh3 b3 Bf5 Bb2 h5 Nc3 Bh7
1466,1667,black,1800+0,e4 c5 Nf3 d6 d4 cxd4 Nxd4 Nf6 Nc3 g6
1527,1974,black,60+2,d4 Nf6 Nc3 d5 Bf4 c6 e3 Bf5 Bd3 Bxd3
1365,1888,black,60+2,e4 d6 Nf3 Nf6 d3 c5 c3 Nc6 Bg5 e6
1734,1541,black,180+0,e4 d5 exd5 Qxd5 Nc3 Qe6+ Qe2 Nc6 Nf3 Qg6
1659,1394,white,120+0,d4 d5 e3 Nf6 c4 dxc4 Bxc4 e6 h3 c6
1814,1582,white,60+0,Nf3 d5 g3 c6 Bg2 Nd7 d4 e6 O-O Bd6
1693,1094,white,120+0,e4 c5 d4 cxd4 c3 dxc3 Nxc3 e6 Nf3 a6
1389,1667,black,120+0,e4 d5 exd5 Qxd5 d3 Qa5+ Bd2 Qb6 b3 e6
1647,1721,black,120+5,e4 c5 Nf3 e6 Nc3 Nc6 Bb5 Nd4 O-O a6
1414,1399,white,120+0,e4 d5 d3 dxe4 f3 exf3 Nxf3 Bg4 Be2 Nf6
1339,1633,white,0+2,b3 e6 d4 d6 Bb2 f6 e3 Be7 g3 Nh6
1517,1605,white,600+7,e4 e6 Nf3 d5 Qe2 dxe4 Qxe4 Nf6 Qe5 Nc6
1906,1484,white,300+13,e4 c5 Nf3 d6 Nc3 Nf6 Bc4 Nc6 d3 e5
1364,1525,black,60+2,e4 c6 Nf3 d6 d4 Bg4 Be2 Bxf3 Bxf3 e6
1368,1348,white,900+8,e4 e5 Nf3 Nc6 a3 Nf6 d3 d5 exd5 Qxd5
1577,1819,black,60+0,d4 e5 Nf3 exd4 Nxd4 Nf6 c3 d5 Bg5 c5
1667,1571,white,180+0,f4 d5 Nf3 Bf5 e3 Nc6 Bb5 Qd6 Nd4 Be4
1567,1409,white,660+5,d4 Nc6 Nf3 d5 e3 Nf6 Bb5 Bd7 Be2 Bg4
1271,1132,white,300+5,e4 e5 Nf3 Nf6 Nxe5 Nxe4 Qe2 d5 d3 Nf6
1890,1976,white,60+2,e4 c5 Nf3 d6 d4 cxd4 Nxd4 Nf6 Nc3 g6
1602,1899,black,120+0,d4 Nc6 Nc3 Nf6 e3 Nh5 Qxh5 g6 Qe2 Bg7
1695,1662,black,900+3,e4 e5 Nf3 Nc6 Bb5 Qf6 Nc3 Bd6 d3 Nge7
1916,1654,black,120+2,e4 a6 Nf3 b5 d4 Bb7 Bd3 Nf6 O-O Nxe4
1755,1816,white,300+0,e4 c5 Nf3 Nc6 d4 cxd4 Nxd4 Nf6 Nc3 d6
1353,1546,black,300+0,e4 e5 Nf3 Nc6 Bb5 Qf6 d3 Nd4 Nxd4 exd4
1388,1032,white,120+0,e4 d5 exd5 Qxd5 Nc3 Qe5+ Qe2 Qxe2+ Bxe2 e6
1708,1653,black,240+0,e4 e5 Nf3 d6 Bc4 f5 d3 Nf6 Ng5 d5
1583,1597,white,300+1,e4 d5 exd5 Qxd5 d4 c6 c4 Qe6+ Be2 Nd7
1519,1615,black,60+2,d4 d5 c4 e6 Nf3 Nf6 cxd5 Nxd5 e4 Nf6
1426,1694,black,120+0,e4 c5 d3 e5 f3 Nc6 h4 Be7 g3 Nf6
1904,1347,white,300+15,e4 c5 Nf3 b6 d4 cxd4 Nxd4 Bb7 Bd3 g6
1471,1500,black,180+2,d4 c5 Bf4 cxd4 Qxd4 Nc6 Qd1 e5 Bg3 Qb6
1541,1396,draw,300+0,d3 e5 e3 d5 a3 Nc6 b3 Be6 Bb2 Nf6
1744,1548,white,120+15,e4 e5 Nc3 Nc6 Bc4 Nf6 d3 d6 f4 Qe7
1658,1176,white,480+1,e4 e5 Nf3 Nc6 Bc4 Nd4 Nxd4 exd4 Qf3 Nf6
1818,1741,black,180+0,e4 d5 exd5 Qxd5 Nc3 Qd8 Nf3 Nf6 Be2 e6
1750,1638,white,120+5,e4 e5 Nf3 Nc6 Bb5 Bd6 O-O a6 Bxc6 dxc6
1359,1674,black,0+2,b3 d5 Bb2 e6 d4 a6 e3 c5 g3 Nc6
1328,1313,white,180+2,e4 c6 Nf3 d6 d4 Bg4 Be2 Nd7 Nbd2 e5
1334,1128,white,300+0,e4 d6 Nf3 g6 Bc4 Bg7 Ng5 e6 d3 Nf6
1334,1607,black,300+5,e4 c5 e5 Nc6 d4 cxd4 Nf3 Qa5+ Bd2 Qc5
1607,1600,white,600+0,e4 e5 Bc4 Qf6 Nc3 Bc5 Qf3 c6 d3 h6
1505,1575,black,240+1,e4 e5 Nf3 Nc6 Bb5 Qf6 Nc3 a6 Nd5 Qd6
1279,1158,white,300+5,e4 c5 Nf3 d6 d4 cxd4 Nxd4 a6 Nc3 Nf6
1320,1378,black,360+0,d4 b6 Nf3 Bb7 e3 e6 Nc3 Nf6 Bd2 d5
1573,1699,white,120+0,d4 c5 Nf3 cxd4 Nxd4 d5 c4 e5 Nb5 a6
1623,1509,black,60+2,e4 c5 Nf3 d6 d4 cxd4 Nxd4 Nf6 f3 e5
1589,1391,white,120+0,e4 d5 exd5 Qxd5 Nc3 Qa5 d4 c6 Nf3 Bg4
1470,1556,black,300+0,Nf3 d5 e3 Bf5 d4 Nc6 c4 g6 cxd5 Qxd5
1643,1640,black,420+3,d4 d5 c4 dxc4 Nc3 a6 h3 b5 a3 c6
1785,1661,white,900+3,e4 e6 Nf3 d5 exd5 exd5 d4 Nf6 Nc3 Be7
1542,1753,black,120+15,e4 c5 Nf3 e6 c3 Nc6 d4 cxd4 Nxd4 Nf6
1609,1240,black,60+15,d4 Nf6 c4 g6 Nf3 d5 e3 Bg7 g3 c6
1903,1598,white,120+0,Nh3 d5 Nf4 e6 Nc3 Bd6 Nd3 h6 Nb5 Be7
1886,1791,white,300+0,e4 c5 Nf3 Nc6 d4 cxd4 Nxd4 e5 Nb3 Nf6
1724,1895,black,300+8,f4 d5 Nf3 Bf5 d4 e6 e3 Nd7 c4 c6
1020,1385,black,120+0,e4 d5 f4 dxe4 d3 exd3 cxd3 b6 Nf3 Bb7
1467,1500,white,900+0,e4 e5 Qf3 Qf6 Be2 Qxf3 Nxf3 Nf6 d3 Nc6
1551,1461,white,1200+0,e4 e5 Nf3 f5 Bd3 Qf6 O-O d5 Bb5+ Bd7
1742,1774,white,180+5,b3 d5 Bb2 c5 Nf3 Nf6 g3 e6 Bg2 Nc6
1183,1434,black,300+0,a4 e5 a5 Nc6 a6 bxa6 b4 Nxb4 d4 Bd6
1412,1352,white,660+11,e4 e6 e5 f6 d4 fxe5 dxe5 Nc6 f4 Bb4+
1527,1608,black,60+2,d4 d5 c4 e6 Nc3 Nf6 Bf4 Nc6 Nf3 dxc4
1530,1376,white,600+7,e4 c6 Nf3 d6 d4 Qc7 d5 e5 Be2 Nd7
1594,1907,black,120+0,d4 e6 Nc3 f6 e3 g6 Bd3 c6 Nf3 b6
1680,1588,white,120+0,f4 d5 Nf3 c6 d4 Nd7 Nbd2 Ngf6 e3 e6
1566,1599,black,600+0,e4 e5 Nf3 Nc6 d4 exd4 Nxd4 Bc5 Be3 d6
1755,1724,black,180+0,e4 c5 f4 Nc6 Nf3 d6 Bc4 Nf6 Nc3 e6
1483,1500,white,120+0,e4 b6 d4 d6 Nc3 e6 Bd3 d5 exd5 exd5
1680,1685,black,60+0,d4 d5 e3 Bf5 c4 e6 cxd5 Qxd5 g4 Qa5+
1537,1191,white,300+0,d3 h6 e3 h5 a3 h4 h3 g6 b3 f6
1340,1905,black,300+15,e4 d5 exd5 Qxd5 Nc3 Qa5 a3 e5 b4 Bxb4
1287,1152,white,300+5,e4 e5 Nf3 d6 Bb5+ c6 Bc4 b5 Bb3 c5
1961,1762,black,60+0,e4 e5 Nf3 Nc6 d4 Nf6 dxe5 Nxe4 Bd3 Nc5
1378,1396,black,900+8,e4 e6 a3 c6 d3 b5 b4 d6 Nf3 f6
1573,1594,draw,300+1,d4 d5 e3 Bf5 c4 dxc4 Bxc4 e6 a3 Qf6
1388,1314,white,120+0,e4 h5 d4 a5 Bc4 b6 Nf3 g6 Ng5 e6
1351,1388,white,300+0,e4 b6 Nf3 e6 Be2 Bb7 d3 Nc6 Be3 e5
1356,1661,black,0+2,b3 d5 Bb2 e6 d4 h6 e3 Rh7 g3 a6
1291,1150,black,300+0,c4 e5 g3 Nc6 Nf3 f5 Nh4 g6 Bg2 Nf6
1471,1584,black,720+4,e4 d5 e5 Bf5 d4 e6 a3 Nd7 Bd3 Bxd3
1910,1591,white,120+0,Nh3 d5 Ng5 h6 Nf3 Bg4 Ne5 Bf5 Nf3 e6
1661,1265,white,180+2,d4 c6 c4 d6 Nc3 Qc7 e4 e5 Nf3 Bg4
1580,1690,black,120+0,e4 c5 Nf3 e6 c3 Nf6 d4 Nxe4 Bd3 Nf6
1496,1582,black,240+1,e4 d6 d4 g6 d5 Bg7 Bd2 c6 Bc3 Bxc3+
1617,1516,black,60+2,e4 c5 Nf3 d6 d4 cxd4 Nxd4 Nf6 Nc3 g6
1944,1696,white,60+0,f4 d5 Nf3 Bf5 e3 e6 b3 Bb4 Bb2 Nf6
1695,1899,black,240+0,e4 e6 d4 d5 Nd2 c5 Ngf3 dxe4 Nxe4 cxd4
1294,1177,white,300+5,e4 e5 Nf3 Nf6 Nxe5 d6 Nf3 Bg4 h3 Bxf3
1659,1547,white,480+1,e4 d6 Bc4 Nc6 Qf3 Ne5 Qb3 Nxc4 Qxc4 Be6
1651,1631,black,420+3,c4 e6 e3 h6 a3 a6 Nc3 Nc6 d4 Nf6
1963,1936,white,240+1,e4 e5 Nf3 Nc6 d4 exd4 Bc4 Nf6 O-O Bc5
1617,1396,white,120+0,e4 d5 exd5 Qxd5 Nf3 Bg4 Nc3 Qa5 Be2 Nf6
1907,1618,black,300+15,e4 e5 Nf3 Nc6 Bc4 h6 c3 Nf6 O-O a6
1500,1818,white,300+8,e4 e5 Nf3 Nc6 Bc4 Bc5 c3 Nh6 d4 exd4
1574,1383,white,660+5,d4 d5 Nf3 e6 e3 f5 c4 b6 Nc3 c5
1742,1429,white,180+0,e4 e5 f4 Qh4+ g3 Qe7 fxe5 Qxe5 Nc3 Nf6
1352,1219,white,0+2,b3 a5 Bb2 h5 g3 g5 Bg2 f6 Nf3 e6
1533,1602,black,60+2,d4 d5 c4 e6 Nc3 Nf6 Bg5 Be7 Nf3 Nc6
1692,1500,white,60+0,e4 c5 Bb5 a6 Bc4 b5 Bd5 Nc6 Bxc6 dxc6
1276,1334,black,300+0,c4 e5 Nf3 Nc6 e4 a6 g3 Bc5 d4 Bd6
1314,1391,black,120+0,e4 d5 Nc3 dxe4 Nxe4 Bf5 f3 e5 d3 Nf6
1337,1535,white,600+8,e4 g5 Nf3 g4 Ng5 h5 Bc4 e6 d3 Be7
1700,1571,white,120+0,e4 d6 d4 c5 d5 e6 Nc3 exd5 exd5 Nd7
1563,1798,draw,120+2,d4 e6 Nf3 Nf6 c4 d5 Bg5 Be7 e3 O-O
1692,1903,white,180+2,d4 c5 d5 Nf6 Nc3 g6 d6 e6 e4 Nc6
1480,1461,white,300+0,d4 d5 Nf3 e6 e3 c5 b3 cxd4 Nxd4 Nc6
1425,1746,black,180+0,e4 d5 exd5 Qxd5 Nf3 Qd8 d4 Nf6 Be3 e6
1560,1334,white,1200+0,e4 e6 d4 g6 Nf3 Bg7 c3 d5 e5 c5
1597,1308,white,600+8,e4 e5 Nf3 d5 Nxe5 Qe7 f4 g5 d4 gxf4
1475,1307,white,900+0,e4 c6 Qf3 e5 Bc4 Qf6 d3 Qxf3 Nxf3 d6
1304,1310,white,360+2,e4 e5 Nf3 Nc6 Bb5 a6 Bxc6 dxc6 d3 Bd6
1525,1391,black,180+0,d3 e5 e3 d5 Qe2 Nc6 f3 Bb4+ Nd2 Bxd2+
1667,1359,white,60+0,d3 d5 e3 d4 e4 c5 a3 b6 h3 Bb7
1397,1301,white,1800+30,e4 e5 Nf3 d6 d4 Nc6 d5 Nce7 Nc3 Nf6
1611,1523,draw,60+2,e4 c5 d4 cxd4 Nf3 Nc6 Nxd4 Nxd4 Qxd4 Nf6
1517,1437,white,180+0,d3 c5 e3 Nc6 Qe2 d6 f3 Nf6 h3 g6
1399,1500,black,120+0,e4 c5 Bc4 e6 Nf3 Nc6 c3 Nf6 d3 d5
1540,1667,black,480+1,e4 e5 Bc4 Bc5 Qh5 Qf6 Nf3 Nc6 c3 g6
1708,1257,white,120+0,e4 c6 d4 d6 Nd2 Qc7 f4 Nd7 Ngf3 e5
1784,1784,black,300+0,e4 e5 Nf3 Nc6 Bb5 Nf6 O-O Be7 Re1 d6
1456,1553,white,600+10,e4 c5 c3 Nc6 d3 d6 h3 Nf6 Be3 g6
1902,1567,white,300+8,e4 c6 d4 d5 e5 Bf5 c4 e6 Nc3 Bb4
1388,1644,white,300+0,e4 e5 Nf3 Nc6 Bc4 Nd4 Nxd4 exd4 Qf3 Qf6
1948,1942,black,60+0,d4 Nf6 Nc3 e6 Bg5 c5 d5 d6 e4 e5
1631,1393,white,120+0,e4 d5 exd5 Qxd5 Nc3 Qa5 d4 c5 d5 Nf6
1973,1926,black,240+1,e4 e5 Nf3 Nc6 Bb5 a6 Ba4 Nf6 d3 b5
1421,1503,white,660+11,e4 e5 Nf3 d6 h3 g6 a3 f5 d3 fxe4
1531,1174,white,900+5,d4 d5 c4 Bf5 Qb3 b6 cxd5 Qxd5 Qxd5
1137,1163,white,420+0,d4 d5 e3 e6 Bb5+ c6 Ba4 Bb4+ c3 Ba5
1401,1589,draw,240+1,e4 d5 exd5 Qxd5 Nc3 Qa5 d4 a6 Nf3 e6
1266,1114,white,300+0,c4 e5 Nf3 Nc6 e4 Nd4 Nxd4 exd4 g3 c5
1299,1838,black,240+4,e4 c5 d4 cxd4 Qxd4 Nc6 Qd1 d6 c3 Nf6
1387,1329,white,60+2,e4 e5 Nf3 Nc6 Bc4 Bc5 c3 Nf6 d3 d5
1690,1758,white,240+0,e4 c5 Nf3 Nc6 d4 cxd4 Nxd4 d6 Bb5 Bd7
1738,1740,black,240+0,e3 e5 d3 d5 g3 Nf6 Bg2 Be7 h3 O-O
1710,1560,white,120+0,e4 c5 d4 Nc6 c3 cxd4 cxd4 e6 Nf3 g6
1355,1500,white,0+2,d4 g6 c4 e6 e3 Ne7 g3 Bg7 Bg2 c6
1526,1609,white,60+2,d4 d5 c4 e6 Nc3 Nc6 cxd5 exd5 Nf3 Nf6
1588,1572,white,300+0,e4 d5 exd5 Qxd5 Nc3 Qe6+ Be2 Nc6 Nf3 Qg6
1549,1700,black,300+30,e4 c6 d4 d5 e5 Bf5 c4 dxc4 Bxc4 e6
1254,1351,draw,120+2,d4 d5 Nc3 e6 e4 dxe4 Nxe4 Nf6 Bd3 Nc6
1371,1580,black,660+5,e4 g6 f4 e6 d4 Bg7 Be3 Nf6 g4 d6
1422,1791,black,300+3,e4 c5 Nf3 e6 d4 cxd4 Nxd4 Nc6 c3 Nf6
1500,1749,black,180+0,Nf3 d5 g3 c5 Bg2 Nf6 O-O Nc6 d3 e5
1377,1718,white,0+2,e4 c5 f3 e5 Bc4 Be7 Nc3 Nf6 Nge2 O-O
1150,1151,white,420+0,d4 d5 c3 Bf5 Na3 e6 e3 Nc6 Nb5 a6
1876,1773,white,300+0,e4 c5 Nf3 Nc6 Bb5 g6 O-O Bg7 c3 d6
1722,1769,black,240+0,e3 e5 d3 Nf6 g3 d5 Bg2 Be7 h3 O-O
1398,1694,black,0+2,e4 c5 f3 e6 Bc4 Qc7 h3 Bd6 a3 Bg3+
1694,1398,white,0+2,e4 e5 Nf3 d6 Bc4 f6 c3 Nc6 Qb3 a6
1510,1417,white,180+0,d3 d5 e3 Nf6 Qe2 c5 f3 Nc6 h3 e5
1201,1376,black,180+5,b3 e6 Bb2 b6 e3 Bb7 c4 Nc6 d4 Qe7
1618,1560,black,600+5,e4 e6 d4 d5 exd5 Nf6 Nf3 Nxd5 c4 Bb4+
1905,1641,white,300+8,e4 e5 Nf3 Nf6 Nc3 d6 d4 Qe7 Bg5 h6
1699,1394,white,0+2,e4 e5 Nf3 d6 Bc4 a6 c3 b5 Bd5 c6
1518,1360,white,180+0,d3 e5 e3 Nc6 Qe2 Bc5 f3 Qe7 h3 Bb4+
1563,1436,black,300+0,e4 e5 Nf3 Nc6 Bb5 Nge7 c3 a6 Ba4 d6
1368,1420,white,900+8,e4 e6 a3 c6 d3 f6 b4 b5 Nf3 e5
1534,1625,black,300+8,g3 d5 Bg2 b6 Nf3 Bb7 O-O h5 d4 e6
1684,1833,black,300+8,e4 d5 exd5 Nf6 Nc3 Nxd5 Qf3 Nxc3 Qxc3 Bf5
1675,1532,white,480+1,e4 Nf6 e5 Ng8 d4 d6 exd6 Qxd6 c3 e6
1709,1892,draw,240+0,e3 c5 d3 d5 g3 e5 Bg2 f5 h3 Nf6
1578,1439,white,120+10,d4 e6 c4 Nf6 Bg5 Be7 Nc3 O-O Nf3 c5
1390,1703,white,0+2,e4 c5 c4 Nc6 d3 e6 Nc3 Nf6 Be3 d5
1320,1471,draw,360+2,c4 e5 Nc3 Bb4 Ne4 Nf6 Qa4 Nxe4 Qxb4 Qf6
1405,1298,white,1800+30,e4 e5 Nf3 Nc6 d4 d6 d5 Nce7 Nc3 h6
1612,1672,black,120+2,e4 a6 d4 b5 f4 Bb7 Bd3 Nf6 Qe2 e6
1765,1839,black,300+0,e4 c5 Nf3 e6 d4 cxd4 Nxd4 Nf6 Bd3 Nc6
1753,1703,white,180+0,e4 c5 f4 d6 Nf3 Nc6 Bc4 Bg4 Bxf7+ Kxf7
1680,1411,white,0+2,f4 e6 e4 d6 Nf3 a6 d4 f6 Bd3 Bd7
1273,1265,white,300+0,c4 d5 cxd5 Qxd5 Nc3 Qc6 Nf3 Bg4 g3 Bxf3
1567,1591,white,300+8,d4 d5 Nf3 Nf6 e3 e6 c4 b6 Nc3 Bb7
1759,1792,draw,300+2,c4 c5 Nf3 e6 d4 d5 cxd5 exd5 Nc3 Nf6
1489,1435,white,660+11,d4 Nf6 e3 Ne4 Bd3 Nd6 Nf3 f6 O-O g5
1628,1639,black,420+3,e4 d5 exd5 c6 dxc6 Nxc6 Nc3 e5 Bb5 Bd7
1470,1414,white,600+10,e4 e5 Nf3 Nc6 c3 a6 b4 b5 a4 bxa4
1637,1909,black,300+8,d4 d5 c4 dxc4 Qa4+ Bd7 Qxc4 Nf6 Nf3 Nc6
1693,1745,black,240+0,e4 c5 Nf3 Nc6 Bc4 Nf6 e5 Ng4 Bxf7+ Kxf7
1406,1684,black,0+2,e4 c5 d3 e6 f3 Nc6 Ne2 Qc7 Be3 b6
1672,1398,white,120+0,d4 d5 e3 Bf5 g4 Bg6 h4 h5 g5 Nc6
1526,1682,black,480+1,e4 e5 d4 exd4 Qxd4 Nc6 Qd1 Qe7 Nc3 Nf6
1763,1690,black,180+0,e4 e5 f4 Nc6 Nf3 exf4 d4 Nf6 Nc3 d5
1247,1318,black,60+2,d4 d5 Nc3 Nf6 e4 dxe4 f3 c6 fxe4 e6
1594,1553,black,300+1,e4 d5 exd5 Qxd5 d4 Nc6 Nf3 Bg4 Be2 Bxf3
1886,1937,white,60+0,e4 c6 Nf3 d5 e5 e6 c3 Ne7 d4 Nd7
1525,1464,white,180+0,d3 d5 e3 Nc6 Qe2 e5 f3 Nf6 h3 b6
1283,1419,black,300+0,c4 e5 Nf3 e4 Nd4 c5 Nf5 d5 Ne3 d4
1689,1402,white,0+2,e4 e5 Nf3 d6 d4 Bg4 dxe5 Bxf3 Qxf3 dxe5
1689,1932,black,300+0,e4 g6 d4 Bg7 c3 e6 Nf3 d6 Be2 Ne7
1398,1694,black,0+2,e4 c5 d4 cxd4 Qxd4 Nf6 Qd3 Nc6 f3 e6
1615,1793,draw,300+8,d4 d6 Nf3 Nc6 e3 f5 c4 Nf6 d5 Ne5
1694,1398,white,0+1,e4 e5 Nf3 d6 Bc4 a6 d4 b5 Bd5 c6
1500,1681,black,120+2,e4 a6 d4 b5 Nf3 Bb7 Bd3 Nf6 d5 e6
1494,1393,white,120+0,f4 d5 Nf3 Bf5 e3 Nc6 d4 e6 c3 Nf6
1925,1898,black,60+0,f4 d5 Nf3 Bf5 e3 c6 b3 Nf6 Bb2 Nbd7
1328,1200,white,60+2,e4 c6 Nf3 Qc7 Bc4 e6 d4 d6 Nc3 Nd7
1394,1698,white,0+1,e4 c5 d3 Nc6 Nf3 e5 h3 g6 a3 Bg7
1138,1162,black,420+0,d4 e6 e4 d5 e5 Bb4+ c3 Be7 Nf3 c6
1625,1515,black,1260+0,e4 d6 Nf3 g6 d4 Nf6 Bd3 Bg7 O-O Nbd7
1276,1265,black,300+0,c4 c5 Nf3 Nc6 g3 Nf6 Bg2 e6 d3 d5
1882,1715,white,180+0,e4 c5 Nf3 Nc6 Bb5 g6 O-O Bg7 d4 cxd4
1716,1427,white,240+0,e3 e5 d3 d5 g3 Nf6 Bg2 Bd6 h3 Be6
1675,1415,black,0+1,e4 e5 Nf3 d6 Bc4 a6 a4 b5 axb5 axb5
1564,1707,black,1800+8,e3 e5 Qh5 Nc6 Bb5 Nf6 Qf5 d6 Qf3 Bd7
1481,1237,black,900+0,e4 c6 Qf3 e5 Bc4 Qf6 d3 b5 Bb3 d6
1909,1913,white,60+0,e4 Nf6 e5 Nd5 Nf3 d6 exd6 exd6 Be2 Be7
1534,1560,white,180+0,d3 d5 e3 e6 Qe2 a6 f3 c5 h3 Nc6
1415,1675,black,0+1,e4 c5 d3 e6 Nf3 Nc6 h3 Nf6 Be2 d5
1408,1749,black,180+0,d4 d5 c4 c5 cxd5 Qxd5 Nf3 Nc6 Nc3 Qd7
1501,1602,black,60+5,c4 c5 Nc3 Nc6 g3 g6 Bg2 Bg7 Qb3 e6
1505,1479,black,300+5,d4 Nf6 c4 e6 Nc3 b6 Bg5 Be7 e4 O-O
1680,1435,black,0+1,e4 e5 Nf3 d6 Bc4 a6 a4 b6 Bd5 c6
1637,1882,black,300+15,e4 d5 exd5 Qxd5 Nc3 Qa5 Nf3 Nf6 h3 e5
1270,1589,black,600+0,d4 e6 c4 c5 e3 cxd4 Qxd4 Qf6 Qd1 h6
1166,1336,white,60+2,d4 d5 Nc3 Nc6 Nf3 f6 e4 dxe4 Nxe4 e5
1902,1920,black,60+0,e4 d5 Nf3 dxe4 Ng5 Nf6 Bc4 e6 Nc3 c6
1455,1658,black,0+1,e4 c5 d3 e5 h3 Nc6 Ne2 g6 Be3 Bg7
1431,1585,black,120+10,d4 b6 Nf3 Bb7 e3 c5 c4 cxd4 Qxd4 Bxf3
1500,1488,black,180+10,h3 d5 d4 Nc6 Nc3 e6 a3 b6 Bf4 Bb7
1665,1449,white,0+1,e4 e5 Nf3 d6 Bc4 a6 a4 b6 Bd5 c6
1754,1937,white,180+0,f4 g6 Nf3 Bg7 d4 e6 e3 d6 c3 h6
1591,1425,white,120+10,d4 e6 c4 Nf6 Nf3 c5 Nc3 cxd4 Nxd4 Bb4
1691,1686,black,120+2,e4 a6 d4 b5 c4 Bb7 Nc3 b4 Nd5 e6
1641,1171,white,900+5,e4 e5 Nf3 Nc6 Bc4 Nd4 Nxd4 exd4 d3 Bc5
1306,1565,black,1200+0,e4 g6 d4 Bg7 f4 d6 Nf3 Nc6 h4 e5
1689,1519,white,480+1,e4 Nc6 Bc4 a6 a4 Nf6 d3 b6 Nh3 Bb7
1930,1892,white,60+0,d4 Nf6 c4 c5 d5 b5 cxb5 a6 bxa6 Bxa6
1443,1671,black,0+1,e4 c5 d3 Nc6 Nf3 e5 Nc3 g6 Bg5 f6
1265,1405,black,300+0,c4 d5 cxd5 Qxd5 Nc3 Qa5 b3 Nf6 Bb2 Nc6
1574,1443,white,300+0,d4 Nf6 Bf4 d6 Nc3 g6 Nf3 Bg7 g3 O-O
1671,1443,black,0+1,e4 e5 Nf3 d6 d4 exd4 Qxd4 Nf6 Bc4 h6
1423,1277,black,300+3,e4 c5 Bc4 Nc6 Nf3 e6 c3 Nge7 d4 cxd4
1366,1233,black,0+2,b3 d6 Bb2 e6 d4 Bd7 g3 Nc6 Bg2 Nxd4
1790,1760,white,300+2,e4 c5 Nf3 d6 d4 cxd4 Nxd4 Nf6 Nc3 a6
1721,1591,black,240+0,e3 e5 d3 Nf6 g3 Bc5 Bg2 O-O h3 d6
1463,1650,black,0+1,e4 c5 d3 e5 c4 Nc6 f3 g6 g4 Be7
1649,1378,white,420+3,c4 g5 d4 e6 e3 d5 a3 Nf6 Be2 c5
1679,1385,white,120+0,d4 d5 e3 Bf5 c4 dxc4 Bxc4 e6 Qb3 b6
1657,1456,white,0+1,e4 e5 Nf3 d6 d4 Be6 dxe5 dxe5 Qxd8+ Kxd8
1914,1905,white,300+8,e4 e5 Nf3 Nc6 Bb5 d6 c3 Nf6 Bxc6+ bxc6
1500,1530,white,1260+0,e4 d6 Bc4 g6 Nf3 Nf6 Ng5 e6 Nc3 Bg7
1882,1939,black,60+0,b4 c5 bxc5 e6 d4 Nc6 e3 d5 cxd6 Bxd6
1386,1298,black,420+0,e4 e5 Nf3 Nc6 Bc4 Nf6 Nc3 Na5 Nxe5 Nxc4
1450,1663,black,0+1,e4 c5 f3 e6 Nc3 a6 Bc4 Qc7 d3 b5
1480,1334,white,600+10,e4 d6 c3 e6 Na3 Ne7 Nc4 d5 exd5 Nxd5
1662,1622,white,60+0,e4 c5 Nf3 d6 d4 cxd4 Nxd4 Nf6 Nc3 e5
1382,1440,black,180+5,g3 e5 b3 d5 e3 c5 Bb2 d4 Bb5+ Nc6
1669,1444,black,0+1,e4 e5 Nf3 d6 Bc4 a6 a4 Be6 Bxe6 fxe6
1502,1319,white,180+10,e4 a6 Nf3 h6 Bc4 Nf6 d3 e6 Nc3 b5
1464,1649,black,0+1,e4 c5 d3 Nc6 Nf3 e5
1513,1695,white,480+1,e4 e5 d4 exd4 Qxd4 Nc6 Qd1 Bb4+ Bd2 Bxd2+
1649,1464,black,0+1,f4 e6 Nf3 d5 d3 c6 Nbd2 Nd7 e4 Bd6
1948,1873,black,60+0,c4 b6 Nf3 Bb7 Nc3 e6 e4 d5 exd5 exd5
1302,1372,white,300+5,e4 b6 Nf3 Bb7 Nc3 d6 d4 Nc6 d5 Na5
1624,1404,white,480+8,d4 d5 e3 Bf5 c4 dxc4 Bxc4 Bxb1 Rxb1 a6
1482,1656,black,0+1,d4 c5 dxc5 e6 e4 Bxc5 Qe2 Nf6 Be3 Qb6
1908,1920,black,180+0,e4 g6 f4 Bg7 Nf3 e6 Bc4 Ne7 d4 d6
1546,1417,white,180+0,d3 e5 e3 Nc6 Qe2 Nf6 f3 d6 h3 Be7
1381,1238,black,120+0,e4 e6 Nf3 d5 exd5 exd5 d4 Bg4 Be2 Nc6
1750,1812,white,300+2,c4 e5 Nc3 Nf6 Nf3 Nc6 g3 Bc5 Nxe5 Nxe5
1663,1475,white,0+1,e4 e5 Nf3 d6 d4 a6 dxe5 dxe5 Qxd8+ Kxd8
1317,1359,black,300+5,e4 c5 Nf3 b6 d4 e6 c4 Bb7 Nc3 Nc6
1585,1482,white,300+10,e4 c5 Bc4 d6 Qh5 e6 Nc3 Nc6 Bb5 Bd7
1469,1670,black,0+1,d4 d5 e3 g6 Bd3 Bg7 Nd2 c5 Ngf3 c4
1405,1518,black,1500+15,e4 e5 d4 d5 exd5 Qxd5 Nc3 Qxd4 Qxd4 exd4
1601,1718,black,600+8,e4 c5 Nf3 Nc6 d4 cxd4 Nxd4 Nf6 Nc3 d6
1886,1935,white,60+0,c4 c5 g3 Nc6 Bg2 Nf6 Nf3 g6 O-O Bg7
1493,1449,white,60+5,c4 e5 Nc3 c6 g3 d5 cxd5 cxd5 Bg2 d4
1819,1849,black,240+1,e4 c5 f4 e5 Nf3 exf4 d3 Nf6 Bxf4 d6
1499,1292,white,420+3,d4 d5 e3 e6 Nf3 c5 Bb5+ Bd7 Bd3 Nc6
1327,1311,black,600+5,e4 e5 Qf3 f6 Nc3 d6 Bd3 Nh6 Nge2 Bg4
1700,1586,white,240+0,e3 d5 d3 Bf5 g3 Nc6 h3 g6 Bg2 Bg7
1676,1463,white,0+1,e4 e5 Nf3 d6 Bc4 a6 a4 b5 axb5 a5
1833,1671,draw,60+1,e4 d5 Ne2 dxe4 Ng3 e5 Nc3 Nf6 Ngxe4 Nc6
1457,1682,black,0+1,d4 c5 dxc5 e6 Be3 Na6 c3 Nxc5 Bxc5 Bxc5
1924,1898,black,60+0,c4 Nf6 Nf3 d5 cxd5 Nxd5 Qb3 e6 e4 Be7
1554,1393,white,1800+0,d4 d6 Bf4 f6 h3 g6 Nf3 c6 e3 b5
1715,1929,black,600+5,e4 d5 exd5 Nf6 Nc3 Nxd5 Nxd5 Qxd5 d4 Nc6
1650,1518,draw,420+4,e4 e6 Nf3 Nf6 e5 Nd5 c4 Nb4 d4 Be7
1687,1452,white,0+1,e4 e5 Nf3 d6 Bb5+ c6 Be2 b5 d4 a6
1260,1592,black,600+0,d4 e6 a3 Qf6 Nf3 h6 e3 c5 c4 cxd4
1678,1529,black,480+1,e4 d5 exd5 Qxd5 Nc3 Qe6+ Qe2 Qxe2+ Bxe2 e6
1252,1169,white,900+5,h3 e5 e4 Nf6 Qe2 Nc6 a3 d6 Nc3 Be7
1454,1503,white,180+0,e4 e5 Nf3 Nc6 Bc4 Nd4 Nxd4 exd4 d3 Qf6
1910,1912,white,60+0,c4 c5 g3 Nc6 Bg2 g6 Nc3 Bg7 Nf3 Nf6
1824,1829,white,60+0,d4 b6 c4 Bb7 Nc3 Nf6 f3 d6 e4 Nbd7
1447,1693,black,0+1,d3 c5 e3 e5 h3 Nc6 a3 d5 Be2 d4
1553,1780,black,180+0,d3 d5 e3 e5 Qe2 d4 e4 Nf6 f3 h6
1287,1572,black,300+0,e4 e6 d4 c6 d5 a6 Nc3 h6 Nf3 Nf6
1510,1550,black,1800+8,e3 d5 Nh3 c6 Nc3 h6 Nf4 e6 b3 a6
1698,1442,white,0+1,e4 e5 Nf3 d6 d4 a6 dxe5 dxe5 Qe2 Qe7
1891,1369,white,180+5,e4 b6 d4 e6 Nc3 Bb7 Nf3 Bb4 Bd3 Nf6
1504,1522,black,420+3,d4 e6 e3 Be7 Nf3 Nf6 Bd3 O-O e4 h6
1490,1467,white,180+0,c4 e5 Nc3 Bc5 g3 d6 Bg2 a6 e3 Nf6
1186,1415,white,300+8,d4 e6 Nf3 d5 e3 Nf6 Ne5 Bd6 Qf3 O-O
1902,1921,draw,60+0,e4 Nc6 Nf3 e5 Bc4 Nf6 d3 Bc5 O-O O-O
1477,1544,white,180+0,e4 e6 Bc4 c6 Qf3 Nf6 d3 b5 e5 bxc4
1861,1493,white,180+0,e4 e6 d4 d6 Nf3 g6 Bd3 b6 Be3 Bg7
1380,1273,black,900+8,e4 e5 Nf3 Nf6 d3 Nc6 a3 h6 b4 d6
2008,1931,draw,180+0,e4 g6 d4 Bg7 Nc3 e6 Be3 d6 Qd2 c6
1574,1710,white,240+0,d4 d6 Bf4 e6 Nc3 a6 d5 e5 Bg3 b5
1977,1835,white,60+0,e4 c6 Nc3 d5 d4 dxe4 Nxe4 Nf6 Bd3 Nxe4
1294,1406,black,300+3,e4 e5 Nf3 Nc6 Bc4 Nd4 Nxe5 Qg5 Ng4 d5
1804,1702,black,180+0,d4 d5 Nf3 e6 Bg5 f6 Bh4 Bd6 Nbd2 Bd7
1684,1888,black,900+3,e4 c5 Nf3 e6 d4 cxd4 c3 dxc3 Nxc3 Nf6
1920,1902,draw,60+0,d4 d5 Nf3 Nf6 e3 Bf5 Bd3 Ne4 Bxe4 dxe4
1210,1389,black,900+8,d4 g6 Nf3 Bg7 Bg5 h6 Bh4 g5 Bg3 f5
1526,1499,white,300+0,e4 e5 Nf3 d6 Bc4 h6 Nc3 Nf6 Bd3 a6
1405,1785,black,240+1,e4 c5 Nf3 e6 d4 cxd4 Nxd4 Nf6 Nc3 Bb4
1548,1278,white,180+0,d3 e5 e3 d5 Qe2 Nc6 f3 Nf6 h3 d4
1828,1984,black,60+0,e4 c5 Nf3 Nc6 Be2 Nf6 d3 e5 Nc3 d5
1587,1703,black,120+0,d4 c5 dxc5 e6 Be3 Na6 Qd4 Nxc5 a3 d5
1368,1228,white,180+5,b3 c6 e3 d6 Bb2 e5 Qf3 Qc7 Qh5 h6
1893,1576,white,300+0,e4 e6 d4 c6 c4 a6 Nc3 Ne7 Nf3 d5
1903,1919,black,60+0,e4 c6 d4 d5 e5 e6 Bd3 Ne7 c3 Nd7
1391,1864,black,180+0,e4 c5 Nf3 e6 Be2 Nc6 O-O d6 d4 cxd4
1466,1532,white,900+0,e4 c5 Qf3 Nc6 c3 Qc7 d3 b6 Bf4 d6
1476,1415,white,300+3,d4 e6 a3 c5 c4 cxd4 Qxd4 Nf6 Nf3 Nc6
1569,1525,white,1200+0,e4 e6 d4 d5 e5 c5 c3 Qb6 Nf3 Nc6
1500,1111,black,60+5,e4 e5 Bc4 Bc5 Nf3 Nc6 d3 d6 Bg5 Nf6
1490,1529,black,180+0,d4 d5 c4 dxc4 Nc3 c6 e3 Nf6 Bxc4 e6
1690,1597,black,240+0,e3 d5 d3 Bf5 g3 Nc6 Bg2 Nf6 a3 g6
1716,1791,black,180+0,d4 d5 e3 c6 Bd3 Nd7 Bd2 Ngf6 Nc3 e5
1930,1893,black,60+0,Nf3 e6 b3 c5 Bb2 Nc6 e3 Nf6 Bb5 d5
1268,1490,black,300+0,d4 d5 Nc3 Nf6 Nf3 Bf5 e3 e6 Ne5 Bd6
1500,1500,black,300+5,g4 d5 g5 g6 h4 e5 e3 Bd6 c4 Be6
1093,1129,black,60+1,d4 d5 c4 dxc4 Nc3 Nf6 e3 e6 Bxc4 Bb4
1545,1662,white,480+1,d4 e6 e4 d5 e5 h6 Nf3 Bd7 g3 Be7
1711,1578,black,120+0,e4 d5 exd5 Qxd5 Nc3 Qe5+ Be2 Bg4 d4 Bxe2
1537,1455,white,300+0,e4 e6 b3 d6 Bb2 Nf6 d3 Be7 g3 c5
1552,1083,black,180+0,d3 e5 e3 Nc6 Qe2 Nf6 f3 Bd6 h3 Qe7
1500,1653,white,420+3,d4 d5 c4 dxc4 e3 b5 a4 Bd7 axb5 Bxb5
1161,1323,white,600+5,e4 e5 Nf3 d5 Nxe5 dxe4 Qh5 Nh6 d3 g6
1905,1918,white,60+0,e4 Nf6 e5 Nd5 c4 Nb6 Nf3 d6 exd6 exd6
1614,1898,white,300+3,Nf3 Nf6 g3 d5 Bg2 g6 O-O Bg7 d3 O-O
1493,1532,black,420+3,d4 e6 e3 Nf6 Bd3 Be7 Nd2 O-O Ngf3 Nc6
1649,1688,black,60+1,d4 d5 e3 Nf6 c4 e6 Nc3 c6 Nf3 Bb4
1473,1326,white,300+8,e4 e5 Nf3 Bd6 Bc4 a6 d4 f6 dxe5 fxe5
1988,1709,black,600+5,e4 e5 Nf3 Nf6 Nxe5 d6 Nxf7 Kxf7 d4 Be7
1490,1389,white,180+0,e4 e5 Qh5 Qf6 Nc3 c6 Bc4 d5 exd5 cxd5
1545,1809,black,300+0,e4 c5 b3 d6 c4 g6 Bb2 Nf6 Bxf6 exf6
1145,998,white,60+1,e4 Nf6 e5 Nd5 d4 e6 Bc4 Qh4 g3 Qe4+
1907,1915,black,60+0,e4 d5 Nf3 dxe4 Ng5 e5 Nxe4 Be6 Nbc3 c6
1672,1451,white,240+0,e3 e5 d3 d5 g3 Nf6 Bg2 Be6 h3 Nc6
1415,1422,white,360+2,d4 g6 e3 b6 Bd3 Bb7 Nf3 Bg7 O-O e6
1540,1866,white,180+0,e4 c5 Bc4 e6 c3 Nc6 Nf3 Nf6 d3 d6
1498,1480,white,180+0,e4 e5 Qh5 g6 Qxe5+ Qe7 Qxh8 Qxe4+ Ne2 Qxc2
1692,1653,white,420+5,e4 e5 d4 d6 dxe5 dxe5 Qxd8+ Kxd8 Bc4 f6
1595,1694,black,120+0,d4 c5 dxc5 e6 Be3 Na6 c6 bxc6 Nf3 d5
1925,1897,white,60+0,d4 Nc6 c4 d5 Nc3 dxc4 Nf3 Bg4 d5 Bxf3
1608,1776,black,60+0,e4 c5 Nf3 e6 d4 cxd4 Nxd4 Nf6 Nc3 Bb4
1799,1707,black,180+0,e4 e5 Nf3 d6 c3 Be6 d4 f6 Be3 Be7
1647,1561,white,480+1,e4 e5 Bc4 a6 Qh5 Qf6 Nf3 Nc6 Bd5 g6
1378,1562,draw,180+0,e4 e6 d4 d5 e5 c5 c3 cxd4 cxd4 Qa5+
1668,1206,white,240+0,e4 c6 d3 d6 h3 e5 Nf3 f6 Nh2 Be6
1500,1935,white,300+8,e4 c5 Nf3 e6 d4 cxd4 Nxd4 Nc6 Nc3 a6
1469,1843,black,180+0,d4 Nf6 c4 e6 Nc3 d5 e3 c6 Nf3 Bd6
1541,1257,white,300+0,e4 d5 exd5 Qxd5 Nc3 Qe5+ Nge2 Nf6 d4 Qh5
1531,1187,white,180+0,d3 e5 e3 d5 Qe2 Nc6 f3 Nf6 h3 h6
1431,1142,white,300+0,d4 d5 c4 Bf5 Nf3 dxc4 Nc3 Nc6 e4 Be6
1375,1481,black,180+5,b3 e5 Bb2 Nc6 Nc3 d5 e4 d4 Nce2 Nf6
1703,1586,black,120+0,e4 g6 d4 Bh6 f4 d5 e5 Bf5 Bd3 Bxd3
1887,1935,black,60+0,Nf3 c5 b3 Nc6 Bb2 Nf6 e3 d5 Bb5 Qc7
1295,1518,black,1260+0,e4 d6 Nc3 g6 Nf3 Bg7 d3 Nf6 Be3 c5
1492,1580,black,480+8,d4 d5 c4 e6 c5 Nf6 Bg5 Be7 Nf3 Nbd7
1136,1435,white,300+0,e4 c5 Nf3 Nc6 Bc4 e6 Nc3 Nf6 d3 a6
1509,1846,black,180+0,e4 c5 Bc4 e6 Qf3 Nc6 c3 Qc7 Nh3 a6
1944,1878,white,60+0,c4 Nf6 g3 e5 Bg2 Nc6 Nc3 Bc5 d3 d6
1385,1467,white,180+0,e4 e5 Bc4 d6 Qf3 g6 Qxf7#
1382,1426,black,360+2,e4 e5 Nf3 d6 d4 exd4 c3 c5 cxd4 cxd4
1202,1290,white,900+8,d4 e6 Nf3 Qf6 Bg5 Qf5 h3 h6 Bh4 g5
1515,1580,white,1200+0,d4 g6 c4 Bg7 g3 Nf6 Bg2 O-O Nc3 c6
1405,1485,white,300+3,e4 c5 Nf3 a6 d4 cxd4 Nxd4 e6 c4 d6
1556,1404,draw,180+0,e4 e5 Nf3 d6 Bc4 h6 c3 Be6 Bb5+ Bd7
1552,1656,black,480+1,e4 e5 a3 Bc5 Nc3 Qf6 Nf3 c6 Bc4 Nh6
1723,1773,white,180+0,e4 e5 Nf3 d6 Bc4 Nd7 d3 Be7 Nc3 c6
1679,1997,black,240+0,e3 c5 d3 d5 g3 Nc6 Bg2 e5 a3 Be6
1869,1952,white,60+0,b4 c5 bxc5 Qc7 d4 e5 c3 d6 cxd6 Qxd6
1535,1312,white,180+0,d3 e5 e3 d5 Qe2 e4 d4 Nc6 g3 Nf6
1415,1165,black,300+0,d4 e5 dxe5 Qe7 Nf3 Nc6 Bf4 Qb4+ c3 Qxf4
1683,1500,white,60+0,b4 e5 Bb2 d5 Bxe5 Nf6 e3 Bd7 Nf3 Nc6
1654,1509,white,900+5,f4 Nf6 Nf3 e6 e3 d5 b3 Be7 Bb2 c5
1551,1453,white,180+0,e4 e5 Nf3 d6 Bc4 Bg4 h3 Bh5 Be2 Nf6
1672,1248,white,240+0,e4 d5 exd5 Qxd5 Qf3 Nf6 Qxd5 Nxd5 d3 e6
1345,1278,white,840+10,e4 a6 d4 d5 exd5 Qxd5 Nc3 Qe6+ Nge2 h6
1506,1410,black,180+0,e4 e5 Qh5 d6 Bc4 Qf6 Nc3 c6 Nf3 g6
1593,1559,white,600+8,e4 c6 Nf3 e6 d4 h6 d5 d6 dxe6 Bxe6
1478,1688,black,60+0,Nf3 d5 e4 dxe4 Ng5 Nf6 Bc4 e6 Nc3 h6
1339,1195,white,180+2,e4 a6 d4 b5 Nf3 Nc6 d5 Nb4 c3 a5
1940,1882,white,60+0,c4 b5 Nf3 bxc4 g3 d5 Bg2 Bb7 O-O c6
1297,1542,black,600+0,d4 e6 Nf3 Be7 e4 Nf6 Bg5 Nxe4 Bxe7 Qxe7
1354,1687,black,60+1,d4 c5 d5 e5 c4 d6 e4 Be7 f4 exf4
1513,1500,white,300+5,d4 d5 c4 dxc4 e3 Be6 Nf3 h6 Be2 Nc6
1191,1396,white,300+0,e4 c5 Bc4 Nc6 Nc3 e6 d3 d5 Bb5 a6
1849,1560,white,180+0,e4 e6 d4 d5 exd5 Qxd5 Nc3 Qd8 Nf3 Bd6
1694,1472,black,60+0,e4 e5 Nf3 Nc6 Bc4 Nf6 Ng5 d5 exd5 Nxd5
1413,1500,white,780+9,e4 g5 d4 e6 Nc3 h5 Nf3 g4 Bg5 Be7
1873,1948,white,60+0,c4 c5 b3 Nf6 Bb2 Nc6 Nf3 g6 d4 cxd4
1500,1489,black,240+0,e3 e5 d3 d5 g3 b6 Bg2 Bb7 h3 Nd7
1752,1566,white,180+0,e4 e5 f4 d6 Nf3 f5 exf5 Bxf5 fxe5 dxe5
1643,1768,black,420+3,c4 e5 e3 Bc5 a3 a6 b4 Ba7 c5 Nf6
1690,1352,white,120+0,e4 d5 exd5 Qxd5 Nc3 Qe5+ Be2 Bg4 d4 Qe6
1540,1277,black,180+0,d3 e5 e3 d5 Qe2 e4 d4 Nc6 g4 Nf6
1643,1500,white,420+5,d4 d5 Nf3 Nc6 Nc3 e6 e4 dxe4 Nxe4 Be7
1790,1761,white,180+5,e4 e5 Nf3 d6 d4 Nd7 dxe5 dxe5 Nc3 Ngf6
2011,1736,white,180+0,e4 c5 d4 cxd4 c3 dxc3 Nxc3 g6 Nf3 Bg7
1492,1496,white,240+5,e4 e5 Qh5 Qf6 Nc3 g6 Qf3 Qxf3 Nxf3 d6
1664,1339,white,480+1,e4 e5 Bc4 Bc5 Qh5 Qf6 Nf3 g6 Qg5 h6
1379,1216,white,300+0,d4 d5 c4 dxc4 e4 Nc6 d5 Ne5 Bxc4 Bg4
1936,1886,black,60+0,e4 d5 exd5 e6 d6 cxd6 Nf3 d5 Be2 Nf6
1319,1391,white,240+0,e4 e5 Bc4 Nf6 Qf3 a6 Qb3 b5 Bd5 Nxd5
1504,1494,white,180+0,d4 d5 e3 Nc6 a3 e5 Nf3 e4 Nfd2 Nf6
1585,1519,white,900+0,d4 Nf6 c4 e6 Nc3 c6 g3 Qa5 Nf3 Ne4
1665,1634,black,240+5,e4 e5 Nf3 Nc6 Bc4 Nf6 Ng5 d5 exd5 Nxd5
1331,1526,black,300+5,e4 c6 Bc4 e6 d3 d5 exd5 exd5 Bb3 Be7
1675,1364,white,60+0,e4 c5 Nf3 Nc6 Bc4 e6 d4 cxd4 Nxd4 Nf6
1898,1924,white,60+0,e4 e6 Nf3 d5 e5 c5 d4 cxd4 Bd3 Nc6
1599,1502,white,60+2,d4 c6 c4 d5 Nc3 e6 Bf4 Nf6 h3 Be7
1306,1160,white,300+5,e4 e5 Nf3 d6 Bb5+ Bd7 Bc4 h6 Nc3 Nf6
1419,1571,white,300+3,e4 c5 c4 e6 d4 cxd4 Qxd4 Nc6 Qd1 h6
1333,1454,white,240+0,e4 d6 d4 e6 d5 exd5 exd5 Qe7+ Be2 Nf6
1913,1909,white,60+0,c4 f5 Nf3 Nf6 Nc3 g6 d4 Bg7 Qc2 O-O
1751,1810,white,180+5,d4 Nf6 Nf3 d5 Bg5 e6 e3 c5 Nbd2 Nc6
1758,1352,white,180+0,e4 b6 f4 c5 Nc3 Bb7 d4 cxd4 Qxd4 Nc6
1207,1385,black,300+0,e4 c5 Nf3 Nc6 c4 e6 d4 cxd4 Nxd4 d5
1503,1373,white,240+5,e4 c5 Bc4 e6 Qf3 b6 e5 Nc6 Bb5 Bb7
1548,1617,black,300+8,e4 d5 exd5 Qxd5 Nc3 Qc5 d4 Qd6 Be3 e6
1485,1535,black,300+5,c4 g6 Nc3 Bg7 Qb3 e6 g3 Ne7 Bg2 c6
1899,1923,black,60+0,b4 e6 Bb2 Nf6 a3 a5 b5 d5 Nf3 Nbd7
1173,1346,white,180+2,d4 d5 e3 Nc6 h3 e6 a3 Bd6 c4 Nge7
1351,1694,black,120+0,d4 c5 d5 e5 e4 d6 Nc3 Be7 f4 exf4
1785,1763,white,180+5,e4 e5 Nf3 Nc6 Bc4 d6 O-O Be7 c3 Nf6
1479,1343,white,900+0,e4 Nf6 e5 Ne4 d4 Nc6 c3 g6 Bd3 Ng5
1921,1995,white,300+8,e4 c5 Nc3 e6 Nf3 Nc6 d4 cxd4 Nxd4 Bc5
1494,1697,white,120+0,f4 c5 Nf3 d5 c3 Nc6 d4 e6 e3 Bd6
1607,1347,white,60+2,d4 d5 c4 e6 Nc3 dxc4 e4 c5 d5 exd5
1511,1396,black,240+5,e4 d5 e5 c5 Qf3 Nc6 Bb5 e6 Ne2 Bd7
1685,984,white,60+0,d4 d5 e3 Nf6 c4 e5 Nf3 e4 Nfd2 Bd6
1201,1761,black,180+0,d4 d5 Nc3 c5 dxc5 d4 Ne4 Nf6 f3 Nxe4
1648,1853,black,420+5,f4 d5 Nf3 Bf5 d3 h6 b3 Nf6 Nd4 Bh7
1494,1634,black,300+8,e4 d5 exd5 Qxd5 Nc3 Qc5 Bb5+ c6 Ba4 Be6
1483,1435,black,180+0,e4 e5 Nf3 Nc6 d4 exd4 Nxd4 Nxd4 Qd3 c5
1330,1221,white,180+2,e4 e6 d4 a6 Nf3 d6 Nc3 Nc6 Bd3 Nf6
1336,1394,white,240+0,e4 e5 Bc4 Nf6 d3 a6 c3 b5 Bb3 b4
1556,1223,white,60+4,e4 d5 e5 e6 d4 Bb4+ c3 Be7 Nf3 h6
1686,1511,black,60+0,d4 c6 e3 d5 c4 e6 c5 Nf6 h3 Be7
1667,1546,black,480+1,e4 e6 e5 Qh4 d4 Qe4+ Be3 Nc6 Nc3 Qh4
1578,2026,black,120+3,d4 c5 d5 e5 e4 d6 b3 Be7 Bb2 Nh6
1313,1219,white,300+5,e4 e5 Nf3 Nc6 Bb5 Nf6 Bxc6 dxc6 Nxe5 Bd6
1559,1291,white,60+4,e4 e5 Nf3 d6 Bc4 f6 O-O Nc6 Nh4 f5
1284,1276,black,780+9,d4 e6 c4 g5 Nc3 g4 e3 h5 Qxg4
1612,1343,black,60+2,d4 d5 c4 e6 Nc3 dxc4 e4 e5 d5 c6
1528,1659,black,60+0,f4 d5 Nf3 e6 d4 a6 e3 c5 c3 Nc6
1478,1931,draw,300+8,e4 c5 Nf3 Nc6 d4 cxd4 Nxd4 e6 Nc3 a6
1422,1674,black,1800+0,e4 c5 d4 cxd4 Qxd4 Nc6 Qe3 d6 Nc3 Nf6
1531,1596,black,600+0,e4 e5 Nf3 Qf6 d4 exd4 Nxd4 Bc5 c3 Nc6
1762,1198,white,180+0,e4 d5 exd5 Qxd5 Nc3 Qc6 Bb5 Bd7 Bxc6 Bxc6
1753,1804,black,180+5,d4 Nf6 Nf3 d5 c3 g6 Bg5 Bg7 Nbd2 Nbd7
1448,1493,black,300+3,e4 c5 Bc4 Nc6 Nf3 e6 O-O Nf6 c3 Be7
1822,1694,white,0+2,d4 c6 c4 d5 Nc3 dxc4 e4 h6 Bxc4 g6
1704,1460,white,180+10,e4 e5 Nf3 Nc6 d4 f6 dxe5 Nxe5 Nxe5 fxe5
1392,1199,white,300+0,d4 d5 c4 Nc6 Nf3 dxc4 e4 e6 Bxc4 Bb4+
1091,1380,black,600+15,e4 e6 Nf3 f6 h4 h5 Rh3 c6 Nd4 b5
1470,1562,white,180+0,e4 e5 Nf3 d6 d4 exd4 Nxd4 Be7 Nc3 Nf6
1670,1521,white,60+0,d4 c6 e3 d5 c4 e6 Nc3 Nf6 c5 Be7
1364,1593,black,60+1,d4 c6 e4 d5 e5 e6 f4 Qb6 Nf3 c5
1564,1285,white,60+4,e4 e5 Nf3 d5 exd5 Qxd5 d3 e4 Nc3 Qe6
1199,1338,black,180+2,d4 d5 e3 Nf6 Nf3 Bg4 g3 c6 Bg2 e6
1156,983,white,60+1,e4 e5 d4 Nc6 dxe5 Bb4+ c3 Bc5 Bf4 g5
1687,1829,black,0+2,e4 c6 f4 d5 exd5 cxd5 Nf3 Nf6 d4 Bg4
1681,1500,white,60+0,d4 e6 e3 Qg5 c4 Qh4 Nc3 Nc6 g3 Nxd4
1636,1545,black,420+3,c4 c5 e3 Nc6 a3 d6 d4 cxd4 exd4 Nf6
1510,1566,white,1200+0,e4 g6 d4 Bg7 Nf3 d6 Be3 b6 Nc3 c5
1770,1763,black,180+0,f4 d5 Nf3 c5 d4 cxd4 Nxd4 Nf6 c3 Nc6
1572,1500,white,300+0,d4 Nf6 Nc3 Nc6 d5 g6 dxc6 bxc6 Bg5 Ba6
1836,1680,black,0+2,e4 c6 Nf3 d6 d4 g6 c3 Bg7 Be3 Nf6
1358,1598,black,60+1,d4 c6 e4 d5 e5 e6 c4 Qb6 cxd5 cxd5
1487,1588,black,600+10,e4 e6 c3 d5 e5 c5 Bb5+ Bd7 Qa4 Nc6
1425,1351,white,300+8,Nf3 c5 Nc3 Nc6 d4 d6 d5 Qb6 e4 c4
2032,1576,white,120+3,e4 e5 Nf3 d6 d4 b6 dxe5 dxe5 Qxd8+ Kxd8
1417,1179,black,900+5,e4 e5 Nf3 Nc6 d4 d6 d5 Nce7 Nc3 Bg4
1455,1633,white,180+10,e4 e5 d4 exd4 Qxd4 Nc6 Qd1 Nf6 Bd3 Bc5
1548,1628,white,120+2,e4 c5 Nf3 d6 Bc4 Nc6 O-O Nf6 d3 a6
1322,1195,white,300+5,e4 c6 d4 d6 Nc3 Qc7 Nf3 Bg4 Be3 Bxf3
1166,1500,black,60+1,e4 e5 d4 c6 dxe5 d5 exd5 cxd5 Nc3 d4
1486,1647,black,900+0,e4 d5 e5 e6 d4 Nd7 Bb5 c6 Bd3 Nh6
1499,1461,white,240+5,e4 e5 Qh5 Nf6 Qxe5+ Be7 Nc3 Nc6 Qg3 O-O
1507,1278,white,300+2,e4 e5 Nf3 c5 Bc4 Nc6 d3 d6 Ng5 f6
1549,1905,black,180+0,d4 d6 e3 e5 c4 e4 Nc3 f5 h3 c6
1696,1820,black,0+2,e4 c6 f4 d5 Nf3 dxe4 Ng5 Nf6 Nc3 Bf5
1476,2038,black,60+5,c4 c5 Nc3 Nc6 g3 e5 Bg2 Nge7 e3 g6
1709,1723,white,720+4,e4 e5 Nf3 Nc6 d4 exd4 Nxd4 Bc5 Nf5 Nf6
1759,1775,white,180+0,f4 d5 Nf3 c5 d4 cxd4 Nxd4 Nf6 c3 Nc6
1902,1643,white,420+5,d4 d5 c4 Be6 cxd5 Bxd5 Nc3 Be6 e4 c6
1366,1455,black,900+8,e4 e5 Nf3 Nc6 a3 f5 exf5 d6 g4 e4
1399,1220,black,1800+30,e4 e5 Nf3 f6 d4 Nc6 d5 Nb4 Nc3 d6
1827,1689,white,0+2,d4 c6 c4 d5 Nc3 dxc4 e4 g6 Bxc4 Bg7
1652,1653,black,480+1,e4 e5 Bc4 Nc6 Bd5 Nf6 Bxc6 dxc6 d3 Bc5
1329,1230,draw,300+5,e4 e5 Nf3 d6 d4 Nc6 dxe5 dxe5 Qxd8+ Kxd8
1556,1500,white,900+0,e4 c6 Nf3 d6 d4 Qc7 Nc3 Bg4 Be2 Nd7
1421,1630,black,240+0,e3 e5 d3 d5 g3 c5 Bg2 Nc6 a3 Nf6
1820,1744,white,180+5,e4 e5 Nf3 Nc6 Bb5 d6 d4 Bd7 O-O exd4
1682,1834,draw,0+2,Nf3 d5 e3 Nf6 d4 g6 Bd3 Bg7 O-O O-O
1689,1651,black,60+0,d4 d5 e3 e6 c4 c6 cxd5 cxd5 a3 Bd7
1640,1633,black,480+1,e4 e5 Bc4 Qg5 Qf3 Nf6 Nh3 Qg6 O-O Nxe4
1438,1580,black,300+3,e4 e6 d4 c6 Nf3 h6 c4 Ne7 Nh4 d5
1616,1665,black,900+5,d4 d5 c4 Nf6 Nc3 dxc4 Qa4+ Nc6 e3 Bd7
1678,1514,black,120+0,e4 c5 d4 Nc6 d5 Ne5 Nc3 d6 Be2 e6
1403,1500,white,240+1,e4 a6 Nf3 h6 d4 Nf6 e5 Nd5 Bc4 Nb6
1665,1670,white,60+0,e4 d5 exd5 Qxd5 Qf3 Qa5 Nc3 a6 d3 e6
1331,1434,black,300+8,e4 Nc6 Bc4 e5 a3 Nf6 Qf3 Be7 Nh3 Nd4
1218,1399,black,900+8,d4 g6 Nf3 Bg7 Bg5 c5 e3 Qa5+ Nc3 a6
1575,1562,draw,120+2,d4 d5 Nc3 Nf6 Nf3 e6 Bg5 Be7 e3 O-O
1200,1395,black,780+9,e4 g5 e5 c6 d4 e6 Nf3 g4 Ng5 h5
1389,1644,black,240+0,e3 e5 d3 d5 g3 c5 Bg2 Nc6 a3 Nf6
1763,1758,black,180+0,e4 e5 f4 exf4 Nf3 h6 Bc4 g5 O-O Nf6
1830,1686,white,0+2,d4 c6 c4 d5 Nc3 dxc4 e4 g6 Bxc4 Bg7
1154,1679,black,1800+0,e4 c5 Nf3 d6 Bc4 Nc6 Nc3 Nf6 d3 g6
1765,1660,white,60+0,e4 c5 f4 d5 e5 Nc6 Nf3 Bg4 c3 Nh6
1653,1677,white,60+0,d4 d5 e3 e6 c4 Nf6 cxd5 Qxd5 Nc3 Qd7
1161,1114,black,60+1,e4 e5 d4 d6 dxe5 dxe5 Qxd8+ Kxd8 Nf3 Bc5
1456,1550,black,300+5,e4 c6 Nf3 d5 exd5 cxd5 d4 e6 Bf4 a6
1772,1530,white,60+0,e4 e5 f4 d6 Nf3 Nc6 Bc4 exf4 h4 Ne5
1664,1671,black,60+0,e4 d5 exd5 Qxd5 Qf3 Qa5 Nc3 a6 d3 e6
1651,1172,white,120+0,e4 c5 d4 c4 Bxc4 d6 c3 Bd7 Qb3 b5
1384,1442,black,1800+30,e4 e5 Nf3 Nc6 d4 Bd6 d5 Nd4 Nxd4 exd4
1686,1652,white,60+0,d4 d5 e3 e6 c4 Nf6 cxd5 Nxd5 Nc3 Nxc3
1235,1236,white,300+2,b4 d5 Bb2 Nc6 b5 Na5 e3 c6 Bc3 cxb5
1498,1143,white,60+1,e4 d5 Bb5+ c6 Bd3 d4 Bc4 f5 Bf7+ Kxf7
1921,1521,white,300+8,e4 c5 Nc3 d6 Nf3 e6 d4
1777,1653,black,60+0,e4 c5 f4 d5 e5 Nc6 Nf3 Bg4 c3 Nh6
1639,1601,black,420+5,d4 d5 g3 Nf6 Bg2 e6 e3 c5 c3 c4
1425,1463,black,660+11,e4 e5 Nf3 d6 h3 Nc6 c3 f5 d3 Nf6
1664,1623,black,420+3,e4 e5 Bc4 c6 Nf3 d5 exd5 cxd5 Bb5+ Nc6
1153,1152,white,720+8,d4 d5 c4 Bf5 e3 Nf6 Nf3 Be4 g3 dxc4
1138,1501,black,60+1,e4 e5 Nf3 Bc5 Nxe5 Bxf2+ Kxf2 d6 Nxf7 Qf6+
1676,1770,black,240+0,e4 c5 b3 d6 Bb2 e6 h3 Nf6 Nc3 Be7
1669,1762,black,60+0,e4 e5 Nf3 d6 Bc4 Qe7 c3 Bg4 h3 Bh5
1712,1632,white,60+0,d4 d5 e3 e6 c4 Nf6 c5 c6 a3 Nbd7
1727,1751,black,180+0,d4 d6 c4 d5 Nc3 c5 cxd5 e6 dxe6 Bxe6
1770,1660,white,60+0,e4 c5 f4 d5 exd5 Nf6 c4 e6 dxe6 Bxe6
1919,1711,white,720+4,e4 e5 f4 Nc6 Nf3 f5 Nc3 Bc5 fxe5 Nge7
1769,1500,black,180+0,e4 c6 f4 d6 Nf3 Qc7 g3 Bg4 Bg2 Nd7
1294,1732,black,300+8,d4 d5 f3 Nf6 e3 c5 c4 Nc6 Qa4 cxd4
1642,1700,black,60+0,e4 d5 exd5 Qxd5 Qf3 Qa5 Nc3 a6 d3 e6
1778,1658,black,240+0,f4 d6 Nf3 Bg4 e3 Bxf3 Qxf3 e6 Qxb7 Nd7
1504,1134,white,60+1,e4 e5 Bc4 a6 d3 b5 Bxf7+ Kxf7 c4 bxc4
1326,1191,white,300+5,e4 e5 Nf3 Bc5 Nc3 Nc6 Bb5 Nd4 Nxe5 Qe7
1623,1723,white,60+0,e4 d5 exd5 Qxd5 Qf3 Qa5 Nc3 a6 d3 e6
2005,1865,white,180+0,d4 e6 Nf3 d5 c4 dxc4 e3 b5 a4 c6
1629,1178,white,480+1,e4 e5 Nf3 Nc6 Bc4 Nf6 Bd5 g6 Bxc6 dxc6
1472,1522,white,180+10,e4 c5 c3 d6 Bb5+ Nc6 Qa4 Bd7 Nf3 a6
1609,1600,draw,600+3,d4 b6 c4 c5 d5 Nf6 Nc3 Bb7 e4 d6
1651,1778,black,60+0,e4 e5 Nf3 d6 Bc4 Qe7 c3 Bg4 d3 Nd7
1475,1209,white,60+5,e4 Nc6 d4 d5 e5 e6 Qf3 Be7 Nh3 h6
1474,1416,white,540+5,e4 e5 Nf3 d6 Bc4 h6 c3 c6 d4 Nf6
1705,1638,black,60+0,d4 d5 e3 e6 h3 Nf6 a3 b6 c4 c5
1572,1131,white,60+1,d4 d5 Nf3 Nc6 e3 Bg4 Nc3 Bxf3 Qxf3 Nf6
1682,1924,draw,300+8,e4 c5 Nf3 e6 d4 cxd4 Nxd4 a6 Nc3 Bc5
1406,1129,white,660+11,e4 e5 Nf3 Bd6 d3 b5 a3 c6 b4 a5
1080,1264,black,600+15,e4 e5 Nc3 d6 Nf3 Bg4 Bc4 Nc6 h3 Bh5
1466,1758,white,180+0,d4 d5 c4 Nf6 e3 e6 Nc3 Be7 cxd5 exd5
2042,1762,black,180+0,e4 d5 exd5 Qxd5 Nc3 Qd8 d4 Nf6 Nf3 e6
1651,1688,black,60+0,e4 d5 exd5 Qxd5 Qf3 Qa5 c3 b6 d4 Bb7
1785,1676,black,60+0,e4 d5 e5 c5 f3 Nc6 f4 Bf5 Nf3 e6
1483,1510,white,540+5,e4 c5 c4 Nf6 Nc3 d6 Nf3 g6 d4 Bg7
1486,1500,white,180+10,e4 e5 d4 d5 Qf3 exd4 exd5 Bd6 Qe4+ Ne7
1734,1775,black,660+8,Nf3 d6 d4 Bg4 e4 Nf6 Bd3 e5 c3 Qe7
1128,1563,black,60+1,e4 e5 Nf3 d6 d4 f5 dxe5 fxe4 Ng5 d5
1193,1680,black,1800+0,e4 c5 d3 d6 Be3 Nc6 Be2 Nf6 Nf3 g6
1762,1500,white,300+2,c4 e5 Nc3 Bc5 Nf3 d6 d4 exd4 Nxd4 a6
1705,1949,white,720+4,e4 c5 c3 d5 e5 d4 Nf3 Nc6 Bb5 Bg4
1525,1643,black,120+0,f4 c5 Nf3 d5 c3 Nc6 d4 e6 e3 Nf6
1574,1689,black,120+2,d4 d5 Nc3 e6 e4 Bb4 Bd2 Bxc3 Bxc3 Nf6
1350,1457,black,300+8,e4 e5 Nf3 Nc6 Bb5 Qf6 Nc3 Nge7 d4 exd4
1701,1641,black,60+0,d4 d5 e3 e6 c4 Nf6 c5 c6 h3 Nbd7
1771,1690,black,60+0,e4 d5 e5 c5 f4 Nc6 Nf3 Bg4 d3 e6
1859,1723,white,720+4,e4 b5 Bxb5 Bb7 Nc3 f5 d3 Nf6 Bg5 e5
1333,1143,white,300+5,e4 e5 Nf3 Bc5 Nxe5 c6 Nc3 b5 d4 b4
1595,1124,white,60+1,d4 d5 e3 Nc6 c4 dxc4 Bxc4 e5 Qb3 Nh6
1274,1420,black,360+6,e4 d5 e5 d4 Bc4 e6 Nf3 Nc6 d3 Bb4+
1442,1386,white,120+0,d4 d5 c4 Nf6 Nc3 Nc6 e3 e5 cxd5 Nxd5
1630,1315,white,480+1,e4 e5 Bc4 c6 Qh5 g6 Qxe5+ Qe7 Qxh8 Qxe4+
1566,1444,white,780+9,e4 g5 d4 e6 Qh5
1500,1376,black,120+0,e4 Nc6 Nf3 e5 Bb5 Qf6 O-O a6 Ba4 Bc5
1431,1241,white,300+3,e4 e5 Bc4 c6 Nf3 f6 d4 b5 Bb3 Bd6
1764,1704,black,120+2,f4 c5 Nf3 d5 c3 Nc6 d4 cxd4 cxd4 Bg4
1857,1485,white,180+0,e4 e5 Bd3 d6 Ne2 Nf6 Nbc3 Nc6 Nd5 Be7
1823,1580,white,60+0,Nf3 d5 g3 c6 Bg2 Nf6 d4 e6 O-O Be7
1758,1685,black,60+0,e4 d5 e5 e6 f4 a6 Nf3 c5 c3 h6
1121,1619,black,60+1,e4 e5 Nf3 d6 d4 f5 dxe5 fxe4 Nd4 d5
1582,1753,black,300+1,e4 b6 Nc3 Bb7 d3 c5 Nf3 Nc6 a3 a5
1977,1634,white,300+0,e4 e5 Nf3 d6 Bc4 Be7 c3 Nf6 d3 O-O
1596,1391,white,780+9,d4 e6 Bf4 g5 Bg3 h5 h3 d6 e3 Nc6
1780,1601,white,180+0,e4 e6 f4 c5 d4 cxd4 Qxd4 Nc6 Qe3 b6
1714,1889,black,60+0,e4 c5 Nc3 e6 Nf3 a6 d4 cxd4 Nxd4 Ne7
1501,1252,white,120+0,e4 c6 Bc4 d5 exd5 cxd5 Bb5+ Bd7 Bxd7+ Qxd7
1576,1828,black,60+0,e4 e5 Nf3 Nc6 Bc4 Bc5 c3 Nf6 d4 exd4
1860,1708,black,180+0,e4 e5 Bd3 Nf6 Ne2 c6 Ng3 Bc5 Nh5 O-O
1637,1532,black,60+2,e4 b6 Nf3 Bb7 Bc4 c5 Bxf7+ Kxf7 Ng5+ Ke8
1738,1437,white,180+0,e4 e5 Nf3 Nc6 Bc4 Nd4 O-O d6 Nxd4 exd4
1701,1744,white,60+0,d4 e6 e3 f5 c3 Nf6 c4 g6 Nc3 Bg7
1637,971,white,60+2,e4 e5 Nf3 Nc6 Bc4 d6 d4 Be7 d5 Na5
1895,1708,white,60+0,c4 d5 g3 c6 Bg2 dxc4 Nf3 Nf6 a4 e6
1715,1890,black,720+4,e4 c5 b4 b6 Bb2 d6 f4 Bb7 Bb5+ Nd7
1634,1645,black,480+1,e4 e5 Bc4 Nf6 d3 Bc5 Bg5 h6 Bxf6 Qxf6
1435,1341,black,660+1,e4 e6 d4 d5 exd5 Nf6 dxe6 Bxe6 Bg5 Bb4+
1907,1842,white,180+0,e4 e5 d3 Nc6 c3 Bd6 Nf3 Nge7 Qc2 O-O
1832,1703,white,60+1,Nf3 d5 g3 c5 Bg2 Nc6 d4 c4 O-O Nf6
1732,1716,black,60+0,e4 d5 f4 dxe4 d3 exd3 Bxd3 e6 Nf3 a6
1704,1486,white,240+0,e4 c6 Nf3 d5 exd5 cxd5 d3 Bg4 h3 Bh5
1376,1452,white,120+0,e4 e5 Nf3 d6 Nc3 Nf6 Bc4 Nc6 d3 h6
1839,1900,black,60+1,Nf3 Nf6 g3 c5 Bg2 Nc6 d4 g6 d5 Nb8
1631,1986,black,300+0,d4 c5 dxc5 e6 e3 Bxc5 Nf3 Nf6 g3 O-O
1483,1451,white,300+8,d4 d5 e3 Nf6 Nf3 e6 c3 Bd6 b4 a5
1638,1284,white,60+2,e4 d5 Nf3 e6 Ne5 Qd6 d4 f6 Qh5+ g6
1832,1917,white,180+0,e4 d6 Bd3 e5 Ne2 Nc6 Nbc3 f5 Nd5 f4
1636,1265,white,420+3,c4 d5 e3 dxc4 Bxc4 e6 d4 Ne7 a3 Nd5
1916,1693,white,300+8,e4 e5 Nf3 Nc6 d4 exd4 Nxd4 Nf6 Nxc6 bxc6
1494,1688,black,180+10,e4 c5 c3 e6 d4 cxd4 cxd4 d5 e5 Bb4+
1438,1391,white,120+0,d4 Nf6 c4 d5 Nc3 dxc4 e3 Be6 Qa4+ c6
1306,1490,black,300+8,e4 e5 d4 exd4 Qxd4 Nc6 Qe3 d5 c3 dxe4
1623,1652,black,480+1,e4 e5 Bc4 Nc6 b3 Nf6 d3 Bc5 Bb2 d6
1909,1830,white,60+1,e4 e6 Nf3 d5 e5 c5 d4 cxd4 Bd3 Nc6
1419,1766,white,300+2,d4 d5 c4 e6 e3 c5 a3 Nc6 Nf3 Nf6
1742,1718,white,120+2,e4 c5 Nf3 e6 c3 Nc6 d4 cxd4 cxd4 Bb4+
1645,1627,white,420+5,e4 d6 d4 Nc6 c4 e5 d5 Nb8 Nc3 f6
1410,1441,white,660+11,e4 e5 Nf3 Nc6 c3 Bd6 d3 Nf6 h3 O-O
1721,1652,white,60+1,e4 c5 f4 d5 exd5 Nf6 c4 e6 dxe6 Bxe6
1641,1571,black,60+2,e4 e5 Nf3 d6 Bc4 Be7 d4 exd4 Qxd4 Nf6
1440,1628,white,300+0,e4 e5 Bc4 d6 Nf3 Be7 O-O Nf6 Re1 O-O
1348,1787,draw,180+0,d4 d5 e3 c5 dxc5 Nc6 Nf3 e5 Bb5 f6
1380,1448,white,120+0,e4 e5 Nf3 d6 Nc3 Nc6 Bc4 h6 a3 Nf6
1714,1476,white,240+0,e4 c5 b3 Nc6 Bb5 Qc7 Bxc6 bxc6 Bb2 d6
1822,1917,black,60+1,e4 c6 d4 d5 Nc3 dxe4 Nxe4 Nf6 Bd3 Nxe4
1626,1546,black,60+2,e4 b6 Nf3 Bb7 Bc4 e6 d3 c5 c3 Nc6
1500,1482,black,180+10,e4 e5 d4 d6 d5 Nf6 Nc3 Bg4 Be2 Bxe2
1422,1240,black,660+11,e4 e5 Nf3 Nf6 d3 Bc5 h3 d6 c3 b6
1642,1730,black,60+1,e4 e5 Nf3 d6 d4 f6 Bc4 Qe7 O-O Bg4
1576,1434,white,300+1,e4 e5 Bc4 Nc6 Nf3 Nd4 d3 Bc5 Ng5 Ne6
1452,1638,white,420+3,d4 d5 c4 dxc4 e4 b5 a4 Bd7 axb5 Bxb5
1493,1488,black,180+10,d4 d5 e3 Nf6 Nf3 Nc6 Bd3 e6 c3 Bd6
1915,1709,white,720+4,e4 e6 d4 d5 e5 c5 c3 Nc6 Nf3 Qb6
1516,1682,black,1800+0,e4 c5 Nf3 d6 Bc4 Nc6 d3 Nf6 Be3 g6
1738,1633,white,60+1,e4 c5 f4 d5 exd5 Nf6 c4 e6 dxe6 Bxe6
1418,1610,black,300+0,d4 d5 Nf3 Nf6 c4 dxc4 Bg5 e6 e4 Be7
1435,1395,black,120+0,d4 Nf6 c4 d5 Nc3 c6 e3 Bf5 cxd5 Bg4
1495,1500,white,540+5,e4 e6 d4 d5 Nc3 Bb4 exd5 exd5 Bd2 Qf6
1925,1813,white,60+1,Nc3 d5 e4 Nf6 exd5 Nxd5 Bc4 Nb6 Bb3 Nc6
1785,1723,white,660+8,d4 d5 Nf3 Nf6 c4 Bg4 Ne5 Bf5 Nc3 e6
2117,1429,white,300+8,e4 Nc6 Nf3 e5 d3 Be7 g3 Nf6 Bg2 O-O
1703,1935,white,720+4,e4 c5 e5 Nc6 f4 g6 Nf3 Bg7 b3 Nh6
1408,1423,black,120+0,e4 e5 Nf3 d6 Bc4 b6 Nc3 Bb7 d3 h6
1860,1776,black,180+0,e4 d5 e5 c5 Nf3 e6 c3 Nc6 d4 cxd4
1806,1933,black,60+1,Nf3 Nc6 d4 d5 c4 Bg4 Qb3 Bxf3 Qxb7 Nxd4
1616,1679,black,420+5,f4 e6 d4 d5 Nf3 c5 b3 Nf6 e3 Nc6
1603,1780,black,600+8,e4 c5 Nf3 Nc6 d4 cxd4 Nxd4 d6 Bc4 Nf6
1612,1267,white,480+1,e4 e5 Bc4 Nf6 d3 Bc5 Bg5 d6 h3 Bd7
1746,1584,white,60+1,e4 e5 f4 d6 Nf3 exf4 h4 Be7 d4 Nf6
1500,1359,black,120+2,e4 e5 Nf3 d6 Bc4 Qe7 O-O Be6 Bxe6 Qxe6
1610,1173,black,60+2,e4 e5 Nf3 Nc6 Bc4 Nd4 Bxf7+ Ke7 Bxg8 Rxg8
1582,1759,black,300+1,e4 b6 Nf3 Bb7 Nc3 c5 Bc4 e6 a3 Nf6
1408,1573,black,480+4,e3 d5 b3 e5 g3 Nf6 f3 Nc6 f4 e4
1752,1798,white,60+1,e4 e6 f4 d5 exd5 exd5 d4 Nf6 Nf3 Bd6
1579,1581,white,300+1,d4 Nf6 c4 e5 dxe5 Ng4 Nf3 Bc5 e3 Nc6
1433,1396,white,120+0,d4 b5 e3 a6 c4 c6 cxb5 cxb5 Nc3 Qa5
1503,2122,black,540+5,e4 c5 c4 Nc6 Nf3 e5 Nc3 Nf6 Nd5 Nxe4
1428,1192,black,300+8,Nf3 Nc6 Nc3 Nf6 d4 d5 Ne5 Bf5 a3 e6
1787,1690,white,180+0,e4 c6 f4 d6 Nf3 Qc7 d4 Bg4 c4 Bxf3
1587,1578,black,60+2,e4 e5 Nf3 d6 Bc4 Be7 d4 exd4 Qxd4 Nf6
1426,1483,black,240+1,e4 e5 Bc4 b6 Nf3 Bb7 d3 h6 Nxe5 Bc5
1251,1386,black,120+0,d4 Nf6 Bg5 Nd5 Nf3 h6 Bh4 f5 h3 g5
1724,1654,white,120+0,e4 d5 Bd3 dxe4 Bxe4 Nf6 Bd3 e6 Ne2 Bc5
1488,1373,white,180+10,e4 e5 d4 Bd6 d5 c6 c4 Nf6 Nc3 cxd5
1369,1204,white,120+2,e4 Nf6 d3 e5 Nf3 Bd6 Nc3 O-O Be3 c5
1721,1500,white,1200+5,e4 g5 f4 gxf4 Nf3 d6 d4 Nf6 Bc4 e6
1786,1589,white,60+1,Nf3 d5 g3 e6 Bg2 c5 O-O Nc6 d4 cxd4
1645,1752,black,120+0,e4 e5 d3 Nc6 Nc3 Bb4 g3 Bxc3+ bxc3 Nge7
1810,1597,white,600+8,d4 Nf6 c4 e6 Nc3 Bb4 a3 Bxc3+ bxc3 Ne4
1393,1170,white,120+0,e4 e5 Nf3 Nc6 Bc4 Nf6 Nc3 Bb4 h3 d6
1778,1410,draw,300+8,e4 Nc6 b3 e5 Bb2 Nf6 Nf3 h6 Nxe5 Nxe5
1795,1615,white,180+0,e4 d6 f4 c6 Nf3 Qc7 d3 Bg4 d4 Bxf3
1577,1410,black,300+1,e4 e5 Bc4 Nf6 d3 h6 Nf3 Nc6 a3 Bc5
1714,1496,white,180+10,Nf3 d5 d4 Bg4 c4 Bxf3 exf3 c6 Nc3 Nf6
1709,1765,black,300+2,e4 b6 d4 Bb7 Bd3 e6 c4 d6 Nc3 Nf6
1671,1688,white,900+3,d4 f5 d5 d6 Nc3 g6 Bf4 Nf6 Nf3 Bg7
1775,1637,white,120+0,e4 d5 Bd3 dxe4 Bxe4 Nf6 Bd3 c6 Ne2 e6
1264,1292,white,360+6,e4 e5 Nf3 Qe7 Bc4 a6 d3 b5 Ng5 f6
1678,1593,white,900+3,e4 d5 exd5 Qxd5 Nc3 Qd8 Nf3 Bg4 Be2 c6
1753,1603,black,180+0,e4 e5 Nf3 Nc6 Bc4 Nf6 Ng5 d5 exd5 Na5
1276,1502,black,360+6,e4 c5 Nf3 d6 Bc4 Bg4 Qe2 Nc6 Qe3 g6
1801,1544,white,180+0,e4 Nc6 f4 e5 Nf3 Qf6 fxe5 Nxe5 d4 Nxf3+
1551,1351,white,300+2,e4 e5 Nf3 Nc6 Bb5 Nd4 Nxd4 exd4 c3 dxc3
1571,1623,black,300+3,e4 c6 f3 d5 Nc3 d4 Na4 b5 Nc5 e5
1602,1213,white,900+5,d4 d5 Bf4 Nc6 e3 Bf5 Bd3 Bg6 Bxg6 hxg6
1492,1417,white,240+1,d4 e6 c4 c5 Nc3 cxd4 Qxd4 Nc6 Qd1 Bb4
1500,1307,white,600+10,e4 e5 Nf3 f6 Bc4 Ne7 Nc3 c6 Bb3 a5
1580,1402,black,480+4,e4 b6 f4 Bb7 Nc3 e6 d3 Bb4 Bd2 Qh4+
1211,1583,black,660+4,d4 d5 Nf3 Nc6 Nc3 e6 Bg5 f6 Bh4 Bb4
1719,1490,white,180+10,Nf3 d5 d4 Bg4 c4 e6 Bg5 Be7 Bxe7 Nxe7
1732,1589,black,180+0,e4 e5 Nf3 Nc6 Bc4 Bc5 b4 Bd6 Bb2 Nxb4
1174,1406,black,540+5,d4 d5 c4 dxc4 Nc3 Nf6 e3 e6 Bxc4 Bb4
1618,1854,white,360+0,e4 c5 c3 e6 d4 cxd4 cxd4 Nf6 e5 Nd5
1736,1752,white,180+0,e4 c5 Nf3 Nc6 c3 d6 d4 e6 Bb5 Bd7
1539,1806,black,180+0,e4 d5 e5 c5 f4 Nc6 Nf3 Bg4 h3 Bf5
1377,1539,white,120+2,d4 d6 e4 Nc6 d5 Ne5 Be2 e6 Nf3 Qe7
1392,1727,white,240+0,d4 d5 e3 Nf6 Nf3 b6 Nc3 Bb7 Bd3 Nbd7
1408,1502,black,240+1,e4 e5 Bc4 b6 Nf3 Bb7 Nxe5 d5 exd5 Bxd5
1294,1413,black,300+5,e4 b6 Nf3 Bb7 d3 e6 Nc3 Bb4 Bd2 Ne7
1507,1271,white,360+6,e4 e5 Nf3 Nf6 Nxe5 Nxe4 Qe2 d5 d3 Be6
1413,1294,white,120+0,e4 e5 Nf3 Nc6 Bb5 Nf6 d3 d6 Bg5 Bd7
1774,1698,black,300+2,b3 d5 Bb2 c5 Nf3 Nc6 g3 e6 Bg2 Nf6
1426,1535,black,120+2,e4 Nc6 Nc3 e5 Nf3 Bc5 d3 Qf6 h3 h6
1833,1287,white,120+2,e4 e5 Nf3 Nc6 Bc4
1635,1603,white,360+0,e4 e5 Nf3 Nc6 Bc4 Bc5 Nc3 Nf6 h3 d6
1543,1834,white,120+2,e4 c5 Nf3 e6 Bc4
1833,1418,black,120+2,e4 e5 Nf3 Nc6 Bc4 h6 d4 exd4 Nxd4 Bc5
1468,1811,black,180+0,d4 d5 Nf3 c5 c3 Nc6 e3 cxd4 exd4 Bg4
1566,1716,black,120+2,d4 d5 Nc3 Bf5 Nf3 Nf6 e3 e6 h3 Bg6
1327,1210,black,600+0,e4 e5 Bc4 Nc6 Qh5 Qf6 c3 g6 Qf3 Bc5
1563,1512,white,300+0,e4 g6 Nf3 Bg7 d4 Nc6 d5 Ne5 Nc3 c6
1592,1512,black,600+8,e4 e5 Nf3 Nc6 Bb5 Nd4 Nxd4 exd4 Qf3 c6
1227,1287,white,120+0,d4 d5 e3 e6 Nc3 c5 dxc5 Bxc5 Nf3 Nf6
1470,1557,black,300+8,e4 d6 Nf3 Nf6 Nc3 g6 Bc4 Bg7 e5 dxe5
1510,1399,white,240+1,d4 d5 c4 c5 Nc3 e6 cxd5 exd5 dxc5 Bxc5
1411,1401,black,540+5,d4 e6 Nf3 c5 e3 cxd4 Qxd4 Nc6 Qc3 Bb4
1399,1500,black,660+6,e4 e5 Nf3 d6 Bc4 Bg4 d3 Bxf3 Qxf3 f6
1462,1573,black,300+0,d4 d5 Nf3 Bg4 c3 e6 Bf4 Bd6 Bxd6 Qxd6
1440,1562,black,120+2,e4 Nc6 Bc4 e5 Nf3 Bc5 d3 h6 Nc3 a6
1594,1675,black,900+3,d4 f5 Nf3 Nf6 Nc3 g6 e3 Bg7 Bd3 O-O
1419,1563,black,480+4,b3 b6 Bb2 Bb7 d3 d6 e4 Nd7 Qg4 Ngf6
1452,1690,black,1800+0,e4 c5 Nf3 d6 d4 cxd4 Nxd4 Nf6 Nc3 g6
1584,1731,black,60+0,e4 c5 Nf3 e6 c3 Nc6 d4 Nf6 e5 Nd5
1731,1414,white,180+0,e4 e5 Nf3 d6 Bc4 Bg4 Nc3 Nf6 d3 Nc6
1559,1814,black,180+0,d4 d5 Nc3 c5 g3 cxd4 Qxd4 Nf6 Bg2 Nc6
1421,1488,black,300+5,e4 e5 Qh5 Nc6 Bb5 g6 Qf3 Nge7 Nc3 a6
1615,1723,black,180+0,d4 d5 c4 c6 e3 Bf5 Nf3 Nf6 Be2 e6
1414,1399,draw,540+5,e3 Nc6 c3 d6 Bb5 Bd7 Bxc6 Bxc6 Na3 Nf6
1288,1724,black,540+0,e4 c5 Bc4 e6 Nf3 Nc6 c3 Be7 h4 d6
1713,1761,white,300+2,d4 b5 e3 Bb7 Nf3 b4 c3 a5 a3 e6
1707,1777,black,360+8,e4 e5 Nf3 Nc6 Bb5 a6 Bxc6 bxc6 Nc3 d6
1316,1286,black,360+2,e4 e5 Nf3 Nc6 Bc4 Nf6 c3 d5 exd5 Nxd5
1526,1485,black,180+10,e4 e5 Nf3 Nc6 Bc4 Nf6 c3 d5 exd5 Nxd5
1391,1518,black,240+1,e4 e5 Bc4 b6 Nf3 d6 d4 exd4 Nxd4 Bb7
1304,1163,white,360+2,e4 e5 Nf3 Nc6 Bc4 Nf6 O-O d6 d4 Bg4
1533,1500,white,60+5,d4 c6 e3 d6 c4 Qc7 Nf3 Bg4 h3 Bh5
1304,1411,black,360+2,e4 b6 d4 Bb7 d5 e6 dxe6 fxe6 Bd3 d5
1207,1227,white,900+8,d4 d5 Bg5 Nc6 e3 Bf5 Bb5 e6 Bxd8 Rxd8
1726,1281,white,540+0,Nf3 f6 d4 d5 c4 dxc4 e4 e6 Bxc4 Bb4+
1658,1752,black,300+2,e4 c5 Nf3 d6 d4 cxd4 Nxd4 Nf6 Nc3 a6
1585,1473,white,300+8,d4 d5 Nf3 Nc6 Nc3 Nf6 e3 Bf5 Bd3 Bxd3
1749,1727,white,300+2,b3 d5 Bb2 c5 Nf3 Nc6 g3 e6 Bg2 Nf6
1684,1164,white,900+3,e4 e6 Nf3 d5 exd5 Qxd5 Nc3 Qd6 d4 Nf6
1456,1513,white,420+4,d4 d5 c4 dxc4 e3 b5 a4 c6 axb5 cxb5
1520,1331,white,300+2,d4 c5 dxc5 e6 Bf4 Bxc5 a3 Qf6 e3 Qxb2
1500,1447,black,600+0,e4 c6 Nf3 d5 Nc3 dxe4 Nxe4 e6 b3 Nf6
1748,1290,white,180+0,e4 e5 Nf3 Nc6 Bc4 Nd4 O-O Nxf3+ Qxf3 Nf6
1525,1384,white,240+1,d4 e6 c4 Nf6 Nc3 c5 dxc5 Bxc5 e3 d6
1721,1738,white,180+0,d4 d5 e3 Nf6 f3 Bf5 Nc3 Bg6 Bb5+ c6
1735,1410,white,180+0,e4 e5 f4 exf4 Nf3 d6 Bc4 Bg4 O-O Bxf3
1574,1563,white,60+2,e4 e6 Nf3 Bc5 d4 Bb6 c3 d5 Ne5 Nd7
1379,1698,black,360+8,d4 e6 c4 d5 cxd5 exd5 Nc3 Bb4 Bd2 Nf6
1469,1521,black,420+4,d4 h6 c4 Nc6 e3 Nf6 Nf3 e6 Bd2 b6
1540,1521,white,60+5,d4 e5 d5 d6 e4 Qh4 Nc3 Nf6 Nf3 Qh5
1408,1726,black,1200+5,g4 e6 h4 f5 g5 Bc5 e3 b6 d4 Bb7
1616,1398,white,300+0,d4 g6 Nf3 Bg7 g3 Nf6 Bg2 d5 O-O O-O
1823,1500,white,480+0,e4 e5 Nf3 Ne7 Bc4 d6 Ng5 f6 Nf7 Qd7
1340,1707,black,240+0,e4 c5 Nf3 e6 d4 cxd4 Nxd4 Nc6 Nc3 a6
1288,1750,black,180+0,e4 e5 Nf3 d6 Bc4 Be7 Nc3 Nf6 d3 O-O
1286,1416,white,300+8,d4 Nf6 Nd2 Nc6 c3 b5 e4 Nxe4 Nxe4 g5
1586,1553,white,60+2,e4 e5 Nf3 Nc6 Bc4 Bc5 Bxf7+ Kxf7 Ng5+ Kf8
1586,1553,white,60+2,e4 e5 Nf3 Nc6 Bc4 Bc5 d4 exd4 c3 d3
1076,1732,black,180+0,d4 d5 Nf3 e6 Bg5 f6 Bh4 Bd6 h3 Bd7
1592,1532,black,300+8,d4 d5 Nf3 Bg4 e3 Nc6 Nc3 e6 h3 Bf5
1716,1759,draw,300+2,d4 b5 e4 Bb7 f3 b4 a3 a5 axb4 axb4
1622,1511,white,300+0,d4 e6 Nf3 Bb4+ c3 Ba5 b4 Bb6 a4 a6
1822,1631,white,540+0,e4 e5 Nf3 Nc6 Bb5 d6 d4 exd4 Nxd4 Bd7
1393,1586,black,660+4,e4 d5 exd5 Qxd5 d3 e6 Qf3 c6 Qxd5 cxd5
1497,1392,draw,300+0,d4 g6 e3 Bg7 Bc4 Nf6 Nd2 d5 Bb5+ Bd7
1296,1287,white,360+2,e4 e5 Nf3 Nc6 c3 Nf6 Bb5 Nxe4 Bxc6 dxc6
1752,1819,black,180+0,e4 d5 exd5 Qxd5 d4 Qd8 Nf3 e6 c4 Nf6
1686,1532,white,900+3,e4 e5 Nf3 Nf6 Nxe5 Nxe4 Nf3 Qf6 d3 Nc5
1377,1533,white,240+1,e4 e5 Bc4 d6 Nf3 b6 d4 h6 dxe5 Be6
1307,1710,black,240+0,e4 e6 Nf3 c5 d4 cxd4 Nxd4 a6 Bf4 Nc6
1500,1222,draw,540+5,e4 e5 Nf3 Nc6 Bb5 a6 Ba4 Nf6 O-O h6
1387,1376,black,660+6,e4 c6 Nf3 d5 exd5 cxd5 d4 Bg4 Be2 Nc6
1733,1516,white,180+0,d4 d5 e3 g6 Nc3 Nf6 Nf3 Bg7 Bd2 Nc6
1761,1855,black,300+2,c4 c5 Nf3 Nc6 d4 cxd4 Nxd4 d6 e4 Nf6
1393,1725,black,180+0,e4 c5 Bc4 g6 Nf3 Bg7 O-O e6 d3 Ne7
1979,1563,white,300+5,d4 Nf6 c4 e6 Nf3 Be7 Nc3 d5 g3 O-O
1503,1630,black,300+0,e4 e5 Nf3 d6 Bc4 Be7 h3 Nf6 Nc3 O-O
1730,1362,black,1200+5,e4 g6 d4 Bg7 Bc4 e6 Nf3 b6 Nc3 Bb7
1597,1577,white,60+2,e4 e5 Nf3 d6 Bc4 Nf6 Ng5 d5 exd5 Be7
1597,1350,white,60+2,e4 g6 Nf3 Bg7 Bc4 e6 d4 Ne7 d5 O-O
1742,1713,white,180+0,e4 Nf6 d3 e5 Ne2 d5 f3 Bc5 f4 exf4
1624,1701,white,420+3,c4 e6 e3 d5 a3 Nf6 d4 c5 dxc5 Bxc5
1738,1511,white,180+0,d4 d5 e3 e6 f4 Nf6 Bd3 Be7 Nf3 Nc6
1638,1496,white,300+0,d4 Nf6 Nf3 h6 e3 d5 Bd3 Bg4 O-O Nbd7
1932,1500,white,300+0,Nf3 Nf6 b3 b6 Bb2 Bb7 e3 Ng8 c4 f6
1396,1952,black,300+0,d4 e6 c4 b6 e4 Bb7 a3 Bxe4 Nc3 Bb7
1434,1693,black,900+3,d3 e5 c4 Nc6 a3 Nf6 b4 Nd4 e3 Nc6
1753,1550,white,180+0,e4 e6 Nf3 d5 exd5 exd5 d4 Bg4 Be2 Qe7
1406,1283,white,120+2,d4 c6 e4 d6 d5 Qc7 Nc3 Nf6 Bg5 h6
1222,1213,white,900+5,d4 d5 e3 Bf5 Nf3 f6 Nc3 c6 Bd3 Bg4
1874,1752,black,300+2,e4 c5 Nf3 d6 d4 cxd4 Nxd4 Nf6 Nc3 a6
1489,1645,white,300+0,e4 e5 Nc3 d6 Qf3 Nf6 Bc4 Be7 h3 O-O
1630,1594,black,240+4,e4 e6 Nf3 Nc6 Nc3 b6 h3 Bb7 Bb5 Qe7
1126,1394,black,300+0,d4 g6 d5 Bg7 c3 Nf6 c4 c6 Na3 cxd5
1231,1492,draw,540+5,d4 d5 Nf3 Nc6 Nc3 Nf6 a3 Bg4 h3 Bxf3
1544,1759,black,180+0,e4 e5 Nf3 d6 Nc3 Be7 d4 exd4 Nxd4 Nf6
1506,1570,white,180+0,d4 d5 c4 dxc4 Nc3 a6 a4 c6 e3 b5
1397,1560,black,300+5,e4 c6 d4 d5 e5 Bf5 h3 e6 g4 Bg6
1698,1960,draw,300+0,e4 e6 d4 b6 Nf3 Bb7 Nc3 Bb4 e5 Ne7
1566,1524,white,300+8,e4 e5 Nf3 Nf6 Nc3 h6 Nxe5 d6 Nf3 Bg4
1414,1764,black,180+0,d4 d5 e3 Nf6 Nf3 e6 Nc3 Be7 Bd2 c5
1688,1296,white,360+8,e4 c6 d4 d6 Nf3 Qc7 Bd3 Bg4 O-O Nd7
1385,1366,white,-,d4 Nc6 Nc3 Nxd4 Qxd4 Nh6 Na4 Nf5 Qe5 d6
1485,1240,white,540+5,e4 e5 f4 Nc6 Nf3 d6 Bc4 h6 f5 Nf6
1593,1829,black,180+0,e4 d5 e5 c5 d4 cxd4 Qxd4 Nc6 Qc3 e6
1520,1557,white,240+0,d4 Nf6 c4 d5 Nc3 Bg4 h3 Bh5 Qa4+ c6
1331,1371,white,300+8,d3 d6 e4 e5 f4 exf4 Bxf4 Ne7 h4 h6
1345,1443,black,0+2,b3 d6 Bb2 e6 d4 c6 e3 Qc7 g3 Be7
1539,1494,white,360+0,e4 e5 Nf3 Nf6 Nc3 Bb4 d3 Nc6 Bd2 O-O
1612,1543,white,120+1,e4 c5 Nf3 b6 d4 cxd4 Nxd4 Bb7 Bd3 g6
1570,1390,black,300+5,d4 e6 c4 d6 e4 Nd7 Nf3 Ne7 Bd3 g6
1638,1604,white,720+9,c4 g5 e3 h5 d4 g4 g3 e6 Bd3 c5
1551,1544,white,60+5,d4 d5 e3 Nc6 c4 Bf5 Nc3 e6 Nf3 Nf6
1534,1621,white,120+1,c4 c5 b3 Nc6 Bb2 Nf6 Nc3 g6 Nd5 Bg7
1218,1399,black,300+0,d4 g6 Nf3 Bg7 d5 Nf6 Nc3 c6 e3 cxd5
1500,1387,black,600+0,e4 c6 d4 d5 e5 Bf5 h3 e6 g4 Bg6
1446,1532,black,240+0,d4 d5 Nf3 e6 e3 b6 Nc3 Bb7 Bd3 Nf6
1764,1538,white,60+1,e4 c5 f4 d6 Nf3 Nc6 Bc4 Nf6 Ng5 e6
1610,1502,black,300+0,e4 e5 f4 exf4 Nf3 Nc6 Bc4 h6 O-O Bc5+
1175,1405,black,300+0,e4 c5 Nf3 Nc6 d4 cxd4 Nxd4 e6 Nxc6 bxc6
1260,1393,white,120+0,g3 g6 f4 Bg7 c3 b6 d4 Bb7 Nf3 Nf6
1549,1484,white,360+0,e4 e5 Nf3 Nf6 Nc3 Bb4 Bd3 Nc6 O-O Bxc3
1606,1541,black,240+0,e4 e6 f4 c5 Nf3 Nc6 d4 cxd4 Nxd4 Nxd4
1607,1834,black,180+0,d4 d5 c4 c5 cxd5 Qxd5 Nc3 Qxd4 Qxd4 cxd4
1410,1500,black,300+0,d4 d5 c4 Nc6 e3 e6 a3 Be7 Nc3 Nf6
1769,1607,black,60+1,e4 c5 f4 e6 Nf3 d5 e5 Nc6 d3 f6
1432,1450,white,300+0,e4 e5 Bc4 g6 Nf3 h5 d3 d6 Ng5 c5
1494,1527,black,600+10,d4 d5 e3 f6 c3 e5 Ne2 Nc6 dxe5 fxe5
1598,1533,white,240+1,d4 Nf6 c4 d5 cxd5 Nxd5 Nc3 Nxc3 bxc3 Bf5
1555,1698,white,900+3,e4 e5 Nf3 Nc6 Bc4 Be7 c3 Nf6 d4 exd4
1307,1331,draw,360+2,e4 e5 Nf3 d6 d4 Bg4 h3 Bxf3 Qxf3 exd4
1441,1407,white,300+0,e4 e5 Bc4 d6 Nf3 Nc6 h3 Nf6 d3 h6
1234,1555,black,900+8,d4 e6 Nf3 Be7 Nc3 Nf6 Bg5 O-O e3 d5
1524,1607,white,240+1,e4 c5 Nf3 b6 Nc3 Bb7 Bc4 d6 d4 cxd4
1753,1624,white,60+0,e4 c5 f4 d5 exd5 Qxd5 Nc3 Qe6+ Qe2 Nf6
1016,1251,black,180+5,e4 e6 Be2 b6 Nf3 Bb7 d3 Nf6 Nbd2 Bb4
1297,1635,black,240+4,e4 e5 c3 d5 exd5 Qxd5 d4 Nc6 h3 exd4
1773,1602,white,60+0,e4 c5 f4 d5 exd5 Qxd5 Nc3 Qe6+ Qe2 Nf6
1197,1403,white,300+0,Nf3 g6 Nc3 Nf6 d4 d5 Bd2 Bg7 Qc1 O-O
1605,1573,white,300+4,d4 e6 c4 Nf6 Nc3 h6 e4 Bb4 Bd3 d5
1387,1443,white,120+1,f4 d5 Nf3 e6 g3 Nf6 Bg2 Nc6 d3 Bd6
1548,1284,white,120+1,c4 Nf6 b3 e6 Bb2 d5 cxd5 exd5 g3 Bd6
1267,1690,black,360+8,e4 e6 Nf3 d5 Nc3 Bb4 d3 d4 Nxd4 Qxd4
1760,1616,white,60+0,e4 c5 f4 e6 Nf3 d5 e5 Nc6 d3 f6
1717,1244,white,600+4,Nf3 d5 c4 dxc4 e4 Nf6 e5 Ne4 Bxc4 e6
1257,1592,white,180+5,d4 d5 g3 c5 dxc5 e6 b4 g6 Bb2 Nf6
1514,1646,black,720+9,g4 e5 e3 d5 h4 Nf6 g5 Bg4 Be2 Bxe2
1383,1693,black,300+30,e4 e6 e5 d5 exd6 Bxd6 d4 Nc6 Bb5 Ne7
1609,1767,black,60+0,e4 e5 Nf3 d6 d4 f6 dxe5 fxe5 Bc4 Qe7
1432,1380,black,120+0,d4 g6 c4 Bg7 Nc3 b6 e3 Bb7 Nf3 d6
1500,1565,white,0+19,g3 e5 Bg2 d5 d3 Nf6 f4 exf4 Bxf4 Nc6
1242,1553,black,120+1,e4 c5 Nc3 b6 g3 Bb7 Bg2 g6 Nf3 Bg7
1765,1385,white,300+0,g3 g6 Bg2 Bg7 d4 Nf6 c4 e6 e4 O-O
1494,1418,white,300+8,d4 Nf6 c4 d5 e3 dxc4 Nf3 e6 Bxc4 Bb4+
1563,1615,black,300+4,c4 Nf6 d4 g6 Nc3 Bg7 e4 d6 Bg5 O-O
1611,1592,white,660+4,e4 d5 e5 Bf5 d4 e6 Bd3 Bxd3 Qxd3 Be7
1596,1779,black,60+0,e4 e5 Nf3 d6 d4 f6 dxe5 fxe5 Bc4 Qe7
1533,1470,black,60+0,e4 g6 Nf3 e6 Nc3 Bg7 Bc4 Ne7 d3 c6
1393,1419,white,120+0,e4 e5 Nf3 d6 Bc4 b6 d4 h6 dxe5 Bg4
1409,1235,white,300+8,Nc3 e5 e4 d6 Nf3 Nc6 Be2 Bg4 Nh4 Bxe2
1885,1669,draw,300+0,e4 e5 Nf3 d6 d4 exd4 Nxd4 Nc6 Nc3 Nf6
1767,1475,white,300+0,g3 e6 Bg2 Bd6 c4 Nf6 Nc3 O-O d4 c6
1382,1145,black,300+0,d4 b6 c4 Bb7 Nc3 g6 e4 Nf6 Bd3 Bg7
1785,1590,white,60+0,e4 c5 f4 Nc6 Nf3 d5 exd5 Qxd5 Nc3 Qe6+
1397,1504,black,600+0,d4 e6 c4 d5 cxd5 exd5 Nc3 Nf6 e3 Bb4
1839,1729,black,180+0,e4 c5 f4 Nc6 Bc4 g6 Nf3 Bg7 c3 e6
1602,1228,white,420+15,e4 b6 Nc3 g6 d3 Nf6 Nf3 e6 h3 Bg7
1408,1405,black,120+0,d4 g6 c4 Bg7 Nc3 b6 e3 Bb7 Nf3 d6
1391,1520,black,60+1,b4 e6 Bb2 Nf6 b5 a6 c4 axb5 cxb5 Be7
1554,1575,white,300+4,e4 c5 Nf3 d6 d4 cxd4 Qxd4 Nf6 e5 Nc6
1365,1289,white,300+0,d4 d5 c4 dxc4 e4 b5 a4 c6 axb5 cxb5
1505,1559,white,420+8,e4 c5 Nf3 e6 c3 Nc6 d4 Be7 d5 exd5
1228,1415,black,300+8,d4 d5 e3 Nf6 Bb5+ Bd7 Bf1 e6 Nc3 Bd6
1584,1791,black,60+0,e4 e5 Nf3 d6 d4 f6 dxe5 fxe5 Bc4 Qe7
1369,1606,black,300+8,d4 c6 d5 cxd5 Qxd5 e6 Qe4 d5 Qd4 Nc6
1417,1397,black,120+0,e4 e5 Nf3 d6 Bc4 b6 c3 Bb7 d4 Bxe4
1330,1307,white,360+2,Nf3 e6 d4 d6 Nc3 Nf6 Bg5 h6 Bxf6 Qxf6
1352,1696,black,300+8,d4 e6 e3 d5 c4 c5 cxd5 exd5 Nf3 Nf6
1796,1527,white,60+1,e4 c5 f4 d6 Nf3 Nc6 Bc4 Nf6 d3 Bd7
1771,1767,white,300+2,c4 e6 b3 d5 Bb2 c5 cxd5 exd5 Nc3 Nf6
1408,1405,draw,120+0,d4 g6 c4 Bg7 Nc3 b6 e3 Bb7 Nf3 c5
1351,1281,black,180+5,e4 e6 Qf3 b6 Bc4 Bb7 d3 a6 a4 Bd6
1744,1938,white,180+0,e4 e5 Nf3 Nc6 Bc4 Nf6 d3 Bc5 Be3 Bb6
1197,1105,black,0+1,d4 Nh6 c4 Ng4 Nc3 Nxh2 e3 Nxf1 Nf3 Nh2
1719,1271,white,600+4,Nf3 d5 c4 c6 d4 dxc4 e4 Bg4 Bxc4 c5
1800,1523,white,60+1,e4 c5 f4 d6 Nf3 Nf6 Nc3 Nc6 Bc4 h6
1373,983,white,300+0,d4 d5 c4 c6 Nf3 Nf6 e3 Bf5 Bd3 Bxd3
1637,1196,black,0+1,d4 e5 e3 exd4 c3 dxe3 fxe3 Ke7 e4 d6
1826,1511,white,480+0,e4 e5 Nf3 f5 Bc4 Nf6 Nxe5 d5 exd5 Bd6
1558,1545,white,300+5,e4 c6 d4 e6 Nf3 Nf6 Bg5 Be7 Bxf6 Bxf6
1526,1565,white,300+4,e4 e5 f4 f6 fxe5 fxe5 Nf3 d6 Bc4 Bg4
1297,1203,white,360+2,e4 e5 Nf3 f6 d3 g5 c4 h5 h4 gxh4
1405,1408,white,120+0,e4 g6 Nf3 Bg7 e5 Nc6 d4 d6 Bb5 Bd7
1225,1544,white,300+8,Nf3 Nc6 Nc3 e5 d3 Bb4 Bd2 d5 Bg5 f6
1804,1679,white,60+0,e4 e5 f4 Nc6 Nf3 exf4 h4 d6 d4 Bg4
1191,1296,black,0+1,e4 f5 Nf3 fxe4 Nh4 e5 f3 Kf7 g3 Bc5
1451,1823,white,180+0,e4 d5 e5 c6 d4 c5 c3 e6 a3 cxd4
1756,1783,black,300+2,c4 b6 d4 Bb7 Nc3 e6 e4 Bb4 f3 Bxc3+
1399,1332,draw,300+5,e4 e5 Bc4 Nc6 Nf3 Na5 Bxf7+ Kxf7 Nxe5+ Ke7
1762,1922,black,180+0,e4 e5 f4 Nc6 Nf3 exf4 d4 g5 h4 g4
1539,1484,draw,600+10,d4 d5 e3 c6 c4 Nf6 Nf3 Bg4 Nc3 Bxf3
1939,1811,white,60+0,c4 e5 g3 f5 Bg2 Nf6 d4 e4 Bg5 h6
1471,1526,white,300+2,d4 Nf6 Nc3 e6 Bg5 c6 Bxf6 Qxf6 Qd3 d6
1389,1580,black,600+0,d4 Nf6 c4 e6 Nc3 Bb4 Bd2 Bxc3 Bxc3 c5
1863,1699,white,600+3,e4 e5 f4 d6 Nc3 Be7 Bc4 Nf6 Nf3 Bg4
1649,1554,black,240+0,e4 e5 Nf3 d6 Bc4 b6 d4 h6 O-O exd4
1553,1572,black,300+4,e4 Nf6 e5 Nd5 Bc4 Nb6 Bb3 d6 Nf3 h6
1556,1558,black,120+1,c4 e6 b3 c5 Bb2 Nc6 Nc3 Nf6 g3 Be7
1291,1500,white,240+4,e4 e5 d3 Nc6 h3 Bc5 Nf3 Nf6 Be2 d5
1146,1529,black,300+5,d4 g6 e3 Bg7 Nf3 e6 Nc3 b6 Bb5 Bb7
1804,1946,black,60+0,e4 a6 f4 b5 d4 Bb7 e5 e6 Nf3 c5
1337,1298,black,180+5,e4 b6 Qf3 Bb7 Bc4 e6 d3 Bc5 Nc3 Qh4
1928,1801,black,180+0,e4 d5 exd5 Qxd5 Nc3 Qd8 Bb5+ c6 Bc4 e6
1593,1646,black,480+2,g4 f5 g5 e5 h4 d5 Bg2 Nc6 d3 Bc5
1376,1343,white,300+0,d4 d5 c4 dxc4 e4 e6 Bxc4 a6 a3 b5
1484,1488,black,120+10,c4 Nf6 d3 e5 e4 Nc6 Nc3 Nd4 Nge2 Bb4
1324,1573,black,240+0,e4 c6 d4 d5 Nc3 dxe4 Nxe4 Bf5 Ng3 Bg6
1953,1797,white,60+0,f4 e6 Nf3 d5 e3 c5 b3 Nc6 Bb5 Bd7
1611,1250,black,600+6,d4 e6 c4 Bb4+ Nd2 Nf6 Qa4 Bxd2+ Bxd2 Ne4
1721,1200,white,600+4,Nf3 d5 c4 d4 e3 dxe3 fxe3 Nf6 Nc3 g6
1793,1879,white,300+0,g3 d5 Bg2 Nf6 d3 e6 Bg5 Be7 Bxf6 Bxf6
1007,1500,black,120+10,g3 Nf6 Bh3 d5 Bd7+ Bxd7 d4 Ne4 Bg5 Nxg5
1791,1959,white,60+0,e4 Nf6 e5 Nd5 d4 d6 c4 Nb6 f4 dxe5
1818,1914,black,180+0,e4 e5 f3 d5 exd5 c6 dxc6 Nxc6 Bb5 Nf6
1723,1190,white,600+4,Nf3 d5 c4 Nf6 d4 c6 Nc3 Be6 Bg5 Ne4
1416,1397,white,120+0,e4 e5 Nf3 d6 Bc4 h6 c3 a6 d4 exd4
1500,1495,white,240+4,e4 e6 Bc4 d5 exd5 exd5 Bb3 Nf6 Qf3 Be7
1608,1543,white,300+4,e4 e5 f4 exf4 Nf3 Bc5 d4 Bb4+ c3 Bd6
1944,1807,white,60+0,e4 e5 Nf3 d6 Bc4 Qe7 d4 f6 O-O Bg4
1524,1561,black,420+8,e4 e6 Nf3 Nf6 e5 Nd5 c4 Nb4 a3 N4c6
1922,1746,white,300+2,e4 c5 f4 d5 e5 Nc6 Nf3 Bg4 Bb5 e6
1310,1473,black,240+3,e4 e5 c3 Qh4 d3 Bc5 g3 Qf6 Nf3 d6
1545,1622,black,120+1,c4 e5 b3 Nf6 Bb2 d6 Nc3 g6 g3 Bg7
1684,1634,white,240+0,e4 c5 Nf3 e6 Bb5 a6 Be2 Nc6 d4 cxd4
1335,1456,white,300+8,e4 e5 Bc4 Nf6 Nh3 h6 O-O Nxe4 Qf3 d5
1951,1800,white,60+0,Nf3 e6 b3 f5 Bb2 Nf6 e3 d5 d4 c6
1609,1664,black,600+5,d4 d5 c4 Nf6 e3 a6 Nc3 dxc4 Bxc4 b5
1275,1590,draw,600+6,Nf3 d5 e3 Nc6 Bb5 Bd7 Bxc6 Bxc6 O-O e6
1568,1577,white,240+0,d4 c6 c4 d5 cxd5 cxd5 Nc3 e6 e3 Nf6
1809,1192,white,180+0,e4 e5 f4 Nc6 Nf3 exf4 Bc4 d6 O-O Be6
1793,1957,black,60+0,e4 Nf6 e5 Nd5 d4 d6 c4 Nb6 f4 dxe5
1500,1693,black,600+3,d4 d5 c4 c6 e3 e6 a3 Be7 Nc3 Nf6
1610,1735,black,900+8,d4 Nf6 c4 e6 Nc3 d5 cxd5 Nxd5 Nf3 g6
1602,1535,draw,180+0,d4 e6 c4 d6 e4 g6 Nc3 Bg7 Nf3 b6
1584,1455,white,480+2,g4 d6 Bg2 g6 d3 Bg7 f4 Nf6 g5 Nfd7
1963,1787,white,60+0,b4 e5 Bb2 d6 a3 f5 e3 Nf6 Nf3 Nc6
1740,1928,black,300+2,c4 d5 cxd5 c6 dxc6 Nxc6 g3 e5 Bg2 Nf6
1529,1480,white,360+0,e4 e5 Nf3 Nf6 Nc3 Bc5 Bc4 Qe7 Ng5 O-O
1310,1534,white,300+4,d4 d5 Nf3 Nc6 Ne5 Qd6 Nxc6 Qxc6 c3 Bf5
1780,1969,black,60+0,e4 Nf6 e5 Nd5 d4 d6 c4 Nb6 f4 dxe5
1624,1693,black,240+0,e4 c5 Nf3 d6 d4 cxd4 Nxd4 Nf6 Nc3 g6
1427,1500,black,120+0,e4 e5 Nf3 Nc6 Bc4 Nf6 Ng5 d5 exd5 Nxd5
1975,1775,white,60+0,d4 e6 Nf3 f5 c4 Nf6 Nc3 g6 e3 Bg7
1638,1580,draw,240+0,e4 e5 Nf3 d6 d4 exd4 Qxd4 Nc6 Qd1 Nf6
1811,1207,white,0+1,e4 e5 Nf3 Qf6 Bc4 Bc5 Nc3 Ne7 O-O h6
1582,1286,white,600+6,d4 d5 c4 c6 c5 Bf5 Nf3 Bxb1 Rxb1 Qd7
1740,1810,white,180+0,e4 d5 d4 dxe4 Nc3 Nf6 f3 exf3 Qxf3 Nc6
1769,1980,white,60+0,e4 c5 f4 g6 Nf3 Bg7 Bc4 e6 d3 Ne7
1181,1517,black,300+4,e4 e5 Nf3 Nc6 Nc3 Bb4 d4 exd4 Nxd4 Bxc3+
1807,1470,white,300+0,g3 e5 Bg2 Nc6 c4 Bc5 Bxc6 dxc6 e3 Nf6
1632,1484,white,60+0,e4 f6 d4 g5 Qh5#
1452,1355,white,300+8,c4 e5 Nc3 Bb4 g3 Bc5 Bg2 Qf6 e3 Nh6
1745,1500,white,120+1,d4 g6 c4 Bg7 Nc3 e6 e4 Ne7 f4 a6
1673,1571,white,600+0,e4 e6 d4 Qh4 Nc3 Bb4 Qd3 Nf6 Bd2 Bxc3
1485,1700,black,180+0,e4 e6 d4 Ne7 Nc3 Ng6 g3 Be7 Bg2 O-O
1623,1535,white,120+1,e4 c5 d4 cxd4 c3 dxc3 Nxc3 b6 Nf3 Bb7
1652,1537,white,180+0,e4 e6 d4 d6 f4 b6 Nf3 Bb7 Bd3 Nd7
1963,1787,white,60+0,Nf3 e6 c4 d6 d4 f5 Nc3 Nf6 Bg5 h6
1510,1440,white,420+8,e4 e5 Nf3 f5 exf5 e4 Nd4 Qf6 Nb5 Bd6
1933,1685,white,180+0,e4 e5 f4 exf4 Nf3 d6 Bc4 Bg4 O-O Nc6
1780,1969,black,60+0,e4 Nf6 e5 Nd5 d4 d6 c4 Nb6 f4 dxe5
1702,1714,black,240+0,e4 e6 Nf3 Ne7 d4 Ng6 Nc3 Be7 Bd3 O-O
1281,1586,draw,600+6,Nf3 d5 Nc3 d4 Ne4 f6 d3 e5 g3 Nc6
1581,1634,draw,240+0,d4 d5 c4 e6 Nc3 Nf6 cxd5 exd5 Nf3 Bb4
1775,1975,white,60+0,e4 Nf6 e5 Nd5 d4 d6 exd6 exd6 Nc3 Nxc3
1529,1636,white,180+0,e3 d5 d3 e5 g3 f5 Bg2 e4 dxe4 fxe4
1681,1938,black,180+0,d4 Nf6 c4 e5 dxe5 Ng4 Bf4 Bc5 e3 Nc6
1484,1632,black,60+0,e3 e5 d4 f5 dxe5 Nc6 f4 d6 exd6 Bxd6
1724,1697,white,600+4,Nf3 d5 c4 d4 d3 c5 e3 Nc6 Be2 e5
1681,1563,black,600+0,e4 e6 d4 Qh4 e5 Qe4+ Ne2 Bb4+ c3 Bf8
1694,1501,black,180+2,e4 c6 Bc4 d5 exd5 cxd5 Bb3 e5 a3 Nf6
1591,1500,white,480+2,g4 d5 Bg2 Bxg4 h3 Bf5 c4 Nf6 d3 e6
1811,1615,white,300+0,g3 c6 Bg2 e5 Nf3 d6 O-O Bg4 d3 Be7
1792,1527,white,60+0,e4 b6 f4 Bb7 e5 g6 d4 Bg7 Nf3 e6
1302,1180,white,600+0,e4 c6 Bc4 d6 Qf3 e6 d3 Qc7 Nh3 Nd7
1327,1519,black,60+1,e4 c5 Nf3 d6 Bc4 Nc6 Nc3 Nf6 Nd5 Nxd5
1796,1523,white,60+0,e4 b6 f4 Bb7 e5 g6 d4 Bg7 Nf3 e6
1554,1587,white,660+4,d4 Nf6 Nf3 d5 Ne5 e6 Bg5 Be7 h3 Nbd7
1221,1434,black,180+10,d4 d5 e3 Bf5 Nf3 e6 Ne5 f6 Nf3 Bg4
1595,1677,white,180+2,e4 b6 d4 Bb7 Nc3 h6 f4 e6 Nf3 Nf6
1579,1518,black,60+0,e4 b6 Bc4 Bb7 Bd5 Bxd5 exd5 e6 Qf3 exd5
1631,1583,white,240+0,d4 d5 c4 dxc4 Nf3 Nf6 Nc3 e6 e4 Bb4
1579,1518,white,60+0,e4 b6 Bc4 Bb7 Bd5 Bxd5 exd5 e6 Qf3 exd5
1500,1525,white,60+1,d4 d5 c4 e6 Nf3 dxc4 e3 Nf6 Bxc4 c5
1321,1454,black,180+1,d3 d5 h3 Nf6 Nd2 c5 e3 Bf5 Nb3 e5
1663,1521,white,180+2,e4 e5 Bc4 Nf6 d3 a6 a3 b5 Ba2 Nc6
1870,1637,white,840+4,e4 e5 f4 Nc6 Nf3 exf4 d4 d5 Bb5 dxe4
1816,1609,draw,300+0,g3 c6 Bg2 d5 Nf3 Nd7 d3 e5 O-O Be7
1516,1532,white,60+0,e4 b6 Bc4 Bb7 Bd5 Bxd5 exd5 d6 Qf3 e6
1372,1543,black,180+0,d4 e6 c4 d6 e4 g6 Nf3 Bg7 Bd2 Ne7
1532,1516,white,60+0,e4 g6 Nf3 Bg7 Bc4 b6 O-O Bb7 d3 Nf6
1517,1688,black,60+0,d4 c5 d5 g6 c4 Bg7 Nc3 d6 Bd2 Nf6
1522,1500,black,420+8,e4 Nf6 e5 Nd5 c4 Nb6 c5 Nd5 Bc4 e6
1555,1519,black,300+5,e4 c6 Bc4 d5 exd5 cxd5 Bb5+ Bd7 a4 Qa5
1519,1313,white,180+1,b4 d5 Bb2 Nd7 g3 e6 Bg2 Ngf6 b5 e5
1471,1520,white,60+0,e4 g6 Nf3 Bg7 d3 b6 Bg5 Bb7 Be2 f6
1574,1650,white,240+0,d4 d5 c4 e5 cxd5 Qxd5 e3 exd4 Qxd4 Qxd4
1757,1477,white,60+0,d4 e6 c4 c6 Nf3 c5 g3 cxd4 Nxd4 Nf6
1597,1875,white,480+2,g4 f5 g5 e5 d3 f4 h4 h6 Bg2 hxg5
1514,1670,white,180+2,c4 g6 d4 Bg7 Nc3 d6 e4 e6 Nf3 Ne7
1364,1644,black,300+8,e4 g6 Nc3 Bg7 d4 d6 Nf3 e6 Bb5+ Nd7
1518,1506,white,60+0,e3 b6 d3 Bb7 Be2 e6 Bf3 Bxf3 Qxf3 d6
1344,1460,white,300+8,e4 c6 Bc4 d5 exd5 cxd5 Bb5+ Nc6 Qh5 Nf6
1308,1524,black,180+1,d3 b5 e4 c5 h3 Qa5+ Bd2 b4 a4 g6
1810,1734,white,300+2,c4 e6 Nc3 d5 cxd5 exd5 d4 c5 dxc5 d4
1667,1830,black,540+0,e4 c5 Bc4 e6 Nf3 a6 d4 b5 Be2 cxd4
1365,1622,black,180+0,d4 d5 c4 e6 e3 c5 Nf3 Nf6 b3 Nc6
1793,1511,white,60+1,d4 d5 c4 e6 Nf3 dxc4 e3 Nf6 Bxc4 Be7
1215,1439,black,180+10,d4 d5 e3 e6 Nf3 Nc6 Nc3 Bb4 Bb5 Bxc3+
1702,1549,black,180+0,d4 e6 c4 d6 Nc3 g6 e4 Bg7 Be3 Ne7
1495,1555,black,60+0,e4 e5 Nf3 Bc5 Bc4 Bd6 d3 Nc6 O-O Na5
1584,1485,black,60+0,e4 b6 Bc4 Bb7 Bd5 c6 Bb3 e6 Nf3 g6
1511,1451,black,240+4,e4 e5 Bc4 Qh4 g3 Qxe4+ Be2 Qxh1 Kf1 d6
1203,1500,black,0+1,e4 d6 d4 c6 Bd3 e6 Qf3 d5 Be3 dxe4
1602,1608,black,480+5,d4 d5 c4 e5 dxe5 d4 Nf3 Nc6 Bg5 f6
1654,1530,white,180+2,e4 e5 Bc4 Nc6 a3 Nf6 d3 d5 exd5 Nxd5
1543,1244,white,300+5,e4 c6 Bc4 d6 Qf3 Qc7 Qxf7+ Kd8 Qxf8+ Kd7
1543,1500,white,60+0,e4 b6 Bc4 Bb7 Qf3 Nc6 Qxf7#
1500,1543,white,60+0,g3 g6 Bg2 Bg7 e4 c6 Nf3 b6 d4 Bb7
1625,1587,white,240+0,e4 e5 Nf3 d6 Bc4 b6 h3 h6 d4 exd4
1529,1302,white,180+1,b4 e6 Bb2 Nf6 b5 b6 c4 Bb7 Nf3 Bxf3
1632,1577,black,840+4,d4 e6 Nf3 Be7 e4 d6 Nc3 a6 d5 Nf6
1795,1677,white,180+0,e4 e5 f4 exf4 Nf3 Nc6 Bc4 h6 d4 Bb4+
1649,1316,white,300+8,g3 d5 Bg2 Nc6 d3 e5 e3 d4 e4 Nf6
1513,1738,black,60+0,g3 c5 Bg2 e6 d3 Nc6 e4 d5 exd5 exd5
1510,1451,black,60+0,e4 d6 Bc4 Nd7 Nf3 e6 O-O d5 exd5 exd5
1725,1819,white,300+2,c4 Nf6 Nc3 e5 Nf3 d6 d4 e4 Ng5 h6
1822,1500,black,180+1,e4 c5 d3 g6 f4 Bg7 c3 Nc6 Nf3 d6
1837,1686,white,480+0,e4 c5 Nf3 d6 d4 cxd4 Nxd4 Nf6 Nc3 a6
1065,1467,black,360+0,e4 e5 Nf3 Nf6 Nc3 Bc5 Bc4 O-O a3 Re8
1522,1662,black,180+2,c4 b6 d4 Bb7 d5 Nf6 Bg5 h6 Bxf6 exf6
1737,1337,white,600+4,Nf3 d5 c4 Nf6 d4 e6 Nc3 h6 Bf4 dxc4
1502,1619,black,300+10,e4 e5 f3 Bc5 c3 d6 Qa4+ Bd7 Qb3 Nf6
1743,1463,white,60+0,Nf3 d6 d4 e6 c4 Bd7 e3 Be7 Bd3 Nf6
1460,1747,white,60+0,d4 c5 Nf3 e6 dxc5 Bxc5 e3 d5 Bd3 Nc6
1403,1591,white,720+0,c4 g6 Nc3 Nf6 d4 Bg7 e4 O-O Nf3 Re8
1727,1639,black,60+0,d4 e5 c4 exd4 Nf3 Bb4+ Bd2 Qe7 Nxd4 Nc6
1361,1547,black,180+0,d4 d5 c4 dxc4 e4 b5 a4 a6 axb5 Nf6
1669,1515,white,180+2,e4 e5 Bc4 Bc5 a3 Nc6 d3 Nf6 Nc3 O-O
1529,1437,black,360+0,e4 d6 d4 e5 Nf3 exd4 Nxd4 Nf6 Nc3 Bg4
1511,1573,white,420+8,e4 d5 exd5 Qxd5 Nf3 Bg4 Be2 c6 Nc3 Qd8
1552,1275,white,300+5,e4 e5 Nf3 Nf6 Nc3 Bb4 Nxe5 Bxc3 dxc3 Qe7
1713,1519,black,60+0,d4 e6 c4 d6 Nf3 b6 e4 Bb7 Nc3 Nd7
1824,1601,white,60+0,d4 e6 c4 d5 Nf3 dxc4 e3 Nf6 Bxc4 Bb4+
1582,1615,black,240+0,d4 c5 c4 cxd4 Qxd4 Nc6 Qd1 e6 e3 Nf6
1676,1533,black,180+2,e4 c6 Bc4 d5 exd5 cxd5 Bb3 Nf6 Nf3 Bg4
1350,1008,white,180+0,d4 e6 c4 Be7 Nf3 Nf6 Qc2 O-O e4 b6
1500,1469,white,360+0,d4 Nh6 Nc3 Nf5 e4 Nd6 Bd3 g6 Nf3 Bg7
1513,1534,draw,300+5,e4 e5 Nf3 d6 d4 f6 d5 Bg4 Be2 Nd7
1355,1577,black,180+0,d4 d5 f3 b6 e4 e6 Bd3 Nf6 Bd2 dxe4
1500,1591,white,60+0,e4 e6 Bc4 d6 d4 d5 exd5 exd5 Bb5+ c6
1685,1868,black,900+5,e4 c5 Nf3 e6 d4 cxd4 Nxd4 a6 Nc3 d6
1358,1448,black,480+8,e4 d6 Bb5+ Nd7 Qf3 c6 Bc4 e6 d4 g6
1797,1886,black,300+2,e4 c5 Bc4 g6 f4 Bg7 Nf3 e6 Nc3 Ne7
1489,1427,white,600+0,d4 d5 Bf4 c5 dxc5 e6 e3 Bxc5 Bd3 Nc6
1724,1340,white,60+0,e4 b6 Bc4 Bb7 Bd5 Bxd5 exd5 d6 Qf3 c6
1529,1578,black,720+0,e4 c5 Nf3 Nc6 d4 cxd4 Nxd4 Nf6 Nxc6 bxc6
1791,1996,black,300+2,e4 c5 Nc3 g6 f4 Bg7 Nf3 e6 Bc4 Ne7
1515,1692,black,360+0,e4 d5 exd5 Nf6 Nc3 Nxd5 Nxd5 Qxd5 d4 Nc6
1458,1209,white,180+10,e4 e5 d4 d6 Be2 Nf6 dxe5 Nxe4 Be3 Nc6
1443,1333,white,600+0,e4 Nc6 Nf3 d6 Nc3 Nf6 d4 Bd7 d5 Ne5
1870,1780,white,180+1,e4 c5 d3 d6 Nf3 e6 Be2 Nf6 O-O Be7
1874,1676,white,900+5,d4 Nf6 e3 g6 c4 Bg7 Nc3 O-O Nf3 d5
1844,1687,black,480+0,e4 e5 Nf3 d6 Bc4 Be7 c3 a6 d4 b5
1577,1701,black,240+0,e4 d5 exd5 Nf6 c4 e6 dxe6 Bxe6 d3 Nc6
1233,1572,black,240+0,e4 e5 Nf3 Nc6 Bb5 d6 O-O Bd7 Bxc6 Bxc6
1556,1882,black,120+4,e4 e6 Nf3 d5 e5 c5 c4 Nc6 cxd5 exd5
1500,1504,white,60+0,e4 e5 Bc4 Nc6 Qh5 g6 Qf3 Nf6 Qb3 Qe7
1451,1462,white,360+0,g3 e5 Bg2 Bd6 b3 Nf6 Bb2 O-O e3 Re8
1533,1514,black,300+5,e4 c5 d3 d6 Nf3 e5 Nc3 Bg4 Be2 Nf6
1065,1456,black,360+5,e4 d6 Be2 g6 Nf3 Bg7 d3 Nf6 Nbd2 Nbd7
1677,1354,white,60+0,e4 d5 e5 d4 Bc4 Nc6 Qh5 e6 Nf3 g6
1353,1575,white,180+0,d4 d5 e4 e6 Nc3 Nf6 a3 dxe4 f3 exf3
1739,1655,black,600+4,Nf3 Nf6 c4 g6 Nc3 Bg7 e4 O-O e5 Ne8
1858,1808,white,60+0,d4 d6 c4 g6 Nf3 Bg7 g3 Nd7 Bg2 e5
1516,1384,white,600+3,e4 e5 Nf3 d6 Bc4 Nf6 d3 h6 Nc3 Nc6
1310,1178,black,900+10,e4 e5 Nf3 Nc6 Nc3 Nf6 Bc4 Na5 d3 Bb4
1717,1444,white,60+0,e4 d6 d3 g6 Be2 Bg7 Bg4 Nf6 Bxc8 Qxc8
1793,1913,white,60+0,e4 c5 Nf3 g6 Bc4 Bg7 d4 cxd4 Nxd4 Nc6
1550,1297,white,120+10,d4 d5 c4 Nf6 Nf3 Bf5 Nc3 e6 e3 Bb4
1552,1377,white,120+4,e4 c5 c3 d6 d4 cxd4 cxd4 Nc6 Bb5 Bd7
1840,1815,white,60+0,d4 d5 c4 g6 Nf3 Bg7 g3 c6 Bg2 Nd7
1439,1758,black,60+0,b4 g6 a3 f6 Bb2 Bg7 e3 d6 Nf3 e5
1414,1395,white,300+0,e4 c6 Nf3 g6 d4 Bg7 Nc3 e6 Bf4 Ne7
1739,1786,white,300+2,c4 g6 Nc3 Bg7 e4 d6 d4 e5 d5 Ne7
1742,1500,black,900+8,d4 Nf6 Nf3 e6 g3 c5 c3 b6 Bg2 Bb7
1319,1470,black,600+0,e4 e5 Nf3 Nc6 Bc4 Na5 Nxe5 Nxc4 Nxc4 Qe7
1580,1531,black,240+2,e4 e5 f4 exf4 Nf3 g5 Bc4 Nh6 Ne5 d6
1755,1557,white,180+0,e4 e5 f4 exf4 Nf3 Nf6 Nc3 d6 Bc4 Bg4
1800,1885,black,60+0,e4 c5 Nf3 g6 Bc4 Bg7 d4 cxd4 Nxd4 Nc6
1787,1435,white,60+0,e4 c5 Bc4 e6 Qf3 Nc6 Nh3 Nge7 Ng5 f6
1917,1787,white,60+0,d4 d5 c4 c6 Nf3 Nd7 g3 g6 Bg2 Bg7
1880,1703,white,600+3,d4 d5 e3 e6 c4 c6 Nc3 Be7 a3 Nf6
1773,1752,white,300+2,f4 d5 b3 c5 Bb2 Nc6 Nf3 Nf6 e3 Bg4
1552,1660,white,180+1,d4 b6 c4 Bb7 e3 h6 Nf3 e6 Be2 Nf6
1826,1588,white,480+0,e4 c5 Nf3 Nc6 d4 cxd4 Nxd4 Nf6 Nc3 a6
1559,1283,white,120+4,e4 e5 d4 Qh4 Nc3 Bb4 Qf3 exd4 a3 Bxc3+
1943,1776,white,60+0,d4 g6 c4 Bg7 Nf3 Nf6 g3 O-O Bg2 d6
1697,2139,black,60+0,e4 c6 f4 d5 e5 c5 c3 Nc6 d4 Bf5
1741,1784,draw,300+2,c4 b6 Nc3 Bb7 d4 e6 e4 Nf6 f3 c5
1604,1567,white,300+2,d4 d5 a3 Bf5 e3 Nc6 h3 h5 Nf3 Qd7
1787,1917,black,60+0,e4 c5 Nf3 g6 Bc4 Bg7 d4 cxd4 Nxd4 Nc6
1451,1761,white,180+0,d4 d5 Nf3 Bf5 e3 Nf6 c3 Bg6 Bd3 e6
1632,1534,white,180+1,e4 a6 Bc4 b5 Bb3 Bb7 d3 g6 c3 f5
1387,1638,draw,60+3,d4 d5 c4 Bf5 Nc3 e6 e3 Nf6 Nf3 Nc6
1563,1471,black,120+4,e4 d5 exd5 Qxd5 Nf3 Bg4 Be2 Nf6 Nc3 Qd8
1526,1554,black,420+8,e4 Nc6 d4 e5 d5 Nce7 Bg5 h6 Qh5 g6
1214,1292,white,900+10,e4 c5 Nf3 Nc6 Nc3 b6 Bc4 Nh6 Ng5 Ne5
1531,1612,white,660+3,e4 e5 c3 Nc6 d4 exd4 cxd4 d5 e5 Bf5
1500,1527,white,60+0,e4 c5 Bc4 b6 Nf3 Bb7 O-O Nc6 d3 g6
1499,1430,black,600+0,d4 d5 Bf4 f6 Nc3 e6 e4 Bb4 a3 Bxc3+
1376,1430,black,600+3,e4 c6 Bc4 d5 exd5 cxd5 Bb5+ Bd7 Be2 Nf6
1696,1565,white,180+0,c4 d6 Nc3 e6 a3 b6 b4 Bb7 d4 Nd7
1695,1571,white,60+0,e4 e6 f4 d5 e5 c5 c3 Nc6 d4 cxd4
1631,1394,white,60+3,e4 e5 Nf3 d6 Bc4 Nc6 O-O h6 h3 Nf6
1831,1838,black,480+0,e4 e6 Nf3 Be7 d4 d6 Be3 a6 Bc4 Nd7
1557,1640,black,180+1,d3 b6 e3 Bb7 Nf3 Nf6 g3 h6 Bg2 e6
1556,1669,white,60+1,e4 c5 Nf3 g6 d3 Bg7 Be2 Nc6 c3 Nf6
1703,1716,white,240+4,c4 c5 e3 e6 Nc3 Nf6 a3 a6 d4 cxd4
1371,1712,white,180+0,d4 d5 Nc3 Nf6 e3 Ne4 f3 Nxc3 bxc3 e5
1557,1485,white,240+2,e4 d5 exd5 Qxd5 Nc3 Qd8 Nf3 Bg4 Be2 h5
1649,1580,white,180+1,e4 e5 Bc4 d6 Nf3 h6 h3 Nc6 a3 Nf6
1640,1669,black,1020+0,e4 c5 Nf3 d6 h3 g6 Bb5+ Nc6 d4 cxd4
1536,1570,black,420+0,c4 c5 Nf3 Nc6 g3 e6 Bg2 d5 cxd5 exd5
1564,1512,black,420+8,e4 e5 Nf3 d6 Bc4 h6 Nc3 c6 a3 Qf6
1791,1463,white,180+0,e4 b6 Nf3 Bb7 Nc3 g6 d4 Bg7 Bd3 e6
1571,1658,black,180+1,d4 g6 c4 Bg7 Nc3 d6 e3 Nf6 Nf3 e6
1703,1963,white,60+0,e4 c5 f4 g6 Nf3 Bg7 c3 e6 e5 d6
1583,1652,black,300+8,d4 g6 c4 Bg7 Nc3 d6 e4 e6 Nf3 Ne7
1782,1743,black,300+2,f3 d5 e3 e5 Nc3 Bf5 Bd3 Bxd3 cxd3 Nf6
1444,1609,white,600+0,e4 g6 d4 Bg7 e5 e6 f4 Ne7 Nf3 Nbc6
1866,1761,black,180+2,d4 e5 dxe5 Nc6 Nf3 Qe7 Qd5 Nb4 Qe4 d5
1276,1244,black,900+10,e4 e5 Nf3 Nc6 Nc3 d6 Bc4 Nd4 d3 Bg4
1772,1886,black,180+3,e4 e6 d4 d5 e5 c5 Nf3 Nc6 dxc5 Bxc5
1476,1566,black,240+2,d4 d5 Nf3 Nf6 e3 e6 c3 Bd6 Bd3 O-O
1580,1640,black,420+0,d4 d5 c4 e5 dxe5 d4 e3 Bb4+ Bd2 dxe3
1613,1625,black,300+3,e4 e5 f4 d5 exd5 e4 Nc3 Bc5 Nxe4 Bxg1
1709,1507,black,60+1,e4 c5 Nf3 d6 Nc3 Nc6 d4 Nf6 dxc5 dxc5
1773,1750,black,180+2,d4 c5 e3 e6 Nf3 d5 c3 Nc6 Nbd2 Be7
1598,1440,white,660+3,e4 c6 d4 d5 exd5 cxd5 Nc3 Nf6 Nf3 Nc6
1849,1820,white,480+0,e4 c5 Bc4 e6 Nf3 Nc6 O-O a6 d4 b5
1794,1189,white,180+0,e4 c5 Nf3 d6 Bc4 h6 O-O a6 c3 Nc6
1666,1563,white,180+1,e4 e5 Nf3 d6 Bc4 h6 d3 Nc6 a3 Bg4
1582,1412,white,300+0,e4 e6 d3 c5 Be2 b5 Nf3 h6 O-O Bd6
1500,1261,white,60+0,e4 e5 Bc4 d6 Qf3 g6 Qxf7#
1614,1554,white,300+2,d4 Nf6 a3 e6 e3 g6 Nf3 Bg7 b4 O-O
1720,1500,black,60+0,e4 e6 d4 b6 f4 Bb7 Bd3 Bb4+ c3 Be7
1392,1338,black,180+0,d4 d5 c4 e6 e3 Nf6 a3 Ne4 Nc3 Qf6
1592,1227,white,60+0,e4 e5 Bc4 f6 Nf3 c6 Bxg8 Rxg8 O-O d5
1599,1591,black,600+8,e4 g6 d4 Bg7 Nf3 e6 Nc3 Ne7 Be2 Nbc6
1827,1492,white,180+2,d4 d5 c4 e6 Nc3 Nf6 e3 c6 Nf3 Bb4
1709,1819,black,60+0,e4 e6 f4 b6 Nf3 Bb7 d3 c5 Be2 Nc6
1762,1319,white,300+0,b4 Nf6 Bb2 e6 a3 Be7 e3 O-O Nf3 c6
1575,1635,black,240+2,e4 e5 f4 d5 exd5 e4 Qe2 Qxd5 Nc3 Qc6
1637,1398,white,60+0,e4 Nc6 Bc4 e5 Qf3 Nf6 Nh3 h6 d3 d6
1731,1572,white,420+0,e4 e5 d4 exd4 c3 dxc3 Bc4 Nc6 Nxc3 d6
1795,1627,white,180+0,e4 e5 Nf3 Nc6 Bb5 Nge7 O-O g6 h3 Bg7
1714,1911,black,300+0,c4 e6 d4 b6 e3 Bb7 Ne2 f5 Ng3 Nf6
1702,1641,black,60+0,e4 e5 f4 Bc5 c3 Nc6 Nf3 d6 d4 exd4
1566,1728,white,420+0,d4 d5 c4 e6 Nc3 Nf6 e3 a6 Nf3 Bd6
1731,1678,white,900+8,d4 d5 Nf3 f6 g3 Bg4 Bg2 e6 c4 Bb4+
1638,1677,white,180+0,e4 e5 Nf3 d6 Bc4 Be6 d3 Bxc4 dxc4 Be7
1393,1693,white,60+0,e4 g6 Nf3 Bg7 Bc4 b6 Nc3 Bb7 d3 e6
1555,1674,black,180+1,d4 g6 c4 Bg7 Nc3 Nc6 e3 d6 Nf3 e6
1782,1516,white,300+0,e4 e6 d4 b6 Nc3 Bb7 Nf3 Bb4 Bd2 c5
1805,1919,white,300+0,g3 c6 Bg2 d5 Nf3 g6 d4 Bg7 c3 Nd7
1565,1549,white,240+2,e4 e6 f4 d6 Nf3 b6 d4 Bb7 Nc3 Nd7
1498,1237,white,240+4,e4 d5 exd5 Qxd5 Nc3 Qc5 d3 e5 Be3 Qe7
1501,1303,white,60+0,e4 e5 Bc4 f5 Qh5+ g6 Qe2 Qf6 exf5 Qxf5
1529,1541,white,60+0,d4 d5 e3 c6 f3 e6 Bd3 h6 Ne2 g5
1646,1383,white,180+0,d4 c6 e4 d5 e5 Bf5 Bd3 Bxd3 Qxd3 e6
1764,1844,white,180+2,d4 e6 Bf4 Nf6 e3 c5 c3 cxd4 exd4 Qb6
1406,1538,black,240+0,d4 Nf6 Nf3 d5 c4 c6 cxd5 cxd5 Nc3 Qa5
1602,1183,white,60+2,e4 c5 Nf3 d6 Bc4 h6 d4 cxd4 c3 e5
1379,1588,white,180+0,d4 g6 c4 Bg7 Nf3 b6 Nc3 Bb7 e4 d6
1801,1650,white,180+0,e4 e5 Nf3 Nc6 Bb5 Bc5 Bxc6 bxc6 O-O d6
1547,1296,white,60+0,e4 e5 Bc4 d5 exd5 Nf6 Qf3 Nxd5 Bxd5 Qxd5
1705,1664,black,180+0,d4 d5 e3 Bf5 c4 c6 Nc3 Nf6 a3 e6
1544,1596,black,300+5,d4 g6 e4 e6 Bc4 Bg7 Nf3 b6 Nc3 Bb7
1540,1529,black,60+0,d4 d5 e3 c6 f4 e6 Nf3 h6 Bd3 g5
1604,1347,white,60+2,e4 d5 Nf3 dxe4 Ne5 f5 Qh5+ g6 Nxg6 e5
1578,1274,white,60+0,e4 e5 Bc4 Nc6 Nf3 Bc5 d3 Nf6 Ng5 O-O
1709,1582,white,420+0,e4 e5 Bc4 Bc5 d3 Nf6 h3 Nc6 a3 a6
1376,1379,black,180+0,e4 c6 Nf3 d5 exd5 cxd5 Nc3 Bg4 d4 e6
1529,1420,white,60+0,d4 g6 e3 Bg7 Bd2 b6 Bc3 Bb7 d5 d6
1820,1652,white,300+0,g3 d5 Bg2 c5 Nf3 Nc6 O-O e5 c3 Nf6
1585,1498,white,600+8,e4 e5 Nf3 Nf6 Nc3 Nc6 Bc4 d6 h3 h6
1609,1338,white,60+2,e4 c5 Nf3 d6 Bc4 Nc6 O-O e5 d4 exd4
1809,1819,black,480+0,e4 f5 Nc3 fxe4 Nxe4 d5 Ng5 Nf6 c4 e6
1808,1547,white,180+0,e4 e5 Nf3 d6 Bc4 Nc6 h3 h6 O-O Be7
1537,1412,draw,60+0,d4 g6 e3 Bg7 Bd2 c5 Be2 c4 Bc3 b5
1390,1346,white,180+0,e4 e5 Nc3 Nf6 Nf3 Nc6 d4 exd4 Nxd4 Nxd4
1766,2031,black,480+0,d4 e6 c4 d5 Nc3 Nf6 Bg5 Be7 Bxf6 Bxf6
1590,1503,white,240+4,c4 e5 Nc3 Qf6 Ne4 Qc6 d3 f5 Nc3 Bb4
1271,1641,black,120+0,e4 d5 exd5 Qxd5 Nc3 Qd4 Nf3 Qd6 d4 Bf5
1398,1545,white,240+0,d4 Nf6 Nf3 d5 c4 Nc6 cxd5 Qxd5 Nc3 Qa5
1677,1693,white,180+0,e4 c5 Bc4 e6 d3 a6 a4 Nf6 Ne2 Be7
1575,1717,white,420+0,d4 d5 c4 e6 Nc3 Nf6 Nf3 Nc6 e3 a6
1654,1175,white,60+0,e4 e5 Nf3 Nc6 Bb5 a6 Ba4 b5 Bb3 Nf6
1644,1826,white,300+0,d4 b6 e4 Bb7 d5 c6 c4 cxd5 exd5 d6
1533,1267,white,60+0,d4 b6 e3 Bb7 f3 e6 Bd3 Bd6 Be4 Nf6
1321,1400,black,180+0,e4 c6 d4 d5 exd5 cxd5 Nc3 Bf5 Qh5 e6
1538,1576,white,240+2,d3 e5 e3 d5 g3 Nf6 Bg2 e4 Ne2 Bg4
1689,1635,black,60+0,e4 e5 f4 Nc6 Nf3 Bc5 fxe5 d6 exd6 cxd6
1651,1623,white,300+2,e4 e5 Nc3 Nc6 f4 exf4 Nf3 g5 d4 Bg7
1389,1268,white,120+0,d4 d5 c4 e6 Nc3 Nf6 e3 c5 cxd5 exd5
1537,1656,draw,60+0,d4 Nf6 e3 e6 f3 c5 Bd3 cxd4 exd4 Nc6
1789,1300,white,300+3,e4 e5 Bc4 Nf6 Nc3 Be7 d3 O-O Nf3 c6
1648,1676,black,60+0,e4 c5 Nf3 Nc6 Bc4 e6 a3 d6 d4 cxd4
1809,1666,draw,300+0,c4 Nf6 Nc3 g6 g3 Bg7 d4 d6 Bg2 c6
1682,1690,white,180+0,d4 d5 e3 Bf5 c4 c6 Nc3 Nf6 Nf3 e6
1529,1414,black,240+0,e4 e6 Nf3 c5 d4 a6 dxc5 Bxc5 Bg5 Qa5+
1397,1409,white,180+0,d4 c6 c4 d5 e3 Bf5 c5 e6 f3 Be7
1484,1600,white,300+0,d4 f5 Nf3 Nf6 e3 e6 Bd3 Nc6 a3 b6
1567,1269,white,1020+0,e4 e5 Nf3 d6 d4 Nc6 d5 Nb8 Bg5 Nf6
1904,1944,white,300+0,Nf3 e6 g3 b6 Bg2 Bb7 O-O f5 d3 Nf6
1500,1526,white,1500+15,e3 e5 Bc4 d5 Bb3 d4 Qf3 Nc6 Qxf7#
1700,1590,white,420+0,e4 e5 Nf3 Nc6 Bb5 d6 d4 Bd7 d5 Nce7
1541,1396,black,60+0,d4 e5 dxe5 f6 exf6 gxf6 g3 Bg7 Bg2 d6
1681,1588,black,300+0,e4 e5 Bc4 d6 a3 h6 Nc3 Nf6 Nf3 c6
1686,1638,white,60+0,e4 e5 f4 Nc6 Nf3 exf4 d4 d5 exd5 Qxd5
1500,1652,black,60+0,e3 e5 Bc4 Nc6 Qf3 d5 Bxd5 Qf6 Bxf7+ Kxf7
1797,1830,white,480+0,e4 c5 Nf3 Nc6 d4 e6 d5 exd5 exd5 Nb8
1628,1696,black,60+0,e4 c5 Nf3 Nc6 Bc4 e5 d4 d6 dxe5 Nxe5
1541,1691,black,120+0,e4 e5 Nc3 Nc6 a3 Nge7 Bc4 g6 d3 Bg7
1677,1693,white,180+0,e4 c5 Bc4 Nc6 Ne2 e6 d3 d6 O-O a6
1618,1511,white,240+4,e4 e6 Nf3 c5 h3 Nc6 Nc3 a6 Be2 Bd6
1705,1619,white,60+0,e4 e5 f4 Nc6 Nf3 exf4 d4 Be7 Bxf4 Nf6
1346,1695,black,1800+0,e4 c5 d3 d6 h3 Nc6 a3 Nf6 g4 e6
1658,1333,white,60+0,e4 b6 d4 Bb7 Nc3 h6 Nf3 e6 Bd3 Nf6
1688,1582,black,600+5,e3 e5 Bc4 d6 Qf3 Be6 d3 Bxc4 dxc4 Nf6
1543,1671,white,180+0,d4 Nf6 c4 c5 Nc3 cxd4 Qxd4 Nc6 Qd1 g6
1698,1534,white,120+0,e4 e5 Nf3 Nc6 Nc3 a6 d4 exd4 Nxd4 Bc5
1430,1514,white,240+0,d4 Nf6 c4 d5 cxd5 Nxd5 Nf3 Bg4 Ne5 Bf5
1563,1551,black,240+2,e4 e6 f4 b6 Nf3 Bb7 Nc3 g6 d4 Bg7
1501,1444,white,240+0,e4 e6 Nf3 d5 e5 c5 d4 cxd4 Nxd4 Bc5
1611,1713,black,60+0,e4 g6 Nf3 Bg7 Bc4 d6 d4 e6 O-O Ne7
1640,1667,white,240+0,d4 g6 c4 Bg7 e3 Nc6 Nf3 a6 a4 d6
1661,1875,white,300+4,e4 c6 Nc3 d5 exd5 cxd5 d4 Nc6 Nf3 Nf6
1713,1594,white,600+5,e4 e5 Nf3 Nc6 Bc4 h6 Nc3 d6 d4 Bd7
1721,1603,white,60+0,e4 e5 f4 Nc6 Nf3 exf4 d4 Nf6 e5 Nd5
1689,1204,white,300+7,e4 e5 Bc4 d6 d3 Nf6 Bg5 Nc6 c3 Bg4
1818,1853,black,1800+0,c4 Nf6 g3 e6 Bg2 d5 cxd5 Nxd5 a3 Nc6
1682,1690,black,180+0,d4 d5 e3 Bf5 c4 c6 h3 h6 Nf3 e6
1826,1929,white,180+0,e4 e5 Nf3 Nc6 Nc3 Nf6 d4 exd4 Nxd4 Nxd4
1397,1409,white,180+0,e4 e6 Nc3 c5 Nf3 Nc6 d4 b6 e5 a6
1606,1915,black,300+5,e4 d5 exd5 Nf6 Bc4 Nxd5 Nf3 Bg4 O-O e6
1585,1595,white,60+3,e4 e5 f4 Nc6 Nf3 exf4 d4 Be7 Bxf4 Nf6
1262,1590,white,1020+0,e4 e5 Nf3 Nc6 Bc4 h6 Nc3 Nf6 d3 a6
1652,1558,white,180+0,d4 d5 c4 dxc4 Nf3 a6 a4 Be6 Nc3 c6
1369,1158,white,720+17,e3 e6 Bc4 d5 Bb5+ c6 Bf1 f5 Qh5+ g6
1864,1801,black,1800+0,e4 c5 Nf3 d6 Nc3 a6 a4 Nf6 d3 Be6
1595,1637,white,600+8,e4 d6 d4 Nc6 Nf3 h6 h3 g5 Nh2 Bg7
1502,1625,black,240+4,d4 h6 c4 Nf6 Nc3 d6 Nf3 e6 Bf4 Be7
1614,1324,black,60+2,e4 b6 Nf3 Bb7 Bc4 h6 d4 e6 d5 Nf6
1562,1552,black,240+2,e3 e5 d4 e4 f3 exf3 Nxf3 Nf6 Bc4 d5
1828,1805,white,180+0,e4 c5 Nf3 d6 Nc3 Nf6 d4 cxd4 Qxd4 a6
1438,1656,black,180+1,e4 b6 d4 Bb7 Nc3 h6 Nf3 e6 Bd3 Nf6
1434,1510,black,240+0,d4 Nf6 Bg5 Nd5 e4 Nb6 a4 h6 Bh4 d5
1664,1620,white,300+0,e3 e5 d3 d5 Ne2 c5 c3 Nc6 Qb3 Nf6
1818,1810,white,480+0,e3 d5 f4 c5 Nf3 Nc6 Be2 Nh6 O-O e5
1907,1643,white,180+0,e4 e5 Nf3 Nc6 d4 exd4 Nxd4 Nxd4 Qxd4 Nf6
1701,1672,white,180+0,e4 c5 Bc4 Nc6 d3 e6 Ne2 d6 Nbc3 Nf6
1697,1662,draw,420+0,d4 Nf6 c4 c5 e3 cxd4 exd4 d5 Nf3 e6
1691,1409,white,300+7,e4 c5 Bc4 Nc6 d3 d6 h3 a6 Nf3 h6
1792,1841,white,180+0,e4 e5 f4 Nc6 Nf3 Bd6 Bc4 Nge7 c3 O-O
1593,1372,white,60+2,e4 b6 Nf3 Bb7 Bc4 h6 d4 e6 d5 exd5
1606,1584,black,60+3,e4 e5 Nf3 Nc6 Bc4 Bc5 O-O d6 d3 Bg4
1599,1360,white,60+2,e4 b6 Nf3 Bb7 Bc4 h6 Bxf7+ Kxf7 Ne5+ Ke8
1550,1519,black,180+0,d4 Nf6 c4 d5 Nc3 Bf5 e3 c6 cxd5 Nxd5
1662,1712,white,180+0,d4 d5 e3 Bf5 c4 c6 Nc3 e6 cxd5 cxd5
1563,1551,black,240+2,e4 e6 f4 d6 Nf3 b6 d4 Bb7 Bd3 Nd7
1822,1850,black,1800+0,c4 a6 g3 Nf6 Bg2 c6 b4 b5 cxb5 axb5
1596,1585,black,60+3,e4 e6 Nf3 d5 exd5 exd5 d4 Nf6 Be2 Bd6
1748,1965,white,60+0,d4 d5 Bg5 f6 Bf4 Nc6 e3 e5 dxe5 fxe5
1500,1785,white,300+11,e4 e5 Nf3 Nc6 c3 Nf6 d4 exd4 Nxd4 Nxd4
1795,1839,white,180+0,e4 e5 f4 Nc6 Nf3 Bd6 Bc4 Na5 Bb3 Nxb3
1763,1703,black,60+0,d4 d5 Bg5 Nf6 e3 h6 Bxf6 exf6 Nf3 Be7
1730,1493,black,60+0,d4 d5 e3 c6 c4 Bf5 cxd5 cxd5 g4 Bg6
1500,1397,white,180+0,d4 e6 a3 c5 e3 a6 Nc3 Qa5 Bd2 b5
1675,1330,white,300+0,e3 Nh6 d3 e5 c3 Qf6 e4 Ng4 Qxg4 h5
1605,1585,white,60+3,e4 e5 f4 Nc6 Nf3 exf4 Bb5 Bc5 d4 Bb6
1500,1374,white,300+8,e4 e5 Nf3 d6 Nc3 Nc6 d4 f6 d5 Nb4
1525,1500,black,60+0,d4 d5 e3 Nc6 f4 Nf6 Nf3 Bf5 Bd3 Bg6
1531,1538,white,180+0,e4 e5 Nf3 d6 Bc4 b6 Nc3 Bb7 a3 h6
1715,1748,white,60+0,e4 d5 exd5 Qxd5 Nc3 Qe5+ Be2 Bg4 Nf3 Bxf3
1825,1807,white,180+0,e4 c5 Nf3 d6 Nc3 Nc6 d4 cxd4 Nxd4 Nxd4
1792,1913,white,180+0,e4 e5 Nf3 Nc6 Nc3 Nf6 d4 exd4 Nxd4 Nxd4
1661,1709,black,180+1,e4 c6 Bc4 d5 exd5 cxd5 Bb3 Nc6 a3 e5
1720,1740,black,900+8,e4 e5 Nf3 Nc6 Bc4 h6 Nc3 Nf6 d4 exd4
1343,1699,black,1800+0,e4 c5 Nf3 d6 c3 Nc6 d4 cxd4 cxd4 Bd7
1741,1639,white,180+0,e4 e5 Nf3 Nc6 Bc4 Bc5 b4 Bxb4 c3 Bc5
1624,1610,white,600+8,e4 e5 d3 Nc6 Nc3 Nf6 a3 h6 h3 d5
1753,1696,black,120+2,e4 a6 d3 b5 f4 Bb7 Nf3 Nf6 c3 e6
1712,1517,white,60+0,d4 d5 e3 e6 c4 f5 h3 dxc4 Bxc4 c6
1475,1445,white,420+2,e4 c6 d4 d5 e5 Bf5 h3 e6 Nf3 c5
1762,1806,white,480+0,d4 d5 c4 e5 Nc3 dxc4 d5 Bb4 Qa4+ c6
1800,1799,white,720+0,e4 c5 Nf3 e6 Bc4 Nc6 O-O a6 d3 b5
1735,1727,black,60+0,d4 d6 Bf4 Nf6 e4 e6 e5 Nd5 Bg3 Be7
1500,1343,white,900+8,e4 e5 Nf3 Bd6 d4 exd4 Nxd4 a6 Nc3 h6
1604,1500,black,60+2,e4 c5 Nf3 d6 Bc4 e6 d4 cxd4 Nxd4 Nf6
1719,1723,black,60+0,d4 d5 e3 Bg4 Qxg4 e6 Qd1 Bb4+ Bd2 Bxd2+
1631,1749,black,180+0,e4 c5 Nf3 Nc6 Bc4 g6 d3 Bg7 a3 e6
1294,1409,black,180+0,e4 c6 Nh3 d5 d3 Bxh3 gxh3 e6 Nc3 Be7
1479,1297,black,1020+0,e4 e5 Nf3 Nc6 Nc3 d6 d4 Bg4 Be2 Bxf3
1796,1836,black,180+0,e4 e5 f4 exf4 Bc4 g6 Nf3 Nc6 d4 Nge7
1526,1542,black,180+0,d4 Nf6 c4 Nc6 e3 d5 cxd5 Nxd5 Nf3 Nb6
1644,1651,black,180+1,e4 e5 Nc3 Nf6 a3 a6 Bc4 Nc6 d3 Bc5
1402,1719,black,180+1,d4 d5 Nc3 Nc6 b3 Bf5 Bb2 e6 e3 a6
1630,1494,black,180+0,d4 d5 Nc3 Nf6 Bf4 Nbd7 Nb5 e5 dxe5 Ne4
1390,1396,black,180+0,d4 Nf6 Nc3 e6 e4 Bb4 a3 Bxc3+ bxc3 b6
1735,1706,white,60+0,d4 d5 Bf4 e6 e3 a6 Nc3 c5 Nf3 h6
1485,1308,white,420+2,e4 g6 d4 Bg7 Nf3 Nf6 Nc3 c6 e5 Nd5
1730,1188,white,240+4,e4 c5 Nf3 d6 d4 cxd4 Nxd4 a6 Nc3 e5
1706,1735,white,60+0,d4 d5 e3 Nc6 h3 Nf6 a3 Bf5 c4 dxc4
1573,1447,white,240+0,d4 d6 e4 e6 Nf3 b6 Nc3 Bb7 d5 e5
1707,1622,white,120+1,d4 d5 e3 Nf6 Nf3 e6 Nc3 c5 Bb5+ Nc6
1093,1464,black,60+30,d4 d5 e3 Bf5 Nc3 e6 Bd3 Ne7 Bxf5 Nxf5
1802,1806,white,480+0,e4 c5 Nc3 d6 Nf3 Nc6 d4 cxd4 Nxd4 Bd7
1722,1720,white,60+0,d4 d5 Bf4 e6 Nc3 g5 Be5 f6 Bg3 h5
1757,1624,white,180+0,e4 e5 f4 Nc6 Nf3 exf4 d4 Be7 Bxf4 Nf6
1934,1832,black,1200+0,e4 e6 f4 d5 e5 c5 Nf3 Qb6 c3 Nc6
1594,1316,white,60+2,e4 c5 Nf3 Nc6 Bc4 e6 d4 Nxd4 Nxd4 cxd4
1627,1528,white,0+1,b3 e5 c4 Nc6 Bb2 a6 a3 d6 Nc3 h6
1495,1891,white,180+0,e3 e5 Nf3 Nc6 a3
1598,1349,white,60+2,e4 b6 Nf3 Bb7 Bc4 h6 Bxf7+ Kxf7 Ne5+ Ke6
1847,1787,white,180+0,e4 c5 Nc3 d6 Nf3 Nc6 d4 cxd4 Nxd4 g6
1609,1716,white,120+1,e4 e5 Nf3 d6 Bb5+ Bd7 Bxd7+ Nxd7 d4 Ngf6
1858,1696,black,420+0,d4 e6 c4 d5 Nc3 Nf6 Nf3 c5 Bg5 Nc6
1707,1734,black,60+0,d4 d5 e3 Nc6 c4 Bf5 cxd5 Qxd5 g4 Qxh1
1368,1713,black,300+15,e4 e5 Nf3 Nc6 Bc4 Bc5 h3 d6 d3 Nf6
1731,1552,white,240+4,e4 Nc6 d4 e5 d5 Nce7 c4 Ng6 Nc3 Bc5
1454,1517,white,240+1,d4 d5 a3 Nf6 Nf3 Nbd7 e3 c5 c3 c4
1529,1583,white,420+0,e4 e5 Nf3 Nc6 c3 d6 d4 Nf6 d5 Ne7
1696,1262,white,60+0,d4 e6 e3 Qf6 h3 Qg6 c4 c6 Bd3 b6
1617,1765,black,180+0,e4 c5 Nf3 Nc6 Bc4 g6 a4 Bg7 d3 e6
1603,1386,white,60+2,e4 e5 Nf3 Bc5 d4 Bb4+ c3 Ba5 Bc4
1744,1955,black,60+0,d4 d5 Bg5 f6 Bf4 e6 e3 c5 Nf3 Nc6
1460,1516,white,180+0,d4 e6 a3 d5 c3 Nc6 e4 dxe4 Qe2 Nf6
1698,1520,white,60+0,d4 d5 e3 c6 c4 e6 cxd5 exd5 Nc3 h6
1751,1710,black,900+8,d4 Nf6 Nf3 Nc6 g3 d5 Bg2 Bg4 O-O h6
1778,1856,draw,180+0,e4 e5 f4 exf4 Bc4 c6 Nf3 Qc7 d4 Ne7
1379,1505,black,180+0,d4 e6 e4 d5 c4 dxe4 f3 exf3 Qxf3 Nc6
1491,1466,black,240+1,d4 d5 Nf3 e6 c4 c6 cxd5 cxd5 g3 h6
1609,1473,white,60+2,e4 b6 Nf3 Bb7 Bc4 c5 Bxf7+ Kxf7 Ng5+ Ke8
1477,1622,white,300+10,d3 Nf6 f3 e5 e4 Nc6 c3 d5 Bg5 Be7
1338,1424,white,900+8,e4 e5 Nf3 d6 h3 Nc6 a3 Nf6 d3 Bd7
1920,1603,black,600+0,e4 e5 Nf3 Bd6 Nc3 a6 Bc4 Nf6 d4 exd4
1962,1739,white,60+0,e4 d5 exd5 Qxd5 d4 Qe4+ Ne2 Nc6 c3 Bg4
1371,1383,white,300+8,e4 e5 Bc4 Nf6 f3 c6 Ne2 b5 Bb3 Bc5
1734,1969,black,60+0,d4 d5 Bf4 e6 e3 f6 Nc3 c5 Bb5+ Bd7
1662,1439,white,240+0,e4 d5 exd5 Qxd5 Nc3 Qe6+ Qe2 Qf6 d3 c6
1772,1610,black,180+0,e4 e5 Nf3 Nc6 Bc4 Bc5 b4 Nxb4 Nxe5 Nh6
1625,2013,white,360+9,e4 e5 Nf3 Nc6 Bc4 Nf6 Nc3 Nxe4 Nxe4 d5
1588,1186,white,300+0,d4 e6 e4 a6 a3 Nf6 e5 Nd5 c4 Nb6
1705,1409,white,60+0,d4 Nf6 e3 d5 c4 Bf5 Nc3 e6 h3 h6
1843,1860,white,180+0,d4 d5 c4 e6 Nc3 Nf6 Nf3 Ba3
1755,1773,black,300+2,c4 Nf6 Nc3 c5 Nf3 e6 d4 cxd4 Nxd4 Nc6
1843,1854,black,180+0,e4 c6 Nf3 d5 exd5 cxd5 d4 Nc6 c4 Nf6
1976,1729,white,60+0,e4 d5 exd5 Qxd5 d4 Qe4+ Be3 Nc6 Nd2 Qg6
1738,1494,white,240+4,e4 e6 d4 b6 Bd3 Bb7 Nf3 c5 c3 cxd4
1405,1709,white,60+0,e4 d5 Nf3 dxe4 Nd4 c5 Nb3 e6 Nc3 f5
1695,1594,black,300+7,e4 b6 Bc4 g6 Qf3 e6 Nh3 Qf6 d3 Qxf3
1219,1545,black,540+9,d4 d5 Nf3 Nc6 e3 Bg4 Be2 Nf6 O-O e6
1534,1613,white,300+2,e4 e5 Nf3 Nc6 Bb5 Bd6 Bxc6 bxc6 O-O c5
1616,1680,white,300+7,g3 d5 Bg2 Nf6 b3 c6 Bb2 e6 Nf3 Bd6
1864,1827,white,180+0,d4 d5 c4 e6 Nc3 Nf6 Nf3 Bb4 Bg5 O-O
1724,1982,black,60+0,d4 d5 Bg5 f6 e3 e6 Bh4 c5 dxc5 Bxc5
1854,1781,black,180+0,e4 c5 Nf3 d6 Nc3 e5 Bc4 Bg4 Nd5 Nf6
1586,1500,white,600+5,e4 e5 Nf3 Nc6 d3 Bc5 a3 Nf6 Bg5 Bxf2+
1617,1430,white,60+2,e4 e5 Nf3 d6 Bc4 Bg4 d4 Nc6 Bxf7+ Ke7
1207,1142,black,600+15,e4 c6 d4 b5 c4 b4 a3 a5 axb4 Na6
1765,1574,black,60+1,d3 e5 e4 Nc6 f4 exf4 Bxf4 Bc5 Nf3 Nf6
1580,1547,white,120+2,d4 Nc6 d5 Ne5 f4 Ng6 e4 e5 f5 N6e7
1687,1433,white,60+0,d4 b6 e3 Bb7 c4 c5 Nf3 cxd4 Qxd4 e6
1602,1434,white,240+0,e4 d5 exd5 Qxd5 Nc3 Qe5+ Be2 Qd6 Nf3 b6
1793,1840,white,180+0,e4 c5 Nf3 g6 d4 cxd4 Nxd4 Bg7 Nc3 Nc6
1987,1720,black,60+0,e4 d5 exd5 Qxd5 d4 Qe4+ Be3 Nc6 Nd2 Qf5
1667,1794,white,180+1,e4 e5 Bc4 Nc6 a3 Nf6 d3 d5 exd5 Nxd5
1789,1745,black,300+2,e4 c5 f4 d5 exd5 Qxd5 Nc3 Qd8 Nf3 Nc6
1888,1847,black,300+15,e4 e6 d4 d5 Nc3 Nf6 Bg5 Be7 e5 Nfd7
1591,1749,white,60+1,e4 e5 Nf3 d6 Bc4 Bg4 h3 Bh5 g4 Bg6
1827,1805,white,180+0,e4 c5 Nf3 d6 Nc3 Nc6 d4 cxd4 Nxd4 Nxd4
1692,1431,white,60+0,d4 e6 e3 d5 c4 c5 cxd5 exd5 dxc5 Bxc5
1739,1963,black,60+0,d4 d5 Bg5 f6 Bf4 e6 e3 c5 Nc3 c4
1635,1697,black,0+1,b3 d5 c4 e6 cxd5 a6 dxe6 Bxe6 Bb2 h6
1734,1606,white,60+1,d4 e5 dxe5 Nc6 Nf3 d5 exd6 cxd6 Bf4 Bg4
1599,1556,white,300+2,d4 d5 a3 e6 e3 Bd6 Nf3 Qf6 h3 Ne7
1371,1491,white,180+0,d4 e6 e4 d5 c4 dxe4 f3 exf3 Nxf3 Nf6
1570,1712,white,420+0,d4 d5 c4 e6 Nc3 Nf6 e3 c5 Nf3 Nc6
1410,1678,black,900+2,e4 c5 Bc4 e6 Nc3 Ne7 Nf3 d5 exd5 exd5
1969,1734,white,60+0,e4 d5 exd5 Qxd5 Nc3 Qe5+ Nge2 Nc6 d4 Qf6
1538,1416,white,180+0,d4 c6 e3 d5 c4 Bf5 g4 Bxb1 Rxb1 e6
1549,1047,white,120+8,e4 e5 Nf3 Bc5 d4 f6 dxe5 fxe5 Nxe5 Ne7
1874,1708,white,120+2,d4 b5 e4 a6 a4 Bb7 axb5 Bxe4 bxa6 Nxa6
1599,1741,black,60+1,e4 d5 Nf3 dxe4 Ng5 Nf6 Nc3 Bf5 Bc4 e6
1537,1590,black,120+2,e4 e5 Nf3 d6 Bc4 Bg4 Nc3 Nc6 Nxe5 Nxe5
1813,1581,white,180+0,e4 e5 Nf3 d6 d4 Bg4 dxe5 Nc6 e6 fxe6
1383,1500,white,300+8,e4 e5 Bc4 Bb4 c3 Bc5 Nf3 d6 b4 Bb6
1651,1666,black,240+0,d4 Nf6 c4 e5 d5 Bc5 Nc3 d6 e3 O-O
1319,1428,black,240+0,e4 d5 e5 e6 d4 Nc6 Bb5 Bd7 Qd3 f6
1365,1467,black,660+6,e4 e5 Nf3 Qf6 d3 Bc5 Bg5 Qg6 g3 h6
1951,1699,white,180+0,c4 e5 Nc3 Bc5 g3 d6 Bg2 Nc6 e3 Bd7
1562,1681,black,180+1,d3 g6 e3 Bg7 g3 d6 Bg2 c6 Ne2 Bd7
1586,1275,white,540+0,d4 d5 c4 dxc4 Nc3 c6 Bf4 Nd7 e3 h5
1550,1184,draw,120+8,e4 c5 Nf3 d6 d4 cxd4 Nxd4 a6 Bc4 Nc6
1742,1721,black,240+4,e4 d5 exd5 Nf6 c4 Bf5 Nc3 Na6 a3 Nc5
1795,1838,white,180+0,e4 e5 f4 d6 Nf3 Nd7 Bc4 b6 O-O Bb7
1747,1592,white,60+1,e4 e5 f4 Nc6 Nf3 exf4 d4 Nf6 e5 Nd5
1707,1421,white,60+0,d4 e6 e3 d6 c4 c6 a3 f5 Nc3 g5
1315,1372,black,1500+8,e4 e5 Nf3 d6 Bc4 Nf6 d3 c6 Bg5 h6
1820,1966,white,720+0,e4 e5 Nf3 Nc6 Bc4 Nf6 d3 Be7 O-O O-O
1413,1319,white,60+2,d4 d5 c4 e5 cxd5 Qxd5 e3 exd4 exd4 Nc6
1443,1488,black,300+10,e4 e5 Nf3 f6 Nc3 c6 d4 Bb4 Bd2 d6
1586,1754,white,60+1,e4 d5 exd5 Qxd5 Nf3 Bg4 Nc3 Bxf3 gxf3 Qf5
1593,1622,black,600+5,e4 e6 Nf3 d5 exd5 exd5 Nc3 Nf6 d4 Bd6
1239,1361,black,900+0,d4 e6 h4 d5 Bg5 f6 Bf4 Ne7 e3 h6
1417,1712,white,60+0,e4 d5 d3 dxe4 f3 exd3 Bxd3 h6 h4 a6
1555,1409,black,180+0,d4 c6 e4 d5 e5 Bf5 f4 e6 Nf3 Bb4+
1641,1489,black,240+0,d4 e6 c4 b6 Nf3 Bb7 e3 Nh6 Be2 Nf5
1569,1301,white,180+0,d4 d5 Nc3 Nf6 Bf4 Nc6 Nb5 e5 dxe5 Nh5
1729,1806,black,60+0,d4 e6 Bf4 d5 e3 Bd6 Bxd6 Qxd6 Nf3 Nf6
1490,1527,black,300+0,e3 Nc6 Be2 e5 Nf3 d5 O-O Bf5 d3 Qd7
1690,1438,black,60+0,d4 e6 e3 f6 c4 d6 Nc3 c6 a3 a5
1309,1436,black,240+0,e4 e5 Qh5 d6 Bb5+ Bd7 Qe2 c6 Bc4 Qg5
1689,1820,white,180+0,e4 e5 Bc4 Nc6 a3 Nf6 d3 Be7 h3 O-O
1359,1206,white,300+8,e4 e5 Nf3 d6 Nc3 Nf6 Bb5+ c6 Bd3 Na6
1825,1807,white,180+0,e4 c5 Nf3 d6 Nc3 Nc6 d4 Bg4 dxc5 Nf6
1816,1719,black,60+0,c4 d5 cxd5 Qxd5 Nc3 Qe5 d4 Qf6 Nf3 Nc6
1738,1602,black,60+1,d4 e5 dxe5 d6 exd6 Bxd6 Nf3 Bf5 Nc3 Nf6
1500,1666,white,300+7,e4 e5 Nf3 Nc6 Nc3 Bc5 Bc4 Nf6 d3 Ng4
1599,1500,white,120+2,d4 d5 c4 dxc4 Qa4+ c6 Qxc4 Be6 Qc2 Bd5
1919,1551,white,300+8,e4 e5 f4 Nc6 Nf3 f6 Bc4 h6 O-O Nge7
1599,1480,white,180+0,d4 e6 a3 Be7 Nc3 Nf6 Bf4 O-O Nb5 d6
1458,1670,white,60+0,e4 d5 d3 dxe4 f3 exd3 Bxd3 h6 h3 a6
1617,1723,black,60+1,e4 e5 Nf3 Nc6 Bc4 Bc5 O-O Nf6 Ng5 O-O
1600,1534,black,600+5,d4 Nc6 d5 Nb4 a3 Na6 e4 Nc5 Nc3 e5
1602,1291,white,300+0,e4 e5 Nf3 Nc6 d3 Nf6 Be2 d5 exd5 Nxd5
1800,1757,white,180+0,e4 e5 Nf3 Nc6 d4 exd4 Nxd4 Bc5 Be3 Nxd4
1734,1976,black,60+0,d4 d5 Bg5 f6 Bf4 e6 e3 c5 c3 c4
1651,1478,white,60+0,d4 e6 e3 d6 c4 c6 a3 b6 Nc3 f5
1609,1674,white,300+2,d4 d5 a3 e6 e3 c5 dxc5 Bxc5 b4 Be7
1797,1836,black,180+0,e4 e5 f4 g6 Nf3 Bg7 Bc4 d6 f5 Ne7
1626,1606,white,240+0,d4 d5 c4 c6 e3 f6 Nf3 Qc7 b4 e5
1584,1709,white,300+0,c4 f5 d4 Nf6 Nc3 e6 Bg5 Be7 Nf3 O-O
1731,1609,white,60+1,Nf3 e5 Nxe5 d6 Nf3 Nf6 h3 g6 e3 Bg7
1341,1335,black,1500+25,e4 e5 Nc3 Nc6 Nf3 h6 d4 Qf6 d5 Nd4
1471,1657,white,60+0,e4 d5 d3 dxe4 f3 exd3 Bxd3 e6 h4 c5
1813,1886,black,180+0,e4 e6 Nf3 c5 d4 cxd4 Nxd4 Nc6 Nc3 a6
1500,1473,white,360+0,e4 e6 Nf3 Be7 Nc3 b6 d4 a5 a3 Bb7
1195,1541,white,120+8,d4 Nf6 e3 e5 dxe5 Ng4 Qxg4 d6 Qd1 Bf5
1645,1141,white,180+0,d4 d5 Nc3 Nf6 Bf4 Nc6 Nb5 Bd7 Nxc7+
1632,1443,white,240+0,e4 e5 Nc3 d6 Bc4 Be6 Qe2 Bxc4 Qxc4 Nf6
1560,1422,white,1200+5,e4 Nc6 a3 e5 Nf3 d6 Bc4 Bg4 d3 Bxf3
1655,1299,white,180+0,d4 e6 a3 Qf6 e4 Nc6 e5 Qh4 Nf3 Qe4+
1549,1123,black,300+0,d4 d5 c4 Nf6 Nc3 e6 Bg5 Be7 e3 O-O
1731,1845,black,300+0,e4 Nf6 e5 Nd5 d4 d6 c4 Nb6 Nf3 Bg4
1639,1489,white,60+0,d4 e6 e3 d6 c4 c6 Nc3 a5 a3 f5
1602,1738,black,60+1,e4 c6 Nf3 d5 exd5 cxd5 d4 Bg4 Bd3 e6
1739,1634,black,900+8,d4 e6 e4 Nf6 e5 Ne4 Qf3 d5 exd6 Nxd6
1846,1788,white,180+0,e4 c5 Nf3 d5 exd5 Qxd5 d4 cxd4 Qxd4 Qxd4
1636,1412,black,240+0,d4 d5 c4 c6 e3 Nd7 Nf3 f6 a4 e5
1872,1720,black,300+15,e4 d5 exd5 Nf6 d4 Qxd5 Nf3 c6 Nc3 Qa5
1578,1571,white,120+0,f4 e6 d4 d6 e3 Nc6 c3 e5 g3 exd4
1605,1678,white,300+0,e4 e5 Nf3 Nc6 d3 Nf6 Be2 d5 exd5 Nxd5
1646,1488,white,120+0,d4 d5 e3 e6 c4 Bd6 c5 Be7 h3 b6
1537,1432,black,600+7,e4 e5 Nf3 Bd6 d4 f6 d5 a6 Be2 b5
1917,1801,white,180+0,e4 e5 Nc3 Nf6 Bc4 Be7 f4 d6 Nf3 O-O
1745,1595,draw,60+1,d4 d5 c4 dxc4 Nc3 Bf5 e4 Bg6 Bxc4 e6
1425,1539,white,180+0,f3 e6 c3 b6 d4 Bb7 e4 d6 g4 Nd7
1590,1424,white,120+0,d4 d5 f4 e6 e3 f5 Bd3 g6 Qe2 Bd7
1779,1855,black,180+0,e4 e5 f4 exf4 Nf3 g6 Bc4 Bg7 d4 Ne7
1558,1415,white,0+1,d4 e6 e3 Be7 Nf3 Nf6 Bd3 O-O Nc3 b6
1295,1662,white,360+0,e4 e5 Bb5 c6 Bc4 d5 exd5 cxd5 Bb5+ Bd7
1500,1437,black,240+0,e4 d5 e5 e6 d4 Nc6 Bb5 g6 Nf3 Bb4+
1566,1405,white,0+1,e3 e6 d3 Be7 Nf3 Nf6 Be2 O-O O-O b6
1578,1654,white,0+1,e4 d5 exd5 e6 dxe6 Bxe6 Nf3 a6 Bd3 c5
1294,1400,white,600+0,d4 d5 Bf4 c6 Nf3 Bg4 b4 Bxf3 exf3 e6
1465,1355,white,300+0,e3 d5 Be2 Nf6 d4 e6 Nc3 Bb4 Bd2 O-O
1864,1771,black,180+0,e4 c5 Nf3 d6 Nc3 Bg4 d4 cxd4 Qxd4 Bxf3
1661,1852,white,300+0,d4 Nf6 c4 c5 Nf3 cxd4 Nxd4 d5 e3 Nc6
1640,1482,white,60+0,d4 e6 e3 f6 Nc3 d5 a3 a5 Nce2 b5
1723,1563,white,240+4,e4 d5 exd5 Nf6 c4 c6 dxc6 Nxc6 Nf3 Bf5
1372,1567,black,1200+5,e4 d6 d4 h6 d5 a6 Nf3 Nf6 Nfd2 Nh7
1620,1595,white,240+0,d4 d5 c4 c6 e3 a6 a4 b6 b4 Nd7
1626,1426,black,0+1,b3 Nc6 c4 e5 Bb2 d6 e4 Bf5 d3 Bg4
1392,1140,white,300+8,e4 c6 d4 b5 a4 Qa5+ c3 b4 Bd2 e5
1160,1190,black,600+15,e3 d5 d4 f6 f4 g5 Qh5+ Kd7 fxg5 Qe8
1646,1961,black,240+1,d4 Nf6 c4 g6 Nc3 d5 cxd5 Nxd5 e4 Nxc3
1599,1741,black,60+1,e4 d5 exd5 Nf6 Nf3 Nxd5 d4 Bg4 h3 Bh5
1784,1850,white,180+0,e4 e5 f4 exf4 Nf3 g6 Bc4 Bg7 d4 Ne7
1475,1647,white,60+0,e4 d5 d3 dxe4 f3 exd3 Bxd3 e6 h4 c5
1500,1368,white,180+0,d4 e5 d5 c6 e4 cxd5 exd5 e4 Qg4 d6
1792,1813,white,180+0,e4 e6 Nf3 c5 d4 cxd4 Nxd4 Nc6 Be3 Nxd4
1501,1481,black,120+0,f4 d5 Nf3 e6 d3 Nc6 Be3 Bd6 Qd2 Bd7
1522,1257,black,600+7,e4 e5 Nf3 Nc6 d4 d6 d5 Na5 Bd2 b6
1630,1493,black,60+0,d4 d6 e3 e6 c4 f6 Nc3 c6 a3 b6
1748,1592,white,60+1,c4 e5 Nc3 Nc6 d3 Bc5 g3 d6 Bg2 Bg4
1681,1500,white,420+5,e4 e5 Nf3 Nf6 Nxe5 d6 Nf3 d5 e5 Ne4
1625,1500,white,180+0,d4 d5 Nc3 c6 e4 Nf6 e5 Ne4 Nce2 f6
1403,1315,white,360+0,e4 e5 Nf3 d6 Nc3 Bg4 Be2 Bxf3 Bxf3 Ne7
1489,1493,white,120+0,e4 c6 Bc4 e6 Nf3 d5 exd5 cxd5 Bb3 Nf6
1653,1800,white,0+1,e4 e6 d3 c5 f4 Nc6 Nf3 d5 Be2 dxe4
1609,1613,black,0+1,b3 d5 c3 e6 Bb2 a6 d4 h6 e3 Nf6
1247,1376,white,300+0,e4 d5 exd5 Qxd5 Nf3 Nc6 Nc3 Qd7 d4 Nf6
1837,1796,black,180+0,e4 c5 Nf3 d6 Nc3 Bg4 Be2 Bxf3 Bxf3 Nc6
1288,1456,white,240+0,e4 d5 exd5 Qxd5 Nc3 Qe6+ Qe2 Qd6 Nf3 Bg4
1586,1754,black,60+1,e4 c6 Nf3 d5 exd5 cxd5 d4 Bg4 Bd3 e6
1800,1807,white,180+0,e4 e5 Nf3 Nc6 Bb5 d6 Bxc6+ bxc6 h3 Nf6
1213,1366,black,600+3,d4 e6 Nf3 Bb4+ c3 Ba5 b4 Bb6 a4 a5
1625,1597,black,0+1,d4 g6 e3 f6 c4 Bg7 Nc3 d6 h3 e6
1837,1964,black,240+1,c4 Nf6 Nc3 d5 cxd5 Nxd5 e4 Nxc3 bxc3 g6
1523,1472,white,180+0,d3 e6 e3 Be7 Qe2 d6 f3 b6 h3 Bb7
1264,1470,black,300+0,e4 e5 Nf3 Nc6 d4 exd4 Nxd4 Ne5 Nc3 d6
1760,1580,white,60+1,d4 d5 Bg5 Nc6 h4 h6 Bf4 Nf6 e3 e6
1612,1500,white,60+0,d3 e5 d4 Bd6 e3 Qf6 dxe5 Bxe5 Nf3 Bd6
1685,1597,black,420+5,e4 c6 Nf3 d5 exd5 cxd5 d4 Nf6 Ne5 Nc6
1445,1780,black,0+1,e4 e6 Nf3 c5 d4 Nc6 dxc5 Bxc5 e5 Qc7
1886,1931,black,720+0,d4 Nf6 Nf3 d5 e3 e6 c4 c6 a3 Be7
1780,1445,white,0+1,e4 Nc6 Nc3 e5 d4 Bb4 d5 Bxc3+ bxc3 Nce7
1442,1784,black,0+1,e4 e6 Nf3 c5 d4 cxd4 Nxd4 Nc6 Bf4 Nf6
1395,1500,white,900+15,e4 d5 exd5 Qxd5 Qf3 Qxf3 gxf3 e6 d4 f5
1618,1442,white,60+0,d4 Nc6 e3 d5 c4 e6 c5 b5 cxb6 cxb6
1627,1696,black,420+0,e4 e6 d4 d5 Nc3 Nf6 e5 Nfd7 f4 c5
1784,2140,draw,0+1,e4 e6 Nc3 b6 d4 c5 Bd3 Bb7 dxc5 bxc5
1886,1951,black,180+2,d4 Nf6 c4 g6 Nf3 Bg7 Nc3 O-O e4 d6
1405,1662,white,300+8,d4 g6 e3 Bg7 h3 d6 a3 e6 Nc3 Ne7
1793,1285,white,600+10,e4 e5 Nf3 Nc6 Bc4 d6 d3 f5 exf5 Bxf5
1386,1331,white,600+0,e4 e5 Bc4 Nf6 d3 d5 exd5 Nxd5 Bxd5 Qxd5
1808,1825,white,180+0,e4 c5 Nf3 g6 d4 d6 dxc5 dxc5 Qxd8+ Kxd8
1481,1395,black,120+1,c4 e6 Nc3 Be7 d4 d5 c5 c6 Nf3 Nf6
1411,1441,white,240+0,d4 d5 Bf4 e6 Nc3 Bb4 e3 Ba5 Bd3 Nc6
1638,1793,black,180+0,e4 e5 Bc4 Nc6 Nf3 Nf6 d4 Nxd4 O-O d6
1397,1133,white,300+8,e4 d6 d4 Nf6 f3 d5 e5 Nh5 g4 e6
1435,1625,black,60+0,e4 d5 Nf3 dxe4 Nd4 c5 Nb3 e6 Bb5+ Bd7
1424,1105,white,240+0,e4 c5 Nf3 e5 c3 Nc6 Bb5 a6 Bxc6 dxc6
1512,1548,white,240+5,e4 e5 Nf3 Nc6 Bb5 d6 Bxc6+ bxc6 d3 Nf6
1502,1349,black,1800+0,e4 d5 e5 g6 d4 Bg7 h3 f6
1444,1342,white,300+5,d4 d5 Nf3 e6 c4 c5 cxd5 exd5 a3 Nc6
1715,1420,white,180+0,d4 d5 Nc3 Nf6 Bf4 e6 Nb5 Bd6 Qd2 a6
1631,1429,white,60+0,d4 Nc6 e3 e5 c4 exd4 exd4 Nce7 Qe2 Nf6
2131,1796,white,0+1,d4 e6 Nf3 Nf6 e3 c6 b3 d5 Bb2 Nbd7
1525,1440,white,180+0,e4 c6 d4 d5 e5 Bf5 f4 e6 g4 Be4
1291,1384,black,300+3,e4 c6 d4 b5 e5 e6 Bf4 Bb4+ c3 Bf8
1971,1830,white,240+1,e4 Nf6 Nc3 d5 e5 d4 exf6 dxc3 fxg7 cxd2+
1880,1766,white,240+4,d4 d5 c4 Nf6 Nc3 e6 Nf3 Bb4 e3 c5
1225,1397,black,300+5,e4 e5 Bc4 Bc5 Qh5 Qf6 Nf3 d6 Nc3 c6
1423,1637,black,60+0,e4 d5 Nf3 dxe4 Ng1 Bf5 Bc4 e6 Nc3 a6
1424,1483,white,180+0,c4 e5 Nc3 Nf6 g3 Nc6 Bg2 Bb4 Nd5 Nxd5
1588,1622,black,300+2,e4 e5 d3 h6 h3 Nc6 Nf3 Bd6 Be2 Nce7
1258,1506,black,240+0,e4 e6 Nf3 b6 d4 Bb7 Nc3 Bb4 Bd2 c5
1562,1509,white,120+0,e4 e5 Nf3 Qe7 Nc3 d6 d4 Bg4 dxe5 dxe5
1909,1667,white,300+13,e4 Nf6 Nc3 e5 Nf3 Nc6 Bc4 Bb4 d3 O-O
1642,1417,white,60+0,d4 Nf6 e3 d5 c4 c6 h3 Bf5 c5 e6
1518,1401,black,480+5,e4 c6 d4 d5 e5 Bf5 Nf3 e6 a3 a6
1533,1431,black,180+0,e4 c6 g3 d5 Bg2 b5 exd5 cxd5 Ne2 e6
1819,1919,black,180+0,e4 d5 exd5 Nf6 Nc3 Bg4 Be2 Bxe2 Qxe2 Nxd5
1326,1146,black,1500+25,e4 a6 d4 b6 e5 b5 b4 d5 Nc3 e6
1572,1573,black,120+0,e4 e6 Nf3 d6 d4 Nf6 Nc3 Be7 Bg5 O-O
1181,1532,white,300+5,e4 c6 Bc4 e6 d3 d5 Bb3 Bd6 Nc3 Ne7
1577,1375,white,600+8,g3 c6 Bg2 d5 d4 Nf6 Nf3 Ne4 Ne5 Nd7
1834,1636,black,720+0,e4 d6 Nf3 g6 Bc4 Bg7 d3 Nf6 O-O e5
1246,1649,white,600+10,d4 g6 e4 Bg7 f4 e6 b3 c5 Bb2 cxd4
1631,1575,white,300+2,d4 d5 a3 e6 e3 c6 c4 h6 b4 Nf6
2009,1958,white,60+0,d4 d5 c4 e6 Nc3 c6 Nf3 dxc4 e4 b5
1525,1656,black,240+5,e4 e5 Nf3 Nc6 Bb5 d6 Bxc6+ bxc6 d3 Bg4
1648,1439,white,60+0,d4 d5 e3 Nc6 c4 Bf5 cxd5 Qxd5 g4 Bd7
1952,1876,black,720+0,d4 d5 c4 Nf6 Nf3 e6 Nc3 c5 e3 Nc6
1509,1633,black,600+7,e4 e5 Nf3 d6 d4 Bg4 d5 Bxf3 Qxf3 Qf6
1269,1627,black,720+10,Nf3 Nf6 h4 Nc6 g3 e5 Nc3 e4
1672,1840,black,420+5,e4 e5 Nf3 Nc6 d4 exd4 Nxd4 d6 Nxc6 bxc6
2045,2031,white,180+0,c4 e6 g3 d5 Bg2 dxc4 Nf3 Nf6 Qc2 Bc5
1431,1653,black,60+0,e4 d5 exd5 Qxd5 Nc3 Qa5 d4 a6 Bd2 Qb6
1401,1475,black,300+8,e4 e5 Bc4 Bc5 Nf3 Qf6 O-O Qg6 Nxe5 Qxe4
1915,1657,white,300+13,e4 e6 Nf3 Be7 Nc3 Nf6 Bc4 d6 d3 O-O
1545,1666,white,900+3,e4 e5 Nf3 Nc6 c3 Nf6 d4 d6 Bg5 Be7
1594,1429,white,240+0,e4 d5 exd5 Qxd5 Nc3 Qe6+ Qe2 Qb6 Nd5 Qd6
1604,1642,black,300+8,d4 g6 Nf3 Bg7 e3 d6 b3 e6 Bb2 Ne7
1560,1571,white,120+0,e4 d5 exd5 Nf6 d6 Qxd6 Nc3 c6 Nf3 g6
1659,1561,white,120+0,d4 d5 e3 Nc6 c4 e6 cxd5 exd5 h3 Nf6
1586,1427,white,60+0,d4 e6 e3 f5 Nf3 Nf6 Bc4 Be7 O-O O-O
1439,1348,black,300+0,e4 e5 f4 exf4 Nf3 Bc5 Bc4 h6 d4 Bb6
1455,1494,black,300+0,d4 d5 c4 e6 cxd5 exd5 Nc3 Nf6 Nf3 Nc6
1500,1525,draw,60+0,e4 c5 Bc4 d6 Nf3 Nf6 O-O a6 d3 b5
1857,1424,white,300+15,e4 c5 Nf3 d6 c3 a6 d4 cxd4 cxd4 h6
1610,1373,white,600+3,e4 e6 d4 Nc6 Nf3 Bb4+ Bd2 Bxd2+ Qxd2 d5
1792,1593,black,0+1,e4 e6 Nc3 d6 d4 Nc6 Bd3 Bd7 Be3 Nf6
1705,1643,black,420+0,d4 e6 c4 c6 e4 d5 e5 f6 f4 Bb4+
2010,2055,white,180+0,d4 Nf6 c4 g6 Nc3 Bg7 e4 d6 f3 O-O
1696,1611,black,60+0,e4 e6 Bb5 Nf6 d3 a6 Ba4 b5 Bb3 Bb4+
1572,1668,white,120+0,e4 d5 exd5 Qxd5 Nc3 Qa5 d4 a6 Bd2 Qb6
1563,1779,white,300+0,e4 e5 d3 Bc5 h3 d5 Nd2 Nf6 Ngf3 dxe4
1503,1415,black,300+3,e4 e5 Nf3 d6 Bc4 h6 O-O Qe7 c3 Be6
1887,1702,white,120+2,d4 b5 e4 Bb7 f3 a6 Be3 e6 a4 b4
1512,1500,white,60+0,e4 e5 Bc4 Nc6 Qh5 g6 Qf3 Nf6 Qb3 d5
1645,1660,white,900+3,d4 Nf6 c4 g6 Nf3 Bg7 Nc3 d5 e3 O-O
1507,1334,white,300+5,d4 d5 c4 c6 Nc3 e6 e3 Nf6 Nf3 c5
1626,1683,black,60+0,d3 d5 d4 Bg4 f3 Bh5 e3 Bg6 Bd3 Bxd3
1501,1713,white,600+7,e4 e5 Nf3 Nc6 d4 exd4 Nxd4 Ne5 Bf4 d6
1248,1391,white,300+3,e4 c6 Bc4 b5 Bb3 c5 c4 Ba6 cxb5 Bxb5
1653,1769,black,0+1,d4 e6 e3 d5 c4 c5 Nc3 cxd4 Qxd4 dxc4
1710,1765,white,480+0,e4 e6 e5 c6 d4 Ne7 f4 Nf5 c3 b5
1607,1512,white,60+0,e4 d5 Bb5+ c6 Bd3 dxe4 Bxe4 e6 Qf3 f5
1587,1568,black,120+0,e4 e5 Nf3 Nc6 Bc4 h6 O-O Nf6 Nc3 d6
1321,1376,black,300+3,e4 c6 Bc4 b5 Bb3 e6 c4 Ba6 d3 bxc4
1846,1666,black,420+5,e4 e5 Nf3 d6 Bc4 h6 Nc3 c6 O-O Qf6
1505,1508,black,480+5,e4 e5 Nf3 Nc6 c3 Bc5 d4 exd4 cxd4 Bb6
1450,1533,white,300+0,c4 e5 d3 Bb4+ Bd2 Nc6 Nc3 Nf6 e3 O-O
1779,1644,white,0+1,e4 d5 Nc3 d4 Nce2 e5 Ng3 Bd6 Bc4 Be6
1692,1616,black,60+0,e4 e6 Bb5 c6 Ba4 d5 Bb3 Nf6 exd5 cxd5
1954,1700,white,240+0,d4 d5 Bf4 e6 e3 Nf6 a3 Nc6 c4 dxc4
1445,1423,white,300+0,d4 d5 c4 e6 cxd5 Qxd5 Nc3 Qa5 Bd2 Qb6
1637,1412,white,60+0,d4 Nc6 e3 e6 c4 d5 Nc3 Bb4 cxd5 Bxc3+
1533,1528,black,300+0,e4 d5 exd5 Qxd5 Nf3 Nf6 Nc3 Qa5 d3 c5
1631,1679,black,60+0,d4 d5 e3 Bf5 Nf3 e6 Bd3 Bb4+ c3 Bxd3
1890,1925,black,720+0,d4 Nf6 c4 e5 dxe5 Ng4 Nf3 Bc5 e3 Nc6
1618,1659,white,300+0,d4 d5 Bf4 c6 Nc3 Nf6 Nf3 Nbd7 g3 Nh5
1861,1774,black,1800+0,e4 c5 Nf3 Nc6 Nc3 e6 Bc4 Nf6 O-O d5
1382,1485,black,600+10,Nf3 Nf6 e3 g6 Bc4 d5 Bb3 Bg7 d4 O-O
1392,1380,white,300+8,e4 e5 Bc4 Nf6 f3 d5 exd5 Nxd5 Qe2 Nf4
1406,1642,black,60+0,e4 d5 Nf3 dxe4 Ng1 Bf5 f4 h6 Bc4 e6
1612,1653,black,600+10,e4 e6 Nf3 d5 exd5 exd5 Nc3 Nf6 d4 Be7
1948,2019,black,60+0,c3 d5 d4 Nf6 e3 Bf5 Bd3 e6 Bxf5 exf5
1942,1696,draw,120+2,e4 a6 Nc3 b5 d4 Bb7 Be3 b4 Nd5 e6
1505,1621,white,60+0,d4 e6 e3 d6 f3 Nf6 Bd3 Be7 Be4 O-O
1517,1553,black,240+5,e4 e5 Nf3 Nf6 Nc3 d5 exd5 Nxd5 Nxd5 Qxd5
1762,1585,white,300+0,e4 e5 Nf3 d6 d4 Nd7 dxe5 dxe5 Bc4 h6
1688,1789,black,60+0,e4 e6 Bb5 c6 Ba4 d5 exd5 exd5 d3 Bd7
1245,1447,white,300+2,b4 e5 Bb2 Nc6 b5 Nd4 e3 Nxb5 Bxb5 c6
1647,1401,white,60+0,d4 d5 e3 c6 c4 Bf5 c5 f6 g4 Bg6
2134,1940,white,60+0,d4 Nf6 Nf3 d5 e3 Bg4 b3 Bxf3 Qxf3 Nbd7
1680,1728,white,60+0,e4 b6 Bb5 Bb7 d3 a6 Ba4 c5 Bb3 a5
1696,1959,black,240+0,e4 c5 Nf3 e6 d4 b6 Bc4 Bb7 Nc3 Nc6
1934,2141,black,60+0,f4 e6 Nf3 Nc6 e3 d5 b3 f5 Bb2 Nf6
1396,1652,white,60+0,e4 d5 e5 e6 f4 a6 g3 c5 Nf3 Nc6
1630,1631,black,240+0,d4 d5 c4 Be6 e3 dxc4 Qa4+ Nc6 Bxc4 Nf6
1494,1594,black,480+5,e4 e6 d4 d5 e5 c5 Nf3 cxd4 Nxd4 Nc6
1247,1539,white,300+0,e4 d5 exd5 Qxd5 Nc3 Qa5 Nf3 c5 d4 Nf6
1500,1362,white,300+2,e4 e5 Nf3 Qf6 Bc4 Bc5 O-O d6 d3 Bg4
1922,1168,white,300+8,e4 e6 d4 g6 Bc4 a6 Nf3 b5 Bb3 Nc6
2147,1929,white,60+0,d4 f5 Nf3 Nf6 e3 g6 b3 Bg7 Bb2 O-O
1427,1536,black,240+0,e4 e5 Nf3 Nc6 c3 Bc5 Bb5 Nge7 Bxc6 Nxc6
1632,1416,white,60+0,d4 Nc6 e3 d5 c4 dxc4 Nc3 Bf5 Bxc4 e6
1528,1633,black,300+0,d4 d5 c4 dxc4 Nc3 Be6 e4 c6 d5 cxd5
1522,1464,black,360+0,d4 d5 Nc3 Qd6 Nf3 Bg4 Ne5 Bf5 e3 f6
1661,1501,black,600+10,f4 e6 Nf3 d5 e3 Nf6 b3 Nc6 Bb2 Be7
1759,1692,white,420+0,d4 e6 c4 d5 cxd5 exd5 Nc3 Nf6 Bg5 Be7
1859,1630,white,300+15,e4 Nf6 e5 Ng8 d4 d6 f4 e6 Nf3 Nc6
1282,1768,white,360+0,e4 e5 Bc4 Nf6 Nf3 Nxe4 Nxe5 d5 Qe2 Be7
1519,1379,white,60+0,d4 d6 e3 Nf6 f3 e6 g4 Bd7 g5 Ng8
1692,1666,black,240+0,e4 c5 Nf3 d6 Bb5+ Bd7 Nc3 Bxb5 Nxb5 a6
1410,1638,black,60+0,e4 d5 e5 e6 f4 a6 g3 c5 Nf3 Nc6
1944,1880,white,720+0,e4 c5 Nf3 e6 d4 cxd4 Nxd4 a6 Nc3 Bb4
1799,1518,white,120+1,e4 c5 Nc3 b6 f4 Bb7 Nf3 Nc6 d3 g6
1537,1543,white,300+0,b3 d5 d4 Nc6 Bb2 Bf5 h4 e6 f3 h6
1920,1270,white,300+13,e4 e5 Nf3 Nc6 Nc3 Bc5 Bc4 d6 h3 f6
1666,1924,white,60+1,Nf3 d5 g3 c6 Bg2 Bg4 O-O Nd7 h3 Bxf3
1643,1405,white,60+0,d4 d5 e3 Nc6 c4 Bf5 cxd5 Qxd5 Qf3 Qxf3
1430,1263,white,300+2,e4 e5 Nf3 Nc6 Bc4 Nf6 Ng5 Bc5 Nxf7 Bxf2+
1526,1500,white,60+0,d4 d5 e3 e6 f4 Nc6 Bd3 Nf6 Nf3 Ne4
1488,1426,white,600+8,e4 e5 d4 Nf6 Bc4 Nxe4 dxe5 Bc5 Be3 Bxe3
1691,1893,black,240+0,e4 c6 Nf3 d5 exd5 cxd5 d4 Nc6 Nc3 Nf6
1403,1369,white,300+8,e4 e5 Bc4 c6 Qf3 Nh6 d3 f6 Qh5+ g6
1353,1534,white,60+1,d4 d5 e3 e6 f4 Be7 Nf3 Bf6 Be2 b6
1605,1642,white,60+0,d4 e5 d5 c6 e4 Nf6 c4 Qa5+ Nc3 cxd5
1582,1874,black,600+5,e4 e6 Nf3 Nc6 d3 Bc5 a3 b6 Be2 Bb7
1221,1642,black,120+5,d4 d5 e3 Nc6 h3 Bf5 a3 e5 dxe5 Nxe5
1921,1549,white,300+13,e4 Nc6 Nf3 e5 Nc3 Bb4 Bc4 h6 a3 a6
1922,1643,white,300+0,e4 d5 Nc3 d4 Nce2 Nc6 Ng3 Nf6 Bc4 Bg4
1748,1240,white,1800+30,e4 e5 Nf3 Nf6 Nc3 Nc6 Bc4 d6 Ng5 d5
1507,1498,white,240+5,e4 e6 d4 d5 e5 c5 Be3 Nc6 Nf3 Qb6
1266,1357,white,720+10,d4 d5 b3 Nc6 Nc3 e6 Bb2 Bd7 e4 Bb4
1419,1563,black,240+0,e4 e5 Nf3 Nf6 Nc3 d5 exd5 Nxd5 Nxd5 Qxd5
1413,1829,black,300+8,e4 e5 Bc4 Nc6 Qf3 Nf6 c3 Be7 Ne2 O-O
1463,1544,black,300+0,e3 e5 Be2 Bc5 Nc3 d6 Nf3 a6 Ne4 Ba7
1484,1358,white,480+8,e4 e5 Qh5 Nf6 Qxe5+ Be7 Bc4 d6 Qg3 c6
1779,1873,white,600+8,d4 Nf6 c4 c5 d5 e6 dxe6 dxe6 Qxd8+ Kxd8
1521,1312,white,300+0,e4 e5 Nf3 d5 exd5 Qxd5 d3 e4 Nfd2 e3
1963,1678,white,240+0,d4 d5 Bf4 e6 e3 Bd6 Bg3 Bxg3 hxg3 Nf6
1372,1369,white,60+1,d4 d5 e3 e6 f4 c5 Nf3 cxd4 Nxd4 Nc6
1535,1477,white,360+0,g4 e5 g5 d6 Nc3 Qxg5 d4 Qf5 dxe5 Qxe5
1167,1922,black,300+8,c4 c5 d4 Nc6 d5 Ne5 f4 Nxc4 d6 Nxd6
1436,1345,white,240+0,e4 e5 Nf3 d6 Bc4 Nf6 Ng5 Be6 Bxe6 fxe6
1618,1185,white,300+2,e4 e5 Nf3 d6 Bc4 Nf6 d3 Be7 Nc3 O-O
1747,1368,white,360+0,e4 e5 Nf3 Bc5 d4 exd4 Nxd4 Qh4 Nc3 Nf6
1517,1688,black,60+0,d4 d5 e3 Nc6 f4 Bf5 Nf3 Nf6 Bd3 Bg6
1358,1384,black,60+1,e4 e5 Nf3 d6 Bc4 Be6 d4 Bxc4 dxe5 d5
1730,1927,black,180+0,d4 Nf6 Nc3 b6 e4 d6 f4 c5 e5 dxe5
1500,1400,black,120+0,e4 Nc6 f4 e5 f5 Qh4+ Ke2 Qxe4+ Kf2 Bc5+
1615,1575,white,60+0,d4 d5 e3 Nf6 Nf3 Bg4 Bd3 Nc6 Be2 e6
1264,1136,white,300+8,e4 e5 Bc4 Qh4 Nc3 Bc5 g3 Qf6 Nf3 Nh6
1709,1514,white,120+1,d4 d5 e4 e6 Nc3 dxe4 f3 exf3 Nxf3 Bb4
1923,1167,white,300+8,e4 e6 f4 c6 Nf3 g6 Bc4 b5 Bb3 a5
1655,1696,black,300+7,e4 e5 Bc4 Nf6 d3 Bc5 Bg5 Bd6 Nc3 Bb4
1396,1348,white,60+1,d4 d5 e3 e6 f4 c5 Nf3 cxd4 Nxd4 Nf6
1351,1491,white,480+8,e4 e5 Nf3 Qf6 Bc4 Bc5 d3 Qg6 g3 d6
1342,1360,white,660+6,e4 e6 Nc3 Nf6 d3 d5 f3 Bb4 Bd2 d4
1180,1804,black,0+1,d4 e6 e3 c5 Nf3 cxd4 Nxd4 Nc6 Nxc6 bxc6
1454,1519,white,300+0,e3 e5 Be2 d5 Bg4 Bxg4 Qxg4 Nf6 Qe2 Nc6
1358,1750,black,360+0,e4 e5 Bc4 Nf6 Nf3 Nxe4 Nxe5 d5 Qe2 Be7
1394,1490,white,300+0,e4 e5 Qh5 Nc6 Bc4 Qe7 Nf3 Nf6 Qg5 h6
1518,1494,black,240+5,e4 e5 Nf3 Nc6 Bb5 a6 Bxc6 dxc6 d3 Bc5
1640,1500,black,300+2,d4 e6 a3 d5 e3 Nf6 Nf3 c5 dxc5 Bxc5
1805,1180,white,0+1,e4 c5 Nc3 d6 Bc4 Nc6 d3 e5 f4 a6
1545,1674,white,240+0,g4 f6 g5 d6 d4 Bf5 Nc3 e5 e4 Bg6
1410,1268,white,120+0,e4 d5 Nf3 dxe4 Ng1 f5 Bc4 c6 Nc3 b5
1282,1320,black,720+10,d4 d5 b3 Nf6 Bb2 Nc6 Nc3 g6 e4 Nxe4
1898,1755,black,180+0,d4 d5 c4 c6 Nc3 Bf5 cxd5 Nf6 dxc6 Nxc6
1463,1752,black,300+1,d4 e6 c4 d5 Nc3 Bb4 e3 Nf6 Bd2 O-O
1561,1475,black,180+0,d4 d5 e3 Bf5 f4 Nf6 Nf3 Nbd7 c4 e6
1933,1702,white,120+2,Nf3 a6 g3 b5 Bg2 Bb7 O-O c5 d3 e6
1831,1411,white,300+8,e4 e5 Nf3 d6 Bc4 Nf6 Ng5 d5 exd5 h6
1075,1806,black,0+1,d4 e6 Nc3 Nf6 Nf3 d5
1806,1075,white,0+1,e4 e5 Nc3 Be7 f4 Nc6 fxe5
1166,1923,black,300+8,c3 d5 d4 c5 dxc5 Nc6 b4 a6 a4 Bf5
1072,1806,black,0+1,f4 e6 h3 Nf6 g3 d5 h4 Bd6 g4 c5
1768,1963,white,300+0,d4 e6 c4 b6 Nf3 Bb7 Nc3 Bb4 Qc2 f5
1968,1586,white,240+0,d4 d5 Bf4 e6 e3 Nf6 a3 Nc6 c4 b6
1756,1807,white,0+1,e4 e6 f4 c5 Nf3 Nc6 Bc4 d5 exd5 exd5
1070,1417,black,120+0,d4 Nf6 Nc3 d5 e4 dxe4 Nxe4 Nxe4 Nf3 Qd5
1410,1547,black,300+0,e3 d5 Qh5 e6 Bd3 Nf6 Qf3 Bd6 e4 e5
1924,1166,white,300+8,e4 e6 f4 Nc6 Nf3 Nf6 Bd3 d5 O-O dxe4
1866,1500,white,300+15,e4 e5 Nf3 Nc6 Bc4 Nf6 Ng5 d5 exd5 Nxd5
1644,1677,white,300+2,e4 c5 Nf3 e6 d4 cxd4 Nxd4 a6 Be3 b5
1262,1362,black,240+6,d3 e5 c3 b6 Nf3 Bd6 e4 h6 Be3 Nf6
1485,1645,black,600+0,d4 Nf6 d5 d6 c4 e5 dxe6 fxe6 Nf3 e5
1625,1737,white,600+0,e4 c5 Nf3 Nc6 c3 d5 e5 d4 cxd4 Nxd4
1720,2002,white,600+5,d4 Nf6 c4 g6 Nc3 Bg7 e4 d6 f4 O-O
1038,1446,black,180+0,d4 c6 Bf4 d5 Nc3 Bf5 Nf3 e6 h4 Nf6
1790,1769,black,0+1,e4 e6 Nc3 c5 f4 Nc6 Nf3 d5 exd5 exd5
1696,1791,black,600+8,e4 e6 Nf3 d5 exd5 exd5 Qe2+ Be7 d3 Nf6
1771,1883,black,180+0,e4 c6 d4 d5 Nc3 dxe4 Nxe4 Bf5 Ng3 Bg6
1659,1560,white,240+0,d3 g5 e4 g4 Nc3 Nc6 Be3 a6 a3 Ne5
1924,1233,white,300+13,e4 c5 Nf3 Nc6 Nc3 d6 Bc4 Nf6 d3 e6
1933,1698,white,120+2,e4 a6 Nc3 b5 d4 Bb7 Bd3 Nf6 f3 e6
1420,1056,white,120+0,e4 e5 Nf3 Nc6 Bc4 Bc5 a3 a6 h3 Ba7
1413,1452,white,240+1,e4 e5 Nf3 d6 Bc4 a6 d4 exd4 Nxd4 Qf6
1506,1505,white,240+5,e4 c6 d4 d5 exd5 cxd5 Bb5+ Bd7 Qe2 a6
1584,1570,black,120+2,d4 d5 e4 c6 exd5 cxd5 Nc3 e6 Nf3 Nf6
1685,1692,white,60+0,Nf3 d5 g3 Bg4 Bg2 e6 h3 Bxf3 exf3 Bb4
1929,1757,white,300+1,e4 e6 Nf3 d5 Nc3 d4 Ne2 c5 d3 Nc6
1596,1415,white,120+0,f4 e6 d4 Be7 e3 Nf6 Bd3 O-O Qe2 d6
1706,1644,black,300+7,f4 d6 Nf3 Bg4 e3 e5 h3 Bxf3 Qxf3 exf4
1715,1772,black,900+0,Nf3 Nc6 c4 e5 Nc3 Nf6 d4 exd4 Nxd4 Ne5
1044,1423,black,120+0,e4 Nc6 Nc3 e5 d3 Bb4 Nf3 d6 Bd2 Bg4
1822,1788,white,600+2,c4 e5 Nc3 f5 d3 Nf6 Nf3 d6 g3 Be7
1247,1424,black,240+6,d3 d5 c3 Bd7 Nf3 Nc6 Nbd2 h6 e4 d4
1869,1422,black,300+15,e4 c5 Nf3 d6 c3 e5 d4 cxd4 cxd4 Nc6
1431,1461,white,180+5,e4 c5 c4 e5 Nf3 Nc6 Nc3 Nf6 Bd3 d6
1552,1638,black,300+0,g4 d5 g5 Nc6 a3 Bf5 d4 e5 e3 e4
1602,1091,white,120+0,f4 Nc6 d4 e6 e3 d6 c3 Nf6 g3 Be7
1681,1783,black,60+0,e4 c5 Bb5 Nc6 Bxc6 bxc6 d3 d6 Bg5 g6
1467,1500,white,300+0,e3 e5 Be2 Nf6 Nf3 Nc6 d3 d5 O-O Bd6
1399,1426,black,120+0,c4 Nf6 Nc3 Nc6 d4 e5 d5 Nd4 Bg5 Bb4
1644,1437,white,300+2,e4 d6 d4 c6 c4 e6 Nc3 Bd7 Nf3 g6
1415,1082,white,300+0,Nf3 e5 e3 Nf6 Nxe5 Qe7 d4 Ne4 Bc4 Qf6
1800,1619,white,600+8,d4 g6 c4 Bg7 e4 e6 Nf3 c6 Nc3 d5
1372,1574,black,60+3,e4 e5 Nf3 Nc6 d3 Bc5 Nc3 d6 Nd5 Bg4
1572,1581,black,120+2,d4 d5 e4 c6 Nc3 Nf6 Nf3 dxe4 Nh4 Bg4
1456,1209,white,300+0,d4 e6 c4 Bb4+ Bd2 Bf8 Nf3 c6 e4 Bb4
1476,1366,white,480+8,e4 e5 Qh5 d6 Bc4 Be6 Bxe6 Nh6 d3 g6
1650,1543,black,300+0,d4 d5 Bf4 Qd7 Nc3 Qf5 g3 g5 Be3 c6
1436,1281,white,120+0,e4 e5 Nf3 Nf6 Nc3 d6 Bc4 Bg4 h3 Bxf3
1531,1479,white,300+0,e4 e5 Nf3 Nc6 Nc3 d6 Bc4 h6 O-O Bg4
1782,1699,white,900+0,e4 e5 Nf3 Nc6 Bc4 Nf6 Ng5 d5 exd5 Na5
1925,1625,draw,300+13,e4 e5 Nf3 Nf6 Nc3 Nc6 Bc4 Bb4 d3 Bxc3+
1696,1579,black,60+3,Nf3 Nc6 g3 e5 Bg2 Nf6 d3 Bc5 O-O O-O
1418,1359,black,240+4,Nf3 e6 d4 Nc6 Ne5 Nxe5 dxe5 d6 exd6 Qxd6
1644,1443,white,600+15,e4 e6 d4 b6 Nc3 Bb7 a3 Nf6 Bg5 Be7
1604,1524,white,120+0,d4 d5 f4 e6 e3 Nf6 Bd3 c5 c3 cxd4
1640,1288,white,420+10,e4 d5 exd5 Qxd5 Nc3 Qe6+ Be2 Bd7 Nf3 Nh6
1271,1426,black,720+10,d4 d5 Nc3 e6 Nf3 Nf6 g3 Be7 Bg2 O-O
1434,1716,black,600+0,e4 e5 Be2 Nc6 c3 Nf6 d4 d6 d5 Ne7
1366,1443,black,120+0,d4 Nf6 c4 d5 Nc3 c6 e3 Bg4 Nf3 h6
1338,1126,white,1080+2,d4 d5 e3 Nf6 c4 e6 cxd5 exd5 Nf3 Bb4+
1402,1324,white,300+3,e4 c6 Nc3 Nf6 d3 d5 exd5 cxd5 Nf3 Bg4
1941,1592,white,120+2,e4 e6 Nf3 d5 Nc3 dxe4 Nxe4 Nf6 Nxf6+ Qxf6
1451,1257,white,120+0,e4 d6 Nf3 c6 Nc3 e6 d4 Be7 h3 Nd7
1491,1642,white,300+10,e4 c5 Nc3 g6 Bc4 Bg7 Qf3 e6 Nh3 Nc6
1594,1334,white,60+3,e4 d5 exd5 Qxd5 Nf3 Bf5 d4 Nc6 Nc3 Qe6+
1562,1429,white,300+0,e4 e6 d4 Bb4+ c3 Ba5 Nf3 c6 Bc4 b5
1774,1417,black,0+1,e4 e6 Nc3 d6 d4 g6 Bd3 Bg7 Be3 Ne7
1559,1769,black,300+8,e4 e5 Nf3 Nc6 Nc3 Bc5 Na4 Be7 Bb5 a6
1411,1540,white,300+0,e4 e5 Bc4 Nc6 Nf3 Nf6 Ng5 d5 exd5 Nxd5
1409,1658,black,300+8,e4 g5 e5 g4 Qxg4 d6 Qa4+ Bd7 Qe4 dxe5
1178,1460,black,300+0,c4 e5 Nc3 Nf6 e4 Nc6 Qe2 Bc5 Nd5 Nxd5
1767,1752,black,300+2,e4 e5 Nf3 Nc6 Bc4 Nd4 Nxe5 Qg5 Nf3 Qxg2
1359,1483,white,480+8,e4 e5 f3 Bc5 Ne2 d6 a3 Qh4+ g3 Qf6
1241,1569,black,240+6,d3 e5 b3 d5 Bb2 Nc6 Nf3 f6 e4 d4
1203,1457,black,120+0,d4 Nf6 c4 d5 Nc3 c6 e3 Bg4 Be2 Bd7
1404,1448,white,180+0,Nf3 c6 d4 d6 e3 d5 g3 Bg4 Bg2 e6
1748,1119,white,0+1,e4 e5 Nc3 Nc6 f4 d6 Nf3 Nf6 Bc4 exf4
1722,1598,white,60+3,e4 e5 Nf3 Nc6 Bc4 Bc5 b4 Nxb4 c3 Nc6
1448,1526,white,300+0,e4 e5 Nf3 Bc5 d4 exd4 Nxd4 Bxd4 Qxd4 Nf6
1343,1117,black,1080+2,c4 e6 Nc3 Bc5 Nh3 a6 e3 Ba7 Qc2 d6
1749,1515,white,60+1,e4 c5 Nc3 d6 f4 Nc6 Nf3 Nf6 Bc4 g6
1572,1345,black,300+0,d4 d5 e3 e6 c4 Nf6 Nf3 Be7 Bd3 h6
1055,1237,white,240+6,e4 d6 Nf3 b6 c3 Bb7 d3 Nf6 h3 Nbd7
1508,1231,white,60+15,d4 d5 c4 dxc4 e3 b5 a4 c6 axb5 cxb5
1520,1417,white,300+8,d4 d5 c4 a5 b3 Qd7 Nc3 b6 Nxd5 b5
1693,1832,black,300+7,e4 c5 Nf3 Nc6 Nc3 e6 Be2 a6 O-O Qc7
1523,1786,white,300+0,e4 c5 Nf3 e6 Bc4 a6 d4 b5 Be2 cxd4
1651,1793,white,180+2,e4 c5 f4 Nc6 Nf3 Nd4 Nxd4 cxd4 c4 dxc3
1479,1558,black,600+0,d4 d5 Bf4 a6 Nc3 g6 e4 dxe4 Nxe4 Bg7
1805,1780,black,300+0,c4 e6 Nc3 Nf6 g3 d5 Bg2 c6 cxd5 exd5
1854,1785,black,300+8,e4 c5 Nf3 Nc6 c3 e5 d4 cxd4 cxd4 exd4
1776,1554,draw,300+8,e4 d6 d4 c6 c4 Qd7 Nc3 e6 Bd3 Be7
1168,1462,black,120+0,d4 d5 c4 Nf6 Nc3 c6 e3 Bg4 Be2 Bf5
1721,1626,white,600+0,e4 e5 Nf3 Nc6 Nc3 Nf6 Bc4 Bc5 O-O O-O
1946,1693,black,120+2,e4 a6 Nc3 b5 d4 Bb7 Bd3 Nf6 f3 e6
1662,1405,white,300+8,g4 d5 g5 h6 d4 hxg5 Bxg5 f6 Bf4 Nc6
1382,1493,white,600+10,e4 c5 Nf3 d6 Bb5+ Nc6 Nc3 Bd7 O-O Nf6
1585,1520,white,120+2,d4 e6 e4 d6 Nf3 b6 g3 Bb7 Bg2 Nd7
1338,1417,white,180+0,e4 g6 d3 Bg7 Be3 e6 Nf3 d5 Be2 dxe4
1414,1396,white,480+5,d4 d5 b3 Nc6 e3 Bf5 c4 e6 Nd2 Bb4
1806,1876,white,600+8,d4 d5 c4 c6 cxd5 Qa5+ Nc3 cxd5 Qb3 e6
1343,1644,black,120+5,e4 e5 d4 exd4 Qxd4 Nc6 Qd1 Nf6 Nc3 Bb4
1706,1846,black,600+8,e4 e5 Nf3 Nc6 Bc4 Bc5 b4 Bxb4 c3 Bc5
1661,1829,black,120+0,e4 e5 Nf3 f5 Nxe5 Nf6 d3 Bc5 Be2 d6
1325,1144,white,1080+2,c4 e5 Nc3 Bc5 Nh3 a6 e3 Ba7 Qc2 c6
1512,1536,white,300+0,e4 e5 Nf3 Nc6 Bc4 h6 d3 Nf6 Nc3 Bb4
1380,1463,white,180+3,d4 d5 c4 dxc4 e3 b5 a4 c6 axb5 cxb5
1464,1154,white,300+0,d4 e6 c4 Bb4+ Bd2 Bxd2+ Nxd2 Nc6 Ngf3 e5
1603,1467,black,60+2,d4 Nf6 c4 d5 Nc3 c6 Bg5 Ne4 Bh4 Nxc3
1396,1555,white,300+0,d4 c5 dxc5 e6 b4 a5 bxa5 Rxa5 Bb2 f6
1403,1353,white,180+0,Nf3 d5 d4 Nc6 c3 Nf6 e3 e5 Nxe5 Nxe5
1504,1271,draw,420+0,e4 e5 Bc4 Nf6 Nf3 Nc6 Ng5 d5 exd5 Nxd5
1594,1898,black,120+2,d4 e6 e4 Nf6 e5 Nd5 c4 Nb6 c5 Nd5
1836,1655,black,120+0,e4 e5 d4 exd4 Nf3 Nc6 Bc4 Nf6 e5 d5
1385,1424,black,480+5,e4 d5 exd5 Qxd5 Nf3 Bg4 Be2 Nc6 O-O Nd4
1798,1666,white,180+2,e4 e5 f4 d5 exd5 exf4 Nf3 Nf6 c4 Bc5
1923,1883,draw,300+8,d4 Nf6 c4 d5 cxd5 Nxd5 e4 Nf6 Nc3 e6
1359,1492,white,900+10,e4 e6 d4 d5 e5 c5 Nf3 cxd4 Qxd4 Nc6
1775,1890,black,300+0,d4 d5 c4 c6 Nc3 Nf6 e3 a6 Nf3 Bg4
1455,1537,black,60+4,d4 Nf6 c4 d5 e3 c6 Nf3 h6 Bd3 Bg4
1166,1455,black,900+1,d3 e5 e4 Nf6 g3 Bc5 Nh3 O-O Be2 d6
1587,1755,black,0+1,d4 e6 c4 c5 Nc3 cxd4 Qxd4 Nc6 Qd1 Nf6
1591,1647,black,120+2,d4 d5 c4 Be6 cxd5 Bxd5 f3 Nc6 e4 Be6
1673,1818,white,120+0,e4 e5 Nf3 Nc6 Bb5 d6 d4 exd4 Nxd4 Bd7
1476,1511,white,300+0,e3 d6 Be2 e6 Nf3 b6 O-O Bb7 d3 Nd7
1763,1581,white,0+1,e4 c6 Nc3 d5 d4 dxe4 Nxe4 Nd7 Bd3 Ngf6
1329,1407,white,180+1,e4 g6 e5 Bg7 d4 e6 Nf3 Ne7 Nc3 Nbc6
1795,1611,white,240+3,e4 d5 exd5 Qxd5 Nc3 Qd8 d4 c6 Nf3 e6
1264,1331,black,720+10,d4 d5 Nf3 e6 Nc3 c5 Be3 cxd4 Bxd4 Nh6
1575,1771,black,0+1,d4 e6 c4 d5 cxd5 exd5 Nc3 Nf6 f3 Be7
1915,1542,white,300+13,e4 c5 Nf3 d6 Nc3 Bg4 h3 Bh5 Be2 Nf6
1536,1484,black,120+1,d3 d5 e3 c5 g3 Nc6 Bg2 e5 Ne2 f5
1433,1201,white,1740+29,e4 e5 d4 d6 dxe5 Ne7 exd6 cxd6 Bb5+ Nd7
1578,1672,black,600+5,e4 e5 Nf3 Nc6 d4 exd4 Nxd4 Bc5 Nxc6 bxc6
1778,1569,white,0+1,e4 c6 Nc3 d5 e5 e6 f4 Qb6 Nf3 c5
1516,1212,white,480+8,e4 h5 Nc3 c6 e5 e6 d4 d5 Be2 g6
1328,1297,black,180+1,e4 e5 c3 d6 d4 exd4 cxd4 Nc6 Nf3 Qf6
1850,1809,white,900+0,e4 e5 Nf3 Nf6 Nxe5 Qe7 Nf3 Nxe4 Be2 d5
1524,1434,black,300+0,e4 e5 Nf3 Nc6 Nc3 Nf6 Bc4 Bc5 O-O O-O
1552,1665,white,300+1,f4 d5 Nf3 e6 e3 Nf6 c4 dxc4 Bxc4 Nc6
1853,1839,black,1800+0,e4 c5 Nf3 Nc6 d4 cxd4 Nxd4 e6 Nc3 a6
1898,1766,white,300+0,d4 d5 c4 e6 Nc3 c5 Nf3 cxd4 Nxd4 dxc4
1802,1689,white,120+0,e4 e5 Bc4 Nf6 Nf3 Nc6 O-O Bc5 d3 h6
1500,1242,white,60+0,e4 g6 Bc4 Bg7 Qf3 e6 Nh3 d6 d3 c6
1799,1459,white,300+8,e4 e5 f4 d6 Nf3 Nc6 Bc4 f6 O-O Nge7
1785,2029,white,0+1,e4 d5 Nc3 e6 exd5 Nf6 d4 exd5 Bd3 Bd6
1658,1203,white,300+7,e4 d5 e5 d4 Nf3 c5 Bc4 Be6 Na3 Bxc4
1808,1499,white,120+1,e4 Nc6 Nc3 e5 f4 exf4 Nf3 d6 Bc4 h6
1766,1702,white,300+0,d4 d5 c4 dxc4 e4 e6 Bxc4 Nf6 Nc3 Bb4
1615,1468,white,360+0,e4 e5 Nf3 Nf6 Nc3 Bc5 h3 Qe7 Bc4 d6
1468,1463,black,720+9,e4 g5 Bc4 h5 Qf3 Nf6 d3 g4 Qe3 e6
1360,1221,white,240+6,e4 d6 Bc4 c6 Qh5 e6 Nc3 Ne7 Nh3 Qa5
1681,1810,black,120+0,e4 e5 Nf3 f5 Nxe5 Nf6 d4 fxe4 Bg5 Be7
1683,1798,black,420+0,d4 e6 e4 d5 e5 c5 c3 Nc6 Bb5 Qb6
1581,1659,white,180+2,d4 Nf6 Bg5 d5 Bxf6 exf6 Nf3 b6 c4 Ba6
1310,1315,black,180+1,d3 e5 e4 c6 Bd2 d5 exd5 cxd5 Ne2 Nc6
1564,1523,white,60+2,d4 e6 c4 d6 Nc3 b6 e4 Bb7 Be3 Nd7
1529,1192,black,420+8,e4 e5 Nf3 d6 Bc4 Nf6 d3 Be7 Nc3 O-O
1500,1213,white,240+6,e4 d6 Nf3 c6 Bc4 Nf6 Nc3 Nbd7 d3 b5
1201,1660,black,300+7,d4 d5 e3 Bf5 Bd3 Nh6 h3 e6 g4 Bg6
2010,1721,white,60+0,d4 d5 c4 c6 Nc3 Nf6 Nf3 Bg4 Bf4 e6
1438,1457,white,1740+29,e4 e5 d4 Qh4 Nf3 Qxe4+ Qe2 Qxe2+ Bxe2 exd4
1910,1812,black,0+1,e4 e6 f3 d5 d3 dxe4 g3 exd3 Bxd3 Nf6
1830,1791,white,900+0,d4 d5 c4 e6 Nc3 Nf6 Nf3 c5 cxd5 exd5
1179,1495,black,120+1,d4 Nf6 e3 d5 a3 c6 h3 h6 Nc3 Bf5
1621,1679,white,300+2,e4 e5 Bc4 Nf6 d3 Bc5 Nf3 Nc6 h3 O-O
1591,1609,white,60+0,e4 c5 Nf3 Nc6 Bc4 e6 d3 Na5 Bb3 Nxb3
1455,1461,white,360+0,d4 e6 e4 Bb4+ Bd2 Bxd2+ Qxd2 Qf6 e5 Qe7
1818,1673,black,120+0,e4 e5 d4 exd4 Nf3 d5 Qxd4 Bg4 Qxd5 Qxd5
1830,1896,black,0+1,e4 c6 Nc3 d6 f4 g6 Nf3 Bg7 Bc4 Nf6
1413,1060,white,300+0,Nf3 g6 Ng5 Bg7 Nxf7 Kxf7 e3 d6 Bc4+ e6
1254,1214,black,720+10,d4 d5 g3 g6 Bg2 Bg7 Nc3 e6 Nf3 Nc6
1468,1367,black,300+0,d4 d5 c4 dxc4 e3 b5 a4 c6 axb5 cxb5
1800,1910,white,900+0,e4 e5 Nf3 Nc6 Bc4 h6 d4 exd4 Nxd4 Bc5
1450,1466,white,360+0,c4 e5 d3 Nf6 e4 Bc5 Nc3 d6 h3 O-O
1657,1595,white,120+5,e4 e5 Nf3 d6 Bc4 Bg4 h3 Bxf3 Qxf3 Nf6
1560,1767,black,300+8,f4 e5 fxe5 d6 d4 Nc6 Nf3 Bf5 Bg5 f6
1675,1715,black,60+0,e4 d5 exd5 Qxd5 Nc3 Qa5 Nf3 c6 Bc4 Nf6
1640,1542,white,600+0,e4 c5 Nf3 Nc6 c3 e5 Bb5 Qc7 Bxc6 dxc6
1690,1801,white,120+0,d4 e5 dxe5 Nc6 Nf3 Qe7 Bf4 Qb4+ Nc3 Qxf4
1445,1803,black,300+8,e4 c5 Nc3 e5 Bc4 d6 d3 Nc6 g3 Be7
1758,1510,white,300+0,d4 d5 c4 dxc4 Nc3 e6 e3 Nf6 Bxc4 Be7
1759,1435,black,180+0,e4 c6 Nf3 d5 exd5 cxd5 Bb5+ Bd7 Bxd7+ Nxd7
1603,1596,white,60+0,e4 c5 Nf3 Nc6 Bc4 e6 d3 d5 exd5 exd5
1682,1872,white,600+5,e4 e5 Bc4 Bc5 d3 h6 c3 Nc6 a4 Na5
1380,1500,draw,420+0,e4 e5 Nf3 Nc6 Bb5 Qf6 d4 a6 Bxc6 Qxc6
1598,1559,white,720+10,e4 e5 Nf3 d6 d4 Nc6 dxe5 dxe5 Qxd8+ Nxd8
2014,1905,white,60+1,d4 d5 c4 g6 Nc3 Nf6 cxd5 Nxd5 e4 Nxc3
1786,1705,white,120+0,e4 c6 d4 d5 e5 Bf5 f4 e6 Nf3 Nd7
1731,1659,white,60+0,d4 e6 Nf3 d5 Bg5 Nf6 Bxf6 gxf6 e3 Bd6
1285,1376,black,300+2,e4 e5 Nf3 Nc6 Bc4 h6 O-O d6 d4 Bg4
1416,1308,black,300+0,Nf3 d6 e3 e5 d4 exd4 Nxd4 Nf6 b3 g6
1256,1489,black,420+0,b4 e5 Bb2 Bxb4 Bxe5 f6 Bb2 Nh6 a3 Bc5
1513,1499,white,120+1,e3 e5 d3 d5 Ne2 c5 g3 Nc6 Bg2 Be6
1806,1433,white,300+8,e4 e5 f4 d6 Nf3 Nc6 Bc4 h6 O-O exf4
1897,2022,white,60+1,d4 d5 c4 e6 Nf3 Nf6 g3 Be7 Bg2 O-O
1790,1766,black,240+1,e4 c5 Nf3 Nc6 d4 cxd4 Nxd4 g6 Nc3 Bg7
1818,1614,white,60+3,e4 e5 Nc3 Nc6 f4 exf4 Nf3 Nf6 Bc4 Bc5
1529,1648,black,300+1,e4 e5 Nf3 d6 Nc3 Nf6 h3 Be7 Bc4 Bd7
1766,1790,white,240+1,d4 c6 e3 d5 Bd3 Nf6 Nd2 Bg4 Ngf3 e6
1804,1685,white,120+4,e4 e5 Nf3 Nc6 Bc4 Bc5 c3 Nf6 d4 exd4
1645,1745,black,60+0,e4 d5 exd5 Qxd5 Nf3 Qd8 Nc3 Bg4 Bc4 e6
1608,1825,black,60+3,e4 e6 Nf3 Nf6 Bc4 Nxe4 O-O Nd6 Bb3 Nc6
1696,1795,black,120+0,d4 e5 c3 exd4 cxd4 d5 Nc3 Nf6 Bg5 Be6
1666,1632,white,300+0,e4 g6 Nf3 Bg7 e5 d6 exd6 cxd6 d4 Nf6
1672,1805,white,180+5,d4 e6 e4 d5 Nd2 c6 Ngf3 Qb6 Bd3 Nd7
1757,1632,white,60+0,d4 e6 Nf3 d5 g3 Nf6 Bg2 Bd6 c3 O-O
1428,1337,white,900+0,e4 e5 Nf3 b6 Nxe5 Bb7 d3 d6 Nf3 Nf6
1500,1452,black,480+8,c4 f6 c5 c6 e3 Qa5 Be2 Qxc5 d4 Qg5
1422,1809,black,300+8,e4 c5 d4 cxd4 Qxd4 Nc6 Qd1 e5 Nf3 Nf6
1454,1461,black,360+0,d4 f5 c4 e6 Nf3 Nf6 Ne5 Bd6 Bg5 Bxe5
1559,1662,black,300+7,e4 e5 Bc4 Nf6 d3 Bc5 h3 a6 Nf3 d6
1831,1603,white,60+3,e4 e5 Nc3 Nc6 f4 exf4 Nf3 Bc5 Bc4 d6
1209,1259,white,240+6,d3 d6 c3 g6 Nf3 Bg7 e4 Nc6 Be2 e5
1305,1461,white,900+0,e4 e5 Nf3 Nc6 b3 Nf6 Bb2 d6 d3 Be6
1775,1555,white,300+8,e4 d5 exd5 Qxd5 Nc3 Qe6+ Be2 Nf6 Nf3 Nd5
2006,1912,white,60+1,d4 d5 c4 Nf6 Nc3 g6 cxd5 Nxd5 e4 Nxc3
1918,1439,black,300+13,e4 e5 Nf3 d6 Nc3 a6 Bc4 b5 Bb3 Nf6
1612,1499,draw,900+10,e4 c5 Nf3 Nc6 d4 cxd4 Nxd4 Nf6 Nxc6 bxc6
1804,1688,white,120+0,e4 e5 Bc4 Nf6 Nc3 Nc6 d3 Bb4 f4 d5
1822,1686,black,600+8,d4 e6 c4 Bb4+ Bd2 a5 Nc3 f5 e4 Bxc3
1505,1555,white,300+0,e4 c5 Nf3 Nc6 Nc3 e6 d3 d5 exd5 exd5
1768,1455,white,60+0,d4 g6 Bg5 b6 Qc1 Bg7 Nf3 h6 Bf4 g5
1536,1489,white,420+0,e4 e5 Nf3 d6 Bc4 Nf6 Ng5 d5 exd5 Nxd5
1530,1529,white,720+9,e4 g5 d4 e6 h3 h5 Nc3 d5 e5 c5
1812,1763,white,180+0,e4 c5 Nf3 Nc6 Bb5 d6 Bxc6+ bxc6 O-O Bd7
1446,1508,white,120+1,d4 d5 c4 e6 e3 Nf6 Nc3 a6 cxd5 Nxd5
1227,1504,white,420+8,d4 d5 Nf3 e6 e3 Nf6 Be2 a6 O-O b5
1837,1387,white,0+1,d4 d6 Nc3 b6 e4 Bb7 Bd3 e5 d5 f6
1904,2015,black,60+1,c4 e6 d4 d5 Nf3 Nf6 g3 Bd6 Bg2 O-O
1598,1589,white,300+2,e4 e6 d4 d5 e5 c5 c3 Nc6 Nf3 Nge7
1681,1773,white,60+0,Nf3 d5 g3 Bg4 Bg2 c6 h3 Bxf3 exf3 e5
1698,1676,white,180+5,d4 d5 c4 Be6 Nc3 dxc4 e3 Nf6 Nf3 g6
1445,1548,black,420+0,d4 d5 c4 Nf6 e3 e6 Nf3 Nbd7 Nc3 Bb4
1608,1490,white,720+10,e4 e5 Nf3 Nc6 Bb5 d6 Bxc6+ bxc6 d4 Nf6
1781,1699,draw,780+4,e4 e5 Nf3 Nc6 Bc4 d6 d4 f5 dxe5 Nxe5
1459,1500,white,900+1,e4 e5 Nf3 Bc5 Nxe5 Qh4 Qf3 Nf6 g3 Qg5
1695,1839,black,0+1,Nf3 e6 g3 Nf6 Bg2 d5 O-O c5 d3 Nc6
1596,1753,black,60+0,e4 d5 exd5 Qxd5 d3 Qd8 Bf4 c6 Bd2 Nf6
1439,1723,black,180+1,d4 d5 c4 e6 Nc3 Nf6 Bf4 a6 e3 h6
1431,1520,white,360+15,e4 e5 Nc3 Nc6 d3 Bb4 f4 exf4 Bxf4 Bxc3+
1240,1540,white,480+10,e4 e5 Nf3 d6 Bc4 Bg4 h3 Bh5 g4 Bg6
1552,1566,black,240+2,e4 c5 f4 Qc7 e5 d6 Nf3 e6 Bb5+ Bd7
1804,1633,white,600+8,d4 d5 c4 dxc4 Nc3 c6 e4 b5 d5 e6
1386,1259,white,180+1,e4 e6 Nf3 d6 e5 c6 d4 dxe5 Nxe5 Nf6
1517,1646,black,240+5,e4 e5 Nf3 Nc6 Bb5 a6 Bxc6 dxc6 d3 Bd6
1812,1412,white,300+8,e4 e5 f4 exf4 Nf3 Nc6 Bc4 h6 O-O g5
1769,1806,draw,240+4,d4 d5 c4 Nf6 Nc3 e6 Nf3 Bb4 e3 O-O
1752,1822,draw,180+0,d4 e6 c4 c5 Nc3 cxd4 Qxd4 Nc6 Qd1 Nf6
1762,1847,black,0+1,d4 e6 Nf3 Nf6 Bg5 d5 Bxf6 Qxf6 e3 c5
1507,1542,white,540+15,e4 e5 Nf3 Nc6 Bb5 d6 Bxc6+ bxc6 d4 exd4
1858,1750,white,0+1,e4 d5 Nc3 d4 Nce2 d3 cxd3 Qxd3 Ng3 Qd8
1875,1715,white,480+8,d4 d5 c4 Nf6 Nc3 Nc6 e3 Bf5 a3 e6
1482,1615,black,720+10,e4 e5 Nf3 Nc6 Bb5 Bc5 d3 a6 Bc4 h6
1938,1710,black,120+2,Nf3 a6 c4 b5 cxb5 axb5 e3 c6 Nc3 Bb7
1394,1223,black,240+6,e3 d6 b3 c6 Bb2 Nf6 Nf3 e5 Be2 Be7
1697,1785,black,600+5,e4 e5 Bc4 Nf6 d3 h6 c3 Bc5 h3 d5
1542,1519,white,300+0,e4 e5 Bc4 Nc6 Nf3 h6 d4 exd4 Nxd4 Nge7
1867,1118,white,0+1,e4 e5 Nc3 Nc6 f4 d6 Nf3 f5 fxe5 fxe4
1461,1450,white,180+0,e4 c6 Nf3 d5 Nc3 Bg4 exd5 cxd5 h3 Bxf3
1739,1867,black,60+0,d4 e6 Nf3 Nf6 Bg5 Be7 e3 h6 Bh4 g5
1550,1781,black,300+8,e4 e5 Qh5 Nc6 Bc4 g6 Qf3 Nf6 c3 Bg7
1648,1625,black,600+0,e4 e5 Nf3 Nc6 c3 d6 d4 Nf6 dxe5 dxe5
1411,1246,white,180+1,e4 d6 d4 g6 d5 Bg7 Nf3 e6 dxe6 Bxe6
1724,1755,black,300+0,d4 d5 e4 dxe4 Nc3 e6 f3 exf3 Nxf3 Nf6
1453,1292,black,300+0,d4 e6 c4 g5 e4 Bg7 e5 d6 Nf3 dxe5
1670,1551,white,300+7,e4 e5 Bc4 Nf6 d3 Bc5 Nc3 a6 a3 b5
1924,1403,white,300+8,e4 e5 f4 Nc6 Nf3 d6 Bc4 d5 Bxd5 h6
1791,1943,black,60+1,e4 d5 exd5 Qxd5 Nc3 Qa5 Bc4 Nf6 d3 Bg4
1524,1472,black,360+0,e4 e5 Nf3 Nf6 Nc3 Bb4 d3 d6 Bd2 Nc6
1495,1875,white,120+1,c4 e6 b3 Nf6 Bb2 c6 Nc3 d5 cxd5 exd5
1423,1385,black,300+0,e4 e5 d4 exd4 c3 dxc3 Nxc3 Bb4 Bd2 Nc6
1481,1608,white,420+8,e4 e5 Nf3 d6 Bc4 h6 Nc3 Nf6 d3 a6
1744,1703,white,60+0,d4 d5 Bg5 f6 Bh4 c5 e3 Nc6 c3 c4
1767,1661,white,420+7,d4 d5 c4 Nf6 Nc3 e6 cxd5 exd5 Bg5 a6
1715,1730,black,60+0,d4 d5 e4 c6 Nc3 dxe4 f3 Nd7 fxe4 Nb6
1241,1384,black,720+10,d4 d5 Nf3 e6 e3 Nf6 g3 Ne4 Bg2 e5
1399,1926,black,300+8,d4 d5 Nf3 f5 Bf4 Nc6 e3 Nf6 c4 e6
1820,1809,black,180+0,e4 e6 Nf3 d5 exd5 exd5 d4 Nf6 Bg5 Bd6
1541,1512,black,240+2,e4 e5 f4 Nc6 Nf3 d6 Bc4 Bg4 O-O Nf6
1543,1679,white,300+7,e4 e5 Nf3 Nc6 Bc4 Bc5 d3 d6 Ng5 Be6
1518,1860,black,1200+0,e4 e6 d4 d5 e5 a6 b3 c5 Bb2 Nc6
1337,1485,white,360+0,d4 d5 Nf3 Qd6 Nc3 Nf6 a3 Bg4 h3 Bxf3
1546,1429,white,180+0,e4 g6 d4 Bg7 Nf3 c5 dxc5 Qa5+ Bd2 Qxc5
1343,1633,black,300+8,e4 g6 Qf3 Bg7 Bc4 e6 c3 Ne7 b3 Nbc6
1233,1503,black,720+10,d4 Nf6 g3 g6 Nf3 Bg7 e3 d6 Nc3 O-O
1672,1500,white,300+8,Nc3 Nf6 e4 Nc6 d4 e6 e5 Nd5 Nxd5 exd5
1693,1756,black,60+0,d4 d5 e4 c6 Nc3 dxe4 f3 exf3 Nxf3 Nf6
1619,1666,white,240+0,d4 d5 c4 Be6 c5 Nf6 Nc3 g6 Nf3 Bg7
1851,1841,white,1800+0,c4 Nf6 Nc3 e6 g3 c6 Bg2 d5 cxd5 cxd5
1626,1811,black,600+8,e4 e6 d4 d5 exd5 exd5 Nf3 Nf6 Bb5+ c6
1530,1619,draw,540+15,e4 Nc6 Bc4 Nf6 Nc3 e5 d3 Bb4 Bd2 Bxc3
1788,1545,draw,300+8,b4 f6 e4 d6 d4 Be6 d5 Bf7 Be2 c6
1239,1430,white,180+1,d4 d5 c4 dxc4 e3 e6 Bxc4 c5 Nd2 cxd4
1852,1683,white,0+1,e4 g6 Nc3 Bg7 d4 e6 Be3 d6 Bd3 Ne7
1529,1524,white,240+2,e4 e5 Bc4 Nf6 Nc3 Bb4 d3 h6 f4 Nc6
1457,1305,black,60+2,e4 e6 Ne2 Bc5 Nbc3 d6 d3 a6 Na4 Ba7
1552,1579,black,120+2,e4 e6 Nf3 d5 exd5 exd5 d4 Nf6 Be2 Bd6
1480,1653,black,300+8,g4 g6 d4 Bg7 h4 h6 g5 h5 e4 d6
1927,1395,white,300+8,e4 e5 f4 Nc6 Nf3 d5 exd5 Qxd5 Nc3 Qd7
1510,1541,white,240+5,e4 e5 Nf3 d6 Bc4 g6 d3 f6 Be3 Bg4
1677,1859,white,0+1,d4 e6 e4 Nf6 Nc3 d5 e5 Nfd7 f4 c5
1825,1808,white,180+0,e4 e6 Nf3 c5 Bc4 Nc6 O-O Nf6 Re1 d5
1768,2023,black,60+0,d4 d5 Nf3 Bf5 Bg5 h6 Bh4 g5 Bg3 Bg7
1840,1694,white,0+1,e4 c5 Nc3 a6 a4 Nc6 Bc4 e6 d3 g6
1500,1199,black,420+8,e4 d5 exd5 Qxd5 Nf3 Qe6+ Be2 Nh6 Nc3 Nc6
1500,1823,black,600+5,e4 e5 Nf3 Nc6 Bc4 Nf6 d3 h6 O-O Bc5
1553,1411,white,180+0,d4 d5 c4 dxc4 Nc3 a6 a4 c6 e4 Qa5
1687,1848,white,0+1,d4 c5 d5 e5 c4 d6 Nc3 Bd7 e4 Na6
1115,1409,black,300+0,Nf3 d5 g3 Nf6 Bg2 Nc6 O-O e5 d4 e4
1631,1766,black,300+2,d4 d5 a3 Nf6 e3 Bf5 h3 e6 Nf3 c5
1829,1703,white,0+1,e4 c5 Nc3 a6 f4 Nc6 Nf3 e6 g3 d5
1844,1723,black,60+15,e4 d5 exd5 Qxd5 Nc3 Qd8 Nf3 c6 d4 e6
1447,1520,black,240+5,e4 b6 d4 Bb7 Nc3 g6 Be3 Nf6 e5 Nd5
1696,1838,black,0+1,d4 e6 e4 d5 Nc3 dxe4 f3 Nf6 fxe4 c5
1241,1183,draw,240+6,d3 Nf6 c3 Nc6 Nf3 e6 e4 d6 Be2 b6
1689,1587,black,600+10,e4 e5 Bc4 Nc6 c3 Nf6 d3 Be7 h3 d5
1441,1490,white,60+2,e4 c5 Ne2 e6 Nbc3 Nc6 d3 Bd6 Be3 Qc7
1631,1727,white,240+0,d4 d5 c4 e6 e4 dxe4 Nc3 Nf6 Bg5 Bb4
1409,1560,black,300+2,e4 c5 d3 e6 c3 Nf6 Qe2 Be7 f3 O-O
1589,1542,black,120+2,d4 e6 c4 c5 Nf3 cxd4 Nxd4 Nc6 Nxc6 bxc6
1846,1688,white,0+1,e4 c5 Nc3 a6 f4 Nc6 Nf3 e6 a4 d5
1445,1396,white,360+15,e4 g6 d4 Bg7 e5 d6 f4 f5 exf6 Nxf6
2152,1762,white,60+0,d4 d5 Nf3 c6 e3 Nf6 c4 Bg4 Nbd2 e6
1682,1853,white,0+1,d4 d6 e4 e5 Nc3 exd4 Qxd4 Nc6 Bb5 Bd7
1594,1341,black,480+8,c3 c6 b4 d5 Nf3 Bf5 a4 e6 e3 Nf6
1489,1707,white,600+10,d4 e6 e4 c5 c3 g6 e5 cxd4 cxd4 Qa5+
1798,1840,black,180+0,e4 e6 Nf3 d5 exd5 exd5 d4 Nf6 Be2 Bd6
1558,1778,black,420+0,e4 c5 Nf3 Nc6 Bc4 g6 d4 cxd4 Nxd4 Bg7
1540,1500,white,240+2,e4 e5 f4 exf4 Nf3 Nf6 e5 Ne4 d3 Nc5
1368,1399,black,300+1,e4 e5 Bc4 c6 Nf3 f6 d3 d5 exd5 cxd5
1553,1446,white,600+0,e4 e6 c3 d5 d4 Nc6 f4 f5 exd5 exd5
1667,1514,black,900+0,e4 e5 Nf3 Nc6 Bb5 a6 Bxc6 dxc6 Nc3 Bd6
1835,1699,black,0+1,e4 c5 Nc3 a6 Bc4 e6 a4 d6 f4 b6
1653,1680,white,420+7,e4 e5 Nf3 Nc6 Bc4 h6 d3 Nf6 a3 Bc5
1776,1637,black,120+18,d4 d5 c4 Nc6 Nc3 dxc4 e3 Nf6 Bxc4 e5
1946,1470,white,360+0,e4 e5 Nf3 Nf6 Nxe5 Qe7 d4 d6 Nf3 Qxe4+
1365,1551,white,240+0,e3 e5 d3 d5 g3 Nc6 Bg2 Nf6 a3 Be6
1729,1760,white,60+0,e4 e6 f4 b6 Nf3 Bb7 d3 d5 e5 Nd7
1818,1620,white,600+8,d4 d5 c4 dxc4 Nc3 c6 e4 b5 d5 a6
1862,1799,white,900+2,c4 g6 Nc3 Bg7 b3 Nf6 Bb2 d6 Ne4 e5
1374,1405,black,480+8,e4 e5 Nf3 Bc5 Nxe5 Qe7 d4 Bb4+ c3 Ba5
1827,1706,white,0+1,e4 c5 Nc3 a6 f4 Nc6 Nf3 e6 d4 cxd4
1299,1371,white,600+8,d4 d5 Nc3 Nf6 g3 e6 Bf4 c5 Nf3 a6
1500,1201,black,900+5,e4 e5 d4 d6 dxe5 Qe7
1552,1779,black,300+8,c4 d5 cxd5 Nf6 Nc3 e6 dxe6 Bxe6 e4 Bb4
1566,1403,white,300+2,e4 e5 c3 d6 d4 Qe7 Nf3 f6 Bd3 g5
1443,1665,white,420+7,e4 e5 Nf3 Nf6 d3 h6 Nxe5 d5 f4 dxe4
1698,1835,black,0+1,d4 d5 e4 Nf6 Nc3 dxe4 f3 exf3 Nxf3 b6
1854,1788,white,180+0,e4 g6 Nf3 Bg7 Bc4 e6 O-O Ne7 d4 O-O
1547,1577,white,240+1,e4 e5 f4 exf4 Nf3 Bc5 d4 Bb6 c3 c5
1766,1478,black,60+1,d4 g6 Bg5 Bg7 h4 d5 e3 c6 Be2 Nf6
1593,1574,black,600+6,e4 c6 d4 d5 exd5 cxd5 c4 e6 Nc3 Nf6
1714,1818,black,0+1,d4 d6 e4 Nf6 Nc3 e5 dxe5 dxe5 Qxd8+ Kxd8
1115,1214,white,900+5,d4 d5 c4 Bf5 cxd5 Qxd5 Nc3 Qa5 Bd2 Nc6
1413,1121,black,300+0,e4 e5 f4 Nc6 f5 g6 Nc3 gxf5 exf5 Nf6
1644,1711,white,240+0,d4 d5 c4 e6 c5 Nc6 Nf3 Nf6 e3 a6
1903,1922,black,300+6,e4 Nf6 e5 Nd5 Bc4 Nb6 Bb3 c5 c3 Nc6
1894,1393,white,300+13,e4 e5 Nf3 Nc6 Nc3 Nf6 Bc4 d6 h3 Be7
1779,1866,black,180+0,e4 e6 Nf3 d5 exd5 exd5 d4 Nf6 Bg5 Bd6
1819,1771,black,240+4,d4 Nf6 Bg5 e6 e4 Be7 Nc3 c6 Nf3 Qa5
1745,1748,white,60+0,d4 e6 Nf3 d5 Bg5 Be7 Bxe7 Nxe7 c3 Nd7
1774,1791,black,300+0,d4 e6 c4 d5 e3 c6 Nf3 Nf6 Nc3 Be7
1785,1547,black,300+8,b4 c6 Bb2 Qb6 a3 Nf6 d4 d6 Nf3 c5
1624,1500,white,300+2,d4 e6 a3 d5 e3 Be7 Nf3 Nf6 h3 h6
1605,1600,white,540+0,d4 e6 e3 b6 Nf3 Bb7 a4 Nf6 Bd2 Be7
1596,1532,white,540+15,c4 e5 d3 Bc5 e4 Nc6 Nc3 d6 Nh3 a6
1874,1262,white,1200+0,e4 d6 d4 e6 Ne2 c5 c3 cxd4 cxd4 Nf6
1213,1677,black,600+5,Nf3 Nc6 e4 e5 c3 Bc5 Bc4 d6 Nxe5 dxe5
1843,1105,white,0+1,e4 e5 Nc3 Nf6 Bc4 Nc6 d3
1357,1188,white,600+8,e4 e5 Nf3 d6 Bc4 Nh6 d3 c6 Nc3 b5
1390,1929,black,300+8,d4 d5 Nf3 Nf6 g3 Bg4 Bg2 c5 O-O e6
1805,1905,black,240+7,e4 c6 d4 d5 e5 Bf5 Nf3 e6 Nc3 Ne7
1737,1758,white,60+0,d4 d5 Bg5 c6 h4 Nd7 e3 Ngf6 Be2 h6
1559,1513,black,240+1,e4 e5 f4 Nc6 Nf3 Nf6 Bc4 Bd6 Ng5 O-O
1405,1500,white,420+0,Nf3 d5 d4 Bf5 c4 Nc6 cxd5 Qxd5 e3 Qa5+
1516,1843,black,120+1,c4 e6 b3 Nf6 Bb2 Be7 Nc3 O-O g3 c6
1532,1425,white,420+0,e4 e5 Nf3 Nc6 Bc4 Bc5 c3 Nf6 d3 h6
1433,1499,white,120+0,e4 c5 Nf3 e5 Bc4 d6 Nc3 Nf6 d3 Nc6
1744,1748,white,60+0,d4 d5 Nf3 Bg4 Ne5 Bh5 g4 Bg6 h4 f6
1737,1757,black,60+0,d4 e6 c4 b6 h4 Bb7 Bg5 Be7 f4 Bxg5
1297,1203,white,900+5,e4 e5 Nf3 Nc6 Bc4 Nd4 Nxe5 Qg5 Bxf7+ Kd8
1824,1537,white,600+8,d4 Nf6 c4 e6 Nc3 b6 e4 d6 Bg5 Bb7
1259,1877,white,1200+0,d4 d5 b3 Nf6 g3 Nbd7 Bg2 c6 Bb2 Nb6
1614,1455,white,360+15,d4 f5 g3 d5 Bg2 e6 e3 c5 c3 c4
1759,1331,white,120+18,d4 d5 c4 e6 cxd5 Qxd5 Nc3 Qf5 e4 Qg6
1697,1384,white,180+1,e4 d6 d4 c5 d5 e6 c4 Nf6 Nc3 Nbd7
1762,1541,black,300+0,d4 Nf6 c4 g6 Nc3 d5 e3 e6 Nf3 Bg7
1446,1725,black,240+0,e3 e5 d3 d5 g3 c6 Bg2 Nf6 h3 Bd6
1770,1727,white,60+0,e4 c5 Bb5 Nc6 Bxc6 bxc6 d3 d5 Ne2 dxe4
1486,1447,white,120+0,e4 e5 Nf3 Nc6 d4 exd4 Nxd4 Bc5 Nxc6 bxc6
1613,1521,black,120+0,f4 g6 d4 b6 e3 Bb7 Qd2 Bg7 Bd3 e6
1546,1468,black,240+1,e4 e5 f4 exf4 Nf3 Nc6 Bc4 Nf6 e5 Qe7
1653,1608,white,180+2,e4 e5 Nf3 Nc6 Bb5 Bd6 Nc3 Nf6 O-O h6
1428,1387,white,240+0,e3 e5 d3 Nf6 g3 Nc6 Bg2 d5 a3 Be7
1597,1731,white,600+8,e4 c5 c3 d5 exd5 Qxd5 Nf3 e5 d4 cxd4
1468,1576,black,900+1,e4 e5 Nf3 d6 d4 Qe7 d5 Qd8 Be3 Nf6
1594,1458,white,1800+0,e4 e5 Nf3 Qf6 Nc3 c6 d4 exd4 Nxd4 Bc5
1418,1476,black,300+0,Nf3 Nc6 g3 e5 e3 e4 Nd4 Nxd4 exd4 d5
1717,1781,draw,60+0,e4 d5 exd5 Qxd5 Nc3 Qa5 Be2 c6 d3 Nf6
1381,1700,white,180+1,d4 d5 c4 e6 e3 Nf6 Nf3 Nc6 g3 h6
1454,1576,black,60+2,e4 e5 Ne2 Nf6 Nbc3 Bc5 d3 Ng4 d4 exd4
1500,1847,black,0+1,d4 e6 e4 Nf6 Nf3 d5 Nc3 dxe4 Qd2 exf3
1765,1684,black,900+0,d4 d5 c4 e6 Nc3 b6 e3 Bb7 Nf3 Bb4
1540,1174,white,300+0,d4 d5 e4 dxe4 Nc3 Bf5 f3 Nf6 Bf4 e6
1565,1762,black,300+8,e4 e5 Nc3 Nc6 Nf3 Bc5 d3 d6 Qe2 Bg4
1800,1630,white,300+2,e4 e5 Nf3 Nc6 Bb5 Bd6 O-O Nce7 d4 Ng6
1477,983,white,420+8,e4 g6 d4 Bg7 e5 Nh6 h3 O-O Nc3 d6
1439,1850,black,0+1,d4 e6 c4 Nf6 Nc3 d5 cxd5 exd5 Nf3 c6
1850,2028,white,0+1,e4 e6 Nc3 d5 d4 c5 exd5 cxd4 Qxd4 exd5
1779,1719,white,60+0,d4 d5 Nf3 Bg4 Bg5 h6 Bf4 Nf6 Be5 Nbd7
1599,1660,black,120+0,f4 d5 d4 e6 e3 Nf6 Bd3 Be7 Qe2 c5
1881,1678,white,300+8,d4 d5 c4 Nf6 e3 Bf5 a3 e6 Nc3 Be7
1829,1386,white,600+8,d4 d5 c4 Nf6 cxd5 Qxd5 Nc3 Qd8 e4 e6
1622,1682,black,720+10,e4 e5 Nf3 Nc6 Bb5 Qf6 O-O Bd6 Nc3 Nge7
1657,1377,white,240+0,d4 e6 c4 d5 c5 c6 a4 Nf6 Nf3 h6
1437,1555,black,300+0,d4 e6 c4 c5 d5 Nf6 Nc3 exd5 cxd5 d6
1877,1755,white,300+0,e4 c5 Nf3 a6 a4 Nc6 Bc4 d6 O-O Nf6
1630,1482,white,360+0,e4 e5 Nf3 Nf6 Nc3 Bb4 d3 Nc6 Bd2 O-O
1533,1500,black,240+1,e4 c5 f4 Nc6 Nf3 d6 Bc4 Bg4 h3 Bxf3
1382,1640,black,60+1,e4 c5 Bc4 Nc6 Ne2 e6 O-O d5 d3 dxc4
1970,1936,white,240+0,d4 Nf6 Bf4 e6 e3 d5 a3 c5 Nf3 cxd4
1574,1744,black,300+0,d4 e6 c4 d5 cxd5 Bb4+ Bd2 Bxd2+ Nxd2 Qxd5
1520,1748,white,420+0,e4 c5 Nf3 d6 Bc4 Nc6 h3 g6 O-O Bg7
1589,1789,black,120+0,f4 d5 d4 f5 e3 Nf6 Bd3 e6 Qe2 Nbd7
1869,2011,white,0+1,e4 d5 Nc3 d4 Nce2 c5 Ng3 Nc6 Bc4 e6
1557,1678,white,600+5,e4 e5 Bc4 Bc5 Nf3 d6 d3 h6 h3 c6
1364,1654,black,480+8,e4 g6 Nf3 Bg7 d4 e6 Bg5 Ne7 Bxe7 Qxe7
1650,1518,white,540+10,e3 e5 b3 d5 Qh5 Nf6 Qxe5+
1374,1194,white,900+5,d4 d5 c4 c6 Nf3 Nf6 Nc3 Be6 c5 g6
1523,1669,black,1260+0,d3 d5 g3 e5 Nf3 Nc6 Bg2 Nf6 Nbd2 Bc5
1741,1645,black,60+1,e4 c5 Nc3 Nc6 f4 e6 g3 d5 exd5 exd5
1542,1485,white,300+0,d4 d5 e4 dxe4 Nc3 Nf6 f3 Bf5 g4 Bg6
1446,1500,black,60+2,e4 e5 Ne2 Nc6 Nbc3 Nf6 d4 exd4 Nxd4 Nxd4
1452,1716,white,300+5,d4 Nf6 Nf3 g6 Bf4 Bg7 c3 O-O Qc1 d6
1896,1299,white,300+13,e4 e6 Nf3 d5 exd5 exd5 d4 Nf6 Nc3 Bd6
1933,1892,white,300+6,d4 d5 c4 Bf5 Nc3 e6 Nf3 h6 Bf4 c6
1886,1995,black,0+1,e4 d5 Nc3 e6 Nf3 d4 Ne2 c5 Ng3 Nc6
1662,1570,black,180+2,e4 e5 Nf3 Nc6 Bb5 Be7 O-O d6 Bxc6+ bxc6
1615,1614,white,600+8,e4 e5 Nf3 d6 Nc3 Nf6 Bc4 Nc6 h3 h6
1657,1373,white,540+10,e3 e5 b3 d6 Bb2 Nf6 Na3 Nc6 Qf3 Bg4
1790,1995,black,300+3,d4 c5 dxc5 e6 b4 a5 c3 axb4 cxb4 Qf6
1877,2003,black,0+1,e4 e6 d4 d5 e5 c5 dxc5 Bxc5 Nc3 Qb6
1409,1213,white,-,e4 e5 d4 d6 dxe5 dxe5 Qxd8+ Kxd8 Nf3 f6
1770,1791,white,180+0,e4 d5 exd5 Nf6 d4 Nxd5 Nf3 Bg4 Be2 e6
1679,1401,white,180+1,e4 d6 Nf3 e5 Bc4 Nc6 d3 Nf6 Bg5 Be7
1769,1559,white,300+8,e4 d6 d4 Nc6 Nc3 Bd7 Nf3 Bg4 Be3 Bxf3
1869,1513,white,120+1,e4 c5 Nc3 b6 f4 Bb7 Nf3 Nc6 Bc4 g6
1633,1572,white,600+6,e4 e5 Nf3 Nf6 Nc3 Nc6 d3 Bc5 Bg5 h6
1439,1624,white,60+2,e4 c5 Ne2 e6 Nbc3 Nc6 d3 g6 Be3 e5
1466,1256,white,240+0,e4 d6 Bc4 Nh6 h3 Bd7 Qf3 Nc6 d3 e5
1784,1700,white,300+3,e4 e5 Bc4 Nf6 Nc3 c6 d3 d5 exd5 cxd5
1661,1337,white,240+0,d4 e6 c4 g6 Nf3 Bg7 e3 Nf6 Nc3 Nc6
1500,1301,white,600+0,e4 g6 Nf3 Nf6 Nc3 Bg7 d4 d6 Bg5 Bg4
1328,1500,black,180+10,d4 Nc6 Nf3 d6 Nc3 Qd7 g3 Qg4 Bf4 Nd8
1403,1659,white,120+0,e4 c5 f4 Nc6 d3 e6 Nf3 d5 Be2 dxe4
1627,1602,white,600+8,e4 e5 Nc3 Nc6 Nf3 Nf6 d4 exd4 Nxd4 Nxd4
1249,1486,black,240+0,g3 e6 e3 d6 Nh3 h6 Bg2 g6 O-O Bg7
1913,1796,white,240+7,d4 Nf6 c4 g6 Nc3 Bg7 e4 O-O f3 d6
1320,1239,white,240+6,c3 d6 e4 c6 d4 Nf6 Bd3 e5 Nf3 Nbd7
1380,1831,black,600+8,d4 d5 Nc3 c5 Nf3 cxd4 Nxd4 e5 Ndb5 a6
1607,1795,black,60+0,e4 d5 exd5 Qxd5 Nc3 Qa5 d4 c6 Nf3 Bg4
1525,1563,black,240+1,e4 c5 f4 Nc6 Nf3 g6 Bc4 h6 d4 Bg7
1549,1585,black,480+3,e4 c5 d4 cxd4 Qxd4 Nc6 Qd2 e5 Nc3 d6
1806,1750,white,300+0,e4 c5 Nf3 Nc6 d4 cxd4 Nxd4 e5 Nxc6 bxc6
1584,1649,black,180+2,d4 Nf6 c4 d5 cxd5 Nxd5 e4 Nf6 Nc3 e6
1621,1608,white,180+10,d4 Nc6 e3 d6 h3 Nb8 Bd3 Qd7 Nf3 Qc6
1583,1781,black,120+0,f4 e6 d4 c5 e3 cxd4 exd4 Nc6 c3 d6
1661,1605,white,540+10,e3 e5 b3 Bd6 Bb2 c6 Nc3 Ne7 Qh5 Qc7
1554,1776,black,300+8,d4 Nf6 d5 c6 dxc6 Nxc6 Nf3 e5 Bd2 d5
1423,1383,white,120+0,e4 a6 d4 b5 c3 Bb7 Bd3 g6 Bg5 f5
1317,1460,black,480+8,d4 e6 Nc3 b6 g3 Bb7 Nf3 Bb4 Bd2 Bxc3
1591,1665,black,300+5,e4 e5 Bc4 Nf6 Nf3 c6 Nc3 d5 exd5 cxd5
1872,1600,white,0+1,e4 c5 c3 d5 exd5 Qxd5 Nf3 Nc6 Be2 Bg4
1672,1886,black,300+8,Nc3 e6 d4 d5 a3 c5 Nf3 Nf6 Bg5 h6
1600,1872,white,0+1,e4 e6 d4 d5 Nd2 dxe4 Nxe4 Nf6 Nxf6+ Qxf6
1702,1870,black,780+4,e4 c5 Nf3 Nc6 c4 e6 Be2 Qc7 Nc3 a6
1610,1862,black,0+1,e3 e6 c4 Nf6 Nc3 c6 d4 d5 Nf3 Nbd7
1528,1274,white,300+8,e4 e5 Nf3 Nc6 Bc4 Bc5 Ng5 Bxf2+ Kxf2 Qxg5
1373,1433,black,120+0,b4 e5 b5 a6 c4 axb5 cxb5 Nf6 e3 d5
1851,1620,white,0+1,e4 c5 Nc3 e6 f4 d5 exd5 exd5 Nf3 d4
1782,1549,white,300+8,e4 a6 Bc4 Nc6 Qh5 g6 Qf3 Ne5 Qb3 Nxc4
1653,1367,black,600+0,e4 e5 Nf3 d6 d4 Nd7 dxe5 Nxe5 Nxe5 dxe5
1615,1857,black,0+1,e4 e6 d4 d5 Nd2 dxe4 Nxe4 Nf6 Nxf6+ Qxf6
1365,1591,black,540+2,c4 d5 Qa4+ c6 cxd5 Qxd5 Nc3 Qf5 f3 Bd7
1420,1188,white,900+5,e4 e5 f4 d6 Ne2 Nf6 fxe5 dxe5 Nec3 Nc6
1375,1471,black,300+0,e4 c5 Bc4 a6 a4 e6 e5 Nc6 Nf3 Nge7
1626,1629,black,900+0,e4 d5 e5 d4 f4 c5 Na3 a6 Nc4 f6
1761,1224,draw,120+18,d4 d5 c4 dxc4 Nc3 c5 d5 e6 e4 e5
1730,1823,black,300+0,d4 Nf6 Bg5 Ne4 Bh4 d5 f3 Nf6 e3 e6
1782,1779,white,180+0,e4 d5 exd5 Qxd5 d4 Nf6 Nc3 Qa5 Bd2 c6
1325,1374,white,360+8,e4 c5 Qf3 Nc6 Bc4 Nf6 e5 Nxe5 Qb3 e6
1867,1605,black,0+1,e4 c5 Nc3 e6 f4 d5 e5 d4 Ne4 f5
1793,1575,white,300+3,c4 c5 Nc3 Nc6 e4 Nf6 Nf3 d6 d3 Nd4
1412,1656,black,300+1,e4 e5 Nf3 d6 c3 Nf6 d3 Nc6 Na3 Be7
1740,1815,black,300+0,d4 d5 c4 e6 Nc3 Nf6 Nf3 Be7 e3 c6
1502,1242,white,240+0,e4 e5 Bc4 d6 d3 Be6 Bxe6 fxe6 c4 Qe7
1443,1364,white,120+0,e4 a6 f4 b5 Nf3 Bb7 d3 c5 Be2 e6
1674,1579,white,300+5,e4 e6 d4 c5 Nf3 Nc6 d5 exd5 exd5 Ne5
1625,1846,black,0+1,e4 e6 d4 d5 Nd2 c6 Bd3 Nd7 c3 Ngf6
1451,1603,black,1800+0,e4 e5 Qh5 Nc6 c3 Nf6 Qf3 d5 exd5 Nxd5
1244,1660,black,300+8,d3 g6 b3 Bg7 d4 d6 e4 e6 Nf3 Ne7
1465,1450,white,180+3,e4 e5 f4 exf4 Nf3 d6 Bc4 h6 O-O Bg4
1568,1887,black,180+2,e4 e6 Nf3 d5 e5 c5 d4 Nc6 c3 Qb6
1162,1692,white,180+2,g3 g6 Bg2 Bg7 Nh3 d6 O-O c5 e3 Nf6
1339,1584,white,540+3,d4 c6 c4 a6 Nf3 e6 e3 h6 Bd3 Nf6
1882,1705,black,300+6,e4 Nf6 e5 Nd5 Bc4 Nb6 Bb3 d6 f4 dxe5
1852,1620,white,0+1,e4 c5 Nc3 e6 Bc4 d5 exd5 exd5 Bxd5 Bd6
1755,1943,black,300+8,e4 Nf6 Nc3 d5 e5 Ne4 Nxe4 dxe4 Qe2 Qd4
1620,1852,white,0+1,e4 e6 d4 d5 Nd2 dxe4 Nxe4 Nf6 Nxf6+ Qxf6
1824,1731,white,300+0,e4 c5 Nf3 Nc6 d4 cxd4 Nxd4 e5 Nxc6 bxc6
1666,1658,black,180+2,d4 Nf6 Nf3 d5 e3 e6 Bd3 Nbd7 b3 c5
1328,1740,white,900+10,e4 e5 Nf3 Bc5 Nxe5 Nf6 Bc4 O-O Nc3 d5
2027,1922,black,300+8,d4 d5 c4 dxc4 Nc3 Nf6 Bf4 a6 a4 e6
1664,1569,black,240+0,d4 e6 c4 b6 e4 Bb7 Nc3 Bb4 Bd3 f5
2010,1802,white,60+0,d4 d5 c4 c6 Nc3 Nf6 cxd5 Nxd5 e4 Nxc3
1818,1571,black,420+0,e4 c5 Nf3 Nc6 d4 cxd4 Nxd4 d6 Nc3 Nf6
1832,1615,white,0+1,e4 c5 Nc3 e6 d4 cxd4 Qxd4 Nf6 Bb5 a6
1453,1514,black,120+0,e4 e5 f4 d5 d3 Bc5 Nf3 dxe4 dxe4 Qxd1+
1335,1779,black,1200+0,c4 e5 Nc3 f5 b3 Nf6 g3 Nc6 Bg2 Be7
1798,1543,white,300+3,e4 c5 Bc4 Nc6 Ne2 a6 a4 e6 d3 d5
1768,1793,black,180+0,e4 e6 d4 b6 Nc3 Bb7 Nf3 Bb4 Qd3 Bxc3+
1796,2016,white,60+0,d4 e6 Nf3 d5 Bg5 Be7 Bxe7 Nxe7 e3 O-O
1609,1838,black,0+1,e4 c5 d4 cxd4 c3 d3 Bxd3 e6 Nf3 Nc6
1362,1362,black,360+8,d4 e6 e4 d5 exd5 exd5 b3 Qd7 c4 dxc4
1440,1637,black,300+0,e4 e5 Nf3 Nf6 Nxe5 d6 Nxf7 Kxf7 d3 Be7
1843,1604,white,0+1,e4 c5 Nc3 e6 Bc4 Nf6 Nf3 d5 exd5 exd5
1833,1374,white,600+8,d4 d5 c4 e6 Nc3 Nf6 Nf3 Bb4 Bg5 O-O
1544,1788,black,300+8,e4 d5 Qf3 dxe4 Qxe4 Nc6 Bc4 Nf6 Qd3 Bd7
1542,1006,white,300+30,e4 d6 d4 e5 Bc4 Nh6 Bxh6 gxh6 dxe5 h5
1795,1831,white,300+0,d4 Nf6 c4 c5 d5 b5 cxb5 a6 e3 axb5
1596,1360,black,540+2,e4 e5 Nf3 g5 d4 f6 dxe5 fxe5 Nxe5 Qe7
1212,1564,black,180+2,g3 d5 Bg2 e6 Nh3 Be7 O-O Nf6 e3 c5
1043,1386,black,300+3,g3 c6 Nf3 e6 e4 b5 Nd4 Qb6 c3 Nf6
1982,2011,draw,240+0,d4 c5 Nf3 cxd4 Nxd4 d5 Bf4 f6 Bg3 e5
1788,1328,white,1200+0,e4 d5 exd5 Nf6 c4 b5 d3 bxc4 dxc4 c6
1587,1652,white,300+2,e4 e5 Bc4 Nc6 Nf3 h6 Nc3 Bc5 d3 Nge7
1664,1500,black,600+5,e4 g6 Bc4 Bg7 d3 e6 c3 b6 Be3 Bb7
1633,1485,black,600+0,e4 Nc6 d4 Nf6 d5 Ne5 Bf4 d6 f3 e6
1998,1848,white,0+1,d4 e6 c4 Nf6 Nc3 d5 Nf3 dxc4 e4 Be7
1819,1807,black,300+0,c4 Nf6 Nc3 d5 cxd5 Nxd5 e4 Nxc3 bxc3 g6
1662,1634,white,300+1,e4 e5 Nf3 Nc6 d3 h6 Nc3 g5 h3 Bc5
1691,1534,white,420+5,e4 e5 Nf3 d6 d4 h6 dxe5 Bg4 exd6 Bxf3
2005,1815,white,60+0,d4 d5 c4 dxc4 Nc3 Bg4 f3 Bh5 e4 e6
1705,1550,white,300+0,e4 e5 Nf3 Nc6 b3 Bc5 Bb2 d6 Bb5 Bg4
1803,1758,white,180+0,e4 d5 exd5 Qxd5 d4 Nf6 Nc3 Qa5 Bd2 c6
1898,1479,white,300+13,e4 e5 Nf3 Nc6 Nc3 Bc5 Bc4 Nf6 d3 O-O
1639,1568,white,900+0,d4 d5 h3 Bf5 e3 e6 c4 Be4 Nf3 c6
1511,1524,white,60+0,d4 e6 e3 d6 f3 b6 Bd3
1722,1641,black,300+0,d4 Nf6 c4 g6 Nc3 Bg7 e3 d6 Nf3 O-O
1667,1696,black,300+8,Nc3 e5 d4 exd4 Qxd4 Nc6 Qa4 Nf6 a3 d5
1562,1227,white,300+0,e4 d5 exd5 Qxd5 Nf3 Nc6 Nc3 Qe6+ Be2 Nf6
1721,1866,white,300+6,e4 e5 Nf3 Nc6 Bc4 Bc5 b4 Bxb4 c3 Ba5
1599,1809,white,60+0,e4 d5 exd5 Qxd5 Nc3 Qd8 d4 c6 Ne4 Bf5
1636,1675,black,600+0,e4 e5 Nf3 Nc6 c3 Nf6 d4 exd4 cxd4 Nxe4
1795,1322,white,1200+0,e4 d5 exd5 Qxd5 Nc3 Qe5+ Be2 e6 Nf3 Qa5
1398,1500,white,180+0,d4 b6 e3 Bb7 f3 g6 Bd3 Bg7 Be4 Bxe4
1790,1617,white,60+0,d4 c5 d5 e5 dxe6 fxe6 Nf3 d5 c3 Be7
1538,1803,black,300+3,e4 e5 Bc4 Nf6 d3 d6 f4 exf4 Bxf4 Be7
1861,1891,black,900+0,e4 e6 d4 d5 e5 c5 c3 Nc6 Nf3 Qb6
1398,1568,black,180+2,d4 d5 Nf3 e6 Bf4 Nc6 e3 Be7 c4 dxc4
1631,1204,white,180+2,e4 g6 d4 Bg7 Nf3 Nh6 c4 O-O Nc3 e6
1643,1526,black,300+0,e4 e5 Nf3 d6 d4 exd4 Nxd4 h6 Nc3 Nf6
1603,1624,black,300+2,e4 e5 Bc4 Nc6 Nc3 a6 Nf3 h6 d4 Bd6
1611,1841,black,0+1,e4 e6 d4 Nf6 Nd2 d5 Bd3 dxe4 Nxe4 Nxe4
1516,1499,white,240+0,e3 e6 d4 d6 Bd3 b6 Qe2 Nd7 Bb5 Bb7
1627,1685,white,600+0,e4 e5 Nf3 Nc6 c3 Nf6 d4 exd4 cxd4 Nxe4
1364,1653,white,600+8,e4 e5 Nf3 Nc6 Bc4 Bc5 d3 d6 Nc3 a5
1360,1479,white,480+8,e4 e5 Nf3 d6 Bc4 Nf6 Ng5 d5 exd5 Nxd5
1846,1605,white,0+1,e4 c5 Nc3 e6 f4 Nc6 Nf3 a6 a4 Nd4
1797,1669,white,60+0,d4 d5 Bg5 Nf6 Bxf6 gxf6 e3 e6 Bd3 h5
1421,1802,black,1200+0,Nc3 e5 Nf3 d6 e4 Be7 d4 Nd7 d5 Nb6
1600,1851,white,0+1,e4 e6 f4 d5 e5 d4 Nf3 c5 Bd3 Nc6
1749,1612,draw,900+0,d4 d5 c4 e6 Nc3 Nf6 Bg5 Be7 cxd5 exd5
1901,1500,white,300+13,e4 d5 exd5 Qxd5 Nc3 Qe5+ Be2 Bg4 f3 Bf5
1596,1776,black,480+3,e4 b6 e5 Bb7 d4 e6 f4 g6 Nf3 Bg7
1800,1808,white,420+0,e4 Nf6 e5 Nd5 c4 Nb6 Nc3 d6 d4 dxe5
1743,1403,black,360+0,d4 e6 c4 d6 Nc3 Nd7 Nf3 Be7 e4 g5
1656,1706,black,300+8,Nc3 c5 e4 Nc6 Nf3 e6 d4 cxd4 Nxd4 Qc7
1542,1711,white,300+0,e4 e5 Nf3 Qf6 Bc4 Bc5 O-O h6 c3 d6
1831,1620,white,0+1,e4 c5 Nc3 e6 Bc4 a6 a4 Nf6 d3 d5
1500,1329,black,300+0,e4 e5 Nf3 Nc6 Bb5 d6 Nc3 b6 d4 Bd7
1586,1629,white,300+0,e4 e5 Nf3 Nf6 d3 Nc6 Be2 d6 c4 Be7
1920,1803,black,300+0,Nf3 c5 g3 b6 Bg2 Bb7 O-O d5 d3 Nc6
1614,1837,white,0+1,e4 c5 d4 e6 d5 d6 Nc3 e5 f4 Na6
1920,1819,white,300+3,d4 Nf6 c4 g6 Nc3 d5 cxd5 Nxd5 e4 Nxc3
1476,1566,black,300+10,d4 e6 Nf3 c6 c4 d5 Bf4 Bb4+ Nc3 dxc4
1650,1749,black,240+0,d4 d5 c4 c6 e3 dxc4 Bxc4 b5 Be2 Bf5
1818,1634,white,0+1,e4 c5 Nc3 e6 Bc4 Nc6 f4 Nf6 Qf3 a6
2011,1805,white,60+0,d4 d5 c4 dxc4 Nc3 Bg4 f3 Bh5 e4 f6
1426,1374,white,480+8,e4 e5 Nf3 d6 Bc4 Be6 Bxe6 fxe6 Nc3 c6
1627,1824,white,0+1,e4 c5 d4 e6 d5 e5 Nc3 d6 f4 f6
1625,1453,white,180+0,e4 e5 Nf3 Nc6 Bc4 Nf6 d3 d6 h3 Bg4
1516,1457,white,1260+0,d3 e6 g3 g6 Nf3 Bg7 Bg2 Nf6 c3 O-O
1302,1391,black,600+0,e4 d5 exd5 Qxd5 Nc3 Qe5+ Be2 e6 Nf3 Qf6
1523,1500,white,120+0,d4 c6 e3 d5 Bd2 e6 Bc3 Be7 f3 Nf6
1618,1632,white,300+0,e4 e5 Nf3 d6 d4 exd4 Nxd4 h6 Nc3 Bd7
1461,1315,white,600+0,e4 e5 Nf3 Nc6 Bb5 a6 Bxc6 dxc6 c3 Bg4
1524,1697,black,420+5,e4 e5 a3 Nf6 Bd3 d5 exd5 Nxd5 c3 Bd6
1451,1182,white,900+5,e4 e5 Nf3 Nc6 Bc4 Nf6 Ng5 d5 exd5 Nxd5
1456,1496,white,60+2,e4 c5 Ne2 Nc6 d3 e6 Nbc3 d5 exd5 exd5
1840,1714,black,180+1,d4 d5 Bg5 h6 Bh4 Nf6 e3 e6 Bd3 Be7
1618,1549,black,600+0,e4 d5 exd5 Nf6 c4 e6 dxe6 Bxe6 b3 Nc6
1752,1728,black,120+2,e4 a6 d4 b5 Nf3 Bb7 Bd3 Nf6 Qe2 e6
1714,1523,black,540+15,c4 e5 Nc3 Bc5 e3 Nc6 Nf3 d6 d4 exd4
1805,1646,white,0+1,e4 c5 Nc3 e6 Bc4 a6 d4 cxd4 Qxd4 Nf6
1549,1365,white,240+0,e4 e5 Bc4 Bc5 Qf3 Qf6 Qxf6 Nxf6 d3 d6
1646,1805,black,0+1,e3 c5 c4 e6 Nc3 Nf6 d4 d5 cxd5 exd5
1639,1750,white,600+0,e4 e5 Nf3 Nc6 c3 d6 d4 Be7 dxe5 dxe5
1391,1418,black,300+8,e4 e5 Qf3 Nc6 Bc4 Nf6 g4 Nd4 Qd3 Nxg4
1515,1596,black,300+8,e4 e5 Nf3 Nf6 d3 Nc6 Bg5 h6 Bxf6 Qxf6
1811,1238,white,1200+0,e4 e5 Nf3 d5 exd5 Qxd5 Nc3 Qe6 Be2 e4
1398,1247,white,600+0,e4 e6 Bc4 d5 exd5 exd5 Bb5+ c6 Bd3 Nf6
1365,1364,white,120+0,e4 e5 Nf3 Nc6 Bc4 Qf6 d3 h6 Be3 Bc5
1813,1638,white,0+1,e4 d5 Nc3 dxe4 Nxe4
1469,1523,black,60+2,e4 e5 Ne2 Nc6 Nbc3 a6 d3 Bc5 Na4 Ba7
1639,1500,black,600+8,e4 e5 Nf3 Nf6 Nc3 Nc6 Bc4 Bb4 d3 Bxc3+
2009,1634,black,300+2,e4 e5 Nf3 Nc6 Bb5 Bd6 O-O a6 Bxc6 bxc6
1532,1605,white,600+0,e4 e5 Bc4 Qf6 Nf3 g5 h3 Bc5 Nc3 c6
1420,1708,draw,240+0,e4 e5 Nf3 d6 a3 h6 b4 f5 c4 fxe4
1558,1389,white,300+3,e3 c6 d4 b5 Nf3 e6 Be2 Ba6 O-O Nf6
1620,1668,black,180+2,d4 Nf6 c4 d5 Nc3 e6 cxd5 Nxd5 Bg5 f6
1387,1233,white,300+0,e4 e5 Nf3 Nc6 Nc3 Nf6 Bb5 a6 Bxc6 dxc6
1642,1590,white,240+0,d4 e6 c4 b6 a3 Bb7 b4 h6 Nf3 Nf6
1530,1527,white,120+0,d4 Nf6 e3 d5 f3 e6 c4 b6 f4 Ba6
1799,1819,white,60+0,d4 e6 Nf3 Nf6 Bg5 Be7 e3 h6 Bh4 g5
1797,1818,white,300+0,c4 Nf6 Nc3 d6 g3 e5 d3 Be6 Bg2 Nc6
1500,1425,draw,360+2,d4 e6 c4 c5 e3 a6 Nc3 Nc6 Nf3 cxd4
1632,1489,black,180+0,e4 e6 Nf3 d6 d4 b6 c4 Bb7 Nc3 Nd7
1695,1560,white,300+0,e4 e5 Nf3 Nc6 b3 Bc5 Bb2 d6 Bb5 Nf6
1556,1629,black,300+0,e4 e5 Nc3 Nc6 Bc4 Nf6 f4 d6 Nf3 Be6
1532,1377,black,120+0,e4 d5 exd5 Qxd5 Nc3 Qa5 a3 c6 Bc4 Nf6
1506,1429,white,300+8,e4 e5 Nf3 Nc6 Bb5 d6 Bxc6+ bxc6 h3 Be7
1806,1812,black,60+0,e4 d5 exd5 Qxd5 c4 Qd8 Nc3 c6 d4 Nf6
1670,1530,black,540+10,e3 e5 b3 d5 Qh5 Nc6 Bb5 e4 Qe5+ Qe7
1236,1815,black,1200+0,d3 e5 e4 Be7 g3 d6 h4 f5 Qh5+ g6
1396,1476,black,360+0,e4 e5 Nf3 Nf6 d3 Nc6 Bg5 h6 Bxf6 Qxf6
1500,1167,white,300+4,e4 e5 Nf3 Nf6 Nxe5 b6 Bc4 d5 exd5 Nxd5
1604,1724,white,600+0,e4 e5 Nc3 d6 a3 Nf6 d3 Bd7 Bg5 Be7
1598,1876,white,600+0,c4 c5 Nc3 Nc6 e3 g6 Nf3 Bg7 d4 cxd4
1632,1398,white,120+0,e4 e5 Nf3 Nc6 Bb5 a6 Bxc6 dxc6 O-O f6
1542,1568,black,120+0,d4 d5 e3 Nc6 c4 Nf6 e4 Nxe4 f3 Nd6
1590,1676,white,480+3,e4 e5 Bc4 Nc6 d3 Nf6 f4 Bc5 Nf3 exf4
1565,1537,white,300+0,e4 e5 Bc4 Nc6 Nf3 Qf6 O-O Bc5 a3 d6
1677,1789,white,180+2,e4 e5 Nf3 Nc6 Bb5 a6 Ba4 Nf6 O-O d6
1347,1240,white,900+10,e4 e5 Nf3 d5 Nxe5 dxe4 c3 Qe7 Qa4+ c6
1575,1467,black,300+10,c3 d5 b4 c5 b5 Nf6 a4 a6 e3 axb5
1531,1625,white,120+8,e4 c5 Bc4 Nc6 c3 Qc7 d3 Nf6 h3 e6
1383,1322,black,600+8,e4 e5 Nf3 d6 Bc4 f5 Nc3 f4 d3 Nf6
2016,1950,white,60+1,d4 f5 c4 Nf6 Nc3 e6 e4 fxe4 f3 exf3
1703,1640,white,420+5,e4 b6 d4 e6 Bd3 Bb7 Qe2 Nc6 d5 Nd4
1528,1647,white,900+0,e4 g6 Bb5 c6 Bc4 Bg7 Qf3 b5 Qxf7#
1653,1662,draw,300+8,c4 g6 d4 Bg7 e3 d6 h3 e6 Nf3 Ne7
1616,1907,black,180+0,e4 c5 Nf3 e6 Bc4 a6 d4 b5 Bd3 c4
1360,1366,black,600+10,e4 e5 Nf3 Nc6 Bb5 Nd4 Nxd4 exd4 d3 a6
1392,1637,black,120+0,e4 c5 Nf3 e6 d4 cxd4 Nxd4 Nf6 Nc3 Bb4
1500,1572,black,1200+5,e3 e6 Bc4 d5 Bb5+ c6 Ba4 Nf6 Nc3 h6
1700,1428,white,240+0,e4 e6 Nf3 d6 d4 Nd7 c4 Be7 d5 g5
1634,1587,black,900+0,g3 e5 Bg2 Bc5 e3 d6 b3 h5 Bb2 Bg4
1500,1653,black,300+2,e4 e5 Nf3 Nc6 Bc4 h6 d3 Bd6 Nc3 a6
1459,1467,black,60+2,e4 c5 Qf3 e6 Nc3 Qf6 d3 Qxf3 Nxf3 d6
1652,1579,black,240+0,d4 e6 c4 b6 a4 Bb7 Nc3 f5 Nf3 Nf6
1270,1559,black,180+2,e4 e5 Nc3 d6 d4 exd4 Qxd4 Nc6 Qa4 Bd7
1708,1620,white,600+0,e4 e5 Nf3 d6 Bc4 h6 d3 a6 a3 Qe7
1796,1823,white,60+0,e4 d5 exd5 Qxd5 Nc3 Qd8 Nf3 c6 Bc4 Nf6
1496,1660,black,-,e4 d5 d3 dxe4 dxe4 Qxd1+ Kxd1 Nf6 Nc3 Nc6
1830,1808,white,180+2,c4 Nf6 Nc3 e5 g3 Nc6 Bg2 Bb4 a3 Be7
1552,1702,white,300+0,e4 e5 Nf3 Qf6 Bc4 Bc5 c3 h6 d4 exd4
1128,1348,black,420+0,e4 e6 Nf3 g6 d3 Bg7 Nc3 Qe7 Be3 a6
1811,1731,white,60+0,d4 f5 Nf3 Nf6 Bg5 e6 Bxf6 Qxf6 e3 c6
1475,1177,white,900+5,d4 d5 c4 dxc4 Nf3 c6 Nbd2 b5 h3 e6
1642,1387,white,120+0,e4 e5 Nf3 Nc6 Bb5 a6 Bxc6 dxc6 O-O Bg4
1818,1235,white,1200+0,e4 e5 Nf3 Bd6 Bc4 Bc5 Nc3 d6 h3 Nf6
1547,1585,black,420+0,e4 e5 Nf3 Nc6 Bc4 Bc5 c3 h6 d4 exd4
1579,1516,white,600+12,e4 e6 Nf3 d6 Bc4 d5 exd5 exd5 Bb3 Qe7+
1598,1478,white,120+1,e4 c6 Nf3 d6 d4 e6 Bc4 d5 exd5 cxd5
1758,1628,white,600+8,d4 d5 c4 dxc4 Nf3 Nf6 Bg5 Bg4 h3 Bxf3
2155,1941,black,60+1,d4 f5 Nf3 Nf6 e3 e6 Bc4 Be7 O-O d5
1417,1484,white,300+0,e4 e5 Nf3 Nf6 Nc3 Bb4 a3 Bxc3 dxc3 Nc6
1745,1753,white,120+18,d4 d5 c4 e6 Nc3 Nf6 Bg5 Be7 e3 O-O
1367,1359,black,300+8,d4 e5 c4 Nc6 Nf3 exd4 Nxd4 Nxd4 Qxd4 Nf6
1504,975,white,900+0,e4 g6 d4 Bg7 e5 Nh6 Nf3 O-O Bd3 d6
1690,1792,white,180+2,e4 e5 Nf3 Nc6 Bb5 d6 Bxc6+ bxc6 d4 exd4
1776,1420,white,600+0,Nf3 Nc6 d4 Nf6 e3 d5 c4 dxc4 Bxc4 e6
1577,1680,white,300+1,e3 e5 c3 d5 d4 e4 c4 c6 Nc3 Nf6
1500,1412,white,240+0,e4 e5 d4 f6 dxe5 fxe5 Qh5+ g6 Qxe5+ Be7
1892,1800,draw,420+0,e4 c5 Nf3 Nc6 Bb5 Nd4 Bd3 d6 c3 Nc6
1382,1647,black,120+0,e4 c5 Nf3 e6 d4 cxd4 Nxd4 Nf6 Nc3 Bb4
1575,1579,black,600+0,e4 e5 Nc3 c6 a3 Qf6 Nf3 g5 d3 h6
1426,1595,black,60+10,d4 e6 d5 b6 e4 Bb7 c4 c5 Nc3 Nf6
1859,1662,white,600+0,c4 e6 Nc3 Nf6 g3 b6 Bg2 Nc6 d4 Rb8
1562,1591,white,600+0,Nf3 e6 g3 Qf6 Bg2 g5 h3 Bc5 O-O e5
1612,1916,black,180+0,e4 e6 Nf3 c6 d4 d5 e5 c5 c3 Nc6
1355,1575,black,420+0,d4 e6 e3 c5 c3 cxd4 cxd4 d5 Bd2 Nf6
1256,1405,white,240+0,d4 d5 e3 e6 c4 Nf6 c5 c6 Nc3 Nbd7
1448,1606,black,60+2,e4 e5 Nc3 Nc6 d3 Bc5 Be3 Bxe3 fxe3 d6
1832,1605,white,240+3,e4 d5 exd5 Qxd5 Nc3 Qd8 Bc4 c6 d4 Nf6
1636,1659,black,300+2,d4 d5 c4 dxc4 e4 b5 Nc3 c6 a4 Qb6
1624,1563,draw,180+2,e4 e5 Nc3 d6 a3 a6 Bc4 b5 Bd5 c6
1801,1704,white,240+0,d4 d5 c4 dxc4 Qa4+ c6 Qxc4 e6 Nf3 Qd5
1686,1570,black,300+0,e4 e5 Nf3 Nc6 b3 Bc5 Bb2 d6 Bb5 Bd7
1370,1326,black,600+8,e4 e5 Nf3 d6 Bc4 Nf6 Nc3 Na6 d3 Bg4
1640,970,white,60+1,d4 Nf6 e3 d5 c4 e6 Nc3 Bb4 Bd2 Bxc3
1544,1695,black,120+8,e4 e5 Bc4 Nf6 d3 Nc6 c3 Be7 h3 O-O
1651,1377,white,120+0,e4 e5 Nf3 Nc6 Bb5 a6 Bxc6 dxc6 O-O Bg4
1472,1478,white,300+0,c4 e5 d3 Nf6 e4 Nc6 Nc3 Bb4 Ne2 O-O
1574,1603,white,0+8,e4 e6 Nf3 d6 d4 Nc6 Bb5 Bd7 c3 Nf6
1864,1644,white,600+0,c4 e6 g3 Nf6 Nc3 b6 Bg2 Nc6 d4 Rb8
1639,1665,white,240+0,d4 d5 c4 e6 c5 b6 cxb6 axb6 a4 c5
1695,1389,white,240+0,e4 e5 Bc4 Nh6 Qh5 g6 Qh3 Bg7 d3 d5
1611,1717,black,600+0,e4 e5 Nf3 d6 d4 exd4 Nxd4 h6 Nc3 Nf6
1674,1272,white,300+1,e4 d6 d3 g6 Nf3 Bg7 c3 e5 Be2 Ne7
1619,1809,black,300+1,e3 d5 d4 e6 Nf3 c5 c3 Nc6 Be2 cxd4
1794,2135,black,0+1,e4 e6 Nc3 b6 d4 Bb7 Bd3 d6 Be3 Nf6
1781,1396,white,600+0,Nf3 d5 d4 e6 e3 a6 c4 dxc4 Bxc4 Nc6
1234,1822,black,1200+0,e4 e6 d4 d5 e5 a6 b4 Bxb4+ Bd2 Be7
1654,1520,white,1200+0,d4 d5 c4 c5 dxc5 d4 Nf3 Qa5+ Bd2 Qxc5
1372,1655,white,120+0,e4 c5 Nf3 e6 d4 cxd4 Nxd4 Nf6 Nc3 Bb4
1498,1500,black,180+10,e4 e5 d4 f6 d5 Ne7 Nc3 d6 Bb5+ Bd7
1612,1820,black,60+0,e4 d5 Nf3 dxe4 Ng5 Nf6 Nc3 Bg4 Ncxe4 Bxd1
1769,1703,black,180+2,d4 Nf6 c4 d5 Nc3 e6 Nf3 b6 Bg5 Ba6
1503,1588,black,600+12,e4 d6 d4 h6 c4 b6 b4 Nf6 Bd3 e5
1417,1526,black,420+7,Nc3 e5 e4 Nf6 Nf3 Bc5 d3 Ng4 Be3 Bxe3
1825,1607,white,60+0,d4 d5 Bg5 Nc6 e3 Nf6 c3 e6 Bd3 Be7
1746,1591,black,180+0,d4 e6 Bf4 d5 a3 Nf6 e3 c5 Nc3 cxd4
1811,1595,white,420+0,e4 e5 d4 exd4 c3 dxc3 Bc4 d6 Qb3 Qe7
1635,1394,white,120+0,e4 e5 Nf3 Nc6 Bb5 a6 Bxc6 dxc6 O-O Bg4
1441,1641,black,60+2,e4 h6 Qf3 c5 Bc4 e6 Nc3 a6 a4 Nc6
1662,1654,black,300+8,g3 d5 Bg2 c5 d3 e6 e3 Nf6 h3 Nc6
1365,1353,white,480+8,e4 e6 Nf3 d5 exd5 Qxd5 Nc3 Qc6 Bb5 Bd7
1444,1481,black,300+8,d4 e5 e3 exd4 exd4 Nc6 c3 Nf6 g3 Bd6
1631,1593,white,300+2,d4 d5 e4 e6 Nc3 c5 dxc5 Bxc5 Nf3 Qb6
1602,1420,white,60+10,e4 e6 f4 d5 e5 Nc6 Nf3 a6 d4 Nge7
1825,1233,white,1200+0,e4 d5 exd5 Qxd5 Nc3 Qd4 Nf3 e5 Nxd4 exd4
1602,1540,black,540+15,e4 e5 Bc4 Bc5 Nf3 Nc6 c3 d6 h3 Nf6
1341,1350,white,1080+2,d4 Nc6 e3 e5 d5 Nce7 e4 Nf6 Nc3 Ng6
1409,1385,black,240+0,d4 d5 e3 e6 c4 Nf6 cxd5 Qxd5 Nc3 Qa5
1729,1254,white,600+5,e4 d6 d4 Nf6 Nc3 Bg4 Be2 e5 Bxg4 Nxg4
1562,1590,white,600+0,e4 e5 Nf3 Qf6 Bc4 g5 d3 h6 a3 Bc5
1471,1500,black,300+5,d4 e6 e4 Nc6 Nf3 f5 e5 d6 Bg5 Be7
1640,1602,white,60+3,e4 e5 Nf3 Nc6 Bb5 Bc5 O-O d6 c3 Bd7
1565,1622,white,180+2,e4 e5 Nf3 Nc6 Nc3 a6 d4 exd4 Nxd4 Bc5
1432,1483,draw,300+0,e4 e5 Nc3 Nf6 d4 Bb4 dxe5 Qe7 exf6 Bxc3+
1648,1694,white,420+7,e4 e5 Nf3 Nc6 Bc4 Nf6 d3 Be7 Ng5 O-O
1676,1232,white,300+1,e4 d5 exd5 Nf6 c4 e6 dxe6 Bxe6 b3 Bb4
1904,1696,white,300+13,e4 c6 Nf3 d5 exd5 cxd5 d4 Bg4 h3 Bxf3
1653,1743,black,600+0,e4 e5 Nf3 Nc6 c3 d6 d4 Bg4 h3 Bh5
1556,1242,draw,300+5,e4 e5 Nf3 d6 Bc4 c6 d3 b5 Bb3 Nf6
1431,1452,white,600+0,d4 Nf6 e3 d5 Bd2 Bf5 c4 e6 a4 c6
1740,1526,white,360+0,e4 a6 d4 b5 f4 Bb7 Bd3 e6 Nf3 c5
1302,1422,black,300+5,e4 e5 Nf3 d6 Bc4 h6 d4 Qe7 dxe5 dxe5
1626,1108,white,60+0,d4 d5 e3 c6 Nf3 b5 Ne5 a6 Qf3 f6
1519,1168,white,600+10,e4 e5 Nc3 f6 d3 g6 f4 f5 fxe5 Nc6
1590,1816,white,420+0,d4 d5 c4 c6 e3 Bf5 Nc3 e6 Nf3 Nf6
1714,1464,white,180+0,d4 e5 dxe5 Nc6 Bf4 d6 exd6 Qxd6 Bxd6 Bxd6
1379,1357,black,600+8,d4 d5 Nf3 Nf6 Bg5 e6 e3 Be7 Bd3 O-O
1466,1486,black,900+0,e4 e5 Nf3 Nf6 Nc3 d5 exd5 Nxd5 d3 Nxc3
1712,1742,black,420+5,e4 c5 Nf3 Nc6 d4 cxd4 Nxd4 d6 Nxc6 bxc6
1592,1651,black,60+3,e4 c5 Nf3 e6 Bc4 Nf6 e5 d5 exf6 dxc4
1646,1647,black,60+1,e4 c5 c3 Nc6 f4 h6 d4 cxd4 cxd4 d6
1429,1398,white,240+0,e4 e5 Nf3 d6 Nc3 Bg4 h3 Bh5 g4 Bg6
1723,1266,white,180+0,d4 e6 Bf4 d5 e3 Bb4+ c3 Bd6 Qf3 Bxf4
1627,1552,white,60+0,d4 g6 e3 b6 Nf3 Bb7 Bc4 Bg7 Bxf7+ Kxf7
1397,1661,draw,300+1,d4 e6 e3 c5 Bd3 cxd4 exd4 Nc6 c3 Qf6
1828,1696,black,1200+0,e4 e5 Nf3 d6 h3 Ne7 Be2 f5 d3 fxe4
1633,1622,white,900+0,e4 d5 e5 d4 f4 e6 Bb5+ c6 Bc4 Ne7
1513,1603,white,240+2,e4 e6 f4 c6 Nf3 d5 e5 Qb6 d4 c5
1538,1548,white,600+5,d4 e6 e3 Nc6 d5 exd5 Qxd5 Nf6 Qd1 d5
1631,1500,black,720+8,e3 g5 Bb5 h5 Nf3 g4 Ne5 c6 Bc4 d5
1726,1787,black,480+0,e4 e5 Nf3 Nc6 Bb5 d6 Bxc6+ bxc6 d3 Be7
1348,1500,white,420+0,d4 d5 e3 f6 Bd2 e5 a4 b6 b4 a5
1340,1104,black,300+0,e4 e5 Qh5 Nc6 Bc4 Nf6 Qf3 Bc5 d3 d6
1474,1641,white,300+2,e4 c6 Bc4 e6 e5 b5 Bb3 a5 a3 Na6
1436,1763,white,60+2,e4 e5 Ne2 d5 exd5 Nf6 d4 exd4 Qxd4 Be7
1237,1378,black,300+8,e4 c6 Nc3 d5 exd5 cxd5 Nge2 Bf5 d4 Nf6
1594,1635,black,60+0,e4 e5 Nf3 Bc5 Nc3 d6 Na4 Bg4 Nxc5 dxc5
1889,1815,white,420+0,e4 e6 Nf3 d5 e5 c5 Bb5+ Nc6 Bxc6+ bxc6
1659,1731,black,420+7,Nf3 d5 d4 Nf6 Nc3 c6 h3 e6 Bg5 Nbd7
1661,1583,black,60+3,e4 e5 Nf3 Nc6 Bb5 Bc5 O-O d6 c3 Bd7
1636,1584,black,60+0,d4 d5 e3 e6 Nf3 c5 Bd3 cxd4 Nxd4 Nc6
1621,1667,black,240+0,e4 c5 d4 cxd4 Qxd4 Nc6 Qa4 d6 Nf3 Bd7
1848,1527,black,900+0,g3 e5 Bg2 d5 c3 Nf6 d4 Nc6 dxe5 Nxe5
1526,1797,black,600+10,d4 d5 c4 c6 Nc3 Nf6 f3 Bf5 b4 e6
1702,1252,white,420+8,e4 d5 exd5 Qxd5 Nc3 Qe6+ Be2 Nc6 Nf3 g6
1796,1716,black,480+0,e4 e5 Nf3 d6 c4 h6 Nc3 Nf6 d3 Be7
1600,1732,white,300+0,c4 Nf6 Nc3 e6 e4 Be7 Nf3 d6 d4 O-O
1321,1113,white,300+0,e4 e6 e5 c5 f4 b6 Nc3 Bb7 Nb5 a6
1767,1658,white,180+0,e4 d5 exd5 Qxd5 Nf3 Bg4 Be2 Nf6 O-O e6
1218,1679,black,300+1,d4 d5 e3 e6 h3 Nf6 a3 Nc6 Nf3 Bd6
1526,1813,black,120+4,e4 e5 f4 exf4 Nf3 d5 Nc3 dxe4 Nxe4 Nf6
1869,1614,white,720+2,c4 c6 g3 e5 Bg2 d5 cxd5 cxd5 e3 Nf6
1808,1500,white,300+3,d4 d5 Nf3 e6 e3 Bd6 c4 Nf6 c5 Be7
1664,1646,black,120+0,e4 c5 Nf3 e6 d4 cxd4 Nxd4 Nf6 Nc3 Bb4
1597,1596,white,60+3,e4 e5 Nf3 Nc6 d4 exd4 Nxd4 Bc5 Nxc6 bxc6
1494,1705,white,900+30,d4 e6 c4 c6 Qd2 c5 d5 exd5 cxd5 c4
1529,1811,black,240+5,e4 c6 Nf3 d5 exd5 cxd5 Bb5+ Bd7 Qe2 Nc6
1223,1272,white,0+4,d4 d5 c4 Nc6 Nc3 dxc4 e3 Nf6 Bxc4 Bf5
1452,1552,black,540+15,c4 e5 e4 Bc5 Nc3 Nc6 Nf3 d6 d3 Bg4
1563,1535,white,420+7,e4 e5 Nf3 Nc6 Bc4 h6 d4 Qf6 d5 Nd4
1565,1484,white,120+0,e4 c5 Nf3 e6 Nc3 Nc6 Bb5 Nf6 d4 cxd4
1955,1831,white,60+0,e4 d5 exd5 Qxd5 Nc3 Qd8 Nf3 c6 Bc4 Nf6
1455,1605,white,900+0,e4 e5 Nf3 Nf6 Nc3 Bb4 d3 Bxc3+ bxc3 Nc6
1500,1253,white,180+0,d4 d5 Nc3 Nf6 Bf4 Nc6 Nb5 e5 dxe5 Nxe5
1438,1432,black,300+0,e4 c6 d4 e6 Nf3 h6 Nc3 a6 Bd3 b5
1645,1629,black,600+0,e4 Nc6 Nf3 Nf6 c3 e5 d4 exd4 cxd4 Nxe4
1654,1492,white,360+2,e4 e6 f4 c5 Nf3 Nc6 g3 a6 Bg2 Nh6
1786,1576,black,600+0,Nf3 c6 d4 d5 e3 Nf6 c4 e6 Nc3 Bb4
1823,1963,black,60+0,d4 Nf6 Bg5 Ne4 Bh4 c5 e3 Qb6 b3 Qb4+
1549,1385,white,600+5,d4 c6 e3 Nf6 Bd2 g6 Bc3 Bg7 Bc4 d5
1658,1585,white,120+0,e4 e5 Nf3 Nc6 Bb5 Bc5 c3 d6 d4 exd4
1500,1388,white,240+0,e4 e5 f4 Qh4+ g3 Qh6 fxe5 b6 d4 Bb7
1497,1173,white,900+5,e4 e5 Nf3 Nc6 d4 d6 dxe5 Qe7 exd6 Qxe4+
1797,1949,white,180+2,c4 e6 Nc3 b6 g3 Bb7 Nf3 f5 Bg2 Nf6
1248,1575,draw,240+0,e4 e5 Nf3 Qf6 d4 Nc6 dxe5 Nxe5 Nxe5 Qxe5
1585,1357,white,180+0,d4 d5 Nc3 Bf5 Bf4 e6 Nb5 Bd6 Nxd6+ cxd6
1576,1668,black,120+0,e4 c5 Nf3 e6 Bc4 Nf6 e5 d5 exd6 Bxd6
1450,1127,white,1740+29,e4 c6 d4 d6 Nc3 Qc7 Nf3 Bg4 Be2 Nd7
1454,1475,white,60+2,e4 c5 Qf3 Nc6 Bc4 Nf6 Nc3 Ne5 Qe2 Nxc4
1702,1651,white,420+5,e4 g6 d4 Bg7 e5 d6 Bf4 h6 Nc3 g5
1548,1255,white,300+5,e4 d5 exd5 Qxd5 Nc3 Qd8 Nf3 g6 Bc4 Bg7
1970,1816,white,60+0,e4 d5 exd5 Qxd5 Nc3 Qa5 Nf3 Bg4 Be2 c6
1100,1376,black,1200+15,e4 e5 Nc3 Nc6 Nf3 f6 b3 Nh6 d3 g5
1573,1337,white,120+0,e4 d5 exd5 Nf6 Nc3 Nxd5 Nxd5 Qxd5 Nf3 Bg4
1327,1363,black,300+0,e4 e6 Nc3 g6 Nf3 Bg7 Nb5 a6 Na3 Nf6
1500,1776,black,180+2,e4 a6 Nf3 b6 Bd3 c6 O-O d6 c4 e5
1623,1533,black,60+0,d4 b6 e3 g6 Nf3 Bg7 Bd3 Bb7 O-O e6
1578,1385,white,120+0,e4 e6 Nf3 c5 Nc3 Nc6 Bb5 Nf6 d3 d5
1633,1661,draw,600+0,e4 Nc6 Nf3 Nf6 c3 e5 d4 exd4 cxd4 Nxe4
1799,1939,black,420+0,e4 c5 Nf3 d6 d4 cxd4 Nxd4 Nf6 Nc3 a6
1681,1522,black,300+1,e4 d5 exd5 Nf6 c4 e6 dxe6 Bxe6 b3 Bb4
1652,1394,white,180+0,d4 d5 Nc3 g6 Bf4 Bg7 Nb5 Na6 a3 c6
1677,1568,white,120+0,e4 e5 Nf3 Nc6 Bb5 Bc5 O-O d6 c3 Bd7
1500,1567,white,900+0,e4 c5 d4 cxd4 c3 d3 Bxd3 e6 Nf3 Qc7
1973,1977,black,60+0,e4 c5 Nc3 d6 Nf3 Nf6 d3 g6 g3 Bg7
1573,1745,white,360+0,e4 e5 c3 d5 exd5 Qxd5 d4 exd4 cxd4 Bb4+
1704,1647,white,420+8,e4 c5 Nf3 d6 Nc3 g6 d4 Na6 Bxa6 bxa6
1612,1661,white,1200+0,d4 d5 e3 Nc6 h3 e5 dxe5 Nxe5 Nf3 Ng6
1608,1809,black,60+0,d4 d5 e3 c6 Nf3 Nf6 Bd3 Bg4 Be2 e6
1491,1500,white,600+12,e4 e5 d4 exd4 Qxd4 Nc6 Qd5 Nf6 Qb3 Nxe4
1874,1901,black,720+5,c4 e6 Nc3 d5 cxd5 exd5 d4 Nf6 a3 a6
1302,1270,white,240+3,e4 Nc6 Nf3 Nf6 e5 Nd5 c4 Ndb4 a3 Na6
1566,1343,white,240+0,e3 e5 d3 Nc6 a3 Nf6 g3 h5 h3 g5
1584,1097,white,120+0,e4 e5 Nf3 Nc6 Bc4 d6 O-O Bg4 h3 Bh5
1466,1464,black,60+2,e4 c5 b3 Nc6 Bb2 e5 d3 Nf6 Nf3 d6
1813,1328,white,180+0,e4 e5 Nf3 Nc6 Bb5 d6 Bxc6+ bxc6 h3 a5
1989,1961,black,60+0,e4 g6 d4 Bg7 Nc3 d6 Be3 Nf6 f3 O-O
1662,1443,white,300+1,e4 c6 d3 e6 Nf3 a6 Nc3 h6 h3 b5
1735,1576,draw,480+0,e4 g6 Nf3 Bg7 Bb5 c6 Bc4 Qb6 d3 Bxb2
1560,1685,white,120+0,e4 c5 Nf3 e6 Bc4 Nf6 e5 d5 exd6 Bxd6
1630,1651,black,420+7,e4 e5 Nf3 Nf6 Nxe5 Nxe4 Qf3 Nf6 Bc4 d5
1555,1366,white,600+5,d4 d5 e3 Nc6 Bb5 Bd7 Bxc6 Bxc6 Ne2 e6
1812,1481,white,300+3,e4 e5 Bc4 Nf6 Nc3 Be7 d3 O-O Nge2 d6
1538,1552,black,240+2,e4 e5 f4 d6 f5 Nc6 Nc3 Nf6 d3 d5
1577,1344,black,120+0,d4 e6 f4 d6 e3 Nd7 Bd3 Be7 Qe2 g5
1814,1603,black,60+0,e4 e5 Bb5 c6 Ba4 b5 Bb3 d5 exd5 cxd5
1320,1814,black,180+0,e4 e6 Bc4 c5 Nf3 Nc6 Nc3 Nf6 d3 Be7
1974,1976,white,60+0,e4 c5 Nc3 d6 Bc4 Nf6 Nf3 g6 d4 Bg7
1818,1738,white,120+4,e4 c5 Nf3 d6 Bb5+ Nc6 O-O Nf6 Re1 e5
1816,1312,white,180+0,e4 e6 Nf3 d6 Bc4 Nf6 d3 c6 O-O b5
1667,1525,black,420+7,e4 e5 Nf3 Nc6 Bc4 h6 c3 Bc5 b4 Bb6
1405,1585,black,60+1,d4 d5 e3 Nf6 Nc3 Bf5 Nf3 e6 h3 Bb4
1832,1743,white,480+2,e4 g6 d4 e6 f4 Bg7 Nf3 Ne7 c4 O-O
1965,1986,white,60+0,e4 g6 d4 Bg7 Nc3 d6 Be3 Nf6 f3 O-O
1812,1814,draw,180+2,c4 Nf6 Nc3 d5 g3 c6 d4 Bf5 Bg5 e6
1483,1549,black,480+8,d4 d5 c4 c6 Nc3 dxc4 e4 b5 a4 b4
1669,1575,white,120+0,e4 e5 Nf3 Nc6 Bb5 Bc5 c3 d6 d4 exd4
1525,1500,black,240+5,e4 e5 Nf3 Nc6 Bb5 a6 Bxc6 dxc6 d3 Bd6
1679,1794,white,600+0,e4 e6 d4 c5 c3 Nc6 Bb5 a6 Bxc6 bxc6
1796,1589,white,60+0,d4 e6 Nf3 d6 Bg5 Nc6 Bxd8 Nxd8 e4 d5
1559,1475,white,120+0,f4 c5 e3 Nc6 c3 e6 d4 cxd4 exd4 d5
1317,1377,black,300+0,e4 e6 Nc3 g6 Nb5 Bg7 d3 a6 Na3 Qe7
1305,1817,black,180+0,d3 e6 e4 d5 exd5 Qxd5 f3 Nc6 Nc3 Bb4
1378,1500,white,120+0,e4 e5 Bc4 Qf6 Nf3 Bd6 d3 h6 Nc3 c6
1668,1478,white,300+1,e4 e5 Nf3 Nf6 d3 Bc5 Be2 Bxf2+ Kxf2 Nc6
1399,1362,black,60+1,d4 e6 e3 d6 f4 Nd7 g3 Be7 Bg2 h5
1977,1791,black,0+1,e4 e6 d3 Nf6 Qe2 d5 e5 Nfd7 Nf3 c5
1568,1466,white,120+0,d4 e6 f4 c5 e3 cxd4 exd4 Nc6 c3 Nf6
1454,1591,black,60+2,e4 e5 Ne2 Nc6 d4 Bb4+ c3 Ba5 d5 Nce7
1567,1678,black,120+0,e4 c5 Nf3 e6 Bc4 Nf6 e5 d5 exd6 Bxd6
1584,1802,black,60+0,e4 d5 exd5 Qxd5 d3 Qa5+ c3 c6 Nf3 Nf6
1806,1920,black,300+0,e4 c5 Nf3 Nc6 d4 cxd4 Nxd4 e5 Nb5 d6
1819,1542,white,180+0,e4 e5 Nf3 Qf6 Bc4 Bc5 O-O d6 h3 Ne7
1579,1251,white,240+0,e4 e6 e5 g6 d4 Bg7 Nf3 d5 Bd3 Nc6
1809,1960,white,0+1,e4 c5 Nc3 d6 Bc4 Nf6 d3 g6 f4 Bg7
1316,1627,black,300+3,d4 Nf6 c4 e5 Nf3 e4 Ng5 h6 Nh3 d5
1729,1728,white,180+1,e4 e5 d4 exd4 c3 dxc3 Bc4 cxb2 Bxb2 Bb4+
1715,1924,black,180+3,e4 e6 Nc3 Nf6 Nf3 c6 d4 d5 e5 Nfd7
1256,1346,white,300+5,e4 e6 Nf3 Nc6 d4 d5 exd5 Qxd5 Bf4 Bd6
1573,1943,black,0+1,a4 c5 e3 d5 Bb5+ Bd7 Bxd7+ Qxd7 b3 Nf6
1369,1561,white,600+8,e4 e5 Nf3 d6 Bc4 Bg4 d3 Bxf3 Qxf3 Qf6
1316,1291,black,600+10,e4 d5 exd5 Qxd5 Nc3 Qe5+ Be2 Bg4 d4 Qe6
1686,1559,white,120+0,e4 e5 Nf3 Nc6 Bb5 Bc5 c3 d6 d4 exd4
1659,1752,black,720+8,e4 g5 d4 e6 Nf3 g4 Ne5 h5 Bc4 d6
1792,1537,white,420+0,e4 e5 d4 exd4 c3 dxc3 Bc4 cxb2 Bxb2 Qe7
1576,1386,white,60+1,e4 e6 Nc3 Nc6 d4 Bb4 Bd2 Bxc3 Bxc3 d5
1634,1705,black,600+0,e4 e5 Nf3 Nc6 c3 Nf6 d4 exd4 cxd4 Nxe4
1700,1312,white,180+0,d4 d5 Nc3 c6 e4 e6 a3 Nf6 e5 Ne4
1673,1807,black,60+0,e4 d5 Bb5+ c6 Bd3 dxe4 Bxe4 Nf6 d3 Bg4
1727,1217,white,180+0,d4 d5 Bf4 Nc6 Nc3 Nf6 Nb5 Rb8 e3 e5
1815,1500,white,300+3,e4 e5 Bc4 Nc6 Qh5 g6 Qf3 Nf6 c3 d6
1946,1571,black,0+1,e4 d6 d4 e6 Nc3 b6 f3 Bb7 Be3 Nd7
1588,1424,white,180+0,e4 e6 Nf3 d6 d4 Nd7 Nc3 Be7 Bf4 g5
1443,1777,black,900+0,e4 b6 Nc3 Bb7 d4 e6 Nf3 Nf6 Bb5 Nxe4
1591,1925,black,0+1,e4 c5 Bc4 d6 Qf3 Nf6 d3 e6 Qd1 Nc6
1814,1813,white,180+2,d4 e6 c4 d5 Nf3 dxc4 e3 Nc6 Bxc4 Bb4+
1730,1216,white,180+0,d4 d5 Bf4 e6 a3 h6 Nc3 Nc6 Nb5 Bd6
1661,1628,black,360+2,d4 Nf6 Bf4 d6 e3 Nc6 Bd3 g6 c3 Bg7
1389,1459,black,120+0,e4 c5 Bc4 Nc6 a3 Nf6 Nc3 d5 exd5 Na5
1563,1682,black,300+5,e4 e5 Bc4 Nf6 d3 c6 Nc3 d5 exd5 cxd5
1928,1588,white,0+1,e4 c6 d4 b6 f3 d6 Bd3 e6 Be3 Bb7
1076,1378,black,1200+15,e4 e5 Nf3 d6 Ng5 h6 Nf3 g5 d4 Bg7
1845,1714,white,480+2,e4 e5 Nf3 Nc6 Bc4 h6 Nc3 Nf6 O-O d6
1576,1513,white,120+0,f4 e6 d4 d6 e3 b6 c3 Bb7 Bd3 Nd7
1599,1588,white,120+0,e4 e5 Nf3 Nc6 Bc4 h6 O-O Nf6 Nc3 Bb4
1528,1934,black,240+2,e4 e5 Nf3 Nc6 Bb5 a6 Bxc6 dxc6 Nxe5 Qd4
1757,1269,white,120+18,d4 f5 c4 Nf6 Nc3 g5 Bxg5 Bg7 e3 O-O
1343,1367,black,300+8,d4 d5 e3 Nc6 c4 Be6 Qf3 dxc4 b3 cxb3
1606,1730,white,480+0,g3 d5 Bg2 e6 e4 dxe4 Bxe4 Nf6 Bg2 h6
1429,1674,black,300+0,d4 d5 c4 Nf6 Nf3 e6 cxd5 exd5 Nc3 Nc6
1552,1693,white,120+0,e4 c5 Nf3 e6 Bc4 Nf6 e5 d5 exf6 Bd6
1380,1578,draw,60+1,d4 e6 e3 d5 Nc3 Nc6 Nf3 Nf6 g3 Bb4
1585,1931,black,0+1,e4 c5 c4 d6 d3 Nf6 Be2 g6 Nf3 Bg7
1678,1567,white,120+0,e4 e5 Nf3 Nc6 Bb5 d6 d4 exd4 Nxd4 Bd7
1613,1135,white,780+3,e4 e5 Nf3 Nc6 Bb5 a6 Ba4 Qf6 O-O b5
1687,1610,white,180+5,Nf3 Nc6 d4 d5 c4 Nf6 Nc3 Bg4 e3 e6
1500,1521,black,60+10,g3 b5 Bg2 c6 Nh3 e6 O-O Qb6 e3 Ba6
1517,1699,black,240+5,e4 e5 Nf3 d6 Bc4 h6 h3 Nf6 Nc3 a6
1934,1582,white,0+1,e4 d6 f4 e6 Nf3 c6 d4 Nd7 Bd3 Be7
1559,1686,black,120+0,e4 c5 Nf3 e6 Bc4 Nf6 e5 d5 exf6 dxc4
1588,1295,black,240+0,e3 d5 d3 e5 g3 f5 Bg2 Be6 h3 Nf6
1349,1439,white,900+0,e4 e5 Nf3 Nc6 Bc4 h6 Nc3 Nf6 d4 exd4
1467,1379,black,120+0,e4 e6 Bc4 Nf6 Nf3 d6 O-O Be7 d3 O-O
1579,1937,black,0+1,e4 c5 d4 d6 dxc5 Qa5+
1660,1818,black,420+7,e4 b6 Nf3 Bb7 Nc3 e6 Bc4 Nf6 d3 Qe7
1716,1447,white,360+0,e4 e6 d4 d6 c4 c6 Nf3 Nf6 Bd3 Be7
1500,1541,white,420+7,e4 e5 Bc4 h6 Bxf7+ Kxf7 Qf3+ Nf6 Qb3+ Ke7
1570,1579,black,60+0,e4 d6 d4 e6 d5 Be7 dxe6 fxe6 Qf3 Nf6
1545,1542,white,240+0,e4 e5 Nf3 Nc6 Nc3 Bb4 Bc4 Nf6 a3 Bxc3
1650,1532,white,240+0,d4 d5 c4 Nf6 e3 e6 c5 b6 cxb6 cxb6
1801,1825,black,180+2,c4 Nf6 Nc3 d5 cxd5 Nxd5 g3 Nxc3 bxc3 g6
1759,1741,draw,600+5,d4 Nf6 c4 d5 Nc3 e6 Bg5 Nbd7 e4 dxe4
1504,1500,white,180+0,d3 e5 e3 f5 Ne2 d5 g3 Nf6 Bg2 c5
1732,1472,white,180+0,d4 e6 Bf4 Bd6 Bxd6 cxd6 e3 Nf6 Nc3 O-O
1505,1360,black,480+8,e4 c6 Nf3 d5 exd5 cxd5 c4 Nf6 cxd5 Nxd5
1447,1785,white,60+2,e4 e5 Ne2 Nc6 Nbc3 Bc5 d3 f5 Na4 Be7
1573,1386,white,60+1,e4 Nf6 Nc3 e5 Nf3 d6 Bc4 Nc6 Ng5 d5
1537,1595,white,300+0,e4 c5 Nf3 g6 d4 e6 dxc5 Bxc5 Bd3 Ne7
1590,1815,black,60+0,h4 d5 d3 c5 Bg5 f6 Be3 e5 Bd2 d4
1531,1558,white,540+9,d4 d5 e4 c6 Nc3 e6 Nf3 a6 Bf4 Nd7
1559,1552,draw,60+0,e4 e5 Qh5 Nc6 Bc4 Qf6 Nc3 Bc5 Nf3 g6
1648,1937,black,360+2,d4 Nf6 Bf4 g6 e3 Bg7 f3 d6 g4 O-O
1307,1311,white,300+0,e4 e5 Qh5 Nf6 Qxe5+ Be7 Qg3 d6 Qxg7
1716,1689,draw,480+0,e4 b6 f4 Bb7 e5 e6 d4 f6 Nc3 fxe5
1855,1740,white,120+2,e4 a6 d4 b5 Nf3 Bb7 Nc3 b4 Nd5 e6
1432,1819,black,300+3,e4 c5 Nf3 Nc6 d4 cxd4 Nxd4 e5 Nf3 d6
1394,1454,black,120+0,e4 c5 Nf3 Nc6 d3 e6 Be3 d5 exd5 exd5
1655,1721,draw,300+1,e4 e5 Nf3 f6 d4 Nc6 dxe5 fxe5 Qd5 Nf6
1417,1756,black,180+0,e4 e6 Nf3 d5 exd5 exd5 d4 Nc6 c4 Bg4
1299,1285,black,360+0,d4 e5 dxe5 f6 exf6 Nxf6 Nf3 Nc6 e3 a6
1420,1362,black,900+0,d4 d5 c4 e5 Nc3 Be6 e4 dxc4 dxe5 Bb4
1319,1409,white,300+0,e4 b6 Qf3 Bb7 Bc4 f6 d3 e6 Qh5+ g6
1780,1694,white,600+0,e4 e5 Bc4 Qf6 Nf3 h6 Nc3 c6 O-O d6
1826,1991,black,0+1,d3 c5 Nc3 e6 e4 d5 f3 d4 Nce2 e5
1823,1926,draw,180+0,e4 c5 Nf3 Nc6 Bb5 d6 Bxc6+ bxc6 h3 g6
1379,1546,white,300+8,e4 c6 d4 e6 Bf4 d6 Nf3 h6 Nbd2 a6
1820,1585,white,60+0,d4 d6 Nf3 e6 Bg5 Be7 Bxe7 Qxe7 e4 Nf6
1560,1537,black,540+15,e4 e5 Bc4 Nf6 Nc3 c6 d3 d5 exd5 cxd5
1479,1579,white,60+0,e4 e5 Bc4 Qh4 Nf3 Qxe4+ Be2 Bc5 d3 Bxf2+
1500,1402,white,180+0,d4 Nf6 Nc3 e6 a3 b6 Bf4 Be7 Nb5 d6
1463,1384,white,120+0,e4 e6 Nf3 d6 d4 Nc6 Nc3 Nf6 Bb5 Bd7
1580,1825,black,60+0,h4 d5 d3 e5 Bg5 f6 Bd2 Bd6 e3 Ne7
1510,1555,black,240+5,e4 e5 Nf3 Nc6 Bb5 Bc5 Bxc6 dxc6 d3 h6
1740,1743,black,180+0,d4 e6 Bf4 d5 e3 Nc6 a3 Be7 Nc3 Nf6
1936,1841,black,180+2,e4 e6 Nc3 d5 exd5 exd5 d4 Nf6 Bd3 Bd6
1740,1781,black,180+4,e4 e5 d4 exd4 c3 dxc3 Bc4 Nf6 Nxc3 d5
1564,1494,white,60+0,e4 e5 Qh5 Nf6 Qxe5+ Be7 Bc4 Nc6 Qc3 d6
1796,1978,white,240+1,e4 e5 d4 exd4 c3 d5 Qxd4 dxe4 Qxe4+ Qe7
1543,1654,white,540+9,d4 d5 e4 dxe4 Nc3 Nf6 f3 exf3 Qxf3 e6
1670,1312,white,300+3,e4 Nf6 e5 Nd5 d4 g6 c4 Nb4 a3 N4a6
1541,1443,white,240+0,e3 e5 d3 d5 g3 Nf6 Bg2 Nc6 h3 Bb4+
1735,1954,black,300+1,e4 c5 Nf3 e6 c4 Nc6 Nc3 Nf6 d3 d5
1923,1826,white,180+0,e4 e6 c4 c5 Nf3 Nc6 d3 Nf6 g3 Be7
1375,1471,black,120+0,e4 c5 Bc4 Nc6 Nf3 e6 d3 d5 exd5 exd5
1759,1414,white,180+0,e4 e6 d4 d6 Nc3 Be7 f4 Nd7 Nf3 Nf8
1657,1485,white,240+0,d4 e6 c4 c5 e3 cxd4 exd4 Nf6 c5 b6
1749,1646,white,300+8,e4 d5 exd5 Nf6 Nc3 Nxd5 d4 Nxc3 bxc3 Bf5
1580,1419,black,600+0,e4 e5 Nc3 d5 Nxd5 c6 Ne3 Bc5 d3 Ne7
2002,2151,black,300+0,d4 Nf6 Nf3 e6 c4 Bb4+ Bd2 Qe7 Nc3 O-O
1290,1358,white,360+0,d4 d5 Nf3 e6 e3 Nc6 Nc3 Bb4 Bd2 Nge7
1660,1259,black,300+2,d4 e6 Nf3 Nf6 c4 Nc6 Nc3 Bb4 e3 d5
1820,1576,white,0+1,e4 d6 Nc3 h5 d4 Bg4 Bd3 Bxd1 Nxd1 Nd7
1556,1550,white,240+0,e4 e5 Nf3 Nc6 Bc4 Nf6 Ng5 d5 exd5 Na5
1485,1573,black,60+0,e4 e5 Bc4 Nc6 Nf3 Nf6 Nc3 Bc5 d3 Ng4
1132,1630,black,780+3,e4 c5 Nf3 Nc6 Bc4 e6 d3 d5 exd5 exd5
1385,1445,black,60+0,e3 e5 g3 d6 d4 Nc6 dxe5 Nxe5 Bg2 Bg4
1836,1861,black,240+3,e4 e5 Nf3 Nc6 Bb5 a6 Ba4 Nf6 O-O d6
1818,1931,black,180+0,e4 c5 Nf3 Nc6 Bb5 d6 Bxc6+ bxc6 O-O d5
1863,1592,white,720+5,c4 d6 Nc3 e6 g3 Nf6 Bg2 Be7 b3 O-O
1835,1791,white,180+2,d4 e6 c4 d5 Nf3 Nf6 Nc3 c5 e3 Nc6
1829,1566,white,0+1,e4 c6 Nc3 d6 d4 e6 Bd3 Be7 Be3 Nf6
1754,1944,black,180+0,d4 Nf6 e3 g6 Bd3 Bg7 f3 O-O Qe2 d6
1479,1366,white,120+0,e4 e5 d4 exd4 Qxd4 d6 e5 d5 Nc3 c5
1467,1310,black,60+2,e4 e6 Ne2 d5 exd5 exd5 d4 Nf6 Be3 Bd6
1831,1806,white,300+0,e4 e6 d4 d5 exd5 exd5 Nf3 Nf6 Be2 Be6
1582,1476,white,60+0,e4 d5 Nf3 dxe4 Ng5 f6 Nxe4 f5 d3 fxe4
1158,1430,black,300+4,d4 d5 Nc3 e6 f3 Bb4 Bd2 Bxc3 Bxc3 Ne7
1688,1386,white,600+8,e4 e5 Nf3 Nc6 Bc4 d6 h3 Be6 Bb5 Ne7
1571,1824,black,0+1,e4 e6 d4 d5 exd5 Nf6 dxe6 Bxe6 c3 c5
1574,1357,white,1800+30,e4 c5 Nf3 Nc6 d4 e6 d5 exd5 exd5 Qe7+
1608,1845,black,900+10,e4 g5 h3 h5 Nf3 e6 d4 d5 exd5 exd5
1410,1762,black,180+0,e4 e5 Nf3 Nc6 a3 d5 b4 dxe4 Ng1 Nf6
1559,1830,white,60+0,e4 d5 exd5 Qxd5 Nc3 Qd8 d3 c6 Bf4 Nf6
1693,1715,white,480+0,c3 d5 d4 e6 Bf4 Nd7 Nh3 h6 Nd2 Ngf6
1632,1503,white,180+0,d4 e6 a3 Qf6 e4 c5 e5 Qf5 Bd3 cxd4
1454,1103,white,60+0,d4 d5 e3 c5 c3 Nc6 Nf3 e6 Be2 Nf6
1303,1409,white,360+0,d4 e6 Nf3 c5 dxc5 Bxc5 e3 b6 Nc3 Bb7
1357,1486,white,120+0,e4 e5 Bc4 f5 exf5 d6 Nc3 Bxf5 d3 Nf6
1558,1640,white,240+0,e3 c5 d3 d6 g3 a6 Bg2 Qc7 a3 b5
1771,1706,white,300+10,e4 e5 Nf3 Nc6 Bc4 Nf6 d3 Na5 Na3 Nxc4
1675,1522,white,420+0,d4 d5 c4 Nc6 Nc3 e6 e3 Bb4 Bd2 Bxc3
1467,1590,white,60+0,e4 e5 Nf3 Nf6 Nxe5 Nxe4 Qe2 Nf6 Nxf7+ Qe7
1813,1942,white,420+0,e4 e5 d4 exd4 c3 dxc3 Bc4 cxb2 Bxb2 d5
1383,1468,black,360+0,d4 d5 f4 e6 g4 c5 e3 cxd4 Qxd4 b6
1562,1834,black,0+1,e4 c5 Bc4 e6 d3 Nc6 a3 a6 Ba2 b5
1781,1780,black,180+2,c4 e5 Nc3 f5 g3 Nf6 Bg2 Bc5 a3 c6
1468,1531,white,600+0,Nf3 d5 g3 g5 h3 g4 hxg4 Bxg4 Bg2 f6
1457,1810,black,60+0,d4 d5 e3 c6 Nf3 Nf6 Be2 Bg4 O-O e6
1662,2003,black,300+2,e4 d5 exd5 Nf6 Nc3 Nxd5 Bc4 Nb6 Bb3 Nc6
1434,1382,black,540+2,d4 e6 e3 Qf6 b3 Bb4+ Bd2 a5 Bxb4 axb4
1567,1539,white,240+0,e4 e5 Nf3 Nc6 Bc4 Nf6 Ng5 d5 exd5 Na5
1575,1483,black,60+0,e4 e5 Nf3 Bc5 Nc3 Nf6 Bc4 Nc6 Ng5 O-O
1558,1468,white,60+0,h4 e5 d3 d5 Bg5 Nf6 e3 Be7 f4 exf4
1609,1640,black,300+2,e4 d6 d4 g6 f4 Bg7 Nf3 Nf6 Nc3 O-O
1822,1394,white,300+3,e4 e5 Bc4 Nc6 Qh5 g6 Qf3 d6 Qxf7#
2171,1995,white,300+0,e4 c5 d4 cxd4 c3 d5 exd5 Qxd5 Nf3 Nf6
1954,1748,black,180+0,e4 e5 Nf3 d6 d4 exd4 Bc4 c5 c3 Nc6
1838,1837,white,60+0,e4 d5 Nc3 dxe4 Nxe4 Nf6 Nxf6+ exf6 Nf3 Bf5
1472,1373,white,120+0,e4 e6 Nf3 Nc6 d4 d6 d5 exd5 exd5 Nce7
1638,1618,white,480+2,d4 Nf6 e3 e5 c3 e4 f4 exf3 Nxf3 d5
1787,1813,black,60+0,e4 d5 f4 dxe4 Nc3 Nf6 Bc4 Bg4 Nge2 e6
1454,1538,black,60+0,d4 d6 e3 g6 Nf3 Bg7 Be2 e6 O-O Ne7
1912,1389,black,300+13,e4 e5 Nf3 d6 Nc3 a6 Bc4 Nc6 d3 Qf6
1407,1621,black,180+2,e4 b6 Nf3 Bb7 Nc3 e6 d4 Nf6 e5 Nd5
1550,1532,black,420+7,d4 d5 c4 Nf6 e3 Bf5 Nf3 Na6 cxd5 Nb4
1497,1561,black,60+0,e4 e6 d4 d6 Bc4 c6 d5 f6 dxe6 Qe7
1693,1567,white,60+0,e4 d6 Nf3 h5 d4 e6 h3 g6 Be3 Be7
1478,1217,white,240+1,d4 Nf6 a3 d5 Nf3 e6 e3 Bd6 b3 O-O
1317,1447,white,360+0,d4 d5 Nf3 c6 e3 e6 Nc3 Bd6 Bd2 f6
1500,1525,black,240+5,e4 e5 Nf3 Nc6 Bb5 a6 Bxc6 dxc6 d3 Bd6
1867,1607,black,720+5,c4 c5 g3 Nc6 Bg2 e6 a3 d5 cxd5 exd5
1365,1480,black,120+0,e4 e5 Nc3 Nc6 d3 Nf6 f4 exf4 Bxf4 d6
1776,2113,black,60+0,e4 g6 f4 Bg7 Nf3 c5 d3 Nc6 Be2 e6
1703,1742,white,480+0,e4 b6 d4 Bb7 e5 d6 exd6 Qxd6 c3 g6
1692,1473,black,600+2,e4 d6 d4 e6 Nf3 a6 c4 Nf6 Bg5 h6
1570,1488,black,60+0,e4 e5 Qh5 Nf6 Qxe5+ Be7 Nf3 Nc6 Qf4 Bd6
1578,1368,white,240+0,e4 e5 Nf3 Nc6 Bc4 Nf6 Ng5 Bc5 b4 Bxf2+
1648,1699,white,300+2,e4 e5 Nf3 Nc6 d4 exd4 Nxd4 Nf6 Nc3 Bb4
1559,1701,black,60+0,d3 c5 h4 e5 Bg5 f6 Be3 d5 Bd2 Nc6
1487,1357,black,120+0,e4 e6 d4 d6 f4 c6 c4 Be7 Nf3 Nf6
1850,2116,black,60+0,e4 g6 Nc3 Bg7 d4 c5 Be3 cxd4 Bxd4 e5
1335,1501,black,120+10,g3 e5 Bg2 Bc5 Nh3 d5 O-O Nc6 e3 Be6
1644,1129,white,780+3,e4 e5 Nf3 Nc6 Nc3 Bc5 d3 d6 Bg5 Nf6
1708,1552,white,60+0,e4 c6 d4 d6 Nd2 e6 Bd3 Be7 f4 Nf6
1758,1444,white,120+18,d4 d5 c4 dxc4 Nc3 e6 e4 Nc6 d5 Ne5
1941,1742,white,420+5,e4 e5 Nf3 Nc6 d4 exd4 Nxd4 Bc5 Nxc6 Qf6
1846,2139,black,0+1,e4 e6 Nc3 b6 d4 c5 d5 d6 dxe6 Bxe6
1494,1505,white,600+0,e4 e5 Nf3 Nc6 Nc3 Nf6 d3 Bc5 Be3 Bb6
1482,1382,black,240+1,d4 c6 a3 b5 Nf3 e6 b4 Nf6 e3 Nd5
1453,1614,black,60+2,e4 e5 d4 exd4 Qxd4 d6 Nf3 Be6 Nc3 Nc6
1765,1911,black,480+8,d4 d5 c4 Nf6 cxd5 Nxd5 e4 Nf6 Nc3 e6
1792,1770,black,180+2,e4 e6 Qe2 c5 Nf3 Nc6 g3 Be7 Bg2 Nf6
1638,1811,white,300+8,Nc3 e5 d4 exd4 Qxd4 Nc6 Qa4 Nf6 a3 Bc5
1591,1662,black,240+0,e3 d5 d3 Nf6 h3 e5 g3 Bd6 Bg2 O-O
1689,1650,white,300+2,e4 d6 d4 g6 Nc3 Bg7 f4 Nf6 Nf3 O-O
1714,1477,black,180+0,d4 e6 Nc3 Bb4 Qd3 Bxc3+ Qxc3 Nf6 Bg5 O-O
1545,1714,black,60+0,e4 c5 Bc4 e6 d3 Nf6 a3 d5 exd5 exd5
1515,1434,white,240+1,e4 e5 f4 exf4 Nf3 d6 Bc4 Bg4 d4 Nf6
1373,1473,white,120+0,e3 e5 Nc3 d5 d3 Nc6 f3 Nf6 Bd2 d4
1240,1422,black,360+8,e4 e6 d3 d5 Nc3 dxe4 Nxe4 b6 Bf4 Bb7
1988,2189,white,300+0,d4 Nf6 Nf3 e6 Bg5 c5 dxc5 Bxc5 Nc3 d5
1468,1398,white,240+1,d4 c6 Nf3 b5 e3 e6 a3 Bb7 b4 Na6
1420,1577,white,180+2,e4 b6 Nf3 Bb7 Nc3 e6 d4 Bb4 Bd2 Bxc3
1905,1733,black,120+2,e4 a6 Nc3 b5 a4 b4 Nd5 e6 Ne3 Bb7
1845,1682,black,420+0,d4 d5 c4 e6 Nf3 Nf6 Nc3 c5 e3 Be7
1721,1538,black,60+0,e4 b6 d4 Bb7 Bd3 Nc6 c3 d6 Qe2 e6
1513,1444,white,180+10,d4 d5 Nf3 Bg4 Bf4 Bxf3 exf3 e6 Nc3 a6
1620,1842,white,0+1,d4 d6 e3 Nf6 f4 e6 Bd3 Be7 Nf3 b6
1641,1402,black,180+2,e4 e6 Nf3 d6 d4 Nd7 Nc3 Be7 Be3 g5
1626,1500,white,600+0,e4 e5 Nf3 Nc6 c3 Nf6 d4 d6 d5 Nb8
996,1765,black,180+0,e4 e5 Bc4 d6 Qf3 Nf6 a3 Bg4 Qe3 Nbd7
1647,1525,white,480+2,d4 d5 e3 Bf5 c4 Nf6 Qb3 e6 cxd5 b6
1829,1881,white,300+3,d4 Nf6 c4 e6 Nf3 c5 d5 exd5 cxd5 d6
1522,1435,black,180+10,d4 d5 Nc3 e6 a3 Nf6 Bf4 Bd6 e3 Bxf4
1299,1375,black,480+5,e3 d5 Bb5+ Nc6 b3 Bf5 g3 Qd6 f3 O-O-O
1305,1581,black,300+0,e4 e5 Qh5 Nc6 Bb5 Nf6 Qf5 g6 Qf3 Nd4
1571,1425,white,240+0,e4 e5 Bc4 d6 Qf3 Qf6 Qxf6 Nxf6 h3 Nxe4
1490,1492,white,240+5,e4 e5 Nf3 Nf6 Nxe5 Bd6 Nf3 Nxe4 Qe2 Qe7
1500,1331,black,300+5,d4 d5 Nf3 Nf6 Nc3 e6 g3 Nc6 Bf4 Bb4
1583,1664,black,240+0,e4 e6 d4 d5 e5 c5 Nf3 Nc6 c3 Bd7
1589,1545,white,420+7,c4 e5 d3 Nf6 e4 Bc5 Nc3 d6 Bg5 h6
1927,1779,white,180+2,e4 d5 exd5 Nf6 Nc3 Nxd5 Bc4 c6 Qf3 e6
1388,1500,black,120+0,d3 d5 Nf3 Nf6 Nc3 c6 Bf4 Bf5 h3 e6
1355,1396,black,900+10,e4 e5 Nf3 d6 Bc4 Nf6 Nc3 Bg4 O-O Bxf3
1998,1823,white,0+1,e4 e6 Nc3 d5 d4 dxe4 Nxe4 Nf6 Ng3 Bd6
1691,1591,white,300+2,e4 b6 d4 Bb7 Nc3 g6 Bd3 Bg7 Nf3 e6
1697,1918,draw,480+8,e4 e6 Nf3 d5 exd5 exd5 d4 Nf6 Bg5 Be7
1762,1696,white,120+18,d4 g6 e4 Bg7 e5 d6 f4 dxe5 fxe5 Nh6
1437,1429,white,180+2,e4 d6 Nf3 e5 d4 Qe7 dxe5 Bg4 exd6 cxd6
1521,1532,black,120+0,a3 d5 d3 Nf6 g3 e5 Bg2 c6 Nf3 Bd6
2143,2121,white,60+0,d4 g6 Nf3 Bg7 e3 c6 b3 c5 Bb2 cxd4
1312,1658,black,1200+10,e4 g6 g3 Bg7 Nh3 e6 Bg2 Ne7 O-O Nbc6
1865,1842,black,300+3,Nf3 d5 g3 Nf6 Bg2 g6 O-O Bg7 d4 O-O
1524,1699,black,240+1,e4 e5 f4 exf4 Nf3 Be7 Bc4 Bh4+ Kf1 d5
1627,1381,white,120+0,e4 e5 Nc3 d6 f4 exf4 Nf3 Nf6 Bc4 Be7
1638,1445,white,60+0,d4 d5 e3 c6 Nc3 e6 Bd3 Nf6 Bd2 Be7
1477,1535,black,240+1,d4 d5 a3 Nc6 Nf3 Nf6 e3 a6 b3 Bf5
1816,2004,black,0+1,e4 c5 Nc3 Nc6 Bc4 e6 d3 d5 exd5 exd5
1543,1510,black,120+0,d4 d6 Nf3 g6 e4 Bg7 c3 Nf6 Bd3 O-O
1331,1427,black,1200+10,e4 e6 Nf3 d5 e5 c5 c3 c4 d4 cxd3
1983,1850,white,240+0,d4 Nf6 Bf4 e6 e3 c5 Nf3 b6 a3 Bb7
1654,1723,black,300+8,Nc3 Nf6 d4 d5 Bf4 c6 e3 e6 a3 Nbd7
1376,1644,black,120+0,e4 e5 Bc4 d6 Nf3 Nf6 Ng5 Be6 Nxe6 fxe6
1574,1967,black,240+0,e4 c5 f4 d5 exd5 Nf6 Nf3 Nxd5 Bc4 e6
1870,1853,black,300+3,e4 c5 Nc3 d6 f4 Nc6 Nf3 e5 Bc4 Be6
1422,1517,black,300+8,e4 e6 d4 d5 e5 f6 Nf3 c5 Bb5+ Bd7
1705,1518,white,240+1,e4 e5 Nc3 f5 exf5 Nf6 Qe2 d5 Qxe5+ Qe7
1825,1528,white,300+3,d4 d5 Nf3 Nf6 e3 e6 c4 dxc4 Bxc4 e5
1842,1933,white,60+0,d4 d5 Nf3 Nf6 Bg5 Bf5 e3 Ne4 Bh4 c6
1882,1831,white,300+13,e4 c5 Nf3 a6 Nc3 Nc6 Bc4 e5 d3 d6
1585,1472,white,240+0,e3 e6 d3 d6 g3 Nf6 h3 b6 Bg2 c6
1991,1925,black,240+0,d4 Nf6 Bf4 g6 e3 Bg7 c4 O-O Nc3 d5
1553,1404,white,180+0,d4 e6 a3 Qf6 e4 c5 e5 Qf5 Bd3
1561,1554,white,300+1,e4 e5 Bc4 d6 a3 Be6 Bxe6 fxe6 c3 Nf6
1698,1582,white,420+0,d4 b6 c4 Bb7 Nc3 g6 e3 Bg7 Nf3 e6
1648,1372,white,120+0,d4 e6 e3 d6 Bd3 Nf6 Bd2 Be7 Nc3 O-O
1920,1861,white,60+0,e4 c6 Nf3 d6 d4 Nf6 Bd3 e5 O-O exd4
1772,1415,white,120+18,d4 d5 c4 dxc4 Nc3 c6 a4 f6 e4 Be6
1402,1243,white,300+0,e4 g6 Qf3 Bg7 Bc4 Nh6 d3 b6 Bxh6 e6
1601,1300,black,180+0,d4 d5 Nc3 Nf6 Bf4 b6 Nb5 Na6 a3 Bd7
1500,1395,white,540+2,e4 e5 Qf3 Nf6 g4 d6 g5 Ng8 Bc4 f6
1772,1934,white,180+2,e4 e5 f4 d5 exd5 e4 Nc3 Nf6 Qe2 Bg4
1175,1409,white,300+0,b3 e5 Bb2 Qf6 Nc3 Bc5 e3 c6 Ne4 Qe6
1864,1969,white,300+3,d4 Nf6 Nf3 e6 c4 b6 Nc3 Bb7 g3 d5
1336,1360,white,0+2,b3 d6 Bb2 e5 d4 f5 dxe5 dxe5 Qxd8+ Kxd8
1677,1730,white,300+1,e4 e5 Bc4 Nc6 d3 Nf6 Nc3 Be7 Nge2 Na5
1368,1652,black,120+0,e3 e5 Nc3 d6 d3 Be6 Bd2 Be7 Qc1 Nf6
1544,1468,black,240+1,e4 d5 exd5 Qxd5 Nc3 Qd8 Nf3 e6 d4 h6
1682,1810,black,0+1,Nc3 e6 e4 d5 f4 dxe4 Nxe4 Nf6 Ng3 Nc6
1500,1418,white,240+5,e4 e6 d4 b6 Bd3 Bb7 Nc3 Bb4 Bd2 d5
1596,1309,white,900+30,e4 e5 Nf3 d6 d4 Nc6 dxe5 Nxe5 Nxe5 dxe5
1397,1382,black,480+5,d4 d5 e3 Nc6 Nc3 Nf6 b3 Bf5 Bd3 Bxd3
1843,1534,white,300+15,e4 e5 Nf3 Nc6 Bc4 h6 d4 Qf6 c3 d6
1818,1433,white,720+0,e4 c5 Nf3 e6 Bc4 Nf6 d3 d5 exd5 exd5
1572,1511,draw,240+0,e4 e6 d4 d6 c4 b6 Nc3 g6 d5 Bb7
1928,2154,black,60+0,e4 e6 Nf3 b6 c3 Bb7 Bd3 d5 exd5 exd5
1464,1601,black,240+0,e4 d6 Qf3 e6 Nh3 Qf6 Be2 Qxf3 Bxf3 e5
1645,1520,white,300+8,Nc3 g6 Nf3 Bg7 d4 f5 Bg5 Nf6 Qd2 e6
1714,1639,black,840+0,e4 c5 Nf3 d6 d4 Qa5+ Bd2 Qb6 Bc3 Nc6
1711,1500,black,420+5,e4 e5 Nf3 Nc6 d4 exd4 Nxd4 Nf6 Nxc6 bxc6
1674,1817,black,0+1,e4 e6 f4 d6 d4 b6 Nf3 Bb7 Bd3 Nf6
1630,1396,white,300+2,d4 d6 Bf4 f6 Nc3 g5 Be3 c6 d5 e5
1849,1924,white,60+0,e4 c5 Nf3 d6 d4 cxd4 Nxd4 Nf6 Nc3 a6
1415,1592,white,600+0,d4 d5 Nf3 Nf6 e3 Nc6 Nc3 e6 Bd2 Bd6
1656,1959,black,60+1,d4 f5 e3 Nf6 Bd3 e6 Bd2 Be7 Qe2 O-O
1471,1205,white,900+0,e4 c5 d3 Qa5+ Bd2 Qb6 Bc3 h6 g3 h5
1383,1662,white,600+8,e4 g6 d4 Bg7 Nf3 e6 c3 Ne7 e5 Nbc6
1327,1582,black,300+1,g3 d5 Bg2 e5 b3 f6 Bb2 c6 d4 Bd6
1824,1648,white,0+1,e4 b6 Nc3 Bb7 d4 Nf6 Bd3 e6 Be3 Bb4
1619,1544,black,300+0,e4 e5 Nf3 d6 Be2 Be7 O-O f5 exf5 Bxf5
1512,1946,black,240+1,e4 e5 f4 d5 exd5 e4 Qe2 Nf6 Nc3 Bf5
1720,1362,white,180+0,d4 d5 Bf4 c6 Nc3 e6 a3 Bd6 e3 Bxf4
1626,1831,black,0+1,g3 e6 Bg2 d5 b3 Nf6 Bb2 Be7 Bxf6 Bxf6
1266,1329,white,1800+0,c3 Nf6 Nh3 e5 Qb3 Nc6 Ng5 Ng4 Qxf7#
1349,1366,black,0+2,b3 d6 Bb2 e6 d4 Nf6 e3 Nc6 g3 Bd7
1571,1528,white,300+1,e4 a6 Bc4 b5 Bb3 Bb7 d3 g6 a3 f5
1632,1500,black,600+0,e4 c5 Nf3 d6 c3 Nf6 Ng5 h6 Bb5+ Bd7
1855,1846,white,180+2,c4 e6 Nc3 f5 g3 Nf6 Bg2 Bc5 a3 c6
1949,1510,white,240+1,e4 e5 Nf3 f5 Bc4 fxe4 Nxe5 Nh6 Qh5+ g6
1382,1291,white,600+10,e4 e5 Bc4 Nf6 Qf3 Bc5 Nh3 d6 O-O Bg4
1911,1866,white,60+0,e4 g6 c3 Bg7 d4 d5 e5 c5 f4 cxd4
1837,1609,white,0+1,e4 b6 Nc3 Bb7 d4 d5 Bd3 dxe4 Bxe4 Bxe4
1719,1706,white,300+1,d4 d5 e3 e6 Nf3 Nf6 c4 c5 cxd5 Nxd5
1478,1672,black,600+10,e4 e5 c3 Nf6 d3 Bc5 Be3 Bxe3 fxe3 O-O
1829,1343,white,300+3,e4 e5 Bc4 Nf6 Nc3 Nc6 Nf3 Be7 O-O O-O
1594,1842,white,0+1,e3 d5 f4 c5 Nf3 Nc6 Bb5 Bd7 Bxc6 Bxc6
1918,1955,black,180+5,e4 c5 Nf3 e6 d4 cxd4 Nxd4 a6 Nc3 Qc7
1854,1920,black,60+0,d4 c5 Nf3 cxd4 Qxd4 Nf6 c4 Nc6 Qd1 g6
1322,1663,black,300+0,e4 c5 Bc4 e6 d3 Nc6 c3 a6 Qa4 Ne5
1828,1841,black,240+1,e4 c5 Nf3 Nc6 d4 cxd4 Nxd4 d6 Nc3 e5
1435,1362,white,60+5,c4 e5 Nc3 Bd6 a3 Nc6 Ne4 Nf6 Nxd6+ cxd6
1646,1823,black,0+1,g3 e6 Bg2 Nf6 e3 d5 d4 c5 c4 cxd4
1757,1962,draw,240+1,b3 e5 Bb2 Nc6 c4 Be7 Nc3 Nf6 Nd5 Nxd5
1586,1295,white,300+1,e4 b6 d4 Bb7 d5 e6 c4 exd5 cxd5 c6
1603,1576,black,600+0,e4 d6 d4 Nf6 Nc3 g6 Be3 Bg7 Qd2 O-O
1812,1700,white,420+5,e4 e5 f4 exf4 Nf3 d6 Bc4 h6 O-O Qf6
1372,1259,white,600+10,c3 e5 d4 exd4 Qb3 Nf6 Nh3 Qe7 e3 Nc6
1653,1704,white,300+8,Nc3 e5 Nf3 Nc6 d4 exd4 Nxd4 Nxd4 Qxd4 Nf6
1830,1630,white,0+1,e4 b6 Nc3 Bb7 d4 f6 Bd3 e5 d5 c6
1474,1440,white,180+0,d4 g6 Nc3 Bg7 Bf4 f5 Nb5 d6 Qd2 Bd7
1395,1382,white,480+5,e4 g6 Nf3 f5 exf5 gxf5 Bc4 e6 O-O d5
1570,1247,draw,240+0,e4 d5 exd5 Qxd5 Nc3 Qe5+ Qe2 Qxe2+ Bxe2 e6
2053,1911,white,480+8,e4 e6 d4 d5 exd5 exd5 c4 c6 Nc3 Nf6
1676,1706,black,840+8,e4 e5 Bc4 Nf6 d3 d5 exd5 Nxd5 Qf3 Nf6
1615,1500,white,240+0,e3 e5 d3 d5 g3 f6 Bg2 Ne7 h3 Bf5
1662,1569,white,900+9,e4 e5 Nf3 Nc6 Bb5 d6 Bxc6+ bxc6 O-O Bg4
1400,1392,white,300+2,e4 e5 Nf3 d6 d4 Qe7 d5 f6 c3 g5
1809,2007,black,180+0,e4 d6 Nf3 Nc6 d4 Bg4 Be2 e5 d5 Nce7
1674,1636,white,300+0,d4 d5 c4 Bf5 Nc3 c6 Nf3 Na6 a3 b5
1508,1952,black,240+1,e4 e5 f4 d5 exd5 e4 Qe2 Nf6 c4 Bc5
1836,1615,white,0+1,e4 b6 Nc3 Bb7 d4 d6 Bd3 Nc6 f3 Nxd4
1388,1576,black,1200+0,e4 e5 Qh5 Nc6 Bc4 Qf6 Nf3 g6 Qg5 Nb4
1605,1557,black,300+0,e4 e5 Nf3 d6 Be2 f5 exf5 Bxf5 d3 Nf6
1694,1450,white,420+5,e4 e5 d4 exd4 Qxd4 c5 Qe5+ Ne7 Qxc5 d6
1788,1955,white,300+0,e4 c5 d4 cxd4 c3 e5 Nf3 Nc6 Bc4 Be7
1611,1597,white,900+30,e4 d6 d4 h6 Ne2 Nf6 Nbc3 Nh7 Be3 e6
1395,1821,white,720+0,e4 e5 Nf3 d6 Bc4 h6 c3 Nf6 d4 Nxe4
1666,1318,white,300+0,e4 e5 Bc4 Bc5 Nc3 Qh4 Qf3 Nf6 d3 Bd4
1775,1812,white,1200+0,d4 d5 c4 e6 Nc3 Nf6 Bg5 Be7 e3 Nbd7
1603,1841,black,0+1,b3 c5 Bb2 d5 g3 Nc6 Nf3 Bf5 d3 e6
1397,1905,black,300+8,e4 e5 d4 exd4 Qxd4 Nc6 Qd5 Nf6 Qf5 d5
1581,1755,white,300+1,e4 d5 exd5 Qxd5 d4 c6 Nc3 Qa5 Bc4 Bf5
1444,1506,black,60+5,c4 e5 Nc3 Bc5 e3 Nf6 d4 Bb4 Qb3 Bxc3+
2013,1764,white,300+0,d4 b6 Nf3 Bb7 Nbd2 e6 e4 Bb4 c3 Be7
1271,1590,white,300+1,g3 d5 Bg2 c6 d4 e6 Nc3 Ne7 a3 Ng6
1688,1846,black,0+1,Nf3 e6 g3 Nf6 b3 d5 Bb2 c5 Bg2 Be7
1778,1706,white,300+1,e4 e5 Nf3 d6 Bc4 Nf6 d3 Nc6 c3 Be6
1817,1730,black,300+1,e4 e5 d4 exd4 c3 dxc3 Bc4 Qf6 Qb3 Nc6
1590,1684,white,600+0,e4 c5 Nf3 Nc6 Nc3 e6 d3 d5 exd5 exd5
1851,1930,white,240+1,e4 c5 Nf3 Nc6 d4 cxd4 Nxd4 e5 Nxc6 bxc6
1531,1373,white,180+0,d4 c6 Nc3 d6 e4 Qc7 h4 e5 d5 cxd5
1698,1725,black,420+5,e4 c5 d3 e6 Nf3 Nc6 e5 d6 Bg5 Qb6
1593,1562,white,300+0,e4 e5 Nf3 Nf6 Nxe5 Qe7 Nf3 Qxe4+ Qe2 d5
1392,1986,black,300+8,e4 c5 Qf3 Nc6 Bc4 Ne5 Qd3 Nxd3+ Bxd3 d5
1360,1354,draw,660+6,e4 e5 Nf3 Nc6 d4 exd4 Nxd4 Nxd4 Qxd4 Nf6
1588,1919,white,480+3,e4 e5 Bc4 Nf6 d3 Nc6 Bg5 Be7 c3
1902,1490,white,180+10,e4 e5 d4 exd4 c3 dxc3 Bc4 cxb2 Bxb2 Bb4+
1853,2108,black,60+0,e4 g6 Nc3 Bg7 d4 c5 Be3 cxd4 Bxd4 e5
1847,1782,white,300+15,e4 e5 Nf3 Nc6 Bc4 Be7 d4 exd4 Nxd4 Nxd4
1716,1701,white,840+8,e4 e5 Nf3 Nc6 Bb5 a6 Bxc6 dxc6 O-O Bg4
1763,1866,white,180+2,b3 e6 Bb2 d5 Nf3 c5 g3 Nf6 d3 Nc6
1977,1816,black,240+0,d4 Nf6 Bf4 d5 e3 Bf5 c4 e6 a3 Bd6
1604,1666,white,600+0,e4 e5 Nf3 Nc6 d4 exd4 Nxd4 Bc5 Be3 Qf6
1701,1763,black,60+1,f4 g6 Nf3 e6 e3 d5 b3 c5 Bb2 Nf6
2114,1849,draw,60+0,Nc3 e6 d4 d5 e4 dxe4 Nxe4 Nc6 Ng3 Nxd4
1508,1614,draw,240+5,e4 c5 Nf3 Nc6 Bb5 d6 Bxc6+ bxc6 Nc3 Nf6
1394,1341,black,300+3,e4 e5 Bc4 Nf6 Nf3 Nc6 Ng5 d5 exd5 Nxd5
1965,1908,white,180+5,e4 e5 Nf3 Nc6 Bb5 a6 Ba4 Nf6 O-O Be7
1894,1778,white,300+13,e4 c5 Nf3 Nc6 Nc3 a6 Bc4 Nf6 d3 e5
1804,1928,black,180+0,e4 c6 Nf3 d5 exd5 cxd5 d4 Nc6 Bb5 Nf6
1424,1353,white,300+0,d4 d5 c4 dxc4 e3 Nf6 Bxc4 Nc6 Nf3 Bf5
1678,1530,white,420+7,e4 e5 Nf3 Nc6 Bb5 Nd4 Nxd4 exd4 d3 a6
1500,1406,white,480+5,e4 d5 exd5 Qxd5 Nc3 Qd6 d4 Nc6 Nf3 Bg4
1302,1182,black,1500+25,e4 Nc6 Nf3 d6 d4 e5 d5 Nce7 c4 b6
1510,1744,black,120+1,c4 e6 b3 f5 Bb2 Nf6 Nc3 Be7 g3 O-O
1388,1687,black,300+5,e4 c5 c3 Nc6 a3 e5 b4 cxb4 axb4 a6
1623,1750,black,300+1,d4 e6 Bf4 d5 Nc3 c5 dxc5 Bxc5 Qd2 Qb6
1296,2018,black,300+0,d4 Nf6 Nc3 d6 e4 g6 Bg5 Bg7 Bc4 c6
1475,1491,black,900+0,e4 c6 Nf3 b5 g3 Bb7 Bg2 Nf6 e5 Ng4
1663,1551,white,240+0,d4 d5 c4 e6 e3 Be7 c5 Bd7 a4 b6
2105,1856,black,0+1,b3 e6 c3 Nf6 e3 d5 d3 c5 f3 Nc6
1538,1586,black,120+8,e4 e5 Bc4 a6 c3 b5 Bd5 c6 Bb3 Ne7
1772,1671,white,60+1,g3 e5 Nf3 Nc6 d4 e4 Ne5 d6 Nxc6 bxc6
1603,1433,black,300+0,e3 c5 Nf3 d5 d4 c4 b3 cxb3 axb3 Nc6
1767,1605,white,480+3,e4 c5 Nf3 d6 d4 cxd4 Nxd4 e5 Nb5 a6
1956,1738,black,240+1,e4 b6 Be2 Bb7 Bf3 e5 d4 exd4 c3 d3
1423,1234,black,600+10,c3 e5 Nh3 d5 d4 Nc6 Ng5 exd4 cxd4 Nf6
1314,1669,black,300+0,e4 c5 Bc4 e6 e5 Nc6 f4 a6 Be2 Qh4+
1561,1434,black,180+0,d4 e6 a3 d5 Nc3 Nf6 Bf4 Bd6 Qd2 Bxf4
1656,1653,white,840+0,e4 c5 e5 Nc6 Nf3 d6 Nc3 Bg4 h3 Bxf3
1596,1695,black,300+1,d4 d5 e3 e6 Nf3 Nf6 Be2 c5 c4 cxd4
1876,1592,white,0+1,e4 b6 Nc3 Bb7 d4 d5 Bd3 dxe4 Bxe4 Bxe4
1844,1864,white,240+1,e4 c5 d4 cxd4 c3 d5 exd5 Qxd5 Nf3 Bg4
1671,1644,white,240+0,d4 Nf6 c4 g6 Nc3 Bg7 e3 O-O b4 d6
1721,1928,white,300+2,e4 e5 Nf3 Nc6 Bc4 Bc5 O-O Nf6 Nc3 O-O
1770,1688,black,420+5,e4 e5 Nf3 d6 Bc4 h6 d3 Qf6 O-O Bg4
1935,1796,white,180+0,d4 e6 c4 c5 Nf3 cxd4 Nxd4 Nc6 Nc3 Nxd4
1573,1387,draw,300+1,e4 d5 exd5 Qxd5 Nc3 Qe6+ Qe2 Qxe2+ Bxe2 b6
1690,1573,white,420+8,e4 c6 Nf3 Nf6 e5 Ng4 h3 Nxf2 Kxf2 Qb6+
1544,1292,white,240+0,e4 d6 d4 c6 Nf3 Bg4 h3 Bh5 Nc3 Qc7
1480,1630,white,900+0,e4 e5 Qf3 Nh6 d3 Qe7 Bxh6 gxh6 Nd2 Qc5
1611,2083,black,60+0,e4 g6 Nf3 Bg7 d4 c5 d5 d6 Nc3 b5
1777,1585,white,300+0,b3 e5 Bb2 Nc6 c4 Bb4 a3 Bc5 e3 a6
1880,1583,black,0+1,e4 b6 Nc3 Bb7 d4 Na6 Bc4 e6 Qd3 Nb4
2019,1834,white,300+0,e4 c6 d4 d5 Nd2 dxe4 Nxe4 Nf6 Nc5 b6
1399,1634,draw,480+5,e4 e5 Nf3 Nc6 Bb5 a6 Ba4 Nf6 O-O d6
1789,1656,black,300+1,e4 c5 Bc4 e6 c3 Nc6 d4 cxd4 cxd4 Bb4+
1781,1603,white,60+1,g3 Nf6 Nf3 g6 Bg2 Bg7 d3 O-O Nc3 d5
1859,1359,white,300+15,e4 e5 Nf3 Nc6 Bc4 f6 d4 d6 dxe5 fxe5
1626,1930,white,0+1,e3 b6 f4 Bb7 Nh3 e6 Be2 f5 Bf3 Nc6
1860,2085,black,60+0,e4 g6 Nc3 Bg7 d4 c6 Bd3 d6 Be3 Nf6
1743,1893,black,300+1,d4 c5 d5 Nf6 Nc3 g6 e4 d6 Nf3 Bg7
1851,1677,white,180+2,c4 g6 Nc3 Bg7 g3 Nf6 Bg2 e6 e3 O-O
1576,1538,white,300+8,e4 e5 Bc4 Nf6 Qf3 Nc6 c3 Bc5 d3
1806,1694,black,720+0,e4 c5 Bc4 e6 Nf3 Nf6 d3 a6 O-O d5
1491,1553,black,1200+0,d4 g6 h3 Bg7 e3 Nf6 Nf3 O-O Be2 d5
1595,1529,black,120+8,d4 d5 c4 Bf5 cxd5 Bxb1 Rxb1 Qxd5 Qa4+ Nc6
1345,1197,white,900+15,e4 e5 Nf3 d6 Bc4 Nf6 Nc3 Nc6 Ng5 Bg4
1509,1711,white,300+4,e4 d5 exd5 Nf6 c4 Bf5 Nc3 Na6 Nge2 Nb4
1787,1885,black,60+1,g3 b6 Nf3 Nc6 Bg2 Bb7 d3 e6 Nc3 f5
1633,1647,black,300+2,e4 e6 d4 d5 e5 c5 Nf3 cxd4 Nxd4 Nc6
1493,1500,white,180+0,d4 d5 Nc3 c6 e4 e5 dxe5 Be6 exd5 cxd5
1682,1666,black,0+1,Nf3 b6 g3 Bb7 Bg2 Bxf3 O-O Bxg2 Kxg2 c5
1720,1588,white,300+1,e4 e5 Nf3 d6 d4 exd4 Nxd4 Nf6 Nc3 Be7
1837,1773,black,300+2,Nf3 Nf6 d4 d5 c4 e6 Nc3 Bb4 e3 O-O
1854,1666,white,0+1,e4 d6 Nc3 e6 d4 Be7 Bc4 Nc6 Be3 Na5
1974,1941,black,240+1,e4 e5 Nf3 Nc6 Bb5 a6 Ba4 Nf6 O-O Be7
1448,1524,white,60+5,c4 d5 cxd5 Qxd5 Nc3 Qd8 g3 e5 Bg2 Nf6
2012,1623,white,180+1,e4 g6 Nf3 Bg7 d4 d6 c4 Nd7 Nc3 e5
1392,1448,black,300+0,e4 e5 Qh5 Nc6 Bc4 Qf6 Qf3 Nd4 Qxf6 Nxf6
1861,1691,white,0+1,e4 b6 Nc3 Bb7 d4 Nf6 f3 e6 Bc4 Bb4
1904,2091,black,60+0,e4 g6 d4 Bg7 e5 c5 f4 cxd4 Qxd4 Nc6
1589,1426,white,300+8,e4 d5 exd5 Qxd5 Nc3 Qa5 d4 Qb6 Nd5 Qd6
1904,1742,white,300+13,e4 g6 Nf3 Bg7 Nc3 e5 Bc4 Nf6 d3 O-O
1581,1502,black,480+9,e4 d6 d4 e5 dxe5 dxe5 Qxd8+ Kxd8 Nf3 f6
1672,1311,white,300+0,e4 e5 Bc4 Qe7 Nf3 Nf6 Ng5 d5 exd5 Nxd5
1706,1619,white,300+2,d4 e6 e4 g6 Nf3 Bg7 c4 Ne7 Bd3 O-O
1789,1680,white,120+18,d4 Nf6 c4 g6 Nc3 Bg7 e4 O-O e5 Ne8
1678,1868,black,0+1,e3 e6 f4 d6 Nf3 Nf6 Be2 Nc6 d4 Bd7
1465,1390,white,900+0,e4 e5 d4 exd4 c3 dxc3 Bc4 cxb2 Bxb2 Nh6
1778,1561,black,60+1,g3 g6 Nf3 Bg7 Bg2 Nf6 d3 e6 Nc3 d5
1559,1250,white,240+4,e4 c6 Bc4 d6 Nc3 Qc7 d4 Nd7 f4 e5
1548,1482,white,240+0,e4 e5 Nf3 Nc6 Nc3 Nf6 d4 exd4 Nxd4 Nxd4
1905,2082,black,600+0,e4 e6 d4 d5 e5 c5 c3 Nc6 Nf3 Qb6
1197,1675,black,300+1,e4 e5 Nf3 d6 d4 exd4 Nxd4 Nf6 Nc3 Be7
1569,1527,white,300+0,e4 d5 exd5 Qxd5 Nc3 Qa5 Bc4 c5 d4 Nf6
1853,1864,black,240+1,e4 c5 Nf3 d6 d4 cxd4 Nxd4 Nf6 Nc3 a6
2098,1891,draw,60+0,Nf3 b6 g3 Bb7 Bg2 e6 O-O f5 c4 Nf6
1741,2030,white,660+3,e4 c6 e5 d5 d4 Bf5 Nf3 e6 Bg5 Be7
1443,1758,black,300+1,e4 e6 f4 d5 e5 c5 Nf3 Qb6 d3 Nc6
1510,1620,black,240+5,e4 g6 Qf3 Bg7 Bc4 e6 Nh3 d6 Ng5 Qxg5
1667,1874,black,0+1,g3 d5 Bg2 e5 b3 c5 Nc3 Nf6 Bb2 Nc6
1716,1588,white,480+0,e4 d6 Nf3 Nf6 d3 g6 Be2 Bg7 O-O O-O
1512,1691,black,240+5,e4 c5 Nf3 d6 Bb5+ Bd7 Qe2 Nc6 Nc3 Nf6
1657,1880,white,0+1,g3 c5 Bg2 d5 b3 Nf6 Bb2 Nc6 Nf3 e5
1671,1359,white,900+9,e4 g6 d4 Bg7 c4 e5 d5 d6 Nf3 Bg4
2026,1603,white,300+0,e4 e5 Nf3 Nc6 Bb5 a6 Ba4 Bc5 c3 d6
1611,1679,black,300+0,c4 e5 Nc3 Nf6 d3 d5 cxd5 Nxd5 Nf3 Nc6
1626,1222,white,240+0,e4 c6 Bc4 d6 Qf3 Qc7 Qxf7+ Kd8 Qxf8+ Kd7
1969,1905,black,360+5,d4 g6 Nf3 Bg7 e4 d5 e5 f6 exf6 Nxf6
1557,1374,white,240+0,e4 e6 d4 Nc6 Nf3 d5 e5 b6 c4 Bb7
1761,1704,white,60+1,g3 b6 Nf3 Nc6 Bg2 Bb7 d3 Ne5 Nc3 Nxf3+
1462,1473,white,60+5,c4 e5 Nc3 Bc5 g3 Qf6 Ne4 Qb6 Nxc5 Qxc5
1698,1654,draw,420+8,e4 e5 Nf3 Nc6 Nc3 Bb4 Nd5 d6 c3 Bc5
1542,1376,black,480+8,e4 c6 d4 d5 Nc3 Nf6 Bd3 Bg4 f3 Bh5
1737,1716,white,300+1,e4 e5 Nf3 Nc6 Bb5 d6 O-O Nf6 d3 g6
1671,1510,white,300+0,e4 e5 d3 Nc6 f4 exf4 Bxf4 d5 exd5 Qxd5
1516,1775,black,240+1,e4 e5 f4 exf4 Nf3 d5 e5 Ne7 d4 Ng6
1501,1439,black,60+0,e4 e5 Nf3 d6 Nc3 Nc6 d3 f5 Be3 fxe4
1689,1861,black,0+1,b3 d5 Bb2 d4 Nf3 c5 d3 Nc6 Nbd2 e5
1681,1513,white,240+0,d4 d6 c4 e6 Nf3 b6 a4 Bb7 e3 Nd7
1516,1690,black,300+0,e4 c5 Nf3 Nc6 d4 cxd4 Nxd4 e5 Nxc6 bxc6
1633,1523,white,600+5,e4 e5 Bc4 Nf6 d3 Bc5 c3 d6 h3 h5
1526,1458,white,180+0,d4 d5 Nc3 Nf6 Bf4 Bf5 Nb5 Na6 a3 c6
1360,1206,white,300+0,d4 c6 e4 d6 Nc3 Qc7 Nf3 Bg4 Be3 Nd7
1722,1962,black,120+7,d4 Nf6 Nc3 d5 e3 Bf5 Bd3 Qd7 Nf3 Nc6
1631,1107,white,240+0,e4 e5 Bc4 d6 Qf3 Nf6 Qb3 Nbd7 Bxf7+ Ke7
1582,1578,white,300+1,d4 d5 e3 c6 Nf3 Bg4 Be2 Bxf3 Bxf3 e6
1701,1717,black,420+5,e4 e5 Nf3 Nc6 d4 exd4 Nxd4 Qe7 Nxc6 Qxe4+
1555,1404,white,480+5,e4 e5 f4 exf4 Nf3 Nf6 e5 Nd5 c4 Nb6
1265,1677,black,300+1,e4 e5 d3 d6 f3 Nf6 Bg5 Be7 h4 Nc6
1868,1678,white,0+1,e4 e6 Nc3 Be7 d4 Nf6 f4 d5 e5 Nfd7
1414,1162,black,720+8,e4 e5 Nf3 Nc6 Bc4 Be7 O-O Nf6 Nc3 O-O
1307,1674,black,300+0,e4 c5 Bc4 e6 Qh5 Nc6 c3 Nf6 Qf3 Ne5
1563,1438,white,240+0,e4 c6 d4 e6 e5 a6 c4 h6 Nc3 b6
1490,1118,white,120+0,e4 e5 Nc3 Nf6 Bc4 c6 Nf3 b5 Bd3 d6
1582,1563,black,120+2,d4 d5 c4 Nf6 cxd5 Qxd5 Nc3 Qa5 Bd2 c6
1633,1385,white,240+0,e4 e5 Bc4 d6 Qf3 Qe7 Nh3 h6 Nc3 Nf6
1694,1771,white,60+1,e4 Nf6 d3 d6 f4 g6 Nf3 Bg7 c4 e6
1770,1909,black,300+1,e4 c5 Nf3 Nc6 Bc4 d6 Ng5 e6 Qh5 g6
1474,1368,white,60+5,c4 e6 Nc3 Bb4 Qb3 Bxc3 Qxc3 Nc6 Qxg7 Qf6
1803,1728,white,360+0,e4 e5 d4 exd4 c3 dxc3 Bc4 cxb2 Bxb2 Bb4+
1511,1500,black,240+1,e4 g6 f4 Bg7 e5 b6 Nf3 Bb7 Be2 Nh6
1385,1500,white,180+2,e4 e5 a3 f6 h3 Nc6 Nf3 Qe7 d4 Qd6
1703,1762,white,300+1,d4 e6 c4 d5 Nc3 Bb4 e3 Nf6 Bd2 c5
1967,1747,white,300+1,e4 e5 Nf3 Nc6 Bb5 d6 c3 Be7 h3 Nf6
1962,2091,black,60+0,c4 g6 Nc3 Bg7 d3 Nf6 g3 O-O Bg2 e6
1492,1577,black,900+0,e4 e5 Qf3 Nc6 c3 Nf6 d3 Bc5 Be2 O-O
1415,1418,white,180+3,g3 e5 Bg2 d5 c3 Nf6 d4 e4 Bg5 Be7
1369,1277,black,300+0,d4 Nf6 Nc3 e6 Nf3 d5 Bg5 h6 Bh4 g5
1472,1393,black,600+10,e4 c6 c3 d5 e5 Bf5 Na3 e6 f3 Ne7
1874,1668,white,0+1,e4 b6 Nc3 Bb7 d4 d5 Bd3 e6 e5 Bb4
1505,1087,white,120+1,c4 g6 b3 Bg7 Nc3 Nc6 Bb2 Nf6 g3 b6
1542,1628,black,300+0,e4 g6 Bc4 Bg7 c3 d6 d4 Nd7 h3 Ngf6
1679,1261,white,300+1,e4 e5 Nf3 c5 d3 b5 Nxe5 d6 Nf3 Ba6
1963,1843,white,240+1,e4 c5 Nf3 Nc6 d4 cxd4 Nxd4 d6 Nc3 e5
1355,1860,black,300+15,e4 d5 e5 c5 d3 Nc6 Nf3 Bg4 h3 Bxf3
1613,1560,white,720+10,e4 e5 Nf3 d6 d4 Nd7 Bb5 c6 Bc4 b5
1724,1471,white,480+0,e4 d5 exd5 Qxd5 d4 Qe4+ Ne2 Nc6 c3 Nf6
2100,1955,draw,60+0,Nf3 f5 g3 Nf6 Bg2 e6 O-O Be7 c4 O-O
1641,1105,white,240+0,e4 e5 Bc4 Nf6 Qf3 d6 Qb3 Be6 Bxe6 fxe6
1506,1794,black,240+5,e4 e5 Nf3 Nc6 Bb5 Qf6 Nc3 Nge7 d3 h6
1659,1880,white,0+1,g3 c5 Bg2 d5 Nc3 d4 Ne4 f5 Nxc5 e5
1598,1959,black,300+8,e4 c5 Bc4 Nc6 c3 e6 Na3 a6 d3 d5
1757,1708,black,60+1,g3 c5 Nf3 Nc6 Bg2 b6 d3 Bb7 Nc3 Ne5
1861,1688,white,0+1,e3 b6 b3 Bb7 Bb2 e6 f4 d5 Nf3 c5
1562,1491,white,1200+0,e4 e5 Nf3 Nc6 Bb5 Qf6 O-O Bd6 d3 Nge7
1687,1571,black,240+0,d4 d5 c4 c6 e3 Nf6 Nf3 Bg4 Be2 Bxf3
1156,1352,black,900+15,e4 e5 Nf3 Nf6 d4 d6 dxe5 dxe5 Nxe5 Qxd1+
1678,1868,black,0+1,b3 d5 Bb2 c5 g3 Nc6 Bg2 e5 Nc3 Be6
1842,2095,black,60+0,d4 g6 Nf3 Bg7 Nc3 c5 e4 cxd4 Nxd4 Nc6
1525,1668,black,300+4,e4 d5 exd5 Qxd5 Nc3 Qa5 Nf3 Bg4 Be2 e6
1586,1638,black,900+0,e4 e5 Nf3 Nc6 Bc4 h6 O-O d6 Nc3 Nf6
1567,1592,black,300+1,e4 d6 d4 e6 c4 c6 Nc3 g6 Be3 Bg7
1677,1304,white,300+0,e4 e6 d4 Qh4 Qd3 b6 d5 Bb7 Nf3 Qg4
1571,1510,white,300+0,e4 d5 exd5 Qxd5 Nc3 Qa5 Nf3 c5 Bc4 e6
1348,1541,white,420+10,e4 e6 f4 d5 d3 dxe4 Nh3 h6 Nc3 Nf6
1719,1365,white,360+0,e4 c5 Nf3 Nc6 d4 b6 d5 Na5 Be2 e6
1271,1457,draw,180+2,e4 e5 d3 h6 f3 a6 c4 c5 Nc3 b5
1669,1874,white,0+1,b3 e6 Bb2 d5 g3 Nf6 Bg2 Be7 Bxf6 Bxf6
1794,1891,white,300+0,d4 e6 Nf3 d5 g3 Nf6 Bg2 Bd6 O-O O-O
1525,1500,white,300+0,e4 b6 d4 g6 Nf3 Ba6 c4 Bh6 Bxh6 Nxh6
1812,1955,black,300+2,e4 e5 d4 exd4 c3 dxc3 Bc4 Qe7 Nxc3 c6
1912,1699,black,300+13,e4 b6 Nf3 Bb7 Nc3 g6 Bc4 Bg7 d3 e6
1675,1443,white,900+9,e4 c5 c3 d6 Nf3 e5 Be2 Nf6 d3 Bd7
1458,1500,white,600+10,e4 e5 c3 Nf6 d3 g6 h3 Bg7 Nf3 O-O
1695,1856,black,0+1,b3 e6 Bb2 Nf6 g3 Be7 Bg2 d5 Bxf6 Bxf6
1725,1677,black,180+0,d4 d5 Bf4 e6 a3 c5 e3 Nc6 Nc3 Nf6
1349,1291,white,300+0,e4 c5 Nc3 Nf6 Nf3 d6 d4 cxd4 Nxd4 Nc6
2028,1681,white,300+0,Nf3 g6 d4 Bg7 Bg5 b6 e4 Bb7 Nc3 h6
1397,1617,white,480+5,e4 e5 Nf3 Nc6 Bb5 a6 Bxc6 dxc6 O-O Bg4
1753,1500,white,1800+8,e4 e5 f4 d6 Bc4 Nf6 Nc3 c6 Nf3 Bg4
1434,1503,black,300+0,d4 d5 c4 dxc4 e3 Bf5 Bxc4 Bxb1 Rxb1 c6
1395,1666,black,300+8,e4 b6 Bc4 Ba6 Na3 Bxc4 Nxc4 e6 e5 a6
1808,1742,white,300+0,d4 d5 Nf3 e6 g3 Nc6 Bg2 Be7 O-O Nf6
1468,1103,white,420+0,e4 e5 Bc4 d6 Nf3 Nf6 d3 Bd7 Ng5 Qe7
1863,1686,black,0+1,e4 b6 d4 Bb7 f4 Nf6 e5 Nd5 Nf3 f6
1643,1646,black,240+0,e3 d5 d3 Nf6 h3 e6 g3 Be7 Bg2 b6
1642,1502,black,600+5,e4 c5 Bc4 Nc6 c3 e6 d3 d5 exd5 exd5
1596,1594,white,300+1,e4 Nc6 Bc4 e5 a3 Nf6 d3 Bc5 Nf3 O-O
1424,1513,black,300+0,d4 d5 c4 Nf6 Nf3 dxc4 e3 b5 a4 c6
1362,1775,black,300+0,d4 Nf6 Nc3 g6 Nf3 Bg7 Bg5 d6 Qd2 O-O
1710,1845,white,0+1,g3 d5 Bg2 e5 d4 e4 f3 f5 fxe4 fxe4
1415,1500,white,1200+0,e4 g6 Bc4 Bg7 Qf3 Nh6 d3 O-O g4 c6
1628,1585,black,300+8,c4 d5 d4 Nf6 Nf3 e6 e3 Ne4 Bd3 Bb4+
1466,1747,black,300+1,g3 e6 Bg2 d5 b3 c5 Bb2 Qb6 e3 Nc6
1594,1581,white,300+8,e4 d6 Nc3 Nf6 a3 g6 h3 Bg7 Bc4 O-O
1560,1337,white,180+0,d4 Nc6 Nc3 d6 d5 Ne5 f4 Nc4 e4 Qd7
1716,1609,white,420+0,d4 d5 c4 e5 dxe5 d4 Nf3 Nc6 a3 Bg4
1391,1808,black,300+8,e4 c5 Bc4 e6 d4 cxd4 Qxd4 Nc6 Qd1 Bc5
1079,1507,black,120+1,d4 d5 Nf3 e6 e3 Nf6 Bd3 c5 dxc5 Bxc5
2031,1972,black,300+0,d4 Nf6 Nf3 e6 g3 b6 Bg2 Bb7 O-O d6
1533,1919,black,300+0,e4 e5 f4 exf4 Nf3 g5 Bc4 Bg7 d4 h6
1728,1462,white,480+0,e4 d5 exd5 Qxd5 d4 Qe4+ Be3 Nf6 Qd3 e6
1434,1329,white,180+2,e4 e5 Nf3 d6 Nc3 Qd7 d4 c5 dxc5 dxc5
1258,1682,black,300+1,e4 e5 d3 d6 Nf3 Nf6 Bg5 Be7 c4 Nc6
1533,1888,white,120+6,e4 c5 Bc4 Nc6 c3 Nf6 d3 d5 exd5 Nxd5
1732,1829,white,0+1,e3 e6 f4 d5 Be2 f5 Bf3 Nf6 d3 c5
1789,1873,black,180+2,e4 e6 Qe2 Nf6 Nc3 d5 exd5 Nxd5 Nf3 Be7
1691,1538,draw,420+5,e4 g6 d4 Bg7 e5 d6 Bf4 dxe5 Bg3 exd4
1585,1645,black,120+2,d4 g6 e4 Bg7 e5 b6 f4 Bb7 Be3 e6
1607,1684,black,300+1,e4 d5 exd5 Qxd5 d4 c6 Nc3 Qa5 Bc4 Bf5
1577,1558,black,540+8,e4 c5 Nf3 Nc6 d4 cxd4 Nxd4 Nf6 Nxc6 bxc6
1516,1488,black,180+10,e4 e5 Qf3 Nf6 Nc3 Nc6 Bb5 Nd4 Qd3 c6
1836,1953,black,240+1,e4 e5 Nf3 Nc6 d4 exd4 Nxd4 Nf6 Nxc6 bxc6
1813,1752,white,0+1,e4 b6 Nc3 Bb7 d4 Nf6 Bd3 d5 e5 Nfd7
1774,1949,black,300+8,e4 Nf6 e5 Nd5 c4 Nb6 d4 d6 Nf3 Bg4
1754,1709,white,480+5,e4 Nc6 d4 Nf6 d5 Na5 e5 Ne4 Qf3 Nc5
1703,1518,white,180+0,d4 e6 Bf4 d5 a3 Nc6 e3 Bd6 Qf3 Nf6
1739,1823,white,0+1,b3 e5 Bb2 Nc6 Nf3 d5 Bxe5 Nxe5 Nxe5 Bd6
1278,1696,black,420+8,g3 e5 Bg2 d5 Nh3 Nc6 O-O Be6 e3 Qd7
1501,1602,black,300+0,e4 e5 Nf3 Nc6 d4 exd4 Nxd4 Bc5 Nxc6 bxc6
1810,1420,white,180+4,Nf3 b6 d4 Bb7 c4 Bxf3 exf3 e6 Bd3 Bb4+
1809,1758,white,0+1,e4 b6 Nc3 Bb7 d4 Nf6 Bd3 d5 e5 Nfd7
1864,1553,white,120+6,e4 e5 f4 exf4 Nf3 Be7 Bc4 Bh4+ Kf1 d6
1547,1556,white,300+0,e4 d5 e5 d4 f4 h5 Nf3 Bg4 d3 Bxf3
1416,1580,black,300+0,d4 d5 c4 e6 Nf3 Nf6 e3 Nc6 c5 Bd7
1897,1826,white,480+0,e4 e5 d4 exd4 c3 dxc3 Bc4 d6 Qb3 Qe7
1745,1819,white,0+1,b3 e5 Bb2 Nc6 Nf3 d5 Nxe5 Nxe5 Bxe5 f6
1623,1482,white,240+0,e3 e6 d3 d5 g3 Nf6 Bg2 Nc6 h3 e5
1724,1557,white,420+0,d4 d5 c4 c6 Nc3 e6 e3 a6 Nf3 Bd6
1763,1805,white,0+1,b3 e6 Bb2 Nf6 g3 Be7 Bg2 d5 Bxf6 Bxf6
1882,1899,black,180+2,e4 e5 Nf3 Nc6 Bb5 a6 Ba4 Nf6 O-O Be7
1577,1583,white,180+2,d4 d5 c4 Nf6 Bg5 e6 cxd5 exd5 Nc3 Be7
1602,1436,white,300+1,d4 d5 e3 Nc6 a3 Nf6 Nf3 Bg4 Be2 g6
1447,1073,white,60+2,e4 c5 Nf3 d6 Nc3 Nc6 d4 cxd4 Nxd4 g6
1923,1531,white,300+0,e4 d5 exd5 Nf6 Nf3 Nxd5 Bc4 Nf6 Nc3 Bg4
1403,1751,white,300+1,g3 e6 Nc3 d5 d4 c5 dxc5 Bxc5 Nf3 Qb6
1502,1450,white,240+5,e4 e5 Nf3 d5 exd5 Qxd5 Nc3 Qd6 Qe2 f6
1500,1500,black,180+0,d4 Nf6 Nc3 d5 Bf4 e6 Nb5 Na6 a3 c6
1884,1780,black,180+2,e4 d5 exd5 Nf6 c4 c6 dxc6 Nxc6 Nf3 e5
1670,1757,black,300+0,e4 c5 b3 Nc6 Bb2 Nf6 Nc3 d6 Bb5 Bd7
1716,1648,white,900+0,c4 e5 Nc3 Nf6 g3 d5 cxd5 Nxd5 Bg2 Nxc3
1608,1570,black,300+8,e4 d6 Nc3 Nf6 d3 g6 h4 Bg7 Be2 e5
1517,1625,white,600+5,e4 e5 Nf3 Nc6 Bc4 Bc5 O-O d6 Nc3 h6
1549,1868,black,120+6,e4 c5 Bc4 Nc6 c3 Nf6 d3 d5 exd5 Nxd5
1985,1800,black,1200+0,e4 e5 Nf3 Nc6 Bb5 a6 Ba4 Nf6 O-O Be7
1984,2016,black,300+0,d4 d5 c4 e6 Nc3 Nf6 Nf3 a6 e3 dxc4
1509,1389,white,120+1,c4 e5 b3 Nf6 Bb2 d6 g3 Be7 Bg2 Nc6
1359,1849,black,300+0,d4 e6 e4 d5 e5 c5 c3 Nc6 Bb5 cxd4
1475,1099,white,60+5,c4 e5 Nc3 d6 g3 Nf6 Bg2 Bd7 b3 c6
1635,1512,black,240+0,e4 e5 Bc4 Nc6 Qf3 Nf6 Ne2 Bc5 Qb3 O-O
1779,1679,black,0+1,b3 d6 Bb2 e5 g3 Nf6 Bg2 Be7 f4 O-O
1551,1730,black,420+0,e4 e6 d4 d5 exd5 exd5 Nc3 Nf6 Bg5 Bb4
1814,1389,black,300+8,e4 e5 Nf3 Nc6 Bb5 Nge7 c3 a6 Ba4 b5
1862,1751,white,300+15,e4 c5 Nf3 Nc6 c3 Nf6 e5 Nxe5 Nxe5
1337,1449,black,180+0,d4 d5 Nc3 Nc6 Bf4 Bf5 Nb5 e5 dxe5 a6
1474,1679,black,900+0,e4 b6 d4 Bb7 Nf3 e6 Nc3 Nf6 e5 Nd5
2028,1974,white,300+0,c4 Nf6 Nc3 e6 g3 Bb4 Bg2 Bxc3 bxc3 O-O
1511,1450,white,240+5,e4 e5 Nf3 d6 Bc4 Bg4 h3 Bh5 g4 Bg6
1309,1214,black,240+3,e4 c5 Bc4 d6 Nf3 h6 Nc3 a6 d4 e5
1744,1872,black,300+15,d4 d5 c4 e6 Nc3 Nf6 Nf3 c6 e3 Nbd7
1274,1667,black,300+2,g3 e5 Bg2 Bd6 b3 h6 Bb2 Nf6 Nf3 Nc6
1828,1858,black,180+2,e4 e6 d4 d5 e5 c5 c3 Qb6 Nf3 Nc6
1713,1520,white,180+0,d4 d5 Bf4 Nf6 Nc3 Nh5 Qd2 c6 Qe3 Nxf4
1625,1565,white,540+8,e4 e5 Nf3 d6 d3 Bg4 Be2 Nf6 Be3 Nc6
1849,1892,white,900+0,e4 d5 exd5 Qxd5 Nc3 Qa5 b4 Qxb4 Rb1 Qc5
1395,1517,white,120+1,e4 e5 Bc4 Nc6 a3 g5 c3 g4 Qxg4 d5
1492,1129,white,300+0,e4 e5 Nf3 d6 Bc4 h6 O-O Qf6 d3 Be6
1329,1283,black,180+8,e3 Nf6 c3 d5 Qa4+ Nc6 Bb5 Bd7 Bxc6 Bxc6
1895,1694,white,300+13,e4 e5 Nf3 f6 Nc3 Bb4 Nh4 Bxc3 dxc3 Ne7
1694,1445,black,60+0,b4 d5 Bb2 e6 e3 f6 b5 e5 a4 Be7
1656,1542,white,420+3,c4 d5 e3 d4 exd4 Qxd4 Nf3 Qe4+ Be2 Be6
1468,1435,white,900+0,e4 e6 d4 d5 exd5 Qxd5 Nc3 Qd8 Nf3 Nc6
1577,1500,white,300+3,e4 e5 c4 Nf6 Nc3 c6 d4 Bb4 Qd3 Bxc3+
1350,1454,black,1200+10,e4 e5 Nf3 Nc6 d3 d6 g3 Bg4 Bg2 Nd4
1430,1522,black,240+4,g3 d5 Bg2 c6 f4 h5 Nf3 f6 O-O Nh6
1765,1733,black,300+0,e4 Nc6 d4 e6 c4 Be7 Nf3 Nf6 Nc3 d6
1955,2105,white,300+8,d4 e6 c4 d5 Nc3 Bb4 Nf3 Nf6 Bg5 O-O
1680,1303,black,900+9,e4 Nf6 e5 Ne4 f4 f5 Nf3 h6 d3 Nc5
1524,1382,white,240+0,e4 e5 Nf3 d6 d4 Nc6 Bc4 Be6 Bxe6 fxe6
1680,1699,white,1500+0,e4 e5 Nf3 Nc6 a3 Nf6 Nc3 d6 h3 Be7
1518,1979,black,120+1,c4 g6 b3 Bg7 Nc3 Nf6 Bb2 O-O g3 d6
1797,1621,white,120+18,d4 Nc6 c4 d5 e3 e5 cxd5 Qxd5 Nc3 Qd8
1721,1819,black,360+0,e4 e5 Nf3 Nc6 Bb5 a6 Ba4 Nf6 O-O b5
1559,1581,black,300+0,e4 e6 f4 d5 e5 c5 Nf3 c4 b3 b5
1587,1429,white,240+0,e4 e5 Nf3 Nc6 Bc4 h6 d4 exd4 Nxd4 Nxd4
1358,1231,white,900+15,e4 e6 Nf3 Bc5 Bc4 Nf6 d4 Bb6 Bg5 h6
1409,1518,white,300+0,d4 b5 Nf3 Bb7 Nc3 b4 Nb5 e6 e4 a6
1868,1819,black,180+2,c4 c6 Nc3 d5 cxd5 cxd5 Qb3 Nf6 g3 e6
1881,1737,white,300+15,e4 c5 Nf3 Nc6 c3 Nf6 e5 Ng4 d4 cxd4
1543,1686,white,420+5,e4 e5 Bc4 d6 Nf3 h6 Nc3 c6 h3 Qe7
1357,1514,black,300+0,d4 d5 Nf3 e6 Nc3 c5 dxc5 Bxc5 Bg5 Nf6
1410,1388,white,300+3,c4 c6 d4 Qb6 e3 e6 Nf3 Qa5+ Nc3 Bb4
1621,1675,white,60+0,e4 e5 Nf3 Nc6 Bc4 Bc5 O-O Nf6 Re1 O-O
1411,1438,white,120+1,e4 e5 Bc4 d6 a3 Nc6 c3 Nf6 d3 Be7
1805,1716,white,180+2,e4 e5 d4 exd4 c3 dxc3 Bc4 d6 Qb3 Qe7
1307,1441,white,600+5,d4 e5 c4 d6 d5 c6 e4 c5 Bd3 Bd7
1467,1500,black,600+10,e4 e5 c3 d5 Bd3 Nf6 exd5 Qxd5 Be2 h5
1459,1571,black,1200+0,e4 g6 Nf3 Bg7 Bc4 d6 d3 Nf6 Be3 O-O
1556,1670,black,540+8,e4 c5 Nf3 Nc6 d4 cxd4 Nxd4 Nf6 Nxc6 bxc6
1761,1962,black,300+2,e4 e5 Nf3 Nc6 Bc4 Nf6 O-O h6 Re1 Bc5
1296,1317,white,180+8,d4 e6 Nc3 Qf6 Nf3 c5 Bg5 Qf5 e4 Qg6
1449,1579,black,60+2,e4 c5 Ne2 d5 exd5 Qxd5 Nbc3 Qh5 d3 Nf6
1500,1439,white,360+0,d4 c6 e4 d5 e5 Bf5 Bd3 Bxd3 Qxd3 e6
1477,1489,black,180+0,d4 d5 Bf4 Nc6 Nc3 Nf6 f3 Bf5 Nb5 Rc8
1610,1610,white,240+0,e4 e5 Bc4 Nc6 c3 g5 Qf3 Qe7 d3 g4
1661,1640,white,60+0,b4 Nf6 Bb2 e6 b5 d5 e3 Bd6 Nf3 O-O
1118,1495,black,300+0,e4 d5 exd5 Qxd5 Nf3 Nf6 d3 Bg4 Be2 e6
1527,1546,white,300+4,e4 e5 Nf3 Nc6 Bb5 Bc5 Bxc6 dxc6 Nxe5 Bxf2+
1530,1421,white,240+4,e4 b6 f4 Bb7 Nc3 g6 Nf3 Bg7 e5 e6
2199,1656,white,180+0,e4 d6 d4 e6 c4 Be7 Nc3 Nf6 f4 b6
1610,1655,black,600+5,e4 e5 Bc4 Bc5 d3 h6 c3 d6 h3 Nc6
1443,1431,white,120+0,e4 e5 f4 Nc6 Nf3 Bb4 c3 Bd6 d3 Nf6
1965,2039,black,300+0,d4 d5 c4 e6 Nc3 Nf6 Bg5 a6 e3 Be7
1588,1521,black,180+3,e4 c5 Bc4 e6 Nf3 d6 c3 Nc6 h3 Nf6
1518,1500,white,600+7,e4 e5 Nf3 Nc6 d4 d6 d5 Nd4 Nxd4 exd4
1731,1865,black,300+0,b3 Nc6 Bb2 e5 g3 Nf6 Bg2 Bc5 e3 d6
1625,1672,black,60+0,e4 e5 f4 d5 exd5 e4 Bb5+ Bd7 Qe2 Nf6
1811,1545,black,300+2,e4 e5 Nf3 Nc6 Bc4 f5 d3 h6 Nc3 Nf6
1425,1423,white,120+1,d4 d5 c4 dxc4 Qa4+ Nc6 Qxc4 Bf5 e3 e6
1890,1899,draw,300+15,e4 b6 d4 Bb7 Bd3 g6 Ne2 Bg7 O-O e6
1722,1466,white,180+0,d4 e6 Bf4 d6 a3 Nf6 e4 Nxe4 Qf3 d5
1413,1538,black,240+4,b3 e5 Bb2 e4 c3 d5 Qc2 Bf5 e3 Nc6
1440,1521,white,240+5,d4 d5 c4 dxc4 e3 b6 Bxc4 Bb7 Nf3 e6
1670,1745,white,300+2,d4 e6 a3 c5 dxc5 Bxc5 b4 Be7 Bb2 Nf6
1679,1713,black,360+0,e4 e5 Nf3 Nc6 Bc4 Bc5 d3 Nf6 Ng5 O-O
1233,1295,white,240+3,d4 d5 e3 Nc6 Nf3 Bg4 h3 Bxf3 Qxf3 e6
1593,1422,white,240+0,e4 e5 Nf3 Nf6 Nc3 Bb4 d3 Bxc3+ bxc3 O-O
1682,1612,black,60+0,e4 e6 d4 d5 e5 c5 c3 Nc6 Nf3 Qb6
1526,1407,black,480+8,e4 c6 d4 d5 exd5 cxd5 Nc3 Bf5 Nf3 e6
1831,1855,draw,180+2,e4 e6 d4 d5 exd5 exd5 Bd3 Bd6 Nf3 Nf6
1673,1655,black,240+0,d4 d5 c4 Nf6 e3 e6 c5 b6 cxb6 cxb6
1500,1413,white,660+5,e4 e5 Nf3 d6 Nc3 c5 Bb5+ Bd7 Bxd7+ Qxd7
1442,1982,black,60+2,e4 d5 Bd3 Nf6 Qf3 dxe4 Bxe4 Nxe4 Qxe4 Nc6
1664,1590,white,420+3,c4 e6 e3 Nf6 a3 Ne4 d4 Qf6 Nf3 Qd8
1605,1476,black,480+5,e4 e6 d4 Qh4 Nc3 Bb4 Bd3 Nf6 Nf3 Qg4
1707,1640,black,180+2,e4 d6 Nf3 g6 Nc3 Bg7 g3 Nf6 Bg2 O-O
1360,1335,white,240+2,d4 b5 e4 c5 e5 Qa5+ c3 b4 Bd2 bxc3
1348,1579,black,300+0,d4 d5 Nc3 Bg4 Bf4 e6 Bg5 Be7 Bxe7 Nxe7
1751,1454,white,120+0,e4 e5 d3 f5 Nf3 d6 exf5 Nf6 Nc3 Bxf5
1703,1548,black,540+8,e4 e5 Nf3 Nc6 d3 d5 exd5 Qxd5 Nc3 Qd8
1260,1452,black,300+8,d4 d5 Nf3 Nc6 e3 Nf6 Bd3 Bg4 Nc3 e6
1622,1710,black,600+0,e4 e5 Nf3 Nf6 c3 d6 d3 Be6 Qa4+ Nc6
1814,1735,white,360+0,e4 e5 d4 exd4 c3 dxc3 Bc4 d6 Qb3 Qe7
1459,1686,white,600+10,e4 e5 c3 Nc6 d3 Nf6 Nd2 Be7 Ngf3 d5
1902,1679,white,300+13,e4 g6 Nf3 Bg7 Nc3 Nh6 d3 d6 d4 c6
1478,1368,white,900+0,e4 e5 d4 exd4 c3 dxc3 Bc4 cxb2 Bxb2 Bb4+
1668,1792,black,0+1,b4 e6 Bb2 d5 e3 Nf6 Nf3 Be7 b5 c6
2049,1669,white,300+0,d4 e6 Bf4 Nf6 c3 Nd5 Bd2 c5 e4 Nb6
1803,1735,white,120+18,d4 b6 e4 Bb7 d5 g6 c4 Bg7 Nc3 d6
1564,1642,black,540+8,e4 g6 d4 Bg7 e5 d6 Nc3 dxe5 dxe5 Qxd1+
1898,1848,black,420+0,e4 e5 Nf3 Nc6 d4 exd4 Bb5 Bc5 O-O a6
1410,1544,black,300+8,e4 e5 Bc4 a6 a4 Nc6 c3 Bc5 Qf3 Qf6
1447,1517,black,1800+8,e3 e5 Qh5 Nc6 Bb5 Nge7 Bc4 g6 Qh4 d5
1526,1325,white,600+7,e4 e5 Nf3 Nc6 d4 f6 d5 Nce7 Bc4 Nh6
1407,1371,black,240+2,e4 e6 Bc4 Bc5 d4 Bb6 c3 c5 d5 Nf6
1800,1512,white,0+1,e4 e5 Nc3 Bc5 f4 Nf6 Nf3 Ng4 d4 exd4
1794,1559,white,720+0,e4 g6 Nf3 Bg7 c3 d6 Bc4 Nd7 O-O Ngf6
1500,1599,black,300+5,d4 d5 Na3 e6 g3 Bxa3 bxa3 c6 Nf3 h6
1462,1282,white,60+5,c4 e6 Nc3 Bc5 Ne4 Bb6 c5 Ba5 a4 Nf6
1803,1508,white,0+1,e4 e5 Nc3 Bc5 f4 Nf6 Nf3 Ng4 d4 exd4
1961,1782,white,240+1,e4 b6 Be2 Bb7 Bf3 c5 Nc3 Nc6 Nge2 g6
1425,1322,white,600+5,e4 e5 Nf3 Nc6 c4 d6 d3 Bg4 Be2 g6
1473,1587,white,1200+5,e4 d6 d4 Nf6 Nc3 Nc6 Nf3 Be6 Bb5 a6
1754,1437,white,0+2,e4 e5 d3 d6 Nf3 g6 Be2 Bg7 O-O Ne7
1294,1362,black,420+0,d4 e6 Nf3 d5 e3 Nc6 Be2 Bb4+ c3 Bd6
1639,1725,white,900+0,e4 c5 c4 Nc6 d3 Qc7 Nf3 Nf6 Be2 e6
1423,1511,white,480+8,e4 e5 Nf3 Nc6 d4 exd4 Nxd4 Nxd4 Qxd4 d6
1565,1724,black,360+0,e4 e5 Bc4 Nf6 Nf3 Nxe4 d3 Nd6
1548,2100,black,60+0,b3 g6 Bb2 Bg7 Bxg7 Nf6 Bxh8 Ng8 Bb2 Nc6
1600,1682,black,720+0,e4 e5 Bc4 c6 Nf3 d6 h3 Nf6 d3 Be7
1341,1500,white,300+0,d4 d5 Nc3 Be6 Nf3 Nc6 e3 Qd6 Nb5 Qb4+
1551,1622,black,720+10,c3 e5 e4 Nf6 g3 Nxe4 Bd3 Nf6 Qe2 d6
1434,1770,black,300+8,e4 e6 d4 d5 e5 c5 c3 Nc6 Nf3 cxd4
1584,1703,black,300+0,e4 c5 Nf3 e6 Bb5 a6 Bc4 b5 Bd3 Nc6
1522,1807,black,120+0,a3 c5 d3 d5 g3 Nc6 Bg2 e5 Nf3 Be6
2050,1970,white,300+8,e4 Nf6 e5 Nd5 d4 d6 c4 Nb6 exd6 cxd6
1832,2021,white,300+2,e4 d5 exd5 Nf6 Nc3 Nxd5 Bc4 Nb6 Be2 Nc6
1878,1876,black,180+2,d4 Nf6 c4 e6 Nf3 b6 g3 Ba6 Bg2 Bxc4
1562,1756,black,300+2,e4 e5 f4 exf4 Nf3 d6 Bc4 Be7 O-O Nf6
1585,1631,black,180+0,e4 e5 Nc3 Nf6 Nf3 Nc6 Bc4 d6 Ng5 Na5
1497,1533,white,300+8,e4 e6 Nc3 f5 exf5 exf5 Qf3 g6 Bc4 c6
1811,2101,black,60+0,e4 g6 Nc3 Bg7 d4 c6 Be3 d6 Bd3 Nd7
1393,1146,white,300+0,e4 e5 d4 Nf6 dxe5 Nxe4 Bd3 Nc5 Nf3 f6
2160,1959,white,60+1,Nf3 f5 d4 Nf6 e3 e6 Bc4 Be7 O-O O-O
1519,1380,white,120+0,a3 e5 d3 d5 g3 Nf6 Bg2 Be6 Nf3 Bd6
1383,1367,white,240+2,d4 d5 Nc3 Nc6 Bf4 e6 Qd3 Bd6 Be3 Qd7
1673,1555,white,540+8,d4 d5 Nf3 Bf5 Bf4 Nc6 e3 Nb4 Bd3 Bxd3
2106,1807,white,60+0,Nf3 e5 g3 e4 Nd4 d5 Nb3 c5 Bg2 Nc6
1757,1434,white,0+2,e4 e6 d3 d6 Nf3 g6 Be2 Bg7 O-O Ne7
1833,1831,black,240+1,d4 d5 Nf3 Nf6 c3 e6 Ne5 Bd6 e3 Nbd7
1822,1667,white,360+0,e4 e5 d4 Nc6 Nf3 g6 d5 Nd4 Nxd4 exd4
1534,1539,black,300+4,e4 e5 Bc4 a6 c3 b5 Bb3 Nf6 Bc2 Bb7
1489,1528,black,900+10,d4 d5 h3 Nc6 e3 e5 c3 e4 Ne2 Nf6
1909,1250,white,300+13,e4 e5 Nf3 d6 Nc3 Be7 Bc4 Nf6 h3 O-O
1507,1534,black,240+5,e4 c5 Nf3 Nc6 Bb5 Qb6 Nc3 e6 Qe2 a6
1546,1340,white,240+1,e4 e5 f4 Nc6 Nf3 d6 Bc4 Bg4 Bxf7+ Kxf7
1150,1473,black,720+17,c3 e5 e4 Bc5 Nf3 Qf6 Bc4 c6 O-O h6
1402,1691,white,600+8,e4 e5 Nf3 Nc6 Bc4 Nf6 Nc3 Bb4 Nd5 Bc5
1157,1526,black,120+0,d4 d6 Nf3 g6 Bf4 Bg7 c3 Nf6 e4 Nxe4
1588,1754,black,180+2,d4 d5 c4 dxc4 Qa4+ Qd7 Qxc4 Nc6 d5 Ne5
1508,1439,black,300+0,e4 d6 Nf3 e6 Nc3 Nf6 d3 Nc6 Bg5 Be7
1774,1477,white,120+0,e4 c5 c4 Nc6 Nc3 Nf6 d3 d6 f4 Bd7
1276,1685,black,240+0,e4 d5 e5 c5 Bb5+ Bd7 Bxd7+ Nxd7 f4 e6
1409,1208,black,660+11,e4 e6 e5 d5 d4 a5 a3 b6 c3 g5
1838,1938,white,300+8,e4 c5 Bc4 e6 Nc3 a6 a4 Nc6 Nf3 d6
1537,1437,black,300+10,g3 c6 Bg2 d5 e3 Bf5 Ne2 Bg4 O-O e6
1789,1861,black,900+0,d4 c5 d5 d6 c4 e6 e4 Nf6 Nc3 Be7
1221,1366,white,900+15,d4 d5 e3 Qd6 c3 c5 Na3 Nf6 f3 Nc6
1999,1872,white,300+2,e4 e5 Nf3 Nc6 c3 Nf6 d4 Nxe4 d5 Ne7
1531,1438,white,540+9,e4 c6 f4 b5 Nf3 e6 d3 Bb7 Nc3 Na6
1817,2110,draw,60+0,e4 g6 d4 Bg7 Be3 c5 dxc5 Nf6 Nc3 O-O
1344,1392,black,240+2,d4 e6 Nf3 c5 dxc5 Bxc5 Nc3 Qb6 Be3 Bxe3
1886,1776,white,420+0,e4 b6 Be2 Bb7 Bf3 c5 e5 Bxf3 Qxf3 Nc6
1576,1698,black,300+0,e4 c6 Nf3 d5 exd5 cxd5 Bb5+ Nc6 Nc3 e6
1355,1575,black,300+0,e4 e5 Nc3 Nf6 Nf3 Nc6 d3 Bc5 Bg5 Be7
1732,1731,white,300+1,e4 e5 Nf3 Nc6 d4 exd4 Nxd4 Bc5 Nxc6 Qf6
1829,1890,black,360+0,e4 e5 d4 exd4 c3 dxc3 Bc4 Nf6 e5 Qe7
1531,1430,white,60+0,d4 e6 e3 d5 f3 g6 c4 Bg7 cxd5 exd5
1414,1736,black,420+0,b4 e6 a3 Nf6 Bb2 d5 e3 c5 bxc5 Bxc5
1299,1424,black,300+8,d4 Nc6 Nf3 d5 h3 Bf5 Bf4 e6 e3 Nf6
1514,1418,white,300+0,b4 e6 b5 h6 Bb2 a6 a4 d5 e3 Bd7
1734,1961,black,300+8,e4 Nf6 e5 Nd5 c4 Nb6 c5 Nd5 Bc4 c6
2101,1824,white,60+0,Nf3 d5 g3 e6 Bg2 Nf6 O-O Be7 d4 O-O
1528,1154,white,120+0,d4 d6 Nf3 g6 c4 Bg7 Nc3 c5 e3 cxd4
1664,1726,black,600+5,e4 e5 Bc4 Nf6 d3 Bc5 Nf3 d6 h3 O-O
1262,1458,white,180+4,e4 e5 Bc4 Nc6 Nf3 Nf6 c3 Bc5 d3 Ng4
1853,1758,black,300+8,e4 c5 Nf3 e6 d4 cxd4 Nxd4 Nc6 c4 Bc5
1471,1777,black,120+0,e4 c5 Nf3 d6 Nc3 e5 Be2 Nc6 O-O f5
2052,1707,draw,300+0,e4 c6 d4 d5 Nd2 dxe4 Nxe4 Bf5 Nc5 b6
1352,1314,black,600+5,d4 d5 e3 Nf6 c4 Bf5 cxd5 Bxb1 Rxb1 Nxd5
1494,1500,draw,300+0,e4 e5 Nf3 Nc6 Bc4 Bc5 d3 Nf6 O-O d6
1540,1422,white,60+0,d4 e6 e3 d5 f4 g6 Nf3 Bg7 Bd3 Nf6
1821,2105,black,60+0,e4 g6 d4 Bg7 Be3 c5 Nf3 Nf6 Bd3 O-O
1842,1822,draw,240+1,e4 e6 d4 d6 Bd3 c6 Ne2 a6 O-O b5
1513,1788,white,600+10,d4 d5 c4 e6 Nc3 Bb4 Bd2 dxc4 a3 Bxc3
1526,1399,white,1800+8,e4 e6 d4 Qh4 e5 Qe4+ Be3 Bb4+ c3 Ba5
1647,1743,white,300+1,e4 e5 Nf3 Nc6 Bb5 d6 Nc3 Be7 d3 Nf6
1813,1726,black,120+18,d4 b6 e4 Bb7 d5 g6 c4 Bg7 Nc3 d6
2110,1817,white,60+0,Nf3 d5 g3 e6 Bg2 Nf6 O-O Be7 d4 O-O
1551,1426,white,240+1,e4 Nc6 f4 d6 Nf3 e5 fxe5 dxe5 Bb5 Bd6
1487,1145,white,720+17,e4 e5 Bc4 d6 Qf3 Qf6 d3 Be6 Bg5 Qxg5
1778,1643,white,840+0,e4 c5 f4 d5 exd5 Qxd5 Nc3 Qd8 Nf3 h6
1435,1375,white,720+5,d4 d5 c4 e5 dxe5 dxc4 Qxd8+ Kxd8 Nf3 Bb4+
1462,1417,white,180+4,e4 b6 d3 Bb7 f4 e6 Be2 f6 Bf3 Nc6
1772,1557,black,300+2,e4 e5 Nf3 Nc6 Bc4 f5 d3 h6 O-O Nf6
1151,1531,black,120+0,d4 d6 Nc3 g6 Nd5 Bg7 Nf3 c6 Nc3 Nf6
1661,1582,draw,240+0,d4 d5 c4 c6 e3 Nf6 c5 b6 b4 a5
1910,1668,white,300+13,e4 e5 Nf3 Nc6 Nc3 Nf6 Bc4 h6 d3 Na5
1441,1280,white,180+4,e4 e5 Qh5 Nc6 Bc4 g6 Qf3 Nf6 d3 Nd4
1478,1508,white,600+10,e4 e5 c3 Nf6 Nf3 Bc5 d4 exd4 e5 Qe7
1547,1453,black,60+0,d4 d5 e3 c6 c4 e6 cxd5 cxd5 Bb5+ Bd7
1440,1407,white,60+2,e4 e5 Ne2 Nc6 Nbc3 Bb4 d3 d6 a3 Ba5
1813,2114,white,60+0,e4 Nc6 d4 d5 e5 e6 Nc3 Nge7 Bg5 Ng6
1851,1781,white,120+0,d4 Nf6 c4 d6 Nc3 g6 e4 Bg7 Nf3 O-O
1573,1401,white,60+4,e4 e6 d4 d6 Nf3 Bd7 Bd3 c5 c3 Qb6
1348,1345,white,300+0,d4 e6 e4 d5 exd5 Qxd5 Nc3 Qc6 Nf3 Nf6
2091,1832,black,60+0,Nc3 Nf6 d4 g6 e4 Bg7 e5 Ng8 Nf3 d6
1479,1548,white,540+9,e4 e5 Nf3 Nc6 Bc4 h6 a3 Nf6 d4 d6
1578,1719,black,180+2,e4 e5 Nf3 Nc6 d4 exd4 Nxd4 Bc5 Nxc6 Qf6
1425,1403,black,300+0,e4 b6 Nf3 Bb7 Nc3 e6 d4 Nf6 Bf4 Nxe4
1468,1533,white,60+0,d4 e6 e3 d5 Nf3 f5 c4 Nf6 cxd5 exd5
1197,1169,black,900+0,Nf3 Nc6 e4 e5 Bd3 d6 O-O Nf6 Nc3 Bg4
1872,1611,white,60+8,e4 c5 Nf3 Nc6 d4 cxd4 Nxd4 Qc7 Nc3 Nf6
1363,1381,black,300+0,d4 d6 e4 f6 Nc3 c6 Bd3 e5 dxe5 dxe5
1533,1148,black,120+0,d4 d5 c4 c5 e3 e6 Nf3 Nf6 Nc3 Nc6
1650,1687,white,240+0,d4 Nf6 Bf4 b6 e3 Bb7 h3 e6 Nf3 h6
1691,1701,white,1500+0,e4 e5 Nf3 d6 h3 Nf6 Nc3 Be7 a3 O-O
1273,1447,black,180+4,e4 e5 Bc4 Qh4 Bxf7+ Kxf7 Qf3+ Qf4 Qb3+ Ke8
1185,1331,white,900+0,e3 d5 Bd3 e5 e4 d4 Nf3 Bd6 O-O Nf6
1753,1739,white,300+0,e4 e6 d4 d5 Nc3 Nf6 Bg5 Be7 e5 Nfd7
1489,1707,black,120+2,e4 c5 Nf3 Nc6 d3 e6 Be2 d5 O-O d4
1850,2069,white,60+0,e4 g6 d4 Bg7 Be3 c5 Nf3 cxd4 Nxd4 e5
1451,1479,black,60+2,e4 g6 Ne2 Bg7 Nbc3 d6 d3 Nd7 Be3 Ngf6
1520,1481,black,60+0,d4 d6 e3 e5 dxe5 Nc6 f4 f6 exd6 Bxd6
1737,1500,black,480+0,e4 d5 exd5 Qxd5 d4 Qd8 c3 Qd6 Bd3 Qe6+
1340,1531,white,300+0,d3 d5 a3 e5 h3 Nf6 Bd2 Bd6 g3 b6
1923,1894,white,300+8,e4 e5 Nf3 Nc6 Nc3 Bc5 Nxe5 Bxf2+ Kxf2 Nxe5
1666,1441,black,300+0,e4 g6 Bc4 Bg7 Nf3 e6 d4 h6 d5 b6
1422,1295,white,600+8,e4 g6 d4 Bg7 Nf3 b6 c3 Bb7 Bd3 Nf6
1772,1859,black,120+0,e4 c5 c4 Nc6 Nc3 g6 d3 Bg7 f4 e6
1494,1605,white,300+0,e4 e5 Nf3 Nc6 Bc4 g5 d3 g4 Nfd2 h6
2042,1820,white,300+0,d4 d5 Nf3 c6 Bf4 Bg4 e3 Bxf3 Qxf3 e6
1753,1405,white,600+0,Nf3 b6 d4 Bb7 e3 g5 Nxg5 e5 Nf3 e4
1459,1450,black,120+0,g3 d5 Bg2 c6 d4 Nf6 b3 e6 Bb2 Bb4+
1559,1503,white,240+1,e4 c5 Nf3 Nc6 Bb5 e6 Bxc6 bxc6 O-O d5
1438,1480,black,180+0,e4 g6 Bc4 Bg7 Nf3 e6 O-O Ne7 d3 O-O
2048,1868,white,60+0,Nf3 Nf6 Nc3 g6 d4 Bg7 e4 d6 Bd3 O-O
1472,1308,white,180+4,e4 d6 d3 Nf6 Be2 g6 Bf3 Bg7 Ne2 O-O
1717,1966,white,240+1,d4 Nf6 c4 g6 Nc3 Bg7 e4 d6 Nf3 O-O
1494,1508,white,60+0,d4 d5 e3 e6 Nf3 f5 Bb5+ c6 Ba4 Nf6
1229,1183,white,600+8,h4 e5 d4 e4 e3 d5 h5 Nf6 Nc3 Bb4
1645,1736,black,180+2,e4 e5 Nf3 d6 d4 Nd7 Bc4 Be7 dxe5 Nxe5
1966,1722,draw,300+8,d4 Nf6 c4 e6 g3 d5 Bg2 dxc4 Qa4+ c6
1608,1918,black,420+0,d4 Nf6 c4 e6 Nc3 d5 e3 Be7 Nf3 O-O
1659,1585,white,240+0,d4 e6 c4 c6 e4 d5 e5 f6 Bf4 fxe5
1653,1164,white,300+1,d4 d5 Nf3 e6 c4 Ne7 Nc3 dxc4 e4 f5
1894,1841,black,420+0,e4 c5 Nf3 Nc6 d4 cxd4 Nxd4 d6 Bb5 Bd7
1395,1571,black,180+2,d4 d5 Nf3 Nc6 e3 h6 Bd3 a6 Qe2 Nf6
1440,1358,white,60+2,e4 e5 Qf3 Nc6 Bc4 Nf6 d3 h6 Be3 a6
1573,1725,black,300+2,e4 c5 g3 d6 Bg2 Nf6 Ne2 e6 c3 Nc6
1862,2055,black,60+0,e4 g6 d4 Bg7 Be3 Nc6 Nf3 Nb8 Bd3 Nf6
1308,1366,white,1200+10,e4 e5 g3 Nf6 Bg2 d6 Nc3 c6 Nge2 Bg4
1468,1513,black,600+0,e4 e5 Nf3 Nf6 d3 Nc6 Bg5 Be7 Bxf6 Bxf6
1956,1882,white,360+5,d4 Nc6 e4 d5 exd5 Qxd5 c3 Nf6 Nd2 Bf5
1631,1444,draw,720+10,e4 e5 Nf3 Nc6 Bb5 Nd4 Nxd4 exd4 c3 dxc3
1867,1763,white,120+0,d4 b6 c4 Bb7 Nc3 g6 e4 Bg7 e5 e6
1699,1709,white,1800+8,e4 e5 Nf3 d6 d4 exd4 Nxd4 Bd7 Nc3 Nc6
1468,1542,black,600+5,e4 d5 exd5 Qxd5 Nc3 Qd8 Bc4 e6 d4 Nc6
1556,1549,black,60+0,d3 c5 h4 e6 Bg5 Nc6 Bxd8 Kxd8 Nf3 d5
1429,1396,white,180+0,e4 Nf6 Nc3 d6 d4 g6 Bg5 Bg7 Nf3 O-O
1916,1323,white,300+13,e4 e5 Nf3 Nc6 Nc3 Bc5 Bc4 h6 h3 d6
1534,1495,white,540+9,e4 e5 Nf3 d6 d4 exd4 Qxd4 Qf6 e5 dxe5
1506,1556,white,60+0,d4 e6 e3 d5 Nf3 Nc6 Bb5 Bb4+ Bd2 Bxd2+
1893,1636,white,300+0,e4 g6 d4 Bg7 Nf3 d6 Nc3 Nd7 Be3 e5
1383,1266,black,300+4,e4 e5 Nf3 Nc6 d4 exd4 Nxd4 Qf6 Nxc6 Qxc6
2062,1856,white,60+0,Nf3 Nf6 g3 g6 Bg2 Bg7 O-O d6 e4 O-O
1349,1436,draw,300+0,d4 d5 Nc3 c5 dxc5 e6 b4 a5 Nb5 axb4
1391,1541,white,300+2,e4 c5 f4 d6 d3 e5 f5 Qh4+ g3 Qd8
1643,1684,white,300+2,c4 e5 Nc3 c6 e3 Bb4 a3 Ba5 b4 Bc7
1523,1585,black,180+8,e4 d5 exd5 Qxd5 Qf3 c6 Qxd5 cxd5 d4 Nc6
1513,1827,black,600+8,e4 e5 Bc4 d6 Nf3 Bg4 d3 c6 h3 Bxf3
1561,1544,white,60+0,c4 d6 b3 e6 Bb2 b6 g3 Bb7 Nf3 Nf6
1499,1468,black,300+0,e4 e6 Nf3 c6 d4 h6 c4 a6 Be3 Be7
1543,1519,white,60+0,e4 e5 Nf3 d6 Nc3 Nc6 Bc4 Bh3 gxh3 Qd7
1449,1414,white,60+2,e4 e5 Qf3 Nf6 Bc4 d5 exd5 Nxd5 Bxd5 f6
1628,1495,white,240+0,e3 g6 d3 Bg7 g3 c6 Bg2 Qb6 d4 e5
1725,1405,white,480+0,e4 e5 Nf3 d6 Bc4 c6 a3 b5 Ba2 g6
1340,1315,white,1080+2,c4 d6 Nc3 c5 Qc2 a6 e3 Nc6 Bd3 g6
1739,1577,white,180+2,e4 e5 Nf3 d6 c3 Bg4 Be2 Bxf3 Bxf3 Nc6
1691,1731,white,720+0,d4 d5 Nc3 e6 e4 dxe4 Nxe4 Nf6 Nc3 Bb4
1763,2033,black,300+0,e4 d5 exd5 Nf6 d4 Bg4 f3 Bf5 c4 e6
1850,2068,black,60+0,e4 Nc6 d4 e5 d5 Nce7 Nc3 Ng6 Be3 d6
1201,1172,white,900+0,e3 e5 Bd3 d5 Nf3 e4 Nd4 exd3 cxd3 Bc5
1928,1604,white,420+0,Nf3 d5 d4 e6 c4 Nf6 Nc3 c5 cxd5 Nxd5
1478,1414,white,180+4,e4 e6 d3 c5 f4 a6 Ne2 d5 Ng3 d4
1241,1499,white,600+8,h4 e5 d4 e4 c3 d5 f4 h5 g3 g6
1591,1509,white,300+0,e4 e5 Nc3 Nc6 a3 d6 Bc4 Nf6 d3 Be7
1678,1968,black,300+2,b3 e5 Bb2 Nc6 g3 d5 Bg2 Nf6 d3 Bc5
1533,1571,white,60+0,e4 c5 h4 e6 d3 Nc6 Bg5 f6 Bd2 d5
1630,1755,white,120+0,e4 c5 d3 d6 Nc3 e5 g3 Nc6 Nge2 f5
1483,1545,black,540+9,e4 e5 Bc4 Nf6 d4 Nxe4 Bxf7+ Kxf7 Qf3+ Nf6
2048,1588,white,300+0,d4 d5 Nf3 e6 c4 Nf6 Nc3 c6 e3 Nbd7
1402,1495,black,660+5,e4 e5 Nf3 Nf6 d3 Bc5 Nxe5 d6 Nf3 Ng4
1433,1140,white,720+17,e4 e5 d3 d6 Nf3 Qf6 b4 Ne7 c4 Bg4
1828,1815,white,300+0,d4 d5 Nf3 Bg4 e3 Nf6 Be2 e6 b3 c5
1569,1899,black,240+1,e4 c5 f4 Nc6 Nf3 e6 Bb5 d5 Bxc6+ bxc6
1881,1657,white,420+0,e4 c5 Nf3 e6 e5 d5 exd6 Bxd6 Bb5+ Bd7
1858,1934,black,300+8,e4 e5 Nf3 Nf6 Nc3 Bb4 Bd3 d6 a3 Ba5
1508,1554,black,60+0,d4 e6 e3 d5 Nf3 Nc6 Bb5 Bd7 Bxc6 Bxc6
1576,1670,black,180+2,d4 d5 c4 e6 cxd5 exd5 Nf3 Nf6 Bg5 c6
1632,1671,black,300+0,e4 e5 Nf3 Qf6 Bc4 Bc5 d3 h6 Nc3 c6
1365,1568,black,1200+0,e4 c6 Nf3 d5 e5 Nd7
2074,1845,black,60+0,Nf3 Nf6 g3 g6 Bg2 Bg7 O-O d6 e4 O-O
1559,1545,black,60+0,c4 d6 b3 e6 Bb2 Be7 g3 Nf6 Bg2 Nbd7
1491,1545,black,600+10,e4 e5 c3 Nf6 d3 d6 Nd2 c5 f3 g5
1728,1586,white,420+0,d4 d5 c4 e6 Nc3 Nf6 e3 Nbd7 Nf3 c5
1526,1407,white,300+2,e4 e5 f4 d6 Nf3 Qe7 Bc4 f6 O-O c6
1231,1465,black,360+6,e4 e5 d4 exd4 Qxd4 b6 Nc3 Bc5 Qd5 c6
1526,1462,black,120+0,e4 e5 g3 d6 Bg2 Nf6 Nc3 Nc6 d3 Bg4
2049,1867,black,180+2,c4 f5 Nc3 g6 e4 fxe4 d4 exd3 Bxd3 Bg7
1445,1297,white,480+8,e4 c5 Bc4 e6 Qf3 Be7 d3 Nh6 Bxh6 gxh6
1551,1459,white,600+5,c3 e5 b4 d5 d4 Nc6 e3 e4 Bb5 Bd7
1449,1461,black,180+2,e4 e5 Nf3 Bc5 a3 Qf6 b4 Bb6 c4 a6
1533,1491,white,180+0,d3 e5 e3 Bd6 Qe2 Qe7 f3 Nf6 h3 O-O
1863,2053,black,60+0,e4 g6 d4 Bg7 Be3 c6 Nf3 d6 Bd3 e6
1758,1623,white,600+0,Nf3 c6 d4 d6 e3 Qc7 c4 Bg4 Be2 Nd7
1474,1375,white,240+0,g3 d6 Bg2 e6 c3 c5 d4 c4 Bf4 d5
1475,1499,black,120+0,e4 e5 f4 exf4 Nf3 d6 d4 Bg4 Be2 Bxf3
1744,1712,white,180+2,d4 c5 Nf3 e6 e3 cxd4 Nxd4 d5 c4 Nc6
1211,1161,white,900+0,Nf3 Nc6 e4 d5 exd5 Qxd5 Nc3 Qe6+ Be2 Nf6
1367,1267,black,180+4,e4 e5 Nf3 Nc6 d4 Bb4+ Bd2 Bxd2+ Nbxd2 exd4
1563,1557,white,60+0,e4 d6 Qf3 e6 Nh3 b6 Bc4 Bb7 Bd3 h6
1135,1500,white,1200+5,Nc3 Nc6 Nf3 e5 d4 exd4 Nxd4 Nxd4 Qxd4 c6
1666,1500,black,600+0,e4 e5 Bc4 Nf6 Nf3 Nc6 Nc3 Bb4 O-O d6
1500,1445,black,300+6,e4 e5 Nf3 Nc6 Bb5 Qf6 Nc3 a6 Nd5 Qd6
1736,1690,white,600+5,e4 e5 Nf3 Nc6 Bb5 d6 c3 Bd7 d4 a6
2060,1857,white,60+0,Nf3 Nf6 g3 g6 Bg2 Bg7 O-O d6 e4 O-O
1610,1740,white,120+0,e4 c5 Nf3 d6 d4 cxd4 Nxd4 Nc6 c4 e6
1544,1476,black,300+0,e3 f5 a3 Nf6 h3 d6 g3 Bd7 Bg2 Bc6
1305,1241,white,360+2,e4 e5 Nf3 Nc6 Bb5 d6 Bxc6+ bxc6 O-O c5
1742,1567,black,300+2,e4 e5 Nf3 Nc6 d4 exd4 Nxd4 Nxd4 Qxd4 Qf6
1907,1904,white,60+0,e4 b6 Nc3 Bb7 d3 e6 g3 Bb4 Bg2 Ne7
1414,1500,black,300+0,e4 e5 Nf3 Nc6 Nc3 d6 Bc4 h6 O-O Nf6
1571,1746,black,180+2,e4 c6 Nf3 d5 e5 Bg4 d4 e6 Be2 Nd7
1890,1909,white,300+15,e4 e5 Nf3 Nc6 Bc4 Bc5 c3 Nf6 d4 exd4
1472,1437,black,180+2,e4 e6 Bc4 d6 d4 Nd7 d5 Be7 dxe6 fxe6
1546,1574,black,60+0,h4 e5 d3 d5 Bg5 f6 Bd2 h6 Nc3 g6
1667,1537,white,240+0,d4 d5 c4 c6 Nf3 Bg4 e3 Nd7 a4 e5
1371,1155,white,300+4,e4 c6 Nf3 d6 Bd3 Bg4 O-O Qc7 Qe1 Bxf3
1852,2066,black,60+0,e4 Nc6 d4 d6 d5 Ne5 f4 Ng6 Nc3 h5
1639,1580,white,240+0,e3 e5 d3 Nc6 a3 Nf6 h3 Be7 g3 d6
1926,1601,white,420+0,e4 e5 Nf3 Nc6 Bc4 h6 d4 exd4 O-O Bc5
1798,1699,white,120+18,d4 e6 c4 f5 Nc3 Nf6 Bg5 Be7 Nf3 O-O
1881,1920,black,60+0,e4 Nf6 e5 Nd5 d4 d6 c4 Nb6 f4 dxe5
1402,1729,white,480+0,e4 e5 Nf3 d6 Bc4 h6 d3 c6 h3 a5
1678,1389,white,300+0,e3 e5 d3 d6 Ne2 Be6 c3 Nc6 Ng3 Na5
1831,1671,white,300+2,c4 e5 Nc3 c6 Nf3
1652,1886,black,420+0,d4 e6 e4 b6 c4 Bb4+ Bd2 Qe7 a3 Bxd2+
1759,1762,white,300+0,e4 e5 Nf3 Nc6 Bb5 d6 c3 a6 Ba4 b5
1630,1725,draw,540+5,e4 c5 Nf3 d6 d4 cxd4 Qxd4 Nc6 Bb5 Bd7
1931,1509,white,300+0,e4 e5 Nf3 d6 d4 exd4 Bc4 h6 O-O Nf6
1566,1656,black,600+10,d4 d5 Nf3 Bf5 Nc3 e6 h3 Bb4 Bd2 Bxc3
2072,1847,white,60+0,Nf3 Nf6 g3 g6 Bg2 Bg7 O-O d6 b3 O-O
2007,2033,black,180+0,c4 e6 Nc3 d5 cxd5 exd5 d4 Nf6 Bg5 Be7
1353,1794,black,300+0,e4 c5 Nc3 Nc6 Nf3 e6 d4 cxd4 Nxd4 a6
1599,1598,white,420+0,e4 e5 Nc3 Nc6 a3 a6 h3 Bc5 g4 Qh4
1405,1368,black,300+0,e4 e5 Nf3 Nc6 Nc3 Nf6 Bc4 Bb4 d3 Bxc3+
1672,1413,white,480+5,e4 e5 Nf3 Nf6 Nxe5 Nxe4 Qe2 Ng5 Nc6+ Be7
1725,1625,white,120+0,e4 Nc6 c4 e5 Nc3 Bc5 d3 Nd4 Be2 a6
1584,1536,black,60+0,e4 d6 Nf3 e6 Bd3 b6 O-O c6 Be2 Nd7
1936,1568,white,180+4,Nf3 d5 d4 Bg4 Ne5 Bd7 c4 f6 Nxd7 Qxd7
1354,1345,black,1200+10,e4 e5 Nf3 Nc6 Bc4 b6 d3 Nh6 Ng5 f6
1717,1666,black,1800+8,e4 b6 d4 Bb7 d5 e6 c4 Nf6 Nc3 Bb4
1262,1294,black,600+8,h4 e5 g4 Nf6 f3 d5 e4 Nc6 c3 Bc5
1150,1500,white,1800+30,e4 d5 e5 Nc6 d4 e6 Bb5 Bd7 Nf3 a6
1234,1366,white,180+0,d4 d5 Nc3 e6 a3 Bd6 e4 Nf6 e5 Ne4
1684,1448,white,240+0,e4 c5 d4 cxd4 Qxd4 Nc6 Qe3 e6 Nc3 b6
1831,1450,white,300+3,e4 e6 d4 Be7 c4 d6 Nc3 Nd7 Nf3 g5
1408,1677,black,480+5,e4 e5 Nf3 Nc6 Bb5 a6 Bxc6 dxc6 O-O Bg4
2046,1862,white,120+1,d4 b6 e4 Bb7 Nc3 e6 a3 c5 d5 d6
1841,2078,black,60+0,e4 Nc6 d4 d6 d5 g6 dxc6 bxc6 Nc3 Bg7
1931,2052,black,120+1,d4 d5 c4 c6 Nc3 e5 g3 exd4 Qxd4 Nf6
1470,1221,black,360+6,e4 d5 e5 Nc6 Bc4 Qd7 Bb5 a6 Bxc6 Qxc6
1407,1589,black,240+0,e4 e5 Nf3 d6 c3 Bg4 d4 Bxf3 Qxf3 exd4
1510,1437,black,600+8,e4 e5 d4 exd4 Qxd4 Nc6 Qd1 d6 Bb5 Bd7
1681,1972,black,300+2,e4 e5 Nf3 Nc6 Bc4 Nf6 d3 h6 O-O Bc5
1877,1665,white,300+2,e4 e5 f4 exf4 Nf3 g5 Bc4 Bg7 d4 d6
1548,1572,white,60+0,e4 e5 Bc4 Nf6 d3 c6 c3 d5 exd5 cxd5
1221,1135,black,720+17,Nf3 d6 e4 Bg4 Be2 f6 O-O e5 Nh4 Bc8
1674,1530,white,240+0,d4 d5 c4 c6 e3 Nf6 Nf3 Bg4 Be2 Nbd7
1392,1452,black,660+11,e4 c6 d4 d5 e5 Bf5 g4 Be4 f3 Bg6
1698,1699,black,1800+8,g3 e5 Bg2 d5 b3 Nf6 Bb2 Bd6 Nc3 c6
1655,1522,white,600+0,e4 e5 Bc4 c6 Bxf7+ Kxf7 Qh5+ g6 Qxe5 Nf6
1140,1277,draw,1200+5,e4 Nc6 Bc4 Nf6 f4 Nxe4 Qh5 e6 Nf3 Bc5
1735,1567,white,420+0,d4 e6 c4 Bb4+ Nc3 Nf6 Bd2 Nc6 e3 O-O
2083,1837,white,60+0,Nf3 Nf6 g3 g6 Bg2 Bg7 O-O d6 c4 Nc6
1733,1750,white,120+0,e4 c5 c4 Nc6 Nc3 d6 d3 e6 Be2 Nf6
1565,1488,white,180+2,e4 b6 d4 e6 Nf3 d6 Bd3 Ba6 Bxa6 Nxa6
1949,1853,white,240+1,e4 c5 Nf3 Nc6 Bb5 d6 Bxc6+ bxc6 O-O e5
1681,1494,black,240+4,e4 e5 Nf3 Qf6 b3 Bc5 Bb2 d6 Nc3 c6
1599,1610,white,240+0,e4 e5 Nf3 Nc6 Bc4 g5 d3 g4 Nfd2 h6
1571,1354,white,240+0,e4 e5 Nf3 Bc5 d3 d6 Nc3 Qf6 Na4 Bb6
1127,1202,black,840+8,e4 e5 Nf3 d6 d3 Nc6 Ng5 Be7 c4 Bxg5
1719,1746,black,600+5,d4 Nf6 c4 e6 Nc3 Bb4 Nf3 c5 a3 Bxc3+
1514,1876,black,180+8,e4 c5 Bc4 Nc6 c3 Nf6 d3 h6 h3 a6
1832,2089,black,60+0,e4 g6 d4 Bg7 Be3 c6 Nf3 d5 e5 e6
1560,1560,black,60+0,e4 b6 f3 Bb7 g3 Nc6 Qe2 d6 Bg2 a5
1684,1553,white,300+1,e4 c5 d3 e6 Be3 b5 a3 a6 Nf3 Bb7
1550,1349,white,660+15,e4 c5 Nf3 d6 Nc3 g6 d4 cxd4 Nxd4 Bg7
1503,1393,white,660+5,d4 c5 dxc5 Qa5+ Nc3 Qxc5 Nf3 Nc6 Bf4 e5
1654,1682,white,240+0,e3 e6 d3 d6 g3 c6 Bg2 Ne7 h3 Ng6
1883,2030,black,180+2,d4 d5 Nf3 e6 g3 Nf6 Bg2 Nbd7 b3 c5
1583,1703,black,300+2,e4 c5 g3 d6 Bg2 Nf6 Ne2 e6 O-O Be7
1943,1770,white,300+0,Nf3 Nf6 d4 e6 c4 Bb4+ Bd2 Bxd2+ Nbxd2 b6
1382,1357,white,180+0,d4 d5 Nc3 e6 a3 Nc6 Bf4 Bd7 Nb5 a6
1448,1834,black,300+3,e4 c5 Nf3 Nc6 Nc3 e5 Bc4 h6 d3 Nf6
1486,1430,black,600+8,e4 e5 Nf3 Nc6 Bb5 a6 Ba4 b5 Bb3 Na5
1681,1404,white,480+5,e4 e5 Nf3 Nc6 Nc3 Nf6 Bb5 Bb4 d3 O-O
1086,1566,black,840+8,e4 c6 d3 d6 Nf3 Bg4 h3 Bh5 g4 Bg6
2094,1828,white,60+0,Nf3 Nf6 g3 g6 Bg2 Bg7 O-O d6 e4 O-O
1451,1405,black,480+8,e4 d5 e5 d4 Bc4 Nc6 Qe2 h5 Nf3 Bg4
1401,1810,black,240+0,e4 c5 Nf3 Nc6 c3 d6 d4 cxd4 cxd4 e6
1501,1473,white,300+0,e4 e6 Nf3 c6 d4 h6 Bc4 b5 Bb3 Bb4+
1571,1549,black,60+0,e4 e5 Bc4 Qh4 g3 Qxe4+ Kf1 Qxh1 d3 d6
1493,1654,white,120+8,d4 g6 e4 Bg7 Nf3 b6 Nc3 Bb7 Bb5 c6
1382,1212,white,660+11,e4 e5 Nf3 d6 h3 Nc6 c3 Nf6 d3 Be6
1630,1558,black,600+10,e4 c5 Nf3 e6 d4 cxd4 Nxd4 a6 Nc3 b5
1714,1672,white,1800+8,e4 b6 d4 Bb7 d5 Nf6 f3 e6 c4 exd5
1350,1395,white,300+0,d4 d5 Nc3 Nf6 Nf3 Bf5 Bg5 e6 e3 Bb4
1566,1507,white,240+1,e4 e5 f4 exf4 Nf3 d6 Bc4 h6 d4 Nf6
1717,1744,white,120+0,c4 c5 Nc3 Nc6 g3 e5 Bg2 d6 e4 g6
2060,1922,white,120+1,d4 Nf6 c4 e6 g3 Bb4+ Bd2 c5 Bxb4 cxb4
1689,1595,white,420+0,e4 e5 d4 exd4 Qxd4 Nc6 Qe3 b6 Nc3 Bc5
1500,1238,black,60+0,e4 g6 d4 Bg7 Nf3 e6 Bd3 d6 Nc3 Nc6
1768,1960,black,300+8,e4 Nf6 d3 g6 c4 d6 Nf3 Bg7 Nc3 O-O
1634,1777,black,300+8,d4 d5 e3 Nc6 c4 dxc4 Bxc4 Nf6 Nc3 Bg4
1256,1451,black,360+6,e4 e5 d4 Qh4 Be3 Qxe4 Bd3 Qd5 Nf3 e4
1917,1268,white,300+13,e4 Nc6 Nf3 e5 Nc3 Bc5 Bc4 Nf6 d3 O-O
1823,2098,black,60+0,e4 b6 d4 Bb7 Bd3 Nc6 Nc3 Nxd4 Be3 Ne6
1558,1537,black,540+9,d4 d5 e4 dxe4 Nc3 Nf6 f3 exf3 Qxf3 c6
1707,1422,white,480+0,e4 e5 Nf3 Nc6 Bb5 Nf6 Bxc6 dxc6 d3 Bg4
1712,2068,black,120+1,d4 d5 c4 c6 Nc3 e5 dxe5 d4 Ne4 Qa5+
1561,1560,white,60+0,e4 d6 Qf3 e6 Nh3 b6 d3 h6 Be2 Bb7
1500,1349,black,240+0,e4 d5 f3 e6 Bb5+ c6 Ba4 Qh4+ g3 Qf6
1822,1609,white,60+0,e4 c5 f4 Nc6 Nf3 e6 Bc4 b6 Nc3 Bb7
1576,1367,black,180+5,e4 b6 Nf3 e6 Bc4 Bb7 Nc3 Bb4 d3 Bxc3+
1574,1259,white,300+5,e4 e5 Bc4 Nf6 Nf3 d6 Ng5 Be7 Nxf7
1479,1574,white,180+2,e4 e5 d3 d6 Be2 h6 Bg4 Bxg4 Qxg4 Nf6
1611,1580,black,240+0,e4 c5 f4 Nc6 Nf3 d6 d4 Bg4 dxc5 dxc5
1830,1764,white,300+0,e4 c5 d4 cxd4 c3 d3 Nf3 Nc6 Bxd3 d6
2103,1819,white,60+0,Nf3 Nf6 g3 g6 Bg2 Bg7 O-O Nc6 e4 e5
1733,1749,white,120+0,e4 c5 c4 Nc6 Nc3 d6 d3 Bd7 f4 b5
1247,2038,black,300+0,d4 Nf6 e3 d5 Nf3 c6 Bd3 Bg4 O-O Nbd7
1976,1846,white,300+2,d4 Nf6 c4 b6 Nc3 e6 e4 d5 cxd5 exd5
1904,1830,black,300+15,e4 e5 Nf3 Nc6 Bc4 Nf6 Ng5 d5 exd5 Na5
1731,1765,white,120+2,e4 e5 Nf3 Nc6 d4 exd4 Nxd4 Bc5 Be3 Nxd4
1549,1572,black,60+0,h4 e5 d3 f6 Be3 d6 f3 c6 Bd2 Ne7
1544,1555,white,600+5,d4 d5 e4 dxe4 d5 Nf6 Bc4 a6 Bb3 b5
1255,1187,black,1200+5,Nc3 e6 Nf3 f5 d4 g6 Ne5 Bg7 Bf4 d6
1449,1428,white,600+8,e4 e5 d3 Bb4+ Bd2 Bxd2+ Nxd2 d5 exd5 Qxd5
1288,1164,black,900+10,e4 e5 Qh5 Bc5 Qxe5+ Qe7 Qxg7 Qh4 d3 Qxf2+
1757,1609,white,600+8,e4 d5 exd5 Nf6 Nc3 Nxd5 Nxd5 Qxd5 Nf3 Bg4
1628,1508,white,300+8,e4 e5 Qh5 d6 Bb5+ Bd7 Bxd7+ Qxd7 d3 Nf6
1250,1488,black,60+0,Nf3 c6 d4 Nf6 e3 d5 Bd3 e6 O-O Bd6
1309,1364,white,300+0,e4 Nc6 d4 Nf6 e5 Nd5 Bc4 Nb6 Bb3 e6
1454,1497,black,180+0,d4 d5 Nc3 Nf6 Bf4 a6 Be5 e6 Bxf6 Qxf6
1079,1558,black,600+10,e4 e5 d3 Nc6 c3 Nf6 d4 Nxe4 Na3 exd4
1111,1246,white,300+0,Nf3 d5 g3 Nf6 Bg2 e6 O-O Bd6 d4 O-O
1659,1900,white,120+1,e4 e6 Nf3 d5 exd5 exd5 d4 Nf6 c4 Bd6
1621,1469,white,600+0,d4 d5 Nc3 Nf6 Bg5 c6 Bxf6 exf6 g3 Bb4
1515,1182,draw,300+8,e4 Nc6 Bb5 Nd4 Be2 e5 c3 Ne6 Nf3 Nh6
2107,1815,white,60+0,Nf3 Nf6 g3 g6 Bg2 Bg7 O-O d6 b4 e5
1720,1575,black,300+2,e4 e5 Nf3 Nc6 d4 exd4 Nxd4 Nxd4 Qxd4 Qf6
1575,1476,black,240+1,e4 e5 f4 exf4 Nf3 g5 Bc4 Bg7 e5 h6
1785,1944,black,300+8,d4 d5 c4 dxc4 e4 Nf6 Nc3 e6 Bxc4 Bb4
1578,1507,white,1200+0,e4 e5 Nf3 Nc6 Bb5 Nge7 O-O a6 Ba4 d6
1799,1411,black,720+0,e4 e5 Nf3 Nc6 Bc4 Bc5 d3 h6 O-O Nf6
1282,1155,white,720+17,e4 e5 Nc3 Qh4 Qf3 Be7 Bc4 Qf6 Nge2 Nh6
1663,1500,white,900+9,e4 e5 Nf3 Nc6 Be2 Nf6 d3 d5 exd5 Nxd5
1761,1340,white,300+8,d4 d6 c4 Bf5 Nc3 Na6 e4 Be6 d5 Bc8
1359,1233,white,240+0,d4 d5 e3 Nc6 Nf3 Bg4 Bb5 a6 Bxc6+ bxc6
1680,1888,white,420+8,f4 d5 Nf3 Bf5 e3 e6 c4 Nc6 cxd5 Qxd5
1580,1500,white,120+2,e4 e5 Nf3 Nc6 Bb5 a6 Ba4 Nf6 d3 Bc5
2071,1837,white,120+1,d4 d5 Nf3 e6 c4 Nf6 g3 c6 Bg2 Nbd7
1341,1625,white,360+0,d4 d5 Nf3 Bf5 e3 Nc6 Bb5 a6 Bxc6+ bxc6
1811,2112,white,60+0,e4 c6 d4 g6 e5 Bg7 Nc3 d6 f4 dxe5
1400,1685,black,480+5,e4 e5 Nf3 Nc6 Bc4 Nf6 O-O h6 d4 exd4
1417,1439,black,480+8,e4 e5 Qh5 Qf6 Nf3 Bc5 Qxe5+ Qxe5 Nxe5 Nf6
1453,1389,white,240+2,e4 e6 Nf3 d5 exd5 Qxd5 d3 Qa5+ Nc3 Bb4
1599,1665,white,240+0,e4 e5 Nf3 Qf6 Nc3 c6 Bc4 Bc5 d3 h6
1720,1744,black,120+0,c4 c5 Nc3 Nc6 d3 e6 g3 d5 Bg2 d4
1728,1500,black,1800+8,e4 e5 Nf3 Bc5 Nxe5 Qf6 Nf3 d6 d4 Bb6
2089,1832,white,60+0,d3 Nf6 e3 g6 f3 Bg7 c3 d6 b3 O-O
1880,1678,black,120+1,e4 c5 c3 Nc6 Bb5 e5 Nf3 d6 O-O Bd7
1819,1709,white,600+8,d4 d5 c4 e6 Nc3 Nf6 Bg5 h6 Bxf6 Qxf6
1893,1511,black,180+8,c4 e5 Nc3 Bc5 Nf3 d6 a3 h6 g3 Nf6
1804,1957,white,240+1,e4 e5 d4 exd4 c3 d5 Qxd4 dxe4 Qxe4+ Be7
1807,1722,black,120+18,d4 d5 c4 c6 a4 Nf6 Nc3 e6 Bg5 Be7
1871,1839,white,240+1,e4 c5 d4 cxd4 c3 d5 Qxd4 Nf6 e5 Nc6
1326,1500,white,600+5,d4 d5 c4 Nc6 c5 e5 e3 b6 Bb5 Bd7
1918,1713,white,300+13,e4 c5 Nf3 Nc6 Nc3 e6 Bc4 Bd6 d3 Qc7
1577,1445,white,120+2,d4 e6 Nf3 d6 c4 Nd7 Nc3 Be7 Bf4 g5
1542,1756,black,300+0,e4 c5 Nf3 Nc6 Nc3 a6 a4 d6 Bc4 e6
1827,2094,white,60+0,e4 Nc6 d4 b6 d5 Bb7 dxc6 Bxc6 Nc3 Qb8
1500,1507,black,300+0,e4 e5 f4 exf4 Nf3 d6 Bc4 h6 O-O Nf6
1302,1366,white,240+0,c4 c5 Nc3 d6 g3 g6 Bg2 Bg7 e3 Nf6
1621,1875,black,60+0,d4 Nf6 e3 e6 Nf3 d5 Ne5 c5 Bb5+ Bd7
1659,1666,white,300+2,d4 d5 a3 e6 e3 Bd6 Nf3 Nd7 h3 Ngf6
2073,1847,white,60+0,Nf3 Nf6 g3 g6 Bg2 Bg7 O-O d6 e3 e5
1500,1674,black,240+0,e4 c5 Nf3 e6 d4 cxd4 Nxd4 a6 Be3 Nc6
1126,1155,white,240+0,Nf3 f6 g3 e5 Bg2 d5 O-O e4 Nd4 f5
1511,1533,white,240+4,e4 c5 Bc4 e6 Qf3 d5 exd5 exd5 Bxd5 Nf6
1675,1763,black,120+0,c4 c5 Nc3 Nf6 b3 e6 Bb2 d5 cxd5 exd5
1399,1168,black,240+0,e4 c5 Nf3 d6 c3 Nc6 d4 cxd4 cxd4 Bg4
1400,1570,black,120+2,e4 e5 Nf3 Nf6 Nc3 d5 exd5 Nxd5 Nxe5 Nxc3
2076,1901,black,120+1,d4 d5 Nf3 Nf6 c4 e6 g3 c5 cxd5 Nxd5
1582,1693,white,300+1,d4 d5 g3 e6 Bg2 Nc6 Nf3 Nf6 O-O Bd6
2038,1754,white,300+0,d4 d5 Nf3 c6 Nbd2 Nd7 e4 dxe4 Nxe4 Ngf6
1859,1613,white,300+8,e4 c5 Nf3 e6 Bc4 d6 Bb5+ Bd7 Bxd7+ Nxd7
1830,1912,black,240+1,e4 b6 d4 Bb7 Bd3 e6 Ne2 c5 c3 cxd4
1712,1682,white,480+0,e4 e5 Nf3 d6 Bc4 Be6 Bxe6 fxe6 a3 Nc6
1375,1388,white,600+0,d4 Nf6 Nc3 c6 e4 d6 h3 h6 Nf3 g5
1754,1696,white,120+0,e4 c5 c4 Nc6 b3 d6 Bb2 b6 f4 Bb7
1595,1587,white,120+2,e4 e5 Bc4 c5 Nf3 Nc6 d3 h6 Bd5 Nf6
1375,1539,black,1200+10,e4 c5 Qh5 d6 d3 Nf6 Qd1 Nc6 Nh3 e6
1545,1586,black,420+0,e4 e5 d4 exd4 Qxd4 Nc6 Qc3 Qf6 Qd2 d6
1829,1316,white,600+8,d4 Nf6 c4 g6 Nc3 g5 Bxg5 Ng4 e4 f6
1889,1216,white,300+15,e4 d5 exd5 Qxd5 Nc3 Qe5+ Qe2 f6 Qxe5 fxe5
1380,1934,black,240+0,e4 e5 Nf3 Nf6 d3 Nc6 Nc3 Bc5 Nd5 Nxd5
1565,1558,white,180+2,d4 e5 d5 Nf6 c4 Bc5 Bg5 O-O e4 d6
1314,1194,white,360+2,e4 e5 Bc4 Nf6 f3 Be7 Ne2 O-O O-O c6
1360,1752,white,120+2,e4 e5 Nf3 Nc6 Bb5 Nf6 O-O d6 Nc3 Bg4
1691,1713,white,1200+5,e4 e5 Nf3 Nc6 Be2 Bc5 a3 Nf6 d3 d6
1697,1861,black,120+1,e4 e6 d4 d5 exd5 exd5 Nf3 Nf6 c4 Bd6
1613,1444,black,300+0,d4 g6 Bf4 d6 Nc3 Bg7 Nf3 e6 g3 Ne7
1349,1198,white,300+0,e4 d5 e5 e6 d4 c6 c3 b5 Nf3 Nh6
1824,1879,white,120+0,d4 Nf6 Nf3 e6 c4 d5 Nc3 Bb4 g3 O-O
1951,1779,white,300+8,e4 c5 Nf3 d6 Nc3 Nf6 d3 Bg4 Bg5 Nbd7
1983,1802,white,300+2,d4 d5 c4 c6 Nc3 Nf6 cxd5 cxd5 Nf3 Bg4
1977,1642,white,600+0,e4 Nc6 d4 Nf6 e5 Nd5 c4 Ndb4 Nc3 Nxd4
1418,1336,white,600+5,e4 e5 Qh5 Nc6 Bb5 Qf6 d3 Bc5 Nh3 d5
1374,1459,black,600+8,e4 e5 d3 Nf6 Bd2 d6 Nf3 Bg4 Be2 c5
1771,1658,white,120+0,e4 c5 c3 Nc6 d4 cxd4 cxd4 e6 Nc3 Nge7
1841,2078,white,60+0,e4 Nc6 d4 Nb8 d5 a6 Nc3 g6 Bd3 Bg7
1379,1284,black,240+0,e4 e5 Nf3 Nc6 c3 Nf6 Qe2 d6 d4 Bg4
1500,1514,white,300+0,e4 e5 f4 exf4 Nf3 d6 Bc4 h6 O-O a6
1612,1729,white,240+0,e4 e5 Nf3 Nc6 Nc3 Be7 Bc4 Nf6 d4 exd4
1384,1380,black,240+2,b3 e6 Bb2 d5 e3 c5 Qg4 f6 Bb5+ Nc6
1766,1869,black,300+8,d4 d5 c4 e6 Nc3 c5 e3 cxd4 exd4 Nf6
1364,1138,black,240+0,e4 Nf6 Nc3 Nc6 Nf3 e5 d4 exd4 Nxd4 Ne5
1577,1651,black,300+0,e4 e5 d3 b6 h4 Bb7 Bg5 f6 Be3 d5
1925,2058,black,120+1,d4 d5 Nf3 c6 g3 Nf6 Bg2 Bf5 b3 e6
1337,1171,black,0+2,b3 d5 Bb2 Nf6 e3 Nc6 g3 Bf5 Bg2 Nb4
1868,1690,black,120+1,d4 d5 c4 c6 Nc3 e6 Nf3 Be7 g3 Nf6
1590,1686,black,300+2,e4 c5 g3 d6 Bg2 e6 Ne2 Nc6 c3 Nf6
1836,1697,white,300+3,d4 d5 Nf3 c6 e3 e6 c4 Nf6 c5 Be7
1392,1405,white,180+0,d4 g6 Nc3 Nf6 Bf4 Ng4 e4 Bh6 Qxg4 Bxf4
1830,1127,white,600+8,d4 e5 d5 d6 c4 c6 e4 cxd5 cxd5 b6
1377,1387,black,600+0,e4 e6 d4 d5 e5 c5 Be3 Nd7 Nf3 f6
1449,1543,black,480+8,e4 e5 Bc4 a6 a4 Nc6 c3 Na5 Ba2 d6
1679,1393,white,240+0,d4 d5 c4 e6 Nc3 c5 g3 cxd4 Qxd4 Bb4
1576,1508,white,180+2,d4 Nf6 Bg5 e6 e4 h6 e5 hxg5 exf6 Qxf6
1500,1587,black,1200+0,e4 g6 d4 Bg7 Nf3 d6 Bb5+ Bd7 Qd3 Nf6
1249,1568,black,600+8,a4 d5 d4 b6 c3 Bb7 f4 g6 e3 Bg7
1437,1314,draw,180+2,e4 e6 Nf3 Nc6 d4 d5 e5 f6 exf6 Qxf6
1384,1300,white,660+5,Nf3 e6 c4 d6 Nc3 Be7 d4 d5 cxd5 exd5
1615,1355,black,240+0,e4 d5 exd5 Qxd5 Nc3 Qe5+ Qe2 Qf6 f3 Bd7
1722,1264,black,480+0,e4 d5 exd5 Qxd5 d4 c6 c3 e6 Nf3 Nd7
1576,1291,white,120+2,e4 e5 Nf3 d6 Bc4 Be6 Bxe6 fxe6 Nxe5 Qe7
1634,1607,black,120+2,e4 e5 Nf3 Nc6 Bb5 Nf6 Bxc6 dxc6 d3 Bg4
1225,1461,black,180+15,e4 c6 b4 d5 d3 Nf6 Nf3 Bg4 h3 Bxf3
1642,1779,white,120+0,c4 c5 Nc3 e5 b3 g6 Bb2 Bg7 g3 Ne7
1170,1317,white,1200+5,Nc3 Nc6 d4 b6 e4 Bb7 Nf3 a6 Be2 g6
1584,1820,black,120+2,d4 d5 Nf3 c6 Bf4 Bg4 e3 Bxf3 Qxf3 e6
1410,1399,white,300+5,e4 e5 Nf3 Qe7 Bc4 Nf6 d3 Nc6 c3 Na5
1500,1506,black,300+0,d4 d5 e3 e6 Nf3 Nf6 Ne5 Bd6 f4 Bxe5
1702,1830,white,1500+0,e4 e5 Nf3 c6 a3 d6 h3 Nf6 Nc3 Be7
1761,1615,white,300+0,e4 b6 d4 Bb7 Nc3 e6 f3 Ne7 Bd3 Ng6
1126,1831,black,600+8,e4 e6 Nf3 d5 Bc4 dxe4 Ne5 Qd4 Qe2 Qxe5
1750,2043,black,300+0,d4 d6 Nf3 Nf6 c4 Nbd7 Nc3 c5 Bg5 g6
1718,1652,white,900+0,d4 d5 e3 a6 Bd3 Nc6 Nd2 e6 f4 Be7
1320,1476,white,0+2,b3 g6 Bb2 Bg7 Bxg7 Nf6 Bxh8 e6 Bxf6 Qxf6
1347,1257,draw,480+8,d4 Nf6 d5 Na6 c4 c6 dxc6 bxc6 e4 Nxe4
1660,1568,white,300+0,e4 e5 Nf3 d6 b3 Bg4 Bb2 Nc6 Bb5 a6
1517,1500,white,1500+15,e4 e5 d4 exd4 Qxd4 Nc6 Qe3 Nf6 Nc3 d6
1669,1757,white,900+9,e4 g5 d4 e6 Nf3 g4 Ne5 h5 h3 d6
2066,1915,white,120+1,d4 d5 Nf3 Nf6 c4 e6 g3 c5 cxd5 Nxd5
1915,1803,black,0+1,e4 e6 Nf3 Nf6 e5 c6 exf6 Qxf6 d4 Bd6
1708,1850,white,120+1,e4 e6 Nf3 d5 exd5 exd5 d4 Nf6 Bd3 Bd6
1303,1419,black,300+5,d4 e6 Bf4 Bb4+ c3 Bd6 Qd3 Bxf4 e3 Bh6
1764,1671,white,120+0,e4 c5 c4 Nc6 Nc3 d6 f4 e6 Nf3 Nge7
1266,1473,black,360+6,e4 e5 Nf3 Nc6 Bc4 Nd4 d3 Nxf3+ Qxf3 Nf6
1845,1598,white,300+3,d4 d5 Nf3 g6 e3 Bg7 c4 Nf6 c5 c6
1672,1592,white,240+0,e3 d5 d3 Bf5 g3 Nc6 a3 Nf6 h3 e5
1890,1966,black,300+15,e4 Nf6 e5 Nd5 c4 Nb6 c5 Nd5 Bc4 c6
1627,1564,black,240+0,e4 g6 d4 e6 c4 Bg7 e5 Ne7 f4 c6
1344,1303,white,480+8,e4 c5 Bc4 Na6 Qf3 Nb4 Qxf7#
1765,1688,draw,600+8,e4 e5 Nf3 Nc6 Bb5 a6 Ba4 Nf6 O-O b5
1959,1715,white,300+1,Nf3 Nc6 d4 e6 c4 Be7 Nc3 Nf6 e4 b6
1716,1814,white,1500+0,e4 e5 Nf3 Nc6 a3 Be7 Bc4 Nf6 Nc3 O-O
1514,1500,white,300+0,e4 e5 Nf3 Nc6 Bc4 h6 d3 Nf6 O-O Bc5
1338,1819,black,0+2,b3 e6 Bb2 Nf6 d4 Be7 g3 O-O Bg2 c6
1831,1694,black,600+8,d4 e6 c4 f5 Nc3 Nf6 Bg5 Bb4 e3 Bxc3+
1483,1598,white,300+8,g3 Nf6 Bg2 e6 e3 d5 d4 b6 Ne2 Bb7
1354,1260,white,480+8,e4 Nf6 e5 Ne4 d4 d6 Bd3 d5 f3 Nf6
1443,1580,white,180+0,d4 d5 Nc3 e6 a3 c5 e3 cxd4 exd4 Nc6
1585,1523,black,240+4,d4 e6 e4 Qf6 e5 Qf5 g4 Qg6 Nd2 f6
1498,1181,white,120+8,e4 e5 d4 Nf6 dxe5 Nxe4 Bd3 Qh4 Qf3 d5
1656,1772,black,120+0,c4 c5 Nc3 Nc6 d3 e6 g3 d5 Bg2 d4
1833,1724,black,120+1,d4 d5 c4 e6 Nc3 c6 Nf3 Bb4 e3 Nd7
1752,1725,white,900+8,e4 e6 d4 d5 Nc3 dxe4 Nxe4 Nf6 Nxf6+ Qxf6
1391,1275,white,240+2,d4 f6 c4 e6 d5 Bb4+ Bd2 a5 Bxb4 axb4
1476,1703,white,480+0,d4 d5 e3 e6 a3 c5 c4 cxd4 Qxd4 dxc4
1726,1597,white,360+0,e4 b6 d4 Bb7 Bd3 c5 c3 c4 Bc2 d5
1837,1857,white,120+1,d4 Nf6 Nf3 e6 g3 c5 Bg2 cxd4 Nxd4 d5
1813,1700,draw,600+8,d4 c5 d5 Nf6 c4 e6 dxe6 fxe6 Nc3 Nc6
1518,1566,black,180+0,d4 d5 Nc3 e6 a3 c5 e3 cxd4 exd4 Nf6
1180,1314,black,300+5,e4 e5 Nf3 Nc6 Nc3 Bc5 Bb5 Nf6 Bxc6 Bxf2+
1851,1867,white,60+0,e4 c5 d4 cxd4 c3 dxc3 Nxc3 d6 Bc4 Nf6
1572,1373,white,240+0,g3 c6 Bg2 g6 b4 Bg7 Nc3 Na6 a3 Nh6
1573,1578,white,600+8,e4 e6 Bc4 d5 exd5 exd5 Bb3 Nf6 Nf3 Bd7
1428,1283,white,600+10,e4 e5 Qh5 Nc6 Bb5 Qf6 Nf3 Qf4 d3 Qxc1+
1768,1825,black,300+0,e4 e5 Nf3 Nc6 Bb5 a6 Bxc6 dxc6 O-O Bg4
1530,1772,white,180+8,e4 c5 Bc4 Nc6 c3 Nf6 d3 d5 exd5 Nxd5
1856,1780,white,60+0,d4 b6 c4 Bb7 Nc3 e6 e4 c5 Nf3 cxd4
1483,1559,black,900+0,e4 e5 Qf3 Qe7 d3 h6 Be2 Nf6 h3 d6
1891,1749,draw,300+8,e4 c5 Bc4 Nc6 Qf3 e6 Ne2 Nf6 c3 Ne5
1703,1736,black,300+2,e4 c5 Nf3 d6 d4 cxd4 Nxd4 Nc6 Nc3 e5
1821,1336,white,0+1,e4 g6 Nc3 Bg7 Nf3 e6 d4 b6 Bd3 Bb7
2047,1876,white,180+2,e4 e5 Nf3 Nc6 Bb5 a6 Ba4 b5 Bb3 Be7
1177,1502,black,120+8,e4 e5 Nf3 f5 Qe2 Qf6 g3 Bc5 exf5 Qxf5
1481,1418,black,600+10,e4 e5 c3 Nf6 d3 Nc6 Nd2 d5 f3 Bd6
1792,1709,black,120+18,d4 e6 c4 f5 g3 Bb4+ Nc3 Bxc3+ bxc3 Nf6
1225,1398,white,240+2,e4 e6 e5 d6 f4 dxe5 fxe5 Nc6 Nf3 Bc5
1576,1348,white,120+2,e4 e5 Nf3 d6 Bc4 Bg4 h3 Bxf3 Qxf3 Nf6
1749,1156,white,120+2,e4 Nf6 e5 Ng8 d4 Nc6 Nf3 Nh6 Nbd2 Ng4
1780,1643,white,120+0,e4 c5 c4 Nc6 Nc3 d6 f4 a6 d3 e6
1925,1840,white,300+13,e4 e5 Nf3 d6 Nc3 Nd7 Bc4 Ngf6 d3 Be7
1579,1824,black,300+8,d4 g6 Nf3 Bg7 Nc3 b6 e3 Bb7 Bd3 e6
1615,1494,black,240+0,e4 e5 Nf3 Nc6 Nc3 Nf6 Bc4 h6 d4 d6
1773,1957,black,300+8,e4 e5 Nf3 Nf6 Nc3 Nc6 Bb5 Nd4 Nxe5 Nxb5
1810,1918,white,600+0,e4 e6 d4 d5 exd5 exd5 Nf3 Nf6 Bd3 Be7
1771,1864,white,60+0,g3 d5 Bg2 c5 d3 Nc6 f4 Bf5 Nf3 Qc8
1746,1683,black,300+2,e4 c5 Nf3 d6 d4 cxd4 Nxd4 Nf6 Nc3 e6
1880,1587,white,300+0,e4 c5 Nf3 e6 Nc3 a6 a4 d5 exd5 exd5
1357,1322,white,300+0,e4 e5 Nc3 Nf6 Nf3 Nc6 d3 d5 Bg5 dxe4
1782,1581,white,180+2,c4 d5 cxd5 Qxd5 Nc3 Qe6 g3 Nc6 Bg2 Nf6
1600,1525,white,240+0,e4 e5 Nf3 Nc6 Nc3 d6 Bc4 h6 d4 Bg4
1710,1970,white,300+1,e4 e5 Nf3 Nc6 Bc4 Bc5 d3 h6 O-O Nf6
1193,1259,black,1200+5,e4 Nc6 Qf3 Nf6 Nh3 d5 exd5 Nd4 Qc3 Qxd5
1519,1264,white,120+2,e4 g6 Nf3 Bg7 d4 Nh6 e5 O-O Bd3 d6
1480,1219,white,180+15,e4 e5 Nf3 Nc6 Bc4 Na5 Nxe5 d6 Nxf7 Qf6
1736,1904,black,480+8,f4 e6 Nf3 d5 d4 c5 c3 Nc6 e3 Qb6
1326,1822,black,0+1,g3 e6 Bg2 Nf6 a3 d5 a4 Be7 a5 b6
1505,1172,white,120+8,b4 d5 Bb2 Bf5 d3 e6 Nd2 Nc6 e4 Bg6
1834,1596,white,420+0,e4 e5 d4 exd4 c3 dxc3 Bc4 cxb2 Bxb2 d6
1686,1622,black,480+0,e4 d5 exd5 Qxd5 d4 c6 c3 e6 Nf3 Nd7
1643,1727,white,600+5,e4 d6 d3 e5 h3 Nf6 Nf3 Be7 Be2 O-O
1623,1355,white,60+2,e4 a6 Nf3 b5 c4 bxc4 Bxc4 Bb7 O-O Bxe4
1729,1806,white,180+0,d4 f5 Bf4 Nf6 e3 d6 Bd3 e6 c4 Nbd7
1588,1517,white,420+7,e4 e5 Nf3 Nc6 Nc3 Bb4 a3 Bxc3 dxc3 Nf6
1759,1669,white,300+0,e4 e5 Nf3 Qf6 Bc4 Bc5 O-O d6 c3 h6
1590,1537,black,300+0,g3 d5 Bg2 e6 b3 Nc6 Bb2 Nf6 e3 Be7
1459,1824,black,0+1,d4 e6 e3 Nf6 Bd3 d5 Nf3 c5 O-O cxd4
1927,1352,white,180+4,Nf3 d5 d4 g6 c4 dxc4 e4 Bg4 Bxc4 Bxf3
1334,1473,white,0+2,b3 e6 Bb2 d5 d4 c5 g3 c4 Bg2 cxb3
1342,1555,black,120+2,e4 e5 Bc4 Nf6 Nf3 h6 O-O Nc6 Nc3 Bc5
1426,1367,white,240+0,e3 d5 Nf3 e6 d4 Nc6 Bb5 Bb4+ c3 Ba5
1223,1582,black,120+2,g3 d5 Bg2 e5 Nh3 h6 O-O Nf6 Kh1 c5
1848,1826,black,0+1,d4 e6 Nf3 Nf6 g3 d5 Bg2 c5 c4 cxd4
1643,1634,white,900+10,e4 Nc6 Nf3 e5 Bc4 Nf6 Nc3 Bb4 O-O Bxc3
1477,1254,white,180+2,e4 e5 Nf3 Nc6 Nc3 d6 d4 d5 exd5 Nce7
1576,1372,white,240+4,f4 e6 e3 Nc6 Nc3 d5 d4 Bd6 Nf3 Nf6
1690,1728,draw,300+1,e4 e5 d4 exd4 Qxd4 Nc6 Qe3 Nf6 Nc3 Bb4
1826,1822,white,180+0,e4 c5 Nf3 Nc6 d4 cxd4 Nxd4 d6 Nc3 e5
1740,1837,black,120+1,d4 Nf6 c4 c5 Nc3 cxd4 Qxd4 Nc6 Qd1 e6
1575,1578,black,120+2,e4 b6 Nf3 Bb7 Nc3 Nf6 d4 Nxe4 Nxe4 Bxe4
1730,1545,black,600+0,e4 c5 Nf3 Nc6 c3 e6 d4 cxd4 Nxd4 Nf6
1500,1574,black,480+2,d4 Nf6 c4 e5 e3 exd4 exd4 Bb4+ Bd2 Nc6
1574,1787,white,180+2,d4 e6 Bf4 d5 Nc3 Bd6 Qd2 Nf6 Nb5 a6
1609,1560,black,240+0,e4 e5 Nf3 d6 Nc3 Bg4 Bc4 a5 h3 Bh5
1840,1872,black,0+1,e4 b6 Nc3 Bb7 d4 e6 Bd3 Bb4 Bd2 Ne7
1205,1495,black,600+12,d4 d5 e3 a6 Nc3 e6 Nf3 h6 Bd2 Nf6
1352,1403,black,0+2,b3 e6 Bb2 d6 g3 f6 Bg2 e5 d4 d5
1585,1155,white,120+2,e4 Nf6 e5 Ng8 d4 Nc6 Nf3 e6 Bd3 Bb4+
1750,1201,white,120+2,e4 g6 d4 Bg7 Nc3 Nh6 Bc4 O-O Nge2 e6
1576,1108,white,300+0,g3 e6 Bg2 d5 d4 c5 Be3 Qb6 b3 Nc6
1536,1550,black,240+4,e4 e5 Bc4 Nc6 c3 Bc5 Qf3 Nf6 d3 O-O
1821,1763,white,480+0,e4 e5 Qf3 Nf6 Bc4 Bc5 d3 d6 h3 Nc6
1477,1393,white,180+0,d4 Nf6 Nc3 d5 Bf4 Bf5 Nb5 c6 Nc7+ Kd7
1496,1552,black,60+0,d4 e5 e3 exd4 exd4 Nc6 d5 Nce7 Qe2 Nf6
1567,1546,white,600+8,e4 e5 Nf3 Nc6 Bb5 Nf6 d3 Bc5 Bg5 h6
1829,1841,white,0+1,e4 e6 Nc3 d5 exd5 exd5 d4 Nf6 Bd3 c5
1929,1579,white,120+2,Nf3 d5 d4 Nf6 c4 c6 e3 Bg4 Nc3 e6
2054,1990,white,300+2,d4 Nf6 Nf3 c5 c4 cxd4 Nxd4 g6 Nc3 Bg7
1714,1914,white,900+8,d4 d6 e4 Nf6 Nc3 Bg4 Be2 Bxe2 Ngxe2 e6
1466,1583,white,300+8,d4 d5 Nc3 Nf6 Nf3 Nc6 Qd3 Bg4 h3 Bd7
1841,1413,white,0+1,e4 e6 Nc3 d6 d4 g6 Bd3 Bg7 Be3 Ne7
1335,1153,white,120+2,e4 Nf6 e5 Ng8 d4 Nh6 f4 Nc6 c3 e6
1792,1841,black,180+0,f4 Nf6 Nf3 d5 e3 c5 d3 Nc6 Be2 Bg4
1540,1357,black,240+0,e4 d5 Nc3 d4 Nd5 e6 Nf4 e5 Nd5 f5
1369,1676,white,300+0,d4 c5 dxc5 Qa5+ Nc3 Qxc5 e3 g6 Nf3 Bg7
1626,1818,black,180+0,e4 b6 Nf3 c5 Bc4 Bb7 O-O e6 d3 Nc6
1575,1492,white,300+8,d4 d5 Nf3 Nc6 Nc3 Nf6 e3 Bf5 Bd3 Bxd3
1770,1746,black,180+2,c4 c5 Nc3 e6 g3 Nc6 Bg2 d6 Nf3 Nf6
1610,1594,black,1200+0,e4 g6 d4 Bg7 Nf3 d6 Bd3 Nf6 O-O O-O
1589,1564,black,120+2,c4 e5 Nc3 Nf6 Nf3 Nc6 g3 d5 cxd5 Nxd5
1703,1808,white,600+8,e4 e6 d4 d5 e5 c5 c3 Nc6 Nf3 Qb6
1936,1776,white,300+13,e4 e5 Nf3 Nf6 Nc3 Nc6 Bc4 Bc5 h3 O-O
1287,1465,white,120+0,d4 d5 Bf4 c5 Nc3 e6 dxc5 Bxc5 Nb5 Bb6
1942,1795,white,180+2,d4 Nf6 c4 e5 d5 Bc5 e3 O-O Nc3 d6
1708,1733,black,300+2,e4 c5 Nf3 d6 d4 cxd4 Nxd4 Nc6 Bb5 Bd7
1619,1583,black,300+0,e4 e6 Nf3 c5 d4 d5 exd5 Qxd5 c4 Qe4+
1587,1591,black,120+2,e4 e5 Nf3 Nc6 Bb5 a6 Ba4 Nf6 d3 b5
1786,1829,white,60+0,e4 e6 f4 d5 e5 f6 Nf3 c5 Be2 Nc6
1750,1678,black,180+0,d4 d5 Bf4 Nf6 e3 e6 a3 Bd6 Qf3 c6
1729,1753,black,1500+0,e4 e5 Nf3 Nc6 a3 Nf6 Nc3 Bc5 Bc4 d6
1660,1767,black,300+0,e4 c5 Nf3 Nc6 b3 d6 Bb2 Nf6 Qe2 Qc7
1830,1767,white,480+0,e4 c5 Qf3 Nc6 c3 e6 Bb5 Nge7 d3 g6
1731,1562,white,60+2,d4 d5 c4 Nc6 Nc3 dxc4 d5 Ne5 e4 Nf6
1843,1456,black,0+1,e4 b6 Nc3 Bb7 d4 Bxe4 Bd3 Bxd3 Qxd3 c5
1812,1837,white,180+0,e4 c5 f4 g6 Nf3 Bg7 Be2 Nc6 O-O Nf6
1261,1352,black,360+6,e4 c5 e5 Nc6 Qe2 d5 Nf3 e6 d3 b6
1441,1648,black,360+6,e4 e5 Bc4 h6 Qh5 Qf6 d3 Bc5 f3 g6
1608,1572,white,180+0,e4 e5 Nf3 d6 Bc4 Bg4 h3 Bxf3 Qxf3 Nf6
1266,1362,white,540+4,e4 e5 Nf3 Nc6 Bc4 f6 O-O Na5 Bb3 Nxb3
1367,1582,white,240+4,d4 c5 Nf3 cxd4 Nxd4 Nc6 Nxc6 bxc6 Nc3 e6
1853,1783,white,180+0,Nf3 g6 g3 Bg7 Bg2 b6 d4 Bb7 c4 c6
2065,1456,white,300+0,e4 c5 Nf3 d6 c3 Nc6 Bb5 Qc7 O-O Nf6
1343,1193,white,120+2,e4 g6 d4 Bg7 e5 Nh6 Bxh6 Bxh6 f4 O-O
1572,1628,white,420+0,e4 e5 d3 Bc5 h4 h6 a3 Qf6 Qf3 Be7
1758,1758,black,180+2,d4 e6 Nf3 d5 c3 c5 Bf4 Nc6 b3 Bd6
1821,1817,white,0+1,e4 e6 Nc3 d5 d4 dxe4 Nxe4 Nf6 Nxf6+ Qxf6
1451,1430,black,120+0,e4 d5 exd5 Qxd5 Nc3 Qe6+ Be2 Nc6 Nf3 Qg6
1839,1575,draw,420+0,e4 d5 exd5 Qxd5 Nc3 Qe5+ Qe2 Qxe2+ Bxe2 c6
1576,1752,black,120+2,e4 e5 Nf3 d6 Bc4 Be7 h3 Nf6 d3 O-O
1472,1505,black,420+8,e4 e5 Nf3 d6 d4 exd4 Qxd4 Nc6 Qa4 Bg4
1692,1555,black,120+1,f4 e5 fxe5 Nh6 d4 Nf5 Nf3 c5 e4 Nxd4
1581,1661,white,900+3,b4 Nf6 Bb2 e6 a3 g6 Nf3 Bg7 c4 O-O
1443,1793,white,600+8,e4 c5 f4 e6 Nf3 Ne7 Nc3 b6 d3 g6
1578,1900,black,300+0,b3 e5 Bb2 Nc6 g3 d5 Bg2 Nf6 d4 e4
1806,1833,white,0+1,d4 e6 c4 d6 Nc3 Nf6 Nf3 Be7 g3 O-O
1339,1248,black,300+5,e4 e5 Nf3 Nc6 Bb5 Bc5 O-O Nf6 Nc3 O-O
1546,1738,black,180+8,e4 e5 Bc4 Nc6 c3 d6 h3 a6 Bb3 Be6
1526,1794,draw,1500+15,e4 e6 e5 d5 d4 c5 c3 cxd4 cxd4 Nc6
1180,1242,black,900+5,e4 e5 Nf3 d6 d4 Nc6 d5 Nd4 Nxd4 exd4
1711,1681,black,600+0,e4 c5 Nf3 Nc6 c3 e6 d4 cxd4 cxd4 Nf6
1935,1864,black,180+3,Nf3 Nf6 d4 e6 c4 c5 Nc3 cxd4 Nxd4 a6
1774,2201,white,180+0,b3 e5 Bb2 f6 g3 d5 Bg2 c6 d3 Bd6
1505,1576,black,300+0,b3 Nc6 Bb2 e5 e3 d5 Bb5 Bd6 Bxc6+ bxc6
1496,1675,black,300+1,e4 e5 d4 exd4 Qxd4 Nc6 Qd1 d6 f3 Nf6
1820,1818,white,0+1,e4 e6 Nc3 d6 d4 d5 e5 g6 f4 f6
1730,1638,black,180+0,d4 Nf6 Bf4 d5 e3 e6 a3 Bd6 Qf3 Bxf4
1399,1373,white,240+0,e4 d5 Nf3 d4 Bc4 c5 Bxf7+ Kxf7 Ng5+ Ke8
1391,1478,white,300+0,e4 e5 Nc3 Nf6 Nf3 Nc6 d3 Bb4 Bg5 d6
1512,1440,black,120+0,d4 d5 Bf4 e6 Nc3 c6 Nf3 Nf6 Bg5 Be7
1257,1398,black,300+0,e4 e5 Qh5 Nc6 Nf3 Nf6 Qh3 Nd4 Na3 Bxa3
1825,1823,black,180+0,e4 c5 Nf3 Nc6 d4 cxd4 Nxd4 d6 Bc4 e5
1531,1924,black,60+0,d4 Nf6 Nf3 e6 e3 c5 c3 Nc6 Bd3 d6
1364,1500,white,480+8,e4 e6 Nf3 Nc6 e5 f6 exf6 gxf6 d4 e5
1486,1489,black,540+5,e4 d5 e5 e6 d4 Nc6 Nf3 Bd7 Nc3 Nh6
1293,1435,draw,1200+10,e4 e5 Nf3 d6 Nc3 c6 Bc4 b5 Bb3 Ne7
1948,1871,draw,180+2,d4 d5 c4 dxc4 Nc3 Nf6 e4 e5 d5 c6
1788,1607,white,180+2,a3 e5 b3 d5 c3 Nc6 d3 d4 e3 Nf6
1500,1201,black,600+12,e4 e5 d4 d6 d5 Nf6 Bd3 Bg4 Ne2 c6
1619,1561,black,180+0,e4 e5 Nf3 Nc6 Bc4 Bc5 d3 h6 h3 Nf6
1286,1431,white,420+3,Nc3 e5 Nb5 Nc6 e3 Nf6 Bc4 Bc5 Bxf7+ Kxf7
1341,1570,black,0+2,b3 e5 Bb2 c6 e3 d5 g3 Nd7 Bg2 Bd6
1927,1528,white,60+0,e4 c6 Nf3 d5 exd5 cxd5 d4 Nf6 Bd3 e6
1774,1743,white,300+0,e4 e6 d4 d5 Nc3 c5 exd5 exd5 Nf3 Nf6
1807,1832,white,0+1,d4 e6 c4 c5 Nc3 cxd4 Qxd4 Nc6 Qd1 Nf6
1689,1652,white,300+2,e4 e5 Nf3 Qf6 d4 exd4 e5 Qb6 Qxd4 Qxd4
1598,1698,black,900+0,e4 c5 Nf3 Nc6 Bc4 e6 Nc3 Nf6 d3 d5
1252,1578,white,360+6,e4 c6 Nf3 d6 Bc4 Bg4 Qe2 Qc7 Qe3 Nd7
1526,1929,black,60+0,d4 Nf6 Nf3 g6 e3 Bg7 Bd3 O-O c3 c5
1819,1818,black,0+1,e4 e6 Nc3 d5 exd5 exd5 d4 Nf6 Bd3 c5
1683,1714,white,900+9,e4 d6 d4 Nf6 Nc3 Nbd7 f4 e6 Nf3 Be7
1509,1150,white,180+0,d4 e5 d5 d6 e4 Nf6 Bg5 h6 Bxf6 gxf6
1697,1500,black,600+0,e4 e5 Nf3 Nc6 Nc3 Bb4 a3 Ba5 b4 Bb6
1928,1910,black,480+8,e4 e6 d4 d5 e5 c5 c3 Nc6 Nf3 cxd4
1565,1384,white,240+4,e4 e6 f4 Nc6 Qe2 g6 f5 gxf5 exf5 Nh6
1833,1814,black,180+0,e4 c5 Nf3 g6 c3 Bg7 d4 cxd4 cxd4 Nc6
1542,1628,draw,600+10,e4 Nc6 Nc3 b6 d4 Bb7 d5 Ne5 f4 Ng6
1575,1569,black,60+2,e4 e6 Nf3 d5 exd5 exd5 d4 c5 Bd3 c4
1829,1807,white,0+1,d4 c5 c4 cxd4 Qxd4 Nc6 Qd1 Qc7 Nf3 Nf6
1452,1435,black,120+0,e4 d5 exd5 Qxd5 Nc3 Qe6+ Qe2 Nc6 Qxe6 Bxe6
1769,1747,black,180+2,c4 e5 Nc3 d6 g3 Nd7 Bg2 Ngf6 d3 c6
1839,1807,white,60+0,d4 e6 c4 Nf6 Nc3 d5 Nf3 Be7 g3 O-O
1524,1310,white,1200+10,e4 e5 Bc4 Nf6 Qf3 c6 Ne2 d5 exd5 cxd5
1497,1261,black,600+10,e4 e5 Bc4 Nf6 Qf3 Nc6 g4 Nd4 Qh3 Nxc2+
1932,1499,white,60+0,e4 e5 Nf3 d6 d4 f6 Nc3 g5 Bc4 a5
1531,1489,black,300+8,b4 d5 Bb2 a5 b5 c6 bxc6 Nxc6 Nf3 Bg4
1602,1794,black,180+2,e4 a6 Nf3 b6 Bc4 c6 Ng5 e6 d3 d5
1580,1564,white,60+2,e4 e5 Nf3 Nc6 Bc4 Bc5 b4 Bxb4 c3 Bc5
1797,1849,white,60+0,e4 e6 Nf3 d5 exd5 exd5 d4 Nf6 Bd3 c5
1709,1481,white,180+0,d4 b6 Bf4 Bb7 f3 g6 g4 Bg7 h4 e6
1605,1623,black,180+0,e4 e5 Nf3 f5 Nxe5 Nf6 exf5 d6 Nf3 Bxf5
1794,1906,black,180+0,f4 d5 Nf3 c5 e3 Nc6 c3 Nf6 d3 g6
1734,1591,white,360+0,e4 c5 Nf3 Nc6 d4 cxd4 Nxd4 d6 Be2 Nf6
1799,1975,black,300+8,e4 Nf6 Nc3 d5 exd5 Nxd5 Nxd5 Qxd5 d4 Nc6
1641,1404,black,300+5,e4 e5 Nf3 Nc6 Bb5 Nf6 O-O Bc5 c3 Ng4
1757,1247,black,300+8,d4 Nf6 c4 e6 Nc3 Bb4 Bg5 c5 d5 O-O
1837,1810,white,60+0,d4 e6 c4 d5 Nc3 Nf6 Nf3 Be7 cxd5 exd5
1325,1313,black,300+5,e4 e5 Nf3 Nc6 Bb5 a6 Ba4 Nf6 O-O b5
1759,1879,white,180+2,d4 Nf6 Nf3 e6 c4 c5 Nc3 cxd4 Nxd4 a6
1359,1500,white,1200+10,e4 c5 d3 Nc6 Be3 d6 Nf3 Bg4 Nc3 g6
1842,1980,white,300+2,e4 e5 f4 Nc6 Nf3 f5 fxe5 fxe4 Ng1 Nxe5
1934,1676,white,60+0,e4 c6 d4 d5 e5 Bf5 Nc3 e6 g4 Bg6
1407,1363,white,300+0,e4 d5 e5 d4 d3 e6 Nf3 c5 Bg5 Qc7
1567,1761,black,180+5,e4 e5 Bc4 Nf6 d3 Bc5 Nf3 Nc6 Bg5 O-O
1223,1475,black,600+12,d4 d5 e3 e6 Nf3 b6 Bb5+ Nd7 Nc3 a6
1585,1622,black,300+0,e4 g6 c3 Bg7 b4 d6 Bb2 Nd7 Qb3 e5
1690,1691,black,420+7,c4 e5 Nc3 Nf6 Nf3 e4 Ng5 Bb4 Ngxe4 Bxc3
1839,1788,white,480+0,e4 e6 d4 c5 Nf3 cxd4 Qxd4 Nc6 Qd1 Nh6
1554,1590,black,60+2,e4 d5 exd5 Qxd5 d4 Nf6 Nf3 c6 Nc3 Qa5
1406,1245,white,300+0,e4 d5 exd5 Qxd5 Nf3 Nf6 Nc3 Qd8 d4 b6
1791,1730,black,600+8,d4 d5 c4 e6 Nc3 c6 e3 Nf6 Nf3 Be7
1594,1633,black,180+0,e4 e5 Nf3 f5 Nxe5 Nf6 exf5 d6 Nf3 Bxf5
1800,1847,white,60+0,e4 e6 Nf3 d5 exd5 exd5 d4 Nf6 Bd3 c5
1496,1582,black,300+0,b3 d5 Bb2 d4 d3 e5 Qd2 c5 e3 Nc6
1762,1584,black,600+8,e4 Nc6 Nf3 e5 Bb5 d6 d4 Bd7 Nc3 exd4
1862,1826,white,180+0,Nf3 g6 g3 Bg7 Bg2 Nf6 O-O O-O d4 d5
1585,1468,white,120+2,e4 e5 Nf3 Nc6 Bc4 d6 d4 Nxd4 Nxd4 exd4
1691,1773,white,180+2,d4 d5 Nf3 c6 e3 Nd7 Bd3 Ngf6 c3 e6
1519,1550,black,300+8,b4 d5 Bb2 a5 b5 c6 bxc6 Nxc6 Nf3 Bg4
1574,1682,white,300+1,g3 e5 Bg2 d6 b3 Nf6 Ba3 Be7 Nc3 c6
1429,1516,white,660+10,e4 e5 Nf3 d6 Be2 Nc6 Nc3 Nf6 O-O Be6
1787,1917,white,180+0,b3 e5 Bb2 Nc6 g3 d5 Bg2 Nf6 e3 Be6
1835,1812,black,60+0,d4 e6 c4 d5 Nc3 Nf6 Nf3 Be7 cxd5 exd5
1606,1650,black,1200+0,e4 b6 d4 Bb7 Nc3 e6 Nf3 a6 Bd3 h6
1684,1387,black,240+0,e4 c6 Bc4 d5 exd5 cxd5 Bb5+ Bd7 Bxd7+ Nxd7
1520,1263,white,180+0,d4 d5 Nc3 Nc6 Bf4 a6 a3 e6 Nf3 f6
1743,1690,white,180+2,e4 c5 Nf3 d6 d4 cxd4 Nxd4 Nc6 Bb5 Bd7
1832,1733,black,420+0,e4 e6 d4 d5 e5 c5 c3 Nc6 Nf3 cxd4
1481,1218,white,600+12,e4 e5 d4 d6 d5 c6 Bc4 Nf6 Nc3 cxd5
1685,1801,black,600+0,e4 e5 Nf3 Bb4 c3 Bc5 Be2 d6 d3 Bg4
1267,1170,white,900+5,e4 e5 Nf3 Nc6 Nc3 Nf6 d4 Bb4 Bg5 d6
1858,1939,white,60+0,d4 Nf6 Nf3 e6 c4 Bb4+ Nc3 c5 Qb3 Bxc3+
1716,1760,white,180+0,d4 d6 Bf4 Nf6 e3 c6 a3 Nbd7 c4 h6
1651,1508,white,120+8,e4 c5 d4 cxd4 c3 dxc3 Nxc3 Nc6 Nf3 b6
1497,1568,black,300+8,e4 e5 Nf3 d6 Bc4 h6 O-O a6 d4 b5
1816,1873,black,180+0,e4 Nf6 e5 Nd5 d4 d6 c4 Nb6 exd6 cxd6
1600,1544,black,60+2,c4 e5 Nc3 Nc6 d3 Bc5 e3 d6 a3 a6
1419,1442,white,300+0,d4 f5 Nc3 Nf6 e3 d6 Nf3 Nbd7 Bd3 g6
1823,1823,black,60+0,e4 e6 Nf3 d5 exd5 exd5 d4 Nf6 Bd3 c5
1643,1589,white,900+3,e4 e5 f4 Nc6 Bc4 exf4 Nf3 h6 d4 Qf6
1403,1593,black,300+1,e4 e5 Bc4 Nc6 Nf3 Nf6 Nc3 Be7 d4 exd4
1545,1352,black,240+0,e4 d5 exd5 Qxd5 Nc3 Qe6+ Nge2 b6 d3 Bb7
1800,2068,white,180+2,e4 d5 exd5 Nf6 d4 e6 dxe6 Bxe6 Nf3 h6
1378,1571,black,240+4,d4 e6 Nf3 c5 c3 cxd4 Nxd4 b6 g3 Bb7
1817,1866,black,300+0,d4 e6 Nf3 Nf6 g3 d5 Bg2 Be7 O-O O-O
1517,1593,black,480+8,e4 e5 Nf3 d6 Bc4 h6 d3 Bg4 Nc3 c6
1696,1433,black,900+9,e4 c6 d4 d5 e5 c5 dxc5 e6 b4 Nc6
1313,1480,black,600+10,e4 c5 Bc4 e6 d4 cxd4 Qxd4 b6 e5 Bb7
1291,1530,white,1200+10,d4 h6 Nc3 Nf6 e4 d6 Nf3 Bg4 Be2 e6
1896,1981,black,300+8,e4 Nf6 e5 Nd5 c4 Nb6 d4 d6 f4 dxe5
1643,1632,black,240+0,e4 g6 Nf3 Bg7 d4 d6 Nc3 Nd7 Be2 e5
1509,1547,black,0+1,b3 b6 Bb2 Bb7 f3 e6 g3 Ne7 Bg2 Ng6
1834,1556,white,60+0,d4 e5 c4 exd4 Qxd4 Nf6 Qd1 Nc6 Nf3 Bc5
1614,1468,white,420+0,e4 c5 Qh5 d6 Bb5+ Nc6 Bxc6+ bxc6 Qf3 Bb7
1614,1682,white,600+0,e4 c5 Nf3 e6 c3 d5 e5 d4 Bb5+ Bd7
1584,1596,black,180+0,e4 d5 exd5 Qxd5 Nc3 Qe6+ Be2 Nc6 Nf3 Qg6
1923,1617,black,60+0,e4 c5 Nf3 Nc6 Bb5 d6 O-O Bd7 c3 e6
1416,1446,white,420+3,e4 c6 Bc4 d5 exd5 cxd5 Bb3 Nf6 c4 Be6
1777,1441,black,120+18,d4 d6 d5 a6 e4 e6 c4 Nf6 Nc3 h6
1585,1591,black,300+1,d4 d5 c4 c6 Nc3 e6 Nf3 Bd6 c5 Bc7
1931,1817,black,180+2,d4 Nf6 c4 e5 d5 Bc5 h3 O-O Nc3 h6
1260,1439,black,480+10,e4 c5 Nf3 d6 Bc4 Nc6 Ng5 e6 d3 Nf6
1527,1575,black,300+0,e4 e5 Nf3 d6 Bc4 Bg4 h3 Bh5 Be2 Nc6
1577,1741,black,300+0,e4 e5 d3 Bc5 h3 Nf6 Nf3 Nc6 Be2 O-O
1628,1553,white,60+2,e4 e5 Nf3 Nc6 Bc4 Bc5 d4 exd4 c3 dxc3
1431,1753,white,300+0,d4 Nf6 Nc3 d5 Nf3 c6 Bg5 e6 e3 Be7
1547,1706,white,540+8,e4 c5 Nf3 Nc6 d4 cxd4 Nxd4 Nxd4 Qxd4 e6
1801,1796,white,180+0,f4 g6 Nf3 Bg7 e4 d5 e5 e6 d4 Nd7
1916,1524,white,60+0,d4 d5 Nf3 Nf6 e3 e6 Bd3 c6 Nbd2 Bd6
1313,1335,black,300+5,e4 e5 Nf3 Nf6 Nxe5 Qe7 d4 d6 Nf3 Qxe4+
1507,1602,black,300+8,e4 e6 Nf3 d5 Bd3 c5 Bb5+ Bd7 Bxd7+ Nxd7
1691,1564,white,60+0,d4 d5 Nc3 c6 e4 Nd7 e5 e6 f4 c5
1396,1469,white,300+1,e4 g6 Bc4 Bg7 Nc3 e6 Nf3 Nf6 d4 d5
1636,1901,black,60+0,e4 c5 f4 d6 Nf3 Nc6 Be2 Nf6 d3 g6
1922,1784,white,300+0,Nf3 Nf6 d4 e6 c4 Bb4+ Nc3 b6 e3 Bb7
1616,1924,white,60+0,d4 Nf6 e3 d6 Nf3 b6 Bd3 Bb7 Nc3 c5
1535,1370,white,180+0,d4 d5 Nc3 e6 a3 Nc6 Bf4 Nxd4 Qxd4 Bd6
1525,1382,white,1260+0,d3 e5 g3 Nc6 Nf3 Qf6 Bg2 Bb4+ c3 Bd6
1664,1596,black,240+0,e4 e5 Bc4 Bc5 Qf3 Nf6 Qb3 O-O d3 Nc6
1517,1847,black,300+0,e4 c5 Nf3 d6 Bc4 e6 Bb5+ Nc6 Bxc6+ bxc6
1627,1709,black,600+0,e4 e5 Nf3 Nc6 c3 Bc5 d4 exd4 cxd4 Bb4+
1919,1557,white,60+0,d4 b6 e4 Bb7 Bd3 e6 Nd2 Ne7 f4 Ng6
1573,1584,white,180+0,e4 e5 Nf3 d6 h3 h5 Nc3 c6 Bc4 g6
1699,1557,white,60+0,d4 d5 e4 c6 Nc3 e6 e5 Bd7 Bd3 Bb4
1721,1702,white,300+8,d4 e6 c4 f5 Nc3 Nf6 Bg5 Be7 e3 O-O
1501,1609,white,300+0,Nf3 d5 d4 Nc6 c4 Bf5 Nc3 dxc4 e4 Bg4
1878,1942,black,240+1,e4 e5 Nf3 Nc6 Bc4 Nf6 Ng5 d5 exd5 Na5
1406,1363,white,240+0,e4 d5 exd5 Qxd5 Nc3 Qe5+ Nge2 Qg5 d4 Qa5
1638,1544,white,60+2,e4 e5 Nf3 Nc6 Bc4 Bc5 d4 exd4 Bxf7+ Kf8
1703,1711,black,720+0,e4 e5 Nf3 Nc6 Bb5 a6 Bxc6 bxc6 Nxe5 Qe7
1645,1658,black,240+0,e3 d5 d3 e5 g3 f5 Bg2 Nf6 h3 Bd6
1779,1849,black,480+0,e4 e5 Bc4 Qf6 Nf3 Bc5 O-O d6 Nc3 c6
1676,1321,white,900+9,e4 e5 Nf3 Nc6 Be2 Nf6 d3 d5 exd5 Qxd5
1906,1636,white,60+0,e4 e6 d3 d6 Qe2 Nf6 Nf3 Be7 g3 e5
1462,1598,black,120+2,e4 e5 Nf3 Nf6 Bc4 Nc6 Ng5 d5 exd5 Nxd5
1454,1317,black,300+0,d4 d5 Nc3 Nf6 Nf3 e6 Ne5 Bd6 Bg5 h6
1817,1618,white,300+5,e4 Nf6 e5 Nd5 c4 Nb6 a4 d6 a5 N6d7
1490,1581,black,600+0,g3 e6 Bg2 Be7 Nf3 Nf6 O-O O-O c3 Nc6
1807,1731,black,300+0,d4 Nf6 Nf3 d5 g3 c6 Bg2 g6 O-O Bg7
1905,1542,white,60+2,Nf3 c5 c4 Nf6 Nc3 d5 cxd5 Nxd5 d4 cxd4
1822,1747,white,240+1,e4 e6 d4 d5 f3 c5 c3 Nc6 Be3 Nf6
1555,1562,black,180+0,d4 d5 Nc3 Nf6 Bf4 Bf5 Nb5 Na6 a3 c6
1413,1507,white,120+10,d4 d5 Nf3 h6 g3 Nc6 Bg2 Nf6 O-O e5
1706,1594,black,60+0,d4 d6 e4 g6 Nc3 Bg7 f4 b6 Nf3 Bb7
1591,1517,white,300+0,d4 Nf6 Bf4 e6 Nc3 Bb4 Qd3 O-O a3 Bxc3+
1875,1149,white,300+1,e4 e5 Bc4 Nc6 Nf3 d6 d4 Bg4 dxe5 Nxe5
1850,1680,white,300+3,d4 d5 Nf3 e6 e3 c5 dxc5 Bxc5 Be2 Nf6
1303,1311,white,300+5,e4 c6 d4 d5 Nc3 e6 Nf3 Qb6 b3 c5
1723,1816,black,600+8,e4 e5 Nf3 d6 Bc4 h6 O-O Nf6 d3 Nc6
1702,1618,white,600+0,d4 e6 c4 Nf6 Nc3 b6 e4 Bb4 a3 Bxc3+
1563,1976,black,540+8,e4 e5 Nf3 Nc6 Bc4 Nf6 d3 Be7 Ng5 O-O
1838,1910,white,60+0,d4 Nf6 c4 e6 Nc3 Bb4 Nf3 O-O e4 Nxe4
1491,1605,white,120+2,d4 d5 c4 e6 Nc3 Nf6 Bg5 c5 e3 cxd4
1902,1753,black,600+3,e4 e6 d4 b6 Bd3 Bb7 f4 g6 Nf3 Bg7
1736,1602,black,300+1,d4 d5 Nf3 c6 c4 Bg4 Qb3 Qc7 cxd5 cxd5
1647,1536,black,60+2,e4 e5 Nf3 Nc6 Bc4 Bc5 Bxf7+ Kxf7 Ng5+ Qxg5
1514,1860,black,300+0,e4 c5 g3 d5 Bg2 dxe4 Bxe4 Nf6 Bg2 Nc6
1831,1831,draw,180+2,e4 e5 f4 exf4 Nf3 g5 Bc4 Bg7 O-O h5
1873,1996,draw,180+2,d4 e6 Nf3 c5 g3 Nf6 Bg2 cxd4 O-O Nc6
1921,1989,white,300+8,d4 Nf6 c4 c5 d5 b5 cxb5 a6 bxa6 Bxa6
1576,1372,draw,240+4,d3 e5 f4 Nc6 fxe5 Nxe5 Bf4 d6 Bxe5 dxe5
1411,1930,black,300+8,d4 d5 g3 Bf5 Bh3 Nh6 g4 Nxg4 Bxg4 Bxg4
1318,1072,white,1800+30,e4 Nc6 Bb5 Nd4 Nc3 c6 Ba4 d5 exd5 Nf5
1570,1692,black,300+0,e4 c5 d3 e6 h3 Be7 Nf3 Nc6 Be2 Qc7
1213,1486,black,600+12,d4 d5 e3 e6 Bb5+ Nd7 Nf3 c6 Bd3 b5
1630,1461,white,240+0,e4 c5 Bc4 e6 e5 d6 exd6 Bxd6 Nf3 Nf6
1691,1851,black,60+0,d4 e6 e4 d5 Nc3 c5 dxc5 Bxc5 exd5 exd5
1585,1573,white,180+0,e4 e5 Nf3 d6 Bc4 Bg4 h3 Bh5 g4 Bg6
1499,1576,white,300+8,e4 e5 Bc4 d6 h3 h6 Nf3 Bd7 O-O a5
1353,1482,white,600+10,e4 d5 e5 e6 d4 Nc6 Nf3 a6 a3 b5
1347,1382,white,240+2,c4 e5 e3 e4 g3 f5 Bh3 g6 Nc3 d6
1671,1583,black,300+2,d4 d5 a3 Nf6 e3 Bf5 h3 e6 Nf3 c5
1632,1895,black,60+0,d4 Nf6 e3 e6 Nf3 c5 dxc5 Bxc5 Bd3 O-O
1449,1621,black,420+0,c4 e5 Nf3 d6 d4 e4 Nfd2 e3 fxe3 Qh4+
1601,1710,white,600+0,e4 c5 Nf3 Nc6 Bc4 d6 O-O Bg4 h3 Bh5
1776,1500,black,600+8,d4 d5 c4 e5 dxe5 d4 a3 Nc6 e3 f6
1631,1550,black,60+2,e4 e5 Bc4 Nc6 d4 exd4 Nf3 Bc5 O-O d6
1745,1793,white,600+8,e4 e5 Nf3 Nc6 Bb5 d6 d4 a6 Ba4 b5
1707,1692,black,900+0,d4 e6 e4 d5 e5 c5 c3 Nc6 Nf3 Nge7
1616,1481,black,480+2,g4 h6 Bg2 c6 d3 Nf6 h3 d6 Nc3 c5
1315,1128,black,300+5,e4 c6 d4 d6 Nc3 Qc7 Nf3 Bg4 Be3 e5
1857,1684,white,60+0,d4 g6 c4 Bg7 Nc3 e6 Nf3 Ne7 g3 d6
1950,1867,white,240+1,e4 e6 d4 d5 Nc3 dxe4 Nxe4 Nd7 Nf3 b6
1577,1509,draw,300+5,a3 e5 e3 Nf6 d4 e4 c4 c5 Nc3 cxd4
1900,1628,white,60+0,e4 e6 d3 d6 Qe2 e5 Nf3 b6 g3 Ba6
1511,1382,white,300+0,e4 e5 Nf3 Nc6 Bc4 Nf6 Nc3 Bd6 Bd5 O-O
1563,1518,black,60+2,e4 c5 Nf3 Nc6 Bc4 d6 a4 e6 O-O Nf6
1616,1390,black,60+2,e4 e5 Nf3 Nc6 Bc4 Bc5 d4 exd4 O-O d6
1345,1298,black,240+0,e4 c6 Nf3 d5 e5 Bg4 d4 f6 Be2 e6
1399,1560,draw,540+5,e4 e5 Nf3 Nc6 Bd3 Nf6 O-O d5 exd5 Nxd5
1894,1934,white,1800+30,c4 e6 Nc3 d5 cxd5 exd5 d4 Nf6 Nf3 Be7
